"Num_Acc";"jour";"mois";"an";"hrmn";"lum";"dep";"com";"agg";"int";"atm";"col";"adr";"lat";"long"
"202100000936";"29";"12";"2021";"22:30";"5";"978";"97801";"2";"1";"1";"2";"RN7, ZA de Bellevue";"18,0569160000";" -63,0854810000"
"202100000937";"30";"12";"2021";"21:50";"3";"11";"11266";"1";"1";"1";"6";"D6139 , PK 4+800";"43,0260550741";"3,0104684827"
"202100000938";"30";"12";"2021";"16:20";"1";"84";"84139";"2";"1";"1";"1";"D24";"43,9187930000";"5,1166460000"
"202100000939";"31";"12";"2021";"14:53";"1";"05";"05052";"1";"1";"1";"1";"N94";"44,6798380000";"6,6156900000"
"202100000940";"30";"12";"2021";"17:00";"1";"71";"71512";"2";"1";"1";"3";"route de chalon";"46,6358876566";"4,8710922884"
"202100000941";"30";"12";"2021";"20:20";"3";"73";"73228";"1";"1";"1";"1";"RD 1006";"45,5421920000";"5,8781900000"
"202100000942";"30";"12";"2021";"17:00";"1";"69";"69093";"1";"1";"1";"7";"LES ARNAUDS";"46,0378711922";"4,4845676422"
"202100000943";"30";"12";"2021";"22:40";"5";"69";"69207";"2";"1";"5";"6";"LOUIS ARMAND (AV)";"45,8909166409";"4,8052471876"
"202100000944";"31";"12";"2021";"14:45";"1";"33";"33240";"1";"1";"1";"6";"D204e1";"45,2976980000";" -0,9054710000"
"202100000945";"30";"12";"2021";"16:45";"2";"22";"22173";"1";"1";"1";"1";"La Longueraie Planguenoual";"48,5431608637";" -2,6066163174"
"202100000946";"30";"12";"2021";"16:00";"1";"35";"35240";"1";"1";"1";"5";"D288";"48,0964550000";" -1,7883900000"
"202100000947";"29";"12";"2021";"17:20";"3";"59";"59285";"1";"1";"8";"6";"D81";"50,2578720000";"3,4087180000"
"202100000948";"30";"12";"2021";"09:00";"1";"13";"13117";"1";"1";"1";"5";"A7-Sens Marseille vers Lyon";"43,4300200000";"5,2598800000"
"202100000949";"29";"12";"2021";"18:10";"5";"13";"13056";"2";"1";"1";"3";"A55-Sens Marseille vers Martigues";"43,3998470000";"5,0967360000"
"202100000950";"30";"12";"2021";"16:50";"2";"38";"38544";"1";"1";"1";"6";"A7";"45,5449400000";"4,8388900000"
"202100000951";"29";"12";"2021";"15:00";"1";"33";"33063";"1";"1";"1";"6";"ROCADE A 630";"44,8855800000";" -0,5626500000"
"202100000952";"30";"12";"2021";"06:00";"3";"91";"91103";"1";"1";"1";"7";"RN 104";"48,6248080000";"2,3028110000"
"202100000953";"30";"12";"2021";"11:10";"1";"93";"93066";"1";"1";"1";"2";"AUTOROUTE A1";"48,9295400000";"2,3624000000"
"202100000954";"30";"12";"2021";"07:00";"3";"93";"93006";"1";"1";"1";"4";"AUTOROUTE A3";"48,8658400000";"2,4175100000"
"202100000955";"30";"12";"2021";"21:00";"3";"77";"77438";"1";"1";"1";"4";"A104";"48,8740514647";"2,6695436473"
"202100000956";"29";"12";"2021";"15:00";"1";"77";"77363";"1";"1";"2";"7";"A104";"48,9109500000";"2,6350400000"
"202100000957";"12";"12";"2021";"13:00";"1";"71";"71076";"2";"1";"1";"6";"Avenue Pierre Nugues";"46,7881370000";"4,8668050000"
"202100000958";"12";"12";"2021";"17:51";"4";"34";"34172";"2";"2";"1";"3";"GAMBETTA (COURS)";"43,6063751535";"3,8721720598"
"202100000959";"12";"12";"2021";"14:50";"1";"02";"02738";"2";"1";"8";"6";"ROOSEVELT (BOULEVARD)";"49,6585000000";"3,2983000000"
"202100000960";"30";"11";"2021";"19:40";"5";"30";"30032";"2";"1";"1";"6";"FARCIENNES AVENUE DE";"43,8121000000";"4,6303600000"
"202100000961";"12";"11";"2021";"20:30";"5";"30";"30189";"1";"1";"1";"6";"ANDUZE (ROUTE OU ANCIENNE ROUTE)";"43,8583000000";"4,3336000000"
"202100000962";"21";"09";"2021";"14:25";"1";"29";"29232";"1";"1";"1";"7";"D785 - Route de Pont L'Abbe";"47,9783870000";" -4,1289730000"
"202100000963";"5";"01";"2021";"08:25";"4";"59";"59122";"2";"1";"2";"6";"BEZIN (BOULEVARD PAUL)";"50,1726871000";"3,2402830000"
"202100000964";"13";"02";"2021";"02:50";"3";"974";"97416";"1";"1";"1";"1";"ANCIENNE RN 1";" -21,3178600000";"55,4440300000"
"202100000965";"28";"12";"2021";"20:30";"5";"976";"97611";"2";"1";"1";"6";"mamoudzou centre-Commandant Passot (Plac";" -12,7806100000";"45,2334200000"
"202100000966";"10";"12";"2021";"12:05";"1";"973";"97302";"2";"3";"2";"1";"FLAMBOYANTS (RUE DES)";"4,9237618627";" -52,3194712401"
"202100000967";"28";"12";"2021";"18:03";"3";"69";"69383";"2";"1";"3";"6";"GENAS (DE) (RTE)";"45,7543125249";"4,8833504319"
"202100000968";"28";"12";"2021";"06:38";"1";"972";"97209";"2";"1";"1";"3";"RAVINE VILAINE (CHEMIN DEPARTEMENTAL DE)";"14,6334500000";" -61,0596700000"
"202100000969";"27";"12";"2021";"14:00";"1";"972";"97209";"2";"1";"1";"6";"CHEVALIER DE SAINTE-MARTHE (BLD)";"14,6036500000";" -61,0659000000"
"202100000970";"29";"12";"2021";"13:10";"1";"69";"69149";"2";"1";"2";"3";"FRANCISQUE JOMARD (R)";"45,7174800000";"4,7916900000"
"202100000971";"23";"12";"2021";"00:05";"5";"971";"97120";"2";"9";"1";"6";"BD LEGITIMUS";"16,2420000000";" -61,5351400000"
"202100000972";"29";"12";"2021";"06:05";"5";"95";"95127";"2";"1";"2";"6";"OISE (BOULEVARD DE L')";"49,0466500000";"2,0601400000"
"202100000973";"28";"12";"2021";"12:30";"1";"91";"91687";"2";"1";"2";"6";"VICTOR SCHOELCHER (AVENUE)";"48,6507310000";"2,3691970000"
"202100000974";"28";"12";"2021";"08:00";"5";"91";"91432";"2";"2";"8";"3";"AV CHARLES DE GAULLE";"48,7052090000";"2,3397350000"
"202100000975";"27";"12";"2021";"13:19";"1";"87";"87085";"2";"1";"2";"6";"BROUILLEBAS (RUE DE)";"45,8579100000";"1,2526900000"
"202100000976";"10";"11";"2021";"12:45";"1";"86";"86194";"2";"1";"1";"6";"Rue du Pont Saint Cyprien";"46,5760900000";"0,3454200000"
"202100000977";"28";"12";"2021";"21:05";"5";"81";"81004";"2";"1";"2";"3";"DRECHE (RTE DE LA)";"43,9526560929";"2,1534872800"
"202100000978";"28";"12";"2021";"13:15";"1";"80";"80021";"2";"1";"6";"6";"SAINT PIERRE (CHAUSSEE)";"49,9034600000";"2,3063700000"
"202100000979";"27";"12";"2021";"16:10";"1";"80";"80724";"2";"1";"1";"3";"JEAN CATELAS (RUE)";"49,8609200000";"2,2398800000"
"202100000980";"25";"12";"2021";"18:30";"5";"78";"78440";"2";"6";"9";"6";"LOUIS BLERIOT (RUE)";"48,9772890000";"1,9209120000"
"202100000981";"28";"12";"2021";"16:30";"1";"78";"78440";"2";"1";"2";"3";"SALVADOR ALLENDE (RUE)";"48,9772420000";"1,9214100000"
"202100000982";"28";"12";"2021";"09:00";"1";"78";"78015";"2";"1";"2";"3";"MOULIN (AVENUE JEAN)";"48,9887600000";"2,0539100000"
"202100000983";"18";"12";"2021";"14:00";"1";"77";"77169";"2";"3";"1";"3";"SILENCIEUSE (RUE)";"48,8076000000";"2,6207300000"
"202100000984";"29";"12";"2021";"15:10";"1";"77";"77209";"1";"1";"2";"1";"HERMIERES  (RUE   )";"48,8629900000";"2,7026800000"
"202100000985";"29";"12";"2021";"18:00";"5";"76";"76575";"2";"1";"1";"3";"SAINT YON. AVENUE DE";"49,3972230000";"1,1027740000"
"202100000986";"28";"12";"2021";"10:30";"1";"76";"76351";"2";"1";"1";"6";"VAL AUX CORNEILLES (AVENUE DU)Â°";"49,5093500000";"0,1501000000"
"202100000987";"21";"12";"2021";"16:50";"1";"76";"76447";"2";"3";"1";"3";"PABLO NERUDA";"49,5484700000";"0,1728500000"
"202100000988";"27";"12";"2021";"20:40";"5";"72";"72181";"2";"1";"2";"6";"ADELET RAYMOND (PLACE)";"47,9684000000";"0,2037700000"
"202100000989";"29";"12";"2021";"09:50";"1";"71";"71306";"1";"1";"3";"7";"RN 70 (ROUTE EXPRESS)";"46,6581500000";"4,3308500000"
"202100000990";"27";"12";"2021";"10:40";"1";"71";"71270";"2";"2";"2";"6";"Rue Victor Hugo";"46,3049000000";"4,8281900000"
"202100000991";"28";"12";"2021";"12:05";"1";"71";"71076";"2";"1";"2";"7";"MANUTENTION (RUE DE LA )";"46,7820600000";"4,8413800000"
"202100000992";"29";"12";"2021";"12:03";"1";"68";"68374";"2";"1";"2";"6";"STANISLAS (RUE)";"48,0792300000";"7,3205600000"
"202100000993";"28";"12";"2021";"16:45";"2";"67";"67482";"2";"1";"2";"6";"OHMACHT (RUE)";"48,5925300000";"7,7610200000"
"202100000994";"28";"12";"2021";"10:25";"1";"64";"64445";"2";"1";"1";"6";"Boulevard dâAlsace Lorraine";"43,3048814973";" -0,3706330061"
"202100000995";"28";"12";"2021";"03:00";"5";"64";"64125";"2";"1";"1";"6";"Avenue dâEspagne";"43,4294990000";" -1,6002570000"
"202100000996";"27";"12";"2021";"17:55";"5";"64";"64024";"2";"1";"2";"1";"24 Avenue de Bayonne";"43,4806800000";" -1,5138200000"
"202100000997";"29";"12";"2021";"23:00";"5";"62";"62349";"2";"1";"2";"6";"DE GAULLE ( RUE DU GENERAL )";"50,5207300000";"2,6000400000"
"202100000998";"23";"12";"2021";"17:25";"5";"59";"59328";"2";"2";"2";"6";"SAINTE CECILE AVENUE";"50,6379900000";"3,0234800000"
"202100000999";"28";"12";"2021";"14:20";"1";"59";"59386";"2";"3";"3";"3";"WAMBRECHIES RUE DE";"50,6785610000";"3,0638160000"
"202100001000";"28";"12";"2021";"14:00";"1";"59";"59350";"2";"6";"2";"6";"GUESDE JULES RUE";"50,6451340000";"3,0015970000"
"202100001001";"28";"12";"2021";"17:10";"5";"59";"59017";"2";"1";"2";"6";"BRIAND (RUE ARISTIDE )";"50,6889300000";"2,8831800000"
"202100001002";"24";"12";"2021";"19:30";"3";"56";"56185";"1";"1";"2";"6";"N165 bretelle Ã©changeur ";"47,7710900000";" -3,3779500000"
"202100001003";"14";"12";"2021";"17:15";"5";"54";"54357";"2";"3";"1";"6";"METZ (ROUTE DE)";"48,7074762663";"6,1666812301"
"202100001004";"28";"12";"2021";"03:50";"5";"54";"54395";"2";"2";"3";"3";"MALZEVILLE (Rue de)";"48,7033500000";"6,1818200000"
"202100001005";"28";"12";"2021";"19:45";"5";"53";"53130";"2";"2";"1";"3";"HEULOT ( RUE DU COLONEL )";"48,0653100000";" -0,7549400000"
"202100001006";"28";"12";"2021";"09:45";"1";"50";"50129";"2";"3";"1";"3";"VAL DE SAIRE (RUE DU)";"49,6389000000";" -1,6177700000"
"202100001007";"11";"12";"2021";"23:35";"4";"49";"49099";"2";"2";"1";"3";"CHOUTEAU (BOULEVARD GUY)";"47,0670500000";" -0,8904420000"
"202100001008";"29";"12";"2021";"09:46";"1";"49";"49246";"2";"1";"2";"6";"GALLIENI AVENUE";"47,4367000000";" -0,5163000000"
"202100001009";"28";"12";"2021";"10:44";"1";"49";"49007";"2";"1";"1";"7";"MOLIERE PLACE";"47,4740400000";" -0,5557800000"
"202100001010";"27";"12";"2021";"17:35";"2";"49";"49246";"2";"1";"1";"7";"N/A";"47,4307098331";" -0,5060319903"
"202100001011";"27";"12";"2021";"13:53";"1";"49";"49353";"2";"1";"1";"7";"JEAN JAURES RUE";"47,4454700000";" -0,5034200000"
"202100001012";"28";"12";"2021";"18:30";"5";"45";"45208";"2";"2";"8";"3";"Avenue de Verdun";"47,9982600000";"2,7463400000"
"202100001013";"27";"12";"2021";"18:00";"5";"45";"45004";"2";"1";"8";"3";"EUROPE (RUE DE L')";"47,9786292612";"2,7291959524"
"202100001014";"29";"12";"2021";"10:15";"1";"44";"44190";"2";"1";"1";"3";"RUE DES VIOLETTES";"47,1977800000";" -1,5089100000"
"202100001015";"29";"12";"2021";"09:00";"1";"39";"39198";"2";"1";"2";"3";"64 Boulevard du President Wilson";"47,0955200000";"5,4909010000"
"202100001016";"28";"12";"2021";"18:40";"4";"35";"35238";"2";"2";"1";"3";"Boulevard Emile Combes";"48,0934800000";" -1,6685300000"
"202100001017";"28";"12";"2021";"18:20";"5";"35";"35238";"1";"1";"1";"2";"N136";"48,1309880000";" -1,7092920000"
"202100001018";"28";"12";"2021";"17:55";"5";"35";"35238";"2";"1";"1";"6";"AllÃ©e de Maurepas";"48,1271100000";" -1,6634100000"
"202100001019";"28";"12";"2021";"12:24";"1";"35";"35238";"2";"1";"1";"3";"Rue EugÃ¨ne Pottier";"48,1032700000";" -1,7113000000"
"202100001020";"27";"12";"2021";"23:05";"5";"35";"35238";"2";"1";"2";"6";"Boulevard Georges Clemenceau";"48,0940700000";" -1,6769500000"
"202100001021";"25";"12";"2021";"12:14";"1";"34";"34032";"2";"1";"1";"6";"VERDUN (BD DE)";"43,3363000000";"3,2220300000"
"202100001022";"24";"12";"2021";"19:55";"5";"34";"34336";"2";"1";"1";"3";"BEREGOVOY (AVENUE PIERRE)";"43,3217700000";"3,2713000000"
"202100001023";"28";"12";"2021";"18:50";"5";"33";"33063";"2";"3";"2";"3";"Avenue de Laroque";"44,8742100000";" -0,5719400000"
"202100001024";"28";"12";"2021";"16:15";"1";"33";"33281";"2";"3";"1";"3";"Avenue de Verdun";"44,8387460000";" -0,6259430000"
"202100001025";"28";"12";"2021";"10:58";"1";"33";"33318";"2";"1";"3";"6";"Avenue Gustave Eiffel";"44,7862300000";" -0,6389000000"
"202100001026";"28";"12";"2021";"00:00";"5";"33";"33063";"2";"2";"2";"3";"CRS PASTEUR";"44,8350900000";" -0,5749900000"
"202100001027";"28";"12";"2021";"21:40";"5";"33";"33529";"2";"1";"1";"7";"N/A";"44,6341760000";" -1,1689740000"
"202100001028";"28";"12";"2021";"18:18";"5";"31";"31555";"2";"1";"2";"6";"PL DES PRADETTES";"43,5817000000";"1,3886100000"
"202100001029";"28";"12";"2021";"20:05";"3";"29";"29232";"2";"1";"2";"1";"Rue de la Tour dâAuvergne";"47,9881200000";" -4,0762400000"
"202100001030";"28";"12";"2021";"19:05";"3";"29";"29039";"1";"1";"2";"7";"D70 - La Boissiere";"47,9210708590";" -3,9012175799"
"202100001031";"7";"12";"2021";"18:53";"5";"29";"29019";"2";"1";"3";"6";"Rue de Kermenguy";"48,4043310000";" -4,5000630000"
"202100001032";"29";"12";"2021";"05:45";"2";"27";"27229";"2";"1";"2";"3";"DUPONT DE L'EURE (PLACE)";"49,0299700000";"1,1534500000"
"202100001033";"27";"12";"2021";"17:10";"1";"26";"26198";"2";"1";"1";"6";"Rue FranÃ§ois Boissy dâAnglas";"44,5325870000";"4,7643870000"
"202100001034";"29";"11";"2021";"07:50";"2";"25";"25230";"2";"1";"2";"6";"AUDINCOURT (RUE D')";"47,4945900000";"6,8396500000"
"202100001035";"24";"12";"2021";"18:05";"2";"24";"24102";"1";"1";"1";"1";"RIBERAC (ROUTE DE)";"45,1963200000";"0,6516800000"
"202100001036";"23";"12";"2021";"17:45";"5";"19";"19275";"2";"7";"1";"1";"CARNOT (AVENUE) NÂ° IMPAIRS";"45,5528300000";"2,3143700000"
"202100001037";"13";"12";"2021";"12:05";"1";"18";"18033";"2";"2";"1";"3";"DE GAULLE (AV DU GENERAL) NÂ° PAIRS";"47,0997700000";"2,4069900000"
"202100001038";"28";"12";"2021";"14:20";"1";"14";"14699";"2";"3";"1";"3";"ARISTIDE BRIAND (AVENUE)";"49,3465940000";"0,1008200000"
"202100001039";"21";"12";"2021";"15:35";"1";"30";"30032";"1";"3";"1";"1";"FOURQUES ROUTE DE";"43,7998000000";"4,6313000000"
"202100001040";"28";"12";"2021";"12:20";"1";"13";"13203";"2";"1";"1";"6";"FÃLIX PYAT (RUE)";"43,3148400000";"5,3740300000"
"202100001041";"24";"12";"2021";"19:10";"5";"13";"13213";"2";"1";"2";"1";"JEAN PAUL SARTRE (AVENUE)";"43,3275300000";"5,4268900000"
"202100001042";"27";"12";"2021";"18:38";"5";"10";"10325";"2";"9";"2";"3";"EGALITE (RUE DE L')";"48,2651000000";"4,0600000000"
"202100001043";"28";"12";"2021";"22:48";"5";"06";"06083";"2";"1";"1";"2";"SOLEIL (PROMENADE DU, NÂ° 2 A 848))";"43,7726070000";"7,4991120000"
"202100001044";"27";"12";"2021";"12:30";"1";"06";"06030";"2";"3";"2";"3";"PERIER (LE CANNET)";"43,5665800000";"6,9933500000"
"202100001045";"27";"12";"2021";"07:30";"2";"06";"06027";"2";"1";"1";"4";"PLAGE BOULEVARD DE LA";"43,6506890000";"7,1519550000"
"202100001046";"28";"12";"2021";"07:32";"2";"05";"05061";"2";"1";"2";"6";"PATAC (BARREAU DE)";"44,5389900000";"6,0707200000"
"202100001047";"28";"12";"2021";"21:30";"5";"03";"03185";"2";"2";"2";"3";"REPUBLIQUE ( AV. DE LA )";"46,3437500000";"2,5997800000"
"202100001048";"29";"12";"2021";"07:50";"2";"02";"02738";"2";"2";"1";"3";"GAMBETTA (BOULEVARD)";"49,6537900000";"3,2921100000"
"202100001049";"29";"12";"2021";"16:25";"1";"75";"75117";"2";"4";"1";"4";"PORTE DES TERNES";"48,8834250000";"2,2841720000"
"202100001050";"28";"12";"2021";"15:25";"1";"75";"75116";"2";"1";"1";"4";"PORTE DAUPHINE";"48,8713380000";"2,2731220000"
"202100001051";"28";"12";"2021";"11:40";"1";"75";"75118";"2";"1";"1";"2";"PORTE DE LA CHAPELLE";"48,9007920000";"2,3575700000"
"202100001052";"29";"12";"2021";"20:30";"5";"75";"75105";"2";"2";"2";"3";"BOULEVARD SAINT MARCEL";"48,8384200000";"2,3570250000"
"202100001053";"29";"12";"2021";"11:00";"1";"75";"75105";"2";"7";"8";"7";"PLACE VALHUBERT";"48,8443190000";"2,3649210000"
"202100001054";"27";"12";"2021";"12:14";"1";"75";"75113";"2";"3";"2";"6";"AVENUE DE CHOISY";"48,8263280000";"2,3598250000"
"202100001055";"29";"12";"2021";"09:45";"1";"75";"75120";"2";"4";"2";"6";"PLACE EMILE LANDRIN";"48,8641660000";"2,3998930000"
"202100001056";"28";"12";"2021";"17:35";"5";"75";"75120";"2";"3";"1";"6";"BOULEVARD DAVOUT";"48,8479290000";"2,4113280000"
"202100001057";"29";"12";"2021";"07:36";"5";"75";"75119";"2";"3";"2";"3";"RUE DE THIONVILLE";"48,8875760000";"2,3803290000"
"202100001058";"28";"12";"2021";"21:00";"5";"75";"75118";"2";"2";"8";"6";"BOULEVARD BARBES";"48,8915600000";"2,3496240000"
"202100001059";"28";"12";"2021";"21:20";"5";"75";"75117";"2";"2";"1";"3";"RUE BOURSAULT";"48,8862020000";"2,3177450000"
"202100001060";"27";"12";"2021";"13:40";"1";"75";"75115";"2";"2";"8";"7";"RUE DE LA PORTE D ISSY";"48,8320670000";"2,2806780000"
"202100001061";"27";"12";"2021";"03:50";"5";"75";"75115";"2";"1";"2";"6";"RUE LECOURBE";"48,8434530000";"2,3055010000"
"202100001062";"28";"12";"2021";"08:00";"2";"75";"75112";"2";"3";"1";"6";"RUE CROZATIER";"48,8506350000";"2,3788270000"
"202100001063";"28";"12";"2021";"19:52";"5";"75";"75110";"2";"2";"1";"3";"RUE LA FAYETTE";"48,8813300000";"2,3647220000"
"202100001064";"28";"12";"2021";"01:15";"5";"75";"75107";"2";"2";"2";"3";"QUAI D ORSAY";"48,8624150000";"2,3019440000"
"202100001065";"29";"12";"2021";"19:40";"5";"75";"75104";"2";"3";"2";"7";"PONT DE SULLY";"48,8500900000";"2,3589180000"
"202100001066";"28";"12";"2021";"19:20";"5";"94";"94046";"2";"3";"1";"3";"Rue Jean JaurÃ¨s";"48,7956200000";"2,4338300000"
"202100001067";"28";"12";"2021";"19:40";"5";"94";"94043";"2";"1";"1";"6";"Avenue de Fontainebleau";"48,8104600000";"2,3620500000"
"202100001068";"29";"12";"2021";"08:45";"2";"94";"94034";"2";"1";"2";"3";"LIBERTE (AV DE LA)";"48,7640300000";"2,3182000000"
"202100001069";"28";"12";"2021";"09:45";"1";"94";"94028";"2";"1";"2";"6";"Avenue Jean-Baptiste Champeval";"48,7950900000";"2,4560600000"
"202100001070";"29";"12";"2021";"17:10";"2";"94";"94069";"2";"2";"2";"3";"Avenue du President Kennedy";"48,8149850000";"2,4631540000"
"202100001071";"27";"12";"2021";"10:57";"1";"93";"93073";"2";"3";"2";"6";"BARBUSSE (RUE HENRI)";"48,9577000000";"2,5730600000"
"202100001072";"28";"12";"2021";"20:15";"5";"93";"93066";"2";"1";"1";"6";"POTERIE";"48,9444259916";"2,3467421697"
"202100001073";"28";"12";"2021";"08:00";"3";"93";"93066";"2";"2";"2";"3";"WILSON (AVENUE DU PRESIDENT)";"48,9154900000";"2,3575200000"
"202100001074";"29";"12";"2021";"12:25";"1";"93";"93064";"2";"1";"2";"1";"PERI (BOULEVARD GABRIEL)  0 - 37 / 42";"48,8798090000";"2,4695320000"
"202100001075";"29";"11";"2021";"19:55";"5";"93";"93051";"2";"2";"2";"1";"MEDERIC (AVENUE)";"48,8299700000";"2,5813100000"
"202100001076";"28";"12";"2021";"00:10";"5";"93";"93014";"2";"1";"2";"2";"MONTFERMEIL (ALLEE DE)";"48,8977000000";"2,5340400000"
"202100001077";"28";"12";"2021";"01:40";"5";"93";"93057";"2";"1";"2";"4";"BRIAND (AV. ARISTIDE) 2 A 132";"48,9088732394";"2,5012070321"
"202100001078";"29";"12";"2021";"17:50";"2";"93";"93008";"2";"9";"2";"3";"ROSTAND (PROMENADE JEAN)";"48,9088820000";"2,4544350000"
"202100001079";"28";"12";"2021";"15:35";"1";"93";"93007";"2";"1";"1";"3";"ARISTIDE BRIAND (AVENUE COTE PAIRS)";"48,9442394228";"2,4472164978"
"202100001080";"29";"12";"2021";"18:10";"5";"93";"93005";"2";"1";"2";"6";"DOCTEUR CLAUDE BERNARD (RUE DU)";"48,9519990495";"2,5206107294"
"202100001081";"29";"12";"2021";"21:15";"5";"93";"93005";"2";"1";"2";"6";"COMMANDANT BRASSEUR (RUE DU)";"48,9351267255";"2,4982470049"
"202100001082";"28";"12";"2021";"17:40";"2";"93";"93071";"2";"2";"1";"1";"GABRIEL PERI (RUE)";"48,9444400000";"2,5333000000"
"202100001083";"28";"12";"2021";"19:11";"3";"93";"93001";"2";"1";"2";"6";"REPUBLIQUE (AVE DE LA ) 43/106 =>";"48,9088953042";"2,3868634606"
"202100001084";"29";"12";"2021";"07:30";"5";"92";"92046";"2";"2";"3";"3";"GAMBETTA (RUE)";"48,8227200000";"2,3079050000"
"202100001085";"28";"12";"2021";"00:44";"5";"92";"92077";"2";"1";"2";"6";"JUSTICE (RUE DE LA)";"48,8219999354";"2,1964415163"
"202100001086";"28";"12";"2021";"14:48";"1";"92";"92063";"2";"3";"1";"3";"NATIONAL (BOULEVARD)";"48,8875181499";"2,1853888035"
"202100001087";"28";"12";"2021";"15:45";"1";"92";"92026";"2";"1";"2";"3";"JOFFRE ( DE 52 A FIN ET DE 61 A FIN )";"48,9009001428";"2,2758328915"
"202100001088";"27";"12";"2021";"09:10";"1";"92";"92050";"2";"3";"2";"2";"BOULEVARD DE LA DEFENSE";"48,8986138113";"2,2211855650"
"202100001089";"28";"12";"2021";"16:55";"2";"92";"92044";"2";"9";"2";"3";"JEAN JAURES(RUE) 57A99 ET 56A102";"48,8929217284";"2,2941792011"
"202100001090";"29";"12";"2021";"17:40";"5";"92";"92012";"2";"5";"2";"2";"ISSY (PONT D')";"48,8309312499";"2,2581772506"
"202100001091";"29";"12";"2021";"15:50";"1";"92";"92012";"2";"1";"2";"7";"MARECHAL DE LATTRE DE TASSIGNY (AVENUE)";"48,8408946780";"2,2276335955"
"202100001092";"28";"12";"2021";"12:10";"1";"92";"92004";"2";"1";"1";"6";"PIERRE BROSSOLETTE";"48,9111961108";"2,2932484746"
"202100001093";"11";"12";"2021";"13:00";"1";"92";"92004";"2";"1";"1";"6";"MAURICE BOKANOWSKI";"48,9087886318";"2,2893753648"
"202100001094";"15";"12";"2021";"02:35";"4";"92";"92009";"2";"1";"1";"6";"ARGENTEUIL AV D'";"48,9264427960";"2,2735771537"
"202100001095";"29";"12";"2021";"19:45";"3";"37";"37030";"1";"1";"2";"1";"N/A";"47,5954851200";"0,8614397049"
"202100001096";"29";"12";"2021";"22:15";"3";"81";"81218";"1";"1";"1";"1";"RD 612 PK 077.000";"43,8799540000";"2,1730610000"
"202100001097";"4";"12";"2021";"08:15";"3";"22";"22004";"1";"1";"4";"7";"RD767 PR37+000";"48,6180674405";" -3,3061981185"
"202100001098";"29";"12";"2021";"19:15";"3";"85";"85215";"1";"1";"2";"6";"La Haute Thibaudiere";"46,8751410000";" -1,2028430000"
"202100001099";"30";"12";"2021";"10:05";"1";"62";"62207";"1";"1";"8";"6";"Campigneulles-les-Petites";"50,4424060000";"1,7220000000"
"202100001100";"29";"12";"2021";"11:00";"1";"80";"80368";"2";"1";"3";"7";"32 Rue Henri Barbusse";"50,0885560000";"1,5471790000"
"202100001101";"30";"12";"2021";"14:30";"1";"12";"12032";"1";"4";"1";"3";"Baraque de Cussan - La Plane";"44,3033660000";"2,3859640000"
"202100001102";"29";"12";"2021";"01:10";"3";"42";"42248";"1";"1";"2";"7";"Route de Planchetorse";"45,9060610000";"3,8429400000"
"202100001103";"29";"12";"2021";"22:35";"3";"47";"47246";"1";"1";"1";"6";"Route de Cardonnet";"44,2507090000";"0,5493060000"
"202100001104";"30";"12";"2021";"02:15";"5";"44";"44087";"2";"1";"8";"6";"9 Place du Port (Machecoul)";"46,9928020000";" -1,8170210000"
"202100001105";"30";"12";"2021";"14:30";"1";"26";"26353";"1";"6";"1";"3";"ROND POINT N7";"44,6681380000";"4,7932580000"
"202100001106";"30";"12";"2021";"10:40";"1";"50";"50236";"1";"3";"1";"3";"D903";"49,2918820000";" -1,5264020000"
"202100001107";"30";"12";"2021";"10:25";"1";"50";"50619";"2";"3";"2";"6";"Rue de l Eglise";"49,6211820000";" -1,3606580000"
"202100001108";"30";"12";"2021";"15:00";"1";"24";"24551";"2";"1";"1";"3";"rue pierre semard";"45,4155820000";"0,9183190000"
"202100001109";"25";"12";"2021";"12:40";"1";"37";"37046";"1";"1";"8";"1";"La Maillardiere";"47,2426831196";"1,1225380003"
"202100001110";"30";"12";"2021";"17:50";"2";"08";"08024";"1";"1";"8";"7";"D137";"49,4859140000";"4,1051530000"
"202100001111";"23";"11";"2021";"09:00";"1";"67";"67205";"1";"1";"1";"1";"D37";"48,6778850000";"7,7758100000"
"202100001112";"30";"12";"2021";"09:00";"1";"03";"03118";"1";"1";"1";"2";"A71 pk 348.500";"46,1073980000";"3,1393430000"
"202100001113";"29";"12";"2021";"15:40";"1";"01";"01067";"1";"1";"3";"3";"A40 Pk ! 128+400 GENEVE/MACON";"46,1305470000";"5,5091460000"
"202100001114";"29";"12";"2021";"23:30";"3";"72";"72045";"1";"1";"1";"1";"lieu dit la rattiÃ¨re";"48,0189690000";" -0,0438170000"
"202100001115";"30";"12";"2021";"11:50";"1";"37";"37123";"1";"1";"1";"1";"rue de l'aurore";"47,3755110684";"0,3890229017"
"202100001116";"29";"12";"2021";"15:30";"1";"63";"63113";"1";"1";"1";"3";"a75, pk 000.200";"45,7738990000";"3,1402440000"
"202100001117";"30";"12";"2021";"07:33";"3";"38";"38464";"1";"1";"2";"2";"A48, PK 46.200";"45,5432840000";"5,3807900000"
"202100001118";"29";"12";"2021";"18:27";"3";"27";"27188";"1";"1";"8";"2";"N/A";"49,2910910000";"1,1236040000"
"202100001119";"30";"12";"2021";"17:43";"2";"34";"34009";"1";"2";"1";"3";"D13";"43,4714905424";"3,3755995112"
"202100001120";"30";"12";"2021";"09:25";"1";"73";"73303";"1";"1";"1";"6";"D1212";"45,7569920000";"6,4705180000"
"202100001121";"30";"12";"2021";"14:30";"1";"79";"79049";"2";"1";"1";"7";"72 Boulevard de la Republique";"46,8343980000";" -0,4945190000"