"Num_Acc";"jour";"mois";"an";"hrmn";"lum";"dep";"com";"agg";"int";"atm";"col";"adr";"lat";"long"
"202100001503";"19";"12";"2021";"16:10";"1";"75";"75102";"2";"4";"1";"3";"BOULEVARD MONTMARTRE";"48,8717220000";"2,3416200000"
"202100001504";"23";"12";"2021";"18:40";"5";"94";"94068";"2";"2";"1";"3";"LOUIS BLANC (AV)";"48,7920800000";"2,4971500000"
"202100001505";"24";"12";"2021";"14:00";"1";"94";"94021";"2";"1";"1";"6";"Avenue Georges Guynemer";"48,7659110343";"2,3374915123"
"202100001506";"24";"12";"2021";"11:30";"1";"94";"94043";"2";"1";"2";"3";"FONTAINEBLEAU (AV DE)";"48,8137800000";"2,3607300000"
"202100001507";"23";"12";"2021";"18:00";"5";"94";"94044";"2";"1";"1";"6";"Avenue Charles de Gaulle";"48,7513693649";"2,5005269051"
"202100001508";"22";"12";"2021";"13:05";"1";"94";"94002";"2";"2";"1";"3";"Rue Joffrin";"48,7998400000";"2,4270800000"
"202100001509";"24";"12";"2021";"15:30";"1";"93";"93046";"2";"1";"8";"1";"LEON BLUM CITE";"48,9098860000";"2,5288980000"
"202100001510";"24";"12";"2021";"21:10";"5";"93";"93031";"2";"1";"2";"6";"ALLENDE (AVENUE SALVADOR)";"48,9561095866";"2,3085474378"
"202100001511";"23";"12";"2021";"15:40";"1";"93";"93029";"2";"1";"1";"6";"ANATOLE FRANCE";"48,9342208295";"2,4559570156"
"202100001512";"24";"12";"2021";"15:20";"1";"92";"92078";"2";"3";"1";"3";"MARC SANGNIER (AVENUE)";"48,9297870821";"2,3258788884"
"202100001513";"24";"12";"2021";"14:00";"1";"92";"92072";"2";"1";"2";"7";"TROYON (RUE)";"48,8264877649";"2,2266277671"
"202100001514";"25";"12";"2021";"06:00";"3";"36";"36057";"1";"1";"2";"6";"N/A";"46,8803760000";"1,7241800000"
"202100001515";"25";"12";"2021";"19:15";"3";"41";"41040";"1";"1";"2";"3";"D957";"47,6566870000";"1,2701980000"
"202100001516";"24";"12";"2021";"15:55";"1";"972";"97215";"2";"1";"1";"7";"Terre Patate";"14,8768670000";" -61,1393080000"
"202100001517";"26";"12";"2021";"00:50";"3";"974";"97414";"2";"1";"1";"1";"Avenue du Dr Raymond Verges";" -21,2871960000";"55,4089240000"
"202100001518";"23";"12";"2021";"18:25";"3";"58";"58002";"1";"1";"9";"7";"Route de Donzy";"47,4335890000";"3,0728890000"
"202100001519";"25";"12";"2021";"20:30";"3";"19";"19019";"1";"1";"1";"6";"Le Moulin Abadiol - RD 940";"44,9884730000";"1,8230490000"
"202100001520";"24";"12";"2021";"16:15";"1";"56";"56178";"2";"1";"1";"5";"Rue Albert de Mun";"48,0521360000";" -2,9593560000"
"202100001521";"26";"12";"2021";"10:00";"1";"65";"65278";"1";"1";"1";"6";"RD14 - PK 2 + 100";"43,0452290000";"0,3006430000"
"202100001522";"25";"12";"2021";"16:30";"1";"61";"61214";"1";"6";"8";"7";"Lieu Dit la Croix Lamirault";"48,7475300000";"0,5954070000"
"202100001523";"26";"12";"2021";"12:30";"1";"61";"61487";"1";"1";"2";"6";"pk 3 D223";"48,5378560000";" -0,6653270000"
"202100001524";"26";"12";"2021";"14:55";"1";"61";"61494";"2";"4";"2";"3";"route de falaise";"48,8447480000";"0,0289360000"
"202100001525";"23";"12";"2021";"15:20";"1";"42";"42149";"2";"3";"7";"6";"Rue du Rival";"45,6439060000";"4,2357550000"
"202100001526";"25";"12";"2021";"11:25";"1";"34";"34178";"1";"1";"1";"6";"Plaine de RÃ©als";"43,4418150000";"3,1194570000"
"202100001527";"25";"12";"2021";"02:30";"3";"44";"44069";"2";"1";"2";"6";"Rue de Pradel";"47,3170140000";" -2,4474080000"
"202100001528";"25";"12";"2021";"17:20";"3";"35";"35203";"1";"1";"2";"6";"Botte Veillard";"48,1714450000";" -1,9723680000"
"202100001529";"26";"12";"2021";"10:05";"1";"29";"29240";"1";"1";"8";"1";"D791 - Lieu Dit Kergo Vraz";"48,2826290000";" -4,2483080000"
"202100001530";"23";"12";"2021";"09:20";"1";"38";"38034";"2";"2";"1";"3";"Avenue Louis - Michel Villaz";"45,3413020000";"5,0636030000"
"202100001531";"26";"12";"2021";"03:15";"5";"90";"90041";"2";"1";"2";"6";"D12";"47,7222670000";"6,9143540000"
"202100001532";"26";"12";"2021";"12:05";"1";"21";"21640";"2";"1";"2";"1";"1bis Rue du PrÃ© de la Ville";"47,4940570000";"4,2220000000"
"202100001533";"25";"12";"2021";"13:45";"1";"24";"24229";"1";"1";"1";"1";"Chemin du Bos";"45,1270850000";"1,2543080000"
"202100001534";"24";"12";"2021";"17:30";"2";"24";"24217";"1";"1";"1";"7";"rd 710";"44,9435470000";"0,9014260000"
"202100001535";"25";"12";"2021";"18:00";"3";"85";"85244";"1";"2";"2";"3";"RD 148, PR 15+400";"46,4316880000";" -0,7313010000"
"202100001536";"25";"12";"2021";"15:00";"1";"85";"85267";"1";"1";"2";"7";"Vienne";"46,3492010000";" -1,0850880000"
"202100001537";"26";"12";"2021";"13:45";"1";"33";"33447";"1";"1";"1";"2";"A89";"45,0081680000";" -0,0489290000"
"202100001538";"25";"12";"2021";"16:25";"1";"13";"13080";"1";"1";"1";"7";"ROUTE DES CROTTES D15";"43,6599280000";"5,4767540000"
"202100001539";"25";"12";"2021";"14:40";"1";"63";"63164";"1";"1";"8";"6";"A71, PR 382.600";"45,8260844610";"3,1580382586"
"202100001540";"25";"12";"2021";"05:55";"5";"34";"34337";"1";"4";"9";"1";"D612";"43,5546270000";"3,8446380000"
"202100001541";"26";"12";"2021";"14:00";"1";"973";"97309";"2";"1";"1";"3";"1741 Route de Montjoly";"4,9233900000";" -52,2830400000"
"202100001542";"25";"12";"2021";"20:15";"3";"973";"97309";"2";"1";"1";"2";"Route du Tigre";"4,9037380000";" -52,3047390000"
"202100001543";"25";"12";"2021";"21:04";"3";"82";"82028";"1";"1";"1";"3";"A 62 pk 199.500";"43,8632400000";"1,3185450000"
"202100001544";"24";"12";"2021";"02:30";"3";"30";"30169";"1";"1";"2";"3";"A9, Pk 60+700";"43,7951060000";"4,3056960000"
"202100001545";"25";"12";"2021";"06:16";"3";"13";"13087";"1";"1";"2";"2";"A8";"43,4766810000";"5,6192090000"
"202100001546";"23";"12";"2021";"10:30";"1";"68";"68278";"2";"3";"1";"6";"2 Rue Zuber";"47,7450860000";"7,3994170000"
"202100001547";"25";"12";"2021";"01:30";"3";"27";"27612";"1";"1";"5";"7";"Autoroute A13 - PK 071.800";"49,0715430000";"1,4062980000"
"202100001548";"25";"12";"2021";"10:30";"1";"987";"98729";"2";"1";"1";"1";"PK 4+500 - VaiarÃ© - CotÃ© montagne";" -17,5120700000";" -149,8157680000"
"202100001549";"25";"12";"2021";"07:05";"1";"974";"97422";"1";"3";"8";"1";"Rue Alfred Lacroix";" -21,2079240000";"55,5675010000"
"202100001550";"24";"12";"2021";"23:30";"5";"971";"97119";"1";"1";"1";"6";"Chemin des Mahoganys";"16,3711281058";" -61,4674168825"
"202100001551";"26";"12";"2021";"10:10";"1";"13";"13033";"1";"1";"1";"7";"DÃ©partementale 9";"43,3679650000";"5,1841740000"
"202100001552";"26";"12";"2021";"02:30";"5";"2A";"2A247";"1";"1";"1";"6";"D859";"41,5673540000";"9,2564640000"
"202100001553";"26";"12";"2021";"10:00";"1";"34";"34004";"1";"1";"1";"7";"D176";"43,3473710000";"2,8512950000"
"202100001554";"25";"12";"2021";"10:25";"1";"07";"07152";"1";"1";"2";"6";"D219";"45,0424910000";"4,8233390000"
"202100001555";"23";"12";"2021";"19:10";"5";"27";"27165";"2";"3";"8";"6";"Rue Jacques PrÃ©vert";"48,9723540000";"0,9464820000"
"202100001556";"26";"12";"2021";"19:10";"3";"80";"80185";"1";"2";"2";"3";"D930";"49,7153090000";"2,8396340000"
"202100001557";"24";"12";"2021";"16:20";"1";"13";"13081";"1";"1";"2";"2";"A7-Sens Lyon vers Marseille";"43,4976650000";"5,2389900000"
"202100001558";"24";"12";"2021";"09:36";"1";"13";"13005";"1";"1";"3";"1";"A50-Sens Marseille vers Aubagne";"43,2731000000";"5,5890000000"
"202100001559";"23";"12";"2021";"12:05";"1";"83";"83137";"1";"1";"1";"3";"A57";"43,1203720000";"5,9497370000"
"202100001560";"24";"12";"2021";"18:55";"3";"69";"69296";"1";"1";"1";"2";"A7   10.992 A 13.970";"45,6408300000";"4,8257900000"
"202100001561";"21";"12";"2021";"06:45";"3";"69";"69081";"1";"1";"1";"2";"M6   449.510 A 451.640";"45,7932200000";"4,7812500000"
"202100001562";"24";"12";"2021";"16:45";"1";"33";"33096";"1";"1";"1";"3";"Autoroute A10";"44,9032000000";" -0,4932400000"
"202100001563";"24";"12";"2021";"15:30";"2";"91";"91689";"1";"1";"1";"3";"AUTOROUTE A6B";"48,7398310000";"2,3202040000"
"202100001564";"24";"12";"2021";"15:10";"1";"91";"91659";"1";"1";"2";"7";"AUTOROUTE A6";"48,5865140000";"2,4515430000"
"202100001565";"24";"12";"2021";"00:05";"3";"92";"92072";"1";"1";"1";"6";"N118";"48,8223943150";"2,2223572941"
"202100001566";"24";"12";"2021";"21:10";"3";"93";"93005";"1";"1";"3";"6";"AUTOROUTE A1";"48,9602600000";"2,4670100000"
"202100001567";"23";"12";"2021";"12:05";"1";"988";"98818";"2";"1";"1";"2";"RUE AUGUSTE BENEBIG";" -22,2715500000";"166,4514500000"
"202100001568";"23";"12";"2021";"08:00";"1";"988";"98818";"2";"2";"1";"6";"RUE DE VERDUN/RUE DU GENERAL MANGIN";" -22,2726200000";"166,4401500000"
"202100001569";"23";"12";"2021";"12:00";"1";"973";"97302";"2";"1";"1";"1";"REPUBLIQUE (BD DE LA)";"4,9376200000";" -52,3241600000"
"202100001570";"23";"12";"2021";"08:40";"1";"973";"97302";"2";"2";"1";"3";"BADUEL (ROUTE DE)";"4,9393400000";" -52,3184200000"
"202100001571";"23";"12";"2021";"15:14";"1";"69";"69199";"2";"2";"1";"6";"MATHIEU DUSSURGEY (R)";"45,7120100000";"4,8550800000"
"202100001572";"23";"12";"2021";"16:20";"1";"69";"69259";"2";"1";"1";"3";"DOCTEUR GEORGES LEVY (DU) (AV)";"45,7193400000";"4,8555200000"
"202100001573";"23";"12";"2021";"11:00";"1";"69";"69383";"2";"1";"1";"3";"PART DIEU (DE LA) (R)";"45,7596800000";"4,8495000000"
"202100001574";"22";"12";"2021";"20:45";"5";"69";"69383";"2";"1";"1";"6";"MAURICE FLANDIN (R)";"45,7605900000";"4,8626200000"
"202100001575";"23";"12";"2021";"03:40";"5";"69";"69259";"2";"2";"1";"6";"CHARLES DE GAULLE (AV)";"45,7112500000";"4,9014400000"
"202100001576";"23";"12";"2021";"12:00";"1";"972";"97213";"1";"1";"1";"2";"AUTOROUTE A1";"14,6160500000";" -61,0154800000"
"202100001577";"22";"12";"2021";"19:00";"5";"2B";"2B033";"2";"1";"1";"6";"TUNNEL";"42,6947800000";"9,4522100000"
"202100001578";"23";"12";"2021";"15:00";"1";"971";"97120";"2";"1";"1";"6";"LOUISY MATHIEU";"16,2250400000";" -61,5271400000"
"202100001579";"23";"12";"2021";"18:48";"5";"2A";"2A004";"2";"6";"2";"6";"PIETRI FRANCOIS RUE";"41,9351200000";"8,7532400000"
"202100001580";"22";"12";"2021";"18:52";"5";"87";"87085";"2";"1";"1";"7";"CHURCHILL WINSTON (PLACE)";"45,8315700000";"1,2518800000"
"202100001581";"22";"12";"2021";"17:59";"5";"87";"87085";"2";"1";"1";"2";"AUTOROUTE A20";"45,8496800000";"1,2763600000"
"202100001582";"23";"12";"2021";"11:05";"1";"73";"73031";"2";"1";"1";"6";"D8E CENTRALE (RUE)";"45,5745500000";"5,9452300000"
"202100001583";"22";"12";"2021";"17:30";"5";"69";"69256";"2";"1";"5";"6";"Rue de la RÃ©publique";"45,7846202890";"4,9323651195"
"202100001584";"23";"12";"2021";"17:30";"2";"69";"69256";"2";"1";"1";"6";"GABRIEL PERI (AV)";"45,7719400000";"4,9108300000"
"202100001585";"19";"12";"2021";"16:16";"1";"66";"66136";"2";"1";"1";"4";"PYRENEES (BOULEVARD DES)";"42,6967400000";"2,8881500000"
"202100001586";"22";"12";"2021";"12:32";"1";"66";"66136";"2";"1";"1";"2";"JOFFRE (AVENUE DU MARECHAL CD 88)";"42,7198000000";"2,8865600000"
"202100001587";"23";"12";"2021";"15:25";"1";"65";"65440";"2";"7";"1";"3";"SEPTEMBRE (RUE DU IV)";"43,2289800000";"0,0835400000"
"202100001588";"23";"12";"2021";"20:55";"5";"64";"64041";"2";"1";"1";"2";"Rue Matachot";"43,2803900000";" -0,3300100000"
"202100001589";"23";"12";"2021";"13:40";"1";"64";"64445";"2";"1";"1";"2";"Avenue Jean Mermoz";"43,3116138159";" -0,3772902489"
"202100001590";"22";"12";"2021";"08:00";"2";"64";"64445";"2";"3";"1";"3";"Avenue des Martyrs du Pont-Long";"43,3450700000";" -0,3797700000"
"202100001591";"23";"12";"2021";"07:55";"2";"64";"64140";"2";"1";"1";"3";"Rue du 11 Novembre";"43,5286800000";" -1,4793900000"
"202100001592";"21";"12";"2021";"16:27";"1";"63";"63113";"1";"9";"8";"2";"BINGEN (BD JACQUES)";"45,7717100000";"3,1184700000"
"202100001593";"22";"12";"2021";"17:30";"5";"61";"61001";"2";"1";"1";"2";"SAINFOINS (RUE DES)";"48,4404400000";"0,1092900000"
"202100001594";"22";"12";"2021";"08:25";"1";"59";"59574";"2";"1";"9";"6";"MICHEL LOUISE(BOULEVARD)";"50,3569600000";"3,2814000000"
"202100001595";"23";"12";"2021";"19:50";"2";"54";"54265";"2";"1";"1";"4";"RM 570";"48,6451415539";"6,1818759442"
"202100001596";"23";"12";"2021";"22:20";"5";"49";"49246";"2";"1";"1";"6";"CHAUVIN AVENUE";"47,4328944025";" -0,5318284034"
"202100001597";"18";"12";"2021";"23:38";"5";"49";"49007";"2";"1";"1";"6";"GASNIER AVENUE";"47,4868200000";" -0,5730200000"
"202100001598";"16";"12";"2021";"14:50";"1";"47";"47323";"2";"1";"1";"6";"FRATERNITE(RUE DE LA )";"44,4072900000";"0,7084100000"
"202100001599";"23";"12";"2021";"18:45";"5";"37";"37261";"2";"1";"1";"3";"CHEVALLIER (RUE AUGUSTE)";"47,3752429267";"0,6789884716"
"202100001600";"23";"12";"2021";"15:50";"1";"35";"35238";"2";"3";"1";"3";"Avenue Aristide Briand";"48,1102000000";" -1,6631900000"
"202100001601";"23";"12";"2021";"09:45";"1";"34";"34108";"2";"1";"1";"6";"FERRARI HENRI (RUE)";"43,4480300000";"3,7515500000"
"202100001602";"22";"12";"2021";"16:56";"1";"33";"33167";"2";"1";"1";"5";"Quai de la Souys";"44,8227800000";" -0,5328400000"
"202100001603";"22";"12";"2021";"10:50";"1";"33";"33063";"2";"1";"1";"2";"Boulevard Albert 1er";"44,8134700000";" -0,5640900000"
"202100001604";"23";"12";"2021";"01:20";"4";"31";"31555";"2";"2";"1";"3";"LATTRE DE TASSIGNY (AV DU MARECHAL DE) D";"43,5773000000";"1,4365000000"
"202100001605";"23";"12";"2021";"21:30";"5";"29";"29019";"1";"1";"1";"1";"D205 - Avenue 1Ã¨re D.f.l.";"48,3920400000";" -4,5466600000"
"202100001606";"23";"12";"2021";"16:15";"1";"29";"29019";"2";"2";"1";"3";"Rue Fautras";"48,3894190814";" -4,4926307201"
"202100001607";"23";"12";"2021";"19:35";"5";"27";"27229";"2";"3";"1";"3";"MONOD (RUE JACQUES)";"49,0217166232";"1,1816073151"
"202100001608";"23";"12";"2021";"12:48";"1";"26";"26362";"2";"1";"1";"3";"Avenue Georges ClÃ©menceau";"44,9364910000";"4,8985270000"
"202100001609";"23";"12";"2021";"10:35";"1";"26";"26362";"2";"2";"1";"3";"12 Rue Pont du Gat";"44,9285230000";"4,8949970000"
"202100001610";"23";"12";"2021";"18:30";"5";"13";"13213";"2";"1";"1";"3";"OLIVES (AVENUE DES)";"43,3290700000";"5,4310200000"
"202100001611";"23";"12";"2021";"11:30";"1";"13";"13204";"2";"1";"1";"1";"JEAN DUSSERT (RUE)";"43,3148428116";"5,4010914993"
"202100001612";"22";"12";"2021";"17:30";"5";"13";"13210";"2";"1";"1";"3";"ELIE WIESEL (BD)";"43,2715784182";"5,4223770456"
"202100001613";"22";"12";"2021";"09:45";"1";"11";"11069";"2";"3";"1";"3";"BUNAU VARILLA -AV-";"43,2079470000";"2,3367260000"
"202100001614";"21";"12";"2021";"12:22";"1";"10";"10387";"2";"6";"8";"7";"GEORGES POMPIDOU (RUE)";"48,2911123632";"4,0884339807"
"202100001615";"22";"12";"2021";"15:55";"1";"09";"09225";"2";"1";"1";"3";"RIJOLE AVENUE DE LA";"43,1213900000";"1,6212100000"
"202100001616";"23";"12";"2021";"15:10";"1";"06";"06004";"2";"6";"1";"5";"BRETON BD ANDRE";"43,6015170000";"7,0745630000"
"202100001617";"22";"12";"2021";"16:30";"1";"05";"05061";"2";"1";"1";"2";"EMBRUN ( AVENUE D')";"44,5653990000";"6,0923380000"
"202100001618";"21";"12";"2021";"19:35";"5";"75";"75120";"2";"1";"1";"2";"PORTE DE BAGNOLET";"48,8705630000";"2,4134560000"
"202100001619";"23";"12";"2021";"13:15";"1";"75";"75106";"2";"3";"1";"6";"RUE DE SEVRES";"48,8507270000";"2,3253320000"
"202100001620";"23";"12";"2021";"16:35";"1";"75";"75117";"2";"1";"1";"6";"RUE FRUCTIDOR";"48,9009360000";"2,3264300000"
"202100001621";"23";"12";"2021";"16:05";"1";"75";"75117";"2";"3";"1";"6";"AVENUE DE CLICHY";"48,8880330000";"2,3246230000"
"202100001622";"22";"12";"2021";"19:15";"3";"75";"75116";"2";"4";"1";"6";"RUE GERICAULT";"48,8485450000";"2,2620240000"
"202100001623";"22";"12";"2021";"17:20";"3";"75";"75116";"2";"3";"1";"3";"RUE DU COMMANDANT GUILBAUD";"48,8386640000";"2,2517750000"
"202100001624";"21";"12";"2021";"19:45";"5";"75";"75116";"2";"7";"1";"3";"PLACE CHARLES DE GAULLE";"48,8737420000";"2,2940550000"
"202100001625";"23";"12";"2021";"19:20";"3";"75";"75115";"2";"1";"1";"7";"RUE HENRY FARMAN";"48,8341590000";"2,2720950000"
"202100001626";"22";"12";"2021";"13:15";"1";"75";"75115";"2";"3";"1";"6";"RUE DES VOLONTAIRES";"48,8396550000";"2,3093140000"
"202100001627";"23";"12";"2021";"08:30";"1";"75";"75101";"2";"2";"1";"6";"RUE DE RIVOLI";"48,8600750000";"2,3434030000"
"202100001628";"23";"12";"2021";"19:15";"5";"94";"94017";"2";"3";"8";"1";"ROGER SALENGRO (AV)";"48,8193400000";"2,4874000000"
"202100001629";"23";"12";"2021";"11:10";"1";"94";"94046";"2";"1";"1";"6";"Avenue du GÃ©nÃ©ral Leclerc";"48,8026200000";"2,4468800000"
"202100001630";"23";"12";"2021";"18:40";"1";"94";"94068";"2";"9";"1";"3";"avenue Louis Blanc";"48,7922000000";"2,4972100000"
"202100001631";"22";"12";"2021";"19:50";"5";"94";"94017";"2";"6";"1";"3";"Avenue Salvador AllendÃ©";"48,8097700000";"2,5428400000"
"202100001632";"23";"12";"2021";"19:48";"5";"93";"93072";"2";"1";"1";"1";"MAXIME GORKI (BOULEVARD) NÂ°72 AU 80";"48,9462900000";"2,3867100000"
"202100001633";"22";"12";"2021";"23:50";"5";"93";"93055";"2";"6";"1";"6";"CHEMIN DE FER (DU)";"48,8991535066";"2,3967855612"
"202100001634";"23";"12";"2021";"04:45";"5";"93";"93051";"2";"1";"1";"3";"EMILE COSSONNEAU (AVE)";"48,8492500000";"2,5625100000"
"202100001635";"23";"12";"2021";"14:40";"1";"93";"93048";"2";"1";"1";"6";"LAGNY (RUE DE)";"48,8490865818";"2,4242224228"
"202100001636";"23";"12";"2021";"09:10";"1";"93";"93046";"2";"1";"1";"6";"ANTONIN ET PIERRE MAGNE AVENUE";"48,9128264044";"2,5343096432"
"202100001637";"23";"12";"2021";"10:15";"1";"93";"93031";"2";"3";"1";"3";"SAINT LEU (ROUTE DE) 1 Ã  157";"48,9496379155";"2,3414137959"
"202100001638";"23";"12";"2021";"17:00";"2";"93";"93027";"2";"6";"8";"5";"MERMOZ (AVENUE JEAN)";"48,9320800000";"2,3996600000"
"202100001639";"23";"12";"2021";"16:10";"1";"93";"93027";"2";"1";"1";"3";"SALENGRO (AVENUE ROGER)";"48,9305800000";"2,3855700000"
"202100001640";"23";"12";"2021";"08:50";"1";"92";"92050";"2";"3";"1";"6";"FONTANOT RUE DES TROIS";"48,8957329031";"2,2242660820"
"202100001641";"22";"12";"2021";"17:16";"5";"92";"92040";"2";"4";"8";"3";"PIERRE BROSSOLETTE";"48,8195909429";"2,2664411366"
"202100001642";"24";"12";"2021";"17:05";"2";"81";"81101";"1";"3";"1";"6";"N88";"43,9799080000";"2,1738340000"
"202100001643";"25";"12";"2021";"19:30";"3";"91";"91414";"1";"1";"5";"6";"N20";"48,3530550000";"2,0491330000"
"202100001644";"24";"12";"2021";"13:40";"1";"51";"51298";"1";"1";"5";"7";"D18";"48,9922710000";"3,7154390000"
"202100001645";"25";"12";"2021";"11:10";"1";"64";"64057";"1";"1";"1";"7";"RD 946";"43,4672290000";" -0,6127560000"
"202100001646";"25";"12";"2021";"12:00";"1";"14";"14061";"1";"3";"8";"3";"D577";"48,9140250000";" -0,8246400000"
"202100001647";"24";"12";"2021";"17:54";"3";"01";"01033";"2";"1";"5";"1";"Route de Lyon";"46,1181620000";"5,8229530000"
"202100001648";"25";"12";"2021";"14:15";"1";"51";"51231";"1";"1";"2";"2";"D3";"48,9738790000";"4,4504500000"
"202100001649";"25";"12";"2021";"11:05";"1";"76";"76550";"1";"1";"1";"6";"Route de la ForÃªt";"49,3743960000";"0,9596510000"
"202100001650";"22";"12";"2021";"14:20";"1";"63";"63178";"1";"1";"1";"4";"Route d Orbeil";"45,5557968833";"3,2727026939"
"202100001651";"24";"12";"2021";"21:00";"3";"63";"63438";"1";"1";"1";"5";"RD 7";"45,7366650000";"3,4831600000"
"202100001652";"22";"12";"2021";"15:00";"1";"70";"70467";"2";"1";"9";"6";"13 Rue du Parc";"47,8848770000";"6,2810360000"
"202100001653";"25";"12";"2021";"11:40";"1";"72";"72308";"2";"9";"5";"7";"rue de la gaiÃ©tÃ©";"48,4148250000";"0,1102520000"
"202100001654";"25";"12";"2021";"20:20";"5";"72";"72132";"2";"1";"1";"6";"42 Avenue Pasteur";"48,1870270000";"0,6466890000"
"202100001655";"21";"12";"2021";"10:29";"1";"24";"24067";"2";"1";"1";"6";"Avenue de la LibÃ©ration";"44,9135200000";"0,9247830000"
"202100001656";"25";"12";"2021";"00:30";"3";"87";"87008";"1";"1";"2";"6";"Le Monteil";"46,2461870000";"1,0718970000"
"202100001657";"24";"12";"2021";"11:50";"1";"76";"76660";"1";"1";"1";"2";"A131 pk 28.300";"49,4912035293";"0,2883857489"
"202100001658";"25";"12";"2021";"07:30";"2";"01";"01134";"1";"1";"5";"6";"A406 PK 001+100";"46,2953525445";"4,8979389668"
"202100001659";"25";"12";"2021";"11:05";"1";"64";"64021";"1";"1";"1";"6";"A64 PK 113.600";"43,3041010000";" -0,2387600000"
"202100001660";"24";"12";"2021";"08:50";"1";"53";"53269";"1";"1";"5";"5";"RN 12 -PK 056.160";"48,3035220000";" -0,8461190000"
"202100001661";"25";"12";"2021";"14:15";"1";"988";"98832";"1";"1";"1";"7";"RM 10 - la Netcha";" -22,2272760000";"166,8522620000"
"202100001662";"1";"11";"2021";"20:30";"5";"978";"97801";"1";"1";"1";"3";"RN7 - Rue de Hollande";"18,0487250000";" -63,0862210000"
"202100001663";"24";"12";"2021";"23:45";"3";"971";"97114";"1";"1";"2";"7";"RN1";"16,1402659057";" -61,5819525719"
"202100001664";"24";"12";"2021";"17:40";"5";"29";"29233";"2";"1";"1";"6";"Parking supermarche";"47,8702415887";" -3,5672789812"
"202100001665";"24";"12";"2021";"16:35";"1";"95";"95509";"1";"1";"2";"6";"RD 9+Z";"49,0700530000";"2,4855330000"
"202100001666";"25";"12";"2021";"19:00";"3";"34";"34151";"1";"6";"1";"7";"D 61 - Route de la mer";"43,5963972543";"4,1054107220"
"202100001667";"25";"12";"2021";"11:40";"1";"85";"85126";"2";"1";"1";"6";"d148";"46,4709660000";" -0,8558420000"
"202100001668";"22";"12";"2021";"14:30";"1";"13";"13071";"1";"1";"1";"2";"A55 - Sens Marseille vers Martigues";"43,3786900000";"5,3171100000"
"202100001669";"22";"12";"2021";"14:30";"1";"42";"42044";"1";"1";"1";"4";"N88";"45,3953000000";"4,3379300000"
"202100001670";"18";"12";"2021";"20:10";"3";"67";"67482";"1";"1";"1";"2";"Autoroute A.35";"48,5911300000";"7,7345000000"
"202100001671";"23";"12";"2021";"11:15";"1";"33";"33013";"1";"1";"1";"2";"ROUTE NATIONALE 230";"44,8499280000";" -0,5038680000"
"202100001672";"23";"12";"2021";"18:00";"3";"91";"91363";"1";"1";"1";"4";"RN 104";"48,6610500000";"2,1864700000"
"202100001673";"23";"12";"2021";"18:15";"3";"91";"91521";"1";"1";"1";"3";"AUTOROUTE A6";"48,6336500000";"2,4041100000"
"202100001674";"22";"12";"2021";"19:00";"3";"91";"91174";"1";"1";"1";"2";"RN 104";"48,6224400000";"2,4646900000"
"202100001675";"22";"12";"2021";"20:15";"3";"92";"92025";"1";"1";"1";"2";"A86";"48,9190397614";"2,2236068855"
"202100001676";"23";"12";"2021";"12:40";"1";"95";"95306";"1";"1";"1";"6";"A15";"48,9958373785";"2,1804642677"
"202100001677";"23";"12";"2021";"11:20";"1";"93";"93006";"1";"1";"1";"3";"AUTOROUTE A3";"48,8659800000";"2,4162500000"
"202100001678";"23";"12";"2021";"08:00";"2";"95";"95042";"1";"1";"1";"2";"RN 104";"49,0570500000";"2,2950500000"
"202100001679";"23";"12";"2021";"00:00";"3";"95";"95582";"1";"1";"1";"4";"A115";"48,9827894302";"2,2412216663"
"202100001680";"23";"12";"2021";"17:30";"2";"94";"94069";"1";"1";"1";"4";"A4";"48,8171389327";"2,4422619339"
"202100001681";"23";"12";"2021";"16:30";"2";"93";"93051";"1";"1";"1";"3";"A4";"48,8352600000";"2,5762900000"
"202100001682";"22";"12";"2021";"20:10";"3";"75";"75112";"1";"1";"1";"2";"A4";"48,8195429804";"2,4591994286"
"202100001683";"26";"06";"2021";"15:00";"1";"29";"29232";"1";"1";"1";"2";"RN 165";"48,0096764700";" -4,0672372608"
"202100001684";"28";"05";"2021";"16:54";"1";"29";"29051";"1";"6";"1";"3";"Route de Kerourvois";"48,0045000000";" -4,0586000000"
"202100001685";"4";"10";"2021";"14:23";"1";"75";"75118";"2";"3";"1";"6";"BOULEVARD DE ROCHECHOUART";"48,8837060000";"2,3483030000"
"202100001686";"10";"11";"2021";"07:10";"2";"976";"97611";"2";"9";"1";"2";"m'tsapere-Nationale 2 (route)";" -12,7916500000";"45,2218100000"
"202100001687";"9";"11";"2021";"07:15";"1";"976";"97611";"2";"1";"1";"4";"kaweni-SPPM ( rue de la )";" -12,7697900000";"45,2241800000"
"202100001688";"22";"12";"2021";"13:50";"1";"974";"97411";"2";"2";"2";"3";"LECLERC (DU MARECHAL)";" -20,8845000000";"55,4656800000"
"202100001689";"21";"12";"2021";"20:00";"5";"974";"97409";"2";"1";"1";"3";"DU CENTRE(CHEMIN)";" -20,9484000000";"55,6577300000"
"202100001690";"22";"12";"2021";"18:20";"5";"973";"97302";"2";"1";"1";"2";"BADUEL (ROUTE DE)";"4,9290643299";" -52,3009335995"
"202100001691";"22";"12";"2021";"18:45";"5";"69";"69259";"2";"1";"1";"5";"PIERRE SEMARD (AV)";"45,7102673861";"4,8755049706"