"Num_Acc";"jour";"mois";"an";"hrmn";"lum";"dep";"com";"agg";"int";"atm";"col";"adr";"lat";"long"
"202100001692";"22";"12";"2021";"17:15";"2";"69";"69383";"2";"2";"9";"1";"VENDOME (R)";"45,7622200000";"4,8462300000"
"202100001693";"22";"12";"2021";"11:10";"1";"69";"69199";"2";"1";"5";"3";"PIERRE SEMARD (BD)";"45,6945786287";"4,8441606760"
"202100001694";"22";"12";"2021";"09:50";"1";"69";"69387";"2";"2";"1";"3";"GUILLOTIERE (DE LA) (GR)";"45,7518314492";"4,8469984531"
"202100001695";"22";"12";"2021";"16:50";"1";"972";"97209";"2";"1";"1";"3";"BISHOP (Avenue Maurice)";"14,6099300000";" -61,0553000000"
"202100001696";"22";"12";"2021";"17:17";"5";"69";"69382";"2";"1";"8";"3";"JULES COURMONT (Q)";"45,7591000000";"4,8373600000"
"202100001697";"22";"12";"2021";"13:45";"1";"2B";"2B033";"2";"3";"1";"4";"TOUTES RUES";"42,6795800000";"9,4432300000"
"202100001698";"21";"12";"2021";"12:20";"1";"2A";"2A004";"2";"1";"1";"3";"ROUTE DU STILETTO";"41,9461900000";"8,7634600000"
"202100001699";"22";"12";"2021";"21:20";"5";"90";"90010";"2";"2";"1";"3";"JAURES (AVENUE JEAN) A 150 ET 117";"47,6545000000";"6,8481000000"
"202100001700";"21";"12";"2021";"17:55";"5";"86";"86194";"2";"1";"1";"6";"Rue du Pontreau";"46,5680610000";"0,3557650000"
"202100001701";"21";"12";"2021";"00:20";"5";"80";"80021";"2";"6";"1";"3";"BOTTICELLI (RUE)";"49,9225000000";"2,3032000000"
"202100001702";"21";"12";"2021";"08:00";"2";"72";"72181";"2";"6";"1";"6";"GAULLE GENERAL DE (AV DU)";"48,0040500000";"0,2023000000"
"202100001703";"22";"12";"2021";"14:45";"1";"69";"69256";"2";"1";"1";"4";"8 MAI 1945 (DU) (AV)";"45,7886700000";"4,9087200000"
"202100001704";"22";"12";"2021";"15:50";"1";"64";"64483";"2";"1";"1";"6";"Avenue Lohobiague";"43,3957800000";" -1,6581100000"
"202100001705";"22";"12";"2021";"18:55";"5";"64";"64445";"2";"1";"1";"7";"Rue du PÃ¨re Pardies";"43,3061800000";" -0,3748400000"
"202100001706";"22";"12";"2021";"14:15";"1";"64";"64129";"2";"1";"1";"3";"Route de Bayonne";"43,2988800000";" -0,3903700000"
"202100001707";"21";"12";"2021";"18:40";"5";"64";"64445";"2";"1";"1";"6";"LILAS DES";"43,3200500000";" -0,3396100000"
"202100001708";"22";"12";"2021";"18:55";"5";"59";"59009";"2";"6";"1";"2";"BOIS AVENUE DU PONT DE";"50,6260200000";"3,1237500000"
"202100001709";"17";"12";"2021";"07:50";"3";"59";"59588";"2";"5";"9";"3";"FURNES - ROUTE";"51,0349980000";"2,4063950000"
"202100001710";"21";"12";"2021";"09:30";"1";"59";"59486";"2";"1";"7";"6";"ANCHIN (RUE D')";"50,4139827280";"3,1364893913"
"202100001711";"16";"12";"2021";"16:45";"2";"57";"57221";"1";"1";"1";"6";"COLLEGE (AVENUE DU)";"49,3207590000";"6,1291923000"
"202100001712";"22";"12";"2021";"13:15";"1";"54";"54431";"2";"1";"1";"2";"DUNANT (SQUARE HENRI)";"48,9000480000";"6,0510620000"
"202100001713";"22";"12";"2021";"20:25";"5";"54";"54395";"2";"1";"1";"1";"rue Gabriel FaurÃ©";"48,6772300000";"6,2022700000"
"202100001714";"22";"12";"2021";"11:45";"1";"54";"54482";"2";"1";"1";"6";"CARNOT (AVENUE)";"48,7010000000";"6,2095000000"
"202100001715";"17";"12";"2021";"09:30";"1";"53";"53201";"2";"1";"1";"6";"ARMAND ( BOULEVARD LOUIS )";"48,0660500000";" -0,8085000000"
"202100001716";"22";"12";"2021";"09:35";"1";"51";"51454";"2";"6";"1";"2";"Avenue de Champagne";"49,2136100000";"4,0155500000"
"202100001717";"21";"12";"2021";"10:05";"1";"51";"51573";"2";"1";"1";"7";"Rue Maurice Lahaye";"49,2440810000";"3,9984510000"
"202100001718";"9";"11";"2021";"13:50";"1";"50";"50129";"2";"2";"1";"2";"SCHMITT (AVENUE RENE)";"49,6332300000";" -1,6485700000"
"202100001719";"16";"12";"2021";"18:00";"5";"49";"49015";"2";"1";"1";"4";"RN 162";"47,5182700000";" -0,6066000000"
"202100001720";"14";"12";"2021";"23:54";"5";"49";"49007";"2";"1";"1";"6";"PENITENTES";"47,4751500000";" -0,5640600000"
"202100001721";"22";"12";"2021";"17:46";"2";"44";"44184";"2";"3";"1";"6";"PÃREIRE (RUE DES FRERES)";"47,2772200000";" -2,2051900000"
"202100001722";"22";"12";"2021";"14:30";"1";"35";"35281";"1";"1";"8";"4";"N136";"48,0943599477";" -1,7102676630"
"202100001723";"19";"12";"2021";"00:35";"5";"34";"34032";"2";"1";"1";"5";"LANGEVIN PAUL (RUE)";"43,3275700000";"3,2602300000"
"202100001724";"22";"12";"2021";"19:50";"5";"29";"29019";"2";"1";"1";"2";"Avenue MarÃ©chal Foch";"48,3925960000";" -4,4876080000"
"202100001725";"21";"12";"2021";"12:25";"1";"27";"27701";"1";"3";"1";"6";"SABLONS (RUE DES)";"49,2501400000";"1,2358300000"
"202100001726";"18";"12";"2021";"05:30";"5";"26";"26362";"2";"6";"1";"6";"55 Rue Pierre LatÃ©coÃ¨re";"44,9217010000";"4,9208100000"
"202100001727";"21";"12";"2021";"11:48";"1";"19";"19272";"2";"1";"7";"6";"Barrussie (Rue)";"45,2714649491";"1,7723795772"
"202100001728";"22";"12";"2021";"20:30";"5";"13";"13209";"2";"1";"1";"3";"REGNY (TRAVERSE)";"43,2638000000";"5,4183000000"
"202100001729";"22";"12";"2021";"17:45";"2";"13";"13215";"2";"1";"1";"2";"HENRI BARNIER (BOULEVARD)";"43,3678367562";"5,3441087702"
"202100001730";"22";"12";"2021";"13:45";"1";"13";"13203";"2";"1";"1";"3";"PLOMBIERES (BOULEVARD DES)";"43,3176092475";"5,3809922556"
"202100001731";"22";"12";"2021";"12:56";"1";"13";"13202";"2";"1";"1";"3";"CAMILLE PELLETAN (AVENUE)";"43,3032100000";"5,3738800000"
"202100001732";"22";"12";"2021";"07:20";"4";"13";"13001";"1";"1";"1";"1";"AMPERE  ANDRE (RUE)";"43,4845600000";"5,3821300000"
"202100001733";"23";"12";"2021";"00:00";"3";"11";"11069";"2";"1";"1";"7";"JUIN MARECHAL";"43,2118000000";"2,3744300000"
"202100001734";"22";"12";"2021";"09:30";"1";"11";"11069";"2";"2";"1";"3";"MONTREAL -ROUTE DE -";"43,2112857890";"2,3264998198"
"202100001735";"22";"12";"2021";"14:30";"1";"06";"06088";"2";"9";"1";"6";"BINET (RUE ALFRED)";"43,7100900000";"7,2599500000"
"202100001736";"22";"12";"2021";"19:30";"5";"03";"03098";"2";"2";"1";"3";"4 Avenue du 4 Septembre";"46,3542180000";"2,6143140000"
"202100001737";"22";"12";"2021";"09:10";"1";"75";"75113";"2";"1";"1";"2";"PORTE D IVRY";"48,8202730000";"2,3755600000"
"202100001738";"21";"12";"2021";"16:50";"2";"75";"75117";"2";"1";"1";"2";"BD PERIPHERIQUE INTERIEUR";"48,8907470000";"2,2994900000"
"202100001739";"20";"12";"2021";"12:15";"1";"75";"75116";"2";"4";"1";"3";"PORTE DE SAINT CLOUD";"48,8350959730";"2,2601526976"
"202100001740";"21";"12";"2021";"20:40";"5";"75";"75119";"2";"1";"1";"1";"RUE BOURET";"48,8807480000";"2,3760980000"
"202100001741";"22";"12";"2021";"18:00";"5";"75";"75118";"2";"3";"1";"6";"RUE DE CLIGNANCOURT";"48,8857040000";"2,3474180000"
"202100001742";"22";"12";"2021";"10:45";"1";"75";"75117";"2";"7";"1";"3";"PLACE DE WAGRAM";"48,8875780000";"2,3047760000"
"202100001743";"22";"12";"2021";"05:43";"5";"75";"75117";"2";"2";"1";"3";"RUE DE ROME";"48,8822060000";"2,3203510000"
"202100001744";"20";"12";"2021";"18:30";"5";"75";"75116";"2";"2";"1";"3";"ROUTE DE SURESNES";"48,8650290000";"2,2344470000"
"202100001745";"22";"12";"2021";"18:50";"5";"75";"75115";"2";"5";"1";"3";"QUAI D ISSY LES MOULINEAUX";"48,8354910000";"2,2669860000"
"202100001746";"22";"12";"2021";"12:20";"1";"75";"75112";"2";"2";"1";"3";"AVENUE DAUMESNIL";"48,8442760000";"2,3815810000"
"202100001747";"22";"12";"2021";"15:00";"1";"75";"75111";"2";"4";"8";"3";"BOULEVARD VOLTAIRE";"48,8529100000";"2,3884990000"
"202100001748";"22";"12";"2021";"16:55";"5";"75";"75109";"2";"3";"1";"6";"RUE DROUOT";"48,8732660000";"2,3405540000"
"202100001749";"22";"12";"2021";"18:15";"5";"75";"75108";"2";"1";"1";"6";"AVENUE DES CHAMPS ELYSEES";"48,8709430000";"2,3039810000"
"202100001750";"22";"12";"2021";"14:00";"1";"75";"75108";"2";"2";"1";"6";"AVENUE DES CHAMPS ELYSEES";"48,8704950000";"2,3052520000"
"202100001751";"22";"12";"2021";"07:25";"5";"75";"75108";"2";"2";"1";"3";"AVENUE WINSTON CHURCHILL";"48,8649280000";"2,3136540000"
"202100001752";"22";"12";"2021";"17:20";"5";"75";"75107";"2";"1";"1";"6";"AVENUE DE LOWENDAL";"48,8520600000";"2,3076300000"
"202100001753";"22";"12";"2021";"12:10";"1";"94";"94076";"2";"3";"1";"3";"Avenue de Stalingrad";"48,7839700000";"2,3673400000"
"202100001754";"21";"12";"2021";"07:07";"5";"94";"94079";"2";"3";"1";"6";"Route de Combault";"48,8233700000";"2,5584700000"
"202100001755";"22";"12";"2021";"09:50";"1";"93";"93059";"2";"1";"1";"3";"JEAN MERMOZ (BOULEVARD) DES NÂ°1A57 ET NÂ°";"48,9710000000";"2,3661600000"
"202100001756";"22";"12";"2021";"15:55";"1";"93";"93070";"2";"1";"8";"3";"JEAN-JAURES (BD)";"48,9147700000";"2,3373000000"
"202100001757";"22";"12";"2021";"17:00";"2";"93";"93055";"2";"3";"1";"1";"JEAN JAURES (AVENUE) (76/128)";"48,9058500000";"2,3946400000"
"202100001758";"20";"12";"2021";"19:00";"5";"93";"93061";"2";"2";"1";"6";"PERI GABRIEL RUE";"48,8856980860";"2,4054899293"
"202100001759";"22";"12";"2021";"13:00";"1";"93";"93031";"2";"1";"1";"7";"ALLIES (RUE DES)";"48,9526943804";"2,3049912276"
"202100001760";"21";"12";"2021";"08:25";"2";"92";"92020";"2";"1";"1";"3";"PARIS AVENUE DE NÂ°84 A FIN";"48,8068590000";"2,2933480000"
"202100001761";"11";"12";"2021";"20:50";"5";"92";"92040";"2";"7";"1";"3";"Quai de la Bataille de Stalingrad";"48,8213560594";"2,2499039769"
"202100001762";"22";"12";"2021";"19:20";"5";"92";"92023";"2";"3";"1";"3";"PORTE DE TRIVAUX (RUE DE LA) NÂ°1 A 55 ET";"48,7884652027";"2,2498181462"
"202100001763";"22";"12";"2021";"10:40";"1";"92";"92023";"2";"1";"1";"6";"GENERAL DE GAULLE (AVENUE DU)";"48,7796884637";"2,2373673320"
"202100001764";"22";"12";"2021";"18:30";"5";"92";"92012";"2";"1";"1";"6";"ALPHONSE LE GALLO (QUAI) 1/34";"48,8337800000";"2,2266800000"
"202100001765";"21";"12";"2021";"16:10";"1";"92";"92012";"2";"3";"1";"3";"GENERAL LECLERC (AVENUE DU) 35/FIN - 60/";"48,8309362379";"2,2346207500"
"202100001766";"13";"12";"2021";"15:30";"1";"974";"97415";"1";"6";"1";"1";"Chemin Grand Pourpier";" -20,9737320000";"55,3040490000"
"202100001767";"23";"12";"2021";"14:35";"1";"21";"21282";"1";"1";"1";"7";"Autoroute A6 PK227+300";"47,4719090000";"4,2169050000"
"202100001768";"24";"12";"2021";"13:20";"1";"01";"01354";"2";"1";"1";"3";"rue de GenÃ¨ve";"46,2424420000";"6,0235250000"
"202100001769";"22";"12";"2021";"12:23";"1";"79";"79307";"1";"2";"1";"2";"N/A";"46,1061490000";"0,1189610000"
"202100001770";"22";"12";"2021";"18:45";"3";"57";"57451";"1";"2";"1";"3";"route dÃ©partementale 674";"48,9181670000";"6,5746200000"
"202100001771";"23";"12";"2021";"22:00";"5";"51";"51535";"2";"1";"1";"7";"Rue de Vindey";"48,7158650000";"3,7240580000"
"202100001772";"23";"12";"2021";"18:00";"5";"56";"56193";"2";"1";"2";"6";"Rue de Kerdurand";"47,7126380000";" -3,3210920000"
"202100001773";"23";"12";"2021";"14:00";"1";"59";"59262";"1";"1";"1";"6";"Route de Fletre";"50,7819680000";"2,6369120000"
"202100001774";"24";"12";"2021";"07:45";"2";"79";"79216";"1";"2";"8";"6";"N/A";"46,2524860000";" -0,3223850000"
"202100001775";"23";"12";"2021";"17:34";"2";"2B";"2B074";"1";"1";"1";"1";"RT 20 PK 076.400";"42,2635264803";"9,1692066185"
"202100001776";"23";"12";"2021";"13:00";"1";"65";"65006";"1";"1";"1";"5";"D929";"42,8788810000";"0,3462680000"
"202100001777";"23";"12";"2021";"15:50";"1";"12";"12177";"1";"1";"1";"3";"Le Pont de Palmas cd 45";"44,3953390000";"2,8348700000"
"202100001778";"23";"12";"2021";"07:15";"2";"12";"12090";"1";"1";"8";"5";"D994";"44,3781190000";"2,4366050000"
"202100001779";"23";"12";"2021";"10:55";"1";"46";"46128";"2";"1";"1";"6";"Place de la RÃ©publique";"44,7797940000";"1,7255460000"
"202100001780";"24";"12";"2021";"10:00";"1";"34";"34193";"1";"1";"5";"7";"Route dÃ©partementale 612";"43,4732590000";"2,8730430000"
"202100001781";"7";"12";"2021";"09:45";"1";"25";"25265";"1";"2";"1";"3";"RD 1 - RD 14";"47,3181120000";"5,9590770000"
"202100001782";"24";"12";"2021";"14:40";"1";"44";"44015";"2";"6";"2";"3";"39 Rue de Nantes";"47,4750600000";" -1,7570670000"
"202100001783";"23";"12";"2021";"23:05";"3";"44";"44213";"1";"1";"2";"6";"Route de Belligne";"47,4454030000";" -0,9917310000"
"202100001784";"24";"12";"2021";"13:50";"1";"29";"29195";"2";"3";"1";"3";"Kreis Ker";"48,6195700000";" -4,5543690000"
"202100001785";"22";"12";"2021";"18:30";"2";"31";"31499";"2";"1";"1";"6";"31 avenue des PyrÃ©nÃ©es";"43,5097880000";"1,1721240000"
"202100001786";"22";"12";"2021";"10:00";"1";"38";"38389";"2";"1";"7";"6";"Rue Maitre Jacques";"45,5549610000";"5,0781830000"
"202100001787";"23";"12";"2021";"23:40";"3";"02";"02571";"1";"1";"1";"7";"Route DÃ©partementale 8";"49,8815420000";"3,3056830000"
"202100001788";"23";"12";"2021";"18:30";"4";"01";"01306";"2";"2";"1";"3";"Rue du Jouvancy";"46,2606190000";"4,8856490000"
"202100001789";"24";"12";"2021";"13:30";"1";"50";"50633";"1";"2";"1";"3";"Route de Pepinvast";"49,6304690000";" -1,3208810000"
"202100001790";"22";"12";"2021";"15:20";"1";"18";"18038";"1";"1";"1";"6";"D2144";"46,7480360000";"2,4618600000"
"202100001791";"23";"12";"2021";"17:50";"3";"43";"43137";"1";"1";"1";"6";"La Chomette";"45,2814170000";"4,1612220000"
"202100001792";"20";"12";"2021";"07:20";"2";"10";"10250";"1";"1";"1";"6";"Pr 112, RD 619";"48,2585270000";"4,6745970000"
"202100001793";"22";"12";"2021";"21:30";"3";"27";"27389";"1";"1";"1";"7";"Rte de Saint Aubin d Ecrosville";"49,1473840000";"0,9772250000"
"202100001794";"23";"12";"2021";"23:15";"3";"37";"37050";"1";"1";"2";"6";"N/A";"47,3274140172";"0,6923988461"
"202100001795";"24";"12";"2021";"13:45";"1";"30";"30259";"2";"1";"2";"7";"568 Ancien Chemin de MÃ©jannes";"44,1098000000";"4,1201000000"
"202100001796";"28";"11";"2021";"10:45";"1";"08";"08067";"1";"1";"1";"7";"RD8043";"49,6144920000";"5,2037430000"
"202100001797";"23";"12";"2021";"20:11";"3";"44";"44109";"1";"1";"2";"2";"A11";"47,2815180000";" -1,5121810000"
"202100001798";"20";"12";"2021";"20:00";"5";"06";"06059";"1";"1";"1";"7";"A500 PK 550+000, chaussÃ©e nord";"43,7451270000";"7,3724910000"
"202100001799";"23";"12";"2021";"12:15";"1";"51";"51454";"1";"1";"1";"7";"A26";"49,2932296651";"3,9915293455"
"202100001800";"10";"12";"2021";"17:39";"3";"34";"34146";"1";"1";"1";"4";"Autoroute A9/PK80/Sens NIMES/MTP";"43,6978590000";"4,1059150000"
"202100001801";"23";"12";"2021";"23:35";"5";"38";"38288";"2";"3";"1";"3";"RD 75";"45,5669860000";"5,0081130000"
"202100001802";"24";"12";"2021";"14:00";"1";"986";"98611";"1";"1";"1";"6";"Ava";" -14,2986120000";" -178,0857950000"
"202100001803";"24";"12";"2021";"08:20";"2";"95";"95011";"1";"1";"2";"1";"RD 86";"49,1482890000";"1,6850390000"
"202100001804";"22";"12";"2021";"09:25";"1";"04";"04041";"1";"1";"1";"6";"RD 12";"43,9294570000";"5,9606620000"
"202100001805";"23";"12";"2021";"20:08";"3";"13";"13041";"1";"1";"2";"1";"Route de Greasque";"43,4486030000";"5,5110070000"
"202100001806";"24";"12";"2021";"11:45";"1";"42";"42147";"2";"1";"1";"6";"6 Avenue Paul CÃ©zanne";"45,6112469712";"4,0553417802"
"202100001807";"24";"12";"2021";"09:00";"1";"26";"26290";"1";"3";"8";"3";"Route de Saint Agnan en Vercors";"44,9535060000";"5,4272170000"
"202100001808";"24";"12";"2021";"14:55";"1";"01";"01424";"1";"2";"2";"3";"D38";"45,8748510000";"4,9759750000"
"202100001809";"24";"12";"2021";"11:10";"1";"81";"81099";"1";"1";"1";"4";"D968";"43,8902660000";"1,8836780000"
"202100001810";"23";"12";"2021";"16:00";"1";"81";"81099";"1";"2";"1";"3";"Chemin Toulze";"43,9185920000";"1,8820630000"
"202100001811";"24";"12";"2021";"03:00";"3";"86";"86102";"1";"1";"2";"6";"D40";"46,6500680000";"0,1508610000"
"202100001812";"24";"12";"2021";"12:00";"1";"86";"86115";"1";"1";"1";"1";"Rue des Terres Rouges";"46,7083870000";"0,3652790000"
"202100001813";"23";"12";"2021";"07:50";"3";"29";"29042";"1";"1";"2";"6";"D791 - Pennahoat";"48,2523700000";" -4,3913340000"
"202100001814";"23";"12";"2021";"00:15";"3";"22";"22144";"1";"1";"1";"1";"la ville  JÃ©gu";"48,4920090000";" -2,8476050000"
"202100001815";"23";"12";"2021";"19:00";"3";"35";"35304";"1";"1";"1";"1";"D102";"48,3123140000";" -1,4306580000"
"202100001816";"24";"12";"2021";"11:42";"1";"60";"60120";"1";"1";"8";"7";"D137";"49,3227938365";"2,4095206259"
"202100001817";"22";"12";"2021";"14:10";"1";"60";"60367";"1";"1";"9";"3";"D923";"49,2609850000";"1,9090460000"
"202100001818";"23";"12";"2021";"17:45";"5";"59";"59389";"2";"1";"2";"6";"Rue Lain";"50,1080460000";"3,2078470000"
"202100001819";"21";"12";"2021";"19:55";"3";"83";"83126";"1";"1";"1";"6";"A50";"43,1201000000";"5,8499300000"
"202100001820";"30";"09";"2021";"07:15";"1";"69";"69029";"1";"1";"1";"2";"LAURENT BONNEVAY (BD)";"45,7478412225";"4,9069404602"
"202100001821";"22";"12";"2021";"17:20";"2";"33";"33122";"1";"1";"1";"4";"AUTOROUTE A 63";"44,7486250000";" -0,6977590000"
"202100001822";"22";"12";"2021";"06:15";"5";"33";"33249";"1";"1";"3";"6";"ROCADE A630";"44,8849200000";" -0,5123200000"
"202100001823";"22";"12";"2021";"17:15";"2";"91";"91312";"1";"1";"1";"2";"RD 444";"48,7445000000";"2,2224000000"
"202100001824";"22";"12";"2021";"16:50";"3";"91";"91161";"1";"1";"1";"4";"AUTOROUTE A6";"48,7049200000";"2,3061700000"
"202100001825";"22";"12";"2021";"05:10";"3";"91";"91689";"1";"1";"1";"2";"AUTOROUTE A6A";"48,7470426527";"2,3260545731"
"202100001826";"21";"12";"2021";"23:40";"3";"91";"91136";"1";"1";"1";"3";"RN20";"48,7055100000";"2,2876700000"
"202100001827";"22";"12";"2021";"10:30";"1";"92";"92036";"1";"1";"1";"2";"A86";"48,9345665738";"2,2803041270"
"202100001828";"21";"12";"2021";"18:00";"3";"92";"92062";"1";"1";"1";"2";"RN1013";"48,8901557848";"2,2421291105"
"202100001829";"18";"05";"2021";"15:59";"1";"29";"29232";"2";"1";"1";"3";"Route de Brest";"48,0171300000";" -4,0830300000"
"202100001830";"21";"12";"2021";"21:35";"5";"976";"97611";"2";"4";"1";"1";"convalescence/vetivers-Seize Villas ( ru";" -12,7804200000";"45,2242700000"
"202100001831";"14";"12";"2021";"20:11";"5";"976";"97611";"2";"1";"1";"6";"cavani-Briquetterie ( rue de la )";" -12,7822020000";"45,2229140000"
"202100001832";"21";"12";"2021";"19:00";"2";"974";"97416";"2";"1";"1";"3";"PERE MAITRE(RUE DU)";" -21,2836100000";"55,4661800000"
"202100001833";"20";"12";"2021";"23:40";"3";"974";"97416";"2";"1";"1";"6";"RN3 (1)";" -21,3246900000";"55,4865500000"
"202100001834";"21";"12";"2021";"16:50";"1";"973";"97302";"2";"1";"2";"2";"CABASSOU (ROUTE DE)";"4,9184300000";" -52,3154300000"
"202100001835";"21";"12";"2021";"08:35";"1";"69";"69383";"2";"2";"1";"3";"FERDINAND BUISSON (R)";"45,7519961461";"4,8960399628"
"202100001836";"21";"12";"2021";"16:25";"1";"972";"97213";"1";"1";"1";"3";"ROUTE NATIONALE 1";"14,6251300000";" -60,9801940000"
"202100001837";"21";"12";"2021";"17:55";"5";"972";"97213";"1";"1";"1";"2";"AUTOROUTE A1";"14,6180110000";" -61,0330860000"
"202100001838";"20";"12";"2021";"19:30";"5";"69";"69389";"2";"9";"8";"3";"PAUL SEDAILLIAN (Q)";"45,7925500000";"4,8207800000"
"202100001839";"20";"12";"2021";"20:30";"5";"69";"69286";"2";"3";"1";"6";"EUROPE (DE L') (AV)";"45,8180129320";"4,9032819271"
"202100001840";"20";"12";"2021";"19:15";"5";"95";"95388";"2";"3";"1";"6";"RD 81";"49,0280436649";"1,9879460335"
"202100001841";"21";"12";"2021";"11:40";"1";"91";"91421";"2";"9";"1";"6";"REPUBLIQUE (AVENUE DE LA)";"48,7062530000";"2,4557580000"
"202100001842";"21";"12";"2021";"23:20";"5";"91";"91589";"2";"1";"1";"7";"BD ARISTIDE BRIAND";"48,6853800000";"2,3459900000"
"202100001843";"21";"12";"2021";"10:00";"1";"88";"88413";"2";"9";"7";"1";"Rue du 31Ã©me BCP";"48,2861800000";"6,9564900000"
"202100001844";"19";"12";"2021";"20:52";"5";"87";"87085";"2";"1";"1";"6";"BENEDICTINS (RAMPE DES)";"45,8359000000";"1,2672600000"
"202100001845";"21";"12";"2021";"07:45";"2";"83";"83137";"2";"2";"1";"3";"BARROIS (RUE DU DOCTEUR)";"43,1301200000";"5,9479800000"
"202100001846";"18";"12";"2021";"11:35";"1";"83";"83141";"2";"9";"1";"1";"PEICAL(ROUTE DU)";"43,4909840000";"6,4971200000"
"202100001847";"18";"12";"2021";"14:00";"1";"80";"80021";"2";"2";"1";"3";"CHATEAUDUN (BOULEVARD DE)";"49,8837800000";"2,2822700000"
"202100001848";"21";"12";"2021";"20:20";"5";"78";"78146";"2";"2";"1";"3";"GENERAL LECLERC (RUE DU)";"48,8963900000";"2,1528000000"
"202100001849";"21";"12";"2021";"10:05";"1";"78";"78551";"1";"1";"1";"2";"RN 13";"48,8870200000";"2,0904400000"
"202100001850";"9";"12";"2021";"21:40";"5";"78";"78005";"1";"1";"8";"2";"RD 30";"48,9515140000";"2,0600780000"
"202100001851";"21";"12";"2021";"11:15";"1";"76";"76474";"1";"1";"1";"2";"CD 43 (AVENUE DU BOIS DES DAMES)";"49,4766400000";"1,0655270000"
"202100001852";"21";"12";"2021";"13:40";"1";"71";"71499";"1";"1";"1";"7";"Rue du Stade";"46,6519750000";"4,3154400000"
"202100001853";"20";"12";"2021";"17:25";"2";"71";"71306";"2";"1";"1";"3";"JULES CHAGOT (QUAI)";"46,6770352349";"4,3633426579"
"202100001854";"15";"12";"2021";"16:45";"2";"70";"70550";"2";"3";"1";"3";"VERDUN (RUE)";"47,6188300000";"6,1578500000"
"202100001855";"21";"12";"2021";"14:00";"1";"69";"69290";"2";"1";"1";"2";"HEYRIEUX (D') (RTE)";"45,6823500000";"4,9546000000"
"202100001856";"21";"12";"2021";"08:05";"1";"67";"67482";"2";"1";"1";"3";"LIVIO (RUE)";"48,5529900000";"7,7395300000"
"202100001857";"21";"12";"2021";"17:40";"5";"67";"67462";"2";"1";"1";"5";"GENERAL DE GAULLE (AVENUE DU)";"48,2612400000";"7,4436800000"
"202100001858";"19";"12";"2021";"20:16";"3";"66";"66136";"1";"1";"1";"1";"PRADES (AVENUE DE ) ST CHARLES";"42,6927303774";"2,8463213146"
"202100001859";"21";"12";"2021";"18:00";"2";"65";"65286";"2";"1";"1";"2";"ROMAIN (BOULEVARD DU CDT CELESTIN)";"43,0999600000";" -0,0495000000"
"202100001860";"6";"12";"2021";"07:30";"2";"62";"62724";"1";"1";"1";"1";"RD 40";"50,3984780000";"2,8892210000"
"202100001861";"11";"12";"2021";"00:35";"5";"59";"59378";"2";"8";"1";"6";"REPUBLIQUE AV DE LA (NÂ°834-920)";"50,6603106105";"3,0941428457"
"202100001862";"3";"12";"2021";"12:15";"1";"59";"59350";"2";"2";"1";"6";"ZOLA EMILE RUE";"50,6334900000";"3,0053100000"
"202100001863";"21";"12";"2021";"14:52";"1";"59";"59183";"2";"1";"1";"1";"KLEBER - AVENUE";"51,0489480759";"2,4007916093"
"202100001864";"18";"12";"2021";"18:10";"5";"56";"56162";"2";"1";"1";"7";"DOUAR GUENN";"47,7382951000";" -3,4561872000"
"202100001865";"18";"12";"2021";"20:00";"5";"56";"56121";"2";"6";"1";"2";"KERNITRA ( PL. DE )";"47,7620300000";" -3,3960600000"
"202100001866";"17";"12";"2021";"15:58";"1";"56";"56121";"2";"1";"1";"6";"PERAULT (RUE )";"47,7449100000";" -3,3638100000"
"202100001867";"21";"12";"2021";"08:00";"1";"54";"54498";"1";"1";"1";"5";"RM 674";"48,7219800000";"6,2715200000"
"202100001868";"21";"12";"2021";"09:00";"1";"54";"54482";"2";"3";"1";"3";"ALEXANDRE 1ER (RUE)";"48,7008100000";"6,2019600000"
"202100001869";"20";"12";"2021";"17:18";"3";"54";"54184";"1";"1";"1";"5";"AGINCOURT  (ROUTE RD 83";"48,7175244792";"6,2409510612"
"202100001870";"21";"12";"2021";"13:52";"1";"49";"49007";"2";"5";"1";"3";"LETANDUERE";"47,4569200000";" -0,5542100000"
"202100001871";"21";"12";"2021";"13:15";"1";"49";"49007";"2";"1";"1";"3";"COUPERIN";"47,4672900000";" -0,5296100000"
"202100001872";"21";"12";"2021";"12:11";"1";"49";"49267";"2";"1";"1";"6";"ROMANERIE BOULEVARD";"47,4825469938";" -0,5028090478"
"202100001873";"20";"12";"2021";"02:20";"5";"37";"37214";"2";"1";"1";"6";"LOIRE (QUAI DE LA)";"47,3989810183";"0,6729501486"
"202100001874";"21";"12";"2021";"19:00";"3";"37";"37195";"2";"1";"1";"6";"PONT LIBERT (RUE DU)";"47,3787967731";"0,6303720921"
"202100001875";"21";"12";"2021";"06:40";"3";"37";"37195";"2";"1";"1";"6";"N/A";"47,3765509280";"0,6511035562"
"202100001876";"21";"12";"2021";"18:00";"3";"35";"35238";"1";"1";"1";"4";"N136";"48,1404300000";" -1,6368500000"
"202100001877";"21";"12";"2021";"11:00";"1";"35";"35055";"1";"1";"1";"2";"VOIE DE LA LIBERTE";"48,0793400000";" -1,6339300000"
"202100001878";"21";"12";"2021";"19:10";"5";"33";"33249";"2";"6";"1";"2";"Avenue de la LibÃ©ration";"44,8677400000";" -0,5231900000"
"202100001879";"21";"12";"2021";"18:40";"5";"33";"33167";"2";"1";"1";"2";"Boulevard de l'Entre-Deux-Mers";"44,8436100000";" -0,5187600000"