"Num_Acc";"jour";"mois";"an";"hrmn";"lum";"dep";"com";"agg";"int";"atm";"col";"adr";"lat";"long"
"202100002256";"18";"12";"2021";"19:15";"5";"13";"13047";"2";"1";"1";"3";"BATTAGE IMPASSE DU";"43,4999700000";"4,9791800000"
"202100002257";"17";"12";"2021";"18:15";"5";"13";"13042";"2";"4";"1";"3";"GEMENOS (ROUTE DE CD2)";"43,2973882516";"5,6229558672"
"202100002258";"17";"12";"2021";"17:06";"2";"11";"11069";"2";"3";"1";"3";"MINERVOISE -ROUTE-";"43,2231700000";"2,3601200000"
"202100002259";"18";"12";"2021";"07:39";"5";"10";"10387";"2";"3";"1";"6";"LUCIEN MOREL PAYEN (RUE)";"48,3059000000";"4,0926000000"
"202100002260";"17";"12";"2021";"17:45";"5";"09";"09207";"2";"1";"1";"2";"20 (R.N.) COTE SUD DU TUNNEL";"42,9416960000";"1,6232260000"
"202100002261";"17";"12";"2021";"08:10";"1";"07";"07102";"2";"1";"1";"6";"LANGUEDOC (Rue du)";"44,9262300000";"4,8681200000"
"202100002262";"17";"12";"2021";"12:00";"1";"07";"07019";"2";"1";"1";"6";"INDUSTRIE (RUE DE L')";"44,6186600000";"4,3893000000"
"202100002263";"17";"12";"2021";"14:45";"1";"75";"75114";"2";"4";"1";"3";"PORTE D ORLEANS";"48,8205320000";"2,3231120000"
"202100002264";"17";"12";"2021";"13:15";"1";"75";"75113";"2";"1";"1";"5";"PORTE D IVRY";"48,8212060000";"2,3778900000"
"202100002265";"18";"12";"2021";"12:45";"1";"75";"75119";"2";"3";"1";"3";"BOULEVARD DE LA VILLETTE";"48,8743820000";"2,3745010000"
"202100002266";"18";"12";"2021";"06:20";"5";"75";"75109";"2";"7";"1";"6";"BOULEVARD DE CLICHY";"48,8823380000";"2,3369610000"
"202100002267";"18";"12";"2021";"17:30";"5";"75";"75108";"2";"3";"1";"2";"BOULEVARD MALESHERBES";"48,8801000000";"2,3134740000"
"202100002268";"18";"12";"2021";"13:50";"1";"75";"75117";"2";"1";"1";"3";"RUE DE COURCELLES";"48,8890230000";"2,2932720000"
"202100002269";"18";"12";"2021";"14:00";"1";"75";"75116";"2";"1";"1";"6";"AVENUE KLEBER";"48,8685300000";"2,2911900000"
"202100002270";"18";"12";"2021";"10:30";"1";"75";"75115";"2";"2";"1";"3";"BOULEVARD LEFEBVRE";"48,8381670000";"2,2706610000"
"202100002271";"17";"12";"2021";"13:33";"1";"75";"75114";"2";"1";"1";"7";"RUE DU MONTPARNASSE";"48,8416980000";"2,3252480000"
"202100002272";"18";"12";"2021";"01:05";"5";"75";"75111";"2";"2";"1";"5";"RUE DU FAUBOURG SAINT ANTOINE";"48,8512920000";"2,3761340000"
"202100002273";"18";"12";"2021";"09:45";"1";"75";"75110";"2";"1";"1";"6";"AVENUE PARMENTIER";"48,8703740000";"2,3707630000"
"202100002274";"17";"12";"2021";"17:15";"5";"75";"75108";"2";"2";"1";"3";"PONT ALEXANDRE III";"48,8646670000";"2,3136630000"
"202100002275";"18";"12";"2021";"11:40";"1";"94";"94042";"2";"2";"1";"3";"Boulevard de Polangis";"48,8259500000";"2,4765800000"
"202100002276";"18";"12";"2021";"10:25";"1";"94";"94052";"2";"1";"1";"6";"Rue Paul Bert";"48,8399000000";"2,4810800000"
"202100002277";"18";"12";"2021";"19:20";"5";"94";"94046";"2";"1";"1";"3";"Rue Jean JaurÃ¨s";"48,7932700000";"2,4343500000"
"202100002278";"18";"12";"2021";"17:30";"5";"94";"94016";"2";"2";"1";"3";"LEON BLUM (AV)";"48,7868100000";"2,3372900000"
"202100002279";"17";"12";"2021";"14:30";"1";"94";"94028";"2";"3";"1";"1";"Rue Henri Doucet";"48,7789300000";"2,4706500000"
"202100002280";"18";"12";"2021";"09:25";"1";"94";"94071";"2";"6";"1";"3";"Rue de BrÃ©vannes";"48,7641600000";"2,5126930000"
"202100002281";"18";"12";"2021";"20:22";"5";"93";"93066";"2";"1";"1";"6";"POULIES (PLACE)";"48,9381803624";"2,3605839001"
"202100002282";"17";"12";"2021";"22:25";"5";"93";"93064";"2";"1";"1";"6";"QUATRIEME ZOUAVES (RUE DU)";"48,8731270106";"2,4807107449"
"202100002283";"17";"12";"2021";"08:05";"2";"93";"93046";"2";"6";"1";"3";"GALILEE ALLEE";"48,9152111089";"2,5169804692"
"202100002284";"18";"12";"2021";"20:48";"4";"93";"93007";"2";"2";"1";"3";"GEORGES GUYNEMER (AVENUE)";"48,9463700000";"2,4423000000"
"202100002285";"18";"12";"2021";"10:00";"1";"93";"93001";"2";"1";"1";"6";"REPUBLIQUE (AVE DE LA ) 43/106 =>";"48,9043500000";"2,3913500000"
"202100002286";"18";"12";"2021";"21:00";"5";"92";"92046";"2";"1";"1";"6";"PIERRE BROSSOLETTE (AVENUE)";"48,8219941739";"2,3135957122"
"202100002287";"18";"12";"2021";"20:40";"5";"92";"92050";"2";"2";"1";"6";"JOFFRE MARECHAL AVENUE DU";"48,8853710265";"2,1958816051"
"202100002288";"18";"12";"2021";"14:30";"1";"92";"92048";"2";"1";"1";"6";"REPUBLIQUE (RUE DE LA) NÂ° 1 A 45";"48,8075235098";"2,2360342741"
"202100002289";"18";"12";"2021";"13:55";"1";"92";"92040";"2";"1";"1";"6";"Quai du PrÃ©sident Roosevelt";"48,8314054800";"2,2620959580"
"202100002290";"18";"12";"2021";"00:15";"5";"92";"92026";"2";"2";"1";"3";"BAUDIN";"48,8951210105";"2,2500769794"
"202100002291";"18";"12";"2021";"17:35";"2";"92";"92012";"2";"1";"1";"3";"PIERRE GRENIER (AVENUE)";"48,8264700000";"2,2491700000"
"202100002292";"18";"12";"2021";"15:00";"1";"92";"92012";"2";"1";"1";"7";"CHARLES DE GAULLE (AVENUE) COTE IMPAIR";"48,8471500000";"2,2369200000"
"202100002293";"18";"12";"2021";"11:20";"1";"92";"92012";"2";"2";"1";"3";"LONGS PRES (RUE DES)";"48,8314800000";"2,2469400000"
"202100002294";"18";"12";"2021";"07:20";"5";"92";"92012";"2";"2";"1";"3";"REPUBLIQUE (BOULEVARD DE LA) 5/77BIS - 6";"48,8320806769";"2,2530716658"
"202100002295";"18";"12";"2021";"19:10";"5";"92";"92007";"2";"3";"1";"6";"BUTTES (RUE DES)";"48,7955403686";"2,3142541945"
"202100002296";"18";"12";"2021";"08:17";"2";"92";"92007";"2";"1";"1";"2";"BRIAND (AVENUE ARISTIDE) NÂ° 162 A 300";"48,7938597095";"2,3208564520"
"202100002297";"18";"12";"2021";"09:00";"1";"92";"92007";"2";"1";"1";"6";"FABIEN (RUE DU COLONEL)";"48,8075270428";"2,3172569275"
"202100002298";"19";"12";"2021";"14:20";"1";"11";"11115";"1";"1";"1";"7";"D118";"43,3551880000";"2,2737190000"
"202100002299";"19";"12";"2021";"20:00";"3";"08";"08343";"1";"1";"1";"2";"D8043";"49,6751400000";"5,0952360000"
"202100002300";"18";"12";"2021";"00:50";"5";"36";"36068";"2";"1";"1";"6";"N/A";"47,2065810000";"1,7516460000"
"202100002301";"20";"12";"2021";"08:00";"2";"81";"81014";"2";"1";"1";"6";"Route de Saint Pons";"43,5642580000";"2,5636190000"
"202100002302";"20";"12";"2021";"06:00";"2";"972";"97225";"2";"1";"1";"6";"D10";"14,7607730000";" -61,1892130000"
"202100002303";"19";"12";"2021";"23:10";"3";"50";"50407";"1";"1";"1";"2";"N/A";"48,6358090000";" -1,3411690000"
"202100002304";"19";"12";"2021";"17:25";"2";"14";"14579";"1";"1";"1";"6";"A84";"49,0503510000";" -0,7180620000"
"202100002305";"19";"12";"2021";"12:10";"1";"31";"31157";"2";"2";"1";"3";"Rue de la Vieille Ãglise";"43,5328650000";"1,3435080000"
"202100002306";"20";"12";"2021";"08:00";"3";"82";"82113";"1";"1";"5";"6";"""Clairette""";"44,1697920000";"1,3760110000"
"202100002307";"15";"12";"2021";"22:45";"5";"63";"63178";"2";"3";"5";"7";"avenue de la gare";"45,5440347638";"3,2535181940"
"202100002308";"20";"12";"2021";"07:05";"3";"49";"49215";"1";"2";"1";"3";"D347";"47,1138240000";" -0,1227920000"
"202100002309";"20";"12";"2021";"02:30";"3";"49";"49373";"2";"1";"1";"6";"Rue du Lys";"47,1619480000";" -0,5474330000"
"202100002310";"18";"12";"2021";"11:50";"1";"42";"42208";"1";"4";"5";"1";"Lieu Dit les MaladiÃ¨res";"45,5442830000";"4,4608520000"
"202100002311";"20";"12";"2021";"05:40";"3";"68";"68092";"1";"1";"9";"6";"Willerhof";"47,5296780000";"7,3891310000"
"202100002312";"19";"12";"2021";"19:50";"3";"39";"39171";"1";"1";"2";"1";"N/A";"46,6706930000";"5,4518040000"
"202100002313";"17";"12";"2021";"15:00";"1";"44";"44048";"1";"1";"1";"7";"D723";"47,3574760000";" -1,3251290000"
"202100002314";"3";"12";"2021";"18:00";"5";"35";"35188";"2";"1";"2";"6";"Boulevard de la Duchesse Anne";"48,1414100000";" -1,9638010000"
"202100002315";"20";"12";"2021";"10:30";"1";"29";"29195";"1";"1";"8";"6";"D52 - Lieu Dit Enez Kadeg";"48,5982573219";" -4,4672083855"
"202100002316";"11";"12";"2021";"09:45";"1";"84";"84070";"2";"1";"1";"3";"Route de Blauvac";"44,0332740000";"5,1730480000"
"202100002317";"17";"12";"2021";"15:45";"1";"60";"60129";"2";"2";"1";"2";"D598";"49,5153860000";"3,0201880000"
"202100002318";"19";"12";"2021";"14:55";"1";"53";"53272";"1";"1";"8";"7";"Rd20 PK6+600";"48,4079030000";" -0,2255850000"
"202100002319";"18";"12";"2021";"18:15";"1";"27";"27226";"1";"3";"1";"3";"Route de Doudeauville";"49,3140020000";"1,6037250000"
"202100002320";"19";"12";"2021";"10:00";"1";"23";"23151";"1";"1";"5";"6";"D54";"46,0832480000";"2,2202970000"
"202100002321";"18";"12";"2021";"17:00";"2";"37";"37167";"2";"1";"1";"6";"1 Avenue de la Liberation";"47,5466425758";"0,5467884243"
"202100002322";"19";"12";"2021";"19:30";"3";"69";"69112";"1";"1";"5";"3";"A89 - PK 538.000";"45,8221600000";"4,6882010000"
"202100002323";"17";"12";"2021";"07:50";"2";"57";"57468";"1";"1";"8";"6";"A4";"48,7770080000";"7,2346260000"
"202100002324";"20";"12";"2021";"16:30";"1";"976";"97616";"1";"1";"1";"3";"Plage de Mtsanga Beach";" -12,8840030000";"45,1306770000"
"202100002325";"17";"12";"2021";"06:20";"3";"27";"27701";"1";"1";"1";"5";"Autoroute A.13 (PK 098.500)";"49,2489270000";"1,1760520000"
"202100002326";"19";"02";"2021";"14:00";"1";"978";"97801";"2";"1";"1";"3";"route de Sandy Ground";"18,0580230000";" -63,1028960000"
"202100002327";"18";"12";"2021";"23:30";"3";"78";"78601";"1";"1";"1";"2";"N10";"48,6171940000";"1,8313480000"
"202100002328";"19";"12";"2021";"09:50";"1";"66";"66088";"2";"6";"1";"2";"Rue du Riberal";"42,6777555974";"2,6329207420"
"202100002329";"23";"11";"2021";"18:00";"3";"11";"11285";"1";"1";"3";"5";"RD 6009";"43,0967840000";"2,9474260000"
"202100002330";"20";"12";"2021";"16:15";"1";"05";"05065";"1";"1";"1";"1";"Rn 94";"44,6606670000";"6,6046920000"
"202100002331";"20";"12";"2021";"14:10";"1";"05";"05021";"1";"3";"1";"4";"Plateau des GrÃ¨s";"44,3966960000";"5,7364400000"
"202100002332";"19";"12";"2021";"17:13";"2";"13";"13086";"1";"1";"9";"1";"Route Saint Vincent";"43,3577000000";"5,6099580000"
"202100002333";"19";"12";"2021";"17:40";"3";"13";"13096";"1";"1";"1";"1";"D570";"43,5756650000";"4,4292070000"
"202100002334";"20";"12";"2021";"18:45";"3";"63";"63204";"1";"1";"2";"6";"D2, route de pont du chateau";"45,7982849841";"3,2050654292"
"202100002335";"20";"12";"2021";"14:00";"1";"38";"38170";"2";"1";"1";"3";"Les Quatre SeterÃ©es";"45,2514950000";"5,6563260000"
"202100002336";"17";"12";"2021";"17:20";"2";"31";"31486";"1";"2";"1";"1";"D15";"43,4250370000";"1,2801970000"
"202100002337";"17";"12";"2021";"19:57";"3";"33";"33535";"1";"9";"1";"1";"Avenue de Senailhac";"44,8596960000";" -0,4705130000"
"202100002338";"17";"12";"2021";"10:30";"1";"22";"22162";"2";"9";"7";"6";"Rue Raymond Pellier";"48,7774001770";" -3,0431377892"
"202100002339";"19";"12";"2021";"20:25";"3";"27";"27410";"1";"3";"1";"3";"N13";"49,0128510000";"1,2822460000"
"202100002340";"20";"12";"2021";"15:10";"1";"60";"60002";"1";"1";"1";"7";"rue du moulin";"49,3550574484";"2,1487498282"
"202100002341";"17";"12";"2021";"15:41";"1";"13";"13019";"1";"1";"1";"3";"A51-Sens Marseille vers Aix en Provence";"43,4244075473";"5,3755434254"
"202100002342";"16";"12";"2021";"22:45";"5";"69";"69271";"1";"1";"1";"2";"RN346  34.850 A 36.215";"45,7533986234";"4,9855399132"
"202100002343";"18";"12";"2021";"15:12";"1";"91";"91161";"1";"1";"1";"4";"AUTOROUTE A6";"48,7093600000";"2,3070500000"
"202100002344";"18";"12";"2021";"16:10";"1";"91";"91560";"1";"1";"1";"4";"RN 104";"48,6571000000";"2,1790000000"
"202100002345";"17";"12";"2021";"19:55";"3";"77";"77251";"1";"1";"1";"6";"AUTOROUTE A5A";"48,6261729017";"2,5390565473"
"202100002346";"18";"12";"2021";"18:00";"3";"78";"78206";"1";"1";"1";"2";"A13";"48,9532400000";"1,9404400000"
"202100002347";"17";"12";"2021";"22:35";"5";"92";"92064";"1";"1";"1";"3";"A13";"48,8395693208";"2,2020814717"
"202100002348";"17";"12";"2021";"20:55";"3";"93";"93053";"1";"1";"1";"5";"AUTOROUTE A3";"48,8958375835";"2,4707170752"
"202100002349";"18";"12";"2021";"13:40";"1";"93";"93005";"1";"1";"1";"3";"AUTOROUTE A3";"48,9314117644";"2,4811711212"
"202100002350";"18";"12";"2021";"01:40";"3";"95";"95028";"1";"1";"1";"2";"RN 104";"49,0621900000";"2,3619800000"
"202100002351";"18";"12";"2021";"14:40";"1";"75";"75112";"1";"1";"1";"2";"A4";"48,8209487395";"2,4616080523"
"202100002352";"18";"12";"2021";"12:40";"1";"94";"94028";"1";"1";"1";"2";"A86 EXT";"48,8029982078";"2,4483847618"
"202100002353";"18";"12";"2021";"07:00";"3";"77";"77294";"1";"1";"1";"2";"A104";"48,9539340089";"2,6275581551"
"202100002354";"18";"12";"2021";"02:35";"3";"93";"93051";"1";"1";"1";"6";"A4";"48,8355000000";"2,5644000000"
"202100002355";"18";"12";"2021";"01:15";"3";"77";"77121";"1";"1";"1";"6";"A104";"48,8356202476";"2,6652586257"
"202100002356";"16";"10";"2021";"23:00";"5";"78";"78190";"2";"6";"1";"3";"PONTS (RUE DES)";"48,8720200000";"2,1377500000"
"202100002357";"8";"09";"2021";"11:45";"1";"86";"86053";"2";"1";"2";"6";"3 Rue de Champs DorÃ©";"46,7032450000";"0,1582150000"
"202100002358";"16";"12";"2021";"20:20";"5";"987";"98736";"1";"1";"1";"7";"PAUL BERNIERE (RUE)";" -17,5419000000";" -149,5528700000"
"202100002359";"15";"12";"2021";"13:35";"1";"974";"97411";"2";"1";"1";"3";"AUBER (RUE JULES)";" -20,8797840410";"55,4531335829"
"202100002360";"17";"12";"2021";"08:54";"1";"973";"97302";"2";"1";"1";"2";"GALMOT (AVENUE)";"4,9309368903";" -52,3296863437"
"202100002361";"17";"12";"2021";"14:15";"1";"69";"69388";"2";"8";"1";"3";"ETERNITE (DE L') (R)";"45,7408929899";"4,8585158587"
"202100002362";"17";"12";"2021";"15:50";"1";"69";"69388";"2";"1";"1";"3";"PROFESSEUR BEAUVISAGE (DU) (R)";"45,7281419100";"4,8636804521"
"202100002363";"17";"12";"2021";"14:05";"1";"69";"69383";"2";"2";"1";"1";"ALBERT THOMAS (CR)";"45,7444330685";"4,8745749146"
"202100002364";"17";"12";"2021";"08:50";"1";"69";"69199";"2";"9";"1";"1";"ANATOLE FRANCE (R)";"45,7108442523";"4,8530763388"
"202100002365";"17";"12";"2021";"12:00";"1";"972";"97209";"2";"2";"1";"6";"EMILE ZOLA (RUE)";"14,6100100000";" -61,0706900000"
"202100002366";"16";"12";"2021";"21:41";"5";"972";"97209";"2";"1";"1";"6";"MOUTTE (ROUTE DE)";"14,6188500000";" -61,0559300000"
"202100002367";"17";"12";"2021";"12:00";"1";"69";"69382";"2";"1";"1";"6";"EMILE ZOLA (R)";"45,7589000000";"4,8326600000"
"202100002368";"17";"12";"2021";"09:00";"1";"69";"69385";"2";"1";"1";"3";"ROMAIN ROLLAND (Q)";"45,7611500000";"4,8285600000"
"202100002369";"17";"12";"2021";"03:20";"5";"69";"69149";"2";"1";"1";"6";"GRAND REVOYET (DU) (CHM)";"45,7068435255";"4,8027259111"
"202100002370";"16";"12";"2021";"12:50";"1";"69";"69389";"2";"1";"2";"3";"SAINT-CYR (DE) (R)";"45,7884700000";"4,8080600000"
"202100002371";"17";"12";"2021";"20:35";"5";"2B";"2B033";"2";"2";"1";"3";"ROUTE ROYALE";"42,6761440000";"9,4384850000"
"202100002372";"17";"12";"2021";"21:15";"5";"2B";"2B033";"2";"4";"1";"3";"CAPITAINE THEN";"42,6732724737";"9,4371881582"
"202100002373";"17";"12";"2021";"15:00";"1";"2B";"2B037";"1";"1";"1";"5";"TOUTES RUES";"42,6136000000";"9,4377000000"
"202100002374";"17";"12";"2021";"08:08";"1";"95";"95019";"2";"1";"1";"6";"PAPIN DENIS (AVENUE)";"48,9923457444";"2,4133819342"
"202100002375";"17";"12";"2021";"13:30";"1";"91";"91689";"2";"9";"1";"1";"RUE HELENE BOUCHER";"48,7208900000";"2,3054600000"
"202100002376";"16";"12";"2021";"18:30";"5";"91";"91645";"2";"2";"1";"3";"POMPIDOU (AVENUE GEORGES)";"48,7511000000";"2,2778000000"
"202100002377";"17";"12";"2021";"11:20";"1";"91";"91421";"2";"1";"1";"6";"BOIS (RUE DES)";"48,7060000000";"2,4539800000"
"202100002378";"16";"12";"2021";"14:00";"1";"91";"91589";"2";"1";"1";"3";"RUE CHATEAUBRIAND";"48,6783430000";"2,3575080000"
"202100002379";"17";"12";"2021";"12:40";"1";"91";"91223";"2";"2";"1";"1";"SAINT JACQUES (RUE)";"48,4332800000";"2,1552400000"
"202100002380";"16";"12";"2021";"15:55";"1";"91";"91223";"2";"1";"1";"7";"BELLES CROIX (RUE DES)";"48,4238000000";"2,1362700000"
"202100002381";"17";"12";"2021";"17:52";"5";"88";"88160";"2";"1";"2";"6";"NOTRE-DAME-DE LORETTE (RUE DE)";"48,1747300000";"6,4343500000"
"202100002382";"16";"12";"2021";"21:20";"5";"87";"87085";"2";"3";"1";"3";"GARIBALDI (AVENUE)";"45,8344600000";"1,2609300000"
"202100002383";"17";"12";"2021";"21:15";"5";"78";"78372";"2";"3";"1";"3";"RAOUL FILHOS (RUE)";"48,8677130000";"2,0969950000"
"202100002384";"17";"12";"2021";"15:37";"1";"78";"78029";"2";"9";"1";"5";"PIERRE LEFAUCHEUX (RUE)";"48,9753260000";"1,8533170000"
"202100002385";"17";"12";"2021";"08:35";"1";"78";"78498";"2";"1";"1";"6";"LEFEBVRE AV FERNAND";"48,9259190000";"2,0491350000"
"202100002386";"18";"12";"2021";"00:20";"3";"77";"77326";"1";"1";"1";"2";"D346";"48,5766920000";"2,5677240000"
"202100002387";"17";"12";"2021";"17:00";"3";"73";"73065";"1";"1";"1";"2";"RN201";"45,5794000000";"5,9155900000"
"202100002388";"17";"12";"2021";"07:30";"5";"72";"72181";"2";"2";"1";"3";"GASPERI ALCIDE DE (RUE)";"47,9915900000";"0,2276100000"
"202100002389";"16";"12";"2021";"18:05";"2";"71";"71118";"1";"1";"1";"1";"D68";"46,7868960281";"4,7984995103"
"202100002390";"17";"12";"2021";"19:50";"5";"69";"69256";"2";"9";"1";"3";"GARIBALDI (AV)";"45,7670600000";"4,9324600000"
"202100002391";"15";"12";"2021";"12:10";"1";"69";"69092";"1";"1";"5";"6";"SAULE D'OINGT (DU) (RTE)";"45,9808427069";"4,6660619974"
"202100002392";"16";"12";"2021";"18:45";"5";"67";"67218";"2";"1";"1";"4";"CALVAIRE (PLACE DU)";"48,5386600000";"7,7336600000"
"202100002393";"15";"12";"2021";"19:25";"3";"66";"66136";"1";"1";"1";"2";"SALANQUE (AVENUE DE)";"42,7264600000";"2,8964700000"
"202100002394";"17";"12";"2021";"10:47";"1";"65";"65417";"2";"8";"1";"3";"BOUCHAYE (RUE AIME)";"43,2187900000";"0,1031290000"
"202100002395";"16";"12";"2021";"07:30";"5";"64";"64445";"2";"1";"1";"6";"RICHELIEU";"43,3022522555";" -0,3564843535"
"202100002396";"17";"12";"2021";"13:20";"1";"64";"64102";"2";"1";"1";"3";"38 AllÃ©es Marines";"43,4978900000";" -1,4863000000"
"202100002397";"17";"12";"2021";"09:10";"1";"64";"64102";"2";"1";"8";"7";"Avenue Capitaine Resplandy";"43,4849900000";" -1,4592600000"
"202100002398";"15";"12";"2021";"20:00";"5";"62";"62498";"2";"3";"8";"6";"QUATRE SEPTEMBRE (AV. DU)";"50,4321100000";"2,8286000000"
"202100002399";"16";"12";"2021";"14:15";"1";"60";"60159";"1";"1";"1";"6";"Rue Gaspard Monge";"49,3964500000";"2,7881800000"
"202100002400";"17";"12";"2021";"19:35";"5";"59";"59090";"2";"1";"1";"6";"GAULLE (AVENUE DU GENERAL DE)";"50,7026508125";"3,0970572470"
"202100002401";"17";"12";"2021";"17:30";"5";"59";"59279";"2";"1";"2";"6";"LILLE (RUE DE)";"50,7718090000";"3,1220320000"
"202100002402";"14";"12";"2021";"18:45";"5";"58";"58194";"2";"3";"1";"5";"MARZY";"46,9874100000";"3,1408200000"
"202100002403";"14";"12";"2021";"08:00";"2";"57";"57672";"2";"1";"1";"3";"LE KEM (CHEMIN) - PAIR";"49,3660100000";"6,1385600000"
"202100002404";"11";"12";"2021";"14:35";"1";"57";"57306";"1";"1";"1";"1";"WENDEL (RUE DE)";"49,3255500000";"6,0712900000"
"202100002405";"17";"10";"2021";"19:07";"3";"57";"57487";"1";"1";"1";"3";"RD 157B";"49,0996700000";"6,1162800000"
"202100002406";"17";"12";"2021";"16:30";"1";"54";"54395";"2";"2";"1";"3";"SELLIER (RUE)";"48,7006641836";"6,1822278500"
"202100002407";"17";"12";"2021";"17:35";"5";"51";"51454";"1";"1";"1";"2";"Avenue NicÃ©phore Niepce";"49,2279490961";"4,0671837330"
"202100002408";"17";"12";"2021";"17:35";"5";"51";"51454";"2";"1";"1";"7";"Avenue de Laon";"49,2772390000";"4,0160680000"
"202100002409";"17";"12";"2021";"13:30";"1";"51";"51454";"2";"1";"1";"3";"Rue de la MÃ©diterranÃ©e";"49,2505088957";"4,0626896918"
"202100002410";"17";"12";"2021";"14:15";"1";"51";"51454";"2";"1";"1";"7";"Rue Gambetta";"49,2493667642";"4,0367969871"
"202100002411";"16";"12";"2021";"18:32";"4";"51";"51454";"2";"7";"1";"4";"Place General Gouraud";"49,2441174052";"4,0496233106"
"202100002412";"16";"12";"2021";"10:40";"1";"51";"51454";"2";"2";"1";"3";"Place du Forum";"49,2565972887";"4,0330901742"
"202100002413";"16";"12";"2021";"07:55";"2";"50";"50602";"2";"2";"1";"3";"SAUXMARAIS (RUE DE)";"49,6311400000";" -1,5859200000"
"202100002414";"17";"12";"2021";"17:41";"5";"49";"49267";"2";"1";"1";"4";"A87N";"47,4738800000";" -0,5062600000"
"202100002415";"17";"12";"2021";"09:02";"1";"49";"49007";"2";"1";"1";"3";"DOYENNE BOULEVARD ET PASSAGE";"47,4882200000";" -0,5363400000"
"202100002416";"17";"12";"2021";"09:00";"1";"46";"46042";"2";"1";"1";"3";"GAMBETTA (BOULEVARD LEON) NÂ°IMPAIR";"44,4442700000";"1,4419100000"
"202100002417";"16";"12";"2021";"14:00";"1";"37";"37261";"1";"1";"1";"4";"MARECHAL JUIN (BD)";"47,4094100000";"0,7033300000"
"202100002418";"17";"12";"2021";"23:30";"5";"35";"35024";"2";"6";"1";"3";"RD 29";"48,1632200000";" -1,6755400000"
"202100002419";"17";"12";"2021";"19:00";"5";"35";"35238";"2";"3";"1";"1";"MONSIEUR VINCENT";"48,0925254567";" -1,6509854794"
"202100002420";"17";"12";"2021";"16:20";"1";"35";"35238";"2";"1";"1";"6";"Boulevard de Yougoslavie";"48,0881600000";" -1,6591800000"
"202100002421";"17";"12";"2021";"10:35";"2";"35";"35281";"1";"9";"1";"6";"DODIN (AVENUE ROGER)";"48,0909260000";" -1,7047230000"
"202100002422";"17";"12";"2021";"09:20";"1";"35";"35051";"2";"1";"1";"6";"Boulevard des MÃ©tairies";"48,1203700000";" -1,5993700000"
"202100002423";"15";"12";"2021";"07:35";"2";"34";"34301";"2";"1";"1";"5";"Promenade Marechal Leclerc";"43,3924840000";"3,6893110000"
"202100002424";"17";"12";"2021";"21:10";"5";"34";"34172";"2";"4";"1";"3";"MARES (AVENUE HENRI)";"43,6200800000";"3,8513800000"
"202100002425";"16";"12";"2021";"21:00";"5";"34";"34172";"2";"1";"1";"6";"MILHAUD (BOULEVARD BENJAMIN)";"43,6105700000";"3,8565600000"
"202100002426";"15";"12";"2021";"19:17";"5";"34";"34172";"2";"1";"1";"4";"EINSTEIN (AVENUE ALBERT)";"43,6072700000";"3,9053800000"
"202100002427";"17";"12";"2021";"13:59";"1";"32";"32013";"2";"3";"1";"3";"PREMIERE ARMEE FRANCAISE (AVENUE DE LA)";"43,6511300000";"0,6026700000"
"202100002428";"17";"12";"2021";"19:30";"5";"31";"31555";"2";"1";"1";"3";"RUE ANDRE VASSEUR";"43,6348500000";"1,4717100000"
"202100002429";"17";"12";"2021";"07:55";"2";"31";"31555";"2";"1";"1";"6";"AV EDOUARD BELIN";"43,5699100000";"1,4733400000"
"202100002430";"17";"12";"2021";"19:37";"5";"27";"27681";"2";"1";"1";"7";"DE LATTRE DE TASSIGNY (AVENUE DU MAL)";"49,0840441902";"1,4632514513"
"202100002431";"15";"12";"2021";"14:55";"1";"23";"23096";"2";"6";"1";"3";"BERRY (AVENUE DU)";"46,1776909245";"1,8775463104"
"202100002432";"17";"12";"2021";"17:45";"3";"22";"22106";"1";"9";"1";"4";"RN12";"48,4941600000";" -2,7236100000"
"202100002433";"12";"12";"2021";"20:00";"5";"17";"17306";"2";"6";"1";"3";"ANSALDI";"45,6364000000";" -1,0283900000"
"202100002434";"16";"12";"2021";"22:20";"5";"14";"14118";"2";"2";"1";"3";"SAINT JEAN (RUE (DE 33 ET + ET 38 ET +)";"49,1801500000";" -0,3582500000"
"202100002435";"17";"12";"2021";"07:15";"5";"13";"13071";"2";"9";"1";"6";"MITTERRAND (AVENUE FRANCOIS)";"43,3938200000";"5,3440000000"
"202100002436";"17";"12";"2021";"08:45";"1";"13";"13208";"2";"3";"1";"5";"PRADO (AVENUE DU)";"43,2695790275";"5,3870777120"
"202100002437";"17";"12";"2021";"05:19";"5";"13";"13208";"2";"6";"1";"3";"PIERRE GUERRE (ROND-POINT)";"43,2503260991";"5,3891859748"
"202100002438";"16";"12";"2021";"01:36";"5";"13";"13205";"2";"2";"1";"3";"SAKAKINI (BOULEVARD)";"43,2961527289";"5,4003586168"
"202100002439";"17";"12";"2021";"20:25";"5";"11";"11069";"2";"1";"1";"3";"BUNAU VARILLA -AV-";"43,2098100000";"2,3394200000"
"202100002440";"17";"12";"2021";"10:15";"1";"11";"11069";"2";"1";"1";"6";"BARBES -ANCIENNE RUE NAPOLEON-";"43,2134600000";"2,3535600000"
"202100002441";"16";"12";"2021";"16:40";"2";"10";"10081";"1";"1";"1";"6";"ROCADE EST (RD 610)";"48,3293600000";"4,0504300000"
"202100002442";"16";"12";"2021";"12:50";"1";"10";"10387";"2";"1";"8";"3";"GEORGES POMPIDOU (RUE)";"48,2876000000";"4,0807900000"
"202100002443";"16";"12";"2021";"07:59";"2";"10";"10362";"1";"3";"8";"3";"GENERAL LECLERC (RUE DU)";"48,2919600000";"4,0385900000"