"Num_Acc";"jour";"mois";"an";"hrmn";"lum";"dep";"com";"agg";"int";"atm";"col";"adr";"lat";"long"
"202100003390";"11";"12";"2021";"05:45";"2";"974";"97407";"2";"1";"1";"7";"POLITZER(AVENUE)";" -20,9465100000";"55,2932600000"
"202100003391";"11";"12";"2021";"10:17";"1";"973";"97302";"2";"2";"1";"3";"PREVOT (ERNEST)";"4,9340100000";" -52,3330300000"
"202100003392";"11";"12";"2021";"06:42";"1";"973";"97302";"2";"1";"1";"6";"FELIX EBOUE(ROCADE)";"4,9291300000";" -52,3158400000"
"202100003393";"11";"12";"2021";"09:55";"1";"972";"97213";"1";"1";"1";"3";"ROUTE NATIONALE 1";"14,6340390000";" -60,9776340000"
"202100003394";"10";"12";"2021";"20:00";"5";"972";"97213";"2";"1";"1";"4";"AUTOROUTE A1";"14,6181400000";" -61,0334000000"
"202100003395";"11";"12";"2021";"07:25";"1";"972";"97209";"2";"1";"1";"2";"PAUL NARDAL (AVENUE)";"14,6081600000";" -61,0724700000"
"202100003396";"11";"12";"2021";"20:10";"5";"69";"69389";"2";"2";"1";"6";"CHAMPAGNE (DE) (AV)";"45,7898485601";"4,7976136208"
"202100003397";"11";"12";"2021";"18:30";"5";"2B";"2B033";"2";"6";"1";"6";"NOVELTY - CARREFOUR";"42,7022000000";"9,4511100000"
"202100003398";"11";"12";"2021";"15:40";"1";"95";"95427";"2";"1";"8";"3";"EPINAY (RUE D')";"48,9640446277";"2,3357266188"
"202100003399";"11";"12";"2021";"03:35";"5";"91";"91114";"2";"1";"1";"4";"RTE NATIONALE 6";"48,6815070000";"2,4924140000"
"202100003400";"11";"12";"2021";"20:15";"5";"91";"91027";"2";"5";"1";"2";"RTE NATIONALE 7";"48,7160800000";"2,3714100000"
"202100003401";"11";"12";"2021";"07:45";"3";"91";"91469";"1";"1";"1";"7";"D721";"48,3999200000";"2,1746300000"
"202100003402";"11";"12";"2021";"03:00";"5";"81";"81065";"2";"1";"1";"1";"SICARD (BD.DES DOCTEURS)";"43,6075800000";"2,2422900000"
"202100003403";"10";"12";"2021";"17:40";"3";"77";"77506";"1";"1";"2";"1";"D148";"48,2937632561";"2,8463109164"
"202100003404";"12";"12";"2021";"00:50";"3";"76";"76391";"1";"1";"2";"7";"CD 132";"49,3082700000";"0,9797800000"
"202100003405";"10";"12";"2021";"18:20";"5";"71";"71153";"2";"1";"2";"6";"MITTERRAND (AVENUE FRANCOIS)";"46,8062900000";"4,4296700000"
"202100003406";"12";"12";"2021";"00:00";"4";"69";"69266";"2";"1";"1";"6";"KRUGER (AV)";"45,7558000000";"4,8940000000"
"202100003407";"11";"12";"2021";"18:20";"5";"64";"64445";"2";"1";"1";"6";"Boulevard dâAlsace Lorraine";"43,3048500000";" -0,3705300000"
"202100003408";"11";"12";"2021";"18:15";"5";"59";"59421";"2";"1";"1";"2";"MIRABEAU (RUE)";"50,7050013892";"3,1311298836"
"202100003409";"7";"12";"2021";"12:40";"1";"56";"56260";"2";"2";"2";"3";"KERVILER(AVENUE RENE DE)";"47,6421000000";" -2,7552000000"
"202100003410";"11";"12";"2021";"11:45";"1";"51";"51454";"2";"1";"1";"2";"Rue Lanson";"49,2456300000";"4,0577400000"
"202100003411";"8";"12";"2021";"19:35";"4";"50";"50173";"2";"2";"1";"6";"SALINE (BOULEVARD DE LA)";"49,6539600000";" -1,6491800000"
"202100003412";"11";"12";"2021";"18:30";"5";"44";"44109";"2";"1";"2";"6";"ROUTE DE SAINT JOSEPH";"47,2560300000";" -1,5296700000"
"202100003413";"10";"12";"2021";"15:20";"1";"41";"41018";"2";"2";"1";"3";"ROBERT NAU (ROND POINT)";"47,6150000000";"1,3363800000"
"202100003414";"11";"12";"2021";"21:20";"3";"38";"38151";"1";"1";"2";"5";"RN87";"45,1529600000";"5,7168700000"
"202100003415";"11";"12";"2021";"20:33";"3";"35";"35238";"1";"1";"2";"2";"RN136";"48,0809800000";" -1,6674100000"
"202100003416";"11";"12";"2021";"19:50";"5";"35";"35238";"2";"1";"2";"6";"VERN (DE)";"48,1012900000";" -1,6594200000"
"202100003417";"11";"12";"2021";"04:00";"3";"29";"29232";"2";"9";"2";"6";"Rue Etienne Gourmelen";"47,9981490000";" -4,0906050000"
"202100003418";"10";"12";"2021";"18:40";"3";"29";"29039";"2";"1";"8";"2";"D783";"47,8813210000";" -3,9097630000"
"202100003419";"10";"12";"2021";"18:10";"5";"29";"29039";"1";"3";"1";"2";"D783 - Pont du Moros";"47,8787299999";" -3,9031400000"
"202100003420";"11";"12";"2021";"06:55";"3";"27";"27681";"1";"1";"1";"6";"RELIGIEUSES (CHEMIN)";"49,0753064878";"1,4664274877"
"202100003421";"11";"12";"2021";"16:00";"1";"24";"24037";"2";"1";"1";"3";"VALETTE (RUE)";"44,8571900000";"0,4743600000"
"202100003422";"10";"12";"2021";"20:15";"5";"22";"22106";"1";"4";"1";"3";"RN12";"48,4996430000";" -2,7261090000"
"202100003423";"10";"12";"2021";"10:42";"1";"22";"22113";"2";"1";"1";"2";"TREGUIER (RUE DE)";"48,7332212668";" -3,4517498015"
"202100003424";"10";"12";"2021";"11:56";"1";"22";"22113";"2";"1";"1";"6";"TREGUIER (ROUTE DE)";"48,7348700000";" -3,4394300000"
"202100003425";"11";"12";"2021";"16:56";"1";"13";"13211";"2";"1";"1";"3";"ALLAUCH A AUBAGNE (ROUTE D')";"43,3079539252";"5,5003284460"
"202100003426";"11";"12";"2021";"17:40";"4";"13";"13214";"2";"1";"1";"1";"ARNAVAUX (AVENUE DES)";"43,3325800000";"5,3806100000"
"202100003427";"11";"12";"2021";"14:00";"1";"13";"13212";"2";"1";"1";"5";"POILUS (AVENUE DES)";"43,3170000000";"5,4600000000"
"202100003428";"11";"12";"2021";"13:15";"1";"13";"13214";"2";"1";"1";"1";"DANIEL CASANOVA (BOULEVARD)";"43,3245200000";"5,3738800000"
"202100003429";"6";"12";"2021";"16:00";"1";"13";"13004";"2";"6";"1";"1";"AV DE JEREZ";"43,6658100000";"4,6349500000"
"202100003430";"11";"12";"2021";"01:00";"5";"75";"75116";"2";"1";"1";"7";"BOULEVARD PERIPHERIQUE";"48,8657670000";"2,2680760000"
"202100003431";"9";"12";"2021";"17:45";"2";"75";"75116";"2";"1";"1";"4";"PORTE D AUTEUIL";"48,8414340000";"2,2541390000"
"202100003432";"11";"12";"2021";"11:20";"1";"75";"75106";"2";"1";"1";"6";"RUE DE RENNES";"48,8496170000";"2,3293180000"
"202100003433";"11";"12";"2021";"10:45";"1";"75";"75105";"2";"1";"1";"6";"RUE LHOMOND";"48,8408347166";"2,3486575484"
"202100003434";"11";"12";"2021";"21:20";"5";"75";"75120";"2";"3";"1";"3";"RUE DE BAGNOLET";"48,8626900000";"2,4066710000"
"202100003435";"11";"12";"2021";"12:40";"1";"75";"75120";"2";"3";"1";"3";"BOULEVARD DE CHARONNE";"48,8584022942";"2,3900467157"
"202100003436";"11";"12";"2021";"07:45";"2";"75";"75120";"2";"7";"1";"3";"BOULEVARD DE MENILMONTANT";"48,8629350000";"2,3875260000"
"202100003437";"11";"12";"2021";"21:15";"5";"75";"75116";"2";"3";"1";"3";"AVENUE DE LA PORTE D AUTEUIL";"48,8479760000";"2,2513200000"
"202100003438";"11";"12";"2021";"11:00";"1";"75";"75115";"2";"2";"1";"6";"PONT DE BIR HAKEIM";"48,8547970000";"2,2884920000"
"202100003439";"11";"12";"2021";"11:25";"1";"75";"75115";"2";"4";"1";"3";"RUE DE VAUGIRARD";"48,8398360000";"2,3021710000"
"202100003440";"10";"12";"2021";"20:50";"5";"75";"75115";"2";"2";"1";"3";"PONT DU GARIGLIANO";"48,8387170000";"2,2697630000"
"202100003441";"11";"12";"2021";"15:10";"1";"75";"75113";"2";"1";"1";"3";"BOULEVARD ARAGO";"48,8348660000";"2,3430790000"
"202100003442";"10";"12";"2021";"23:55";"5";"75";"75113";"2";"2";"1";"6";"PONT DE TOLBIAC";"48,8325537000";"2,3797680000"
"202100003443";"11";"12";"2021";"20:15";"5";"75";"75112";"2";"2";"1";"6";"RUE DE LYON";"48,8466490000";"2,3720110000"
"202100003444";"11";"12";"2021";"02:05";"5";"75";"75112";"2";"4";"1";"2";"BOULEVARD PERIPHERIQUE";"48,8355170000";"2,4122570000"
"202100003445";"11";"12";"2021";"16:30";"1";"75";"75116";"2";"2";"1";"3";"AVENUE MARCEAU";"48,8684720000";"2,2989040000"
"202100003446";"11";"12";"2021";"00:25";"5";"75";"75101";"2";"2";"1";"3";"RUE DES PYRAMIDES";"48,8645640000";"2,3326970000"
"202100003447";"11";"12";"2021";"11:50";"1";"94";"94081";"2";"1";"1";"7";"Allee Pierre Lamouroux";"48,8001310000";"2,3818630000"
"202100003448";"11";"12";"2021";"01:30";"5";"94";"94041";"2";"1";"1";"7";"Rue Gaston Cornavin";"48,8102851744";"2,3821191786"
"202100003449";"11";"12";"2021";"17:00";"5";"94";"94021";"2";"1";"1";"4";"Avenue de Stalingrad";"48,7603664588";"2,3683047295"
"202100003450";"11";"12";"2021";"06:40";"5";"94";"94065";"2";"1";"1";"6";"Zone SOGARIS";"48,7525600000";"2,3675100000"
"202100003451";"10";"12";"2021";"22:25";"5";"94";"94073";"2";"1";"1";"3";"Avenue de Versailles";"48,7577400000";"2,3900700000"
"202100003452";"11";"12";"2021";"14:40";"1";"93";"93073";"2";"1";"1";"3";"PETITS PONTS (ROUTE DES)";"48,9644813433";"2,5659245253"
"202100003453";"10";"12";"2021";"13:40";"1";"93";"93066";"2";"1";"1";"6";"""LANDY RD 20, NR IMPAIRS 146 A 254""";"48,9145336484";"2,3478279078"
"202100003454";"11";"12";"2021";"20:30";"5";"93";"93053";"2";"3";"1";"5";"BREMENT (RUE DE) 109 A 235 - 110 A ...";"48,8866800000";"2,4703100000"
"202100003455";"11";"04";"2021";"13:40";"1";"93";"93051";"2";"3";"8";"1";"CENTRE";"48,8384500000";"2,5471700000"
"202100003456";"11";"12";"2021";"15:12";"1";"92";"92044";"2";"2";"1";"3";"Rue Aristide Briand";"48,8898323245";"2,2823399305"
"202100003457";"9";"12";"2021";"13:30";"1";"67";"67103";"1";"1";"2";"5";"D133";"48,8049440000";"7,3869730000"
"202100003458";"12";"12";"2021";"08:37";"1";"83";"83061";"1";"1";"1";"5";"a8";"43,4601770000";"6,7104360000"
"202100003459";"11";"12";"2021";"18:20";"5";"972";"97206";"1";"1";"2";"1";"Quartier Ancinel";"14,5050990000";" -61,0455190000"
"202100003460";"11";"12";"2021";"22:00";"3";"57";"57321";"1";"1";"1";"6";"D96d";"48,6817100000";"7,0757960000"
"202100003461";"12";"12";"2021";"00:30";"3";"51";"51393";"1";"1";"8";"7";"D386";"49,1451098000";"3,9156810000"
"202100003462";"12";"12";"2021";"17:45";"3";"77";"77019";"1";"1";"2";"2";"D411";"48,3911420000";"3,1550090000"
"202100003463";"12";"12";"2021";"17:35";"3";"61";"61118";"1";"2";"1";"3";"D10";"48,4705310000";"0,6453610000"
"202100003464";"12";"12";"2021";"17:00";"5";"12";"12101";"2";"1";"1";"7";"Route de la Planque";"44,6049860000";"2,2458030000"
"202100003465";"11";"12";"2021";"17:55";"3";"39";"39030";"1";"1";"8";"1";"N/A";"47,1360310000";"5,5007060000"
"202100003466";"12";"12";"2021";"04:30";"5";"39";"39399";"2";"1";"1";"6";"1 Route de Dole";"46,9942970000";"5,6664350000"
"202100003467";"12";"12";"2021";"07:20";"3";"29";"29184";"1";"1";"1";"6";"Keranguen Bian";"48,6293920000";" -4,0207090000"
"202100003468";"11";"12";"2021";"16:45";"1";"31";"31145";"1";"1";"1";"2";"D820";"43,2990490000";"1,5271850000"
"202100003469";"11";"12";"2021";"17:10";"2";"31";"31118";"2";"9";"1";"1";"15e Avenue de Toulouse";"43,7738420000";"1,3590300000"
"202100003470";"12";"12";"2021";"06:06";"3";"38";"38095";"1";"6";"1";"7";"Rte de Saint Bonnet de Chavagne";"45,1335800000";"5,2928350000"
"202100003471";"10";"12";"2021";"19:14";"5";"38";"38140";"2";"1";"3";"6";"Rue de Belledonne";"45,2787040000";"5,8906840000"
"202100003472";"12";"12";"2021";"00:05";"3";"66";"66210";"1";"1";"1";"1";"cd 612a";"42,6485803979";"2,7834825218"
"202100003473";"11";"12";"2021";"15:20";"1";"06";"06080";"1";"1";"1";"1";"RM 2205 - PR 16+500";"44,0321510000";"7,1320150000"
"202100003474";"11";"12";"2021";"10:15";"1";"06";"06079";"1";"1";"1";"1";"Corniche du Grand Duc";"43,5411370000";"6,9166870000"
"202100003475";"4";"12";"2021";"22:00";"5";"14";"14057";"2";"1";"8";"2";"D613";"49,1263400000";" -0,2106450000"
"202100003476";"11";"12";"2021";"16:00";"1";"45";"45064";"1";"1";"1";"6";"D50-PR11+0";"47,5412520000";"2,6731540000"
"202100003477";"10";"12";"2021";"18:35";"5";"43";"43224";"2";"1";"4";"1";"Route de Verines";"45,2375970000";"4,2182520000"
"202100003478";"11";"12";"2021";"19:31";"3";"10";"10300";"1";"1";"1";"6";"D441";"48,4432340000";"4,3718290000"
"202100003479";"11";"12";"2021";"20:00";"3";"07";"07249";"1";"1";"9";"6";"Le Goutas de la Roche";"45,0464860000";"4,4637250000"
"202100003480";"7";"12";"2021";"17:00";"3";"27";"27049";"1";"2";"2";"3";"D25";"48,9746940000";"0,6704640000"
"202100003481";"11";"12";"2021";"19:40";"3";"17";"17140";"1";"1";"1";"7";"D126";"45,8915320000";" -1,2502960000"
"202100003482";"11";"12";"2021";"20:18";"3";"30";"30275";"1";"1";"1";"6";"D7";"44,0975920000";"4,2224300000"
"202100003483";"8";"12";"2021";"11:05";"1";"78";"78575";"2";"6";"1";"2";"D938";"48,7198200000";"2,0876710000"
"202100003484";"11";"12";"2021";"19:50";"5";"38";"38193";"2";"6";"1";"3";"D312";"45,6071620000";"5,2235670000"
"202100003485";"11";"12";"2021";"11:35";"1";"37";"37225";"1";"1";"1";"6";"N/A";"47,3542480000";"0,9056850000"
"202100003486";"11";"12";"2021";"18:30";"3";"68";"68278";"1";"1";"1";"5";"A35";"47,7703872195";"7,4122309685"
"202100003487";"12";"12";"2021";"11:20";"1";"27";"27203";"1";"1";"2";"3";"A13 PK 68+100";"49,0519680000";"1,4414620000"
"202100003488";"10";"12";"2021";"15:37";"1";"971";"97116";"1";"1";"1";"3";"route nationale 5, gensolin";"16,3154290000";" -61,4822710000"
"202100003489";"12";"12";"2021";"05:45";"2";"971";"97125";"1";"1";"1";"1";"RN4";"16,2596530000";" -61,2919040000"
"202100003490";"11";"12";"2021";"02:00";"3";"977";"97701";"1";"1";"1";"7";"RTE DE MARIGOT";"17,9096940000";" -62,8111120000"
"202100003491";"11";"12";"2021";"18:42";"3";"66";"66144";"1";"1";"1";"5";"D 900";"42,6353640000";"2,8731180000"
"202100003492";"12";"12";"2021";"09:00";"1";"66";"66055";"2";"3";"1";"6";"Chemin des Vignes";"42,6558620000";"2,6659980000"
"202100003493";"11";"12";"2021";"18:45";"3";"34";"34213";"1";"2";"1";"5";"intersection D2 - D119";"43,4952580000";"3,6972430000"
"202100003494";"12";"12";"2021";"03:10";"3";"34";"34289";"1";"1";"1";"6";"D13";"43,3960250000";"3,4121670000"
"202100003495";"11";"12";"2021";"18:45";"3";"13";"13053";"1";"1";"6";"1";"D7n";"43,7290070000";"5,1533170000"
"202100003496";"12";"12";"2021";"15:14";"1";"71";"71328";"1";"1";"8";"7";"D67";"46,6279340000";"4,8209270000"
"202100003497";"12";"12";"2021";"03:39";"5";"38";"38451";"1";"1";"9";"6";"Route de Malaval";"45,7544360000";"5,2126850000"
"202100003498";"12";"12";"2021";"17:30";"5";"69";"69243";"2";"1";"1";"1";"EDOUARD HERRIOT (R)";"45,8918274299";"4,4422347525"
"202100003499";"12";"12";"2021";"10:00";"1";"69";"69168";"2";"1";"1";"1";"HENRI BOUCHARD (R)";"45,8373650000";"4,8390970000"
"202100003500";"11";"12";"2021";"21:30";"3";"60";"60195";"1";"1";"2";"2";"D915";"49,2187600000";"1,8420340000"
"202100003501";"11";"12";"2021";"15:00";"1";"91";"91689";"1";"1";"1";"4";"AUTOROUTE A6";"48,7322000000";"2,3156000000"
"202100003502";"11";"12";"2021";"18:45";"2";"93";"93066";"1";"1";"1";"3";"AUTOROUTE A86";"48,9228300000";"2,3507900000"
"202100003503";"10";"12";"2021";"19:30";"3";"95";"95394";"1";"1";"1";"5";"RN 184";"49,0516500000";"2,1531800000"
"202100003504";"11";"12";"2021";"10:15";"1";"93";"93039";"1";"1";"1";"2";"AUTOROUTE A86";"48,9267420000";"2,3363210000"
"202100003505";"10";"12";"2021";"21:30";"3";"93";"93027";"1";"1";"1";"4";"BDL";"48,9288100000";"2,4030600000"
"202100003506";"10";"12";"2021";"18:15";"4";"93";"93066";"1";"1";"1";"2";"AUTOROUTE A1";"48,9291030000";"2,3581220000"
"202100003507";"10";"12";"2021";"16:45";"3";"93";"93007";"1";"1";"1";"2";"AUTOROUTE A3";"48,9342200000";"2,4804200000"
"202100003508";"11";"12";"2021";"02:30";"3";"94";"94017";"1";"1";"1";"2";"A4";"48,8266507839";"2,5161742429"
"202100003509";"10";"12";"2021";"08:40";"1";"76";"76351";"2";"1";"1";"6";"CRONSTADT (DE)";"49,5029200000";"0,1179100000"
"202100003510";"9";"12";"2021";"08:30";"5";"33";"33522";"2";"1";"3";"6";"Avenue de Thouars";"44,7873600000";" -0,5906700000"
"202100003511";"9";"12";"2021";"19:40";"5";"35";"35238";"2";"3";"3";"6";"ANJOU (D')";"48,1214500000";" -1,7135100000"
"202100003512";"9";"12";"2021";"14:15";"1";"05";"05061";"2";"1";"1";"6";"SILOS ( RUE DES )";"44,5658400000";"6,0869500000"
"202100003513";"9";"12";"2021";"16:45";"2";"71";"71306";"2";"9";"8";"6";"Avenue des Alouettes";"46,6858756249";"4,3595812926"
"202100003514";"27";"09";"2021";"11:00";"1";"2A";"2A004";"2";"1";"1";"3";"ALBERT 1ER BD";"41,9126500000";"8,7237500000"
"202100003515";"25";"09";"2021";"09:30";"1";"2A";"2A004";"2";"1";"1";"2";"T21";"41,9289000000";"8,7650000000"
"202100003516";"20";"08";"2021";"10:30";"1";"2A";"2A004";"2";"1";"1";"1";"ROUTE DU STILETTO";"41,9460900000";"8,7718300000"
"202100003517";"19";"08";"2021";"11:54";"1";"2A";"2A004";"2";"1";"1";"3";"MEZZAVIA ROUTE DE";"41,9517100000";"8,7735500000"
"202100003518";"11";"08";"2021";"10:30";"1";"2A";"2A004";"1";"1";"1";"4";"T40";"41,9207700000";"8,8182600000"
"202100003519";"3";"08";"2021";"17:20";"1";"2A";"2A004";"2";"1";"1";"3";"CAMPI LOUIS BD";"41,9440600000";"8,7553400000"
"202100003520";"2";"08";"2021";"09:20";"1";"2A";"2A004";"2";"6";"1";"3";"ROUTE DU STILETTO";"41,9448000000";"8,7588000000"
"202100003521";"28";"07";"2021";"18:34";"1";"2A";"2A004";"2";"1";"1";"3";"BONAPARTE LUCIEN  COURS";"41,9126600000";"8,7236400000"
"202100003522";"5";"07";"2021";"13:35";"1";"2A";"2A004";"2";"1";"1";"2";"BONAPARTE CHARLES  BD";"41,9338700000";"8,7499400000"
"202100003523";"31";"05";"2021";"16:50";"1";"2A";"2A004";"2";"1";"1";"7";"GEORGES POMPIDOU AVENUE";"41,9339155143";"8,7532832099"
"202100003524";"13";"05";"2021";"20:40";"2";"2A";"2A004";"2";"3";"1";"7";"VERDUN AVENUE DE";"41,9203500000";"8,7283200000"
"202100003525";"9";"05";"2021";"18:42";"1";"2A";"2A004";"1";"1";"1";"6";"T21";"41,9298287097";"8,7581971657"
"202100003526";"3";"05";"2021";"12:02";"1";"2A";"2A004";"2";"1";"1";"3";"D81";"41,9529592969";"8,7833157989"
"202100003527";"2";"05";"2021";"16:55";"1";"2A";"2A004";"2";"1";"1";"4";"NAPOLEON COURS AVANT BEVERINI";"41,9283300000";"8,7386700000"
"202100003528";"30";"04";"2021";"11:10";"1";"2A";"2A004";"2";"3";"1";"3";"SANTA MATALENA RCE AV NOEL FRANCHINI";"41,9407200000";"8,7560100000"
"202100003529";"26";"09";"2021";"12:50";"1";"89";"89387";"2";"2";"1";"3";"Avenue Vauban";"48,1979300000";"3,2709500000"
"202100003530";"11";"05";"2021";"19:50";"1";"16";"16102";"2";"7";"7";"7";"RUE DE BARBEZIEUX";"45,6848900000";" -0,3290000000"
"202100003531";"24";"09";"2021";"11:10";"1";"75";"75115";"2";"2";"1";"3";"RUE DE LOURMEL";"48,8406330000";"2,2841910000"
"202100003532";"10";"03";"2021";"11:11";"1";"92";"92040";"2";"1";"1";"6";"GOUVERNEUR GAL EBOUE DU 02 AU 64";"48,8264660000";"2,2708160000"
"202100003533";"9";"12";"2021";"22:45";"5";"988";"98818";"2";"1";"1";"3";"RUE SAINTE CECILE";" -22,2597700000";"166,4464400000"
"202100003534";"7";"12";"2021";"09:00";"1";"976";"97611";"2";"3";"1";"3";"m'tsapere-Roahandra ( rue )";" -12,7876900000";"45,2185700000"
"202100003535";"10";"12";"2021";"03:25";"5";"974";"97416";"1";"1";"1";"6";"RN1 (ROUTE NATIONALE)";" -21,3034230000";"55,4270900000"
"202100003536";"8";"12";"2021";"17:00";"1";"974";"97416";"1";"9";"1";"2";"RN 01";" -21,3330800000";"55,4601700000"
"202100003537";"10";"12";"2021";"20:15";"3";"974";"97411";"2";"1";"1";"3";"LANCASTEL (BOULEVARD)";" -20,8771092057";"55,4561063647"
"202100003538";"9";"12";"2021";"17:00";"1";"974";"97411";"2";"1";"1";"3";"JAURES (BOULEVARD JEAN)";" -20,8907300000";"55,4604800000"
"202100003539";"9";"12";"2021";"15:10";"1";"974";"97411";"2";"1";"1";"1";"GARE (DE LA)";" -20,8944900000";"55,4923700000"
"202100003540";"8";"12";"2021";"17:20";"1";"974";"97411";"1";"1";"1";"3";"LANCASTEL (BOULEVARD)";" -20,8793300000";"55,4592800000"
"202100003541";"7";"12";"2021";"07:15";"1";"974";"97411";"2";"1";"1";"1";"JACINTHES (RUE DES)";" -20,9101400000";"55,4847900000"
"202100003542";"9";"12";"2021";"06:20";"1";"974";"97409";"2";"1";"1";"1";"DE LA GARE(RUE)";" -20,9589400000";"55,6526000000"
"202100003543";"9";"12";"2021";"15:00";"1";"974";"97407";"1";"2";"8";"3";"CROIZAT(RUE)";" -20,9418500000";"55,2885500000"
"202100003544";"8";"12";"2021";"00:30";"3";"974";"97407";"2";"1";"1";"3";"SACRE COEUR (RD POINT) -RIV. DES GALETS ";" -20,9553400000";"55,3117200000"
"202100003545";"7";"12";"2021";"22:00";"5";"974";"97407";"2";"2";"1";"3";"FERRY (RUE)";" -20,9351200000";"55,2988100000"
"202100003546";"9";"12";"2021";"13:15";"1";"973";"97302";"2";"1";"1";"6";"BADUEL (ROUTE DE)";"4,9346700000";" -52,3116100000"
"202100003547";"10";"12";"2021";"22:04";"5";"69";"69383";"2";"3";"1";"3";"LAFAYETTE (CR)";"45,7636400000";"4,8580900000"
"202100003548";"10";"12";"2021";"17:50";"5";"69";"69259";"2";"1";"1";"6";"FRANCIS DE PRESSENSE                (AV)";"45,7209800000";"4,8672300000"
"202100003549";"10";"12";"2021";"17:40";"4";"69";"69386";"2";"1";"2";"1";"BROTTEAUX (DES)                     (BD)";"45,7681200000";"4,8569600000"
"202100003550";"10";"12";"2021";"12:05";"1";"69";"69388";"2";"3";"3";"6";"VIENNE (DE)                         (RO)";"45,7320200000";"4,8535000000"
"202100003551";"10";"12";"2021";"07:42";"1";"69";"69387";"2";"3";"2";"3";"TONY GARNIER (AV)";"45,7316100000";"4,8241700000"
"202100003552";"9";"12";"2021";"16:15";"1";"69";"69199";"1";"1";"1";"1";"MARCEL SEMBAT (R)";"45,7116500000";"4,8429200000"
"202100003553";"9";"12";"2021";"15:00";"1";"69";"69259";"2";"1";"1";"6";"NOVY JICIN (BD)";"45,6928800000";"4,8985100000"
"202100003554";"9";"12";"2021";"13:30";"1";"69";"69386";"2";"3";"1";"2";"BERANGER                            (R )";"45,7661900000";"4,8611200000"
"202100003555";"9";"12";"2021";"09:05";"1";"69";"69383";"2";"2";"1";"2";"PAUL BERT (R)";"45,7570000000";"4,8546900000"
"202100003556";"8";"12";"2021";"11:45";"1";"69";"69387";"2";"2";"3";"3";"TONY GARNIER (AV)";"45,7265200000";"4,8307300000"
"202100003557";"9";"12";"2021";"06:45";"5";"69";"69383";"2";"2";"2";"3";"LAFAYETTE (CR)";"45,7636185660";"4,8580411077"
"202100003558";"10";"11";"2021";"21:15";"5";"972";"97224";"1";"9";"1";"7";"BEAUSEJOUR JAMBETTE (ROUTE)";"14,6458200000";" -61,0435800000"
"202100003559";"4";"12";"2021";"17:08";"2";"69";"69202";"2";"1";"2";"6";"SAINT-LUC (PL)";"45,7497253213";"4,8003950715"
"202100003560";"9";"12";"2021";"01:40";"5";"69";"69034";"2";"1";"1";"6";"RAYMOND POINCARE (PT)";"45,7889400000";"4,8607100000"
"202100003561";"9";"12";"2021";"17:20";"3";"69";"69034";"2";"1";"1";"6";"BELLEVUE (Q)";"45,7814600000";"4,8430500000"
"202100003562";"9";"12";"2021";"14:50";"1";"69";"69389";"2";"2";"1";"6";"TISSOT (R)";"45,7758100000";"4,8019400000"
"202100003563";"9";"12";"2021";"06:00";"5";"69";"69034";"2";"1";"8";"6";"BELLEVUE (Q)";"45,7857000000";"4,8487700000"
"202100003564";"9";"12";"2021";"17:20";"5";"2B";"2B120";"2";"1";"1";"2";"11 - RT";"42,6570000000";"9,4130000000"
"202100003565";"9";"12";"2021";"18:30";"4";"971";"97120";"2";"1";"1";"6";"PAUL LACAVE";"16,2445100000";" -61,5322000000"
"202100003566";"10";"12";"2021";"07:40";"1";"971";"97113";"2";"1";"2";"6";"L'HOUEZEL (ROUTE DE)";"16,2032000000";" -61,4755200000"
"202100003567";"9";"12";"2021";"17:10";"2";"2A";"2A004";"2";"1";"8";"6";"MADAME MERE BD";"41,9155700000";"8,7241300000"
"202100003568";"10";"12";"2021";"06:55";"5";"95";"95277";"2";"6";"2";"6";"Rue Berthelot";"48,9852400000";"2,4598000000"
"202100003569";"10";"12";"2021";"21:20";"5";"95";"95582";"2";"1";"1";"2";"BD GAMBETTA";"48,9785786257";"2,2395479679"
"202100003570";"10";"12";"2021";"16:27";"1";"95";"95018";"2";"1";"1";"6";"Boulevard du General Leclerc";"48,9396035959";"2,2284221649"
"202100003571";"8";"12";"2021";"07:05";"5";"91";"91549";"2";"1";"1";"6";"VIEUX PERRAY (RUE DU)";"48,6517690000";"2,3073270000"
"202100003572";"10";"12";"2021";"08:10";"2";"91";"91377";"2";"1";"2";"6";"VOIE DE LA VALLEE DE LA BIEVRE";"48,7367300000";"2,2475740000"
"202100003573";"8";"12";"2021";"18:00";"2";"91";"91122";"2";"1";"2";"1";"CHARLES DE GAULLE(RUE)";"48,6952200000";"2,1575100000"
"202100003574";"2";"12";"2021";"08:40";"1";"91";"91228";"2";"2";"1";"3";"BD CHAMPS ELYSEES";"48,6397800000";"2,4276500000"
"202100003575";"10";"12";"2021";"08:10";"2";"91";"91223";"2";"2";"2";"6";"AVENUE DE LA LIBERATION";"48,4334400000";"2,1548700000"
"202100003576";"8";"12";"2021";"23:30";"5";"87";"87085";"2";"2";"1";"3";"GARIBALDI (AVENUE)";"45,8344500000";"1,2609300000"
"202100003577";"9";"12";"2021";"01:14";"5";"87";"87085";"2";"1";"2";"6";"DUMAS (AVENUE GEORGES)";"45,8273000000";"1,2602600000"
"202100003578";"8";"12";"2021";"06:32";"5";"87";"87050";"2";"1";"2";"3";"LIMOGES (AVENUE DE)";"45,8562700000";"1,2473700000"
"202100003579";"8";"12";"2021";"07:48";"2";"87";"87085";"2";"2";"2";"3";"BELLAC (RUE DE)";"45,8506400000";"1,2447700000"
"202100003580";"7";"12";"2021";"08:07";"2";"87";"87085";"2";"1";"2";"2";"GAMBETTA (BOULEVARD)";"45,8297300000";"1,2581400000"