"Num_Acc";"jour";"mois";"an";"hrmn";"lum";"dep";"com";"agg";"int";"atm";"col";"adr";"lat";"long"
"202100003581";"7";"12";"2021";"19:36";"3";"87";"87085";"1";"1";"2";"3";"AUTOROUTE A20";"45,8073200000";"1,2978200000"
"202100003582";"9";"12";"2021";"07:45";"4";"86";"86194";"2";"1";"9";"6";"Rue Albin Haller";"46,6108990000";"0,3393640000"
"202100003583";"9";"12";"2021";"13:30";"1";"84";"84087";"2";"6";"1";"3";"PINAY (AVENUE ANTOINE)";"44,1287100000";"4,7979000000"
"202100003584";"8";"12";"2021";"18:00";"2";"84";"84007";"1";"1";"1";"1";"C.De GAULLE (Rocade)";"43,9287630000";"4,8108910000"
"202100003585";"9";"12";"2021";"12:30";"1";"83";"83090";"1";"1";"1";"3";"MONNET (AVE JEAN)";"43,1276030000";"5,8602010000"
"202100003586";"9";"12";"2021";"09:00";"1";"83";"83090";"2";"1";"1";"3";"GARE (ROUTE DE LA)";"43,1237700000";"5,8313700000"
"202100003587";"9";"12";"2021";"11:25";"1";"82";"82121";"2";"2";"8";"3";"IRLANDE (RUE D')";"43,9865900000";"1,3337900000"
"202100003588";"4";"12";"2021";"15:50";"1";"78";"78126";"2";"1";"1";"3";"DE GAULLE CHARLES (AVENUE)";"48,8467300000";"2,1354940000"
"202100003589";"9";"12";"2021";"11:20";"1";"78";"78481";"2";"3";"1";"2";"MARECHAL DE LATTRE DE TASSIGNY (AVE DU)";"48,8978160000";"2,1017860000"
"202100003590";"9";"12";"2021";"16:30";"1";"78";"78029";"2";"1";"1";"2";"QUARANTE SOUS (RUE DES)";"48,9617350000";"1,8531790000"
"202100003591";"7";"12";"2021";"16:55";"2";"78";"78354";"2";"2";"2";"6";"AVENUE DE L EUROPE";"48,9785890000";"1,6935080000"
"202100003592";"8";"12";"2021";"17:00";"1";"77";"77079";"1";"1";"1";"7";"D210";"48,4199000000";"2,8139700000"
"202100003593";"10";"12";"2021";"23:30";"5";"77";"77268";"2";"1";"2";"1";"RUE DES LABOURS";"48,8667400000";"2,8112100000"
"202100003594";"9";"12";"2021";"06:50";"3";"77";"77186";"1";"1";"9";"6";"D152";"48,3811300000";"2,6558500000"
"202100003595";"10";"12";"2021";"06:45";"3";"76";"76319";"1";"1";"3";"3";"RN 138";"49,3608825616";"1,0365517155"
"202100003596";"10";"12";"2021";"05:45";"5";"76";"76540";"2";"2";"2";"2";"BOURSE. QUAI (HAUT) DE LA";"49,4381500000";"1,0915600000"
"202100003597";"9";"12";"2021";"12:20";"1";"76";"76552";"2";"1";"1";"6";"EDITH CAVELL";"49,5080700000";"0,0837500000"
"202100003598";"9";"12";"2021";"19:45";"3";"76";"76565";"1";"3";"2";"6";"RD 54";"49,8713200000";"1,0805400000"
"202100003599";"9";"12";"2021";"12:45";"1";"76";"76565";"1";"1";"1";"3";"RD 915";"49,8781510000";"1,0949510000"
"202100003600";"8";"12";"2021";"15:15";"1";"74";"74281";"2";"4";"2";"6";"RONDE (CHEMIN DE)";"46,3688331558";"6,4832353588"
"202100003601";"8";"12";"2021";"17:15";"5";"74";"74010";"2";"2";"2";"6";"CARNOT (RUE)";"45,9054000000";"6,1239200000"
"202100003602";"10";"12";"2021";"12:10";"1";"72";"72181";"2";"3";"1";"3";"ESTEREL (RUE DE L') NÂ° IMPAIRS";"47,9956200000";"0,2329200000"
"202100003603";"10";"12";"2021";"08:20";"1";"72";"72181";"2";"6";"1";"3";"RONDEAU JEAN (RUE)";"48,0073000000";"0,1858100000"
"202100003604";"10";"12";"2021";"07:00";"5";"72";"72181";"2";"1";"2";"6";"MITTERAND FRANCOIS (AV)";"48,0035700000";"0,1997700000"
"202100003605";"8";"12";"2021";"18:25";"2";"70";"70388";"1";"1";"8";"5";"RD457";"47,6074100000";"6,1292900000"
"202100003606";"10";"12";"2021";"12:10";"1";"69";"69266";"2";"1";"1";"2";"PIERRE LOUIS BERNAIX (R)";"45,7615300000";"4,8966600000"
"202100003607";"9";"12";"2021";"10:55";"1";"67";"67482";"2";"3";"1";"2";"ROMAINS (ROUTE DES)";"48,5828700000";"7,6912000000"
"202100003608";"9";"12";"2021";"07:20";"3";"67";"67180";"1";"4";"2";"1";"RD 344";"48,8558100000";"7,9333200000"
"202100003609";"8";"12";"2021";"08:20";"1";"66";"66136";"2";"1";"1";"2";"ALDUY (Paul)";"42,6775820697";"2,9051649570"
"202100003610";"9";"12";"2021";"18:11";"5";"65";"65100";"1";"6";"3";"3";"CD 902";"43,2653000000";"0,0655900000"
"202100003611";"9";"12";"2021";"08:35";"1";"65";"65440";"2";"1";"2";"6";"SAINT-EXUPERY (AVENUE ANTOINE DE)";"43,2442331667";"0,0697552898"
"202100003612";"10";"12";"2021";"19:45";"5";"64";"64445";"2";"1";"2";"3";"VALLEES DES";"43,2909600000";" -0,3849700000"
"202100003613";"10";"12";"2021";"04:30";"5";"64";"64024";"2";"1";"3";"1";"LECLERC (PLACE DU GENERAL)";"43,4947100000";" -1,5290000000"
"202100003614";"8";"12";"2021";"20:50";"5";"64";"64024";"2";"1";"4";"7";"ESPAGNE (AVENUE D')";"43,4786700000";" -1,5216600000"
"202100003615";"8";"12";"2021";"08:00";"5";"64";"64024";"2";"1";"3";"6";"ADOUR (AVENUE DE L')";"43,5257900000";" -1,5103200000"
"202100003616";"26";"11";"2021";"14:30";"1";"62";"62250";"1";"1";"3";"3";"RD 161E";"50,4538810000";"2,9486620000"
"202100003617";"9";"12";"2021";"13:10";"1";"62";"62239";"2";"6";"1";"3";"DE GAULLE (AVENUE CHARLES)";"50,9292000000";"1,7979000000"
"202100003618";"9";"12";"2021";"23:30";"5";"62";"62119";"2";"1";"2";"6";"LILLE ( RUE DE )";"50,5238700000";"2,6542200000"
"202100003619";"8";"12";"2021";"07:58";"2";"60";"60684";"2";"1";"1";"6";"Rue du GÃ©nÃ©ral de Gaulle";"49,2844844660";"2,4880760908"
"202100003620";"10";"12";"2021";"20:00";"5";"59";"59636";"1";"1";"1";"5";"QUESNOY RUE DE";"50,6948500000";"3,0415700000"
"202100003621";"30";"11";"2021";"07:25";"5";"59";"59350";"2";"3";"3";"3";"CHAUDE RIVIERE RUE DE";"50,6348390000";"3,0794540000"
"202100003622";"10";"12";"2021";"00:00";"5";"59";"59350";"2";"1";"1";"6";"FAUBOURG DES POSTES RUE";"50,6106869019";"3,0454444885"
"202100003623";"9";"12";"2021";"17:50";"5";"59";"59410";"2";"9";"9";"3";"ACACIAS AVENUE DES";"50,6420970519";"3,1012344360"
"202100003624";"9";"12";"2021";"06:00";"5";"59";"59350";"2";"9";"2";"6";"RATISBONNE RUE";"50,6296103723";"3,0529546738"
"202100003625";"8";"12";"2021";"17:55";"5";"59";"59386";"2";"2";"1";"3";"PLATANES RUE DES";"50,6751600000";"3,0496100000"
"202100003626";"8";"12";"2021";"09:32";"1";"58";"58194";"2";"1";"1";"6";"CHARLEVILLE";"46,9887200000";"3,1506800000"
"202100003627";"10";"12";"2021";"14:15";"1";"57";"57487";"2";"1";"2";"6";"NANCY (RUE DE )";"49,1047660000";"6,1085519000"
"202100003628";"9";"12";"2021";"08:30";"1";"54";"54431";"2";"1";"8";"6";"FOINS (CHEMIN DES)";"48,9153000000";"6,0504400000"
"202100003629";"10";"12";"2021";"18:30";"5";"54";"54395";"2";"2";"1";"3";"LECLERC (AV. DU GENERAL)174 A 290-101 A";"48,6840600000";"6,1860200000"
"202100003630";"10";"12";"2021";"08:20";"1";"54";"54526";"2";"1";"4";"2";"JAURES (BOULEVARD JEAN)";"48,6922209730";"6,2113688439"
"202100003631";"9";"12";"2021";"15:15";"1";"54";"54526";"2";"6";"1";"3";"MILLENAIRE (Rond Point An 2000)";"48,6842500000";"6,2213200000"
"202100003632";"9";"12";"2021";"07:40";"2";"54";"54395";"2";"3";"1";"3";"FOCH (AVENUE 18 ET 9 A FIN)";"48,6869800000";"6,1686100000"
"202100003633";"7";"12";"2021";"18:00";"5";"54";"54578";"2";"1";"8";"5";"MULLER (AVENUE PAUL)";"48,6671510837";"6,1462154383"
"202100003634";"8";"12";"2021";"08:20";"1";"54";"54395";"2";"3";"1";"3";"HOCHE (RUE DU GENERAL)";"48,6845835686";"6,1691286787"
"202100003635";"10";"12";"2021";"14:10";"1";"51";"51454";"2";"6";"1";"7";"Rue AndrÃ© Chaillot";"49,2870000000";"4,0274100000"
"202100003636";"10";"12";"2021";"13:30";"1";"51";"51454";"2";"6";"8";"2";"Avenue de Champagne";"49,2135800000";"4,0155700000"
"202100003637";"10";"12";"2021";"13:45";"1";"51";"51454";"2";"1";"8";"7";"Rue Clovis Chezel";"49,2403770278";"4,0327361226"
"202100003638";"9";"12";"2021";"18:10";"5";"51";"51454";"2";"3";"8";"3";"Rue Jean Baptiste ClÃ©ment";"49,2438535801";"4,0064853430"
"202100003639";"10";"12";"2021";"11:30";"1";"50";"50218";"2";"3";"2";"6";"HAUTESERVE (BD)";"48,8374300000";" -1,5939400000"
"202100003640";"9";"12";"2021";"17:05";"5";"50";"50416";"1";"1";"2";"6";"HAGUE (BOULEVARD DE LA)";"49,6675400000";" -1,7018700000"
"202100003641";"8";"12";"2021";"00:40";"5";"50";"50416";"1";"1";"2";"6";"BRETON (RUE DU)";"49,6537260000";" -1,7067950000"
"202100003642";"4";"12";"2021";"18:05";"5";"50";"50129";"2";"2";"3";"2";"HAGUE (BOULEVARD DE LA)";"49,6674100000";" -1,6968600000"
"202100003643";"9";"12";"2021";"22:12";"5";"49";"49007";"2";"1";"1";"3";"Boulevard de la RÃ©sistance et de la DÃ©portation";"47,4712700000";" -0,5471700000"
"202100003644";"9";"12";"2021";"21:37";"5";"49";"49007";"2";"1";"2";"6";"Place MoliÃ¨re";"47,4734400000";" -0,5554400000"
"202100003645";"9";"12";"2021";"12:54";"1";"49";"49007";"2";"1";"1";"6";"ONZE NOVEMBRE 1918 AVENUE";"47,4709700000";" -0,5457800000"
"202100003646";"9";"12";"2021";"11:28";"1";"49";"49007";"2";"1";"1";"2";"CHARLET";"47,4733400000";" -0,5765300000"
"202100003647";"9";"12";"2021";"09:01";"1";"49";"49267";"2";"6";"1";"7";"HERAUDIERES";"47,4610600000";" -0,4789400000"
"202100003648";"10";"12";"2021";"20:05";"5";"47";"47001";"2";"1";"2";"2";"JAURES (AV. JEAN)";"44,1954900000";"0,6422500000"
"202100003649";"10";"12";"2021";"22:20";"5";"45";"45147";"2";"1";"1";"6";"368 Rue du Faubourg Bannier";"47,9321000000";"1,8951500000"
"202100003650";"8";"12";"2021";"17:10";"1";"45";"45284";"2";"6";"1";"1";"Avenue du Capitaine Jean";"47,9105800000";"1,9523600000"
"202100003651";"9";"12";"2021";"08:40";"1";"45";"45068";"2";"1";"9";"2";"49 Rue Aristide Briand";"48,0099726139";"2,7401098609"
"202100003652";"7";"12";"2021";"12:00";"1";"44";"44184";"2";"1";"3";"6";"FAURÃ (RUE GABRIEL)";"47,2686200000";" -2,2362700000"
"202100003653";"10";"12";"2021";"18:00";"5";"44";"44109";"2";"1";"1";"3";"QUAI DE LA FOSSE";"47,2099700000";" -1,5642500000"
"202100003654";"9";"12";"2021";"17:55";"5";"44";"44109";"2";"1";"3";"6";"BOULEVARD VICTOR HUGO";"47,2035070000";" -1,5509700000"
"202100003655";"10";"12";"2021";"03:45";"5";"43";"43002";"2";"6";"4";"6";"Avenue de Bonneville";"45,0506558928";"3,8824412227"
"202100003656";"10";"12";"2021";"21:36";"5";"38";"38544";"2";"7";"1";"3";"CD 41";"45,5282900000";"4,8747600000"
"202100003657";"9";"12";"2021";"21:30";"5";"37";"37261";"2";"1";"3";"2";"TONNELLE (BOULEVARD)";"47,3826094051";"0,6683421135"
"202100003658";"9";"12";"2021";"07:15";"5";"37";"37261";"2";"3";"1";"3";"VAILLANT (RUE EDOUARD)";"47,3849857472";"0,7003475726"
"202100003659";"9";"12";"2021";"09:30";"1";"37";"37233";"2";"1";"1";"3";"VAILLANT COUTURIER (RUE PAUL)";"47,3945000308";"0,7112360001"
"202100003660";"10";"12";"2021";"18:00";"5";"35";"35238";"2";"2";"2";"6";"BOURGEOIS (BOULEVARD LEON)";"48,1003200000";" -1,6500200000"
"202100003661";"9";"12";"2021";"23:10";"5";"35";"35238";"2";"1";"2";"6";"LORIENT (DE)";"48,1069570000";" -1,7256250000"
"202100003662";"9";"12";"2021";"19:30";"3";"35";"35278";"1";"1";"3";"6";"ETANG DU DIABLE (RUE DE L')";"48,1379290000";" -1,6862470000"
"202100003663";"9";"12";"2021";"20:36";"5";"35";"35055";"2";"6";"2";"7";"BIGNON (RUE DU)";"48,0977461788";" -1,6239391566"
"202100003664";"9";"12";"2021";"17:06";"2";"35";"35238";"2";"1";"3";"2";"PORTE DE CLEUNAY";"48,0987850000";" -1,7140350000"
"202100003665";"9";"12";"2021";"14:15";"1";"35";"35238";"2";"1";"2";"2";"LORIENT (DE)";"48,1080200000";" -1,7006000000"
"202100003666";"8";"12";"2021";"20:10";"5";"35";"35055";"2";"3";"1";"1";"AVENUE D'ORIENT";"48,0871500000";" -1,6018400000"
"202100003667";"9";"12";"2021";"05:20";"5";"34";"34172";"2";"1";"1";"1";"VILLENEUVE-ANGOULEME (AVENUE DE";"43,5888300000";"3,8657900000"
"202100003668";"4";"12";"2021";"09:30";"1";"34";"34032";"2";"2";"1";"6";"MISTRAL FREDERIC (BD)";"43,3448200000";"3,2201300000"
"202100003669";"10";"12";"2021";"17:20";"5";"33";"33063";"2";"7";"2";"6";"Place de la Victoire";"44,8307700000";" -0,5730700000"
"202100003670";"9";"12";"2021";"18:20";"5";"33";"33075";"2";"6";"2";"3";"AVE PERIER";"44,8763000000";" -0,5823000000"
"202100003671";"9";"12";"2021";"09:00";"1";"33";"33249";"2";"1";"8";"6";"Avenue de la LibÃ©ration";"44,8739500000";" -0,5199300000"
"202100003672";"9";"12";"2021";"09:00";"1";"33";"33281";"2";"6";"2";"3";"CHEM DU PHARE";"44,8506900000";" -0,6927800000"
"202100003673";"10";"12";"2021";"08:45";"2";"31";"31555";"2";"1";"3";"6";"AV DE FRONTON";"43,6462700000";"1,4332800000"
"202100003674";"10";"12";"2021";"05:35";"5";"31";"31555";"2";"1";"2";"2";"AV DE LA GLOIRE";"43,6068500000";"1,4729200000"
"202100003675";"8";"12";"2021";"17:49";"5";"31";"31149";"2";"1";"3";"6";"EUGENE MONTEL (BOULEVARD)";"43,6094310000";"1,3363950000"
"202100003676";"9";"12";"2021";"15:35";"1";"31";"31483";"2";"9";"3";"3";"GAMBETTA (BOULEVARD)";"43,1013940000";"0,7211090000"
"202100003677";"9";"12";"2021";"18:10";"3";"29";"29232";"1";"1";"2";"2";"D365 - Avenue du Morbihan";"47,9781500000";" -4,0356600000"
"202100003678";"10";"12";"2021";"09:00";"1";"29";"29232";"2";"1";"2";"6";"D785 - Pont de Poulguinan";"47,9838300000";" -4,1164900000"
"202100003679";"8";"12";"2021";"09:50";"1";"29";"29232";"2";"1";"1";"2";"Rue de Stang Bihan";"48,0104800000";" -4,0964800000"
"202100003680";"9";"12";"2021";"09:50";"1";"27";"27681";"2";"2";"1";"6";"DEVOS (BOULEVARD JULIEN)";"49,0868500000";"1,4739400000"
"202100003681";"9";"12";"2021";"13:35";"1";"27";"27229";"2";"1";"1";"2";"ALLENDE (BOULEVARD DU PRESIDENT)";"49,0034200000";"1,1479600000"
"202100003682";"9";"12";"2021";"04:25";"5";"26";"26058";"2";"3";"2";"1";"Avenue Jean Vacher";"44,9464480000";"4,8933360000"
"202100003683";"9";"12";"2021";"08:28";"2";"26";"26362";"2";"1";"1";"4";"CREST ROUTE DE";"44,9129900000";"4,9140300000"
"202100003684";"10";"12";"2021";"14:05";"1";"26";"26198";"2";"1";"8";"3";"164 Route de Marseille";"44,5389750000";"4,7461540000"
"202100003685";"8";"12";"2021";"13:40";"1";"26";"26198";"2";"1";"8";"3";"117 Route de Valence";"44,5807300000";"4,7531320000"
"202100003686";"12";"11";"2021";"14:10";"1";"19";"19031";"2";"3";"1";"3";"DIX HUIT JUIN 1940 (AVENUE DU)";"45,1569500000";"1,4905400000"
"202100003687";"8";"12";"2021";"07:42";"2";"18";"18033";"2";"1";"1";"6";"GUERRY (ROUTE DE)";"47,0740000000";"2,4190000000"
"202100003688";"9";"12";"2021";"19:30";"5";"17";"17300";"2";"9";"3";"3";"DEMEOCQ   RUE JEAN";"46,1518000000";" -1,1398000000"
"202100003689";"9";"12";"2021";"17:20";"5";"15";"15014";"2";"1";"1";"1";"Rue des Carmes";"44,9273720000";"2,4435300000"
"202100003690";"9";"12";"2021";"14:35";"1";"14";"14327";"2";"1";"1";"6";"BELLES PORTES (BOULEVARD DES)";"49,2007100000";" -0,3308000000"
"202100003691";"9";"12";"2021";"12:55";"1";"14";"14118";"2";"3";"1";"3";"JUIN (BOULEVARD MARECHAL)";"49,2097500000";" -0,3710300000"
"202100003692";"9";"12";"2021";"13:28";"1";"14";"14118";"2";"3";"1";"6";"JEAN BAPTISTE COLBERT (RUE)";"49,2102700000";" -0,3675410000"
"202100003693";"9";"12";"2021";"08:00";"2";"14";"14118";"2";"3";"8";"3";"ROUTE DE LION";"49,2042000000";" -0,3520200000"
"202100003694";"10";"12";"2021";"20:51";"5";"13";"13201";"2";"9";"1";"3";"VOLTAIRE    IMPAIRS (BOULEVARD)";"43,3000000000";"5,3800000000"
"202100003695";"10";"12";"2021";"14:45";"1";"13";"13203";"2";"3";"1";"3";"NATIONAL (BOULEVARD)";"43,3118800000";"5,3772800000"
"202100003696";"10";"12";"2021";"03:50";"5";"13";"13214";"2";"1";"2";"1";"SAINTE MARTHE (chemin)";"43,3203200000";"5,3900800000"
"202100003697";"9";"12";"2021";"15:00";"1";"13";"13201";"2";"5";"1";"3";"SAINT BAZILE (RUE)";"43,3000400000";"5,3835800000"
"202100003698";"9";"12";"2021";"14:05";"1";"13";"13206";"2";"1";"1";"3";"ROGER BRUN (RUE)";"43,2856131130";"5,3929885374"
"202100003699";"9";"12";"2021";"07:40";"1";"13";"13212";"2";"1";"1";"3";"CHARLES KADDOUZ (RUE)";"43,3141298106";"5,4323409372"
"202100003700";"10";"12";"2021";"13:30";"1";"11";"11069";"2";"1";"2";"3";"ZI PONT ROUGE";"43,2366100000";"2,3664800000"
"202100003701";"8";"12";"2021";"16:38";"1";"11";"11069";"2";"1";"2";"2";"GAMBETTA SQUARE -IMPAIR-";"43,2117500000";"2,3575300000"
"202100003702";"10";"12";"2021";"17:25";"3";"10";"10333";"2";"1";"8";"4";"ROCADE OUEST (RD 610)";"48,2769000000";"4,0434600000"
"202100003703";"9";"12";"2021";"13:45";"1";"10";"10333";"2";"2";"7";"3";"MARAYE (RUE)";"48,2868300000";"4,0454500000"
"202100003704";"9";"12";"2021";"07:30";"2";"10";"10325";"2";"9";"9";"3";"GABRIEL DEHEURLES (AVENUE)";"48,2649590000";"4,0412200000"
"202100003705";"10";"12";"2021";"10:05";"1";"09";"09225";"2";"1";"2";"7";"VILLENEUVE ROUTE DE";"43,1306000000";"1,6218100000"
"202100003706";"8";"12";"2021";"13:50";"1";"08";"08409";"2";"1";"1";"3";"JAURES (RUE JEAN)";"49,6981800000";"4,9317500000"
"202100003707";"11";"12";"2021";"22:27";"5";"06";"06083";"2";"1";"1";"3";"SOSPEL (AVENUE DE, NÂ° 1 A 55)";"43,7793000000";"7,4936000000"
"202100003708";"10";"12";"2021";"19:25";"5";"06";"06027";"2";"1";"1";"6";"NICE AVENUE DE (RN7)";"43,6552000000";"7,1518000000"
"202100003709";"9";"12";"2021";"23:54";"5";"06";"06027";"2";"1";"1";"2";"CANNES AVENUE DE (RN7)";"43,6497130000";"7,1406230000"
"202100003710";"9";"12";"2021";"09:30";"1";"06";"06123";"2";"1";"1";"2";"AGRICULTEURS ALLEE DES";"43,7029720000";"7,1814890000"
"202100003711";"9";"12";"2021";"07:45";"1";"06";"06123";"2";"1";"1";"2";"PUGETS ROUTE DES";"43,6912900000";"7,1840220000"
"202100003712";"9";"12";"2021";"10:19";"1";"05";"05061";"2";"6";"1";"3";"CARREFOUR DE L'EUROPE";"44,5548300000";"6,0749900000"
"202100003713";"8";"12";"2021";"09:15";"1";"05";"05061";"1";"3";"4";"3";"LUYE ( ROUTE DE LA )";"44,5226100000";"6,0596200000"
"202100003714";"9";"12";"2021";"09:50";"1";"03";"03190";"2";"1";"1";"2";"GAULLE (AV. DU GAL. DE)";"46,5711900000";"3,3238100000"
"202100003715";"8";"12";"2021";"17:30";"3";"02";"02408";"2";"1";"1";"5";"RN2";"49,5484800000";"3,6181900000"
"202100003716";"9";"12";"2021";"23:50";"5";"75";"75117";"2";"1";"3";"7";"PORTE D ASNIERES";"48,8927620000";"2,3023670000"
"202100003717";"10";"12";"2021";"01:21";"5";"75";"75111";"2";"2";"2";"6";"BOULEVARD RICHARD LENOIR";"48,8540170000";"2,3689770000"
"202100003718";"10";"12";"2021";"15:00";"1";"75";"75105";"2";"2";"1";"6";"RUE BROCA";"48,8390210000";"2,3492350000"
"202100003719";"9";"12";"2021";"18:30";"5";"75";"75120";"2";"2";"1";"3";"AVENUE DE LA PORTE DE VINCENNES";"48,8467030000";"2,4158740000"
"202100003720";"10";"12";"2021";"11:10";"1";"75";"75119";"2";"2";"2";"3";"AVENUE DE FLANDRE";"48,8906150672";"2,3768019676"
"202100003721";"10";"12";"2021";"09:40";"1";"75";"75119";"2";"1";"2";"2";"RUE DE L OURCQ";"48,8918850000";"2,3799550000"
"202100003722";"9";"12";"2021";"15:35";"1";"75";"75117";"2";"2";"1";"3";"BOULEVARD DES BATIGNOLLES";"48,8823430000";"2,3209590000"
"202100003723";"10";"12";"2021";"10:20";"1";"75";"75108";"2";"7";"2";"3";"PLACE DE L ALMA";"48,8642700000";"2,3015300000"
"202100003724";"10";"12";"2021";"02:00";"5";"75";"75116";"2";"5";"2";"6";"AVENUE DU PRESIDENT KENNEDY";"48,8544750000";"2,2834950000"
"202100003725";"10";"12";"2021";"19:13";"5";"75";"75115";"2";"4";"1";"6";"BOULEVARD LEFEBVRE";"48,8326870000";"2,2883690000"
"202100003726";"10";"12";"2021";"18:30";"5";"75";"75115";"2";"4";"1";"6";"QUAI ANDRE CITROEN";"48,8484360000";"2,2809030000"
"202100003727";"8";"12";"2021";"18:15";"5";"75";"75115";"2";"2";"1";"2";"BOULEVARD DE GRENELLE";"48,8491550000";"2,2980410000"
"202100003728";"10";"12";"2021";"13:40";"1";"75";"75114";"2";"1";"1";"7";"BOULEVARD SAINT JACQUES";"48,8326500000";"2,3374060000"
"202100003729";"10";"12";"2021";"06:45";"5";"75";"75113";"2";"2";"2";"3";"QUAI D AUSTERLITZ";"48,8419190000";"2,3678790000"
"202100003730";"10";"12";"2021";"19:50";"5";"75";"75112";"2";"1";"1";"3";"RUE DE CHARENTON";"48,8330840000";"2,3956990000"
"202100003731";"10";"12";"2021";"19:10";"5";"75";"75111";"2";"7";"1";"3";"AVENUE PHILIPPE AUGUSTE";"48,8493580000";"2,3953180000"
"202100003732";"10";"12";"2021";"12:00";"1";"75";"75108";"2";"3";"8";"3";"RUE DE MONCEAU";"48,8767080000";"2,3086070000"
"202100003733";"10";"12";"2021";"14:35";"1";"75";"75107";"2";"2";"1";"6";"AVENUE JOSEPH BOUVARD";"48,8548680000";"2,2963850000"
"202100003734";"10";"12";"2021";"14:45";"1";"75";"75103";"2";"2";"6";"6";"RUE DE TURBIGO";"48,8644280000";"2,3515110000"
"202100003735";"10";"12";"2021";"14:40";"1";"94";"94003";"2";"1";"1";"2";"Avenue Paul Doumer";"48,8063300000";"2,3371400000"
"202100003736";"9";"12";"2021";"20:00";"5";"94";"94033";"2";"6";"1";"2";"Place du General de Gaulle";"48,8522000000";"2,4854000000"
"202100003737";"9";"12";"2021";"16:30";"2";"94";"94028";"2";"1";"1";"2";"Avenue du GÃ©nÃ©ral de Gaulle";"48,7875010000";"2,4466490000"
"202100003738";"9";"12";"2021";"22:45";"5";"94";"94053";"2";"3";"3";"3";"Gr Pierre MendÃ¨s-France";"48,7728031825";"2,5455987453"
"202100003739";"10";"12";"2021";"15:50";"1";"94";"94071";"2";"1";"1";"7";"BONNEUIL (AV DE)";"48,7694900000";"2,5106600000"
"202100003740";"10";"12";"2021";"11:10";"1";"93";"93078";"2";"4";"9";"1";"COUTURIER (AVENUE PAUL VAILLANT)";"48,9602055932";"2,5332820415"
"202100003741";"10";"12";"2021";"08:15";"2";"93";"93073";"2";"3";"2";"6";"DEQUET (RUE LOUIS)";"48,9491611431";"2,5843566656"
"202100003742";"10";"12";"2021";"17:15";"5";"93";"93071";"2";"4";"1";"3";"PAUL FORT (ALLEE)";"48,9453898182";"2,5487146679"
"202100003743";"10";"12";"2021";"09:08";"1";"93";"93066";"2";"9";"2";"3";"COLONEL FABIEN (AVENUE)";"48,9448979456";"2,3537551144"
"202100003744";"9";"12";"2021";"14:58";"1";"93";"93066";"2";"2";"1";"3";"MONTMORENCY";"48,9400000000";"2,3700000000"
"202100003745";"10";"12";"2021";"18:40";"5";"93";"93046";"2";"1";"1";"3";"REPUBLIQUE AVENUE DE LA";"48,9056029854";"2,5241839886"
"202100003746";"10";"12";"2021";"18:37";"5";"93";"93031";"2";"3";"1";"6";"DUNKERQUE (DE)";"48,9582949152";"2,2970593977"
"202100003747";"10";"12";"2021";"01:25";"5";"93";"93010";"2";"1";"3";"7";"BLANQUI (R. LOUIS-AUGUSTE) DE 23 A 125 C";"48,8992388032";"2,4834806264"
"202100003748";"10";"12";"2021";"14:30";"1";"92";"92072";"2";"1";"1";"7";"EUROPE (AVENUE DE L')";"48,8230337002";"2,2095930576"
"202100003749";"10";"12";"2021";"18:05";"5";"92";"92064";"2";"1";"1";"6";"DAILLY";"48,8443330000";"2,2204110000"
"202100003750";"10";"12";"2021";"08:00";"5";"92";"92062";"2";"2";"3";"3";"WALLACE (BD RICHARD) DU 17 AU 91 ET DU 3";"48,8808143449";"2,2378420830"
"202100003751";"10";"12";"2021";"08:10";"5";"92";"92050";"2";"1";"2";"6";"LECLERC GENERAL AVENUE DU";"48,8990275160";"2,1913540363"
"202100003752";"9";"12";"2021";"18:20";"5";"92";"92025";"2";"3";"1";"6";"JULIEN GALLE (RUE)";"48,9233281689";"2,2583824396"
"202100003753";"9";"12";"2021";"17:15";"5";"92";"92025";"2";"3";"1";"3";"EUROPE (AV DE L')";"48,9261620000";"2,2429500000"
"202100003754";"10";"12";"2021";"17:23";"5";"92";"92023";"2";"1";"1";"6";"GARENNE (ROUTE DE LA)";"48,7771344217";"2,2300422192"
"202100003755";"10";"12";"2021";"17:01";"5";"92";"92023";"2";"9";"1";"3";"GENERAL DE GAULLE (AVENUE DU)";"48,7852461932";"2,2511887550"
"202100003756";"10";"12";"2021";"14:50";"1";"92";"92012";"2";"2";"1";"3";"JEAN JAURES (BOULEVARD) 1/61 - COTE IMPA";"48,8450490000";"2,2372500000"
"202100003757";"10";"12";"2021";"14:15";"1";"92";"92002";"2";"1";"6";"3";"ARISTIDE BRIAND (AVENUE)";"48,7550600000";"2,3056600000"
"202100003758";"6";"12";"2021";"04:30";"3";"49";"49220";"1";"1";"8";"7";"D52";"47,7106570000";" -0,4216160000"
"202100003759";"11";"12";"2021";"17:15";"3";"76";"76562";"1";"1";"2";"1";"Ferme de Milan";"49,8832290000";"1,1822100000"
"202100003760";"11";"12";"2021";"12:35";"1";"974";"97404";"2";"1";"1";"6";"Rue Motais de Narbonne";" -21,2670600000";"55,3335700000"
"202100003761";"7";"12";"2021";"14:10";"1";"26";"26324";"1";"1";"1";"2";"Autorute du Soleil";"44,3263580000";"4,7392170000"
"202100003762";"11";"12";"2021";"18:50";"3";"76";"76404";"1";"1";"8";"5";"D925";"49,5854400000";"0,2504750000"
"202100003763";"10";"12";"2021";"09:40";"1";"12";"12061";"1";"1";"1";"6";"Mas Del Puech";"44,5192140000";"2,8659350000"
"202100003764";"11";"12";"2021";"10:00";"1";"62";"62874";"1";"1";"7";"6";"RD 68";"50,2718150000";"2,6002410000"
"202100003765";"10";"12";"2021";"23:05";"3";"57";"57691";"1";"1";"2";"7";"D55 PK33+100";"49,2394750000";"6,5135940000"
"202100003766";"10";"12";"2021";"20:00";"3";"51";"51569";"1";"1";"6";"1";"D27";"49,2578660000";"3,9435230000"