"Num_Acc";"jour";"mois";"an";"hrmn";"lum";"dep";"com";"agg";"int";"atm";"col";"adr";"lat";"long"
"202100003767";"7";"12";"2021";"11:50";"1";"51";"51181";"2";"1";"1";"7";"Rue Laurent Laine";"49,2645350000";"3,8400540000"
"202100003768";"10";"12";"2021";"08:55";"2";"56";"56184";"1";"6";"1";"3";"Le Petit Molac";"47,6800170000";" -2,4223670000"
"202100003769";"11";"12";"2021";"01:55";"3";"80";"80443";"1";"1";"8";"6";"D211";"49,8528160000";"1,8745850000"
"202100003770";"11";"12";"2021";"02:00";"3";"11";"11256";"1";"1";"2";"6";"rd 613 pk 15";"43,1181210000";"2,8005700000"
"202100003771";"10";"12";"2021";"16:30";"1";"11";"11103";"2";"1";"2";"6";"Avenue Jean-Pierre Marty";"42,9428800000";"2,2556680000"
"202100003772";"10";"12";"2021";"19:45";"5";"12";"12056";"2";"1";"4";"7";"Avenue de Marengo";"44,2809730000";"2,4280210000"
"202100003773";"11";"12";"2021";"05:30";"3";"12";"12001";"1";"1";"2";"6";"RD 29";"44,3593590000";"2,6513740000"
"202100003774";"10";"12";"2021";"16:15";"1";"12";"12133";"1";"1";"2";"1";"les cans";"44,2967940000";"2,5174780000"
"202100003775";"9";"12";"2021";"17:45";"3";"68";"68374";"1";"1";"1";"6";"Rue du Logelbach";"48,0739580000";"7,2923540000"
"202100003776";"10";"12";"2021";"23:48";"3";"25";"25304";"1";"1";"2";"6";"Rue du Docteur Quelet";"47,4304100000";"6,8877410000"
"202100003777";"10";"12";"2021";"17:35";"5";"29";"29241";"2";"1";"1";"6";"Rue Auguste Richard";"47,9597590000";" -3,8292530000"
"202100003778";"10";"12";"2021";"18:15";"3";"03";"03030";"1";"3";"4";"3";"D984";"46,0718910000";"3,3138910000"
"202100003779";"10";"12";"2021";"08:00";"2";"54";"54426";"1";"1";"4";"2";"RD121";"48,6461022544";"5,9035742291"
"202100003780";"10";"12";"2021";"20:00";"3";"72";"72325";"1";"1";"2";"6";"pk 14 D304";"47,8336410000";"0,4892560000"
"202100003781";"10";"12";"2021";"15:50";"2";"14";"14174";"2";"1";"7";"6";"Rue Saint Martin";"48,8480130000";" -0,5516180000"
"202100003782";"9";"12";"2021";"08:50";"2";"45";"45182";"1";"1";"1";"6";"D15";"47,7066140000";"1,7925630000"
"202100003783";"11";"12";"2021";"06:27";"3";"16";"16132";"1";"1";"9";"6";"RN 141";"45,8825400000";"0,7633780000"
"202100003784";"9";"12";"2021";"18:00";"5";"87";"87032";"2";"1";"1";"6";"24bis Avenue FranÃ§ois MittÃ©rrand";"45,6520280000";"0,9808190000"
"202100003785";"11";"12";"2021";"09:25";"1";"87";"87068";"1";"1";"8";"1";"Grand Bagnol";"46,1536310000";"1,4289950000"
"202100003786";"10";"12";"2021";"06:15";"3";"34";"34157";"1";"1";"3";"4";"A9 PK 132";"43,4485880000";"3,5805770000"
"202100003787";"11";"12";"2021";"06:56";"3";"60";"60100";"1";"1";"9";"4";"PK 49.900";"49,2520912614";"2,6812777518"
"202100003788";"25";"08";"2021";"22:45";"3";"34";"34134";"1";"1";"1";"1";"CD 5";"43,5894520000";"3,8068490000"
"202100003789";"1";"12";"2021";"17:00";"1";"987";"98733";"2";"1";"1";"1";"Pk 20+900 RT1";" -17,7008788078";" -149,5838749409"
"202100003790";"11";"12";"2021";"08:30";"1";"77";"77031";"1";"1";"1";"6";"N4";"48,6848830000";"2,9367180000"
"202100003791";"11";"12";"2021";"15:55";"1";"34";"34341";"2";"3";"7";"3";"Route de Poussan";"43,5002620000";"3,6123830000"
"202100003792";"8";"12";"2021";"16:45";"2";"84";"84129";"1";"1";"7";"4";"CD942";"43,9857130000";"4,8904820000"
"202100003793";"11";"12";"2021";"13:10";"1";"26";"26347";"2";"3";"1";"3";"Rue Albert Nicolas";"45,0687580000";"4,8434690000"
"202100003794";"10";"12";"2021";"15:00";"1";"69";"69069";"2";"2";"2";"6";"11 NOVEMBRE 1918 (DU) (R)";"45,7459310000";"4,7308210000"
"202100003795";"11";"12";"2021";"04:20";"3";"85";"85129";"1";"1";"1";"6";"Les Temples";"46,8323500000";" -1,4772860000"
"202100003796";"11";"12";"2021";"05:00";"2";"53";"53011";"1";"1";"1";"6";"la garanciere";"47,9415320000";" -0,8658490000"
"202100003797";"11";"12";"2021";"15:40";"1";"22";"22208";"1";"1";"2";"1";"les ruaux";"48,3169090000";" -2,0211840000"
"202100003798";"11";"12";"2021";"08:35";"2";"02";"02186";"1";"1";"9";"6";"La Casiniere";"48,9699560000";"3,3700780000"
"202100003799";"11";"12";"2021";"12:10";"1";"59";"59228";"1";"1";"1";"2";"D65";"50,3374080000";"3,0945610000"
"202100003800";"10";"12";"2021";"07:15";"5";"59";"59250";"2";"1";"3";"6";"Rue Pasteur";"50,5863750000";"2,8880980000"
"202100003801";"10";"12";"2021";"01:10";"3";"13";"13071";"1";"1";"1";"2";"A55 - Sens Marseille vers Martigues";"43,3996800000";"5,2933000000"
"202100003802";"9";"12";"2021";"16:00";"2";"13";"13005";"1";"1";"1";"4";"A50-Sens Aubagne vers Marseille";"43,2868500000";"5,5376900000"
"202100003803";"10";"12";"2021";"17:00";"1";"69";"69142";"1";"1";"2";"7";"M7   2.278 A 3.690";"45,7291400000";"4,8159900000"
"202100003804";"4";"12";"2021";"20:00";"3";"69";"69256";"1";"9";"1";"6";"A42     0.560 A 4.020";"45,8043376656";"4,9261354731"
"202100003805";"9";"12";"2021";"14:55";"1";"57";"57206";"1";"9";"4";"1";"Autoroute A30";"49,3135100000";"6,0954500000"
"202100003806";"10";"12";"2021";"20:45";"4";"33";"33162";"1";"1";"2";"5";"Rocade Nord Ouest A630 -E8-";"44,8668890000";" -0,6503770000"
"202100003807";"10";"12";"2021";"13:50";"1";"33";"33249";"1";"1";"2";"6";"Rocade Rive Droite N230";"44,8845290000";" -0,5104860000"
"202100003808";"2";"12";"2021";"07:40";"2";"62";"62351";"1";"1";"1";"4";"AUTOROUTE A21";"50,4325670000";"2,9124150000"
"202100003809";"10";"12";"2021";"09:00";"1";"91";"91689";"1";"1";"2";"4";"AUTOROUTE A6B";"48,7337610000";"2,3160840000"
"202100003810";"10";"12";"2021";"15:00";"1";"91";"91216";"1";"1";"1";"2";"AUTOROUTE A6";"48,6843060000";"2,3282530000"
"202100003811";"10";"12";"2021";"14:00";"1";"91";"91477";"1";"1";"1";"3";"AUTOROUTE A126";"48,7202200000";"2,2269500000"
"202100003812";"10";"12";"2021";"12:35";"1";"91";"91086";"1";"1";"1";"2";"RN 104";"48,6239000000";"2,3754600000"
"202100003813";"10";"12";"2021";"08:30";"2";"91";"91661";"1";"1";"2";"7";"AUTOROUTE A10";"48,6975760000";"2,2404320000"
"202100003814";"10";"12";"2021";"08:35";"2";"91";"91136";"1";"1";"2";"7";"A10 PROVINCE / RD188 PARIS";"48,7106800000";"2,2879300000"
"202100003815";"10";"12";"2021";"17:50";"3";"75";"75116";"1";"1";"1";"2";"A13Y";"48,8482649185";"2,2422891855"
"202100003816";"10";"12";"2021";"10:45";"1";"92";"92050";"1";"1";"1";"7";"A86";"48,8923741657";"2,1827165279"
"202100003817";"10";"12";"2021";"06:50";"3";"92";"92047";"1";"1";"2";"6";"A13";"48,8339754444";"2,1664687519"
"202100003818";"10";"12";"2021";"14:00";"1";"93";"93010";"1";"1";"1";"2";"AUTOROUTE A3";"48,9133500000";"2,4768300000"
"202100003819";"10";"12";"2021";"09:45";"1";"93";"93010";"1";"1";"1";"4";"AUTOROUTE A3";"48,8909300000";"2,4735900000"
"202100003820";"10";"12";"2021";"01:10";"3";"95";"95527";"1";"1";"3";"6";"AUTOROUTE A1";"48,9866853985";"2,5071787834"
"202100003821";"9";"12";"2021";"12:10";"1";"92";"92025";"2";"1";"1";"2";"E.D'ORVES 200A328 147A279 (RUE)";"48,9139000000";"2,2414000000"
"202100003822";"8";"12";"2021";"17:05";"2";"92";"92004";"2";"1";"8";"6";"ARGENTEUIL AV D'";"48,9149922275";"2,2829756141"
"202100003823";"2";"08";"2021";"17:30";"1";"60";"60613";"2";"1";"1";"1";"Rue de la Graverie";"49,2563110000";"2,0185550000"
"202100003824";"8";"12";"2021";"22:56";"5";"75";"75113";"2";"2";"1";"3";"RUE DE TOLBIAC";"48,8261800000";"2,3572760000"
"202100003825";"8";"12";"2021";"19:20";"5";"75";"75113";"2";"3";"1";"3";"BOULEVARD VINCENT AURIOL";"48,8335290000";"2,3634200000"
"202100003826";"9";"12";"2021";"03:37";"5";"75";"75105";"2";"4";"1";"6";"BOULEVARD DE L HOPITAL";"48,8431850000";"2,3641560000"
"202100003827";"8";"12";"2021";"10:20";"1";"75";"75120";"2";"3";"1";"6";"RUE BELGRAND";"48,8646240000";"2,4056230000"
"202100003828";"9";"12";"2021";"21:44";"5";"75";"75119";"2";"7";"1";"3";"AVENUE JEAN JAURES";"48,8827830000";"2,3702720000"
"202100003829";"9";"12";"2021";"14:05";"1";"75";"75119";"2";"2";"1";"3";"BOULEVARD MACDONALD";"48,8976170000";"2,3856870000"
"202100003830";"9";"12";"2021";"08:30";"1";"75";"75118";"2";"1";"1";"6";"BOULEVARD NEY";"48,8979670000";"2,3415130000"
"202100003831";"9";"12";"2021";"20:00";"5";"75";"75117";"2";"2";"1";"2";"RUE DU CAPORAL PEUGEOT";"48,8870840000";"2,2895560000"
"202100003832";"9";"12";"2021";"19:20";"5";"75";"75117";"2";"5";"9";"2";"AVENUE DES TERNES";"48,8807110000";"2,2852920000"
"202100003833";"8";"12";"2021";"10:10";"1";"75";"75117";"2";"2";"1";"3";"RUE JOUFFROY D ABBANS";"48,8828340000";"2,3029850000"
"202100003834";"9";"12";"2021";"11:11";"1";"75";"75116";"2";"2";"1";"6";"RUE RAFFET";"48,8527250000";"2,2625020000"
"202100003835";"9";"12";"2021";"16:55";"5";"75";"75115";"2";"5";"1";"6";"RUE DE LOURMEL";"48,8507270000";"2,2923590000"
"202100003836";"9";"12";"2021";"18:00";"5";"75";"75112";"2";"1";"1";"3";"AVENUE DU DOCTEUR ARNOLD NETTER";"48,8463480000";"2,4060800000"
"202100003837";"9";"12";"2021";"13:15";"1";"75";"75112";"2";"3";"1";"6";"RUE MONTGALLET";"48,8435110000";"2,3877690000"
"202100003838";"9";"12";"2021";"17:10";"5";"75";"75111";"2";"2";"1";"3";"BOULEVARD BEAUMARCHAIS";"48,8558120000";"2,3684870000"
"202100003839";"9";"12";"2021";"22:10";"5";"75";"75110";"2";"1";"2";"6";"BOULEVARD DE LA VILLETTE";"48,8729980000";"2,3757520000"
"202100003840";"9";"12";"2021";"18:05";"5";"75";"75108";"2";"1";"1";"2";"BOULEVARD DE COURCELLES";"48,8790440000";"2,3026530000"
"202100003841";"9";"12";"2021";"12:05";"1";"75";"75101";"2";"2";"1";"7";"RUE DU LOUVRE";"48,8617030000";"2,3412150000"
"202100003842";"8";"12";"2021";"23:30";"5";"75";"75103";"2";"3";"1";"3";"BOULEVARD DE SEBASTOPOL";"48,8681860000";"2,3536210000"
"202100003843";"9";"12";"2021";"12:10";"1";"94";"94044";"2";"1";"1";"6";"Rue Roger Salengro";"48,7514344433";"2,4893088339"
"202100003844";"9";"12";"2021";"17:00";"5";"94";"94073";"2";"6";"1";"3";"VERSAILLES (AV DE)";"48,7569100000";"2,3881000000"
"202100003845";"9";"12";"2021";"08:15";"1";"94";"94053";"2";"3";"1";"3";"Gr Pierre MendÃ¨s-France";"48,7705900000";"2,5438900000"
"202100003846";"9";"12";"2021";"12:10";"1";"94";"94069";"2";"1";"1";"6";"Rue des Epinettes";"48,8203300000";"2,4199200000"
"202100003847";"9";"12";"2021";"18:00";"5";"94";"94071";"2";"9";"1";"3";"Rue de la Fosse Rouge";"48,7751500000";"2,5211600000"
"202100003848";"8";"12";"2021";"22:50";"5";"93";"93073";"2";"3";"1";"3";"RESISTANCE (RUE DE LA)";"48,9496300000";"2,5652300000"
"202100003849";"9";"12";"2021";"18:48";"5";"93";"93072";"2";"1";"1";"1";"ALFRED DE MUSSET (RUE)";"48,9487300000";"2,3756100000"
"202100003850";"9";"12";"2021";"17:35";"5";"93";"93070";"2";"1";"1";"2";"GABRIEL-PERI (AV)";"48,9014100000";"2,3302800000"
"202100003851";"9";"12";"2021";"15:25";"1";"93";"93055";"2";"9";"1";"3";"CIMETIERE PARISIEN (AVENUE DU)";"48,9087045101";"2,3991015248"
"202100003852";"8";"12";"2021";"13:00";"1";"93";"93051";"2";"1";"1";"3";"MONTAIGNE (AVE)";"48,8424100000";"2,5422400000"
"202100003853";"9";"12";"2021";"20:15";"5";"93";"93001";"2";"1";"1";"3";"REPUBLIQUE (AVE DE LA ) DE 52 A 104";"48,9082800000";"2,3875400000"
"202100003854";"9";"12";"2021";"12:28";"1";"93";"93001";"2";"1";"1";"3";"FELIX FAURE (BLD) => 121";"48,9077679273";"2,3786473274"
"202100003855";"9";"12";"2021";"14:15";"1";"92";"92064";"2";"1";"1";"2";"MARCEL DASSAULT";"48,8549521871";"2,2227922082"
"202100003856";"6";"12";"2021";"19:00";"5";"92";"92063";"2";"1";"1";"2";"HUGO (AVENUE VICTOR)";"48,8853076202";"2,1767413616"
"202100003857";"9";"12";"2021";"10:11";"1";"92";"92049";"2";"1";"1";"6";"PELLETAN RUE CAMILLE";"48,8167489746";"2,3094651103"
"202100003858";"9";"12";"2021";"00:02";"5";"92";"92049";"2";"1";"1";"2";"VERDIER AVENUE NÂ°1 A 23";"48,8145500000";"2,3203400000"
"202100003859";"16";"10";"2021";"10:10";"1";"92";"92036";"2";"2";"7";"6";"GALLIENI (BOULEVARD) (1/19)";"48,9234409613";"2,3214385775"
"202100003860";"9";"12";"2021";"20:00";"5";"92";"92024";"2";"2";"1";"3";"CLICHY (QUAI DE) DE (104 A 202)";"48,9084448856";"2,3002161831"
"202100003861";"9";"12";"2021";"17:50";"5";"92";"92024";"2";"1";"1";"1";"PIERRE BEREGOVOY (RUE)";"48,9016583291";"2,2947236896"
"202100003862";"4";"12";"2021";"18:45";"2";"92";"92024";"2";"2";"1";"7";"CLICHY (QUAI DE) DE (8 A 60)";"48,9085224320";"2,3001229763"
"202100003863";"9";"12";"2021";"18:15";"5";"92";"92012";"2";"2";"1";"3";"SILLY (RUE DE) 1/87 - 2/88";"48,8425016948";"2,2308307886"
"202100003864";"9";"12";"2021";"18:25";"5";"95";"95313";"1";"1";"8";"3";"RD 922";"49,1245970000";"2,2503550000"
"202100003865";"9";"12";"2021";"13:40";"1";"95";"95487";"2";"1";"1";"6";"122 Rue Jean Catelas";"49,1572250000";"2,2845500000"
"202100003866";"9";"12";"2021";"07:15";"3";"76";"76280";"1";"1";"2";"1";"D1314";"49,8235390000";"1,4182230000"
"202100003867";"10";"12";"2021";"14:35";"1";"28";"28196";"1";"1";"1";"3";"A11 au PK 087+400";"48,2806080000";"1,2218960000"
"202100003868";"10";"12";"2021";"08:00";"2";"71";"71481";"1";"1";"2";"5";"A6 PK 402.700 SENS LYON-PARIS";"46,1863080000";"4,7726050000"
"202100003869";"10";"12";"2021";"17:50";"3";"62";"62174";"1";"1";"9";"6";"D231";"50,8526160000";"1,9663680000"
"202100003870";"10";"12";"2021";"16:50";"2";"52";"52469";"1";"1";"8";"7";"A5 PK 207+380";"48,0411000000";"5,0483840000"
"202100003871";"9";"12";"2021";"18:30";"3";"35";"35338";"1";"2";"3";"3";"Le Haut Frene";"48,0679960000";" -1,2455050000"
"202100003872";"10";"12";"2021";"13:05";"1";"54";"54067";"1";"2";"8";"3";"Intersection D18 - D643";"49,4296040687";"5,6861020607"
"202100003873";"10";"12";"2021";"12:15";"1";"76";"76584";"1";"1";"1";"7";"A28";"49,7491640000";"1,4792920000"
"202100003874";"9";"12";"2021";"10:00";"1";"17";"17264";"2";"7";"2";"6";"1 Avenue de la Rochelle";"46,2032590000";" -1,1599640000"
"202100003875";"6";"12";"2021";"17:30";"3";"63";"63178";"1";"3";"2";"3";"Carrefour formant Ã©changeur NÂ°13 et le RD 996";"45,5425770000";"3,2666300000"
"202100003876";"9";"12";"2021";"08:00";"2";"62";"62323";"2";"1";"2";"3";"60 Rue d Arras";"50,3012970000";"2,8627570000"
"202100003877";"8";"12";"2021";"18:30";"5";"83";"83116";"2";"1";"9";"3";"D560";"43,4468160000";"5,8604390000"
"202100003878";"9";"12";"2021";"18:05";"3";"51";"51629";"1";"1";"2";"1";"D951";"49,1464850000";"4,0041090000"
"202100003879";"6";"12";"2021";"08:10";"2";"51";"51171";"2";"1";"8";"7";"Rue du PrÃ©sident Kennedy";"49,3692249305";"3,8926067948"
"202100003880";"9";"12";"2021";"21:15";"3";"67";"67281";"1";"1";"1";"1";"Route d Artzenheim";"48,1528170000";"7,5434120000"
"202100003881";"8";"12";"2021";"08:05";"3";"80";"80373";"2";"1";"1";"6";"7 Rue Charles de Gaulle";"49,9838940000";"1,5611890000"
"202100003882";"10";"12";"2021";"12:45";"1";"82";"82026";"1";"1";"2";"6";"D115";"44,0646170000";"1,6803390000"
"202100003883";"6";"12";"2021";"13:00";"1";"89";"89200";"1";"3";"8";"3";"D91";"47,9267030000";"3,6409590000"
"202100003884";"10";"12";"2021";"18:30";"5";"63";"63195";"2";"1";"2";"6";"24 Avenue du Docteur Corny";"45,8238470000";"3,3839730000"
"202100003885";"10";"12";"2021";"07:08";"3";"55";"55574";"2";"1";"4";"6";"10 Rue Grande";"48,4832260000";"5,6093080000"
"202100003886";"10";"12";"2021";"18:52";"3";"55";"55519";"1";"1";"3";"6";"Route de Guerpont";"48,7227850000";"5,2693610000"
"202100003887";"9";"12";"2021";"07:40";"3";"49";"49307";"1";"1";"1";"1";"Route de SarrignÃ© (baunÃ©) D116";"47,4993110000";" -0,3372610000"
"202100003888";"5";"12";"2021";"11:40";"1";"49";"49377";"1";"1";"1";"2";"Route DÃ©partementale NÂ°113 (Soucelles)";"47,5920190000";" -0,4529390000"
"202100003889";"9";"12";"2021";"17:45";"5";"39";"39476";"2";"3";"1";"3";"44 Grande Rue";"47,0332520000";"5,3287630000"
"202100003890";"8";"12";"2021";"21:35";"5";"44";"44185";"2";"1";"2";"6";"Avenue Jean Burel";"47,6452860000";" -2,0747530000"
"202100003891";"9";"12";"2021";"08:10";"2";"35";"35204";"1";"1";"2";"4";"L Olivel";"48,0442630000";" -1,5526290000"
"202100003892";"8";"12";"2021";"18:50";"3";"35";"35040";"1";"1";"2";"6";"La Grande Porte";"48,1417100000";" -1,9174580000"
"202100003893";"9";"12";"2021";"18:00";"3";"38";"38175";"1";"1";"1";"1";"D528";"45,2604340000";"5,9137770000"
"202100003894";"10";"12";"2021";"07:50";"3";"02";"02195";"1";"1";"2";"1";"Route Nationale 31 Pk 29+800";"49,3649220000";"3,4778330000"
"202100003895";"9";"12";"2021";"09:45";"1";"03";"03011";"1";"2";"1";"3";"rd 133 / rd 29";"46,6708640000";"3,3514090000"
"202100003896";"9";"12";"2021";"17:40";"3";"01";"01134";"1";"1";"2";"1";"d 51c";"46,2758880000";"4,8616220000"
"202100003897";"10";"12";"2021";"14:30";"1";"58";"58031";"1";"1";"4";"6";"D978";"47,0058250000";"3,4433610000"
"202100003898";"21";"10";"2021";"09:00";"1";"66";"66049";"2";"1";"1";"6";"avenue de la gare";"42,4937130000";"2,7376990000"
"202100003899";"10";"12";"2021";"13:55";"1";"50";"50111";"2";"7";"2";"6";"4 Rue des Juifs";"49,0258290000";" -1,2840700000"
"202100003900";"9";"12";"2021";"21:45";"3";"07";"07319";"1";"1";"1";"1";"N/A";"44,5515070000";"4,6905340000"
"202100003901";"8";"12";"2021";"08:00";"2";"21";"21154";"2";"1";"2";"6";"4 Rue de Seine";"47,8617954585";"4,5761251938"
"202100003902";"9";"12";"2021";"10:22";"1";"28";"28298";"2";"1";"1";"1";"Rue de la FertÃ©";"48,5841310000";"1,5754330000"
"202100003903";"10";"12";"2021";"07:00";"3";"88";"88408";"1";"1";"4";"6";"N66 - PK 16400";"47,9119700000";"6,6540460000"
"202100003904";"10";"12";"2021";"18:00";"3";"60";"60628";"1";"9";"2";"7";"autoroute A16 PK 071.880";"49,4312578003";"2,1321201324"
"202100003905";"26";"11";"2021";"16:55";"2";"35";"35210";"1";"1";"2";"4";"N12";"48,1470490000";" -1,7880360000"
"202100003906";"9";"12";"2021";"07:36";"3";"22";"22277";"1";"1";"9";"7";"Le Champs Boissel - VC 19";"48,3977890000";" -2,8462640000"
"202100003907";"8";"12";"2021";"08:00";"1";"987";"98744";"1";"1";"1";"6";"VITARIA";" -22,4648460000";" -151,3697580000"
"202100003908";"9";"12";"2021";"19:30";"5";"18";"18207";"2";"1";"1";"6";"9 Avenue Gabriel Dordain";"46,9933950000";"2,2472990000"
"202100003909";"9";"12";"2021";"20:10";"3";"77";"77183";"1";"1";"1";"6";"Route dÃ©partementale 603";"48,9521460000";"3,1319110000"
"202100003910";"9";"12";"2021";"15:15";"1";"78";"78082";"1";"1";"7";"6";"Rue des Tilleuls";"48,9673040000";"1,5801110000"
"202100003911";"8";"12";"2021";"17:00";"2";"78";"78346";"1";"1";"1";"1";"D11";"48,9260910000";"1,5731210000"
"202100003912";"10";"12";"2021";"12:00";"1";"2B";"2B134";"2";"1";"2";"2";"Route de Monticello";"42,6317170000";"8,9395240000"
"202100003913";"18";"05";"2021";"17:10";"1";"83";"83107";"1";"3";"1";"3";"RÃ©sidence Only Roc (Construction)";"43,4278970000";"6,6693340000"
"202100003914";"8";"12";"2021";"20:40";"3";"26";"26252";"1";"1";"2";"3";"Autoroute du Soleil";"44,8851780000";"4,8687180000"
"202100003915";"3";"12";"2021";"07:15";"2";"89";"89083";"1";"1";"1";"3";"D31";"47,8511540000";"3,4741690000"
"202100003916";"9";"12";"2021";"23:45";"3";"89";"89167";"1";"1";"1";"6";"A6 PK 145 + 200 sens 1";"47,8797160000";"3,4444910000"
"202100003917";"9";"12";"2021";"16:20";"2";"67";"67339";"2";"1";"1";"3";"35 Rue de Rittershoffen";"48,8983200000";"7,9239030000"
"202100003918";"9";"12";"2021";"18:00";"3";"63";"63226";"1";"1";"1";"3";"Route de Vertaizon";"45,7575230000";"3,2613520000"
"202100003919";"9";"12";"2021";"14:30";"1";"42";"42323";"2";"1";"1";"2";"Avenue de la LibÃ©ration";"45,5715750000";"4,2739180000"
"202100003920";"9";"12";"2021";"18:55";"5";"79";"79270";"2";"2";"2";"3";"Av du Mal de Lattre de Tassigny";"46,4133190000";" -0,2056720000"
"202100003921";"9";"12";"2021";"18:55";"5";"29";"29124";"2";"1";"2";"6";"Rue MÃ©decin GÃ©nÃ©ral le Berre";"48,5697600000";" -4,3179860000"
"202100003922";"9";"12";"2021";"14:00";"1";"60";"60247";"1";"2";"1";"1";"D101";"49,4356184931";"2,5275973677"
"202100003923";"10";"12";"2021";"20:30";"5";"60";"60307";"2";"1";"1";"3";"366 rue de la croix du chene";"49,3356390386";"2,2594617605"
"202100003924";"9";"12";"2021";"08:50";"1";"83";"83137";"1";"1";"1";"4";"A50";"43,1247873678";"5,9013426304"
"202100003925";"9";"12";"2021";"10:00";"1";"33";"33249";"1";"1";"1";"6";"ROUTE NATIONALE 230";"44,8849400000";" -0,5122100000"
"202100003926";"9";"12";"2021";"08:40";"1";"33";"33013";"1";"1";"1";"2";"ROUTE NATIONALE 89";"44,8682500000";" -0,4944600000"
"202100003927";"9";"12";"2021";"07:00";"3";"33";"33167";"1";"1";"1";"4";"ROUTE NATIONALE 230";"44,8409400000";" -0,5015100000"
"202100003928";"7";"12";"2021";"05:50";"3";"59";"59523";"1";"1";"1";"6";"AUTOROUTE A27";"50,5981600000";"3,1426700000"
"202100003929";"9";"12";"2021";"19:45";"5";"92";"92002";"1";"1";"1";"2";"AUTOROUTE A86";"48,7632567814";"2,3103776131"
"202100003930";"9";"12";"2021";"19:00";"3";"91";"91589";"1";"1";"1";"2";"AUTOROUTE A6";"48,6789100000";"2,3345900000"
"202100003931";"9";"12";"2021";"11:45";"1";"91";"91573";"1";"1";"1";"5";"RN 104";"48,6316560000";"2,5188420000"
"202100003932";"9";"12";"2021";"09:00";"1";"91";"91340";"1";"1";"1";"4";"AUTOROUTE A6";"48,6046600000";"2,4367700000"
"202100003933";"9";"12";"2021";"07:30";"1";"94";"94065";"1";"1";"1";"2";"AUTOROUTE A86";"48,7550400000";"2,3436700000"
"202100003934";"9";"12";"2021";"21:45";"3";"92";"92025";"1";"1";"2";"2";"A86";"48,9324073982";"2,2485267811"
"202100003935";"9";"12";"2021";"20:20";"3";"78";"78140";"1";"1";"1";"2";"A13";"48,9589300000";"1,9328900000"
"202100003936";"9";"12";"2021";"18:00";"3";"78";"78640";"1";"1";"1";"2";"A86 EXT";"48,7784680000";"2,2079490000"
"202100003937";"9";"12";"2021";"17:55";"3";"78";"78431";"1";"1";"1";"1";"A13";"48,9438150000";"1,9503690000"
"202100003938";"8";"12";"2021";"09:35";"1";"78";"78090";"1";"1";"1";"2";"A13";"48,9704830000";"1,9010990000"
"202100003939";"9";"12";"2021";"15:00";"1";"93";"93066";"1";"1";"1";"6";"AUTOROUTE A1";"48,9305000000";"2,3663700000"
"202100003940";"9";"12";"2021";"10:30";"1";"93";"93027";"1";"1";"1";"2";"AUTOROUTE A86";"48,9269200000";"2,4045100000"
"202100003941";"9";"12";"2021";"09:00";"1";"95";"95241";"1";"1";"1";"2";"RN 104";"49,0463700000";"2,4546400000"
"202100003942";"9";"12";"2021";"01:20";"3";"93";"93063";"1";"1";"1";"3";"AUTOROUTE A3";"48,8763800000";"2,4426200000"
"202100003943";"8";"12";"2021";"06:15";"3";"95";"95060";"1";"1";"1";"6";"AUTOROUTE A115";"49,0353500000";"2,1961000000"
"202100003944";"9";"12";"2021";"19:00";"3";"94";"94017";"1";"1";"1";"2";"A4";"48,8292770022";"2,4819539624"
"202100003945";"9";"12";"2021";"10:50";"1";"77";"77517";"1";"1";"1";"6";"A104.EXT";"48,9032000000";"2,6474000000"
"202100003946";"9";"12";"2021";"04:15";"3";"77";"77294";"1";"1";"1";"2";"A104";"48,9703960000";"2,5704740000"
"202100003947";"8";"12";"2021";"23:55";"5";"94";"94052";"1";"1";"1";"2";"A86 INT";"48,8433249102";"2,4931240082"
"202100003948";"8";"12";"2021";"20:35";"3";"60";"60057";"1";"1";"1";"6";"avenue du marÃ©chal De Lattre de Tassigny ";"49,4110100000";"2,1023600000"
"202100003949";"7";"12";"2021";"17:55";"5";"87";"87114";"2";"1";"2";"6";"CARNOT (AVENUE PRESIDENT-SADI-)";"45,8296800000";"1,2975700000"
"202100003950";"7";"12";"2021";"15:00";"1";"13";"13212";"2";"1";"1";"1";"FERNANDEL (AVENUE)";"43,3120000000";"5,4490000000"
"202100003951";"6";"12";"2021";"18:15";"5";"976";"97611";"2";"1";"1";"6";"cavani-Belle vue (rue)";" -12,7848100000";"45,2227000000"
"202100003952";"6";"12";"2021";"18:25";"5";"91";"91103";"2";"9";"1";"6";"AV LUCIEN CLAUSE";"48,6085240000";"2,2970670000"
"202100003953";"27";"06";"2021";"02:25";"5";"62";"62224";"2";"1";"1";"6";"DOCTEUR CHAUVAUX (RUE DU)";"50,5332500000";"2,5646300000"
"202100003954";"26";"07";"2021";"15:20";"1";"64";"64122";"2";"1";"1";"6";"MARNE (AVENUE DE LA)";"43,4842860323";" -1,5554760396"
"202100003955";"24";"07";"2021";"15:45";"1";"16";"16102";"1";"1";"1";"1";"RN 141";"45,6953700000";" -0,3509140000"
"202100003956";"23";"09";"2021";"08:20";"1";"75";"75101";"2";"2";"1";"3";"RUE DE CASTIGLIONE";"48,8666130000";"2,3285740000"
"202100003957";"7";"12";"2021";"11:50";"1";"974";"97416";"2";"9";"1";"2";"D28 LIGNE DES BAMBOUS";" -21,3066000000";"55,4977200000"