"Num_Acc";"jour";"mois";"an";"hrmn";"lum";"dep";"com";"agg";"int";"atm";"col";"adr";"lat";"long"
"202100004529";"4";"12";"2021";"07:00";"3";"07";"07231";"1";"1";"8";"6";"104 ( ROUTE DEPÃRTEMENTALE )";"44,5857900000";"4,3854300000"
"202100004530";"5";"12";"2021";"19:30";"3";"06";"06069";"1";"1";"1";"6";"NAPOLEON (ROUTE)";"43,6766900000";"6,9043730000"
"202100004531";"5";"12";"2021";"15:29";"1";"06";"06123";"2";"4";"1";"6";"LA PEROUSE QUAI";"43,6566050000";"7,1800110000"
"202100004532";"5";"12";"2021";"16:00";"1";"75";"75118";"2";"2";"2";"3";"BOULEVARD NEY";"48,8980250000";"2,3444620000"
"202100004533";"5";"12";"2021";"06:00";"4";"75";"75118";"2";"2";"1";"3";"RUE D ORSEL";"48,8839240000";"2,3445840000"
"202100004534";"4";"12";"2021";"19:40";"3";"75";"75117";"2";"2";"2";"6";"BOULEVARD PEREIRE";"48,8815870000";"2,2912900000"
"202100004535";"4";"12";"2021";"20:00";"5";"75";"75115";"2";"3";"2";"2";"RUE LECOURBE";"48,8402880000";"2,2951730000"
"202100004536";"3";"12";"2021";"12:30";"1";"75";"75115";"2";"7";"2";"6";"PLACE DU GENERAL BEURET";"48,8418200000";"2,3032580000"
"202100004537";"5";"12";"2021";"21:35";"5";"75";"75113";"2";"3";"2";"2";"AVENUE D ITALIE";"48,8257960000";"2,3574160000"
"202100004538";"5";"12";"2021";"12:50";"1";"75";"75112";"2";"1";"2";"3";"ROUTE DU CHAMP DE MANOEUVRES";"48,8346520000";"2,4491270000"
"202100004539";"5";"12";"2021";"13:15";"1";"75";"75112";"2";"2";"2";"6";"BOULEVARD DIDEROT";"48,8467690000";"2,3817630000"
"202100004540";"5";"12";"2021";"00:05";"5";"75";"75112";"2";"1";"1";"3";"AVENUE DE SAINT MANDE";"48,8448230000";"2,4040710000"
"202100004541";"5";"12";"2021";"11:00";"1";"75";"75111";"2";"2";"2";"7";"RUE SAINT MAUR";"48,8673010000";"2,3759300000"
"202100004542";"5";"12";"2021";"19:55";"5";"75";"75109";"2";"7";"2";"1";"PLACE DE L OPERA";"48,8707270000";"2,3325070000"
"202100004543";"5";"12";"2021";"16:00";"1";"75";"75108";"2";"4";"2";"4";"RUE DE SAINT PETERSBOURG";"48,8822530000";"2,3260220000"
"202100004544";"5";"12";"2021";"02:45";"5";"75";"75108";"2";"2";"1";"3";"RUE DE PONTHIEU";"48,8702120000";"2,3110550000"
"202100004545";"4";"12";"2021";"19:31";"5";"75";"75107";"2";"4";"2";"4";"QUAI D ORSAY";"48,8628660000";"2,3180480000"
"202100004546";"3";"12";"2021";"08:45";"1";"75";"75104";"2";"4";"1";"7";"QUAI DE L HOTEL DE VILLE";"48,8552830000";"2,3525700000"
"202100004547";"5";"12";"2021";"04:35";"4";"94";"94059";"2";"9";"1";"3";"GENERAL DE GAULLE (AV DU)";"48,8104900000";"2,5725500000"
"202100004548";"4";"12";"2021";"21:33";"4";"94";"94069";"2";"1";"2";"6";"Avenue des Canadiens";"48,8169900000";"2,4589740000"
"202100004549";"5";"12";"2021";"11:05";"1";"94";"94076";"2";"6";"2";"3";"KARL MARX (AV)";"48,7844500000";"2,3643200000"
"202100004550";"5";"12";"2021";"18:20";"5";"94";"94002";"2";"2";"2";"3";"Rue Emile Zola";"48,7982900000";"2,4201400000"
"202100004551";"5";"12";"2021";"17:40";"5";"93";"93078";"2";"9";"2";"3";"BALLANGER (BD ROBERT)";"48,9555200000";"2,5390100000"
"202100004552";"5";"12";"2021";"21:30";"5";"93";"93059";"2";"9";"1";"3";"LENINE (AVENUE) NÂ°2A34 ET 1A43";"48,9600100000";"2,3589600000"
"202100004553";"5";"12";"2021";"21:50";"5";"93";"93071";"2";"1";"2";"1";"JOHN F. KENNEDY (AVENUE)";"48,9384733392";"2,5132619184"
"202100004554";"5";"12";"2021";"14:50";"1";"93";"93070";"2";"1";"2";"6";"MICHELET (AVE) : DU 1 AU 103";"48,9118500000";"2,3337600000"
"202100004555";"5";"12";"2021";"12:50";"1";"93";"93062";"2";"2";"2";"3";"RESISTANCE (AVENUE DE LA)";"48,8927000000";"2,5128700000"
"202100004556";"5";"12";"2021";"00:30";"5";"93";"93053";"2";"1";"2";"1";"BOBIGNY (AVENUE DE)";"48,8941120622";"2,4485604465"
"202100004557";"5";"12";"2021";"14:30";"1";"93";"93050";"2";"1";"2";"2";"GENERAL DE GAULLE (AVENUE)";"48,8582800000";"2,5346100000"
"202100004558";"5";"12";"2021";"00:00";"5";"93";"93049";"2";"3";"1";"6";"CARNOT (AVENUE) DU 1-2 AU 43-46";"48,8619900000";"2,5021500000"
"202100004559";"5";"12";"2021";"20:00";"5";"93";"93046";"2";"1";"2";"2";"EUGENE MASSE RUE";"48,9252300000";"2,5449800000"
"202100004560";"5";"12";"2021";"00:25";"5";"93";"93031";"2";"1";"2";"3";"FOCH (BOULEVARD)";"48,9462100000";"2,3346500000"
"202100004561";"5";"12";"2021";"16:55";"5";"92";"92062";"2";"1";"2";"6";"WALLACE (BD RICHARD) DU 2 AU 28 ET DU 1";"48,8792000000";"2,2412400000"
"202100004562";"5";"12";"2021";"13:00";"1";"92";"92040";"2";"3";"2";"3";"ERNEST RENAN";"48,8289404366";"2,2825692594"
"202100004563";"5";"12";"2021";"19:00";"5";"92";"92023";"2";"1";"2";"7";"HENRI BARBUSSE (AVENUE)";"48,8157645997";"2,2550028563"
"202100004564";"4";"12";"2021";"21:10";"5";"92";"92012";"2";"1";"2";"2";"EDOUARD VAILLANT (AVENUE) DEBUT/56 - COT";"48,8360404804";"2,2511646152"
"202100004565";"5";"12";"2021";"16:40";"1";"60";"60288";"1";"1";"2";"7";"D150";"49,5602540000";"1,8866870000"
"202100004566";"6";"12";"2021";"16:10";"1";"974";"97422";"2";"1";"1";"7";"130 chemin de l'hermitage";" -21,2597710000";"55,5161580000"
"202100004567";"6";"12";"2021";"19:07";"2";"974";"97405";"1";"2";"1";"1";"Rue Augustin MÃ©zino";" -21,3651750000";"55,5431790000"
"202100004568";"4";"12";"2021";"19:24";"3";"74";"74010";"1";"1";"3";"1";"RD1201";"45,9512390000";"6,1191700000"
"202100004569";"5";"12";"2021";"18:15";"1";"974";"97414";"1";"1";"1";"3";"route hubert de lisle";" -21,2629760000";"55,4519520000"
"202100004570";"6";"12";"2021";"07:50";"2";"38";"38383";"1";"1";"5";"1";"Route de Voiron";"45,3754380000";"5,6449990000"
"202100004571";"6";"12";"2021";"18:50";"3";"62";"62858";"1";"1";"2";"1";"D939";"50,2314761210";"3,0062010884"
"202100004572";"5";"12";"2021";"13:00";"1";"56";"56078";"1";"4";"1";"3";"Pen ManÃ©";"47,8058337700";" -3,4578234000"
"202100004573";"2";"12";"2021";"17:30";"2";"63";"63453";"1";"3";"2";"3";"D2089";"45,7869030000";"3,2723490000"
"202100004574";"5";"12";"2021";"16:15";"1";"61";"61426";"1";"1";"2";"7";"Lieu Dit le Nouveau Monde";"48,3762820000";"0,5483530000"
"202100004575";"6";"12";"2021";"17:05";"2";"68";"68182";"2";"3";"1";"1";"Rue Principale";"47,4959880000";"7,4856140000"
"202100004576";"1";"12";"2021";"07:40";"3";"44";"44038";"1";"1";"1";"3";"lieu dit le pin";"47,1611970000";" -2,0017650000"
"202100004577";"5";"12";"2021";"10:20";"1";"29";"29037";"2";"6";"2";"3";"giratoire intersection Rue de Croas Ver et rue du Stade";"47,8843120000";" -4,1561850000"
"202100004578";"6";"12";"2021";"18:40";"3";"70";"70324";"1";"1";"2";"1";"18 Avenue de la MaladiÃ¨re";"47,5356930000";"6,0408230000"
"202100004579";"5";"12";"2021";"14:00";"1";"70";"70415";"2";"1";"2";"6";"D434";"47,8560930000";"6,0828210000"
"202100004580";"2";"12";"2021";"18:10";"2";"58";"58059";"2";"9";"2";"2";"Quai Foch";"47,1864820000";"3,0111180000"
"202100004581";"6";"12";"2021";"08:00";"2";"58";"58046";"1";"1";"2";"1";"dÃ©partementale 37";"46,8626780000";"3,6631040000"
"202100004582";"6";"12";"2021";"20:20";"3";"72";"72067";"1";"2";"2";"3";"D89";"48,0863650000";"0,4764890000"
"202100004583";"5";"12";"2021";"20:20";"3";"73";"73162";"1";"1";"3";"1";"D1090";"45,6102550000";"6,2879990000"
"202100004584";"5";"12";"2021";"23:00";"4";"10";"10005";"1";"1";"2";"6";"null";"48,2895320000";"4,5146940000"
"202100004585";"30";"11";"2021";"13:22";"1";"36";"36088";"2";"6";"1";"6";"Route de Bourges";"46,9531180000";"2,0066570000"
"202100004586";"6";"12";"2021";"05:30";"3";"40";"40001";"1";"1";"2";"1";"RD39- PK4+400";"43,6957110000";" -0,2537420000"
"202100004587";"6";"12";"2021";"01:00";"3";"04";"04068";"1";"1";"1";"6";"Rte St Martin les Eaux";"43,8919160000";"5,7626350000"
"202100004588";"6";"12";"2021";"06:30";"3";"28";"28324";"1";"1";"1";"6";"D24";"48,4995910000";"1,2485630000"
"202100004589";"3";"12";"2021";"12:33";"1";"37";"37172";"1";"6";"2";"6";"Cht de la Chassetiere";"47,4497630000";"0,6981950000"
"202100004590";"6";"12";"2021";"15:40";"1";"64";"64073";"1";"9";"2";"6";"A 65 PK 140.400 sens PAU / LANGON";"43,4340680000";" -0,4193260000"
"202100004591";"5";"12";"2021";"00:30";"3";"45";"45210";"1";"1";"2";"7";"D93";"47,8560780000";"2,8263940000"
"202100004592";"3";"12";"2021";"17:45";"5";"45";"45024";"2";"1";"2";"2";"2152";"47,8105860000";"1,6703510000"
"202100004593";"6";"12";"2021";"05:15";"3";"77";"77090";"1";"1";"2";"1";"D619";"48,5592270000";"3,1960130000"
"202100004594";"6";"12";"2021";"08:30";"1";"77";"77107";"2";"1";"8";"6";"D402";"48,6666830000";"2,8425410000"
"202100004595";"27";"10";"2021";"15:20";"1";"66";"66008";"2";"1";"1";"3";"Route d Elne";"42,5566530000";"3,0124000000"
"202100004596";"5";"12";"2021";"18:45";"4";"13";"13004";"1";"1";"1";"2";"N572N";"43,6804120000";"4,5176120000"
"202100004597";"5";"12";"2021";"19:00";"3";"13";"13015";"2";"3";"1";"3";"D6b";"43,4236740000";"5,3890410000"
"202100004598";"4";"12";"2021";"20:00";"3";"68";"68367";"2";"4";"2";"3";"D9";"48,0698100000";"7,4812070000"
"202100004599";"5";"12";"2021";"22:35";"5";"88";"88483";"2";"3";"2";"6";"22 Rue de la Mairie";"48,1989810000";"6,3753750000"
"202100004600";"6";"12";"2021";"11:00";"1";"63";"63470";"1";"1";"2";"5";"D450";"45,8489730000";"3,0467320000"
"202100004601";"1";"12";"2021";"07:20";"2";"42";"42056";"2";"2";"8";"3";"D7";"45,4121571336";"4,7378116250"
"202100004602";"6";"12";"2021";"05:25";"3";"38";"38467";"1";"1";"2";"6";"920 Route du Bugey";"45,6674740000";"5,3318990000"
"202100004603";"3";"12";"2021";"07:10";"2";"38";"38565";"2";"3";"1";"3";"Rue du Peuil";"45,2776870000";"5,6482980000"
"202100004604";"5";"12";"2021";"18:20";"3";"24";"24073";"1";"1";"3";"1";"Lieu dit Moulin neuf";"44,8531190000";"0,8108960000"
"202100004605";"5";"12";"2021";"21:25";"3";"49";"49301";"1";"1";"2";"6";"La Hutte (tilliÃ¨res)";"47,1480280000";" -1,2028150000"
"202100004606";"5";"12";"2021";"18:00";"2";"29";"29124";"2";"1";"8";"6";"120 Rue de la Marne";"48,5648350000";" -4,3128500000"
"202100004607";"6";"12";"2021";"16:40";"2";"59";"59146";"2";"1";"2";"6";"100 Route nationale";"50,6105160000";"3,2076110000"
"202100004608";"5";"12";"2021";"18:15";"3";"13";"13071";"1";"1";"1";"4";"A51-Sens Marseille vers Aix en Provence";"43,4141400000";"5,3648400000"
"202100004609";"4";"12";"2021";"10:00";"1";"13";"13070";"1";"1";"2";"4";"A50-Sens Aubagne vers Marseille";"43,2854600000";"5,5148100000"
"202100004610";"30";"11";"2021";"18:35";"3";"13";"13211";"1";"1";"1";"3";"A50-Sens Marseille vers Aubagne";"43,2863300000";"5,5088000000"
"202100004611";"4";"12";"2021";"20:55";"3";"13";"13005";"1";"1";"1";"4";"A50-Sens Marseille vers Aubagne";"43,2899907187";"5,5553269386"
"202100004612";"11";"11";"2021";"16:10";"1";"13";"13005";"1";"1";"8";"7";"A502-Sens Aubagne vers Toulon par R.N.";"43,2825200000";"5,5775700000"
"202100004613";"5";"12";"2021";"05:00";"3";"69";"69266";"1";"1";"1";"6";"PERIPHERIQUE LAURENT BONNEVAY (BD)";"45,7548200000";"4,9085100000"
"202100004614";"4";"12";"2021";"22:50";"3";"38";"38544";"1";"1";"2";"7";"A7   25.770 A 27.460";"45,5432860000";"4,8518080000"
"202100004615";"4";"12";"2021";"16:45";"2";"69";"69296";"1";"1";"8";"6";"A7";"45,6470400000";"4,8324000000"
"202100004616";"4";"12";"2021";"14:05";"1";"69";"69029";"1";"1";"1";"4";"A43";"45,7277600000";"4,9075900000"
"202100004617";"5";"12";"2021";"18:08";"4";"33";"33096";"1";"1";"1";"4";"AUTOROUTE A 10";"44,8919690000";" -0,5010820000"
"202100004618";"5";"12";"2021";"18:05";"3";"33";"33448";"1";"1";"2";"2";"AUTOROUTE A 62";"44,7138290000";" -0,5169830000"
"202100004619";"5";"12";"2021";"13:12";"1";"33";"33080";"1";"1";"1";"6";"AUTOROUTE A 62";"44,7553200000";" -0,5442000000"
"202100004620";"5";"12";"2021";"17:50";"3";"91";"91174";"1";"1";"8";"4";"RN 104";"48,6205400000";"2,4608300000"
"202100004621";"5";"12";"2021";"16:30";"3";"94";"94034";"1";"1";"2";"6";"AUTOROUTE A86";"48,7596500000";"2,3226500000"
"202100004622";"5";"12";"2021";"17:10";"3";"91";"91377";"1";"1";"3";"7";"BRETELLE A10/RN20";"48,7165350000";"2,2910200000"
"202100004623";"5";"12";"2021";"16:35";"2";"92";"92002";"1";"1";"2";"6";"AUTOROUTE A86";"48,7602744854";"2,2819241881"
"202100004624";"5";"12";"2021";"16:00";"1";"91";"91434";"1";"1";"8";"4";"AUTOROUTE A6";"48,6682000000";"2,3546400000"
"202100004625";"5";"12";"2021";"11:45";"1";"94";"94034";"1";"1";"2";"7";"AUTOROUTE A86";"48,7581500000";"2,3353000000"
"202100004626";"5";"12";"2021";"10:25";"1";"94";"94034";"1";"1";"2";"7";"AUTOROUTE A86";"48,7588400587";"2,3244097572"
"202100004627";"5";"12";"2021";"09:15";"1";"92";"92019";"1";"1";"8";"7";"AUTOROUTE A86";"48,7606565397";"2,2842944138"
"202100004628";"5";"12";"2021";"19:50";"3";"78";"78545";"1";"1";"2";"2";"A12 W";"48,8036400000";"2,0489800000"
"202100004629";"5";"12";"2021";"15:30";"1";"78";"78545";"1";"1";"2";"6";"A12 Y";"48,8078500000";"2,0529800000"
"202100004630";"5";"12";"2021";"13:50";"1";"92";"92025";"1";"1";"2";"2";"A86";"48,9337607492";"2,2545401700"
"202100004631";"5";"12";"2021";"01:10";"3";"92";"92036";"1";"1";"1";"7";"A86";"48,9337071386";"2,2742219004"
"202100004632";"5";"12";"2021";"22:10";"3";"93";"93078";"1";"1";"3";"7";"AUTOROUTE A104";"48,9587600000";"2,5345500000"
"202100004633";"5";"12";"2021";"18:25";"3";"93";"93005";"1";"1";"2";"2";"AUTOROUTE A3";"48,9502500000";"2,4747800000"
"202100004634";"5";"12";"2021";"19:15";"5";"93";"93048";"1";"1";"2";"4";"AUTOROUTE A3";"48,8704000000";"2,4311200000"
"202100004635";"5";"12";"2021";"17:30";"3";"95";"95154";"1";"1";"3";"3";"AUTOROUTE A1";"49,0517827460";"2,5477874279"
"202100004636";"5";"12";"2021";"11:40";"1";"93";"93078";"1";"1";"2";"2";"AUTOROUTE A104";"48,9688900000";"2,5068000000"
"202100004637";"5";"12";"2021";"06:40";"5";"93";"93066";"1";"1";"2";"2";"AUTOROUTE A1";"48,9146200000";"2,3577000000"
"202100004638";"5";"12";"2021";"07:40";"3";"95";"95218";"1";"1";"1";"6";" A15";"49,0350169937";"2,0986461639"
"202100004639";"5";"12";"2021";"06:20";"2";"93";"93078";"1";"1";"2";"6";"AUTOROUTE A104";"48,9630000000";"2,5218800000"
"202100004640";"4";"12";"2021";"08:40";"1";"95";"95252";"1";"1";"3";"2";" A15";"48,9825946239";"2,2201663256"
"202100004641";"4";"12";"2021";"01:50";"4";"95";"95203";"1";"1";"2";"6";"RD 109";"48,9780810044";"2,2915560007"
"202100004642";"5";"12";"2021";"13:05";"1";"94";"94073";"1";"1";"8";"2";"A86 INT";"48,7628606503";"2,3813598274"
"202100004643";"5";"12";"2021";"13:20";"1";"94";"94017";"1";"1";"3";"2";"A86.INT";"48,8297175111";"2,4830468102"
"202100004644";"5";"12";"2021";"11:00";"1";"94";"94074";"1";"1";"2";"6";"RN406.W";"48,7616100000";"2,4680000000"
"202100004645";"5";"12";"2021";"05:55";"3";"94";"94069";"1";"1";"8";"6";"A4";"48,8164294895";"2,4512293900"
"202100004646";"5";"12";"2021";"03:45";"5";"94";"94028";"1";"1";"3";"7";"A86 EXT";"48,7916244865";"2,4409925938"
"202100004647";"4";"12";"2021";"19:40";"3";"77";"77146";"1";"1";"3";"2";"A4.Y";"48,8319870876";"2,6512725706"
"202100004648";"1";"11";"2021";"12:50";"1";"33";"33256";"2";"1";"1";"7";"N/A";"44,9719510000";" -0,6097350000"
"202100004649";"6";"09";"2021";"08:30";"1";"19";"19031";"2";"1";"1";"6";"FLEMING (RUE ALEXANDER)";"45,1531300000";"1,5141200000"
"202100004650";"29";"09";"2021";"19:20";"2";"74";"74008";"2";"3";"1";"3";"JURA (RUE DU)";"46,1961710000";"6,2275600000"
"202100004651";"18";"09";"2021";"17:56";"1";"74";"74010";"2";"1";"1";"3";"TRESUM (AVENUE DE)";"45,8955431000";"6,1300720000"
"202100004652";"11";"09";"2021";"17:00";"1";"74";"74012";"2";"1";"1";"3";"RESISTANCE (RUE DE LA)";"46,1963810000";"6,2599400000"
"202100004653";"11";"09";"2021";"16:40";"1";"74";"74001";"1";"1";"1";"7";"D22";"46,2852191000";"6,7380630000"
"202100004654";"29";"09";"2021";"23:30";"5";"74";"74305";"2";"9";"1";"3";"DEBUSSY (RUE CLAUDE)";"46,2029500000";"6,2589100000"
"202100004655";"10";"09";"2021";"07:22";"2";"74";"74081";"2";"3";"1";"6";"Av de la Republique";"46,0614981000";"6,5635100000"
"202100004656";"8";"09";"2021";"15:40";"1";"74";"74012";"2";"2";"1";"3";"RESISTANCE (RUE DE LA)";"46,1972310000";"6,2521900000"
"202100004657";"21";"08";"2021";"16:10";"1";"74";"74221";"1";"1";"1";"6";"Col de la colombiÃ¨re";"46,0139371000";"6,5326180000"
"202100004658";"12";"02";"2021";"04:00";"5";"59";"59650";"2";"1";"9";"6";"LIBERTE (BOULEVARD DE LA)";"50,7092100000";"3,1895700000"
"202100004659";"3";"02";"2021";"09:55";"1";"59";"59650";"2";"1";"1";"6";"MEIRLANDT (AVENUE MAURICE)";"50,7047200000";"3,2206800000"
"202100004660";"4";"12";"2021";"19:35";"5";"27";"27229";"2";"1";"2";"6";"SAINT LEGER (RUE DU FAUBOURG)";"49,0335700000";"1,1558000000"
"202100004661";"4";"12";"2021";"18:35";"5";"24";"24037";"2";"9";"8";"6";"PASTEUR (AVENUE)";"44,8582200000";"0,4920000000"
"202100004662";"3";"12";"2021";"16:42";"2";"72";"72181";"2";"1";"2";"6";"CUGNOT NICOLAS (BD)";"47,9811700000";"0,2184400000"
"202100004663";"2";"12";"2021";"14:45";"1";"50";"50218";"2";"1";"1";"2";"MATIGNON (AV DES)";"48,8378000000";" -1,5708100000"
"202100004664";"3";"12";"2021";"15:35";"1";"976";"97611";"2";"1";"1";"3";"tsoundzou-Kadjifouni ( rue )";" -12,8048900000";"45,2105400000"
"202100004665";"3";"12";"2021";"06:35";"1";"976";"97611";"2";"1";"1";"2";"mamoudzou centre-Republique (Place )";" -12,7788800000";"45,2322700000"
"202100004666";"4";"12";"2021";"18:34";"2";"974";"97416";"1";"1";"8";"1";"PETIT FRERE(CHEMIN)";" -21,2745500000";"55,4924400000"
"202100004667";"3";"12";"2021";"08:50";"1";"974";"97416";"2";"1";"1";"7";"CHANE PANE (CHEMIN)";" -21,2975600000";"55,4505300000"
"202100004668";"3";"12";"2021";"16:00";"1";"974";"97411";"2";"3";"1";"3";"DIGUE (ROUTE)";" -20,8922100000";"55,4712600000"
"202100004669";"3";"12";"2021";"07:50";"1";"974";"97411";"2";"6";"1";"3";"JAURES (BOULEVARD JEAN)";" -20,9018000000";"55,5027300000"
"202100004670";"5";"12";"2021";"03:30";"3";"974";"97409";"1";"1";"1";"6";"RN2 SENS STE SUZANNE ST BENOIT";" -20,9586200000";"55,6575800000"
"202100004671";"4";"12";"2021";"17:40";"2";"973";"97302";"2";"1";"2";"3";"BADUEL (ROUTE DE)";"4,9273400000";" -52,2907400000"
"202100004672";"4";"12";"2021";"15:55";"1";"973";"97302";"2";"2";"2";"3";"FELIX EBOUE (Rue)";"4,9383081617";" -52,3281891346"
"202100004673";"3";"12";"2021";"17:51";"2";"973";"97302";"2";"6";"2";"1";"MIRZA (ROND-POINT)";"4,9323200000";" -52,3260200000"
"202100004674";"3";"12";"2021";"11:06";"1";"973";"97302";"2";"3";"1";"3";"MANDELA  (BOULEVARD)";"4,9387800000";" -52,3263900000"
"202100004675";"2";"12";"2021";"12:58";"1";"973";"97302";"2";"1";"1";"3";"MONTABO (ROUTE DE) 2";"4,9423176856";" -52,3051750661"
"202100004676";"2";"12";"2021";"12:18";"1";"973";"97302";"2";"3";"2";"1";"MONTABO (ROUTE DE) 1";"4,9417803885";" -52,3041636944"
"202100004677";"2";"12";"2021";"12:45";"1";"973";"97302";"2";"1";"1";"6";"MONTABO (ROUTE DE) 2";"4,9445502462";" -52,3152916432"
"202100004678";"3";"12";"2021";"23:40";"5";"69";"69383";"2";"2";"2";"3";"GAMBETTA (CR)";"45,7515900000";"4,8537200000"
"202100004679";"3";"12";"2021";"15:30";"1";"69";"69388";"2";"1";"1";"6";"PAUL SANTY (AV)";"45,7248700000";"4,8823800000"
"202100004680";"3";"12";"2021";"13:00";"1";"69";"69199";"2";"2";"1";"3";"YVES FARGE (BD)";"45,6954166523";"4,8589235544"
"202100004681";"3";"12";"2021";"12:15";"1";"69";"69387";"2";"4";"1";"2";"TCHECOSLOVAQUES (DES) (BD)";"45,7451208069";"4,8583388329"
"202100004682";"3";"12";"2021";"08:50";"1";"69";"69386";"2";"2";"1";"3";"CHARMETTES (DES) (R)";"45,7663500000";"4,8671700000"
"202100004683";"4";"12";"2021";"11:00";"1";"972";"97209";"2";"1";"1";"3";"MARNE (BOULEVARD DE LA)";"14,6047500000";" -61,0837100000"
"202100004684";"4";"12";"2021";"14:50";"1";"69";"69381";"2";"1";"8";"1";"CROIX ROUSSE (DE LA) (BD)";"45,7737930233";"4,8250043392"
"202100004685";"3";"12";"2021";"19:45";"5";"69";"69202";"2";"3";"2";"4";"CROIX DE PIVORT (DE LA) (CHM)";"45,7335500000";"4,8034000000"
"202100004686";"3";"12";"2021";"16:40";"2";"69";"69382";"2";"1";"8";"6";"BELLECOUR (PL)";"45,7569892259";"4,8305457830"
"202100004687";"2";"12";"2021";"10:45";"1";"69";"69034";"2";"9";"2";"6";"CLEMENCEAU (Q)";"45,8028500000";"4,8424400000"
"202100004688";"5";"12";"2021";"01:15";"5";"2B";"2B033";"2";"2";"8";"3";"PIERANGELLI -COURS";"42,6986095466";"9,4509673119"
"202100004689";"4";"12";"2021";"07:25";"2";"2B";"2B037";"2";"9";"8";"3";"TOUTES RUES";"42,6233800000";"9,4368300000"
"202100004690";"2";"12";"2021";"18:15";"5";"2B";"2B033";"2";"1";"1";"3";"ARINELLA -CHEMIN DE L'";"42,6728600000";"9,4449400000"
"202100004691";"4";"12";"2021";"10:10";"1";"971";"97101";"1";"9";"2";"6";"CENTRE HOSPITALIER";"16,2386348788";" -61,5264429152"
"202100004692";"3";"12";"2021";"10:15";"1";"971";"97101";"2";"3";"1";"3";"ACHILLE RENE BOISNEUF (RUE)";"16,2692100000";" -61,5060600000"
"202100004693";"3";"12";"2021";"07:00";"1";"971";"97101";"1";"1";"1";"2";"ROUTE DE CHAZEAU";"16,2805200000";" -61,4950800000"
"202100004694";"1";"12";"2021";"12:00";"1";"971";"97107";"2";"2";"1";"3";"FLAMBOYANTS ( ALLEE DES )";"16,0519448791";" -61,5649366379"
"202100004695";"4";"12";"2021";"17:00";"5";"2A";"2A004";"2";"1";"8";"3";"ROUTE DU STILETTO";"41,9478400000";"8,7737200000"
"202100004696";"4";"12";"2021";"11:20";"1";"2A";"2A004";"2";"2";"8";"3";"T21";"41,9339400000";"8,7530700000"
"202100004697";"3";"12";"2021";"09:45";"1";"95";"95268";"2";"3";"2";"3";"Rue Jean Moulin";"48,9618797770";"2,4122312665"
"202100004698";"3";"12";"2021";"19:00";"5";"95";"95019";"2";"1";"2";"6";"JAURES JEAN (RUE)";"48,9900295860";"2,4181723595"
"202100004699";"3";"12";"2021";"09:30";"1";"95";"95598";"2";"1";"1";"3";"Avenue du GÃ©nÃ©ral Leclerc";"48,9796583530";"2,3039209843"
"202100004700";"4";"12";"2021";"05:52";"3";"91";"91549";"2";"9";"9";"7";"CORBEIL (ROUTE DE)";"48,6392600000";"2,3327900000"
"202100004701";"3";"12";"2021";"17:07";"5";"91";"91103";"2";"1";"3";"6";"RUE DANIELE CASANOVA";"48,6087100000";"2,3122400000"
"202100004702";"3";"12";"2021";"18:00";"5";"91";"91103";"2";"9";"3";"6";"AV SALVADOR ALLENDE";"48,6151000000";"2,3044600000"
"202100004703";"3";"12";"2021";"14:35";"1";"91";"91161";"2";"3";"2";"3";"RUE DES   MARES   JULIENNES";"48,7155260000";"2,3097770000"
"202100004704";"3";"12";"2021";"20:10";"5";"91";"91421";"2";"1";"2";"6";"MARECHAL FOCH (AVENUE DU)";"48,7099610000";"2,4645140000"
"202100004705";"3";"12";"2021";"08:20";"1";"91";"91097";"2";"1";"9";"7";"AV DES JONQUILLES";"48,6851870000";"2,5254860000"
"202100004706";"3";"12";"2021";"20:00";"5";"91";"91687";"2";"1";"3";"6";"MARMONT (AVENUE)";"48,6641440000";"2,3755100000"
"202100004707";"3";"12";"2021";"08:30";"2";"91";"91589";"2";"1";"8";"6";"RUE MISTRAL";"48,6850170000";"2,3551670000"
"202100004708";"1";"12";"2021";"17:15";"5";"89";"89024";"2";"2";"3";"6";"JEAN JAURES (AVENUE)";"47,8010800000";"3,5813100000"
"202100004709";"4";"12";"2021";"11:15";"1";"83";"83137";"2";"2";"1";"3";"COLBERT (AVE)";"43,1254000000";"5,9328700000"
"202100004710";"2";"12";"2021";"16:15";"1";"83";"83141";"1";"1";"1";"5";"ARCS(ROUTE DES)";"43,4956677688";"6,4895242453"
"202100004711";"3";"12";"2021";"18:30";"3";"81";"81144";"2";"1";"1";"4";"RN 88";"43,9600500000";"2,1672500000"
"202100004712";"3";"12";"2021";"17:10";"2";"79";"79329";"2";"9";"2";"7";"90 Rue Jules Michelet";"46,9764990000";" -0,2018900000"
"202100004713";"2";"12";"2021";"15:50";"1";"78";"78640";"2";"1";"1";"6";"GENERAL VALERIE ANDRE (RUE DU)";"48,7775200000";"2,1928200000"
"202100004714";"21";"11";"2021";"17:00";"5";"78";"78172";"2";"9";"2";"3";"FOCH (AVENUE DU MARECHAL)";"49,0019110000";"2,1038180000"
"202100004715";"29";"11";"2021";"19:10";"5";"77";"77083";"2";"2";"1";"3";"CHAMPY-NESLE (BOULEVARD DU)";"48,8484500000";"2,5784200000"
"202100004716";"3";"12";"2021";"15:10";"1";"77";"77305";"2";"3";"2";"6";"GENERAL DE GAULLE (AVENUE DU)";"48,3818200000";"2,9513800000"
"202100004717";"3";"12";"2021";"19:40";"5";"77";"77243";"2";"1";"2";"6";"GROUARD  (AVENUE)";"48,8796600000";"2,7200200000"
"202100004718";"3";"12";"2021";"13:40";"1";"77";"77464";"2";"1";"2";"6";"D418";"48,8874440000";"2,7035440000"
"202100004719";"3";"12";"2021";"23:40";"5";"76";"76561";"2";"6";"3";"1";"Rue Marechal Leclerc";"49,3019000000";"1,0125500000"