"Num_Acc";"jour";"mois";"an";"hrmn";"lum";"dep";"com";"agg";"int";"atm";"col";"adr";"lat";"long"
"202100004720";"3";"12";"2021";"18:58";"5";"76";"76540";"2";"1";"3";"6";"CAUCHOISE. PLACE";"49,4459000000";"1,0865000000"
"202100004721";"3";"12";"2021";"18:00";"5";"76";"76429";"2";"2";"3";"6";"PARIS. ROUTE DE";"49,4059900000";"1,1431200000"
"202100004722";"3";"12";"2021";"03:00";"5";"76";"76351";"2";"1";"2";"7";"WINSTON CHURCHILL";"49,4932700000";"0,1346700000"
"202100004723";"4";"12";"2021";"10:24";"1";"74";"74010";"2";"9";"2";"6";"GENEVE (AVENUE DE)(SECTEUR 410)";"45,9234300000";"6,1239000000"
"202100004724";"3";"12";"2021";"15:00";"1";"73";"73065";"1";"1";"1";"3";"D991A";"45,5891068102";"5,9081634879"
"202100004725";"3";"12";"2021";"07:50";"5";"72";"72181";"2";"1";"8";"3";"PIFFAULT PIERRE (AV) BESSEMER A MONNIER";"47,9614000000";"0,1863900000"
"202100004726";"2";"12";"2021";"12:40";"1";"72";"72181";"2";"1";"1";"3";"ARC JEANNE D' (RUE)";"48,0017100000";"0,2093600000"
"202100004727";"3";"12";"2021";"16:35";"1";"71";"71306";"2";"1";"8";"2";"DE LATTRE DE TASSIGNY (BLD DU MARECHAL)";"46,6768400000";"4,3698600000"
"202100004728";"4";"12";"2021";"01:25";"5";"71";"71270";"2";"1";"2";"3";"56 Boulevard des 9 Cles";"46,3132861743";"4,8205625821"
"202100004729";"3";"12";"2021";"16:50";"5";"69";"69275";"2";"1";"1";"3";"JEAN JAURES (AV)";"45,7702445459";"4,9547481537"
"202100004730";"3";"12";"2021";"11:30";"1";"69";"69266";"2";"3";"1";"6";"POUDRETTE (DE LA) (R)";"45,7616725224";"4,9201342463"
"202100004731";"3";"12";"2021";"10:35";"1";"66";"66136";"2";"1";"1";"6";"JOFFRE (AVENUE DU MARECHAL CD 88)";"42,7147500000";"2,8885600000"
"202100004732";"3";"12";"2021";"08:59";"1";"66";"66136";"2";"6";"7";"6";"ESPAGNE (ROUTE D')";"42,6883900000";"2,8951300000"
"202100004733";"3";"12";"2021";"15:40";"1";"64";"64260";"2";"1";"2";"4";"Boulevard de Gaulle";"43,3569900000";" -1,7763200000"
"202100004734";"4";"12";"2021";"15:50";"1";"64";"64445";"2";"1";"1";"3";"Avenue Alfred Nobel";"43,3154500000";" -0,3147300000"
"202100004735";"4";"12";"2021";"00:00";"5";"64";"64445";"1";"1";"2";"7";"EUROPE DE L'";"43,3293100000";" -0,3465400000"
"202100004736";"3";"12";"2021";"17:10";"5";"64";"64445";"2";"1";"8";"2";"HENRI FAISANS";"43,3008400000";" -0,3598600000"
"202100004737";"2";"12";"2021";"15:21";"1";"63";"63113";"2";"3";"1";"6";"RENOUX (PLACE)";"45,7756500000";"3,0854900000"
"202100004738";"2";"12";"2021";"13:33";"1";"63";"63113";"2";"1";"1";"6";"CLEMENTEL (BD ETIENNE)";"45,8082533058";"3,1093575060"
"202100004739";"28";"11";"2021";"21:30";"3";"59";"59447";"1";"9";"1";"3";"BAUDELIERS (CHEMIN DES)";"50,3789400000";"3,6187000000"
"202100004740";"4";"12";"2021";"13:00";"1";"59";"59599";"2";"3";"2";"6";"DEWYN (RUE DU DOCTEUR)";"50,7267500000";"3,1603300000"
"202100004741";"3";"12";"2021";"14:45";"1";"59";"59009";"2";"1";"2";"3";"PODIUM";"50,6525000000";"3,1428900000"
"202100004742";"3";"12";"2021";"18:50";"5";"59";"59588";"2";"2";"2";"3";"FURNES";"51,0349708418";"2,4063988030"
"202100004743";"1";"12";"2021";"06:32";"5";"57";"57672";"2";"1";"2";"2";"AMERIQUE (CHAUSSEE D')";"49,3705300000";"6,1621700000"
"202100004744";"4";"12";"2021";"21:50";"5";"56";"56260";"2";"3";"1";"6";"MADELEINE(PLACE DE LA)";"47,6590400000";" -2,7719037000"
"202100004745";"2";"12";"2021";"19:47";"5";"56";"56121";"2";"1";"1";"3";"KERSABIEC (RUE  DE )";"47,7644500000";" -3,3850200000"
"202100004746";"2";"12";"2021";"15:35";"1";"56";"56098";"2";"3";"1";"7";"THOMAS ( ET  IMP. ALBERT )";"47,7598000000";" -3,3485600000"
"202100004747";"2";"12";"2021";"18:10";"2";"52";"52121";"2";"1";"1";"3";"DIDEROT (BOULEVARD)";"48,1094600000";"5,1403700000"
"202100004748";"3";"12";"2021";"10:25";"1";"51";"51454";"2";"1";"1";"7";"Place Myron Herrick";"49,2544800000";"4,0310900000"
"202100004749";"3";"12";"2021";"17:15";"2";"49";"49007";"2";"1";"3";"4";"RD 323";"47,4694500000";" -0,5952600000"
"202100004750";"3";"12";"2021";"10:52";"1";"49";"49246";"2";"1";"2";"6";"GAULLE RUE CHARLES DE";"47,4262000000";" -0,5259800000"
"202100004751";"3";"12";"2021";"08:34";"2";"49";"49007";"2";"1";"2";"6";"CHAMBRE AUX DENIERS RUE ET CHEM";"47,4657900000";" -0,5960600000"
"202100004752";"2";"12";"2021";"07:46";"2";"49";"49015";"2";"1";"1";"3";"DUNANT RUE HENRI ET ROND POINT";"47,5016000000";" -0,5869000000"
"202100004753";"4";"12";"2021";"06:34";"5";"47";"47001";"2";"2";"2";"2";"GAILLARD (AV. ET PONT DE)";"44,2122000000";"0,6286800000"
"202100004754";"3";"12";"2021";"08:38";"1";"47";"47001";"2";"1";"1";"2";"BOILLOT (RUE A.)";"44,2064500000";"0,6405900000"
"202100004755";"3";"12";"2021";"14:55";"2";"45";"45285";"2";"3";"2";"3";"Rue de la MouchetiÃ¨re";"47,9131735734";"1,8582947552"
"202100004756";"2";"12";"2021";"18:45";"5";"37";"37261";"2";"6";"1";"3";"EIFFEL (AVENUE GUSTAVE)";"47,4257582292";"0,6969760358"
"202100004757";"3";"12";"2021";"11:20";"1";"37";"37261";"2";"1";"2";"3";"BERT (QUAI PAUL)";"47,4023660173";"0,6946840882"
"202100004758";"3";"12";"2021";"07:45";"1";"37";"37261";"2";"6";"2";"3";"DANIEL MAYER";"47,4189447410";"0,7047343254"
"202100004759";"3";"12";"2021";"00:00";"5";"37";"37261";"2";"1";"1";"3";"MAGINOT (AV. ANDRE)";"47,4215045528";"0,6957583129"
"202100004760";"3";"12";"2021";"21:00";"5";"35";"35238";"2";"2";"2";"1";"PATTON (AVENUE DU GENERAL SIR GEORGES)";"48,1287600000";" -1,6642500000"
"202100004761";"3";"12";"2021";"18:35";"5";"35";"35238";"2";"2";"2";"6";"GINGUENE";"48,0994300000";" -1,6755600000"
"202100004762";"3";"12";"2021";"17:15";"2";"35";"35238";"2";"1";"2";"6";"VANEAU";"48,1091028280";" -1,6929320097"
"202100004763";"3";"12";"2021";"03:20";"3";"35";"35051";"1";"1";"2";"7";"RN157";"48,1137630000";" -1,5536390000"
"202100004764";"3";"12";"2021";"10:12";"1";"34";"34301";"2";"1";"1";"6";"CAYENNE (ROUTE DE)";"43,4121400000";"3,6969500000"
"202100004765";"3";"12";"2021";"10:45";"1";"34";"34172";"2";"8";"1";"6";"ABRIVADO (RUE DE L')";"43,5895630000";"3,8878920000"
"202100004766";"4";"12";"2021";"20:08";"5";"33";"33069";"2";"2";"2";"3";"Avenue Victor Hugo";"44,8639000000";" -0,5902900000"
"202100004767";"4";"12";"2021";"13:50";"1";"33";"33119";"2";"3";"3";"1";"Rue Jules Guesde";"44,8569588781";" -0,5373939872"
"202100004768";"4";"12";"2021";"11:00";"1";"33";"33063";"2";"6";"7";"3";"Rue de Lacanau";"44,8483000000";" -0,6168600000"
"202100004769";"3";"12";"2021";"18:30";"5";"33";"33063";"2";"1";"3";"6";"Avenue d'ArÃ¨s";"44,8385644657";" -0,6172026849"
"202100004770";"3";"12";"2021";"03:20";"5";"33";"33119";"2";"1";"8";"1";"Avenue Carnot";"44,8629500000";" -0,5300000000"
"202100004771";"4";"12";"2021";"17:36";"3";"31";"31555";"1";"1";"2";"2";"VA008493 LA CRABE A624 Sortie 2";"43,6102060000";"1,3738410000"
"202100004772";"4";"12";"2021";"06:20";"3";"31";"31555";"1";"1";"2";"5";"31 A LES MINIMES  (PERIPH OUEST A620)";"43,6262930000";"1,4192190000"
"202100004773";"3";"12";"2021";"22:15";"5";"31";"31555";"2";"2";"2";"3";"RUE DES SEPT TROUBADOURS";"43,6070300000";"1,4528900000"
"202100004774";"3";"12";"2021";"17:37";"5";"31";"31555";"2";"1";"8";"6";"CHE DE LESTANG";"43,5513900000";"1,3941200000"
"202100004775";"3";"12";"2021";"12:20";"1";"31";"31555";"1";"1";"1";"4";"D980";"43,6069100000";"1,3688700000"
"202100004776";"4";"12";"2021";"10:42";"1";"29";"29232";"1";"6";"1";"1";"Route de Douarnenez";"48,0018206000";" -4,1575849050"
"202100004777";"3";"12";"2021";"11:30";"1";"29";"29232";"2";"1";"2";"2";"Rue Henri Barbusse";"47,9904500000";" -4,0758400000"
"202100004778";"3";"12";"2021";"13:15";"1";"28";"28134";"2";"1";"1";"3";"ROCHELLES (RUE DES)";"48,7315700000";"1,3731600000"
"202100004779";"3";"12";"2021";"16:55";"5";"27";"27681";"2";"2";"2";"6";"CAPUCINS (AVENUE DES)";"49,0935700000";"1,4718700000"
"202100004780";"4";"12";"2021";"15:45";"1";"27";"27306";"1";"1";"4";"3";"CONCORDE (RUE)";"49,0134507103";"1,1749384042"
"202100004781";"2";"12";"2021";"18:40";"3";"25";"25056";"2";"6";"8";"6";"TREPILLOT RUE DE";"47,2428000000";"6,0075800000"
"202100004782";"4";"12";"2021";"02:15";"5";"25";"25056";"2";"1";"3";"7";"SEPTIEME ARMEE AM. AVENUE";"47,2212300000";"6,0309000000"
"202100004783";"9";"11";"2021";"08:35";"1";"25";"25056";"2";"6";"7";"2";"CHURCHILL BD WINSTON";"47,2451900000";"5,9965400000"
"202100004784";"3";"12";"2021";"16:30";"1";"22";"22360";"2";"1";"2";"1";"MARCEL RAULT";"48,4865047222";" -2,7415963410"
"202100004785";"3";"12";"2021";"17:30";"5";"14";"14118";"2";"9";"2";"6";"MONTALIVET (COURS)";"49,1795200000";" -0,3417200000"
"202100004786";"3";"12";"2021";"07:35";"5";"14";"14566";"2";"1";"2";"6";"MALON (RUE DE)";"49,2152500000";" -0,3830900000"
"202100004787";"1";"12";"2021";"11:15";"1";"14";"14101";"2";"1";"1";"2";"ECHANGEUR NÂ° 9 ( PORTE DE BRETAGNE )";"49,1647650000";" -0,4281560000"
"202100004788";"20";"11";"2021";"21:00";"5";"13";"13071";"2";"1";"1";"3";"RD 543";"43,4110326933";"5,3659676463"
"202100004789";"4";"12";"2021";"14:50";"1";"13";"13214";"2";"3";"2";"6";"DANIEL CASANOVA (BOULEVARD)";"43,3264800000";"5,3744700000"
"202100004790";"4";"12";"2021";"02:24";"5";"13";"13207";"2";"1";"2";"7";"Corniche John FitzgÃ©rald Kennedy";"43,2829600000";"5,3505000000"
"202100004791";"3";"12";"2021";"20:45";"5";"13";"13209";"2";"9";"1";"1";"MORGIOU (chemin de )";"43,2435600000";"5,4060900000"
"202100004792";"3";"12";"2021";"05:20";"5";"13";"13210";"2";"1";"1";"3";"RABATAU (BOULEVARD)";"43,2765677660";"5,3976833013"
"202100004793";"3";"12";"2021";"22:10";"5";"11";"11069";"2";"2";"2";"6";"TROIS COURONNES";"43,2105129531";"2,3579192162"
"202100004794";"4";"12";"2021";"04:00";"5";"10";"10387";"2";"1";"2";"6";"JULES GUESDE (RUE)";"48,3052200000";"4,0741000000"
"202100004795";"4";"12";"2021";"12:30";"1";"10";"10325";"2";"6";"1";"3";"EGALITE (RUE DE L')";"48,2674740656";"4,0609502792"
"202100004796";"3";"12";"2021";"16:53";"5";"10";"10387";"2";"1";"2";"1";"LOMBARDS (AVENUE)";"48,2690000000";"4,0846500000"
"202100004797";"3";"12";"2021";"13:39";"1";"10";"10333";"2";"1";"8";"6";"CHARLES DE REFUGE (RUE)";"48,2808100000";"4,0509400000"
"202100004798";"2";"12";"2021";"11:29";"1";"10";"10387";"2";"3";"7";"3";"PIERRE BROSSOLETTE (RUE)";"48,2902300000";"4,0760200000"
"202100004799";"4";"12";"2021";"13:15";"1";"06";"06088";"2";"1";"7";"6";"MADELEINE (BD DE LA)";"43,7068550000";"7,2319730000"
"202100004800";"3";"12";"2021";"16:55";"2";"06";"06088";"2";"1";"1";"3";"ANGLAIS (DU NÂ° 1 AU NÂ° 43)";"43,6945600000";"7,2598900000"
"202100004801";"3";"12";"2021";"08:48";"1";"06";"06088";"2";"1";"1";"2";"GRENOUILLERES (AV. DES)";"43,6671690000";"7,2166570000"
"202100004802";"4";"12";"2021";"13:51";"1";"06";"06123";"2";"1";"1";"6";"DE GAULLE GENERAL AVENUE";"43,6734100000";"7,1898100000"
"202100004803";"3";"12";"2021";"07:50";"1";"06";"06027";"2";"1";"1";"2";"TUILIERES AVENUE DES";"43,6703540000";"7,1632080000"
"202100004804";"3";"12";"2021";"18:50";"4";"75";"75116";"2";"4";"3";"6";"PORTE MAILLOT";"48,8772050000";"2,2791580000"
"202100004805";"3";"12";"2021";"17:10";"5";"75";"75117";"2";"4";"3";"6";"PORTE DE CHAMPERRET";"48,8883082920";"2,2920495272"
"202100004806";"4";"12";"2021";"04:40";"3";"75";"75113";"2";"2";"2";"3";"AVENUE DE LA PORTE D IVRY";"48,8196280000";"2,3730840000"
"202100004807";"3";"12";"2021";"23:45";"5";"75";"75120";"2";"7";"2";"6";"RUE BELGRAND";"48,8648850000";"2,3986610000"
"202100004808";"4";"12";"2021";"22:58";"5";"75";"75119";"2";"1";"1";"6";"AVENUE JEAN JAURES";"48,8838080000";"2,3741430000"
"202100004809";"4";"12";"2021";"20:25";"5";"75";"75118";"2";"3";"2";"3";"RUE ORDENER";"48,8920440000";"2,3469480000"
"202100004810";"3";"12";"2021";"22:00";"5";"75";"75118";"2";"2";"2";"6";"RUE MARX DORMOY";"48,8902520000";"2,3599140000"
"202100004811";"4";"12";"2021";"01:00";"5";"75";"75117";"2";"3";"2";"7";"AVENUE NIEL";"48,8832700000";"2,2965650000"
"202100004812";"3";"12";"2021";"09:15";"1";"75";"75115";"2";"3";"1";"1";"RUE DE VOUILLE";"48,8351070000";"2,3037820000"
"202100004813";"4";"12";"2021";"20:00";"5";"75";"75113";"2";"2";"2";"2";"RUE JACQUES DESTREE";"48,8175720246";"2,3533862829"
"202100004814";"3";"12";"2021";"21:00";"5";"75";"75113";"2";"2";"2";"2";"AVENUE DE LA PORTE D ITALIE";"48,8180800000";"2,3597830000"
"202100004815";"4";"12";"2021";"15:23";"1";"75";"75112";"2";"3";"1";"3";"AVENUE DAUMESNIL";"48,8399510000";"2,4321490000"
"202100004816";"4";"12";"2021";"15:15";"1";"75";"75112";"2";"4";"1";"6";"AVENUE DE NOGENT";"48,8419970000";"2,4491190000"
"202100004817";"4";"12";"2021";"17:00";"5";"75";"75111";"2";"3";"2";"6";"RUE DES TROIS BORNES";"48,8661770000";"2,3712260000"
"202100004818";"4";"12";"2021";"16:45";"2";"75";"75111";"2";"3";"2";"5";"BOULEVARD DE MENILMONTANT";"48,8650700000";"2,3848100000"
"202100004819";"3";"12";"2021";"11:50";"1";"75";"75110";"2";"1";"2";"5";"BOULEVARD DE STRASBOURG";"48,8715150000";"2,3554980000"
"202100004820";"4";"12";"2021";"02:50";"5";"75";"75107";"2";"3";"2";"3";"QUAI BRANLY";"48,8574710000";"2,2910430000"
"202100004821";"4";"12";"2021";"12:50";"1";"75";"75103";"2";"1";"8";"6";"RUE DES FRANCS BOURGEOIS";"48,8579550000";"2,3601610000"
"202100004822";"4";"12";"2021";"02:15";"5";"75";"75109";"2";"2";"2";"3";"RUE DE TREVISE";"48,8759420000";"2,3455470000"
"202100004823";"4";"12";"2021";"07:40";"2";"94";"94080";"2";"1";"2";"3";"Avenue de Paris";"48,8457000000";"2,4280000000"
"202100004824";"4";"12";"2021";"10:30";"1";"94";"94078";"2";"5";"2";"3";"Rue de Paris";"48,7355820000";"2,4466760000"
"202100004825";"4";"12";"2021";"21:00";"3";"94";"94016";"2";"9";"2";"3";"COUSIN DE MERICOURT (AV)";"48,7987900000";"2,3326800000"
"202100004826";"4";"12";"2021";"20:05";"5";"94";"94003";"2";"6";"2";"1";"ARISTIDE BRIAND (AV)";"48,8104000000";"2,3270100000"
"202100004827";"4";"12";"2021";"11:05";"1";"94";"94016";"2";"2";"2";"3";"Avenue Carnot";"48,7944365744";"2,3312120976"
"202100004828";"4";"12";"2021";"18:20";"5";"94";"94038";"2";"2";"2";"6";"Avenue Flouquet";"48,7754200000";"2,3262700000"
"202100004829";"4";"12";"2021";"14:45";"1";"93";"93055";"2";"1";"1";"6";"CIMETIERE PARISIEN (AVENUE DU)";"48,9085276931";"2,3994280277"
"202100004830";"3";"12";"2021";"20:40";"5";"93";"93063";"2";"2";"3";"1";"PROGRES RUE DU";"48,8718796984";"2,4398111530"
"202100004831";"4";"12";"2021";"22:05";"5";"93";"93005";"2";"1";"2";"6";"MITRY [CD115] (ROUTE DE)";"48,9495700000";"2,5201600000"
"202100004832";"4";"12";"2021";"09:20";"1";"93";"93005";"2";"1";"2";"6";"DOCTEUR CLAUDE BERNARD (RUE DU)";"48,9519822332";"2,5206144518"
"202100004833";"4";"12";"2021";"17:33";"3";"92";"92048";"2";"2";"3";"7";"PAVE DES GARDES (ROUTE DU)";"48,8122591690";"2,2148019075"
"202100004834";"3";"12";"2021";"22:25";"5";"92";"92050";"2";"1";"3";"6";"CLEMENCEAU GEORGES AVENUE NÂ° PAIR";"48,8857970987";"2,2177979350"
"202100004835";"4";"12";"2021";"19:10";"5";"92";"92026";"2";"3";"2";"6";"Quai du MarÃ©chal Joffre";"48,9006110236";"2,2752481699"
"202100004836";"4";"12";"2021";"13:15";"1";"92";"92023";"2";"1";"8";"6";"GENERAL DE GAULLE (AV DU) NÂ°130 A 340 ET";"48,7897666469";"2,2622019053"
"202100004837";"4";"12";"2021";"17:51";"5";"92";"92012";"2";"6";"2";"3";"MARCEL SEMBAT (PLACE)";"48,8337823895";"2,2436544299"
"202100004838";"4";"12";"2021";"16:30";"2";"92";"92012";"2";"1";"8";"3";"REPUBLIQUE (BOULEVARD DE LA) 5/77BIS - 6";"48,8311763220";"2,2568374872"
"202100004839";"4";"12";"2021";"04:50";"5";"73";"73085";"2";"3";"3";"6";"1337 Route d Aix";"45,7985100000";"5,8589690000"
"202100004840";"4";"12";"2021";"20:25";"3";"74";"74295";"1";"1";"2";"6";"Route des Grandes Alpes";"46,3092030000";"6,6112590000"
"202100004841";"3";"12";"2021";"17:00";"5";"58";"58086";"2";"1";"2";"6";"28 Avenue du 85Ã¨me de Ligne";"47,4012180000";"2,9226420000"
"202100004842";"4";"12";"2021";"23:15";"5";"65";"65340";"2";"1";"2";"2";"5 Route de Rabastens";"43,2643930000";"0,1037550000"
"202100004843";"3";"12";"2021";"17:15";"1";"14";"14738";"1";"1";"2";"4";"A84";"49,1640550000";" -0,4389810000"
"202100004844";"5";"12";"2021";"12:55";"1";"62";"62499";"1";"1";"3";"6";"route nationale 1";"50,3853260000";"1,7281040000"
"202100004845";"4";"12";"2021";"14:15";"1";"30";"30034";"1";"1";"2";"3";"D6113";"43,7581000000";"4,5181600000"
"202100004846";"3";"12";"2021";"07:50";"5";"51";"51391";"2";"3";"1";"3";"Rue de la Gare";"49,2758900000";"3,8982390000"
"202100004847";"5";"12";"2021";"00:35";"3";"56";"56172";"1";"1";"3";"6";"La Croix Peinte";"47,7961190000";" -2,6739050000"
"202100004848";"3";"12";"2021";"20:40";"3";"2A";"2A085";"1";"1";"1";"1";"195 Traina";"41,9188102440";"8,8918435612"
"202100004849";"5";"12";"2021";"08:36";"1";"11";"11288";"1";"1";"3";"6";"D6113";"43,2561120000";"2,2604640000"
"202100004850";"5";"12";"2021";"15:27";"1";"71";"71516";"1";"1";"2";"6";"Rue du Rondot";"46,8142250000";"5,2499520000"
"202100004851";"5";"12";"2021";"13:05";"1";"71";"71137";"1";"1";"8";"6";"d22 - pierre folle";"46,4002970000";"4,6503820000"
"202100004852";"4";"12";"2021";"13:35";"1";"89";"89263";"1";"1";"1";"5";"nationale 6";"47,8388450000";"3,5517410000"
"202100004853";"4";"12";"2021";"15:55";"1";"61";"61205";"2";"7";"3";"6";"Le Bourg Heugon";"48,8559970000";"0,3969370000"
"202100004854";"4";"12";"2021";"05:30";"3";"61";"61166";"1";"1";"2";"6";"Rue de la Montchevalerie";"48,6467400000";"0,3753750000"
"202100004855";"4";"12";"2021";"11:25";"1";"47";"47214";"1";"3";"1";"2";"Bel Air";"44,3304600000";"0,2802670000"
"202100004856";"4";"12";"2021";"16:00";"2";"44";"44212";"1";"2";"1";"3";"La Vergne";"47,1490860000";" -1,2440300000"
"202100004857";"5";"12";"2021";"01:40";"3";"35";"35224";"1";"1";"2";"6";"RN 176, PK 24.900";"48,5446190000";" -1,8582560000"
"202100004858";"5";"12";"2021";"07:30";"3";"31";"31436";"1";"1";"2";"6";"D626B route de Carbonne";"43,3258130000";"1,0691240000"
"202100004859";"4";"12";"2021";"06:25";"3";"38";"38268";"1";"1";"2";"7";"D525";"45,4158350000";"6,0893010000"
"202100004860";"5";"12";"2021";"15:20";"1";"38";"38124";"1";"1";"1";"3";"Les Combes de Parjin";"45,6117680000";"5,5479400000"
"202100004861";"4";"12";"2021";"23:00";"3";"02";"02321";"2";"9";"2";"6";"Rue de la louviere";"49,8534110000";"3,8922880000"
"202100004862";"4";"12";"2021";"17:25";"3";"01";"01445";"1";"3";"2";"1";"Route de Strasbourg";"46,3237420000";"5,3079680000"
"202100004863";"4";"12";"2021";"23:53";"3";"70";"70447";"1";"1";"2";"1";"RN 57";"47,4393510000";"6,0737230000"
"202100004864";"5";"12";"2021";"16:50";"2";"58";"58095";"1";"1";"2";"6";"D979";"46,8164790000";"3,5142090000"
"202100004865";"5";"12";"2021";"02:50";"3";"54";"54200";"2";"1";"2";"6";"Rue de Voissogne";"48,8758600000";"5,8499300000"
"202100004866";"5";"12";"2021";"10:30";"1";"64";"64495";"1";"1";"2";"6";"1352 Vieille Route de Saint-PÃ©e";"43,3716400000";" -1,5879520000"
"202100004867";"4";"12";"2021";"13:18";"1";"64";"64256";"1";"1";"3";"3";"DÃ©partementale 21";"43,3952500000";" -1,3144630000"
"202100004868";"5";"12";"2021";"09:00";"1";"53";"53247";"1";"1";"2";"7";"La ValiÃ¨re (Tunnel)";"48,1122380000";" -1,0445490000"
"202100004869";"4";"12";"2021";"15:45";"1";"28";"28351";"1";"1";"2";"1";"rue de chateauneuf";"48,5822220000";"1,2092260000"
"202100004870";"4";"12";"2021";"12:35";"1";"24";"24168";"1";"1";"2";"1";"Lieu dit MONPLAISIR - RN21";"44,7150560000";"0,5578570000"
"202100004871";"4";"12";"2021";"18:30";"3";"78";"78455";"1";"1";"2";"2";"Route Nationale 307";"48,8479430000";"2,0534780000"
"202100004872";"5";"12";"2021";"15:55";"1";"28";"28392";"1";"1";"3";"6";"A10 PK60+000";"48,2456630000";"1,8515690000"
"202100004873";"4";"12";"2021";"17:12";"3";"27";"27656";"1";"1";"4";"5";"A13";"49,3536020000";"0,4548170000"
"202100004874";"4";"12";"2021";"17:20";"2";"27";"27656";"1";"1";"4";"6";"A13";"49,3569840000";"0,4628630000"
"202100004875";"5";"12";"2021";"22:00";"5";"976";"97608";"2";"1";"1";"3";"Boulevard des crabes";" -12,7876750000";"45,2641010000"
"202100004876";"5";"12";"2021";"07:00";"1";"976";"97607";"1";"1";"1";"3";"Ironi Be";" -12,8311130000";"45,1927540000"
"202100004877";"3";"12";"2021";"22:50";"3";"973";"97304";"1";"1";"2";"3";"Pk 52 RN1";"5,1172750000";" -52,6470420000"
"202100004878";"4";"12";"2021";"13:00";"1";"973";"97304";"1";"1";"1";"5";"RN1 PK 50";"5,1075693226";" -52,6383876801"
"202100004879";"3";"12";"2021";"18:10";"3";"33";"33527";"2";"1";"3";"6";"Avenue de la CÃ´te d Argent";"44,6356900000";" -1,0225300000"
"202100004880";"4";"12";"2021";"20:45";"3";"28";"28344";"1";"1";"1";"3";"D 7.3";"48,3991780000";"1,7433930000"
"202100004881";"3";"12";"2021";"18:05";"5";"91";"91226";"2";"1";"3";"6";"Avenue d OrlÃ©ans";"48,4858740000";"2,1907040000"
"202100004882";"3";"12";"2021";"19:40";"3";"34";"34170";"2";"1";"8";"7";"Route d Argeliers";"43,3355340000";"2,9080190000"
"202100004883";"5";"12";"2021";"17:15";"3";"05";"05118";"1";"1";"1";"6";"RD 948 - CHATEAUNEUF DE CHABRE - Les labours";"44,2889450000";"5,8228830000"
"202100004884";"5";"12";"2021";"18:15";"3";"13";"13004";"1";"1";"1";"5";"D572N";"43,6634320000";"4,4559320000"
"202100004885";"5";"12";"2021";"00:15";"3";"71";"71555";"1";"1";"2";"6";"Chemin de la ChaintrÃ©";"46,6939940000";"4,8727850000"
"202100004886";"4";"12";"2021";"19:10";"5";"68";"68334";"2";"1";"2";"6";"Bd Auguste Scheurer Kestner";"47,8124520000";"7,0959180000"
"202100004887";"4";"12";"2021";"17:58";"5";"68";"68269";"2";"1";"3";"6";"13 Rue du 3 DÃ©cembre";"48,1919310000";"7,3222140000"
"202100004888";"4";"12";"2021";"17:05";"5";"55";"55351";"2";"3";"2";"3";"Rue Ernest Mabille";"49,5173850000";"5,3674810000"
"202100004889";"4";"12";"2021";"20:30";"3";"38";"38412";"1";"1";"4";"6";"Chemin des Bourdoires";"45,3979450000";"5,7529840000"
"202100004890";"5";"12";"2021";"05:45";"5";"69";"69190";"2";"1";"8";"1";"MARCEL MERIEUX (R)";"45,7684550000";"4,6995250000"
"202100004891";"20";"10";"2021";"16:50";"1";"64";"64304";"1";"9";"1";"3";"Chemin de l Aiguette";"43,4934560000";" -1,3956450000"
"202100004892";"3";"12";"2021";"19:10";"3";"22";"22171";"1";"1";"3";"4";"D700";"48,4129170000";" -2,8227350000"
"202100004893";"4";"12";"2021";"13:00";"1";"69";"69259";"1";"1";"9";"2";"RD383   11.750 A 14.250";"45,7181200000";"4,8684100000"
"202100004894";"4";"12";"2021";"11:45";"1";"33";"33249";"1";"1";"1";"7";"ROUTE NATIONALE 230";"44,8817250000";" -0,5114040000"
"202100004895";"4";"12";"2021";"17:50";"3";"77";"77251";"1";"1";"2";"4";"AUTOROUTE A5A";"48,6265369000";"2,5388121000"
"202100004896";"4";"12";"2021";"13:35";"1";"92";"92060";"1";"1";"2";"2";"RN385";"48,7756032854";"2,2380946870"
"202100004897";"4";"12";"2021";"11:10";"1";"92";"92012";"1";"1";"2";"6";"A13";"48,8485446228";"2,2283505179"
"202100004898";"4";"12";"2021";"00:40";"3";"78";"78291";"1";"1";"2";"2";"A13";"48,9654000000";"1,7556000000"
"202100004899";"4";"12";"2021";"15:00";"1";"93";"93078";"1";"1";"2";"6";"AUTOROUTE A104";"48,9633672612";"2,5213299360"
"202100004900";"4";"12";"2021";"13:45";"1";"93";"93053";"1";"1";"8";"6";"AUTOROUTE A3";"48,8840254398";"2,4599409324"
"202100004901";"4";"12";"2021";"10:15";"1";"93";"93005";"1";"1";"2";"1";"AUTOROUTE A1";"48,9608300000";"2,4683400000"
"202100004902";"4";"12";"2021";"02:49";"4";"93";"93066";"1";"1";"2";"2";"AUTOROUTE A3";"48,9321804951";"2,3704585433"
"202100004903";"4";"12";"2021";"02:45";"3";"92";"92036";"1";"1";"2";"2";"AUTOROUTE A15";"48,9492053212";"2,2806984183"
"202100004904";"3";"12";"2021";"22:20";"3";"95";"95572";"1";"1";"3";"2";"RN 184";"49,0339384659";"2,1115958691"
"202100004905";"4";"12";"2021";"09:00";"1";"94";"94073";"1";"1";"2";"7";"A86 EXT";"48,7678501065";"2,3786772600"
"202100004906";"4";"12";"2021";"07:15";"3";"94";"94044";"1";"1";"1";"6";"RN406.Y";"48,7601100000";"2,4691700000"
"202100004907";"4";"12";"2021";"05:55";"5";"94";"94073";"1";"1";"2";"4";"A86 EXT";"48,7634900000";"2,3809300000"