"Num_Acc";"jour";"mois";"an";"hrmn";"lum";"dep";"com";"agg";"int";"atm";"col";"adr";"lat";"long"
"202100005285";"29";"11";"2021";"17:10";"5";"59";"59560";"2";"3";"8";"3";"8 MAI 1945 RUE DU";"50,5590630000";"3,0285360000"
"202100005286";"25";"11";"2021";"17:10";"2";"59";"59350";"2";"9";"8";"6";"BELFORT BOULEVARD DE";"50,6189100000";"3,0763200000"
"202100005287";"30";"11";"2021";"08:30";"1";"59";"59359";"1";"1";"8";"1";"CAPITAINERIE OUEST (ROUTE DE LA)";"51,0303100000";"2,2152100000"
"202100005288";"30";"11";"2021";"17:09";"5";"57";"57672";"2";"1";"3";"6";"BEL AIR (ALLEE) - PAIR";"49,3666600000";"6,1501900000"
"202100005289";"1";"12";"2021";"11:00";"1";"57";"57751";"2";"9";"2";"3";"DEUX FONTAINES (AVENUE )";"49,1486200000";"6,1715800000"
"202100005290";"30";"11";"2021";"07:20";"5";"57";"57049";"2";"2";"3";"6";"PLAPPEVILLE (ROUTE DE )";"49,1280991000";"6,1468129000"
"202100005291";"28";"11";"2021";"21:10";"5";"56";"56121";"2";"1";"1";"1";"PÃ©nÃ©trante de Lorient D465";"47,7368300000";" -3,3772700000"
"202100005292";"30";"11";"2021";"23:05";"5";"54";"54395";"2";"4";"2";"6";"PAIX (RUE DE LA)";"48,6722700000";"6,1641500000"
"202100005293";"26";"11";"2021";"18:45";"2";"52";"52121";"2";"1";"2";"3";"BOURGOGNE (RUE DE)";"48,0978100000";"5,1410000000"
"202100005294";"1";"12";"2021";"15:35";"1";"51";"51454";"2";"2";"2";"7";"Avenue Jean JaurÃ¨s";"49,2616800000";"4,0510400000"
"202100005295";"30";"11";"2021";"11:20";"1";"49";"49328";"2";"1";"1";"3";"DE GAULLE (AVENUE DU GENERAL)";"47,2648500000";" -0,0724600000"
"202100005296";"30";"11";"2021";"18:10";"5";"49";"49246";"2";"1";"1";"6";"DAVID D'ANGERS";"47,4414650000";" -0,5343960000"
"202100005297";"30";"11";"2021";"16:51";"1";"49";"49267";"2";"3";"1";"3";"HARDOUINIERES CHEMIN";"47,4775400000";" -0,4911500000"
"202100005298";"30";"11";"2021";"09:36";"1";"49";"49007";"2";"1";"8";"6";"SAINT MICHEL BOULEVARD";"47,4733600000";" -0,5432500000"
"202100005299";"29";"11";"2021";"17:08";"2";"49";"49246";"2";"1";"1";"7";"BELLE POULE LEVEE";"47,4208962949";" -0,4906682971"
"202100005300";"2";"12";"2021";"01:00";"5";"45";"45147";"2";"6";"1";"7";"FAUBOURG BANNIER (RUE DU )";"47,9340300000";"1,8948900000"
"202100005301";"1";"12";"2021";"07:30";"5";"45";"45147";"2";"6";"2";"3";"Rue AndrÃ© Dessaux";"47,9238700784";"1,9010639191"
"202100005302";"1";"12";"2021";"07:45";"5";"45";"45234";"2";"1";"2";"3";"CHARTRES (RUE DE)";"47,8475000000";"1,9354700000"
"202100005303";"30";"11";"2021";"17:45";"3";"45";"45068";"1";"1";"2";"5";"D 2007-PR 16+150";"48,0243100000";"2,7403100000"
"202100005304";"30";"11";"2021";"14:05";"1";"45";"45338";"2";"2";"8";"3";"TOURATIER (RUE)";"47,9963900000";"2,7073500000"
"202100005305";"28";"11";"2021";"04:20";"3";"44";"44184";"2";"2";"1";"3";"MUN (RUE ALBERT DE)";"47,2785300000";" -2,2116400000"
"202100005306";"1";"12";"2021";"13:30";"1";"44";"44162";"2";"3";"1";"3";"RUE DE LA SYONNIERE";"47,2502100000";" -1,6458500000"
"202100005307";"30";"11";"2021";"09:15";"1";"44";"44172";"1";"1";"1";"3";"PERIPHERIQUE EST";"47,2398000000";" -1,4867300000"
"202100005308";"1";"12";"2021";"05:00";"2";"38";"38151";"2";"1";"1";"6";"RUE D'AUVERGNE";"45,1550200000";"5,7153600000"
"202100005309";"1";"12";"2021";"20:55";"5";"37";"37122";"2";"1";"1";"6";"AMANDIERS (RUE DES)";"47,3351073286";"0,6598750502"
"202100005310";"1";"12";"2021";"16:00";"1";"37";"37261";"2";"1";"1";"7";"PORTALIS (AVENUE JEAN)";"47,3668685424";"0,6841135025"
"202100005311";"30";"11";"2021";"23:50";"5";"37";"37261";"2";"1";"1";"1";"TONNELLE (BOULEVARD)";"47,3830316518";"0,6683313847"
"202100005312";"30";"11";"2021";"11:10";"1";"37";"37261";"2";"1";"8";"2";"WAGNER (BOULEVARD RICHARD)";"47,3742936347";"0,7034897804"
"202100005313";"29";"11";"2021";"18:45";"5";"37";"37214";"2";"1";"1";"3";"DE GAULLE (BD CHARLES)";"47,4138374494";"0,6707024574"
"202100005314";"1";"12";"2021";"19:45";"5";"35";"35238";"2";"2";"2";"3";"TILLON (AVENUE CHARLES)";"48,1246800000";" -1,7030100000"
"202100005315";"1";"12";"2021";"19:10";"5";"35";"35238";"2";"1";"1";"2";"LECLERC (AVENUE DU GENERAL)";"48,1140500000";" -1,6347000000"
"202100005316";"1";"12";"2021";"18:05";"5";"35";"35238";"2";"2";"1";"6";"PRE BOTTE (DU)";"48,1093190000";" -1,6778390000"
"202100005317";"1";"12";"2021";"11:40";"1";"35";"35238";"2";"6";"2";"6";"GROS MALHON (AVENUE)";"48,1336490000";" -1,6853740000"
"202100005318";"30";"11";"2021";"18:40";"5";"35";"35238";"2";"9";"1";"3";"STRASBOURG (BOULEVARD DE)";"48,1109000000";" -1,6558400000"
"202100005319";"30";"11";"2021";"07:57";"5";"35";"35238";"2";"6";"2";"3";"SAINT-LAURENT (DE)";"48,1384700000";" -1,6531500000"
"202100005320";"30";"11";"2021";"08:00";"2";"35";"35238";"2";"1";"2";"2";"MITTERAND (MAIL FRANCOIS)";"48,1100771549";" -1,6862627417"
"202100005321";"1";"12";"2021";"15:05";"1";"33";"33162";"2";"1";"1";"4";"Avenue du MÃ©doc";"44,8839100000";" -0,6335700000"
"202100005322";"1";"12";"2021";"07:40";"2";"33";"33075";"2";"9";"3";"6";"Boulevard Jacques Chaban-Delmas";"44,8770200000";" -0,5781400000"
"202100005323";"30";"11";"2021";"09:00";"1";"33";"33281";"2";"1";"1";"3";"RUE ALESSANDRO VOLTA";"44,8533700000";" -0,6720200000"
"202100005324";"30";"11";"2021";"07:55";"1";"33";"33009";"2";"1";"1";"6";"Avenue Docteur Lorentz Monod";"44,6543700000";" -1,1654500000"
"202100005325";"29";"11";"2021";"07:57";"2";"32";"32013";"2";"6";"2";"3";"SAMBRE ET MEUSE (AVENUE)";"43,6408900000";"0,5959700000"
"202100005326";"30";"11";"2021";"03:40";"5";"31";"31555";"2";"1";"1";"7";"RUE DE L AMIRAL GALACHE";"43,5993801668";"1,4331954718"
"202100005327";"30";"11";"2021";"16:45";"1";"31";"31483";"2";"1";"1";"3";"LANDORTHE (ROUTE)";"43,1160100000";"0,7479300000"
"202100005328";"11";"11";"2021";"00:50";"3";"30";"30189";"1";"1";"2";"7";"ANDUZE (ROUTE OU ANCIENNE ROUTE)";"43,8708000000";"4,2780000000"
"202100005329";"13";"11";"2021";"01:10";"3";"30";"30007";"2";"1";"1";"3";"LUMIERES (AVE DES FRERES)";"44,1401300000";"4,0921100000"
"202100005330";"29";"11";"2021";"13:54";"1";"29";"29051";"1";"1";"8";"1";"Venelle de la Salleverte";"47,9976735100";" -4,0480810400"
"202100005331";"29";"11";"2021";"19:04";"3";"29";"29232";"2";"1";"8";"7";"Boulevard de Poulguinan";"47,9834400000";" -4,1186100000"
"202100005332";"30";"11";"2021";"17:20";"2";"29";"29039";"2";"4";"2";"3";"Quai de la Croix";"47,8694655030";" -3,9189782739"
"202100005333";"1";"12";"2021";"18:35";"5";"27";"27229";"2";"9";"2";"3";"MOULIN (RUE JEAN)";"49,0137800000";"1,1525200000"
"202100005334";"1";"12";"2021";"12:30";"1";"27";"27229";"2";"1";"2";"7";"GAMBETTA (BOULEVARD)";"49,0185000000";"1,1427900000"
"202100005335";"26";"11";"2021";"14:25";"1";"27";"27229";"2";"1";"1";"7";"JOSEPHINE (RUE)";"49,0230640000";"1,1406300000"
"202100005336";"30";"11";"2021";"10:00";"1";"27";"27229";"2";"1";"8";"7";"CORBEAU (RUE CHARLES)";"49,0245300000";"1,1508800000"
"202100005337";"27";"11";"2021";"22:05";"5";"27";"27229";"2";"1";"2";"6";"JOLIOT CURIE (RUE FREDERIC ET IRENE)";"49,0095900000";"1,1608600000"
"202100005338";"29";"11";"2021";"18:30";"3";"25";"25634";"1";"1";"8";"1";"R-N 57.";"46,9341340000";"6,3428240000"
"202100005339";"1";"12";"2021";"14:30";"1";"25";"25056";"2";"3";"3";"3";"DANTON RUE";"47,2464101000";"6,0562605000"
"202100005340";"30";"11";"2021";"18:30";"5";"25";"25056";"2";"1";"2";"6";"LAPLACE   RUE PIERRE";"47,2513640000";"5,9868970000"
"202100005341";"30";"11";"2021";"12:20";"1";"25";"25056";"2";"1";"2";"3";"ILE DE FRANCE AVENUE DE L'";"47,2214700000";"5,9680500000"
"202100005342";"1";"12";"2021";"17:20";"2";"17";"17306";"2";"1";"2";"3";"AMPERE";"45,6311620000";" -0,9970810000"
"202100005343";"1";"12";"2021";"13:40";"1";"17";"17306";"2";"3";"1";"6";"GAMBETTA";"45,6232700000";" -1,0304700000"
"202100005344";"1";"12";"2021";"17:00";"2";"14";"14715";"2";"1";"2";"3";"FERNAND MOUREAUX (BOULEVARD)";"49,3625200000";"0,0857900000"
"202100005345";"1";"12";"2021";"15:40";"1";"14";"14118";"2";"2";"3";"3";"DUNOIS (BOULEVARD)";"49,1839450000";" -0,3866140000"
"202100005346";"29";"11";"2021";"17:25";"3";"14";"14327";"2";"1";"1";"3";"D143";"49,1903800000";" -0,3339800000"
"202100005347";"1";"12";"2021";"16:10";"1";"13";"13203";"2";"1";"8";"3";"GUIBAL (RUE)";"43,3075173101";"5,3871803220"
"202100005348";"1";"12";"2021";"11:35";"1";"13";"13213";"2";"4";"1";"3";"CENTRALE (RUE)";"43,3520200000";"5,4375200000"
"202100005349";"1";"12";"2021";"10:15";"1";"13";"13203";"2";"1";"1";"1";"LOUBON (RUE)";"43,3112700000";"5,3781300000"
"202100005350";"1";"12";"2021";"02:00";"5";"13";"13213";"2";"1";"1";"6";"SAINT JEROME (AVENUE DE)";"43,3282200000";"5,4187300000"
"202100005351";"30";"11";"2021";"18:30";"5";"13";"13213";"2";"3";"1";"3";"Georges CHARPAK (rue)";"43,3442800000";"5,4433400000"
"202100005352";"29";"11";"2021";"18:30";"5";"13";"13205";"2";"1";"1";"2";"JEAN MOULIN (BOULEVARD)";"43,2892500000";"5,3998100000"
"202100005353";"30";"11";"2021";"09:30";"1";"13";"13204";"2";"1";"1";"2";"ALEX. FLEMING (BOULEVARD)";"43,3166000000";"5,3963900000"
"202100005354";"29";"11";"2021";"15:30";"1";"13";"13210";"2";"1";"1";"2";"MIREILLE LAUZE (BOULEVARD)";"43,2824000000";"5,4060800000"
"202100005355";"13";"11";"2021";"16:03";"1";"13";"13201";"2";"2";"1";"3";"BEAUVAU (RUE)";"43,2943932265";"5,3754231385"
"202100005356";"1";"12";"2021";"12:10";"1";"13";"13047";"1";"1";"1";"5";"R.N 569";"43,5301700000";"4,9605200000"
"202100005357";"10";"11";"2021";"12:17";"1";"12";"12145";"2";"3";"2";"3";"CONSTANS LEOPOLD";"44,0995885199";"3,0725374818"
"202100005358";"29";"11";"2021";"17:55";"1";"11";"11262";"2";"3";"1";"3";"LECLERC (AVENUE DU GENERAL)";"43,1788900000";"2,9956000000"
"202100005359";"30";"11";"2021";"08:30";"1";"11";"11069";"2";"6";"1";"3";"CORPS EXPEDIT FRANCAIS D'ITALIE-ROND POI";"43,2130100000";"2,3717000000"
"202100005360";"30";"11";"2021";"15:25";"1";"09";"09225";"1";"1";"1";"6";"CAVE CHEMIN DE";"43,0968400000";"1,6411900000"
"202100005361";"30";"11";"2021";"11:00";"1";"09";"09225";"2";"2";"1";"3";"MAQUISARDS PROMENADE DES";"43,1182730000";"1,6090400000"
"202100005362";"24";"11";"2021";"08:00";"1";"08";"08105";"2";"1";"9";"3";"ARCHES (AVENUE)";"49,7624400000";"4,7192400000"
"202100005363";"29";"11";"2021";"12:20";"1";"07";"07102";"2";"6";"8";"6";"Avenue Georges CLEMENCEAU";"44,9325180000";"4,8696560000"
"202100005364";"30";"11";"2021";"14:50";"1";"06";"06088";"2";"1";"1";"2";"CLUVIER (RUE)";"43,7019030000";"7,2540100000"
"202100005365";"30";"11";"2021";"10:00";"1";"06";"06029";"2";"1";"1";"3";"CLEMENCEAU (RUE GEORGES)";"43,5499260000";"7,0082660000"
"202100005366";"30";"11";"2021";"08:35";"1";"05";"05061";"2";"3";"7";"6";"VILLAROBERT ( RUE DE )";"44,5698500000";"6,0833200000"
"202100005367";"29";"11";"2021";"18:44";"5";"05";"05061";"2";"3";"1";"3";"PRE DE FOIRE ( RUE DU )";"44,5549200000";"6,0745600000"
"202100005368";"1";"12";"2021";"08:50";"1";"04";"04112";"1";"3";"1";"5";"RD 4096";"43,8055900000";"5,7798200000"
"202100005369";"29";"11";"2021";"17:42";"4";"03";"03095";"2";"1";"2";"6";"PARIS (ROUTE DE)";"46,1380500000";"3,4562600000"
"202100005370";"25";"11";"2021";"12:40";"1";"03";"03310";"2";"1";"1";"6";"ALLIER (PLACE D')";"46,1212800000";"3,4230700000"
"202100005371";"29";"11";"2021";"20:15";"5";"75";"75113";"2";"3";"1";"6";"AVENUE D ITALIE";"48,8267720000";"2,3571060000"
"202100005372";"1";"12";"2021";"11:10";"1";"75";"75106";"2";"2";"2";"6";"RUE DE FLEURUS";"48,8470560000";"2,3315690000"
"202100005373";"1";"12";"2021";"11:00";"1";"75";"75105";"2";"2";"3";"3";"QUAI DE LA TOURNELLE";"48,8511310000";"2,3513150000"
"202100005374";"30";"11";"2021";"02:22";"5";"75";"75101";"2";"2";"1";"2";"PONT SAINT MICHEL";"48,8543390000";"2,3449030000"
"202100005375";"1";"12";"2021";"17:55";"2";"75";"75119";"2";"2";"1";"6";"RUE DE L OURCQ";"48,8924430000";"2,3789180000"
"202100005376";"1";"12";"2021";"18:15";"5";"75";"75117";"2";"3";"8";"7";"RUE DE LA FELICITE";"48,8877280000";"2,3113850000"
"202100005377";"1";"12";"2021";"12:45";"1";"75";"75117";"2";"1";"8";"7";"CITE DU BASTION";"48,8934510000";"2,3086430000"
"202100005378";"21";"11";"2021";"19:40";"5";"75";"75116";"2";"1";"2";"7";"RUE MICHEL ANGE";"48,8446350000";"2,2614030000"
"202100005379";"1";"12";"2021";"21:15";"5";"75";"75115";"2";"2";"1";"3";"RUE DU COMMERCE";"48,8461950000";"2,2951810000"
"202100005380";"1";"12";"2021";"18:55";"5";"75";"75115";"2";"2";"1";"6";"RUE DE VAUGIRARD";"48,8414890000";"2,3079510000"
"202100005381";"1";"12";"2021";"07:50";"1";"75";"75114";"2";"2";"1";"3";"RUE JULIA BARTET";"48,8254610000";"2,3023490000"
"202100005382";"1";"12";"2021";"11:22";"1";"75";"75113";"2";"1";"1";"6";"RUE DU CHEVALERET";"48,8285010000";"2,3764940000"
"202100005383";"1";"12";"2021";"07:55";"2";"75";"75110";"2";"1";"2";"3";"RUE DU FAUBOURG SAINT DENIS";"48,8705000000";"2,3530570000"
"202100005384";"1";"12";"2021";"13:50";"1";"75";"75108";"2";"7";"2";"6";"COURS LA REINE";"48,8649190000";"2,3102710000"
"202100005385";"1";"12";"2021";"10:30";"1";"75";"75108";"2";"7";"2";"3";"PLACE DU GENERAL BROCARD";"48,8780720000";"2,3052390000"
"202100005386";"30";"11";"2021";"12:45";"1";"75";"75108";"2";"1";"1";"3";"BOULEVARD MALESHERBES";"48,8726520000";"2,3214420000"
"202100005387";"1";"12";"2021";"19:10";"5";"75";"75104";"2";"2";"2";"7";"BOULEVARD HENRI IV";"48,8526260000";"2,3673630000"
"202100005388";"1";"12";"2021";"08:30";"2";"94";"94068";"2";"1";"2";"6";"Rue du Chemin Vert";"48,8008100000";"2,4709100000"
"202100005389";"30";"11";"2021";"23:20";"5";"94";"94068";"2";"2";"1";"3";"Avenue du Bac";"48,7956000000";"2,5084900000"
"202100005390";"1";"12";"2021";"06:38";"5";"93";"93072";"2";"3";"2";"1";"FRANCOIS BEGUE (AVENUE)";"48,9517300000";"2,3819900000"
"202100005391";"1";"12";"2021";"15:15";"1";"93";"93071";"2";"1";"2";"6";"ALEXEI LEONOV (RUE)";"48,9496154258";"2,5231720968"
"202100005392";"1";"12";"2021";"13:45";"1";"93";"93064";"2";"1";"2";"3";"DE GAULLE (AV DU GENERAL) 58/49 - FIN";"48,8789900000";"2,4784900000"
"202100005393";"1";"12";"2021";"06:55";"5";"93";"93031";"2";"2";"8";"6";"ALLENDE (AVENUE SALVADOR)";"48,9547000000";"2,3080000000"
"202100005394";"1";"12";"2021";"10:20";"1";"93";"93007";"2";"2";"1";"6";"""HENRI BARBUSSE (AVENUE """"DU 01 AU 80"""")";"48,9401662007";"2,4624878168"
"202100005395";"1";"12";"2021";"08:05";"2";"93";"93005";"2";"1";"2";"2";"ANDRE CITROEN (BOULEVARD)";"48,9588760885";"2,4858797436"
"202100005396";"1";"12";"2021";"15:44";"1";"92";"92076";"2";"1";"1";"7";"CAZES";"48,8390760000";"2,1644780000"
"202100005397";"30";"11";"2021";"22:30";"5";"92";"92046";"2";"1";"1";"3";"BROSSOLETTE AVENUE PIERRE";"48,8146300000";"2,3036000000"
"202100005398";"1";"12";"2021";"13:10";"1";"92";"92035";"2";"1";"2";"6";"Sartoris ( rue )";"48,9078800000";"2,2479200000"
"202100005399";"1";"12";"2021";"15:47";"1";"92";"92023";"2";"1";"8";"6";"GENERAL DE GAULLE (AV DU) NÂ°130 A 340 ET";"48,7874481539";"2,2566282749"
"202100005400";"1";"12";"2021";"10:25";"1";"92";"92012";"2";"1";"2";"1";"JEAN JAURES (BOULEVARD) 1/61 - COTE IMPA";"48,8422680641";"2,2386360168"
"202100005401";"30";"11";"2021";"12:40";"1";"92";"92012";"2";"1";"1";"3";"JEAN JAURES (BOULEVARD) 63/215 - 70/208";"48,8408370519";"2,2273077071"
"202100005402";"1";"12";"2021";"19:10";"5";"92";"92049";"2";"1";"8";"2";"Avenue Max Dormoy";"48,8099770875";"2,3199766874"
"202100005403";"1";"12";"2021";"20:20";"5";"92";"92004";"2";"1";"2";"7";"ARGENTEUIL AV D'";"48,9102958951";"2,2859582305"
"202100005404";"1";"12";"2021";"17:40";"5";"35";"35013";"1";"2";"1";"3";"Les 4 Vents";"47,7003210000";" -2,0850370000"
"202100005405";"28";"11";"2021";"15:45";"1";"49";"49244";"1";"1";"1";"6";"La Grande Noue";"47,3565340000";" -0,9288490000"
"202100005406";"2";"12";"2021";"06:45";"3";"49";"49220";"2";"1";"1";"6";"11 Route d Angers";"47,7382950000";" -0,4174430000"
"202100005407";"29";"11";"2021";"01:55";"3";"21";"21599";"1";"1";"1";"2";"A31";"47,6052370000";"5,1967850000"
"202100005408";"11";"11";"2021";"00:43";"3";"01";"01166";"1";"6";"1";"6";"D44";"46,0062630000";"4,7679810000"
"202100005409";"2";"12";"2021";"06:20";"3";"01";"01360";"1";"2";"2";"3";"Route de la Vie de lâEtraz";"46,2141510000";"5,9582000000"
"202100005410";"30";"11";"2021";"12:15";"1";"58";"58086";"2";"1";"1";"1";"11 Chemin des FougÃ¨res";"47,3712860000";"2,9070260000"
"202100005411";"30";"11";"2021";"09:00";"1";"43";"43123";"1";"1";"1";"2";"A75 PK 058+800 sens Sud/Nord";"45,3125030000";"3,2558960000"
"202100005412";"2";"12";"2021";"16:50";"1";"56";"56213";"1";"1";"2";"6";"Kerphilippe";"48,1144300000";" -2,9177550000"
"202100005413";"28";"11";"2021";"07:50";"2";"56";"56040";"1";"1";"1";"1";"Kerchopine";"47,8860900000";" -3,3392230000"
"202100005414";"2";"12";"2021";"08:45";"1";"56";"56184";"1";"1";"8";"1";"Bel-air D775";"47,6878900000";" -2,4639840000"
"202100005415";"29";"11";"2021";"06:25";"2";"67";"67099";"1";"1";"4";"7";"Route dÃ©partementale 8";"48,9482940000";"7,1402120000"
"202100005416";"2";"12";"2021";"09:45";"1";"79";"79202";"2";"6";"1";"3";"33 Av du 114e Regiment dâInfanterie";"46,6449640000";" -0,2511810000"
"202100005417";"1";"12";"2021";"12:35";"1";"32";"32242";"1";"1";"3";"6";"D139";"43,4221930000";"0,5903430000"
"202100005418";"2";"12";"2021";"12:00";"1";"71";"71137";"1";"2";"3";"6";"rd980";"46,4405846165";"4,6527823642"
"202100005419";"2";"12";"2021";"16:50";"2";"68";"68374";"2";"1";"4";"6";"Rue Principale";"48,0602160000";"7,2336390000"
"202100005420";"2";"12";"2021";"16:15";"1";"29";"29227";"1";"1";"2";"1";"Lieu Dit le Guilly";"48,3742830000";" -3,6028720000"
"202100005421";"2";"12";"2021";"16:45";"3";"38";"38343";"1";"1";"2";"1";"D82";"45,5602210000";"5,6226530000"
"202100005422";"2";"12";"2021";"09:40";"1";"01";"01108";"2";"3";"2";"6";"Rte de Franche Comte";"46,3875120000";"5,3475580000"
"202100005423";"30";"11";"2021";"14:31";"1";"70";"70248";"1";"1";"4";"1";"60 Rue de Belfort";"47,6510860000";"6,7612050000"
"202100005424";"1";"12";"2021";"13:30";"1";"70";"70503";"1";"1";"3";"6";"ROUTE DEPARTEMENTALE 15";"47,4322680000";"6,0994290000"
"202100005425";"2";"12";"2021";"15:35";"1";"66";"66053";"1";"1";"1";"6";"Route de la corniche, RD 114";"42,5295320000";"3,0718960000"
"202100005426";"30";"11";"2021";"13:25";"1";"66";"66179";"2";"1";"1";"1";"D3 Avenue Jean Jaures";"42,3868680000";"2,6116990000"
"202100005427";"2";"12";"2021";"10:50";"1";"72";"72168";"1";"3";"1";"4";"La Petite Maison Neuve";"48,0007840000";" -0,1237790000"
"202100005428";"22";"11";"2021";"07:30";"2";"45";"45025";"1";"1";"5";"5";"D97";"48,1747860000";"2,0539280000"
"202100005429";"2";"12";"2021";"04:52";"3";"16";"16137";"1";"3";"5";"6";"carrefour  D4 - D163";"45,6077710000";"0,4751690000"
"202100005430";"28";"11";"2021";"16:40";"1";"04";"04035";"1";"1";"1";"3";"RD 907";"43,9037330000";"6,0308720000"
"202100005431";"1";"12";"2021";"08:50";"1";"17";"17477";"1";"1";"1";"6";"D132e2";"45,9758280000";" -0,1594840000"
"202100005432";"2";"12";"2021";"09:55";"1";"37";"37130";"2";"1";"1";"6";"47 rue aristide briand";"47,0420340000";"0,8184490000"
"202100005433";"1";"12";"2021";"17:25";"5";"37";"37203";"2";"1";"1";"6";"55 Quai de la Loire";"47,4085935669";"0,7576268777"
"202100005434";"1";"12";"2021";"20:45";"3";"30";"30167";"1";"1";"8";"7";"Route dÃ©partementale 51";"44,2716200000";"4,1850000000"
"202100005435";"20";"11";"2021";"23:00";"3";"30";"30077";"1";"1";"1";"3";"N/A";"44,1519850000";"4,0568690000"
"202100005436";"2";"12";"2021";"10:10";"1";"52";"52265";"1";"1";"8";"1";"N67";"48,5418410000";"5,0842240000"
"202100005437";"1";"12";"2021";"13:53";"1";"08";"08311";"1";"1";"8";"1";"Route dÃ©partementale 964";"49,6154440000";"5,0658770000"
"202100005438";"1";"12";"2021";"20:45";"3";"13";"13091";"1";"1";"5";"1";"D543";"43,6212580000";"5,3546760000"
"202100005439";"30";"11";"2021";"13:30";"1";"35";"35189";"1";"1";"1";"7";"Boulevard d Emeraude";"48,1564460000";" -1,7085730000"
"202100005440";"1";"12";"2021";"07:00";"2";"973";"97309";"2";"1";"1";"3";"Route Nationale 3";"4,8901890000";" -52,2876960000"
"202100005441";"1";"12";"2021";"21:15";"3";"01";"01099";"1";"1";"2";"2";"N/A";"45,9082500000";"5,2413920000"
"202100005442";"2";"12";"2021";"07:30";"3";"37";"37039";"1";"1";"1";"1";"D943";"47,0518210000";"1,0905430000"
"202100005443";"30";"11";"2021";"18:40";"3";"11";"11262";"1";"1";"1";"6";"A9";"43,1624150000";"2,9932810000"
"202100005444";"2";"12";"2021";"06:38";"3";"74";"74118";"1";"1";"2";"4";"A40";"46,1733670000";"6,2399230000"
"202100005445";"1";"12";"2021";"20:00";"5";"95";"95250";"2";"1";"1";"6";"230 Avenue Henri Barbusse";"49,0944420000";"2,5020670000"
"202100005446";"1";"12";"2021";"10:10";"1";"987";"98725";"2";"1";"3";"6";"Les Hauts de Mahinarama";" -17,5429750000";" -149,4760010000"
"202100005447";"1";"12";"2021";"19:25";"3";"973";"97313";"1";"1";"2";"6";"Avenue des 2 Fromagers";"4,9015860000";" -52,5164250000"
"202100005448";"15";"11";"2021";"07:45";"3";"33";"33199";"2";"1";"1";"3";"Rue de la BarbotiÃ¨re";"44,6428150000";" -1,0601380000"
"202100005449";"1";"12";"2021";"14:43";"1";"34";"34213";"1";"1";"2";"3";"D2e5";"43,4733840000";"3,6794760000"
"202100005450";"2";"12";"2021";"12:30";"1";"34";"34272";"1";"3";"1";"3";"D 24";"43,6514090000";"4,1049390000"
"202100005451";"30";"11";"2021";"13:00";"1";"06";"06077";"1";"1";"1";"1";"rd 2566 pk 3+300";"43,8619890000";"7,3471780000"
"202100005452";"1";"12";"2021";"14:30";"1";"13";"13041";"1";"1";"1";"2";"D6";"43,4489930000";"5,4478240000"
"202100005453";"1";"12";"2021";"16:15";"1";"74";"74201";"2";"1";"2";"1";"705 Route de la Forge";"46,1188410000";"6,1106090000"
"202100005454";"30";"11";"2021";"10:15";"1";"38";"38148";"1";"1";"8";"1";"route de la chapelle";"45,6151330000";"5,4651190000"
"202100005455";"2";"12";"2021";"15:40";"1";"85";"85247";"1";"1";"1";"6";"Rue du bocage";"46,9617890000";" -1,0547630000"
"202100005456";"1";"12";"2021";"16:45";"1";"14";"14737";"1";"3";"3";"1";"D511";"48,9201500000";" -0,1854240000"
"202100005457";"2";"12";"2021";"15:50";"1";"27";"27275";"2";"4";"1";"6";"14 Rue Jean-Moulin";"49,1620210000";"1,3379290000"
"202100005458";"2";"12";"2021";"13:30";"1";"60";"60338";"2";"1";"1";"3";"Rue de Bourgogne";"49,3564360000";"2,7956640000"
"202100005459";"1";"12";"2021";"15:20";"1";"62";"62557";"2";"4";"1";"3";"Rue de la Gare";"50,3217170000";"2,7012800000"
"202100005460";"21";"06";"2021";"17:00";"1";"69";"69029";"1";"1";"1";"4";"A43   3.353 A 3.865";"45,7283600000";"4,9035600000"
"202100005461";"1";"12";"2021";"05:30";"3";"91";"91086";"1";"1";"2";"2";"RN 104";"48,6235600000";"2,3910500000"
"202100005462";"1";"12";"2021";"08:45";"1";"92";"92064";"1";"1";"1";"7";"A13";"48,8393233433";"2,2181925165"
"202100005463";"1";"12";"2021";"06:50";"3";"78";"78672";"1";"1";"2";"4";"A13";"48,9287010000";"1,9885590000"
"202100005464";"1";"12";"2021";"19:40";"4";"93";"93066";"1";"1";"1";"3";"AUTOROUTE A1";"48,9252400000";"2,3569200000"
"202100005465";"1";"12";"2021";"14:50";"1";"93";"93027";"1";"1";"2";"7";"AUTOROUTE A86";"48,9285700000";"2,4151700000"
"202100005466";"30";"11";"2021";"23:30";"3";"93";"93053";"1";"1";"1";"3";"AUTOROUTE A3";"48,8822100000";"2,4553300000"
"202100005467";"27";"09";"2021";"07:17";"2";"74";"74305";"2";"1";"2";"6";"MONTREAL (ALLEE DE)";"46,2053690092";"6,2819695473"
"202100005468";"24";"09";"2021";"08:10";"1";"74";"74305";"2";"1";"1";"1";"ROTONDE (RUE DE LA)";"46,2015100000";"6,2358700000"
"202100005469";"12";"09";"2021";"10:50";"1";"74";"74229";"2";"3";"1";"3";"R des Allobroges";"46,2263640000";"6,3147330000"
"202100005470";"7";"09";"2021";"14:40";"1";"74";"74042";"2";"1";"1";"6";"Pl de l Hotel de Ville";"46,0773910000";"6,4082370000"
"202100005471";"7";"09";"2021";"06:00";"2";"74";"74220";"1";"1";"1";"1";"RD 02 lieu dit Turnier";"46,1510671000";"6,2544290000"