"Num_Acc";"jour";"mois";"an";"hrmn";"lum";"dep";"com";"agg";"int";"atm";"col";"adr";"lat";"long"
"202100005660";"28";"11";"2021";"22:35";"3";"94";"94079";"2";"1";"1";"6";"Boulevard Georges MÃ©liÃ¨s";"48,8345500000";"2,5352300000"
"202100005661";"29";"11";"2021";"12:00";"1";"94";"94017";"2";"1";"1";"6";"Rue Dupertuis";"48,8141000000";"2,5104400000"
"202100005662";"29";"11";"2021";"13:10";"1";"94";"94075";"2";"9";"8";"7";"Rue de Mandres";"48,7120800000";"2,5388900000"
"202100005663";"29";"11";"2021";"19:00";"5";"93";"93070";"2";"1";"1";"6";"JEAN-JAURES (BD)";"48,9141775223";"2,3364944693"
"202100005664";"29";"11";"2021";"12:30";"1";"93";"93070";"2";"1";"1";"6";"GABRIEL-PERI (AV)";"48,9013100000";"2,3302400000"
"202100005665";"29";"11";"2021";"17:20";"5";"93";"93066";"2";"1";"1";"7";"""LANDY RD 20, NR IMPAIRS 1 A 144""";"48,9154529207";"2,3595227801"
"202100005666";"29";"11";"2021";"06:50";"5";"93";"93064";"2";"1";"9";"6";"PERI (BOULEVARD GABRIEL)  0 - 37 / 42";"48,8778124150";"2,4745416641"
"202100005667";"29";"11";"2021";"00:20";"5";"93";"93064";"2";"9";"2";"3";"PERI (BOULEVARD GABRIEL) 39 / 44 - FIN";"48,8770591812";"2,4780178070"
"202100005668";"29";"11";"2021";"18:05";"4";"93";"93050";"2";"3";"8";"6";"AUVERGNE (RUE)";"48,8686600000";"2,5298800000"
"202100005669";"29";"11";"2021";"11:40";"1";"93";"93005";"2";"1";"1";"3";"ANDRE CITROEN (BOULEVARD)";"48,9588359368";"2,4858318382"
"202100005670";"29";"11";"2021";"15:10";"1";"92";"92049";"2";"1";"1";"6";"PERI RUE GABRIEL NÂ°1 A 35";"48,8177956741";"2,3236888647"
"202100005671";"29";"11";"2021";"12:49";"1";"92";"92049";"2";"1";"1";"2";"BRIAND AVENUE ARISTIDE NÂ°2 A 114";"48,8151800000";"2,3256800000"
"202100005672";"28";"11";"2021";"19:30";"5";"92";"92036";"2";"2";"1";"6";"LUCETTE MAZALAIGUE";"48,9335072960";"2,2869560122"
"202100005673";"29";"11";"2021";"17:00";"2";"92";"92009";"2";"1";"1";"6";"CHARLES CHEFSON ( RUE )";"48,9187392110";"2,2742289305"
"202100005674";"27";"10";"2021";"23:30";"5";"92";"92004";"2";"1";"1";"3";"DOCTEUR DERVAUX  ( QUAI DU )";"48,9112160968";"2,2983902693"
"202100005675";"29";"11";"2021";"10:39";"1";"76";"76245";"1";"9";"1";"5";"A 151 - PK 005+650";"49,5457760000";"1,0373500000"
"202100005676";"30";"11";"2021";"11:10";"1";"73";"73286";"2";"2";"1";"6";"D991";"45,8812290000";"5,8433370000"
"202100005677";"21";"11";"2021";"17:00";"3";"42";"42331";"1";"1";"5";"1";"Route du Col du Bouchet";"45,9676400000";"3,9416130000"
"202100005678";"29";"11";"2021";"21:45";"3";"83";"83130";"1";"1";"6";"2";"Autoroute A57 sortie nÂ° 7";"43,1948640000";"6,0401950000"
"202100005679";"29";"11";"2021";"17:10";"3";"42";"42231";"1";"2";"8";"3";"Route de Saint Forgeux";"46,0945580000";"3,9416460000"
"202100005680";"30";"11";"2021";"10:25";"1";"06";"06064";"2";"1";"1";"6";"montÃ©e du chateau";"43,7611230000";"7,1786410000"
"202100005681";"27";"11";"2021";"18:27";"3";"83";"83049";"1";"6";"1";"6";"rond point de la foux - RD 43";"43,2532830000";"6,0642170000"
"202100005682";"30";"11";"2021";"00:10";"3";"59";"59088";"1";"1";"2";"6";"Rue Jean-Baptiste Messean";"50,6372000000";"2,8730750000"
"202100005683";"30";"11";"2021";"08:15";"1";"30";"30315";"1";"1";"1";"5";"Route Nationale 100";"43,9497910000";"4,7025990000"
"202100005684";"24";"11";"2021";"16:45";"3";"57";"57505";"1";"1";"1";"2";"D45";"48,7021810000";"7,1199350000"
"202100005685";"30";"11";"2021";"13:40";"1";"79";"79242";"1";"1";"1";"1";"N/A";"46,9442050000";" -0,5278050000"
"202100005686";"30";"11";"2021";"18:25";"5";"80";"80274";"2";"1";"2";"6";"30 rue AndrÃ© DELORME";"49,7359050000";"3,0498430000"
"202100005687";"29";"11";"2021";"06:00";"3";"65";"65437";"1";"1";"1";"7";"D929 tajan";"43,1807950000";"0,4444530000"
"202100005688";"30";"11";"2021";"15:15";"1";"89";"89276";"1";"1";"2";"1";"N77";"48,0554940000";"3,8007760000"
"202100005689";"29";"11";"2021";"17:30";"3";"38";"38180";"1";"1";"4";"1";"D518";"45,3645460000";"5,2925840000"
"202100005690";"29";"11";"2021";"12:30";"1";"02";"02558";"2";"9";"2";"6";"1 Rue Jean Vimont Vicary";"50,0165800000";"3,7838020000"
"202100005691";"30";"11";"2021";"08:50";"1";"06";"06059";"1";"1";"1";"6";"Avenue des Diables Bleus";"43,7364680000";"7,3561840000"
"202100005692";"30";"11";"2021";"12:00";"1";"05";"05087";"1";"3";"1";"2";"D994";"44,5517780000";"5,8645910000"
"202100005693";"29";"11";"2021";"18:00";"3";"50";"50352";"1";"1";"1";"7";"route des CARRIERES";"49,1349040000";" -1,2381290000"
"202100005694";"29";"11";"2021";"11:20";"1";"45";"45083";"2";"3";"1";"3";"Avenue du General de Gaulle ";"47,9324110000";"2,9169610000"
"202100005695";"30";"11";"2021";"17:25";"3";"21";"21272";"1";"1";"2";"1";"RD980";"47,4394670000";"4,3111250000"
"202100005696";"30";"11";"2021";"12:30";"1";"40";"40001";"2";"1";"1";"1";"Rue du 13 Juin";"43,7041810000";" -0,2617730000"
"202100005697";"30";"11";"2021";"00:30";"3";"85";"85127";"1";"1";"5";"6";"D105";"46,3786830000";" -1,4653120000"
"202100005698";"29";"11";"2021";"16:50";"1";"78";"78455";"1";"1";"1";"6";"Route Nationale 307";"48,8435650000";"2,0566530000"
"202100005699";"26";"11";"2021";"15:05";"1";"976";"97603";"1";"1";"1";"2";"ROUTE NATIONALE 3 - SAKOULI";" -12,8880030000";"45,2115830000"
"202100005700";"30";"11";"2021";"06:30";"3";"13";"13114";"1";"1";"1";"2";"Autoroute A8, pk 007+860";"43,5523620000";"5,3137730000"
"202100005701";"24";"11";"2021";"07:40";"4";"34";"34123";"2";"1";"3";"6";"Rue du Pergasan";"43,6185160000";"3,7913560000"
"202100005702";"24";"11";"2021";"15:45";"1";"987";"98758";"1";"3";"1";"3";"Route 131";" -16,7429830000";" -151,4577900000"
"202100005703";"29";"11";"2021";"17:20";"2";"971";"97126";"1";"1";"1";"2";"section boisvins";"15,9559240000";" -61,2380930000"
"202100005704";"28";"11";"2021";"16:15";"1";"77";"77340";"1";"3";"1";"6";"D403";"48,2770240000";"2,7578040000"
"202100005705";"25";"11";"2021";"12:10";"1";"2B";"2B042";"2";"3";"1";"6";"Avenue de Borgo - Sortie du parking ""Marana sport""";"42,5524640000";"9,4419520000"
"202100005706";"29";"11";"2021";"18:05";"3";"34";"34166";"1";"1";"1";"1";"DÃ©partementale 18";"43,4006200000";"3,3432770000"
"202100005707";"30";"11";"2021";"14:30";"1";"84";"84138";"2";"1";"1";"6";"Avenue Charles de Gaulle";"44,3842000000";"4,9876050000"
"202100005708";"28";"11";"2021";"03:00";"3";"13";"13015";"1";"1";"1";"2";"D60";"43,4443240000";"5,4382910000"
"202100005709";"29";"11";"2021";"09:36";"1";"57";"57206";"2";"1";"7";"6";"1 Avenue Francois Mitterrand";"49,3073220000";"6,1181510000"
"202100005710";"25";"11";"2021";"16:30";"1";"42";"42168";"2";"1";"8";"6";"Rue de lâAncienne Poste";"45,4165430000";"4,6761200000"
"202100005711";"24";"11";"2021";"17:43";"5";"09";"09160";"2";"1";"3";"6";"Avenue du Docteur Bernadac";"42,9317690000";"1,8513840000"
"202100005712";"30";"11";"2021";"13:00";"1";"59";"59011";"2";"1";"2";"6";"27 Rue de la France";"50,5318610000";"2,9323120000"
"202100005713";"25";"11";"2021";"12:05";"1";"13";"13071";"1";"1";"3";"2";"A7-Sens Marseille vers Lyon";"43,4126100000";"5,2818760000"
"202100005714";"25";"11";"2021";"08:07";"1";"13";"13055";"1";"1";"3";"1";"A507 sens Marseille - Aubagne";"43,3011800000";"5,4249100000"
"202100005715";"25";"11";"2021";"09:00";"1";"13";"13019";"1";"1";"3";"2";"A51-Sens Aix en Provence vers Marseille";"43,4242360000";"5,3747870000"
"202100005716";"25";"11";"2021";"23:40";"3";"83";"83090";"1";"1";"2";"6";"A50";"43,1221000000";"5,8303800000"
"202100005717";"26";"11";"2021";"19:30";"5";"69";"69385";"1";"1";"1";"2";"M6  453.400 A 455.000";"45,7582392974";"4,8124998808"
"202100005718";"27";"11";"2021";"18:10";"3";"54";"54150";"1";"1";"2";"4";"Autoroute A 31";"48,7744200000";"6,1440900000"
"202100005719";"29";"11";"2021";"09:05";"1";"33";"33122";"1";"1";"2";"4";"AUTOROUTE A 63";"44,7286300000";" -0,7281000000"
"202100005720";"29";"11";"2021";"08:26";"2";"33";"33318";"1";"1";"2";"7";"ROCADE A 630";"44,7890390000";" -0,6222050000"
"202100005721";"29";"11";"2021";"13:28";"1";"94";"94038";"1";"1";"1";"2";"AUTOROUTE A6A";"48,7787800000";"2,3462500000"
"202100005722";"29";"11";"2021";"11:45";"1";"91";"91161";"1";"1";"1";"3";"AUTOROUTE A6";"48,7018000000";"2,3081000000"
"202100005723";"29";"11";"2021";"09:47";"1";"91";"91161";"1";"1";"1";"2";"AUTOROUTE A6";"48,7024100000";"2,3077500000"
"202100005724";"29";"11";"2021";"07:45";"3";"91";"91161";"1";"1";"1";"3";"AUTOROUTE A6";"48,7105200000";"2,3074900000"
"202100005725";"29";"11";"2021";"19:08";"3";"78";"78423";"1";"1";"1";"4";"A12 Y";"48,7875760000";"2,0363870000"
"202100005726";"29";"11";"2021";"08:40";"2";"78";"78238";"1";"1";"1";"6";"A13";"48,9705900000";"1,8764200000"
"202100005727";"29";"11";"2021";"19:00";"3";"92";"92036";"1";"1";"1";"3";"AUTOROUTE A86";"48,9383700387";"2,3001401108"
"202100005728";"29";"11";"2021";"15:30";"1";"93";"93064";"1";"1";"1";"3";"AUTOROUTE A3";"48,8860600000";"2,4731500000"
"202100005729";"29";"11";"2021";"13:55";"1";"93";"93053";"1";"1";"1";"5";"AUTOROUTE A3";"48,8944100000";"2,4718400000"
"202100005730";"29";"11";"2021";"06:50";"2";"93";"93064";"1";"1";"4";"5";"AUTOROUTE A86";"48,8625729081";"2,4829101070"
"202100005731";"29";"11";"2021";"07:20";"5";"93";"93066";"1";"1";"1";"6";"AUTOROUTE A1";"48,9103099064";"2,3579760625"
"202100005732";"29";"11";"2021";"03:15";"3";"92";"92036";"1";"1";"1";"3";"AUTOROUTE A15";"48,9464707688";"2,2824191861"
"202100005733";"29";"11";"2021";"11:30";"1";"77";"77258";"1";"1";"1";"6";"RN104";"48,8246450000";"2,6156700000"
"202100005734";"29";"11";"2021";"11:20";"1";"94";"94028";"1";"1";"1";"2";"A86 EXT";"48,7909842153";"2,4405614586"
"202100005735";"28";"11";"2021";"17:45";"4";"82";"82121";"2";"1";"1";"6";"330 Avenue Marcel Unal";"44,0074300000";"1,3805800000"
"202100005736";"27";"11";"2021";"19:20";"5";"987";"98735";"2";"9";"1";"3";"GAUGUIN (RUE BLOC QTIER LATIN)";" -17,5379700000";" -149,5674310000"
"202100005737";"28";"11";"2021";"19:00";"5";"973";"97302";"2";"1";"1";"6";"BADUEL (ROUTE DE)";"4,9320800000";" -52,3075900000"
"202100005738";"28";"11";"2021";"18:00";"2";"973";"97302";"2";"1";"1";"3";"RABAN (ROUTE DE)";"4,9333558357";" -52,3131699264"
"202100005739";"27";"11";"2021";"23:35";"5";"973";"97302";"2";"1";"1";"6";"MADELEINE (ROUTE DE LA)";"4,9134536992";" -52,3207468987"
"202100005740";"27";"11";"2021";"02:00";"5";"973";"97302";"2";"1";"1";"3";"BARTHELEMY (RENE)";"4,9343590061";" -52,3305979371"
"202100005741";"27";"11";"2021";"03:20";"5";"972";"97213";"1";"1";"1";"6";"ROUTE NATIONALE 5";"14,5935000000";" -60,9836000000"
"202100005742";"28";"11";"2021";"21:30";"5";"95";"95268";"2";"1";"2";"4";"AV DE STALINGRAD";"48,9597617953";"2,3990857601"
"202100005743";"27";"11";"2021";"11:15";"1";"90";"90010";"2";"2";"4";"3";"KENNEDY (BOULEVARD)";"47,6346900000";"6,8384500000"
"202100005744";"28";"11";"2021";"08:50";"1";"83";"83137";"2";"1";"1";"6";"REBOUL (RUE PILOTE PIERRE)";"43,1127531329";"5,9424179792"
"202100005745";"28";"11";"2021";"21:05";"5";"83";"83069";"2";"1";"1";"5";"AVENUE RITONDALE LEOPOLD";"43,1135900000";"6,1296300000"
"202100005746";"28";"11";"2021";"10:25";"1";"77";"77186";"1";"4";"2";"6";"D58";"48,3852900000";"2,7210100000"
"202100005747";"28";"11";"2021";"07:55";"1";"76";"76681";"2";"2";"2";"3";"INDUSTRIEL. BOULEVARD (CD 18E)";"49,4032000000";"1,1106000000"
"202100005748";"28";"11";"2021";"01:50";"5";"76";"76540";"2";"1";"2";"7";"Avenue de Bretagne";"49,4311500000";"1,0800500000"
"202100005749";"28";"11";"2021";"19:25";"5";"71";"71076";"2";"3";"1";"5";"Quai Sainte-Marie";"46,7823230379";"4,8609721509"
"202100005750";"28";"11";"2021";"05:45";"5";"64";"64102";"2";"1";"2";"1";"AllÃ©e de la PiÃ¨ce NoyÃ©e";"43,4995700000";" -1,4818200000"
"202100005751";"27";"11";"2021";"08:35";"2";"59";"59339";"2";"1";"2";"6";"GAMBETTA (RUE LEON)";"50,6805506248";"3,2541423654"
"202100005752";"28";"11";"2021";"17:30";"5";"59";"59017";"2";"1";"2";"6";"DEPORTES (RUE DES)";"50,6864522272";"2,8940126004"
"202100005753";"28";"11";"2021";"18:00";"5";"54";"54395";"2";"3";"1";"3";"ALIX  (RUE THIERRY)";"48,6849351587";"6,1753864261"
"202100005754";"28";"11";"2021";"10:45";"1";"45";"45234";"2";"1";"1";"3";"GENERAL PATTON (AVENUE DU )";"47,9151800000";"1,9014400000"
"202100005755";"28";"11";"2021";"18:50";"5";"33";"33069";"2";"3";"1";"3";"RUE DE CAUDERAN";"44,8629000000";" -0,6114200000"
"202100005756";"28";"11";"2021";"15:05";"1";"33";"33249";"2";"1";"8";"1";"Avenue Carnot";"44,8657000000";" -0,5140200000"
"202100005757";"28";"11";"2021";"09:55";"1";"31";"31555";"2";"1";"1";"3";"AV DES ETATS UNIS";"43,6454900000";"1,4268400000"
"202100005758";"28";"08";"2021";"06:40";"2";"31";"31555";"2";"1";"1";"2";"12 LES IZARDS (PERIPH EST A62)";"43,6467700000";"1,4491100000"
"202100005759";"27";"11";"2021";"15:10";"1";"30";"30007";"2";"1";"1";"1";"LAURIERS (MONTEE DES)";"44,1333300000";"4,0696800000"
"202100005760";"28";"11";"2021";"09:30";"1";"29";"29232";"2";"1";"1";"6";"Rue Alfred de Musset";"47,9898474000";" -4,1069501000"
"202100005761";"28";"11";"2021";"17:30";"3";"27";"27375";"1";"1";"8";"6";"ELBEUF (ROUTE D')";"49,2286600000";"1,1460500000"
"202100005762";"27";"11";"2021";"19:35";"5";"22";"22278";"2";"1";"6";"6";"LOUCHEUR (AV.)";"48,5156000000";" -2,7370200000"
"202100005763";"28";"11";"2021";"18:10";"5";"13";"13209";"2";"1";"1";"2";"GASTON RAMON (BOULEVARD)";"43,2669929298";"5,3962571254"
"202100005764";"28";"11";"2021";"14:00";"1";"13";"13205";"2";"1";"1";"3";"BAILLE (BOULEVARD)";"43,2880100000";"5,3950400000"
"202100005765";"28";"11";"2021";"18:50";"3";"13";"13047";"1";"1";"1";"1";"D.10";"43,5948400000";"4,9621100000"
"202100005766";"27";"11";"2021";"20:45";"5";"13";"13028";"2";"1";"1";"3";"ROUMANILLE (AVENUE JOSEPH)";"43,2006637440";"5,6231100028"
"202100005767";"14";"11";"2021";"19:00";"3";"12";"12145";"1";"1";"1";"5";"CAVALERIE (COTE DE LA )";"44,0882900000";"3,0876200000"
"202100005768";"28";"11";"2021";"21:20";"5";"06";"06083";"2";"1";"1";"6";"PARTOUNEAUX (RUE)";"43,7747700000";"7,5007400000"
"202100005769";"26";"11";"2021";"08:43";"1";"06";"06083";"2";"1";"1";"6";"DELATTRE DE TASSIGNY (ALLEE)";"43,7891900000";"7,4927300000"
"202100005770";"29";"11";"2021";"01:07";"5";"06";"06069";"2";"4";"1";"3";"CANNES (ROUTE DE)  -RD 6085-";"43,6394800000";"6,9494400000"
"202100005771";"28";"11";"2021";"08:40";"1";"06";"06123";"2";"1";"1";"3";"MOATTI PASSAGE";"43,6610960000";"7,1925810000"
"202100005772";"27";"11";"2021";"12:55";"1";"75";"75113";"2";"1";"2";"2";"PORTE D IVRY";"48,8183970000";"2,3693470000"
"202100005773";"28";"11";"2021";"00:48";"5";"75";"75120";"2";"2";"2";"6";"AVENUE LEON GAUMONT";"48,8492570000";"2,4161730000"
"202100005774";"28";"11";"2021";"11:45";"1";"75";"75119";"2";"7";"2";"7";"PLACE AUGUSTE BARON";"48,9003280000";"2,3871250000"
"202100005775";"28";"11";"2021";"09:30";"1";"75";"75118";"2";"7";"2";"1";"AVENUE DE LA PORTE D AUBERVILLIERS";"48,9013920000";"2,3702530000"
"202100005776";"28";"11";"2021";"16:30";"1";"75";"75117";"2";"5";"1";"6";"BOULEVARD DES BATIGNOLLES";"48,8830140000";"2,3242600000"
"202100005777";"27";"11";"2021";"21:40";"5";"75";"75117";"2";"4";"2";"6";"AVENUE DE CLICHY";"48,8923950000";"2,3170690000"
"202100005778";"27";"11";"2021";"20:20";"5";"75";"75115";"2";"2";"2";"6";"RUE DE LA CONVENTION";"48,8372330000";"2,2964380000"
"202100005779";"27";"11";"2021";"03:25";"5";"75";"75113";"2";"2";"2";"7";"RUE DE TOLBIAC";"48,8259450000";"2,3452130000"
"202100005780";"28";"11";"2021";"14:15";"1";"75";"75109";"2";"2";"1";"3";"RUE LA FAYETTE";"48,8744120000";"2,3382170000"
"202100005781";"28";"11";"2021";"09:20";"1";"75";"75107";"2";"2";"2";"3";"AVENUE DE SEGUR";"48,8497440000";"2,3080000000"
"202100005782";"27";"11";"2021";"05:10";"5";"75";"75108";"2";"6";"8";"3";"AVENUE DES CHAMPS ELYSEES";"48,8690040000";"2,3103550000"
"202100005783";"28";"11";"2021";"19:51";"3";"94";"94073";"1";"1";"8";"3";"A86 EXT";"48,7720000000";"2,3961300000"
"202100005784";"28";"11";"2021";"18:10";"5";"93";"93071";"2";"1";"1";"4";"JOHN F. KENNEDY (AVENUE)";"48,9389700000";"2,5387100000"
"202100005785";"27";"11";"2021";"20:08";"5";"93";"93039";"2";"1";"2";"5";"PONT DE SAINT OUEN";"48,9186973291";"2,3286660533"
"202100005786";"27";"11";"2021";"21:30";"5";"93";"93064";"2";"1";"2";"2";"GARDEBLED (RUE RICHARD)";"48,8760160000";"2,4841730000"
"202100005787";"28";"11";"2021";"23:00";"3";"93";"93005";"2";"1";"1";"6";"GEORGES BRAQUE (BOULEVARD)";"48,9566100000";"2,4794200000"
"202100005788";"28";"11";"2021";"15:10";"1";"92";"92020";"2";"2";"1";"3";"PARIS AVENUE DE NÂ° IMPAIRS";"48,8069885734";"2,2935555875"
"202100005789";"26";"08";"2021";"08:20";"1";"51";"51334";"1";"1";"1";"7";"N4";"48,7126187865";"4,6386627277"
"202100005790";"29";"11";"2021";"16:25";"1";"01";"01359";"1";"1";"1";"6";"dÃ©partementale 7";"46,0661740000";"5,0560710000"
"202100005791";"28";"11";"2021";"20:00";"3";"95";"95395";"1";"1";"2";"5";"RD 316";"49,0421580000";"2,3966930000"
"202100005792";"27";"11";"2021";"19:15";"3";"17";"17373";"1";"2";"1";"3";"cd 109";"46,1455660000";" -0,9854010000"
"202100005793";"26";"11";"2021";"21:48";"5";"41";"41067";"2";"1";"1";"6";"46 Rue Nationale";"47,5089260000";"1,4533460000"
"202100005794";"28";"11";"2021";"19:45";"5";"95";"95313";"2";"1";"1";"2";"Avenue Michel Poniatowski";"49,1138080000";"2,2274960000"
"202100005795";"29";"11";"2021";"07:50";"1";"01";"01353";"1";"1";"1";"5";"D936";"45,9754030000";"4,7856620000"
"202100005796";"28";"11";"2021";"11:20";"1";"22";"22190";"1";"1";"1";"6";"RN 176 - PR : 05+800";"48,5185660000";" -2,0386930000"
"202100005797";"29";"11";"2021";"13:00";"1";"19";"19250";"1";"1";"1";"2";"autoroute a20 pk 227, sens 2";"45,5121060000";"1,5153840000"
"202100005798";"29";"11";"2021";"03:05";"3";"60";"60176";"2";"1";"1";"7";"D25";"49,2249710000";"2,9052300000"
"202100005799";"25";"11";"2021";"23:45";"3";"44";"44033";"1";"1";"8";"6";"N171; PK 68+800; sens SAINT-NAZAIRE - NANTES";"47,3598880000";" -1,9676470000"
"202100005800";"28";"11";"2021";"18:00";"3";"62";"62086";"2";"1";"4";"3";"Route Nationale";"50,2123940000";"2,5550400000"
"202100005801";"28";"11";"2021";"03:00";"5";"34";"34095";"2";"1";"1";"1";"d613 devant nÂ°56 bis avenue Georges ClÃ©menceau";"43,5463550000";"3,7765930000"
"202100005802";"26";"11";"2021";"17:15";"3";"51";"51278";"1";"1";"2";"3";"D944";"49,0825630000";"4,2808590000"
"202100005803";"29";"11";"2021";"12:00";"1";"59";"59601";"2";"2";"7";"3";"Rue Chartiaux";"50,0566841238";"4,1022158676"
"202100005804";"29";"11";"2021";"08:20";"1";"80";"80580";"1";"1";"8";"7";"D12";"50,3379300000";"1,7763840000"
"202100005805";"24";"11";"2021";"17:45";"5";"89";"89264";"2";"2";"2";"3";"Grande Rue";"48,1728040000";"3,0286320000"
"202100005806";"28";"10";"2021";"11:30";"1";"89";"89086";"2";"3";"1";"1";"D16";"47,8598790000";"3,0410240000"
"202100005807";"29";"11";"2021";"12:30";"1";"61";"61486";"1";"1";"8";"5";"Lieu Dit la Brigaudiere";"48,7615610000";" -0,6820160000"
"202100005808";"29";"11";"2021";"09:50";"1";"44";"44069";"2";"6";"1";"6";"Boulevard du 19 Mars 1962";"47,3356680000";" -2,4285980000"
"202100005809";"27";"11";"2021";"18:30";"5";"44";"44178";"2";"1";"2";"6";"Rue du ChÃ¢teau";"47,1138970000";" -1,7379640000"
"202100005810";"26";"11";"2021";"10:45";"1";"38";"38035";"1";"4";"8";"4";"CD518";"45,5093390000";"5,0840950000"
"202100005811";"28";"11";"2021";"20:45";"3";"02";"02671";"1";"1";"2";"6";"Rue de Saint Paul";"49,5241150000";"3,1963880000"
"202100005812";"27";"11";"2021";"18:00";"5";"58";"58058";"2";"1";"2";"6";"Croisy";"47,4035340000";"3,3456370000"
"202100005813";"28";"11";"2021";"15:50";"1";"66";"66193";"1";"1";"1";"7";"pk 52+500";"42,5690120000";"2,3280930000"
"202100005814";"25";"11";"2021";"14:10";"1";"14";"14318";"2";"1";"1";"6";"Rue de la Demelee";"49,3278350000";" -0,4769500000"
"202100005815";"29";"11";"2021";"18:00";"3";"50";"50453";"1";"1";"1";"3";"D924";"48,8336260000";" -1,1808510000"
"202100005816";"27";"11";"2021";"12:10";"1";"16";"16342";"1";"2";"8";"3";"Chez Rondeau";"45,5440090000";" -0,2731560000"
"202100005817";"28";"11";"2021";"15:05";"1";"53";"53189";"1";"1";"1";"3";"La Petite Basse Cour";"48,4983720000";" -0,5073560000"
"202100005818";"27";"11";"2021";"08:50";"1";"85";"85031";"1";"3";"1";"3";"Rue du Petit Bois";"46,7896450000";" -0,9308230000"
"202100005819";"16";"11";"2021";"12:50";"1";"37";"37203";"2";"1";"1";"1";"91 Quai de la Loire";"47,4102899751";"0,7764869457"
"202100005820";"28";"11";"2021";"00:25";"5";"987";"98734";"1";"1";"1";"7";"PK 29+800";" -17,7220550000";" -149,4046530000"
"202100005821";"23";"11";"2021";"19:00";"5";"35";"35059";"2";"3";"8";"5";"Rue de Rennes";"48,1754590000";" -1,7294780000"
"202100005822";"29";"11";"2021";"12:40";"1";"33";"33284";"1";"9";"2";"2";"A63";"44,6229980000";" -0,8492840000"
"202100005823";"27";"11";"2021";"16:00";"1";"987";"98744";"1";"2";"1";"1";"Vitaria";" -22,4493830000";" -151,3768230000"
"202100005824";"26";"11";"2021";"17:45";"3";"37";"37060";"2";"2";"1";"3";"23 rue de la loire";"47,4367419762";"1,0584908724"
"202100005825";"29";"11";"2021";"01:25";"5";"2B";"2B042";"2";"6";"1";"1";"1060 Avenue de Borgo";"42,5589510000";"9,4415480000"
"202100005826";"29";"11";"2021";"14:05";"1";"67";"67300";"2";"5";"1";"1";"avenue de la gare";"48,5359030000";"7,4985980000"
"202100005827";"28";"11";"2021";"00:18";"3";"38";"38449";"1";"3";"4";"1";"D75";"45,6279380000";"5,0923560000"
"202100005828";"27";"11";"2021";"12:30";"1";"81";"81273";"1";"1";"2";"6";"route des calmettes";"43,5876619816";"2,1360894665"
"202100005829";"14";"11";"2021";"16:00";"1";"65";"65451";"2";"1";"2";"1";"22 rue des PyrÃ©nÃ©es";"43,1013200000";"0,1201200000"
"202100005830";"25";"11";"2021";"12:10";"1";"47";"47263";"1";"1";"1";"1";"Route de Gontaud";"44,4758120000";"0,2175220000"
"202100005831";"28";"11";"2021";"02:00";"3";"33";"33227";"1";"1";"1";"6";"Bois de la Mourasse";"44,5233300000";" -0,2357230000"
"202100005832";"27";"11";"2021";"02:12";"3";"33";"33436";"1";"2";"2";"3";"Route de Louchats";"44,5213560000";" -0,6268220000"
"202100005833";"26";"07";"2021";"19:41";"1";"33";"33284";"1";"1";"1";"7";"Route de Lagnet";"44,6218670000";" -0,8752640000"
"202100005834";"28";"11";"2021";"14:57";"1";"22";"22343";"2";"1";"2";"1";"RD 788, Lieu dit Goas Treiz";"48,7782240000";" -3,5792040000"
"202100005835";"14";"11";"2021";"23:30";"5";"62";"62056";"2";"1";"1";"6";"177 Rue Pierre de Wissant";"50,8256100000";"1,5924490000"
"202100005836";"27";"11";"2021";"16:15";"1";"13";"13211";"1";"1";"8";"2";"A50-Sens Marseille vers Aubagne";"43,2947808399";"5,4640638827"
"202100005837";"27";"11";"2021";"10:25";"1";"69";"69250";"1";"1";"1";"2";"A89 539.050 A 541.188";"45,8199600000";"4,7071600000"
"202100005838";"28";"11";"2021";"07:35";"2";"69";"69294";"1";"1";"2";"6";"A7   13.970 A 15.270";"45,6302800000";"4,8177900000"
"202100005839";"27";"11";"2021";"04:40";"5";"69";"69259";"1";"1";"2";"2";"RD383  11.750 A 14.250";"45,7174600000";"4,8595500000"
"202100005840";"26";"11";"2021";"04:30";"5";"42";"42218";"1";"1";"2";"2";"A72";"45,4541500000";"4,4141400000"
"202100005841";"28";"11";"2021";"18:25";"3";"33";"33448";"1";"1";"1";"4";"AUTOROUTE A 62";"44,7187800000";" -0,5210700000"
"202100005842";"28";"11";"2021";"18:40";"3";"91";"91689";"1";"1";"1";"2";"AUTOROUTE A6";"48,7291700000";"2,3149400000"
"202100005843";"28";"11";"2021";"15:05";"1";"91";"91553";"1";"1";"1";"6";"RN 104";"48,6322300000";"2,4957100000"
"202100005844";"28";"11";"2021";"15:40";"1";"77";"77495";"1";"1";"8";"6";"A5A PROVINCE / RN 105";"48,5946110000";"2,6340370000"
"202100005845";"28";"11";"2021";"09:30";"1";"94";"94037";"1";"1";"1";"1";"AUTOROUTE A6A";"48,8165000000";"2,3367600000"
"202100005846";"28";"11";"2021";"06:45";"3";"91";"91377";"1";"1";"2";"7";"AUTOROUTE A10";"48,7137200000";"2,2897400000"
"202100005847";"27";"11";"2021";"16:05";"1";"91";"91434";"1";"1";"2";"5";"AUTOROUTE A6";"48,6683400000";"2,3544900000"