"Num_Acc";"jour";"mois";"an";"hrmn";"lum";"dep";"com";"agg";"int";"atm";"col";"adr";"lat";"long"
"202100005848";"28";"11";"2021";"09:00";"1";"78";"78090";"1";"1";"2";"2";"A13";"48,9705850000";"1,8931330000"
"202100005849";"27";"11";"2021";"03:07";"3";"78";"78140";"1";"1";"1";"3";"A13";"48,9580700000";"1,9337100000"
"202100005850";"28";"11";"2021";"11:00";"1";"95";"95572";"1";"1";"2";"6";"RN 184";"49,0355638582";"2,1169312712"
"202100005851";"28";"11";"2021";"10:30";"2";"95";"95212";"1";"1";"3";"6";"AUTOROUTE A1";"49,0259652857";"2,5365184787"
"202100005852";"28";"11";"2021";"10:30";"1";"92";"92036";"1";"1";"2";"6";"AUTOROUTE A15";"48,9482356513";"2,2811222076"
"202100005853";"28";"11";"2021";"08:40";"2";"95";"95582";"1";"1";"8";"6";" A115";"48,9772800000";"2,2410300000"
"202100005854";"28";"11";"2021";"07:30";"3";"92";"92036";"1";"1";"2";"6";"AUTOROUTE A15";"48,9493017533";"2,2806327045"
"202100005855";"28";"11";"2021";"00:40";"3";"93";"93027";"1";"1";"2";"6";"AUTOROUTE A86";"48,9286700000";"2,4146300000"
"202100005856";"27";"11";"2021";"21:50";"5";"95";"95582";"1";"1";"2";"6";"RD 170";"48,9644200000";"2,2690600000"
"202100005857";"27";"11";"2021";"18:30";"3";"93";"93027";"1";"1";"2";"6";"AUTOROUTE A86";"48,9235232200";"2,3832157851"
"202100005858";"27";"11";"2021";"10:20";"1";"95";"95572";"1";"1";"2";"2";"A15";"49,0281200000";"2,1285500000"
"202100005859";"28";"11";"2021";"19:00";"3";"94";"94028";"1";"9";"1";"2";"A86 EXT";"48,8029887864";"2,4483740330"
"202100005860";"21";"02";"2021";"17:30";"1";"94";"94041";"2";"1";"1";"3";"MARCEL BOYER (QU)";"48,8225900000";"2,3922100000"
"202100005861";"26";"11";"2021";"12:09";"1";"35";"35288";"2";"3";"3";"6";"CALVAIRE (RUE DU)";"48,6528700000";" -2,0062000000"
"202100005862";"26";"11";"2021";"17:53";"5";"78";"78517";"2";"3";"2";"6";"LENOTRE (RUE G.)";"48,6401800000";"1,8265400000"
"202100005863";"14";"08";"2021";"01:05";"5";"14";"14220";"2";"1";"1";"6";"D278";"49,3500800000";"0,0796700000"
"202100005864";"7";"07";"2021";"17:05";"1";"14";"14699";"2";"1";"7";"3";"Avenue Charles de Gaulle";"49,3498900000";"0,1068500000"
"202100005865";"1";"09";"2021";"07:55";"1";"02";"02691";"2";"2";"1";"3";"DUMAS (RUE ALEXANDRE)";"49,8489300000";"3,2703600000"
"202100005866";"26";"11";"2021";"14:50";"1";"974";"97409";"2";"2";"1";"1";"DU LYCEE(RUE)";" -20,9652000000";"55,6520300000"
"202100005867";"27";"11";"2021";"09:50";"1";"973";"97302";"2";"1";"1";"3";"MADELEINE (ROUTE DE LA)";"4,9264707791";" -52,3244261743"
"202100005868";"26";"11";"2021";"14:25";"1";"973";"97302";"2";"1";"1";"3";"MADELEINE (ROUTE DE LA)";"4,9166551697";" -52,3213484288"
"202100005869";"26";"11";"2021";"11:10";"1";"973";"97302";"2";"2";"1";"3";"RABAN (ROUTE DE)";"4,9295243203";" -52,3151049614"
"202100005870";"22";"11";"2021";"14:35";"1";"973";"97302";"2";"3";"1";"3";"14 ET 22 JUIN 1962";"4,9355013108";" -52,3274792433"
"202100005871";"27";"11";"2021";"16:30";"1";"69";"69259";"2";"3";"1";"1";"FRANCIS DE PRESSENSE (AV)";"45,7171452743";"4,8704379309"
"202100005872";"27";"11";"2021";"01:27";"5";"69";"69276";"1";"1";"8";"6";"URBAIN SUD (BD)                          ";"45,6798100000";"4,8501900000"
"202100005873";"26";"11";"2021";"17:40";"5";"69";"69387";"2";"9";"1";"6";"MADELEINE (DE LA) (R)";"45,7460892125";"4,8480176926"
"202100005874";"26";"11";"2021";"14:55";"1";"69";"69259";"2";"3";"1";"2";"AMBROISE CROIZAT (BD)";"45,7067800000";"4,8874500000"
"202100005875";"26";"11";"2021";"07:40";"1";"69";"69383";"2";"2";"8";"3";"GENERAL MOUTON DUVERNET (DU) (R)";"45,7509000000";"4,8608200000"
"202100005876";"25";"11";"2021";"05:40";"2";"972";"97209";"1";"1";"2";"6";"SOLEIL LEVANT (BOULEVARD DU)";"14,6259700000";" -61,0391700000"
"202100005877";"28";"11";"2021";"00:10";"5";"69";"69286";"2";"3";"1";"6";"EUROPE (DE L') (AV)";"45,8173100000";"4,9009200000"
"202100005878";"27";"11";"2021";"03:00";"3";"69";"69286";"1";"1";"2";"6";"FONTAINES (DE) (RTE)";"45,8254800000";"4,8804800000"
"202100005879";"23";"11";"2021";"15:15";"1";"69";"69389";"2";"1";"1";"5";"GARE D'EAU (DE LA) (Q)";"45,7811800000";"4,8076100000"
"202100005880";"25";"11";"2021";"11:20";"1";"69";"69384";"2";"1";"2";"5";"HERBOUVILLE (D') (CR)";"45,7750339490";"4,8389786482"
"202100005881";"25";"11";"2021";"12:05";"1";"69";"69286";"2";"3";"2";"6";"VICTOR HUGO (AV)";"45,8191700000";"4,8935900000"
"202100005882";"26";"11";"2021";"14:38";"1";"2A";"2A004";"2";"1";"3";"6";"ROSSINI PASCAL BD";"41,9164100000";"8,7315000000"
"202100005883";"26";"11";"2021";"20:15";"5";"91";"91657";"2";"1";"2";"3";"RUE JULES VERNE";"48,6996440000";"2,4380300000"
"202100005884";"27";"11";"2021";"12:35";"1";"91";"91027";"2";"3";"8";"2";"AV FRANCOIS MITTERRAND";"48,7000000000";"2,3710000000"
"202100005885";"26";"11";"2021";"19:15";"5";"91";"91286";"2";"2";"2";"1";"CORBEIL (ROUTE DE)";"48,6546140000";"2,3886670000"
"202100005886";"26";"11";"2021";"08:30";"1";"91";"91027";"2";"9";"8";"3";"AV JEAN PIERRE BENARD";"48,7130400000";"2,3782500000"
"202100005887";"27";"11";"2021";"07:20";"3";"91";"91223";"2";"1";"1";"6";"CD 837";"48,4257100000";"2,1640200000"
"202100005888";"26";"11";"2021";"11:16";"1";"87";"87085";"2";"1";"2";"7";"JEANTY SARRE (RUE)";"45,8292800000";"1,2601300000"
"202100005889";"25";"11";"2021";"18:41";"5";"87";"87085";"1";"1";"1";"6";"AUTOROUTE A20";"45,8485900000";"1,2764200000"
"202100005890";"26";"11";"2021";"10:15";"1";"87";"87085";"2";"1";"1";"6";"ROUSSILLON (AVENUE DU)";"45,8175700000";"1,2232300000"
"202100005891";"25";"11";"2021";"12:35";"1";"86";"86214";"2";"9";"2";"6";"Route de Nouaille";"46,5604000000";"0,3680400000"
"202100005892";"19";"11";"2021";"12:45";"1";"84";"84031";"2";"1";"1";"3";"NOTRE DAME DE SANTE AVENUE";"44,0606190000";"5,0487130000"
"202100005893";"25";"11";"2021";"18:50";"5";"83";"83126";"2";"1";"2";"6";"Ytzhak RABIN - D63";"43,1154400000";"5,8736700000"
"202100005894";"20";"11";"2021";"14:15";"1";"83";"83126";"2";"9";"1";"3";"QUATRE SEPTEMBRE (BD DU)";"43,1038943195";"5,8718866110"
"202100005895";"27";"11";"2021";"13:45";"1";"83";"83069";"2";"9";"7";"6";"BERNARD ( RUE MARIO )";"43,1127296364";"6,1187571287"
"202100005896";"26";"11";"2021";"13:33";"1";"78";"78498";"2";"1";"2";"6";"SAINT LOUIS RUE";"48,9305100000";"2,0385500000"
"202100005897";"21";"11";"2021";"11:50";"1";"78";"78015";"2";"9";"2";"1";"ECLUSE (QUAI DE L')";"48,9635430000";"2,0461670000"
"202100005898";"26";"11";"2021";"19:35";"3";"77";"77350";"1";"1";"2";"6";"CD NUMERO 471";"48,7784200000";"2,7092200000"
"202100005899";"26";"11";"2021";"20:35";"5";"77";"77296";"2";"6";"2";"3";"D57";"48,6290000000";"2,5731100000"
"202100005900";"26";"11";"2021";"17:55";"5";"77";"77152";"2";"9";"1";"3";"D82E2";"48,5165900000";"2,6262210000"
"202100005901";"26";"11";"2021";"09:00";"1";"77";"77243";"2";"1";"1";"1";"D10";"48,8643500000";"2,7188500000"
"202100005902";"26";"11";"2021";"08:30";"1";"77";"77186";"2";"1";"1";"6";"D607";"48,4021050000";"2,6872020000"
"202100005903";"26";"11";"2021";"10:13";"1";"76";"76351";"2";"2";"1";"6";"BOIS AU COQ (AVENUE)";"49,5125500000";"0,1256800000"
"202100005904";"26";"11";"2021";"17:00";"3";"72";"72181";"1";"1";"2";"2";"RD 23 (RTE)";"47,9688800000";"0,2350400000"
"202100005905";"26";"11";"2021";"17:20";"5";"72";"72003";"2";"1";"8";"6";"ANJOU (BD D')";"47,9651700000";"0,1618800000"
"202100005906";"24";"11";"2021";"16:10";"1";"72";"72181";"2";"9";"1";"6";"LAENNEC RENE (AV)";"48,0200100000";"0,1624100000"
"202100005907";"24";"11";"2021";"09:20";"1";"72";"72181";"2";"1";"1";"2";"GENESLAY FELIX (AV) NÂ° PAIRS 2 A 144";"47,9779900000";"0,2080600000"
"202100005908";"27";"11";"2021";"10:00";"1";"71";"71306";"1";"2";"1";"3";"LANGRES (RUE DE)";"46,6834492633";"4,3445285839"
"202100005909";"25";"11";"2021";"07:15";"3";"66";"66136";"2";"1";"1";"6";"SCHWEITZER (AVENUE DU DOCTEUR ALBERT)";"42,7207700000";"2,8839000000"
"202100005910";"24";"11";"2021";"15:57";"1";"66";"66136";"2";"1";"3";"1";"LANGUEDOC (AVENUE DU CD 88)";"42,7248500000";"2,8872400000"
"202100005911";"26";"11";"2021";"20:45";"5";"64";"64269";"2";"1";"2";"2";"BEARN DU";"43,3010300000";" -0,3066500000"
"202100005912";"26";"11";"2021";"19:10";"5";"64";"64445";"2";"2";"1";"6";"ETIGNY D'";"43,2959900000";" -0,3785800000"
"202100005913";"26";"11";"2021";"12:10";"1";"64";"64445";"2";"1";"1";"2";"JEAN MERMOZ";"43,3134799050";" -0,3775960207"
"202100005914";"24";"11";"2021";"15:20";"1";"64";"64102";"2";"1";"1";"3";"JUIN (AVENUE DU MARECHAL)";"43,4904300000";" -1,4614600000"
"202100005915";"25";"11";"2021";"17:39";"2";"63";"63032";"2";"1";"1";"6";"MONTANT (RUE DU)";"45,7524600000";"3,0972100000"
"202100005916";"25";"11";"2021";"20:00";"5";"63";"63075";"2";"1";"1";"3";"CLAUSSAT (AVENUE JOSEPH)";"45,7803900000";"3,0629500000"
"202100005917";"20";"11";"2021";"17:10";"2";"62";"62498";"2";"1";"2";"1";"BASSEE (RTE DE LA)";"50,4434920000";"2,8198500000"
"202100005918";"26";"11";"2021";"08:00";"2";"62";"62193";"1";"1";"8";"2";"DEPARTEMENTALE 943";"50,9234600000";"1,9072140000"
"202100005919";"27";"11";"2021";"19:10";"5";"62";"62119";"2";"1";"2";"6";"LAMARTINE ( RUE )";"50,5346710000";"2,6385850000"
"202100005920";"26";"11";"2021";"23:30";"3";"60";"60175";"1";"1";"2";"3";"RD 201_ACCES 201 ";"49,2453600000";"2,4584500000"
"202100005921";"22";"11";"2021";"13:20";"1";"60";"60159";"1";"1";"1";"7";"Avenue Marcelin Berthelot";"49,3898100000";"2,7874700000"
"202100005922";"26";"11";"2021";"19:20";"5";"59";"59421";"2";"1";"2";"2";"MIRABEAU (RUE)";"50,7027000000";"3,1334000000"
"202100005923";"27";"11";"2021";"07:50";"5";"59";"59512";"2";"2";"4";"6";"MOTTE (AVENUE ALFRED)";"50,6767172638";"3,1975017711"
"202100005924";"26";"11";"2021";"11:25";"1";"59";"59017";"2";"3";"1";"3";"BLUM  (AVENUE LEON)";"50,6975950188";"2,8876546923"
"202100005925";"26";"11";"2021";"08:15";"2";"59";"59017";"2";"1";"1";"6";"LILLE (RUE DE )";"50,6843581454";"2,8807246685"
"202100005926";"23";"11";"2021";"18:35";"5";"58";"58194";"2";"1";"2";"3";"MOLIERE";"47,0046000000";"3,1510000000"
"202100005927";"24";"11";"2021";"18:24";"5";"57";"57672";"2";"1";"1";"6";"Avenue du 14 Juillet 1789";"49,3578300000";"6,1301800000"
"202100005928";"27";"11";"2021";"11:35";"1";"56";"56260";"2";"1";"1";"6";"REMY (BD DU COLONEL)";"47,6593200000";" -2,7809900000"
"202100005929";"26";"11";"2021";"20:40";"5";"56";"56162";"2";"1";"1";"7";"Route du Fort BloquÃ©";"47,7326500000";" -3,4840700000"
"202100005930";"26";"11";"2021";"14:50";"1";"56";"56121";"2";"1";"1";"2";"LANVEUR ( ET PL. DE )";"47,7423464000";" -3,3869110000"
"202100005931";"27";"11";"2021";"19:20";"5";"54";"54304";"2";"9";"2";"3";"RESISTANCE (AV. DE LA -IMPAIR-)";"48,6939600000";"6,1352300000"
"202100005932";"26";"11";"2021";"19:00";"5";"54";"54395";"2";"2";"2";"1";"METZ (RUE DE)";"48,7002700000";"6,1723600000"
"202100005933";"25";"11";"2021";"20:42";"5";"54";"54395";"2";"2";"1";"6";"SAINT LEON (RUE ET EGLISE)";"48,6884107651";"6,1732763774"
"202100005934";"24";"11";"2021";"17:50";"5";"54";"54257";"2";"1";"1";"1";"Rue du CollÃ¨ge";"48,6571500000";"6,2076400000"
"202100005935";"24";"11";"2021";"16:35";"2";"54";"54197";"1";"1";"1";"3";"LUPCOURT (ROUTE DE)";"48,6262020297";"6,2181188076"
"202100005936";"20";"11";"2021";"22:20";"5";"54";"54323";"2";"1";"1";"6";"REPUBLIQUE (AVENUE DE LA)";"49,5181050000";"5,7633400000"
"202100005937";"22";"11";"2021";"18:50";"5";"52";"52448";"2";"1";"1";"1";"LOUBERT (AVENUE DE)";"48,6477000000";"4,9626000000"
"202100005938";"26";"11";"2021";"17:36";"5";"51";"51454";"1";"1";"2";"2";"N244";"49,2241234099";"4,0652954578"
"202100005939";"26";"11";"2021";"17:45";"5";"51";"51454";"2";"1";"2";"7";"Avenue Georges ClÃ©menceau";"49,2514800000";"4,0470200000"
"202100005940";"26";"11";"2021";"07:20";"5";"51";"51454";"2";"3";"1";"2";"Rue du Champ de Mars";"49,2640400000";"4,0411000000"
"202100005941";"25";"11";"2021";"18:05";"2";"49";"49007";"1";"1";"1";"2";"ATLANTIQUE  AVENUE DE L'";"47,4691500000";" -0,6032800000"
"202100005942";"26";"11";"2021";"10:30";"1";"47";"47001";"2";"3";"8";"6";"VAL PRE (RUE)";"44,2108100000";"0,6463100000"
"202100005943";"27";"11";"2021";"16:30";"5";"45";"45234";"2";"3";"3";"3";"ALBERT 1ER (RUE ALBERT 1ER)";"47,9082700000";"1,9068600000"
"202100005944";"26";"11";"2021";"07:40";"2";"45";"45338";"2";"9";"1";"3";"MERMOZ (RUE JEAN)";"47,9808000000";"2,7231300000"
"202100005945";"27";"11";"2021";"07:30";"5";"44";"44190";"2";"1";"2";"1";"RUE DE LA JAUNAIE";"47,1921600000";" -1,4971100000"
"202100005946";"27";"11";"2021";"20:28";"5";"37";"37261";"2";"3";"2";"7";"GILLES (RUE CHARLES)";"47,3882949225";"0,6898017973"
"202100005947";"27";"11";"2021";"13:47";"1";"37";"37122";"2";"1";"2";"7";"VOIE COMMUNALE 300 LIEUDIT BOUCHARDIERE";"47,3400208284";"0,6707923233"
"202100005948";"26";"11";"2021";"08:45";"1";"37";"37233";"2";"3";"1";"3";"LOIRE (LEVEE DE LA)";"47,4004434299";"0,7418252528"
"202100005949";"24";"11";"2021";"10:10";"1";"37";"37261";"2";"3";"1";"3";"CHEVALLIER (RUE AUGUSTE)";"47,3757735328";"0,6791245937"
"202100005950";"26";"11";"2021";"19:40";"3";"35";"35238";"2";"1";"2";"5";"RN136";"48,0957660000";" -1,7114790000"
"202100005951";"26";"11";"2021";"19:50";"5";"35";"35238";"2";"3";"2";"6";"PAVIE (AUGUSTE)";"48,1046200000";" -1,6490000000"
"202100005952";"26";"11";"2021";"18:50";"5";"35";"35238";"2";"1";"2";"6";"VANEAU";"48,1111100000";" -1,6927900000"
"202100005953";"27";"11";"2021";"05:29";"3";"34";"34129";"1";"1";"1";"7";"PALAVAS D986 (ROUTE DE)";"43,5576200000";"3,8928300000"
"202100005954";"26";"11";"2021";"10:35";"1";"34";"34172";"2";"3";"1";"3";"PROGRES (RUE DU)";"43,6114100000";"3,8626200000"
"202100005955";"25";"11";"2021";"18:45";"5";"34";"34172";"2";"3";"2";"6";"RAVAZ (AVENUE DU PROFESSEUR LOUIS";"43,6209700000";"3,8488500000"
"202100005956";"27";"11";"2021";"02:50";"5";"33";"33063";"2";"1";"2";"2";"QUAI DE BACALAN";"44,8584600000";" -0,5580200000"
"202100005957";"26";"11";"2021";"22:23";"5";"33";"33522";"2";"6";"2";"3";"Rue Peydavant";"44,8067000000";" -0,5861900000"
"202100005958";"22";"11";"2021";"19:45";"5";"33";"33063";"2";"2";"1";"3";"Avenue de MÃ©rignac";"44,8386300000";" -0,6210000000"
"202100005959";"26";"11";"2021";"15:50";"1";"33";"33162";"2";"1";"2";"4";"Route de lacanau";"44,8733100000";" -0,6588500000"
"202100005960";"27";"11";"2021";"10:25";"1";"31";"31149";"2";"1";"2";"6";"Bd VICTOR HUGO";"43,6174500000";"1,3195000000"
"202100005961";"26";"11";"2021";"20:45";"5";"31";"31555";"2";"1";"1";"3";"AV DE GRANDE BRETAGNE";"43,5990600000";"1,4171300000"
"202100005962";"26";"11";"2021";"12:00";"1";"29";"29232";"2";"1";"7";"2";"Boulevard President Allende";"47,9921900000";" -4,0734400000"
"202100005963";"26";"11";"2021";"18:25";"2";"29";"29039";"1";"1";"1";"7";"D44 - Chemin de Keroulin";"47,9206000000";" -3,9285900000"
"202100005964";"9";"11";"2021";"08:35";"2";"29";"29039";"1";"1";"2";"7";"Rue des Sables Blancs";"47,8897759256";" -3,9356260301"
"202100005965";"27";"11";"2021";"00:10";"3";"27";"27321";"1";"1";"2";"7";"RD133";"49,2047600000";"1,1376300000"
"202100005966";"26";"11";"2021";"22:55";"3";"27";"27528";"1";"1";"2";"7";"ANDELLE (CHAUSSEE D')";"49,2603300000";"1,2354700000"
"202100005967";"27";"11";"2021";"13:45";"1";"27";"27229";"2";"1";"2";"3";"BUFFARDIERE (BOULEVARD DE LA)";"49,0215500000";"1,1408300000"
"202100005968";"26";"11";"2021";"06:55";"5";"26";"26198";"1";"3";"1";"2";"1 Chemin des Travailleurs a Ancone";"44,5533650000";"4,7099690000"
"202100005969";"26";"11";"2021";"20:55";"5";"17";"17028";"2";"6";"2";"3";"CHARCOT   BOULEVARD COMMANDANT";"46,1362800000";" -1,1249100000"
"202100005970";"26";"11";"2021";"19:25";"5";"17";"17300";"2";"2";"3";"3";"JOFFRE   BOULEVARD (27-77 et 2-1)";"46,1579560000";" -1,1423250000"
"202100005971";"22";"11";"2021";"11:25";"1";"16";"16102";"2";"1";"1";"2";"HUGO (AVENUE VICTOR)";"45,6895962449";" -0,3181153536"
"202100005972";"26";"11";"2021";"08:25";"2";"15";"15014";"2";"1";"1";"6";"Avenue des Pupilles de la Nation";"44,9224100000";"2,4401700000"
"202100005973";"26";"11";"2021";"21:35";"5";"13";"13071";"2";"1";"1";"1";"RIGONS ( CHEMIN DES )";"43,4147900000";"5,3608800000"
"202100005974";"27";"11";"2021";"17:55";"5";"13";"13208";"2";"9";"1";"3";"MAZARGUES (AVENUE DE)";"43,2608600000";"5,3938200000"
"202100005975";"26";"11";"2021";"19:46";"4";"13";"13203";"2";"7";"1";"6";"ROGER SALENGRO (AVENUE)";"43,3091100000";"5,3741400000"
"202100005976";"26";"11";"2021";"16:30";"1";"13";"13204";"2";"1";"1";"6";"PIERRE ROCHE (RUE)";"43,3095100000";"5,4026300000"
"202100005977";"26";"11";"2021";"15:50";"1";"13";"13203";"2";"1";"1";"2";"PLOMBIERES (BOULEVARD DES)";"43,3176796556";"5,3810225711"
"202100005978";"26";"11";"2021";"14:30";"1";"13";"13212";"2";"1";"1";"3";"TROIS LUCS A LA VALENTINE (ROUTE)";"43,3044079840";"5,4739649215"
"202100005979";"26";"11";"2021";"14:45";"1";"13";"13206";"2";"1";"1";"2";"FRIEDLAND (RUE)";"43,2864300000";"5,3876600000"
"202100005980";"26";"11";"2021";"12:35";"1";"13";"13214";"2";"1";"1";"2";"ROLAND DORGELES (BOULEVARD)";"43,3475445327";"5,3779099717"
"202100005981";"26";"11";"2021";"08:00";"1";"13";"13207";"2";"2";"1";"3";"CORSE (AVENUE DE LA)";"43,2886802680";"5,3595370852"
"202100005982";"26";"11";"2021";"06:30";"2";"13";"13211";"2";"3";"2";"1";"VALENTINE (ROUTE DE LA)";"43,2906000000";"5,4633300000"
"202100005983";"26";"11";"2021";"18:07";"3";"13";"13063";"1";"1";"1";"4";"RN 1569 LA TRANSHUMANCE";"43,6051600000";"5,0073500000"
"202100005984";"25";"11";"2021";"19:40";"5";"11";"11069";"2";"2";"2";"6";"VERNE JULES -AVENUE-";"43,2085200000";"2,3302900000"
"202100005985";"26";"11";"2021";"20:24";"5";"10";"10387";"2";"1";"2";"2";"JULES GUESDE (RUE)";"48,2929000000";"4,0820000000"
"202100005986";"17";"10";"2021";"18:32";"2";"06";"06104";"2";"1";"1";"1";"VOYAGE (AVENUE NOTRE DAME  BON)";"43,7584500000";"7,4498000000"
"202100005987";"26";"11";"2021";"10:15";"1";"03";"03098";"2";"3";"2";"6";"ROUSSEAU ( RUE JEAN-JACQUES )";"46,3541000000";"2,6172000000"
"202100005988";"26";"11";"2021";"21:00";"5";"75";"75120";"2";"2";"2";"6";"RUE DE GUEBRIANT";"48,8729000000";"2,4086200000"
"202100005989";"27";"11";"2021";"10:20";"1";"75";"75120";"2";"4";"8";"3";"RUE DES PYRENEES";"48,8738020000";"2,3880270000"
"202100005990";"26";"11";"2021";"23:57";"5";"75";"75120";"2";"2";"2";"2";"RUE DES PYRENEES";"48,8527010000";"2,4061190000"
"202100005991";"27";"11";"2021";"16:40";"1";"75";"75119";"2";"1";"2";"1";"RUE GEORGES LARDENNOIS";"48,8779850000";"2,3762140000"
"202100005992";"27";"11";"2021";"10:50";"1";"75";"75116";"2";"2";"1";"6";"AVENUE DE MALAKOFF";"48,8750870000";"2,2839770000"
"202100005993";"27";"11";"2021";"21:30";"5";"75";"75115";"2";"2";"2";"2";"RUE DE LA CONVENTION";"48,8399780000";"2,2903630000"
"202100005994";"27";"11";"2021";"14:30";"1";"75";"75115";"2";"1";"2";"3";"RUE DE JAVEL";"48,8449410000";"2,2834780000"
"202100005995";"27";"11";"2021";"17:00";"5";"75";"75114";"2";"1";"2";"7";"AVENUE DE LA PORTE D ORLEANS";"48,8209110000";"2,3255290000"
"202100005996";"27";"11";"2021";"11:45";"1";"75";"75111";"2";"2";"2";"3";"BOULEVARD VOLTAIRE";"48,8660150000";"2,3663290000"
"202100005997";"26";"11";"2021";"22:25";"5";"75";"75110";"2";"2";"2";"3";"RUE DU FAUBOURG SAINT MARTIN";"48,8838750000";"2,3685860000"
"202100005998";"26";"11";"2021";"04:55";"5";"75";"75109";"2";"2";"2";"2";"BOULEVARD DE ROCHECHOUART";"48,8836100000";"2,3495180000"
"202100005999";"27";"11";"2021";"01:15";"5";"75";"75102";"2";"1";"1";"6";"BOULEVARD MONTMARTRE";"48,8718490000";"2,3408300000"
"202100006000";"27";"11";"2021";"00:55";"5";"75";"75103";"2";"7";"2";"3";"RUE DE FRANCHE COMTE";"48,8646980000";"2,3644990000"
"202100006001";"27";"11";"2021";"23:45";"5";"75";"75104";"2";"7";"2";"3";"RUE DE LA CITE";"48,8540290000";"2,3473740000"
"202100006002";"26";"11";"2021";"18:50";"5";"75";"75104";"2";"4";"2";"2";"BOULEVARD BOURDON";"48,8528730000";"2,3684620000"
"202100006003";"26";"11";"2021";"23:00";"5";"94";"94081";"2";"1";"1";"2";"Route de Fontainebleau";"48,7751800000";"2,3677300000"
"202100006004";"26";"11";"2021";"14:00";"1";"94";"94068";"2";"1";"1";"2";"Rue du Pont de CrÃ©teil";"48,8011800000";"2,4722600000"
"202100006005";"27";"11";"2021";"17:25";"5";"94";"94052";"2";"1";"2";"4";"Rue du MarÃ©chal Vaillant";"48,8398555523";"2,4900984764"
"202100006006";"27";"11";"2021";"14:40";"1";"94";"94003";"2";"2";"2";"7";"Av du President Salvador Allende";"48,8105100000";"2,3304900000"
"202100006007";"27";"11";"2021";"18:40";"5";"94";"94028";"2";"3";"2";"3";"Rue du Port";"48,8002400000";"2,4663900000"
"202100006008";"26";"11";"2021";"22:00";"5";"94";"94028";"2";"1";"2";"2";"Rue de Paris";"48,7946900000";"2,4597600000"
"202100006009";"27";"11";"2021";"10:40";"1";"94";"94028";"2";"1";"2";"6";"Rue RenÃ© Arcos";"48,7779800000";"2,4666100000"
"202100006010";"26";"11";"2021";"21:40";"5";"93";"93073";"2";"1";"2";"4";"PETITS PONTS (ROUTE DES)";"48,9656800000";"2,5691800000"
"202100006011";"27";"11";"2021";"15:40";"1";"93";"93048";"2";"2";"2";"3";"CHAPONS (RUE DES)";"48,8528195328";"2,4469216824"
"202100006012";"27";"11";"2021";"17:30";"5";"93";"93006";"2";"2";"8";"3";"STALINGRAD AV.";"48,8742000000";"2,4280000000"
"202100006013";"27";"11";"2021";"19:32";"5";"92";"92075";"2";"3";"2";"3";"DE GAULLE (AVENUE DU GENERAL)";"48,8234086943";"2,2822836041"
"202100006014";"26";"11";"2021";"09:40";"1";"92";"92076";"2";"1";"1";"2";"REPUBLIQUE";"48,8370167774";"2,1481302381"
"202100006015";"26";"11";"2021";"22:35";"5";"92";"92050";"2";"3";"8";"1";"CLEMENCEAU GEORGES AVENUE NÂ° PAIR";"48,8866182574";"2,2067720443"
"202100006016";"27";"11";"2021";"22:58";"5";"92";"92025";"2";"1";"2";"3";"GABRIEL PERI (RUE)";"48,9182530000";"2,2389730000"
"202100006017";"27";"11";"2021";"15:50";"1";"92";"92025";"2";"9";"8";"6";"BOURNARD (RUE DU)";"48,9230185593";"2,2563171387"
"202100006018";"27";"11";"2021";"15:55";"1";"92";"92060";"2";"1";"2";"2";"LEON BLUM (AVENUE) (RD 75)";"48,7730406135";"2,2519102693"
"202100006019";"27";"11";"2021";"10:44";"1";"92";"92071";"2";"9";"2";"3";"GENERAL LECLERC (AVENUE DU)";"48,7755712663";"2,3137378693"
"202100006020";"27";"11";"2021";"21:00";"5";"92";"92012";"2";"2";"2";"6";"QUATRE SEPTEMBRE (QUAI DU)";"48,8412336590";"2,2253564000"
"202100006021";"27";"11";"2021";"02:45";"5";"92";"92012";"2";"2";"2";"3";"PONT DE SAINT CLOUD (METRO)";"48,8411194887";"2,2251471877"
"202100006022";"26";"11";"2021";"18:05";"3";"84";"84044";"1";"1";"1";"7";"route de mollans sur ouveze";"44,2257660000";"5,1470950000"
"202100006023";"27";"11";"2021";"17:35";"5";"84";"84137";"2";"1";"1";"6";"Avenue des Choralies";"44,2417370000";"5,0826790000"
"202100006024";"28";"11";"2021";"07:02";"3";"71";"71090";"1";"1";"2";"4";"Autoroute A6 pk 398.200";"46,2239680000";"4,7907260000"
"202100006025";"28";"11";"2021";"18:00";"5";"83";"83086";"1";"1";"1";"5";"Route d Aix En Provence";"43,4641880000";"6,5351110000"
"202100006026";"27";"11";"2021";"19:15";"3";"83";"83085";"1";"6";"1";"6";"RD 1555 rond point SOSACA";"43,4837030000";"6,5092490000"
"202100006027";"27";"11";"2021";"21:00";"3";"46";"46329";"1";"1";"2";"6";"D19";"44,3356670000";"1,6312980000"
"202100006028";"28";"11";"2021";"01:40";"3";"34";"34270";"2";"1";"1";"6";"D132E2";"43,5873560000";"3,8321180000"
"202100006029";"27";"11";"2021";"16:45";"2";"61";"61375";"1";"1";"4";"7";"A 88 pk 017.000";"48,6923200000";" -0,0130460000"
"202100006030";"27";"11";"2021";"09:35";"1";"27";"27680";"1";"1";"3";"6";"A28 PK 219.400";"48,9244730000";"0,4071810000"
"202100006031";"28";"11";"2021";"00:10";"3";"74";"74010";"2";"4";"2";"3";"12 Rue Centrale";"45,9065278762";"6,1465799510"
"202100006032";"27";"11";"2021";"17:40";"2";"65";"65054";"1";"1";"4";"6";"route dÃ©partementale 17";"43,0651880000";"0,3585150000"
"202100006033";"27";"11";"2021";"16:15";"2";"81";"81124";"2";"3";"2";"6";"Rue du Temple";"43,7066380000";"2,6926270000"