"Num_Acc";"jour";"mois";"an";"hrmn";"lum";"dep";"com";"agg";"int";"atm";"col";"adr";"lat";"long"
"202100006034";"27";"11";"2021";"15:50";"1";"46";"46136";"1";"1";"2";"1";"RD 811";"44,5114570000";"1,2592810000"
"202100006035";"28";"11";"2021";"13:30";"1";"47";"47106";"2";"1";"1";"6";"49 Rue LÃ©on Jouhaux";"44,4947480000";"0,9653960000"
"202100006036";"28";"11";"2021";"01:40";"3";"34";"34084";"1";"1";"1";"6";"D154e1";"43,4007190000";"3,1852610000"
"202100006037";"27";"11";"2021";"16:13";"1";"39";"39436";"1";"1";"2";"1";"N/A";"46,8614670000";"5,8998300000"
"202100006038";"28";"11";"2021";"05:15";"3";"31";"31232";"1";"1";"8";"6";"D17";"43,7459090000";"1,2650590000"
"202100006039";"28";"11";"2021";"07:50";"1";"70";"70473";"1";"1";"4";"1";"N57";"47,7980510000";"6,4033220000"
"202100006040";"28";"11";"2021";"06:30";"3";"14";"14371";"1";"1";"2";"1";"D4";"48,9950320000";"0,3357400000"
"202100006041";"27";"11";"2021";"20:20";"3";"64";"64519";"2";"1";"3";"7";"Route de Bordeaux";"43,3668340000";" -0,3802080000"
"202100006042";"28";"11";"2021";"11:00";"1";"16";"16200";"1";"2";"1";"3";"route de mansle";"45,8579330000";"0,1653640000"
"202100006043";"24";"11";"2021";"13:56";"1";"53";"53140";"2";"6";"7";"6";"rue du maine";"48,1219080000";" -0,7188110000"
"202100006044";"28";"11";"2021";"01:30";"3";"85";"85066";"1";"1";"2";"7";"D117";"46,7083390000";" -0,9416230000"
"202100006045";"28";"11";"2021";"15:40";"1";"85";"85008";"1";"1";"8";"2";"D760";"46,6564910000";" -1,4837340000"
"202100006046";"26";"11";"2021";"21:00";"3";"88";"88484";"1";"2";"4";"3";"Mehafin";"48,1104360000";"6,3475550000"
"202100006047";"24";"11";"2021";"15:15";"1";"06";"06085";"2";"1";"1";"3";"1476 Avenue de la Plaine";"43,6006730000";"6,9699210000"
"202100006048";"27";"11";"2021";"16:00";"1";"987";"98715";"1";"9";"1";"6";"RDO";" -17,5527360000";" -149,5934750000"
"202100006049";"26";"11";"2021";"21:55";"3";"17";"17213";"1";"1";"2";"5";"A10";"46,0582460000";" -0,5363940000"
"202100006050";"28";"11";"2021";"04:30";"2";"987";"98714";"1";"1";"1";"1";"RT 101 proche roulotte bleu Ã  MATIRA";" -16,5389830000";" -151,7362980000"
"202100006051";"28";"11";"2021";"01:30";"3";"988";"98807";"1";"1";"2";"7";"Route de WERAP";" -20,7065850000";"164,9436240000"
"202100006052";"27";"11";"2021";"19:15";"3";"971";"97108";"1";"1";"1";"6";"Section Vital";"15,9173400000";" -61,2165070000"
"202100006053";"27";"11";"2021";"16:30";"1";"29";"29147";"1";"6";"2";"6";"D765 - Route de Quimperle";"47,8961000000";" -3,5743650000"
"202100006054";"28";"11";"2021";"18:30";"5";"30";"30211";"2";"6";"1";"6";"DÃ©partementale 3";"43,8257500000";"4,4955750000"
"202100006055";"28";"11";"2021";"00:25";"3";"34";"34329";"1";"6";"1";"6";"D64";"43,2530290000";"3,2531280000"
"202100006056";"27";"11";"2021";"17:25";"5";"38";"38509";"2";"9";"1";"6";"61 Boulevard Gambetta";"45,5665040000";"5,4490540000"
"202100006057";"28";"11";"2021";"15:35";"1";"01";"01249";"1";"1";"2";"1";"Route de Strasbourg";"45,8561130000";"4,9100570000"
"202100006058";"27";"11";"2021";"18:15";"3";"69";"69297";"1";"1";"1";"1";"Rue des Cites";"45,5964440000";"4,7968520000"
"202100006059";"27";"11";"2021";"19:30";"3";"81";"81271";"1";"1";"1";"6";"D28";"43,7621990000";"1,6877420000"
"202100006060";"27";"11";"2021";"06:15";"3";"79";"79319";"1";"1";"1";"6";"Bois Guerin";"46,3497600000";" -0,1414060000"
"202100006061";"27";"11";"2021";"10:33";"1";"17";"17308";"1";"1";"1";"2";"CD 733";"45,8715150000";" -0,9689210000"
"202100006062";"26";"11";"2021";"04:00";"5";"33";"33533";"2";"1";"2";"6";"Avenue du 8 Mai 1945";"44,5583310000";" -0,2609690000"
"202100006063";"26";"11";"2021";"11:15";"1";"33";"33483";"2";"1";"1";"6";"Place Maucaillou";"44,9124570000";" -0,3931420000"
"202100006064";"26";"11";"2021";"15:30";"1";"33";"33032";"2";"3";"2";"5";"Rue du MarÃ©chal Foch";"44,9039380000";" -0,5043300000"
"202100006065";"27";"11";"2021";"18:30";"3";"49";"49035";"1";"3";"2";"2";"D111";"47,4339410000";" -0,6140570000"
"202100006066";"27";"11";"2021";"19:30";"5";"60";"60524";"2";"1";"2";"6";"Avenue Jean Jaures";"49,3237060000";"2,4421460000"
"202100006067";"27";"11";"2021";"21:30";"3";"60";"60106";"1";"1";"3";"1";"D37";"49,3865910000";"2,4559920000"
"202100006068";"28";"11";"2021";"02:57";"3";"59";"59012";"1";"1";"2";"7";"D963";"50,0024980000";"4,0944670000"
"202100006069";"28";"11";"2021";"02:00";"5";"59";"59581";"2";"1";"2";"7";"Rue de l Epinette";"50,6753650000";"2,7906020000"
"202100006070";"27";"11";"2021";"05:15";"5";"33";"33550";"1";"1";"2";"6";"AUTOROUTE A 62";"44,7765580000";" -0,5567360000"
"202100006071";"27";"11";"2021";"12:30";"1";"92";"92002";"1";"1";"2";"4";"AUTOROUTE A86";"48,7631491121";"2,3053935956"
"202100006072";"27";"11";"2021";"13:40";"1";"91";"91521";"1";"1";"2";"3";"RN 104";"48,6339700000";"2,4006300000"
"202100006073";"27";"11";"2021";"12:25";"1";"94";"94034";"1";"1";"2";"2";"AUTOROUTE A6B";"48,7537900000";"2,3316300000"
"202100006074";"26";"11";"2021";"19:40";"5";"94";"94034";"2";"1";"2";"2";"AUTOROUTE A86";"48,7606114652";"2,3193595264"
"202100006075";"27";"11";"2021";"01:03";"5";"94";"94037";"1";"1";"1";"6";"AUTOROUTE A6A";"48,8176422556";"2,3338754483"
"202100006076";"26";"11";"2021";"18:40";"3";"91";"91174";"1";"1";"2";"4";"RN 104";"48,6122300000";"2,4486400000"
"202100006077";"27";"11";"2021";"13:05";"1";"78";"78423";"1";"1";"3";"6";"N12W";"48,7969030000";"2,0215240000"
"202100006078";"27";"11";"2021";"04:10";"5";"78";"78073";"1";"1";"1";"6";"A12 W";"48,8014720000";"2,0468320000"
"202100006079";"26";"11";"2021";"18:59";"3";"78";"78321";"1";"1";"2";"4";"RN12 INT";"48,7987640000";"1,9156840000"
"202100006080";"27";"11";"2021";"10:45";"1";"95";"95572";"1";"1";"2";"7";" A15";"49,0309042680";"2,1213675484"
"202100006081";"27";"11";"2021";"00:45";"3";"93";"93027";"1";"1";"9";"5";"AUTOROUTE A86";"48,9284000000";"2,4127000000"
"202100006082";"26";"11";"2021";"11:30";"1";"93";"93008";"1";"1";"1";"2";"AUTOROUTE A86";"48,9057111171";"2,4635392427"
"202100006083";"27";"11";"2021";"01:45";"3";"94";"94002";"1";"1";"2";"2";"A86 INT";"48,7763000000";"2,4294000000"
"202100006084";"26";"11";"2021";"23:15";"3";"77";"77141";"1";"1";"2";"2";"A4";"48,8469438890";"2,8316070706"
"202100006085";"24";"02";"2021";"21:30";"5";"94";"94041";"2";"1";"1";"6";"Rue AmÃ©dÃ©e Huon";"48,8035600000";"2,3833300000"
"202100006086";"26";"01";"2021";"16:45";"1";"94";"94041";"2";"1";"1";"3";"JEAN LE GALLEU (R)";"48,8099600000";"2,3803400000"
"202100006087";"14";"01";"2021";"09:30";"1";"94";"94041";"2";"2";"8";"3";"Rue Jules Vanzuppe";"48,8192700000";"2,3925600000"
"202100006088";"11";"01";"2021";"19:20";"2";"94";"94041";"2";"1";"1";"6";"Boulevard de Stalingrad";"48,8061900000";"2,3754700000"
"202100006089";"10";"01";"2021";"21:40";"5";"94";"94041";"2";"1";"1";"7";"FranÃ§ois MITTERAND";"48,8240000000";"2,3875000000"
"202100006090";"6";"01";"2021";"16:50";"2";"94";"94041";"2";"2";"2";"1";"REPUBLIQUE (AV DE LA)";"48,8022960000";"2,3969980000"
"202100006091";"26";"11";"2021";"19:20";"5";"75";"75113";"2";"1";"1";"3";"ECHANGEUR ITALIE";"48,8167830000";"2,3558550000"
"202100006092";"25";"11";"2021";"18:45";"5";"75";"75116";"2";"4";"1";"3";"PORTE D AUTEUIL";"48,8467300000";"2,2545270000"
"202100006093";"26";"11";"2021";"09:45";"1";"75";"75105";"2";"2";"1";"6";"RUE BUFFON";"48,8411680000";"2,3559680000"
"202100006094";"26";"11";"2021";"13:40";"1";"75";"75119";"2";"7";"2";"3";"PLACE AUGUSTE BARON";"48,9006190000";"2,3869620000"
"202100006095";"26";"11";"2021";"13:40";"1";"75";"75119";"2";"1";"1";"3";"AVENUE SIMON BOLIVAR";"48,8763490000";"2,3755910000"
"202100006096";"26";"11";"2021";"12:55";"1";"75";"75119";"2";"2";"2";"3";"BOULEVARD DE LA VILLETTE";"48,8841790000";"2,3685950000"
"202100006097";"26";"11";"2021";"17:45";"5";"75";"75118";"2";"3";"2";"6";"RUE DE LA CHAPELLE";"48,8908280000";"2,3599060000"
"202100006098";"26";"11";"2021";"18:40";"5";"75";"75117";"2";"4";"2";"6";"BOULEVARD PEREIRE";"48,8878300000";"2,3113560000"
"202100006099";"26";"11";"2021";"14:30";"1";"75";"75115";"2";"7";"2";"7";"PLACE CAMBRONNE";"48,8480210000";"2,3017230000"
"202100006100";"26";"11";"2021";"16:00";"2";"75";"75114";"2";"3";"2";"6";"AVENUE DU MAINE";"48,8298220000";"2,3260600000"
"202100006101";"26";"11";"2021";"14:55";"1";"75";"75108";"2";"2";"2";"6";"BOULEVARD DE COURCELLES";"48,8791270000";"2,3031220000"
"202100006102";"25";"11";"2021";"09:30";"1";"75";"75108";"2";"7";"1";"3";"PLACE DE LA CONCORDE";"48,8640780000";"2,3201230000"
"202100006103";"26";"11";"2021";"15:54";"1";"75";"75107";"2";"2";"8";"6";"BOULEVARD DES INVALIDES";"48,8518310000";"2,3145170000"
"202100006104";"26";"11";"2021";"09:05";"1";"75";"75107";"2";"4";"1";"4";"RUE DU BAC";"48,8567510000";"2,3270920000"
"202100006105";"25";"11";"2021";"09:50";"1";"75";"75104";"2";"2";"1";"3";"QUAI DE L HOTEL DE VILLE";"48,8560740000";"2,3506880000"
"202100006106";"26";"11";"2021";"14:30";"1";"94";"94068";"2";"2";"2";"1";"BELLECHASSE (BD DE)";"48,7937900000";"2,4923100000"
"202100006107";"26";"11";"2021";"21:30";"5";"94";"94046";"2";"1";"2";"1";"Rue de la Concorde";"48,8119100000";"2,4468000000"
"202100006108";"24";"11";"2021";"09:15";"1";"94";"94076";"2";"1";"1";"1";"Rue Camille Desmoulins";"48,7951730000";"2,3479000000"
"202100006109";"26";"11";"2021";"20:00";"5";"94";"94041";"2";"1";"2";"7";"Rue Henri Martin";"48,8064900000";"2,3742200000"
"202100006110";"26";"11";"2021";"11:05";"1";"75";"75113";"2";"1";"8";"5";"Boulevard Hippolyte MarquÃ¨s";"48,8191600000";"2,3728800000"
"202100006111";"26";"11";"2021";"19:10";"5";"94";"94054";"2";"2";"2";"3";"Rue du Bas Marin";"48,7496000000";"2,3893400000"
"202100006112";"26";"11";"2021";"13:10";"1";"94";"94038";"2";"1";"1";"6";"Bd Paul Vaillant Couturier";"48,7745700000";"2,3396000000"
"202100006113";"25";"11";"2021";"23:00";"3";"94";"94034";"1";"1";"1";"2";"RN 186";"48,7565300000";"2,3303100000"
"202100006114";"26";"11";"2021";"17:00";"5";"94";"94028";"2";"9";"2";"3";"COMPAGNONS DE LA LIBERATION(AVE DES)";"48,7770000000";"2,4550000000"
"202100006115";"26";"11";"2021";"14:30";"1";"94";"94022";"2";"3";"2";"3";"Avenue Victor Hugo";"48,7693100000";"2,4223700000"
"202100006116";"25";"11";"2021";"11:15";"1";"94";"94022";"2";"2";"1";"3";"DOCTEUR CHARCOT (AV)";"48,7700100000";"2,4181000000"
"202100006117";"24";"11";"2021";"05:25";"3";"94";"94060";"1";"1";"1";"7";"Champlain";"48,7866980000";"2,5629850000"
"202100006118";"25";"11";"2021";"15:20";"1";"94";"94079";"2";"3";"1";"3";"Avenue des Mousquetaires";"48,8235400000";"2,5606300000"
"202100006119";"26";"11";"2021";"07:56";"2";"93";"93051";"2";"3";"1";"3";"MONT D'EST (BD)";"48,8400400000";"2,5419500000"
"202100006120";"26";"11";"2021";"14:45";"1";"93";"93048";"2";"1";"2";"2";"THEOPHILE SUEUR (BOULEVARD)";"48,8646733862";"2,4679778244"
"202100006121";"26";"11";"2021";"11:45";"1";"93";"93045";"2";"1";"1";"3";"NOISY LE SEC RUE DE";"48,8781017102";"2,4212479591"
"202100006122";"25";"11";"2021";"17:00";"2";"93";"93032";"2";"2";"8";"3";"HAUTE CARRIERE   (RUE DE LA)";"48,8744607020";"2,5585484505"
"202100006123";"26";"11";"2021";"19:50";"5";"93";"93010";"2";"1";"2";"1";"GUESDES (RUE JULES)";"48,9038440000";"2,4753680000"
"202100006124";"26";"11";"2021";"19:45";"5";"92";"92046";"2";"2";"2";"3";"PAIX (AVENUE DE LA)";"48,8142144813";"2,2782656550"
"202100006125";"25";"11";"2021";"17:20";"5";"92";"92022";"2";"5";"1";"7";"SALENGRO (AVENUE ROGER)";"48,8086222470";"2,1875855327"
"202100006126";"26";"11";"2021";"13:45";"1";"92";"92050";"2";"1";"2";"3";"JOFFRE MARECHAL AVENUE DU";"48,8858077345";"2,1969376769"
"202100006127";"26";"11";"2021";"14:15";"1";"92";"92025";"2";"1";"2";"6";"RENOUILLERS  (RUE DES)";"48,9241810000";"2,2380500000"
"202100006128";"26";"11";"2021";"19:30";"5";"92";"92012";"2";"1";"1";"7";"REINE (ROUTE DE LA) 82/FIN - 107TER/FIN";"48,8402932802";"2,2336417437"
"202100006129";"26";"11";"2021";"18:45";"5";"92";"92012";"2";"2";"2";"3";"ANDRE MORIZET (AVENUE) - 49/FIN - 54/FIN";"48,8350200000";"2,2412700000"
"202100006130";"26";"11";"2021";"16:20";"1";"35";"35236";"2";"1";"1";"6";"81 Rue Saint-Michel";"47,6544340000";" -2,0732220000"
"202100006131";"26";"11";"2021";"10:00";"1";"10";"10340";"2";"1";"2";"6";"route de TROYES";"48,2579842733";"4,0307859023"
"202100006132";"25";"11";"2021";"21:25";"3";"972";"97214";"2";"1";"1";"6";"Route du Stade";"14,8347870000";" -61,0607000000"
"202100006133";"27";"11";"2021";"17:30";"3";"84";"84028";"1";"1";"1";"6";"1225 Route de Vaison";"44,2262350000";"4,9462290000"
"202100006134";"27";"11";"2021";"16:30";"1";"61";"61170";"1";"1";"4";"7";"autoroute A 88";"48,7049250000";" -0,0471210000"
"202100006135";"27";"11";"2021";"08:37";"1";"51";"51318";"1";"1";"9";"7";"D30";"49,2986270000";"4,2017130000"
"202100006136";"27";"11";"2021";"00:15";"4";"56";"56177";"1";"1";"2";"6";"Zone Artisanale de Talhouet";"47,7525158000";" -3,0214333000"
"202100006137";"27";"11";"2021";"14:00";"1";"76";"76355";"1";"1";"4";"1";"D131";"49,6821590000";"0,7108180000"
"202100006138";"27";"11";"2021";"10:35";"1";"82";"82159";"1";"2";"2";"3";"D964";"44,1229620000";"1,5860120000"
"202100006139";"26";"11";"2021";"23:30";"3";"89";"89364";"1";"1";"2";"6";"Route de Nanchevres";"47,4704620000";"3,7723930000"
"202100006140";"26";"11";"2021";"16:55";"2";"63";"63180";"1";"1";"8";"6";"Lieu dit tissoniere";"45,8701510000";"3,3031690000"
"202100006141";"24";"11";"2021";"09:25";"1";"63";"63132";"2";"2";"1";"3";"Rue de la Poste/Charmille";"45,6308980000";"3,5585460000"
"202100006142";"27";"11";"2021";"15:00";"1";"42";"42238";"1";"1";"4";"6";"Route du Col de la Loge";"45,7549330000";"3,7862920000"
"202100006143";"26";"11";"2021";"19:45";"5";"68";"68258";"2";"1";"1";"6";"34 Rue d Ensisheim";"47,8373470000";"7,3070990000"
"202100006144";"27";"11";"2021";"13:55";"1";"68";"68056";"2";"1";"8";"6";"Zillisheimerweg";"47,7022888927";"7,2959454730"
"202100006145";"26";"11";"2021";"19:30";"3";"44";"44182";"1";"1";"1";"6";"103 Route de Saint Pere En Retz";"47,1891780000";" -2,1302070000"
"202100006146";"25";"11";"2021";"15:40";"1";"35";"35070";"2";"4";"7";"3";"6 Rue de l Aunaie";"48,5569440000";" -1,9301390000"
"202100006147";"27";"11";"2021";"10:05";"1";"64";"64138";"1";"6";"3";"7";"D938";"43,2436839516";" -0,2680063248"
"202100006148";"26";"11";"2021";"07:30";"2";"18";"18138";"1";"1";"2";"1";"Le Luet";"47,0798000000";"2,3094200000"
"202100006149";"27";"11";"2021";"02:05";"3";"43";"43078";"1";"1";"2";"7";"Route de Brives";"45,0286720000";"3,9323650000"
"202100006150";"26";"11";"2021";"19:55";"3";"04";"04166";"1";"1";"1";"6";"RD 953";"43,8409330000";"6,1054370000"
"202100006151";"26";"11";"2021";"08:30";"1";"85";"85096";"2";"2";"1";"3";"Route de Paulx";"46,8989970000";" -1,8275650000"
"202100006152";"26";"11";"2021";"20:35";"3";"27";"27340";"1";"2";"3";"3";"D313";"49,3885570000";"0,7985900000"
"202100006153";"21";"11";"2021";"13:30";"1";"37";"37206";"2";"1";"2";"1";"12 rue de la Poste";"47,4974671682";"0,6310917141"
"202100006154";"27";"11";"2021";"08:35";"1";"973";"97307";"2";"6";"1";"3";"Route de la Distillerie";"4,8732770000";" -52,3232350000"
"202100006155";"22";"11";"2021";"13:45";"1";"30";"30036";"1";"1";"1";"3";"12 Route Nationale 113";"43,7804700000";"4,2924410000"
"202100006156";"27";"11";"2021";"13:30";"1";"978";"97801";"2";"1";"1";"3";"route de la Savane";"18,0936160000";" -63,0659650000"
"202100006157";"25";"11";"2021";"18:30";"3";"988";"98805";"1";"1";"1";"6";"VE2 sens NOUMEA/PAITA, ZAC PANDA";" -22,1825570000";"166,4319920000"
"202100006158";"17";"11";"2021";"10:05";"1";"01";"01331";"1";"1";"8";"2";"A40 PK 135+800 direction MACON";"46,1012320000";"5,4348960000"
"202100006159";"11";"10";"2021";"18:45";"1";"35";"35131";"1";"2";"1";"3";"lieu dit le val morel";"48,1300640000";" -1,8050350000"
"202100006160";"26";"11";"2021";"18:00";"3";"42";"42169";"1";"1";"1";"1";"D498";"45,4647210000";"4,1223080000"
"202100006161";"26";"11";"2021";"07:45";"1";"987";"98715";"1";"1";"1";"2";"RDO";" -17,5529480000";" -149,5916520000"
"202100006162";"27";"11";"2021";"15:20";"1";"44";"44184";"2";"2";"7";"1";"Rue de Pornichet";"47,2678370000";" -2,2220170000"
"202100006163";"26";"11";"2021";"21:45";"3";"973";"97360";"1";"1";"1";"6";"Route des Campoes";"5,1914750000";" -54,3200540000"
"202100006164";"27";"11";"2021";"06:54";"5";"73";"73304";"2";"1";"4";"6";"D902";"45,4556870000";"6,9694520000"
"202100006165";"27";"11";"2021";"12:45";"1";"27";"27662";"1";"1";"2";"6";"A13";"49,3476760289";"0,4274657483"
"202100006166";"26";"11";"2021";"15:30";"1";"28";"28169";"1";"1";"8";"2";"A10";"48,4334820000";"1,9047580000"
"202100006167";"27";"11";"2021";"19:15";"3";"988";"98830";"2";"1";"2";"6";"tribu de TiouandÃ©";" -20,7204340000";"165,0270080000"
"202100006168";"2";"11";"2021";"14:15";"1";"971";"97118";"1";"1";"2";"4";"Route de la Traversee";"16,2059142031";" -61,6324907541"
"202100006169";"22";"11";"2021";"11:45";"1";"28";"28064";"1";"1";"1";"1";"D21.7";"48,8101270000";"1,4642250000"
"202100006170";"27";"11";"2021";"13:30";"1";"2B";"2B134";"2";"2";"2";"6";"Avenue Piccioni";"42,6329050000";"8,9384830000"
"202100006171";"26";"11";"2021";"18:00";"4";"71";"71176";"2";"1";"1";"6";"21 Avenue du General de Gaulle";"46,4817100000";"3,9831770000"
"202100006172";"21";"11";"2021";"05:00";"3";"68";"68287";"1";"1";"1";"7";"Rouffach";"47,9689540000";"7,3030730000"
"202100006173";"26";"11";"2021";"20:30";"3";"42";"42066";"1";"1";"1";"1";"Route de Montbrison";"45,7308767457";"4,1724298596"
"202100006174";"27";"11";"2021";"15:10";"1";"42";"42147";"1";"1";"1";"2";"D204";"45,5866010000";"4,0783100000"
"202100006175";"27";"11";"2021";"01:05";"3";"26";"26235";"1";"1";"1";"7";"9905 Route Nationale 7";"44,3221590000";"4,6864460000"
"202100006176";"26";"11";"2021";"16:55";"5";"01";"01049";"1";"1";"2";"7";"Route de Balan";"45,8367280000";"5,0614260000"
"202100006177";"25";"11";"2021";"16:54";"2";"69";"69023";"1";"1";"1";"7";"CROIX DU BAN (DE LA) RTE)";"46,0284690000";"4,6032280000"
"202100006178";"23";"11";"2021";"18:30";"3";"69";"69281";"2";"1";"1";"6";"NEUVE (R)";"45,6260310000";"4,9217390000"
"202100006179";"24";"11";"2021";"14:00";"1";"69";"69287";"1";"1";"1";"1";"TOUSSSIEU (DE) (RTE)";"45,6718552574";"5,0151572277"
"202100006180";"24";"11";"2021";"08:05";"1";"69";"69143";"2";"6";"1";"6";"HENRI BARBUSSE (AV)";"45,8835480000";"4,8454540000"
"202100006181";"26";"11";"2021";"18:45";"3";"81";"81117";"1";"1";"1";"6";"Chemin de Nartigou";"43,7979630000";"1,9931600000"
"202100006182";"23";"11";"2021";"18:25";"3";"33";"33052";"1";"9";"8";"2";"Route de Paris";"44,9585200000";" -0,2307000000"
"202100006183";"26";"11";"2021";"23:10";"3";"85";"85119";"1";"1";"2";"6";"RD755 Pk 14+800";"46,9738690000";" -1,1302610000"
"202100006184";"12";"11";"2021";"17:15";"2";"50";"50099";"2";"1";"2";"6";"Route de Saint-CÃ´me";"49,3100360000";" -1,2551080000"
"202100006185";"26";"11";"2021";"22:45";"5";"60";"60223";"2";"1";"2";"5";"Avenue de Flandres";"49,4235640000";"2,6363330000"
"202100006186";"26";"11";"2021";"08:10";"2";"60";"60009";"1";"1";"2";"4";"route dÃ©partementale 1001";"49,3995940000";"2,1340730000"
"202100006187";"26";"11";"2021";"17:20";"4";"59";"59221";"1";"1";"3";"6";"D958";"50,3089330000";"3,5171160000"
"202100006188";"26";"11";"2021";"10:05";"1";"13";"13210";"1";"1";"1";"2";"A50-Sens Marseille vers Aubagne";"43,2850000000";"5,4165000000"
"202100006189";"25";"11";"2021";"15:50";"1";"13";"13005";"1";"1";"2";"7";"A50-Sens Marseille vers Aubagne";"43,2687140000";"5,5880600000"
"202100006190";"26";"11";"2021";"16:00";"1";"69";"69034";"2";"1";"2";"6";"BPNL   37.781 A 41.124";"45,7881600000";"4,8609900000"
"202100006191";"26";"11";"2021";"18:40";"1";"33";"33013";"1";"1";"2";"4";"ROUTE NATIONALE 230";"44,8589500000";" -0,5045400000"
"202100006192";"23";"11";"2021";"12:30";"1";"33";"33249";"1";"1";"1";"5";"ROUTE NATIONALE 230";"44,8733500000";" -0,5065900000"
"202100006193";"26";"11";"2021";"22:25";"3";"94";"94034";"1";"1";"2";"2";"AUTOROUTE A86";"48,7567600000";"2,3306100000"
"202100006194";"26";"11";"2021";"09:25";"1";"91";"91687";"1";"1";"1";"3";"AUTOROUTE A6";"48,6600000000";"2,3728000000"
"202100006195";"26";"11";"2021";"00:45";"3";"91";"91179";"1";"1";"1";"7";"AUTOROUTE A6";"48,5667500000";"2,4732400000"
"202100006196";"26";"11";"2021";"16:25";"1";"78";"78133";"1";"1";"2";"4";"A14";"48,9096280000";"2,0493520000"
"202100006197";"26";"11";"2021";"04:45";"4";"92";"92063";"1";"1";"1";"1";"A86";"48,8913353867";"2,1761888757"
"202100006198";"26";"11";"2021";"01:50";"3";"78";"78423";"1";"1";"8";"7";"A12 Y";"48,7979700000";"2,0425700000"
"202100006199";"26";"11";"2021";"18:35";"3";"93";"93027";"1";"1";"2";"3";"AUTOROUTE A86";"48,9285400000";"2,4138000000"
"202100006200";"26";"11";"2021";"14:50";"1";"93";"93027";"1";"1";"2";"6";"AUTOROUTE A86";"48,9280600000";"2,4101400000"
"202100006201";"26";"11";"2021";"08:10";"1";"95";"95351";"1";"1";"1";"2";"RN 104";"49,0386000000";"2,4843200000"
"202100006202";"25";"11";"2021";"17:40";"3";"95";"95424";"2";"1";"2";"3";"MARE ÃPINEUSE(CHEMIN DE LA)";"48,9935400000";"2,2078300000"
"202100006203";"25";"11";"2021";"15:00";"1";"06";"06029";"2";"1";"8";"3";"CARNOT (BOULEVARD)";"43,5586000000";"7,0167700000"
"202100006204";"17";"07";"2021";"09:45";"1";"14";"14699";"2";"3";"1";"3";"Chemin du Roy";"49,3448100000";"0,0983300000"
"202100006205";"30";"08";"2021";"03:20";"5";"75";"75112";"2";"1";"1";"6";"QUAI DE LA RAPEE";"48,8448620000";"2,3675540000"
"202100006206";"25";"11";"2021";"12:55";"1";"976";"97611";"2";"1";"1";"2";"passamanty-Sada ( rue de )";" -12,7990300000";"45,2156800000"
"202100006207";"25";"11";"2021";"07:20";"1";"974";"97416";"2";"1";"1";"6";"BOEUF (CHEMIN) (1)";" -21,2872000000";"55,4676100000"
"202100006208";"24";"11";"2021";"15:00";"1";"974";"97407";"2";"9";"1";"5";"MARINE(BOULEVARD)";" -20,9513600000";"55,2883000000"
"202100006209";"24";"11";"2021";"13:10";"1";"973";"97302";"2";"3";"1";"3";"SAINT ANTOINE (CHEMIN)";"4,9321333590";" -52,2971678227"
"202100006210";"24";"11";"2021";"09:40";"1";"973";"97302";"2";"1";"1";"6";"GALMOT (AVENUE)";"4,9315780596";" -52,3295066357"
"202100006211";"26";"11";"2021";"21:35";"5";"69";"69259";"2";"2";"2";"2";"AMBROISE CROIZAT (BD)";"45,7143100000";"4,8792400000"
"202100006212";"17";"11";"2021";"12:40";"1";"69";"69387";"2";"1";"1";"6";"JEAN JAURES (AV)";"45,7417500000";"4,8398100000"
"202100006213";"24";"11";"2021";"17:15";"2";"69";"69259";"2";"9";"1";"1";"AMBROISE CROIZAT (BD)";"45,7023900000";"4,8877400000"
"202100006214";"25";"11";"2021";"13:30";"1";"69";"69389";"2";"2";"2";"3";"ROSA PARKS (AV)";"45,7867600000";"4,7904800000"
"202100006215";"25";"11";"2021";"12:20";"1";"69";"69081";"2";"3";"2";"3";"VILLENEUVE (DE) (CHM)";"45,7856500000";"4,7829300000"
"202100006216";"24";"11";"2021";"20:15";"5";"69";"69384";"2";"2";"1";"3";"ROBERT SCHUMAN (PT)";"45,7799849829";"4,8109066486"
"202100006217";"25";"11";"2021";"08:20";"1";"2B";"2B033";"1";"1";"2";"1";"ROUTE ROYALE";"42,6783021456";"9,4318660289"
"202100006218";"24";"11";"2021";"11:08";"1";"2B";"2B033";"2";"4";"1";"2";"SAMPIERO CORSO - AV";"42,6748700000";"9,4438400000"
"202100006219";"25";"11";"2021";"18:05";"5";"91";"91027";"2";"1";"1";"4";"RUE EDOUARD VAILLANT";"48,7057900000";"2,3935000000"
"202100006220";"25";"11";"2021";"11:41";"1";"87";"87085";"2";"1";"2";"3";"CARNOT (BOULEVARD)";"45,8321900000";"1,2612300000"
"202100006221";"24";"11";"2021";"19:17";"5";"87";"87085";"2";"2";"1";"6";"SAINTE CLAIRE (RUE)";"45,8235600000";"1,2413200000"
"202100006222";"23";"11";"2021";"18:59";"5";"87";"87085";"2";"2";"1";"1";"DUTREIX (RUE ARMAND)";"45,8312300000";"1,2403300000"
"202100006223";"22";"11";"2021";"13:20";"1";"87";"87048";"1";"3";"1";"4";"NEXON (ROUTE DE)";"45,7802300000";"1,2216900000"
"202100006224";"23";"11";"2021";"16:35";"1";"87";"87085";"2";"1";"1";"6";"TARRADE (AVENUE ADRIEN)";"45,8388000000";"1,2550700000"