"Num_Acc";"jour";"mois";"an";"hrmn";"lum";"dep";"com";"agg";"int";"atm";"col";"adr";"lat";"long"
"202100006412";"24";"11";"2021";"10:25";"1";"54";"54549";"1";"1";"8";"1";"ART SUR MEURTHE (ROUTE D')";"48,6448390000";"6,2919570000"
"202100006413";"24";"11";"2021";"14:20";"1";"51";"51454";"2";"3";"1";"3";"Avenue Robert Schuman";"49,2316500000";"4,0112200000"
"202100006414";"24";"11";"2021";"12:25";"1";"51";"51454";"2";"4";"1";"3";"Rue de la Petite Vitesse";"49,2663100000";"4,0328000000"
"202100006415";"24";"11";"2021";"12:30";"1";"51";"51454";"2";"6";"1";"3";"Place du Souvenir FranÃ§ais";"49,2692350000";"4,0700230000"
"202100006416";"24";"11";"2021";"11:30";"1";"51";"51454";"2";"1";"1";"7";"Rue du Grand CrÃ©do";"49,2552708965";"4,0348483622"
"202100006417";"23";"11";"2021";"12:25";"1";"51";"51454";"2";"1";"1";"1";"Rue de Courcelles";"49,2669895310";"4,0020322055"
"202100006418";"22";"11";"2021";"22:57";"5";"49";"49007";"2";"1";"1";"7";"BON PASTEUR BOULEVARD";"47,4733980000";" -0,5782380000"
"202100006419";"24";"11";"2021";"10:22";"1";"47";"47001";"2";"3";"1";"3";"STALINGRAD (AVENUE DE )";"44,2103600000";"0,6300800000"
"202100006420";"24";"11";"2021";"10:30";"1";"45";"45234";"2";"9";"1";"6";"Rue Muzene";"47,8990890464";"1,9022570550"
"202100006421";"24";"11";"2021";"18:30";"3";"44";"44109";"1";"1";"1";"3";"BOULEVARD DE LA PRAIRIE DE MAUVES";"47,2234800000";" -1,5016000000"
"202100006422";"24";"11";"2021";"15:45";"1";"37";"37214";"2";"4";"8";"6";"VOISIN (BOULEVARD ANDRE-GEORGES)";"47,4272702139";"0,6579430096"
"202100006423";"20";"11";"2021";"18:00";"5";"34";"34032";"2";"1";"1";"6";"Avenue Armand Vaquerin";"43,3355042315";"3,2550726125"
"202100006424";"24";"11";"2021";"17:35";"5";"33";"33529";"2";"1";"2";"6";"Avenue Pasteur";"44,6362900000";" -1,1405200000"
"202100006425";"24";"11";"2021";"19:00";"5";"31";"31557";"2";"9";"3";"6";"MARQUISAT (AV DU)";"43,5761410000";"1,3478540000"
"202100006426";"24";"11";"2021";"12:38";"1";"31";"31149";"2";"9";"2";"3";"COURNAUDIS (CHEMIN DE)";"43,6022300000";"1,3396200000"
"202100006427";"2";"11";"2021";"17:10";"2";"30";"30189";"2";"1";"1";"6";"BEAUCAIRE (ROUTE)";"43,8364540000";"4,3939680000"
"202100006428";"24";"11";"2021";"18:00";"5";"29";"29019";"2";"3";"1";"1";"Avenue Salaun Penquer";"48,3853000000";" -4,4827800000"
"202100006429";"23";"11";"2021";"08:40";"1";"29";"29019";"2";"1";"1";"1";"Rue GÃ©nÃ©ral Paulet";"48,4247835767";" -4,4773766398"
"202100006430";"20";"11";"2021";"13:00";"1";"29";"29019";"2";"1";"1";"6";"Avenue 1Ã¨re D.f.l.";"48,3759250000";" -4,5542870000"
"202100006431";"23";"11";"2021";"07:05";"5";"29";"29019";"2";"2";"1";"3";"Rue Robespierre";"48,4132800000";" -4,4913800000"
"202100006432";"19";"11";"2021";"05:50";"5";"22";"22113";"2";"1";"1";"3";"ANRTP (PEGASE)";"48,7530000000";" -3,4575800000"
"202100006433";"23";"11";"2021";"18:58";"4";"21";"21231";"2";"1";"1";"6";"BUFFON (RUE)";"47,3189400000";"5,0444100000"
"202100006434";"24";"11";"2021";"19:30";"5";"17";"17300";"2";"3";"1";"1";"WILSON   AVENUE DU PRESIDENT";"46,1526140000";" -1,1925210000"
"202100006435";"20";"11";"2021";"13:35";"1";"17";"17274";"1";"1";"1";"2";"116 PK RN137 ROCHEFORT JUSTICE";"46,1546800000";" -1,1148600000"
"202100006436";"12";"11";"2021";"22:50";"5";"17";"17291";"2";"6";"1";"3";"JUIN 18  RUE";"46,1768600000";" -1,1082900000"
"202100006437";"24";"11";"2021";"15:50";"1";"17";"17449";"2";"1";"7";"6";"SAINTONGE AVENUE DE";"45,9503300000";" -0,8964300000"
"202100006438";"23";"11";"2021";"19:25";"5";"14";"14366";"2";"2";"1";"1";"Rue Fournet";"49,1381430000";"0,2273430000"
"202100006439";"24";"11";"2021";"07:45";"2";"14";"14118";"2";"3";"1";"3";"BLANC (RUE DU)";"49,1750000000";" -0,3792600000"
"202100006440";"24";"11";"2021";"23:00";"5";"13";"13054";"2";"2";"2";"3";"FIGUERES (RUE DES )";"43,4166500000";"5,2097800000"
"202100006441";"24";"11";"2021";"20:15";"5";"13";"13205";"2";"1";"3";"6";"JEAN MOULIN (BOULEVARD)";"43,2903500000";"5,3997000000"
"202100006442";"24";"11";"2021";"18:25";"5";"13";"13208";"2";"1";"3";"6";"PRADO (AVENUE DU)";"43,2695400000";"5,3867000000"
"202100006443";"24";"11";"2021";"18:40";"5";"13";"13205";"2";"1";"2";"6";"GOUDARD (RUE)";"43,2941300000";"5,3942500000"
"202100006444";"16";"11";"2021";"13:00";"1";"13";"13208";"2";"1";"1";"3";"PRADO (AVENUE DU)";"43,2703595949";"5,3879738951"
"202100006445";"23";"11";"2021";"08:51";"1";"10";"10387";"2";"1";"1";"6";"BEAU TOCQUAT (RUE)";"48,3065900000";"4,0435500000"
"202100006446";"24";"11";"2021";"16:19";"2";"06";"06088";"2";"2";"8";"3";"BARBERIS (RUE)";"43,7035600000";"7,2884700000"
"202100006447";"24";"11";"2021";"18:02";"5";"06";"06029";"2";"9";"1";"6";"BACHAGA SAID BOUALAM (AVENUE)";"43,5531770000";"7,0126680000"
"202100006448";"24";"11";"2021";"11:30";"1";"06";"06029";"2";"2";"1";"6";"SERBES (RUE DES)";"43,5530600000";"7,0205500000"
"202100006449";"24";"11";"2021";"06:33";"2";"06";"06030";"2";"3";"1";"3";"JEANPIERRE (AVENUE MAURICE)";"43,5723200000";"7,0062510000"
"202100006450";"24";"11";"2021";"18:40";"5";"06";"06123";"2";"1";"2";"5";"CURIE PIERRE ET MARIE AVENUE";"43,6881810000";"7,1866490000"
"202100006451";"9";"11";"2021";"10:35";"1";"06";"06004";"2";"2";"1";"3";"VAUTRIN BD DU GENERAL";"43,5851140000";"7,1180880000"
"202100006452";"24";"11";"2021";"11:20";"1";"02";"02738";"2";"1";"7";"2";"GRASSE(RUE DE)";"49,6605360000";"3,2791460000"
"202100006453";"24";"11";"2021";"18:48";"5";"75";"75119";"2";"1";"1";"4";"PORTE DES LILAS";"48,8810000000";"2,4036530000"
"202100006454";"24";"11";"2021";"13:10";"1";"75";"75116";"2";"4";"1";"3";"ECHANGEUR AUTEUIL";"48,8516000000";"2,2523120000"
"202100006455";"24";"11";"2021";"08:45";"1";"75";"75113";"2";"1";"1";"4";"PORTE D ITALIE";"48,8168330000";"2,3649820000"
"202100006456";"23";"11";"2021";"08:10";"1";"75";"75116";"2";"1";"1";"3";"PORTE MAILLOT";"48,8777530000";"2,2801840000"
"202100006457";"24";"11";"2021";"18:20";"2";"75";"75107";"2";"2";"1";"6";"RUE MALAR";"48,8617020000";"2,3054640000"
"202100006458";"24";"11";"2021";"22:15";"5";"75";"75106";"2";"4";"1";"6";"BOULEVARD RASPAIL";"48,8424130000";"2,3295550000"
"202100006459";"24";"11";"2021";"15:40";"1";"75";"75105";"2";"2";"1";"2";"QUAI DE LA TOURNELLE";"48,8511147922";"2,3512780666"
"202100006460";"23";"11";"2021";"21:45";"5";"75";"75117";"2";"4";"1";"2";"BOULEVARD PERIPHERIQUE";"48,8806620000";"2,2818650000"
"202100006461";"24";"11";"2021";"16:20";"1";"75";"75115";"2";"4";"1";"6";"BOULEVARD DE GRENELLE";"48,8497940000";"2,2960070000"
"202100006462";"24";"11";"2021";"12:20";"1";"75";"75115";"2";"2";"1";"6";"BOULEVARD VICTOR";"48,8335060000";"2,2865270000"
"202100006463";"24";"11";"2021";"09:28";"1";"75";"75115";"2";"3";"1";"3";"PLACE DE LA PORTE DE VERSAILLES";"48,8323480000";"2,2876780000"
"202100006464";"24";"11";"2021";"13:05";"1";"75";"75110";"2";"2";"1";"3";"BOULEVARD DE LA VILLETTE";"48,8838620000";"2,3685910000"
"202100006465";"24";"11";"2021";"11:30";"1";"75";"75110";"2";"2";"1";"3";"QUAI DE JEMMAPES";"48,8688000000";"2,3676310000"
"202100006466";"24";"11";"2021";"10:45";"1";"75";"75110";"2";"4";"1";"6";"RUE DE NANCY";"48,8720650000";"2,3598320000"
"202100006467";"24";"11";"2021";"17:30";"3";"75";"75108";"2";"5";"1";"6";"RUE DE COURCELLES";"48,8763820000";"2,3078650000"
"202100006468";"24";"11";"2021";"17:40";"5";"75";"75107";"2";"1";"1";"3";"PONT DE LA CONCORDE";"48,8632530000";"2,3195010000"
"202100006469";"24";"11";"2021";"06:20";"2";"75";"75108";"2";"4";"1";"3";"RUE DE COURCELLES";"48,8763780000";"2,3078680000"
"202100006470";"24";"11";"2021";"18:45";"5";"75";"75107";"2";"1";"1";"7";"RUE DE BABYLONE";"48,8517300000";"2,3257860000"
"202100006471";"24";"11";"2021";"11:24";"1";"75";"75107";"2";"2";"1";"3";"BOULEVARD RASPAIL";"48,8517410000";"2,3267680000"
"202100006472";"24";"11";"2021";"19:10";"5";"75";"75109";"2";"2";"1";"3";"BOULEVARD HAUSSMANN";"48,8732260000";"2,3311410000"
"202100006473";"23";"11";"2021";"18:20";"5";"75";"75102";"2";"2";"1";"6";"RUE DU QUATRE SEPTEMBRE";"48,8691740000";"2,3386910000"
"202100006474";"24";"11";"2021";"10:22";"1";"94";"94046";"2";"1";"1";"6";"GENERAL DE GAULLE (AV DU)";"48,8066070000";"2,4390510000"
"202100006475";"23";"11";"2021";"08:30";"1";"94";"94046";"2";"2";"1";"6";"Rue Saint-Georges";"48,8036600000";"2,4278600000"
"202100006476";"24";"11";"2021";"01:50";"5";"94";"94041";"2";"1";"1";"6";"Place Parmentier";"48,8111000000";"2,3834400000"
"202100006477";"22";"11";"2021";"12:45";"1";"94";"94022";"2";"2";"1";"3";"Boulevard de Stalingrad";"48,7733800000";"2,3997000000"
"202100006478";"23";"11";"2021";"11:40";"1";"94";"94019";"2";"6";"7";"6";"RABELAIS (R)";"48,8046800000";"2,5540700000"
"202100006479";"24";"11";"2021";"15:32";"1";"93";"93072";"2";"5";"1";"6";"LOUIS BORDES (RUE)";"48,9557700000";"2,3833300000"
"202100006480";"24";"11";"2021";"16:15";"1";"93";"93071";"1";"1";"1";"2";"SURIEGES (ALLEE DE)";"48,9298212021";"2,5147832086"
"202100006481";"24";"11";"2021";"08:20";"1";"93";"93031";"2";"9";"1";"3";"SAINT LEU (ROUTE DE) 1 Ã  157";"48,9525160000";"2,3375640000"
"202100006482";"24";"11";"2021";"07:00";"5";"93";"93049";"2";"5";"1";"3";"PASTEUR (RUE)";"48,8582351164";"2,5019495340"
"202100006483";"24";"11";"2021";"21:55";"5";"93";"93048";"2";"3";"1";"3";"LE NAIN DE TILLEMONT (RUE)";"48,8584469995";"2,4625146389"
"202100006484";"24";"11";"2021";"22:50";"4";"93";"93027";"2";"3";"1";"3";"JAURES (AVENUE JEAN)";"48,9244000000";"2,4016500000"
"202100006485";"24";"11";"2021";"15:15";"1";"92";"92072";"2";"1";"1";"3";"EUROPE (AVENUE DE L')";"48,8225900000";"2,2082900000"
"202100006486";"23";"11";"2021";"16:30";"1";"92";"92072";"2";"3";"1";"6";"BERTHELOT (RUE MARCELIN)";"48,8132034741";"2,2085201740"
"202100006487";"24";"11";"2021";"14:15";"1";"92";"92026";"2";"1";"1";"2";"COURBEVOIE (PONT DE)";"48,8964600000";"2,2645600000"
"202100006488";"24";"11";"2021";"18:20";"5";"92";"92020";"2";"2";"1";"3";"REPUBLIQUE AV. NÂ°27 A 105 ET 26 A 178";"48,8040640000";"2,2978330000"
"202100006489";"24";"11";"2021";"15:20";"1";"92";"92049";"2";"1";"1";"7";"PERI RUE GABRIEL NÂ°37 A 99";"48,8194557955";"2,3141777515"
"202100006490";"24";"11";"2021";"17:58";"5";"92";"92040";"2";"3";"1";"7";"VICTOR HUGO (ROND-POINT)";"48,8279076324";"2,2736596316"
"202100006491";"24";"11";"2021";"17:50";"5";"92";"92026";"2";"1";"1";"6";"HÃTEL DE VILLE (RUE)";"48,8950670000";"2,2566220000"
"202100006492";"24";"11";"2021";"10:15";"1";"92";"92012";"2";"1";"1";"2";"ANATOLE FRANCE (BOULEVARD) 5/FIN";"48,8484011060";"2,2414979339"
"202100006493";"24";"11";"2021";"07:20";"2";"92";"92004";"2";"1";"1";"6";"VOLTAIRE  ( PLACE )";"48,9127250497";"2,2961506248"
"202100006494";"20";"11";"2021";"13:10";"1";"01";"01005";"2";"1";"1";"1";"165 Rue du 3 Septembre 1944";"45,9985830000";"4,9001950000"
"202100006495";"25";"11";"2021";"14:54";"1";"06";"06161";"2";"4";"8";"6";"17 Rue Auguste Escoffier";"43,6584570000";"7,1240970000"
"202100006496";"25";"11";"2021";"07:42";"2";"06";"06161";"2";"3";"2";"3";"51 Avenue des Maurettes";"43,6294010000";"7,1329110000"
"202100006497";"19";"11";"2021";"20:00";"5";"01";"01135";"1";"1";"1";"1";"Route d HarÃ©e";"46,2675220000";"6,0207440000"
"202100006498";"25";"11";"2021";"17:05";"5";"62";"62579";"2";"1";"2";"6";"9 Rue d Arras";"50,1825350000";"2,6587830000"
"202100006499";"24";"11";"2021";"21:00";"3";"57";"57695";"1";"1";"1";"1";"D603";"49,1070280000";"6,4485450000"
"202100006500";"22";"11";"2021";"07:40";"2";"67";"67397";"1";"1";"1";"4";"RD 52 PK 71 + 650";"48,2744530000";"7,6706030000"
"202100006501";"23";"11";"2021";"07:45";"1";"76";"76144";"1";"2";"1";"3";"Route de Veules";"49,7640090000";"0,8809980000"
"202100006502";"24";"11";"2021";"11:10";"1";"89";"89018";"2";"1";"1";"6";"38 Rue de Bourgogne";"48,0416970000";"3,3265520000"
"202100006503";"25";"11";"2021";"04:15";"3";"22";"22345";"1";"1";"2";"1";"Saint-Mieux";"48,3225710000";" -2,5558810000"
"202100006504";"24";"11";"2021";"19:30";"5";"02";"02216";"2";"1";"1";"6";"4 Rue de la Ramee";"49,2522770000";"3,2090330000"
"202100006505";"24";"11";"2021";"10:17";"1";"85";"85084";"1";"1";"1";"3";"D160";"46,7795130000";" -1,2155290000"
"202100006506";"24";"11";"2021";"10:45";"1";"72";"72050";"1";"1";"7";"6";"La Groie de Vaumichel";"47,9808380000";" -0,2139380000"
"202100006507";"23";"11";"2021";"16:10";"2";"72";"72334";"1";"1";"7";"4";"Les ruelles";"48,1731840000";" -0,1224800000"
"202100006508";"29";"10";"2021";"12:00";"1";"50";"50394";"2";"1";"1";"6";"Rue des Forges";"49,1883090000";" -1,4100750000"
"202100006509";"12";"11";"2021";"16:30";"1";"60";"60104";"2";"1";"1";"6";"Rue d'Amiens";"49,6392960000";"2,2814810000"
"202100006510";"24";"11";"2021";"06:45";"3";"45";"45083";"1";"1";"9";"7";"RD 37 PK 16+500";"47,9488330000";"2,9445930000"
"202100006511";"23";"11";"2021";"14:25";"1";"16";"16106";"2";"9";"1";"6";"30 avenue du GÃ©nÃ©ral de Gaulle";"46,0060990000";"0,6726870000"
"202100006512";"25";"11";"2021";"01:25";"5";"07";"07010";"2";"9";"1";"6";"Rue de la Lombardiere";"45,2512510000";"4,6896670000"
"202100006513";"25";"11";"2021";"06:41";"5";"07";"07255";"2";"1";"2";"3";"D104";"44,7552440000";"4,7028780000"
"202100006514";"24";"11";"2021";"18:26";"3";"21";"21624";"2";"1";"9";"6";"Rue des Charmilles";"47,2949410000";"5,2769440000"
"202100006515";"24";"11";"2021";"16:30";"1";"24";"24133";"1";"1";"2";"1";"lieu-dit le meynaud";"45,5668880000";"0,9744360000"
"202100006516";"24";"11";"2021";"20:15";"3";"85";"85024";"1";"1";"1";"7";"LA MICHELLERIE";"46,9259651732";" -1,8374499679"
"202100006517";"25";"11";"2021";"14:15";"1";"30";"30169";"1";"1";"3";"1";"N113";"43,7946630000";"4,3185440000"
"202100006518";"25";"11";"2021";"17:05";"1";"49";"49110";"1";"1";"1";"5";"Autoroute A11 - PK 243.350 - sens LE MANS / ANGERS";"47,5543010000";" -0,3334520000"
"202100006519";"25";"11";"2021";"13:58";"1";"44";"44107";"1";"1";"1";"1";"RD164";"47,4307580000";" -1,3366410000"
"202100006520";"25";"11";"2021";"17:00";"1";"74";"74081";"2";"1";"1";"3";"Avenue Louis Rouxel (Pont)";"46,0587480000";"6,5747800000"
"202100006521";"24";"11";"2021";"10:10";"1";"38";"38417";"2";"2";"1";"3";"D1090 - Place de la mairie";"45,3801750000";"5,9673250000"
"202100006522";"24";"11";"2021";"20:30";"3";"38";"38053";"1";"1";"8";"2";"A43 PK 34+500 sens Lyon-Chambery";"45,5939810000";"5,2890590000"
"202100006523";"25";"11";"2021";"13:05";"1";"974";"97418";"2";"1";"1";"3";"rue de la convenance";" -20,8959770000";"55,5590360000"
"202100006524";"24";"11";"2021";"10:30";"1";"973";"97305";"1";"1";"1";"5";"Route Nationale 1";"4,9254960000";" -52,3909880000"
"202100006525";"24";"11";"2021";"17:15";"2";"77";"77453";"1";"3";"1";"3";"D408";"48,5463949976";"2,7833057843"
"202100006526";"25";"11";"2021";"07:40";"1";"71";"71525";"1";"1";"1";"1";"N79 - RCEA";"46,3722500000";"4,6746610000"
"202100006527";"25";"11";"2021";"02:52";"3";"88";"88393";"1";"1";"5";"6";"D166";"48,3444900000";"5,7394450000"
"202100006528";"24";"11";"2021";"14:20";"1";"69";"69024";"1";"4";"1";"3";"11 NOVEMBRE 1918 (DU) (R)";"45,9161690000";"4,5773290000"
"202100006529";"25";"11";"2021";"12:00";"1";"76";"76566";"2";"1";"2";"6";"Rue Andre Marie";"49,5980900000";"0,9746930000"
"202100006530";"24";"11";"2021";"18:00";"3";"76";"76473";"1";"1";"1";"1";"D490";"49,4941270000";"0,7502870000"
"202100006531";"24";"11";"2021";"17:00";"1";"13";"13211";"1";"1";"2";"4";"A50-Sens Marseille vers Aubagne";"43,2910200000";"5,4861000000"
"202100006532";"24";"11";"2021";"16:20";"1";"13";"13005";"1";"1";"2";"3";"A50-Sens Aubagne vers Marseille";"43,2883100000";"5,5484120000"
"202100006533";"16";"11";"2021";"12:06";"1";"13";"13071";"1";"1";"1";"3";"A7-Sens Lyon vers Marseille";"43,4068230000";"5,3279350000"
"202100006534";"19";"11";"2021";"18:30";"3";"42";"42218";"1";"1";"1";"4";"RN88";"45,4338700000";"4,4224500000"
"202100006535";"24";"11";"2021";"21:30";"5";"33";"33063";"1";"1";"2";"7";"ROCADE A 630";"44,8844700000";" -0,5598900000"
"202100006536";"24";"11";"2021";"19:35";"1";"33";"33096";"1";"1";"2";"4";"AUTOROUTE A 10";"44,9045200000";" -0,4928600000"
"202100006537";"24";"11";"2021";"09:02";"1";"33";"33096";"1";"1";"2";"2";"AUTOROUTE A 10";"44,8924100000";" -0,5006200000"
"202100006538";"24";"11";"2021";"03:35";"3";"33";"33318";"1";"1";"2";"6";"ROCADE A 630";"44,8023200000";" -0,6591300000"
"202100006539";"24";"11";"2021";"15:50";"1";"91";"91689";"1";"1";"1";"4";"AUTOROUTE A6B";"48,7481300000";"2,3263400000"
"202100006540";"24";"11";"2021";"18:30";"3";"92";"92036";"1";"1";"1";"3";"AUTOROUTE A15";"48,9465157059";"2,2827709006"
"202100006541";"24";"11";"2021";"18:40";"3";"77";"77294";"1";"1";"1";"3";"A104";"48,9697644713";"2,5981800905"
"202100006542";"24";"11";"2021";"17:50";"3";"94";"94017";"1";"1";"1";"2";"A4";"48,8290500000";"2,5004500000"
"202100006543";"22";"07";"2021";"09:04";"1";"65";"65440";"2";"1";"1";"6";"8 Av Aristide Briand";"43,2277970000";"0,0692990000"
"202100006544";"1";"07";"2021";"21:45";"2";"61";"61222";"2";"3";"1";"3";"N/A";"48,7583600000";" -0,6477600000"
"202100006545";"23";"11";"2021";"17:40";"5";"75";"75118";"2";"1";"8";"3";"BOULEVARD NEY";"48,8977070000";"2,3359180000"
"202100006546";"23";"11";"2021";"14:00";"1";"72";"72181";"2";"1";"1";"6";"DURAND GEORGES (AV) NÂ° IMP 199 AU NÂ° 311";"47,9755000000";"0,2149800000"
"202100006547";"22";"11";"2021";"19:05";"3";"02";"02408";"1";"1";"1";"6";"RN2";"49,5484100000";"3,6176600000"
"202100006548";"22";"11";"2021";"02:55";"5";"92";"92050";"1";"1";"1";"6";"A14";"48,8949371580";"2,2282637291"
"202100006549";"21";"11";"2021";"16:15";"2";"971";"97101";"1";"1";"7";"6";"PETIT PEROU";"16,2514900000";" -61,5165600000"
"202100006550";"20";"11";"2021";"02:57";"3";"30";"30032";"1";"1";"1";"6";"FOURQUES ROUTE DE";"43,7798000000";"4,6232000000"
"202100006551";"19";"11";"2021";"16:10";"1";"05";"05061";"2";"1";"1";"6";"JEAN JAURES ( AVENUE )";"44,5545600000";"6,0743200000"
"202100006552";"19";"11";"2021";"18:40";"3";"58";"58194";"2";"3";"1";"3";"CAMILLE BAYNAC";"46,9888000000";"3,1332000000"
"202100006553";"27";"09";"2021";"01:45";"3";"77";"77269";"1";"1";"1";"1";"LE COUDRAY";"48,5476233891";"2,6803052694"
"202100006554";"22";"11";"2021";"17:20";"1";"988";"98818";"2";"3";"1";"3";"ROUTE DE L'ANSE VATA";" -22,2794600000";"166,4486400000"
"202100006555";"22";"11";"2021";"11:30";"1";"976";"97611";"2";"1";"1";"6";"tsoundzou-Maternelle ( rue de la )";" -12,8071700000";"45,2047100000"
"202100006556";"22";"11";"2021";"10:55";"1";"976";"97611";"2";"4";"1";"7";"mamoudzou centre-Haladi Selemani ( rue )";" -12,7798600000";"45,2285900000"
"202100006557";"23";"11";"2021";"11:20";"1";"974";"97416";"1";"1";"1";"3";"ENTRE DEUX (CHEMIN) CD26";" -21,2962656591";"55,4429984093"
"202100006558";"22";"11";"2021";"17:55";"1";"974";"97411";"2";"1";"1";"3";"LECONTE DE LISLE (AVENUE)";" -20,8932800000";"55,4846300000"
"202100006559";"21";"11";"2021";"23:30";"3";"974";"97407";"2";"1";"1";"6";"SACRE COEUR (RD POINT) -RIV. DES GALETS ";" -20,9550000000";"55,3110000000"
"202100006560";"23";"11";"2021";"13:34";"1";"973";"97302";"2";"1";"1";"3";"BRUTUS (CITE)";"4,9414900943";" -52,3195656538"
"202100006561";"21";"11";"2021";"03:13";"5";"973";"97302";"2";"3";"1";"7";"RABAN (ROUTE DE)";"4,9309979962";" -52,3132299185"
"202100006562";"22";"11";"2021";"18:30";"5";"69";"69259";"2";"1";"1";"4";"LAURENT BONNEVAY (BD)";"45,7196900000";"4,8802700000"
"202100006563";"23";"11";"2021";"17:45";"5";"69";"69259";"2";"1";"1";"6";"JACQUES DUCLOS (AV)";"45,6970200000";"4,8883600000"
"202100006564";"22";"11";"2021";"21:20";"5";"69";"69386";"2";"2";"1";"3";"MOLIERE (R)";"45,7648200000";"4,8427700000"
"202100006565";"23";"11";"2021";"13:30";"1";"972";"97209";"2";"1";"1";"1";"DESROCHERS (ROUTE DE)";"14,6256200000";" -61,0727540000"
"202100006566";"6";"11";"2021";"06:15";"5";"69";"69382";"2";"1";"1";"2";"GALLIENI (PT)";"45,7486047892";"4,8312002420"
"202100006567";"22";"11";"2021";"18:00";"5";"69";"69382";"2";"3";"1";"6";"PRESIDENT EDOUARD HERRIOT (DU) (R)";"45,7587500000";"4,8339300000"
"202100006568";"22";"11";"2021";"09:51";"1";"69";"69382";"2";"1";"8";"6";"GASPARIN (R)";"45,7598000000";"4,8334100000"
"202100006569";"22";"11";"2021";"17:48";"2";"2B";"2B033";"2";"1";"1";"4";"11 - RT";"42,7001396319";"9,4520646444"
"202100006570";"23";"11";"2021";"16:30";"1";"2A";"2A004";"2";"3";"1";"3";"PRINCE IMPERIAL COURS";"41,9341500000";"8,7475900000"
"202100006571";"22";"11";"2021";"17:50";"5";"95";"95019";"2";"9";"1";"1";"LAUGERE JEAN (AVENUE)";"48,9953633941";"2,4174857140"
"202100006572";"22";"11";"2021";"13:40";"1";"95";"95277";"2";"1";"1";"2";"RD 370";"48,9910832520";"2,4316048622"
"202100006573";"22";"11";"2021";"19:25";"5";"95";"95197";"2";"3";"1";"3";"GARE (RUE DE LA)";"48,9754000000";"2,3329600000"
"202100006574";"23";"11";"2021";"20:54";"5";"91";"91021";"2";"1";"1";"4";"AV HOCHE";"48,5907400000";"2,2562700000"
"202100006575";"23";"11";"2021";"11:10";"1";"91";"91103";"2";"3";"1";"1";"AV DE LA COMMUNE DE PARIS";"48,5918300000";"2,3017200000"
"202100006576";"23";"11";"2021";"08:30";"1";"91";"91549";"2";"1";"1";"3";"LONGPONT (ROUTE DE)";"48,6512800000";"2,3080700000"
"202100006577";"21";"11";"2021";"12:12";"1";"91";"91692";"1";"1";"2";"4";"OCEANIE (AVENUE DE L')";"48,6799200000";"2,2007200000"
"202100006578";"23";"11";"2021";"05:00";"5";"91";"91657";"2";"2";"1";"6";"AV HENRI BARBUSSE";"48,7025300000";"2,4279100000"
"202100006579";"20";"11";"2021";"19:30";"5";"91";"91201";"2";"3";"1";"6";"BD HENRI BARBUSSE";"48,6937600000";"2,4134500000"
"202100006580";"22";"11";"2021";"19:00";"5";"87";"87085";"2";"3";"1";"7";"LATTRE-DE-TASSIGNY (AVENUE DU MARECHAL)";"45,8256000000";"1,2788300000"
"202100006581";"18";"11";"2021";"08:04";"2";"87";"87085";"1";"1";"1";"4";"AUTOROUTE A20";"45,8515000000";"1,2759900000"
"202100006582";"20";"11";"2021";"18:08";"3";"87";"87048";"1";"1";"1";"6";"RD 11";"45,7759300000";"1,2225200000"
"202100006583";"19";"11";"2021";"10:55";"1";"87";"87085";"2";"3";"1";"6";"BARBES (RUE ARMAND)";"45,8421500000";"1,2581000000"
"202100006584";"20";"11";"2021";"08:17";"1";"87";"87085";"2";"1";"1";"6";"CARMES (PLACE DES)";"45,8300100000";"1,2508100000"
"202100006585";"18";"11";"2021";"00:00";"5";"86";"86066";"2";"3";"1";"3";"Rue Auguste Sutter";"46,8256610000";"0,5342260000"
"202100006586";"20";"11";"2021";"19:50";"5";"85";"85194";"2";"2";"5";"3";"MITTERAND (AVENUE FRANCOIS)";"46,5070000000";" -1,7773900000"
"202100006587";"7";"11";"2021";"19:20";"3";"84";"84007";"2";"9";"1";"2";"CHARLES DE GAULLE";"43,9288370000";"4,8056250000"
"202100006588";"23";"11";"2021";"07:55";"1";"83";"83090";"2";"9";"1";"6";"FAVEYROLLES (ROUTE DE)";"43,1377700000";"5,8719880000"
"202100006589";"22";"09";"2021";"15:40";"1";"83";"83137";"2";"1";"1";"6";"SADI CARNOT (PLACE)";"43,1306800000";"5,9201200000"
"202100006590";"23";"11";"2021";"20:08";"3";"83";"83126";"1";"1";"1";"6";"CHEMIN GASTON BELTRAME";"43,1197100000";"5,8599100000"
"202100006591";"17";"11";"2021";"17:25";"3";"83";"83009";"1";"1";"1";"5";"BEAUSSET (ROUTE DU)";"43,1496890000";"5,7646160000"
"202100006592";"19";"11";"2021";"14:35";"1";"82";"82121";"2";"1";"1";"5";"10EME DRAGONS (AVENUE DU)";"44,0232200000";"1,3443800000"
"202100006593";"19";"11";"2021";"11:47";"1";"80";"80674";"2";"1";"2";"3";"THUILLIER DELAMBRE (RUE)";"49,9020500000";"2,3260000000"
"202100006594";"22";"11";"2021";"14:50";"1";"80";"80021";"2";"2";"1";"3";"RUE DU PROFESSEUR CHRISTIAN CABROL";"49,8804700000";"2,2711600000"
"202100006595";"19";"11";"2021";"14:30";"1";"80";"80021";"2";"1";"1";"3";"CAGNY (RUE DE)";"49,8824000000";"2,3188700000"
"202100006596";"17";"11";"2021";"07:40";"3";"80";"80702";"1";"1";"1";"1";"DURY (ROUTE DE)";"49,8453000000";"2,2907800000"
"202100006597";"23";"11";"2021";"16:14";"1";"79";"79191";"2";"2";"1";"3";"Boulevard de lâAtlantique";"46,3162000000";" -0,4769100000"