"Num_Acc";"jour";"mois";"an";"hrmn";"lum";"dep";"com";"agg";"int";"atm";"col";"adr";"lat";"long"
"202100006782";"24";"11";"2021";"10:00";"1";"34";"34325";"2";"1";"3";"6";"Avenue de BÃ©ziers";"43,4199020000";"3,3647720000"
"202100006783";"24";"11";"2021";"20:00";"5";"83";"83115";"2";"1";"9";"6";"Route du Plan de la Tour";"43,3276320000";"6,6130670000"
"202100006784";"23";"11";"2021";"14:15";"1";"79";"79038";"1";"4";"1";"2";"N/A";"46,7876310000";" -0,4793640000"
"202100006785";"23";"11";"2021";"11:00";"1";"29";"29181";"1";"6";"1";"6";"D770";"48,4782604370";" -4,2864918708"
"202100006786";"24";"11";"2021";"07:50";"2";"35";"35183";"1";"1";"9";"2";"Lieu Dit le Petit Cerisais";"48,0927710000";" -1,0836660000"
"202100006787";"23";"11";"2021";"17:35";"3";"13";"13215";"1";"1";"1";"4";"A7-Sens Marseille vers Lyon";"43,3428121566";"5,3763828276"
"202100006788";"23";"11";"2021";"14:15";"1";"13";"13215";"1";"1";"1";"3";"A55-Sens Marseille vers Martigues";"43,3283600000";"5,3573000000"
"202100006789";"23";"11";"2021";"08:45";"1";"13";"13055";"1";"1";"1";"2";"A507 sens Marseille - Aubagne";"43,3026000000";"5,4253900000"
"202100006790";"22";"11";"2021";"06:45";"1";"13";"13056";"1";"1";"5";"7";"A55-Sens Martigues vers Marseille";"43,3940720000";"5,0641860000"
"202100006791";"21";"11";"2021";"20:42";"3";"13";"13005";"1";"1";"5";"5";"A52-Sens Pont de l'Etoile vers Toulon";"43,3021600000";"5,5908900000"
"202100006792";"22";"11";"2021";"08:20";"1";"83";"83090";"1";"1";"1";"3";"A50";"43,1242400000";"5,8720000000"
"202100006793";"22";"11";"2021";"18:15";"3";"69";"69288";"1";"1";"1";"2";"A43";"45,6778800000";"5,0280100000"
"202100006794";"6";"11";"2021";"00:10";"3";"33";"33281";"1";"1";"1";"6";"Rocade Ouest A630";"44,8300360000";" -0,6756930000"
"202100006795";"23";"11";"2021";"18:40";"3";"91";"91560";"1";"1";"1";"7";"AUTOROUTE A10";"48,6661400000";"2,1908800000"
"202100006796";"23";"11";"2021";"18:00";"3";"91";"91477";"1";"1";"1";"2";"A10 PROVINCE / RD188 PARIS";"48,7163100000";"2,2652300000"
"202100006797";"23";"11";"2021";"09:10";"1";"91";"91553";"1";"1";"1";"3";"RN 104";"48,6318530000";"2,5006120000"
"202100006798";"22";"11";"2021";"18:35";"3";"78";"78646";"1";"1";"1";"2";"RN12";"48,7930160000";"2,0835240000"
"202100006799";"22";"11";"2021";"18:10";"3";"92";"92047";"1";"1";"1";"4";"A13";"48,8352410570";"2,1770575759"
"202100006800";"22";"11";"2021";"11:00";"1";"92";"92050";"1";"1";"1";"6";"A86";"48,8919195014";"2,1788476632"
"202100006801";"23";"11";"2021";"14:15";"1";"95";"95500";"1";"1";"1";"4";" A15";"49,0407300000";"2,0823200000"
"202100006802";"23";"11";"2021";"10:00";"1";"95";"95365";"1";"1";"1";"2";"RN 104";"49,0642400000";"2,4103500000"
"202100006803";"23";"11";"2021";"08:55";"1";"95";"95582";"1";"1";"1";"4";"AUTOROUTE A15";"48,9730600000";"2,2464100000"
"202100006804";"23";"11";"2021";"09:05";"1";"95";"95018";"1";"1";"1";"3";" A15";"48,9599262817";"2,2713712872"
"202100006805";"23";"11";"2021";"07:30";"4";"93";"93008";"1";"1";"1";"5";"AUTOROUTE A86";"48,9123200000";"2,4407100000"
"202100006806";"22";"11";"2021";"06:20";"3";"93";"93027";"1";"1";"1";"3";"BDL";"48,9265600000";"2,4018400000"
"202100006807";"23";"11";"2021";"20:15";"3";"77";"77169";"1";"1";"1";"2";"RN104";"48,8226054237";"2,6150531482"
"202100006808";"23";"11";"2021";"15:10";"1";"94";"94046";"1";"1";"1";"3";"A86 EXT";"48,8108000000";"2,4493700000"
"202100006809";"23";"11";"2021";"13:30";"1";"94";"94028";"1";"1";"1";"2";"A86 INT";"48,7902000000";"2,4405000000"
"202100006810";"23";"11";"2021";"12:30";"1";"77";"77249";"1";"1";"1";"2";"RN104";"48,7464753991";"2,6138538972"
"202100006811";"22";"11";"2021";"18:25";"2";"75";"75120";"2";"4";"1";"3";"PORTE DE VINCENNES";"48,8480140000";"2,4146640000"
"202100006812";"22";"11";"2021";"17:20";"5";"75";"75119";"2";"1";"1";"3";"PORTE DES LILAS";"48,8788790000";"2,4079060000"
"202100006813";"21";"11";"2021";"19:50";"5";"75";"75117";"2";"4";"2";"2";"PORTE DE CHAMPERRET";"48,8852770000";"2,2871230000"
"202100006814";"21";"11";"2021";"01:15";"5";"75";"75116";"2";"1";"1";"2";"BOULEVARD PERIPHERIQUE EXTERIEUR OUEST";"48,8744750000";"2,2757780000"
"202100006815";"19";"11";"2021";"22:45";"5";"75";"75117";"2";"3";"1";"2";"BOULEVARD DU BOIS LE PRETRE";"48,8997650000";"2,3189800000"
"202100006816";"22";"11";"2021";"07:55";"1";"75";"75115";"2";"3";"1";"7";"RUE MADEMOISELLE";"48,8436950000";"2,2985420000"
"202100006817";"22";"11";"2021";"10:50";"1";"75";"75113";"2";"3";"1";"1";"RUE DE LA MAISON BLANCHE";"48,8258030000";"2,3573820000"
"202100006818";"22";"11";"2021";"08:50";"1";"75";"75112";"2";"2";"1";"3";"RUE DE PICPUS";"48,8427110000";"2,3974620000"
"202100006819";"21";"11";"2021";"17:30";"5";"75";"75112";"2";"7";"1";"2";"PLACE DE LA NATION";"48,8482150000";"2,3943430000"
"202100006820";"22";"11";"2021";"17:10";"5";"75";"75110";"2";"3";"1";"6";"RUE DU FAUBOURG SAINT MARTIN";"48,8804050000";"2,3643000000"
"202100006821";"21";"11";"2021";"10:54";"1";"94";"94068";"2";"1";"8";"5";"CAPORAL PEUGEOT (R DU)";"48,7934100000";"2,5159000000"
"202100006822";"22";"11";"2021";"21:10";"5";"94";"94041";"2";"2";"1";"3";"Quai Jean Compagnon";"48,8191300000";"2,3994100000"
"202100006823";"22";"11";"2021";"18:35";"5";"94";"94073";"2";"3";"1";"6";"REPUBLIQUE (AV DE LA)";"48,7657300000";"2,3926500000"
"202100006824";"22";"11";"2021";"17:30";"2";"94";"94070";"1";"3";"1";"3";"Route de Paris";"48,7167500000";"2,5719500000"
"202100006825";"22";"11";"2021";"08:00";"1";"93";"93001";"2";"9";"1";"2";"LUCIEN LEFRANC (QUAI)";"48,9119000000";"2,3733800000"
"202100006826";"22";"11";"2021";"10:40";"1";"93";"93064";"2";"1";"1";"1";"VERDUN (RUE DE)";"48,8770300000";"2,4805770000"
"202100006827";"22";"11";"2021";"18:30";"5";"93";"93049";"2";"1";"1";"7";"ANDRE DEVAMBEZ (PROMENADE)";"48,8523400000";"2,5188700000"
"202100006828";"20";"11";"2021";"20:00";"5";"93";"93049";"2";"1";"2";"6";"GALLIENI (BOULEVARD)";"48,8526800000";"2,5130000000"
"202100006829";"21";"11";"2021";"20:30";"3";"93";"93031";"2";"9";"8";"6";"REPUBLIQUE (AVENUE)";"48,9505400000";"2,3294600000"
"202100006830";"21";"11";"2021";"00:25";"5";"93";"93057";"2";"1";"8";"2";"BRIAND ( AV. ARISTIDE) 1 A29";"48,9078580366";"2,4934124401"
"202100006831";"21";"11";"2021";"19:55";"5";"93";"93007";"2";"9";"1";"2";"VLADIMIR I. LENINE (DU 01 AU 58)     Z2";"48,9473081987";"2,4482325210"
"202100006832";"22";"11";"2021";"17:00";"2";"93";"93005";"2";"1";"1";"6";"PARINOR";"48,9560598861";"2,4762587183"
"202100006833";"22";"11";"2021";"21:39";"5";"93";"93001";"2";"1";"1";"6";"JEAN JAURES  (AVE)  157 A 213";"48,9108520588";"2,3998103162"
"202100006834";"21";"11";"2021";"11:40";"1";"92";"92072";"2";"7";"2";"2";"MANUFACTURE NATIONALE (PLACE DE LA)";"48,8287444188";"2,2246214747"
"202100006835";"22";"11";"2021";"08:00";"2";"92";"92026";"2";"1";"1";"6";"BEZONS (DE 23 A FIN)";"48,8949370000";"2,2503310000"
"202100006836";"21";"11";"2021";"22:40";"5";"92";"92025";"2";"9";"1";"3";"RENOUILLERS  (RUE DES)";"48,9234150000";"2,2360740000"
"202100006837";"22";"11";"2021";"13:25";"1";"92";"92024";"2";"4";"8";"6";"MADAME DE SANZILLON (RUE)";"48,9033615340";"2,3151259124"
"202100006838";"21";"11";"2021";"14:30";"1";"92";"92023";"2";"9";"2";"2";"PORTE DE TRIVAUX (RUE DE LA) NÂ°1 A 55 ET";"48,7863159057";"2,2436678410"
"202100006839";"22";"11";"2021";"13:20";"1";"92";"92023";"2";"1";"1";"6";"TROSY (RUE DU)";"48,8017750617";"2,2618290782"
"202100006840";"22";"11";"2021";"08:15";"1";"92";"92071";"2";"1";"1";"6";"HOUDAN (RUE)";"48,7788948687";"2,2863900661"
"202100006841";"22";"11";"2021";"15:20";"1";"92";"92012";"2";"2";"1";"3";"MARCEL LOYAU (RUE)";"48,8426900000";"2,2489500000"
"202100006842";"10";"11";"2021";"18:45";"5";"51";"51649";"2";"3";"1";"3";"Rue Aristide Briand";"48,7240640758";"4,5839971304"
"202100006843";"22";"11";"2021";"22:34";"5";"95";"95313";"2";"1";"1";"7";"13 Grande Rue";"49,1126810000";"2,2143460000"
"202100006844";"22";"11";"2021";"19:10";"5";"76";"76238";"2";"2";"1";"1";"rue aristide briand";"49,5632840000";"0,2237180000"
"202100006845";"22";"11";"2021";"08:25";"1";"41";"41102";"1";"1";"1";"3";"D 917";"47,7633510000";"0,9366050000"
"202100006846";"23";"11";"2021";"09:10";"1";"41";"41103";"1";"1";"1";"2";"N10";"47,7208470000";"1,0195590000"
"202100006847";"22";"11";"2021";"07:30";"1";"51";"51507";"1";"1";"2";"3";"D3";"49,1016730000";"4,9476240000"
"202100006848";"23";"11";"2021";"16:30";"1";"51";"51183";"1";"3";"1";"4";"D944";"49,3116660000";"3,9831020000"
"202100006849";"21";"11";"2021";"19:00";"3";"19";"19094";"1";"1";"1";"6";"Les prades";"45,3336170000";"1,3208320000"
"202100006850";"22";"11";"2021";"13:00";"1";"56";"56140";"1";"1";"6";"6";"Le Barderff N24";"47,9043450000";" -2,7860100000"
"202100006851";"21";"11";"2021";"21:05";"3";"56";"56079";"1";"1";"2";"6";"La Pyramide";"47,9393204249";" -2,4933707714"
"202100006852";"20";"11";"2021";"18:16";"5";"82";"82048";"2";"6";"1";"6";"Rue du GÃ©nÃ©ral Larroque";"43,8616500000";"1,2676230000"
"202100006853";"21";"11";"2021";"13:00";"1";"32";"32224";"1";"1";"1";"1";"D930";"43,8871800000";"0,3781490000"
"202100006854";"20";"11";"2021";"13:18";"1";"63";"63306";"1";"3";"1";"1";"route dÃ©partementale 1";"45,7063370000";"3,2185110000"
"202100006855";"21";"11";"2021";"17:45";"3";"61";"61008";"1";"1";"9";"5";"D926";"48,7301740000";"0,5459480000"
"202100006856";"23";"11";"2021";"18:35";"5";"55";"55167";"2";"1";"1";"2";"33 Rue du Moulin";"49,3866160000";"5,1817270000"
"202100006857";"23";"11";"2021";"09:30";"2";"41";"41139";"2";"1";"7";"1";"Rue Leon Gambetta";"47,2452770000";"1,4986090000"
"202100006858";"23";"11";"2021";"05:18";"3";"34";"34142";"1";"6";"1";"7";"RD609";"43,7555480000";"3,3297160000"
"202100006859";"28";"10";"2021";"20:05";"3";"35";"35351";"1";"1";"1";"2";"La BÃ©vinais";"48,0584130000";" -1,9291900000"
"202100006860";"22";"11";"2021";"15:55";"1";"29";"29274";"2";"4";"1";"6";"Rue Yves Queignec";"48,0270490000";" -3,7060240000"
"202100006861";"22";"11";"2021";"12:27";"1";"29";"29004";"2";"8";"1";"6";"Rue de la Gare";"47,9271840000";" -3,7072850000"
"202100006862";"23";"11";"2021";"03:15";"3";"03";"03045";"1";"1";"1";"6";"D121";"46,0680690000";"3,5203670000"
"202100006863";"21";"11";"2021";"23:45";"3";"72";"72039";"1";"1";"2";"7";"la sourvanniÃ¨re";"48,1523900000";"0,4388100000"
"202100006864";"23";"11";"2021";"13:15";"1";"50";"50567";"1";"1";"1";"7";"42 Hameau Vautier";"49,5747440000";" -1,4963400000"
"202100006865";"22";"11";"2021";"18:10";"3";"60";"60056";"1";"1";"1";"2";"D120";"49,2944860000";"2,5599570000"
"202100006866";"22";"11";"2021";"18:20";"5";"60";"60509";"2";"1";"1";"6";"45 Rue Georges Decroze";"49,2994930000";"2,6045890000"
"202100006867";"23";"11";"2021";"07:30";"2";"64";"64490";"1";"1";"1";"1";"D918";"43,2227770000";" -1,2980070000"
"202100006868";"23";"11";"2021";"08:00";"3";"10";"10304";"1";"1";"1";"6";"Les Essarts";"48,4173420000";"4,4615810000"
"202100006869";"22";"11";"2021";"14:56";"1";"27";"27518";"1";"1";"7";"1";"D103";"49,4490440000";"0,5212500000"
"202100006870";"23";"11";"2021";"20:25";"3";"17";"17434";"1";"1";"1";"6";"D209";"46,1180490000";" -0,7269430000"
"202100006871";"22";"11";"2021";"08:20";"1";"37";"37269";"1";"1";"8";"5";"N/A";"47,0703964086";"1,0759347481"
"202100006872";"12";"11";"2021";"07:35";"3";"37";"37179";"2";"2";"1";"6";"30 Rue des BoissiÃ¨res";"47,4310655625";"0,7382582771"
"202100006873";"18";"11";"2021";"16:45";"1";"67";"67388";"1";"1";"1";"6";"Rue des Lanciers";"48,9315232341";"7,6843464375"
"202100006874";"22";"11";"2021";"07:05";"2";"24";"24274";"1";"1";"8";"6";"Cote du peyrat";"44,7999870000";"0,4637910000"
"202100006875";"19";"11";"2021";"16:10";"2";"68";"68295";"1";"1";"1";"4";"A35";"48,0176880000";"7,3742720000"
"202100006876";"22";"11";"2021";"18:15";"2";"85";"85071";"1";"3";"1";"1";"rd 754";"46,7687340000";" -1,8299260000"
"202100006877";"23";"11";"2021";"09:30";"1";"06";"06088";"1";"1";"1";"2";"A8 PK 200.100 SENS FRANCE ITALIE";"43,7335920000";"7,2851370000"
"202100006878";"23";"11";"2021";"17:00";"1";"77";"77508";"1";"1";"1";"6";"D231";"48,8267570000";"2,8064920000"
"202100006879";"23";"11";"2021";"08:30";"1";"95";"95658";"1";"1";"7";"5";"RD 14";"49,0809920000";"1,9356970000"
"202100006880";"17";"11";"2021";"21:20";"3";"30";"30128";"2";"1";"1";"7";"Rue de Beaucaire";"43,7295210000";"4,3546340000"
"202100006881";"22";"11";"2021";"18:20";"5";"67";"67348";"2";"1";"1";"6";"Rue du Marechal Juin";"48,4595900000";"7,4958350000"
"202100006882";"22";"11";"2021";"18:00";"5";"38";"38565";"1";"6";"1";"3";"rd 1075";"45,2951620000";"5,6287770000"
"202100006883";"23";"11";"2021";"07:25";"2";"07";"07127";"2";"1";"1";"1";"17 avenue de la gare";"44,6457850000";"4,3272880000"
"202100006884";"12";"11";"2021";"17:30";"3";"01";"01301";"1";"1";"1";"2";"D1079";"46,2428780000";"5,1616000000"
"202100006885";"22";"11";"2021";"09:50";"1";"69";"69010";"2";"1";"1";"6";"GABRIEL PERI (R)";"45,8318340000";"4,6124770000"
"202100006886";"20";"11";"2021";"17:15";"2";"49";"49301";"1";"1";"1";"7";"La ChaumiÃ¨re (la RenaudiÃ¨re)";"47,1225090000";" -1,0512380000"
"202100006887";"23";"11";"2021";"19:00";"3";"59";"59252";"1";"1";"1";"1";"Rue de Messines";"50,7005760000";"2,9699350000"
"202100006888";"22";"11";"2021";"07:30";"2";"59";"59482";"2";"1";"1";"6";"Rue de Lille";"50,7102680000";"2,9976310000"
"202100006889";"21";"11";"2021";"18:09";"3";"13";"13211";"1";"1";"1";"6";"A50-Sens Aubagne vers Marseille";"43,2865000000";"5,5079000000"
"202100006890";"22";"11";"2021";"09:40";"1";"33";"33167";"1";"1";"1";"3";"ROUTE NATIONALE 230";"44,8413000000";" -0,5017600000"
"202100006891";"21";"11";"2021";"13:20";"1";"59";"59346";"1";"1";"2";"6";"ROUTE NATIONALE 227";"50,6012131197";"3,1317768591"
"202100006892";"22";"11";"2021";"17:00";"3";"91";"91687";"1";"1";"1";"5";"AUTOROUTE A6";"48,6670970000";"2,3594590000"
"202100006893";"22";"11";"2021";"08:45";"1";"91";"91179";"1";"1";"1";"3";"AUTOROUTE A6";"48,5657300000";"2,4750400000"
"202100006894";"22";"11";"2021";"08:00";"1";"91";"91689";"1";"1";"1";"2";"AUTOROUTE A6";"48,7309500000";"2,3150500000"
"202100006895";"22";"11";"2021";"01:30";"3";"93";"93010";"1";"1";"1";"5";"AUTOROUTE A86";"48,8890000000";"2,4742600000"
"202100006896";"21";"11";"2021";"23:25";"3";"95";"95572";"1";"1";"2";"6";"RN 184";"49,0324700000";"2,1078800000"
"202100006897";"30";"06";"2021";"17:22";"1";"38";"38465";"2";"2";"1";"1";"rue des champagnes";"45,7024330000";"5,5009850000"
"202100006898";"21";"11";"2021";"21:00";"5";"93";"93013";"2";"1";"1";"6";"JAURES (AVENUE JEAN) DE 28 A 62";"48,9326886724";"2,4253753002"
"202100006899";"21";"11";"2021";"14:10";"1";"976";"97611";"2";"1";"2";"6";"m'tsapere-Ambassadeur (rue)";" -12,7877500000";"45,2219200000"
"202100006900";"19";"11";"2021";"17:45";"2";"17";"17306";"2";"1";"1";"6";"ROCHEFORT (DE)  (AVENUE)";"45,6431200000";" -1,0247900000"
"202100006901";"19";"11";"2021";"10:45";"1";"976";"97611";"2";"1";"1";"3";"m'tsapere-Pont (ruelle du )";" -12,7896900000";"45,2205900000"
"202100006902";"21";"11";"2021";"12:10";"1";"974";"97416";"1";"1";"1";"5";"RN03";" -21,2980000000";"55,5070000000"
"202100006903";"19";"11";"2021";"15:35";"1";"974";"97416";"1";"4";"1";"1";"BOIS D'OLIVE (CHEMIN)";" -21,2950000000";"55,4474700000"
"202100006904";"21";"11";"2021";"11:55";"1";"69";"69387";"2";"4";"8";"6";"GAMBETTA (CR)";"45,7525500000";"4,8508900000"
"202100006905";"22";"11";"2021";"01:25";"5";"69";"69382";"2";"1";"2";"6";"CHARLEMAGNE (CR)";"45,7431900000";"4,8211400000"
"202100006906";"20";"11";"2021";"12:10";"1";"91";"91021";"2";"3";"1";"3";"CHE DE LA PERRIERE";"48,5878143000";"2,2433046000"
"202100006907";"20";"11";"2021";"06:27";"5";"91";"91377";"2";"2";"1";"5";"AV DU MARECHAL LECLERC";"48,7300200000";"2,3005600000"
"202100006908";"20";"11";"2021";"11:25";"1";"91";"91027";"2";"1";"1";"4";"AV FRANCOIS MITTERRAND";"48,6992780000";"2,3718530000"
"202100006909";"20";"11";"2021";"23:30";"5";"81";"81065";"2";"1";"1";"3";"CHATELIER (RUE HENRY LE)";"43,5902100000";"2,1924700000"
"202100006910";"21";"11";"2021";"03:15";"5";"77";"77040";"2";"1";"1";"1";"ALOUETTES(RUE DES)";"48,5278240000";"2,5688560000"
"202100006911";"20";"11";"2021";"11:10";"1";"77";"77186";"1";"3";"1";"3";"D58";"48,3926100000";"2,7035500000"
"202100006912";"20";"11";"2021";"07:55";"1";"74";"74281";"1";"1";"1";"6";"DRANSE (AVENUE DE LA)";"46,3645000000";"6,5113700000"
"202100006913";"21";"11";"2021";"04:08";"5";"69";"69266";"2";"2";"1";"2";"JEAN JAURES (R)";"45,7566000000";"4,8791000000"
"202100006914";"19";"11";"2021";"19:30";"5";"69";"69266";"2";"1";"8";"3";"JEAN VOILLOT (R)";"45,7531500000";"4,9108800000"
"202100006915";"21";"11";"2021";"14:45";"1";"64";"64269";"2";"1";"2";"7";"PIERRE DE BELSUNCE";"43,2925700000";" -0,3083900000"
"202100006916";"21";"11";"2021";"09:40";"1";"64";"64445";"1";"1";"1";"2";"ALFRED NOBEL";"43,3089700000";" -0,3289700000"
"202100006917";"18";"11";"2021";"08:15";"2";"51";"51230";"2";"3";"8";"7";"Rue Louise Auban-MoÃ«t";"49,0335870000";"3,9566060000"
"202100006918";"21";"11";"2021";"19:46";"5";"49";"49007";"2";"1";"3";"6";"POISSONNERIE";"47,4727000000";" -0,5570900000"
"202100006919";"20";"11";"2021";"20:55";"5";"44";"44162";"2";"1";"1";"6";"BOULEVARD SALVADOR ALLENDE";"47,2215500000";" -1,6327300000"
"202100006920";"21";"11";"2021";"20:30";"5";"35";"35051";"2";"1";"2";"2";"FOUGERES (ROUTE DE)";"48,1355100000";" -1,6260500000"
"202100006921";"21";"11";"2021";"14:30";"1";"35";"35278";"1";"1";"2";"2";"RD 137";"48,1760600000";" -1,7177700000"
"202100006922";"21";"11";"2021";"11:55";"1";"35";"35238";"2";"2";"2";"3";"FREVILLE (AVENUE HENRI)";"48,0837600000";" -1,6751100000"
"202100006923";"14";"11";"2021";"18:00";"1";"31";"31555";"2";"1";"1";"1";"ALL DE BELLEFONTAINE";"43,5647530000";"1,4015220000"
"202100006924";"19";"11";"2021";"17:35";"2";"31";"31555";"1";"1";"1";"2";"VA007342 LA CEPIERE  A620 Sortie 27";"43,5896900000";"1,3997000000"
"202100006925";"21";"11";"2021";"16:00";"1";"29";"29019";"2";"6";"7";"2";"Rue Jean JaurÃ¨s";"48,3929600000";" -4,4792800000"
"202100006926";"21";"11";"2021";"18:30";"5";"27";"27681";"2";"1";"1";"6";"MONTGOMERY (AVENUE DU MARECHAL)";"49,0896020242";"1,4730480314"
"202100006927";"20";"11";"2021";"10:30";"1";"25";"25056";"1";"1";"5";"4";"N/A";"47,2659100000";"6,0045900000"
"202100006928";"19";"11";"2021";"14:00";"1";"17";"17306";"2";"1";"1";"3";"LAMY (BD FRANCK)";"45,6271200000";" -1,0130500000"
"202100006929";"21";"11";"2021";"04:03";"5";"13";"13214";"2";"1";"1";"2";"PLOMBIERES (BOULEVARD DES)";"43,3155100000";"5,3864500000"
"202100006930";"21";"11";"2021";"03:00";"5";"13";"13214";"2";"1";"1";"3";"MORETTI (BOULEVARD)";"43,3261300000";"5,3765100000"
"202100006931";"20";"11";"2021";"19:15";"5";"13";"13212";"2";"1";"1";"6";"PIERRE CHEVALIER (avenue)";"43,2949500000";"5,4270800000"
"202100006932";"21";"11";"2021";"10:30";"1";"13";"13001";"2";"9";"2";"3";"JUVENAL MAX (AV)";"43,5250600000";"5,4380900000"
"202100006933";"19";"11";"2021";"17:35";"5";"12";"12089";"1";"1";"1";"3";"RD 840";"44,5617800000";"2,2526500000"
"202100006934";"21";"11";"2021";"07:51";"2";"06";"06088";"2";"9";"8";"3";"VOIE RAPIDE";"43,6980500000";"7,2481300000"
"202100006935";"21";"11";"2021";"18:50";"5";"75";"75113";"2";"1";"1";"3";"PORTE D ITALIE";"48,8172000000";"2,3662540000"
"202100006936";"20";"11";"2021";"17:45";"5";"75";"75112";"2";"1";"1";"3";"PORTE DE VINCENNES";"48,8422500000";"2,4138630000"
"202100006937";"21";"11";"2021";"15:34";"1";"75";"75118";"2";"2";"2";"6";"BOULEVARD NEY";"48,8980730000";"2,3442770000"
"202100006938";"21";"11";"2021";"14:10";"1";"75";"75118";"2";"3";"2";"6";"BOULEVARD DE LA CHAPELLE";"48,8841810000";"2,3541200000"
"202100006939";"20";"11";"2021";"20:30";"5";"75";"75116";"2";"1";"1";"3";"AVENUE KLEBER";"48,8717240000";"2,2935190000"
"202100006940";"21";"11";"2021";"01:00";"5";"75";"75116";"2";"1";"2";"7";"AVENUE DE L HIPPODROME";"48,8612380000";"2,2397370000"
"202100006941";"21";"11";"2021";"17:15";"5";"75";"75114";"2";"1";"8";"7";"RUE DU MONTPARNASSE";"48,8417730000";"2,3253150000"
"202100006942";"21";"11";"2021";"00:10";"5";"75";"75110";"2";"2";"8";"6";"BOULEVARD DE MAGENTA";"48,8836100000";"2,3495620000"
"202100006943";"20";"11";"2021";"19:30";"5";"75";"75108";"2";"4";"1";"3";"AVENUE DE FRIEDLAND";"48,8740780000";"2,2982120000"
"202100006944";"21";"11";"2021";"19:18";"5";"75";"75107";"2";"2";"1";"3";"RUE SAINT DOMINIQUE";"48,8599460000";"2,3131060000"
"202100006945";"21";"11";"2021";"15:40";"1";"75";"75101";"2";"2";"2";"1";"RUE DU LOUVRE";"48,8652830000";"2,3430870000"
"202100006946";"21";"11";"2021";"13:00";"1";"94";"94075";"2";"4";"2";"3";"Avenue du Mal de Lattre de Tassigny";"48,7274500000";"2,5311200000"
"202100006947";"21";"11";"2021";"12:50";"1";"94";"94002";"2";"2";"2";"3";"Rue de MÃ¢con";"48,7858700000";"2,4296000000"
"202100006948";"21";"11";"2021";"12:55";"1";"93";"93078";"2";"2";"3";"3";"TOULOUSE-LAUTREC (ALLEE)";"48,9529200000";"2,5531100000"
"202100006949";"21";"11";"2021";"10:40";"1";"93";"93001";"2";"1";"2";"3";"VICTOR HUGO (AVE)  => NÂ° 129";"48,9102570407";"2,3788885122"
"202100006950";"21";"11";"2021";"19:25";"5";"92";"92040";"2";"1";"1";"3";"Rue de la DÃ©fense";"48,8194722641";"2,2616332769"
"202100006951";"21";"11";"2021";"13:15";"1";"92";"92012";"2";"1";"2";"6";"JEAN JAURES (BOULEVARD) 217/FIN - 210/FI";"48,8254300000";"2,2481600000"
"202100006952";"21";"11";"2021";"21:30";"3";"95";"95313";"1";"1";"8";"6";"A16";"49,1057080000";"2,2597930000"
"202100006953";"21";"11";"2021";"18:45";"5";"01";"01427";"2";"1";"1";"6";"avenue du premier RFM";"45,9371840000";"4,7855010000"
"202100006954";"21";"11";"2021";"15:42";"1";"59";"59553";"2";"1";"2";"1";"Rue du Marechal Foch";"50,5953640000";"2,9575350000"
"202100006955";"21";"11";"2021";"14:50";"1";"51";"51618";"1";"2";"2";"3";"D247/D14E";"48,8079900000";"3,4408560000"
"202100006956";"5";"11";"2021";"15:00";"1";"79";"79076";"2";"2";"1";"7";"D 19";"46,7373200000";" -0,4825350000"
"202100006957";"31";"10";"2021";"17:30";"2";"63";"63306";"1";"3";"1";"3";"RD 01 /  RD 118";"45,7140050000";"3,2211020000"
"202100006958";"21";"11";"2021";"18:05";"2";"29";"29165";"1";"1";"9";"2";"Lieu Dit Kerorgant";"47,8353990000";" -4,2263570000"
"202100006959";"22";"11";"2021";"08:10";"2";"01";"01069";"1";"2";"5";"3";"Che des Brovieres";"46,1166250000";"5,2775630000"
"202100006960";"22";"11";"2021";"06:50";"2";"01";"01236";"1";"2";"1";"5";"D28";"46,3315510000";"5,0837620000"
"202100006961";"22";"11";"2021";"19:15";"3";"70";"70171";"1";"1";"1";"1";"D64";"47,8890390000";"6,3011740000"
"202100006962";"21";"11";"2021";"19:20";"3";"72";"72226";"1";"1";"2";"7";"D213 - Lieu dit Chateau Gaillard";"47,8198000000";"0,1110000000"
"202100006963";"22";"11";"2021";"01:30";"3";"14";"14172";"1";"1";"8";"6";"D514";"49,3380080000";" -0,7213210000"
"202100006964";"21";"11";"2021";"17:55";"5";"18";"18087";"2";"2";"2";"3";"Rue Michelet";"46,8851100000";"2,5750330000"
"202100006965";"21";"11";"2021";"23:06";"3";"18";"18265";"1";"1";"2";"7";"PK 50+500";"46,9882160000";"3,0027220000"
"202100006966";"21";"11";"2021";"09:00";"1";"16";"16269";"1";"1";"1";"6";"d33";"45,6724840000";"0,3492880000"
"202100006967";"21";"11";"2021";"20:30";"3";"27";"27036";"1";"1";"1";"7";"11 Route Nationale 12";"48,7433018489";"0,9717145913"
"202100006968";"22";"11";"2021";"15:48";"1";"31";"31022";"1";"1";"1";"1";"A62 Pk 223.300";"43,6699510000";"1,4193390000"
"202100006969";"19";"11";"2021";"17:40";"3";"68";"68234";"1";"1";"5";"2";"A35";"47,9500460000";"7,3652760000"
"202100006970";"22";"11";"2021";"15:54";"1";"85";"85130";"1";"1";"1";"1";"D948 - PR057+200";"46,7806890000";" -1,6870670000"
"202100006971";"21";"11";"2021";"15:40";"1";"30";"30036";"1";"1";"1";"3";"A9 - PK 61+600";"43,7737898496";"4,2819857597"
"202100006972";"22";"11";"2021";"16:50";"1";"988";"98832";"1";"1";"1";"6";"YatÃ©";" -22,2243350000";"166,8450020000"