"Num_Acc";"jour";"mois";"an";"hrmn";"lum";"dep";"com";"agg";"int";"atm";"col";"adr";"lat";"long"
"202100006973";"21";"11";"2021";"19:45";"5";"974";"97419";"2";"1";"1";"1";"Route Nationale 2";" -21,1329380000";"55,8046410000"
"202100006974";"21";"11";"2021";"16:10";"1";"973";"97304";"1";"1";"1";"1";"RN1, PK 058.500";"5,1472810000";" -52,7083680000"
"202100006975";"21";"11";"2021";"10:10";"1";"37";"37163";"2";"1";"2";"6";"44 vallÃ©e de vaugadeland";"47,4366911770";"0,9400056303"
"202100006976";"16";"11";"2021";"16:25";"1";"06";"06065";"2";"3";"7";"3";"Route de Saint-Laurent";"43,7217930000";"7,1672110000"
"202100006977";"21";"11";"2021";"20:44";"3";"21";"21265";"1";"1";"1";"6";"D122";"47,2521780000";"4,9763130000"
"202100006978";"17";"11";"2021";"07:54";"2";"79";"79270";"2";"1";"5";"3";"44 Avenue du PrÃ©sident Wilson";"46,4092360000";" -0,2183640000"
"202100006979";"11";"11";"2021";"19:05";"3";"35";"35066";"1";"9";"1";"1";"D34";"48,0504600000";" -1,7136960000"
"202100006980";"22";"11";"2021";"08:10";"1";"60";"60612";"2";"1";"1";"6";"1 Boulevard Pasteur";"49,2086820000";"2,5844590000"
"202100006981";"7";"11";"2021";"19:15";"3";"13";"13071";"1";"1";"1";"2";"A5501DSens Lyon vers A55-Mlle Vieux Port";"43,3965200000";"5,2984200000"
"202100006982";"21";"11";"2021";"08:20";"2";"13";"13085";"1";"1";"1";"6";"A50-Sens Aubagne vers Toulon";"43,2607700000";"5,5911300000"
"202100006983";"20";"11";"2021";"17:00";"5";"69";"69382";"1";"1";"1";"4";"M6   455.000 A 455.614";"45,7502800000";"4,8245300000"
"202100006984";"16";"11";"2021";"14:30";"1";"67";"67482";"1";"1";"8";"4";"M35";"48,5876060763";"7,7283722162"
"202100006985";"21";"11";"2021";"10:44";"1";"94";"94034";"1";"1";"2";"1";"AUTOROUTE A86";"48,7574500000";"2,3348300000"
"202100006986";"21";"11";"2021";"11:25";"1";"78";"78402";"1";"1";"2";"5";"A13";"48,9643000000";"1,7977000000"
"202100006987";"20";"11";"2021";"18:10";"5";"78";"78126";"1";"1";"1";"2";"A13";"48,8379660000";"2,1237620000"
"202100006988";"21";"11";"2021";"19:30";"3";"95";"95582";"1";"1";"1";"2";"RD 170";"48,9643420000";"2,2684370000"
"202100006989";"21";"11";"2021";"16:05";"1";"95";"95572";"1";"1";"2";"6";"RN 184";"49,0345920000";"2,1134040000"
"202100006990";"21";"11";"2021";"20:30";"3";"77";"77294";"1";"1";"1";"6";"A104";"48,9702456742";"2,5705678494"
"202100006991";"21";"11";"2021";"15:00";"1";"93";"93051";"1";"1";"2";"7";"A4";"48,8365800000";"2,5454100000"
"202100006992";"21";"11";"2021";"14:00";"1";"94";"94052";"1";"1";"3";"2";"A86.EXT";"48,8312500000";"2,4919100000"
"202100006993";"20";"11";"2021";"23:20";"3";"94";"94017";"1";"1";"1";"4";"A4";"48,8300542660";"2,4955528834"
"202100006994";"20";"11";"2021";"20:15";"5";"94";"94018";"1";"1";"1";"6";"A4";"48,8239728968";"2,3943068395"
"202100006995";"24";"07";"2021";"23:24";"5";"29";"29019";"2";"2";"1";"3";"Rue Pierre Loti";"48,3823300000";" -4,5035450000"
"202100006996";"25";"08";"2021";"07:00";"1";"74";"74123";"1";"1";"1";"1";"D1508";"45,7569350000";"6,2702971000"
"202100006997";"20";"11";"2021";"13:15";"1";"91";"91114";"2";"1";"1";"2";"RTE NATIONALE 6";"48,6817740000";"2,4920370000"
"202100006998";"20";"11";"2021";"20:15";"3";"988";"98818";"2";"1";"3";"7";"AVENUE JAMES COOK";" -22,2628500000";"166,3970600000"
"202100006999";"20";"11";"2021";"09:05";"1";"974";"97411";"2";"1";"1";"2";"JAURES (BOULEVARD JEAN)";" -20,9010008023";"55,4911816120"
"202100007000";"19";"11";"2021";"14:15";"1";"974";"97407";"1";"1";"1";"2";"ROUTE NATIONALE NÂ° 1";" -20,9514100000";"55,3183300000"
"202100007001";"20";"11";"2021";"02:00";"5";"69";"69383";"2";"1";"1";"7";"GENERAL MOUTON DUVERNET (DU) (R)";"45,7526200000";"4,8616300000"
"202100007002";"20";"11";"2021";"13:46";"1";"972";"97213";"2";"1";"1";"4";"AUTOROUTE A1";"14,6177000000";" -61,0179500000"
"202100007003";"18";"11";"2021";"10:00";"1";"972";"97209";"2";"1";"2";"7";"BISHOP (Avenue Maurice)";"14,6133900000";" -61,0523900000"
"202100007004";"20";"11";"2021";"16:44";"1";"971";"97101";"2";"3";"2";"3";"PALAIS ROYAL";"16,2876800000";" -61,4947800000"
"202100007005";"20";"11";"2021";"16:50";"1";"91";"91114";"2";"9";"1";"2";"AV DE L ERMITAGE";"48,6892590000";"2,4911430000"
"202100007006";"10";"11";"2021";"07:40";"2";"86";"86066";"1";"1";"1";"3";"Le Pautron";"46,7790700000";"0,5487800000"
"202100007007";"20";"11";"2021";"10:00";"1";"83";"83062";"1";"1";"1";"6";"FABRI DE PEIRESC (AVENUE)";"43,1410700000";"6,0300300000"
"202100007008";"20";"11";"2021";"15:15";"1";"83";"83126";"2";"1";"1";"2";"POMPIDOU (CORNICHE GEORGES)";"43,0835200000";"5,8956600000"
"202100007009";"19";"11";"2021";"19:45";"3";"81";"81021";"2";"1";"1";"1";"THORE";"43,5083500000";"2,3500300000"
"202100007010";"19";"11";"2021";"18:40";"5";"79";"79191";"2";"2";"1";"3";"Avenue de Nantes";"46,3409100000";" -0,4892000000"
"202100007011";"20";"11";"2021";"20:28";"5";"78";"78311";"2";"3";"1";"3";"JEAN JACQUES ROUSSEAU (AVENUE)";"48,9180040000";"2,1844440000"
"202100007012";"20";"11";"2021";"13:00";"1";"76";"76231";"2";"1";"1";"6";"VERDUN. RUE DE";"49,2893300000";"1,0058750000"
"202100007013";"20";"11";"2021";"19:40";"3";"64";"64445";"2";"3";"1";"1";"PIERRE BONNARD";"43,3101200000";" -0,3608500000"
"202100007014";"20";"11";"2021";"16:25";"1";"64";"64445";"2";"1";"1";"3";"JEAN MERMOZ";"43,3187000000";" -0,3785000000"
"202100007015";"20";"11";"2021";"12:25";"1";"64";"64102";"2";"1";"1";"7";"LOUIS DE FOIX (AVENUE)";"43,5057500000";" -1,4673100000"
"202100007016";"20";"11";"2021";"07:00";"5";"44";"44109";"2";"1";"1";"1";"SCHUMAN ( BD ROBERT )";"47,2357700000";" -1,5678700000"
"202100007017";"20";"11";"2021";"20:40";"5";"37";"37261";"2";"1";"1";"6";"CAMUS (RUE ALBERT)";"47,4158241319";"0,7099639218"
"202100007018";"20";"11";"2021";"02:15";"5";"37";"37261";"2";"1";"1";"6";"SAND (RUE GEORGES)";"47,3849822666";"0,6880410402"
"202100007019";"21";"11";"2021";"23:30";"5";"35";"35238";"2";"1";"2";"6";"LORIENT (DE)";"48,1089900000";" -1,7058400000"
"202100007020";"20";"11";"2021";"17:45";"5";"34";"34172";"2";"3";"1";"1";"LAVERUNE (ROUTE DE";"43,6008100000";"3,8455000000"
"202100007021";"19";"11";"2021";"14:00";"1";"34";"34172";"2";"4";"1";"2";"AEROPORT INTERNATIONAL (CARREFOUR DE L')";"43,6088900000";"3,8959000000"
"202100007022";"20";"11";"2021";"19:35";"5";"33";"33192";"2";"6";"1";"1";"Chemin d'Ornon";"44,7728800000";" -0,6398000000"
"202100007023";"18";"11";"2021";"08:30";"1";"33";"33063";"2";"3";"1";"3";"Rue de Gironde";"44,8640300000";" -0,5499000000"
"202100007024";"19";"11";"2021";"07:35";"2";"31";"31555";"1";"1";"1";"4";"D980";"43,6055929371";"1,3678085804"
"202100007025";"20";"11";"2021";"09:20";"1";"29";"29019";"2";"5";"1";"1";"Rue de Kerleguer";"48,4193500000";" -4,5099100000"
"202100007026";"20";"11";"2021";"15:35";"1";"27";"27229";"2";"1";"8";"2";"RESISTANCE (RUE DE LA)";"49,0196100000";"1,1543800000"
"202100007027";"17";"11";"2021";"18:40";"5";"25";"25388";"2";"9";"8";"2";"CHABAUD-LATOUR (AVENUE)";"47,5114200000";"6,8085900000"
"202100007028";"20";"11";"2021";"21:40";"5";"24";"24557";"2";"3";"5";"3";"GRANDOU (AVENUE MICHEL)";"45,1899300000";"0,7339200000"
"202100007029";"19";"11";"2021";"18:10";"3";"22";"22360";"1";"1";"1";"4";"RD700";"48,4674582422";" -2,7773437479"
"202100007030";"19";"11";"2021";"10:50";"1";"21";"21054";"2";"1";"1";"6";"GAULLE (AVENUE DU GENERAL DE)";"47,0195679077";"4,8354859838"
"202100007031";"18";"11";"2021";"09:40";"1";"19";"19275";"2";"4";"1";"3";"PRE PASCAL (AVENUE)";"45,5465676175";"2,3174999704"
"202100007032";"20";"11";"2021";"09:55";"1";"17";"17300";"2";"1";"9";"6";"BRACQ   IMPASSE ANDRE";"46,1695200000";" -1,2033700000"
"202100007033";"21";"11";"2021";"00:10";"5";"13";"13208";"2";"1";"1";"7";"GOUDES (CHEMIN DES)";"43,2279300000";"5,3512700000"
"202100007034";"20";"11";"2021";"22:30";"5";"13";"13203";"2";"9";"1";"3";"PLOMBIERES (BOULEVARD DES)";"43,3187700000";"5,3790700000"
"202100007035";"20";"11";"2021";"19:10";"5";"13";"13063";"2";"1";"1";"3";"THEODORE AUBANEL BOULEVARD";"43,5879000000";"4,9996800000"
"202100007036";"20";"11";"2021";"06:10";"5";"13";"13047";"2";"1";"1";"1";"MARCEL DASSAULT ROND POINT";"43,5001800000";"4,9667600000"
"202100007037";"20";"11";"2021";"17:27";"5";"10";"10387";"2";"1";"1";"3";"VOLTAIRE (RUE)";"48,2940000000";"4,0660800000"
"202100007038";"20";"11";"2021";"14:24";"1";"10";"10387";"2";"2";"1";"3";"PETITE RUE ROBERT";"48,2939000000";"4,0819000000"
"202100007039";"20";"11";"2021";"14:14";"1";"06";"06088";"2";"1";"1";"3";"VOIE RAPIDE";"43,7084600000";"7,2710400000"
"202100007040";"20";"11";"2021";"03:52";"3";"06";"06088";"2";"2";"1";"2";"BOSQUETS (AV. DES)";"43,6815400000";"7,2312850000"
"202100007041";"20";"11";"2021";"16:45";"5";"06";"06083";"2";"1";"1";"1";"BRIAND (AVENUE ARSITIDE)";"43,7864200000";"7,5259700000"
"202100007042";"20";"11";"2021";"02:50";"5";"06";"06029";"2";"2";"1";"3";"TONNER (AVENUE FRANCIS)";"43,5495800000";"6,9759600000"
"202100007043";"17";"11";"2021";"13:42";"1";"75";"75119";"2";"1";"1";"4";"PORTE DE LA VILLETTE";"48,8968970000";"2,3940760000"
"202100007044";"20";"11";"2021";"11:35";"1";"75";"75120";"2";"4";"8";"7";"RUE DES COURONNES";"48,8705390000";"2,3882470000"
"202100007045";"20";"11";"2021";"14:30";"1";"75";"75119";"2";"5";"8";"3";"AVENUE DE LA PORTE CHAUMONT";"48,8862440000";"2,3967380000"
"202100007046";"20";"11";"2021";"11:10";"1";"75";"75116";"2";"3";"1";"3";"AVENUE DE VERSAILLES";"48,8415070000";"2,2665430000"
"202100007047";"20";"11";"2021";"10:40";"1";"75";"75116";"2";"4";"1";"6";"AVENUE DE NEW YORK";"48,8633430000";"2,2963100000"
"202100007048";"20";"11";"2021";"07:00";"5";"75";"75116";"2";"2";"1";"6";"AVENUE DE VERSAILLES";"48,8453010000";"2,2715910000"
"202100007049";"20";"11";"2021";"16:15";"1";"75";"75115";"2";"3";"1";"6";"RUE PECLET";"48,8429540000";"2,2987550000"
"202100007050";"20";"11";"2021";"01:30";"5";"75";"75104";"2";"5";"1";"2";"BOULEVARD BOURDON";"48,8525820000";"2,3680870000"
"202100007051";"19";"11";"2021";"23:45";"5";"75";"75104";"2";"1";"1";"4";"QUAI HENRI IV";"48,8477180000";"2,3642660000"
"202100007052";"17";"11";"2021";"12:40";"1";"94";"94058";"2";"9";"1";"3";"Avenue du 8 Mai 1945";"48,8501500000";"2,5095200000"
"202100007053";"20";"11";"2021";"00:20";"5";"94";"94041";"2";"1";"1";"2";"Avenue de Verdun";"48,8161900000";"2,3680500000"
"202100007054";"20";"11";"2021";"18:25";"5";"94";"94022";"2";"1";"1";"3";"Avenue Victor Hugo";"48,7674200000";"2,4158500000"
"202100007055";"20";"11";"2021";"11:20";"1";"94";"94017";"2";"1";"8";"4";"Avenue Salvador AllendÃ©";"48,8093253811";"2,5462556270"
"202100007056";"20";"11";"2021";"08:15";"5";"94";"94017";"2";"1";"2";"3";"GENERAL DE GAULLE (AV DU)";"48,8224300000";"2,4923200000"
"202100007057";"20";"11";"2021";"09:50";"1";"93";"93078";"2";"2";"8";"2";"BALLANGER (BD ROBERT)";"48,9600900000";"2,5530400000"
"202100007058";"20";"11";"2021";"22:10";"5";"93";"93070";"2";"1";"1";"1";"SAINT-DENIS(RUE)";"48,9191348372";"2,3339822122"
"202100007059";"20";"11";"2021";"19:40";"5";"93";"93051";"2";"1";"1";"3";"PIERRE BROSSOLETTE";"48,8481700000";"2,5490500000"
"202100007060";"20";"11";"2021";"18:30";"5";"93";"93048";"2";"1";"1";"7";"STALINGRAD (RUE DE)";"48,8605000000";"2,4434500000"
"202100007061";"20";"11";"2021";"21:15";"5";"93";"93027";"2";"1";"1";"1";"JAURES (AVENUE JEAN)";"48,9200000000";"2,4070000000"
"202100007062";"20";"11";"2021";"21:00";"5";"92";"92078";"2";"1";"1";"6";"CHARLES DE GAULLE (BD)(72 AU 308)";"48,9407029303";"2,3230478168"
"202100007063";"20";"11";"2021";"00:37";"5";"92";"92049";"2";"1";"1";"4";"PIERRE BROSSOLETTE (AVENUE)";"48,8206502543";"2,3118630052"
"202100007064";"20";"11";"2021";"11:45";"1";"92";"92047";"2";"1";"1";"7";"G ET X. SCHLUMBERGER";"48,8300990000";"2,1755810000"
"202100007065";"20";"11";"2021";"13:15";"1";"92";"92023";"2";"1";"1";"2";"CLAUDE TREBIGNAUD (AVENUE) BOIS S102";"48,7954181432";"2,2522991896"
"202100007066";"19";"11";"2021";"13:06";"1";"83";"83148";"1";"1";"1";"3";"Route de Saint-Tropez";"43,4090810000";"6,4299310000"
"202100007067";"21";"11";"2021";"06:30";"2";"67";"67382";"2";"2";"1";"3";"2 Route de Fessenheim";"48,6251330000";"7,5703850000"
"202100007068";"19";"11";"2021";"19:00";"3";"54";"54151";"1";"1";"1";"1";"D18";"49,4945212738";"5,7497549052"
"202100007069";"19";"11";"2021";"12:15";"1";"26";"26325";"2";"1";"1";"3";"2bis Av du Docteur Lucien Steinberg";"45,2950280000";"4,8127310000"
"202100007070";"21";"11";"2021";"00:15";"5";"30";"30092";"2";"1";"1";"6";"326 route d'AlÃ¨s";"44,0891730000";"4,5910570000"
"202100007071";"20";"11";"2021";"16:30";"1";"30";"30225";"1";"1";"1";"6";"D 166";"44,1484580000";"4,5405390000"
"202100007072";"21";"11";"2021";"16:20";"1";"95";"95365";"1";"1";"2";"6";"RD 9";"49,0684220000";"2,4346840000"
"202100007073";"21";"11";"2021";"15:50";"1";"56";"56081";"1";"1";"8";"6";"Kerandraon";"48,0863990000";" -3,6380276000"
"202100007074";"21";"11";"2021";"01:00";"3";"74";"74309";"1";"1";"5";"1";"D1206";"46,1159820000";"6,0259420000"
"202100007075";"20";"11";"2021";"18:20";"5";"2B";"2B343";"2";"3";"1";"2";"T10";"42,4982223494";"9,4680261614"
"202100007076";"21";"11";"2021";"04:15";"3";"2B";"2B043";"1";"1";"1";"3";"Lavasina";"42,7569860000";"9,4570180000"
"202100007077";"21";"11";"2021";"11:30";"1";"46";"46336";"1";"2";"1";"3";"Lieu dit ""La chambre""";"44,4788590000";"1,0930220000"
"202100007078";"21";"11";"2021";"08:45";"2";"68";"68140";"1";"1";"5";"1";"Rue d Oberhergheim";"47,9206200000";"7,4355550000"
"202100007079";"20";"11";"2021";"07:50";"1";"01";"01272";"2";"3";"2";"7";"Rue des Sablonnieres";"46,1608730000";"5,0046690000"
"202100007080";"21";"11";"2021";"04:00";"3";"26";"26183";"1";"1";"5";"6";"Route du Diois";"44,6974730000";"5,1376210000"
"202100007081";"20";"11";"2021";"15:30";"1";"58";"58134";"2";"1";"8";"1";"Rue DorÃ©e";"46,9344550000";"3,2693610000"
"202100007082";"21";"11";"2021";"14:39";"1";"14";"14241";"1";"1";"3";"7";"Lieu Dit les Gouix";"49,0725070000";" -0,6212690000"
"202100007083";"20";"11";"2021";"04:30";"3";"50";"50481";"1";"1";"5";"6";"CD 650";"49,2377480000";" -1,6057040000"
"202100007084";"20";"11";"2021";"12:30";"1";"04";"04144";"1";"1";"1";"7";"RD 952";"43,7880580000";"6,3755680000"
"202100007085";"19";"11";"2021";"11:45";"1";"37";"37050";"2";"1";"8";"3";"11 Avenue du Professeur Alexandre Minkowski";"47,3359457383";"0,6911194517"
"202100007086";"21";"11";"2021";"08:18";"1";"13";"13051";"1";"1";"2";"1";"D19";"43,5945650000";"5,1048230000"
"202100007087";"20";"11";"2021";"17:55";"3";"91";"91244";"1";"1";"1";"1";"D191";"48,5495760000";"2,4115420000"
"202100007088";"21";"11";"2021";"06:53";"3";"06";"06123";"1";"1";"1";"6";"Autoroute A8 - Pk 184.200 sud";"43,6659510000";"7,1876080000"
"202100007089";"21";"11";"2021";"13:20";"1";"02";"02297";"1";"1";"2";"7";"autoroute A4-PK 083+050";"49,0771270000";"3,3635760000"
"202100007090";"21";"11";"2021";"06:00";"2";"38";"38052";"2";"3";"1";"6";"Route Departementale 1091 - les Sables";"45,0903800000";"6,0116670000"
"202100007091";"21";"11";"2021";"00:15";"3";"13";"13032";"1";"2";"1";"3";"Route de Pelissanne";"43,5921600000";"5,2542030000"
"202100007092";"19";"11";"2021";"15:10";"1";"13";"13105";"1";"1";"1";"2";"A7";"43,7612380000";"5,0778830000"
"202100007093";"21";"11";"2021";"11:15";"1";"971";"97110";"1";"1";"1";"6";"chemin de la montagne";"16,3316970000";" -61,0233130000"
"202100007094";"17";"11";"2021";"20:00";"4";"971";"97134";"2";"1";"1";"6";"Boulevard des Habissois Souverains";"16,0578870000";" -61,7682960000"
"202100007095";"21";"11";"2021";"07:59";"2";"54";"54217";"1";"1";"2";"7";"D19";"48,4745998951";"6,7380201811"
"202100007096";"20";"11";"2021";"08:50";"1";"57";"57474";"2";"6";"1";"6";"rue des ponts";"49,2593400000";"6,1587970000"
"202100007097";"20";"11";"2021";"21:10";"3";"42";"42251";"1";"1";"5";"6";"Route de Magneux";"45,6825580000";"4,2492630000"
"202100007098";"20";"11";"2021";"23:30";"5";"69";"69151";"2";"1";"5";"6";"LOUVEIGNE (DE) (R)";"46,0610340000";"4,6053530000"
"202100007099";"20";"11";"2021";"10:35";"1";"81";"81038";"1";"1";"1";"7";"Route de Lavaur";"43,8906560000";"1,8937470000"
"202100007100";"16";"11";"2021";"22:38";"3";"33";"33449";"1";"1";"1";"6";"Avenue du Temple ";"44,8949780000";" -0,8000710000"
"202100007101";"26";"10";"2021";"17:40";"1";"44";"44172";"1";"1";"1";"5";"Route de Paris";"47,2733910000";" -1,4722110000"
"202100007102";"20";"11";"2021";"11:30";"1";"60";"60103";"1";"2";"5";"3";"Courlieu";"49,4117200000";"2,2672180000"
"202100007103";"20";"11";"2021";"21:10";"3";"02";"02290";"1";"1";"2";"6";"Route du Thiolet";"49,0351950000";"3,3241150000"
"202100007104";"20";"11";"2021";"03:00";"3";"13";"13106";"1";"1";"1";"6";"A517 D- Liaison A51 vers A7";"43,4018050000";"5,3471410000"
"202100007105";"18";"11";"2021";"21:12";"5";"13";"13071";"1";"1";"1";"7";"A7-Sens Marseille vers Lyon";"43,4173400000";"5,2743900000"
"202100007106";"15";"11";"2021";"07:20";"1";"69";"69204";"1";"1";"1";"3";"A450   1.740 A 5.100";"45,6854167725";"4,8073010563"
"202100007107";"15";"04";"2021";"05:10";"3";"69";"69388";"1";"9";"1";"6";"D383";"45,7218635002";"4,8867541552"
"202100007108";"20";"11";"2021";"19:00";"3";"33";"33122";"1";"1";"1";"6";"AUTOROUTE A 63";"44,7463930000";" -0,7013430000"
"202100007109";"20";"11";"2021";"14:55";"1";"78";"78402";"1";"1";"1";"3";"A13";"48,9639260000";"1,7766710000"
"202100007110";"19";"11";"2021";"20:17";"3";"78";"78640";"1";"1";"1";"2";"A86 EXT";"48,7769700000";"2,2244200000"
"202100007111";"20";"11";"2021";"16:15";"1";"93";"93008";"1";"1";"2";"3";"AUTOROUTE A86";"48,9090585619";"2,4479930020"
"202100007112";"20";"11";"2021";"14:00";"1";"60";"60494";"1";"1";"1";"6";"AUTOROUTE A1";"49,1282040000";"2,5582350000"
"202100007113";"19";"11";"2021";"23:00";"3";"93";"93007";"1";"1";"1";"2";"AUTOROUTE A3";"48,9206600000";"2,4796600000"
"202100007114";"20";"11";"2021";"21:20";"5";"94";"94073";"1";"1";"1";"2";"A86 INT";"48,7592916531";"2,3835324056"
"202100007115";"20";"11";"2021";"14:30";"1";"77";"77384";"1";"1";"1";"7";"A5b";"48,6155700000";"2,6314570000"
"202100007116";"20";"11";"2021";"02:35";"4";"94";"94046";"1";"9";"2";"2";"A86 EXT";"48,8085628803";"2,4490578633"
"202100007117";"19";"11";"2021";"07:40";"2";"29";"29019";"2";"1";"1";"6";"Rue du Commandant Drogou";"48,4045330000";" -4,4963170000"
"202100007118";"19";"11";"2021";"00:50";"5";"33";"33063";"2";"2";"1";"6";"Rue Sainte-Catherine";"44,8323400000";" -0,5729800000"
"202100007119";"19";"11";"2021";"19:00";"5";"92";"92012";"2";"1";"1";"6";"REINE (ROUTE DE LA) 39/107 BIS";"48,8392000000";"2,2456300000"
"202100007120";"18";"11";"2021";"17:00";"2";"76";"76447";"2";"1";"1";"6";"MARECHAL FOCH";"49,5404100000";"0,1874800000"
"202100007121";"18";"11";"2021";"16:25";"1";"974";"97411";"2";"7";"1";"6";"GARROS (ROLAND)";" -20,8820833416";"55,4536843300"
"202100007122";"17";"11";"2021";"13:50";"1";"33";"33119";"2";"3";"8";"6";"Rue du 8 Mai 1945";"44,8520000000";" -0,5115900000"
"202100007123";"17";"11";"2021";"17:45";"2";"13";"13002";"2";"1";"1";"2";"7 RMENT DE TIRAILLEURS ALGERIENS (AVENUE";"43,3382000000";"5,4787900000"
"202100007124";"17";"11";"2021";"22:10";"1";"29";"29232";"2";"6";"1";"6";"Rue du 19 Mars 1962";"47,9879600000";" -4,1092300000"
"202100007125";"9";"11";"2021";"13:15";"1";"28";"28085";"2";"1";"7";"6";"BRIAND (RUE ARISTIDE)";"48,4452100000";"1,5208100000"
"202100007126";"9";"11";"2021";"08:30";"1";"25";"25056";"2";"6";"1";"2";"LAGRANGE  AVENUE LEO";"47,2427900000";"6,0076300000"
"202100007127";"19";"11";"2021";"18:50";"2";"988";"98818";"2";"2";"2";"6";"ROUTE DE L'ANSE-VATA/RUE DANGE";" -22,2793700000";"166,4485900000"
"202100007128";"19";"11";"2021";"17:45";"2";"988";"98818";"2";"2";"1";"3";"RUE EUGENE PORCHERON";" -22,2752500000";"166,4456300000"
"202100007129";"18";"11";"2021";"15:40";"1";"988";"98818";"2";"2";"1";"2";"PROMENADE ROGER LAROQUE/ROUTE DE L'ANSE-VATA";" -22,3029600000";"166,4453000000"
"202100007130";"12";"11";"2021";"04:00";"5";"988";"98818";"2";"2";"1";"6";"RUE DU GENERAL GALLIENI/RUE DE LA SOMME";" -22,2740100000";"166,4391300000"
"202100007131";"17";"11";"2021";"17:10";"1";"974";"97416";"1";"1";"1";"2";"RN3 (1)";" -21,3313500000";"55,4663800000"
"202100007132";"19";"11";"2021";"11:45";"1";"974";"97411";"1";"1";"1";"7";"LITTORAL (ROUTE 1 DU)";" -20,8812200000";"55,3978600000"
"202100007133";"19";"11";"2021";"05:00";"2";"974";"97411";"2";"2";"1";"3";"NICE (RUE DE)";" -20,8732000000";"55,4498800000"
"202100007134";"14";"11";"2021";"13:00";"1";"974";"97411";"2";"1";"1";"3";"RUISSEAU DES NOIRS (RUE)";" -20,8863500000";"55,4541200000"
"202100007135";"12";"11";"2021";"15:16";"1";"974";"97411";"1";"9";"1";"3";"VIGIE (CHEMIN DE LA)";" -20,8830659089";"55,4297985949"
"202100007136";"18";"11";"2021";"16:50";"1";"974";"97409";"2";"1";"1";"2";"DES CAMELIAS(RUE)";" -20,9614800000";"55,6537100000"
"202100007137";"18";"11";"2021";"18:50";"4";"973";"97302";"2";"1";"1";"3";"MONTABO (ROUTE DE) 1";"4,9356800000";" -52,2953600000"
"202100007138";"18";"11";"2021";"18:15";"1";"973";"97302";"2";"3";"1";"3";"BADUEL (ROUTE DE)";"4,9387500000";" -52,3176100000"
"202100007139";"18";"11";"2021";"08:05";"1";"973";"97302";"2";"1";"1";"6";"BOUDINOT (AUGUSTE) CITE THEMIRE";"4,9316903843";" -52,3201881945"
"202100007140";"16";"11";"2021";"13:30";"1";"973";"97302";"2";"1";"1";"6";"UNIVERSITE CHICAGO (RUE DE)";"4,9333700000";" -52,2992100000"
"202100007141";"13";"11";"2021";"12:20";"1";"973";"97302";"2";"1";"1";"3";"MADELEINE (ROUTE DE LA)";"4,9096600000";" -52,3216000000"
"202100007142";"19";"11";"2021";"13:45";"1";"69";"69388";"2";"1";"1";"2";"ETATS UNIS (DES) (BD)";"45,7285816186";"4,8683381081"
"202100007143";"19";"11";"2021";"08:15";"2";"69";"69259";"2";"3";"1";"3";"MARCEL SEMBAT (BD)";"45,7161380792";"4,8824250698"
"202100007144";"18";"11";"2021";"18:15";"4";"69";"69386";"2";"2";"1";"3";"DUGUESCLIN (R)";"45,7670700000";"4,8476500000"
"202100007145";"18";"11";"2021";"12:30";"1";"69";"69386";"2";"3";"8";"3";"VENDOME (R)";"45,7644800000";"4,8458500000"
"202100007146";"18";"11";"2021";"13:05";"1";"69";"69388";"2";"1";"1";"3";"JEAN SARRAZIN (R)";"45,7314700000";"4,8667900000"
"202100007147";"18";"11";"2021";"12:30";"1";"69";"69259";"2";"1";"1";"2";"PIERRE SEMARD (AV)";"45,7084700000";"4,8761800000"
"202100007148";"18";"11";"2021";"07:35";"1";"69";"69388";"2";"4";"1";"6";"PIERRE DELORE (R)";"45,7383900000";"4,8526400000"
"202100007149";"12";"11";"2021";"20:05";"3";"69";"69386";"2";"3";"1";"3";"JULES FAVRE (BD)";"45,7652900000";"4,8588800000"
"202100007150";"18";"11";"2021";"15:25";"1";"972";"97209";"2";"1";"1";"1";"EMILE ZOLA (RUE)";"14,6095700000";" -61,0714400000"
"202100007151";"19";"11";"2021";"19:39";"5";"69";"69389";"2";"3";"1";"1";"DOCKS (DES) (R)";"45,7853900000";"4,8105500000"
"202100007152";"19";"11";"2021";"18:30";"4";"69";"69152";"2";"1";"1";"2";"EUROPE (DE L') (BD)";"45,6965700000";"4,8255900000"
"202100007153";"19";"11";"2021";"14:50";"1";"69";"69382";"2";"1";"1";"3";"GALLIENI  (PT)";"45,7485798726";"4,8312458396"
"202100007154";"19";"11";"2021";"10:40";"1";"69";"69384";"2";"1";"1";"2";"JAQUES-LOUIS HENON (R)";"45,7795719106";"4,8238134061"
"202100007155";"18";"11";"2021";"14:20";"1";"69";"69081";"2";"7";"1";"6";"DOCTEUR TERVER (DU) (AV)";"45,7744700000";"4,7787200000"
"202100007156";"18";"11";"2021";"18:00";"5";"69";"69034";"2";"1";"1";"6";"PASTEUR (R)";"45,7945800000";"4,8468600000"
"202100007157";"19";"11";"2021";"15:10";"1";"2B";"2B120";"2";"1";"1";"2";"11 - RT";"42,6493200000";"9,4405400000"
"202100007158";"18";"11";"2021";"16:10";"1";"971";"97120";"2";"1";"1";"3";"CHANZY (BOULEVARD)";"16,2443600000";" -61,5412500000"
"202100007159";"18";"11";"2021";"07:10";"1";"971";"97101";"1";"1";"1";"3";"PALAIS ROYAL";"16,2840500000";" -61,4948800000"