"Num_Acc";"jour";"mois";"an";"hrmn";"lum";"dep";"com";"agg";"int";"atm";"col";"adr";"lat";"long"
"202100007160";"18";"11";"2021";"18:30";"5";"95";"95268";"2";"2";"1";"3";"RUE MARCEL CERDAN";"48,9621600000";"2,4022500000"
"202100007161";"9";"11";"2021";"16:40";"1";"95";"95680";"2";"4";"1";"5";"PARIS (RUE DE)";"49,0064424926";"2,3830170778"
"202100007162";"19";"11";"2021";"10:08";"1";"91";"91223";"2";"1";"1";"2";"TANNERIE (RUE DE LA)";"48,4338300000";"2,1640200000"
"202100007163";"4";"11";"2021";"14:20";"1";"88";"88160";"2";"1";"1";"3";"BLANCK (AV.PIERRE-)";"48,2015800000";"6,4593000000"
"202100007164";"18";"11";"2021";"13:54";"1";"87";"87085";"2";"1";"1";"3";"SAINTE CLAIRE (RUE)";"45,8240900000";"1,2454400000"
"202100007165";"17";"11";"2021";"07:44";"5";"87";"87085";"2";"3";"1";"3";"PORT DU NAVEIX (RUE DU)";"45,8322500000";"1,2740600000"
"202100007166";"6";"11";"2021";"11:45";"1";"84";"84031";"2";"1";"1";"6";"DURAND BOULEVARD ALBIN";"44,0545900000";"5,0447100000"
"202100007167";"19";"11";"2021";"13:50";"1";"83";"83137";"2";"1";"1";"6";"CLEMENCEAU (BD GEORGES)";"43,1234430968";"5,9375578165"
"202100007168";"18";"11";"2021";"16:00";"1";"83";"83137";"2";"1";"1";"6";"DEMOCRATIE (BD DE LA)";"43,1263900000";"5,9400100000"
"202100007169";"18";"11";"2021";"07:00";"1";"83";"83137";"2";"1";"1";"3";"MARSEILLE (ROUTE DE)";"43,1286800000";"5,8883500000"
"202100007170";"18";"11";"2021";"09:00";"1";"83";"83126";"2";"1";"1";"2";"CURET (AV LOUIS)";"43,1040100000";"5,8796100000"
"202100007171";"18";"11";"2021";"07:40";"2";"81";"81065";"2";"3";"8";"3";"VITTOZ (BD.RAYMOND)";"43,6022070000";"2,2435840000"
"202100007172";"16";"11";"2021";"17:50";"3";"80";"80164";"1";"1";"5";"2";"ROCADE RN25";"49,9010400000";"2,3684000000"
"202100007173";"16";"11";"2021";"18:35";"5";"80";"80021";"2";"2";"1";"1";"JEAN CATELAS (RUE)";"49,8964800000";"2,2888600000"
"202100007174";"15";"11";"2021";"21:43";"3";"80";"80674";"1";"1";"2";"5";"ROCADE NORD EST RN 25";"49,9123400000";"2,3431400000"
"202100007175";"18";"11";"2021";"13:00";"1";"78";"78498";"2";"1";"1";"6";"POMPIDOU PLACE GEORGES";"48,9324580000";"2,0415240000"
"202100007176";"14";"11";"2021";"16:55";"1";"77";"77532";"1";"1";"8";"6";"D619";"48,5607540000";"3,2210920000"
"202100007177";"17";"11";"2021";"15:15";"1";"77";"77316";"1";"1";"1";"2";"D148";"48,3355700000";"2,7799400000"
"202100007178";"19";"11";"2021";"01:58";"3";"77";"77067";"1";"6";"5";"1";"D346";"48,5612100000";"2,5956500000"
"202100007179";"17";"11";"2021";"19:45";"5";"77";"77243";"2";"1";"5";"2";"D418";"48,8777357467";"2,7014112111"
"202100007180";"18";"11";"2021";"22:20";"3";"77";"77186";"1";"1";"5";"6";"D116";"48,4530800000";"2,7229800000"
"202100007181";"19";"11";"2021";"11:40";"1";"76";"76540";"2";"1";"1";"6";"EUROPE. BOULEVARD DE L'";"49,4261600000";"1,0870900000"
"202100007182";"12";"11";"2021";"13:10";"1";"76";"76322";"1";"1";"1";"2";"ROCADE Nord-Est";"49,4069500000";"1,0368700000"
"202100007183";"11";"11";"2021";"06:45";"5";"76";"76322";"1";"1";"1";"2";"VOIE RAPIDE SUD 3 (RN 338)";"49,4153900000";"1,0452900000"
"202100007184";"18";"11";"2021";"10:00";"1";"76";"76351";"2";"2";"1";"6";"LENINGRAD (BD DE)";"49,4942610000";"0,1384140000"
"202100007185";"17";"11";"2021";"22:45";"5";"76";"76351";"2";"1";"1";"7";"FERRER (RUE)";"49,4892000000";"0,1392300000"
"202100007186";"14";"11";"2021";"17:59";"2";"76";"76329";"1";"1";"2";"7";"D6015";"49,5675243317";"0,4889298160"
"202100007187";"17";"11";"2021";"12:25";"1";"74";"74281";"2";"1";"1";"3";"PLANTEES (AVENUE DES)";"46,3809300000";"6,4924400000"
"202100007188";"19";"11";"2021";"17:27";"2";"72";"72181";"2";"1";"1";"2";"PIFFAULT PIERRE (AV) BESSEMER A MONNIER";"47,9701700000";"0,1800100000"
"202100007189";"18";"11";"2021";"19:27";"5";"72";"72181";"2";"6";"1";"3";"Robert Jarry (Bd)";"47,9960000000";"0,1921550000"
"202100007190";"18";"11";"2021";"17:53";"2";"72";"72181";"2";"1";"1";"3";"PADERBORN (AV) CONTRE ALLEE";"48,0087410000";"0,1998980000"
"202100007191";"17";"11";"2021";"09:30";"1";"72";"72181";"2";"6";"1";"3";"CASABLANCA (RUE DE)";"48,0156500000";"0,2307000000"
"202100007192";"9";"11";"2021";"14:00";"1";"72";"72181";"2";"6";"1";"3";"BERTINIERE (RUE DE LA) NÂ° IMP";"47,9920800000";"0,2164000000"
"202100007193";"19";"11";"2021";"00:45";"5";"71";"71270";"1";"1";"1";"6";"BRETELLE ACCES RD672 N/S";"46,3636000000";"4,8412100000"
"202100007194";"19";"11";"2021";"19:55";"3";"71";"71540";"1";"6";"2";"7";"Route Centre Ã  Centre";"46,7553196814";"4,4405199246"
"202100007195";"19";"11";"2021";"08:10";"2";"69";"69266";"2";"2";"1";"3";"GREUZE (R)";"45,7711512981";"4,8936635167"
"202100007196";"9";"11";"2021";"17:25";"5";"69";"69256";"2";"3";"1";"3";"PAUL MARCELLIN (AV)";"45,7750500000";"4,9320200000"
"202100007197";"18";"11";"2021";"12:50";"1";"68";"68256";"1";"1";"1";"4";"AUTOROUTE A 36";"47,7615000000";"7,3143000000"
"202100007198";"18";"11";"2021";"08:45";"1";"67";"67447";"2";"1";"8";"6";"BARRAGE (RUE DU)";"48,6030200000";"7,7534100000"
"202100007199";"9";"11";"2021";"13:25";"1";"67";"67180";"1";"1";"1";"1";"RD263";"48,8957800000";"7,8436000000"
"202100007200";"19";"11";"2021";"19:15";"5";"64";"64284";"2";"3";"1";"3";"GASTON CAMBOT";"43,2904300000";" -0,3940200000"
"202100007201";"19";"11";"2021";"20:00";"5";"64";"64445";"2";"6";"1";"3";"Rond-Point des AllÃ©es de MorlaÃ s";"43,3077600000";" -0,3391800000"
"202100007202";"18";"11";"2021";"18:00";"5";"64";"64284";"2";"6";"1";"3";"GASTON CAMBOT";"43,2895100000";" -0,3928200000"
"202100007203";"18";"11";"2021";"12:20";"1";"64";"64445";"2";"3";"1";"3";"GASTON LACOSTE";"43,2924300000";" -0,3636400000"
"202100007204";"17";"11";"2021";"10:00";"1";"64";"64445";"2";"2";"1";"3";"EDOUARD 7";"43,2982800000";" -0,3583300000"
"202100007205";"7";"11";"2021";"11:05";"1";"64";"64122";"2";"1";"1";"6";"GRAMMONT (AVENUE - IMPASSE)";"43,4759600000";" -1,5527200000"
"202100007206";"19";"11";"2021";"02:05";"4";"64";"64024";"2";"1";"1";"6";"BAYONNE (AVENUE DE)";"43,4805000000";" -1,5144800000"
"202100007207";"18";"11";"2021";"18:00";"5";"64";"64102";"2";"3";"1";"1";"LESSEPS (QUAI DE)";"43,4973500000";" -1,4780000000"
"202100007208";"18";"11";"2021";"14:20";"1";"64";"64024";"2";"1";"1";"2";"BAB (Boulevard)";"43,4872038324";" -1,5366107225"
"202100007209";"19";"11";"2021";"09:15";"1";"63";"63124";"2";"2";"1";"3";"Av DÃ´mes /av Livradois";"45,7309400000";"3,1998700000"
"202100007210";"19";"11";"2021";"12:23";"1";"63";"63075";"2";"2";"1";"6";"ROYAT (AVENUE DE)";"45,7743400000";"3,0632800000"
"202100007211";"18";"11";"2021";"17:29";"1";"63";"63113";"2";"2";"1";"6";"JAURES (BD JEAN)";"45,7687000000";"3,0782200000"
"202100007212";"18";"11";"2021";"08:07";"5";"63";"63113";"2";"2";"1";"3";"CARNOT (AVENUE)";"45,7763000000";"3,0900600000"
"202100007213";"17";"11";"2021";"17:15";"2";"63";"63164";"2";"1";"1";"4";"L INDUSTRIE (RUE DE)";"45,8225200000";"3,1389500000"
"202100007214";"18";"11";"2021";"10:50";"1";"59";"59090";"2";"1";"7";"6";"HESPEL (RUE RENE D')2A4-1A35";"50,7150705961";"3,0851315004"
"202100007215";"17";"11";"2021";"18:00";"5";"59";"59068";"2";"9";"5";"6";"Place Mandron";"50,2030996190";"3,8125482202"
"202100007216";"19";"11";"2021";"18:00";"5";"59";"59527";"2";"2";"1";"2";"DE LATTRE TASSIGNY.AVNÂ°279A659";"50,6645068042";"3,0315606180"
"202100007217";"19";"10";"2021";"17:10";"1";"59";"59378";"2";"1";"1";"6";"REPUBLIQUE AV DE LA (NÂ°930-1002)";"50,6643764032";"3,1016678403"
"202100007218";"18";"11";"2021";"07:42";"2";"59";"59378";"2";"1";"1";"4";"REPUBLIQUE AV DE LA (NÂ°834-920)";"50,6602100000";"3,0940800000"
"202100007219";"17";"11";"2021";"18:40";"5";"59";"59378";"2";"1";"1";"5";"FLANDRE AVENUE DE";"50,6649700000";"3,1110400000"
"202100007220";"9";"11";"2021";"08:40";"1";"59";"59350";"2";"1";"1";"3";"GARE PLACE DE LA";"50,6366000000";"3,0705000000"
"202100007221";"16";"11";"2021";"16:50";"1";"59";"59178";"2";"3";"1";"6";"VALENCIENNES (RUE DE)";"50,3671100000";"3,0850900000"
"202100007222";"18";"11";"2021";"07:34";"5";"57";"57283";"2";"1";"1";"6";"METZ (RUE DE)";"49,2446800000";"6,1699900000"
"202100007223";"19";"11";"2021";"07:30";"2";"56";"56260";"1";"1";"8";"6";"PONTIVY (BOULEVARD DE)";"47,6770650000";" -2,7742650000"
"202100007224";"4";"11";"2021";"19:45";"5";"56";"56260";"2";"3";"1";"3";"BERNUS(RUE DE)";"47,6550360000";" -2,7675310000"
"202100007225";"19";"11";"2021";"08:40";"1";"56";"56121";"2";"4";"1";"1";"COLBERT (RUE)";"47,7511600000";" -3,3580600000"
"202100007226";"17";"11";"2021";"16:35";"1";"56";"56121";"2";"6";"1";"3";"MANIO ( ECHANGEUR ET RD POINT DU )";"47,7560500000";" -3,3842600000"
"202100007227";"17";"11";"2021";"13:20";"1";"56";"56121";"2";"3";"1";"7";"VILLENEUVE (RUE  DE LA )";"47,7491200000";" -3,3813700000"
"202100007228";"17";"11";"2021";"07:50";"2";"56";"56121";"2";"3";"8";"2";"BELGIQUE (RUE  DE )";"47,7596300000";" -3,3813000000"
"202100007229";"18";"11";"2021";"23:35";"3";"54";"54184";"2";"1";"1";"2";"AGINCOURT  (ANCIENNE ROUTE D')";"48,7153900892";"6,2416129756"
"202100007230";"18";"11";"2021";"22:45";"5";"54";"54304";"2";"1";"1";"6";"ZOLA (RUE EMILE)";"48,6792129985";"6,1585820877"
"202100007231";"18";"11";"2021";"15:00";"1";"54";"54304";"2";"1";"1";"6";"LIBERATION (AVENUE DE LA)";"48,6784900000";"6,1604300000"
"202100007232";"17";"11";"2021";"07:40";"2";"54";"54578";"2";"2";"2";"3";"MULLER (AVENUE PAUL)";"48,6702900000";"6,1582800000"
"202100007233";"9";"11";"2021";"10:00";"1";"54";"54395";"2";"1";"1";"6";"SCARPONE (BD DE)";"48,7024100000";"6,1638000000"
"202100007234";"18";"11";"2021";"19:00";"3";"53";"53054";"1";"1";"1";"2";"RN 162";"48,0966100000";" -0,7478300000"
"202100007235";"19";"11";"2021";"16:35";"1";"51";"51454";"2";"1";"1";"4";"Avenue du PrÃ©sident Kennedy";"49,2334687259";"4,0070258081"
"202100007236";"18";"11";"2021";"20:15";"3";"51";"51172";"2";"6";"1";"2";"Place de l'Humanisme";"49,2200766886";"4,0412440896"
"202100007237";"18";"11";"2021";"08:45";"1";"51";"51454";"2";"2";"5";"7";"Boulevard du PrÃ©sident Wilson";"49,2363276285";"4,0262270201"
"202100007238";"29";"10";"2021";"14:00";"1";"50";"50129";"2";"1";"1";"7";"ANCIEN QUAI (RUE DE L')";"49,6367800000";" -1,6247400000"
"202100007239";"8";"11";"2021";"14:00";"1";"49";"49099";"2";"6";"1";"3";"PARIS (PLACE DE)";"47,0692800000";" -0,8531600000"
"202100007240";"20";"11";"2021";"00:45";"5";"49";"49007";"2";"1";"1";"6";"MOULIN BOULEVARD";"47,4906000000";" -0,5477400000"
"202100007241";"19";"11";"2021";"11:36";"1";"49";"49007";"2";"1";"1";"2";"GEOFFRAY";"47,4587100000";" -0,5464000000"
"202100007242";"18";"11";"2021";"17:58";"2";"49";"49007";"2";"6";"1";"3";"VILLESICARD RUE ET SQUARE";"47,4496500000";" -0,5305300000"
"202100007243";"18";"11";"2021";"16:12";"1";"49";"49007";"2";"3";"1";"3";"RABELAIS";"47,4624600000";" -0,5474100000"
"202100007244";"18";"11";"2021";"08:32";"2";"49";"49353";"2";"6";"1";"3";"FOUCAUDIERE";"47,4578900000";" -0,5146000000"
"202100007245";"17";"11";"2021";"17:25";"1";"49";"49267";"1";"1";"1";"2";"RD 347";"47,4717100000";" -0,4568400000"
"202100007246";"17";"11";"2021";"07:37";"2";"49";"49007";"2";"6";"1";"3";"RICHARD";"47,4663700000";" -0,5572800000"
"202100007247";"15";"11";"2021";"00:15";"5";"49";"49007";"2";"1";"1";"7";"CHEVREUL";"47,4728100000";" -0,5477300000"
"202100007248";"13";"11";"2021";"18:10";"5";"47";"47323";"2";"2";"2";"3";"MALRAUX (RUE ANDRE)";"44,4113600000";"0,7283950000"
"202100007249";"19";"11";"2021";"14:05";"1";"47";"47201";"2";"1";"1";"2";"PONT DE BARROY (ROUTE DU)";"44,1962000000";"0,5963000000"
"202100007250";"19";"11";"2021";"17:30";"5";"45";"45285";"2";"2";"1";"3";"ORLEANS (ROUTE D'ORLEANS)";"47,8960300000";"1,8603400000"
"202100007251";"19";"11";"2021";"15:10";"1";"45";"45235";"2";"6";"1";"6";"Giratoire des Varennes";"47,9484000000";"1,8314800000"
"202100007252";"18";"11";"2021";"17:05";"2";"45";"45286";"1";"1";"1";"7";"Levee des Capucins";"47,8932976639";"1,9225494862"
"202100007253";"18";"11";"2021";"14:30";"1";"45";"45285";"1";"1";"1";"6";"RN 60";"47,9173400000";"1,8713800000"
"202100007254";"18";"11";"2021";"13:30";"1";"45";"45147";"2";"1";"1";"6";"DORMOY (RUE MARX DORMOY)";"47,9265100000";"1,9173200000"
"202100007255";"18";"11";"2021";"07:40";"2";"45";"45302";"1";"1";"1";"3";"D2060-PR90+650";"47,9453100000";"1,8973200000"
"202100007256";"10";"11";"2021";"08:40";"1";"45";"45338";"2";"6";"5";"7";"DE VINCI (RUE LEONARD)";"48,0000593892";"2,7159190178"
"202100007257";"27";"08";"2021";"16:20";"1";"43";"43041";"2";"1";"1";"5";"19 Avenue Charles Dupuy";"45,0472000000";"3,9255600000"
"202100007258";"16";"11";"2021";"07:50";"3";"40";"40192";"2";"1";"1";"3";"VILLENEUVE (AV DE)";"43,8890500000";" -0,4697000000"
"202100007259";"14";"11";"2021";"19:55";"3";"40";"40178";"1";"1";"1";"3";"ROCADE EST (RD 932 E)";"43,8932500000";" -0,4454600000"
"202100007260";"7";"09";"2021";"13:35";"1";"40";"40192";"2";"1";"1";"3";"JUIN (V DU MARECHAL)";"43,9052411705";" -0,4747939110"
"202100007261";"19";"11";"2021";"19:30";"5";"37";"37122";"2";"4";"8";"3";"MARTYRS (RUE DES)";"47,3480800000";"0,6530200000"
"202100007262";"19";"11";"2021";"15:55";"1";"37";"37122";"2";"1";"1";"6";"CHANTEPIE (RUE DE)";"47,3480031997";"0,6529951841"
"202100007263";"19";"11";"2021";"01:35";"5";"37";"37261";"2";"2";"8";"1";"CLUZEL (RUE DU)";"47,3825435525";"0,6856785990"
"202100007264";"17";"11";"2021";"20:50";"5";"37";"37261";"2";"2";"1";"2";"DE GAULLE (AVENUE DU GENERAL)";"47,3809163067";"0,6999208448"
"202100007265";"18";"11";"2021";"08:15";"1";"37";"37261";"2";"1";"1";"6";"VAILLANT (RUE EDOUARD)";"47,3818643938";"0,7056665785"
"202100007266";"19";"11";"2021";"18:30";"3";"35";"35238";"1";"1";"1";"2";"RN136";"48,1138399691";" -1,7187714279"
"202100007267";"18";"11";"2021";"18:05";"5";"35";"35238";"2";"1";"1";"3";"REDON (DE)";"48,1053628767";" -1,6901190348"
"202100007268";"18";"11";"2021";"07:30";"5";"35";"35051";"2";"6";"1";"3";"BRAY (RUE DE)";"48,1088500000";" -1,6087300000"
"202100007269";"12";"11";"2021";"11:30";"1";"35";"35115";"2";"2";"5";"3";"POMPIDOU (RUE GEORGES A PARTIR DU NÂ°65)";"48,3441500000";" -1,2008400000"
"202100007270";"18";"11";"2021";"08:50";"1";"34";"34172";"2";"3";"1";"5";"MONTASINOS (RUE DE)";"43,6289525766";"3,8807486863"
"202100007271";"18";"11";"2021";"14:00";"1";"33";"33162";"2";"1";"1";"2";"Route du MÃ©doc";"44,8784500000";" -0,6247600000"
"202100007272";"18";"11";"2021";"05:00";"5";"33";"33063";"2";"7";"1";"3";"BD DU PRESIDENT WILSON";"44,8414600000";" -0,5994900000"
"202100007273";"12";"11";"2021";"12:45";"1";"33";"33065";"1";"6";"1";"2";"D 113";"44,8101000000";" -0,5203000000"
"202100007274";"18";"11";"2021";"21:50";"5";"32";"32013";"2";"6";"1";"2";"rond point des justes";"43,6637400000";"0,5992300000"
"202100007275";"19";"11";"2021";"23:20";"3";"31";"31069";"1";"1";"1";"4";"FIL D'ARIANE (RD902)";"43,6633500000";"1,3600900000"
"202100007276";"18";"11";"2021";"19:50";"5";"31";"31555";"2";"1";"1";"4";"VA007418 PONT JUMEAUX A620 Sortie 30";"43,6086500000";"1,4114200000"
"202100007277";"18";"11";"2021";"18:00";"5";"31";"31555";"2";"3";"1";"3";"AV FRIZAC";"43,5912630000";"1,4528080000"
"202100007278";"17";"11";"2021";"13:35";"1";"31";"31555";"2";"2";"8";"1";"ALL DES DEMOISELLES";"43,5883350000";"1,4587280000"
"202100007279";"9";"11";"2021";"08:50";"1";"31";"31555";"1";"1";"1";"6";"VA007622 RANGUEIL A620 Sortie 23";"43,5720500000";"1,4604900000"
"202100007280";"28";"10";"2021";"11:35";"1";"30";"30189";"2";"2";"1";"6";"SEMARD PIERRE (RUE)";"43,8391800000";"4,3658200000"
"202100007281";"19";"11";"2021";"13:35";"1";"30";"30243";"1";"3";"1";"3";"Chemin des Vignes";"44,0767305120";"4,0715389251"
"202100007282";"19";"11";"2021";"17:15";"2";"29";"29051";"1";"1";"1";"2";"Avenue de Garsalec";"48,0171120000";" -4,0006770000"
"202100007283";"18";"11";"2021";"18:00";"1";"29";"29019";"2";"1";"1";"6";"Rue Saint-ExupÃ©ry";"48,3887000000";" -4,5046600000"
"202100007284";"19";"11";"2021";"07:00";"5";"28";"28085";"1";"2";"1";"3";"BEAUREPAIRE (AVENUE)";"48,4584700000";"1,4878400000"
"202100007285";"19";"11";"2021";"17:55";"5";"27";"27229";"2";"1";"1";"4";"RESISTANCE (RUE DE LA)";"49,0200100000";"1,1558900000"
"202100007286";"18";"11";"2021";"17:53";"3";"27";"27229";"2";"1";"1";"2";"NORMANDIE (BOULEVARD DE)";"49,0187000000";"1,1413800000"
"202100007287";"18";"11";"2021";"16:40";"1";"26";"26057";"1";"2";"1";"3";"Route de Besayes";"45,0090520000";"5,0620820000"
"202100007288";"19";"11";"2021";"07:35";"1";"26";"26198";"2";"1";"1";"3";"166 Route de Marseille";"44,5383740000";"4,7464360000"
"202100007289";"18";"11";"2021";"10:30";"1";"25";"25056";"2";"1";"1";"3";"LAGRANGE  AVENUE LEO";"47,2439400000";"6,0053300000"
"202100007290";"14";"11";"2021";"05:35";"5";"19";"19031";"2";"3";"1";"6";"RIBOT (AVENUE)";"45,1646314544";"1,5025895834"
"202100007291";"19";"11";"2021";"01:00";"3";"18";"18213";"1";"1";"1";"6";"SAINTE-SOLANGE (ROUTE DE)";"47,1135000000";"2,5034100000"
"202100007292";"16";"11";"2021";"08:40";"1";"17";"17461";"2";"1";"1";"3";"HAUTES FOLIES (AVENUE DES)";"45,6376100000";" -1,0642800000"
"202100007293";"18";"11";"2021";"21:20";"5";"17";"17300";"2";"1";"8";"6";"ROMPSAY   AVENUE DE";"46,1612800000";" -1,1302000000"
"202100007294";"19";"11";"2021";"08:50";"1";"14";"14220";"2";"3";"1";"3";"Avenue Lucien BarriÃ¨re";"49,3598000000";"0,0699600000"
"202100007295";"18";"11";"2021";"17:45";"3";"14";"14437";"2";"1";"1";"4";"ECHANGEUR NÂ° 01 ( PORTE DE PARIS )";"49,1755500000";" -0,3131000000"
"202100007296";"12";"11";"2021";"22:25";"3";"14";"14437";"1";"1";"2";"6";"ECHANGEUR NÂ° 16 ( PAYS D ' AUGE )";"49,1636100000";" -0,3063700000"
"202100007297";"11";"11";"2021";"18:05";"5";"14";"14271";"2";"1";"1";"2";"D233";"49,1514700000";" -0,3734500000"
"202100007298";"11";"11";"2021";"14:35";"1";"14";"14118";"2";"2";"1";"6";"ENGANNERIE (RUE DE L')";"49,1830200000";" -0,3560400000"
"202100007299";"19";"11";"2021";"18:15";"5";"13";"13117";"1";"1";"1";"2";"ROUTE NATIONALE 113-L'ANJOLY";"43,4248800000";"5,2645200000"
"202100007300";"19";"11";"2021";"16:30";"1";"13";"13213";"2";"1";"1";"6";"ALBERT EINSTEIN (RUE)";"43,3392519885";"5,4394066846"
"202100007301";"19";"11";"2021";"05:30";"5";"13";"13205";"2";"1";"1";"1";"JEAN MOULIN (BOULEVARD)";"43,2870700000";"5,4003200000"
"202100007302";"19";"11";"2021";"05:50";"5";"13";"13205";"2";"2";"1";"3";"SAKAKINI (BOULEVARD)";"43,2937120211";"5,4015391889"
"202100007303";"18";"11";"2021";"17:05";"2";"13";"13210";"2";"1";"1";"3";"RABATAU (BOULEVARD)";"43,2762990232";"5,3972185386"
"202100007304";"18";"11";"2021";"16:45";"2";"13";"13215";"2";"1";"1";"3";"RUISSEAU MI (RUE)";"43,3502385917";"5,3488946777"
"202100007305";"18";"11";"2021";"09:40";"1";"13";"13002";"2";"1";"1";"2";"JEAN MOULIN (AVENUE)";"43,3635000000";"5,4960200000"
"202100007306";"18";"11";"2021";"16:00";"2";"13";"13063";"2";"1";"1";"1";"QUENOUILLE RUE DE LA";"43,5941500000";"4,9949000000"
"202100007307";"17";"11";"2021";"12:45";"1";"13";"13001";"2";"1";"1";"6";"BARRE ST JEAN (CHEMIN DE LA)";"43,4964200000";"5,4092500000"
"202100007308";"18";"11";"2021";"04:35";"5";"12";"12174";"1";"1";"1";"6";"RN88 (ROCADE)";"44,3343800000";"2,5546800000"
"202100007309";"17";"11";"2021";"18:05";"1";"11";"11262";"2";"2";"1";"3";"MONTESQUIEU (AVENUE)";"43,1896900000";"3,0242600000"
"202100007310";"19";"11";"2021";"23:30";"5";"11";"11069";"2";"1";"1";"6";"BOUFFET HENRY";"43,2125100000";"2,2983700000"
"202100007311";"17";"11";"2021";"07:10";"2";"11";"11069";"2";"2";"1";"3";"LIMOUX - ROUTE DE-";"43,1991300000";"2,3269700000"
"202100007312";"16";"11";"2021";"08:48";"1";"11";"11069";"2";"3";"1";"6";"CHARTRAN";"43,2126100000";"2,3513100000"
"202100007313";"19";"11";"2021";"02:02";"5";"10";"10387";"2";"1";"1";"6";"LUCIEN MOREL PAYEN (RUE)";"48,3050000000";"4,0916000000"
"202100007314";"16";"11";"2021";"18:00";"5";"10";"10387";"2";"1";"2";"3";"FAUBOURG CRONCELS (RUE DU)";"48,2792000000";"4,0812900000"
"202100007315";"19";"11";"2021";"08:40";"1";"09";"09122";"2";"3";"1";"6";"DE GAULLE (AVENUE DU GENERAL)";"42,9629000000";"1,6089000000"
"202100007316";"17";"11";"2021";"15:53";"1";"09";"09013";"1";"9";"8";"1";"20 (R.N.) COTE NORD DU TUNNEL";"42,9805090000";"1,6230310000"
"202100007317";"19";"11";"2021";"18:05";"5";"06";"06088";"2";"1";"1";"3";"QUAI DES ETATS UNIS";"43,6951650000";"7,2731220000"
"202100007318";"18";"11";"2021";"19:50";"5";"06";"06088";"2";"1";"1";"3";"ARIANE (BD DE L')";"43,7331620000";"7,2889940000"
"202100007319";"18";"11";"2021";"15:20";"1";"06";"06088";"2";"2";"1";"5";"DIABLES BLEUS (AV. DES)";"43,7083300000";"7,2907800000"
"202100007320";"18";"11";"2021";"07:52";"1";"06";"06088";"2";"1";"1";"7";"CESSOLE (BD DE) (A PARTIR DU 101-114)";"43,7206290000";"7,2514730000"
"202100007321";"13";"11";"2021";"05:54";"5";"06";"06088";"2";"2";"1";"3";"ROASSAL (R. CLEMENT)";"43,7080770000";"7,2569700000"
"202100007322";"18";"11";"2021";"17:46";"5";"06";"06069";"1";"1";"1";"3";"DRAGUIGNAN (ROUTE DE) - D2562-";"43,6429300000";"6,9086900000"
"202100007323";"11";"11";"2021";"13:30";"1";"06";"06069";"2";"1";"1";"7";"CANNES (ROUTE DE)  -RD 6085-";"43,6274180000";"6,9601660000"
"202100007324";"15";"11";"2021";"07:50";"3";"06";"06027";"2";"1";"2";"2";"TUILIERES AVENUE DES";"43,6652940000";"7,1544410000"
"202100007325";"14";"11";"2021";"17:55";"5";"06";"06027";"2";"1";"1";"6";"JUIN BOULEVARD MARECHAL";"43,6581770000";"7,1509130000"
"202100007326";"17";"11";"2021";"18:35";"3";"03";"03098";"2";"1";"8";"1";"FRANCK ( RUE ANNE )";"46,3577100000";"2,6210000000"
"202100007327";"16";"11";"2021";"11:52";"1";"02";"02738";"2";"2";"1";"3";"LEDRU";"49,6686510000";"3,2797210000"
"202100007328";"6";"11";"2021";"23:15";"5";"02";"02691";"2";"2";"1";"3";"BLUM (BD LEON)";"49,8412500000";"3,2923620000"
"202100007329";"19";"11";"2021";"13:00";"1";"75";"75116";"2";"1";"1";"6";"PORTE DE PASSY";"48,8601640000";"2,2635540000"
"202100007330";"19";"11";"2021";"12:45";"1";"75";"75113";"2";"4";"1";"3";"PORTE D ITALIE";"48,8161200000";"2,3599110000"
"202100007331";"19";"11";"2021";"08:15";"1";"75";"75114";"2";"4";"1";"3";"PORTE DE VANVES";"48,8250360000";"2,3035490000"
"202100007332";"17";"11";"2021";"12:30";"1";"75";"75105";"2";"5";"1";"7";"BOULEVARD SAINT MICHEL";"48,8503540000";"2,3426240000"
"202100007333";"19";"11";"2021";"12:20";"1";"75";"75120";"2";"1";"1";"6";"AVENUE LEON GAUMONT";"48,8509880000";"2,4158990000"
"202100007334";"19";"11";"2021";"19:45";"5";"75";"75119";"2";"7";"1";"2";"AVENUE MATHURIN MOREAU";"48,8780210000";"2,3706900000"
"202100007335";"19";"11";"2021";"13:05";"1";"75";"75119";"2";"2";"1";"1";"AVENUE JEAN JAURES";"48,8887574278";"2,3931205273"
"202100007336";"19";"11";"2021";"08:40";"1";"75";"75118";"2";"3";"8";"3";"RUE DU SIMPLON";"48,8932430000";"2,3526520000"
"202100007337";"19";"11";"2021";"18:25";"5";"75";"75117";"2";"3";"1";"1";"RUE ERNEST GOUIN";"48,8936140000";"2,3186080000"
"202100007338";"19";"11";"2021";"02:00";"5";"75";"75116";"2";"3";"1";"6";"ALLEE DU BORD DE L EAU";"48,8616700000";"2,2290050000"
"202100007339";"19";"11";"2021";"16:05";"1";"75";"75114";"2";"3";"1";"7";"RUE RAYMOND LOSSERAND";"48,8291352692";"2,3084324598"
"202100007340";"19";"11";"2021";"18:30";"5";"75";"75105";"2";"3";"1";"6";"BOULEVARD DE PORT ROYAL";"48,8382760000";"2,3420620000"
"202100007341";"19";"11";"2021";"11:10";"1";"75";"75113";"2";"3";"1";"7";"AVENUE D ITALIE";"48,8204090000";"2,3590910000"
"202100007342";"16";"11";"2021";"18:55";"5";"75";"75109";"2";"1";"1";"3";"RUE DROUOT";"48,8737620000";"2,3406730000"
"202100007343";"19";"11";"2021";"16:30";"1";"75";"75107";"2";"2";"1";"6";"BOULEVARD DE LA TOUR MAUBOURG";"48,8580670000";"2,3100070000"
"202100007344";"19";"11";"2021";"11:15";"1";"75";"75107";"2";"3";"1";"1";"RUE DE GRENELLE";"48,8538360000";"2,3273710000"
"202100007345";"19";"11";"2021";"05:20";"5";"75";"75107";"2";"7";"1";"6";"PLACE DE LA RESISTANCE";"48,8624130000";"2,3015950000"