"Num_Acc";"jour";"mois";"an";"hrmn";"lum";"dep";"com";"agg";"int";"atm";"col";"adr";"lat";"long"
"202100007346";"18";"11";"2021";"10:50";"1";"75";"75107";"2";"3";"1";"3";"RUE DE SEVRES";"48,8498200000";"2,3232900000"
"202100007347";"19";"11";"2021";"08:50";"1";"75";"75103";"2";"4";"1";"3";"RUE DE TURBIGO";"48,8654370000";"2,3561900000"
"202100007348";"19";"11";"2021";"01:24";"5";"75";"75108";"2";"2";"1";"3";"BOULEVARD HAUSSMANN";"48,8741970000";"2,3239300000"
"202100007349";"19";"11";"2021";"18:35";"5";"94";"94046";"2";"1";"1";"3";"Avenue du GÃ©nÃ©ral Leclerc";"48,8119900000";"2,4293000000"
"202100007350";"19";"11";"2021";"06:50";"5";"94";"94003";"2";"7";"1";"3";"Rue Emile Raspail";"48,8009270000";"2,3315590000"
"202100007351";"19";"11";"2021";"18:11";"5";"94";"94073";"2";"1";"2";"3";"Avenue de Fontainebleau";"48,7672750000";"2,3682270000"
"202100007352";"19";"11";"2021";"07:30";"5";"94";"94033";"2";"6";"8";"3";"Rue de Bir-Hakeim";"48,8438700000";"2,4791500000"
"202100007353";"19";"11";"2021";"11:15";"1";"94";"94028";"2";"1";"1";"1";"TASSIGNY(AVE DU MARECHAL DE LATTRE DE)";"48,7988000000";"2,4541000000"
"202100007354";"19";"11";"2021";"11:05";"1";"94";"94011";"2";"1";"1";"3";"Avenue de Paris";"48,7750500000";"2,4810100000"
"202100007355";"19";"11";"2021";"08:00";"1";"94";"94028";"2";"1";"1";"3";"Avenue du GÃ©nÃ©ral de Gaulle";"48,7845600000";"2,4518800000"
"202100007356";"17";"11";"2021";"14:05";"1";"94";"94011";"2";"1";"2";"2";"Carrefour du-GÃ©nÃ©ral-de-Gaulle";"48,7682160000";"2,4875350000"
"202100007357";"19";"11";"2021";"19:40";"5";"94";"94018";"2";"1";"1";"3";"Place des Marseillais";"48,8267500000";"2,4054800000"
"202100007358";"19";"11";"2021";"16:50";"1";"94";"94017";"2";"1";"1";"6";"GENERAL DE GAULLE (AV DU)";"48,8236800000";"2,4968000000"
"202100007359";"19";"11";"2021";"14:05";"1";"93";"93078";"2";"1";"1";"6";"DEGEYTER (PLACE)";"48,9470100000";"2,5627600000"
"202100007360";"19";"11";"2021";"09:00";"1";"93";"93078";"2";"1";"1";"2";"CLEMENCEAU (AVENUE GEORGES)";"48,9599200000";"2,5568500000"
"202100007361";"19";"11";"2021";"08:30";"2";"93";"93078";"2";"1";"1";"6";"DUCLOS (RUE JACQUES)";"48,9576300000";"2,5503000000"
"202100007362";"1";"11";"2021";"04:30";"5";"93";"93015";"1";"3";"1";"1";"BAS PRES RUE DE";"48,9159945852";"2,5838696744"
"202100007363";"19";"11";"2021";"14:10";"1";"93";"93055";"2";"1";"1";"6";"DELIZY (DU 1 AU 13 ET DU 2 AU 10)";"48,8931400000";"2,4096700000"
"202100007364";"19";"11";"2021";"00:20";"5";"93";"93048";"2";"2";"1";"1";"PAUL VAILLANT COUTURIER (BOULEVARD)";"48,8626300000";"2,4416000000"
"202100007365";"18";"11";"2021";"19:05";"5";"93";"93045";"2";"2";"1";"6";"PARIS RUE DE";"48,8794221092";"2,4149575420"
"202100007366";"19";"11";"2021";"19:10";"5";"93";"93032";"2";"9";"1";"3";"JULES GUESDES  (RUE,A PARTIR 98, COTE IM";"48,8798200000";"2,5453200000"
"202100007367";"19";"11";"2021";"11:00";"1";"93";"93050";"2";"3";"1";"3";"PAUL VAILLANT COUTURIER (RUE)";"48,8684800000";"2,5566500000"
"202100007368";"18";"11";"2021";"14:00";"1";"93";"93032";"2";"5";"1";"3";"GAY     (ALLEE)";"48,8947700000";"2,5364200000"
"202100007369";"19";"11";"2021";"14:35";"1";"93";"93007";"2";"1";"8";"6";"MAURICE AUDIN (RUE)";"48,9476195120";"2,4517381528"
"202100007370";"19";"11";"2021";"08:10";"2";"92";"92046";"2";"9";"1";"3";"VALLEE (RUE DE LA)";"48,8221118755";"2,3057663441"
"202100007371";"18";"11";"2021";"12:05";"1";"92";"92072";"2";"6";"1";"3";"GRANDE RUE";"48,8254423843";"2,2158989498"
"202100007372";"19";"11";"2021";"12:08";"1";"92";"92064";"2";"1";"1";"1";"DAILLY";"48,8434754829";"2,2206705809"
"202100007373";"19";"11";"2021";"19:00";"5";"92";"92062";"2";"9";"1";"7";"BOULEVARD CIRCULAIRE";"48,8897649999";"2,2345671058"
"202100007374";"20";"11";"2021";"07:50";"2";"60";"60137";"1";"2";"2";"7";"D101";"49,4355660000";"2,5276710000"
"202100007375";"20";"11";"2021";"02:00";"3";"35";"35123";"1";"1";"9";"7";"Rue de Chavagne";"48,0187790000";" -1,8296530000"
"202100007376";"19";"11";"2021";"11:30";"1";"35";"35236";"2";"1";"1";"6";"Rue du MarÃ©chal Leclerc";"47,6601430000";" -2,0735170000"
"202100007377";"20";"11";"2021";"03:25";"3";"52";"52193";"1";"1";"1";"6";"route dÃ©partementale 619";"48,1371930000";"5,0563400000"
"202100007378";"14";"11";"2021";"10:30";"1";"71";"71220";"1";"1";"2";"3";"D979";"46,5387020000";"3,7658210000"
"202100007379";"20";"11";"2021";"06:05";"3";"41";"41208";"1";"1";"1";"2";"A10";"47,5817740000";"1,0693730000"
"202100007380";"19";"11";"2021";"13:10";"1";"38";"38373";"2";"1";"1";"3";"71 Route de Chartreuse";"45,3588330000";"5,5581720000"
"202100007381";"19";"11";"2021";"11:40";"1";"68";"68315";"2";"1";"1";"6";"Rue de la Marne";"47,8883130000";"7,2309510000"
"202100007382";"20";"11";"2021";"12:45";"1";"89";"89122";"1";"1";"8";"7";"D84";"48,2777810000";"3,5379300000"
"202100007383";"19";"11";"2021";"17:30";"3";"51";"51569";"1";"2";"1";"3";"D275";"49,2573610000";"3,9590490000"
"202100007384";"19";"11";"2021";"11:30";"1";"56";"56008";"1";"2";"1";"5";"D101";"47,6218360000";" -2,8983090000"
"202100007385";"19";"11";"2021";"12:20";"1";"79";"79003";"2";"1";"1";"2";"90 Rue de la Roussellerie";"46,2901650000";" -0,4228500000"
"202100007386";"19";"11";"2021";"20:00";"5";"32";"32286";"2";"1";"1";"6";"Route d Agen";"43,7935490000";"0,6305040000"
"202100007387";"19";"11";"2021";"14:05";"1";"11";"11024";"1";"1";"1";"1";"D6009";"43,1151910000";"2,9509660000"
"202100007388";"19";"11";"2021";"22:35";"3";"71";"71412";"1";"1";"2";"5";"N70";"46,7250950000";"4,4512650000"
"202100007389";"20";"11";"2021";"03:40";"3";"63";"63338";"1";"1";"1";"6";"D988";"46,1656146461";"2,8092070805"
"202100007390";"19";"11";"2021";"17:00";"2";"61";"61461";"1";"2";"1";"3";"D14 - D29";"48,8230000000";"0,3834810000"
"202100007391";"19";"11";"2021";"18:20";"3";"34";"34284";"1";"2";"1";"6";"Route dÃ©partementale 908";"43,4965770000";"2,7891330000"
"202100007392";"20";"11";"2021";"11:08";"1";"39";"39202";"1";"2";"1";"3";"N/A";"46,9257250000";"5,9693870000"
"202100007393";"19";"11";"2021";"22:04";"3";"44";"44174";"1";"1";"5";"7";"D71";"47,0492150000";" -1,7430630000"
"202100007394";"20";"11";"2021";"07:00";"3";"35";"35132";"1";"2";"5";"6";"Le Fedeuil";"48,5733280000";" -1,7981310000"
"202100007395";"19";"11";"2021";"16:45";"1";"72";"72035";"1";"9";"2";"3";"Lieu Dit le Pineau";"47,8327050000";"0,7096700000"
"202100007396";"19";"11";"2021";"08:30";"1";"14";"14174";"2";"1";"1";"2";"D562";"48,8533010000";" -0,5456100000"
"202100007397";"19";"11";"2021";"23:00";"3";"14";"14590";"1";"1";"1";"6";"D31";"49,1226250000";" -0,7950440000"
"202100007398";"19";"11";"2021";"19:00";"5";"50";"50044";"1";"1";"1";"2";"D972";"49,0737820000";" -1,3473700000"
"202100007399";"20";"11";"2021";"18:00";"3";"50";"50031";"1";"1";"2";"2";"route dÃ©partementale 650";"49,3847890000";" -1,7493800000"
"202100007400";"19";"11";"2021";"15:00";"1";"40";"40201";"2";"3";"1";"1";"Avenue RenÃ© Bats";"43,7477070000";" -0,7568130000"
"202100007401";"19";"11";"2021";"07:30";"1";"987";"98715";"2";"2";"1";"3";"Route de ceinture PK 5";" -17,5890708813";" -149,6132598817"
"202100007402";"2";"11";"2021";"17:45";"3";"69";"69007";"1";"1";"1";"1";"D386";"45,4941870000";"4,8192860000"
"202100007403";"20";"11";"2021";"08:50";"1";"988";"98803";"1";"1";"3";"6";"Lieu-dit TrazÃ©gnies";" -21,5879700000";"165,5145910000"
"202100007404";"20";"11";"2021";"18:15";"3";"988";"98821";"1";"1";"3";"2";"RT1 sens Nord/Sud entre le carrefour Angou et l'ancienne boucherie";" -22,0426860000";"166,2367060000"
"202100007405";"13";"11";"2021";"18:10";"3";"973";"97303";"1";"1";"1";"3";"Route nationale 1 / PK 173+500";"5,4801846230";" -53,2111483812"
"202100007406";"20";"11";"2021";"12:50";"1";"44";"44020";"1";"1";"1";"6";"D723";"47,1721450000";" -1,6660490000"
"202100007407";"19";"11";"2021";"19:10";"3";"29";"29233";"1";"1";"1";"1";"Rue de Kervail";"47,8733530000";" -3,5771710000"
"202100007408";"19";"11";"2021";"13:10";"1";"41";"41155";"1";"3";"1";"3";"Rue de Chambord";"47,6626780000";"1,5339290000"
"202100007409";"20";"11";"2021";"00:30";"3";"91";"91330";"1";"1";"8";"7";"Route de Cheptainville";"48,5277520000";"2,2702390000"
"202100007410";"19";"11";"2021";"17:40";"1";"78";"78470";"1";"2";"1";"3";"D176";"48,5784030000";"1,7987460000"
"202100007411";"20";"11";"2021";"06:05";"3";"68";"68007";"1";"1";"2";"1";"D415 PK 34+600";"48,0529560000";"7,4496320000"
"202100007412";"20";"11";"2021";"07:50";"1";"73";"73176";"1";"1";"1";"6";"D84, lieu-dit LES COMBETTAZ";"45,6122170000";"6,8514240000"
"202100007413";"19";"11";"2021";"17:55";"5";"44";"44035";"2";"1";"1";"6";"Rue Jean JaurÃ¨s";"47,3009990000";" -1,5506710000"
"202100007414";"18";"11";"2021";"11:30";"1";"69";"69299";"1";"1";"1";"7";"D29";"45,6985970000";"5,0949100000"
"202100007415";"19";"11";"2021";"16:30";"1";"33";"33494";"1";"1";"1";"6";"Route de Castelnau";"44,9567240000";" -0,8326970000"
"202100007416";"20";"11";"2021";"19:30";"3";"33";"33284";"1";"1";"1";"1";"Avenue du GÃ©nÃ©ral de Gaulle";"44,5988180000";" -0,9145790000"
"202100007417";"19";"11";"2021";"19:45";"3";"85";"85080";"1";"1";"1";"1";"D20";"46,4281990000";" -0,8283394800"
"202100007418";"9";"11";"2021";"21:20";"3";"60";"60533";"2";"6";"1";"7";"N/A";"49,5309740000";"2,7293730000"
"202100007419";"20";"11";"2021";"18:30";"3";"80";"80530";"1";"1";"2";"7";"Rue de Vaux";"49,9468770000";"2,5614770000"
"202100007420";"18";"11";"2021";"17:25";"1";"13";"13005";"1";"1";"1";"2";"A50 - Sens Aubagne vers Marseille";"43,2772930000";"5,5871310000"
"202100007421";"18";"11";"2021";"09:30";"1";"69";"69287";"1";"1";"1";"5";"A43   9.894 A 13.029";"45,6850356087";"5,0025558472"
"202100007422";"19";"11";"2021";"04:20";"3";"33";"33122";"1";"1";"1";"2";"AUTOROUTE A 63";"44,7343700000";" -0,7203900000"
"202100007423";"19";"11";"2021";"19:15";"5";"91";"91161";"2";"9";"1";"3";"CARREFOUR RN20 / CD120";"48,7155100000";"2,2985400000"
"202100007424";"19";"11";"2021";"13:00";"1";"92";"92025";"1";"1";"1";"2";"A86";"48,9217595598";"2,2261142366"
"202100007425";"19";"11";"2021";"06:20";"2";"92";"92050";"1";"1";"1";"2";"A86";"48,9028960000";"2,2046520000"
"202100007426";"18";"11";"2021";"10:50";"1";"92";"92025";"1";"1";"1";"3";"A86";"48,9199371784";"2,2244346596"
"202100007427";"19";"11";"2021";"17:00";"3";"95";"95127";"1";"1";"1";"3";"A15";"49,0394250000";"2,0845960000"
"202100007428";"18";"11";"2021";"23:45";"3";"93";"93078";"1";"1";"1";"5";"AUTOROUTE A104";"48,9684700000";"2,5083400000"
"202100007429";"19";"11";"2021";"19:35";"3";"94";"94069";"1";"1";"1";"6";"A4";"48,8172046066";"2,4285178250"
"202100007430";"19";"11";"2021";"08:10";"2";"77";"77258";"1";"1";"1";"6";"A4.Y";"48,8301739156";"2,6289266264"
"202100007431";"18";"11";"2021";"15:00";"1";"75";"75114";"2";"7";"1";"3";"AVENUE DU GENERAL LECLERC";"48,8280220000";"2,3269340000"
"202100007432";"17";"11";"2021";"17:20";"2";"75";"75119";"2";"1";"1";"3";"PORTE D AUBERVILLIERS";"48,9003090000";"2,3779940000"
"202100007433";"9";"11";"2021";"21:10";"5";"75";"75106";"2";"1";"1";"1";"RUE DU CHERCHE MIDI";"48,8471650000";"2,3280170000"
"202100007434";"18";"11";"2021";"19:00";"5";"75";"75120";"2";"4";"1";"3";"RUE BELGRAND";"48,8646110000";"2,4059870000"
"202100007435";"18";"11";"2021";"15:00";"1";"75";"75120";"2";"1";"1";"6";"RUE DES PYRENEES";"48,8627820000";"2,3999380000"
"202100007436";"18";"11";"2021";"12:20";"1";"75";"75120";"2";"3";"1";"6";"RUE BELGRAND";"48,8646250000";"2,4056460000"
"202100007437";"17";"11";"2021";"14:15";"1";"75";"75120";"2";"1";"1";"1";"AVENUE GAMBETTA";"48,8634349223";"2,3896336555"
"202100007438";"18";"11";"2021";"15:30";"1";"75";"75119";"2";"7";"1";"3";"PLACE DE LA PORTE DE PANTIN";"48,8896080000";"2,3957570000"
"202100007439";"18";"11";"2021";"09:15";"1";"75";"75117";"2";"7";"1";"6";"PLACE DU GENERAL KOENIG";"48,8807080000";"2,2852820000"
"202100007440";"18";"11";"2021";"09:43";"1";"75";"75113";"2";"1";"1";"6";"RUE NATIONALE";"48,8322690000";"2,3627940000"
"202100007441";"18";"11";"2021";"18:36";"5";"75";"75112";"2";"2";"1";"3";"QUAI DE LA RAPEE";"48,8432100000";"2,3703030000"
"202100007442";"18";"11";"2021";"09:00";"1";"75";"75111";"2";"3";"1";"2";"BOULEVARD RICHARD LENOIR";"48,8570560000";"2,3712030000"
"202100007443";"18";"11";"2021";"07:05";"3";"75";"75110";"2";"1";"1";"2";"RUE DU FAUBOURG SAINT DENIS";"48,8837430000";"2,3592250000"
"202100007444";"18";"11";"2021";"12:45";"1";"75";"75109";"2";"4";"1";"7";"RUE DE ROCHECHOUART";"48,8773450000";"2,3446610000"
"202100007445";"18";"11";"2021";"22:20";"5";"75";"75108";"2";"7";"1";"6";"PLACE SAINT AUGUSTIN";"48,8748600000";"2,3198670000"
"202100007446";"18";"11";"2021";"17:45";"5";"75";"75108";"2";"2";"1";"6";"COURS LA REINE";"48,8646810000";"2,3136540000"
"202100007447";"18";"11";"2021";"09:50";"1";"75";"75107";"2";"1";"1";"6";"RUE DE LA LEGION D HONNEUR";"48,8603650000";"2,3249700000"
"202100007448";"17";"11";"2021";"13:35";"1";"75";"75107";"2";"3";"1";"3";"BOULEVARD RASPAIL";"48,8524190000";"2,3266700000"
"202100007449";"18";"11";"2021";"08:20";"1";"94";"94080";"2";"3";"1";"1";"Avenue des Minimes";"48,8411700000";"2,4329400000"
"202100007450";"17";"11";"2021";"18:45";"5";"94";"94068";"2";"1";"1";"6";"Avenue Louis Blanc";"48,7965900000";"2,5007800000"
"202100007451";"17";"11";"2021";"17:20";"5";"94";"94058";"2";"4";"1";"1";"Avenue Pierre Brossolette";"48,8342900000";"2,5144300000"
"202100007452";"17";"11";"2021";"15:55";"1";"94";"94017";"2";"6";"1";"2";"Avenue Henri-Marie le Boursicaut";"48,8138600000";"2,5273800000"
"202100007453";"18";"11";"2021";"13:55";"1";"93";"93073";"2";"2";"1";"3";"CHAPIT RE ( RUE DU)";"49,0024300000";"2,5333300000"
"202100007454";"18";"11";"2021";"18:50";"5";"93";"93059";"2";"3";"1";"3";"ROBERT DESNOS (PLACE)";"48,9719917821";"2,3672801256"
"202100007455";"18";"11";"2021";"16:00";"1";"93";"93013";"2";"2";"1";"3";"LECLERC (AVENU DE LA DIVISION)";"48,9329500000";"2,4236700000"
"202100007456";"18";"11";"2021";"13:05";"1";"93";"93070";"2";"1";"1";"3";"SAINT-DENIS(RUE)";"48,9190496040";"2,3338184133"
"202100007457";"17";"11";"2021";"07:35";"2";"93";"93029";"2";"9";"1";"2";"ARGONNE (DE L')";"48,9168900000";"2,4668600000"
"202100007458";"18";"11";"2021";"16:15";"1";"93";"93027";"2";"1";"1";"1";"JAURES (AVENUE JEAN)";"48,9243300000";"2,4028600000"
"202100007459";"17";"11";"2021";"23:40";"5";"93";"93057";"2";"1";"1";"2";"JAURES (AV. JEAN) 118 A FIN";"48,9038176357";"2,5059125168"
"202100007460";"18";"11";"2021";"19:00";"5";"93";"93008";"2";"1";"1";"5";"VAILLANT COUTURIER (AVENUE PAUL)";"48,9084635812";"2,4518085169"
"202100007461";"18";"11";"2021";"15:00";"1";"92";"92064";"2";"3";"1";"4";"PORTE JAUNE";"48,8452395154";"2,1981453896"
"202100007462";"18";"11";"2021";"10:00";"1";"92";"92063";"2";"1";"1";"6";"DIX-HUIT JUIN 1940 (AVENUE DU) EST";"48,8663074283";"2,2017610073"
"202100007463";"18";"11";"2021";"11:30";"1";"92";"92050";"2";"2";"1";"2";"CLEMENCEAU GEORGES AVENUE NÂ°IMPAIR";"48,8867050970";"2,2052451968"
"202100007464";"18";"11";"2021";"13:15";"1";"92";"92048";"2";"6";"1";"3";"Rue de Paris";"48,8131435089";"2,2463876009"
"202100007465";"18";"11";"2021";"09:50";"1";"92";"92044";"2";"2";"1";"3";"VIC. HUGO(RUE)077A089 ET 090A110";"48,8959151910";"2,2964724898"
"202100007466";"18";"11";"2021";"17:50";"5";"92";"92040";"2";"1";"1";"6";"GALLIENI (BOULEVARD)";"48,8282100000";"2,2675000000"
"202100007467";"15";"11";"2021";"21:07";"5";"92";"92035";"2";"1";"1";"6";"Verdun 1916 ( avenue de )";"48,9058709342";"2,2358840704"
"202100007468";"18";"11";"2021";"01:29";"5";"92";"92025";"2";"1";"1";"1";"BOURNARD (RUE DU)";"48,9235200000";"2,2595500000"
"202100007469";"18";"11";"2021";"15:20";"1";"92";"92024";"2";"1";"1";"2";"MARTRE DE (4 A 54)";"48,8999957406";"2,3088314951"
"202100007470";"16";"11";"2021";"17:50";"2";"92";"92004";"2";"2";"1";"3";"DOCTEUR DERVAUX  ( QUAI DU )";"48,9108547169";"2,2982910275"
"202100007471";"17";"10";"2021";"15:30";"1";"92";"92036";"2";"3";"1";"7";"GABRIEL PERI (AVE )";"48,9187885730";"2,2954426820"
"202100007472";"18";"11";"2021";"10:00";"1";"92";"92002";"2";"1";"1";"6";"CHATENAY (RUE DE)";"48,7579098055";"2,2923016548"
"202100007473";"18";"11";"2021";"08:45";"1";"92";"92002";"2";"1";"1";"6";"GARENNES (RUE DES)";"48,7397616235";"2,2843542695"
"202100007474";"19";"11";"2021";"14:30";"1";"37";"37276";"1";"1";"1";"6";"D910";"47,5453634676";"0,8609046042"
"202100007475";"18";"11";"2021";"09:42";"1";"62";"62549";"2";"9";"1";"6";"Avenue de Lattre de Tassigny";"50,3743140000";"2,0304590000"
"202100007476";"17";"11";"2021";"18:45";"3";"17";"17387";"1";"1";"1";"1";"D122";"45,8429570000";" -0,7746760000"
"202100007477";"18";"11";"2021";"19:30";"3";"76";"76424";"1";"1";"1";"6";"autoroute A 28 PK 053.400 en direction Abbeville";"49,7603340000";"1,4847260000"
"202100007478";"19";"11";"2021";"17:00";"2";"62";"62472";"2";"1";"2";"1";"Rue de la VallÃ©e";"50,5354750000";"1,7846940000"
"202100007479";"18";"11";"2021";"07:45";"1";"30";"30127";"1";"1";"1";"7";"D6086";"44,0687410000";"4,5788430000"
"202100007480";"19";"11";"2021";"16:10";"1";"95";"95149";"1";"1";"1";"3";"RD 316";"49,1337670000";"2,4352530000"
"202100007481";"19";"11";"2021";"12:30";"1";"51";"51594";"1";"1";"1";"1";"N4";"48,7432570000";"4,1056040000"
"202100007482";"18";"11";"2021";"23:30";"3";"51";"51409";"1";"1";"5";"7";"D977";"48,8882165832";"4,2939591408"
"202100007483";"16";"11";"2021";"16:00";"1";"74";"74074";"1";"1";"1";"1";"D1206";"46,1217670000";"5,9186050000"
"202100007484";"18";"11";"2021";"23:00";"3";"79";"79345";"1";"1";"1";"6";"N/A";"46,5470850000";" -0,2747870000"
"202100007485";"19";"11";"2021";"05:00";"3";"79";"79103";"1";"1";"1";"6";"La Guinaire";"46,7615980000";" -0,5694650000"
"202100007486";"18";"11";"2021";"12:30";"1";"80";"80299";"1";"1";"1";"7";"DÃ©partementale 109 - PK 20+260";"49,6882890000";"2,3522330000"
"202100007487";"19";"11";"2021";"08:30";"1";"82";"82124";"1";"3";"5";"4";"Chemin de Montagne";"44,0227360000";"1,2538170000"
"202100007488";"19";"11";"2021";"11:03";"1";"89";"89464";"2";"1";"5";"6";"42 Rue Carnot";"48,0823170000";"3,2944590000"
"202100007489";"19";"11";"2021";"11:50";"1";"61";"61440";"1";"2";"1";"3";"Lieu Dit la Jarciere";"48,7392810000";"0,7180010000"
"202100007490";"30";"10";"2021";"04:45";"5";"42";"42200";"2";"2";"1";"2";"Avenue de Bellegarde";"45,6458930000";"4,2775010000"
"202100007491";"18";"11";"2021";"08:25";"1";"41";"41051";"1";"3";"8";"3";"Route d Amboise";"47,3559490000";"1,1400890000"
"202100007492";"19";"11";"2021";"01:05";"3";"86";"86271";"1";"1";"5";"6";"D725";"46,7980520000";"0,2367850000"
"202100007493";"18";"11";"2021";"13:45";"1";"44";"44030";"2";"6";"1";"1";"D33";"47,4450110000";" -2,2454380000"
"202100007494";"18";"11";"2021";"14:30";"1";"44";"44021";"1";"2";"1";"3";"D758";"47,0686600000";" -1,9054090000"
"202100007495";"19";"11";"2021";"16:50";"1";"29";"29106";"1";"1";"1";"6";"D770 - Ty Feunteun";"48,1169760000";" -4,0727630000"
"202100007496";"19";"11";"2021";"07:00";"2";"31";"31076";"1";"1";"1";"6";"D817";"43,1124820000";"0,6382910000"
"202100007497";"19";"11";"2021";"17:05";"2";"84";"84133";"1";"1";"1";"7";"route de la bastidonne";"43,7266950000";"5,5625890000"
"202100007498";"17";"11";"2021";"17:30";"5";"58";"58079";"2";"1";"2";"1";"Route d Armes";"47,4575950000";"3,5261130000"
"202100007499";"25";"10";"2021";"20:15";"4";"06";"06079";"2";"3";"1";"3";"Avenue de Frejus Paul Ricard";"43,5358700000";"6,9333980000"
"202100007500";"19";"11";"2021";"18:00";"2";"64";"64256";"2";"1";"1";"1";"D10";"43,3890300000";" -1,2959290000"
"202100007501";"19";"11";"2021";"15:30";"1";"07";"07126";"1";"1";"1";"6";"Route de la Vallee de l Ibie";"44,4290300000";"4,4221470000"
"202100007502";"19";"11";"2021";"15:50";"1";"28";"28023";"1";"1";"1";"7";"D28";"48,5122550000";"1,6794710000"
"202100007503";"18";"11";"2021";"15:20";"1";"87";"87185";"1";"2";"1";"3";"Le Petit Loubier";"45,8960980000";"1,0375800000"
"202100007504";"19";"11";"2021";"11:50";"1";"52";"52189";"1";"1";"8";"7";"D140";"47,6838880000";"5,2046980000"
"202100007505";"19";"11";"2021";"19:00";"3";"76";"76305";"1";"1";"1";"2";"A131";"49,4969880000";"0,2303080000"
"202100007506";"19";"11";"2021";"11:10";"1";"13";"13051";"1";"1";"1";"3";"Route Departementale 113";"43,5956490000";"5,1049840000"
"202100007507";"18";"11";"2021";"18:10";"3";"13";"13113";"1";"1";"1";"2";"A51";"43,5920310000";"5,4820890000"
"202100007508";"16";"11";"2021";"19:00";"3";"44";"44094";"1";"1";"1";"3";"A11 - pk 335";"47,3270140000";" -1,4035680000"
"202100007509";"18";"11";"2021";"20:04";"3";"49";"49367";"1";"1";"5";"1";"DEPARTEMENTALE 770 PR 027+300";"47,5959770000";" -0,8555600000"
"202100007510";"16";"11";"2021";"15:30";"1";"971";"97103";"1";"1";"1";"7";"RN 11";"16,2589270000";" -61,5707840000"
"202100007511";"19";"11";"2021";"19:50";"3";"74";"74133";"1";"1";"1";"5";"A411";"46,1832920000";"6,2208800000"
"202100007512";"19";"11";"2021";"04:50";"2";"987";"98712";"2";"1";"1";"1";"RT.2 Ã  hauteur du PK 4+500";" -17,5429770000";" -149,5036460000"
"202100007513";"19";"11";"2021";"21:15";"3";"988";"98803";"1";"1";"1";"6";"RT3";" -21,5026680000";"165,4773620000"
"202100007514";"2";"10";"2021";"21:00";"5";"973";"97306";"2";"1";"1";"3";"Rue Berville Gazel";"5,6676890000";" -53,7782260000"
"202100007515";"16";"11";"2021";"15:30";"1";"971";"97112";"2";"4";"1";"3";"N9";"15,8870250000";" -61,3153650000"
"202100007516";"18";"11";"2021";"17:20";"1";"45";"45072";"1";"1";"1";"1";"D97";"47,9640660000";"1,9275860000"
"202100007517";"10";"10";"2021";"02:45";"3";"83";"83138";"1";"1";"2";"7";"route dÃ©partementale 56";"43,5824850000";"6,7283480000"
"202100007518";"18";"11";"2021";"10:05";"1";"13";"13110";"2";"1";"1";"5";"Parking carrefour market";"43,4517780000";"5,6796850000"
"202100007519";"18";"11";"2021";"17:40";"2";"10";"10270";"1";"1";"8";"1";"D 5";"48,4088360000";"4,2507220000"
"202100007520";"19";"11";"2021";"17:53";"3";"68";"68352";"1";"3";"1";"5";"D52 PK 40 + 100 mÃ¨tres";"48,0180610000";"7,5690760000"
"202100007521";"19";"11";"2021";"07:30";"1";"88";"88398";"1";"1";"1";"1";"RD 420 - PK 35  800";"48,2696550000";"6,8245910000"
"202100007522";"18";"11";"2021";"11:30";"1";"38";"38449";"1";"1";"1";"2";"Route d Heyrieux";"45,6396530000";"5,0880540000"
"202100007523";"19";"11";"2021";"03:00";"5";"69";"69277";"2";"2";"1";"7";"FETAN (DE) (ALL)";"45,7345940000";"5,0042190000"
"202100007524";"18";"11";"2021";"22:05";"3";"81";"81117";"1";"1";"1";"6";"D84";"43,7913730000";"1,9971300000"
"202100007525";"17";"11";"2021";"12:15";"1";"17";"17058";"2";"4";"1";"3";"28 Avenue de la RÃ©publique";"45,8434690000";" -1,1430980000"
"202100007526";"18";"11";"2021";"21:00";"3";"44";"44204";"1";"1";"1";"6";"M723";"47,2925760000";" -1,4232230000"
"202100007527";"19";"11";"2021";"13:15";"1";"14";"14488";"2";"3";"1";"3";"D84";"49,2801590000";" -0,2517580000"
"202100007528";"18";"11";"2021";"18:00";"3";"56";"56176";"1";"1";"1";"1";"D17 bis";"47,6859900000";" -2,9366110000"
"202100007529";"18";"11";"2021";"16:00";"1";"22";"22081";"2";"1";"1";"7";"Rue de la Mare Noire";"48,4851970000";" -2,6402000000"
"202100007530";"16";"11";"2021";"07:50";"2";"27";"27299";"2";"1";"1";"4";"118 avenue aristide briand";"49,0478790000";"1,1631290000"
"202100007531";"19";"11";"2021";"00:00";"3";"76";"76465";"1";"1";"1";"7";"D1314";"49,7218300000";"1,4701080000"
"202100007532";"6";"11";"2021";"21:43";"3";"60";"60338";"1";"1";"8";"6";"D932a";"49,3430582359";"2,7721295355"
"202100007533";"19";"11";"2021";"07:30";"1";"62";"62196";"1";"1";"2";"4";"A16";"50,4733400000";"1,7013530000"
"202100007534";"15";"11";"2021";"09:15";"1";"59";"59611";"1";"3";"1";"7";"164 Chemin de Messines";"50,6934356036";"2,9821765423"
"202100007535";"17";"11";"2021";"14:30";"1";"13";"13070";"1";"1";"1";"5";"A50-Sens Aubagne vers Marseille";"43,2851300000";"5,5172800000"