"Num_Acc";"jour";"mois";"an";"hrmn";"lum";"dep";"com";"agg";"int";"atm";"col";"adr";"lat";"long"
"202100007536";"18";"11";"2021";"09:57";"1";"13";"13005";"1";"1";"1";"2";"A501-Sens Pont de l'Etoile vers Aubagne";"43,3001930000";"5,5642660000"
"202100007537";"17";"11";"2021";"18:18";"3";"13";"13106";"1";"1";"1";"2";"A7-Sens Lyon vers Marseille";"43,3864800000";"5,3509100000"
"202100007538";"17";"11";"2021";"08:00";"1";"13";"13055";"1";"1";"1";"2";"A507 sens Marseille - Aubagne";"43,3095335648";"5,4248671532"
"202100007539";"14";"11";"2021";"04:50";"5";"69";"69259";"2";"1";"2";"5";"D383   11.0044 A 11.460";"45,7223240501";"4,8878054170"
"202100007540";"18";"11";"2021";"02:30";"5";"33";"33249";"1";"1";"1";"6";"ROCADE A 630";"44,8853000000";" -0,5087000000"
"202100007541";"18";"11";"2021";"09:40";"1";"91";"91471";"1";"1";"1";"5";"RN 118";"48,7148000000";"2,1742900000"
"202100007542";"18";"11";"2021";"10:39";"1";"94";"94034";"1";"1";"1";"2";"AUTOROUTE A86";"48,7601900000";"2,3212200000"
"202100007543";"18";"11";"2021";"07:25";"2";"91";"91161";"1";"1";"1";"4";"AUTOROUTE A6";"48,6981500000";"2,3146700000"
"202100007544";"17";"11";"2021";"21:35";"3";"78";"78646";"1";"1";"1";"2";"RN12";"48,7935110000";"2,0778820000"
"202100007545";"17";"11";"2021";"08:40";"1";"92";"92036";"1";"1";"1";"3";"A86";"48,9348887042";"2,2678495223"
"202100007546";"17";"11";"2021";"08:14";"1";"92";"92036";"1";"1";"1";"3";"A86";"48,9346445248";"2,2690583247"
"202100007547";"18";"11";"2021";"19:00";"5";"93";"93053";"1";"1";"1";"3";"AUTOROUTE A86";"48,8943300000";"2,4714100000"
"202100007548";"18";"11";"2021";"18:45";"3";"95";"95527";"1";"1";"1";"3";"AUTOROUTE A1";"49,0127000000";"2,5298800000"
"202100007549";"18";"11";"2021";"17:50";"3";"92";"92036";"1";"1";"1";"4";"AUTOROUTE A15";"48,9436471157";"2,2877561673"
"202100007550";"18";"11";"2021";"16:10";"1";"92";"92078";"1";"1";"1";"3";"AUTOROUTE A86";"48,9309792515";"2,3233129103"
"202100007551";"18";"11";"2021";"10:50";"1";"93";"93073";"1";"1";"1";"3";"AUTOROUTE A104";"48,9681200000";"2,5648400000"
"202100007552";"18";"11";"2021";"08:30";"1";"95";"95394";"1";"1";"1";"6";"RN 184";"49,0551400000";"2,2016300000"
"202100007553";"18";"11";"2021";"09:25";"1";"95";"95018";"1";"1";"1";"2";" A15";"48,9567860284";"2,2765879859"
"202100007554";"18";"11";"2021";"05:40";"2";"93";"93005";"1";"1";"1";"2";"AUTOROUTE A1";"48,9637400000";"2,4729500000"
"202100007555";"17";"11";"2021";"07:15";"3";"92";"92036";"1";"1";"2";"6";"AUTOROUTE A86";"48,9383700387";"2,3001401108"
"202100007556";"18";"11";"2021";"07:30";"2";"94";"94018";"1";"1";"1";"3";"A4";"48,8176000000";"2,4180000000"
"202100007557";"12";"07";"2021";"07:40";"1";"91";"91521";"1";"1";"2";"7";"RN 449";"48,6345900000";"2,4058600000"
"202100007558";"29";"08";"2021";"19:28";"1";"74";"74236";"1";"1";"1";"6";"Rte du Prarion";"45,8975840000";"6,7211060000"
"202100007559";"26";"07";"2021";"13:20";"1";"14";"14191";"2";"3";"1";"6";"Voie des Francais Libres";"49,3368580000";" -0,4648480000"
"202100007560";"30";"08";"2021";"10:15";"1";"74";"74001";"1";"4";"1";"5";"sous le pas";"46,2864390000";"6,6957490000"
"202100007561";"11";"11";"2021";"19:20";"3";"988";"98818";"2";"1";"1";"1";"RUE ROGER GERVOLINO";" -22,2615000000";"166,4707100000"
"202100007562";"17";"11";"2021";"19:20";"5";"974";"97411";"2";"4";"1";"2";"JAURES (BOULEVARD JEAN)";" -20,8898480000";"55,4523850000"
"202100007563";"16";"11";"2021";"10:15";"1";"974";"97411";"2";"3";"1";"3";"MONDON (RUE MONSEIGNEUR)";" -20,8939200000";"55,4603700000"
"202100007564";"17";"11";"2021";"07:05";"1";"973";"97302";"2";"3";"1";"3";"MONTABO (ROUTE DE) 1";"4,9412000000";" -52,3028800000"
"202100007565";"17";"11";"2021";"19:20";"5";"69";"69383";"2";"1";"1";"3";"FELIX FAURE (AV)";"45,7539100000";"4,8611000000"
"202100007566";"17";"11";"2021";"07:25";"2";"69";"69276";"2";"9";"1";"3";"JACQUES MONOD (R)   ";"45,6732000000";"4,8501800000"
"202100007567";"17";"11";"2021";"18:05";"3";"972";"97213";"1";"8";"2";"3";"ROUTE DEPARTEMENTALE 15";"14,6090600000";" -61,0057000000"
"202100007568";"17";"11";"2021";"17:20";"1";"972";"97213";"2";"1";"1";"7";"AUTOROUTE A1";"14,6122200000";" -61,0082500000"
"202100007569";"17";"11";"2021";"14:00";"1";"972";"97213";"2";"1";"1";"2";"AUTOROUTE A1";"14,6042100000";" -61,0022400000"
"202100007570";"16";"11";"2021";"18:15";"5";"69";"69081";"2";"9";"1";"3";"VALVERT (DU) (BD)";"45,7649770139";"4,7722694278"
"202100007571";"16";"11";"2021";"15:45";"1";"971";"97101";"1";"6";"1";"2";"CHAUVEL";"16,2391400000";" -61,5224600000"
"202100007572";"15";"11";"2021";"10:37";"1";"971";"97120";"2";"1";"1";"6";"CHANZY (BOULEVARD)";"16,2411100000";" -61,5358600000"
"202100007573";"17";"11";"2021";"08:15";"1";"2A";"2A004";"2";"2";"8";"2";"CRETES RCE CHEMIN DES LAURIERS";"41,9100700000";"8,7031400000"
"202100007574";"15";"11";"2021";"19:45";"5";"91";"91114";"2";"3";"2";"3";"RUE DU POIRIER";"48,7000000000";"2,5000000000"
"202100007575";"15";"11";"2021";"18:00";"5";"91";"91228";"2";"3";"1";"6";"BD DE L EUROPE";"48,6337200000";"2,4180200000"
"202100007576";"16";"11";"2021";"14:15";"1";"91";"91223";"1";"1";"1";"3";"R.D.20";"48,4392000000";"2,1725400000"
"202100007577";"16";"11";"2021";"20:12";"5";"87";"87085";"2";"1";"2";"6";"MONTJOVIS (AVENUE)";"45,8417800000";"1,2462100000"
"202100007578";"15";"11";"2021";"12:35";"1";"87";"87085";"2";"3";"1";"3";"JOURDAN (PLACE)";"45,8320700000";"1,2638600000"
"202100007579";"11";"11";"2021";"15:30";"1";"84";"84080";"2";"1";"1";"2";"CUGNOT JOSEPH";"44,0358000000";"4,9731700000"
"202100007580";"17";"11";"2021";"21:30";"3";"77";"77532";"1";"1";"5";"2";"D619";"48,5606410000";"3,2269720000"
"202100007581";"16";"11";"2021";"08:42";"1";"77";"77410";"1";"1";"8";"4";"D636";"48,5794000000";"2,7095800000"
"202100007582";"17";"11";"2021";"22:00";"5";"76";"76540";"2";"1";"1";"2";"DARNETAL. ROUTE DE";"49,4419800000";"1,1164900000"
"202100007583";"14";"11";"2021";"20:30";"5";"76";"76486";"2";"1";"1";"2";"ROCHES. ROUTE DES (CD 18)";"49,3220000000";"1,0140000000"
"202100007584";"9";"11";"2021";"23:25";"5";"76";"76103";"2";"1";"1";"7";"PARIS. ROUTE DE";"49,4169500000";"1,1328400000"
"202100007585";"16";"11";"2021";"15:25";"1";"76";"76351";"2";"1";"1";"3";"REPUBLIQUE (COURS DE LA)";"49,4923600000";"0,1238550000"
"202100007586";"17";"11";"2021";"18:56";"5";"73";"73008";"2";"1";"1";"2";"MARLIOZ AVENUE DE";"45,6791800000";"5,9104300000"
"202100007587";"16";"11";"2021";"08:30";"1";"72";"72181";"2";"1";"1";"6";"RHIN ET DANUBE (AV) NÂ° IMP 1 A 269";"48,0188400000";"0,1847300000"
"202100007588";"17";"11";"2021";"13:10";"1";"69";"69029";"2";"2";"8";"3";"35EME REGIMENT D'AVIATION (DU) (R)";"45,7335400000";"4,9317300000"
"202100007589";"17";"11";"2021";"12:05";"1";"69";"69271";"2";"1";"1";"1";"LYON (DE) (RTE)                             ";"45,7401140296";"4,9525809288"
"202100007590";"16";"11";"2021";"12:50";"1";"69";"69264";"2";"1";"1";"7";"FRANS (DE) (RTE)";"45,9839400000";"4,7401900000"
"202100007591";"16";"11";"2021";"08:08";"1";"68";"68224";"2";"1";"1";"3";"ILLBERG (RUE DE L')";"47,7299600000";"7,3066600000"
"202100007592";"10";"11";"2021";"17:55";"3";"68";"68066";"1";"3";"2";"3";"SEMM (RUE DE LA)";"48,0680100000";"7,3848600000"
"202100007593";"11";"11";"2021";"17:00";"2";"67";"67482";"2";"3";"8";"3";"VOSGES (AVENUE DES)";"48,5909600000";"7,7462500000"
"202100007594";"11";"11";"2021";"13:50";"1";"67";"67482";"2";"1";"1";"3";"LAVOISIER (RUE)";"48,6026000000";"7,7200100000"
"202100007595";"10";"11";"2021";"20:10";"5";"67";"67482";"2";"8";"1";"2";"COLMAR (AVENUE DE)";"48,5558600000";"7,7457100000"
"202100007596";"10";"11";"2021";"11:20";"1";"67";"67482";"2";"3";"1";"6";"RIETH (RUE DU)";"48,6022400000";"7,7199500000"
"202100007597";"17";"11";"2021";"09:05";"1";"65";"65440";"2";"1";"2";"6";"CLEMENT (RUE VICTOR)";"43,2383700000";"0,0605580000"
"202100007598";"17";"11";"2021";"07:53";"1";"65";"65440";"2";"1";"2";"4";"DEBUSSY (BOULEVARD CLAUDE)";"43,2202730000";"0,0647070000"
"202100007599";"17";"11";"2021";"09:44";"1";"63";"63113";"2";"4";"1";"1";"POMPIDOU (BD GEORGES)";"45,8078000000";"3,1315200000"
"202100007600";"17";"11";"2021";"07:28";"5";"63";"63113";"2";"1";"1";"6";"TORPILLEUR SIROCCO (RUE DU)";"45,8158300000";"3,1069300000"
"202100007601";"17";"11";"2021";"16:10";"1";"61";"61117";"2";"2";"7";"3";"CHARLES BAUDELAIRE(RUE)";"48,4318000000";"0,0560800000"
"202100007602";"17";"11";"2021";"07:10";"5";"59";"59350";"2";"1";"1";"3";"DUEZ PAUL RUE";"50,6332300000";"3,0748600000"
"202100007603";"17";"11";"2021";"11:05";"1";"59";"59043";"1";"1";"1";"6";"ROEYE STRAETE (VOIE COMMUNALE)";"50,7337823725";"2,7499907515"
"202100007604";"16";"11";"2021";"08:05";"1";"58";"58194";"2";"3";"1";"3";"RESISTANCE (SQUARE)";"46,9918600000";"3,1601700000"
"202100007605";"16";"11";"2021";"09:15";"1";"56";"56121";"2";"1";"1";"1";"KERLIN (RUE  DE )";"47,7458700000";" -3,3756500000"
"202100007606";"17";"11";"2021";"16:20";"1";"54";"54395";"2";"1";"1";"6";"LOBAU (BOULEVARD)";"48,6804000000";"6,1984000000"
"202100007607";"8";"11";"2021";"18:00";"2";"52";"52448";"2";"1";"1";"7";"1 Raoul Laurent (avenue)";"48,6457100000";"4,9610400000"
"202100007608";"16";"11";"2021";"18:22";"5";"51";"51454";"2";"1";"2";"2";"Rue LÃ©on Faucher";"49,2692954852";"4,0441608783"
"202100007609";"16";"11";"2021";"08:00";"1";"51";"51454";"2";"6";"2";"7";"ChaussÃ©e Saint Martin";"49,2422588308";"4,0249343005"
"202100007610";"16";"11";"2021";"08:30";"1";"51";"51454";"1";"1";"2";"7";"Boulevard du PrÃ©sident Wilson";"49,2377627867";"4,0241918147"
"202100007611";"17";"11";"2021";"07:17";"5";"45";"45234";"2";"2";"2";"6";"SECRETAIN (AVENUE ROGER)";"47,8926600000";"1,8958700000"
"202100007612";"12";"11";"2021";"12:00";"1";"45";"45285";"2";"3";"1";"3";"PETITE ESPERE (AVENUE DE LA)";"47,8998378521";"1,8670317479"
"202100007613";"17";"11";"2021";"04:35";"5";"45";"45338";"2";"1";"2";"6";"Rue Touratier";"47,9932000000";"2,7065400000"
"202100007614";"17";"11";"2021";"02:30";"3";"44";"44184";"2";"1";"1";"6";"PARMENTIER (RUE ANTOINE) 02 AU 108  -  0";"47,2640300000";" -2,2265200000"
"202100007615";"11";"11";"2021";"11:45";"1";"44";"44184";"2";"3";"1";"6";"PÃREIRE (RUE DES FRERES)";"47,2772500000";" -2,2052300000"
"202100007616";"16";"11";"2021";"16:50";"2";"42";"42218";"2";"1";"2";"6";"Boulevard Jules Janin";"45,4486200000";"4,3903800000"
"202100007617";"16";"11";"2021";"12:05";"1";"39";"39198";"2";"6";"1";"5";"63 Avenue de Lattre de Tassigny";"47,1051200000";"5,4991100000"
"202100007618";"18";"11";"2021";"02:35";"4";"38";"38185";"2";"2";"2";"3";"COURS JEAN JAURÃS";"45,1911200000";"5,7202000000"
"202100007619";"16";"11";"2021";"23:50";"5";"37";"37261";"2";"1";"1";"6";"PORTALIS (AVENUE JEAN)";"47,3646724022";"0,6837609454"
"202100007620";"17";"11";"2021";"18:00";"3";"35";"35024";"1";"6";"1";"6";"BETTON (ROND POINT DE)";"48,1630900000";" -1,6754800000"
"202100007621";"17";"11";"2021";"19:50";"5";"35";"35115";"2";"1";"1";"6";"SAINT GERMAIN (BOULEVARD DE)";"48,3621621862";" -1,2086752653"
"202100007622";"12";"11";"2021";"16:09";"1";"34";"34032";"2";"3";"1";"3";"CLAPAREDE EMILE (AVENUE)";"43,3437000000";"3,2263200000"
"202100007623";"17";"11";"2021";"18:40";"5";"33";"33200";"2";"1";"1";"6";"Avenue de Magudas";"44,8584200000";" -0,6681800000"
"202100007624";"29";"10";"2021";"03:50";"5";"33";"33192";"2";"2";"1";"3";"Cours du GÃ©nÃ©ral de Gaulle";"44,7785100000";" -0,6097400000"
"202100007625";"17";"11";"2021";"07:45";"2";"33";"33069";"2";"6";"1";"3";"Avenue de Tivoli";"44,8685800000";" -0,5970800000"
"202100007626";"4";"11";"2021";"22:15";"5";"33";"33281";"1";"2";"1";"3";"Avenue Marcel Dassault";"44,8435100000";" -0,6729600000"
"202100007627";"16";"11";"2021";"14:20";"1";"33";"33063";"2";"1";"1";"3";"QUAI DESCHAMPS";"44,8343000000";" -0,5513600000"
"202100007628";"17";"11";"2021";"13:20";"1";"29";"29232";"1";"1";"8";"1";"Chemin de Kerequellou";"47,9542000000";" -4,0718500000"
"202100007629";"17";"11";"2021";"07:40";"1";"28";"28404";"2";"2";"2";"1";"LIBERTE (AVENUE DE LA)";"48,7290600000";"1,3269800000"
"202100007630";"14";"11";"2021";"12:45";"1";"27";"27681";"1";"1";"8";"6";"GISORS (ROUTE DE)";"49,1162700000";"1,4959800000"
"202100007631";"12";"11";"2021";"22:45";"5";"27";"27681";"2";"1";"2";"7";"DE LATTRE DE TASSIGNY (AVENUE DU MAL)";"49,0859100000";"1,4636600000"
"202100007632";"17";"11";"2021";"00:00";"5";"26";"26362";"2";"2";"1";"3";"Rue des Alpes";"44,9291279000";"4,8964470000"
"202100007633";"6";"10";"2021";"09:55";"1";"22";"22113";"2";"1";"1";"6";"HARAS (RUE DES)";"48,7307572129";" -3,4526209831"
"202100007634";"16";"11";"2021";"18:56";"5";"21";"21231";"2";"1";"8";"6";"CASTELNAU (RUE)";"47,3338200000";"5,0680200000"
"202100007635";"17";"11";"2021";"12:26";"1";"17";"17300";"2";"1";"8";"6";"ROMPSAY   AVENUE DE";"46,1612700000";" -1,1322900000"
"202100007636";"17";"11";"2021";"12:45";"1";"13";"13208";"2";"1";"1";"3";"MADRAGUE DE MONTREDON (AVE DE LA) ";"43,2383354703";"5,3647525711"
"202100007637";"17";"11";"2021";"12:45";"1";"13";"13214";"2";"1";"1";"3";"MAHOUBI TIR ";"43,3332267340";"5,3976660498"
"202100007638";"17";"11";"2021";"14:50";"1";"13";"13047";"1";"3";"1";"3";"RD 1569";"43,5002511539";"4,9665336885"
"202100007639";"13";"11";"2021";"17:10";"2";"13";"13005";"1";"6";"1";"3";"SALENGRO (AVENUE ROGER)";"43,3044900000";"5,5711600000"
"202100007640";"16";"11";"2021";"18:03";"5";"10";"10387";"2";"1";"2";"6";"MAROTS (RUE DES)";"48,3074000000";"4,0445000000"
"202100007641";"16";"11";"2021";"13:30";"1";"10";"10081";"2";"1";"2";"6";"GENERAL SARRAIL (AVE)";"48,3130000000";"4,0571000000"
"202100007642";"16";"11";"2021";"09:20";"1";"10";"10387";"2";"1";"2";"7";"GEORGES POMPIDOU (RUE)";"48,2872384503";"4,0793824196"
"202100007643";"16";"11";"2021";"06:20";"5";"10";"10387";"2";"1";"2";"7";"NOES (RUE DES)";"48,2989300000";"4,0549600000"
"202100007644";"16";"11";"2021";"17:00";"3";"07";"07281";"2";"1";"1";"6";"PUY-EN-VELAY (AVENUE DU)";"44,9407050000";"4,8398310000"
"202100007645";"12";"11";"2021";"08:20";"1";"07";"07102";"2";"6";"1";"3";"Avenue Georges CLEMENCEAU";"44,9320400000";"4,8737700000"
"202100007646";"17";"11";"2021";"18:10";"5";"06";"06088";"2";"1";"1";"6";"GARNIER (BD JOSEPH)";"43,7101020000";"7,2600940000"
"202100007647";"29";"10";"2021";"16:45";"1";"04";"04112";"2";"1";"1";"7";"Boulevard des Tilleuls";"43,8351702215";"5,7836806933"
"202100007648";"17";"11";"2021";"13:15";"1";"75";"75119";"2";"1";"1";"3";"PORTE DE PANTIN";"48,8953180000";"2,3945660000"
"202100007649";"17";"11";"2021";"08:30";"1";"75";"75120";"2";"1";"1";"4";"PORTE DES LILAS";"48,8765340000";"2,4096450000"
"202100007650";"17";"11";"2021";"10:50";"1";"75";"75105";"2";"1";"8";"6";"BOULEVARD DE PORT ROYAL";"48,8378010000";"2,3449450000"
"202100007651";"17";"11";"2021";"08:40";"1";"75";"75105";"2";"5";"2";"2";"QUAI SAINT MICHEL";"48,8537510000";"2,3442850000"
"202100007652";"17";"11";"2021";"07:55";"1";"75";"75120";"2";"3";"2";"2";"BOULEVARD MORTIER";"48,8670420000";"2,4088540000"
"202100007653";"17";"11";"2021";"08:50";"1";"75";"75119";"2";"1";"8";"7";"AVENUE JEAN JAURES";"48,8843800000";"2,3763160000"
"202100007654";"17";"11";"2021";"19:05";"5";"75";"75118";"2";"3";"1";"6";"BOULEVARD NEY";"48,8978250000";"2,3353390000"
"202100007655";"16";"11";"2021";"12:40";"1";"75";"75108";"2";"3";"1";"2";"AVENUE DES CHAMPS ELYSEES";"48,8670500000";"2,3160860000"
"202100007656";"17";"11";"2021";"15:50";"1";"75";"75115";"2";"2";"1";"3";"RUE DE DANTZIG";"48,8335010000";"2,2986900000"
"202100007657";"16";"11";"2021";"10:05";"1";"75";"75115";"2";"1";"1";"7";"BOULEVARD VICTOR";"48,8330830000";"2,2874270000"
"202100007658";"16";"11";"2021";"21:50";"5";"75";"75114";"2";"4";"1";"3";"AVENUE DU MAINE";"48,8340860000";"2,3243430000"
"202100007659";"17";"11";"2021";"09:30";"1";"75";"75113";"2";"3";"8";"3";"QUAI D IVRY";"48,8262360000";"2,3872690000"
"202100007660";"15";"11";"2021";"19:30";"5";"75";"75113";"2";"2";"1";"3";"RUE CHARCOT";"48,8303440000";"2,3704350000"
"202100007661";"17";"11";"2021";"15:00";"1";"75";"75112";"2";"1";"1";"6";"AVENUE DAUMESNIL";"48,8374760000";"2,4013520000"
"202100007662";"17";"11";"2021";"10:20";"1";"75";"75112";"2";"2";"2";"3";"AVENUE DAUMESNIL";"48,8486420000";"2,3725530000"
"202100007663";"16";"11";"2021";"22:00";"5";"75";"75112";"2";"1";"1";"6";"SOUTERRAIN VAN GOGH";"48,8438930000";"2,3715780000"
"202100007664";"16";"11";"2021";"17:30";"5";"75";"75112";"2";"3";"1";"3";"RUE DE BERCY";"48,8385930000";"2,3812460000"
"202100007665";"17";"11";"2021";"14:00";"1";"75";"75111";"2";"1";"1";"1";"RUE OBERKAMPF";"48,8630930000";"2,3684950000"
"202100007666";"17";"11";"2021";"07:20";"5";"75";"75108";"2";"3";"1";"4";"AVENUE DES CHAMPS ELYSEES";"48,8710890000";"2,3034810000"
"202100007667";"17";"11";"2021";"08:50";"1";"75";"75102";"2";"2";"2";"7";"RUE DU LOUVRE";"48,8667490000";"2,3438290000"
"202100007668";"17";"11";"2021";"08:00";"1";"75";"75110";"2";"2";"1";"7";"BOULEVARD DE STRASBOURG";"48,8693270000";"2,3542400000"
"202100007669";"17";"11";"2021";"08:20";"1";"94";"94042";"2";"9";"8";"3";"Avenue du GÃ©nÃ©ral GalliÃ©ni";"48,8200850000";"2,4768830000"
"202100007670";"17";"11";"2021";"05:50";"5";"94";"94076";"2";"3";"2";"3";"Boulevard Maxime Gorki";"48,7884790602";"2,3683905602"
"202100007671";"17";"11";"2021";"19:59";"3";"94";"94065";"1";"1";"1";"3";"Route nationale 186";"48,7539000000";"2,3578000000"
"202100007672";"17";"11";"2021";"09:15";"1";"94";"94033";"2";"2";"8";"1";"DALAYRAC (R)";"48,8490100000";"2,4599600000"
"202100007673";"17";"11";"2021";"18:20";"5";"93";"93070";"2";"2";"1";"3";"JEAN-JAURES (BD)";"48,9129900000";"2,3349000000"
"202100007674";"17";"11";"2021";"13:25";"1";"93";"93064";"2";"1";"2";"2";"PERI (BOULEVARD GABRIEL)  0 - 37 / 42";"48,8772600000";"2,4781100000"
"202100007675";"17";"11";"2021";"10:45";"1";"93";"93077";"2";"3";"1";"6";"PLATEAU (RUE DU)";"48,8790700000";"2,4970700000"
"202100007676";"16";"11";"2021";"18:35";"5";"93";"93051";"2";"1";"2";"6";"LEVANT (BD)";"48,8400400000";"2,5501300000"
"202100007677";"17";"11";"2021";"16:02";"1";"93";"93074";"2";"1";"1";"6";"MEAUX RUE DE";"48,9349827147";"2,5690734386"
"202100007678";"17";"11";"2021";"08:20";"1";"93";"93032";"2";"2";"8";"3";"JOFFRES (AVENUE)";"48,8893300000";"2,5215300000"
"202100007679";"17";"11";"2021";"13:50";"1";"93";"93057";"2";"1";"1";"2";"BRIAND ( AV. ARISTIDE) 31 A 91";"48,9086400000";"2,4989000000"
"202100007680";"17";"11";"2021";"07:39";"2";"93";"93007";"2";"2";"1";"3";"GEORGES BIZET (RUE)";"48,9383972710";"2,4687492896"
"202100007681";"15";"11";"2021";"19:00";"3";"92";"92051";"2";"1";"2";"6";"GRAVIERS (RUE DES)";"48,8825496783";"2,2637441754"
"202100007682";"17";"11";"2021";"19:30";"5";"92";"92050";"2";"2";"1";"3";"LENINE VLADIMIR ILITCH AVENUE";"48,8879827025";"2,1957694706"
"202100007683";"17";"11";"2021";"09:00";"1";"92";"92050";"2";"2";"1";"6";"GARCHES RUE DE";"48,8780223736";"2,2048682069"
"202100007684";"17";"11";"2021";"17:20";"5";"92";"92020";"2";"1";"1";"7";"LOUVEAU RUE";"48,8027470000";"2,2945070000"
"202100007685";"17";"11";"2021";"07:40";"2";"92";"92026";"2";"1";"8";"2";"PRÃSIDENT PAUL DOUMER (QUAI DU)";"48,8915890000";"2,2583630000"
"202100007686";"16";"11";"2021";"17:55";"5";"92";"92025";"2";"3";"1";"6";"ESTIENNE D'ORVES (RUE)";"48,9112750000";"2,2366930000"
"202100007687";"16";"11";"2021";"08:55";"1";"92";"92025";"2";"1";"1";"3";"FINLANDE (BD DE)";"48,9317100000";"2,2572000000"
"202100007688";"17";"11";"2021";"09:30";"1";"92";"92024";"2";"1";"1";"3";"MADAME DE SANZILLON (RUE)";"48,9037080761";"2,3191991491"
"202100007689";"17";"11";"2021";"07:15";"3";"92";"92024";"2";"1";"1";"6";"HENRI BARBUSSE (RUE) DE (1 A 73)   (2 A";"48,9011100000";"2,3085700000"
"202100007690";"16";"11";"2021";"21:30";"5";"92";"92012";"2";"1";"1";"7";"CHARLES DE GAULLE (AVENUE) - COTE PAIR";"48,8480489996";"2,2371672842"
"202100007691";"16";"11";"2021";"18:48";"5";"92";"92012";"2";"2";"1";"6";"GALLIENI (RUE) 142/FIN";"48,8361675943";"2,2366109490"
"202100007692";"16";"11";"2021";"18:20";"1";"92";"92004";"2";"1";"1";"3";"DOCTEUR DERVAUX  ( QUAI DU )";"48,9094800000";"2,2940100000"
"202100007693";"15";"11";"2021";"18:50";"5";"92";"92002";"2";"1";"2";"4";"ARISTIDE BRIAND (AVENUE)";"48,7556099112";"2,3058414459"
"202100007694";"12";"11";"2021";"09:30";"1";"974";"97404";"2";"1";"1";"1";"143 Avenue Raymond Barre";" -21,2626210000";"55,3619260000"
"202100007695";"17";"11";"2021";"16:20";"1";"52";"52042";"1";"1";"8";"6";"Ãchangeur entre A5 et A31 (Embranchement d'autoroute)";"47,9182760000";"5,2282690000"
"202100007696";"17";"11";"2021";"18:45";"3";"83";"83019";"1";"4";"1";"3";"D98";"43,1497050000";"6,2928430000"
"202100007697";"18";"11";"2021";"10:05";"1";"50";"50615";"1";"1";"1";"2";"rn13";"49,4995730000";" -1,4838410000"
"202100007698";"17";"11";"2021";"11:30";"1";"61";"61497";"1";"1";"8";"6";"autoroute A 28";"48,4791710000";"0,1219010000"
"202100007699";"18";"11";"2021";"15:40";"1";"51";"51252";"2";"2";"1";"1";"Route de Damery";"49,0944920358";"3,8806521893"
"202100007700";"16";"11";"2021";"13:40";"1";"69";"69066";"2";"3";"2";"3";"AIME CHRISTOPHE (R)";"46,0692600000";"4,3160070000"
"202100007701";"17";"11";"2021";"15:10";"1";"89";"89418";"2";"3";"2";"7";"Rue des Cordeliers";"47,8677910000";"3,9778020000"
"202100007702";"18";"11";"2021";"07:40";"2";"61";"61214";"2";"3";"8";"3";"Avenue Comtesse de Segur";"48,7658570000";"0,6163340000"
"202100007703";"17";"11";"2021";"15:30";"1";"22";"22255";"1";"2";"1";"1";"D14";"48,1909250000";" -2,6462780000"
"202100007704";"17";"11";"2021";"07:15";"5";"29";"29075";"2";"1";"2";"6";"Avenue de Normandie";"48,4382092604";" -4,3869002320"
"202100007705";"18";"11";"2021";"18:20";"3";"03";"03038";"1";"1";"1";"1";"D46";"46,3196890000";"3,2326140000"
"202100007706";"16";"11";"2021";"17:00";"2";"03";"03168";"2";"1";"2";"7";"27 Route d Ainay (Meaulne)";"46,6010530000";"2,6146920000"
"202100007707";"18";"11";"2021";"00:35";"3";"03";"03212";"1";"1";"5";"6";"Route de Coursage";"46,3024510000";"2,5134340000"
"202100007708";"18";"11";"2021";"13:00";"1";"14";"14445";"1";"1";"1";"6";"Rue Marie Louise Gallais (Vaubadon)";"49,2115278384";" -0,8526125548"
"202100007709";"13";"11";"2021";"17:30";"2";"14";"14121";"1";"1";"1";"7";"D99";"49,1673530000";" -0,7596020000"
"202100007710";"17";"11";"2021";"18:50";"3";"85";"85051";"1";"1";"1";"1";"Route dÃ©partementale 137";"46,7004620000";" -1,0600140000"
"202100007711";"17";"11";"2021";"16:00";"1";"37";"37156";"2";"1";"1";"6";"62 Rue Madeleine Vernet";"47,3885348512";"0,8459060267"
"202100007712";"18";"11";"2021";"16:40";"1";"30";"30223";"1";"3";"1";"2";"Route des Fumades";"44,1826890000";"4,1838970000"
"202100007713";"17";"11";"2021";"21:10";"3";"52";"52548";"1";"1";"5";"6";"N67";"48,2294760000";"5,1187710000"
"202100007714";"11";"10";"2021";"14:40";"1";"88";"88516";"1";"1";"1";"7";"D165";"48,1925730000";"5,9268500000"
"202100007715";"17";"11";"2021";"09:12";"1";"45";"45281";"1";"1";"5";"3";"A 19, p.k 034.900";"48,0405580000";"3,0332780000"
"202100007716";"18";"11";"2021";"01:45";"3";"971";"97103";"2";"9";"1";"6";"Voie Verte";"16,2532980000";" -61,5707360000"
"202100007717";"17";"11";"2021";"15:55";"1";"971";"97129";"1";"3";"1";"3";"Nolivier";"16,2978550000";" -61,6709430000"
"202100007718";"18";"11";"2021";"12:00";"1";"977";"97701";"1";"4";"7";"3";"L'OEUF";"17,9077840000";" -62,8469900000"
"202100007719";"17";"11";"2021";"20:15";"4";"37";"37091";"2";"6";"1";"3";"18 Av du Colonel Jacques Soufflet";"47,3356637867";"0,9904915094"
"202100007720";"17";"11";"2021";"13:20";"1";"28";"28054";"1";"1";"1";"1";"D140";"48,6562700000";"1,4207500000"
"202100007721";"3";"11";"2021";"07:15";"5";"91";"91200";"2";"6";"1";"6";"Chemin de Beaurepaire";"48,5250730000";"2,0357350000"