"Num_Acc";"jour";"mois";"an";"hrmn";"lum";"dep";"com";"agg";"int";"atm";"col";"adr";"lat";"long"
"202100007722";"11";"11";"2021";"16:05";"1";"84";"84141";"2";"1";"1";"6";"Rue de Verdun";"43,9790040000";"4,9024790000"
"202100007723";"18";"11";"2021";"05:30";"3";"83";"83023";"1";"1";"1";"3";"DN 7";"43,4136313890";"6,0493898392"
"202100007724";"18";"11";"2021";"11:00";"1";"52";"52269";"2";"3";"1";"7";"Avenue Jean Lepetz";"47,8579280000";"5,3446770000"
"202100007725";"17";"11";"2021";"17:00";"2";"88";"88104";"1";"2";"1";"5";"D1";"48,3087554147";"5,6902635098"
"202100007726";"15";"11";"2021";"16:30";"1";"07";"07341";"2";"1";"1";"6";"258 Rue Jacques DuprÃ©";"44,5551060000";"4,4976639000"
"202100007727";"18";"11";"2021";"07:10";"2";"01";"01211";"1";"1";"5";"5";"Route de Certines";"46,1184110000";"5,2065190000"
"202100007728";"17";"11";"2021";"14:40";"1";"81";"81225";"1";"1";"1";"3";"D988";"43,9192720000";"1,9646220000"
"202100007729";"18";"11";"2021";"20:40";"5";"33";"33554";"1";"3";"1";"3";"N/A";"44,8785170000";" -0,4667200000"
"202100007730";"18";"11";"2021";"08:45";"1";"85";"85250";"2";"2";"5";"3";"Avenue des Sables";"46,5641980000";" -1,7149810000"
"202100007731";"10";"11";"2021";"07:58";"1";"50";"50348";"1";"1";"1";"2";"N174";"49,2649940000";" -1,1587570000"
"202100007732";"17";"11";"2021";"13:30";"1";"14";"14244";"1";"1";"1";"1";"D39";"48,8985530000";" -0,1788180000"
"202100007733";"17";"11";"2021";"18:15";"3";"60";"60010";"1";"1";"1";"6";"D609";"49,2070000000";"2,1501450000"
"202100007734";"16";"11";"2021";"01:50";"3";"62";"62369";"1";"1";"2";"6";"D950";"50,3324910000";"2,8859930000"
"202100007735";"17";"11";"2021";"18:30";"1";"13";"13106";"1";"1";"1";"2";"A51-Sens Aix en Provence vers Marseille";"43,4060120000";"5,3611420000"
"202100007736";"9";"11";"2021";"11:10";"1";"69";"69271";"1";"1";"1";"2";"RN346   34.850 A 36.215";"45,7435882632";"4,9882864952"
"202100007737";"13";"11";"2021";"17:30";"2";"59";"59262";"1";"1";"2";"2";"AUTOROUTE A25";"50,7796262723";"2,6278942823"
"202100007738";"17";"11";"2021";"17:40";"2";"91";"91228";"1";"1";"1";"3";"RN 104";"48,6122170000";"2,4321890000"
"202100007739";"17";"11";"2021";"09:05";"1";"95";"95212";"1";"1";"1";"6";"RN 104";"49,0334600000";"2,5422700000"
"202100007740";"17";"11";"2021";"08:30";"1";"94";"94074";"1";"1";"2";"4";"RN406.W";"48,7690354532";"2,4499019295"
"202100007741";"17";"11";"2021";"06:15";"3";"94";"94028";"1";"1";"2";"2";"A86 INT";"48,7909200219";"2,4408531189"
"202100007742";"16";"11";"2021";"01:50";"5";"35";"35238";"2";"4";"1";"6";"MONNAIE ( DE LA)";"48,1101900000";" -1,6845700000"
"202100007743";"16";"11";"2021";"13:00";"1";"75";"75112";"2";"2";"1";"3";"PONT D AUSTERLITZ";"48,8458220000";"2,3676580000"
"202100007744";"14";"11";"2021";"11:25";"1";"54";"54395";"2";"1";"1";"6";"VILLERS (RUE DE)";"48,6847000000";"6,1661900000"
"202100007745";"24";"08";"2021";"11:45";"1";"75";"75116";"2";"1";"1";"6";"RUE BOISSIERE";"48,8672980000";"2,2891060000"
"202100007746";"16";"11";"2021";"10:46";"1";"976";"97611";"2";"1";"1";"6";"cavani-Cavani Massimoni rue de";" -12,7821900000";"45,2205400000"
"202100007747";"31";"07";"2021";"12:35";"1";"976";"97611";"2";"6";"1";"2";"passamanty-Sada ( rue de )";" -12,8044200000";"45,2111200000"
"202100007748";"16";"11";"2021";"06:35";"1";"974";"97416";"1";"3";"1";"3";"ANCIENNE RN 1";" -21,3139508176";"55,4398155208"
"202100007749";"14";"11";"2021";"20:25";"3";"974";"97407";"2";"3";"1";"3";"TAMATAVE (BOULEVARD)";" -20,9300000000";"55,3010000000"
"202100007750";"16";"11";"2021";"14:40";"1";"973";"97302";"2";"9";"1";"3";"ZEPHIR (ROCADE)";"4,9358330276";" -52,3077292443"
"202100007751";"16";"11";"2021";"23:35";"5";"69";"69387";"2";"2";"1";"6";"CREUZET (R)";"45,7505200000";"4,8462600000"
"202100007752";"16";"11";"2021";"17:50";"5";"69";"69388";"2";"3";"1";"3";"PROFESSEUR TAVERNIER (DU) (R)";"45,7289338511";"4,8667126894"
"202100007753";"16";"11";"2021";"11:50";"1";"69";"69383";"2";"2";"1";"6";"FEUILLAT (R)";"45,7497800000";"4,8757200000"
"202100007754";"15";"11";"2021";"18:10";"5";"972";"97209";"2";"1";"2";"6";"CHATEAUBOEUF (ROUTE DE)";"14,6155000000";" -61,0508000000"
"202100007755";"16";"11";"2021";"13:00";"1";"972";"97209";"1";"1";"1";"7";"BISHOP (Avenue Maurice)";"14,6106300000";" -61,0545600000"
"202100007756";"16";"11";"2021";"11:55";"1";"972";"97209";"2";"3";"1";"6";"REDOUTE DU MATOUBA (RUE DE LA )";"14,6060300000";" -61,0659500000"
"202100007757";"16";"11";"2021";"10:45";"1";"69";"69389";"2";"9";"1";"6";"ST CYR (DE) (R)";"45,7882500000";"4,8088500000"
"202100007758";"15";"11";"2021";"11:45";"1";"69";"69034";"2";"1";"1";"3";"ST CLAIR (DE) (GR)";"45,7897000000";"4,8564000000"
"202100007759";"12";"11";"2021";"03:10";"5";"69";"69385";"2";"9";"5";"7";"MARECHAL JUIN (PT)";"45,7632600000";"4,8294400000"
"202100007760";"15";"11";"2021";"07:20";"2";"2B";"2B037";"1";"1";"2";"7";"MARANA (ROUTE)";"42,6242200000";"9,4705600000"
"202100007761";"16";"11";"2021";"18:35";"5";"2A";"2A004";"2";"1";"1";"3";"MEZZAVIA ROUTE DE";"41,9462400000";"8,7682500000"
"202100007762";"14";"11";"2021";"15:45";"1";"95";"95555";"2";"1";"1";"6";"CASANOVA (AVENUE DANIELLE)";"48,9722256274";"2,2889605506"
"202100007763";"17";"11";"2021";"00:55";"5";"88";"88383";"2";"2";"2";"3";"RUE JANNY";"48,0165690000";"6,5925720000"
"202100007764";"16";"11";"2021";"12:32";"1";"87";"87085";"2";"1";"1";"2";"BEAUBREUIL (AVENUE DE)";"45,8758300000";"1,3012900000"
"202100007765";"16";"11";"2021";"07:54";"5";"87";"87085";"2";"3";"1";"3";"LEBON (RUE PHILIPPE)";"45,8784300000";"1,2759400000"
"202100007766";"15";"11";"2021";"17:50";"1";"87";"87085";"1";"1";"2";"4";"RN520";"45,8908200000";"1,2775700000"
"202100007767";"16";"11";"2021";"18:30";"2";"85";"85191";"2";"6";"1";"6";"TOURNEFOU";"46,6482790000";" -1,4348130000"
"202100007768";"16";"11";"2021";"16:00";"1";"83";"83137";"2";"9";"1";"3";"GOURAUD (AVE GENERAL)";"43,1338600000";"5,9169500000"
"202100007769";"11";"11";"2021";"08:40";"1";"83";"83129";"2";"6";"1";"3";"N/A";"43,0934000000";"5,8446000000"
"202100007770";"15";"11";"2021";"11:10";"1";"83";"83034";"2";"1";"2";"3";"RUE DES 3 PINS";"43,0967900000";"6,0684400000"
"202100007771";"3";"11";"2021";"06:55";"2";"83";"83141";"2";"6";"1";"3";"D 1555(SORTIE VILLAGE VERS DRAGUIGNAN)";"43,5087800000";"6,4814500000"
"202100007772";"15";"11";"2021";"08:45";"1";"80";"80724";"1";"1";"8";"4";"RN1029";"49,8598200000";"2,2093000000"
"202100007773";"13";"11";"2021";"16:45";"1";"80";"80021";"2";"6";"1";"1";"GRACE (RUE DE)";"49,9112000000";"2,2549900000"
"202100007774";"15";"11";"2021";"19:10";"3";"79";"79265";"1";"1";"1";"1";"N/A";"46,9865300000";" -0,1658800000"
"202100007775";"16";"11";"2021";"19:03";"5";"78";"78440";"2";"3";"2";"6";"RENOIR (RUE)";"48,9989500000";"1,9172300000"
"202100007776";"15";"11";"2021";"09:50";"1";"78";"78029";"2";"6";"8";"3";"AVENUE DE L'UNION";"48,9614550000";"1,8579590000"
"202100007777";"16";"11";"2021";"17:10";"2";"78";"78172";"2";"1";"1";"6";"AMBASSADEUR (RUE DE L')";"49,0121200000";"2,0903400000"
"202100007778";"15";"11";"2021";"16:05";"1";"77";"77139";"1";"3";"1";"3";"D84";"48,9243300000";"2,6042200000"
"202100007779";"15";"11";"2021";"21:00";"5";"76";"76540";"2";"2";"1";"1";"MARNE. BOULEVARD DE LA";"49,4471700000";"1,0935700000"
"202100007780";"14";"11";"2021";"03:20";"5";"76";"76231";"2";"2";"2";"1";"HENRI. RUE";"49,2906960000";"1,0097380000"
"202100007781";"15";"11";"2021";"14:05";"1";"74";"74010";"2";"3";"8";"6";"BROGNY (AVENUE DE) (SECTEUR 330)";"45,9193000000";"6,1257000000"
"202100007782";"16";"11";"2021";"11:50";"1";"69";"69264";"1";"1";"8";"1";"RIOTTIER (DE) (RTE)";"45,9796050874";"4,7337770462"
"202100007783";"14";"11";"2021";"11:14";"1";"68";"68224";"2";"1";"1";"3";"AUTOROUTE A 36";"47,7630654005";"7,3186647892"
"202100007784";"5";"11";"2021";"17:47";"5";"68";"68066";"2";"9";"1";"3";"LIBERTE (AVENUE DE LA)";"48,0749700000";"7,3445100000"
"202100007785";"16";"11";"2021";"08:30";"2";"67";"67447";"2";"1";"8";"4";"PAIX (RUE DE LA)";"48,6052883252";"7,7400666475"
"202100007786";"10";"11";"2021";"06:10";"5";"67";"67482";"2";"3";"1";"3";"NEUHOF (ROUTE)";"48,5461800000";"7,7656100000"
"202100007787";"9";"11";"2021";"10:50";"1";"67";"67267";"2";"1";"7";"6";"SOUVENIR (RUE DU)";"48,5541400000";"7,6822000000"
"202100007788";"8";"11";"2021";"14:00";"1";"67";"67482";"2";"1";"1";"6";"NEUHOF (ROUTE)";"48,5536200000";"7,7664500000"
"202100007789";"8";"11";"2021";"09:45";"1";"67";"67365";"2";"6";"1";"3";"23 NOVEMBRE (RUE DU)";"48,5343019593";"7,6988625526"
"202100007790";"16";"11";"2021";"10:25";"1";"66";"66136";"2";"1";"1";"6";"KENNEDY (BD JOHN-FITZGERALD)";"42,6898400000";"2,9037700000"
"202100007791";"15";"11";"2021";"18:15";"5";"66";"66136";"2";"3";"1";"3";"TORCATIS (AVENUE LOUIS)";"42,7022100000";"2,8825900000"
"202100007792";"16";"11";"2021";"08:15";"1";"64";"64122";"2";"1";"2";"2";"DASSAULT MARCEL (BD)";"43,4570100000";" -1,5506300000"
"202100007793";"12";"11";"2021";"18:20";"5";"64";"64122";"2";"1";"1";"3";"Rue Guy Petit";"43,4783900000";" -1,5553900000"
"202100007794";"10";"11";"2021";"15:20";"1";"62";"62119";"2";"1";"1";"6";"BOUTLEUX ( RUE )";"50,5300100000";"2,6353800000"
"202100007795";"16";"11";"2021";"07:07";"3";"59";"59599";"2";"1";"1";"6";"GRAMME (CHAUSSEE)";"50,7367100000";"3,1700000000"
"202100007796";"4";"11";"2021";"22:30";"5";"59";"59350";"2";"2";"1";"6";"SOLFERINO RUE NÂ°1 - 159";"50,6325934047";"3,0522062542"
"202100007797";"8";"11";"2021";"19:00";"2";"58";"58194";"2";"6";"1";"3";"DOCKS";"46,9924000000";"3,1489000000"
"202100007798";"15";"11";"2021";"14:45";"1";"56";"56098";"2";"1";"1";"2";"BOLLARDIERE (RUE  GEN. DE )";"47,7777500000";" -3,3407700000"
"202100007799";"15";"11";"2021";"09:30";"1";"56";"56121";"2";"6";"1";"3";"BOLLARDIERE (RUE  GENERAL DE )";"47,7526700000";" -3,3913000000"
"202100007800";"9";"11";"2021";"18:45";"5";"56";"56098";"2";"6";"1";"1";"DIX HUIT JUIN 1940 (ROND-POINT DU)";"47,7659400000";" -3,3294400000"
"202100007801";"11";"11";"2021";"01:12";"3";"54";"54395";"2";"1";"1";"7";"KRUG (RUE ALFRED)";"48,6798900000";"6,2008000000"
"202100007802";"16";"11";"2021";"09:28";"1";"54";"54547";"2";"2";"2";"3";"MORVAN (RUE DU)";"48,6504600000";"6,1479400000"
"202100007803";"12";"11";"2021";"19:15";"5";"54";"54184";"2";"6";"5";"3";"BRIGACHTAL (AVENUE DE)";"48,7080330000";"6,2434830000"
"202100007804";"11";"11";"2021";"11:32";"1";"54";"54304";"2";"1";"1";"3";"RESISTANCE (AV. DE LA -IMPAIR-)";"48,6944913852";"6,1289528757"
"202100007805";"10";"11";"2021";"11:40";"1";"54";"54395";"2";"1";"1";"3";"AIGUILLETTES  (BD 5A A 17A)";"48,6673810000";"6,1641300000"
"202100007806";"12";"11";"2021";"10:45";"1";"54";"54159";"2";"2";"1";"3";"ROSIERES (AVENUE DE)";"48,6149500000";"6,3528700000"
"202100007807";"15";"11";"2021";"06:30";"5";"53";"53130";"2";"1";"1";"6";"PARIS ( RUE DE )";"48,0711700000";" -0,7653500000"
"202100007808";"13";"11";"2021";"14:00";"1";"50";"50602";"2";"6";"1";"3";"EST (BOULEVARD DE L')";"49,6365800000";" -1,5961500000"
"202100007809";"15";"11";"2021";"07:56";"2";"49";"49007";"2";"1";"1";"3";"PARMENTIER";"47,4533900000";" -0,5195400000"
"202100007810";"16";"11";"2021";"20:30";"3";"45";"45302";"1";"1";"2";"1";"CHARTRES (ANCIENNE ROUTE DE)";"47,9702800000";"1,8623100000"
"202100007811";"15";"11";"2021";"16:00";"1";"42";"42218";"2";"3";"3";"6";"Avenue de RochetaillÃ©e";"45,4184220000";"4,3998880000"
"202100007812";"11";"11";"2021";"08:00";"1";"42";"42189";"1";"1";"7";"4";"M201 - Rocade Ouest";"45,4295600000";"4,3489200000"
"202100007813";"16";"11";"2021";"08:30";"1";"38";"38544";"2";"1";"8";"6";"Rue des Guillemottes";"45,5347900000";"4,8864200000"
"202100007814";"16";"11";"2021";"17:20";"2";"35";"35238";"2";"1";"1";"3";"LECLERC (AVENUE DU GENERAL)";"48,1146900000";" -1,6564000000"
"202100007815";"16";"11";"2021";"17:15";"1";"35";"35238";"2";"9";"1";"3";"CHATEAUGIRON (DE)";"48,0978880000";" -1,6430970000"
"202100007816";"16";"11";"2021";"18:35";"3";"33";"33281";"2";"1";"1";"4";"Avenue FranÃ§ois Mitterrand";"44,8137100000";" -0,6901200000"
"202100007817";"16";"11";"2021";"09:45";"1";"33";"33318";"2";"1";"1";"6";"Avenue LÃ©on Duguit";"44,8002000000";" -0,6102100000"
"202100007818";"15";"11";"2021";"10:55";"1";"33";"33318";"2";"3";"1";"3";"Avenue Roger Chaumet";"44,7975000000";" -0,6415700000"
"202100007819";"15";"11";"2021";"11:14";"1";"33";"33550";"2";"1";"1";"1";"Avenue Mirieu de Labarre";"44,7828500000";" -0,5368900000"
"202100007820";"16";"11";"2021";"19:15";"5";"31";"31555";"2";"2";"2";"3";"BD SILVIO TRENTIN";"43,6256000000";"1,4310900000"
"202100007821";"16";"11";"2021";"09:05";"1";"31";"31555";"2";"1";"8";"6";"RUE RENE SENTENAC";"43,6093500000";"1,3792600000"
"202100007822";"15";"11";"2021";"18:10";"5";"30";"30028";"2";"6";"1";"2";"ROUTE DE PONT SAINT ESPRIT";"44,1768301374";"4,6198140979"
"202100007823";"20";"10";"2021";"14:30";"1";"29";"29019";"2";"3";"1";"3";"Rue Blaveau";"48,3825184028";" -4,4853374362"
"202100007824";"16";"11";"2021";"17:05";"4";"27";"27229";"2";"2";"2";"3";"ALLENDE (BOULEVARD DU PRESIDENT)";"49,0034400000";"1,1480900000"
"202100007825";"16";"11";"2021";"14:55";"1";"27";"27229";"2";"1";"2";"2";"MOULIN (RUE JEAN)";"49,0166700000";"1,1534000000"
"202100007826";"9";"11";"2021";"08:40";"1";"27";"27229";"2";"1";"1";"4";"POTIER (CHEMIN)";"49,0023976000";"1,1284504000"
"202100007827";"16";"11";"2021";"18:30";"3";"22";"22360";"1";"9";"1";"2";"CROIX GIBAT (RUE DE LA)";"48,4776554236";" -2,7224120591"
"202100007828";"6";"11";"2021";"13:35";"1";"14";"14715";"2";"1";"1";"6";"Boulevard dâHautpoul";"49,3630200000";"0,0856700000"
"202100007829";"16";"11";"2021";"19:00";"5";"13";"13212";"2";"1";"1";"3";"POILUS (AVENUE DES)";"43,3134200000";"5,4634700000"
"202100007830";"16";"11";"2021";"16:40";"2";"13";"13202";"2";"1";"1";"3";"SAINT JEAN (AVENUE DE)";"43,2963900000";"5,3657300000"
"202100007831";"13";"10";"2021";"05:00";"5";"13";"13205";"2";"9";"1";"1";"GEORGE (RUE)";"43,2957200000";"5,3978600000"
"202100007832";"15";"11";"2021";"09:00";"2";"13";"13203";"2";"3";"2";"3";"GENERAL LECLERC (AVENUE DU)";"43,3040099923";"5,3775394753"
"202100007833";"16";"11";"2021";"17:30";"1";"13";"13005";"2";"1";"1";"3";"SALENGRO (AVENUE ROGER)";"43,2997678741";"5,5693463360"
"202100007834";"8";"11";"2021";"08:56";"2";"12";"12202";"2";"4";"1";"6";"BELLE ISLE (BOULEVARD)";"44,3527800000";"2,5777300000"
"202100007835";"12";"11";"2021";"15:40";"1";"12";"12145";"2";"1";"7";"3";"GANDALOUS (CHEMIN DE)";"44,1093600000";"3,0633800000"
"202100007836";"16";"11";"2021";"06:00";"5";"12";"12100";"2";"1";"1";"3";"RD 840 (AXE BRIVE MEDITERRANEE)";"44,5283840684";"2,3270151615"
"202100007837";"3";"11";"2021";"19:00";"5";"11";"11069";"2";"1";"2";"2";"BARBES BD IMPAIR";"43,2103400000";"2,3502000000"
"202100007838";"15";"11";"2021";"14:00";"1";"10";"10362";"2";"1";"8";"2";"GENERAL GALLIENI (RUE DU)";"48,2939200000";"4,0545200000"
"202100007839";"15";"11";"2021";"12:40";"1";"10";"10362";"1";"9";"2";"3";"ROCADE OUEST (RD 610)";"48,3024800000";"4,0282600000"
"202100007840";"15";"11";"2021";"12:30";"1";"10";"10387";"2";"3";"1";"3";"VOLTAIRE (RUE)";"48,2948000000";"4,0641000000"
"202100007841";"15";"11";"2021";"11:29";"1";"05";"05061";"2";"3";"8";"3";"LIBERATION ( BD DE LA )";"44,5612000000";"6,0796900000"
"202100007842";"15";"11";"2021";"02:25";"3";"05";"05061";"2";"1";"1";"6";"GARENNES (CHEMIN DES)";"44,5739500000";"6,0515700000"
"202100007843";"16";"11";"2021";"08:45";"1";"75";"75114";"2";"1";"8";"3";"BOULEVARD PERIPHERIQUE";"48,8242920000";"2,3063700000"
"202100007844";"15";"11";"2021";"11:05";"1";"75";"75116";"2";"1";"1";"2";"PORTE D AUTEUIL";"48,8423280000";"2,2541920000"
"202100007845";"15";"11";"2021";"07:50";"1";"75";"75119";"2";"4";"1";"3";"PORTE D AUBERVILLIERS";"48,9006060000";"2,3739330000"
"202100007846";"15";"11";"2021";"13:20";"1";"75";"75116";"2";"1";"1";"5";"BOULEVARD PERIPHERIQUE";"48,8524220000";"2,2525860000"
"202100007847";"16";"11";"2021";"08:20";"1";"75";"75120";"2";"4";"1";"6";"RUE DE LA CROIX SAINT SIMON";"48,8558400000";"2,4100890000"
"202100007848";"16";"11";"2021";"05:30";"5";"75";"75119";"2";"4";"1";"3";"AVENUE JEAN JAURES";"48,8887830000";"2,3930640000"
"202100007849";"16";"11";"2021";"06:19";"5";"75";"75119";"2";"2";"1";"3";"AVENUE JEAN JAURES";"48,8877830000";"2,3892790000"
"202100007850";"16";"11";"2021";"20:50";"5";"75";"75118";"2";"3";"2";"3";"AVENUE DE SAINT OUEN";"48,8895520000";"2,3263120000"
"202100007851";"15";"11";"2021";"16:25";"2";"75";"75114";"2";"2";"8";"3";"AVENUE ERNEST REYER";"48,8226640000";"2,3226690000"
"202100007852";"15";"11";"2021";"05:00";"5";"75";"75112";"2";"1";"1";"3";"QUAI DE BERCY";"48,8345320000";"2,3815670000"
"202100007853";"16";"11";"2021";"21:30";"5";"75";"75111";"2";"3";"1";"6";"BOULEVARD VOLTAIRE";"48,8609860000";"2,3747930000"
"202100007854";"16";"11";"2021";"18:50";"5";"75";"75111";"2";"2";"1";"2";"BOULEVARD DE MENILMONTANT";"48,8670550000";"2,3830780000"
"202100007855";"16";"11";"2021";"10:00";"1";"75";"75111";"2";"2";"8";"6";"BOULEVARD VOLTAIRE";"48,8651830000";"2,3677450000"
"202100007856";"15";"11";"2021";"19:30";"5";"75";"75108";"2";"2";"2";"2";"AVENUE DES CHAMPS ELYSEES";"48,8714000000";"2,3025160000"
"202100007857";"16";"11";"2021";"09:07";"1";"75";"75108";"2";"1";"1";"3";"AVENUE HOCHE";"48,8747670000";"2,2974280000"
"202100007858";"16";"11";"2021";"03:51";"5";"75";"75108";"2";"3";"1";"6";"AVENUE DES CHAMPS ELYSEES";"48,8720620000";"2,3004640000"
"202100007859";"16";"11";"2021";"09:05";"1";"94";"94068";"2";"1";"1";"1";"FOCH (AV)";"48,8051500000";"2,4846300000"
"202100007860";"16";"11";"2021";"20:15";"5";"94";"94052";"2";"1";"1";"2";"STRASBOURG (BD DE)";"48,8424900000";"2,4845700000"
"202100007861";"16";"11";"2021";"15:00";"1";"94";"94046";"2";"1";"1";"3";"Rue Auguste Simon";"48,8032216870";"2,4265837669"
"202100007862";"16";"11";"2021";"12:40";"1";"94";"94017";"2";"1";"1";"6";"Rue Prairial";"48,8226100000";"2,5086100000"
"202100007863";"16";"11";"2021";"12:20";"1";"94";"94048";"1";"1";"8";"2";"Route Nationale 19";"48,7277710000";"2,5381470000"
"202100007864";"16";"11";"2021";"16:55";"2";"93";"93066";"2";"2";"1";"6";"DIDEROT";"48,9354400000";"2,3786800000"
"202100007865";"16";"11";"2021";"16:30";"1";"93";"93066";"2";"1";"8";"3";"""LANDY RD 20, NR IMPAIRS 1 A 144""";"48,9153000000";"2,3533100000"
"202100007866";"16";"11";"2021";"13:50";"1";"93";"93066";"2";"1";"1";"6";"WILSON (AVENUE DU PRESIDENT)";"48,9292800000";"2,3566700000"
"202100007867";"16";"11";"2021";"03:55";"5";"93";"93050";"2";"3";"2";"6";"PAUL ET CAMILLE THOMOUX (RUE) COTE PAIR";"48,8738246288";"2,5297297331"
"202100007868";"16";"11";"2021";"10:45";"1";"93";"93048";"2";"1";"1";"2";"ROSNY (RUE DE)";"48,8687300000";"2,4613000000"
"202100007869";"16";"11";"2021";"00:05";"5";"93";"93063";"2";"2";"2";"3";"BENFLEET RUE DE";"48,8806300000";"2,4370100000"
"202100007870";"16";"11";"2021";"15:30";"1";"93";"93031";"2";"1";"1";"6";"LEON BLUM (AVENUE)";"48,9587879356";"2,3126979454"
"202100007871";"16";"11";"2021";"09:00";"1";"93";"93013";"2";"2";"1";"3";"LECLERC (AVENU DE LA DIVISION)";"48,9382490268";"2,4289973162"
"202100007872";"16";"11";"2021";"11:32";"1";"93";"93053";"2";"1";"1";"3";"ROSNY (AV. DE)";"48,8953315778";"2,4705257754"
"202100007873";"16";"11";"2021";"07:15";"1";"93";"93057";"2";"2";"1";"3";"QUATORZE JUILLET (AV. DU)";"48,9159830000";"2,4921640000"
"202100007874";"16";"11";"2021";"18:50";"5";"93";"93005";"2";"1";"1";"6";"JEAN JACQUES ROUSSEAU (AVENUE)";"48,9272194517";"2,4993840065"
"202100007875";"15";"11";"2021";"21:25";"5";"92";"92036";"2";"1";"2";"6";"LUCIEN LANTERNIER (AVENUE) (2/34)";"48,9322660000";"2,2908600000"
"202100007876";"9";"11";"2021";"11:00";"1";"92";"92036";"2";"1";"1";"3";"LOUIS ROCHE (AVENUE) (46/148)";"48,9257088871";"2,3168277740"
"202100007877";"16";"11";"2021";"17:45";"5";"92";"92062";"2";"1";"2";"2";"GENERAL DE GAULLE (AVENUE DU)";"48,8874599492";"2,2328397632"
"202100007878";"16";"11";"2021";"03:19";"5";"92";"92024";"2";"1";"1";"7";"VICTOR HUGO (BD)";"48,8970900000";"2,3096800000"
"202100007879";"15";"11";"2021";"12:20";"2";"92";"92024";"2";"2";"1";"6";"CLICHY (QUAI DE) DE (8 A 60)";"48,9034890500";"2,2896006703"
"202100007880";"17";"11";"2021";"18:20";"3";"57";"57510";"1";"1";"1";"5";"D954";"49,1306360000";"6,2784080000"
"202100007881";"16";"11";"2021";"12:45";"1";"35";"35128";"1";"1";"8";"7";"D82";"48,2664090000";" -1,7184220000"
"202100007882";"15";"11";"2021";"17:30";"2";"41";"41050";"1";"1";"2";"2";"D956";"47,4718220000";"1,4230730000"
"202100007883";"25";"08";"2021";"15:35";"1";"17";"17404";"1";"2";"1";"5";"Les Petites Seguineries";"45,6135230000";" -0,6635090000"
"202100007884";"17";"11";"2021";"12:00";"1";"84";"84126";"1";"1";"1";"1";"D977";"44,2263660000";"5,0131560000"
"202100007885";"27";"10";"2021";"17:00";"1";"68";"68269";"2";"1";"1";"3";"Route de GuÃ©mar";"48,1918540000";"7,3363410000"
"202100007886";"17";"11";"2021";"19:28";"3";"974";"97422";"2";"3";"1";"1";"Chemin Neuf";" -21,2441720000";"55,5125590000"
"202100007887";"30";"10";"2021";"20:20";"3";"974";"97404";"1";"1";"1";"3";"N1a";" -21,2582680000";"55,3319360000"
"202100007888";"17";"11";"2021";"08:20";"1";"41";"41206";"1";"1";"8";"7";"A10";"47,6298700000";"1,3527770000"
"202100007889";"13";"11";"2021";"19:09";"5";"01";"01033";"2";"1";"1";"1";"Avenue MarÃ©chal Leclerc (Bellegarde-sur-Valserine)";"46,1136830000";"5,8077340000"
"202100007890";"16";"11";"2021";"07:18";"2";"01";"01033";"2";"6";"1";"2";"Place Berard";"46,1084020000";"5,8293200000"
"202100007891";"16";"11";"2021";"05:45";"3";"65";"65265";"1";"1";"1";"6";"D5";"43,2270030000";"0,1732460000"
"202100007892";"16";"11";"2021";"22:17";"3";"23";"23207";"1";"1";"8";"7";"La Malcote";"46,2683724905";"1,5568828583"
"202100007893";"17";"11";"2021";"19:00";"3";"95";"95660";"1";"1";"8";"6";"RD 909";"49,0771970000";"2,3497970000"
"202100007894";"15";"11";"2021";"18:25";"3";"32";"32208";"1";"4";"8";"1";"Pont de Pile";"43,9326750000";"0,6141190000"
"202100007895";"16";"11";"2021";"11:20";"1";"89";"89021";"1";"1";"2";"5";"D951";"47,4947220000";"3,7611670000"
"202100007896";"16";"11";"2021";"19:10";"3";"42";"42318";"1";"2";"2";"3";"Route de Brandy";"45,3538620000";"3,9134530000"
"202100007897";"17";"11";"2021";"01:00";"4";"46";"46038";"2";"9";"2";"6";"Avenue de la RÃ©publique";"44,9172470000";"1,8385520000"
"202100007898";"14";"11";"2021";"01:45";"3";"86";"86039";"1";"1";"1";"7";"N10";"46,2428090000";"0,1659320000"
"202100007899";"16";"11";"2021";"16:25";"1";"68";"68304";"2";"2";"8";"6";"1 grande rue";"47,7558540000";"7,0567260000"
"202100007900";"17";"11";"2021";"07:00";"2";"44";"44188";"1";"1";"8";"6";"L Ouvrardiere";"47,0253190000";" -1,5971000000"
"202100007901";"29";"09";"2021";"00:57";"3";"70";"70326";"1";"1";"1";"1";"RN 57";"47,4568220000";"6,0831640000"
"202100007902";"17";"11";"2021";"18:00";"5";"50";"50615";"2";"1";"1";"6";"Avenue du 8 Mai 1945";"49,5022470000";" -1,4665590000"
"202100007903";"12";"11";"2021";"21:30";"3";"36";"36071";"1";"1";"1";"1";"rd 943";"46,7862500000";"1,7686270000"
"202100007904";"16";"11";"2021";"17:40";"2";"27";"27209";"1";"3";"8";"3";"D124, route de Montfort";"49,2809920000";"0,6977710000"
"202100007905";"15";"11";"2021";"08:15";"1";"27";"27563";"1";"1";"5";"5";"Route de Quillebeuf";"49,3743290000";"0,5259600000"
"202100007906";"17";"11";"2021";"06:45";"2";"27";"27679";"1";"9";"1";"2";"N12 PK 022.350";"48,7421680000";"0,9599360000"
"202100007907";"13";"11";"2021";"20:55";"3";"17";"17082";"1";"1";"1";"6";"Route de Chevanceaux";"45,4196680000";" -0,3713840000"
"202100007908";"17";"11";"2021";"15:00";"1";"978";"97801";"2";"1";"1";"3";"route nationale 7";"18,0724920000";" -63,0326040000"
"202100007909";"16";"11";"2021";"09:45";"1";"978";"97801";"1";"1";"1";"7";"Rn7 - entre la sation essence ""Cadisco"" et le magasin ""LIDEAR PRICE""";"18,0942560000";" -63,0318960000"