"Num_Acc";"jour";"mois";"an";"hrmn";"lum";"dep";"com";"agg";"int";"atm";"col";"adr";"lat";"long"
"202100008099";"14";"11";"2021";"11:50";"1";"33";"33122";"2";"3";"1";"3";"Avenue BrÃ©montier";"44,7684190000";" -0,7065690000"
"202100008100";"15";"11";"2021";"23:50";"3";"68";"68309";"1";"1";"1";"6";"A35";"47,6756030000";"7,4667660000"
"202100008101";"15";"11";"2021";"15:53";"1";"45";"45008";"1";"1";"1";"2";"A10";"48,0827130000";"1,8516840000"
"202100008102";"14";"11";"2021";"17:15";"1";"987";"98722";"1";"1";"1";"3";"RT 2 - PK 23+900 C/MER DISTRICT DE TIAREI";" -17,5914290000";" -149,3821260000"
"202100008103";"14";"11";"2021";"15:45";"1";"987";"98722";"1";"1";"1";"1";"RT - 2 - PK 31.500 C/MER district de Mahaena";" -17,5914290000";" -149,3821260000"
"202100008104";"15";"11";"2021";"22:45";"3";"973";"97305";"1";"1";"2";"1";"pk42.500 RN1";"5,0685450000";" -52,5918100000"
"202100008105";"14";"11";"2021";"00:50";"3";"971";"97115";"1";"1";"1";"1";"Lamoisse";"16,2780015012";" -61,6654014587"
"202100008106";"12";"11";"2021";"19:00";"3";"06";"06048";"2";"1";"1";"3";"1049 d15";"43,7901440000";"7,3311370000"
"202100008107";"15";"11";"2021";"17:30";"2";"67";"67458";"1";"1";"1";"5";"D919";"48,8262280000";"7,7201270000"
"202100008108";"16";"11";"2021";"14:48";"1";"74";"74220";"1";"1";"1";"3";"Route d Annemasse";"46,1454990000";"6,2674960000"
"202100008109";"14";"11";"2021";"18:30";"3";"72";"72167";"1";"1";"1";"6";"D306";"47,7786600000";" -0,2215290000"
"202100008110";"5";"11";"2021";"23:30";"3";"14";"14530";"1";"1";"1";"6";"D223";"49,2147100000";" -0,2777480000"
"202100008111";"8";"11";"2021";"18:00";"3";"60";"60454";"1";"1";"1";"6";"D931";"49,4011907355";"2,3383872980"
"202100008112";"12";"11";"2021";"14:00";"1";"69";"69297";"1";"1";"1";"7";"A7   15.770 A 20.110";"45,6257200000";"4,8156900000"
"202100008113";"15";"11";"2021";"09:05";"1";"33";"33065";"1";"1";"1";"5";"ROUTE NATIONALE 230";"44,8187500000";" -0,5201790000"
"202100008114";"14";"11";"2021";"07:40";"3";"59";"59507";"1";"1";"2";"6";"AUTOROUTE A1";"50,6082970000";"3,0944810000"
"202100008115";"15";"11";"2021";"18:30";"3";"91";"91534";"1";"1";"2";"7";"RN 118";"48,7169000000";"2,1717000000"
"202100008116";"15";"11";"2021";"09:07";"1";"94";"94065";"1";"1";"1";"4";"AUTOROUTE A106";"48,7588572105";"2,3474976308"
"202100008117";"15";"11";"2021";"07:55";"2";"94";"94038";"1";"1";"1";"3";"AUTOROUTE A6B";"48,7729600000";"2,3460000000"
"202100008118";"15";"11";"2021";"19:15";"5";"92";"92050";"1";"1";"1";"2";"A14";"48,8997355729";"2,2119832291"
"202100008119";"15";"11";"2021";"18:15";"3";"78";"78242";"1";"1";"2";"3";"A12 W";"48,8203600000";"2,0686390000"
"202100008120";"15";"11";"2021";"16:20";"1";"92";"92063";"1";"1";"1";"6";"A86";"48,8865396188";"2,1657389402"
"202100008121";"15";"11";"2021";"19:00";"5";"93";"93066";"1";"1";"2";"3";"AUTOROUTE A1";"48,9217312677";"2,3573491055"
"202100008122";"15";"11";"2021";"12:05";"1";"93";"93005";"1";"1";"1";"3";"AUTOROUTE A3";"48,9602419884";"2,4733228737"
"202100008123";"15";"11";"2021";"08:30";"2";"93";"93007";"1";"1";"5";"5";"AUTOROUTE A1";"48,9542355094";"2,4563699919"
"202100008124";"15";"11";"2021";"08:20";"1";"95";"95365";"1";"1";"5";"7";"RN 104";"49,0660490000";"2,4056660000"
"202100008125";"15";"11";"2021";"02:35";"3";"60";"60631";"1";"1";"5";"1";"AUTOROUTE A1";"49,1658967625";"2,5990379316"
"202100008126";"14";"11";"2021";"22:00";"3";"95";"95527";"1";"1";"1";"2";"AUTOROUTE A1";"48,9938970000";"2,5150200000"
"202100008127";"15";"11";"2021";"19:30";"3";"94";"94069";"1";"1";"2";"4";"A4";"48,8174000000";"2,4207000000"
"202100008128";"15";"11";"2021";"19:20";"2";"77";"77146";"1";"1";"2";"6";"A4.Y";"48,8321000000";"2,6540000000"
"202100008129";"15";"11";"2021";"17:30";"3";"77";"77121";"1";"1";"1";"6";"A4";"48,8311410000";"2,6843000000"
"202100008130";"15";"11";"2021";"16:30";"3";"77";"77121";"1";"1";"1";"6";"A4";"48,8311400000";"2,6843000000"
"202100008131";"15";"11";"2021";"13:55";"1";"94";"94017";"1";"1";"1";"3";"A4";"48,8266914586";"2,5155472755"
"202100008132";"15";"11";"2021";"10:45";"1";"77";"77251";"1";"1";"1";"6";"RN104";"48,6449826128";"2,5455356841"
"202100008133";"15";"11";"2021";"09:30";"1";"94";"94065";"1";"1";"1";"6";"A86 INT";"48,7536703681";"2,3638663249"
"202100008134";"15";"11";"2021";"08:30";"1";"94";"94028";"1";"1";"1";"3";"A86 EXT";"48,7815537160";"2,4411320686"
"202100008135";"15";"11";"2021";"08:10";"1";"75";"75112";"1";"1";"1";"2";"A4";"48,8217469678";"2,4622035027"
"202100008136";"10";"11";"2021";"08:00";"1";"33";"33069";"2";"2";"1";"3";"Avenue de Tivoli";"44,8705790000";" -0,5982810000"
"202100008137";"10";"11";"2021";"11:20";"1";"92";"92064";"2";"9";"1";"6";"MONT VALERIEN";"48,8526855067";"2,2161537409"
"202100008138";"24";"08";"2021";"17:12";"1";"60";"60222";"1";"2";"1";"3";"N/A";"49,4690440000";"2,2619180000"
"202100008139";"14";"11";"2021";"18:30";"5";"988";"98818";"2";"1";"1";"6";"RUE DE LA BOUDEUSE";" -22,2790900000";"166,4775100000"
"202100008140";"14";"11";"2021";"17:21";"2";"65";"65440";"2";"6";"2";"2";"Giratoire de BASTILLAC ";"43,2233590000";"0,0466910000"
"202100008141";"14";"11";"2021";"07:45";"2";"35";"35238";"2";"2";"1";"5";"MANIEZ (AVENUE JULES)";"48,0986600000";" -1,6944800000"
"202100008142";"13";"11";"2021";"16:00";"1";"75";"75117";"2";"1";"1";"3";"BOULEVARD PERIPHERIQUE";"48,9006450000";"2,3247300000"
"202100008143";"14";"11";"2021";"18:50";"5";"75";"75120";"2";"2";"1";"3";"RUE D AVRON";"48,8523160000";"2,4039900000"
"202100008144";"14";"11";"2021";"21:45";"5";"75";"75119";"2";"3";"1";"3";"QUAI DE LA SEINE";"48,8871240000";"2,3754680000"
"202100008145";"14";"11";"2021";"20:00";"5";"75";"75109";"2";"7";"1";"2";"PLACE SAINT GEORGES";"48,8783070000";"2,3375480000"
"202100008146";"14";"11";"2021";"10:00";"1";"75";"75108";"2";"7";"8";"3";"AVENUE DES CHAMPS ELYSEES";"48,8735260000";"2,2958330000"
"202100008147";"14";"11";"2021";"02:45";"5";"75";"75108";"2";"7";"2";"6";"PLACE CHARLES DE GAULLE";"48,8735260000";"2,2958330000"
"202100008148";"14";"11";"2021";"15:45";"1";"75";"75107";"2";"1";"1";"7";"RUE DE BELLECHASSE";"48,8597870000";"2,3243400000"
"202100008149";"14";"11";"2021";"14:35";"1";"75";"75104";"2";"3";"1";"6";"RUE DE RIVOLI";"48,8572820000";"2,3523860000"
"202100008150";"14";"11";"2021";"02:25";"5";"75";"75104";"2";"3";"1";"2";"RUE DE LA CITE";"48,8546500000";"2,3477330000"
"202100008151";"14";"11";"2021";"07:15";"5";"94";"94016";"2";"2";"2";"3";"Rue des Saussaies";"48,7867400000";"2,3374800000"
"202100008152";"14";"11";"2021";"12:00";"1";"94";"94034";"2";"9";"1";"6";"PASTEUR (BD)";"48,7575600000";"2,3163100000"
"202100008153";"13";"11";"2021";"20:45";"5";"94";"94054";"2";"8";"2";"6";"Rue Christophe Colomb";"48,7522600000";"2,4169900000"
"202100008154";"13";"11";"2021";"20:15";"5";"94";"94079";"2";"2";"1";"3";"Boulevard de Friedberg";"48,8348600000";"2,5471800000"
"202100008155";"14";"11";"2021";"15:29";"1";"93";"93064";"2";"1";"1";"2";"ALSACE-LORRAINE (BOULEVARD)";"48,8846366781";"2,4837100445"
"202100008156";"14";"11";"2021";"02:08";"5";"93";"93001";"2";"1";"1";"3";"FELIX FAURE (BLD) => 121";"48,9081931241";"2,3775177422"
"202100008157";"14";"11";"2021";"15:55";"1";"92";"92048";"2";"1";"8";"7";"Place Rabelais";"48,8114902659";"2,2366538644"
"202100008158";"14";"11";"2021";"20:35";"5";"92";"92040";"2";"1";"1";"3";"Avenue Victor Cresson";"48,8227146395";"2,2684997320"
"202100008159";"15";"11";"2021";"05:15";"2";"974";"97415";"1";"1";"1";"7";"Chemin d Eau";" -21,0867420000";"55,2740300000"
"202100008160";"14";"11";"2021";"14:50";"1";"38";"38425";"2";"1";"2";"7";"rue sacco et vanzetti";"45,3794930000";"4,7913430000"
"202100008161";"14";"11";"2021";"21:25";"3";"38";"38114";"1";"3";"1";"3";"Plateau de Louze N7";"45,4079870000";"4,8118400000"
"202100008162";"15";"11";"2021";"17:10";"2";"28";"28088";"2";"1";"1";"1";"Rue du Coq";"48,0679490000";"1,3298930000"
"202100008163";"15";"11";"2021";"11:50";"1";"83";"83004";"1";"1";"3";"5";"Route Departementale 555";"43,4855590000";"6,4849380000"
"202100008164";"13";"11";"2021";"09:30";"1";"46";"46148";"2";"1";"1";"7";"Route de Cahors";"44,3417330000";"1,5432890000"
"202100008165";"13";"11";"2021";"16:20";"2";"01";"01194";"2";"1";"8";"1";"D933";"45,9608950000";"4,7505680000"
"202100008166";"1";"11";"2021";"16:40";"2";"01";"01075";"2";"1";"1";"6";"D75";"46,0291480000";"4,7998440000"
"202100008167";"15";"11";"2021";"08:00";"1";"30";"30067";"1";"1";"2";"1";"D982";"44,0359850000";"4,5436190000"
"202100008168";"14";"11";"2021";"22:20";"3";"83";"83047";"1";"1";"2";"3";"D554b";"43,1521414330";"6,0825955868"
"202100008169";"15";"11";"2021";"18:00";"5";"77";"77436";"2";"2";"8";"3";"D66";"48,8018890000";"3,2113280000"
"202100008170";"14";"11";"2021";"19:40";"3";"62";"62255";"1";"1";"1";"6";"d254";"50,7014590000";"1,7947200000"
"202100008171";"15";"11";"2021";"16:20";"1";"51";"51545";"1";"1";"2";"1";"D79";"48,7456590000";"4,2125860000"
"202100008172";"14";"11";"2021";"19:00";"3";"51";"51088";"1";"1";"1";"3";"D966";"49,3344490000";"4,0329910000"
"202100008173";"15";"11";"2021";"12:30";"1";"76";"76595";"1";"4";"1";"6";"dÃ©partementale 139";"49,6356720000";"0,1905070000"
"202100008174";"13";"11";"2021";"02:25";"3";"82";"82093";"1";"1";"8";"6";"Migou";"43,9152960000";"1,0787520000"
"202100008175";"15";"11";"2021";"17:15";"2";"71";"71281";"1";"1";"2";"1";"Lieu dit La palissade";"46,5984620000";"4,1274690000"
"202100008176";"12";"11";"2021";"10:25";"1";"71";"71073";"2";"1";"1";"6";"Rue du 11 Novembre 1918";"46,9035670000";"4,7589420000"
"202100008177";"14";"11";"2021";"19:45";"5";"63";"63210";"2";"6";"2";"6";"place de la fontaine";"45,9220760000";"3,3286000000"
"202100008178";"9";"11";"2021";"17:10";"2";"63";"63010";"1";"2";"1";"6";"Lieu Dit la Naute";"45,4260160000";"3,7244940000"
"202100008179";"29";"10";"2021";"18:40";"2";"61";"61098";"2";"1";"2";"7";"Rue des Sainfoins";"48,5877890000";"0,1673640000"
"202100008180";"15";"11";"2021";"09:10";"1";"55";"55447";"1";"1";"2";"6";"Rd 604";"48,6420260000";"5,0620580000"
"202100008181";"14";"11";"2021";"14:10";"1";"49";"49046";"1";"1";"1";"6";"D162";"47,1862860000";" -0,0080040000"
"202100008182";"14";"11";"2021";"20:45";"5";"42";"42013";"2";"1";"1";"1";"Route de Saint Galmier";"45,6365020000";"4,3009330000"
"202100008183";"15";"11";"2021";"09:05";"1";"47";"47104";"1";"2";"1";"3";"Route de la VallÃ©e de la Masse";"44,2661930000";"0,4756950000"
"202100008184";"14";"11";"2021";"11:30";"1";"41";"41116";"1";"3";"2";"7";"L Epau";"47,8562910000";"1,1085780000"
"202100008185";"14";"11";"2021";"18:50";"3";"34";"34205";"1";"1";"1";"7";"D35e2";"43,7400920000";"3,2890700000"
"202100008186";"13";"11";"2021";"19:20";"3";"68";"68182";"1";"1";"2";"3";"D12b";"47,5105490000";"7,4864100000"
"202100008187";"12";"11";"2021";"16:30";"1";"38";"38422";"1";"1";"1";"6";"Route d Uriage";"45,1382800000";"5,8262300000"
"202100008188";"15";"11";"2021";"07:55";"1";"02";"02464";"1";"1";"1";"5";"N2";"49,4210760000";"3,4030930000"
"202100008189";"12";"11";"2021";"18:20";"2";"15";"15154";"1";"1";"1";"5";"Les Conrocqs";"44,9562240000";"2,5890950000"
"202100008190";"15";"11";"2021";"07:15";"2";"01";"01437";"1";"2";"1";"3";"Route de la MÃ©trode";"46,4500103586";"5,0243968862"
"202100008191";"8";"11";"2021";"11:30";"1";"50";"50364";"1";"1";"1";"6";"Lieu dit ""La BretonniÃ¨re";"49,1516680000";" -1,4508440000"
"202100008192";"15";"11";"2021";"08:30";"1";"45";"45104";"1";"3";"8";"1";"D40-PR3+990";"48,0460530000";"2,7069340000"
"202100008193";"15";"11";"2021";"13:20";"1";"16";"16277";"1";"1";"1";"7";"RD 194 - la flaudrie";"45,7393160000";" -0,2664400000"
"202100008194";"15";"11";"2021";"10:15";"1";"07";"07195";"1";"1";"1";"7";"dÃ©partementale 278";"44,9196280000";"4,2428680000"
"202100008195";"8";"11";"2021";"17:30";"2";"40";"40284";"1";"3";"1";"2";"Route de Bayonne";"43,6489870000";" -1,3273660000"
"202100008196";"14";"11";"2021";"19:10";"3";"24";"24540";"1";"2";"1";"1";"8 Route de la Brigade Rac";"45,2899920000";"0,8290830000"
"202100008197";"15";"11";"2021";"16:55";"1";"17";"17434";"1";"1";"1";"1";"D911 bis";"46,0946030000";" -0,7409120000"
"202100008198";"13";"11";"2021";"13:40";"1";"30";"30228";"1";"1";"1";"1";"RD979";"43,9315280000";"4,3865490000"
"202100008199";"15";"11";"2021";"08:00";"1";"48";"48128";"1";"3";"1";"2";"D806";"44,7814500000";"3,2964670000"
"202100008200";"13";"11";"2021";"20:40";"3";"987";"98752";"1";"1";"1";"3";"RT1";" -17,7720540000";" -149,4123780000"
"202100008201";"15";"11";"2021";"05:30";"3";"42";"42020";"1";"1";"1";"2";"A72";"45,6287450000";"4,1985800000"
"202100008202";"10";"11";"2021";"12:15";"1";"82";"82134";"1";"2";"1";"3";"Chemin Barthelot Coulassy";"44,0601370000";"1,4984430000"
"202100008203";"15";"11";"2021";"08:00";"2";"49";"49283";"1";"1";"5";"5";"DÃ©partementale 961";"47,3928300000";" -0,7564260000"
"202100008204";"5";"11";"2021";"08:30";"1";"38";"38486";"2";"1";"1";"6";"Avenue de Grenoble";"45,1686800000";"5,6917980000"
"202100008205";"15";"11";"2021";"17:00";"2";"77";"77183";"2";"2";"2";"6";"D407";"48,9416130000";"3,1303440000"
"202100008206";"15";"11";"2021";"06:45";"3";"95";"95641";"1";"1";"5";"2";"RD 16";"49,0621420000";"2,5681460000"
"202100008207";"13";"11";"2021";"14:40";"1";"34";"34128";"1";"1";"1";"5";"d 986";"43,9157330000";"3,7280720000"
"202100008208";"14";"11";"2021";"12:15";"1";"13";"13097";"1";"1";"1";"2";"DÃ©partementale 27";"43,6372120000";"4,8476790000"
"202100008209";"15";"11";"2021";"16:20";"1";"69";"69243";"2";"1";"8";"6";"GARIBALDI (BD)";"45,8890273172";"4,4376182556"
"202100008210";"6";"11";"2021";"12:20";"1";"33";"33449";"2";"1";"1";"6";"Avenue Montesquieu";"44,8955380000";" -0,7202550000"
"202100008211";"14";"11";"2021";"17:15";"2";"50";"50643";"1";"1";"2";"1";"D650";"49,5757630000";" -1,7125800000"
"202100008212";"14";"11";"2021";"15:45";"1";"60";"60466";"1";"2";"1";"3";"RD 101";"49,4357200000";"2,5276060000"
"202100008213";"15";"11";"2021";"16:40";"1";"60";"60700";"1";"1";"5";"1";"Route Nationale 1";"49,3815225263";"2,1483893393"
"202100008214";"14";"11";"2021";"19:18";"3";"13";"13005";"1";"1";"2";"5";"A50 - Sens Aubagne vers Marseille";"43,2665000000";"5,5878000000"
"202100008215";"14";"11";"2021";"18:28";"3";"69";"69122";"1";"1";"1";"2";"A6   433.690 A 435.100";"45,9161801308";"4,7262241277"
"202100008216";"14";"11";"2021";"04:10";"5";"69";"69259";"1";"1";"2";"4";"RD383   11.0044 A 11.460";"45,7222080507";"4,8875051737"
"202100008217";"14";"11";"2021";"10:00";"1";"42";"42237";"1";"9";"8";"6";"N88";"45,4430500000";"4,4642300000"
"202100008218";"14";"11";"2021";"10:20";"1";"94";"94034";"1";"1";"1";"7";"AUTOROUTE A86";"48,7554400000";"2,3415200000"
"202100008219";"14";"11";"2021";"07:05";"3";"94";"94034";"1";"1";"2";"6";"AUTOROUTE A86";"48,7587067382";"2,3243379593"
"202100008220";"14";"11";"2021";"18:00";"3";"78";"78043";"1";"1";"1";"4";"A13W";"48,8477430000";"2,0765660000"
"202100008221";"14";"11";"2021";"17:55";"3";"93";"93064";"1";"1";"1";"2";"AUTOROUTE A86";"48,8828300000";"2,4710700000"
"202100008222";"14";"11";"2021";"14:00";"1";"93";"93007";"1";"1";"1";"2";"AUTOROUTE A1";"48,9470600000";"2,4428900000"
"202100008223";"14";"11";"2021";"10:00";"1";"95";"95572";"1";"1";"1";"6";" A15";"49,0309685426";"2,1222091039"
"202100008224";"14";"11";"2021";"06:00";"3";"95";"95572";"1";"1";"2";"4";"A15";"49,0309500000";"2,1221600000"
"202100008225";"13";"11";"2021";"12:55";"1";"95";"95028";"1";"1";"2";"2";"RN 104";"49,0601610000";"2,3555380000"
"202100008226";"14";"11";"2021";"08:15";"2";"93";"93007";"1";"1";"2";"6";"AUTOROUTE A1";"48,9509602862";"2,4498930167"
"202100008227";"13";"11";"2021";"19:00";"3";"95";"95306";"1";"1";"1";"2";" A15";"49,0001900000";"2,1738500000"
"202100008228";"13";"11";"2021";"16:50";"2";"93";"93053";"1";"1";"2";"2";"AUTOROUTE A86";"48,9042600000";"2,4659300000"
"202100008229";"13";"11";"2021";"17:15";"2";"93";"93005";"1";"1";"1";"4";"AUTOROUTE A3";"48,9325300000";"2,4806500000"
"202100008230";"13";"11";"2021";"17:00";"3";"93";"93048";"1";"1";"2";"3";"AUTOROUTE A86";"48,8624200000";"2,4830300000"
"202100008231";"13";"11";"2021";"15:00";"1";"93";"93013";"1";"1";"2";"4";"AUTOROUTE A1";"48,9397200000";"2,4201600000"
"202100008232";"10";"11";"2021";"18:10";"5";"07";"07019";"2";"1";"1";"6";"MONTELIMAR ( ROUTE DE )";"44,6154400000";"4,4024800000"
"202100008233";"8";"11";"2021";"12:45";"1";"42";"42095";"2";"3";"1";"1";"Rue Jean JaurÃ¨s";"45,3887900000";"4,2867600000"
"202100008234";"8";"11";"2021";"16:15";"1";"75";"75108";"2";"1";"1";"2";"AVENUE DES CHAMPS ELYSEES";"48,8725530000";"2,2987290000"
"202100008235";"8";"11";"2021";"16:50";"2";"27";"27229";"2";"7";"1";"6";"RUGBY (RUE DE)";"49,0087900000";"1,1599700000"
"202100008236";"4";"11";"2021";"17:05";"2";"06";"06012";"2";"1";"1";"6";"AGERBOL (AVENUE D')";"43,7536100000";"7,4308700000"
"202100008237";"22";"08";"2021";"03:25";"5";"78";"78686";"2";"3";"1";"7";"N/A";"48,8010490000";"2,1621200000"
"202100008238";"23";"10";"2021";"18:35";"5";"68";"68224";"2";"1";"1";"6";"BRIAND (AVENUE ARISTIDE)";"47,7485338678";"7,3242491484"
"202100008239";"14";"11";"2021";"01:25";"5";"974";"97407";"2";"1";"1";"6";"08 MARS(RUE DU)";" -20,9397360000";"55,3002640000"
"202100008240";"13";"11";"2021";"23:40";"5";"69";"69388";"2";"1";"2";"2";"MARIUS BERLIET (R)";"45,7385700000";"4,8671000000"
"202100008241";"13";"11";"2021";"22:40";"5";"69";"69383";"2";"2";"2";"6";"BONNAND (R)";"45,7493100000";"4,8839400000"
"202100008242";"12";"11";"2021";"18:00";"5";"972";"97209";"1";"1";"2";"4";"AUTOROUTE (A1)";"14,6183500000";" -61,0362100000"
"202100008243";"13";"11";"2021";"21:45";"5";"69";"69286";"2";"1";"2";"7";"AMPERE (R)";"45,8191800000";"4,8998000000"
"202100008244";"13";"11";"2021";"20:50";"5";"95";"95277";"2";"3";"2";"3";"MOULIN JEAN";"48,9950400000";"2,4282500000"
"202100008245";"13";"11";"2021";"21:55";"5";"83";"83137";"2";"1";"1";"3";"JOFFRE (BD MARECHAL)";"43,1242100000";"5,9545800000"
"202100008246";"13";"11";"2021";"21:15";"3";"77";"77518";"1";"1";"1";"6";"D607";"48,4871690000";"2,5900300000"
"202100008247";"13";"11";"2021";"14:40";"1";"13";"13071";"2";"1";"1";"3";"CHEMIN DEPARTEMENTAL 6 (OUEST)";"43,4142300000";"5,3473700000"
"202100008248";"13";"11";"2021";"21:13";"5";"06";"06088";"2";"1";"1";"6";"ARIANE (BD DE L')";"43,7342340000";"7,2931140000"
"202100008249";"26";"08";"2021";"20:10";"1";"30";"30028";"2";"3";"1";"3";"LAGARAUD (CHEMIN DE)";"44,1535200000";"4,6080000000"
"202100008250";"12";"11";"2021";"13:10";"1";"69";"69387";"2";"2";"1";"3";"MARC BLOCH (R)";"45,7470200000";"4,8456900000"
"202100008251";"13";"11";"2021";"18:40";"5";"75";"75113";"2";"1";"1";"4";"BOULEVARD PERIPHERIQUE";"48,8167070000";"2,3651070000"
"202100008252";"12";"11";"2021";"22:31";"5";"75";"75105";"2";"1";"1";"3";"RUE SOUFFLOT";"48,8471980000";"2,3414900000"
"202100008253";"12";"11";"2021";"15:26";"1";"75";"75107";"2";"3";"1";"3";"QUAI D ORSAY";"48,8629032145";"2,3152506351"
"202100008254";"12";"11";"2021";"00:30";"5";"75";"75107";"2";"3";"1";"6";"RUE ROUSSELET";"48,8501499480";"2,3177236319"
"202100008255";"13";"11";"2021";"02:40";"5";"75";"75120";"2";"3";"8";"6";"RUE DE MENILMONTANT";"48,8679290000";"2,3866420000"
"202100008256";"13";"11";"2021";"18:10";"5";"75";"75119";"2";"1";"1";"6";"RUE DE L OURCQ";"48,8873960000";"2,3846510000"
"202100008257";"13";"11";"2021";"14:20";"1";"75";"75118";"2";"7";"2";"5";"RUE DE LA CHAPELLE";"48,8950000000";"2,3594030000"
"202100008258";"13";"11";"2021";"20:20";"5";"75";"75116";"2";"3";"9";"5";"AVENUE PAUL DOUMER";"48,8612850000";"2,2842180000"
"202100008259";"12";"11";"2021";"23:20";"5";"75";"75116";"2";"3";"1";"3";"BOULEVARD LANNES";"48,8688350000";"2,2735380000"
"202100008260";"13";"11";"2021";"15:10";"1";"75";"75114";"2";"7";"2";"3";"PLACE DENFERT ROCHEREAU";"48,8349860000";"2,3318040000"
"202100008261";"13";"11";"2021";"21:15";"5";"75";"75112";"2";"1";"1";"2";"COURS DE VINCENNES";"48,8479180000";"2,4007200000"
"202100008262";"12";"11";"2021";"19:00";"5";"75";"75111";"2";"2";"1";"6";"RUE OBERKAMPF";"48,8626560000";"2,3673220000"
"202100008263";"13";"11";"2021";"12:30";"1";"75";"75110";"2";"3";"2";"6";"BOULEVARD SAINT DENIS";"48,8691120000";"2,3551580000"
"202100008264";"13";"11";"2021";"02:00";"5";"75";"75108";"2";"3";"1";"3";"AVENUE DE MARIGNY";"48,8688560000";"2,3146380000"
"202100008265";"11";"11";"2021";"20:45";"5";"75";"75108";"2";"1";"1";"5";"BOULEVARD HAUSSMANN";"48,8740450000";"2,3250970000"
"202100008266";"12";"11";"2021";"14:15";"1";"94";"94081";"2";"2";"1";"6";"Avenue Lucien FranÃ§ais";"48,7892900000";"2,3888000000"
"202100008267";"13";"11";"2021";"09:08";"1";"94";"94074";"2";"2";"2";"3";"Rue Sacco et Vanzetti";"48,7420400000";"2,4663500000"
"202100008268";"13";"11";"2021";"01:10";"5";"94";"94073";"2";"1";"1";"7";"ALOUETTES (R DES)";"48,7507718106";"2,3699717414"
"202100008269";"12";"11";"2021";"21:45";"5";"94";"94004";"2";"6";"1";"7";"AllÃ©e des FFI";"48,7561100000";"2,5077400000"
"202100008270";"13";"11";"2021";"19:45";"5";"93";"93078";"2";"2";"9";"3";"CLEMENCEAU (AVENUE GEORGES)";"48,9582000000";"2,5584500000"
"202100008271";"13";"11";"2021";"11:29";"1";"93";"93046";"2";"1";"2";"3";"LUCIE AUBRAC ALLEE";"48,9292500000";"2,5485700000"
"202100008272";"13";"11";"2021";"08:00";"1";"93";"93032";"2";"1";"2";"5";"JEAN JAURES (AVENUE)";"48,8832578933";"2,5282118742"
"202100008273";"12";"11";"2021";"22:50";"3";"93";"93014";"1";"1";"1";"7";"STRATEGIQUE (ROUTE)";"48,9202339102";"2,5584411621"
"202100008274";"13";"11";"2021";"20:20";"5";"93";"93001";"2";"1";"2";"1";"REPUBLIQUE (AVE DE LA ) DE 52 A 104";"48,9100679282";"2,3856881261"
"202100008275";"13";"11";"2021";"18:55";"4";"92";"92026";"2";"3";"1";"3";"LEONARD DE VINCI";"48,8970850797";"2,2381478548"
"202100008276";"13";"11";"2021";"01:03";"5";"92";"92051";"2";"1";"1";"2";"CHARLES DE GAULLE (AVENUE,NÂ°118 A 192 +";"48,8818900000";"2,2687200000"
"202100008277";"12";"11";"2021";"11:15";"1";"92";"92035";"2";"3";"1";"3";"Joffre ( avenue )";"48,9048184058";"2,2446763515"
"202100008278";"13";"11";"2021";"11:17";"1";"92";"92012";"2";"2";"8";"6";"PEUPLIERS (RUE DES)";"48,8343742988";"2,2546617994"
"202100008279";"13";"11";"2021";"18:35";"5";"92";"92002";"2";"1";"1";"6";"DIVISION LECLERC (53 A 217 - 58 A 186)";"48,7378300000";"2,3018800000"
"202100008280";"13";"11";"2021";"15:30";"1";"47";"47055";"1";"1";"1";"6";"Pech Bru";"44,4802980000";"0,6755630000"
"202100008281";"12";"11";"2021";"18:30";"5";"38";"38336";"2";"1";"1";"6";"N7";"45,4921340000";"4,8320210000"
"202100008282";"1";"09";"2021";"20:20";"3";"51";"51410";"1";"1";"1";"7";"D3";"49,0798583164";"3,7741419025"
"202100008283";"25";"10";"2021";"15:45";"1";"972";"97231";"1";"1";"1";"1";"Route de l Anse a l Ane";"14,5379140000";" -61,0549950000"
"202100008284";"13";"11";"2021";"06:20";"1";"972";"97204";"2";"1";"1";"1";"le coin";"14,7030640000";" -61,1820460000"
"202100008285";"13";"11";"2021";"17:00";"1";"63";"63093";"1";"1";"8";"7";"RD16 22+200";"46,0007225463";"2,9859447885"
"202100008286";"14";"11";"2021";"02:40";"3";"67";"67153";"2";"1";"5";"6";"35 Rue Principale (ZÅbersdorf)";"48,7937940669";"7,5254845619"
"202100008287";"14";"11";"2021";"01:30";"3";"34";"34032";"1";"1";"1";"2";"A75 pk 329+600";"43,3684540000";"3,2804990000"
"202100008288";"13";"11";"2021";"16:50";"1";"51";"51386";"1";"1";"8";"7";"D375";"48,8105340000";"3,5402910000"
"202100008289";"13";"11";"2021";"18:15";"3";"51";"51268";"1";"1";"1";"2";"D12";"48,8715600000";"4,1588400000"
"202100008290";"12";"11";"2021";"20:20";"5";"79";"79079";"2";"1";"1";"7";"33 Rue Buissonniere";"46,9168050000";" -0,7131610000"
"202100008291";"12";"11";"2021";"18:00";"4";"79";"79079";"2";"1";"1";"7";"53 Rue Sainte Anne";"46,9264050000";" -0,7505950000"
"202100008292";"12";"11";"2021";"17:00";"1";"2A";"2A085";"2";"1";"1";"1";"Route Territoriale 40";"41,9183810000";"8,9120950000"