"Num_Acc";"jour";"mois";"an";"hrmn";"lum";"dep";"com";"agg";"int";"atm";"col";"adr";"lat";"long"
"202100008293";"14";"11";"2021";"11:20";"1";"32";"32377";"1";"1";"8";"1";"Route DÃ©partementale 654";"43,7243280000";"0,9205770000"
"202100008294";"13";"11";"2021";"21:35";"3";"42";"42215";"1";"1";"2";"7";"D4";"46,1671560000";"4,2026140000"
"202100008295";"14";"11";"2021";"12:50";"1";"42";"42021";"1";"1";"8";"6";"Route de Saint Marcellin";"45,5044820000";"4,1225770000"
"202100008296";"12";"11";"2021";"14:45";"1";"86";"86073";"1";"1";"1";"6";"Rue de la Margotterie";"46,7032980000";"0,0252130000"
"202100008297";"13";"11";"2021";"12:00";"1";"29";"29126";"1";"1";"8";"6";"D38 - Lieu Dit Coat Saliou";"48,5529530000";" -4,4049130000"
"202100008298";"14";"11";"2021";"19:30";"3";"38";"38546";"1";"1";"1";"5";"Les Culees";"45,6433960000";"5,4304000000"
"202100008299";"13";"11";"2021";"08:25";"1";"13";"13083";"1";"3";"1";"1";"Route de la Gare";"43,8956770000";"4,7892020000"
"202100008300";"14";"11";"2021";"14:15";"1";"72";"72137";"2";"9";"2";"3";"le buisson";"48,4063289717";"0,1900076864"
"202100008301";"13";"11";"2021";"19:00";"3";"72";"72094";"2";"1";"2";"1";"Lieu Dit les Loges";"47,9821600000";"0,6034500000"
"202100008302";"12";"11";"2021";"19:00";"3";"06";"06059";"2";"1";"1";"6";"1986 Avenue du MarÃ©chal de Lattre de Tassigny";"43,7273160000";"7,3797880000"
"202100008303";"13";"11";"2021";"04:45";"5";"06";"06032";"2";"1";"1";"6";"59 Avenue du Trois Septembre";"43,7219460000";"7,3996690000"
"202100008304";"12";"11";"2021";"21:15";"3";"14";"14431";"1";"1";"2";"6";"Route de Bonneval";"49,0975460000";"0,0372610000"
"202100008305";"13";"11";"2021";"21:40";"3";"50";"50426";"1";"9";"1";"6";"dÃ©partemental 2 lieu dit le bas du mont";"49,3881910000";" -1,5216600000"
"202100008306";"12";"11";"2021";"15:20";"1";"50";"50297";"1";"1";"2";"5";"La Cote du Poirier";"49,1553520000";" -1,1091150000"
"202100008307";"11";"11";"2021";"13:20";"1";"09";"09318";"1";"1";"3";"6";"RN 20";"42,7556230000";"1,7704730000"
"202100008308";"13";"11";"2021";"18:00";"2";"64";"64506";"1";"1";"1";"2";"Mail de Couret";"43,0506700000";" -0,6014590000"
"202100008309";"12";"11";"2021";"18:45";"3";"43";"43078";"1";"1";"9";"7";"D37";"45,0219610000";"3,9293720000"
"202100008310";"11";"11";"2021";"14:30";"1";"53";"53085";"1";"1";"1";"7";"Chon";"48,3843880000";" -0,2593800000"
"202100008311";"14";"11";"2021";"18:00";"3";"28";"28314";"1";"1";"1";"4";"Les SalandiÃ¨res";"48,6054110000";"0,9235270000"
"202100008312";"14";"11";"2021";"01:40";"4";"17";"17459";"1";"1";"1";"7";"Chemin de la Richardiere";"45,9175240000";" -0,4264300000"
"202100008313";"14";"11";"2021";"17:35";"2";"30";"30083";"1";"1";"1";"2";"Route Nationale 113";"43,7259130000";"4,2173070000"
"202100008314";"12";"11";"2021";"02:00";"3";"88";"88287";"1";"1";"5";"6";"ancienne voie romaine";"48,1144000000";"5,8950200000"
"202100008315";"13";"11";"2021";"15:00";"1";"978";"97801";"2";"1";"1";"7";"RN7 - 66 Route Nationale";"18,0641690000";" -63,0396580000"
"202100008316";"14";"11";"2021";"06:25";"3";"72";"72339";"1";"1";"1";"6";"A11";"47,9625740000";"0,0290710000"
"202100008317";"13";"11";"2021";"01:45";"3";"34";"34146";"1";"1";"1";"4";"Autoroute A9, au point kilomÃ©trique 82, dans le sens de circulation de MES vers MONTPELLIER";"43,6936014850";"4,0801894731"
"202100008318";"14";"11";"2021";"17:55";"1";"988";"98803";"1";"1";"1";"6";"RT1 - BOURAIL";" -21,5276200000";"165,4744400000"
"202100008319";"13";"11";"2021";"12:00";"1";"78";"78003";"1";"1";"2";"1";"ROUTE DÃPARTEMENTALE D177";"48,5058860000";"1,8241380000"
"202100008320";"14";"11";"2021";"09:10";"1";"78";"78003";"1";"1";"2";"6";"N10";"48,5542940000";"1,8306260000"
"202100008321";"14";"11";"2021";"17:15";"3";"34";"34294";"1";"3";"1";"3";"D34";"43,7132240000";"4,1140420000"
"202100008322";"13";"11";"2021";"17:10";"2";"84";"84147";"1";"3";"8";"4";"Route de Pertuis";"43,7022500000";"5,4510130000"
"202100008323";"13";"11";"2021";"18:15";"3";"83";"83068";"1";"1";"1";"1";"325 Route de Saint Tropez";"43,2690970000";"6,5462960000"
"202100008324";"13";"11";"2021";"14:10";"1";"68";"68154";"2";"2";"1";"3";"20 Rue de Baldersheim";"47,7851490000";"7,3508920000"
"202100008325";"14";"11";"2021";"04:25";"3";"88";"88095";"1";"1";"2";"6";"foret de chatenois";"48,3079320000";"5,8092570000"
"202100008326";"14";"11";"2021";"09:40";"1";"55";"55425";"2";"1";"8";"6";"41 Rue du Moulin";"49,4404290000";"5,3679260000"
"202100008327";"13";"11";"2021";"17:20";"3";"54";"54215";"1";"9";"2";"3";"D657";"48,7427904469";"6,1549186708"
"202100008328";"13";"11";"2021";"15:35";"1";"01";"01249";"2";"1";"2";"7";"Rue de la Dombes";"45,8668980000";"4,9210600000"
"202100008329";"13";"11";"2021";"17:30";"2";"79";"79049";"1";"1";"2";"6";"Route de Boisme Terves (Saint-Sauveur)";"46,8054210000";" -0,4627560000"
"202100008330";"14";"11";"2021";"12:00";"1";"85";"85088";"1";"9";"1";"2";"Route du Pas Opton";"46,7284020000";" -1,8807840000"
"202100008331";"2";"10";"2021";"04:00";"3";"44";"44052";"1";"1";"2";"7";"D4";"47,3502000000";" -2,1023270000"
"202100008332";"8";"11";"2021";"17:40";"2";"56";"56007";"2";"1";"1";"3";"Rue AbbÃ© Philippe le Gall";"47,6729860000";" -2,9983600000"
"202100008333";"13";"11";"2021";"23:30";"5";"60";"60589";"2";"1";"1";"1";"Route Departementale 162";"49,2309690000";"2,4581010000"
"202100008334";"24";"07";"2021";"01:30";"3";"59";"59524";"2";"1";"1";"6";"139, rue Alexandre Derousseaux";"50,5662630000";"2,8987670000"
"202100008335";"13";"11";"2021";"18:00";"5";"13";"13215";"1";"1";"1";"2";"A7-Sens Marseille vers Lyon";"43,3531800000";"5,3652100000"
"202100008336";"6";"11";"2021";"02:47";"3";"67";"67218";"1";"1";"5";"2";"M35";"48,5476050000";"7,7288860000"
"202100008337";"13";"11";"2021";"14:20";"1";"33";"33122";"1";"1";"1";"2";"N/A";"44,7296440000";" -0,7271890000"
"202100008338";"13";"11";"2021";"08:40";"1";"91";"91521";"1";"1";"2";"6";"RN 104";"48,6309600000";"2,4002700000"
"202100008339";"13";"11";"2021";"06:50";"3";"91";"91661";"1";"1";"2";"5";"AUTOROUTE A10";"48,6930400000";"2,2275600000"
"202100008340";"12";"11";"2021";"22:50";"5";"94";"94065";"2";"9";"1";"2";"N186";"48,7547000000";"2,3477600000"
"202100008341";"13";"11";"2021";"08:50";"1";"92";"92064";"1";"1";"2";"2";"A13";"48,8474879607";"2,2246484423"
"202100008342";"13";"11";"2021";"01:05";"3";"95";"95060";"1";"1";"1";"2";"A115";"49,0349100000";"2,1964200000"
"202100008343";"12";"11";"2021";"23:40";"3";"94";"94022";"1";"1";"1";"6";"A86 EXT";"48,7753153234";"2,4126287309"
"202100008344";"10";"11";"2021";"18:30";"3";"974";"97407";"1";"1";"1";"5";"ROUTE NATIONALE NÂ° 1";" -20,9471100000";"55,3221400000"
"202100008345";"12";"11";"2021";"10:35";"1";"973";"97302";"2";"3";"1";"3";"SOURCE DE BADUEL (CHEMIN DE LA)";"4,9321600000";" -52,3093300000"
"202100008346";"10";"11";"2021";"16:10";"1";"91";"91216";"2";"9";"7";"6";"TOURELLES (CHEMIN)";"48,6691490000";"2,3356310000"
"202100008347";"12";"11";"2021";"01:30";"3";"91";"91421";"1";"1";"5";"6";"NATIONALE 6 (REVEIL MATIN)";"48,7096100000";"2,4417400000"
"202100008348";"11";"11";"2021";"07:45";"2";"72";"72181";"2";"9";"1";"6";"RUBILLARD AV NÂ° IMP 57 ET >";"48,0139200000";"0,1680400000"
"202100008349";"9";"11";"2021";"14:50";"1";"57";"57672";"2";"1";"1";"2";"ARLON (ROUTE DE)";"49,3584300000";"6,1374300000"
"202100008350";"10";"11";"2021";"18:48";"5";"49";"49007";"2";"1";"1";"6";"CHAMBRE AUX DENIERS RUE ET CHEM";"47,4655700000";" -0,6014800000"
"202100008351";"10";"11";"2021";"17:50";"5";"37";"37261";"2";"1";"1";"3";"DE GAULLE (AVENUE DU GENERAL)";"47,3809500000";"0,7001200000"
"202100008352";"10";"11";"2021";"15:30";"1";"34";"34032";"2";"1";"2";"6";"MOULIN JEAN (AV)";"43,3508800000";"3,2293900000"
"202100008353";"9";"11";"2021";"07:43";"2";"33";"33249";"2";"3";"1";"7";"Rue Michel Montaigne";"44,8735940000";" -0,5156350000"
"202100008354";"7";"11";"2021";"04:30";"5";"31";"31555";"2";"1";"1";"7";"MINIMES (AV DES) DU 1AU 178";"43,6203712612";"1,4359447360"
"202100008355";"12";"11";"2021";"05:00";"5";"13";"13202";"2";"1";"8";"1";"GILBERT DRU (RUE)";"43,3022700000";"5,3683600000"
"202100008356";"12";"11";"2021";"15:35";"1";"11";"11069";"2";"1";"1";"3";"PAPIN DENIS -BD-";"43,2076000000";"2,3156800000"
"202100008357";"12";"11";"2021";"13:20";"1";"06";"06088";"2";"1";"2";"6";"PASTEUR (BD)";"43,7141640000";"7,2799410000"
"202100008358";"12";"11";"2021";"17:40";"5";"75";"75116";"2";"1";"1";"3";"PORTE DAUPHINE";"48,8691710000";"2,2706870000"
"202100008359";"12";"11";"2021";"07:36";"2";"75";"75114";"2";"1";"5";"6";"ECHANGEUR ORLEANS";"48,8187871029";"2,3306626081"
"202100008360";"12";"11";"2021";"13:17";"1";"75";"75119";"2";"2";"1";"6";"RUE ARMAND CARREL";"48,8826080000";"2,3803130000"
"202100008361";"12";"11";"2021";"07:45";"2";"75";"75119";"2";"1";"1";"3";"AVENUE JEAN JAURES";"48,8892210000";"2,3938780000"
"202100008362";"12";"11";"2021";"21:00";"5";"75";"75118";"2";"2";"1";"3";"RUE LEIBNIZ";"48,8959790000";"2,3309070000"
"202100008363";"12";"11";"2021";"17:55";"5";"75";"75116";"2";"2";"1";"6";"RUE DE PRESBOURG";"48,8724820000";"2,2939580000"
"202100008364";"12";"11";"2021";"11:00";"1";"75";"75116";"2";"3";"1";"6";"RUE DE PASSY";"48,8583120000";"2,2831170000"
"202100008365";"11";"11";"2021";"18:25";"5";"75";"75115";"2";"2";"1";"3";"BOULEVARD VICTOR";"48,8360860000";"2,2782830000"
"202100008366";"12";"11";"2021";"17:30";"2";"75";"75112";"2";"3";"1";"6";"RUE DU FAUBOURG SAINT ANTOINE";"48,8516113266";"2,3748439550"
"202100008367";"12";"11";"2021";"12:50";"1";"75";"75111";"2";"2";"1";"3";"BOULEVARD VOLTAIRE";"48,8506460000";"2,3922100000"
"202100008368";"12";"11";"2021";"16:06";"2";"75";"75110";"2";"2";"1";"1";"AVENUE CLAUDE VELLEFAUX";"48,8752140000";"2,3703330000"
"202100008369";"12";"11";"2021";"19:45";"5";"75";"75109";"2";"3";"1";"2";"RUE LA FAYETTE";"48,8760090000";"2,3445220000"
"202100008370";"12";"11";"2021";"12:05";"1";"75";"75109";"2";"2";"1";"3";"RUE DE LA VICTOIRE";"48,8752670000";"2,3323310000"
"202100008371";"12";"11";"2021";"18:30";"5";"75";"75107";"2";"4";"1";"3";"QUAI D ORSAY";"48,8628690000";"2,3179210000"
"202100008372";"11";"11";"2021";"19:00";"5";"94";"94076";"2";"2";"1";"3";"Rue de Verdun";"48,7949590000";"2,3543750000"
"202100008373";"12";"11";"2021";"16:10";"1";"93";"93072";"2";"6";"1";"1";"ARISTIDE BRIAND (AVENUE) COTE DES NÂ°1A87";"48,9630900000";"2,3772500000"
"202100008374";"12";"11";"2021";"16:35";"2";"93";"93048";"2";"1";"8";"3";"PARIS (RUE DE)";"48,8578100000";"2,4342200000"
"202100008375";"12";"11";"2021";"14:30";"1";"93";"93046";"2";"2";"1";"3";"FIRMIN DIDOT AVENUE";"48,9096200000";"2,5265200000"
"202100008376";"12";"11";"2021";"17:30";"5";"93";"93063";"2";"1";"1";"1";"BARBUSSE HENRI BOULEVARD";"48,8832000000";"2,4410400000"
"202100008377";"11";"11";"2021";"22:05";"5";"93";"93063";"2";"2";"1";"3";"ROSENFELD AVENUE DU DOCTEUR";"48,8824500000";"2,4362600000"
"202100008378";"12";"11";"2021";"17:25";"5";"93";"93005";"2";"1";"1";"3";"JEAN CHARCOT [CD115] (RUE)";"48,9332845355";"2,4897958456"
"202100008379";"12";"11";"2021";"12:45";"1";"92";"92022";"2";"3";"1";"3";"PAVE DES GARDES (ROUTE DU)";"48,8054566882";"2,1844500303"
"202100008380";"12";"11";"2021";"14:35";"1";"92";"92062";"2";"3";"1";"3";"Quai de Dion Bouton";"48,8855192681";"2,2514355183"
"202100008381";"12";"11";"2021";"17:15";"1";"92";"92050";"2";"2";"1";"3";"VIEUX PONT RUE DU";"48,8897597091";"2,1868103743"
"202100008382";"12";"11";"2021";"20:25";"5";"92";"92012";"2";"1";"1";"7";"PARCHAMP (RUE DU) 1/7 - 2/6";"48,8467400000";"2,2366300000"
"202100008383";"12";"11";"2021";"17:35";"5";"92";"92012";"2";"1";"1";"6";"ANATOLE FRANCE (BOULEVARD) 5/FIN";"48,8500700000";"2,2389500000"
"202100008384";"13";"11";"2021";"07:00";"3";"35";"35237";"1";"1";"5";"1";"La Drunerie";"47,7194980000";" -1,9378170000"
"202100008385";"12";"11";"2021";"15:05";"1";"16";"16136";"1";"3";"1";"3";"Le Treuil";"46,0231610000";"0,1689580000"
"202100008386";"28";"10";"2021";"15:30";"1";"84";"84069";"2";"1";"1";"3";"Route de Veaux";"44,1755520000";"5,1316450000"
"202100008387";"12";"11";"2021";"16:00";"1";"28";"28278";"1";"1";"1";"3";"A11 PK 054+500 circulant vers Paris";"48,4623360000";"1,5540930000"
"202100008388";"12";"11";"2021";"19:35";"3";"28";"28022";"1";"1";"1";"1";"D939";"48,4858540000";"1,3937670000"
"202100008389";"12";"11";"2021";"21:50";"3";"974";"97414";"1";"1";"1";"6";"N1c";" -21,2891380000";"55,4113640000"
"202100008390";"13";"11";"2021";"01:15";"3";"50";"50224";"1";"1";"2";"7";"A84 pr 217+300 sens CAEN vers RENNES";"48,9856250000";" -0,9354260000"
"202100008391";"13";"11";"2021";"01:30";"3";"61";"61301";"1";"1";"2";"7";"A 28 PK 174+500";"48,5679990000";"0,1749520000"
"202100008392";"13";"11";"2021";"18:35";"4";"34";"34309";"1";"9";"1";"2";"D21";"43,7038470000";"3,9356050000"
"202100008393";"12";"11";"2021";"20:30";"3";"61";"61183";"1";"1";"1";"6";"D3";"48,6194750000";"0,2749420000"
"202100008394";"12";"11";"2021";"14:30";"1";"55";"55083";"2";"1";"1";"7";"Grande Rue";"49,5168450000";"5,2607310000"
"202100008395";"12";"11";"2021";"21:15";"3";"12";"12142";"1";"1";"5";"6";"D994";"44,4000880000";"2,3588790000"
"202100008396";"13";"11";"2021";"11:40";"1";"01";"01365";"1";"2";"5";"3";"D1079";"46,2854081924";"4,9286247790"
"202100008397";"12";"11";"2021";"13:15";"1";"06";"06079";"2";"1";"1";"1";"Avenue de la Mer";"43,5354560000";"6,9461650000"
"202100008398";"13";"11";"2021";"16:00";"1";"50";"50391";"2";"1";"1";"2";"111 Rue Saint-Berthevin";"48,5941230000";" -1,0802220000"
"202100008399";"12";"11";"2021";"12:00";"1";"10";"10063";"1";"1";"1";"6";"RD 443";"48,3602560000";"4,5329550000"
"202100008400";"13";"11";"2021";"04:40";"3";"40";"40127";"1";"1";"5";"1";"Cd 934";"43,8015280000";" -0,2925590000"
"202100008401";"12";"11";"2021";"23:20";"5";"04";"04049";"2";"2";"1";"3";"RN 85 / av de la gare";"44,1016519489";"6,0090350934"
"202100008402";"12";"11";"2021";"16:25";"1";"17";"17324";"1";"1";"1";"6";"D137";"45,4133640000";" -0,5642940000"
"202100008403";"6";"11";"2021";"15:30";"1";"37";"37050";"2";"1";"1";"7";"Avenue du Professeur Alexandre Minkowski";"47,3325910000";"0,6848480000"
"202100008404";"13";"11";"2021";"01:30";"3";"30";"30348";"1";"1";"1";"2";"Route de Ners";"44,0390350000";"4,1475370000"
"202100008405";"12";"11";"2021";"18:00";"2";"48";"48127";"1";"1";"1";"1";"RD 806 - PK 96 - RIEUTORT DE RANDON";"44,6271370000";"3,4758640000"
"202100008406";"13";"11";"2021";"11:30";"1";"55";"55237";"1";"1";"2";"2";"A4";"49,1189320000";"5,5437770000"
"202100008407";"12";"11";"2021";"19:10";"5";"972";"97228";"1";"9";"1";"3";"D15";"14,7395790000";" -61,0182840000"
"202100008408";"13";"11";"2021";"01:00";"5";"45";"45332";"1";"1";"1";"6";"2272 Route de Montargis";"47,8838564023";"2,6496919692"
"202100008409";"10";"11";"2021";"16:20";"1";"78";"78310";"2";"2";"1";"3";"D933";"48,7995250000";"1,5938220000"
"202100008410";"12";"11";"2021";"23:20";"3";"48";"48119";"1";"1";"1";"6";"D 906";"44,4699750000";"3,9345220000"
"202100008411";"12";"11";"2021";"18:55";"3";"11";"11076";"1";"1";"1";"6";"D624";"43,3536590000";"1,9604690000"
"202100008412";"13";"11";"2021";"09:18";"1";"34";"34327";"1";"3";"1";"3";"D65";"43,6627140000";"3,9789070000"
"202100008413";"13";"11";"2021";"08:30";"1";"83";"83115";"2";"1";"1";"6";"AVENUE DU GENERAL LECLERC";"43,3065370000";"6,6413640000"
"202100008414";"20";"10";"2021";"16:30";"1";"13";"13084";"2";"9";"1";"1";"Rue Louis Emmanuel de Florans";"43,7162570000";"5,3112050000"
"202100008415";"4";"10";"2021";"14:00";"1";"13";"13097";"1";"3";"2";"3";"N568";"43,5844770000";"4,7652880000"
"202100008416";"12";"11";"2021";"22:32";"3";"73";"73153";"1";"4";"5";"6";"D103 route du Chef Lieu";"45,7206490000";"6,4038380000"
"202100008417";"12";"11";"2021";"18:20";"5";"38";"38401";"2";"2";"1";"3";"Route de Lyon";"45,5679470000";"5,4255190000"
"202100008418";"12";"10";"2021";"11:20";"1";"07";"07282";"2";"4";"1";"6";"rue du village";"44,7105100000";"4,2634210000"
"202100008419";"12";"11";"2021";"11:15";"1";"69";"69010";"2";"7";"1";"6";"REPUBLIQUE (DE LA) (PL)";"45,8363720000";"4,6156420000"
"202100008420";"13";"11";"2021";"08:45";"1";"81";"81131";"1";"1";"1";"7";"d13";"43,8919804000";"1,9895341000"
"202100008421";"13";"11";"2021";"14:20";"1";"19";"19127";"1";"1";"2";"6";"conches";"45,1775799524";"1,8549031019"
"202100008422";"12";"11";"2021";"18:00";"5";"27";"27016";"2";"2";"1";"1";"Rue Henri RÃ©my";"49,2496515208";"1,4362409444"
"202100008423";"12";"11";"2021";"07:47";"2";"60";"60008";"1";"1";"5";"7";"D916";"49,4125500412";"2,4202737558"
"202100008424";"13";"11";"2021";"11:45";"1";"60";"60462";"2";"1";"1";"6";"Rue de Calais";"49,3304932248";"2,1997682399"
"202100008425";"13";"11";"2021";"10:30";"1";"60";"60103";"1";"1";"2";"7";"D94";"49,4218783008";"2,2567788583"
"202100008426";"13";"11";"2021";"01:50";"3";"02";"02524";"2";"1";"2";"6";"1 Route de Mezy";"49,0745160000";"3,4954560000"
"202100008427";"9";"11";"2021";"16:00";"1";"62";"62865";"2";"6";"7";"3";"RD 950";"50,3332800000";"2,9847380000"
"202100008428";"12";"11";"2021";"17:00";"1";"13";"13210";"1";"1";"1";"3";"A50-Sens Marseille vers Aubagne";"43,2860300000";"5,4266100000"
"202100008429";"10";"11";"2021";"18:41";"3";"13";"13001";"1";"1";"2";"3";"A51-Sens Marseille vers Aix en Provence";"43,4942350000";"5,4070320000"
"202100008430";"10";"11";"2021";"18:05";"3";"69";"69290";"1";"1";"1";"4";"A43   3.865 A 9.894";"45,6985000000";"4,9757000000"
"202100008431";"12";"11";"2021";"03:50";"3";"95";"95607";"1";"1";"1";"6";" A115";"49,0279700000";"2,2036600000"
"202100008432";"12";"11";"2021";"10:45";"1";"93";"93051";"1";"1";"1";"3";"A4";"48,8366900000";"2,5428500000"
"202100008433";"10";"11";"2021";"06:10";"1";"974";"97416";"2";"1";"1";"1";"BANK (BOULEVARD)";" -21,3307400000";"55,4746700000"
"202100008434";"10";"11";"2021";"19:10";"5";"974";"97411";"2";"1";"1";"6";"LORY LES HAUTS (RUE)";" -20,8974900000";"55,4806300000"
"202100008435";"10";"11";"2021";"16:35";"1";"974";"97411";"2";"1";"1";"3";"VINH-SAN (BLD 1 DU PRINCE)";" -20,8877200000";"55,4421400000"
"202100008436";"10";"11";"2021";"12:30";"1";"973";"97302";"2";"9";"1";"6";"BADUEL (ROUTE DE)";"4,9290703875";" -52,3007490636"
"202100008437";"10";"11";"2021";"17:40";"2";"69";"69259";"2";"2";"1";"2";"VAILLANT COUTURIER (R)";"45,7266000000";"4,8597500000"
"202100008438";"7";"11";"2021";"07:15";"2";"69";"69276";"2";"4";"1";"3";"RAZES (DES) (R)";"45,6657421275";"4,8518881202"
"202100008439";"10";"11";"2021";"10:30";"1";"972";"97209";"1";"1";"1";"4";"AUTOROUTE A1";"14,6175220000";" -61,0408690000"
"202100008440";"11";"11";"2021";"05:25";"2";"972";"97209";"1";"1";"1";"6";"RN9";"14,5984910000";" -61,0533040000"
"202100008441";"10";"11";"2021";"16:10";"2";"2B";"2B033";"2";"9";"2";"3";"GRAZIANI - BLD";"42,7030000000";"9,4510000000"
"202100008442";"10";"11";"2021";"10:40";"1";"971";"97113";"1";"1";"1";"2";"BAS DU FORT";"16,2216500000";" -61,5224600000"
"202100008443";"5";"11";"2021";"23:39";"5";"971";"97101";"1";"1";"1";"7";"HIBISCUS";"16,2504100000";" -61,5293500000"
"202100008444";"8";"11";"2021";"07:37";"1";"971";"97101";"1";"1";"1";"3";"ROUTE DE BOISVINS";"16,2654600000";" -61,4691700000"
"202100008445";"9";"11";"2021";"11:30";"1";"91";"91477";"2";"1";"1";"6";"ELISE DEROCHE (RUE)";"48,7166700000";"2,2337950000"
"202100008446";"10";"11";"2021";"08:40";"1";"83";"83144";"2";"1";"3";"6";"LECLERC (BD MARECHAL)";"43,1361681139";"5,9862157702"
"202100008447";"10";"11";"2021";"18:50";"3";"83";"83069";"1";"9";"3";"2";"TOULON RD 554 (ROUTE DE)";"43,1259000000";"6,0924000000"
"202100008448";"8";"11";"2021";"14:44";"1";"80";"80021";"2";"1";"1";"2";"JULES FERRY (CHAUSSEE)";"49,8838800000";"2,3238200000"
"202100008449";"11";"11";"2021";"08:35";"1";"78";"78551";"2";"1";"1";"3";"PEREIRE";"48,9016870000";"2,0764080000"
"202100008450";"10";"11";"2021";"12:10";"1";"78";"78440";"2";"2";"1";"2";"MARECHAL FOCH (AVENUE DU)";"48,9891410000";"1,8983310000"
"202100008451";"11";"11";"2021";"09:10";"1";"78";"78172";"1";"1";"1";"2";"RN 184 /  BRET. ACCES RD 203";"49,0016850000";"2,0810340000"
"202100008452";"26";"10";"2021";"07:50";"5";"77";"77379";"2";"8";"1";"6";"POIGNY (AVENUE DE)";"48,5457423243";"3,2876199344"
"202100008453";"10";"11";"2021";"23:15";"5";"76";"76410";"2";"1";"1";"7";"8 MAI 1945. RUE DU";"49,4808300000";"1,0366700000"
"202100008454";"10";"11";"2021";"13:40";"1";"71";"71486";"2";"2";"1";"3";"WALDECK ROCHET (AVENUE)";"46,6631818999";"4,3698830664"
"202100008455";"10";"11";"2021";"16:40";"1";"71";"71153";"2";"6";"1";"3";"DE GAULLE (PLACE CHARLES)";"46,8072559581";"4,4324766609"
"202100008456";"10";"11";"2021";"14:00";"1";"69";"69115";"1";"6";"1";"3";"D306";"45,9760400000";"4,7174200000"
"202100008457";"10";"11";"2021";"14:59";"1";"68";"68224";"2";"3";"1";"1";"STOESSEL (BOULEVARD CHARLES)";"47,7439100000";"7,3261300000"
"202100008458";"7";"11";"2021";"04:50";"5";"64";"64122";"2";"1";"1";"6";"33 Rue de Madrid";"43,4705800000";" -1,5686200000"
"202100008459";"10";"11";"2021";"15:00";"1";"64";"64102";"2";"9";"1";"3";"LIBERTE (PLACE DE LA)";"43,4927283247";" -1,4748501778"
"202100008460";"7";"11";"2021";"01:50";"5";"59";"59350";"2";"1";"2";"2";"TURENNE RUE";"50,6276400000";"3,0385000000"
"202100008461";"31";"10";"2021";"04:15";"5";"59";"59350";"2";"3";"1";"1";"FERBER RUE CAPITAINE";"50,6132579381";"3,0748600727"
"202100008462";"10";"11";"2021";"19:37";"5";"59";"59122";"2";"1";"1";"6";"HONNECOURT (RUE D')";"50,1593625166";"3,2380176977"
"202100008463";"10";"11";"2021";"19:35";"5";"57";"57463";"2";"2";"1";"3";"XX EME CORPS AMERICAIN";"49,1000900000";"6,1623300000"
"202100008464";"11";"11";"2021";"11:25";"1";"54";"54304";"2";"2";"1";"1";"DEROULEDE (AVENUE PAUL)";"48,6851600000";"6,1558100000"
"202100008465";"10";"11";"2021";"19:25";"5";"54";"54547";"2";"1";"1";"2";"LECLERC (AVENUE DU GENERAL)";"48,6600600000";"6,1610400000"
"202100008466";"10";"11";"2021";"18:35";"5";"54";"54395";"2";"2";"1";"3";"ALBERT 1ER  (BD)";"48,6985000000";"6,1668000000"
"202100008467";"9";"11";"2021";"13:00";"1";"50";"50173";"2";"1";"1";"3";"SURCOUF (RUE)";"49,6569600000";" -1,6614500000"
"202100008468";"10";"11";"2021";"13:50";"1";"45";"45234";"2";"1";"1";"3";"WICHITA (AVENUE DE)";"47,9123500000";"1,9266400000"
"202100008469";"11";"11";"2021";"12:30";"1";"44";"44109";"2";"1";"1";"3";"ROUTE DE SAINTE LUCE";"47,2363100000";" -1,5182100000"
"202100008470";"10";"11";"2021";"18:10";"5";"44";"44162";"2";"6";"1";"3";"Boulevard Charles Gautier";"47,2248800000";" -1,6217600000"
"202100008471";"10";"11";"2021";"16:10";"1";"44";"44109";"2";"1";"1";"3";"BOULEVARD ROBERT SCHUMAN";"47,2368800000";" -1,5690800000"
"202100008472";"10";"11";"2021";"15:10";"1";"37";"37261";"2";"1";"1";"7";"MONTJOYEUX (RUE DE)";"47,3622244901";"0,7097265869"
"202100008473";"11";"11";"2021";"22:50";"5";"35";"35238";"2";"3";"1";"3";"STRASBOURG (BOULEVARD DE)";"48,1117000000";" -1,6561000000"
"202100008474";"10";"11";"2021";"18:30";"3";"35";"35051";"1";"1";"1";"2";"PORTE DE LA VALETTE";"48,1107100000";" -1,5862800000"
"202100008475";"10";"11";"2021";"19:25";"5";"35";"35055";"2";"6";"1";"7";"HALLOUVRY (RUE D')";"48,0904700000";" -1,6156900000"
"202100008476";"10";"11";"2021";"16:40";"1";"35";"35238";"2";"6";"1";"3";"BECQUEREL (ANTOINE)";"48,1201800000";" -1,6315900000"
"202100008477";"10";"11";"2021";"13:30";"1";"35";"35238";"2";"9";"1";"3";"GENIAUX (RUE CHARLES)";"48,1108800000";" -1,7121400000"
"202100008478";"10";"11";"2021";"10:25";"1";"35";"35238";"2";"1";"7";"2";"FOUGERES (RUE DE)";"48,1263626549";" -1,6540775998"
"202100008479";"10";"11";"2021";"21:40";"5";"33";"33063";"2";"2";"1";"3";"Rue des Vivants";"44,8535800000";" -0,5416800000"
"202100008480";"10";"11";"2021";"13:10";"1";"33";"33063";"2";"1";"1";"3";"Cours Georges ClÃ©menceau";"44,8431100000";" -0,5791300000"