"Num_Acc";"jour";"mois";"an";"hrmn";"lum";"dep";"com";"agg";"int";"atm";"col";"adr";"lat";"long"
"202100008481";"11";"11";"2021";"10:30";"1";"31";"31555";"2";"1";"8";"3";"Route de Narbonne";"43,5690300000";"1,4565000000"
"202100008482";"10";"11";"2021";"18:50";"4";"31";"31555";"2";"1";"2";"1";"CHE DE LA LOGE";"43,5729260000";"1,4350710000"
"202100008483";"10";"11";"2021";"12:08";"1";"31";"31149";"2";"6";"1";"3";"MENUDE (CHEMIN DE LA)";"43,5982781683";"1,3005146384"
"202100008484";"10";"11";"2021";"08:47";"2";"31";"31483";"1";"3";"1";"3";"CAZAUX (ROUTE DE LA SERRE DE)";"43,1386000000";"0,7341200000"
"202100008485";"19";"10";"2021";"23:00";"3";"30";"30189";"1";"1";"1";"2";"SAUVE (ROUTE)";"43,8490000000";"4,2883400000"
"202100008486";"10";"11";"2021";"16:00";"1";"29";"29232";"2";"1";"1";"2";"Avenue Pierre Mendes-France";"47,9773741973";" -4,1241261364"
"202100008487";"9";"11";"2021";"17:50";"3";"29";"29232";"2";"1";"2";"2";"Rue Montaigne";"47,9856900000";" -4,0984600000"
"202100008488";"10";"11";"2021";"17:15";"3";"25";"25462";"1";"1";"1";"3";"ETRACHES LES";"46,9401400000";"6,4285800000"
"202100008489";"9";"11";"2021";"06:55";"5";"21";"21166";"2";"1";"1";"6";"ARMAND THIBAUT (RUE)";"47,2943293711";"5,0058899533"
"202100008490";"9";"11";"2021";"17:15";"1";"17";"17306";"2";"3";"1";"3";"GABORIAU (IMPASSE EMILE)";"45,6270100000";" -1,0125300000"
"202100008491";"9";"11";"2021";"20:16";"5";"17";"17300";"2";"1";"1";"6";"CHAMP DE MARS   AVENUE DU";"46,1693300000";" -1,1477500000"
"202100008492";"11";"11";"2021";"06:10";"5";"13";"13207";"2";"1";"1";"1";"Corniche John FitzgÃ©rald Kennedy";"43,2735200000";"5,3629200000"
"202100008493";"9";"11";"2021";"16:15";"1";"13";"13205";"2";"7";"1";"1";"FERRARI (RUE)";"43,2941100000";"5,3870100000"
"202100008494";"10";"11";"2021";"21:30";"3";"13";"13001";"2";"1";"2";"1";"CAMP DE MENTHE (AV DU)";"43,5112700000";"5,4151100000"
"202100008495";"9";"11";"2021";"18:59";"5";"10";"10387";"2";"1";"1";"6";"ANATOLE FRANCE (RUE)";"48,2843611510";"4,0730678155"
"202100008496";"10";"11";"2021";"13:30";"1";"06";"06123";"1";"1";"1";"2";"DONADEI EUGENE AVENUE";"43,6603180000";"7,1949990000"
"202100008497";"10";"11";"2021";"08:08";"1";"75";"75105";"2";"1";"1";"6";"BOULEVARD SAINT MICHEL";"48,8421180000";"2,3379700000"
"202100008498";"11";"11";"2021";"12:00";"1";"75";"75120";"2";"7";"7";"6";"PLACE DE LA PORTE DE MONTREUIL";"48,8535270000";"2,4135880000"
"202100008499";"11";"11";"2021";"13:10";"1";"75";"75118";"2";"7";"1";"6";"PLACE ALBERT KAHN";"48,8956830000";"2,3463050000"
"202100008500";"10";"11";"2021";"19:00";"5";"75";"75115";"2";"2";"1";"6";"RUE DU DOCTEUR ROUX";"48,8420930000";"2,3129950000"
"202100008501";"11";"11";"2021";"02:30";"5";"75";"75113";"2";"2";"1";"6";"BOULEVARD DE L HOPITAL";"48,8345580000";"2,3578000000"
"202100008502";"11";"11";"2021";"08:14";"1";"75";"75109";"2";"5";"1";"3";"BOULEVARD HAUSSMANN";"48,8719990000";"2,3400430000"
"202100008503";"11";"11";"2021";"02:20";"5";"75";"75109";"2";"2";"1";"1";"RUE CONDORCET";"48,8801790000";"2,3437370000"
"202100008504";"11";"11";"2021";"18:10";"5";"75";"75101";"2";"3";"1";"3";"RUE DE RIVOLI";"48,8621810000";"2,3370160000"
"202100008505";"11";"11";"2021";"03:00";"5";"75";"75104";"2";"3";"5";"6";"QUAI HENRI IV";"48,8497360000";"2,3615280000"
"202100008506";"10";"11";"2021";"23:05";"5";"75";"75104";"2";"1";"1";"6";"BOULEVARD BEAUMARCHAIS";"48,8544870000";"2,3688140000"
"202100008507";"11";"11";"2021";"17:47";"5";"94";"94081";"2";"1";"1";"3";"Avenue du Moulin de Saquet";"48,7923800000";"2,3856400000"
"202100008508";"11";"11";"2021";"13:10";"1";"94";"94022";"2";"1";"1";"2";"Avenue de Lugo";"48,7732156448";"2,4094390869"
"202100008509";"11";"11";"2021";"18:05";"5";"93";"93062";"2";"1";"1";"2";"MIDI (BOULEVARD DU)";"48,8927168285";"2,5199104438"
"202100008510";"10";"11";"2021";"17:50";"2";"93";"93046";"2";"1";"1";"2";"WINSTON CHURCHILL AVENUE";"48,9145000000";"2,5353000000"
"202100008511";"11";"11";"2021";"19:20";"5";"93";"93010";"2";"9";"1";"3";"BLUM (AV. LEON)";"48,9152054077";"2,4789920598"
"202100008512";"11";"11";"2021";"07:54";"1";"93";"93063";"2";"1";"5";"2";"NOISY ROUTE DE";"48,8950839940";"2,4282840639"
"202100008513";"11";"11";"2021";"18:36";"5";"92";"92078";"2";"3";"1";"3";"MARC SANGNIER (AVENUE)";"48,9297508034";"2,3260371387"
"202100008514";"11";"11";"2021";"16:05";"1";"92";"92062";"2";"1";"1";"2";"DE DION BOUTON (QUAI) DU 29 AU 65";"48,8828090000";"2,2479910000"
"202100008515";"11";"11";"2021";"11:10";"1";"92";"92062";"2";"6";"1";"5";"GENERAL DE GAULLE (AV) DU 63 AU 107";"48,8853717320";"2,2279983759"
"202100008516";"11";"11";"2021";"14:50";"1";"92";"92044";"2";"1";"1";"2";"VIC. HUGO(RUE)001A067 ET002A078";"48,8950478298";"2,2974662483"
"202100008517";"11";"11";"2021";"06:50";"5";"92";"92007";"2";"1";"1";"6";"FERRE (RUE LEO)";"48,7970253818";"2,3190861940"
"202100008518";"11";"11";"2021";"17:20";"3";"57";"57629";"1";"1";"5";"3";"D 94 - PK 002.000";"48,7842820000";"7,0773410000"
"202100008519";"11";"11";"2021";"08:30";"1";"13";"13078";"2";"1";"2";"3";"Avenue de la 1Ã¨re Division FranÃ§aise Libre";"43,3839050000";"4,8084280000"
"202100008520";"11";"11";"2021";"19:45";"5";"68";"68007";"2";"1";"1";"2";"7 Rue de Colmar";"48,0647680000";"7,4154660000"
"202100008521";"11";"11";"2021";"17:55";"5";"28";"28225";"2";"1";"1";"1";"9 Rue Jean Moulin";"48,3519640000";"1,2596300000"
"202100008522";"12";"11";"2021";"09:10";"1";"63";"63143";"1";"1";"5";"1";"RD 93";"46,0325300000";"3,2732390000"
"202100008523";"12";"11";"2021";"11:50";"1";"22";"22004";"1";"1";"2";"2";"D767";"48,6147540000";" -3,2830450000"
"202100008524";"12";"11";"2021";"16:45";"1";"26";"26160";"2";"9";"1";"1";"Route de Beausemblant";"45,2095530000";"4,8190870000"
"202100008525";"12";"11";"2021";"07:30";"2";"41";"41287";"1";"1";"5";"1";"La Basse Roche";"47,7478650000";"1,0406970000"
"202100008526";"8";"11";"2021";"19:00";"3";"40";"40307";"1";"1";"1";"6";"D43";"44,3473760000";" -0,5557110000"
"202100008527";"11";"11";"2021";"22:00";"3";"51";"51260";"1";"1";"5";"7";"D1";"48,9047480000";"4,6621970000"
"202100008528";"10";"11";"2021";"15:50";"1";"56";"56131";"1";"1";"1";"6";"Kerhoat";"48,0102240000";" -3,4390430000"
"202100008529";"3";"11";"2021";"19:58";"3";"67";"67066";"1";"1";"2";"7";"D126";"48,4729500000";"7,1992850000"
"202100008530";"11";"11";"2021";"21:50";"3";"33";"33151";"1";"2";"5";"6";"Lieu Dit Fougeres";"45,2587570000";" -0,4595800000"
"202100008531";"9";"11";"2021";"18:00";"2";"49";"49061";"1";"1";"1";"6";"CD 81";"47,6405260000";" -1,0477570000"
"202100008532";"10";"11";"2021";"20:45";"3";"12";"12243";"1";"1";"2";"1";"Revayrol";"44,0108730000";"2,9739640000"
"202100008533";"12";"11";"2021";"10:15";"1";"42";"42262";"2";"1";"1";"6";"Route de Firminy";"45,4035610000";"4,1886340000"
"202100008534";"12";"11";"2021";"08:30";"1";"47";"47069";"1";"1";"5";"3";"488 Route d Agen";"44,2178580000";"0,5904830000"
"202100008535";"31";"10";"2021";"00:30";"3";"41";"41073";"1";"1";"1";"6";"Le Pont de l Urin";"47,9072670000";"1,0462220000"
"202100008536";"12";"11";"2021";"09:00";"1";"41";"41241";"1";"2";"1";"3";"Intersection D147 et D75";"47,3378110000";"1,9313360000"
"202100008537";"11";"11";"2021";"20:05";"3";"44";"44212";"1";"1";"1";"6";"D763";"47,1516030000";" -1,2788130000"
"202100008538";"11";"11";"2021";"16:30";"1";"29";"29216";"1";"6";"1";"2";"D40 - Rue de Pouldreuzic";"47,9791070000";" -4,1878290000"
"202100008539";"12";"11";"2021";"07:30";"3";"02";"02323";"1";"1";"5";"1";"D283";"49,9383780000";"3,3630290000"
"202100008540";"12";"11";"2021";"00:14";"3";"01";"01183";"2";"6";"1";"6";"N/A";"46,1007030000";"4,7703520000"
"202100008541";"10";"11";"2021";"11:30";"1";"58";"58046";"2";"1";"1";"3";"9 Route de Vandenesse";"46,8579930000";"3,6511850000"
"202100008542";"4";"11";"2021";"18:45";"2";"72";"72191";"2";"6";"2";"6";"33 av du 14 juiet";"47,7639900000";"0,2750800000"
"202100008543";"11";"11";"2021";"18:00";"3";"50";"50562";"1";"1";"1";"6";"La Bijude";"49,6085790000";" -1,2574630000"
"202100008544";"12";"11";"2021";"01:45";"3";"40";"40274";"1";"1";"5";"5";"CD 834";"43,9543740000";" -0,5880330000"
"202100008545";"10";"11";"2021";"11:37";"1";"04";"04192";"1";"1";"2";"1";"RD 4100";"43,8798770000";"5,7030950000"
"202100008546";"10";"11";"2021";"17:00";"1";"37";"37172";"2";"1";"1";"1";"Avenue Gustave Eiffel";"47,4395485559";"0,6994067878"
"202100008547";"12";"11";"2021";"14:45";"1";"52";"52072";"2";"1";"1";"6";"3 Grande Rue";"48,1551290000";"5,1355830000"
"202100008548";"10";"11";"2021";"11:20";"1";"88";"88079";"1";"1";"1";"2";"N/A";"48,2158520000";"5,8276360000"
"202100008549";"11";"11";"2021";"18:20";"3";"72";"72217";"1";"1";"1";"4";"PK 167+000";"48,0589840000";"0,2172060000"
"202100008550";"11";"11";"2021";"19:25";"3";"24";"24585";"1";"1";"1";"6";"Daumier";"44,6478730000";"1,0948290000"
"202100008551";"10";"11";"2021";"13:30";"1";"976";"97608";"2";"1";"1";"6";"50 Route de Moya";" -12,7853950000";"45,2773030000"
"202100008552";"12";"11";"2021";"06:20";"2";"77";"77508";"1";"1";"5";"1";"D21";"48,8170160000";"2,8101070000"
"202100008553";"11";"11";"2021";"20:45";"3";"66";"66037";"1";"1";"2";"1";"RD 617";"42,7014870000";"3,0177430000"
"202100008554";"12";"11";"2021";"07:45";"1";"84";"84054";"1";"1";"1";"2";"D 901";"43,9037290000";"5,0822440000"
"202100008555";"6";"11";"2021";"20:29";"3";"83";"83104";"1";"1";"8";"6";"D3";"43,6465880000";"5,7605480000"
"202100008556";"12";"11";"2021";"16:00";"1";"05";"05126";"1";"1";"1";"7";"Vallon de Pied Leger";"44,3769730000";"5,4405020000"
"202100008557";"11";"11";"2021";"16:00";"1";"05";"05016";"1";"3";"1";"1";"La BÃ¢tie-MontsalÃ©on   RD 994 Grison (ArrÃªt de bus)";"44,4664640000";"5,7506780000"
"202100008558";"8";"11";"2021";"08:00";"2";"68";"68155";"2";"1";"8";"2";"39 Rue Robert Schuman";"48,0972640000";"7,3119380000"
"202100008559";"12";"11";"2021";"10:55";"1";"67";"67028";"1";"3";"5";"1";"dÃ©partementale 5";"48,3769910000";"7,5846650000"
"202100008560";"11";"11";"2021";"17:30";"5";"57";"57724";"2";"9";"5";"1";"94 Rue de Thionville";"49,2711090000";"6,1132480000"
"202100008561";"10";"11";"2021";"20:20";"3";"26";"26084";"1";"1";"1";"1";"2940 Route de Saint MARCEL ";"44,9868760000";"4,9469590000"
"202100008562";"13";"10";"2021";"06:55";"5";"26";"26088";"1";"3";"1";"3";"Route Louis Pasteur";"45,0356470000";"5,0862840000"
"202100008563";"11";"11";"2021";"17:15";"2";"07";"07341";"2";"3";"1";"3";"Rue Lazare Durif";"44,5606010000";"4,5045610000"
"202100008564";"12";"11";"2021";"01:45";"4";"01";"01185";"1";"1";"1";"7";"D8";"45,9250304762";"5,6130239367"
"202100008565";"11";"11";"2021";"15:00";"1";"69";"69219";"1";"1";"1";"7";"D 30";"45,6583476251";"4,6925997734"
"202100008566";"11";"11";"2021";"19:30";"3";"81";"81105";"2";"1";"5";"1";"52 Avenue du Sidobre";"43,7553060000";"2,0028810000"
"202100008567";"12";"11";"2021";"16:30";"1";"87";"87161";"1";"1";"1";"6";"Marsac";"45,8712910000";"1,4624690000"
"202100008568";"11";"11";"2021";"16:25";"1";"86";"86237";"1";"1";"1";"1";"D148";"46,1472510000";"0,2441610000"
"202100008569";"10";"11";"2021";"21:15";"3";"85";"85302";"2";"1";"1";"1";"La Roche Molive";"46,9587650000";" -0,9853360000"
"202100008570";"11";"11";"2021";"10:30";"1";"29";"29058";"2";"6";"1";"2";"Rond Point de Ker Elo";"47,8980310000";" -4,0144730000"
"202100008571";"10";"11";"2021";"17:20";"3";"27";"27611";"1";"1";"1";"7";"RD 316";"49,0810060000";"1,2585780000"
"202100008572";"20";"10";"2021";"18:00";"2";"27";"27684";"1";"1";"1";"7";"Route Nationale 13";"49,0143990000";"1,2260060000"
"202100008573";"11";"11";"2021";"19:45";"3";"60";"60088";"1";"6";"1";"6";"D1001";"49,2301710000";"2,2242490000"
"202100008574";"10";"11";"2021";"15:00";"1";"13";"13055";"1";"1";"1";"3";"A507 sens Aubagne- Marseille";"43,3300550000";"5,4029840000"
"202100008575";"11";"11";"2021";"00:00";"3";"13";"13071";"1";"1";"2";"2";"A55 - Sens Marseille vers Martigues";"43,3991090000";"5,2964190000"
"202100008576";"10";"11";"2021";"14:06";"1";"13";"13071";"1";"1";"1";"2";"A7-Sens Lyon vers Marseille";"43,4039350000";"5,3036630000"
"202100008577";"7";"11";"2021";"09:00";"1";"69";"69259";"1";"1";"1";"4";"RD383   11.750 A 14.250";"45,7178900000";"4,8653700000"
"202100008578";"11";"11";"2021";"13:30";"1";"91";"91534";"1";"1";"1";"7";"RN 118";"48,7337500000";"2,1697900000"
"202100008579";"11";"11";"2021";"13:33";"1";"91";"91521";"1";"9";"1";"6";"RN 441";"48,6357600000";"2,4010600000"
"202100008580";"10";"11";"2021";"18:55";"3";"92";"92072";"1";"1";"1";"4";"N118";"48,8224757424";"2,2222421137"
"202100008581";"11";"11";"2021";"20:00";"3";"95";"95252";"1";"1";"1";"4";" A15";"48,9852769454";"2,2140623054"
"202100008582";"11";"11";"2021";"12:40";"1";"95";"95277";"1";"1";"1";"2";"AUTOROUTE A1";"48,9826390000";"2,5010670000"
"202100008583";"11";"11";"2021";"06:45";"3";"95";"95061";"1";"1";"5";"6";"RN 104";"49,0674280000";"2,2562320000"
"202100008584";"10";"11";"2021";"16:45";"1";"95";"95572";"1";"1";"1";"4";"RN 184";"49,0398430000";"2,1267170000"
"202100008585";"10";"11";"2021";"21:00";"3";"94";"94018";"1";"1";"1";"2";"A4";"48,8176874111";"2,4147391319"
"202100008586";"10";"11";"2021";"16:45";"1";"77";"77169";"1";"1";"1";"3";"RN104";"48,8246280227";"2,6155684851"
"202100008587";"10";"11";"2021";"20:40";"5";"75";"75116";"2";"1";"1";"2";"PORTE MAILLOT";"48,8784540000";"2,2809900000"
"202100008588";"10";"11";"2021";"17:40";"2";"75";"75118";"2";"1";"1";"4";"PORTE DE CLIGNANCOURT";"48,9012360000";"2,3521120000"
"202100008589";"10";"11";"2021";"07:15";"2";"75";"75112";"2";"1";"1";"3";"PORTE DE CHARENTON";"48,8313440000";"2,4040780000"
"202100008590";"9";"11";"2021";"19:10";"2";"75";"75116";"2";"1";"1";"2";"PORTE MAILLOT";"48,8758810000";"2,2774510000"
"202100008591";"9";"11";"2021";"09:00";"1";"75";"75116";"2";"1";"1";"7";"PORTE DE PASSY";"48,8594960000";"2,2627270000"
"202100008592";"10";"11";"2021";"00:50";"5";"75";"75117";"2";"7";"1";"6";"PLACE DE VERDUN";"48,8786490000";"2,2800020000"
"202100008593";"10";"11";"2021";"15:30";"1";"75";"75105";"2";"3";"1";"6";"AVENUE DES GOBELINS";"48,8380350000";"2,3509970000"
"202100008594";"10";"11";"2021";"10:50";"1";"75";"75119";"2";"1";"1";"6";"BOULEVARD DE LA VILLETTE";"48,8844200000";"2,3657750000"
"202100008595";"10";"11";"2021";"15:00";"1";"75";"75116";"2";"5";"1";"6";"RUE LEKAIN";"48,8561790000";"2,2778590000"
"202100008596";"10";"11";"2021";"20:55";"5";"75";"75114";"2";"1";"1";"6";"AVENUE DU MAINE";"48,8342460000";"2,3242480000"
"202100008597";"9";"11";"2021";"08:35";"1";"75";"75115";"2";"2";"1";"7";"RUE DE LA CONVENTION";"48,8372340000";"2,2964420000"
"202100008598";"10";"11";"2021";"22:30";"5";"75";"75114";"2";"2";"1";"3";"RUE DIDOT";"48,8287440000";"2,3166030000"
"202100008599";"10";"11";"2021";"17:30";"2";"75";"75113";"2";"2";"1";"6";"AVENUE DE FRANCE";"48,8314590000";"2,3760030000"
"202100008600";"10";"11";"2021";"15:57";"1";"75";"75113";"2";"2";"1";"6";"RUE JEANNE D ARC";"48,8286340000";"2,3699240000"
"202100008601";"10";"11";"2021";"09:45";"1";"75";"75112";"2";"1";"1";"7";"RUE DE MONTEMPOIVRE";"48,8403820000";"2,4083100000"
"202100008602";"10";"11";"2021";"20:50";"5";"75";"75111";"2";"2";"1";"6";"AVENUE LEDRU ROLLIN";"48,8532770000";"2,3772970000"
"202100008603";"10";"11";"2021";"21:45";"5";"75";"75110";"2";"1";"1";"3";"RUE DU FAUBOURG SAINT MARTIN";"48,8694430000";"2,3558280000"
"202100008604";"10";"11";"2021";"14:10";"1";"75";"75109";"2";"7";"1";"6";"RUE DE BUDAPEST";"48,8770920000";"2,3272960000"
"202100008605";"10";"11";"2021";"10:00";"1";"75";"75116";"2";"4";"1";"3";"QUAI SAINT EXUPERY";"48,8363940000";"2,2637730000"
"202100008606";"10";"11";"2021";"15:00";"1";"75";"75104";"2";"2";"1";"7";"BOULEVARD HENRI IV";"48,8520690000";"2,3654440000"
"202100008607";"10";"11";"2021";"08:00";"2";"75";"75103";"2";"3";"1";"3";"RUE DU TEMPLE";"48,8653950000";"2,3604470000"
"202100008608";"10";"11";"2021";"14:40";"1";"94";"94067";"2";"1";"1";"6";"Avenue du GÃ©nÃ©ral de Gaulle";"48,8387980000";"2,4176420000"
"202100008609";"9";"11";"2021";"07:35";"1";"94";"94076";"2";"2";"1";"3";"Boulevard Maxime Gorki";"48,7911600000";"2,3695000000"
"202100008610";"10";"11";"2021";"17:45";"5";"94";"94038";"2";"2";"1";"6";"HENRI THIRARD (R)";"48,7783600000";"2,3408900000"
"202100008611";"10";"11";"2021";"08:30";"5";"94";"94073";"2";"1";"1";"2";"Av du Pdt Franklin Roosevelt";"48,7655715885";"2,3975300789"
"202100008612";"10";"11";"2021";"15:30";"1";"94";"94059";"2";"9";"8";"3";"Avenue du GÃ©nÃ©ral Leclerc";"48,8103800000";"2,5669000000"
"202100008613";"10";"11";"2021";"18:40";"4";"94";"94017";"2";"1";"5";"6";"Boulevard Jules Guesde";"48,8203600000";"2,5078500000"
"202100008614";"10";"11";"2021";"17:00";"1";"93";"93072";"2";"3";"1";"3";"MAXIME GORKI (BOULEVARD) DES NÂ°1 AU 87";"48,9532020000";"2,3843740000"
"202100008615";"10";"11";"2021";"07:47";"1";"93";"93070";"2";"1";"1";"6";"Rue Vincent Palaric";"48,9059600000";"2,3461500000"
"202100008616";"9";"11";"2021";"22:52";"5";"93";"93062";"2";"2";"1";"3";"EST (BOULEVARD DE L')";"48,9021800000";"2,5252500000"
"202100008617";"10";"11";"2021";"14:40";"1";"93";"93053";"2";"1";"1";"3";"PARC (RUE DU)";"48,8954600000";"2,4435400000"
"202100008618";"9";"11";"2021";"18:00";"5";"93";"93048";"2";"9";"1";"3";"JEAN MOULIN (AVENUE)";"48,8601545953";"2,4513360855"
"202100008619";"9";"11";"2021";"23:03";"5";"92";"92072";"2";"1";"1";"7";"VILLE D'AVRAY (RUE DE )";"48,8259515519";"2,1997064352"
"202100008620";"10";"11";"2021";"08:12";"2";"92";"92076";"2";"6";"1";"6";"CAZES";"48,8402403646";"2,1645748615"
"202100008621";"10";"11";"2021";"19:30";"5";"92";"92050";"2";"2";"1";"6";"REPUBLIQUE AVENUE DE LA";"48,9030077229";"2,2061410546"
"202100008622";"10";"11";"2021";"17:15";"2";"92";"92050";"2";"5";"1";"5";"FUSILLES DE LA RESISTANCE RUE DES";"48,8796969052";"2,2188547254"
"202100008623";"10";"11";"2021";"17:00";"5";"92";"92050";"2";"2";"1";"3";"JOLIOT CURIE F. ET IRENE AVENUE  NÂ°PAIRS";"48,8937575829";"2,2119373083"
"202100008624";"10";"11";"2021";"18:35";"5";"92";"92048";"2";"1";"1";"6";"Avenue du GÃ©nÃ©ral de Gaulle";"48,7867245306";"2,2243505716"
"202100008625";"10";"11";"2021";"17:30";"2";"92";"92026";"2";"1";"1";"7";"ANDRE PROTHIN (AVENUE)";"48,8916308315";"2,2434854507"
"202100008626";"10";"11";"2021";"17:10";"1";"92";"92048";"2";"1";"1";"5";"SCHNEIDER (AVENUE)";"48,8078185108";"2,2502177954"
"202100008627";"10";"11";"2021";"08:20";"2";"92";"92002";"2";"3";"1";"1";"VICTOR HUGO (AVENUE";"48,7601609043";"2,3133368790"
"202100008628";"7";"11";"2021";"18:25";"5";"41";"41150";"2";"1";"1";"3";"Rue Nationale";"47,5624540000";"1,4560850000"
"202100008629";"11";"11";"2021";"18:20";"3";"62";"62087";"1";"1";"1";"1";"D943";"50,8010320000";"2,1143420000"
"202100008630";"11";"11";"2021";"14:30";"1";"58";"58094";"2";"1";"1";"7";"2 rue des marroniers";"47,5054490000";"3,1302670000"
"202100008631";"11";"11";"2021";"11:45";"1";"62";"62105";"2";"1";"1";"7";"245 Route de Wierre-Effroy";"50,7461930000";"1,7587790000"
"202100008632";"10";"11";"2021";"20:55";"3";"51";"51532";"1";"1";"5";"3";"D951";"49,1373050000";"3,9937020000"
"202100008633";"11";"11";"2021";"07:30";"3";"56";"56145";"1";"1";"5";"6";"Le Bois Bily";"48,0401350000";" -2,3036630000"
"202100008634";"9";"11";"2021";"09:30";"1";"56";"56119";"1";"2";"1";"3";"Lieu Dit Kergarnec";"47,7083830000";" -3,1156490000"
"202100008635";"11";"11";"2021";"14:15";"1";"2B";"2B152";"2";"1";"1";"3";"RD180";"42,8972320000";"9,4243280000"
"202100008636";"2";"11";"2021";"10:10";"1";"49";"49176";"2";"1";"1";"6";"Avenue Phileas Fogg";"47,6229170000";" -0,7173510000"
"202100008637";"10";"11";"2021";"06:50";"5";"49";"49068";"2";"1";"5";"6";"Rue Gilles de Rais";"47,4124000000";" -0,8628720000"
"202100008638";"11";"11";"2021";"18:00";"3";"12";"12205";"1";"1";"1";"6";"Route d Orlhonac";"44,2989210000";"2,0094520000"
"202100008639";"9";"11";"2021";"21:10";"5";"68";"68349";"2";"3";"1";"3";"Boulevard d Alsace";"47,6076970000";"7,5762640000"
"202100008640";"11";"11";"2021";"12:00";"1";"29";"29249";"1";"1";"1";"7";"Toul Ar CâHaz";"48,1532750000";" -3,7801070000"
"202100008641";"10";"11";"2021";"20:25";"3";"03";"03217";"1";"1";"1";"2";"RD2371";"46,3380030000";"2,6680250000"
"202100008642";"11";"11";"2021";"07:00";"2";"72";"72046";"1";"1";"1";"6";"La cormerie";"48,0000300000";"0,5127700000"
"202100008643";"11";"11";"2021";"16:50";"1";"64";"64405";"1";"1";"1";"1";"RD943";"43,3384719070";" -0,2622073889"
"202100008644";"10";"11";"2021";"19:30";"3";"85";"85090";"1";"1";"1";"1";"La VilniÃ¨re - D43";"46,8128300000";" -0,8184060000"
"202100008645";"10";"11";"2021";"14:00";"1";"28";"28259";"1";"1";"1";"7";"N10";"48,2344780000";"1,4068080000"
"202100008646";"10";"11";"2021";"22:30";"3";"30";"30012";"1";"1";"2";"6";"D126";"43,8882330000";"4,6491460000"
"202100008647";"11";"11";"2021";"13:10";"1";"30";"30160";"1";"1";"1";"1";"D109";"43,9983000000";"4,1248000000"
"202100008648";"10";"11";"2021";"15:30";"1";"30";"30088";"1";"3";"1";"3";"d 999";"43,8591010000";"4,1157960000"
"202100008649";"10";"11";"2021";"22:35";"3";"52";"52212";"1";"1";"5";"1";"N67";"48,4031380920";"5,1568472381"
"202100008650";"10";"11";"2021";"20:50";"3";"76";"76239";"1";"1";"8";"7";"A29";"49,5436967228";"0,3296662404"
"202100008651";"11";"11";"2021";"10:20";"1";"18";"18245";"1";"1";"1";"3";"A 71 PK 264+100";"46,6132030000";"2,5075650000"
"202100008652";"11";"11";"2021";"04:40";"3";"38";"38193";"1";"1";"1";"7";"A 43 pk 029.950";"45,6117860000";"5,2187200000"
"202100008653";"7";"11";"2021";"17:50";"3";"13";"13051";"1";"1";"1";"2";"Autoroute A7 PK 236.000 Sens NORD/SUD";"43,6196270000";"5,1365800000"
"202100008654";"11";"11";"2021";"22:30";"5";"988";"98804";"2";"2";"1";"1";"RPN3/VU3 Village de CANALA";" -21,5187984296";"165,9648227692"
"202100008655";"11";"11";"2021";"05:10";"1";"974";"97415";"2";"1";"1";"1";"Rue des Corallines";" -21,1058230000";"55,2519640000"
"202100008656";"10";"11";"2021";"19:05";"3";"45";"45089";"2";"4";"5";"3";"rue de l'ajonc";"47,9081260000";"2,0339810000"
"202100008657";"11";"11";"2021";"10:10";"1";"34";"34213";"1";"1";"1";"6";"D613";"43,4702540000";"3,6764070000"
"202100008658";"9";"11";"2021";"08:35";"1";"89";"89152";"2";"1";"5";"3";"48 Route de Sens";"47,9499530000";"3,4680650000"
"202100008659";"10";"11";"2021";"15:55";"1";"89";"89295";"2";"1";"1";"1";"Route des Terres et Vignes";"47,8182410000";"3,5587230000"
"202100008660";"11";"11";"2021";"05:06";"3";"55";"55552";"1";"1";"9";"7";"D110";"49,5090470000";"5,3354290000"
"202100008661";"11";"11";"2021";"16:20";"2";"69";"69019";"2";"3";"1";"1";"VERDUN (DE) (AV)";"46,1049210000";"4,7492100000"
"202100008662";"10";"11";"2021";"08:30";"1";"13";"13117";"1";"1";"3";"2";"A7-Sens Lyon vers Marseille";"43,4180880000";"5,2734410000"
"202100008663";"9";"11";"2021";"11:50";"1";"83";"83137";"1";"1";"2";"4";"A57";"43,1207300000";"5,9517600000"
"202100008664";"10";"11";"2021";"04:00";"3";"33";"33080";"1";"1";"2";"6";"N/A";"44,7443170000";" -0,5377840000"
"202100008665";"9";"11";"2021";"19:45";"5";"59";"59009";"1";"1";"1";"2";"ROUTE NATIONALE 227";"50,6398457820";"3,1434765458"
"202100008666";"10";"11";"2021";"20:35";"4";"91";"91617";"1";"1";"5";"7";"RN6 PROVINCE / RN104 INT";"48,6316200000";"2,5178400000"
"202100008667";"10";"11";"2021";"20:20";"4";"92";"92002";"1";"1";"5";"4";"RN 385";"48,7605399513";"2,2840960846"
"202100008668";"10";"11";"2021";"15:25";"1";"92";"92050";"1";"1";"1";"2";"A86";"48,8988122859";"2,1992448349"
"202100008669";"10";"11";"2021";"08:40";"2";"77";"77294";"1";"1";"1";"6";"A104";"48,9619319028";"2,6161029937"
"202100008670";"10";"11";"2021";"06:40";"3";"94";"94017";"1";"1";"1";"3";"A4";"48,8271600000";"2,5084200000"
"202100008671";"7";"09";"2021";"21:10";"5";"77";"77152";"2";"1";"1";"1";"D372";"48,5249100000";"2,6425500000"