"Num_Acc";"jour";"mois";"an";"hrmn";"lum";"dep";"com";"agg";"int";"atm";"col";"adr";"lat";"long"
"202100008672";"26";"08";"2021";"14:10";"1";"30";"30028";"2";"9";"1";"1";"N/A";"44,1510100000";"4,6119000000"
"202100008673";"14";"08";"2021";"18:45";"1";"75";"75119";"2";"1";"1";"6";"AVENUE DE LAUMIERE";"48,8839030000";"2,3805170000"
"202100008674";"7";"11";"2021";"18:30";"3";"974";"97407";"1";"1";"1";"1";"MARINE(BOULEVARD)";" -20,9517000000";"55,2870000000"
"202100008675";"8";"11";"2021";"18:55";"5";"973";"97302";"2";"1";"1";"3";"BADUEL (ROUTE DE)";"4,9339301959";" -52,3106380105"
"202100008676";"8";"11";"2021";"12:28";"1";"973";"97302";"1";"6";"1";"3";"MARINGOUINS (ROND-POINT)";"4,9075800000";" -52,3226700000"
"202100008677";"8";"11";"2021";"07:25";"1";"973";"97302";"2";"1";"1";"3";"BADUEL (ROUTE DE)";"4,9277300000";" -52,2916100000"
"202100008678";"8";"11";"2021";"17:05";"2";"69";"69388";"2";"2";"1";"3";"FRERES LUMIERE (DES) (AV)";"45,7431900000";"4,8748200000"
"202100008679";"8";"11";"2021";"16:55";"1";"69";"69259";"2";"9";"1";"6";"FRANCIS DE PRESSENSE (AV)";"45,7203200000";"4,8677800000"
"202100008680";"8";"11";"2021";"13:55";"1";"69";"69383";"2";"2";"1";"3";"LAFAYETTE (CR)";"45,7636559893";"4,8687967658"
"202100008681";"8";"11";"2021";"12:00";"1";"69";"69383";"2";"2";"1";"3";"CHARLES RICHARD (R)";"45,7505700000";"4,8876400000"
"202100008682";"8";"11";"2021";"17:20";"2";"69";"69382";"2";"9";"1";"4";"DOCTEUR GAILLETON (DU) (Q)";"45,7513236037";"4,8323958645"
"202100008683";"8";"11";"2021";"15:40";"1";"69";"69034";"2";"1";"1";"6";"GEORGES CLEMENCEAU (Q)";"45,8072400000";"4,8437500000"
"202100008684";"8";"11";"2021";"12:30";"1";"69";"69385";"2";"1";"1";"4";"JEAN FAUCONNET (R)";"45,7510000000";"4,7891000000"
"202100008685";"8";"11";"2021";"11:30";"1";"69";"69389";"2";"1";"1";"3";"Rue de Bourgogne";"45,7811400000";"4,8004100000"
"202100008686";"5";"11";"2021";"19:20";"3";"69";"69142";"2";"1";"1";"3";"PIERRE SEMARD (Q)";"45,7236200000";"4,8172900000"
"202100008687";"6";"11";"2021";"20:50";"5";"95";"95585";"2";"1";"1";"1";"VALERY (AVEUE PAUL)";"48,9802800000";"2,3736600000"
"202100008688";"8";"11";"2021";"19:45";"5";"91";"91216";"2";"1";"1";"5";"CORBEIL (RUE)";"48,6703200000";"2,3324500000"
"202100008689";"5";"11";"2021";"14:07";"1";"87";"87085";"2";"1";"1";"3";"THOMAS (AVENUE ALBERT)";"45,8364800000";"1,2624700000"
"202100008690";"5";"11";"2021";"08:25";"1";"30";"30011";"1";"9";"1";"3";"R.N. 100";"43,9581600000";"4,7468000000"
"202100008691";"7";"11";"2021";"05:25";"5";"84";"84007";"1";"3";"1";"7";"MARSEILLE (Route de )";"43,9247700000";"4,8490700000"
"202100008692";"5";"11";"2021";"05:50";"3";"84";"84007";"2";"1";"1";"1";"DOCTEUR PONS (Route touristique)";"43,9581800000";"4,8277300000"
"202100008693";"6";"11";"2021";"18:10";"5";"80";"80021";"2";"1";"1";"6";"COMMUNE DE PARIS (AVENUE DE LA)";"49,9166700000";"2,2559600000"
"202100008694";"8";"11";"2021";"07:22";"2";"79";"79300";"1";"6";"1";"2";"N/A";"47,0143100000";" -0,2009000000"
"202100008695";"5";"11";"2021";"19:20";"5";"78";"78586";"2";"6";"1";"3";"TOBROUK";"48,9320800000";"2,1652400000"
"202100008696";"7";"11";"2021";"07:06";"5";"78";"78401";"2";"1";"2";"6";"MARECHAL JOFFRE (AVENUE DU)";"49,0086300000";"1,9319800000"
"202100008697";"7";"11";"2021";"10:15";"1";"77";"77053";"2";"1";"8";"6";"20 ALLEE DU GRAND NOYER";"48,6845700000";"2,6023860000"
"202100008698";"7";"11";"2021";"12:10";"1";"77";"77372";"1";"1";"8";"6";"D934";"48,8781700000";"2,6689000000"
"202100008699";"8";"11";"2021";"08:08";"1";"77";"77226";"2";"8";"5";"6";"BELLEVUE (RUE DE)";"48,4461000000";"2,7642000000"
"202100008700";"6";"11";"2021";"20:50";"5";"76";"76351";"2";"2";"1";"3";"JULES TELLIER";"49,4983400000";"0,1234700000"
"202100008701";"6";"11";"2021";"03:55";"5";"72";"72181";"2";"9";"1";"6";"CHURCHILL WINSTON (BD) NÂ° PAIRS DE 2 A 8";"47,9885166843";"0,2148520944"
"202100008702";"8";"11";"2021";"15:30";"1";"69";"69275";"2";"1";"1";"1";"FRANKLIN ROOSEVELT (AV)";"45,7460700000";"4,9329700000"
"202100008703";"8";"11";"2021";"08:55";"1";"69";"69290";"2";"9";"1";"3";"PORTE DES ALPES (DE LA) - BD URBAIN (BD)";"45,7150310000";"4,9255000000"
"202100008704";"7";"11";"2021";"14:30";"1";"67";"67482";"2";"3";"2";"6";"COURSE (PETITE RUE DE LA)";"48,5830100000";"7,7356300000"
"202100008705";"6";"11";"2021";"14:12";"1";"67";"67482";"2";"1";"1";"3";"ROMAINS (ROUTE DES)";"48,5780433158";"7,7057370543"
"202100008706";"5";"11";"2021";"19:15";"5";"67";"67482";"2";"3";"1";"5";"VOSGES (AVENUE DES)";"48,5904900000";"7,7482600000"
"202100008707";"5";"11";"2021";"14:48";"1";"66";"66136";"1";"1";"1";"2";"PERTHUS (DU)";"42,6526000000";"2,8810000000"
"202100008708";"8";"11";"2021";"16:55";"1";"64";"64348";"2";"3";"1";"2";"SALIE";"43,3355261230";" -0,3808093071"
"202100008709";"5";"11";"2021";"22:06";"5";"63";"63113";"2";"1";"1";"1";"DOLET (RUE ETIENNE)";"45,7586600000";"3,0866500000"
"202100008710";"5";"11";"2021";"12:51";"1";"63";"63113";"2";"3";"1";"3";"Oradou / GantiÃ¨re";"45,7650500000";"3,1230700000"
"202100008711";"5";"11";"2021";"08:57";"1";"63";"63032";"2";"6";"1";"3";"EUROPE / Champclos";"45,7542700000";"3,0927900000"
"202100008712";"4";"11";"2021";"21:02";"5";"63";"63113";"2";"1";"1";"3";"LAFAYETTE (BD)";"45,7702600000";"3,1015600000"
"202100008713";"8";"11";"2021";"07:40";"1";"62";"62727";"2";"6";"1";"3";"D 188";"50,4735029393";"2,5915074348"
"202100008714";"4";"11";"2021";"13:20";"1";"61";"61143";"1";"1";"1";"7";"MONTFOULON (CHEMIN DE)";"48,4425300000";"0,0597800000"
"202100008715";"8";"11";"2021";"20:15";"5";"59";"59507";"2";"1";"1";"3";"JAURES JEAN AVENUE";"50,5989500000";"3,0810000000"
"202100008716";"6";"11";"2021";"10:05";"1";"59";"59178";"2";"1";"1";"5";"TOURNAI (ROUTE DE)";"50,3987427597";"3,1178889424"
"202100008717";"5";"11";"2021";"17:15";"2";"59";"59178";"2";"1";"1";"3";"KIOSQUE (RUE DU)";"50,3641600000";"3,0789200000"
"202100008718";"6";"11";"2021";"15:35";"1";"57";"57019";"2";"1";"1";"6";"CIMENTERIE (RUE DE LA)";"49,2555600000";"6,1292700000"
"202100008719";"7";"11";"2021";"12:08";"1";"51";"51454";"2";"2";"1";"2";"Rue de Courlancy";"49,2455800185";"4,0178788904"
"202100008720";"5";"11";"2021";"18:25";"3";"49";"49099";"2";"3";"1";"3";"TROIS PROVINCES (AVENUE DES )";"47,0597600000";" -0,9253200000"
"202100008721";"8";"11";"2021";"14:33";"1";"49";"49007";"2";"1";"1";"3";"FOULQUES NERRA BOULEVARD";"47,4710000000";" -0,5646300000"
"202100008722";"6";"11";"2021";"12:30";"1";"47";"47323";"2";"1";"1";"7";"CAMI DE PASTOUREL";"44,4113200000";"0,6888100000"
"202100008723";"8";"11";"2021";"17:25";"2";"45";"45302";"2";"1";"1";"6";"Rue Nationale 20";"47,9466100000";"1,8924200000"
"202100008724";"8";"11";"2021";"16:50";"1";"38";"38179";"2";"9";"1";"3";"LIBERATION (RUE DE LA)";"45,1865900000";"5,8053900000"
"202100008725";"8";"11";"2021";"18:40";"3";"37";"37195";"1";"1";"1";"4";"RD 37";"47,3894778569";"0,6486953235"
"202100008726";"8";"11";"2021";"08:40";"1";"35";"35281";"1";"1";"1";"2";"RABLAIS (RUE DE LA)";"48,0857960000";" -1,7018170000"
"202100008727";"8";"11";"2021";"09:20";"1";"33";"33522";"2";"2";"1";"6";"Rue Edmond Rostand";"44,8138140000";" -0,6025450000"
"202100008728";"4";"11";"2021";"17:25";"1";"33";"33318";"2";"2";"1";"6";"Avenue du Docteur Albert Schweitzer";"44,8028400000";" -0,6133800000"
"202100008729";"8";"11";"2021";"04:50";"5";"33";"33009";"2";"2";"1";"3";"ST FRANCOIS XAVIER (AV) 02 AU 30";"44,6402240000";" -1,2020220000"
"202100008730";"8";"11";"2021";"02:30";"3";"31";"31557";"2";"1";"2";"7";"Boulevard Alain Savary";"43,5757300000";"1,3158200000"
"202100008731";"8";"11";"2021";"09:00";"1";"30";"30007";"2";"1";"1";"3";"DE GAULLE (AVE DU GENERAL)";"44,1268000000";"4,0813900000"
"202100008732";"8";"11";"2021";"18:00";"5";"25";"25056";"1";"6";"1";"6";"MONTBOUCONS CHEMIN DES";"47,2558600000";"5,9944700000"
"202100008733";"8";"11";"2021";"18:50";"5";"17";"17299";"2";"1";"1";"3";"ONZE NOVEMBRE 1918 AVENUE DU";"45,9247000000";" -0,9589000000"
"202100008734";"8";"11";"2021";"14:30";"1";"14";"14327";"2";"3";"1";"3";"Route de Colombelles";"49,2074600000";" -0,3172400000"
"202100008735";"8";"11";"2021";"20:00";"5";"13";"13208";"2";"1";"1";"1";"COMMANDANT ROLLAND";"43,2720900000";"5,3827800000"
"202100008736";"8";"11";"2021";"13:00";"1";"13";"13206";"2";"2";"1";"3";"BAILLE (BOULEVARD)";"43,2875900000";"5,3902300000"
"202100008737";"7";"11";"2021";"23:24";"5";"13";"13207";"2";"1";"1";"3";"RIVE NEUVE (QUAI)";"43,2924200000";"5,3673500000"
"202100008738";"6";"11";"2021";"15:10";"1";"13";"13001";"2";"3";"1";"6";"JAS DE BOUFFAN (AV DU)";"43,5318500000";"5,4299600000"
"202100008739";"5";"11";"2021";"18:00";"1";"11";"11262";"2";"1";"1";"6";"JOFFRE (BOULEVARD MARECHAL)";"43,1846500000";"2,9997000000"
"202100008740";"7";"11";"2021";"11:22";"1";"10";"10387";"2";"3";"2";"1";"GEORGES POMPIDOU (RUE)";"48,2869000000";"4,0793500000"
"202100008741";"8";"11";"2021";"18:30";"5";"06";"06088";"2";"2";"1";"1";"JARDINIERS (BD DES)";"43,7086390000";"7,1925780000"
"202100008742";"8";"11";"2021";"08:10";"1";"06";"06027";"2";"1";"1";"3";"ALPES AVENUE DES";"43,6652660000";"7,1286210000"
"202100008743";"9";"11";"2021";"18:10";"5";"75";"75118";"2";"4";"1";"3";"PORTE DE SAINT OUEN";"48,9007920000";"2,3317000000"
"202100008744";"8";"11";"2021";"05:20";"5";"75";"75117";"2";"1";"1";"6";"BOULEVARD PERIPHERIQUE EXTERIEUR NORD  ";"48,9001880000";"2,3207810000"
"202100008745";"7";"11";"2021";"21:33";"5";"75";"75105";"2";"2";"1";"3";"BOULEVARD DE PORT ROYAL";"48,8388900000";"2,3397500000"
"202100008746";"9";"11";"2021";"17:00";"2";"75";"75120";"2";"1";"1";"6";"RUE DE MENILMONTANT";"48,8703530000";"2,3978930000"
"202100008747";"9";"11";"2021";"18:45";"5";"75";"75119";"2";"3";"1";"3";"AVENUE DE FLANDRE";"48,8857880000";"2,3709810000"
"202100008748";"9";"11";"2021";"15:52";"1";"75";"75118";"2";"4";"1";"6";"RUE RONSARD";"48,8857710000";"2,3449840000"
"202100008749";"9";"11";"2021";"19:45";"5";"75";"75117";"2";"3";"1";"3";"AVENUE DE VILLIERS";"48,8812010000";"2,3155550000"
"202100008750";"9";"11";"2021";"13:40";"1";"75";"75117";"2";"7";"1";"7";"BOULEVARD BERTHIER";"48,8871680000";"2,2979630000"
"202100008751";"9";"11";"2021";"00:15";"5";"75";"75117";"2";"2";"1";"3";"AVENUE DE WAGRAM";"48,8815670000";"2,3007050000"
"202100008752";"9";"11";"2021";"15:40";"1";"75";"75116";"2";"1";"1";"3";"AVENUE DU PRESIDENT KENNEDY";"48,8568130000";"2,2864700000"
"202100008753";"9";"11";"2021";"19:00";"5";"75";"75115";"2";"3";"1";"6";"RUE SEXTIUS MICHEL";"48,8519270000";"2,2886830000"
"202100008754";"9";"11";"2021";"18:15";"5";"75";"75115";"2";"3";"1";"6";"RUE DE VAUGIRARD";"48,8408950000";"2,3058800000"
"202100008755";"9";"11";"2021";"16:15";"1";"75";"75115";"2";"3";"1";"7";"RUE DE LOURMEL";"48,8448440000";"2,2872880000"
"202100008756";"9";"11";"2021";"20:00";"5";"75";"75114";"2";"4";"1";"2";"BOULEVARD PERIPHERIQUE INTERIEUR SUD";"48,8209270000";"2,3218280000"
"202100008757";"9";"11";"2021";"17:15";"2";"75";"75112";"2";"3";"1";"3";"AVENUE DU DOCTEUR ARNOLD NETTER";"48,8433300000";"2,4053840000"
"202100008758";"9";"11";"2021";"16:50";"1";"75";"75112";"2";"2";"1";"6";"BOULEVARD DIDEROT";"48,8473450000";"2,3867350000"
"202100008759";"9";"11";"2021";"12:30";"1";"75";"75111";"2";"1";"1";"1";"BOULEVARD VOLTAIRE";"48,8614880000";"2,3739190000"
"202100008760";"9";"11";"2021";"20:20";"3";"75";"75116";"2";"4";"1";"3";"QUAI SAINT EXUPERY";"48,8383720000";"2,2660000000"
"202100008761";"9";"11";"2021";"09:10";"1";"75";"75107";"2";"2";"1";"3";"BOULEVARD DE LA TOUR MAUBOURG";"48,8580680000";"2,3100070000"
"202100008762";"9";"11";"2021";"17:02";"1";"94";"94081";"2";"9";"1";"3";"Av du President Salvador Allende";"48,7959300000";"2,4149300000"
"202100008763";"9";"11";"2021";"09:00";"1";"94";"94080";"2";"1";"1";"3";"Avenue de Paris";"48,8455900000";"2,4296200000"
"202100008764";"8";"11";"2021";"11:00";"1";"94";"94068";"2";"3";"1";"3";"Avenue du Bac";"48,7918400000";"2,5186600000"
"202100008765";"9";"11";"2021";"18:10";"5";"94";"94046";"2";"1";"1";"3";"GABRIEL PERI (R)";"48,8148000000";"2,4379000000"
"202100008766";"9";"11";"2021";"20:05";"5";"94";"94073";"2";"1";"1";"6";"Av du Mal de Lattre de Tassigny";"48,7530700000";"2,4055300000"
"202100008767";"9";"11";"2021";"10:10";"1";"93";"93073";"2";"3";"1";"3";"BERGER (RUE GILBERT)";"48,9506548582";"2,5801885128"
"202100008768";"9";"11";"2021";"15:00";"1";"93";"93051";"2";"1";"1";"2";"MONT D'EST (BD)";"48,8408400000";"2,5416400000"
"202100008769";"9";"11";"2021";"02:50";"5";"93";"93029";"2";"6";"1";"6";"STATION (DE LA)";"48,9168600000";"2,4293600000"
"202100008770";"9";"11";"2021";"00:50";"5";"93";"93010";"2";"3";"1";"6";"LETTRES (AL. DES)";"48,8906636094";"2,4945457556"
"202100008771";"8";"11";"2021";"13:10";"1";"93";"93008";"2";"1";"1";"6";"ALLENDE (AVE DU P. SALVADOR)";"48,9044817607";"2,4445058689"
"202100008772";"9";"11";"2021";"09:30";"1";"92";"92073";"2";"9";"1";"6";"GARDENAT LAPOSTOL (RUE)";"48,8738738204";"2,2240957618"
"202100008773";"9";"11";"2021";"11:30";"1";"92";"92050";"2";"1";"1";"2";"LECLERC GENERAL AVENUE DU";"48,8996700000";"2,1900600000"
"202100008774";"9";"11";"2021";"10:19";"1";"92";"92040";"2";"3";"1";"3";"Boulevard GalliÃ©ni";"48,8297425982";"2,2673410177"
"202100008775";"9";"11";"2021";"16:35";"1";"92";"92035";"2";"1";"1";"6";"Verdun 1916 ( avenue de )";"48,9054530990";"2,2348460555"
"202100008776";"9";"11";"2021";"09:25";"1";"92";"92035";"2";"1";"1";"6";"Verdun 1916 ( avenue de )";"48,9047138129";"2,2329443693"
"202100008777";"9";"11";"2021";"11:37";"1";"92";"92026";"2";"1";"1";"6";"JEAN-PIERRE TIMBAUD";"48,8998428371";"2,2501990199"
"202100008778";"9";"11";"2021";"16:04";"1";"92";"92025";"2";"2";"1";"6";"GENERAL LECLERC (PLACE DU)";"48,9231766028";"2,2524923086"
"202100008779";"9";"11";"2021";"18:35";"5";"92";"92024";"2";"3";"1";"6";"GENERAL LECLERC (BD DU) DE (61 A 9)";"48,9037660834";"2,3121708765"
"202100008780";"9";"11";"2021";"15:40";"1";"92";"92012";"2";"2";"1";"6";"JEAN BAPTISTE CLEMENT (AVENUE) 1/47 - 2/";"48,8458767301";"2,2370240092"
"202100008781";"9";"11";"2021";"14:00";"1";"92";"92012";"2";"2";"1";"6";"BILLANCOURT (RUE DE) 1/61 - 2/104";"48,8369402677";"2,2364714742"
"202100008782";"9";"11";"2021";"08:45";"1";"92";"92012";"2";"3";"1";"7";"SEVRES (RUE DE) 1/55 - 2/40";"48,8399318300";"2,2285197600"
"202100008783";"10";"11";"2021";"17:00";"2";"35";"35176";"2";"3";"1";"3";"Rue du Clos Saint-Augustin";"47,8170340000";" -1,8146750000"
"202100008784";"9";"11";"2021";"18:10";"3";"18";"18125";"2";"3";"1";"3";"d751 route de sancerre/ rue les pelotins";"47,4603690000";"2,8775010000"
"202100008785";"12";"10";"2021";"10:00";"1";"06";"06064";"1";"1";"1";"7";"Route de la Manda";"43,7731910000";"7,1862790000"
"202100008786";"9";"11";"2021";"18:20";"3";"83";"83067";"1";"1";"2";"5";"D97";"43,3151120000";"6,2751080000"
"202100008787";"10";"11";"2021";"10:30";"1";"83";"83116";"1";"1";"2";"6";"D560";"43,4213620936";"5,8377420902"
"202100008788";"9";"11";"2021";"18:50";"3";"51";"51525";"1";"1";"5";"1";"D80";"48,9090372306";"4,3989139795"
"202100008789";"10";"11";"2021";"05:50";"4";"95";"95527";"2";"1";"1";"6";"27 Rue Jean Moulin";"49,0039690000";"2,5095630000"
"202100008790";"10";"11";"2021";"13:40";"1";"33";"33424";"1";"1";"1";"6";"N/A";"45,1126160000";" -0,8071580000"
"202100008791";"10";"11";"2021";"00:00";"5";"42";"42052";"2";"1";"1";"6";"35 Rue Dorian";"46,1549650000";"4,1635880000"
"202100008792";"9";"11";"2021";"12:15";"1";"86";"86245";"1";"9";"1";"1";"Les Groies";"46,7821600000";"0,6726200000"
"202100008793";"22";"10";"2021";"09:35";"1";"86";"86116";"2";"3";"1";"6";"2 Rue Melusine";"46,4637100000";"0,0675220000"
"202100008794";"9";"11";"2021";"20:55";"3";"35";"35104";"1";"1";"1";"6";"La Maison Neuve";"48,4728270000";" -1,6926610000"
"202100008795";"10";"11";"2021";"16:00";"1";"06";"06020";"1";"1";"8";"1";"M70";"43,9871800000";"7,3239970000"
"202100008796";"10";"11";"2021";"13:30";"1";"06";"06032";"2";"1";"1";"1";"M6007";"43,7279870000";"7,4078860000"
"202100008797";"25";"10";"2021";"10:45";"1";"09";"09189";"1";"3";"1";"3";"Route Nationale 20";"42,6352370000";"1,8288160000"
"202100008798";"9";"11";"2021";"12:40";"1";"53";"53147";"2";"1";"1";"6";"place des halles";"48,3032720000";" -0,6208510000"
"202100008799";"9";"11";"2021";"17:34";"3";"88";"88446";"1";"1";"1";"5";"Rue Chanterelle";"48,1991580000";"5,8127710000"
"202100008800";"10";"11";"2021";"08:05";"1";"60";"60395";"1";"9";"5";"7";"N/A";"49,2374658676";"2,1010642977"
"202100008801";"9";"11";"2021";"06:15";"1";"987";"98729";"1";"1";"2";"3";"PK 13+500 - MaatÃ©a - RT 91";" -17,5331890000";" -149,8386110000"
"202100008802";"8";"11";"2021";"20:15";"5";"976";"97615";"2";"1";"1";"2";"route nationale 4";" -12,8007640000";"45,2787240000"
"202100008803";"8";"11";"2021";"11:30";"1";"976";"97608";"2";"1";"1";"6";"rue du commerce";" -12,7889230000";"45,2723270000"
"202100008804";"10";"11";"2021";"11:30";"1";"37";"37163";"2";"1";"1";"6";"3 avenue du centre";"47,4239441104";"0,9748644715"
"202100008805";"10";"11";"2021";"16:01";"1";"95";"95489";"2";"1";"1";"1";"Route de la TÃªte Richard";"49,0195460000";"2,3520180000"
"202100008806";"8";"11";"2021";"22:30";"3";"13";"13004";"1";"2";"1";"3";"N568";"43,6258710000";"4,7483580000"
"202100008807";"9";"11";"2021";"18:35";"5";"21";"21038";"2";"1";"5";"6";"Pont de France";"47,1943590000";"5,3834580000"
"202100008808";"9";"11";"2021";"08:50";"1";"74";"74080";"1";"1";"7";"1";"D909";"45,8736590000";"6,4550100000"
"202100008809";"9";"11";"2021";"19:45";"3";"38";"38110";"2";"4";"1";"7";"Rue de Vienne";"45,5789800000";"4,8806660000"
"202100008810";"10";"11";"2021";"18:45";"5";"01";"01376";"2";"6";"1";"3";"Place d ArmÃ©nie";"45,8258590000";"4,9813860000"
"202100008811";"8";"11";"2021";"16:25";"2";"01";"01397";"1";"1";"1";"6";"Chemin du Moulin";"46,3159004397";"6,1172242463"
"202100008812";"9";"11";"2021";"23:00";"3";"81";"81099";"1";"1";"1";"6";"RD 988";"43,8899290000";"1,8763020000"
"202100008813";"10";"11";"2021";"14:10";"1";"09";"09331";"1";"1";"3";"3";"Route dÃ©partementale 820";"43,1930300000";"1,6104680000"
"202100008814";"6";"11";"2021";"13:00";"1";"33";"33449";"2";"1";"1";"2";"Avenue Anatole France";"44,8939000000";" -0,7482300000"
"202100008815";"10";"11";"2021";"18:30";"3";"33";"33029";"1";"1";"1";"1";"Avenue du MÃ©doc";"44,6418330000";" -0,8045630000"
"202100008816";"9";"11";"2021";"15:45";"1";"35";"35360";"2";"3";"1";"3";"Rue de Fougeres";"48,1274720000";" -1,2135170000"
"202100008817";"10";"11";"2021";"07:00";"5";"62";"62825";"2";"1";"1";"6";"Rue de Douai";"50,2891780000";"3,0405520000"
"202100008818";"9";"11";"2021";"19:00";"3";"13";"13081";"1";"1";"1";"2";"A7-Sens Marseille vers Lyon";"43,4915300000";"5,2403000000"
"202100008819";"9";"11";"2021";"15:00";"1";"13";"13211";"1";"1";"1";"2";"A50-Sens Aubagne vers Marseille";"43,2881377701";"5,4999439715"
"202100008820";"9";"11";"2021";"06:00";"3";"13";"13056";"1";"1";"1";"2";"A55-Sens Martigues vers Marseille";"43,3986139615";"5,0456857681"
"202100008821";"8";"11";"2021";"07:55";"1";"13";"13055";"1";"1";"1";"2";"A507 sens Aubagne- Marseille";"43,3066400000";"5,4253100000"
"202100008822";"8";"11";"2021";"00:25";"3";"69";"69290";"1";"1";"2";"4";"A46S";"45,6846200000";"4,9619200000"
"202100008823";"8";"11";"2021";"06:45";"5";"33";"33249";"1";"1";"1";"4";"Rocade Rive Droite N230 -E27-";"44,8786500000";" -0,5094900000"
"202100008824";"8";"11";"2021";"21:20";"5";"59";"59343";"1";"1";"1";"6";"AUTOROUTE A27";"50,5999160000";"3,1357140000"
"202100008825";"9";"11";"2021";"18:00";"3";"92";"92002";"1";"1";"1";"7";"AUTOROUTE A10";"48,7353005213";"2,3150518791"
"202100008826";"9";"11";"2021";"18:15";"3";"91";"91136";"1";"1";"1";"2";"AUTOROUTE A10";"48,7134800000";"2,2767100000"
"202100008827";"9";"11";"2021";"09:00";"1";"91";"91179";"1";"1";"1";"2";"AUTOROUTE A6";"48,5624200000";"2,4811400000"
"202100008828";"9";"11";"2021";"07:30";"2";"91";"91521";"1";"1";"5";"2";"AUTOROUTE A6";"48,6324690000";"2,4057230000"
"202100008829";"9";"11";"2021";"15:50";"1";"78";"78322";"1";"1";"1";"6";"RN12";"48,7870610000";"2,1491770000"
"202100008830";"9";"11";"2021";"06:30";"3";"92";"92036";"1";"9";"1";"3";"RN315 W";"48,9347917950";"2,3020891821"
"202100008831";"9";"11";"2021";"17:20";"2";"95";"95500";"1";"1";"1";"2";" A15";"49,0387160000";"2,0871010000"
"202100008832";"9";"11";"2021";"08:40";"1";"95";"95500";"1";"1";"1";"4";"A15";"49,0365498574";"2,0940611695"
"202100008833";"9";"11";"2021";"09:45";"1";"92";"92036";"1";"9";"1";"6";"AUTOROUTE A86";"48,9385170499";"2,3000175890"
"202100008834";"9";"11";"2021";"09:30";"1";"95";"95256";"1";"1";"1";"6";"RN 184";"49,0565750000";"2,2054910000"
"202100008835";"9";"11";"2021";"07:00";"1";"95";"95351";"1";"1";"1";"2";"RN 104";"49,0403130000";"2,4828850000"
"202100008836";"9";"11";"2021";"03:30";"4";"93";"93027";"1";"1";"1";"1";"AUTOROUTE A86";"48,9284900000";"2,4131600000"
"202100008837";"15";"08";"2021";"20:15";"1";"62";"62031";"1";"1";"1";"7";"rue du Moulin";"50,8554910000";"1,9192810000"
"202100008838";"8";"11";"2021";"11:45";"1";"75";"75120";"2";"4";"1";"6";"BOULEVARD PERIPHERIQUE EXTERIEUR NORD  ";"48,8626210000";"2,4133340000"
"202100008839";"7";"11";"2021";"01:30";"5";"75";"75106";"2";"2";"1";"3";"BOULEVARD SAINT GERMAIN";"48,8544720000";"2,3304620000"
"202100008840";"8";"11";"2021";"20:10";"5";"75";"75120";"2";"2";"1";"3";"RUE DES PYRENEES";"48,8526700000";"2,4061170000"
"202100008841";"8";"11";"2021";"08:50";"1";"75";"75120";"2";"5";"1";"3";"AVENUE GAMBETTA";"48,8650130000";"2,3955260000"
"202100008842";"8";"11";"2021";"12:35";"1";"75";"75118";"2";"2";"1";"3";"RUE RAMEY";"48,8907600000";"2,3454100000"
"202100008843";"8";"11";"2021";"10:00";"1";"75";"75116";"2";"1";"1";"2";"RUE DE LA POMPE";"48,8587670000";"2,2750330000"
"202100008844";"7";"11";"2021";"01:15";"5";"75";"75116";"2";"3";"1";"3";"AVENUE PAUL DOUMER";"48,8618880000";"2,2861310000"
"202100008845";"7";"11";"2021";"02:25";"5";"75";"75115";"2";"2";"1";"3";"RUE BRANCION";"48,8286230000";"2,3014220000"
"202100008846";"8";"11";"2021";"11:30";"1";"75";"75112";"2";"1";"1";"3";"AVENUE DE NOGENT";"48,8443070000";"2,4417360000"
"202100008847";"8";"11";"2021";"08:35";"1";"75";"75112";"2";"1";"1";"6";"ALLEE DE BERCY";"48,8432380000";"2,3745670000"
"202100008848";"8";"11";"2021";"13:30";"1";"75";"75109";"2";"2";"1";"6";"RUE RODIER";"48,8801710000";"2,3437670000"
"202100008849";"8";"11";"2021";"09:30";"1";"75";"75108";"2";"2";"1";"4";"BOULEVARD HAUSSMANN";"48,8746760000";"2,3200480000"
"202100008850";"8";"11";"2021";"08:00";"1";"75";"75107";"2";"2";"1";"3";"AVENUE DUQUESNE";"48,8526990000";"2,3085580000"
"202100008851";"8";"11";"2021";"10:20";"1";"94";"94052";"2";"1";"1";"3";"Boulevard de Strasbourg";"48,8406275871";"2,4818801880"
"202100008852";"8";"11";"2021";"11:40";"1";"94";"94037";"2";"1";"1";"2";"Avenue Jean JaurÃ¨s";"48,8133800000";"2,3510600000"
"202100008853";"6";"11";"2021";"11:52";"1";"94";"94017";"2";"1";"1";"2";"Voie Sonia Delaunay";"48,8130700000";"2,5296200000"
"202100008854";"8";"11";"2021";"18:14";"4";"94";"94048";"2";"1";"1";"1";"BUISSONS (AV DES)";"48,7500000000";"2,5500000000"
"202100008855";"8";"11";"2021";"11:20";"1";"93";"93066";"2";"1";"1";"3";"CROISAT AMBROISE RD 29 BIS";"48,9258900000";"2,3560900000"
"202100008856";"7";"11";"2021";"17:10";"2";"93";"93048";"2";"1";"1";"6";"ROUGET DE L'ISLE (BOULEVARD)";"48,8595900000";"2,4385000000"
"202100008857";"8";"11";"2021";"18:00";"5";"92";"92076";"2";"1";"1";"3";"JARDY";"48,8276200000";"2,1514900000"
"202100008858";"8";"11";"2021";"16:50";"1";"92";"92048";"2";"1";"1";"6";"HENRI ETLIN (RUE)";"48,7939100000";"2,2199800000"
"202100008859";"3";"11";"2021";"18:50";"5";"92";"92036";"2";"3";"1";"6";"GENERAL DE GAULLE (AVENUE) (PAIRS)";"48,9337945070";"2,3134025931"