"Num_Acc";"jour";"mois";"an";"hrmn";"lum";"dep";"com";"agg";"int";"atm";"col";"adr";"lat";"long"
"202100009429";"4";"11";"2021";"16:50";"2";"54";"54395";"2";"1";"2";"2";"ADAM  (RUE SIGISBERT)";"48,6996100000";"6,1818800000"
"202100009430";"2";"11";"2021";"14:00";"1";"50";"50129";"2";"1";"1";"6";"DOLET (RUE ETIENNE)";"49,6270100000";" -1,6467300000"
"202100009431";"4";"11";"2021";"19:57";"5";"49";"49267";"2";"1";"1";"3";"CHENE VERT";"47,4702200000";" -0,5159600000"
"202100009432";"4";"11";"2021";"12:03";"1";"49";"49007";"2";"1";"1";"6";"GRAND MONTREJEAU";"47,4680000000";" -0,5211000000"
"202100009433";"4";"11";"2021";"14:00";"1";"45";"45169";"2";"3";"2";"3";"Rue de la MouchetiÃ¨re";"47,9103100000";"1,8575100000"
"202100009434";"3";"11";"2021";"17:25";"2";"39";"39198";"2";"1";"2";"6";"Cours Georges Clemenceau";"47,0911200000";"5,4878200000"
"202100009435";"4";"11";"2021";"20:20";"5";"37";"37261";"2";"3";"1";"3";"DE GAULLE (AVENUE DU GENERAL)";"47,3808656002";"0,6999380937"
"202100009436";"4";"11";"2021";"17:40";"5";"35";"35238";"2";"3";"1";"3";"VERN (DE)";"48,0978200000";" -1,6552300000"
"202100009437";"3";"11";"2021";"19:00";"5";"35";"35238";"1";"1";"2";"2";"RN136";"48,1141100000";" -1,7190200000"
"202100009438";"3";"11";"2021";"17:20";"1";"33";"33281";"2";"1";"1";"2";"Avenue du PrÃ©sident John Fitzgerald Kennedy";"44,8345100000";" -0,6717600000"
"202100009439";"3";"11";"2021";"07:42";"2";"33";"33119";"2";"4";"2";"3";"Boulevard AndrÃ© Ricard";"44,8602570418";" -0,5382946651"
"202100009440";"4";"11";"2021";"16:55";"1";"31";"31555";"2";"1";"7";"6";"RUE JULES AMILHAU";"43,5828100000";"1,4167200000"
"202100009441";"4";"11";"2021";"12:30";"1";"29";"29232";"2";"1";"8";"6";"Avenue de Ty Bos";"47,9764300000";" -4,0687800000"
"202100009442";"11";"10";"2021";"18:35";"1";"28";"28220";"2";"1";"1";"3";"AVENUE DE LA REPUBLIQUE";"48,4181300000";"1,4657300000"
"202100009443";"4";"11";"2021";"17:30";"5";"26";"26198";"2";"1";"1";"1";"39 Avenue de Gournier";"44,5312890000";"4,7445910000"
"202100009444";"4";"11";"2021";"15:34";"1";"17";"17300";"2";"1";"1";"6";"MONNET   AVENUE JEAN";"46,1443200000";" -1,1530400000"
"202100009445";"3";"11";"2021";"16:05";"1";"17";"17291";"2";"1";"7";"6";"QUATORZE JUILLET   RUE DU";"46,1748900000";" -1,1163600000"
"202100009446";"3";"11";"2021";"14:50";"1";"14";"14327";"2";"9";"1";"3";"GAULLE (AVENUE DU GENERAL DE)";"49,2127000000";" -0,3423600000"
"202100009447";"31";"10";"2021";"02:38";"5";"13";"13056";"2";"1";"1";"6";"KLEBER QUAI JEAN BAPTISTE";"43,4066300000";"5,0550500000"
"202100009448";"30";"10";"2021";"03:45";"5";"13";"13056";"2";"1";"2";"7";"DENFERT ROCHEREAU RUE COLONEL PIERRE";"43,4083800000";"5,0547200000"
"202100009449";"4";"11";"2021";"15:51";"1";"13";"13206";"2";"2";"1";"3";"EDMOND ROSTAND (RUE)";"43,2893100000";"5,3798700000"
"202100009450";"4";"11";"2021";"09:40";"1";"13";"13047";"2";"1";"1";"3";"BORD DE CRAU CHEMIN DU";"43,5196800000";"4,9649700000"
"202100009451";"4";"11";"2021";"09:10";"1";"13";"13005";"2";"1";"1";"6";"DIX NEUF MARS 1962 (AVENUE DU)";"43,2879323812";"5,5721860209"
"202100009452";"4";"11";"2021";"05:31";"3";"11";"11069";"1";"1";"3";"7";"ROCADE SUD RD 6161";"43,1944141059";"2,3431777954"
"202100009453";"3";"11";"2021";"08:48";"1";"10";"10333";"2";"1";"2";"6";"ROCADE OUEST (RD 610)";"48,2694300000";"4,0502900000"
"202100009454";"4";"11";"2021";"14:00";"1";"06";"06088";"2";"2";"1";"3";"ANGLAIS (DU NÂ° 265 AU NÂ° 350)";"43,6778420000";"7,2293060000"
"202100009455";"3";"11";"2021";"15:53";"1";"02";"02738";"2";"9";"1";"3";"YSER (DE L')";"49,6630270000";"3,2890220000"
"202100009456";"4";"11";"2021";"12:25";"1";"75";"75112";"2";"1";"1";"3";"PORTE DOREE";"48,8386920000";"2,4129990000"
"202100009457";"4";"11";"2021";"08:10";"1";"75";"75114";"2";"1";"1";"3";"PORTE D ORLEANS";"48,8206780000";"2,3231450000"
"202100009458";"3";"11";"2021";"18:00";"5";"75";"75116";"2";"1";"1";"3";"BOULEVARD PERIPHERIQUE";"48,8481120000";"2,2533830000"
"202100009459";"4";"11";"2021";"17:23";"3";"75";"75105";"2";"2";"2";"3";"BOULEVARD DE PORT ROYAL";"48,8376940000";"2,3455070000"
"202100009460";"4";"11";"2021";"20:00";"5";"75";"75115";"2";"2";"2";"6";"QUAI DE GRENELLE";"48,8493700000";"2,2815650000"
"202100009461";"4";"11";"2021";"17:00";"2";"75";"75115";"2";"3";"3";"7";"BOULEVARD VICTOR";"48,8326990000";"2,2883630000"
"202100009462";"4";"11";"2021";"08:45";"1";"75";"75114";"2";"1";"8";"6";"BOULEVARD JOURDAN";"48,8228390000";"2,3275960000"
"202100009463";"3";"11";"2021";"17:40";"2";"75";"75114";"2";"4";"1";"6";"AVENUE DU GENERAL LECLERC";"48,8288210000";"2,3277180000"
"202100009464";"4";"11";"2021";"18:00";"5";"75";"75113";"2";"2";"2";"6";"BOULEVARD DU GENERAL JEAN SIMON";"48,8259330000";"2,3827230000"
"202100009465";"4";"11";"2021";"14:05";"1";"75";"75111";"2";"2";"8";"6";"BOULEVARD RICHARD LENOIR";"48,8577990000";"2,3709400000"
"202100009466";"4";"11";"2021";"20:15";"5";"75";"75108";"2";"2";"2";"7";"RUE DE ROME";"48,8780590000";"2,3226280000"
"202100009467";"3";"11";"2021";"18:27";"5";"75";"75104";"2";"3";"8";"6";"BOULEVARD HENRI IV";"48,8504220000";"2,3601090000"
"202100009468";"3";"11";"2021";"14:20";"1";"75";"75101";"2";"1";"1";"6";"RUE CROIX DES PETITS CHAMPS";"48,8641650000";"2,3401080000"
"202100009469";"4";"11";"2021";"20:00";"5";"94";"94073";"2";"1";"2";"3";"Avenue du Luxembourg";"48,7562378032";"2,3741111753"
"202100009470";"3";"11";"2021";"07:38";"5";"94";"94081";"2";"2";"2";"6";"CHOISY (R DE)";"48,7834600000";"2,4013400000"
"202100009471";"3";"11";"2021";"23:00";"5";"94";"94042";"2";"1";"1";"2";"GENERAL GALLIENI - PONT DE JOINVILLE (AV";"48,8201100000";"2,4718600000"
"202100009472";"3";"11";"2021";"23:50";"5";"94";"94046";"2";"2";"1";"1";"Avenue du GÃ©nÃ©ral Leclerc";"48,8057700000";"2,4409300000"
"202100009473";"4";"11";"2021";"17:20";"2";"94";"94076";"2";"1";"2";"2";"Boulevard Maxime Gorki";"48,7908400000";"2,3695900000"
"202100009474";"4";"11";"2021";"10:25";"1";"94";"94073";"2";"3";"1";"1";"Boulevard du Nord";"48,7571010000";"2,3688950000"
"202100009475";"3";"11";"2021";"21:30";"5";"94";"94033";"2";"1";"1";"2";"MARECHAL DE LATTRE DE TASSIGNY (AV DU)";"48,8529500000";"2,4940000000"
"202100009476";"3";"11";"2021";"12:30";"1";"94";"94011";"2";"1";"1";"6";"Rue de la Commune";"48,7696040000";"2,4847640000"
"202100009477";"4";"11";"2021";"11:50";"1";"94";"94022";"2";"5";"2";"3";"STALINGRAD (BD DE)";"48,7725100000";"2,4002700000"
"202100009478";"4";"11";"2021";"10:00";"1";"94";"94054";"2";"1";"3";"2";"Rue du Bas Marin";"48,7464600000";"2,3847700000"
"202100009479";"4";"11";"2021";"17:55";"2";"94";"94019";"2";"1";"2";"4";"Rue de Sucy";"48,7865700000";"2,5194100000"
"202100009480";"4";"11";"2021";"17:00";"2";"94";"94002";"2";"9";"2";"6";"Rue Louis Blanc";"48,8083500000";"2,4229700000"
"202100009481";"4";"11";"2021";"10:20";"1";"94";"94002";"2";"2";"2";"3";"Rue Emile Zola";"48,7982900000";"2,4201400000"
"202100009482";"4";"11";"2021";"11:50";"1";"93";"93077";"2";"5";"1";"3";"CIRCULAIRE (RUE)";"48,8838000000";"2,5144900000"
"202100009483";"4";"11";"2021";"19:00";"5";"93";"93047";"2";"2";"2";"3";"CHARMILLES (AVENUE DES)";"48,8894293603";"2,5484642386"
"202100009484";"4";"11";"2021";"11:30";"1";"93";"93057";"2";"1";"2";"6";"FABIEN ( AL. DU COLONEL) 1 A 85";"48,9098960402";"2,4987036861"
"202100009485";"4";"11";"2021";"09:30";"1";"92";"92050";"2";"3";"8";"6";"REPUBLIQUE AVENUE DE LA";"48,9119053555";"2,2229665518"
"202100009486";"4";"11";"2021";"16:40";"2";"92";"92044";"2";"2";"3";"3";"BAUDIN (RUE) 27A83 ET 36 A84";"48,8989429680";"2,2877258062"
"202100009487";"4";"11";"2021";"06:30";"5";"92";"92040";"2";"1";"2";"6";"VERDUN (AVENUE DE) DU 115 AU 149";"48,8195376523";"2,2559416294"
"202100009488";"3";"11";"2021";"13:50";"1";"92";"92025";"2";"2";"1";"3";"AGRICULTURE (RUE DE L')";"48,9132050000";"2,2391660000"
"202100009489";"3";"11";"2021";"18:40";"5";"92";"92024";"2";"2";"8";"2";"CLICHY (QUAI DE) DE (8 A 60)";"48,9034708020";"2,2895711660"
"202100009490";"3";"11";"2021";"07:50";"2";"92";"92004";"2";"1";"1";"2";"ROBERT DUPONT";"48,9226026298";"2,2858509421"
"202100009491";"30";"10";"2021";"19:15";"1";"92";"92004";"2";"1";"1";"3";"DOCTEUR DERVAUX  ( QUAI DU )";"48,9079988428";"2,2924786806"
"202100009492";"4";"11";"2021";"01:54";"5";"92";"92002";"2";"1";"1";"6";"RAYMON ARON (AVENUE)";"48,7677283290";"2,3107123375"
"202100009493";"29";"10";"2021";"14:15";"1";"51";"51144";"1";"1";"1";"3";"D16";"48,7351060000";"4,9229050000"
"202100009494";"4";"11";"2021";"16:30";"2";"62";"62295";"1";"1";"3";"6";"D130";"50,5964780000";"2,2566600000"
"202100009495";"4";"11";"2021";"19:48";"3";"91";"91204";"1";"1";"2";"1";"D26";"48,5709560000";"2,4015430000"
"202100009496";"5";"11";"2021";"16:10";"1";"38";"38425";"2";"1";"1";"1";"Rue Louise Michel";"45,3968000000";"4,7843420000"
"202100009497";"5";"11";"2021";"08:30";"1";"95";"95205";"1";"1";"1";"2";"RD 316";"49,0310100000";"2,3899500000"
"202100009498";"10";"09";"2021";"11:45";"1";"51";"51425";"1";"1";"1";"7";"D980";"49,1322550383";"3,6816370437"
"202100009499";"5";"11";"2021";"10:50";"1";"972";"97232";"1";"1";"1";"6";"Beaujolais";"14,5223350000";" -60,8594730000"
"202100009500";"4";"11";"2021";"23:30";"3";"62";"62852";"2";"1";"9";"6";"Rue de la Digue du Canal de Calais (Pont)";"50,9039750000";"2,0689420000"
"202100009501";"5";"11";"2021";"09:00";"1";"11";"11203";"2";"1";"1";"2";"20 Avenue MarÃ©chal Foch";"43,2006340000";"2,7534460000"
"202100009502";"5";"11";"2021";"15:25";"1";"64";"64410";"2";"2";"1";"6";"9 Avenue de Monein";"43,3653051236";" -0,6261160970"
"202100009503";"5";"11";"2021";"17:20";"1";"21";"21214";"1";"1";"1";"6";"Autoroute A6";"47,1896030000";"4,6699190000"
"202100009504";"4";"11";"2021";"21:45";"5";"62";"62502";"2";"1";"3";"2";"Route de BÃ©thune";"50,6145150000";"2,6888930000"
"202100009505";"5";"11";"2021";"14:02";"1";"34";"34270";"2";"1";"1";"2";"D 613, Route de Montpellier";"43,5789720000";"3,8362830000"
"202100009506";"1";"11";"2021";"05:50";"3";"34";"34217";"2";"1";"2";"1";"980 Route de Mende";"43,7035500000";"3,8673020000"
"202100009507";"5";"11";"2021";"03:10";"5";"19";"19229";"1";"1";"1";"6";"25 Avenue de la Marquisie";"45,1578775938";"1,4697529157"
"202100009508";"4";"11";"2021";"12:30";"1";"32";"32160";"1";"1";"8";"2";"D654";"43,6223200000";"1,0718940000"
"202100009509";"2";"11";"2021";"19:35";"5";"42";"42162";"2";"1";"3";"6";"404 Route de Pouilly";"46,0192570000";"3,9823970000"
"202100009510";"4";"11";"2021";"23:05";"5";"42";"42323";"2";"1";"2";"2";"115 Avenue du 8 Mai 1945";"45,5484110000";"4,2822600000"
"202100009511";"3";"11";"2021";"17:50";"3";"42";"42097";"1";"1";"1";"4";"M1082";"45,4920170000";"4,3235440000"
"202100009512";"5";"11";"2021";"10:25";"1";"68";"68234";"1";"1";"8";"7";"D201";"47,9520380000";"7,3639940000"
"202100009513";"3";"11";"2021";"19:00";"5";"68";"68248";"2";"3";"2";"3";"rue principale";"47,4925950000";"7,3913310000"
"202100009514";"4";"11";"2021";"19:37";"3";"25";"25222";"1";"1";"2";"1";"D492";"47,1852540000";"6,2666150000"
"202100009515";"4";"11";"2021";"10:37";"1";"44";"44154";"2";"2";"1";"3";"Avenue de la Combe des Bondres";"47,2214092436";" -2,1612864733"
"202100009516";"4";"11";"2021";"05:55";"3";"35";"35069";"1";"1";"1";"6";"D463";"48,0425550000";" -1,4464950000"
"202100009517";"5";"11";"2021";"08:48";"1";"13";"13010";"1";"1";"1";"7";"RD 35";"43,8990330000";"4,7228660000"
"202100009518";"5";"11";"2021";"15:05";"1";"03";"03029";"1";"1";"1";"1";"N209";"46,2289380000";"3,4327340000"
"202100009519";"5";"11";"2021";"08:40";"1";"01";"01069";"2";"1";"1";"1";"Chemin des Buclanes";"46,1539430000";"5,2621940000"
"202100009520";"29";"07";"2021";"09:00";"1";"06";"06127";"1";"1";"1";"2";"M2565";"44,0896930000";"7,2495370000"
"202100009521";"4";"11";"2021";"23:00";"3";"14";"14203";"1";"6";"2";"7";"D675";"49,2374500000";" -0,0731911100"
"202100009522";"5";"11";"2021";"07:40";"2";"36";"36018";"2";"2";"1";"3";"N/A";"46,6310289178";"1,0623345728"
"202100009523";"5";"11";"2021";"08:15";"2";"85";"85051";"1";"1";"5";"7";"D31";"46,6708200000";" -1,0178660000"
"202100009524";"24";"10";"2021";"18:20";"1";"17";"17057";"1";"1";"1";"7";"D116";"46,1773340000";" -0,8425140000"
"202100009525";"4";"11";"2021";"08:55";"1";"35";"35210";"1";"2";"1";"3";"D125";"48,1301150000";" -1,8051590000"
"202100009526";"1";"11";"2021";"11:30";"1";"06";"06027";"1";"1";"3";"2";"Autoroute A8 PK 180.300 NORD, sens NICE / CANNES";"43,6504050000";"7,1418400000"
"202100009527";"4";"11";"2021";"20:15";"3";"988";"98811";"1";"1";"1";"5";"RT1";" -21,0934690000";"164,8870610000"
"202100009528";"3";"11";"2021";"14:10";"1";"971";"97134";"1";"1";"1";"6";"Route du Bouchu";"16,0651390000";" -61,7610990000"
"202100009529";"4";"11";"2021";"20:40";"3";"77";"77308";"1";"1";"7";"1";"D41";"49,0379463542";"2,7382165722"
"202100009530";"5";"11";"2021";"09:25";"1";"2B";"2B055";"1";"9";"8";"3";"T20";"42,5084258716";"9,3219852450"
"202100009531";"5";"11";"2021";"12:40";"1";"05";"05053";"1";"1";"1";"6";"route dÃ©partementale 1075";"44,3529840000";"5,7659720000"
"202100009532";"5";"11";"2021";"07:00";"2";"13";"13015";"1";"1";"1";"3";"D6";"43,4462980000";"5,4415480000"
"202100009533";"2";"11";"2021";"17:07";"2";"03";"03254";"1";"3";"2";"2";"intersection d46/d219";"46,3183720000";"3,3428000000"
"202100009534";"25";"10";"2021";"17:12";"2";"73";"73329";"1";"1";"1";"2";"D1201";"45,6317160000";"5,8918800000"
"202100009535";"4";"11";"2021";"15:00";"1";"38";"38344";"2";"1";"1";"6";"2 Rue des Arnaudes";"45,3740710000";"4,8126350000"
"202100009536";"30";"10";"2021";"13:38";"1";"19";"19038";"1";"1";"2";"6";"RD 1089";"45,2250940000";"1,7056740000"
"202100009537";"16";"10";"2021";"23:45";"3";"33";"33146";"1";"1";"1";"1";"D2";"45,1059250000";" -0,7287030000"
"202100009538";"4";"11";"2021";"22:15";"3";"22";"22008";"2";"1";"2";"6";"2 Sentier des Briandais";"48,4135500000";" -2,1033250000"
"202100009539";"5";"11";"2021";"15:00";"1";"76";"76718";"1";"1";"1";"5";"D6015";"49,6156530000";"0,6982430000"
"202100009540";"3";"11";"2021";"18:15";"5";"60";"60139";"1";"1";"2";"3";"Rue FranÃ§ois Truffaut";"49,1576184329";"2,2579414858"
"202100009541";"28";"10";"2021";"13:10";"1";"60";"60133";"1";"2";"1";"3";"intersection RD 94 et RD 916";"49,5359150000";"2,3845270000"
"202100009542";"5";"11";"2021";"15:25";"1";"60";"60143";"2";"2";"1";"4";"Rue Pierre Budin";"49,2689110000";"1,8875560000"
"202100009543";"4";"11";"2021";"18:00";"3";"59";"59136";"1";"1";"2";"4";"RD 643";"50,1136230000";"3,4990920000"
"202100009544";"4";"11";"2021";"09:00";"1";"13";"13055";"1";"1";"1";"2";"A507 sens Aubagne- Marseille";"43,3299405761";"5,4115204811"
"202100009545";"3";"11";"2021";"18:42";"3";"13";"13210";"1";"1";"1";"2";"A50-Sens Marseille vers Aubagne";"43,2846000000";"5,4125500000"
"202100009546";"4";"11";"2021";"07:55";"2";"33";"33039";"1";"1";"5";"3";"N/A";"44,8056400000";" -0,5308700000"
"202100009547";"4";"11";"2021";"09:10";"1";"77";"77495";"1";"1";"1";"7";"RN 105";"48,5896000000";"2,6372000000"
"202100009548";"4";"11";"2021";"08:20";"5";"94";"94037";"1";"1";"1";"3";"AUTOROUTE A6A";"48,8142800000";"2,3550600000"
"202100009549";"4";"11";"2021";"06:50";"5";"94";"94038";"1";"1";"2";"7";"AUTOROUTE A6B";"48,7740000000";"2,3461000000"
"202100009550";"4";"11";"2021";"16:00";"1";"78";"78362";"1";"1";"1";"6";"A13";"48,9763670000";"1,7204690000"
"202100009551";"4";"11";"2021";"10:10";"1";"78";"78423";"1";"1";"1";"6";"RN12";"48,7936080000";"2,0516610000"
"202100009552";"4";"11";"2021";"09:30";"1";"78";"78640";"1";"1";"1";"2";"A86 EXT";"48,7777400000";"2,2196270000"
"202100009553";"3";"11";"2021";"19:20";"3";"92";"92050";"1";"1";"1";"4";"A86";"48,9046110000";"2,2081950000"
"202100009554";"3";"11";"2021";"14:35";"1";"92";"92025";"1";"1";"1";"3";"A86";"48,9253996939";"2,2332822352"
"202100009555";"3";"11";"2021";"08:00";"2";"78";"78206";"1";"1";"1";"6";"A13";"48,9469250000";"1,9472650000"
"202100009556";"4";"11";"2021";"18:30";"3";"93";"93010";"1";"1";"2";"2";"AUTOROUTE A3";"48,8898955345";"2,4735009670"
"202100009557";"4";"11";"2021";"18:30";"3";"93";"93064";"1";"1";"2";"6";"AUTOROUTE A103";"48,8867225004";"2,4774731528"
"202100009558";"4";"11";"2021";"08:45";"1";"93";"93064";"1";"1";"2";"2";"AUTOROUTE A86";"48,8765600000";"2,4782400000"
"202100009559";"4";"11";"2021";"08:15";"1";"93";"93064";"1";"1";"2";"3";"AUTOROUTE A86";"48,8765600000";"2,4782400000"
"202100009560";"4";"11";"2021";"07:00";"3";"93";"93078";"1";"1";"2";"4";"AUTOROUTE A104";"48,9584800000";"2,5332100000"
"202100009561";"3";"11";"2021";"23:27";"3";"95";"95572";"1";"1";"1";"6";" A15";"49,0281900000";"2,1281800000"
"202100009562";"3";"11";"2021";"15:00";"1";"95";"95028";"1";"1";"1";"6";"RN 104";"49,0624273836";"2,3370220881"
"202100009563";"4";"11";"2021";"22:10";"3";"77";"77258";"1";"1";"1";"3";"A4.Y";"48,8298400000";"2,6228900000"
"202100009564";"11";"05";"2021";"10:25";"1";"14";"14225";"2";"6";"8";"6";"Boulevard Maurice Thorez";"49,2761700000";" -0,1019800000"
"202100009565";"3";"11";"2021";"09:25";"1";"971";"97107";"2";"4";"1";"6";"PAUL LACAVE ( AVENUE )";"16,0461900000";" -61,5628000000"
"202100009566";"31";"05";"2021";"18:05";"1";"59";"59122";"1";"1";"7";"5";"SOLESMES (ROUTE DE)";"50,1788652689";"3,2606137238"
"202100009567";"28";"10";"2021";"20:00";"5";"06";"06083";"2";"2";"1";"3";"EDOUARD VII (AVENUE)";"43,7718200000";"7,4966400000"
"202100009568";"18";"08";"2021";"03:00";"3";"83";"83118";"1";"1";"1";"7";"CHEMIN DES SANGLIERS";"43,4179090000";"6,8418430000"
"202100009569";"2";"06";"2021";"07:30";"1";"74";"74012";"2";"9";"1";"6";"VALLEES (ROUTE DES)";"46,1927000000";"6,2446800000"
"202100009570";"2";"11";"2021";"22:02";"4";"973";"97302";"2";"2";"1";"1";"BADUEL (ROUTE DE)";"4,9392893231";" -52,3183321953"
"202100009571";"3";"11";"2021";"18:00";"1";"69";"69388";"2";"3";"1";"3";"HENRI BARBUSSE (R)";"45,7304100000";"4,8567600000"
"202100009572";"3";"11";"2021";"08:25";"1";"972";"97213";"2";"7";"1";"3";"ROUTE DEPARTEMENTALE 3 BIS";"14,6566900000";" -60,9746300000"
"202100009573";"3";"11";"2021";"19:50";"5";"69";"69384";"2";"9";"1";"3";"HENRI CHEVALIER (R)";"45,7832835380";"4,8274867237"
"202100009574";"3";"11";"2021";"10:20";"1";"2B";"2B120";"1";"1";"2";"4";"11 - RT";"42,6497600000";"9,4405400000"
"202100009575";"3";"11";"2021";"08:02";"1";"95";"95280";"2";"1";"2";"6";"GARE (ROUTE DE LA)";"49,0142800000";"2,4707900000"
"202100009576";"3";"11";"2021";"15:05";"1";"91";"91432";"2";"3";"1";"3";"AV FERDINAND DE LESSEPS";"48,7037680000";"2,3395850000"
"202100009577";"3";"11";"2021";"10:20";"1";"91";"91589";"2";"2";"1";"3";"RUE DE PARIS";"48,6851200000";"2,3492800000"
"202100009578";"2";"11";"2021";"15:30";"1";"89";"89024";"1";"1";"1";"2";"MONETEAU (ROUTE DE)";"47,8238400000";"3,5838700000"
"202100009579";"3";"11";"2021";"13:30";"1";"78";"78551";"2";"2";"8";"3";"PEREIRE";"48,9014900000";"2,0739600000"
"202100009580";"2";"11";"2021";"10:30";"1";"72";"72181";"2";"6";"1";"3";"WILBUR WRIGHT (RUE)";"48,0084940063";"0,1970028875"
"202100009581";"3";"11";"2021";"18:00";"2";"71";"71306";"2";"1";"2";"6";"Quai Jules Chagot";"46,6782220000";"4,3662400000"
"202100009582";"2";"11";"2021";"08:05";"1";"71";"71540";"1";"1";"2";"7";"Rond-Point du Vieux Saule";"46,7680062947";"4,4518350258"
"202100009583";"25";"10";"2021";"02:00";"5";"70";"70550";"2";"1";"8";"6";"POINT DU JOUR (RUE DU)";"47,6311800000";"6,1625300000"
"202100009584";"3";"11";"2021";"17:25";"2";"69";"69256";"2";"2";"1";"1";"CANUTS (DES) (AV) ";"45,7627100000";"4,9292600000"
"202100009585";"3";"11";"2021";"06:25";"3";"69";"69115";"2";"1";"2";"5";"GRANGE ROLLIN (DE LA) (R)";"45,9729000000";"4,7193900000"
"202100009586";"2";"11";"2021";"18:34";"5";"67";"67482";"2";"8";"1";"3";"RIBEAUVILLE (RUE DE)";"48,5635600000";"7,7677900000"
"202100009587";"2";"11";"2021";"08:02";"1";"66";"66136";"2";"3";"1";"3";"LANGUEDOC (AVENUE DU CD 88)";"42,7221200000";"2,8864500000"
"202100009588";"3";"11";"2021";"08:25";"1";"56";"56121";"2";"1";"1";"6";"Rue de Lanveur";"47,7443700000";" -3,3949500000"
"202100009589";"31";"10";"2021";"17:10";"1";"56";"56098";"2";"1";"1";"3";"JAURES (RUE  JEAN )";"47,7641300000";" -3,3603600000"
"202100009590";"29";"10";"2021";"17:25";"1";"56";"56121";"2";"1";"1";"6";"CHAZELLES ( COURS LOUIS  DE )";"47,7549200000";" -3,3632400000"
"202100009591";"29";"10";"2021";"13:45";"1";"56";"56098";"2";"1";"1";"3";"CROIZAT ( AVE AMBROISE )";"47,7736000000";" -3,3472400000"
"202100009592";"3";"11";"2021";"16:24";"1";"51";"51454";"2";"1";"1";"7";"Rue Danton";"49,2706077684";"4,0235486173"
"202100009593";"3";"11";"2021";"08:40";"5";"51";"51454";"2";"1";"2";"7";"Rue Chanzy";"49,2536359604";"4,0307948918"
"202100009594";"7";"10";"2021";"06:28";"5";"51";"51230";"2";"6";"1";"3";"Place de la RÃ©publique";"49,0435400000";"3,9573700000"
"202100009595";"3";"11";"2021";"19:05";"5";"42";"42316";"2";"1";"2";"1";"Rue ThÃ©rÃ¨se DÃ©cline";"45,4059800000";"4,2627300000"
"202100009596";"3";"11";"2021";"12:00";"1";"37";"37261";"2";"1";"1";"2";"TANNEURS (RUE DES)";"47,3956753700";"0,6790111441"
"202100009597";"3";"11";"2021";"09:20";"1";"37";"37109";"2";"1";"1";"6";"RD 37";"47,4054984682";"0,6408548355"
"202100009598";"3";"11";"2021";"08:35";"1";"33";"33039";"1";"1";"2";"7";"A631";"44,8143800000";" -0,5351100000"
"202100009599";"3";"11";"2021";"06:55";"5";"33";"33281";"2";"2";"2";"3";"Avenue de Magudas";"44,8565700000";" -0,6533100000"
"202100009600";"3";"11";"2021";"00:10";"5";"33";"33063";"2";"1";"2";"6";"Quai de Paludate";"44,8253730000";" -0,5468650000"
"202100009601";"3";"11";"2021";"03:30";"3";"31";"31433";"1";"1";"2";"6";"VA007307 FRANCAZAL A64 Sortie 37";"43,5400200000";"1,3956700000"
"202100009602";"2";"11";"2021";"08:35";"1";"27";"27229";"2";"1";"1";"4";"POTIER (CHEMIN)";"49,0010000000";"1,1233900000"
"202100009603";"31";"10";"2021";"19:45";"5";"25";"25462";"2";"1";"1";"6";"PAREUSES DES (+ CITE)";"46,9062200000";"6,3621500000"
"202100009604";"3";"11";"2021";"14:20";"1";"25";"25056";"2";"2";"2";"4";"OUEST BOULEVARD";"47,2191600000";"5,9822100000"
"202100009605";"1";"11";"2021";"19:15";"5";"25";"25056";"2";"5";"2";"1";"LECLERC   PLACE MARECHAL";"47,2422600000";"6,0147600000"
"202100009606";"31";"10";"2021";"17:55";"2";"24";"24322";"2";"3";"2";"3";"HUGO ( RUE VICTOR)";"45,1892900000";"0,7129900000"
"202100009607";"2";"11";"2021";"18:30";"5";"15";"15014";"2";"1";"3";"3";"Avenue du GÃ©nÃ©ral Leclerc";"44,9117240000";"2,4429510000"
"202100009608";"3";"11";"2021";"10:50";"1";"13";"13203";"2";"2";"1";"3";"FORTUNÃ JOURDAN (RUE)";"43,3110901724";"5,3862281847"
"202100009609";"2";"11";"2021";"13:40";"1";"11";"11069";"2";"1";"1";"6";"IENA -ALLEE D'- NÂ° IMPAIRS APRES 51";"43,2175500000";"2,3452100000"
"202100009610";"2";"11";"2021";"10:00";"1";"10";"10333";"2";"6";"8";"3";"ECHENILLY (RUE)";"48,2743653347";"4,0401488541"
"202100009611";"3";"11";"2021";"16:30";"2";"06";"06069";"2";"1";"2";"3";"POMPIDOU (AVENUE GEORGES) -RD 6085";"43,6476290000";"6,9373580000"
"202100009612";"2";"11";"2021";"07:40";"2";"75";"75112";"2";"5";"1";"3";"AVENUE DAUMESNIL";"48,8342030000";"2,4107580000"
"202100009613";"3";"11";"2021";"16:15";"1";"75";"75120";"2";"2";"8";"3";"RUE DE BAGNOLET";"48,8575990000";"2,3993380000"
"202100009614";"3";"11";"2021";"19:45";"5";"75";"75119";"2";"1";"1";"4";"BOULEVARD PERIPHERIQUE";"48,8873610000";"2,3968070000"
"202100009615";"3";"11";"2021";"16:20";"1";"75";"75118";"2";"1";"8";"5";"BOULEVARD ORNANO";"48,8973090000";"2,3449160000"
"202100009616";"3";"11";"2021";"19:45";"5";"75";"75117";"2";"7";"1";"3";"PLACE DU MARECHAL JUIN";"48,8845520000";"2,2977140000"
"202100009617";"3";"11";"2021";"09:05";"1";"75";"75117";"2";"2";"1";"6";"RUE NAVIER";"48,8958660000";"2,3230200000"
"202100009618";"3";"11";"2021";"00:30";"5";"75";"75117";"2";"5";"2";"6";"AVENUE NIEL";"48,8819130000";"2,2958970000"