"Num_Acc";"jour";"mois";"an";"hrmn";"lum";"dep";"com";"agg";"int";"atm";"col";"adr";"lat";"long"
"202100009808";"2";"11";"2021";"08:35";"1";"75";"75114";"2";"2";"1";"3";"BOULEVARD BRUNE";"48,8232560000";"2,3255390000"
"202100009809";"1";"11";"2021";"17:25";"2";"75";"75114";"2";"3";"8";"3";"BOULEVARD JOURDAN";"48,8197600000";"2,3428690000"
"202100009810";"2";"11";"2021";"12:00";"1";"75";"75113";"2";"1";"1";"3";"RUE DE PATAY";"48,8249380000";"2,3755900000"
"202100009811";"2";"11";"2021";"19:20";"5";"75";"75107";"2";"3";"1";"7";"QUAI BRANLY";"48,8574930000";"2,2910250000"
"202100009812";"2";"11";"2021";"18:03";"5";"94";"94078";"2";"1";"1";"2";"L'APPEL DU DIX-HUIT JUIN 1940 (AV DE)";"48,7584970000";"2,4433350000"
"202100009813";"1";"11";"2021";"10:25";"1";"94";"94046";"2";"1";"1";"3";"Avenue du Professeur Cadiot";"48,8044700000";"2,4324500000"
"202100009814";"2";"11";"2021";"04:50";"5";"94";"94065";"1";"9";"2";"7";"RN 186";"48,7531600000";"2,3670700000"
"202100009815";"2";"11";"2021";"18:15";"5";"93";"93064";"2";"8";"1";"3";"KENNEDY (AVENUE DU PRESIDENT)";"48,8788531865";"2,4902591204"
"202100009816";"2";"11";"2021";"13:10";"1";"93";"93048";"2";"9";"1";"3";"PARIS (RUE DE)";"48,8566540493";"2,4281501770"
"202100009817";"2";"11";"2021";"21:40";"5";"93";"93007";"2";"1";"1";"6";"ARISTIDE BRIAND (AVENUE COTE PAIRS)";"48,9432000000";"2,4426000000"
"202100009818";"2";"11";"2021";"19:51";"5";"93";"93007";"2";"3";"1";"3";"8 MAI 45 (AVENUE DU 1 AU 182)";"48,9450720878";"2,4351858154"
"202100009819";"2";"11";"2021";"09:20";"1";"92";"92073";"2";"1";"1";"3";"GALLIENI (QUAI)";"48,8706600000";"2,2321400000"
"202100009820";"28";"10";"2021";"09:00";"1";"92";"92035";"2";"3";"1";"3";"GÃ©nÃ©ral de Gaulle  ( avenue du )";"48,9063685636";"2,2557009012"
"202100009821";"29";"10";"2021";"20:50";"5";"92";"92025";"2";"3";"1";"3";"ORGEMONT  ( AVENUE D' )";"48,9313200000";"2,2727000000"
"202100009822";"2";"11";"2021";"16:45";"2";"92";"92002";"2";"1";"1";"6";"MAURICE LABROUSSE (RUE)";"48,7544900000";"2,2988100000"
"202100009823";"3";"11";"2021";"11:15";"1";"86";"86042";"2";"1";"8";"6";"D5";"46,9741320000";"0,6762480000"
"202100009824";"2";"11";"2021";"13:50";"1";"52";"52017";"1";"1";"1";"6";"RD10";"47,9566080000";"5,0180160000"
"202100009825";"21";"10";"2021";"15:35";"1";"31";"31035";"2";"1";"1";"2";"2c Route de Narbonne";"43,5354130000";"1,4839050000"
"202100009826";"27";"10";"2021";"15:30";"1";"81";"81266";"2";"1";"1";"6";"Avenue Pierre Fabre";"43,6472550000";"1,9769240000"
"202100009827";"2";"11";"2021";"22:14";"3";"28";"28141";"1";"1";"3";"4";"Autoroute A11, PK 076+400 vers Paris";"48,3213890000";"1,3552770000"
"202100009828";"2";"11";"2021";"18:15";"2";"28";"28021";"1";"1";"1";"1";"D921";"48,3778180000";"1,3485880000"
"202100009829";"3";"11";"2021";"00:00";"3";"972";"97220";"1";"1";"1";"6";"quartier desfarges";"14,4824180000";" -60,9029570000"
"202100009830";"2";"11";"2021";"08:45";"1";"34";"34114";"2";"7";"1";"6";"47 Boulevard Saint-Louis";"43,6527780000";"3,5498020000"
"202100009831";"3";"11";"2021";"16:00";"1";"51";"51237";"1";"1";"1";"1";"N4";"48,7191495781";"3,5298621655"
"202100009832";"23";"10";"2021";"20:15";"3";"80";"80694";"1";"2";"1";"1";"D1";"49,9362370000";"2,6041890000"
"202100009833";"31";"10";"2021";"04:45";"3";"82";"82126";"1";"1";"8";"6";"1171 Route du TraversiÃ©";"44,1572686189";"1,5651070083"
"202100009834";"3";"11";"2021";"18:15";"3";"55";"55166";"1";"1";"2";"6";"D34";"49,1145850000";"5,3866270000"
"202100009835";"3";"11";"2021";"07:50";"1";"34";"34029";"1";"2";"1";"3";"D32";"43,5506830000";"3,4867860000"
"202100009836";"2";"11";"2021";"18:45";"3";"68";"68140";"1";"2";"1";"3";"D8";"47,8885970000";"7,4480550000"
"202100009837";"2";"11";"2021";"08:15";"1";"25";"25367";"2";"4";"2";"3";"Chemin des Paturages";"47,4288380000";"6,7977740000"
"202100009838";"2";"11";"2021";"19:30";"5";"29";"29176";"1";"1";"2";"6";"5 les Hauts de Sainte Anne";"48,1331720000";" -4,2582960000"
"202100009839";"2";"11";"2021";"08:00";"2";"29";"29026";"1";"1";"2";"6";"Route de Dineault";"48,1995640000";" -4,1054700000"
"202100009840";"2";"11";"2021";"17:20";"2";"01";"01265";"2";"3";"1";"3";"Rue du Lyonnais";"46,1697538049";"5,5743116140"
"202100009841";"2";"11";"2021";"08:50";"1";"50";"50480";"1";"3";"1";"3";"route des isles  RD 650";"49,4855620000";" -1,7908920000"
"202100009842";"29";"10";"2021";"19:15";"3";"45";"45300";"1";"1";"2";"2";"1271 Route de Jargeau";"47,8504670000";"2,0500310000"
"202100009843";"31";"10";"2021";"19:28";"3";"10";"10375";"1";"3";"1";"7";"D161";"48,2952820000";"4,1640810000"
"202100009844";"3";"11";"2021";"09:20";"1";"16";"16096";"1";"1";"8";"1";"D94";"45,8052900000";"0,5686500000"
"202100009845";"2";"11";"2021";"14:50";"1";"53";"53155";"1";"1";"1";"7";"La Chatterie";"48,2825290000";" -0,8771570000"
"202100009846";"1";"11";"2021";"11:00";"1";"21";"21663";"2";"1";"1";"2";"34 Avenue de Dijon";"47,5388290000";"4,4616830000"
"202100009847";"3";"11";"2021";"09:59";"1";"21";"21476";"1";"2";"1";"3";"pasquier";"47,1431240000";"4,6151700000"
"202100009848";"1";"11";"2021";"09:30";"1";"24";"24172";"1";"1";"9";"6";"route de sireuil";"44,9453610000";"1,0644720000"
"202100009849";"2";"11";"2021";"18:20";"3";"87";"87032";"1";"1";"3";"1";"Les Courrieres";"45,6613760000";"0,9545870000"
"202100009850";"1";"11";"2021";"14:45";"1";"88";"88408";"1";"6";"2";"6";"rond point de saulx";"47,9071550000";"6,6963490000"
"202100009851";"3";"11";"2021";"07:15";"2";"02";"02676";"1";"1";"2";"6";"A26";"49,5352010000";"3,8593230000"
"202100009852";"2";"11";"2021";"08:53";"1";"67";"67471";"2";"1";"2";"7";"56 Route de Brumath";"48,6246720000";"7,7301910000"
"202100009853";"19";"10";"2021";"16:15";"1";"976";"97613";"1";"1";"1";"1";"D2";" -12,7610060000";"45,1100730000"
"202100009854";"3";"11";"2021";"01:25";"3";"76";"76682";"1";"1";"1";"7";"a13";"49,3200240000";"1,1026270000"
"202100009855";"2";"11";"2021";"19:30";"3";"13";"13087";"1";"1";"1";"6";"campagne blanche";"43,4698900000";"5,5892648000"
"202100009856";"2";"11";"2021";"14:15";"1";"77";"77235";"1";"1";"1";"2";"D3";"48,9875810000";"3,0691770000"
"202100009857";"2";"11";"2021";"17:40";"2";"77";"77317";"1";"1";"1";"6";"D619";"48,6001120000";"2,9002190000"
"202100009858";"3";"11";"2021";"09:00";"1";"34";"34299";"1";"1";"1";"2";"CD64";"43,2787360000";"3,2858560000"
"202100009859";"2";"11";"2021";"18:45";"5";"34";"34145";"2";"3";"1";"1";"Avenue des 4 Saisons";"43,6766990000";"4,1160640000"
"202100009860";"2";"11";"2021";"20:55";"3";"34";"34256";"1";"6";"2";"6";"d610";"43,6995890000";"4,0182070000"
"202100009861";"1";"11";"2021";"18:20";"3";"83";"83138";"1";"1";"1";"3";"les clots RD562";"43,5987715452";"6,6987955570"
"202100009862";"2";"11";"2021";"18:00";"5";"67";"67303";"2";"1";"3";"6";"24 Route de Haguenau";"48,9030640000";"7,7466290000"
"202100009863";"3";"11";"2021";"17:10";"1";"79";"79088";"1";"2";"1";"3";"N/A";"46,8146580000";" -0,3966240000"
"202100009864";"2";"11";"2021";"19:15";"4";"85";"85113";"2";"4";"2";"6";"Place du General Buat";"46,7229800000";" -2,3504630000"
"202100009865";"2";"11";"2021";"13:40";"1";"27";"27275";"2";"1";"1";"6";"Rue du GÃ©nÃ©ral de Gaulle";"49,1601130000";"1,3363950000"
"202100009866";"2";"11";"2021";"13:50";"1";"59";"59174";"1";"1";"1";"1";"CD27";"50,1885406821";"4,0507149696"
"202100009867";"2";"11";"2021";"01:50";"3";"13";"13019";"1";"1";"1";"3";"A51-Sens Marseille vers Aix en Provence";"43,4222100000";"5,3714000000"
"202100009868";"2";"11";"2021";"01:10";"3";"13";"13019";"1";"1";"1";"1";"A51-Sens Marseille vers Aix en Provence";"43,4217200000";"5,3707200000"
"202100009869";"2";"11";"2021";"08:35";"1";"33";"33039";"1";"1";"2";"6";"Rocade Sud Est A630";"44,7969800000";" -0,5380300000"
"202100009870";"30";"10";"2021";"02:45";"3";"59";"59356";"1";"1";"1";"7";"ROUTE DEPARTEMENTALE 652";"50,6531791788";"3,0043530464"
"202100009871";"2";"11";"2021";"19:00";"3";"92";"92002";"1";"1";"1";"3";"RN 385";"48,7602583257";"2,2818594708"
"202100009872";"2";"11";"2021";"18:03";"2";"91";"91661";"1";"1";"1";"4";"AUTOROUTE A10";"48,6954700000";"2,2345100000"
"202100009873";"2";"11";"2021";"06:15";"4";"91";"91086";"1";"1";"2";"7";"RN 104";"48,6232000000";"2,3889900000"
"202100009874";"2";"11";"2021";"01:40";"3";"91";"91086";"1";"1";"2";"2";"RN 104";"48,6238100000";"2,3754700000"
"202100009875";"1";"11";"2021";"21:15";"3";"91";"91521";"1";"1";"8";"2";"RN 104";"48,6268790000";"2,3994400000"
"202100009876";"1";"11";"2021";"04:31";"3";"91";"91477";"1";"9";"9";"1";"AUTOROUTE A126";"48,7237200000";"2,2465600000"
"202100009877";"2";"11";"2021";"19:00";"3";"92";"92012";"1";"1";"1";"2";"A13";"48,8485611292";"2,2295996632"
"202100009878";"2";"11";"2021";"17:50";"5";"75";"75116";"1";"1";"1";"3";"A13Y";"48,8483910000";"2,2472970000"
"202100009879";"2";"11";"2021";"20:30";"3";"92";"92078";"1";"1";"2";"2";"AUTOROUTE A86";"48,9302088519";"2,3257934269"
"202100009880";"2";"11";"2021";"09:00";"1";"95";"95042";"1";"1";"1";"6";"RN 104";"49,0566410000";"2,2884200000"
"202100009881";"2";"11";"2021";"06:30";"3";"60";"60421";"1";"1";"1";"2";"AUTOROUTE A1";"49,1760860947";"2,6022877692"
"202100009882";"2";"11";"2021";"06:30";"3";"95";"95572";"1";"1";"1";"6";"RN 184";"49,0355980000";"2,1172360000"
"202100009883";"1";"11";"2021";"20:28";"4";"60";"60612";"1";"1";"8";"4";"AUTOROUTE A1";"49,1928020000";"2,6032990000"
"202100009884";"1";"11";"2021";"19:50";"3";"95";"95572";"1";"1";"2";"6";"RN 184";"49,0338681278";"2,1113988159"
"202100009885";"1";"11";"2021";"16:50";"1";"93";"93039";"1";"1";"8";"4";"AUTOROUTE A86";"48,9266789645";"2,3358397729"
"202100009886";"10";"10";"2021";"12:50";"1";"92";"92036";"1";"1";"1";"4";"AUTOROUTE A86";"48,9339953804";"2,3205880188"
"202100009887";"2";"11";"2021";"17:05";"1";"94";"94028";"1";"1";"1";"2";"A86 EXT";"48,7981580773";"2,4447797986"
"202100009888";"2";"11";"2021";"15:00";"1";"77";"77146";"1";"1";"1";"4";"A4.Y";"48,8319870876";"2,6512725706"
"202100009889";"2";"11";"2021";"00:10";"3";"94";"94073";"1";"1";"2";"6";"A86 INT";"48,7592916531";"2,3835324056"
"202100009890";"21";"08";"2021";"06:30";"5";"78";"78646";"2";"1";"1";"6";"N/A";"48,7987690000";"2,1413980000"
"202100009891";"31";"10";"2021";"12:30";"1";"974";"97411";"2";"2";"1";"3";"VICTOIRE (AVENUE DE LA)";" -20,8766600000";"55,4481900000"
"202100009892";"31";"10";"2021";"10:15";"1";"974";"97411";"2";"1";"1";"3";"LECONTE DE LISLE (AVENUE)";" -20,8913600000";"55,4096700000"
"202100009893";"30";"10";"2021";"21:00";"5";"972";"97213";"1";"1";"1";"2";"AUTOROUTE A1";"14,6083610000";" -61,0051120000"
"202100009894";"30";"10";"2021";"13:00";"1";"971";"97105";"2";"9";"1";"5";"GASTON FEUILLARD(AVENUE)";"16,0048700000";" -61,7300200000"
"202100009895";"31";"10";"2021";"20:15";"5";"2A";"2A004";"1";"1";"1";"1";"ALATA ROUTE";"41,9370814614";"8,7359521064"
"202100009896";"1";"11";"2021";"19:00";"5";"91";"91377";"2";"1";"1";"6";"AV M RAMOLFO GARNIER";"48,7223680000";"2,2619920000"
"202100009897";"28";"10";"2021";"11:55";"1";"91";"91479";"2";"1";"1";"4";"AV ARISTIDE BRIAND";"48,7105400000";"2,3581400000"
"202100009898";"28";"10";"2021";"17:15";"1";"83";"83126";"2";"1";"2";"5";"LA SEYNE A OLLIOULES (CHEMIN DE)";"43,1146500000";"5,8567700000"
"202100009899";"22";"10";"2021";"17:10";"1";"83";"83009";"2";"1";"1";"6";"BEAUSSET (ROUTE DU)";"43,1468000000";"5,7652600000"
"202100009900";"31";"10";"2021";"19:40";"5";"77";"77243";"2";"1";"2";"6";"D231";"48,8764200000";"2,7216300000"
"202100009901";"1";"11";"2021";"10:30";"1";"76";"76319";"1";"1";"1";"7";"RN 138";"49,3540300000";"1,0297500000"
"202100009902";"2";"11";"2021";"00:30";"5";"69";"69266";"2";"2";"1";"2";"EMILE ZOLA (CO)";"45,7693400000";"4,8803200000"
"202100009903";"1";"11";"2021";"16:50";"1";"64";"64102";"2";"1";"1";"2";"SOULT (AVENUE MARECHAL)";"43,4873600000";" -1,4848000000"
"202100009904";"1";"11";"2021";"16:55";"1";"64";"64102";"2";"1";"1";"7";"GRENET (AVENUE HENRI)";"43,5013500000";" -1,4789600000"
"202100009905";"1";"11";"2021";"16:15";"1";"59";"59650";"2";"2";"2";"1";"EGALITE (BOULEVARD DE L')";"50,7098109131";"3,1936320662"
"202100009906";"1";"11";"2021";"08:45";"1";"56";"56260";"1";"1";"2";"7";"ROHIC(RUE DU)";"47,6601500000";" -2,7065600000"
"202100009907";"29";"10";"2021";"18:10";"1";"44";"44109";"1";"1";"1";"2";"PERIPHERIQUE ROUTIER";"47,2663700000";" -1,5848600000"
"202100009908";"1";"11";"2021";"12:57";"1";"33";"33063";"2";"1";"2";"2";"Rue Lucien Faure";"44,8637200000";" -0,5577600000"
"202100009909";"1";"11";"2021";"08:45";"2";"31";"31555";"2";"1";"2";"6";"RUE DE GIRONIS";"43,5635800000";"1,4188400000"
"202100009910";"1";"11";"2021";"05:30";"5";"31";"31555";"2";"1";"2";"1";"RUE ARISTIDE MAILLOL";"43,5797300000";"1,3965100000"
"202100009911";"1";"11";"2021";"15:45";"1";"25";"25056";"2";"3";"7";"3";"DANTON RUE";"47,2463800000";"6,0561550000"
"202100009912";"31";"10";"2021";"02:34";"5";"17";"17333";"2";"9";"1";"6";"CORDOUAN (AVENUE DE)";"45,6095580000";" -1,0026400000"
"202100009913";"1";"11";"2021";"09:44";"1";"14";"14715";"2";"9";"1";"3";"D513";"49,3627800000";"0,0851800000"
"202100009914";"1";"11";"2021";"21:10";"3";"13";"13117";"1";"9";"1";"6";"THALES (IMPASSE )";"43,4410700000";"5,2372100000"
"202100009915";"1";"11";"2021";"07:10";"2";"06";"06088";"2";"2";"2";"3";"VERANY (BD J.B.)";"43,7116800000";"7,2843300000"
"202100009916";"31";"10";"2021";"18:20";"2";"75";"75120";"2";"4";"2";"2";"PORTE DES LILAS";"48,8765340000";"2,4096450000"
"202100009917";"1";"11";"2021";"06:04";"3";"75";"75114";"2";"3";"1";"6";"AVENUE DU GENERAL LECLERC";"48,8312110000";"2,3297840000"
"202100009918";"29";"10";"2021";"23:37";"5";"75";"75120";"2";"1";"2";"3";"AVENUE GAMBETTA";"48,8634250000";"2,3896460000"
"202100009919";"1";"11";"2021";"01:20";"5";"75";"75106";"2";"7";"1";"7";"QUAI DE CONTI";"48,8576660000";"2,3371710000"
"202100009920";"31";"10";"2021";"16:15";"1";"75";"75105";"2";"7";"1";"2";"RUE CLOVIS";"48,8465220000";"2,3472550000"
"202100009921";"1";"11";"2021";"10:55";"1";"75";"75120";"2";"3";"1";"6";"RUE D AVRON";"48,8531820000";"2,4088110000"
"202100009922";"1";"11";"2021";"11:15";"1";"75";"75119";"2";"4";"1";"2";"BOULEVARD DE LA VILLETTE";"48,8751780000";"2,3736920000"
"202100009923";"1";"11";"2021";"11:50";"1";"75";"75118";"2";"2";"1";"3";"BOULEVARD NEY";"48,8976260000";"2,3290140000"
"202100009924";"1";"11";"2021";"06:15";"5";"75";"75118";"2";"4";"1";"3";"BOULEVARD ORNANO";"48,8926930000";"2,3487500000"
"202100009925";"1";"11";"2021";"11:20";"1";"75";"75117";"2";"2";"1";"3";"RUE BROCHANT";"48,8889440000";"2,3179770000"
"202100009926";"31";"10";"2021";"11:55";"1";"75";"75116";"2";"1";"2";"3";"AVENUE FOCH";"48,8735710000";"2,2923310000"
"202100009927";"1";"11";"2021";"19:20";"5";"75";"75105";"2";"3";"2";"6";"BOULEVARD SAINT GERMAIN";"48,8501660000";"2,3481470000"
"202100009928";"1";"11";"2021";"07:30";"1";"75";"75110";"2";"2";"1";"2";"RUE DU FAUBOURG SAINT DENIS";"48,8795310000";"2,3572220000"
"202100009929";"1";"11";"2021";"04:40";"5";"75";"75107";"2";"2";"1";"6";"AVENUE BOSQUET";"48,8562340000";"2,3049090000"
"202100009930";"1";"11";"2021";"17:00";"5";"75";"75103";"2";"2";"2";"7";"RUE DES ARCHIVES";"48,8612430000";"2,3582090000"
"202100009931";"1";"11";"2021";"04:23";"5";"75";"75101";"2";"2";"1";"6";"RUE DE RIVOLI";"48,8585410000";"2,3482360000"
"202100009932";"1";"11";"2021";"07:30";"2";"94";"94033";"2";"2";"1";"1";"Avenue de Lattre de Tassigny";"48,8521970000";"2,4945110000"
"202100009933";"1";"11";"2021";"06:00";"3";"77";"77291";"2";"1";"1";"2";"CHAPIT RE ( RUE DU)";"49,0046000000";"2,5845300000"
"202100009934";"1";"11";"2021";"17:48";"2";"93";"93059";"2";"1";"2";"6";"AMIENS (RUE D') NÂ° 02 AU NÂ°128";"48,9560000000";"2,3667800000"
"202100009935";"1";"11";"2021";"13:58";"1";"93";"93072";"2";"6";"1";"3";"GAMBETTA (AVENUE)";"48,9629740804";"2,3772784951"
"202100009936";"1";"11";"2021";"07:30";"2";"93";"93066";"2";"1";"1";"5";"WILSON (AVENUE DU PRESIDENT)";"48,9188095789";"2,3577934445"
"202100009937";"1";"11";"2021";"17:10";"1";"93";"93047";"2";"3";"2";"3";"GENERAL DE GAULLE (RUE DU)";"48,8993356434";"2,5595596433"
"202100009938";"1";"11";"2021";"09:30";"1";"92";"92072";"2";"3";"1";"6";"GRANDE RUE";"48,8241772293";"2,2105794938"
"202100009939";"31";"10";"2021";"22:10";"5";"92";"92050";"2";"2";"1";"3";"DIDEROT RUE";"48,8867033333";"2,2096413374"
"202100009940";"1";"11";"2021";"12:20";"1";"92";"92025";"2";"9";"1";"3";"PDT S.ALLENDE> 278   147 (RUE DU)";"48,9222169667";"2,2360342741"
"202100009941";"1";"11";"2021";"19:30";"5";"92";"92012";"2";"1";"1";"7";"JEAN JAURES (BOULEVARD) 63/215 - 70/208";"48,8273518454";"2,2470836341"
"202100009942";"2";"11";"2021";"15:00";"1";"83";"83148";"1";"1";"1";"6";"Autoroute A8";"43,4079160000";"6,4160160000"
"202100009943";"2";"11";"2021";"15:00";"1";"71";"71550";"1";"1";"1";"2";"autoroute A6 PK 365+750 sens Paris/Lyon";"46,4967820000";"4,8994520000"
"202100009944";"30";"10";"2021";"17:50";"1";"62";"62520";"2";"6";"1";"3";"Rue du 11 Novembre";"50,5705130000";"2,6663410000"
"202100009945";"2";"11";"2021";"06:32";"2";"62";"62839";"1";"1";"1";"6";"Vaulx-Vraucourt";"50,1466010000";"2,9171060000"
"202100009946";"1";"11";"2021";"13:30";"1";"51";"51030";"2";"6";"8";"7";"Rue du PrÃªche";"49,0509542025";"4,0069708228"
"202100009947";"2";"11";"2021";"00:30";"3";"56";"56240";"1";"1";"1";"6";"Belle-Croix";"47,5408610000";" -2,6932810000"
"202100009948";"7";"10";"2021";"06:45";"3";"74";"74165";"1";"1";"1";"6";"DÃ©partementale 3";"45,8278050000";"5,9885250000"
"202100009949";"20";"10";"2021";"20:15";"3";"76";"76063";"1";"2";"3";"3";"D23";"49,7255890000";"0,9956790000"
"202100009950";"1";"11";"2021";"20:50";"3";"82";"82136";"1";"1";"2";"6";"Chemin du Clos de Jeannou";"43,9028710000";"1,3804580000"
"202100009951";"1";"11";"2021";"15:55";"1";"32";"32160";"1";"1";"8";"2";"RD654 - PK 75+200";"43,6317270000";"1,0652230000"
"202100009952";"31";"10";"2021";"16:20";"1";"11";"11397";"1";"1";"1";"5";"rd610";"43,2048550000";"2,4656050000"
"202100009953";"2";"11";"2021";"09:45";"1";"61";"61214";"2";"1";"1";"6";"Rue du Docteur Blaizot";"48,7564820000";"0,6336930000"
"202100009954";"31";"10";"2021";"16:00";"1";"61";"61288";"1";"1";"1";"6";"D222";"48,6259930000";"0,0386130000"
"202100009955";"2";"11";"2021";"07:40";"1";"46";"46033";"1";"1";"2";"6";"Rue de Bovila RD656";"44,4003380000";"1,1727910000"
"202100009956";"2";"11";"2021";"08:00";"1";"47";"47217";"1";"1";"2";"7";"Naudou";"44,1926070000";"0,7716280000"
"202100009957";"23";"10";"2021";"01:30";"3";"29";"29093";"2";"1";"1";"6";"Rue du Stade";"48,5748960000";" -4,4142620000"
"202100009958";"29";"10";"2021";"19:15";"3";"38";"38189";"1";"1";"6";"1";"D53a";"45,6117330000";"5,0524230000"
"202100009959";"29";"07";"2021";"08:00";"1";"06";"06103";"1";"1";"1";"3";"M2565";"43,9979860000";"7,3170230000"
"202100009960";"2";"11";"2021";"08:55";"1";"06";"06079";"2";"1";"1";"6";"649 Avenue des Anciens Combattants";"43,5549930000";"6,9412970000"
"202100009961";"2";"11";"2021";"12:15";"1";"50";"50168";"2";"1";"7";"6";"18 Rue du GÃ©nie";"48,6194250000";" -1,2915940000"
"202100009962";"1";"11";"2021";"21:30";"3";"50";"50589";"1";"1";"1";"2";"RN 175 PK 58.950";"48,5811820000";" -1,4409580000"
"202100009963";"2";"11";"2021";"18:54";"3";"21";"21150";"1";"3";"2";"3";"Les Grandes Corvees";"46,9320960000";"4,7400860000"
"202100009964";"1";"11";"2021";"17:15";"1";"40";"40259";"1";"1";"8";"7";"2375 Avenue du Bas-Armagnac";"43,8573410000";" -0,3046020000"
"202100009965";"31";"10";"2021";"05:25";"3";"85";"85034";"1";"1";"2";"6";"D948";"46,6271290000";" -1,1614130000"
"202100009966";"2";"11";"2021";"09:13";"1";"06";"06084";"2";"1";"7";"6";"310 Avenue de Grasse";"43,6224190000";"6,9686150000"
"202100009967";"27";"10";"2021";"11:50";"1";"33";"33042";"1";"1";"1";"2";"N/A";"44,4756040000";" -0,8267580000"
"202100009968";"1";"11";"2021";"21:10";"3";"28";"28363";"1";"9";"2";"2";"A10";"48,4069990000";"1,8952750000"
"202100009969";"31";"10";"2021";"13:30";"1";"973";"97308";"2";"1";"2";"6";"23 Rue Alphonse Gueye";"3,8903670000";" -51,8007740000"
"202100009970";"1";"11";"2021";"15:00";"1";"21";"21171";"2";"6";"1";"3";"Avenue de l EgalitÃ©";"47,2982560000";"5,1347300000"
"202100009971";"1";"11";"2021";"15:35";"1";"45";"45226";"2";"2";"1";"3";"Rue des Cassines";"47,7962780000";"2,2534980000"
"202100009972";"30";"10";"2021";"01:20";"5";"11";"11301";"2";"4";"1";"6";"Intersection D111 et D610";"43,2225970000";"2,6189090000"
"202100009973";"29";"10";"2021";"19:00";"2";"34";"34023";"1";"9";"1";"6";"D600 en direction de sÃ¨te";"43,4485570000";"3,7074570000"
"202100009974";"1";"11";"2021";"12:25";"1";"34";"34081";"2";"3";"1";"6";"avenue de BEZIERS";"43,3140310000";"3,1402710000"
"202100009975";"2";"11";"2021";"15:10";"1";"13";"13066";"1";"3";"1";"1";"6309 Route de ChÃ¢teaurenard";"43,8856760000";"4,8939850000"
"202100009976";"1";"11";"2021";"22:00";"3";"08";"08142";"1";"9";"1";"6";"A.34 Bretelle de sortie nÂ°03 Ã©changeur 05";"49,7142690000";"4,8810630000"
"202100009977";"1";"11";"2021";"16:50";"2";"69";"69200";"2";"1";"9";"6";"PLAT DU MONT";"45,8549493677";"4,4712146589"
"202100009978";"29";"10";"2021";"13:00";"1";"69";"69072";"2";"2";"1";"2";"PORTE DE LYON (DE LA) (AV)";"45,8213830000";"4,7638930000"
"202100009979";"2";"11";"2021";"18:30";"5";"64";"64422";"2";"1";"3";"3";"11 Place de la Resistance";"43,1932330176";" -0,6047844887"
"202100009980";"21";"10";"2021";"08:00";"5";"33";"33227";"2";"2";"1";"3";"D1562";"44,5543850000";" -0,2548100000"
"202100009981";"19";"10";"2021";"15:20";"1";"33";"33438";"1";"1";"1";"4";"N/A";"44,5709040000";" -0,2468600000"
"202100009982";"31";"10";"2021";"18:30";"3";"56";"56263";"1";"1";"9";"1";"Route de Vannes";"47,7036390000";" -2,9408220000"
"202100009983";"1";"11";"2021";"10:30";"1";"60";"60612";"1";"1";"1";"2";"D1330";"49,2116174571";"2,6071688775"
"202100009984";"24";"10";"2021";"01:30";"3";"59";"59477";"2";"1";"1";"6";"Rue Jules Guesde";"50,5121920000";"2,9065920000"
"202100009985";"28";"10";"2021";"08:05";"2";"13";"13055";"1";"1";"1";"4";"A507 sens Aubagne- Marseille";"43,3453700000";"5,3741700000"
"202100009986";"1";"11";"2021";"02:30";"3";"91";"91340";"1";"1";"8";"6";"RN 104";"48,6088500000";"2,4354000000"
"202100009987";"1";"11";"2021";"00:50";"3";"91";"91521";"1";"1";"1";"6";"RN 104";"48,6322000000";"2,4010000000"
"202100009988";"1";"11";"2021";"10:15";"1";"60";"60494";"1";"1";"1";"4";"AUTOROUTE A1";"49,1169910000";"2,5556070000"
"202100009989";"1";"11";"2021";"21:00";"5";"94";"94033";"1";"1";"3";"4";"A86.EXT";"48,8552845039";"2,4893358452"
"202100009990";"1";"11";"2021";"20:00";"3";"94";"94004";"1";"1";"1";"2";"RN19.Y";"48,7507114953";"2,5144422054"
"202100009991";"27";"06";"2021";"06:30";"2";"62";"62196";"1";"1";"1";"6";"Rue des Fours Romains";"50,4791760000";"1,7054930000"
"202100009992";"31";"10";"2021";"19:35";"3";"974";"97416";"1";"6";"1";"3";"BASSIN PLAT(CHEMIN)";" -21,3271000000";"55,4935000000"
"202100009993";"30";"10";"2021";"14:30";"1";"974";"97416";"1";"1";"1";"2";"RN1 (ROUTE NATIONALE)";" -21,3310700000";"55,4561400000"
"202100009994";"31";"10";"2021";"06:30";"2";"69";"69383";"2";"1";"1";"7";"GARIBALDI (R)";"45,7579323962";"4,8525989056"
"202100009995";"31";"10";"2021";"02:15";"5";"69";"69383";"2";"1";"2";"3";"WILSON (PT)";"45,7598500000";"4,8413000000"
"202100009996";"30";"10";"2021";"19:40";"3";"972";"97213";"1";"1";"1";"6";"AUTOROUTE A1";"14,6059400000";" -61,0032200000"
"202100009997";"30";"10";"2021";"18:20";"3";"972";"97213";"2";"1";"1";"1";"ROUTE DEPARTEMENTALE 3";"14,6157100000";" -60,9899900000"
"202100009998";"31";"10";"2021";"02:00";"5";"69";"69382";"2";"1";"2";"2";"DOCTEUR GAILLETON (DU) (Q)";"45,7521010000";"4,8328370000"
"202100009999";"31";"10";"2021";"19:50";"3";"971";"97101";"1";"3";"1";"3";"PALAIS ROYAL";"16,2996000000";" -61,4911700000"