"Num_Acc";"jour";"mois";"an";"hrmn";"lum";"dep";"com";"agg";"int";"atm";"col";"adr";"lat";"long"
"202100010189";"31";"10";"2021";"21:13";"5";"92";"92020";"2";"1";"1";"6";"DIVISION LECLERC AVENUE DE LA";"48,7968380000";"2,2804760000"
"202100010190";"30";"10";"2021";"05:30";"3";"92";"92036";"2";"1";"2";"6";"PEPINIERE (ALLEE DE LA )";"48,9267730562";"2,2902056349"
"202100010191";"30";"10";"2021";"13:30";"1";"92";"92004";"2";"1";"2";"1";"GRESILLONS ( AVENUE DES  )";"48,9168237819";"2,3062625527"
"202100010192";"31";"10";"2021";"01:30";"3";"01";"01074";"1";"1";"2";"6";"RD 904";"45,9803200000";"5,2075140000"
"202100010193";"30";"10";"2021";"11:00";"1";"86";"86070";"1";"3";"1";"3";"D951";"46,5718600000";"0,7336040000"
"202100010194";"31";"10";"2021";"01:25";"5";"59";"59088";"1";"1";"1";"6";"521 Rue de la Chapelle";"50,6517910000";"2,8804920000"
"202100010195";"31";"10";"2021";"07:25";"3";"34";"34114";"1";"1";"2";"2";"pk 27+000, autoroute A750";"43,6402990000";"3,5745910000"
"202100010196";"31";"10";"2021";"07:25";"2";"30";"30290";"1";"1";"2";"6";"route de Saint Julien de Peyrolas, D343";"44,2631270000";"4,5905900000"
"202100010197";"30";"10";"2021";"20:00";"3";"50";"50099";"1";"2";"1";"3";"Route de Carentan";"49,3080600000";" -1,1800700000"
"202100010198";"30";"10";"2021";"19:30";"5";"83";"83054";"2";"1";"2";"1";"Chemin Alphonse Lavallee";"43,1581523631";"6,0487997532"
"202100010199";"31";"10";"2021";"18:37";"5";"77";"77182";"2";"1";"2";"1";"D934";"48,7831050000";"3,2929430000"
"202100010200";"31";"10";"2021";"02:00";"3";"66";"66141";"1";"1";"1";"6";"D900";"42,7610550000";"2,8978050000"
"202100010201";"30";"10";"2021";"22:40";"3";"56";"56098";"1";"1";"1";"6";"N165 sens Nantes/Brest";"47,7786310000";" -3,3515270000"
"202100010202";"30";"10";"2021";"20:30";"3";"76";"76020";"1";"9";"1";"7";"Route de Bourg Achard";"49,4414840000";"0,8885760000"
"202100010203";"31";"10";"2021";"15:10";"1";"80";"80620";"2";"1";"3";"6";"Rue de la Resistance";"49,9287790000";"2,9321480000"
"202100010204";"31";"10";"2021";"02:19";"3";"32";"32208";"1";"1";"5";"6";"RN 21";"43,9166990000";"0,6280770000"
"202100010205";"31";"10";"2021";"16:00";"1";"71";"71388";"2";"1";"1";"3";"le bourg";"46,4970998468";"4,2107949434"
"202100010206";"8";"10";"2021";"16:15";"1";"63";"63072";"2";"1";"1";"6";"Rue de Lyon";"45,8771760000";"3,6976750000"
"202100010207";"31";"10";"2021";"03:00";"3";"49";"49069";"1";"1";"1";"6";"Le Patis (st Sauveur-de-Landemont)";"47,2731950000";" -1,2469910000"
"202100010208";"31";"10";"2021";"19:30";"3";"39";"39244";"1";"1";"2";"6";"N/A";"46,7833720000";"5,6516270000"
"202100010209";"9";"10";"2021";"10:55";"1";"44";"44195";"1";"1";"1";"1";"Moulin de la PÃ¢quelais (Patrimoine national)";"47,3410070000";" -1,8960640000"
"202100010210";"30";"10";"2021";"20:13";"3";"44";"44018";"1";"1";"1";"5";"M751a";"47,1421240000";" -1,6677330000"
"202100010211";"30";"10";"2021";"19:00";"2";"03";"03311";"2";"1";"1";"2";"D43";"46,1382590000";"3,0914350000"
"202100010212";"25";"10";"2021";"11:50";"1";"03";"03085";"1";"3";"1";"3";"RD 945";"46,5498190000";"3,2457630000"
"202100010213";"31";"10";"2021";"17:20";"1";"26";"26017";"1";"1";"1";"6";"20 Rue du Lavoir ";"44,6234880000";"5,3453530000"
"202100010214";"31";"10";"2021";"02:20";"3";"60";"60508";"1";"6";"2";"6";"D123";"49,3080010000";"2,6830240000"
"202100010215";"30";"10";"2021";"17:42";"1";"43";"43007";"1";"1";"1";"7";"lieu dit MONTBUZAT";"45,0509830000";"4,1804480000"
"202100010216";"31";"10";"2021";"05:10";"3";"16";"16216";"1";"1";"1";"6";"RN 141, PR 86+250";"45,6871429662";" -0,0809973478"
"202100010217";"29";"10";"2021";"18:00";"1";"40";"40321";"1";"1";"1";"1";"D2 route de geaune";"43,6443050000";" -0,4359770000"
"202100010218";"30";"10";"2021";"19:20";"5";"24";"24040";"2";"1";"2";"1";"Le bourg";"44,8384270000";"1,1483290000"
"202100010219";"31";"10";"2021";"15:45";"1";"85";"85047";"2";"2";"1";"3";"Route d Apremont";"46,8349340000";" -1,8502270000"
"202100010220";"22";"10";"2021";"18:30";"2";"85";"85046";"1";"1";"1";"1";"Le Bois aux Moines";"46,7032060000";" -1,2579690000"
"202100010221";"31";"10";"2021";"01:35";"3";"85";"85008";"1";"1";"1";"6";"La Miltiere";"46,5878780000";" -1,4769970000"
"202100010222";"31";"10";"2021";"02:15";"3";"50";"50446";"1";"1";"8";"6";"le calvaire";"49,1286210000";" -1,0000000000"
"202100010223";"29";"10";"2021";"00:30";"3";"976";"97606";"1";"1";"1";"1";"RD 5  - sortie de Poroani";" -12,8993820000";"45,1448500000"
"202100010224";"30";"10";"2021";"23:50";"3";"34";"34270";"1";"1";"3";"6";"A9";"43,5627420000";"3,8314440000"
"202100010225";"30";"10";"2021";"21:00";"5";"987";"98712";"1";"1";"1";"2";"ROUTE D'ERIMA";" -17,5308420000";" -149,5230670000"
"202100010226";"30";"10";"2021";"00:15";"3";"13";"13090";"1";"1";"1";"1";"d56";"43,5190000000";"5,5970000000"
"202100010227";"29";"10";"2021";"07:29";"5";"77";"77183";"2";"3";"1";"1";"D402";"48,9475210000";"3,1332130000"
"202100010228";"31";"10";"2021";"03:40";"3";"78";"78262";"1";"1";"8";"1";"RN 12";"48,8019720000";"1,7994660000"
"202100010229";"30";"10";"2021";"10:00";"1";"34";"34023";"2";"1";"1";"6";"avenue pasteur";"43,4376230000";"3,6770680000"
"202100010230";"30";"10";"2021";"16:20";"1";"71";"71360";"2";"1";"2";"7";"33 Rue des Grandes Vignes";"46,3225064284";"4,7521418914"
"202100010231";"30";"10";"2021";"16:30";"1";"74";"74197";"1";"1";"2";"1";"815 Route d Annecy";"46,1349840000";"6,3119300000"
"202100010232";"31";"10";"2021";"06:45";"5";"42";"42147";"2";"1";"1";"1";"Boulevard LachÃ¨ze";"45,6049620000";"4,0659400000"
"202100010233";"31";"10";"2021";"15:55";"1";"38";"38376";"1";"1";"1";"1";"400 Route de Saint Laurent du Pont";"45,4264310000";"5,7752570000"
"202100010234";"31";"10";"2021";"06:55";"2";"38";"38376";"1";"1";"8";"7";"D520";"45,4385590000";"5,7655640000"
"202100010235";"30";"10";"2021";"15:40";"1";"01";"01043";"2";"1";"1";"6";"Route de GenÃ¨ve";"45,8356690000";"5,0001790000"
"202100010236";"31";"10";"2021";"10:50";"1";"60";"60241";"1";"1";"1";"7";"Route DÃ©partementale 126";"49,1265220000";"2,6359460000"
"202100010237";"30";"10";"2021";"13:00";"1";"59";"59197";"1";"1";"2";"1";"D145";"50,5479080000";"3,1450720000"
"202100010238";"30";"10";"2021";"16:30";"1";"13";"13071";"1";"1";"1";"2";"A7-Sens Marseille vers Lyon";"43,4123290000";"5,2814930000"
"202100010239";"30";"10";"2021";"09:55";"1";"13";"13085";"1";"1";"3";"6";"A50-Sens Toulon vers Aubagne";"43,2569890000";"5,5930040000"
"202100010240";"30";"10";"2021";"02:15";"5";"13";"13055";"1";"1";"1";"7";"A507 sens Marseille - Aubagne";"43,3244300000";"5,4246500000"
"202100010241";"29";"10";"2021";"18:30";"1";"13";"13071";"1";"1";"1";"2";"A7-Sens Marseille vers Lyon";"43,4125400000";"5,2813750000"
"202100010242";"29";"10";"2021";"15:35";"1";"13";"13215";"1";"1";"1";"2";"A7-Sens Marseille vers Lyon";"43,3428770000";"5,3761560000"
"202100010243";"29";"10";"2021";"11:06";"1";"13";"13202";"1";"1";"2";"6";"A557-Liaison A7 Marseille-A55 Marseille";"43,3170059801";"5,3639681131"
"202100010244";"26";"10";"2021";"09:53";"1";"42";"42330";"1";"1";"1";"3";"A72";"45,4782100000";"4,3529600000"
"202100010245";"22";"10";"2021";"10:53";"1";"54";"54115";"1";"1";"1";"3";"Autoroute A 31";"48,6944700000";"6,1046000000"
"202100010246";"30";"10";"2021";"17:00";"1";"94";"94034";"1";"1";"2";"2";"AUTOROUTE A86";"48,7601500000";"2,3210700000"
"202100010247";"30";"10";"2021";"17:35";"1";"94";"94034";"1";"1";"1";"6";"AUTOROUTE A86";"48,7588000000";"2,3368800000"
"202100010248";"30";"10";"2021";"11:30";"1";"94";"94034";"1";"1";"2";"4";"D86A";"48,7602012934";"2,3206169189"
"202100010249";"30";"10";"2021";"08:00";"5";"92";"92036";"1";"1";"2";"7";"A86";"48,9346445248";"2,2690583247"
"202100010250";"30";"10";"2021";"06:10";"3";"78";"78297";"1";"1";"2";"6";"RN12";"48,7879420000";"2,0638540000"
"202100010251";"29";"10";"2021";"20:30";"3";"78";"78007";"1";"1";"2";"4";"A13 Y";"48,8984440000";"2,0058000000"
"202100010252";"29";"10";"2021";"20:25";"3";"78";"78640";"1";"1";"1";"3";"A86 EXT";"48,7771920000";"2,2237500000"
"202100010253";"29";"10";"2021";"18:45";"3";"93";"93027";"1";"1";"2";"5";"AUTOROUTE A1";"48,9384000000";"2,3880700000"
"202100010254";"29";"10";"2021";"19:45";"1";"93";"93005";"1";"1";"2";"2";"AUTOROUTE A3";"48,9427982611";"2,4781036377"
"202100010255";"30";"10";"2021";"09:00";"1";"93";"93027";"1";"1";"2";"7";"AUTOROUTE A86";"48,9284000000";"2,4168900000"
"202100010256";"30";"10";"2021";"05:00";"3";"93";"93027";"1";"1";"3";"6";"AUTOROUTE A86";"48,9279200000";"2,4125500000"
"202100010257";"30";"10";"2021";"02:15";"3";"93";"93027";"1";"1";"2";"7";"AUTOROUTE A86";"48,9282500000";"2,4119300000"
"202100010258";"30";"10";"2021";"01:50";"5";"95";"95277";"1";"1";"2";"6";"A3";"48,9733300000";"2,4863300000"
"202100010259";"30";"10";"2021";"01:20";"3";"95";"95582";"1";"1";"8";"6";"A15";"48,9659500000";"2,2585900000"
"202100010260";"29";"10";"2021";"19:15";"2";"95";"95154";"1";"1";"3";"4";"A1";"49,0389500000";"2,5423000000"
"202100010261";"29";"10";"2021";"21:30";"3";"76";"76540";"2";"2";"1";"6";"CHAMPLAIN. AVENUE";"49,4347000000";"1,0934700000"
"202100010262";"22";"10";"2021";"16:30";"1";"91";"91521";"2";"1";"1";"6";"AV GAY LUSSAC";"48,6422700000";"2,4132700000"
"202100010263";"29";"10";"2021";"08:45";"1";"974";"97411";"1";"1";"2";"7";"LITTORAL (ROUTE 2 DU)";" -20,8908000000";"55,3845200000"
"202100010264";"28";"10";"2021";"17:05";"1";"973";"97302";"2";"1";"1";"3";"GALMOT (AVENUE)";"4,9323800000";" -52,3269200000"
"202100010265";"29";"10";"2021";"22:10";"5";"69";"69388";"2";"1";"1";"2";"VIENNE (DE) (RTE)";"45,7368700000";"4,8527000000"
"202100010266";"29";"10";"2021";"17:45";"1";"69";"69389";"2";"1";"1";"6";"ROSA PARKS (AV)";"45,7867000000";"4,7923500000"
"202100010267";"29";"10";"2021";"16:00";"1";"69";"69149";"2";"1";"1";"6";"EMILE ZOLA (BD)";"45,7195001452";"4,8053904661"
"202100010268";"29";"10";"2021";"05:50";"1";"971";"97120";"2";"2";"2";"3";"FAIDHERBE (BOULEVARD)";"16,2400600000";" -61,5320400000"
"202100010269";"27";"10";"2021";"10:37";"1";"95";"95598";"2";"6";"7";"6";"AVENUE KELLERMANN";"48,9799330000";"2,2920300000"
"202100010270";"29";"10";"2021";"22:10";"5";"91";"91191";"2";"9";"2";"3";"Jean Jaures (Avenue)";"48,7139630000";"2,4622600000"
"202100010271";"28";"10";"2021";"19:04";"2";"91";"91223";"1";"3";"1";"3";"CD63";"48,4047300000";"2,2138400000"
"202100010272";"28";"10";"2021";"21:17";"5";"87";"87085";"2";"1";"1";"6";"MONTJOVIS (AVENUE)";"45,8413700000";"1,2461000000"
"202100010273";"27";"10";"2021";"19:25";"1";"87";"87085";"2";"1";"1";"2";"AUTOROUTE A20";"45,8373000000";"1,2831300000"
"202100010274";"28";"10";"2021";"12:21";"1";"87";"87085";"2";"1";"1";"6";"CHARENTES (PLACE DES)";"45,8379800000";"1,2523900000"
"202100010275";"26";"10";"2021";"17:11";"1";"87";"87085";"2";"2";"1";"3";"DUTREIX (RUE ARMAND)";"45,8345400000";"1,2265000000"
"202100010276";"28";"10";"2021";"07:57";"2";"87";"87065";"2";"3";"1";"3";"PAGNOL (AVENUE MARCEL-)";"45,8145200000";"1,3379200000"
"202100010277";"27";"10";"2021";"09:05";"1";"84";"84007";"2";"1";"1";"6";"MISTRAL7  (Parking C.Commercial)";"43,9212800000";"4,8667300000"
"202100010278";"29";"10";"2021";"16:55";"1";"77";"77378";"2";"1";"3";"6";"FONTAINEBLEAU(AVENUE DE)";"48,5269820000";"2,5527740000"
"202100010279";"26";"10";"2021";"12:50";"1";"77";"77296";"1";"1";"1";"6";"RUE DENIS PAPIN";"48,6114200000";"2,5926500000"
"202100010280";"29";"10";"2021";"22:50";"5";"72";"72181";"2";"6";"2";"3";"TIRONNEAU ADRIEN (PL)";"47,9829900000";"0,2106200000"
"202100010281";"29";"10";"2021";"18:15";"1";"72";"72181";"2";"1";"1";"6";"EDISON THOMAS (RUE)";"48,0249900000";"0,1794100000"
"202100010282";"24";"09";"2021";"12:25";"1";"70";"70550";"2";"1";"1";"3";"BARBIER (QUAI YVES)";"47,6195300000";"6,1490000000"
"202100010283";"29";"10";"2021";"18:20";"5";"69";"69266";"2";"1";"1";"3";"ETIENNE GAGNAIRE (R)";"45,7729621130";"4,8656372213"
"202100010284";"29";"10";"2021";"12:50";"1";"69";"69290";"2";"3";"1";"3";"JULES FERRY (R)";"45,6961100000";"4,9476500000"
"202100010285";"28";"10";"2021";"18:40";"5";"69";"69029";"2";"6";"1";"3";"FRANKLIN ROOSEVELT (AV)";"45,7347300000";"4,9052600000"
"202100010286";"29";"10";"2021";"09:30";"1";"69";"69290";"2";"2";"1";"3";"EDOUARD HERRIOT (BD)";"45,6943600000";"4,9411600000"
"202100010287";"28";"10";"2021";"11:05";"1";"69";"69266";"2";"1";"1";"6";"SALVADOR ALLENDE (AV)";"45,7754000000";"4,8639000000"
"202100010288";"27";"10";"2021";"22:07";"3";"66";"66136";"2";"1";"1";"3";"ABBE PIERRE";"42,6924500000";"2,8796300000"
"202100010289";"29";"10";"2021";"15:45";"1";"65";"65440";"2";"2";"2";"3";"DEVILLE (RUE)";"43,2347850000";"0,0797730000"
"202100010290";"27";"10";"2021";"19:05";"1";"65";"65286";"2";"3";"1";"3";"MARQUI (AVENUE ALEXANDRE)";"43,1049900000";" -0,0414700000"
"202100010291";"29";"10";"2021";"22:16";"5";"64";"64102";"2";"1";"2";"5";"NAVARRE (AVENUE HENRI DE)";"43,5135300000";" -1,4361300000"
"202100010292";"29";"10";"2021";"12:50";"1";"64";"64024";"2";"1";"2";"3";"20 rue du PhÃ©nix";"43,4970500000";" -1,5066800000"
"202100010293";"29";"10";"2021";"12:40";"1";"64";"64102";"2";"6";"2";"7";"Rond-Point de la PiÃ¨ce NoyÃ©e";"43,5004200000";" -1,4813900000"
"202100010294";"28";"10";"2021";"17:35";"1";"64";"64024";"1";"1";"1";"2";"BASSUSSARRY (ROUTE DE)";"43,4533800000";" -1,4976400000"
"202100010295";"28";"10";"2021";"14:00";"1";"63";"63300";"1";"1";"1";"4";"RD 2009";"45,9011600000";"3,1330600000"
"202100010296";"19";"10";"2021";"19:55";"5";"62";"62498";"2";"3";"1";"3";"DUSOUICH (R)";"50,4372440000";"2,8385920000"
"202100010297";"28";"10";"2021";"22:45";"3";"62";"62848";"2";"1";"1";"6";"CD 937";"50,5067740000";"2,6505840000"
"202100010298";"30";"10";"2021";"00:45";"5";"59";"59279";"1";"1";"1";"7";"LINSELLES (ROUTE DE)";"50,7696800000";"3,1050900000"
"202100010299";"29";"10";"2021";"16:40";"1";"59";"59350";"2";"1";"1";"3";"TOURNAI PONT DE";"50,6219400000";"3,0885200000"
"202100010300";"27";"10";"2021";"07:40";"2";"59";"59178";"2";"6";"1";"3";"FERRER (RUE FRANCISCO)";"50,3974000000";"3,1039000000"
"202100010301";"28";"10";"2021";"20:30";"3";"58";"58194";"2";"6";"1";"7";"CROIX JOYEUSE (CARREFOUR)";"46,9952000000";"3,1683000000"
"202100010302";"28";"10";"2021";"20:40";"5";"58";"58194";"2";"3";"1";"3";"MARZY";"46,9873600000";"3,1364300000"
"202100010303";"29";"10";"2021";"09:55";"1";"54";"54431";"2";"1";"1";"6";"DUROC (PLACE)";"48,9029000000";"6,0555700000"
"202100010304";"27";"10";"2021";"11:50";"1";"54";"54265";"1";"5";"1";"3";"Route de Mirecourt";"48,6474400000";"6,1823900000"
"202100010305";"29";"10";"2021";"19:00";"2";"54";"54159";"1";"1";"1";"6";"SOMMERVILLER (ROUTE DE)";"48,6290900000";"6,3634400000"
"202100010306";"29";"10";"2021";"18:35";"5";"51";"51454";"2";"2";"1";"4";"Rue Gustave Laurent";"49,2545300000";"4,0482300000"
"202100010307";"29";"10";"2021";"18:10";"5";"51";"51454";"2";"3";"3";"7";"Rue Ambroise Petit";"49,2418586986";"4,0410338625"
"202100010308";"28";"10";"2021";"18:51";"5";"51";"51172";"2";"6";"1";"7";"Boulevard dâAlsace Lorraine";"49,2163646916";"4,0503668242"
"202100010309";"29";"10";"2021";"17:53";"1";"49";"49015";"2";"2";"1";"3";"CHAMPS RUE DES";"47,4970200000";" -0,5890800000"
"202100010310";"29";"10";"2021";"15:38";"1";"49";"49007";"2";"1";"1";"7";"ROI RENE BOULEVARD";"47,4667900000";" -0,5538400000"
"202100010311";"29";"10";"2021";"02:20";"5";"49";"49055";"2";"1";"1";"7";"CANTENAY EPINARD ROUTE";"47,5155500000";" -0,5695900000"
"202100010312";"29";"10";"2021";"01:31";"5";"49";"49007";"2";"1";"1";"6";"GAMBETTA";"47,4765500000";" -0,5539900000"
"202100010313";"28";"10";"2021";"17:30";"1";"47";"47323";"2";"2";"1";"3";"LEYGUES (BLVD GEORGES)";"44,4079660000";"0,7077060000"
"202100010314";"29";"10";"2021";"18:57";"5";"45";"45234";"2";"7";"2";"2";"Place Albert 1er";"47,9075300000";"1,9062200000"
"202100010315";"29";"10";"2021";"18:12";"2";"45";"45234";"2";"2";"2";"3";"FAUBOURG BANNIER (RUE DU )";"47,9176000000";"1,8986300000"
"202100010316";"29";"10";"2021";"22:15";"5";"37";"37261";"2";"1";"1";"6";"ALOUETTE (AVENUE)";"47,3628100000";"0,6963400000"
"202100010317";"28";"10";"2021";"23:05";"5";"37";"37261";"2";"3";"1";"3";"MICHEL (RUE LOUISE)";"47,4103946447";"0,7066217521"
"202100010318";"29";"10";"2021";"15:45";"1";"35";"35238";"2";"1";"7";"2";"BOURGEOIS (BOULEVARD LEON)";"48,1001500000";" -1,6504300000"
"202100010319";"28";"10";"2021";"15:00";"1";"34";"34032";"2";"1";"1";"3";"ESCLARMONDE DE FOIX";"43,3379100000";"3,1836200000"
"202100010320";"25";"10";"2021";"16:35";"1";"34";"34003";"2";"6";"1";"3";"GENTILSHOMMES (H16 A L17";"43,2857200000";"3,5135600000"
"202100010321";"29";"10";"2021";"16:20";"1";"33";"33281";"2";"9";"8";"6";"Avenue de la Somme";"44,8295500000";" -0,6621600000"
"202100010322";"28";"10";"2021";"14:05";"1";"33";"33032";"2";"1";"1";"3";"Rue d'AmbarÃ¨s";"44,9158300000";" -0,5094900000"
"202100010323";"29";"10";"2021";"11:10";"1";"31";"31555";"2";"1";"1";"3";"CHE DE GINESTOUS";"43,6395400000";"1,4111400000"
"202100010324";"28";"10";"2021";"11:55";"1";"27";"27701";"1";"1";"1";"2";"D6154";"49,2491400000";"1,1854600000"
"202100010325";"29";"10";"2021";"03:50";"5";"27";"27701";"2";"1";"1";"1";"LACS (ROUTE DES) BLANCHE A GALION";"49,2758800000";"1,2111100000"
"202100010326";"28";"10";"2021";"19:30";"2";"19";"19031";"2";"3";"1";"3";"QUEUILLE (AVENUE HENRI)";"45,1687100000";"1,5312100000"
"202100010327";"29";"10";"2021";"16:39";"1";"17";"17300";"2";"1";"2";"2";"MONNET   AVENUE JEAN";"46,1442900000";" -1,1530600000"
"202100010328";"29";"10";"2021";"02:00";"5";"17";"17300";"2";"1";"1";"6";"VILLENEUVE   RUE";"46,1603700000";" -1,1471800000"
"202100010329";"29";"10";"2021";"18:50";"3";"14";"14167";"2";"1";"1";"3";"CD NÂ°  402";"49,2041630000";" -0,3088680000"
"202100010330";"29";"10";"2021";"14:00";"1";"14";"14118";"2";"1";"1";"6";"VENDEUVRE (QUAI)";"49,1804000000";" -0,3504200000"
"202100010331";"28";"10";"2021";"17:55";"1";"14";"14437";"2";"9";"1";"3";"D513";"49,1829000000";" -0,3192000000"
"202100010332";"29";"10";"2021";"15:45";"1";"13";"13202";"2";"1";"1";"2";"CARGO RHIN FIDELI (RUE)";"43,3272800000";"5,3575200000"
"202100010333";"29";"10";"2021";"14:30";"1";"13";"13202";"2";"1";"1";"1";"REPUBLIQUE (RUE DE LA)";"43,2991000000";"5,3716600000"
"202100010334";"28";"10";"2021";"11:00";"1";"13";"13205";"2";"2";"1";"6";"BAILLE (BOULEVARD)";"43,2877700000";"5,3901200000"
"202100010335";"29";"10";"2021";"18:00";"2";"10";"10387";"2";"1";"2";"7";"JEAN SIMONNET (RUE)";"48,3016600000";"4,0821500000"
"202100010336";"29";"10";"2021";"10:57";"1";"10";"10333";"2";"6";"1";"3";"ROCADE OUEST (RD 610)";"48,2700240000";"4,0498520000"
"202100010337";"28";"10";"2021";"19:30";"3";"06";"06088";"2";"1";"1";"6";"MITTERAND (RUE FRANCOIS)";"43,7097520000";"7,2894280000"
"202100010338";"28";"10";"2021";"18:00";"2";"06";"06027";"2";"1";"1";"6";"VERDUN AVENUE DE";"43,6633180000";"7,1471160000"
"202100010339";"22";"10";"2021";"13:15";"1";"02";"02691";"2";"1";"1";"6";"TOUR-Y-VAL (RUE DE)";"49,8399600000";"3,2880700000"
"202100010340";"29";"10";"2021";"20:00";"5";"75";"75117";"2";"1";"1";"2";"PORTE DE CLICHY";"48,8989860000";"2,3172920000"
"202100010341";"28";"10";"2021";"22:20";"5";"75";"75112";"2";"1";"1";"3";"BOULEVARD PERIPHERIQUE";"48,8367860000";"2,4126110000"
"202100010342";"28";"10";"2021";"01:38";"5";"75";"75113";"2";"1";"1";"6";"RUE DE LA GLACIERE";"48,8328270000";"2,3445900000"
"202100010343";"27";"10";"2021";"13:35";"1";"75";"75105";"2";"3";"1";"3";"BOULEVARD DE L HOPITAL";"48,8418580000";"2,3631510000"
"202100010344";"29";"10";"2021";"01:05";"5";"75";"75120";"2";"2";"1";"3";"AVENUE DU PERE LACHAISE";"48,8644210000";"2,3980710000"
"202100010345";"29";"10";"2021";"19:30";"5";"75";"75119";"2";"2";"2";"3";"AVENUE MATHURIN MOREAU";"48,8784430000";"2,3742900000"
"202100010346";"29";"10";"2021";"05:50";"5";"75";"75119";"2";"5";"1";"6";"RUE LOUISE THULIEZ";"48,8776810000";"2,3956130000"
"202100010347";"29";"10";"2021";"09:50";"1";"75";"75116";"2";"3";"1";"2";"AVENUE DE NEW YORK";"48,8579300000";"2,2879140000"
"202100010348";"29";"10";"2021";"09:30";"1";"75";"75115";"2";"4";"1";"7";"RUE BRANCION";"48,8296850000";"2,3017560000"
"202100010349";"29";"10";"2021";"13:00";"1";"75";"75114";"2";"2";"2";"3";"RUE FROIDEVAUX";"48,8375420000";"2,3230240000"
"202100010350";"29";"10";"2021";"07:55";"2";"75";"75114";"2";"4";"1";"7";"RUE HENRI BARBUSSE";"48,8386890000";"2,3366660000"
"202100010351";"29";"10";"2021";"21:00";"5";"75";"75113";"2";"1";"1";"2";"BOULEVARD MASSENA";"48,8231720000";"2,3742970000"
"202100010352";"29";"10";"2021";"16:02";"1";"75";"75113";"2";"3";"3";"2";"BOULEVARD DE L HOPITAL";"48,8388530000";"2,3609930000"
"202100010353";"29";"10";"2021";"16:20";"1";"75";"75111";"2";"3";"3";"6";"BOULEVARD RICHARD LENOIR";"48,8554840000";"2,3818180000"
"202100010354";"29";"10";"2021";"15:25";"1";"75";"75110";"2";"3";"2";"6";"AVENUE CLAUDE VELLEFAUX";"48,8740790000";"2,3703510000"
"202100010355";"29";"10";"2021";"02:20";"5";"75";"75109";"2";"3";"1";"6";"RUE DES MARTYRS";"48,8799470000";"2,3402680000"
"202100010356";"29";"10";"2021";"17:30";"1";"75";"75102";"2";"4";"1";"3";"RUE ETIENNE MARCEL";"48,8647540000";"2,3454670000"
"202100010357";"29";"10";"2021";"15:50";"1";"75";"75108";"2";"7";"2";"4";"PLACE DE LA CONCORDE";"48,8667820000";"2,3220810000"
"202100010358";"29";"10";"2021";"14:25";"1";"94";"94068";"2";"9";"2";"3";"Rue de la Varenne";"48,8071900000";"2,4753300000"
"202100010359";"29";"10";"2021";"13:30";"1";"94";"94028";"2";"3";"2";"6";"Rue Edouard Manet";"48,7828100000";"2,4641220000"
"202100010360";"28";"10";"2021";"17:00";"1";"94";"94068";"2";"2";"7";"6";"GENERAL GIRAUD (BD DU)";"48,7933900000";"2,4786300000"
"202100010361";"29";"10";"2021";"19:50";"5";"94";"94073";"2";"2";"1";"3";"GEORGES HALGOULT (R)";"48,7604412986";"2,3994555645"
"202100010362";"29";"10";"2021";"10:20";"1";"94";"94073";"2";"9";"1";"3";"Avenue de lâEurope";"48,7565800000";"2,3691200000"
"202100010363";"28";"10";"2021";"19:30";"2";"94";"94028";"2";"1";"1";"6";"Rue de la Basse Quinte";"48,7745661383";"2,4417757988"
"202100010364";"28";"10";"2021";"18:30";"2";"94";"94028";"2";"1";"1";"1";"Avenue du GÃ©nÃ©ral de Gaulle";"48,7986700000";"2,4511500000"
"202100010365";"29";"10";"2021";"20:00";"5";"94";"94073";"2";"2";"2";"3";"Boulevard de Stalingrad";"48,7706500000";"2,4013300000"
"202100010366";"29";"10";"2021";"11:45";"1";"94";"94073";"2";"1";"1";"3";"Boulevard de Stalingrad";"48,7733600000";"2,3995700000"
"202100010367";"28";"10";"2021";"04:30";"5";"94";"94048";"2";"4";"1";"6";"Rue des Fouleurs";"48,7307400000";"2,5532700000"
"202100010368";"29";"10";"2021";"14:05";"1";"93";"93071";"2";"2";"2";"3";"PAIX (AVENUE DE LA)";"48,9390356505";"2,5148505972"
"202100010369";"29";"10";"2021";"20:00";"5";"93";"93070";"2";"9";"2";"3";"GABRIEL-PERI (AV)";"48,9113700000";"2,3337000000"
"202100010370";"28";"10";"2021";"17:45";"1";"93";"93066";"2";"1";"1";"6";"COLONEL FABIEN (AVENUE)";"48,9448942085";"2,3537627008"
"202100010371";"27";"10";"2021";"17:25";"1";"93";"93066";"2";"2";"1";"3";"DE PRESSENSE FRANCIS";"48,9231100000";"2,3705900000"
"202100010372";"27";"10";"2021";"16:10";"1";"93";"93066";"2";"3";"1";"3";"MITERRAND FRANCOIS (AVENUE)";"48,9181622246";"2,3571313876"
"202100010373";"28";"10";"2021";"17:15";"1";"93";"93053";"2";"1";"1";"6";"JEAN JAURES (RUE)";"48,8904207548";"2,4523967773"
"202100010374";"27";"10";"2021";"20:55";"5";"93";"93053";"2";"1";"1";"1";"ANATOLE FRANCE (RUE)";"48,8864484919";"2,4468584100"
"202100010375";"28";"10";"2021";"12:40";"1";"93";"93063";"2";"9";"1";"3";"AVENUE GASTON ROUSSEL";"48,8937022380";"2,4357463924"
"202100010376";"29";"10";"2021";"17:15";"1";"93";"93047";"2";"1";"2";"3";"JEAN JAURES (AVENUE)";"48,8986700000";"2,5500300000"