"Num_Acc";"jour";"mois";"an";"hrmn";"lum";"dep";"com";"agg";"int";"atm";"col";"adr";"lat";"long"
"202100010377";"29";"10";"2021";"09:10";"1";"93";"93005";"2";"1";"1";"6";"CHARLES GOUPPY (RUE)";"48,9420056734";"2,4977325894"
"202100010378";"29";"10";"2021";"12:20";"1";"93";"93001";"2";"9";"2";"6";"DANIELLE CASANOVA (RUE)  59 =>";"48,9237047472";"2,3692381382"
"202100010379";"28";"10";"2021";"16:25";"1";"92";"92022";"2";"1";"7";"6";"SALENGRO (AVENUE ROGER)";"48,8176300000";"2,1964400000"
"202100010380";"29";"10";"2021";"15:40";"1";"92";"92062";"2";"1";"2";"5";"DE DION BOUTON (QUAI) DU 1 AU 28";"48,8808740000";"2,2456950000"
"202100010381";"28";"10";"2021";"17:50";"1";"92";"92049";"2";"1";"1";"3";"PERIER RUE NÂ°1 A 33 ET 2 A 26";"48,8135190000";"2,3182690000"
"202100010382";"29";"10";"2021";"15:25";"1";"92";"92040";"2";"1";"2";"6";"RODIN (BOULEVARD)";"48,8205800000";"2,2631100000"
"202100010383";"29";"10";"2021";"12:45";"1";"92";"92040";"2";"1";"2";"7";"Rue Camille Desmoulins";"48,8298062073";"2,2647634149"
"202100010384";"29";"10";"2021";"16:00";"1";"92";"92036";"2";"1";"2";"7";"CAMELINAT (BOULEVARD) (1/47)";"48,9283720000";"2,2990470000"
"202100010385";"29";"10";"2021";"00:30";"5";"92";"92024";"2";"1";"1";"7";"VICTOR HUGO (BD)";"48,8994241727";"2,3136810731"
"202100010386";"28";"10";"2021";"22:40";"5";"92";"92024";"2";"2";"1";"6";"GENERAL LECLERC (RUE DU) DE (59 ET PLUS)";"48,9053480213";"2,3102394777"
"202100010387";"29";"10";"2021";"17:52";"1";"92";"92023";"2";"1";"2";"6";"GENERAL DE GAULLE (AV DU) NÂ°440 A 544 ET";"48,7885588615";"2,2593346238"
"202100010388";"29";"10";"2021";"16:05";"1";"92";"92012";"2";"1";"3";"7";"BONTEMPS (rue Marcel)";"48,8263545059";"2,2400274500"
"202100010389";"29";"10";"2021";"13:30";"1";"92";"92004";"2";"9";"2";"1";"PIERRE BROSSOLETTE";"48,9112177214";"2,2932667785"
"202100010390";"30";"10";"2021";"15:45";"1";"01";"01443";"2";"1";"1";"3";"Rue de Dombes";"46,0012840000";"5,0228440000"
"202100010391";"25";"10";"2021";"07:20";"3";"91";"91079";"1";"2";"2";"3";"D721";"48,3736590000";"2,1647250000"
"202100010392";"29";"10";"2021";"19:00";"3";"41";"41223";"1";"1";"2";"7";"D32";"47,6139890000";"1,2217570000"
"202100010393";"29";"10";"2021";"12:30";"1";"83";"83107";"1";"1";"1";"5";"A8 PK 121+700";"43,4592532005";"6,6005086899"
"202100010394";"29";"10";"2021";"18:30";"3";"972";"97210";"1";"1";"1";"3";"RN6";"14,6126020000";" -60,9183420000"
"202100010395";"29";"10";"2021";"11:50";"1";"12";"12131";"1";"1";"1";"6";"D988";"44,4104780000";"2,6372550000"
"202100010396";"30";"10";"2021";"07:00";"3";"22";"22259";"1";"1";"3";"7";"rn 176 PR 013+180";"48,4603870000";" -2,0718880000"
"202100010397";"30";"10";"2021";"01:55";"3";"48";"48099";"1";"1";"2";"6";"A75 PR 157+757";"44,5423540000";"3,2571510000"
"202100010398";"29";"10";"2021";"15:00";"1";"91";"91225";"1";"1";"2";"2";"N6";"48,6607950000";"2,5173070000"
"202100010399";"2";"09";"2021";"15:30";"1";"51";"51287";"1";"1";"1";"7";"D386";"49,0933360557";"3,9403481312"
"202100010400";"29";"10";"2021";"21:00";"3";"56";"56136";"1";"1";"2";"6";"BÃ©cihan";"47,8629280000";" -2,1848850000"
"202100010401";"29";"10";"2021";"23:55";"3";"2B";"2B343";"2";"1";"1";"6";"Cruciata";"42,4935870000";"9,4723710000"
"202100010402";"26";"10";"2021";"15:10";"1";"82";"82112";"2";"1";"1";"1";"51 Avenue de Gascogne";"44,1013720109";"1,0736951675"
"202100010403";"29";"10";"2021";"11:50";"1";"11";"11304";"1";"1";"1";"7";"D117";"42,8794230000";"2,1689410000"
"202100010404";"29";"10";"2021";"21:50";"5";"63";"63207";"1";"1";"1";"6";"Route dÃ©partementale 40,";"45,6580430000";"3,6750130000"
"202100010405";"30";"10";"2021";"11:10";"1";"76";"76435";"1";"1";"8";"7";"D78";"49,9668875276";"1,4559657289"
"202100010406";"30";"10";"2021";"00:45";"3";"49";"49223";"2";"1";"1";"6";"7 Rampe d ÃrignÃ©";"47,4057730000";" -0,5260180000"
"202100010407";"30";"10";"2021";"06:30";"3";"42";"42172";"1";"1";"6";"6";"Route de Bourg-Argental";"45,3795341162";"4,4397651988"
"202100010408";"28";"10";"2021";"12:20";"1";"44";"44029";"2";"6";"1";"3";"boulevard pasteur";"47,2674330000";" -1,3420270000"
"202100010409";"29";"10";"2021";"17:40";"1";"01";"01266";"2";"2";"1";"7";"Route de Bourg";"46,3361060524";"5,1291641593"
"202100010410";"30";"10";"2021";"16:25";"1";"14";"14623";"2";"1";"1";"3";"RD 562 A";"49,1091210000";" -0,3742220000"
"202100010411";"29";"10";"2021";"14:45";"1";"05";"05132";"2";"1";"1";"6";"Avenue Premongil";"44,6780030000";"6,0829090000"
"202100010412";"29";"10";"2021";"15:00";"1";"83";"83012";"1";"1";"1";"6";"RD 560";"43,5528922371";"5,9974837303"
"202100010413";"29";"10";"2021";"23:50";"3";"07";"07181";"1";"1";"2";"7";"D104";"44,7560360000";"4,7650520000"
"202100010414";"29";"10";"2021";"23:20";"3";"53";"53158";"1";"1";"1";"7";"La GuÃ©frie";"48,0286420000";" -0,9359940000"
"202100010415";"29";"10";"2021";"21:15";"5";"24";"24352";"2";"2";"8";"6";"3bis Rue du 26 Mars 1944";"45,2482550000";"0,3401200000"
"202100010416";"29";"10";"2021";"13:43";"1";"04";"04160";"1";"1";"1";"6";"RD 4100";"43,8661767535";"5,6843733788"
"202100010417";"29";"10";"2021";"15:00";"1";"04";"04219";"1";"1";"8";"7";"RD 908";"44,0560785193";"6,5786862373"
"202100010418";"29";"10";"2021";"19:35";"3";"85";"85234";"1";"6";"1";"6";"D205";"46,7958230000";" -2,0106755000"
"202100010419";"30";"10";"2021";"16:15";"1";"85";"85024";"2";"1";"1";"6";"32 Rue de la Gare";"46,9380790000";" -1,8719300000"
"202100010420";"29";"10";"2021";"21:15";"4";"28";"28191";"2";"1";"1";"1";"Route de Gallardon";"48,5941070000";"1,6780170000"
"202100010421";"29";"10";"2021";"15:45";"1";"52";"52386";"1";"1";"1";"7";"Perthes";"48,6608370000";"4,8056170000"
"202100010422";"29";"10";"2021";"16:41";"1";"35";"35352";"1";"6";"1";"3";"rond point du PÃ¢tis Fraux";"48,0446930000";" -1,6076950000"
"202100010423";"29";"10";"2021";"19:30";"3";"973";"97309";"1";"1";"1";"3";"RD 23";"4,8924230000";" -52,2896650000"
"202100010424";"29";"10";"2021";"23:20";"5";"987";"98738";"1";"1";"1";"2";"PK 8+200";" -17,6047600000";" -149,6131680000"
"202100010425";"27";"10";"2021";"11:22";"1";"987";"98745";"2";"3";"3";"3";"TAPUAMU";" -16,6308330000";" -151,5040280000"
"202100010426";"29";"10";"2021";"12:35";"1";"06";"06085";"1";"1";"1";"2";"A8";"43,5781060000";"6,9845340000"
"202100010427";"30";"10";"2021";"19:22";"3";"33";"33164";"1";"1";"2";"1";"A62";"44,5599050000";" -0,2920030000"
"202100010428";"29";"10";"2021";"21:20";"3";"69";"69077";"1";"1";"1";"4";"AUTOROUTE A6 PK 403,300 SENS PARIS-LYON";"46,1485170000";"4,7699550000"
"202100010429";"29";"10";"2021";"20:40";"3";"77";"77477";"1";"1";"2";"3";"Autoroute A6, PK 060+800, dans le sens de circulation Paris/province";"48,3403630000";"2,5911000000"
"202100010430";"29";"10";"2021";"21:35";"3";"33";"33229";"1";"6";"1";"2";"N/A";"44,7783700000";" -1,0182440000"
"202100010431";"29";"10";"2021";"07:05";"3";"77";"77031";"1";"1";"1";"3";"D201a";"48,6840050000";"2,9385850000"
"202100010432";"29";"10";"2021";"13:05";"1";"78";"78033";"2";"3";"2";"2";"D191";"48,9286110000";"1,8475220000"
"202100010433";"30";"10";"2021";"02:20";"3";"34";"34249";"1";"1";"2";"6";"Avenue de la MÃ©diteranÃ©e D54";"43,7282720000";"3,9833160000"
"202100010434";"30";"10";"2021";"10:30";"1";"05";"05038";"1";"1";"2";"1";"D947";"44,7677150000";"6,8320210000"
"202100010435";"30";"10";"2021";"05:47";"3";"13";"13007";"1";"1";"2";"6";"D45a";"43,3300950000";"5,6828070000"
"202100010436";"29";"10";"2021";"11:50";"1";"13";"13022";"1";"1";"1";"1";"D559 PR025.300";"43,2148720000";"5,5807970000"
"202100010437";"29";"10";"2021";"13:25";"1";"13";"13072";"1";"1";"1";"7";"D908";"43,4204480000";"5,6170820000"
"202100010438";"29";"10";"2021";"07:38";"2";"71";"71555";"2";"1";"1";"3";"D906";"46,7141610000";"4,8638560000"
"202100010439";"15";"10";"2021";"16:00";"1";"21";"21292";"2";"1";"7";"6";"6 Rue de Franche-ComtÃ©";"47,2414390000";"5,2233980000"
"202100010440";"29";"10";"2021";"21:30";"5";"52";"52449";"2";"3";"1";"1";"ROUTE DE DIJON";"47,8362410000";"5,3310030000"
"202100010441";"22";"10";"2021";"09:50";"1";"67";"67067";"2";"1";"7";"6";"3 Rue Jacques KablÃ©";"48,7308350000";"7,7088110000"
"202100010442";"30";"10";"2021";"08:21";"2";"38";"38382";"2";"2";"1";"3";"Avenue de Karben";"45,2427600000";"5,6706890000"
"202100010443";"29";"10";"2021";"17:20";"1";"69";"69069";"2";"3";"1";"3";"TOURETTE (DE LA) (R)";"45,7459180000";"4,7323940000"
"202100010444";"27";"10";"2021";"17:25";"1";"49";"49020";"1";"1";"1";"1";"Chemin Rural Dit du Pont";"47,4579620000";" -0,6414360000"
"202100010445";"29";"10";"2021";"14:00";"1";"22";"22093";"1";"1";"1";"1";"D14 Le Tertre Hello Saint-Aaron";"48,4947960000";" -2,4990460000"
"202100010446";"29";"10";"2021";"17:42";"1";"35";"35218";"1";"2";"1";"3";"Le Pont";"47,9270480000";" -1,6168250000"
"202100010447";"29";"10";"2021";"12:00";"1";"76";"76385";"1";"1";"1";"7";"Route de Pavilly";"49,5988900000";"0,9448600000"
"202100010448";"30";"10";"2021";"08:25";"1";"60";"60257";"1";"1";"2";"1";"RD 923";"49,2562800000";"1,9903920000"
"202100010449";"29";"10";"2021";"16:30";"1";"13";"13215";"1";"1";"1";"2";"A7-Sens Marseille vers Lyon";"43,3582620000";"5,3626810000"
"202100010450";"22";"10";"2021";"18:35";"1";"13";"13210";"1";"1";"1";"2";"A50-Sens Marseille vers Aubagne";"43,2847980000";"5,4176310000"
"202100010451";"28";"10";"2021";"19:45";"3";"69";"69029";"1";"1";"1";"2";"A43   3.353 A 3.865";"45,7275047962";"4,9090525430"
"202100010452";"23";"10";"2021";"11:20";"1";"69";"69266";"1";"1";"1";"2";"D383   3.750 A 7.640";"45,7702595719";"4,9027387798"
"202100010453";"28";"10";"2021";"11:45";"1";"42";"42186";"1";"1";"1";"3";"A47";"45,5256059548";"4,6026885509"
"202100010454";"22";"06";"2021";"05:50";"3";"57";"57226";"1";"1";"1";"7";"Autoroute A30";"49,3424584000";"5,9917608000"
"202100010455";"29";"10";"2021";"18:20";"1";"92";"92002";"1";"1";"1";"3";"AUTOROUTE A86";"48,7606003263";"2,2855849717"
"202100010456";"29";"10";"2021";"13:55";"1";"94";"94034";"1";"1";"2";"3";"AUTOROUTE A86";"48,7602090000";"2,3205810000"
"202100010457";"29";"10";"2021";"13:30";"1";"91";"91661";"1";"1";"2";"2";"AUTOROUTE A10";"48,6977000000";"2,2407000000"
"202100010458";"29";"10";"2021";"13:40";"1";"91";"91687";"1";"1";"2";"7";"AUTOROUTE A6";"48,6591000000";"2,3740500000"
"202100010459";"29";"10";"2021";"08:30";"1";"91";"91377";"1";"1";"1";"3";"AUTOROUTE A10";"48,7279700000";"2,3040400000"
"202100010460";"29";"10";"2021";"19:10";"2";"93";"93027";"1";"1";"2";"7";"AUTOROUTE A86";"48,9284300000";"2,4126900000"
"202100010461";"29";"10";"2021";"16:15";"1";"93";"93027";"1";"1";"2";"7";"AUTOROUTE A86";"48,9283642663";"2,4146747589"
"202100010462";"29";"10";"2021";"11:10";"1";"92";"92036";"1";"1";"1";"3";"AUTOROUTE A86";"48,9383700387";"2,3001401108"
"202100010463";"29";"10";"2021";"10:35";"1";"93";"93066";"1";"1";"1";"7";"AUTOROUTE A86";"48,9237400000";"2,3422500000"
"202100010464";"29";"10";"2021";"12:35";"1";"94";"94052";"1";"1";"2";"2";"A86.EXT";"48,8379348271";"2,4939608574"
"202100010465";"28";"10";"2021";"13:00";"1";"94";"94017";"2";"9";"1";"6";"Avenue de la RÃ©publique";"48,8221425450";"2,5106549263"
"202100010466";"27";"08";"2021";"20:00";"1";"34";"34016";"1";"1";"1";"4";"A750 -PK:20";"43,6255000000";"3,6478680000"
"202100010467";"28";"10";"2021";"18:20";"5";"976";"97611";"2";"9";"1";"3";"m'tsapere-Maeventana (rue)";" -12,7878200000";"45,2185800000"
"202100010468";"27";"10";"2021";"19:15";"5";"974";"97411";"2";"2";"1";"1";"LAGRANGE (RUE LEO)";" -20,9046300000";"55,4817200000"
"202100010469";"25";"08";"2021";"19:46";"1";"973";"97302";"2";"3";"1";"3";"MONTABO (ROUTE DE) 4";"4,9346800000";" -52,2919000000"
"202100010470";"28";"10";"2021";"17:45";"2";"69";"69259";"1";"9";"1";"3";"CLOS VERGER (DU) (R)";"45,7217136949";"4,8940175772"
"202100010471";"27";"10";"2021";"11:20";"1";"69";"69259";"2";"2";"1";"6";"AMBROISE CROIZAT (BD)";"45,7004200000";"4,8877300000"
"202100010472";"28";"10";"2021";"13:25";"1";"69";"69382";"2";"1";"1";"6";"TILSITT (Q)";"45,7551970000";"4,8259300000"
"202100010473";"27";"10";"2021";"09:20";"1";"69";"69034";"2";"1";"1";"3";"LAVOISIER (R)";"45,7956447751";"4,8469544842"
"202100010474";"28";"10";"2021";"00:15";"5";"69";"69389";"2";"1";"1";"2";"ST CYR (DE) (R)";"45,7835900000";"4,8079700000"
"202100010475";"27";"10";"2021";"17:20";"2";"69";"69389";"2";"1";"7";"6";"ST PIERRE DE VAISE (R)";"45,7731000000";"4,8073000000"
"202100010476";"28";"10";"2021";"14:40";"1";"971";"97101";"1";"1";"1";"1";"BAZIN";"16,2687700000";" -61,4900700000"
"202100010477";"28";"10";"2021";"16:00";"1";"2A";"2A004";"2";"6";"1";"3";"T21";"41,9296100000";"8,7614400000"
"202100010478";"28";"10";"2021";"17:30";"1";"95";"95060";"2";"3";"1";"5";"REPUBLIQUE (AVENUE DE LA)";"49,0404200000";"2,2092800000"
"202100010479";"28";"10";"2021";"19:20";"5";"91";"91286";"2";"1";"1";"2";"ROUTE NATIONALE 7";"48,6693010000";"2,3944340000"
"202100010480";"28";"10";"2021";"15:30";"1";"91";"91326";"2";"3";"1";"6";"MONTTESSUY (RUE DE)";"48,6881550000";"2,3846870000"
"202100010481";"28";"10";"2021";"08:55";"1";"91";"91027";"2";"1";"1";"6";"AV FRANCOIS MITTERRAND";"48,7058300000";"2,3711100000"
"202100010482";"27";"10";"2021";"09:15";"1";"91";"91027";"2";"2";"1";"3";"AV FRANCOIS MITTERRAND";"48,7161900000";"2,3707100000"
"202100010483";"21";"10";"2021";"06:05";"4";"91";"91521";"2";"1";"3";"6";"REMY (RUE ALBERT)";"48,6538100000";"2,4115100000"
"202100010484";"28";"10";"2021";"06:20";"5";"91";"91223";"2";"6";"1";"3";"MAI 1945 (AVENUE DU 8)";"48,4372700000";"2,1633400000"
"202100010485";"27";"10";"2021";"12:05";"1";"86";"86194";"2";"2";"1";"3";"Grand Rue";"46,5826400000";"0,3456800000"
"202100010486";"24";"10";"2021";"05:50";"4";"84";"84007";"2";"1";"1";"6";"FONTCOUVERTE(Avenue de)";"43,9366700000";"4,8461000000"
"202100010487";"27";"10";"2021";"14:15";"1";"83";"83062";"1";"1";"1";"3";"DIGNE (AVENUE DE )";"43,1464440000";"6,0345380000"
"202100010488";"27";"10";"2021";"07:45";"2";"81";"81065";"2";"3";"1";"3";"MELOU (RUE DE)";"43,5912830000";"2,2166550000"
"202100010489";"26";"10";"2021";"08:40";"1";"80";"80725";"2";"1";"1";"3";"ALBERT CAMUS (RUE)";"49,8711500000";"2,2589500000"
"202100010490";"26";"10";"2021";"12:00";"1";"80";"80261";"2";"1";"1";"6";"PARIS (RUE DE)";"49,8619800000";"2,2784300000"
"202100010491";"28";"10";"2021";"14:50";"1";"77";"77479";"2";"3";"1";"3";"D934";"48,8825750074";"2,6367662681"
"202100010492";"28";"10";"2021";"15:05";"1";"77";"77169";"2";"1";"1";"2";"BEAUBOURG (BOULEVARD DE)";"48,8169500000";"2,6168800000"
"202100010493";"28";"10";"2021";"18:05";"1";"77";"77186";"2";"1";"1";"6";"MONT USSY (RUE DU)";"48,4148100000";"2,7017100000"
"202100010494";"28";"10";"2021";"16:10";"1";"77";"77186";"1";"1";"1";"6";"D301";"48,3822900000";"2,7471300000"
"202100010495";"28";"10";"2021";"20:00";"3";"76";"76540";"2";"2";"1";"5";"MERIDIENNE. RUE";"49,4257800000";"1,0826100000"
"202100010496";"27";"10";"2021";"22:00";"5";"76";"76351";"2";"1";"1";"7";"RENE COTY";"49,4981400000";"0,1156400000"
"202100010497";"28";"10";"2021";"15:40";"1";"76";"76026";"1";"6";"1";"3";"RD 54B";"49,8759700000";"1,1173300000"
"202100010498";"28";"10";"2021";"08:30";"1";"71";"71059";"2";"1";"5";"7";"PASTEUR (RUE LOUIS)";"46,8106000000";"4,4749400000"
"202100010499";"27";"10";"2021";"16:30";"1";"71";"71076";"2";"3";"1";"1";"Avenue Edouard Herriot";"46,7968800000";"4,8684600000"
"202100010500";"27";"10";"2021";"12:35";"1";"71";"71076";"2";"1";"1";"7";"PARE (RUE AMBROISE)";"46,7867234257";"4,8489461358"
"202100010501";"27";"10";"2021";"09:50";"1";"71";"71076";"2";"1";"1";"6";"Rue Georges Lapierre";"46,7950830000";"4,8538210000"
"202100010502";"28";"10";"2021";"06:48";"5";"69";"69091";"1";"1";"5";"1";"PAIX (DE LA) (R)";"45,5827500000";"4,7434300000"
"202100010503";"28";"10";"2021";"11:50";"1";"65";"65440";"2";"3";"1";"6";"HOCHE (AVENUE)";"43,2298543645";"0,0857582688"
"202100010504";"27";"10";"2021";"16:33";"1";"65";"65226";"1";"1";"1";"6";"PAU (ROUTE DE)";"43,2429727482";"0,0063729286"
"202100010505";"24";"10";"2021";"16:00";"1";"65";"65286";"2";"3";"1";"6";"CHAMP COMMUN (PLACE)";"43,0942200000";" -0,0463000000"
"202100010506";"28";"10";"2021";"16:55";"1";"64";"64284";"2";"1";"1";"4";"RAUSKI";"43,2643300000";" -0,3899300000"
"202100010507";"27";"10";"2021";"16:50";"1";"64";"64129";"2";"6";"1";"3";"65 Route de Bayonne";"43,3048900000";" -0,4018800000"
"202100010508";"27";"10";"2021";"18:10";"1";"64";"64024";"2";"1";"1";"3";"BIARRITZ (AVENUE DE)";"43,4803878444";" -1,5163975954"
"202100010509";"27";"10";"2021";"07:56";"4";"63";"63113";"2";"5";"1";"1";"MERMOZ /PrÃ© la reine";"45,7879300000";"3,1225200000"
"202100010510";"28";"10";"2021";"19:20";"1";"62";"62525";"2";"1";"1";"3";"BLUM (AVE LEON....NÂ°53)";"50,7402190000";"2,2761480000"
"202100010511";"9";"10";"2021";"18:45";"2";"62";"62523";"2";"1";"1";"6";"SPAS (R)";"50,4534200000";"2,8515380000"
"202100010512";"28";"10";"2021";"11:45";"1";"62";"62193";"2";"6";"7";"6";"SAINT OMER (ROUTE DE)";"50,9398800000";"1,8783110000"
"202100010513";"28";"10";"2021";"12:30";"1";"61";"61117";"2";"3";"1";"3";"BEAUSÃJOUR(RUE DE)";"48,4290000000";"0,0599500000"
"202100010514";"27";"10";"2021";"13:45";"1";"61";"61001";"2";"1";"1";"6";"DEMEES (RUE)";"48,4340400000";"0,0942100000"
"202100010515";"28";"10";"2021";"20:50";"3";"60";"60382";"1";"1";"1";"1";"D 202";"49,4344992557";"2,7922911643"
"202100010516";"28";"10";"2021";"13:45";"1";"59";"59599";"2";"1";"1";"6";"LEHOUCQ (RUE FIDELE)";"50,7203700000";"3,1594200000"
"202100010517";"28";"10";"2021";"17:30";"1";"59";"59220";"2";"3";"1";"6";"DUNKERQUE RUE DE";"50,5988600000";"3,0723600000"
"202100010518";"20";"10";"2021";"15:20";"1";"59";"59286";"2";"1";"1";"6";"LHERMITTE FIDELE RUE";"50,6098370000";"2,9757190000"
"202100010519";"26";"10";"2021";"16:30";"1";"56";"56162";"1";"3";"7";"3";"Lieu-Dit Kergohel";"47,7336600000";" -3,4769200000"
"202100010520";"26";"10";"2021";"11:30";"1";"49";"49099";"2";"2";"1";"5";"GIRARDIERE (RUE DE LA)";"47,0441800000";" -0,8995100000"
"202100010521";"28";"10";"2021";"15:22";"1";"49";"49015";"2";"1";"1";"3";"BRETELLE A11";"47,4958350000";" -0,6234620000"
"202100010522";"28";"10";"2021";"08:50";"1";"49";"49007";"2";"1";"1";"6";"FREMUR";"47,4620700000";" -0,5588300000"
"202100010523";"28";"10";"2021";"08:17";"1";"49";"49007";"2";"1";"1";"3";"BLANCHERAIE AVENUE";"47,4666100000";" -0,5619100000"
"202100010524";"27";"10";"2021";"20:15";"5";"49";"49007";"2";"3";"1";"1";"GASNIER AVENUE";"47,4907620000";" -0,5761380000"
"202100010525";"27";"10";"2021";"18:03";"1";"49";"49007";"2";"1";"1";"3";"Boulevard Auguste Allonneau";"47,4806350000";" -0,5275060000"
"202100010526";"27";"10";"2021";"16:30";"1";"45";"45235";"2";"3";"1";"3";"CHATAIGNIERS (RUE DES)";"47,9459000000";"1,8444100000"
"202100010527";"24";"10";"2021";"11:00";"1";"42";"42207";"1";"1";"1";"7";"Panassa";"45,4988974936";"4,4594469666"
"202100010528";"9";"10";"2021";"16:42";"1";"42";"42186";"2";"1";"1";"6";"Rue de la BarriÃ©re";"45,5297327904";"4,6163729822"
"202100010529";"28";"10";"2021";"08:07";"1";"42";"42187";"2";"4";"1";"6";"Rue Jean JaurÃ¨s";"46,0359300000";"4,0704000000"
"202100010530";"29";"10";"2021";"00:00";"5";"37";"37261";"2";"1";"1";"6";"RONSARD (RUE)";"47,4177357022";"0,7059218810"
"202100010531";"28";"10";"2021";"18:40";"1";"35";"35281";"1";"1";"1";"3";"RN136";"48,0942230000";" -1,7101310000"
"202100010532";"28";"10";"2021";"17:20";"1";"35";"35051";"2";"1";"1";"3";"RENNES (RUE DE)";"48,1140800000";" -1,6321000000"
"202100010533";"28";"10";"2021";"08:45";"1";"35";"35238";"2";"3";"1";"6";"BAS DES LICES (PLACE DU)";"48,1124600000";" -1,6859300000"
"202100010534";"28";"10";"2021";"19:40";"5";"33";"33162";"2";"2";"1";"1";"Route du MÃ©doc";"44,8767400000";" -0,6221500000"
"202100010535";"28";"10";"2021";"17:50";"1";"31";"31149";"1";"1";"1";"2";"D980";"43,6057017002";"1,3352385163"
"202100010536";"28";"10";"2021";"15:00";"1";"31";"31555";"2";"1";"1";"3";"ALL JEAN GRIFFON";"43,5590335420";"1,4997112431"
"202100010537";"28";"10";"2021";"21:35";"3";"29";"29232";"1";"9";"2";"3";"AllÃ©e de Prad Ar CâHras";"48,0010210000";" -4,1540610000"
"202100010538";"28";"10";"2021";"16:30";"1";"29";"29039";"2";"1";"1";"2";"Quai Peneroff";"47,8719260000";" -3,9173350000"
"202100010539";"28";"10";"2021";"19:15";"2";"27";"27299";"2";"1";"1";"3";"BRIAND (AVENUE ARISTIDE)";"49,0405200000";"1,1587100000"
"202100010540";"29";"10";"2021";"23:30";"5";"25";"25056";"2";"2";"1";"3";"CHOPARD RUE ALEXIS";"47,2490660000";"6,0312600000"
"202100010541";"28";"10";"2021";"21:05";"5";"13";"13208";"2";"1";"1";"3";"PARADIS (RUE)";"43,2717500000";"5,3859800000"
"202100010542";"28";"10";"2021";"13:20";"1";"13";"13201";"2";"1";"1";"1";"ATHENES (BOULEVARD D')";"43,2995400000";"5,3808500000"
"202100010543";"27";"10";"2021";"13:30";"1";"13";"13209";"2";"1";"1";"6";"CABOT (BOULEVARD)";"43,2601400000";"5,4159500000"
"202100010544";"28";"10";"2021";"22:00";"5";"13";"13001";"2";"4";"1";"2";"BRIAND ARISTIDE (BD)";"43,5323400000";"5,4506300000"
"202100010545";"27";"10";"2021";"17:15";"1";"11";"11069";"2";"1";"1";"3";"LIMOUX - ROUTE DE-";"43,2049800000";"2,3331400000"
"202100010546";"27";"10";"2021";"17:26";"1";"10";"10081";"2";"1";"1";"2";"ROCADE EST (RD 610)";"48,3292400000";"4,0415500000"
"202100010547";"27";"10";"2021";"16:39";"1";"10";"10081";"1";"1";"1";"3";"ROCADE OUEST (RD 610)";"48,3298100000";"4,0450700000"
"202100010548";"27";"10";"2021";"16:20";"1";"07";"07281";"1";"9";"1";"7";"RHONE A MONNERON (CHEMIN DU)";"44,9451500000";"4,8781300000"
"202100010549";"28";"10";"2021";"07:45";"2";"06";"06029";"2";"1";"1";"7";"VALLOMBROSA (BOULEBARD)";"43,5516996423";"7,0061076432"
"202100010550";"27";"10";"2021";"09:40";"1";"06";"06030";"2";"1";"1";"3";"JOURDAN (AVENUE MICHEL (LE CANNET)";"43,5651660000";"6,9651660000"
"202100010551";"28";"10";"2021";"17:50";"1";"75";"75120";"2";"2";"7";"6";"RUE ORFILA";"48,8654300000";"2,3948860000"
"202100010552";"28";"10";"2021";"14:55";"1";"75";"75120";"2";"3";"1";"6";"RUE DE MENILMONTANT";"48,8679410000";"2,3866110000"
"202100010553";"27";"10";"2021";"18:30";"5";"75";"75120";"2";"1";"1";"6";"RUE DE LA REUNION";"48,8543020000";"2,4020620000"
"202100010554";"28";"10";"2021";"15:30";"1";"75";"75118";"2";"1";"1";"6";"RUE PAJOL";"48,8881510000";"2,3614760000"
"202100010555";"28";"10";"2021";"09:20";"1";"75";"75118";"2";"3";"1";"7";"RUE DANCOURT";"48,8825460000";"2,3419310000"
"202100010556";"28";"10";"2021";"17:45";"1";"75";"75117";"2";"3";"1";"2";"AVENUE DE VILLIERS";"48,8844450000";"2,3012130000"
"202100010557";"28";"10";"2021";"17:40";"1";"75";"75117";"2";"4";"1";"3";"RUE JOUFFROY D ABBANS";"48,8863270000";"2,3108490000"
"202100010558";"28";"10";"2021";"15:15";"1";"75";"75117";"2";"1";"1";"3";"RUE JOUFFROY D ABBANS";"48,8856820000";"2,3087200000"
"202100010559";"27";"10";"2021";"16:40";"1";"75";"75117";"2";"2";"1";"6";"BOULEVARD BERTHIER";"48,8942620000";"2,3136100000"
"202100010560";"28";"10";"2021";"16:40";"1";"75";"75116";"2";"3";"1";"6";"BOULEVARD LANNES";"48,8645180000";"2,2698210000"
"202100010561";"28";"10";"2021";"06:30";"3";"75";"75115";"2";"1";"1";"2";"RUE CAMBRONNE";"48,8430870000";"2,3025520000"
"202100010562";"28";"10";"2021";"00:15";"5";"75";"75115";"2";"3";"1";"6";"QUAI ANDRE CITROEN";"48,8473650000";"2,2789370000"
"202100010563";"27";"10";"2021";"20:30";"5";"75";"75114";"2";"3";"1";"3";"AVENUE DU GENERAL LECLERC";"48,8246990000";"2,3259710000"
"202100010564";"27";"10";"2021";"14:20";"1";"75";"75114";"2";"3";"1";"3";"RUE VERCINGETORIX";"48,8296500000";"2,3069480000"
"202100010565";"28";"10";"2021";"15:30";"1";"75";"75113";"2";"1";"1";"5";"QUAI PANHARD ET LEVASSOR";"48,8290269717";"2,3837649822"
"202100010566";"28";"10";"2021";"09:40";"1";"75";"75112";"2";"4";"1";"3";"ECHANGEUR BERCY";"48,8281920000";"2,3902980000"