"Num_Acc";"jour";"mois";"an";"hrmn";"lum";"dep";"com";"agg";"int";"atm";"col";"adr";"lat";"long"
"202100010567";"28";"10";"2021";"09:30";"1";"75";"75111";"2";"2";"1";"2";"BOULEVARD DE MENILMONTANT";"48,8640350000";"2,3859970000"
"202100010568";"28";"10";"2021";"00:10";"5";"75";"75111";"2";"3";"1";"3";"AVENUE PARMENTIER";"48,8686430000";"2,3720680000"
"202100010569";"28";"10";"2021";"20:00";"5";"75";"75109";"2";"2";"1";"4";"BOULEVARD HAUSSMANN";"48,8722410000";"2,3383200000"
"202100010570";"27";"10";"2021";"20:45";"5";"75";"75102";"2";"7";"1";"3";"PLACE DE L OPERA";"48,8702960000";"2,3326900000"
"202100010571";"28";"10";"2021";"08:40";"1";"75";"75107";"2";"3";"1";"3";"QUAI VOLTAIRE";"48,8584360000";"2,3327850000"
"202100010572";"28";"10";"2021";"17:50";"1";"75";"75103";"2";"2";"1";"6";"RUE DE TURENNE";"48,8581570000";"2,3644900000"
"202100010573";"26";"10";"2021";"20:45";"5";"75";"75101";"2";"3";"1";"6";"RUE SAINT HONORE";"48,8622410000";"2,3391860000"
"202100010574";"26";"10";"2021";"08:15";"1";"94";"94068";"2";"2";"5";"3";"CHENNEVIERES (AV DE)";"48,7895500000";"2,5160700000"
"202100010575";"28";"10";"2021";"14:01";"1";"94";"94016";"2";"1";"1";"3";"Rue Marcel Bonnet";"48,7962500000";"2,3222000000"
"202100010576";"27";"10";"2021";"09:35";"1";"94";"94076";"2";"1";"1";"2";"Rue Ambroise Croizat";"48,8014000000";"2,3591000000"
"202100010577";"27";"10";"2021";"20:10";"5";"94";"94028";"2";"3";"8";"3";"Avenue Jean-Baptiste Champeval";"48,7954600000";"2,4562000000"
"202100010578";"28";"10";"2021";"15:20";"1";"94";"94059";"2";"3";"1";"3";"Avenue Maurice Berteaux";"48,8121200000";"2,5672100000"
"202100010579";"28";"10";"2021";"19:50";"5";"94";"94070";"2";"1";"1";"2";"Route de Paris";"48,7161500000";"2,5731100000"
"202100010580";"28";"10";"2021";"10:00";"1";"93";"93078";"2";"3";"1";"1";"COUTURIER (AVENUE PAUL VAILLANT)";"48,9601000000";"2,5334700000"
"202100010581";"28";"10";"2021";"07:45";"1";"93";"93070";"2";"9";"1";"2";"Rue du Docteur Bauer";"48,9087700000";"2,3395200000"
"202100010582";"28";"10";"2021";"13:09";"1";"93";"93066";"2";"1";"1";"6";"""STRASBOURG, NR 36 ET SUIV ET 73 ET SUIV";"48,9360812567";"2,3695904028"
"202100010583";"28";"10";"2021";"13:30";"1";"93";"93033";"2";"1";"1";"1";"PRINCES";"48,8565200000";"2,5824500000"
"202100010584";"28";"10";"2021";"14:40";"1";"93";"93048";"2";"1";"1";"3";"HENRI BARBUSSE (BOULEVARD)";"48,8647800000";"2,4437000000"
"202100010585";"28";"10";"2021";"16:20";"1";"93";"93048";"2";"2";"1";"3";"ARISTIDE BRIAND (BOULEVARD)";"48,8711100000";"2,4518800000"
"202100010586";"28";"10";"2021";"07:00";"5";"93";"93006";"2";"3";"1";"1";"CARNOT RUE SADI";"48,8782210000";"2,4271980000"
"202100010587";"27";"10";"2021";"18:50";"5";"93";"93006";"2";"1";"1";"3";"GIRARDOT RUE";"48,8733300000";"2,4299000000"
"202100010588";"27";"10";"2021";"23:18";"5";"93";"93031";"2";"1";"1";"6";"DE LATTRE DE TASSIGNY (1 A 51)";"48,9588000000";"2,3073400000"
"202100010589";"28";"10";"2021";"16:40";"1";"93";"93005";"1";"1";"1";"2";"ANDRE CITROEN (BOULEVARD)";"48,9588172093";"2,4858084638"
"202100010590";"27";"10";"2021";"12:36";"1";"93";"93005";"2";"1";"1";"3";"NONNEVILLE (AVENUE DE)";"48,9241065686";"2,5015997887"
"202100010591";"28";"10";"2021";"03:00";"5";"92";"92072";"2";"1";"1";"6";"VILLE D'AVRAY (RUE DE )";"48,8259003428";"2,2009241581"
"202100010592";"28";"10";"2021";"18:00";"1";"92";"92049";"2";"2";"1";"6";"REPUBLIQUE AVENUE DE LA NÂ°1 A 79";"48,8153236690";"2,3176270723"
"202100010593";"28";"10";"2021";"13:46";"1";"92";"92044";"2";"1";"1";"2";"ANA.FRANCE(RUE)77A139 ET 74A124";"48,8964999624";"2,2810417414"
"202100010594";"27";"10";"2021";"10:00";"1";"92";"92026";"2";"1";"1";"7";"11 NOVEMBRE ( AVENUE )";"48,9023412622";"2,2750604153"
"202100010595";"27";"10";"2021";"15:25";"1";"92";"92004";"2";"2";"1";"3";"PIERRE CURIE";"48,9174052903";"2,3148670793"
"202100010596";"29";"10";"2021";"07:40";"5";"49";"49244";"2";"1";"2";"3";"AllÃ©e de la MenanciÃ¨re (la Pommeraye)";"47,3490660000";" -0,8517620000"
"202100010597";"28";"10";"2021";"14:00";"1";"12";"12208";"1";"2";"1";"3";"D999";"43,9558660000";"2,8597230000"
"202100010598";"29";"10";"2021";"08:45";"1";"33";"33352";"2";"3";"1";"1";"D1113";"44,5804240000";" -0,0271700000"
"202100010599";"23";"10";"2021";"21:04";"3";"33";"33508";"1";"1";"1";"6";"Lieu Dit Monet";"44,5196470000";" -0,1170410000"
"202100010600";"25";"10";"2021";"09:04";"1";"06";"06161";"1";"1";"1";"1";"Route du Bord de Mer D6098";"43,6284700000";"7,1340230000"
"202100010601";"27";"10";"2021";"16:55";"1";"28";"28022";"1";"1";"1";"2";"Route Departementale 939";"48,4738170000";"1,4109490000"
"202100010602";"28";"10";"2021";"13:58";"1";"85";"85215";"2";"1";"1";"3";"Impasse des Fees";"46,8484430000";" -1,1696160000"
"202100010603";"29";"10";"2021";"11:35";"1";"23";"23258";"1";"1";"1";"1";"Route dÃ©partementale 1";"46,2939873013";"1,4735627174"
"202100010604";"12";"09";"2021";"18:55";"1";"51";"51204";"1";"1";"1";"7";"D22A";"49,0825372917";"3,8591990748"
"202100010605";"16";"10";"2021";"19:30";"3";"56";"56081";"1";"1";"1";"6";"Moulin Saint Yvinet";"48,0909150000";" -3,6366180000"
"202100010606";"28";"10";"2021";"05:00";"3";"74";"74009";"1";"1";"5";"7";"d23";"46,0806880000";"6,0534560000"
"202100010607";"28";"10";"2021";"10:10";"1";"2B";"2B150";"2";"3";"1";"2";"RT30";"42,5726460633";"8,8307976725"
"202100010608";"29";"10";"2021";"06:15";"3";"80";"80481";"1";"1";"1";"6";"Rue de Framerville";"49,8269760000";"2,7630830000"
"202100010609";"27";"10";"2021";"17:08";"1";"32";"32290";"1";"1";"1";"6";"D15";"43,9540540000";"0,1788710000"
"202100010610";"28";"10";"2021";"20:30";"3";"32";"32106";"2";"1";"1";"6";"D654 / D116";"43,7196450000";"0,9807390000"
"202100010611";"28";"10";"2021";"21:45";"3";"63";"63291";"1";"9";"1";"6";"D906";"45,9504620000";"3,4804730000"
"202100010612";"29";"10";"2021";"17:10";"2";"25";"25132";"1";"1";"1";"3";"RD 30 - PK 7+850 sens POULIGNEY-LUSANS vers CHATILLON GUYOTTE";"47,3325260000";"6,1817840000"
"202100010613";"29";"10";"2021";"17:35";"1";"44";"44069";"1";"1";"1";"1";"Route de Herbignac";"47,3638060000";" -2,4118210000"
"202100010614";"29";"10";"2021";"05:00";"3";"29";"29279";"1";"1";"1";"6";"CD769";"48,6089090000";" -3,8643870000"
"202100010615";"28";"10";"2021";"17:00";"1";"29";"29228";"1";"1";"8";"7";"Lieu Dit Kerscoulet";"48,0363124786";" -4,6105402708"
"202100010616";"28";"10";"2021";"16:45";"1";"38";"38416";"2";"6";"1";"2";"rd 27";"45,1473300000";"5,3072120000"
"202100010617";"29";"10";"2021";"14:45";"1";"38";"38497";"1";"1";"1";"6";"D26";"44,9203040000";"5,8104960000"
"202100010618";"28";"10";"2021";"15:00";"1";"03";"03254";"2";"3";"1";"1";"7 Route de Briailles";"46,3036450000";"3,3028830000"
"202100010619";"29";"10";"2021";"19:20";"3";"26";"26165";"1";"1";"1";"6";"Route Nationale 7";"44,7808220000";"4,8484630000"
"202100010620";"28";"10";"2021";"18:00";"1";"26";"26124";"1";"2";"1";"1";"Route de Charmes sur Rhone";"44,8523900000";"4,8478880000"
"202100010621";"29";"10";"2021";"07:30";"1";"58";"58273";"2";"1";"1";"7";"Route de Nevers";"46,9420040000";"3,2586210000"
"202100010622";"28";"10";"2021";"16:05";"1";"72";"72308";"1";"8";"1";"3";"PN 57";"48,4123360000";"0,1062480000"
"202100010623";"28";"10";"2021";"14:40";"1";"90";"90044";"1";"3";"7";"3";"D25";"47,7092330000";"6,9656860000"
"202100010624";"29";"10";"2021";"07:15";"3";"36";"36005";"1";"1";"1";"6";"N/A";"46,7457130000";"1,8459610000"
"202100010625";"28";"10";"2021";"12:00";"1";"16";"16073";"1";"2";"1";"3";"dÃ©partementale 77";"45,2631070000";"0,0584940000"
"202100010626";"28";"10";"2021";"12:15";"1";"24";"24171";"1";"2";"1";"3";"2049 Route NapolÃ©on";"45,3851970000";"0,9043600000"
"202100010627";"28";"10";"2021";"18:45";"1";"27";"27075";"1";"1";"1";"6";"D37";"48,9002810000";"0,6999920000"
"202100010628";"28";"10";"2021";"12:44";"1";"28";"28071";"1";"1";"7";"1";"D923";"48,4079670000";"1,0966590000"
"202100010629";"25";"10";"2021";"23:28";"3";"87";"87110";"1";"1";"2";"7";"N 141";"45,9059420000";"1,0070680000"
"202100010630";"29";"10";"2021";"03:45";"3";"88";"88099";"1";"1";"1";"6";"RN57 Ã©changeur Chavelot";"48,2265600000";"6,4298770000"
"202100010631";"28";"10";"2021";"12:25";"1";"95";"95394";"2";"1";"1";"6";"2 Avenue Marcel Perrin";"49,0693150000";"2,1793750000"
"202100010632";"28";"10";"2021";"22:20";"5";"38";"38474";"2";"1";"1";"1";"D1532";"45,2291610000";"5,6499180000"
"202100010633";"28";"10";"2021";"13:50";"1";"25";"25139";"1";"1";"1";"6";"RD 48";"47,0126250000";"6,3747310000"
"202100010634";"28";"10";"2021";"18:10";"2";"38";"38389";"1";"3";"1";"1";"RD 53 intersection rue de l'europe";"45,5885910000";"5,0610820000"
"202100010635";"28";"10";"2021";"09:00";"1";"37";"37003";"2";"1";"1";"2";"1 avenue anatole france";"47,4187019123";"0,9826507385"
"202100010636";"25";"09";"2021";"01:25";"3";"28";"28349";"1";"1";"5";"6";"RD 04 PR45+500";"48,6334470000";"1,6095830000"
"202100010637";"28";"10";"2021";"18:50";"3";"95";"95241";"2";"1";"1";"3";"RD 47";"49,0516438966";"2,4442317247"
"202100010638";"29";"10";"2021";"07:15";"3";"34";"34058";"1";"9";"2";"7";"M610";"43,6832703767";"4,0043738057"
"202100010639";"28";"10";"2021";"17:40";"1";"13";"13066";"1";"1";"1";"3";"D28";"43,8864980000";"4,8904110000"
"202100010640";"28";"10";"2021";"18:00";"3";"74";"74087";"1";"1";"1";"1";"1400 Route de Bonneville";"46,1156730000";"6,3484290000"
"202100010641";"29";"10";"2021";"12:45";"1";"74";"74079";"1";"4";"1";"3";"D12";"45,8574470000";"6,3293110000"
"202100010642";"28";"10";"2021";"12:10";"1";"44";"44209";"2";"1";"1";"3";"24 Rue de Nantes";"47,3096080000";" -1,6185250000"
"202100010643";"24";"09";"2021";"23:37";"5";"38";"38474";"2";"2";"1";"1";"Rue de l ArgentiÃ¨re";"45,2056110000";"5,6824260000"
"202100010644";"28";"10";"2021";"19:50";"3";"69";"69171";"1";"1";"1";"7";"SAIN-BEL (DE) (RTE)";"45,8044000000";"4,6045590000"
"202100010645";"26";"10";"2021";"14:30";"1";"81";"81038";"1";"2";"1";"5";"rd 87";"43,8944520000";"1,8931300000"
"202100010646";"28";"10";"2021";"15:05";"1";"09";"09209";"1";"4";"1";"1";"route de Sainte Croix Volvestre - rd 627";"42,9937760000";"1,1618850000"
"202100010647";"29";"10";"2021";"12:20";"1";"09";"09185";"1";"1";"1";"1";"D11";"43,2239730000";"1,7043830000"
"202100010648";"28";"10";"2021";"17:30";"1";"09";"09066";"2";"1";"1";"7";"D11a";"42,9601413696";"1,5585184410"
"202100010649";"28";"10";"2021";"16:55";"1";"44";"44052";"1";"2";"1";"3";"D773";"47,3770300000";" -2,0974660000"
"202100010650";"28";"10";"2021";"19:13";"3";"44";"44037";"1";"3";"2";"5";"La Petite Rochette";"47,0938290000";" -1,4423230000"
"202100010651";"28";"10";"2021";"16:40";"1";"44";"44026";"1";"1";"1";"6";"Chemin de Girouard";"47,3115500000";" -1,4722920000"
"202100010652";"29";"10";"2021";"15:35";"1";"14";"14762";"1";"1";"1";"5";"Berc. Bonnel - St Germain (Saint-Germain-de-Tallevende-la-Lande-Vaumont)";"48,7825430000";" -0,8964480000"
"202100010653";"27";"10";"2021";"21:30";"3";"56";"56263";"1";"3";"1";"3";"Lieu Dit Lescrezan";"47,7000870000";" -2,9355490000"
"202100010654";"28";"10";"2021";"21:45";"3";"29";"29256";"1";"1";"3";"7";"D108 - Rue du Menez hom";"48,2021700000";" -4,2795770000"
"202100010655";"29";"10";"2021";"14:50";"1";"62";"62865";"1";"1";"2";"3";"Rue Nobled";"50,3268060000";"3,0005120000"
"202100010656";"28";"10";"2021";"12:00";"1";"59";"59133";"2";"6";"1";"3";"14 rue salengro";"50,5218430600";"2,9629505200"
"202100010657";"24";"10";"2021";"18:28";"1";"13";"13117";"1";"1";"1";"6";"A7-Sens Lyon vers Marseille";"43,4320410000";"5,2575640000"
"202100010658";"27";"10";"2021";"10:56";"1";"13";"13106";"1";"1";"1";"4";"A7-Sens Lyon vers Marseille";"43,3907910000";"5,3510110000"
"202100010659";"27";"10";"2021";"16:20";"1";"13";"13211";"1";"1";"1";"5";"A50-Sens Marseille vers Aubagne";"43,2928000000";"5,4761000000"
"202100010660";"26";"10";"2021";"20:44";"5";"13";"13055";"1";"1";"1";"1";"A507 sens Aubagne- Marseille";"43,3308000000";"5,3878700000"
"202100010661";"27";"10";"2021";"16:40";"1";"69";"69276";"1";"1";"1";"3";"D301   0.000 A 2.800";"45,6823000000";"4,8508800000"
"202100010662";"27";"10";"2021";"09:05";"1";"33";"33249";"1";"1";"1";"4";"ROCADE A 630";"44,8846910000";" -0,5117650000"
"202100010663";"27";"10";"2021";"14:10";"1";"59";"59343";"1";"1";"1";"5";"AUTOROUTE A1";"50,5896560000";"3,0965830000"
"202100010664";"28";"10";"2021";"19:30";"5";"91";"91434";"1";"1";"1";"4";"AUTOROUTE A6";"48,6679900000";"2,3555900000"
"202100010665";"28";"10";"2021";"13:57";"1";"91";"91235";"1";"1";"1";"3";"RN 104";"48,6248600000";"2,3630600000"
"202100010666";"28";"10";"2021";"06:55";"4";"91";"91340";"1";"1";"1";"5";"RN 104";"48,6100400000";"2,4315100000"
"202100010667";"28";"10";"2021";"08:05";"2";"91";"91161";"1";"1";"1";"3";"AUTOROUTE A6";"48,7021500000";"2,3081600000"
"202100010668";"27";"10";"2021";"15:00";"1";"91";"91689";"1";"1";"1";"2";"AUTOROUTE A6";"48,7319650000";"2,3153480000"
"202100010669";"28";"10";"2021";"18:00";"2";"78";"78455";"1";"1";"1";"2";"A13";"48,8579700000";"2,0527700000"
"202100010670";"28";"10";"2021";"17:55";"1";"78";"78431";"1";"1";"1";"2";"A13";"48,9428510000";"1,9515670000"
"202100010671";"28";"10";"2021";"17:45";"1";"93";"93006";"1";"1";"1";"2";"AUTOROUTE A3";"48,8676944510";"2,4272502164"
"202100010672";"28";"10";"2021";"19:00";"4";"93";"93027";"1";"1";"1";"5";"AUTOROUTE A1";"48,9341878207";"2,3905062963"
"202100010673";"28";"10";"2021";"18:30";"3";"93";"93053";"1";"1";"1";"2";"AUTOROUTE A3";"48,8815790000";"2,4529490000"
"202100010674";"28";"10";"2021";"15:45";"1";"95";"95277";"1";"1";"1";"4";"A1";"48,9817340000";"2,5000060000"
"202100010675";"28";"10";"2021";"16:15";"1";"93";"93013";"1";"1";"1";"2";"AUTOROUTE A1";"48,9412690000";"2,4271470000"
"202100010676";"28";"10";"2021";"05:30";"3";"93";"93064";"1";"1";"8";"2";"AUTOROUTE A86";"48,8860500000";"2,4727700000"
"202100010677";"27";"10";"2021";"18:20";"3";"93";"93051";"1";"1";"1";"5";"A4";"48,8350900000";"2,5772400000"
"202100010678";"27";"10";"2021";"17:50";"3";"94";"94028";"1";"1";"1";"2";"A86 INT";"48,7941121614";"2,4417938878"
"202100010679";"16";"10";"2021";"20:15";"5";"92";"92050";"2";"1";"1";"6";"PICASSO PABLO AVENUE";"48,8907143560";"2,2159540033"
"202100010680";"26";"10";"2021";"07:55";"1";"974";"97407";"2";"9";"1";"1";"GRENOBLE(RUE)";" -20,9454400000";"55,2935400000"
"202100010681";"27";"10";"2021";"14:45";"1";"973";"97302";"2";"1";"1";"6";"CATAYEE (JUSTIN)";"4,9286300000";" -52,3253400000"
"202100010682";"27";"10";"2021";"13:40";"1";"973";"97302";"2";"1";"1";"6";"CATAYEE (JUSTIN)";"4,9301100000";" -52,3259500000"
"202100010683";"27";"10";"2021";"22:05";"5";"69";"69387";"2";"2";"1";"3";"JEAN JAURES (AV)";"45,7482000000";"4,8436900000"
"202100010684";"27";"10";"2021";"19:00";"5";"69";"69383";"2";"1";"1";"1";"FELIX FAURE                         (AV)";"45,7539500000";"4,8612800000"
"202100010685";"27";"10";"2021";"07:40";"1";"972";"97209";"1";"1";"1";"6";"CHATEAUBOEUF (ROUTE DE)";"14,6165900000";" -61,0487800000"
"202100010686";"27";"10";"2021";"03:44";"5";"2B";"2B033";"2";"1";"1";"6";"TUNNEL";"42,6948144393";"9,4522243738"
"202100010687";"27";"10";"2021";"17:09";"1";"95";"95598";"2";"1";"1";"2";"GENERAL LECLERC   AVENUE DU";"48,9803800000";"2,3031900000"
"202100010688";"18";"10";"2021";"17:16";"1";"88";"88209";"2";"3";"1";"3";"ABBE HAUSTETE (RUE)";"48,1975500000";"6,4376200000"
"202100010689";"27";"10";"2021";"07:45";"2";"83";"83137";"2";"4";"1";"6";"VICTOIRE DU 8 MAI 1945 (AVE DE LA)";"43,1309400000";"5,9379100000"
"202100010690";"24";"10";"2021";"00:10";"5";"78";"78646";"2";"3";"1";"3";"PONT COLBERT (RUE DU)";"48,7895770000";"2,1484810000"
"202100010691";"27";"10";"2021";"10:30";"1";"77";"77108";"2";"1";"1";"6";"RUE HENRI BECQUEREL";"48,8926990000";"2,5977440000"
"202100010692";"26";"10";"2021";"20:29";"3";"77";"77079";"1";"1";"1";"1";"D210";"48,4194000000";"2,8263500000"
"202100010693";"27";"10";"2021";"17:00";"1";"77";"77085";"2";"1";"1";"6";"AV DE LA FERME BRIARDE";"48,8558300000";"2,7531900000"
"202100010694";"27";"10";"2021";"09:00";"1";"76";"76540";"2";"2";"1";"3";"GAMBETTA. BOULEVARD";"49,4386793600";"1,1079317167"
"202100010695";"27";"09";"2021";"05:02";"5";"73";"73065";"2";"1";"1";"6";"GRAND VERGER (AVENUE DU)";"45,5809557352";"5,9088997543"
"202100010696";"27";"10";"2021";"13:00";"1";"69";"69275";"2";"1";"1";"7";"ELISEE RECLUS (R)";"45,7549200000";"4,9515200000"
"202100010697";"26";"10";"2021";"16:30";"1";"66";"66136";"2";"3";"1";"3";"SAUVY (ALFRED)";"42,6800400000";"2,9034800000"
"202100010698";"26";"10";"2021";"07:36";"5";"66";"66136";"2";"1";"1";"6";"SAINT-ASSISCLE (BOULEVARD DE)";"42,6958600000";"2,8783700000"
"202100010699";"26";"10";"2021";"13:32";"1";"63";"63164";"2";"1";"1";"2";"AULNAT (RTE D)";"45,8120800000";"3,1523700000"
"202100010700";"19";"10";"2021";"21:24";"3";"63";"63164";"2";"1";"1";"6";"D 210 A (RTE)";"45,8442300000";"3,1629800000"
"202100010701";"19";"10";"2021";"14:41";"1";"63";"63113";"1";"1";"1";"2";"FOREST (AVENUE FERNAND)";"45,7954500000";"3,1043600000"
"202100010702";"26";"10";"2021";"11:35";"1";"59";"59178";"2";"1";"1";"6";"POINCARE (BOULEVARD)";"50,3649400000";"3,0696800000"
"202100010703";"22";"10";"2021";"10:20";"1";"57";"57221";"2";"1";"7";"6";"GRAND'RUE";"49,3265000000";"6,1203900000"
"202100010704";"24";"10";"2021";"16:05";"1";"52";"52448";"2";"1";"1";"3";"REPUBLIQUE (AVE DE LA) NÂ° 90 A LA FIN";"48,6376980000";"4,9398270000"
"202100010705";"25";"10";"2021";"20:00";"5";"50";"50129";"2";"2";"1";"3";"CARNOT (AVENUE)";"49,6388400000";" -1,6164500000"
"202100010706";"23";"10";"2021";"17:00";"1";"49";"49328";"2";"1";"1";"1";"ESSARTS (CHEMIN DES)";"47,2893600000";" -0,0650200000"
"202100010707";"22";"10";"2021";"08:00";"5";"49";"49328";"2";"2";"1";"3";"PETON (AVENUE DU DOCTEUR)";"47,2563100000";" -0,0767700000"
"202100010708";"26";"10";"2021";"10:00";"1";"49";"49007";"2";"5";"1";"3";"LEROY PLACE";"47,4647000000";" -0,5488300000"
"202100010709";"22";"10";"2021";"18:25";"1";"44";"44184";"2";"2";"1";"3";"CÃTE D'AMOUR (RTE DE LA) 100 AU 362 - 13";"47,2592300000";" -2,2469300000"
"202100010710";"27";"10";"2021";"14:29";"1";"43";"43157";"2";"1";"1";"2";"6 Avenue de la Dentelle";"45,0418300000";"3,8886100000"
"202100010711";"24";"10";"2021";"04:20";"3";"37";"37233";"2";"1";"1";"6";"CHER (LEVEE DU)";"47,3727560225";"0,7588881254"
"202100010712";"22";"10";"2021";"20:00";"5";"36";"36202";"2";"1";"1";"6";"230 Avenue de Tours";"46,8208500000";"1,6658900000"
"202100010713";"27";"10";"2021";"17:00";"1";"35";"35281";"2";"3";"1";"2";"SOUVESTRE (RUE EMILE)";"48,0685500000";" -1,6997800000"
"202100010714";"27";"10";"2021";"23:05";"5";"33";"33039";"2";"3";"1";"6";"Cours Victor Hugo";"44,8116400000";" -0,5641000000"
"202100010715";"24";"10";"2021";"03:32";"5";"33";"33063";"2";"1";"1";"2";"Quai Louis XVIII";"44,8435500000";" -0,5701900000"
"202100010716";"27";"10";"2021";"14:40";"1";"31";"31555";"2";"1";"1";"6";"BD DE LA GARE";"43,6049779040";"1,4572106302"
"202100010717";"27";"10";"2021";"08:00";"2";"31";"31555";"2";"1";"1";"6";"RUE DES RENFORTS";"43,5937700000";"1,4432900000"
"202100010718";"26";"10";"2021";"12:45";"1";"31";"31555";"2";"9";"1";"3";"VA007418 PONT JUMEAUX A620 Sortie 30";"43,6110100000";"1,4154800000"
"202100010719";"26";"10";"2021";"15:12";"1";"31";"31483";"2";"1";"1";"4";"FRANCOIS MITTERAND ( AVENUE)";"43,1126300000";"0,7536200000"
"202100010720";"27";"10";"2021";"19:00";"3";"29";"29051";"1";"1";"1";"6";"Avenue de Lestonan";"48,0124520578";" -4,0141364335"
"202100010721";"27";"10";"2021";"08:05";"2";"27";"27681";"2";"4";"5";"6";"BONNARD (RUE PIERRE)";"49,0995300000";"1,4884100000"
"202100010722";"27";"10";"2021";"17:25";"1";"70";"70285";"2";"1";"1";"6";"LÃON BLUM(AVENUE)";"47,5824900000";"6,7612060000"
"202100010723";"27";"10";"2021";"17:15";"1";"18";"18279";"2";"9";"1";"3";"VOLTAIRE ( RUE )";"47,2207854801";"2,0674319965"
"202100010724";"27";"10";"2021";"15:10";"1";"18";"18279";"2";"9";"1";"3";"JUILLET (AVENUE DU 14)";"47,2155800000";"2,0649000000"
"202100010725";"27";"10";"2021";"15:38";"1";"17";"17200";"2";"1";"1";"6";"HUIT MAI 1945   AVENUE DU";"46,1790100000";" -1,1525800000"
"202100010726";"27";"10";"2021";"19:00";"5";"13";"13209";"2";"1";"1";"2";"LÃON LACHAMP (ROUTE)";"43,2464000000";"5,4334500000"
"202100010727";"27";"10";"2021";"21:20";"5";"13";"13206";"2";"1";"1";"3";"ROGER BRUN (RUE)";"43,2852900000";"5,3940200000"
"202100010728";"27";"09";"2021";"17:45";"1";"13";"13201";"2";"1";"1";"1";"LIEUTAUD (COURS)      2 A 52";"43,2951900000";"5,3817500000"
"202100010729";"27";"10";"2021";"15:52";"1";"13";"13204";"2";"1";"1";"1";"FRANÃOISE DUPARC (BOULEVARD)";"43,3030200000";"5,4000700000"
"202100010730";"27";"10";"2021";"12:30";"1";"13";"13204";"2";"1";"1";"6";"FRANÃOISE DUPARC (BOULEVARD)";"43,3052647711";"5,4008747946"
"202100010731";"27";"10";"2021";"11:15";"1";"75";"75118";"2";"1";"1";"4";"PORTE DE CLIGNANCOURT";"48,9010130000";"2,3494070000"
"202100010732";"27";"10";"2021";"07:40";"3";"75";"75116";"2";"1";"1";"3";"ECHANGEUR AUTEUIL";"48,8539420000";"2,2539860000"
"202100010733";"26";"10";"2021";"13:40";"1";"75";"75115";"2";"1";"1";"6";"BOULEVARD PERIPHERIQUE";"48,8277000000";"2,2919320000"
"202100010734";"24";"10";"2021";"22:38";"5";"75";"75119";"2";"1";"1";"4";"BOULEVARD PERIPHERIQUE";"48,8944880000";"2,3950400000"
"202100010735";"27";"10";"2021";"14:15";"1";"75";"75119";"2";"3";"1";"6";"RUE DE TANGER";"48,8876060000";"2,3702960000"
"202100010736";"27";"10";"2021";"02:45";"5";"75";"75116";"2";"7";"1";"3";"PLACE CHARLES DE GAULLE";"48,8740110000";"2,2941100000"
"202100010737";"26";"10";"2021";"22:00";"5";"75";"75117";"2";"2";"1";"3";"AVENUE DES TERNES";"48,8786430000";"2,2942240000"
"202100010738";"27";"10";"2021";"19:35";"5";"75";"75116";"2";"2";"1";"2";"AVENUE DU PRESIDENT WILSON";"48,8639210000";"2,2905000000"
"202100010739";"27";"10";"2021";"12:40";"1";"75";"75113";"2";"2";"1";"6";"RUE DU JURA";"48,8380460000";"2,3559390000"
"202100010740";"27";"10";"2021";"19:55";"5";"75";"75110";"2";"2";"1";"7";"RUE DE LA GRANGE AUX BELLES";"48,8737040000";"2,3649090000"
"202100010741";"26";"10";"2021";"22:50";"5";"75";"75108";"2";"7";"1";"3";"AVENUE GEORGE V";"48,8700670000";"2,3010040000"
"202100010742";"27";"10";"2021";"12:40";"1";"75";"75101";"2";"2";"1";"6";"BOULEVARD DE SEBASTOPOL";"48,8605520000";"2,3493540000"
"202100010743";"25";"10";"2021";"17:15";"1";"94";"94052";"2";"1";"1";"3";"STRASBOURG (BD DE)";"48,8363800000";"2,4755900000"
"202100010744";"27";"10";"2021";"20:15";"5";"94";"94041";"2";"3";"1";"2";"Avenue Georges Gosnat";"48,8132780000";"2,3884660000"
"202100010745";"27";"10";"2021";"05:45";"5";"94";"94021";"2";"1";"1";"3";"Rue dâAgen";"48,7621200000";"2,3495800000"
"202100010746";"26";"10";"2021";"20:15";"5";"94";"94011";"2";"9";"1";"3";"Avenue de Paris";"48,7757910000";"2,4802210000"
"202100010747";"27";"10";"2021";"21:00";"5";"93";"93073";"2";"1";"1";"6";"BERRY (RUE DE)";"48,9438813996";"2,5883325481"
"202100010748";"27";"10";"2021";"19:17";"3";"93";"93073";"2";"1";"1";"6";"POSTE (AVENUE DE LA)";"48,9556700000";"2,5863600000"
"202100010749";"27";"10";"2021";"13:00";"1";"93";"93070";"2";"1";"1";"3";"Avenue Michelet";"48,9077113049";"2,3316415562"
"202100010750";"26";"10";"2021";"09:45";"1";"93";"93066";"2";"1";"1";"3";"""MURGER HENRI, NR IMPAIRS""";"48,9181752040";"2,3663284206"
"202100010751";"27";"10";"2021";"16:15";"1";"93";"93055";"2";"1";"1";"3";"BENJAMIN DELESSERT";"48,8898814255";"2,4194169044"
"202100010752";"27";"10";"2021";"10:30";"1";"93";"93053";"2";"2";"1";"3";"ROSNY (AVENUE DE) NÂ° 53 A 243";"48,8892600000";"2,4712100000"
"202100010753";"27";"10";"2021";"20:10";"5";"93";"93046";"2";"1";"1";"6";"JEAN JAURES BOULEVARD";"48,9202300000";"2,5265700000"
"202100010754";"27";"10";"2021";"16:20";"1";"93";"93010";"2";"2";"1";"3";"BAUDIN (RUE) DE 65 A 113";"48,8990385974";"2,4710311810"