"Num_Acc";"jour";"mois";"an";"hrmn";"lum";"dep";"com";"agg";"int";"atm";"col";"adr";"lat";"long"
"202100010755";"27";"10";"2021";"14:38";"1";"93";"93001";"2";"1";"1";"6";"JEAN JAURES  (AVE)  157 A 213";"48,9116400000";"2,4004000000"
"202100010756";"26";"10";"2021";"22:24";"5";"92";"92051";"2";"9";"1";"3";"ACHILLE PERETTI (AVENUE, NÂ° 90 A 96 ET 9";"48,8843769762";"2,2692802548"
"202100010757";"27";"10";"2021";"19:20";"5";"92";"92007";"2";"1";"1";"2";"BRIAND (AVENUE ARISTIDE) NÂ° 162 A 300";"48,7888936903";"2,3189681768"
"202100010758";"22";"10";"2021";"11:50";"1";"92";"92004";"2";"1";"1";"6";"BOURGUIGNONS ( RUE 33 A FIN )";"48,9135270000";"2,2732260000"
"202100010759";"28";"10";"2021";"01:00";"5";"2A";"2A198";"2";"1";"1";"7";"D84 porto";"42,2683420000";"8,6938010000"
"202100010760";"27";"10";"2021";"07:45";"2";"83";"83072";"1";"1";"1";"3";"D562";"43,4808340000";"6,3255930000"
"202100010761";"27";"10";"2021";"16:40";"1";"86";"86183";"1";"1";"1";"2";"D58";"46,9519790000";"0,6466357000"
"202100010762";"27";"10";"2021";"21:30";"5";"95";"95134";"2";"1";"1";"6";"RD 4";"49,1347780000";"2,2379330000"
"202100010763";"26";"10";"2021";"20:11";"3";"95";"95052";"2";"1";"1";"2";"Rue de Senlis";"49,1430320000";"2,2939000000"
"202100010764";"24";"10";"2021";"02:05";"4";"33";"33102";"2";"1";"1";"6";"N/A";"44,5865950000";" -0,1101230000"
"202100010765";"27";"10";"2021";"15:25";"1";"68";"68269";"1";"1";"1";"1";"D106 PK 001+500";"48,1903670000";"7,3468390000"
"202100010766";"28";"10";"2021";"12:30";"1";"63";"63327";"1";"1";"1";"6";"D2144";"45,9221620000";"3,1214800000"
"202100010767";"27";"10";"2021";"08:45";"1";"59";"59641";"1";"1";"1";"7";"Rue Haeghe Meulen Straete";"50,9659440000";"2,4880910000"
"202100010768";"28";"10";"2021";"10:00";"1";"62";"62147";"1";"1";"1";"6";"Rue de boisleux";"50,2066090000";"2,7694560000"
"202100010769";"27";"10";"2021";"16:55";"1";"51";"51508";"1";"2";"7";"3";"D412";"48,6198627435";"4,4175586945"
"202100010770";"26";"10";"2021";"17:10";"2";"19";"19125";"1";"1";"7";"3";"D18";"45,2850428277";"2,0406280025"
"202100010771";"28";"10";"2021";"12:00";"1";"95";"95612";"1";"1";"1";"2";"RD 317";"49,0041253063";"2,4885207895"
"202100010772";"27";"10";"2021";"16:38";"1";"56";"56006";"1";"1";"1";"6";"Les Placieux";"47,9014610000";" -2,2952350000"
"202100010773";"28";"10";"2021";"17:15";"1";"79";"79066";"1";"1";"1";"2";"N/A";"46,4784770000";" -0,3605320000"
"202100010774";"27";"10";"2021";"14:30";"1";"82";"82137";"2";"1";"1";"6";"D33";"44,2626660000";"1,8588080000"
"202100010775";"24";"10";"2021";"16:45";"1";"69";"69174";"1";"1";"1";"1";"D8";"45,9289696756";"4,3973447419"
"202100010776";"27";"10";"2021";"07:50";"2";"32";"32344";"2";"1";"5";"6";"12 rue de la Menoue";"43,6522820000";" -0,0856970000"
"202100010777";"27";"10";"2021";"19:20";"3";"71";"71591";"1";"6";"1";"7";"Route DÃ©partementale 906";"46,4435720000";"4,8836000000"
"202100010778";"27";"10";"2021";"17:00";"1";"76";"76374";"1";"1";"1";"7";"Rue Guy de Maupassant";"50,0103450000";"1,4956050000"
"202100010779";"14";"10";"2021";"13:23";"1";"61";"61214";"2";"6";"1";"6";"Avenue Kennedy";"48,7644460000";"0,6205080000"
"202100010780";"21";"10";"2021";"07:30";"1";"49";"49228";"1";"3";"1";"3";"D766";"47,5286990000";"0,1949970000"
"202100010781";"28";"10";"2021";"12:40";"1";"01";"01034";"1";"1";"7";"1";"D992";"45,7592620000";"5,7128670000"
"202100010782";"28";"10";"2021";"18:45";"2";"34";"34142";"1";"1";"1";"1";"D35";"43,7293050000";"3,2801490000"
"202100010783";"27";"10";"2021";"15:15";"1";"22";"22085";"1";"3";"1";"1";"Pont Begou";"48,8153980000";" -3,1909060000"
"202100010784";"28";"10";"2021";"18:45";"2";"44";"44019";"1";"1";"1";"6";"D93";"47,3212070000";" -1,9104450000"
"202100010785";"27";"10";"2021";"15:40";"1";"44";"44128";"1";"2";"1";"3";"Butte de Lance";"47,5375580000";" -1,9272850000"
"202100010786";"28";"10";"2021";"03:00";"3";"84";"84089";"1";"1";"1";" -1";"RD 973";"43,7006600000";"5,4549690000"
"202100010787";"6";"09";"2021";"07:00";"2";"06";"06151";"1";"1";"2";"2";"M2565";"43,9172600000";"7,2472250000"
"202100010788";"28";"10";"2021";"19:40";"3";"14";"14278";"1";"1";"1";"2";"D13";"49,1747040000";" -0,5925430000"
"202100010789";"27";"10";"2021";"16:15";"1";"45";"45135";"1";"1";"1";"2";"Chambeaudoin";"48,2552770000";"2,0402060000"
"202100010790";"27";"10";"2021";"17:02";"1";"45";"45146";"1";"1";"7";"3";"Route des Trays";"47,7199940000";"1,9309920000"
"202100010791";"27";"10";"2021";"21:30";"3";"16";"16287";"1";"9";"1";"6";"RD 210";"45,5962110000";"0,0693940000"
"202100010792";"28";"10";"2021";"10:20";"1";"07";"07095";"1";"1";"1";"1";"rd538";"44,9958670000";"4,6908190000"
"202100010793";"28";"10";"2021";"06:40";"2";"07";"07010";"2";"1";"1";"6";"32 Rue Melchior de VoguÃ«";"45,2417250000";"4,6682670000"
"202100010794";"26";"10";"2021";"19:00";"3";"21";"21311";"1";"1";"1";"7";"D 110";"47,0035420000";"5,2363530000"
"202100010795";"28";"10";"2021";"14:45";"1";"24";"24547";"2";"2";"1";"3";"Avenue Victor Hugo";"45,1310590000";"1,2875460000"
"202100010796";"27";"10";"2021";"15:30";"1";"85";"85073";"1";"2";"1";"3";"La Frise";"46,4978940000";" -1,1939590000"
"202100010797";"27";"10";"2021";"19:00";"3";"34";"34320";"1";"3";"1";"3";"D111";"43,6637827676";"3,7237268686"
"202100010798";"28";"10";"2021";"07:30";"2";"68";"68135";"1";"1";"1";"4";"A35";"47,5894130000";"7,5463680000"
"202100010799";"10";"10";"2021";"16:15";"1";"27";"27102";"1";"1";"1";"6";"A13";"49,3698270000";"0,7671330000"
"202100010800";"28";"10";"2021";"12:00";"1";"971";"97134";"1";"1";"1";"6";"Route du Bouchu";"16,0612380000";" -61,7589300000"
"202100010801";"27";"10";"2021";"16:00";"1";"30";"30162";"1";"9";"1";"3";"Route de Cardet";"44,0244680000";"4,0337960000"
"202100010802";"27";"10";"2021";"20:45";"5";"11";"11076";"2";"1";"1";"6";"Avenue des PyrÃ©nÃ©es";"43,3121190000";"1,9593110000"
"202100010803";"28";"10";"2021";"13:10";"1";"34";"34246";"1";"1";"8";"7";"D118 - PK 09+450";"43,7298440000";"4,0609500000"
"202100010804";"27";"10";"2021";"20:40";"3";"84";"84092";"2";"4";"1";"6";"Route de Sorgues";"43,9740320000";"4,8580970000"
"202100010805";"28";"10";"2021";"19:35";"3";"06";"06048";"2";"1";"1";"6";"182 Avenue Flaminius Raiberti";"43,8105150000";"7,3133580000"
"202100010806";"27";"10";"2021";"10:15";"1";"13";"13110";"1";"1";"1";"3";"Route DÃ©partementale 7n";"43,4649430000";"5,7265380000"
"202100010807";"26";"10";"2021";"11:40";"1";"67";"67329";"1";"2";"1";"1";"D426";"48,4512680000";"7,5212250000"
"202100010808";"27";"10";"2021";"15:00";"1";"88";"88104";"1";"1";"7";"2";"D1";"48,3079260000";"5,6900240000"
"202100010809";"27";"10";"2021";"15:20";"1";"88";"88090";"2";"2";"1";"3";"11 Rue Marcel Goulette";"48,3731890000";"6,2940770000"
"202100010810";"28";"10";"2021";"17:15";"2";"54";"54196";"1";"2";"1";"6";"D913";"48,5599440000";"6,1852812762"
"202100010811";"26";"06";"2021";"19:00";"2";"07";"07324";"2";"3";"1";"3";"69 Route de Lamastre";"45,0681100000";"4,8130080000"
"202100010812";"27";"10";"2021";"17:05";"1";"69";"69242";"2";"3";"1";"3";"PERRIERS (DES) (RTE)";"46,1302670000";"4,7626430000"
"202100010813";"27";"10";"2021";"18:00";"1";"69";"69052";"2";"3";"1";"6";"LOZANNE (DE) (RTE)";"45,8749522221";"4,7098141291"
"202100010814";"24";"08";"2021";"13:33";"1";"69";"69010";"2";"1";"1";"6";"REPUBLIQUE (DE LA) (PL)";"45,8361700000";"4,6159960000"
"202100010815";"28";"10";"2021";"07:10";"3";"65";"65147";"1";"1";"1";"1";"RD 20";"43,1425750000";"0,2282510000"
"202100010816";"28";"10";"2021";"08:40";"2";"33";"33080";"1";"3";"1";"3";"D1113";"44,7308660000";" -0,5322580000"
"202100010817";"28";"10";"2021";"09:08";"1";"44";"44215";"2";"6";"1";"3";"Rond-point des Ã©chalonniÃ¨res vertou";"47,1773750000";" -1,4634130000"
"202100010818";"28";"10";"2021";"12:43";"1";"22";"22081";"2";"1";"1";"6";"Rue des Grands Champs";"48,4816050000";" -2,6444440000"
"202100010819";"24";"10";"2021";"11:45";"1";"27";"27412";"1";"3";"1";"2";"D313";"49,2386800000";"1,1190180000"
"202100010820";"27";"10";"2021";"21:00";"3";"60";"60528";"1";"1";"1";"7";"D153";"49,2432820000";"1,8745850000"
"202100010821";"27";"10";"2021";"07:05";"5";"59";"59670";"2";"1";"1";"6";"Rue Marcel Sembat";"50,5497414671";"2,9176922143"
"202100010822";"27";"10";"2021";"19:03";"5";"13";"13055";"1";"1";"1";"2";"A507 sens Marseille - Aubagne";"43,2878600000";"5,4247800000"
"202100010823";"27";"10";"2021";"16:10";"1";"13";"13203";"2";"1";"1";"2";"A557-Liaison A7 Marseille-A55 Marseille";"43,3204900000";"5,3729700000"
"202100010824";"27";"10";"2021";"17:50";"1";"33";"33065";"1";"1";"1";"3";"ROUTE NATIONALE 230";"44,8283700000";" -0,5039100000"
"202100010825";"27";"10";"2021";"14:10";"1";"33";"33162";"1";"1";"1";"4";"ROCADE A 630";"44,8644700000";" -0,6536800000"
"202100010826";"27";"10";"2021";"06:55";"3";"33";"33162";"1";"1";"5";"4";"ROCADE A 630";"44,8710330000";" -0,6428430000"
"202100010827";"27";"10";"2021";"19:35";"3";"91";"91377";"1";"1";"1";"2";"AUTOROUTE A10";"48,7205100000";"2,2944500000"
"202100010828";"27";"10";"2021";"17:25";"1";"91";"91377";"2";"1";"1";"3";"RD 188";"48,7302500000";"2,3003500000"
"202100010829";"27";"10";"2021";"16:20";"1";"94";"94037";"1";"1";"1";"3";"AUTOROUTE A6B";"48,8095900000";"2,3489300000"
"202100010830";"27";"10";"2021";"08:05";"1";"94";"94038";"1";"1";"1";"5";"AUTOROUTE A6B";"48,7740252890";"2,3462096537"
"202100010831";"26";"10";"2021";"22:15";"3";"91";"91235";"1";"1";"1";"7";"RN 104";"48,6257100000";"2,3530300000"
"202100010832";"27";"10";"2021";"10:55";"1";"78";"78007";"1";"1";"1";"2";"A13W";"48,8974300000";"2,0062200000"
"202100010833";"27";"10";"2021";"19:15";"2";"93";"93005";"1";"1";"1";"2";"AUTOROUTE A1";"48,9571638618";"2,4614532100"
"202100010834";"27";"10";"2021";"13:20";"1";"95";"95572";"1";"1";"1";"3";" A15";"49,0282010000";"2,1282400000"
"202100010835";"27";"10";"2021";"02:00";"5";"95";"95607";"1";"1";"1";"6";" A115";"49,0214400000";"2,2110900000"
"202100010836";"27";"10";"2021";"19:40";"3";"77";"77373";"1";"1";"1";"2";"RN104";"48,7775400000";"2,6139900000"
"202100010837";"27";"10";"2021";"17:05";"1";"94";"94017";"1";"1";"1";"2";"A4";"48,8273238388";"2,5090636814"
"202100010838";"25";"10";"2021";"22:18";"5";"79";"79191";"2";"2";"1";"3";"Rue du 14 Juillet";"46,3230300000";" -0,4561600000"
"202100010839";"27";"08";"2021";"12:17";"1";"36";"36044";"2";"1";"1";"6";"Rue Bourdillon";"46,8077700000";"1,6949900000"
"202100010840";"25";"10";"2021";"07:35";"1";"974";"97411";"1";"1";"1";"2";"RN2/043";" -20,8865400000";"55,4895800000"
"202100010841";"24";"10";"2021";"13:20";"1";"974";"97411";"2";"2";"1";"3";"AUBER (RUE JULES)";" -20,8828000000";"55,4543000000"
"202100010842";"26";"10";"2021";"07:50";"1";"974";"97409";"2";"1";"1";"1";"Grand Canal ( chemin)";" -20,9628800000";"55,6868900000"
"202100010843";"25";"10";"2021";"17:35";"2";"974";"97409";"1";"3";"1";"1";"BRAS DES CHEVRETTES (chemin)";" -20,9670000000";"55,6246500000"
"202100010844";"25";"10";"2021";"16:30";"1";"974";"97407";"2";"9";"8";"1";"CARPAYE(AVENUE)";" -20,9456500000";"55,2983800000"
"202100010845";"26";"10";"2021";"16:30";"1";"69";"69386";"2";"3";"1";"2";"VERGUIN (AV)";"45,7726700000";"4,8565900000"
"202100010846";"26";"10";"2021";"07:15";"5";"69";"69383";"2";"1";"1";"6";"LACASSAGNE                          (AV)";"45,7543700000";"4,8667600000"
"202100010847";"25";"10";"2021";"17:20";"1";"69";"69388";"2";"3";"1";"3";"NARVIK (DE) (R)";"45,7290228101";"4,8857545855"
"202100010848";"25";"10";"2021";"06:40";"5";"69";"69385";"2";"1";"8";"3";"CHAMPVERT (DE) (R)";"45,7605490000";"4,7958000000"
"202100010849";"25";"10";"2021";"17:00";"1";"971";"97101";"2";"6";"1";"3";"BOULEVARD DES HEROS";"16,2517900000";" -61,5210700000"
"202100010850";"26";"10";"2021";"07:00";"5";"2A";"2A004";"2";"3";"1";"3";"BONAPARTE CHARLES  BD";"41,9339735523";"8,7525018454"
"202100010851";"26";"10";"2021";"21:20";"4";"91";"91691";"2";"6";"8";"7";"RUE DE VILLECRESNES";"48,7074500000";"2,4985000000"
"202100010852";"26";"10";"2021";"11:30";"1";"91";"91657";"2";"3";"1";"6";"AV DE LA CONCORDE";"48,7046000000";"2,4227800000"
"202100010853";"25";"10";"2021";"08:50";"1";"91";"91114";"1";"1";"2";"2";"RTE NATIONALE 6";"48,6782400000";"2,4965000000"
"202100010854";"22";"10";"2021";"15:40";"1";"91";"91521";"2";"1";"1";"6";"BONTE (RUE)";"48,6584700000";"2,4123500000"
"202100010855";"25";"10";"2021";"16:32";"1";"87";"87085";"2";"2";"1";"3";"GRAND-TREUIL (RUE DU)";"45,8444000000";"1,2705700000"
"202100010856";"25";"10";"2021";"16:03";"1";"87";"87085";"2";"2";"2";"7";"QUEUILLE (PLACE HENRI)";"45,8152400000";"1,2694200000"
"202100010857";"26";"10";"2021";"16:20";"1";"86";"86066";"2";"2";"1";"1";"Route de LencloÃ®tre";"46,8230420000";"0,5095930000"
"202100010858";"22";"10";"2021";"19:35";"1";"84";"84080";"1";"9";"1";"3";"VELLERON ROUTE DE";"44,0125100000";"5,0091500000"
"202100010859";"2";"09";"2021";"16:45";"1";"84";"84007";"2";"1";"2";"3";"TARASCON ( Avenue de)";"43,9188700000";"4,8093300000"
"202100010860";"25";"10";"2021";"11:45";"1";"83";"83061";"2";"9";"1";"6";"D8";"43,4348676761";"6,7253279686"
"202100010861";"22";"10";"2021";"07:00";"5";"80";"80261";"2";"1";"1";"3";"Rue Grimaux";"49,8484500000";"2,2720600000"
"202100010862";"26";"10";"2021";"08:00";"1";"77";"77445";"2";"1";"5";"1";"D150";"48,5733000000";"2,5905000000"
"202100010863";"24";"10";"2021";"07:49";"1";"77";"77431";"2";"1";"5";"6";"FONTAINEBLEAU(AVENUE DE)";"48,2787980000";"2,6825720000"
"202100010864";"26";"10";"2021";"23:05";"3";"77";"77070";"1";"1";"1";"2";"D934";"48,7930500000";"3,1117300000"
"202100010865";"25";"10";"2021";"16:00";"1";"76";"76351";"2";"3";"1";"3";"GUINEE (QUAI DE LA)";"49,4885600000";"0,1212300000"
"202100010866";"25";"10";"2021";"18:20";"5";"74";"74012";"2";"1";"1";"3";"VAILLAT (RUE LEANDRE)";"46,1906300000";"6,2371400000"
"202100010867";"25";"10";"2021";"08:15";"1";"73";"73008";"2";"6";"1";"2";"D1201 Boulevard MarÃ©chal de Lattre de Tassigny";"45,6965600000";"5,9073800000"
"202100010868";"26";"10";"2021";"17:30";"1";"69";"69029";"2";"1";"1";"3";"GENAS (DE) (RTE)";"45,7479010381";"4,9213546515"
"202100010869";"26";"10";"2021";"16:45";"1";"69";"69013";"1";"1";"1";"6";"SAINT JULIEN (DE) (RTE)";"46,0191926292";"4,6807658672"
"202100010870";"25";"10";"2021";"17:05";"1";"67";"67482";"2";"3";"1";"2";"MITTELHAUSBERGEN (ROUTE DE)";"48,5977700000";"7,7145300000"
"202100010871";"23";"10";"2021";"10:08";"1";"66";"66136";"2";"1";"1";"6";"TORREILLES (AV DU DOCTEUR JEAN-LOUIS)";"42,6915300000";"2,8724000000"
"202100010872";"22";"10";"2021";"18:00";"1";"66";"66136";"2";"1";"1";"3";"POINCARE (BOULEVARD HENRI)";"42,6911500000";"2,8982700000"
"202100010873";"25";"10";"2021";"15:29";"1";"65";"65440";"2";"2";"7";"3";"DEBUSSY (BOULEVARD CLAUDE)";"43,2200700000";"0,0657400000"
"202100010874";"26";"10";"2021";"15:55";"1";"64";"64260";"2";"1";"1";"3";"LECLERC (BOULEVARD DU GENERAL)";"43,3684769444";" -1,7709714174"
"202100010875";"26";"10";"2021";"08:50";"1";"64";"64545";"1";"3";"1";"3";"RD810";"43,3466000000";" -1,7573500000"
"202100010876";"26";"10";"2021";"11:20";"1";"64";"64445";"2";"6";"1";"3";"ALLEES DE MORLAAS DES";"43,3077300000";" -0,3391300000"
"202100010877";"26";"10";"2021";"10:45";"1";"64";"64102";"2";"1";"7";"6";"ALSACE LORRAINE (BOULEVARD)";"43,4952000000";" -1,4698400000"
"202100010878";"25";"10";"2021";"16:51";"1";"64";"64102";"2";"1";"1";"3";"AQUITAINE  (Rond Point d')";"43,4871210000";" -1,4687100000"
"202100010879";"24";"10";"2021";"04:26";"5";"63";"63075";"2";"1";"1";"6";"BERGOUGNAN (AVENUE)";"45,7797800000";"3,0682100000"
"202100010880";"22";"10";"2021";"23:35";"5";"63";"63032";"2";"4";"1";"6";"MONT-DORE (AVENUE DU)";"45,7473900000";"3,0709400000"
"202100010881";"22";"10";"2021";"12:15";"1";"63";"63113";"2";"2";"1";"3";"LAVOISIERS (BD)";"45,7840000000";"3,0761400000"
"202100010882";"21";"10";"2021";"22:18";"5";"63";"63113";"2";"2";"1";"3";"JOUHAUX (BD LEON)";"45,8004300000";"3,1119900000"
"202100010883";"18";"10";"2021";"11:41";"1";"63";"63014";"2";"1";"1";"3";"ROUSSILLON (AVENUE DU)";"45,7552600000";"3,1269200000"
"202100010884";"26";"10";"2021";"19:17";"3";"62";"62083";"1";"1";"2";"7";"HOUCHIN (RUE D')  OU CD 171";"50,4658960000";"2,6172820000"
"202100010885";"25";"10";"2021";"16:00";"1";"62";"62617";"2";"1";"1";"6";"LAC (AVENUE DU)";"50,4766190000";"2,6779680000"
"202100010886";"26";"10";"2021";"08:10";"2";"61";"61001";"2";"3";"8";"2";"BOUCHER DE PERTHES (RUE)";"48,4297700000";"0,1044100000"
"202100010887";"26";"10";"2021";"18:00";"2";"59";"59599";"2";"1";"2";"3";"GAND (RUE DE)";"50,7267300000";"3,1575300000"
"202100010888";"26";"10";"2021";"02:50";"5";"59";"59350";"2";"2";"2";"6";"LORRAINE BOULEVARD";"50,6304400000";"3,0350000000"
"202100010889";"24";"10";"2021";"16:20";"1";"58";"58194";"2";"1";"1";"3";"VICTOR HUGO (BOULEVARD)";"46,9917000000";"3,1531000000"
"202100010890";"25";"10";"2021";"14:40";"1";"58";"58194";"2";"3";"1";"2";"MARECHAL LECLERC";"46,9980000000";"3,1654000000"
"202100010891";"22";"10";"2021";"18:05";"1";"58";"58194";"2";"3";"1";"1";"GRAND MOUESSE (FAUBOURG)";"46,9892300000";"3,1875400000"
"202100010892";"25";"10";"2021";"08:40";"1";"56";"56121";"2";"1";"1";"4";"PÃ©nÃ©trante de Lorient D465";"47,7621600000";" -3,3817500000"
"202100010893";"26";"10";"2021";"17:20";"1";"54";"54547";"2";"9";"1";"3";"MIRECOURT (ROUTE DE)";"48,6610073783";"6,1877992228"
"202100010894";"26";"10";"2021";"10:00";"1";"54";"54184";"2";"1";"1";"3";"SOIXANTE NEUVIEME R.I. (AVENUE DU)";"48,7094400000";"6,2401100000"
"202100010895";"26";"10";"2021";"08:00";"1";"54";"54547";"2";"1";"1";"2";"FORET DE HAYE (AVENUE DE LA)";"48,6510492604";"6,1456717551"
"202100010896";"25";"10";"2021";"15:10";"1";"52";"52121";"1";"1";"1";"1";"RD 674";"48,1197800000";"5,1722300000"
"202100010897";"26";"10";"2021";"10:25";"1";"51";"51172";"2";"2";"1";"3";"Rue des Remouleurs";"49,2156001407";"4,0639586104"
"202100010898";"26";"10";"2021";"15:28";"1";"50";"50165";"2";"6";"1";"6";"COUTANCES (ROUTE DE)";"48,8452900000";" -1,5836000000"
"202100010899";"25";"10";"2021";"08:10";"1";"50";"50129";"2";"1";"1";"3";"THIVET (AVENUE)";"49,6353700000";" -1,6566650000"
"202100010900";"24";"10";"2021";"05:40";"5";"50";"50129";"2";"1";"1";"6";"CALIGNY (QUAI DE)";"49,6411100000";" -1,6211600000"
"202100010901";"25";"10";"2021";"16:44";"1";"49";"49267";"2";"1";"1";"7";"ANGERS ROUTE";"47,4671100000";" -0,5001800000"
"202100010902";"26";"10";"2021";"17:20";"1";"44";"44162";"2";"1";"1";"3";"BOULEVARD SALVADOR ALLENDE";"47,2191200000";" -1,6216600000"
"202100010903";"15";"10";"2021";"01:25";"5";"42";"42218";"2";"1";"1";"6";"Rue LÃ©on Nautin";"45,4347832845";"4,3898359067"
"202100010904";"28";"08";"2021";"00:00";"5";"42";"42218";"2";"1";"1";"2";"Rue Charles Perrault";"45,4479450416";"4,3682504296"
"202100010905";"20";"10";"2021";"06:30";"5";"42";"42218";"2";"1";"1";"6";"Rue de Terrenoire";"45,4332800000";"4,4157600000"
"202100010906";"28";"09";"2021";"20:45";"5";"42";"42218";"2";"1";"1";"6";"Boulevard Jules Janin";"45,4485582255";"4,3902667246"
"202100010907";"26";"10";"2021";"15:20";"1";"37";"37261";"2";"1";"1";"2";"MARCEAU (RUE)";"47,3947347451";"0,6845171147"
"202100010908";"26";"10";"2021";"21:45";"5";"35";"35238";"2";"3";"1";"6";"GRIGNION (DU PERE)";"48,1112300000";" -1,6868000000"
"202100010909";"26";"10";"2021";"17:30";"1";"35";"35051";"2";"1";"1";"2";"BEAULIEU (PORTE DE)";"48,1050600000";" -1,6028800000"
"202100010910";"26";"10";"2021";"08:15";"1";"35";"35051";"2";"6";"5";"3";"FONTAINE (RUE DE LA)";"48,1140500000";" -1,6073000000"
"202100010911";"26";"10";"2021";"22:00";"5";"33";"33063";"2";"4";"1";"3";"ACACIAS CAUD (RUE DES)";"44,8622700000";" -0,6163600000"
"202100010912";"26";"10";"2021";"17:20";"1";"33";"33281";"1";"1";"1";"3";"Avenue Marcel Dassault";"44,8480300000";" -0,7056600000"
"202100010913";"25";"10";"2021";"16:20";"1";"33";"33522";"2";"2";"1";"4";"Cours de la LibÃ©ration";"44,7982000000";" -0,5999200000"
"202100010914";"25";"10";"2021";"07:20";"5";"33";"33039";"2";"6";"2";"3";"Avenue LÃ©nine";"44,7955000000";" -0,5586900000"
"202100010915";"25";"10";"2021";"17:00";"1";"29";"29232";"2";"1";"1";"3";"Quai de lâOdet";"47,9904405600";" -4,1119616020"
"202100010916";"30";"08";"2021";"16:38";"1";"29";"29019";"2";"1";"1";"4";"Boulevard LÃ©on Blum";"48,4077000000";" -4,4851000000"
"202100010917";"26";"10";"2021";"19:10";"2";"17";"17200";"2";"1";"1";"1";"Avenue de Lagord";"46,1813950000";" -1,1587940000"
"202100010918";"25";"10";"2021";"19:40";"3";"14";"14137";"2";"1";"1";"6";"GAULLE ( AVENUE CHARLES DE )";"49,1895800000";" -0,4418200000"
"202100010919";"26";"10";"2021";"18:30";"2";"13";"13117";"2";"2";"1";"3";"LONDRES (AVENUE DE)";"43,4339723449";"5,2425869058"
"202100010920";"26";"10";"2021";"21:50";"5";"13";"13210";"2";"1";"1";"7";"CAPELETTE (AVENUE DE LA)";"43,2806991632";"5,4069969449"
"202100010921";"26";"10";"2021";"13:40";"1";"13";"13215";"2";"3";"1";"3";"LYON (RUE DE)";"43,3415000000";"5,3603200000"
"202100010922";"25";"10";"2021";"17:20";"1";"13";"13047";"1";"6";"1";"7";"D.5";"43,4794714688";"4,9963362897"
"202100010923";"25";"10";"2021";"20:45";"3";"12";"12176";"1";"1";"1";"2";"RD 840";"44,3966600000";"2,5071000000"
"202100010924";"24";"10";"2021";"21:34";"5";"12";"12202";"2";"1";"1";"1";"BRUXELLES (RUE DE)";"44,3587300000";"2,5624600000"
"202100010925";"25";"10";"2021";"07:48";"1";"10";"10333";"2";"1";"1";"2";"ROCADE OUEST (RD 610)";"48,2706000000";"4,0489000000"
"202100010926";"25";"10";"2021";"23:20";"3";"07";"07070";"2";"1";"1";"7";"BLACHES (CHEMIN DES GRANDES)";"44,9572760000";"4,8400820000"
"202100010927";"26";"10";"2021";"23:30";"5";"06";"06104";"2";"1";"1";"7";"FRANCE (AVENUE DE)";"43,7533060000";"7,4457470000"
"202100010928";"26";"10";"2021";"19:11";"2";"75";"75114";"2";"1";"1";"7";"BOULEVARD PERIPHERIQUE";"48,8187880000";"2,3317430000"
"202100010929";"25";"10";"2021";"08:15";"1";"75";"75115";"2";"1";"2";"7";"PORTE DE SEVRES";"48,8314240000";"2,2828540000"
"202100010930";"26";"10";"2021";"18:05";"2";"75";"75108";"2";"2";"1";"6";"AVENUE DELCASSE";"48,8725870000";"2,3147010000"
"202100010931";"26";"10";"2021";"01:14";"5";"75";"75112";"2";"4";"1";"6";"QUAI DE BERCY";"48,8295661020";"2,3870962858"
"202100010932";"25";"10";"2021";"13:21";"1";"75";"75119";"2";"2";"1";"2";"AVENUE DE FLANDRE";"48,8924390000";"2,3789070000"
"202100010933";"26";"10";"2021";"18:33";"5";"75";"75118";"2";"3";"1";"3";"BOULEVARD BARBES";"48,8844820000";"2,3494940000"
"202100010934";"26";"10";"2021";"13:50";"1";"75";"75115";"2";"2";"1";"3";"RUE DE L ABBE GROULT";"48,8396370000";"2,2965400000"
"202100010935";"25";"10";"2021";"20:30";"5";"75";"75114";"2";"1";"1";"3";"PLACE DES CINQ MARTYRS DU LYCEE BUFFON";"48,8381830000";"2,3174320000"
"202100010936";"26";"10";"2021";"16:47";"1";"75";"75113";"2";"2";"1";"7";"RUE DE TOLBIAC";"48,8259960000";"2,3536530000"
"202100010937";"26";"10";"2021";"19:20";"5";"75";"75110";"2";"2";"1";"3";"RUE DU FAUBOURG SAINT MARTIN";"48,8737750000";"2,3583210000"
"202100010938";"26";"10";"2021";"09:25";"1";"75";"75110";"2";"1";"1";"1";"RUE DES PETITES ECURIES";"48,8739690000";"2,3485760000"
"202100010939";"26";"10";"2021";"12:40";"1";"75";"75107";"2";"3";"1";"3";"AVENUE DE SUFFREN";"48,8522570000";"2,2991950000"
"202100010940";"25";"10";"2021";"20:35";"2";"75";"75102";"2";"2";"1";"6";"BOULEVARD DE SEBASTOPOL";"48,8670310000";"2,3529760000"
"202100010941";"25";"10";"2021";"20:50";"5";"94";"94046";"2";"1";"2";"3";"Rue Jean JaurÃ¨s";"48,7895700000";"2,4353570000"
"202100010942";"26";"10";"2021";"21:35";"5";"94";"94021";"2";"6";"1";"6";"Rue de Lorraine";"48,7633800000";"2,3551300000"
"202100010943";"26";"10";"2021";"14:30";"1";"94";"94038";"2";"2";"1";"3";"Rue des PrimevÃ¨res";"48,7773900000";"2,3530600000"