"Num_Acc";"jour";"mois";"an";"hrmn";"lum";"dep";"com";"agg";"int";"atm";"col";"adr";"lat";"long"
"202100010944";"25";"10";"2021";"11:50";"1";"94";"94028";"2";"9";"1";"2";"PASTEUR VALERY RADOT(IMPASSE ET RUE)";"48,7795900000";"2,4431800000"
"202100010945";"26";"10";"2021";"16:35";"1";"93";"93078";"2";"3";"8";"3";"BALLANGER (BD ROBERT)";"48,9539000000";"2,5340200000"
"202100010946";"26";"10";"2021";"12:00";"1";"93";"93078";"2";"3";"8";"3";"BALLANGER (BD ROBERT)";"48,9572300000";"2,5441700000"
"202100010947";"26";"10";"2021";"09:10";"1";"93";"93059";"2";"3";"1";"3";"MERCHER (PASSAGE)";"48,9493300000";"2,3577500000"
"202100010948";"26";"10";"2021";"10:15";"1";"93";"93013";"2";"1";"1";"1";"KENNEDY (AVENUE JOHN FITZGERALD)";"48,9386100000";"2,4261500000"
"202100010949";"22";"10";"2021";"22:00";"5";"93";"93005";"2";"3";"1";"1";"JEAN CHARCOT [CD115] (RUE)";"48,9331874767";"2,4896155108"
"202100010950";"26";"10";"2021";"14:10";"1";"92";"92036";"2";"2";"1";"3";"PORT CHARBONNIER (ROUTE DU)";"48,9377000000";"2,2768000000"
"202100010951";"26";"10";"2021";"03:00";"5";"92";"92036";"2";"3";"1";"7";"COUTURE D'AUXERRE (RUE DE LA) (1/25)";"48,9250826021";"2,2900177538"
"202100010952";"24";"10";"2021";"13:25";"1";"92";"92024";"2";"3";"1";"3";"VICTOR HUGO (BD)";"48,9017743293";"2,3174643424"
"202100010953";"26";"10";"2021";"16:55";"1";"92";"92019";"2";"1";"1";"6";"DE VINCI LEONARD (AVENUE)";"48,7657009284";"2,2509258986"
"202100010954";"25";"10";"2021";"19:17";"5";"92";"92004";"2";"3";"1";"6";"AULAGNIER ( QUAI )";"48,9174035277";"2,3198881745"
"202100010955";"26";"10";"2021";"16:00";"1";"92";"92002";"2";"9";"1";"3";"ARISTIDE BRIAND (AVENUE)";"48,7604215504";"2,3077672720"
"202100010956";"26";"10";"2021";"11:40";"1";"92";"92002";"2";"1";"1";"3";"DIVISION LECLERC (53 A 217 - 58 A 186)";"48,7371400000";"2,3017700000"
"202100010957";"26";"10";"2021";"16:34";"1";"66";"66015";"1";"9";"1";"6";"Village Catalan";"42,5779110000";"2,8447940000"
"202100010958";"26";"10";"2021";"08:40";"1";"974";"97412";"2";"1";"1";"3";"RN2";" -21,3778330000";"55,6034270000"
"202100010959";"27";"10";"2021";"19:00";"3";"11";"11041";"1";"3";"1";"3";"D67";"43,3248500000";"2,8798560000"
"202100010960";"26";"10";"2021";"15:55";"1";"01";"01075";"1";"2";"1";"3";"Chemin de Fournieux";"46,0235430000";"4,7938930000"
"202100010961";"24";"10";"2021";"19:20";"2";"71";"71329";"1";"1";"5";"1";"Route de Frontenard";"46,9277590000";"5,1515470000"
"202100010962";"27";"10";"2021";"11:00";"1";"30";"30030";"1";"3";"1";"3";"Hameau de BÃ©zut";"44,0560620000";"4,2719010000"
"202100010963";"21";"10";"2021";"18:00";"1";"74";"74005";"2";"1";"1";"3";"Avenue de Thonon";"46,3358880000";"6,4787580000"
"202100010964";"27";"10";"2021";"13:30";"1";"83";"83057";"1";"1";"1";"2";"RD 13 PK 49+950";"43,3793200000";"6,2089490000"
"202100010965";"14";"10";"2021";"17:50";"1";"19";"19192";"1";"1";"1";"5";"Echaunie";"45,1113080000";"1,9138150000"
"202100010966";"26";"10";"2021";"15:05";"1";"59";"59018";"1";"8";"1";"1";"Rue d Esquelbecq";"50,8546110000";"2,4127650000"
"202100010967";"8";"10";"2021";"18:45";"2";"79";"79179";"1";"2";"1";"3";"La MoriniÃ¨re";"46,7095710000";" -0,5964500000"
"202100010968";"27";"10";"2021";"08:15";"1";"79";"79077";"2";"2";"1";"3";"27 Rue du Rivault";"46,5592700000";" -0,5560430000"
"202100010969";"27";"10";"2021";"14:00";"1";"2B";"2B343";"1";"1";"1";"2";"RT10";"42,4928470377";"9,4735622419"
"202100010970";"27";"10";"2021";"11:00";"1";"2B";"2B043";"2";"1";"1";"1";"RD 80, Erbalunga";"42,7740740000";"9,4749250000"
"202100010971";"27";"10";"2021";"09:10";"1";"80";"80754";"1";"1";"1";"6";"D51";"49,8224520000";"1,9535600000"
"202100010972";"26";"10";"2021";"19:00";"2";"32";"32165";"1";"1";"1";"6";"RD12 - PK 15+330";"43,5904320000";"0,8351760000"
"202100010973";"25";"10";"2021";"10:14";"1";"89";"89464";"1";"1";"1";"1";"Route de Bussy";"48,0762550000";"3,2698990000"
"202100010974";"26";"10";"2021";"20:00";"3";"61";"61344";"1";"1";"1";"6";"Lieu Dit la Bruyere";"48,6733720000";" -0,2366140000"
"202100010975";"26";"10";"2021";"18:00";"2";"39";"39478";"2";"1";"1";"6";"30 Avenue de la Gare";"46,3909830000";"5,8608840000"
"202100010976";"24";"10";"2021";"16:45";"1";"29";"29010";"1";"1";"1";"6";"5 Hameau de Creac H Guial";"48,5126092124";" -4,1260946909"
"202100010977";"27";"10";"2021";"08:00";"2";"29";"29020";"1";"3";"1";"1";"ZI des Pays-Bas";"48,1005090000";" -4,0275790000"
"202100010978";"26";"10";"2021";"18:50";"5";"38";"38140";"2";"6";"9";"3";"rond point croix des hayes";"45,2768950000";"5,8726300000"
"202100010979";"25";"10";"2021";"10:45";"1";"38";"38140";"2";"1";"7";"3";"103 Avenue Joliot Curie";"45,2839660000";"5,8827830000"
"202100010980";"23";"10";"2021";"10:40";"1";"03";"03082";"2";"1";"7";"6";"14 Place du Champ de Foire";"46,2939060000";"2,7427980000"
"202100010981";"26";"10";"2021";"20:00";"3";"72";"72282";"1";"1";"1";"6";"Lieu-dit l'Aumone";"48,3009390000";" -0,1041450000"
"202100010982";"27";"10";"2021";"07:55";"2";"72";"72054";"1";"1";"1";"3";"Les Parcs";"48,0059460000";"0,3577850000"
"202100010983";"25";"10";"2021";"17:30";"1";"72";"72023";"1";"9";"2";"7";"Rue de Villeneuve";"48,1691190000";"0,2495310000"
"202100010984";"26";"10";"2021";"15:10";"1";"14";"14172";"1";"1";"1";"7";"D514";"49,3369520000";" -0,7326940000"
"202100010985";"26";"10";"2021";"15:30";"1";"50";"50487";"1";"2";"1";"3";"D40 - PK9+830 VILLIERS LE PRE";"48,5334450000";" -1,3900070000"
"202100010986";"27";"10";"2021";"07:15";"3";"60";"60029";"1";"1";"5";"2";"D981";"49,3662850000";"1,9790950000"
"202100010987";"27";"10";"2021";"07:30";"2";"45";"45203";"1";"1";"5";"3";"D3";"47,8547250000";"1,7130090000"
"202100010988";"26";"10";"2021";"08:15";"2";"16";"16414";"1";"1";"1";"7";"voie communale";"45,8520300000";"0,1099600000"
"202100010989";"27";"10";"2021";"08:45";"1";"07";"07078";"2";"6";"7";"6";"17 rue des Alpes";"45,2545110000";"4,6881530000"
"202100010990";"27";"10";"2021";"13:45";"1";"40";"40069";"1";"1";"1";"1";"D933s";"43,5962440000";" -0,6469060000"
"202100010991";"26";"10";"2021";"18:15";"1";"24";"24042";"1";"3";"1";"1";"D 939 - gare de biras";"45,2971540000";"0,6599310000"
"202100010992";"25";"10";"2021";"09:00";"1";"87";"87180";"1";"1";"1";"1";"RN 145";"46,1949830000";"1,2684060000"
"202100010993";"27";"10";"2021";"17:50";"2";"49";"49377";"1";"9";"1";"4";"a11 pk 253.000";"47,5183240000";" -0,4324900000"
"202100010994";"21";"10";"2021";"01:11";"3";"01";"01451";"1";"1";"6";"6";"A 40";"46,2423730000";"5,2703480000"
"202100010995";"27";"10";"2021";"13:45";"1";"988";"98803";"1";"1";"1";"6";"RT1";" -21,6013280000";"165,5525170000"
"202100010996";"26";"10";"2021";"19:45";"3";"973";"97304";"2";"1";"1";"1";"8 Avenue Auguste Boudinot";"5,1755634617";" -52,6497318596"
"202100010997";"19";"10";"2021";"00:53";"3";"77";"77142";"2";"1";"1";"7";"Route de Serbonne";"48,8475370000";"2,9235330000"
"202100010998";"26";"10";"2021";"14:40";"1";"06";"06002";"1";"1";"1";"1";"D2211a";"43,8788120000";"6,7925770000"
"202100010999";"26";"10";"2021";"15:30";"1";"13";"13094";"1";"6";"1";"3";"Laurade";"43,7920470000";"4,7119010000"
"202100011000";"26";"10";"2021";"20:00";"3";"13";"13096";"1";"1";"1";"2";"D38";"43,4638530000";"4,3961190000"
"202100011001";"27";"10";"2021";"16:00";"1";"38";"38344";"1";"1";"1";"3";"Autoroute A7 PK 018.400";"45,3713230000";"4,8077070000"
"202100011002";"22";"10";"2021";"04:30";"3";"21";"21609";"1";"1";"1";"6";"D905";"47,2073250000";"5,3100870000"
"202100011003";"26";"10";"2021";"16:30";"1";"67";"67300";"2";"1";"7";"1";"Rue des Sports";"48,5426940000";"7,4980560000"
"202100011004";"26";"10";"2021";"16:10";"1";"38";"38170";"2";"1";"1";"6";"6 Rue de l Industrie";"45,2453060000";"5,6596870000"
"202100011005";"26";"10";"2021";"21:20";"5";"01";"01049";"2";"1";"1";"6";"1884 Route Nationale";"45,8425900000";"5,0269700000"
"202100011006";"25";"10";"2021";"08:00";"1";"69";"69028";"2";"1";"1";"3";"D311";"45,7203830000";"4,6976420000"
"202100011007";"26";"10";"2021";"09:40";"1";"69";"69204";"2";"2";"1";"6";"MARECHAL JOFFRE (PL)";"45,6945548589";"4,7927641869"
"202100011008";"26";"10";"2021";"17:15";"1";"24";"24223";"2";"9";"1";"6";"29 Avenue EugÃ¨ne le Roy";"44,8375060000";"0,7455200000"
"202100011009";"26";"10";"2021";"15:15";"1";"24";"24223";"2";"1";"1";"1";"Avenue d Aquitaine";"44,8341660000";"0,7098730000"
"202100011010";"4";"10";"2021";"13:45";"1";"33";"33003";"2";"1";"1";"3";"Lotissement Place du Canton";"44,9382750000";" -0,4905210000"
"202100011011";"26";"10";"2021";"09:40";"1";"14";"14658";"1";"1";"7";"6";"Bocagnerie -Msl Clinchamps (Mesnil-Clinchamps)";"48,8487320000";" -0,9636290000"
"202100011012";"27";"10";"2021";"10:10";"1";"80";"80685";"2";"1";"1";"6";"26 Rue de Paris";"49,6965520000";"2,7894900000"
"202100011013";"27";"10";"2021";"05:00";"3";"80";"80002";"1";"1";"1";"7";"Autoroute A1 sens Paris/Lille pk 116+100";"49,8382590000";"2,8306960000"
"202100011014";"27";"10";"2021";"17:30";"1";"62";"62627";"2";"1";"1";"6";"Rue de Tortequenne";"50,3051330000";"3,0277790000"
"202100011015";"26";"10";"2021";"20:40";"5";"59";"59249";"2";"1";"2";"6";"78 Rue LÃ©o Lagrange";"50,0208240000";"4,0482470000"
"202100011016";"26";"10";"2021";"13:13";"1";"13";"13005";"1";"1";"1";"5";"A52-Sens Pont de l'Etoile vers Toulon";"43,3070000000";"5,5920000000"
"202100011017";"26";"10";"2021";"14:00";"1";"13";"13071";"1";"1";"1";"2";"A7-Sens Lyon vers Marseille";"43,4076516388";"5,2885542977"
"202100011018";"26";"10";"2021";"11:45";"1";"13";"13117";"1";"1";"1";"2";"A7-Sens Lyon vers Marseille";"43,4523010037";"5,2380806208"
"202100011019";"26";"10";"2021";"07:55";"2";"13";"13215";"1";"1";"5";"2";"A7-Sens Lyon vers Marseille";"43,3699700000";"5,3609700000"
"202100011020";"25";"10";"2021";"18:00";"1";"13";"13070";"1";"1";"1";"2";"A50-Sens Aubagne vers Marseille";"43,2860000000";"5,5310000000"
"202100011021";"25";"10";"2021";"14:18";"1";"13";"13210";"1";"1";"1";"3";"A50-Sens Aubagne vers Marseille";"43,2844437906";"5,4054918000"
"202100011022";"24";"10";"2021";"16:51";"1";"83";"83137";"1";"1";"1";"2";"A57";"43,1234690000";"5,9597490000"
"202100011023";"26";"10";"2021";"15:55";"1";"33";"33397";"1";"1";"1";"4";"AUTOROUTE A 10";"44,9183980000";" -0,4767290000"
"202100011024";"26";"10";"2021";"09:00";"1";"91";"91692";"1";"1";"1";"2";"RD 118";"48,6795825375";"2,1914398670"
"202100011025";"25";"10";"2021";"19:10";"3";"91";"91434";"1";"1";"1";"2";"AUTOROUTE A6";"48,6692310000";"2,3514620000"
"202100011026";"25";"10";"2021";"09:00";"1";"92";"92036";"1";"1";"1";"6";"RN315 W";"48,9347917950";"2,3020891821"
"202100011027";"26";"10";"2021";"16:10";"1";"93";"93066";"1";"1";"1";"2";"AUTOROUTE A1";"48,9074920000";"2,3581150000"
"202100011028";"26";"10";"2021";"08:20";"1";"93";"93078";"1";"1";"1";"6";"AUTOROUTE A104";"48,9648700000";"2,5192000000"
"202100011029";"26";"10";"2021";"08:10";"2";"93";"93066";"1";"1";"1";"5";"AUTOROUTE A86";"48,9221900000";"2,3612500000"
"202100011030";"26";"10";"2021";"08:05";"1";"93";"93007";"1";"1";"1";"2";"AUTOROUTE A1";"48,9507500000";"2,4494200000"
"202100011031";"26";"10";"2021";"06:30";"3";"93";"93048";"1";"1";"9";"3";"AUTOROUTE A86";"48,8654454247";"2,4818530668"
"202100011032";"25";"10";"2021";"22:00";"4";"95";"95527";"1";"1";"1";"5";" A1";"48,9985300000";"2,5201500000"
"202100011033";"25";"10";"2021";"18:10";"1";"93";"93010";"1";"1";"1";"2";"AUTOROUTE A3";"48,8918200000";"2,4732000000"
"202100011034";"25";"10";"2021";"08:40";"1";"95";"95582";"1";"1";"2";"5";"A15";"48,9733400000";"2,2462000000"
"202100011035";"25";"10";"2021";"08:50";"1";"93";"93064";"1";"1";"2";"5";"AUTOROUTE A86";"48,8671800000";"2,4816600000"
"202100011036";"26";"10";"2021";"17:15";"2";"77";"77169";"1";"1";"1";"2";"A4.Y";"48,8312900000";"2,6027900000"
"202100011037";"26";"10";"2021";"09:00";"1";"77";"77294";"1";"1";"1";"6";"RN104";"48,9557745296";"2,6266009959"
"202100011038";"17";"10";"2021";"20:20";"3";"94";"94046";"1";"1";"1";"3";"A86 EXT";"48,8129273331";"2,4489557692"
"202100011039";"25";"10";"2021";"09:45";"1";"69";"69266";"2";"2";"1";"6";"ROGER SALENGRO (AV)";"45,7765900000";"4,8742200000"
"202100011040";"25";"10";"2021";"17:50";"1";"06";"06123";"2";"1";"1";"3";"DE GAULLE GENERAL AVENUE";"43,6675430000";"7,1923880000"
"202100011041";"22";"10";"2021";"14:45";"1";"05";"05061";"2";"1";"7";"6";"JEAN JAURES ( AVENUE )";"44,5545900000";"6,0742700000"
"202100011042";"20";"10";"2021";"10:05";"1";"33";"33009";"2";"1";"1";"6";"N/A";"44,6569250000";" -1,1480440000"
"202100011043";"25";"10";"2021";"12:20";"1";"976";"97611";"2";"3";"1";"3";"kaweni-Kaweni nord ( Z I )";" -12,7640300000";"45,2255500000"
"202100011044";"25";"10";"2021";"05:20";"3";"974";"97409";"2";"6";"1";"3";"DE LA GARE(RUE)";" -20,9619600000";"55,6569100000"
"202100011045";"25";"10";"2021";"15:55";"1";"69";"69388";"2";"2";"1";"6";"PROFESSEUR BEAUVISAGE (DU)  (R)";"45,7293196723";"4,8674568416"
"202100011046";"22";"10";"2021";"19:00";"2";"69";"69383";"2";"2";"1";"6";"GARIBALDI (R)";"45,7570191466";"4,8527111680"
"202100011047";"25";"10";"2021";"19:05";"5";"69";"69389";"2";"1";"1";"6";"ARLOING (Q)";"45,7707400000";"4,8120900000"
"202100011048";"25";"10";"2021";"17:20";"2";"69";"69034";"2";"1";"1";"1";"CASTELLANE                          (MO)";"45,7985000000";"4,8423000000"
"202100011049";"25";"10";"2021";"08:50";"1";"69";"69382";"2";"2";"7";"3";"VERDUN RAMBAUD                      (VO)";"45,7504467617";"4,8229067984"
"202100011050";"25";"10";"2021";"08:00";"1";"69";"69152";"2";"9";"1";"3";"EUROPE (DE L')                      (BD)";"45,7070900000";"4,8212400000"
"202100011051";"25";"10";"2021";"03:45";"5";"2B";"2B037";"1";"6";"1";"6";"D 82";"42,5948700000";"9,4390800000"
"202100011052";"24";"10";"2021";"23:55";"5";"971";"97101";"1";"1";"1";"1";"RN1 ROCADE DE CHAUVEL";"16,2393432169";" -61,5220752438"
"202100011053";"24";"10";"2021";"16:50";"1";"971";"97101";"2";"3";"1";"3";"PALAIS ROYAL";"16,2936412447";" -61,4948773384"
"202100011054";"25";"10";"2021";"02:45";"5";"2A";"2A004";"2";"6";"2";"7";"CAMPI LOUIS BD";"41,9422282228";"8,7501606607"
"202100011055";"25";"10";"2021";"21:31";"5";"95";"95424";"2";"6";"1";"3";"FRANCES(AVENUE DES)";"49,0006900000";"2,2063100000"
"202100011056";"25";"10";"2021";"21:40";"5";"91";"91421";"2";"1";"2";"7";"GENERAL LECLERC (RUE DU)";"48,7058700000";"2,4617300000"
"202100011057";"22";"10";"2021";"11:20";"1";"87";"87085";"2";"2";"1";"6";"CARMES (PLACE DES)";"45,8299800000";"1,2514600000"
"202100011058";"25";"10";"2021";"08:52";"1";"87";"87085";"2";"1";"2";"2";"BAC (RUE THEODORE)";"45,8376600000";"1,2650500000"
"202100011059";"23";"10";"2021";"16:30";"1";"85";"85194";"2";"1";"1";"3";"AMIS DE LA NATURE (ROUTE DES)";"46,5477800000";" -1,8050300000"
"202100011060";"25";"10";"2021";"10:15";"1";"83";"83069";"2";"1";"1";"3";"PERRON (AVENUE JEAN JACQUES)";"43,1194231584";"6,1263021827"
"202100011061";"25";"10";"2021";"00:05";"5";"83";"83069";"2";"1";"1";"6";"MARINE (BOULEVARD DE LA)";"43,0972000000";"6,1676500000"
"202100011062";"24";"10";"2021";"17:20";"1";"77";"77131";"2";"3";"1";"2";"MARGATS (RUE DES)";"48,8087500000";"3,1012900000"
"202100011063";"25";"10";"2021";"13:28";"1";"76";"76540";"2";"3";"1";"6";"PORET DE BLOSSEVILLE. RUE";"49,4380400000";"1,0829300000"
"202100011064";"24";"10";"2021";"00:00";"5";"76";"76351";"2";"1";"1";"6";"VIVIANI";"49,4929000000";"0,1555700000"
"202100011065";"22";"10";"2021";"18:00";"1";"76";"76351";"2";"1";"1";"6";"CHARLES ROMME";"49,5151700000";"0,1719100000"
"202100011066";"23";"10";"2021";"14:35";"1";"74";"74012";"2";"1";"1";"3";"ARAVIS (RUE DES)";"46,1879700000";"6,2340300000"
"202100011067";"24";"10";"2021";"10:10";"1";"71";"71540";"1";"1";"1";"1";"D680";"46,7674000000";"4,4513500000"
"202100011068";"25";"10";"2021";"20:00";"5";"68";"68056";"2";"1";"1";"2";"AV D'ALTKIRCH";"47,7136600000";"7,3147700000"
"202100011069";"23";"10";"2021";"11:40";"1";"67";"67043";"2";"1";"1";"6";"JEAN ZIMMERMANN (RUE)";"48,6141200000";"7,7521400000"
"202100011070";"22";"10";"2021";"19:30";"5";"67";"67482";"2";"3";"1";"6";"ROMAINS (ROUTE DES)";"48,5780000000";"7,7040900000"
"202100011071";"22";"10";"2021";"08:15";"1";"67";"67043";"2";"1";"1";"6";"BISCHWILLER (ROUTE DE)";"48,6161888209";"7,7533891797"
"202100011072";"22";"10";"2021";"08:45";"1";"67";"67482";"2";"8";"1";"3";"JEAN JAURES (AVENUE)";"48,5672770000";"7,7718450000"
"202100011073";"25";"10";"2021";"11:40";"1";"64";"64545";"1";"1";"1";"2";"BIXIKENEA (CHEMIN DE)";"43,3742700000";" -1,7073600000"
"202100011074";"22";"10";"2021";"20:25";"5";"59";"59350";"2";"3";"1";"3";"FRANCE ANATOLE RUE";"50,6374740000";"3,0655630000"
"202100011075";"23";"10";"2021";"11:15";"1";"59";"59560";"2";"2";"1";"3";"DE GIRARD PHILLIPE RUE";"50,5479600000";"3,0313800000"
"202100011076";"24";"10";"2021";"15:00";"1";"59";"59178";"2";"1";"1";"6";"VIEILLE ECLUSE (RUE DE LA)";"50,4036791201";"3,1428824365"
"202100011077";"23";"10";"2021";"19:00";"5";"59";"59456";"2";"1";"1";"3";"BARROIS (AVENUE)";"50,3719500000";"3,1894100000"
"202100011078";"22";"10";"2021";"07:50";"5";"59";"59654";"2";"1";"1";"6";"LARUE (RUE GEORGES)";"50,3857760000";"3,1086020000"
"202100011079";"24";"10";"2021";"12:35";"1";"56";"56260";"2";"3";"1";"3";"GUILLAUDOT(BOULEVARD DU GENERAL MAURICE)";"47,6669720000";" -2,7457143000"
"202100011080";"22";"10";"2021";"17:30";"1";"56";"56162";"2";"1";"1";"6";"PERELLO (ROUTE DU)";"47,7016700000";" -3,4360090000"
"202100011081";"24";"10";"2021";"20:35";"5";"56";"56121";"2";"1";"2";"7";"BELGIQUE (RUE  DE )";"47,7591600000";" -3,3793900000"
"202100011082";"23";"10";"2021";"09:35";"1";"56";"56107";"2";"6";"1";"3";"MINIO (GIRATOIRE DU)";"47,7178500000";" -3,3839200000"
"202100011083";"22";"10";"2021";"18:50";"2";"56";"56121";"2";"6";"1";"3";"FRANCE ( AVE ANATOLE )";"47,7455100000";" -3,3678900000"
"202100011084";"22";"10";"2021";"14:47";"1";"56";"56121";"2";"1";"1";"6";"CARNEL (RUE  DE )";"47,7392200000";" -3,3690000000"
"202100011085";"25";"10";"2021";"14:00";"1";"54";"54482";"2";"1";"1";"2";"BARTHOU (RUE LOUIS)";"48,6977300000";"6,2069200000"
"202100011086";"25";"10";"2021";"09:52";"1";"54";"54357";"2";"9";"1";"3";"REPUBLIQUE (RUE DE LA)";"48,7097704541";"6,1457656324"
"202100011087";"25";"10";"2021";"14:48";"1";"38";"38185";"2";"3";"1";"1";"MARCELIN BERTHELOT (AVENUE)";"45,1782300000";"5,7312800000"
"202100011088";"25";"10";"2021";"16:25";"1";"37";"37261";"2";"3";"1";"6";"MAGINOT (AV. ANDRE)";"47,4149399973";"0,6882285848"
"202100011089";"24";"10";"2021";"05:00";"5";"37";"37195";"1";"1";"1";"7";"RD 88";"47,3841785112";"0,6508433819"
"202100011090";"25";"10";"2021";"17:00";"1";"35";"35051";"1";"6";"3";"3";"RD 29";"48,1546500000";" -1,6245400000"
"202100011091";"25";"10";"2021";"19:00";"5";"33";"33069";"2";"1";"2";"2";"AVE DE L'HIPPODROME";"44,8754200000";" -0,6247300000"
"202100011092";"25";"10";"2021";"15:14";"1";"33";"33318";"2";"6";"1";"3";"Avenue de Saige";"44,7899700000";" -0,6345900000"
"202100011093";"7";"10";"2021";"19:15";"1";"31";"31555";"2";"1";"1";"3";"AV DIDIER DAURAT";"43,5726100000";"1,4930900000"
"202100011094";"13";"09";"2021";"15:25";"1";"29";"29019";"2";"1";"1";"6";"Rue du ChÃ¢teau";"48,3864028957";" -4,4871103764"
"202100011095";"25";"10";"2021";"08:35";"2";"29";"29019";"2";"3";"1";"3";"Rue de Lesneven";"48,4071189440";" -4,5201364160"
"202100011096";"20";"10";"2021";"18:10";"1";"28";"28134";"2";"1";"1";"2";"BAS BUISSONS (RUE DES)";"48,7503630000";"1,3470320000"
"202100011097";"24";"10";"2021";"17:50";"1";"22";"22187";"1";"6";"1";"6";"RN12";"48,5450500000";" -2,7874700000"
"202100011098";"24";"10";"2021";"18:10";"1";"21";"21231";"2";"2";"1";"3";"CHEVREUL (RUE)";"47,3059142423";"5,0472969422"
"202100011099";"24";"10";"2021";"12:10";"1";"17";"17380";"1";"1";"1";"3";"EXPRESS (VOIE)";"45,6551200000";" -1,0975900000"
"202100011100";"25";"10";"2021";"20:30";"5";"13";"13117";"2";"2";"1";"3";"CONSTANT ( AVENUE JEAN ETIENNE )";"43,4394700000";"5,2559000000"
"202100011101";"25";"10";"2021";"17:50";"1";"13";"13210";"2";"1";"1";"3";"ROMAIN ROLLAND (BOULEVARD)";"43,2747084660";"5,4153588290"
"202100011102";"25";"10";"2021";"07:10";"5";"13";"13211";"2";"1";"1";"2";"LÃON BANCAL (RUE)";"43,2877763625";"5,4804950984"
"202100011103";"25";"10";"2021";"00:00";"5";"13";"13208";"2";"1";"1";"3";"PRADO (AVENUE DU)";"43,2802400000";"5,3869800000"
"202100011104";"24";"10";"2021";"08:25";"1";"13";"13205";"2";"1";"1";"3";"FERNAND PAURIOL (RUE)";"43,2888300000";"5,3910100000"
"202100011105";"25";"10";"2021";"10:10";"1";"09";"09122";"2";"1";"1";"2";"LECLERC (AVENUE DU GENERAL)";"42,9780330000";"1,6096470000"
"202100011106";"25";"10";"2021";"15:00";"1";"07";"07281";"2";"1";"1";"7";"CRUSSOL (RUE DE)";"44,9444740000";"4,8427600000"
"202100011107";"22";"10";"2021";"16:40";"1";"03";"03023";"2";"1";"1";"2";"Route de Charmeil";"46,1420000000";"3,3970000000"
"202100011108";"24";"10";"2021";"05:40";"5";"75";"75116";"2";"4";"1";"2";"BOULEVARD PERIPHERIQUE";"48,8698970000";"2,2715060000"
"202100011109";"25";"10";"2021";"11:05";"1";"75";"75106";"2";"2";"1";"6";"RUE MAZARINE";"48,8552780000";"2,3377560000"
"202100011110";"24";"10";"2021";"03:00";"5";"75";"75106";"2";"1";"1";"1";"QUAI DES GRANDS AUGUSTINS";"48,8541030000";"2,3435850000"
"202100011111";"25";"10";"2021";"20:50";"5";"75";"75120";"2";"1";"1";"6";"AVENUE GAMBETTA";"48,8631470000";"2,3885260000"
"202100011112";"25";"10";"2021";"18:25";"2";"75";"75119";"2";"2";"1";"6";"RUE AUGUSTIN THIERRY";"48,8763640000";"2,3931290000"
"202100011113";"25";"10";"2021";"10:06";"1";"75";"75110";"2";"1";"8";"2";"RUE LOUIS BLANC";"48,8807460000";"2,3658230000"
"202100011114";"24";"10";"2021";"13:49";"1";"75";"75113";"2";"2";"1";"6";"BOULEVARD SAINT MARCEL";"48,8383820000";"2,3570000000"
"202100011115";"25";"10";"2021";"15:00";"1";"75";"75110";"2";"1";"8";"6";"RUE LA FAYETTE";"48,8811600000";"2,3641430000"
"202100011116";"25";"10";"2021";"16:40";"1";"75";"75109";"2";"1";"1";"6";"RUE CONDORCET";"48,8799830000";"2,3446110000"
"202100011117";"25";"10";"2021";"12:05";"1";"75";"75108";"2";"3";"8";"6";"BOULEVARD DES BATIGNOLLES";"48,8829880000";"2,3254420000"
"202100011118";"24";"10";"2021";"23:25";"5";"94";"94081";"2";"2";"1";"3";"Rue des CarriÃ¨res";"48,7991800000";"2,3916500000"
"202100011119";"23";"10";"2021";"01:50";"5";"94";"94033";"2";"1";"1";"6";"Avenue des Charmes";"48,8453348634";"2,4552083015"
"202100011120";"25";"10";"2021";"07:50";"5";"94";"94028";"2";"9";"2";"3";"Carrefour de Pompadour";"48,7741200000";"2,4389400000"
"202100011121";"25";"10";"2021";"09:52";"1";"94";"94078";"2";"9";"2";"3";"Rue de Paris";"48,7550300000";"2,4443900000"
"202100011122";"25";"10";"2021";"20:50";"3";"94";"94046";"2";"3";"1";"3";"Avenue de Verdun";"48,8092600000";"2,4595800000"
"202100011123";"25";"10";"2021";"17:10";"1";"93";"93078";"1";"9";"1";"1";"SAUSSET (AVENUE DU)";"48,9629000000";"2,5175000000"
"202100011124";"25";"10";"2021";"14:50";"1";"93";"93066";"2";"1";"1";"4";"COLONEL FABIEN (AVENUE)";"48,9455042840";"2,3504133215"
"202100011125";"25";"10";"2021";"08:14";"2";"93";"93062";"2";"2";"2";"3";"PLATEAU (ALLEE DU)";"48,8971803284";"2,5300137699"
"202100011126";"25";"10";"2021";"18:00";"1";"93";"93055";"2";"1";"1";"3";"JEAN LOLIVE (AVENUE)(137/FIN ET 134/FIN)";"48,8931442561";"2,4131098454"
"202100011127";"25";"10";"2021";"13:30";"1";"93";"93055";"2";"1";"1";"6";"JEAN LOLIVE (AVENUE)(137/FIN ET 134/FIN)";"48,8931489293";"2,4125713414"
"202100011128";"25";"10";"2021";"08:00";"4";"93";"93051";"2";"6";"2";"6";"RU DE NESLE (BOULEVARD)";"48,8375800000";"2,5821500000"
"202100011129";"25";"10";"2021";"07:50";"5";"93";"93048";"2";"1";"2";"6";"MARCEAU (RUE)";"48,8526148185";"2,4261094062"
"202100011130";"25";"10";"2021";"14:35";"1";"92";"92075";"2";"9";"1";"3";"JEAN BLEUZEN (RUE)";"48,8247419668";"2,2995281965"
"202100011131";"25";"10";"2021";"08:55";"2";"92";"92044";"2";"2";"2";"7";"ARISTIDE BRIAND(RUE)85 +  ET  98+";"48,8936000000";"2,2911400000"