"Num_Acc";"jour";"mois";"an";"hrmn";"lum";"dep";"com";"agg";"int";"atm";"col";"adr";"lat";"long"
"202100011132";"25";"10";"2021";"12:00";"1";"92";"92025";"2";"9";"2";"3";"STALINGRAD (AV DE)";"48,9334015958";"2,2646782547"
"202100011133";"21";"10";"2021";"09:45";"1";"92";"92024";"2";"3";"1";"3";"JEAN JAURES (BD) DE 47 A 109)   (56 A 14";"48,9037028494";"2,3032351282"
"202100011134";"25";"10";"2021";"11:21";"1";"92";"92012";"2";"6";"1";"3";"MARCEL SEMBAT (PLACE)";"48,8336919746";"2,2433552086"
"202100011135";"25";"10";"2021";"08:15";"2";"92";"92002";"2";"3";"2";"3";"PRESIDENT KENNEDY (50 A LA FIN)";"48,7368591441";"2,2936950624"
"202100011136";"26";"10";"2021";"13:20";"1";"37";"37123";"1";"1";"2";"1";"Route de la Cueilleminaut";"47,3117068698";"0,3683272837"
"202100011137";"22";"10";"2021";"23:00";"5";"24";"24543";"2";"1";"1";"6";"D6089";"45,0513470000";"0,3956630000"
"202100011138";"25";"10";"2021";"10:10";"1";"33";"33337";"1";"1";"1";"1";"N/A";"44,5756580000";" -0,2903220000"
"202100011139";"24";"10";"2021";"19:10";"3";"972";"97206";"1";"1";"1";"6";"RD7";"14,4924840000";" -60,9901710000"
"202100011140";"24";"10";"2021";"15:45";"1";"62";"62038";"2";"1";"1";"3";"Avenue de Rouville";"50,8548070000";"1,9785930000"
"202100011141";"26";"10";"2021";"00:08";"3";"50";"50214";"1";"1";"1";"7";"A84";"48,9172260000";" -1,0894060000"
"202100011142";"25";"10";"2021";"16:00";"1";"36";"36101";"1";"1";"1";"6";"N/A";"46,7167390000";"1,5969010000"
"202100011143";"24";"10";"2021";"18:25";"1";"22";"22020";"2";"1";"2";"2";"7 Route de Rennes";"48,3155030000";" -2,2534200000"
"202100011144";"25";"10";"2021";"15:00";"1";"56";"56013";"2";"3";"1";"3";"Route dâEtel";"47,6604120000";" -3,1850030000"
"202100011145";"24";"10";"2021";"01:15";"5";"2B";"2B251";"2";"1";"1";"5";"RT 10 Casamozza";"41,9837230000";"9,4007240000"
"202100011146";"25";"10";"2021";"14:55";"1";"2B";"2B329";"1";"1";"1";"7";"RT 20";"42,3452230000";"9,1740560000"
"202100011147";"25";"10";"2021";"15:10";"1";"32";"32160";"1";"1";"1";"2";"Le Haillau du Haut";"43,6243410000";"1,0713010000"
"202100011148";"26";"10";"2021";"00:30";"5";"11";"11436";"2";"1";"1";"6";"Avenue de la Mairie";"43,0150141315";"2,8534230071"
"202100011149";"16";"10";"2021";"17:18";"2";"49";"49307";"2";"3";"1";"3";"Rue (grande) (brain-sur-Authion)";"47,4479750000";" -0,4094770000"
"202100011150";"26";"10";"2021";"03:15";"3";"49";"49167";"1";"1";"5";"7";"RD 748";"47,3817810000";" -0,4775460000"
"202100011151";"25";"10";"2021";"12:30";"1";"42";"42021";"1";"1";"1";"6";"Route de Saint Marcellin";"45,5087530000";"4,1139080000"
"202100011152";"25";"10";"2021";"13:45";"1";"68";"68121";"1";"1";"1";"6";"D12b4";"47,5221350000";"7,4421970000"
"202100011153";"25";"10";"2021";"17:40";"2";"68";"68192";"2";"3";"7";"3";"Rue de Romagny";"47,6313080000";"7,0593170000"
"202100011154";"26";"10";"2021";"13:55";"1";"44";"44150";"2";"3";"1";"3";"Route du Champ de Foire";"47,1255860000";" -1,6252260000"
"202100011155";"26";"10";"2021";"13:10";"1";"35";"35133";"1";"1";"1";"7";"D30";"48,1372800000";" -2,0018960000"
"202100011156";"26";"10";"2021";"08:00";"2";"70";"70116";"1";"1";"8";"6";"pk 007+030 rd 16";"47,6228190000";"6,7227530000"
"202100011157";"25";"10";"2021";"16:15";"1";"06";"06032";"2";"1";"1";"3";"M6007";"43,7259990000";"7,3963420000"
"202100011158";"26";"10";"2021";"16:40";"1";"50";"50639";"1";"2";"1";"3";"Intersection D999 - Rue des artisans";"48,8481720000";" -1,2088290000"
"202100011159";"10";"10";"2021";"14:00";"1";"73";"73010";"1";"1";"1";"1";"Route du Sauvage";"45,7494680000";"5,9367100000"
"202100011160";"24";"10";"2021";"13:55";"1";"43";"43216";"2";"3";"1";"1";"Avenue de la Rochelambert";"45,1341320000";"3,8121160000"
"202100011161";"24";"10";"2021";"17:25";"2";"43";"43192";"1";"1";"1";"7";"D31";"44,8494300000";"3,7592610000"
"202100011162";"26";"10";"2021";"10:20";"1";"36";"36010";"1";"1";"2";"3";"N/A";"46,8511774183";"1,0567633162"
"202100011163";"26";"10";"2021";"17:30";"1";"04";"04116";"2";"1";"1";"1";"RD 4";"44,0329450000";"5,9855320000"
"202100011164";"25";"10";"2021";"14:55";"1";"53";"53042";"1";"3";"1";"7";"La ReculÃ©e";"48,4075400000";" -0,7467480000"
"202100011165";"26";"10";"2021";"10:30";"1";"07";"07129";"2";"4";"1";"3";"d578";"44,9825890000";"4,5726510000"
"202100011166";"25";"10";"2021";"17:45";"1";"72";"72065";"1";"1";"3";"3";"RD338";"48,0345700000";"0,1772800000"
"202100011167";"25";"10";"2021";"18:10";"1";"24";"24565";"1";"1";"2";"1";"Le grand moulin RD 75";"45,5893570000";"0,5189000000"
"202100011168";"26";"10";"2021";"06:55";"1";"987";"98724";"1";"1";"1";"1";"District de Maeva";" -16,6992370000";" -150,9948710000"
"202100011169";"25";"10";"2021";"15:00";"1";"66";"66175";"2";"1";"1";"3";"Avenue des albÃ¨res";"42,5469890000";"2,9214600000"
"202100011170";"23";"10";"2021";"20:45";"3";"67";"67336";"1";"1";"1";"2";"PR 95.9 - RD83";"48,4570430000";"7,6603460000"
"202100011171";"25";"08";"2021";"15:10";"1";"54";"54355";"1";"9";"7";"3";"ROUTE DÃPARTEMENTALE 106";"48,8479670000";"5,9432320000"
"202100011172";"26";"10";"2021";"16:00";"1";"42";"42304";"1";"2";"1";"1";"Route de Saint Romain";"45,5359040000";"4,1501280000"
"202100011173";"26";"10";"2021";"09:50";"1";"38";"38236";"1";"4";"1";"3";"Rue du Bourg";"45,4242010000";"5,7050910000"
"202100011174";"25";"10";"2021";"17:15";"1";"69";"69273";"1";"1";"1";"2";"Sortie Corbas les Taillis";"45,6717380000";"4,9104170000"
"202100011175";"25";"10";"2021";"14:55";"1";"31";"31395";"1";"1";"1";"1";"Route de Rieumes";"43,4646320000";"1,2890910000"
"202100011176";"24";"10";"2021";"10:30";"1";"33";"33003";"2";"3";"1";"6";"Rue du PrÃ©sident Coty";"44,9259980000";" -0,4887550000"
"202100011177";"19";"10";"2021";"11:34";"1";"33";"33339";"2";"1";"1";"6";"La Croix Blanche";"45,0393130000";" -0,4953130000"
"202100011178";"26";"10";"2021";"17:35";"2";"59";"59228";"2";"1";"2";"6";"64 Rue de Goeulzin";"50,3242630000";"3,0798520000"
"202100011179";"24";"10";"2021";"23:10";"5";"13";"13207";"1";"1";"1";"7";"Tunnel Prado CarÃ©nage";"43,2911600000";"5,3662900000"
"202100011180";"25";"10";"2021";"08:15";"2";"13";"13117";"1";"1";"1";"4";"A7-Sens Lyon vers Marseille";"43,4188060000";"5,2733380000"
"202100011181";"23";"10";"2021";"22:55";"3";"83";"83047";"1";"1";"1";"6";"A570";"43,1335831315";"6,0512137413"
"202100011182";"25";"10";"2021";"08:37";"1";"33";"33249";"1";"1";"2";"6";"Rocade Rive Droite N230";"44,8839260000";" -0,5103910000"
"202100011183";"25";"10";"2021";"09:50";"1";"94";"94034";"1";"1";"2";"7";"AUTOROUTE A86";"48,7597700000";"2,3384900000"
"202100011184";"25";"10";"2021";"11:10";"1";"78";"78126";"1";"1";"1";"5";"A13";"48,8357030000";"2,1298370000"
"202100011185";"25";"10";"2021";"14:00";"1";"93";"93006";"1";"1";"1";"2";"AUTOROUTE A3";"48,8662700000";"2,4146100000"
"202100011186";"25";"10";"2021";"06:00";"3";"93";"93064";"1";"1";"2";"6";"AUTOROUTE A3";"48,8848500000";"2,4711400000"
"202100011187";"19";"06";"2021";"00:30";"5";"28";"28134";"2";"6";"1";"1";"ROND POINT DES ORIELS";"48,7349500000";"1,3613900000"
"202100011188";"24";"10";"2021";"21:30";"5";"94";"94022";"2";"2";"1";"3";"STALINGRAD (BD DE)";"48,7728200000";"2,4001100000"
"202100011189";"27";"06";"2021";"14:25";"1";"07";"07096";"1";"1";"1";"1";"Le mareton";"44,8444290000";"4,5416450000"
"202100011190";"24";"10";"2021";"06:50";"5";"69";"69276";"1";"1";"1";"1";"LYON (DE) (RTE)    ";"45,6877000000";"4,8614900000"
"202100011191";"24";"10";"2021";"05:10";"5";"95";"95197";"2";"1";"1";"6";"GEORGES DESSAILLY (RUE)";"48,9708200000";"2,3308100000"
"202100011192";"24";"10";"2021";"03:45";"5";"91";"91425";"2";"1";"1";"2";"RTE D ORLEANS RN 20";"48,6390720000";"2,2678760000"
"202100011193";"24";"10";"2021";"07:13";"5";"91";"91425";"2";"2";"1";"1";"RTE D ORLEANS RN 20";"48,6404500000";"2,2684200000"
"202100011194";"22";"10";"2021";"19:45";"2";"83";"83047";"1";"1";"1";"5";"TOULON RD 46 ( ROUTE DE )";"43,1266382371";"6,0845847130"
"202100011195";"21";"10";"2021";"19:00";"5";"83";"83118";"2";"1";"1";"2";"AVENUE DU 8 MAI 1945";"43,4302241739";"6,7925763130"
"202100011196";"25";"10";"2021";"00:21";"5";"79";"79191";"2";"1";"1";"7";"Rue du Vieux-Fourneau";"46,3314300000";" -0,4596500000"
"202100011197";"24";"10";"2021";"11:35";"1";"76";"76108";"2";"1";"1";"6";"NEUFCHATEL. ROUTE DE (RN 28)";"49,4586900000";"1,1086800000"
"202100011198";"24";"10";"2021";"12:20";"1";"73";"73065";"2";"6";"1";"3";"Rond point de La Poste";"45,5705726649";"5,9175278843"
"202100011199";"23";"10";"2021";"21:15";"5";"73";"73011";"2";"1";"1";"6";"FONTANET (AV.) RUISSEAU CHIRIAC A WINNED";"45,6609283823";"6,3703451778"
"202100011200";"24";"10";"2021";"09:30";"1";"69";"69029";"2";"3";"1";"6";"CHRISTIAN LACOUTURE (R)";"45,7500800000";"4,9114500000"
"202100011201";"23";"10";"2021";"20:08";"5";"69";"69290";"2";"3";"1";"6";"JEAN JACQUES ROUSSEAU (R)";"45,7002581024";"4,9458672662"
"202100011202";"24";"10";"2021";"19:55";"4";"65";"65440";"2";"4";"1";"3";"CRONSTADT (RUE DE)";"43,2287500000";"0,0726800000"
"202100011203";"24";"10";"2021";"20:20";"5";"59";"59350";"2";"3";"1";"3";"ARRAS RUE D";"50,6176903877";"3,0635772115"
"202100011204";"24";"10";"2021";"18:00";"2";"59";"59350";"2";"1";"1";"6";"ESQUERMES RUE D' NÂ° IMPAIRS 37 - 113";"50,6227500000";"3,0407500000"
"202100011205";"24";"10";"2021";"14:15";"1";"59";"59378";"2";"2";"1";"1";"NATIONALE RUE";"50,6669100000";"3,0763100000"
"202100011206";"19";"10";"2021";"10:00";"1";"59";"59220";"2";"1";"1";"3";"HAUBOURDIN RUE D   NÂ°IMPAIR";"50,5996543418";"3,0538760126"
"202100011207";"6";"10";"2021";"16:00";"1";"59";"59350";"2";"1";"1";"3";"CARREL ARMAND RUE";"50,6167698333";"3,0740342325"
"202100011208";"23";"10";"2021";"13:45";"1";"59";"59317";"2";"1";"1";"1";"SAINT EXUPERY  (RUE)";"50,6956300000";"2,9205400000"
"202100011209";"24";"10";"2021";"13:05";"1";"56";"56121";"2";"2";"2";"3";"62Â° R.I. ( DU )";"47,7524371000";" -3,3630556000"
"202100011210";"23";"10";"2021";"18:40";"1";"50";"50502";"2";"1";"1";"3";"STRASBOURG (bld)";"49,0993000000";" -1,0844400000"
"202100011211";"24";"10";"2021";"15:45";"1";"47";"47323";"1";"1";"1";"1";"RD 233";"44,4278400000";"0,7516100000"
"202100011212";"23";"10";"2021";"13:15";"1";"47";"47215";"1";"1";"1";"6";"RD 821";"44,3590100000";"0,7057000000"
"202100011213";"24";"10";"2021";"16:31";"1";"45";"45234";"2";"2";"1";"3";"POIRIER ROND (RUE DU )";"47,9148700000";"1,9219000000"
"202100011214";"24";"10";"2021";"13:16";"1";"45";"45147";"1";"1";"1";"5";"RN 60";"47,9394000000";"1,9131000000"
"202100011215";"24";"10";"2021";"12:56";"1";"45";"45147";"2";"3";"1";"3";"BROSSOLETTE (RUE PIERRE BROSSOLETTE) F";"47,9231079772";"1,9120931625"
"202100011216";"24";"10";"2021";"10:08";"1";"45";"45285";"2";"1";"1";"3";"17 Rue Charles Beauhaire";"47,9099500000";"1,8815200000"
"202100011217";"24";"10";"2021";"21:40";"5";"44";"44109";"2";"1";"2";"6";"BOULEVARD HENRY ORRION";"47,2330600000";" -1,5583100000"
"202100011218";"24";"10";"2021";"18:40";"5";"35";"35238";"2";"1";"1";"3";"LEGRAVEREND";"48,1178001083";" -1,6852394009"
"202100011219";"24";"10";"2021";"02:15";"5";"35";"35051";"2";"1";"1";"6";"MORAND (ROUTE DU CHENE)";"48,0995540000";" -1,6081510000"
"202100011220";"23";"10";"2021";"19:20";"5";"34";"34172";"2";"1";"1";"6";"EUROPE (AVENUE DE L')";"43,6357500000";"3,8224700000"
"202100011221";"24";"10";"2021";"11:10";"1";"31";"31555";"2";"2";"1";"3";"RTE D AGDE";"43,6280800000";"1,4793200000"
"202100011222";"24";"10";"2021";"04:25";"3";"31";"31483";"1";"1";"5";"6";"CIRCUIT (ROUTE DU )";"43,1067100000";"0,6947200000"
"202100011223";"23";"10";"2021";"19:10";"1";"30";"30007";"2";"7";"1";"2";"PRES RASCLAUX (QUAI)";"44,1201000000";"4,0771000000"
"202100011224";"24";"10";"2021";"14:15";"1";"27";"27375";"2";"7";"7";"3";"CHAMP DE VILLE (PLACE DU)";"49,2102400000";"1,1638300000"
"202100011225";"24";"10";"2021";"06:30";"3";"13";"13001";"2";"1";"5";"1";"LEDOUX CLAUDE NICOLAS (RUE)";"43,4754900000";"5,3979500000"
"202100011226";"24";"10";"2021";"02:00";"5";"13";"13001";"2";"2";"1";"3";"EUROPE (AV)";"43,5236500000";"5,4370800000"
"202100011227";"24";"10";"2021";"18:05";"1";"11";"11069";"2";"3";"1";"6";"Allee de lâOrme";"43,1995000000";"2,3944200000"
"202100011228";"23";"10";"2021";"12:10";"1";"01";"01053";"2";"1";"1";"3";"Rue des Pres de Brou";"46,2010600000";"5,2428100000"
"202100011229";"24";"10";"2021";"14:30";"1";"75";"75112";"2";"1";"1";"3";"BOULEVARD PERIPHERIQUE";"48,8458310000";"2,4144450000"
"202100011230";"23";"10";"2021";"15:20";"1";"75";"75120";"2";"1";"1";"6";"BOULEVARD PERIPHERIQUE";"48,8474280000";"2,4145600000"
"202100011231";"23";"10";"2021";"17:31";"1";"75";"75120";"2";"4";"1";"6";"PLACE DE LA PORTE DE MONTREUIL";"48,8533690000";"2,4138240000"
"202100011232";"24";"10";"2021";"19:13";"5";"75";"75119";"2";"1";"1";"3";"AVENUE JEAN JAURES";"48,8882920000";"2,3911540000"
"202100011233";"24";"10";"2021";"00:55";"5";"75";"75118";"2";"3";"1";"3";"BOULEVARD BARBES";"48,8883510000";"2,3496040000"
"202100011234";"23";"10";"2021";"23:15";"5";"75";"75117";"2";"2";"1";"3";"AVENUE DE CLICHY";"48,8896990000";"2,3217210000"
"202100011235";"24";"10";"2021";"20:00";"5";"75";"75116";"2";"3";"1";"3";"AVENUE DE NEW YORK";"48,8621660000";"2,2931240000"
"202100011236";"24";"10";"2021";"11:20";"1";"75";"75116";"2";"3";"1";"2";"BOULEVARD MURAT";"48,8444310000";"2,2571050000"
"202100011237";"24";"10";"2021";"13:45";"1";"75";"75115";"2";"4";"1";"6";"RUE DU HAMEAU";"48,8356670000";"2,2897250000"
"202100011238";"24";"10";"2021";"06:20";"4";"75";"75115";"2";"4";"1";"3";"QUAI D ISSY LES MOULINEAUX";"48,8345900000";"2,2656670000"
"202100011239";"24";"10";"2021";"03:45";"5";"75";"75115";"2";"3";"1";"3";"RUE DE LA CONVENTION";"48,8359510000";"2,3008570000"
"202100011240";"24";"10";"2021";"18:30";"1";"75";"75111";"2";"2";"1";"3";"BOULEVARD RICHARD LENOIR";"48,8623050000";"2,3725720000"
"202100011241";"24";"10";"2021";"11:15";"1";"75";"75115";"2";"2";"1";"6";"AVENUE FELIX FAURE";"48,8420900000";"2,2903770000"
"202100011242";"24";"10";"2021";"09:20";"1";"75";"75111";"2";"1";"8";"3";"RUE OBERKAMPF";"48,8658940000";"2,3783570000"
"202100011243";"24";"10";"2021";"06:15";"5";"75";"75110";"2";"2";"1";"3";"BOULEVARD SAINT DENIS";"48,8693190000";"2,3542990000"
"202100011244";"23";"10";"2021";"17:15";"1";"75";"75104";"2";"4";"1";"1";"QUAI HENRI IV";"48,8471200000";"2,3649740000"
"202100011245";"24";"10";"2021";"11:00";"1";"94";"94073";"2";"1";"1";"6";"Avenue du GÃ©nÃ©ral de Gaulle";"48,7665100000";"2,3861100000"
"202100011246";"24";"10";"2021";"18:00";"1";"94";"94022";"2";"3";"1";"1";"Rue Camille Desmoulins";"48,7634600000";"2,4187800000"
"202100011247";"24";"10";"2021";"12:20";"1";"94";"94002";"2";"1";"1";"6";"JOFFRIN (R)";"48,7999600000";"2,4270900000"
"202100011248";"24";"10";"2021";"16:50";"1";"93";"93078";"2";"1";"1";"2";"BALLANGER (BD ROBERT)";"48,9615100000";"2,5563100000"
"202100011249";"24";"10";"2021";"16:30";"1";"93";"93070";"2";"1";"1";"2";"ALBERT-DHALENNE (RUE)";"48,9153800000";"2,3313200000"
"202100011250";"24";"10";"2021";"21:48";"5";"93";"93053";"2";"3";"1";"3";"PROGRES (RUE DU) NÂ° 33 A ... - NÂ° PAIRS";"48,8854900000";"2,4618900000"
"202100011251";"23";"10";"2021";"23:45";"5";"93";"93046";"2";"1";"1";"5";"CONSUL GENERAL NORDLING AVENUE";"48,9170917996";"2,5330065218"
"202100011252";"24";"10";"2021";"00:30";"5";"93";"93005";"2";"1";"1";"1";"PAUL CEZANNE (RUE)";"48,9520700000";"2,4863100000"
"202100011253";"24";"10";"2021";"14:45";"1";"93";"93001";"2";"9";"1";"3";"ANDRE KARMAN (RUE)  138/145 =>";"48,9073800000";"2,3847000000"
"202100011254";"24";"10";"2021";"11:03";"1";"93";"93001";"2";"1";"1";"6";"JEAN JAURES (AVE)  => 53";"48,9029892398";"2,3913214035"
"202100011255";"24";"10";"2021";"12:50";"1";"92";"92076";"2";"9";"1";"2";"REPUBLIQUE";"48,8375446408";"2,1551871300"
"202100011256";"24";"10";"2021";"21:00";"5";"92";"92050";"2";"2";"1";"2";"ARAGO FRANCOIS AVENUE";"48,9029242835";"2,2281914949"
"202100011257";"14";"10";"2021";"23:15";"3";"60";"60495";"1";"2";"1";"3";"D938";"49,5284470000";"2,4553800000"
"202100011258";"24";"10";"2021";"17:50";"1";"35";"35236";"2";"7";"2";"6";"Place de la RÃ©publique";"47,6514970000";" -2,0848930000"
"202100011259";"24";"10";"2021";"20:50";"5";"80";"80065";"2";"1";"1";"6";"17 Rue d Hamel";"50,0775490000";"2,6824340000"
"202100011260";"24";"10";"2021";"00:30";"3";"86";"86262";"1";"1";"1";"6";"La Grange";"46,4260450000";"0,7947330000"
"202100011261";"24";"10";"2021";"18:20";"3";"83";"83100";"1";"1";"1";"7";"au troute A57 Pk 30+500";"43,2821960000";"6,1881890000"
"202100011262";"24";"10";"2021";"17:30";"1";"28";"28127";"1";"1";"1";"7";"Cormeray";"48,1934610000";"1,2776750000"
"202100011263";"25";"10";"2021";"10:05";"1";"972";"97222";"1";"1";"1";"6";"RN1";"14,6670430000";" -60,9646690000"
"202100011264";"23";"10";"2021";"18:05";"2";"01";"01075";"1";"1";"1";"6";"Route de Messimy";"46,0466970000";"4,7840740000"
"202100011265";"23";"10";"2021";"23:06";"3";"59";"59462";"1";"1";"1";"1";"CD925";"50,5314620000";"3,0139450000"
"202100011266";"23";"10";"2021";"23:00";"3";"58";"58086";"1";"1";"1";"7";"D163";"47,3847400000";"2,9644846916"
"202100011267";"22";"10";"2021";"16:20";"1";"30";"30295";"1";"1";"1";"7";"D23";"44,0577080000";"4,4384340000"
"202100011268";"25";"10";"2021";"11:05";"1";"57";"57497";"1";"1";"7";"1";"D29";"48,9771610000";"6,8586020000"
"202100011269";"23";"10";"2021";"16:35";"1";"56";"56057";"1";"1";"1";"3";"Kermaguer";"48,0730830000";" -3,5163410000"
"202100011270";"25";"10";"2021";"12:10";"1";"76";"76646";"1";"2";"1";"5";"D925";"49,8097490000";"0,6684490000"
"202100011271";"23";"10";"2021";"10:20";"1";"76";"76655";"2";"9";"8";"6";"Place du MarchÃ©";"49,8686510000";"0,7133760000"
"202100011272";"22";"10";"2021";"20:15";"3";"79";"79005";"1";"1";"1";"1";"N/A";"46,8154510000";" -0,0854230000"
"202100011273";"23";"10";"2021";"11:15";"1";"82";"82079";"1";"2";"1";"3";"Route de Campsas";"43,9003930000";"1,3700130000"
"202100011274";"29";"09";"2021";"13:25";"1";"33";"33382";"1";"1";"1";"6";"L OmbriÃ¨re";"45,1352370000";" -0,4851790000"
"202100011275";"21";"10";"2021";"16:30";"1";"69";"69292";"2";"1";"1";"6";"PAUL DELORME (AV)";"45,8212550000";"4,8718280000"
"202100011276";"9";"10";"2021";"09:25";"1";"68";"68195";"2";"7";"1";"6";"Rue ThÃ©odore Boch";"47,7604720000";"7,2776730000"
"202100011277";"16";"10";"2021";"15:25";"1";"39";"39261";"1";"1";"1";"7";"N/A";"46,4615910000";"5,4386770000"
"202100011278";"23";"10";"2021";"15:45";"1";"38";"38144";"2";"1";"1";"3";"D36";"45,5961810000";"5,0953280000"
"202100011279";"25";"10";"2021";"09:30";"1";"38";"38069";"1";"2";"1";"3";"D1085";"45,4364400000";"5,2988590000"
"202100011280";"25";"10";"2021";"17:00";"1";"84";"84014";"1";"1";"1";"1";"D198";"43,7685230000";"5,6936710000"
"202100011281";"25";"10";"2021";"06:30";"3";"03";"03162";"1";"1";"5";"2";"RD 53 PK 52+400";"46,5741290000";"3,2246590000"
"202100011282";"17";"10";"2021";"08:00";"1";"01";"01231";"2";"2";"5";"3";"Grand Route";"46,3530450000";"4,9033460000"
"202100011283";"25";"10";"2021";"08:25";"2";"85";"85097";"1";"1";"5";"6";"a87";"46,9257070000";" -1,0239600000"
"202100011284";"24";"10";"2021";"16:15";"1";"70";"70356";"1";"1";"1";"3";"D3";"47,3798710000";"5,9334540000"
"202100011285";"21";"10";"2021";"11:45";"1";"14";"14174";"1";"3";"2";"3";"Route de Vire";"48,8531103017";" -0,5767312644"
"202100011286";"24";"10";"2021";"22:30";"3";"64";"64268";"1";"3";"1";"7";"chemin forestier";"43,1772040000";" -0,9050200000"
"202100011287";"25";"10";"2021";"07:10";"3";"10";"10061";"1";"1";"1";"7";"D50";"48,3332450000";"4,3896170000"
"202100011288";"25";"10";"2021";"14:40";"1";"16";"16393";"1";"1";"1";"6";"Allee des Platanes";"45,7586910000";"0,1409660000"
"202100011289";"24";"10";"2021";"17:05";"1";"07";"07040";"1";"1";"1";"1";"Route de Lamastre";"45,0210580000";"4,6916130000"
"202100011290";"25";"10";"2021";"09:20";"1";"27";"27638";"1";"2";"2";"3";"intersection D85 et D26";"49,2438490000";"0,9190430000"
"202100011291";"25";"10";"2021";"07:30";"2";"28";"28341";"1";"1";"5";"1";"D928";"48,6281150000";"1,2646080000"
"202100011292";"22";"10";"2021";"18:15";"1";"87";"87154";"2";"9";"1";"6";"Avenue Henri Barbusse";"45,8924150000";"0,9067060000"
"202100011293";"25";"10";"2021";"16:20";"1";"30";"30071";"1";"1";"1";"6";"D982";"44,0117380000";"4,1118690000"
"202100011294";"21";"10";"2021";"21:50";"3";"38";"38048";"2";"1";"1";"6";"cd36";"45,6003250000";"5,1253370000"
"202100011295";"13";"09";"2021";"07:10";"1";"33";"33122";"1";"1";"1";"2";"Cheminement Bretelle Acces Autoroute";"44,7555010000";" -0,6853500000"
"202100011296";"24";"10";"2021";"08:40";"1";"89";"89341";"1";"1";"1";"2";"autoroute A6, PK 179+937 sens PARIS/LYON";"47,7133130000";"3,7753490000"
"202100011297";"24";"10";"2021";"23:45";"3";"21";"21347";"1";"1";"1";"3";"PK306+600";"47,0009190000";"4,8601630000"
"202100011298";"25";"10";"2021";"10:25";"1";"38";"38377";"2";"1";"1";"3";"Route de Faverges";"45,5752170000";"5,4811910000"
"202100011299";"24";"10";"2021";"17:30";"2";"987";"98714";"1";"1";"2";"7";"RT 101";" -16,4753080000";" -151,7618970000"
"202100011300";"21";"10";"2021";"18:30";"3";"987";"98729";"2";"1";"3";"7";"pk 21";" -17,5331890000";" -149,8386110000"
"202100011301";"9";"10";"2021";"18:00";"2";"988";"98814";"2";"1";"1";"6";"Tribu de Traput";" -20,9330640000";"167,3110160000"
"202100011302";"22";"10";"2021";"19:00";"3";"971";"97128";"2";"1";"1";"6";"Rue AbbÃ© GrÃ©goire";"16,2267207698";" -61,3830265403"
"202100011303";"25";"10";"2021";"17:15";"1";"29";"29234";"1";"1";"1";"6";"Lieu Dit Kerfleury";"47,8440830000";" -3,5021500000"
"202100011304";"22";"10";"2021";"21:23";"3";"77";"77264";"1";"1";"1";"6";"D402";"48,7036220000";"2,9207320000"
"202100011305";"25";"10";"2021";"04:00";"3";"2A";"2A247";"2";"1";"1";"1";"rue Henri Frenay";"41,5991090000";"9,2779330000"
"202100011306";"16";"10";"2021";"14:35";"1";"06";"06157";"2";"1";"1";"1";"228 Avenue Colonel MeyÃ¨re";"43,7202980000";"7,1160900000"
"202100011307";"24";"10";"2021";"14:15";"1";"13";"13004";"1";"4";"1";"3";"d570, d37";"43,6083870000";"4,4776900000"
"202100011308";"21";"10";"2021";"20:50";"3";"26";"26295";"1";"1";"1";"5";"Autoroute du Soleil";"45,1649580000";"4,8890450000"
"202100011309";"24";"10";"2021";"14:50";"1";"89";"89013";"2";"1";"1";"7";"Rue En Bas les Bries";"47,8606780000";"3,5298940000"
"202100011310";"20";"10";"2021";"16:15";"1";"89";"89023";"2";"3";"2";"3";"D606";"47,7635540000";"3,6112620000"
"202100011311";"21";"10";"2021";"19:30";"5";"67";"67550";"2";"1";"3";"6";"Grand Rue";"48,9382780000";"7,7434030000"
"202100011312";"24";"10";"2021";"17:30";"2";"74";"74033";"1";"9";"1";"3";"Route de Grange Blanche";"46,3565580000";"6,6629510000"
"202100011313";"25";"10";"2021";"07:30";"2";"74";"74197";"2";"1";"1";"3";"Route d Annemasse";"46,1542630000";"6,3052940000"
"202100011314";"23";"10";"2021";"05:00";"3";"69";"69078";"1";"1";"1";"7";"RD 34";"45,6849466033";"4,5299935341"
"202100011315";"7";"10";"2021";"17:40";"1";"69";"69204";"2";"1";"1";"6";"CHARLES LUIZET (R)";"45,6982495822";"4,7904309010"
"202100011316";"24";"10";"2021";"15:35";"1";"31";"31395";"2";"1";"1";"2";"Chemin de Podio";"43,4379852350";"1,3119435793"
"202100011317";"22";"10";"2021";"16:30";"1";"86";"86121";"2";"3";"1";"3";"Rue de la Frugerie";"46,6319600000";"0,0790130000"
"202100011318";"24";"10";"2021";"21:24";"3";"27";"27118";"2";"1";"1";"1";"Rue des Collets";"49,1134070000";"1,1128810000"
"202100011319";"24";"10";"2021";"21:30";"5";"02";"02163";"2";"1";"1";"6";"Route de Pavant";"48,9734070000";"3,2822250000"
"202100011320";"22";"10";"2021";"16:43";"1";"13";"13117";"1";"1";"1";"4";"A7-Sens Marseille vers Lyon";"43,4731699760";"5,2351288686"