"Num_Acc";"jour";"mois";"an";"hrmn";"lum";"dep";"com";"agg";"int";"atm";"col";"adr";"lat";"long"
"202100011321";"23";"10";"2021";"18:05";"1";"13";"13106";"1";"1";"1";"2";"A51-Sens Aix en Provence vers Marseille";"43,4026040000";"5,3558750000"
"202100011322";"24";"10";"2021";"19:20";"3";"92";"92002";"1";"1";"1";"4";"AUTOROUTE A10";"48,7368422947";"2,3178362846"
"202100011323";"24";"10";"2021";"14:10";"1";"94";"94038";"1";"1";"1";"2";"AUTOROUTE A6A";"48,7800100000";"2,3468900000"
"202100011324";"24";"10";"2021";"12:30";"1";"91";"91340";"1";"1";"1";"5";"RN 104";"48,6088400000";"2,4375100000"
"202100011325";"24";"10";"2021";"19:45";"3";"78";"78524";"1";"1";"1";"5";"A13";"48,8413000000";"2,1032400000"
"202100011326";"24";"10";"2021";"16:00";"1";"92";"92064";"1";"1";"1";"4";"A13";"48,8371718270";"2,1880133950"
"202100011327";"24";"10";"2021";"17:00";"1";"93";"93078";"1";"1";"1";"4";"AUTOROUTE A104";"48,9629669714";"2,5486509873"
"202100011328";"24";"10";"2021";"12:40";"1";"92";"92036";"1";"1";"1";"2";"AUTOROUTE A86";"48,9339953804";"2,3205880188"
"202100011329";"23";"10";"2021";"22:40";"3";"95";"95277";"1";"1";"1";"2";"RD 170 ";"48,9766100000";"2,4787500000"
"202100011330";"23";"10";"2021";"09:20";"1";"92";"92036";"1";"1";"1";"3";"AUTOROUTE A86";"48,9354173550";"2,3198823491"
"202100011331";"24";"10";"2021";"18:10";"2";"77";"77372";"1";"1";"1";"6";"A104";"48,8914000000";"2,6671000000"
"202100011332";"24";"10";"2021";"18:25";"1";"94";"94073";"1";"1";"1";"2";"A86 INT";"48,7633000000";"2,3809000000"
"202100011333";"24";"10";"2021";"15:15";"1";"94";"94073";"1";"1";"1";"6";"A86 INT";"48,7706496736";"2,3853272779"
"202100011334";"23";"10";"2021";"19:30";"5";"94";"94073";"1";"1";"8";"6";"A86 INT";"48,7634311379";"2,3812866211"
"202100011335";"23";"10";"2021";"06:50";"3";"94";"94069";"1";"1";"1";"2";"A4";"48,8165700000";"2,4449800000"
"202100011336";"22";"10";"2021";"09:23";"2";"94";"94069";"1";"1";"8";"5";"A4";"48,8171389327";"2,4422619339"
"202100011337";"18";"05";"2021";"11:55";"1";"02";"02294";"1";"1";"2";"7";"RN2";"49,5202880000";"3,5869210000"
"202100011338";"23";"10";"2021";"12:00";"1";"976";"97611";"2";"1";"1";"6";"cavani-Cavani (route de)";" -12,7825500000";"45,2235400000"
"202100011339";"23";"10";"2021";"12:30";"1";"972";"97209";"2";"9";"1";"6";"REPUBLIQUE (RUE DE LA )";"14,6053100000";" -61,0703000000"
"202100011340";"23";"10";"2021";"14:00";"1";"91";"91326";"2";"1";"1";"6";"JEAN MOULIN (ALLEE)";"48,6910730000";"2,3761330000"
"202100011341";"23";"10";"2021";"19:50";"5";"72";"72181";"2";"1";"1";"6";"BOLLEE (AV) NÂ° IMP 347 ET >";"48,0021699674";"0,2072703836"
"202100011342";"23";"10";"2021";"14:00";"1";"64";"64445";"2";"1";"1";"6";"CHAMPETIER DE RIBES";"43,3040700000";" -0,3776600000"
"202100011343";"23";"10";"2021";"15:50";"1";"75";"75118";"2";"7";"8";"2";"PLACE ALBERT KAHN";"48,8959850000";"2,3460290000"
"202100011344";"18";"10";"2021";"12:40";"1";"973";"97302";"2";"2";"1";"3";"CHARLERY (GUSTAVE)";"4,9393200000";" -52,3183900000"
"202100011345";"22";"10";"2021";"17:05";"1";"54";"54274";"2";"1";"1";"6";"GOUNOD (RUE CHARLES)";"48,6734893895";"6,2065241804"
"202100011346";"22";"10";"2021";"08:15";"1";"987";"98736";"1";"1";"1";"3";"L'ABBE ROUGIER (RUE)";" -17,5292300000";" -149,5511400000"
"202100011347";"22";"10";"2021";"17:05";"1";"974";"97407";"1";"9";"1";"2";"ROUTE NATIONALE1";" -20,9531800000";"55,3155000000"
"202100011348";"23";"10";"2021";"20:24";"4";"973";"97302";"2";"1";"1";"6";"ZEPHIR (ROCADE)";"4,9380317613";" -52,3063445092"
"202100011349";"23";"10";"2021";"15:24";"1";"973";"97302";"1";"1";"1";"2";"ROUTE NATIONALE 3";"4,9054400000";" -52,3201600000"
"202100011350";"18";"10";"2021";"10:59";"1";"973";"97302";"2";"1";"1";"6";"HEDER (place)";"4,9409900000";" -52,3337900000"
"202100011351";"23";"10";"2021";"23:30";"5";"69";"69383";"2";"2";"1";"3";"BELLECOMBE (DE) (R)";"45,7629400000";"4,8638000000"
"202100011352";"23";"10";"2021";"16:20";"1";"69";"69388";"2";"2";"1";"3";"MARIUS BERLIET (R)";"45,7405700000";"4,8638600000"
"202100011353";"23";"10";"2021";"00:11";"5";"972";"97209";"1";"1";"1";"6";"AUTOROUTE A1";"14,6165070000";" -61,0426770000"
"202100011354";"22";"10";"2021";"20:00";"3";"972";"97209";"1";"1";"1";"3";"BALATA (ROUTE DE)";"14,6770800000";" -61,0906900000"
"202100011355";"22";"10";"2021";"16:00";"1";"972";"97209";"1";"1";"1";"3";"CHATEAUBOEUF (ROUTE DE)";"14,6143700000";" -61,0515800000"
"202100011356";"23";"10";"2021";"02:15";"5";"69";"69384";"2";"1";"1";"1";"JOSEPH GILLET (Q)";"45,7864800000";"4,8167100000"
"202100011357";"23";"10";"2021";"13:15";"1";"971";"97101";"1";"1";"1";"2";"RN1 ROCADE DE CHAUVEL";"16,2386400000";" -61,5231900000"
"202100011358";"23";"10";"2021";"05:20";"5";"2A";"2A004";"2";"1";"1";"7";"GEORGES POMPIDOU AVENUE";"41,9331800000";"8,7545600000"
"202100011359";"23";"10";"2021";"07:20";"5";"95";"95680";"2";"1";"1";"3";"PIERRE SEMARD (AVENUE)";"49,0013099487";"2,4073511404"
"202100011360";"22";"10";"2021";"16:00";"1";"91";"91667";"2";"1";"1";"5";"CORBEIL (ROUTE)";"48,6509160000";"2,3368940000"
"202100011361";"23";"10";"2021";"13:00";"1";"91";"91027";"2";"1";"1";"2";"IMP DU QUAI DE L'INDUSTRIE";"48,6994800000";"2,3965600000"
"202100011362";"23";"10";"2021";"04:55";"5";"91";"91434";"2";"2";"1";"3";"JEAN RAYNAL (RUE)";"48,6597300000";"2,3423500000"
"202100011363";"23";"10";"2021";"16:50";"1";"86";"86157";"2";"1";"1";"3";"D12";"46,5386050000";"0,4029620000"
"202100011364";"22";"10";"2021";"13:30";"1";"86";"86066";"2";"3";"1";"3";"AllÃ©e dâArgenson";"46,8448760000";"0,5499960000"
"202100011365";"23";"10";"2021";"09:35";"1";"83";"83137";"2";"1";"1";"3";"MOULINS (AVE DES DE 18 A 23";"43,1375380000";"5,9143100000"
"202100011366";"23";"10";"2021";"08:00";"1";"83";"83144";"2";"6";"1";"3";"Boulevard du General Leclerc";"43,1363000000";"5,9873800000"
"202100011367";"23";"10";"2021";"05:45";"3";"83";"83069";"1";"1";"1";"7";"NICE (ROUTE DE)";"43,1319700000";"6,1710200000"
"202100011368";"22";"10";"2021";"14:20";"1";"82";"82121";"2";"2";"1";"3";"DUMAS (RUE ALEX)";"44,0219536859";"1,3740044546"
"202100011369";"22";"10";"2021";"12:10";"1";"73";"73011";"2";"3";"1";"3";"CHARRETTE (CHEMIN DE LA)";"45,6627972166";"6,3652843677"
"202100011370";"23";"10";"2021";"19:45";"2";"65";"65100";"1";"2";"1";"3";"DEPARTEMENTALE 2 (ROUTE)";"43,2680200000";"0,0764700000"
"202100011371";"23";"10";"2021";"12:33";"1";"65";"65440";"1";"9";"1";"3";"LACAUSSADE (BOULEVARD)";"43,2327800000";"0,0547900000"
"202100011372";"22";"10";"2021";"10:30";"1";"64";"64024";"2";"1";"7";"6";"PONT FRANÃOIS DOMMAIN";"43,4943600000";" -1,5282100000"
"202100011373";"18";"10";"2021";"19:15";"2";"62";"62193";"2";"1";"8";"3";"GAMBETTA (BOULEVARD)";"50,9471200000";"1,8482600000"
"202100011374";"23";"10";"2021";"17:50";"5";"59";"59508";"2";"1";"1";"3";"LOEUL (AVENUE ALPHONSE)";"50,7574387346";"3,1227892877"
"202100011375";"23";"10";"2021";"02:40";"5";"59";"59598";"2";"1";"8";"1";"NECHIN (RUE DE)";"50,6614000000";"3,2356200000"
"202100011376";"22";"10";"2021";"19:40";"5";"59";"59392";"2";"1";"1";"5";"CHARLES DE GAULLE (BOULEVARD)";"50,2795200000";"3,9814700000"
"202100011377";"24";"10";"2021";"00:20";"5";"54";"54439";"2";"2";"1";"6";"MENDES FRANCE (RUE)";"48,7046302590";"6,2555455810"
"202100011378";"23";"10";"2021";"16:35";"1";"54";"54304";"2";"2";"1";"6";"BARROIS (RUE DU)";"48,6933000000";"6,1281600000"
"202100011379";"22";"10";"2021";"20:25";"5";"54";"54395";"2";"2";"1";"3";"GARENNE (ALLEE ET AVENUE DE LA)";"48,6802550984";"6,1775343775"
"202100011380";"22";"10";"2021";"12:20";"1";"51";"51230";"2";"1";"1";"3";"Avenue de Champagne";"49,0420432633";"3,9655441046"
"202100011381";"23";"10";"2021";"16:11";"1";"49";"49267";"2";"1";"1";"4";"A87N";"47,4850200000";" -0,4979200000"
"202100011382";"23";"10";"2021";"16:00";"1";"38";"38185";"2";"1";"1";"1";"RUE DES ALLIÃS";"45,1690900000";"5,7316200000"
"202100011383";"23";"10";"2021";"19:10";"5";"37";"37261";"2";"4";"1";"3";"HEURTELOUP (BOULEVARD)";"47,3937078989";"0,7026341335"
"202100011384";"22";"10";"2021";"14:00";"1";"37";"37208";"2";"1";"1";"3";"BRULON (RUE LEON)";"47,3632060649";"0,7259965167"
"202100011385";"23";"10";"2021";"18:30";"1";"34";"34129";"2";"1";"1";"3";"AGAU (AVENUE DE L')";"43,5899100000";"3,9083800000"
"202100011386";"23";"10";"2021";"04:30";"5";"30";"30007";"2";"1";"1";"1";"SAINT JEAN DU PIN";"44,1231000000";"4,0608000000"
"202100011387";"22";"10";"2021";"19:40";"3";"29";"29232";"1";"6";"1";"7";"Lieu dit Park Poullig";"48,0307367110";" -4,0850731730"
"202100011388";"24";"10";"2021";"00:22";"5";"29";"29019";"2";"1";"1";"3";"Avenue Victor le Gorgeu";"48,4104900000";" -4,5160800000"
"202100011389";"23";"10";"2021";"11:10";"1";"27";"27681";"2";"1";"1";"6";"MENDES FRANCE (AVENUE PIERRE)";"49,0902300000";"1,4837400000"
"202100011390";"22";"10";"2021";"09:30";"1";"21";"21231";"2";"3";"1";"3";"PASCAL (BOULEVARD)";"47,3366400000";"5,0558500000"
"202100011391";"20";"10";"2021";"14:00";"1";"17";"17306";"2";"6";"1";"3";"DE LATTRE DE TASSIGNY (BD)";"45,6282400000";" -1,0173300000"
"202100011392";"23";"10";"2021";"11:40";"1";"17";"17300";"2";"3";"1";"3";"SCHWEITZER   RUE DU DOCTEUR ALB";"46,1585100000";" -1,1455900000"
"202100011393";"23";"10";"2021";"03:50";"3";"14";"14437";"1";"1";"1";"6";"D513";"49,1825900000";" -0,3178800000"
"202100011394";"23";"10";"2021";"21:45";"5";"13";"13207";"2";"1";"1";"6";"CORSE (AVENUE DE LA)";"43,2898600000";"5,3662100000"
"202100011395";"23";"10";"2021";"20:00";"5";"13";"13206";"2";"1";"1";"2";"BRETEUIL (RUE)";"43,2864200000";"5,3773800000"
"202100011396";"23";"10";"2021";"18:30";"2";"13";"13212";"2";"1";"1";"3";"GUEY (BOULEVARD)";"43,3065500000";"5,4223400000"
"202100011397";"23";"10";"2021";"15:30";"1";"13";"13206";"2";"2";"1";"1";"LOUIS SALVATOR (BOULEVARD)";"43,2908500000";"5,3811600000"
"202100011398";"23";"10";"2021";"13:20";"1";"13";"13206";"2";"3";"1";"3";"PARADIS (RUE)";"43,2892193520";"5,3785322261"
"202100011399";"23";"10";"2021";"06:15";"5";"13";"13206";"2";"2";"1";"3";"MENPENTI (RUE)";"43,2831300000";"5,3928000000"
"202100011400";"23";"10";"2021";"00:18";"5";"13";"13213";"2";"6";"1";"6";"FRÃDÃRIC MISTRAL (AVENUE)";"43,3233300000";"5,4490000000"
"202100011401";"23";"10";"2021";"21:20";"5";"13";"13001";"2";"1";"1";"7";"RD9";"43,5054500000";"5,3995500000"
"202100011402";"23";"10";"2021";"21:45";"3";"11";"11069";"2";"3";"1";"6";"ROCADE SUD RD 6161";"43,2042100000";"2,3868000000"
"202100011403";"23";"10";"2021";"09:25";"1";"11";"11069";"1";"1";"1";"2";"RD33";"43,2337000000";"2,2659000000"
"202100011404";"23";"10";"2021";"12:45";"1";"10";"10387";"2";"3";"1";"1";"PIERRE BROSSOLETTE (RUE)";"48,2989400000";"4,0767000000"
"202100011405";"23";"10";"2021";"14:40";"1";"06";"06088";"2";"1";"1";"6";"DIABLES BLEUS (AV. DES)";"43,7082900000";"7,2898500000"
"202100011406";"23";"10";"2021";"11:30";"1";"06";"06123";"2";"1";"1";"2";"VESPINS ROUTE DES";"43,6600920000";"7,1882510000"
"202100011407";"23";"10";"2021";"06:20";"2";"01";"01053";"2";"3";"1";"2";"N/A";"46,2039383858";"5,2343059827"
"202100011408";"23";"10";"2021";"14:50";"1";"75";"75120";"2";"1";"1";"2";"BOULEVARD PERIPHERIQUE";"48,8723760000";"2,4125040000"
"202100011409";"22";"10";"2021";"20:55";"2";"75";"75116";"2";"1";"1";"4";"PORTE D AUTEUIL";"48,8506490000";"2,2522180000"
"202100011410";"22";"10";"2021";"05:25";"5";"75";"75120";"2";"1";"1";"2";"PORTE DE BAGNOLET";"48,8687650000";"2,4134670000"
"202100011411";"22";"10";"2021";"02:00";"5";"75";"75116";"2";"4";"1";"2";"PORTE D AUTEUIL";"48,8445400000";"2,2553500000"
"202100011412";"21";"10";"2021";"08:50";"1";"75";"75116";"2";"1";"1";"3";"PORTE MAILLOT";"48,8764290000";"2,2783610000"
"202100011413";"23";"10";"2021";"09:57";"1";"75";"75115";"2";"1";"1";"6";"ECHANGEUR BRANCION";"48,8267940000";"2,2965570000"
"202100011414";"21";"10";"2021";"20:01";"5";"75";"75117";"2";"2";"1";"6";"AVENUE NIEL";"48,8829800000";"2,2963840000"
"202100011415";"22";"10";"2021";"18:35";"1";"75";"75105";"2";"2";"1";"7";"RUE DES CARMES";"48,8488990000";"2,3474630000"
"202100011416";"23";"10";"2021";"14:40";"1";"75";"75119";"2";"2";"1";"6";"RUE DE BELLEVILLE";"48,8739440000";"2,3854040000"
"202100011417";"23";"10";"2021";"16:00";"1";"75";"75119";"2";"1";"1";"3";"AVENUE SIMON BOLIVAR";"48,8763240000";"2,3758380000"
"202100011418";"23";"10";"2021";"14:00";"1";"75";"75119";"2";"3";"1";"7";"RUE COMPANS";"48,8761460000";"2,3949250000"
"202100011419";"23";"10";"2021";"16:15";"1";"75";"75118";"2";"4";"1";"3";"RUE ORDENER";"48,8908800000";"2,3532460000"
"202100011420";"22";"10";"2021";"22:45";"5";"75";"75117";"2";"2";"1";"6";"RUE LEGENDRE";"48,8838170000";"2,3136340000"
"202100011421";"23";"10";"2021";"00:40";"5";"75";"75117";"2";"2";"1";"3";"BOULEVARD BERTHIER";"48,8943640000";"2,3136740000"
"202100011422";"23";"10";"2021";"13:16";"1";"75";"75116";"2";"2";"1";"3";"AVENUE DE VERSAILLES";"48,8512800000";"2,2784130000"
"202100011423";"23";"10";"2021";"00:15";"5";"75";"75116";"2";"7";"1";"1";"AVENUE DU PRESIDENT WILSON";"48,8648510000";"2,2942250000"
"202100011424";"22";"10";"2021";"16:22";"1";"75";"75113";"2";"1";"8";"6";"RUE DE LA GLACIERE";"48,8269630000";"2,3420310000"
"202100011425";"23";"10";"2021";"01:00";"5";"75";"75111";"2";"3";"1";"3";"BOULEVARD VOLTAIRE";"48,8516090000";"2,3905680000"
"202100011426";"23";"10";"2021";"14:40";"1";"75";"75108";"2";"2";"1";"3";"RUE LA BOETIE";"48,8741810000";"2,3175370000"
"202100011427";"23";"10";"2021";"05:50";"5";"75";"75104";"2";"3";"1";"7";"BOULEVARD HENRI IV";"48,8510400000";"2,3622460000"
"202100011428";"22";"10";"2021";"22:14";"5";"75";"75104";"2";"2";"1";"3";"RUE DE TURENNE";"48,8564720000";"2,3643540000"
"202100011429";"23";"10";"2021";"13:00";"1";"94";"94080";"2";"1";"1";"6";"PARIS (AV DE)";"48,8400000000";"2,4300000000"
"202100011430";"23";"10";"2021";"21:19";"5";"94";"94078";"2";"9";"1";"3";"L'APPEL DU DIX-HUIT JUIN 1940 (AV DE)";"48,7593500000";"2,4433800000"
"202100011431";"23";"10";"2021";"05:15";"5";"94";"94058";"2";"1";"1";"1";"ARTOIS (QU D)";"48,8302300000";"2,5129100000"
"202100011432";"23";"10";"2021";"01:45";"5";"94";"94011";"2";"9";"1";"2";"Carrefour du-GÃ©nÃ©ral-de-Gaulle";"48,7679700000";"2,4877800000"
"202100011433";"23";"10";"2021";"11:00";"1";"94";"94055";"2";"1";"1";"6";"Avenue de Pince Vent";"48,7915400000";"2,5539600000"
"202100011434";"23";"10";"2021";"11:55";"1";"94";"94017";"2";"2";"1";"3";"Rue Guy MÃ´quet";"48,8192700000";"2,5146900000"
"202100011435";"23";"10";"2021";"20:40";"3";"93";"93074";"1";"1";"1";"2";"EUROPE AVENUE DE L'";"48,9344700000";"2,5767600000"
"202100011436";"23";"10";"2021";"18:05";"2";"93";"93070";"2";"2";"1";"2";"JEAN-JAURES (BD)";"48,9125700000";"2,3346500000"
"202100011437";"22";"10";"2021";"19:38";"5";"93";"93066";"1";"9";"8";"3";"WILSON (AVENUE DU PRESIDENT)";"48,9238000000";"2,3566900000"
"202100011438";"23";"10";"2021";"16:11";"1";"93";"93008";"2";"9";"1";"3";"BARBUSSE (AVENUE HENRI) A30";"48,9062600000";"2,4230400000"
"202100011439";"23";"10";"2021";"21:35";"5";"92";"92022";"2";"1";"1";"3";"SALENGRO (AVENUE ROGER)";"48,8187352610";"2,1980676055"
"202100011440";"23";"10";"2021";"18:46";"2";"92";"92062";"2";"9";"1";"3";"PUTEAUX (PONT DE)";"48,8781257887";"2,2427693009"
"202100011441";"23";"10";"2021";"10:30";"1";"92";"92049";"2";"2";"1";"6";"BARBES RUE";"48,8172823499";"2,3288306594"
"202100011442";"23";"10";"2021";"18:15";"1";"92";"92024";"2";"1";"1";"3";"GENERAL LECLERC (BD DU) (9 A 59)   (4 A";"48,9002654139";"2,3173186183"
"202100011443";"24";"10";"2021";"09:15";"1";"37";"37276";"1";"1";"1";"6";"D910";"47,5671590000";"0,8873390000"
"202100011444";"23";"10";"2021";"09:50";"1";"12";"12301";"1";"2";"1";"5";"RD 922";"44,4422370000";"2,0299600000"
"202100011445";"23";"10";"2021";"23:15";"3";"54";"54100";"1";"1";"1";"6";"voie verte";"48,7700700000";"6,3562200000"
"202100011446";"23";"10";"2021";"19:45";"3";"62";"62447";"2";"3";"1";"1";"8 Rue du Pont Cacheleux";"50,3718740000";"2,0440310000"
"202100011447";"23";"10";"2021";"14:45";"1";"17";"17010";"2";"6";"1";"3";"AVENUE EDMOND GRASSET";"46,1074970000";" -1,1052550000"
"202100011448";"24";"10";"2021";"05:00";"5";"31";"31044";"2";"1";"1";"6";"Avenue Saint-Martin de Boville";"43,5976500000";"1,5046660000"
"202100011449";"23";"10";"2021";"22:05";"3";"974";"97412";"1";"1";"1";"1";"N1002";" -21,3726050000";"55,6226870000"
"202100011450";"23";"10";"2021";"22:30";"3";"972";"97227";"1";"1";"1";"6";"Pointe Fusette";"14,4690740000";" -60,9142430000"
"202100011451";"24";"10";"2021";"15:45";"1";"63";"63264";"1";"1";"1";"7";"RD 983";"45,6392480000";"2,8449870000"
"202100011452";"23";"10";"2021";"18:15";"1";"51";"51538";"1";"1";"1";"7";"D2";"48,8890900000";"4,3963230000"
"202100011453";"24";"10";"2021";"12:00";"1";"76";"76709";"1";"1";"1";"3";"rue worms route de la marre pigeonniere";"49,4800038175";"0,8181484043"
"202100011454";"24";"10";"2021";"15:45";"1";"80";"80288";"1";"2";"1";"3";"rue de chaulnes";"49,8691930000";"2,8168450000"
"202100011455";"23";"10";"2021";"04:30";"4";"80";"80736";"2";"1";"1";"6";"D901";"50,0096420000";"1,9042610000"
"202100011456";"24";"10";"2021";"12:10";"1";"82";"82117";"1";"3";"1";"3";"Cap de Montsembosc";"44,3224170000";"1,0529870000"
"202100011457";"22";"10";"2021";"17:00";"1";"82";"82189";"1";"1";"1";"6";"D 109";"44,1789570000";"1,2771930000"
"202100011458";"23";"10";"2021";"17:15";"1";"32";"32231";"1";"1";"1";"1";"D 132 / PK 000.530";"43,7703350000";"0,3186790000"
"202100011459";"23";"10";"2021";"21:30";"3";"32";"32444";"1";"1";"1";"6";"D654";"43,6862930000";"0,9990260000"
"202100011460";"24";"10";"2021";"12:30";"1";"61";"61345";"2";"1";"1";"7";"Rue Marcel Louvel";"48,4322790000";"0,7754110000"
"202100011461";"24";"10";"2021";"12:15";"1";"61";"61005";"2";"1";"1";"6";"D285";"48,3455610000";"0,5565640000"
"202100011462";"23";"10";"2021";"16:55";"1";"49";"49055";"1";"1";"1";"6";"Le PÃ©rineau";"47,5233810000";" -0,5808810000"
"202100011463";"24";"10";"2021";"10:00";"1";"12";"12062";"1";"6";"1";"7";"lieu-dit les bouscaillous";"44,1466060000";"3,0112080000"
"202100011464";"23";"10";"2021";"14:30";"1";"68";"68138";"2";"9";"1";"7";"Rue de Lattre de Tassigny";"47,5876232780";"7,2543755919"
"202100011465";"19";"10";"2021";"21:00";"5";"44";"44163";"2";"1";"1";"2";"D723";"47,3717440000";" -1,1654900000"
"202100011466";"1";"10";"2021";"20:15";"5";"35";"35068";"2";"3";"2";"3";"Rue de Rennes";"48,1049420000";" -1,4116410000"
"202100011467";"23";"10";"2021";"00:22";"3";"29";"29260";"1";"1";"2";"6";"D27 - Rue de Aber ";"48,4396360000";" -4,6402860000"
"202100011468";"24";"10";"2021";"09:00";"2";"03";"03320";"1";"1";"1";"7";"route dÃ©partementale 953";"46,5636810000";"2,9814470000"
"202100011469";"16";"10";"2021";"10:35";"1";"70";"70561";"2";"1";"7";"6";"711 Rue du 13 Septembre 1944";"47,5451230000";"6,4312880000"
"202100011470";"23";"10";"2021";"16:30";"1";"70";"70514";"2";"1";"1";"6";"3 Rue de l Abreuvoir";"47,3359430000";"5,6404310000"
"202100011471";"24";"10";"2021";"16:00";"1";"70";"70427";"2";"1";"1";"7";"13 grande rue";"47,7496350000";"6,0009700000"
"202100011472";"24";"10";"2021";"06:00";"3";"58";"58299";"1";"1";"5";"6";"D233";"47,4529340000";"3,4399650000"
"202100011473";"23";"10";"2021";"20:50";"5";"54";"54189";"2";"1";"1";"6";"Rue du Saintois";"48,4654521340";"5,9526371951"
"202100011474";"24";"10";"2021";"13:15";"1";"72";"72122";"1";"1";"1";"3";"Route dÃ©partementale 29";"48,0743800000";"0,5609460000"
"202100011475";"23";"10";"2021";"11:45";"1";"43";"43102";"1";"4";"1";"7";"route du chasseur";"45,2029810000";"4,1955330000"
"202100011476";"23";"10";"2021";"14:10";"1";"10";"10063";"1";"1";"1";"3";"D443";"48,3636200000";"4,5325470000"
"202100011477";"24";"10";"2021";"17:20";"1";"24";"24412";"1";"1";"1";"3";"Le Petit Pech";"44,9851380000";"1,2807870000"
"202100011478";"24";"10";"2021";"04:45";"3";"04";"04130";"1";"1";"1";"7";"RD 951, lieu-dit l'Espinasse";"44,0487170000";"5,8058880000"
"202100011479";"24";"10";"2021";"00:00";"5";"85";"85288";"2";"6";"1";"6";"Avenue des Sports";"46,4639840000";" -1,6344850000"
"202100011480";"21";"10";"2021";"08:45";"1";"27";"27341";"1";"2";"1";"3";"D23";"48,7903990000";"1,0069360000"
"202100011481";"24";"10";"2021";"15:50";"1";"17";"17288";"1";"3";"1";"3";"D950";"45,9487700000";" -0,4629810000"
"202100011482";"24";"10";"2021";"17:30";"1";"37";"37211";"2";"1";"1";"6";"4 Rue de la PrimaudiÃ¨re";"47,2293534568";"0,7631675315"
"202100011483";"23";"10";"2021";"06:00";"3";"30";"30284";"1";"1";"1";"6";"D906";"44,1857430000";"4,0818070000"
"202100011484";"24";"10";"2021";"11:30";"1";"08";"08355";"1";"1";"1";"7";"RD 22";"49,9318690000";"4,4241110000"
"202100011485";"24";"10";"2021";"14:55";"1";"88";"88182";"1";"1";"1";"1";"RN 159";"48,2886400000";"7,0701100000"
"202100011486";"21";"10";"2021";"15:50";"1";"88";"88075";"1";"3";"1";"3";"38 Route de Gerardmer";"48,0141750000";"6,8854240000"
"202100011487";"23";"10";"2021";"10:40";"1";"88";"88157";"1";"2";"1";"3";"Le Haut du Bas";"48,0931440000";"6,4363360000"
"202100011488";"23";"10";"2021";"08:30";"1";"04";"04209";"1";"1";"1";"6";"A 51";"44,1937750000";"5,9530020000"
"202100011489";"23";"10";"2021";"20:20";"5";"95";"95250";"2";"1";"1";"1";"RD 922";"49,0972960000";"2,5181700000"
"202100011490";"24";"10";"2021";"12:10";"1";"974";"97417";"1";"1";"1";"2";"78 Route Nationale 2 Ravine Ango";" -21,3478780000";"55,7926080000"
"202100011491";"20";"10";"2021";"08:00";"2";"33";"33199";"2";"6";"1";"3";"Cours de la Marne";"44,6337570000";" -1,0596330000"
"202100011492";"23";"10";"2021";"17:00";"1";"2B";"2B034";"1";"1";"1";"5";"RT 30 - Capicciolo";"42,6406680000";"9,0008230000"
"202100011493";"22";"10";"2021";"23:50";"3";"30";"30027";"2";"1";"1";"1";"D 910 A";"44,0760170000";"4,0595020000"
"202100011494";"24";"10";"2021";"07:50";"1";"34";"34164";"1";"1";"1";"6";"Avenue de Teyran";"43,7463290000";"3,9598590000"
"202100011495";"22";"10";"2021";"19:15";"3";"83";"83143";"1";"1";"1";"5";"DÃ©partementale 554";"43,4321820000";"6,0717920000"
"202100011496";"22";"10";"2021";"06:55";"5";"67";"67339";"2";"3";"1";"3";"Rue de l Avenir";"48,8963270000";"7,9115670000"
"202100011497";"23";"10";"2021";"16:45";"1";"69";"69204";"2";"1";"7";"1";"MARECHAL FOCH (AV)";"45,6896190000";"4,7882580000"
"202100011498";"24";"10";"2021";"14:30";"1";"86";"86220";"1";"1";"1";"2";"D1";"46,0989870000";"0,2686930000"
"202100011499";"22";"10";"2021";"19:45";"5";"33";"33213";"2";"1";"1";"3";"N/A";"44,6818330000";" -0,5305430000"
"202100011500";"23";"10";"2021";"19:15";"2";"33";"33422";"1";"1";"1";"6";"D211e2";"44,8207580000";" -0,7558350000"
"202100011501";"13";"10";"2021";"14:40";"1";"14";"14762";"2";"1";"1";"6";"4 Rue Emile Desvaux";"48,8371740000";" -0,8848290000"
"202100011502";"24";"10";"2021";"10:00";"1";"22";"22214";"2";"3";"1";"1";"Kermanach";"48,7511740000";" -2,9872080000"
"202100011503";"24";"10";"2021";"17:15";"1";"35";"35253";"1";"1";"1";"6";"PK 33";"48,2577490000";" -1,4141140000"
"202100011504";"23";"10";"2021";"22:30";"3";"02";"02470";"1";"1";"1";"7";"route departementale 1043";"49,8757590000";"4,1450970000"
"202100011505";"21";"10";"2021";"14:15";"1";"59";"59597";"1";"1";"8";"3";"RD 643";"50,2017610000";"3,1978640000"
"202100011506";"22";"10";"2021";"17:47";"1";"13";"13019";"1";"1";"1";"4";"A51-Sens Marseille vers Aix en Provence";"43,4183260000";"5,3663070000"
"202100011507";"23";"10";"2021";"01:30";"5";"13";"13056";"1";"1";"1";"6";"A55-Sens Martigues vers Marseille";"43,4118960000";"5,0253310000"
"202100011508";"18";"10";"2021";"07:34";"2";"13";"13070";"1";"1";"1";"6";"A50-Sens Marseille vers Aubagne";"43,2855957891";"5,5130041665"
"202100011509";"19";"10";"2021";"07:45";"1";"13";"13055";"1";"1";"1";"2";"A507 sens Marseille - Aubagne";"43,2949830000";"5,4245190000"
"202100011510";"23";"10";"2021";"12:45";"1";"94";"94034";"1";"1";"1";"2";"AUTOROUTE A86";"48,7596000000";"2,3215000000"