"Num_Acc";"jour";"mois";"an";"hrmn";"lum";"dep";"com";"agg";"int";"atm";"col";"adr";"lat";"long"
"202100011511";"22";"10";"2021";"14:25";"1";"91";"91312";"1";"1";"1";"3";"RD 444";"48,7320400000";"2,2363600000"
"202100011512";"23";"10";"2021";"12:45";"1";"78";"78206";"1";"1";"1";"3";"A13";"48,9547400000";"1,9381000000"
"202100011513";"23";"10";"2021";"12:45";"1";"92";"92047";"1";"1";"1";"2";"A13";"48,8331791707";"2,1600237106"
"202100011514";"22";"10";"2021";"21:15";"3";"78";"78117";"1";"1";"1";"5";"RN12";"48,7881200000";"2,1403600000"
"202100011515";"22";"10";"2021";"20:55";"5";"92";"92050";"1";"1";"1";"5";"A86";"48,9024374780";"2,2041828545"
"202100011516";"22";"10";"2021";"20:25";"5";"92";"92050";"1";"1";"1";"3";"A86";"48,9064397664";"2,2110575438"
"202100011517";"22";"10";"2021";"13:30";"1";"78";"78043";"1";"1";"1";"4";"A13Y";"48,8475700000";"2,0768300000"
"202100011518";"23";"10";"2021";"19:30";"5";"93";"93066";"1";"1";"1";"7";"AUTOROUTE A1";"48,9193634411";"2,3575464282"
"202100011519";"23";"10";"2021";"07:30";"3";"93";"93053";"1";"1";"1";"3";"AUTOROUTE A86";"48,8953200000";"2,4707300000"
"202100011520";"23";"10";"2021";"03:55";"4";"75";"75112";"1";"1";"2";"6";"A4";"48,8188800000";"2,4573100000"
"202100011521";"22";"10";"2021";"15:20";"1";"93";"93051";"1";"1";"1";"6";"A4";"48,8350000000";"2,5758700000"
"202100011522";"22";"10";"2021";"08:44";"1";"94";"94069";"1";"1";"1";"6";"A4";"48,8171389327";"2,4422619339"
"202100011523";"29";"07";"2021";"22:45";"5";"75";"75117";"2";"2";"1";"6";"RUE GUY MOQUET";"48,8917080000";"2,3212190000"
"202100011524";"22";"10";"2021";"17:30";"2";"973";"97302";"1";"1";"1";"3";"ROUTE NATIONALE 1";"4,9028700000";" -52,3245100000"
"202100011525";"22";"10";"2021";"07:32";"1";"973";"97302";"2";"9";"1";"3";"MONTABO (ROUTE DE) 2";"4,9354239936";" -52,2946801187"
"202100011526";"22";"10";"2021";"22:50";"5";"69";"69386";"2";"2";"1";"3";"JULES FAVRE (BD)";"45,7662473340";"4,8592078961"
"202100011527";"22";"10";"2021";"23:15";"5";"69";"69383";"2";"1";"1";"3";"PAUL BERT (R)";"45,7567900000";"4,8494700000"
"202100011528";"22";"10";"2021";"14:00";"1";"69";"69387";"2";"3";"1";"3";"GERLAND (DE) (R)";"45,7353100000";"4,8395900000"
"202100011529";"22";"10";"2021";"14:30";"1";"69";"69387";"2";"2";"1";"3";"TONY GARNIER                        (AV)";"45,7266400000";"4,8303700000"
"202100011530";"22";"10";"2021";"08:40";"1";"972";"97209";"2";"1";"1";"6";"FAISSAL VAINDUC (RUE)";"14,6160200000";" -61,0697900000"
"202100011531";"23";"10";"2021";"00:10";"5";"69";"69034";"2";"1";"1";"6";"GENERAL LECLERC                     (AV)";"45,8046500000";"4,8642700000"
"202100011532";"22";"10";"2021";"19:05";"5";"69";"69152";"2";"1";"1";"3";"EUROPE (DE L')                      (BD)";"45,6999400000";"4,8231900000"
"202100011533";"22";"10";"2021";"17:15";"1";"69";"69389";"2";"2";"1";"1";"LAURE DIEBOLD (R)";"45,7777358212";"4,8015393936"
"202100011534";"21";"10";"2021";"20:20";"5";"69";"69382";"2";"1";"1";"6";"BELLECOUR (PL)";"45,7567032583";"4,8319811565"
"202100011535";"22";"10";"2021";"08:50";"1";"69";"69389";"2";"2";"1";"3";"MARIETTON (R)";"45,7757451736";"4,8019795941"
"202100011536";"18";"10";"2021";"15:00";"1";"69";"69142";"2";"4";"1";"1";"STEPHANE DECHANT (R)";"45,7259000000";"4,8139400000"
"202100011537";"22";"10";"2021";"01:40";"5";"69";"69382";"2";"3";"1";"2";"PERRACHE (Q)";"45,7383700000";"4,8216100000"
"202100011538";"21";"10";"2021";"14:37";"1";"69";"69152";"2";"9";"1";"3";"EUROPE (DE L') (BD)";"45,7053300000";"4,8206500000"
"202100011539";"21";"10";"2021";"09:39";"1";"2B";"2B033";"2";"1";"1";"2";"11 - RT";"42,7000000000";"9,4500000000"
"202100011540";"22";"10";"2021";"23:30";"5";"2A";"2A004";"2";"1";"1";"7";"T21";"41,9331600000";"8,7545900000"
"202100011541";"22";"10";"2021";"22:44";"3";"91";"91216";"1";"1";"1";"1";"BALLAINVILLIERS (RUE)";"48,6719500000";"2,3045300000"
"202100011542";"22";"10";"2021";"08:25";"2";"91";"91312";"2";"1";"9";"6";"EGLISE (RUE DE L')";"48,7418000000";"2,2245700000"
"202100011543";"21";"10";"2021";"07:50";"2";"91";"91645";"2";"2";"1";"3";"MARIUS HUE (RUE)";"48,7452300000";"2,2829400000"
"202100011544";"22";"10";"2021";"15:20";"1";"91";"91114";"2";"1";"1";"4";"AV DU GAL LECLERC";"48,6886980000";"2,4944670000"
"202100011545";"22";"10";"2021";"15:10";"1";"91";"91421";"2";"3";"8";"3";"REPUBLIQUE (AVENUE DE LA)";"48,7040900000";"2,4606500000"
"202100011546";"22";"10";"2021";"07:20";"5";"91";"91286";"2";"9";"9";"6";"PREMIERE ARMEE (AVENUE)";"48,6513500000";"2,3942800000"
"202100011547";"22";"10";"2021";"07:56";"5";"87";"87085";"2";"1";"1";"6";"DONZELOT (RUE)";"45,8325700000";"1,2713100000"
"202100011548";"21";"10";"2021";"15:33";"1";"87";"87065";"2";"2";"1";"3";"PONTEIX (AVENUE DU)";"45,8082800000";"1,2991600000"
"202100011549";"20";"10";"2021";"19:25";"4";"87";"87085";"2";"2";"3";"3";"DUMAS (AVENUE GEORGES)";"45,8269600000";"1,2623900000"
"202100011550";"22";"10";"2021";"13:40";"1";"86";"86194";"2";"1";"1";"1";"Avenue Jacques Coeur";"46,5671910000";"0,3761380000"
"202100011551";"20";"10";"2021";"11:45";"1";"86";"86194";"2";"1";"2";"2";"Avenue de Nantes";"46,5895080000";"0,3297110000"
"202100011552";"19";"10";"2021";"10:45";"1";"83";"83050";"2";"1";"1";"6";"PERI(BOULEVARD GABRIEL)";"43,5356290000";"6,4655110000"
"202100011553";"22";"10";"2021";"15:59";"1";"76";"76540";"2";"1";"1";"6";"BOISGUILBERT. QUAI DE";"49,4420700000";"1,0776200000"
"202100011554";"22";"10";"2021";"07:45";"5";"76";"76575";"2";"2";"1";"6";"RENAN. RUE ERNEST";"49,3985260000";"1,0741400000"
"202100011555";"21";"10";"2021";"20:20";"5";"72";"72181";"2";"1";"1";"6";"CUGNOT NICOLAS (BD)";"47,9936300000";"0,2249600000"
"202100011556";"22";"10";"2021";"19:00";"2";"71";"71306";"2";"1";"1";"1";"LUCY (RUE DE)";"46,6650188471";"4,3365707745"
"202100011557";"14";"10";"2021";"17:00";"1";"68";"68066";"2";"2";"1";"6";"WILHELM (RUE HENRY)";"48,0832400000";"7,3556700000"
"202100011558";"21";"10";"2021";"23:00";"5";"67";"67482";"2";"1";"1";"6";"ROMAINS (ROUTE DES)";"48,5806300000";"7,7229500000"
"202100011559";"22";"10";"2021";"13:20";"1";"66";"66136";"2";"1";"1";"2";"ESPAGNE (ROUTE D')";"42,6767600000";"2,8901500000"
"202100011560";"22";"10";"2021";"12:04";"1";"66";"66136";"2";"1";"1";"6";"DESNOYE (BOULEVARD DR. JOSEPH)";"42,7156700000";"2,8878800000"
"202100011561";"21";"10";"2021";"12:00";"1";"66";"66136";"2";"1";"1";"6";"SAINT-NAZAIRE (DE)";"42,6832000000";"2,9038600000"
"202100011562";"22";"10";"2021";"11:40";"1";"65";"65440";"2";"3";"1";"4";"FORGES (AVENUE DES)";"43,2387600000";"0,0860200000"
"202100011563";"22";"10";"2021";"10:00";"1";"65";"65440";"2";"9";"1";"2";"MAQUIS DE PAYOLLE (RUE DU)";"43,2228200000";"0,0847850000"
"202100011564";"22";"10";"2021";"07:55";"2";"65";"65331";"2";"3";"1";"3";"LOURDES (AVENUE DE)";"43,2129800000";"0,0507800000"
"202100011565";"22";"10";"2021";"11:30";"1";"64";"64445";"2";"9";"1";"7";"ALSACE LORRAINE D'";"43,3045000000";" -0,3681600000"
"202100011566";"22";"10";"2021";"09:00";"1";"64";"64445";"2";"1";"1";"2";"PAIX";"43,3164600000";" -0,3397000000"
"202100011567";"22";"10";"2021";"19:40";"5";"64";"64102";"2";"1";"1";"2";"PLANTOUN (AVENUE)";"43,4941700000";" -1,4582300000"
"202100011568";"22";"10";"2021";"18:45";"1";"64";"64102";"1";"1";"1";"3";"HAMBOUM (CHEMIN DE)";"43,4977505637";" -1,4600149541"
"202100011569";"22";"10";"2021";"08:30";"1";"64";"64102";"2";"9";"2";"7";"LACHEPAILLET (RUE DES REMPARTS)";"43,4885000000";" -1,4784200000"
"202100011570";"22";"10";"2021";"20:00";"3";"61";"61497";"1";"1";"1";"7";"D.501";"48,4567000000";"0,1031900000"
"202100011571";"22";"10";"2021";"08:30";"1";"61";"61001";"2";"2";"1";"1";"PAUL CLAUDEL (RUE)";"48,4165400000";"0,0942400000"
"202100011572";"22";"10";"2021";"17:45";"1";"59";"59599";"2";"1";"1";"6";"NATIONALE (RUE)";"50,7245210242";"3,1538657670"
"202100011573";"22";"10";"2021";"07:45";"2";"59";"59350";"2";"1";"1";"3";"BELFORT BOULEVARD DE";"50,6212000000";"3,0792900000"
"202100011574";"16";"10";"2021";"15:50";"1";"59";"59560";"2";"2";"1";"3";"FLANDRE RUE DES COMTESSES DE";"50,5469400000";"3,0269300000"
"202100011575";"21";"10";"2021";"17:50";"1";"59";"59350";"2";"2";"2";"3";"TACQ ANTOINE PLACE";"50,6208900000";"3,0346900000"
"202100011576";"21";"10";"2021";"19:35";"5";"56";"56098";"2";"3";"1";"3";"JAURES (RUE  JEAN )";"47,7653300000";" -3,3585200000"
"202100011577";"21";"10";"2021";"22:57";"5";"54";"54482";"2";"1";"1";"6";"MARIN (VIADUC LOUIS)";"48,7044479715";"6,1951357126"
"202100011578";"21";"10";"2021";"14:20";"1";"54";"54547";"2";"9";"1";"6";"EUROPE (BOULEVARD DE L')";"48,6622322166";"6,1742718583"
"202100011579";"20";"10";"2021";"16:48";"1";"54";"54197";"1";"1";"2";"1";"LUDRES (RUE DE)";"48,6243463833";"6,1947445250"
"202100011580";"19";"10";"2021";"18:30";"2";"54";"54321";"1";"1";"1";"6";"voie verte";"49,5400800000";"5,8086000000"
"202100011581";"22";"10";"2021";"07:55";"2";"51";"51454";"2";"6";"1";"3";"Avenue dâEpernay";"49,2297840599";"4,0147393106"
"202100011582";"21";"10";"2021";"08:35";"1";"51";"51454";"2";"3";"1";"5";"Rue des Essillards";"49,2349600000";"4,0509800000"
"202100011583";"21";"10";"2021";"07:30";"2";"51";"51454";"2";"2";"2";"7";"Rue dâItalie";"49,2660000000";"4,0528200000"
"202100011584";"22";"10";"2021";"01:20";"5";"50";"50502";"2";"1";"1";"6";"GERHARDT (GÃ©nÃ©ral)";"49,1179800000";" -1,0830900000"
"202100011585";"21";"10";"2021";"22:20";"3";"49";"49328";"1";"1";"1";"6";"CHAMPIGNY (ROUTE DE) D 145";"47,2388200000";" -0,0434700000"
"202100011586";"22";"10";"2021";"18:20";"1";"49";"49007";"2";"1";"1";"3";"COUBERTIN BOULEVARD";"47,4673700000";" -0,5299000000"
"202100011587";"22";"10";"2021";"11:22";"1";"49";"49007";"2";"1";"1";"3";"N/A";"47,4697500000";" -0,5616900000"
"202100011588";"22";"10";"2021";"07:50";"2";"49";"49007";"2";"1";"1";"6";"NOTRE DAME DU LAC AVENUE";"47,4801300000";" -0,5915800000"
"202100011589";"21";"10";"2021";"17:43";"1";"49";"49007";"2";"1";"1";"2";"PASTEUR AVENUE";"47,4812000000";" -0,5240000000"
"202100011590";"21";"10";"2021";"10:20";"1";"49";"49007";"2";"1";"1";"7";"HARAS ALLEE ET RUE";"47,4662200000";" -0,5531600000"
"202100011591";"22";"10";"2021";"16:45";"1";"45";"45234";"2";"1";"1";"2";"MARNE (AVENUE DE LA)";"47,9145800000";"1,9288700000"
"202100011592";"22";"10";"2021";"08:50";"1";"45";"45234";"2";"2";"1";"7";"Rue Fernand Rabier";"47,9038100000";"1,9097600000"
"202100011593";"21";"10";"2021";"12:05";"1";"38";"38421";"2";"1";"1";"3";"CACHIN(AVENUE M.)NÂ°IMPAIRS(U2 A LENINE)";"45,1645600000";"5,7499500000"
"202100011594";"22";"10";"2021";"22:05";"5";"37";"37261";"2";"3";"1";"3";"VAILLANT (RUE EDOUARD)";"47,3790156700";"0,7100414917"
"202100011595";"22";"10";"2021";"18:50";"5";"37";"37122";"2";"9";"1";"6";"RD 37";"47,3407123145";"0,6601271778"
"202100011596";"22";"10";"2021";"07:40";"1";"37";"37261";"2";"1";"1";"6";"MOZART (AVENUE)";"47,3671533837";"0,7081587315"
"202100011597";"21";"10";"2021";"18:35";"2";"37";"37261";"2";"1";"8";"2";"POMPIDOU (AVENUE GEORGES)";"47,3809632918";"0,7127021626"
"202100011598";"16";"10";"2021";"15:15";"1";"35";"35093";"2";"3";"1";"3";"VILLOU ( BOULEVARD DU)";"48,6314200000";" -2,0761200000"
"202100011599";"22";"10";"2021";"16:25";"1";"35";"35051";"2";"1";"1";"3";"CHALOTAIS (RUE DE LA)";"48,1227600000";" -1,6021400000"
"202100011600";"22";"10";"2021";"07:50";"2";"35";"35238";"2";"9";"1";"3";"FOULON (AVENUE PROFESSEUR CHARLES)";"48,1194800000";" -1,6482700000"
"202100011601";"21";"10";"2021";"21:30";"5";"35";"35238";"2";"2";"1";"3";"VERN (DE)";"48,0981170000";" -1,6556690000"
"202100011602";"23";"10";"2021";"00:15";"5";"34";"34172";"2";"2";"1";"1";"PONT JUVENAL (AVENUE DU)";"43,6059140000";"3,8940840000"
"202100011603";"22";"10";"2021";"21:28";"5";"34";"34172";"2";"1";"1";"2";"NIMES (AVENUE DE)";"43,6169300000";"3,8855600000"
"202100011604";"22";"10";"2021";"19:20";"1";"34";"34172";"2";"1";"1";"1";"MOUREZE (RUE DE)";"43,6076570000";"3,8302780000"
"202100011605";"21";"10";"2021";"00:30";"5";"34";"34172";"2";"1";"1";"3";"DUBOUT (AVENUE ALBERT)";"43,6024400000";"3,8914800000"
"202100011606";"22";"10";"2021";"08:10";"2";"33";"33281";"1";"2";"1";"3";"Avenue FranÃ§ois Mitterrand";"44,8266500000";" -0,6193300000"
"202100011607";"21";"10";"2021";"08:45";"1";"33";"33032";"2";"2";"1";"3";"Rue du MarÃ©chal Joffre";"44,8990400000";" -0,5138100000"
"202100011608";"22";"10";"2021";"18:15";"1";"33";"33529";"2";"1";"8";"6";"DE GAULLE ( AVE CHARLES) 01 AU 85";"44,6330300000";" -1,1447100000"
"202100011609";"22";"10";"2021";"15:00";"1";"33";"33529";"2";"1";"1";"3";"Centre Commercial Cap OcÃ©an";"44,6358350000";" -1,1538010000"
"202100011610";"22";"10";"2021";"20:40";"5";"31";"31555";"2";"6";"1";"1";"SEYSSES (RTE DE) DU 1AU 65";"43,5482900000";"1,3907000000"
"202100011611";"22";"10";"2021";"07:25";"2";"31";"31557";"2";"2";"1";"3";"DOUMERGUE (RUE GASTON)";"43,5878600000";"1,3553400000"
"202100011612";"22";"10";"2021";"07:35";"5";"30";"30007";"2";"3";"1";"3";"ONZE NOVEMBRE 1918 (QUAI DU)";"44,1276000000";"4,0731000000"
"202100011613";"22";"10";"2021";"11:50";"1";"25";"25056";"1";"1";"1";"1";"OUEST BOULEVARD";"47,2122440000";"5,9902900000"
"202100011614";"23";"10";"2021";"02:17";"3";"17";"17300";"1";"1";"1";"6";"N237";"46,1734020000";" -1,1793450000"
"202100011615";"22";"10";"2021";"17:13";"1";"17";"17300";"2";"1";"1";"7";"DAUPHINE  AVENUE DE LA PORTE";"46,1672800000";" -1,1503900000"
"202100011616";"22";"10";"2021";"09:25";"1";"17";"17300";"2";"1";"1";"2";"NORMANDIN   RUE EMILE";"46,1421000000";" -1,1402600000"
"202100011617";"22";"10";"2021";"21:30";"3";"15";"15014";"2";"1";"1";"7";"Lascanaux";"44,9287000000";"2,4259910000"
"202100011618";"22";"10";"2021";"21:45";"5";"13";"13211";"2";"1";"1";"3";"CAMOINS ((RUE LES)";"43,2907000000";"5,4384000000"
"202100011619";"22";"10";"2021";"21:50";"5";"13";"13215";"2";"3";"1";"2";"SAINT ANTOINE (AVENUE DE)";"43,3786300000";"5,3568900000"
"202100011620";"22";"10";"2021";"17:00";"1";"13";"13209";"2";"1";"1";"7";"SCHLOESING (BOULEVARD)";"43,2731800000";"5,4007900000"
"202100011621";"22";"10";"2021";"16:45";"1";"13";"13206";"2";"1";"1";"2";"LIEUTAUD (COURS)";"43,2936700000";"5,3823900000"
"202100011622";"16";"10";"2021";"10:30";"1";"13";"13214";"2";"2";"1";"5";"ANATOLE DE LA FORGE (BOULEVARD)";"43,3403169012";"5,3870329371"
"202100011623";"21";"10";"2021";"15:10";"1";"11";"11069";"2";"6";"1";"2";"Bretelle d'accÃ©s A61 - Carcassonne Ouest";"43,2016800000";"2,3136900000"
"202100011624";"22";"10";"2021";"13:27";"1";"10";"10325";"2";"1";"1";"3";"DENIS PAPIN (RUE)";"48,2611000000";"4,0481000000"
"202100011625";"22";"10";"2021";"09:08";"1";"10";"10297";"2";"1";"1";"6";"JEAN JAURES (RUE)";"48,3180479188";"4,0982785820"
"202100011626";"22";"10";"2021";"07:48";"5";"10";"10387";"2";"1";"8";"6";"AUXERRE (RUE)";"48,2786484035";"4,0670335293"
"202100011627";"22";"10";"2021";"05:25";"5";"10";"10357";"2";"6";"8";"3";"CELESTIN PHILBOIS (RUE)";"48,3004170000";"4,1087460000"
"202100011628";"22";"10";"2021";"17:15";"1";"06";"06088";"2";"2";"1";"3";"NOTRE-DAME (AV.)";"43,7039460000";"7,2678510000"
"202100011629";"22";"10";"2021";"10:23";"1";"06";"06027";"2";"6";"1";"6";"ALPES AVENUE DES";"43,6604450000";"7,1436810000"
"202100011630";"21";"10";"2021";"12:30";"1";"75";"75112";"2";"1";"8";"2";"PORTE DE CHARENTON";"48,8302760000";"2,4020370000"
"202100011631";"20";"10";"2021";"13:35";"1";"75";"75114";"2";"1";"1";"2";"PORTE DE VANVES";"48,8249360000";"2,3034770000"
"202100011632";"20";"10";"2021";"08:30";"1";"75";"75116";"2";"1";"2";"7";"PORTE DAUPHINE";"48,8705970000";"2,2723520000"
"202100011633";"21";"10";"2021";"18:15";"1";"75";"75120";"2";"7";"1";"7";"PLACE DE LA PORTE DE MONTREUIL";"48,8539470000";"2,4130300000"
"202100011634";"22";"10";"2021";"20:00";"5";"75";"75119";"2";"2";"1";"3";"BOULEVARD SERURIER";"48,8894900000";"2,3957920000"
"202100011635";"22";"10";"2021";"14:45";"1";"75";"75119";"2";"5";"1";"3";"AVENUE SECRETAN";"48,8801410000";"2,3756820000"
"202100011636";"22";"10";"2021";"21:00";"5";"75";"75118";"2";"4";"1";"2";"BOULEVARD DE LA CHAPELLE";"48,8843400000";"2,3561390000"
"202100011637";"22";"10";"2021";"11:25";"1";"75";"75116";"2";"2";"1";"3";"AVENUE INGRES";"48,8573430000";"2,2646680000"
"202100011638";"22";"10";"2021";"08:25";"1";"75";"75116";"2";"1";"8";"6";"ROUTE D AUTEUIL AUX LACS";"48,8504200000";"2,2529200000"
"202100011639";"21";"10";"2021";"13:40";"1";"75";"75116";"2";"1";"3";"3";"AVENUE DU PRESIDENT WILSON";"48,8647870000";"2,2959590000"
"202100011640";"22";"10";"2021";"16:00";"1";"75";"75115";"2";"2";"1";"7";"RUE DES VOLONTAIRES";"48,8430630000";"2,3068530000"
"202100011641";"22";"10";"2021";"08:00";"1";"75";"75114";"2";"7";"1";"3";"AVENUE DENFERT ROCHEREAU";"48,8345260000";"2,3326550000"
"202100011642";"22";"10";"2021";"14:10";"1";"75";"75113";"2";"2";"1";"6";"RUE DE PATAY";"48,8255780000";"2,3746150000"
"202100011643";"21";"10";"2021";"09:05";"1";"75";"75113";"2";"2";"1";"6";"BOULEVARD ARAGO";"48,8348150000";"2,3415960000"
"202100011644";"21";"10";"2021";"23:50";"5";"75";"75108";"2";"2";"1";"3";"AVENUE HOCHE";"48,8751990000";"2,2985510000"
"202100011645";"22";"10";"2021";"09:07";"1";"75";"75114";"2";"2";"1";"6";"BOULEVARD DU MONTPARNASSE";"48,8419560000";"2,3295930000"
"202100011646";"22";"10";"2021";"01:00";"5";"75";"75101";"2";"4";"1";"2";"AVENUE DE L OPERA";"48,8673080000";"2,3337080000"
"202100011647";"22";"10";"2021";"21:10";"5";"94";"94074";"2";"1";"1";"2";"Avenue Henri Barbusse";"48,7638100000";"2,4419500000"
"202100011648";"22";"10";"2021";"08:30";"2";"94";"94042";"2";"1";"1";"3";"PIERRE MENDES FRANCE (AV)";"48,8122300000";"2,4590000000"
"202100011649";"22";"10";"2021";"09:30";"1";"94";"94043";"2";"1";"1";"3";"Avenue de Fontainebleau";"48,8089800000";"2,3625800000"
"202100011650";"21";"10";"2021";"23:09";"5";"94";"94076";"2";"1";"1";"3";"Av du President Salvador Allende";"48,7968700000";"2,3502100000"
"202100011651";"22";"10";"2021";"08:50";"1";"94";"94038";"2";"1";"1";"6";"Rue de la Cosarde";"48,7779300000";"2,3332900000"
"202100011652";"22";"10";"2021";"18:35";"5";"94";"94028";"2";"9";"1";"4";"Route de Choisy";"48,7752300000";"2,4401200000"
"202100011653";"8";"10";"2021";"13:30";"1";"94";"94011";"2";"9";"1";"3";"Avenue de Choisy";"48,7712200000";"2,4774400000"
"202100011654";"22";"10";"2021";"09:25";"1";"94";"94028";"2";"1";"1";"6";"VERDUN.(AVENUE DE)";"48,7960900000";"2,4634600000"
"202100011655";"22";"10";"2021";"08:55";"1";"94";"94028";"2";"1";"1";"2";"PARIS.(RUE DE)";"48,7952400000";"2,4590800000"
"202100011656";"22";"10";"2021";"11:14";"1";"94";"94001";"2";"1";"1";"1";"MARECHAL FOCH (R)";"48,7244600000";"2,4188300000"
"202100011657";"22";"10";"2021";"09:00";"1";"94";"94077";"2";"1";"1";"6";"PAUL DOUMER (AV)";"48,7361860000";"2,4241032000"
"202100011658";"22";"10";"2021";"19:30";"5";"94";"94059";"2";"3";"1";"3";"Avenue AndrÃ© Rouy";"48,8193400000";"2,5579500000"
"202100011659";"20";"10";"2021";"21:00";"3";"94";"94060";"2";"1";"1";"2";"Rue du GÃ©nÃ©ral de Gaulle";"48,7809360000";"2,5730740000"
"202100011660";"22";"10";"2021";"08:30";"1";"94";"94017";"2";"1";"1";"3";"ALBERT THOMAS (R)";"48,8145000000";"2,5117000000"
"202100011661";"21";"10";"2021";"07:45";"5";"94";"94017";"2";"1";"6";"3";"Rue Jean JaurÃ¨s";"48,8152300000";"2,5072000000"
"202100011662";"22";"10";"2021";"12:45";"1";"94";"94002";"2";"2";"1";"5";"CARNOT (BD)";"48,7957200000";"2,4251500000"
"202100011663";"22";"10";"2021";"08:00";"2";"94";"94002";"2";"1";"1";"3";"Quai de la RÃ©volution";"48,7790600000";"2,4176000000"
"202100011664";"21";"10";"2021";"21:40";"3";"77";"77294";"1";"9";"1";"3";"CHAPIT RE ( RUE DU)";"48,9912200000";"2,5997300000"
"202100011665";"22";"10";"2021";"10:00";"1";"93";"93005";"2";"1";"1";"5";"AUGUSTE RENOIR (RUE)";"48,9570177685";"2,4936271327"
"202100011666";"22";"10";"2021";"14:14";"1";"93";"93066";"2";"1";"1";"3";"CROIZAT AMBROISE RD 29 BIS";"48,9295520000";"2,3510740000"
"202100011667";"19";"10";"2021";"08:15";"1";"93";"93066";"2";"3";"2";"3";"COLONEL FABIEN (AVENUE)";"48,9448213773";"2,3535231297"
"202100011668";"22";"10";"2021";"06:00";"5";"93";"93050";"2";"2";"1";"3";"GENERAL DE GAULLE (AVENUE)";"48,8582759720";"2,5344776362"
"202100011669";"22";"10";"2021";"08:25";"1";"93";"93046";"2";"3";"1";"3";"SULLY AVENUE";"48,9179000000";"2,5270900000"
"202100011670";"22";"10";"2021";"07:28";"5";"93";"93006";"2";"1";"1";"6";"PASTEUR AV.";"48,8760000000";"2,4190000000"
"202100011671";"21";"10";"2021";"23:30";"5";"93";"93029";"2";"3";"8";"2";"MARCEAU (AVENUE) NÂ° 29-FIN";"48,9289117254";"2,4346947670"
"202100011672";"22";"10";"2021";"19:37";"5";"93";"93010";"2";"2";"8";"6";"PONT (CHEM. DU)";"48,9071717561";"2,4888619309"
"202100011673";"22";"10";"2021";"16:50";"1";"93";"93008";"2";"1";"1";"2";"Av du President Salvador Allende";"48,9045910000";"2,4444570000"
"202100011674";"21";"10";"2021";"22:35";"5";"93";"93007";"2";"1";"1";"6";"GAMBETTA (AVENUE)";"48,9358942391";"2,4789458513"
"202100011675";"21";"10";"2021";"21:30";"5";"93";"93001";"2";"9";"1";"1";"JEAN JAURES  (AVE)  157 A 213";"48,9113400000";"2,4003200000"
"202100011676";"22";"10";"2021";"08:55";"1";"92";"92078";"2";"1";"1";"7";"GEORGES POMPIDOU (AVENUE)";"48,9413101466";"2,3267760873"
"202100011677";"22";"10";"2021";"10:14";"1";"92";"92073";"2";"1";"1";"6";"SELLIER (BOULEVARD HENRI)";"48,8644830000";"2,2189070000"
"202100011678";"21";"10";"2021";"10:35";"1";"92";"92051";"2";"9";"1";"3";"HOTEL DE VILLE (RUE DE L', NÂ° 1 A 19)";"48,8838295876";"2,2685533762"
"202100011679";"17";"09";"2021";"02:25";"5";"92";"92040";"2";"1";"1";"7";"PDT ROOSEVELT (QUAI DU)";"48,8313100000";"2,2620200000"
"202100011680";"22";"10";"2021";"15:50";"1";"92";"92025";"2";"3";"1";"6";"PAUL BERT (RUE)";"48,9286710000";"2,2466280000"
"202100011681";"22";"10";"2021";"17:40";"1";"92";"92024";"2";"1";"8";"6";"VILLENEUVE (RUE) DE (1 A 45)   (2 A 44)";"48,9032674396";"2,3052620888"
"202100011682";"22";"10";"2021";"17:40";"1";"92";"92012";"2";"1";"1";"6";"VICTOR GRIFFUELHES (RUE) - COTE IMPAIR";"48,8313093574";"2,2423078954"
"202100011683";"22";"10";"2021";"17:50";"1";"37";"37077";"1";"4";"1";"3";"Chanderry";"47,3670243212";"0,4176179320"
"202100011684";"22";"10";"2021";"23:00";"5";"06";"06044";"2";"1";"1";"1";"409 Route du Pont de Pierre";"43,6843470000";"7,0942890000"
"202100011685";"23";"10";"2021";"05:20";"3";"71";"71105";"1";"1";"1";"5";"a6 pk 387+600 sens lyon/paris";"46,3169990000";"4,7981720000"
"202100011686";"23";"10";"2021";"02:15";"3";"63";"63090";"2";"1";"1";"6";"Route du ChÃ¢teau";"46,0300000000";"3,1848550000"
"202100011687";"23";"10";"2021";"04:05";"3";"71";"71204";"1";"1";"1";"6";"A6";"46,8508880000";"4,8277190000"
"202100011688";"23";"10";"2021";"17:15";"1";"83";"83100";"1";"2";"1";"3";"D97";"43,2866600000";"6,1399570000"
"202100011689";"21";"10";"2021";"07:55";"2";"30";"30060";"2";"6";"1";"6";"RD 42";"43,7900580000";"4,3871770000"
"202100011690";"23";"10";"2021";"07:30";"2";"62";"62353";"1";"1";"1";"1";"D930";"50,1110940000";"2,8916250000"
"202100011691";"23";"10";"2021";"16:20";"1";"74";"74183";"1";"1";"1";"7";"D907";"46,1295830000";"6,5073180000"
"202100011692";"23";"10";"2021";"00:40";"5";"74";"74311";"2";"1";"1";"6";"1403 Avenue de Savoie";"46,1509660000";"6,4109300000"
"202100011693";"22";"10";"2021";"15:45";"1";"2A";"2A139";"2";"1";"1";"7";"D668";"41,6555990000";"9,3207190000"
"202100011694";"23";"10";"2021";"14:45";"1";"82";"82064";"1";"1";"1";"3";"D77";"43,8084220000";"1,0328380000"
"202100011695";"21";"10";"2021";"13:30";"1";"32";"32290";"1";"1";"8";"7";"route dÃ©partementale D113";"43,9491650000";"0,2142980000"
"202100011696";"22";"10";"2021";"23:50";"3";"89";"89133";"1";"1";"1";"7";"Hameau d Arblay";"47,9783110000";"3,1422090000"
"202100011697";"22";"10";"2021";"18:45";"1";"12";"12185";"1";"1";"1";"1";"D911";"44,2736680000";"2,7272270000"