"Num_Acc";"jour";"mois";"an";"hrmn";"lum";"dep";"com";"agg";"int";"atm";"col";"adr";"lat";"long"
"202100011698";"23";"10";"2021";"17:30";"1";"42";"42177";"2";"1";"7";"6";"Rue de la RÃ©publique";"46,1427210000";"4,1081920000"
"202100011699";"21";"10";"2021";"21:10";"3";"41";"41059";"1";"1";"1";"6";"route de Seur";"47,4967780000";"1,3364910000"
"202100011700";"22";"10";"2021";"16:15";"1";"39";"39211";"1";"1";"1";"3";"N/A";"46,9093030000";"5,4193440000"
"202100011701";"23";"10";"2021";"03:19";"5";"44";"44154";"2";"6";"1";"6";"Avenue du MarÃ©chal Foch";"47,2396690000";" -2,1690570000"
"202100011702";"22";"10";"2021";"07:30";"3";"44";"44061";"1";"1";"1";"1";"RD 723 lieu dit la jutiÃ¨re";"47,2304100000";" -1,9325420000"
"202100011703";"11";"10";"2021";"14:30";"1";"01";"01138";"2";"1";"1";"6";"590 rue du RhÃ´ne";"45,8434500000";"5,7886360000"
"202100011704";"22";"10";"2021";"13:35";"1";"06";"06162";"1";"1";"1";"1";"D43";"44,0770380000";"7,6416560000"
"202100011705";"23";"10";"2021";"09:15";"1";"06";"06038";"1";"1";"1";"3";"Route de Gourdon";"43,6835110000";"6,9732230000"
"202100011706";"22";"10";"2021";"15:00";"1";"06";"06112";"2";"3";"1";"3";"60 Route de Nice";"43,6743810000";"7,0089210000"
"202100011707";"22";"10";"2021";"21:00";"3";"14";"14191";"1";"1";"1";"3";"Route de Caen";"49,3202830000";" -0,4537650000"
"202100011708";"22";"10";"2021";"16:00";"1";"14";"14342";"1";"2";"1";"3";"Rupalley (isigny) (Isigny-sur-Mer)";"49,3028800000";" -1,1124520000"
"202100011709";"23";"10";"2021";"12:15";"1";"07";"07327";"1";"1";"1";"4";"Route d Ales d104";"44,5202310000";"4,3324187000"
"202100011710";"23";"10";"2021";"14:40";"1";"53";"53002";"1";"1";"1";"7";"La Pommeraie";"48,2359500000";" -0,7518770000"
"202100011711";"17";"10";"2021";"17:40";"1";"24";"24326";"1";"3";"1";"1";"pk 23+ 900 rd 706";"44,9878340000";"1,0618790000"
"202100011712";"20";"10";"2021";"08:45";"2";"24";"24064";"2";"3";"1";"1";"Avenue des Martyrs";"45,3676520000";"0,6488480000"
"202100011713";"23";"10";"2021";"18:45";"3";"24";"24115";"1";"1";"1";"6";"D939";"45,2713530000";"0,6720970000"
"202100011714";"17";"10";"2021";"22:55";"3";"37";"37050";"1";"6";"1";"6";"porte de st avertin";"47,3324801243";"0,7465955200"
"202100011715";"22";"10";"2021";"18:20";"2";"30";"30161";"1";"3";"1";"5";"D6110";"44,0246840000";"4,1115470000"
"202100011716";"23";"10";"2021";"17:30";"1";"48";"48072";"1";"1";"1";"7";"D808";"44,5042490000";"3,3404020000"
"202100011717";"23";"10";"2021";"04:25";"4";"52";"52021";"2";"3";"1";"3";"14 grande rue";"48,5252850000";"4,9295060000"
"202100011718";"21";"10";"2021";"10:10";"1";"987";"98715";"2";"1";"1";"2";"RT1 PK 6, face garage MIKLUS";" -17,5845220000";" -149,5685780000"
"202100011719";"22";"10";"2021";"19:30";"3";"973";"97304";"1";"1";"1";"1";"RN1-PK 55+800";"5,1210370000";" -52,7412410000"
"202100011720";"23";"10";"2021";"12:05";"1";"971";"97116";"2";"1";"1";"3";"Boulevard Nelson Mandela";"16,3347810000";" -61,4600300000"
"202100011721";"19";"10";"2021";"18:50";"5";"971";"97128";"2";"1";"1";"1";"Maudette";"16,2257080000";" -61,4096690000"
"202100011722";"22";"10";"2021";"21:30";"3";"28";"28001";"1";"6";"1";"1";"D928";"48,8060440000";"1,4068290000"
"202100011723";"21";"08";"2021";"00:25";"3";"45";"45335";"1";"1";"1";"6";"D14-PR 21 + 280";"47,8050270000";"2,1094610000"
"202100011724";"22";"10";"2021";"11:20";"1";"66";"66037";"2";"3";"1";"6";"Avenue des Floralies";"42,6950060000";"3,0288310000"
"202100011725";"22";"10";"2021";"20:30";"5";"21";"21173";"1";"1";"1";"6";"D 974 ROUTE DE dijon";"47,0632753132";"4,8664610027"
"202100011726";"22";"10";"2021";"19:20";"5";"88";"88367";"2";"3";"1";"1";"Rue Carnot";"48,3440600000";"6,6350880000"
"202100011727";"23";"10";"2021";"17:00";"1";"55";"55069";"1";"1";"7";"3";"D75";"48,8438300000";"4,9907760000"
"202100011728";"23";"10";"2021";"03:15";"5";"03";"03298";"2";"1";"1";"6";"53 Rue Jean JaurÃ¨s";"46,3113120000";"3,4060780000"
"202100011729";"22";"10";"2021";"10:00";"1";"69";"69243";"2";"1";"1";"6";"VOLTAIRE (BD)";"45,8939060000";"4,4358320000"
"202100011730";"20";"10";"2021";"17:30";"1";"69";"69272";"1";"1";"6";"1";"Route Nationale 7";"45,5923520000";"4,8576950000"
"202100011731";"22";"10";"2021";"20:20";"5";"35";"35257";"2";"6";"1";"2";"Rue Joseph Tronchot";"48,4105200000";" -1,3658340000"
"202100011732";"25";"09";"2021";"04:45";"3";"38";"38544";"1";"1";"1";"6";"A7   25.770 A 27.460";"45,5439548581";"4,8425352573"
"202100011733";"22";"10";"2021";"08:00";"2";"33";"33550";"1";"1";"9";"3";"AUTOROUTE A 62";"44,7627800000";" -0,5476300000"
"202100011734";"22";"10";"2021";"07:30";"1";"33";"33487";"1";"1";"1";"5";"AUTOROUTE A 10";"44,9404950000";" -0,4664300000"
"202100011735";"29";"09";"2021";"20:15";"2";"33";"33249";"1";"1";"1";"4";"ROCADE A 630";"44,8792900000";" -0,5337000000"
"202100011736";"20";"10";"2021";"10:20";"1";"59";"59082";"1";"1";"2";"4";"ROUTE NATIONALE 225";"50,9707367371";"2,3949309319"
"202100011737";"4";"10";"2021";"11:50";"1";"59";"59588";"1";"1";"1";"2";"AUTOROUTE A16";"51,0262356046";"2,4222484823"
"202100011738";"22";"10";"2021";"13:35";"1";"91";"91434";"1";"1";"1";"4";"AUTOROUTE A6";"48,6682100000";"2,3545400000"
"202100011739";"22";"10";"2021";"13:35";"1";"91";"91434";"1";"1";"1";"2";"AUTOROUTE A6";"48,6690193032";"2,3516964912"
"202100011740";"22";"10";"2021";"13:35";"1";"91";"91689";"1";"1";"1";"5";"AUTOROUTE A6";"48,7296500000";"2,3147400000"
"202100011741";"22";"10";"2021";"13:30";"1";"77";"77251";"1";"1";"1";"6";"AUTOROUTE A5A";"48,6288700000";"2,5368300000"
"202100011742";"22";"10";"2021";"08:20";"1";"91";"91570";"1";"1";"1";"2";"RN 104";"48,6250300000";"2,3081200000"
"202100011743";"21";"10";"2021";"16:30";"1";"91";"91286";"1";"1";"2";"4";"AUTOROUTE A6";"48,6529700000";"2,3814400000"
"202100011744";"22";"10";"2021";"11:15";"1";"78";"78455";"1";"1";"1";"4";"A13";"48,8605800000";"2,0474000000"
"202100011745";"22";"10";"2021";"08:32";"1";"78";"78206";"1";"1";"1";"4";"A13";"48,9462370000";"1,9478740000"
"202100011746";"21";"10";"2021";"21:45";"3";"78";"78043";"1";"1";"1";"6";"A12 W";"48,8306300000";"2,0822500000"
"202100011747";"21";"10";"2021";"07:50";"1";"78";"78396";"1";"1";"1";"6";"A14";"48,9176770000";"2,1184930000"
"202100011748";"22";"10";"2021";"15:00";"1";"93";"93005";"1";"1";"1";"2";"AUTOROUTE A3";"48,9469503739";"2,4759894608"
"202100011749";"22";"10";"2021";"08:50";"1";"93";"93005";"2";"1";"1";"6";"AUTOROUTE A3";"48,9508885757";"2,4745512892"
"202100011750";"22";"10";"2021";"01:00";"3";"95";"95306";"1";"1";"1";"5";" A15";"48,9953867530";"2,1822940651"
"202100011751";"22";"10";"2021";"06:20";"3";"94";"94017";"1";"1";"1";"3";"A4";"48,8302008945";"2,4957669959"
"202100011752";"21";"10";"2021";"11:20";"1";"69";"69387";"2";"1";"1";"6";"YVES FARGES (BD)";"45,7397800000";"4,8311500000"
"202100011753";"21";"10";"2021";"16:15";"1";"86";"86194";"2";"1";"1";"6";"Rue du Commerce";"46,5661840000";"0,3503890000"
"202100011754";"20";"10";"2021";"17:55";"1";"76";"76351";"2";"1";"1";"6";"FELIX FAURE";"49,5000600000";"0,1006700000"
"202100011755";"18";"10";"2021";"08:20";"1";"77";"77326";"2";"3";"1";"6";"COLLYBIES (RUE DES)";"48,5805326318";"2,5593297202"
"202100011756";"20";"08";"2021";"13:30";"1";"86";"86157";"2";"1";"1";"3";"Route de Beauvoir";"46,5366970000";"0,4257660000"
"202100011757";"21";"08";"2021";"20:15";"1";"86";"86194";"2";"1";"1";"2";"Rue de la Vincenderie";"46,5935390000";"0,3404470000"
"202100011758";"10";"06";"2021";"09:00";"1";"02";"02168";"2";"9";"1";"6";"JULES LEFEBVRE (AVENUE)";"49,0437770000";"3,3990930000"
"202100011759";"15";"04";"2021";"16:45";"1";"02";"02168";"2";"9";"1";"2";"ESSOMES (AVENUE D')";"49,0429080000";"3,3915840000"
"202100011760";"29";"07";"2021";"16:15";"1";"74";"74118";"1";"1";"1";"5";"A40";"46,1809480000";"6,2301980000"
"202100011761";"3";"06";"2021";"17:50";"1";"74";"74042";"1";"1";"1";"6";"route de brizon";"46,0556920000";"6,4424510000"
"202100011762";"20";"10";"2021";"15:15";"1";"976";"97611";"2";"1";"1";"6";"kaweni-Kaweni nord ( Z I )";" -12,7586300000";"45,2309600000"
"202100011763";"21";"10";"2021";"18:00";"2";"974";"97416";"1";"1";"1";"3";"RN2 (2)";" -21,3496900000";"55,5039600000"
"202100011764";"21";"10";"2021";"04:20";"3";"974";"97416";"2";"1";"1";"6";"RN1 (ROUTE NATIONALE)";" -21,3288100000";"55,4523500000"
"202100011765";"20";"10";"2021";"15:30";"1";"974";"97411";"1";"1";"1";"4";"JAURES (BOULEVARD JEAN)";" -20,8959200000";"55,4736700000"
"202100011766";"22";"10";"2021";"00:55";"5";"69";"69387";"2";"1";"1";"7";"LECLERC (AV)";"45,7391500000";"4,8259500000"
"202100011767";"21";"10";"2021";"09:00";"1";"69";"69259";"2";"1";"8";"3";"CHAUSSON (R)";"45,7283400000";"4,8543800000"
"202100011768";"21";"10";"2021";"08:10";"1";"972";"97213";"2";"1";"1";"3";"ROUTE NATIONALE 1";"14,6295100000";" -60,9781000000"
"202100011769";"21";"10";"2021";"20:05";"5";"69";"69389";"2";"3";"1";"6";"JOANNES MASSET (AV)";"45,7714468558";"4,7998982595"
"202100011770";"20";"10";"2021";"21:25";"5";"69";"69381";"2";"3";"1";"3";"BAT D'ARGENT (DU) (R)";"45,7662780102";"4,8380666971"
"202100011771";"21";"10";"2021";"08:38";"1";"91";"91103";"1";"1";"1";"5";"RUE DE LA COTE VALORGE";"48,6105940000";"2,2799880000"
"202100011772";"21";"10";"2021";"11:05";"1";"91";"91114";"2";"3";"1";"3";"RUE DU VAL FLEURI";"48,7079400000";"2,5188800000"
"202100011773";"21";"10";"2021";"19:20";"5";"91";"91687";"2";"9";"2";"6";"MARMONT (AVENUE)";"48,6634600000";"2,3752400000"
"202100011774";"14";"09";"2021";"11:45";"1";"91";"91228";"2";"2";"1";"6";"AV DE MOUSSEAU";"48,6306870000";"2,4502340000"
"202100011775";"19";"07";"2021";"07:45";"1";"85";"85194";"1";"1";"7";"1";"RD 80";"46,5282000000";" -1,7525500000"
"202100011776";"21";"10";"2021";"07:10";"3";"84";"84087";"1";"1";"2";"3";"ROUTE DE ROQUEMAURE";"44,1098100000";"4,7923700000"
"202100011777";"21";"10";"2021";"18:25";"2";"83";"83137";"2";"1";"1";"3";"BRIAND (AVE ARISTIDE DE 1 A 1219";"43,1275100000";"5,9051900000"
"202100011778";"21";"10";"2021";"20:21";"5";"81";"81004";"2";"1";"1";"6";"GAMBETTA (AV)";"43,9212200000";"2,1464300000"
"202100011779";"20";"10";"2021";"14:40";"1";"80";"80021";"2";"1";"1";"6";"PARIS (RUE DE)";"49,8838700000";"2,2865000000"
"202100011780";"19";"10";"2021";"16:10";"1";"80";"80021";"2";"1";"1";"5";"CARNOT (BOULEVARD)";"49,8918800000";"2,2882900000"
"202100011781";"19";"10";"2021";"14:45";"1";"80";"80021";"2";"1";"1";"6";"DEJEAN (RUE)";"49,8918700000";"2,3125000000"
"202100011782";"20";"10";"2021";"16:05";"1";"77";"77445";"2";"1";"1";"2";"TRIOLET (RUE ELSA)";"48,6054231015";"2,5763439470"
"202100011783";"21";"10";"2021";"18:50";"2";"77";"77186";"1";"1";"2";"7";"D58";"48,3891200000";"2,7119300000"
"202100011784";"21";"10";"2021";"14:35";"1";"77";"77431";"2";"1";"1";"2";"RUE DE LA DEMI LIEUE";"48,2787980000";"2,6825720000"
"202100011785";"20";"10";"2021";"10:30";"1";"76";"76391";"1";"1";"1";"7";"CD 132";"49,3091043973";"0,9789617483"
"202100011786";"20";"10";"2021";"11:00";"1";"76";"76351";"2";"3";"1";"3";"EDITH PIAF (RUE)";"49,5232000000";"0,1138200000"
"202100011787";"19";"10";"2021";"16:45";"1";"76";"76351";"2";"3";"1";"3";"VERDUN (RUE DE)";"49,5022000000";"0,1846800000"
"202100011788";"20";"10";"2021";"16:20";"1";"76";"76217";"2";"1";"1";"6";"DUMAS (ALEXANDRE)";"49,9258500000";"1,0706000000"
"202100011789";"16";"10";"2021";"05:40";"5";"71";"71076";"2";"2";"1";"6";"SENTIERS (RUE )";"46,7974200000";"4,8550400000"
"202100011790";"21";"10";"2021";"21:30";"5";"69";"69266";"2";"3";"1";"3";"JEAN JAURES (R)";"45,7569100000";"4,8802300000"
"202100011791";"21";"10";"2021";"16:37";"1";"68";"68224";"2";"1";"1";"6";"SINNE (RUE DE LA)";"47,7440000000";"7,3350000000"
"202100011792";"20";"10";"2021";"15:35";"1";"67";"67482";"2";"1";"1";"3";"DANUBE (PONT DU)";"48,5737600000";"7,7710800000"
"202100011793";"21";"10";"2021";"08:15";"1";"66";"66136";"1";"1";"1";"2";"DÃ©partementale  617";"42,7094700000";"2,9146200000"
"202100011794";"20";"10";"2021";"12:45";"1";"66";"66136";"2";"1";"1";"6";"DALBIEZ (AVENUE VICTOR)";"42,6862900000";"2,8819600000"
"202100011795";"21";"10";"2021";"17:08";"1";"65";"65440";"2";"1";"1";"6";"VERDUN (PLACE DE)";"43,2336040000";"0,0743030000"
"202100011796";"21";"10";"2021";"09:55";"1";"64";"64483";"2";"1";"2";"1";"SAINT PEE (VIEILLE ROUTE DE)";"43,3889900000";" -1,6398500000"
"202100011797";"11";"10";"2021";"09:25";"1";"62";"62033";"2";"1";"1";"6";"LILLE (RTE DE)";"50,4631910000";"2,8976700000"
"202100011798";"21";"10";"2021";"20:45";"5";"62";"62193";"2";"1";"8";"3";"VICTOR HUGO (BOULEVARD)";"50,9432000000";"1,8716300000"
"202100011799";"20";"10";"2021";"07:37";"3";"57";"57441";"1";"1";"2";"2";"D 653 ";"49,3870900000";"6,1685500000"
"202100011800";"19";"10";"2021";"14:05";"1";"56";"56083";"2";"1";"1";"1";"LIBERATION ( AV. DE LA )";"47,8042308000";" -3,2689710000"
"202100011801";"20";"10";"2021";"17:30";"1";"50";"50129";"2";"1";"1";"7";"ANCIEN QUAI (RUE DE L')";"49,6376300000";" -1,6241700000"
"202100011802";"19";"10";"2021";"08:45";"1";"49";"49328";"2";"1";"1";"6";"TOURS (ROUTE DE)";"47,2670900000";" -0,0697100000"
"202100011803";"21";"10";"2021";"07:55";"5";"49";"49099";"2";"6";"1";"6";"COUBERTIN (BOULEVARD PIERRE DE)";"47,0501100000";" -0,8723700000"
"202100011804";"20";"10";"2021";"17:45";"1";"49";"49007";"2";"1";"1";"3";"RECOUVREUR";"47,4534500000";" -0,5577900000"
"202100011805";"20";"10";"2021";"14:34";"1";"49";"49007";"2";"1";"1";"2";"PATTON AVENUE";"47,4735500000";" -0,5856900000"
"202100011806";"20";"10";"2021";"09:02";"1";"49";"49007";"2";"1";"2";"7";"MILLOT BOULEVARD JACQUES";"47,4542100000";" -0,5341200000"
"202100011807";"19";"10";"2021";"18:27";"1";"49";"49007";"2";"1";"1";"7";"ROE";"47,4739300000";" -0,5544200000"
"202100011808";"21";"10";"2021";"17:55";"1";"45";"45234";"2";"1";"1";"3";"Rue du Faubourg Madeleine";"47,8996259281";"1,8790376186"
"202100011809";"21";"10";"2021";"12:45";"1";"45";"45234";"2";"2";"1";"1";"Rue Eugene Vignat";"47,9128800000";"1,9124900000"
"202100011810";"20";"10";"2021";"21:50";"3";"44";"44184";"1";"6";"3";"6";"RD 492 DU PONT BD HÃPITAL A ÃCHANGEUR CR";"47,2858200000";" -2,2500320000"
"202100011811";"21";"10";"2021";"20:59";"5";"44";"44109";"2";"1";"1";"6";"RUE GUILLAUME GROOTAERS";"47,2377800000";" -1,5859700000"
"202100011812";"21";"10";"2021";"20:09";"5";"44";"44109";"2";"1";"2";"6";"BOULEVARD ROBERT SCHUMAN";"47,2450600000";" -1,5759800000"
"202100011813";"21";"10";"2021";"15:45";"1";"44";"44109";"2";"6";"1";"3";"PAINLEVE ( RUE PAUL )";"47,2258760000";" -1,5707170000"
"202100011814";"16";"10";"2021";"14:00";"1";"42";"42218";"2";"1";"1";"1";"Rue Pierre Blachon";"45,4278300000";"4,4064600000"
"202100011815";"21";"10";"2021";"20:05";"5";"37";"37233";"2";"1";"1";"6";"JEAN MOULIN (RUE)";"47,3897708163";"0,7261218816"
"202100011816";"21";"10";"2021";"11:15";"1";"37";"37233";"2";"9";"1";"6";"LEMARCHAND (RUE EDOUARD)";"47,3899833909";"0,7172194947"
"202100011817";"20";"10";"2021";"09:30";"1";"37";"37214";"2";"1";"8";"6";"VOISIN (BOULEVARD ANDRE-GEORGES)";"47,4291034026";"0,6630527973"
"202100011818";"21";"10";"2021";"16:40";"1";"35";"35238";"2";"1";"8";"6";"CHATEAU (AVENUE FRANCOIS)";"48,1110900000";" -1,6491400000"
"202100011819";"21";"10";"2021";"09:45";"1";"35";"35238";"2";"1";"1";"6";"YSER (BD DE L')";"48,0908100000";" -1,6806100000"
"202100011820";"21";"10";"2021";"08:30";"1";"35";"35238";"1";"9";"1";"2";"RN136";"48,1108200000";" -1,7180700000"
"202100011821";"21";"10";"2021";"06:45";"5";"35";"35238";"2";"1";"1";"6";"VILLEBOIS MAREUIL (BD)";"48,1053000000";" -1,6506200000"
"202100011822";"21";"10";"2021";"20:00";"5";"35";"35115";"2";"1";"1";"6";"FRESNEL (RUE AUGUSTIN)";"48,3500350000";" -1,1813370000"
"202100011823";"20";"10";"2021";"15:55";"1";"31";"31149";"2";"2";"1";"2";"D980";"43,5969200000";"1,3637900000"
"202100011824";"21";"10";"2021";"08:00";"5";"28";"28085";"2";"1";"1";"3";"ORLEANS (AVENUE D')";"48,4292000000";"1,5133100000"
"202100011825";"20";"10";"2021";"14:45";"1";"22";"22113";"2";"1";"1";"7";"TREBEURDEN (ROUTE DE)";"48,7506965216";" -3,4922704695"
"202100011826";"21";"10";"2021";"00:50";"3";"15";"15014";"1";"1";"3";"6";"lieu dit Toulousette";"44,9376690000";"2,4265840000"
"202100011827";"21";"10";"2021";"20:10";"5";"13";"13209";"2";"1";"1";"3";"MARÃCHAL DE LATTRE (AVENUE)";"43,2461395339";"5,4175267586"
"202100011828";"21";"10";"2021";"18:15";"5";"13";"13215";"2";"9";"1";"3";"LE CHATELIER";"43,3470325770";"5,3679226097"
"202100011829";"21";"10";"2021";"16:40";"1";"13";"13211";"2";"9";"1";"3";"SAINT MENET (AVENUE DE)";"43,2869501681";"5,5142033100"
"202100011830";"21";"10";"2021";"08:30";"1";"13";"13210";"2";"1";"2";"6";"ROMAIN ROLLAND (BOULEVARD)";"43,2748685995";"5,4156565539"
"202100011831";"20";"10";"2021";"12:15";"1";"13";"13205";"2";"1";"1";"6";"CAMAS (RUE DU)";"43,2984200000";"5,3924300000"
"202100011832";"20";"10";"2021";"18:25";"2";"13";"13047";"2";"1";"1";"2";"SAINT PIERRE CHEMIN DE";"43,4927500000";"4,9998400000"
"202100011833";"20";"10";"2021";"18:20";"1";"13";"13005";"2";"2";"1";"2";"NAPOLLON (ROUTE DE)";"43,3164037751";"5,5869655204"
"202100011834";"21";"10";"2021";"17:35";"1";"10";"10387";"2";"2";"2";"3";"SOMME (RUE DE LA)";"48,2800400000";"4,0772800000"
"202100011835";"21";"10";"2021";"09:08";"1";"10";"10387";"2";"1";"7";"4";"MAROTS (RUE DES)";"48,3054300000";"4,0517900000"
"202100011836";"20";"10";"2021";"12:15";"1";"10";"10362";"2";"1";"1";"3";"GENERAL GALLIENI (RUE DU)";"48,2937100000";"4,0535700000"
"202100011837";"22";"10";"2021";"01:00";"5";"06";"06083";"2";"6";"1";"6";"ST ROCH (PLACE)";"43,7744200000";"7,5012600000"
"202100011838";"21";"10";"2021";"19:10";"5";"75";"75120";"2";"1";"1";"4";"PORTE DE MONTREUIL";"48,8518140000";"2,4152150000"
"202100011839";"19";"10";"2021";"18:15";"1";"75";"75112";"2";"4";"1";"3";"BOULEVARD PERIPHERIQUE";"48,8301310000";"2,4021310000"
"202100011840";"21";"10";"2021";"14:22";"1";"75";"75119";"2";"1";"3";"6";"BOULEVARD DE LA VILLETTE";"48,8843950000";"2,3660900000"
"202100011841";"21";"10";"2021";"03:01";"5";"75";"75106";"2";"7";"6";"1";"RUE DE RENNES";"48,8442150000";"2,3242330000"
"202100011842";"21";"10";"2021";"12:08";"1";"75";"75120";"2";"1";"1";"6";"RUE DE BELLEVILLE";"48,8726750000";"2,3790980000"
"202100011843";"21";"10";"2021";"10:50";"1";"75";"75120";"2";"1";"1";"5";"RUE D AVRON";"48,8521460000";"2,4030150000"
"202100011844";"20";"10";"2021";"08:30";"1";"75";"75120";"2";"2";"2";"3";"AVENUE GAMBETTA";"48,8647780000";"2,3957450000"
"202100011845";"21";"10";"2021";"15:00";"1";"75";"75118";"2";"1";"3";"6";"BOULEVARD DE CLICHY";"48,8831820000";"2,3350580000"
"202100011846";"21";"10";"2021";"10:45";"1";"75";"75118";"2";"2";"1";"3";"BOULEVARD BARBES";"48,8838300000";"2,3494690000"
"202100011847";"15";"10";"2021";"19:45";"5";"75";"75117";"2";"4";"1";"7";"PORTE D ASNIERES";"48,8932200000";"2,3030360000"
"202100011848";"21";"10";"2021";"07:40";"5";"75";"75117";"2";"7";"1";"6";"AVENUE DES TERNES";"48,8792980000";"2,2914510000"
"202100011849";"21";"10";"2021";"18:25";"1";"75";"75115";"2";"4";"1";"6";"RUE DE VAUGIRARD";"48,8339030000";"2,2901310000"
"202100011850";"21";"10";"2021";"00:01";"5";"75";"75114";"2";"2";"6";"7";"RUE EMILE FAGUET";"48,8221670000";"2,3303680000"
"202100011851";"20";"10";"2021";"22:00";"5";"75";"75114";"2";"2";"1";"6";"RUE FROIDEVAUX";"48,8360170000";"2,3276420000"
"202100011852";"21";"10";"2021";"15:00";"1";"75";"75113";"2";"3";"3";"3";"AVENUE DE LA PORTE DE VITRY";"48,8228720000";"2,3777550000"
"202100011853";"21";"10";"2021";"09:47";"1";"75";"75112";"2";"2";"1";"6";"BOULEVARD DE PICPUS";"48,8480560000";"2,3991160000"
"202100011854";"21";"10";"2021";"04:08";"5";"75";"75111";"2";"7";"6";"1";"PLACE DE LA BASTILLE";"48,8535315274";"2,3693400621"
"202100011855";"21";"10";"2021";"19:15";"5";"75";"75110";"2";"2";"1";"6";"BOULEVARD DE STRASBOURG";"48,8722230000";"2,3558730000"
"202100011856";"21";"10";"2021";"14:30";"1";"75";"75110";"2";"3";"3";"2";"RUE LA FAYETTE";"48,8797530000";"2,3587410000"
"202100011857";"21";"10";"2021";"14:15";"1";"75";"75103";"2";"2";"3";"3";"RUE DES FONTAINES DU TEMPLE";"48,8659030000";"2,3581330000"
"202100011858";"20";"10";"2021";"17:30";"1";"94";"94078";"2";"9";"1";"1";"Rue Saint-ExupÃ©ry";"48,7540400000";"2,4487100000"
"202100011859";"20";"10";"2021";"12:50";"1";"94";"94042";"2";"3";"1";"3";"Avenue Joyeuse";"48,8178600000";"2,4759300000"
"202100011860";"20";"10";"2021";"23:25";"5";"94";"94037";"2";"1";"2";"3";"PAUL VAILLANT COUTURIER (AV)";"48,8165200000";"2,3380000000"
"202100011861";"21";"10";"2021";"14:54";"1";"94";"94018";"2";"3";"3";"1";"BERCY (QU DE)";"48,8216300000";"2,3994700000"
"202100011862";"21";"10";"2021";"15:15";"1";"94";"94017";"2";"1";"2";"3";"Rue EugÃ©ne Varlin";"48,8260500000";"2,5212200000"
"202100011863";"21";"10";"2021";"16:30";"1";"94";"94004";"2";"1";"3";"4";"Allee des F F I";"48,7555900000";"2,5072500000"
"202100011864";"20";"10";"2021";"19:30";"5";"94";"94075";"2";"3";"1";"3";"Avenue du Mal de Lattre de Tassigny";"48,7274570000";"2,5311260000"
"202100011865";"21";"10";"2021";"13:30";"1";"93";"93070";"2";"1";"3";"3";"Avenue Michelet";"48,9025000000";"2,3438700000"
"202100011866";"21";"10";"2021";"08:19";"1";"93";"93070";"2";"9";"8";"2";"SEINE (QUAI DE)";"48,9150300000";"2,3207900000"
"202100011867";"21";"10";"2021";"08:40";"1";"93";"93064";"2";"1";"1";"2";"JAURES (AVENUE JEAN)";"48,8634150000";"2,4885790000"
"202100011868";"21";"10";"2021";"14:50";"1";"93";"93077";"2";"2";"3";"6";"POUSSIN (RUE)";"48,8861700000";"2,5069800000"
"202100011869";"21";"10";"2021";"15:51";"1";"93";"93048";"2";"9";"2";"6";"PARIS (RUE DE)";"48,8574493559";"2,4324417114"
"202100011870";"21";"10";"2021";"14:25";"1";"93";"93046";"2";"2";"3";"5";"ROBERT SCHUMANN BOULEVARD";"48,9281600000";"2,5494700000"
"202100011871";"21";"10";"2021";"20:05";"5";"93";"93079";"2";"3";"2";"6";"UNIVERSITE";"48,9596600000";"2,3426100000"
"202100011872";"21";"10";"2021";"08:40";"1";"93";"93031";"2";"1";"1";"7";"SAINT LEU (ROUTE DE) > 159";"48,9564200000";"2,3319900000"
"202100011873";"20";"10";"2021";"16:00";"1";"93";"93029";"2";"1";"1";"6";"JEAN JAURES (AVENUE) NÂ°";"48,9218859126";"2,4466942979"
"202100011874";"21";"10";"2021";"19:05";"5";"93";"93014";"2";"1";"8";"6";"POSTES (CHEMIN DES)";"48,9083900000";"2,5359600000"
"202100011875";"21";"10";"2021";"15:40";"1";"93";"93047";"2";"2";"2";"3";"Rue du GÃ©nÃ©ral de Gaulle / Avenue Daniel PerdrigÃ©";"48,8993800000";"2,5595240000"
"202100011876";"21";"10";"2021";"11:50";"1";"93";"93007";"2";"9";"2";"6";"""PAUL VAILLANT COUTURIER (AVENUE """"DU 01";"48,9266853054";"2,4714052052"
"202100011877";"21";"10";"2021";"03:30";"5";"93";"93071";"2";"3";"2";"3";"GENERAL LECLERC (AVENUE DU)";"48,9387800000";"2,5274000000"
"202100011878";"21";"10";"2021";"20:50";"3";"92";"92064";"2";"1";"1";"3";"FRANCIS CHAVETON";"48,8593651999";"2,2099323571"
"202100011879";"21";"10";"2021";"18:20";"2";"92";"92033";"2";"1";"2";"6";"BRETIGNY";"48,8401900000";"2,1755800000"
"202100011880";"21";"10";"2021";"13:55";"1";"92";"92050";"2";"4";"3";"3";"COMMUNE DE PARIS AVENUE DE LA";"48,9081200000";"2,2130100000"
"202100011881";"21";"10";"2021";"19:34";"5";"92";"92024";"2";"1";"1";"6";"JEAN JAURES (BD) DE (111 A 159)";"48,9069763407";"2,3005588353"
"202100011882";"21";"10";"2021";"22:00";"5";"92";"92023";"2";"3";"1";"3";"PIERRE CORBY (AVENUE)";"48,8002498192";"2,2692386806"
"202100011883";"22";"10";"2021";"07:50";"3";"47";"47015";"2";"1";"2";"6";"Faubourg CornÃ©";"44,0617870000";"0,6507790000"
"202100011884";"22";"10";"2021";"16:00";"1";"01";"01235";"1";"1";"1";"1";"D1083";"46,0370460000";"5,0661560000"
"202100011885";"14";"10";"2021";"11:00";"1";"22";"22048";"2";"9";"7";"6";"18 Rue de l Arguenon";"48,4814380000";" -2,1694030000"