"Num_Acc";"jour";"mois";"an";"hrmn";"lum";"dep";"com";"agg";"int";"atm";"col";"adr";"lat";"long"
"202100011886";"22";"10";"2021";"15:40";"1";"43";"43040";"2";"1";"1";"6";"52 Avenue dâAuvergne";"45,3036200000";"3,3782700000"
"202100011887";"22";"10";"2021";"17:12";"1";"28";"28198";"1";"1";"1";"1";"D927";"48,0805380000";"1,4119470000"
"202100011888";"22";"10";"2021";"17:00";"1";"27";"27154";"1";"1";"1";"1";"D833";"48,8874320000";"1,1729350000"
"202100011889";"21";"10";"2021";"09:30";"1";"42";"42199";"2";"1";"1";"6";"9 Rue Pierre Durantet";"46,0324090000";"3,9340980000"
"202100011890";"22";"10";"2021";"08:20";"1";"974";"97414";"2";"1";"1";"6";"194 Route de Cilaos";" -21,2715730000";"55,4398350000"
"202100011891";"21";"10";"2021";"12:55";"1";"974";"97414";"2";"2";"1";"3";"Rue Francois Cudenet";" -21,2936230000";"55,4023840000"
"202100011892";"20";"10";"2021";"23:45";"3";"41";"41223";"1";"9";"6";"6";"autoroute A10 PK 158+830";"47,6172510000";"1,2154590000"
"202100011893";"19";"10";"2021";"07:25";"3";"59";"59371";"2";"1";"2";"3";"Rue du Bas";"50,6186170000";"2,8802210000"
"202100011894";"19";"10";"2021";"09:00";"1";"62";"62770";"2";"3";"2";"2";"rue de guarbecque";"50,6209350000";"2,5187550000"
"202100011895";"20";"10";"2021";"06:03";"3";"51";"51248";"1";"1";"1";"1";"D5";"48,7580323004";"3,9991557353"
"202100011896";"22";"10";"2021";"07:40";"5";"56";"56151";"2";"1";"1";"6";"Rue de la Madeleine";"48,0645940000";" -2,8906270000"
"202100011897";"22";"10";"2021";"05:45";"3";"56";"56226";"1";"1";"2";"1";"Le Bout du Pont -";"47,9617810000";" -2,1490770000"
"202100011898";"21";"10";"2021";"12:15";"1";"76";"76700";"1";"2";"2";"3";"Route du Havre";"49,6788760000";"1,0338040000"
"202100011899";"22";"10";"2021";"10:45";"1";"76";"76675";"1";"1";"1";"1";"Route de Dieppe";"49,5746764911";"1,0496097431"
"202100011900";"21";"10";"2021";"15:00";"1";"2A";"2A001";"1";"1";"2";"3";"RT 22, zone industrielle de Baleon";"41,9600490000";"8,8064650000"
"202100011901";"22";"10";"2021";"09:00";"1";"82";"82038";"1";"1";"5";"6";"D926";"44,2322064814";"1,7677761039"
"202100011902";"21";"10";"2021";"21:50";"3";"41";"41110";"1";"1";"1";"5";"A85 Pk 187+600";"47,3159860000";"1,8066280000"
"202100011903";"15";"10";"2021";"19:35";"3";"65";"65127";"2";"9";"1";"3";"RD 817";"43,1119570000";"0,3551140000"
"202100011904";"19";"10";"2021";"22:00";"3";"32";"32388";"1";"1";"1";"6";"pk 10+100 rd 12";"43,6491730000";"0,8807410000"
"202100011905";"22";"10";"2021";"11:30";"1";"71";"71070";"1";"1";"1";"1";"D977";"46,7113320000";"4,7343780000"
"202100011906";"22";"10";"2021";"08:30";"1";"63";"63306";"1";"1";"8";"2";"Intersection D1/D117";"45,7063970000";"3,2184900000"
"202100011907";"22";"10";"2021";"11:30";"1";"61";"61096";"1";"3";"7";"3";"D916";"48,5276580000";" -0,4082210000"
"202100011908";"24";"09";"2021";"14:10";"1";"49";"49248";"2";"3";"1";"3";"Rue Gustave Lariviere";"47,7112850000";" -0,9878200000"
"202100011909";"20";"10";"2021";"22:10";"3";"49";"49228";"1";"1";"1";"6";"D58";"47,4800880000";" -0,0103000000"
"202100011910";"13";"10";"2021";"11:25";"1";"49";"49323";"2";"1";"1";"6";"La MillardiÃ¨re";"47,5118750000";" -0,4762320000"
"202100011911";"22";"10";"2021";"00:30";"3";"12";"12208";"1";"1";"1";"6";"D993";"43,9763600000";"2,9134370000"
"202100011912";"21";"10";"2021";"19:35";"3";"12";"12161";"1";"1";"1";"6";"Mouret";"44,5309170000";"2,5323700000"
"202100011913";"20";"10";"2021";"12:00";"1";"41";"41073";"1";"1";"2";"6";"D24";"47,9010280000";"1,0388960000"
"202100011914";"22";"10";"2021";"03:08";"3";"44";"44131";"2";"6";"1";"7";"dÃ©partementale 751";"47,1122690000";" -2,0475340000"
"202100011915";"18";"10";"2021";"19:30";"3";"03";"03217";"1";"3";"1";"3";"D33 et D2371";"46,3374320000";"2,6719090000"
"202100011916";"22";"10";"2021";"10:05";"1";"14";"14654";"2";"1";"7";"6";"11 Rue de la Vicomte";"49,0175130000";" -0,0362410000"
"202100011917";"18";"10";"2021";"12:50";"1";"14";"14691";"2";"6";"1";"1";"Rue de la Castine";"49,1110040000";" -0,3059270000"
"202100011918";"22";"10";"2021";"11:15";"1";"14";"14578";"1";"1";"1";"6";"D579";"49,3499000000";"0,1956400000"
"202100011919";"21";"10";"2021";"11:20";"1";"24";"24008";"1";"1";"1";"6";"Lieu Dit les Noches";"45,4122230000";"1,1462420000"
"202100011920";"22";"10";"2021";"08:30";"1";"04";"04158";"1";"1";"1";"1";"RD 11";"43,7101530000";"6,0449050000"
"202100011921";"20";"10";"2021";"15:40";"1";"27";"27316";"1";"1";"1";"6";"Route de Bourg-Achard";"49,3738890000";"0,7464960000"
"202100011922";"28";"09";"2021";"07:50";"2";"76";"76305";"1";"1";"1";"2";"A131";"49,4969880000";"0,2303080000"
"202100011923";"21";"10";"2021";"21:30";"3";"34";"34337";"1";"1";"1";"1";"RD 612 PK 6+400";"43,5407400000";"3,8230920000"
"202100011924";"19";"10";"2021";"16:20";"1";"74";"74067";"1";"1";"1";"3";"route des creuses";"45,8807470000";"6,0296490000"
"202100011925";"20";"10";"2021";"20:25";"5";"33";"33122";"2";"1";"8";"6";"20 Avenue du MarÃ©chal de Lattre de Tassigny";"44,7812780000";" -0,6911010000"
"202100011926";"21";"10";"2021";"18:30";"2";"38";"38289";"1";"1";"1";"7";"Le Boulangeard";"45,1341170000";"6,0514500000"
"202100011927";"22";"10";"2021";"08:45";"2";"37";"37131";"1";"2";"1";"2";"route dÃ©partementale 31";"47,4608195950";"1,0123042777"
"202100011928";"17";"10";"2021";"14:00";"1";"2A";"2A247";"2";"1";"1";"3";"T101";"41,5837750000";"9,2757550000"
"202100011929";"22";"10";"2021";"09:00";"1";"34";"34145";"2";"3";"1";"1";"Avenue de Mauguio";"43,6740600000";"4,1274690000"
"202100011930";"22";"08";"2021";"18:40";"1";"71";"71069";"1";"4";"7";"2";"Route du Moulin Cabot";"46,3338746406";"4,6975119260"
"202100011931";"22";"10";"2021";"11:25";"1";"67";"67137";"2";"3";"1";"3";"Rue de l Industrie";"48,4997160000";"7,6939060000"
"202100011932";"22";"10";"2021";"01:44";"5";"42";"42005";"2";"6";"1";"6";"Rue de la Baume";"45,5291436103";"4,2571227778"
"202100011933";"22";"10";"2021";"15:20";"1";"38";"38455";"2";"1";"1";"6";"2840 Route du Bugey";"45,6444000000";"5,2998450000"
"202100011934";"30";"09";"2021";"14:40";"1";"69";"69055";"2";"1";"1";"6";"RD306";"45,8902060000";"4,7427250000"
"202100011935";"22";"10";"2021";"07:50";"2";"79";"79270";"2";"1";"1";"7";"Avenue de Blossac";"46,4157680000";" -0,1983920000"
"202100011936";"20";"10";"2021";"07:50";"2";"60";"60383";"1";"3";"2";"5";"D15";"49,5188444773";"2,7986168860"
"202100011937";"21";"10";"2021";"18:45";"2";"60";"60518";"1";"2";"1";"3";"D151";"49,5743166465";"2,1829190095"
"202100011938";"21";"10";"2021";"09:10";"1";"13";"13215";"1";"1";"3";"2";"A7-Sens Lyon vers Marseille";"43,3771000000";"5,3582000000"
"202100011939";"21";"10";"2021";"09:54";"1";"13";"13085";"1";"1";"2";"6";"A50-Sens Toulon vers Aubagne";"43,2515200000";"5,5958200000"
"202100011940";"21";"10";"2021";"08:08";"1";"13";"13015";"1";"1";"3";"2";"A51-Sens Marseille vers Aix en Provence";"43,4345700000";"5,3955600000"
"202100011941";"20";"10";"2021";"18:30";"1";"69";"69287";"1";"1";"1";"6";"A43   9.894 A 13.029";"45,6828357277";"5,0114822388"
"202100011942";"17";"10";"2021";"16:40";"1";"69";"69382";"1";"1";"1";"5";"M7";"45,7434900000";"4,8265200000"
"202100011943";"19";"10";"2021";"19:15";"3";"59";"59160";"1";"1";"1";"4";"AUTOROUTE A2";"50,4268911260";"3,6435073614"
"202100011944";"21";"10";"2021";"18:45";"2";"91";"91689";"1";"1";"1";"2";"AUTOROUTE A6";"48,7286300000";"2,3140600000"
"202100011945";"21";"10";"2021";"16:50";"1";"94";"94034";"1";"1";"1";"3";"AUTOROUTE A86";"48,7584900000";"2,3260000000"
"202100011946";"21";"10";"2021";"11:55";"1";"91";"91689";"1";"1";"1";"3";"AUTOROUTE A6";"48,7383710000";"2,3179500000"
"202100011947";"20";"10";"2021";"19:54";"5";"94";"94034";"1";"1";"1";"2";"AUTOROUTE A86";"48,7584500000";"2,3266900000"
"202100011948";"21";"10";"2021";"19:00";"2";"93";"93048";"1";"1";"1";"3";"AUTOROUTE A86";"48,8654400000";"2,4819300000"
"202100011949";"21";"10";"2021";"18:25";"3";"95";"95582";"1";"1";"8";"6";" A15";"48,9633926985";"2,2643570740"
"202100011950";"21";"10";"2021";"16:50";"1";"93";"93027";"1";"1";"8";"6";"AUTOROUTE A86";"48,9284800000";"2,4126300000"
"202100011951";"21";"10";"2021";"13:18";"1";"93";"93008";"1";"1";"2";"2";"AUTOROUTE A86";"48,9116100000";"2,4396570000"
"202100011952";"20";"10";"2021";"17:36";"1";"93";"93005";"1";"1";"1";"3";"AUTOROUTE A3";"48,9461600000";"2,4762200000"
"202100011953";"21";"10";"2021";"17:40";"1";"75";"75112";"1";"1";"8";"2";"A4";"48,8193498912";"2,4587810040"
"202100011954";"21";"10";"2021";"10:00";"1";"94";"94022";"1";"1";"1";"4";"A86 INT";"48,7767878581";"2,4174608997"
"202100011955";"20";"10";"2021";"08:25";"1";"93";"93051";"1";"1";"1";"3";"A4";"48,8361500000";"2,5555400000"
"202100011956";"4";"06";"2021";"17:50";"1";"48";"48095";"1";"1";"2";"6";"N/A";"44,5087540000";"3,5159730000"
"202100011957";"9";"06";"2021";"09:40";"1";"45";"45234";"2";"6";"1";"3";"Rue Chateaubriand";"47,8238500000";"1,9330300000"
"202100011958";"15";"05";"2021";"18:45";"2";"48";"48095";"1";"1";"1";"6";"N/A";"44,5116000000";"3,5179000000"
"202100011959";"19";"10";"2021";"16:45";"1";"47";"47201";"2";"1";"1";"2";"BEME (AVENUE PAUL)";"44,1910500000";"0,5989000000"
"202100011960";"19";"08";"2021";"16:45";"1";"69";"69112";"1";"1";"1";"2";"A89";"45,8369630556";"4,6830710801"
"202100011961";"21";"07";"2021";"19:40";"1";"74";"74220";"2";"1";"1";"3";"75 R Saint Ange";"46,1381100000";"6,2712190000"
"202100011962";"30";"07";"2021";"02:50";"3";"74";"74201";"1";"1";"1";"6";"Che des Fillinges";"46,1054270000";"6,0957920000"
"202100011963";"29";"07";"2021";"11:10";"1";"74";"74080";"1";"1";"1";"5";"Rte du Col des Aravis";"45,8751870000";"6,4541780000"
"202100011964";"20";"10";"2021";"14:40";"1";"974";"97416";"2";"1";"1";"2";"LIGNE PARADIS(ROUTE DE LA)";" -21,3237200000";"55,4858800000"
"202100011965";"19";"10";"2021";"22:20";"5";"974";"97411";"2";"1";"1";"2";"JAURES (BOULEVARD JEAN)";" -20,9002980000";"55,4842660000"
"202100011966";"19";"10";"2021";"19:20";"3";"974";"97411";"2";"3";"1";"3";"SOURCE (RUE DE LA)";" -20,8905200000";"55,4480600000"
"202100011967";"20";"10";"2021";"18:20";"5";"973";"97302";"2";"1";"1";"3";"MONTABO (ROUTE DE) 3";"4,9363100000";" -52,2964200000"
"202100011968";"20";"10";"2021";"08:45";"1";"973";"97302";"2";"1";"1";"3";"UNIVERSITE CHICAGO (RUE DE)";"4,9340908883";" -52,2991169393"
"202100011969";"21";"10";"2021";"00:10";"5";"69";"69388";"2";"1";"6";"6";"JEAN XXIII (BD)";"45,7399600000";"4,8742500000"
"202100011970";"20";"10";"2021";"23:00";"5";"69";"69259";"2";"3";"6";"3";"FRERES LANFRANCHI (DES) (R)";"45,7131500000";"4,8767500000"
"202100011971";"20";"10";"2021";"16:50";"1";"69";"69383";"2";"1";"1";"3";"ETIENNE RICHERAND (R)";"45,7575563113";"4,8658047616"
"202100011972";"20";"10";"2021";"17:20";"1";"69";"69383";"2";"2";"6";"3";"FERDINAND BUISSON (R)";"45,7497700000";"4,8897500000"
"202100011973";"20";"10";"2021";"10:45";"1";"69";"69383";"2";"2";"1";"3";"VERLET HANUS (R)";"45,7579600000";"4,8500400000"
"202100011974";"20";"10";"2021";"14:25";"1";"972";"97213";"2";"1";"1";"6";"FOUR A CHAUX (CHEMIN DU)";"14,6126950000";" -61,0028720000"
"202100011975";"20";"10";"2021";"09:10";"1";"2B";"2B033";"2";"1";"1";"1";"ROUTE ROYALE";"42,6794600000";"9,4291900000"
"202100011976";"20";"10";"2021";"14:30";"1";"95";"95268";"2";"1";"8";"1";"RUE EUGENE VARLIN";"48,9638210000";"2,4022770000"
"202100011977";"19";"10";"2021";"19:35";"5";"95";"95680";"2";"1";"1";"6";"ERABLES (AVENUE DES)";"49,0003500000";"2,3945100000"
"202100011978";"14";"10";"2021";"17:30";"1";"95";"95598";"2";"6";"1";"3";"CLOS RENAUD    RUE DU";"48,9902196699";"2,2964751720"
"202100011979";"20";"10";"2021";"18:05";"1";"95";"95018";"2";"1";"1";"3";"ENGHIEN (ROUTE D' )";"48,9565960000";"2,2826480000"
"202100011980";"20";"10";"2021";"21:30";"3";"91";"91687";"2";"6";"1";"6";"ANDRE MALRAUX (AVENUE)";"48,6735180000";"2,3617930000"
"202100011981";"20";"10";"2021";"16:30";"1";"91";"91432";"2";"1";"1";"4";"RD 118";"48,7068128519";"2,3274171352"
"202100011982";"19";"10";"2021";"13:22";"1";"87";"87065";"2";"1";"1";"3";"TOULOUSE (RUE DE)";"45,7982000000";"1,2956400000"
"202100011983";"14";"10";"2021";"12:05";"1";"84";"84087";"2";"1";"1";"3";"FOCH (AVENUE MARECHAL)";"44,1328340000";"4,8138110000"
"202100011984";"17";"10";"2021";"06:00";"4";"30";"30351";"2";"1";"1";"7";"GENERAL LECLERC AVENUE DU";"43,9577000000";"4,7819000000"
"202100011985";"16";"10";"2021";"07:20";"1";"84";"84007";"2";"1";"1";"1";"MORIERES (ROUTE DE) - MONTFAVET";"43,9448900000";"4,8796100000"
"202100011986";"15";"10";"2021";"07:15";"2";"84";"84007";"1";"1";"1";"5";"DOCTEUR PONS (Route touristique)";"43,9589490000";"4,8335400000"
"202100011987";"17";"10";"2021";"00:05";"5";"83";"83137";"2";"3";"1";"3";"PICOT (AVE DU COLONEL)";"43,1270700000";"5,9618300000"
"202100011988";"15";"10";"2021";"22:40";"5";"83";"83069";"2";"2";"1";"6";"EUROPE ( PLACE DE )";"43,1092100000";"6,1245000000"
"202100011989";"20";"10";"2021";"12:50";"1";"83";"83069";"1";"9";"1";"4";"AEROPORT (AVENUE DE L')";"43,0977000000";"6,1343000000"
"202100011990";"19";"10";"2021";"12:39";"1";"83";"83069";"2";"3";"1";"1";"ALMANARRE (ROUTE DE L')";"43,0847911602";"6,1099755764"
"202100011991";"19";"10";"2021";"13:19";"1";"72";"72181";"2";"1";"1";"6";"CHAPALAIN JEAN YVES (BD)";"47,9717000000";"0,2286000000"
"202100011992";"19";"10";"2021";"21:49";"5";"72";"72181";"2";"3";"1";"3";"LIBERATION (AV DE LA) NÂ° IMP 147 ET+";"48,0059888891";"0,1889437436"
"202100011993";"19";"10";"2021";"18:20";"1";"72";"72181";"2";"1";"1";"2";"BOLLEE (AV) NÂ° IMP 201 A 255";"47,9975371112";"0,2254343031"
"202100011994";"19";"10";"2021";"17:35";"1";"72";"72181";"2";"1";"1";"6";"CUGNOT NICOLAS (BD)";"47,9843600000";"0,2224900000"
"202100011995";"20";"10";"2021";"15:50";"1";"71";"71076";"2";"3";"1";"3";"Avenue Edouard Herriot";"46,7969292398";"4,8684360087"
"202100011996";"20";"10";"2021";"21:30";"5";"69";"69290";"2";"3";"6";"3";"INDUSTRIE (DE L') (R)";"45,6879700000";"4,9332600000"
"202100011997";"20";"10";"2021";"08:15";"1";"66";"66136";"1";"1";"1";"4";"R D 900";"42,7086800000";"2,8782100000"
"202100011998";"20";"10";"2021";"07:45";"2";"66";"66136";"1";"3";"1";"3";"D 616";"42,7108300000";"2,8747300000"
"202100011999";"19";"10";"2021";"08:15";"1";"66";"66172";"1";"1";"1";"2";"R D 900";"42,7036200000";"2,8657900000"
"202100012000";"20";"10";"2021";"22:18";"3";"65";"65440";"2";"1";"1";"1";"ALSACE LORRAINE (AVENUE)";"43,2500500000";"0,0722040000"
"202100012001";"20";"10";"2021";"00:30";"5";"65";"65440";"2";"1";"1";"6";"BRIAND (AVENUE ARISTIDE)";"43,2266200000";"0,0678600000"
"202100012002";"20";"10";"2021";"18:40";"1";"64";"64445";"2";"2";"1";"3";"MONTPENSIER";"43,3014100000";" -0,3733800000"
"202100012003";"20";"10";"2021";"14:00";"1";"64";"64335";"2";"6";"7";"3";"SALIE";"43,3361660140";" -0,4343032837"
"202100012004";"20";"10";"2021";"12:50";"1";"64";"64348";"1";"3";"1";"3";"ERCKMAN CHATRIAN";"43,3278100000";" -0,3939200000"
"202100012005";"20";"10";"2021";"08:55";"1";"64";"64445";"1";"3";"1";"3";"DIDIER DAURAT";"43,3258400000";" -0,3795900000"
"202100012006";"19";"10";"2021";"18:15";"1";"64";"64024";"2";"1";"1";"2";"BAB (BOULEVARD DU)";"43,4960000000";" -1,5124400000"
"202100012007";"19";"10";"2021";"17:45";"1";"64";"64102";"2";"9";"1";"2";"SOULT (AVENUE MARECHAL)";"43,4857370000";" -1,4913800000"
"202100012008";"19";"10";"2021";"18:50";"2";"63";"63113";"2";"1";"1";"4";"CRISTAL (AVENUE ERNEST)";"45,7594300000";"3,1431100000"
"202100012009";"19";"10";"2021";"17:15";"2";"63";"63113";"2";"3";"1";"3";"CHATEAU DES VERGNES/ charmes";"45,8076800000";"3,1282900000"
"202100012010";"20";"10";"2021";"19:10";"5";"59";"59599";"2";"1";"1";"2";"GRAMME (CHAUSSEE)";"50,7377800000";"3,1639700000"
"202100012011";"20";"10";"2021";"08:00";"5";"59";"59599";"2";"2";"2";"1";"PARIS (RUE DE)";"50,7200100000";"3,1426800000"
"202100012012";"20";"10";"2021";"10:03";"1";"59";"59512";"2";"1";"2";"6";"METZ (BOULEVARD DE)";"50,7027440000";"3,1821720000"
"202100012013";"20";"10";"2021";"07:30";"5";"59";"59350";"2";"3";"3";"6";"NAPOLEON CHEMIN DU PAVE";"50,6180900000";"3,1093200000"
"202100012014";"19";"10";"2021";"18:15";"1";"59";"59431";"1";"1";"8";"6";"MENEGATTE (RUE DE LA)";"50,6995800000";"2,8102900000"
"202100012015";"15";"10";"2021";"17:23";"1";"57";"57672";"2";"1";"1";"6";"MERLIN (AVENUE) - PAIR";"49,3560800000";"6,1573800000"
"202100012016";"20";"10";"2021";"14:10";"1";"51";"51454";"2";"1";"8";"7";"Avenue de lâEurope";"49,2526900000";"4,0624300000"
"202100012017";"18";"10";"2021";"17:10";"1";"49";"49328";"2";"1";"1";"6";"BALZAC (SQUARE)";"47,2523400000";" -0,0823600000"
"202100012018";"20";"10";"2021";"20:15";"5";"49";"49007";"2";"1";"1";"3";"BOREAU";"47,4771000000";" -0,5442900000"
"202100012019";"19";"10";"2021";"18:35";"1";"47";"47001";"2";"6";"1";"3";"LECLERC (AV. DU GENERAL)";"44,1855000000";"0,6213300000"
"202100012020";"20";"10";"2021";"18:20";"1";"44";"44109";"1";"1";"1";"3";"BOULEVARD DE LA PRAIRIE DE MAUVES";"47,2241600000";" -1,4996200000"
"202100012021";"20";"10";"2021";"07:50";"1";"42";"42187";"2";"3";"1";"3";"Rue de Charlieu";"46,0565975284";"4,0868322518"
"202100012022";"11";"09";"2021";"19:50";"2";"34";"34003";"2";"2";"1";"3";"POUGET";"43,3011500000";"3,4730900000"
"202100012023";"20";"10";"2021";"14:05";"1";"33";"33075";"2";"6";"1";"2";"Rue de DaugÃ¨re";"44,8841400000";" -0,5930900000"
"202100012024";"20";"10";"2021";"14:47";"1";"33";"33069";"2";"2";"1";"3";"Rue MoliÃ¨re";"44,8670951529";" -0,6003963535"
"202100012025";"20";"10";"2021";"09:15";"1";"33";"33200";"2";"6";"1";"3";"Avenue des Satellites";"44,8588900000";" -0,6728900000"
"202100012026";"20";"10";"2021";"15:40";"1";"29";"29232";"2";"1";"2";"1";"Rue Haute";"47,9887300000";" -4,1109600000"
"202100012027";"19";"10";"2021";"09:45";"1";"28";"28134";"2";"1";"8";"1";"POTEZ (RUE HENRY)";"48,7512200000";"1,3507800000"
"202100012028";"20";"10";"2021";"10:45";"1";"27";"27681";"2";"1";"1";"4";"GISORS (ROUTE DE)";"49,1027510200";"1,4856846000"
"202100012029";"21";"10";"2021";"01:25";"5";"17";"17300";"2";"1";"6";"6";"REMPARTS   CHEMIN DES";"46,1658200000";" -1,1539000000"
"202100012030";"20";"10";"2021";"07:19";"1";"13";"13117";"2";"2";"8";"3";"LONDRES (AVENUE DE)";"43,4271800000";"5,2353600000"
"202100012031";"20";"10";"2021";"19:45";"5";"13";"13206";"2";"2";"1";"3";"PRADO (AVENUE DU)";"43,2840400000";"5,3847800000"
"202100012032";"20";"10";"2021";"14:00";"1";"13";"13201";"2";"2";"1";"3";"VILLENEUVE (RUE)";"43,3017500000";"5,3825000000"
"202100012033";"20";"10";"2021";"07:20";"2";"13";"13212";"2";"1";"1";"1";"CAILLOLS (AVENUE DES)";"43,3038524945";"5,4357341007"
"202100012034";"15";"10";"2021";"15:50";"1";"13";"13208";"2";"9";"1";"1";"MICHELET (BOULEVARD)";"43,2617151426";"5,3974283713"
"202100012035";"19";"10";"2021";"14:00";"1";"13";"13203";"2";"2";"1";"3";"ROGER SALENGRO (AVENUE)";"43,3145200000";"5,3705400000"
"202100012036";"19";"10";"2021";"07:35";"5";"11";"11037";"2";"9";"1";"3";"PYRENEES  (AVENUE DES)";"43,2107300000";"2,3999000000"
"202100012037";"20";"10";"2021";"01:03";"5";"06";"06088";"2";"5";"1";"3";"BEAUMONT (RUE)";"43,7029680000";"7,2881330000"
"202100012038";"20";"10";"2021";"16:00";"1";"06";"06029";"2";"1";"1";"1";"MIDI (BOULEVARD DU)";"43,5491600000";"6,9984900000"
"202100012039";"20";"10";"2021";"09:00";"1";"06";"06027";"2";"1";"1";"6";"CITRONNIERS AVENUE DES";"43,6613540000";"7,1655570000"
"202100012040";"19";"10";"2021";"19:40";"5";"75";"75114";"2";"1";"1";"4";"BOULEVARD PERIPHERIQUE";"48,8205620000";"2,3234200000"
"202100012041";"19";"10";"2021";"15:00";"1";"75";"75117";"2";"1";"1";"4";"BOULEVARD PERIPHERIQUE";"48,9006450000";"2,3247300000"
"202100012042";"18";"10";"2021";"21:00";"5";"75";"75106";"2";"3";"3";"2";"BOULEVARD DU MONTPARNASSE";"48,8428210000";"2,3271260000"
"202100012043";"20";"10";"2021";"14:00";"1";"75";"75120";"2";"7";"1";"3";"RUE BELGRAND";"48,8644820000";"2,4083970000"
"202100012044";"20";"10";"2021";"09:30";"1";"75";"75120";"2";"7";"1";"7";"RUE DES PYRENEES";"48,8715290000";"2,3925440000"
"202100012045";"20";"10";"2021";"14:25";"1";"75";"75118";"2";"2";"1";"3";"BOULEVARD NEY";"48,8976790000";"2,3289800000"
"202100012046";"20";"10";"2021";"06:10";"5";"75";"75118";"2";"7";"1";"3";"AVENUE DE LA PORTE D AUBERVILLIERS";"48,9003870000";"2,3703480000"
"202100012047";"20";"10";"2021";"09:45";"1";"75";"75114";"2";"1";"8";"6";"RUE DE LA TOMBE ISSOIRE";"48,8315420000";"2,3350050000"
"202100012048";"20";"10";"2021";"12:40";"1";"75";"75112";"2";"3";"8";"2";"BOULEVARD DE PICPUS";"48,8465200000";"2,4002000000"
"202100012049";"20";"10";"2021";"14:40";"1";"75";"75111";"2";"1";"1";"6";"BOULEVARD RICHARD LENOIR";"48,8628850000";"2,3722400000"
"202100012050";"20";"10";"2021";"20:37";"5";"75";"75108";"2";"2";"8";"6";"AVENUE FRANKLIN D ROOSEVELT";"48,8649210000";"2,3102800000"
"202100012051";"20";"10";"2021";"17:00";"1";"75";"75108";"2";"7";"1";"7";"PLACE DU GENERAL BROCARD";"48,8781000000";"2,3054040000"
"202100012052";"20";"10";"2021";"17:30";"1";"75";"75107";"2";"2";"8";"3";"PONT DES INVALIDES";"48,8626180000";"2,3103870000"
"202100012053";"20";"10";"2021";"14:20";"1";"75";"75101";"2";"1";"1";"3";"RUE SAINT HONORE";"48,8641890000";"2,3334810000"
"202100012054";"19";"10";"2021";"22:30";"5";"94";"94068";"2";"1";"1";"1";"Avenue Foch";"48,7986000000";"2,5011400000"
"202100012055";"19";"10";"2021";"14:45";"1";"94";"94068";"2";"2";"1";"3";"Boulevard de CrÃ©teil";"48,7981100000";"2,4840200000"
"202100012056";"20";"10";"2021";"04:55";"5";"94";"94081";"2";"9";"1";"3";"Avenue Jean JaurÃ¨s";"48,7931700000";"2,3959600000"
"202100012057";"20";"10";"2021";"17:00";"1";"94";"94065";"2";"1";"8";"3";"Avenue des Trois Marches Min";"48,7589560000";"2,3508940000"
"202100012058";"20";"10";"2021";"12:40";"1";"94";"94073";"2";"3";"1";"3";"Avenue de Fontainebleau";"48,7478700000";"2,3693400000"
"202100012059";"19";"10";"2021";"16:40";"1";"94";"94011";"2";"1";"1";"3";"Grande AllÃ©e";"48,7684900000";"2,4942300000"
"202100012060";"20";"10";"2021";"08:45";"2";"94";"94022";"2";"1";"3";"6";"Avenue dâAlfortville";"48,7730300000";"2,4146400000"
"202100012061";"19";"10";"2021";"17:20";"1";"94";"94079";"2";"1";"1";"1";"BRY (RTE DE)";"48,8311000000";"2,5352500000"
"202100012062";"20";"10";"2021";"10:30";"1";"94";"94070";"2";"6";"2";"7";"Route de Paris";"48,7152400000";"2,5747000000"
"202100012063";"20";"10";"2021";"11:25";"1";"94";"94002";"2";"7";"2";"6";"Quai Blanqui";"48,7982000000";"2,4203700000"
"202100012064";"20";"10";"2021";"12:30";"1";"93";"93073";"2";"3";"1";"3";"STATION (AVENUE DE LA)";"48,9564000000";"2,5725100000"
"202100012065";"20";"10";"2021";"09:20";"1";"93";"93066";"2";"1";"1";"6";"LE ROY DES BARRES";"48,9288227963";"2,3669334253"
"202100012066";"19";"10";"2021";"07:30";"5";"93";"93066";"2";"1";"2";"4";"DE PRESSENSE FRANCIS";"48,9212514520";"2,3656922579"
"202100012067";"20";"10";"2021";"07:30";"2";"93";"93079";"2";"1";"1";"1";"RAYMOND BROSSE";"48,9573713266";"2,3487782478"
"202100012068";"20";"10";"2021";"16:30";"1";"93";"93010";"2";"1";"1";"2";"GALLIENI (AV.) DE 1 A 109";"48,9059666531";"2,4805802230"
"202100012069";"19";"10";"2021";"14:45";"1";"93";"93005";"2";"1";"1";"3";"GENERAL LECLERC (PLACE DU)";"48,9275900000";"2,4906200000"
"202100012070";"18";"10";"2021";"12:20";"1";"92";"92072";"2";"1";"1";"7";"TROYON (RUE)";"48,8288300000";"2,2255200000"
"202100012071";"19";"10";"2021";"18:30";"1";"92";"92048";"2";"6";"1";"3";"COLONEL MORAINE (ROUTE DU)";"48,7890421514";"2,2218105197"
"202100012072";"20";"10";"2021";"19:06";"2";"92";"92040";"2";"6";"1";"2";"RESISTANCE (PLACE DE LA)";"48,8217487038";"2,2500032187"
"202100012073";"20";"10";"2021";"09:10";"1";"92";"92035";"2";"1";"2";"7";"GÃ©nÃ©ral de Gaulle  ( avenue du )";"48,9093380830";"2,2551490366"
"202100012074";"20";"10";"2021";"13:30";"1";"92";"92026";"2";"1";"1";"3";"VICTOR HUGO (DE 01 A 45)";"48,8930857085";"2,2553220391"