"Num_Acc";"jour";"mois";"an";"hrmn";"lum";"dep";"com";"agg";"int";"atm";"col";"adr";"lat";"long"
"202100012075";"20";"10";"2021";"07:55";"5";"92";"92026";"2";"1";"1";"6";"AJOUX";"48,9013644757";"2,2744864225"
"202100012076";"18";"10";"2021";"20:45";"3";"92";"92025";"2";"1";"2";"6";"STALINGRAD (AV DE)";"48,9321539904";"2,2662252188"
"202100012077";"18";"10";"2021";"08:38";"1";"92";"92025";"2";"1";"1";"1";"CHARLES DE GAULLE (BD)";"48,9149410000";"2,2285680000"
"202100012078";"20";"10";"2021";"18:48";"5";"92";"92012";"2";"2";"1";"6";"JEAN JAURES (BOULEVARD) 1/61 - COTE IMPA";"48,8450435946";"2,2372211516"
"202100012079";"20";"10";"2021";"19:15";"2";"92";"92004";"2";"1";"1";"2";"AULAGNIER ( QUAI )";"48,9121013473";"2,3017501883"
"202100012080";"21";"10";"2021";"05:30";"2";"976";"97610";"2";"1";"1";"1";"RN 1 LONGONI";" -12,7307880000";"45,1622630000"
"202100012081";"19";"10";"2021";"07:40";"2";"76";"76503";"1";"1";"2";"4";"A151 - PK 01+950 - DIRECTION ROUEN";"49,5183131260";"0,9991996036"
"202100012082";"21";"10";"2021";"12:35";"1";"80";"80546";"1";"1";"2";"3";"D925";"50,1006070000";"1,7256050000"
"202100012083";"21";"10";"2021";"19:15";"5";"81";"81132";"2";"2";"1";"3";"Avenue de Cocagne";"43,6426280000";"2,0489980000"
"202100012084";"21";"10";"2021";"07:45";"4";"35";"35085";"2";"1";"2";"6";"51 Avenue de la Liberation";"48,4135610000";" -1,7368430000"
"202100012085";"21";"10";"2021";"13:30";"1";"26";"26166";"1";"1";"1";"2";"Autoroute A 7";"44,7551440000";"4,7928650000"
"202100012086";"19";"10";"2021";"18:00";"1";"64";"64410";"2";"1";"1";"6";"Avenue Henri IV";"43,3721320000";" -0,6300860000"
"202100012087";"21";"10";"2021";"00:35";"3";"26";"26002";"1";"1";"6";"6";"Creux de la Thine";"45,2504220000";"4,8216790000"
"202100012088";"21";"10";"2021";"11:30";"1";"60";"60176";"2";"1";"1";"7";"Rue Emile Zola";"49,2237950000";"2,8842170000"
"202100012089";"25";"08";"2021";"17:50";"1";"85";"85242";"1";"2";"1";"3";"La Croix Bara";"46,8503300000";" -0,9314900000"
"202100012090";"20";"10";"2021";"12:30";"1";"87";"87191";"2";"3";"1";"3";"Rue Mozart";"45,7767800000";"1,0858870000"
"202100012091";"21";"10";"2021";"00:30";"3";"30";"30331";"1";"1";"1";"6";"Route DÃ©partementale N 6086";"44,1006765437";"4,6045911312"
"202100012092";"18";"10";"2021";"19:50";"3";"59";"59094";"1";"3";"2";"2";"D2";"50,9535317580";"2,2629871219"
"202100012093";"21";"10";"2021";"18:00";"1";"74";"74183";"1";"1";"8";"6";"D907";"46,1110320000";"6,5574380000"
"202100012094";"20";"10";"2021";"16:15";"1";"80";"80180";"1";"2";"2";"3";"Cavillon";"49,9049590000";"2,1010490000"
"202100012095";"21";"10";"2021";"01:00";"3";"63";"63003";"1";"1";"3";"6";"PK4  - D106";"45,5606460000";"3,7547710000"
"202100012096";"21";"10";"2021";"13:35";"1";"44";"44063";"1";"1";"1";"2";"Maupay";"47,0671070000";" -1,2007930000"
"202100012097";"21";"10";"2021";"12:15";"1";"29";"29077";"1";"3";"2";"3";"D10 -  moulin de Kergoniou";"48,6133000000";" -4,4290780000"
"202100012098";"20";"10";"2021";"14:20";"1";"38";"38450";"1";"3";"1";"2";"RD45";"45,2835300000";"5,5332260000"
"202100012099";"20";"10";"2021";"14:30";"1";"09";"09029";"1";"1";"1";"7";"D8f";"42,7776140000";"1,3779260000"
"202100012100";"21";"10";"2021";"17:30";"1";"60";"60471";"2";"6";"7";"6";"Boulevard Carnot";"49,5783908765";"3,0047366023"
"202100012101";"20";"10";"2021";"07:15";"2";"64";"64141";"1";"1";"1";"7";"3171 route de Bordeaux";"43,5466580000";" -0,2917280000"
"202100012102";"26";"08";"2021";"16:30";"1";"85";"85213";"1";"3";"1";"3";"D88/ Rte de l'imbretiÃ¨re";"46,6285750000";" -1,3241100000"
"202100012103";"20";"10";"2021";"20:10";"3";"27";"27052";"1";"1";"1";"1";"D438";"49,2076170000";"0,7450960000"
"202100012104";"21";"10";"2021";"09:40";"1";"28";"28405";"1";"9";"1";"3";"RN 12 intersection RD 311-4";"48,7435260000";"1,2910010000"
"202100012105";"20";"10";"2021";"15:30";"1";"17";"17349";"1";"2";"1";"3";"D114";"46,2612920000";" -0,8647010000"
"202100012106";"21";"10";"2021";"13:30";"1";"49";"49023";"1";"9";"2";"3";"D756";"47,1856290000";" -1,0293890000"
"202100012107";"21";"10";"2021";"12:30";"1";"69";"69244";"2";"1";"2";"1";"CHARLES DE GAULLE (AV)";"45,7509730000";"4,7664250000"
"202100012108";"21";"10";"2021";"07:10";"4";"44";"44180";"1";"1";"8";"1";"Lieu dit MondÃ©sir, Le Pin , D163 PR 007.200";"47,5262260000";" -1,1727910000"
"202100012109";"20";"10";"2021";"14:40";"1";"06";"06088";"1";"1";"1";"6";"Autoroute A8 chaussÃ©e Nord PK 190.099";"43,7136430000";"7,2135540000"
"202100012110";"20";"10";"2021";"22:07";"3";"11";"11262";"1";"1";"1";"5";"A9";"43,1776360000";"3,0370810000"
"202100012111";"21";"10";"2021";"08:55";"1";"74";"74118";"1";"1";"8";"3";"A40";"46,1832700000";"6,2241730000"
"202100012112";"20";"10";"2021";"21:30";"3";"60";"60100";"1";"1";"6";"6";"A1";"49,2538158341";"2,6825318783"
"202100012113";"20";"10";"2021";"17:15";"1";"45";"45085";"1";"1";"2";"6";"Faubourg de Montargis";"47,8289990000";"2,8446560000"
"202100012114";"21";"10";"2021";"12:05";"1";"2B";"2B265";"1";"1";"1";"1";"D82";"42,5979413679";"9,4071683570"
"202100012115";"21";"10";"2021";"19:50";"3";"34";"34227";"1";"1";"1";"1";"D610";"43,7087570000";"4,0271330000"
"202100012116";"20";"10";"2021";"15:15";"1";"13";"13082";"2";"1";"1";"2";"D543";"43,6595830000";"5,3538720000"
"202100012117";"20";"10";"2021";"13:50";"1";"70";"70310";"2";"1";"1";"6";"44 Avenue de la RÃ©publique";"47,6857100000";"6,4951500000"
"202100012118";"20";"10";"2021";"13:10";"1";"89";"89085";"1";"2";"1";"3";"Rue Paul Bert";"47,9544410000";"3,4935740000"
"202100012119";"20";"10";"2021";"17:10";"1";"68";"68292";"2";"1";"1";"6";"12 Rue Rene Biery";"47,8709070000";"7,0368030000"
"202100012120";"20";"10";"2021";"12:11";"1";"67";"67451";"1";"1";"1";"7";"D249";"48,9871300000";"8,0197730000"
"202100012121";"19";"10";"2021";"18:10";"1";"74";"74094";"1";"1";"1";"3";"Route de Taninges";"46,1828240000";"6,2823050000"
"202100012122";"20";"10";"2021";"13:45";"1";"73";"73179";"1";"1";"1";"1";"Route de Montaugier";"45,5880160000";"5,8421250000"
"202100012123";"21";"10";"2021";"13:55";"1";"26";"26313";"1";"3";"1";"2";"Chemin des Grandes Terres";"44,9769800000";"4,9617490000"
"202100012124";"21";"10";"2021";"15:55";"1";"09";"09334";"2";"9";"1";"6";"Lotissement Jean Nayrou (Vicdessos)";"42,7739960000";"1,4852270000"
"202100012125";"19";"10";"2021";"06:10";"3";"86";"86274";"1";"1";"1";"6";"Route de RoiffÃ©";"47,0891670000";"0,0288570000"
"202100012126";"19";"10";"2021";"15:45";"1";"85";"85092";"2";"3";"1";"1";"Rue de Chamiraud";"46,4654060000";" -0,8225050000"
"202100012127";"20";"10";"2021";"13:40";"1";"49";"49020";"1";"1";"6";"4";"D323";"47,4921600000";" -0,6221760000"
"202100012128";"21";"10";"2021";"07:35";"5";"50";"50025";"2";"6";"1";"1";"Rue du Commandant Bindel";"48,6833640000";" -1,3519570000"
"202100012129";"21";"10";"2021";"13:25";"1";"60";"60213";"1";"1";"1";"1";"RN330";"49,1331420000";"2,6917310000"
"202100012130";"20";"10";"2021";"12:50";"1";"02";"02495";"1";"1";"2";"3";"1 Route Nationale";"49,9501190000";"4,0653570000"
"202100012131";"21";"10";"2021";"17:00";"1";"59";"59249";"2";"1";"7";"6";"Rue Jean JaurÃ¨s";"50,0155990000";"4,0484990000"
"202100012132";"21";"10";"2021";"14:10";"1";"59";"59523";"2";"6";"8";"3";"rue de lille";"50,5857640000";"3,1672810000"
"202100012133";"20";"10";"2021";"16:40";"1";"13";"13216";"1";"1";"8";"7";"A55-Sens Martigues vers Marseille";"43,3413500000";"5,3480200000"
"202100012134";"12";"10";"2021";"10:54";"1";"78";"78073";"1";"1";"1";"6";"A12 W";"48,8022600000";"2,0477400000"
"202100012135";"20";"10";"2021";"08:10";"1";"78";"78126";"1";"1";"2";"3";"A13";"48,8385980000";"2,1218170000"
"202100012136";"20";"10";"2021";"07:35";"1";"92";"92050";"1";"1";"1";"3";"A86";"48,9163343351";"2,2210835830"
"202100012137";"20";"10";"2021";"00:50";"3";"78";"78043";"1";"1";"1";"2";"A12 W";"48,8248000000";"2,0743400000"
"202100012138";"20";"10";"2021";"11:45";"1";"93";"93027";"1";"1";"1";"6";"BDL";"48,9268300000";"2,4033600000"
"202100012139";"20";"10";"2021";"09:53";"1";"93";"93066";"1";"1";"2";"3";"AUTOROUTE A1";"48,9199660000";"2,3576640000"
"202100012140";"20";"10";"2021";"13:05";"1";"77";"77438";"1";"1";"1";"3";"A104";"48,8644900000";"2,6689100000"
"202100012141";"20";"10";"2021";"05:30";"2";"94";"94042";"1";"1";"1";"6";"A4";"48,8269200000";"2,4675500000"
"202100012142";"19";"10";"2021";"16:30";"1";"971";"97101";"2";"4";"1";"6";"ROND POINT IGNACE";"16,2429300000";" -61,5306200000"
"202100012143";"18";"10";"2021";"22:50";"5";"93";"93048";"2";"1";"3";"6";"PASTEUR S2  (AVENUE)";"48,8684300000";"2,4335400000"
"202100012144";"18";"10";"2021";"18:25";"5";"75";"75118";"2";"3";"1";"6";"BOULEVARD DE ROCHECHOUART";"48,8825470000";"2,3419120000"
"202100012145";"16";"10";"2021";"17:20";"1";"33";"33529";"2";"3";"1";"3";"AERODROME (AVE DE L')";"44,6042000000";" -1,1240400000"
"202100012146";"16";"10";"2021";"18:00";"1";"60";"60057";"2";"1";"1";"6";"Rue dâAmiens";"49,4432722292";"2,0919374227"
"202100012147";"15";"10";"2021";"08:40";"1";"63";"63103";"2";"1";"1";"6";"EUROPE (AVENUE DE L')";"45,9190500000";"3,0733800000"
"202100012148";"15";"10";"2021";"19:10";"5";"971";"97120";"2";"1";"1";"6";"BD LEGITIMUS";"16,2437100000";" -61,5344500000"
"202100012149";"15";"10";"2021";"15:35";"1";"44";"44109";"2";"1";"1";"6";"RUE DU COUDRAY";"47,2337200000";" -1,5419100000"
"202100012150";"14";"10";"2021";"19:25";"5";"75";"75109";"2";"3";"1";"6";"RUE DE CAUMARTIN";"48,8723100000";"2,3282470000"
"202100012151";"14";"10";"2021";"08:00";"1";"06";"06104";"2";"1";"1";"6";"HUGO (RUE VICTOR)";"43,7658800000";"7,4836450000"
"202100012152";"14";"10";"2021";"19:36";"2";"63";"63113";"2";"3";"1";"6";"TORPILLEUR SIROCCO (RUE DU)";"45,8111600000";"3,1073000000"
"202100012153";"13";"10";"2021";"18:30";"1";"59";"59009";"2";"1";"1";"3";"CIMAISE RUE DE LA";"50,6467700000";"3,1508400000"
"202100012154";"13";"10";"2021";"09:50";"1";"34";"34032";"2";"2";"1";"6";"STRASBOURG (BD DE)";"43,3472400000";"3,2185400000"
"202100012155";"13";"10";"2021";"17:15";"1";"44";"44184";"2";"3";"1";"6";"VILLE HALLUARD (RUE DE LA)";"47,2849600000";" -2,2066700000"
"202100012156";"13";"10";"2021";"07:46";"2";"76";"76351";"2";"1";"1";"6";"PABLO NERUDA (RUE)";"49,5043400000";"0,1543200000"
"202100012157";"13";"10";"2021";"18:05";"2";"92";"92004";"2";"1";"1";"3";"DOCTEUR DERVAUX  ( QUAI DU )";"48,9060219469";"2,2897798011"
"202100012158";"12";"10";"2021";"12:40";"1";"73";"73008";"2";"6";"1";"6";"BURNET CHEMIN DES";"45,6699447760";"5,9115991295"
"202100012159";"7";"10";"2021";"17:50";"1";"74";"74133";"2";"9";"1";"6";"GENOT (RUE DU LIEUTENANT Y.)";"46,1835200000";"6,1967200000"
"202100012160";"18";"05";"2021";"17:41";"1";"36";"36044";"2";"1";"1";"2";"Rue 3e Rgt dâAviation de Chasse";"46,8193000000";"1,7081800000"
"202100012161";"18";"08";"2021";"11:45";"1";"26";"26198";"2";"1";"1";"3";"198 Route de Marseille";"44,5349000000";"4,7460400000"
"202100012162";"12";"06";"2021";"21:40";"1";"02";"02408";"2";"1";"1";"6";"ARDON (RAMPE D')";"49,5598390000";"3,6272790000"
"202100012163";"28";"07";"2021";"13:35";"1";"75";"75112";"2";"3";"1";"5";"RUE DE DIJON";"48,8357030000";"2,3860810000"
"202100012164";"20";"10";"2021";"01:05";"5";"69";"69386";"2";"3";"1";"3";"VITTON                              (CO)";"45,7700954553";"4,8591759967"
"202100012165";"19";"10";"2021";"19:00";"5";"69";"69259";"2";"9";"1";"1";"FRANCIS DE PRESSENSE (AV)";"45,7201631870";"4,8679035902"
"202100012166";"19";"10";"2021";"17:30";"1";"69";"69388";"2";"2";"1";"6";"CHALLEMEL LACOUR (R)";"45,7297926571";"4,8536422849"
"202100012167";"19";"10";"2021";"07:00";"5";"69";"69259";"2";"3";"1";"3";"COTE (DE LA) (CHM)";"45,6865300000";"4,8917100000"
"202100012168";"19";"10";"2021";"17:25";"1";"69";"69389";"2";"2";"1";"3";"BOURGOGNE (DE) (R)";"45,7803900000";"4,8008600000"
"202100012169";"18";"10";"2021";"19:15";"2";"69";"69034";"2";"1";"1";"1";"BOUCLE (DE LA) (MO)";"45,7810999747";"4,8397806287"
"202100012170";"2";"10";"2021";"00:17";"5";"971";"97101";"2";"2";"1";"3";"FrÃ©dÃ©ric JALTON";"16,2743000000";" -61,5041000000"
"202100012171";"19";"10";"2021";"13:28";"1";"2A";"2A004";"2";"1";"1";"7";"VITTULO ROUTE DU";"41,9291700000";"8,7316300000"
"202100012172";"19";"10";"2021";"07:00";"5";"2A";"2A004";"2";"3";"1";"3";"BIANCAMARIA COLONEL ET CAPITAINE AVE";"41,9329700000";"8,7374100000"
"202100012173";"19";"10";"2021";"19:45";"2";"95";"95018";"2";"3";"1";"3";"Boulevard du General Leclerc";"48,9462380000";"2,2353470000"
"202100012174";"19";"10";"2021";"05:45";"5";"91";"91425";"2";"1";"1";"1";"RTE D ORLEANS RN 20";"48,6398300000";"2,2681200000"
"202100012175";"19";"10";"2021";"18:25";"1";"91";"91201";"2";"1";"1";"3";"BD HENRI BARBUSSE";"48,6712900000";"2,4137800000"
"202100012176";"19";"10";"2021";"17:40";"1";"91";"91201";"2";"1";"1";"2";"RUE PIERRE BROSSOLETTE";"48,6902000000";"2,4242700000"
"202100012177";"16";"10";"2021";"23:23";"5";"87";"87085";"2";"2";"1";"3";"MONTMAILLER (RUE)";"45,8360700000";"1,2505800000"
"202100012178";"15";"10";"2021";"16:45";"1";"87";"87085";"2";"3";"1";"3";"BASTIAT (RUE FREDERIC)";"45,8878800000";"1,2907200000"
"202100012179";"18";"10";"2021";"07:20";"3";"80";"80021";"2";"2";"1";"3";"PARMENTIER (PLACE)";"49,8953000000";"2,3061500000"
"202100012180";"19";"10";"2021";"18:10";"1";"77";"77410";"2";"1";"1";"6";"D636";"48,5847300000";"2,7165800000"
"202100012181";"14";"10";"2021";"16:45";"1";"77";"77487";"1";"3";"1";"3";"D605";"48,5363700000";"2,7034100000"
"202100012182";"19";"10";"2021";"12:30";"1";"77";"77333";"2";"1";"1";"6";"D607";"48,2668060000";"2,6898630000"
"202100012183";"19";"10";"2021";"14:55";"1";"77";"77131";"2";"3";"1";"1";"PATRAS (RUE)";"48,8140700000";"3,0832900000"
"202100012184";"18";"10";"2021";"03:08";"5";"76";"76540";"2";"1";"1";"7";"DOCTEUR ANDRE CAUCHOIS. RUE DU";"49,4503100000";"1,1255900000"
"202100012185";"18";"10";"2021";"08:30";"1";"76";"76351";"2";"2";"1";"2";"GUSTAVE BRINDEAU (RUE)";"49,4879400000";"0,1446400000"
"202100012186";"19";"10";"2021";"17:10";"1";"74";"74281";"2";"2";"7";"6";"PRES VERTS (AVENUE DES)";"46,3772400000";"6,4906300000"
"202100012187";"18";"10";"2021";"09:20";"1";"73";"73011";"2";"6";"7";"6";"WINNENDEN (AVENUE DE)";"45,6668423445";"6,3711301982"
"202100012188";"18";"10";"2021";"17:35";"1";"72";"72181";"2";"2";"2";"3";"PIAF EDITH (RUE)";"48,0209029467";"0,1556539533"
"202100012189";"19";"10";"2021";"14:10";"1";"69";"69290";"2";"1";"1";"3";"ARISTIDE BRIAND (R)";"45,6931300000";"4,9315300000"
"202100012190";"19";"10";"2021";"07:35";"2";"69";"69266";"2";"1";"1";"6";"ANTONIN PERRIN (R)";"45,7591300000";"4,8849900000"
"202100012191";"18";"10";"2021";"17:10";"1";"67";"67482";"2";"1";"1";"1";"LIEPVRE (RUE DE)";"48,5694610000";"7,7691030000"
"202100012192";"19";"10";"2021";"18:20";"1";"65";"65440";"2";"7";"1";"3";"REGIMENT D'INFANTERIE (PLACE DU 12EME)";"43,2363400000";"0,0652800000"
"202100012193";"19";"10";"2021";"15:45";"1";"65";"65440";"2";"1";"1";"2";"CARNOT (RUE)";"43,2227050000";"0,0701210000"
"202100012194";"19";"10";"2021";"13:30";"1";"64";"64445";"2";"1";"1";"2";"PAIX";"43,3185717566";" -0,3455489874"
"202100012195";"8";"10";"2021";"23:55";"5";"64";"64024";"2";"1";"1";"3";"BAYONNE (AVENUE DE)";"43,4804400000";" -1,5148200000"
"202100012196";"15";"10";"2021";"21:30";"5";"62";"62637";"2";"3";"1";"3";"ROUSSEAU (R JEAN JACQUES)";"50,4707420000";"2,9929090000"
"202100012197";"18";"10";"2021";"19:26";"2";"56";"56121";"2";"1";"1";"4";"BLUM ( BD LEON )";"47,7475800000";" -3,3758200000"
"202100012198";"20";"10";"2021";"00:40";"5";"54";"54395";"2";"2";"1";"3";"POINCARE (RUE RAYMOND 31-32 A FIN)";"48,6894000000";"6,1697300000"
"202100012199";"19";"10";"2021";"17:15";"1";"54";"54395";"2";"1";"1";"3";"HAGUENAUER (RUE DU GRAND RABBIN)";"48,6873400000";"6,1801800000"
"202100012200";"19";"10";"2021";"16:00";"1";"53";"53130";"2";"4";"1";"6";"RUISSEAUX ( RUE DES )";"48,0706000000";" -0,7760600000"
"202100012201";"19";"10";"2021";"08:30";"1";"51";"51454";"1";"1";"1";"2";"Voie Jean Taittinger";"49,2416000000";"4,0321500000"
"202100012202";"18";"10";"2021";"18:05";"1";"51";"51055";"2";"1";"1";"3";"Rue de la Ferme Pierquin";"49,2853621762";"4,0286121165"
"202100012203";"18";"10";"2021";"08:20";"2";"49";"49015";"2";"1";"5";"7";"La PiardiÃ¨re";"47,5037898672";" -0,6194724284"
"202100012204";"19";"10";"2021";"08:35";"1";"43";"43157";"2";"1";"8";"6";"54 Avenue dââOurs Mons";"45,0381000000";"3,9013000000"
"202100012205";"18";"10";"2021";"09:15";"1";"43";"43157";"2";"1";"1";"3";"9 Place du Breuil";"45,0420000000";"3,8830000000"
"202100012206";"9";"10";"2021";"18:00";"1";"42";"42218";"2";"1";"1";"4";"Rue de la RichelandiÃ¨re";"45,4369877042";"4,4076594942"
"202100012207";"18";"10";"2021";"18:20";"2";"37";"37050";"2";"3";"1";"3";"BORDEAUX (AVENUE DE)";"47,3540748317";"0,6992714740"
"202100012208";"14";"10";"2021";"08:15";"1";"36";"36044";"2";"1";"1";"6";"Rue EugÃ¨ne Delacroix";"46,8031000000";"1,7063800000"
"202100012209";"19";"10";"2021";"19:15";"5";"35";"35238";"2";"3";"1";"3";"REDON (DE)";"48,1050560000";" -1,6915460000"
"202100012210";"19";"10";"2021";"11:30";"1";"35";"35238";"2";"1";"1";"6";"SAINT-HELIER";"48,1026720000";" -1,6612950000"
"202100012211";"18";"10";"2021";"17:15";"1";"35";"35238";"2";"3";"8";"5";"STRASBOURG (BOULEVARD DE)";"48,1133000000";" -1,6566000000"
"202100012212";"19";"10";"2021";"22:30";"5";"33";"33318";"2";"2";"1";"3";"Avenue AndrÃ© Danglade";"44,8073700000";" -0,6352900000"
"202100012213";"18";"10";"2021";"17:00";"1";"33";"33249";"2";"1";"1";"2";"AVE DE PARIS";"44,8814900000";" -0,5101300000"
"202100012214";"19";"10";"2021";"09:40";"1";"29";"29232";"2";"9";"1";"6";"Rue Theodore le Hars";"47,9938025240";" -4,0997779370"
"202100012215";"19";"10";"2021";"07:46";"5";"29";"29039";"2";"1";"2";"7";"Avenue Alain le Lay";"47,8748700000";" -3,9184300000"
"202100012216";"19";"10";"2021";"08:30";"1";"28";"28404";"1";"1";"8";"3";"LIBERTE (AVENUE DE LA)";"48,7369500000";"1,3311800000"
"202100012217";"19";"10";"2021";"16:05";"1";"27";"27229";"2";"6";"7";"6";"VERNON (RUE DE)";"49,0231800000";"1,1690700000"
"202100012218";"19";"10";"2021";"13:55";"1";"27";"27229";"2";"1";"1";"7";"VERNON (RUE DE)";"49,0230900000";"1,1693800000"
"202100012219";"19";"10";"2021";"08:55";"1";"27";"27229";"2";"1";"1";"3";"DOUCERAIN (PLACE AIME)";"49,0300000000";"1,1360000000"
"202100012220";"19";"10";"2021";"07:15";"2";"27";"27229";"2";"1";"2";"7";"CORBEAU (RUE CHARLES)";"49,0242700000";"1,1497900000"
"202100012221";"19";"10";"2021";"12:54";"1";"21";"21054";"2";"1";"1";"3";"SAINT-JACQUES (BOULEVARD)";"47,0207531330";"4,8375905094"
"202100012222";"14";"10";"2021";"09:30";"1";"18";"18033";"2";"3";"1";"3";"VOISINS (RUE DES FRERES)";"47,0697400000";"2,3779900000"
"202100012223";"19";"10";"2021";"18:43";"1";"17";"17461";"2";"3";"1";"1";"BOUIN JEAN";"45,6418970000";" -1,0607330000"
"202100012224";"19";"10";"2021";"11:55";"1";"15";"15014";"2";"3";"1";"3";"PRADES (AVENUE DES)";"44,9165390000";"2,4367340000"
"202100012225";"18";"10";"2021";"11:35";"1";"15";"15014";"2";"6";"1";"3";"MOULIN (RUE JEAN)";"44,9183560000";"2,4247840000"
"202100012226";"19";"10";"2021";"10:20";"1";"14";"14118";"2";"1";"1";"6";"Avenue de la CÃ´te de Nacre";"49,2037200000";" -0,3606600000"
"202100012227";"19";"10";"2021";"19:55";"5";"13";"13215";"2";"1";"1";"6";"LYON (RUE DE)";"43,3232200000";"5,3678800000"
"202100012228";"19";"10";"2021";"13:30";"1";"13";"13212";"2";"1";"1";"3";"LAZARINE (RUE)";"43,3044360634";"5,4167758849"
"202100012229";"18";"10";"2021";"17:45";"1";"13";"13209";"2";"1";"1";"3";"MARÃCHAL DE LATTRE (AVENUE)";"43,2501000000";"5,4044800000"
"202100012230";"18";"10";"2021";"08:30";"2";"13";"13215";"2";"1";"1";"1";"BOSPHORE (BOULEVARD DU)";"43,3724400000";"5,3652900000"
"202100012231";"19";"10";"2021";"09:15";"1";"13";"13001";"2";"2";"1";"3";"HUGO VICTOR (AV)";"43,5230000000";"5,4460000000"
"202100012232";"18";"10";"2021";"13:29";"1";"13";"13001";"2";"1";"1";"6";"EUROPE (AV)";"43,5247800000";"5,4294500000"
"202100012233";"18";"10";"2021";"14:25";"1";"11";"11069";"1";"3";"7";"3";"ROCADE SUD RD 6161";"43,2041000000";"2,3863500000"
"202100012234";"18";"10";"2021";"17:50";"1";"10";"10387";"2";"1";"1";"6";"EDOUARD VAILLANT (RUE)";"48,2798705417";"4,0774512291"
"202100012235";"18";"10";"2021";"17:00";"1";"10";"10081";"1";"6";"1";"2";"PRESIDENT RENE COTY";"48,3251060000";"4,0304960000"
"202100012236";"18";"10";"2021";"11:19";"1";"06";"06123";"2";"1";"1";"5";"CURIE PIERRE ET MARIE AVENUE";"43,6862200000";"7,1873860000"
"202100012237";"19";"10";"2021";"08:09";"1";"01";"01451";"2";"6";"1";"3";"PARIS (ROUTE DE)";"46,2250100000";"5,2064400000"
"202100012238";"19";"10";"2021";"12:15";"1";"75";"75118";"2";"4";"1";"6";"BOULEVARD PERIPHERIQUE";"48,9008560000";"2,3642490000"
"202100012239";"19";"10";"2021";"09:50";"1";"75";"75118";"2";"4";"1";"3";"BOULEVARD PERIPHERIQUE";"48,9008620000";"2,3661310000"
"202100012240";"19";"10";"2021";"09:15";"1";"75";"75116";"2";"1";"1";"2";"BOULEVARD PERIPHERIQUE";"48,8635000000";"2,2659220000"
"202100012241";"19";"10";"2021";"08:00";"1";"75";"75118";"2";"1";"1";"3";"PORTE DE CLIGNANCOURT";"48,9011340000";"2,3480110000"
"202100012242";"19";"10";"2021";"17:25";"1";"75";"75105";"2";"1";"1";"6";"QUAI SAINT MICHEL";"48,8535070000";"2,3452260000"
"202100012243";"19";"10";"2021";"22:00";"5";"75";"75120";"2";"1";"1";"6";"BOULEVARD DAVOUT";"48,8611270000";"2,4093830000"
"202100012244";"18";"10";"2021";"20:05";"5";"75";"75120";"2";"3";"2";"1";"RUE SAINT FARGEAU";"48,8712060000";"2,4008330000"
"202100012245";"19";"10";"2021";"21:30";"5";"75";"75118";"2";"2";"1";"3";"RUE DU POTEAU";"48,8967580000";"2,3384580000"
"202100012246";"19";"10";"2021";"16:38";"1";"75";"75118";"2";"1";"1";"3";"RUE ORDENER";"48,8902830000";"2,3588360000"
"202100012247";"19";"10";"2021";"18:10";"2";"75";"75118";"2";"3";"1";"3";"BOULEVARD DE CLICHY";"48,8834150000";"2,3343120000"
"202100012248";"19";"10";"2021";"17:30";"1";"75";"75116";"2";"1";"1";"6";"BOULEVARD EXELMANS";"48,8414330000";"2,2634540000"
"202100012249";"19";"10";"2021";"15:50";"1";"75";"75115";"2";"1";"1";"6";"AVENUE EMILE ZOLA";"48,8463770000";"2,2826290000"
"202100012250";"19";"10";"2021";"19:55";"5";"75";"75114";"2";"3";"1";"6";"AVENUE PAUL APPELL";"48,8217500000";"2,3266950000"
"202100012251";"18";"10";"2021";"20:20";"5";"75";"75114";"2";"2";"2";"3";"RUE JULES GUESDE";"48,8367620000";"2,3207500000"
"202100012252";"19";"10";"2021";"16:45";"1";"75";"75113";"2";"3";"1";"3";"BOULEVARD ARAGO";"48,8365670000";"2,3511750000"
"202100012253";"19";"10";"2021";"17:14";"1";"94";"94078";"2";"9";"1";"7";"Avenue de Melun";"48,7232710000";"2,4441350000"
"202100012254";"19";"10";"2021";"19:15";"5";"94";"94041";"2";"3";"1";"3";"Quai Jean Compagnon";"48,8207600000";"2,3954500000"
"202100012255";"19";"10";"2021";"12:20";"1";"94";"94041";"2";"1";"1";"6";"Avenue Maurice Thorez";"48,8159600000";"2,3771800000"
"202100012256";"19";"10";"2021";"08:15";"1";"94";"94065";"2";"1";"1";"6";"Avenue de la Gare";"48,7415700000";"2,3527700000"
"202100012257";"18";"10";"2021";"19:00";"5";"94";"94028";"2";"9";"1";"3";"CHOISY(ROUTE DE)";"48,7800400000";"2,4444900000"
"202100012258";"18";"10";"2021";"18:25";"1";"94";"94079";"2";"2";"1";"3";"Avenue de la Haute Futaie";"48,8242910000";"2,5615200000"
"202100012259";"19";"10";"2021";"17:45";"1";"93";"93066";"2";"3";"1";"3";"GARCIA CHRISTINO";"48,9165300000";"2,3629700000"
"202100012260";"18";"10";"2021";"10:00";"1";"93";"93066";"2";"1";"1";"6";"MONTJOIE";"48,9107388002";"2,3619709597"
"202100012261";"19";"10";"2021";"18:08";"1";"93";"93051";"2";"4";"1";"5";"EMILE COSSONNEAU (AVE)";"48,8499100000";"2,5766800000"
"202100012262";"19";"10";"2021";"14:55";"1";"93";"93051";"2";"1";"1";"6";"RESEAU ROBERT KELLER";"48,8529244131";"2,5684458017"