"Num_Acc";"jour";"mois";"an";"hrmn";"lum";"dep";"com";"agg";"int";"atm";"col";"adr";"lat";"long"
"202100012263";"19";"10";"2021";"13:15";"1";"93";"93048";"2";"1";"1";"6";"SAINT DENIS (PASSAGE)";"48,8756331615";"2,4498530312"
"202100012264";"19";"10";"2021";"03:45";"3";"93";"93048";"2";"1";"8";"6";"PARIS (RUE DE)";"48,8558600000";"2,4243500000"
"202100012265";"18";"10";"2021";"14:40";"1";"93";"93048";"2";"2";"1";"3";"COLONEL FABIEN (AVENUE DU)";"48,8765000000";"2,4546700000"
"202100012266";"19";"10";"2021";"17:35";"1";"93";"93074";"2";"1";"1";"2";"DE GAULLE AVENUE DU GENERAL";"48,9394000000";"2,5712700000"
"202100012267";"19";"10";"2021";"09:37";"1";"93";"93079";"2";"3";"1";"3";"SAINT LEU (ROUTE)";"48,9532237186";"2,3366170444"
"202100012268";"19";"10";"2021";"13:20";"1";"93";"93029";"2";"9";"1";"3";"STALINGRAD (DE)";"48,9174500000";"2,4191100000"
"202100012269";"19";"10";"2021";"09:15";"1";"93";"93066";"2";"1";"1";"3";"CASANOVA DANIELLE NR 52-SUIV ET 21-SUIV";"48,9288400000";"2,3623400000"
"202100012270";"19";"10";"2021";"12:20";"1";"93";"93014";"2";"1";"1";"2";"GAGARINE (BOULEVARD)";"48,9050000000";"2,5463200000"
"202100012271";"19";"10";"2021";"13:50";"1";"93";"93010";"2";"6";"1";"1";"FERRY (RUE JULES)";"48,8931092508";"2,4732595682"
"202100012272";"18";"10";"2021";"22:15";"5";"93";"93057";"2";"1";"2";"6";"HUGO (AV. VICTOR)";"48,9097417007";"2,5143249038"
"202100012273";"19";"10";"2021";"16:30";"1";"92";"92076";"2";"3";"1";"7";"BOIS DE LA MARCHE";"48,8352348444";"2,1547123790"
"202100012274";"19";"10";"2021";"19:00";"2";"92";"92050";"2";"2";"1";"6";"JOFFRE MARECHAL AVENUE DU";"48,8854114202";"2,1960194651"
"202100012275";"19";"10";"2021";"09:15";"1";"92";"92049";"2";"3";"1";"3";"BARBES RUE";"48,8171351424";"2,3307484388"
"202100012276";"17";"10";"2021";"02:28";"5";"92";"92040";"2";"3";"1";"3";"VICTOR CRESSON (AVENUE) DU 02 AU 40";"48,8239649113";"2,2728449106"
"202100012277";"19";"10";"2021";"18:50";"2";"92";"92035";"2";"6";"1";"3";"Charlebourg ( rue de )";"48,9070574263";"2,2403901815"
"202100012278";"18";"10";"2021";"22:30";"5";"92";"92023";"2";"1";"2";"6";"GENERAL DE GAULLE (AV DU) NÂ°130 A 340 ET";"48,7852570000";"2,2511740000"
"202100012279";"19";"10";"2021";"09:40";"1";"92";"92012";"2";"1";"1";"7";"QUATRE SEPTEMBRE (QUAI DU)";"48,8481431010";"2,2273385525"
"202100012280";"19";"10";"2021";"17:30";"1";"92";"92007";"2";"2";"1";"3";"HUGO (AVENUE VICTOR)";"48,8049300000";"2,3227900000"
"202100012281";"19";"10";"2021";"12:00";"1";"92";"92014";"2";"1";"1";"2";"GENERAL LECLERC (AV.) (1 A 55BIS - 2 A 4";"48,7828008610";"2,3167392612"
"202100012282";"17";"10";"2021";"13:30";"1";"974";"97415";"2";"1";"1";"1";"16 Chemin Bien Aime";" -21,0710300000";"55,2598850000"
"202100012283";"17";"10";"2021";"12:20";"1";"86";"86112";"1";"1";"1";"6";"D11";"46,2442350000";"0,6911460000"
"202100012284";"19";"10";"2021";"19:30";"3";"2A";"2A211";"1";"1";"1";"1";"RT 40";"41,7842100000";"8,9808820000"
"202100012285";"19";"10";"2021";"18:00";"1";"38";"38160";"1";"1";"1";"6";"D41";"45,4825760000";"4,9899310000"
"202100012286";"18";"10";"2021";"10:45";"1";"33";"33138";"2";"1";"1";"3";"N/A";"45,0392070000";" -0,1055610000"
"202100012287";"19";"10";"2021";"07:45";"2";"40";"40036";"1";"1";"1";"6";"D810";"43,6412460000";" -1,3436150000"
"202100012288";"18";"10";"2021";"11:15";"1";"17";"17469";"1";"1";"1";"6";"66 Rue de Port des Barques";"45,6073350000";" -0,6275400000"
"202100012289";"19";"10";"2021";"13:25";"1";"12";"12197";"1";"1";"1";"6";"RD 902 ";"44,0472980000";"2,5289910000"
"202100012290";"20";"10";"2021";"16:30";"1";"67";"67202";"1";"1";"2";"6";"route dÃ©partementale 421";"48,7512940000";"7,5303880000"
"202100012291";"19";"10";"2021";"20:00";"3";"74";"74019";"1";"8";"1";"6";"Route du Barioz";"45,9430850000";"6,1377420000"
"202100012292";"20";"10";"2021";"12:55";"1";"42";"42052";"2";"1";"1";"6";"36 Route de Saint-Bonnet";"46,1625498652";"4,1720689642"
"202100012293";"19";"10";"2021";"09:00";"1";"59";"59553";"1";"1";"1";"3";"N41";"50,5972452885";"2,9357908186"
"202100012294";"19";"10";"2021";"16:00";"1";"42";"42210";"1";"1";"1";"1";"Route du Barrage";"45,4892580000";"4,6341010000"
"202100012295";"19";"10";"2021";"18:30";"1";"44";"44086";"1";"3";"1";"2";"La Grenetterie";"47,6967000000";" -1,5894020000"
"202100012296";"19";"10";"2021";"17:10";"1";"51";"51576";"2";"3";"1";"3";"Avenue de Champagne";"49,0499820000";"4,1206830000"
"202100012297";"20";"10";"2021";"19:40";"2";"56";"56165";"1";"2";"2";"3";"La Croix Adeline";"47,9581170000";" -2,3903150000"
"202100012298";"20";"10";"2021";"17:00";"1";"56";"56165";"2";"1";"2";"6";"21 rue de la gare";"47,9326500000";" -2,4012130000"
"202100012299";"5";"10";"2021";"20:45";"5";"56";"56094";"1";"1";"1";"5";"Kernours";"47,7547030000";" -3,2875730000"
"202100012300";"19";"10";"2021";"19:40";"2";"56";"56184";"2";"3";"1";"3";"intersection rue des bruyÃ¨res, rue de beau soleil";"47,6538400000";" -2,4411960000"
"202100012301";"19";"10";"2021";"11:45";"1";"74";"74289";"1";"2";"1";"3";"Route de Verlioz";"45,9105850000";"5,9539570000"
"202100012302";"16";"10";"2021";"15:30";"1";"61";"61261";"1";"1";"1";"6";"RD 326";"48,4845780000";"0,2354120000"
"202100012303";"19";"10";"2021";"13:40";"1";"46";"46228";"1";"1";"1";"6";"Lieu Dit Nicole";"44,8905070000";"1,8055210000"
"202100012304";"17";"10";"2021";"13:30";"1";"44";"44169";"1";"3";"1";"3";"route dÃ©partementale 74";"47,2602860000";" -1,3811450000"
"202100012305";"2";"10";"2021";"17:50";"1";"44";"44169";"1";"1";"6";"2";"RD104";"47,2469970000";" -1,4003230000"
"202100012306";"18";"10";"2021";"18:00";"1";"29";"29302";"1";"9";"3";"1";"Lieu-Dit Moulin de Kergaeric";"48,2570060000";" -4,1118100000"
"202100012307";"18";"10";"2021";"13:10";"1";"29";"29061";"2";"6";"3";"2";"Boulevard Gabriel Lippmann";"48,4259600000";" -4,4574160000"
"202100012308";"11";"10";"2021";"10:35";"1";"31";"31033";"1";"1";"1";"6";"D35";"43,3616390000";"1,4761810000"
"202100012309";"14";"10";"2021";"19:00";"1";"31";"31232";"1";"3";"7";"1";"D 20";"43,7704000000";"1,3338460000"
"202100012310";"20";"10";"2021";"13:35";"1";"38";"38006";"2";"2";"7";"3";"8 Boulevard Jules Ferry";"45,3947770000";"6,0721830000"
"202100012311";"20";"10";"2021";"07:39";"3";"02";"02461";"1";"2";"2";"3";"D1032";"49,5978050000";"3,1314470000"
"202100012312";"20";"10";"2021";"17:05";"1";"60";"60664";"2";"1";"8";"1";"4 Rue de Beauvais";"49,6106055902";"2,2899382148"
"202100012313";"19";"10";"2021";"23:20";"3";"60";"60393";"1";"1";"1";"6";"D12";"49,2785840000";"2,3712520000"
"202100012314";"20";"10";"2021";"16:35";"1";"18";"18075";"1";"1";"3";"7";"Route de Nevers";"47,0123330000";"3,0723200000"
"202100012315";"19";"10";"2021";"09:45";"1";"27";"27116";"1";"1";"1";"7";"D613";"49,1509350000";"0,7317500000"
"202100012316";"13";"10";"2021";"20:25";"5";"27";"27017";"2";"3";"1";"3";"Rue de la Ferme";"48,9908870000";"1,1578180000"
"202100012317";"17";"10";"2021";"05:20";"3";"37";"37067";"1";"1";"1";"6";"carrefour D57, D17";"47,2516210000";"0,4728200000"
"202100012318";"19";"10";"2021";"07:50";"2";"37";"37179";"1";"6";"1";"3";"La CoudriÃ¨re";"47,4486482994";"0,7275679921"
"202100012319";"8";"10";"2021";"12:35";"1";"37";"37021";"1";"1";"7";"6";"RD 766";"47,5886219543";"0,7084885357"
"202100012320";"19";"10";"2021";"08:10";"2";"37";"37099";"1";"1";"1";"4";"Les Quatre Tourelles";"47,2892201592";"0,5252792927"
"202100012321";"19";"10";"2021";"18:33";"2";"38";"38310";"1";"1";"1";"3";"autoroute A 49 - PK 013.500";"45,2509030000";"5,5044940000"
"202100012322";"20";"10";"2021";"07:45";"2";"06";"06085";"2";"1";"1";"7";"Chemin de Carimail";"43,5747330000";"6,9760070000"
"202100012323";"20";"10";"2021";"05:30";"3";"37";"37072";"1";"1";"1";"4";"D751";"47,1820600000";"0,2727520000"
"202100012324";"1";"09";"2021";"13:46";"1";"38";"38005";"1";"1";"1";"6";"Route du Villaret";"45,1480800000";"6,0445080000"
"202100012325";"19";"10";"2021";"13:55";"1";"45";"45008";"1";"1";"1";"2";"A10";"48,0842180000";"1,8515720000"
"202100012326";"19";"10";"2021";"02:30";"3";"988";"98808";"1";"1";"2";"6";"ParaouyÃ© (Tribu)";" -21,2739090000";"165,6444200000"
"202100012327";"20";"10";"2021";"13:50";"1";"2B";"2B148";"1";"1";"1";"3";"D507";"42,5501090000";"9,4622540000"
"202100012328";"20";"10";"2021";"09:45";"1";"06";"06121";"2";"5";"1";"2";"avenue jean monnet";"43,7014970000";"7,3266580000"
"202100012329";"19";"10";"2021";"13:15";"1";"13";"13014";"2";"1";"1";"1";"Rue Pasteur";"43,4748360000";"5,1686650000"
"202100012330";"15";"10";"2021";"21:00";"5";"13";"13086";"2";"1";"1";"1";"4 Avenue des Allies";"43,3509980000";"5,6041820000"
"202100012331";"20";"10";"2021";"08:00";"1";"58";"58051";"2";"1";"1";"3";"Route de Bourges";"46,9561910000";"3,1449710000"
"202100012332";"13";"10";"2021";"05:35";"3";"68";"68174";"1";"1";"2";"6";"D6b";"47,6821666309";"7,3810744286"
"202100012333";"20";"10";"2021";"12:50";"1";"69";"69243";"2";"3";"1";"3";"EDOUARD HERRIOT (AV)";"45,8892910000";"4,4560720000"
"202100012334";"20";"10";"2021";"17:00";"1";"31";"31291";"1";"1";"1";"3";"Chemin de Mader";"43,5791550000";"1,2213280000"
"202100012335";"20";"10";"2021";"07:40";"2";"33";"33442";"1";"1";"1";"2";"N/A";"45,0386115357";" -0,2091508951"
"202100012336";"19";"10";"2021";"09:45";"1";"33";"33243";"2";"1";"7";"6";"Av Anciens Combattants En Afn";"44,9153510000";" -0,2346450000"
"202100012337";"14";"10";"2021";"17:45";"1";"33";"33243";"2";"2";"1";"3";"Avenue du Parc des Sports";"44,9063320000";" -0,2342960000"
"202100012338";"20";"10";"2021";"07:20";"3";"33";"33256";"1";"3";"1";"3";"N/A";"44,9679330000";" -0,6259630000"
"202100012339";"17";"10";"2021";"22:15";"5";"33";"33056";"2";"1";"1";"3";"Avenue du GÃ©nÃ©ral de Gaulle";"44,9318420000";" -0,6346270000"
"202100012340";"14";"10";"2021";"16:30";"1";"49";"49193";"1";"1";"1";"1";"bec d'oiseau";"47,1340240000";" -0,8830280000"
"202100012341";"19";"10";"2021";"07:45";"2";"49";"49138";"1";"2";"1";"3";"Mare Chartier (Brion)";"47,4509795435";" -0,1614689827"
"202100012342";"19";"10";"2021";"16:45";"1";"50";"50446";"1";"2";"1";"3";"La Boulaye";"49,1205650000";" -1,0287930000"
"202100012343";"19";"10";"2021";"19:30";"3";"13";"13215";"1";"1";"1";"4";"A7-Sens Lyon vers Marseille";"43,3769600000";"5,3584500000"
"202100012344";"19";"10";"2021";"13:30";"1";"13";"13117";"1";"1";"1";"2";"A7-Sens Marseille vers Lyon";"43,4767500000";"5,2378900000"
"202100012345";"18";"10";"2021";"14:25";"1";"13";"13215";"1";"1";"1";"4";"A7-Sens Lyon vers Marseille";"43,3680600000";"5,3608000000"
"202100012346";"18";"10";"2021";"15:10";"1";"13";"13106";"1";"1";"1";"4";"A51-Sens Aix en Provence vers Marseille";"43,4040300000";"5,3583600000"
"202100012347";"19";"10";"2021";"07:32";"1";"13";"13211";"1";"9";"1";"3";"A50-Sens Aubagne vers Marseille";"43,2861300000";"5,5103200000"
"202100012348";"13";"10";"2021";"17:35";"1";"13";"13056";"1";"1";"1";"5";"A55-Sens Martigues vers Marseille";"43,3940464156";"5,0532796130"
"202100012349";"19";"10";"2021";"19:15";"4";"69";"69290";"1";"1";"1";"2";"A43   3.865 A 9.894";"45,7061493159";"4,9590826035"
"202100012350";"19";"10";"2021";"07:15";"5";"33";"33397";"1";"1";"1";"6";"AUTOROUTE A10";"44,9067230000";" -0,4915550000"
"202100012351";"16";"10";"2021";"00:30";"3";"59";"59586";"1";"1";"1";"2";"AUTOROUTE A23";"50,5525316808";"3,1800006508"
"202100012352";"19";"10";"2021";"19:50";"3";"91";"91225";"1";"1";"1";"4";"RN 104";"48,6260350768";"2,4739623070"
"202100012353";"19";"10";"2021";"19:15";"2";"94";"94003";"1";"1";"1";"3";"AUTOROUTE A6A";"48,8097000000";"2,3388000000"
"202100012354";"19";"10";"2021";"17:45";"2";"91";"91174";"1";"1";"1";"4";"RN 104";"48,6248500000";"2,4703200000"
"202100012355";"19";"10";"2021";"07:50";"1";"94";"94034";"1";"1";"1";"3";"AUTOROUTE A86";"48,7567800000";"2,3310400000"
"202100012356";"18";"10";"2021";"10:00";"1";"91";"91377";"1";"1";"1";"2";"RD 444";"48,7266810000";"2,2444300000"
"202100012357";"19";"10";"2021";"14:50";"1";"92";"92050";"1";"1";"1";"7";"A14";"48,8999607132";"2,2100781197"
"202100012358";"18";"10";"2021";"23:08";"3";"78";"78029";"1";"9";"2";"5";"A13W";"48,9677630000";"1,8569370000"
"202100012359";"18";"10";"2021";"22:40";"3";"78";"78029";"1";"1";"1";"1";"A13Y";"48,9666970000";"1,8531080000"
"202100012360";"19";"10";"2021";"21:10";"3";"93";"93064";"1";"1";"1";"2";"AUTOROUTE A86";"48,8842701357";"2,4695885075"
"202100012361";"19";"10";"2021";"19:50";"3";"95";"95351";"1";"1";"1";"2";"RN 104";"49,0275870000";"2,5190700000"
"202100012362";"19";"10";"2021";"18:20";"2";"93";"93027";"1";"1";"1";"7";"AUTOROUTE A86";"48,9281618107";"2,4123246905"
"202100012363";"19";"10";"2021";"11:10";"1";"93";"93066";"1";"1";"1";"3";"AUTOROUTE A1";"48,9252822732";"2,3570557490"
"202100012364";"19";"10";"2021";"08:50";"1";"95";"95306";"1";"1";"1";"6";" A15";"48,9985890000";"2,1771370000"
"202100012365";"19";"10";"2021";"07:45";"1";"95";"95241";"1";"1";"1";"4";"RN 104";"49,0543900566";"2,4248345040"
"202100012366";"19";"10";"2021";"06:00";"3";"95";"95582";"1";"1";"1";"6";"RD 170";"48,9648875322";"2,2698569298"
"202100012367";"19";"10";"2021";"05:30";"3";"93";"93027";"1";"1";"9";"3";"AUTOROUTE A86";"48,9281700000";"2,4116100000"
"202100012368";"18";"10";"2021";"17:20";"1";"93";"93066";"1";"1";"1";"2";"AUTOROUTE A86";"48,9229344984";"2,3450405446"
"202100012369";"18";"10";"2021";"16:00";"1";"92";"92036";"1";"1";"8";"2";"AUTOROUTE A15";"48,9452569232";"2,2843730158"
"202100012370";"18";"10";"2021";"12:50";"1";"92";"92036";"1";"1";"1";"4";"AUTOROUTE A15";"48,9435578314";"2,2873807879"
"202100012371";"19";"10";"2021";"18:10";"1";"77";"77146";"1";"1";"1";"2";"A4.Y";"48,8316000000";"2,6497600000"
"202100012372";"19";"10";"2021";"15:15";"1";"77";"77363";"1";"1";"1";"6";"A104";"48,9254500000";"2,6293000000"
"202100012373";"19";"10";"2021";"13:25";"1";"94";"94073";"1";"1";"1";"6";"A86 INT";"48,7619341283";"2,3819786134"
"202100012374";"19";"10";"2021";"08:20";"2";"94";"94028";"1";"1";"1";"4";"RN406.W";"48,7821742781";"2,4410995834"
"202100012375";"19";"10";"2021";"07:50";"3";"93";"93051";"1";"1";"2";"3";"A4";"48,8362535434";"2,5518789629"
"202100012376";"18";"10";"2021";"18:30";"5";"974";"97416";"1";"1";"1";"6";"VANILLE (ALLEE DE LA)";" -21,3215800000";"55,4786500000"
"202100012377";"18";"10";"2021";"17:00";"1";"974";"97411";"2";"3";"1";"3";"PROVIDENCE (BOULEVARD DE LA)";" -20,8935700000";"55,4567800000"
"202100012378";"18";"10";"2021";"16:47";"1";"973";"97302";"2";"1";"1";"3";"CATAYEE (JUSTIN)";"4,9400774578";" -52,3307697773"
"202100012379";"18";"10";"2021";"15:02";"1";"973";"97302";"2";"1";"1";"5";"CATAYEE (JUSTIN)";"4,9394360294";" -52,3306197524"
"202100012380";"18";"10";"2021";"19:45";"5";"69";"69259";"2";"3";"1";"3";"ANDRE SENTUC (R)";"45,7100200000";"4,8677900000"
"202100012381";"18";"10";"2021";"17:20";"1";"69";"69259";"2";"1";"1";"7";"PROFESSEUR ROUX (DU) (R)";"45,7250816413";"4,8582315445"
"202100012382";"18";"10";"2021";"12:55";"1";"69";"69383";"2";"9";"1";"3";"GARIBALDI (R)";"45,7606500000";"4,8520200000"
"202100012383";"18";"10";"2021";"11:30";"1";"69";"69386";"2";"1";"1";"3";"DUGUESCLIN (R)";"45,7640352491";"4,8482108116"
"202100012384";"18";"10";"2021";"09:10";"1";"972";"97207";"1";"1";"1";"4";"ROUTE NATIONALE 5";"14,5746730000";" -60,9851440000"
"202100012385";"18";"10";"2021";"06:30";"1";"972";"97213";"2";"1";"7";"6";"NELSON MANDELA";"14,6125280000";" -60,9959340000"
"202100012386";"16";"10";"2021";"10:50";"1";"972";"97213";"1";"3";"1";"1";"ROUTE DEPARTEMENTALE 15";"14,6385100000";" -61,0100200000"
"202100012387";"18";"10";"2021";"10:50";"1";"69";"69385";"2";"1";"1";"2";"SAINT BARTHELEMY (MO)";"45,7603600000";"4,8233600000"
"202100012388";"18";"10";"2021";"11:25";"1";"69";"69034";"2";"1";"1";"3";"SOLDATS (DES) (MO)";"45,7932700000";"4,8600300000"
"202100012389";"18";"10";"2021";"11:00";"1";"69";"69389";"2";"9";"1";"2";"MARIETTON (R)";"45,7760900000";"4,7993800000"
"202100012390";"17";"10";"2021";"18:50";"2";"971";"97113";"1";"1";"1";"1";"ROUTE DE PERINET-RD 119";"16,2108000000";" -61,4781600000"
"202100012391";"18";"10";"2021";"08:40";"1";"2A";"2A004";"2";"1";"1";"4";"MEZZAVIA ROUTE DE";"41,9498677344";"8,7706072106"
"202100012392";"18";"10";"2021";"12:35";"1";"95";"95268";"2";"9";"1";"7";"AV DIVISION LECLERC";"48,9670700000";"2,4031700000"
"202100012393";"18";"10";"2021";"08:50";"1";"95";"95607";"2";"1";"1";"3";"DIVISION LECLERC (AVENUE DE LA)";"49,0133850000";"2,2158780000"
"202100012394";"18";"10";"2021";"13:25";"1";"95";"95063";"2";"2";"1";"5";"AV GABRIEL PERI";"48,9342290000";"2,2091740000"
"202100012395";"18";"10";"2021";"08:30";"1";"91";"91347";"2";"1";"1";"5";"RUE ANDRE CHERMETTE";"48,6524390000";"2,2781580000"
"202100012396";"18";"10";"2021";"20:57";"4";"91";"91161";"1";"1";"2";"1";"RTE DE MASSY";"48,7120500000";"2,3082800000"
"202100012397";"18";"10";"2021";"07:25";"2";"91";"91433";"1";"1";"1";"4";"R.D. 20";"48,4562200000";"2,1760500000"
"202100012398";"15";"10";"2021";"07:52";"2";"87";"87085";"2";"1";"1";"6";"PRIEUR (RUE DU)";"45,8753900000";"1,2994100000"
"202100012399";"16";"10";"2021";"14:28";"1";"87";"87085";"2";"1";"1";"6";"LECLERC (AVENUE DU GENERAL)";"45,8565900000";"1,2691300000"
"202100012400";"16";"10";"2021";"10:10";"1";"87";"87085";"2";"1";"2";"2";"CHENIEUX (RUE FRANCOIS)";"45,8394400000";"1,2572600000"
"202100012401";"18";"10";"2021";"22:05";"5";"83";"83009";"2";"3";"1";"7";"CAPELAN (BOULEVARD DU)";"43,1356150000";"5,7390860000"
"202100012402";"16";"10";"2021";"14:30";"1";"80";"80021";"2";"9";"1";"2";"GRAND MARAIS (RUE DU)";"49,9199500000";"2,2683900000"
"202100012403";"16";"10";"2021";"20:05";"3";"80";"80131";"1";"1";"1";"4";"RD 934";"49,8531000000";"2,4011300000"
"202100012404";"16";"10";"2021";"13:25";"1";"80";"80021";"2";"3";"1";"3";"ROBERT LE COQ (RUE)";"49,9003100000";"2,2686700000"
"202100012405";"14";"10";"2021";"19:50";"5";"80";"80021";"2";"1";"1";"6";"PARIS (RUE DE)";"49,8815500000";"2,2851200000"
"202100012406";"14";"10";"2021";"18:20";"1";"80";"80021";"2";"1";"1";"3";"LIN (RUE AU)";"49,8958500000";"2,2951000000"
"202100012407";"18";"10";"2021";"10:36";"1";"76";"76540";"2";"1";"1";"6";"pont jeanne d arc";"49,4382600000";"1,0883700000"
"202100012408";"16";"10";"2021";"18:00";"1";"76";"76351";"2";"2";"1";"3";"BLEUETS (DES)";"49,5079200000";"0,1570400000"
"202100012409";"18";"10";"2021";"23:25";"5";"74";"74298";"2";"3";"1";"3";"LIVRON (ROUTE DE)";"46,1858800000";"6,2515500000"
"202100012410";"16";"10";"2021";"04:15";"5";"71";"71306";"2";"9";"1";"6";"MACON (RUE DE)";"46,6722409920";"4,3781985989"
"202100012411";"17";"10";"2021";"09:35";"1";"71";"71153";"2";"4";"7";"6";"Rue MarÃ©chal Foch";"46,8043753556";"4,4410809077"
"202100012412";"16";"10";"2021";"11:50";"1";"71";"71059";"1";"2";"1";"5";"C.D. 61";"46,8206090000";"4,4602180000"
"202100012413";"18";"10";"2021";"05:35";"3";"71";"71445";"1";"1";"5";"1";"PONT DE BOURGOGNE (AVENUE DU)";"46,7823900000";"4,8730000000"
"202100012414";"17";"10";"2021";"03:10";"3";"69";"69013";"1";"1";"5";"6";"D306";"46,0382800000";"4,7153700000"
"202100012415";"9";"10";"2021";"17:27";"2";"68";"68066";"2";"1";"1";"6";"HASLINGER (PLACE)";"48,0820600000";"7,3585300000"
"202100012416";"16";"10";"2021";"00:15";"5";"67";"67482";"2";"3";"1";"3";"FORET NOIRE (AVENUE DE LA)";"48,5861500000";"7,7628900000"
"202100012417";"16";"10";"2021";"11:00";"1";"67";"67482";"2";"1";"1";"6";"ANDRE MAUROIS (PLACE)";"48,5907000000";"7,6947700000"
"202100012418";"15";"10";"2021";"21:11";"5";"67";"67482";"2";"8";"1";"6";"DUCS (RUE DES)";"48,5899600000";"7,7155100000"
"202100012419";"15";"10";"2021";"19:40";"4";"67";"67118";"2";"1";"1";"3";"ROMAINS (ROUTE DES)";"48,5814811074";"7,6940573752"
"202100012420";"14";"10";"2021";"15:30";"1";"67";"67482";"2";"1";"1";"3";"MINOTERIE (RUE DE LA)";"48,5793900000";"7,7907400000"
"202100012421";"17";"10";"2021";"02:00";"3";"66";"66136";"1";"1";"1";"6";"R D 900";"42,6746300000";"2,8641100000"
"202100012422";"16";"10";"2021";"12:45";"1";"66";"66136";"1";"3";"1";"3";"PRADES (AVENUE DE)";"42,6890600000";"2,8296200000"
"202100012423";"15";"10";"2021";"17:35";"1";"66";"66136";"2";"3";"1";"3";"SCHWEITZER (AVENUE DU DOCTEUR ALBERT)";"42,7182800000";"2,8789700000"
"202100012424";"18";"10";"2021";"22:05";"3";"65";"65100";"1";"1";"1";"2";"CD 902";"43,2553000000";"0,0651800000"
"202100012425";"18";"10";"2021";"14:00";"1";"65";"65433";"1";"1";"1";"6";"PIC DU MIDI (BOULEVARD DU)";"43,2001600000";"0,0967000000"
"202100012426";"18";"10";"2021";"08:25";"1";"65";"65440";"2";"6";"1";"2";"N21  Giratoire de l'UniversitÃ©";"43,2228390000";"0,0459560000"
"202100012427";"18";"10";"2021";"16:05";"1";"64";"64249";"2";"1";"1";"3";"RD810";"43,4255620000";" -1,6041160000"
"202100012428";"18";"10";"2021";"12:40";"1";"64";"64483";"2";"6";"1";"3";"PASSICOT JEAN MARTIN (BD DU COMMANDANT)";"43,3859800000";" -1,6621300000"
"202100012429";"18";"10";"2021";"18:00";"1";"64";"64269";"2";"6";"1";"3";"BEARN DU";"43,3012300000";" -0,3071100000"
"202100012430";"18";"10";"2021";"14:00";"1";"64";"64129";"2";"4";"1";"3";"FARADAY";"43,3005500000";" -0,4061100000"
"202100012431";"18";"10";"2021";"12:00";"1";"64";"64024";"2";"1";"1";"3";"Rue de Mirambeau";"43,4799038779";" -1,5099763870"
"202100012432";"16";"10";"2021";"18:30";"2";"63";"63113";"2";"1";"1";"7";"MARIVAUX (RUE)";"45,7722300000";"3,0958200000"
"202100012433";"14";"10";"2021";"20:30";"5";"63";"63113";"2";"2";"1";"3";"REPUBLIQUE / ";"45,7875500000";"3,1057600000"
"202100012434";"14";"10";"2021";"18:15";"2";"63";"63113";"2";"2";"1";"6";"REPUBLIQUE (AVENUE DE LA)";"45,7874300000";"3,1059600000"
"202100012435";"14";"10";"2021";"08:11";"2";"63";"63113";"2";"5";"1";"6";"MONTLOSIER (RUE)";"45,7812772442";"3,0915570437"
"202100012436";"18";"10";"2021";"08:20";"1";"59";"59350";"2";"3";"1";"6";"GUESDE JULES NÂ°27 - 175 ET NÂ°160 A NÂ°228";"50,6232100000";"3,0506400000"
"202100012437";"15";"10";"2021";"21:40";"5";"56";"56098";"2";"1";"1";"6";"ARAGO (RUE  DOMINIQUE )";"47,7788900000";" -3,3437400000"
"202100012438";"15";"10";"2021";"20:25";"5";"56";"56162";"2";"1";"1";"6";"KERLIR (CHEMIN DE)";"47,7089800000";" -3,4210200000"
"202100012439";"15";"10";"2021";"15:50";"1";"56";"56121";"2";"6";"1";"6";"CHAZELLES ( COURS LOUIS  DE )";"47,7567200000";" -3,3645400000"
"202100012440";"17";"10";"2021";"16:30";"1";"54";"54159";"1";"4";"1";"3";"BATHELENE (RUE DE)";"48,6124400000";"6,3737400000"
"202100012441";"18";"10";"2021";"09:10";"1";"54";"54273";"2";"1";"7";"6";"PATTON (AVENUE)";"49,1611500000";"5,8732600000"
"202100012442";"13";"10";"2021";"17:25";"1";"50";"50129";"2";"3";"1";"2";"LEMONNIER (AVENUE AMIRAL)";"49,6346100000";" -1,6021700000"
"202100012443";"18";"10";"2021";"08:30";"1";"44";"44109";"2";"6";"1";"3";"PLACE ARMAND FALLIERES";"47,2248000000";" -1,5789070000"
"202100012444";"30";"09";"2021";"07:38";"2";"42";"42095";"2";"3";"1";"3";"Rue Victor Hugo";"45,3853533072";"4,2824826081"
"202100012445";"17";"10";"2021";"04:25";"5";"37";"37261";"2";"2";"1";"3";"SALENGRO (RUE ROGER)";"47,3860261012";"0,6879202336"
"202100012446";"18";"10";"2021";"15:55";"1";"35";"35278";"2";"1";"8";"6";"DE GAULLE (AVENUE GENERAL)";"48,1568500000";" -1,6873100000"
"202100012447";"18";"10";"2021";"12:15";"1";"35";"35334";"1";"1";"8";"7";"RN136";"48,1454800000";" -1,5902830000"
"202100012448";"18";"10";"2021";"11:35";"1";"35";"35051";"2";"9";"8";"6";"LECLERC (AVENUE DU GENERAL)";"48,1149400000";" -1,5867500000"
"202100012449";"18";"10";"2021";"08:00";"2";"35";"35238";"2";"2";"8";"6";"BOIS LABBE (AVENUE DU)";"48,1288700000";" -1,7033500000"
"202100012450";"18";"10";"2021";"08:10";"2";"35";"35238";"2";"1";"1";"3";"BERNARD (CLAUDE)";"48,1050600000";" -1,6935300000"
"202100012451";"18";"10";"2021";"17:45";"1";"33";"33063";"2";"1";"1";"3";"Cours de la Somme";"44,8160100000";" -0,5723300000"