"Num_Acc";"jour";"mois";"an";"hrmn";"lum";"dep";"com";"agg";"int";"atm";"col";"adr";"lat";"long"
"202100012452";"18";"10";"2021";"11:20";"1";"33";"33063";"2";"1";"1";"2";"Avenue du MarÃ©chal de Lattre de Tassigny";"44,8563200000";" -0,6178500000"
"202100012453";"17";"10";"2021";"07:20";"5";"33";"33249";"2";"1";"1";"3";"Quai Carriet";"44,8840200000";" -0,5304600000"
"202100012454";"18";"10";"2021";"20:00";"5";"31";"31149";"2";"6";"1";"3";"RD POINT GASCOGNE";"43,6085700000";"1,3268600000"
"202100012455";"18";"10";"2021";"10:50";"1";"31";"31555";"2";"1";"1";"6";"DESBALS (RUE HENRI)";"43,5790800000";"1,4110000000"
"202100012456";"17";"10";"2021";"08:50";"1";"29";"29019";"1";"6";"1";"3";"D67 - Rond Point de Kervalguen";"48,4490200000";" -4,5113700000"
"202100012457";"18";"10";"2021";"17:22";"1";"22";"22278";"2";"1";"1";"2";"APOLLINAIRE (GUILLAUME)";"48,4977600000";" -2,7462300000"
"202100012458";"17";"10";"2021";"05:38";"5";"21";"21231";"2";"1";"1";"6";"MARECHAL GALLIENI (BOULEVARD)";"47,3397400000";"5,0398000000"
"202100012459";"18";"10";"2021";"15:18";"1";"17";"17300";"2";"9";"1";"6";"SCHWEITZER   RUE DU DOCTEUR ALB";"46,1579200000";" -1,1438100000"
"202100012460";"18";"10";"2021";"19:47";"5";"14";"14118";"2";"9";"2";"6";"BRIAND (BOULEVARD ARISTIDE)";"49,1780500000";" -0,3636350000"
"202100012461";"17";"10";"2021";"16:30";"1";"14";"14437";"1";"1";"1";"6";"N814";"49,1769000000";" -0,3162500000"
"202100012462";"9";"09";"2021";"21:00";"2";"13";"13039";"1";"1";"1";"6";"GUIGONNET (Route du)";"43,4501800000";"4,9253500000"
"202100012463";"18";"10";"2021";"21:02";"5";"13";"13203";"2";"2";"1";"3";"CLOVIS HUGUES (RUE)";"43,3103000000";"5,3854300000"
"202100012464";"18";"10";"2021";"19:15";"2";"13";"13208";"2";"1";"1";"1";"PARADIS (RUE)";"43,2771500000";"5,3836400000"
"202100012465";"18";"10";"2021";"12:40";"1";"13";"13206";"2";"1";"1";"6";"LIEUTAUD (COURS)";"43,2883400000";"5,3844200000"
"202100012466";"17";"10";"2021";"19:55";"5";"10";"10362";"2";"1";"1";"3";"GENERAL GALLIENI (RUE DU)";"48,2941248238";"4,0572320670"
"202100012467";"18";"10";"2021";"08:55";"1";"09";"09225";"2";"1";"1";"6";"PAIX AVENUE DE LA";"43,1108800000";"1,6188600000"
"202100012468";"14";"10";"2021";"16:15";"1";"08";"08409";"2";"1";"7";"3";"STRASBOURG (RUE DE)";"49,6987900000";"4,9439800000"
"202100012469";"17";"10";"2021";"23:58";"5";"06";"06088";"2";"1";"1";"5";"ANGLAIS (DU NÂ° 114 AU NÂ° 263)";"43,6949130000";"7,2663320000"
"202100012470";"18";"10";"2021";"16:00";"1";"06";"06029";"2";"1";"1";"6";"MONTE-CARLO (AVENUE)";"43,5538960000";"6,9704700000"
"202100012471";"16";"10";"2021";"18:15";"1";"03";"03310";"2";"1";"1";"6";"AILES (ALLEE DES)";"46,1426800000";"3,4151000000"
"202100012472";"18";"10";"2021";"08:45";"1";"03";"03190";"2";"3";"1";"3";"Quai dâAllier";"46,5607900000";"3,3265000000"
"202100012473";"29";"07";"2021";"02:30";"5";"75";"75116";"2";"1";"1";"6";"VOIE GEORGES POMPIDOU";"48,8402060000";"2,2679820000"
"202100012474";"17";"10";"2021";"22:40";"5";"75";"75119";"2";"2";"1";"6";"RUE FESSART";"48,8767850000";"2,3838920000"
"202100012475";"16";"10";"2021";"18:06";"1";"75";"75116";"2";"1";"1";"5";"BOULEVARD SUCHET";"48,8583440000";"2,2653100000"
"202100012476";"16";"10";"2021";"09:44";"1";"75";"75110";"2";"2";"1";"6";"RUE DU FAUBOURG SAINT MARTIN";"48,8737730000";"2,3583160000"
"202100012477";"18";"10";"2021";"20:40";"5";"75";"75119";"2";"2";"3";"3";"RUE D AUBERVILLIERS";"48,8952710000";"2,3719270000"
"202100012478";"18";"10";"2021";"16:10";"1";"75";"75119";"2";"3";"1";"2";"RUE DU MAROC";"48,8858060000";"2,3706650000"
"202100012479";"18";"10";"2021";"20:00";"5";"75";"75118";"2";"1";"2";"2";"RUE DE L EVANGILE";"48,8949420000";"2,3682710000"
"202100012480";"18";"10";"2021";"11:05";"1";"75";"75118";"2";"7";"1";"4";"PLACE DE LA CHAPELLE";"48,8848260000";"2,3584440000"
"202100012481";"17";"10";"2021";"14:20";"1";"75";"75117";"2";"2";"1";"6";"AVENUE DES TERNES";"48,8783460000";"2,2955610000"
"202100012482";"18";"10";"2021";"16:18";"1";"75";"75116";"2";"7";"8";"3";"AVENUE D IENA";"48,8679500000";"2,2956990000"
"202100012483";"17";"10";"2021";"04:30";"5";"75";"75116";"2";"5";"1";"3";"AVENUE DU PRESIDENT WILSON";"48,8650710000";"2,2999710000"
"202100012484";"18";"10";"2021";"13:15";"1";"75";"75115";"2";"3";"1";"3";"RUE LINOIS";"48,8476970000";"2,2841310000"
"202100012485";"17";"10";"2021";"03:00";"5";"75";"75106";"2";"5";"1";"2";"BOULEVARD DU MONTPARNASSE";"48,8450970000";"2,3201270000"
"202100012486";"18";"10";"2021";"17:40";"1";"75";"75113";"2";"5";"8";"3";"AVENUE DE CHOISY";"48,8261760000";"2,3600060000"
"202100012487";"18";"10";"2021";"20:05";"2";"75";"75112";"2";"1";"2";"6";"QUAI DE LA RAPEE";"48,8468270000";"2,3663710000"
"202100012488";"18";"10";"2021";"10:50";"1";"75";"75120";"2";"2";"1";"3";"RUE PELLEPORT";"48,8707820000";"2,3992210000"
"202100012489";"17";"10";"2021";"17:30";"1";"75";"75107";"2";"2";"1";"2";"AVENUE JOSEPH BOUVARD";"48,8549450000";"2,2962510000"
"202100012490";"18";"10";"2021";"18:30";"2";"75";"75104";"2";"2";"1";"3";"QUAI DE L HOTEL DE VILLE";"48,8543690000";"2,3549710000"
"202100012491";"18";"10";"2021";"07:15";"5";"94";"94074";"2";"2";"1";"6";"Avenue Julien Duranton";"48,7653520000";"2,4476910000"
"202100012492";"18";"10";"2021";"20:27";"5";"94";"94046";"2";"2";"2";"3";"Avenue de la RÃ©publique";"48,8066010000";"2,4433410000"
"202100012493";"18";"10";"2021";"16:48";"1";"94";"94043";"2";"1";"1";"6";"Avenue Charles Gide";"48,8055200000";"2,3481300000"
"202100012494";"16";"10";"2021";"22:45";"4";"94";"94028";"2";"6";"1";"3";"Avenue du MarÃ©chal Foch";"48,7844800000";"2,4368740000"
"202100012495";"17";"10";"2021";"00:20";"5";"94";"94019";"2";"2";"1";"3";"Rue du Pont";"48,7902000000";"2,5224400000"
"202100012496";"16";"10";"2021";"15:30";"1";"94";"94002";"2";"1";"1";"2";"Quai Jean-Baptiste ClÃ©ment";"48,7951600000";"2,4224900000"
"202100012497";"18";"10";"2021";"13:55";"1";"93";"93049";"2";"2";"1";"3";"COMMANDANT RAYNAL (RUE)";"48,8570460000";"2,5014490000"
"202100012498";"18";"10";"2021";"15:05";"1";"93";"93047";"2";"1";"1";"6";"JARDINS  (RUE DES)";"48,8992760368";"2,5749193314"
"202100012499";"17";"10";"2021";"21:40";"5";"93";"93010";"2";"1";"1";"6";"GALLIENI (AV.) DE 1 A 109";"48,9054062311";"2,4754783522"
"202100012500";"18";"10";"2021";"13:50";"1";"93";"93007";"2";"1";"1";"3";"""PAUL VAILLANT COUTURIER (AVENUE """"DU 13";"48,9265835459";"2,4709139719"
"202100012501";"18";"10";"2021";"11:35";"1";"93";"93005";"2";"3";"1";"3";"DROITS DE LHOMME (CARREFOUR DES)";"48,9304390769";"2,4817852635"
"202100012502";"18";"10";"2021";"17:55";"1";"92";"92022";"2";"1";"1";"6";"STALINGRAD (RUE DE)";"48,8101200000";"2,1923300000"
"202100012503";"16";"10";"2021";"23:38";"5";"92";"92050";"2";"1";"1";"3";"CLEMENCEAU GEORGES AVENUE NÂ° PAIR";"48,8859443690";"2,2157500684"
"202100012504";"18";"10";"2021";"12:15";"1";"92";"92049";"2";"1";"1";"2";"JAURES AVENUE JEAN NÂ°53 A FIN";"48,8165320000";"2,3127460000"
"202100012505";"18";"10";"2021";"15:05";"1";"92";"92048";"2";"8";"1";"6";"GARDES (ROUTE DES) NÂ° 53";"48,8183855533";"2,2309488058"
"202100012506";"18";"10";"2021";"07:10";"5";"92";"92025";"2";"1";"1";"6";"CHARLES DE GAULLE (BD)";"48,9143840000";"2,2293670000"
"202100012507";"14";"10";"2021";"08:30";"1";"92";"92024";"2";"1";"1";"3";"CLICHY (QUAI DE) DE (104 A 202)";"48,9130100000";"2,3137700000"
"202100012508";"18";"10";"2021";"10:30";"1";"92";"92012";"2";"2";"1";"2";"GENERAL LECLERC (AVENUE DU) 35/FIN - 60/";"48,8319209074";"2,2381554878"
"202100012509";"16";"10";"2021";"16:35";"1";"47";"47192";"1";"1";"7";"1";"RD 241 La GrÃ¨ze";"44,5551270000";"0,5541010000"
"202100012510";"18";"10";"2021";"15:30";"1";"52";"52538";"1";"1";"1";"2";"RD143";"47,9861920000";"5,1913020000"
"202100012511";"19";"10";"2021";"09:15";"2";"33";"33478";"2";"1";"7";"6";"N/A";"45,0130040000";" -0,0023150000"
"202100012512";"17";"10";"2021";"09:20";"1";"06";"06161";"2";"1";"1";"7";"Avenue des Plans";"43,6495870000";"7,1317720000"
"202100012513";"18";"10";"2021";"11:00";"1";"974";"97422";"2";"1";"1";"1";"Rue Hubert Delisle";" -21,2754970000";"55,5136280000"
"202100012514";"18";"10";"2021";"19:30";"5";"972";"97216";"2";"1";"1";"6";"19 Rue Bellevue";"14,8152700000";" -61,0283710000"
"202100012515";"18";"10";"2021";"16:15";"1";"83";"83086";"1";"1";"1";"2";"1100 route d'aix";"43,4674465738";"6,5486159921"
"202100012516";"15";"10";"2021";"08:29";"2";"41";"41223";"1";"1";"9";"2";"A10";"47,6189510000";"1,2507680000"
"202100012517";"25";"08";"2021";"18:30";"1";"41";"41252";"1";"1";"1";"6";"Autoroute A10, PK138.650";"47,6908440000";"1,4314200000"
"202100012518";"14";"10";"2021";"17:45";"1";"58";"58086";"1";"1";"1";"7";"D118";"47,3794350000";"2,9528330000"
"202100012519";"15";"10";"2021";"12:45";"1";"62";"62118";"1";"2";"1";"3";"D74";"50,3707620000";"2,5511290000"
"202100012520";"17";"10";"2021";"17:00";"1";"34";"34169";"2";"9";"1";"6";"route de saint clement";"43,6709750000";"3,8612540000"
"202100012521";"19";"10";"2021";"20:00";"3";"62";"62786";"1";"1";"1";"6";"RD 215";"50,6930050000";"1,8858290000"
"202100012522";"19";"10";"2021";"12:20";"1";"76";"76752";"2";"3";"1";"6";"Place du General Leclerc";"49,6683393303";"0,8974057312"
"202100012523";"18";"10";"2021";"15:15";"1";"80";"80163";"1";"1";"1";"1";"D 925";"50,1089100000";"1,7812660000"
"202100012524";"19";"10";"2021";"17:00";"1";"80";"80738";"1";"1";"1";"1";"RD 936";"49,9533320000";"2,0550440000"
"202100012525";"19";"10";"2021";"07:59";"2";"80";"80606";"2";"2";"1";"1";"Avenue Francois Mitterrand";"49,9584750000";"1,7736030000"
"202100012526";"19";"10";"2021";"09:00";"1";"82";"82155";"1";"1";"1";"7";"D926";"44,1929590000";"1,6798780000"
"202100012527";"17";"10";"2021";"21:30";"3";"33";"33437";"1";"1";"1";"1";"Rue de la Corderie";"44,8569180000";" -0,0588370000"
"202100012528";"19";"10";"2021";"10:25";"1";"33";"33523";"1";"3";"1";"3";"N/A";"44,7440530000";" -0,2742260000"
"202100012529";"18";"10";"2021";"19:00";"5";"69";"69088";"2";"3";"1";"6";"JEAN BAPTISTE SIMON (Q)";"45,8310490000";"4,8511610000"
"202100012530";"25";"08";"2021";"10:00";"1";"32";"32027";"1";"3";"1";"3";"Chemin de Miqueou";"43,6820260000";" -0,1673160000"
"202100012531";"17";"10";"2021";"18:00";"1";"61";"61232";"1";"2";"1";"3";"La Menardiere Nord";"48,6446100000";" -0,6656280000"
"202100012532";"7";"09";"2021";"10:45";"1";"46";"46273";"1";"6";"1";"2";"Rd 803";"44,8690140000";"1,8752460000"
"202100012533";"18";"10";"2021";"02:39";"3";"86";"86293";"1";"2";"1";"3";"Peuchault";"46,4062710000";"0,2384360000"
"202100012534";"18";"10";"2021";"12:37";"1";"22";"22079";"1";"1";"2";"7";"Les Aulnays";"48,3869630000";" -2,7053730000"
"202100012535";"15";"10";"2021";"17:08";"1";"39";"39500";"2";"1";"1";"6";"16 Rue de la RÃ©publique";"46,9363930000";"5,8773480000"
"202100012536";"19";"10";"2021";"03:00";"3";"38";"38015";"1";"1";"1";"6";"Route de Roche";"45,5375200000";"5,1612030000"
"202100012537";"27";"08";"2021";"18:50";"1";"38";"38001";"1";"1";"1";"1";"1536 Rte de Saint Geoire En Valdaine";"45,4989740000";"5,6070540000"
"202100012538";"15";"10";"2021";"16:55";"1";"70";"70478";"1";"1";"1";"1";"D100";"47,7025560000";"6,2619920000"
"202100012539";"19";"10";"2021";"06:15";"5";"26";"26252";"1";"6";"1";"3";" 10 Rue Marcel Champion";"44,8578869000";"4,8718650000"
"202100012540";"17";"10";"2021";"11:25";"1";"58";"58189";"1";"1";"1";"6";"D38";"47,2304740000";"3,0908940000"
"202100012541";"19";"10";"2021";"11:40";"1";"58";"58057";"2";"7";"1";"6";"Place de l'Ã©glise";"46,7330040000";"3,1832670000"
"202100012542";"19";"10";"2021";"08:10";"2";"72";"72137";"1";"1";"5";"6";"Route de Mamers (La Fresnaye-sur-ChÃ©douet)";"48,4092280000";"0,1676760000"
"202100012543";"18";"10";"2021";"22:00";"3";"72";"72344";"1";"1";"2";"6";"D323";"47,9323670000";"0,1606860000"
"202100012544";"19";"10";"2021";"09:15";"1";"06";"06059";"1";"1";"1";"1";"M6007";"43,7270260000";"7,3503260000"
"202100012545";"19";"10";"2021";"10:30";"1";"14";"14055";"1";"3";"2";"2";"D675";"49,2592240000";"0,0953900000"
"202100012546";"19";"10";"2021";"17:40";"1";"14";"14605";"2";"6";"1";"3";"carrefour CD 514 et CD 517";"49,3593200000";" -0,8817360000"
"202100012547";"1";"07";"2021";"14:15";"1";"50";"50236";"2";"7";"1";"6";"Place du General de Gaulle";"49,2904120000";" -1,5440030000"
"202100012548";"18";"10";"2021";"14:45";"1";"50";"50320";"1";"1";"3";"1";"La motiniere , RD 7";"48,8510350000";" -1,3819170000"
"202100012549";"19";"10";"2021";"10:05";"1";"60";"60029";"2";"6";"8";"7";"Route de Gisors";"49,3685170000";"1,9863050000"
"202100012550";"17";"10";"2021";"17:00";"1";"07";"07073";"1";"1";"1";"1";"RD 534";"45,0081570000";"4,6315310000"
"202100012551";"19";"10";"2021";"14:00";"1";"07";"07240";"2";"3";"1";"3";"D86";"44,8454790000";"4,8188670000"
"202100012552";"10";"10";"2021";"19:00";"1";"37";"37099";"1";"1";"1";"6";"Route dÃ©partementale 751";"47,2917798589";"0,5314416230"
"202100012553";"17";"10";"2021";"18:25";"1";"52";"52119";"1";"1";"1";"6";"D308";"47,8305160000";"5,5004170000"
"202100012554";"17";"10";"2021";"16:00";"1";"19";"19002";"1";"1";"1";"6";"autoroute A 89";"45,6043860000";"2,4337510000"
"202100012555";"19";"10";"2021";"15:10";"1";"49";"49021";"1";"3";"1";"3";"Route des Bois d Anjou";"47,4546460000";" -0,1985240000"
"202100012556";"18";"10";"2021";"16:53";"1";"60";"60003";"1";"1";"1";"7";"Autoroute A16";"49,5210942836";"2,1865339191"
"202100012557";"19";"10";"2021";"07:15";"2";"13";"13103";"1";"1";"1";"6";"A7 - PK 230.000 - SENS SUD NORD";"43,6612750000";"5,1005960000"
"202100012558";"15";"10";"2021";"16:15";"1";"62";"62323";"1";"1";"1";"2";"A1";"50,2812400000";"2,8756920000"
"202100012559";"17";"10";"2021";"22:40";"3";"986";"98613";"2";"1";"1";"5";"Tepa";" -13,3000220000";" -176,2171370000"
"202100012560";"16";"10";"2021";"22:00";"3";"971";"97119";"1";"1";"2";"6";"Balin";"16,3695428475";" -61,4614033699"
"202100012561";"17";"10";"2021";"13:10";"1";"971";"97129";"2";"3";"1";"1";"DÃ©partementale 35 MORNE ROUGE";"16,3058780000";" -61,6557880000"
"202100012562";"19";"10";"2021";"08:30";"1";"2B";"2B042";"1";"1";"1";"4";"RT 11";"42,5597580000";"9,4582840000"
"202100012563";"19";"10";"2021";"07:40";"1";"2B";"2B042";"1";"4";"1";"5";"RT 11";"42,5717610000";"9,4410750000"
"202100012564";"15";"10";"2021";"05:30";"3";"34";"34176";"1";"2";"1";"3";"D24";"43,6353760000";"4,0540840000"
"202100012565";"18";"10";"2021";"18:00";"1";"34";"34327";"2";"3";"1";"3";"Avenue de Nimes";"43,6534790000";"3,9703470000"
"202100012566";"18";"10";"2021";"19:45";"3";"34";"34327";"1";"9";"1";"3";"Route DÃ©partementale 610";"43,6581620000";"3,9630600000"
"202100012567";"18";"10";"2021";"08:25";"1";"13";"13072";"1";"1";"1";"1";"Chemin Departemental 6";"43,4606840000";"5,6235090000"
"202100012568";"25";"08";"2021";"08:25";"1";"13";"13087";"1";"1";"1";"2";"D56c";"43,5048020000";"5,6221290000"
"202100012569";"19";"10";"2021";"17:00";"1";"89";"89083";"1";"9";"1";"2";"D31";"47,8415630000";"3,4957550000"
"202100012570";"17";"10";"2021";"13:45";"1";"68";"68309";"2";"6";"1";"7";"D201";"47,6683860000";"7,4412100000"
"202100012571";"15";"10";"2021";"17:20";"1";"68";"68309";"2";"6";"1";"7";"D201";"47,6652930000";"7,4441390000"
"202100012572";"19";"10";"2021";"07:50";"2";"68";"68111";"2";"3";"1";"6";"7 Rue de Rouffach";"48,0029120000";"7,2822910000"
"202100012573";"18";"10";"2021";"05:15";"3";"54";"54269";"1";"1";"8";"7";"Route Nationale 4";"48,5989124596";"6,3898855457"
"202100012574";"9";"10";"2021";"12:00";"1";"54";"54305";"1";"1";"1";"6";"D322a";"48,7445627142";"6,1855441340"
"202100012575";"17";"10";"2021";"14:40";"1";"74";"74056";"1";"1";"7";"2";"738 Route des Praz";"45,9360120000";"6,8771960000"
"202100012576";"19";"10";"2021";"07:00";"5";"38";"38553";"2";"9";"1";"1";"D313";"45,6184090000";"5,1458880000"
"202100012577";"19";"10";"2021";"16:55";"1";"38";"38381";"1";"3";"1";"3";"Route du Stade";"45,5601800000";"5,4775380000"
"202100012578";"19";"10";"2021";"15:45";"1";"26";"26313";"2";"1";"1";"6";"Chemin de Laye";"44,9611690000";"4,9372920000"
"202100012579";"17";"10";"2021";"06:25";"5";"26";"26085";"2";"1";"1";"6";" 37 Avenue de Montelimar";"44,4895560000";"4,7195880000"
"202100012580";"13";"10";"2021";"18:35";"1";"09";"09282";"1";"3";"1";"2";"RD 820";"43,2545180000";"1,5639850000"
"202100012581";"15";"10";"2021";"23:15";"5";"33";"33230";"2";"2";"1";"3";"Lieu Dit Peuchaud";"45,0920960000";" -0,2859990000"
"202100012582";"17";"10";"2021";"11:05";"1";"85";"85009";"1";"1";"1";"7";"Route de Chaix";"46,4364230000";" -0,8664820000"
"202100012583";"17";"10";"2021";"04:00";"3";"14";"14679";"1";"1";"1";"6";"D99";"49,2320280000";" -0,7530620000"
"202100012584";"18";"10";"2021";"11:00";"1";"35";"35196";"1";"9";"2";"3";"La Guichardais du Meu";"48,0671460000";" -1,8220080000"
"202100012585";"17";"10";"2021";"13:25";"1";"35";"35001";"2";"1";"1";"6";"3 Rue des Verdaudais";"48,1347090000";" -1,5337100000"
"202100012586";"17";"10";"2021";"11:55";"1";"76";"76714";"1";"2";"1";"3";"D6015";"49,5453730000";"0,3934480000"
"202100012587";"18";"10";"2021";"10:45";"1";"60";"60589";"2";"6";"1";"2";"route dÃ©partementale 44";"49,2056650000";"2,4631550000"
"202100012588";"18";"10";"2021";"18:40";"5";"60";"60141";"2";"3";"1";"3";"Avenue du GÃ©nÃ©ral Leclerc";"49,1776394589";"2,4552766979"
"202100012589";"19";"10";"2021";"08:00";"2";"60";"60570";"1";"1";"1";"3";"D5";"49,2535496174";"2,0784324433"
"202100012590";"19";"10";"2021";"11:00";"1";"80";"80307";"1";"1";"2";"2";"Autoroute A1, PK 127+800, sens PARIS-LILLE";"49,9366070000";"2,8521110000"
"202100012591";"8";"10";"2021";"08:10";"2";"62";"62073";"2";"1";"5";"3";"176 Rue d Arras";"50,3383800000";"2,8493430000"
"202100012592";"18";"10";"2021";"20:45";"3";"13";"13055";"1";"1";"1";"2";"A507 sens Marseille - Aubagne";"43,2871230000";"5,4248010000"
"202100012593";"14";"10";"2021";"08:35";"1";"13";"13081";"1";"1";"1";"3";"A7-Sens Lyon vers Marseille";"43,4753559619";"5,2367148399"
"202100012594";"17";"10";"2021";"21:10";"3";"13";"13055";"1";"1";"1";"2";"A507 sens Aubagne- Marseille";"43,3245000000";"5,4227800000"
"202100012595";"13";"10";"2021";"21:00";"5";"69";"69194";"1";"9";"1";"4";"BPNL   36.318 A 37.781";"45,7891228855";"4,8077470064"
"202100012596";"18";"10";"2021";"17:20";"1";"33";"33281";"1";"1";"1";"3";"ROCADE A 630";"44,8503460000";" -0,6674150000"
"202100012597";"18";"10";"2021";"16:00";"1";"33";"33249";"1";"1";"1";"3";"ROCADE A 630";"44,8838900000";" -0,5192160000"
"202100012598";"18";"10";"2021";"08:00";"1";"33";"33080";"1";"1";"1";"6";"AUTOROUTE A 62";"44,7319080000";" -0,5306580000"
"202100012599";"18";"10";"2021";"12:15";"1";"94";"94003";"1";"1";"1";"4";"AUTOROUTE A6A";"48,8130200000";"2,3361200000"
"202100012600";"17";"10";"2021";"21:39";"3";"94";"94016";"1";"1";"1";"6";"AUTOROUTE A6B";"48,7950500000";"2,3445400000"
"202100012601";"17";"10";"2021";"06:45";"5";"78";"78043";"1";"1";"1";"6";"A12 Y";"48,8229060000";"2,0717720000"
"202100012602";"18";"10";"2021";"17:15";"1";"93";"93008";"1";"1";"1";"4";"AUTOROUTE A86";"48,9056607807";"2,4635386402"
"202100012603";"18";"10";"2021";"00:20";"3";"93";"93078";"1";"1";"2";"6";"AUTOROUTE A104";"48,9587200000";"2,5269100000"
"202100012604";"17";"10";"2021";"22:15";"5";"93";"93066";"1";"1";"1";"6";"AUTOROUTE A1";"48,9230600000";"2,3574500000"
"202100012605";"18";"10";"2021";"08:40";"1";"77";"77294";"1";"1";"1";"6";"A104";"48,9654214003";"2,6081129225"
"202100012606";"18";"06";"2021";"10:10";"1";"43";"43157";"2";"1";"8";"2";"CLUNY (BD. DE)";"45,0490000000";"3,8915000000"
"202100012607";"17";"06";"2021";"09:10";"1";"43";"43157";"2";"3";"8";"3";"FARIGOULE (RUE PIERRE)";"45,0411600000";"3,8901350000"
"202100012608";"23";"03";"2021";"17:00";"1";"60";"60684";"2";"1";"1";"3";"avenue FrÃ©dÃ©ric et IrÃ¨ne Joliot Curie";"49,2794100000";"2,4963500000"
"202100012609";"23";"04";"2021";"19:00";"1";"60";"60057";"2";"3";"1";"3";"Rue Condorcet";"49,4354100000";"2,0777600000"
"202100012610";"15";"07";"2021";"14:50";"1";"74";"74006";"1";"1";"3";"3";"A41";"45,9850950000";"6,1285850000"
"202100012611";"15";"06";"2021";"18:55";"1";"74";"74278";"2";"1";"1";"7";"Av des Iles";"46,0835230000";"6,5238460000"
"202100012612";"3";"07";"2021";"16:30";"1";"74";"74161";"1";"1";"3";"6";"Rte de Rumilly";"45,8805230000";"5,9900810000"
"202100012613";"13";"06";"2021";"20:30";"2";"74";"74290";"1";"1";"1";"7";"Che de Loriaz";"46,0246960000";"6,9119450000"
"202100012614";"3";"06";"2021";"11:20";"1";"69";"69003";"2";"9";"1";"1";"GABRIEL PERI (AV)";"45,8702040000";"4,8322040000"
"202100012615";"17";"10";"2021";"18:05";"3";"976";"97611";"2";"1";"1";"7";"kaweni-GEOLE (la)";" -12,7663800000";"45,2248400000"
"202100012616";"17";"10";"2021";"11:24";"1";"974";"97416";"2";"1";"1";"7";"ANCIENNE RN 1";" -21,3059760000";"55,4291660000"
"202100012617";"17";"10";"2021";"05:30";"1";"974";"97409";"2";"1";"1";"3";"PENTE SASSY (chemin de la)";" -20,9667400000";"55,6595200000"
"202100012618";"17";"10";"2021";"20:45";"5";"973";"97302";"1";"1";"1";"2";"ROUTE NATIONALE 1";"4,9065100000";" -52,3228600000"
"202100012619";"16";"10";"2021";"13:30";"1";"973";"97302";"1";"3";"1";"5";"TIGRE (ROUTE DU)";"4,9149035380";" -52,3106002809"
"202100012620";"17";"10";"2021";"12:30";"1";"69";"69387";"2";"2";"1";"3";"PRE GAUDRY (DU) (R)";"45,7381600000";"4,8377100000"
"202100012621";"17";"10";"2021";"18:35";"2";"972";"97213";"1";"1";"1";"2";"ROUTE NATIONALE 5";"14,5962000000";" -60,9898000000"
"202100012622";"8";"10";"2021";"23:45";"5";"69";"69034";"2";"9";"1";"2";"ROCHETTE (DE LA) (MO)";"45,7884600000";"4,8272900000"
"202100012623";"17";"10";"2021";"23:00";"5";"69";"69381";"2";"3";"1";"3";"ST VINCENT (Q)";"45,7675100000";"4,8289800000"
"202100012624";"22";"09";"2021";"06:45";"2";"69";"69389";"2";"3";"1";"6";"DUCHERE (DE LA) (BD)";"45,7756101463";"4,7950011492"
"202100012625";"13";"10";"2021";"16:45";"1";"69";"69149";"2";"2";"1";"3";"FRANCISQUE JOMARD (R)";"45,7176000000";"4,7906200000"
"202100012626";"16";"10";"2021";"17:30";"1";"69";"69286";"2";"1";"1";"6";"EUROPE (DE L') (AV)";"45,8147500000";"4,8950500000"
"202100012627";"16";"10";"2021";"18:30";"1";"2A";"2A004";"2";"1";"1";"3";"PIETRI FRANCOIS RUE";"41,9351368734";"8,7471578848"
"202100012628";"12";"10";"2021";"08:00";"1";"95";"95585";"2";"1";"1";"6";"BROSSELETTE (RUE PIERRE)";"48,9940704732";"2,3783576488"
"202100012629";"17";"10";"2021";"18:00";"1";"95";"95555";"2";"1";"1";"6";"CASANOVA (AVENUE DANIELLE)";"48,9743700000";"2,2906700000"
"202100012630";"17";"10";"2021";"12:50";"1";"91";"91667";"2";"1";"1";"2";"CORBEIL (ROUTE DE)";"48,6564990000";"2,3390110000"
"202100012631";"17";"10";"2021";"16:50";"1";"83";"83137";"2";"1";"1";"2";"TIRAILLEURS SENEGALAIS (AVE DES)";"43,1102560000";"5,9319720000"
"202100012632";"17";"10";"2021";"10:35";"1";"83";"83137";"2";"3";"1";"3";"BAZEILLES (BD / ROND POINT DE)";"43,1120847849";"5,9357392788"
"202100012633";"15";"10";"2021";"17:00";"1";"83";"83137";"1";"1";"1";"1";"RD46";"43,1318310000";"5,9189820000"
"202100012634";"17";"10";"2021";"11:10";"1";"83";"83069";"2";"1";"1";"2";"QUINZIEME CORPS (RUE DU)";"43,1222449740";"6,1414217949"
"202100012635";"16";"10";"2021";"13:10";"1";"83";"83069";"2";"1";"1";"2";"CASTEUIL (RUE ALEXANDRE)";"43,1190820000";"6,1272210000"
"202100012636";"17";"10";"2021";"10:00";"1";"81";"81018";"1";"1";"1";"3";"BERGES DU TARN AVAL DU PONT";"43,9515500000";"2,2339300000"
"202100012637";"17";"10";"2021";"20:14";"5";"78";"78643";"2";"3";"1";"1";"JAURES RUE JEAN";"48,9780570000";"1,9959540000"
"202100012638";"17";"10";"2021";"20:30";"3";"77";"77186";"1";"1";"1";"2";"D607";"48,3646100000";"2,6915400000"
"202100012639";"17";"10";"2021";"07:20";"5";"76";"76545";"2";"3";"1";"3";"CHAMP DE COURSES (RUE DU)";"49,9084500000";"1,0876900000"