"Num_Acc";"jour";"mois";"an";"hrmn";"lum";"dep";"com";"agg";"int";"atm";"col";"adr";"lat";"long"
"202100012640";"17";"10";"2021";"10:50";"1";"74";"74008";"2";"1";"1";"6";"NEGOCIANTS (RUE DES)";"46,1939800000";"6,2281100000"
"202100012641";"15";"10";"2021";"20:30";"5";"69";"69266";"2";"5";"1";"3";"LEON BLUM (R)";"45,7602858286";"4,9010280038"
"202100012642";"16";"10";"2021";"14:51";"1";"69";"69266";"2";"1";"1";"6";"LEON BLUM (R)";"45,7598300000";"4,8957700000"
"202100012643";"16";"10";"2021";"13:00";"1";"69";"69264";"2";"1";"1";"6";"D306";"45,9821322528";"4,7415447235"
"202100012644";"17";"10";"2021";"15:30";"1";"64";"64445";"2";"9";"1";"3";"CATHERINE DE BOURBON";"43,3248200000";" -0,3573800000"
"202100012645";"17";"10";"2021";"00:30";"5";"62";"62083";"2";"3";"1";"3";"GARE (RUE DE LA)";"50,4635800000";"2,6155400000"
"202100012646";"12";"10";"2021";"16:45";"1";"61";"61169";"2";"9";"7";"3";"Rue de Paris";"48,7509210000";" -0,5506560000"
"202100012647";"17";"10";"2021";"19:20";"2";"61";"61001";"2";"1";"1";"3";"KOUTIALA (BOULEVARD)";"48,4243900000";"0,0794400000"
"202100012648";"17";"10";"2021";"19:10";"3";"59";"59350";"2";"6";"1";"3";"STRASBOURG BOULEVARD";"50,6174500000";"3,0609300000"
"202100012649";"29";"08";"2021";"21:20";"2";"59";"59009";"2";"1";"1";"6";"BOUDERIEZ MARCEL RUE";"50,6175515104";"3,1473724544"
"202100012650";"17";"10";"2021";"16:40";"1";"59";"59043";"2";"1";"1";"6";"PHILIPPE VAN TIEGHEM (RUE)";"50,7345500000";"2,7287000000"
"202100012651";"17";"10";"2021";"18:30";"2";"57";"57480";"2";"1";"8";"1";"HAUT RHELE (RUE DU )";"49,0968400000";"6,1359600000"
"202100012652";"17";"10";"2021";"16:50";"1";"54";"54395";"2";"2";"1";"3";"ARC ( RUE JEANNE D'N";"48,6797700000";"6,1761200000"
"202100012653";"17";"10";"2021";"17:17";"1";"38";"38421";"2";"2";"1";"1";"AVENUE AMBROISE CROIZAT";"45,1816100000";"5,7631200000"
"202100012654";"17";"10";"2021";"07:05";"5";"33";"33281";"2";"1";"1";"7";"AVE DE MAGUDAS";"44,8587500000";" -0,6733800000"
"202100012655";"17";"10";"2021";"11:40";"1";"31";"31555";"2";"1";"1";"6";"AV CAMILLE PUJOL";"43,6017000000";"1,4589100000"
"202100012656";"17";"10";"2021";"03:53";"5";"31";"31555";"2";"1";"1";"6";"NARBONNE (ROUTE DE)";"43,5618100000";"1,4622100000"
"202100012657";"16";"10";"2021";"16:40";"1";"31";"31555";"2";"1";"1";"6";"LOGE (CHE DE LA) DU 1AU 18";"43,5774700000";"1,4342900000"
"202100012658";"16";"10";"2021";"17:15";"1";"30";"30007";"2";"1";"1";"6";"CARNOT (AVE)";"44,1215300000";"4,0841700000"
"202100012659";"17";"10";"2021";"15:30";"1";"27";"27375";"1";"1";"1";"1";"RD313";"49,2339400000";"1,1339300000"
"202100012660";"17";"10";"2021";"05:00";"3";"25";"25056";"2";"1";"1";"6";"RN 1057 (BD CHURCHIL-ROUTE DE GRAY)";"47,2416300000";"5,9823600000"
"202100012661";"17";"10";"2021";"12:40";"1";"15";"15012";"2";"1";"1";"6";"TOYRE (RUE JEAN)";"44,9068290000";"2,4876210000"
"202100012662";"17";"10";"2021";"06:00";"5";"13";"13211";"2";"1";"1";"2";"COMMANDANT DE ROBIEN (RUE)";"43,2900000000";"5,4800000000"
"202100012663";"17";"10";"2021";"16:45";"1";"13";"13214";"2";"3";"1";"3";"BISKRA (RUE DE)";"43,3276000000";"5,3751600000"
"202100012664";"17";"10";"2021";"12:30";"1";"13";"13201";"2";"1";"1";"3";"HENRI BARBUSSE (RUE)";"43,2985900000";"5,3738500000"
"202100012665";"16";"10";"2021";"16:15";"1";"13";"13047";"1";"1";"1";"6";"D.5";"43,4712500000";"4,9991300000"
"202100012666";"17";"10";"2021";"07:22";"5";"09";"09225";"2";"4";"1";"3";"JEU DU MAIL AVENUE DU";"43,1227670000";"1,6025560000"
"202100012667";"17";"10";"2021";"02:00";"5";"06";"06069";"2";"1";"1";"2";"CHEVREFEUILLES (CHEMIN DES)";"43,6406590000";"6,9177580000"
"202100012668";"16";"10";"2021";"08:30";"1";"75";"75105";"2";"2";"1";"3";"BOULEVARD SAINT GERMAIN";"48,8494380000";"2,3544090000"
"202100012669";"17";"10";"2021";"16:45";"1";"75";"75119";"2";"2";"1";"3";"RUE ROUVET";"48,8934450000";"2,3846070000"
"202100012670";"16";"10";"2021";"23:20";"5";"75";"75119";"2";"7";"1";"3";"PLACE DE LA PORTE DE PANTIN";"48,8895070000";"2,3957560000"
"202100012671";"17";"10";"2021";"13:10";"1";"75";"75118";"2";"4";"1";"2";"RUE GANNERON";"48,8858110000";"2,3263770000"
"202100012672";"17";"10";"2021";"01:31";"5";"75";"75108";"2";"2";"1";"3";"BOULEVARD MALESHERBES";"48,8808490000";"2,3125390000"
"202100012673";"15";"10";"2021";"23:30";"5";"75";"75117";"2";"2";"1";"3";"BOULEVARD DE COURCELLES";"48,8808630000";"2,3126440000"
"202100012674";"17";"10";"2021";"18:00";"1";"75";"75116";"2";"2";"1";"3";"RUE DU GENERAL NIOX";"48,8367170000";"2,2629100000"
"202100012675";"17";"10";"2021";"00:00";"5";"75";"75116";"2";"3";"1";"6";"RUE CHANEZ";"48,8453300000";"2,2588600000"
"202100012676";"17";"10";"2021";"16:30";"1";"75";"75114";"2";"7";"1";"6";"AVENUE MARC SANGNIER";"48,8266920000";"2,3048910000"
"202100012677";"17";"10";"2021";"11:45";"1";"75";"75110";"2";"2";"1";"3";"BOULEVARD SAINT DENIS";"48,8693240000";"2,3542540000"
"202100012678";"17";"10";"2021";"12:00";"1";"75";"75110";"2";"2";"1";"1";"RUE D HAUTEVILLE";"48,8753140000";"2,3509210000"
"202100012679";"17";"10";"2021";"05:35";"5";"75";"75110";"2";"2";"1";"7";"BOULEVARD DE MAGENTA";"48,8737660000";"2,3583270000"
"202100012680";"16";"10";"2021";"20:45";"5";"75";"75109";"2";"2";"1";"7";"BOULEVARD DE CLICHY";"48,8819290000";"2,3397020000"
"202100012681";"17";"10";"2021";"11:00";"1";"75";"75108";"2";"4";"1";"4";"RUE LA BOETIE";"48,8721370000";"2,3090510000"
"202100012682";"17";"10";"2021";"09:45";"1";"75";"75108";"2";"7";"1";"2";"PLACE SAINT AUGUSTIN";"48,8747540000";"2,3197840000"
"202100012683";"17";"10";"2021";"14:50";"1";"75";"75107";"2";"2";"1";"3";"RUE DE GRENELLE";"48,8550000000";"2,3245790000"
"202100012684";"17";"10";"2021";"12:55";"1";"75";"75107";"2";"3";"1";"1";"QUAI D ORSAY";"48,8628760000";"2,3151900000"
"202100012685";"17";"10";"2021";"00:51";"5";"75";"75103";"2";"3";"1";"2";"RUE SAINT MARTIN";"48,8679230000";"2,3550240000"
"202100012686";"17";"10";"2021";"21:00";"4";"94";"94003";"2";"1";"1";"2";"Avenue Aristide Briand";"48,8085800000";"2,3262500000"
"202100012687";"17";"10";"2021";"16:55";"1";"94";"94043";"2";"1";"1";"7";"Rue Edmond Michelet";"48,8108108469";"2,3637127876"
"202100012688";"17";"10";"2021";"18:10";"1";"93";"93077";"2";"3";"1";"2";"ROSNY (AVENUE DE)";"48,8848000000";"2,5023300000"
"202100012689";"17";"10";"2021";"19:39";"5";"93";"93055";"1";"1";"1";"6";"DIDEROT";"48,9031593135";"2,4048214776"
"202100012690";"17";"10";"2021";"08:33";"2";"93";"93010";"2";"3";"1";"6";"VAILLANT (RUE EDOUARD) 1 A 25";"48,8952200000";"2,4871100000"
"202100012691";"17";"10";"2021";"19:15";"5";"93";"93051";"2";"1";"1";"3";"NEUILLY (ROUTE)";"48,8511500000";"2,5344400000"
"202100012692";"17";"10";"2021";"15:30";"1";"92";"92062";"2";"1";"1";"2";"DE DION BOUTON (QUAI) DU 29 AU 65";"48,8836326602";"2,2492682934"
"202100012693";"16";"10";"2021";"19:40";"5";"92";"92051";"2";"1";"1";"3";"VICTOR HUGO (BOULEVARD, NÂ° 9 A 49 ET 16";"48,8872097178";"2,2787913173"
"202100012694";"17";"10";"2021";"11:00";"1";"92";"92050";"2";"1";"1";"6";"CASTEL MARLY RUE DU";"48,8891301295";"2,1953324229"
"202100012695";"17";"10";"2021";"11:30";"1";"47";"47146";"1";"3";"1";"1";"Avenue de Casseneuil";"44,4302900000";"0,6861470000"
"202100012696";"14";"10";"2021";"05:35";"3";"47";"47060";"1";"1";"5";"6";"Route de Saint Sixte";"44,1169580000";"0,7409870000"
"202100012697";"17";"10";"2021";"12:25";"1";"35";"35195";"1";"3";"1";"1";"Lieu Dit Langager";"48,3041500000";" -1,6852270000"
"202100012698";"17";"10";"2021";"16:20";"1";"11";"11195";"1";"1";"1";"6";"A61 - PK 292.850";"43,2707060000";"2,0038030000"
"202100012699";"16";"10";"2021";"10:55";"1";"68";"68173";"2";"4";"1";"6";"Les Cottis";"48,1021190000";"7,1936290000"
"202100012700";"14";"10";"2021";"13:45";"1";"974";"97422";"2";"1";"1";"3";"Rue Jules Bertaut";" -21,2849460000";"55,5111690000"
"202100012701";"17";"10";"2021";"15:50";"1";"63";"63048";"1";"1";"1";"7";"d987";"45,6397580000";"2,5577330000"
"202100012702";"16";"10";"2021";"15:00";"1";"83";"83036";"2";"3";"1";"3";"Departemental 559";"43,1742110000";"6,5334640000"
"202100012703";"17";"10";"2021";"21:30";"3";"71";"71384";"1";"1";"8";"2";"A6 - PK342+730 SENS LYON/PARIS";"46,6875580000";"4,8447130000"
"202100012704";"18";"10";"2021";"16:50";"1";"38";"38239";"2";"1";"1";"2";"Rue du 8 Mai 1945";"45,3268360000";"5,5628210000"
"202100012705";"13";"10";"2021";"11:05";"1";"44";"44224";"1";"2";"1";"3";"La Noe de la Barre";"47,5074010000";" -1,7045420000"
"202100012706";"18";"10";"2021";"10:30";"1";"83";"83054";"2";"1";"1";"1";"Chemin Alphonse Lavallee";"43,1577760000";"6,0483540000"
"202100012707";"16";"10";"2021";"15:30";"1";"83";"83087";"1";"1";"1";"5";"D560";"43,3906220000";"5,7755260000"
"202100012708";"16";"10";"2021";"00:33";"5";"51";"51657";"2";"1";"1";"7";"D26";"49,2323500000";"3,9114730000"
"202100012709";"2";"09";"2021";"17:45";"1";"56";"56173";"1";"2";"7";"3";"Kermouellic";"47,9969290000";" -3,0556210000"
"202100012710";"4";"10";"2021";"11:15";"1";"56";"56186";"2";"2";"1";"3";"Rue du Point du Jour";"47,4874150000";" -3,1274770000"
"202100012711";"15";"10";"2021";"20:20";"3";"77";"77019";"1";"1";"1";"1";"D411";"48,3913990000";"3,1570890000"
"202100012712";"17";"10";"2021";"14:30";"1";"2A";"2A362";"1";"1";"1";"3";"RT10 -PK: 43  - lieu dit sainte lucie de porto vecchio";"41,7071620000";"9,3827590000"
"202100012713";"14";"10";"2021";"14:40";"1";"82";"82035";"1";"2";"1";"3";"D12";"44,0354060000";"1,0089930000"
"202100012714";"17";"10";"2021";"19:00";"2";"65";"65257";"1";"1";"1";"7";"route dÃ©partemantale 216";"43,1639760000";"0,0010350000"
"202100012715";"17";"10";"2021";"18:00";"1";"33";"33316";"1";"1";"1";"1";"N/A";"44,7325460000";"0,0888210000"
"202100012716";"17";"10";"2021";"16:00";"1";"32";"32064";"2";"1";"1";"6";"Lieu Dit HiguÃ©";"43,8867200000";"0,1333220000"
"202100012717";"14";"10";"2021";"08:45";"1";"61";"61294";"2";"1";"7";"6";"33 Grande Rue";"48,6397610000";"0,0774140000"
"202100012718";"16";"10";"2021";"10:41";"1";"49";"49373";"1";"2";"1";"3";"Le Plessis Tremont";"47,1546800000";" -0,4579737000"
"202100012719";"21";"09";"2021";"11:30";"1";"49";"49307";"1";"2";"1";"3";"D55";"47,4144220000";" -0,3116030000"
"202100012720";"17";"10";"2021";"17:15";"1";"47";"47095";"1";"3";"1";"3";"D813";"44,4284630000";"0,2789710000"
"202100012721";"17";"10";"2021";"07:40";"2";"34";"34223";"1";"2";"1";"6";"D154";"43,4517230000";"3,1886020000"
"202100012722";"14";"10";"2021";"19:50";"3";"44";"44041";"2";"1";"1";"7";"Rue des Landes de Trejet";"47,1117560000";" -1,5955100000"
"202100012723";"1";"10";"2021";"13:00";"1";"35";"35264";"1";"1";"3";"1";"La Croix Charron";"48,0806340000";" -1,3728130000"
"202100012724";"16";"10";"2021";"21:30";"3";"29";"29023";"2";"1";"1";"6";"Route de la Grande GrÃªve";"48,6604400000";" -3,9239550000"
"202100012725";"18";"10";"2021";"11:50";"1";"31";"31143";"1";"2";"1";"3";"D8";"43,0681820000";"0,6130990000"
"202100012726";"17";"10";"2021";"18:20";"2";"38";"38453";"1";"1";"1";"6";"957 Route du Stade";"45,1081130000";"5,3101410000"
"202100012727";"16";"10";"2021";"11:40";"1";"38";"38095";"1";"1";"1";"6";"Rte de Saint Bonnet de Chavagne";"45,1330200000";"5,2553160000"
"202100012728";"18";"10";"2021";"17:00";"1";"03";"03312";"1";"1";"1";"2";"Les Cinq Chenes";"46,4919550000";"2,9013290000"
"202100012729";"18";"10";"2021";"11:30";"1";"54";"54369";"1";"1";"1";"6";"D40";"48,8032455333";"6,1161446566"
"202100012730";"17";"10";"2021";"19:00";"3";"83";"83041";"1";"1";"1";"1";"D55";"43,5978950000";"6,5467360000"
"202100012731";"17";"10";"2021";"17:00";"2";"73";"73247";"1";"1";"7";"2";"D201";"45,5454780000";"6,1156400000"
"202100012732";"17";"10";"2021";"12:30";"1";"18";"18001";"1";"1";"1";"6";"les petites fougeres";"47,2693730000";"2,4388250000"
"202100012733";"18";"10";"2021";"10:00";"1";"43";"43239";"2";"1";"7";"1";"Rue Gal J Baptiste de Morangies";"45,0921710000";"3,6348970000"
"202100012734";"17";"10";"2021";"17:55";"1";"10";"10238";"1";"3";"1";"3";"Route Departementale 619";"48,2423390000";"4,3494270000"
"202100012735";"16";"10";"2021";"09:00";"1";"36";"36031";"1";"1";"1";"6";"Chamboise";"46,8776130000";"1,3955390000"
"202100012736";"17";"10";"2021";"09:50";"1";"07";"07188";"2";"6";"1";"3";"rond-point du Pontet";"45,1906570000";"4,6869130000"
"202100012737";"16";"10";"2021";"16:10";"1";"85";"85090";"1";"4";"1";"5";"RUE DES TUMULUS";"46,8577110000";" -0,8222580000"
"202100012738";"16";"10";"2021";"15:49";"1";"28";"28052";"1";"9";"1";"7";"D327";"48,5453290000";"1,5203830000"
"202100012739";"6";"10";"2021";"07:00";"2";"17";"17016";"2";"2";"1";"3";"Route de Barbezieux";"45,5245970000";" -0,2972260000"
"202100012740";"14";"10";"2021";"09:35";"1";"987";"98752";"1";"1";"1";"3";"PK 45+500 RT1";" -17,7220550000";" -149,4046530000"
"202100012741";"18";"10";"2021";"08:05";"2";"60";"60030";"1";"1";"1";"4";"A16 pk 58+880 sens PARIS-BOULOGNE";"49,3280970576";"2,0949854849"
"202100012742";"16";"10";"2021";"16:55";"1";"03";"03277";"1";"1";"1";"7";"A71 PK 327+750";"46,2779080000";"3,0523590000"
"202100012743";"17";"10";"2021";"16:30";"1";"53";"53213";"1";"1";"1";"1";"RD 33";"48,3965280000";" -1,0577770000"
"202100012744";"17";"10";"2021";"11:45";"1";"49";"49188";"1";"1";"1";"7";"A11 - PK 237+500";"47,5953400000";" -0,3151700000"
"202100012745";"18";"10";"2021";"12:15";"1";"73";"73304";"2";"6";"1";"6";"D902 rond point de l'office";"45,4489280000";"6,9798860000"
"202100012746";"18";"10";"2021";"17:05";"1";"74";"74262";"1";"1";"1";"6";"A40";"46,1348240000";"6,3191130000"
"202100012747";"24";"09";"2021";"21:30";"3";"84";"84087";"1";"1";"1";"6";"A7 PK 171+500";"44,1116240000";"4,8295860000"
"202100012748";"17";"10";"2021";"17:15";"1";"77";"77370";"1";"1";"1";"3";"A77, PK 0+700";"48,2214600000";"2,7700250000"
"202100012749";"9";"10";"2021";"11:35";"1";"987";"98714";"1";"1";"2";"3";"quartier Amanahune - rte 101";" -16,4954170000";" -151,7388890000"
"202100012750";"18";"10";"2021";"02:24";"3";"988";"98808";"1";"1";"1";"7";"NÃ©kouÃ© (Tribu)";" -21,2537340000";"165,6045150000"
"202100012751";"18";"10";"2021";"14:00";"1";"988";"98803";"1";"1";"3";"6";"RT1";" -21,4773110000";"165,3623910000"
"202100012752";"18";"10";"2021";"03:20";"5";"974";"97415";"1";"6";"1";"1";"Route de Saint Pierre";" -21,0876980000";"55,2377560000"
"202100012753";"16";"10";"2021";"13:00";"1";"971";"97128";"1";"1";"1";"2";"Route de Surgy";"16,2568830000";" -61,3464600000"
"202100012754";"18";"10";"2021";"07:15";"5";"33";"33199";"2";"3";"1";"3";"76 Route des Lacs";"44,6305600000";" -1,1100090000"
"202100012755";"17";"10";"2021";"17:05";"1";"28";"28208";"1";"1";"1";"2";"DÃ©partementale 910";"48,5031920000";"1,7426420000"
"202100012756";"14";"10";"2021";"17:38";"1";"77";"77171";"2";"1";"1";"2";"D5";"48,9001790000";"2,8114860000"
"202100012757";"27";"05";"2021";"18:15";"1";"77";"77474";"1";"1";"1";"2";"Trilbardou";"48,9577070000";"2,8032300000"
"202100012758";"18";"10";"2021";"17:45";"1";"77";"77142";"1";"1";"1";"6";"D21";"48,8617360000";"2,9338220000"
"202100012759";"16";"10";"2021";"23:05";"3";"95";"95040";"1";"1";"1";"2";"RD 14";"49,1057207761";"1,8858639902"
"202100012760";"16";"10";"2021";"21:50";"3";"95";"95002";"1";"1";"1";"7";"RD14";"49,0708080000";"1,9674540000"
"202100012761";"16";"10";"2021";"18:10";"1";"78";"78090";"1";"1";"1";"6";"Rue de Flins";"48,9667820000";"1,8890770000"
"202100012762";"17";"10";"2021";"15:15";"1";"30";"30105";"1";"1";"1";"6";"dÃ©partementale 48";"44,0886180000";"3,5388640000"
"202100012763";"17";"10";"2021";"11:14";"1";"34";"34023";"2";"2";"1";"6";"Route de SÃ¨te";"43,4433850000";"3,6966850000"
"202100012764";"14";"10";"2021";"18:34";"1";"34";"34327";"2";"1";"1";"3";"D613";"43,6499880000";"3,9576320000"
"202100012765";"17";"10";"2021";"15:30";"1";"63";"63204";"1";"4";"1";"3";"RD 54";"45,8267920000";"3,1990170000"
"202100012766";"12";"09";"2021";"18:39";"1";"74";"74243";"2";"1";"1";"7";"2 R des Muguets";"46,1375980000";"6,0795130000"
"202100012767";"17";"10";"2021";"07:50";"1";"38";"38051";"1";"1";"5";"1";"D519";"45,3278920000";"4,8798180000"
"202100012768";"17";"10";"2021";"05:30";"5";"38";"38348";"2";"1";"5";"7";"Impasse des Moulins";"45,5784280000";"5,3059280000"
"202100012769";"12";"10";"2021";"20:15";"3";"38";"38087";"1";"1";"1";"1";"D4";"45,5725960000";"4,8115720000"
"202100012770";"16";"10";"2021";"15:55";"1";"69";"69241";"1";"3";"1";"3";"ESSES (DES) (RTE)";"45,6339860319";"4,7321677208"
"202100012771";"14";"10";"2021";"18:54";"2";"69";"69143";"1";"1";"1";"3";"PARENTY (DE) (CHM)";"45,8713170000";"4,8469160000"
"202100012772";"17";"10";"2021";"12:40";"1";"79";"79270";"2";"1";"1";"3";"8 Avenue de Blossac";"46,4159420000";" -0,1977960000"
"202100012773";"17";"10";"2021";"11:30";"1";"17";"17051";"2";"2";"1";"3";"Rue de Bel-Air";"46,1910500000";" -1,3698070000"
"202100012774";"8";"10";"2021";"23:45";"3";"40";"40179";"1";"1";"1";"6";"RD824";"43,7200480000";" -1,1250040000"
"202100012775";"29";"09";"2021";"16:00";"1";"33";"33056";"2";"1";"1";"6";"Avenue du 11 Novembre";"44,9118260000";" -0,6249870000"
"202100012776";"17";"10";"2021";"18:50";"2";"50";"50048";"1";"2";"1";"3";"D975";"48,8687480000";" -1,1733590000"
"202100012777";"17";"10";"2021";"14:01";"1";"22";"22155";"1";"9";"1";"2";"La Biche";"48,2356310000";" -2,7207090000"
"202100012778";"17";"10";"2021";"20:40";"3";"35";"35228";"1";"1";"1";"1";"D 266 PK 4";"48,6027330000";" -2,0569170000"
"202100012779";"17";"10";"2021";"14:15";"1";"27";"27701";"1";"3";"1";"2";"D110";"49,2866160000";"1,2213220000"
"202100012780";"13";"10";"2021";"20:35";"3";"27";"27517";"1";"1";"1";"7";"c17";"49,1271050000";"1,3580830000"
"202100012781";"8";"10";"2021";"14:05";"1";"59";"59581";"2";"1";"1";"1";"Rue du pont de pierre";"50,7065921847";"2,7650366677"
"202100012782";"16";"10";"2021";"15:00";"1";"13";"13055";"1";"1";"1";"2";"A507 sens Aubagne- Marseille";"43,3298100000";"5,4123500000"
"202100012783";"16";"10";"2021";"23:12";"5";"13";"13055";"1";"1";"1";"2";"A507 sens Marseille - Aubagne";"43,2878050000";"5,4246820000"
"202100012784";"15";"10";"2021";"23:00";"5";"13";"13211";"1";"1";"1";"3";"A50-Sens Aubagne vers Marseille";"43,2853690000";"5,4246620000"
"202100012785";"15";"10";"2021";"20:35";"5";"13";"13215";"1";"1";"1";"2";"A55-Sens Martigues vers Marseille";"43,3328500000";"5,3541000000"
"202100012786";"16";"10";"2021";"06:45";"5";"13";"13210";"1";"1";"1";"6";"A50-Sens Aubagne vers Marseille";"43,2839400000";"5,4025600000"
"202100012787";"12";"10";"2021";"18:10";"1";"69";"69271";"1";"1";"1";"2";"N346   34.850 A 36.215";"45,7504970901";"4,9865765870"
"202100012788";"17";"10";"2021";"12:30";"1";"33";"33063";"1";"1";"1";"4";"ROCADE A 630";"44,8824650000";" -0,5505740000"
"202100012789";"17";"10";"2021";"15:10";"1";"91";"91689";"1";"1";"1";"1";"AUTOROUTE A6A";"48,7415700000";"2,3207800000"
"202100012790";"17";"10";"2021";"09:40";"1";"91";"91645";"1";"1";"1";"6";"RN 385 ExtÃ¨rieure";"48,7607440032";"2,2527298445"
"202100012791";"16";"10";"2021";"19:30";"3";"91";"91179";"1";"1";"1";"7";"AUTOROUTE A6";"48,5670900000";"2,4727500000"
"202100012792";"16";"10";"2021";"20:15";"3";"95";"95572";"1";"1";"1";"5";"RN 184";"49,0474400000";"2,1321700000"
"202100012793";"16";"10";"2021";"20:10";"3";"93";"93078";"1";"1";"1";"4";"AUTOROUTE A104";"48,9617400000";"2,5456000000"
"202100012794";"17";"10";"2021";"08:45";"1";"93";"93064";"1";"1";"1";"2";"AUTOROUTE A86";"48,8736500000";"2,4795600000"
"202100012795";"17";"10";"2021";"06:15";"3";"93";"93006";"1";"1";"1";"4";"AUTOROUTE A3";"48,8665700000";"2,4246100000"
"202100012796";"16";"10";"2021";"23:10";"5";"93";"93039";"1";"1";"1";"2";"AUTOROUTE A86";"48,9272800000";"2,3348700000"
"202100012797";"16";"10";"2021";"16:00";"1";"93";"93066";"1";"1";"1";"2";"AUTOROUTE A1";"48,9193900000";"2,3575200000"
"202100012798";"17";"10";"2021";"17:00";"1";"77";"77121";"1";"1";"1";"6";"RN104";"48,8340770000";"2,6656790000"
"202100012799";"17";"10";"2021";"08:20";"2";"94";"94073";"1";"1";"1";"2";"A86 EXT";"48,7536989552";"2,3792266846"
"202100012800";"17";"10";"2021";"07:50";"2";"77";"77169";"1";"1";"1";"7";"RN104";"48,8205450000";"2,6156460000"
"202100012801";"17";"10";"2021";"01:10";"3";"94";"94028";"1";"1";"1";"2";"A86 INT";"48,7868900000";"2,4399500000"
"202100012802";"16";"10";"2021";"05:20";"3";"94";"94081";"1";"1";"1";"2";"A86 EXT";"48,7740997838";"2,4089615958"
"202100012803";"16";"10";"2021";"15:45";"1";"974";"97411";"2";"2";"1";"3";"CHATEL (JEAN)";" -20,8809700000";"55,4506500000"
"202100012804";"15";"10";"2021";"16:30";"1";"974";"97407";"2";"9";"1";"6";"BELLEAU REMI(RUELLE)";" -20,9400100000";"55,2973100000"
"202100012805";"17";"10";"2021";"02:00";"5";"973";"97309";"1";"3";"1";"7";"TROUBIRAN (CHEMIN DE)";"4,9152000000";" -52,3106400000"
"202100012806";"14";"10";"2021";"09:55";"1";"973";"97302";"2";"1";"1";"7";"MADELEINE (ROUTE DE LA)";"4,9143533906";" -52,3209475279"
"202100012807";"16";"10";"2021";"11:20";"1";"973";"97302";"2";"1";"1";"6";"MADELEINE (ROUTE DE LA)";"4,9136518092";" -52,3207104207"
"202100012808";"16";"10";"2021";"10:37";"1";"973";"97302";"2";"1";"1";"3";"MENTEL";"4,9360200000";" -52,3357000000"
"202100012809";"16";"10";"2021";"23:35";"5";"69";"69387";"2";"1";"1";"2";"GAMBETTA (CR)";"45,7502668044";"4,8573786020"
"202100012810";"16";"10";"2021";"15:30";"1";"69";"69383";"2";"1";"1";"1";"VICTOR AUGAGNEUR (Q)";"45,7620300000";"4,8412500000"
"202100012811";"15";"10";"2021";"16:09";"1";"972";"97209";"2";"1";"1";"3";"BALATA (ROUTE DE)";"14,6181400000";" -61,0710500000"
"202100012812";"17";"10";"2021";"02:25";"5";"69";"69266";"2";"1";"5";"7";"LAURENT BONNEVAY (BD)";"45,7848483675";"4,8640680313"
"202100012813";"16";"10";"2021";"16:05";"1";"69";"69381";"2";"1";"1";"2";"LATTRE DE TASSIGNY (DE) (PT)";"45,7724460153";"4,8392066360"
"202100012814";"16";"10";"2021";"03:20";"3";"95";"95277";"1";"1";"8";"6";"EUROPE (ROUTE DE L')";"48,9868510000";"2,4785410000"
"202100012815";"16";"10";"2021";"14:05";"1";"91";"91549";"2";"2";"1";"3";"EPERON (AVENUE DE L')";"48,6407200000";"2,3364500000"
"202100012816";"13";"10";"2021";"18:00";"1";"91";"91425";"2";"9";"1";"6";"RTE DES TEMPLIERS";"48,6473200000";"2,2653600000"
"202100012817";"16";"10";"2021";"16:40";"1";"91";"91326";"2";"3";"1";"3";"MONTTESSUY (RUE DE)";"48,6844800000";"2,3827900000"
"202100012818";"16";"10";"2021";"16:35";"1";"91";"91479";"2";"1";"1";"2";"RTE DE FONTAINEBLEAU";"48,7189240000";"2,3707270000"
"202100012819";"16";"10";"2021";"17:05";"1";"77";"77181";"2";"9";"1";"6";"ROTHSCHILD (RUE DE  )";"48,8264787929";"2,7059938933"
"202100012820";"16";"10";"2021";"17:00";"1";"76";"76681";"1";"1";"1";"2";"EAUPLET. RUE D'";"49,4208098964";"1,1042458111"
"202100012821";"15";"10";"2021";"07:40";"2";"74";"74012";"2";"1";"1";"6";"VAILLAT (RUE LEANDRE)";"46,1906200000";"6,2371200000"
"202100012822";"16";"10";"2021";"13:00";"1";"71";"71076";"2";"2";"1";"3";"ARNAL (RUE RAYMOND)";"46,7924612900";"4,8538901429"
"202100012823";"16";"10";"2021";"23:30";"5";"69";"69256";"2";"2";"5";"2";"PAUL MARCELLIN (R)";"45,7680100000";"4,9365000000"
"202100012824";"16";"10";"2021";"05:40";"5";"69";"69282";"2";"9";"1";"3";"REPUBLIQUE (DE) (R)";"45,7601000000";"5,0310000000"
"202100012825";"15";"10";"2021";"08:25";"1";"69";"69266";"2";"3";"1";"6";"BIENVENUS (DES) (R)";"45,7745100000";"4,8846000000"
"202100012826";"16";"10";"2021";"09:00";"1";"69";"69264";"2";"1";"7";"6";"THIZY (DE) (R)";"45,9839864128";"4,7393667698"
"202100012827";"13";"10";"2021";"12:20";"1";"68";"68376";"2";"6";"1";"6";"SCHWEITZER (RUE DU DR ALBERT)";"47,8164900000";"7,3267400000"
"202100012828";"16";"10";"2021";"01:20";"5";"64";"64122";"2";"1";"1";"7";"MAC CROSKEY ( AVENUE DU GENERAL)";"43,4927900000";" -1,5479900000"
"202100012829";"16";"10";"2021";"13:05";"1";"60";"60175";"1";"1";"1";"7";"VAN GOGH (ALLEE)";"49,2503471216";"2,4726993053"