"Num_Acc";"jour";"mois";"an";"hrmn";"lum";"dep";"com";"agg";"int";"atm";"col";"adr";"lat";"long"
"202100012830";"16";"10";"2021";"03:35";"5";"59";"59350";"2";"1";"1";"6";"GAMBETTA LEON RUE";"50,6312754544";"3,0591022968"
"202100012831";"16";"10";"2021";"18:00";"1";"54";"54304";"2";"1";"1";"6";"ZOLA (RUE EMILE)";"48,6814245596";"6,1566675633"
"202100012832";"16";"10";"2021";"14:50";"1";"54";"54578";"2";"3";"1";"3";"OUDILLE (RUE CHARLES)";"48,6721200000";"6,1442400000"
"202100012833";"16";"10";"2021";"17:30";"1";"51";"51454";"2";"1";"1";"1";"Rue Germaine Tillion";"49,2666202300";"4,0756192803"
"202100012834";"16";"10";"2021";"14:05";"1";"45";"45234";"2";"3";"1";"3";"Rue de la Republique";"47,9050700000";"1,9046400000"
"202100012835";"16";"10";"2021";"21:05";"5";"37";"37261";"2";"3";"1";"3";"VENIEN (RUE THEOPHANE)";"47,3806035008";"0,6985269172"
"202100012836";"16";"10";"2021";"20:00";"5";"37";"37261";"2";"1";"1";"6";"COLOMBIER (RUE)";"47,4220156382";"0,7050404325"
"202100012837";"16";"10";"2021";"05:45";"3";"37";"37261";"2";"1";"1";"6";"BERANGER (BOULEVARD)";"47,3889900000";"0,6789900000"
"202100012838";"15";"10";"2021";"19:45";"5";"37";"37261";"2";"3";"1";"3";"WAGNER (BOULEVARD RICHARD)";"47,3768828614";"0,7133978605"
"202100012839";"15";"10";"2021";"17:00";"1";"37";"37261";"2";"2";"1";"6";"FRANCE (PLACE ANATOLE)";"47,3967679570";"0,6861933511"
"202100012840";"16";"10";"2021";"11:25";"1";"35";"35238";"2";"3";"1";"3";"VERN (DE)";"48,0970900000";" -1,6537800000"
"202100012841";"16";"10";"2021";"06:30";"5";"35";"35238";"2";"7";"1";"6";"BRETAGNE (PLACE DE)";"48,1093300000";" -1,6844800000"
"202100012842";"16";"10";"2021";"08:50";"1";"33";"33281";"1";"2";"7";"3";"Avenue RenÃ© Cassin";"44,8321970000";" -0,6730000000"
"202100012843";"16";"10";"2021";"05:00";"5";"33";"33522";"2";"1";"1";"2";"RUE DE LA MISSION DU HAUT BRION";"44,8177200000";" -0,6017900000"
"202100012844";"16";"10";"2021";"19:35";"5";"31";"31555";"2";"2";"1";"3";"AV JEAN RIEUX";"43,5983600000";"1,4568500000"
"202100012845";"16";"10";"2021";"11:05";"1";"29";"29232";"2";"3";"1";"3";"Rue Jean Jaures";"47,9935700000";" -4,0991700000"
"202100012846";"16";"10";"2021";"16:23";"1";"29";"29039";"2";"1";"1";"2";"Rue de Quimper";"47,8891820000";" -3,9178160000"
"202100012847";"16";"10";"2021";"12:00";"1";"29";"29019";"2";"6";"1";"2";"Avenue Georges Pompidou";"48,4139700000";" -4,4794300000"
"202100012848";"16";"10";"2021";"04:50";"5";"29";"29019";"2";"1";"1";"6";"Avenue Salaun Penquer";"48,3841500000";" -4,4843700000"
"202100012849";"16";"10";"2021";"21:20";"3";"26";"26252";"1";"1";"1";"1";"Route Nationale 7";"44,8733860000";"4,8654740000"
"202100012850";"16";"10";"2021";"22:10";"3";"26";"26362";"1";"1";"1";"6";"Chemin de Porte Maure";"44,8953150000";"4,9109720000"
"202100012851";"16";"10";"2021";"17:45";"1";"25";"25539";"2";"4";"1";"6";"BANNOT (RUE DU)";"47,4592000000";"6,8568000000"
"202100012852";"15";"10";"2021";"16:50";"1";"22";"22113";"2";"1";"1";"2";"PARK NEVEZ (AVENUE DE)";"48,7297800000";" -3,4486600000"
"202100012853";"16";"10";"2021";"13:32";"1";"17";"17333";"2";"1";"1";"6";"COTE DE BEAUTE (BOULEVARD)";"45,5893900000";" -0,9887900000"
"202100012854";"16";"10";"2021";"09:20";"1";"17";"17028";"2";"1";"7";"2";"LYSIACK   AVENUE DU COMMANDANT";"46,1370320000";" -1,1261040000"
"202100012855";"15";"10";"2021";"17:57";"1";"17";"17300";"2";"1";"1";"3";"CARNOT   AVENUE";"46,1651000000";" -1,1851600000"
"202100012856";"16";"10";"2021";"08:00";"1";"14";"14118";"2";"3";"5";"6";"COLBERT (RUE JEAN-BAPTISTE)";"49,2102100000";" -0,3675800000"
"202100012857";"16";"10";"2021";"20:30";"5";"13";"13210";"2";"1";"1";"3";"RABATAU (BOULEVARD)";"43,2763771351";"5,3973902002"
"202100012858";"16";"10";"2021";"06:25";"5";"13";"13214";"2";"1";"1";"6";"CAPITAINE GEZE (BOULEVARD)";"43,3305302812";"5,3710457246"
"202100012859";"16";"10";"2021";"00:30";"5";"13";"13213";"2";"9";"1";"1";"CHATEAU GOMBERT CHEMIN";"43,3492900000";"5,4311000000"
"202100012860";"16";"10";"2021";"09:47";"1";"10";"10387";"2";"2";"5";"6";"QUATORZE JUILLET (RUE DU)";"48,2941468325";"4,0778331086"
"202100012861";"16";"10";"2021";"15:00";"1";"75";"75112";"2";"1";"1";"2";"ECHANGEUR BERCY";"48,8277650000";"2,3934860000"
"202100012862";"15";"10";"2021";"19:30";"2";"75";"75117";"2";"1";"1";"3";"PORTE D ASNIERES";"48,8901150000";"2,2985200000"
"202100012863";"15";"10";"2021";"17:10";"1";"75";"75117";"2";"1";"1";"2";"PORTE D ASNIERES";"48,8913710000";"2,3004760000"
"202100012864";"15";"10";"2021";"04:00";"5";"75";"75112";"2";"1";"1";"2";"PORTE DOREE";"48,8345570000";"2,4104710000"
"202100012865";"16";"10";"2021";"20:00";"5";"75";"75120";"2";"2";"1";"6";"RUE DE MENILMONTANT";"48,8700850000";"2,3997530000"
"202100012866";"16";"10";"2021";"16:15";"1";"75";"75118";"2";"3";"1";"2";"AVENUE DE LA PORTE DE CLIGNANCOURT";"48,8993370000";"2,3440590000"
"202100012867";"16";"10";"2021";"09:55";"1";"75";"75117";"2";"5";"1";"3";"BOULEVARD BESSIERES";"48,8975780000";"2,3241760000"
"202100012868";"16";"10";"2021";"17:00";"1";"75";"75116";"2";"1";"1";"3";"ROUTE DE LA PTE DAUPHINE A LA PTE DES SA";"48,8744060000";"2,2713660000"
"202100012869";"16";"10";"2021";"21:10";"5";"75";"75116";"2";"2";"1";"2";"AVENUE GEORGES MANDEL";"48,8634920000";"2,2815840000"
"202100012870";"16";"10";"2021";"05:30";"5";"75";"75116";"2";"3";"1";"6";"BOULEVARD THIERRY DE MARTEL";"48,8755350000";"2,2790700000"
"202100012871";"15";"10";"2021";"09:25";"1";"75";"75116";"2";"7";"1";"3";"PLACE CHARLES DE GAULLE";"48,8740890000";"2,2941650000"
"202100012872";"15";"10";"2021";"17:39";"1";"75";"75114";"2";"1";"1";"3";"AVENUE MAURICE D OCAGNE";"48,8248030000";"2,3126800000"
"202100012873";"16";"10";"2021";"18:10";"1";"75";"75113";"2";"1";"1";"6";"RUE DE TOLBIAC";"48,8282340000";"2,3724800000"
"202100012874";"16";"10";"2021";"17:35";"1";"75";"75113";"2";"3";"1";"3";"BOULEVARD MASSENA";"48,8226660000";"2,3728370000"
"202100012875";"16";"10";"2021";"13:00";"1";"75";"75112";"2";"2";"1";"2";"AVENUE DU TREMBLAY";"48,8270570000";"2,4645480000"
"202100012876";"15";"10";"2021";"09:35";"1";"75";"75112";"2";"1";"1";"3";"ROUTE DE LA PYRAMIDE";"48,8345970000";"2,4442040000"
"202100012877";"16";"10";"2021";"16:00";"1";"75";"75111";"2";"1";"1";"6";"BOULEVARD VOLTAIRE";"48,8570200000";"2,3814440000"
"202100012878";"16";"10";"2021";"04:25";"3";"75";"75111";"2";"3";"1";"2";"RUE DE CHARONNE";"48,8545570000";"2,3847280000"
"202100012879";"16";"10";"2021";"08:36";"1";"75";"75102";"2";"3";"1";"3";"AVENUE DE L OPERA";"48,8690410000";"2,3329540000"
"202100012880";"16";"10";"2021";"03:30";"5";"75";"75109";"2";"2";"1";"3";"RUE TAITBOUT";"48,8768400000";"2,3354670000"
"202100012881";"16";"10";"2021";"04:00";"5";"75";"75109";"2";"3";"1";"7";"BOULEVARD DE LA MADELEINE";"48,8697300000";"2,3264920000"
"202100012882";"16";"10";"2021";"15:15";"1";"75";"75101";"2";"7";"1";"2";"PLACE DU CHATELET";"48,8577040000";"2,3477570000"
"202100012883";"16";"10";"2021";"01:25";"5";"75";"75104";"2";"1";"1";"6";"QUAI HENRI IV";"48,8473860000";"2,3647970000"
"202100012884";"16";"10";"2021";"13:35";"1";"94";"94074";"2";"9";"1";"6";"Rue du Colonel Fabien";"48,7453990000";"2,4691670000"
"202100012885";"16";"10";"2021";"12:50";"1";"94";"94043";"2";"1";"1";"6";"Avenue de Fontainebleau";"48,8123360000";"2,3615970000"
"202100012886";"15";"10";"2021";"22:15";"5";"94";"94043";"2";"1";"1";"3";"Avenue Charles Gide";"48,8071000000";"2,3523520000"
"202100012887";"16";"10";"2021";"08:30";"1";"94";"94022";"2";"2";"1";"3";"Rue Jules VallÃ¨s";"48,7546021901";"2,4102653051"
"202100012888";"16";"10";"2021";"14:37";"1";"94";"94019";"2";"1";"1";"6";"Rue Rabelais";"48,8029800000";"2,5530800000"
"202100012889";"16";"10";"2021";"13:32";"1";"94";"94071";"2";"1";"1";"2";"Rue de Villeneuve";"48,7652480000";"2,5106600000"
"202100012890";"16";"10";"2021";"14:30";"1";"93";"93078";"2";"2";"1";"3";"CLEMENCEAU (AVENUE GEORGES)";"48,9534400000";"2,5626800000"
"202100012891";"16";"10";"2021";"12:20";"1";"93";"93078";"1";"9";"1";"3";"PARC EXPO";"48,9770047637";"2,5268161297"
"202100012892";"16";"10";"2021";"21:30";"5";"93";"93059";"2";"1";"1";"1";"JEAN MERMOZ (BOULEVARD) NÂ°59AU185 ET 76A";"48,9684200000";"2,3650700000"
"202100012893";"16";"10";"2021";"00:25";"5";"93";"93005";"2";"3";"1";"6";"DOCTEUR CLAUDE BERNARD (RUE DU)";"48,9510000000";"2,5183000000"
"202100012894";"16";"10";"2021";"11:54";"1";"93";"93077";"2";"6";"7";"3";"DROYLSDEN (ROND POINT DE)";"48,8841900000";"2,5167200000"
"202100012895";"16";"10";"2021";"19:20";"2";"93";"93005";"2";"1";"1";"1";"ROBERT BREMOND (RUE)";"48,9597218768";"2,4674391747"
"202100012896";"16";"10";"2021";"07:00";"3";"93";"93046";"1";"1";"1";"4";"D933";"48,9302500000";"2,5546100000"
"202100012897";"16";"10";"2021";"14:10";"1";"93";"93031";"2";"3";"1";"3";"SAINT LEU (ROUTE DE) 1 Ã  157";"48,9499861629";"2,3410417322"
"202100012898";"16";"10";"2021";"11:20";"1";"92";"92072";"2";"1";"1";"3";"GRANDE RUE";"48,8240539700";"2,2100789692"
"202100012899";"16";"10";"2021";"21:45";"5";"92";"92026";"2";"1";"1";"6";"BAUDIN";"48,8955780000";"2,2505160000"
"202100012900";"16";"10";"2021";"16:50";"1";"92";"92026";"2";"1";"1";"6";"PUVIS DE CHAVANNES";"48,8986000000";"2,2336700000"
"202100012901";"16";"10";"2021";"11:20";"1";"92";"92025";"2";"2";"1";"6";"JULIEN GALLE (RUE)";"48,9233187071";"2,2583646700"
"202100012902";"16";"10";"2021";"19:15";"2";"92";"92007";"2";"6";"1";"7";"RAVERA (AVENUE HENRI) NÂ° 111 A 217 ET 10";"48,8097309623";"2,3173293471"
"202100012903";"16";"10";"2021";"18:26";"1";"92";"92002";"2";"1";"1";"6";"PRIMEVERES (RUE DES)";"48,7607664372";"2,2895616003"
"202100012904";"16";"10";"2021";"12:50";"1";"92";"92071";"2";"1";"1";"2";"GENERAL LECLERC (AV.) (135 A FIN - 134 A";"48,7718879137";"2,3122457644"
"202100012905";"15";"10";"2021";"15:45";"1";"22";"22065";"1";"1";"1";"7";"Kerneun";"48,5990400000";" -3,0370870000"
"202100012906";"15";"10";"2021";"16:54";"1";"22";"22206";"2";"1";"1";"6";"Rue du College";"48,5393270000";" -2,9808570000"
"202100012907";"16";"10";"2021";"06:50";"5";"33";"33253";"1";"1";"5";"5";"84 Route de Saint-Macaire";"44,6124290000";" -0,3004400000"
"202100012908";"15";"10";"2021";"08:10";"1";"49";"49343";"2";"1";"1";"6";"48 Avenue Georges ClÃ©menceau";"47,0059840000";" -0,8525400000"
"202100012909";"15";"10";"2021";"23:30";"3";"974";"97404";"1";"1";"1";"6";"RN 1";" -21,2612750000";"55,3368530000"
"202100012910";"16";"10";"2021";"04:00";"3";"52";"52014";"1";"1";"1";"2";"Auroute A 31";"47,7823510000";"5,2181630000"
"202100012911";"3";"10";"2021";"15:15";"1";"37";"37228";"1";"1";"1";"7";"A85,PK 49+860, ANGERS";"47,2744902360";"0,1037197938"
"202100012912";"16";"10";"2021";"12:40";"1";"62";"62113";"1";"3";"1";"2";"D939";"50,3493180000";"2,5374720000"
"202100012913";"15";"10";"2021";"09:10";"1";"41";"41120";"1";"2";"1";"1";"La Prazerie";"47,7975610000";"0,9417770000"
"202100012914";"16";"10";"2021";"09:40";"1";"69";"69260";"2";"1";"1";"6";"PONT (DU) (R)";"45,6471400000";"4,8138090000"
"202100012915";"15";"10";"2021";"18:10";"1";"74";"74263";"1";"3";"1";"1";"Avenue de Geneve";"46,3319880000";"6,3779180000"
"202100012916";"16";"10";"2021";"10:15";"1";"83";"83031";"1";"1";"1";"3";"4750 Route du Thoronet";"43,4279280000";"6,3312150000"
"202100012917";"5";"10";"2021";"14:00";"1";"56";"56140";"1";"1";"1";"2";"Le Guernevin";"47,9617450000";" -2,8269620000"
"202100012918";"16";"10";"2021";"03:20";"3";"56";"56205";"1";"1";"1";"6";"RD 780";"47,5646260000";" -2,7093740000"
"202100012919";"16";"10";"2021";"16:20";"1";"79";"79080";"2";"1";"1";"6";"23 Rue de lâEbeaupin";"46,6621100000";" -0,2381160000"
"202100012920";"15";"10";"2021";"19:30";"5";"79";"79079";"2";"1";"1";"7";"20 Rue du Cardinal de Sourdis";"46,9196730000";" -0,7437070000"
"202100012921";"16";"10";"2021";"07:00";"2";"79";"79062";"2";"1";"1";"6";"110 Avenue du 25 Aout 1944";"46,8161560000";" -0,6837000000"
"202100012922";"16";"10";"2021";"16:00";"1";"80";"80585";"1";"1";"1";"7";"Route de Ham";"49,7604900000";"2,9256890000"
"202100012923";"16";"10";"2021";"14:33";"1";"32";"32290";"1";"1";"1";"1";"D15";"43,9511770000";"0,2138150000"
"202100012924";"16";"10";"2021";"02:20";"3";"71";"71209";"1";"1";"5";"6";"Route de BiÃ´ne";"46,5644890000";"5,2784800000"
"202100012925";"15";"10";"2021";"20:30";"5";"71";"71221";"2";"1";"1";"7";"Avenue de MortiÃ¨res";"46,7744076796";"4,7379883311"
"202100012926";"16";"10";"2021";"01:00";"3";"71";"71100";"1";"1";"1";"6";"Route de Gratay";"46,5068960000";"4,8308300000"
"202100012927";"16";"10";"2021";"13:15";"1";"89";"89464";"2";"3";"1";"1";"Rue de la Grosse Pierre";"48,0859140000";"3,2993830000"
"202100012928";"16";"10";"2021";"16:45";"1";"63";"63091";"1";"1";"1";"3";"D76";"45,4173220000";"3,2898450000"
"202100012929";"15";"10";"2021";"16:45";"1";"49";"49003";"1";"1";"1";"1";"D156 - PR 17+96";"47,2424110000";" -0,3666370000"
"202100012930";"16";"10";"2021";"19:04";"3";"12";"12266";"1";"1";"1";"7";"Lieu-dit Prunhac";"44,2665460000";"2,8800270000"
"202100012931";"11";"10";"2021";"16:15";"1";"42";"42138";"1";"1";"1";"6";"Route de Bellegarde";"45,6471980000";"4,3576670000"
"202100012932";"16";"10";"2021";"11:55";"1";"42";"42262";"1";"1";"7";"1";"Route de Chambles";"45,4210910000";"4,2150160000"
"202100012933";"16";"10";"2021";"08:50";"1";"41";"41267";"1";"1";"7";"7";"D30";"47,4180050000";"1,1301760000"
"202100012934";"14";"10";"2021";"16:14";"1";"68";"68011";"1";"1";"1";"4";"D83";"47,7495610000";"7,1505440000"
"202100012935";"15";"10";"2021";"21:15";"3";"39";"39475";"1";"1";"5";"1";"N/A";"46,4249090000";"5,3166590000"
"202100012936";"14";"10";"2021";"13:20";"1";"25";"25411";"2";"9";"1";"3";"34 Rue de la Louhiere";"47,0620560000";"6,6060740000"
"202100012937";"16";"10";"2021";"21:15";"3";"44";"44062";"1";"1";"1";"2";"Rue du Haut Luc - LES ROTYS";"47,5414910000";" -1,7443000000"
"202100012938";"15";"10";"2021";"18:10";"1";"44";"44015";"2";"1";"1";"1";"56 Le Guesny";"47,4413270000";" -1,7109030000"
"202100012939";"24";"09";"2021";"07:10";"2";"29";"29031";"1";"2";"5";"3";"Lieu dit Kersalut";"47,8018851000";" -3,6039390000"
"202100012940";"15";"10";"2021";"21:05";"3";"29";"29202";"1";"1";"1";"6";"D785 - Ty Grean";"48,4660430000";" -3,8769190000"
"202100012941";"16";"10";"2021";"14:30";"1";"29";"29003";"2";"1";"1";"6";"Rue Victor Hugo";"48,0238530000";" -4,5401020000"
"202100012942";"17";"10";"2021";"00:47";"3";"31";"31210";"1";"1";"1";"6";"Route de Mirepoix";"43,3894980000";"1,6938090000"
"202100012943";"16";"10";"2021";"11:33";"1";"31";"31206";"1";"1";"1";"2";"D25";"43,2751430000";"1,4925370000"
"202100012944";"16";"10";"2021";"18:45";"2";"31";"31232";"2";"6";"1";"2";"Route de Toulouse";"43,7585180000";"1,3012390000"
"202100012945";"16";"10";"2021";"13:15";"1";"38";"38035";"1";"1";"1";"7";"CD518";"45,5298170000";"5,0870990000"
"202100012946";"16";"10";"2021";"19:15";"3";"38";"38463";"1";"1";"1";"2";"rd518";"45,1968120000";"5,3472520000"
"202100012947";"15";"10";"2021";"19:10";"2";"38";"38214";"1";"3";"1";"3";"D1090";"45,3005880000";"5,9019110000"
"202100012948";"16";"10";"2021";"18:40";"2";"03";"03018";"1";"1";"1";"1";"RD35 - PR 002.800";"46,2552700000";"3,2699890000"
"202100012949";"16";"10";"2021";"11:30";"1";"58";"58050";"1";"1";"1";"7";"Challementeau";"47,3202510000";"3,5926420000"
"202100012950";"16";"10";"2021";"13:55";"1";"58";"58280";"1";"1";"1";"1";"D981";"46,8464050000";"3,4067860000"
"202100012951";"16";"10";"2021";"14:15";"1";"66";"66015";"1";"1";"1";"1";"Route dÃ©partementale 900, LÃ´ plan";"42,5712870000";"2,8509950000"
"202100012952";"16";"10";"2021";"22:34";"3";"72";"72363";"1";"1";"5";"6";"Lieu dit bonneveau";"48,0934300000";"0,5119100000"
"202100012953";"16";"10";"2021";"04:30";"4";"50";"50076";"2";"1";"1";"1";"Rue du Bocage";"48,9013600000";" -1,5022620000"
"202100012954";"16";"10";"2021";"23:30";"3";"50";"50217";"1";"1";"1";"6";"La Forge Cocquelin";"48,6721390000";" -1,1744370000"
"202100012955";"14";"10";"2021";"12:45";"1";"64";"64368";"1";"1";"1";"7";"D11";"43,3946740000";" -1,0981820000"
"202100012956";"16";"10";"2021";"17:35";"1";"64";"64495";"1";"1";"1";"1";"D3";"43,3490760000";" -1,5513680000"
"202100012957";"15";"10";"2021";"19:40";"2";"10";"10323";"1";"1";"1";"1";"rd440";"48,5286280000";"3,7352230000"
"202100012958";"16";"10";"2021";"13:50";"1";"07";"07056";"1";"1";"1";"7";"Rue principale";"45,3377800000";"4,7340670000"
"202100012959";"12";"09";"2021";"20:10";"3";"07";"07346";"2";"1";"1";"1";"Chemin de la Breche";"44,4826980000";"4,6918170000"
"202100012960";"16";"10";"2021";"18:10";"1";"21";"21584";"2";"3";"1";"3";"rue CourtÃ©pÃ©e";"47,2844370000";"4,2268660000"
"202100012961";"16";"10";"2021";"10:05";"1";"21";"21363";"2";"1";"1";"6";"D981 Hameau de fontaine";"47,1145400000";"4,4493660000"
"202100012962";"14";"10";"2021";"14:45";"1";"27";"27115";"2";"1";"1";"6";"Rue du Fond du Val";"48,7701770000";"1,0799110000"
"202100012963";"17";"10";"2021";"05:20";"3";"68";"68309";"1";"1";"5";"2";"A35 - PK 111+000";"47,6700550000";"7,4736430000"
"202100012964";"15";"10";"2021";"18:15";"2";"63";"63265";"1";"1";"1";"4";"A89 PK 432+000";"45,8621700000";"3,4359440000"
"202100012965";"15";"10";"2021";"21:00";"3";"38";"38214";"1";"1";"1";"2";"PK016.000 - A41S";"45,3032820000";"5,9261370000"
"202100012966";"16";"10";"2021";"10:40";"1";"06";"06012";"1";"3";"1";"3";"Aire de Beausoleil (Aire de repos)";"43,7538550000";"7,4202400000"
"202100012967";"13";"10";"2021";"10:40";"1";"976";"97617";"2";"1";"1";"1";"Quartier lotissement, mirÃ©rÃ©ni";" -12,7857450000";"45,1423500000"
"202100012968";"16";"10";"2021";"02:15";"3";"77";"77001";"1";"1";"5";"6";"A6";"48,3526560000";"2,5849630000"
"202100012969";"15";"10";"2021";"22:06";"5";"973";"97304";"2";"1";"1";"6";"Avenue du Bois Chaudat";"5,1578150935";" -52,6522843838"
"202100012970";"17";"10";"2021";"12:25";"1";"77";"77460";"1";"2";"1";"2";"D3";"49,0031810000";"3,0600570000"
"202100012971";"15";"10";"2021";"19:30";"2";"78";"78246";"1";"1";"1";"2";"D913";"49,0355660000";"1,7429930000"
"202100012972";"16";"10";"2021";"11:30";"1";"2A";"2A041";"2";"1";"1";"7";"route territoriale 10";"41,4011980000";"9,1674900000"
"202100012973";"16";"10";"2021";"07:15";"5";"34";"34022";"2";"3";"1";"3";"Rue du Colombier";"43,6569500000";"4,0083750000"
"202100012974";"16";"10";"2021";"20:09";"5";"84";"84092";"2";"1";"1";"3";"16 avenue de la RÃ©publique";"43,9612060000";"4,8578240000"
"202100012975";"16";"10";"2021";"17:15";"1";"83";"83107";"2";"2";"1";"3";"chemin du lac / RD7";"43,4517970000";"6,6333170000"
"202100012976";"2";"10";"2021";"11:15";"1";"13";"13020";"2";"1";"1";"3";"D7";"43,3927310000";"5,5481600000"
"202100012977";"16";"10";"2021";"18:30";"2";"13";"13062";"2";"1";"1";"1";"D8";"43,4212680000";"5,4954630000"
"202100012978";"12";"10";"2021";"08:39";"1";"21";"21261";"1";"1";"1";"4";"D905";"47,2611310000";"5,1394340000"
"202100012979";"17";"10";"2021";"08:30";"1";"08";"08367";"1";"1";"5";"7";"A304, PR 009+000";"49,8910540000";"4,5201120000"
"202100012980";"15";"10";"2021";"18:30";"1";"51";"51308";"2";"3";"1";"3";"D28E3";"49,2884350000";"3,8063930000"
"202100012981";"15";"10";"2021";"16:45";"1";"68";"68298";"1";"1";"1";"7";"D48";"48,1979910000";"7,1285390000"
"202100012982";"15";"10";"2021";"14:28";"1";"88";"88080";"1";"1";"1";"6";"D46B";"48,2971990000";"6,6009380000"
"202100012983";"15";"10";"2021";"22:15";"3";"74";"74136";"1";"1";"1";"7";"Route de la ColombiÃ¨re";"45,9896050000";"6,4697890000"
"202100012984";"17";"10";"2021";"00:00";"5";"42";"42285";"1";"2";"5";"4";"Route de Montbrison";"45,5758930000";"4,1174270000"
"202100012985";"17";"10";"2021";"06:40";"3";"07";"07279";"1";"1";"1";"6";"RD 86 - LA CONCHE";"44,4172830000";"4,6538790000"
"202100012986";"16";"10";"2021";"17:10";"1";"01";"01049";"2";"1";"7";"6";"N/A";"45,8416860000";"5,0237130000"
"202100012987";"13";"09";"2021";"17:00";"1";"69";"69160";"2";"9";"1";"3";"CHANSAYE NORD";"46,1649808112";"4,4709078588"
"202100012988";"16";"10";"2021";"15:10";"1";"69";"69140";"2";"3";"1";"7";"BEAULIEU (DE) (MO)";"45,8874580000";"4,7018160000"
"202100012989";"16";"10";"2021";"16:00";"1";"69";"69009";"2";"1";"7";"1";"EUROPE (DE L') (AV)";"45,9490010000";"4,7126410000"
"202100012990";"17";"10";"2021";"11:30";"1";"81";"81219";"1";"1";"1";"6";"en berail";"43,5862930000";"2,0353190000"
"202100012991";"16";"10";"2021";"04:15";"3";"81";"81219";"1";"1";"1";"7";"Lieu dit Mongagnes";"43,6080810000";"2,0304450000"
"202100012992";"11";"10";"2021";"12:15";"1";"69";"69069";"2";"2";"1";"6";"VOIE ROMAINE";"45,7494870000";"4,7309770000"
"202100012993";"16";"10";"2021";"20:20";"3";"79";"79088";"2";"1";"1";"6";"16 Route de ClessÃ©";"46,7942430000";" -0,3584500000"
"202100012994";"15";"10";"2021";"09:05";"1";"14";"14758";"1";"1";"7";"1";"rue de cambes";"49,2400980000";" -0,4008400000"
"202100012995";"16";"10";"2021";"11:50";"1";"14";"14516";"1";"1";"5";"6";"N158 - sens CAEN/FALAISE - PR 017+000";"48,9659522837";" -0,2337464689"
"202100012996";"15";"10";"2021";"17:05";"1";"56";"56007";"2";"3";"7";"3";"Avenue President Wilson";"47,6685410000";" -2,9778260000"
"202100012997";"15";"10";"2021";"14:41";"1";"22";"22259";"2";"9";"1";"6";"Le Champ Han";"48,4619200000";" -2,0924340000"
"202100012998";"16";"10";"2021";"05:45";"5";"76";"76312";"2";"1";"5";"1";"Boulevard de Verdun";"49,4853747157";"1,7283539265"
"202100012999";"14";"10";"2021";"16:36";"1";"60";"60589";"2";"1";"1";"3";"Rue Claire Lacombe";"49,2414690000";"2,4676300000"
"202100013000";"16";"10";"2021";"17:50";"1";"62";"62693";"2";"1";"1";"1";"rue du moulin";"50,4370560000";"2,5540960000"
"202100013001";"15";"10";"2021";"13:40";"1";"59";"59435";"2";"1";"2";"2";"Cd 938";"50,4941940000";"3,2642430000"
"202100013002";"12";"10";"2021";"13:50";"1";"59";"59215";"1";"3";"1";"3";"D350";"50,3559620000";"3,6050180000"
"202100013003";"16";"10";"2021";"22:00";"3";"59";"59051";"1";"1";"1";"6";"Chemin des Trois Maisons";"50,5461230000";"2,8074850000"
"202100013004";"15";"10";"2021";"19:10";"5";"13";"13215";"1";"1";"1";"7";"A7-Sens Lyon vers Marseille";"43,3776600000";"5,3574100000"
"202100013005";"15";"10";"2021";"19:40";"5";"13";"13071";"1";"1";"1";"3";"A51-Sens Aix en Provence vers Marseille";"43,4158500000";"5,3648000000"
"202100013006";"16";"10";"2021";"04:55";"3";"69";"69273";"1";"1";"1";"6";"URBAIN SUD (BD)";"45,6648300000";"4,9206000000"
"202100013007";"14";"10";"2021";"23:05";"5";"69";"69259";"1";"1";"1";"6";"D383   11.750 A 14.250";"45,7187321818";"4,8732552121"
"202100013008";"12";"10";"2021";"08:30";"1";"42";"42186";"1";"1";"1";"2";"A47";"45,5385212267";"4,6392196190"
"202100013009";"16";"10";"2021";"06:30";"3";"94";"94034";"1";"1";"1";"3";"AUTOROUTE A6A";"48,7563100000";"2,3342200000"
"202100013010";"16";"10";"2021";"01:42";"3";"91";"91477";"1";"1";"1";"1";"RD 444";"48,7246500000";"2,2455000000"
"202100013011";"15";"10";"2021";"11:45";"1";"94";"94034";"1";"1";"1";"4";"AUTOROUTE A86";"48,7612400000";"2,3172900000"
"202100013012";"16";"10";"2021";"11:30";"1";"78";"78455";"1";"1";"1";"2";"A13";"48,8589780000";"2,0507800000"
"202100013013";"16";"10";"2021";"04:55";"3";"78";"78133";"1";"1";"1";"6";"A14";"48,9154490000";"2,0323190000"
"202100013014";"16";"10";"2021";"15:15";"1";"92";"92036";"1";"1";"1";"4";"RN 315 ";"48,9372446480";"2,2991555846"
"202100013015";"16";"10";"2021";"17:20";"1";"93";"93066";"1";"1";"1";"7";"AUTOROUTE A86";"48,9219218049";"2,3636414699"
"202100013016";"16";"10";"2021";"15:20";"1";"92";"92036";"1";"1";"1";"3";"AUTOROUTE A15";"48,9435578314";"2,2873807879"
"202100013017";"16";"10";"2021";"14:30";"1";"95";"95607";"1";"1";"1";"3";" A115";"49,0137781954";"2,2191116081"
"202100013018";"16";"10";"2021";"05:30";"3";"95";"95306";"1";"1";"1";"2";" A15";"49,0020597419";"2,1709628262"
"202100013019";"15";"10";"2021";"19:45";"3";"93";"93007";"1";"1";"1";"3";"AUTOROUTE A3";"48,9329300000";"2,4811500000"