"Num_Acc";"jour";"mois";"an";"hrmn";"lum";"dep";"com";"agg";"int";"atm";"col";"adr";"lat";"long"
"202100013020";"15";"10";"2021";"06:30";"3";"95";"95277";"1";"1";"1";"2";"AUTOROUTE A3";"48,9681117476";"2,4778245103"
"202100013021";"16";"10";"2021";"05:20";"3";"94";"94018";"1";"1";"1";"6";"A4";"48,8176187265";"2,4186579611"
"202100013022";"15";"10";"2021";"06:00";"1";"974";"97416";"1";"1";"1";"2";"LIGNE PARADIS(ROUTE DE LA)";" -21,3162300000";"55,4785600000"
"202100013023";"12";"10";"2021";"13:45";"1";"973";"97302";"2";"9";"1";"6";"PASTEUR (CITE)";"4,9382807266";" -52,3137227297"
"202100013024";"15";"10";"2021";"14:35";"1";"69";"69386";"2";"3";"1";"6";"GENERAL SARRAIL (DU) (Q)";"45,7646800000";"4,8415100000"
"202100013025";"14";"10";"2021";"16:10";"1";"69";"69259";"2";"2";"1";"3";"EMILE ZOLA (R)";"45,7031400000";"4,8874400000"
"202100013026";"15";"10";"2021";"10:30";"1";"69";"69259";"2";"1";"1";"6";"CHARLES DE GAULLE (AV)";"45,7195400000";"4,8884500000"
"202100013027";"15";"10";"2021";"00:30";"5";"69";"69259";"2";"1";"1";"6";"LAURENT BONNEVAY (BD)";"45,7172300000";"4,8551600000"
"202100013028";"15";"10";"2021";"21:30";"5";"69";"69389";"2";"6";"1";"3";"SERGENT MICHEL BERTHET (DU) (R)";"45,7681610376";"4,8054027975"
"202100013029";"15";"10";"2021";"18:00";"1";"69";"69034";"2";"9";"1";"3";"GENERAL LECLERC (AV)";"45,7988476362";"4,8523789644"
"202100013030";"15";"10";"2021";"16:10";"1";"69";"69202";"2";"1";"1";"3";"COMMANDANT CHARCOT (DU) (R)";"45,7483103518";"4,7926434875"
"202100013031";"14";"10";"2021";"10:20";"1";"2A";"2A004";"2";"1";"1";"1";"ALBERT 1ER BD";"41,9129217709";"8,7254166839"
"202100013032";"15";"10";"2021";"10:00";"1";"91";"91097";"2";"1";"1";"6";"PL DE L ESPLANADE";"48,6905600000";"2,5290600000"
"202100013033";"14";"10";"2021";"17:26";"1";"91";"91223";"2";"1";"1";"2";"SABLIERE (RUE DE LA)   ZI";"48,4505700000";"2,1596600000"
"202100013034";"15";"10";"2021";"10:23";"1";"87";"87085";"2";"1";"1";"7";"CASSEAUX (AVE DES) (VC)";"45,8400100000";"1,2841600000"
"202100013035";"14";"10";"2021";"15:22";"1";"87";"87050";"1";"1";"1";"7";"RD947";"45,8615500000";"1,2409700000"
"202100013036";"13";"10";"2021";"17:31";"1";"87";"87085";"1";"1";"1";"4";"MONNET (RUE JEAN)";"45,8605500000";"1,2855700000"
"202100013037";"14";"10";"2021";"14:45";"1";"86";"86194";"2";"6";"1";"3";"Route de Nouaille";"46,5638090000";"0,3652840000"
"202100013038";"14";"10";"2021";"16:20";"1";"83";"83069";"2";"1";"1";"1";"TOULON RD 554 (AVENUE DE)";"43,1233200000";"6,1152800000"
"202100013039";"5";"10";"2021";"17:19";"1";"83";"83069";"2";"2";"1";"6";"AICARD (RUE JEAN)";"43,1176400000";"6,1302900000"
"202100013040";"15";"10";"2021";"08:30";"2";"78";"78299";"2";"1";"1";"3";"MICHELET (BOULEVARD)";"49,0041960000";"1,8994920000"
"202100013041";"14";"10";"2021";"18:10";"1";"77";"77040";"2";"1";"1";"1";"D24";"48,5006500000";"2,5629000000"
"202100013042";"15";"10";"2021";"14:01";"1";"77";"77268";"2";"2";"1";"3";"D344";"48,8669600000";"2,8074900000"
"202100013043";"15";"10";"2021";"19:20";"2";"72";"72181";"2";"6";"1";"3";"LEFEUVRE HENRI AV NÂ° PAIRS";"47,9926000000";"0,1948600000"
"202100013044";"14";"10";"2021";"13:55";"1";"72";"72181";"2";"1";"1";"2";"WILBUR WRIGHT (RUE)";"48,0079400000";"0,1980800000"
"202100013045";"12";"10";"2021";"07:40";"1";"71";"71270";"2";"3";"1";"3";"RN 6 (ROUTE NATIONALE)";"46,3628970000";"4,8515250000"
"202100013046";"14";"10";"2021";"12:15";"1";"71";"71076";"2";"3";"1";"3";"MONGE (RUE )";"46,7970900000";"4,8420200000"
"202100013047";"15";"10";"2021";"19:05";"5";"69";"69256";"2";"3";"1";"3";"MAURICE THOREZ (AV)";"45,7824108680";"4,9127817165"
"202100013048";"15";"10";"2021";"13:30";"1";"69";"69266";"2";"1";"1";"1";"FONTANIERES (DE) (R)";"45,7718000000";"4,8842000000"
"202100013049";"15";"10";"2021";"14:50";"1";"69";"69266";"2";"1";"1";"1";"CROIX LUIZET (DE) (PT)";"45,7826288775";"4,8920863867"
"202100013050";"15";"10";"2021";"09:00";"1";"69";"69264";"2";"1";"7";"3";"FRANS (DE) (RTE)";"45,9845061230";"4,7336941467"
"202100013051";"15";"10";"2021";"08:25";"1";"66";"66136";"2";"2";"1";"3";"BAZY DU COMMANDANT";"42,6917900000";"2,8883600000"
"202100013052";"14";"10";"2021";"16:45";"1";"66";"66136";"1";"1";"1";"2";"R D 900";"42,6963400000";"2,8633700000"
"202100013053";"14";"10";"2021";"13:55";"1";"65";"65440";"2";"1";"1";"6";"GARIGLIANO (BOULEVARD)";"43,2453330000";"0,0634800000"
"202100013054";"15";"10";"2021";"18:12";"1";"64";"64189";"2";"1";"1";"3";"PAUL GELOS (RUE)";"43,3785300000";" -1,6707300000"
"202100013055";"14";"10";"2021";"12:25";"1";"64";"64024";"2";"1";"1";"7";"ROUTE DE PITOYS";"43,4632200000";" -1,5188900000"
"202100013056";"15";"10";"2021";"13:30";"1";"63";"63300";"2";"4";"1";"3";"RD2029";"45,8913065486";"3,1102305651"
"202100013057";"13";"10";"2021";"12:00";"1";"62";"62193";"2";"1";"1";"3";"GUYNEMER (AVENUE G.)";"50,9498000000";"1,8930090000"
"202100013058";"10";"10";"2021";"02:00";"3";"59";"59526";"1";"1";"1";"6";"RTE DE CONDE";"50,4571260637";"3,4717011452"
"202100013059";"15";"10";"2021";"14:30";"1";"59";"59599";"2";"3";"1";"6";"GUERRE (RUE FIN DE LA)";"50,7299800000";"3,1415100000"
"202100013060";"14";"10";"2021";"19:15";"2";"59";"59508";"2";"2";"1";"3";"BILLEMONT (RUE)";"50,7595700000";"3,1338000000"
"202100013061";"15";"10";"2021";"18:17";"1";"59";"59512";"2";"9";"1";"3";"DE GAULLE  (BOULEVARD DU GENERAL)";"50,6843699288";"3,1713719823"
"202100013062";"15";"10";"2021";"17:40";"1";"59";"59350";"2";"9";"1";"2";"MOSELLE BOULEVARD NÂ°IMPAIRS";"50,6238400000";"3,0285700000"
"202100013063";"15";"10";"2021";"13:10";"1";"59";"59247";"2";"1";"2";"1";"TRESSIN RUE DE";"50,6284100000";"3,1958100000"
"202100013064";"15";"10";"2021";"13:30";"1";"59";"59360";"2";"1";"3";"2";"JOFFRE RUE DU MARECHAL";"50,6149300000";"3,0071100000"
"202100013065";"14";"10";"2021";"12:54";"1";"59";"59378";"2";"3";"8";"3";"LISFRANC-CROISE LAROCHE PLACE";"50,6649800000";"3,1021700000"
"202100013066";"14";"10";"2021";"09:15";"1";"56";"56121";"2";"3";"1";"2";"CHAZELLES ( COURS LOUIS  DE )";"47,7548100000";" -3,3635000000"
"202100013067";"14";"10";"2021";"17:30";"1";"56";"56121";"2";"3";"1";"1";"COLBERT (RUE)";"47,7511905000";" -3,3586319000"
"202100013068";"14";"10";"2021";"17:45";"1";"56";"56083";"2";"1";"1";"3";"Toul Douar";"47,7963000000";" -3,3015300000"
"202100013069";"14";"10";"2021";"17:00";"1";"56";"56162";"1";"1";"1";"3";"Boulevard des Sables Blancs";"47,7278000000";" -3,4938800000"
"202100013070";"13";"10";"2021";"18:05";"1";"56";"56121";"2";"3";"7";"2";"MERVILLE (RUE  JEAN DE )";"47,7448066000";" -3,3779002700"
"202100013071";"12";"10";"2021";"18:32";"1";"56";"56121";"2";"6";"1";"3";"SCORFF ( BD DU )";"47,7622400000";" -3,3667200000"
"202100013072";"15";"10";"2021";"14:00";"1";"54";"54395";"2";"2";"1";"6";"Rue Lecreulx";"48,6987863288";"6,1877179329"
"202100013073";"14";"10";"2021";"19:45";"5";"51";"51454";"2";"2";"1";"3";"Rue Gambetta";"49,2454632875";"4,0401100253"
"202100013074";"14";"10";"2021";"12:05";"1";"51";"51454";"2";"1";"1";"7";"Rue Notre Dame de lâEpine";"49,2575237790";"4,0353308227"
"202100013075";"13";"10";"2021";"12:30";"1";"51";"51573";"2";"1";"1";"3";"Rue Pasteur";"49,2484750555";"4,0004509243"
"202100013076";"17";"09";"2021";"08:30";"1";"50";"50129";"2";"1";"1";"7";"PAUL (RUE MARCEL)";"49,6324200000";" -1,6269600000"
"202100013077";"15";"10";"2021";"12:23";"1";"49";"49007";"2";"1";"1";"3";"RABELAIS";"47,4611000000";" -0,5465600000"
"202100013078";"14";"10";"2021";"14:57";"1";"49";"49007";"2";"1";"1";"2";"DAGUENET";"47,4751650000";" -0,5273890000"
"202100013079";"13";"10";"2021";"17:45";"1";"49";"49007";"2";"1";"1";"6";"FOCH BOULEVARD";"47,4692600000";" -0,5494600000"
"202100013080";"15";"10";"2021";"16:15";"1";"44";"44143";"2";"1";"1";"5";"RUE DE LA CALIFORNIE";"47,1922600000";" -1,5839300000"
"202100013081";"9";"10";"2021";"05:25";"5";"44";"44109";"2";"1";"1";"6";"QUAI DE LA FOSSE";"47,2088240000";" -1,5681120000"
"202100013082";"15";"10";"2021";"15:30";"1";"44";"44109";"2";"6";"1";"3";"MALAKOFF ( QUAI DE )";"47,2131300000";" -1,5371200000"
"202100013083";"15";"10";"2021";"13:10";"1";"37";"37208";"2";"2";"1";"6";"MOULIN A VENT (RUE DU)";"47,3503007562";"0,7404637900"
"202100013084";"15";"10";"2021";"20:30";"5";"35";"35238";"2";"1";"1";"7";"CHATEAUGIRON (DE)";"48,0987400000";" -1,6448700000"
"202100013085";"15";"10";"2021";"09:20";"1";"35";"35238";"2";"3";"1";"3";"NANTES (DE)";"48,1009600000";" -1,6851700000"
"202100013086";"15";"10";"2021";"12:10";"1";"33";"33249";"2";"1";"1";"3";"QUAI ELISABETH DUPEYRON";"44,8728800000";" -0,5372300000"
"202100013087";"15";"10";"2021";"12:50";"1";"33";"33063";"2";"2";"1";"3";"Avenue d'Eysines";"44,8581000000";" -0,6051800000"
"202100013088";"15";"10";"2021";"12:40";"1";"33";"33167";"2";"1";"1";"3";"Rue Aristide BergÃ¨s";"44,8211600000";" -0,5301500000"
"202100013089";"15";"10";"2021";"05:40";"5";"31";"31555";"2";"1";"1";"3";"POLE (RUE DU) DU 1AU 2";"43,6473700000";"1,4201700000"
"202100013090";"15";"10";"2021";"02:20";"4";"31";"31555";"1";"1";"1";"7";"ECHANGEUR ST MARTIN ( A624-RD 901)";"43,6108700000";"1,3841000000"
"202100013091";"15";"10";"2021";"10:52";"1";"27";"27681";"2";"2";"1";"3";"ARDECHE (AVENUE DE L')";"49,0840000000";"1,4780000000"
"202100013092";"15";"10";"2021";"13:30";"1";"27";"27375";"2";"6";"1";"6";"CLEMENCEAU (BOULEVARD GEORGES)";"49,2101500000";"1,1704300000"
"202100013093";"15";"10";"2021";"23:20";"5";"18";"18033";"2";"3";"1";"2";"VAUVERT (RUE DE)";"47,0838900000";"2,3755900000"
"202100013094";"15";"10";"2021";"21:10";"5";"13";"13201";"2";"3";"1";"3";"LÃON GAMBETTA (ALLEE)";"43,2992100000";"5,3810600000"
"202100013095";"15";"10";"2021";"08:30";"1";"13";"13211";"2";"1";"1";"2";"PEINTRES ROUX (avenue)";"43,2999700000";"5,4769400000"
"202100013096";"14";"10";"2021";"15:30";"1";"13";"13202";"2";"1";"1";"3";"DAMES (BOULEVARD DES)";"43,3031600000";"5,3654800000"
"202100013097";"15";"10";"2021";"14:10";"1";"11";"11069";"2";"1";"1";"7";"COLLINES -BD-";"43,2018600000";"2,3909300000"
"202100013098";"15";"10";"2021";"18:32";"1";"10";"10081";"2";"1";"1";"6";"TILLEULS (RUE DES)";"48,3288000000";"4,0460000000"
"202100013099";"15";"10";"2021";"18:13";"1";"10";"10081";"1";"1";"1";"2";"ROCADE EST (RD 610)";"48,3278100000";"4,0609900000"
"202100013100";"15";"10";"2021";"15:00";"1";"07";"07102";"2";"1";"1";"7";"CHARLES DE GAULLE (BOULEVARD)";"44,9320500000";"4,8816000000"
"202100013101";"16";"10";"2021";"01:02";"5";"06";"06029";"2";"1";"1";"6";"REPUBLIQUE (BOULEVARD DE LA)";"43,5535920000";"7,0250100000"
"202100013102";"14";"10";"2021";"12:15";"1";"05";"05023";"2";"2";"1";"3";"GAP (ROUTE DE   RN94)";"44,8946700000";"6,6300900000"
"202100013103";"17";"09";"2021";"11:34";"1";"03";"03310";"2";"2";"1";"3";"LYAUTEY (RUE DU MARECHAL)";"46,1196910000";"3,4333668000"
"202100013104";"15";"10";"2021";"08:00";"1";"75";"75116";"2";"1";"1";"3";"BOULEVARD PERIPHERIQUE INTERIEUR OUEST";"48,8497630000";"2,2524060000"
"202100013105";"13";"10";"2021";"16:33";"1";"75";"75108";"2";"1";"7";"6";"AVENUE DES CHAMPS ELYSEES";"48,8693760000";"2,3089380000"
"202100013106";"15";"10";"2021";"13:20";"1";"75";"75120";"2";"2";"1";"3";"RUE DE TERRE NEUVE";"48,8543340000";"2,3979250000"
"202100013107";"15";"10";"2021";"10:45";"1";"75";"75119";"2";"3";"1";"6";"RUE DE BELLEVILLE";"48,8732870000";"2,3819150000"
"202100013108";"14";"10";"2021";"19:30";"5";"75";"75116";"2";"1";"1";"1";"ALLEE DE LONGCHAMP";"48,8721510000";"2,2633860000"
"202100013109";"14";"10";"2021";"09:40";"1";"75";"75116";"2";"2";"1";"2";"AVENUE DE L HIPPODROME";"48,8578310000";"2,2502690000"
"202100013110";"15";"10";"2021";"17:35";"1";"75";"75115";"2";"3";"1";"6";"RUE DE VAUGIRARD";"48,8360950000";"2,2939830000"
"202100013111";"15";"10";"2021";"08:55";"1";"75";"75114";"2";"2";"1";"3";"RUE DE LA TOMBE ISSOIRE";"48,8259480000";"2,3317030000"
"202100013112";"15";"10";"2021";"15:10";"1";"75";"75113";"2";"1";"1";"3";"BOULEVARD VINCENT AURIOL";"48,8354820000";"2,3692940000"
"202100013113";"15";"10";"2021";"06:50";"5";"75";"75112";"2";"7";"1";"7";"PLACE LACHAMBEAUDIE";"48,8359010000";"2,3864980000"
"202100013114";"15";"10";"2021";"14:35";"1";"75";"75109";"2";"2";"1";"3";"RUE DE LA VICTOIRE";"48,8750180000";"2,3314030000"
"202100013115";"15";"10";"2021";"08:50";"1";"75";"75109";"2";"5";"1";"3";"BOULEVARD HAUSSMANN";"48,8729580000";"2,3332910000"
"202100013116";"15";"10";"2021";"07:40";"2";"94";"94068";"2";"1";"1";"6";"Rue BÃ©ranger";"48,7928100000";"2,4943600000"
"202100013117";"14";"10";"2021";"18:30";"5";"94";"94076";"2";"1";"1";"1";"Rue Henri Barbusse";"48,8046340000";"2,3693610000"
"202100013118";"15";"10";"2021";"20:00";"5";"94";"94041";"2";"1";"1";"3";"Quai Marcel Boyer";"48,8244530000";"2,3900500000"
"202100013119";"15";"10";"2021";"23:15";"5";"94";"94073";"2";"9";"1";"3";"Avenue du Luxembourg";"48,7563773797";"2,3741412163"
"202100013120";"15";"10";"2021";"15:45";"1";"94";"94034";"2";"1";"1";"6";"Avenue Edouard Herriot";"48,7559800000";"2,3281000000"
"202100013121";"14";"10";"2021";"23:20";"5";"94";"94073";"2";"1";"1";"6";"Boulevard de Stalingrad";"48,7692270000";"2,4022180000"
"202100013122";"15";"10";"2021";"11:30";"1";"94";"94018";"2";"1";"1";"3";"Rue de Paris";"48,8288270000";"2,4031640000"
"202100013123";"13";"10";"2021";"15:30";"1";"94";"94002";"2";"1";"1";"1";"VAILLANT COUTURIER (R)";"48,8092200000";"2,4169700000"
"202100013124";"15";"10";"2021";"15:20";"1";"93";"93073";"2";"1";"1";"2";"HOTEL DE VILLE (BOULEVARD DE L')";"48,9509300000";"2,5677000000"
"202100013125";"15";"10";"2021";"14:00";"1";"93";"93073";"1";"9";"1";"6";"CHAPIT RE ( RUE DU)";"49,0000000000";"2,5400000000"
"202100013126";"15";"10";"2021";"20:15";"5";"93";"93072";"2";"3";"1";"3";"JULES GUESDE (AVENUE) COTE NÂ° IMPAIRS";"48,9632400000";"2,3857700000"
"202100013127";"13";"10";"2021";"01:25";"5";"93";"93070";"2";"4";"1";"3";"CHARLES SCHMIDT(RUE) : APRES 49";"48,9015900000";"2,3347900000"
"202100013128";"13";"10";"2021";"13:30";"1";"93";"93066";"2";"9";"1";"3";"METALLURGIE (AVENUE)";"48,9091000000";"2,3647600000"
"202100013129";"15";"10";"2021";"18:15";"1";"93";"93050";"2";"1";"1";"2";"MARECHAL LECLERCQ (AVENUE) COTE PAIR";"48,8602100000";"2,5393000000"
"202100013130";"14";"10";"2021";"23:35";"5";"93";"93048";"2";"1";"1";"6";"DESGRANGES (RUE)";"48,8537507183";"2,4439029367"
"202100013131";"14";"10";"2021";"08:25";"1";"93";"93048";"2";"1";"1";"5";"DOCTEUR FERNAND LAMAZE (AVENUE DU)";"48,8769756312";"2,4514983700"
"202100013132";"15";"10";"2021";"17:00";"1";"93";"93074";"2";"1";"1";"6";"Route Nationale 3";"48,9338400000";"2,5854600000"
"202100013133";"15";"10";"2021";"07:40";"5";"93";"93079";"2";"3";"1";"3";"SAINT LEU (ROUTE)";"48,9510547932";"2,3394885184"
"202100013134";"11";"10";"2021";"07:59";"1";"93";"93029";"2";"1";"8";"7";"BOIS DE GROSLAY (DES)";"48,9182600000";"2,4654900000"
"202100013135";"13";"10";"2021";"13:00";"1";"93";"93027";"2";"1";"1";"4";"ROCHET (RUE WALDECK)";"48,9408720904";"2,4091923237"
"202100013136";"15";"10";"2021";"18:05";"1";"93";"93014";"2";"1";"1";"3";"GAGARINE (BOULEVARD)";"48,9056170804";"2,5404392207"
"202100013137";"15";"10";"2021";"08:00";"2";"93";"93047";"2";"2";"1";"3";"MUGUETS  (AVENUE DES)";"48,8942470000";"2,5510380000"
"202100013138";"15";"10";"2021";"15:00";"1";"93";"93010";"2";"2";"1";"6";"STAINS (RTE DE)";"48,9040903932";"2,4709189566"
"202100013139";"15";"10";"2021";"13:10";"1";"93";"93057";"2";"1";"1";"3";"SCHACHER (AL.)";"48,9154955162";"2,5086511444"
"202100013140";"15";"10";"2021";"19:25";"5";"93";"93005";"2";"2";"1";"3";"TURGOT (RUE)";"48,9306273664";"2,4832001601"
"202100013141";"15";"10";"2021";"07:57";"2";"93";"93027";"2";"3";"1";"1";"JEAN JAURES (AVE) 55 A 129";"48,9180100000";"2,4077000000"
"202100013142";"15";"10";"2021";"21:53";"5";"92";"92064";"2";"9";"1";"7";"BUZENVAL";"48,8512500000";"2,2071100000"
"202100013143";"8";"10";"2021";"14:57";"1";"92";"92063";"2";"2";"1";"3";"DOUMER (AVENUE PAUL) EST";"48,8830315111";"2,1894858778"
"202100013144";"14";"10";"2021";"10:05";"1";"92";"92063";"2";"1";"1";"6";"FOUILLEUSE (AVENUE DE)";"48,8621732541";"2,1960452199"
"202100013145";"15";"10";"2021";"00:45";"5";"92";"92040";"2";"2";"1";"3";"GENERAL DE GAULLE (AVE DU) 78 A 158";"48,8195200000";"2,2789100000"
"202100013146";"15";"10";"2021";"19:50";"4";"92";"92025";"2";"1";"1";"6";"HENRI BARBUSSE (AV)";"48,9215610000";"2,2526690000"
"202100013147";"15";"10";"2021";"18:20";"2";"92";"92025";"2";"1";"1";"7";"HENRI BARBUSSE (AV)";"48,9187050000";"2,2526460000"
"202100013148";"15";"10";"2021";"08:25";"1";"92";"92025";"2";"1";"1";"6";"GABRIEL PERI (RUE)";"48,9182000000";"2,2388660000"
"202100013149";"15";"10";"2021";"09:20";"1";"92";"92019";"2";"1";"1";"3";"GENERAL LECLERC (PLACE DU - aucun nÂ°)";"48,7766700000";"2,2304300000"
"202100013150";"15";"10";"2021";"15:35";"1";"76";"76715";"1";"1";"1";"3";"D6015";"49,5967900000";"0,6062650000"
"202100013151";"8";"10";"2021";"11:45";"1";"60";"60365";"1";"3";"1";"1";"N/A";"49,5945505057";"2,0318062595"
"202100013152";"14";"10";"2021";"19:20";"5";"68";"68209";"1";"1";"1";"6";"Route du Vin";"48,1550640000";"7,3199630000"
"202100013153";"15";"10";"2021";"17:45";"1";"30";"30005";"1";"1";"1";"1";"D901";"44,2985130000";"4,5356130000"
"202100013154";"13";"10";"2021";"19:45";"3";"56";"56257";"2";"3";"1";"3";"Rue du Point du Jour";"48,0968560000";" -2,5368650000"
"202100013155";"16";"10";"2021";"03:00";"3";"80";"80481";"1";"1";"1";"7";"D28";"49,8263560000";"2,7510450000"
"202100013156";"13";"10";"2021";"16:15";"1";"32";"32155";"1";"1";"1";"3";"RD 32";"43,7602290000";" -0,1940790000"
"202100013157";"14";"10";"2021";"17:35";"1";"71";"71313";"1";"3";"7";"3";"D681";"46,9382790000";"4,2192860000"
"202100013158";"15";"10";"2021";"19:45";"2";"47";"47106";"2";"1";"1";"6";"Avenue Gambetta";"44,4978370000";"0,9850200000"
"202100013159";"16";"10";"2021";"01:40";"5";"31";"31091";"1";"1";"1";"2";"D4";"43,7121260000";"1,4038790000"
"202100013160";"15";"10";"2021";"23:30";"5";"31";"31091";"1";"1";"1";"1";"rd4";"43,7126110000";"1,4038570000"
"202100013161";"14";"10";"2021";"16:50";"1";"70";"70309";"1";"1";"7";"4";"Route de Montbozon";"47,4540031000";"6,2267140200"
"202100013162";"14";"10";"2021";"17:30";"1";"50";"50401";"1";"1";"1";"6";"Route de Saint Marcouf";"49,4705890000";" -1,7660250000"
"202100013163";"14";"10";"2021";"23:00";"4";"50";"50185";"1";"6";"1";"7";"D9";"48,8510980000";" -1,2339660000"
"202100013164";"15";"10";"2021";"14:50";"1";"83";"83082";"1";"1";"1";"3";"D955";"43,6344250000";"6,4829580000"
"202100013165";"13";"10";"2021";"19:00";"1";"73";"73191";"2";"1";"7";"1";"D36 Route du Banchet";"45,5828898167";"5,7577967048"
"202100013166";"14";"10";"2021";"18:50";"2";"36";"36006";"2";"1";"1";"3";"N/A";"46,5779000000";"1,5125300000"
"202100013167";"15";"10";"2021";"13:00";"1";"36";"36225";"1";"1";"1";"1";"N/A";"46,9817646597";"1,2471452510"
"202100013168";"15";"10";"2021";"16:45";"1";"53";"53150";"1";"1";"1";"6";"La Grande Comte";"47,7880970000";" -0,6802460000"
"202100013169";"14";"10";"2021";"13:55";"1";"85";"85288";"2";"1";"1";"7";"Rue du Chai";"46,4717850000";" -1,6045030000"
"202100013170";"15";"10";"2021";"08:00";"2";"85";"85047";"2";"6";"1";"1";"Boulevard Jean XXIII";"46,8396230000";" -1,8654450000"
"202100013171";"14";"10";"2021";"11:00";"1";"27";"27252";"1";"2";"1";"3";"D22";"49,1702570000";"0,4273780000"
"202100013172";"12";"10";"2021";"19:20";"2";"17";"17267";"2";"3";"1";"2";"D109";"46,2260930000";" -0,9242170000"
"202100013173";"16";"10";"2021";"00:45";"3";"53";"53116";"1";"1";"1";"1";"RN 12";"48,3623230000";" -0,4463200000"
"202100013174";"12";"10";"2021";"07:30";"2";"34";"34157";"1";"1";"1";"3";"A9";"43,4512837740";"3,5947195103"
"202100013175";"14";"10";"2021";"19:00";"4";"971";"97103";"2";"1";"1";"6";"Rue Thomas Edison";"16,2529480000";" -61,5570670000"
"202100013176";"15";"10";"2021";"17:15";"1";"95";"95371";"2";"1";"1";"7";"102 avenue Henri Barbusse";"49,0956886788";"2,5136429071"
"202100013177";"15";"10";"2021";"22:00";"3";"60";"60369";"1";"1";"1";"4";"A1";"49,3208980000";"2,6876380000"
"202100013178";"15";"10";"2021";"08:40";"1";"77";"77185";"1";"1";"5";"2";"D637";"48,4650680000";"2,5493430000"
"202100013179";"14";"10";"2021";"21:00";"3";"2A";"2A247";"2";"1";"1";"3";"Route de Sotta";"41,5920930000";"9,2138280000"
"202100013180";"12";"10";"2021";"09:00";"1";"83";"83065";"2";"1";"1";"1";"Route de la Mort du Luc";"43,2418190000";"6,5625070000"
"202100013181";"15";"10";"2021";"12:15";"1";"88";"88321";"1";"1";"1";"7";"D674";"48,3855700000";"5,7192310000"
"202100013182";"15";"10";"2021";"15:50";"1";"38";"38061";"1";"9";"1";"1";"2022 Route de Grenoble";"45,3163170000";"5,6220500000"
"202100013183";"8";"10";"2021";"11:50";"1";"69";"69136";"2";"9";"1";"3";"LYON (DE) (RTE)";"45,6126235023";"4,7703418945"
"202100013184";"12";"10";"2021";"03:20";"3";"79";"79116";"1";"1";"1";"6";"La Catin";"46,8332530000";" -0,3774620000"
"202100013185";"15";"10";"2021";"18:00";"1";"33";"33312";"1";"1";"1";"1";"Avenue de Labarde ";"44,9507680000";" -0,5548100000"
"202100013186";"14";"10";"2021";"23:10";"3";"27";"27412";"2";"1";"1";"6";"Rue Pasteur (Montaure)";"49,2494170000";"1,0845890000"
"202100013187";"15";"10";"2021";"00:50";"5";"27";"27022";"2";"1";"1";"6";"Route Departementale 6015 (Vieux-Villez)";"49,1716600000";"1,2853470000"
"202100013188";"14";"10";"2021";"15:00";"1";"59";"59438";"1";"1";"1";"7";"D29";"50,1342100000";"3,1831170000"
"202100013189";"5";"10";"2021";"19:18";"3";"13";"13019";"1";"1";"1";"5";"A51-Sens Aix en Provence vers Marseille";"43,4182800000";"5,3660320000"
"202100013190";"12";"10";"2021";"22:30";"5";"69";"69266";"1";"1";"1";"5";"D383   3.750 A 7.640";"45,7530441329";"4,9081070885"
"202100013191";"15";"10";"2021";"18:10";"1";"33";"33249";"1";"1";"1";"2";"ROUTE NATIONALE 230";"44,8829680000";" -0,5115360000"
"202100013192";"15";"10";"2021";"18:10";"1";"33";"33487";"1";"1";"1";"2";"AUTOROUTE A 10";"44,9529200000";" -0,4586010000"
"202100013193";"15";"10";"2021";"17:20";"1";"33";"33122";"1";"1";"1";"4";"AUTOROUTE A 63";"44,7460900000";" -0,7015480000"
"202100013194";"15";"10";"2021";"17:05";"1";"33";"33192";"1";"1";"1";"2";"AUTOROUTE A 63";"44,7787780000";" -0,6427240000"
"202100013195";"14";"10";"2021";"17:20";"1";"77";"77384";"1";"1";"1";"5";"AUTOROUTE A5A";"48,6011200000";"2,6020800000"
"202100013196";"15";"10";"2021";"08:40";"1";"78";"78208";"1";"1";"1";"4";"RN12 INT";"48,8000110000";"1,9814460000"
"202100013197";"14";"10";"2021";"19:19";"1";"92";"92050";"1";"1";"1";"4";"A14";"48,8994409346";"2,2132295911"
"202100013198";"14";"10";"2021";"09:50";"1";"92";"92050";"1";"1";"1";"3";"A86";"48,9144082563";"2,2192671027"
"202100013199";"14";"10";"2021";"06:18";"5";"92";"92047";"1";"1";"1";"2";"A13";"48,8337781136";"2,1637831213"
"202100013200";"13";"10";"2021";"17:04";"1";"92";"92036";"1";"1";"1";"4";"A86";"48,9353585481";"2,2851630231"
"202100013201";"15";"10";"2021";"00:00";"3";"92";"92078";"1";"1";"1";"6";"AUTOROUTE A86";"48,9292825328";"2,3293871689"
"202100013202";"18";"06";"2021";"14:25";"1";"69";"69259";"2";"2";"1";"2";"VIENNE (DE) (RTE)";"45,7193592420";"4,8544791341"
"202100013203";"22";"06";"2021";"11:00";"1";"11";"11069";"2";"3";"1";"3";"LIMOUX -ROUTE DE-";"43,2057300000";"2,3340300000"
"202100013204";"14";"10";"2021";"11:50";"1";"976";"97611";"2";"1";"8";"3";"kaweni-Mangrove (route de la)";" -12,7780700000";"45,2255600000"
"202100013205";"14";"10";"2021";"21:00";"5";"974";"97416";"2";"1";"1";"1";"HERMANN (CHEMIN PAUL)";" -21,3424500000";"55,4859000000"
"202100013206";"14";"10";"2021";"16:30";"1";"974";"97411";"2";"2";"1";"6";"CHATEL (JEAN)";" -20,8789700000";"55,4500800000"
"202100013207";"15";"10";"2021";"00:30";"5";"69";"69386";"2";"3";"1";"3";"WALDECK ROUSSEAU (R)";"45,7642300000";"4,8583600000"