"Num_Acc";"jour";"mois";"an";"hrmn";"lum";"dep";"com";"agg";"int";"atm";"col";"adr";"lat";"long"
"202100013208";"14";"10";"2021";"17:15";"1";"69";"69259";"2";"1";"1";"3";"JULES GUESDE (AV)";"45,7202700000";"4,8852900000"
"202100013209";"14";"10";"2021";"15:30";"1";"69";"69259";"2";"1";"1";"3";"MARCEL SEMBAT (BD)";"45,7156600000";"4,8815500000"
"202100013210";"14";"10";"2021";"17:15";"1";"69";"69259";"2";"4";"7";"1";"MARCEL SEMBAT (BD)";"45,7130900000";"4,8768200000"
"202100013211";"13";"10";"2021";"16:40";"1";"972";"97213";"1";"1";"1";"3";"ROUTE DEPARTEMENTALE 13";"14,6327950000";" -61,0235530000"
"202100013212";"14";"10";"2021";"19:00";"5";"69";"69382";"1";"9";"1";"6";"CENTRE ECHANGE LYON PERRACHE ";"45,7492500000";"4,8284100000"
"202100013213";"14";"10";"2021";"16:15";"1";"69";"69381";"2";"1";"1";"3";"ANDRE LASSAGNE (Q)";"45,7711424071";"4,8380580539"
"202100013214";"14";"10";"2021";"11:20";"1";"69";"69149";"2";"1";"1";"3";"PIERRE SEMARD (R)";"45,7173542447";"4,8116160929"
"202100013215";"14";"10";"2021";"10:00";"1";"69";"69384";"2";"6";"1";"6";"SERIN (DE) (CHM)";"45,7734110000";"4,8124000000"
"202100013216";"14";"10";"2021";"15:30";"1";"2B";"2B037";"2";"1";"1";"3";"TOUTES RUES";"42,6216400000";"9,4435800000"
"202100013217";"13";"10";"2021";"16:25";"1";"95";"95218";"2";"1";"1";"6";"PIERRELAYE (RUE DE)";"49,0222350000";"2,1052490000"
"202100013218";"14";"10";"2021";"13:45";"1";"95";"95018";"2";"1";"1";"6";"GRANDE CEINTURE (RUE DE LA)";"48,9497000000";"2,2614400000"
"202100013219";"14";"10";"2021";"09:00";"1";"95";"95176";"2";"3";"1";"3";"THIERS PROLONGEE (RUE)";"48,9634412952";"2,2008995156"
"202100013220";"14";"10";"2021";"08:10";"1";"91";"91345";"2";"1";"1";"6";"RUE LEONTINE SOHIER";"48,6923300000";"2,3005400000"
"202100013221";"14";"10";"2021";"08:18";"1";"91";"91326";"2";"1";"1";"6";"COUR DE FRANCE (AVENUE DE LA)";"48,6951500000";"2,3710900000"
"202100013222";"14";"10";"2021";"04:47";"5";"87";"87085";"2";"1";"1";"7";"NEXON (RUE DE)";"45,8188000000";"1,2643300000"
"202100013223";"14";"10";"2021";"17:50";"1";"86";"86194";"2";"2";"1";"3";"Rue de la Plaine";"46,5709320000";"0,3545585000"
"202100013224";"9";"10";"2021";"22:30";"3";"84";"84007";"2";"1";"1";"3";"ITALIENS (avenue des )";"43,9529000000";"4,8199000000"
"202100013225";"14";"10";"2021";"17:30";"1";"83";"83069";"2";"1";"1";"3";"DENIS (AVENUE ALPHONSE)";"43,1210200000";"6,1345900000"
"202100013226";"13";"10";"2021";"14:10";"1";"80";"80021";"2";"1";"1";"3";"ROUEN (RUE DE)";"49,8856400000";"2,2708900000"
"202100013227";"3";"07";"2021";"04:55";"5";"78";"78490";"1";"1";"2";"5";"DEUX PLATEAUX (ROUTE DES)";"48,8157600000";"1,9588900000"
"202100013228";"14";"10";"2021";"07:50";"1";"77";"77083";"2";"3";"1";"3";"REPUBLIQUE (BOULEVARD DE LA)";"48,8555200000";"2,5849300000"
"202100013229";"14";"10";"2021";"16:30";"1";"77";"77333";"2";"1";"1";"3";"D607";"48,2670000000";"2,6986800000"
"202100013230";"14";"10";"2021";"10:45";"1";"77";"77186";"2";"1";"1";"6";"D417";"48,4060270000";"2,6891320000"
"202100013231";"14";"10";"2021";"16:50";"1";"76";"76575";"2";"1";"1";"6";"ANEMONES. RUE DES";"49,3919030356";"1,0914553373"
"202100013232";"14";"10";"2021";"08:35";"1";"76";"76382";"1";"1";"1";"3";"D6015";"49,5879204449";"0,5361843109"
"202100013233";"14";"10";"2021";"15:00";"1";"74";"74008";"2";"1";"1";"3";"SANGNIER (RUE MARC)";"46,1976564357";"6,2225476530"
"202100013234";"13";"10";"2021";"17:55";"1";"74";"74118";"2";"6";"1";"3";"LIBERATION (ROUTE DE LA)";"46,1770000000";"6,2348500000"
"202100013235";"13";"10";"2021";"07:40";"5";"72";"72181";"2";"1";"1";"3";"LECLERC GENERAL (AV) IMPAIRS 61 ET plus";"47,9968000000";"0,1935900000"
"202100013236";"14";"10";"2021";"16:45";"1";"69";"69266";"2";"1";"1";"6";"FRANCIS DE PRESSENSE (R)";"45,7715300000";"4,8814500000"
"202100013237";"14";"10";"2021";"15:25";"1";"69";"69264";"2";"1";"1";"2";"ANSE (D') (R)";"45,9795600000";"4,7176000000"
"202100013238";"14";"10";"2021";"11:39";"1";"66";"66136";"2";"1";"1";"6";"KENNEDY (BD JOHN-FITZGERALD)";"42,6870900000";"2,9061000000"
"202100013239";"13";"10";"2021";"18:15";"1";"66";"66136";"2";"3";"1";"3";"VIELLEDENT (JEAN)";"42,6948700000";"2,9010500000"
"202100013240";"14";"10";"2021";"11:10";"1";"65";"65440";"2";"9";"1";"3";"KLEBER (RUE)";"43,2482720000";"0,0754830000"
"202100013241";"14";"10";"2021";"07:35";"2";"64";"64445";"2";"3";"1";"3";"PRESIDENT PIERRE ANGOT DU";"43,3197842405";" -0,3672909737"
"202100013242";"13";"10";"2021";"07:30";"5";"64";"64269";"1";"1";"1";"2";"Route de Tarbes";"43,2992975574";" -0,3069761395"
"202100013243";"13";"10";"2021";"08:10";"1";"60";"60463";"2";"1";"5";"6";"Boulevard Pierre de Coubertin";"49,2663000000";"2,4629600000"
"202100013244";"14";"10";"2021";"17:00";"1";"59";"59599";"2";"1";"1";"6";"AVESNES (RUE D')";"50,7279563812";"3,1688700973"
"202100013245";"13";"10";"2021";"17:30";"1";"59";"59456";"2";"3";"1";"3";"CHAMBERY(RUE DE)";"50,3741500000";"3,2259600000"
"202100013246";"12";"10";"2021";"19:00";"5";"58";"58194";"2";"1";"1";"2";"MARECHAL JUIN";"47,0032500000";"3,1545400000"
"202100013247";"13";"10";"2021";"11:30";"1";"57";"57463";"2";"3";"1";"6";"VOIE RAPIDE EST";"49,1157800000";"6,1906900000"
"202100013248";"12";"10";"2021";"07:50";"2";"56";"56260";"2";"3";"1";"1";"JOURDAN (RUE EMILE)";"47,6710100000";" -2,7683500000"
"202100013249";"13";"10";"2021";"11:35";"1";"56";"56251";"1";"1";"1";"2";"N165 sens Brest/Nantes";"47,6432800000";" -2,6932000000"
"202100013250";"14";"10";"2021";"18:08";"1";"54";"54079";"2";"1";"1";"6";"PETITE-SUISSE (AVENUE DE LA)";"48,8834300000";"6,0451900000"
"202100013251";"14";"10";"2021";"17:40";"1";"54";"54328";"2";"4";"1";"3";"SAINT BLAINE (RUE DE)";"48,6237622575";"6,1737610999"
"202100013252";"14";"10";"2021";"10:19";"1";"54";"54304";"2";"2";"7";"3";"RESISTANCE (AV. DE LA -IMPAIR-)";"48,6941943614";"6,1316525361"
"202100013253";"13";"10";"2021";"18:20";"1";"54";"54547";"2";"1";"1";"3";"JAURES (AVENUE JEAN)";"48,6603709737";"6,1596169498"
"202100013254";"13";"10";"2021";"16:45";"1";"54";"54395";"2";"7";"1";"2";"ALBERT 1ER  (BD)";"48,6933450000";"6,1678550000"
"202100013255";"7";"10";"2021";"19:31";"5";"54";"54395";"2";"2";"1";"7";"QUATRE EGLISES (RUE";"48,6865000000";"6,1842300000"
"202100013256";"12";"10";"2021";"13:47";"1";"51";"51454";"2";"1";"1";"6";"Rue de Neufchatel";"49,2724800000";"4,0264100000"
"202100013257";"14";"10";"2021";"17:25";"1";"49";"49007";"1";"1";"1";"2";"ATLANTIQUE  AVENUE DE L'";"47,4694660000";" -0,5951220000"
"202100013258";"14";"10";"2021";"18:27";"1";"49";"49007";"1";"1";"1";"4";"BERGES VOIE";"47,4835000000";" -0,5491000000"
"202100013259";"13";"10";"2021";"12:26";"1";"49";"49007";"2";"1";"1";"7";"VERNE";"47,4461200000";" -0,5621000000"
"202100013260";"14";"10";"2021";"08:23";"1";"45";"45285";"2";"1";"1";"6";"BERT (PLACE PAUL)";"47,8988200000";"1,8735800000"
"202100013261";"14";"10";"2021";"08:30";"1";"44";"44109";"2";"1";"1";"6";"RUE DU VELODROME DE LONGCHAMP";"47,2397300000";" -1,5743000000"
"202100013262";"14";"10";"2021";"19:30";"3";"42";"42183";"1";"1";"1";"2";"M201";"45,4187872366";"4,3702336451"
"202100013263";"14";"10";"2021";"14:50";"1";"38";"38185";"2";"1";"1";"3";"PERI (RUE G.)           1 A 20-17";"45,1887960000";"5,7183030000"
"202100013264";"14";"10";"2021";"14:35";"1";"37";"37208";"2";"1";"1";"6";"BEAUGAILLARD (AVENUE)";"47,3650845480";"0,7185852528"
"202100013265";"14";"10";"2021";"13:00";"1";"37";"37122";"2";"1";"1";"6";"JEAN JAURES";"47,3483838189";"0,6604690321"
"202100013266";"13";"10";"2021";"19:45";"5";"37";"37261";"2";"1";"1";"2";"GRAMMONT (AVENUE DE)";"47,3710503377";"0,6966233253"
"202100013267";"13";"10";"2021";"14:00";"1";"37";"37214";"2";"1";"1";"3";"BERGSON (RUE HENRI)";"47,4121442112";"0,6595250219"
"202100013268";"11";"10";"2021";"16:53";"1";"36";"36202";"2";"1";"1";"2";"N/A";"46,7757900000";"1,6486600000"
"202100013269";"14";"10";"2021";"18:50";"2";"35";"35238";"2";"2";"1";"3";"SEVIGNE (BD DE)";"48,1161000000";" -1,6645600000"
"202100013270";"14";"10";"2021";"16:45";"1";"35";"35238";"2";"3";"1";"3";"DUBOIS (DU LT-COL)";"48,1071400000";" -1,7338900000"
"202100013271";"14";"10";"2021";"08:55";"1";"35";"35051";"2";"3";"7";"6";"ALLIES (BOULEVARD DES)";"48,1347000000";" -1,6229800000"
"202100013272";"14";"10";"2021";"19:25";"5";"33";"33063";"2";"1";"1";"6";"Cours Aristide Briand";"44,8318000000";" -0,5768900000"
"202100013273";"14";"10";"2021";"07:58";"2";"33";"33249";"2";"1";"1";"6";"RUE PROFESSEUR JEAN AURIAC";"44,8757300000";" -0,5186500000"
"202100013274";"13";"10";"2021";"18:35";"1";"33";"33063";"2";"1";"1";"6";"Cours Victor Hugo";"44,8358400000";" -0,5675300000"
"202100013275";"10";"10";"2021";"02:16";"5";"33";"33063";"2";"2";"1";"5";"Quai de Paludate";"44,8294600000";" -0,5549300000"
"202100013276";"14";"10";"2021";"21:15";"5";"33";"33529";"2";"3";"1";"3";"Avenue de la PinÃ¨de de Conteau";"44,6304300000";" -1,1302600000"
"202100013277";"14";"10";"2021";"14:45";"1";"31";"31483";"2";"1";"1";"7";"GAMBETTA (BOULEVARD)";"43,1052100000";"0,7289100000"
"202100013278";"12";"10";"2021";"16:00";"1";"30";"30189";"2";"1";"1";"2";"ALLENDE SALVADOR (RUE)";"43,8279700000";"4,3759100000"
"202100013279";"14";"10";"2021";"15:00";"1";"30";"30243";"2";"6";"1";"3";"MOULIN (AVENUE J.)";"44,0816000000";"4,0777000000"
"202100013280";"14";"10";"2021";"07:45";"3";"29";"29232";"2";"6";"1";"3";"Rond Point de Ludugris";"47,9797100000";" -4,1222400000"
"202100013281";"16";"10";"2021";"14:45";"1";"29";"29019";"2";"3";"1";"3";"Avenue Georges Clemenceau";"48,3898969642";" -4,4855429381"
"202100013282";"14";"10";"2021";"18:00";"2";"22";"22360";"1";"1";"1";"3";"RD700";"48,4649280000";" -2,7791570000"
"202100013283";"13";"10";"2021";"09:00";"1";"22";"22113";"2";"6";"1";"3";"AERODROME (RUE DE L')";"48,7463448143";" -3,4666628837"
"202100013284";"8";"10";"2021";"13:30";"1";"22";"22113";"2";"2";"1";"7";"FRERES LAGADEC (RUE DES)";"48,7280300000";" -3,4653000000"
"202100013285";"10";"10";"2021";"09:25";"1";"17";"17028";"2";"1";"1";"1";"Boulevard de la Mer";"46,1276600000";" -1,1283100000"
"202100013286";"14";"10";"2021";"18:15";"1";"14";"14566";"2";"6";"1";"3";"DEBARQUEMENT (ROND POINT DU )";"49,2029700000";" -0,3920000000"
"202100013287";"13";"10";"2021";"21:05";"5";"14";"14437";"2";"9";"1";"1";"D513";"49,1806990000";" -0,3267620000"
"202100013288";"13";"10";"2021";"16:28";"1";"14";"14327";"2";"9";"1";"3";"LION CD60 (ROUTE DE)";"49,2110310000";" -0,3438640000"
"202100013289";"14";"10";"2021";"20:21";"5";"13";"13117";"2";"1";"1";"6";"DROITS DE L'HOMME (AVENUE)";"43,4289043503";"5,2693682474"
"202100013290";"14";"10";"2021";"18:05";"1";"13";"13210";"2";"3";"1";"3";"CAPELETTE (AVENUE DE LA)";"43,2832800000";"5,4014600000"
"202100013291";"14";"10";"2021";"03:44";"5";"13";"13208";"2";"1";"1";"7";"MADRAGUE DE MONTREDON (AVE DE LA) ";"43,2320100000";"5,3556700000"
"202100013292";"13";"10";"2021";"11:00";"1";"13";"13204";"2";"3";"1";"1";"ALEXIS CARREL (RUE)";"43,3112500000";"5,4013000000"
"202100013293";"5";"10";"2021";"12:00";"1";"13";"13210";"2";"1";"1";"1";"RABATAU (BOULEVARD)";"43,2762834008";"5,3972078100"
"202100013294";"14";"10";"2021";"08:06";"1";"13";"13001";"1";"9";"1";"1";"GARDANNE (ROUTE DE )";"43,4896600000";"5,4074800000"
"202100013295";"5";"10";"2021";"13:20";"1";"07";"07229";"2";"1";"1";"3";"CHEMIN DU LAC";"44,6171770000";"4,4104080000"
"202100013296";"14";"10";"2021";"17:20";"1";"06";"06088";"2";"1";"1";"6";"JOLY (CORNICHE ANDRE DE)";"43,7017840000";"7,2946490000"
"202100013297";"14";"10";"2021";"11:30";"1";"06";"06029";"2";"1";"1";"1";"GRASSE (AVENUE DE)";"43,5549280000";"7,0089700000"
"202100013298";"14";"10";"2021";"16:00";"1";"06";"06027";"2";"1";"1";"6";"PASQUALINI RUE J.P.";"43,6605510000";"7,1494630000"
"202100013299";"14";"10";"2021";"09:51";"1";"06";"06004";"2";"1";"1";"3";"CHATAIGNIERS AV.DU";"43,5809050000";"7,1128650000"
"202100013300";"13";"10";"2021";"20:10";"5";"03";"03310";"2";"1";"1";"3";"CELESTINS (AVENUE DES)";"46,1244800000";"3,4296600000"
"202100013301";"14";"10";"2021";"09:30";"1";"75";"75118";"2";"4";"1";"6";"BOULEVARD ORNANO";"48,8937590000";"2,3478860000"
"202100013302";"14";"10";"2021";"12:55";"1";"75";"75117";"2";"3";"1";"6";"AVENUE DE LA PORTE DES TERNES";"48,8789950000";"2,2927820000"
"202100013303";"14";"10";"2021";"07:30";"2";"75";"75117";"2";"2";"1";"3";"RUE LEGENDRE";"48,8862070000";"2,3177200000"
"202100013304";"14";"10";"2021";"21:05";"5";"75";"75116";"2";"3";"1";"6";"ALLEE DU BORD DE L EAU";"48,8622940000";"2,2293390000"
"202100013305";"14";"10";"2021";"11:30";"1";"75";"75116";"2";"3";"1";"3";"BOULEVARD MURAT";"48,8372020000";"2,2596010000"
"202100013306";"14";"10";"2021";"19:50";"5";"75";"75114";"2";"1";"1";"6";"AVENUE DU GENERAL LECLERC";"48,8273220000";"2,3266970000"
"202100013307";"13";"10";"2021";"18:00";"1";"75";"75114";"2";"1";"1";"6";"RUE DES SUISSES";"48,8310070000";"2,3147350000"
"202100013308";"14";"10";"2021";"13:55";"1";"75";"75112";"2";"3";"1";"3";"BOULEVARD DIDEROT";"48,8477918851";"2,3906207085"
"202100013309";"14";"10";"2021";"03:05";"5";"75";"75112";"2";"1";"1";"6";"RUE DE CHARENTON";"48,8378160000";"2,3905980000"
"202100013310";"13";"10";"2021";"21:50";"5";"75";"75112";"2";"3";"1";"3";"BOULEVARD PONIATOWSKI";"48,8292250000";"2,3903730000"
"202100013311";"13";"10";"2021";"06:50";"5";"75";"75112";"2";"3";"1";"3";"RUE VILLIOT";"48,8408260000";"2,3739210000"
"202100013312";"14";"10";"2021";"20:40";"5";"75";"75111";"2";"3";"1";"6";"AVENUE PARMENTIER";"48,8630990000";"2,3761920000"
"202100013313";"14";"10";"2021";"20:25";"5";"75";"75110";"2";"2";"1";"6";"BOULEVARD DE STRASBOURG";"48,8722780000";"2,3559350000"
"202100013314";"14";"10";"2021";"13:06";"1";"75";"75108";"2";"3";"1";"3";"RUE DE ROME";"48,8800210000";"2,3215570000"
"202100013315";"14";"10";"2021";"11:10";"1";"75";"75104";"2";"4";"1";"7";"QUAI HENRI IV";"48,8470810000";"2,3649860000"
"202100013316";"14";"10";"2021";"08:20";"1";"75";"75104";"2";"2";"1";"3";"QUAI DE L HOTEL DE VILLE";"48,8553470000";"2,3528380000"
"202100013317";"14";"10";"2021";"18:15";"1";"94";"94078";"2";"1";"1";"3";"Rue de Paris";"48,7482400000";"2,4459700000"
"202100013318";"13";"10";"2021";"16:20";"1";"94";"94068";"2";"2";"1";"3";"Avenue de la LibÃ©ration";"48,8128600000";"2,4796300000"
"202100013319";"13";"10";"2021";"06:00";"5";"94";"94046";"2";"1";"1";"2";"GEORGES MEDERIC (R)";"48,7997400000";"2,4376100000"
"202100013320";"14";"10";"2021";"09:00";"1";"94";"94073";"1";"1";"1";"3";"RN 186";"48,7534700000";"2,3770400000"
"202100013321";"14";"10";"2021";"08:15";"1";"94";"94073";"2";"1";"1";"3";"Boulevard de Stalingrad";"48,7727500000";"2,4000600000"
"202100013322";"9";"10";"2021";"13:30";"1";"94";"94033";"2";"1";"1";"2";"Rue MÃ©dÃ©ric";"48,8513000000";"2,4511000000"
"202100013323";"13";"10";"2021";"18:45";"1";"94";"94028";"2";"2";"1";"6";"Avenue Pierre Brossolette";"48,7935700000";"2,4612700000"
"202100013324";"14";"10";"2021";"17:45";"1";"94";"94022";"2";"3";"1";"6";"Avenue du GÃ©nÃ©ral Leclerc";"48,7624400000";"2,4066200000"
"202100013325";"13";"10";"2021";"08:10";"1";"94";"94079";"2";"1";"1";"2";"Rue Jean JaurÃ¨s";"48,8270000000";"2,5330000000"
"202100013326";"14";"10";"2021";"13:00";"1";"94";"94017";"2";"6";"1";"4";"Avenue du GÃ©nÃ©ral de Gaulle";"48,8270100000";"2,5103700000"
"202100013327";"13";"10";"2021";"20:45";"5";"94";"94002";"2";"2";"1";"7";"EUROPE (PL DE L)";"48,7889000000";"2,4289000000"
"202100013328";"12";"10";"2021";"21:29";"5";"94";"94002";"2";"3";"1";"3";"CARNOT (BD)";"48,7963200000";"2,4289100000"
"202100013329";"12";"10";"2021";"11:55";"1";"93";"93048";"2";"1";"1";"3";"PARIS (RUE DE)";"48,8575300000";"2,4332000000"
"202100013330";"14";"10";"2021";"14:10";"1";"93";"93006";"2";"1";"1";"6";"STALINGRAD AV.";"48,8711000000";"2,4308000000"
"202100013331";"14";"10";"2021";"10:30";"1";"93";"93031";"2";"2";"7";"1";"REPUBLIQUE (AVENUE)";"48,9489356728";"2,3331490159"
"202100013332";"14";"10";"2021";"09:20";"1";"93";"93029";"2";"2";"1";"3";"HOCHE";"48,9284900000";"2,4304500000"
"202100013333";"13";"10";"2021";"11:45";"1";"93";"93029";"2";"1";"1";"5";"RAYMOND BERTOUT";"48,9189930173";"2,4513586849"
"202100013334";"14";"10";"2021";"17:00";"1";"93";"93010";"2";"1";"1";"6";"FRANCE (AV. ANATOLE) DE 32 A 56";"48,8945300000";"2,4992000000"
"202100013335";"11";"06";"2021";"18:55";"1";"92";"92064";"2";"1";"1";"6";"FOUILLEUSE (AVENUE DE)";"48,8606330854";"2,2080668807"
"202100013336";"14";"10";"2021";"18:39";"1";"92";"92050";"2";"4";"1";"3";"HEBERT CELESTIN RUE";"48,8968800000";"2,2240300000"
"202100013337";"13";"10";"2021";"23:35";"5";"92";"92050";"2";"1";"1";"6";"VAILLANT COUTURIER PAUL RUE";"48,8794777060";"2,2081384855"
"202100013338";"13";"10";"2021";"11:00";"1";"92";"92050";"2";"1";"1";"6";"THOREZ MAURICE RUE";"48,8925373891";"2,1958538260"
"202100013339";"14";"10";"2021";"18:40";"2";"92";"92020";"2";"1";"1";"3";"EXUPERY AVENUE SAINT";"48,8090900000";"2,2983900000"
"202100013340";"14";"10";"2021";"15:20";"1";"92";"92049";"2";"2";"1";"3";"BARBES RUE";"48,8171980000";"2,3288020000"
"202100013341";"15";"10";"2021";"13:20";"1";"54";"54314";"2";"1";"1";"6";"19 Rue de Longwy";"49,5030953953";"5,7335811861"
"202100013342";"15";"10";"2021";"14:15";"1";"974";"97414";"2";"1";"1";"1";"25 D3 au niveau du chemin Graviter";" -21,2802800000";"55,4514390000"
"202100013343";"14";"10";"2021";"17:05";"1";"63";"63426";"1";"2";"7";"3";"D922";"45,5857830000";"2,6468470000"
"202100013344";"9";"10";"2021";"01:30";"5";"31";"31202";"2";"1";"1";"6";"800 Route de Toulouse";"43,8309740000";"1,3907150000"
"202100013345";"15";"10";"2021";"07:15";"5";"72";"72080";"2";"6";"1";"3";"Les carriÃ¨res";"48,1697350000";"0,6692220000"
"202100013346";"14";"10";"2021";"17:40";"1";"72";"72084";"1";"1";"1";"3";"D323";"47,7471300000";"0,0018900000"
"202100013347";"14";"10";"2021";"17:30";"1";"60";"60636";"1";"1";"1";"2";"D1032";"49,4885680000";"2,8736840000"
"202100013348";"9";"10";"2021";"17:00";"1";"16";"16105";"1";"1";"1";"7";"pk38+500";"45,4180940000";" -0,1487450000"
"202100013349";"14";"10";"2021";"12:30";"1";"973";"97309";"2";"1";"1";"3";"Route de RÃ©mire";"4,9000230000";" -52,2737430000"
"202100013350";"15";"10";"2021";"05:51";"3";"01";"01142";"1";"1";"1";"2";"autoroute A42 - PK 015+800 - sens LYON/GENEVE";"45,8426430000";"5,0640960000"
"202100013351";"15";"10";"2021";"11:00";"1";"21";"21086";"1";"1";"1";"7";"Aire Beaune Tailly";"46,9690670000";"4,8385120000"
"202100013352";"14";"10";"2021";"18:10";"2";"38";"38351";"1";"1";"1";"1";"Route DÃ©partementale 522";"45,5484910000";"5,2562610000"
"202100013353";"14";"10";"2021";"19:20";"3";"974";"97421";"1";"1";"1";"6";"Route Departementale 48";" -21,0082200000";"55,5651780000"
"202100013354";"12";"10";"2021";"17:45";"1";"26";"26235";"2";"6";"1";"3";"77 Avenue du General de Gaulle";"44,3705640000";"4,6958990000"
"202100013355";"15";"10";"2021";"03:00";"3";"46";"46085";"1";"1";"1";"6";"Gours";"44,5760210000";"2,1314010000"
"202100013356";"13";"10";"2021";"17:25";"1";"33";"33238";"2";"1";"1";"3";"11 avenue de Bordeaux";"44,7349970000";" -0,5985400000"
"202100013357";"12";"10";"2021";"22:00";"3";"13";"13112";"1";"1";"1";"2";"A7-Sens Lyon vers Marseille";"43,5150340000";"5,2313940000"
"202100013358";"13";"10";"2021";"22:16";"3";"13";"13005";"1";"1";"1";"2";"A50-Sens Aubagne vers Marseille";"43,2891000000";"5,5505000000"
"202100013359";"13";"10";"2021";"02:50";"3";"13";"13117";"1";"1";"1";"1";"A7-Sens Marseille vers Lyon";"43,4323700000";"5,2572600000"
"202100013360";"14";"10";"2021";"08:10";"1";"33";"33122";"1";"1";"1";"6";"AUTOROUTE A 63";"44,7549070000";" -0,6878860000"
"202100013361";"14";"10";"2021";"07:00";"5";"33";"33039";"1";"1";"1";"5";"ROCADE A 630";"44,8076880000";" -0,5276050000"
"202100013362";"14";"10";"2021";"17:20";"1";"77";"77384";"1";"1";"1";"2";"AUTOROUTE A5A";"48,6037800000";"2,5931700000"
"202100013363";"14";"10";"2021";"17:30";"1";"91";"91689";"1";"1";"1";"2";"AUTOROUTE A6A";"48,7259600000";"2,3131000000"
"202100013364";"14";"10";"2021";"14:50";"1";"94";"94038";"1";"1";"1";"2";"AUTOROUTE A6A";"48,7746700000";"2,3459100000"
"202100013365";"13";"10";"2021";"20:22";"3";"91";"91377";"1";"1";"1";"4";"AUTOROUTE A10";"48,7243000000";"2,2991700000"
"202100013366";"14";"10";"2021";"02:50";"5";"78";"78524";"1";"1";"1";"6";"A13";"48,8404400000";"2,1140700000"
"202100013367";"14";"10";"2021";"19:15";"3";"92";"92078";"1";"1";"1";"6";"AUTOROUTE A86";"48,9311292993";"2,3235279586"
"202100013368";"14";"10";"2021";"10:45";"1";"93";"93066";"1";"1";"1";"3";"AUTOROUTE A86";"48,9219293849";"2,3630047717"
"202100013369";"13";"10";"2021";"20:30";"5";"93";"93008";"1";"1";"1";"3";"AUTOROUTE A86";"48,9069000000";"2,4558000000"
"202100013370";"14";"10";"2021";"08:30";"1";"93";"93006";"1";"1";"1";"5";"AUTOROUTE A3";"48,8695473617";"2,4299369253"
"202100013371";"14";"10";"2021";"08:50";"1";"95";"95582";"1";"1";"1";"5";" A115";"48,9807130000";"2,2410550000"
"202100013372";"14";"10";"2021";"01:05";"3";"93";"93078";"1";"1";"1";"7";"AUTOROUTE A104";"48,9609000000";"2,5243300000"
"202100013373";"13";"10";"2021";"13:45";"1";"93";"93027";"1";"1";"1";"5";"AUTOROUTE A86";"48,9281222552";"2,4177539349"
"202100013374";"14";"10";"2021";"15:00";"1";"94";"94079";"1";"1";"1";"4";"A4";"48,8354458972";"2,5387118132"
"202100013375";"14";"10";"2021";"11:50";"1";"94";"94028";"1";"9";"1";"2";"A86 EXT";"48,8030108828";"2,4483130603"
"202100013376";"14";"10";"2021";"11:10";"1";"77";"77055";"1";"1";"1";"2";"A104";"48,9013000000";"2,6516000000"
"202100013377";"13";"10";"2021";"23:30";"3";"77";"77018";"2";"1";"1";"2";"A4";"48,8431600000";"2,8150000000"
"202100013378";"13";"10";"2021";"06:20";"3";"75";"75112";"1";"1";"1";"4";"A4";"48,8220800000";"2,4627800000"
"202100013379";"3";"03";"2021";"12:25";"1";"05";"05023";"2";"4";"1";"3";"rue des toulouzannes";"44,8917400000";"6,6368800000"
"202100013380";"1";"05";"2021";"10:13";"1";"05";"05023";"2";"1";"2";"6";"REPUBLIQUE (AVENUE DE LA)";"44,8966600000";"6,6348900000"
"202100013381";"13";"10";"2021";"19:50";"5";"75";"75120";"2";"1";"1";"2";"PORTE DE MONTREUIL";"48,8581330000";"2,4141100000"
"202100013382";"13";"10";"2021";"17:05";"1";"75";"75118";"2";"1";"1";"3";"PORTE DE SAINT OUEN";"48,9006160000";"2,3303490000"
"202100013383";"13";"10";"2021";"10:05";"1";"75";"75112";"2";"1";"1";"3";"BOULEVARD PERIPHERIQUE EXTERIEUR SUD";"48,8283530000";"2,3975960000"
"202100013384";"13";"10";"2021";"09:10";"1";"75";"75117";"2";"2";"1";"2";"RUE DE ROME";"48,8840340000";"2,3184940000"
"202100013385";"12";"10";"2021";"07:10";"2";"75";"75116";"2";"2";"1";"3";"PLACE DE LA PORTE DE PASSY";"48,8573450000";"2,2647040000"
"202100013386";"12";"10";"2021";"09:30";"1";"75";"75112";"2";"2";"1";"3";"BOULEVARD DIDEROT";"48,8480310000";"2,3928910000"
"202100013387";"13";"10";"2021";"19:50";"5";"75";"75111";"2";"3";"1";"6";"BOULEVARD VOLTAIRE";"48,8609890000";"2,3748410000"
"202100013388";"13";"10";"2021";"14:05";"1";"75";"75110";"2";"2";"1";"6";"RUE ALBERT THOMAS";"48,8693300000";"2,3633850000"
"202100013389";"13";"10";"2021";"10:10";"1";"75";"75108";"2";"1";"1";"3";"PONT ALEXANDRE III";"48,8640277937";"2,3135447502"
"202100013390";"13";"10";"2021";"09:43";"1";"75";"75108";"2";"1";"1";"3";"AVENUE WINSTON CHURCHILL";"48,8662790000";"2,3138420000"
"202100013391";"13";"10";"2021";"17:35";"2";"75";"75103";"2";"3";"1";"7";"RUE DE TURENNE";"48,8564590000";"2,3643120000"
"202100013392";"13";"10";"2021";"14:10";"1";"75";"75102";"2";"3";"1";"3";"RUE ETIENNE MARCEL";"48,8651110000";"2,3439070000"
"202100013393";"13";"10";"2021";"09:15";"1";"94";"94078";"2";"4";"1";"2";"Rue de Paris";"48,7553500000";"2,4443100000"
"202100013394";"12";"10";"2021";"13:00";"1";"94";"94068";"2";"1";"1";"4";"VARENNE (R DE LA)";"48,8080300000";"2,4734200000"