"Num_Acc";"jour";"mois";"an";"hrmn";"lum";"dep";"com";"agg";"int";"atm";"col";"adr";"lat";"long"
"202100013395";"13";"10";"2021";"10:25";"1";"94";"94058";"2";"2";"1";"6";"Avenue Montaigne";"48,8373000000";"2,5036730000"
"202100013396";"13";"10";"2021";"15:00";"1";"94";"94003";"2";"1";"1";"6";"PAUL VAILLANT COUTURIER (AV)";"48,7986300000";"2,3458700000"
"202100013397";"13";"10";"2021";"18:10";"1";"94";"94033";"2";"1";"1";"3";"CARNOT (R)";"48,8533400000";"2,4920200000"
"202100013398";"11";"10";"2021";"18:00";"1";"94";"94028";"2";"1";"1";"6";"Rue Saint-Simon";"48,7947530000";"2,4455280000"
"202100013399";"13";"10";"2021";"19:58";"4";"94";"94022";"2";"1";"1";"2";"Avenue de Lugo";"48,7695259945";"2,4094390868"
"202100013400";"12";"10";"2021";"21:29";"3";"94";"94002";"2";"9";"1";"2";"Cours Beethoven";"48,7958980000";"2,4290640000"
"202100013401";"12";"10";"2021";"11:30";"1";"94";"94002";"2";"1";"1";"6";"Rue Etienne Dolet";"48,7950680000";"2,4253420000"
"202100013402";"12";"10";"2021";"21:30";"4";"93";"93073";"2";"2";"1";"3";"SALENGRO (AVENUE ROGER)";"48,9425500000";"2,5758500000"
"202100013403";"12";"10";"2021";"18:30";"1";"93";"93039";"2";"1";"1";"5";"SEINE (QUAI DE )";"48,9347748002";"2,3425877094"
"202100013404";"13";"10";"2021";"20:40";"5";"93";"93064";"2";"2";"1";"6";"RHIN (RUE DU)";"48,8668948454";"2,4977683383"
"202100013405";"13";"10";"2021";"18:58";"2";"93";"93055";"2";"1";"1";"3";"JEAN LOLIVE (AVENUE)(137/FIN ET 134/FIN)";"48,8944582801";"2,4193766713"
"202100013406";"13";"10";"2021";"10:30";"1";"93";"93051";"2";"1";"1";"6";"MONTAIGNE (AVE)";"48,8451200000";"2,5387500000"
"202100013407";"13";"10";"2021";"08:40";"2";"93";"93048";"2";"1";"1";"7";"PIERRE DE MONTREUIL (RUE)";"48,8628800000";"2,4582400000"
"202100013408";"13";"10";"2021";"20:30";"5";"93";"93077";"2";"1";"1";"2";"GRANDE RUE";"48,8835156911";"2,5114792585"
"202100013409";"13";"10";"2021";"15:30";"1";"93";"93079";"2";"2";"7";"1";"JEAN JAURES (AV)";"48,9645063815";"2,3441771744"
"202100013410";"12";"10";"2021";"18:30";"1";"93";"93008";"2";"9";"1";"3";"SEMARD (RUE PIERRE)";"48,9086470410";"2,4454772472"
"202100013411";"13";"10";"2021";"14:30";"1";"93";"93027";"2";"6";"1";"2";"SALENGRO (AVENUE ROGER)";"48,9355700000";"2,3873400000"
"202100013412";"13";"10";"2021";"14:15";"1";"93";"93010";"2";"9";"1";"2";"PHILOSOPHIE (RUE DE LA)";"48,8912700000";"2,4957500000"
"202100013413";"13";"10";"2021";"10:15";"1";"93";"93057";"2";"1";"1";"1";"LUXEMBOURG (AL. DE)";"48,9137290953";"2,4980247784"
"202100013414";"13";"10";"2021";"11:20";"1";"92";"92046";"2";"3";"1";"3";"PIERRE LAROUSSE (AVENUE)";"48,8195535467";"2,3061525822"
"202100013415";"13";"10";"2021";"17:10";"1";"92";"92073";"2";"1";"1";"3";"BLUM (QUAI LEON)";"48,8643770000";"2,2266170000"
"202100013416";"12";"10";"2021";"19:10";"1";"92";"92022";"2";"1";"1";"6";"LIBERATION (BOULEVARD DE LA)";"48,8015868506";"2,1853761993"
"202100013417";"13";"10";"2021";"10:07";"1";"92";"92064";"2";"1";"1";"3";"PASTEUR";"48,8423200000";"2,2066800000"
"202100013418";"11";"10";"2021";"20:10";"1";"92";"92050";"2";"4";"1";"2";"ONZE NOVEMBRE RUE DU";"48,9068811292";"2,2186964750"
"202100013419";"13";"10";"2021";"18:20";"1";"92";"92049";"2";"1";"1";"3";"PASTEUR RUE";"48,8202517150";"2,3157120067"
"202100013420";"13";"10";"2021";"20:30";"5";"92";"92048";"2";"1";"1";"7";"REPUBLIQUE (RUE DE LA) NÂ° 1 A 45";"48,8099646861";"2,2362499900"
"202100013421";"13";"10";"2021";"12:30";"1";"92";"92048";"2";"1";"1";"6";"DUMONT D'URVILLE (RUE)";"48,8189400000";"2,2293000000"
"202100013422";"30";"07";"2021";"20:30";"2";"92";"92044";"2";"2";"1";"4";"VIC. HUGO(RUE)069A075 ET 080A088";"48,8958500000";"2,2965500000"
"202100013423";"13";"10";"2021";"13:45";"1";"92";"92026";"2";"1";"1";"2";"JOFFRE ( DE 30 A 50 ET DE 31 A 55 )";"48,8994796118";"2,2717854381"
"202100013424";"12";"10";"2021";"11:45";"1";"92";"92025";"2";"1";"1";"6";"PRESIDENT KENNEDY (RUE DU)";"48,9323446475";"2,2578634322"
"202100013425";"13";"10";"2021";"17:40";"1";"92";"92024";"2";"3";"1";"3";"MARTRE (RUE) DE (59 A 109)   (58 A 120)";"48,9017158431";"2,3073620469"
"202100013426";"13";"10";"2021";"13:30";"1";"92";"92012";"2";"1";"1";"3";"JEAN JAURES (BOULEVARD) 1/61 - COTE IMPA";"48,8402650902";"2,2397638857"
"202100013427";"11";"10";"2021";"12:20";"1";"01";"01333";"2";"1";"1";"6";"Place Victor Hugo";"45,9281170000";"4,9525850000"
"202100013428";"14";"10";"2021";"07:30";"1";"43";"43178";"2";"3";"1";"3";"La Vernede";"45,3106971192";"3,5377974808"
"202100013429";"13";"10";"2021";"16:08";"1";"11";"11067";"1";"2";"1";"3";"D6113";"43,2125420000";"2,8437750000"
"202100013430";"30";"09";"2021";"15:45";"1";"28";"28158";"1";"1";"1";"1";"D921";"48,4092800000";"1,4204000000"
"202100013431";"13";"10";"2021";"13:10";"1";"42";"42032";"1";"1";"1";"7";"Route du Val Fleury";"45,5297080000";"4,5145600000"
"202100013432";"13";"10";"2021";"12:45";"1";"974";"97413";"1";"1";"1";"5";"Pointe au Sel les Bas";" -21,1992090000";"55,2845980000"
"202100013433";"14";"10";"2021";"07:50";"2";"50";"50420";"1";"2";"1";"2";"Hotel Hochu";"49,0609290000";" -1,2024720000"
"202100013434";"13";"10";"2021";"09:00";"1";"47";"47156";"1";"1";"1";"6";"Lamouliere";"44,4893840000";"0,0829820000"
"202100013435";"6";"09";"2021";"17:30";"1";"37";"37142";"1";"1";"1";"3";"A10";"47,0413226783";"0,5802447146"
"202100013436";"13";"10";"2021";"19:30";"3";"57";"57490";"1";"3";"1";"3";"RD 955";"48,7738150000";"6,5698400000"
"202100013437";"14";"10";"2021";"15:00";"1";"56";"56078";"1";"1";"1";"3";"Route DÃ©partementale NÂ°152";"47,7550790000";" -3,5140800000"
"202100013438";"13";"10";"2021";"08:15";"1";"56";"56231";"1";"1";"1";"6";"Le Grayo";"47,7145738790";" -2,6490850700"
"202100013439";"14";"10";"2021";"13:53";"1";"76";"76509";"1";"1";"1";"3";"1065 Route du Puits de l Aire";"49,4679990000";"1,2301360000"
"202100013440";"14";"10";"2021";"15:55";"1";"80";"80062";"1";"2";"1";"3";"D1015";"49,8370970000";"1,7654730000"
"202100013441";"13";"10";"2021";"16:45";"1";"32";"32406";"1";"2";"7";"3";"carrefour D928 et D105";"43,6893460000";"0,8259700000"
"202100013442";"13";"10";"2021";"17:10";"1";"42";"42019";"2";"1";"1";"6";"10 Rue de Clermont";"45,7475850000";"4,0007990000"
"202100013443";"13";"10";"2021";"08:15";"1";"47";"47049";"2";"1";"1";"6";"Avenue Saint-Jean";"44,4424130000";"0,6250350000"
"202100013444";"13";"10";"2021";"19:00";"1";"29";"29225";"2";"2";"1";"6";"Lieu Dit Moriou";"47,9600885605";" -4,3561316651"
"202100013445";"13";"10";"2021";"19:30";"5";"31";"31182";"2";"3";"1";"1";"Intersection route de paris / Chemin de lespinasse";"43,6727630000";"1,4098440000"
"202100013446";"14";"10";"2021";"11:40";"1";"02";"02318";"2";"1";"1";"6";"22 Rue Bernard LefÃ¨vre";"49,5445720000";"3,2904960000"
"202100013447";"12";"10";"2021";"19:15";"2";"84";"84020";"1";"1";"1";"6";"D943";"43,8117070000";"5,3435610000"
"202100013448";"13";"10";"2021";"16:00";"1";"01";"01305";"1";"1";"1";"6";"Rd933A Pk 0002.350";"46,4463740000";"4,9054970000"
"202100013449";"14";"10";"2021";"07:28";"2";"26";"26166";"1";"2";"1";"3";"Boulevard Frederic Mistral";"44,7408960000";"4,8067550000"
"202100013450";"8";"10";"2021";"20:00";"3";"58";"58110";"1";"1";"1";"7";"D985";"47,1784510000";"3,7252610000"
"202100013451";"12";"10";"2021";"12:00";"1";"72";"72351";"1";"3";"1";"3";"Route de Sille";"48,1427200000";" -0,0503700000"
"202100013452";"13";"10";"2021";"19:40";"3";"60";"60029";"1";"1";"1";"2";"Route de Villotran";"49,3578690000";"1,9836370000"
"202100013453";"9";"10";"2021";"19:23";"2";"45";"45222";"1";"1";"1";"7";"Route des Gourdets";"48,0934380000";"2,7366260000"
"202100013454";"14";"10";"2021";"12:50";"1";"36";"36030";"1";"4";"1";"3";"N/A";"46,6170210000";"1,7770600000"
"202100013455";"14";"10";"2021";"14:50";"1";"07";"07334";"1";"1";"1";"7";"D 295";"44,4133480000";"4,1572790000"
"202100013456";"13";"10";"2021";"07:50";"2";"53";"53147";"2";"2";"1";"3";"Rue de Normandie";"48,3088570000";" -0,6232490000"
"202100013457";"13";"10";"2021";"15:20";"1";"27";"27050";"1";"1";"1";"6";"Route de Nassandres";"49,0962670000";"0,7580140000"
"202100013458";"14";"10";"2021";"10:15";"1";"88";"88141";"1";"1";"5";"1";"D13";"48,2671270000";"5,8969760000"
"202100013459";"13";"10";"2021";"16:25";"1";"49";"49092";"1";"1";"1";"2";"Autoroute A87 - PK : 016.00";"47,2762740000";" -0,6155350000"
"202100013460";"14";"10";"2021";"14:30";"1";"01";"01304";"1";"1";"1";"2";"autoroute A42";"46,0472560000";"5,3256120000"
"202100013461";"13";"10";"2021";"16:55";"1";"66";"66195";"1";"1";"1";"3";"D916";"42,6842500000";"2,8073120000"
"202100013462";"14";"10";"2021";"17:30";"1";"06";"06083";"1";"1";"1";"2";"A8 PK 220.000 sens MENTON NICE";"43,7972360000";"7,4825260000"
"202100013463";"11";"10";"2021";"15:40";"1";"95";"95379";"1";"1";"1";"1";"Route de la Grand Mare";"49,1121550000";"1,7857290000"
"202100013464";"11";"10";"2021";"15:15";"1";"34";"34327";"1";"3";"1";"3";"D65";"43,6627140000";"3,9789070000"
"202100013465";"13";"10";"2021";"18:30";"1";"89";"89427";"1";"1";"1";"4";"N151";"47,7516570000";"3,5450120000"
"202100013466";"13";"10";"2021";"20:35";"3";"58";"58160";"1";"1";"1";"3";"Route de Corcelles";"47,0001800000";"3,0774000000"
"202100013467";"14";"10";"2021";"17:50";"1";"21";"21038";"2";"2";"1";"3";"12 Rue du Colonel Redoutey";"47,1917410000";"5,3914090000"
"202100013468";"13";"10";"2021";"07:56";"2";"57";"57481";"2";"3";"5";"7";"Rue du 6 Septembre";"49,2208310000";"6,0138240000"
"202100013469";"9";"10";"2021";"18:35";"1";"01";"01202";"1";"1";"1";"6";"Route dÃ©partementale 1075";"45,8969000000";"5,3379290000"
"202100013470";"13";"10";"2021";"17:46";"1";"17";"17283";"1";"1";"1";"3";"RD 137";"45,5938610000";" -0,5511620000"
"202100013471";"14";"10";"2021";"10:45";"1";"22";"22162";"2";"1";"1";"7";"Quai Armand Dayot";"48,7820130000";" -3,0428370000"
"202100013472";"13";"10";"2021";"17:50";"1";"35";"35067";"1";"2";"1";"3";"Chene des Plaids";"48,2166520000";" -1,5914670000"
"202100013473";"14";"10";"2021";"12:20";"1";"27";"27343";"1";"5";"1";"3";"Les BruyÃ¨res";"49,0643350000";"1,3744390000"
"202100013474";"14";"10";"2021";"17:35";"1";"60";"60141";"2";"1";"1";"6";"Rue d Orgemont";"49,1891990000";"2,4600420000"
"202100013475";"14";"10";"2021";"17:39";"2";"59";"59602";"2";"2";"1";"3";"Rue Nationale";"50,6093920000";"3,1801770000"
"202100013476";"13";"10";"2021";"14:55";"1";"59";"59581";"1";"1";"1";"5";"grand chemin";"50,6805745001";"2,7584983899"
"202100013477";"8";"01";"2021";"19:45";"4";"83";"83086";"1";"1";"1";"6";"Route de FrÃ©jus";"43,4680252239";"6,5909309382"
"202100013478";"7";"05";"2021";"15:40";"1";"19";"19031";"2";"1";"1";"1";"MICHELET (BOULEVARD)";"45,1653900000";"1,5213300000"
"202100013479";"13";"10";"2021";"04:30";"3";"974";"97411";"1";"1";"1";"6";"LITTORAL (ROUTE 1 DU)";" -20,8934400000";"55,3790100000"
"202100013480";"13";"10";"2021";"17:00";"1";"69";"69388";"2";"3";"1";"2";"AMBROISE PARE (BD)";"45,7397500000";"4,8850600000"
"202100013481";"13";"10";"2021";"16:00";"1";"69";"69383";"2";"1";"1";"2";"ANDRE PHILIP (R )";"45,7584014815";"4,8510152979"
"202100013482";"13";"10";"2021";"15:15";"1";"69";"69387";"2";"2";"1";"3";"SAINT JEROME (R)";"45,7497400000";"4,8440800000"
"202100013483";"13";"10";"2021";"12:05";"1";"69";"69386";"2";"2";"1";"3";"CUVIER (R)";"45,7675000000";"4,8527000000"
"202100013484";"13";"10";"2021";"07:00";"5";"69";"69383";"2";"2";"1";"3";"LAFAYETTE (CR)";"45,7636300000";"4,8620600000"
"202100013485";"13";"10";"2021";"12:20";"1";"69";"69389";"2";"2";"1";"1";"LOUIS LOUCHEUR (R)";"45,7681700000";"4,8053800000"
"202100013486";"13";"10";"2021";"08:25";"2";"95";"95014";"2";"1";"1";"3";"CROIX BLANCHE   ROUTE DE LA";"49,0078300000";"2,2983900000"
"202100013487";"12";"10";"2021";"17:45";"1";"91";"91103";"2";"1";"1";"6";"AV SALVADOR ALLENDE";"48,6197500000";"2,3107400000"
"202100013488";"13";"10";"2021";"07:45";"1";"91";"91432";"2";"1";"1";"3";"AV BLAISE PASCAL";"48,6962600000";"2,3336900000"
"202100013489";"9";"10";"2021";"20:15";"5";"88";"88383";"2";"3";"1";"3";"Boulevard Thiers";"48,0173800000";"6,5933200000"
"202100013490";"13";"10";"2021";"11:50";"1";"83";"83137";"2";"1";"1";"6";"ARMARIS (BD DES)";"43,1279300000";"5,9818100000"
"202100013491";"8";"10";"2021";"18:20";"2";"82";"82121";"2";"6";"1";"3";"GIRATOIRE DE ROME";"43,9826600000";"1,3315200000"
"202100013492";"12";"10";"2021";"20:45";"5";"80";"80021";"2";"1";"2";"6";"SAINT FUSCIEN (RUE)";"49,8869700000";"2,3034000000"
"202100013493";"11";"10";"2021";"09:50";"1";"78";"78124";"2";"6";"7";"3";"BEZONS (RUE DE)";"48,9096500000";"2,1871400000"
"202100013494";"13";"10";"2021";"14:30";"1";"78";"78551";"1";"1";"1";"5";"RN 184";"48,9463000000";"2,0952300000"
"202100013495";"13";"10";"2021";"17:50";"1";"77";"77053";"2";"6";"7";"1";"D216";"48,6921820000";"2,6009180000"
"202100013496";"12";"10";"2021";"21:30";"5";"77";"77152";"2";"4";"8";"6";"D376";"48,5307900000";"2,6398300000"
"202100013497";"13";"10";"2021";"01:53";"5";"74";"74012";"2";"1";"1";"1";"ETREMBIERES (ROUTE D')";"46,1893700000";"6,2330200000"
"202100013498";"12";"10";"2021";"11:00";"1";"71";"71076";"2";"2";"1";"3";"Avenue de Paris";"46,7943840183";"4,8487190008"
"202100013499";"13";"10";"2021";"20:15";"5";"69";"69029";"2";"1";"1";"3";"PINEL (BD)";"45,7350086339";"4,8897930980"
"202100013500";"13";"10";"2021";"17:30";"1";"69";"69266";"2";"1";"1";"3";"FRANCIS DE PRESSENSE (R)";"45,7721100000";"4,8690000000"
"202100013501";"12";"10";"2021";"22:10";"5";"69";"69266";"2";"2";"1";"3";"8 MAI 1945 (DU) (R)";"45,7821500000";"4,8909700000"
"202100013502";"12";"10";"2021";"07:50";"1";"67";"67482";"2";"1";"2";"3";"OBERHAUSBERGEN (ROUTE D )";"48,5993724248";"7,7010914683"
"202100013503";"13";"10";"2021";"16:50";"1";"64";"64545";"1";"1";"1";"5";"ORIO (ROUTE D')";"43,3559246329";" -1,7461535648"
"202100013504";"13";"10";"2021";"08:05";"2";"64";"64545";"2";"1";"1";"1";"RD810";"43,3755800000";" -1,6775600000"
"202100013505";"13";"10";"2021";"17:20";"1";"64";"64335";"2";"6";"1";"3";"Avenue Santos Dumont";"43,3206246391";" -0,4232686758"
"202100013506";"12";"10";"2021";"21:00";"5";"64";"64445";"2";"1";"1";"3";"COURS LEON BERARD";"43,3139260000";" -0,3700970000"
"202100013507";"13";"10";"2021";"20:00";"5";"64";"64024";"2";"2";"1";"3";"Rue des Mouettes";"43,4935500000";" -1,5101000000"
"202100013508";"13";"10";"2021";"20:03";"3";"64";"64140";"2";"1";"1";"5";"CÃ´te du Moulin";"43,5192100000";" -1,4643610000"
"202100013509";"13";"10";"2021";"14:00";"1";"64";"64102";"2";"1";"1";"7";"GRENET (PONT)";"43,4970000000";" -1,4827200000"
"202100013510";"13";"10";"2021";"07:45";"2";"64";"64102";"2";"1";"5";"3";"LOUIS DE FOIX (AVENUE)";"43,5116300000";" -1,4685200000"
"202100013511";"13";"10";"2021";"07:40";"5";"64";"64024";"2";"1";"5";"6";"Avenue de Maignon";"43,4802200000";" -1,5089300000"
"202100013512";"13";"10";"2021";"05:45";"5";"64";"64102";"2";"1";"1";"2";"ALSACE LORRAINE (BOULEVARD)";"43,4947200000";" -1,4687200000"
"202100013513";"12";"10";"2021";"07:50";"1";"64";"64102";"2";"1";"1";"6";"JACQUES LOEB (AVENUE DE L'INTERNE)";"43,4807560000";" -1,4830400000"
"202100013514";"12";"10";"2021";"22:17";"5";"63";"63014";"2";"1";"1";"3";"MAERTE (RUE ROGER)";"45,7585700000";"3,1213500000"
"202100013515";"12";"10";"2021";"18:44";"2";"63";"63113";"2";"1";"1";"3";"ESTIENNE (RUE PIERRE)";"45,7712900000";"3,1274600000"
"202100013516";"11";"09";"2021";"11:00";"1";"62";"62842";"2";"2";"1";"3";"JAURES (R JEAN)";"50,4750200000";"2,8654580000"
"202100013517";"4";"10";"2021";"10:20";"1";"59";"59346";"2";"3";"1";"3";"FAIDHERBE RUE";"50,6179531441";"3,1157398224"
"202100013518";"8";"10";"2021";"09:00";"1";"58";"58194";"2";"7";"1";"3";"CHAMEANE (PLACE)";"46,9939000000";"3,1654000000"
"202100013519";"2";"10";"2021";"17:50";"1";"58";"58194";"2";"1";"1";"1";"ROTONDE";"46,9897000000";"3,1469000000"
"202100013520";"6";"10";"2021";"12:20";"1";"58";"58194";"2";"1";"1";"3";"MONTAPINS";"46,9798400000";"3,1382900000"
"202100013521";"10";"10";"2021";"17:50";"1";"53";"53054";"1";"6";"1";"7";"RD 31 VERS LAVAL";"48,1149890000";" -0,8538040000"
"202100013522";"12";"10";"2021";"09:30";"1";"51";"51454";"2";"1";"1";"2";"Avenue NicÃ©phore NiÃ©pce";"49,2244442188";"4,0671172226"
"202100013523";"12";"10";"2021";"21:27";"3";"49";"49007";"2";"1";"1";"2";"DE LATTRE DE TASSIGNY";"47,4530600000";" -0,5412320000"
"202100013524";"12";"10";"2021";"06:17";"5";"49";"49007";"2";"1";"1";"3";"MONTESQUIEU PASSAGE";"47,4734400000";" -0,5796100000"
"202100013525";"13";"10";"2021";"19:55";"5";"45";"45234";"2";"2";"1";"3";"Rue du Faubourg Bannier";"47,9089346854";"1,9009537697"
"202100013526";"7";"10";"2021";"16:45";"1";"44";"44184";"2";"1";"1";"3";"VECQUERIE (RUE DE LA)";"47,2570000000";" -2,2616000000"
"202100013527";"9";"10";"2021";"22:30";"5";"42";"42218";"2";"2";"1";"3";"Rue DÃ©sirÃ© Claude";"45,4263254326";"4,3896942528"
"202100013528";"13";"10";"2021";"19:05";"1";"35";"35278";"1";"1";"1";"7";"COUESNON (AVENUE DU)";"48,1415200000";" -1,6718000000"
"202100013529";"12";"10";"2021";"21:45";"5";"34";"34172";"2";"2";"1";"3";"PALAVAS (AVENUE DE)";"43,5976200000";"3,8862000000"
"202100013530";"11";"10";"2021";"17:35";"1";"34";"34172";"2";"1";"1";"3";"LODEVE (AVENUE DE";"43,6136900000";"3,8392100000"
"202100013531";"13";"10";"2021";"09:45";"1";"33";"33318";"2";"6";"1";"3";"Avenue du Docteur Roger MarcadÃ©";"44,8090500000";" -0,6293800000"
"202100013532";"13";"10";"2021";"06:50";"3";"33";"33032";"1";"1";"1";"6";"Rue dâAmbares";"44,9161700000";" -0,5093300000"
"202100013533";"12";"10";"2021";"18:05";"1";"33";"33063";"2";"1";"1";"6";"BD GODARD";"44,8555200000";" -0,6079500000"
"202100013534";"13";"10";"2021";"13:50";"1";"32";"32013";"1";"1";"1";"3";"ROCADE (RN 124 EST)";"43,6613400000";"0,6449400000"
"202100013535";"13";"10";"2021";"10:50";"1";"31";"31555";"1";"1";"1";"3";"21 DEMOISELLES  (PERIPH OUEST A620)";"43,5732000000";"1,4726600000"
"202100013536";"6";"10";"2021";"08:10";"1";"30";"30189";"2";"1";"1";"6";"BEAUCAIRE (ROUTE)";"43,8364700000";"4,3927900000"
"202100013537";"13";"10";"2021";"10:55";"1";"29";"29232";"2";"6";"1";"3";"Avenue de la France Libre";"48,0059600000";" -4,0972300000"
"202100013538";"11";"10";"2021";"11:53";"1";"29";"29039";"2";"6";"1";"3";"Rue de TrÃ©gunc";"47,8652473283";" -3,9016424417"
"202100013539";"13";"10";"2021";"15:50";"1";"29";"29019";"2";"2";"1";"6";"Rue Saint-Martin";"48,3946190000";" -4,4792540000"
"202100013540";"9";"10";"2021";"11:15";"1";"27";"27681";"2";"6";"1";"2";"EVREUX (PLACE D')";"49,0919500000";"1,4822300000"
"202100013541";"12";"10";"2021";"17:35";"1";"27";"27681";"2";"9";"1";"6";"BONNARD (RUE PIERRE)";"49,0991111000";"1,4886653000"
"202100013542";"9";"10";"2021";"22:55";"5";"27";"27229";"2";"1";"1";"6";"CORBEAU (RUE CHARLES)";"49,0244500000";"1,1511900000"
"202100013543";"13";"10";"2021";"19:15";"2";"17";"17028";"2";"3";"1";"3";"DOUX   CHEMIN DU PUITS";"46,1317500000";" -1,1375500000"
"202100013544";"13";"10";"2021";"17:35";"1";"17";"17300";"2";"9";"1";"6";"VERDUN   PLACE DE";"46,1619100000";" -1,1529800000"
"202100013545";"13";"10";"2021";"16:10";"1";"14";"14715";"2";"1";"7";"6";"D513";"49,3613800000";"0,0859500000"
"202100013546";"13";"10";"2021";"13:40";"1";"13";"13215";"2";"1";"1";"3";"AYGALADES (AVENUE DES)";"43,3557546266";"5,3697588686"
"202100013547";"13";"10";"2021";"20:20";"5";"13";"13063";"2";"9";"1";"3";"MARECHAL DE LATTRE DE TASSIGNY  ROND POI";"43,5877000000";"5,0027900000"
"202100013548";"12";"10";"2021";"17:25";"1";"10";"10387";"2";"1";"1";"3";"MARIE DE CHAMPAGNE (RUE)";"48,3041400000";"4,0615000000"
"202100013549";"13";"10";"2021";"19:20";"5";"06";"06088";"2";"1";"1";"3";"MERCANTOUR (BD)";"43,7051280000";"7,1889720000"
"202100013550";"13";"10";"2021";"10:45";"1";"06";"06069";"2";"1";"1";"6";"CANNES (ROUTE DE)  -RD 6085-";"43,6386640000";"6,9501720000"
"202100013551";"13";"10";"2021";"08:00";"1";"06";"06123";"2";"1";"1";"5";"POMPIDOU GEORGES BOULEVARD";"43,6732950000";"7,1933740000"
"202100013552";"12";"10";"2021";"20:17";"5";"05";"05061";"2";"3";"1";"3";"BELLEVUE (BOULEVARD)";"44,5597100000";"6,0864800000"
"202100013553";"12";"10";"2021";"14:15";"1";"05";"05061";"1";"1";"1";"7";"LUYE ( ROUTE DE LA )";"44,5177000000";"6,0644000000"
"202100013554";"12";"10";"2021";"12:45";"1";"05";"05061";"2";"3";"1";"3";"COMMANDANT DUMONT ( AVENUE)";"44,5673900000";"6,0833700000"
"202100013555";"12";"10";"2021";"10:55";"1";"05";"05061";"1";"3";"1";"7";"Route de la Luye";"44,5177000000";"6,0643200000"
"202100013556";"12";"10";"2021";"21:45";"5";"03";"03310";"2";"1";"1";"1";"CROIX SAINT MARTIN (AVENUE DE LA)";"46,1141100000";"3,4368400000"
"202100013557";"1";"10";"2021";"13:20";"1";"69";"69276";"1";"1";"1";"4";"RD 301";"45,6867205954";"4,8641431332"
"202100013558";"13";"10";"2021";"19:30";"2";"57";"57647";"1";"1";"8";"6";"Autoroute A30";"49,3141100000";"6,0947100000"
"202100013559";"13";"10";"2021";"17:30";"1";"33";"33003";"1";"1";"1";"2";"AUTOROUTE A 10";"44,9283300000";" -0,4705990000"
"202100013560";"12";"10";"2021";"23:30";"5";"59";"59009";"1";"1";"1";"6";"ROUTE NATIONALE 227";"50,6423900000";"3,1445100000"
"202100013561";"8";"10";"2021";"17:15";"1";"59";"59288";"1";"1";"1";"4";"AUTOROUTE A2";"50,3146510000";"3,4049510000"
"202100013562";"13";"10";"2021";"15:44";"1";"77";"77251";"1";"1";"1";"3";"RN 104";"48,6446760000";"2,5432190000"
"202100013563";"13";"10";"2021";"13:20";"1";"94";"94038";"1";"1";"1";"3";"AUTOROUTE A6B";"48,7832100000";"2,3472100000"
"202100013564";"12";"10";"2021";"09:55";"1";"92";"92062";"1";"1";"1";"6";"A14";"48,8931574950";"2,2336139391"
"202100013565";"12";"10";"2021";"08:55";"1";"92";"92050";"1";"1";"1";"7";"A86";"48,9035066810";"2,2061786056"
"202100013566";"13";"10";"2021";"09:00";"1";"93";"93005";"1";"1";"1";"3";"AUTOROUTE A3";"48,9653374753";"2,4745631267"
"202100013567";"13";"10";"2021";"08:35";"2";"93";"93010";"1";"1";"1";"3";"AUTOROUTE A3";"48,8909408086";"2,4731648485"
"202100013568";"13";"10";"2021";"18:45";"1";"77";"77294";"1";"1";"1";"3";"A104";"48,9703170000";"2,5704950000"
"202100013569";"12";"10";"2021";"20:15";"3";"94";"94028";"1";"1";"1";"6";"A86 INT";"48,7978767905";"2,4442674715"
"202100013570";"26";"05";"2021";"16:41";"1";"80";"80021";"2";"1";"1";"2";"EDMOND ROSTAND (RUE)";"49,8735800000";"2,3255300000"
"202100013571";"26";"05";"2021";"08:15";"1";"80";"80021";"2";"2";"1";"3";"ROGER DUMOULIN (AVENUE)";"49,9352600000";"2,2841700000"
"202100013572";"23";"05";"2021";"09:00";"1";"80";"80021";"2";"2";"1";"3";"QUATORZE JUILLET 1789 (AVENUE DU)";"49,8776153679";"2,2828602791"
"202100013573";"3";"06";"2021";"09:56";"1";"65";"65100";"1";"1";"2";"6";"BORDEAUX (ROUTE DE) CD 935";"43,2783950000";"0,0701500000"
"202100013574";"11";"10";"2021";"16:30";"1";"95";"95210";"2";"2";"7";"3";"MALLEVILLE (RUE DE)";"48,9657570000";"2,3028790000"
"202100013575";"13";"08";"2021";"19:50";"4";"971";"97101";"2";"1";"1";"6";"BOULEVARD DES HEROS";"16,2473200000";" -61,5287700000"
"202100013576";"11";"06";"2021";"22:53";"5";"32";"32013";"2";"6";"1";"3";"VERDUN (PLACE DE)";"43,6482800000";"0,5930000000"
"202100013577";"11";"10";"2021";"14:40";"1";"988";"98818";"2";"3";"1";"5";"AVENUE FOCH/AVENUE DE LA VICTOIRE H. LAFLEUR";" -22,2743900000";"166,4427900000"
"202100013578";"11";"10";"2021";"15:50";"1";"976";"97611";"2";"1";"1";"1";"cavani-Rond point du Stade";" -12,7830700000";"45,2234900000"
"202100013579";"11";"10";"2021";"15:40";"1";"974";"97416";"1";"1";"2";"1";"OCEANITES (AVENUE DES)";" -21,3265000000";"55,4703000000"
"202100013580";"12";"10";"2021";"11:00";"1";"974";"97411";"2";"1";"2";"4";"NONGE (AVENUE EUDOXIE)";" -20,8973800000";"55,4928300000"
"202100013581";"12";"10";"2021";"08:55";"1";"974";"97411";"2";"2";"3";"3";"DODU 2 (RUE JULIETTE)";" -20,8777800000";"55,4510600000"