"Num_Acc";"jour";"mois";"an";"hrmn";"lum";"dep";"com";"agg";"int";"atm";"col";"adr";"lat";"long"
"202100013582";"12";"10";"2021";"09:15";"1";"974";"97407";"2";"6";"2";"6";"14 JUILLET 1789(AVENUE DU)";" -20,9323700000";"55,2950200000"
"202100013583";"12";"10";"2021";"22:35";"3";"69";"69199";"2";"3";"1";"1";"LOUIS AULAGNE (Q)";"45,7039300000";"4,8452000000"
"202100013584";"12";"10";"2021";"16:05";"1";"69";"69387";"2";"2";"1";"6";"JEAN JAURES (AV)";"45,7482779484";"4,8436859250"
"202100013585";"12";"10";"2021";"14:45";"1";"69";"69383";"2";"2";"1";"3";"PART DIEU (DE LA) (R)";"45,7593000000";"4,8437000000"
"202100013586";"12";"10";"2021";"08:42";"1";"69";"69199";"2";"3";"1";"3";"JEAN JAURES (AV)";"45,7111200000";"4,8551000000"
"202100013587";"23";"07";"2021";"12:00";"1";"69";"69383";"2";"1";"1";"6";"ARSONVAL (D')                       (PL)";"45,7431392550";"4,8784285784"
"202100013588";"12";"10";"2021";"15:00";"1";"69";"69381";"2";"1";"1";"2";"ANDRE LASSAGNE (Q)";"45,7710600000";"4,8382200000"
"202100013589";"17";"09";"2021";"18:20";"1";"69";"69382";"2";"1";"1";"1";"GALLIENI (PT)";"45,7485973025";"4,8312216997"
"202100013590";"12";"10";"2021";"07:30";"1";"69";"69385";"2";"1";"1";"6";"PIERRE SCIZE (Q)";"45,7667326662";"4,8203181218"
"202100013591";"6";"10";"2021";"09:00";"1";"69";"69034";"2";"1";"1";"7";"PIERRE TERRASSE (AV)";"45,7987100000";"4,8491500000"
"202100013592";"10";"10";"2021";"14:25";"1";"971";"97101";"1";"9";"2";"2";"CHAUVEL";"16,2395078716";" -61,5200686455"
"202100013593";"12";"10";"2021";"13:40";"1";"95";"95598";"2";"1";"1";"6";"EGALITE (RUE DE L')";"48,9932410000";"2,2943150000"
"202100013594";"11";"10";"2021";"14:45";"1";"91";"91552";"2";"9";"1";"6";"AV DE LA DIVISION LECLERC";"48,5974770000";"2,2459130000"
"202100013595";"12";"10";"2021";"05:40";"5";"91";"91477";"2";"2";"1";"3";"HUIT MAI 1945 (AVENUE DU)";"48,7084670000";"2,2412720000"
"202100013596";"12";"10";"2021";"08:10";"1";"91";"91097";"2";"1";"1";"7";"AV DU GAL CHARLES DE GAULLE";"48,6846000000";"2,5310400000"
"202100013597";"9";"10";"2021";"21:05";"5";"91";"91228";"2";"3";"1";"6";"RUE HONORE D ESTIENNE D ORVES";"48,6248400000";"2,4336830000"
"202100013598";"9";"10";"2021";"00:05";"3";"89";"89024";"1";"1";"1";"1";"R.N.6";"47,7884970000";"3,6015740000"
"202100013599";"11";"10";"2021";"17:32";"1";"87";"87085";"2";"3";"1";"5";"GUERIN (RUE CAMILLE)";"45,8182000000";"1,2292400000"
"202100013600";"8";"10";"2021";"14:12";"1";"87";"87085";"2";"1";"1";"6";"GRAND-TREUIL (RUE DU)";"45,8451400000";"1,2711700000"
"202100013601";"12";"10";"2021";"19:25";"5";"83";"83137";"2";"1";"1";"2";"WEYGAND (AVE GENERAL)";"43,1204200000";"5,9498400000"
"202100013602";"12";"10";"2021";"08:55";"1";"83";"83009";"2";"1";"1";"7";"MARSEILLE (BD DE)";"43,1460500000";"5,7484000000"
"202100013603";"12";"10";"2021";"15:45";"1";"83";"83061";"1";"1";"1";"1";"D100 A";"43,4443200000";"6,7354100000"
"202100013604";"7";"10";"2021";"17:40";"1";"80";"80021";"2";"1";"1";"2";"DURY (BOULEVARD DE)";"49,8801400000";"2,2896500000"
"202100013605";"12";"10";"2021";"18:48";"1";"78";"78624";"1";"1";"1";"1";"POISSY AVENUE DE";"48,9557400000";"2,0198780000"
"202100013606";"12";"10";"2021";"08:45";"1";"77";"77288";"2";"1";"1";"6";"D415A";"48,5370600000";"2,6607300000"
"202100013607";"12";"10";"2021";"16:40";"1";"76";"76322";"2";"3";"1";"6";"RAVEL. BOULEVARD MAURICE";"49,4071600000";"1,0451800000"
"202100013608";"12";"10";"2021";"12:40";"1";"76";"76351";"2";"2";"1";"3";"RICHELIEU";"49,4891700000";"0,1086500000"
"202100013609";"11";"10";"2021";"19:30";"1";"76";"76351";"2";"2";"1";"3";"JULES LECESNE (RUE)";"49,4931390000";"0,1201700000"
"202100013610";"10";"10";"2021";"00:30";"5";"76";"76351";"2";"1";"1";"2";"ALBERT 1ER";"49,4977600000";"0,0921600000"
"202100013611";"7";"10";"2021";"18:20";"1";"74";"74281";"2";"1";"7";"6";"CORNICHE (BD DE LA) SUPERIEUR NÂ°20";"46,3705570000";"6,4705240000"
"202100013612";"11";"10";"2021";"23:50";"5";"72";"72181";"1";"1";"1";"7";"ESTIENNE D'ORVES (BD D')";"47,9828800000";"0,1882600000"
"202100013613";"11";"10";"2021";"19:00";"1";"72";"72065";"1";"1";"1";"2";"PATTON GENERAL RTE ST-AUBIN A RUE KLOTZ";"48,0267032877";"0,1694476602"
"202100013614";"12";"10";"2021";"20:15";"5";"69";"69266";"2";"1";"1";"3";"EMILE ZOLA (CR)";"45,7650700000";"4,9039600000"
"202100013615";"4";"10";"2021";"19:10";"5";"69";"69282";"2";"1";"2";"4";"LUCIEN BUISSON (AV)";"45,7651300000";"4,9965580000"
"202100013616";"21";"09";"2021";"11:40";"1";"69";"69282";"2";"3";"1";"2";"JEAN JAURES (R)";"45,7739398562";"5,0179255843"
"202100013617";"12";"10";"2021";"07:10";"5";"69";"69092";"2";"1";"1";"6";"ROGER SALENGRO (BD)";"46,0023978662";"4,7191711960"
"202100013618";"11";"10";"2021";"08:05";"1";"67";"67482";"2";"1";"1";"6";"CLEMENCEAU (BOULEVARD)";"48,5918048328";"7,7532389760"
"202100013619";"11";"10";"2021";"07:20";"1";"67";"67482";"2";"1";"5";"3";"ROBERTSAU (ALLEE DE LA)";"48,5867690000";"7,7636620000"
"202100013620";"12";"10";"2021";"08:21";"1";"66";"66136";"2";"1";"1";"2";"N/A";"42,6637500000";"2,9205000000"
"202100013621";"12";"10";"2021";"08:05";"1";"66";"66136";"1";"1";"1";"2";"POU-DE-LES-COULOBRES (CHEMIN DU)";"42,6656725877";"2,9196073115"
"202100013622";"11";"10";"2021";"17:23";"1";"66";"66136";"1";"1";"1";"4";"R D 900";"42,6724480000";"2,8599340000"
"202100013623";"9";"10";"2021";"02:25";"3";"66";"66136";"2";"1";"1";"1";"PAS-DE-LA-PAILLE (CHEMIN DU)";"42,6862300000";"2,8659200000"
"202100013624";"9";"10";"2021";"11:23";"1";"66";"66136";"2";"1";"1";"3";"DALBIEZ (AVENUE VICTOR)";"42,6901000000";"2,8850500000"
"202100013625";"8";"10";"2021";"17:14";"1";"66";"66136";"1";"1";"1";"6";"R D 900";"42,6748900000";"2,8854000000"
"202100013626";"12";"10";"2021";"07:50";"2";"64";"64445";"2";"6";"1";"3";"ROND POINT DES DROITS DE L'HOMME";"43,3127600000";" -0,3684100000"
"202100013627";"11";"10";"2021";"10:20";"1";"63";"63113";"2";"1";"1";"2";"MEUNIERS (RUE DES)";"45,7626000000";"3,1048000000"
"202100013628";"11";"10";"2021";"09:08";"1";"63";"63113";"2";"1";"1";"6";"CARNOT (AVENUE)";"45,7762700000";"3,0931000000"
"202100013629";"9";"10";"2021";"12:57";"1";"63";"63113";"2";"1";"1";"6";"SUGNY (PLACE)";"45,7774200000";"3,0845100000"
"202100013630";"8";"10";"2021";"17:58";"2";"63";"63014";"2";"1";"1";"2";"AURIOL (RUE JACQUELINE)";"45,7506200000";"3,1391100000"
"202100013631";"8";"10";"2021";"15:00";"1";"63";"63113";"2";"1";"1";"3";"PARDIEU (ROND-POINT DE LA)";"45,7612000000";"3,1326400000"
"202100013632";"12";"10";"2021";"10:25";"1";"62";"62193";"2";"1";"1";"2";"EGALITE (BOULEVARD DE L')";"50,9457190000";"1,8718690000"
"202100013633";"12";"10";"2021";"09:10";"1";"61";"61001";"2";"1";"1";"6";"CLEMENCEAU (COURS)";"48,4327500000";"0,0858600000"
"202100013634";"12";"10";"2021";"17:20";"1";"59";"59599";"2";"1";"2";"3";"NATIONALE (RUE)";"50,7245447897";"3,1536691332"
"202100013635";"11";"10";"2021";"18:40";"1";"59";"59648";"2";"9";"1";"3";"BLERIOT LOUIS RUE";"50,5889200000";"3,0395800000"
"202100013636";"8";"10";"2021";"17:20";"1";"59";"59017";"2";"1";"1";"6";"BEAUVAIS (QUAI DE)";"50,6881860462";"2,8845959287"
"202100013637";"12";"10";"2021";"20:59";"5";"57";"57463";"2";"2";"2";"3";"ROI GEORGE (PLACE DU )";"49,1109957000";"6,1698343000"
"202100013638";"12";"10";"2021";"07:00";"5";"56";"56121";"2";"3";"1";"3";"MARNE ( AV DE LA )";"47,7438800000";" -3,3681400000"
"202100013639";"11";"10";"2021";"09:38";"1";"56";"56083";"2";"1";"1";"3";"VANNES ( ROUTE DE )";"47,7985800000";" -3,2537600000"
"202100013640";"12";"10";"2021";"17:30";"1";"54";"54395";"2";"3";"1";"3";"LECLERC (AVENUE DU GENERAL)";"48,6696200000";"6,1698100000"
"202100013641";"11";"10";"2021";"19:30";"5";"54";"54578";"2";"2";"1";"1";"MULLER (AVENUE PAUL)";"48,6682966896";"6,1475418337"
"202100013642";"12";"10";"2021";"11:56";"1";"51";"51454";"2";"1";"1";"4";"Avenue de Champagne";"49,2184100000";"4,0199000000"
"202100013643";"11";"10";"2021";"11:58";"1";"49";"49007";"2";"1";"1";"3";"MELGRANI IMPASSE ET RUE";"47,4757100000";" -0,5939100000"
"202100013644";"12";"10";"2021";"11:50";"1";"45";"45234";"2";"3";"1";"3";"DAVOUST (RUE EMILE DAVOUST)";"47,9038800000";"1,9102600000"
"202100013645";"11";"10";"2021";"17:05";"1";"45";"45169";"2";"1";"1";"2";"CHAPELLE (RUE DE LA)";"47,9098200000";"1,8309100000"
"202100013646";"12";"10";"2021";"11:40";"1";"44";"44114";"1";"1";"1";"3";"PERIPHERIQUE ROUTIER";"47,2615300000";" -1,6132500000"
"202100013647";"6";"10";"2021";"12:30";"1";"42";"42207";"2";"3";"1";"3";"Rue Jules Duclos";"45,4738700000";"4,5083100000"
"202100013648";"10";"10";"2021";"11:45";"1";"37";"37261";"2";"1";"1";"6";"LURCAT (RUE JEAN)";"47,4110787511";"0,7052285355"
"202100013649";"12";"10";"2021";"08:30";"1";"35";"35238";"2";"1";"1";"6";"LE GUILLOUX (HENRI)";"48,1175600000";" -1,6937500000"
"202100013650";"12";"10";"2021";"07:30";"3";"35";"35278";"1";"1";"5";"2";"MELESSE (ROND POINT DE)";"48,1613410000";" -1,6899350000"
"202100013651";"12";"10";"2021";"16:30";"1";"33";"33281";"2";"1";"1";"3";"Rue Alphonse Daudet";"44,8527200000";" -0,6568900000"
"202100013652";"12";"10";"2021";"08:30";"1";"33";"33119";"2";"3";"1";"1";"Rue Albert Dupeyron";"44,8570600000";" -0,5372400000"
"202100013653";"12";"10";"2021";"11:30";"1";"33";"33529";"2";"3";"1";"6";"DIGNAC (RUE PIERRE)";"44,6316600000";" -1,1480000000"
"202100013654";"12";"10";"2021";"19:08";"5";"31";"31555";"2";"1";"1";"6";"MINIMES (BD DES) DU 1AU 76";"43,6156530000";"1,4464300000"
"202100013655";"12";"10";"2021";"13:00";"1";"31";"31555";"2";"1";"1";"3";"AV DE GRANDE BRETAGNE";"43,5985100000";"1,4186100000"
"202100013656";"12";"10";"2021";"09:50";"1";"31";"31555";"2";"3";"1";"1";"RUE DANTON";"43,5764400000";"1,4488360000"
"202100013657";"11";"10";"2021";"09:18";"1";"31";"31555";"1";"1";"1";"2";"D980";"43,5979600000";"1,3640700000"
"202100013658";"11";"10";"2021";"08:30";"1";"31";"31555";"1";"1";"1";"2";"ECHANGEUR PALAYS";"43,5624500000";"1,4877200000"
"202100013659";"11";"10";"2021";"00:50";"4";"31";"31555";"1";"1";"1";"6";"VA007440 LES MINIMES A620 Sortie 31";"43,6204900000";"1,4183600000"
"202100013660";"27";"09";"2021";"11:55";"1";"30";"30189";"1";"1";"1";"6";"MONTPELLIER (ROUTE DE)";"43,8070000000";"4,3226000000"
"202100013661";"11";"10";"2021";"07:38";"5";"29";"29019";"2";"1";"1";"6";"Rue Robespierre";"48,4126100000";" -4,4912140000"
"202100013662";"12";"10";"2021";"18:25";"2";"28";"28134";"2";"1";"8";"2";"VIEUX PRE (PLACE DU)";"48,7325500000";"1,3649400000"
"202100013663";"12";"10";"2021";"17:30";"1";"28";"28134";"2";"2";"1";"3";"DUNANT (RUE HENRI)";"48,7373326498";"1,3870453835"
"202100013664";"11";"10";"2021";"14:05";"1";"25";"25462";"2";"2";"7";"3";"CHARDONNET (COMTE DE)";"46,9108400000";"6,3520900000"
"202100013665";"12";"10";"2021";"17:20";"1";"25";"25056";"2";"1";"1";"1";"DOLE RUE DE (sup 200)";"47,2261700000";"5,9767200000"
"202100013666";"12";"10";"2021";"07:10";"3";"19";"19275";"1";"2";"1";"3";"BUSSIERTAS (RUE DE)";"45,5651739770";"2,3172518143"
"202100013667";"11";"10";"2021";"10:50";"1";"17";"17306";"2";"1";"1";"2";"BOUCHET LOUIS (AVENUE)";"45,6280211257";" -0,9961422830"
"202100013668";"12";"10";"2021";"08:15";"2";"17";"17300";"2";"3";"1";"1";"BRIAND   AVENUE ARISTIDE";"46,1647400000";" -1,1645500000"
"202100013669";"12";"10";"2021";"09:45";"1";"15";"15014";"2";"1";"1";"2";"Boulevard de Lescudilliers";"44,9138477931";"2,4323706329"
"202100013670";"12";"10";"2021";"08:50";"1";"13";"13103";"2";"2";"1";"1";"AVENUE DE LATTRE DE TASSIGNY-RD 17-";"43,6524203915";"5,0893843174"
"202100013671";"12";"10";"2021";"19:30";"5";"13";"13207";"2";"1";"1";"3";"Corniche John FitzgÃ©rald Kennedy";"43,2890000000";"5,3540000000"
"202100013672";"12";"10";"2021";"19:50";"5";"13";"13204";"2";"1";"1";"2";"MARÃCHAL JUIN (BOULEVARD)";"43,3124700000";"5,4041100000"
"202100013673";"11";"10";"2021";"14:15";"1";"13";"13208";"2";"9";"1";"5";"MICHELET (BOULEVARD)";"43,2600000000";"5,3900000000"
"202100013674";"12";"10";"2021";"15:20";"1";"13";"13047";"2";"1";"1";"2";"RADOLFZELL AVENUE DE";"43,4982500000";"4,9862300000"
"202100013675";"12";"10";"2021";"22:45";"5";"13";"13004";"2";"9";"1";"3";"RUE JEAN COCTEAU";"43,6776933438";"4,6438143423"
"202100013676";"12";"10";"2021";"16:15";"1";"06";"06123";"2";"1";"1";"4";"BORD DE MER RN 98";"43,6569710000";"7,1807180000"
"202100013677";"12";"10";"2021";"07:45";"1";"06";"06027";"2";"1";"1";"2";"CANNES AVENUE DE (RN7)";"43,6540510000";"7,1476230000"
"202100013678";"11";"10";"2021";"16:25";"1";"06";"06155";"2";"1";"1";"1";"IMPINIERS TRAV.CH.ET MONTEE DES";"43,5882880000";"7,0523400000"
"202100013679";"11";"10";"2021";"12:15";"1";"05";"05061";"2";"1";"1";"4";"plaine de lachaup";"44,5097540000";"6,0459140000"
"202100013680";"12";"10";"2021";"08:00";"1";"75";"75120";"2";"5";"1";"3";"RUE BELGRAND";"48,8646590000";"2,4056550000"
"202100013681";"12";"10";"2021";"19:35";"5";"75";"75119";"2";"3";"1";"3";"AVENUE JEAN JAURES";"48,8887750000";"2,3930600000"
"202100013682";"12";"10";"2021";"18:50";"1";"75";"75119";"2";"3";"1";"3";"AVENUE JEAN JAURES";"48,8870040000";"2,3863440000"
"202100013683";"8";"10";"2021";"23:35";"5";"75";"75119";"2";"1";"1";"3";"AVENUE CORENTIN CARIOU";"48,8954950000";"2,3831800000"
"202100013684";"12";"10";"2021";"19:40";"5";"75";"75118";"2";"4";"1";"6";"RUE DE CLIGNANCOURT";"48,8863610000";"2,3475580000"
"202100013685";"12";"10";"2021";"17:40";"1";"75";"75118";"2";"1";"1";"6";"BOULEVARD ORNANO";"48,8931490000";"2,3484200000"
"202100013686";"11";"10";"2021";"08:30";"1";"75";"75118";"2";"2";"1";"3";"RUE LEIBNIZ";"48,8959760000";"2,3308870000"
"202100013687";"12";"10";"2021";"18:15";"1";"75";"75117";"2";"5";"1";"3";"AVENUE DES TERNES";"48,8803470000";"2,2867680000"
"202100013688";"11";"10";"2021";"11:25";"1";"75";"75117";"2";"2";"1";"3";"BOULEVARD BERTHIER";"48,8898730000";"2,3038530000"
"202100013689";"11";"10";"2021";"07:15";"2";"75";"75116";"2";"2";"1";"3";"ROUTE DES MOULINS";"48,8650840000";"2,2344720000"
"202100013690";"12";"10";"2021";"08:40";"1";"75";"75112";"2";"1";"1";"3";"AVENUE LEDRU ROLLIN";"48,8493400000";"2,3738010000"
"202100013691";"11";"10";"2021";"23:45";"5";"75";"75111";"2";"2";"1";"3";"BOULEVARD RICHARD LENOIR";"48,8640000000";"2,3706870000"
"202100013692";"12";"10";"2021";"08:40";"1";"75";"75110";"2";"1";"8";"6";"RUE DU FAUBOURG SAINT MARTIN";"48,8768230000";"2,3610070000"
"202100013693";"12";"10";"2021";"18:40";"1";"75";"75109";"2";"3";"1";"3";"RUE DU CONSERVATOIRE";"48,8730720000";"2,3468400000"
"202100013694";"12";"10";"2021";"08:30";"1";"75";"75109";"2";"2";"1";"3";"RUE LA FAYETTE";"48,8758450000";"2,3438690000"
"202100013695";"11";"10";"2021";"09:44";"1";"75";"75108";"2";"1";"1";"7";"AVENUE DES CHAMPS ELYSEES";"48,8724810000";"2,2983460000"
"202100013696";"12";"10";"2021";"07:45";"2";"75";"75107";"2";"3";"1";"3";"AVENUE DE LA BOURDONNAIS";"48,8557830000";"2,3030440000"
"202100013697";"12";"10";"2021";"15:50";"1";"75";"75102";"2";"3";"1";"6";"RUE VIVIENNE";"48,8677520000";"2,3394660000"
"202100013698";"12";"10";"2021";"00:40";"5";"94";"94078";"2";"1";"1";"1";"Avenue de Choisy";"48,7458900000";"2,4374900000"
"202100013699";"12";"10";"2021";"21:10";"5";"94";"94046";"2";"1";"1";"7";"REPUBLIQUE (AV DE LA)";"48,8098000000";"2,4549000000"
"202100013700";"12";"10";"2021";"00:38";"5";"94";"94076";"2";"3";"1";"3";"Boulevard Maxime Gorki";"48,7884300000";"2,3681700000"
"202100013701";"11";"10";"2021";"16:40";"1";"94";"94041";"2";"1";"1";"6";"Rue MoliÃ¨re";"48,8158900000";"2,3928600000"
"202100013702";"12";"10";"2021";"09:20";"1";"94";"94034";"2";"6";"1";"3";"Avenue du Parc MÃ©dicis";"48,7538100000";"2,3336100000"
"202100013703";"12";"10";"2021";"07:20";"2";"94";"94028";"2";"1";"1";"2";"MECHES.(RUE DES)";"48,7928700000";"2,4592200000"
"202100013704";"11";"10";"2021";"07:40";"2";"94";"94028";"2";"1";"1";"3";"Rue de Falkirk";"48,7713600000";"2,4604600000"
"202100013705";"12";"10";"2021";"17:50";"1";"94";"94022";"2";"3";"1";"3";"STALINGRAD (BD DE)";"48,7681700000";"2,4032000000"
"202100013706";"12";"10";"2021";"20:00";"2";"94";"94017";"2";"1";"1";"3";"MAURICE THOREZ (AV)";"48,8138600000";"2,5374600000"
"202100013707";"12";"10";"2021";"07:45";"2";"94";"94011";"2";"1";"1";"2";"N406";"48,7616000000";"2,4944800000"
"202100013708";"12";"10";"2021";"19:00";"2";"93";"93073";"2";"1";"1";"6";"PARC (AVENUE DU)";"48,9559400000";"2,5666000000"
"202100013709";"12";"10";"2021";"08:20";"1";"93";"93066";"2";"1";"1";"6";"BAILLY";"48,9118600000";"2,3565000000"
"202100013710";"12";"10";"2021";"00:10";"5";"93";"93064";"2";"3";"1";"3";"WALESA (AVENUE LECH)";"48,8728200000";"2,4864100000"
"202100013711";"12";"10";"2021";"18:40";"1";"93";"93055";"2";"1";"1";"2";"JEAN LOLIVE (AVENUE)(107/135 ET 108/132)";"48,8926547563";"2,4103676015"
"202100013712";"12";"10";"2021";"08:45";"1";"93";"93051";"2";"6";"1";"3";"CHAMPY RICHARDETS (BOULEVARD)";"48,8372100000";"2,5774500000"
"202100013713";"12";"10";"2021";"07:35";"2";"93";"93074";"2";"3";"1";"1";"MEAUX RUE DE";"48,9364679764";"2,5819439517"
"202100013714";"12";"10";"2021";"05:00";"5";"93";"93007";"2";"1";"1";"6";"""PAUL VAILLANT COUTURIER (AVENUE """"DU 01";"48,9292968727";"2,4797059728"
"202100013715";"12";"10";"2021";"17:15";"1";"93";"93063";"2";"1";"1";"6";"AVENUE GASTON ROUSSEL";"48,8937830496";"2,4351154688"
"202100013716";"10";"10";"2021";"17:00";"1";"93";"93045";"2";"1";"1";"1";"PARIS RUE DE";"48,8811867539";"2,4206567249"
"202100013717";"12";"10";"2021";"10:10";"1";"93";"93032";"2";"1";"1";"1";"ARTS  (AVENUE DES - COTE PAIR)";"48,8860600000";"2,5486900000"
"202100013718";"12";"10";"2021";"16:10";"1";"93";"93001";"2";"1";"1";"6";"SAINT-DENIS (RUE DE)";"48,9220459402";"2,3733112580"
"202100013719";"12";"10";"2021";"15:35";"1";"92";"92073";"2";"9";"1";"6";"SELLIER (BOULEVARD HENRI)";"48,8645990000";"2,2189540000"
"202100013720";"12";"10";"2021";"18:14";"2";"92";"92062";"2";"1";"1";"1";"MONGE (RUE)";"48,8849800000";"2,2355900000"
"202100013721";"12";"10";"2021";"04:55";"5";"92";"92049";"2";"1";"1";"6";"GINOUX AV. HENRI NÂ°1 A 95 ET 2 A 104";"48,8146100000";"2,3205800000"
"202100013722";"11";"10";"2021";"19:05";"1";"92";"92036";"2";"6";"1";"6";"PIERRE DE COUBERTIN (BOULEVARD) (PORT ->";"48,9305240809";"2,2845742106"
"202100013723";"12";"10";"2021";"09:55";"1";"92";"92012";"2";"1";"1";"6";"POINT DU JOUR (QUAI DU)";"48,8338477149";"2,2610753775"
"202100013724";"12";"10";"2021";"07:55";"2";"92";"92012";"2";"1";"1";"3";"VICTOR HUGO (AVENUE) 49/FIN - 60/FIN";"48,8350468620";"2,2444300485"
"202100013725";"11";"10";"2021";"08:35";"1";"92";"92012";"2";"1";"1";"4";"ABONDANCES (RUE DES)";"48,8428914213";"2,2294535541"
"202100013726";"12";"10";"2021";"18:00";"1";"92";"92004";"2";"2";"1";"6";"EMBRANCHEMENT ( RUE DE L' )";"48,9044437787";"2,2830004245"
"202100013727";"10";"10";"2021";"22:00";"5";"92";"92004";"2";"4";"1";"2";"ARGENTEUIL AV D'";"48,9125787397";"2,2844535112"
"202100013728";"12";"10";"2021";"18:10";"1";"92";"92002";"2";"3";"1";"3";"ARISTIDE BRIAND (AVENUE)";"48,7568000000";"2,3063600000"
"202100013729";"13";"10";"2021";"03:15";"3";"60";"60242";"1";"1";"5";"6";"D7";"49,5868270604";"1,9447731970"
"202100013730";"11";"10";"2021";"07:06";"5";"38";"38199";"2";"3";"1";"3";"Route de BÃ©rardier";"45,5053240000";"4,9117470000"
"202100013731";"13";"10";"2021";"16:25";"1";"01";"01004";"2";"1";"1";"6";"125 Rue de la RÃ©publique";"45,9627235062";"5,3528111129"
"202100013732";"12";"10";"2021";"16:12";"1";"84";"84104";"2";"9";"1";"3";"Chemin des Combes";"44,1935880000";"4,9946000000"
"202100013733";"12";"10";"2021";"18:30";"2";"31";"31448";"1";"1";"1";"7";"D35";"43,4885330000";"1,4650010000"
"202100013734";"13";"10";"2021";"07:45";"1";"28";"28021";"1";"1";"1";"3";"D30.2";"48,3634140000";"1,3117330000"
"202100013735";"6";"10";"2021";"14:00";"1";"63";"63116";"1";"1";"1";"6";"D19";"45,9903430000";"3,0760220000"
"202100013736";"30";"09";"2021";"14:00";"1";"28";"28358";"2";"1";"1";"2";"D134.12";"48,4907640000";"1,5381930000"
"202100013737";"12";"10";"2021";"17:46";"1";"01";"01033";"1";"1";"1";"3";"N/A";"46,0977310000";"5,8454836000"
"202100013738";"13";"10";"2021";"15:30";"1";"60";"60176";"2";"9";"1";"6";"entrÃ©e parking Monoprix Rue Charles de Gaulle";"49,2335580000";"2,8869880000"
"202100013739";"13";"10";"2021";"13:25";"1";"48";"48009";"1";"1";"9";"6";"A75 PK 133+700 en direction de millau";"44,7335500000";"3,2903900000"
"202100013740";"13";"10";"2021";"11:30";"1";"71";"71117";"1";"2";"1";"3";"Route de Dole";"46,7886270000";"4,9160390000"
"202100013741";"13";"10";"2021";"03:40";"3";"74";"74263";"1";"3";"8";"3";"D1005";"46,3288910000";"6,3646490000"
"202100013742";"13";"10";"2021";"11:15";"1";"83";"83120";"2";"3";"1";"3";"8 RUE JEAN jaures";"43,3828520000";"5,7066090000"
"202100013743";"12";"10";"2021";"16:35";"1";"51";"51555";"2";"3";"1";"1";"N4";"48,7350238234";"4,3002274632"
"202100013744";"4";"10";"2021";"06:46";"2";"79";"79079";"1";"1";"1";"3";"N/A";"46,9373850000";" -0,7476010000"
"202100013745";"13";"10";"2021";"15:15";"1";"80";"80190";"1";"1";"1";"1";"D 925";"50,0849590000";"1,6571330000"
"202100013746";"13";"10";"2021";"15:14";"1";"80";"80336";"1";"2";"1";"3";"D25";"49,9181210000";"1,7316020000"
"202100013747";"12";"10";"2021";"15:00";"1";"33";"33540";"1";"1";"1";"3";"route vendays";"45,3753020000";" -1,1325570000"
"202100013748";"13";"10";"2021";"11:00";"1";"11";"11263";"1";"1";"1";"7";"D117";"42,9019200000";"2,1101900000"
"202100013749";"13";"10";"2021";"07:15";"2";"39";"39149";"1";"1";"2";"6";"N/A";"47,0737750000";"5,7546580000"
"202100013750";"12";"10";"2021";"17:45";"1";"29";"29037";"1";"6";"1";"3";"Le Lannou";"47,8845100000";" -4,1691510000"
"202100013751";"12";"10";"2021";"11:30";"1";"66";"66024";"1";"1";"1";"7";"N/A";"42,5167300000";"2,8333140000"
"202100013752";"5";"10";"2021";"17:00";"3";"54";"54205";"1";"1";"2";"7";"Canal de la Marne au Rhin Ouest";"48,6765190000";"5,8022390000"
"202100013753";"12";"10";"2021";"20:30";"3";"54";"54193";"1";"1";"1";"1";"D3";"48,9045193048";"5,9493970873"
"202100013754";"12";"10";"2021";"18:20";"2";"14";"14203";"1";"1";"1";"7";"D675";"49,2272110000";" -0,0576780000"
"202100013755";"13";"10";"2021";"13:45";"1";"50";"50484";"1";"3";"1";"3";"D977e";"48,5684040000";" -1,0858820000"
"202100013756";"13";"10";"2021";"07:46";"2";"60";"60558";"1";"1";"5";"6";"Rue Saint Martin";"49,5866290000";"2,7682380000"
"202100013757";"12";"10";"2021";"23:00";"3";"40";"40126";"1";"3";"5";"3";"Route de Dax";"43,7055930000";" -0,9488050000"
"202100013758";"5";"10";"2021";"11:24";"1";"04";"04006";"1";"1";"1";"7";"RD 908";"44,3017540000";"6,5829560000"
"202100013759";"12";"10";"2021";"15:55";"1";"85";"85154";"1";"1";"1";"1";"Rue de la CheneliÃ¨re";"46,6900570000";" -0,8467730000"
"202100013760";"13";"10";"2021";"07:25";"2";"27";"27206";"1";"1";"5";"1";"rue des granges - RC40";"48,7813477000";"1,0751772000"
"202100013761";"10";"10";"2021";"16:30";"1";"37";"37263";"2";"6";"1";"1";"Tour CarrÃ©e";"47,2751997322";"0,8309715112"
"202100013762";"2";"08";"2021";"16:30";"1";"30";"30212";"2";"1";"1";"2";"RD6086";"43,9344950000";"4,5571110000"
"202100013763";"12";"10";"2021";"16:50";"1";"03";"03305";"1";"1";"1";"6";"A71 PK 290+600";"46,4118290000";"2,7063660000"
"202100013764";"12";"10";"2021";"16:25";"1";"42";"42042";"1";"1";"1";"2";"Route de PÃ©rigneux";"45,4422930000";"4,2044810000"
"202100013765";"12";"10";"2021";"16:00";"1";"987";"98715";"2";"9";"1";"3";"RT1 face Ã  la blanchisserie MEAMA, Ã  la sortie de l'aÃ©roport";" -17,5845220000";" -149,5685780000"
"202100013766";"10";"10";"2021";"15:55";"1";"987";"98715";"1";"1";"1";"3";"PK 5.5 SAINT HILAIRE - MONT-MARAU";" -17,5794943000";" -149,5823920000"
"202100013767";"12";"10";"2021";"22:45";"3";"63";"63284";"1";"1";"1";"2";"A711 - Pk 7+700";"45,7934420000";"3,2046600000"
"202100013768";"9";"10";"2021";"02:15";"3";"13";"13109";"1";"1";"1";"3";"A8";"43,5131720000";"5,4793880000"