"Num_Acc";"jour";"mois";"an";"hrmn";"lum";"dep";"com";"agg";"int";"atm";"col";"adr";"lat";"long"
"202100013769";"12";"10";"2021";"23:30";"5";"38";"38485";"2";"1";"1";"6";"21 Avenue Pierre de Coubertin";"45,1734030000";"5,6791300000"
"202100013770";"13";"10";"2021";"11:55";"1";"973";"97311";"1";"1";"1";"7";"Avenue Gaston Monnerville";"5,4869053814";" -53,9962341786"
"202100013771";"12";"10";"2021";"13:50";"1";"973";"97304";"2";"1";"1";"7";"Route de l Espace";"5,1747100000";" -52,6534690000"
"202100013772";"13";"10";"2021";"07:20";"3";"13";"13035";"1";"1";"1";"2";"D17d";"43,6787320000";"5,0654320000"
"202100013773";"11";"10";"2021";"13:30";"1";"13";"13100";"2";"1";"1";"3";"Avenue Albert Gleizes";"43,7912720000";"4,8190610000"
"202100013774";"13";"10";"2021";"06:50";"3";"89";"89108";"1";"1";"1";"2";"A6 PK170+400";"47,7750780000";"3,7097380000"
"202100013775";"13";"10";"2021";"10:05";"1";"71";"71342";"2";"1";"7";"6";"Rue Louis Desrichard";"46,4548537492";"4,1155359148"
"202100013776";"10";"10";"2021";"16:10";"1";"67";"67411";"1";"1";"1";"6";"D204";"48,4865660000";"7,3849690000"
"202100013777";"10";"10";"2021";"15:20";"1";"88";"88531";"1";"1";"1";"6";"La Roche du Diable";"48,0624750000";"6,9864410000"
"202100013778";"11";"09";"2021";"17:30";"1";"54";"54397";"2";"1";"7";"2";"rue jean jaures";"48,6181475918";"6,1052495250"
"202100013779";"11";"10";"2021";"10:37";"1";"57";"57430";"1";"1";"8";"1";"D910";"49,0240810000";"6,5511130000"
"202100013780";"12";"10";"2021";"19:00";"2";"38";"38348";"2";"1";"1";"1";"116 Avenue de la Vieille Borne";"45,5884220000";"5,3113090000"
"202100013781";"13";"10";"2021";"07:45";"2";"17";"17351";"1";"4";"1";"3";"RD 728";"45,8212480000";" -1,0843470000"
"202100013782";"13";"10";"2021";"09:30";"1";"29";"29057";"1";"3";"1";"3";"Route de Port la ForÃªt";"47,8964710000";" -3,9706990000"
"202100013783";"12";"10";"2021";"20:00";"3";"13";"13005";"1";"1";"1";"6";"A50-Sens Aubagne vers Marseille";"43,2889200000";"5,5497700000"
"202100013784";"12";"10";"2021";"10:45";"1";"13";"13215";"1";"1";"1";"2";"A7-Sens Lyon vers Marseille";"43,3738000000";"5,3545900000"
"202100013785";"12";"10";"2021";"08:05";"1";"13";"13211";"1";"1";"1";"2";"A50-Sens Marseille vers Aubagne";"43,2950000000";"5,4630000000"
"202100013786";"11";"10";"2021";"18:30";"1";"13";"13055";"1";"1";"1";"2";"A507 sens Marseille - Aubagne";"43,3299660000";"5,4026230000"
"202100013787";"7";"10";"2021";"22:00";"3";"69";"69275";"1";"1";"1";"3";"RN346";"45,7615549858";"4,9851107597"
"202100013788";"12";"10";"2021";"07:45";"2";"69";"69259";"1";"1";"1";"2";"URBAIN SUD (BD)";"45,6856500000";"4,8768700000"
"202100013789";"12";"10";"2021";"09:00";"1";"33";"33318";"1";"1";"1";"4";"ROCADE A 630";"44,7882200000";" -0,6306990000"
"202100013790";"9";"10";"2021";"01:40";"3";"59";"59508";"1";"1";"1";"6";"AUTOROUTE A22";"50,7351423553";"3,1286251545"
"202100013791";"8";"10";"2021";"15:49";"1";"59";"59288";"1";"1";"1";"5";"AUTOROUTE A2";"50,3202010000";"3,4224170000"
"202100013792";"12";"10";"2021";"18:30";"1";"91";"91161";"1";"1";"1";"3";"AUTOROUTE A126";"48,7102350000";"2,3033570000"
"202100013793";"12";"10";"2021";"08:40";"1";"91";"91161";"1";"1";"1";"3";"AUTOROUTE A6";"48,7061000000";"2,3060000000"
"202100013794";"12";"10";"2021";"20:20";"3";"60";"60494";"1";"1";"1";"3";"AUTOROUTE A1";"49,1324469179";"2,5609230010"
"202100013795";"12";"10";"2021";"11:50";"1";"93";"93005";"1";"1";"1";"4";"AUTOROUTE A3";"48,9612028252";"2,4736985999"
"202100013796";"12";"10";"2021";"08:35";"1";"95";"95488";"1";"1";"1";"2";" A15";"49,0108300000";"2,1539700000"
"202100013797";"12";"10";"2021";"07:00";"2";"93";"93008";"1";"1";"1";"3";"AUTOROUTE A86";"48,9146200000";"2,4341500000"
"202100013798";"12";"10";"2021";"08:00";"1";"95";"95500";"1";"1";"1";"2";" A15";"49,0383460000";"2,0881290000"
"202100013799";"11";"10";"2021";"09:45";"1";"95";"95572";"1";"1";"1";"2";"A15";"49,0319560000";"2,1149320000"
"202100013800";"12";"10";"2021";"13:50";"1";"94";"94028";"1";"1";"1";"3";"A86 EXT";"48,7762900000";"2,4304200000"
"202100013801";"11";"10";"2021";"16:20";"1";"94";"94017";"1";"1";"1";"2";"A4";"48,8300542660";"2,4955528834"
"202100013802";"11";"10";"2021";"14:00";"1";"75";"75112";"1";"1";"1";"2";"A4";"48,8229195622";"2,4629276991"
"202100013803";"11";"10";"2021";"08:45";"1";"77";"77249";"1";"1";"1";"2";"RN104";"48,7355570000";"2,6116780000"
"202100013804";"29";"05";"2021";"10:20";"1";"88";"88413";"1";"9";"1";"6";"Route des 2 Hameaux";"48,3116346783";"6,9210675359"
"202100013805";"24";"03";"2021";"20:25";"2";"02";"02691";"2";"6";"1";"3";"HUIT-OCTOBRE (PLACE DU)";"49,8422000000";"3,2949100000"
"202100013806";"11";"10";"2021";"18:20";"1";"64";"64545";"1";"1";"1";"6";"CAMIETA (ALLEE DE)";"43,3763670165";" -1,6693227802"
"202100013807";"17";"06";"2021";"16:09";"1";"74";"74013";"2";"1";"1";"7";"CORZENT (ROUTE)";"46,3565900000";"6,4344700000"
"202100013808";"11";"10";"2021";"18:03";"2";"973";"97302";"2";"6";"1";"2";"BADUEL (ROND POINT DE)";"4,9327500000";" -52,3066800000"
"202100013809";"11";"10";"2021";"15:02";"1";"973";"97302";"2";"1";"1";"3";"ZEPHIR (ROCADE)";"4,9352775531";" -52,3081662655"
"202100013810";"11";"10";"2021";"08:30";"1";"69";"69386";"2";"3";"1";"3";"GENERAL SARRAIL (DU)                (QU)";"45,7676800000";"4,8413000000"
"202100013811";"11";"10";"2021";"18:00";"3";"972";"97209";"2";"1";"1";"6";"JOSEPH GAILLARD (RUE)";"14,6014840000";" -61,0824020000"
"202100013812";"8";"10";"2021";"06:55";"5";"69";"69382";"2";"1";"1";"4";"DOCTEUR GAILLETON (DU) (Q)";"45,7504000000";"4,8317500000"
"202100013813";"9";"10";"2021";"18:33";"3";"971";"97101";"1";"9";"2";"2";"RN5-BOISRIPEAUX";"16,2794021261";" -61,5079021454"
"202100013814";"9";"10";"2021";"13:35";"1";"971";"97113";"2";"3";"1";"3";"BAS DU FORT";"16,2165100000";" -61,5199600000"
"202100013815";"8";"10";"2021";"16:30";"1";"971";"97113";"1";"1";"1";"3";"SECTION DUNOYER";"16,2082400000";" -61,4670000000"
"202100013816";"11";"10";"2021";"16:10";"1";"2A";"2A004";"2";"6";"1";"3";"ASPRETTO ROUTE";"41,9299378460";"8,7570518835"
"202100013817";"11";"10";"2021";"15:15";"1";"95";"95268";"2";"1";"1";"2";"AV DE STALINGRAD";"48,9607000000";"2,4005500000"
"202100013818";"11";"10";"2021";"23:50";"3";"91";"91312";"1";"1";"1";"7";"REPUBLIQUE (AVENUE DE LA)";"48,7361700000";"2,2292700000"
"202100013819";"11";"10";"2021";"14:10";"1";"91";"91687";"2";"1";"1";"3";"MOULIN (CHEMIN DU)";"48,6605600000";"2,3765500000"
"202100013820";"10";"10";"2021";"15:50";"1";"91";"91027";"2";"2";"1";"3";"AV DE MORANGIS";"48,7057900000";"2,3676100000"
"202100013821";"11";"10";"2021";"15:12";"1";"88";"88160";"2";"2";"1";"3";"BLUM (AV. LEON)";"48,1905300000";"6,4598700000"
"202100013822";"10";"10";"2021";"03:25";"5";"84";"84007";"2";"9";"1";"3";"C.De GAULLE (Rocade)";"43,9340200000";"4,8313700000"
"202100013823";"10";"10";"2021";"03:17";"5";"84";"84007";"2";"1";"1";"6";"CHARLES DE GAULLE";"43,9262490000";"4,7976600000"
"202100013824";"11";"10";"2021";"12:30";"1";"83";"83137";"2";"1";"1";"3";"BRIAND (AVE ARISTIDE DE 1 A 1219";"43,1263270000";"5,8992730000"
"202100013825";"10";"10";"2021";"12:10";"1";"83";"83069";"2";"2";"1";"2";"GODILLOT  ( AVENUE ALEXIS )";"43,1114608128";"6,1239981651"
"202100013826";"9";"10";"2021";"16:15";"1";"80";"80489";"1";"1";"1";"2";"GREAT EASTERN (AVENUE)";"49,8681000000";"2,3769500000"
"202100013827";"9";"10";"2021";"12:40";"1";"80";"80021";"2";"1";"1";"6";"JEAN CALVIN (RUE)";"49,8956600000";"2,2910400000"
"202100013828";"9";"10";"2021";"19:37";"5";"80";"80021";"2";"1";"1";"1";"ROUBAIX (BOULEVARD DE )";"49,9154800000";"2,3083600000"
"202100013829";"7";"10";"2021";"19:55";"2";"77";"77468";"2";"3";"1";"3";"D128";"48,8436600000";"2,6546900000"
"202100013830";"27";"09";"2021";"22:25";"5";"77";"77495";"2";"1";"1";"2";"D306";"48,5605700000";"2,6345000000"
"202100013831";"11";"10";"2021";"07:20";"5";"77";"77058";"2";"1";"1";"6";"ANTOINE GIROUST (BOULEVARD )";"48,8403140000";"2,7106220000"
"202100013832";"11";"10";"2021";"19:30";"3";"76";"76540";"2";"1";"1";"6";"TOUR DE BEURRE. RUE DE LA";"49,4391070000";"1,0933400000"
"202100013833";"11";"10";"2021";"18:10";"1";"76";"76540";"2";"3";"1";"2";"SERRES. AVENUE OLIVIER DE";"49,4490100000";"1,1200000000"
"202100013834";"10";"10";"2021";"22:40";"5";"76";"76540";"2";"1";"1";"6";"BELGES. BOULEVARD DES";"49,4432000000";"1,0847100000"
"202100013835";"9";"10";"2021";"04:20";"5";"76";"76447";"2";"3";"1";"6";"Avenue Antoine de Saint-ExupÃ©ry";"49,5499600000";"0,1764000000"
"202100013836";"8";"10";"2021";"18:10";"1";"76";"76351";"2";"1";"1";"6";"RENE BAZILLE";"49,5060900000";"0,1233200000"
"202100013837";"10";"10";"2021";"11:41";"1";"72";"72181";"2";"1";"1";"3";"BOLLEE (AV) NÂ° PAIRS 154 A 222";"47,9978000000";"0,2127700000"
"202100013838";"10";"10";"2021";"22:20";"5";"67";"67482";"2";"1";"1";"2";"CHARMILLE (RUE DE LA)";"48,5803100000";"7,7188300000"
"202100013839";"8";"10";"2021";"12:00";"1";"67";"67218";"2";"3";"1";"2";"FORT UHRICH (ROUTE DU)";"48,5128700000";"7,7221500000"
"202100013840";"11";"10";"2021";"10:00";"1";"64";"64189";"2";"1";"1";"3";"RAVEL MAURICE (QUA)I";"43,3867300000";" -1,6687900000"
"202100013841";"5";"10";"2021";"18:44";"2";"63";"63113";"2";"1";"1";"3";"PAULINES (AVENUE DES)";"45,7756500000";"3,0965100000"
"202100013842";"5";"10";"2021";"18:08";"2";"63";"63113";"2";"2";"1";"3";"CARMES DECHAUX (PLACE)";"45,7834600000";"3,0944100000"
"202100013843";"5";"10";"2021";"10:53";"1";"63";"63113";"2";"1";"1";"3";"COTE BLATIN (BD)";"45,7693700000";"3,0908600000"
"202100013844";"3";"10";"2021";"18:27";"2";"63";"63063";"2";"1";"1";"2";"CLEMENTEL (BD ETIENNE)";"45,8173400000";"3,1093800000"
"202100013845";"11";"10";"2021";"09:35";"1";"59";"59599";"2";"1";"1";"6";"CLOCHE (RUE DE LA)";"50,7228100000";"3,1635600000"
"202100013846";"11";"10";"2021";"05:20";"5";"59";"59599";"2";"1";"1";"6";"CURIE (CHAUSSEE PIERRE)";"50,7337910570";"3,1805419922"
"202100013847";"8";"10";"2021";"17:58";"1";"57";"57019";"2";"1";"1";"3";"CIMENTERIE (RUE DE LA)";"49,2565900000";"6,1196500000"
"202100013848";"8";"10";"2021";"20:38";"3";"56";"56098";"1";"1";"2";"6";"CHAPELLE (ROUTE DE LA)";"47,7787500000";" -3,3027400000"
"202100013849";"11";"10";"2021";"13:20";"1";"50";"50147";"2";"1";"1";"6";"ARQUERIE";"49,0600100000";" -1,4314100000"
"202100013850";"9";"10";"2021";"23:50";"5";"50";"50129";"2";"3";"1";"6";"ZOLA (RUE EMILE)";"49,6363700000";" -1,6297300000"
"202100013851";"10";"10";"2021";"15:40";"1";"49";"49099";"1";"1";"1";"7";"N/A";"47,0231300000";" -0,9244000000"
"202100013852";"9";"10";"2021";"18:24";"1";"49";"49007";"2";"1";"1";"3";"BLANDEAU";"47,4562500000";" -0,5464500000"
"202100013853";"10";"10";"2021";"16:47";"1";"49";"49007";"2";"1";"1";"2";"FAURE QUAI";"47,4795300000";" -0,5516000000"
"202100013854";"10";"10";"2021";"04:45";"5";"45";"45004";"2";"3";"5";"7";"GROS MOULIN (RUE DU)";"47,9680000000";"2,7741500000"
"202100013855";"11";"10";"2021";"08:00";"2";"44";"44162";"2";"1";"1";"3";"BOULEVARD CHARLES DE GAULLE";"47,2108400000";" -1,6258200000"
"202100013856";"11";"10";"2021";"16:27";"1";"38";"38151";"2";"1";"1";"1";"AVENUE DE HONHOUÃ";"45,1516900000";"5,7076900000"
"202100013857";"11";"10";"2021";"07:50";"2";"38";"38169";"2";"1";"1";"3";"MAIL MARCEL CACHIN";"45,1931000000";"5,6874800000"
"202100013858";"11";"10";"2021";"19:40";"5";"35";"35238";"2";"6";"1";"6";"CLOTEAUX (SQUARE DES)";"48,0850360000";" -1,6957970000"
"202100013859";"11";"10";"2021";"11:10";"1";"35";"35051";"1";"1";"1";"2";"BRAY (RUE DE)";"48,1077100000";" -1,6157300000"
"202100013860";"10";"10";"2021";"10:14";"1";"35";"35024";"1";"6";"5";"7";"ROCADE 10-11";"48,1555980000";" -1,6242060000"
"202100013861";"11";"10";"2021";"17:25";"1";"33";"33119";"2";"4";"1";"6";"Chemin de Lissandre";"44,8602200000";" -0,5382400000"
"202100013862";"11";"10";"2021";"07:45";"1";"33";"33069";"2";"2";"1";"3";"Route du MÃ©doc";"44,8743458825";" -0,6185522676"
"202100013863";"11";"10";"2021";"09:20";"1";"33";"33281";"2";"2";"1";"6";"Avenue des Eyquems";"44,8279600000";" -0,6460600000"
"202100013864";"11";"10";"2021";"06:30";"5";"33";"33075";"2";"1";"1";"6";"Rue AndrÃ© Malraux";"44,8830700000";" -0,5997900000"
"202100013865";"11";"10";"2021";"03:53";"5";"33";"33039";"2";"1";"1";"6";"Boulevard Albert 1er";"44,8123400000";" -0,5578100000"
"202100013866";"11";"10";"2021";"12:20";"1";"33";"33009";"2";"1";"1";"6";"Boulevard MarÃ©chal Leclerc";"44,6592300000";" -1,1644700000"
"202100013867";"7";"10";"2021";"14:00";"1";"31";"31555";"2";"1";"1";"2";"RTE DE SAINT SIMON";"43,5858600000";"1,4039500000"
"202100013868";"11";"10";"2021";"09:50";"1";"31";"31555";"2";"2";"1";"3";"RUE DE L AUDE";"43,5831140000";"1,4815890000"
"202100013869";"11";"10";"2021";"20:05";"2";"29";"29019";"2";"1";"1";"2";"Avenue Victor le Gorgeu";"48,4023100000";" -4,5029200000"
"202100013870";"11";"10";"2021";"17:45";"1";"29";"29019";"2";"3";"1";"3";"Rue du Moulin Ã  Poudre";"48,4011204858";" -4,4897518955"
"202100013871";"11";"10";"2021";"10:00";"1";"27";"27229";"2";"1";"1";"6";"LEPOUZE (RUE)";"49,0257188400";"1,1557002000"
"202100013872";"11";"10";"2021";"09:05";"2";"27";"27229";"2";"1";"1";"3";"COCHEREL (RUE DE)";"49,0204400000";"1,1820100000"
"202100013873";"9";"10";"2021";"16:00";"1";"25";"25462";"2";"1";"1";"4";"ROCADE G.POMPIDOU (DU 25 A LA FIN)";"46,9013100000";"6,3442300000"
"202100013874";"11";"10";"2021";"16:55";"1";"22";"22360";"2";"2";"1";"6";"LECLERC (AVENUE DU GENERAL)";"48,4887152724";" -2,7273559486"
"202100013875";"10";"09";"2021";"08:45";"1";"22";"22360";"1";"1";"2";"4";"RD700";"48,4837545433";" -2,7653961166"
"202100013876";"11";"10";"2021";"11:50";"1";"13";"13103";"2";"1";"1";"6";"BOULEVARD DU ROY RENE";"43,6328900000";"5,0981000000"
"202100013877";"11";"10";"2021";"18:40";"1";"13";"13210";"2";"1";"1";"2";"CAPELETTE (AVENUE DE LA)";"43,2804800000";"5,4083600000"
"202100013878";"11";"10";"2021";"07:10";"1";"13";"13214";"2";"9";"1";"3";"ALEX ANSALDI (RUE)";"43,3358900000";"5,3985800000"
"202100013879";"11";"10";"2021";"15:00";"1";"13";"13005";"2";"1";"1";"2";"GOUMS (AVENUE DES)";"43,2918341738";"5,5614820229"
"202100013880";"11";"10";"2021";"12:10";"1";"13";"13001";"2";"1";"1";"3";"ANCIENNE ROUTE DES ALPES (RTE)";"43,5490594226";"5,4569818425"
"202100013881";"11";"10";"2021";"09:30";"1";"13";"13001";"2";"6";"1";"3";"ST JOHN PERSE (AV)";"43,5256034823";"5,4175051954"
"202100013882";"10";"10";"2021";"17:04";"1";"10";"10081";"2";"1";"1";"2";"ROCADE OUEST (RD 610)";"48,3076300000";"4,0221100000"
"202100013883";"11";"10";"2021";"09:35";"1";"06";"06069";"1";"1";"1";"7";"PAOUTE (ROUTE ET TRAVERSE DE LA)";"43,6331090000";"6,9575320000"
"202100013884";"10";"10";"2021";"00:40";"3";"05";"05061";"1";"1";"1";"1";"route NapolÃ©on";"44,5797900000";"6,0820400000"
"202100013885";"8";"10";"2021";"12:34";"1";"05";"05061";"1";"3";"1";"3";"D942 A";"44,5406300000";"6,0911200000"
"202100013886";"10";"10";"2021";"13:35";"1";"75";"75114";"2";"1";"1";"2";"BOULEVARD PERIPHERIQUE";"48,8203870000";"2,3244410000"
"202100013887";"9";"10";"2021";"11:45";"1";"75";"75114";"2";"4";"1";"7";"PORTE DE CHATILLON";"48,8231310000";"2,3115700000"
"202100013888";"9";"10";"2021";"20:58";"5";"75";"75116";"2";"2";"1";"3";"ROUTE DE SURESNES";"48,8650430000";"2,2344330000"
"202100013889";"11";"10";"2021";"19:20";"5";"75";"75105";"2";"7";"1";"6";"RUE BLAINVILLE";"48,8445130000";"2,3492480000"
"202100013890";"11";"10";"2021";"09:27";"1";"75";"75119";"2";"2";"1";"3";"AVENUE DE FLANDRE";"48,8883820000";"2,3741570000"
"202100013891";"11";"10";"2021";"19:05";"2";"75";"75108";"2";"7";"1";"3";"RUE DE COURCELLES";"48,8781470000";"2,3050760000"
"202100013892";"11";"10";"2021";"14:30";"1";"75";"75115";"2";"2";"1";"6";"RUE LECOURBE";"48,8420150000";"2,3006280000"
"202100013893";"11";"10";"2021";"11:55";"1";"75";"75115";"2";"3";"1";"6";"RUE DE LA CROIX NIVERT";"48,8453360000";"2,2978260000"
"202100013894";"11";"10";"2021";"18:15";"1";"75";"75113";"2";"2";"1";"6";"AVENUE D ITALIE";"48,8222150000";"2,3585240000"
"202100013895";"11";"10";"2021";"00:30";"5";"75";"75112";"2";"2";"1";"3";"AVENUE DE NOGENT";"48,8421040000";"2,4490330000"
"202100013896";"11";"10";"2021";"16:30";"1";"94";"94043";"2";"1";"1";"6";"PROFESSEUR BERGONIE (R DU)";"48,8049300000";"2,3459400000"
"202100013897";"11";"10";"2021";"21:45";"5";"94";"94022";"2";"1";"1";"6";"Avenue Victor Hugo";"48,7687300000";"2,4204900000"
"202100013898";"11";"10";"2021";"21:00";"4";"94";"94022";"2";"3";"1";"3";"AUGUSTE FRANCHOT (R)";"48,7676200000";"2,4063200000"
"202100013899";"10";"10";"2021";"23:25";"5";"94";"94071";"2";"1";"1";"6";"Rue Maurice Berteaux";"48,7726100000";"2,5192200000"
"202100013900";"11";"10";"2021";"16:00";"1";"93";"93078";"2";"1";"1";"5";"GARE (AVENUE DE LA)";"48,9457000000";"2,5646300000"
"202100013901";"11";"10";"2021";"09:30";"1";"93";"93073";"2";"1";"1";"6";"PASTEUR (AVENUE)";"48,9416300000";"2,5751000000"
"202100013902";"11";"10";"2021";"17:00";"1";"93";"93071";"2";"2";"1";"3";"SAVIGNY (CHEMIN DE)";"48,9389700000";"2,5387100000"
"202100013903";"11";"10";"2021";"19:50";"5";"93";"93077";"2";"3";"1";"3";"BOURDONNAIS (AVENUE DE LA)";"48,8821400000";"2,5231500000"
"202100013904";"11";"10";"2021";"16:35";"1";"93";"93053";"2";"1";"1";"1";"PARC (RUE DU)";"48,8935900000";"2,4441900000"
"202100013905";"11";"10";"2021";"13:00";"1";"93";"93048";"2";"1";"1";"3";"FRANKLIN (RUE)";"48,8617517992";"2,4437068307"
"202100013906";"11";"10";"2021";"09:00";"1";"93";"93031";"2";"2";"1";"3";"SAINT LEU (ROUTE)";"48,9489400000";"2,3421300000"
"202100013907";"10";"10";"2021";"23:20";"5";"93";"93031";"2";"2";"1";"3";"JEAN JAURES (AVENUE)";"48,9544781896";"2,3176592588"
"202100013908";"11";"10";"2021";"19:11";"5";"92";"92064";"2";"3";"1";"1";"CAMP CANADIEN";"48,8528990000";"2,2058480000"
"202100013909";"11";"10";"2021";"07:00";"2";"92";"92036";"2";"3";"1";"7";"LOUISE MICHEL (IMPAIRS)";"48,9226621335";"2,3205882311"
"202100013910";"9";"10";"2021";"17:30";"1";"92";"92036";"2";"1";"1";"2";"PRINCIPALE DU PORT (ROUTE) (1/17)";"48,9395101900";"2,2862264514"
"202100013911";"11";"10";"2021";"12:50";"1";"92";"92026";"2";"1";"1";"7";"MARECHAL JOFFRE (QUAI DU)";"48,8990651614";"2,2706079483"
"202100013912";"11";"10";"2021";"16:20";"1";"92";"92012";"2";"3";"8";"2";"QUATRE SEPTEMBRE (QUAI DU)";"48,8528267195";"2,2264078259"
"202100013913";"11";"10";"2021";"18:10";"1";"65";"65429";"1";"1";"1";"2";"D935";"43,4845630000";"0,0175090000"
"202100013914";"5";"10";"2021";"16:25";"1";"47";"47048";"2";"4";"1";"1";"Avenue de la Prune";"44,5385190000";"0,6176750000"
"202100013915";"11";"10";"2021";"17:40";"1";"38";"38157";"2";"1";"1";"3";"Rue de l Europe";"45,5168690000";"4,9587770000"
"202100013916";"12";"10";"2021";"07:45";"1";"38";"38353";"1";"1";"8";"6";"D37b";"45,4145570000";"4,7503010000"
"202100013917";"12";"10";"2021";"12:30";"1";"36";"36034";"2";"1";"1";"6";"15 Rue du Pont";"47,2563830000";"1,6546520000"
"202100013918";"11";"10";"2021";"08:05";"1";"31";"31389";"2";"1";"1";"6";"Route de Lavaur";"43,6438630000";"1,5182590000"
"202100013919";"11";"10";"2021";"19:50";"3";"11";"11203";"1";"2";"1";"3";"CD11";"43,2303210000";"2,7954630000"
"202100013920";"11";"10";"2021";"14:10";"1";"84";"84038";"1";"1";"1";"3";"D973";"43,7782910000";"5,1092440000"
"202100013921";"12";"10";"2021";"19:30";"5";"85";"85215";"2";"3";"1";"3";"Avenue de Bretagne";"46,8588260000";" -1,1841310000"
"202100013922";"10";"10";"2021";"07:15";"3";"44";"44052";"1";"1";"1";"2";"RN 165 - PK 080+000";"47,3380080000";" -2,1119500000"
"202100013923";"11";"10";"2021";"08:07";"1";"30";"30226";"1";"1";"1";"5";"RN 86";"44,2358220000";"4,6374540000"
"202100013924";"12";"10";"2021";"07:35";"3";"62";"62302";"1";"1";"5";"1";"D131 E3";"50,5916220000";"1,9817000000"
"202100013925";"11";"10";"2021";"00:00";"3";"40";"40200";"1";"1";"1";"6";"Avenue Antoine Duluc";"44,4107690000";" -0,7526600000"
"202100013926";"11";"10";"2021";"04:30";"3";"57";"57197";"1";"9";"5";"6";"Rue de Nancy";"49,0615230000";"6,9844780000"
"202100013927";"6";"10";"2021";"18:45";"3";"57";"57374";"1";"1";"3";"6";"Rue de la 2e Db";"48,6087770000";"7,0329130000"
"202100013928";"12";"10";"2021";"09:40";"1";"51";"51492";"1";"3";"1";"3";"D440";"48,5573857665";"3,7802356482"
"202100013929";"12";"10";"2021";"08:15";"1";"76";"76591";"1";"2";"1";"3";"Route de Gournay";"49,4516740000";"1,2102070000"
"202100013930";"8";"10";"2021";"20:15";"4";"33";"33123";"1";"2";"1";"1";"Berniard";"45,0950800000";" -0,4378170000"
"202100013931";"28";"08";"2021";"16:00";"1";"61";"61411";"2";"2";"1";"2";"D931";"48,4511550000";"0,4736620000"
"202100013932";"8";"10";"2021";"18:28";"2";"47";"47069";"2";"4";"1";"6";"D813";"44,2219990000";"0,5600670000"
"202100013933";"11";"10";"2021";"16:30";"1";"39";"39035";"1";"1";"1";"6";"N/A";"46,4520360000";"5,3336480000"
"202100013934";"11";"10";"2021";"07:55";"2";"35";"35243";"2";"1";"5";"3";"Rue Nationale";"48,3410270000";" -1,2782410000"
"202100013935";"12";"10";"2021";"14:30";"1";"29";"29220";"2";"6";"1";"3";"Rue du Petit Train";"47,8664130000";" -4,2293040000"
"202100013936";"12";"10";"2021";"12:30";"1";"02";"02648";"2";"1";"1";"6";"41 rue condorcet";"49,7953460000";"3,4586950000"
"202100013937";"12";"10";"2021";"01:30";"3";"26";"26159";"1";"1";"1";"7";" 395 Route de Gap";"44,7157890000";"5,4006320000"
"202100013938";"10";"10";"2021";"15:25";"1";"05";"05168";"1";"1";"1";"7";"D219";"44,4856070000";"5,9424660000"
"202100013939";"12";"10";"2021";"14:19";"1";"60";"60509";"2";"3";"1";"3";"D1017";"49,3010211509";"2,6044335364"
"202100013940";"9";"10";"2021";"14:00";"1";"45";"45008";"1";"1";"1";"1";"D620";"48,0840420000";"1,8672900000"
"202100013941";"9";"10";"2021";"15:50";"1";"73";"73105";"1";"1";"1";"3";"D1006 - 2853 Route de Lyon";"45,4648120000";"5,7366560000"
"202100013942";"9";"10";"2021";"14:50";"1";"18";"18271";"1";"2";"1";"3";"Route de Saint-Ãloy-de-Gy";"47,1500340000";"2,3727590000"
"202100013943";"12";"10";"2021";"11:30";"1";"43";"43135";"1";"1";"1";"1";"Route dÃ©partementale 535";"44,9536190000";"3,9864920000"
"202100013944";"10";"10";"2021";"20:00";"3";"16";"16074";"1";"1";"1";"6";"D24";"45,4407300000";" -0,0866350000"
"202100013945";"11";"10";"2021";"03:00";"3";"40";"40310";"1";"9";"1";"1";"D79";"43,7488240000";" -1,4023660000"
"202100013946";"9";"10";"2021";"00:30";"3";"40";"40062";"1";"1";"1";"1";"CD 38";"43,9158560000";" -0,5803230000"
"202100013947";"10";"10";"2021";"18:20";"2";"48";"48045";"1";"3";"1";"3";"Axe nÂ°1 RN88 Axe nÂ°2 voie communale";"44,6594110000";"3,7528610000"
"202100013948";"10";"10";"2021";"19:45";"5";"52";"52529";"1";"2";"1";"3";"D974";"47,7225130000";"5,3009780000"
"202100013949";"12";"10";"2021";"03:50";"3";"46";"46290";"1";"1";"1";"2";"A20 PK 321.200";"44,7691580000";"1,5392570000"
"202100013950";"11";"10";"2021";"13:00";"1";"67";"67194";"1";"1";"1";"2";"A.35, sens STRASBOURG-LAUTERBOURG, P.K. 236+650";"48,7172667003";"7,8753197193"
"202100013951";"11";"10";"2021";"20:15";"5";"978";"97801";"2";"1";"1";"1";"Intersection Impasse des Barry / RN7";"18,0701000000";" -63,0346450000"
"202100013952";"10";"10";"2021";"22:55";"3";"67";"67506";"1";"1";"1";"6";"Autoroute A4";"48,6848410000";"7,7302550000"
"202100013953";"11";"10";"2021";"11:55";"1";"57";"57614";"1";"1";"1";"3";"N4, point routier 030+000";"48,7566840000";"7,2069990000"
"202100013954";"10";"10";"2021";"15:35";"1";"976";"97604";"2";"1";"1";"1";"ccd4";" -12,9470870000";"45,1004970000"
"202100013955";"12";"10";"2021";"15:40";"1";"01";"01004";"2";"9";"1";"1";"70 Avenue de la Liberation";"45,9681400000";"5,3393130000"
"202100013956";"10";"10";"2021";"01:00";"3";"987";"98731";"1";"1";"1";"7";"RT 425, aprÃ¨s le belvÃ©dÃ¨re Tekeika.";" -8,8859830000";" -140,1163030000"
"202100013957";"4";"10";"2021";"17:10";"1";"971";"97117";"2";"1";"1";"7";"Rue Amedee Fengarol";"16,3320280000";" -61,3496250000"