"Num_Acc";"jour";"mois";"an";"hrmn";"lum";"dep";"com";"agg";"int";"atm";"col";"adr";"lat";"long"
"202100013958";"10";"10";"2021";"11:29";"1";"77";"77203";"1";"1";"1";"2";"D17";"48,9839350000";"2,9708250000"
"202100013959";"12";"10";"2021";"13:45";"1";"66";"66164";"2";"1";"1";"6";"chemin de tuchan";"42,7827720000";"2,8747060000"
"202100013960";"12";"10";"2021";"13:10";"1";"21";"21038";"2";"2";"8";"3";"Avenue du General de Gaulle";"47,1889250000";"5,3967650000"
"202100013961";"11";"10";"2021";"18:05";"1";"69";"69059";"2";"1";"7";"6";"VALLEE (DE LA) (RTE)";"45,8578360000";"4,7109660000"
"202100013962";"11";"10";"2021";"06:20";"3";"60";"60213";"1";"3";"1";"6";"RD 922";"49,1245910000";"2,7018480000"
"202100013963";"11";"10";"2021";"13:50";"1";"62";"62014";"2";"1";"1";"6";"Route Departementale 943";"50,6534290000";"2,3946760000"
"202100013964";"12";"10";"2021";"08:45";"1";"62";"62474";"2";"2";"7";"6";"rue du merle blanc";"50,6757850000";"1,6493140000"
"202100013965";"11";"10";"2021";"08:20";"1";"33";"33192";"1";"1";"1";"5";"ROCADE A 630";"44,7898100000";" -0,6150600000"
"202100013966";"11";"10";"2021";"08:00";"1";"33";"33039";"1";"1";"1";"3";"Rocade Sud Est A630";"44,7914000000";" -0,5404400000"
"202100013967";"8";"10";"2021";"17:50";"1";"62";"62274";"1";"1";"1";"2";"AUTOROUTE A21";"50,4299150000";"2,9695140000"
"202100013968";"11";"10";"2021";"10:45";"1";"91";"91534";"1";"1";"1";"2";"RN 118";"48,7226100000";"2,1683400000"
"202100013969";"11";"10";"2021";"07:00";"2";"91";"91377";"1";"1";"1";"7";"AUTOROUTE A10";"48,7176900000";"2,2916600000"
"202100013970";"26";"09";"2021";"00:10";"3";"92";"92002";"1";"1";"1";"6";"AUTOROUTE A10";"48,7322167656";"2,3110771179"
"202100013971";"10";"10";"2021";"21:50";"3";"78";"78646";"1";"9";"1";"2";"RN12";"48,7909200000";"2,1076700000"
"202100013972";"10";"10";"2021";"19:35";"3";"78";"78646";"1";"1";"1";"3";"RN12";"48,7889700000";"2,1317080000"
"202100013973";"10";"10";"2021";"08:10";"1";"78";"78291";"1";"1";"1";"2";"A13";"48,9655100000";"1,7508280000"
"202100013974";"11";"10";"2021";"00:25";"3";"94";"94017";"1";"1";"1";"6";"A4";"48,8302582522";"2,4893581867"
"202100013975";"10";"10";"2021";"22:45";"3";"75";"75112";"1";"1";"1";"6";"A4";"48,8233480941";"2,4628150463"
"202100013976";"25";"04";"2021";"06:50";"2";"13";"13001";"2";"1";"1";"1";"CARNOT (BD)";"43,5256800000";"5,4550700000"
"202100013977";"26";"05";"2021";"13:40";"1";"78";"78498";"2";"2";"2";"3";"DEVAUX BD";"48,9300000000";"2,0440600000"
"202100013978";"28";"05";"2021";"14:40";"1";"32";"32013";"2";"1";"1";"1";"AIME CESAIRE(RUE)";"43,6655300000";"0,6162200000"
"202100013979";"9";"10";"2021";"15:55";"1";"30";"30007";"2";"1";"1";"1";"MAS D'HOURS (QUAI DU)";"44,1189000000";"4,0943000000"
"202100013980";"10";"10";"2021";"22:15";"5";"974";"97411";"1";"8";"1";"3";"ANANAS (ROUTE DES)";" -20,9192300000";"55,4829100000"
"202100013981";"10";"10";"2021";"20:25";"5";"69";"69259";"2";"2";"1";"3";"IRENE JOLIOT CURIE (BD)";"45,7113600000";"4,8816500000"
"202100013982";"10";"10";"2021";"13:20";"1";"69";"69388";"2";"1";"1";"3";"VILLON (R)";"45,7464036658";"4,8668628931"
"202100013983";"10";"10";"2021";"09:35";"1";"972";"97213";"2";"3";"3";"6";"ROUTE DEPARTEMENTALE 13";"14,6344300000";" -61,0182000000"
"202100013984";"26";"09";"2021";"10:00";"1";"972";"97209";"2";"3";"1";"3";"JEAN JAURES (AVENUE)";"14,6080900000";" -61,0698200000"
"202100013985";"16";"09";"2021";"12:30";"1";"972";"97209";"1";"1";"1";"7";"LEOPOLD BISSOL (BOULEVARD)";"14,6080000000";" -61,0695000000"
"202100013986";"10";"10";"2021";"13:05";"1";"69";"69149";"2";"3";"1";"1";"GRANDE RUE";"45,7123700000";"4,8033200000"
"202100013987";"9";"10";"2021";"07:20";"2";"69";"69286";"2";"1";"8";"5";"GENEVE (DE) (RTE)";"45,8080100000";"4,9158700000"
"202100013988";"9";"10";"2021";"12:45";"1";"91";"91589";"2";"9";"1";"6";"RUE DE MORSANG";"48,6722700000";"2,3541900000"
"202100013989";"10";"10";"2021";"03:15";"5";"81";"81065";"2";"1";"1";"6";"PERAUDEL (RUE)";"43,6077100000";"2,2494200000"
"202100013990";"9";"10";"2021";"05:45";"5";"79";"79329";"2";"9";"1";"3";"3 Rue Jean Devaux";"46,9922840000";" -0,1996400000"
"202100013991";"10";"10";"2021";"10:20";"1";"78";"78551";"2";"1";"1";"6";"SCHNAPPER";"48,8903800000";"2,0881100000"
"202100013992";"9";"10";"2021";"20:10";"5";"76";"76259";"2";"9";"1";"6";"BERIGNY (QUAI)";"49,7600797515";"0,3694863617"
"202100013993";"9";"10";"2021";"18:50";"1";"76";"76217";"2";"2";"1";"3";"AVENUE JEAN JAURES";"49,9150517270";"1,0747497529"
"202100013994";"9";"10";"2021";"19:08";"5";"67";"67462";"2";"9";"1";"3";"CHATEAUX (CARREFOUR LES)";"48,2631400000";"7,4410000000"
"202100013995";"10";"10";"2021";"16:50";"1";"59";"59017";"2";"1";"1";"6";"LECLERC (RUE DU GENERAL )";"50,6832400000";"2,8875600000"
"202100013996";"10";"10";"2021";"04:25";"5";"59";"59431";"2";"6";"5";"6";"BAILLEUL (RUE DE)";"50,7131290000";"2,8189680000"
"202100013997";"10";"10";"2021";"02:30";"5";"46";"46042";"2";"1";"1";"7";"LOUIS-PHILIPPE (PONT)";"44,4426660000";"1,4423880000"
"202100013998";"10";"10";"2021";"23:25";"5";"44";"44162";"2";"1";"1";"3";"RUE PIERRE BLARD";"47,2120200000";" -1,6551600000"
"202100013999";"10";"10";"2021";"07:15";"3";"34";"34198";"1";"1";"1";"1";"D66  VOIE RAPIDE";"43,5768900000";"3,9485000000"
"202100014000";"10";"10";"2021";"18:20";"1";"33";"33119";"2";"1";"1";"6";"Rue Fernand Favre";"44,8544100000";" -0,5353900000"
"202100014001";"10";"10";"2021";"20:00";"5";"31";"31557";"2";"9";"1";"3";"DOUMERGUE (RUE GASTON)";"43,5884500000";"1,3588200000"
"202100014002";"9";"10";"2021";"00:00";"5";"31";"31555";"2";"1";"1";"1";"DEMOISELLES (ALL DES) DU 2AU 80";"43,5910100000";"1,4526700000"
"202100014003";"10";"10";"2021";"18:00";"1";"25";"25056";"2";"6";"1";"3";"CAUSSES RUE DES";"47,2179300000";"5,9647700000"
"202100014004";"9";"10";"2021";"17:20";"1";"14";"14118";"2";"1";"1";"3";"STIRN (PONT ALEXANDRE)";"49,1794200000";" -0,3490500000"
"202100014005";"10";"10";"2021";"09:00";"1";"13";"13215";"2";"1";"1";"3";"SAINT ANTOINE (AVENUE DE)";"43,3807500000";"5,3575800000"
"202100014006";"9";"10";"2021";"23:15";"5";"13";"13204";"2";"1";"1";"2";"DE ROUX (BD ET IMPASSE)";"43,3060000000";"5,4060000000"
"202100014007";"9";"10";"2021";"21:50";"5";"13";"13206";"2";"1";"1";"2";"PRADO (AVENUE DU)";"43,2830000000";"5,3840000000"
"202100014008";"10";"10";"2021";"13:00";"1";"13";"13001";"1";"1";"1";"7";"PASCALIS PIERRE (CH)";"43,5616800000";"5,4661600000"
"202100014009";"10";"10";"2021";"09:22";"1";"06";"06088";"2";"2";"1";"3";"TRACHEL (RUE)";"43,7061750000";"7,2608230000"
"202100014010";"9";"10";"2021";"15:40";"1";"06";"06069";"2";"2";"1";"3";"BASSES MOULIERES (CHEMIN DES)";"43,6293780000";"6,9253870000"
"202100014011";"9";"10";"2021";"23:30";"5";"75";"75120";"2";"4";"1";"2";"PORTE DE VINCENNES";"48,8491450000";"2,4151400000"
"202100014012";"10";"10";"2021";"08:13";"1";"75";"75116";"2";"4";"1";"5";"BOULEVARD PERIPHERIQUE";"48,8352190000";"2,2603590000"
"202100014013";"10";"10";"2021";"13:30";"1";"75";"75120";"2";"4";"1";"3";"BOULEVARD DAVOUT";"48,8562840000";"2,4099860000"
"202100014014";"10";"10";"2021";"03:40";"5";"75";"75120";"2";"7";"1";"3";"PLACE DE LA PORTE DE BAGNOLET";"48,8646180000";"2,4091240000"
"202100014015";"10";"10";"2021";"16:20";"1";"75";"75119";"2";"3";"1";"3";"AVENUE CORENTIN CARIOU";"48,8951550000";"2,3827760000"
"202100014016";"10";"10";"2021";"00:30";"5";"75";"75118";"2";"2";"1";"6";"BOULEVARD BARBES";"48,8838340000";"2,3494810000"
"202100014017";"9";"10";"2021";"13:00";"1";"75";"75117";"2";"2";"1";"5";"AVENUE DE VILLIERS";"48,8819730000";"2,3136210000"
"202100014018";"10";"10";"2021";"12:00";"1";"75";"75115";"2";"1";"1";"6";"BOULEVARD DE GRENELLE";"48,8505330000";"2,2937210000"
"202100014019";"9";"10";"2021";"10:45";"1";"75";"75113";"2";"2";"1";"3";"BOULEVARD MASSENA";"48,8192850000";"2,3620200000"
"202100014020";"10";"10";"2021";"15:50";"1";"75";"75108";"2";"3";"1";"3";"BOULEVARD HAUSSMANN";"48,8752500000";"2,3147860000"
"202100014021";"10";"10";"2021";"14:40";"1";"75";"75107";"2";"2";"1";"2";"AVENUE DE LA BOURDONNAIS";"48,8561420000";"2,3024550000"
"202100014022";"10";"10";"2021";"15:48";"1";"75";"75102";"2";"3";"1";"7";"AVENUE DE L OPERA";"48,8693430000";"2,3328990000"
"202100014023";"10";"10";"2021";"03:19";"5";"75";"75103";"2";"7";"1";"7";"PLACE DE LA REPUBLIQUE";"48,8673240000";"2,3633670000"
"202100014024";"9";"10";"2021";"11:47";"1";"75";"75104";"2";"2";"1";"6";"QUAI DE GESVRES";"48,8567430000";"2,3489530000"
"202100014025";"10";"10";"2021";"11:30";"1";"94";"94058";"2";"2";"1";"3";"Avenue du 11 Novembre";"48,8468000000";"2,4968300000"
"202100014026";"10";"10";"2021";"03:15";"5";"94";"94046";"2";"1";"1";"1";"JEAN JAURES (R)";"48,7900000000";"2,4300000000"
"202100014027";"9";"10";"2021";"17:30";"1";"94";"94078";"2";"1";"1";"4";"Rue Francis Martin";"48,7373600000";"2,4524900000"
"202100014028";"10";"10";"2021";"16:25";"1";"93";"93066";"2";"1";"1";"6";"EL OUAFI HAMED BOUGERA";"48,9227682089";"2,3639904857"
"202100014029";"10";"10";"2021";"16:00";"1";"93";"93066";"2";"1";"1";"6";"""BARBUSSE HENRI, NR 35 A 137""";"48,9407920448";"2,3718623187"
"202100014030";"10";"10";"2021";"14:00";"1";"93";"93027";"2";"1";"1";"4";"SALENGRO (AVENUE ROGER)";"48,9334400000";"2,3870500000"
"202100014031";"10";"10";"2021";"01:10";"5";"92";"92012";"2";"9";"1";"6";"VIEUX PONT DE SEVRES (RUE DU) - DEBUT/15";"48,8309450662";"2,2406664491"
"202100014032";"10";"10";"2021";"00:20";"4";"35";"35333";"1";"1";"5";"6";"D173 , PK 20 + 550";"47,9119340000";" -1,4046890000"
"202100014033";"11";"10";"2021";"07:55";"1";"57";"57438";"1";"3";"5";"3";"D1";"49,1797470000";"6,2098290000"
"202100014034";"10";"10";"2021";"17:00";"1";"62";"62787";"2";"3";"1";"1";"Rue de l Eglise";"50,4976980000";"1,8776860000"
"202100014035";"7";"10";"2021";"17:20";"1";"01";"01384";"2";"9";"1";"1";"Avenue de l Europe";"45,9458790000";"5,4355450000"
"202100014036";"10";"10";"2021";"16:00";"1";"81";"81238";"2";"1";"1";"2";"Avenue de la MÃ©diterranÃ©e";"43,4756530000";"2,4953340000"
"202100014037";"10";"10";"2021";"06:30";"5";"81";"81209";"2";"1";"1";"6";"30 avenue de castres";"43,5184700000";"2,3701450000"
"202100014038";"10";"10";"2021";"18:50";"1";"35";"35006";"1";"3";"1";"2";"La Gueusserie";"48,0408200000";" -1,1084820000"
"202100014039";"6";"10";"2021";"16:45";"1";"974";"97413";"2";"1";"1";"3";"148 Rue Alexandre BÃ¨gue";" -21,1455370000";"55,3172940000"
"202100014040";"10";"10";"2021";"12:05";"1";"44";"44113";"2";"1";"1";"3";"Route de Nort-sur-Erdre";"47,5630360000";" -1,6262230000"
"202100014041";"10";"10";"2021";"06:40";"3";"59";"59213";"1";"1";"5";"1";"D643 pr 29 +700";"50,1582330000";"3,3065840000"
"202100014042";"10";"10";"2021";"14:30";"1";"67";"67261";"1";"6";"1";"3";"route du rhin";"48,9651786714";"8,1847715378"
"202100014043";"10";"10";"2021";"17:20";"1";"71";"71558";"2";"1";"1";"1";"Route du Bois Chevret";"46,4791940000";"5,2449740000"
"202100014044";"10";"10";"2021";"05:30";"3";"71";"71305";"1";"1";"1";"6";"D933A";"46,4478670000";"4,8953320000"
"202100014045";"11";"10";"2021";"18:55";"1";"76";"76255";"2";"1";"1";"6";"Route de Mers";"50,0601188372";"1,4117049074"
"202100014046";"10";"10";"2021";"07:00";"3";"41";"41229";"1";"1";"5";"1";"D976";"47,3017410000";"1,3510290000"
"202100014047";"9";"10";"2021";"11:10";"1";"44";"44056";"2";"5";"7";"6";"Rue Georges Sicard";"47,4153110000";" -1,7921720000"
"202100014048";"9";"10";"2021";"14:55";"1";"38";"38261";"1";"4";"1";"2";"Route d Argent";"45,6722810000";"5,4804500000"
"202100014049";"11";"10";"2021";"18:30";"1";"01";"01304";"2";"3";"1";"3";"Rue Brillat Savarin";"46,0479370000";"5,3359170000"
"202100014050";"10";"10";"2021";"15:37";"1";"14";"14149";"1";"1";"1";"7";"Chemin du Coudray";"49,0967270000";" -0,1200600000"
"202100014051";"9";"10";"2021";"17:20";"1";"18";"18069";"1";"1";"1";"1";"Route dÃ©partementale 2144";"46,6903510000";"2,5456040000"
"202100014052";"11";"10";"2021";"07:40";"1";"10";"10074";"1";"1";"5";"1";"Route Nationale 77";"48,1219580000";"3,9518170000"
"202100014053";"11";"10";"2021";"14:12";"1";"07";"07007";"1";"1";"1";"1";"lartilleul";"44,9653440000";"4,7106460000"
"202100014054";"10";"10";"2021";"18:15";"1";"07";"07160";"1";"1";"1";"1";"N/A";"45,2008940000";"4,5073880000"
"202100014055";"11";"10";"2021";"06:10";"5";"07";"07260";"1";"6";"1";"7";"intersection RD 2 RD 22";"44,7093760000";"4,6965160000"
"202100014056";"10";"10";"2021";"16:05";"1";"40";"40305";"2";"1";"1";"7";"Chemin du Loy";"43,6315650000";" -0,3310820000"
"202100014057";"11";"10";"2021";"14:50";"1";"04";"04031";"1";"1";"1";"7";"RD 108 La Bastide Neuve";"43,9111340000";"6,1128240000"
"202100014058";"10";"10";"2021";"12:20";"1";"27";"27378";"1";"2";"1";"3";"route dÃ©partementale 6154";"48,7999380000";"1,1901280000"
"202100014059";"10";"10";"2021";"16:10";"1";"37";"37154";"2";"1";"1";"2";"113 Rue Nationale";"47,2822631819";"0,7117233350"
"202100014060";"11";"10";"2021";"07:30";"2";"02";"02013";"1";"1";"1";"2";"Autoroute A26 PK 237+200 dans le sens de circualtion CALAIS/REIMS";"49,4646190000";"3,9167520000"
"202100014061";"11";"10";"2021";"14:00";"1";"01";"01038";"1";"1";"1";"7";"A39 - PK 133.500";"46,3456210000";"5,2863380000"
"202100014062";"9";"10";"2021";"23:35";"3";"973";"97309";"1";"1";"1";"6";"Route de la Matourienne";"4,8745060000";" -52,3026570000"
"202100014063";"11";"10";"2021";"08:00";"2";"89";"89379";"1";"1";"5";"6";"autoroute A6";"47,5047200000";"4,0677600000"
"202100014064";"10";"10";"2021";"22:05";"5";"66";"66172";"2";"1";"1";"7";"29 Boulevard du Canigou";"42,7171560000";"2,8447560000"
"202100014065";"7";"10";"2021";"13:45";"1";"95";"95580";"2";"1";"1";"6";"RD 10";"49,0882540000";"2,5571970000"
"202100014066";"11";"10";"2021";"08:35";"2";"77";"77477";"1";"1";"5";"6";"Autoroute A6";"48,3447550000";"2,5892110000"
"202100014067";"10";"10";"2021";"00:00";"3";"988";"98813";"1";"1";"1";"6";"RT1 - ForÃªt noire";" -21,7918500000";"165,8576200000"
"202100014068";"10";"10";"2021";"21:10";"5";"978";"97801";"2";"1";"2";"6";"rue de hollande";"18,0688300000";" -63,0832710000"
"202100014069";"9";"10";"2021";"01:15";"5";"33";"33199";"2";"3";"1";"6";"51 Rue Aime Broustaud";"44,6325590000";" -1,0834890000"
"202100014070";"10";"10";"2021";"19:30";"2";"45";"45191";"1";"1";"1";"7";"D25-PR0+250";"48,2847920000";"2,4165630000"
"202100014071";"10";"10";"2021";"10:25";"1";"45";"45346";"2";"1";"1";"6";"Route des Caduels";"47,9444460000";"2,2781130000"
"202100014072";"8";"10";"2021";"04:20";"3";"34";"34022";"2";"1";"1";"3";"N113";"43,6550300000";"4,0015070000"
"202100014073";"10";"10";"2021";"14:10";"1";"54";"54196";"1";"1";"1";"7";"RD115";"48,5838150399";"6,1965841063"
"202100014074";"10";"10";"2021";"16:30";"1";"74";"74090";"1";"1";"1";"1";"Route de Thonon";"46,0833300000";"6,3129870000"
"202100014075";"10";"10";"2021";"19:10";"2";"74";"74280";"2";"4";"1";"1";"Rue des Clefs";"45,8695730000";"6,3240050000"
"202100014076";"11";"10";"2021";"12:15";"1";"38";"38557";"2";"3";"1";"3";"Rue des Ormeaux";"45,7913960000";"5,1215550000"
"202100014077";"9";"10";"2021";"21:50";"5";"38";"38565";"1";"6";"1";"2";"Chemin Departemental 3";"45,2730900000";"5,6266520000"
"202100014078";"11";"10";"2021";"11:30";"1";"81";"81139";"2";"1";"1";"6";"Route DÃ©partementale 83 - PK 15+250";"43,7076280000";"2,1377880000"
"202100014079";"7";"10";"2021";"18:45";"2";"09";"09282";"1";"1";"1";"3";"d214";"43,2409350000";"1,5858080000"
"202100014080";"10";"10";"2021";"18:20";"1";"09";"09042";"1";"1";"1";"6";"Unjat";"43,0226590000";"1,4677690000"
"202100014081";"10";"10";"2021";"16:30";"1";"17";"17237";"1";"1";"1";"1";"D3";"45,8744880000";" -1,0599390000"
"202100014082";"11";"10";"2021";"10:15";"1";"17";"17369";"2";"1";"1";"6";"Avenue des Corsaires";"46,1983280000";" -1,3541670000"
"202100014083";"10";"10";"2021";"01:30";"3";"53";"53062";"1";"1";"5";"1";"N162";"47,8448720000";" -0,6968240000"
"202100014084";"10";"10";"2021";"03:00";"3";"44";"44094";"2";"3";"1";"6";"Quai des Mariniers";"47,2943590000";" -1,3834080000"
"202100014085";"25";"08";"2021";"12:50";"1";"61";"61279";"1";"1";"1";"1";"La Coupe";"48,4038080000";"0,0029770000"
"202100014086";"10";"10";"2021";"10:15";"1";"29";"29006";"2";"6";"1";"3";"Rue de Penfoul";"47,8793220000";" -4,1066070000"
"202100014087";"9";"10";"2021";"18:20";"1";"22";"22161";"2";"1";"1";"6";"Rue de l Armor";"48,5660080000";" -3,1442030000"
"202100014088";"10";"10";"2021";"12:25";"1";"22";"22273";"1";"1";"1";"3";"D786";"48,5508873781";" -2,5486907938"
"202100014089";"8";"10";"2021";"08:06";"1";"13";"13055";"1";"1";"1";"3";"A507 sens Aubagne- Marseille";"43,3419420000";"5,3761590000"
"202100014090";"10";"10";"2021";"17:20";"1";"33";"33249";"1";"1";"1";"2";"Autoroute A10";"44,8871470000";" -0,5061380000"
"202100014091";"10";"10";"2021";"03:25";"5";"33";"33167";"1";"1";"1";"6";"Rocade Rive Droite N230";"44,8252000000";" -0,5103400000"
"202100014092";"10";"10";"2021";"18:10";"2";"91";"91161";"1";"1";"1";"2";"AUTOROUTE A6";"48,6958200000";"2,3174800000"
"202100014093";"10";"10";"2021";"16:20";"1";"94";"94034";"1";"1";"1";"2";"AUTOROUTE A86";"48,7606300000";"2,3191700000"
"202100014094";"9";"10";"2021";"17:40";"1";"94";"94034";"1";"1";"1";"2";"AUTOROUTE A86";"48,7581000000";"2,3267000000"
"202100014095";"10";"10";"2021";"01:58";"5";"94";"94043";"1";"1";"1";"6";"AUTOROUTE A6B";"48,8050470000";"2,3446790000"
"202100014096";"9";"10";"2021";"20:30";"3";"91";"91339";"1";"1";"1";"2";"RN 104";"48,6283300000";"2,2567200000"
"202100014097";"9";"10";"2021";"17:50";"1";"91";"91689";"1";"1";"1";"6";"AUTOROUTE A6";"48,7383602982";"2,3179686934"
"202100014098";"9";"10";"2021";"13:30";"1";"94";"94038";"1";"1";"1";"4";"AUTOROUTE A6A";"48,7750000000";"2,3460000000"
"202100014099";"10";"10";"2021";"20:00";"5";"78";"78531";"1";"1";"1";"7";"A13";"48,9903370000";"1,6461300000"
"202100014100";"10";"10";"2021";"15:30";"1";"78";"78531";"1";"1";"1";"2";"A13";"48,9907740000";"1,6439200000"
"202100014101";"10";"10";"2021";"20:20";"3";"93";"93005";"1";"1";"1";"2";"AUTOROUTE A3";"48,9623480000";"2,4737400000"
"202100014102";"10";"10";"2021";"17:30";"1";"93";"93013";"1";"1";"1";"2";"AUTOROUTE A1";"48,9388824189";"2,4179720876"
"202100014103";"10";"10";"2021";"14:00";"1";"93";"93007";"1";"1";"1";"4";"AUTOROUTE A3";"48,9201587099";"2,4793481827"
"202100014104";"10";"10";"2021";"14:00";"1";"93";"93010";"1";"1";"1";"2";"AUTOROUTE A3";"48,9185788468";"2,4785404654"
"202100014105";"10";"10";"2021";"06:40";"1";"95";"95018";"1";"1";"1";"2";" A15";"48,9621050000";"2,2675790000"
"202100014106";"10";"10";"2021";"07:00";"3";"93";"93007";"1";"1";"1";"2";"AUTOROUTE A1";"48,9491803375";"2,4469619685"
"202100014107";"10";"10";"2021";"03:35";"5";"93";"93013";"1";"1";"1";"5";"AUTOROUTE A1";"48,9404100000";"2,4238200000"
"202100014108";"9";"10";"2021";"18:45";"2";"93";"93064";"1";"1";"1";"3";"AUTOROUTE A86";"48,8790800000";"2,4763800000"
"202100014109";"9";"10";"2021";"17:50";"1";"95";"95018";"1";"1";"1";"5";" A15";"48,9549000000";"2,2782000000"
"202100014110";"9";"10";"2021";"13:00";"1";"95";"95500";"1";"1";"1";"4";" A15";"49,0363150000";"2,0950810000"
"202100014111";"10";"10";"2021";"21:05";"3";"77";"77122";"1";"1";"1";"2";"RN104";"48,6613340000";"2,6134800000"
"202100014112";"9";"10";"2021";"23:15";"3";"94";"94081";"1";"1";"1";"2";"A86 INT";"48,7740034256";"2,4056004171"
"202100014113";"9";"10";"2021";"12:40";"1";"77";"77294";"1";"1";"1";"4";"A104";"48,9736330000";"2,5787540000"
"202100014114";"9";"10";"2021";"04:55";"3";"94";"94069";"1";"1";"1";"4";"A4";"48,8170500000";"2,4435200000"
"202100014115";"8";"10";"2021";"08:00";"1";"93";"93051";"1";"9";"1";"5";"A4";"48,8365600000";"2,5440000000"
"202100014116";"9";"10";"2021";"09:20";"1";"974";"97411";"2";"2";"1";"3";"JAURES (BOULEVARD JEAN)";" -20,8883900000";"55,4463900000"
"202100014117";"9";"10";"2021";"02:30";"5";"64";"64024";"2";"1";"1";"7";"BAYONNE (AVENUE DE)";"43,4814000000";" -1,5108000000"
"202100014118";"9";"10";"2021";"19:45";"5";"54";"54395";"2";"1";"1";"6";"LIBERATION (AVENUE DE LA)";"48,6965200000";"6,1464500000"
"202100014119";"8";"10";"2021";"18:35";"2";"48";"48095";"2";"1";"1";"6";"PONT ROUPT (AVENUE DU)";"44,5177720000";"3,4904080000"
"202100014120";"9";"10";"2021";"17:47";"1";"92";"92026";"2";"1";"1";"6";"CAMILLE SAINT SAENS";"48,9030123951";"2,2821843624"
"202100014121";"9";"10";"2021";"18:25";"2";"974";"97416";"2";"3";"1";"1";"PAVE(RUE)";" -21,3423700000";"55,4845700000"
"202100014122";"9";"10";"2021";"15:10";"1";"974";"97411";"1";"1";"1";"7";"MONTAGNE (ROUTE DE LA)";" -20,8858630000";"55,4388957000"
"202100014123";"9";"10";"2021";"20:35";"5";"973";"97302";"2";"1";"1";"2";"MADELEINE (ROUTE DE LA)";"4,9283000000";" -52,3251600000"
"202100014124";"9";"10";"2021";"17:10";"1";"973";"97302";"2";"2";"1";"3";"MANGUES (RUE DES - CITE MANGUIERS)";"4,9342560347";" -52,3234711290"
"202100014125";"9";"10";"2021";"08:20";"1";"973";"97302";"2";"1";"1";"3";"MADELEINE (ROUTE DE LA)";"4,9214600187";" -52,3224048615"
"202100014126";"9";"10";"2021";"06:30";"1";"973";"97302";"2";"1";"1";"1";"MADELEINE (ROUTE DE LA)";"4,9219214396";" -52,3249855055"
"202100014127";"9";"10";"2021";"03:00";"5";"973";"97302";"1";"1";"1";"6";"ROUTE NATIONALE 1";"4,9203800000";" -52,3304100000"
"202100014128";"10";"10";"2021";"00:15";"5";"69";"69383";"2";"2";"1";"3";"GAMBETTA (CR)";"45,7539512998";"4,8469099402"
"202100014129";"11";"09";"2021";"04:50";"5";"69";"69387";"2";"2";"1";"3";"GUILLOTIERE (DE LA) (GR)";"45,7484900000";"4,8546800000"
"202100014130";"9";"10";"2021";"22:00";"5";"69";"69259";"2";"1";"1";"6";"MARTYRS DE LA RESISTANCE (DES) (R)";"45,6903400000";"4,8669000000"
"202100014131";"9";"10";"2021";"20:05";"5";"69";"69386";"2";"9";"1";"3";"VITTON (CR)";"45,7701600000";"4,8596400000"
"202100014132";"9";"10";"2021";"03:45";"5";"69";"69259";"2";"2";"1";"2";"MARTYRS DE LA RESISTANCE (DES) (AV)";"45,6923900000";"4,8729500000"
"202100014133";"8";"10";"2021";"09:32";"1";"972";"97213";"1";"1";"1";"2";"AUTOROUTE A1";"14,6183000000";" -61,0353800000"
"202100014134";"9";"10";"2021";"17:00";"1";"69";"69202";"1";"3";"1";"5";"BRIGNAIS (DE) (RTE)";"45,7247469389";"4,7805333138"
"202100014135";"9";"10";"2021";"14:13";"1";"69";"69382";"1";"2";"1";"3";"JEAN MOULIN (Q)";"45,7650331865";"4,8380827904"
"202100014136";"9";"10";"2021";"10:18";"1";"971";"97113";"1";"1";"1";"6";"BAS DU FORT";"16,2178300000";" -61,5157500000"
"202100014137";"10";"10";"2021";"02:00";"4";"2A";"2A004";"1";"1";"1";"7";"T40";"41,9321800000";"8,8038200000"
"202100014138";"9";"10";"2021";"13:10";"1";"2A";"2A004";"2";"3";"1";"3";"NAPOLEON COURS AVANT BEVERINI";"41,9236309482";"8,7376730178"
"202100014139";"9";"10";"2021";"03:30";"3";"91";"91339";"1";"1";"1";"1";"RTE NATIONALE 20";"48,6282400000";"2,2625700000"
"202100014140";"9";"10";"2021";"15:35";"1";"91";"91286";"2";"6";"1";"6";"CORBEIL (ROUTE DE)";"48,6539200000";"2,3944000000"
"202100014141";"9";"10";"2021";"10:20";"1";"91";"91326";"2";"1";"1";"6";"ESTIENNE D'ORVES (AVENUE D')";"48,6919700000";"2,3772600000"
"202100014142";"9";"10";"2021";"21:40";"5";"83";"83069";"2";"1";"1";"3";"GAMBETTA (AVENUE)";"43,1169993213";"6,1286222935"
"202100014143";"8";"10";"2021";"16:00";"1";"83";"83069";"2";"1";"1";"3";"EUGENIE (RUE)";"43,1215900000";"6,1145500000"
"202100014144";"9";"10";"2021";"17:10";"1";"82";"82121";"2";"9";"1";"3";"allÃ©e de l'empereur";"44,0166300000";"1,3566500000"
"202100014145";"9";"10";"2021";"10:38";"1";"80";"80001";"2";"1";"1";"1";"GENERAL LECLERC (du)";"50,1077800000";"1,8410700000"
"202100014146";"8";"10";"2021";"11:59";"1";"78";"78418";"1";"1";"1";"6";"ONZE NOVEMBRE 1918 (RUE DU)";"48,9172800000";"2,1503300000"
"202100014147";"9";"10";"2021";"16:50";"1";"77";"77152";"2";"1";"1";"3";"POUVREAU(AVENUE MARCEL)";"48,5199470000";"2,6367610000"