"Num_Acc";"jour";"mois";"an";"hrmn";"lum";"dep";"com";"agg";"int";"atm";"col";"adr";"lat";"long"
"202100014148";"9";"10";"2021";"10:20";"1";"74";"74133";"2";"1";"1";"6";"LIBERATION (RUE DE LA)";"46,1856000000";"6,2069900000"
"202100014149";"9";"10";"2021";"15:45";"1";"72";"72257";"2";"1";"1";"6";"PRUILLE (RTE DE)";"47,9838400000";"0,1471900000"
"202100014150";"9";"10";"2021";"21:25";"5";"69";"69256";"2";"2";"1";"5";"GABRIEL PERI (AV)";"45,7725600000";"4,9123300000"
"202100014151";"9";"10";"2021";"13:25";"1";"65";"65047";"2";"1";"1";"3";"BOIS (RUE DU)";"43,2432320000";"0,0967550000"
"202100014152";"8";"10";"2021";"16:48";"1";"65";"65440";"2";"1";"1";"6";"LASSALLE (RUE GEORGES)";"43,2344200000";"0,0723900000"
"202100014153";"9";"10";"2021";"17:15";"1";"64";"64024";"2";"1";"1";"7";"BAYONNE (AVENUE DE)";"43,4829300000";" -1,5039700000"
"202100014154";"9";"10";"2021";"12:50";"1";"64";"64024";"2";"1";"1";"2";"MER (BOULEVARD DE LA)";"43,4963267243";" -1,5391346812"
"202100014155";"9";"10";"2021";"06:00";"3";"64";"64102";"2";"6";"1";"7";"AMADE  (ROND POINT)";"43,5021400000";" -1,4786700000"
"202100014156";"10";"10";"2021";"00:05";"5";"59";"59599";"2";"1";"1";"3";"GRAMME (CHAUSSEE)";"50,7374560000";"3,1652750000"
"202100014157";"9";"10";"2021";"11:12";"1";"59";"59656";"2";"2";"1";"6";"BONPAIN (RUE DE L'ABBE)";"50,7720700000";"3,0410200000"
"202100014158";"9";"10";"2021";"08:50";"1";"59";"59352";"2";"1";"1";"6";"CASTELNAU (RUE)";"50,7355300000";"3,0740200000"
"202100014159";"9";"10";"2021";"14:15";"1";"59";"59350";"2";"2";"1";"2";"ERFURT PONT";"50,6400470000";"3,0768790000"
"202100014160";"9";"10";"2021";"11:10";"1";"59";"59350";"2";"2";"1";"3";"RATISBONNE RUE";"50,6292800000";"3,0518000000"
"202100014161";"9";"10";"2021";"12:20";"1";"56";"56260";"2";"1";"1";"6";"Rue du Lt Francois Fromentin";"47,6489800000";" -2,7668600000"
"202100014162";"9";"10";"2021";"16:05";"1";"51";"51454";"2";"2";"1";"3";"Boulevard Pommery";"49,2504400000";"4,0527200000"
"202100014163";"9";"10";"2021";"16:30";"1";"45";"45286";"2";"3";"1";"3";"Place Saint Charles";"47,8939460000";"1,9137120000"
"202100014164";"9";"10";"2021";"09:55";"1";"45";"45302";"2";"1";"1";"2";"ROUTE NATIONALE 20";"47,9499300000";"1,8919200000"
"202100014165";"8";"10";"2021";"12:15";"1";"45";"45147";"2";"1";"1";"3";"BERTHELOT (RUE MARCELIN BERTHELOT)";"47,9237200000";"1,9144100000"
"202100014166";"8";"10";"2021";"19:39";"2";"45";"45068";"2";"2";"1";"3";"Rue de la ForÃªt";"48,0156300000";"2,7372800000"
"202100014167";"9";"10";"2021";"09:00";"1";"45";"45004";"2";"6";"1";"6";"Avenue du Docteur Schweitzer";"48,0013400000";"2,7713500000"
"202100014168";"9";"10";"2021";"23:24";"5";"44";"44109";"2";"1";"1";"3";"BOULEVARD DE L'EGALITE";"47,2087200000";" -1,5870900000"
"202100014169";"9";"10";"2021";"14:30";"1";"44";"44109";"2";"7";"1";"1";"PLACE DELORME";"47,2150700000";" -1,5635900000"
"202100014170";"9";"10";"2021";"10:00";"1";"44";"44162";"2";"1";"2";"3";"BOULEVARD CHARLES DE GAULLE";"47,2200700000";" -1,6552200000"
"202100014171";"9";"10";"2021";"19:00";"5";"38";"38185";"2";"4";"1";"3";"STALINGRAD (RUE DE)";"45,1709700000";"5,7238200000"
"202100014172";"8";"10";"2021";"23:50";"5";"37";"37233";"2";"1";"1";"1";"STALINGRAD (AVENUE)";"47,3876200000";"0,7269800000"
"202100014173";"9";"10";"2021";"17:40";"1";"35";"35238";"2";"1";"1";"4";"ROOSEVELT (BD FRANKLIN)";"48,0969800000";" -1,6584700000"
"202100014174";"9";"10";"2021";"17:20";"1";"35";"35238";"2";"1";"1";"6";"PETRI (LOUIS)";"48,0945620000";" -1,6392450000"
"202100014175";"9";"10";"2021";"06:00";"5";"35";"35238";"2";"2";"1";"6";"VERN (DE)";"48,0981900000";" -1,6557400000"
"202100014176";"9";"10";"2021";"17:44";"1";"33";"33522";"2";"1";"1";"2";"Route de Toulouse";"44,8061500000";" -0,5729300000"
"202100014177";"9";"10";"2021";"07:25";"2";"33";"33039";"2";"1";"1";"3";"Route de Courrejean";"44,7918200000";" -0,5378500000"
"202100014178";"9";"10";"2021";"09:45";"1";"33";"33529";"2";"3";"1";"2";"PORT (RUE DU)";"44,6369300000";" -1,1445600000"
"202100014179";"9";"10";"2021";"10:35";"1";"33";"33529";"1";"1";"1";"7";"BISCAROSSE (AVE) DUNE VERS BISCA";"44,6027630000";" -1,1984390000"
"202100014180";"9";"10";"2021";"20:50";"5";"30";"30007";"2";"1";"1";"2";"CASSIN (RUE RENE)";"44,1117400000";"4,1050400000"
"202100014181";"9";"10";"2021";"23:30";"5";"29";"29019";"2";"3";"1";"3";"Rue Jean JaurÃ¨s";"48,4003200000";" -4,4706500000"
"202100014182";"9";"10";"2021";"14:30";"1";"29";"29019";"2";"1";"1";"6";"Avenue MarÃ©chal Foch";"48,3974657299";" -4,4890076077"
"202100014183";"9";"10";"2021";"04:20";"5";"21";"21231";"2";"2";"1";"6";"THIERS (BOULEVARD)";"47,3232170843";"5,0501060456"
"202100014184";"9";"10";"2021";"11:00";"1";"14";"14125";"1";"1";"1";"3";"D79B";"49,2307400000";" -0,3762500000"
"202100014185";"9";"10";"2021";"23:20";"5";"13";"13206";"2";"9";"1";"3";"JEAN JAURES (PLACE)";"43,2950500000";"5,3860800000"
"202100014186";"9";"10";"2021";"23:20";"5";"13";"13212";"2";"1";"1";"3";"CAILLOLS (AVENUE DES)";"43,3036900000";"5,4413800000"
"202100014187";"9";"10";"2021";"21:50";"5";"13";"13214";"2";"4";"1";"3";"DANIEL CASANOVA (BOULEVARD)";"43,3298600000";"5,3759900000"
"202100014188";"9";"10";"2021";"17:30";"1";"13";"13204";"2";"1";"1";"6";"PROVENCE (RUE DE)";"43,3017100000";"5,3971000000"
"202100014189";"9";"10";"2021";"11:15";"1";"13";"13205";"2";"2";"1";"3";"HORACE BERTIN (RUE)";"43,2961300000";"5,3978100000"
"202100014190";"9";"10";"2021";"01:45";"5";"13";"13201";"2";"1";"1";"2";"CANEBIERE     70 A FIN";"43,2989800000";"5,3850900000"
"202100014191";"9";"10";"2021";"22:00";"5";"06";"06029";"2";"1";"1";"2";"BLANC (RUE LOUIS)";"43,5531000000";"7,0126600000"
"202100014192";"9";"10";"2021";"12:47";"1";"06";"06029";"2";"1";"1";"3";"LIEGEARD (AVENUE STEPHANE)";"43,5507070000";"7,0006880000"
"202100014193";"8";"10";"2021";"12:30";"1";"04";"04112";"2";"1";"1";"6";"RD 5 (bd Martin Bret)";"43,8369213627";"5,7811917365"
"202100014194";"9";"10";"2021";"07:45";"2";"03";"03321";"2";"6";"1";"3";"rond point de l'Europe";"46,5499100000";"3,3576500000"
"202100014195";"9";"10";"2021";"20:00";"2";"75";"75118";"2";"1";"1";"4";"PORTE D AUBERVILLIERS";"48,9008020000";"2,3698070000"
"202100014196";"8";"10";"2021";"15:30";"1";"75";"75119";"2";"1";"1";"3";"BOULEVARD PERIPHERIQUE";"48,9002230000";"2,3820050000"
"202100014197";"8";"10";"2021";"08:30";"1";"75";"75120";"2";"1";"1";"3";"PORTE DE MONTREUIL";"48,8572400000";"2,4140250000"
"202100014198";"9";"10";"2021";"18:20";"1";"75";"75106";"2";"2";"1";"3";"BOULEVARD RASPAIL";"48,8451700000";"2,3285400000"
"202100014199";"9";"10";"2021";"07:30";"2";"75";"75112";"2";"3";"1";"3";"AVENUE DU DOCTEUR ARNOLD NETTER";"48,8433310000";"2,4053880000"
"202100014200";"9";"10";"2021";"17:05";"1";"75";"75119";"2";"3";"1";"3";"AVENUE DE FLANDRE";"48,8898350000";"2,3759900000"
"202100014201";"9";"10";"2021";"15:00";"1";"75";"75119";"2";"2";"1";"3";"AVENUE MATHURIN MOREAU";"48,8782770000";"2,3729470000"
"202100014202";"8";"10";"2021";"13:55";"1";"75";"75118";"2";"1";"1";"3";"BOULEVARD NEY";"48,8984880000";"2,3561990000"
"202100014203";"7";"10";"2021";"13:10";"1";"75";"75116";"2";"3";"1";"6";"RUE BOILEAU";"48,8408710000";"2,2623700000"
"202100014204";"9";"10";"2021";"19:30";"5";"75";"75115";"2";"2";"1";"3";"AVENUE DE LA PORTE BRANCION";"48,8284940000";"2,3013860000"
"202100014205";"9";"10";"2021";"17:05";"1";"75";"75114";"2";"2";"1";"7";"AVENUE DU GENERAL LECLERC";"48,8300780000";"2,3287950000"
"202100014206";"9";"10";"2021";"09:50";"1";"75";"75112";"2";"1";"1";"6";"RUE DU RENDEZ VOUS";"48,8465400000";"2,4012220000"
"202100014207";"9";"10";"2021";"16:55";"1";"75";"75111";"2";"1";"1";"5";"BOULEVARD DE MENILMONTANT";"48,8618360000";"2,3878180000"
"202100014208";"9";"10";"2021";"14:30";"1";"75";"75108";"2";"7";"1";"3";"PLACE DE LA CONCORDE";"48,8640950000";"2,3201450000"
"202100014209";"9";"10";"2021";"12:30";"1";"75";"75108";"2";"2";"1";"3";"RUE DE VIENNE";"48,8768560000";"2,3216740000"
"202100014210";"9";"10";"2021";"15:40";"1";"75";"75107";"2";"1";"1";"7";"QUAI ANATOLE FRANCE";"48,8600010000";"2,3279090000"
"202100014211";"9";"10";"2021";"05:30";"5";"75";"75107";"2";"7";"1";"6";"PLACE JACQUES RUEFF";"48,8559800000";"2,2980650000"
"202100014212";"9";"10";"2021";"15:30";"1";"75";"75101";"2";"3";"1";"6";"RUE DU LOUVRE";"48,8623910000";"2,3416390000"
"202100014213";"8";"10";"2021";"08:20";"1";"75";"75102";"2";"3";"1";"3";"RUE DE GRAMONT";"48,8704000000";"2,3368840000"
"202100014214";"9";"10";"2021";"18:34";"2";"94";"94068";"2";"1";"1";"3";"Boulevard des Corneilles";"48,7860200000";"2,4921700000"
"202100014215";"9";"10";"2021";"22:30";"5";"94";"94058";"2";"2";"1";"3";"LEDRU ROLLIN (AV)";"48,8421700000";"2,5013500000"
"202100014216";"9";"10";"2021";"18:20";"2";"94";"94058";"2";"1";"1";"3";"HUIT MAI 1945 (AV DU)";"48,8488000000";"2,5085900000"
"202100014217";"9";"10";"2021";"18:30";"1";"94";"94046";"2";"1";"1";"6";"GENERAL LECLERC (AV DU)";"48,8141000000";"2,4252800000"
"202100014218";"8";"10";"2021";"22:30";"5";"94";"94041";"2";"1";"1";"2";"Rue LÃ©nine";"48,8178130000";"2,3974180000"
"202100014219";"9";"10";"2021";"01:18";"5";"94";"94073";"2";"1";"1";"6";"Boulevard de Stalingrad";"48,7708610313";"2,4010062218"
"202100014220";"9";"10";"2021";"21:35";"5";"94";"94033";"2";"2";"1";"3";"Rue Dalayrac";"48,8493500000";"2,4579700000"
"202100014221";"9";"10";"2021";"22:50";"5";"94";"94022";"2";"1";"1";"3";"Boulevard des AlliÃ©s";"48,7659500000";"2,4043600000"
"202100014222";"9";"10";"2021";"18:30";"1";"94";"94078";"1";"3";"1";"3";"pont de villeneuve le roi";"48,7276800000";"2,4454200000"
"202100014223";"9";"10";"2021";"12:40";"1";"94";"94019";"2";"1";"1";"6";"Avenue de Pince Vent";"48,7946100000";"2,5581200000"
"202100014224";"9";"10";"2021";"16:55";"1";"94";"94017";"2";"9";"1";"3";"STALINGRAD - PONT DE NOGENT (BD DE)";"48,8295600000";"2,4931600000"
"202100014225";"9";"10";"2021";"07:30";"4";"94";"94017";"2";"1";"1";"4";"FranÃ§ois MittÃ©rrand (avenue)";"48,8157500000";"2,5139400000"
"202100014226";"9";"10";"2021";"15:50";"1";"93";"93066";"2";"1";"1";"2";"CASANOVA DANIELLE NR 2 A 50 ET 1 A 19";"48,9297380000";"2,3584010000"
"202100014227";"9";"10";"2021";"14:10";"1";"93";"93066";"2";"2";"1";"3";"WILSON (AVENUE DU PRESIDENT)";"48,9181767613";"2,3579439878"
"202100014228";"9";"10";"2021";"15:18";"1";"93";"93077";"2";"3";"1";"3";"GRANDE RUE";"48,8825100000";"2,5181500000"
"202100014229";"8";"10";"2021";"15:30";"1";"93";"93005";"2";"1";"1";"5";"ROBERT SCHUMAN (CARREFOUR)";"48,9483200000";"2,5168800000"
"202100014230";"9";"10";"2021";"16:30";"1";"93";"93001";"2";"2";"1";"3";"ANDRE KARMAN (RUE)  => 136/143";"48,9074300000";"2,3847700000"
"202100014231";"9";"10";"2021";"05:00";"5";"93";"93001";"2";"1";"1";"3";"JEAN JAURES  (AVE)  157 A 213";"48,9094417786";"2,3982749626"
"202100014232";"9";"10";"2021";"17:11";"1";"92";"92051";"2";"1";"1";"2";"BINEAU (BOULEVARD, NÂ°133 A 217 ET 134 A";"48,8924500000";"2,2687900000"
"202100014233";"9";"10";"2021";"01:15";"5";"92";"92035";"2";"1";"1";"3";"RÃ©publique ( boulevard de la )";"48,9066150000";"2,2465960000"
"202100014234";"9";"10";"2021";"01:42";"4";"92";"92012";"2";"1";"1";"7";"SEVRES (RUE DE) 1/55 - 2/40";"48,8315559782";"2,2300529480"
"202100014235";"9";"10";"2021";"09:50";"1";"47";"47044";"1";"2";"1";"2";"Seguinel";"44,6621630000";"0,5721420000"
"202100014236";"9";"10";"2021";"19:35";"3";"24";"24418";"1";"1";"1";"6";"route dÃ©partementale 41";"45,1367360000";"0,4678630000"
"202100014237";"6";"10";"2021";"13:20";"1";"41";"41194";"2";"6";"1";"3";"Rond point de chatlievre";"47,3422120000";"1,7490120000"
"202100014238";"10";"10";"2021";"16:15";"1";"95";"95116";"1";"1";"1";"1";"Chemin du Jacloret";"49,1501543427";"2,3401717092"
"202100014239";"10";"10";"2021";"11:30";"1";"18";"18200";"1";"1";"1";"6";"Le Chateau de la Grange";"47,2708320000";"2,8992990000"
"202100014240";"9";"10";"2021";"23:30";"3";"974";"97422";"2";"3";"1";"7";"Chemin de Kerveguen";" -21,2871500000";"55,5205680000"
"202100014241";"10";"10";"2021";"15:30";"1";"54";"54118";"1";"1";"1";"2";"rue de velosnes";"49,4821539361";"5,5047297485"
"202100014242";"9";"10";"2021";"20:30";"3";"85";"85109";"1";"1";"1";"2";"D160, pk 22";"46,8449300000";" -1,0735060000"
"202100014243";"3";"10";"2021";"04:00";"3";"57";"57656";"1";"1";"1";"6";"rd 999";"49,0446900000";"6,3278140000"
"202100014244";"9";"10";"2021";"12:10";"1";"79";"79195";"2";"9";"1";"3";"42 Avenue Saint-Hubert";"46,9471290000";" -0,5942540000"
"202100014245";"9";"10";"2021";"15:50";"1";"71";"71483";"1";"1";"1";"7";"Montgelly";"46,3135249763";"4,2862528438"
"202100014246";"9";"10";"2021";"11:46";"1";"61";"61491";"1";"1";"1";"7";"Lieu Dit la Vigne";"48,5917810000";"0,6413640000"
"202100014247";"9";"10";"2021";"10:50";"1";"61";"61005";"1";"1";"1";"7";"D385";"48,3345960000";"0,5805960000"
"202100014248";"9";"10";"2021";"16:35";"1";"61";"61145";"1";"1";"1";"3";"D907";"48,5994590000";" -0,7388310000"
"202100014249";"9";"10";"2021";"21:16";"3";"46";"46317";"1";"1";"1";"5";"D11";"44,8168930000";"1,7564120000"
"202100014250";"10";"10";"2021";"09:00";"1";"46";"46034";"1";"1";"1";"2";"D940";"44,7163290000";"1,9127480000"
"202100014251";"10";"10";"2021";"17:15";"1";"47";"47100";"1";"1";"1";"3";"Chemin du Roude";"44,2558840000";"0,6573670000"
"202100014252";"10";"10";"2021";"11:10";"1";"34";"34228";"1";"1";"1";"1";"D907";"43,4254970000";"2,7379130000"
"202100014253";"10";"10";"2021";"10:10";"1";"68";"68094";"2";"1";"5";"6";"Rue de Hagenthal";"47,5449670000";"7,4467830000"
"202100014254";"8";"10";"2021";"18:20";"1";"22";"22251";"1";"3";"1";"3";"Rue des Grands Clos (Pordic)";"48,5717630000";" -2,8237570000"
"202100014255";"9";"10";"2021";"14:50";"1";"35";"35284";"1";"9";"1";"2";"RN 137-PK 111+300 sens RENNES / SAINT MALO";"48,6085360000";" -1,9787410000"
"202100014256";"10";"10";"2021";"06:45";"2";"03";"03275";"1";"3";"5";"6";"intersection D137 / D34";"46,5135440000";"3,2299640000"
"202100014257";"10";"10";"2021";"17:15";"1";"54";"54294";"1";"1";"1";"7";"D10d";"48,8494010000";"6,1399090000"
"202100014258";"10";"10";"2021";"06:15";"3";"14";"14371";"1";"1";"5";"6";"Rue du GÃ©nÃ©ral Leclerc (Livarot)";"48,9868355870";"0,1505684852"
"202100014259";"9";"10";"2021";"14:15";"1";"50";"50215";"1";"3";"1";"3";"Rue du Hameau NoÃ«l";"49,0855810000";" -1,5970410000"
"202100014260";"9";"10";"2021";"18:50";"1";"50";"50256";"1";"1";"1";"6";"D48 - Route du Marabout";"48,6544940000";" -1,1437260000"
"202100014261";"9";"10";"2021";"20:00";"3";"09";"09173";"1";"1";"1";"6";"d11";"43,0488040000";"1,5597870000"
"202100014262";"9";"10";"2021";"20:00";"3";"60";"60518";"1";"2";"1";"3";"D151";"49,5743487576";"2,1828002058"
"202100014263";"10";"10";"2021";"12:50";"1";"36";"36194";"1";"1";"1";"6";"Brisepaille";"46,9122860000";"1,3306220000"
"202100014264";"10";"10";"2021";"15:00";"1";"16";"16068";"1";"1";"1";"6";"Chavagnac";"45,8739990000";"0,4268790000"
"202100014265";"10";"10";"2021";"12:40";"1";"16";"16101";"1";"2";"1";"3";"D7";"45,5389100000";"0,0385920000"
"202100014266";"10";"10";"2021";"04:55";"3";"40";"40026";"1";"1";"5";"6";"Avenue de la Chalosse";"43,7862070000";" -0,5607530000"
"202100014267";"10";"10";"2021";"00:30";"3";"24";"24147";"1";"1";"1";"7";"DÃ©partementale 5";"45,2272940000";"0,9522160000"
"202100014268";"10";"10";"2021";"16:15";"1";"04";"04018";"1";"1";"1";"6";"RD 5 lieu-dit Dauban";"44,0076860000";"5,6456580000"
"202100014269";"9";"10";"2021";"19:00";"2";"87";"87051";"1";"1";"1";"7";"D43";"45,6224200000";"1,5855290000"
"202100014270";"10";"10";"2021";"12:14";"1";"30";"30033";"2";"2";"1";"3";"Rue du Jeu de Mail";"43,7206760000";"4,3211840000"
"202100014271";"10";"10";"2021";"05:47";"3";"52";"52062";"1";"1";"1";"6";"D974";"47,7838510000";"5,3146260000"
"202100014272";"10";"10";"2021";"10:30";"1";"38";"38214";"1";"1";"1";"7";"A41S pk 018+200";"45,3058030000";"5,9283900000"
"202100014273";"6";"10";"2021";"17:30";"1";"11";"11170";"1";"1";"1";"4";"Les Ayguades";"43,1347523240";"3,1329059601"
"202100014274";"8";"10";"2021";"08:13";"1";"66";"66008";"2";"1";"1";"6";"Avenue moliÃ¨re";"42,5534810000";"3,0269910000"
"202100014275";"9";"10";"2021";"19:30";"3";"988";"98821";"1";"3";"1";"1";"RT1 non loin du Pont de la tontouta";" -21,9808600000";"166,1959900000"
"202100014276";"9";"10";"2021";"21:00";"5";"33";"33199";"2";"2";"1";"6";"Boulevard de la CÃ´te d Argent";"44,6405680000";" -1,0493920000"
"202100014277";"9";"10";"2021";"15:50";"1";"78";"78557";"2";"1";"1";"2";"Route de Rambouillet";"48,6161170000";"1,7169550000"
"202100014278";"9";"10";"2021";"12:50";"1";"05";"05007";"1";"1";"1";"1";"Route de lâIzoard";"44,8035340000";"6,7374940000"
"202100014279";"9";"10";"2021";"16:00";"1";"13";"13027";"1";"3";"1";"3";"ChÃ¢teaurenard";"43,8955270000";"4,8190930000"
"202100014280";"9";"10";"2021";"16:50";"1";"13";"13066";"1";"3";"1";"3";"D7n";"43,8732950000";"4,9145150000"
"202100014281";"9";"10";"2021";"16:15";"1";"13";"13004";"2";"1";"1";"1";"D36";"43,6150680000";"4,6392560000"
"202100014282";"9";"10";"2021";"22:30";"5";"68";"68163";"2";"1";"1";"7";"30 rue de l'artisanat";"47,6775170000";"7,5006690000"
"202100014283";"10";"10";"2021";"16:00";"1";"67";"67203";"1";"6";"1";"3";"Croisement RD 139 RD 519";"48,7836250000";"7,6732640000"
"202100014284";"9";"10";"2021";"06:30";"5";"73";"73248";"2";"6";"1";"6";"Avenue d Italie";"45,2664560000";"6,3713140000"
"202100014285";"9";"10";"2021";"17:45";"1";"81";"81105";"2";"6";"1";"2";"Boulevard Georges Ravari";"43,7683860000";"1,9806130000"
"202100014286";"8";"10";"2021";"09:00";"1";"65";"65370";"2";"1";"1";"2";"Rue du Mourrou";"43,0895760000";"0,1339170000"
"202100014287";"8";"10";"2021";"12:05";"1";"65";"65320";"1";"1";"1";"7";"Darre Capdeville";"43,1186280000";"0,0879390000"
"202100014288";"9";"10";"2021";"17:45";"1";"46";"46221";"1";"1";"7";"1";"route dÃ©partementale 840  pk 20+300";"44,6360280000";"2,0193670000"
"202100014289";"10";"10";"2021";"17:50";"1";"64";"64324";"2";"3";"1";"7";"7 Rue de la RÃ©publique";"43,2211441209";" -0,4779779333"
"202100014290";"9";"10";"2021";"05:30";"3";"33";"33555";"1";"6";"1";"7";"D1250";"44,6856430000";" -0,8678020000"
"202100014291";"9";"10";"2021";"16:30";"1";"61";"61182";"1";"1";"1";"1";"RD201";"48,4716270000";" -0,0894570000"
"202100014292";"10";"10";"2021";"08:00";"3";"50";"50034";"2";"1";"5";"6";"D86 le bourg";"49,0905480000";" -1,0732380000"
"202100014293";"9";"10";"2021";"16:30";"1";"76";"76164";"1";"1";"1";"1";"D81";"49,5199430000";"0,6942200000"
"202100014294";"10";"10";"2021";"03:30";"3";"76";"76678";"1";"1";"5";"7";"D915";"49,6401380000";"1,4329520000"
"202100014295";"9";"10";"2021";"16:40";"1";"59";"59400";"2";"1";"1";"6";"60 Rue Victorine Deroide";"50,6490780000";"2,6401170000"
"202100014296";"8";"10";"2021";"08:55";"1";"67";"67218";"1";"1";"1";"2";"M353";"48,5029370000";"7,7182810000"
"202100014297";"9";"10";"2021";"08:45";"1";"91";"91534";"1";"1";"1";"7";"RN 118";"48,7157000000";"2,1727000000"
"202100014298";"8";"10";"2021";"20:45";"3";"91";"91661";"1";"1";"1";"7";"RD 188 CHEVREUSE";"48,6963870000";"2,2209810000"
"202100014299";"9";"10";"2021";"05:15";"3";"78";"78291";"1";"1";"1";"3";"A13";"48,9674800000";"1,7459100000"
"202100014300";"8";"10";"2021";"01:12";"5";"92";"92072";"1";"1";"1";"2";"N118";"48,8277327133";"2,2247686350"
"202100014301";"8";"10";"2021";"20:00";"5";"95";"95527";"1";"1";"1";"2";" A1";"49,0223090000";"2,5343760000"
"202100014302";"8";"10";"2021";"21:00";"3";"93";"93010";"1";"1";"1";"3";"AUTOROUTE A3";"48,9048000000";"2,4716200000"
"202100014303";"8";"10";"2021";"23:40";"3";"60";"60494";"1";"1";"1";"2";"AUTOROUTE A1";"49,1386929284";"2,5687451096"
"202100014304";"6";"10";"2021";"21:35";"3";"971";"97101";"2";"6";"1";"6";"JEAN  IGNACE (RUE) ";"16,2516600000";" -61,5207500000"
"202100014305";"8";"10";"2021";"14:20";"1";"76";"76391";"1";"1";"1";"6";"138 RN";"49,3270100000";"0,9095600000"
"202100014306";"7";"10";"2021";"10:00";"1";"76";"76351";"2";"2";"1";"6";"GEORGES LAFAURIE (RUE)";"49,5017600000";"0,1160200000"
"202100014307";"8";"10";"2021";"08:00";"1";"72";"72181";"2";"1";"1";"6";"CHURCHILL WINSTON (BD) NÂ° IMP 41 ET >";"47,9906300000";"0,2291600000"
"202100014308";"7";"10";"2021";"17:50";"1";"64";"64445";"2";"3";"1";"6";"RECTEUR JEAN SARRAILH";"43,3097620000";" -0,3698700000"
"202100014309";"7";"10";"2021";"19:40";"5";"45";"45004";"2";"3";"1";"3";"Rue de la LibÃ©ration";"47,9785300000";"2,7694300000"
"202100014310";"8";"10";"2021";"09:20";"1";"93";"93066";"1";"1";"1";"5";"AUTOROUTE A1";"48,9162304301";"2,3575208466"
"202100014311";"29";"07";"2021";"12:40";"1";"74";"74010";"2";"4";"1";"1";"SEMNOZ (ROUTE DU)";"45,8915000000";"6,1327300000"
"202100014312";"22";"07";"2021";"08:00";"1";"74";"74010";"2";"4";"1";"3";"PRELEVET (AVENUE DE)";"45,8992400000";"6,1027500000"
"202100014313";"8";"07";"2021";"14:28";"1";"74";"74010";"2";"1";"2";"6";"FIER (BOULEVARD DU))";"45,9191300000";"6,1185100000"
"202100014314";"11";"06";"2021";"06:54";"1";"74";"74010";"2";"1";"7";"3";"LOVERCHY (CIMETIERE/AVENUE)";"45,8933000000";"6,1156000000"
"202100014315";"8";"10";"2021";"19:25";"5";"974";"97411";"2";"2";"1";"3";"BOSSE (RUE DE L'AMIRAL)";" -20,8919200000";"55,4873200000"
"202100014316";"8";"10";"2021";"03:45";"5";"69";"69383";"2";"3";"1";"3";"BANNIERE (DE LA) (R)";"45,7565500000";"4,8557100000"
"202100014317";"8";"10";"2021";"16:30";"1";"69";"69259";"2";"6";"1";"3";"JEAN DUCLOS (R)";"45,6973500000";"4,8909600000"
"202100014318";"8";"10";"2021";"08:25";"1";"69";"69259";"2";"1";"1";"3";"SAVOIES (DES) (ALL)";"45,7171869292";"4,8594385386"
"202100014319";"8";"10";"2021";"05:40";"5";"69";"69383";"2";"2";"1";"3";"BONNEL (DE) (R)";"45,7616001292";"4,8453515768"
"202100014320";"8";"10";"2021";"18:35";"3";"972";"97213";"1";"1";"2";"3";"ROUTE DEPARTEMENTALE 3";"14,6036700000";" -60,9974600000"
"202100014321";"8";"10";"2021";"17:00";"1";"69";"69382";"2";"3";"1";"3";"DOCTEUR GAILLETON (DU) (Q)";"45,7502200000";"4,8314200000"
"202100014322";"8";"10";"2021";"16:45";"2";"69";"69389";"2";"9";"1";"6";"PLATEAU (DU) (AV)";"45,7845000000";"4,7947800000"
"202100014323";"8";"10";"2021";"16:50";"1";"69";"69081";"2";"1";"1";"2";"VERDUN (DE) (AV) ";"45,7737500000";"4,7878700000"
"202100014324";"8";"10";"2021";"08:15";"1";"69";"69389";"2";"2";"1";"6";"VINGT CINQUIEME R.T.S. (AV)";"45,7806100000";"4,8007500000"
"202100014325";"8";"10";"2021";"17:15";"1";"2B";"2B033";"2";"1";"1";"1";"TOUTES RUES";"42,7000600000";"9,4512300000"
"202100014326";"7";"10";"2021";"17:06";"1";"971";"97107";"2";"9";"1";"1";"GERMAIN ST RUF (AVENUE )";"16,0521923318";" -61,5622329712"
"202100014327";"8";"10";"2021";"09:20";"1";"971";"97105";"2";"2";"1";"6";"MAURICE MARIE-CLAIRE(RUE)";"15,9960300000";" -61,7305700000"
"202100014328";"7";"10";"2021";"17:20";"1";"2A";"2A004";"1";"3";"1";"3";"CALVI  ROUTE";"41,9585200000";"8,7805900000"
"202100014329";"7";"10";"2021";"19:00";"1";"91";"91570";"2";"1";"1";"1";"SAINTE GENEVIEVE (RUE)";"48,6383600000";"2,3149200000"
"202100014330";"7";"10";"2021";"10:00";"1";"91";"91691";"2";"1";"1";"2";"PIERRE BROSSOLETTE(RUE)";"48,7003700000";"2,4796700000"
"202100014331";"8";"10";"2021";"16:40";"1";"91";"91326";"2";"1";"1";"6";"MONTTESSUY (RUE DE)";"48,6860700000";"2,3836400000"
"202100014332";"8";"10";"2021";"15:40";"1";"91";"91479";"2";"1";"1";"6";"AV D ALSACE LORRAINE";"48,7086900000";"2,3681100000"
"202100014333";"7";"10";"2021";"12:50";"1";"91";"91223";"2";"3";"1";"3";"REPUBLIQUE (RUE DE LA)";"48,4326000000";"2,1686400000"
"202100014334";"7";"10";"2021";"07:53";"3";"87";"87065";"1";"1";"1";"3";"TOULOUSE (RUE DE)";"45,8001500000";"1,2954900000"
"202100014335";"7";"10";"2021";"13:52";"1";"87";"87085";"2";"1";"1";"6";"LEBON (RUE PHILIPPE)";"45,8809300000";"1,2788000000"