"Num_Acc";"jour";"mois";"an";"hrmn";"lum";"dep";"com";"agg";"int";"atm";"col";"adr";"lat";"long"
"202100014336";"6";"10";"2021";"16:18";"1";"87";"87050";"1";"3";"1";"3";"RN520 (COUZEIX)";"45,8924330000";"1,2516420000"
"202100014337";"7";"10";"2021";"18:45";"2";"83";"83126";"2";"1";"1";"6";"BRUN (AV ROBERT)";"43,1161700000";"5,8717900000"
"202100014338";"8";"10";"2021";"19:05";"2";"78";"78029";"1";"1";"1";"2";"AVENUE DE L'UNION";"48,9602300000";"1,8439900000"
"202100014339";"8";"10";"2021";"12:50";"1";"77";"77390";"2";"1";"1";"1";"D361";"48,7979200000";"2,6400900000"
"202100014340";"7";"10";"2021";"21:30";"3";"77";"77039";"2";"1";"1";"6";"D39";"48,5252600000";"2,5957700000"
"202100014341";"8";"10";"2021";"17:50";"1";"77";"77333";"2";"1";"1";"1";"RUE DES CHAUDINS";"48,2616800000";"2,7035000000"
"202100014342";"8";"10";"2021";"09:00";"1";"76";"76540";"2";"2";"1";"3";"SAINT GERVAIS. CAVEE";"49,4499100000";"1,0838100000"
"202100014343";"8";"10";"2021";"19:15";"5";"69";"69266";"2";"2";"1";"3";"GENAS (DE) (RTE)";"45,7485555702";"4,9176887423"
"202100014344";"8";"10";"2021";"19:10";"5";"69";"69282";"2";"1";"1";"3";"FOYER FRANCAIS (DU) (AV)";"45,7766200000";"4,9937600000"
"202100014345";"7";"10";"2021";"10:40";"1";"69";"69264";"2";"1";"1";"3";"THIZY DE (R)";"45,9870500000";"4,7143900000"
"202100014346";"7";"10";"2021";"11:55";"1";"67";"67482";"2";"1";"1";"6";"PETITES FERMES (RUE DES)";"48,5801600000";"7,7134300000"
"202100014347";"7";"10";"2021";"14:50";"1";"66";"66136";"2";"6";"1";"3";"ALDUY (Paul)";"42,6699200000";"2,9050100000"
"202100014348";"7";"10";"2021";"13:19";"1";"66";"66136";"2";"3";"1";"3";"CABRIT IMPASSE RUE JOSEPH";"42,6989100000";"2,8815200000"
"202100014349";"7";"10";"2021";"17:39";"1";"65";"65440";"2";"1";"1";"2";"ALSACE LORRAINE (AVENUE)";"43,2574930000";"0,0720780000"
"202100014350";"8";"10";"2021";"08:45";"1";"64";"64260";"2";"1";"7";"6";"IRANDATZ ( RUE D')";"43,3535510000";" -1,7733980000"
"202100014351";"8";"10";"2021";"12:40";"1";"64";"64122";"1";"1";"1";"6";"DASSAULT MARCEL (BD)";"43,4500400000";" -1,5597900000"
"202100014352";"7";"10";"2021";"15:15";"1";"64";"64122";"2";"1";"1";"6";"""KENNEDY (AVENUE DU PRESIDENT J,F)""";"43,4664230000";" -1,5539050000"
"202100014353";"7";"10";"2021";"20:00";"5";"64";"64024";"2";"1";"1";"3";"BIARRITZ (AVENUE DE)";"43,4806878885";" -1,5302786976"
"202100014354";"8";"10";"2021";"17:55";"1";"62";"62735";"2";"1";"1";"6";"LILLE ( ROUTE DE ) OU PETIT SAILLY";"50,5118300000";"2,7061900000"
"202100014355";"8";"10";"2021";"01:27";"3";"60";"60159";"2";"2";"1";"3";"Place Saint-ClÃ©ment";"49,4166400000";"2,8225300000"
"202100014356";"9";"10";"2021";"01:00";"5";"59";"59650";"2";"9";"8";"6";"VOLTAIRE (RUE)";"50,7112913585";"3,1963298562"
"202100014357";"8";"10";"2021";"18:20";"1";"59";"59512";"2";"9";"1";"6";"NATIONS UNIES (AVENUE DES)";"50,6941860000";"3,1766860000"
"202100014358";"8";"10";"2021";"19:00";"2";"59";"59350";"2";"2";"1";"3";"MAILLOTTE JEANNE RUE";"50,6321221508";"3,0626267195"
"202100014359";"8";"10";"2021";"09:20";"1";"59";"59636";"2";"3";"1";"3";"BONDUES RUE DE";"50,6874786876";"3,0612813571"
"202100014360";"7";"10";"2021";"23:15";"5";"59";"59328";"2";"2";"1";"3";"BONTE AUGUSTE RUE";"50,6450700000";"3,0223600000"
"202100014361";"6";"10";"2021";"17:59";"1";"57";"57672";"2";"1";"2";"1";"ASIE (CHAUSSEE D') - IMPAIR";"49,3639687000";"6,1469658000"
"202100014362";"8";"10";"2021";"07:30";"2";"54";"54304";"2";"2";"1";"6";"RESISTANCE (AV. DE LA -PAIR-)";"48,6941944420";"6,1316525490"
"202100014363";"8";"10";"2021";"06:05";"5";"54";"54395";"2";"1";"1";"7";"LEOPOLD (COURS)";"48,6962900000";"6,1761750000"
"202100014364";"8";"10";"2021";"14:12";"1";"51";"51454";"2";"2";"1";"1";"Boulevard Paul Doumer";"49,2467999543";"4,0298945752"
"202100014365";"8";"10";"2021";"08:22";"1";"49";"49007";"2";"1";"1";"2";"CARNOT";"47,4752400000";" -0,5488100000"
"202100014366";"6";"10";"2021";"11:40";"1";"44";"44184";"2";"1";"1";"3";"ETANG (ROUTE DE L')";"47,2874800000";" -2,2669900000"
"202100014367";"8";"10";"2021";"07:33";"5";"41";"41047";"2";"1";"1";"6";"RD 2152";"47,6208000000";"1,3697400000"
"202100014368";"8";"10";"2021";"20:45";"5";"37";"37261";"2";"1";"1";"6";"HEURTELOUP (BOULEVARD)";"47,3912044567";"0,6968679537"
"202100014369";"8";"10";"2021";"13:56";"1";"37";"37122";"1";"1";"1";"2";"RD 37";"47,3549592066";"0,6457468718"
"202100014370";"8";"10";"2021";"08:35";"1";"37";"37261";"2";"1";"1";"7";"GAUTHIER (RUE MARCEL)";"47,4047384734";"0,7109922767"
"202100014371";"7";"10";"2021";"17:15";"1";"37";"37261";"1";"1";"1";"5";"DANEMARK (AVENUE DU)";"47,4301909918";"0,6830937825"
"202100014372";"7";"10";"2021";"06:45";"4";"37";"37122";"2";"1";"1";"3";"RD 37";"47,3507967460";"0,6460357737"
"202100014373";"8";"10";"2021";"13:45";"1";"35";"35281";"1";"1";"1";"2";"ROCADE 11-12";"48,0868010000";" -1,7006680000"
"202100014374";"8";"10";"2021";"08:35";"1";"35";"35238";"2";"1";"1";"2";"SAINT-HELIER";"48,1073600000";" -1,6659100000"
"202100014375";"6";"10";"2021";"13:54";"1";"34";"34172";"2";"1";"1";"5";"BLUM (RUE LEON)";"43,6080090000";"3,8905890000"
"202100014376";"7";"10";"2021";"14:00";"1";"34";"34032";"2";"3";"1";"6";"RHIN ET DANUBE (AV.)";"43,3551500000";"3,2369700000"
"202100014377";"8";"10";"2021";"20:00";"4";"33";"33063";"2";"3";"1";"1";"Quai de Brazza";"44,8551900000";" -0,5509600000"
"202100014378";"8";"10";"2021";"12:05";"1";"33";"33167";"1";"6";"1";"3";"Route de Bergerac";"44,8431000000";" -0,5039200000"
"202100014379";"8";"10";"2021";"18:00";"1";"31";"31069";"2";"1";"1";"7";"GRAND NOBLE (PORTE DU)";"43,6390300000";"1,3763000000"
"202100014380";"8";"10";"2021";"11:15";"1";"30";"30007";"2";"1";"1";"6";"CARNOT (AVE)";"44,1213000000";"4,0871000000"
"202100014381";"8";"10";"2021";"19:04";"1";"29";"29019";"2";"3";"1";"3";"Rue de Kermenguy";"48,4039080000";" -4,5003160000"
"202100014382";"7";"10";"2021";"20:00";"2";"29";"29019";"2";"3";"1";"1";"Boulevard de lâEurope";"48,4161501076";" -4,4683113096"
"202100014383";"8";"10";"2021";"16:10";"1";"27";"27375";"2";"3";"1";"3";"CHURCHILL (AVENUE WINSTON)";"49,2266790000";"1,1683348000"
"202100014384";"8";"10";"2021";"09:45";"1";"26";"26362";"2";"3";"1";"6";"49 Rue Madier de Montjau";"44,9326740000";"4,8938940000"
"202100014385";"1";"10";"2021";"16:30";"1";"26";"26362";"2";"1";"1";"3";"101 Boulevard MarÃ©chal Juin";"44,9130900000";"4,8980010000"
"202100014386";"8";"10";"2021";"21:42";"5";"26";"26198";"2";"3";"1";"6";"2 Rue de la LibÃ©ration";"44,5429570000";"4,7466910000"
"202100014387";"8";"10";"2021";"09:00";"1";"26";"26198";"2";"1";"1";"1";"15 Av John Fitzgerald Kennedy";"44,5537500000";"4,7444300000"
"202100014388";"8";"10";"2021";"08:03";"1";"22";"22278";"2";"1";"1";"3";"CHAPTAL";"48,5094300000";" -2,7345100000"
"202100014389";"8";"10";"2021";"16:28";"1";"21";"21054";"2";"6";"7";"3";"SEURRE (ROUTE DE)";"47,0197500000";"4,8472200000"
"202100014390";"4";"10";"2021";"05:45";"5";"19";"19031";"2";"1";"1";"1";"GRIVEL (BOULEVARD AMIRAL)";"45,1554100000";"1,5401300000"
"202100014391";"8";"10";"2021";"06:40";"5";"14";"14118";"2";"1";"1";"6";"FRANCAISE (AVENUE DE LA 1ERE ARMEE)";"49,1886800000";" -0,3829700000"
"202100014392";"8";"10";"2021";"10:50";"1";"13";"13019";"2";"1";"1";"2";"TRAVERSE DE LA FERIGOULO";"43,4607100000";"5,3539900000"
"202100014393";"8";"10";"2021";"08:45";"1";"13";"13211";"2";"1";"1";"5";"PEINTRES ROUX (avenue)";"43,3043830050";"5,4720342760"
"202100014394";"8";"10";"2021";"06:45";"5";"13";"13205";"2";"1";"1";"2";"BAILLE (BOULEVARD)";"43,2889100000";"5,3954500000"
"202100014395";"8";"10";"2021";"20:24";"5";"13";"13005";"2";"1";"1";"6";"MANOUCHIAN (AVENUE)";"43,2869100000";"5,5486100000"
"202100014396";"8";"10";"2021";"08:05";"1";"13";"13070";"2";"1";"1";"6";"VOLTAIRE (BOULEVARD)";"43,2813929342";"5,5167814853"
"202100014397";"6";"10";"2021";"08:05";"1";"13";"13004";"1";"1";"1";"3";"RTE N113 MARSEILLE A BORBEAUX";"43,6692200000";"4,6260900000"
"202100014398";"7";"10";"2021";"16:38";"1";"05";"05061";"2";"6";"1";"4";"Boulevard dâOrient";"44,5642100000";"6,1003400000"
"202100014399";"8";"10";"2021";"19:00";"2";"75";"75116";"2";"1";"1";"2";"BOULEVARD PERIPHERIQUE";"48,8602770000";"2,2633730000"
"202100014400";"8";"10";"2021";"22:15";"5";"75";"75116";"2";"2";"1";"3";"AVENUE KLEBER";"48,8689070000";"2,2915050000"
"202100014401";"7";"10";"2021";"14:03";"1";"75";"75116";"2";"7";"1";"5";"PLACE CLEMENT ADER";"48,8513190000";"2,2784790000"
"202100014402";"8";"10";"2021";"16:40";"1";"75";"75106";"2";"1";"1";"6";"RUE DAUPHINE";"48,8557490000";"2,3401950000"
"202100014403";"7";"10";"2021";"08:30";"1";"75";"75105";"2";"1";"1";"6";"RUE SAINT JACQUES";"48,8519150000";"2,3461450000"
"202100014404";"8";"10";"2021";"17:05";"1";"75";"75117";"2";"1";"1";"2";"RUE DE LEVIS";"48,8841910000";"2,3128530000"
"202100014405";"7";"10";"2021";"17:40";"1";"75";"75117";"2";"2";"1";"4";"AVENUE DES TERNES";"48,8786430000";"2,2942260000"
"202100014406";"8";"10";"2021";"14:45";"1";"75";"75116";"2";"7";"1";"3";"PLACE CHARLES DE GAULLE";"48,8737260000";"2,2941390000"
"202100014407";"7";"10";"2021";"19:30";"5";"75";"75115";"2";"1";"1";"3";"AVENUE FELIX FAURE";"48,8390530000";"2,2828260000"
"202100014408";"7";"10";"2021";"18:10";"1";"75";"75115";"2";"2";"1";"3";"RUE DE LA CONVENTION";"48,8411000000";"2,2879430000"
"202100014409";"7";"10";"2021";"22:50";"5";"75";"75114";"2";"3";"1";"3";"AVENUE DU MAINE";"48,8401210000";"2,3218010000"
"202100014410";"8";"10";"2021";"09:23";"1";"75";"75113";"2";"3";"1";"3";"BOULEVARD SAINT MARCEL";"48,8371480000";"2,3530300000"
"202100014411";"8";"10";"2021";"16:40";"1";"75";"75112";"2";"3";"1";"3";"RUE CORBINEAU";"48,8385930000";"2,3812210000"
"202100014412";"8";"10";"2021";"15:10";"1";"75";"75111";"2";"1";"1";"6";"BOULEVARD VOLTAIRE";"48,8663880000";"2,3657040000"
"202100014413";"8";"10";"2021";"14:00";"1";"75";"75111";"2";"2";"1";"6";"RUE OBERKAMPF";"48,8670370000";"2,3827420000"
"202100014414";"7";"10";"2021";"20:35";"5";"75";"75108";"2";"7";"1";"3";"AVENUE DES CHAMPS ELYSEES";"48,8677998000";"2,3139060000"
"202100014415";"8";"10";"2021";"16:45";"1";"75";"75104";"2";"2";"1";"3";"RUE DE RIVOLI";"48,8559560000";"2,3579830000"
"202100014416";"8";"10";"2021";"13:10";"1";"75";"75102";"2";"3";"1";"3";"BOULEVARD DES ITALIENS";"48,8714310000";"2,3368910000"
"202100014417";"8";"10";"2021";"15:50";"1";"94";"94081";"2";"3";"1";"3";"ABBE ROGER DERRY (AV DE L)";"48,7907930000";"2,3911160000"
"202100014418";"8";"10";"2021";"20:30";"5";"94";"94067";"2";"2";"1";"3";"Avenue Daumesnil";"48,8464100000";"2,4174800000"
"202100014419";"8";"10";"2021";"20:55";"5";"94";"94078";"2";"1";"1";"4";"Rue de Paris";"48,7364195561";"2,4466950886"
"202100014420";"6";"10";"2021";"16:15";"1";"94";"94068";"2";"2";"1";"3";"Avenue de lâAlma";"48,7860100000";"2,4952300000"
"202100014421";"8";"10";"2021";"06:15";"5";"94";"94015";"2";"3";"1";"6";"PASTEUR (BD)";"48,8325900000";"2,5278300000"
"202100014422";"7";"10";"2021";"12:20";"1";"94";"94042";"2";"1";"1";"2";"Boulevard de Polangis";"48,8204800000";"2,4813700000"
"202100014423";"8";"10";"2021";"09:30";"1";"94";"94046";"2";"1";"1";"6";"Rue Victor Hugo";"48,7996900000";"2,4393500000"
"202100014424";"8";"10";"2021";"09:10";"1";"94";"94021";"2";"2";"1";"3";"rue de Toulouse";"48,7617040000";"2,3517760000"
"202100014425";"6";"10";"2021";"15:30";"1";"94";"94033";"2";"1";"1";"3";"MARAIS (R DES)";"48,8579000000";"2,4917900000"
"202100014426";"7";"10";"2021";"16:05";"1";"94";"94028";"2";"1";"1";"2";"TASSIGNY(AVE DU MARECHAL DE LATTRE DE)";"48,8010300000";"2,4550200000"
"202100014427";"6";"10";"2021";"12:55";"1";"94";"94028";"2";"9";"1";"3";"Rue Saussure";"48,7697574754";"2,4717944560"
"202100014428";"8";"10";"2021";"09:14";"1";"94";"94077";"2";"2";"1";"3";"Avenue de la RÃ©publique";"48,7322400000";"2,4088400000"
"202100014429";"7";"10";"2021";"16:35";"1";"94";"94017";"2";"1";"1";"6";"BOIS L ABBE (R DU)";"48,8110000000";"2,5397200000"
"202100014430";"8";"10";"2021";"09:05";"1";"94";"94071";"2";"3";"1";"6";"Rue du Grand Val";"48,7737900000";"2,5172200000"
"202100014431";"8";"10";"2021";"18:18";"1";"93";"93066";"2";"1";"1";"3";"PHARMA. CINGALA 40 BD JULES GUESDE";"48,9363380000";"2,3499920000"
"202100014432";"8";"10";"2021";"09:47";"1";"93";"93053";"2";"9";"1";"1";"PARIS (RUE DE)";"48,8987700000";"2,4437100000"
"202100014433";"8";"10";"2021";"20:25";"5";"93";"93045";"2";"1";"1";"3";"JUIN AVENUE DU MARECHAL";"48,8787300000";"2,4223400000"
"202100014434";"8";"10";"2021";"14:45";"1";"93";"93063";"2";"6";"1";"2";"BRANLY BD EDOUARD";"48,8739632001";"2,4404792383"
"202100014435";"8";"10";"2021";"14:00";"1";"93";"93045";"2";"1";"1";"6";"PARIS RUE DE";"48,8822200000";"2,4238600000"
"202100014436";"8";"10";"2021";"09:30";"1";"93";"93006";"2";"2";"1";"3";"STALINGRAD AV.";"48,8711365121";"2,4311127652"
"202100014437";"8";"10";"2021";"21:30";"5";"93";"93029";"2";"2";"1";"3";"MAURICE NILES (PLACE)";"48,9270359362";"2,4384373585"
"202100014438";"8";"10";"2021";"12:35";"1";"93";"93005";"2";"6";"1";"6";"GENERAL LECLERC (PLACE DU)";"48,9276074428";"2,4904458984"
"202100014439";"8";"10";"2021";"17:00";"1";"93";"93001";"2";"1";"1";"1";"EDGARD QUINET (RUE)";"48,9164100000";"2,3773800000"
"202100014440";"8";"10";"2021";"08:40";"1";"93";"93001";"2";"7";"1";"6";"REPUBLIQUE (AVE DE LA ) => NO 41/50";"48,9108511300";"2,3849902972"
"202100014441";"8";"10";"2021";"17:10";"1";"92";"92073";"2";"1";"1";"6";"JAURES (AVENUE JEAN)";"48,8644523856";"2,2076457739"
"202100014442";"8";"10";"2021";"16:50";"1";"92";"92072";"2";"1";"7";"5";"GRANDE RUE";"48,8267956219";"2,2205083072"
"202100014443";"8";"10";"2021";"20:30";"5";"92";"92047";"2";"1";"1";"3";"RAYMOND POINCARE";"48,8383799864";"2,1848376095"
"202100014444";"8";"10";"2021";"18:00";"1";"92";"92064";"2";"1";"1";"2";"GOUNOD";"48,8428410000";"2,2119690000"
"202100014445";"8";"10";"2021";"12:47";"1";"92";"92064";"2";"3";"1";"3";"MONT VALERIEN";"48,8524770000";"2,2162890000"
"202100014446";"8";"10";"2021";"18:25";"1";"92";"92062";"2";"3";"1";"3";"BAS-ROGERS (RUE DES) NÂ° 2 AU 38";"48,8797974494";"2,2338509560"
"202100014447";"8";"10";"2021";"21:35";"5";"92";"92049";"2";"3";"1";"6";"REPUBLIQUE AVENUE DE LA NÂ°92 A FIN";"48,8146384461";"2,3172029506"
"202100014448";"8";"10";"2021";"13:45";"1";"92";"92044";"2";"3";"1";"6";"MARIUS AUFAN(RUE) 1A67 ET 2A78";"48,8883682480";"2,2868353128"
"202100014449";"8";"10";"2021";"13:05";"1";"92";"92036";"2";"2";"1";"3";"LOUIS ROCHE (AVENUE) (1/45)";"48,9233604648";"2,3213151097"
"202100014450";"8";"10";"2021";"10:55";"1";"92";"92026";"2";"1";"1";"6";"MARCEAU";"48,9002724446";"2,2450411320"
"202100014451";"6";"10";"2021";"17:40";"1";"92";"92025";"2";"1";"1";"3";"CHARLES DE GAULLE (BD)";"48,9142100000";"2,2295680000"
"202100014452";"8";"10";"2021";"17:20";"1";"92";"92019";"2";"1";"1";"6";"VERNE JULES (RUE)";"48,7673813373";"2,2686311603"
"202100014453";"8";"10";"2021";"21:00";"5";"92";"92004";"2";"1";"1";"6";"PONT DE CLICHY";"48,9102159496";"2,2992324829"
"202100014454";"8";"10";"2021";"23:35";"3";"14";"14427";"1";"1";"1";"6";"le pont des vers";"48,8510840000";" -0,3896710000"
"202100014455";"8";"10";"2021";"12:15";"1";"51";"51649";"1";"3";"1";"3";"Avenue Jean Juif";"48,7213590600";"4,6047406500"
"202100014456";"8";"10";"2021";"07:50";"1";"51";"51122";"1";"3";"1";"1";"D982/D60";"48,7734701904";"4,6787756681"
"202100014457";"10";"09";"2021";"08:40";"2";"13";"13078";"2";"1";"2";"1";"Avenue du Port";"43,3919390000";"4,7997380000"
"202100014458";"9";"10";"2021";"08:40";"1";"35";"35125";"2";"3";"1";"6";"Rue du 8 Mai";"47,9434540000";" -1,2323410000"
"202100014459";"8";"10";"2021";"23:20";"4";"974";"97414";"2";"1";"2";"6";"25 Rue Leconte de Lisle";" -21,2749580000";"55,4148890000"
"202100014460";"9";"10";"2021";"15:25";"1";"14";"14098";"1";"1";"1";"6";"RN 13 PK 081+800";"49,2182980000";" -0,5357980000"
"202100014461";"8";"10";"2021";"10:00";"1";"974";"97413";"2";"1";"1";"1";"8b Rue Adrien Lagourgue";" -21,2148600000";"55,3060230000"
"202100014462";"8";"10";"2021";"18:20";"2";"34";"34088";"1";"1";"1";"1";"Avenue de la Gare du Midi";"43,5507600000";"3,7298740000"
"202100014463";"9";"10";"2021";"10:55";"1";"69";"69046";"2";"1";"1";"3";"SAINT-ABDON (DE) (RTE)";"45,6644714561";"4,7933861947"
"202100014464";"8";"10";"2021";"15:00";"1";"31";"31157";"2";"1";"1";"6";"Route de Portet";"43,5336440000";"1,3644300000"
"202100014465";"9";"10";"2021";"14:30";"1";"51";"51183";"1";"1";"1";"3";"D966";"49,3112050000";"4,0232710000"
"202100014466";"9";"10";"2021";"08:20";"1";"59";"59533";"1";"1";"5";"1";"D942";"50,1908240000";"3,3997430000"
"202100014467";"8";"10";"2021";"17:50";"1";"59";"59094";"2";"3";"7";"3";"124 Rue de Bergues";"50,9490638042";"2,2126078606"
"202100014468";"9";"10";"2021";"11:40";"1";"76";"76738";"1";"1";"7";"3";"D919";"49,5825040000";"1,3036390000"
"202100014469";"29";"07";"2021";"17:30";"1";"2B";"2B046";"2";"1";"1";"7";"Porticciolo";"42,8713580000";"9,4779850000"
"202100014470";"9";"10";"2021";"20:00";"3";"80";"80486";"1";"1";"1";"7";"D32";"50,0489140000";"1,9857790000"
"202100014471";"8";"10";"2021";"10:00";"1";"32";"32256";"2";"3";"1";"3";"Avenue de Chanzy (N21)";"43,5114890000";"0,4042810000"
"202100014472";"9";"10";"2021";"15:10";"1";"61";"61422";"1";"1";"1";"3";"Lieu Dit Percher";"48,6969940000";"0,6361560000"
"202100014473";"9";"10";"2021";"09:55";"1";"61";"61208";"1";"4";"1";"7";"Route de Bresolette";"48,6535550000";"0,6735830000"
"202100014474";"8";"10";"2021";"16:45";"1";"42";"42006";"1";"1";"1";"6";"Route dâUsson";"45,3839160000";"3,9914920000"
"202100014475";"8";"10";"2021";"16:50";"1";"47";"47216";"1";"2";"1";"3";"Renard";"44,5070040000";"0,2807250000"
"202100014476";"9";"10";"2021";"15:30";"1";"34";"34228";"1";"1";"1";"6";"D907";"43,4112980000";"2,7461310000"
"202100014477";"8";"10";"2021";"17:55";"1";"34";"34140";"2";"1";"1";"6";"369 Avenue Jean Moulin";"43,3855890000";"3,1696630000"
"202100014478";"8";"10";"2021";"14:45";"1";"22";"22042";"1";"1";"1";"1";"Penn Ar Hra";"48,7544170000";" -3,3144110000"
"202100014479";"8";"10";"2021";"22:30";"3";"22";"22101";"1";"1";"1";"7";"Porz Ru";"48,7475743525";" -3,3184547430"
"202100014480";"9";"10";"2021";"09:45";"1";"22";"22137";"1";"1";"1";"1";"Keroguiou";"48,2731970000";" -3,4448950000"
"202100014481";"8";"10";"2021";"11:30";"1";"25";"25148";"1";"1";"1";"6";"D437";"47,1114710000";"6,6904740000"
"202100014482";"9";"10";"2021";"04:45";"5";"25";"25112";"2";"9";"1";"6";"Route de Belfort";"47,2634900000";"6,0559020000"
"202100014483";"9";"10";"2021";"11:10";"1";"29";"29208";"1";"2";"1";"1";"Lieu Dit Kerguerezen";"48,5063200000";" -4,6621080000"
"202100014484";"9";"10";"2021";"07:30";"3";"31";"31144";"1";"1";"1";"6";"RD 125";"42,9183910000";"0,6471790000"
"202100014485";"8";"10";"2021";"16:35";"1";"03";"03193";"1";"1";"1";"3";"D2144 PK 036+400";"46,5028900000";"2,6287310000"
"202100014486";"29";"09";"2021";"18:10";"1";"01";"01273";"2";"1";"1";"7";"Route de Chateauvieux";"46,0886540000";"5,3586780000"
"202100014487";"8";"10";"2021";"21:00";"4";"70";"70111";"1";"1";"1";"7";"N19";"47,6429800000";"6,2824790000"
"202100014488";"9";"10";"2021";"14:35";"1";"66";"66016";"1";"1";"1";"1";"D914";"42,4780950000";"3,1427340000"
"202100014489";"8";"10";"2021";"11:30";"1";"54";"54146";"1";"1";"1";"1";"route dÃ©partementale 674";"48,5783107172";"5,8872985840"
"202100014490";"9";"10";"2021";"06:15";"3";"54";"54073";"1";"1";"1";"3";"route dÃ©partementale 904";"48,6307033944";"5,9087669844"
"202100014491";"7";"10";"2021";"00:30";"3";"06";"06148";"1";"1";"1";"6";"1475 Route de Grasse";"43,7099410000";"7,0514120000"
"202100014492";"9";"10";"2021";"17:15";"1";"50";"50252";"1";"1";"7";"3";"Village Courtoise";"48,8870160000";" -1,4598410000"
"202100014493";"9";"10";"2021";"14:20";"1";"60";"60681";"1";"1";"1";"7";"Route d Ons En Bray";"49,4084938784";"1,9472215642"
"202100014494";"8";"10";"2021";"17:00";"1";"18";"18159";"1";"2";"1";"3";"D29";"47,3177740000";"2,1477790000"
"202100014495";"8";"10";"2021";"17:55";"1";"18";"18087";"2";"6";"7";"6";"RD 14";"46,8826900000";"2,5652330000"
"202100014496";"8";"10";"2021";"16:45";"1";"10";"10224";"2";"1";"1";"2";"7 Rue Roger Salengro";"48,4053280000";"3,7369270000"
"202100014497";"9";"10";"2021";"10:25";"1";"53";"53007";"1";"3";"1";"2";"Lieu-dit la carie";"48,0909410000";" -0,6662870000"
"202100014498";"9";"10";"2021";"15:35";"1";"85";"85216";"2";"4";"1";"3";"D137";"46,4797670000";" -1,1120010000"
"202100014499";"8";"10";"2021";"14:48";"1";"27";"27133";"1";"1";"1";"6";"Route Nationale";"49,3549230000";"0,8994140000"
"202100014500";"9";"10";"2021";"19:45";"2";"17";"17256";"1";"1";"1";"6";"D129";"45,8579250000";" -0,4627510000"
"202100014501";"9";"10";"2021";"15:10";"1";"08";"08363";"2";"3";"1";"1";"Avenue Danton";"49,9386200000";"4,6406290000"
"202100014502";"8";"10";"2021";"15:30";"1";"31";"31291";"1";"1";"1";"1";"D37";"43,5765360000";"1,2123850000"
"202100014503";"2";"10";"2021";"10:45";"1";"69";"69044";"2";"3";"1";"3";"LAMARTINE (AV)";"45,7817780000";"4,7380710000"
"202100014504";"6";"10";"2021";"12:10";"1";"69";"69112";"2";"1";"1";"6";"NOUVELLE ROUTE";"45,8146340000";"4,6631440000"
"202100014505";"9";"10";"2021";"02:00";"3";"13";"13109";"1";"1";"1";"1";"autoroute A8";"43,5125800000";"5,4877570000"
"202100014506";"9";"10";"2021";"06:00";"3";"34";"34163";"1";"1";"1";"7";"1919 Route de Saint-Paul";"43,6332180000";"3,6931070000"
"202100014507";"8";"10";"2021";"16:15";"1";"973";"97311";"1";"1";"1";"1";"7489 Avenue Christophe Colomb (route de saint jean)";"5,4354260000";" -54,0376710000"
"202100014508";"9";"10";"2021";"07:50";"2";"95";"95169";"1";"1";"1";"6";"RD 43";"49,1322860000";"1,8880500000"
"202100014509";"9";"10";"2021";"10:30";"1";"78";"78588";"1";"2";"1";"3";"D11";"48,8424780000";"1,8413690000"
"202100014510";"9";"10";"2021";"19:45";"3";"83";"83016";"1";"1";"1";"1";"D 26";"43,2073289745";"5,7930564880"
"202100014511";"9";"10";"2021";"16:58";"1";"05";"05052";"2";"2";"1";"3";"Route nationale 94";"44,6783880000";"6,6161300000"
"202100014512";"9";"10";"2021";"06:00";"3";"13";"13066";"1";"1";"1";"6";"D30";"43,8460510000";"4,8982340000"
"202100014513";"9";"10";"2021";"10:45";"1";"67";"67492";"1";"3";"1";"1";"D225";"48,5941580000";"7,4709500000"
"202100014514";"8";"10";"2021";"16:00";"1";"67";"67028";"2";"1";"1";"7";"49 Faubourg du Rhin";"48,3694510000";"7,6013910000"
"202100014515";"9";"10";"2021";"09:15";"1";"38";"38535";"1";"1";"1";"1";"Route DÃ©partementale 65B";"45,7744230000";"5,2598550000"
"202100014516";"8";"10";"2021";"18:55";"2";"69";"69140";"1";"1";"1";"3";"CHAZAY (DE) (RTE)";"45,8871137813";"4,7034481256"
"202100014517";"9";"10";"2021";"15:30";"1";"69";"69074";"1";"2";"1";"3";"MONTMELAS (DE) (RTE)";"46,0083570000";"4,6368850000"
"202100014518";"8";"10";"2021";"16:40";"1";"69";"69072";"2";"9";"1";"3";"PEUPLIERS (DES) (CHM)";"45,8143214514";"4,7582763433"
"202100014519";"29";"09";"2021";"08:00";"1";"09";"09282";"2";"1";"1";"1";"Rue du hippocrate le grand";"43,2408570000";"1,5729440000"
"202100014520";"9";"10";"2021";"15:50";"1";"49";"49294";"1";"1";"1";"5";"TerriÃ¨res";"47,4861030000";" -0,6505910000"
"202100014521";"8";"10";"2021";"18:40";"2";"22";"22050";"2";"1";"7";"6";"Rue de Brest";"48,4523230000";" -2,0596720000"
"202100014522";"9";"10";"2021";"11:30";"1";"76";"76718";"1";"1";"1";"3";"Route Departementale 6015";"49,6180300000";"0,7411910000"
"202100014523";"9";"10";"2021";"06:15";"3";"62";"62369";"1";"1";"5";"6";"D950";"50,3251830000";"2,8676570000"
"202100014524";"5";"10";"2021";"18:30";"2";"13";"13210";"1";"1";"1";"3";"A50-Sens Marseille vers Aubagne";"43,2839800000";"5,4033900000"
"202100014525";"8";"10";"2021";"08:10";"1";"83";"83137";"1";"1";"1";"4";"BRETELLE17  ACCES TOULON CENTRE N -T";"43,1211800000";"5,9521200000"