"Num_Acc";"jour";"mois";"an";"hrmn";"lum";"dep";"com";"agg";"int";"atm";"col";"adr";"lat";"long"
"202100014526";"7";"10";"2021";"13:20";"1";"69";"69029";"1";"1";"1";"6";"RD383 ";"45,7252600000";"4,8960700000"
"202100014527";"8";"10";"2021";"18:00";"1";"91";"91553";"1";"1";"1";"2";"RN 104";"48,6317340000";"2,5038000000"
"202100014528";"8";"10";"2021";"14:00";"1";"91";"91471";"1";"1";"1";"2";"RN 118";"48,7075000000";"2,1906100000"
"202100014529";"8";"10";"2021";"16:40";"1";"92";"92050";"1";"1";"1";"3";"A86";"48,9075479699";"2,2127471953"
"202100014530";"8";"10";"2021";"14:30";"1";"92";"92072";"1";"1";"1";"7";"N118";"48,8151379116";"2,2146828412"
"202100014531";"8";"10";"2021";"06:05";"4";"92";"92025";"1";"1";"1";"3";"A86";"48,9286506492";"2,2394569664"
"202100014532";"8";"10";"2021";"08:45";"1";"92";"92062";"1";"1";"1";"2";"RN1014 W";"48,8882278311";"2,2491295607"
"202100014533";"8";"10";"2021";"17:50";"1";"95";"95488";"1";"1";"1";"3";" A15";"49,0213432664";"2,1365176404"
"202100014534";"8";"10";"2021";"09:00";"1";"95";"95277";"1";"1";"1";"6";" A3";"48,9780550000";"2,4948610000"
"202100014535";"8";"10";"2021";"08:00";"1";"93";"93007";"1";"1";"1";"2";"AUTOROUTE A3";"48,9268310000";"2,4811070000"
"202100014536";"8";"10";"2021";"21:20";"3";"94";"94017";"1";"1";"1";"2";"A4";"48,8299683308";"2,4970322965"
"202100014537";"8";"10";"2021";"21:00";"3";"94";"94069";"1";"1";"1";"4";"A4";"48,8176026373";"2,4211764336"
"202100014538";"8";"10";"2021";"18:30";"2";"77";"77468";"1";"1";"1";"2";"A4.W";"48,8324790000";"2,6634010000"
"202100014539";"8";"10";"2021";"14:00";"1";"94";"94033";"1";"1";"1";"5";"A86.INT";"48,8593412312";"2,4862010980"
"202100014540";"6";"10";"2021";"16:50";"1";"59";"59343";"2";"1";"1";"2";"JAURES JEAN RUE";"50,5850733575";"3,1042626500"
"202100014541";"7";"10";"2021";"08:15";"1";"38";"38185";"2";"1";"1";"3";"RUE DES ALLIÃS";"45,1694200000";"5,7305300000"
"202100014542";"26";"06";"2021";"16:00";"1";"74";"74183";"1";"1";"1";"1";"Rte de Sommand";"46,1553700000";"6,5136050000"
"202100014543";"27";"06";"2021";"22:00";"5";"74";"74002";"1";"1";"1";"1";"D1201";"45,8190050000";"6,0047360000"
"202100014544";"7";"10";"2021";"17:50";"1";"988";"98818";"2";"3";"1";"3";"ROUTE DE L'AQUARIUM/PROMENADE ROGER LAROQUE";" -22,3027500000";"166,4385400000"
"202100014545";"6";"10";"2021";"07:15";"1";"974";"97411";"2";"1";"1";"6";"LORY LES BAS (RUE)";" -20,8895273216";"55,4821443556"
"202100014546";"6";"10";"2021";"14:50";"1";"974";"97407";"2";"1";"1";"2";"VERDUN (BOULEVARD)";" -20,9398800000";"55,2952200000"
"202100014547";"7";"10";"2021";"20:10";"5";"69";"69386";"2";"1";"1";"6";"BROTTEAUX (DES) (BD)";"45,7686592908";"4,8569977283"
"202100014548";"7";"10";"2021";"16:45";"1";"69";"69388";"2";"3";"1";"6";"PAUL CAZENEUVE (R)";"45,7340052465";"4,8627722729"
"202100014549";"7";"10";"2021";"13:35";"1";"69";"69259";"2";"1";"1";"2";"PIERRE SEMARD (AV)";"45,7086600000";"4,8761600000"
"202100014550";"7";"10";"2021";"11:19";"1";"69";"69387";"2";"3";"1";"3";"TONY GARNIER (AV)";"45,7262000000";"4,8377000000"
"202100014551";"7";"10";"2021";"22:15";"4";"69";"69034";"2";"1";"1";"2";"BOUCLE (DE LA) (MO)";"45,7828000000";"4,8358900000"
"202100014552";"7";"10";"2021";"17:20";"1";"69";"69381";"2";"1";"1";"1";"LUCIEN SPORTISSE (R)";"45,7703199374";"4,8307091285"
"202100014553";"7";"10";"2021";"14:30";"1";"69";"69142";"2";"1";"1";"7";"STEPHANE DECHANT (R)";"45,7233700000";"4,8121900000"
"202100014554";"7";"10";"2021";"08:50";"1";"69";"69382";"2";"5";"1";"4";"JULES COURMONT (Q)";"45,7603500000";"4,8379100000"
"202100014555";"7";"10";"2021";"04:05";"5";"69";"69389";"2";"1";"1";"6";"ST CYR (DE) (R)";"45,7966000000";"4,8171400000"
"202100014556";"7";"10";"2021";"15:00";"1";"971";"97113";"1";"1";"1";"6";"BAS DU FORT";"16,2159500000";" -61,5180800000"
"202100014557";"2";"10";"2021";"18:20";"1";"2A";"2A004";"2";"3";"1";"3";"PRINCE IMPERIAL COURS";"41,9342100000";"8,7475000000"
"202100014558";"6";"10";"2021";"18:00";"2";"95";"95424";"2";"1";"8";"6";"ESPÃRANCE(RUE DE L')";"49,0030900000";"2,2068200000"
"202100014559";"8";"10";"2021";"00:45";"5";"91";"91657";"2";"1";"1";"7";"ALL DE LA BOURBONNAIS";"48,7181580000";"2,4368050000"
"202100014560";"6";"10";"2021";"07:35";"1";"91";"91097";"2";"3";"1";"2";"RUE DE ROCHOPT";"48,6908970000";"2,5272260000"
"202100014561";"7";"10";"2021";"20:10";"5";"91";"91687";"2";"1";"1";"1";"DE FLEURY (ROUTE )";"48,6470700000";"2,3660200000"
"202100014562";"7";"10";"2021";"16:55";"1";"91";"91479";"2";"7";"1";"6";"PL HENRI BARBUSSE";"48,7129500000";"2,3624200000"
"202100014563";"7";"10";"2021";"08:48";"1";"91";"91027";"2";"9";"1";"3";"RTE NATIONALE 7";"48,7160600000";"2,3709200000"
"202100014564";"5";"10";"2021";"16:50";"1";"90";"90010";"2";"1";"1";"3";"LECLERC (AVENUE)";"47,6363400000";"6,8376600000"
"202100014565";"6";"10";"2021";"10:21";"1";"87";"87085";"2";"1";"1";"6";"LE GRECO (ALLEE)";"45,8457600000";"1,2326000000"
"202100014566";"28";"09";"2021";"07:50";"1";"84";"84031";"2";"9";"1";"3";"MISTRAL AVENUE FREDERIC";"44,0506300000";"5,0410400000"
"202100014567";"7";"10";"2021";"18:00";"1";"83";"83144";"1";"1";"1";"6";"BLANC (BD DR EUGENE)";"43,1370200000";"5,9994300000"
"202100014568";"7";"10";"2021";"07:40";"1";"83";"83137";"2";"1";"1";"6";"NOGUES (AVE DU GENERAL)";"43,1277940000";"5,9207890000"
"202100014569";"7";"10";"2021";"08:30";"1";"83";"83126";"2";"1";"7";"6";"MENDES FRANCE (AV PIERRE)";"43,1102550000";"5,8744700000"
"202100014570";"7";"10";"2021";"08:37";"1";"78";"78481";"2";"1";"1";"3";"SAINT GERMAIN (DE)";"48,8944190000";"2,1011990000"
"202100014571";"6";"10";"2021";"21:10";"3";"78";"78118";"1";"1";"1";"6";"Route dÃ©partementale 110";"48,9831570000";"1,6652360000"
"202100014572";"7";"10";"2021";"18:00";"1";"77";"77059";"2";"1";"1";"3";"D217B";"48,8501700000";"2,6635700000"
"202100014573";"6";"10";"2021";"17:45";"1";"76";"76305";"1";"1";"1";"7";"ESTUAIRE";"49,4578625851";"0,2096468210"
"202100014574";"6";"10";"2021";"09:10";"1";"76";"76351";"2";"4";"1";"6";"FELIX FAURE";"49,5017000000";"0,1164400000"
"202100014575";"7";"10";"2021";"07:55";"2";"76";"76349";"2";"2";"1";"3";"DIEPPE (ROUTE DE)";"49,9014700000";"1,0517300000"
"202100014576";"7";"10";"2021";"18:55";"1";"74";"74012";"2";"1";"8";"2";"LECLERC (AVENUE DU MARECHAL)";"46,1880000000";"6,2485200000"
"202100014577";"6";"10";"2021";"17:30";"1";"74";"74008";"2";"2";"2";"3";"GENEVE (RUE DE)";"46,1918200000";"6,2209700000"
"202100014578";"7";"10";"2021";"15:45";"1";"72";"72181";"1";"1";"1";"1";"BREGUET LOUIS (RUE)";"47,9759200000";"0,1661500000"
"202100014579";"7";"10";"2021";"08:25";"1";"72";"72181";"2";"1";"7";"1";"POINTE (RUE DE LA)";"47,9842000000";"0,1899200000"
"202100014580";"7";"10";"2021";"12:15";"1";"71";"71306";"2";"4";"1";"3";"OISEAUX (RUE DES)";"46,6707900000";"4,3618100000"
"202100014581";"7";"10";"2021";"15:10";"1";"71";"71475";"2";"1";"1";"6";"PONT PARON (PLACE DU)";"46,7735989244";"4,8331950701"
"202100014582";"7";"10";"2021";"14:15";"1";"69";"69275";"2";"1";"1";"6";"SULLY (R)";"45,7713000000";"4,9758400000"
"202100014583";"6";"10";"2021";"17:20";"1";"67";"67482";"2";"3";"2";"3";"WISSEMBOURG (RUE DE)";"48,5911900000";"7,7420800000"
"202100014584";"6";"10";"2021";"16:25";"1";"67";"67482";"2";"3";"2";"3";"LANGEVIN (RUE)";"48,6036180000";"7,7149240000"
"202100014585";"6";"10";"2021";"11:30";"1";"67";"67447";"2";"3";"1";"2";"SELESTAT (RUE DE)";"48,6101700000";"7,7394900000"
"202100014586";"7";"10";"2021";"09:52";"1";"66";"66136";"2";"3";"1";"6";"BOUSSIRON AVENUE SIMON";"42,6982500000";"2,9284700000"
"202100014587";"5";"10";"2021";"18:32";"1";"66";"66136";"2";"1";"1";"6";"MERCADER (BOULEVARD FELIX)";"42,6937000000";"2,8904900000"
"202100014588";"7";"10";"2021";"11:30";"1";"65";"65440";"2";"9";"1";"6";"MARNE (AVENUE DE LA)";"43,2317850000";"0,0857690000"
"202100014589";"7";"09";"2021";"12:20";"1";"64";"64445";"2";"2";"1";"3";"LOUP DU";"43,3147400000";" -0,3545000000"
"202100014590";"29";"09";"2021";"07:50";"5";"62";"62498";"2";"1";"2";"7";"LANOY (R RENE)";"50,4335120000";"2,8345470000"
"202100014591";"1";"10";"2021";"12:40";"1";"62";"62193";"2";"1";"2";"6";"VERON (RUE A.)";"50,9449110000";"1,8224670000"
"202100014592";"29";"09";"2021";"10:09";"1";"62";"62193";"2";"6";"1";"3";"LOIRE (QUAI DE LA)";"50,9564620000";"1,8642920000"
"202100014593";"3";"10";"2021";"23:30";"5";"62";"62755";"1";"1";"3";"6";"PETIT CAPORAL ( Lieudit)";"50,7039400000";"1,6292400000"
"202100014594";"7";"10";"2021";"15:40";"1";"59";"59599";"2";"2";"1";"3";"BRUN PAIN (RUE DU)";"50,7271900000";"3,1389200000"
"202100014595";"7";"10";"2021";"12:15";"1";"59";"59599";"2";"2";"7";"3";"TESTELIN (RUE ACHILLE)";"50,7346200000";"3,1853700000"
"202100014596";"7";"10";"2021";"08:00";"1";"59";"59599";"2";"1";"1";"6";"FOREST (CHAUSSEE FERNAND)";"50,7367990000";"3,1538100000"
"202100014597";"4";"10";"2021";"08:55";"1";"59";"59360";"2";"3";"1";"6";"POTIE GEORGES RUE";"50,6134900000";"3,0057300000"
"202100014598";"30";"09";"2021";"09:32";"1";"54";"54528";"2";"7";"9";"6";"TROIS EVECHES (PLACE DES )";"48,6738800000";"5,8901500000"
"202100014599";"6";"10";"2021";"11:57";"1";"51";"51454";"2";"1";"1";"3";"Rue de Betheny";"49,2660720222";"4,0451669611"
"202100014600";"7";"10";"2021";"07:55";"1";"51";"51454";"2";"2";"1";"3";"Rue Saint Maurice";"49,2470794136";"4,0415899984"
"202100014601";"6";"10";"2021";"08:31";"1";"49";"49007";"2";"1";"1";"6";"POMPIDOU ALLEE ET SQUARE";"47,4766000000";" -0,5428000000"
"202100014602";"7";"10";"2021";"17:20";"1";"45";"45284";"2";"1";"1";"6";"Avenue Louis-Joseph Soulas";"47,9080600000";"1,9682300000"
"202100014603";"7";"10";"2021";"08:50";"1";"45";"45284";"2";"3";"1";"3";"VERDUN (AVENUE DE)";"47,9254500000";"1,9941200000"
"202100014604";"7";"10";"2021";"13:40";"1";"44";"44109";"2";"1";"1";"3";"RUE DOS D'ANE";"47,1977300000";" -1,5421700000"
"202100014605";"6";"10";"2021";"16:48";"1";"37";"37261";"2";"1";"1";"3";"MAGINOT (AV. ANDRE)";"47,4103004187";"0,6828840282"
"202100014606";"5";"10";"2021";"04:20";"5";"37";"37261";"2";"7";"1";"6";"JAURES (PLACE JEAN)";"47,3900814189";"0,6889123845"
"202100014607";"7";"10";"2021";"06:50";"3";"35";"35051";"1";"1";"1";"3";"RN157";"48,1144181502";" -1,5582652688"
"202100014608";"7";"10";"2021";"10:25";"1";"33";"33063";"2";"7";"7";"3";"Cours de la Marne";"44,8286600000";" -0,5629300000"
"202100014609";"6";"10";"2021";"18:50";"2";"33";"33063";"2";"3";"1";"2";"Cours du Raccordement";"44,8657200000";" -0,5621300000"
"202100014610";"7";"10";"2021";"23:04";"5";"29";"29019";"2";"6";"1";"6";"Avenue Salaun Penquer";"48,3833500000";" -4,4855500000"
"202100014611";"7";"10";"2021";"06:50";"5";"29";"29019";"2";"2";"1";"1";"Boulevard Montaigne";"48,3997540000";" -4,4860970000"
"202100014612";"6";"10";"2021";"16:45";"1";"27";"27681";"2";"9";"1";"7";"PARIS (AVENUE DE)";"49,0858500000";"1,4976400000"
"202100014613";"7";"10";"2021";"16:30";"1";"25";"25056";"2";"1";"1";"3";"MONTBOUCONS CHEMIN DES";"47,2557420000";"5,9940080000"
"202100014614";"7";"10";"2021";"07:15";"5";"25";"25056";"2";"2";"1";"6";"BLUM  BOULEVARD LEON (inf 51)";"47,2633500000";"6,0473900000"
"202100014615";"7";"10";"2021";"15:00";"1";"17";"17300";"2";"1";"1";"2";"CARNOT   AVENUE";"46,1645000000";" -1,1799400000"
"202100014616";"7";"10";"2021";"09:10";"1";"17";"17300";"2";"1";"7";"6";"CARNOT   AVENUE";"46,1642200000";" -1,1763200000"
"202100014617";"6";"10";"2021";"17:00";"1";"13";"13043";"2";"1";"1";"2";"DEPARTEMENTALE 48 (RTE )";"43,3968000000";"5,2195300000"
"202100014618";"7";"10";"2021";"22:10";"3";"13";"13047";"1";"1";"1";"3";"RD 569";"43,5509300000";"4,9737600000"
"202100014619";"7";"10";"2021";"15:10";"1";"13";"13028";"2";"1";"1";"2";"FONTSAINTE (AVENUE DE)";"43,1901500000";"5,6369000000"
"202100014620";"7";"10";"2021";"07:45";"1";"13";"13005";"2";"3";"1";"3";"PAGNOL (AVENUE MARCEL)";"43,2958600000";"5,5695400000"
"202100014621";"6";"10";"2021";"18:20";"1";"10";"10081";"2";"1";"1";"1";"NECKARBISCHOFSHEIM (CD)";"48,3125600000";"4,0359000000"
"202100014622";"7";"10";"2021";"19:25";"3";"06";"06088";"2";"1";"1";"6";"JUSSIEU (R. DE)";"43,7022500000";"7,2538100000"
"202100014623";"7";"10";"2021";"09:30";"1";"06";"06069";"2";"1";"1";"2";"ORME (CHEMIN DE L')";"43,6498080000";"6,9448820000"
"202100014624";"10";"09";"2021";"07:06";"5";"02";"02168";"2";"9";"2";"6";"CARNOT (RUE)";"49,0420600000";"3,4040200000"
"202100014625";"7";"10";"2021";"14:35";"1";"01";"01053";"1";"1";"1";"1";"CRETES DU REVERMONT (BOULEVARD)";"46,2224551502";"5,2421383794"
"202100014626";"7";"10";"2021";"13:30";"1";"01";"01053";"2";"2";"1";"3";"KENNEDY BVD J  - IMPAIR DE DIMES A CROIX";"46,2036000000";"5,2424700000"
"202100014627";"7";"10";"2021";"09:35";"1";"75";"75113";"2";"1";"1";"7";"PORTE D ITALIE";"48,8176140000";"2,3674690000"
"202100014628";"6";"10";"2021";"13:50";"1";"75";"75119";"2";"1";"1";"7";"PORTE D AUBERVILLIERS";"48,9003270000";"2,3793670000"
"202100014629";"7";"10";"2021";"00:48";"5";"75";"75107";"2";"7";"1";"6";"PLACE DE LA RESISTANCE";"48,8622430000";"2,3015250000"
"202100014630";"7";"10";"2021";"08:40";"1";"75";"75119";"2";"1";"1";"3";"AVENUE JEAN JAURES";"48,8886560000";"2,3925590000"
"202100014631";"7";"10";"2021";"14:00";"1";"75";"75117";"2";"2";"1";"2";"RUE DE ROME";"48,8840270000";"2,3185080000"
"202100014632";"7";"10";"2021";"19:00";"5";"75";"75115";"2";"1";"1";"6";"RUE SAINT CHARLES";"48,8437240000";"2,2829980000"
"202100014633";"7";"10";"2021";"11:55";"1";"75";"75115";"2";"1";"1";"3";"RUE DU HAMEAU";"48,8340140000";"2,2974060000"
"202100014634";"6";"10";"2021";"13:25";"1";"75";"75114";"2";"3";"7";"3";"BOULEVARD EDGAR QUINET";"48,8394550000";"2,3302520000"
"202100014635";"7";"10";"2021";"15:55";"1";"75";"75113";"2";"3";"1";"3";"AVENUE DE CHOISY";"48,8290280000";"2,3577020000"
"202100014636";"6";"10";"2021";"20:15";"5";"75";"75113";"2";"3";"1";"3";"RUE DE TOLBIAC";"48,8271050000";"2,3671320000"
"202100014637";"6";"10";"2021";"23:41";"5";"75";"75112";"2";"2";"1";"3";"BOULEVARD DIDEROT";"48,8473790000";"2,3867570000"
"202100014638";"7";"10";"2021";"22:15";"5";"75";"75111";"2";"3";"1";"3";"AVENUE PARMENTIER";"48,8693190000";"2,3715680000"
"202100014639";"7";"10";"2021";"16:00";"1";"75";"75110";"2";"2";"1";"3";"BOULEVARD DE LA VILLETTE";"48,8826240000";"2,3699650000"
"202100014640";"7";"10";"2021";"12:55";"1";"75";"75101";"2";"3";"1";"3";"RUE DE RIVOLI";"48,8660240000";"2,3250250000"
"202100014641";"7";"10";"2021";"10:15";"1";"75";"75104";"2";"3";"1";"3";"BOULEVARD BEAUMARCHAIS";"48,8548070000";"2,3687430000"
"202100014642";"7";"10";"2021";"19:30";"5";"94";"94080";"2";"1";"1";"3";"Avenue de Paris";"48,8465200000";"2,4196000000"
"202100014643";"5";"10";"2021";"10:00";"1";"94";"94042";"2";"1";"2";"2";"Avenue du GÃ©nÃ©ral GalliÃ©ni";"48,8202211402";"2,4713745116"
"202100014644";"7";"10";"2021";"09:20";"1";"94";"94046";"2";"1";"1";"6";"GENERAL DE GAULLE (AV DU)";"48,8151000000";"2,4204000000"
"202100014645";"7";"10";"2021";"18:20";"1";"94";"94021";"2";"1";"1";"2";"Boulevard Jean Mermoz";"48,7695900000";"2,3374500000"
"202100014646";"5";"10";"2021";"19:30";"2";"94";"94033";"2";"2";"2";"3";"GEORGES GUYNEMER (R)";"48,8477700000";"2,4878400000"
"202100014647";"7";"10";"2021";"17:30";"1";"94";"94028";"2";"1";"1";"3";"DEMENITROUX(RUE MAURICE)";"48,7886300000";"2,4549600000"
"202100014648";"7";"10";"2021";"12:35";"1";"93";"93078";"2";"1";"1";"6";"Place de la Gare";"48,9450523150";"2,5664641856"
"202100014649";"7";"10";"2021";"20:40";"5";"93";"93059";"2";"3";"1";"2";"JEAN MERMOZ (BOULEVARD) NÂ°59AU185 ET 76A";"48,9711877332";"2,3662027716"
"202100014650";"7";"10";"2021";"07:10";"3";"93";"93072";"2";"1";"1";"6";"MARCEL CACHIN (AVENUE) COTE NÂ°16 AU 50";"48,9577900000";"2,3825500000"
"202100014651";"6";"10";"2021";"23:50";"5";"93";"93055";"2";"1";"1";"4";"Avenue du GÃ©nÃ©ral Leclerc";"48,8970170000";"2,4035590000"
"202100014652";"7";"10";"2021";"17:50";"1";"93";"93048";"2";"2";"1";"3";"Boulevard Aristide Briand / Rue de la Demi-Lune";"48,8762741830";"2,4561309814"
"202100014653";"7";"10";"2021";"15:10";"1";"93";"93048";"2";"3";"1";"6";"Rue Saint Antoine / Rue de Rosny";"48,8650000000";"2,4536500000"
"202100014654";"7";"10";"2021";"09:50";"1";"93";"93048";"2";"2";"1";"3";"Avenue Gabriel PÃ©ri / Rue Condorcet";"48,8568000000";"2,4431000000"
"202100014655";"7";"10";"2021";"08:36";"1";"93";"93029";"2";"1";"7";"2";"ARTHUR FONTAINE";"48,9203800000";"2,4565000000"
"202100014656";"7";"10";"2021";"13:34";"1";"93";"93010";"2";"1";"1";"1";"GALLIENI (AV.) DE 177 A 211";"48,9067600000";"2,4862300000"
"202100014657";"7";"10";"2021";"10:15";"1";"93";"93010";"2";"1";"1";"7";"GALLIENI (AV.) DE 1 A 109";"48,9058530000";"2,4790340000"
"202100014658";"7";"10";"2021";"13:45";"1";"93";"93008";"2";"1";"1";"3";"VAILLANT COUTURIER (AVENUE PAUL)";"48,9121057556";"2,4391812086"
"202100014659";"7";"10";"2021";"20:35";"5";"93";"93007";"2";"2";"1";"3";"Rue Pierre SÃ©mard / Avenue Paul Vaillant Couturier";"48,9293980000";"2,4800970000"
"202100014660";"7";"10";"2021";"11:55";"1";"92";"92064";"2";"3";"1";"3";"MILONS";"48,8494944905";"2,2238892317"
"202100014661";"6";"10";"2021";"17:00";"1";"92";"92020";"2";"1";"8";"6";"BERTHELOT AVENUE MARCELIN";"48,8092680000";"2,2951100000"
"202100014662";"7";"10";"2021";"16:50";"1";"92";"92044";"2";"1";"1";"6";"JEAN JAURES(RUE) 1A55 ET 2A54";"48,8901295281";"2,2913549885"
"202100014663";"6";"10";"2021";"11:00";"1";"92";"92025";"2";"9";"8";"6";"PIERRE DE COUBERTIN (BD)";"48,9285452807";"2,2509719806"
"202100014664";"7";"10";"2021";"08:22";"1";"92";"92024";"2";"1";"1";"3";"JEAN JAURES (BD) DE 47 A 109)   (56 A 14";"48,9013900000";"2,3051200000"
"202100014665";"6";"10";"2021";"19:25";"2";"92";"92023";"2";"1";"1";"3";"GENERAL DE GAULLE (AV DU) NÂ°130 A 340 ET";"48,7857531889";"2,2524166152"
"202100014666";"7";"10";"2021";"17:10";"1";"92";"92007";"2";"1";"1";"3";"BRIAND (AVENUE ARISTIDE) NÂ° 100 A 160";"48,7967927758";"2,3219963908"
"202100014667";"6";"10";"2021";"08:15";"1";"35";"35236";"2";"1";"1";"6";"16 Rue de Normandie";"47,6626490000";" -2,0696940000"
"202100014668";"7";"10";"2021";"13:45";"1";"2B";"2B121";"1";"1";"1";"1";"D81b";"42,4251370000";"8,6724870000"
"202100014669";"8";"10";"2021";"13:00";"1";"50";"50565";"1";"1";"1";"1";"D35 la Croix";"48,7713800000";" -1,4310550000"
"202100014670";"19";"07";"2021";"12:00";"1";"33";"33334";"2";"2";"1";"1";"Route des Graves";"44,6928060000";" -0,4320170000"
"202100014671";"8";"10";"2021";"10:05";"1";"87";"87154";"2";"1";"1";"1";"Avenue d Oradour-sur-Glane";"45,8947870000";"0,9111140000"
"202100014672";"8";"10";"2021";"14:10";"1";"21";"21171";"1";"1";"1";"3";"A39 Pk 004+400";"47,2809470000";"5,1248430000"
"202100014673";"6";"10";"2021";"14:00";"1";"974";"97422";"2";"1";"8";"1";"22 Rue des Muriers";" -21,2809720000";"55,5339920000"
"202100014674";"8";"10";"2021";"07:30";"1";"83";"83148";"2";"1";"1";"3";"Boulevard des Pins Parasols";"43,4296500000";"6,4365020000"
"202100014675";"8";"10";"2021";"08:40";"2";"14";"14098";"1";"1";"7";"2";"RN13, PR80+550";"49,2232870000";" -0,5509790000"
"202100014676";"6";"10";"2021";"01:00";"3";"68";"68043";"1";"1";"1";"2";"D83";"47,8562080000";"7,2421250000"
"202100014677";"7";"10";"2021";"13:20";"1";"85";"85109";"1";"1";"1";"3";"Rue Monseigneur Masse";"46,8496400000";" -1,0038730000"
"202100014678";"8";"10";"2021";"07:20";"1";"67";"67194";"1";"2";"1";"3";"D29";"48,7479130000";"7,9148180000"
"202100014679";"8";"10";"2021";"17:15";"1";"62";"62011";"1";"1";"1";"1";"D54";"50,3182250000";"2,6409800000"
"202100014680";"6";"10";"2021";"23:40";"3";"74";"74263";"1";"1";"1";"6";"D1005";"46,3301950000";"6,3690340000"
"202100014681";"8";"10";"2021";"07:30";"2";"83";"83031";"1";"1";"1";"1";"RD 558 PR 6+800";"43,3550010000";"6,4108660000"
"202100014682";"7";"10";"2021";"19:00";"2";"57";"57102";"2";"1";"1";"3";"Bousse";"49,2776890000";"6,2159170000"
"202100014683";"8";"10";"2021";"15:00";"1";"80";"80227";"1";"1";"1";"6";"Route departementale 141";"49,7829160000";"1,9890830000"
"202100014684";"5";"10";"2021";"11:30";"1";"65";"65223";"2";"1";"1";"2";"7 rue du pic du midi";"43,1958000000";"0,0805900000"
"202100014685";"4";"10";"2021";"21:35";"5";"89";"89025";"2";"1";"1";"6";"Rue de Lyon";"47,4913000000";"3,9130300000"
"202100014686";"6";"10";"2021";"16:50";"1";"63";"63178";"2";"1";"1";"3";"913 Route de Perrier";"45,5435090000";"3,2267240000"
"202100014687";"8";"10";"2021";"08:40";"1";"61";"61345";"1";"1";"1";"7";"La Houssaie";"48,4206070000";"0,7209130000"
"202100014688";"8";"10";"2021";"17:20";"1";"41";"41235";"1";"3";"1";"3";"D921";"47,9338050000";"0,8623520000"
"202100014689";"8";"10";"2021";"07:30";"1";"41";"41175";"2";"1";"1";"3";"59 rue de vendome";"47,8642950000";"1,1375090000"
"202100014690";"4";"10";"2021";"12:45";"1";"34";"34221";"1";"1";"2";"1";"RD 32";"43,7189200782";"3,6236657189"
"202100014691";"4";"09";"2021";"17:00";"1";"44";"44068";"1";"2";"1";"3";"Bas Epaud";"47,4855830000";" -1,9210250000"
"202100014692";"7";"10";"2021";"23:34";"3";"44";"44131";"1";"1";"1";"6";"route dÃ©partementale 86";"47,1352546023";" -2,0885825157"
"202100014693";"6";"10";"2021";"21:55";"4";"29";"29016";"2";"1";"1";"6";"Rue de la Mairie";"48,2997666168";" -3,9552074387"
"202100014694";"7";"10";"2021";"21:15";"5";"50";"50359";"2";"1";"1";"6";"8a Avenue de l Abbaye Blanche";"48,6525180000";" -0,9411820000"
"202100014695";"7";"10";"2021";"18:00";"2";"09";"09177";"1";"1";"7";"6";"D119";"43,1076720000";"1,5467330000"
"202100014696";"8";"10";"2021";"17:30";"1";"60";"60183";"2";"1";"1";"1";"Rue d Amiens";"49,6978460000";"2,1720250000"
"202100014697";"8";"10";"2021";"18:20";"2";"60";"60516";"2";"4";"1";"7";"Rue Michelet";"49,4006896289";"1,7953065633"
"202100014698";"4";"10";"2021";"23:55";"3";"45";"45182";"1";"1";"1";"7";"D19";"47,7042750000";"1,7686700000"
"202100014699";"7";"10";"2021";"15:10";"1";"16";"16069";"1";"1";"1";"1";"3 route de MANSLE";"45,8781780000";"0,1440670000"
"202100014700";"6";"10";"2021";"09:25";"1";"17";"17008";"1";"1";"1";"6";"D137";"46,2600160000";" -1,0108390000"
"202100014701";"8";"10";"2021";"16:05";"1";"49";"49125";"1";"1";"1";"1";"D69";"47,1504720000";" -0,2958850000"
"202100014702";"7";"10";"2021";"15:40";"1";"84";"84083";"1";"1";"6";"2";"AUTOROUTE A7, 157+400, SENS NORD-SUD";"44,2047280000";"4,7242710000"
"202100014703";"8";"10";"2021";"05:00";"4";"62";"62259";"1";"1";"1";"2";"A1";"50,1885090000";"2,8729030000"
"202100014704";"7";"10";"2021";"08:05";"1";"77";"77382";"2";"1";"1";"7";"D85P";"48,8999700000";"2,8532680000"
"202100014705";"8";"10";"2021";"14:50";"1";"77";"77183";"2";"9";"1";"6";"D603";"48,9434110000";"3,1220380000"
"202100014706";"7";"10";"2021";"13:29";"1";"77";"77100";"2";"1";"7";"6";"D605";"48,5051887150";"2,7916432707"
"202100014707";"8";"10";"2021";"11:55";"1";"2B";"2B289";"1";"1";"8";"1";"rt 20";"42,3576320000";"9,1715940000"
"202100014708";"8";"10";"2021";"09:25";"1";"84";"84092";"1";"1";"1";"3";"CD907";"43,9722180000";"4,8570080000"
"202100014709";"7";"10";"2021";"23:30";"5";"71";"71176";"2";"1";"1";"1";"Avenue des Platanes";"46,4833280000";"3,9764930000"
"202100014710";"30";"09";"2021";"11:40";"1";"69";"69234";"1";"1";"1";"2";"PONTCHARRA (DE) (RTE)";"45,8657100000";"4,5093890000"
"202100014711";"7";"10";"2021";"14:50";"1";"81";"81105";"2";"1";"1";"6";"Avenue Gambetta";"43,7610640000";"1,9894750000"
"202100014712";"8";"10";"2021";"02:15";"3";"79";"79189";"1";"1";"1";"6";"Route de Poitiers";"46,4164920000";" -0,1784850000"
"202100014713";"6";"10";"2021";"17:18";"1";"17";"17219";"2";"1";"1";"7";"La Cayenne";"45,7890280000";" -1,1254120000"
"202100014714";"8";"10";"2021";"13:09";"1";"14";"14762";"2";"6";"1";"7";"Giratoire de la gare";"48,8457790000";" -0,8846840000"
"202100014715";"8";"10";"2021";"11:45";"1";"14";"14762";"2";"3";"1";"3";"Avenue de Bischwiller";"48,8566610000";" -0,8728770000"