"Num_Acc";"jour";"mois";"an";"hrmn";"lum";"dep";"com";"agg";"int";"atm";"col";"adr";"lat";"long"
"202100014716";"8";"10";"2021";"17:30";"1";"22";"22155";"1";"3";"1";"3";"Le Pignon Blanc";"48,2447790000";" -2,7201090000"
"202100014717";"7";"10";"2021";"19:20";"2";"76";"76420";"2";"2";"1";"3";"rte de rouen";"49,6043533270";"1,4862053096"
"202100014718";"7";"10";"2021";"13:09";"1";"60";"60612";"1";"1";"1";"4";"D1324";"49,2102879176";"2,6181237996"
"202100014719";"15";"07";"2021";"19:01";"1";"59";"59518";"1";"1";"2";"6";"Rue de Bermerain";"50,2588240000";"3,5816580000"
"202100014720";"27";"09";"2021";"16:40";"1";"59";"59228";"2";"1";"1";"7";"Route Nationale 43";"50,3409455977";"3,0959012598"
"202100014721";"7";"10";"2021";"18:15";"1";"13";"13203";"1";"1";"1";"5";"A7-Sens Lyon vers Marseille";"43,3210000000";"5,3779000000"
"202100014722";"6";"10";"2021";"18:39";"2";"13";"13055";"1";"1";"1";"4";"A507 sens Marseille - Aubagne";"43,2980000000";"5,4251000000"
"202100014723";"6";"10";"2021";"16:10";"1";"13";"13071";"1";"1";"6";"3";"A51-Sens Aix en Provence vers Marseille";"43,4103600000";"5,3638900000"
"202100014724";"5";"10";"2021";"23:41";"3";"13";"13211";"1";"1";"1";"2";"A50-Sens Marseille vers Aubagne";"43,2882000000";"5,5000400000"
"202100014725";"23";"06";"2021";"20:50";"1";"69";"69266";"1";"1";"3";"2";"RD383 2.321 A 3.750";"45,7835000000";"4,8916000000"
"202100014726";"23";"09";"2021";"07:30";"1";"69";"69259";"1";"1";"1";"2";"RD383   11.750 A 14.250";"45,7224900000";"4,8882400000"
"202100014727";"6";"10";"2021";"10:40";"1";"42";"42330";"1";"1";"1";"4";"A72";"45,4758200000";"4,3585400000"
"202100014728";"7";"10";"2021";"02:20";"3";"57";"57672";"1";"1";"1";"2";"Autoroute A31";"49,3497600000";"6,1088800000"
"202100014729";"5";"10";"2021";"12:20";"1";"33";"33192";"1";"1";"1";"4";"Autoroute A63";"44,7833890000";" -0,6320540000"
"202100014730";"7";"10";"2021";"16:30";"1";"94";"94034";"1";"1";"1";"3";"AUTOROUTE A86";"48,7576104442";"2,3283290863"
"202100014731";"7";"10";"2021";"07:00";"3";"91";"91521";"1";"1";"1";"4";"RN 104";"48,6279720000";"2,4006200000"
"202100014732";"7";"10";"2021";"01:26";"3";"94";"94038";"2";"1";"1";"2";"AUTOROUTE A6A";"48,7775500000";"2,3465200000"
"202100014733";"6";"10";"2021";"16:15";"1";"91";"91689";"1";"1";"1";"3";"AUTOROUTE A6B";"48,7482400000";"2,3278600000"
"202100014734";"7";"10";"2021";"16:10";"1";"78";"78490";"1";"1";"1";"6";"RN12 EXT";"48,7987070000";"1,9244540000"
"202100014735";"7";"10";"2021";"10:05";"1";"92";"92047";"1";"1";"1";"2";"A13";"48,8363263584";"2,1847581250"
"202100014736";"7";"10";"2021";"09:15";"1";"78";"78158";"1";"1";"1";"2";"A13";"48,8317660000";"2,1420140000"
"202100014737";"7";"10";"2021";"08:35";"1";"78";"78524";"1";"1";"1";"3";"A13W";"48,8412120000";"2,1051060000"
"202100014738";"6";"10";"2021";"18:10";"1";"92";"92064";"1";"1";"1";"6";"A13";"48,8424553232";"2,2221676172"
"202100014739";"6";"10";"2021";"17:45";"1";"78";"78545";"1";"1";"1";"2";"A12 W";"48,8154690000";"2,0616940000"
"202100014740";"6";"10";"2021";"12:10";"1";"92";"92025";"1";"1";"1";"2";"A86";"48,9199371784";"2,2244346596"
"202100014741";"5";"10";"2021";"23:15";"5";"92";"92050";"1";"1";"1";"6";"A86";"48,8924951011";"2,1863391670"
"202100014742";"7";"10";"2021";"09:40";"1";"93";"93008";"1";"1";"1";"2";"AUTOROUTE A86";"48,9091277259";"2,4483409523"
"202100014743";"6";"10";"2021";"09:50";"1";"93";"93066";"1";"1";"1";"3";"AUTOROUTE A86";"48,9227700000";"2,3489800000"
"202100014744";"6";"10";"2021";"07:20";"3";"92";"92036";"1";"1";"1";"2";"AUTOROUTE A15";"48,9417367365";"2,2906045330"
"202100014745";"7";"10";"2021";"07:30";"2";"77";"77083";"1";"1";"1";"7";"A4.W";"48,8330500000";"2,5953900000"
"202100014746";"7";"10";"2021";"05:00";"5";"94";"94052";"1";"1";"1";"3";"A86.EXT";"48,8349100000";"2,4937800000"
"202100014747";"6";"10";"2021";"06:45";"5";"77";"77251";"1";"1";"1";"3";"RN104";"48,6446200000";"2,5438100000"
"202100014748";"30";"07";"2021";"10:10";"1";"14";"14437";"1";"1";"8";"2";"N814";"49,1654200000";" -0,3044400000"
"202100014749";"6";"10";"2021";"20:15";"5";"69";"69034";"2";"1";"1";"6";"HENRI CHEVALIER (R)";"45,7840439071";"4,8247478530"
"202100014750";"6";"10";"2021";"18:30";"1";"92";"92023";"2";"1";"1";"6";"GENERAL DE GAULLE (AV DU) NÂ°130 A 340 ET";"48,7837369726";"2,2474832833"
"202100014751";"11";"05";"2021";"13:10";"1";"26";"26281";"2";"1";"1";"6";"4 Quai Dauphin";"45,0422490000";"5,0485500000"
"202100014752";"20";"03";"2021";"11:25";"1";"39";"39198";"2";"1";"1";"6";"14 Rue Jules Machard";"47,0948900000";"5,4842900000"
"202100014753";"6";"07";"2021";"10:35";"1";"35";"35115";"2";"1";"1";"6";"LECLERC (BOULEVARD DU MARECHAL)";"48,3546300000";" -1,2008900000"
"202100014754";"29";"05";"2021";"12:45";"1";"14";"14333";"1";"1";"1";"5";"D580";"49,4124700000";"0,2667900000"
"202100014755";"6";"10";"2021";"07:15";"1";"976";"97611";"2";"3";"1";"3";"tsoundzou-Kadjifouni ( rue )";" -12,8074440000";"45,2056300000"
"202100014756";"3";"09";"2021";"14:35";"1";"976";"97611";"2";"1";"1";"7";"kaweni-Massakini (rue)";" -12,7605800000";"45,2264800000"
"202100014757";"18";"09";"2021";"05:50";"2";"976";"97611";"2";"1";"1";"7";"mgombani-Mahabou (rue de )";" -12,7834900000";"45,2333800000"
"202100014758";"6";"10";"2021";"15:30";"1";"974";"97416";"2";"1";"1";"7";"PRESIDENT MITTERAND(AVENUE)";" -21,3474400000";"55,4933600000"
"202100014759";"6";"10";"2021";"14:50";"1";"974";"97411";"2";"1";"1";"3";"LECLERC (DU MARECHAL)";" -20,8797760000";"55,4509150000"
"202100014760";"4";"10";"2021";"19:40";"5";"974";"97411";"2";"1";"1";"6";"JAURES (BLD 1 JEAN)";" -20,8953000000";"55,4728700000"
"202100014761";"6";"10";"2021";"18:15";"2";"973";"97302";"2";"1";"1";"2";"BADUEL (ROUTE DE)";"4,9275767541";" -52,2914743424"
"202100014762";"6";"10";"2021";"15:09";"1";"973";"97302";"2";"1";"1";"3";"ARON (ANDRE)";"4,9434500000";" -52,3188200000"
"202100014763";"6";"10";"2021";"12:00";"1";"973";"97302";"1";"6";"1";"3";"MARINGOUINS (ROND-POINT)";"4,9077360873";" -52,3224976659"
"202100014764";"6";"10";"2021";"23:45";"5";"69";"69383";"2";"2";"1";"6";"FEUILLAT (R)";"45,7497900000";"4,8757300000"
"202100014765";"6";"10";"2021";"16:30";"1";"69";"69259";"2";"4";"1";"6";"JULES GUESDE (AV)";"45,7082800000";"4,8870500000"
"202100014766";"6";"10";"2021";"14:45";"1";"69";"69387";"2";"2";"8";"5";"JEAN JAURES (AV)";"45,7482056186";"4,8436938169"
"202100014767";"6";"10";"2021";"13:30";"1";"69";"69388";"2";"1";"1";"6";"PINEL (BD)";"45,7246698557";"4,8871028423"
"202100014768";"6";"10";"2021";"15:20";"1";"95";"95280";"2";"1";"1";"6";"SALENGRO ROGER ( BOULEVARD)";"49,0335339182";"2,4726957587"
"202100014769";"6";"10";"2021";"08:30";"1";"95";"95428";"2";"1";"1";"6";"CHARLES DE GAULLE  AVENUE";"48,9742770234";"2,3115456495"
"202100014770";"6";"10";"2021";"08:40";"1";"91";"91477";"2";"1";"1";"3";"PARMENTIER (RUE)";"48,7060010000";"2,2088180000"
"202100014771";"6";"10";"2021";"14:15";"1";"91";"91326";"2";"1";"1";"3";"COUR DE FRANCE (AVENUE DE LA)";"48,6898400000";"2,3707200000"
"202100014772";"5";"10";"2021";"13:00";"1";"91";"91223";"2";"1";"1";"6";"BERCHERE (BOULEVARD)";"48,4310900000";"2,1596100000"
"202100014773";"5";"10";"2021";"19:41";"1";"87";"87085";"2";"2";"2";"3";"DUSSOUBS (PLACE DENIS)";"45,8329600000";"1,2558000000"
"202100014774";"6";"10";"2021";"12:35";"1";"83";"83069";"2";"1";"1";"2";"EUGENIE (RUE)";"43,1216560000";"6,1150000000"
"202100014775";"4";"10";"2021";"22:25";"5";"83";"83118";"2";"1";"2";"7";"BD DU CERCERON";"43,4380600000";"6,7837550000"
"202100014776";"6";"10";"2021";"17:40";"1";"82";"82121";"2";"3";"1";"3";"MOURETS (AVENUE DES)";"44,0202800000";"1,3745300000"
"202100014777";"6";"10";"2021";"15:50";"1";"78";"78551";"1";"1";"1";"4";"RN 13";"48,9013400000";"2,0623600000"
"202100014778";"3";"10";"2021";"05:30";"5";"78";"78172";"2";"7";"3";"3";"LIBERTE (PLACE DE LA)";"49,0056000000";"2,1162000000"
"202100014779";"6";"10";"2021";"15:50";"1";"77";"77243";"2";"1";"1";"1";"RAYMOND POINCARE  (AVENUE)";"48,8729025282";"2,7264454718"
"202100014780";"6";"10";"2021";"16:35";"1";"69";"69282";"2";"9";"1";"3";"REPUBLIQUE (DE) (R)";"45,7617200000";"5,0229400000"
"202100014781";"5";"10";"2021";"18:40";"1";"69";"69256";"2";"2";"8";"3";"GEORGES DIMITROV (AV)";"45,7784000000";"4,9292000000"
"202100014782";"5";"10";"2021";"17:35";"1";"67";"67482";"2";"1";"2";"6";"GENERAL KOENIG (QUAI DU)";"48,5753000000";"7,7548800000"
"202100014783";"3";"10";"2021";"03:30";"5";"67";"67482";"2";"1";"1";"6";"GENERAL KOENIG (QUAI DU)";"48,5753000000";"7,7548800000"
"202100014784";"4";"10";"2021";"20:31";"5";"66";"66136";"2";"3";"1";"3";"CLEMENCEAU (BOULEVARD)";"42,7002700000";"2,8896600000"
"202100014785";"4";"10";"2021";"18:15";"1";"66";"66136";"2";"1";"1";"6";"BALEARES AVENUE DES";"42,6934509716";"2,8930817727"
"202100014786";"6";"10";"2021";"13:28";"1";"65";"65433";"2";"1";"1";"2";"BARBUSSE (AVENUE HENRI)";"43,2161560000";"0,0966270000"
"202100014787";"6";"10";"2021";"10:25";"1";"65";"65440";"2";"1";"1";"2";"PAU (ROUTE DE)";"43,2374060000";"0,0469790000"
"202100014788";"6";"10";"2021";"07:50";"1";"62";"62193";"2";"1";"8";"6";"SAINT EXUPERY (AVENUE. 220 A ...)";"50,9465000000";"1,9006000000"
"202100014789";"6";"10";"2021";"11:40";"1";"60";"60382";"2";"1";"1";"6";"Avenue Octave Butin";"49,4360900187";"2,8050370215"
"202100014790";"4";"10";"2021";"07:40";"1";"60";"60382";"2";"3";"1";"3";"Rue de la RÃ©publique";"49,4285750000";"2,8214480000"
"202100014791";"19";"09";"2021";"06:20";"5";"59";"59350";"2";"3";"1";"2";"HEGEL RUE";"50,6311600000";"3,0218800000"
"202100014792";"18";"09";"2021";"22:00";"5";"59";"59360";"2";"3";"1";"3";"GHESQUIERE RUE DE";"50,6073801856";"3,0305421352"
"202100014793";"6";"10";"2021";"20:14";"3";"57";"57630";"1";"1";"2";"1";"RD 955";"48,7180200000";"7,0423700000"
"202100014794";"3";"10";"2021";"19:40";"5";"54";"54395";"2";"3";"2";"6";"AIGUILLETTES  (BD DES)";"48,6671652537";"6,1647704244"
"202100014795";"6";"10";"2021";"07:23";"5";"54";"54273";"2";"7";"8";"6";"GAMBETTA (RUE)";"49,1568300000";"5,8825700000"
"202100014796";"6";"10";"2021";"12:10";"1";"51";"51454";"2";"2";"1";"3";"Rue du Petit Delbourg";"49,2524566617";"4,0514523492"
"202100014797";"5";"10";"2021";"17:55";"1";"51";"51454";"2";"1";"2";"4";"Avenue de Champagne";"49,2247700000";"4,0259700000"
"202100014798";"5";"10";"2021";"07:50";"1";"51";"51454";"2";"4";"1";"1";"Boulevard Saint Marceaux";"49,2554196062";"4,0463954485"
"202100014799";"5";"10";"2021";"07:53";"2";"49";"49007";"1";"1";"3";"4";"RD 323";"47,4696100000";" -0,5948600000"
"202100014800";"6";"10";"2021";"07:50";"2";"45";"45234";"2";"1";"1";"3";"SAINT LAURENT (QUAI )";"47,8980000000";"1,8917800000"
"202100014801";"6";"10";"2021";"08:50";"1";"45";"45234";"2";"2";"1";"3";"Rue Royale";"47,8982400000";"1,9041800000"
"202100014802";"5";"10";"2021";"12:25";"1";"41";"41018";"2";"1";"1";"3";"BELLE JARDINIERE (AVENUE DE LA)";"47,5677600000";"1,3256300000"
"202100014803";"6";"10";"2021";"12:20";"1";"35";"35051";"2";"6";"1";"2";"BRAY (RUE DE)";"48,1074900000";" -1,6167500000"
"202100014804";"6";"10";"2021";"18:35";"1";"33";"33063";"2";"2";"1";"6";"Rue de Belfort";"44,8357500000";" -0,5823700000"
"202100014805";"6";"10";"2021";"19:40";"2";"31";"31557";"2";"1";"1";"6";"LABITRIE (RUE PIERRE)";"43,5782023353";"1,3268150389"
"202100014806";"6";"10";"2021";"14:50";"1";"29";"29232";"2";"1";"1";"6";"Rue du Chateau";"48,0107500000";" -4,1140400000"
"202100014807";"5";"10";"2021";"19:35";"5";"25";"25580";"2";"1";"3";"1";"VILLEDIEU (RUE)";"47,4555900000";"6,8375500000"
"202100014808";"4";"10";"2021";"19:45";"5";"25";"25056";"2";"1";"2";"3";"FAURE AVENUE EDGAR";"47,2442810000";"6,0179610000"
"202100014809";"5";"10";"2021";"14:20";"1";"19";"19272";"2";"1";"2";"6";"Dunant (Pont)";"45,2610900000";"1,7579100000"
"202100014810";"6";"10";"2021";"10:30";"1";"14";"14118";"2";"1";"1";"3";"Quai Vendeuvre";"49,1834000000";" -0,3565400000"
"202100014811";"5";"10";"2021";"18:45";"1";"14";"14118";"2";"3";"1";"2";"Avenue Georges Clemenceau";"49,1880800000";" -0,3520600000"
"202100014812";"5";"10";"2021";"13:50";"1";"14";"14118";"2";"1";"2";"3";"RETHEL (BOULEVARD DE)";"49,1706400000";" -0,3330000000"
"202100014813";"6";"10";"2021";"14:45";"1";"13";"13203";"2";"1";"1";"3";"PLOMBIERES (RUE DE)";"43,3170400000";"5,3815400000"
"202100014814";"6";"10";"2021";"14:35";"1";"13";"13201";"2";"2";"1";"1";"ATHENES (BOULEVARD D')";"43,3002200000";"5,3806400000"
"202100014815";"6";"10";"2021";"08:15";"1";"13";"13213";"2";"1";"1";"3";"CROIX ROUGE (AVENUE)";"43,3323271544";"5,4355082120"
"202100014816";"6";"10";"2021";"08:20";"1";"13";"13002";"2";"1";"1";"3";"GÃNÃRAL DE GAULLE (AVENUE DU)";"43,3374703445";"5,4834910946"
"202100014817";"5";"10";"2021";"21:30";"5";"13";"13206";"2";"3";"1";"3";"BRETEUIL (RUE)";"43,2904200000";"5,3757600000"
"202100014818";"20";"08";"2021";"18:40";"1";"13";"13206";"2";"7";"1";"3";"CASTELLANE (PLACE)";"43,2857821257";"5,3835087430"
"202100014819";"6";"10";"2021";"11:55";"1";"07";"07102";"2";"1";"1";"3";"PASTEUR (RUE LOUIS)";"44,9328200000";"4,8817600000"
"202100014820";"4";"10";"2021";"09:45";"1";"07";"07102";"2";"9";"2";"3";"BEAUCAIRE (AVENUE DE)";"44,9285500000";"4,8575100000"
"202100014821";"7";"10";"2021";"00:53";"5";"06";"06083";"2";"9";"1";"6";"VICTORIA (Square)";"43,7788070000";"7,5065240000"
"202100014822";"6";"10";"2021";"17:45";"1";"06";"06123";"2";"1";"1";"7";"SAUVAIGO PIERRE AVENUE";"43,6619760000";"7,1817060000"
"202100014823";"6";"10";"2021";"14:05";"1";"06";"06004";"2";"1";"1";"2";"SAINT CLAUDE CH.DE";"43,5996260000";"7,1001520000"
"202100014824";"1";"10";"2021";"15:35";"1";"06";"06004";"2";"6";"1";"6";"CAP BD DU";"43,5731800000";"7,1242700000"
"202100014825";"21";"01";"2021";"08:45";"2";"91";"91326";"2";"2";"1";"3";"PETIT (RUE)";"48,6929330000";"2,3706610000"
"202100014826";"29";"07";"2021";"21:45";"5";"74";"74242";"1";"1";"1";"7";"route d'epagny";"45,8352430000";"6,1505200000"
"202100014827";"25";"07";"2021";"13:00";"1";"74";"74123";"2";"1";"1";"2";"1074 Rte de Viuz";"45,7538480000";"6,2947100000"
"202100014828";"5";"10";"2021";"09:00";"1";"75";"75119";"2";"4";"2";"3";"PORTE DE LA VILLETTE";"48,9003440000";"2,3804540000"
"202100014829";"6";"10";"2021";"11:00";"1";"75";"75105";"2";"2";"1";"3";"BOULEVARD SAINT GERMAIN";"48,8495030000";"2,3528640000"
"202100014830";"5";"10";"2021";"17:35";"1";"75";"75105";"2";"1";"1";"6";"RUE CLAUDE BERNARD";"48,8409790000";"2,3442420000"
"202100014831";"6";"10";"2021";"17:05";"1";"75";"75120";"2";"2";"1";"3";"BOULEVARD DE BELLEVILLE";"48,8690370000";"2,3806750000"
"202100014832";"6";"10";"2021";"12:40";"1";"75";"75120";"2";"3";"1";"6";"RUE DES PYRENEES";"48,8737120000";"2,3895060000"
"202100014833";"6";"10";"2021";"14:10";"1";"75";"75119";"2";"3";"1";"7";"RUE FESSART";"48,8768220000";"2,3853080000"
"202100014834";"6";"10";"2021";"19:00";"2";"75";"75118";"2";"2";"1";"6";"RUE ORDENER";"48,8924070000";"2,3449910000"
"202100014835";"6";"10";"2021";"17:00";"1";"75";"75118";"2";"2";"1";"3";"BOULEVARD BARBES";"48,8838510000";"2,3494760000"
"202100014836";"6";"10";"2021";"12:10";"1";"75";"75117";"2";"2";"1";"3";"AVENUE DE LA PORTE D ASNIERES";"48,8910730000";"2,3025410000"
"202100014837";"6";"10";"2021";"18:50";"2";"75";"75116";"2";"1";"1";"3";"ALLEE DE LA REINE MARGUERITE";"48,8575040000";"2,2441760000"
"202100014838";"5";"10";"2021";"13:55";"1";"75";"75116";"2";"2";"2";"3";"ALLEE DE LONGCHAMP";"48,8725200000";"2,2644290000"
"202100014839";"5";"10";"2021";"09:15";"1";"75";"75116";"2";"2";"2";"6";"AVENUE DU PRESIDENT WILSON";"48,8649820000";"2,2998380000"
"202100014840";"6";"10";"2021";"20:30";"5";"75";"75115";"2";"4";"1";"6";"RUE DE LA FEDERATION";"48,8528010000";"2,2983370000"
"202100014841";"6";"10";"2021";"15:00";"1";"75";"75115";"2";"2";"1";"6";"RUE DE VOUILLE";"48,8338780000";"2,3081030000"
"202100014842";"6";"10";"2021";"09:30";"1";"75";"75115";"2";"2";"1";"6";"BOULEVARD VICTOR";"48,8342830000";"2,2839490000"
"202100014843";"6";"10";"2021";"09:05";"1";"75";"75114";"2";"2";"1";"3";"BOULEVARD JOURDAN";"48,8213700000";"2,3343530000"
"202100014844";"5";"10";"2021";"21:15";"5";"75";"75112";"2";"3";"2";"2";"AVENUE DAUMESNIL";"48,8358930000";"2,4056370000"
"202100014845";"6";"10";"2021";"12:15";"1";"75";"75111";"2";"5";"1";"3";"BOULEVARD VOLTAIRE";"48,8621220000";"2,3728730000"
"202100014846";"6";"10";"2021";"11:05";"1";"94";"94081";"2";"2";"1";"3";"Boulevard de Stalingrad";"48,7984000000";"2,3816900000"
"202100014847";"6";"10";"2021";"10:43";"1";"94";"94078";"2";"1";"1";"4";"HUIT MAI 1945 (AV DU)";"48,7277600000";"2,4453000000"
"202100014848";"6";"10";"2021";"16:15";"1";"94";"94081";"2";"1";"1";"3";"Avenue du Colonel Fabien";"48,7871000000";"2,3765100000"
"202100014849";"6";"10";"2021";"17:12";"1";"94";"94041";"2";"1";"1";"1";"PIERRE ET MARIE CURIE (R)";"48,8141800000";"2,3732900000"
"202100014850";"6";"10";"2021";"07:10";"5";"94";"94073";"2";"1";"1";"6";"Avenue de Versailles";"48,7582700000";"2,3929100000"
"202100014851";"6";"10";"2021";"07:00";"3";"94";"94028";"2";"1";"1";"6";"Chemin des Boeufs";"48,7725900000";"2,4355600000"
"202100014852";"6";"10";"2021";"15:30";"1";"94";"94077";"2";"1";"1";"6";"Avenue de la RÃ©publique";"48,7320310000";"2,4107800000"
"202100014853";"6";"10";"2021";"13:20";"1";"94";"94053";"2";"1";"1";"1";"GENERAL DE GAULLE (R DU)";"48,7772900000";"2,5399400000"
"202100014854";"6";"10";"2021";"18:00";"1";"93";"93078";"2";"9";"1";"4";"BALLANGER (BD ROBERT)";"48,9611500000";"2,5548800000"
"202100014855";"6";"10";"2021";"15:00";"1";"93";"93078";"2";"1";"1";"2";"Avenue Georges ClÃ©menceau";"48,9589200000";"2,5578100000"
"202100014856";"6";"10";"2021";"14:10";"1";"93";"93070";"2";"1";"1";"3";"VICTOR-HUGO (BD)";"48,9090200000";"2,3293300000"
"202100014857";"6";"10";"2021";"13:30";"1";"93";"93048";"2";"1";"1";"1";"ARISTIDE BRIAND (BOULEVARD)";"48,8775160000";"2,4570030000"
"202100014858";"5";"10";"2021";"23:05";"5";"93";"93048";"2";"1";"1";"6";"Place du GÃ©nÃ©ral de Gaulle";"48,8679010000";"2,4343480000"
"202100014859";"6";"10";"2021";"11:00";"1";"93";"93029";"2";"1";"1";"3";"Avenue Marceau";"48,9283420000";"2,4361770000"
"202100014860";"5";"10";"2021";"09:00";"1";"93";"93013";"2";"2";"3";"6";"Avenue John Fitzgerald Kennedy / Avenue de la Division Leclerc";"48,9378450000";"2,4286800000"
"202100014861";"6";"10";"2021";"22:40";"4";"93";"93057";"2";"2";"1";"1";"ESTIENNE (AL. ROBERT)";"48,9064600000";"2,5119000000"
"202100014862";"6";"10";"2021";"21:49";"5";"93";"93005";"2";"9";"1";"2";"Route des Petits Ponts";"48,9314270000";"2,4862490000"
"202100014863";"6";"10";"2021";"20:10";"5";"92";"92076";"2";"6";"1";"2";"REPUBLIQUE";"48,8375275887";"2,1558981351"
"202100014864";"3";"09";"2021";"17:35";"1";"92";"92063";"2";"2";"1";"2";"FLAUBERT (RUE GUSTAVE)";"48,8692479892";"2,2035634518"
"202100014865";"6";"10";"2021";"08:57";"1";"92";"92048";"2";"1";"1";"3";"VERD DE SAINT JULIEN (BOULEVARD)";"48,8163020000";"2,2323380000"
"202100014866";"6";"10";"2021";"10:40";"1";"92";"92036";"2";"3";"1";"3";"LAURENT CELY (AVENUE) (145/329)";"48,9218190000";"2,3058110000"
"202100014867";"6";"10";"2021";"19:00";"1";"92";"92026";"2";"1";"1";"2";"SAINT DENIS BD (120 A 174 / 199 A 315)";"48,9031800000";"2,2759900000"
"202100014868";"2";"10";"2021";"23:50";"5";"92";"92024";"2";"1";"1";"7";"GENERAL ROGUET (RUE DU) DE (1 A 57)   (2";"48,9051300000";"2,3129500000"
"202100014869";"1";"10";"2021";"11:55";"1";"92";"92024";"2";"1";"1";"7";"BATELIER (RUE DES) DE (1 A 19)";"48,9064177731";"2,3045647144"
"202100014870";"6";"10";"2021";"16:25";"1";"92";"92012";"2";"2";"1";"2";"SILLY (RUE DE) 89/FIN - 90/FIN";"48,8333684520";"2,2334541815"
"202100014871";"6";"10";"2021";"08:56";"1";"92";"92012";"2";"1";"1";"3";"GENERAL LECLERC (AVENUE DU) 35/FIN - 60/";"48,8298202887";"2,2302943468"
"202100014872";"5";"10";"2021";"21:05";"5";"92";"92004";"2";"3";"1";"6";"ARGENTEUIL AV D'";"48,9186567233";"2,2812925279"
"202100014873";"6";"10";"2021";"19:30";"2";"92";"92014";"2";"1";"1";"2";"MONTROUGE (AVENUE DE)";"48,7854105925";"2,3104669154"
"202100014874";"6";"10";"2021";"08:30";"2";"92";"92002";"2";"3";"1";"3";"DIVISION LECLERC (53 A 217 - 58 A 186)";"48,7468308337";"2,3036848710"
"202100014875";"7";"10";"2021";"13:15";"1";"21";"21021";"1";"1";"1";"2";"A31, PK 044+250";"47,3180540000";"5,1714970000"
"202100014876";"6";"10";"2021";"15:50";"1";"23";"23245";"1";"1";"1";"7";"D33";"46,2198090000";"1,8549500000"
"202100014877";"25";"08";"2021";"18:00";"2";"974";"97410";"1";"1";"1";"2";"Route Nationale 2 Bourbier les Bas";" -21,0247000000";"55,7044230000"
"202100014878";"6";"10";"2021";"18:00";"2";"19";"19125";"1";"1";"1";"6";"D978";"45,2761550000";"1,9968080000"
"202100014879";"7";"10";"2021";"15:53";"1";"79";"79178";"1";"1";"1";"7";"N/A";"46,9636490000";" -0,1688080000"
"202100014880";"7";"10";"2021";"17:30";"1";"80";"80798";"2";"3";"1";"3";"Rue Neuve";"49,9958330000";"2,3183030000"
"202100014881";"6";"10";"2021";"16:00";"1";"65";"65218";"1";"1";"1";"1";"Rebouc";"42,9939090000";"0,3744630000"
"202100014882";"6";"10";"2021";"15:50";"1";"32";"32208";"1";"1";"1";"2";"RN21";"43,9498290000";"0,6542120000"
"202100014883";"6";"10";"2021";"18:00";"1";"44";"44056";"1";"1";"1";"1";"La ChÃªnaie";"47,3744540000";" -1,7900960000"
"202100014884";"7";"10";"2021";"12:10";"1";"02";"02810";"2";"9";"1";"1";"Rue du 18 Juillet";"49,2544323275";"3,0955070257"
"202100014885";"6";"10";"2021";"23:30";"3";"03";"03108";"1";"1";"1";"1";"RD 998";"46,1841980000";"2,9519750000"
"202100014886";"6";"10";"2021";"17:00";"1";"64";"64010";"1";"1";"1";"5";"route dÃ©partementale 933";"43,3331260000";" -1,0153880000"
"202100014887";"25";"08";"2021";"07:00";"1";"64";"64368";"1";"3";"1";"1";"CD 11";"43,3800060000";" -1,0881080000"
"202100014888";"7";"10";"2021";"10:50";"1";"64";"64371";"2";"2";"1";"6";"34 boulevard gambetta";"43,2228820000";" -0,8912820000"
"202100014889";"6";"10";"2021";"20:30";"5";"64";"64519";"1";"1";"1";"2";"D834 - PR 025.830";"43,3906100000";" -0,3806160000"
"202100014890";"25";"08";"2021";"10:25";"1";"36";"36088";"2";"1";"1";"3";"Avenue du 11 Novembre";"46,9390177196";"2,0052328706"
"202100014891";"6";"10";"2021";"18:00";"1";"16";"16400";"1";"2";"1";"3";"D56";"45,9638590000";"0,2180800000"
"202100014892";"25";"09";"2021";"17:15";"1";"07";"07058";"1";"1";"2";"1";"Route de Valgorge";"44,5520800000";"4,2895200000"
"202100014893";"6";"10";"2021";"21:00";"3";"17";"17385";"1";"1";"1";"1";"Route Rd 734";"45,9549690000";" -1,3354830000"
"202100014894";"7";"10";"2021";"19:30";"2";"23";"23131";"1";"1";"1";"2";"D941 PK 2+900";"45,8917850000";"2,4709800000"
"202100014895";"3";"10";"2021";"17:45";"1";"87";"87003";"1";"1";"1";"7";"La gorce";"46,2718240000";"1,3541780000"
"202100014896";"3";"10";"2021";"03:02";"3";"30";"30003";"1";"6";"1";"7";"D62";"43,5599940000";"4,1530040000"
"202100014897";"25";"08";"2021";"14:15";"1";"30";"30012";"1";"9";"1";"1";"D2";"43,9078350000";"4,7176520000"
"202100014898";"7";"10";"2021";"13:05";"1";"08";"08222";"2";"3";"2";"7";"42 rue de l'espÃ©rance";"50,0031880000";"4,7106400000"
"202100014899";"7";"10";"2021";"17:10";"1";"88";"88524";"1";"2";"1";"1";"intersection D1- D17";"48,1582710000";"5,6859400000"
"202100014900";"2";"10";"2021";"02:00";"3";"43";"43137";"1";"1";"1";"6";"Route de Gournier Bas";"45,2905980000";"4,1449880000"
"202100014901";"30";"09";"2021";"17:10";"1";"13";"13044";"1";"3";"1";"3";"Route Nationale 569";"43,6372200000";"5,0212400000"
"202100014902";"6";"10";"2021";"18:35";"2";"78";"78233";"1";"3";"1";"7";"Rue de Poissy";"48,8919510000";"1,9913360000"
"202100014903";"6";"10";"2021";"12:17";"1";"06";"06085";"2";"3";"1";"1";"889 Avenue Marechal Juin";"43,5919910000";"6,9928220000"