"Num_Acc";"jour";"mois";"an";"hrmn";"lum";"dep";"com";"agg";"int";"atm";"col";"adr";"lat";"long"
"202100014904";"6";"10";"2021";"23:25";"3";"971";"97128";"1";"1";"1";"6";"D115";"16,2728830000";" -61,3560140000"
"202100014905";"7";"10";"2021";"04:10";"5";"978";"97801";"2";"1";"1";"3";"R FICHAUT";"18,0700540000";" -63,0835520000"
"202100014906";"6";"10";"2021";"17:45";"1";"95";"95489";"1";"1";"1";"5";"RD 301B4";"49,0191420000";"2,3511390000"
"202100014907";"6";"10";"2021";"23:30";"3";"2B";"2B220";"1";"1";"1";"6";"T20";"42,4398010000";"9,2018220000"
"202100014908";"6";"10";"2021";"19:00";"2";"2B";"2B042";"1";"9";"1";"4";"Borgo";"42,5705090000";"9,4415470000"
"202100014909";"7";"10";"2021";"10:30";"1";"52";"52205";"1";"1";"2";"6";"D143";"48,0350410000";"5,1598300000"
"202100014910";"7";"10";"2021";"08:00";"1";"88";"88203";"1";"1";"8";"3";"pk 14 D420";"48,2374320000";"6,5985940000"
"202100014911";"6";"10";"2021";"19:45";"3";"88";"88064";"2";"1";"2";"3";"13 Maillefaing";"48,2536270000";"6,7883170000"
"202100014912";"6";"10";"2021";"19:00";"1";"63";"63213";"1";"1";"1";"3";"D1093";"45,8341410000";"3,2693430000"
"202100014913";"2";"10";"2021";"10:50";"1";"07";"07264";"1";"1";"1";"1";"Chemin de Fontaynes";"44,3392660000";"4,6083160000"
"202100014914";"2";"10";"2021";"11:25";"1";"65";"65320";"1";"1";"1";"2";"RD 8";"43,1204110000";"0,1186290000"
"202100014915";"25";"08";"2021";"23:35";"3";"17";"17219";"1";"1";"1";"7";"Rue des Martyrs";"45,7927650000";" -1,1232020000"
"202100014916";"22";"09";"2021";"12:00";"1";"22";"22299";"1";"2";"1";"3";"Le Bois du Rocher D795";"48,4823520000";" -1,9616760000"
"202100014917";"5";"10";"2021";"13:25";"1";"62";"62543";"2";"1";"1";"6";"59 bis grand rue";"50,6339990000";"2,3237530000"
"202100014918";"6";"10";"2021";"16:30";"1";"62";"62128";"2";"4";"1";"3";"Rue Parmentier";"50,3110320000";"2,9369930000"
"202100014919";"6";"10";"2021";"07:10";"3";"59";"59387";"1";"1";"8";"6";"Rue FranÃ§ois Mitterrand";"50,2909160000";"3,2724240000"
"202100014920";"3";"10";"2021";"15:40";"1";"42";"42097";"1";"1";"3";"7";"A72";"45,5086500000";"4,3017900000"
"202100014921";"6";"10";"2021";"07:25";"2";"33";"33013";"1";"1";"1";"4";"N/A";"44,8685300000";" -0,4963700000"
"202100014922";"6";"10";"2021";"04:28";"3";"94";"94076";"1";"1";"1";"2";"AUTOROUTE A6A";"48,7854000000";"2,3463800000"
"202100014923";"5";"10";"2021";"19:20";"3";"78";"78029";"1";"1";"2";"3";"A13W";"48,9635480000";"1,8416490000"
"202100014924";"6";"10";"2021";"07:35";"3";"95";"95018";"1";"1";"1";"2";"A15";"48,9596200000";"2,2720100000"
"202100014925";"5";"10";"2021";"23:50";"3";"95";"95582";"1";"1";"1";"6";" A115";"48,9773700000";"2,2409900000"
"202100014926";"5";"10";"2021";"22:20";"3";"95";"95582";"1";"1";"2";"6";" A115";"48,9746500000";"2,2423400000"
"202100014927";"6";"10";"2021";"18:45";"1";"93";"93051";"1";"1";"1";"3";"A4";"48,8357622127";"2,5613654673"
"202100014928";"6";"10";"2021";"18:35";"1";"94";"94015";"1";"1";"1";"4";"A4";"48,8274267837";"2,5250410209"
"202100014929";"6";"10";"2021";"16:00";"1";"94";"94073";"1";"1";"1";"2";"A86 INT";"48,7536010000";"2,3761430000"
"202100014930";"5";"10";"2021";"23:50";"3";"94";"94018";"1";"1";"1";"2";"A4";"48,8176679679";"2,4148114130"
"202100014931";"18";"06";"2021";"21:15";"2";"13";"13103";"1";"1";"1";"2";"AVENUE BOUCHAGA BOUALEM-RD 69";"43,6303592803";"5,0673596538"
"202100014932";"5";"10";"2021";"14:00";"1";"971";"97107";"2";"1";"1";"6";"GERMAIN ST RUF (AVENUE )";"16,0507000000";" -61,5625800000"
"202100014933";"5";"10";"2021";"19:55";"5";"38";"38185";"2";"1";"2";"6";"RUE PAUL CLAUDEL";"45,1720400000";"5,7351000000"
"202100014934";"5";"10";"2021";"07:20";"5";"33";"33318";"2";"3";"2";"6";"Avenue Antoine Becquerel";"44,7894400000";" -0,6479500000"
"202100014935";"4";"10";"2021";"17:10";"1";"72";"72181";"2";"1";"1";"6";"NEGRIER GENERAL (BD) NÂ° PAIRS";"48,0096300000";"0,2070500000"
"202100014936";"29";"09";"2021";"13:20";"1";"60";"60159";"1";"1";"1";"6";"Avenue Marcelin Berthelot";"49,3871580000";"2,7859800000"
"202100014937";"28";"06";"2021";"19:40";"1";"62";"62276";"2";"1";"1";"7";"DULIEUX ( RUE DU CAPITAINE )";"50,5018100000";"2,8439100000"
"202100014938";"25";"07";"2021";"11:10";"1";"14";"14304";"1";"1";"2";"7";"D579";"49,3798470000";"0,2393590000"
"202100014939";"30";"03";"2021";"06:55";"2";"14";"14243";"2";"1";"1";"7";"D579A";"49,3962990000";"0,2116610000"
"202100014940";"15";"02";"2021";"15:57";"1";"91";"91326";"2";"2";"1";"6";"MONTTESSUY (RUE DE)";"48,6888500000";"2,3850000000"
"202100014941";"27";"07";"2021";"23:05";"5";"74";"74299";"2";"1";"2";"7";"31 Rte du Port";"45,8871305391";"6,1742037535"
"202100014942";"26";"07";"2021";"20:14";"1";"74";"74063";"1";"1";"1";"3";"CD22 PK48";"46,2781460000";"6,8282280000"
"202100014943";"16";"07";"2021";"22:30";"3";"69";"69029";"1";"1";"2";"2";"A43   0.550 A 3.353";"45,7287300000";"4,8996700000"
"202100014944";"5";"10";"2021";"10:17";"1";"976";"97611";"2";"6";"1";"3";"mamoudzou centre-Commandant Passot (Plac";" -12,7815700000";"45,2348100000"
"202100014945";"4";"10";"2021";"07:39";"1";"976";"97611";"2";"1";"2";"1";"kaweni-Mangrove (route de la)";" -12,7758100000";"45,2265500000"
"202100014946";"5";"10";"2021";"18:45";"3";"974";"97416";"1";"1";"1";"1";"ENTRE DEUX (CHEMIN) CD26";" -21,2904200000";"55,4512900000"
"202100014947";"4";"10";"2021";"20:00";"5";"974";"97411";"2";"1";"1";"1";"GIMART (AVENUE STANISLAS)";" -20,8912200000";"55,4749200000"
"202100014948";"3";"10";"2021";"21:30";"5";"974";"97411";"2";"1";"2";"1";"BOIS DE NEFLES (ROUTE DE)";" -20,8974000000";"55,4767000000"
"202100014949";"3";"10";"2021";"10:25";"1";"974";"97411";"1";"1";"2";"7";"MONTAGNE (ROUTE DE LA)";" -20,8786570000";"55,4436500000"
"202100014950";"4";"10";"2021";"18:09";"5";"973";"97302";"2";"2";"1";"3";"MIRZA (CITE)";"4,9325400000";" -52,3254000000"
"202100014951";"5";"10";"2021";"22:13";"3";"69";"69199";"2";"2";"2";"3";"ALBERT RAMBOZ (AV)";"45,6945300000";"4,8442100000"
"202100014952";"5";"10";"2021";"10:00";"1";"69";"69259";"2";"1";"1";"6";"MARCEL SEMBAT (BD)";"45,7163881151";"4,8827080372"
"202100014953";"5";"10";"2021";"01:40";"5";"69";"69387";"2";"1";"2";"7";"BERTHELOT (AV)";"45,7445000000";"4,8443000000"
"202100014954";"4";"10";"2021";"20:20";"2";"69";"69383";"2";"2";"2";"3";"VILLETTE (DE LA) (R)";"45,7629100000";"4,8619400000"
"202100014955";"4";"10";"2021";"18:00";"1";"69";"69388";"2";"1";"2";"2";"BATAILLE (R)";"45,7371700000";"4,8758800000"
"202100014956";"4";"10";"2021";"08:15";"1";"69";"69383";"2";"2";"3";"6";"CUIRASSIERS (DES) (R)";"45,7575600000";"4,8564200000"
"202100014957";"5";"10";"2021";"13:00";"1";"972";"97213";"2";"1";"1";"1";"ROUTE DEPARTEMENTALE 3";"14,6765200000";" -60,9880600000"
"202100014958";"5";"10";"2021";"10:00";"1";"972";"97209";"1";"1";"1";"3";"RD 41 (ROCADE)";"14,6023800000";" -61,0732600000"
"202100014959";"4";"10";"2021";"06:45";"1";"972";"97209";"2";"1";"1";"5";"RELIGIEUSES (ROUTE DES)";"14,6128400000";" -61,0597800000"
"202100014960";"5";"10";"2021";"21:14";"5";"69";"69381";"2";"1";"2";"3";"JEAN MOULIN (Q)";"45,7685869312";"4,8378339411"
"202100014961";"5";"10";"2021";"15:00";"1";"69";"69152";"2";"1";"2";"5";"MURIERS (DES) (CHM)";"45,6950507430";"4,8238858581"
"202100014962";"5";"10";"2021";"15:00";"1";"69";"69389";"2";"1";"2";"2";"PAUL SEDAILLIAN (Q)";"45,7929300000";"4,8211900000"
"202100014963";"5";"10";"2021";"07:56";"1";"69";"69389";"2";"2";"1";"6";"BEN GOURION  (AV)";"45,7891900000";"4,7891400000"
"202100014964";"5";"10";"2021";"08:10";"1";"69";"69385";"2";"3";"1";"1";"POINT DU JOUR (DU) (AV)";"45,7562600000";"4,8029100000"
"202100014965";"3";"10";"2021";"12:00";"1";"69";"69149";"2";"1";"1";"6";"SALVADOR ALLENDE (R)";"45,7195900000";"4,7828900000"
"202100014966";"4";"10";"2021";"07:00";"3";"69";"69034";"2";"1";"2";"2";"GEORGES CLEMENCEAU (Q)";"45,7964200000";"4,8333700000"
"202100014967";"4";"10";"2021";"18:15";"2";"2B";"2B033";"2";"1";"2";"6";"FAVALE - COURS";"42,6930400000";"9,4504500000"
"202100014968";"3";"10";"2021";"22:05";"5";"971";"97113";"1";"1";"1";"1";"Chemin de la BOUAYE";"16,2359100000";" -61,4852000000"
"202100014969";"3";"10";"2021";"11:10";"1";"971";"97113";"1";"9";"1";"3";"Rue du Bas du Fort";"16,2159795132";" -61,5236306190"
"202100014970";"5";"10";"2021";"19:47";"5";"2A";"2A004";"2";"1";"2";"5";"SEBASTIANU COSTA BD";"41,9420755333";"8,7495008653"
"202100014971";"4";"10";"2021";"15:10";"1";"2A";"2A004";"2";"1";"1";"6";"SAMPIERO BD";"41,9204097076";"8,7296912671"
"202100014972";"4";"10";"2021";"12:05";"1";"2A";"2A004";"2";"1";"1";"7";"SCAMARONI FRED BD";"41,9148720261";"8,7263868742"
"202100014973";"3";"10";"2021";"16:45";"1";"2A";"2A004";"1";"1";"1";"1";"T20";"41,9393000000";"8,8045000000"
"202100014974";"4";"10";"2021";"17:50";"1";"91";"91570";"2";"1";"1";"3";"CONDORCET (AVENUE)";"48,6221000000";"2,3241200000"
"202100014975";"5";"10";"2021";"19:00";"1";"91";"91657";"2";"1";"1";"4";"AV HENRI BARBUSSE";"48,6981300000";"2,4164200000"
"202100014976";"5";"10";"2021";"12:39";"1";"87";"87085";"2";"1";"1";"7";"BELLAC (RUE DE)";"45,8459600000";"1,2455900000"
"202100014977";"5";"10";"2021";"15:38";"1";"87";"87085";"2";"6";"1";"7";"21 AOUT 1944 (BD DU)";"45,8081100000";"1,2641400000"
"202100014978";"5";"10";"2021";"07:58";"2";"87";"87085";"2";"1";"2";"6";"DUTREIX (RUE ARMAND)";"45,8342000000";"1,2279000000"
"202100014979";"1";"10";"2021";"15:43";"1";"87";"87085";"2";"3";"1";"3";"GARIBALDI (AVENUE)";"45,8352100000";"1,2605300000"
"202100014980";"1";"10";"2021";"11:54";"1";"87";"87085";"2";"1";"1";"6";"WILSON (PLACE)";"45,8296400000";"1,2625700000"
"202100014981";"4";"10";"2021";"06:51";"5";"87";"87085";"2";"3";"1";"2";"SAINT MARTIAL (QUAI)";"45,8213300000";"1,2631000000"
"202100014982";"1";"10";"2021";"17:18";"1";"87";"87085";"2";"1";"1";"6";"ORADOUR SUR GLANE (CARREFOUR D')";"45,8342600000";"1,2265100000"
"202100014983";"4";"10";"2021";"11:37";"1";"84";"84087";"2";"2";"8";"3";"DUNANT (RUE HENRI)";"44,1318500000";"4,8338300000"
"202100014984";"5";"10";"2021";"08:10";"1";"83";"83090";"2";"1";"1";"3";"FAVEYROLLES (ROUTE DE)";"43,1380900000";"5,8785700000"
"202100014985";"4";"10";"2021";"12:40";"1";"83";"83126";"2";"1";"2";"6";"RUE JEAN-PIERRE MARGIER";"43,1103100000";"5,8677070000"
"202100014986";"5";"10";"2021";"21:50";"5";"83";"83069";"2";"3";"1";"1";"QUINZIEME CORPS (RUE DU)";"43,1219400000";"6,1408600000"
"202100014987";"4";"10";"2021";"08:00";"1";"83";"83069";"2";"1";"8";"6";"TOULON RD 554 (ROUTE DE)";"43,1262100000";"6,1005600000"
"202100014988";"2";"10";"2021";"22:05";"5";"80";"80021";"2";"1";"3";"6";"PRES FORETS (RUE DES)";"49,9015000000";"2,2836300000"
"202100014989";"1";"10";"2021";"16:50";"1";"80";"80021";"2";"1";"3";"4";"ABBEVILLE (RUE D')";"49,9061200000";"2,2702800000"
"202100014990";"8";"09";"2021";"23:15";"5";"78";"78646";"2";"1";"1";"6";"YVES LE COZ RUE)";"48,7933900000";"2,1532400000"
"202100014991";"5";"10";"2021";"08:15";"1";"78";"78551";"2";"3";"3";"7";"ROOSEVELT (DU PRESIDENT)";"48,8995000000";"2,0768000000"
"202100014992";"5";"10";"2021";"22:00";"5";"78";"78138";"2";"1";"1";"3";"POISSY (AVENUE DE)";"48,9746700000";"2,0320500000"
"202100014993";"5";"10";"2021";"17:37";"1";"77";"77111";"2";"2";"1";"7";"AV HERGE";"48,8571910000";"2,7721600000"
"202100014994";"4";"10";"2021";"13:10";"1";"77";"77216";"1";"9";"1";"1";"D104";"48,3175400000";"2,6756800000"
"202100014995";"10";"09";"2021";"15:40";"1";"76";"76178";"2";"1";"1";"6";"EGLISE. RUE DE L'";"49,3143200000";"1,0330000000"
"202100014996";"3";"10";"2021";"08:00";"3";"76";"76481";"2";"6";"2";"6";"RD 6382";"49,5315000000";"0,1034200000"
"202100014997";"3";"10";"2021";"06:30";"5";"76";"76351";"2";"2";"2";"1";"MARECHAL JOFFRE (RUE)";"49,4985900000";"0,1181600000"
"202100014998";"4";"10";"2021";"15:10";"1";"74";"74012";"2";"1";"1";"3";"FERRY (AVENUE JULES)";"46,1929800000";"6,2374100000"
"202100014999";"5";"10";"2021";"13:05";"1";"72";"72181";"2";"3";"1";"2";"LIBERATION (AV DE LA) NÂ° IMP 147 ET+";"48,0034512848";"0,1862749819"
"202100015000";"5";"10";"2021";"14:30";"1";"71";"71306";"2";"9";"1";"6";"GENERAL DE GAULLE (QUAI DU)";"46,6743271270";"4,3624854060"
"202100015001";"3";"10";"2021";"01:30";"5";"71";"71306";"2";"1";"2";"6";"PLESSIS (BOULEVARD DU)";"46,6760000000";"4,3837100000"
"202100015002";"4";"10";"2021";"13:35";"1";"71";"71153";"2";"1";"1";"2";"ACACIAS (RUE DES) NÂ°2 A 16 ET 1 A 3";"46,7994026308";"4,4230392597"
"202100015003";"5";"10";"2021";"07:15";"1";"69";"69290";"1";"1";"7";"1";"ST BONNET DE MURE (DE) (CHM)";"45,6896695080";"4,9787388059"
"202100015004";"4";"10";"2021";"20:45";"5";"69";"69266";"2";"2";"2";"1";"ROGER SALENGRO (AV)";"45,7810000000";"4,8840000000"
"202100015005";"5";"10";"2021";"18:10";"1";"69";"69264";"2";"1";"2";"4";"BURDEAU (BD)";"45,9965500000";"4,7278400000"
"202100015006";"5";"10";"2021";"12:00";"1";"69";"69264";"1";"3";"1";"3";"RENAN ERNEST (R)";"45,9928571516";"4,7071909904"
"202100015007";"4";"10";"2021";"07:30";"2";"68";"68066";"2";"6";"3";"6";"CARLOVINGIENS (RUE DES)";"48,0929200000";"7,3560300000"
"202100015008";"4";"10";"2021";"20:20";"5";"67";"67482";"2";"1";"2";"6";"KOCH (QUAI)";"48,5859400000";"7,7587400000"
"202100015009";"4";"10";"2021";"09:35";"1";"67";"67218";"1";"1";"2";"1";"ALFRED KASTLER (ROUTE)";"48,5334300000";"7,7436900000"
"202100015010";"4";"10";"2021";"11:10";"1";"67";"67482";"2";"3";"2";"1";"CONSEIL DES QUINZE (RUE DU)";"48,5889200000";"7,7829700000"
"202100015011";"3";"10";"2021";"03:57";"5";"67";"67482";"2";"3";"1";"3";"JACQUES PEIROTES (RUE)";"48,5761900000";"7,7541400000"
"202100015012";"1";"10";"2021";"13:00";"1";"66";"66136";"2";"1";"1";"6";"HONDRAT (ISIDORE)";"42,7042000000";"2,8834500000"
"202100015013";"30";"09";"2021";"21:40";"5";"66";"66136";"2";"1";"1";"6";"INDUSTRIE (AVENUE DE L')";"42,7301768914";"2,8990237446"
"202100015014";"30";"09";"2021";"17:19";"1";"66";"66136";"2";"2";"1";"1";"CLEMENCEAU (BOULEVARD)";"42,7010094765";"2,8923962226"
"202100015015";"4";"10";"2021";"17:43";"1";"64";"64335";"2";"1";"1";"3";"BENEHARNUM DE";"43,3306200000";" -0,4352400000"
"202100015016";"4";"10";"2021";"10:20";"1";"64";"64445";"2";"3";"1";"7";"DUFAU";"43,3093198343";" -0,3636339828"
"202100015017";"3";"10";"2021";"02:39";"5";"63";"63113";"2";"2";"1";"3";"FOREST (AVENUE FERNAND)";"45,8000400000";"3,1123700000"
"202100015018";"1";"10";"2021";"21:11";"5";"63";"63113";"2";"1";"1";"7";"BERGIER (RUE)";"45,7824200000";"3,0842700000"
"202100015019";"1";"10";"2021";"15:10";"1";"63";"63164";"2";"1";"1";"2";"D 210 A (RTE)";"45,8232200000";"3,1561200000"
"202100015020";"1";"10";"2021";"11:42";"1";"63";"63113";"2";"3";"1";"3";"DE GAULLE (BD CHARLES)";"45,7721900000";"3,0830900000"
"202100015021";"1";"10";"2021";"07:56";"2";"63";"63113";"2";"1";"1";"2";"BLUM (AVENUE LEON)";"45,7629700000";"3,0993200000"
"202100015022";"30";"09";"2021";"18:25";"2";"63";"63113";"2";"3";"1";"1";"BELLOY (RUE DU)";"45,7840500000";"3,0802100000"
"202100015023";"30";"09";"2021";"16:35";"1";"63";"63113";"2";"6";"1";"3";"RECLUS (AVENUE ELISEE)";"45,7834000000";"3,1440500000"
"202100015024";"30";"09";"2021";"14:20";"1";"62";"62842";"2";"1";"1";"6";"BUISSE (CHE DE LA)";"50,4878630000";"2,8798720000"
"202100015025";"28";"08";"2021";"18:30";"1";"62";"62573";"2";"1";"1";"7";"GARE (CITE DE LA)";"50,4998860000";"2,8925210000"
"202100015026";"4";"10";"2021";"13:49";"1";"62";"62041";"2";"1";"1";"6";"KENNEDY ( AVENUE JOHN )";"50,2874990000";"2,7499130000"
"202100015027";"4";"10";"2021";"09:00";"1";"61";"61006";"2";"6";"1";"6";"FALAISE (ROUTE DE)";"48,7521000000";" -0,0321000000"
"202100015028";"29";"09";"2021";"15:00";"1";"59";"59646";"2";"1";"1";"6";"MICHELET (RUE)";"50,6698983305";"3,1309747696"
"202100015029";"4";"10";"2021";"18:35";"1";"59";"59654";"2";"1";"1";"3";"COET (RUE ANTOINE)";"50,3870700000";"3,1131100000"
"202100015030";"1";"10";"2021";"14:16";"1";"57";"57666";"2";"3";"1";"5";"VERDUN (ROUTE DE)";"49,3421100000";"6,1338700000"
"202100015031";"4";"10";"2021";"10:20";"1";"56";"56260";"2";"2";"2";"3";"BERNUS (RUE DE)";"47,6556000000";" -2,7668200000"
"202100015032";"4";"10";"2021";"18:05";"1";"56";"56098";"2";"3";"1";"2";"KESLER-DEVILLERS ( AV. )";"47,7680300000";" -3,3426700000"
"202100015033";"4";"10";"2021";"08:15";"2";"56";"56036";"1";"1";"2";"6";"RN 165 sens Brest/Nantes";"47,7759900000";" -3,3636800000"
"202100015034";"3";"10";"2021";"18:30";"1";"56";"56107";"2";"6";"1";"3";"KERPAPE (RUE DE)";"47,7059900000";" -3,3887300000"
"202100015035";"1";"10";"2021";"17:10";"1";"56";"56083";"2";"1";"1";"6";"Avenue Edouard Vaillant";"47,8167100000";" -3,2566500000"
"202100015036";"5";"10";"2021";"09:52";"1";"54";"54395";"2";"6";"1";"6";"MANGIN (AVENUE DU GENERAL)";"48,6689362330";"6,1639109967"
"202100015037";"3";"10";"2021";"16:45";"1";"54";"54547";"2";"1";"2";"1";"CREVIC (RUE DE)";"48,6551956735";"6,1765025073"
"202100015038";"3";"10";"2021";"18:09";"2";"54";"54575";"1";"1";"2";"6";"RD26B";"49,4803900000";"5,8598200000"
"202100015039";"5";"10";"2021";"19:50";"5";"51";"51454";"2";"2";"2";"3";"Rue Libergier";"49,2520356107";"4,0290640313"
"202100015040";"5";"10";"2021";"15:35";"1";"51";"51454";"2";"3";"2";"7";"Rue Ledru Rollin";"49,2403500000";"4,0329200000"
"202100015041";"3";"10";"2021";"13:00";"1";"51";"51454";"2";"2";"2";"3";"Avenue Jean JaurÃ¨s";"49,2635400000";"4,0560500000"
"202100015042";"1";"10";"2021";"14:30";"1";"50";"50129";"2";"1";"1";"3";"CONQUERANT (BOULEVARD GUILLAUME LE)";"49,6359800000";" -1,6321900000"
"202100015043";"2";"10";"2021";"12:30";"1";"49";"49328";"2";"1";"8";"6";"LOUCHEUR (RUE)";"47,2458900000";" -0,0703400000"
"202100015044";"4";"10";"2021";"14:35";"1";"49";"49099";"1";"1";"1";"3";"RD 752";"47,0751700000";" -0,9008800000"
"202100015045";"5";"10";"2021";"18:19";"1";"49";"49015";"2";"1";"3";"1";"ETANG ROUTE";"47,5113520000";" -0,6130320000"
"202100015046";"2";"10";"2021";"07:03";"5";"47";"47323";"2";"2";"1";"3";"MICHAUD (RUE VICTOR)";"44,4157900000";"0,7295000000"
"202100015047";"5";"10";"2021";"15:00";"1";"45";"45284";"1";"1";"2";"2";"D2060-89+930";"47,9208000365";"1,9981976152"
"202100015048";"4";"10";"2021";"07:55";"1";"45";"45004";"1";"2";"1";"3";"Route d'Amilly";"48,0132000000";"2,7735800000"
"202100015049";"5";"10";"2021";"22:00";"5";"44";"44109";"2";"1";"1";"3";"PLACE SOPHIE TREBUCHET";"47,2206000000";" -1,5457200000"
"202100015050";"5";"10";"2021";"10:30";"1";"44";"44143";"2";"1";"7";"6";"AVENUE DU MARECHAL DE LATTRE DE TASSIGNY";"47,1929400000";" -1,5705200000"
"202100015051";"5";"10";"2021";"10:45";"1";"44";"44162";"2";"1";"7";"6";"RUE DU 16 SEPTEMBRE";"47,2084000000";" -1,6480100000"
"202100015052";"4";"10";"2021";"15:10";"1";"43";"43157";"2";"1";"1";"3";"14 Boulevard de Cluny";"45,0488300000";"3,8917600000"
"202100015053";"4";"10";"2021";"17:40";"1";"41";"41295";"1";"1";"1";"4";"RD 956";"47,5694000000";"1,3704800000"
"202100015054";"2";"10";"2021";"18:42";"5";"41";"41212";"2";"1";"2";"4";"RD 956";"47,5746600000";"1,3531600000"
"202100015055";"4";"10";"2021";"07:40";"5";"38";"38185";"2";"9";"3";"3";"IRVOY (RUE)            13 A FIN";"45,1811000000";"5,7138000000"
"202100015056";"5";"10";"2021";"07:40";"2";"37";"37261";"2";"1";"2";"7";"PAILHOU (PLACE GASTON)";"47,3909392634";"0,6817755016"
"202100015057";"4";"10";"2021";"10:28";"1";"37";"37261";"2";"1";"1";"6";"DE GAULLE (AVENUE DU GENERAL)";"47,3810792016";"0,7007918888"
"202100015058";"3";"10";"2021";"19:45";"2";"37";"37233";"2";"1";"1";"2";"ATELIERS (RUE DES)";"47,3855380000";"0,7123690000"
"202100015059";"3";"10";"2021";"12:40";"1";"37";"37261";"2";"1";"2";"7";"ALOUETTE (AVENUE)";"47,3625860282";"0,6959813382"
"202100015060";"1";"10";"2021";"12:30";"1";"35";"35241";"2";"1";"3";"6";"La Ville Biais (rue de )";"48,6147700000";" -2,0571000000"
"202100015061";"5";"10";"2021";"17:50";"1";"35";"35051";"1";"1";"1";"4";"RN157";"48,1143820000";" -1,5771730000"
"202100015062";"5";"10";"2021";"16:45";"1";"35";"35055";"2";"1";"1";"1";"BERRY (RUE DE)";"48,0907220000";" -1,6198690000"
"202100015063";"5";"10";"2021";"08:50";"1";"35";"35238";"2";"1";"1";"6";"DUNANT (HENRY)";"48,1304300000";" -1,6589000000"
"202100015064";"4";"10";"2021";"08:45";"1";"35";"35238";"2";"2";"1";"3";"BREST (DE)";"48,1125300000";" -1,6919700000"
"202100015065";"4";"10";"2021";"06:40";"3";"35";"35051";"1";"1";"1";"2";"RN136";"48,1063130000";" -1,5999410000"
"202100015066";"14";"09";"2021";"15:15";"1";"35";"35115";"2";"2";"1";"6";"CANROBERT (RUE)";"48,3509720000";" -1,1912280000"
"202100015067";"5";"10";"2021";"19:20";"1";"34";"34172";"2";"1";"1";"3";"DUNANT (RUE HENRI)";"43,6268200000";"3,8693400000"
"202100015068";"1";"10";"2021";"13:45";"1";"34";"34032";"1";"1";"1";"3";"Route de Narbonne";"43,3346900000";"3,1978300000"
"202100015069";"5";"10";"2021";"21:20";"5";"33";"33063";"2";"2";"1";"3";"Rue Blanqui";"44,8735900000";" -0,5493400000"
"202100015070";"4";"10";"2021";"18:35";"1";"33";"33063";"2";"3";"1";"3";"AVE DU MAL DE LATTRE DE TASSIGNY CAUD.";"44,8588300000";" -0,6280000000"
"202100015071";"4";"10";"2021";"18:00";"1";"33";"33281";"2";"1";"1";"6";"AVE JEAN PERRIN";"44,8384300000";" -0,6705610000"
"202100015072";"28";"09";"2021";"09:15";"1";"33";"33063";"2";"2";"1";"3";"CRS BALGUERIE STUTTENBERG";"44,8632700000";" -0,5598400000"
"202100015073";"5";"10";"2021";"11:45";"1";"31";"31555";"2";"6";"2";"3";"RUE PAULE RAYMONDIS";"43,6384350000";"1,4820870000"
"202100015074";"4";"10";"2021";"07:20";"1";"31";"31557";"2";"1";"1";"6";"AV JEAN JAURES";"43,5885000000";"1,3590200000"
"202100015075";"22";"09";"2021";"12:45";"1";"30";"30189";"2";"1";"1";"6";"MAS DE CHEYLON";"43,8130000000";"4,3286000000"
"202100015076";"5";"10";"2021";"15:10";"1";"30";"30243";"2";"2";"1";"3";"CAMPELLO (AVENUE DE)";"44,0812200000";"4,0707000000"
"202100015077";"4";"10";"2021";"08:50";"1";"29";"29232";"2";"1";"1";"2";"Hent Glaz";"47,9974600000";" -4,0839700000"
"202100015078";"5";"10";"2021";"12:30";"1";"26";"26362";"2";"9";"1";"6";"14 Rue BarthÃ©lÃ©my de Laffemas";"44,9190700000";"4,9171300000"
"202100015079";"2";"10";"2021";"19:25";"5";"21";"21231";"2";"3";"1";"3";"EDGAR QUINET (RUE)";"47,3268900000";"5,0597400000"
"202100015080";"5";"10";"2021";"17:57";"1";"17";"17300";"2";"1";"8";"7";"REPUBLIQUE   BOULEVARD DE LA";"46,1395200000";" -1,1554400000"
"202100015081";"5";"10";"2021";"07:55";"2";"14";"14366";"2";"1";"3";"6";"ROSE HAREL (RUE)";"49,1424800000";"0,2227300000"
"202100015082";"2";"10";"2021";"18:05";"1";"14";"14069";"2";"1";"3";"7";"La Val Barree";"49,1192700000";"0,2478100000"
"202100015083";"1";"10";"2021";"19:00";"1";"13";"13056";"2";"1";"1";"4";"TURCAN FRANCIS";"43,4118200000";"5,0442800000"
"202100015084";"5";"10";"2021";"18:30";"1";"13";"13209";"2";"1";"1";"6";"MARÃCHAL DE LATTRE (AVENUE)";"43,2454900000";"5,4115000000"
"202100015085";"5";"10";"2021";"19:15";"2";"13";"13210";"2";"1";"1";"3";"ELIE WIESEL (BD)";"43,2723692953";"5,4228145095"
"202100015086";"5";"10";"2021";"07:00";"2";"13";"13208";"1";"1";"1";"6";"ALEX DELABRE (BOULEVARD)";"43,2147810688";"5,3486120365"
"202100015087";"4";"10";"2021";"21:40";"5";"13";"13209";"2";"1";"1";"6";"MARÃCHAL DE LATTRE (AVENUE)";"43,2478300000";"5,4065200000"
"202100015088";"3";"10";"2021";"21:30";"5";"13";"13028";"2";"6";"2";"3";"ROND-POINT DES ARMENIENS";"43,1800000000";"5,5900000000"
"202100015089";"28";"09";"2021";"09:00";"1";"13";"13005";"2";"1";"1";"2";"VERDUN (AVENUE DE)";"43,2881700000";"5,5749200000"
"202100015090";"30";"09";"2021";"16:35";"1";"12";"12089";"2";"1";"1";"1";"14 Rue Gambetta";"44,5606102133";"2,2501348704"
"202100015091";"2";"10";"2021";"11:30";"1";"11";"11262";"2";"9";"1";"6";"SOURCE (AVENUE DE ST JEAN DE LA)";"43,1876500000";"2,9804600000"
"202100015092";"1";"10";"2021";"17:00";"1";"11";"11262";"2";"1";"1";"6";"FRANCE (AVENUE ANATOLE)";"43,1896800000";"2,9853200000"
"202100015093";"3";"10";"2021";"02:00";"3";"11";"11069";"1";"1";"1";"6";"RD 6113";"43,2059000000";"2,3936700000"