"Num_Acc";"jour";"mois";"an";"hrmn";"lum";"dep";"com";"agg";"int";"atm";"col";"adr";"lat";"long"
"202100015094";"5";"10";"2021";"09:05";"1";"07";"07281";"2";"2";"8";"3";"JUIN (RUE MARECHAL)";"44,9496822837";"4,8470445774"
"202100015095";"5";"10";"2021";"15:10";"1";"06";"06027";"2";"1";"1";"3";"BOULEAUX ALLEE DES";"43,6533820000";"7,1541070000"
"202100015096";"1";"10";"2021";"13:25";"1";"05";"05061";"2";"1";"1";"3";"RN 94";"44,5732500000";"6,1088800000"
"202100015097";"4";"10";"2021";"09:50";"1";"05";"05023";"2";"6";"3";"6";"DE GAULLE (AVENUE DU GENERAL)";"44,8956400000";"6,6328500000"
"202100015098";"5";"10";"2021";"06:30";"3";"04";"04112";"1";"1";"8";"1";"RD 907";"43,8421000000";"5,7513500000"
"202100015099";"5";"10";"2021";"13:00";"1";"03";"03321";"2";"1";"3";"6";"BRIAND (RUE ARISTIDE)";"46,5593900000";"3,3445800000"
"202100015100";"5";"10";"2021";"20:30";"3";"01";"01053";"1";"9";"2";"6";"N/A";"46,2278128614";"5,2339406312"
"202100015101";"5";"10";"2021";"19:00";"5";"75";"75116";"2";"4";"2";"7";"PORTE DAUPHINE";"48,8735780000";"2,2752950000"
"202100015102";"5";"10";"2021";"17:40";"1";"75";"75117";"2";"1";"8";"5";"PORTE DE CLICHY";"48,8950310000";"2,3065890000"
"202100015103";"5";"10";"2021";"14:20";"1";"75";"75116";"2";"1";"1";"2";"PORTE MAILLOT";"48,8764290000";"2,2783610000"
"202100015104";"4";"10";"2021";"06:52";"5";"75";"75116";"2";"1";"1";"2";"ECHANGEUR MUETTE";"48,8620140000";"2,2643930000"
"202100015105";"5";"10";"2021";"00:10";"5";"75";"75119";"2";"2";"8";"2";"AVENUE DE FLANDRE";"48,8883860000";"2,3741380000"
"202100015106";"5";"10";"2021";"18:35";"1";"75";"75120";"2";"5";"2";"3";"AVENUE GAMBETTA";"48,8717240000";"2,4043770000"
"202100015107";"5";"10";"2021";"07:30";"1";"75";"75120";"2";"7";"8";"3";"PORTE DE MONTREUIL";"48,8543610000";"2,4130600000"
"202100015108";"5";"10";"2021";"20:09";"5";"75";"75118";"2";"2";"2";"3";"BOULEVARD ORNANO";"48,8946250000";"2,3471480000"
"202100015109";"5";"10";"2021";"17:25";"1";"75";"75118";"2";"1";"1";"6";"RUE DOUDEAUVILLE";"48,8889870000";"2,3591020000"
"202100015110";"5";"10";"2021";"10:40";"1";"75";"75117";"2";"7";"2";"7";"AVENUE DE WAGRAM";"48,8784100000";"2,2983970000"
"202100015111";"5";"10";"2021";"09:50";"1";"75";"75116";"2";"4";"3";"6";"RUE LE MAROIS";"48,8394910000";"2,2625150000"
"202100015112";"5";"10";"2021";"07:10";"2";"75";"75113";"2";"2";"1";"3";"QUAI FRANCOIS MAURIAC";"48,8322350000";"2,3797780000"
"202100015113";"5";"10";"2021";"13:00";"1";"75";"75112";"2";"2";"1";"3";"COURS DES MARECHAUX";"48,8424840000";"2,4390770000"
"202100015114";"5";"10";"2021";"09:15";"1";"75";"75111";"2";"3";"3";"3";"RUE DE MONTREUIL";"48,8504120000";"2,3919220000"
"202100015115";"5";"10";"2021";"11:20";"1";"75";"75108";"2";"1";"3";"6";"AVENUE DE WAGRAM";"48,8772060000";"2,2975320000"
"202100015116";"3";"10";"2021";"14:10";"1";"75";"75108";"2";"3";"2";"3";"AVENUE MONTAIGNE";"48,8658580000";"2,3040020000"
"202100015117";"5";"10";"2021";"09:50";"1";"75";"75107";"2";"3";"3";"2";"QUAI D ORSAY";"48,8624570000";"2,3054050000"
"202100015118";"5";"10";"2021";"20:30";"5";"75";"75101";"2";"1";"2";"6";"QUAI DES TUILERIES";"48,8624430000";"2,3251680000"
"202100015119";"5";"10";"2021";"18:50";"2";"75";"75104";"2";"3";"2";"7";"RUE VIEILLE DU TEMPLE";"48,8584490000";"2,3584850000"
"202100015120";"5";"10";"2021";"13:30";"1";"75";"75103";"2";"3";"8";"3";"RUE DES QUATRE FILS";"48,8604550000";"2,3597180000"
"202100015121";"5";"10";"2021";"13:10";"1";"94";"94067";"2";"1";"1";"6";"GENERAL DE GAULLE (AV DU)";"48,8404402284";"2,4176230429"
"202100015122";"4";"10";"2021";"23:30";"5";"94";"94046";"2";"1";"1";"3";"JEAN JAURES (R)";"48,7924600000";"2,4345500000"
"202100015123";"5";"10";"2021";"08:55";"1";"94";"94076";"2";"1";"3";"1";"Rue Edouard Tremblay";"48,7799090000";"2,3687280000"
"202100015124";"2";"10";"2021";"07:05";"2";"94";"94073";"2";"1";"1";"6";"GEORGES HALGOULT (R)";"48,7616900000";"2,4004600000"
"202100015125";"1";"10";"2021";"02:20";"3";"94";"94073";"1";"1";"1";"6";"RN 186";"48,7534900000";"2,3767800000"
"202100015126";"5";"10";"2021";"07:50";"2";"94";"94021";"2";"9";"2";"3";"Rue du Pont des Halles";"48,7600300000";"2,3453300000"
"202100015127";"5";"10";"2021";"19:20";"2";"94";"94071";"2";"1";"1";"3";"GENERAL LECLERC (R DU)";"48,7774100000";"2,5115600000"
"202100015128";"22";"09";"2021";"07:40";"1";"94";"94070";"1";"1";"1";"3";"Route de Paris";"48,7217100000";"2,5630200000"
"202100015129";"1";"10";"2021";"22:40";"5";"94";"94011";"1";"1";"2";"2";"BOISSY (RTE DE)";"48,7651284185";"2,4915361404"
"202100015130";"5";"10";"2021";"07:10";"5";"94";"94071";"2";"1";"1";"6";"Rue de Paris";"48,7741900000";"2,5085800000"
"202100015131";"5";"10";"2021";"17:00";"1";"93";"93059";"2";"3";"1";"3";"ELYSEE RECLUS (AVENUE) NÂ° 23 AU 217";"48,9523600000";"2,3580000000"
"202100015132";"5";"10";"2021";"15:30";"1";"93";"93066";"2";"3";"1";"6";"Rue du Landy / Rue de la Procession";"48,9154260000";"2,3629840000"
"202100015133";"4";"10";"2021";"08:30";"1";"93";"93066";"2";"3";"1";"3";"Avenue Jean Moulin / Rue Guy Moquet";"48,9408900000";"2,3638800000"
"202100015134";"5";"10";"2021";"14:50";"1";"93";"93006";"2";"9";"2";"3";"Boulevard GalliÃ©ni";"48,8592600000";"2,4149070000"
"202100015135";"5";"10";"2021";"21:45";"5";"93";"93005";"2";"6";"2";"3";"Boulevard AndrÃ© CitroÃ«n";"48,9560240000";"2,4806090000"
"202100015136";"5";"10";"2021";"11:45";"1";"93";"93005";"2";"2";"3";"3";"Avenue Jules Jouy / Avenue LeliÃ¨vre";"48,9264800000";"2,4940700000"
"202100015137";"5";"10";"2021";"12:30";"1";"93";"93005";"2";"1";"2";"3";"Rue Louise Michel";"48,9316940000";"2,5016640000"
"202100015138";"5";"10";"2021";"09:40";"1";"92";"92046";"2";"1";"3";"7";"TOUR (RUE DE LA)";"48,8227200000";"2,3044000000"
"202100015139";"2";"10";"2021";"13:30";"1";"92";"92063";"2";"3";"1";"3";"RICHELIEU (BOULEVARD)";"48,8705718160";"2,1842300892"
"202100015140";"5";"10";"2021";"17:30";"1";"92";"92050";"2";"2";"8";"3";"SURESNES RUE DE";"48,8844598514";"2,2139470130"
"202100015141";"4";"10";"2021";"21:20";"5";"92";"92050";"2";"9";"1";"6";"PROVINCES FRANCAISES BD DES";"48,9001843283";"2,2143191099"
"202100015142";"4";"10";"2021";"16:51";"1";"92";"92050";"2";"1";"1";"3";"PICASSO PABLO AVENUE";"48,8892605697";"2,2295647860"
"202100015143";"5";"10";"2021";"12:55";"1";"92";"92040";"2";"1";"1";"3";"ROUGET DE L'ISLE";"48,8283800000";"2,2658600000"
"202100015144";"1";"10";"2021";"16:40";"1";"92";"92036";"2";"6";"1";"2";"GENERAL DE GAULLE (AVENUE) (PAIRS)";"48,9344869782";"2,3196011782"
"202100015145";"4";"10";"2021";"10:15";"1";"92";"92025";"2";"9";"1";"3";"COLBERT  115 A 131   104 A 124 (RUE)";"48,9147383770";"2,2337367609"
"202100015146";"5";"10";"2021";"17:00";"1";"92";"92024";"2";"4";"1";"2";"GENERAL ROGUET (RUE DU) DE (1 A 57)   (2";"48,9071754921";"2,3129360903"
"202100015147";"30";"09";"2021";"13:55";"1";"37";"37119";"2";"1";"1";"1";"La boucherie";"47,1256878336";"0,4286337644"
"202100015148";"6";"10";"2021";"16:00";"1";"54";"54563";"2";"2";"2";"1";"Rue de la Liberation";"48,4887308766";"6,0795110472"
"202100015149";"25";"09";"2021";"09:35";"1";"38";"38238";"1";"2";"1";"3";"Route des Cerisiers";"45,4933470000";"5,0467560000"
"202100015150";"29";"09";"2021";"19:10";"2";"22";"22105";"1";"1";"1";"7";"route dÃ©partementale 44";"48,5066820000";" -2,1364120000"
"202100015151";"6";"10";"2021";"05:00";"3";"95";"95058";"1";"1";"2";"1";"Route de Clermont";"49,1586344765";"2,2876372933"
"202100015152";"6";"10";"2021";"16:00";"1";"84";"84028";"1";"1";"1";"7";"D8";"44,2232910000";"4,9341700000"
"202100015153";"6";"10";"2021";"08:30";"1";"28";"28177";"1";"1";"7";"1";"D339.7";"48,4114300000";"1,5180500000"
"202100015154";"6";"09";"2021";"08:15";"2";"68";"68300";"2";"6";"1";"3";"56 Rue de Mulhouse";"47,7795540000";"7,3647130000"
"202100015155";"2";"10";"2021";"17:45";"1";"86";"86117";"1";"1";"2";"7";"D5";"46,5037210000";"0,8502820000"
"202100015156";"5";"10";"2021";"21:45";"3";"72";"72053";"1";"1";"8";"6";"Route de Surfonds";"47,9350040000";"0,4195670000"
"202100015157";"24";"08";"2021";"17:40";"1";"19";"19250";"1";"1";"1";"7";"Le breuil";"45,4712590000";"1,5462290000"
"202100015158";"6";"10";"2021";"07:00";"2";"71";"71102";"1";"1";"8";"1";"D977";"46,7326020000";"4,7879130000"
"202100015159";"5";"10";"2021";"10:45";"1";"44";"44128";"1";"2";"1";"3";"carrefour de lancÃ©";"47,5375430000";" -1,9272850000"
"202100015160";"6";"10";"2021";"15:00";"1";"44";"44099";"1";"1";"1";"1";"D178";"47,5946750000";" -1,3838960000"
"202100015161";"6";"10";"2021";"16:40";"1";"29";"29068";"1";"3";"1";"3";"D712 - Kerriou";"48,5218060000";" -3,9638760000"
"202100015162";"6";"10";"2021";"14:00";"1";"38";"38120";"1";"4";"1";"2";"route de Lancey";"45,2365115541";"5,8946250379"
"202100015163";"30";"09";"2021";"20:00";"2";"84";"84089";"1";"2";"1";"3";"Route de la Bonde";"43,7273210000";"5,5087160000"
"202100015164";"6";"10";"2021";"06:35";"3";"72";"72112";"1";"1";"1";"2";"DÃ©partementale 27 PK 9";"48,2440040000";"0,2573300000"
"202100015165";"6";"10";"2021";"13:30";"1";"72";"72042";"1";"1";"1";"1";"Lieut-dit le moulin de l'Ã©tang";"47,9796170000";"0,5605820000"
"202100015166";"6";"10";"2021";"07:45";"2";"14";"14520";"1";"1";"2";"5";"D50 - Route du Coupe Gorge - Lieu dit Gaugy";"49,1373700000";"0,1140900000"
"202100015167";"6";"10";"2021";"07:30";"2";"14";"14538";"1";"1";"1";"3";"D658";"49,1010400000";" -0,3081000000"
"202100015168";"6";"10";"2021";"16:45";"1";"60";"60187";"1";"1";"1";"5";"N/A";"49,4410430000";"1,8526120000"
"202100015169";"6";"10";"2021";"11:25";"1";"73";"73154";"2";"1";"1";"1";"D64";"45,6685810000";"6,3394330000"
"202100015170";"5";"10";"2021";"10:45";"1";"40";"40266";"1";"1";"2";"2";"RD 652";"44,0913530000";" -1,2316270000"
"202100015171";"5";"10";"2021";"11:10";"1";"24";"24547";"2";"1";"3";"6";"Avenue Victor Hugo";"45,1300260000";"1,2993450000"
"202100015172";"6";"10";"2021";"09:00";"1";"24";"24366";"1";"1";"1";"1";"Les Filolies";"44,8904370000";"1,1311860000"
"202100015173";"6";"10";"2021";"14:10";"1";"04";"04081";"1";"1";"1";"7";"Rte de Quisson";"43,7313230000";"5,9950270000"
"202100015174";"6";"10";"2021";"12:00";"1";"28";"28401";"1";"1";"8";"1";"Les Haies d Alleray";"48,4691580000";"0,9652890000"
"202100015175";"5";"10";"2021";"18:00";"1";"48";"48147";"1";"1";"8";"1";"N106";"44,4325430000";"3,5538520000"
"202100015176";"6";"10";"2021";"18:22";"1";"88";"88114";"2";"1";"2";"6";"Rue de la Gde Duchesse Wladimir";"48,1806526625";"5,8945512773"
"202100015177";"5";"10";"2021";"12:15";"1";"978";"97801";"2";"1";"1";"1";"RN7 Quartier d'OrlÃ©ans";"18,0701450000";" -63,0345940000"
"202100015178";"8";"09";"2021";"16:55";"1";"69";"69244";"2";"1";"1";"6";"REPUBLIQUE (DE LA ) (AV)";"45,7637280000";"4,7759150000"
"202100015179";"5";"10";"2021";"14:00";"1";"18";"18063";"1";"1";"1";"6";"A71 - PK231+500";"46,8819020000";"2,4206830000"
"202100015180";"3";"10";"2021";"13:30";"1";"45";"45006";"1";"1";"1";"6";"Aire de repos du Bois du TÃ©lÃ©graphe - Autoroute A71 - PK 110+000 - Sens Province vers PARIS";"47,8084800000";"1,8548550000"
"202100015181";"4";"10";"2021";"11:20";"1";"27";"27580";"1";"1";"1";"2";"A13, PK 124.710 vers CAEN";"49,3495550000";"0,8999880000"
"202100015182";"3";"10";"2021";"19:40";"3";"77";"77219";"1";"1";"1";"6";"D216";"48,7951610000";"2,9531760000"
"202100015183";"5";"10";"2021";"20:10";"3";"77";"77327";"1";"1";"2";"7";"D619";"48,5715530000";"2,9996320000"
"202100015184";"5";"10";"2021";"15:05";"1";"91";"91577";"2";"1";"1";"7";"grand Rue Charles de Gaulle";"48,5967160000";"2,4928720000"
"202100015185";"6";"10";"2021";"07:55";"1";"83";"83065";"1";"1";"6";"3";"RD98A";"43,2632752682";"6,5803384781"
"202100015186";"2";"10";"2021";"23:57";"5";"69";"69270";"2";"1";"1";"7";"HENRI VALENCIN (R)";"45,6335610000";"4,9396200000"
"202100015187";"4";"10";"2021";"11:45";"1";"81";"81187";"1";"1";"1";"2";"Route de Saint-Paul Cap de Joux";"43,7031490000";"2,0041090000"
"202100015188";"5";"10";"2021";"17:00";"1";"23";"23178";"2";"2";"8";"1";"Lieu dit Le Logis";"45,8283360000";"2,3366170000"
"202100015189";"1";"10";"2021";"14:30";"1";"60";"60143";"2";"6";"3";"7";"Rond point candellier";"49,2690540000";"1,8695860000"
"202100015190";"5";"10";"2021";"14:50";"1";"60";"60614";"1";"3";"1";"3";"N/A";"49,2195030000";"1,8407030000"
"202100015191";"4";"10";"2021";"11:30";"1";"13";"13215";"1";"1";"2";"2";"A7-Sens Marseille vers Lyon";"43,3688500000";"5,3610600000"
"202100015192";"4";"10";"2021";"08:22";"1";"13";"13055";"1";"1";"2";"2";"A507 sens Marseille - Aubagne";"43,3081100000";"5,4250700000"
"202100015193";"4";"10";"2021";"14:30";"1";"69";"69029";"1";"1";"1";"2";"RD383   7.640 A 11.044";"45,7388800000";"4,9045300000"
"202100015194";"25";"09";"2021";"05:50";"3";"69";"69199";"1";"9";"1";"3";"RD383   14.250 A 18.000";"45,6945200000";"4,8442100000"
"202100015195";"19";"09";"2021";"04:40";"3";"42";"42044";"1";"1";"8";"2";"RN88";"45,3951800000";"4,3359800000"
"202100015196";"5";"10";"2021";"18:20";"1";"33";"33192";"1";"1";"1";"5";"Rocade Sud Ouest A630 -E16-";"44,7901600000";" -0,6089000000"
"202100015197";"5";"10";"2021";"16:46";"1";"91";"91037";"1";"1";"2";"2";"AUTOROUTE A6";"48,5329180000";"2,5007580000"
"202100015198";"5";"10";"2021";"14:00";"1";"91";"91345";"1";"1";"1";"2";"AUTOROUTE A6";"48,6887600000";"2,3246600000"
"202100015199";"5";"10";"2021";"07:50";"3";"91";"91687";"1";"1";"2";"3";"AUTOROUTE A6";"48,6640000000";"2,3658000000"
"202100015200";"4";"10";"2021";"21:26";"3";"91";"91661";"1";"1";"1";"1";"AUTOROUTE A10";"48,6859300000";"2,2148200000"
"202100015201";"5";"10";"2021";"18:10";"1";"92";"92025";"1";"1";"8";"3";"A86";"48,9274239062";"2,2374158506"
"202100015202";"5";"10";"2021";"12:35";"1";"78";"78640";"1";"1";"1";"4";"A86 EXT";"48,7771810000";"2,2241580000"
"202100015203";"5";"10";"2021";"12:35";"1";"92";"92047";"1";"1";"8";"4";"A13";"48,8360747161";"2,1834971780"
"202100015204";"5";"10";"2021";"09:50";"1";"78";"78640";"1";"1";"3";"4";"A86 INT";"48,7775000000";"2,2202300000"
"202100015205";"5";"10";"2021";"07:30";"2";"92";"92072";"1";"1";"2";"3";"N118";"48,8211533023";"2,2194239697"
"202100015206";"4";"10";"2021";"10:00";"1";"78";"78043";"1";"1";"1";"2";"A12 W";"48,8334600000";"2,0856400000"
"202100015207";"5";"10";"2021";"19:50";"3";"93";"93048";"1";"1";"2";"4";"AUTOROUTE A3";"48,8730079962";"2,4352838986"
"202100015208";"5";"10";"2021";"21:30";"3";"93";"93027";"1";"1";"2";"7";"AUTOROUTE A86";"48,9284698590";"2,4132638547"
"202100015209";"5";"10";"2021";"17:50";"1";"60";"60631";"1";"1";"2";"5";"AUTOROUTE A1";"49,1499596936";"2,5829930304"
"202100015210";"5";"10";"2021";"13:00";"1";"93";"93027";"1";"1";"2";"2";"AUTOROUTE A86";"48,9283900000";"2,4167700000"
"202100015211";"5";"10";"2021";"11:00";"1";"93";"93010";"1";"1";"3";"2";"AUTOROUTE A3";"48,9063225808";"2,4723963713"
"202100015212";"1";"09";"2021";"14:00";"1";"95";"95582";"1";"1";"1";"2";" A15";"48,9639270000";"2,2632030000"
"202100015213";"5";"10";"2021";"03:10";"3";"93";"93005";"1";"1";"1";"6";"AUTOROUTE A1";"48,9579000000";"2,4630100000"
"202100015214";"5";"10";"2021";"16:40";"1";"77";"77122";"1";"1";"1";"7";"A5b";"48,6536040000";"2,6163220000"
"202100015215";"5";"10";"2021";"09:30";"1";"94";"94033";"1";"1";"3";"5";"A86.INT";"48,8487900000";"2,4908900000"
"202100015216";"2";"10";"2021";"22:50";"3";"94";"94044";"1";"1";"2";"2";"RN406.W";"48,7573897525";"2,4765319865"
"202100015217";"26";"06";"2021";"16:45";"1";"09";"09160";"2";"1";"1";"2";"63 avenue Alsace Lorraine";"42,9447260000";"1,8576630000"
"202100015218";"3";"10";"2021";"05:35";"3";"75";"75120";"2";"4";"2";"6";"ECHANGEUR BAGNOLET";"48,8669620000";"2,4134350000"
"202100015219";"4";"10";"2021";"16:05";"1";"75";"75119";"2";"7";"1";"3";"PLACE DE LA PORTE DE PANTIN";"48,8895410000";"2,3956300000"
"202100015220";"4";"10";"2021";"16:30";"1";"75";"75116";"2";"3";"1";"6";"BOULEVARD SUCHET";"48,8508910000";"2,2605120000"
"202100015221";"4";"10";"2021";"13:30";"1";"75";"75116";"2";"3";"1";"3";"AVENUE KLEBER";"48,8661490000";"2,2894820000"
"202100015222";"4";"10";"2021";"10:50";"1";"75";"75116";"2";"1";"1";"6";"ALLEE DU BORD DE L EAU";"48,8681100000";"2,2349400000"
"202100015223";"3";"10";"2021";"12:25";"1";"75";"75116";"2";"1";"2";"3";"ALLEE DE LONGCHAMP";"48,8757980000";"2,2734586000"
"202100015224";"3";"10";"2021";"19:35";"5";"75";"75113";"2";"1";"1";"2";"RUE DES TERRES AU CURE";"48,8240950000";"2,3722490000"
"202100015225";"4";"10";"2021";"17:10";"1";"75";"75111";"2";"5";"1";"3";"AVENUE DE LA REPUBLIQUE";"48,8651290000";"2,3749260000"
"202100015226";"4";"10";"2021";"13:45";"1";"75";"75110";"2";"3";"1";"6";"RUE DU FAUBOURG SAINT DENIS";"48,8812790000";"2,3581310000"
"202100015227";"4";"10";"2021";"16:30";"1";"75";"75107";"2";"3";"1";"7";"QUAI D ORSAY";"48,8625740000";"2,3190080000"
"202100015228";"4";"10";"2021";"06:18";"5";"75";"75107";"2";"2";"1";"3";"QUAI D ORSAY";"48,8628290000";"2,3134450000"
"202100015229";"4";"10";"2021";"09:50";"1";"75";"75107";"2";"7";"1";"1";"AVENUE DE SUFFREN";"48,8511640000";"2,3009950000"
"202100015230";"4";"10";"2021";"09:20";"1";"75";"75107";"2";"2";"1";"6";"RUE DE SAINT SIMON";"48,8564060000";"2,3240980000"
"202100015231";"4";"10";"2021";"19:00";"1";"75";"75101";"2";"2";"1";"7";"RUE DE L AMIRAL DE COLIGNY";"48,8609140000";"2,3408020000"
"202100015232";"4";"10";"2021";"08:55";"1";"75";"75104";"2";"2";"1";"3";"RUE MORNAY";"48,8495150000";"2,3656430000"
"202100015233";"4";"10";"2021";"06:40";"5";"75";"75103";"2";"2";"1";"6";"RUE MESLAY";"48,8671780000";"2,3629520000"
"202100015234";"4";"10";"2021";"12:30";"1";"94";"94046";"2";"2";"1";"1";"Avenue de la RÃ©publique";"48,8028000000";"2,4340500000"
"202100015235";"4";"10";"2021";"13:20";"1";"94";"94076";"2";"1";"1";"6";"Rue de Verdun";"48,7910000000";"2,3536500000"
"202100015236";"3";"10";"2021";"16:30";"1";"94";"94022";"2";"1";"1";"1";"Avenue Anatole France";"48,7563700000";"2,4134900000"
"202100015237";"4";"10";"2021";"09:10";"1";"93";"93066";"2";"9";"1";"1";"Rue du Landy";"48,9153230000";"2,3533260000"
"202100015238";"3";"10";"2021";"11:08";"1";"93";"93066";"2";"1";"2";"3";"Rue Brise Echalas";"48,9382050000";"2,3456650000"
"202100015239";"4";"10";"2021";"08:40";"1";"93";"93064";"2";"9";"1";"3";"CENTRE VILLE (MAIL)";"48,8751600000";"2,4829120000"
"202100015240";"3";"10";"2021";"23:45";"5";"93";"93048";"2";"1";"1";"3";"PARIS (RUE DE)";"48,8552500000";"2,4199600000"
"202100015241";"4";"10";"2021";"17:40";"1";"93";"93051";"2";"1";"1";"3";"Rue de la Plaine";"48,8497124674";"2,5265378955"
"202100015242";"4";"10";"2021";"10:15";"1";"93";"93029";"2";"3";"1";"6";"Rue Marcellin Berthelot / Avenue Henri Barbusse";"48,9174480000";"2,4463620000"
"202100015243";"4";"10";"2021";"07:50";"1";"93";"93047";"2";"2";"1";"1";"Boulevard Bargue / Rue Corot";"48,9007920000";"2,5576000000"
"202100015244";"4";"10";"2021";"14:38";"1";"93";"93001";"2";"1";"1";"6";"REPUBLIQUE (AVE DE LA ) DE 52 A 104";"48,9084854399";"2,3872348666"
"202100015245";"1";"10";"2021";"00:10";"5";"92";"92020";"2";"1";"1";"7";"REPUBLIQUE AV. NÂ°27 A 105 ET 26 A 178";"48,8039497979";"2,2977653146"
"202100015246";"4";"10";"2021";"16:35";"1";"92";"92048";"2";"7";"1";"6";"REPUBLIQUE (RUE DE LA) NÂ° 1 A 45";"48,8114000000";"2,2369600000"
"202100015247";"30";"09";"2021";"16:04";"1";"92";"92044";"2";"2";"1";"3";"VOLTAIRE(RUE)1A51 ET2A40";"48,8916692099";"2,2835898399"
"202100015248";"4";"10";"2021";"19:25";"2";"92";"92040";"2";"1";"1";"6";"CAMILLE DESMOULINS";"48,8300200000";"2,2650450000"
"202100015249";"4";"10";"2021";"11:50";"1";"92";"92002";"2";"1";"1";"6";"GABRIEL PERI (AVENUE)";"48,7540160677";"2,3007814586"
"202100015250";"5";"10";"2021";"00:53";"5";"974";"97415";"1";"1";"1";"6";"Fleurimont";" -21,0340780000";"55,2775600000"
"202100015251";"4";"10";"2021";"16:50";"1";"12";"12300";"2";"1";"8";"2";"Avenue Etienne Soulie";"44,3561300000";"2,0388840000"
"202100015252";"4";"10";"2021";"13:00";"1";"45";"45256";"1";"1";"1";"2";"RD 2060";"47,9684620000";"2,5523900000"
"202100015253";"5";"10";"2021";"01:45";"3";"49";"49092";"1";"4";"2";"7";"le plessis, chanzeaux";"47,2695110000";" -0,6215000000"
"202100015254";"4";"10";"2021";"07:00";"1";"974";"97412";"2";"1";"1";"3";"1 Rue Victor Hugo";" -21,3797580000";"55,6355560000"
"202100015255";"4";"10";"2021";"16:55";"1";"74";"74098";"2";"1";"3";"6";"Route de Burgaz";"45,9783330000";"6,1215250000"
"202100015256";"2";"10";"2021";"21:05";"5";"83";"83070";"2";"1";"1";"1";"Quai Baptistin Pins";"43,1378100000";"6,3773860000"
"202100015257";"24";"09";"2021";"07:45";"2";"24";"24372";"1";"1";"1";"5";"A89, pk 105+100";"45,1429720000";"0,5572130000"
"202100015258";"1";"10";"2021";"20:15";"2";"56";"56251";"1";"1";"3";"6";"N165 sens Brest/Nantes";"47,6086980000";" -2,6086900000"
"202100015259";"4";"10";"2021";"15:55";"1";"74";"74183";"1";"1";"5";"7";"Route de Sommand";"46,1459640000";"6,5158680000"
"202100015260";"2";"10";"2021";"17:40";"1";"76";"76611";"1";"2";"3";"3";"D467";"49,6506120000";"0,8774690000"
"202100015261";"5";"10";"2021";"00:00";"3";"79";"79195";"1";"1";"1";"6";"N/A";"46,9451350000";" -0,5410770000"
"202100015262";"4";"10";"2021";"17:00";"1";"33";"33157";"1";"3";"1";"1";"N/A";"44,8178140000";" -0,2539780000"
"202100015263";"3";"10";"2021";"14:30";"1";"33";"33540";"2";"1";"8";"6";"Rue des Anciens Combattants";"45,3552820000";" -1,0607060000"
"202100015264";"4";"10";"2021";"11:00";"1";"32";"32133";"1";"1";"1";"1";"la barrique";"43,9849410000";"0,2492090000"
"202100015265";"26";"09";"2021";"14:45";"1";"49";"49364";"2";"1";"1";"7";"Chemin sous les Clos";"47,1504720000";" -0,2449390000"
"202100015266";"3";"10";"2021";"17:00";"1";"49";"49345";"2";"3";"1";"3";"Chemin du Grand Bonnezeaux";"47,2767830000";" -0,4848250000"
"202100015267";"2";"10";"2021";"00:25";"5";"68";"68325";"1";"1";"2";"7";"Rue de Waldighoffen";"47,5495510000";"7,3311030000"
"202100015268";"4";"10";"2021";"15:55";"1";"25";"25139";"1";"1";"2";"7";"Rue du Docteur Girard - D 395";"47,0210000000";"6,4423370000"
"202100015269";"4";"10";"2021";"12:50";"1";"35";"35049";"1";"1";"7";"7";"Avenue Olivier Biard";"48,6655140000";" -1,8651870000"
"202100015270";"3";"10";"2021";"15:00";"1";"35";"35358";"1";"3";"1";"3";"Rue de la Rance";"48,5412660000";" -1,9613710000"
"202100015271";"4";"10";"2021";"09:30";"1";"31";"31592";"1";"2";"1";"3";"Chemin de Landery";"43,7289020000";"1,2379310000"
"202100015272";"5";"10";"2021";"11:45";"1";"03";"03173";"1";"1";"3";"1";"RN 79, pk 85+500";"46,4559830000";"3,9185570000"
"202100015273";"4";"10";"2021";"15:25";"1";"15";"15259";"1";"1";"1";"2";"RD 909";"45,1159650000";"3,1446650000"
"202100015274";"5";"10";"2021";"06:15";"2";"54";"54540";"1";"1";"5";"6";"D993a";"48,5698348095";"6,9633793825"
"202100015275";"29";"09";"2021";"16:30";"1";"06";"06023";"1";"1";"1";"6";"1146 Chemin de BourgÃ©mo";"43,9445760000";"7,5059800000"
"202100015276";"4";"10";"2021";"15:30";"1";"14";"14678";"2";"2";"2";"3";"D91a";"48,9781360000";" -0,2336200000"
"202100015277";"5";"10";"2021";"01:30";"5";"85";"85029";"2";"3";"2";"6";"8 Rue du Grand Vitrail";"46,9738180000";" -1,9987290000"
"202100015278";"4";"10";"2021";"10:30";"1";"27";"27096";"1";"2";"1";"2";"Route dÃ©partementale 21";"48,8828920000";"0,6689890000"
"202100015279";"2";"10";"2021";"07:30";"1";"06";"06085";"1";"6";"1";"6";"Route d Antibes";"43,6020910000";"7,0359370000"
"202100015280";"5";"10";"2021";"15:20";"1";"72";"72198";"1";"1";"2";"2";"A11 - PK 174+700";"48,0436600000";"0,1524350000"
"202100015281";"5";"10";"2021";"08:45";"1";"07";"07142";"1";"1";"1";"1";"Route Nationale 102";"44,7615750000";"3,9212230000"
"202100015282";"30";"09";"2021";"06:40";"2";"06";"06088";"1";"1";"1";"6";"A8, chaussÃ©e sud, pk 186.000,";"43,6705410000";"7,2014520000"