"Num_Acc";"jour";"mois";"an";"hrmn";"lum";"dep";"com";"agg";"int";"atm";"col";"adr";"lat";"long"
"202100015283";"3";"10";"2021";"21:50";"3";"11";"11441";"1";"1";"2";"4";"Autoroute A9";"43,2115020000";"3,0893360000"
"202100015284";"4";"10";"2021";"18:30";"5";"976";"97615";"2";"1";"1";"2";"20 route nationale 4";" -12,7948370000";"45,2729040000"
"202100015285";"21";"09";"2021";"03:50";"5";"971";"97116";"1";"1";"1";"6";"D106";"16,3384610000";" -61,5095810000"
"202100015286";"25";"08";"2021";"16:30";"1";"37";"37011";"1";"4";"1";"3";"D749";"47,2339143490";"0,1606064539"
"202100015287";"15";"09";"2021";"09:15";"1";"66";"66008";"2";"1";"1";"3";"760 Avenue du Tech";"42,5610350000";"3,0410460000"
"202100015288";"25";"08";"2021";"09:00";"1";"84";"84068";"2";"6";"7";"2";"Rond-point D27 / D943";"43,7651200000";"5,3654480000"
"202100015289";"2";"10";"2021";"15:35";"1";"04";"04019";"2";"1";"1";"2";"Av Porfirio Diaz";"44,3866230000";"6,6544750000"
"202100015290";"25";"08";"2021";"06:00";"2";"52";"52269";"2";"3";"8";"6";"D74 - pk 19+670";"47,8788330000";"5,3402780000"
"202100015291";"5";"10";"2021";"17:15";"1";"57";"57222";"1";"4";"2";"2";"D30";"49,1574040000";"6,8801670000"
"202100015292";"23";"08";"2021";"07:05";"1";"32";"32013";"1";"1";"1";"6";"D626";"43,6287450000";"0,6339240000"
"202100015293";"3";"10";"2021";"03:45";"3";"17";"17118";"1";"1";"1";"6";"RD 145E1";"45,2397230000";" -0,3894140000"
"202100015294";"22";"07";"2021";"03:00";"3";"33";"33487";"2";"1";"1";"6";"Avenue Paul Princeteau";"44,9572820000";" -0,4688820000"
"202100015295";"5";"10";"2021";"06:25";"3";"14";"14762";"1";"1";"3";"1";"D407";"48,8358129665";" -0,8627001023"
"202100015296";"26";"09";"2021";"19:25";"3";"13";"13216";"1";"1";"1";"3";"A55-Sens Marseille vers Martigues";"43,3563100000";"5,3468000000"
"202100015297";"27";"09";"2021";"22:20";"3";"67";"67218";"2";"1";"2";"4";"M35";"48,5497100000";"7,7311200000"
"202100015298";"1";"10";"2021";"18:50";"1";"59";"59566";"1";"1";"2";"2";"AUTOROUTE A25";"50,6222775260";"2,9689436571"
"202100015299";"4";"10";"2021";"08:30";"1";"91";"91345";"1";"1";"1";"2";"AUTOROUTE A6";"48,6893100000";"2,3241700000"
"202100015300";"4";"10";"2021";"00:20";"3";"94";"94065";"1";"1";"1";"2";"AUTOROUTE A106";"48,7553968079";"2,3507115036"
"202100015301";"3";"10";"2021";"23:23";"3";"94";"94065";"1";"1";"1";"2";"AUTOROUTE A106";"48,7550727749";"2,3510336101"
"202100015302";"4";"10";"2021";"18:24";"1";"78";"78423";"1";"1";"1";"2";"RN12";"48,7964750000";"2,0278250000"
"202100015303";"4";"10";"2021";"17:50";"1";"92";"92025";"1";"1";"1";"3";"A86";"48,9217509309";"2,2261054261"
"202100015304";"4";"10";"2021";"08:35";"1";"78";"78362";"1";"1";"1";"2";"A13";"48,9777090000";"1,7123110000"
"202100015305";"3";"10";"2021";"02:55";"3";"92";"92047";"1";"1";"3";"5";"A13";"48,8364383711";"2,1847164237"
"202100015306";"4";"10";"2021";"10:15";"1";"95";"95572";"1";"1";"1";"2";"RN 184";"49,0382060000";"2,1240440000"
"202100015307";"4";"10";"2021";"09:30";"1";"95";"95351";"1";"1";"1";"2";"RN 104";"49,0355234247";"2,4871802330"
"202100015308";"4";"10";"2021";"09:00";"1";"93";"93010";"1";"1";"1";"3";"AUTOROUTE A3";"48,9147396278";"2,4776225854"
"202100015309";"4";"10";"2021";"10:40";"1";"93";"93051";"1";"1";"1";"6";"A4";"48,8349100000";"2,5756400000"
"202100015310";"3";"10";"2021";"11:15";"1";"78";"78043";"1";"1";"1";"6";"A12 W";"48,8397640000";"2,0943990000"
"202100015311";"3";"10";"2021";"15:40";"1";"69";"69389";"2";"1";"2";"6";"PAUL SEDAILLIAN (Q)";"45,7937700000";"4,8223830000"
"202100015312";"3";"10";"2021";"05:20";"4";"69";"69382";"2";"9";"8";"6";"PERRACHE (Q)";"45,7411100000";"4,8238900000"
"202100015313";"3";"10";"2021";"08:50";"1";"2B";"2B033";"2";"2";"1";"3";"MIOT - RUE";"42,6939000000";"9,4498000000"
"202100015314";"2";"10";"2021";"20:08";"5";"91";"91691";"2";"1";"2";"1";"GENERAL LECLER(RUE)";"48,7153810000";"2,4762370000"
"202100015315";"3";"10";"2021";"06:10";"3";"91";"91421";"1";"1";"2";"2";"NATIONALE 6 (PARTIE FORET)";"48,6902500000";"2,4641800000"
"202100015316";"2";"10";"2021";"11:15";"1";"91";"91027";"2";"2";"1";"3";"RUE PAUL LAFARGUE";"48,6959210000";"2,3823520000"
"202100015317";"3";"10";"2021";"12:30";"1";"83";"83069";"2";"1";"1";"3";"MACRI (CHEMIN SOLDAT)";"43,1165200000";"6,1467000000"
"202100015318";"3";"10";"2021";"20:00";"5";"81";"81065";"1";"1";"1";"7";"Route de Lautrec";"43,6519600000";"2,1824000000"
"202100015319";"3";"10";"2021";"07:30";"2";"73";"73065";"2";"1";"1";"1";"D12 VERCORS (CHEMIN DU)";"45,5602600000";"5,9343200000"
"202100015320";"2";"10";"2021";"09:20";"1";"69";"69266";"2";"2";"1";"3";"ANATOLE FRANCE (R)";"45,7670000000";"4,8710000000"
"202100015321";"3";"10";"2021";"13:20";"1";"64";"64483";"2";"1";"2";"1";"ITHURRALDE ANDRE (AVENUE)";"43,3977000000";" -1,6429700000"
"202100015322";"3";"10";"2021";"21:20";"5";"64";"64024";"2";"3";"2";"3";"DUFOURG (RUE AMEDE)";"43,4803489195";" -1,5155003965"
"202100015323";"1";"10";"2021";"16:15";"1";"61";"61497";"1";"3";"2";"3";"D.501";"48,4538000000";"0,1071800000"
"202100015324";"3";"10";"2021";"13:25";"1";"59";"59599";"2";"1";"2";"6";"PORT (RUE DU)";"50,7169010000";"3,1542580000"
"202100015325";"3";"10";"2021";"06:40";"5";"59";"59508";"2";"1";"3";"1";"FLANDRES (RESIDENCE DES)";"50,7469108094";"3,1280994415"
"202100015326";"2";"10";"2021";"17:00";"1";"59";"59350";"2";"3";"2";"7";"MARAIS RUE DU";"50,6377920000";"3,0236960000"
"202100015327";"3";"10";"2021";"02:45";"5";"59";"59328";"2";"1";"2";"6";"DUNKERQUE AVENUE DE";"50,6384616835";"3,0224566162"
"202100015328";"3";"10";"2021";"15:10";"1";"59";"59183";"2";"1";"1";"6";"FORT MARDYCK - ROUTE";"51,0264214084";"2,3121686287"
"202100015329";"3";"10";"2021";"03:30";"5";"57";"57616";"1";"1";"1";"6";"PAUL LANGEVIN (AVENUE )";"49,1407700000";"6,1997500000"
"202100015330";"3";"10";"2021";"05:00";"5";"51";"51454";"2";"3";"2";"7";"Avenue Jean JaurÃ¨s";"49,2621590464";"4,0523889642"
"202100015331";"3";"10";"2021";"19:00";"1";"49";"49007";"2";"1";"1";"7";"SAINT JACQUES";"47,4738000000";" -0,5694500000"
"202100015332";"3";"10";"2021";"15:08";"1";"49";"49267";"2";"1";"1";"3";"A87N";"47,4778600000";" -0,5015800000"
"202100015333";"3";"10";"2021";"09:20";"1";"49";"49007";"2";"1";"1";"7";"ESTIENNE D'ORVES BOULEVARD";"47,4614300000";" -0,5169400000"
"202100015334";"3";"10";"2021";"13:00";"1";"45";"45284";"1";"1";"1";"6";"RN 60";"47,9204100000";"1,9992000000"
"202100015335";"3";"10";"2021";"06:15";"5";"45";"45284";"2";"1";"2";"2";"105 Rue du Faubourg de Bourgogne";"47,9030300000";"1,9304800000"
"202100015336";"2";"10";"2021";"17:20";"1";"45";"45234";"2";"1";"2";"3";"SECRETAIN (AVENUE ROGER)";"47,8804900000";"1,9066500000"
"202100015337";"3";"10";"2021";"21:35";"5";"35";"35055";"2";"1";"1";"6";"AVENUE D'ORIENT";"48,0876600000";" -1,6053100000"
"202100015338";"3";"10";"2021";"13:10";"1";"33";"33522";"2";"1";"2";"2";"Cours de la LibÃ©ration";"44,8065000000";" -0,5918100000"
"202100015339";"3";"10";"2021";"17:52";"1";"32";"32013";"1";"1";"2";"7";"BARRAN (CHEMIN DE)";"43,6521300000";"0,5310900000"
"202100015340";"3";"10";"2021";"13:30";"1";"31";"31555";"2";"5";"3";"3";"BD PIERRE ET MARIE CURIE";"43,6261500000";"1,4371100000"
"202100015341";"3";"10";"2021";"09:30";"1";"31";"31555";"2";"1";"1";"2";"ARCOLE (BD D) DU 1AU 79";"43,6105900000";"1,4429100000"
"202100015342";"2";"10";"2021";"19:55";"5";"22";"22360";"2";"6";"2";"7";"GAMMERTINGEN (ROND-POINT DE)";"48,4859400000";" -2,7426700000"
"202100015343";"1";"10";"2021";"17:20";"1";"17";"17306";"2";"2";"2";"3";"COQUELICOTS (DES)";"45,6481757292";" -1,0342017307"
"202100015344";"3";"10";"2021";"17:50";"1";"13";"13210";"2";"1";"1";"3";"TOULON (AVENUE DE)";"43,2833800000";"5,3979500000"
"202100015345";"3";"10";"2021";"11:15";"1";"13";"13214";"2";"1";"1";"1";"CAPITAINE GEZE (BOULEVARD)";"43,3301900000";"5,3702100000"
"202100015346";"3";"10";"2021";"21:50";"5";"13";"13047";"2";"6";"2";"3";"RAYMOND FILIPPI AVENUE";"43,4958700000";"4,9812100000"
"202100015347";"3";"10";"2021";"16:20";"1";"11";"11069";"2";"3";"1";"2";"MOULIN JEAN -AVENUE-";"43,2088500000";"2,3774100000"
"202100015348";"2";"10";"2021";"12:00";"1";"07";"07102";"2";"1";"1";"7";"SADI-CARNOT (AVEN.) [DU NÂ° AU NÂ°]";"44,9247690000";"4,8682630000"
"202100015349";"3";"10";"2021";"20:30";"3";"06";"06027";"2";"1";"1";"6";"GAUDE AVENUE DE LA";"43,6677540000";"7,1520130000"
"202100015350";"2";"10";"2021";"11:00";"1";"06";"06027";"2";"1";"1";"6";"PLAGE BOULEVARD DE LA";"43,6578160000";"7,1706930000"
"202100015351";"3";"10";"2021";"13:55";"1";"01";"01053";"2";"6";"1";"3";"SAINT ROCH (RUE)";"46,1934880000";"5,2248970000"
"202100015352";"2";"10";"2021";"19:40";"5";"75";"75119";"2";"1";"2";"2";"PORTE DE PANTIN";"48,8909580000";"2,3960330000"
"202100015353";"3";"10";"2021";"00:30";"5";"75";"75111";"2";"1";"2";"2";"RUE GODEFROY CAVAIGNAC";"48,8562330000";"2,3805100000"
"202100015354";"3";"10";"2021";"02:25";"5";"75";"75120";"2";"7";"2";"3";"PLACE DE LA PORTE DE BAGNOLET";"48,8645270000";"2,4087270000"
"202100015355";"2";"10";"2021";"16:33";"1";"75";"75118";"2";"2";"2";"6";"RUE DE LA CHAPELLE";"48,8985370000";"2,3590650000"
"202100015356";"3";"10";"2021";"12:30";"1";"75";"75117";"2";"1";"2";"2";"BOULEVARD PEREIRE";"48,8826210000";"2,2932420000"
"202100015357";"3";"10";"2021";"20:10";"5";"75";"75114";"2";"3";"1";"3";"AVENUE DU GENERAL LECLERC";"48,8239720000";"2,3257260000"
"202100015358";"3";"10";"2021";"20:45";"5";"75";"75113";"2";"2";"1";"6";"BOULEVARD VINCENT AURIOL";"48,8361930000";"2,3715200000"
"202100015359";"2";"10";"2021";"23:00";"5";"75";"75113";"2";"2";"3";"4";"RUE DE LA GLACIERE";"48,8308160000";"2,3441100000"
"202100015360";"2";"10";"2021";"20:50";"5";"75";"75108";"2";"4";"2";"6";"AVENUE GEORGE V";"48,8662060000";"2,3014540000"
"202100015361";"2";"10";"2021";"17:55";"1";"75";"75104";"2";"2";"2";"2";"QUAI DES CELESTINS";"48,8510640000";"2,3622560000"
"202100015362";"3";"10";"2021";"13:00";"1";"94";"94065";"2";"1";"2";"4";"Rue de la Vanne";"48,7525700000";"2,3544800000"
"202100015363";"3";"10";"2021";"14:40";"1";"94";"94017";"2";"1";"2";"3";"Avenue du 8 Mai 1945";"48,8073400000";"2,5373900000"
"202100015364";"3";"10";"2021";"14:20";"1";"93";"93073";"1";"9";"8";"6";"Rue du Chapitre";"49,0015740352";"2,5370424986"
"202100015365";"3";"10";"2021";"01:20";"5";"93";"93072";"2";"1";"6";"1";"MARCEL CACHIN (AVENUE) COTE NÂ°16 AU 50";"48,9598000000";"2,3820600000"
"202100015366";"3";"10";"2021";"13:59";"1";"93";"93070";"2";"1";"1";"2";"CAPITAINE-GLARNER (AV)";"48,9031200000";"2,3298300000"
"202100015367";"3";"10";"2021";"02:30";"5";"93";"93066";"2";"1";"3";"6";"Avenue du PrÃ©sident Wilson";"48,9072910000";"2,3580460000"
"202100015368";"3";"10";"2021";"12:00";"1";"93";"93048";"2";"1";"3";"6";"Boulevard ThÃ©ophile Sueur";"48,8595100000";"2,4666990000"
"202100015369";"3";"10";"2021";"00:15";"5";"93";"93048";"2";"1";"2";"3";"Rue de Paris";"48,8562470089";"2,4260076284"
"202100015370";"3";"10";"2021";"14:40";"1";"93";"93008";"2";"2";"2";"3";"ALLENDE (AVE DU P. SALVADOR)";"48,9066945767";"2,4456413090"
"202100015371";"3";"10";"2021";"15:40";"1";"92";"92012";"2";"6";"1";"2";"RHIN ET DANUBE (ROND POINT)";"48,8406879613";"2,2288774922"
"202100015372";"26";"09";"2021";"23:25";"3";"39";"39259";"1";"1";"1";"7";"N/A";"46,9961810000";"5,8382780000"
"202100015373";"4";"10";"2021";"07:25";"1";"974";"97415";"2";"3";"1";"3";"Chaussee Royale";" -20,9997670000";"55,2835890000"
"202100015374";"4";"10";"2021";"07:45";"1";"95";"95313";"1";"1";"1";"3";"A16";"49,1132560000";"2,2544510000"
"202100015375";"29";"09";"2021";"23:15";"3";"80";"80043";"1";"1";"1";"7";"D124";"50,1317560000";"2,4863790000"
"202100015376";"4";"10";"2021";"18:05";"1";"37";"37123";"2";"1";"1";"1";"D952";"47,3219752446";"0,4063181978"
"202100015377";"4";"10";"2021";"17:50";"1";"83";"83004";"1";"1";"3";"6";"A8";"43,4518231896";"6,5177199769"
"202100015378";"4";"10";"2021";"13:10";"1";"83";"83086";"1";"1";"1";"5";"Route d Aix En Provence";"43,4680810000";"6,5511560000"
"202100015379";"24";"08";"2021";"14:00";"1";"54";"54408";"1";"1";"1";"2";"AUTOROUTE A4 ";"49,1695553201";"5,7545614244"
"202100015380";"3";"10";"2021";"15:50";"1";"974";"97413";"1";"1";"1";"7";"Chemin des CamÃ©lias";" -21,1677040000";"55,3197130000"
"202100015381";"4";"10";"2021";"12:35";"1";"62";"62042";"2";"6";"1";"3";"Rue de Fampoux";"50,3035710000";"2,8370480000"
"202100015382";"4";"10";"2021";"00:15";"5";"57";"57103";"2";"1";"1";"6";"9 Rue Paul Glath";"49,1204520000";"7,4644320000"
"202100015383";"8";"09";"2021";"17:15";"1";"51";"51662";"2";"2";"1";"3";"Rue LÃ©on Bourgeois";"49,2931302971";"4,1222915823"
"202100015384";"4";"10";"2021";"06:25";"3";"74";"74009";"1";"1";"2";"3";"route de genÃ¨ve D1201";"46,0757170000";"6,0926490000"
"202100015385";"3";"10";"2021";"18:15";"1";"79";"79286";"1";"2";"1";"1";"N/A";"46,6237150000";" -0,5847400000"
"202100015386";"4";"10";"2021";"08:45";"1";"79";"79216";"2";"1";"1";"1";"42 Rue Saint Martin";"46,2554390000";" -0,3439320000"
"202100015387";"4";"10";"2021";"20:30";"5";"2B";"2B207";"2";"1";"8";"2";"hameau de FOLELLI";"42,4497050000";"9,5065210000"
"202100015388";"2";"10";"2021";"15:00";"1";"63";"63295";"2";"1";"1";"6";"52 rue du commerce";"46,0179090000";"3,3549930000"
"202100015389";"1";"10";"2021";"12:10";"1";"49";"49036";"2";"2";"1";"3";"Place de l Eglise";"47,7418450000";" -0,9666630000"
"202100015390";"23";"09";"2021";"17:50";"1";"49";"49283";"1";"1";"7";"2";"RD723";"47,4134960000";" -0,7517480000"
"202100015391";"2";"10";"2021";"13:46";"1";"47";"47143";"2";"6";"1";"6";"D930";"44,1738790000";"0,2920600000"
"202100015392";"26";"09";"2021";"20:45";"3";"86";"86100";"1";"2";"1";"3";"D611";"46,5172180000";"0,2437440000"
"202100015393";"4";"10";"2021";"16:25";"1";"68";"68090";"1";"1";"2";"1";"D473";"47,4979880000";"7,3164220000"
"202100015394";"4";"10";"2021";"10:05";"1";"44";"44087";"2";"4";"2";"4";"ROUTE DEPARTEMENTALE 13";"47,0028940000";" -1,8323330000"
"202100015395";"2";"10";"2021";"12:33";"1";"70";"70210";"2";"1";"1";"7";"Route du Lavoir";"47,7965190000";"6,5677210000"
"202100015396";"3";"10";"2021";"18:00";"2";"58";"58244";"1";"1";"2";"7";"D37";"47,0425620000";"3,8628320000"
"202100015397";"26";"09";"2021";"16:15";"1";"14";"14200";"2";"1";"1";"3";"Rue des druides";"49,2830830000";" -0,5379470000"
"202100015398";"4";"10";"2021";"10:40";"1";"09";"09159";"1";"1";"1";"5";"RN20";"42,7698210000";"1,7370840000"
"202100015399";"25";"09";"2021";"08:40";"1";"45";"45300";"2";"1";"7";"6";"36 Route d OrlÃ©ans";"47,8455160000";"2,0325780000"
"202100015400";"1";"10";"2021";"08:30";"1";"64";"64522";"1";"1";"1";"7";"Chemin Laguangue";"43,1524510000";" -0,3660370000"
"202100015401";"3";"10";"2021";"15:00";"1";"43";"43051";"1";"2";"3";"3";"grangeneuve";"45,0287100000";"4,2903970000"
"202100015402";"4";"10";"2021";"10:00";"1";"43";"43025";"1";"1";"2";"1";"RD 42";"45,2828280000";"4,1101960000"
"202100015403";"2";"10";"2021";"16:14";"1";"07";"07349";"1";"3";"1";"3";"D86";"44,8069180000";"4,7935370000"
"202100015404";"2";"10";"2021";"14:35";"1";"21";"21614";"1";"3";"1";"3";"D120B";"47,4416150000";"5,2103950000"
"202100015405";"1";"10";"2021";"14:00";"1";"24";"24520";"2";"3";"1";"3";"Avenue JosÃ©phine Baker";"44,8706920000";"1,2061800000"
"202100015406";"26";"06";"2021";"12:40";"1";"87";"87154";"2";"2";"1";"1";"place de perissat, codille";"45,8778420000";"0,8844850000"
"202100015407";"28";"09";"2021";"11:30";"1";"37";"37133";"1";"2";"1";"3";"Lieu dit Les brosses";"47,1082074699";"1,1463413303"
"202100015408";"3";"10";"2021";"22:12";"3";"38";"38394";"1";"1";"3";"6";"autoroute A 49 -PK 039.500";"45,1066670000";"5,2523230000"
"202100015409";"10";"09";"2021";"18:40";"3";"978";"97801";"2";"1";"1";"6";"route nationale 7 - quartier d'OrlÃ©ans";"18,0694730000";" -63,0351200000"
"202100015410";"3";"10";"2021";"16:00";"1";"42";"42209";"1";"1";"3";"6";"A89";"45,8669210000";"4,2645460000"
"202100015411";"2";"10";"2021";"23:30";"3";"49";"49311";"2";"3";"6";"7";"Route de LonguÃ©";"47,3866700000";" -0,0690990000"
"202100015412";"3";"10";"2021";"18:35";"3";"976";"97602";"1";"1";"1";"1";"Avenue de Mgouedajou - Dzoumogne";" -12,7226620000";"45,1255600000"
"202100015413";"30";"09";"2021";"10:20";"1";"30";"30036";"1";"1";"1";"6";"Autoroute A9 pk 61.700 sens 2 direction NIMES";"43,7752310000";"4,2843890000"
"202100015414";"27";"09";"2021";"19:15";"1";"68";"68118";"2";"6";"1";"3";"D56.2";"47,7284020000";"7,4208090000"
"202100015415";"4";"10";"2021";"07:30";"2";"13";"13112";"1";"1";"3";"2";"A7, Pk 249.100, sens MARSEILLE / LYON";"43,5389050000";"5,2214240000"
"202100015416";"3";"10";"2021";"01:40";"3";"28";"28185";"1";"1";"6";"7";"Route nationale 12";"48,7693430000";"1,5372710000"
"202100015417";"20";"08";"2021";"11:50";"1";"77";"77235";"1";"2";"1";"3";"Route dÃ©partementale 3 Pk 4+183";"48,9928900000";"3,0650350000"
"202100015418";"3";"10";"2021";"22:05";"5";"2A";"2A247";"2";"3";"1";"1";"D768";"41,5845780000";"9,2809150000"
"202100015419";"3";"10";"2021";"17:00";"1";"66";"66065";"1";"3";"2";"3";"route de perpignan";"42,6109970000";"2,9611370000"
"202100015420";"29";"09";"2021";"18:53";"2";"84";"84074";"2";"1";"1";"6";"D973";"43,7542800000";"5,1801130000"
"202100015421";"25";"08";"2021";"16:00";"1";"84";"84054";"1";"1";"1";"1";"Route de Velleron";"43,9383270000";"5,0366490000"
"202100015422";"3";"10";"2021";"05:15";"3";"84";"84034";"1";"1";"1";"6";"Chemin des PrÃ©vieux";"43,8921740000";"4,9830010000"
"202100015423";"4";"10";"2021";"13:20";"1";"83";"83023";"1";"1";"3";"7";"D12";"43,3998990000";"6,0835290000"
"202100015424";"3";"10";"2021";"21:45";"5";"68";"68334";"2";"1";"2";"6";"47 rue curiale";"47,8118360000";"7,0990030000"
"202100015425";"2";"10";"2021";"15:10";"1";"67";"67130";"2";"3";"1";"3";"D468";"48,4182070000";"7,7013530000"
"202100015426";"3";"10";"2021";"18:15";"2";"03";"03056";"1";"1";"3";"7";"Route de Cusset";"46,0719690000";"3,5584010000"
"202100015427";"3";"10";"2021";"17:30";"1";"74";"74243";"2";"6";"3";"1";"Rte d Annecy";"46,1394030000";"6,0785460000"
"202100015428";"1";"10";"2021";"17:30";"1";"19";"19101";"2";"1";"2";"4";"Avenue de Coulaud";"45,2474130780";"1,7715668678"
"202100015429";"2";"10";"2021";"12:50";"1";"86";"86095";"1";"1";"1";"7";"Chemin de Puygremier";"46,6994760000";"0,4152810000"
"202100015430";"4";"10";"2021";"11:00";"1";"29";"29021";"1";"2";"1";"7";"Rue Poulpry";"48,6706760000";" -4,3389670000"
"202100015431";"4";"10";"2021";"12:05";"1";"60";"60450";"2";"3";"1";"1";"Route de Crouy";"49,2239250000";"2,2908850000"
"202100015432";"3";"10";"2021";"17:45";"1";"59";"59212";"2";"1";"8";"6";"49 Rue du General de Gaulle";"50,6442030000";"2,7237850000"
"202100015433";"3";"10";"2021";"05:43";"3";"13";"13106";"1";"1";"8";"6";"A7-Sens Marseille vers Lyon";"43,3880000000";"5,3515700000"
"202100015434";"3";"10";"2021";"05:05";"3";"13";"13106";"1";"1";"1";"6";"A51-Sens Marseille vers Aix en Provence";"43,4049800000";"5,3592200000"
"202100015435";"2";"10";"2021";"12:44";"1";"13";"13215";"1";"1";"1";"2";"A7-Sens Marseille vers Lyon";"43,3499553521";"5,3688884818"
"202100015436";"1";"10";"2021";"21:00";"5";"13";"13055";"1";"1";"1";"2";"A507 sens Aubagne- Marseille";"43,2950900000";"5,4247900000"
"202100015437";"2";"10";"2021";"11:00";"1";"13";"13106";"1";"1";"1";"2";"A7-Sens Marseille vers Lyon";"43,3861300000";"5,3510500000"
"202100015438";"28";"09";"2021";"16:00";"1";"13";"13216";"1";"1";"1";"3";"A55-Sens Marseille vers Martigues";"43,3450300000";"5,3463600000"
"202100015439";"27";"09";"2021";"11:10";"1";"69";"69081";"1";"1";"1";"3";"M6   451.640 A 451.790";"45,7726400000";"4,7868800000"
"202100015440";"28";"09";"2021";"06:20";"3";"69";"69297";"1";"1";"1";"3";"A47   0.000  A 1.657";"45,5881800000";"4,7894200000"
"202100015441";"3";"10";"2021";"10:25";"1";"91";"91161";"1";"1";"3";"5";"AUTOROUTE A6";"48,6946200000";"2,3189700000"
"202100015442";"2";"10";"2021";"18:30";"2";"91";"91340";"1";"1";"2";"2";"AUTOROUTE A6";"48,6013600000";"2,4388200000"
"202100015443";"2";"10";"2021";"11:55";"1";"91";"91687";"1";"1";"1";"2";"AUTOROUTE A6";"48,6657200000";"2,3626400000"
"202100015444";"3";"10";"2021";"13:50";"1";"78";"78423";"1";"1";"1";"6";"RN12";"48,7944870000";"2,0496650000"
"202100015445";"2";"10";"2021";"08:00";"1";"92";"92063";"1";"1";"1";"1";"A86";"48,8913920044";"2,1758972497"
"202100015446";"3";"10";"2021";"10:50";"1";"78";"78646";"1";"1";"3";"2";"RN12";"48,7909190000";"2,1076710000"
"202100015447";"2";"10";"2021";"06:05";"3";"78";"78531";"1";"1";"8";"2";"A13";"48,9884620000";"1,6572150000"
"202100015448";"3";"10";"2021";"12:35";"1";"95";"95218";"1";"1";"2";"6";" A15";"49,0351184028";"2,0985061907"
"202100015449";"3";"10";"2021";"12:00";"1";"93";"93066";"1";"1";"3";"4";"AUTOROUTE A1";"48,9200000000";"2,3575000000"
"202100015450";"3";"10";"2021";"14:00";"1";"95";"95018";"1";"1";"1";"6";"A15";"48,9589790000";"2,2737000000"
"202100015451";"3";"10";"2021";"10:15";"1";"93";"93027";"1";"1";"3";"6";"AUTOROUTE A86";"48,9285800000";"2,4147400000"
"202100015452";"2";"10";"2021";"18:00";"1";"95";"95500";"1";"1";"2";"2";"A15";"49,0377548777";"2,0892307029"
"202100015453";"28";"09";"2021";"11:00";"1";"93";"93008";"1";"1";"1";"2";"AUTOROUTE A86";"48,9114900000";"2,4404100000"
"202100015454";"3";"10";"2021";"02:35";"5";"93";"93066";"1";"1";"3";"2";"AUTOROUTE A1";"48,9217700000";"2,3573800000"
"202100015455";"2";"10";"2021";"19:20";"3";"93";"93027";"1";"1";"2";"7";"AUTOROUTE A86";"48,9284700000";"2,4165900000"
"202100015456";"2";"10";"2021";"12:10";"1";"95";"95607";"1";"1";"1";"5";" A115";"49,0136296465";"2,2190451622"
"202100015457";"1";"10";"2021";"19:00";"1";"95";"95572";"1";"1";"2";"4";"A15";"49,0266500000";"2,1302800000"
"202100015458";"1";"10";"2021";"08:15";"1";"95";"95365";"1";"1";"1";"5";"RN 104";"49,0660400000";"2,4052200000"
"202100015459";"3";"10";"2021";"07:15";"2";"94";"94046";"1";"1";"3";"2";"A86 INT";"48,8085300000";"2,4487500000"
"202100015460";"3";"10";"2021";"00:05";"3";"94";"94069";"1";"1";"3";"4";"A4";"48,8167102311";"2,4526925390"
"202100015461";"2";"10";"2021";"16:25";"1";"77";"77514";"1";"1";"2";"3";"A104";"48,9317759692";"2,6280077907"
"202100015462";"30";"05";"2021";"15:50";"1";"04";"04174";"1";"4";"1";"3";"N/A";"43,9709931862";"6,7599539459"
"202100015463";"17";"06";"2021";"18:15";"1";"76";"76239";"1";"1";"1";"6";"A29 - PK 30+500";"49,5374790000";"0,3167040000"
"202100015464";"2";"10";"2021";"15:13";"1";"37";"37214";"2";"1";"2";"2";"DE GAULLE (BD CHARLES)";"47,4117300000";"0,6750100000"
"202100015465";"28";"09";"2021";"18:10";"1";"27";"27681";"2";"6";"1";"2";"POTERIE (RUE DE LA)";"49,0812500000";"1,4842000000"
"202100015466";"1";"10";"2021";"18:40";"2";"27";"27229";"2";"1";"3";"6";"FOCH (AVENUE DU MARECHAL)";"49,0234300000";"1,1350400000"
"202100015467";"2";"10";"2021";"09:30";"1";"976";"97611";"1";"1";"1";"3";"kaweni-Pendu (Place)";" -12,7658135438";"45,2250565238"
"202100015468";"2";"10";"2021";"00:57";"5";"974";"97416";"2";"1";"1";"7";"PERE FAVRON(RUE DU)";" -21,3375000000";"55,4660900000"
"202100015469";"1";"10";"2021";"11:40";"1";"974";"97411";"2";"1";"1";"2";"PROVIDENCE (BOULEVARD DE LA)";" -20,8928700000";"55,4557600000"
"202100015470";"30";"09";"2021";"07:35";"1";"974";"97411";"2";"4";"1";"3";"LECLERC (DU MARECHAL)";" -20,8796400000";"55,4558200000"
"202100015471";"2";"10";"2021";"02:30";"3";"974";"97407";"1";"1";"1";"7";"ROUTE DU SACRE COEUR";" -20,9499400000";"55,3016400000"
"202100015472";"29";"09";"2021";"11:40";"1";"974";"97407";"2";"1";"1";"3";"DE GAULLE(RUE)";" -20,9435300000";"55,2975200000"
"202100015473";"2";"10";"2021";"06:00";"1";"973";"97302";"2";"1";"1";"7";"RABAN (ROUTE DE)";"4,9224300000";" -52,3126200000"
"202100015474";"1";"10";"2021";"20:50";"3";"973";"97302";"2";"9";"1";"3";"BADUEL (ROUTE DE)";"4,9276861398";" -52,2915623188"