"Num_Acc";"jour";"mois";"an";"hrmn";"lum";"dep";"com";"agg";"int";"atm";"col";"adr";"lat";"long"
"202100015475";"2";"10";"2021";"14:45";"1";"69";"69386";"2";"1";"1";"6";"CREQUI (DE) (R)";"45,7636900000";"4,8470600000"
"202100015476";"1";"10";"2021";"14:50";"1";"69";"69276";"1";"1";"1";"2";"LYON (DE) (RTE)              ";"45,6790310265";"4,8611271440"
"202100015477";"1";"10";"2021";"12:10";"1";"69";"69383";"2";"3";"1";"3";"MARECHAL DE SAXE (AV)";"45,7553100000";"4,8466100000"
"202100015478";"2";"10";"2021";"14:50";"1";"69";"69389";"2";"5";"1";"3";"JAYR (Q)";"45,7804100000";"4,8091700000"
"202100015479";"1";"10";"2021";"22:15";"5";"69";"69389";"2";"1";"1";"6";"OBSERVANCE (DE L') (MO)";"45,7667500000";"4,8115700000"
"202100015480";"1";"10";"2021";"19:20";"2";"69";"69382";"2";"2";"1";"3";"QUIVOGNE (R)";"45,7450500000";"4,8250800000"
"202100015481";"1";"10";"2021";"09:30";"1";"69";"69389";"2";"3";"1";"3";"DUCHERE (DE LA) (BD)";"45,7825200000";"4,7970900000"
"202100015482";"1";"10";"2021";"05:45";"5";"69";"69034";"2";"1";"1";"6";"BAC A TRAILLE (DU) (CHM)";"45,7916600000";"4,8690100000"
"202100015483";"30";"09";"2021";"19:30";"2";"69";"69382";"2";"1";"1";"6";"JULES COURMONT (Q)";"45,7580123363";"4,8368420125"
"202100015484";"30";"09";"2021";"12:20";"1";"69";"69389";"2";"2";"1";"3";"MARIETTON (R)";"45,7750700000";"4,8072200000"
"202100015485";"1";"10";"2021";"16:40";"1";"971";"97120";"2";"2";"1";"6";"CHANZY (BOULEVARD)";"16,2411100000";" -61,5355800000"
"202100015486";"1";"10";"2021";"21:55";"5";"2A";"2A004";"2";"3";"1";"1";"NAPOLEON COURS AVANT BEVERINI";"41,9235000000";"8,7377000000"
"202100015487";"1";"10";"2021";"01:15";"5";"2A";"2A004";"2";"1";"1";"1";"NAPOLEON III AVENUE IMPAIR";"41,9238800000";"8,7353300000"
"202100015488";"30";"09";"2021";"17:34";"1";"2A";"2A004";"2";"1";"1";"3";"T21";"41,9286200000";"8,7659000000"
"202100015489";"2";"10";"2021";"08:50";"1";"95";"95088";"1";"1";"8";"4";"RD 170";"48,9765900000";"2,4298800000"
"202100015490";"1";"10";"2021";"12:10";"1";"95";"95555";"2";"6";"1";"3";"RD 14";"48,9642143706";"2,2887049998"
"202100015491";"1";"10";"2021";"07:30";"1";"95";"95555";"2";"1";"1";"2";"LECLERC (RUE DU GENERAL)";"48,9669203172";"2,2906785404"
"202100015492";"1";"10";"2021";"03:15";"5";"95";"95555";"2";"9";"1";"6";"ERMONT (RUE D')";"48,9731630689";"2,2759321509"
"202100015493";"1";"10";"2021";"18:45";"1";"91";"91021";"2";"1";"3";"5";"RTE D'EGLY";"48,5852850000";"2,2409010000"
"202100015494";"2";"10";"2021";"09:10";"1";"91";"91549";"2";"1";"1";"6";"LIERS (RUE DE)";"48,6293600000";"2,3352200000"
"202100015495";"30";"09";"2021";"08:50";"2";"91";"91494";"1";"6";"1";"3";"DEVI DU CD 19";"48,6120150000";"2,3401340000"
"202100015496";"1";"10";"2021";"12:45";"1";"91";"91471";"2";"1";"1";"6";"VERSAILLES (RUE DE)";"48,7118280000";"2,1832030000"
"202100015497";"1";"10";"2021";"20:55";"3";"91";"91191";"2";"1";"2";"6";"Jean Jaures (Avenue)";"48,7145840000";"2,4607580000"
"202100015498";"2";"10";"2021";"19:25";"5";"91";"91326";"2";"1";"2";"4";"GABRIEL PERI (AVENUE)";"48,6958200000";"2,3677200000"
"202100015499";"2";"10";"2021";"15:30";"1";"91";"91027";"2";"1";"2";"3";"AV ARISTIDE BRIAND";"48,7059520000";"2,3878460000"
"202100015500";"1";"10";"2021";"18:57";"1";"91";"91479";"2";"3";"2";"2";"AV DE VERDUN";"48,7056240000";"2,3571230000"
"202100015501";"30";"09";"2021";"18:08";"1";"87";"87085";"2";"1";"1";"2";"THOMAS (AVENUE ALBERT)";"45,8364200000";"1,2426700000"
"202100015502";"30";"09";"2021";"17:03";"1";"87";"87085";"2";"1";"1";"6";"RUCHOUX (AVENUE DES)";"45,8380700000";"1,2458400000"
"202100015503";"30";"09";"2021";"12:43";"1";"87";"87065";"1";"3";"1";"3";"RD 704A";"45,7982100000";"1,2956500000"
"202100015504";"29";"09";"2021";"12:38";"1";"87";"87075";"2";"1";"1";"2";"AURENCE (RUE DE L')";"45,8159500000";"1,1742000000"
"202100015505";"2";"10";"2021";"05:00";"5";"85";"85191";"2";"9";"1";"3";"MOREAU BOULEVARD STEPHANE";"46,6668700000";" -1,4096300000"
"202100015506";"2";"10";"2021";"15:45";"1";"83";"83137";"2";"1";"1";"6";"VERT COTEAU (AVE DU)";"43,1254800000";"5,9447100000"
"202100015507";"1";"10";"2021";"09:00";"1";"83";"83144";"2";"1";"1";"6";"COUPIANE (AVE DE LA)";"43,1311200000";"5,9889830000"
"202100015508";"30";"09";"2021";"19:20";"1";"83";"83126";"2";"1";"1";"6";"PACHA (CORNICHE MICHEL)";"43,0928620000";"5,9040390000"
"202100015509";"29";"09";"2021";"11:05";"1";"83";"83129";"2";"3";"1";"5";"KENNEDY (AVENUE J.)NÂ°PAIRS 2A2560";"43,1079840000";"5,8149830000"
"202100015510";"1";"10";"2021";"13:45";"1";"83";"83069";"2";"1";"1";"2";"GIENS (ROUTE DE )";"43,0650000000";"6,1470000000"
"202100015511";"1";"10";"2021";"05:45";"5";"81";"81065";"2";"1";"1";"3";"SIZAIRE (BD.HENRI)";"43,6014300000";"2,2389600000"
"202100015512";"27";"09";"2021";"16:40";"1";"80";"80021";"2";"1";"1";"4";"FRANKLIN ROOSEVELT (RUE)";"49,9153100000";"2,2944200000"
"202100015513";"28";"09";"2021";"07:15";"2";"80";"80164";"2";"1";"1";"3";"DEPORTES (RUE DES)";"49,8952181096";"2,3403410582"
"202100015514";"30";"09";"2021";"07:10";"2";"77";"77152";"2";"3";"1";"2";"D372";"48,5211490000";"2,6331050000"
"202100015515";"2";"10";"2021";"14:15";"1";"77";"77458";"2";"1";"1";"2";"D207";"48,1855300000";"2,7319400000"
"202100015516";"1";"10";"2021";"17:30";"1";"77";"77186";"1";"2";"2";"3";"D142";"48,4808400000";"2,6669600000"
"202100015517";"30";"09";"2021";"11:25";"1";"77";"77014";"2";"1";"1";"4";"D210";"48,4157060000";"2,7211460000"
"202100015518";"2";"10";"2021";"13:43";"1";"76";"76429";"2";"1";"2";"7";"PARIS. ROUTE DE (RN 14)";"49,4065100000";"1,1520700000"
"202100015519";"30";"09";"2021";"15:55";"1";"76";"76351";"2";"1";"1";"6";"LUCIEN CORBEAUX (AVENUE)";"49,4854200000";"0,1155200000"
"202100015520";"1";"10";"2021";"16:16";"1";"71";"71475";"1";"3";"1";"1";"BUXY (ROUTE DE )";"46,7397541064";"4,8099563848"
"202100015521";"2";"10";"2021";"19:10";"2";"69";"69029";"2";"1";"1";"2";"LIONEL TERRAY (R)";"45,7264979602";"4,9067406356"
"202100015522";"2";"10";"2021";"00:10";"5";"69";"69029";"2";"1";"1";"4";"UNIVERSITE  (DE L') (BD)";"45,7267900000";"4,9276700000"
"202100015523";"1";"10";"2021";"18:15";"1";"69";"69290";"2";"1";"1";"3";"ROBESPIERRE (R)";"45,7045800000";"4,9462400000"
"202100015524";"1";"10";"2021";"12:55";"1";"69";"69029";"2";"2";"1";"3";"FRANCOIS MITTERRAND (AV)";"45,7379600000";"4,9227300000"
"202100015525";"1";"10";"2021";"07:20";"1";"69";"69266";"2";"1";"1";"6";"TOLSTOI (CR)";"45,7605070858";"4,8861694336"
"202100015526";"28";"09";"2021";"12:50";"1";"69";"69092";"1";"9";"1";"3";"BEAUJOLAIS (DU) (AV)";"45,9971453880";"4,7067672014"
"202100015527";"1";"10";"2021";"00:50";"5";"67";"67447";"2";"1";"1";"6";"LIBERTE (PLACE DE LA)";"48,6064500000";"7,7534400000"
"202100015528";"30";"09";"2021";"11:40";"1";"67";"67482";"2";"8";"1";"6";"COLMAR (AVENUE DE)";"48,5535700000";"7,7447100000"
"202100015529";"30";"09";"2021";"08:40";"1";"67";"67482";"2";"3";"1";"3";"JACQUES KABLE (RUE)";"48,5933200000";"7,7526300000"
"202100015530";"29";"09";"2021";"14:32";"1";"66";"66136";"2";"1";"7";"3";"KENNEDY (BD JOHN-FITZGERALD)";"42,6901200000";"2,9021900000"
"202100015531";"2";"10";"2021";"18:27";"1";"64";"64545";"1";"1";"1";"3";"Route de Ciboure a Olhette";"43,3456699436";" -1,6666603088"
"202100015532";"1";"10";"2021";"12:50";"1";"64";"64545";"1";"1";"1";"4";"Route de la Corniche";"43,3816000000";" -1,7296000000"
"202100015533";"2";"10";"2021";"17:10";"1";"64";"64445";"2";"2";"1";"1";"25 Avenue HonorÃ© Baradat";"43,3053800000";" -0,3611000000"
"202100015534";"2";"10";"2021";"09:00";"1";"64";"64335";"2";"3";"1";"3";"Avenue Marguerite de Navarre";"43,3207000000";" -0,4275600000"
"202100015535";"1";"10";"2021";"20:25";"5";"64";"64445";"2";"3";"1";"3";"14 JUILLET DU";"43,2921500000";" -0,3782500000"
"202100015536";"1";"10";"2021";"14:05";"1";"64";"64284";"2";"2";"1";"4";"OLLE LAPRUNE";"43,2835100000";" -0,3864100000"
"202100015537";"1";"10";"2021";"23:23";"5";"64";"64122";"1";"6";"2";"3";"PITCHOT (RUE DE)";"43,4660400000";" -1,5370700000"
"202100015538";"2";"10";"2021";"16:42";"1";"64";"64102";"2";"1";"1";"3";"LACHEPAILLET (ROND POINT DE)";"43,4849900000";" -1,4901100000"
"202100015539";"1";"10";"2021";"14:40";"1";"64";"64102";"2";"1";"1";"3";"ALLEES MARINES (AVENUE DES)";"43,4999900000";" -1,4905700000"
"202100015540";"1";"10";"2021";"12:25";"1";"64";"64102";"2";"1";"1";"2";"SOULT (AVENUE MARECHAL)";"43,4874500000";" -1,4846300000"
"202100015541";"30";"09";"2021";"18:10";"1";"64";"64102";"2";"1";"1";"2";"HENRI DE NAVARRE (AVENUE)";"43,5093500000";" -1,4438400000"
"202100015542";"30";"09";"2021";"05:30";"5";"64";"64102";"2";"1";"1";"3";"SOULT (AVENUE MARECHAL)";"43,4833800000";" -1,5015900000"
"202100015543";"29";"09";"2021";"21:50";"5";"64";"64024";"2";"3";"2";"3";"BARTHES (RUE DES)";"43,4834424046";" -1,5110587707"
"202100015544";"21";"08";"2021";"01:45";"5";"62";"62498";"2";"2";"1";"3";"MAES (AV. ALFRED )";"50,4272100000";"2,8092500000"
"202100015545";"2";"10";"2021";"13:00";"1";"62";"62193";"2";"1";"2";"6";"MARTIN LUTHER KING";"50,9541320000";"1,8908350000"
"202100015546";"8";"09";"2021";"21:25";"5";"62";"62041";"2";"1";"1";"1";"DE GAULLE ( BOULEVARD DU GENERAL )";"50,2846300000";"2,7633900000"
"202100015547";"1";"10";"2021";"17:15";"1";"59";"59507";"2";"9";"2";"3";"JAURES JEAN RUE";"50,6083700000";"3,0760400000"
"202100015548";"1";"10";"2021";"15:35";"1";"59";"59560";"2";"9";"1";"6";"PERI GABRIEL RUE";"50,5492659844";"3,0347405237"
"202100015549";"28";"09";"2021";"13:45";"1";"59";"59024";"2";"6";"1";"3";"DOUAI (RUE DE)";"50,3335400000";"3,2370900000"
"202100015550";"30";"09";"2021";"19:40";"5";"57";"57751";"2";"1";"1";"2";"BRIEY (RUE DE )";"49,1528804000";"6,1384687000"
"202100015551";"1";"10";"2021";"09:03";"1";"56";"56121";"2";"3";"2";"1";"MERVILLE (RUE  JEAN DE )";"47,7450600000";" -3,3764600000"
"202100015552";"1";"10";"2021";"08:30";"2";"56";"56162";"2";"1";"2";"6";"Boulevard FranÃ§ois Mitterrand";"47,7324000000";" -3,4290900000"
"202100015553";"30";"09";"2021";"19:30";"1";"56";"56121";"2";"1";"1";"6";"ORADOUR SUR GLANE ( BD D')";"47,7574100000";" -3,3718600000"
"202100015554";"30";"09";"2021";"18:10";"1";"56";"56121";"2";"1";"8";"2";"SVOB ( BOULEVARD EMMANUEL)";"47,7508400000";" -3,3680400000"
"202100015555";"30";"09";"2021";"17:30";"1";"55";"55545";"2";"1";"7";"7";"SEPTIENE DIVISION BLINDEE USA ( DE LA )";"49,1470000000";"5,3422400000"
"202100015556";"1";"10";"2021";"17:30";"1";"54";"54439";"2";"3";"1";"3";"RD 83";"48,7055900000";"6,2592500000"
"202100015557";"30";"09";"2021";"12:30";"1";"54";"54395";"2";"2";"1";"1";"JAURES (BOULEVARD JEAN)";"48,6806500000";"6,1789000000"
"202100015558";"2";"10";"2021";"15:45";"1";"51";"51454";"2";"3";"1";"3";"Rue des Romains";"49,2623234679";"4,0190517347"
"202100015559";"1";"10";"2021";"20:55";"5";"51";"51454";"2";"6";"3";"1";"Place Aristide Briand";"49,2575201660";"4,0387696916"
"202100015560";"2";"10";"2021";"19:31";"1";"49";"49267";"2";"1";"3";"7";"CROIX BLANCHE RUE ET SQUARE";"47,4683770000";" -0,5147330000"
"202100015561";"2";"10";"2021";"02:15";"5";"49";"49007";"2";"1";"1";"7";"auriol";"47,4935070000";" -0,5653460000"
"202100015562";"1";"10";"2021";"21:00";"5";"49";"49007";"2";"1";"1";"7";"CLEMENCEAU BOULEVARD";"47,4765790000";" -0,5662450000"
"202100015563";"1";"10";"2021";"16:39";"1";"49";"49267";"2";"1";"1";"6";"REUX";"47,4708900000";" -0,5059600000"
"202100015564";"1";"10";"2021";"06:08";"3";"49";"49007";"2";"1";"1";"6";"GAMBETTA";"47,4759400000";" -0,5542700000"
"202100015565";"30";"09";"2021";"15:26";"1";"49";"49007";"2";"1";"1";"6";"VILAR PLACE";"47,4456600000";" -0,5624500000"
"202100015566";"25";"08";"2021";"03:25";"5";"46";"46042";"2";"1";"1";"3";"JAURES (AVENUE JEAN)";"44,4493200000";"1,4339250000"
"202100015567";"1";"10";"2021";"07:35";"2";"45";"45302";"2";"3";"1";"3";"Ancienne Route de Chartres";"47,9413500000";"1,8888700000"
"202100015568";"1";"10";"2021";"13:15";"1";"45";"45004";"2";"6";"1";"3";"Avenue dâAntibes";"47,9785466685";"2,7331495285"
"202100015569";"30";"09";"2021";"15:00";"1";"45";"45208";"2";"1";"1";"2";"18 Boulevard du Rempart";"47,9980700000";"2,7358100000"
"202100015570";"1";"10";"2021";"08:10";"2";"44";"44109";"1";"1";"1";"4";"PONT DE CHEVIRE";"47,1929300000";" -1,6135400000"
"202100015571";"30";"09";"2021";"22:35";"5";"42";"42095";"2";"1";"1";"3";"Rue Dorian";"45,3906443475";"4,2779329643"
"202100015572";"28";"09";"2021";"18:05";"1";"40";"40192";"2";"1";"1";"1";"JUIN (V DU MARECHAL)";"43,9019500000";" -0,4808400000"
"202100015573";"2";"10";"2021";"02:00";"3";"38";"38544";"1";"1";"2";"1";"AQUEDUCS(CHEMIN DES)";"45,5247946789";"4,8844132846"
"202100015574";"2";"10";"2021";"23:44";"5";"38";"38421";"2";"3";"1";"1";"AVENUE GABRIEL PÃRI";"45,1845000000";"5,7677700000"
"202100015575";"2";"10";"2021";"16:00";"1";"38";"38185";"2";"3";"1";"3";"JEUX OLYMPIQUES (AV. DES)";"45,1741300000";"5,7430200000"
"202100015576";"1";"10";"2021";"01:50";"5";"38";"38185";"2";"2";"1";"1";"LESDIGUIERES (RUE)      36 A FIN";"45,1861700000";"5,7246500000"
"202100015577";"2";"10";"2021";"03:30";"5";"37";"37261";"2";"1";"8";"7";"MARNE (CARREFOUR DE LA)";"47,4237873474";"0,6976536959"
"202100015578";"1";"10";"2021";"13:15";"1";"37";"37261";"2";"1";"1";"7";"VAILLANT (RUE EDOUARD)";"47,3850237644";"0,7002834077"
"202100015579";"1";"10";"2021";"07:30";"1";"37";"37261";"2";"2";"1";"3";"STRAUSS (RUE JOHANN)";"47,3683312815";"0,7102780381"
"202100015580";"30";"09";"2021";"17:20";"1";"37";"37261";"2";"1";"1";"4";"BERANGER (BOULEVARD)";"47,3891968251";"0,6824115370"
"202100015581";"30";"09";"2021";"08:45";"1";"37";"37122";"1";"1";"1";"4";"RD 37";"47,3666659165";"0,6542263039"
"202100015582";"29";"09";"2021";"14:45";"1";"37";"37261";"2";"1";"1";"4";"PROUDHON (AVENUE)";"47,3945237498";"0,6692828107"
"202100015583";"2";"10";"2021";"12:20";"1";"35";"35238";"2";"2";"2";"6";"BRIAND (AVENUE ARISTIDE)";"48,1102000000";" -1,6656600000"
"202100015584";"1";"10";"2021";"13:59";"1";"35";"35051";"1";"1";"2";"6";"D 175";"48,1543100000";" -1,6244900000"
"202100015585";"1";"10";"2021";"12:30";"1";"35";"35238";"2";"1";"2";"6";"DE LESSEPS (FERDINAND)";"48,0990700000";" -1,7059400000"
"202100015586";"2";"10";"2021";"06:05";"5";"33";"33063";"2";"1";"1";"6";"QUAI DE PALUDATE";"44,8280020000";" -0,5522990000"
"202100015587";"2";"10";"2021";"02:00";"5";"33";"33063";"2";"2";"1";"3";"Quai de Bacalan";"44,8600500000";" -0,5540600000"
"202100015588";"2";"10";"2021";"01:00";"5";"33";"33063";"2";"9";"1";"3";"RUE LUCIEN FAURE";"44,8619900000";" -0,5559900000"
"202100015589";"1";"10";"2021";"19:50";"5";"33";"33063";"2";"1";"1";"3";"Boulevard Alfred Daney";"44,8678600000";" -0,5713700000"
"202100015590";"1";"10";"2021";"15:45";"1";"33";"33063";"2";"2";"1";"5";"Rue Condorcet";"44,8564000000";" -0,5774000000"
"202100015591";"1";"10";"2021";"12:58";"1";"33";"33281";"2";"3";"1";"3";"Avenue de Verdun";"44,8413600000";" -0,6443800000"
"202100015592";"2";"10";"2021";"09:15";"1";"33";"33529";"1";"1";"9";"1";"BISCAROSSE (AVE) DUNE VERS BISCA";"44,5725000000";" -1,2196000000"
"202100015593";"2";"10";"2021";"01:45";"4";"31";"31555";"1";"1";"1";"7";"33 B SESQUIERES  (PERIPH OUEST A620)";"43,6496700000";"1,4220400000"
"202100015594";"1";"10";"2021";"23:45";"5";"31";"31555";"1";"1";"1";"6";"VA007313 LE CHAPITRE A64 Sortie 38";"43,5531000000";"1,4095700000"
"202100015595";"1";"10";"2021";"19:20";"1";"31";"31557";"2";"1";"1";"6";"BD VINCENT AURIOL";"43,5853936392";"1,3459183245"
"202100015596";"1";"10";"2021";"16:25";"1";"31";"31555";"2";"1";"1";"6";"RUE CLAUDE VERNET";"43,6281100000";"1,4556600000"
"202100015597";"1";"10";"2021";"13:41";"1";"29";"29232";"2";"4";"1";"6";"Rue du Stade";"48,0023100000";" -4,0816100000"
"202100015598";"2";"10";"2021";"19:30";"2";"29";"29039";"1";"1";"2";"6";"N165 - Echangeur de Coat Conq";"47,9250250550";" -3,8969429182"
"202100015599";"2";"10";"2021";"00:20";"3";"29";"29039";"1";"2";"1";"6";"RD 783";"47,8742010000";" -3,8982870000"
"202100015600";"1";"10";"2021";"09:55";"1";"29";"29019";"2";"2";"2";"3";"Rue Comtesse de Maleyssie";"48,3952700000";" -4,4606300000"
"202100015601";"1";"10";"2021";"08:05";"1";"29";"29019";"2";"6";"2";"3";"Avenue Georges Clemenceau";"48,3888100000";" -4,4839500000"
"202100015602";"1";"10";"2021";"07:55";"2";"27";"27375";"2";"9";"1";"3";"DUNANT (AVENUE HENRI)";"49,2073800000";"1,1697300000"
"202100015603";"1";"10";"2021";"20:20";"5";"27";"27229";"2";"1";"2";"1";"BOIS DES COMMUNES (RUE DU)";"49,0309100000";"1,1790300000"
"202100015604";"2";"10";"2021";"12:30";"1";"26";"26281";"2";"6";"1";"3";"rond point de l' EUROPE";"45,0457600000";"5,0554370000"
"202100015605";"24";"09";"2021";"16:30";"1";"24";"24102";"2";"6";"1";"3";"REYNATS (AVENUE DES)";"45,2003800000";"0,6704900000"
"202100015606";"29";"09";"2021";"16:55";"1";"24";"24138";"1";"1";"1";"4";"CHURCHILL ( AVENUE WINSTON)";"45,1851300000";"0,6989500000"
"202100015607";"2";"10";"2021";"22:25";"5";"17";"17306";"2";"6";"3";"7";"REUTIN (BD FELIX)";"45,6364651334";" -1,0287373646"
"202100015608";"30";"09";"2021";"10:50";"1";"17";"17306";"2";"1";"1";"6";"QUEBEC (AVENUE)";"45,6327300000";" -1,0189400000"
"202100015609";"30";"09";"2021";"14:58";"1";"17";"17306";"2";"1";"1";"6";"HEDDE (AVENUE DANIEL)";"45,6287600000";" -1,0320900000"
"202100015610";"28";"09";"2021";"23:30";"5";"14";"14715";"2";"4";"2";"7";"FERNAND MOUREAUX (BOULEVARD)";"49,3654110000";"0,0815370000"
"202100015611";"1";"10";"2021";"13:45";"1";"14";"14167";"1";"1";"3";"1";"CD NÂ°  402";"49,2048960000";" -0,3103220000"
"202100015612";"1";"10";"2021";"23:30";"5";"13";"13106";"2";"9";"1";"1";"8 MAI 1945 (AVENUE DU)";"43,3984229881";"5,3660132965"
"202100015613";"2";"10";"2021";"08:00";"1";"13";"13211";"2";"1";"1";"1";"MARTINE (TRAVERSE LA)";"43,3011859644";"5,4664060184"
"202100015614";"2";"10";"2021";"06:05";"5";"13";"13211";"2";"1";"1";"1";"VALBARELLE (BOULEVARD DE LA )";"43,2880000000";"5,4520000000"
"202100015615";"1";"10";"2021";"18:30";"1";"13";"13213";"2";"1";"1";"3";"CROIX ROUGE (AVENUE)";"43,3330316596";"5,4369338378"
"202100015616";"1";"10";"2021";"16:30";"1";"13";"13204";"2";"1";"1";"3";"FRANÃOISE DUPARC (BOULEVARD)";"43,3044968480";"5,4010477711"
"202100015617";"1";"10";"2021";"15:00";"1";"13";"13205";"2";"2";"1";"3";"SAKAKINI (BOULEVARD)";"43,2924700000";"5,4011300000"
"202100015618";"1";"10";"2021";"14:50";"1";"13";"13207";"2";"1";"1";"3";"RIVE NEUVE (QUAI DE)";"43,2923900000";"5,3663800000"
"202100015619";"30";"09";"2021";"17:40";"1";"13";"13214";"2";"1";"1";"4";"CENTRAL (BOULEVARD)";"43,3464900000";"5,3817300000"
"202100015620";"1";"10";"2021";"09:00";"1";"13";"13063";"2";"1";"1";"3";"MARECHAL JUIN AVENUE";"43,5816607040";"4,9977368279"
"202100015621";"2";"10";"2021";"15:00";"1";"13";"13028";"1";"1";"1";"3";"CRETES (ROUTES DES)";"43,1800700000";"5,5726200000"
"202100015622";"3";"10";"2021";"21:20";"3";"13";"13004";"1";"1";"1";"2";"RTE N113 MARSEILLE A BORBEAUX";"43,6533500000";"4,6637110000"
"202100015623";"1";"10";"2021";"05:40";"3";"13";"13004";"1";"1";"1";"1";"RTE N113 MARSEILLE A BORBEAUX";"43,6523000000";"4,6683400000"
"202100015624";"1";"10";"2021";"10:00";"1";"13";"13001";"1";"9";"1";"3";"PETITE RTE DES MILLES (RTE)";"43,5102200000";"5,3957400000"
"202100015625";"30";"09";"2021";"07:50";"1";"11";"11069";"2";"2";"1";"3";"LIMOUX -ROUTE DE-";"43,1993000000";"2,3273000000"
"202100015626";"2";"10";"2021";"23:00";"5";"10";"10387";"2";"6";"2";"6";"GEORGES POMPIDOU (RUE)";"48,2909624564";"4,0884447096"
"202100015627";"1";"10";"2021";"17:54";"1";"10";"10387";"2";"1";"1";"6";"VICTOR HUGO (RUE)";"48,2940160000";"4,0681950000"
"202100015628";"1";"10";"2021";"14:15";"1";"09";"09122";"2";"1";"1";"4";"RD 919";"42,9876300000";"1,6156700000"
"202100015629";"1";"10";"2021";"15:15";"1";"07";"07281";"1";"1";"1";"3";"C.D. 287 (VERS ST ROMAIN DE LERPS)";"44,9517499329";"4,8252445161"
"202100015630";"1";"10";"2021";"12:20";"1";"06";"06027";"1";"1";"1";"6";"GAUDE AVENUE DE LA";"43,6669400000";"7,1526780000"
"202100015631";"1";"10";"2021";"10:05";"1";"06";"06027";"2";"9";"1";"6";"ALPES AVENUE DES";"43,6599460000";"7,1381070000"
"202100015632";"1";"10";"2021";"08:40";"1";"06";"06123";"2";"1";"1";"3";"AICARD AVENUE";"43,6826970000";"7,1867100000"
"202100015633";"1";"10";"2021";"17:34";"1";"01";"01053";"2";"1";"1";"7";"EDOUARD HERRIOT ( BD)";"46,2110565390";"5,2195667293"
"202100015634";"2";"10";"2021";"16:30";"1";"75";"75113";"2";"1";"2";"3";"PORTE D ITALIE";"48,8178660000";"2,3682270000"
"202100015635";"1";"10";"2021";"07:10";"1";"75";"75112";"2";"1";"1";"2";"BOULEVARD PERIPHERIQUE";"48,8271410000";"2,3910300000"
"202100015636";"2";"10";"2021";"08:20";"1";"75";"75118";"2";"2";"8";"2";"AVENUE DE LA PORTE DE LA CHAPELLE";"48,8986820000";"2,3593300000"
"202100015637";"2";"10";"2021";"14:40";"1";"75";"75117";"2";"2";"2";"6";"RUE TORRICELLI";"48,8809160000";"2,2921240000"
"202100015638";"1";"10";"2021";"10:00";"1";"75";"75117";"2";"2";"1";"7";"AVENUE DE LA PORTE D ASNIERES";"48,8918170000";"2,3016190000"
"202100015639";"2";"10";"2021";"18:00";"1";"75";"75115";"2";"3";"2";"2";"QUAI DE GRENELLE";"48,8519290000";"2,2852090000"
"202100015640";"1";"10";"2021";"06:00";"5";"75";"75115";"2";"2";"1";"3";"RUE DE JAVEL";"48,8420890000";"2,2903880000"
"202100015641";"1";"10";"2021";"21:40";"5";"75";"75114";"2";"3";"2";"3";"AVENUE DU GENERAL LECLERC";"48,8307940000";"2,3294060000"
"202100015642";"2";"10";"2021";"01:27";"5";"75";"75114";"2";"3";"2";"6";"BOULEVARD EDGAR QUINET";"48,8420260000";"2,3228170000"
"202100015643";"2";"10";"2021";"14:00";"1";"75";"75111";"2";"2";"8";"3";"BOULEVARD VOLTAIRE";"48,8587190000";"2,3785790000"
"202100015644";"1";"10";"2021";"22:40";"5";"75";"75111";"2";"2";"2";"3";"RUE SAINT MAUR";"48,8610950000";"2,3811530000"
"202100015645";"2";"10";"2021";"19:10";"5";"75";"75108";"2";"3";"2";"1";"RUE DU FAUBOURG SAINT HONORE";"48,8774650000";"2,2992480000"
"202100015646";"2";"10";"2021";"02:40";"5";"75";"75107";"2";"2";"2";"4";"QUAI D ORSAY";"48,8628510000";"2,3134360000"
"202100015647";"2";"10";"2021";"14:25";"1";"94";"94068";"2";"1";"8";"6";"Rue Bourdignon";"48,8059300000";"2,4783600000"
"202100015648";"2";"10";"2021";"19:30";"5";"94";"94042";"2";"1";"2";"6";"GENERAL GALLIENI (AV DU)";"48,8200600000";"2,4765700000"
"202100015649";"2";"10";"2021";"21:30";"5";"94";"94041";"2";"1";"2";"3";"Avenue de Verdun";"48,8167300000";"2,3672500000"
"202100015650";"1";"10";"2021";"22:35";"3";"94";"94073";"1";"1";"2";"6";"RN 186";"48,7537000000";"2,3759000000"
"202100015651";"2";"10";"2021";"12:16";"1";"94";"94028";"2";"1";"1";"5";"Avenue de Verdun";"48,7995900000";"2,4670900000"
"202100015652";"2";"10";"2021";"20:15";"5";"94";"94017";"2";"6";"3";"3";"BOILEAU (AV)";"48,8032400000";"2,5510000000"
"202100015653";"2";"10";"2021";"14:45";"1";"93";"93073";"1";"1";"2";"2";"CHAPIT RE ( RUE DU)";"49,0024200000";"2,5328900000"
"202100015654";"2";"10";"2021";"18:50";"2";"93";"93064";"2";"1";"2";"3";"JAURES (AVENUE JEAN)";"48,8676200000";"2,4864200000"
"202100015655";"2";"10";"2021";"20:35";"5";"93";"93077";"2";"6";"2";"3";"Place de la Gare";"48,8892895808";"2,5112208724"
"202100015656";"2";"10";"2021";"19:00";"2";"93";"93077";"2";"9";"2";"3";"FREDY (AVENUE DE)";"48,8804300000";"2,5190700000"
"202100015657";"1";"10";"2021";"22:57";"5";"93";"93055";"2";"9";"2";"3";"Avenue Jean Lolive";"48,8928671858";"2,4120247364"
"202100015658";"2";"10";"2021";"13:00";"1";"93";"93006";"2";"1";"1";"1";"Rue Sesto Fiorentino";"48,8634000000";"2,4180000000"
"202100015659";"2";"10";"2021";"07:40";"2";"93";"93013";"2";"1";"8";"6";"Avenue John Fitzgerald Kennedy";"48,9385900000";"2,4260200000"
"202100015660";"2";"10";"2021";"10:00";"1";"93";"93001";"2";"1";"1";"1";"JEAN JAURES (AVE)  => 53";"48,9033856879";"2,3916214240"
"202100015661";"2";"10";"2021";"12:00";"1";"92";"92072";"2";"1";"8";"2";"CHATAIGNERAIE (RUE DE LA)";"48,8180800000";"2,2047700000"