"Num_Acc";"jour";"mois";"an";"hrmn";"lum";"dep";"com";"agg";"int";"atm";"col";"adr";"lat";"long"
"202100015662";"2";"10";"2021";"06:50";"2";"92";"92026";"2";"3";"2";"3";"GAMBETTA (RUE)";"48,8927900000";"2,2452400000"
"202100015663";"2";"10";"2021";"16:09";"1";"92";"92048";"2";"1";"3";"3";"REPUBLIQUE (RUE DE LA) NÂ° 1 A 45";"48,8073858163";"2,2360019479"
"202100015664";"2";"10";"2021";"12:40";"1";"92";"92025";"2";"2";"8";"3";"GENERAL LECLERC (PLACE DU)";"48,9229160000";"2,2526560000"
"202100015665";"1";"10";"2021";"12:45";"1";"92";"92012";"2";"4";"1";"3";"QUATRE SEPTEMBRE (QUAI DU)";"48,8412778518";"2,2248311983"
"202100015666";"2";"10";"2021";"22:40";"3";"54";"54374";"1";"1";"1";"7";"RD674";"48,7622147192";"6,4059734346"
"202100015667";"2";"10";"2021";"11:21";"1";"81";"81074";"1";"1";"1";"2";"D999";"43,9254240000";"2,2056770000"
"202100015668";"2";"10";"2021";"15:10";"1";"62";"62204";"1";"2";"3";"3";"Campagne-lÃ¨s-Hesdin";"50,4095020000";"1,8484500000"
"202100015669";"2";"10";"2021";"16:00";"1";"83";"83036";"2";"6";"1";"3";"rond point wolfach";"43,1735810000";"6,5291830000"
"202100015670";"2";"10";"2021";"12:30";"1";"29";"29181";"1";"1";"3";"7";"N12 - PK 54+450";"48,4886097560";" -4,2556379674"
"202100015671";"2";"10";"2021";"15:48";"1";"57";"57097";"1";"1";"1";"3";"D19";"49,1949700000";"6,4803890000"
"202100015672";"1";"10";"2021";"14:00";"1";"91";"91272";"2";"1";"1";"6";"Chemin des vignes";"48,7056020000";"2,1192770000"
"202100015673";"2";"10";"2021";"15:40";"1";"67";"67547";"1";"1";"1";"1";"RD 82, PR 1";"48,2721970000";"7,5984410000"
"202100015674";"24";"06";"2021";"07:00";"1";"2A";"2A269";"1";"1";"1";"2";"SORTIE VILLAGE";"41,8463710000";"9,4005630000"
"202100015675";"2";"10";"2021";"17:14";"1";"31";"31032";"2";"1";"1";"1";"1686 Chemin de lâEnseigure";"43,6780200000";"1,3473970000"
"202100015676";"2";"10";"2021";"11:40";"1";"65";"65360";"2";"1";"1";"7";"6 Route de Loubajac";"43,1048570000";" -0,1178880000"
"202100015677";"3";"10";"2021";"09:30";"1";"89";"89267";"1";"1";"6";"6";"D115";"47,5570090000";"4,0584610000"
"202100015678";"2";"10";"2021";"12:10";"1";"63";"63270";"1";"1";"1";"6";"pk 67 D996";"45,5352880000";"3,2939830000"
"202100015679";"2";"10";"2021";"09:30";"1";"63";"63040";"1";"2";"1";"1";"D997";"45,7237030000";"3,3542340000"
"202100015680";"2";"10";"2021";"19:35";"2";"26";"26338";"2";"1";"1";"6";"8 Grand Rue";"44,6021470000";"4,8190240000"
"202100015681";"23";"09";"2021";"14:00";"1";"47";"47065";"1";"1";"1";"7";"la bique";"44,3707720000";"0,4065370000"
"202100015682";"3";"10";"2021";"06:15";"3";"03";"03217";"1";"1";"1";"1";"le corret";"46,3387060000";"2,6630690000"
"202100015683";"3";"10";"2021";"05:00";"3";"58";"58282";"1";"1";"2";"6";"D233";"47,5196060000";"3,5210650000"
"202100015684";"3";"10";"2021";"15:50";"1";"05";"05074";"1";"1";"1";"3";"D942";"44,4731880000";"6,0753830000"
"202100015685";"3";"10";"2021";"18:00";"1";"24";"24571";"1";"1";"1";"6";"D45";"45,0246830000";"0,7553530000"
"202100015686";"2";"10";"2021";"16:59";"1";"04";"04006";"1";"1";"1";"7";"RD 908";"44,3017850000";"6,5829510000"
"202100015687";"3";"10";"2021";"19:45";"2";"85";"85172";"1";"3";"1";"1";"Chemin de la JalonniÃ¨re";"46,8377970000";" -1,9897420000"
"202100015688";"30";"09";"2021";"11:30";"1";"28";"28252";"1";"1";"9";"6";"D955";"48,2526590000";"0,9971170000"
"202100015689";"25";"09";"2021";"19:20";"2";"28";"28378";"1";"1";"2";"7";"D9";"48,2798440000";"0,8510570000"
"202100015690";"2";"10";"2021";"18:45";"1";"87";"87174";"1";"1";"2";"7";"le breuil";"45,7750370000";"1,4387260000"
"202100015691";"1";"10";"2021";"22:00";"3";"68";"68103";"1";"1";"1";"2";"A35";"47,6811950000";"7,4593480000"
"202100015692";"2";"10";"2021";"21:00";"3";"33";"33205";"1";"1";"1";"2";"Autoroute 62 - sens Bordeaux / Toulouse - PK 023.800";"44,6089850000";" -0,3743100000"
"202100015693";"3";"10";"2021";"15:00";"1";"971";"97112";"2";"2";"1";"3";"Beaurenon";"15,8801730000";" -61,3104810000"
"202100015694";"1";"10";"2021";"18:40";"3";"977";"97701";"2";"1";"1";"3";"D209 - St Jean - face station service de l'AÃ©roport";"17,9039910000";" -62,8429900000"
"202100015695";"2";"10";"2021";"11:45";"1";"971";"97104";"2";"3";"1";"6";"Rue du PÃ¨re Labat";"16,0207690000";" -61,7468410000"
"202100015696";"28";"09";"2021";"05:30";"3";"77";"77102";"1";"1";"1";"6";"D403";"48,2329690000";"2,6351500000"
"202100015697";"2";"10";"2021";"17:40";"1";"2B";"2B148";"2";"1";"1";"7";"Route de l Aeroport";"42,5499660000";"9,4534350000"
"202100015698";"2";"10";"2021";"21:40";"3";"2A";"2A114";"2";"1";"1";"6";"D322";"41,5171860000";"9,1083040000"
"202100015699";"2";"10";"2021";"15:20";"1";"34";"34002";"2";"1";"1";"7";"Avenue du General de Gaulle";"43,5366490000";"3,4299550000"
"202100015700";"3";"10";"2021";"05:40";"3";"34";"34327";"1";"1";"1";"6";"D610";"43,6623190000";"3,9673450000"
"202100015701";"28";"09";"2021";"10:45";"1";"13";"13105";"2";"1";"1";"1";"Boulevard MarÃ©chal Gallieni";"43,7461770000";"5,0783390000"
"202100015702";"1";"10";"2021";"20:25";"3";"68";"68327";"1";"1";"1";"6";"D21";"47,6303540000";"7,4250730000"
"202100015703";"2";"10";"2021";"19:45";"3";"74";"74155";"1";"1";"1";"6";"Rte du Col des Arces";"46,2777600000";"6,5083910000"
"202100015704";"1";"10";"2021";"12:40";"1";"74";"74280";"2";"9";"1";"5";"Av d Annecy";"45,8849020000";"6,3189630000"
"202100015705";"1";"10";"2021";"14:40";"1";"65";"65123";"1";"1";"1";"3";"Quartier Espiadet Payolle";"42,9437500000";"0,2868680000"
"202100015706";"2";"10";"2021";"19:30";"2";"33";"33042";"2";"2";"1";"3";"Route de Bayonne";"44,4890740000";" -0,7915740000"
"202100015707";"2";"10";"2021";"13:45";"1";"13";"13055";"1";"1";"1";"3";"A507 sens Marseille - Aubagne";"43,3189900000";"5,4223500000"
"202100015708";"2";"10";"2021";"14:35";"1";"13";"13211";"1";"1";"1";"4";"A50-Sens Aubagne vers Marseille";"43,2945100000";"5,4667700000"
"202100015709";"1";"10";"2021";"20:15";"5";"13";"13215";"1";"1";"1";"2";"A7-Sens Lyon vers Marseille";"43,3706200000";"5,3610200000"
"202100015710";"1";"10";"2021";"17:00";"1";"13";"13215";"1";"1";"1";"2";"A7-Sens Marseille vers Lyon";"43,3657530000";"5,3606900000"
"202100015711";"1";"10";"2021";"07:40";"1";"13";"13215";"1";"1";"1";"2";"A7-Sens Lyon vers Marseille";"43,3476100000";"5,3716600000"
"202100015712";"30";"09";"2021";"21:20";"5";"69";"69142";"1";"1";"1";"6";"M7   2.278 A 3.690";"45,7307000000";"4,8154100000"
"202100015713";"2";"10";"2021";"05:07";"3";"69";"69256";"1";"1";"1";"2";"A42";"45,8000104624";"4,9280482522"
"202100015714";"2";"10";"2021";"21:30";"3";"94";"94021";"1";"1";"2";"3";"AUTOROUTE A6B";"48,7713715480";"2,3450994762"
"202100015715";"2";"10";"2021";"18:10";"1";"77";"77251";"1";"1";"3";"6";"AUTOROUTE A5A";"48,6180219631";"2,5551232951"
"202100015716";"2";"10";"2021";"13:45";"1";"94";"94034";"1";"1";"1";"2";"AUTOROUTE A86";"48,7619800000";"2,3151000000"
"202100015717";"2";"10";"2021";"10:30";"1";"91";"91661";"1";"1";"1";"3";"AUTOROUTE A10";"48,6963030000";"2,2363820000"
"202100015718";"2";"10";"2021";"07:00";"3";"91";"91136";"1";"1";"1";"6";"AUTOROUTE A10";"48,7107900000";"2,2872900000"
"202100015719";"1";"10";"2021";"21:00";"5";"78";"78321";"1";"1";"2";"2";"RN12 EXT";"48,7979230000";"1,9122660000"
"202100015720";"2";"10";"2021";"18:50";"1";"95";"95572";"1";"1";"2";"6";"RN 184";"49,0339770000";"2,1114900000"
"202100015721";"2";"10";"2021";"08:15";"1";"92";"92036";"1";"1";"9";"7";"AUTOROUTE A15";"48,9407552111";"2,2929279506"
"202100015722";"2";"10";"2021";"06:30";"3";"95";"95277";"1";"1";"2";"2";"RD 170 ";"48,9744700000";"2,4874600000"
"202100015723";"2";"10";"2021";"05:05";"3";"93";"93005";"1";"1";"1";"2";"AUTOROUTE A3";"48,9641400000";"2,4737300000"
"202100015724";"2";"10";"2021";"04:40";"3";"93";"93053";"1";"1";"1";"6";"AUTOROUTE A3";"48,8985400000";"2,4697500000"
"202100015725";"2";"10";"2021";"00:40";"4";"93";"93027";"1";"1";"2";"5";"AUTOROUTE A86";"48,9286400000";"2,4146500000"
"202100015726";"1";"10";"2021";"21:40";"3";"93";"93010";"1";"1";"2";"2";"AUTOROUTE A3";"48,9094100000";"2,4741000000"
"202100015727";"1";"10";"2021";"22:00";"3";"95";"95572";"1";"1";"3";"6";" A15";"49,0287500000";"2,1272200000"
"202100015728";"28";"09";"2021";"09:00";"1";"92";"92036";"1";"1";"1";"4";"AUTOROUTE A15";"48,9436471157";"2,2877561673"
"202100015729";"1";"10";"2021";"09:00";"1";"93";"93008";"1";"1";"1";"6";"AUTOROUTE A86";"48,9082883090";"2,4514767908"
"202100015730";"1";"10";"2021";"09:50";"1";"95";"95582";"1";"1";"1";"4";" A15";"48,9640200874";"2,2634734115"
"202100015731";"2";"10";"2021";"22:05";"4";"77";"77169";"1";"1";"2";"7";"RN104";"48,8139923741";"2,6270401260"
"202100015732";"2";"10";"2021";"17:30";"1";"75";"75112";"1";"1";"2";"2";"A4";"48,8199009001";"2,4594354630"
"202100015733";"2";"10";"2021";"04:35";"5";"77";"77169";"1";"1";"2";"6";"RN104";"48,8235500000";"2,6145400000"
"202100015734";"2";"10";"2021";"00:50";"3";"94";"94044";"1";"1";"2";"6";"RN406.W";"48,7574142875";"2,4755237102"
"202100015735";"30";"09";"2021";"19:15";"2";"75";"75120";"2";"1";"1";"4";"BD PERIPHERIQUE EXTERIEUR";"48,8482630000";"2,4149470000"
"202100015736";"30";"09";"2021";"00:10";"5";"75";"75112";"2";"4";"1";"3";"BD PERIPHERIQUE INTERIEUR";"48,8443520000";"2,4138940000"
"202100015737";"30";"09";"2021";"13:20";"1";"75";"75117";"2";"2";"1";"3";"RUE NOLLET";"48,8889380000";"2,3179690000"
"202100015738";"1";"10";"2021";"20:00";"5";"75";"75116";"2";"4";"1";"6";"AVENUE DE LA PORTE DE SAINT CLOUD";"48,8386330000";"2,2546560000"
"202100015739";"1";"10";"2021";"13:15";"1";"75";"75116";"2";"2";"1";"6";"AVENUE FOCH";"48,8712830000";"2,2761980000"
"202100015740";"1";"10";"2021";"10:10";"1";"75";"75116";"2";"2";"1";"3";"AVENUE DE VERSAILLES";"48,8407980000";"2,2651600000"
"202100015741";"1";"10";"2021";"18:00";"1";"75";"75115";"2";"3";"3";"6";"RUE DE DANTZIG";"48,8325440000";"2,2976160000"
"202100015742";"30";"09";"2021";"01:40";"5";"75";"75115";"2";"2";"1";"3";"RUE DE LA CONVENTION";"48,8367570000";"2,2980630000"
"202100015743";"1";"10";"2021";"20:10";"3";"75";"75114";"2";"4";"2";"6";"BOULEVARD RASPAIL";"48,8406080000";"2,3301610000"
"202100015744";"1";"10";"2021";"18:15";"2";"75";"75114";"2";"7";"3";"7";"AVENUE DU COLONEL HENRI ROL TANGUY";"48,8336900000";"2,3319470000"
"202100015745";"30";"09";"2021";"22:40";"5";"75";"75114";"2";"1";"1";"7";"AVENUE DE LA PORTE DE CHATILLON";"48,8233460000";"2,3162110000"
"202100015746";"1";"10";"2021";"19:35";"2";"75";"75112";"2";"2";"2";"3";"PONT DE TOLBIAC";"48,8335240000";"2,3821090000"
"202100015747";"1";"10";"2021";"13:05";"1";"75";"75113";"2";"3";"1";"3";"QUAI D IVRY";"48,8251290000";"2,3887630000"
"202100015748";"1";"10";"2021";"08:00";"2";"75";"75111";"2";"2";"8";"6";"AVENUE DE LA REPUBLIQUE";"48,8663580000";"2,3688310000"
"202100015749";"1";"10";"2021";"14:20";"1";"75";"75110";"2";"5";"1";"6";"BOULEVARD DE MAGENTA";"48,8748040000";"2,3573920000"
"202100015750";"1";"10";"2021";"14:30";"1";"75";"75108";"2";"7";"8";"2";"BOULEVARD HAUSSMANN";"48,8752480000";"2,3148180000"
"202100015751";"1";"10";"2021";"02:26";"5";"75";"75108";"2";"7";"1";"6";"RUE SAINT LAZARE";"48,8752490000";"2,3242730000"
"202100015752";"1";"10";"2021";"08:31";"1";"75";"75107";"2";"2";"1";"2";"AVENUE DU MARECHAL GALLIENI";"48,8610590000";"2,3132390000"
"202100015753";"30";"09";"2021";"14:20";"1";"75";"75104";"2";"2";"1";"3";"PONT DE SULLY";"48,8508200000";"2,3614350000"
"202100015754";"1";"10";"2021";"19:35";"5";"94";"94081";"2";"1";"2";"3";"Rue Paul Armangot";"48,7788240000";"2,3797720000"
"202100015755";"1";"10";"2021";"14:20";"1";"94";"94068";"2";"2";"1";"3";"LOUIS BLANC (AV)";"48,7920800000";"2,4971400000"
"202100015756";"1";"10";"2021";"14:20";"1";"94";"94043";"2";"1";"1";"2";"Avenue de Fontainebleau";"48,8124920000";"2,3615500000"
"202100015757";"1";"10";"2021";"14:30";"1";"94";"94016";"2";"1";"1";"3";"Rue Camille Desmoulins";"48,7924655894";"2,3328137398"
"202100015758";"28";"09";"2021";"07:45";"1";"94";"94033";"2";"2";"8";"1";"EMILE ZOLA (R)";"48,8573100000";"2,4708100000"
"202100015759";"1";"10";"2021";"08:35";"1";"94";"94028";"2";"1";"1";"6";"Rue Marc Seguin";"48,7853000000";"2,4340400000"
"202100015760";"30";"09";"2021";"18:00";"1";"94";"94017";"2";"1";"1";"6";"ROGER SALENGRO (AV)";"48,8183354893";"2,4926271848"
"202100015761";"30";"09";"2021";"21:15";"5";"94";"94075";"2";"2";"1";"3";"Avenue du Mal de Lattre de Tassigny";"48,7274900000";"2,5310600000"
"202100015762";"30";"08";"2021";"01:40";"5";"93";"93072";"2";"1";"1";"1";"STALINGRAD (AVENUE DE) DES NÂ° 126 A 156";"48,9571000000";"2,3958000000"
"202100015763";"30";"09";"2021";"17:30";"1";"93";"93066";"2";"2";"1";"3";"Avenue de la MÃ©tallurgie";"48,9092890000";"2,3613640000"
"202100015764";"29";"09";"2021";"18:50";"1";"93";"93066";"2";"9";"1";"5";"Rue Ambroise Croizat";"48,9322400000";"2,3489300000"
"202100015765";"1";"10";"2021";"13:00";"1";"93";"93064";"2";"1";"1";"3";"DHUYS (RUE DE LA)";"48,8771000000";"2,4688530000"
"202100015766";"1";"10";"2021";"09:45";"1";"93";"93064";"2";"1";"1";"2";"ALSACE-LORRAINE (BOULEVARD)";"48,8841050000";"2,4871470000"
"202100015767";"30";"09";"2021";"00:50";"5";"93";"93053";"2";"4";"1";"1";"ANATOLE FRANCE (RUE)";"48,8862930000";"2,4455490000"
"202100015768";"1";"10";"2021";"19:33";"5";"93";"93048";"2";"6";"2";"6";"Bd Paul Vaillant Couturier / Place Francois Mitterrand";"48,8652940000";"2,4435360000"
"202100015769";"1";"10";"2021";"06:30";"5";"93";"93031";"2";"3";"1";"3";"Rue des Solivats / Avenue de la RÃ©publique";"48,9485307924";"2,3360871077"
"202100015770";"1";"10";"2021";"22:40";"5";"93";"93005";"2";"2";"2";"3";"Avenue Jules Jouy / Avenue LeliÃ¨vre";"48,9265059299";"2,4940804839"
"202100015771";"1";"10";"2021";"09:30";"1";"93";"93001";"2";"1";"1";"3";"REPUBLIQUE (AVE DE LA ) 43/106 =>";"48,9084140000";"2,3874890000"
"202100015772";"1";"10";"2021";"11:30";"1";"92";"92046";"2";"1";"2";"6";"GABRIEL PERI";"48,8192951042";"2,3042334954"
"202100015773";"1";"10";"2021";"15:15";"1";"92";"92064";"2";"1";"2";"6";"GATE - CEPS";"48,8515533906";"2,2181588104"
"202100015774";"25";"09";"2021";"17:30";"1";"92";"92064";"2";"1";"1";"3";"REPUBLIQUE";"48,8467175416";"2,2141490524"
"202100015775";"1";"10";"2021";"09:11";"1";"92";"92076";"2";"1";"1";"3";"SURESNES";"48,8458250000";"2,1799680000"
"202100015776";"30";"09";"2021";"09:36";"1";"92";"92062";"2";"9";"1";"3";"DE DION BOUTON (QUAI) DU 29 AU 65";"48,8843064254";"2,2498530149"
"202100015777";"1";"10";"2021";"16:55";"1";"92";"92050";"2";"1";"2";"6";"PICASSO PABLO AVENUE";"48,8932147497";"2,2128653526"
"202100015778";"30";"09";"2021";"22:45";"5";"92";"92040";"2";"2";"1";"3";"BAS MEUDON (AVENUE DU)";"48,8219211952";"2,2440889478"
"202100015779";"1";"10";"2021";"18:30";"2";"92";"92026";"2";"3";"3";"3";"SAINT-DENIS BD (120 A 174 / DE 199 A 315";"48,9021700000";"2,2736900000"
"202100015780";"1";"10";"2021";"13:00";"1";"92";"92025";"2";"4";"1";"3";"STALINGRAD (AV DE)";"48,9334000000";"2,2646650000"
"202100015781";"30";"09";"2021";"19:30";"1";"92";"92024";"2";"2";"1";"6";"GASTON PAYMAL (RUE) DE (1A 3)   (2   4)";"48,9030952134";"2,3093777423"
"202100015782";"25";"09";"2021";"20:00";"5";"92";"92024";"2";"1";"1";"6";"JEAN JAURES (BD) DE (1 A 45)   (2 A 54)";"48,8973900000";"2,3086400000"
"202100015783";"1";"10";"2021";"12:10";"1";"92";"92012";"2";"2";"1";"6";"EDOUARD VAILLANT (AVENUE) - DEBUT/55 - C";"48,8354435105";"2,2495135444"
"202100015784";"30";"09";"2021";"18:15";"1";"92";"92012";"2";"6";"1";"2";"ANCIENS COMBATTANT (ROND - POINT DES)";"48,8479077756";"2,2418090701"
"202100015785";"24";"08";"2021";"18:22";"1";"76";"76281";"1";"4";"1";"1";"1 Rue de Freneuse";"49,5201220000";"0,5748540000"
"202100015786";"2";"10";"2021";"20:00";"5";"35";"35126";"2";"1";"3";"1";"90 Rue de Fagues";"47,9636170000";" -1,7912170000"
"202100015787";"2";"10";"2021";"12:15";"1";"16";"16012";"1";"1";"8";"2";"RD731";"45,5991760000";" -0,3199340000"
"202100015788";"2";"10";"2021";"14:10";"1";"68";"68296";"1";"1";"1";"6";"Rte dÃ©partemental 481";"48,2456820000";"7,3217870000"
"202100015789";"2";"10";"2021";"11:10";"1";"972";"97222";"1";"1";"1";"5";"RN 1";"14,6892530000";" -60,9399820000"
"202100015790";"1";"10";"2021";"16:30";"1";"64";"64450";"1";"3";"1";"3";"D945";"43,4861820000";" -0,5647230000"
"202100015791";"1";"10";"2021";"19:20";"2";"42";"42308";"2";"1";"1";"6";"Rue Joannes Callet";"45,4520100000";"4,5821790000"
"202100015792";"2";"08";"2021";"13:30";"1";"34";"34199";"1";"1";"1";"3";"a75";"43,4548660000";"3,4310600000"
"202100015793";"1";"10";"2021";"20:15";"3";"83";"83130";"2";"1";"1";"6";"Quartier le Logis Neuf";"43,1805739918";"6,0454447355"
"202100015794";"1";"10";"2021";"15:45";"1";"66";"66050";"1";"1";"1";"2";"Route du Barcares";"42,7771650000";"2,9296800000"
"202100015795";"30";"09";"2021";"12:00";"1";"51";"51536";"1";"1";"1";"4";"D944";"49,1943320000";"4,1547420000"
"202100015796";"2";"10";"2021";"15:30";"1";"51";"51573";"1";"1";"1";"3";"A344";"49,2534881179";"4,0116432309"
"202100015797";"1";"10";"2021";"11:30";"1";"56";"56237";"1";"1";"8";"1";"D768";"48,0405960000";" -2,9501350000"
"202100015798";"2";"10";"2021";"16:20";"1";"77";"77239";"1";"1";"2";"1";"N4";"48,6917680000";"3,1619600000"
"202100015799";"2";"10";"2021";"14:20";"1";"67";"67235";"1";"1";"1";"2";"D87";"48,8825890000";"8,0500500000"
"202100015800";"2";"10";"2021";"19:00";"2";"79";"79161";"1";"2";"3";"3";"Route de Parthenay";"46,9428790000";" -0,2034190000"
"202100015801";"2";"10";"2021";"12:45";"1";"2B";"2B123";"1";"1";"1";"7";"40 Route de Vadina";"42,0763544186";"9,4675862802"
"202100015802";"2";"10";"2021";"17:20";"1";"2B";"2B171";"1";"1";"1";"6";"D343";"42,1860480000";"9,1914150000"
"202100015803";"2";"10";"2021";"11:00";"1";"2B";"2B207";"2";"1";"1";"6";"D 506 route d'orezza";"42,4441480000";"9,4965860000"
"202100015804";"2";"10";"2021";"01:20";"3";"82";"82075";"2";"1";"1";"6";"Route d Agen";"43,8353060000";"1,2947130000"
"202100015805";"26";"08";"2021";"07:45";"1";"11";"11253";"1";"1";"1";"7";"D629";"43,2907010000";"2,2251820000"
"202100015806";"30";"09";"2021";"14:30";"1";"63";"63125";"2";"3";"1";"3";"D7 Lafayette/Rue de la CÃ´te Bonjour";"45,7565372665";"3,5515650173"
"202100015807";"1";"10";"2021";"19:40";"3";"61";"61133";"1";"1";"2";"6";"D31";"48,6397600000";"0,3693810000"
"202100015808";"2";"10";"2021";"00:10";"3";"55";"55405";"1";"1";"2";"7";"Rue Hameau de Chatillon";"49,3814260000";"5,5891280000"
"202100015809";"1";"10";"2021";"04:00";"3";"47";"47049";"1";"4";"1";"6";"Les Moulins";"44,4478710000";"0,6351850000"
"202100015810";"2";"10";"2021";"12:15";"1";"41";"41256";"1";"9";"1";"1";"RD2020";"47,2927510000";"2,0586850000"
"202100015811";"1";"10";"2021";"18:20";"1";"34";"34144";"1";"1";"1";"7";"D35";"43,7113780000";"3,2045750000"
"202100015812";"2";"10";"2021";"12:05";"1";"22";"22115";"1";"1";"3";"7";"Lan Croajou";"48,3507490000";" -3,2194320000"
"202100015813";"29";"09";"2021";"17:05";"1";"44";"44041";"2";"3";"1";"2";"D65";"47,0994280000";" -1,6084510000"
"202100015814";"1";"10";"2021";"20:20";"2";"38";"38408";"2";"1";"1";"2";"Route du Stade";"45,5840265000";"4,9987790000"
"202100015815";"2";"10";"2021";"09:30";"1";"02";"02569";"2";"1";"1";"6";"23 Rue du Canal";"50,0210450000";"3,6699380000"
"202100015816";"1";"10";"2021";"17:15";"1";"01";"01115";"2";"1";"1";"3";"30 Route de Bourg";"46,2556110000";"5,0618610000"
"202100015817";"2";"10";"2021";"10:45";"1";"01";"01001";"1";"1";"1";"7";"N/A";"46,1626940000";"4,9339810000"
"202100015818";"29";"09";"2021";"15:40";"1";"72";"72211";"1";"1";"1";"1";"Lieu Dit la Vallas";"48,2709550000";" -0,1022400000"
"202100015819";"1";"10";"2021";"00:27";"4";"64";"64364";"1";"1";"1";"7";"D252";"43,3259160000";" -1,3351450000"
"202100015820";"30";"09";"2021";"22:30";"5";"85";"85213";"2";"1";"1";"6";"Rue Georges Clemenceau";"46,5933250000";" -1,3154520000"
"202100015821";"2";"10";"2021";"07:40";"2";"60";"60652";"1";"1";"8";"6";"Autoroute A16, pk 56+300 sens PARIS-BOULOGNE";"49,2997140592";"2,0730247853"
"202100015822";"1";"10";"2021";"10:55";"1";"34";"34337";"1";"3";"1";"3";"Cd 185";"43,5379400000";"3,8643980000"
"202100015823";"1";"10";"2021";"20:10";"3";"973";"97309";"2";"1";"1";"3";"Route de Montjoly (rd1)";"4,9211720000";" -52,2801970000"
"202100015824";"1";"10";"2021";"09:35";"1";"06";"06088";"1";"1";"1";"7";"A8, bretelle d'entrÃ©e 51 sens NICE -CANNES";"43,6752830000";"7,1959050000"
"202100015825";"2";"10";"2021";"14:50";"1";"63";"63113";"1";"1";"1";"3";"pk 000+500 A75 en direction de Paris";"45,7674330000";"3,1390430000"
"202100015826";"28";"08";"2021";"06:40";"2";"30";"30107";"1";"1";"1";"6";"autoroute A9, PK 25+000, sens Sud-Nord";"43,9618590000";"4,6344390000"
"202100015827";"1";"10";"2021";"17:20";"1";"77";"77359";"1";"1";"2";"5";"Perthes";"48,4805030000";"2,5145820000"
"202100015828";"1";"10";"2021";"15:10";"1";"971";"97117";"2";"1";"1";"6";"D114";"16,3256760000";" -61,3537560000"
"202100015829";"1";"10";"2021";"20:15";"3";"77";"77381";"1";"1";"2";"3";"D201";"48,6150760000";"2,9754280000"
"202100015830";"2";"10";"2021";"13:30";"1";"83";"83059";"1";"1";"1";"1";"D15 route de sainte anastasie";"43,3383510000";"6,0997400000"
"202100015831";"2";"10";"2021";"12:39";"1";"04";"04096";"1";"1";"1";"7";"Route de la Bonette";"44,3472000000";"6,7870300000"
"202100015832";"1";"09";"2021";"08:40";"1";"13";"13079";"1";"1";"1";"1";"Chemin DÃ©partemental 57 b";"43,5081760000";"5,6504060000"
"202100015833";"2";"10";"2021";"16:00";"1";"25";"25097";"1";"9";"1";"1";"Allee Henri Hugoniot";"47,5238740000";"6,8700170000"
"202100015834";"2";"10";"2021";"13:55";"1";"74";"74032";"1";"1";"1";"1";"Rte de la Cote";"46,2582060000";"6,5300630000"
"202100015835";"1";"10";"2021";"12:30";"1";"69";"69154";"1";"2";"1";"3";"LENTILLY (DE) (RTE)";"45,7889530000";"4,6692320000"
"202100015836";"2";"10";"2021";"09:50";"1";"64";"64126";"2";"3";"7";"6";"RUE LOUIS BARTHOU";"43,1757520000";" -0,6067150000"
"202100015837";"1";"10";"2021";"20:05";"3";"33";"33449";"1";"1";"2";"2";"Route du Temple";"44,8524610000";" -0,8498950000"
"202100015838";"1";"10";"2021";"21:35";"3";"22";"22081";"1";"1";"1";"6";"rue de brest";"48,4851470000";" -2,6564600000"
"202100015839";"2";"10";"2021";"09:00";"1";"35";"35196";"2";"3";"2";"6";"Rue du FrÃ¨re Emilien";"48,0726130000";" -1,8487930000"
"202100015840";"1";"10";"2021";"16:30";"1";"60";"60533";"2";"2";"3";"2";"Rue de Gournay";"49,5362070000";"2,7418880000"
"202100015841";"1";"10";"2021";"14:15";"1";"13";"13015";"1";"1";"1";"7";"A51-Sens Marseille vers Aix en Provence";"43,4674680000";"5,4074190000"
"202100015842";"28";"09";"2021";"17:40";"1";"13";"13071";"1";"1";"1";"6";"A51-Sens Aix en Provence vers Marseille";"43,4154400000";"5,3647200000"
"202100015843";"30";"09";"2021";"17:45";"1";"13";"13055";"1";"1";"1";"2";"A507 sens Marseille - Aubagne";"43,3346400000";"5,3825500000"
"202100015844";"25";"09";"2021";"19:30";"2";"01";"01275";"1";"1";"1";"2";"A42 4.329 A 5.760   LYON/GEN";"45,8121000000";"4,9413000000"
"202100015845";"1";"10";"2021";"17:15";"1";"33";"33065";"1";"1";"1";"2";"ROUTE NATIONALE 230";"44,8115300000";" -0,5219500000"
"202100015846";"1";"10";"2021";"08:06";"1";"33";"33318";"1";"1";"1";"7";"ROCADE A 630";"44,7880130000";" -0,6304760000"
"202100015847";"30";"09";"2021";"08:05";"1";"62";"62427";"1";"1";"1";"2";"AUTOROUTE A1";"50,3974560000";"2,9827740000"
"202100015848";"30";"09";"2021";"21:25";"4";"91";"91377";"1";"1";"1";"2";"RD 188";"48,7231970000";"2,2771020000"
"202100015849";"30";"09";"2021";"01:20";"3";"92";"92050";"1";"1";"1";"2";"A86";"48,9047425947";"2,2079595923"
"202100015850";"28";"09";"2021";"17:50";"1";"93";"93001";"1";"1";"1";"2";"AUTOROUTE A86";"48,9209812067";"2,3722743988"
"202100015851";"1";"10";"2021";"22:20";"3";"75";"75112";"1";"1";"3";"4";"A4";"48,8239788177";"2,4631047249"