"Num_Acc";"jour";"mois";"an";"hrmn";"lum";"dep";"com";"agg";"int";"atm";"col";"adr";"lat";"long"
"202100015852";"1";"10";"2021";"16:45";"1";"94";"94065";"1";"1";"2";"2";"A86 INT";"48,7537748866";"2,3678954755"
"202100015853";"1";"10";"2021";"07:25";"3";"94";"94065";"1";"1";"1";"3";"A86 EXT";"48,7541617479";"2,3503539663"
"202100015854";"29";"09";"2021";"09:20";"1";"29";"29019";"2";"3";"1";"6";"Avenue Victor le Gorgeu";"48,4048660313";" -4,5063017283"
"202100015855";"30";"09";"2021";"14:22";"1";"66";"66136";"2";"1";"1";"6";"AGASSE PASCAL MARIE";"42,6949100000";"2,8655100000"
"202100015856";"29";"09";"2021";"18:05";"1";"29";"29254";"1";"1";"1";"6";"Rue de Kerelisa";"48,5727851234";" -3,8560402819"
"202100015857";"30";"09";"2021";"18:00";"1";"18";"18033";"2";"3";"1";"3";"JURANVILLE (BOULEVARD)";"47,0856245457";"2,3884937362"
"202100015858";"30";"09";"2021";"18:30";"1";"15";"15014";"2";"1";"1";"6";"Place du Square";"44,9280600000";"2,4433000000"
"202100015859";"29";"09";"2021";"17:05";"1";"92";"92036";"2";"1";"1";"7";"CAMELINAT (BOULEVARD) (1/47)";"48,9276150000";"2,2970640000"
"202100015860";"29";"09";"2021";"14:17";"1";"93";"93070";"2";"1";"1";"6";"Rue des Rosiers";"48,9048894345";"2,3378463686"
"202100015861";"30";"09";"2021";"07:30";"1";"974";"97409";"2";"1";"1";"2";"Ravine creuse (chemin)";" -20,9639100000";"55,6647800000"
"202100015862";"30";"09";"2021";"14:00";"1";"69";"69383";"2";"1";"1";"3";"ALBERT THOMAS (CR)";"45,7475400000";"4,8655100000"
"202100015863";"30";"09";"2021";"11:30";"1";"69";"69383";"2";"1";"1";"3";"MAURICE FLANDIN (R)";"45,7596896398";"4,8629733606"
"202100015864";"30";"09";"2021";"08:15";"1";"69";"69387";"2";"1";"1";"1";"LIEUTENANT COLONEL GIRARD (R)";"45,7369000000";"4,8269000000"
"202100015865";"30";"09";"2021";"08:25";"1";"69";"69388";"2";"3";"1";"3";"MARIUS BERLIET (R)";"45,7460100000";"4,8592600000"
"202100015866";"30";"09";"2021";"12:30";"1";"972";"97213";"1";"1";"2";"6";"ROUTE DEPARTEMENTALE 3";"14,6332700000";" -61,0224300000"
"202100015867";"30";"09";"2021";"10:20";"1";"972";"97213";"1";"1";"2";"2";"ROUTE NATIONALE 1";"14,6212200000";" -60,9919500000"
"202100015868";"30";"09";"2021";"11:40";"1";"972";"97209";"1";"6";"1";"5";"BALATA (ROUTE DE)";"14,6254097997";" -61,0724025965"
"202100015869";"29";"09";"2021";"22:30";"5";"972";"97209";"2";"3";"1";"6";"RELIGIEUSES (ROUTE DES)";"14,6096100000";" -61,0600500000"
"202100015870";"29";"09";"2021";"12:00";"1";"69";"69149";"2";"1";"1";"6";"AUGUSTE BLANQUI (R)";"45,7119586194";"4,8101353295"
"202100015871";"30";"09";"2021";"03:35";"5";"69";"69382";"2";"1";"1";"7";"PERRACHE (Q)";"45,7411431119";"4,8242257377"
"202100015872";"28";"09";"2021";"11:58";"1";"69";"69034";"1";"1";"1";"1";"VIADUC JOSEPH PICOT";"45,7940100000";"4,8717900000"
"202100015873";"29";"09";"2021";"07:10";"2";"69";"69149";"2";"1";"1";"6";"RHONE (DU) (AV)";"45,7171519327";"4,8150104284"
"202100015874";"30";"09";"2021";"17:13";"1";"971";"97101";"2";"9";"1";"2";"PATRICK SAINT ELOI ( AVENUE )";"16,2542700000";" -61,5230000000"
"202100015875";"30";"09";"2021";"14:13";"1";"2A";"2A004";"2";"1";"1";"5";"MEZZAVIA ROUTE DE";"41,9458000000";"8,7601100000"
"202100015876";"30";"09";"2021";"18:55";"1";"95";"95585";"2";"1";"1";"6";"FAURE (RUE FELIX)";"48,9958300000";"2,3722200000"
"202100015877";"30";"09";"2021";"20:40";"3";"91";"91103";"1";"2";"1";"3";"BOELE (ROUTE)";"48,6262700000";"2,2971550000"
"202100015878";"30";"09";"2021";"21:00";"3";"91";"91161";"2";"1";"1";"6";"RTE DE LONGJUMEAU";"48,7137570000";"2,2982420000"
"202100015879";"30";"09";"2021";"16:55";"1";"91";"91645";"2";"1";"1";"3";"VOIE DE LA VALLEE DE LA BIEVRE";"48,7378930000";"2,2555560000"
"202100015880";"30";"09";"2021";"19:50";"5";"91";"91657";"2";"1";"1";"4";"AV DE LA CONCORDE";"48,7039300000";"2,4247600000"
"202100015881";"30";"09";"2021";"13:47";"1";"87";"87085";"2";"1";"1";"2";"LANDOUGE (AVENUE DE)";"45,8398000000";"1,2109500000"
"202100015882";"30";"09";"2021";"10:25";"1";"87";"87085";"2";"6";"1";"3";"ROUSSILLON (AVENUE DU)";"45,8205400000";"1,2242000000"
"202100015883";"10";"07";"2021";"13:10";"1";"85";"85194";"2";"1";"2";"3";"Rue du Taillis";"46,5249900000";" -1,7916700000"
"202100015884";"4";"08";"2021";"00:30";"5";"84";"84007";"2";"1";"1";"7";"CHARLES DE GAULLE";"43,9300130000";"4,8239860000"
"202100015885";"30";"09";"2021";"13:15";"1";"83";"83137";"2";"2";"1";"3";"MOROSELLI (RUE JULES)";"43,1359500000";"5,9196800000"
"202100015886";"30";"09";"2021";"12:05";"1";"78";"78638";"2";"1";"1";"6";"GENERAL DE GAULLE (RUE DU)";"49,0036600000";"1,9693800000"
"202100015887";"30";"09";"2021";"19:00";"2";"76";"76095";"2";"2";"1";"3";"JUIN. AVENUE DU MARECHAL";"49,4620800000";"1,1262200000"
"202100015888";"29";"09";"2021";"18:00";"1";"72";"72181";"2";"1";"1";"6";"EINSTEIN ALBERT (RUE)";"48,0320000000";"0,1740000000"
"202100015889";"29";"09";"2021";"10:55";"1";"72";"72181";"2";"1";"1";"2";"DURAND GEORGES (AV) NÂ° PAIRS 312 A 460";"47,9667900000";"0,2198700000"
"202100015890";"29";"09";"2021";"05:55";"5";"72";"72003";"2";"1";"2";"7";"RD 23 (RTE)";"47,9723200000";"0,1473600000"
"202100015891";"29";"09";"2021";"23:45";"5";"69";"69266";"2";"2";"1";"3";"POUDRETTE (DE LA) (R)";"45,7605300000";"4,9205700000"
"202100015892";"23";"09";"2021";"15:28";"1";"68";"68066";"2";"1";"1";"6";"FECHT (CHEMIN DE LA)";"48,1061550000";"7,3413350000"
"202100015893";"29";"09";"2021";"14:42";"1";"66";"66136";"2";"1";"1";"6";"LANGUEDOC (AVENUE DU CD 88)";"42,7221400000";"2,8863400000"
"202100015894";"29";"09";"2021";"13:00";"1";"64";"64237";"1";"6";"1";"2";"D 802";"43,2788700000";" -0,3752200000"
"202100015895";"29";"09";"2021";"12:09";"1";"61";"61001";"2";"9";"1";"3";"GENERAL LECLERC (AVENUE DU)";"48,4232080000";"0,0897500000"
"202100015896";"29";"09";"2021";"13:45";"1";"60";"60463";"1";"1";"1";"1";"RD200 RN16";"49,2687410000";"2,4568880000"
"202100015897";"30";"09";"2021";"11:30";"1";"59";"59599";"2";"1";"1";"6";"CURIE (CHAUSSEE PIERRE)";"50,7338505302";"3,1805810771"
"202100015898";"29";"09";"2021";"16:35";"1";"58";"58194";"2";"1";"1";"4";"PRE PLANTIN (BOULEVARD)";"46,9830600000";"3,1232100000"
"202100015899";"29";"09";"2021";"19:48";"2";"56";"56121";"2";"1";"1";"6";"ORADOUR SUR GLANE ( BD D')";"47,7534000000";" -3,3710100000"
"202100015900";"28";"09";"2021";"18:00";"1";"56";"56098";"2";"1";"8";"6";"SEMBAT (RUE MARCEL)";"47,7632500000";" -3,3460200000"
"202100015901";"28";"09";"2021";"11:00";"1";"56";"56185";"1";"1";"2";"2";"N165 bretelle Ã©changeur";"47,7710300000";" -3,3780400000"
"202100015902";"26";"09";"2021";"07:20";"5";"56";"56098";"2";"1";"1";"6";"JAURES (RUE  JEAN )";"47,7666800000";" -3,3561730000"
"202100015903";"1";"10";"2021";"02:10";"5";"54";"54547";"2";"6";"1";"6";"EUROPE (BOULEVARD DE L')";"48,6626317228";"6,1727575431"
"202100015904";"30";"09";"2021";"13:55";"1";"54";"54328";"2";"2";"1";"3";"FLEVILLE (ROUTE DE)";"48,6220325691";"6,1794655542"
"202100015905";"29";"09";"2021";"09:35";"1";"54";"54549";"2";"1";"2";"3";"PERI (RUE GABRIEL)";"48,6344300000";"6,3197300000"
"202100015906";"30";"09";"2021";"17:15";"1";"51";"51454";"2";"1";"1";"2";"Avenue Salvador Allende Gossens";"49,2838684275";"4,0156544440"
"202100015907";"29";"09";"2021";"19:14";"1";"49";"49007";"2";"1";"1";"2";"MEIGNANNE";"47,4786000000";" -0,5697300000"
"202100015908";"29";"09";"2021";"14:04";"1";"49";"49246";"2";"1";"1";"4";"HUGO VICTOR RUE";"47,4275300000";" -0,5270100000"
"202100015909";"29";"09";"2021";"12:59";"1";"42";"42207";"2";"1";"1";"1";"Rue Jean-Louis Loubet";"45,4711300000";"4,5057500000"
"202100015910";"30";"09";"2021";"09:00";"1";"37";"37261";"2";"1";"1";"2";"Daniel Mayer";"47,4186450092";"0,6942616693"
"202100015911";"29";"09";"2021";"18:00";"1";"37";"37122";"1";"6";"1";"6";"ROUTE DE SAVONNIERES";"47,3673900000";"0,6526700000"
"202100015912";"30";"09";"2021";"20:45";"5";"35";"35238";"2";"3";"1";"3";"VANEAU";"48,1104600000";" -1,6927400000"
"202100015913";"30";"09";"2021";"22:20";"5";"33";"33063";"2";"1";"1";"1";"Cours de la Somme";"44,8295800000";" -0,5722300000"
"202100015914";"30";"09";"2021";"08:40";"1";"33";"33281";"2";"6";"1";"3";"AVE DE VERDUN";"44,8402640000";" -0,6398490000"
"202100015915";"29";"09";"2021";"15:30";"1";"33";"33119";"2";"3";"1";"3";"Cours de Verdun";"44,8514600000";" -0,5378700000"
"202100015916";"20";"09";"2021";"20:05";"5";"30";"30189";"2";"1";"2";"6";"ALLENDE SALVADOR (RUE)";"43,8474000000";"4,3970000000"
"202100015917";"30";"09";"2021";"11:42";"1";"29";"29039";"1";"6";"1";"6";"Rond Point Villeneuve";"47,8946193932";" -3,9138740301"
"202100015918";"23";"09";"2021";"12:30";"1";"25";"25388";"2";"9";"1";"3";"LUDWIGSBURG (ROND POINT DE)";"47,5029290000";"6,8122130000"
"202100015919";"30";"09";"2021";"23:55";"5";"25";"25056";"2";"1";"1";"6";"FAURE AVENUE EDGAR";"47,2443800000";"6,0184000000"
"202100015920";"30";"09";"2021";"09:40";"1";"22";"22278";"2";"7";"1";"3";"74Â° RIT (PL. DU)";"48,5104140000";" -2,7673370000"
"202100015921";"29";"09";"2021";"17:25";"1";"17";"17028";"1";"1";"1";"4";"117 PK RN137 JUSTICE ROCHEFORT";"46,1387700000";" -1,1042700000"
"202100015922";"30";"09";"2021";"11:15";"1";"17";"17300";"2";"1";"1";"5";"SCIERIE   RUE DE LA";"46,1479800000";" -1,1532700000"
"202100015923";"29";"09";"2021";"13:30";"1";"14";"14118";"2";"6";"1";"3";"JUIN (BOULEVARD MARECHAL)";"49,2110400000";" -0,3636200000"
"202100015924";"29";"09";"2021";"12:59";"1";"13";"13077";"2";"1";"1";"6";"THOREZ MAURICE (avenue)";"43,4065000000";"4,9808400000"
"202100015925";"30";"09";"2021";"17:00";"1";"13";"13202";"2";"1";"1";"3";"CARGO RHIN FIDELI (RUE)";"43,3270700000";"5,3580700000"
"202100015926";"30";"09";"2021";"12:15";"1";"13";"13202";"2";"1";"1";"3";"DAMES (BOULEVARD DES)";"43,3026200000";"5,3699700000"
"202100015927";"30";"09";"2021";"10:15";"1";"13";"13005";"2";"1";"1";"2";"RN 96 (ROUTE NATIONALE )";"43,3051900000";"5,5725800000"
"202100015928";"29";"09";"2021";"17:15";"1";"12";"12145";"2";"3";"1";"3";"MARTEL EDOUARD ALFRED (AVENUE)";"44,1117600000";"3,0820500000"
"202100015929";"29";"09";"2021";"21:25";"5";"10";"10387";"2";"9";"1";"3";"VERNIER (RUE)";"48,2978400000";"4,0759500000"
"202100015930";"26";"09";"2021";"10:00";"1";"07";"07281";"2";"1";"1";"6";"BOUVAT (QUAI JULES)";"44,9436700000";"4,8413800000"
"202100015931";"30";"09";"2021";"19:00";"2";"06";"06159";"1";"4";"1";"1";"CONDAMINE (AVENUE DE LA)";"43,7165820000";"7,3216580000"
"202100015932";"29";"09";"2021";"01:30";"5";"06";"06088";"2";"1";"1";"6";"ANGLAIS (DU NÂ° 265 AU NÂ° 350)";"43,6866150000";"7,2380680000"
"202100015933";"30";"09";"2021";"16:35";"1";"06";"06069";"1";"1";"1";"3";"PLAN (ROUTE DU) -D304-";"43,6521320000";"6,9476050000"
"202100015934";"30";"09";"2021";"18:05";"1";"06";"06004";"1";"1";"1";"5";"C.D. 35 BIS";"43,5951900000";"7,0907300000"
"202100015935";"29";"09";"2021";"18:24";"1";"05";"05061";"2";"1";"1";"6";"GEORGES POMPIDOU ( BD)";"44,5551960000";"6,0764220000"
"202100015936";"30";"09";"2021";"13:55";"1";"05";"05023";"2";"1";"1";"6";"DE GAULLE (AVENUE DU GENERAL)";"44,8954300000";"6,6330400000"
"202100015937";"30";"09";"2021";"18:30";"1";"04";"04112";"2";"6";"1";"6";"RD 907";"43,8227200000";"5,7914900000"
"202100015938";"30";"09";"2021";"19:20";"2";"03";"03013";"2";"6";"7";"3";"CENTRE COMMERCIAL DES PORTES D'AVERMES";"46,5904700000";"3,3221820000"
"202100015939";"30";"09";"2021";"07:10";"2";"01";"01053";"2";"2";"1";"3";"ALSACE LORRAINE (AVENUE )";"46,2019500000";"5,2208500000"
"202100015940";"30";"09";"2021";"11:15";"1";"75";"75106";"2";"3";"1";"2";"BOULEVARD SAINT GERMAIN";"48,8541920000";"2,3316170000"
"202100015941";"29";"09";"2021";"13:20";"1";"75";"75105";"2";"2";"2";"2";"BOULEVARD SAINT GERMAIN";"48,8495034053";"2,3528393849"
"202100015942";"30";"09";"2021";"14:10";"1";"75";"75118";"2";"1";"1";"3";"RUE DOUDEAUVILLE";"48,8889820000";"2,3590100000"
"202100015943";"30";"09";"2021";"20:10";"5";"75";"75116";"2";"4";"1";"2";"BD PERIPHERIQUE INTERIEUR";"48,8433200000";"2,2546110000"
"202100015944";"30";"09";"2021";"09:25";"1";"75";"75116";"2";"3";"1";"2";"AVENUE DE LA GRANDE ARMEE";"48,8748270000";"2,2917270000"
"202100015945";"30";"09";"2021";"10:20";"1";"75";"75116";"2";"2";"1";"6";"RUE DE LA TOUR";"48,8627990000";"2,2763250000"
"202100015946";"30";"09";"2021";"19:45";"5";"75";"75115";"2";"1";"1";"6";"QUAI BRANLY";"48,8564170000";"2,2900030000"
"202100015947";"30";"09";"2021";"19:20";"2";"75";"75115";"2";"2";"1";"6";"RUE DE LA CONVENTION";"48,8372310000";"2,2964380000"
"202100015948";"30";"09";"2021";"17:17";"1";"75";"75115";"2";"3";"1";"2";"RUE LOUIS ARMAND";"48,8326760000";"2,2789380000"
"202100015949";"30";"09";"2021";"14:55";"1";"75";"75115";"2";"7";"1";"6";"BOULEVARD GARIBALDI";"48,8480710000";"2,3015260000"
"202100015950";"30";"09";"2021";"08:45";"1";"75";"75114";"2";"2";"1";"7";"AVENUE DE LA PORTE DE MONTROUGE";"48,8236860000";"2,3231730000"
"202100015951";"30";"09";"2021";"15:00";"1";"75";"75112";"2";"1";"1";"6";"RUE DE REUILLY";"48,8491270000";"2,3853970000"
"202100015952";"30";"09";"2021";"09:30";"1";"75";"75111";"2";"1";"1";"3";"AVENUE PHILIPPE AUGUSTE";"48,8541690000";"2,3923340000"
"202100015953";"29";"09";"2021";"11:05";"1";"75";"75110";"2";"2";"8";"3";"RUE LA FAYETTE";"48,8807470000";"2,3624640000"
"202100015954";"30";"09";"2021";"13:29";"1";"75";"75109";"2";"4";"1";"6";"RUE DE CAUMARTIN";"48,8757750000";"2,3285120000"
"202100015955";"30";"09";"2021";"16:45";"1";"75";"75108";"2";"4";"1";"2";"AVENUE DES CHAMPS ELYSEES";"48,8719250000";"2,3008440000"
"202100015956";"30";"09";"2021";"11:45";"1";"75";"75108";"2";"2";"1";"6";"AVENUE GEORGE V";"48,8708830000";"2,3011180000"
"202100015957";"30";"09";"2021";"13:00";"1";"75";"75101";"2";"7";"1";"3";"PLACE DU CHATELET";"48,8571820000";"2,3473330000"
"202100015958";"28";"09";"2021";"17:50";"1";"75";"75104";"2";"2";"1";"3";"BOULEVARD HENRI IV";"48,8508224054";"2,3614320844"
"202100015959";"30";"09";"2021";"12:15";"1";"94";"94044";"2";"6";"1";"3";"PIERRE CURIE (R)";"48,7469800000";"2,4897300000"
"202100015960";"30";"09";"2021";"10:25";"1";"94";"94041";"2";"2";"1";"3";"Rue Marat";"48,8110330000";"2,3843010000"
"202100015961";"30";"09";"2021";"17:20";"1";"93";"93078";"2";"1";"1";"3";"BALLANGER (BD ROBERT)";"48,9554700000";"2,5388700000"
"202100015962";"30";"09";"2021";"08:15";"1";"93";"93078";"2";"1";"1";"6";"Rue de lâEglise";"48,9637305305";"2,5358998776"
"202100015963";"30";"09";"2021";"08:30";"1";"93";"93070";"2";"9";"1";"3";"ALBERT-DHALENNE (RUE)";"48,9172690000";"2,3299140000"
"202100015964";"30";"09";"2021";"08:40";"1";"93";"93077";"2";"3";"1";"3";"GALLIENI (AVENUE DU GENERAL)";"48,8908300000";"2,5085200000"
"202100015965";"28";"09";"2021";"16:35";"1";"93";"93053";"2";"9";"1";"3";"DUQUESNE (ALLEE)";"48,8994500000";"2,4679640000"
"202100015966";"29";"09";"2021";"14:55";"1";"93";"93007";"2";"1";"2";"3";"""HENRI BARBUSSE (AVENUE """"DU 01 AU 80"""")";"48,9377700000";"2,4596800000"
"202100015967";"30";"09";"2021";"09:15";"1";"92";"92062";"2";"9";"1";"3";"PUTEAUX (PONT DE)";"48,8781200000";"2,2427400000"
"202100015968";"30";"09";"2021";"16:18";"1";"92";"92044";"2";"1";"1";"3";"VIC. HUGO(RUE)001A067 ET002A078";"48,8941761279";"2,2986052697"
"202100015969";"28";"09";"2021";"15:00";"1";"92";"92036";"2";"4";"1";"3";"GABRIEL PERI (AVENUE) (2/58)";"48,9158080373";"2,2958904505"
"202100015970";"30";"09";"2021";"00:00";"5";"92";"92026";"2";"9";"1";"3";"VERDUN (DE 01 A 61)";"48,9002522118";"2,2609104216"
"202100015971";"30";"09";"2021";"17:40";"1";"92";"92024";"2";"1";"1";"2";"JEAN JAURES (BD) DE (1 A 45)   (2 A 54)";"48,8983400000";"2,3075700000"
"202100015972";"30";"09";"2021";"17:10";"1";"92";"92024";"2";"1";"1";"6";"VICTOR HUGO (BD)";"48,9014267412";"2,3168970057"
"202100015973";"29";"09";"2021";"12:00";"1";"92";"92012";"2";"2";"1";"6";"LE CORBUSIER (RUE)";"48,8377469444";"2,2403802828"
"202100015974";"29";"09";"2021";"08:10";"1";"92";"92004";"2";"1";"1";"3";"MARNE   ( AVENUE DE LA )";"48,9093863095";"2,2860165126"
"202100015975";"1";"10";"2021";"14:00";"1";"80";"80016";"1";"1";"2";"3";"DÃ©partementale 929";"49,9923190000";"2,6170210000"
"202100015976";"28";"09";"2021";"18:25";"1";"24";"24462";"2";"3";"1";"1";"Rue de la LibertÃ©";"45,0365380000";"0,3569480000"
"202100015977";"22";"09";"2021";"17:25";"1";"17";"17420";"1";"1";"1";"2";"RN137";"46,0829800000";" -1,0785270000"
"202100015978";"1";"10";"2021";"03:49";"3";"74";"74186";"1";"1";"1";"1";"A41";"45,8647020000";"6,0584130000"
"202100015979";"29";"09";"2021";"05:55";"2";"972";"97204";"1";"1";"1";"1";"nationale 2 - Route de Choisy";"14,6939390000";" -61,1655450000"
"202100015980";"30";"09";"2021";"15:00";"1";"86";"86165";"1";"1";"1";"1";"Le Sejour";"46,4417100000";"0,8689560000"
"202100015981";"1";"10";"2021";"15:05";"1";"30";"30221";"1";"1";"1";"7";"N 580";"44,0377430000";"4,7293350000"
"202100015982";"1";"10";"2021";"01:00";"5";"69";"69027";"2";"6";"1";"6";"D342";"45,6774460000";"4,7700510000"
"202100015983";"30";"09";"2021";"10:40";"1";"83";"83018";"1";"6";"7";"3";"Avenue de la Gare";"43,3448600052";"6,1724656668"
"202100015984";"30";"09";"2021";"19:30";"2";"44";"44071";"2";"1";"1";"2";"Rue du ChÃ¢teau";"47,1983370000";" -1,4213780000"
"202100015985";"1";"10";"2021";"14:45";"1";"57";"57154";"1";"1";"1";"6";"dÃ©partementale 72";"49,1983210000";"6,5931270000"
"202100015986";"30";"09";"2021";"18:15";"1";"51";"51027";"1";"1";"1";"2";"D3";"49,0306081754";"4,6758851742"
"202100015987";"1";"10";"2021";"10:20";"1";"51";"51013";"1";"1";"1";"1";"D25";"49,1919620000";"3,7022100000"
"202100015988";"29";"09";"2021";"19:50";"2";"19";"19286";"2";"1";"8";"1";"la croix";"45,3168792151";"1,3914422236"
"202100015989";"30";"09";"2021";"11:40";"1";"76";"76208";"1";"1";"1";"5";"Route de Dampierre";"49,5030850000";"1,7073660000"
"202100015990";"1";"10";"2021";"17:00";"1";"79";"79131";"2";"2";"8";"6";"Route de Thouars";"46,8810070000";" -0,3255400000"
"202100015991";"1";"10";"2021";"14:30";"1";"80";"80273";"1";"2";"2";"1";"D1029";"49,7844060000";"1,9435930000"
"202100015992";"1";"10";"2021";"03:05";"3";"82";"82179";"2";"1";"1";"6";"9 Route de Caylus";"44,1779880000";"1,6233630000"
"202100015993";"1";"10";"2021";"17:20";"1";"32";"32413";"1";"1";"1";"7";"D12 PK45.358";"43,3730000000";"0,6780000000"
"202100015994";"1";"10";"2021";"10:45";"1";"89";"89478";"1";"1";"1";"3";"Route DÃ©partementale 606";"47,6958700000";"3,6365930000"
"202100015995";"1";"10";"2021";"18:30";"1";"63";"63178";"2";"2";"1";"3";"Boulevard de BarriÃ¨re";"45,5407020000";"3,2428340000"
"202100015996";"22";"09";"2021";"17:00";"1";"49";"49307";"1";"9";"1";"3";"Rue des MÃ©juteaux";"47,4652470000";" -0,3997030000"
"202100015997";"1";"10";"2021";"16:45";"1";"42";"42311";"1";"3";"1";"2";"Route de Bayard";"45,4790910000";"4,4027600000"
"202100015998";"14";"09";"2021";"07:45";"1";"34";"34096";"1";"1";"2";"1";"DÃ©partementale 909";"43,5442240000";"3,1839750000"
"202100015999";"30";"09";"2021";"06:55";"2";"44";"44173";"1";"2";"1";"3";"D117";"47,0734580000";" -1,3757320000"
"202100016000";"29";"09";"2021";"20:25";"3";"35";"35184";"1";"9";"1";"2";"RN 12";"48,2167574507";" -2,0982538656"
"202100016001";"30";"09";"2021";"11:25";"1";"29";"29216";"2";"1";"1";"6";"Rue Menez Izella";"47,9845911457";" -4,1796125472"
"202100016002";"1";"10";"2021";"17:09";"1";"31";"31426";"2";"2";"1";"3";"2 rue principale";"43,0864700000";"0,6149940000"
"202100016003";"30";"09";"2021";"18:15";"1";"02";"02374";"1";"1";"1";"7";"D93";"49,9064380000";"3,2738400000"
"202100016004";"19";"09";"2021";"04:05";"5";"01";"01320";"2";"2";"2";"3";"D933";"46,3052460000";"4,8712750000"
"202100016005";"30";"09";"2021";"10:05";"1";"54";"54426";"1";"3";"7";"3";"route dÃ©partementale 904";"48,6454110921";"5,9006291610"
"202100016006";"30";"09";"2021";"18:55";"1";"72";"72023";"2";"3";"1";"3";"Rue Carnot";"48,1735990000";"0,2390920000"
"202100016007";"1";"10";"2021";"19:32";"2";"09";"09255";"1";"1";"1";"1";"D136 route de Saverdun";"43,1603290000";"1,5461270000"
"202100016008";"30";"09";"2021";"17:15";"1";"64";"64010";"1";"3";"1";"3";"D29 PK 4 + 700";"43,3615850000";" -1,0196900000"
"202100016009";"1";"10";"2021";"13:25";"1";"16";"16207";"1";"3";"1";"3";"Carrefour D737 - D736";"45,8658670000";"0,0110290000"
"202100016010";"30";"09";"2021";"16:45";"1";"07";"07265";"1";"1";"7";"3";"N/A";"45,2841880000";"4,6318790000"
"202100016011";"30";"09";"2021";"16:50";"1";"07";"07313";"1";"1";"1";"2";"N/A";"45,3129030000";"4,7677340000"
"202100016012";"25";"08";"2021";"14:15";"1";"53";"53124";"1";"1";"1";"7";"route dÃ©partementale 22";"47,8443140000";" -0,8766420000"
"202100016013";"30";"09";"2021";"15:30";"1";"27";"27185";"1";"2";"1";"3";"D84";"49,2110300000";"0,9770860000"
"202100016014";"1";"10";"2021";"15:25";"1";"27";"27425";"1";"1";"1";"1";"rd 613";"49,1487520000";"0,7006900000"
"202100016015";"25";"08";"2021";"17:30";"1";"27";"27455";"1";"2";"1";"3";"Route de Moyaux";"49,1750270000";"0,4041340000"
"202100016016";"27";"09";"2021";"17:35";"1";"08";"08017";"1";"3";"1";"6";"D946";"49,2708894848";"4,9960799216"
"202100016017";"30";"09";"2021";"17:15";"1";"88";"88371";"1";"1";"1";"6";"Etang de la Morte";"48,0607790000";"6,5135410000"
"202100016018";"1";"10";"2021";"09:00";"1";"78";"78233";"1";"1";"1";"2";"D307";"48,8679840000";"1,9651620000"
"202100016019";"30";"09";"2021";"17:10";"1";"78";"78571";"1";"1";"1";"6";"D 307";"48,8534910000";"2,0225890000"
"202100016020";"30";"09";"2021";"11:20";"1";"21";"21054";"1";"1";"1";"2";"Autoroute A6";"47,0158267865";"4,8680537568"
"202100016021";"28";"09";"2021";"13:30";"1";"30";"30333";"1";"1";"1";"5";"Autoroute A9 au point kilomÃ©trique 64";"43,7605564357";"4,2639935017"
"202100016022";"30";"09";"2021";"06:30";"4";"77";"77191";"1";"1";"1";"3";"D408";"48,5561100000";"2,9412030000"
"202100016023";"1";"10";"2021";"06:50";"1";"83";"83053";"1";"9";"1";"1";"route de toulon - pk 16+800";"43,1650520000";"5,8295130000"
"202100016024";"30";"09";"2021";"15:20";"1";"67";"67520";"1";"1";"7";"1";"D75";"48,6203680000";"7,4466530000"
"202100016025";"1";"10";"2021";"16:10";"1";"01";"01249";"2";"1";"1";"2";"D1083";"45,8613620000";"4,9113660000"
"202100016026";"30";"09";"2021";"12:00";"1";"69";"69140";"1";"1";"1";"7";"CHERES (DES) (RTE)";"45,8927515501";"4,7094513414"
"202100016027";"29";"09";"2021";"07:55";"2";"09";"09214";"1";"1";"1";"1";"D618";"42,9601130000";"1,0868740000"
"202100016028";"29";"09";"2021";"08:10";"1";"33";"33243";"2";"6";"2";"3";"Place Jean Moulin";"44,9186900000";" -0,2420800000"
"202100016029";"30";"09";"2021";"21:22";"3";"61";"61182";"1";"1";"1";"6";"Villeneuve";"48,4689240000";" -0,0937810000"
"202100016030";"1";"10";"2021";"08:10";"2";"35";"35360";"1";"1";"8";"3";"route departementale 178";"48,1249080000";" -1,2325820000"
"202100016031";"30";"09";"2021";"18:05";"2";"60";"60434";"1";"1";"1";"3";"D935";"49,5773218848";"2,6673659309"
"202100016032";"1";"10";"2021";"13:20";"1";"80";"80170";"1";"1";"8";"7";"D26";"49,6705090000";"2,4892990000"
"202100016033";"30";"09";"2021";"15:45";"1";"13";"13211";"1";"1";"1";"2";"A50-Sens Marseille vers Aubagne";"43,2945800000";"5,4661800000"
"202100016034";"29";"09";"2021";"13:58";"1";"13";"13206";"1";"1";"1";"7";"Tunnel Prado CarÃ©nage";"43,2859200000";"5,3796300000"
"202100016035";"30";"09";"2021";"08:00";"1";"13";"13211";"1";"1";"1";"2";"A50-Sens Marseille vers Aubagne";"43,2862000000";"5,4312500000"
"202100016036";"30";"09";"2021";"08:53";"1";"13";"13215";"1";"1";"1";"2";"A7-Sens Lyon vers Marseille";"43,3500442678";"5,3687067031"
"202100016037";"29";"09";"2021";"08:15";"1";"13";"13211";"1";"1";"1";"3";"A50-Sens Aubagne vers Marseille";"43,2940400000";"5,4580000000"
"202100016038";"29";"09";"2021";"12:17";"1";"13";"13071";"1";"1";"1";"2";"A7-Sens Marseille vers Lyon";"43,4047060000";"5,3036480000"