"Num_Acc";"jour";"mois";"an";"hrmn";"lum";"dep";"com";"agg";"int";"atm";"col";"adr";"lat";"long"
"202100016039";"30";"09";"2021";"06:40";"2";"83";"83137";"1";"1";"1";"3";"A57";"43,1237750225";"5,9609671565"
"202100016040";"30";"09";"2021";"17:24";"1";"33";"33039";"1";"1";"1";"2";"ROCADE A 630";"44,7922400000";" -0,5399900000"
"202100016041";"30";"09";"2021";"08:55";"1";"33";"33080";"1";"1";"1";"3";"AUTOROUTE A 62";"44,7562170000";" -0,5448380000"
"202100016042";"30";"09";"2021";"19:50";"3";"91";"91161";"1";"1";"1";"3";"AUTOROUTE A6";"48,6982000000";"2,3137000000"
"202100016043";"30";"09";"2021";"18:25";"1";"94";"94021";"1";"1";"1";"5";"AUTOROUTE A6A";"48,7609000000";"2,3390000000"
"202100016044";"30";"09";"2021";"09:50";"1";"91";"91573";"1";"1";"1";"5";"RN 104";"48,6316430000";"2,5062850000"
"202100016045";"30";"09";"2021";"17:30";"1";"92";"92036";"1";"1";"1";"4";"A86";"48,9373756521";"2,2943117859"
"202100016046";"30";"09";"2021";"16:40";"1";"92";"92036";"1";"1";"1";"2";"A86";"48,9357613185";"2,2630026617"
"202100016047";"29";"09";"2021";"09:00";"1";"78";"78297";"1";"1";"1";"3";"RN12";"48,7886300000";"2,0609500000"
"202100016048";"29";"09";"2021";"08:15";"1";"78";"78524";"1";"1";"1";"3";"A13";"48,8410590000";"2,1069970000"
"202100016049";"30";"09";"2021";"16:35";"1";"95";"95572";"1";"1";"1";"6";"RN 184";"49,0508130000";"2,1473830000"
"202100016050";"30";"09";"2021";"10:00";"1";"93";"93010";"1";"1";"1";"3";"AUTOROUTE A3";"48,9099462068";"2,4748394787"
"202100016051";"30";"09";"2021";"09:00";"1";"92";"92036";"1";"1";"1";"2";"AUTOROUTE A15";"48,9424432251";"2,2899144727"
"202100016052";"30";"09";"2021";"07:30";"2";"95";"95582";"1";"1";"1";"5";"A15";"48,9708200000";"2,2492200000"
"202100016053";"29";"09";"2021";"08:10";"1";"93";"93066";"1";"1";"2";"4";"AUTOROUTE A1";"48,9332312620";"2,3775453112"
"202100016054";"29";"09";"2021";"12:40";"1";"94";"94018";"1";"9";"1";"6";"A4";"48,8203988353";"2,4015747159"
"202100016055";"28";"09";"2021";"00:05";"3";"77";"77294";"1";"1";"1";"7";"A104";"48,9686200000";"2,6007800000"
"202100016056";"4";"10";"2021";"23:40";"5";"34";"34172";"2";"1";"1";"6";"MARES (AVENUE HENRI)";"43,6200800000";"3,8534200000"
"202100016057";"29";"09";"2021";"09:42";"1";"06";"06083";"2";"1";"1";"3";"DELATTRE DE TASSIGNY (ALLEE)";"43,7872300000";"7,4936300000"
"202100016058";"28";"09";"2021";"05:03";"5";"62";"62548";"2";"1";"2";"6";"PASCAL (RUE)";"50,9410700000";"1,9320100000"
"202100016059";"28";"09";"2021";"08:30";"1";"42";"42183";"2";"7";"1";"6";"Rue Paul Langevin";"45,4039950682";"4,3672347106"
"202100016060";"27";"09";"2021";"17:10";"1";"07";"07019";"2";"1";"1";"6";"DELATTRE DE TASSIGNY(AVENUE)";"44,6105300000";"4,3898500000"
"202100016061";"24";"09";"2021";"14:45";"1";"24";"24557";"2";"1";"1";"6";"GRANDOU (AVENUE MICHEL)";"45,1897400000";"0,7472400000"
"202100016062";"5";"05";"2021";"21:30";"5";"973";"97302";"2";"3";"1";"3";"EBOUE (ROCADE FELIX)";"4,9295489054";" -52,3151085377"
"202100016063";"22";"06";"2021";"11:30";"1";"13";"13077";"1";"1";"1";"6";"RN 568";"43,4136116445";"5,0030107498"
"202100016064";"28";"09";"2021";"18:20";"3";"974";"97416";"1";"1";"1";"2";"RN02";" -21,3490500000";"55,5025900000"
"202100016065";"27";"09";"2021";"07:00";"1";"974";"97411";"2";"2";"2";"3";"VICTOIRE (AVENUE DE LA)";" -20,8766100000";"55,4478200000"
"202100016066";"28";"09";"2021";"09:50";"1";"974";"97407";"2";"1";"1";"2";"ROUTE NATIONALE NÂ° 4";" -20,9496900000";"55,3022800000"
"202100016067";"29";"09";"2021";"21:15";"5";"69";"69383";"2";"3";"1";"3";"VILLETTE (DE LA) (R)";"45,7572000000";"4,8614300000"
"202100016068";"29";"09";"2021";"17:30";"1";"69";"69259";"2";"4";"1";"1";"PIERRE COT  (AV)";"45,7032636184";"4,8946746051"
"202100016069";"28";"09";"2021";"19:55";"5";"69";"69259";"2";"1";"1";"2";"FRANCIS DE PRESSENSE                (AV)";"45,7148297104";"4,8724150658"
"202100016070";"28";"09";"2021";"18:15";"1";"69";"69386";"2";"1";"1";"3";"VITTON (CR)";"45,7694900000";"4,8527000000"
"202100016071";"28";"09";"2021";"13:45";"1";"69";"69383";"2";"3";"1";"3";"DAUPHINE (DU) (R)";"45,7499500000";"4,8606400000"
"202100016072";"28";"09";"2021";"13:40";"1";"69";"69259";"2";"2";"1";"6";"FRANCIS DE PRESSENSE (AV)";"45,7265900000";"4,8625800000"
"202100016073";"28";"09";"2021";"09:10";"1";"69";"69387";"2";"2";"1";"1";"GUILLOTIERE (DE LA) (GR)";"45,7474900000";"4,8582000000"
"202100016074";"28";"09";"2021";"12:16";"1";"972";"97213";"1";"1";"1";"4";"AUTOROUTE A1";"14,6152300000";" -61,0131800000"
"202100016075";"29";"09";"2021";"16:40";"1";"69";"69034";"2";"1";"1";"3";"BAC A TRAILLE (DU) (CHM)";"45,7909700000";"4,8678600000"
"202100016076";"28";"09";"2021";"08:10";"1";"69";"69381";"2";"1";"1";"4";"LATTRE DE TASSIGNY ( DE) (PT)";"45,7724800000";"4,8386200000"
"202100016077";"27";"09";"2021";"19:30";"5";"971";"97120";"2";"1";"1";"3";"L'ASSAINISSEMENT (RUE DE)";"16,2439379564";" -61,5324398280"
"202100016078";"27";"09";"2021";"17:00";"1";"971";"97101";"1";"9";"1";"3";"Rue Hubert FAROUIL";"16,2741000000";" -61,4996300000"
"202100016079";"27";"09";"2021";"14:23";"1";"971";"97101";"1";"1";"1";"2";"ROUTE DE BOULIQUI";"16,2580964432";" -61,4552235603"
"202100016080";"29";"09";"2021";"10:08";"1";"2A";"2A004";"2";"9";"1";"5";"PIETRI FRANCOIS RUE";"41,9350700000";"8,7521000000"
"202100016081";"28";"09";"2021";"11:18";"1";"95";"95018";"2";"1";"1";"6";"RD 41";"48,9340400000";"2,2256100000"
"202100016082";"29";"09";"2021";"20:20";"3";"91";"91339";"1";"1";"1";"2";"AV ROBERT BENOIST";"48,6276000000";"2,2624000000"
"202100016083";"27";"09";"2021";"20:42";"5";"91";"91570";"2";"1";"1";"6";"FAURE (RUE GABRIEL)";"48,6329260000";"2,3155150000"
"202100016084";"29";"09";"2021";"10:50";"1";"91";"91161";"2";"1";"1";"6";"RUE SAINT EXUPERY";"48,7143800000";"2,3004900000"
"202100016085";"29";"09";"2021";"08:09";"1";"91";"91471";"2";"1";"2";"6";"JOFFRE (AVENUE DU MARECHAL)";"48,6938700000";"2,1771800000"
"202100016086";"29";"09";"2021";"08:38";"1";"91";"91161";"2";"6";"3";"3";"RUE DE LA MONTAGNE";"48,6964500000";"2,3067700000"
"202100016087";"29";"09";"2021";"14:50";"1";"91";"91691";"2";"1";"1";"6";"RAYMOND POINCARE(RUE)";"48,7187500000";"2,5002100000"
"202100016088";"28";"09";"2021";"08:00";"2";"91";"91201";"2";"3";"8";"3";"RUE PIERRE BROSSOLETTE";"48,6839300000";"2,4152010000"
"202100016089";"29";"09";"2021";"14:15";"1";"91";"91687";"2";"2";"1";"3";"DOCTEUR CALMETTE (RUE DU)";"48,6770530000";"2,3691910000"
"202100016090";"28";"09";"2021";"18:10";"1";"91";"91687";"2";"2";"1";"3";"DOCTEUR CALMETTE (RUE DU)";"48,6780520000";"2,3710150000"
"202100016091";"28";"09";"2021";"15:45";"1";"91";"91286";"2";"9";"1";"2";"NATIONALE 7 (ROUTE)";"48,6670240000";"2,3958320000"
"202100016092";"25";"09";"2021";"16:55";"1";"89";"89354";"1";"1";"1";"6";"CAVES(RUE DES)";"48,2012300000";"3,2496600000"
"202100016093";"22";"09";"2021";"11:00";"1";"89";"89387";"2";"1";"1";"3";"GARE (AVENUE DE LA)";"48,1972500000";"3,2681100000"
"202100016094";"27";"09";"2021";"10:36";"1";"88";"88413";"2";"3";"1";"6";"rue de l'EvÃªchÃ©";"48,2869600000";"6,9504400000"
"202100016095";"27";"09";"2021";"18:43";"1";"87";"87085";"2";"1";"1";"2";"THOMAS (AVENUE ALBERT)";"45,8404000000";"1,2347400000"
"202100016096";"29";"09";"2021";"08:50";"1";"86";"86158";"2";"1";"1";"5";"N147";"46,6193380000";"0,3346870000"
"202100016097";"29";"09";"2021";"19:07";"2";"83";"83137";"2";"2";"1";"3";"PRUNEAU (AVE GENERAL)";"43,1192590000";"5,9502100000"
"202100016098";"29";"09";"2021";"17:50";"1";"83";"83137";"2";"1";"1";"7";"Voie TessÃ© Roosevelt";"43,1215600000";"5,9383500000"
"202100016099";"29";"09";"2021";"09:45";"1";"83";"83144";"2";"1";"1";"6";"TREMOLIERE (AVE)";"43,1366642739";"5,9812280710"
"202100016100";"28";"09";"2021";"19:02";"1";"83";"83137";"2";"1";"1";"1";"ESCARTEFIGUE (CORNICHE DU 2 A 422";"43,1354400000";"5,9327100000"
"202100016101";"28";"09";"2021";"13:15";"1";"83";"83137";"2";"1";"1";"6";"GASQUET (AVE JOSEPH DE 1408 A FIN";"43,1177707309";"5,9811544418"
"202100016102";"28";"09";"2021";"10:00";"1";"83";"83034";"1";"1";"1";"1";"RUE DES 3 PINS";"43,1023316595";"6,0556536104"
"202100016103";"27";"09";"2021";"19:00";"1";"83";"83069";"1";"1";"1";"2";"LOUBES (ROUTE DES)";"43,1156000000";"6,0934400000"
"202100016104";"29";"09";"2021";"16:40";"1";"82";"82033";"2";"1";"7";"6";"COMMANDANT DEFRAUX (RUE DU)";"44,0377600000";"1,1151800000"
"202100016105";"25";"09";"2021";"15:30";"1";"80";"80021";"2";"1";"1";"6";"GEORGES GUYNEMER (RUE)";"49,9106004466";"2,3006344711"
"202100016106";"24";"09";"2021";"07:25";"5";"80";"80021";"2";"1";"1";"6";"ALEXANDRE DUMAS (RUE)";"49,8725246109";"2,2938204513"
"202100016107";"23";"09";"2021";"19:40";"1";"80";"80021";"2";"1";"1";"2";"PAUL CLAUDEL (AVENUE)";"49,8746500000";"2,2701300000"
"202100016108";"23";"09";"2021";"17:25";"1";"80";"80021";"2";"1";"1";"6";"ABBEVILLE (RUE D')";"49,9102750491";"2,2577588986"
"202100016109";"23";"09";"2021";"14:55";"1";"80";"80021";"2";"3";"1";"3";"MERCEY (RUE DE)";"49,8797900000";"2,3280400000"
"202100016110";"29";"09";"2021";"21:50";"5";"78";"78551";"2";"1";"1";"6";"FRANKLIN";"48,9033400000";"2,0832000000"
"202100016111";"29";"09";"2021";"10:40";"1";"78";"78440";"2";"3";"1";"3";"PAUL RAOULT (AVENUE)";"48,9885200000";"1,9125300000"
"202100016112";"28";"09";"2021";"16:10";"1";"78";"78029";"2";"1";"1";"6";"JULES FERRY(RUE)";"48,9548730000";"1,8546160000"
"202100016113";"25";"09";"2021";"17:00";"1";"78";"78118";"2";"3";"1";"3";"Bld  DE LA COMMUNAUTE";"48,9832380000";"1,6740520000"
"202100016114";"12";"08";"2021";"23:45";"5";"78";"78688";"2";"1";"1";"7";"TILLEULS (RUE DES)";"48,7604600000";"2,0436800000"
"202100016115";"28";"09";"2021";"16:33";"1";"78";"78624";"2";"1";"1";"6";"POISSY AVENUE DE";"48,9690450000";"2,0101870000"
"202100016116";"26";"09";"2021";"17:55";"1";"77";"77373";"1";"1";"1";"1";"RTE NATIONALE N 4";"48,7759630000";"2,6010830000"
"202100016117";"28";"09";"2021";"16:35";"1";"77";"77373";"2";"1";"1";"2";"RUE DES PRES SAINT MARTIN";"48,7915880156";"2,6133362983"
"202100016118";"28";"09";"2021";"08:00";"1";"77";"77372";"2";"3";"1";"3";"D334";"48,8819120000";"2,6974910000"
"202100016119";"29";"09";"2021";"23:55";"5";"76";"76540";"2";"1";"1";"6";"RENARD. RUE DU";"49,4489700000";"1,0793200000"
"202100016120";"28";"09";"2021";"18:00";"1";"76";"76351";"2";"2";"1";"3";"LA MAILLERAYE (DE)";"49,4878200000";"0,1017600000"
"202100016121";"28";"09";"2021";"10:00";"1";"72";"72181";"2";"1";"1";"3";"MOULIN JEAN (BD) NÂ° IMP";"47,9784100000";"0,2130400000"
"202100016122";"28";"09";"2021";"07:50";"2";"72";"72181";"2";"1";"1";"3";"RHIN ET DANUBE (AV) NÂ° IMP 1 A 269";"48,0200900000";"0,1839700000"
"202100016123";"27";"09";"2021";"15:25";"1";"72";"72181";"2";"6";"1";"6";"Robert Jarry (Bd)";"47,9967700000";"0,1907700000"
"202100016124";"28";"09";"2021";"18:20";"1";"71";"71153";"2";"1";"1";"2";"EUROPE (AVENUE DE L')";"46,8085007415";"4,4288931866"
"202100016125";"27";"09";"2021";"17:45";"1";"71";"71445";"2";"6";"1";"3";"Rue de la Noue";"46,7789605461";"4,8956683178"
"202100016126";"29";"09";"2021";"12:45";"1";"69";"69266";"2";"3";"1";"6";"EMILE ZOLA (CR)";"45,7707400000";"4,8656200000"
"202100016127";"18";"09";"2021";"19:10";"2";"69";"69275";"2";"1";"1";"3";"FRANKLIN ROOSEVELT (AV)";"45,7467900000";"4,9334400000"
"202100016128";"29";"09";"2021";"13:05";"1";"69";"69264";"2";"1";"1";"1";"BONNEVAY LAURENT (R)";"45,9832431826";"4,7061065841"
"202100016129";"29";"09";"2021";"00:20";"5";"67";"67482";"1";"3";"1";"3";"RHIN (AVENUE DU)";"48,5694200000";"7,7782800000"
"202100016130";"28";"09";"2021";"15:10";"1";"67";"67482";"2";"1";"1";"3";"MINOTERIE (RUE DE LA)";"48,5782100000";"7,7908700000"
"202100016131";"28";"09";"2021";"20:10";"3";"66";"66136";"2";"6";"1";"3";"FRANCE LIBRE (BOULEVARD DE LA)";"42,7054300000";"2,9018500000"
"202100016132";"28";"09";"2021";"17:30";"1";"66";"66136";"2";"1";"1";"4";"FRANCE LIBRE (BOULEVARD DE LA)";"42,7071900000";"2,9070200000"
"202100016133";"24";"09";"2021";"18:11";"1";"66";"66136";"2";"1";"1";"3";"NOBEL (QUAI ALFRED)";"42,6969800000";"2,8872700000"
"202100016134";"22";"09";"2021";"18:45";"1";"66";"66136";"2";"1";"1";"2";"MERMOZ (AVENUE JEAN)";"42,6949000000";"2,9113900000"
"202100016135";"27";"09";"2021";"07:55";"1";"64";"64445";"2";"2";"8";"6";"SERGENT BERNES CAMBOT DU";"43,3049400000";" -0,3705200000"
"202100016136";"29";"09";"2021";"10:22";"1";"63";"63113";"2";"2";"1";"6";"GIROD (RUE JOSEPH)";"45,7678800000";"3,0840800000"
"202100016137";"29";"09";"2021";"07:55";"1";"63";"63113";"2";"3";"1";"3";"LAFAYETTE (BD)";"45,7650200000";"3,1097700000"
"202100016138";"29";"09";"2021";"09:08";"1";"63";"63113";"2";"1";"1";"3";"COTE BLATIN (BD)";"45,7685200000";"3,0896600000"
"202100016139";"28";"09";"2021";"08:45";"1";"61";"61001";"2";"3";"1";"2";"COLBERT (BOULEVARD)";"48,4345900000";"0,0764300000"
"202100016140";"27";"09";"2021";"16:55";"1";"60";"60175";"2";"1";"1";"6";"Rue Henri Bergson";"49,2543000000";"2,4872000000"
"202100016141";"20";"09";"2021";"13:00";"1";"60";"60057";"2";"6";"1";"6";"Avenue Pierre BÃ©rÃ©govoy";"49,4403646241";"2,1035179978"
"202100016142";"29";"09";"2021";"22:40";"5";"59";"59009";"2";"2";"1";"3";"VILLES RUE ENTRE 2";"50,6162000000";"3,1361300000"
"202100016143";"28";"09";"2021";"17:50";"1";"59";"59350";"2";"1";"1";"3";"CALMETTE BV.DU DOCTEUR";"50,6290800000";"3,0754500000"
"202100016144";"27";"09";"2021";"17:50";"1";"59";"59122";"2";"3";"1";"3";"Rue Jules Massenet";"50,1656000000";"3,2592300000"
"202100016145";"11";"09";"2021";"19:00";"1";"58";"58194";"2";"3";"1";"3";"CHAUVELLES";"46,9972000000";"3,1589000000"
"202100016146";"27";"09";"2021";"18:00";"1";"58";"58194";"2";"9";"1";"2";"SAINT EXUPERY (BOULEVARD)";"47,0040500000";"3,1562700000"
"202100016147";"29";"09";"2021";"22:15";"5";"54";"54328";"2";"6";"1";"6";"MARVINGT (RUE MARIE)";"48,6202500000";"6,1677100000"
"202100016148";"28";"09";"2021";"18:35";"5";"54";"54395";"2";"2";"1";"3";"MON DESERT (RUE)";"48,6841026455";"6,1767179550"
"202100016149";"27";"09";"2021";"20:12";"5";"54";"54395";"2";"3";"1";"3";"FERRI III (RUE DU DUC)";"48,6843449823";"6,1743188703"
"202100016150";"28";"09";"2021";"08:20";"1";"54";"54300";"1";"8";"1";"3";"BAYON (ROUTE DE)";"48,6409016028";"6,2536898520"
"202100016151";"27";"09";"2021";"10:50";"1";"54";"54578";"2";"3";"1";"3";"MULLER (AVENUE PAUL)";"48,6568403785";"6,1315673590"
"202100016152";"28";"09";"2021";"11:40";"1";"51";"51454";"1";"2";"1";"7";"Rue Francis Jammes";"49,2139954756";"4,0195966522"
"202100016153";"26";"09";"2021";"20:20";"2";"50";"50602";"2";"2";"1";"3";"LAUBEUF (RUE MAXIME)";"49,6528500000";" -1,5526100000"
"202100016154";"27";"09";"2021";"14:05";"1";"50";"50602";"2";"1";"1";"3";"EST (BOULEVARD DE L')";"49,6359400000";" -1,5810800000"
"202100016155";"28";"09";"2021";"11:44";"1";"49";"49007";"2";"1";"1";"6";"ROI RENE BOULEVARD";"47,4668000000";" -0,5543100000"
"202100016156";"27";"09";"2021";"18:08";"1";"49";"49007";"2";"1";"1";"3";"PATTON AVENUE";"47,4735400000";" -0,5873500000"
"202100016157";"23";"09";"2021";"19:37";"1";"49";"49007";"1";"1";"1";"2";"ATLANTIQUE  AVENUE DE L'";"47,4690700000";" -0,6076400000"
"202100016158";"29";"09";"2021";"10:27";"1";"45";"45234";"2";"2";"1";"6";"Rue du Faubourg Saint Vincent";"47,9125200000";"1,9156500000"
"202100016159";"28";"09";"2021";"09:40";"1";"45";"45286";"2";"1";"1";"3";"DEMAY (RUE)";"47,8880000000";"1,9213000000"
"202100016160";"28";"09";"2021";"09:50";"1";"45";"45232";"2";"6";"1";"3";"HUGO (AVENUE VICTOR)";"47,8568500000";"1,9031700000"
"202100016161";"28";"09";"2021";"14:40";"1";"44";"44184";"2";"1";"1";"6";"SUNDERLAND (BD DE)";"47,2701400000";" -2,2400000000"
"202100016162";"29";"09";"2021";"07:50";"1";"44";"44162";"2";"1";"1";"1";"RUE DES PILIERS DE LA CHAUVINIERE";"47,2299500000";" -1,6345100000"
"202100016163";"28";"09";"2021";"19:50";"2";"44";"44109";"2";"1";"1";"6";"STALINGRAD ( BD DE )";"47,2189200000";" -1,5368700000"
"202100016164";"28";"09";"2021";"13:15";"1";"44";"44109";"2";"1";"1";"3";"ERDRE ( RTE CHAPELLE SUR)";"47,2594800000";" -1,5750100000"
"202100016165";"24";"09";"2021";"17:16";"1";"44";"44109";"1";"1";"1";"1";"BOULEVARD DE LA PRAIRIE DE MAUVES";"47,2256490000";" -1,4958560000"
"202100016166";"29";"09";"2021";"19:30";"2";"38";"38185";"2";"1";"1";"3";"Avenue Marie Reynoard";"45,1671100000";"5,7284900000"
"202100016167";"29";"09";"2021";"13:45";"1";"38";"38169";"2";"1";"1";"3";"Boulevard Paul Langevin";"45,1979900000";"5,6715400000"
"202100016168";"23";"09";"2021";"04:50";"5";"37";"37261";"2";"1";"1";"6";"COMMERCE (RUE DU)";"47,3950168601";"0,6847243513"
"202100016169";"28";"09";"2021";"19:00";"1";"37";"37233";"2";"1";"1";"4";"DUCLOS (AVENUE JACQUES)";"47,3792844727";"0,7223211564"
"202100016170";"28";"09";"2021";"17:35";"1";"37";"37122";"2";"1";"1";"6";"GAMARD (RUE)";"47,3500665339";"0,6628820235"
"202100016171";"28";"09";"2021";"07:25";"1";"37";"37261";"2";"1";"1";"6";"MONTJOYEUX (AVENUE)";"47,3605698107";"0,7053723449"
"202100016172";"28";"09";"2021";"08:50";"1";"37";"37233";"2";"1";"1";"6";"Quai de la Loire";"47,3967454895";"0,7221452594"
"202100016173";"28";"09";"2021";"07:55";"1";"37";"37261";"2";"2";"1";"6";"EUROPE (AVENUE DE L')";"47,4236709681";"0,6930945106"
"202100016174";"24";"09";"2021";"17:15";"1";"35";"35241";"2";"1";"7";"6";"D168";"48,6140000000";" -2,0352800000"
"202100016175";"29";"09";"2021";"12:15";"1";"35";"35238";"2";"1";"1";"6";"PORTUGAL (BD DU)";"48,0837300000";" -1,6699990000"
"202100016176";"28";"09";"2021";"16:00";"1";"35";"35238";"2";"1";"1";"4";"LIBERTE (BD DE LA)";"48,1083700000";" -1,6836000000"
"202100016177";"28";"09";"2021";"14:20";"1";"35";"35238";"2";"1";"1";"6";"8 MAI 1945 (SQUARE DU)";"48,1355300000";" -1,6559300000"
"202100016178";"28";"09";"2021";"08:45";"1";"35";"35281";"2";"3";"1";"3";"NICEPHORE NIEPCE (JOSEPH)";"48,0936000000";" -1,7049000000"
"202100016179";"20";"09";"2021";"19:40";"5";"34";"34301";"2";"9";"1";"3";"ARAGO (RUE)";"43,4053745349";"3,6913077968"
"202100016180";"14";"10";"2021";"08:40";"1";"34";"34003";"2";"1";"1";"6";"MITTERRAND (K19 A O24";"43,3028300000";"3,4862000000"
"202100016181";"27";"09";"2021";"15:05";"1";"34";"34003";"2";"1";"1";"3";"BELLE-ISLE (I12 A H15";"43,2848900000";"3,5024900000"
"202100016182";"29";"09";"2021";"16:40";"1";"33";"33063";"2";"1";"1";"3";"Boulevard George V";"44,8259000000";" -0,5902200000"
"202100016183";"28";"09";"2021";"22:30";"5";"33";"33039";"2";"6";"1";"3";"Chemin de Courrejean";"44,7905100000";" -0,5353500000"
"202100016184";"28";"09";"2021";"11:30";"1";"33";"33550";"2";"6";"1";"2";"Route de LÃ©ognan";"44,7656900000";" -0,5800700000"
"202100016185";"28";"09";"2021";"02:45";"3";"33";"33522";"2";"1";"1";"6";"Avenue du Haut-Brion";"44,8123500000";" -0,6063200000"
"202100016186";"27";"09";"2021";"19:00";"1";"33";"33063";"2";"7";"1";"6";"Place Ferdinand Buisson";"44,8237800000";" -0,5514000000"
"202100016187";"27";"09";"2021";"08:50";"1";"33";"33249";"2";"3";"1";"3";"AVE DE PARIS";"44,8690600000";" -0,5123300000"
"202100016188";"28";"09";"2021";"10:10";"1";"33";"33529";"1";"2";"1";"2";"Avenue de lâEurope";"44,6166480000";" -1,1134050000"
"202100016189";"29";"09";"2021";"19:30";"5";"31";"31069";"2";"1";"1";"6";"ARAGON (AV LOUIS)";"43,6438900000";"1,3791100000"
"202100016190";"29";"09";"2021";"15:30";"1";"31";"31555";"2";"3";"1";"3";"AV MAURICE HAURIOU";"43,5935100000";"1,4425000000"
"202100016191";"28";"09";"2021";"23:00";"5";"31";"31555";"2";"1";"1";"3";"BD DE SUISSE";"43,6217000000";"1,4249700000"
"202100016192";"28";"09";"2021";"20:30";"5";"31";"31555";"2";"1";"1";"3";"BD DE STRASBOURG";"43,6105238941";"1,4436181962"
"202100016193";"28";"09";"2021";"21:40";"5";"31";"31555";"2";"1";"1";"6";"AV PAUL SEJOURNE";"43,6067200000";"1,4282100000"
"202100016194";"28";"09";"2021";"10:00";"1";"31";"31555";"2";"1";"1";"7";"RUE DU COLONEL TOUSSAINT";"43,6195600000";"1,4574100000"
"202100016195";"29";"09";"2021";"09:50";"1";"30";"30028";"2";"9";"1";"6";"QUARTIER (IMPASSE DU)";"44,1592600000";"4,6264000000"
"202100016196";"28";"09";"2021";"15:00";"1";"29";"29232";"1";"1";"1";"6";"D783 - Boulevard d' ErguÃ© Armel";"47,9877220200";" -4,0744525190"
"202100016197";"28";"09";"2021";"10:57";"1";"29";"29232";"1";"1";"1";"2";"D365 - Avenue du Morbihan";"47,9787400000";" -4,0495000000"
"202100016198";"27";"09";"2021";"10:00";"1";"29";"29232";"2";"1";"1";"6";"Rue de Stang Bihan";"48,0107600000";" -4,0979100000"
"202100016199";"28";"09";"2021";"07:45";"2";"29";"29039";"1";"1";"1";"4";"Rond point de la Villeneuve";"47,8946069454";" -3,9141100787"
"202100016200";"28";"09";"2021";"18:03";"1";"29";"29019";"2";"3";"3";"3";"TROUDE AMIRAL";"48,3871583554";" -4,4736586677"
"202100016201";"29";"09";"2021";"18:50";"2";"25";"25056";"2";"1";"2";"2";"DOLE RUE DE (sup 200)";"47,2236700000";"5,9674600000"
"202100016202";"28";"09";"2021";"18:05";"2";"25";"25056";"2";"3";"1";"2";"MONTRAPON AVENUE DE";"47,2464600000";"6,0084600000"
"202100016203";"28";"09";"2021";"08:20";"1";"25";"25056";"2";"2";"1";"6";"CHURCHILL BD WINSTON (sup19)";"47,2502700000";"6,0051500000"
"202100016204";"28";"09";"2021";"17:50";"1";"24";"24037";"2";"1";"8";"2";"LECLERC (RUE GENERAL)";"44,8434700000";"0,4764200000"
"202100016205";"28";"09";"2021";"08:34";"1";"22";"22215";"1";"1";"1";"2";"MAUPASSANT (Rue Guy de)";"48,4967500000";" -2,7687300000"
"202100016206";"28";"09";"2021";"08:05";"1";"22";"22106";"2";"1";"1";"1";"BREST (RUE DE)";"48,4948100000";" -2,7149900000"
"202100016207";"23";"09";"2021";"17:20";"1";"22";"22278";"2";"1";"1";"1";"HERAULT (BD)";"48,5180199045";" -2,7549068094"
"202100016208";"28";"09";"2021";"16:00";"1";"17";"17291";"1";"1";"1";"4";"N11";"46,1731500000";" -1,1168000000"
"202100016209";"28";"09";"2021";"14:19";"1";"17";"17300";"2";"1";"1";"6";"DURAND  QUAI LOUIS";"46,1586000000";" -1,1482500000"
"202100016210";"27";"09";"2021";"14:40";"1";"17";"17300";"2";"1";"1";"3";"GUITON   AVENUE JEAN (167-341)";"46,1603600000";" -1,1925100000"
"202100016211";"27";"09";"2021";"09:42";"1";"17";"17274";"2";"3";"9";"3";"PASCAL   RUE BLAISE";"46,1585200000";" -1,1131000000"
"202100016212";"28";"09";"2021";"16:15";"1";"14";"14437";"2";"1";"8";"6";"CALMETTE (RUE)";"49,1810100000";" -0,3166800000"
"202100016213";"28";"09";"2021";"12:55";"1";"14";"14437";"2";"1";"1";"6";"Chemin de la CavÃ©e";"49,1696650000";" -0,3217550000"
"202100016214";"28";"09";"2021";"12:50";"1";"14";"14118";"2";"3";"1";"3";"MARIE (RUE ARMAND)";"49,1630200000";" -0,3582400000"
"202100016215";"27";"09";"2021";"22:37";"5";"14";"14566";"2";"1";"1";"6";"D126";"49,2007300000";" -0,3983700000"
"202100016216";"29";"09";"2021";"15:00";"1";"13";"13202";"2";"3";"1";"3";"CARGO RHIN FIDELI (RUE)";"43,3269300000";"5,3565500000"
"202100016217";"28";"09";"2021";"14:00";"1";"13";"13208";"2";"9";"1";"6";"PRADO (AVENUE DU)";"43,2695315236";"5,3863810866"
"202100016218";"28";"09";"2021";"09:20";"1";"13";"13208";"2";"1";"7";"6";"HAMBOURG (BOULEVARD)";"43,2495844925";"5,3900544299"
"202100016219";"28";"09";"2021";"08:40";"1";"13";"13210";"2";"1";"1";"6";"VALLON DE TOULOUSE (RUE)";"43,2660000000";"5,4199900000"
"202100016220";"27";"09";"2021";"09:45";"1";"13";"13212";"2";"3";"1";"3";"24 AVRIL 15 (AVENUE DU)";"43,3000000000";"5,4300000000"
"202100016221";"5";"08";"2021";"19:50";"1";"13";"13063";"1";"1";"1";"3";"D 10";"43,5787929288";"5,0047607453"
"202100016222";"27";"09";"2021";"08:50";"1";"13";"13001";"2";"2";"1";"3";"CARDINALE (RUE)";"43,5253954396";"5,4509483732"
"202100016223";"28";"09";"2021";"21:25";"5";"06";"06083";"2";"3";"1";"3";"SOSPEL (AVENUE DE, NÂ° 1 A 55)";"43,7793300000";"7,4935900000"
"202100016224";"29";"09";"2021";"08:10";"1";"06";"06069";"1";"1";"1";"3";"SAINT MATHIEU (ROUTE ET PLACE)";"43,6600150000";"6,9505990000"
"202100016225";"29";"09";"2021";"17:45";"1";"06";"06027";"2";"3";"1";"3";"GRASSE AVENUE DE";"43,6583780000";"7,1413990000"