"Num_Acc";"jour";"mois";"an";"hrmn";"lum";"dep";"com";"agg";"int";"atm";"col";"adr";"lat";"long"
"202100016226";"28";"09";"2021";"12:17";"1";"05";"05061";"2";"6";"7";"3";"FAUVINS ( ROUTE  DES )";"44,5641000000";"6,0934900000"
"202100016227";"28";"09";"2021";"08:15";"1";"05";"05061";"2";"1";"1";"2";"GEORGES POMPIDOU ( BD)";"44,5591300000";"6,0838000000"
"202100016228";"27";"09";"2021";"17:05";"1";"05";"05061";"1";"1";"1";"7";"LUYE ( ROUTE DE LA )";"44,5101400000";"6,0680500000"
"202100016229";"28";"09";"2021";"16:15";"1";"05";"05023";"2";"1";"1";"6";"PETSCHE (AVENUE MAURICE)";"44,8957700000";"6,6326100000"
"202100016230";"27";"09";"2021";"18:15";"1";"04";"04112";"2";"1";"1";"3";"RD 4096 (Av frederic Mistral)";"43,8241282804";"5,7876686306"
"202100016231";"28";"09";"2021";"19:45";"2";"03";"03094";"1";"1";"1";"6";"INDUSTRIE (RUE DE L')";"46,1543600000";"3,4108200000"
"202100016232";"28";"09";"2021";"17:35";"1";"01";"01053";"2";"4";"1";"6";"VICAIRE (RUE GABRIEL)";"46,2079300000";"5,2237500000"
"202100016233";"27";"09";"2021";"14:40";"1";"01";"01053";"2";"2";"1";"5";"DE GAULLE ( BD GAL) PAIR";"46,2035200000";"5,2425810000"
"202100016234";"29";"09";"2021";"10:40";"1";"75";"75114";"2";"4";"1";"3";"BD PERIPHERIQUE EXTERIEUR";"48,8193200683";"2,3286869919"
"202100016235";"28";"09";"2021";"09:10";"1";"75";"75116";"2";"1";"1";"4";"BD PERIPHERIQUE INTERIEUR";"48,8673430000";"2,2693660000"
"202100016236";"28";"09";"2021";"06:45";"2";"75";"75118";"2";"4";"1";"3";"ECHANGEUR CHAPELLE";"48,9003664709";"2,3577470484"
"202100016237";"29";"09";"2021";"18:30";"1";"75";"75106";"2";"1";"8";"2";"RUE DE RENNES";"48,8462600000";"2,3261750000"
"202100016238";"29";"09";"2021";"07:50";"1";"75";"75105";"2";"2";"2";"6";"BOULEVARD SAINT MARCEL";"48,8380740000";"2,3559240000"
"202100016239";"29";"09";"2021";"08:30";"1";"75";"75120";"2";"2";"1";"3";"BOULEVARD MORTIER";"48,8679340000";"2,4090040000"
"202100016240";"29";"09";"2021";"17:54";"1";"75";"75118";"2";"4";"1";"6";"BOULEVARD ORNANO";"48,8923270000";"2,3490730000"
"202100016241";"29";"09";"2021";"09:03";"1";"75";"75118";"2";"7";"8";"4";"PLACE DE CLICHY";"48,8836707843";"2,3273608223"
"202100016242";"29";"09";"2021";"14:55";"1";"75";"75118";"2";"3";"8";"6";"AVENUE DE SAINT OUEN";"48,8958836125";"2,3284120508"
"202100016243";"29";"09";"2021";"22:15";"5";"75";"75114";"2";"1";"1";"3";"AVENUE DU GENERAL LECLERC";"48,8304372775";"2,3291287231"
"202100016244";"29";"09";"2021";"11:45";"1";"75";"75114";"2";"3";"1";"2";"AVENUE JEAN MOULIN";"48,8267590000";"2,3243140000"
"202100016245";"29";"09";"2021";"17:44";"1";"75";"75113";"2";"1";"1";"3";"BOULEVARD DU GENERAL JEAN SIMON";"48,8270260000";"2,3854190000"
"202100016246";"29";"09";"2021";"12:53";"1";"75";"75113";"2";"7";"1";"3";"PLACE ABBE GEORGES HENOCQUE";"48,8239523259";"2,3535811549"
"202100016247";"28";"09";"2021";"19:05";"2";"75";"75113";"2";"3";"1";"3";"QUAI DE LA GARE";"48,8356792795";"2,3753664827"
"202100016248";"29";"09";"2021";"02:34";"5";"75";"75103";"2";"2";"1";"3";"BOULEVARD DE SEBASTOPOL";"48,8693600000";"2,3542800000"
"202100016249";"28";"09";"2021";"23:34";"5";"75";"75108";"2";"1";"1";"3";"AVENUE FRANKLIN D ROOSEVELT";"48,8695622255";"2,3100787590"
"202100016250";"29";"09";"2021";"09:00";"1";"75";"75107";"2";"2";"1";"2";"BOULEVARD SAINT GERMAIN";"48,8585070000";"2,3231180000"
"202100016251";"29";"09";"2021";"11:40";"1";"75";"75103";"2";"2";"1";"3";"BOULEVARD SAINT DENIS";"48,8693320000";"2,3542630000"
"202100016252";"29";"09";"2021";"10:40";"1";"75";"75104";"2";"3";"1";"3";"BOULEVARD BEAUMARCHAIS";"48,8548154171";"2,3687320498"
"202100016253";"29";"09";"2021";"19:45";"5";"94";"94076";"2";"1";"1";"1";"Avenue de Paris";"48,8015550000";"2,3649340000"
"202100016254";"27";"09";"2021";"18:35";"2";"94";"94041";"2";"1";"1";"3";"Boulevard de Stalingrad";"48,8054100000";"2,3764000000"
"202100016255";"29";"09";"2021";"14:50";"1";"94";"94021";"2";"5";"1";"6";"STALINGRAD (AV DE)";"48,7689500000";"2,3677900000"
"202100016256";"28";"09";"2021";"10:45";"1";"94";"94022";"2";"1";"1";"6";"Rue Carnot";"48,7661990000";"2,4085830000"
"202100016257";"27";"09";"2021";"08:13";"1";"94";"94059";"2";"1";"1";"6";"Avenue Maurice Berteaux";"48,8145000000";"2,5646300000"
"202100016258";"29";"09";"2021";"10:30";"1";"93";"93048";"2";"1";"1";"6";"Boulevard Henri Barbusse";"48,8683600000";"2,4415100000"
"202100016259";"29";"09";"2021";"08:45";"1";"93";"93048";"2";"5";"2";"2";"Boulevard Aristide Briand / Rue de Romainville";"48,8682600000";"2,4469900000"
"202100016260";"29";"09";"2021";"08:05";"1";"93";"93048";"2";"2";"2";"3";"Rue de Rosny / Boulevard de la BoissiÃ¨re";"48,8711500000";"2,4708500000"
"202100016261";"29";"09";"2021";"18:00";"1";"93";"93029";"2";"1";"1";"1";"HENRI LANGLOIS";"48,9130025818";"2,4501415991"
"202100016262";"25";"09";"2021";"19:45";"5";"92";"92077";"2";"4";"2";"6";"RONCE (RUE DE LA)";"48,8240298742";"2,1973601729"
"202100016263";"28";"09";"2021";"08:30";"1";"92";"92048";"2";"2";"1";"5";"LE CORBEILLER (AVENUE) NÂ° 1 A 45";"48,8130624041";"2,2402973231"
"202100016264";"29";"09";"2021";"08:00";"1";"92";"92035";"2";"2";"8";"7";"Verdun 1916 ( avenue de )";"48,9044458283";"2,2324924171"
"202100016265";"27";"09";"2021";"00:10";"5";"92";"92025";"2";"1";"1";"3";"HENRI BARBUSSE (AV)";"48,9169593938";"2,2527064415"
"202100016266";"26";"09";"2021";"20:20";"2";"92";"92025";"2";"3";"1";"6";"CHARLES DE GAULLE (BD)";"48,9104281091";"2,2347065806"
"202100016267";"28";"09";"2021";"17:20";"1";"92";"92025";"2";"3";"1";"6";"BOURNARD (RUE DU)";"48,9231025819";"2,2540453076"
"202100016268";"29";"09";"2021";"19:40";"5";"92";"92024";"2";"1";"1";"1";"MOZART (RUE)";"48,9040497110";"2,3187911510"
"202100016269";"29";"09";"2021";"04:40";"5";"92";"92064";"2";"1";"2";"6";"DAILLY";"48,8436500000";"2,2173800000"
"202100016270";"29";"09";"2021";"20:35";"5";"92";"92049";"2";"1";"1";"3";"DORMOY (AVENUE MARX)";"48,8096500000";"2,3253800000"
"202100016271";"29";"09";"2021";"14:05";"1";"92";"92007";"2";"1";"1";"3";"PASTEUR (AVENUE LOUIS) AUTRES NUMEROS";"48,8026269035";"2,3189802468"
"202100016272";"30";"09";"2021";"08:00";"1";"2A";"2A189";"1";"1";"1";"3";"RT 40 station essence TOTAL";"41,6846490000";"8,9208450000"
"202100016273";"30";"09";"2021";"08:25";"1";"35";"35125";"2";"1";"1";"6";"3 RUE DU PONCEAU";"47,9492860000";" -1,2316330000"
"202100016274";"29";"09";"2021";"16:30";"1";"84";"84037";"1";"9";"1";"1";"D17";"44,0426940000";"4,8495090000"
"202100016275";"26";"09";"2021";"17:40";"1";"62";"62652";"2";"3";"1";"6";"Rue de Lillers";"50,4838080000";"2,4146590000"
"202100016276";"29";"09";"2021";"14:30";"1";"83";"83057";"1";"1";"1";"6";"Dn7";"43,3820650000";"6,1841710000"
"202100016277";"26";"09";"2021";"13:22";"1";"19";"19174";"1";"1";"1";"7";"D113e2";"45,1969630000";"1,9732530000"
"202100016278";"29";"09";"2021";"12:00";"1";"19";"19070";"1";"1";"2";"1";"LIEU DIT LA BARRIERE";"45,4323710000";"2,0863720000"
"202100016279";"29";"09";"2021";"16:00";"1";"56";"56236";"1";"2";"1";"3";"La Belle Etoile";"47,9163440000";" -2,5243530000"
"202100016280";"29";"09";"2021";"16:30";"1";"56";"56070";"1";"3";"1";"3";"Le Petit Rouvran";"47,9160470000";" -2,5279270000"
"202100016281";"29";"09";"2021";"11:45";"1";"56";"56094";"1";"1";"1";"1";"Lieu Dit Branjouan";"47,7748170000";" -3,2357790000"
"202100016282";"30";"09";"2021";"17:20";"1";"80";"80422";"1";"1";"1";"1";"D1001";"50,1721830000";"1,8102220000"
"202100016283";"28";"09";"2021";"16:30";"1";"80";"80553";"1";"2";"1";"3";"D11";"49,9880280000";"2,3674890000"
"202100016284";"30";"09";"2021";"00:30";"5";"33";"33236";"2";"1";"1";"6";"86 route de bordeaux";"44,7236670000";" -1,2034590000"
"202100016285";"30";"09";"2021";"17:20";"1";"63";"63350";"1";"3";"1";"4";"RD 212";"45,7219930000";"3,2665660000"
"202100016286";"29";"09";"2021";"12:00";"1";"49";"49080";"1";"1";"1";"7";"D108";"47,6988160000";" -0,4593660000"
"202100016287";"30";"09";"2021";"08:30";"1";"39";"39327";"2";"1";"7";"1";"N/A";"46,6633390000";"5,5159630000"
"202100016288";"11";"09";"2021";"11:20";"1";"44";"44097";"2";"3";"1";"3";"Rue de Lozepienne";"47,4076910000";" -2,4808130000"
"202100016289";"29";"09";"2021";"16:40";"1";"35";"35040";"1";"9";"1";"6";"Launay Quero";"48,1364370000";" -1,9383140000"
"202100016290";"30";"09";"2021";"19:20";"2";"26";"26204";"2";"3";"1";"6";"1770 Route des Noyers";"44,6307410000";"5,4309310000"
"202100016291";"29";"09";"2021";"23:20";"5";"72";"72006";"2";"1";"1";"3";"Route du Mans";"48,4089640000";"0,0890920000"
"202100016292";"30";"09";"2021";"08:35";"1";"72";"72321";"1";"1";"1";"7";"Lieu Dit la Relandiere";"48,0665410000";" -0,1427950000"
"202100016293";"25";"08";"2021";"01:20";"5";"06";"06032";"2";"1";"1";"6";"24 avenue Prince Rainier 3";"43,7257800000";"7,4068910000"
"202100016294";"29";"09";"2021";"15:50";"1";"50";"50593";"1";"1";"1";"3";"Hameau Es Gendres";"49,5915430000";" -1,4134650000"
"202100016295";"29";"09";"2021";"16:00";"1";"60";"60222";"1";"3";"1";"1";"D9";"49,4711290000";"2,2606410000"
"202100016296";"30";"09";"2021";"17:10";"1";"64";"64538";"2";"3";"1";"4";"D933 route d'ArnÃ©guy";"43,1629550000";" -1,2436760000"
"202100016297";"29";"09";"2021";"17:10";"1";"16";"16337";"1";"2";"1";"3";"Route des Bouriats";"45,9848710000";"0,7110000000"
"202100016298";"30";"09";"2021";"11:50";"1";"27";"27011";"2";"1";"1";"3";"D81";"49,2187990000";"0,9411230000"
"202100016299";"30";"09";"2021";"07:35";"1";"48";"48140";"2";"1";"1";"6";"69 Rue ThÃ©ophile Roussel";"44,8021710000";"3,2756260000"
"202100016300";"26";"08";"2021";"10:36";"1";"88";"88447";"1";"1";"1";"6";"Lieu-dit l'envers de la poirie 88290";"47,9451610000";"6,7687690000"
"202100016301";"25";"09";"2021";"18:40";"1";"88";"88250";"1";"1";"1";"1";"D42";"48,1088210000";"6,5852520000"
"202100016302";"30";"09";"2021";"00:30";"3";"72";"72022";"1";"1";"1";"6";"A11 pk 214.500 sens ANGERS vers LE MANS";"47,7829280000";" -0,1956080000"
"202100016303";"12";"09";"2021";"23:45";"3";"89";"89333";"1";"1";"1";"3";"N/A";"47,5044700000";"4,0467450000"
"202100016304";"30";"09";"2021";"11:40";"1";"06";"06149";"1";"1";"1";"6";"A8, PK 202.000 chaussÃ©e nord";"43,7320810000";"7,3054790000"
"202100016305";"29";"09";"2021";"11:15";"1";"51";"51409";"1";"1";"1";"6";"A26";"48,8918380000";"4,2882730000"
"202100016306";"29";"09";"2021";"18:00";"1";"988";"98826";"1";"1";"1";"1";"RPN1";" -20,2500630000";"164,0750000000"
"202100016307";"30";"09";"2021";"15:55";"1";"988";"98817";"2";"1";"1";"6";"ROUTE DE LA COULEE";" -22,2363680000";"166,5943680000"
"202100016308";"29";"09";"2021";"16:40";"1";"971";"97128";"2";"1";"1";"3";"Durivage";"16,2236840000";" -61,3975350000"
"202100016309";"29";"09";"2021";"19:15";"5";"971";"97122";"2";"1";"1";"6";"Lalanne";"16,4145980000";" -61,5190060000"
"202100016310";"28";"09";"2021";"14:05";"1";"971";"97122";"1";"1";"1";"1";"Belin";"16,4198050000";" -61,4920660000"
"202100016311";"28";"09";"2021";"12:20";"1";"95";"95253";"1";"1";"1";"6";"RD 43";"49,0588370000";"1,8690810000"
"202100016312";"30";"09";"2021";"03:55";"3";"78";"78531";"1";"9";"1";"2";"autoroute A13 PK 050.000 sens Paris-> province";"48,9885050000";"1,6569150000"
"202100016313";"29";"09";"2021";"14:50";"1";"2B";"2B093";"1";"3";"1";"2";"T30";"42,6102830000";"8,8891950000"
"202100016314";"29";"09";"2021";"15:40";"1";"2B";"2B148";"1";"1";"1";"3";"RT 20 route de Precoghju";"42,5310258827";"9,4432854655"
"202100016315";"29";"09";"2021";"12:50";"1";"66";"66217";"2";"6";"1";"7";"Cami de Ponteilla";"42,6167378846";"2,8112719599"
"202100016316";"30";"09";"2021";"10:40";"1";"66";"66180";"2";"1";"1";"6";"90 Allees de la Mediterranee";"42,7718831973";"3,0050584674"
"202100016317";"30";"09";"2021";"12:20";"1";"04";"04039";"1";"1";"1";"7";"RD 4085";"43,8650730000";"6,4613340000"
"202100016318";"30";"09";"2021";"13:10";"1";"04";"04039";"1";"1";"1";"7";"RD 4085";"43,8440990000";"6,5417580000"
"202100016319";"29";"09";"2021";"21:05";"3";"04";"04242";"1";"2";"1";"3";"RD 4096";"43,8934780000";"5,8747780000"
"202100016320";"30";"09";"2021";"07:10";"2";"13";"13092";"1";"3";"1";"1";"Chemin DÃ©partemental 21b";"43,5153350000";"5,1213240000"
"202100016321";"25";"09";"2021";"11:45";"1";"13";"13042";"1";"1";"1";"1";"Route de Saint Pons";"43,2972660000";"5,6324170000"
"202100016322";"30";"09";"2021";"08:40";"1";"13";"13099";"1";"2";"7";"3";"CEA Cadarache";"43,6986200000";"5,7439610000"
"202100016323";"29";"09";"2021";"13:15";"1";"71";"71025";"1";"1";"1";"1";"lieu dit les Carges";"46,4037020000";"4,4131030000"
"202100016324";"24";"08";"2021";"04:36";"3";"67";"67519";"1";"1";"1";"6";"M468";"48,6448190000";"7,7940060000"
"202100016325";"25";"08";"2021";"11:25";"1";"67";"67458";"1";"1";"1";"3";"D919";"48,8146530000";"7,7666310000"
"202100016326";"25";"09";"2021";"17:45";"1";"73";"73114";"1";"1";"1";"6";"D218B";"45,8189600000";"6,5299990000"
"202100016327";"26";"09";"2021";"18:15";"1";"69";"69236";"1";"1";"1";"1";"D488";"45,5641470000";"4,6995950000"
"202100016328";"30";"09";"2021";"13:50";"1";"50";"50023";"1";"1";"1";"7";"Route du Grand Chemin";"49,2897870000";" -1,3076490000"
"202100016329";"30";"09";"2021";"09:30";"1";"14";"14751";"1";"2";"7";"3";"D129/D148";"48,8546500000";" -0,1027645840"
"202100016330";"29";"09";"2021";"20:30";"3";"60";"60116";"1";"1";"1";"7";"D137";"49,3175830000";"2,3789160000"
"202100016331";"30";"09";"2021";"15:55";"1";"60";"60575";"1";"1";"1";"2";"D1001";"49,3032798997";"2,1981521861"
"202100016332";"30";"09";"2021";"01:00";"3";"60";"60010";"1";"1";"1";"7";"D121";"49,2222828644";"2,1005816458"
"202100016333";"25";"08";"2021";"18:50";"2";"59";"59263";"1";"6";"7";"3";"D643";"50,3259090000";"3,1097320000"
"202100016334";"24";"09";"2021";"23:45";"3";"13";"13088";"1";"1";"1";"1";"A55-Sens Martigues vers Marseille";"43,3799675652";"5,2184459842"
"202100016335";"21";"09";"2021";"19:00";"1";"13";"13106";"1";"1";"1";"2";"A7-Sens Marseille vers Lyon";"43,3929200000";"5,3513900000"
"202100016336";"29";"09";"2021";"08:40";"1";"33";"33318";"1";"1";"2";"2";"ROCADE A 630";"44,7889810000";" -0,6226970000"
"202100016337";"29";"09";"2021";"13:48";"1";"92";"92002";"1";"1";"1";"4";"AUTOROUTE A10";"48,7322640013";"2,3108035326"
"202100016338";"29";"09";"2021";"08:55";"1";"94";"94034";"1";"1";"1";"4";"AUTOROUTE A86";"48,7597943467";"2,3218478062"
"202100016339";"29";"09";"2021";"08:48";"1";"91";"91687";"1";"1";"8";"2";"AUTOROUTE A6";"48,6600900000";"2,3730500000"
"202100016340";"29";"09";"2021";"00:30";"3";"91";"91549";"1";"1";"1";"2";"RN 104";"48,6252300000";"2,3345700000"
"202100016341";"29";"09";"2021";"18:00";"1";"94";"94033";"1";"1";"1";"2";"A86.INT";"48,8606307802";"2,4846398604"
"202100016342";"29";"09";"2021";"18:00";"1";"77";"77514";"1";"1";"1";"2";"A104";"48,9494200000";"2,6287700000"
"202100016343";"29";"09";"2021";"12:45";"1";"77";"77294";"1";"1";"1";"4";"RN104";"48,9579257245";"2,6243545389"
"202100016344";"28";"09";"2021";"07:55";"1";"93";"93071";"2";"9";"1";"1";"AULNAY (RUE D')";"48,9398240000";"2,5151290000"
"202100016345";"27";"09";"2021";"13:20";"1";"92";"92004";"2";"3";"3";"6";"ARGENTEUIL AV D'";"48,9112901352";"2,2853654623"
"202100016346";"28";"09";"2021";"16:20";"1";"75";"75116";"2";"2";"1";"6";"AVENUE PAUL DOUMER";"48,8610150000";"2,2833930000"
"202100016347";"28";"09";"2021";"09:15";"1";"75";"75120";"2";"1";"1";"2";"RUE DES PYRENEES";"48,8569630000";"2,4044670000"
"202100016348";"28";"09";"2021";"13:35";"1";"75";"75118";"2";"2";"1";"3";"RUE DE CHARTRES";"48,8845940000";"2,3540940000"
"202100016349";"28";"09";"2021";"09:30";"1";"75";"75118";"2";"3";"1";"3";"BOULEVARD DE CLICHY";"48,8844130000";"2,3305600000"
"202100016350";"27";"09";"2021";"23:05";"5";"75";"75117";"2";"2";"1";"3";"RUE DE PRONY";"48,8822140000";"2,3045110000"
"202100016351";"27";"09";"2021";"11:30";"1";"75";"75116";"2";"7";"1";"3";"PLACE DE LA PORTE D AUTEUIL";"48,8479119088";"2,2589282691"
"202100016352";"28";"09";"2021";"21:18";"5";"75";"75114";"2";"3";"1";"2";"AVENUE MAURICE D OCAGNE";"48,8246719168";"2,3135641370"
"202100016353";"27";"09";"2021";"09:40";"1";"75";"75114";"2";"5";"2";"2";"RUE LIARD";"48,8213083226";"2,3426564941"
"202100016354";"28";"09";"2021";"08:43";"1";"75";"75113";"2";"3";"1";"3";"BOULEVARD ARAGO";"48,8365508568";"2,3511728868"
"202100016355";"27";"09";"2021";"12:16";"1";"75";"75113";"2";"1";"2";"6";"AVENUE D ITALIE";"48,8235290000";"2,3581100000"
"202100016356";"27";"09";"2021";"11:09";"1";"75";"75113";"2";"2";"8";"3";"RUE DE PATAY";"48,8276740000";"2,3713820000"
"202100016357";"28";"09";"2021";"16:50";"1";"75";"75112";"2";"1";"1";"6";"BOULEVARD DE BERCY";"48,8395000000";"2,3848970000"
"202100016358";"28";"09";"2021";"12:25";"1";"75";"75112";"2";"1";"1";"2";"AVENUE DAUMESNIL";"48,8379536578";"2,4259936810"
"202100016359";"27";"09";"2021";"07:13";"5";"75";"75112";"2";"5";"1";"3";"AVENUE COURTELINE";"48,8440504325";"2,4130949950"
"202100016360";"28";"09";"2021";"19:00";"1";"75";"75111";"2";"2";"1";"3";"BOULEVARD RICHARD LENOIR";"48,8657780000";"2,3699900000"
"202100016361";"28";"09";"2021";"09:40";"1";"75";"75110";"2";"4";"1";"2";"BOULEVARD DE MAGENTA";"48,8757838351";"2,3565210427"
"202100016362";"28";"09";"2021";"15:00";"1";"75";"75108";"2";"5";"1";"3";"RUE DU FAUBOURG SAINT HONORE";"48,8771467944";"2,3003201187"
"202100016363";"28";"09";"2021";"18:00";"1";"94";"94081";"2";"1";"1";"3";"Avenue Anatole France";"48,8034900000";"2,4042200000"
"202100016364";"28";"09";"2021";"19:15";"2";"94";"94003";"2";"2";"1";"3";"GABRIEL PERI (AV)";"48,7999300000";"2,3439600000"
"202100016365";"28";"09";"2021";"18:35";"1";"94";"94041";"2";"1";"1";"6";"Quai Marcel Boyer";"48,8236900000";"2,3906400000"
"202100016366";"28";"09";"2021";"09:50";"1";"94";"94011";"2";"1";"1";"2";"BICENTENAIRE.(AVENUE DU)";"48,7647500000";"2,4882500000"
"202100016367";"27";"09";"2021";"18:20";"1";"94";"94028";"2";"1";"1";"2";"Rue Saint-Simon";"48,7953800000";"2,4437900000"
"202100016368";"28";"09";"2021";"09:10";"1";"94";"94077";"2";"1";"1";"6";"RAOUL DELATTRE (R)";"48,7300000000";"2,4400000000"
"202100016369";"28";"09";"2021";"14:10";"1";"94";"94069";"2";"2";"1";"3";"Avenue Saint Maurice du Valais";"48,8150200000";"2,4630800000"
"202100016370";"28";"09";"2021";"17:20";"1";"94";"94011";"2";"1";"1";"2";"Avenue de Boissy";"48,7645000000";"2,4924100000"
"202100016371";"28";"09";"2021";"16:37";"1";"93";"93071";"2";"1";"1";"1";"Rue dâAulnay";"48,9398100000";"2,5153540000"
"202100016372";"28";"09";"2021";"18:07";"1";"93";"93066";"2";"1";"1";"2";"88-114bis Avenue de Stalingrad";"48,9472210000";"2,3729750000"
"202100016373";"27";"09";"2021";"21:50";"5";"93";"93046";"2";"9";"1";"3";"LIBERATION PLACE DE LA";"48,9227000000";"2,5443000000"
"202100016374";"28";"09";"2021";"19:10";"1";"93";"93008";"2";"2";"1";"3";"ODESSA (RUE D')";"48,9092930819";"2,4661383035"
"202100016375";"28";"09";"2021";"07:25";"1";"93";"93008";"2";"3";"1";"1";"VELLARD (RUE ALCIDE)";"48,9090780000";"2,4431360000"
"202100016376";"28";"09";"2021";"14:35";"1";"93";"93001";"2";"1";"1";"3";"JEAN JAURES  (AVE)  157 A 213";"48,9126830000";"2,4017410000"
"202100016377";"27";"09";"2021";"21:50";"5";"93";"93001";"2";"2";"1";"3";"LANDY (RUE DU) 34/29 =>";"48,9153800000";"2,3709200000"
"202100016378";"28";"09";"2021";"20:08";"5";"92";"92062";"2";"2";"1";"3";"GENERAL DE GAULLE (AV) DU 63 AU 107";"48,8875284339";"2,2330042885"
"202100016379";"28";"09";"2021";"18:10";"1";"92";"92051";"2";"1";"1";"6";"JEAN MERMOZ (BOULEVARD, NÂ° 5 A 15)";"48,8857556513";"2,2692574561"
"202100016380";"28";"09";"2021";"14:30";"1";"92";"92049";"2";"1";"1";"3";"DORMOY AVENUE MARX NÂ°2 A 100";"48,8098355110";"2,3214358091"
"202100016381";"28";"09";"2021";"07:40";"1";"92";"92046";"2";"2";"1";"1";"MARNE AVENUE DE LA";"48,8177106576";"2,3078705370"
"202100016382";"28";"09";"2021";"10:20";"1";"92";"92036";"2";"1";"1";"1";"BAS TILLIERS (ALLEE DES)";"48,9349991451";"2,3055155575"
"202100016383";"27";"09";"2021";"08:40";"1";"92";"92036";"2";"3";"1";"3";"NOELS (RUE DES)";"48,9255352111";"2,3171684146"
"202100016384";"24";"09";"2021";"11:10";"1";"92";"92036";"2";"3";"1";"3";"GENEAL DE GAULLE (AVENUE) (1/41)";"48,9337799082";"2,3133716792"
"202100016385";"23";"09";"2021";"17:45";"1";"92";"92036";"2";"3";"1";"3";"ALEXANDRE (RUE)";"48,9226000000";"2,3205100000"
"202100016386";"27";"09";"2021";"22:30";"5";"92";"92032";"2";"1";"1";"6";"ESTIENNE D'ORVES (RUE D')";"48,7881243774";"2,2842199314"
"202100016387";"28";"09";"2021";"15:00";"1";"92";"92012";"2";"1";"1";"2";"ANDRE MORIZET (AVENUE) 1/47 - 2/52";"48,8351500000";"2,2410800000"
"202100016388";"27";"09";"2021";"19:25";"5";"92";"92012";"2";"3";"1";"3";"POINT DU JOUR (QUAI DU)";"48,8339942112";"2,2611290216"
"202100016389";"27";"09";"2021";"09:06";"1";"92";"92012";"2";"2";"2";"3";"LE CORBUSIER (RUE)";"48,8377599139";"2,2404592373"
"202100016390";"29";"09";"2021";"06:30";"1";"976";"97610";"1";"1";"1";"3";"Majikavo Koropa";" -12,7464120000";"45,2266310000"
"202100016391";"7";"09";"2021";"17:26";"1";"80";"80766";"1";"1";"1";"7";"D114";"50,0545763118";"2,4858283997"
"202100016392";"29";"09";"2021";"07:55";"1";"41";"41194";"2";"2";"2";"3";"boulevard du marÃ©chal lyautey";"47,3614070000";"1,7392460000"
"202100016393";"29";"09";"2021";"12:45";"1";"11";"11397";"1";"9";"1";"2";"bretelle echangeur Carcassonne EST";"43,2029000000";"2,4169060000"
"202100016394";"28";"09";"2021";"14:55";"1";"13";"13078";"1";"1";"1";"2";"D268";"43,4499810000";"4,8374960000"
"202100016395";"23";"09";"2021";"18:20";"1";"67";"67437";"2";"9";"1";"6";"36 rue du marÃ©chal Joffre";"48,7426280000";"7,3729040000"
"202100016396";"26";"09";"2021";"12:45";"1";"35";"35363";"1";"1";"1";"3";"RN 137  point kilomÃ¨trique 35+600 vers rennes";"48,0223670000";" -1,6904350000"
"202100016397";"28";"09";"2021";"14:45";"1";"59";"59067";"2";"1";"1";"6";"rue du port";"50,9710150000";"2,4271470000"
"202100016398";"27";"09";"2021";"22:35";"3";"30";"30286";"1";"1";"1";"6";"D981";"43,9856200000";"4,4574450000"
"202100016399";"25";"09";"2021";"10:30";"1";"79";"79351";"2";"1";"1";"7";"11 Chemin des Devises";"46,4368910000";" -0,5597260000"
"202100016400";"25";"09";"2021";"19:00";"1";"81";"81288";"2";"1";"1";"6";"Route de Dourgne";"43,4582850000";"2,0776180000"
"202100016401";"29";"09";"2021";"13:14";"1";"61";"61199";"1";"2";"1";"2";"D29-D239";"48,7860140000";" -0,1615760000"
"202100016402";"29";"09";"2021";"12:20";"1";"55";"55291";"2";"2";"2";"7";"Boulevard Raymond PoincarÃ©";"48,6875290000";"5,3205050000"
"202100016403";"26";"09";"2021";"08:22";"1";"42";"42026";"1";"1";"1";"6";"Route de Melay";"46,1744520000";"4,0770010000"
"202100016404";"28";"09";"2021";"16:55";"1";"39";"39415";"2";"1";"1";"6";"23 Rue du Centre";"46,9351030000";"5,3431770000"
"202100016405";"28";"09";"2021";"20:41";"3";"72";"72088";"1";"1";"2";"7";"Lieu Dit le Petit Clos";"48,2084520000";"0,2377460000"
"202100016406";"28";"09";"2021";"08:30";"1";"06";"06059";"1";"1";"1";"5";"RM 6007";"43,7209940000";"7,3433300000"
"202100016407";"26";"09";"2021";"16:20";"1";"07";"07240";"1";"1";"1";"2";"N/A";"44,8468820000";"4,8205260000"
"202100016408";"25";"09";"2021";"17:20";"1";"24";"24296";"2";"6";"1";"6";"Saint-Cybard";"44,8513430000";"0,6163720000"
"202100016409";"28";"09";"2021";"17:55";"1";"04";"04081";"2";"1";"1";"3";"RD 82";"43,7399570000";"5,9731240000"
"202100016410";"28";"09";"2021";"07:35";"2";"85";"85026";"1";"3";"1";"3";"11 La Grande Alouette";"46,5527960000";" -1,4279010000"
"202100016411";"29";"09";"2021";"03:15";"3";"27";"27248";"1";"1";"3";"6";"Route departementale 613";"49,1518890000";"0,5610970000"
"202100016412";"29";"09";"2021";"08:45";"1";"13";"13113";"1";"1";"1";"4";"A51 pk 23.500";"43,5895847008";"5,4797994649"
"202100016413";"29";"09";"2021";"15:30";"1";"66";"66108";"1";"1";"1";"5";"rd 612";"42,7141330000";"2,6749560000"