"Num_Acc";"jour";"mois";"an";"hrmn";"lum";"dep";"com";"agg";"int";"atm";"col";"adr";"lat";"long"
"202100016414";"29";"09";"2021";"14:10";"1";"34";"34324";"2";"1";"1";"7";"Avenue Charles Cauquil";"43,2554052451";"3,2860601912"
"202100016415";"27";"09";"2021";"07:26";"1";"88";"88417";"1";"1";"1";"7";"D159bis";"48,3233010000";"6,6385320000"
"202100016416";"27";"09";"2021";"22:32";"3";"54";"54352";"1";"1";"2";"7";"D92";"48,6481082914";"6,0797309875"
"202100016417";"28";"09";"2021";"15:00";"1";"57";"57148";"2";"1";"1";"6";"Rue de Pange";"49,0986840000";"6,3245310000"
"202100016418";"28";"09";"2021";"17:20";"1";"63";"63092";"1";"1";"1";"3";"D16";"45,9015970000";"2,9939150000"
"202100016419";"28";"09";"2021";"16:20";"1";"07";"07034";"1";"1";"1";"7";"2759 Route Touristique des Gorges Vers Vallon Pont d Arc";"44,3307980000";"4,5419940000"
"202100016420";"28";"09";"2021";"07:30";"2";"69";"69204";"2";"1";"1";"1";"MOULINS (DES) (CHM)";"45,6965580000";"4,8120120000"
"202100016421";"20";"09";"2021";"11:20";"1";"33";"33415";"1";"3";"1";"1";"Rue de la Croix de l Avocat";"45,0128370000";" -0,4517150000"
"202100016422";"28";"09";"2021";"13:35";"1";"59";"59212";"2";"9";"1";"6";"147 Rue de Merville";"50,6424953693";"2,7128288059"
"202100016423";"28";"09";"2021";"09:00";"1";"13";"13071";"1";"1";"1";"4";"A7-Sens Lyon vers Marseille";"43,4124300000";"5,2814100000"
"202100016424";"27";"09";"2021";"08:40";"1";"13";"13005";"1";"1";"1";"4";"A50-Sens Aubagne vers Marseille";"43,2895110000";"5,5601730000"
"202100016425";"28";"09";"2021";"08:30";"1";"33";"33075";"1";"1";"1";"2";"ROCADE A 630";"44,8880300000";" -0,5812100000"
"202100016426";"28";"09";"2021";"15:00";"1";"92";"92012";"1";"1";"1";"6";"A13";"48,8485101306";"2,2270096797"
"202100016427";"28";"09";"2021";"09:30";"1";"78";"78158";"1";"1";"1";"5";"A13";"48,8314300000";"2,1466100000"
"202100016428";"28";"09";"2021";"07:30";"1";"78";"78043";"1";"1";"1";"3";"A12 W";"48,8402100000";"2,0956200000"
"202100016429";"27";"09";"2021";"15:05";"1";"92";"92036";"1";"1";"1";"2";"RN315 W";"48,9328054756";"2,3021252038"
"202100016430";"27";"09";"2021";"17:20";"1";"93";"93005";"1";"1";"1";"2";"AUTOROUTE A1";"48,9655000000";"2,4763600000"
"202100016431";"27";"09";"2021";"05:10";"3";"95";"95306";"1";"1";"1";"2";"A15";"49,0071283415";"2,1621105752"
"202100016432";"28";"09";"2021";"18:30";"1";"77";"77373";"1";"1";"1";"3";"RN104";"48,7732600000";"2,6131800000"
"202100016433";"28";"09";"2021";"17:00";"1";"77";"77438";"1";"1";"1";"2";"A104";"48,8728960000";"2,6701740000"
"202100016434";"28";"09";"2021";"12:00";"1";"94";"94018";"1";"1";"1";"2";"A4";"48,8244400000";"2,3936100000"
"202100016435";"28";"09";"2021";"11:45";"1";"94";"94042";"1";"1";"1";"3";"A4";"48,8273000000";"2,4691000000"
"202100016436";"27";"09";"2021";"16:30";"1";"77";"77450";"1";"1";"1";"5";"RN104";"48,7069730000";"2,5984060000"
"202100016437";"27";"09";"2021";"12:45";"1";"76";"76351";"2";"2";"1";"6";"REPUBLIQUE (COURS DE LA)";"49,4960800000";"0,1268400000"
"202100016438";"27";"09";"2021";"08:15";"1";"09";"09225";"1";"1";"1";"3";"ROUTE DEPARTEMENTALE 29";"43,1192900000";"1,6522800000"
"202100016439";"30";"04";"2021";"10:00";"1";"74";"74008";"2";"1";"3";"2";"RAVIER (RUE)";"46,2005600000";"6,2302500000"
"202100016440";"25";"09";"2021";"19:20";"5";"974";"97411";"2";"1";"1";"1";"LORY LES HAUTS (RUE)";" -20,8877000000";"55,4805000000"
"202100016441";"27";"09";"2021";"08:12";"1";"69";"69388";"2";"1";"1";"4";"PROFESSEUR BEAUVISAGE (DU) (R)";"45,7286370733";"4,8653787099"
"202100016442";"27";"09";"2021";"17:40";"1";"972";"97209";"2";"1";"1";"6";"SALVADOR ALLENDE (AVENUE)";"14,6103600000";" -61,0477100000"
"202100016443";"25";"09";"2021";"18:30";"5";"971";"97101";"2";"1";"1";"6";"ACHILLE RENE BOISNEUF (RUE)";"16,2694700000";" -61,5063200000"
"202100016444";"27";"09";"2021";"10:30";"1";"2A";"2A004";"1";"1";"1";"2";"T40";"41,9333667934";"8,8074850932"
"202100016445";"27";"09";"2021";"14:15";"1";"91";"91549";"2";"1";"3";"6";"ANNE FRANCK (RUE)";"48,6386700000";"2,3422000000"
"202100016446";"27";"09";"2021";"15:30";"1";"91";"91589";"2";"1";"1";"2";"AV CHARLES DE GAULLE";"48,6785820000";"2,3466760000"
"202100016447";"27";"09";"2021";"11:20";"1";"91";"91027";"2";"1";"8";"4";"AV JULES VALLES";"48,7019500000";"2,3780900000"
"202100016448";"23";"09";"2021";"10:30";"1";"91";"91174";"2";"2";"1";"6";"RUE DE LA DAUPHINE";"48,6007600000";"2,4708800000"
"202100016449";"26";"09";"2021";"00:35";"3";"87";"87065";"1";"1";"1";"6";"AUTOROUTE A20";"45,7988800000";"1,2961700000"
"202100016450";"26";"09";"2021";"23:20";"5";"87";"87085";"2";"3";"1";"6";"SAGNES (RUE DES)";"45,8744700000";"1,2951700000"
"202100016451";"25";"09";"2021";"10:20";"1";"86";"86194";"2";"1";"1";"3";"Rue Georges Guynemer";"46,5775630000";"0,3223260000"
"202100016452";"24";"09";"2021";"08:30";"1";"86";"86194";"2";"1";"1";"6";"Avenue d'Iassy";"46,5737860000";"0,3916140000"
"202100016453";"26";"09";"2021";"18:50";"1";"84";"84007";"1";"1";"1";"6";"GARE TGV (Parking)";"43,9223800000";"4,7816200000"
"202100016454";"27";"09";"2021";"15:00";"1";"83";"83137";"2";"1";"1";"4";"CD 46 (DEBUT TLN A ARTHEMYSE)";"43,1343740000";"5,9166720000"
"202100016455";"20";"09";"2021";"15:50";"1";"83";"83118";"2";"9";"1";"3";"D100";"43,4354370000";"6,8025750000"
"202100016456";"27";"09";"2021";"11:30";"1";"81";"81004";"1";"6";"1";"3";"ROCADE RN88 NORD";"43,9515100000";"2,1553800000"
"202100016457";"27";"09";"2021";"17:00";"1";"78";"78551";"1";"3";"1";"1";"route forestiÃ¨re des pavillons";"48,9630670000";"2,1145540000"
"202100016458";"22";"09";"2021";"10:05";"1";"78";"78361";"2";"1";"1";"1";"BLD DES CYGNES";"48,9974760000";"1,7142640000"
"202100016459";"27";"09";"2021";"15:00";"1";"77";"77288";"2";"6";"1";"6";"ROND POINT DE L'EUROPE";"48,5523500000";"2,6440200000"
"202100016460";"27";"09";"2021";"14:45";"1";"77";"77111";"2";"1";"2";"2";"AV HERGE";"48,8599500000";"2,7770200000"
"202100016461";"28";"09";"2021";"00:25";"5";"76";"76540";"2";"2";"1";"3";"RONDEAUX. AVENUE JEAN";"49,4338800000";"1,0761100000"
"202100016462";"27";"09";"2021";"18:05";"1";"76";"76497";"2";"3";"1";"3";"BRIAND. RUE ARISTIDE (CD 3)";"49,3846100000";"1,0216200000"
"202100016463";"26";"09";"2021";"01:00";"3";"76";"76270";"1";"1";"1";"6";"RD 31";"49,5528400000";"0,1401500000"
"202100016464";"24";"09";"2021";"20:30";"5";"76";"76351";"2";"2";"1";"1";"Rue AndreÃ¯ Sakharov";"49,5048200000";"0,1687700000"
"202100016465";"27";"09";"2021";"13:45";"1";"68";"68224";"2";"2";"1";"6";"COLMAR (AVENUE DE)";"47,7549600000";"7,3364400000"
"202100016466";"25";"09";"2021";"19:50";"5";"67";"67482";"2";"3";"1";"3";"VIRGILE (RUE)";"48,5813600000";"7,6992700000"
"202100016467";"24";"09";"2021";"12:10";"1";"67";"67482";"2";"1";"1";"2";"GENERAL DE GAULLE (AVENUE DU)";"48,5781400000";"7,7692600000"
"202100016468";"24";"09";"2021";"09:40";"1";"67";"67482";"2";"1";"1";"2";"DRESDE (BOULEVARD DE)";"48,5992900000";"7,7615200000"
"202100016469";"23";"09";"2021";"08:24";"1";"66";"66136";"2";"1";"1";"4";"POINCARE (BOULEVARD HENRI)";"42,6913000000";"2,8966400000"
"202100016470";"26";"09";"2021";"21:25";"5";"64";"64024";"1";"1";"1";"6";"BAYONNE (AVENUE DE)";"43,4819000000";" -1,5074000000"
"202100016471";"26";"09";"2021";"11:40";"1";"64";"64102";"2";"1";"1";"7";"NAVARRE (AVENUE HENRI DE)";"43,5009240000";" -1,4458380000"
"202100016472";"25";"09";"2021";"07:40";"2";"63";"63113";"2";"2";"1";"3";"BORDEAUX (AVENUE DE)";"45,7854400000";"3,0646800000"
"202100016473";"25";"09";"2021";"12:24";"1";"63";"63113";"2";"1";"1";"6";"BERTHELOT (BOULEVARD)";"45,7816000000";"3,0708100000"
"202100016474";"23";"09";"2021";"17:12";"1";"63";"63070";"2";"2";"1";"3";"MONT-DORE (AVENUE DU)";"45,7473500000";"3,0707300000"
"202100016475";"23";"09";"2021";"12:45";"1";"63";"63113";"2";"2";"1";"3";"SERBIE (RUE DE)";"45,7816600000";"3,0801200000"
"202100016476";"23";"09";"2021";"07:33";"2";"63";"63019";"2";"5";"1";"3";"FERNAND ALBOS (RUE)";"45,7945785207";"3,1628099084"
"202100016477";"22";"09";"2021";"19:16";"1";"63";"63113";"2";"2";"1";"3";"BOUSQUET (RUE DR)";"45,8021700000";"3,1045100000"
"202100016478";"16";"09";"2021";"19:50";"2";"63";"63113";"2";"5";"2";"6";"ITALIE (AVENUE DE L')";"45,7820044988";"3,0954529345"
"202100016479";"9";"09";"2021";"12:40";"1";"63";"63070";"1";"1";"1";"5";"RD 2089";"45,7395400000";"3,0726600000"
"202100016480";"1";"09";"2021";"17:20";"1";"62";"62587";"1";"4";"1";"3";"CD 46";"50,4320400000";"2,9220300000"
"202100016481";"16";"09";"2021";"09:00";"1";"62";"62510";"2";"4";"1";"6";"CARPENTIER (R GEORGES)";"50,4239550000";"2,7559370000"
"202100016482";"27";"09";"2021";"13:05";"1";"59";"59378";"1";"1";"3";"6";"MARNE AVENUE DE LA";"50,6793800000";"3,1140300000"
"202100016483";"26";"09";"2021";"06:20";"5";"56";"56121";"2";"1";"1";"6";"ZAY (RUE  JEAN )";"47,7454300000";" -3,3865200000"
"202100016484";"25";"09";"2021";"07:15";"3";"56";"56162";"1";"6";"1";"6";"Kerscouet";"47,7096700000";" -3,4386900000"
"202100016485";"24";"09";"2021";"17:35";"1";"56";"56107";"1";"1";"1";"2";"ROUTE DEPARTEMENTALE 29";"47,7221600000";" -3,3822200000"
"202100016486";"24";"09";"2021";"13:30";"1";"56";"56121";"2";"3";"1";"3";"COSMAO-DUMANOIR ( BD )";"47,7530700000";" -3,3756000000"
"202100016487";"26";"09";"2021";"14:15";"1";"54";"54578";"2";"3";"1";"3";"AIGUILLETTES  (BD 5A A 17A)";"48,6688401171";"6,1610654410"
"202100016488";"23";"09";"2021";"17:00";"1";"54";"54273";"2";"2";"1";"3";"PEGUY (RUE CHARLES)";"49,1538500000";"5,8758700000"
"202100016489";"25";"09";"2021";"16:15";"1";"52";"52235";"1";"1";"1";"6";"VILLIERS EN LIEU (ROUTE DE)";"48,6461420000";"4,9058560000"
"202100016490";"27";"09";"2021";"18:15";"1";"51";"51454";"2";"1";"1";"3";"Rue Gerbert";"49,2507400000";"4,0401000000"
"202100016491";"27";"09";"2021";"08:05";"2";"50";"50147";"2";"2";"3";"6";"MARECHAL JOFFRE";"49,0520400000";" -1,4434800000"
"202100016492";"26";"09";"2021";"18:35";"1";"49";"49328";"2";"6";"2";"3";"HOCHE (RUE)";"47,2530600000";" -0,0804100000"
"202100016493";"26";"09";"2021";"15:35";"1";"49";"49328";"2";"9";"8";"1";"DE LATTRE DE TASSIGNY (BLD)";"47,2662600000";" -0,0912400000"
"202100016494";"25";"09";"2021";"16:05";"1";"49";"49099";"2";"6";"3";"3";"KOENIG (AVENUE DU MARECHAL)";"47,0517500000";" -0,8499700000"
"202100016495";"27";"09";"2021";"13:22";"1";"49";"49007";"2";"1";"1";"1";"DAVIERS BOULEVARD";"47,4794120000";" -0,5584650000"
"202100016496";"27";"09";"2021";"08:46";"1";"49";"49353";"2";"6";"1";"3";"RIOTTEAU";"47,4408000000";" -0,4985900000"
"202100016497";"27";"09";"2021";"12:50";"1";"45";"45234";"2";"1";"8";"3";"Rue Brise Pain";"47,9022800000";"1,8863700000"
"202100016498";"26";"09";"2021";"22:40";"5";"45";"45004";"2";"6";"1";"6";"Rue de la Fontaine";"47,9763357691";"2,7843300104"
"202100016499";"27";"09";"2021";"14:35";"1";"44";"44109";"2";"1";"1";"6";"BOULEVARD ROBERT SCHUMAN";"47,2365400000";" -1,5686000000"
"202100016500";"26";"09";"2021";"20:40";"3";"41";"41018";"2";"1";"1";"6";"BAS-RIVIERE (RUE)";"47,5685400000";"1,3222100000"
"202100016501";"27";"09";"2021";"17:55";"1";"37";"37261";"2";"1";"1";"7";"WEDELLS (RUE JEANNE)";"47,4063496630";"0,7115225465"
"202100016502";"27";"09";"2021";"17:00";"1";"33";"33522";"2";"1";"1";"6";"Cours de la LibÃ©ration";"44,8122300000";" -0,5909700000"
"202100016503";"27";"09";"2021";"08:00";"1";"33";"33069";"2";"1";"1";"5";"AVE MAL DE LATTRE DE TASSIGNY";"44,8643700000";" -0,6048200000"
"202100016504";"26";"09";"2021";"02:50";"5";"33";"33063";"2";"2";"1";"6";"Cours de lâYser";"44,8195300000";" -0,5723500000"
"202100016505";"27";"09";"2021";"08:40";"1";"31";"31555";"2";"1";"8";"3";"RTE DE SAINT SIMON";"43,5901200000";"1,4159800000"
"202100016506";"27";"09";"2021";"14:30";"1";"29";"29232";"2";"6";"1";"3";"Rond point de Kerroue";"48,0171100000";" -4,0952100000"
"202100016507";"27";"09";"2021";"17:30";"1";"27";"27229";"2";"3";"1";"3";"POLITZER (RUE GEORGES)";"49,0059694495";"1,1430801086"
"202100016508";"27";"09";"2021";"13:30";"1";"25";"25580";"2";"1";"1";"3";"DONZELOT (ALLEE P.)";"47,4763800000";"6,8253200000"
"202100016509";"26";"09";"2021";"17:45";"1";"24";"24037";"1";"1";"1";"5";"D709 (Rte de Mussidan)";"44,8693500000";"0,4566200000"
"202100016510";"27";"09";"2021";"22:47";"5";"17";"17306";"2";"2";"8";"3";"JOLIOT CURIE (DOCTEUR) (AV)";"45,6232136328";" -1,0032449410"
"202100016511";"27";"09";"2021";"08:40";"1";"13";"13210";"2";"1";"1";"3";"ANDRE BARDON (rue)";"43,2833701852";"5,4266676633"
"202100016512";"26";"09";"2021";"21:45";"3";"13";"13212";"2";"1";"1";"2";"BOUYALA D'ARNAUD (BOULEVARD)";"43,2968476834";"5,4426975579"
"202100016513";"25";"09";"2021";"15:30";"1";"13";"13207";"2";"2";"1";"3";"FÃLIX FREGIER (RUE)";"43,2877800000";"5,3536700000"
"202100016514";"26";"09";"2021";"07:00";"3";"13";"13205";"2";"1";"2";"6";"JEAN MOULIN (BOULEVARD)";"43,2870700000";"5,4023800000"
"202100016515";"23";"09";"2021";"17:30";"1";"13";"13028";"2";"1";"1";"2";"CROZET (AVENUE LOUIS )";"43,1794200000";"5,5997400000"
"202100016516";"24";"09";"2021";"17:40";"1";"11";"11262";"2";"1";"1";"3";"RD 6009 NARBONNE - PERPIGNAN";"43,1920400000";"3,0287500000"
"202100016517";"27";"09";"2021";"12:45";"1";"10";"10343";"2";"2";"1";"3";"DIJON (RUE DE)";"48,2671400000";"4,0896300000"
"202100016518";"25";"09";"2021";"12:30";"1";"06";"06027";"2";"1";"1";"6";"JAURES AVENUE JEAN";"43,6586600000";"7,1695300000"
"202100016519";"24";"09";"2021";"20:40";"1";"92";"92036";"2";"1";"1";"3";"G.PERI (RUE)194 A 416 249 A 435 ";"48,9137602470";"2,2961150855"
"202100016520";"24";"09";"2021";"06:32";"1";"976";"97611";"2";"1";"1";"6";"passamanty-Mnadzi moja (rue )";" -12,8009900000";"45,2083100000"
"202100016521";"24";"09";"2021";"16:55";"1";"91";"91161";"2";"1";"1";"6";"RUE DE GRAVIGNY";"48,6952970000";"2,3080850000"
"202100016522";"26";"09";"2021";"09:05";"1";"78";"78350";"1";"1";"1";"6";"VERSAILLES (ROUTE DE)";"48,8484500000";"2,1088100000"
"202100016523";"24";"09";"2021";"16:10";"1";"77";"77186";"2";"3";"1";"6";"D417";"48,4015900000";"2,6966500000"
"202100016524";"23";"09";"2021";"10:25";"1";"68";"68066";"2";"2";"1";"6";"FRIBOURG (AVENUE DE)";"48,0694700000";"7,3605800000"
"202100016525";"23";"09";"2021";"17:25";"1";"52";"52121";"2";"1";"1";"6";"2 Rue Faraday";"48,0911000000";"5,1386700000"
"202100016526";"23";"09";"2021";"16:25";"1";"42";"42095";"2";"1";"1";"6";"Rue Jean JaurÃ¨s";"45,3912270000";"4,2895630000"
"202100016527";"23";"09";"2021";"21:35";"5";"35";"35238";"2";"2";"1";"1";"GUILLOUX (LOUIS)";"48,1120000000";" -1,7023300000"
"202100016528";"26";"09";"2021";"01:30";"5";"94";"94003";"2";"9";"1";"1";"FABIEN (BOULEVARD DU COLONEL)";"48,8018175789";"2,3357587865"
"202100016529";"25";"09";"2021";"20:10";"5";"94";"94017";"1";"1";"1";"4";"A4";"48,8275000000";"2,5083200000"
"202100016530";"2";"06";"2021";"11:38";"1";"17";"17415";"2";"1";"1";"6";"GAMBETTA 74 A 162 ET 29 A 183 AVENUE";"45,7466700000";" -0,6242600000"
"202100016531";"9";"05";"2021";"17:15";"1";"92";"92044";"2";"2";"1";"3";"MARIUS AUFAN(RUE) 1A67 ET 2A78";"48,8883726570";"2,2868379951"
"202100016532";"27";"09";"2021";"18:05";"1";"75";"75119";"2";"1";"1";"6";"RUE DU CHEMIN DE FER";"48,8996790975";"2,3891969106"
"202100016533";"27";"09";"2021";"05:45";"5";"75";"75117";"2";"3";"1";"3";"BOULEVARD DE COURCELLES";"48,8788540000";"2,3017600000"
"202100016534";"24";"09";"2021";"23:58";"5";"75";"75117";"2";"2";"1";"3";"RUE LA CONDAMINE";"48,8863790000";"2,3223760000"
"202100016535";"27";"09";"2021";"17:05";"1";"75";"75115";"2";"2";"8";"6";"RUE DUTOT";"48,8382240598";"2,3083367293"
"202100016536";"27";"09";"2021";"17:45";"1";"75";"75113";"2";"1";"1";"6";"RUE DE TOLBIAC";"48,8301590000";"2,3760140000"
"202100016537";"27";"09";"2021";"08:20";"1";"75";"75113";"2";"2";"1";"3";"AVENUE DE LA PORTE D ITALIE";"48,8164500047";"2,3603002277"
"202100016538";"27";"09";"2021";"00:15";"5";"75";"75113";"2";"7";"1";"3";"PLACE VALHUBERT";"48,8442337908";"2,3647702631"
"202100016539";"27";"09";"2021";"20:00";"5";"75";"75112";"2";"1";"1";"6";"RUE DU RENDEZ VOUS";"48,8450590000";"2,4049110000"
"202100016540";"27";"09";"2021";"18:05";"1";"75";"75111";"2";"5";"1";"3";"BOULEVARD VOLTAIRE";"48,8503980000";"2,3925170000"
"202100016541";"27";"09";"2021";"11:50";"1";"75";"75108";"2";"3";"2";"3";"AVENUE DES CHAMPS ELYSEES";"48,8710888101";"2,3034878377"
"202100016542";"27";"09";"2021";"05:50";"5";"75";"75103";"2";"2";"1";"6";"BOULEVARD DES FILLES DU CALVAIRE";"48,8624707594";"2,3668895303"
"202100016543";"26";"09";"2021";"12:00";"1";"94";"94080";"2";"1";"1";"2";"PAIX (R DE LA)";"48,8499600000";"2,4320100000"
"202100016544";"26";"09";"2021";"10:00";"1";"94";"94042";"2";"1";"1";"3";"Avenue Pierre MendÃ¨s- France";"48,8142900000";"2,4625100000"
"202100016545";"27";"09";"2021";"09:25";"1";"94";"94046";"2";"1";"2";"3";"GENERAL DE GAULLE (AV DU)";"48,8151000000";"2,4204000000"
"202100016546";"27";"09";"2021";"08:45";"1";"94";"94016";"2";"6";"2";"3";"Boulevard de la Vanne";"48,7864300000";"2,3387600000"
"202100016547";"9";"09";"2021";"18:55";"1";"94";"94021";"2";"1";"1";"6";"Rue du PÃ¨re MazuriÃ©";"48,7713500000";"2,3557600000"
"202100016548";"27";"09";"2021";"14:15";"1";"94";"94077";"2";"9";"8";"3";"Avenue Victor Hugo";"48,7325500000";"2,4198100000"
"202100016549";"26";"09";"2021";"20:35";"5";"94";"94077";"2";"2";"1";"3";"PASTEUR (AV)";"48,7374441887";"2,4192329401"
"202100016550";"26";"09";"2021";"23:55";"5";"94";"94041";"2";"2";"1";"3";"Avenue de Verdun";"48,8130400000";"2,3704900000"
"202100016551";"27";"09";"2021";"15:45";"1";"93";"93077";"2";"2";"1";"3";"Rue LaÃ«nnec / Avenue de Rosny";"48,8812000000";"2,4953000000"
"202100016552";"27";"09";"2021";"12:25";"1";"93";"93055";"2";"1";"3";"3";"Avenue Jean Lolive";"48,8918300000";"2,4066000000"
"202100016553";"27";"09";"2021";"13:00";"1";"93";"93063";"2";"1";"3";"6";"Avenue Paul Vaillant - Couturier";"48,8850000000";"2,4340000000"
"202100016554";"26";"09";"2021";"21:15";"5";"93";"93032";"2";"1";"2";"6";"Avenue Jean JaurÃ¨s";"48,8828400000";"2,5262800000"
"202100016555";"27";"09";"2021";"17:30";"1";"93";"93027";"2";"1";"1";"6";"Avenue Jean JaurÃ¨s";"48,9243800000";"2,4017300000"
"202100016556";"27";"09";"2021";"00:19";"5";"93";"93001";"2";"1";"2";"6";"PONT BLANC.CHARLES TILLON (RUE)  3/80 =>";"48,9160000000";"2,3925000000"
"202100016557";"27";"09";"2021";"15:30";"1";"92";"92075";"2";"2";"1";"3";"SADI CARNOT (RUE)";"48,8224101195";"2,2899373474"
"202100016558";"27";"09";"2021";"11:20";"1";"92";"92051";"2";"1";"1";"3";"VICTOR HUGO (BOULEVARD, NÂ° 51 A 75 ET 62";"48,8913500000";"2,2752300000"
"202100016559";"24";"09";"2021";"19:45";"5";"92";"92049";"2";"1";"1";"3";"BRIAND AVENUE ARISTIDE NÂ°2 A 114";"48,8155671199";"2,3256442929"
"202100016560";"21";"09";"2021";"19:40";"1";"92";"92036";"2";"3";"1";"3";"BASSIN NÂ°5 (ROUTE DU)";"48,9447030000";"2,2952390000"
"202100016561";"27";"09";"2021";"19:30";"5";"92";"92035";"2";"1";"1";"6";"National ( boulevard )";"48,9047376140";"2,2394151986"
"202100016562";"24";"09";"2021";"19:50";"2";"92";"92004";"2";"3";"1";"3";"HOTEL DE VILLE   ( PLACE )";"48,9100668863";"2,2882763571"
"202100016563";"23";"09";"2021";"18:15";"2";"92";"92004";"2";"1";"1";"6";"DOCTEUR FLEMING ( AVNUE DU )";"48,9328433126";"2,2794900835"
"202100016564";"28";"09";"2021";"05:40";"3";"51";"51340";"1";"1";"5";"4";"N4";"48,7434700141";"4,5076158776"
"202100016565";"21";"09";"2021";"09:10";"1";"73";"73330";"1";"1";"1";"6";"D1504 Route de chambery";"45,7035190000";"5,7728700000"
"202100016566";"26";"09";"2021";"08:00";"2";"31";"31547";"2";"1";"1";"2";"3730 route de saint lys Les Aujoulets";"43,5035230000";"1,2596730000"
"202100016567";"28";"09";"2021";"07:50";"1";"23";"23247";"1";"1";"1";"6";"Lavaud";"46,2245030000";"1,7412580000"
"202100016568";"28";"09";"2021";"08:46";"1";"40";"40100";"1";"1";"2";"1";"D.11 PR 013.700";"43,9329570000";" -0,2330520000"
"202100016569";"25";"09";"2021";"16:55";"1";"41";"41103";"2";"3";"3";"3";"Rue RenÃ© LeliÃ¨vre";"47,7207010000";"1,0101470000"
"202100016570";"24";"09";"2021";"19:10";"2";"56";"56001";"1";"1";"1";"7";"Bois de Coueslay";"47,6345830000";" -2,1521620000"
"202100016571";"28";"09";"2021";"09:30";"1";"80";"80684";"1";"1";"1";"1";"D930";"49,7568550000";"2,9489710000"
"202100016572";"28";"09";"2021";"15:18";"1";"65";"65031";"2";"1";"1";"7";"D929";"42,9055390000";"0,3573290000"
"202100016573";"27";"09";"2021";"16:10";"1";"69";"69248";"1";"3";"8";"3";"D308";"46,0180090000";"4,3148700000"
"202100016574";"28";"09";"2021";"09:45";"1";"61";"61483";"2";"1";"1";"6";"Avenue de la FertÃ©-MacÃ©";"48,5570300000";" -0,4126260000"
"202100016575";"25";"09";"2021";"14:30";"1";"68";"68090";"2";"1";"1";"1";"2 Rue Zuber";"47,4963740000";"7,3134430000"
"202100016576";"28";"09";"2021";"09:45";"1";"25";"25309";"2";"1";"1";"6";"32 Grande Rue";"46,9163890000";"6,3083210000"
"202100016577";"27";"09";"2021";"21:30";"5";"29";"29171";"2";"1";"1";"7";"D785 - Route de Pont lâAbbÃ©";"47,8439750000";" -4,2788740000"
"202100016578";"26";"09";"2021";"18:10";"1";"31";"31424";"2";"2";"1";"3";"Rue du Languedoc";"43,5695340000";"1,2918000000"
"202100016579";"24";"09";"2021";"10:15";"1";"38";"38547";"2";"4";"1";"3";"Avenue Robert Huant";"45,2612200000";"5,9037670000"
"202100016580";"27";"09";"2021";"07:00";"2";"38";"38229";"2";"1";"1";"3";"Chemin du Vieux ChÃªne";"45,2086840000";"5,7911470000"
"202100016581";"26";"09";"2021";"16:10";"1";"70";"70335";"1";"1";"1";"1";"DÃ©partementale 31";"47,4298150000";"6,2604050000"
"202100016582";"25";"08";"2021";"00:10";"3";"70";"70179";"2";"1";"1";"6";"6 Route de Villeparois";"47,6452070000";"6,1804580000"
"202100016583";"27";"09";"2021";"19:30";"2";"26";"26191";"1";"3";"1";"3";"Route de Dieulefit";"44,5484140000";"4,7936010000"
"202100016584";"17";"09";"2021";"02:00";"1";"07";"07126";"1";"9";"1";"7";"Chemin de Lacessas";"44,4212640000";"4,4241430000"
"202100016585";"27";"09";"2021";"10:25";"1";"40";"40234";"1";"2";"1";"3";"Route de Bordeaux";"43,9656410000";" -0,3149880000"
"202100016586";"27";"09";"2021";"20:15";"5";"24";"24087";"2";"9";"1";"6";"Rue de Luziers";"44,8661850000";"1,0505570000"
"202100016587";"25";"09";"2021";"17:20";"1";"04";"04022";"2";"1";"1";"7";"RN 202";"43,9529400000";"6,3673550000"
"202100016588";"27";"09";"2021";"19:00";"2";"04";"04108";"2";"3";"1";"4";"RN 85 / Ch du pont triple";"44,0520020000";"6,0229970000"
"202100016589";"24";"09";"2021";"16:50";"1";"28";"28172";"1";"6";"1";"7";"D28";"48,5529320000";"1,6692780000"
"202100016590";"27";"09";"2021";"18:00";"1";"37";"37050";"2";"1";"1";"6";"174 Avenue du Grand Sud";"47,3335460000";"0,7055390000"
"202100016591";"25";"08";"2021";"01:25";"3";"29";"29230";"1";"1";"1";"6";"Lieu Dit le Moustoir";"47,9502638074";" -3,5202032600"
"202100016592";"28";"09";"2021";"10:00";"1";"73";"73151";"1";"1";"1";"6";"A41 Ã  hauteur de l'aire des Marches";"45,4605280000";"6,0102500000"
"202100016593";"23";"09";"2021";"12:10";"1";"67";"67471";"2";"2";"1";"6";"28c Route de Brumath";"48,6291080000";"7,7290750000"
"202100016594";"27";"09";"2021";"09:00";"1";"13";"13032";"2";"1";"1";"1";"Rue du Grand Logis";"43,5684600000";"5,3549930000"
"202100016595";"27";"09";"2021";"19:30";"5";"986";"98613";"2";"2";"1";"3";"Mat 'utu";" -13,2820390000";" -176,1740180000"
"202100016596";"26";"08";"2021";"16:00";"1";"29";"29147";"1";"1";"1";"6";"Route du Trevoux";"47,8975086241";" -3,5907412787"
"202100016597";"26";"09";"2021";"16:05";"1";"30";"30258";"2";"1";"1";"1";"5 Route d Arles";"43,6715890000";"4,4372430000"
"202100016598";"28";"09";"2021";"04:30";"3";"83";"83068";"1";"1";"1";"1";"Route Departementale 558";"43,2895532935";"6,4943835189"
"202100016599";"25";"09";"2021";"12:10";"1";"19";"19009";"1";"3";"1";"2";"RD 1089 / D58";"45,3056900000";"1,8188030000"