"Num_Acc";"jour";"mois";"an";"hrmn";"lum";"dep";"com";"agg";"int";"atm";"col";"adr";"lat";"long"
"202100016600";"27";"09";"2021";"14:30";"1";"59";"59341";"2";"1";"2";"3";"Rue de CrÃ¨vecoeur";"50,0994580000";"3,2702460000"
"202100016601";"27";"09";"2021";"18:30";"1";"59";"59400";"2";"1";"1";"6";"68 Rue Jean Jaures";"50,6417953353";"2,6513184842"
"202100016602";"27";"09";"2021";"09:55";"1";"33";"33249";"1";"1";"1";"4";"ROUTE NATIONALE 230";"44,8717270000";" -0,5058520000"
"202100016603";"24";"09";"2021";"08:40";"1";"59";"59426";"1";"1";"1";"2";"AUTOROUTE A22";"50,7483975102";"3,1439039283"
"202100016604";"27";"09";"2021";"13:10";"1";"91";"91136";"1";"1";"2";"6";"AUTOROUTE A10";"48,7119300000";"2,2894800000"
"202100016605";"27";"09";"2021";"11:35";"1";"91";"91174";"1";"1";"2";"7";"RN 104";"48,6104600000";"2,4441000000"
"202100016606";"27";"09";"2021";"07:30";"2";"91";"91339";"1";"1";"1";"2";"RN 104";"48,6225000000";"2,2728000000"
"202100016607";"27";"09";"2021";"00:55";"3";"91";"91553";"1";"1";"1";"6";"RN 104";"48,6305540000";"2,4865850000"
"202100016608";"27";"09";"2021";"00:25";"3";"91";"91286";"1";"1";"1";"6";"AUTOROUTE A6";"48,6572500000";"2,3769130000"
"202100016609";"27";"09";"2021";"00:05";"5";"92";"92076";"1";"1";"1";"6";"A13";"48,8316944107";"2,1492061257"
"202100016610";"27";"09";"2021";"18:15";"1";"93";"93029";"1";"1";"1";"6";"AUTOROUTE A86";"48,9140500000";"2,4335500000"
"202100016611";"27";"09";"2021";"14:18";"1";"93";"93029";"1";"1";"1";"7";"AUTOROUTE A86";"48,9268616600";"2,4205657840"
"202100016612";"27";"09";"2021";"13:40";"1";"93";"93005";"1";"1";"1";"6";"AUTOROUTE A3";"48,9543600000";"2,4735600000"
"202100016613";"27";"09";"2021";"11:00";"1";"93";"93053";"1";"1";"2";"6";"AUTOROUTE A103";"48,8877200000";"2,4728000000"
"202100016614";"26";"09";"2021";"19:00";"1";"93";"93008";"1";"1";"1";"4";"AUTOROUTE A86";"48,9127345676";"2,4368072152"
"202100016615";"27";"09";"2021";"16:00";"1";"77";"77249";"1";"1";"1";"3";"RN104";"48,7570910000";"2,6155260000"
"202100016616";"27";"09";"2021";"13:30";"1";"77";"77517";"1";"1";"2";"2";"A104";"48,8980550000";"2,6588310000"
"202100016617";"23";"09";"2021";"14:30";"1";"91";"91549";"2";"9";"1";"6";"HUREPOIX (AVENUE DU)";"48,6250140000";"2,3455770000"
"202100016618";"22";"09";"2021";"12:05";"1";"25";"25056";"2";"1";"1";"6";"CHOPIN RUE FREDERIC";"47,2651600000";"6,0420800000"
"202100016619";"16";"09";"2021";"17:30";"1";"83";"83050";"2";"4";"3";"6";"MAUDUECH (RUE RENE)";"43,5352600000";"6,4636200000"
"202100016620";"3";"09";"2021";"14:10";"1";"59";"59350";"2";"9";"1";"6";"MORISSON SQUARE";"50,6346700000";"3,0610800000"
"202100016621";"18";"06";"2021";"06:45";"1";"73";"73007";"1";"1";"1";"3";"Les Gabelins";"45,5642370000";"6,2307180000"
"202100016622";"17";"06";"2021";"08:00";"1";"73";"73235";"1";"1";"1";"6";"D213";"45,4322780392";"6,3669295469"
"202100016623";"26";"09";"2021";"11:45";"1";"974";"97411";"2";"3";"1";"2";"JAURES (BOULEVARD JEAN)";" -20,8887400000";"55,4472500000"
"202100016624";"26";"09";"2021";"00:40";"5";"69";"69259";"2";"9";"1";"3";"MARTYRS DE LA RESISTANCE (DES)      (AV)";"45,6906700000";"4,8698600000"
"202100016625";"26";"09";"2021";"19:00";"1";"69";"69388";"2";"1";"1";"3";"JEAN MERMOZ (AV)";"45,7351700000";"4,8732100000"
"202100016626";"26";"09";"2021";"05:20";"5";"69";"69386";"2";"2";"8";"3";"MARECHAL FOCH (AV)";"45,7724700000";"4,8431000000"
"202100016627";"26";"09";"2021";"12:55";"1";"972";"97213";"2";"2";"1";"3";"BARRIERES (RUE DES)";"14,6159980000";" -61,0002400000"
"202100016628";"26";"09";"2021";"15:40";"1";"972";"97209";"2";"1";"1";"4";"PROFESSEUR RAYMOND GARCIN (RUE DU)";"14,6195200000";" -61,0780400000"
"202100016629";"26";"09";"2021";"14:15";"1";"69";"69034";"2";"1";"1";"6";"GENERAL LECLERC (AV)";"45,8032900000";"4,8600400000"
"202100016630";"25";"06";"2021";"19:00";"2";"69";"69381";"2";"3";"1";"6";"PIERRE DUPONT (R)";"45,7701500000";"4,8178600000"
"202100016631";"25";"09";"2021";"18:30";"1";"91";"91377";"2";"1";"1";"1";"VOIE DE LA VALLEE DE LA BIEVRE";"48,7373900000";"2,2701200000"
"202100016632";"25";"09";"2021";"15:30";"1";"91";"91657";"2";"9";"1";"3";"AV HENRI BARBUSSE";"48,6992600000";"2,4172300000"
"202100016633";"27";"09";"2021";"00:00";"3";"88";"88160";"1";"3";"2";"7";"ARCHETTES (CH. D')";"48,1476044917";"6,4999178052"
"202100016634";"26";"09";"2021";"02:00";"5";"83";"83137";"2";"1";"9";"2";"GUILLEMARD (RUE ROBERT)";"43,1253780000";"5,9242070000"
"202100016635";"21";"09";"2021";"00:10";"3";"83";"83098";"1";"1";"1";"1";"GANZIN (AVENUE DE)";"43,1091400000";"6,0442600000"
"202100016636";"25";"09";"2021";"18:45";"1";"78";"78440";"2";"6";"1";"3";"BECHEVILLE (RUE DE)";"48,9874500000";"1,9122000000"
"202100016637";"26";"09";"2021";"14:15";"1";"77";"77083";"2";"3";"2";"3";"EDOUARD BRANLY (ALLEE)";"48,8503910000";"2,5828910000"
"202100016638";"26";"09";"2021";"00:15";"3";"77";"77407";"1";"3";"1";"2";"D607";"48,5448700000";"2,5130350000"
"202100016639";"26";"09";"2021";"03:30";"5";"76";"76429";"1";"6";"1";"7";"DARNETAL. ROUTE DE";"49,4123172891";"1,1544024758"
"202100016640";"26";"09";"2021";"14:15";"1";"72";"72181";"2";"1";"1";"3";"ITALIENS (BD DES)";"47,9562315049";"0,2070973419"
"202100016641";"26";"09";"2021";"03:30";"5";"69";"69256";"2";"1";"2";"6";"PAUL MARCELLIN (AV)";"45,7831650532";"4,9292376637"
"202100016642";"26";"09";"2021";"17:55";"1";"65";"65440";"2";"6";"1";"3";"PALAY (RUE SIMIN)";"43,2316100000";"0,0615000000"
"202100016643";"25";"09";"2021";"20:35";"5";"59";"59599";"2";"3";"1";"1";"MORTAGNE (RUE GUILLAUME DE)";"50,7386428840";"3,1766912570"
"202100016644";"25";"09";"2021";"12:30";"1";"59";"59599";"2";"1";"1";"6";"FOREST (CHAUSSEE FERNAND)";"50,7377769355";"3,1608653069"
"202100016645";"11";"09";"2021";"05:20";"5";"59";"59350";"2";"3";"1";"1";"LEBON PHILLIPE RUE";"50,6263950000";"3,0968190000"
"202100016646";"26";"09";"2021";"08:02";"1";"49";"49007";"2";"2";"8";"3";"MEIGNANNE";"47,4788800000";" -0,5701600000"
"202100016647";"26";"09";"2021";"18:50";"1";"44";"44109";"2";"1";"1";"6";"ROUTE DE PARIS";"47,2500800000";" -1,5196700000"
"202100016648";"26";"09";"2021";"15:30";"1";"35";"35051";"1";"1";"1";"2";"PORTE DE NORMANDIE";"48,1499800000";" -1,6070400000"
"202100016649";"26";"09";"2021";"12:50";"1";"35";"35281";"2";"1";"1";"6";"POTTIER (RUE EUGENE)";"48,0673100000";" -1,7189800000"
"202100016650";"26";"09";"2021";"18:15";"1";"31";"31555";"1";"1";"1";"5";"29 PURPAN  (PERIPH OUEST A620)";"43,5962000000";"1,3969000000"
"202100016651";"26";"09";"2021";"11:10";"1";"31";"31555";"2";"1";"1";"5";"Pont de Constantine";"43,6065200000";"1,4561500000"
"202100016652";"26";"09";"2021";"04:20";"4";"31";"31555";"2";"1";"2";"6";"VA007644 EMPALOT A620 Sortie 24";"43,5729185295";"1,4376133759"
"202100016653";"26";"09";"2021";"17:20";"1";"27";"27701";"2";"1";"8";"7";"avenue des mÃ©tiers";"49,2374950000";"1,1712543000"
"202100016654";"25";"09";"2021";"10:20";"1";"25";"25462";"2";"4";"1";"3";"Vuillecin  (rue de )";"46,9181700000";"6,3436300000"
"202100016655";"26";"09";"2021";"20:55";"5";"17";"17299";"2";"2";"1";"3";"PELTIER RUE DU DOCTEUR";"45,9352958207";" -0,9645703343"
"202100016656";"21";"09";"2021";"16:07";"1";"16";"16089";"2";"6";"1";"3";"BREGUET (RUE LOUIS)";"45,6789291954";" -0,3112944961"
"202100016657";"25";"09";"2021";"18:15";"1";"13";"13054";"2";"7";"1";"1";"PRESIDENT KENNEDY (AV )";"43,4175100000";"5,2218000000"
"202100016658";"26";"09";"2021";"19:20";"5";"13";"13215";"2";"1";"1";"1";"VISTE (AVENUE DE LA)";"43,3584800000";"5,3576200000"
"202100016659";"25";"09";"2021";"23:00";"5";"13";"13207";"2";"1";"2";"5";"Corniche John FitzgÃ©rald Kennedy";"43,2680000000";"5,3690000000"
"202100016660";"25";"09";"2021";"14:45";"1";"13";"13209";"2";"3";"1";"3";"CABOT (BOULEVARD)";"43,2601800000";"5,4158000000"
"202100016661";"25";"09";"2021";"22:00";"3";"13";"13005";"2";"1";"2";"3";"FOCH (COURS MARECHAL)";"43,2936800000";"5,5679000000"
"202100016662";"23";"09";"2021";"17:29";"1";"10";"10387";"2";"1";"1";"2";"GEORGES POMPIDOU (RUE)";"48,3012300000";"4,0979300000"
"202100016663";"25";"09";"2021";"17:55";"1";"06";"06069";"2";"1";"1";"6";"THIERS (AVENUE)";"43,6615010000";"6,9228930000"
"202100016664";"26";"09";"2021";"14:00";"1";"06";"06029";"2";"1";"2";"3";"FERRAGE (BOULEVARD DE LA)";"43,5534130000";"7,0146880000"
"202100016665";"24";"09";"2021";"13:36";"1";"06";"06027";"2";"1";"1";"5";"ALPES AVENUE DES";"43,6600240000";"7,1389860000"
"202100016666";"24";"09";"2021";"12:20";"1";"01";"01283";"2";"1";"1";"6";"LEVA (RUE / IMPASSE)";"46,2655800000";"5,6575140000"
"202100016667";"24";"09";"2021";"18:15";"1";"01";"01451";"1";"6";"1";"3";"D117A";"46,2332700000";"5,2003400000"
"202100016668";"24";"09";"2021";"19:00";"2";"75";"75120";"2";"1";"1";"4";"BD PERIPHERIQUE INTERIEUR";"48,8500990000";"2,4151060000"
"202100016669";"25";"09";"2021";"04:25";"5";"75";"75103";"2";"1";"1";"6";"BOULEVARD SAINT MARTIN";"48,8683130000";"2,3598890000"
"202100016670";"26";"09";"2021";"17:39";"1";"75";"75120";"2";"2";"2";"6";"BOULEVARD MORTIER";"48,8679457360";"2,4088806592"
"202100016671";"26";"09";"2021";"17:25";"1";"75";"75119";"2";"3";"1";"2";"AVENUE SIMON BOLIVAR";"48,8792869984";"2,3743818243"
"202100016672";"26";"09";"2021";"18:40";"2";"75";"75117";"2";"2";"2";"2";"BOULEVARD DE COURCELLES";"48,8808150000";"2,3126100000"
"202100016673";"25";"09";"2021";"23:47";"5";"75";"75117";"2";"2";"1";"3";"BOULEVARD DE REIMS";"48,8922674967";"2,3010157143"
"202100016674";"25";"09";"2021";"06:04";"5";"75";"75117";"2";"1";"1";"2";"AVENUE DE LA GRANDE ARMEE";"48,8769510000";"2,2850510000"
"202100016675";"26";"09";"2021";"18:00";"1";"75";"75107";"2";"3";"8";"7";"AVENUE DE LA MOTTE PICQUET";"48,8553517013";"2,3071362635"
"202100016676";"26";"09";"2021";"15:00";"1";"75";"75115";"2";"3";"3";"6";"RUE LINOIS";"48,8485290000";"2,2828870000"
"202100016677";"26";"09";"2021";"10:00";"1";"75";"75114";"2";"5";"1";"6";"RUE DES PLANTES";"48,8298849231";"2,3231232922"
"202100016678";"25";"09";"2021";"19:35";"2";"75";"75114";"2";"2";"2";"5";"AVENUE DU GENERAL LECLERC";"48,8300720000";"2,3288060000"
"202100016679";"26";"09";"2021";"04:20";"5";"75";"75119";"2";"7";"1";"6";"BOULEVARD DE LA VILLETTE";"48,8784387356";"2,3704496026"
"202100016680";"26";"09";"2021";"15:15";"1";"75";"75109";"2";"3";"2";"3";"RUE DE CLICHY";"48,8796830000";"2,3292230000"
"202100016681";"26";"09";"2021";"15:35";"1";"75";"75104";"2";"2";"3";"6";"RUE DE LA CITE";"48,8556670000";"2,3483580000"
"202100016682";"26";"09";"2021";"14:50";"1";"94";"94015";"2";"1";"1";"6";"Boulevard du General Gallieni";"48,8415160000";"2,5224530000"
"202100016683";"30";"09";"2021";"21:30";"5";"92";"92050";"2";"1";"1";"4";"CLEMENCEAU GEORGES AVENUE NÂ°IMPAIR";"48,8866045667";"2,2072327137"
"202100016684";"26";"09";"2021";"17:40";"1";"92";"92040";"2";"1";"1";"3";"STALINGRAD (QUAI DE)";"48,8227927499";"2,2535046449"
"202100016685";"21";"09";"2021";"10:40";"1";"92";"92035";"2";"1";"1";"7";"GÃ©nÃ©ral de Gaulle  ( avenue du )";"48,9099550460";"2,2549974918"
"202100016686";"26";"09";"2021";"15:20";"1";"92";"92060";"2";"1";"3";"4";"CHARLES DE GAULLE (AVENUE) RD75 NÂ°1 A 35";"48,7781925536";"2,2595215260"
"202100016687";"26";"09";"2021";"10:57";"1";"92";"92023";"2";"2";"1";"6";"FLEURY (RUE DE)";"48,8140019357";"2,2673222423"
"202100016688";"27";"09";"2021";"07:10";"1";"976";"97610";"1";"1";"1";"3";"Pointe Koungou";" -12,7386420000";"45,2112620000"
"202100016689";"27";"09";"2021";"11:55";"1";"35";"35120";"2";"6";"1";"1";"avenue de beauvais";"48,2186400000";" -1,7909220000"
"202100016690";"14";"09";"2021";"13:04";"1";"01";"01004";"2";"1";"1";"6";"Avenue de Verdun";"45,9597030000";"5,3488340000"
"202100016691";"25";"09";"2021";"19:15";"1";"43";"43074";"1";"3";"1";"7";"intersection RN 2102 ET RD14";"45,3373810000";"3,3629750000"
"202100016692";"25";"09";"2021";"01:15";"3";"40";"40296";"1";"1";"1";"6";"Avenue des Lacs";"43,7081290000";" -1,4225360000"
"202100016693";"23";"09";"2021";"12:20";"1";"31";"31035";"2";"1";"1";"1";"D813";"43,5306830000";"1,4875000000"
"202100016694";"23";"09";"2021";"14:20";"1";"21";"21599";"1";"1";"1";"5";"A31";"47,6074070000";"5,1936150000"
"202100016695";"26";"09";"2021";"20:35";"3";"22";"22185";"1";"9";"1";"2";"RN.12";"48,3753660000";" -2,3581820000"
"202100016696";"26";"09";"2021";"13:55";"1";"26";"26010";"1";"4";"1";"1";"Route d Epinouze";"45,2867680000";"4,9100300000"
"202100016697";"25";"09";"2021";"16:19";"1";"68";"68315";"1";"1";"1";"7";"D431";"47,8730890000";"7,1285420000"
"202100016698";"24";"09";"2021";"10:45";"1";"44";"44194";"1";"9";"1";"6";"RN 165 - PK 011+450";"47,2565420000";" -1,6878360000"
"202100016699";"24";"09";"2021";"18:00";"1";"47";"47165";"1";"1";"1";"7";"D116";"44,5242860000";"0,0213610000"
"202100016700";"20";"09";"2021";"15:15";"1";"30";"30356";"1";"6";"1";"3";"Mas de Peyre";"43,8250610000";"4,4196150000"
"202100016701";"21";"09";"2021";"15:50";"1";"57";"57465";"1";"2";"1";"5";"D918";"49,3171640000";"6,2934920000"
"202100016702";"27";"09";"2021";"15:40";"1";"51";"51507";"2";"1";"1";"7";"Rue Chanzy";"49,0908610000";"4,8934860000"
"202100016703";"26";"09";"2021";"21:45";"3";"76";"76141";"1";"1";"1";"4";"D910";"49,6356200000";"0,3850790000"
"202100016704";"25";"09";"2021";"15:20";"1";"76";"76636";"1";"1";"1";"4";"D43";"49,4959500000";"0,9071870000"
"202100016705";"27";"09";"2021";"09:20";"1";"79";"79351";"1";"2";"8";"3";"Route de Faye";"46,4161930000";" -0,5349560000"
"202100016706";"25";"08";"2021";"12:00";"1";"2B";"2B096";"2";"1";"1";"2";"22 Avenue President Pierucci";"42,3038580000";"9,1512040000"
"202100016707";"27";"09";"2021";"13:20";"1";"80";"80574";"1";"3";"2";"3";"D1001";"50,0468330000";"2,0512940000"
"202100016708";"24";"09";"2021";"05:30";"5";"81";"81289";"2";"6";"1";"2";"Avenue de Castres";"43,5561767926";"2,1168026730"
"202100016709";"27";"09";"2021";"08:30";"2";"71";"71263";"2";"3";"1";"5";"86 Rue de Beaufort";"46,6239962887";"5,2421968376"
"202100016710";"26";"09";"2021";"10:50";"1";"71";"71282";"1";"1";"1";"6";"route de st sernin D61";"46,8314550000";"4,3745110000"
"202100016711";"27";"09";"2021";"13:40";"1";"61";"61456";"1";"4";"1";"3";"Les Parcs Tuboeuf";"48,7936960000";"0,6333810000"
"202100016712";"24";"09";"2021";"21:10";"3";"49";"49237";"1";"1";"1";"6";"les petits chenes cd62";"47,4612250000";"0,1194120000"
"202100016713";"14";"08";"2021";"20:30";"1";"49";"49283";"1";"1";"1";"6";"D 961";"47,4049070000";" -0,7497200000"
"202100016714";"27";"09";"2021";"09:25";"1";"47";"47168";"2";"1";"1";"6";"Avenue Marcel Cerdan";"44,5935810000";"0,3636030000"
"202100016715";"13";"09";"2021";"08:30";"1";"35";"35069";"2";"1";"1";"6";"18 Rue du PrieurÃ©";"48,0465120000";" -1,5015220000"
"202100016716";"26";"09";"2021";"07:08";"5";"35";"35297";"2";"4";"2";"1";"rue louison Bobet";"48,1848295310";" -2,1859121324"
"202100016717";"27";"09";"2021";"10:50";"1";"29";"29274";"2";"1";"1";"1";"D4 - Rue Henri Cario";"48,0186640000";" -3,7206750000"
"202100016718";"25";"09";"2021";"14:35";"1";"15";"15151";"1";"1";"1";"6";"N122";"45,1925890000";"3,0827680000"
"202100016719";"26";"09";"2021";"19:45";"2";"26";"26166";"1";"1";"1";"1";"2105 Route du Pouzin";"44,7554500000";"4,7871420000"
"202100016720";"25";"09";"2021";"17:20";"1";"58";"58224";"1";"1";"1";"7";"Le Poteau";"47,3137770000";"3,6683290000"
"202100016721";"26";"09";"2021";"16:40";"1";"66";"66209";"1";"1";"1";"7";"Route Nationale 116";"42,5263450000";"2,2370160000"
"202100016722";"27";"09";"2021";"12:30";"1";"50";"50142";"1";"4";"1";"3";"D 116";"49,6967420000";" -1,3889710000"
"202100016723";"27";"09";"2021";"07:10";"3";"09";"09103";"1";"1";"1";"3";"D919";"43,0275840000";"1,5752080000"
"202100016724";"26";"08";"2021";"09:28";"1";"60";"60392";"1";"1";"8";"6";"D1032";"49,4829971053";"2,8618483542"
"202100016725";"25";"09";"2021";"11:15";"1";"07";"07130";"1";"1";"1";"1";"N102";"44,7240250000";"4,0049670000"
"202100016726";"26";"09";"2021";"19:05";"1";"53";"53218";"1";"1";"1";"1";"D552";"48,2040900000";" -0,3772150000"
"202100016727";"26";"09";"2021";"17:30";"1";"88";"88247";"2";"2";"1";"2";"Rue de Lorraine";"48,2747430000";"6,3956040000"
"202100016728";"24";"08";"2021";"18:30";"1";"10";"10095";"1";"1";"1";"2";"Autoroute A26 Calais Troyes";"48,5673390000";"4,1919750000"
"202100016729";"19";"09";"2021";"11:50";"1";"35";"35131";"1";"2";"1";"3";"RD 125";"48,1305680000";" -1,8171990000"
"202100016730";"27";"09";"2021";"16:11";"1";"69";"69244";"2";"4";"1";"6";"LIEUTENANT AUDRAS (R)";"45,7608130000";"4,7579330000"
"202100016731";"26";"09";"2021";"15:10";"1";"06";"06152";"1";"2";"8";"3";"D103";"43,6080960000";"7,0548960000"
"202100016732";"27";"09";"2021";"05:15";"3";"79";"79276";"1";"1";"9";"5";"Autoroute A10";"46,3929590000";" -0,1905400000"
"202100016733";"26";"09";"2021";"22:30";"3";"17";"17354";"1";"1";"1";"4";"A10";"45,6159620000";" -0,6051920000"
"202100016734";"13";"09";"2021";"13:20";"1";"84";"84019";"1";"9";"1";"7";"Autoroute A7 sens bretelle de BollÃ¨ne1";"44,2974460000";"4,7461850000"
"202100016735";"26";"09";"2021";"21:00";"5";"973";"97311";"2";"6";"1";"7";"Stade Municipal Long RenÃ©";"5,5003440000";" -54,0282240000"
"202100016736";"22";"09";"2021";"11:20";"1";"971";"97119";"1";"1";"1";"4";"Boulevard de DÃ©mÃ©rÃ©e";"16,3808440000";" -61,4558970000"
"202100016737";"24";"09";"2021";"21:25";"3";"77";"77104";"1";"1";"1";"7";"N4";"48,7202020000";"2,8436350000"
"202100016738";"26";"09";"2021";"16:05";"1";"95";"95002";"2";"1";"2";"1";"Rue Louis Pasteur";"49,0938430000";"1,9769540000"
"202100016739";"24";"09";"2021";"16:40";"1";"78";"78683";"2";"1";"1";"6";"6 Route de Saint-Germain";"48,8097460000";"1,8829590000"
"202100016740";"27";"09";"2021";"08:30";"2";"21";"21606";"1";"1";"1";"6";"D974";"47,0806120000";"4,8910630000"
"202100016741";"25";"09";"2021";"09:56";"1";"21";"21038";"2";"1";"1";"7";"80 Rue de la Petite Plaine";"47,1884330000";"5,4141140000"
"202100016742";"21";"09";"2021";"23:50";"3";"67";"67348";"1";"1";"1";"6";"RD 426";"48,4539190000";"7,4744260000"
"202100016743";"27";"09";"2021";"17:35";"1";"42";"42155";"1";"2";"8";"1";"Route de Saint Germain Laval";"45,8064570000";"4,1405150000"
"202100016744";"27";"09";"2021";"10:00";"1";"42";"42147";"2";"1";"1";"6";"Avenue de Pleuvey";"45,6059088327";"4,0773921442"
"202100016745";"24";"08";"2021";"19:10";"1";"38";"38298";"2";"2";"1";"3";"Avenue Jacques PrÃ©vert";"45,3712590000";"4,8011650000"
"202100016746";"25";"09";"2021";"16:45";"1";"26";"26085";"1";"1";"2";"7";"Route des iles";"44,5231770000";"4,7155170000"
"202100016747";"27";"09";"2021";"09:20";"1";"26";"26064";"1";"6";"1";"3";"Rond point de la FusÃ©e";"44,9030600000";"5,0086930000"
"202100016748";"26";"09";"2021";"16:50";"1";"69";"69197";"2";"1";"1";"6";"CRISTALE (DE LA) (R)";"46,0644100000";"4,6468600000"
"202100016749";"27";"09";"2021";"14:00";"1";"17";"17219";"1";"9";"1";"7";"Avenue AndrÃ© DULIN";"45,8180330000";" -1,1315270000"
"202100016750";"23";"09";"2021";"19:46";"2";"44";"44073";"1";"2";"1";"1";"Sainte Anne";"47,4274410000";" -1,6022660000"
"202100016751";"24";"09";"2021";"12:00";"1";"22";"22225";"1";"3";"1";"1";"Rue Jean jaurÃ¨s";"48,5320160000";" -3,1144920000"
"202100016752";"26";"09";"2021";"12:45";"1";"13";"13202";"1";"1";"8";"5";"A557-Liaison A7 Marseille-A55 Marseille";"43,3167141725";"5,3640602711"
"202100016753";"26";"09";"2021";"04:15";"5";"13";"13055";"1";"1";"2";"1";"A507 sens Aubagne- Marseille";"43,3261000000";"5,4211800000"
"202100016754";"25";"09";"2021";"05:40";"3";"13";"13211";"1";"1";"1";"2";"A50-Sens Aubagne vers Marseille";"43,2925000000";"5,4548000000"
"202100016755";"25";"09";"2021";"04:15";"5";"13";"13055";"1";"9";"1";"7";"A507 sens Marseille - Aubagne";"43,2857000000";"5,4272700000"
"202100016756";"24";"09";"2021";"18:15";"1";"13";"13106";"1";"1";"1";"2";"A51-Sens Marseille vers Aix en Provence";"43,4094620000";"5,3638320000"
"202100016757";"20";"09";"2021";"08:27";"1";"13";"13055";"1";"1";"1";"4";"A507 sens Marseille - Aubagne";"43,3321600000";"5,3863400000"
"202100016758";"26";"09";"2021";"22:10";"3";"69";"69279";"1";"1";"1";"2";"RD302   5.000 A 6.350";"45,7684000000";"5,0385600000"
"202100016759";"26";"09";"2021";"20:15";"3";"94";"94038";"1";"1";"8";"5";"AUTOROUTE A6B";"48,7752600000";"2,3463500000"
"202100016760";"26";"09";"2021";"17:42";"1";"91";"91689";"1";"1";"8";"2";"AUTOROUTE A6";"48,7278000000";"2,3141000000"
"202100016761";"26";"09";"2021";"14:05";"1";"91";"91228";"1";"1";"2";"4";"AUTOROUTE A6";"48,6155890000";"2,4297780000"
"202100016762";"26";"09";"2021";"02:09";"5";"92";"92051";"1";"1";"1";"3";"RN13";"48,8860757655";"2,2566510737"
"202100016763";"25";"09";"2021";"23:55";"3";"78";"78206";"1";"1";"1";"3";"A13";"48,9511600000";"1,9428800000"
"202100016764";"26";"09";"2021";"19:50";"1";"93";"93005";"1";"1";"1";"2";"AUTOROUTE A3";"48,9559320120";"2,4732244334"
"202100016765";"26";"09";"2021";"16:15";"1";"95";"95582";"1";"1";"1";"5";" A15";"48,9640694995";"2,2628438307"
"202100016766";"26";"09";"2021";"02:10";"3";"95";"95277";"1";"1";"1";"2";"RD 170 ";"48,9759100000";"2,4822400000"
"202100016767";"24";"09";"2021";"15:20";"1";"93";"93005";"1";"1";"1";"3";"AUTOROUTE A3";"48,9569851718";"2,4731607511"
"202100016768";"25";"09";"2021";"23:30";"3";"94";"94017";"1";"1";"1";"4";"A4";"48,8296000000";"2,4822000000"
"202100016769";"25";"09";"2021";"16:45";"1";"94";"94046";"1";"1";"1";"2";"A86 INT";"48,8036400000";"2,4480700000"
"202100016770";"24";"07";"2021";"00:15";"5";"74";"74010";"2";"1";"1";"4";"CRET DU MAURE (AVENUE DU)";"45,8954100000";"6,1260000000"
"202100016771";"29";"05";"2021";"16:40";"1";"94";"94017";"2";"1";"1";"3";"Avenue Roger Salengro";"48,8199200000";"2,4830900000"
"202100016772";"24";"09";"2021";"07:10";"1";"976";"97611";"2";"9";"1";"2";"mamoudzou centre-Haladi Selemani ( rue )";" -12,7842100000";"45,2294100000"
"202100016773";"23";"09";"2021";"15:20";"1";"974";"97416";"1";"1";"1";"2";"RN02";" -21,3340000000";"55,4844000000"
"202100016774";"23";"09";"2021";"08:20";"1";"974";"97411";"2";"6";"1";"3";"JAURES (BOULEVARD JEAN)";" -20,9024400000";"55,5034300000"
"202100016775";"22";"09";"2021";"13:25";"1";"974";"97411";"1";"1";"1";"3";"VIGIE (CHEMIN DE LA)";" -20,8847800000";"55,4339100000"
"202100016776";"22";"09";"2021";"07:00";"1";"974";"97411";"1";"1";"1";"1";"GOLF (ALLEE DU)";" -20,8769190000";"55,4217950000"
"202100016777";"25";"09";"2021";"05:45";"2";"973";"97302";"1";"1";"1";"3";"ROUTE NATIONALE 3";"4,9025000000";" -52,3137000000"
"202100016778";"24";"09";"2021";"23:20";"5";"973";"97302";"2";"1";"1";"7";"EUGENE GOBERT(RUE)";"4,9321300000";" -52,3305500000"
"202100016779";"24";"09";"2021";"17:30";"1";"973";"97302";"2";"3";"1";"3";"MONTABO (ROUTE DE) 2";"4,9338800000";" -52,2909000000"
"202100016780";"24";"09";"2021";"21:00";"1";"973";"97309";"1";"3";"1";"3";"TIGRE (ROUTE DU)";"4,9058000000";" -52,3048100000"
"202100016781";"23";"09";"2021";"16:51";"1";"973";"97302";"2";"1";"1";"5";"TIGRE (ROUTE DU)";"4,9187431546";" -52,3160283566"
"202100016782";"25";"09";"2021";"22:30";"5";"69";"69388";"2";"1";"1";"1";"EPARGNE (DE L') (R)";"45,7419200000";"4,8598600000"
"202100016783";"25";"09";"2021";"17:18";"1";"69";"69383";"2";"1";"1";"2";"FELIX FAURE (AV)";"45,7528600000";"4,8524000000"
"202100016784";"25";"09";"2021";"08:30";"1";"69";"69259";"2";"9";"1";"6";"VIVIANI (AV)";"45,7230257646";"4,8761460185"
"202100016785";"23";"09";"2021";"12:00";"1";"69";"69388";"2";"2";"1";"6";"MARIUS BERLIET (R)";"45,7459892505";"4,8592953857"
"202100016786";"24";"09";"2021";"17:30";"1";"69";"69259";"2";"1";"1";"6";"VIENNE (DE) (RTE)";"45,7233927781";"4,8541358113"
"202100016787";"23";"09";"2021";"20:30";"4";"69";"69383";"2";"2";"9";"3";"BONNAND (R)";"45,7540400000";"4,8856400000"
"202100016788";"25";"09";"2021";"04:05";"4";"972";"97213";"1";"1";"1";"6";"ROUTE DEPARTEMENTALE 15";"14,6432300000";" -61,0106800000"