"Num_Acc";"jour";"mois";"an";"hrmn";"lum";"dep";"com";"agg";"int";"atm";"col";"adr";"lat";"long"
"202100016789";"24";"09";"2021";"13:19";"1";"972";"97213";"1";"1";"1";"3";"ROUTE DEPARTEMENTALE 3";"14,6288900000";" -60,9887700000"
"202100016790";"24";"09";"2021";"08:50";"1";"972";"97213";"1";"1";"1";"2";"ROUTE NATIONALE 1";"14,6177900000";" -61,0073700000"
"202100016791";"23";"09";"2021";"08:30";"1";"972";"97209";"1";"1";"1";"6";"SALVADOR ALLENDE (AVENUE)";"14,6104100000";" -61,0476400000"
"202100016792";"23";"09";"2021";"07:40";"1";"972";"97209";"1";"1";"1";"2";"CLUNY (ROUTE DE)";"14,6142700000";" -61,0816900000"
"202100016793";"24";"09";"2021";"20:00";"5";"69";"69381";"2";"1";"1";"3";"SAINT VINCENT (Q)";"45,7682200000";"4,8221800000"
"202100016794";"23";"09";"2021";"11:50";"1";"69";"69286";"2";"9";"1";"6";"EUROPE (DE L')                      (AV)";"45,8181400000";"4,9036200000"
"202100016795";"23";"09";"2021";"13:38";"1";"69";"69382";"2";"3";"1";"2";"GRENETTE (R)";"45,7634100000";"4,8351900000"
"202100016796";"23";"09";"2021";"08:00";"1";"69";"69034";"2";"1";"1";"6";"CALUIRE (DE) (TU)";"45,7882500000";"4,8565700000"
"202100016797";"22";"09";"2021";"11:50";"1";"69";"69384";"2";"1";"1";"2";"JACQUES-LOUIS HENON (R)";"45,7796000000";"4,8205300000"
"202100016798";"25";"09";"2021";"18:00";"1";"2B";"2B033";"2";"1";"1";"2";"ROUTE ROYALE";"42,6788600000";"9,4304800000"
"202100016799";"25";"09";"2021";"01:40";"5";"2B";"2B033";"2";"2";"1";"3";"PAOLI DU NR 21 AU 45 -BLD";"42,6995500000";"9,4497900000"
"202100016800";"23";"09";"2021";"20:04";"3";"2B";"2B033";"1";"1";"1";"1";"ST FLORENT-ANCIENNE RT DE";"42,6809300000";"9,4166000000"
"202100016801";"22";"09";"2021";"07:50";"2";"2B";"2B037";"2";"1";"1";"3";"TOUTES RUES";"42,6112087913";"9,4376448192"
"202100016802";"3";"09";"2021";"20:35";"5";"971";"97101";"1";"9";"1";"6";"PETIT PEROU";"16,2531362408";" -61,5143389595"
"202100016803";"18";"09";"2021";"01:17";"3";"971";"97101";"2";"1";"1";"6";"N5-BOISRIPEAUX";"16,2635200000";" -61,5131000000"
"202100016804";"12";"08";"2021";"18:15";"1";"971";"97101";"1";"9";"1";"6";"CARAQUE";"16,2598300000";" -61,4970200000"
"202100016805";"21";"09";"2021";"12:05";"1";"971";"97101";"1";"3";"1";"6";"CHAUVEL";"16,2384500000";" -61,5283500000"
"202100016806";"23";"09";"2021";"16:20";"1";"95";"95277";"2";"1";"1";"7";"Avenue Alexandre Gassien";"49,0002560000";"2,4275100000"
"202100016807";"23";"09";"2021";"18:35";"2";"95";"95427";"2";"1";"1";"6";"VILLETANEUSE (RUE DE)";"48,9723300000";"2,3482600000"
"202100016808";"23";"09";"2021";"09:00";"1";"95";"95288";"2";"6";"7";"6";"STATION (RUE DE LA)";"48,9841068532";"2,3518153959"
"202100016809";"22";"09";"2021";"10:35";"1";"95";"95598";"2";"2";"1";"3";"GAVIGNOT (AVENUE)";"48,9766444469";"2,3009222746"
"202100016810";"25";"09";"2021";"16:30";"1";"91";"91339";"1";"1";"1";"3";"AV GEORGES BOILLOT";"48,6224460000";"2,2476100000"
"202100016811";"25";"09";"2021";"13:10";"1";"91";"91103";"2";"1";"1";"2";"PL DU CENTRE ESSONNE";"48,6114800000";"2,3060400000"
"202100016812";"24";"09";"2021";"17:25";"1";"91";"91216";"1";"1";"1";"3";"BALLAINVILLIERS (RUE)";"48,6717800000";"2,3041300000"
"202100016813";"24";"09";"2021";"12:45";"1";"91";"91549";"2";"1";"1";"3";"MARE AU CHANVRE (RUE DE LA)";"48,6240700000";"2,3412400000"
"202100016814";"23";"09";"2021";"16:47";"1";"91";"91347";"2";"3";"1";"3";"RTE DE MONTLHERY";"48,6352400000";"2,2856700000"
"202100016815";"22";"09";"2021";"18:00";"1";"91";"91377";"2";"1";"1";"3";"AV DU PDT SALVADOR ALLENDE";"48,7300450000";"2,2586910000"
"202100016816";"23";"09";"2021";"11:20";"1";"91";"91377";"2";"1";"7";"6";"IMP DE L'AULNAYE DRACOURT";"48,7333000000";"2,2833300000"
"202100016817";"25";"09";"2021";"05:55";"3";"91";"91421";"2";"3";"1";"3";"JEAN JAURES (AVENUE)";"48,7132100000";"2,4489200000"
"202100016818";"24";"09";"2021";"19:40";"2";"91";"91191";"2";"1";"1";"6";"FranÃ§ois Mitterrand (Avenue)";"48,7228960000";"2,4654770000"
"202100016819";"24";"09";"2021";"19:00";"1";"91";"91691";"2";"1";"1";"6";"CHEVALIER DE LA BARRE(RUE)";"48,6943600000";"2,4852600000"
"202100016820";"24";"09";"2021";"17:45";"1";"91";"91691";"2";"2";"1";"3";"PASTEUR(RUE)";"48,6940300000";"2,4853300000"
"202100016821";"24";"09";"2021";"18:00";"1";"91";"91434";"2";"1";"1";"6";"JEAN RAYNAL (RUE)";"48,6609890000";"2,3451270000"
"202100016822";"18";"09";"2021";"11:20";"1";"91";"91228";"2";"1";"1";"6";"AVENUE  DE LA GARENNE";"48,6213120000";"2,4032570000"
"202100016823";"28";"07";"2021";"17:20";"1";"91";"91228";"2";"1";"1";"3";"RUE DU BOIS SAUVAGE";"48,6410800000";"2,4214100000"
"202100016824";"4";"09";"2021";"15:10";"1";"91";"91174";"2";"1";"1";"6";"RUE FERAY";"48,6051300000";"2,4700600000"
"202100016825";"25";"09";"2021";"17:35";"1";"91";"91223";"2";"1";"1";"5";"MAI 1945 (AVENUE DU 8)";"48,4401700000";"2,1557300000"
"202100016826";"24";"09";"2021";"13:29";"1";"91";"91223";"1";"9";"1";"7";"R.D.20";"48,4196043355";"2,1329551935"
"202100016827";"23";"09";"2021";"08:54";"1";"87";"87085";"2";"6";"1";"7";"BRIAND (RUE ARISTIDE)";"45,8546300000";"1,2838600000"
"202100016828";"20";"09";"2021";"09:24";"1";"87";"87085";"2";"1";"1";"6";"MAUROIS (ALLEE ANDRE)";"45,8354500000";"1,2304600000"
"202100016829";"25";"09";"2021";"08:45";"1";"85";"85191";"1";"1";"1";"1";"LIEU DIT LA COUTANCIERE";"46,7054400000";" -1,4251400000"
"202100016830";"25";"09";"2021";"11:45";"1";"83";"83137";"2";"1";"1";"3";"BRIAND (AVE ARISTIDE DE 1221 A FIN";"43,1228714464";"5,8952647448"
"202100016831";"24";"09";"2021";"10:20";"1";"83";"83062";"2";"1";"1";"6";"8 MAI 1945 (AVENUE DU)";"43,1233200000";"6,0046500000"
"202100016832";"24";"09";"2021";"08:45";"1";"83";"83062";"2";"1";"1";"6";"JAURES (AVENUE JEAN)";"43,1218940000";"6,0101330000"
"202100016833";"23";"09";"2021";"19:40";"2";"83";"83137";"2";"1";"1";"6";"FOCH (AVE DU MARECHAL)";"43,1268400000";"5,9227100000"
"202100016834";"23";"09";"2021";"14:00";"1";"83";"83137";"2";"3";"1";"3";"CUZIN (AVE FRANCOIS)";"43,1219280000";"5,9428420000"
"202100016835";"23";"09";"2021";"08:40";"1";"83";"83090";"2";"1";"1";"6";"NATIONALE (RUE)";"43,1388300000";"5,8485900000"
"202100016836";"22";"09";"2021";"17:15";"1";"83";"83144";"1";"1";"1";"3";"BLANC (BD DR EUGENE)";"43,1376600000";"5,9941700000"
"202100016837";"11";"09";"2021";"18:00";"1";"83";"83126";"2";"1";"1";"3";"EUROPE (BD DE L')";"43,1120700000";"5,8592600000"
"202100016838";"21";"09";"2021";"18:20";"2";"83";"83009";"2";"1";"7";"6";"DE GAULLE (QUAI CHARLES)";"43,1362900000";"5,7573000000"
"202100016839";"24";"09";"2021";"09:15";"1";"83";"83069";"2";"1";"1";"6";"BROSSET (AVENUE 1ERE DIVISION)";"43,1210431430";"6,1381201469"
"202100016840";"24";"09";"2021";"14:30";"1";"83";"83061";"2";"1";"1";"6";"AVENUE DE PROVENCE";"43,4275420000";"6,7459570000"
"202100016841";"24";"09";"2021";"20:40";"5";"81";"81257";"2";"1";"1";"6";"JAURES ( AVENUE JEAN )";"43,9442300000";"2,1973100000"
"202100016842";"23";"09";"2021";"09:00";"1";"78";"78358";"2";"1";"1";"6";"LONGUEIL (AVENUE DE)";"48,9468500000";"2,1463200000"
"202100016843";"25";"09";"2021";"17:00";"1";"77";"77449";"2";"6";"1";"1";"RUE EMILE CLOUD";"48,8431160000";"2,7890440000"
"202100016844";"25";"09";"2021";"17:37";"1";"77";"77155";"2";"1";"1";"6";"REPUBLIQUE (RUE DE  LA)";"48,8874800000";"2,7345670000"
"202100016845";"25";"09";"2021";"06:35";"3";"77";"77431";"1";"1";"1";"6";"RUE DES ROCHERS GREAU";"48,2595740000";"2,6780760000"
"202100016846";"24";"09";"2021";"18:30";"2";"76";"76212";"2";"1";"1";"2";"LEFEBVRE. RUE PIERRE";"49,4403000000";"1,1478100000"
"202100016847";"23";"09";"2021";"16:25";"1";"76";"76319";"2";"3";"1";"6";"Boulevard Maritime";"49,3658900000";"1,0001900000"
"202100016848";"23";"09";"2021";"13:40";"1";"76";"76561";"2";"6";"1";"3";"FOCH. RUE DU MARECHAL";"49,3013700000";"1,0230300000"
"202100016849";"22";"09";"2021";"17:30";"1";"76";"76351";"2";"6";"1";"7";"SEIZIEME PORT (AVENUE DU)";"49,4833700000";"0,1649900000"
"202100016850";"24";"09";"2021";"13:45";"1";"73";"73065";"2";"1";"1";"2";"D991 ROPS DANIEL (AVENUE)";"45,5967400000";"5,9169200000"
"202100016851";"25";"09";"2021";"16:00";"1";"72";"72181";"2";"1";"1";"6";"LETOUZE (RUE DE)";"47,9872400000";"0,2081600000"
"202100016852";"24";"09";"2021";"22:50";"5";"72";"72003";"2";"1";"1";"3";"CHAMP DU VERGER (RUE DU)";"47,9449743792";"0,1588261125"
"202100016853";"24";"09";"2021";"17:55";"1";"72";"72181";"1";"1";"1";"6";"SABLE (RTE DE )";"47,9860162610";"0,1638772312"
"202100016854";"23";"09";"2021";"16:40";"1";"71";"71486";"2";"3";"1";"3";"ANATOLE FRANCE (RUE)";"46,6635060776";"4,3760370179"
"202100016855";"23";"09";"2021";"11:20";"1";"71";"71153";"2";"2";"1";"7";"PRESIDENT WILSON (RUE DU)";"46,7975700000";"4,4333900000"
"202100016856";"24";"09";"2021";"16:20";"1";"71";"71445";"1";"1";"7";"4";"BOURGOGNE (PONT DE )";"46,7841052228";"4,8704941744"
"202100016857";"22";"09";"2021";"07:55";"1";"71";"71076";"2";"1";"7";"6";"CHURCHILL (RUE WINSTON)";"46,7967935888";"4,8656958909"
"202100016858";"25";"09";"2021";"20:00";"5";"69";"69275";"2";"6";"1";"6";"N346";"45,7699000000";"4,9843700000"
"202100016859";"23";"09";"2021";"16:00";"1";"69";"69266";"2";"2";"1";"2";"ANDRE PHILIP (CR)";"45,7728000000";"4,8610200000"
"202100016860";"24";"09";"2021";"12:05";"1";"69";"69256";"2";"1";"1";"3";"BOLHEN (DE) (AV)";"45,7653900000";"4,9240600000"
"202100016861";"23";"09";"2021";"19:20";"2";"69";"69282";"2";"6";"1";"6";"REPUBLIQUE (DE LA) (R)";"45,7684200000";"4,9911700000"
"202100016862";"23";"09";"2021";"13:05";"1";"69";"69029";"2";"1";"1";"3";"GENAS (DE) (RTE)";"45,7510800000";"4,9071400000"
"202100016863";"23";"09";"2021";"10:00";"1";"69";"69256";"2";"3";"1";"3";"LOUIS SAILLANT (R)";"45,7763718814";"4,9399241858"
"202100016864";"1";"09";"2021";"18:37";"1";"68";"68066";"2";"3";"7";"3";"ROUFFACH (ROUTE DE)";"48,0669700000";"7,3431100000"
"202100016865";"13";"09";"2021";"14:15";"1";"68";"68066";"2";"9";"1";"6";"PREISS (RUE JACQUES)";"48,0766600000";"7,3495400000"
"202100016866";"23";"09";"2021";"16:50";"1";"67";"67482";"2";"3";"1";"3";"PRESIDENT POINCARE (BOULEVARD DU)";"48,5898600000";"7,7423700000"
"202100016867";"23";"09";"2021";"08:30";"1";"67";"67482";"2";"1";"7";"6";"LOUIS PASTEUR (PONT)";"48,5748400000";"7,7359800000"
"202100016868";"23";"09";"2021";"04:55";"5";"67";"67482";"2";"1";"1";"6";"EUROPE (PONT DE L )";"48,5732000000";"7,7997440000"
"202100016869";"21";"09";"2021";"15:30";"1";"67";"67482";"2";"3";"1";"3";"BOUSSINGAULT (RUE)";"48,5906190000";"7,7820280000"
"202100016870";"21";"09";"2021";"15:53";"1";"67";"67482";"2";"1";"1";"6";"GENERAL OFFENSTEIN (RUE DU)";"48,5555370000";"7,7526580000"
"202100016871";"24";"09";"2021";"06:35";"3";"66";"66136";"1";"1";"1";"1";"BLANC AVENUE ROSETTE";"42,7003500000";"2,9207700000"
"202100016872";"23";"09";"2021";"15:26";"1";"66";"66136";"2";"1";"1";"3";"PALAIS-DES-EXPO (AVENUE DU)";"42,7078000000";"2,9023400000"
"202100016873";"23";"09";"2021";"11:05";"1";"66";"66136";"1";"1";"1";"3";"R D 900";"42,6592200000";"2,8829700000"
"202100016874";"22";"09";"2021";"18:58";"1";"66";"66136";"2";"3";"1";"6";"MASSOT (PAUL)";"42,6949200000";"2,8845000000"
"202100016875";"24";"09";"2021";"16:50";"1";"65";"65440";"2";"3";"1";"6";"MAGNOAC (RUE GEORGES)";"43,2338520000";"0,0776550000"
"202100016876";"23";"09";"2021";"11:25";"1";"65";"65440";"2";"1";"1";"3";"FOCH (RUE DU MARECHAL)";"43,2319410000";"0,0803480000"
"202100016877";"24";"09";"2021";"09:10";"1";"64";"64260";"2";"1";"1";"6";"HAPETENIA (RUE DE)";"43,3520500000";" -1,7703010000"
"202100016878";"24";"09";"2021";"11:30";"1";"64";"64445";"2";"1";"1";"3";"ALSACE LORRAINE D'";"43,3045700000";" -0,3679400000"
"202100016879";"24";"09";"2021";"11:15";"1";"64";"64445";"2";"1";"1";"2";"MONNAIE";"43,2940000000";" -0,3760000000"
"202100016880";"22";"09";"2021";"17:25";"1";"64";"64122";"1";"1";"1";"3";"MARCEL DASSAULT (BD)";"43,4606000000";" -1,5470900000"
"202100016881";"25";"09";"2021";"15:50";"1";"64";"64102";"2";"1";"1";"2";"AVRIL (AVENUE DU 14)";"43,5025500000";" -1,4565100000"
"202100016882";"25";"09";"2021";"12:15";"1";"64";"64102";"2";"3";"1";"3";"SAINT BERNARD (CHEMIN DE)";"43,5014800000";" -1,4823600000"
"202100016883";"24";"09";"2021";"20:40";"5";"64";"64024";"2";"1";"1";"7";"SALIS (RUE DE)";"43,4849100000";" -1,5166900000"
"202100016884";"23";"09";"2021";"10:00";"1";"64";"64102";"2";"1";"1";"7";"GRENET (AVENUE HENRI)";"43,5034700000";" -1,4687600000"
"202100016885";"22";"09";"2021";"22:55";"5";"64";"64102";"2";"1";"1";"2";"SOUSBIELLE (RUE RAYMOND)";"43,4841637862";" -1,4775899347"
"202100016886";"22";"09";"2021";"17:40";"1";"62";"62119";"2";"6";"1";"2";"MARRONNIERS ( ROND POINT DES )";"50,5446920000";"2,6363950000"
"202100016887";"23";"09";"2021";"13:55";"1";"61";"61001";"2";"1";"1";"3";"STRASBOURG (BOULEVARD DE)";"48,4355900000";"0,0912100000"
"202100016888";"23";"09";"2021";"14:30";"1";"59";"59350";"2";"1";"1";"3";"DUNKERQUE AVENUE DE";"50,6457800000";"2,9905500000"
"202100016889";"23";"09";"2021";"17:35";"1";"59";"59350";"2";"1";"1";"6";"BELFORT BOULEVARD DE";"50,6203194412";"3,0783399362"
"202100016890";"22";"09";"2021";"06:45";"2";"59";"59654";"2";"6";"1";"3";"TOURNAI (ROUTE DE)";"50,3931991660";"3,1091311437"
"202100016891";"21";"09";"2021";"16:45";"1";"58";"58194";"2";"1";"1";"2";"MARECHAL LECLERC";"46,9994700000";"3,1627400000"
"202100016892";"22";"09";"2021";"16:00";"1";"57";"57672";"2";"1";"1";"6";"BRIQUERIE (ROUTE DE LA)";"49,3636100000";"6,1608600000"
"202100016893";"23";"09";"2021";"17:55";"1";"54";"54578";"2";"1";"1";"6";"MALRAUX (AVENUE ANDRE)";"48,6716900000";"6,1526500000"
"202100016894";"23";"09";"2021";"18:45";"1";"54";"54184";"2";"1";"1";"6";"FOCH (AVENUE)";"48,7049700000";"6,2283100000"
"202100016895";"23";"09";"2021";"08:23";"1";"54";"54578";"2";"1";"7";"2";"MULLER (AVENUE PAUL)";"48,6585400000";"6,1178800000"
"202100016896";"22";"09";"2021";"09:48";"1";"54";"54395";"2";"6";"1";"6";"PINCHARD (AVENUE OMBELLES A LIBE)";"48,7000290466";"6,1427977018"
"202100016897";"21";"09";"2021";"21:25";"3";"53";"53054";"1";"3";"1";"3";"RD 561 VERS LOUVERNE";"48,1033590000";" -0,7574890000"
"202100016898";"24";"09";"2021";"16:46";"1";"51";"51172";"2";"1";"1";"3";"Rue Pierre BÃ©rÃ©govoy";"49,2190900000";"4,0346000000"
"202100016899";"24";"09";"2021";"12:25";"1";"51";"51454";"2";"3";"1";"5";"Boulevard Saint Marceaux";"49,2531300000";"4,0447100000"
"202100016900";"22";"09";"2021";"20:45";"5";"51";"51454";"2";"6";"1";"3";"Rond Point Georges Clignet";"49,2523103718";"4,0629221805"
"202100016901";"23";"09";"2021";"19:00";"1";"50";"50173";"2";"1";"1";"1";"LEDENTU (RUE EUGENE)";"49,6532300000";" -1,6573500000"
"202100016902";"23";"09";"2021";"14:30";"1";"49";"49099";"2";"2";"1";"3";"LATTRE DE TASSIGNY (PONT DE)";"47,0565500000";" -0,8776400000"
"202100016903";"25";"09";"2021";"18:56";"1";"49";"49267";"2";"1";"2";"7";"A87N";"47,4665900000";" -0,5154900000"
"202100016904";"24";"09";"2021";"12:40";"1";"49";"49007";"2";"1";"1";"3";"NOTRE DAME DU LAC AVENUE";"47,4755690000";" -0,5834450000"
"202100016905";"24";"09";"2021";"08:55";"1";"49";"49007";"2";"1";"1";"3";"BEAUREPAIRE";"47,4744300000";" -0,5602400000"
"202100016906";"24";"09";"2021";"08:32";"1";"49";"49267";"2";"1";"1";"1";"PELLERINIERE";"47,4604800000";" -0,4878600000"
"202100016907";"24";"09";"2021";"06:59";"2";"49";"49007";"2";"1";"1";"1";"BOURG LA CROIX PLACE ET RUE";"47,4515500000";" -0,5246850000"
"202100016908";"23";"09";"2021";"17:34";"1";"49";"49246";"2";"6";"1";"2";"GALLIENI AVENUE";"47,4371000000";" -0,5147000000"
"202100016909";"23";"09";"2021";"09:38";"1";"49";"49007";"2";"1";"1";"3";"BICHON PLACE";"47,4786770000";" -0,5649070000"
"202100016910";"22";"09";"2021";"12:38";"1";"49";"49007";"2";"1";"1";"3";"POISSONNERIE";"47,4723678952";" -0,5570687272"
"202100016911";"24";"09";"2021";"17:07";"1";"45";"45285";"2";"1";"1";"2";"CLOS DU MOINE (RUE DU)";"47,9150000000";"1,8691000000"
"202100016912";"24";"09";"2021";"16:55";"1";"45";"45234";"2";"2";"1";"3";"Rue Jeanne dâArc";"47,9014100000";"1,9053900000"
"202100016913";"24";"09";"2021";"08:50";"1";"45";"45308";"2";"3";"1";"3";"ST JEAN DE BRAYE (ROUTE)";"47,9234800000";"1,9565300000"
"202100016914";"23";"09";"2021";"16:45";"1";"45";"45234";"2";"3";"1";"1";"Rue Vieille LevÃ©e";"47,8925000000";"1,8957700000"
"202100016915";"25";"09";"2021";"14:44";"1";"45";"45208";"2";"6";"1";"3";"Place Victor Hugo";"47,9949900000";"2,7324400000"
"202100016916";"25";"09";"2021";"00:25";"5";"45";"45004";"2";"1";"1";"6";"436 Rue des Bleuets";"47,9865300000";"2,7306700000"
"202100016917";"22";"09";"2021";"11:35";"1";"44";"44184";"2";"2";"1";"3";"CARDURAND (RUE DE) DU 82 AU 126 - DU 57";"47,2834500000";" -2,2112600000"
"202100016918";"24";"09";"2021";"17:45";"1";"44";"44109";"2";"1";"1";"3";"SCHUMAN ( BD ROBERT )";"47,2375900000";" -1,5696600000"
"202100016919";"22";"09";"2021";"10:05";"1";"44";"44109";"2";"1";"1";"6";"RUE GAETAN RONDEAU";"47,2051300000";" -1,5375400000"
"202100016920";"24";"09";"2021";"14:00";"1";"42";"42095";"2";"5";"1";"3";"Boulevard Saint Charles";"45,3849216833";"4,2841321908"
"202100016921";"24";"09";"2021";"11:00";"1";"41";"41018";"2";"1";"1";"3";"LAIGRET (AVENUE DU DOCTEUR JEAN)";"47,5859600000";"1,3270500000"
"202100016922";"24";"09";"2021";"00:57";"5";"38";"38185";"2";"1";"1";"2";"Cours Jean JaurÃ¨s";"45,1847300000";"5,7178200000"
"202100016923";"25";"09";"2021";"20:20";"5";"37";"37261";"2";"1";"2";"2";"PONT CHER (AVENUE DE)";"47,3724202574";"0,6781704614"
"202100016924";"25";"09";"2021";"05:13";"5";"37";"37261";"2";"1";"1";"3";"BERANGER (BOULEVARD)";"47,3900145525";"0,6863591530"
"202100016925";"24";"09";"2021";"20:10";"5";"37";"37261";"2";"1";"1";"3";"ALOUETTE (AVENUE)";"47,3625889831";"0,6958617831"
"202100016926";"24";"09";"2021";"19:55";"2";"37";"37261";"2";"1";"1";"6";"DE GAULLE (AVENUE DU GENERAL)";"47,3797681473";"0,6943308640"
"202100016927";"24";"09";"2021";"07:00";"5";"37";"37261";"2";"1";"1";"6";"JAURES (PLACE JEAN)";"47,3900372326";"0,6896029836"
"202100016928";"24";"09";"2021";"01:10";"5";"37";"37261";"2";"7";"1";"6";"CHOISEUL (PLACE)";"47,4017102003";"0,6842836589"
"202100016929";"23";"09";"2021";"17:54";"1";"37";"37261";"2";"2";"1";"6";"HEURTELOUP (BOULEVARD)";"47,3924279751";"0,7003933434"
"202100016930";"22";"09";"2021";"18:20";"1";"37";"37261";"2";"1";"1";"6";"TRANCHEE (AVENUE DE LA)";"47,4080880479";"0,6814726091"
"202100016931";"22";"09";"2021";"14:30";"1";"37";"37261";"2";"3";"1";"6";"DE GAULLE (AVENUE DU GENERAL)";"47,3798071990";"0,6945661518"
"202100016932";"22";"09";"2021";"13:10";"1";"37";"37261";"2";"1";"1";"7";"POMPIDOU (AVENUE GEORGES)";"47,3880300803";"0,7084655408"
"202100016933";"23";"09";"2021";"17:20";"1";"35";"35051";"2";"6";"1";"2";"ALLIES (BOULEVARD DES)";"48,1265400000";" -1,6210700000"
"202100016934";"23";"09";"2021";"16:30";"1";"35";"35238";"2";"1";"1";"2";"VERN (DE)";"48,0858400000";" -1,6440300000"
"202100016935";"24";"09";"2021";"18:10";"1";"33";"33318";"2";"9";"1";"3";"Avenue du Docteur Nancel PÃ©nard";"44,8091200000";" -0,6330200000"
"202100016936";"24";"09";"2021";"18:10";"1";"33";"33162";"2";"1";"1";"6";"Avenue de Magudas";"44,8582100000";" -0,6651500000"
"202100016937";"24";"09";"2021";"08:35";"1";"33";"33249";"2";"2";"1";"3";"Quai Carriet";"44,8853900000";" -0,5299000000"
"202100016938";"23";"09";"2021";"19:00";"1";"33";"33063";"2";"5";"1";"6";"RUE CAMILLE GODARD";"44,8550300000";" -0,5738000000"
"202100016939";"23";"09";"2021";"15:25";"1";"33";"33039";"2";"2";"1";"3";"Avenue MarÃ©chal de Lattre de Tassigny";"44,8086500000";" -0,5423000000"
"202100016940";"23";"09";"2021";"13:30";"1";"33";"33281";"2";"3";"1";"1";"Avenue Montesquieu";"44,8463500000";" -0,6350500000"
"202100016941";"23";"09";"2021";"08:20";"1";"33";"33281";"2";"6";"1";"3";"Avenue de lâYser";"44,8412576755";" -0,6538560243"
"202100016942";"22";"09";"2021";"01:43";"5";"33";"33063";"2";"2";"1";"3";"Cours de lâArgonne";"44,8274000000";" -0,5757400000"
"202100016943";"25";"09";"2021";"02:45";"5";"33";"33529";"2";"1";"1";"6";"Avenue Charles de Gaulle";"44,6371530000";" -1,1288030000"
"202100016944";"25";"09";"2021";"01:35";"5";"33";"33529";"2";"1";"1";"6";"N/A";"44,6413300000";" -1,1569400000"
"202100016945";"23";"09";"2021";"14:56";"1";"33";"33529";"1";"1";"1";"2";"N/A";"44,6173000000";" -1,1360000000"
"202100016946";"24";"09";"2021";"16:15";"1";"31";"31555";"2";"1";"1";"6";"BD LASCROSSES";"43,6092280000";"1,4309320000"
"202100016947";"24";"09";"2021";"15:00";"1";"31";"31555";"2";"9";"1";"3";"FITTE (ALL CHARLES DE) DU 2AU 76";"43,5962000000";"1,4322000000"
"202100016948";"24";"09";"2021";"15:10";"1";"31";"31555";"1";"1";"1";"5";"24 EMPALOT  (PERIPH OUEST A620)";"43,5705700000";"1,4328000000"
"202100016949";"23";"09";"2021";"22:15";"5";"31";"31555";"2";"7";"1";"6";"SAINT PIERRE (PL) DU 8AU 17";"43,6035700000";"1,4350300000"
"202100016950";"23";"09";"2021";"17:15";"1";"31";"31555";"2";"1";"1";"7";"RUE FEDERICO GARCIA LORCA";"43,6361000000";"1,4274500000"
"202100016951";"20";"09";"2021";"17:05";"1";"30";"30028";"2";"4";"1";"3";"BAINS ROMAINS (RUE DES)";"44,1630400000";"4,6111000000"
"202100016952";"25";"09";"2021";"23:00";"5";"30";"30007";"2";"1";"2";"6";"GAMBETTA (BOULEVARD)";"44,1228600000";"4,0846000000"
"202100016953";"23";"09";"2021";"23:25";"3";"29";"29254";"1";"9";"2";"6";"lieu dit Lannuguy";"48,6072720000";" -3,8554720000"
"202100016954";"25";"09";"2021";"17:45";"1";"29";"29019";"2";"2";"5";"6";"Rue de Lyon";"48,3892138148";" -4,4896276601"
"202100016955";"24";"09";"2021";"14:45";"1";"29";"29019";"2";"8";"8";"3";"Rue de Gouesnou";"48,4064212427";" -4,4678794213"
"202100016956";"8";"09";"2021";"08:13";"1";"29";"29019";"2";"2";"1";"3";"Avenue Victor le Gorgeu";"48,4099500000";" -4,5148500000"
"202100016957";"24";"09";"2021";"11:00";"1";"27";"27562";"2";"6";"1";"6";"LAGRANGE (RUE LEO)";"49,1023100000";"1,4513900000"
"202100016958";"24";"09";"2021";"22:40";"3";"27";"27701";"2";"1";"1";"1";"avenue des mÃ©tiers";"49,2483700000";"1,1742600000"
"202100016959";"24";"09";"2021";"18:00";"1";"27";"27229";"2";"1";"1";"2";"NORMANDIE (BOULEVARD DE)";"49,0195400000";"1,1391200000"
"202100016960";"23";"09";"2021";"18:00";"1";"27";"27229";"2";"2";"7";"4";"ROCHETTE (RUE DE LA)";"49,0269860000";"1,1416230000"
"202100016961";"23";"09";"2021";"08:15";"2";"27";"27684";"1";"1";"1";"6";"NATIONALE 13 (ROUTE)";"49,0155000000";"1,1857400000"
"202100016962";"23";"09";"2021";"14:38";"1";"26";"26198";"2";"3";"1";"3";"52 Rue Gustave Monod";"44,5455040000";"4,7406690000"
"202100016963";"24";"09";"2021";"11:25";"1";"25";"25462";"2";"3";"1";"6";"GARE (DE LA)";"46,9023400000";"6,3545800000"
"202100016964";"24";"09";"2021";"08:15";"1";"25";"25056";"2";"1";"1";"6";"CHALEZEULE RUE DE (entre 51 ET 72)";"47,2475300000";"6,0377900000"
"202100016965";"24";"09";"2021";"16:50";"1";"17";"17291";"1";"1";"1";"3";"HUIT MAI 1945";"46,1776000000";" -1,1136000000"
"202100016966";"22";"09";"2021";"16:30";"1";"14";"14487";"2";"1";"1";"6";"VALLEE (ROUTE)";"49,1924700000";"0,2224900000"
"202100016967";"25";"09";"2021";"20:00";"5";"14";"14167";"2";"1";"1";"3";"MOUGIN (RUE EMILE)";"49,2045700000";" -0,2921800000"
"202100016968";"24";"09";"2021";"18:10";"1";"14";"14118";"2";"1";"1";"3";"VAUCELLES (PONT DE)";"49,1767400000";" -0,3544800000"
"202100016969";"24";"09";"2021";"17:10";"1";"14";"14101";"2";"1";"1";"3";"D675";"49,1631300000";" -0,4260700000"
"202100016970";"21";"09";"2021";"13:00";"1";"14";"14118";"2";"1";"1";"3";"GUILLOU (BOULEVARD YVES)";"49,1722000000";" -0,3841900000"
"202100016971";"23";"09";"2021";"17:30";"1";"14";"14271";"2";"9";"1";"6";"HARCOURT (ROUTE D')";"49,1570000000";" -0,3700000000"
"202100016972";"22";"09";"2021";"17:50";"1";"14";"14118";"2";"9";"1";"3";"RICHEMOND (BOULEVARD)";"49,1907200000";" -0,3759000000"