"Num_Acc";"jour";"mois";"an";"hrmn";"lum";"dep";"com";"agg";"int";"atm";"col";"adr";"lat";"long"
"202100016973";"21";"09";"2021";"10:10";"1";"14";"14327";"2";"9";"1";"6";"GRANDE CAVEE (AVENUE DE LA)";"49,2031500000";" -0,3407100000"
"202100016974";"25";"09";"2021";"13:15";"1";"13";"13117";"2";"2";"1";"3";"ESPAGNE ( VOIE D' )";"43,4212500000";"5,2666500000"
"202100016975";"1";"09";"2021";"15:20";"1";"13";"13103";"2";"1";"1";"3";"ALLEES DE CRAPONNE";"43,6376400000";"5,0992500000"
"202100016976";"21";"09";"2021";"17:15";"1";"13";"13056";"2";"1";"1";"3";"GENERAL DE GAULLE(Avenue)";"43,3992700000";"5,0656900000"
"202100016977";"25";"09";"2021";"17:05";"1";"13";"13210";"2";"1";"1";"3";"PAUL CLAUDEL (BOULEVARD)";"43,2692700000";"5,4209800000"
"202100016978";"25";"09";"2021";"17:30";"1";"13";"13211";"2";"3";"1";"3";"JEAN LOMBARD (AVENUE)";"43,2889757983";"5,4322869751"
"202100016979";"25";"09";"2021";"14:55";"1";"13";"13204";"2";"1";"1";"3";"FRANÃOISE DUPARC (BOULEVARD)";"43,3034200000";"5,4009200000"
"202100016980";"25";"09";"2021";"10:15";"1";"13";"13202";"2";"2";"1";"3";"PARIS (BOULEVARD DE)";"43,3062300000";"5,3722900000"
"202100016981";"24";"09";"2021";"17:50";"1";"13";"13209";"2";"2";"1";"3";"LUMINY (AVENUE DE)";"43,2316000000";"5,4367200000"
"202100016982";"23";"09";"2021";"23:43";"5";"13";"13207";"2";"1";"1";"1";"Corniche John FitzgÃ©rald Kennedy";"43,2710000000";"5,3620000000"
"202100016983";"24";"09";"2021";"18:55";"1";"13";"13204";"2";"3";"1";"2";"BLANCARDE (BOULEVARD)";"43,2961400000";"5,4061100000"
"202100016984";"24";"09";"2021";"07:20";"2";"13";"13213";"2";"6";"1";"6";"SAINT JEROME (AVENUE DE)";"43,3280000000";"5,4188000000"
"202100016985";"23";"09";"2021";"17:30";"1";"13";"13211";"2";"1";"1";"3";"SAINT MARCEL (BOULEVARD DE )";"43,2874782328";"5,4652842346"
"202100016986";"22";"09";"2021";"23:27";"5";"13";"13210";"2";"3";"1";"3";"TIMONE (AVENUE DE LA)";"43,2853549512";"5,3989118146"
"202100016987";"22";"09";"2021";"20:15";"5";"13";"13201";"2";"1";"1";"1";"ATHENES (BOULEVARD D')";"43,3002529147";"5,3807415768"
"202100016988";"23";"09";"2021";"16:08";"1";"13";"13047";"2";"1";"1";"3";"FELIX GOUIN AVENUE";"43,5026654738";"4,9858916294"
"202100016989";"4";"09";"2021";"14:30";"1";"13";"13028";"2";"1";"1";"1";"PEPINIERE (CHEMIN DE LA)";"43,1897200000";"5,6015800000"
"202100016990";"25";"09";"2021";"05:25";"3";"13";"13004";"1";"1";"1";"2";"RTE N113 MARSEILLE A BORBEAUX";"43,6574500000";"4,6490500000"
"202100016991";"25";"09";"2021";"15:00";"1";"11";"11069";"2";"1";"1";"2";"NARBONNE -ROUTE DE-";"43,2050600000";"2,3976300000"
"202100016992";"24";"09";"2021";"13:25";"1";"10";"10387";"2";"1";"7";"3";"KLEBER (RUE)";"48,3026200000";"4,0832100000"
"202100016993";"23";"09";"2021";"09:45";"1";"10";"10387";"2";"3";"7";"6";"PIERRE BROSSOLETTE (RUE)";"48,2902300000";"4,0761100000"
"202100016994";"23";"09";"2021";"13:45";"1";"07";"07316";"1";"1";"1";"2";"MENAFAURIES (CHEMIN DES)";"44,8840400000";"4,8373200000"
"202100016995";"25";"09";"2021";"23:00";"5";"06";"06088";"2";"1";"2";"3";"MONTEL (BD PAUL)";"43,6753400000";"7,2071500000"
"202100016996";"25";"09";"2021";"13:50";"1";"06";"06069";"2";"1";"1";"7";"MARIGARDE (ROUTE DE LA)";"43,6542180000";"6,9375950000"
"202100016997";"24";"09";"2021";"18:45";"2";"06";"06029";"2";"1";"1";"3";"COUBERTIN (AVENUE PIERRE)";"43,5551600000";"6,9670140000"
"202100016998";"24";"09";"2021";"20:20";"5";"06";"06123";"2";"3";"1";"3";"PUGETS AVENUE DES";"43,6774370000";"7,1885990000"
"202100016999";"23";"09";"2021";"22:35";"5";"05";"05061";"2";"1";"1";"7";"MARECHAL FOCH ( AVENUE DU )";"44,5640300000";"6,0886400000"
"202100017000";"22";"09";"2021";"09:12";"1";"05";"05061";"2";"1";"1";"2";"RN 94";"44,5747000000";"6,1108200000"
"202100017001";"25";"09";"2021";"18:40";"1";"75";"75119";"2";"1";"1";"2";"BD PERIPHERIQUE INTERIEUR";"48,9001880000";"2,3792690000"
"202100017002";"25";"09";"2021";"16:35";"1";"75";"75117";"2";"1";"1";"3";"BD PERIPHERIQUE EXTERIEUR";"48,8859000000";"2,2881190000"
"202100017003";"25";"09";"2021";"14:30";"1";"75";"75117";"2";"1";"1";"3";"BD PERIPHERIQUE INTERIEUR";"48,8901699829";"2,2984445112"
"202100017004";"24";"09";"2021";"14:30";"1";"75";"75118";"2";"1";"1";"2";"BD PERIPHERIQUE EXTERIEUR";"48,9008190000";"2,3330690000"
"202100017005";"24";"09";"2021";"16:30";"1";"75";"75112";"2";"1";"1";"3";"BD PERIPHERIQUE INTERIEUR";"48,8331910000";"2,4069460000"
"202100017006";"24";"09";"2021";"06:45";"2";"75";"75116";"2";"4";"1";"3";"BD PERIPHERIQUE EXTERIEUR";"48,8696811597";"2,2712409024"
"202100017007";"23";"09";"2021";"15:00";"1";"75";"75118";"2";"1";"1";"4";"BD PERIPHERIQUE INTERIEUR";"48,9008960000";"2,3440140000"
"202100017008";"23";"09";"2021";"14:20";"1";"75";"75112";"2";"4";"1";"6";"BD PERIPHERIQUE EXTERIEUR";"48,8268044693";"2,3900614679"
"202100017009";"23";"09";"2021";"12:10";"1";"75";"75116";"2";"4";"1";"3";"ECHANGEUR MAILLOT";"48,8750625024";"2,2766418429"
"202100017010";"23";"09";"2021";"08:20";"1";"75";"75112";"2";"1";"1";"4";"BD PERIPHERIQUE INTERIEUR";"48,8368700000";"2,4124010000"
"202100017011";"23";"09";"2021";"08:40";"1";"75";"75114";"2";"1";"1";"2";"BD PERIPHERIQUE INTERIEUR";"48,8243940000";"2,3064630000"
"202100017012";"22";"09";"2021";"18:25";"1";"75";"75112";"2";"1";"1";"4";"BD PERIPHERIQUE INTERIEUR";"48,8320220000";"2,4048750000"
"202100017013";"22";"09";"2021";"03:00";"5";"75";"75120";"2";"4";"1";"3";"BD PERIPHERIQUE EXTERIEUR";"48,8521142048";"2,4150773106"
"202100017014";"21";"09";"2021";"17:00";"1";"75";"75118";"2";"4";"1";"2";"ECHANGEUR CHAPELLE";"48,9011180000";"2,3548410000"
"202100017015";"21";"09";"2021";"16:10";"1";"75";"75117";"2";"1";"1";"7";"BD PERIPHERIQUQE INTERIEUR";"48,8913710000";"2,3004760000"
"202100017016";"22";"09";"2021";"09:14";"1";"75";"75107";"2";"4";"1";"3";"AVENUE DE LOWENDAL";"48,8534018494";"2,3095683656"
"202100017017";"21";"09";"2021";"20:57";"5";"75";"75108";"2";"2";"1";"6";"AVENUE DES CHAMPS ELYSEES";"48,8731252082";"2,2970622993"
"202100017018";"21";"09";"2021";"03:40";"5";"75";"75116";"2";"1";"1";"6";"ALLEE DU BORD DE L EAU";"48,8659000000";"2,2312900000"
"202100017019";"25";"09";"2021";"04:52";"5";"75";"75106";"2";"3";"1";"6";"BOULEVARD SAINT MICHEL";"48,8527670000";"2,3438290000"
"202100017020";"23";"09";"2021";"10:39";"1";"75";"75113";"2";"3";"1";"7";"BOULEVARD MASSENA";"48,8234010000";"2,3750320000"
"202100017021";"25";"09";"2021";"19:55";"5";"75";"75119";"2";"2";"1";"3";"BOULEVARD MACDONALD";"48,8987210000";"2,3710410000"
"202100017022";"25";"09";"2021";"17:15";"1";"75";"75119";"2";"3";"1";"3";"AVENUE JEAN JAURES";"48,8830930000";"2,3714810000"
"202100017023";"25";"09";"2021";"17:15";"1";"75";"75119";"2";"3";"1";"2";"AVENUE DE FLANDRE";"48,8858080000";"2,3706700000"
"202100017024";"24";"09";"2021";"18:10";"1";"75";"75119";"2";"1";"1";"6";"BOULEVARD DE LA VILLETTE";"48,8811400000";"2,3704360000"
"202100017025";"23";"09";"2021";"18:25";"1";"75";"75119";"2";"3";"1";"3";"AVENUE DE LA PORTE DE LA VILLETTE";"48,8983575337";"2,3862178156"
"202100017026";"23";"09";"2021";"10:20";"1";"75";"75119";"2";"3";"1";"3";"AVENUE JEAN JAURES";"48,8866130000";"2,3848340000"
"202100017027";"25";"09";"2021";"14:30";"1";"75";"75118";"2";"1";"1";"3";"BOULEVARD NEY";"48,8977860000";"2,3402580000"
"202100017028";"23";"09";"2021";"18:00";"1";"75";"75118";"2";"2";"1";"3";"RUE D AUBERVILLIERS";"48,8987138032";"2,3703834414"
"202100017029";"23";"09";"2021";"12:30";"1";"75";"75117";"2";"3";"1";"6";"AVENUE DE CLICHY";"48,8893640000";"2,3223150000"
"202100017030";"25";"09";"2021";"19:00";"2";"75";"75116";"2";"4";"1";"6";"RUE DUMONT D URVILLE";"48,8716628354";"2,2953830631"
"202100017031";"25";"09";"2021";"12:00";"1";"75";"75116";"2";"2";"1";"3";"RUE CLAUDE TERRASSE";"48,8385400000";"2,2620280000"
"202100017032";"24";"09";"2021";"23:05";"5";"75";"75116";"2";"3";"1";"3";"AVENUE KLEBER";"48,8672580000";"2,2903250000"
"202100017033";"24";"09";"2021";"16:15";"1";"75";"75116";"2";"7";"1";"3";"PLACE CHARLES DE GAULLE";"48,8737315277";"2,2941631079"
"202100017034";"23";"09";"2021";"13:30";"1";"75";"75116";"2";"1";"1";"6";"RUE DE L AMIRAL D ESTAING";"48,8671850000";"2,2932890000"
"202100017035";"22";"09";"2021";"11:45";"1";"75";"75116";"2";"3";"1";"6";"AVENUE FOCH";"48,8735370000";"2,2879660000"
"202100017036";"24";"09";"2021";"16:55";"1";"75";"75115";"2";"7";"1";"6";"PLACE DU GENERAL BEURET";"48,8418340000";"2,3032670000"
"202100017037";"24";"09";"2021";"01:15";"5";"75";"75115";"2";"1";"1";"7";"RUE DE LA CONVENTION";"48,8376390000";"2,2955440000"
"202100017038";"23";"09";"2021";"10:35";"1";"75";"75115";"2";"3";"1";"6";"RUE DE VAUGIRARD";"48,8408930000";"2,3058730000"
"202100017039";"23";"09";"2021";"08:00";"1";"75";"75115";"2";"1";"1";"7";"RUE BRANCION";"48,8328520000";"2,3035890000"
"202100017040";"23";"09";"2021";"06:50";"5";"75";"75115";"2";"2";"1";"6";"RUE DE LA PORTE D ISSY";"48,8320710000";"2,2806790000"
"202100017041";"23";"09";"2021";"00:20";"5";"75";"75115";"2";"7";"1";"6";"PLACE DU MOULIN DE JAVEL";"48,8402274342";"2,2719624789"
"202100017042";"25";"09";"2021";"09:05";"1";"75";"75114";"2";"2";"1";"6";"BOULEVARD DE PORT ROYAL";"48,8396710000";"2,3366480000"
"202100017043";"24";"09";"2021";"20:50";"5";"75";"75114";"2";"1";"1";"2";"BD PERIPHERIQUE EXTERIEUR";"48,8164400000";"2,3430450000"
"202100017044";"24";"09";"2021";"20:15";"5";"75";"75114";"2";"4";"1";"6";"AVENUE DU MAINE";"48,8410390000";"2,3215540000"
"202100017045";"24";"09";"2021";"10:40";"1";"75";"75114";"2";"3";"1";"3";"BOULEVARD JOURDAN";"48,8198922981";"2,3416325339"
"202100017046";"24";"09";"2021";"09:00";"1";"75";"75114";"2";"7";"1";"3";"PLACE DE LA PORTE DE VANVES";"48,8272021096";"2,3046073481"
"202100017047";"23";"09";"2021";"21:05";"5";"75";"75114";"2";"1";"1";"1";"RUE VERCINGETORIX";"48,8323754823";"2,3109386134"
"202100017048";"23";"09";"2021";"16:50";"1";"75";"75114";"2";"4";"1";"6";"RUE D ALESIA";"48,8306302199";"2,3189225793"
"202100017049";"23";"09";"2021";"10:04";"1";"75";"75114";"2";"2";"1";"3";"RUE DE LA LEGION ETRANGERE";"48,8205597611";"2,3242083622"
"202100017050";"23";"09";"2021";"21:35";"5";"75";"75113";"2";"4";"1";"3";"BOULEVARD DE L HOPITAL";"48,8388736752";"2,3609940989"
"202100017051";"23";"09";"2021";"14:50";"1";"75";"75113";"2";"3";"1";"3";"AVENUE LEON BOLLEE";"48,8180450000";"2,3627840000"
"202100017052";"23";"09";"2021";"13:57";"1";"75";"75113";"2";"2";"1";"6";"BOULEVARD VINCENT AURIOL";"48,8333169825";"2,3636532497"
"202100017053";"23";"09";"2021";"00:45";"5";"75";"75113";"2";"2";"1";"3";"Rue de lâAmiral Mouchez";"48,8264480000";"2,3418100000"
"202100017054";"25";"09";"2021";"19:00";"2";"75";"75112";"2";"2";"1";"6";"RUE BARON LE ROY";"48,8351920000";"2,3873470000"
"202100017055";"23";"09";"2021";"21:55";"5";"75";"75112";"2";"3";"1";"3";"RUE DE LYON";"48,8514299413";"2,3699014575"
"202100017056";"25";"09";"2021";"21:25";"5";"75";"75111";"2";"2";"2";"3";"BOULEVARD VOLTAIRE";"48,8597540000";"2,3768440000"
"202100017057";"25";"09";"2021";"15:00";"1";"75";"75111";"2";"4";"1";"3";"BOULEVARD VOLTAIRE";"48,8573570000";"2,3808860000"
"202100017058";"24";"09";"2021";"17:30";"1";"75";"75115";"2";"3";"1";"3";"RUE LECOURBE";"48,8412870000";"2,2982140000"
"202100017059";"24";"09";"2021";"13:15";"1";"75";"75111";"2";"2";"1";"3";"RUE DU CHEMIN VERT";"48,8615760000";"2,3825880000"
"202100017060";"24";"09";"2021";"11:05";"1";"75";"75120";"2";"4";"1";"3";"RUE DES PYRENEES";"48,8710702175";"2,3930613193"
"202100017061";"23";"09";"2021";"15:40";"1";"75";"75111";"2";"3";"1";"7";"RUE DE LA ROQUETTE";"48,8555180000";"2,3744160000"
"202100017062";"24";"09";"2021";"23:40";"5";"75";"75110";"2";"2";"1";"4";"QUAI DE VALMY";"48,8686550000";"2,3670640000"
"202100017063";"24";"09";"2021";"17:20";"1";"75";"75110";"2";"1";"1";"3";"QUAI DE JEMMAPES";"48,8760990000";"2,3647670000"
"202100017064";"24";"09";"2021";"00:01";"5";"75";"75110";"2";"3";"1";"3";"BOULEVARD DE MAGENTA";"48,8794870000";"2,3531910000"
"202100017065";"23";"09";"2021";"12:29";"1";"75";"75110";"2";"7";"1";"6";"PLACE JACQUES BONSERGENT";"48,8712807187";"2,3605403511"
"202100017066";"25";"09";"2021";"13:50";"1";"75";"75109";"2";"1";"1";"3";"BOULEVARD DE CLICHY";"48,8834020000";"2,3334650000"
"202100017067";"24";"09";"2021";"08:51";"1";"75";"75109";"2";"2";"1";"6";"RUE DU HAVRE";"48,8741790000";"2,3269620000"
"202100017068";"23";"09";"2021";"09:15";"1";"75";"75109";"2";"2";"1";"6";"RUE DU FAUBOURG POISSONNIERE";"48,8810860000";"2,3498310000"
"202100017069";"23";"09";"2021";"06:45";"2";"75";"75109";"2";"1";"1";"3";"RUE DE DUNKERQUE";"48,8817220000";"2,3476130000"
"202100017070";"22";"09";"2021";"22:15";"5";"75";"75109";"2";"5";"1";"3";"BOULEVARD MONTMARTRE";"48,8719675911";"2,3400136215"
"202100017071";"24";"09";"2021";"23:15";"5";"75";"75108";"2";"3";"1";"6";"BOULEVARD MALESHERBES";"48,8801030000";"2,3134730000"
"202100017072";"23";"09";"2021";"20:25";"5";"75";"75108";"2";"7";"1";"6";"ROND POINT CHAMPS ELYSEES";"48,8688656098";"2,3099139776"
"202100017073";"23";"09";"2021";"01:15";"5";"75";"75108";"2";"7";"1";"3";"COURS ALBERT 1ER";"48,8642841040";"2,3022396214"
"202100017074";"22";"09";"2021";"23:45";"5";"75";"75107";"2";"2";"1";"3";"PONT ALEXANDRE III";"48,8628607485";"2,3134619228"
"202100017075";"23";"09";"2021";"17:15";"1";"75";"75107";"2";"3";"9";"6";"RUE DU BAC";"48,8564380000";"2,3265480000"
"202100017076";"23";"09";"2021";"09:10";"1";"75";"75114";"2";"4";"1";"3";"RUE VERCINGETORIX";"48,8274472158";"2,3050528765"
"202100017077";"22";"09";"2021";"08:38";"1";"75";"75107";"2";"1";"1";"3";"AVENUE DE BRETEUIL";"48,8523510000";"2,3126230000"
"202100017078";"24";"09";"2021";"14:49";"1";"75";"75103";"2";"4";"1";"3";"RUE DE TURENNE";"48,8614984677";"2,3646147232"
"202100017079";"24";"09";"2021";"12:20";"1";"75";"75104";"2";"2";"1";"6";"RUE SAINTE CROIX DE LA BRETONNERIE";"48,8585040000";"2,3552700000"
"202100017080";"24";"09";"2021";"03:39";"5";"75";"75103";"2";"1";"1";"6";"BOULEVARD SAINT MARTIN";"48,8683540000";"2,3596690000"
"202100017081";"23";"09";"2021";"22:30";"5";"75";"75103";"2";"1";"1";"6";"BOULEVARD SAINT MARTIN";"48,8685740000";"2,3582060000"
"202100017082";"24";"09";"2021";"13:35";"1";"94";"94067";"2";"1";"1";"6";"Avenue Joffre";"48,8479236759";"2,4177110195"
"202100017083";"25";"09";"2021";"14:30";"1";"94";"94078";"2";"7";"1";"2";"PARIS (R DE)";"48,7457800000";"2,4466400000"
"202100017084";"24";"09";"2021";"15:00";"1";"94";"94078";"2";"1";"1";"3";"AllÃ©e de Crosne";"48,7221400000";"2,4502400000"
"202100017085";"24";"09";"2021";"19:15";"1";"94";"94068";"2";"9";"1";"3";"PONT DE CRETEIL - PONT DE CRETEIL (R DU)";"48,8086300000";"2,4709700000"
"202100017086";"24";"09";"2021";"13:30";"1";"94";"94068";"2";"1";"1";"1";"PAUL DEROULEDE (R)";"48,7890600000";"2,4821000000"
"202100017087";"22";"09";"2021";"21:00";"5";"94";"94068";"2";"1";"1";"3";"Rue du Pont de CrÃ©teil";"48,8086120000";"2,4710190000"
"202100017088";"24";"09";"2021";"14:50";"1";"94";"94058";"2";"1";"1";"3";"LEDRU ROLLIN (AV)";"48,8422890000";"2,5017480000"
"202100017089";"23";"09";"2021";"17:00";"1";"94";"94058";"2";"1";"1";"6";"HUIT MAI 1945 (AV DU)";"48,8473550000";"2,5083410000"
"202100017090";"22";"09";"2021";"20:30";"5";"94";"94042";"2";"9";"1";"3";"Place de Verdun";"48,8201060000";"2,4741820000"
"202100017091";"24";"09";"2021";"14:15";"1";"94";"94046";"2";"2";"1";"3";"EUGENE RENAULT - CAR DE LA RESISTANCE (R";"48,8153740000";"2,4204510000"
"202100017092";"25";"09";"2021";"17:15";"1";"94";"94003";"2";"2";"1";"3";"Avenue Laplace";"48,8076000000";"2,3341800000"
"202100017093";"23";"09";"2021";"20:36";"3";"94";"94016";"2";"1";"1";"3";"Rue GalliÃ©ni";"48,7960500000";"2,3325100000"
"202100017094";"24";"09";"2021";"21:19";"5";"94";"94041";"2";"1";"1";"7";"VERDUN (AV DE)";"48,8117420000";"2,3713550000"
"202100017095";"24";"09";"2021";"15:20";"1";"94";"94041";"2";"2";"1";"3";"Avenue Henri Barbusse";"48,8090500000";"2,3773700000"
"202100017096";"24";"09";"2021";"08:30";"1";"94";"94021";"2";"1";"1";"3";"Avenue de la RÃ©publique";"48,7627100000";"2,3669000000"
"202100017097";"24";"09";"2021";"02:10";"3";"94";"94065";"1";"9";"1";"3";"RUE DE CONCARNEAU";"48,7549100000";"2,3541000000"
"202100017098";"24";"09";"2021";"15:20";"1";"94";"94011";"2";"3";"1";"1";"Avenue de Boissy";"48,7694467967";"2,4865794182"
"202100017099";"23";"09";"2021";"16:04";"1";"94";"94011";"2";"1";"1";"6";"RESISTANCE.(PLACE DE LA)";"48,7665700000";"2,4846400000"
"202100017100";"23";"09";"2021";"18:15";"1";"94";"94028";"2";"2";"1";"1";"SAVAR.(RUE JULIETTE)";"48,7800000000";"2,4655000000"
"202100017101";"25";"09";"2021";"15:20";"1";"94";"94077";"2";"2";"1";"3";"PASTEUR (AV)";"48,7374100000";"2,4192200000"
"202100017102";"24";"09";"2021";"13:35";"1";"94";"94073";"2";"2";"1";"3";"Avenue du GÃ©nÃ©ral Leclerc";"48,7614400000";"2,4031900000"
"202100017103";"24";"09";"2021";"17:22";"1";"94";"94055";"2";"1";"1";"2";"Avenue de Pince Vent";"48,7900000000";"2,5500000000"
"202100017104";"24";"09";"2021";"14:00";"1";"94";"94019";"2";"1";"1";"6";"Avenue Champlain";"48,7959500000";"2,5604100000"
"202100017105";"25";"09";"2021";"21:20";"5";"94";"94052";"2";"3";"1";"3";"Boulevard de Strasbourg";"48,8412700000";"2,4828000000"
"202100017106";"24";"09";"2021";"22:05";"5";"94";"94017";"2";"1";"1";"3";"Boulevard de Stalingrad";"48,8293500000";"2,4932900000"
"202100017107";"24";"09";"2021";"10:20";"1";"94";"94017";"2";"1";"1";"3";"Avenue Salvador AllendÃ©";"48,8086600000";"2,5507100000"
"202100017108";"23";"09";"2021";"18:50";"1";"94";"94017";"2";"1";"1";"6";"BENOIT MALON (R)";"48,8275900000";"2,5024600000"
"202100017109";"23";"09";"2021";"14:30";"1";"94";"94017";"2";"1";"1";"2";"Avenue Ambroise Croizat";"48,8169300000";"2,5271500000"
"202100017110";"23";"09";"2021";"08:25";"1";"94";"94017";"2";"1";"1";"6";"LOUIS TALAMONI (R)";"48,8130997052";"2,5127577782"
"202100017111";"22";"09";"2021";"19:20";"2";"94";"94075";"1";"1";"1";"3";"Avenue du Mal de Lattre de Tassigny";"48,7323300000";"2,5222800000"
"202100017112";"25";"09";"2021";"10:20";"1";"93";"93078";"2";"2";"1";"3";"FAUVETTES (AVENE DES)";"48,9554200000";"2,5528500000"
"202100017113";"24";"09";"2021";"21:00";"5";"93";"93078";"2";"1";"1";"3";"Route de Tremblay";"48,9671900000";"2,5427400000"
"202100017114";"23";"09";"2021";"17:20";"1";"93";"93073";"2";"1";"1";"6";"Rue Pierre Brossolette";"48,9496000000";"2,5705000000"
"202100017115";"24";"09";"2021";"14:44";"1";"93";"93059";"2";"1";"1";"6";"JEAN MERMOZ (BOULEVARD) DES NÂ°1A57 ET NÂ°";"48,9665100000";"2,3642900000"
"202100017116";"23";"09";"2021";"09:00";"1";"93";"93027";"1";"1";"1";"6";"JAURES (AVENUE JEAN)";"48,9228250000";"2,4062620000"
"202100017117";"22";"09";"2021";"18:20";"1";"93";"93059";"2";"8";"1";"3";"LENINE (AVENUE) NÂ°36 AU 120 ET NÂ°45 AU 1";"48,9587900000";"2,3585500000"
"202100017118";"23";"09";"2021";"18:30";"1";"93";"93064";"2";"2";"1";"3";"BLUM (RUE LEON)";"48,8809300000";"2,4800500000"
"202100017119";"23";"09";"2021";"16:45";"1";"93";"93051";"2";"1";"1";"6";"EMILE COSSONNEAU (AVE)";"48,8487685560";"2,5564976335"
"202100017120";"24";"09";"2021";"18:10";"1";"93";"93048";"2";"1";"1";"6";"Rue de Rosny";"48,8626200000";"2,4481100000"
"202100017121";"23";"09";"2021";"19:20";"2";"93";"93048";"2";"1";"1";"6";"Boulevard Aristide Briand";"48,8776150000";"2,4570680000"
"202100017122";"24";"09";"2021";"15:50";"1";"93";"93046";"2";"1";"1";"3";"Boulevard de lâEurope";"48,9255100000";"2,5489200000"
"202100017123";"23";"09";"2021";"17:45";"1";"93";"93046";"2";"2";"1";"6";"Boulevard de lâEurope / Rue du ChÃ¢teau";"48,9246700000";"2,5477700000"
"202100017124";"23";"09";"2021";"07:55";"1";"93";"93046";"1";"1";"1";"6";"D933";"48,9283500000";"2,5521900000"
"202100017125";"25";"09";"2021";"15:20";"1";"93";"93063";"2";"1";"1";"3";"AVENUE GASTON ROUSSEL";"48,8924200000";"2,4419400000"
"202100017126";"25";"09";"2021";"15:50";"1";"93";"93031";"2";"9";"1";"6";"Rue FÃ©lix Merlin";"48,9553700000";"2,2957400000"
"202100017127";"23";"09";"2021";"14:50";"1";"93";"93029";"2";"1";"1";"3";"Boulevard Paul Vaillant Couturier";"48,9226869616";"2,4472260475"
"202100017128";"25";"09";"2021";"08:10";"2";"93";"93013";"2";"9";"7";"3";"LINDBERGH (CARREFOUR)";"48,9430500000";"2,4324900000"
"202100017129";"24";"09";"2021";"17:20";"1";"93";"93027";"2";"3";"1";"3";"Rue de CrÃ¨vecoeur / AllÃ©e du Sud";"48,9193770000";"2,3840800000"
"202100017130";"24";"09";"2021";"14:10";"1";"93";"93027";"2";"1";"1";"3";"PASTEUR (BOULEVARD) DE 40 A +";"48,9320200000";"2,3999000000"
"202100017131";"24";"09";"2021";"13:35";"1";"93";"93014";"2";"3";"1";"1";"AllÃ©e de Montfermeil / AllÃ©e des Lilas";"48,8979300000";"2,5347100000"
"202100017132";"24";"09";"2021";"18:59";"1";"93";"93010";"2";"3";"1";"3";"Avenue Henri Barbusse / Rue Guy de Maupassant";"48,8997460146";"2,4936021400"
"202100017133";"25";"09";"2021";"18:03";"1";"93";"93008";"2";"1";"1";"2";"BARBUSSE (AVENUE HENRI) A30";"48,9050160843";"2,4203752908"
"202100017134";"25";"09";"2021";"18:25";"1";"93";"93007";"2";"1";"1";"6";"PASTEUR (AVENUE)";"48,9401500000";"2,4709400000"
"202100017135";"23";"09";"2021";"19:10";"1";"93";"93001";"2";"1";"1";"3";"LOUIS ARAGON (ALLEE)";"48,9134070000";"2,3788850000"
"202100017136";"23";"09";"2021";"10:30";"1";"93";"93001";"2";"9";"1";"1";"VICTOR HUGO (AVE)  => 120";"48,9070700000";"2,3762800000"
"202100017137";"19";"09";"2021";"08:15";"1";"92";"92073";"2";"1";"1";"6";"CARON (RUE ALBERT)";"48,8648880000";"2,2099480000"
"202100017138";"23";"09";"2021";"17:25";"1";"92";"92073";"2";"1";"1";"2";"GALLIENI (QUAI)";"48,8704690000";"2,2319200000"
"202100017139";"23";"09";"2021";"09:45";"1";"92";"92073";"2";"1";"1";"2";"ROOSEVELT (AVENUE FRANKLIN)";"48,8718097349";"2,2215731442"
"202100017140";"17";"09";"2021";"18:10";"1";"92";"92073";"2";"1";"1";"6";"PAIX (PLACE DE LA)";"48,8648040000";"2,2049540000"
"202100017141";"25";"09";"2021";"20:00";"5";"92";"92051";"2";"2";"1";"3";"BOIS DE BOULOGNE (RUE DU)";"48,8813467516";"2,2545951605"
"202100017142";"22";"09";"2021";"22:15";"5";"92";"92051";"2";"3";"1";"3";"CHARLES DE GAULLE (AVENUE, NÂ° 18 A 116)";"48,8814031735";"2,2712838650"
"202100017143";"23";"09";"2021";"18:30";"1";"92";"92049";"2";"2";"1";"3";"PERI RUE GABRIEL AUTRES NÂ°";"48,8185013266";"2,3195991481"
"202100017144";"23";"09";"2021";"17:31";"1";"92";"92040";"2";"9";"1";"3";"VERDUN (AVENUE DE) DU 152 AU 226";"48,8179100000";"2,2489100000"
"202100017145";"24";"09";"2021";"13:10";"1";"92";"92035";"2";"1";"1";"3";"RÃ©publique ( boulevard de la )";"48,9070920687";"2,2427988052"
"202100017146";"25";"09";"2021";"18:38";"1";"92";"92024";"2";"3";"1";"6";"BELFORT (RUE DE)";"48,9024835029";"2,3163717985"
"202100017147";"23";"09";"2021";"14:25";"1";"92";"92024";"2";"1";"1";"6";"JEAN JAURES (BD) DE (1 A 45)   (2 A 54)";"48,8971500000";"2,3089000000"
"202100017148";"23";"09";"2021";"12:40";"1";"92";"92012";"2";"1";"1";"6";"DESCHANDELLIERS (PASSAGE)";"48,8273200000";"2,2464300000"
"202100017149";"25";"09";"2021";"11:30";"1";"92";"92007";"2";"9";"1";"3";"HUGO (AVENUE VICTOR)";"48,8036542087";"2,3200848019"
"202100017150";"24";"09";"2021";"20:15";"5";"92";"92002";"2";"1";"1";"6";"RAYMON ARON (AVENUE)";"48,7665306871";"2,3102382571"
"202100017151";"23";"09";"2021";"17:40";"1";"63";"63345";"1";"3";"1";"2";"D942/chemin";"45,7459940000";"2,9587770000"
"202100017152";"25";"09";"2021";"20:00";"2";"37";"37077";"2";"1";"2";"6";"D953";"47,3516384136";"0,4745680923"
"202100017153";"23";"09";"2021";"16:25";"1";"54";"54235";"1";"1";"1";"7";"D55";"48,4882117871";"6,0150575639"
"202100017154";"25";"09";"2021";"22:00";"3";"14";"14248";"2";"1";"1";"6";"Rue des Longs Bosquets";"49,0013580000";" -0,4185160000"
"202100017155";"24";"09";"2021";"21:19";"5";"14";"14689";"2";"4";"1";"1";"Le bourg";"49,0090280000";" -0,5199460000"