"Num_Acc";"jour";"mois";"an";"hrmn";"lum";"dep";"com";"agg";"int";"atm";"col";"adr";"lat";"long"
"202100017156";"25";"09";"2021";"21:15";"3";"62";"62382";"1";"1";"1";"6";"D 137";"50,3875900000";"1,8982320000"
"202100017157";"23";"09";"2021";"13:15";"1";"52";"52479";"1";"1";"1";"7";"DÃ©partementale 13";"48,4161350000";"4,8679730000"
"202100017158";"25";"09";"2021";"08:05";"2";"73";"73245";"1";"1";"1";"3";"RD 1504";"45,6934260000";"5,8297710000"
"202100017159";"23";"09";"2021";"20:10";"2";"91";"91016";"1";"1";"1";"2";"Angerville";"48,2884760000";"1,9813530000"
"202100017160";"24";"08";"2021";"14:50";"1";"71";"71286";"1";"1";"1";"6";"RD 980";"46,5914210000";"4,5089890000"
"202100017161";"24";"09";"2021";"10:45";"1";"22";"22302";"1";"3";"1";"3";"Route du Guildo";"48,5803730000";" -2,1967180000"
"202100017162";"24";"08";"2021";"05:50";"3";"49";"49220";"1";"1";"1";"2";"D52";"47,7085990000";" -0,4224590000"
"202100017163";"24";"08";"2021";"23:50";"3";"31";"31409";"2";"3";"1";"3";"D813";"43,5029680000";"1,5111270000"
"202100017164";"26";"09";"2021";"17:25";"1";"31";"31573";"1";"1";"1";"3";"d45";"43,6855640000";"1,6704800000"
"202100017165";"25";"09";"2021";"00:10";"3";"28";"28073";"1";"1";"1";"6";"A11 PK 48.500";"48,4855400000";"1,6560330000"
"202100017166";"25";"09";"2021";"14:45";"1";"35";"35225";"1";"2";"1";"1";"Pilleverte";"48,4336520000";" -1,9313080000"
"202100017167";"23";"09";"2021";"16:45";"1";"84";"84028";"1";"1";"1";"1";"Route dÃ©partementale 08";"44,2063270000";"4,9429890000"
"202100017168";"25";"09";"2021";"09:30";"1";"88";"88106";"1";"1";"1";"5";"route dÃ©partementale 415";"48,1834710000";"6,9760500000"
"202100017169";"24";"09";"2021";"16:30";"1";"52";"52432";"1";"1";"1";"6";"A31";"47,9462464007";"5,3079628946"
"202100017170";"23";"09";"2021";"15:50";"1";"28";"28102";"1";"1";"7";"7";"D134";"48,5409150000";"1,3920990000"
"202100017171";"24";"09";"2021";"23:40";"3";"62";"62252";"2";"1";"1";"6";"Rue du Touret";"50,5702960000";"2,7062140000"
"202100017172";"2";"09";"2021";"11:05";"1";"35";"35239";"1";"1";"1";"6";"D310";"47,9426040000";" -1,3086860000"
"202100017173";"26";"09";"2021";"11:15";"1";"58";"58295";"1";"1";"1";"6";"D 243 PK 6 dÃ©croissant";"47,3362840000";"2,9216780000"
"202100017174";"23";"09";"2021";"18:45";"1";"83";"83100";"1";"3";"1";"3";"Chemin de Camp Redon";"43,2599090000";"6,1092940000"
"202100017175";"25";"09";"2021";"16:35";"1";"62";"62390";"2";"2";"1";"3";"Route de Berck";"50,3911910000";"1,6050500000"
"202100017176";"24";"09";"2021";"03:00";"3";"79";"79083";"1";"1";"1";"7";"Route de Niort";"46,1139290000";" -0,1173520000"
"202100017177";"25";"09";"2021";"04:50";"3";"974";"97414";"1";"1";"1";"3";"283 Route Hubert Delisle";" -21,2694870000";"55,4513730000"
"202100017178";"26";"09";"2021";"18:18";"1";"65";"65369";"1";"1";"1";"1";"Route de Bigorre";"43,2556590000";"0,1770960000"
"202100017179";"22";"09";"2021";"18:55";"2";"72";"72213";"1";"9";"1";"2";"le champ de la croix";"47,8941170000";"0,2495310000"
"202100017180";"23";"09";"2021";"13:00";"1";"85";"85109";"2";"1";"1";"7";"Avenue Georges Clemenceau";"46,8571170000";" -1,0084190000"
"202100017181";"24";"09";"2021";"08:45";"1";"85";"85065";"2";"1";"7";"6";"Chemin de la Plante";"46,8943520000";" -1,2577410000"
"202100017182";"11";"09";"2021";"13:45";"1";"67";"67106";"2";"1";"2";"3";"Route de Herrlisheim";"48,7544030000";"7,9435870000"
"202100017183";"24";"09";"2021";"16:00";"1";"38";"38403";"1";"1";"1";"3";"D 526 - PK 18.5";"44,8446190000";"5,7409570000"
"202100017184";"25";"08";"2021";"17:55";"1";"62";"62094";"1";"1";"1";"3";"D138";"50,4450710000";"1,7886740000"
"202100017185";"25";"09";"2021";"11:30";"1";"30";"30331";"1";"1";"1";"7";"Chemin de Courac";"44,1225640000";"4,5808980000"
"202100017186";"25";"09";"2021";"19:50";"3";"83";"83140";"1";"1";"1";"5";"Dn7";"43,4052350000";"5,9327460000"
"202100017187";"11";"09";"2021";"18:30";"1";"57";"57464";"1";"3";"1";"3";"D2";"49,2865860000";"6,3165440000"
"202100017188";"25";"09";"2021";"05:40";"2";"57";"57038";"1";"1";"5";"6";"D616";"49,4729340000";"5,9498180000"
"202100017189";"21";"09";"2021";"21:45";"4";"19";"19286";"1";"1";"1";"1";"rd 31";"45,3313531860";"1,3935239711"
"202100017190";"22";"09";"2021";"22:15";"3";"56";"56110";"1";"1";"1";"6";"1 Saint Andre";"48,0474010000";" -3,2756690000"
"202100017191";"24";"09";"2021";"12:00";"1";"56";"56240";"2";"1";"1";"3";"Place de Francheville";"47,5286970000";" -2,7673700000"
"202100017192";"23";"08";"2021";"17:35";"1";"74";"74088";"1";"3";"1";"3";"D1201";"46,0542630000";"6,0865440000"
"202100017193";"23";"09";"2021";"15:50";"1";"79";"79202";"2";"1";"7";"7";"50 Avenue Pierre Mendes-France";"46,6472570000";" -0,2470010000"
"202100017194";"25";"09";"2021";"23:30";"3";"2B";"2B346";"2";"1";"1";"3";"Lieu dit campore D 237";"42,5000420000";"9,4511820000"
"202100017195";"24";"09";"2021";"04:50";"4";"2B";"2B077";"1";"1";"1";"6";"18 Corso";"42,4650020000";"9,4945910000"
"202100017196";"24";"09";"2021";"13:20";"1";"80";"80570";"2";"4";"1";"3";"Rue Charles BÃ©dier";"49,7692460000";"2,4920560000"
"202100017197";"25";"09";"2021";"18:50";"2";"80";"80815";"1";"1";"8";"6";"Bois du Petit Periot";"50,3000450000";"1,7551300000"
"202100017198";"26";"09";"2021";"06:40";"5";"33";"33547";"2";"4";"8";"6";"Cours Pasteur";"44,4610120000";" -0,3678190000"
"202100017199";"25";"09";"2021";"23:30";"3";"32";"32370";"1";"1";"2";"1";"D953";"43,8970110000";"0,7522740000"
"202100017200";"23";"08";"2021";"21:00";"3";"32";"32054";"1";"2";"1";"6";"RN 124, PK 074+800";"43,7216720000";"0,4080660000"
"202100017201";"25";"09";"2021";"21:00";"3";"32";"32213";"2";"1";"1";"6";"Route de Toulouse";"43,4743720000";"0,9182170000"
"202100017202";"26";"09";"2021";"14:00";"1";"32";"32334";"1";"1";"1";"6";"RN 124 - PK 4-300";"43,5854310000";"1,1516550000"
"202100017203";"22";"09";"2021";"19:08";"1";"11";"11206";"2";"1";"7";"2";"Avenue Charles de Gaulle";"43,0542830000";"2,2067330000"
"202100017204";"24";"09";"2021";"13:15";"1";"11";"11206";"2";"1";"9";"6";"D118 PK59";"43,0628050000";"2,2153650000"
"202100017205";"25";"09";"2021";"23:55";"5";"11";"11254";"2";"1";"1";"6";"Avenue du Lauraguais";"43,1997090000";"2,1391420000"
"202100017206";"26";"09";"2021";"00:40";"3";"71";"71379";"1";"3";"1";"7";"Route de Cuiseaux";"46,5661600000";"5,3014590000"
"202100017207";"25";"09";"2021";"19:25";"2";"71";"71218";"1";"2";"3";"3";"Lieu-dit ""Chante-Alouette""";"46,3213379589";"4,3949833582"
"202100017208";"25";"09";"2021";"16:45";"1";"71";"71520";"1";"1";"1";"7";"D 906 route de Lyon";"46,7414490000";"4,8532960000"
"202100017209";"24";"09";"2021";"10:30";"1";"63";"63195";"2";"1";"1";"6";"28-32 Rue Georges ClÃ©menceau";"45,8272370000";"3,3734040000"
"202100017210";"25";"09";"2021";"16:10";"1";"61";"61474";"1";"1";"2";"6";"Pre de la Mare des Genets";"48,7590360000";"0,2029900000"
"202100017211";"26";"09";"2021";"07:40";"2";"55";"55537";"1";"1";"2";"6";"DÃ©partementale 24";"49,2076800000";"5,4871240000"
"202100017212";"25";"09";"2021";"10:50";"1";"55";"55573";"2";"3";"1";"6";"Rue Mazelin";"48,6919940000";"5,6163310000"
"202100017213";"26";"09";"2021";"14:45";"1";"12";"12156";"1";"1";"1";"1";"D921";"44,6328030000";"2,8257290000"
"202100017214";"23";"09";"2021";"11:30";"1";"12";"12138";"2";"3";"7";"6";"D901";"44,4738910000";"2,4650410000"
"202100017215";"24";"09";"2021";"08:00";"1";"46";"46120";"1";"1";"1";"6";"Bouygues";"44,6225790000";"1,2456660000"
"202100017216";"23";"08";"2021";"03:00";"3";"41";"41235";"1";"3";"1";"6";"Les Godinieres";"47,9311630000";"0,8982560000"
"202100017217";"19";"09";"2021";"15:30";"1";"29";"29140";"1";"1";"1";"6";"Lieu-Dit Ty Neol";"48,3961150000";" -4,3041890000"
"202100017218";"25";"09";"2021";"15:27";"1";"68";"68025";"1";"9";"1";"7";"RD41";"47,4839460000";"7,2995140000"
"202100017219";"24";"09";"2021";"13:59";"1";"68";"68090";"2";"1";"7";"6";"18a Rue de la 1Ã¨re ArmÃ©e";"47,4989340000";"7,3082200000"
"202100017220";"25";"09";"2021";"09:30";"1";"44";"44068";"1";"9";"1";"7";"La Moussardais";"47,5549200000";" -2,0131240000"
"202100017221";"25";"09";"2021";"10:15";"1";"44";"44161";"2";"9";"1";"6";"Rue du Docteur Praux";"47,5177100000";" -2,0376290000"
"202100017222";"25";"09";"2021";"10:55";"1";"44";"44064";"1";"2";"1";"3";"D149";"47,1138430000";" -1,2932910000"
"202100017223";"23";"09";"2021";"20:07";"2";"44";"44131";"2";"6";"1";"3";"Rue de la Fontaine aux Bretons";"47,1042040000";" -2,0659550000"
"202100017224";"26";"09";"2021";"10:35";"1";"35";"35277";"2";"1";"1";"3";"Rue Joseph Maudet";"48,1143480000";" -2,0661750000"
"202100017225";"21";"09";"2021";"08:06";"1";"29";"29105";"2";"2";"5";"3";"Rue d Arvor";"48,5148840000";" -4,0759060000"
"202100017226";"23";"09";"2021";"18:30";"1";"29";"29260";"2";"6";"1";"7";"Rue de l'Ãtain";"48,4353170000";" -4,6186540000"
"202100017227";"3";"09";"2021";"13:25";"1";"31";"31182";"1";"2";"1";"3";"Route de Lacourtensourt";"43,6675030000";"1,4102890000"
"202100017228";"25";"09";"2021";"03:45";"3";"38";"38035";"1";"1";"1";"7";"Route de Lyon";"45,5072040000";"5,0863160000"
"202100017229";"22";"09";"2021";"07:50";"2";"38";"38181";"2";"2";"1";"3";"Route des Iles";"45,3449750000";"5,9762190000"
"202100017230";"25";"09";"2021";"17:30";"1";"38";"38434";"1";"2";"1";"3";"Route de la VallÃ©e";"45,5260680000";"5,5522340000"
"202100017231";"23";"09";"2021";"21:20";"3";"02";"02591";"1";"1";"1";"6";"D642";"49,7265220000";"3,6372040000"
"202100017232";"25";"08";"2021";"12:10";"1";"03";"03254";"2";"3";"1";"3";"Boulevard Ledru Rollin";"46,3084120000";"3,2919130000"
"202100017233";"22";"09";"2021";"19:00";"2";"03";"03279";"1";"1";"1";"1";"dÃ©partementale 993";"46,2486360000";"2,5101610000"
"202100017234";"23";"09";"2021";"16:05";"1";"15";"15174";"1";"1";"1";"7";"D22";"45,1549800000";"2,4790690000"
"202100017235";"23";"09";"2021";"20:30";"3";"70";"70473";"1";"1";"1";"1";"RN 57 PK 16+800";"47,8060370000";"6,4048070000"
"202100017236";"23";"09";"2021";"09:25";"1";"70";"70197";"1";"4";"1";"3";"Fermes les Begoulots";"47,5486970000";"6,2413500000"
"202100017237";"24";"09";"2021";"14:40";"1";"26";"26188";"2";"1";"1";"7";"155 avenue de Verdun";"44,2352030000";"5,1885130000"
"202100017238";"25";"09";"2021";"15:20";"1";"26";"26178";"1";"1";"1";"6";"Route de la Garenne";"44,6776560000";"5,4444980000"
"202100017239";"25";"09";"2021";"15:28";"1";"58";"58122";"1";"2";"8";"3";"intersection D38 et D125";"47,2581850000";"3,0502450000"
"202100017240";"25";"09";"2021";"16:15";"1";"58";"58185";"1";"1";"1";"6";"RD 193";"47,1747160000";"4,1223460000"
"202100017241";"25";"09";"2021";"13:10";"1";"58";"58276";"1";"1";"1";"3";"D985";"46,8671310000";"3,8836880000"
"202100017242";"24";"09";"2021";"08:00";"1";"58";"58303";"2";"6";"1";"3";"Boulevard Camille Dagonneau";"47,0160490000";"3,1490370000"
"202100017243";"17";"09";"2021";"09:35";"1";"06";"06119";"1";"1";"1";"7";"Route du col de la Bonette PK 67";"44,3262120000";"6,8602320000"
"202100017244";"23";"09";"2021";"18:20";"1";"14";"14654";"1";"4";"1";"3";"D4";"49,0046630000";"0,1050620000"
"202100017245";"25";"09";"2021";"21:45";"5";"14";"14408";"2";"1";"1";"6";"Rue Saint AndrÃ©";"49,1026950000";" -0,3757300000"
"202100017246";"25";"09";"2021";"09:00";"1";"05";"05158";"1";"1";"1";"6";"RD 49";"44,4751854195";"5,8238277997"
"202100017247";"24";"09";"2021";"18:20";"1";"50";"50273";"2";"1";"1";"7";"Route du Lavoir - Pretot";"49,3254790000";" -1,4369560000"
"202100017248";"19";"09";"2021";"18:30";"1";"50";"50370";"1";"1";"1";"7";"La Douve (RiviÃ¨re)";"49,4194680000";" -1,5296210000"
"202100017249";"25";"09";"2021";"22:00";"3";"50";"50034";"1";"1";"1";"6";"Route de Fumichon";"49,0954730000";" -1,0550630000"
"202100017250";"26";"09";"2021";"19:00";"2";"83";"83046";"2";"1";"1";"7";"DÃ©partementale 13";"43,5313018875";"6,1482623827"
"202100017251";"23";"09";"2021";"21:35";"3";"60";"60643";"1";"1";"1";"6";"D152";"49,5658900000";"2,5824950000"
"202100017252";"24";"09";"2021";"18:55";"1";"64";"64225";"1";"3";"1";"3";"RD 919";"43,1634130000";" -0,6803530000"
"202100017253";"24";"09";"2021";"12:30";"1";"73";"73124";"1";"8";"1";"3";"CHEMIN DU MARAIS";"45,6501720000";"6,3359950000"
"202100017254";"24";"09";"2021";"10:45";"1";"43";"43114";"1";"3";"1";"3";"D500";"45,1688580000";"4,2109290000"
"202100017255";"25";"09";"2021";"18:00";"1";"43";"43111";"1";"4";"1";"2";"Bargettes";"44,8797530000";"3,8470070000"
"202100017256";"24";"09";"2021";"12:05";"1";"43";"43192";"1";"9";"1";"7";"Le Nouveau Monde";"44,8358630000";"3,7503640000"
"202100017257";"25";"09";"2021";"16:00";"1";"10";"10209";"1";"1";"1";"6";"D 1 G";"48,2757100000";"4,3025640000"
"202100017258";"26";"09";"2021";"00:40";"3";"36";"36087";"1";"1";"2";"6";"N/A";"46,5997920000";"0,9716030000"
"202100017259";"23";"09";"2021";"18:10";"1";"36";"36030";"1";"4";"1";"3";"N/A";"46,6170100000";"1,7768510000"
"202100017260";"25";"09";"2021";"06:25";"3";"21";"21024";"1";"1";"1";"7";"D 905";"47,4323260000";"4,5171190000"
"202100017261";"23";"09";"2021";"16:40";"1";"21";"21180";"1";"1";"1";"2";"D959";"47,2891710000";"5,4882500000"
"202100017262";"25";"09";"2021";"18:45";"1";"85";"85021";"1";"1";"2";"3";"L ÃmeriÃ¨re";"47,0526800000";" -1,2830880000"
"202100017263";"25";"08";"2021";"12:15";"1";"28";"28239";"1";"1";"1";"6";"RN 154";"48,6724330000";"1,3854790000"
"202100017264";"26";"09";"2021";"00:30";"3";"17";"17337";"1";"1";"1";"6";"DÃ©partementale 126";"45,9664390000";" -1,2536430000"
"202100017265";"26";"09";"2021";"07:10";"2";"17";"17250";"1";"1";"8";"6";"Lieu Dit Combe des Treuils";"45,4997450000";" -0,5649590000"
"202100017266";"26";"09";"2021";"06:30";"3";"17";"17250";"2";"1";"1";"6";"Rue de la Forge";"45,5057150000";" -0,5258070000"
"202100017267";"24";"09";"2021";"11:25";"1";"87";"87116";"2";"3";"1";"3";"4 Avenue du Stade";"46,1400430000";"1,0400860000"
"202100017268";"24";"09";"2021";"12:15";"1";"37";"37115";"2";"1";"1";"1";"132 Avenue Francois Mitterrand";"46,9890074022";"0,6716034901"
"202100017269";"25";"09";"2021";"02:15";"3";"37";"37156";"1";"1";"1";"6";"route dÃ©partementale 751";"47,4019800000";"0,7901140000"
"202100017270";"25";"09";"2021";"06:50";"2";"30";"30029";"2";"1";"1";"7";"D979";"44,3132010000";"4,3493790000"
"202100017271";"23";"09";"2021";"15:45";"1";"08";"08311";"1";"1";"1";"7";"D964";"49,6057000000";"5,0780670000"
"202100017272";"25";"09";"2021";"17:30";"1";"08";"08037";"1";"1";"1";"3";"CD 877";"49,8587640000";"4,3515190000"
"202100017273";"24";"09";"2021";"17:15";"1";"88";"88467";"1";"3";"1";"3";"D43";"47,9767427637";"6,7272564769"
"202100017274";"25";"09";"2021";"14:20";"1";"88";"88426";"1";"1";"1";"1";"Rue du Ballon d Alsace";"47,8376960000";"6,8334050000"
"202100017275";"24";"09";"2021";"02:30";"3";"72";"72047";"1";"1";"1";"6";"PK  084+000, autoroute A28";"47,9216340000";"0,3017810000"
"202100017276";"26";"09";"2021";"12:40";"1";"973";"97307";"2";"1";"1";"3";"Rue du Champ de Canne";"4,8764410000";" -52,3237420000"
"202100017277";"24";"09";"2021";"20:30";"3";"76";"76533";"1";"1";"1";"3";"A131";"49,4946490000";"0,2665350000"
"202100017278";"24";"09";"2021";"20:25";"3";"49";"49323";"1";"1";"1";"6";"Autoroute A11 Pk 257+900";"47,5003000000";" -0,4868100000"
"202100017279";"24";"09";"2021";"11:20";"1";"34";"34159";"1";"1";"1";"5";"pk 13 D116";"43,5207810000";"3,8269330000"
"202100017280";"26";"09";"2021";"11:37";"1";"01";"01049";"1";"1";"1";"2";"A42 sens GENEVE / LYON pk 014+400";"45,8397990000";"5,0483950000"
"202100017281";"25";"09";"2021";"18:00";"1";"67";"67101";"1";"1";"1";"3";"Autoroute A352";"48,5198520551";"7,4999177450"
"202100017282";"24";"09";"2021";"17:50";"1";"82";"82189";"1";"1";"1";"1";"d 68 PR 005+300";"44,1891180000";"1,2822042000"
"202100017283";"25";"09";"2021";"19:35";"2";"53";"53243";"1";"1";"1";"7";"D30";"48,1435970000";" -0,9365630000"
"202100017284";"25";"09";"2021";"11:30";"1";"13";"13060";"1";"1";"1";"2";"A8 PK027.100 sens NICE-AIX";"43,4967210000";"5,5249210000"
"202100017285";"23";"09";"2021";"09:30";"1";"42";"42157";"1";"1";"1";"1";"Route de la Benisson Dieu";"46,1398000000";"4,0127170000"
"202100017286";"24";"09";"2021";"14:25";"1";"06";"06088";"1";"1";"1";"3";"Autoroute A8 PÃ©age 1/2 sud PK189.400 SENS ITALIE FRANCE";"43,6999510000";"7,1883200000"
"202100017287";"25";"09";"2021";"09:30";"1";"38";"38331";"1";"1";"1";"7";"Autoroute A48 + PR 070+500";"45,3561260000";"5,5225180000"
"202100017288";"23";"09";"2021";"15:20";"1";"971";"97103";"2";"1";"1";"6";"Rue josÃ©phine Baker";"16,2568420000";" -61,5786910000"
"202100017289";"23";"09";"2021";"10:20";"1";"13";"13051";"1";"1";"1";"4";"A7";"43,5903450000";"5,1870600000"
"202100017290";"3";"05";"2021";"18:45";"1";"33";"33005";"2";"2";"1";"3";"Avenue de Bordeaux";"44,7478090000";" -1,0873880000"
"202100017291";"23";"09";"2021";"19:00";"5";"987";"98714";"1";"1";"1";"3";"Matira";" -16,5355170000";" -151,7464950000"
"202100017292";"26";"09";"2021";"15:40";"1";"974";"97422";"1";"1";"1";"1";"Rue Raphael DouyÃ¨re";" -21,2062160000";"55,5447700000"
"202100017293";"24";"08";"2021";"07:05";"1";"971";"97125";"2";"1";"1";"3";"N5";"16,2925310000";" -61,2898880000"
"202100017294";"25";"09";"2021";"08:15";"1";"971";"97112";"2";"2";"1";"6";"Allee Poirier";"15,8884540000";" -61,3165590000"
"202100017295";"24";"09";"2021";"15:15";"1";"971";"97129";"1";"1";"1";"3";"La Ramee";"16,3339637786";" -61,7129945755"
"202100017296";"26";"09";"2021";"03:10";"4";"971";"97107";"1";"6";"1";"7";"N1";"16,0528450000";" -61,5690350000"
"202100017297";"25";"09";"2021";"06:30";"4";"37";"37027";"1";"1";"1";"7";"A85";"47,2862288502";"1,0073934495"
"202100017298";"25";"09";"2021";"03:45";"3";"77";"77196";"1";"1";"5";"2";"N3";"48,9477240000";"2,7321990000"
"202100017299";"24";"09";"2021";"11:15";"1";"77";"77196";"1";"1";"1";"1";"D54";"48,9493650000";"2,7468820000"
"202100017300";"26";"09";"2021";"15:00";"1";"77";"77144";"1";"1";"2";"1";"D231";"48,7578800000";"2,9336650000"
"202100017301";"23";"09";"2021";"03:50";"3";"91";"91587";"1";"1";"1";"2";"N 20";"48,6949810000";"2,2865660000"
"202100017302";"26";"09";"2021";"04:45";"5";"2A";"2A041";"2";"1";"1";"1";"Avenue Charles de Gaulle";"41,3876960000";"9,1642450000"
"202100017303";"26";"09";"2021";"08:25";"1";"66";"66217";"2";"1";"1";"6";"8 Avenue du Stade";"42,6133540000";"2,8108180000"
"202100017304";"23";"09";"2021";"18:50";"1";"30";"30105";"1";"1";"1";"7";"D151";"44,0696840000";"3,4518800000"
"202100017305";"18";"09";"2021";"17:25";"1";"34";"34176";"1";"2";"1";"7";"D24";"43,6354230000";"4,0540410000"
"202100017306";"17";"09";"2021";"05:40";"3";"83";"83081";"1";"1";"1";"6";"D 562";"43,5974551873";"6,7992871408"
"202100017307";"24";"09";"2021";"20:01";"3";"04";"04039";"1";"1";"1";"1";"RD 4085";"43,8433720000";"6,5325040000"
"202100017308";"23";"09";"2021";"14:50";"1";"38";"38110";"1";"1";"1";"5";"D36";"45,5895070000";"4,8625230000"
"202100017309";"23";"09";"2021";"20:15";"5";"89";"89468";"1";"3";"1";"3";"D606";"48,0221620000";"3,3135420000"
"202100017310";"16";"09";"2021";"20:15";"5";"89";"89023";"2";"2";"1";"3";"Rue Pinon";"47,7658700000";"3,6124260000"
"202100017311";"24";"09";"2021";"09:15";"1";"89";"89438";"1";"1";"1";"6";"PK 161+900 A6";"47,8041910000";"3,6347370000"
"202100017312";"24";"09";"2021";"21:00";"3";"08";"08237";"1";"1";"1";"5";"D1";"49,8410680000";"4,7549990000"
"202100017313";"25";"09";"2021";"15:30";"1";"68";"68342";"1";"1";"1";"7";"D 431";"47,8402380000";"7,1502970000"
"202100017314";"21";"09";"2021";"18:14";"1";"68";"68130";"2";"1";"1";"7";"1 Rue du 7 FÃ©vrier";"47,9697980000";"7,5462560000"
"202100017315";"25";"09";"2021";"11:35";"1";"67";"67438";"1";"1";"1";"6";"D426";"48,4324180000";"7,6139120000"
"202100017316";"23";"09";"2021";"20:27";"5";"57";"57484";"2";"1";"1";"6";"45 Rue Nationale";"49,1671770000";"6,8668900000"
"202100017317";"26";"09";"2021";"10:05";"1";"63";"63470";"1";"1";"1";"6";"D986";"45,8817670000";"3,0543440000"
"202100017318";"24";"09";"2021";"15:35";"1";"42";"42299";"2";"1";"1";"6";"Rue du Champ de Mars";"45,6069870000";"4,0896120000"
"202100017319";"25";"09";"2021";"09:20";"1";"44";"44066";"1";"2";"1";"3";"Rue du Bois du Plessis";"47,3737060000";" -1,6049700000"
"202100017320";"25";"09";"2021";"17:55";"1";"38";"38190";"1";"1";"1";"7";"allÃ©e des champagnes hieres sur amby";"45,8118300000";"5,2956300000"
"202100017321";"25";"09";"2021";"02:26";"5";"38";"38158";"2";"2";"1";"3";"Rue Francois Quesnay";"45,1479400000";"5,7357310000"
"202100017322";"20";"09";"2021";"18:35";"2";"26";"26271";"1";"2";"1";"3";"Route du DauphinÃ©";"45,0250010000";"4,8682320000"
"202100017323";"24";"09";"2021";"20:45";"5";"01";"01249";"2";"1";"1";"3";"1920 Grande Rue";"45,8261170000";"4,9641510000"
"202100017324";"24";"09";"2021";"19:15";"1";"81";"81173";"1";"2";"1";"3";"N126";"43,6167637000";"1,7229240000"
"202100017325";"23";"09";"2021";"14:15";"1";"79";"79048";"2";"4";"1";"3";"Impasse Nicolas Appert";"46,3485420000";" -0,3091510000"
"202100017326";"24";"09";"2021";"18:05";"1";"86";"86054";"1";"1";"1";"7";"D1";"46,2201930000";"0,3253600000"
"202100017327";"26";"09";"2021";"01:00";"3";"33";"33393";"1";"1";"2";"6";"Route de Coutras";"45,0021790000";" -0,1836350000"
"202100017328";"23";"09";"2021";"06:35";"3";"33";"33262";"1";"1";"1";"1";"56 Avenue de la Coste";"44,9985000000";" -0,5950200000"
"202100017329";"24";"09";"2021";"15:20";"1";"49";"49301";"1";"1";"1";"2";"N249";"47,1205200000";" -1,0915360000"
"202100017330";"23";"09";"2021";"18:05";"1";"61";"61419";"1";"3";"7";"2";"La Baliziere";"48,5832070000";" -0,1728860000"
"202100017331";"25";"09";"2021";"01:15";"3";"72";"72147";"1";"1";"1";"6";"D47";"48,1068570000";"0,1968760000"
"202100017332";"25";"09";"2021";"00:40";"3";"29";"29022";"2";"1";"1";"6";"Rue AndrÃ© Antoine";"48,2722330000";" -4,6038940000"
"202100017333";"22";"09";"2021";"05:30";"3";"29";"29042";"1";"9";"1";"6";"D887 - Kergoff Portsalut";"48,2478150000";" -4,3996330000"
"202100017334";"24";"09";"2021";"16:30";"1";"29";"29055";"2";"6";"1";"6";"Giratoire de La Croix Rouge";"48,5631540000";" -4,3353670000"
"202100017335";"26";"09";"2021";"16:30";"1";"22";"22273";"1";"1";"1";"3";"La Ville MarquÃ©e";"48,5390000000";" -2,5358570000"
"202100017336";"22";"09";"2021";"15:45";"1";"22";"22162";"2";"2";"1";"3";"Rue de Goas Plat";"48,7760690000";" -3,0374190000"
"202100017337";"26";"09";"2021";"10:00";"1";"60";"60446";"1";"1";"1";"7";"D922";"49,1371930000";"2,7776960000"
"202100017338";"23";"09";"2021";"13:45";"1";"60";"60143";"1";"1";"1";"3";"N/A";"49,2762610000";"1,9092610000"
"202100017339";"23";"09";"2021";"07:55";"2";"59";"59581";"1";"2";"1";"3";"11 rue du fouquereau";"50,6624250000";"2,7619680000"
"202100017340";"24";"09";"2021";"08:00";"1";"59";"59592";"2";"2";"1";"3";"Rue Pierre Vienot";"50,4697120000";"3,0699920000"
"202100017341";"23";"09";"2021";"18:00";"1";"59";"59051";"2";"6";"1";"3";"rue de la gare";"50,5277040000";"2,8036270000"
"202100017342";"23";"09";"2021";"21:30";"3";"13";"13071";"1";"1";"1";"3";"A55 - Sens Marseille vers Martigues";"43,3977490000";"5,2870680000"
"202100017343";"24";"09";"2021";"17:02";"1";"13";"13106";"1";"1";"1";"2";"A51-Sens Aix en Provence vers Marseille";"43,4042800000";"5,3584500000"
"202100017344";"24";"09";"2021";"01:03";"3";"13";"13215";"1";"1";"1";"5";"A7-Sens Lyon vers Marseille";"43,3502560000";"5,3683190000"
"202100017345";"23";"09";"2021";"05:45";"2";"13";"13117";"1";"1";"1";"2";"A7-Sens Lyon vers Marseille";"43,4198800000";"5,2707700000"
"202100017346";"22";"09";"2021";"13:24";"1";"13";"13117";"1";"1";"1";"7";"A7-Sens Marseille vers Lyon";"43,4424200000";"5,2469700000"
"202100017347";"24";"09";"2021";"20:32";"3";"01";"01248";"1";"1";"1";"5";"A46N   14.305 A 17.210";"45,8859950000";"4,8942880000"
"202100017348";"12";"09";"2021";"20:00";"2";"69";"69382";"1";"1";"1";"2";"M7   0.000 A 2.278";"45,7462600000";"4,8288200000"