"Num_Acc";"jour";"mois";"an";"hrmn";"lum";"dep";"com";"agg";"int";"atm";"col";"adr";"lat";"long"
"202100017349";"21";"09";"2021";"17:40";"1";"54";"54571";"1";"1";"1";"2";"Autoroute A 33";"48,6184800000";"6,2534900000"
"202100017350";"25";"09";"2021";"17:30";"1";"33";"33039";"1";"1";"1";"2";"ROCADE A 630";"44,7977440000";" -0,5374660000"
"202100017351";"25";"09";"2021";"02:19";"3";"33";"33366";"1";"1";"1";"6";"AUTOROUTE A 10";"44,9954400000";" -0,4268000000"
"202100017352";"23";"09";"2021";"15:20";"1";"33";"33249";"2";"3";"1";"3";"Rocade Rive Droite N230 -E26-";"44,8678790000";" -0,5064750000"
"202100017353";"24";"09";"2021";"10:20";"1";"33";"33249";"1";"1";"1";"2";"Autoroute A10";"44,8849000000";" -0,5106300000"
"202100017354";"21";"09";"2021";"08:15";"1";"33";"33550";"1";"1";"1";"4";"Autoroute des Deux Mers A62";"44,7733490000";" -0,5559360000"
"202100017355";"13";"09";"2021";"10:45";"1";"59";"59271";"1";"1";"1";"2";"AUTOROUTE A16";"51,0048118601";"2,3132973241"
"202100017356";"22";"09";"2021";"17:34";"1";"62";"62907";"1";"1";"1";"4";"AUTOROUTE A1";"50,4961750000";"3,0005190000"
"202100017357";"25";"09";"2021";"17:50";"1";"91";"91689";"1";"1";"1";"3";"AUTOROUTE A6B";"48,7413700000";"2,3193400000"
"202100017358";"25";"09";"2021";"10:25";"1";"91";"91179";"1";"9";"1";"6";"RN 337";"48,5573715648";"2,4920940399"
"202100017359";"25";"09";"2021";"05:35";"3";"91";"91377";"1";"1";"1";"2";"AUTOROUTE A10";"48,7235300000";"2,2977800000"
"202100017360";"24";"09";"2021";"19:15";"1";"91";"91161";"1";"1";"1";"5";"AUTOROUTE A6";"48,6956400000";"2,3178200000"
"202100017361";"24";"09";"2021";"08:00";"1";"91";"91064";"1";"1";"1";"2";"RN 118";"48,7675500000";"2,2300600000"
"202100017362";"23";"09";"2021";"17:30";"1";"91";"91136";"1";"1";"1";"3";"AUTOROUTE A10";"48,7133500000";"2,2795700000"
"202100017363";"23";"09";"2021";"15:20";"1";"94";"94021";"1";"1";"1";"3";"AUTOROUTE A6B";"48,7713000000";"2,3450200000"
"202100017364";"23";"09";"2021";"09:15";"1";"91";"91363";"1";"1";"1";"3";"RN 104";"48,6461400000";"2,1922700000"
"202100017365";"23";"09";"2021";"07:30";"1";"91";"91363";"1";"1";"1";"3";"RN 104";"48,6348480000";"2,2135900000"
"202100017366";"22";"09";"2021";"19:30";"5";"94";"94043";"1";"1";"1";"3";"AUTOROUTE A6B";"48,8058902776";"2,3455568669"
"202100017367";"25";"09";"2021";"15:05";"1";"92";"92036";"1";"1";"1";"7";"A86";"48,9337071386";"2,2742219004"
"202100017368";"25";"09";"2021";"12:30";"1";"92";"92050";"1";"1";"1";"2";"A86";"48,9074484080";"2,2123349753"
"202100017369";"25";"09";"2021";"06:00";"3";"92";"92050";"1";"1";"1";"3";"A86";"48,9154302971";"2,2202267987"
"202100017370";"25";"09";"2021";"00:00";"5";"92";"92050";"1";"1";"1";"6";"A14";"48,9000874695";"2,2094467145"
"202100017371";"24";"09";"2021";"19:15";"3";"78";"78073";"1";"9";"1";"3";"A12 Y";"48,8028310000";"2,0478380000"
"202100017372";"23";"09";"2021";"22:45";"3";"78";"78640";"1";"1";"1";"6";"N118";"48,7836900000";"2,2228600000"
"202100017373";"23";"09";"2021";"20:00";"5";"92";"92064";"1";"1";"1";"2";"A13";"48,8394936751";"2,2046648274"
"202100017374";"23";"09";"2021";"19:00";"1";"92";"92064";"1";"1";"1";"3";"A13";"48,8428841779";"2,2225132585"
"202100017375";"23";"09";"2021";"09:00";"1";"92";"92047";"1";"1";"1";"2";"A13";"48,8366424174";"2,1861386528"
"202100017376";"22";"09";"2021";"21:40";"5";"92";"92064";"1";"1";"1";"3";"A13";"48,8392352667";"2,2131657600"
"202100017377";"22";"09";"2021";"19:38";"1";"92";"92050";"1";"1";"1";"4";"A86";"48,9057500000";"2,2100100000"
"202100017378";"24";"09";"2021";"16:13";"1";"93";"93078";"1";"1";"1";"2";"N2";"48,9571700000";"2,5264300000"
"202100017379";"24";"09";"2021";"12:50";"1";"93";"93027";"1";"1";"1";"4";"AUTOROUTE A86";"48,9243688936";"2,3881320871"
"202100017380";"24";"09";"2021";"07:45";"1";"93";"93005";"1";"1";"2";"2";"AUTOROUTE A1";"48,9628950000";"2,4705300000"
"202100017381";"23";"09";"2021";"01:15";"3";"95";"95394";"1";"1";"1";"6";" A115";"49,0477600000";"2,1841700000"
"202100017382";"23";"09";"2021";"18:10";"1";"93";"93064";"1";"1";"1";"2";"AUTOROUTE A3";"48,8838600000";"2,4694400000"
"202100017383";"23";"09";"2021";"17:30";"1";"92";"92036";"1";"1";"1";"2";"AUTOROUTE A86";"48,9390465105";"2,3061312878"
"202100017384";"23";"09";"2021";"08:30";"1";"95";"95392";"1";"1";"1";"5";"RN 184";"49,0670200000";"2,2166000000"
"202100017385";"23";"09";"2021";"10:35";"1";"93";"93048";"1";"1";"1";"4";"AUTOROUTE A3";"48,8718400000";"2,4330100000"
"202100017386";"23";"09";"2021";"09:25";"1";"93";"93005";"1";"1";"1";"3";"AUTOROUTE A3";"48,9543500000";"2,4735600000"
"202100017387";"22";"09";"2021";"16:00";"1";"95";"95563";"1";"1";"1";"2";"A115";"49,0101179049";"2,2314513240"
"202100017388";"23";"09";"2021";"07:50";"1";"93";"93066";"1";"1";"1";"6";"AUTOROUTE A86";"48,9229344984";"2,3450405446"
"202100017389";"22";"09";"2021";"18:50";"1";"93";"93066";"1";"1";"1";"4";"AUTOROUTE A1";"48,9295728705";"2,3619260807"
"202100017390";"22";"09";"2021";"11:00";"1";"95";"95572";"1";"1";"1";"2";"RN 184";"49,0494000000";"2,1389200000"
"202100017391";"22";"09";"2021";"08:30";"1";"92";"92036";"1";"1";"1";"2";"AUTOROUTE A15";"48,9390027228";"2,2956647869"
"202100017392";"10";"09";"2021";"18:30";"1";"93";"93005";"1";"1";"2";"2";"AUTOROUTE A1";"48,9625000000";"2,4669700000"
"202100017393";"24";"09";"2021";"23:10";"3";"77";"77517";"1";"1";"1";"6";"A104";"48,8976190000";"2,6597210000"
"202100017394";"24";"09";"2021";"19:00";"3";"93";"93051";"1";"1";"1";"3";"A4";"48,8366200000";"2,5489400000"
"202100017395";"24";"09";"2021";"02:45";"5";"94";"94017";"1";"1";"1";"6";"A86.EXT";"48,8304152867";"2,4904232978"
"202100017396";"23";"09";"2021";"10:00";"1";"77";"77083";"1";"1";"1";"2";"A4.W";"48,8342000000";"2,5899000000"
"202100017397";"22";"09";"2021";"20:30";"3";"77";"77018";"1";"1";"1";"2";"A4";"48,8354440000";"2,8075550000"
"202100017398";"22";"09";"2021";"19:00";"1";"93";"93051";"1";"1";"1";"3";"A4";"48,8363720000";"2,5546090000"
"202100017399";"22";"09";"2021";"15:00";"1";"77";"77175";"1";"1";"1";"3";"RN104";"48,6685290000";"2,6123620000"
"202100017400";"25";"06";"2021";"15:15";"1";"74";"74042";"1";"1";"1";"1";"D1205";"46,0903950000";"6,3766820000"
"202100017401";"18";"05";"2021";"16:45";"1";"74";"74042";"2";"1";"8";"6";"R des Iles";"46,0837060000";"6,4011780000"
"202100017402";"22";"09";"2021";"07:50";"1";"976";"97611";"2";"4";"1";"3";"cavani-Manguiers (rue des)";" -12,7851300000";"45,2283200000"
"202100017403";"22";"09";"2021";"10:45";"1";"974";"97416";"1";"1";"1";"2";"BELIERS (ALLEE DES)";" -21,2967200000";"55,4678300000"
"202100017404";"22";"09";"2021";"09:45";"1";"974";"97416";"1";"1";"1";"4";"ANCIENNE RN 1";" -21,3245000000";"55,4455000000"
"202100017405";"22";"09";"2021";"14:05";"1";"974";"97407";"2";"1";"1";"3";"ROMERO(AVENUE)";" -20,9455900000";"55,2982500000"
"202100017406";"22";"09";"2021";"22:30";"5";"69";"69387";"2";"1";"1";"7";"JEAN BOUIN (R)";"45,7213166084";"4,8317696336"
"202100017407";"22";"09";"2021";"19:54";"5";"69";"69383";"2";"2";"1";"6";"GUILLOTIERE (DE LA)                 (PT)";"45,7562800000";"4,8402900000"
"202100017408";"22";"09";"2021";"10:15";"1";"69";"69388";"2";"1";"1";"7";"THOMAS BLANCHET                     (R )";"45,7369885716";"4,8830980312"
"202100017409";"22";"09";"2021";"07:50";"1";"69";"69388";"2";"3";"1";"4";"PINEL (BD)";"45,7287841233";"4,8865865171"
"202100017410";"22";"09";"2021";"13:00";"1";"971";"97101";"1";"1";"1";"1";"BESSON";"16,2355800000";" -61,5036300000"
"202100017411";"22";"09";"2021";"11:40";"1";"2A";"2A004";"2";"2";"1";"3";"ALATA ROUTE";"41,9345200000";"8,7367100000"
"202100017412";"22";"09";"2021";"17:08";"1";"95";"95019";"2";"2";"7";"6";"rue Henri Barbusse";"48,9842400000";"2,4175900000"
"202100017413";"22";"09";"2021";"18:15";"1";"91";"91645";"2";"6";"1";"2";"VALLEE DE LA BIEVRES (VOIE DE LA)";"48,7356970000";"2,2380670000"
"202100017414";"22";"09";"2021";"07:35";"1";"91";"91114";"2";"6";"1";"6";"RPT DU DONJON";"48,7008100000";"2,5056100000"
"202100017415";"22";"09";"2021";"16:30";"1";"91";"91286";"2";"1";"7";"5";"PLESSIS (CHEMIN DU)";"48,6515020000";"2,3853040000"
"202100017416";"22";"09";"2021";"14:18";"1";"91";"91286";"2";"3";"1";"3";"PASTEUR (RUE)";"48,6542080000";"2,3941580000"
"202100017417";"20";"09";"2021";"16:58";"1";"87";"87085";"2";"1";"1";"6";"ROUSSILLON (AVENUE DU)";"45,8202500000";"1,2240800000"
"202100017418";"22";"09";"2021";"13:15";"1";"83";"83069";"2";"1";"1";"3";"VICTORIA (AVENUE)";"43,1139214188";"6,1244112253"
"202100017419";"20";"09";"2021";"13:15";"1";"80";"80131";"1";"1";"1";"2";"RD 934";"49,8414400000";"2,4307300000"
"202100017420";"22";"09";"2021";"14:50";"1";"79";"79191";"2";"3";"1";"3";"Rue Condorcet";"46,3387500000";" -0,4012100000"
"202100017421";"22";"09";"2021";"09:30";"1";"78";"78133";"2";"9";"1";"3";"MANTES (ROUTE DE)";"48,9068960000";"2,0485550000"
"202100017422";"22";"09";"2021";"17:10";"1";"77";"77372";"2";"9";"1";"2";"VILLEVAUDE (RUE DE  )";"48,8814900000";"2,6617500000"
"202100017423";"22";"09";"2021";"13:00";"1";"76";"76429";"2";"2";"1";"2";"REPUBLIQUE. RUE DE LA";"49,4107265551";"1,1428678036"
"202100017424";"21";"09";"2021";"20:20";"5";"76";"76575";"2";"3";"1";"6";"GROUPE SCOLAIRE HENRI WALLON";"49,3950190000";"1,0692000000"
"202100017425";"22";"09";"2021";"01:55";"5";"76";"76351";"2";"1";"1";"6";"ABBE DE L'EPEE";"49,5022300000";"0,1395200000"
"202100017426";"21";"09";"2021";"19:15";"1";"76";"76351";"2";"3";"1";"3";"ALBERT SAMAIN";"49,5175000000";"0,0895800000"
"202100017427";"22";"09";"2021";"12:30";"1";"76";"76026";"2";"1";"1";"1";"RD 54";"49,8808360000";"1,1211370000"
"202100017428";"22";"09";"2021";"14:45";"1";"74";"74218";"1";"1";"1";"3";"RIVE (AVENUE DE LA) RD 1005";"46,3948900000";"6,5499500000"
"202100017429";"22";"09";"2021";"20:25";"5";"72";"72181";"2";"2";"1";"1";"PREMARTINE (RUE) NÂ° IMP 1 A 41";"48,0079915568";"0,2097415922"
"202100017430";"22";"09";"2021";"17:05";"1";"72";"72181";"2";"1";"1";"1";"ITALIENS (BD DES)";"47,9960000000";"0,2075700000"
"202100017431";"20";"09";"2021";"14:40";"1";"71";"71076";"2";"1";"1";"3";"Rue Georges Derrien";"46,7876500000";"4,8674900000"
"202100017432";"22";"09";"2021";"23:15";"5";"69";"69266";"2";"2";"1";"1";"PIERRE VOYANT (R)";"45,7670000000";"4,9005900000"
"202100017433";"22";"09";"2021";"05:26";"5";"69";"69256";"2";"3";"1";"1";"GARIBALDI                           (AV)";"45,7664100000";"4,9298700000"
"202100017434";"21";"09";"2021";"18:20";"1";"69";"69290";"2";"1";"1";"2";"EDOUARD HERRIOT (BD)";"45,6946000000";"4,9402900000"
"202100017435";"21";"09";"2021";"18:15";"1";"69";"69264";"2";"1";"1";"6";"LOYSON DE CHASTELUS (R)";"45,9878700000";"4,7262700000"
"202100017436";"21";"09";"2021";"13:38";"1";"68";"68066";"2";"6";"7";"1";"ALSACE (RUE D')";"48,0624500000";"7,3626900000"
"202100017437";"21";"09";"2021";"15:57";"1";"66";"66136";"2";"6";"1";"2";"BALEARES ROND POINT ET CITE DES";"42,6884600000";"2,8950300000"
"202100017438";"21";"09";"2021";"13:10";"1";"65";"65286";"2";"4";"3";"3";"BEGUERE (AVENUE ANTOINE)";"43,1000700000";" -0,0530700000"
"202100017439";"22";"09";"2021";"17:55";"1";"64";"64284";"2";"1";"1";"3";"BERNADOTTE";"43,2854000000";" -0,3807200000"
"202100017440";"21";"09";"2021";"16:03";"1";"63";"63113";"2";"1";"1";"7";"PRE LA REINE (RUE DU)";"45,7852800000";"3,1164500000"
"202100017441";"22";"09";"2021";"21:05";"3";"62";"62083";"1";"1";"1";"7";"RD 301 (ROCADE MINIERE)";"50,4460900000";"2,5999170000"
"202100017442";"22";"09";"2021";"21:30";"3";"62";"62516";"1";"6";"1";"2";"C.D 916";"50,5786400000";"2,5010900000"
"202100017443";"22";"09";"2021";"20:53";"5";"59";"59367";"2";"3";"1";"3";"FRESNOY (RUE DU)";"50,6752800000";"3,2290800000"
"202100017444";"18";"09";"2021";"16:00";"1";"59";"59043";"2";"3";"1";"3";"LOCRE (ROUTE DE)";"50,7576697243";"2,7514645599"
"202100017445";"4";"09";"2021";"22:40";"5";"58";"58194";"2";"6";"1";"3";"RENE MARLIN (CARREFOUR)";"46,9999000000";"3,1558000000"
"202100017446";"26";"04";"2021";"19:00";"1";"58";"58194";"2";"3";"1";"3";"HENRI BOUQUILLARD";"46,9957000000";"3,1307000000"
"202100017447";"21";"09";"2021";"07:50";"1";"57";"57221";"2";"3";"1";"3";"LORRAINE (AVENUE DE)";"49,3256500000";"6,1226300000"
"202100017448";"21";"09";"2021";"20:40";"5";"54";"54273";"2";"6";"1";"6";"LAFAYETTE (AVENUE)";"49,1659500000";"5,8820200000"
"202100017449";"21";"09";"2021";"17:45";"1";"51";"51454";"2";"1";"1";"2";"Boulevard Louis Roederer";"49,2573418234";"4,0237182876"
"202100017450";"22";"09";"2021";"11:10";"1";"47";"47201";"2";"1";"1";"6";"BERGE (VOIE SUR)";"44,2017800000";"0,6067000000"
"202100017451";"22";"09";"2021";"08:00";"1";"44";"44109";"2";"1";"1";"1";"BOULEVARD DE VENDEE";"47,1821000000";" -1,5185300000"
"202100017452";"22";"09";"2021";"21:20";"5";"42";"42187";"2";"1";"1";"6";"Rue Mulsant";"46,0394180652";"4,0547480732"
"202100017453";"22";"09";"2021";"11:32";"1";"37";"37214";"2";"1";"1";"6";"DE GAULLE (BD CHARLES)";"47,4252759234";"0,6555906568"
"202100017454";"22";"09";"2021";"08:25";"1";"37";"37261";"2";"2";"1";"6";"JOLIVET (RUE)";"47,3852125581";"0,7069741309"
"202100017455";"21";"09";"2021";"17:20";"1";"37";"37214";"2";"1";"1";"3";"LOIRE (QUAI DE LA)";"47,3984853687";"0,6712804735"
"202100017456";"22";"09";"2021";"18:50";"1";"35";"35238";"2";"2";"1";"3";"GUINES (BD DE)";"48,1012000000";" -1,6900300000"
"202100017457";"22";"09";"2021";"22:10";"5";"34";"34129";"2";"2";"1";"3";"RAYMOND DUGRAND (AVENUE)";"43,5909800000";"3,9085700000"
"202100017458";"22";"09";"2021";"18:20";"1";"34";"34172";"2";"1";"7";"6";"Rue du Jeu de Mail des Abbes";"43,6220800000";"3,8829000000"
"202100017459";"21";"09";"2021";"19:14";"1";"34";"34172";"2";"2";"1";"3";"AEROPORT INTERNATIONAL (BOULEVARD DE L')";"43,6088000000";"3,8942400000"
"202100017460";"21";"09";"2021";"12:20";"1";"34";"34032";"2";"1";"1";"6";"FEYNES FRANCOIS (RUE)";"43,3366300000";"3,2255600000"
"202100017461";"22";"09";"2021";"22:10";"5";"33";"33090";"2";"6";"1";"6";"Rue Gaspard Monge";"44,7772450000";" -0,6583850000"
"202100017462";"22";"09";"2021";"22:40";"3";"33";"33039";"2";"1";"1";"4";"QUAI DU PRESIDENT WILSON";"44,8123400000";" -0,5342400000"
"202100017463";"22";"09";"2021";"17:10";"1";"33";"33063";"2";"1";"1";"3";"Cours Victor Hugo";"44,8359200000";" -0,5720400000"
"202100017464";"22";"09";"2021";"15:10";"1";"33";"33529";"1";"6";"7";"3";"PISTE 214";"44,5778000000";" -1,1423000000"
"202100017465";"22";"09";"2021";"19:00";"2";"30";"30007";"2";"3";"1";"3";"UZES (ROUTE D')";"44,1096200000";"4,1124300000"
"202100017466";"22";"09";"2021";"18:42";"1";"29";"29019";"2";"1";"1";"6";"Rue de Valmy";"48,4020320000";" -4,4668830000"
"202100017467";"22";"09";"2021";"19:45";"2";"28";"28134";"2";"2";"1";"3";"LIEVRE D'OR (RUE DU)";"48,7349800000";"1,3873100000"
"202100017468";"22";"09";"2021";"12:10";"1";"28";"28134";"2";"1";"1";"3";"SENARMONT (RUE DE)";"48,7366700000";"1,3689200000"
"202100017469";"22";"09";"2021";"18:30";"1";"27";"27351";"1";"1";"1";"5";"DELAMARE (RUE ABBE)";"49,2363400000";"1,1866200000"
"202100017470";"19";"09";"2021";"09:05";"1";"24";"24322";"2";"1";"1";"6";"SEMARD (RUE PIERRE)";"45,1932000000";"0,7060400000"
"202100017471";"22";"09";"2021";"08:55";"1";"22";"22113";"1";"1";"1";"3";"KERMARIA SULARD (ROUTE DE)";"48,7514900000";" -3,4164100000"
"202100017472";"22";"09";"2021";"18:30";"2";"16";"16291";"2";"1";"1";"2";"N/A";"45,6820800000";"0,2199460000"
"202100017473";"21";"09";"2021";"19:00";"1";"14";"14118";"1";"1";"1";"4";"ECHANGEUR NÂ° 6 ( VALLEE DES JARDINS )";"49,1956900000";" -0,3903600000"
"202100017474";"17";"09";"2021";"19:00";"2";"13";"13117";"2";"1";"1";"3";"CONSTANT ( AVENUE JEAN ETIENNE )";"43,4395800000";"5,2561000000"
"202100017475";"22";"09";"2021";"22:20";"5";"13";"13210";"2";"1";"1";"3";"FLORIAN ( ROND POINT)";"43,2834714367";"5,4270140539"
"202100017476";"22";"09";"2021";"18:40";"2";"13";"13075";"2";"1";"1";"1";"PAUL SIRVENT (AVE)";"43,3449307048";"5,4607825484"
"202100017477";"22";"09";"2021";"08:30";"1";"13";"13211";"2";"9";"1";"1";"SAINT MARCEL (BOULEVARD DE )";"43,2875407109";"5,4651018444"
"202100017478";"22";"09";"2021";"00:35";"4";"13";"13210";"2";"2";"1";"3";"SAINT JEAN (BOULEVARD)";"43,2796000000";"5,4079600000"
"202100017479";"21";"09";"2021";"15:30";"1";"13";"13207";"2";"1";"1";"1";"TELLENE (BOULEVARD)";"43,2858783730";"5,3671234578"
"202100017480";"21";"09";"2021";"10:18";"1";"13";"13201";"2";"3";"1";"3";"JOSEPH THIERRY (COURS)";"43,3006900000";"5,3863900000"
"202100017481";"22";"09";"2021";"21:15";"5";"13";"13001";"2";"3";"1";"1";"MOLLE (RUE DE LA)";"43,5308200000";"5,4421600000"
"202100017482";"21";"09";"2021";"13:50";"1";"11";"11069";"2";"2";"1";"3";"DUJARDIN-BEAUMETZ";"43,2098000000";"2,3605000000"
"202100017483";"21";"09";"2021";"18:50";"1";"02";"02691";"2";"6";"1";"6";"LAFAYETTE (PLACE)";"49,8511421579";"3,2869527913"
"202100017484";"22";"09";"2021";"18:00";"1";"75";"75116";"2";"1";"1";"3";"BD PERIPHERIQUE EXTERIEUR";"48,8602770000";"2,2633730000"
"202100017485";"22";"09";"2021";"08:50";"1";"75";"75113";"2";"1";"1";"3";"BD PERIPHERIQUE INTERIEUR";"48,8257910000";"2,3865890000"
"202100017486";"21";"09";"2021";"15:50";"1";"75";"75116";"2";"1";"1";"2";"BD PERIPHERIQUE EXTERIEUR";"48,8698870000";"2,2715100000"
"202100017487";"21";"09";"2021";"12:27";"1";"75";"75116";"2";"1";"1";"3";"AVENUE KLEBER";"48,8704160000";"2,2926650000"
"202100017488";"21";"09";"2021";"05:00";"5";"75";"75120";"2";"2";"1";"6";"RUE DES FRERES FLAVIEN";"48,8784090349";"2,4107078081"
"202100017489";"22";"09";"2021";"21:09";"5";"75";"75118";"2";"2";"1";"3";"BOULEVARD BARBES";"48,8883510000";"2,3495800000"
"202100017490";"22";"09";"2021";"19:45";"2";"75";"75117";"2";"4";"1";"6";"AVENUE BRUNETIERE";"48,8907720000";"2,3019270000"
"202100017491";"21";"09";"2021";"12:05";"1";"75";"75117";"2";"7";"1";"2";"AVENUE MAC MAHON";"48,8748441694";"2,2948659666"
"202100017492";"22";"09";"2021";"12:45";"1";"75";"75116";"2";"1";"1";"3";"RUE LE MAROIS";"48,8391380000";"2,2619660000"
"202100017493";"22";"09";"2021";"00:55";"5";"75";"75116";"2";"4";"1";"2";"AVENUE DE VERSAILLES";"48,8381831218";"2,2582026453"
"202100017494";"22";"09";"2021";"11:20";"1";"75";"75114";"2";"3";"1";"3";"BOULEVARD RASPAIL";"48,8377920000";"2,3311630000"
"202100017495";"22";"09";"2021";"20:04";"5";"75";"75113";"2";"4";"1";"3";"BOULEVARD DE L HOPITAL";"48,8358740000";"2,3587690000"
"202100017496";"22";"09";"2021";"20:30";"2";"75";"75113";"2";"1";"1";"6";"RUE TAGORE";"48,8204990000";"2,3595770000"
"202100017497";"22";"09";"2021";"13:41";"1";"75";"75113";"2";"3";"1";"6";"BOULEVARD AUGUSTE BLANQUI";"48,8299330000";"2,3484810000"
"202100017498";"22";"09";"2021";"12:30";"1";"75";"75113";"2";"5";"1";"3";"BOULEVARD MASSENA";"48,8217010000";"2,3693790000"
"202100017499";"22";"09";"2021";"08:30";"1";"75";"75113";"2";"1";"1";"6";"BOULEVARD MASSENA";"48,8207730000";"2,3667410000"
"202100017500";"22";"09";"2021";"19:15";"2";"75";"75112";"2";"4";"1";"6";"AVENUE DAUMESNIL";"48,8389076690";"2,3974414253"
"202100017501";"22";"09";"2021";"11:15";"1";"75";"75112";"2";"2";"7";"3";"BOULEVARD DIDEROT";"48,8467740000";"2,3817490000"
"202100017502";"22";"09";"2021";"08:00";"1";"75";"75112";"2";"1";"1";"2";"ROUTE DE LA TOURELLE";"48,8434049334";"2,4229654670"
"202100017503";"22";"09";"2021";"01:05";"5";"75";"75120";"2";"3";"1";"1";"RUE DES ORTEAUX";"48,8570399390";"2,3981469870"
"202100017504";"22";"09";"2021";"10:45";"1";"75";"75108";"2";"3";"1";"3";"BOULEVARD MALESHERBES";"48,8756580000";"2,3189090000"
"202100017505";"22";"09";"2021";"10:00";"1";"75";"75108";"2";"3";"1";"3";"AVENUE GABRIEL";"48,8690430000";"2,3147530000"
"202100017506";"22";"09";"2021";"10:20";"1";"94";"94081";"2";"3";"1";"3";"JULES GUESDE (QU)";"48,7833500000";"2,4178200000"
"202100017507";"20";"09";"2021";"18:50";"1";"94";"94068";"2";"1";"1";"1";"Boulevard du GÃ©nÃ©ral FerriÃ©";"48,8069800000";"2,4653900000"
"202100017508";"22";"09";"2021";"21:15";"5";"94";"94077";"2";"1";"1";"2";"LE FOLL (AV)";"48,7282900000";"2,4344500000"
"202100017509";"22";"09";"2021";"11:05";"1";"94";"94077";"2";"3";"1";"1";"COLONEL PIERRE BROSSOLETTE (R DU)";"48,7305800000";"2,4260100000"
"202100017510";"21";"09";"2021";"23:44";"5";"93";"93073";"2";"2";"1";"3";"Rue de la Marne / Avenue Pierre Colongo";"48,9385400000";"2,5809000000"
"202100017511";"22";"09";"2021";"15:25";"1";"93";"93066";"2";"1";"7";"3";"Rue Paul Eluard";"48,9399500000";"2,3449800000"
"202100017512";"21";"09";"2021";"22:50";"5";"93";"93062";"2";"3";"1";"3";"RESISTANCE (AVENUE DE LA)";"48,8986200000";"2,5168700000"
"202100017513";"21";"09";"2021";"23:45";"5";"93";"93077";"2";"3";"1";"3";"Avenue de Rosny / Rue de la Fosse aux Bergers";"48,8822960000";"2,4974060000"
"202100017514";"20";"09";"2021";"18:20";"1";"93";"93053";"2";"3";"1";"3";"GALLIENI (AVENUE)";"48,8963300000";"2,4610200000"
"202100017515";"22";"09";"2021";"19:00";"1";"93";"93051";"2";"1";"1";"1";"LUCIEN SALLES (AVENUE)";"48,8236200000";"2,5762400000"
"202100017516";"21";"09";"2021";"17:40";"1";"93";"93048";"2";"2";"1";"6";"Avenue du PrÃ©sident Wilson / Rue Marcellin Berthelot";"48,8555600000";"2,4395900000"
"202100017517";"22";"09";"2021";"10:00";"1";"93";"93057";"2";"2";"1";"3";"Allee Louis Calmanovic";"48,9093110000";"2,5032870000"
"202100017518";"22";"09";"2021";"17:45";"1";"93";"93008";"2";"9";"1";"3";"BARBUSSE (AVENUE HENRI) A30";"48,9084000000";"2,4273600000"
"202100017519";"22";"09";"2021";"14:45";"1";"92";"92075";"2";"1";"1";"6";"RAYMOND MARCHERON (RUE)";"48,8189100000";"2,2869800000"
"202100017520";"22";"09";"2021";"13:30";"1";"92";"92050";"2";"3";"1";"3";"CLEMENCEAU GEORGES AVENUE NÂ°IMPAIR";"48,8853192812";"2,2243756039"
"202100017521";"21";"09";"2021";"08:35";"1";"92";"92050";"2";"6";"1";"3";"BOULE PLACE DE LA";"48,8873325043";"2,2005797385"
"202100017522";"22";"09";"2021";"20:10";"5";"92";"92026";"2";"1";"1";"7";"GEORGES CLEMENCEAU";"48,9027400000";"2,2742300000"
"202100017523";"22";"09";"2021";"12:50";"1";"92";"92026";"2";"2";"1";"3";"MISSION MARCHAND (COTE IMPAIR)";"48,8999100000";"2,2397500000"
"202100017524";"22";"09";"2021";"09:50";"1";"92";"92012";"2";"9";"1";"2";"POINT DU JOUR (QUAI DU)";"48,8304518430";"2,2571778190"
"202100017525";"22";"09";"2021";"10:20";"1";"92";"92002";"2";"1";"1";"2";"MAURICE LABROUSSE (RUE)";"48,7545978696";"2,2976656518"
"202100017526";"20";"09";"2021";"17:25";"1";"49";"49063";"2";"1";"1";"3";"27 Avenue de la Gare";"47,3465990000";" -0,7468410000"
"202100017527";"15";"09";"2021";"14:20";"1";"38";"38425";"2";"9";"1";"7";"5 Route des Dames";"45,4018140000";"4,7687210000"
"202100017528";"22";"09";"2021";"11:20";"1";"60";"60157";"2";"1";"1";"5";"Rue de Paris";"49,3712390000";"2,4164640000"
"202100017529";"22";"09";"2021";"16:00";"1";"71";"71007";"1";"4";"1";"1";"D188";"46,5104688514";"4,6463396188"
"202100017530";"23";"09";"2021";"07:15";"2";"21";"21016";"1";"1";"1";"2";"A31";"47,3596561204";"5,1625979139"
"202100017531";"22";"09";"2021";"22:40";"3";"51";"51585";"1";"1";"1";"7";"D3";"49,0802260000";"3,6850660000"
"202100017532";"17";"09";"2021";"13:15";"1";"14";"14061";"2";"6";"1";"2";"D295";"48,8935130000";" -0,8826670000"
"202100017533";"11";"09";"2021";"10:40";"1";"14";"14061";"2";"1";"1";"6";"9 Rue de Vire (Campeaux)";"48,9505810000";" -0,9315790000"
"202100017534";"22";"09";"2021";"20:53";"3";"76";"76122";"1";"1";"1";"4";"AUTOROUTE A 28 PK 48.500 en direction Rouen";"49,7959790906";"1,5031930216"
"202100017535";"22";"09";"2021";"17:20";"1";"91";"91666";"2";"9";"1";"1";"Rue de Villejust";"48,6741760000";"2,2198500000"
"202100017536";"22";"09";"2021";"11:45";"1";"58";"58086";"2";"1";"1";"6";"Rue Saint-Jacques";"47,4107370000";"2,9248520000"
"202100017537";"22";"09";"2021";"13:55";"1";"06";"06126";"2";"4";"1";"6";"avenue des moulins";"43,8235460000";"7,1905600000"