"Num_Acc";"jour";"mois";"an";"hrmn";"lum";"dep";"com";"agg";"int";"atm";"col";"adr";"lat";"long"
"202100017538";"7";"08";"2021";"12:30";"1";"56";"56003";"1";"1";"7";"3";"D101";"47,6355000000";" -2,8388730000"
"202100017539";"23";"09";"2021";"14:30";"1";"78";"78591";"2";"1";"1";"6";"Place de la Mairie";"48,8922400000";"1,6788430000"
"202100017540";"22";"09";"2021";"04:20";"3";"2B";"2B167";"1";"1";"1";"6";"Cattero";"42,5372556588";"8,8476204874"
"202100017541";"23";"09";"2021";"01:35";"3";"41";"41126";"1";"1";"1";"1";"Autoroute A85 PK 147+800";"47,2923290000";"1,2988010000"
"202100017542";"19";"09";"2021";"09:45";"1";"33";"33406";"1";"1";"1";"6";"D17";"44,8952040000";" -0,0568610000"
"202100017543";"23";"09";"2021";"17:25";"1";"71";"71014";"1";"3";"1";"7";"D681";"46,9871580000";"4,3134800000"
"202100017544";"23";"09";"2021";"00:15";"5";"89";"89074";"2";"1";"1";"6";"51 rue du centre";"48,3214150000";"3,1226180000"
"202100017545";"23";"09";"2021";"15:35";"1";"89";"89025";"2";"3";"1";"1";"Route de Sauvigny";"47,4975030000";"3,9257670000"
"202100017546";"23";"09";"2021";"11:55";"1";"89";"89378";"1";"3";"1";"3";"Route dÃ©partementale 606";"47,4968140000";"3,9669470000"
"202100017547";"23";"09";"2021";"08:20";"2";"47";"47073";"1";"1";"5";"2";"Route de Prayssas";"44,3193940000";"0,5761370000"
"202100017548";"22";"09";"2021";"17:45";"1";"38";"38108";"1";"1";"1";"6";"Lieu dit les chartreux";"45,0664280000";"5,3731830000"
"202100017549";"22";"09";"2021";"08:40";"1";"38";"38422";"2";"6";"1";"6";"Route d Uriage";"45,1395970000";"5,8276140000"
"202100017550";"22";"09";"2021";"18:00";"1";"02";"02103";"2";"1";"1";"1";"18 Rue d Oisy";"50,0127790000";"3,6947350000"
"202100017551";"23";"09";"2021";"10:45";"1";"02";"02671";"1";"1";"1";"3";"Route dÃ©partementale 934";"49,5121830000";"3,2046600000"
"202100017552";"22";"09";"2021";"12:04";"1";"15";"15025";"1";"1";"1";"6";"D926";"45,0996540000";"2,8843620000"
"202100017553";"23";"09";"2021";"11:35";"1";"26";"26069";"1";"1";"1";"7";"Route du Col de Rousset";"44,8338090000";"5,3934290000"
"202100017554";"23";"09";"2021";"14:05";"1";"66";"66167";"1";"1";"1";"1";"N116";"42,4721520000";"2,0542070000"
"202100017555";"22";"09";"2021";"17:40";"1";"06";"06079";"2";"6";"7";"6";"675 Boulevard des Ecureuils";"43,5448050000";"6,9416880000"
"202100017556";"23";"09";"2021";"09:30";"1";"05";"05045";"1";"9";"1";"3";"RN94";"44,5328980000";"6,4578040000"
"202100017557";"23";"09";"2021";"15:45";"1";"16";"16261";"1";"1";"1";"6";"Les Pins";"45,7926580000";"0,3772210000"
"202100017558";"23";"09";"2021";"10:15";"1";"16";"16206";"2";"3";"1";"1";"intersection boulevard Gambetta - rue des bouviers";"45,8757000000";"0,1766050000"
"202100017559";"22";"09";"2021";"17:26";"1";"07";"07255";"2";"1";"1";"4";"D104";"44,7562570000";"4,7071700000"
"202100017560";"23";"09";"2021";"07:20";"2";"53";"53059";"1";"1";"5";"6";"Chemin de la Barrerie";"48,0936350000";" -0,5260700000"
"202100017561";"25";"08";"2021";"17:15";"1";"85";"85089";"2";"1";"1";"6";"Rue de la MerlatiÃ¨re";"46,7166140000";" -1,3156880000"
"202100017562";"23";"09";"2021";"07:50";"2";"27";"27077";"2";"1";"1";"6";"route dÃ©partementale 124";"49,2712140000";"0,7820620000"
"202100017563";"21";"09";"2021";"17:30";"1";"87";"87180";"1";"2";"1";"5";"Lieu Dit la Croix Blanche";"46,1919150000";"1,2564750000"
"202100017564";"23";"09";"2021";"09:10";"1";"13";"13091";"1";"1";"1";"5";"D7n";"43,6172040000";"5,3117180000"
"202100017565";"21";"09";"2021";"10:35";"1";"35";"35131";"1";"6";"1";"3";"Rpt du Guesneau";"48,1232010000";" -1,7997420000"
"202100017566";"23";"09";"2021";"13:50";"1";"973";"97309";"2";"1";"1";"2";"1051 Route de RÃ©mire";"4,9191790000";" -52,2785500000"
"202100017567";"22";"09";"2021";"17:50";"2";"971";"97128";"1";"1";"1";"6";"Richeplaine";"16,2731610000";" -61,3355970000"
"202100017568";"23";"09";"2021";"08:45";"1";"28";"28285";"1";"2";"1";"1";"D335.3";"48,4615180000";"1,6787460000"
"202100017569";"22";"09";"2021";"14:45";"1";"95";"95592";"1";"1";"1";"7";"Chemin des CarriÃ¨res";"49,0380750000";"1,8719300000"
"202100017570";"21";"09";"2021";"08:05";"2";"78";"78615";"1";"3";"7";"1";"D198";"48,8532830000";"1,9095450000"
"202100017571";"22";"09";"2021";"15:45";"1";"2B";"2B073";"1";"1";"1";"7";"34 Mezzano";"42,3179350000";"8,9899710000"
"202100017572";"18";"09";"2021";"14:15";"1";"2B";"2B199";"1";"1";"1";"2";"Licciola (Restauration rapide)";"42,6533100000";"9,0354500000"
"202100017573";"18";"09";"2021";"03:30";"3";"30";"30156";"1";"1";"1";"1";"Avenue ClÃ©ment Ader";"43,8637740000";"4,4345500000"
"202100017574";"23";"09";"2021";"15:25";"1";"34";"34009";"1";"3";"1";"3";"RD13";"43,4849520000";"3,3575360000"
"202100017575";"22";"09";"2021";"19:00";"1";"89";"89257";"2";"3";"1";"3";"Avenue de l Europe";"47,9655170000";"3,5203620000"
"202100017576";"23";"09";"2021";"17:20";"1";"58";"58214";"1";"1";"1";"3";"D907";"47,0614470000";"3,1085190000"
"202100017577";"22";"09";"2021";"11:38";"1";"88";"88196";"2";"2";"7";"3";"Boulevard Kelsch";"48,0732440000";"6,8783590000"
"202100017578";"23";"09";"2021";"15:00";"1";"74";"74056";"1";"1";"1";"7";"Rte du Foue";"45,9014030000";"6,8291510000"
"202100017579";"22";"09";"2021";"17:55";"1";"73";"73179";"2";"6";"7";"3";"D16A avenue jean rostand";"45,5936377603";"5,8862376910"
"202100017580";"22";"09";"2021";"17:15";"1";"73";"73179";"2";"1";"1";"6";"Avenue Alphonse Daudet";"45,5890490000";"5,8732760000"
"202100017581";"23";"09";"2021";"14:30";"1";"69";"69010";"1";"3";"1";"3";"RN7 ";"45,8395510149";"4,6047279239"
"202100017582";"22";"09";"2021";"16:25";"1";"17";"17146";"1";"1";"1";"1";"D238e1";"45,9100550000";" -0,9771610000"
"202100017583";"22";"09";"2021";"09:00";"1";"44";"44026";"2";"6";"7";"1";"boulevard Louis Fouchard";"47,2932170000";" -1,4934970000"
"202100017584";"21";"09";"2021";"13:25";"1";"27";"27022";"1";"6";"1";"7";"Route Departementale 6015 PR 19+800";"49,1675910000";"1,3012360000"
"202100017585";"20";"05";"2021";"10:42";"1";"59";"59146";"2";"1";"1";"3";"67 Route Nationale";"50,6110770000";"3,2030510000"
"202100017586";"22";"09";"2021";"07:12";"1";"13";"13055";"1";"1";"1";"2";"A507 sens Aubagne- Marseille";"43,3300000000";"5,4030000000"
"202100017587";"19";"09";"2021";"22:25";"5";"33";"33249";"1";"1";"2";"2";"ROCADE A 630";"44,8790620000";" -0,5331310000"
"202100017588";"22";"09";"2021";"16:00";"1";"91";"91689";"1";"1";"1";"5";"AUTOROUTE A6B";"48,7464670000";"2,3260160000"
"202100017589";"22";"09";"2021";"09:40";"1";"94";"94076";"1";"1";"1";"7";"AUTOROUTE A6A";"48,7946700000";"2,3450300000"
"202100017590";"22";"09";"2021";"07:20";"1";"91";"91286";"1";"1";"1";"4";"AUTOROUTE A6";"48,6440700000";"2,3905400000"
"202100017591";"21";"09";"2021";"21:40";"3";"91";"91659";"1";"9";"1";"3";"AUTOROUTE A6";"48,5874800000";"2,4499120000"
"202100017592";"22";"09";"2021";"18:20";"1";"92";"92051";"1";"1";"1";"7";"N13";"48,8795034454";"2,2771847248"
"202100017593";"22";"09";"2021";"08:35";"1";"78";"78140";"1";"1";"1";"4";"A13";"48,9661760000";"1,9228080000"
"202100017594";"22";"09";"2021";"06:40";"3";"92";"92050";"1";"1";"1";"3";"A86";"48,9089605857";"2,2142802499"
"202100017595";"22";"09";"2021";"22:45";"5";"94";"94069";"1";"1";"1";"6";"A4";"48,8164000000";"2,4507600000"
"202100017596";"22";"09";"2021";"20:30";"3";"77";"77146";"1";"1";"1";"3";"RN104";"48,8117810000";"2,6294460000"
"202100017597";"22";"09";"2021";"19:50";"1";"94";"94028";"1";"1";"1";"2";"A86 EXT";"48,7966500000";"2,4433600000"
"202100017598";"17";"09";"2021";"11:15";"1";"69";"69029";"2";"1";"1";"6";"SPORTS (DES) (AV)";"45,7291300000";"4,9095500000"
"202100017599";"21";"09";"2021";"07:45";"2";"06";"06030";"2";"1";"1";"6";"DOUMER (BOULEVARD PAUL)";"43,5676880000";"7,0156450000"
"202100017600";"21";"09";"2021";"08:10";"1";"94";"94068";"2";"1";"1";"3";"Avenue de LiÃ¨ge";"48,7909100000";"2,4989900000"
"202100017601";"23";"05";"2021";"20:50";"2";"08";"08105";"2";"1";"8";"7";"RONDE COUTURE";"49,7468565690";"4,7191312033"
"202100017602";"7";"05";"2021";"10:25";"1";"08";"08105";"2";"1";"1";"2";"MOULIN J.";"49,7523941000";"4,7289380000"
"202100017603";"21";"09";"2021";"11:01";"1";"976";"97611";"2";"1";"1";"3";"kaweni-Poste ( rue de la )";" -12,7716830000";"45,2222660000"
"202100017604";"21";"09";"2021";"18:35";"3";"974";"97416";"1";"1";"1";"2";"RN3 (3)";" -21,3102000000";"55,4971500000"
"202100017605";"21";"09";"2021";"08:40";"1";"974";"97416";"1";"1";"1";"2";"RN3 (1)";" -21,3061900000";"55,4988300000"
"202100017606";"19";"09";"2021";"12:50";"1";"974";"97411";"2";"2";"1";"3";"LACAZE (DE L'AMIRAL)";" -20,8765300000";"55,4482300000"
"202100017607";"18";"09";"2021";"19:30";"3";"974";"97411";"1";"1";"1";"5";"LITTORAL (ROUTE 1 DU)";" -20,8756800000";"55,4314900000"
"202100017608";"21";"09";"2021";"12:10";"1";"973";"97302";"2";"1";"1";"7";"MADELEINE (ROUTE DE LA)";"4,9280200000";" -52,3249200000"
"202100017609";"21";"09";"2021";"14:30";"1";"69";"69383";"2";"1";"1";"2";"MARECHAL DE SAXE                    (AV)";"45,7554300000";"4,8466400000"
"202100017610";"21";"09";"2021";"09:30";"1";"69";"69383";"2";"1";"1";"3";"MARIUS VIVIER MERLE                 (BD)";"45,7597500000";"4,8581100000"
"202100017611";"21";"09";"2021";"07:30";"1";"69";"69388";"2";"1";"1";"3";"PROFESSEUR BEAUVISAGE (DU)  (R)";"45,7289603903";"4,8663203485"
"202100017612";"20";"09";"2021";"11:45";"1";"69";"69259";"2";"2";"2";"5";"AMBROISE CROIZAT (BD)";"45,7030500000";"4,8874300000"
"202100017613";"21";"09";"2021";"16:44";"1";"69";"69149";"2";"2";"1";"6";"REPUBLIQUE (DE LA) (R)";"45,7168400000";"4,8096400000"
"202100017614";"21";"09";"2021";"08:15";"1";"69";"69152";"2";"1";"8";"7";"EUROPE (DE L') (BD)";"45,7004022603";"4,8227949823"
"202100017615";"21";"09";"2021";"07:19";"1";"2B";"2B033";"2";"1";"1";"3";"TUNNEL";"42,6939000000";"9,4520000000"
"202100017616";"20";"09";"2021";"16:00";"1";"971";"97101";"1";"4";"1";"1";"DE LA BALANCE (CHEMIN)";"16,2919100000";" -61,4924800000"
"202100017617";"18";"09";"2021";"17:20";"1";"84";"84080";"1";"1";"1";"2";"D942";"44,0159300000";"4,9596400000"
"202100017618";"21";"09";"2021";"17:45";"1";"83";"83137";"2";"1";"1";"6";"BORRELY (RUE ALEXANDRE)";"43,1319000000";"5,9350700000"
"202100017619";"7";"09";"2021";"21:45";"5";"83";"83137";"2";"1";"1";"3";"PICOT (AVE DU COLONEL)";"43,1292696038";"5,9681320636"
"202100017620";"20";"09";"2021";"15:45";"1";"78";"78118";"2";"1";"1";"7";"Bld  DE LA COMMUNAUTE";"48,9855360000";"1,6744070000"
"202100017621";"20";"09";"2021";"21:40";"3";"76";"76351";"2";"2";"1";"2";"LOUIS BLERIOT";"49,5304800000";"0,0950300000"
"202100017622";"19";"09";"2021";"17:15";"1";"76";"76351";"2";"1";"2";"3";"EDOUARD VAILLANT";"49,5144320577";"0,1769785383"
"202100017623";"21";"09";"2021";"08:05";"1";"72";"72181";"2";"1";"1";"6";"BOLLEE (AV) NÂ° PAIRS 64 A 146";"48,0006400000";"0,2117200000"
"202100017624";"21";"09";"2021";"19:00";"1";"69";"69266";"2";"3";"1";"3";"CAPORAL MORANGE (DU) (R)";"45,7520100000";"4,9193000000"
"202100017625";"21";"09";"2021";"07:38";"2";"69";"69266";"2";"8";"1";"3";"ANDRE PHILIP (CR)";"45,7725657506";"4,8631533980"
"202100017626";"18";"09";"2021";"20:25";"5";"68";"68066";"2";"3";"1";"3";"ALTKIRCH (RUE D')";"48,0693900000";"7,3395600000"
"202100017627";"20";"09";"2021";"16:00";"1";"67";"67482";"2";"8";"8";"3";"JEAN WENGER VALENTIN (RUE)";"48,5996400000";"7,7595100000"
"202100017628";"21";"09";"2021";"07:45";"1";"64";"64102";"2";"1";"1";"3";"Avenue du PrissÃ©";"43,4811400000";" -1,4588000000"
"202100017629";"21";"09";"2021";"07:30";"1";"64";"64102";"2";"1";"1";"6";"BASTIAT (RUE FREDERIC)";"43,4921400000";" -1,4715500000"
"202100017630";"20";"09";"2021";"20:00";"2";"63";"63113";"2";"1";"1";"3";"SAINT JEAN (BD)";"45,7816500000";"3,1180000000"
"202100017631";"20";"09";"2021";"16:53";"1";"63";"63113";"2";"1";"1";"1";"CHARME (RUE DE LA)";"45,8115900000";"3,1318000000"
"202100017632";"21";"09";"2021";"19:16";"1";"60";"60175";"2";"6";"1";"6";"RD 201_ACCES 201 PAR BD S.ALLENDE";"49,2463790000";"2,4707890000"
"202100017633";"21";"09";"2021";"16:35";"1";"59";"59152";"2";"7";"1";"3";"DIEU (RUE DU VIEIL)";"50,7617400000";"3,0117300000"
"202100017634";"21";"09";"2021";"14:00";"1";"59";"59152";"2";"7";"1";"3";"EGALITE (RUE DE L')";"50,7663600000";"3,0119200000"
"202100017635";"21";"09";"2021";"12:00";"1";"59";"59360";"2";"1";"1";"6";"FOCH RUE DU MARECHAL";"50,6153600000";"3,0183500000"
"202100017636";"8";"09";"2021";"16:15";"1";"58";"58194";"2";"1";"1";"6";"COLBERT";"46,9962000000";"3,1572000000"
"202100017637";"20";"09";"2021";"15:31";"1";"56";"56162";"2";"1";"1";"6";"COUREGANT (ROUTE DU)";"47,7048200000";" -3,4599800000"
"202100017638";"17";"09";"2021";"17:19";"1";"54";"54395";"2";"1";"1";"4";"M 674";"48,6755274190";"6,1990262568"
"202100017639";"18";"09";"2021";"15:20";"1";"54";"54395";"2";"2";"1";"3";"JARDINIERS (RUE DES";"48,6912000000";"6,1909600000"
"202100017640";"19";"09";"2021";"04:20";"5";"54";"54580";"2";"2";"1";"3";"AV ALBERT LEBRUN";"49,4700800000";"5,9283100000"
"202100017641";"20";"09";"2021";"09:15";"1";"49";"49007";"2";"1";"1";"2";"NOTRE DAME DU LAC AVENUE";"47,4754800000";" -0,5831600000"
"202100017642";"21";"09";"2021";"16:20";"1";"44";"44109";"2";"6";"1";"1";"CASSIN ( BD RENE )";"47,2642700000";" -1,5740000000"
"202100017643";"21";"09";"2021";"00:15";"5";"34";"34172";"2";"2";"1";"3";"VALERY (BOULEVARD PAUL";"43,5926400000";"3,8525900000"
"202100017644";"20";"09";"2021";"19:15";"1";"34";"34172";"2";"1";"1";"6";"BITERROIS (AVENUE DU)";"43,6325400000";"3,8207500000"
"202100017645";"20";"09";"2021";"03:35";"5";"33";"33249";"2";"6";"5";"6";"Rue des Cavailles";"44,8644900000";" -0,5205600000"
"202100017646";"21";"09";"2021";"12:10";"1";"31";"31149";"2";"3";"8";"1";"PUJOUANE (CHEMIN DE LA)";"43,5950000000";"1,3481800000"
"202100017647";"21";"09";"2021";"12:20";"1";"31";"31555";"2";"1";"1";"6";"BRUNAUD (AVENUE YVES)";"43,6160100000";"1,4651900000"
"202100017648";"21";"09";"2021";"00:30";"3";"31";"31555";"1";"1";"2";"6";"24 EMPALOT  (PERIPH OUEST A620)";"43,5706700000";"1,4323500000"
"202100017649";"20";"09";"2021";"01:30";"5";"30";"30189";"2";"2";"1";"3";"ARTS (AVENUE)";"43,8230400000";"4,3357600000"
"202100017650";"20";"09";"2021";"12:19";"1";"29";"29232";"2";"1";"1";"1";"Rue de Stang Bihan";"48,0106200000";" -4,0970000000"
"202100017651";"21";"09";"2021";"21:50";"3";"28";"28404";"1";"1";"1";"1";"RN 154";"48,7126229119";"1,3684844971"
"202100017652";"21";"09";"2021";"12:25";"1";"27";"27681";"2";"2";"1";"3";"SAINT LOUIS (RUE)";"49,0881267000";"1,4784995000"
"202100017653";"21";"09";"2021";"14:15";"1";"25";"25056";"2";"1";"1";"3";"ANDREY RUE";"47,2574700000";"6,0171700000"
"202100017654";"20";"09";"2021";"07:30";"5";"19";"19272";"2";"6";"3";"3";"Dr Valette (Rue)";"45,2591725679";"1,7525993585"
"202100017655";"21";"09";"2021";"05:00";"3";"17";"17306";"2";"3";"1";"3";"MARNE (DE LA) (BD)";"45,6269150000";" -1,0090790000"
"202100017656";"20";"09";"2021";"17:30";"1";"17";"17300";"2";"9";"1";"7";"DENFERT-ROCHEREAU   AVENUE (59)";"46,1652088652";" -1,1924612853"
"202100017657";"20";"09";"2021";"13:20";"1";"15";"15014";"2";"9";"2";"3";"Rue Robert Garric";"44,9160530000";"2,4377760000"
"202100017658";"20";"09";"2021";"13:45";"2";"15";"15014";"2";"1";"1";"1";"Rue Lavoisier";"44,9001910000";"2,4348900000"
"202100017659";"21";"09";"2021";"00:40";"3";"13";"13043";"2";"1";"1";"7";"MEDITERRANEE (AV DE LA )";"43,3831500000";"5,2003700000"
"202100017660";"21";"09";"2021";"18:55";"1";"13";"13103";"2";"7";"1";"3";"ALLEE  DE LA LIBERTE";"43,6384900000";"5,0940500000"
"202100017661";"20";"09";"2021";"19:00";"1";"13";"13103";"1";"1";"1";"7";"RTE DU VAL DE CUECH-RD 16";"43,6552153553";"5,1268533449"
"202100017662";"20";"09";"2021";"11:50";"1";"13";"13077";"2";"1";"1";"6";"THOREZ MAURICE (avenue)";"43,4026700000";"4,9804500000"
"202100017663";"21";"09";"2021";"08:10";"1";"13";"13206";"2";"2";"1";"3";"LIEUTAUD (COURS)";"43,2891000000";"5,3840800000"
"202100017664";"21";"09";"2021";"07:45";"1";"13";"13209";"2";"1";"1";"3";"MARÃCHAL DE LATTRE (AVENUE)";"43,2459100000";"5,4208600000"
"202100017665";"20";"09";"2021";"10:30";"1";"13";"13201";"2";"2";"1";"3";"ABEILLES (RUE DES)";"43,3013000000";"5,3857000000"
"202100017666";"20";"09";"2021";"16:27";"1";"10";"10333";"2";"1";"1";"2";"AUXERRE (ROUTE)";"48,2727200000";"4,0566400000"
"202100017667";"18";"09";"2021";"05:00";"5";"06";"06012";"2";"5";"1";"6";"FOCH (AVENUE MARECHAL)";"43,7405000000";"7,4212000000"
"202100017668";"20";"09";"2021";"16:05";"1";"06";"06123";"2";"1";"1";"1";"AGRIMONT CORNICHE D'";"43,6754600000";"7,1834480000"
"202100017669";"20";"09";"2021";"10:00";"1";"06";"06027";"2";"1";"1";"4";"FRANCE ROUTE DE";"43,6616290000";"7,1304910000"
"202100017670";"20";"09";"2021";"11:50";"1";"75";"75118";"2";"1";"1";"2";"BD PERIPHERIQUE EXTERIEUR";"48,9008990000";"2,3616080000"
"202100017671";"21";"09";"2021";"17:35";"1";"75";"75119";"2";"2";"1";"3";"RUE DE LA VILLETTE";"48,8763140000";"2,3876200000"
"202100017672";"21";"09";"2021";"10:20";"1";"75";"75119";"2";"1";"1";"3";"RUE DE MEAUX";"48,8820620000";"2,3742770000"
"202100017673";"21";"09";"2021";"09:21";"1";"75";"75119";"2";"2";"1";"3";"AVENUE DE LA PORTE DE PANTIN";"48,8898824096";"2,3966277761"
"202100017674";"20";"09";"2021";"21:54";"5";"75";"75119";"2";"7";"1";"2";"PLACE AUGUSTE BARON";"48,9004613883";"2,3870263762"
"202100017675";"21";"09";"2021";"15:40";"1";"75";"75113";"2";"4";"1";"3";"BOULEVARD DE L HOPITAL";"48,8388500000";"2,3609860000"
"202100017676";"21";"09";"2021";"10:15";"1";"75";"75113";"2";"3";"1";"3";"QUAI D AUSTERLITZ";"48,8383220000";"2,3727830000"
"202100017677";"21";"09";"2021";"19:00";"1";"75";"75110";"2";"1";"1";"6";"BOULEVARD DE MAGENTA";"48,8828570000";"2,3501650000"
"202100017678";"21";"09";"2021";"02:20";"5";"75";"75109";"2";"1";"1";"7";"RUE SAINT LAZARE";"48,8756270000";"2,3273080000"
"202100017679";"21";"09";"2021";"11:30";"1";"75";"75108";"2";"2";"1";"3";"RUE DE COURCELLES";"48,8750230000";"2,3091920000"
"202100017680";"20";"09";"2021";"23:30";"5";"75";"75111";"2";"4";"1";"6";"BOULEVARD BEAUMARCHAIS";"48,8540423415";"2,3689221945"
"202100017681";"21";"09";"2021";"16:50";"1";"75";"75103";"2";"7";"1";"6";"RUE DE TURENNE";"48,8646332533";"2,3647308790"
"202100017682";"21";"09";"2021";"13:00";"1";"75";"75104";"2";"1";"1";"3";"QUAI DES CELESTINS";"48,8521626430";"2,3608944705"
"202100017683";"19";"09";"2021";"15:30";"1";"94";"94058";"2";"1";"1";"6";"PIERRE BROSSOLETTE (AV)";"48,8348200000";"2,5051000000"
"202100017684";"21";"09";"2021";"08:35";"1";"94";"94046";"2";"1";"1";"1";"REPUBLIQUE (AV DE LA)";"48,8057600000";"2,4407400000"
"202100017685";"21";"09";"2021";"20:00";"4";"94";"94016";"2";"9";"1";"5";"DIVISION LECLERC (AV DE LA)";"48,7833500000";"2,3279800000"
"202100017686";"21";"09";"2021";"12:15";"1";"94";"94016";"2";"1";"1";"3";"Avenue Louis Georgeon";"48,7925270000";"2,3369560000"
"202100017687";"21";"09";"2021";"00:15";"5";"94";"94076";"2";"1";"1";"3";"LOUIS ARAGON (AV)";"48,7882700000";"2,3721100000"
"202100017688";"16";"09";"2021";"09:20";"1";"94";"94033";"2";"1";"1";"3";"MARECHAL DE LATTRE DE TASSIGNY (AV DU)";"48,8555000000";"2,4925000000"
"202100017689";"21";"09";"2021";"09:57";"1";"94";"94019";"2";"1";"1";"1";"LIBERATION (RTE DE LA)";"48,8014270545";"2,5408995152"
"202100017690";"21";"09";"2021";"21:30";"4";"94";"94075";"2";"3";"1";"3";"AllÃ©e de la Fosse aux Biches";"48,7236800000";"2,5203200000"
"202100017691";"21";"09";"2021";"10:00";"1";"93";"93066";"2";"1";"1";"5";"Avenue de Stalingrad";"48,9472060000";"2,3731150000"
"202100017692";"20";"09";"2021";"14:55";"1";"93";"93066";"2";"2";"1";"6";"Rue Cristino Garcia / Passage Boise";"48,9165380000";"2,3630000000"
"202100017693";"21";"09";"2021";"21:00";"5";"93";"93077";"2";"1";"1";"2";"ROSNY (AVENUE DE)";"48,8818800000";"2,4973500000"
"202100017694";"19";"09";"2021";"23:15";"3";"93";"93053";"2";"9";"1";"3";"Rue de Paris";"48,9020968029";"2,4610233307"
"202100017695";"21";"09";"2021";"10:40";"1";"93";"93053";"2";"1";"1";"6";"AllÃ©e du Moulin Harvy";"48,8928417551";"2,4693408608"
"202100017696";"21";"09";"2021";"16:50";"1";"93";"93048";"2";"1";"1";"6";"Rue Pierre de Montreuil";"48,8633300000";"2,4501100000"
"202100017697";"21";"09";"2021";"08:00";"1";"93";"93032";"2";"2";"1";"3";"PAUL VAILLANT COUTURIER (RUE)";"48,8769200000";"2,5491500000"
"202100017698";"21";"09";"2021";"00:40";"5";"93";"93070";"2";"2";"1";"1";"Avenue Gabriel PÃ©ri / Rue des Rosiers";"48,9084000000";"2,3326400000"
"202100017699";"21";"09";"2021";"15:10";"1";"93";"93008";"2";"1";"1";"1";"STALINGRAD (RUE DE) A10";"48,9190240000";"2,4143200000"
"202100017700";"21";"09";"2021";"19:00";"2";"93";"93029";"2";"1";"1";"3";"MIDINETTES (DES)";"48,9198565063";"2,4610656605"
"202100017701";"21";"09";"2021";"18:45";"1";"93";"93005";"2";"1";"1";"6";"Rue Edgar Degas";"48,9556060000";"2,4968810000"
"202100017702";"19";"09";"2021";"22:20";"5";"92";"92077";"2";"1";"2";"7";"VERSAILLES (RUE DE)";"48,8205680000";"2,1722840000"
"202100017703";"21";"09";"2021";"09:15";"1";"78";"78158";"2";"1";"1";"3";"NAPOLEON III";"48,8329900000";"2,1468510000"
"202100017704";"21";"09";"2021";"08:50";"1";"92";"92025";"2";"1";"1";"4";"STALINGRAD (AV DE)";"48,9330200000";"2,2649500000"
"202100017705";"21";"09";"2021";"22:05";"5";"92";"92007";"2";"1";"1";"4";"BRIAND (AVENUE ARISTIDE) NÂ° 2 A 98";"48,8081764841";"2,3262637854"
"202100017706";"20";"09";"2021";"18:15";"1";"92";"92004";"2";"2";"1";"6";"MAURICEAU";"48,9119317974";"2,2868111730"
"202100017707";"17";"09";"2021";"10:35";"1";"92";"92002";"2";"1";"1";"7";"DOCTEUR TENINE (AVENUE DU)";"48,7621223768";"2,3129500228"
"202100017708";"22";"09";"2021";"12:56";"1";"14";"14764";"2";"1";"1";"1";"11 Route des Varets";"48,8807690000";" -0,4764680000"
"202100017709";"22";"09";"2021";"12:40";"1";"62";"62905";"1";"1";"1";"6";"D206";"50,7560750000";"2,1840480000"
"202100017710";"22";"09";"2021";"18:12";"1";"68";"68300";"2";"6";"1";"3";"Rue des IncorporÃ©s de Force";"47,7795650000";"7,3647180000"
"202100017711";"24";"08";"2021";"19:50";"1";"64";"64556";"1";"1";"1";"6";"route de navarrenx PK7";"43,3511937115";" -0,6861305237"
"202100017712";"21";"09";"2021";"16:30";"1";"21";"21177";"1";"1";"1";"6";"A6 PK 246+750 sens LYON vers PARIS";"47,3653655765";"4,4138910521"
"202100017713";"22";"09";"2021";"10:10";"1";"83";"83036";"2";"1";"1";"6";"Avenue claude debussy";"43,1726590000";"6,5167430000"
"202100017714";"19";"09";"2021";"15:40";"1";"06";"06037";"1";"1";"1";"2";"Route Departementale 12";"43,7410500000";"6,8811110000"
"202100017715";"19";"09";"2021";"19:50";"2";"41";"41178";"1";"9";"2";"7";"D917";"47,8155900000";"1,4150320000"
"202100017716";"18";"09";"2021";"23:30";"3";"57";"57251";"1";"1";"1";"6";"RD 913";"48,9915950000";"6,1975770000"
"202100017717";"21";"09";"2021";"15:09";"1";"56";"56013";"1";"1";"1";"6";"95 Route d Auray";"47,6736780000";" -3,1420950000"
"202100017718";"22";"09";"2021";"04:55";"3";"67";"67019";"1";"1";"1";"6";"D209";"48,2555620000";"7,5139180000"
"202100017719";"21";"09";"2021";"17:50";"1";"76";"76059";"2";"1";"1";"1";"Rue de Saulx";"49,9488750000";"1,5479160000"
"202100017720";"22";"09";"2021";"07:00";"2";"2A";"2A269";"1";"1";"1";"1";"RT10";"41,7825530000";"9,3971190000"
"202100017721";"20";"09";"2021";"10:15";"1";"33";"33195";"2";"3";"1";"1";"N/A";"44,3868180000";" -0,0436500000"
"202100017722";"22";"09";"2021";"17:15";"1";"71";"71029";"1";"1";"1";"2";"11bis Route de Dole";"46,8558070000";"5,3633990000"
"202100017723";"21";"09";"2021";"13:45";"1";"71";"71321";"1";"1";"1";"7";"Route dÃ©partementale 974";"46,7869590000";"4,5578990000"
"202100017724";"21";"09";"2021";"16:30";"1";"49";"49069";"1";"1";"1";"7";"D751";"47,3119880000";" -1,3088540000"
"202100017725";"21";"09";"2021";"22:20";"5";"41";"41164";"2";"9";"1";"1";"23 Rue Paul Boncour";"47,2725570000";"1,3762170000"