"Num_Acc";"jour";"mois";"an";"hrmn";"lum";"dep";"com";"agg";"int";"atm";"col";"adr";"lat";"long"
"202100017726";"21";"09";"2021";"16:50";"1";"68";"68258";"1";"1";"1";"4";"D430";"47,8262410000";"7,2860490000"
"202100017727";"22";"09";"2021";"08:45";"1";"02";"02830";"2";"9";"7";"1";"Rue Charles de Gaulle";"50,0081940000";"3,6071310000"
"202100017728";"22";"09";"2021";"08:55";"1";"01";"01258";"2";"3";"1";"3";"Route de Francheleins";"46,0937920000";"4,7795030000"
"202100017729";"22";"09";"2021";"08:24";"1";"72";"72137";"1";"1";"1";"1";"D311";"48,4006880000";"0,2017450000"
"202100017730";"21";"09";"2021";"21:30";"3";"14";"14038";"1";"1";"1";"7";"D112a";"49,3114560000";" -0,5000600000"
"202100017731";"22";"09";"2021";"05:30";"3";"50";"50087";"1";"1";"1";"1";"Route des Forges";"49,5593000000";" -1,5875570000"
"202100017732";"22";"09";"2021";"19:15";"1";"60";"60350";"2";"2";"1";"1";"2 Place du Souvenir";"49,5872340000";"2,8408190000"
"202100017733";"21";"09";"2021";"20:30";"3";"53";"53087";"1";"3";"1";"2";"route dÃ©partementale 21";"47,9392700000";" -0,5129939318"
"202100017734";"21";"09";"2021";"10:00";"1";"85";"85127";"2";"6";"1";"3";"Chemin du Clouzy";"46,4245110000";" -1,4941100000"
"202100017735";"21";"09";"2021";"18:30";"1";"17";"17359";"1";"2";"1";"4";"D939";"46,0868790000";" -0,7064620000"
"202100017736";"21";"09";"2021";"13:10";"1";"30";"30320";"1";"1";"1";"1";"pk 17 D6";"44,1168520000";"4,2970900000"
"202100017737";"21";"09";"2021";"17:30";"1";"24";"24395";"1";"2";"1";"3";"Pont de Cause Est";"44,7960590000";"1,1602810000"
"202100017738";"27";"06";"2021";"17:45";"1";"73";"73183";"1";"1";"1";"7";"A43 - PK 102+100 en direction de chambery";"45,5172630000";"5,9891420000"
"202100017739";"22";"09";"2021";"16:50";"1";"34";"34337";"1";"6";"1";"2";"RD 986";"43,5404290000";"3,8972710000"
"202100017740";"21";"09";"2021";"17:15";"1";"56";"56024";"2";"1";"1";"1";"Rue du PrÃ©sident Pompidou";"48,0584520000";" -2,6893730000"
"202100017741";"21";"09";"2021";"10:30";"1";"38";"38193";"1";"1";"1";"3";"A43 - Aire de service TOTAL";"45,6132570000";"5,2140210000"
"202100017742";"21";"09";"2021";"14:15";"1";"971";"97117";"1";"1";"1";"3";"D116";"16,2943350000";" -61,3222070000"
"202100017743";"22";"09";"2021";"19:00";"2";"37";"37138";"2";"3";"7";"1";"D751";"47,3987963279";"0,9293611273"
"202100017744";"22";"09";"2021";"08:46";"1";"77";"77486";"1";"1";"1";"2";"Route Nationale 4";"48,6846490000";"3,0754100000"
"202100017745";"21";"09";"2021";"22:10";"3";"91";"91180";"1";"1";"1";"1";"RD.372 PK 14+500";"48,4478530000";"2,5000170000"
"202100017746";"21";"09";"2021";"17:05";"1";"78";"78575";"2";"1";"1";"7";"Route de Versailles";"48,7143120000";"2,0853100000"
"202100017747";"20";"09";"2021";"17:00";"1";"66";"66008";"2";"1";"1";"6";"Port de Plaisance Argeles";"42,5388840000";"3,0476280000"
"202100017748";"18";"09";"2021";"14:45";"1";"84";"84122";"1";"1";"1";"1";"2439 route d'orange";"44,1015780000";"4,9335910000"
"202100017749";"22";"09";"2021";"08:16";"1";"70";"70026";"2";"9";"1";"6";"8 Place Aristide Briand";"47,4557950000";"5,5880180000"
"202100017750";"21";"09";"2021";"18:00";"1";"25";"25313";"1";"4";"1";"6";"D683 PR71";"47,3587960000";"6,4122840000"
"202100017751";"21";"09";"2021";"14:30";"1";"71";"71342";"2";"1";"1";"6";"Rue de la Poste";"46,4508870000";"4,1188220000"
"202100017752";"21";"09";"2021";"14:00";"1";"88";"88142";"2";"1";"1";"1";"300 Rue de l AviÃ¨re";"48,2148440000";"6,3777300000"
"202100017753";"21";"09";"2021";"19:04";"2";"55";"55122";"2";"2";"1";"3";"Avenue Stanislas";"48,7624590000";"5,5900940000"
"202100017754";"7";"09";"2021";"18:00";"1";"38";"38317";"2";"1";"1";"3";"96 Cours Saint - AndrÃ©";"45,1385110000";"5,7025750000"
"202100017755";"20";"09";"2021";"13:30";"1";"26";"26179";"1";"3";"1";"2";"1590 Route du DauphinÃ©";"45,0443838000";"4,8669330000"
"202100017756";"21";"09";"2021";"17:15";"1";"01";"01249";"2";"2";"1";"3";"MontÃ©e Neuve";"45,8259400000";"4,9479940000"
"202100017757";"31";"08";"2021";"12:35";"1";"24";"24405";"1";"1";"1";"2";"D32";"44,9127450000";"0,6677840000"
"202100017758";"22";"09";"2021";"08:30";"2";"33";"33449";"2";"1";"1";"6";"Rue Pierre Ramond";"44,8830580000";" -0,7399850000"
"202100017759";"21";"09";"2021";"17:45";"1";"29";"29060";"1";"1";"1";"6";"78 Route de Quimper";"47,9199920561";" -4,1093747329"
"202100017760";"25";"08";"2021";"13:57";"1";"76";"76276";"1";"1";"1";"7";"78 Route de Gournay";"49,6005830000";"1,5710120000"
"202100017761";"21";"09";"2021";"11:10";"1";"59";"59550";"1";"1";"1";"2";"N47";"50,5400080000";"2,8325020000"
"202100017762";"21";"09";"2021";"18:15";"1";"13";"13071";"1";"1";"1";"2";"A51-Sens Marseille vers Aix en Provence";"43,4150368421";"5,3649166262"
"202100017763";"21";"09";"2021";"17:55";"1";"13";"13211";"1";"1";"1";"2";"Sens Aubagne vers Marseille";"43,2929243949";"5,4764163494"
"202100017764";"20";"09";"2021";"20:20";"3";"13";"13106";"1";"1";"1";"2";"A51-Sens Aix en Provence vers Marseille";"43,3974100000";"5,3517900000"
"202100017765";"20";"09";"2021";"19:15";"2";"13";"13215";"1";"1";"1";"2";"A7-Sens Lyon vers Marseille";"43,3678400000";"5,3604200000"
"202100017766";"17";"09";"2021";"18:00";"1";"13";"13071";"1";"1";"1";"2";"A7-Sens Lyon vers Marseille";"43,4063110000";"5,2918630000"
"202100017767";"21";"09";"2021";"08:25";"1";"69";"69081";"1";"1";"1";"3";"PERIPHERIQUE NORD INTERIEUR (BD)";"45,7747000000";"4,7906500000"
"202100017768";"21";"09";"2021";"17:10";"1";"33";"33090";"1";"1";"1";"4";"N/A";"44,7716380000";" -0,6588360000"
"202100017769";"21";"09";"2021";"10:25";"1";"33";"33075";"1";"1";"1";"3";"Rocade Nord A630";"44,8815040000";" -0,6247240000"
"202100017770";"21";"09";"2021";"08:38";"1";"62";"62637";"1";"1";"1";"6";"AUTOROUTE A1";"50,4652520000";"2,9754870000"
"202100017771";"20";"09";"2021";"08:57";"1";"91";"91521";"1";"1";"2";"6";"RN 104";"48,6319800000";"2,4060400000"
"202100017772";"21";"09";"2021";"09:40";"1";"92";"92036";"1";"1";"1";"4";"A86";"48,9360068665";"2,2884313862"
"202100017773";"21";"09";"2021";"08:10";"1";"78";"78423";"1";"1";"1";"2";"RN12";"48,7965530000";"2,0269880000"
"202100017774";"21";"09";"2021";"07:25";"1";"78";"78126";"1";"1";"1";"7";"A13";"48,8359960000";"2,1288870000"
"202100017775";"21";"09";"2021";"18:30";"1";"93";"93008";"1";"1";"1";"3";"AUTOROUTE A86";"48,9064862649";"2,4580740315"
"202100017776";"21";"09";"2021";"17:25";"1";"93";"93007";"1";"1";"1";"3";"AUTOROUTE A3";"48,9374440000";"2,4800870000"
"202100017777";"21";"09";"2021";"12:10";"1";"93";"93064";"1";"1";"1";"6";"AUTOROUTE A86";"48,8702000000";"2,4826300000"
"202100017778";"21";"09";"2021";"07:40";"2";"93";"93066";"1";"1";"1";"3";"AUTOROUTE A1";"48,9328000000";"2,3753000000"
"202100017779";"20";"09";"2021";"14:50";"1";"95";"95424";"1";"1";"1";"2";"A15";"48,9894720000";"2,1996990000"
"202100017780";"21";"09";"2021";"17:30";"1";"77";"77122";"1";"1";"1";"2";"RN104";"48,6620400000";"2,6135500000"
"202100017781";"20";"09";"2021";"23:00";"4";"94";"94069";"1";"1";"1";"6";"A4";"48,8172000000";"2,4400000000"
"202100017782";"17";"09";"2021";"08:50";"1";"63";"63069";"2";"1";"8";"6";"CHATEAU (RUE DU)";"45,7198900000";"3,1891400000"
"202100017783";"19";"09";"2021";"11:55";"1";"59";"59183";"2";"1";"1";"6";"TETEGHEM";"51,0423400000";"2,4230100000"
"202100017784";"31";"01";"2021";"11:45";"1";"61";"61234";"1";"6";"8";"6";"N/A";"48,4573910000";"0,0365210000"
"202100017785";"10";"09";"2021";"16:15";"1";"17";"17415";"1";"1";"7";"6";"SAINTONGE BLANC. A APOTRES AVENUE DE";"45,7401770000";" -0,6532480000"
"202100017786";"21";"07";"2021";"02:10";"5";"78";"78172";"2";"1";"1";"7";"DE GAULLE (BD DU GENERAL)";"49,0070540000";"2,1212540000"
"202100017787";"25";"05";"2021";"19:40";"1";"74";"74282";"1";"1";"1";"1";"D174 - Lieu dit le Praz";"45,9694450000";"6,1725680000"
"202100017788";"20";"09";"2021";"13:15";"1";"974";"97416";"2";"1";"1";"2";"CHARITE (RUE DE LA)";" -21,3332900000";"55,4752600000"
"202100017789";"20";"09";"2021";"07:50";"1";"974";"97411";"2";"6";"1";"6";"JAURES (BOULEVARD JEAN)";" -20,9010900000";"55,4964800000"
"202100017790";"20";"09";"2021";"07:15";"1";"973";"97302";"2";"1";"2";"3";"MONTABO (ROUTE DE) 2";"4,9325100000";" -52,2904000000"
"202100017791";"20";"09";"2021";"17:05";"1";"69";"69386";"2";"2";"2";"6";"DUQUESNE (R)";"45,7729681037";"4,8482638082"
"202100017792";"20";"09";"2021";"12:20";"1";"69";"69386";"2";"2";"2";"6";"MARECHAL DE SAXE (R)";"45,7679420718";"4,8440587521"
"202100017793";"20";"09";"2021";"15:09";"1";"69";"69259";"2";"9";"2";"3";"JEAN CAGNE                          (AV)";"45,6995200000";"4,8667000000"
"202100017794";"19";"09";"2021";"22:20";"5";"972";"97213";"1";"1";"1";"6";"AUTOROUTE A1";"14,6007900000";" -61,0002200000"
"202100017795";"20";"09";"2021";"18:28";"5";"972";"97209";"2";"1";"1";"6";"FRANCOIS REBOULD (BOULEVARD)";"14,6061460000";" -61,0600150000"
"202100017796";"20";"09";"2021";"12:00";"1";"972";"97209";"1";"9";"1";"6";"BISHOP (Avenue Maurice)";"14,6105000000";" -61,0545500000"
"202100017797";"19";"09";"2021";"21:30";"5";"972";"97209";"1";"1";"1";"6";"BALATA (ROUTE DE)";"14,6455300000";" -61,0788500000"
"202100017798";"20";"09";"2021";"18:10";"1";"69";"69385";"2";"1";"2";"7";"CHEMIN NEUF (DU) (MO)";"45,7603500000";"4,8247300000"
"202100017799";"20";"09";"2021";"17:10";"1";"2A";"2A004";"1";"1";"1";"2";"T40";"41,9319632449";"8,8033614651"
"202100017800";"20";"09";"2021";"16:50";"1";"91";"91657";"2";"2";"1";"3";"AV PAUL VAILLANT COUTURIER";"48,6982500000";"2,4254100000"
"202100017801";"20";"09";"2021";"11:20";"1";"91";"91114";"2";"6";"8";"6";"RPT DU DONJON";"48,7013300000";"2,5056200000"
"202100017802";"20";"09";"2021";"16:10";"1";"91";"91434";"2";"6";"1";"3";"GRIBELETTE (BOULEVARD DE LA)";"48,6459500000";"2,3518860000"
"202100017803";"18";"09";"2021";"10:43";"1";"87";"87085";"2";"1";"1";"6";"BUXEROLLES (RUE DE)";"45,8688500000";"1,2634100000"
"202100017804";"20";"09";"2021";"13:50";"1";"83";"83137";"2";"1";"1";"6";"ORTOLAN (AVE DE 512 A  FIN";"43,1329306699";"5,9640634060"
"202100017805";"29";"08";"2021";"11:40";"1";"80";"80021";"2";"1";"1";"2";"PARIS (RUE DE)";"49,8853200000";"2,2874700000"
"202100017806";"12";"09";"2021";"00:20";"5";"80";"80021";"2";"2";"1";"3";"FRANCS MURIERS (RUE DES)";"49,8967500000";"2,3004000000"
"202100017807";"11";"09";"2021";"10:00";"1";"80";"80021";"2";"3";"1";"3";"RENE ET MARCELLE SOBO (RUE)";"49,8792258371";"2,3352421757"
"202100017808";"11";"09";"2021";"18:50";"1";"80";"80021";"2";"1";"1";"2";"ALLONVILLE (ROUTE D')";"49,9122500000";"2,3170200000"
"202100017809";"14";"09";"2021";"08:15";"1";"80";"80021";"2";"1";"1";"3";"ALBERT 1ER (MAIL)";"49,8885600000";"2,3028800000"
"202100017810";"14";"09";"2021";"14:20";"1";"80";"80632";"2";"1";"1";"6";"ANDRE GEORGES (RUE )";"49,8829700000";"2,2506200000"
"202100017811";"14";"09";"2021";"07:40";"1";"80";"80021";"2";"1";"2";"3";"RUE DES VISAGES RADIEUX";"49,8779700000";"2,2809000000"
"202100017812";"15";"09";"2021";"14:25";"1";"80";"80489";"2";"1";"1";"4";"VILLE IDEALE (AVENUE DE LA )";"49,8679487647";"2,3714375496"
"202100017813";"20";"09";"2021";"06:40";"3";"78";"78123";"2";"1";"2";"6";"SENETTE RUE DE LA";"48,9383060000";"2,0356250000"
"202100017814";"20";"09";"2021";"17:55";"1";"76";"76216";"2";"1";"2";"3";"DIEPPE. ROUTE DE (RN 27)";"49,4676570000";"1,0509980000"
"202100017815";"20";"09";"2021";"17:10";"1";"76";"76575";"2";"1";"1";"6";"UNIVERSITE. AVENUE DE L'";"49,3876478806";"1,0631274059"
"202100017816";"20";"09";"2021";"01:15";"5";"76";"76351";"2";"1";"1";"6";"VALLEE (RUE DE LA)";"49,4945100000";"0,1539300000"
"202100017817";"20";"09";"2021";"02:00";"5";"76";"76351";"2";"4";"1";"6";"JENNER (PLACE)";"49,5084900000";"0,1369500000"
"202100017818";"17";"09";"2021";"18:20";"1";"76";"76552";"2";"1";"1";"6";"PRESIDENT FELIX FAURE (BD)";"49,5068600000";"0,0754000000"
"202100017819";"17";"09";"2021";"16:20";"1";"71";"71076";"2";"1";"1";"2";"SAINT HELENS (RUE DE )";"46,7965586556";"4,8629833931"
"202100017820";"19";"09";"2021";"16:00";"1";"71";"71081";"2";"2";"1";"3";"PARIS (AVENUE DE)";"46,8097163899";"4,8431566244"
"202100017821";"20";"09";"2021";"17:00";"1";"69";"69029";"2";"1";"3";"2";"JEAN MERMOZ (AV)";"45,7304089906";"4,8890233040"
"202100017822";"20";"09";"2021";"09:17";"1";"69";"69290";"2";"8";"2";"3";"PARCS (DES) (ALL)";"45,7090600000";"4,9386100000"
"202100017823";"20";"09";"2021";"14:40";"1";"65";"65047";"2";"3";"1";"2";"Avenue Jean JaurÃ¨s";"43,2414180000";"0,0950200000"
"202100017824";"20";"09";"2021";"10:40";"1";"64";"64445";"2";"6";"2";"3";"ERIC TABARLY";"43,3185600000";" -0,3600700000"
"202100017825";"19";"09";"2021";"15:15";"1";"64";"64102";"2";"1";"1";"2";"SOULT (AVENUE MARECHAL)";"43,4875600000";" -1,4835300000"
"202100017826";"20";"09";"2021";"14:17";"1";"63";"63075";"2";"5";"1";"3";"THERMES (AVENUE DES)";"45,7759100000";"3,0680100000"
"202100017827";"18";"09";"2021";"13:10";"1";"63";"63113";"2";"1";"1";"6";"PAULINES (AVENUE DES)";"45,7769700000";"3,0994100000"
"202100017828";"18";"09";"2021";"13:00";"1";"63";"63113";"2";"2";"1";"3";"FONTGIEVE (RUE)";"45,7822100000";"3,0728000000"
"202100017829";"17";"09";"2021";"00:30";"5";"63";"63075";"2";"5";"1";"3";"EUROPE (PASSERELLE DU CARREFOUR DE L')";"45,7751229511";"3,0628470182"
"202100017830";"16";"09";"2021";"20:46";"5";"63";"63113";"2";"1";"1";"6";"CHARME (RUE DE LA)";"45,8073831754";"3,1320208311"
"202100017831";"16";"09";"2021";"17:03";"1";"63";"63113";"2";"1";"1";"2";"QUINET (BD EDGAR)";"45,8052100000";"3,1237600000"
"202100017832";"10";"09";"2021";"23:30";"5";"59";"59350";"2";"1";"1";"4";"SCHUMAN ROBERT BOULEVARD";"50,6485100000";"3,0681900000"
"202100017833";"20";"09";"2021";"16:50";"1";"59";"59009";"2";"1";"1";"6";"VERTE RUE";"50,6202300000";"3,1263900000"
"202100017834";"16";"09";"2021";"15:20";"1";"58";"58194";"2";"1";"1";"6";"JONCTION (QUAI)";"46,9786000000";"3,1661600000"
"202100017835";"19";"09";"2021";"17:10";"1";"57";"57143";"2";"1";"1";"3";"JOFFRE (RUE)";"49,2592900000";"6,0842300000"
"202100017836";"19";"09";"2021";"11:51";"1";"57";"57591";"1";"1";"1";"7";"CD181";"49,2336200000";"6,0638900000"
"202100017837";"19";"09";"2021";"08:40";"1";"56";"56162";"2";"1";"1";"6";"MOULIN DU TER (RUE DU )";"47,7350600000";" -3,4030900000"
"202100017838";"20";"09";"2021";"09:10";"1";"54";"54253";"1";"1";"1";"1";"DEPARTEMENTALE 613";"49,1963300000";"5,8982200000"
"202100017839";"20";"09";"2021";"09:50";"2";"51";"51454";"2";"6";"1";"3";"Place Max Rousseaux";"49,2646184543";"4,0101596076"
"202100017840";"19";"09";"2021";"02:40";"3";"50";"50502";"1";"3";"1";"5";"TESSY";"49,0943300000";" -1,0928700000"
"202100017841";"18";"09";"2021";"17:00";"1";"50";"50602";"2";"1";"1";"2";"BOUIN (RUE JEAN)";"49,6347500000";" -1,5862900000"
"202100017842";"19";"09";"2021";"01:50";"5";"50";"50173";"2";"1";"1";"2";"CARNOT (RUE)";"49,6506800000";" -1,6558300000"
"202100017843";"20";"09";"2021";"07:20";"5";"44";"44162";"2";"6";"1";"3";"BOULEVARD SALVADOR ALLENDE";"47,2193900000";" -1,6215900000"
"202100017844";"19";"09";"2021";"19:00";"1";"37";"37261";"2";"2";"1";"3";"WALVEIN (RUE)";"47,3902654162";"0,6706046680"
"202100017845";"20";"09";"2021";"21:10";"4";"35";"35206";"1";"1";"1";"2";"RN136";"48,0812000000";" -1,6610600000"
"202100017846";"20";"09";"2021";"17:40";"1";"35";"35238";"2";"3";"1";"6";"REDON (DE)";"48,1080800000";" -1,6914560000"
"202100017847";"20";"09";"2021";"13:50";"1";"35";"35238";"2";"9";"1";"2";"CHATEAU (AVENUE FRANCOIS)";"48,1112600000";" -1,6484100000"
"202100017848";"19";"09";"2021";"06:10";"3";"34";"34129";"1";"1";"1";"1";"D116";"43,5667400000";"3,8699900000"
"202100017849";"20";"09";"2021";"19:10";"1";"33";"33249";"2";"2";"1";"3";"Avenue de Paris";"44,8731900000";" -0,5115900000"
"202100017850";"20";"09";"2021";"11:10";"1";"33";"33522";"2";"3";"1";"3";"Cours de la LibÃ©ration";"44,7992470000";" -0,5982210000"
"202100017851";"20";"09";"2021";"08:20";"1";"33";"33529";"1";"1";"2";"2";"N/A";"44,5617900000";" -1,1505100000"
"202100017852";"20";"09";"2021";"08:45";"1";"31";"31555";"2";"1";"1";"3";"ALL DE BRIENNE";"43,6052800000";"1,4329500000"
"202100017853";"20";"09";"2021";"16:40";"1";"29";"29019";"2";"1";"1";"2";"Avenue Victor le Gorgeu";"48,4001700000";" -4,4984500000"
"202100017854";"19";"09";"2021";"17:50";"1";"29";"29019";"2";"1";"1";"6";"Rue Daumier";"48,4122875800";" -4,4603204700"
"202100017855";"18";"09";"2021";"12:45";"1";"25";"25388";"2";"4";"1";"2";"BETHONCOURT (ROUTE DE )";"47,5245800000";"6,8117500000"
"202100017856";"19";"09";"2021";"07:15";"2";"25";"25056";"2";"2";"2";"3";"BLUM  BOULEVARD LEON (inf 51)";"47,2560000000";"6,0200000000"
"202100017857";"15";"09";"2021";"15:00";"1";"24";"24037";"2";"1";"1";"3";"RD 936";"44,8363900000";"0,4531700000"
"202100017858";"17";"09";"2021";"19:40";"2";"22";"22113";"2";"1";"2";"3";"PLOUBEZRE (RUE DE)";"48,7225400000";" -3,4599400000"
"202100017859";"20";"09";"2021";"16:00";"1";"17";"17300";"2";"1";"1";"6";"CARNOT   AVENUE";"46,1652800000";" -1,1858400000"
"202100017860";"20";"09";"2021";"06:10";"5";"17";"17300";"2";"1";"2";"6";"REMPARTS   CHEMIN DES";"46,1617723144";" -1,1558330403"
"202100017861";"20";"09";"2021";"19:05";"1";"14";"14001";"2";"1";"8";"6";"D 140";"49,3878700000";"0,2759400000"
"202100017862";"20";"09";"2021";"13:30";"1";"14";"14118";"2";"1";"1";"3";"JUIN (BOULEVARD MARECHAL)";"49,2104000000";" -0,3676000000"
"202100017863";"19";"09";"2021";"05:15";"3";"13";"13039";"1";"1";"1";"3";"RN 568";"43,4864100000";"4,8857800000"
"202100017864";"20";"09";"2021";"12:15";"1";"13";"13211";"2";"1";"1";"3";"EMMANUEL ALLARD (RUE)";"43,2899725213";"5,4405796134"
"202100017865";"20";"09";"2021";"14:10";"1";"13";"13205";"2";"2";"1";"3";"JEAN MOULIN (BOULEVARD)";"43,2923900000";"5,4010500000"
"202100017866";"20";"09";"2021";"10:00";"1";"13";"13210";"2";"3";"1";"3";"RABATAU (BOULEVARD)";"43,2793500000";"5,3993000000"
"202100017867";"17";"09";"2021";"01:15";"5";"13";"13201";"2";"1";"1";"1";"SAINT SAVOURNIN (RUE)";"43,2972692817";"5,3873318994"
"202100017868";"18";"09";"2021";"02:08";"5";"13";"13207";"2";"9";"1";"6";"ENDOUME (RUE D')";"43,2898500000";"5,3663100000"
"202100017869";"19";"09";"2021";"13:55";"1";"06";"06069";"2";"1";"1";"1";"CANNES (ROUTE DE)  -RD 6085-";"43,6346750000";"6,9494900000"
"202100017870";"20";"09";"2021";"01:49";"5";"06";"06069";"2";"1";"1";"6";"CANNES (ROUTE DE)  -RD 6085-";"43,6383600000";"6,9505600000"
"202100017871";"20";"09";"2021";"18:15";"1";"06";"06123";"2";"1";"1";"6";"DE GAULLE GENERAL AVENUE";"43,6682700000";"7,1919900000"
"202100017872";"20";"09";"2021";"08:40";"1";"06";"06155";"2";"1";"1";"3";"SAINT BERNARD CH.";"43,5876910000";"7,0555550000"
"202100017873";"20";"09";"2021";"11:35";"1";"01";"01053";"2";"2";"2";"6";"HERRIOT ( BOULEVARD EDOUARD COTE PAIR)";"46,2102900000";"5,2217100000"
"202100017874";"18";"09";"2021";"01:45";"5";"75";"75111";"2";"4";"1";"6";"BOULEVARD DE BELLEVILLE";"48,8718410000";"2,3769860000"
"202100017875";"20";"09";"2021";"15:15";"1";"75";"75119";"2";"3";"1";"3";"BOULEVARD SERURIER";"48,8771911806";"2,4065571189"
"202100017876";"18";"09";"2021";"23:10";"5";"75";"75116";"2";"1";"1";"6";"VOIE GEORGES POMPIDOU";"48,8414190615";"2,2692050850"
"202100017877";"20";"09";"2021";"07:15";"2";"75";"75115";"2";"2";"2";"3";"RUE DE LA CROIX NIVERT";"48,8436140000";"2,2957670000"
"202100017878";"20";"09";"2021";"13:45";"1";"75";"75113";"2";"3";"8";"6";"BOULEVARD VINCENT AURIOL";"48,8345736359";"2,3673703775"
"202100017879";"19";"09";"2021";"23:25";"5";"75";"75111";"2";"7";"1";"3";"AVENUE DU TRONE";"48,8483708210";"2,3974925280"
"202100017880";"20";"09";"2021";"07:50";"1";"75";"75101";"2";"2";"8";"3";"RUE SAINT HONORE";"48,8649130000";"2,3319450000"
"202100017881";"17";"09";"2021";"20:20";"5";"94";"94080";"2";"9";"1";"3";"Avenue de Paris";"48,8454900000";"2,4286900000"
"202100017882";"19";"09";"2021";"18:50";"1";"94";"94058";"2";"2";"1";"3";"LEDRU ROLLIN (AV)";"48,8432300000";"2,5033800000"
"202100017883";"20";"09";"2021";"19:50";"2";"94";"94046";"2";"3";"2";"3";"Rue EugÃ¨ne Renault";"48,8148200000";"2,4173200000"
"202100017884";"20";"09";"2021";"18:00";"1";"94";"94046";"2";"1";"1";"2";"REPUBLIQUE (AV DE LA)";"48,8035000000";"2,4358600000"
"202100017885";"20";"09";"2021";"08:15";"1";"94";"94016";"2";"9";"2";"2";"ARISTIDE BRIAND (AV)";"48,7934200000";"2,3208600000"
"202100017886";"19";"09";"2021";"21:10";"5";"94";"94033";"2";"2";"1";"3";"Avenue du PrÃ©sident Roosevelt";"48,8430100000";"2,4648500000"
"202100017887";"20";"09";"2021";"05:40";"5";"94";"94078";"2";"3";"2";"3";"Avenue du 8 Mai 1945";"48,7277100000";"2,4455500000"
"202100017888";"20";"09";"2021";"17:30";"1";"93";"93014";"2";"1";"1";"2";"Boulevard Gagarine";"48,9079900000";"2,5336000000"
"202100017889";"19";"09";"2021";"23:15";"5";"93";"93008";"2";"9";"1";"3";"PARIS (RUE DE)";"48,8998328787";"2,4488788828"
"202100017890";"20";"09";"2021";"13:10";"1";"93";"93001";"2";"1";"1";"3";"JEAN JAURES (AVE) 55 A 129";"48,9062130000";"2,3948140000"
"202100017891";"16";"09";"2021";"11:00";"1";"92";"92064";"2";"1";"1";"7";"PARC SAINT CLOUD";"48,8392400000";"2,1962000000"
"202100017892";"18";"09";"2021";"17:50";"1";"92";"92033";"2";"1";"1";"3";"BUZENVAL";"48,8518435460";"2,2052255353"
"202100017893";"19";"09";"2021";"15:00";"1";"92";"92050";"2";"1";"1";"3";"JOFFRE MARECHAL AVENUE DU";"48,8856698242";"2,1966581047"
"202100017894";"20";"09";"2021";"14:00";"1";"92";"92048";"2";"1";"1";"1";"MARCEL ALLEGOT (RUE)";"48,8221425150";"2,2262147069"
"202100017895";"20";"09";"2021";"09:10";"1";"92";"92040";"2";"3";"8";"5";"GENERAL LECLERC";"48,8264204396";"2,2784598815"
"202100017896";"20";"09";"2021";"13:00";"1";"92";"92035";"2";"2";"2";"2";"RÃ©publique ( boulevard de la )";"48,9063381299";"2,2486996651"
"202100017897";"20";"09";"2021";"08:45";"1";"92";"92026";"2";"1";"2";"2";"PAUL DOUMER";"48,8893964123";"2,2553203662"
"202100017898";"20";"09";"2021";"11:34";"1";"92";"92024";"2";"2";"8";"3";"CLICHY (QUAI DE) DE (104 A 202)";"48,9084900000";"2,3001600000"
"202100017899";"20";"09";"2021";"17:55";"1";"92";"92019";"2";"3";"1";"3";"JUSTICE (CHEMIN)";"48,7670056590";"2,2658523917"
"202100017900";"20";"09";"2021";"04:00";"5";"92";"92012";"2";"2";"2";"3";"CHATEAU (RUE DU) 1/125 - 2/136";"48,8445200000";"2,2514500000"
"202100017901";"20";"09";"2021";"15:25";"1";"92";"92007";"2";"1";"1";"2";"BRIAND (AVENUE ARISTIDE) NÂ° 100 A 160";"48,7998900000";"2,3232000000"
"202100017902";"20";"09";"2021";"09:05";"1";"92";"92014";"2";"1";"8";"6";"MONTROUGE (AVENUE DE)";"48,7860862544";"2,3112112284"
"202100017903";"20";"09";"2021";"13:20";"1";"92";"92009";"2";"9";"1";"6";"EUROPE (AVENUE)";"48,9065100000";"2,2595500000"
"202100017904";"20";"09";"2021";"12:30";"1";"92";"92004";"2";"1";"1";"4";"ARGENTEUIL ( AVENUE D' )";"48,9216882863";"2,2778250422"
"202100017905";"18";"09";"2021";"22:00";"5";"92";"92004";"2";"3";"1";"6";"DOCTEUR DERVAUX  ( QUAI DU )";"48,9083415169";"2,2927445654"
"202100017906";"18";"09";"2021";"11:10";"1";"92";"92002";"2";"4";"1";"6";"EGLISE (RUE DE L')";"48,7517900000";"2,2968700000"
"202100017907";"21";"09";"2021";"01:30";"3";"2A";"2A272";"1";"1";"1";"6";"Orasi";"41,5690320000";"8,9577630000"
"202100017908";"18";"09";"2021";"16:00";"1";"51";"51016";"1";"1";"1";"7";"D13";"48,5842050000";"4,7022990000"
"202100017909";"20";"09";"2021";"15:49";"1";"38";"38017";"1";"1";"2";"1";"D131";"45,4189370000";"4,8745610000"
"202100017910";"19";"09";"2021";"16:53";"1";"43";"43117";"1";"1";"3";"6";"D19";"45,2855460000";"3,4652420000"
"202100017911";"18";"09";"2021";"16:15";"1";"33";"33138";"2";"9";"1";"6";"28b Rue Baste";"45,0351970000";" -0,1289050000"
"202100017912";"20";"09";"2021";"16:30";"1";"06";"06161";"1";"9";"1";"1";"Route de Grasse";"43,6566780000";"7,1065320000"