"Num_Acc";"jour";"mois";"an";"hrmn";"lum";"dep";"com";"agg";"int";"atm";"col";"adr";"lat";"long"
"202100017913";"18";"09";"2021";"14:55";"1";"12";"12131";"1";"1";"1";"1";"N88";"44,3783370000";"2,6541640000"
"202100017914";"21";"09";"2021";"13:45";"1";"51";"51486";"1";"1";"1";"7";"D21";"49,1714258858";"4,4059252739"
"202100017915";"2";"07";"2021";"10:45";"1";"14";"14738";"1";"1";"1";"5";"A84";"49,1642760000";" -0,4372970000"
"202100017916";"20";"09";"2021";"07:20";"2";"63";"63404";"1";"1";"2";"2";"A 75";"45,5867210000";"3,2462190000"
"202100017917";"21";"09";"2021";"09:45";"1";"95";"95280";"2";"1";"1";"3";"RD 47A";"49,0114486533";"2,4794546817"
"202100017918";"20";"09";"2021";"15:07";"1";"56";"56168";"1";"1";"1";"5";"D768";"47,5932420000";" -3,1319620000"
"202100017919";"21";"09";"2021";"17:20";"1";"74";"74241";"1";"1";"1";"1";"D907";"46,1344970000";"6,4632650000"
"202100017920";"21";"09";"2021";"09:00";"1";"80";"80343";"1";"1";"1";"1";"D180";"49,9482970000";"1,6803450000"
"202100017921";"21";"08";"2021";"19:53";"1";"33";"33320";"1";"1";"1";"7";"Route du Camping";"44,9940470000";" -0,0642660000"
"202100017922";"21";"09";"2021";"10:45";"1";"89";"89086";"2";"1";"1";"6";"RD16 Rue des Ponts";"47,8862580000";"3,0949850000"
"202100017923";"21";"09";"2021";"11:18";"1";"34";"34332";"2";"1";"1";"6";"Boulevard Gambetta";"43,3109033260";"3,4186667109"
"202100017924";"19";"09";"2021";"15:00";"1";"22";"22131";"1";"1";"1";"7";"Kernavenan";"48,5326423172";" -3,4714635345"
"202100017925";"18";"09";"2021";"13:30";"1";"44";"44131";"2";"1";"1";"7";"La Couronnerie";"47,1129850000";" -1,9678830000"
"202100017926";"30";"08";"2021";"18:50";"2";"44";"44003";"2";"6";"7";"6";"Boulevard du Docteur Moutel";"47,3708870000";" -1,1773770000"
"202100017927";"20";"09";"2021";"10:20";"1";"29";"29075";"2";"3";"7";"6";"Rue Louis Lichou";"48,4111720000";" -4,4191000000"
"202100017928";"20";"09";"2021";"17:30";"1";"29";"29174";"1";"3";"1";"6";"pennanguer";"47,9195920000";" -4,2841530000"
"202100017929";"21";"09";"2021";"17:55";"1";"01";"01179";"2";"2";"1";"3";"Rue du Carron";"46,2564740000";"4,8606460000"
"202100017930";"14";"09";"2021";"14:00";"1";"85";"85065";"1";"1";"1";"1";"A83";"46,8649450000";" -1,2840700000"
"202100017931";"21";"09";"2021";"09:50";"1";"50";"50388";"1";"3";"1";"1";"Rue du Mesnil";"49,0160000000";" -1,5085390000"
"202100017932";"21";"09";"2021";"17:30";"1";"60";"60297";"1";"2";"1";"1";"N/A";"49,6404000000";"2,0023440000"
"202100017933";"21";"09";"2021";"13:40";"1";"10";"10022";"1";"1";"1";"6";"D142";"48,0166110000";"4,3229060000"
"202100017934";"20";"09";"2021";"10:00";"1";"36";"36070";"1";"1";"2";"3";"Le Pont des Piles";"46,4590130000";"1,5996270000"
"202100017935";"18";"06";"2021";"18:15";"1";"04";"04149";"1";"3";"1";"1";"RD 101";"44,0442695764";"5,9534334456"
"202100017936";"21";"09";"2021";"07:20";"2";"85";"85084";"1";"2";"1";"3";"La Belle Entree";"46,7555820000";" -1,2519530000"
"202100017937";"21";"09";"2021";"14:05";"1";"28";"28051";"2";"6";"1";"6";"Rue d OrlÃ©ans";"48,1806060000";"1,3898560000"
"202100017938";"15";"09";"2021";"20:45";"3";"87";"87089";"1";"1";"1";"7";"La Sagne Barrat";"46,2062590000";"1,1172310000"
"202100017939";"16";"09";"2021";"10:50";"1";"37";"37139";"2";"2";"1";"1";"Avenue Louis-Charles d Albert Duc de Luynes";"47,3901996306";"0,5469410894"
"202100017940";"21";"09";"2021";"15:45";"1";"973";"97307";"2";"3";"1";"3";"Carrefour Rue du Foulard et Rue Quadrille des Lanciers";"4,8813646562";" -52,3446563333"
"202100017941";"20";"09";"2021";"16:05";"1";"76";"76684";"1";"9";"1";"3";"nationale 182, Sens LE HAVRE / TANCARVILLE";"49,4750890000";"0,4623320000"
"202100017942";"18";"09";"2021";"08:35";"1";"33";"33380";"1";"1";"2";"7";"A10 PK 494.500 SENS BORDEAUX -PARIS";"45,2823150000";" -0,5508610000"
"202100017943";"20";"09";"2021";"17:10";"1";"13";"13011";"2";"1";"1";"1";"departementale 27";"43,7405030000";"4,7898240000"
"202100017944";"20";"09";"2021";"15:45";"1";"987";"98716";"2";"1";"1";"3";"Village de Rotoava";" -16,0520620000";" -145,6482630000"
"202100017945";"18";"09";"2021";"18:15";"1";"37";"37110";"1";"1";"2";"6";"D80";"47,3249810000";"1,0838810000"
"202100017946";"21";"09";"2021";"08:37";"1";"2A";"2A247";"2";"6";"1";"2";"Les Quatre Chemins";"41,5955105809";"9,2745454861"
"202100017947";"17";"09";"2021";"08:45";"1";"66";"66088";"2";"5";"1";"6";"Rue Michel Blanc";"42,6700080000";"2,6225080000"
"202100017948";"21";"09";"2021";"11:50";"1";"84";"84067";"1";"1";"1";"6";"Via Venaissia (Piste cyclable)";"44,0881010000";"5,0072010000"
"202100017949";"20";"09";"2021";"10:30";"1";"89";"89453";"1";"1";"1";"2";"D158";"47,7922450000";"3,5237390000"
"202100017950";"20";"09";"2021";"14:30";"1";"68";"68287";"1";"1";"1";"6";"Route dÃ©partementale 83";"47,9458330000";"7,2908180000"
"202100017951";"13";"09";"2021";"08:30";"1";"73";"73051";"1";"1";"1";"4";"D1201A";"45,6482560000";"5,8775350000"
"202100017952";"7";"09";"2021";"12:15";"1";"69";"69289";"1";"2";"7";"3";"HEYRIEUX (D') (RTE)";"45,6484810000";"5,0240890000"
"202100017953";"20";"09";"2021";"17:50";"1";"17";"17351";"1";"4";"1";"3";"D728";"45,8212480000";" -1,0843530000"
"202100017954";"10";"09";"2021";"17:00";"1";"33";"33449";"2";"3";"1";"3";"Avenue Voltaire";"44,8935490000";" -0,7602350000"
"202100017955";"21";"09";"2021";"16:10";"1";"50";"50099";"1";"1";"1";"7";"Ld la Gallioterie";"49,2762190000";" -1,2706160000"
"202100017956";"20";"09";"2021";"22:30";"3";"14";"14630";"1";"6";"1";"6";"D33";"49,2538430000";" -0,6490620000"
"202100017957";"19";"09";"2021";"04:00";"5";"27";"27188";"1";"1";"8";"6";"route dÃ©partementale 321";"49,3026510000";"1,0992780000"
"202100017958";"20";"09";"2021";"08:55";"1";"13";"13215";"1";"1";"1";"5";"A7-Sens Marseille vers Lyon";"43,3426270000";"5,3760950000"
"202100017959";"20";"09";"2021";"03:42";"3";"13";"13015";"1";"1";"1";"1";"A51-Sens Aix en Provence vers Marseille";"43,4552305281";"5,3984338862"
"202100017960";"11";"09";"2021";"20:45";"3";"69";"69256";"1";"1";"1";"2";"EST (ROC)";"45,7956740704";"4,9321437284"
"202100017961";"7";"09";"2021";"20:30";"5";"69";"69266";"2";"1";"1";"4";"RD383   3.750 A 7.640";"45,7562700000";"4,9084400000"
"202100017962";"20";"09";"2021";"09:10";"1";"33";"33249";"1";"1";"2";"7";"Rocade Rive Droite N230";"44,8787580000";" -0,5094640000"
"202100017963";"14";"09";"2021";"11:55";"1";"33";"33039";"1";"1";"1";"2";"N/A";"44,7967600000";" -0,5382300000"
"202100017964";"17";"09";"2021";"17:55";"1";"62";"62528";"1";"1";"1";"5";"AUTOROUTE A21";"50,4519160000";"2,8143290000"
"202100017965";"20";"09";"2021";"18:40";"1";"92";"92019";"1";"1";"1";"2";"AUTOROUTE A86";"48,7606457938";"2,2867897153"
"202100017966";"20";"09";"2021";"18:30";"1";"91";"91689";"1";"1";"1";"3";"AUTOROUTE A6A";"48,7408250000";"2,3208830000"
"202100017967";"20";"09";"2021";"12:55";"1";"92";"92002";"1";"1";"1";"6";"AUTOROUTE A10";"48,7351000000";"2,3159000000"
"202100017968";"20";"09";"2021";"06:55";"2";"92";"92002";"1";"1";"1";"4";"AUTOROUTE A86";"48,7635507450";"2,3084565997"
"202100017969";"20";"09";"2021";"08:30";"1";"92";"92063";"1";"1";"8";"6";"A86";"48,8854052429";"2,1653848886"
"202100017970";"20";"09";"2021";"07:30";"2";"95";"95582";"1";"1";"2";"3";"RD 170";"48,9666859939";"2,2729039192"
"202100017971";"20";"09";"2021";"06:40";"3";"93";"93027";"1";"9";"2";"7";"AUTOROUTE A86";"48,9287300000";"2,4152000000"
"202100017972";"20";"09";"2021";"03:50";"3";"93";"93027";"1";"1";"3";"7";"AUTOROUTE A86";"48,9263982344";"2,4028344808"
"202100017973";"20";"09";"2021";"00:50";"5";"95";"95527";"1";"1";"3";"6";" A1";"49,0213920000";"2,5341180000"
"202100017974";"20";"09";"2021";"08:50";"1";"77";"77363";"1";"1";"1";"2";"A104";"48,9248740000";"2,6294790000"
"202100017975";"15";"05";"2021";"15:07";"1";"29";"29019";"2";"2";"1";"2";"Boulevard de lâEurope";"48,4100900000";" -4,5146500000"
"202100017976";"31";"05";"2021";"17:15";"1";"38";"38563";"2";"3";"1";"3";"Avenue du 8 Mai 1945";"45,3754200000";"5,5807800000"
"202100017977";"18";"09";"2021";"13:00";"1";"76";"76540";"2";"1";"1";"6";"CAUCHOISE. PLACE";"49,4455100000";"1,0861800000"
"202100017978";"19";"09";"2021";"11:30";"1";"61";"61077";"1";"6";"2";"7";"QUAKENBRUCK (AVENUE DE)";"48,4465119218";"0,1127840376"
"202100017979";"14";"09";"2021";"16:40";"1";"22";"22113";"2";"9";"1";"6";"SAINT MARC (LIEU DIT)";"48,7338765966";" -3,4422767339"
"202100017980";"19";"09";"2021";"16:20";"1";"974";"97411";"1";"1";"1";"6";"MONTAGNE (ROUTE DE LA)";" -20,9001650000";"55,4628124000"
"202100017981";"18";"09";"2021";"10:13";"1";"973";"97302";"2";"1";"1";"3";"LEBLOND (ROND POINT)";"4,9207816057";" -52,3303213120"
"202100017982";"19";"09";"2021";"06:15";"5";"69";"69383";"2";"2";"2";"3";"ALBERT THOMAS (CR)";"45,7435944929";"4,8769795150"
"202100017983";"19";"09";"2021";"01:00";"5";"69";"69383";"2";"2";"3";"3";"ANDRE PHILIP (R)";"45,7528000000";"4,8520900000"
"202100017984";"19";"09";"2021";"02:47";"5";"69";"69381";"2";"1";"2";"6";"TERME (R)";"45,7698081680";"4,8309650341"
"202100017985";"19";"09";"2021";"15:55";"1";"95";"95428";"2";"2";"1";"3";"RD 144";"48,9932500000";"2,3234200000"
"202100017986";"19";"09";"2021";"05:45";"5";"91";"91549";"2";"2";"1";"2";"JACQUES DUCLOS (AVENUE)";"48,6345280000";"2,3437410000"
"202100017987";"18";"09";"2021";"20:10";"5";"91";"91377";"2";"1";"2";"7";"AV DE L EUROPE";"48,7267370000";"2,2780930000"
"202100017988";"18";"09";"2021";"12:50";"1";"91";"91191";"2";"1";"1";"6";"REPUBLIQUE (AVENUE DE LA)";"48,7212100000";"2,4502400000"
"202100017989";"19";"09";"2021";"14:25";"1";"83";"83137";"2";"1";"1";"6";"CARNOT (AVE LAZARE)";"43,1292100000";"5,9241100000"
"202100017990";"16";"09";"2021";"18:45";"1";"83";"83069";"2";"3";"1";"2";"AVENUE RITONDALE LEOPOLD";"43,1156200000";"6,1391800000"
"202100017991";"26";"08";"2021";"19:35";"1";"83";"83050";"1";"1";"1";"1";"RD 54";"43,5239200000";"6,5255190000"
"202100017992";"19";"09";"2021";"06:25";"3";"82";"82121";"1";"1";"2";"6";"SAINT-ETIENNE DE TULMONT (ROUTE)";"44,0326800000";"1,4151100000"
"202100017993";"19";"09";"2021";"14:25";"1";"78";"78638";"2";"2";"1";"2";"GENERAL DE GAULLE (RUE DU)";"49,0045690000";"1,9671110000"
"202100017994";"19";"09";"2021";"02:20";"5";"76";"76540";"2";"1";"2";"6";"NANSEN. RUE FRIDTJOF";"49,4450937660";"1,0631016610"
"202100017995";"19";"09";"2021";"17:36";"1";"72";"72181";"2";"1";"1";"2";"MAC JEAN (AV) NÂ° IMP 107 ET plus";"47,9785600000";"0,2271800000"
"202100017996";"14";"09";"2021";"08:40";"1";"69";"69256";"2";"4";"1";"6";"LOUIS DUCLOS (R)";"45,7863500000";"4,9260300000"
"202100017997";"19";"09";"2021";"21:15";"5";"64";"64129";"2";"1";"1";"3";"JEAN MERMOZ";"43,3134500000";" -0,3776500000"
"202100017998";"17";"09";"2021";"17:30";"1";"62";"62225";"2";"1";"1";"1";"ARQUES (ROUTE D'..............)";"50,7579350000";"2,3032810000"
"202100017999";"19";"09";"2021";"19:45";"1";"60";"60057";"2";"1";"1";"6";"Rue Gambetta";"49,4330432787";"2,0847279131"
"202100018000";"19";"09";"2021";"00:20";"4";"59";"59009";"2";"2";"1";"3";"BOIS AVENUE DU";"50,6316800000";"3,1406400000"
"202100018001";"19";"09";"2021";"17:58";"1";"51";"51454";"2";"2";"1";"7";"Rue de Courlancy";"49,2457779495";"4,0176087073"
"202100018002";"18";"09";"2021";"18:00";"1";"51";"51454";"2";"1";"1";"2";"Avenue de Champagne";"49,2189448102";"4,0205202948"
"202100018003";"19";"09";"2021";"23:05";"5";"38";"38421";"2";"1";"1";"6";"Avenue de la GalochÃ¨re";"45,1706300000";"5,7686500000"
"202100018004";"19";"09";"2021";"06:10";"5";"38";"38185";"2";"1";"2";"6";"Rue de Turenne";"45,1829600000";"5,7184200000"
"202100018005";"19";"09";"2021";"03:10";"3";"35";"35238";"2";"1";"1";"6";"GERARD (MICHEL)";"48,0880100000";" -1,6381700000"
"202100018006";"19";"09";"2021";"19:10";"1";"34";"34108";"2";"1";"1";"3";"MONTPELLIER (ROUTE DE)";"43,4594481328";"3,7641740353"
"202100018007";"19";"09";"2021";"17:50";"1";"25";"25056";"2";"1";"2";"6";"FAURE AVENUE EDGAR";"47,2429900000";"6,0172000000"
"202100018008";"18";"09";"2021";"18:15";"1";"13";"13005";"2";"1";"1";"2";"CD 2 (CAMP MAJOR)";"43,2882487404";"5,5422177797"
"202100018009";"18";"09";"2021";"17:15";"1";"09";"09225";"1";"1";"2";"6";"ESCOSSE CHEMIN D'";"43,1276000000";"1,6047700000"
"202100018010";"18";"09";"2021";"23:30";"3";"07";"07138";"1";"1";"8";"6";"N/A";"44,5923000000";"4,4256700000"
"202100018011";"19";"09";"2021";"18:55";"1";"06";"06088";"2";"1";"1";"2";"CORNIGLION MOLINIER (BD)";"43,6667110000";"7,2150270000"
"202100018012";"19";"09";"2021";"18:50";"2";"75";"75120";"2";"1";"1";"4";"BD PERIPHERIQUE INTERIEUR";"48,8687420000";"2,4132520000"
"202100018013";"19";"09";"2021";"16:15";"1";"75";"75117";"2";"1";"1";"3";"BD PERIPHERIQUE INTERIEUR";"48,8809920000";"2,2823330000"
"202100018014";"19";"09";"2021";"07:40";"1";"75";"75119";"2";"1";"1";"4";"BD PERIPHERIQUE EXTERIEUR";"48,8953850000";"2,3948020000"
"202100018015";"18";"09";"2021";"14:10";"1";"75";"75112";"2";"1";"1";"4";"BD PERIPHERIQUE INTERIEUR";"48,8309270000";"2,4029910000"
"202100018016";"17";"09";"2021";"20:25";"2";"75";"75117";"2";"1";"1";"4";"BD PERIPHERIQUE INTERIEUR";"48,8851930000";"2,2873020000"
"202100018017";"19";"09";"2021";"01:45";"5";"75";"75106";"2";"1";"1";"6";"PASSAGE DE LA PETITE BOUCHERIE";"48,8536660000";"2,3356440000"
"202100018018";"19";"09";"2021";"08:34";"1";"75";"75118";"2";"2";"1";"3";"RUE D ORSEL";"48,8839280000";"2,3445790000"
"202100018019";"19";"09";"2021";"20:44";"5";"75";"75116";"2";"1";"1";"2";"BOULEVARD MURAT";"48,8437040000";"2,2567330000"
"202100018020";"19";"09";"2021";"19:50";"3";"75";"75116";"2";"2";"2";"6";"AVENUE DE MALAKOFF";"48,8731700000";"2,2844390000"
"202100018021";"19";"09";"2021";"15:20";"1";"75";"75115";"2";"2";"1";"6";"AVENUE DE LOWENDAL";"48,8488260000";"2,3024630000"
"202100018022";"18";"09";"2021";"12:10";"1";"75";"75115";"2";"3";"1";"3";"RUE DE VAUGIRARD";"48,8369070000";"2,2958210000"
"202100018023";"19";"09";"2021";"04:10";"5";"75";"75115";"2";"1";"1";"7";"BOULEVARD DE GRENELLE";"48,8501360000";"2,2941130000"
"202100018024";"19";"09";"2021";"00:50";"5";"75";"75113";"2";"1";"1";"6";"QUAI D AUSTERLITZ";"48,8406700000";"2,3696430000"
"202100018025";"18";"09";"2021";"12:55";"1";"75";"75112";"2";"1";"1";"4";"AVENUE DE NOGENT";"48,8414460000";"2,4508100000"
"202100018026";"18";"09";"2021";"23:40";"5";"75";"75104";"2";"4";"1";"4";"BOULEVARD BOURDON";"48,8472605441";"2,3648966911"
"202100018027";"19";"09";"2021";"13:00";"1";"75";"75111";"2";"2";"1";"3";"RUE DE LA FOLIE REGNAULT";"48,8611770000";"2,3858550000"
"202100018028";"19";"09";"2021";"12:35";"1";"75";"75111";"2";"2";"1";"6";"BOULEVARD VOLTAIRE";"48,8652000000";"2,3676810000"
"202100018029";"19";"09";"2021";"09:52";"1";"75";"75110";"2";"2";"1";"6";"RUE LA FAYETTE";"48,8794750000";"2,3577260000"
"202100018030";"19";"09";"2021";"18:40";"2";"75";"75101";"2";"3";"1";"1";"RUE DE RIVOLI";"48,8605034015";"2,3421397805"
"202100018031";"19";"09";"2021";"11:08";"1";"94";"94078";"2";"1";"1";"2";"PARIS (R DE)";"48,7407380000";"2,4467200000"
"202100018032";"19";"09";"2021";"17:00";"1";"94";"94038";"2";"2";"1";"3";"Rue du Commandant lâHerminier";"48,7710100000";"2,3240500000"
"202100018033";"19";"09";"2021";"01:50";"5";"94";"94069";"2";"2";"1";"3";"Avenue de Gravelle";"48,8240700000";"2,4199600000"
"202100018034";"19";"09";"2021";"02:15";"3";"93";"93066";"2";"1";"1";"2";"Rue Ambroise Croizat";"48,9323024554";"2,3489661871"
"202100018035";"18";"09";"2021";"22:35";"5";"92";"92002";"2";"1";"1";"7";"DIVISION LECLERC (31 A 51 -36 A 56 BIS)";"48,7467900000";"2,3036800000"
"202100018036";"18";"09";"2021";"20:00";"3";"63";"63345";"1";"1";"3";"1";"D 2089 ROUTE DU MONT DORE";"45,7066630000";"3,0349200000"
"202100018037";"19";"09";"2021";"15:10";"1";"37";"37147";"1";"1";"1";"1";"La Groie";"47,0500027703";"0,5219749290"
"202100018038";"18";"09";"2021";"14:00";"1";"76";"76532";"1";"1";"1";"7";"A28 - PK 81+600";"49,5936441902";"1,2760538857"
"202100018039";"20";"09";"2021";"08:25";"1";"85";"85034";"1";"1";"1";"5";"A83";"46,6280330000";" -1,1480360000"
"202100018040";"19";"09";"2021";"20:35";"5";"33";"33355";"2";"3";"8";"1";"D10";"44,6674590000";" -0,3505920000"
"202100018041";"19";"09";"2021";"16:25";"1";"36";"36233";"1";"1";"2";"7";"N/A";"47,2522900000";"1,5442320000"
"202100018042";"18";"09";"2021";"10:45";"1";"62";"62645";"2";"1";"1";"6";"Avenue Paul Machy";"50,9780580000";"2,0424810000"
"202100018043";"19";"09";"2021";"22:15";"3";"26";"26106";"1";"1";"2";"2";"Autoroute A7";"44,6448950000";"4,7923300000"
"202100018044";"19";"09";"2021";"23:20";"3";"17";"17142";"1";"1";"3";"7";"N11";"46,1828020000";" -1,0833760000"
"202100018045";"19";"09";"2021";"06:15";"3";"44";"44224";"1";"1";"1";"7";"N171 - PR 37";"47,5366450000";" -1,6495800000"
"202100018046";"19";"09";"2021";"14:10";"1";"58";"58238";"1";"1";"3";"6";"A77 PK156+700";"46,9972900000";"3,2054330000"
"202100018047";"17";"09";"2021";"19:30";"2";"47";"47233";"1";"4";"1";"3";"Route du Traversant";"44,5366244189";"0,1096035341"
"202100018048";"20";"09";"2021";"14:30";"1";"62";"62268";"2";"1";"1";"6";"Route de Boulogne";"50,6698000000";"1,8205650000"
"202100018049";"18";"09";"2021";"23:30";"3";"76";"76325";"1";"1";"1";"5";"Route de Rouen";"49,6750290000";"0,8224350000"
"202100018050";"17";"09";"2021";"17:50";"1";"76";"76482";"2";"4";"1";"6";"Rue Jean JaurÃ¨s";"49,8691070000";"1,0490440000"
"202100018051";"20";"09";"2021";"09:45";"1";"65";"65473";"1";"1";"2";"6";"D913";"42,9652918382";" -0,0606398486"
"202100018052";"19";"09";"2021";"22:56";"3";"33";"33394";"1";"1";"2";"6";"Lieu Dit Cantenac";"44,8948520000";" -0,2025410000"
"202100018053";"20";"09";"2021";"07:34";"2";"71";"71430";"1";"3";"2";"3";"D48";"46,8021910000";"4,7047210000"
"202100018054";"18";"09";"2021";"07:49";"1";"55";"55472";"1";"1";"1";"7";"N4 - PK41";"48,7059660000";"5,4755690000"
"202100018055";"19";"09";"2021";"16:38";"1";"44";"44131";"1";"9";"1";"3";"D286";"47,1284110000";" -2,1164240000"
"202100018056";"14";"09";"2021";"17:30";"1";"31";"31517";"2";"9";"1";"6";"2 rue pierre curie";"43,3297500000";"1,3223180000"
"202100018057";"18";"09";"2021";"23:22";"3";"26";"26337";"1";"1";"2";"6";"ROUTE NATIONALE 7";"44,7124490000";"4,8028280000"
"202100018058";"19";"09";"2021";"19:30";"1";"66";"66148";"1";"1";"1";"1";"D914";"42,5100836210";"3,1158977374"
"202100018059";"19";"08";"2021";"23:50";"3";"72";"72144";"1";"1";"1";"6";"Rue du Bas du Bourg";"48,1340640000";"0,7989170000"
"202100018060";"19";"09";"2021";"16:00";"1";"43";"43163";"1";"1";"3";"1";"D503";"45,2491140000";"4,4380750000"
"202100018061";"19";"09";"2021";"11:15";"1";"85";"85026";"1";"1";"1";"1";"D747";"46,5540020000";" -1,4476420000"
"202100018062";"19";"09";"2021";"13:55";"1";"30";"30121";"1";"1";"1";"1";"D35";"43,8420692943";"4,0228997357"
"202100018063";"10";"09";"2021";"14:45";"1";"13";"13051";"1";"1";"1";"3";"PK 32+100 route dÃ©partementale 113";"43,5863050000";"5,1288400000"
"202100018064";"20";"09";"2021";"09:30";"1";"67";"67478";"1";"1";"1";"2";"autoroute A4 - PK441+700";"48,7778280000";"7,4084330000"
"202100018065";"20";"09";"2021";"10:10";"1";"988";"98803";"1";"1";"1";"6";"RT3 - BOURAIL";" -21,4523300000";"165,4868500000"
"202100018066";"20";"09";"2021";"13:28";"1";"974";"97415";"1";"1";"8";"2";"Chemin Bruniquel (gil les Bs)";" -21,0976330000";"55,2471650000"
"202100018067";"20";"09";"2021";"11:40";"1";"971";"97121";"2";"1";"1";"1";"Rue de la Bataille Anse Guyonn";"16,2280620000";" -61,7866320000"
"202100018068";"15";"09";"2021";"05:15";"3";"33";"33214";"1";"1";"1";"7";"contournement du moutchic";"45,0075840000";" -1,1321340000"
"202100018069";"19";"09";"2021";"22:00";"3";"77";"77112";"1";"1";"2";"6";"D98";"48,2465900000";"2,6198260000"
"202100018070";"19";"09";"2021";"07:27";"2";"95";"95054";"1";"1";"1";"6";"RD 43";"49,1510510000";"1,8847160000"
"202100018071";"19";"09";"2021";"17:10";"1";"2B";"2B223";"1";"1";"1";"6";"30";"42,5246290000";"9,1860080000"
"202100018072";"20";"09";"2021";"18:45";"1";"2B";"2B314";"1";"1";"1";"6";"piste de saleccia";"42,7159303757";"9,2086887359"
"202100018073";"19";"09";"2021";"01:30";"3";"2B";"2B055";"1";"1";"1";"4";"T20";"42,5069389503";"9,3308687213"
"202100018074";"18";"09";"2021";"22:50";"5";"34";"34151";"2";"1";"1";"1";"Boulevard Uni Apollon";"43,6637560000";"4,1808500000"
"202100018075";"11";"09";"2021";"11:30";"1";"13";"13081";"1";"9";"1";"3";"N Rd 113 Les levades";"43,4948060000";"5,2167890000"
"202100018076";"19";"09";"2021";"19:45";"2";"13";"13035";"2";"1";"1";"1";"Rue du Couvent";"43,6949120000";"5,0326820000"
"202100018077";"19";"09";"2021";"15:30";"1";"13";"13110";"1";"1";"1";"5";"1691 Route de Saint-Maximin";"43,4570190000";"5,7066730000"
"202100018078";"20";"09";"2021";"10:00";"1";"52";"52102";"1";"1";"8";"1";"D74";"47,8905070000";"5,3681950000"
"202100018079";"3";"09";"2021";"14:55";"1";"38";"38110";"1";"1";"1";"7";"Route de Leveau";"45,5640380000";"4,8698130000"
"202100018080";"15";"09";"2021";"07:15";"2";"38";"38562";"1";"1";"2";"3";"D85,";"45,0833200000";"5,7629730000"
"202100018081";"13";"09";"2021";"08:15";"1";"38";"38562";"2";"6";"1";"3";"Vizille";"45,0826570000";"5,7661490000"
"202100018082";"19";"09";"2021";"15:35";"1";"81";"81100";"1";"3";"8";"3";"D45";"43,4800420000";"2,0085940000"
"202100018083";"19";"09";"2021";"05:30";"3";"59";"59134";"1";"1";"1";"6";"Route d Avesnes";"50,0974500000";"3,8516810000"
"202100018084";"16";"09";"2021";"07:00";"2";"59";"59416";"1";"1";"5";"6";"Route d Hazebrouck";"50,6842960000";"2,5709340000"
"202100018085";"19";"09";"2021";"16:03";"1";"13";"13216";"1";"1";"1";"6";"A55-Sens Martigues vers Marseille";"43,3629000000";"5,3413000000"
"202100018086";"19";"09";"2021";"06:40";"2";"13";"13215";"1";"1";"1";"3";"A55-Sens Marseille vers Martigues";"43,3308000000";"5,3546900000"
"202100018087";"18";"09";"2021";"11:30";"1";"13";"13055";"1";"1";"1";"4";"A507 sens Aubagne- Marseille";"43,2863501693";"5,4311761116"
"202100018088";"18";"09";"2021";"23:12";"5";"13";"13055";"1";"1";"1";"7";"A507 sens Aubagne- Marseille";"43,2958800000";"5,4247400000"
"202100018089";"18";"09";"2021";"20:07";"3";"13";"13210";"1";"1";"1";"6";"A50-Sens Marseille vers Aubagne";"43,2844000000";"5,4057000000"
"202100018090";"19";"09";"2021";"15:50";"1";"94";"94034";"1";"1";"1";"2";"AUTOROUTE A86";"48,7593600000";"2,3224700000"
"202100018091";"19";"09";"2021";"14:10";"1";"94";"94034";"1";"1";"1";"4";"AUTOROUTE A86";"48,7584026074";"2,3255610466"
"202100018092";"18";"09";"2021";"12:40";"1";"92";"92050";"1";"1";"1";"4";"A86";"48,9153626913";"2,2204385940"
"202100018093";"19";"09";"2021";"20:15";"5";"93";"93008";"1";"1";"1";"2";"AUTOROUTE A86";"48,9086200000";"2,4514800000"
"202100018094";"19";"09";"2021";"18:30";"1";"93";"93005";"1";"1";"1";"4";"AUTOROUTE A1";"48,9577100000";"2,4621400000"
"202100018095";"18";"09";"2021";"20:45";"3";"93";"93007";"1";"1";"1";"4";"AUTOROUTE A3";"48,9353100000";"2,4797500000"
"202100018096";"19";"09";"2021";"08:30";"1";"93";"93053";"1";"1";"1";"6";"AUTOROUTE A3";"48,8840800000";"2,4688900000"
"202100018097";"18";"09";"2021";"23:20";"3";"95";"95572";"1";"1";"2";"6";"RN 184";"49,0322300000";"2,1089900000"
"202100018098";"18";"09";"2021";"14:00";"1";"92";"92078";"1";"1";"1";"3";"AUTOROUTE A86";"48,9283084303";"2,3316245851"
"202100018099";"19";"09";"2021";"19:11";"1";"77";"77258";"1";"1";"1";"3";"A4.W";"48,8313680000";"2,6416370000"
"202100018100";"17";"09";"2021";"06:55";"2";"77";"77083";"1";"1";"1";"6";"A4.W";"48,8319600000";"2,6034200000"
"202100018101";"17";"09";"2021";"06:50";"2";"94";"94028";"1";"1";"1";"3";"A86 EXT";"48,7991400000";"2,4457600000"
"202100018102";"18";"09";"2021";"15:30";"1";"76";"76540";"2";"1";"1";"6";"MARNE. BOULEVARD DE LA";"49,4462500000";"1,0891700000"
"202100018103";"17";"09";"2021";"16:45";"1";"61";"61001";"2";"1";"1";"4";"KOUTIALA (AVENUE DE)";"48,4254400000";"0,0780600000"