"Num_Acc";"jour";"mois";"an";"hrmn";"lum";"dep";"com";"agg";"int";"atm";"col";"adr";"lat";"long"
"202100018104";"18";"09";"2021";"06:25";"2";"38";"38185";"2";"1";"1";"1";"GAMBETTA (BOULEVARD)       43-34 A FIN";"45,1841300000";"5,7259500000"
"202100018105";"18";"09";"2021";"15:50";"1";"94";"94028";"2";"3";"1";"3";"Rue de Belle Vue";"48,7850500000";"2,4720400000"
"202100018106";"23";"04";"2021";"10:51";"1";"33";"33249";"2";"3";"1";"6";"Avenue de la LibÃ©ration";"44,8688740000";" -0,5223590000"
"202100018107";"27";"05";"2021";"17:45";"1";"09";"09122";"2";"1";"1";"4";"LECLERC (AVENUE DU GENERAL)";"42,9775600000";"1,6094300000"
"202100018108";"17";"09";"2021";"16:20";"1";"976";"97611";"1";"1";"1";"7";"vahibe-Departementale 3 ( route )";" -12,7891500000";"45,1641900000"
"202100018109";"17";"09";"2021";"13:08";"1";"973";"97302";"2";"1";"1";"5";"PREVOT (ERNEST)";"4,9337310226";" -52,3329828680"
"202100018110";"18";"09";"2021";"22:40";"5";"69";"69386";"2";"2";"8";"1";"VITTON (CR)";"45,7699700000";"4,8584800000"
"202100018111";"18";"09";"2021";"12:45";"1";"69";"69259";"2";"1";"1";"3";"FRANCIS DE PRESSENSE (AV)";"45,7151294356";"4,8722648621"
"202100018112";"18";"09";"2021";"03:35";"5";"69";"69387";"2";"2";"1";"2";"TONY GARNIER (AV)";"45,7267094834";"4,8269462585"
"202100018113";"18";"09";"2021";"15:15";"1";"972";"97213";"2";"1";"1";"2";"AUTOROUTE A1";"14,6180400000";" -61,0321000000"
"202100018114";"18";"09";"2021";"08:35";"1";"972";"97209";"2";"4";"1";"3";"LEOPOLD BISSOL (BOULEVARD)";"14,6101000000";" -61,0737000000"
"202100018115";"17";"09";"2021";"16:15";"1";"972";"97209";"2";"9";"1";"3";"KANN KRISTALINE (RUE)";"14,6085510000";" -61,0480500000"
"202100018116";"18";"09";"2021";"15:00";"1";"69";"69149";"2";"9";"1";"6";"JEAN JAURES (AV)";"45,7138300000";"4,8194700000"
"202100018117";"18";"09";"2021";"18:00";"1";"69";"69034";"2";"1";"1";"3";"GENERAL LECLERC (AV)";"45,7990000000";"4,8526400000"
"202100018118";"14";"09";"2021";"17:00";"1";"69";"69286";"2";"1";"1";"6";"LATTRE DE TASSIGNY (DE) (BD)";"45,8136400000";"4,9046300000"
"202100018119";"18";"09";"2021";"03:15";"4";"69";"69142";"2";"1";"1";"6";"GENERAL LECLERC (DU) (PL)";"45,7266290567";"4,8160095710"
"202100018120";"18";"09";"2021";"18:25";"1";"2B";"2B033";"2";"1";"1";"3";"SAMPIERO CORSO - AV";"42,6670000000";"9,4428200000"
"202100018121";"18";"09";"2021";"11:29";"1";"2B";"2B033";"2";"6";"1";"3";"AV DE LA LIBERATION";"42,6858020188";"9,4453498549"
"202100018122";"18";"09";"2021";"19:55";"5";"95";"95585";"2";"1";"1";"6";"CHAMPAGNE (RUE DE)";"48,9894400000";"2,3684900000"
"202100018123";"18";"09";"2021";"08:50";"1";"91";"91027";"2";"1";"1";"5";"AV MARCEL SEMBAT";"48,7060100000";"2,3722100000"
"202100018124";"18";"09";"2021";"19:10";"1";"83";"83062";"2";"4";"1";"3";"JAURES (AVENUE JEAN)";"43,1203430000";"6,0106660000"
"202100018125";"18";"09";"2021";"19:10";"1";"77";"77445";"2";"1";"1";"6";"AV DE TYRESO";"48,5837100000";"2,5831800000"
"202100018126";"18";"09";"2021";"02:15";"5";"76";"76540";"2";"1";"1";"6";"MAIL. RUE DU";"49,4299700000";"1,0909900000"
"202100018127";"18";"09";"2021";"18:25";"1";"71";"71076";"2";"1";"1";"6";"Quai Saint-Cosme";"46,7774757316";"4,8497449322"
"202100018128";"18";"09";"2021";"15:55";"1";"71";"71076";"2";"3";"1";"6";"BELFORT (RUE DE)";"46,7862400000";"4,8572500000"
"202100018129";"18";"09";"2021";"12:10";"1";"64";"64445";"2";"1";"2";"3";"ORLEANS D'";"43,2988946187";" -0,3739465433"
"202100018130";"18";"09";"2021";"18:30";"1";"64";"64102";"2";"1";"1";"7";"Avenue de lâAquitaine";"43,4867322455";" -1,4680266380"
"202100018131";"18";"09";"2021";"04:18";"5";"64";"64024";"2";"1";"8";"2";"BAYONNE (AVENUE DE)";"43,4817800000";" -1,5087100000"
"202100018132";"17";"09";"2021";"12:00";"1";"62";"62193";"2";"1";"1";"2";"DE GAULLE (BOULEVARD GENERAL)";"50,9632700000";"1,8446200000"
"202100018133";"18";"09";"2021";"17:55";"1";"59";"59599";"2";"1";"1";"6";"COLBERT (RUE)";"50,7367570000";"3,1794100000"
"202100018134";"18";"09";"2021";"03:00";"5";"59";"59350";"2";"2";"1";"3";"VAUBAN BOULEVARD NÂ° RESTE";"50,6345000000";"3,0485800000"
"202100018135";"18";"09";"2021";"16:43";"1";"54";"54265";"2";"1";"1";"2";"ERABLES (AVENUE DES)";"48,6434951454";"6,1850066641"
"202100018136";"18";"09";"2021";"17:00";"1";"51";"51454";"2";"6";"1";"1";"Boulevard Albert 1er";"49,2648265000";"4,0099828300"
"202100018137";"17";"09";"2021";"19:05";"1";"51";"51454";"2";"1";"1";"3";"Boulevard General Leclerc";"49,2568355392";"4,0251605158"
"202100018138";"16";"09";"2021";"07:25";"1";"51";"51230";"2";"1";"1";"1";"Rue de Verdun";"49,0427000000";"3,9683700000"
"202100018139";"18";"09";"2021";"11:00";"1";"45";"45234";"2";"1";"1";"3";"155 Rue du Faubourg Saint Vincent";"47,9119124247";"1,9153547287"
"202100018140";"17";"09";"2021";"19:15";"1";"45";"45067";"1";"2";"1";"5";"Route de Chaingy";"47,8953295210";"1,8094385862"
"202100018141";"18";"09";"2021";"18:10";"1";"37";"37233";"2";"3";"8";"3";"BONNIN (AVENUE JEAN)";"47,3957399056";"0,7065137029"
"202100018142";"18";"09";"2021";"20:40";"2";"35";"35238";"2";"2";"1";"5";"FREVILLE (AVENUE HENRI)";"48,0839000000";" -1,6747200000"
"202100018143";"18";"09";"2021";"19:10";"1";"35";"35051";"1";"1";"2";"2";"RN157";"48,1138660000";" -1,5536400000"
"202100018144";"18";"09";"2021";"12:20";"1";"33";"33529";"2";"1";"2";"2";"Rue du Port";"44,6343320000";" -1,1445870000"
"202100018145";"18";"09";"2021";"20:08";"5";"31";"31555";"2";"1";"2";"5";"AV PAUL SEJOURNE";"43,6047800000";"1,4279900000"
"202100018146";"18";"09";"2021";"17:45";"1";"31";"31555";"2";"1";"3";"6";"NICOL (CHE DE) DU 1AU 106";"43,6356100000";"1,4639400000"
"202100018147";"18";"09";"2021";"02:00";"5";"31";"31555";"2";"1";"1";"6";"SAINT SIMON (RTE DE) DU 276 AU 389";"43,5908148670";"1,4179551601"
"202100018148";"18";"09";"2021";"13:00";"1";"29";"29232";"2";"1";"1";"6";"Rue Henri Barbusse";"47,9908600000";" -4,0742400000"
"202100018149";"18";"09";"2021";"16:15";"1";"29";"29039";"1";"2";"8";"7";"KERFEST ( CHEMIN DE)";"47,9109535800";" -3,9040088650"
"202100018150";"17";"09";"2021";"07:54";"2";"29";"29019";"2";"9";"1";"6";"Pont du Forestou";"48,3899918031";" -4,4711756110"
"202100018151";"18";"09";"2021";"10:00";"1";"28";"28134";"2";"1";"1";"6";"CHURCHILL (AVENUE WINSTON)";"48,7384000000";"1,3838000000"
"202100018152";"18";"09";"2021";"19:53";"2";"26";"26362";"2";"3";"1";"1";"FOUQUES DU  PARC RUE HENRI";"44,9311000000";"4,9185200000"
"202100018153";"18";"09";"2021";"10:30";"1";"25";"25547";"2";"9";"1";"3";"rue d'Epinal";"47,5165990000";"6,8280260000"
"202100018154";"18";"09";"2021";"18:25";"1";"23";"23096";"2";"9";"3";"6";"BERRY (AVENUE)";"46,1776400000";"1,8776400000"
"202100018155";"18";"09";"2021";"16:10";"1";"17";"17028";"2";"1";"1";"2";"GRASSET   AVENUE EDMOND";"46,1315600000";" -1,1034200000"
"202100018156";"18";"09";"2021";"06:55";"3";"17";"17300";"1";"1";"2";"6";"09 PK RN237 MOULIN JUSTICE RE";"46,1723900000";" -1,1851200000"
"202100018157";"18";"09";"2021";"22:40";"5";"13";"13117";"2";"2";"2";"3";"GLACIERE ( RUE DE LA )";"43,4232470556";"5,2410889074"
"202100018158";"18";"09";"2021";"13:35";"1";"13";"13206";"2";"1";"1";"1";"LIEUTAUD (COURS)";"43,2907345832";"5,3832458174"
"202100018159";"18";"09";"2021";"03:55";"3";"13";"13201";"2";"1";"1";"3";"RIVE NEUVE (QUAI DE)";"43,2929713335";"5,3693310904"
"202100018160";"18";"09";"2021";"01:12";"5";"13";"13207";"2";"9";"1";"3";"Corniche John FitzgÃ©rald Kennedy";"43,2762608927";"5,3584635543"
"202100018161";"17";"09";"2021";"16:50";"1";"13";"13005";"2";"9";"1";"6";"RN 8";"43,2848711546";"5,5918407440"
"202100018162";"17";"09";"2021";"16:00";"1";"13";"13005";"2";"1";"1";"1";"BLANCARD (PROMENADE PIERRE)";"43,2952700000";"5,5605300000"
"202100018163";"17";"09";"2021";"11:10";"1";"13";"13005";"2";"3";"1";"3";"GARLABAN (AVENUE DU)";"43,2975000000";"5,5738700000"
"202100018164";"18";"09";"2021";"09:45";"1";"13";"13004";"2";"1";"1";"3";"RTE DE CRAU";"43,6713086836";"4,6424478840"
"202100018165";"19";"09";"2021";"22:00";"5";"10";"10387";"2";"2";"1";"3";"DAMPIERRE (QUAI)";"48,2990000000";"4,0760000000"
"202100018166";"18";"09";"2021";"06:24";"5";"06";"06159";"2";"1";"1";"6";"CORNE D OR (BOULEVARD DE LA)";"43,7094790000";"7,3103290000"
"202100018167";"18";"09";"2021";"11:50";"1";"75";"75112";"2";"1";"1";"4";"BD PERIPHERIQUE EXTERIEUR";"48,8306302199";"2,4028703570"
"202100018168";"17";"09";"2021";"19:25";"1";"75";"75108";"2";"3";"1";"2";"AVENUE MARCEAU";"48,8665100000";"2,2994800000"
"202100018169";"17";"09";"2021";"23:47";"5";"75";"75105";"2";"5";"1";"2";"BOULEVARD SAINT GERMAIN";"48,8508170000";"2,3455280000"
"202100018170";"18";"09";"2021";"16:25";"1";"75";"75120";"2";"1";"1";"6";"COURS DE VINCENNES";"48,8482520000";"2,4008000000"
"202100018171";"17";"09";"2021";"13:30";"1";"75";"75120";"2";"4";"1";"6";"AVENUE CARTELLIER";"48,8645210000";"2,4126090000"
"202100018172";"18";"09";"2021";"21:30";"5";"75";"75119";"2";"2";"1";"3";"RUE EMILE BOLLAERT";"48,8997240000";"2,3711410000"
"202100018173";"18";"09";"2021";"09:47";"1";"75";"75119";"2";"1";"1";"3";"AVENUE DE FLANDRE";"48,8894860000";"2,3751430000"
"202100018174";"18";"09";"2021";"19:40";"2";"75";"75113";"2";"3";"1";"3";"RUE PHILIPPE DE CHAMPAGNE";"48,8328610000";"2,3555400000"
"202100018175";"18";"09";"2021";"16:05";"1";"75";"75113";"2";"1";"1";"6";"RUE WATT";"48,8273650000";"2,3807960000"
"202100018176";"18";"09";"2021";"18:30";"1";"75";"75111";"2";"2";"1";"3";"RUE DE CHARONNE";"48,8546930000";"2,3854180000"
"202100018177";"18";"09";"2021";"19:00";"1";"75";"75110";"2";"1";"1";"3";"BOULEVARD SAINT MARTIN";"48,8684890000";"2,3588000000"
"202100018178";"18";"09";"2021";"04:30";"5";"75";"75110";"2";"2";"1";"3";"RUE DE DUNKERQUE";"48,8795430000";"2,3572270000"
"202100018179";"18";"09";"2021";"21:55";"5";"75";"75109";"2";"4";"1";"6";"RUE DROUOT";"48,8750695430";"2,3408604477"
"202100018180";"18";"09";"2021";"14:15";"1";"75";"75109";"2";"5";"1";"6";"RUE DE MAUBEUGE";"48,8796670000";"2,3495140000"
"202100018181";"17";"09";"2021";"20:45";"5";"75";"75109";"2";"3";"1";"3";"RUE LA FAYETTE";"48,8760090000";"2,3445160000"
"202100018182";"18";"09";"2021";"16:50";"1";"75";"75108";"2";"2";"1";"4";"AVENUE FRANKLIN D ROOSEVELT";"48,8668330000";"2,3102530000"
"202100018183";"18";"09";"2021";"01:20";"5";"75";"75108";"2";"2";"1";"3";"RUE DE L ARCADE";"48,8733190000";"2,3242980000"
"202100018184";"18";"09";"2021";"12:15";"1";"75";"75107";"2";"1";"1";"6";"RUE DE SEVRES";"48,8490420000";"2,3217160000"
"202100018185";"18";"09";"2021";"20:10";"5";"75";"75104";"2";"2";"1";"3";"QUAI DE GESVRES";"48,8560655980";"2,3506920625"
"202100018186";"18";"09";"2021";"18:00";"1";"94";"94052";"2";"1";"1";"1";"VAL DE BEAUTE (AV DU)";"48,8325000000";"2,4776100000"
"202100018187";"18";"09";"2021";"17:50";"1";"94";"94073";"2";"1";"1";"2";"LUXEMBOURG (AV DU)";"48,7617900000";"2,3705900000"
"202100018188";"18";"09";"2021";"07:00";"5";"94";"94055";"2";"1";"1";"1";"Passage de lâAlma";"48,7838410000";"2,5165930000"
"202100018189";"18";"09";"2021";"05:30";"5";"94";"94071";"2";"3";"1";"3";"Rue Maurice Berteaux";"48,7720300000";"2,5195400000"
"202100018190";"18";"09";"2021";"09:50";"1";"94";"94048";"2";"1";"1";"1";"Avenue des BruyÃ¨res";"48,7382350000";"2,5535100000"
"202100018191";"18";"09";"2021";"11:11";"1";"93";"93053";"2";"2";"1";"3";"ROSNY (AVENUE DE) NÂ° 53 A 243";"48,8990430000";"2,4710110000"
"202100018192";"18";"09";"2021";"14:40";"1";"93";"93046";"1";"1";"1";"6";"D933";"48,9325400000";"2,5595000000"
"202100018193";"18";"09";"2021";"02:30";"5";"93";"93030";"2";"1";"1";"2";"Avenue du GÃ©nÃ©ral de Gaulle";"48,9464600000";"2,4143300000"
"202100018194";"18";"09";"2021";"09:40";"1";"93";"93008";"2";"2";"1";"6";"CLAUSSE (RUE HENRI)";"48,9132806745";"2,4664329847"
"202100018195";"18";"09";"2021";"00:50";"5";"92";"92064";"2";"1";"1";"6";"MARECHAL JUIN";"48,8366400000";"2,2219200000"
"202100018196";"18";"09";"2021";"16:40";"1";"92";"92020";"2";"3";"1";"3";"VERDUN AVENUE DE AUTRES NÂ°";"48,8024200000";"2,2863430000"
"202100018197";"18";"09";"2021";"19:35";"2";"92";"92035";"2";"1";"8";"3";"MÃ©dÃ©ric ( rue )";"48,9118201682";"2,2507287562"
"202100018198";"18";"09";"2021";"16:55";"1";"92";"92026";"2";"6";"1";"3";"BEZONS (DE 23 A FIN)";"48,8934401631";"2,2521248460"
"202100018199";"18";"09";"2021";"17:50";"1";"92";"92012";"2";"2";"1";"3";"REINE (ROUTE DE LA) 82/FIN - 107TER/FIN";"48,8404716435";"2,2316195425"
"202100018200";"18";"09";"2021";"15:00";"1";"13";"13215";"1";"1";"1";"2";"A55-Sens Martigues vers Marseille";"43,3629000000";"5,3411000000"
"202100018201";"17";"09";"2021";"17:10";"1";"13";"13015";"1";"1";"1";"2";"A515CM-sortie Gardanne/Bouc Bel Air";"43,4296500000";"5,3991730000"
"202100018202";"17";"09";"2021";"19:10";"2";"13";"13071";"1";"1";"1";"6";"A7-Sens Lyon vers Marseille";"43,4047250000";"5,3396750000"
"202100018203";"17";"09";"2021";"15:45";"1";"13";"13055";"1";"1";"1";"2";"A507 sens Aubagne- Marseille";"43,3300000000";"5,4070000000"
"202100018204";"18";"09";"2021";"02:40";"3";"69";"69256";"1";"1";"1";"2";"A42     0.560 A 4.020";"45,7901003464";"4,9051916599"
"202100018205";"18";"09";"2021";"21:02";"3";"33";"33249";"1";"1";"2";"6";"Rocade Rive Droite N230";"44,8849180000";" -0,5110570000"
"202100018206";"18";"09";"2021";"17:00";"1";"33";"33162";"1";"1";"2";"2";"ROCADE A 630";"44,8723900000";" -0,6583400000"
"202100018207";"18";"09";"2021";"18:00";"1";"91";"91687";"1";"1";"1";"3";"AUTOROUTE A6";"48,6636000000";"2,3663500000"
"202100018208";"18";"09";"2021";"15:35";"1";"91";"91434";"1";"1";"1";"2";"AUTOROUTE A6";"48,6698700000";"2,3491900000"
"202100018209";"18";"09";"2021";"05:50";"3";"94";"94038";"1";"1";"1";"6";"AUTOROUTE A6B";"48,7723585357";"2,3452557802"
"202100018210";"18";"09";"2021";"12:20";"1";"78";"78423";"1";"1";"1";"6";"RN12";"48,7967510000";"2,0263870000"
"202100018211";"18";"09";"2021";"16:15";"1";"93";"93051";"1";"1";"1";"3";"A4";"48,8355300000";"2,5702600000"
"202100018212";"18";"09";"2021";"12:20";"1";"94";"94033";"1";"1";"1";"3";"A86.EXT";"48,8554400000";"2,4893600000"
"202100018213";"17";"09";"2021";"21:00";"3";"93";"93051";"1";"1";"1";"4";"A4";"48,8366000000";"2,5439000000"
"202100018214";"17";"09";"2021";"15:45";"1";"94";"94069";"1";"1";"1";"2";"A4";"48,8173129923";"2,4294376373"
"202100018215";"17";"09";"2021";"16:35";"1";"54";"54547";"2";"9";"1";"6";"EUROPE (BOULEVARD DE L')";"48,6616900000";"6,1741200000"
"202100018216";"19";"09";"2021";"01:45";"3";"974";"97415";"2";"1";"1";"2";"N1";" -21,0325160000";"55,2517680000"
"202100018217";"18";"09";"2021";"21:00";"3";"62";"62726";"1";"1";"1";"1";"RD 928";"50,4842900000";"2,1252750000"
"202100018218";"19";"09";"2021";"07:30";"2";"80";"80009";"1";"1";"1";"6";"A16";"50,0790110000";"1,9638490000"
"202100018219";"17";"09";"2021";"17:30";"1";"17";"17183";"1";"2";"1";"3";"Intersection D114 et D 241";"45,6048510000";" -0,8104130000"
"202100018220";"19";"09";"2021";"12:00";"1";"06";"06161";"2";"1";"1";"6";"2411 Route Rd6007";"43,6282170000";"7,1330770000"
"202100018221";"18";"09";"2021";"14:50";"1";"57";"57060";"1";"2";"1";"3";"intersection d22 d27";"48,9020330000";"6,7698150000"
"202100018222";"18";"09";"2021";"00:40";"3";"83";"83130";"1";"1";"1";"2";"PK 014.500 Autoroute A57 sens TOULON LE CANNET";"43,2032725253";"6,0482131925"
"202100018223";"18";"09";"2021";"20:10";"2";"85";"85158";"2";"3";"1";"1";"3 Route de LuÃ§on";"46,4649260000";" -0,9888880000"
"202100018224";"19";"09";"2021";"01:00";"3";"62";"62057";"1";"9";"1";"6";"Route de Zutkerque";"50,8638280000";"2,0696350000"
"202100018225";"16";"09";"2021";"10:25";"1";"27";"27507";"2";"3";"7";"6";"Rue d Ivry";"48,9079640000";"1,2754170000"
"202100018226";"18";"09";"2021";"23:30";"3";"35";"35085";"1";"1";"2";"2";"D895";"48,4030060000";" -1,7586550000"
"202100018227";"18";"09";"2021";"10:10";"1";"12";"12079";"1";"4";"5";"1";"le claux";"44,5475620000";"2,7113490000"
"202100018228";"18";"09";"2021";"01:37";"3";"68";"68315";"1";"1";"1";"7";"D431";"47,8629020000";"7,1325300000"
"202100018229";"13";"09";"2021";"15:00";"1";"68";"68043";"1";"6";"1";"2";"D429";"47,8728310000";"7,2479510000"
"202100018230";"18";"09";"2021";"15:40";"1";"974";"97413";"1";"1";"1";"5";"N1a, 20 bois blanc";" -21,2483070000";"55,3211460000"
"202100018231";"19";"09";"2021";"04:35";"3";"22";"22193";"1";"1";"1";"7";"D776";"48,4382550000";" -2,4333640000"
"202100018232";"18";"09";"2021";"17:20";"1";"37";"37104";"1";"1";"2";"6";"autoroute 85 PK 109+500";"47,3075354849";"0,8078624360"
"202100018233";"18";"09";"2021";"21:30";"3";"62";"62473";"2";"1";"1";"7";"D187";"50,6261130000";"2,4424460000"
"202100018234";"18";"09";"2021";"11:30";"1";"74";"74005";"1";"2";"1";"3";"D903";"46,3411140000";"6,4620100000"
"202100018235";"17";"09";"2021";"22:30";"3";"51";"51305";"1";"1";"1";"7";"D27";"49,2529640000";"3,8802660000"
"202100018236";"19";"09";"2021";"06:50";"2";"59";"59349";"2";"1";"1";"6";"79 Rue de la Republique";"50,0996150000";"3,3791670000"
"202100018237";"18";"09";"2021";"09:45";"1";"56";"56140";"1";"1";"5";"4";"Le Bourgneuf";"47,9367590000";" -2,8090050000"
"202100018238";"10";"08";"2021";"17:30";"1";"56";"56175";"1";"2";"1";"3";"Lann Er Marh";"47,7231840000";" -2,9131630000"
"202100018239";"18";"09";"2021";"12:55";"1";"76";"76179";"1";"1";"1";"6";"Avenue du Parc";"49,5918870000";"1,0965620000"
"202100018240";"2";"09";"2021";"19:00";"1";"60";"60130";"1";"1";"1";"7";"D137";"49,3818140000";"2,5132510000"
"202100018241";"18";"09";"2021";"12:15";"1";"33";"33155";"2";"1";"3";"7";"Lieu Dit Cabanac";"44,3306710000";" -0,2299190000"
"202100018242";"19";"09";"2021";"01:50";"3";"63";"63148";"1";"1";"2";"6";"D210 PR14+400";"45,8837350000";"3,2202170000"
"202100018243";"19";"09";"2021";"07:45";"1";"55";"55232";"1";"1";"1";"6";"D903";"49,0962998690";"5,7391440868"
"202100018244";"18";"09";"2021";"23:56";"3";"49";"49080";"1";"1";"1";"6";"D108";"47,6977040000";" -0,4598270000"
"202100018245";"19";"09";"2021";"19:45";"2";"68";"68006";"1";"1";"2";"7";"D466";"47,6962330000";"7,1817330000"
"202100018246";"19";"09";"2021";"11:15";"1";"44";"44028";"2";"1";"1";"7";"10 Rue des MazÃ¨res";"47,3180150000";" -1,3469530000"
"202100018247";"18";"09";"2021";"21:06";"5";"29";"29103";"2";"1";"2";"6";"100 Route de Pencran";"48,4483970000";" -4,2397680000"
"202100018248";"18";"09";"2021";"10:35";"1";"31";"31278";"1";"1";"2";"6";"DÃ©partementale 8";"43,1818750000";"0,8072050000"
"202100018249";"18";"09";"2021";"18:00";"1";"38";"38006";"2";"2";"7";"3";"D525";"45,3968530000";"6,0745010000"
"202100018250";"19";"09";"2021";"17:35";"1";"02";"02217";"1";"1";"1";"1";"D1, coucy";"49,5136740000";"3,3101680000"
"202100018251";"19";"09";"2021";"13:25";"1";"70";"70477";"1";"1";"2";"6";"route dÃ©partementale 9";"47,5624900000";"6,6114030000"
"202100018252";"18";"08";"2021";"23:30";"3";"83";"83122";"1";"1";"1";"7";"RD 957";"43,7592860000";"6,2181010000"
"202100018253";"19";"09";"2021";"15:48";"1";"09";"09235";"1";"1";"1";"1";"CD 117";"43,0360420000";"0,9977510000"
"202100018254";"19";"09";"2021";"11:15";"1";"09";"09032";"1";"1";"1";"7";"PremiÃ¨re Bazerque";"42,7081800000";"1,8340460000"
"202100018255";"17";"09";"2021";"06:30";"2";"10";"10063";"1";"1";"1";"6";"D11b";"48,3700210000";"4,5171190000"
"202100018256";"18";"09";"2021";"17:52";"1";"88";"88108";"1";"1";"1";"7";"Route de Xertigny";"47,9652440000";"6,3190270000"
"202100018257";"18";"09";"2021";"20:00";"3";"77";"77099";"1";"1";"8";"1";"A77 PK009+550";"48,1434110000";"2,7434060000"
"202100018258";"18";"09";"2021";"10:10";"1";"01";"01445";"1";"1";"1";"7";"A39";"46,3490310000";"5,2870780000"
"202100018259";"19";"09";"2021";"14:40";"1";"06";"06018";"2";"9";"1";"3";"14 Chemin Neuf";"43,6266750000";"7,0955030000"
"202100018260";"17";"09";"2021";"08:45";"1";"17";"17283";"1";"2";"1";"3";"d137";"45,5992510000";" -0,5544880000"
"202100018261";"18";"09";"2021";"17:45";"1";"17";"17354";"1";"1";"1";"2";"Autoroute A 10 PK 456.500 ens Bordeaux/Paris";"45,6080370000";" -0,5963090000"
"202100018262";"19";"09";"2021";"21:10";"3";"988";"98823";"1";"1";"1";"6";"NÃ©outa (Tribu)";" -21,0558100000";"165,4011200000"
"202100018263";"17";"09";"2021";"19:45";"3";"986";"98613";"1";"3";"1";"7";"Finebeke- Carrefour RT1/RT2 - HALALO";" -13,3312160000";" -176,2186430000"
"202100018264";"18";"09";"2021";"17:10";"1";"973";"97311";"2";"1";"1";"1";"Avenue Gaston Monnerville";"5,4934290000";" -54,0155370000"
"202100018265";"18";"09";"2021";"13:00";"1";"971";"97118";"1";"1";"3";"7";"RN1";"16,2137580000";" -61,6005780000"
"202100018266";"19";"09";"2021";"09:00";"1";"37";"37003";"2";"1";"2";"2";"Quai du GÃ©nÃ©ral de Gaulle";"47,4129523233";"0,9826719416"
"202100018267";"17";"09";"2021";"06:00";"2";"78";"78048";"1";"1";"1";"1";"N12";"48,7952030000";"1,6696430000"
"202100018268";"18";"09";"2021";"20:15";"2";"2A";"2A247";"1";"1";"1";"1";"Route de Muratello";"41,5922090000";"9,2134950000"
"202100018269";"19";"09";"2021";"06:35";"3";"66";"66017";"1";"9";"1";"6";"RD83";"42,8299600000";"3,0353650000"
"202100018270";"18";"09";"2021";"19:10";"2";"30";"30270";"2";"1";"2";"7";"Chemin de Montredon";"44,1016900000";"4,0169710000"
"202100018271";"19";"09";"2021";"01:00";"3";"84";"84003";"1";"1";"1";"7";"d943";"43,8637740000";"5,3687950000"
"202100018272";"18";"09";"2021";"19:15";"1";"13";"13027";"2";"1";"1";"6";"370 chemin des iscles";"43,8880810000";"4,8638530000"
"202100018273";"18";"09";"2021";"09:45";"1";"88";"88173";"1";"3";"1";"6";"RD55";"48,3595270000";"6,2450010000"
"202100018274";"18";"09";"2021";"15:45";"1";"74";"74127";"2";"4";"1";"1";"Rte de Theozia";"46,3586370000";"6,5474450000"
"202100018275";"18";"09";"2021";"10:20";"1";"26";"26220";"2";"1";"1";"6";"27 Route de Montelimar";"44,3623880000";"5,1291680000"
"202100018276";"19";"09";"2021";"17:00";"1";"01";"01202";"1";"1";"1";"1";"DÃ©partementale D62A";"45,8774610000";"5,3040470000"
"202100018277";"17";"09";"2021";"17:45";"2";"69";"69204";"2";"6";"7";"3";"CHARLES DE GAULLE (AV)";"45,6812050000";"4,7829150000"
"202100018278";"18";"09";"2021";"13:00";"1";"81";"81116";"1";"1";"2";"6";"Al Deves";"43,7000363456";"1,8664231897"
"202100018279";"19";"09";"2021";"14:00";"1";"46";"46085";"1";"1";"2";"3";"Lieu dit Floirac";"44,5788830000";"2,1291160000"
"202100018280";"19";"09";"2021";"04:30";"3";"32";"32183";"1";"1";"1";"6";"rn 124 PK 52500";"43,6488080000";"0,6873320000"
"202100018281";"18";"09";"2021";"17:00";"1";"50";"50516";"2";"1";"1";"3";"66 Avenue du Rocher";"48,6755190000";" -1,3291330000"
"202100018282";"19";"09";"2021";"00:00";"3";"80";"80395";"1";"1";"1";"7";"D329";"49,7067270000";"2,6615130000"
"202100018283";"17";"09";"2021";"12:00";"1";"69";"69259";"2";"3";"1";"3";"FRANCIS DE PRESSENSE (AV)";"45,7173200000";"4,8702700000"
"202100018284";"17";"09";"2021";"16:15";"1";"54";"54286";"2";"1";"1";"6";"Rue Charles Michel";"49,1714800000";"5,8841300000"
"202100018285";"17";"09";"2021";"22:10";"5";"33";"33529";"2";"1";"1";"6";"PORT (RUE DU)";"44,6363620000";" -1,1445270000"
"202100018286";"17";"09";"2021";"12:50";"1";"93";"93073";"2";"3";"1";"3";"Boulevard Charles Vaillant / Rue de Flandre";"48,9434800000";"2,5713000000"
"202100018287";"17";"09";"2021";"00:30";"5";"62";"62427";"2";"1";"1";"6";"BORD DES EAUX (CHE. DU)";"50,4110590000";"2,9692770000"
"202100018288";"14";"09";"2021";"17:35";"1";"45";"45147";"2";"1";"2";"6";"Rue Fernand Leger";"47,9366500000";"1,9125100000"
"202100018289";"17";"09";"2021";"08:30";"1";"974";"97416";"1";"1";"1";"2";"RN1";" -21,3029300000";"55,4262700000"
"202100018290";"17";"09";"2021";"06:00";"2";"974";"97411";"2";"2";"1";"3";"DODU 1 (RUE JULIETTE)";" -20,8732000000";"55,4498500000"
"202100018291";"17";"09";"2021";"12:45";"1";"974";"97409";"1";"1";"1";"2";"RN2 SENS ST BENOIT ST DENIS";" -20,9778600000";"55,6542400000"