"Num_Acc";"jour";"mois";"an";"hrmn";"lum";"dep";"com";"agg";"int";"atm";"col";"adr";"lat";"long"
"202100018292";"17";"09";"2021";"14:49";"1";"973";"97302";"2";"1";"1";"3";"BARTHELEMY (RENE)";"4,9342915758";" -52,3305864930"
"202100018293";"17";"09";"2021";"08:00";"1";"973";"97302";"2";"1";"1";"3";"BADUEL (ROUTE DE)";"4,9278829991";" -52,2921990752"
"202100018294";"17";"09";"2021";"07:30";"1";"973";"97302";"2";"1";"1";"3";"MADELEINE (ROUTE DE LA)";"4,9279886429";" -52,3250906468"
"202100018295";"14";"09";"2021";"20:46";"5";"973";"97302";"2";"1";"1";"3";"PREVOT (ERNEST)";"4,9332961550";" -52,3328488469"
"202100018296";"17";"09";"2021";"18:20";"1";"69";"69387";"2";"1";"1";"3";"GALLIENI (PT)";"45,7482203943";"4,8324286938"
"202100018297";"17";"09";"2021";"18:05";"1";"69";"69386";"2";"2";"1";"3";"JULES FAVRE (BD)";"45,7662200000";"4,8591700000"
"202100018298";"17";"09";"2021";"11:15";"1";"69";"69383";"2";"2";"1";"3";"GUILLOTIERE (DE LA) (PT)";"45,7562808854";"4,8402830539"
"202100018299";"17";"09";"2021";"11:30";"1";"69";"69388";"2";"2";"1";"3";"ETATS UNIS (DES) (BD)";"45,7312400000";"4,8662200000"
"202100018300";"7";"09";"2021";"10:00";"1";"69";"69199";"2";"2";"1";"3";"EMILE ZOLA (R)";"45,7107768267";"4,8625552654"
"202100018301";"17";"09";"2021";"08:00";"1";"69";"69383";"2";"3";"8";"2";"FERDINAND BUISSON (R)";"45,7491100000";"4,8878800000"
"202100018302";"17";"09";"2021";"17:30";"1";"69";"69389";"2";"4";"1";"6";"ROGER SALENGRO (R)";"45,7770400000";"4,8072100000"
"202100018303";"17";"09";"2021";"13:37";"1";"2A";"2A004";"2";"1";"1";"3";"ROUTE DU STILETTO";"41,9465100000";"8,7646600000"
"202100018304";"17";"09";"2021";"13:50";"1";"91";"91103";"2";"1";"1";"1";"AV CHARLES DE GAULLE";"48,6090000000";"2,3180000000"
"202100018305";"17";"09";"2021";"18:25";"1";"91";"91377";"2";"1";"1";"3";"RUE ROBERT SCHUMAN";"48,7289650000";"2,2582070000"
"202100018306";"17";"09";"2021";"13:40";"1";"91";"91161";"2";"1";"1";"3";"AV DE CARLET";"48,7044860000";"2,3100080000"
"202100018307";"17";"09";"2021";"17:40";"1";"91";"91201";"2";"1";"1";"2";"AV DU GENERAL DE GAULLE";"48,6868200000";"2,4017670000"
"202100018308";"16";"09";"2021";"19:20";"1";"91";"91479";"2";"1";"1";"1";"RUE E TARTASSE";"48,7088000000";"2,3700300000"
"202100018309";"16";"09";"2021";"08:15";"1";"91";"91433";"1";"1";"1";"2";"CD 63";"48,4067100000";"2,2123700000"
"202100018310";"16";"09";"2021";"14:23";"1";"87";"87085";"2";"9";"2";"7";"QUEUILLE (PLACE HENRI)";"45,8150200000";"1,2698400000"
"202100018311";"17";"09";"2021";"09:30";"1";"86";"86194";"2";"1";"1";"3";"Avenue John Kennedy";"46,5879260000";"0,3636680000"
"202100018312";"17";"09";"2021";"20:55";"3";"83";"83137";"2";"1";"1";"7";"FORBIN (AVE DE)";"43,1240826080";"5,9648358822"
"202100018313";"17";"09";"2021";"07:55";"1";"83";"83144";"2";"1";"7";"6";"LIBERATION (AVE DE LA)";"43,1429900000";"5,9895200000"
"202100018314";"11";"09";"2021";"12:25";"1";"83";"83129";"2";"1";"1";"6";"DE LATTRE DE TASSIGNY (AV)";"43,0939180000";"5,8391740000"
"202100018315";"17";"09";"2021";"01:45";"5";"77";"77514";"2";"3";"1";"3";"CHARLES GIDE (AVENUE)";"48,9405600000";"2,6044100000"
"202100018316";"17";"09";"2021";"12:20";"1";"76";"76366";"1";"1";"1";"1";"SAINT JEAN. ROUTE DE";"49,5100982686";"1,0230374336"
"202100018317";"17";"09";"2021";"06:30";"2";"71";"71118";"2";"1";"1";"7";"GENERAL DE GAULLE (AVENUE)";"46,7961016400";"4,8114015321"
"202100018318";"17";"09";"2021";"18:29";"1";"69";"69282";"2";"1";"1";"6";"JOSEPH DESBOIS (R)";"45,7737300000";"5,0046000000"
"202100018319";"17";"09";"2021";"09:45";"1";"69";"69029";"2";"1";"1";"4";"GENAS (DE) (RTE)";"45,7494882088";"4,9133080244"
"202100018320";"17";"09";"2021";"09:05";"1";"69";"69266";"2";"1";"1";"6";"ROGER SALENGRO (AV)";"45,7767254527";"4,8754806203"
"202100018321";"17";"09";"2021";"09:30";"1";"67";"67482";"2";"1";"8";"6";"SERRURIERS (RUE DES)";"48,5802827452";"7,7465656400"
"202100018322";"17";"09";"2021";"08:50";"1";"67";"67482";"2";"1";"1";"6";"GANZAU (RUE DE LA)";"48,5375400000";"7,7605500000"
"202100018323";"17";"09";"2021";"08:10";"1";"67";"67482";"2";"1";"1";"2";"PECHEURS (QUAI DES)";"48,5838440065";"7,7585437149"
"202100018324";"16";"09";"2021";"23:25";"4";"67";"67447";"2";"1";"1";"6";"EUROPE (AVENUE DE L )";"48,6123800000";"7,7082100000"
"202100018325";"16";"09";"2021";"11:30";"1";"67";"67482";"2";"1";"1";"3";"ALTKIRCH (RUE D )";"48,5599420000";"7,7676540000"
"202100018326";"17";"09";"2021";"13:44";"1";"65";"65440";"2";"1";"1";"4";"JOFFRE (AVENUE DU MARECHAL)";"43,2300000000";"0,0600000000"
"202100018327";"17";"09";"2021";"22:00";"5";"64";"64140";"2";"1";"1";"7";"Avenue Charles de Gaulle";"43,5279236170";" -1,4688198341"
"202100018328";"15";"09";"2021";"08:40";"1";"62";"62510";"2";"2";"1";"3";"ALSACE (R D')";"50,4403820000";"2,7852850000"
"202100018329";"16";"09";"2021";"15:30";"1";"60";"60159";"2";"6";"1";"3";"Boulevard des Ãtats-Unis";"49,4081200000";"2,8223700000"
"202100018330";"17";"09";"2021";"12:14";"1";"60";"60057";"2";"1";"1";"6";"Rue dâAgincourt";"49,4295200000";"2,0846100000"
"202100018331";"17";"09";"2021";"11:50";"1";"59";"59279";"2";"1";"1";"3";"PERI (RUE GABRIEL)";"50,7842400000";"3,1305400000"
"202100018332";"6";"08";"2021";"04:15";"5";"59";"59350";"2";"1";"1";"7";"VAUBAN BOULEVARD NÂ° RESTE";"50,6361000000";"3,0505700000"
"202100018333";"16";"09";"2021";"20:40";"3";"59";"59360";"2";"1";"1";"1";"GIRAUD RUE DU GENERAL";"50,6203200000";"3,0216600000"
"202100018334";"13";"09";"2021";"20:40";"5";"59";"59350";"2";"3";"1";"1";"CHANZY RUE";"50,6272900000";"3,1083100000"
"202100018335";"17";"09";"2021";"05:10";"5";"59";"59350";"2";"2";"1";"3";"SOLFERINO RUE NÂ°1 - 159";"50,6302447093";"3,0566520989"
"202100018336";"16";"09";"2021";"19:15";"1";"59";"59286";"2";"1";"1";"3";"VANDERHAGEN ALBERT RUE";"50,6113600000";"2,9784800000"
"202100018337";"17";"09";"2021";"10:10";"1";"56";"56121";"2";"1";"1";"6";"CHAZELLES ( COURS LOUIS  DE )";"47,7554500000";" -3,3636200000"
"202100018338";"16";"09";"2021";"18:15";"1";"56";"56083";"2";"1";"1";"6";"PICASSO ( AVENUE PABLO )";"47,8020800000";" -3,2905200000"
"202100018339";"15";"09";"2021";"17:45";"1";"56";"56036";"1";"1";"1";"2";"N165 sens Brest/Nantes";"47,7873200000";" -3,3295300000"
"202100018340";"15";"09";"2021";"17:10";"1";"56";"56121";"2";"1";"1";"3";"THOREZ (RUE  MAURICE )";"47,7399800000";" -3,3935400000"
"202100018341";"15";"09";"2021";"16:40";"1";"56";"56121";"2";"6";"1";"3";"PAYS DE GALLES (ROND-POINT DU)";"47,7413200000";" -3,3731900000"
"202100018342";"14";"09";"2021";"18:20";"1";"56";"56162";"2";"1";"1";"3";"PINS (RUE DES)";"47,7342000000";" -3,4328300000"
"202100018343";"17";"09";"2021";"19:15";"1";"54";"54547";"2";"1";"1";"1";"MORVAN (RUE DU)";"48,6487400000";"6,1467700000"
"202100018344";"15";"09";"2021";"19:00";"2";"54";"54395";"2";"1";"1";"4";"BAZIN (RUE HENRI) + (SENTIER)";"48,6966700000";"6,1936800000"
"202100018345";"12";"09";"2021";"16:20";"1";"54";"54395";"2";"1";"1";"6";"MON DESERT (RUE)";"48,6836100000";"6,1747400000"
"202100018346";"16";"09";"2021";"08:00";"1";"53";"53054";"2";"1";"1";"6";"BORDAGERS ( RUE DES )";"48,0967770000";" -0,7729060000"
"202100018347";"17";"09";"2021";"15:57";"1";"51";"51454";"2";"2";"1";"3";"Boulevard des Belges";"49,2763001741";"4,0269988606"
"202100018348";"16";"09";"2021";"19:20";"1";"50";"50602";"2";"2";"1";"3";"LEMARESQUIER (RUE AUGUSTIN)";"49,6476100000";" -1,5782400000"
"202100018349";"17";"09";"2021";"17:59";"1";"49";"49007";"2";"1";"1";"6";"FOCH BOULEVARD";"47,4696720000";" -0,5485870000"
"202100018350";"17";"09";"2021";"17:45";"1";"49";"49007";"2";"1";"1";"6";"LEBON";"47,4777800000";" -0,5456900000"
"202100018351";"16";"09";"2021";"15:35";"1";"49";"49007";"2";"2";"1";"3";"BEAUSSIER BOULEVARD";"47,4717200000";" -0,6001600000"
"202100018352";"15";"09";"2021";"21:10";"3";"44";"44184";"1";"1";"1";"4";"RD 213";"47,2899700000";" -2,2375900000"
"202100018353";"17";"09";"2021";"19:20";"2";"44";"44109";"2";"1";"1";"2";"HUGO ( BD VICTOR )";"47,2042600000";" -1,5523700000"
"202100018354";"17";"09";"2021";"09:50";"1";"44";"44162";"2";"1";"1";"2";"BOULEVARD CHARLES DE GAULLE";"47,2108700000";" -1,6257900000"
"202100018355";"17";"09";"2021";"11:30";"1";"37";"37122";"2";"1";"1";"6";"DOUZILLIERE (RUE DE LA)";"47,3368878479";"0,6532309439"
"202100018356";"16";"09";"2021";"19:55";"2";"37";"37261";"2";"1";"1";"7";"MONTJOYEUX (AVENUE)";"47,3615200000";"0,7084600000"
"202100018357";"16";"09";"2021";"14:30";"1";"37";"37261";"2";"1";"1";"6";"ALOUETTE (AVENUE)";"47,3610013435";"0,6970397200"
"202100018358";"16";"09";"2021";"05:55";"5";"37";"37261";"2";"1";"1";"7";"MAGINOT (AV. ANDRE)";"47,4359500000";"0,7086200000"
"202100018359";"17";"09";"2021";"10:45";"1";"35";"35238";"2";"2";"1";"2";"CLEMENCEAU (BD GEORGES)";"48,0945100000";" -1,6853600000"
"202100018360";"17";"09";"2021";"07:45";"2";"35";"35238";"2";"1";"1";"6";"DUJARDIN (QUAI)";"48,1102400000";" -1,6717800000"
"202100018361";"17";"09";"2021";"01:00";"3";"34";"34172";"2";"1";"1";"6";"LAVERUNE (ROUTE DE";"43,5943700000";"3,8352700000"
"202100018362";"18";"09";"2021";"01:50";"5";"33";"33063";"2";"2";"1";"3";"Quai Louis XVIII";"44,8449300000";" -0,5705600000"
"202100018363";"17";"09";"2021";"08:50";"1";"33";"33063";"2";"1";"1";"2";"Pont Jacques Chaban Delmas";"44,8590600000";" -0,5524700000"
"202100018364";"17";"09";"2021";"07:30";"1";"33";"33281";"2";"3";"1";"2";"Rocade Ouest";"44,8437100000";" -0,6728800000"
"202100018365";"17";"09";"2021";"16:30";"1";"31";"31555";"1";"1";"1";"2";"VA007342 LA CEPIERE  A620 Sortie 27";"43,5978600000";"1,3973400000"
"202100018366";"17";"09";"2021";"14:34";"1";"29";"29232";"2";"1";"2";"6";"Boulevard de Creac H Gwen";"47,9799600000";" -4,1032700000"
"202100018367";"17";"09";"2021";"08:00";"1";"28";"28134";"2";"1";"7";"6";"ALLENDE (RUE SALVADOR)               002";"48,7367900000";"1,3461900000"
"202100018368";"17";"09";"2021";"08:28";"1";"28";"28085";"2";"9";"1";"3";"CROIX BONNARD (RUE DE LA)";"48,4336800000";"1,5040800000"
"202100018369";"4";"09";"2021";"13:20";"1";"28";"28085";"2";"3";"1";"2";"BRIAND (RUE ARISTIDE)";"48,4466000000";"1,5210300000"
"202100018370";"17";"09";"2021";"13:50";"1";"27";"27229";"2";"1";"1";"6";"MONOD (RUE JACQUES)";"49,0251410000";"1,1804320000"
"202100018371";"17";"09";"2021";"22:40";"5";"25";"25462";"2";"6";"1";"3";"BESANCON (RUE DE)";"46,9117200000";"6,3476390000"
"202100018372";"17";"09";"2021";"17:35";"1";"25";"25462";"2";"3";"1";"3";"Rue de la LibÃ©ration";"46,9179000000";"6,3435600000"
"202100018373";"17";"09";"2021";"14:45";"1";"25";"25462";"1";"1";"1";"1";"ROCADE G.POMPIDOU (DU 25 A LA FIN)";"46,9002700000";"6,3397300000"
"202100018374";"17";"09";"2021";"20:30";"5";"25";"25056";"2";"1";"1";"3";"BRETON  RUE LUC";"47,2391600000";"6,0223600000"
"202100018375";"17";"09";"2021";"17:30";"1";"25";"25056";"2";"1";"1";"2";"KENNEDY  BOULEVARD J.F.";"47,2327100000";"5,9824500000"
"202100018376";"17";"09";"2021";"12:10";"1";"25";"25056";"2";"1";"1";"6";"DOLE RUE DE (entre 82 et 185)";"47,2279600000";"5,9843200000"
"202100018377";"17";"09";"2021";"16:41";"1";"17";"17200";"2";"1";"1";"3";"VENDOME   RUE DU MOULIN  DE";"46,1780400000";" -1,1533600000"
"202100018378";"16";"09";"2021";"21:15";"5";"14";"14118";"2";"1";"1";"3";"SAINT JEAN (RUE (DE 33 ET + ET 38 ET +)";"49,1822500000";" -0,3596600000"
"202100018379";"17";"09";"2021";"23:59";"5";"13";"13209";"2";"3";"1";"3";"LUDOVIC LEGRE (AVENUE)";"43,2501698070";"5,3960508176"
"202100018380";"17";"09";"2021";"14:30";"1";"13";"13213";"2";"1";"1";"3";"ROSE (AVENUE DE LA)";"43,3266836674";"5,4225641386"
"202100018381";"17";"09";"2021";"18:20";"1";"13";"13207";"2";"1";"1";"1";"MENDES FRANCE (AVENUE)";"43,2900000000";"5,3600000000"
"202100018382";"17";"09";"2021";"16:45";"1";"13";"13205";"2";"3";"1";"2";"SAINT PIERRE (RUE)";"43,2931752928";"5,3890435143"
"202100018383";"17";"09";"2021";"13:55";"1";"13";"13047";"1";"1";"1";"2";"RASSUEN ROUTE DE";"43,4957635122";"4,9735618770"
"202100018384";"16";"09";"2021";"08:00";"1";"13";"13005";"2";"2";"8";"3";"VERRIERS (ALLEE DES)";"43,2954400000";"5,5697100000"
"202100018385";"17";"09";"2021";"18:00";"1";"10";"10362";"2";"1";"1";"1";"CHANTELOUP (CD)";"48,2979900000";"4,0404700000"
"202100018386";"18";"09";"2021";"00:15";"5";"06";"06088";"2";"1";"1";"1";"GAMBETTA (A PARTIR DU NÂ° 63-74)";"43,7056060000";"7,2561060000"
"202100018387";"17";"09";"2021";"17:35";"1";"06";"06069";"2";"2";"1";"3";"SAINT EXUPERY (AVENUE ANTOINE DE)";"43,6621800000";"6,9342500000"
"202100018388";"17";"09";"2021";"07:45";"1";"06";"06069";"2";"1";"1";"3";"LIBERATION (AVENUE DE LA)";"43,6475380000";"6,9132570000"
"202100018389";"17";"09";"2021";"14:48";"1";"06";"06029";"2";"1";"1";"6";"REPUBLIQUE (BOULEVARD DE LA)";"43,5558390000";"7,0242320000"
"202100018390";"16";"09";"2021";"08:32";"1";"05";"05061";"2";"1";"3";"2";"VILLAROBERT ( RUE DE )";"44,5720910000";"6,0866750000"
"202100018391";"15";"09";"2021";"00:40";"5";"05";"05061";"2";"6";"2";"6";"EMILE DIDIER ( AV )";"44,5654600000";"6,0927600000"
"202100018392";"17";"09";"2021";"08:45";"1";"75";"75119";"2";"1";"1";"5";"BD PERIPHERIQUE INTERIEUR";"48,9006150000";"2,3724800000"
"202100018393";"15";"09";"2021";"11:50";"1";"75";"75114";"2";"1";"2";"7";"BD PERIPHERIQUE EXTERIEUR";"48,8249360000";"2,3034770000"
"202100018394";"17";"09";"2021";"15:00";"1";"75";"75116";"2";"1";"1";"7";"BD PERIPHERIQUE INTERIEUR";"48,8379150000";"2,2548380000"
"202100018395";"16";"09";"2021";"16:25";"1";"75";"75110";"2";"2";"1";"6";"RUE JACQUES LOUVEL TESSIER";"48,8712440000";"2,3701380000"
"202100018396";"16";"09";"2021";"00:25";"5";"75";"75112";"2";"2";"1";"3";"AVENUE DAUMESNIL";"48,8486310000";"2,3725420000"
"202100018397";"17";"09";"2021";"20:45";"5";"75";"75119";"2";"4";"1";"1";"RUE D HAUTPOUL";"48,8831040000";"2,3880620000"
"202100018398";"16";"09";"2021";"21:30";"5";"75";"75119";"2";"3";"1";"6";"AVENUE JEAN JAURES";"48,8830969818";"2,3714511581"
"202100018399";"17";"09";"2021";"20:30";"5";"75";"75117";"2";"3";"1";"3";"AVENUE DE CLICHY";"48,8845370000";"2,3269830000"
"202100018400";"17";"09";"2021";"19:45";"1";"75";"75117";"2";"3";"1";"1";"AVENUE STEPHANE MALLARME";"48,8865050000";"2,2928610000"
"202100018401";"17";"09";"2021";"15:10";"1";"75";"75117";"2";"2";"1";"3";"RUE DE PONT A MOUSSON";"48,8975800000";"2,3241490000"
"202100018402";"17";"09";"2021";"08:35";"1";"75";"75117";"2";"4";"1";"6";"BOULEVARD DE COURCELLES";"48,8805600000";"2,3095430000"
"202100018403";"17";"09";"2021";"06:15";"5";"75";"75116";"2";"3";"1";"3";"QUAI SAINT EXUPERY";"48,8366320000";"2,2636950000"
"202100018404";"16";"09";"2021";"13:00";"1";"75";"75116";"2";"4";"1";"1";"AVENUE DE VERSAILLES";"48,8395749791";"2,2626918162"
"202100018405";"17";"09";"2021";"21:40";"5";"75";"75114";"2";"1";"1";"2";"BD PERIPHERIQUE INTERIEUR";"48,8238080000";"2,3090540000"
"202100018406";"17";"09";"2021";"11:15";"1";"75";"75113";"2";"3";"1";"2";"RUE EMILE DURKHEIM";"48,8326930000";"2,3782800000"
"202100018407";"17";"09";"2021";"17:20";"1";"75";"75112";"2";"2";"1";"3";"BOULEVARD PONIATOWSKI";"48,8316580000";"2,3978610000"
"202100018408";"17";"09";"2021";"15:18";"1";"75";"75111";"2";"2";"1";"3";"AVENUE PHILIPPE AUGUSTE";"48,8506690000";"2,3944930000"
"202100018409";"17";"09";"2021";"09:20";"1";"75";"75101";"2";"2";"1";"2";"BOULEVARD DE LA MADELEINE";"48,8694070000";"2,3252040000"
"202100018410";"17";"09";"2021";"04:20";"5";"94";"94067";"2";"1";"1";"6";"Avenue des Minimes";"48,8418310000";"2,4250580000"
"202100018411";"17";"09";"2021";"18:45";"1";"94";"94078";"2";"2";"1";"3";"Rue Voltaire";"48,7400600000";"2,4497500000"
"202100018412";"17";"09";"2021";"08:10";"1";"94";"94044";"2";"6";"1";"3";"Avenue de Valenton";"48,7424700000";"2,4911900000"
"202100018413";"16";"09";"2021";"15:00";"1";"94";"94068";"2";"1";"1";"6";"Avenue du Bac";"48,7930400000";"2,5157900000"
"202100018414";"12";"09";"2021";"21:30";"5";"94";"94078";"2";"1";"1";"6";"avenue de Melun";"48,7232710000";"2,4441350000"
"202100018415";"16";"09";"2021";"17:12";"1";"94";"94033";"2";"3";"1";"2";"CHARMES (AV DES)";"48,8450000000";"2,4572000000"
"202100018416";"17";"09";"2021";"08:30";"1";"94";"94028";"1";"1";"1";"2";"RN 406";"48,7647343039";"2,4621159033"
"202100018417";"17";"09";"2021";"07:15";"1";"94";"94028";"2";"3";"1";"2";"TASSIGNY(AVE DU MARECHAL DE LATTRE DE)";"48,8004300000";"2,4513800000"
"202100018418";"15";"09";"2021";"09:10";"1";"94";"94028";"2";"9";"2";"2";"MOULIN(RUE JEAN)";"48,7765500000";"2,4584500000"
"202100018419";"17";"09";"2021";"16:00";"1";"94";"94018";"2";"9";"1";"6";"Rue de Conflans";"48,8215200000";"2,4129900000"
"202100018420";"17";"09";"2021";"09:20";"1";"93";"93070";"2";"9";"1";"1";"GABRIEL-PERI (AV)";"48,9092590000";"2,3329050000"
"202100018421";"17";"09";"2021";"14:45";"1";"93";"93070";"2";"1";"1";"3";"Rue Dieumegard";"48,9076510000";"2,3388190000"
"202100018422";"17";"09";"2021";"11:20";"1";"93";"93066";"2";"1";"1";"1";"Rue Danielle Casanova";"48,9295900000";"2,3585400000"
"202100018423";"17";"09";"2021";"08:40";"1";"93";"93064";"2";"1";"1";"6";"MONTGOLFIER (RUE J ET E)";"48,8862600000";"2,4804600000"
"202100018424";"17";"09";"2021";"00:20";"5";"93";"93064";"2";"1";"1";"3";"QUATRIEME ZOUAVES (RUE DU)";"48,8730400000";"2,4805500000"
"202100018425";"17";"09";"2021";"20:50";"5";"93";"93077";"2";"1";"1";"3";"Grande Rue";"48,8842938145";"2,5091099739"
"202100018426";"17";"09";"2021";"15:00";"1";"93";"93077";"2";"1";"1";"5";"Rue du Plateau";"48,8803300000";"2,5001600000"
"202100018427";"17";"09";"2021";"16:45";"1";"93";"93055";"2";"1";"1";"1";"55-73 Avenue Jean Lolive";"48,8913790000";"2,4030970000"
"202100018428";"17";"09";"2021";"19:00";"1";"93";"93048";"2";"3";"1";"2";"Rue de la Noue / Square Jean Zay";"48,8657870000";"2,4280290000"
"202100018429";"17";"09";"2021";"18:05";"1";"93";"93046";"2";"1";"1";"3";"Boulevard Robert Schuman";"48,9273000000";"2,5472600000"
"202100018430";"17";"09";"2021";"07:28";"5";"93";"93029";"2";"3";"1";"6";"Rue Sadi Carnot / Rue Adrien Froment";"48,9266000000";"2,4390000000"
"202100018431";"17";"09";"2021";"13:49";"1";"93";"93001";"2";"9";"1";"3";"FELIX FAURE (BLD)  => 118/119";"48,9067430000";"2,3799680000"
"202100018432";"17";"09";"2021";"19:10";"1";"92";"92078";"2";"2";"1";"3";"VERDUN (AVENUE) (PAIRS 2 A 38)";"48,9355679124";"2,3359492242"
"202100018433";"17";"09";"2021";"18:25";"1";"92";"92064";"2";"1";"1";"6";"MARECHAL JUIN";"48,8389600000";"2,2213800000"
"202100018434";"13";"09";"2021";"15:54";"1";"92";"92063";"2";"6";"1";"3";"LECLERC DE HAUTECLOQUE (AVENUE DU MARECH";"48,8587268774";"2,1901524067"
"202100018435";"11";"09";"2021";"16:15";"1";"92";"92063";"2";"1";"1";"3";"PEREIRE (RUE)";"48,8896556579";"2,1792009473"
"202100018436";"17";"09";"2021";"19:02";"1";"92";"92051";"2";"1";"1";"3";"JACQUES DULUD (RUE)";"48,8802313302";"2,2721529007"
"202100018437";"17";"09";"2021";"02:33";"5";"92";"92044";"2";"1";"1";"6";"ALSACE (RUE) NÂ°19 + ET 20+";"48,8911990000";"2,2951740000"
"202100018438";"16";"09";"2021";"17:20";"1";"92";"92036";"2";"2";"1";"3";"LUCETTE MAZALAIGUE";"48,9320283537";"2,2871571779"
"202100018439";"17";"09";"2021";"21:30";"5";"92";"92025";"2";"1";"1";"2";"CHARLES DE GAULLE (BD)";"48,9149260000";"2,2285950000"
"202100018440";"16";"09";"2021";"15:20";"1";"92";"92025";"2";"1";"1";"6";"REINE HENRIETTE (RUE DE LA)";"48,9251749152";"2,2493266314"
"202100018441";"14";"09";"2021";"22:15";"5";"92";"92025";"2";"2";"1";"3";"ARISTIDE BRIAND (RUE)";"48,9150306541";"2,2493594885"
"202100018442";"14";"09";"2021";"09:00";"1";"92";"92025";"2";"1";"2";"1";"COLBERT  55 A 113   42 A 102 (RUE)";"48,9130550000";"2,2354290000"
"202100018443";"17";"09";"2021";"00:37";"5";"92";"92023";"2";"5";"1";"3";"GENERAL DE GAULLE (AV DU) NÂ°130 A 340 ET";"48,7863180000";"2,2533420000"
"202100018444";"16";"09";"2021";"23:00";"5";"92";"92014";"2";"1";"1";"6";"ROOSEVELT PRESIDENT F (AVE DU)";"48,7769435262";"2,3103207350"
"202100018445";"17";"09";"2021";"07:55";"1";"92";"92012";"2";"2";"1";"6";"CHATEAU (RUE DU) 1/125 - 2/136";"48,8429377087";"2,2437556964"
"202100018446";"18";"09";"2021";"14:00";"1";"80";"80332";"1";"1";"1";"6";"A16";"50,2528580000";"1,7471370000"
"202100018447";"18";"09";"2021";"17:10";"1";"76";"76541";"1";"1";"1";"3";"A150";"49,5191070000";"0,9753370000"
"202100018448";"15";"09";"2021";"22:17";"5";"68";"68300";"2";"1";"1";"7";"Rue de Mulhouse";"47,7800670000";"7,3650750000"
"202100018449";"18";"09";"2021";"08:20";"1";"83";"83070";"1";"1";"7";"6";"d559";"43,1496323323";"6,4066427671"
"202100018450";"18";"09";"2021";"00:38";"3";"44";"44073";"1";"1";"1";"6";"RN 137";"47,4077890000";" -1,6425850000"
"202100018451";"18";"09";"2021";"15:30";"1";"83";"83021";"1";"1";"1";"7";"D35";"43,4792230000";"5,9478840000"
"202100018452";"17";"09";"2021";"18:46";"2";"57";"57100";"2";"1";"7";"6";"Rue de Saint Jean";"48,7712030000";"7,1884860000"
"202100018453";"17";"09";"2021";"20:40";"3";"51";"51171";"1";"1";"1";"1";"D944";"49,3691096714";"3,9263050124"
"202100018454";"16";"09";"2021";"11:30";"1";"56";"56091";"2";"1";"1";"3";"ZI de la Rochette";"47,9553290000";" -2,5664450000"
"202100018455";"18";"09";"2021";"00:00";"3";"76";"76222";"1";"2";"1";"3";"D63";"49,4930510000";"0,8742280000"
"202100018456";"18";"09";"2021";"09:15";"1";"2B";"2B299";"1";"1";"1";"7";"D506";"42,4269007220";"9,4297109799"
"202100018457";"18";"09";"2021";"08:45";"1";"63";"63047";"2";"9";"7";"6";"D 130 - Pont de la Dordogne";"45,5891091643";"2,7431955300"
"202100018458";"18";"09";"2021";"02:00";"3";"55";"55435";"1";"1";"1";"6";"D3 PK 10+500";"48,7254360000";"5,0228390000"
"202100018459";"18";"09";"2021";"01:20";"3";"86";"86277";"1";"3";"1";"2";"D347";"46,7730840000";"0,1908020000"
"202100018460";"18";"09";"2021";"01:50";"5";"34";"34237";"2";"2";"1";"2";"Avenue de Pezenas";"43,5036790000";"3,3125230000"
"202100018461";"17";"09";"2021";"17:30";"1";"68";"68258";"1";"9";"1";"4";"D430";"47,8267050000";"7,2854910000"
"202100018462";"18";"09";"2021";"09:15";"1";"68";"68349";"2";"6";"1";"3";"D105";"47,5996090000";"7,5769940000"
"202100018463";"17";"09";"2021";"15:30";"1";"39";"39470";"1";"1";"1";"1";"N/A";"46,5059280000";"6,0286740000"
"202100018464";"17";"09";"2021";"21:20";"3";"35";"35339";"1";"3";"1";"6";"la croix du chÃ©ne";"48,4971710000";" -1,6116320000"
"202100018465";"24";"08";"2021";"11:49";"1";"01";"01229";"1";"3";"1";"6";"1349 Route d Etrez";"46,3373340000";"5,1475860000"
"202100018466";"18";"09";"2021";"02:30";"3";"50";"50074";"1";"1";"8";"7";"la berterie";"48,7402750000";" -1,1698450000"
"202100018467";"18";"09";"2021";"17:30";"1";"64";"64218";"1";"1";"2";"6";"RD428";"43,0743780000";" -1,1889280000"
"202100018468";"17";"09";"2021";"15:00";"1";"43";"43087";"2";"2";"1";"3";"12 Rue de Rochefoy";"45,2122290000";"4,3455330000"
"202100018469";"17";"09";"2021";"19:10";"3";"16";"16001";"1";"1";"1";"6";"Route du Petit Moulin";"46,1082960000";"0,6834210000"
"202100018470";"17";"09";"2021";"16:30";"1";"07";"07023";"1";"1";"1";"3";"route de Saint Maurice";"44,5098960000";"4,3855940000"
"202100018471";"17";"09";"2021";"15:40";"1";"07";"07016";"1";"1";"1";"1";"le raccourcis";"44,7072640000";"4,3624950000"
"202100018472";"17";"09";"2021";"23:00";"3";"24";"24485";"1";"1";"1";"1";"Doumarias";"45,3783020000";"0,8045770000"
"202100018473";"15";"09";"2021";"10:45";"1";"28";"28033";"1";"2";"1";"1";"D928";"48,4967480000";"1,0571710000"
"202100018474";"17";"09";"2021";"21:30";"5";"28";"28359";"1";"3";"1";"3";"D50";"48,7616210000";"1,2311610000"
"202100018475";"18";"09";"2021";"18:30";"1";"28";"28357";"1";"1";"1";"7";"D6";"48,5369650000";"1,5780130000"
"202100018476";"17";"09";"2021";"18:20";"1";"68";"68375";"2";"1";"1";"1";"75 Rue de Reiningue";"47,7973340000";"7,2316060000"
"202100018477";"18";"09";"2021";"14:55";"1";"38";"38545";"1";"1";"1";"2";"A 51 pk000.8+100";"45,0488800000";"5,6846430000"