"Num_Acc";"jour";"mois";"an";"hrmn";"lum";"dep";"com";"agg";"int";"atm";"col";"adr";"lat";"long"
"202100018478";"17";"09";"2021";"17:40";"1";"69";"69044";"2";"1";"7";"3";"RAVET (DU) (CHM)";"45,7772801262";"4,7492909431"
"202100018479";"18";"09";"2021";"06:45";"1";"01";"01043";"1";"1";"1";"2";"A42";"45,8231280000";"5,0000400000"
"202100018480";"18";"09";"2021";"00:20";"3";"67";"67108";"1";"9";"1";"6";"A35";"48,5242680000";"7,6115140000"
"202100018481";"8";"09";"2021";"16:05";"1";"13";"13016";"1";"1";"1";"2";"A52";"43,3845440000";"5,6040950000"
"202100018482";"15";"09";"2021";"13:50";"1";"27";"27065";"1";"9";"1";"2";"Autoroute A13 - Gare de PÃ©age";"49,3379330000";"0,3645600000"
"202100018483";"18";"09";"2021";"01:20";"3";"988";"98811";"2";"1";"1";"7";"RM1- lieu dit tiombola";" -21,0511100000";"164,8635200000"
"202100018484";"17";"09";"2021";"18:00";"1";"988";"98829";"1";"1";"1";"6";"Lieu dit NÃ©ri";" -21,6448000000";"166,1916000000"
"202100018485";"4";"09";"2021";"20:00";"5";"971";"97128";"1";"1";"1";"6";"Louisiane";"16,2615490000";" -61,3938390000"
"202100018486";"18";"09";"2021";"11:25";"1";"971";"97129";"1";"2";"1";"6";"Clugny";"16,3532970000";" -61,7518680000"
"202100018487";"25";"07";"2021";"14:00";"1";"971";"97118";"1";"1";"1";"1";"Chemin de la Madeleine";"16,2193000000";" -61,6289450000"
"202100018488";"17";"09";"2021";"17:15";"1";"37";"37171";"1";"1";"1";"6";"Rue du Gros Ormeau";"47,4042310000";"0,8875220000"
"202100018489";"17";"08";"2021";"18:20";"1";"2A";"2A215";"1";"1";"1";"6";"RT 40 - CANNELLA";"41,4885930000";"9,0689890000"
"202100018490";"18";"09";"2021";"16:05";"1";"66";"66210";"1";"1";"2";"6";"D615";"42,6384136762";"2,7368799783"
"202100018491";"17";"09";"2021";"13:25";"1";"34";"34209";"1";"1";"1";"1";"D37";"43,2933960000";"3,3600830000"
"202100018492";"17";"09";"2021";"08:10";"1";"34";"34135";"2";"3";"7";"3";"avenue de nissan";"43,2745400000";"3,1710550000"
"202100018493";"18";"09";"2021";"15:45";"1";"05";"05166";"1";"1";"1";"5";"D1075";"44,4400000000";"5,7130300000"
"202100018494";"12";"09";"2021";"14:50";"1";"68";"68334";"2";"1";"1";"3";"Rue du Kattenbachy";"47,8157770000";"7,1061800000"
"202100018495";"17";"09";"2021";"18:30";"1";"67";"67045";"2";"1";"1";"6";"Route de Krautergersheim";"48,4875010000";"7,4985550000"
"202100018496";"17";"09";"2021";"20:50";"3";"88";"88460";"1";"1";"1";"2";"D674";"48,4069800000";"5,7415000000"
"202100018497";"14";"09";"2021";"07:30";"1";"55";"55517";"1";"1";"8";"6";"D20";"48,9676960000";"5,0510070000"
"202100018498";"17";"09";"2021";"15:55";"1";"38";"38468";"2";"2";"1";"3";"N7";"45,3491240000";"4,8029620000"
"202100018499";"18";"09";"2021";"02:25";"3";"26";"26235";"1";"1";"1";"7";"Route Nationale 7";"44,4004560000";"4,7048090000"
"202100018500";"15";"09";"2021";"18:40";"1";"17";"17118";"1";"2";"1";"2";"D 145 Rapion";"45,2450030000";" -0,4065590000"
"202100018501";"16";"09";"2021";"15:00";"1";"33";"33362";"1";"1";"1";"6";"Lieu Dit le Canton";"45,0252960000";" -0,1831240000"
"202100018502";"18";"09";"2021";"09:35";"1";"50";"50556";"2";"1";"1";"6";"D86 le bourg";"49,0613750000";" -1,0597030000"
"202100018503";"18";"09";"2021";"12:20";"1";"14";"14228";"1";"2";"1";"3";"Route dÃ©partementale 404";"49,2783050000";" -0,3925900000"
"202100018504";"18";"09";"2021";"10:45";"1";"80";"80110";"1";"1";"1";"1";"Rue de Mons";"50,1509330000";"1,6561460000"
"202100018505";"18";"09";"2021";"17:10";"1";"59";"59139";"2";"1";"1";"6";"49, rue VOLTAIRE";"50,1290880000";"3,4088890000"
"202100018506";"17";"09";"2021";"18:15";"1";"59";"59136";"2";"2";"7";"1";"Faubourg de Cambrai";"50,1063160000";"3,5358170000"
"202100018507";"18";"09";"2021";"15:15";"1";"59";"59212";"2";"1";"7";"3";"Rue du President Kennedy";"50,6467680146";"2,7154480526"
"202100018508";"17";"09";"2021";"15:37";"1";"13";"13071";"1";"1";"1";"5";"A7-Sens Marseille vers Lyon";"43,4075100000";"5,2890800000"
"202100018509";"12";"09";"2021";"03:45";"5";"13";"13055";"1";"1";"1";"5";"A507 sens Aubagne- Marseille";"43,2869170000";"5,4249460000"
"202100018510";"17";"09";"2021";"06:05";"5";"13";"13028";"1";"1";"1";"6";"A50";"43,1917442409";"5,6561028957"
"202100018511";"5";"09";"2021";"19:30";"1";"69";"69382";"1";"1";"1";"3";"M7   0.000 A 2.278";"45,7417100000";"4,8248400000"
"202100018512";"17";"09";"2021";"08:40";"1";"33";"33063";"1";"1";"1";"6";"Rocade Nord A630 -E4-";"44,8862200000";" -0,5626100000"
"202100018513";"16";"09";"2021";"07:10";"2";"59";"59378";"1";"1";"1";"6";"ROUTE DEPARTEMENTALE 652";"50,6849900000";"3,1003510000"
"202100018514";"17";"09";"2021";"18:09";"1";"94";"94038";"1";"1";"1";"2";"AUTOROUTE A6B";"48,7723543881";"2,3459809284"
"202100018515";"17";"09";"2021";"16:45";"1";"94";"94034";"1";"1";"1";"2";"AUTOROUTE A6B";"48,7504400000";"2,3284600000"
"202100018516";"17";"09";"2021";"12:00";"1";"94";"94073";"1";"1";"1";"2";"A86 INT";"48,7625900000";"2,3812900000"
"202100018517";"16";"09";"2021";"07:50";"1";"27";"27229";"2";"1";"1";"6";"BORDEAUX (SENTE DE)";"49,0161300000";"1,1604300000"
"202100018518";"16";"09";"2021";"06:50";"1";"974";"97416";"1";"1";"1";"1";"BASSIN PLAT(CHEMIN)";" -21,3246900000";"55,4895600000"
"202100018519";"16";"09";"2021";"15:05";"1";"974";"97416";"2";"1";"1";"6";"BONS ENFANTS (RUE DES)";" -21,3397350000";"55,4736830000"
"202100018520";"16";"09";"2021";"09:45";"1";"974";"97411";"2";"1";"1";"2";"SOURCE (RUE DE LA)";" -20,8901800000";"55,4481600000"
"202100018521";"16";"09";"2021";"18:05";"1";"973";"97302";"2";"1";"1";"2";"MANGO (ROUTE)";"4,9318011057";" -52,3175135851"
"202100018522";"16";"09";"2021";"21:00";"5";"69";"69276";"2";"1";"8";"2";"URBAIN SUD (BD)                             ";"45,6868300000";"4,8618900000"
"202100018523";"16";"09";"2021";"18:15";"1";"69";"69387";"2";"2";"2";"3";"SEBASTIEN GRYPHE (R)";"45,7480000000";"4,8390100000"
"202100018524";"16";"09";"2021";"17:00";"1";"69";"69386";"2";"2";"8";"6";"LOUIS BLANC (R)";"45,7653600000";"4,8559300000"
"202100018525";"16";"09";"2021";"07:00";"2";"69";"69259";"2";"4";"1";"3";"VIENNE (DE) (RTE)";"45,7246398571";"4,8540580273"
"202100018526";"16";"09";"2021";"04:50";"5";"69";"69388";"2";"9";"1";"6";"SURVILLE (DE) (R)";"45,7193300000";"4,8540000000"
"202100018527";"16";"09";"2021";"15:30";"1";"69";"69142";"2";"1";"2";"3";"GENERAL DE GAULLE (AV)";"45,7263700000";"4,8122100000"
"202100018528";"16";"09";"2021";"14:30";"1";"69";"69034";"2";"1";"3";"6";"GENERAL DE GAULLE (AV)";"45,8115600000";"4,8590300000"
"202100018529";"15";"09";"2021";"20:50";"5";"971";"97107";"2";"1";"2";"7";"FLAMBOYANTS ( ALLEE DES )";"16,0513600000";" -61,5628100000"
"202100018530";"15";"09";"2021";"18:20";"1";"91";"91064";"1";"1";"2";"2";"CD 117 (ROUTE DE JOUY)";"48,7527060000";"2,2039640000"
"202100018531";"17";"09";"2021";"00:05";"4";"91";"91479";"1";"1";"1";"3";"RTE DE FONTAINEBLEAU";"48,7395700000";"2,3639700000"
"202100018532";"16";"09";"2021";"11:50";"1";"91";"91286";"2";"1";"1";"3";"TREILLE (PLACE DE LA)";"48,6519350000";"2,3709930000"
"202100018533";"15";"09";"2021";"11:00";"1";"88";"88383";"2";"1";"2";"6";"RUE GEORGES LANG";"48,0142700000";"6,5907300000"
"202100018534";"14";"09";"2021";"17:48";"1";"87";"87085";"2";"3";"2";"3";"HALEVY (RUE)";"45,8562300000";"1,2590100000"
"202100018535";"12";"09";"2021";"01:35";"3";"83";"83009";"2";"1";"1";"3";"DEPARTEMENTALE 559B (ROUTE)";"43,1510300000";"5,7647280000"
"202100018536";"15";"09";"2021";"15:40";"1";"78";"78358";"2";"2";"1";"3";"JEAN JACQUES ROUSSEAU (AVENUE)";"48,9534700000";"2,1506830000"
"202100018537";"15";"09";"2021";"13:50";"1";"77";"77279";"1";"2";"1";"2";"D411";"48,3823400000";"3,0393200000"
"202100018538";"16";"09";"2021";"08:20";"1";"76";"76640";"2";"1";"1";"6";"HALINE. RUE DE LA";"49,2739200000";"1,0502800000"
"202100018539";"16";"09";"2021";"07:55";"1";"76";"76540";"2";"3";"1";"3";"CONSTANTINE. RUE DE";"49,4489700000";"1,0668800000"
"202100018540";"16";"09";"2021";"13:15";"1";"72";"72181";"2";"1";"1";"3";"PONT YSSOIR (RUE DU)";"48,0099820000";"0,1944510000"
"202100018541";"15";"09";"2021";"15:30";"1";"71";"71306";"2";"6";"1";"6";"HAUTS DE SORME (RUE DES)";"46,6907313430";"4,3565047965"
"202100018542";"15";"09";"2021";"12:15";"1";"71";"71306";"2";"6";"1";"1";"CHATILLON (RUE DE)";"46,6891200000";"4,3563100000"
"202100018543";"15";"09";"2021";"16:15";"1";"71";"71540";"1";"1";"1";"1";"R.D 290";"46,7735120000";"4,4716300000"
"202100018544";"15";"09";"2021";"15:05";"1";"71";"71475";"1";"1";"1";"1";"Route de Buxy";"46,7500472167";"4,8186023694"
"202100018545";"15";"09";"2021";"13:17";"1";"71";"71076";"2";"1";"1";"6";"PARADIS (RUE DU)";"46,7941963129";"4,8493047363"
"202100018546";"16";"09";"2021";"15:50";"1";"69";"69256";"2";"8";"1";"6";"MARIUS GROSSO (R)";"45,7635800000";"4,9325900000"
"202100018547";"16";"09";"2021";"15:00";"1";"69";"69264";"1";"1";"1";"5";"BEAUREGARD (DE) (RTE)";"45,9987300000";"4,7396300000"
"202100018548";"31";"08";"2021";"15:20";"1";"69";"69096";"2";"2";"1";"3";"19 MARS 1962 (DU) (AV)";"45,6044580228";"4,7826039791"
"202100018549";"15";"09";"2021";"06:45";"2";"67";"67482";"2";"3";"8";"6";"OBERHAUSBERGEN (ROUTE D )";"48,5925300000";"7,7165900000"
"202100018550";"15";"09";"2021";"15:30";"1";"66";"66136";"1";"6";"1";"3";"DÃ©partementale 914";"42,6689500000";"2,8972800000"
"202100018551";"16";"09";"2021";"11:50";"1";"64";"64545";"2";"1";"2";"1";"HANDIABAITA (CHEMIN D')";"43,3811860000";" -1,7008280000"
"202100018552";"16";"09";"2021";"12:10";"1";"64";"64445";"2";"1";"3";"3";"CONDORCET";"43,3158130049";" -0,3621116281"
"202100018553";"16";"09";"2021";"07:10";"5";"64";"64445";"2";"9";"1";"2";"MONNAIE";"43,2944900000";" -0,3772600000"
"202100018554";"16";"09";"2021";"15:05";"1";"62";"62193";"2";"2";"1";"3";"DIDEROT";"50,9536500000";"1,8658300000"
"202100018555";"15";"09";"2021";"19:15";"1";"62";"62193";"2";"9";"1";"2";"PHALSBOURG (RUE DE)";"50,9567100000";"1,8751400000"
"202100018556";"11";"09";"2021";"14:00";"1";"62";"62119";"2";"1";"1";"1";"LELEU ( RUE DU DOCTEUR )";"50,5344530000";"2,6433110000"
"202100018557";"15";"09";"2021";"16:21";"1";"61";"61001";"2";"3";"1";"6";"QUAKENBRUCK (AVENUE DE)";"48,4413600000";"0,1081300000"
"202100018558";"16";"09";"2021";"19:30";"2";"59";"59599";"2";"1";"1";"6";"PASSERELLE (RUE DE LA )";"50,6971900000";"3,1501300000"
"202100018559";"16";"09";"2021";"13:00";"1";"59";"59599";"2";"2";"1";"3";"YSER (RUE DE L')";"50,7408900000";"3,1663400000"
"202100018560";"16";"09";"2021";"11:40";"1";"59";"59599";"1";"1";"1";"4";"FOREST (CHAUSSEE FERNAND)";"50,7369700000";"3,1538500000"
"202100018561";"14";"09";"2021";"02:40";"3";"59";"59356";"1";"1";"1";"6";"LILLE IMPASSE RUE DE";"50,6619350889";"2,9896759987"
"202100018562";"16";"09";"2021";"10:30";"1";"59";"59043";"2";"1";"1";"6";"YPRES (RUE D')";"50,7408583873";"2,7379628209"
"202100018563";"1";"09";"2021";"16:00";"1";"58";"58194";"2";"1";"1";"2";"AMIRAL JACQUINOT";"46,9834000000";"3,1828000000"
"202100018564";"15";"09";"2021";"12:20";"1";"57";"57672";"2";"1";"1";"3";"ROMAINS (ROUTE DES)";"49,3642400000";"6,1411100000"
"202100018565";"16";"09";"2021";"02:35";"5";"56";"56260";"2";"2";"1";"3";"SCHUMAN(RUE ROBERT)";"47,6519000000";" -2,7704700000"
"202100018566";"14";"09";"2021";"17:00";"1";"56";"56107";"2";"1";"1";"1";"PORT (BD ROGER LE)";"47,7275600000";" -3,3795100000"
"202100018567";"14";"09";"2021";"11:02";"1";"56";"56121";"2";"1";"1";"7";"BOLLARDIERE (RUE  GENERAL DE )";"47,7561100000";" -3,3912800000"
"202100018568";"15";"09";"2021";"12:00";"1";"54";"54431";"2";"1";"1";"6";"HUGO (RUE VICTOR)";"48,9016800000";"6,0517700000"
"202100018569";"15";"09";"2021";"09:10";"1";"54";"54439";"2";"2";"1";"2";"DE GAULLE (AVENUE CHARLES)";"48,7047200000";"6,2555200000"
"202100018570";"16";"09";"2021";"08:15";"1";"51";"51454";"2";"2";"7";"3";"AllÃ©e des Bons Enfants";"49,2461442020";"4,0569018311"
"202100018571";"15";"09";"2021";"17:15";"1";"51";"51108";"2";"1";"8";"1";"Avenue du 29 AoÃ»t 1944";"48,9451483219";"4,3709034694"
"202100018572";"14";"09";"2021";"09:20";"1";"50";"50203";"1";"1";"2";"6";"R N 13";"49,5990800000";" -1,5959100000"
"202100018573";"16";"09";"2021";"06:45";"5";"49";"49007";"2";"1";"1";"3";"MILLOT BOULEVARD JACQUES";"47,4532250000";" -0,5381320000"
"202100018574";"16";"09";"2021";"04:48";"3";"45";"45235";"1";"1";"1";"1";"RD 955";"47,9571600000";"1,7924800000"
"202100018575";"6";"09";"2021";"16:30";"1";"43";"43157";"2";"1";"1";"1";"10 Rue Jules Valles";"45,0447743574";"3,8869540393"
"202100018576";"15";"09";"2021";"08:50";"1";"37";"37261";"2";"1";"1";"6";"PAILHOU (PLACE GASTON)";"47,3926382075";"0,6805434536"
"202100018577";"16";"09";"2021";"09:40";"1";"35";"35238";"2";"1";"1";"4";"ROCHESTER (AVENUE DE)";"48,1279200000";" -1,6590100000"
"202100018578";"16";"09";"2021";"17:32";"1";"31";"31555";"2";"9";"1";"3";"AV DU GENERAL EISENHOWER";"43,5588800000";"1,3986100000"
"202100018579";"16";"09";"2021";"09:30";"1";"31";"31555";"2";"1";"1";"2";"BD LAZARE CARNOT";"43,6037370000";"1,4507090000"
"202100018580";"16";"09";"2021";"08:05";"2";"31";"31149";"2";"1";"1";"6";"BD GENERAL DE GAULLE";"43,6106500000";"1,3293700000"
"202100018581";"16";"09";"2021";"19:15";"1";"29";"29019";"2";"6";"1";"3";"Avenue de Provence";"48,4074800000";" -4,5129200000"
"202100018582";"16";"09";"2021";"07:50";"1";"29";"29019";"2";"1";"1";"3";"Rue de la FraternitÃ©";"48,4005400000";" -4,4546270000"
"202100018583";"16";"09";"2021";"15:56";"1";"27";"27229";"2";"1";"1";"7";"DUPONT DE L'EURE (PLACE)";"49,0292500000";"1,1520500000"
"202100018584";"14";"09";"2021";"18:50";"1";"27";"27229";"2";"1";"8";"7";"FUSILLES (RUE DES)";"49,0194800000";"1,1577300000"
"202100018585";"16";"09";"2021";"10:45";"1";"27";"27229";"2";"1";"1";"6";"BRIAND (AVENUE ARISTIDE)";"49,0171500000";"1,1236700000"
"202100018586";"15";"09";"2021";"17:55";"1";"27";"27229";"2";"6";"8";"3";"ALLENDE (BOULEVARD DU PRESIDENT)";"49,0035064021";"1,1516000000"
"202100018587";"15";"09";"2021";"18:10";"1";"70";"70285";"2";"1";"1";"2";"BELFORT(FAUBOURG DE)";"47,5838300000";"6,7751900000"
"202100018588";"11";"09";"2021";"19:50";"2";"24";"24557";"2";"3";"1";"3";"GRANDOU (AVENUE MICHEL)";"45,1899700000";"0,7452400000"
"202100018589";"16";"09";"2021";"09:12";"1";"17";"17306";"2";"1";"1";"6";"ALBERT 1ER (BD)";"45,6250690000";" -1,0244460000"
"202100018590";"16";"09";"2021";"11:45";"1";"17";"17291";"2";"1";"1";"6";"MONNET  AVENUE JEAN";"46,1803000000";" -1,1242400000"
"202100018591";"16";"09";"2021";"08:10";"1";"17";"17300";"2";"2";"1";"3";"FOLLETIER  RUE FRANÃOIS DE VAUX";"46,1409900000";" -1,1534300000"
"202100018592";"16";"09";"2021";"07:15";"2";"13";"13216";"2";"1";"2";"3";"ESTAQUE PLAGE";"43,3603963779";"5,2984793078"
"202100018593";"16";"09";"2021";"06:00";"5";"13";"13201";"2";"1";"3";"1";"DUGOMMIER (BOULEVARD)     1 A 29";"43,2990500000";"5,3809000000"
"202100018594";"15";"09";"2021";"23:30";"3";"13";"13047";"1";"1";"2";"5";"RN 569";"43,5208700000";"4,9630700000"
"202100018595";"16";"09";"2021";"07:38";"1";"13";"13001";"1";"1";"2";"3";"ENFANT (RTE DE L')";"43,4840000000";"5,3826000000"
"202100018596";"15";"09";"2021";"19:07";"1";"12";"12145";"1";"1";"1";"1";"D911";"44,1320200000";"3,0428400000"
"202100018597";"16";"09";"2021";"21:48";"5";"10";"10387";"2";"1";"1";"2";"CHARMILLES (MAIL DES)";"48,2950300000";"4,0843500000"
"202100018598";"16";"09";"2021";"16:45";"1";"07";"07008";"1";"1";"1";"6";"ROCHE  ( QUARTIER )";"44,7118439000";"4,6289777700"
"202100018599";"15";"09";"2021";"12:45";"1";"05";"05061";"2";"1";"8";"6";"GRAFFINEL ( CHEMIN DE )";"44,5381400000";"6,0605700000"
"202100018600";"7";"09";"2021";"18:00";"1";"03";"03321";"1";"4";"1";"3";"DEBUSSY (RUE CLAUDE)";"46,5832360000";"3,3504550000"
"202100018601";"15";"09";"2021";"19:15";"1";"03";"03098";"2";"1";"1";"6";"Avenue du 4 Septembre";"46,3593100000";"2,6176300000"
"202100018602";"16";"09";"2021";"08:05";"1";"75";"75120";"2";"1";"1";"3";"RUE DES PYRENEES";"48,8608230000";"2,4005460000"
"202100018603";"16";"09";"2021";"11:35";"1";"75";"75119";"2";"1";"1";"6";"AVENUE JEAN JAURES";"48,8847333586";"2,3776627372"
"202100018604";"15";"09";"2021";"16:00";"1";"75";"75117";"2";"7";"2";"7";"PLACE SAINT FERDINAND";"48,8779630000";"2,2878850000"
"202100018605";"15";"09";"2021";"09:20";"1";"75";"75117";"2";"3";"2";"6";"BOULEVARD DES BATIGNOLLES";"48,8825530000";"2,3220690000"
"202100018606";"16";"09";"2021";"15:00";"1";"75";"75116";"2";"4";"1";"4";"ECHANGEUR SAINT CLOUD";"48,8386872621";"2,2539704813"
"202100018607";"15";"09";"2021";"20:40";"5";"75";"75114";"2";"7";"8";"3";"PLACE DENFERT ROCHEREAU";"48,8336970000";"2,3319360000"
"202100018608";"16";"09";"2021";"21:05";"5";"75";"75112";"2";"2";"1";"5";"COURS DE VINCENNES";"48,8480921572";"2,3991871743"
"202100018609";"16";"09";"2021";"13:00";"1";"75";"75112";"2";"4";"1";"3";"RUE TAINE";"48,8394310933";"2,3945943110"
"202100018610";"15";"09";"2021";"10:00";"1";"75";"75112";"2";"4";"2";"2";"AVENUE DAUMESNIL";"48,8399270000";"2,4321590000"
"202100018611";"15";"09";"2021";"21:19";"5";"75";"75111";"2";"3";"1";"6";"BOULEVARD VOLTAIRE";"48,8521450000";"2,3896790000"
"202100018612";"16";"09";"2021";"08:40";"1";"75";"75110";"2";"3";"1";"6";"RUE DES PETITES ECURIES";"48,8733930000";"2,3526560000"
"202100018613";"15";"09";"2021";"13:20";"1";"75";"75108";"2";"3";"8";"2";"AVENUE DES CHAMPS ELYSEES";"48,8700739768";"2,3066789827"
"202100018614";"16";"09";"2021";"12:48";"1";"75";"75107";"2";"7";"1";"6";"AVENUE BOSQUET";"48,8546302515";"2,3055423725"
"202100018615";"16";"09";"2021";"08:15";"1";"75";"75103";"2";"2";"1";"7";"BOULEVARD BEAUMARCHAIS";"48,8558083330";"2,3684901669"
"202100018616";"16";"09";"2021";"09:25";"1";"75";"75101";"2";"1";"1";"1";"QUAI DES TUILERIES";"48,8630011016";"2,3237649410"
"202100018617";"14";"09";"2021";"17:30";"1";"94";"94052";"2";"1";"1";"3";"Boulevard de Strasbourg";"48,8408300000";"2,4820800000"
"202100018618";"15";"09";"2021";"10:40";"1";"94";"94043";"2";"2";"2";"6";"Rue Danton";"48,8123000000";"2,3596400000"
"202100018619";"16";"09";"2021";"16:30";"1";"94";"94054";"2";"2";"1";"3";"VICTOIRE (AV DE LA)";"48,7447800000";"2,3931600000"
"202100018620";"15";"09";"2021";"08:42";"1";"94";"94077";"2";"1";"3";"1";"MARECHAL FOCH (R DU)";"48,7282360000";"2,4098680000"
"202100018621";"16";"09";"2021";"16:50";"1";"93";"93053";"2";"1";"1";"2";"PARC (RUE DU)";"48,8963900000";"2,4430900000"
"202100018622";"15";"09";"2021";"16:00";"1";"93";"93006";"2";"1";"2";"3";"STALINGRAD AV.";"48,8700000000";"2,4200000000"
"202100018623";"15";"09";"2021";"17:30";"1";"93";"93032";"2";"1";"2";"6";"AllÃ©e de lâHorloge";"48,8745230000";"2,5591430000"
"202100018624";"16";"09";"2021";"00:11";"5";"93";"93001";"2";"1";"1";"2";"JEAN JAURES (AVE)  215 =>";"48,9158000000";"2,4051400000"
"202100018625";"16";"09";"2021";"12:55";"1";"93";"93008";"2";"9";"1";"3";"ILLUSTRATION (AVENUE DE L')";"48,9119190000";"2,4170800000"
"202100018626";"15";"09";"2021";"07:54";"1";"93";"93008";"2";"3";"2";"5";"VARSOVIE (RUE DE)";"48,9093332773";"2,4731343558"
"202100018627";"16";"09";"2021";"16:45";"1";"92";"92047";"2";"3";"1";"3";"RAYMOND POINCARE";"48,8381902062";"2,1802638130"
"202100018628";"16";"09";"2021";"13:30";"1";"92";"92062";"2";"1";"1";"3";"DE DION BOUTON (QUAI) DU 29 AU 65";"48,8831330848";"2,2486379743"
"202100018629";"15";"09";"2021";"22:15";"5";"92";"92078";"2";"2";"1";"3";"GALLIENI (BOULEVARD) (1/19)";"48,9249301600";"2,3254711926"
"202100018630";"14";"09";"2021";"18:35";"1";"92";"92036";"2";"1";"1";"2";"BAS (RUE DES) (78   +)";"48,9190790087";"2,2901605815"
"202100018631";"16";"09";"2021";"17:35";"1";"92";"92012";"2";"1";"1";"6";"REINE (ROUTE DE LA) 39/107 BIS";"48,8394120000";"2,2434000000"
"202100018632";"15";"08";"2021";"17:20";"1";"974";"97415";"1";"1";"1";"1";"Chemin Piton Leon";" -21,0703890000";"55,2866350000"
"202100018633";"17";"09";"2021";"09:15";"1";"62";"62204";"1";"1";"5";"7";"rd 138";"50,4150000000";"1,8276620000"
"202100018634";"16";"09";"2021";"17:30";"1";"62";"62066";"2";"1";"1";"6";"Rue de Beaulieu";"50,4786330000";"2,0993800000"
"202100018635";"13";"08";"2021";"18:15";"1";"43";"43043";"1";"1";"1";"6";"Route communale entre Duminiac et la Varenne";"45,1799040000";"3,7559290000"
"202100018636";"17";"09";"2021";"12:05";"1";"83";"83036";"2";"1";"1";"6";"Avenue de Saint-RaphaÃ«l";"43,1850430000";"6,5451050000"
"202100018637";"17";"09";"2021";"12:45";"1";"85";"85038";"2";"2";"1";"6";"La Croix Carron";"46,8874090000";" -1,3108280000"
"202100018638";"16";"09";"2021";"07:30";"2";"83";"83054";"2";"3";"1";"3";"200 RD 97";"43,1612326049";"6,0422430933"
"202100018639";"16";"09";"2021";"07:15";"2";"83";"83054";"2";"2";"2";"3";"avenue du gÃ©nÃ©ral de gaulle et rue de la gare";"43,1664800000";"6,0481290000"
"202100018640";"16";"09";"2021";"16:45";"1";"57";"57667";"1";"1";"7";"7";"D55";"49,2339960000";"6,5555230000"
"202100018641";"13";"08";"2021";"14:50";"1";"57";"57527";"1";"1";"1";"6";"D70";"49,0296560000";"6,2406150000"
"202100018642";"15";"09";"2021";"18:19";"1";"62";"62281";"2";"1";"1";"6";"Route de Saint-Leonard";"50,6990540000";"1,6434430000"
"202100018643";"16";"09";"2021";"20:30";"3";"19";"19195";"1";"1";"3";"7";"Route de la Gerbaudie Cartheyrie";"45,2705330000";"1,3563420000"
"202100018644";"9";"09";"2021";"21:00";"2";"19";"19010";"1";"1";"3";"7";"Le Sablier";"45,1113740000";"1,9556660000"
"202100018645";"15";"09";"2021";"11:00";"1";"56";"56119";"1";"3";"1";"2";"Route de Belz";"47,6869870000";" -3,1240220000"
"202100018646";"16";"09";"2021";"11:30";"1";"2B";"2B283";"1";"2";"1";"1";"RT10";"41,9057110000";"9,3892870000"
"202100018647";"15";"09";"2021";"17:15";"1";"2B";"2B043";"1";"1";"2";"5";"d54";"42,7568050000";"9,4590140000"
"202100018648";"16";"09";"2021";"15:15";"1";"11";"11209";"2";"9";"1";"7";"D118";"42,9592100000";"2,2582910000"
"202100018649";"17";"09";"2021";"02:30";"5";"71";"71120";"2";"1";"1";"6";"5 Rue Victor Hugo";"46,2067810000";"4,3379650000"
"202100018650";"16";"09";"2021";"18:50";"1";"42";"42234";"1";"1";"3";"6";"Route de Sorbiers";"45,5099208417";"4,3954936802"
"202100018651";"17";"09";"2021";"13:45";"1";"03";"03093";"2";"1";"1";"6";"22 Route du Bourg";"46,1812000000";"3,4487040000"
"202100018652";"17";"09";"2021";"15:00";"1";"54";"54102";"2";"1";"1";"7";"rue saint MARTIN";"48,7055549362";"5,8585774894"
"202100018653";"16";"09";"2021";"17:45";"1";"14";"14726";"1";"1";"1";"3";"Route du Brieu";"48,8800910000";" -0,8245490000"
"202100018654";"16";"09";"2021";"23:30";"3";"05";"05139";"1";"1";"1";"7";"chemin de l'enclus au vallon de corne";"44,6618243193";"5,9399618262"
"202100018655";"17";"09";"2021";"09:15";"1";"64";"64094";"2";"1";"1";"7";"RD 936 Route de Bayonne";"43,4785380000";" -1,1888190000"
"202100018656";"16";"09";"2021";"17:20";"1";"53";"53097";"2";"1";"1";"1";"20 Rue Pasteur";"48,1498000000";" -0,3985440000"
"202100018657";"15";"09";"2021";"22:00";"3";"24";"24520";"2";"1";"1";"6";"Route de TamniÃ¨s";"44,9308250000";"1,2018660000"
"202100018658";"17";"09";"2021";"14:00";"1";"04";"04144";"1";"1";"1";"1";"RD 952";"43,7807258429";"6,3484676597"
"202100018659";"16";"09";"2021";"10:00";"1";"30";"30068";"1";"4";"2";"1";"D982";"44,0156721152";"4,1072759628"
"202100018660";"16";"09";"2021";"20:22";"3";"973";"97307";"1";"1";"1";"3";"route nationale 2";"4,8761370000";" -52,3372360000"
"202100018661";"16";"09";"2021";"15:40";"1";"76";"76489";"1";"1";"1";"2";"N1029";"49,4644430000";"0,2745720000"
"202100018662";"16";"09";"2021";"15:15";"1";"65";"65272";"1";"1";"2";"5";"A64- PK 152+800";"43,1973430000";"0,1949000000"
"202100018663";"14";"09";"2021";"20:00";"5";"78";"78455";"2";"1";"1";"7";"1allÃ©e du bon repos 78590";"48,8428690000";"2,0719640000"
"202100018664";"17";"09";"2021";"16:05";"1";"01";"01099";"1";"1";"1";"7";"AUTOROUTE A42 - PK 033+000 - SENS GENEVE/LYON";"45,9116450000";"5,2461760000"