"Num_Acc";"jour";"mois";"an";"hrmn";"lum";"dep";"com";"agg";"int";"atm";"col";"adr";"lat";"long"
"202100018665";"13";"09";"2021";"19:15";"2";"13";"13025";"1";"1";"1";"5";"A52";"43,4820719650";"5,5586957932"
"202100018666";"17";"09";"2021";"15:30";"1";"38";"38052";"1";"1";"1";"3";"RD 1091";"45,1168130000";"5,9844160000"
"202100018667";"12";"09";"2021";"21:20";"5";"974";"97418";"1";"1";"2";"2";"Route Nationale 2";" -20,8989040000";"55,5219840000"
"202100018668";"17";"09";"2021";"07:28";"2";"13";"13040";"1";"1";"1";"1";"D96";"43,4487210000";"5,5483280000"
"202100018669";"17";"09";"2021";"08:30";"1";"33";"33214";"1";"1";"1";"6";"N/A";"44,9486720000";" -1,0060430000"
"202100018670";"17";"09";"2021";"12:30";"1";"18";"18207";"2";"1";"1";"6";"Avenue Gabriel Dordain";"46,9928040000";"2,2460600000"
"202100018671";"25";"08";"2021";"03:00";"5";"18";"18133";"2";"1";"1";"6";"Rue Yves Lacelle";"46,9559600000";"2,2532490000"
"202100018672";"13";"09";"2021";"16:50";"1";"30";"30253";"2";"3";"1";"3";"La Cantonade";"44,2381320000";"4,1142890000"
"202100018673";"17";"09";"2021";"16:00";"1";"34";"34199";"2";"1";"1";"6";"Avenue Paul Vidal de la Blache";"43,4580320000";"3,4143130000"
"202100018674";"17";"09";"2021";"19:00";"1";"83";"83065";"1";"1";"1";"1";"D98";"43,2639480000";"6,6187910000"
"202100018675";"17";"09";"2021";"08:30";"1";"83";"83115";"2";"1";"1";"3";"rd 559";"43,3283350000";"6,6671830000"
"202100018676";"17";"09";"2021";"15:24";"1";"04";"04171";"1";"1";"1";"7";"RD 952";"43,7908970000";"6,4243090000"
"202100018677";"16";"09";"2021";"16:15";"1";"89";"89083";"1";"2";"1";"3";"D31";"47,8447130000";"3,4902460000"
"202100018678";"16";"09";"2021";"11:10";"1";"68";"68298";"2";"1";"8";"6";"56 Rue Saint Louis";"48,2447390000";"7,1829830000"
"202100018679";"16";"09";"2021";"20:19";"3";"54";"54472";"1";"1";"1";"7";"D99";"48,5586876172";"6,6114091875"
"202100018680";"17";"09";"2021";"16:45";"1";"01";"01262";"1";"2";"1";"3";"Route de Meximieux";"45,9237700000";"5,0110160000"
"202100018681";"17";"09";"2021";"16:25";"1";"81";"81283";"1";"1";"1";"2";"D21";"43,9335230000";"1,9560650000"
"202100018682";"17";"09";"2021";"10:35";"1";"86";"86137";"1";"2";"1";"1";"RD61c";"47,0018120000";"0,1006900000"
"202100018683";"27";"08";"2021";"15:35";"1";"24";"24558";"1";"1";"1";"1";"Le Cingle";"44,8874380000";"0,8142760000"
"202100018684";"11";"07";"2021";"05:00";"3";"33";"33080";"2";"1";"1";"6";"Chemin du Port des Places";"44,7320900000";" -0,5112240000"
"202100018685";"14";"09";"2021";"06:50";"5";"33";"33056";"2";"9";"1";"3";"Avenue du GÃ©nÃ©ral de Gaulle";"44,9271010000";" -0,6349620000"
"202100018686";"19";"08";"2021";"11:30";"1";"49";"49201";"2";"9";"1";"7";"Route du Port Saint Maur";"47,3941510000";" -0,2766590000"
"202100018687";"13";"09";"2021";"09:30";"1";"50";"50099";"1";"1";"1";"7";"Saint Quentin (Carentan)";"49,2738770000";" -1,2709810000"
"202100018688";"17";"09";"2021";"16:15";"1";"35";"35066";"1";"1";"1";"1";"D34";"48,0407530000";" -1,6916660000"
"202100018689";"17";"09";"2021";"15:18";"1";"02";"02574";"1";"2";"7";"3";"RD 963";"49,8871830000";"4,0233560000"
"202100018690";"16";"09";"2021";"23:55";"3";"62";"62865";"1";"1";"1";"6";"RD 950";"50,3339360000";"2,9584710000"
"202100018691";"15";"09";"2021";"07:15";"1";"59";"59011";"2";"3";"1";"1";"rue Salengro";"50,5312570000";"2,9411820000"
"202100018692";"12";"09";"2021";"07:31";"1";"13";"13071";"1";"1";"1";"1";"A55 - Sens Marseille vers Martigues";"43,3992600000";"5,2962000000"
"202100018693";"11";"09";"2021";"18:45";"1";"13";"13211";"2";"1";"1";"2";"A50-Sens Aubagne vers Marseille";"43,2863500000";"5,4272300000"
"202100018694";"15";"09";"2021";"08:20";"1";"13";"13055";"1";"1";"1";"4";"A507 sens Marseille - Aubagne";"43,2897100000";"5,4244000000"
"202100018695";"15";"09";"2021";"22:15";"3";"13";"13071";"1";"1";"1";"6";"A55-Sens Martigues vers Marseille";"43,3859900000";"5,3091400000"
"202100018696";"10";"09";"2021";"16:40";"1";"13";"13055";"1";"1";"1";"2";"A507 sens Marseille - Aubagne";"43,3000200000";"5,4246100000"
"202100018697";"16";"09";"2021";"05:36";"3";"01";"01248";"1";"9";"2";"6";"A46N   14.305 A 17.210";"45,8809100000";"4,8980800000"
"202100018698";"16";"09";"2021";"21:01";"3";"91";"91687";"1";"1";"1";"2";"AUTOROUTE A6";"48,6615300000";"2,3696800000"
"202100018699";"16";"09";"2021";"09:05";"1";"91";"91521";"1";"1";"1";"4";"RN 441";"48,6376400000";"2,3981200000"
"202100018700";"15";"09";"2021";"18:05";"1";"94";"94021";"1";"1";"1";"3";"AUTOROUTE A6B";"48,7597100000";"2,3384600000"
"202100018701";"15";"09";"2021";"16:00";"1";"94";"94003";"1";"1";"3";"4";"AUTOROUTE A6A";"48,8075300000";"2,3407900000"
"202100018702";"16";"09";"2021";"10:05";"1";"92";"92036";"1";"1";"1";"3";"A86";"48,9359519994";"2,2870560883"
"202100018703";"16";"09";"2021";"09:20";"1";"78";"78640";"1";"1";"1";"2";"A86 INT";"48,7807700000";"2,1782800000"
"202100018704";"15";"09";"2021";"19:30";"5";"92";"92050";"1";"1";"8";"3";"A86";"48,9050775731";"2,2089573741"
"202100018705";"16";"09";"2021";"12:50";"1";"93";"93066";"1";"1";"1";"6";"AUTOROUTE A86";"48,9219293849";"2,3630047717"
"202100018706";"16";"09";"2021";"13:00";"1";"93";"93027";"1";"1";"1";"2";"AUTOROUTE A1";"48,9353079174";"2,4023287771"
"202100018707";"16";"09";"2021";"09:30";"1";"93";"93005";"1";"1";"1";"3";"AUTOROUTE A1";"48,9628950000";"2,4705300000"
"202100018708";"16";"09";"2021";"09:15";"1";"93";"93066";"1";"1";"1";"3";"AUTOROUTE A1";"48,9075182389";"2,3585055080"
"202100018709";"16";"09";"2021";"09:30";"1";"77";"77468";"1";"1";"1";"2";"A104";"48,8509200000";"2,6614600000"
"202100018710";"16";"09";"2021";"09:05";"1";"77";"77294";"1";"1";"1";"4";"A104";"48,9636900000";"2,6119000000"
"202100018711";"16";"09";"2021";"08:45";"1";"77";"77258";"1";"1";"1";"2";"A4.W";"48,8302600000";"2,6334400000"
"202100018712";"15";"09";"2021";"23:03";"5";"75";"75112";"1";"1";"1";"3";"A4";"48,8182530000";"2,4562830000"
"202100018713";"15";"09";"2021";"14:07";"1";"77";"77083";"1";"1";"2";"2";"A4.W";"48,8315755498";"2,6029648430"
"202100018714";"15";"09";"2021";"14:25";"1";"94";"94017";"1";"1";"3";"2";"A4";"48,8284416936";"2,5027316394"
"202100018715";"15";"09";"2021";"12:55";"1";"77";"77337";"1";"1";"3";"6";"RN104";"48,8290209708";"2,6186505189"
"202100018716";"15";"09";"2021";"08:45";"1";"94";"94017";"1";"1";"2";"4";"A4";"48,8299600000";"2,4857000000"
"202100018717";"15";"09";"2021";"08:30";"1";"77";"77373";"1";"1";"8";"2";"RN104";"48,7627007223";"2,6160126180"
"202100018718";"24";"08";"2021";"15:00";"1";"34";"34003";"2";"1";"1";"3";"Route de Rochelongue";"43,2787100000";"3,4811900000"
"202100018719";"11";"09";"2021";"17:20";"1";"89";"89387";"2";"1";"1";"6";"VOULX (ROUTE DE)";"48,2042900000";"3,2649000000"
"202100018720";"15";"09";"2021";"15:45";"1";"72";"72181";"2";"7";"1";"6";"SAINT MICHEL (PL)";"48,0092600000";"0,1980500000"
"202100018721";"14";"09";"2021";"17:25";"1";"13";"13019";"2";"1";"1";"5";"D543";"43,4226900000";"5,3675700000"
"202100018722";"15";"09";"2021";"15:00";"1";"94";"94058";"2";"1";"3";"2";"Boulevard dâAlsace-Lorraine";"48,8509500000";"2,5046200000"
"202100018723";"14";"09";"2021";"23:45";"5";"94";"94073";"2";"2";"2";"1";"VERSAILLES (AV DE)";"48,7612600000";"2,4030700000"
"202100018724";"9";"07";"2021";"16:25";"1";"62";"62498";"2";"1";"1";"3";"BETHUNE (RTE DE)";"50,4435900000";"2,8020200000"
"202100018725";"22";"06";"2021";"16:42";"1";"19";"19275";"2";"9";"1";"6";"CARNOT (AVENUE) NÂ° IMPAIRS";"45,5504567168";"2,3126047983"
"202100018726";"3";"05";"2021";"18:50";"1";"35";"35123";"1";"2";"1";"3";"le breil";"48,0104390000";" -1,8938110000"
"202100018727";"15";"09";"2021";"17:40";"2";"974";"97411";"2";"1";"1";"6";"JAURES (BOULEVARD JEAN)";" -20,9022200000";"55,5024800000"
"202100018728";"15";"09";"2021";"15:15";"1";"974";"97411";"2";"1";"1";"3";"JAURES (BOULEVARD JEAN)";" -20,9005500000";"55,4957200000"
"202100018729";"15";"09";"2021";"12:50";"1";"974";"97411";"2";"2";"1";"3";"GUYON (FELIX)";" -20,8806800000";"55,4523000000"
"202100018730";"15";"09";"2021";"14:50";"1";"69";"69266";"2";"1";"1";"1";"FRANCOIS GILLET (R)";"45,7596328462";"4,8752582073"
"202100018731";"15";"09";"2021";"15:45";"1";"69";"69387";"2";"2";"1";"3";"GARIBALDI (R)";"45,7482400000";"4,8524400000"
"202100018732";"15";"09";"2021";"11:30";"1";"69";"69259";"2";"2";"1";"3";"FERNAND PELLOUTIER (R)";"45,6895243437";"4,9011415246"
"202100018733";"14";"09";"2021";"09:25";"1";"69";"69384";"2";"2";"1";"3";"JACQUES-LOUIS HENON (R)";"45,7795800000";"4,8273700000"
"202100018734";"15";"09";"2021";"16:50";"1";"91";"91432";"2";"2";"8";"3";"RUE GUSTAVE EIFFEL";"48,7009520000";"2,3347390000"
"202100018735";"15";"09";"2021";"12:40";"1";"91";"91687";"2";"1";"2";"7";"VICTOR BASCH (RUE)";"48,6827110000";"2,3803940000"
"202100018736";"14";"09";"2021";"19:30";"2";"89";"89387";"2";"3";"2";"2";"PONT NEUF (BOULEVARD DU)";"48,2033000000";"3,2682000000"
"202100018737";"8";"09";"2021";"10:05";"1";"85";"85194";"2";"1";"1";"6";"POILU DE FRANCE (PLACE DU)";"46,4969400000";" -1,7832100000"
"202100018738";"7";"09";"2021";"15:45";"1";"85";"85194";"2";"3";"1";"1";"SABLES (RUE DES)";"46,5326390000";" -1,7738570000"
"202100018739";"14";"09";"2021";"16:50";"1";"83";"83069";"2";"6";"1";"3";"PETIT (ROND POINT HENRI)";"43,1131770000";"6,1241280000"
"202100018740";"15";"09";"2021";"15:30";"1";"78";"78481";"2";"1";"2";"6";"PIERRE BROSSOLETTE (BOULEVARD)";"48,8952400000";"2,1059800000"
"202100018741";"14";"09";"2021";"22:30";"1";"78";"78362";"2";"1";"1";"3";"ROUTE DE HOUDAN";"48,9794280000";"1,7150600000"
"202100018742";"14";"09";"2021";"23:00";"5";"76";"76351";"2";"1";"2";"6";"REPUBLIQUE (COURS DE LA)";"49,4959300000";"0,1262500000"
"202100018743";"14";"09";"2021";"06:20";"5";"76";"76351";"2";"1";"2";"6";"LENINGRAD (BD DE)";"49,5000500000";"0,1724600000"
"202100018744";"15";"09";"2021";"21:05";"5";"73";"73087";"2";"6";"2";"2";"D1006 LYON (ROUTE DE)";"45,5588900000";"5,8960500000"
"202100018745";"15";"09";"2021";"13:25";"1";"73";"73065";"2";"2";"1";"3";"AV BASSENS POINCARRE RAYMOND (QUAI)";"45,5670300000";"5,9297300000"
"202100018746";"10";"09";"2021";"13:40";"1";"71";"71486";"2";"1";"1";"7";"RD 974";"46,6454900000";"4,3358000000"
"202100018747";"15";"09";"2021";"10:50";"1";"71";"71153";"2";"2";"8";"1";"PRESIDENT WILSON (RUE DU)";"46,7963500000";"4,4292800000"
"202100018748";"15";"09";"2021";"17:05";"1";"69";"69275";"2";"1";"2";"3";"FRANKLIN ROOSEVELT (AV)";"45,7612700000";"4,9370100000"
"202100018749";"15";"09";"2021";"12:20";"1";"69";"69266";"2";"6";"1";"3";"MICHEL DUPEUPLE (R)";"45,7749200000";"4,8885000000"
"202100018750";"15";"09";"2021";"20:45";"5";"69";"69264";"2";"6";"2";"6";"BELLEROCHE (DE) (R)";"45,9825800000";"4,7090000000"
"202100018751";"11";"09";"2021";"13:20";"1";"69";"69091";"2";"1";"1";"1";"SUEL (DU) (R)";"45,5821530627";"4,7718746717"
"202100018752";"15";"09";"2021";"09:45";"1";"64";"64348";"2";"3";"1";"3";"CHANOINE DUBARAT DU";"43,3229451099";" -0,3793696910"
"202100018753";"15";"09";"2021";"05:25";"5";"64";"64122";"2";"1";"1";"7";"GAMBETTA (RUE)";"43,4792500000";" -1,5642600000"
"202100018754";"15";"09";"2021";"15:15";"1";"64";"64024";"2";"1";"1";"3";"BAYONNE (AVENUE DE)";"43,4818100000";" -1,5097000000"
"202100018755";"15";"09";"2021";"08:09";"1";"63";"63164";"2";"1";"1";"1";"CHARMES (CAR DES)";"45,8159800000";"3,1524200000"
"202100018756";"14";"09";"2021";"11:00";"1";"62";"62193";"2";"2";"1";"3";"VOLTAIRE";"50,9536000000";"1,8658500000"
"202100018757";"11";"09";"2021";"18:10";"1";"61";"61006";"2";"3";"1";"2";"SEES (ROUTE DE)";"48,7243350000";" -0,0131290000"
"202100018758";"13";"09";"2021";"14:00";"1";"59";"59033";"2";"1";"1";"1";"GABRIEL PERI (IMPASSE)";"50,1979500000";"3,8404200000"
"202100018759";"14";"09";"2021";"13:37";"1";"51";"51454";"2";"2";"8";"3";"Rue Courmeaux";"49,2570327423";"4,0358363853"
"202100018760";"10";"09";"2021";"21:51";"5";"49";"49007";"2";"2";"1";"3";"BEDIER BOULEVARD";"47,4506100000";" -0,5528000000"
"202100018761";"15";"09";"2021";"07:05";"2";"45";"45234";"2";"2";"1";"3";"Boulevard Guy - Marie Riobe";"47,9128800000";"1,9124200000"
"202100018762";"15";"09";"2021";"06:50";"5";"44";"44162";"2";"6";"1";"1";"RUE DU SOUVENIR FRANCAIS";"47,2099317804";" -1,6289056296"
"202100018763";"11";"09";"2021";"19:35";"1";"43";"43157";"2";"1";"1";"7";"10 Rue de Vienne";"45,0458870000";"3,8880910000"
"202100018764";"14";"09";"2021";"18:55";"1";"38";"38185";"2";"1";"1";"3";"LYAUTEY (BOULEVARD MAL)";"45,1853500000";"5,7317300000"
"202100018765";"14";"09";"2021";"23:00";"3";"38";"38185";"2";"2";"1";"3";"JOSEPH REY (RUE)";"45,1853400000";"5,7318700000"
"202100018766";"14";"09";"2021";"18:20";"1";"37";"37214";"2";"1";"3";"7";"DE GAULLE (BD CHARLES)";"47,4177125509";"0,6655223072"
"202100018767";"14";"09";"2021";"17:25";"1";"37";"37208";"2";"1";"2";"6";"PIERRES PLATES (RUE DES)";"47,3568008070";"0,7348491758"
"202100018768";"15";"09";"2021";"22:05";"5";"35";"35238";"2";"1";"1";"2";"LIBERTE (BD DE LA)";"48,1074288005";" -1,6753225029"
"202100018769";"15";"09";"2021";"18:00";"1";"35";"35238";"1";"1";"1";"2";"RN136";"48,0920480000";" -1,6269630000"
"202100018770";"15";"09";"2021";"15:55";"1";"35";"35238";"2";"1";"1";"2";"ALBERT 1ER (BD)";"48,0899500000";" -1,6883900000"
"202100018771";"15";"09";"2021";"08:30";"1";"35";"35055";"1";"6";"1";"3";"RD 173";"48,0778100000";" -1,6324000000"
"202100018772";"15";"09";"2021";"09:05";"1";"35";"35238";"2";"1";"1";"6";"LOGES (RUE DUPONT DES)";"48,1086700000";" -1,6690000000"
"202100018773";"14";"09";"2021";"15:25";"1";"34";"34172";"2";"1";"1";"2";"TOULOUSE (AVENUE DE";"43,5950300000";"3,8616300000"
"202100018774";"14";"09";"2021";"18:20";"1";"34";"34032";"1";"1";"8";"7";"FAURE EDGARD (RD.POINT)";"43,3601900000";"3,2500500000"
"202100018775";"10";"08";"2021";"07:42";"1";"34";"34003";"1";"3";"1";"3";"D 912 VIAS (ROUTE DE)";"43,3144600000";"3,4590400000"
"202100018776";"15";"09";"2021";"13:10";"1";"33";"33529";"1";"9";"1";"3";"RD 1250 (Camicas - Sortie Dune)";"44,6466200000";" -1,1583300000"
"202100018777";"15";"09";"2021";"14:15";"1";"31";"31069";"2";"1";"1";"6";"ARAGON (MAIL LOUIS)";"43,6443300000";"1,3785700000"
"202100018778";"10";"09";"2021";"04:45";"5";"24";"24557";"2";"1";"1";"6";"GRANDOU (AVENUE MICHEL)";"45,1903800000";"0,7412200000"
"202100018779";"15";"09";"2021";"02:30";"3";"17";"17380";"1";"1";"5";"7";"PALMYRE (AVENUE DE LA)";"45,6624900000";" -1,1182200000"
"202100018780";"15";"09";"2021";"08:15";"1";"17";"17300";"2";"3";"1";"1";"NORMANDIN   RUE EMILE";"46,1503600000";" -1,1461200000"
"202100018781";"15";"09";"2021";"16:05";"1";"14";"14059";"2";"1";"1";"3";"GENERAL LECLERC (AVENUE DU)";"49,3436100000";"0,0538100000"
"202100018782";"15";"09";"2021";"20:00";"2";"13";"13208";"2";"1";"1";"7";"MENDES FRANCE (AVENUE)";"43,2609300000";"5,3751400000"
"202100018783";"15";"09";"2021";"04:50";"5";"13";"13207";"2";"1";"1";"6";"Corniche John FitzgÃ©rald Kennedy";"43,2753000000";"5,3600700000"
"202100018784";"15";"09";"2021";"17:35";"1";"13";"13203";"2";"1";"1";"3";"HOCHE (RUE)";"43,3107186099";"5,3765507920"
"202100018785";"13";"09";"2021";"18:17";"1";"13";"13213";"2";"1";"1";"6";"ALBERT EINSTEIN (RUE)";"43,3390574767";"5,4382771097"
"202100018786";"10";"09";"2021";"23:20";"5";"13";"13004";"2";"2";"1";"3";"BD EMILE COMBES";"43,6781200000";"4,6337200000"
"202100018787";"4";"09";"2021";"09:10";"1";"12";"12145";"1";"1";"1";"5";"CAVALERIE (COTE DE LA )";"44,0907500000";"3,1249500000"
"202100018788";"14";"09";"2021";"08:39";"1";"10";"10387";"2";"1";"3";"6";"QUATORZE JUILLET (RUE DU)";"48,2942000000";"4,0778000000"
"202100018789";"15";"09";"2021";"11:45";"1";"06";"06123";"2";"1";"2";"1";"PUGETS MOYENNE CORNICHE DES";"43,6869310000";"7,1801610000"
"202100018790";"14";"09";"2021";"12:15";"1";"05";"05061";"2";"1";"1";"3";"EMBRUN ( AVENUE D')";"44,5661400000";"6,0939700000"
"202100018791";"15";"09";"2021";"09:00";"1";"75";"75117";"2";"1";"2";"3";"BD PERIPHERIQUE EXTERIEUR";"48,8871510000";"2,2900740000"
"202100018792";"13";"09";"2021";"22:40";"5";"75";"75117";"2";"4";"1";"2";"BD PERIPHERIQUE INTERIEUR";"48,8820446609";"2,2830668092"
"202100018793";"14";"09";"2021";"18:45";"4";"75";"75116";"2";"1";"2";"6";"ECHANGEUR MAILLOT";"48,8773817636";"2,2793985574"
"202100018794";"15";"09";"2021";"08:58";"1";"75";"75105";"2";"2";"2";"3";"RUE DU SOMMERARD";"48,8502210000";"2,3452300000"
"202100018795";"15";"09";"2021";"10:48";"1";"75";"75112";"2";"2";"2";"3";"COURS DE VINCENNES";"48,8475377021";"2,4062171660"
"202100018796";"15";"09";"2021";"14:45";"1";"75";"75119";"2";"3";"2";"6";"AVENUE CORENTIN CARIOU";"48,8976156848";"2,3856917625"
"202100018797";"15";"09";"2021";"21:20";"5";"75";"75118";"2";"4";"1";"6";"RUE DE LA CHAPELLE";"48,8908220000";"2,3599200000"
"202100018798";"15";"09";"2021";"12:40";"1";"75";"75118";"2";"2";"2";"6";"RUE DU MONT CENIS";"48,8925320800";"2,3443134362"
"202100018799";"14";"09";"2021";"16:30";"1";"75";"75117";"2";"3";"1";"6";"RUE CARDINET";"48,8902450000";"2,3172210000"
"202100018800";"15";"09";"2021";"12:55";"1";"75";"75115";"2";"3";"1";"6";"RUE DE VAUGIRARD";"48,8368883534";"2,2957925982"
"202100018801";"14";"09";"2021";"19:40";"2";"75";"75115";"2";"1";"2";"3";"QUAI DE GRENELLE";"48,8518080000";"2,2850760000"
"202100018802";"15";"09";"2021";"13:10";"1";"75";"75114";"2";"4";"8";"3";"BOULEVARD RASPAIL";"48,8377879769";"2,3311732621"
"202100018803";"15";"09";"2021";"08:45";"1";"75";"75114";"2";"2";"2";"7";"AVENUE DE LA PORTE DE MONTROUGE";"48,8226720000";"2,3226990000"
"202100018804";"15";"09";"2021";"08:50";"1";"75";"75111";"2";"2";"2";"3";"BOULEVARD VOLTAIRE";"48,8651680000";"2,3677590000"
"202100018805";"15";"09";"2021";"20:10";"2";"75";"75108";"2";"2";"1";"3";"RUE DE L ARCADE";"48,8733170000";"2,3243050000"
"202100018806";"15";"09";"2021";"15:00";"1";"75";"75108";"2";"2";"3";"2";"COURS ALBERT 1ER";"48,8646170681";"2,3103198040"
"202100018807";"15";"09";"2021";"12:35";"1";"94";"94067";"2";"1";"3";"3";"Avenue des Minimes";"48,8416400000";"2,4271500000"
"202100018808";"14";"09";"2021";"18:16";"1";"94";"94068";"2";"1";"2";"3";"Boulevard de CrÃ©teil";"48,7981400000";"2,4830000000"
"202100018809";"14";"09";"2021";"11:25";"1";"94";"94068";"2";"2";"2";"3";"VICTORIA (AV)";"48,7955900000";"2,4959700000"
"202100018810";"15";"09";"2021";"19:40";"1";"94";"94018";"2";"1";"1";"2";"Rue de Paris";"48,8293200000";"2,4015200000"
"202100018811";"14";"09";"2021";"09:20";"1";"94";"94075";"2";"1";"2";"7";"Route de la Grange";"48,7341700000";"2,5199900000"
"202100018812";"15";"09";"2021";"10:50";"1";"94";"94046";"2";"3";"3";"3";"VINCENNES (R DE)";"48,8081400000";"2,4479900000"
"202100018813";"15";"09";"2021";"02:25";"5";"94";"94002";"2";"4";"2";"6";"Quai Blanqui";"48,8144800000";"2,4114100000"
"202100018814";"15";"09";"2021";"17:40";"1";"93";"93078";"2";"2";"2";"2";"Avenue Robert Ballanger / Avenue Martin Luther King";"48,9519700000";"2,5283600000"
"202100018815";"15";"09";"2021";"17:20";"1";"93";"93055";"2";"2";"2";"3";"JEAN LOLIVE (AVENUE)(137/FIN ET 134/FIN)";"48,8939520000";"2,4171660000"
"202100018816";"15";"09";"2021";"17:50";"1";"93";"93053";"2";"3";"2";"3";"PARC (RUE DU)";"48,8934300000";"2,4443400000"
"202100018817";"14";"09";"2021";"14:00";"1";"93";"93045";"2";"5";"1";"3";"Rue de Paris / Rue des BruyÃ¨res";"48,8789910000";"2,4130120000"
"202100018818";"15";"09";"2021";"14:00";"1";"93";"93047";"2";"1";"3";"6";"Rue de la Fontaine Jean Valjean";"48,8967810000";"2,5701960000"
"202100018819";"14";"09";"2021";"09:30";"1";"93";"93047";"2";"1";"3";"4";"Boulevard Hardy";"48,9064300000";"2,5695400000"
"202100018820";"15";"09";"2021";"11:10";"1";"93";"93010";"2";"1";"3";"6";"STAINS (RTE DE)";"48,9043400000";"2,4705900000"
"202100018821";"15";"09";"2021";"11:20";"1";"93";"93005";"2";"1";"2";"6";"Rue Paul CÃ©zanne";"48,9529820000";"2,4956140000"
"202100018822";"15";"09";"2021";"10:10";"1";"92";"92046";"2";"3";"2";"2";"rue de Scelle";"48,8237610931";"2,3002265766"
"202100018823";"15";"09";"2021";"08:40";"1";"92";"92064";"2";"1";"2";"6";"GOUNOD";"48,8424057740";"2,2077458756"
"202100018824";"15";"09";"2021";"22:10";"5";"92";"92062";"2";"2";"1";"3";"GENERAL DE GAULLE (AV) DU 44 AU 106";"48,8876700000";"2,2328000000"
"202100018825";"14";"09";"2021";"18:05";"1";"92";"92046";"2";"9";"1";"3";"BROSSOLETTE AVENUE PIERRE";"48,8128291924";"2,3015908005"
"202100018826";"15";"09";"2021";"17:35";"1";"92";"92040";"2";"6";"1";"3";"JEAN MONNET (AVENUE)";"48,8232162088";"2,2496545315"
"202100018827";"15";"09";"2021";"17:30";"1";"92";"92026";"2";"1";"8";"6";"VERDUN (DE 62 A FIN)";"48,9012040270";"2,2600132227"
"202100018828";"14";"09";"2021";"09:10";"1";"92";"92024";"2";"2";"1";"6";"GENERAL LECLERC (BD DU) (9 A 59)   (4 A";"48,9023976827";"2,3139425885"
"202100018829";"15";"09";"2021";"10:20";"1";"92";"92012";"2";"1";"2";"6";"REINE (ROUTE DE LA) 1/37- 6/80";"48,8395842338";"2,2413207911"
"202100018830";"14";"09";"2021";"14:15";"1";"92";"92071";"2";"1";"8";"2";"VICTOR HUGO (AVENUE)";"48,7767301156";"2,3135702312"
"202100018831";"15";"09";"2021";"09:50";"1";"35";"35289";"1";"1";"1";"1";"Frileux";"47,8598170000";" -1,8241500000"
"202100018832";"16";"09";"2021";"13:50";"1";"37";"37093";"1";"1";"1";"1";"1 Rue du Puits Livet";"47,1313509289";"0,4499320110"
"202100018833";"16";"09";"2021";"03:10";"3";"66";"66226";"1";"1";"1";"2";"Autoroute A9 pk 264+600 sens france espagne";"42,5804520000";"2,8451210000"
"202100018834";"16";"09";"2021";"07:30";"1";"35";"35343";"1";"3";"1";"6";"La Roche Verrion";"47,8509450000";" -1,5788070000"
"202100018835";"10";"09";"2021";"20:10";"5";"60";"60203";"2";"1";"1";"3";"22 Rue de Senlis";"49,2348172430";"2,8556446200"
"202100018836";"10";"09";"2021";"19:50";"2";"23";"23143";"1";"1";"1";"1";"D951 aigueperse";"46,2595110000";"1,5514860000"
"202100018837";"16";"09";"2021";"09:37";"1";"89";"89172";"2";"3";"1";"7";"Rue des Gombards";"48,2187130000";"3,3814590000"
"202100018838";"15";"09";"2021";"13:00";"1";"74";"74208";"2";"3";"3";"3";"Avenue de la Plaine";"45,9089630000";"6,7055410000"
"202100018839";"16";"09";"2021";"10:45";"1";"79";"79014";"1";"2";"1";"3";"N/A";"47,0501320000";" -0,2417530000"
"202100018840";"11";"09";"2021";"10:15";"1";"71";"71340";"1";"2";"1";"6";"D92";"46,5589780000";"4,1902920000"
"202100018841";"15";"09";"2021";"19:38";"2";"61";"61327";"1";"1";"1";"7";"D27";"48,4438920000";"0,4164510000"
"202100018842";"16";"09";"2021";"14:00";"1";"55";"55250";"1";"1";"1";"1";"Route DÃ©partementale 964";"49,5521560000";"5,1561020000"
"202100018843";"2";"08";"2021";"11:25";"1";"49";"49218";"2";"1";"1";"3";"Rue de la Mairie (le Fuilet)";"47,2810790000";" -1,1189520000"
"202100018844";"16";"09";"2021";"18:20";"1";"68";"68290";"2";"1";"1";"1";"Rue des PrimevÃ¨res";"47,9441010000";"7,4560960000"
"202100018845";"3";"09";"2021";"13:20";"1";"68";"68286";"2";"1";"1";"3";"3 Rue du Moulin";"47,6398280000";"7,5357650000"
"202100018846";"14";"09";"2021";"16:00";"1";"29";"29077";"1";"1";"1";"5";"Lieu Dit Kervezel";"48,6222580000";" -4,4203660000"
"202100018847";"15";"09";"2021";"17:55";"1";"29";"29072";"2";"3";"1";"1";"Rue de Kermeur";"47,8031210243";" -4,2831309229"
"202100018848";"16";"09";"2021";"09:30";"1";"02";"02379";"1";"1";"1";"1";"dÃ©partementale 946";"49,8108020000";"3,6606360000"
"202100018849";"12";"09";"2021";"17:55";"1";"70";"70477";"2";"1";"1";"7";"rue d'arcey";"47,5649300000";"6,6360000000"
"202100018850";"16";"09";"2021";"17:45";"1";"72";"72096";"1";"3";"1";"1";"RD 357, PR 54";"48,0216210000";"0,0192900000"
"202100018851";"15";"09";"2021";"07:25";"2";"14";"14520";"2";"1";"8";"6";"D151";"49,1483660000";"0,1302590000"
"202100018852";"15";"09";"2021";"12:30";"1";"14";"14578";"1";"1";"1";"6";"D579";"49,3552130000";"0,1959680000"
"202100018853";"16";"09";"2021";"06:00";"3";"14";"14011";"1";"1";"5";"7";"Les Buis (anctoville) (Anctoville)";"49,1041280000";" -0,6912160000"