"Num_Acc";"jour";"mois";"an";"hrmn";"lum";"dep";"com";"agg";"int";"atm";"col";"adr";"lat";"long"
"202100018854";"26";"08";"2021";"08:10";"1";"05";"05045";"1";"1";"1";"2";"route nationale 94";"44,5316820000";"6,4391930000"
"202100018855";"16";"09";"2021";"14:55";"1";"64";"64116";"1";"1";"2";"7";"D920";"43,1189271707";" -0,4399037361"
"202100018856";"29";"08";"2021";"15:40";"1";"07";"07230";"1";"1";"1";"6";"Col de l'Escrinet (Col de montagne)";"44,7178740000";"4,4927970000"
"202100018857";"15";"09";"2021";"18:20";"1";"85";"85220";"2";"1";"1";"7";"Les Roches Baritaud";"46,7311190000";" -1,0658750000"
"202100018858";"15";"09";"2021";"12:20";"1";"27";"27146";"1";"2";"8";"3";"INTERSECTION RD27/RD87";"49,2852090000";"0,4074470000"
"202100018859";"16";"09";"2021";"19:25";"1";"28";"28183";"1";"2";"1";"3";"D939";"48,3248990000";"1,9304820000"
"202100018860";"15";"09";"2021";"17:05";"1";"88";"88037";"1";"1";"8";"6";"D43";"47,9816740000";"6,7241000000"
"202100018861";"16";"09";"2021";"01:00";"3";"72";"72124";"1";"1";"1";"7";"A28 - PK 78";"47,8284819983";"0,3064477444"
"202100018862";"11";"09";"2021";"15:15";"1";"35";"35353";"2";"1";"1";"3";"32 Rue de Montfort";"48,1188222508";" -1,7597611848"
"202100018863";"8";"09";"2021";"18:00";"1";"33";"33284";"1";"1";"1";"2";"N/A";"44,6353090000";" -0,8444910000"
"202100018864";"15";"09";"2021";"16:15";"1";"66";"66228";"1";"3";"1";"3";"D1a";"42,6983850000";"2,7997970000"
"202100018865";"16";"09";"2021";"07:20";"2";"49";"49222";"1";"3";"1";"2";"D 123";"47,3693790000";" -0,5690900000"
"202100018866";"15";"09";"2021";"15:20";"1";"972";"97230";"1";"3";"1";"1";"N4";"14,7324380000";" -60,9814890000"
"202100018867";"15";"09";"2021";"21:15";"5";"77";"77222";"2";"1";"1";"2";"D619";"48,6357270000";"2,7992120000"
"202100018868";"16";"09";"2021";"16:50";"1";"2A";"2A247";"2";"1";"1";"2";"Rue General de Boissoudy";"41,6082870000";"9,2802820000"
"202100018869";"14";"09";"2021";"17:42";"1";"2A";"2A247";"1";"1";"1";"3";"T10";"41,6195170000";"9,2827980000"
"202100018870";"15";"09";"2021";"16:45";"1";"34";"34162";"1";"1";"1";"7";"Chemin de la Piboule";"43,4806550000";"3,4915820000"
"202100018871";"12";"09";"2021";"18:40";"1";"83";"83101";"1";"1";"1";"7";"D93";"43,2204310000";"6,6483910000"
"202100018872";"15";"09";"2021";"11:50";"1";"06";"06157";"2";"1";"2";"6";"Route de Cagnes";"43,7072330000";"7,1316340000"
"202100018873";"15";"09";"2021";"18:35";"1";"13";"13119";"2";"3";"1";"1";"Avenue de Cassis";"43,2521460000";"5,5571940000"
"202100018874";"15";"09";"2021";"16:20";"1";"13";"13027";"2";"9";"2";"1";"Chemin de l Arenier";"43,8743700000";"4,8644170000"
"202100018875";"15";"09";"2021";"08:30";"1";"88";"88167";"1";"1";"2";"6";"5 Route Verte";"48,1379130000";"6,6541260000"
"202100018876";"8";"09";"2021";"18:30";"2";"57";"57212";"2";"6";"1";"3";"FÃ©y";"49,0312840000";"6,1129050000"
"202100018877";"13";"09";"2021";"08:45";"1";"09";"09261";"2";"1";"1";"7";"Boulevard du Salat";"42,9766670000";"1,1531200000"
"202100018878";"16";"09";"2021";"19:35";"1";"85";"85218";"1";"1";"1";"3";"5 Rue de l OcÃ©an";"46,6457980000";" -1,6344850000"
"202100018879";"14";"09";"2021";"19:45";"2";"02";"02676";"1";"8";"1";"6";"Pont";"49,5150960000";"3,8692290000"
"202100018880";"12";"09";"2021";"10:45";"1";"59";"59558";"2";"3";"1";"1";"D955";"50,2407854627";"3,4422455431"
"202100018881";"15";"09";"2021";"14:40";"1";"13";"13005";"1";"1";"1";"3";"A50-Sens Aubagne vers Marseille";"43,2871150000";"5,5366160000"
"202100018882";"11";"09";"2021";"09:45";"1";"13";"13055";"1";"1";"1";"4";"A507 sens Aubagne- Marseille";"43,3301500000";"5,3996500000"
"202100018883";"12";"09";"2021";"17:35";"1";"13";"13071";"1";"1";"1";"2";"A51-Sens Aix en Provence vers Marseille";"43,4151200000";"5,3647100000"
"202100018884";"12";"09";"2021";"17:40";"1";"13";"13106";"1";"1";"1";"2";"A51-Sens Aix en Provence vers Marseille";"43,3999247206";"5,3541738381"
"202100018885";"15";"09";"2021";"18:00";"1";"33";"33192";"1";"1";"1";"3";"Rocade Sud Ouest A630";"44,7900008000";" -0,6109650000"
"202100018886";"15";"09";"2021";"09:20";"1";"33";"33075";"1";"1";"1";"3";"ROCADE A 630";"44,8895790000";" -0,6041660000"
"202100018887";"14";"09";"2021";"22:55";"3";"62";"62193";"1";"1";"1";"6";"AUTOROUTE A16";"50,9334690000";"1,8882600000"
"202100018888";"14";"09";"2021";"03:00";"3";"59";"59360";"1";"1";"1";"6";"AUTOROUTE A25";"50,6189207315";"3,0031718326"
"202100018889";"15";"09";"2021";"13:45";"1";"94";"94034";"1";"1";"1";"3";"AUTOROUTE A6B";"48,7595400000";"2,3383600000"
"202100018890";"15";"09";"2021";"14:15";"1";"92";"92036";"1";"1";"2";"4";"A86";"48,9352904563";"2,2839322475"
"202100018891";"15";"09";"2021";"10:10";"1";"92";"92025";"1";"1";"3";"2";"A86";"48,9190696484";"2,2238645791"
"202100018892";"15";"09";"2021";"09:45";"1";"92";"92026";"1";"1";"3";"7";"RN1014 W";"48,8892486093";"2,2466463337"
"202100018893";"15";"09";"2021";"09:50";"1";"93";"93027";"1";"1";"2";"4";"AUTOROUTE A86";"48,9235232200";"2,3832157851"
"202100018894";"15";"09";"2021";"08:00";"1";"93";"93078";"1";"1";"2";"2";"AUTOROUTE A104";"48,9584243006";"2,5335100435"
"202100018895";"15";"09";"2021";"08:30";"1";"95";"95582";"1";"1";"3";"4";"RD 170";"48,9640660000";"2,2681740000"
"202100018896";"15";"09";"2021";"09:30";"1";"77";"77169";"1";"1";"2";"6";"RN104";"48,8246280227";"2,6155684851"
"202100018897";"26";"05";"2021";"14:05";"1";"82";"82033";"1";"1";"1";"6";"MONTAUBAN D 958 (ROUTE DE)";"44,0341600000";"1,1784700000"
"202100018898";"14";"09";"2021";"09:00";"1";"88";"88413";"2";"1";"7";"6";"Leclerc ( Quai MarÃ©chal )";"48,2852520039";"6,9499804080"
"202100018899";"9";"09";"2021";"14:35";"1";"88";"88209";"2";"1";"1";"6";"LECLERC ( RUE GENERAL )";"48,1927080000";"6,4375050000"
"202100018900";"14";"09";"2021";"13:52";"1";"76";"76540";"2";"2";"2";"6";"TANGER. RUE DE";"49,4465600000";"1,0765100000"
"202100018901";"14";"09";"2021";"13:25";"1";"42";"42044";"2";"3";"1";"6";"Rue de la Malafolie";"45,3934500000";"4,2973100000"
"202100018902";"14";"09";"2021";"11:55";"1";"93";"93046";"2";"1";"2";"6";"Avenue Aristide Briand";"48,9119000000";"2,5200500000"
"202100018903";"2";"07";"2021";"10:32";"1";"75";"75120";"2";"7";"1";"3";"PLACE DE LA PORTE DE MONTREUIL";"48,8545860000";"2,4134380000"
"202100018904";"14";"09";"2021";"15:00";"1";"974";"97411";"2";"2";"1";"3";"DODU 1 (RUE JULIETTE)";" -20,8813300000";"55,4521400000"
"202100018905";"14";"09";"2021";"06:00";"2";"974";"97409";"2";"1";"1";"6";"DE LA REPUBLIQUE(AVENUE)";" -20,9617739917";"55,6528544426"
"202100018906";"14";"09";"2021";"16:50";"1";"69";"69388";"2";"2";"1";"6";"MARYSE BASTIE (R)";"45,7375400000";"4,8739700000"
"202100018907";"14";"09";"2021";"15:05";"1";"69";"69388";"2";"1";"1";"3";"THOMAS BLANCHET (R)";"45,7371818867";"4,8837195856"
"202100018908";"13";"09";"2021";"19:35";"3";"972";"97213";"1";"1";"1";"2";"BASSE GONDEAU (CHEMIN RURAL NÂ°3 DE)";"14,6274240000";" -61,0262510000"
"202100018909";"14";"09";"2021";"06:45";"1";"972";"97209";"1";"1";"1";"4";"PASTEUR (AVENUE)";"14,6146800000";" -61,0627600000"
"202100018910";"14";"09";"2021";"20:52";"5";"69";"69382";"2";"1";"2";"6";"PERRACHE (Q)";"45,7468700000";"4,8288300000"
"202100018911";"13";"09";"2021";"11:15";"1";"69";"69034";"2";"1";"1";"7";"PASTEUR (R)";"45,7909800000";"4,8426700000"
"202100018912";"13";"09";"2021";"16:30";"1";"95";"95268";"2";"1";"1";"6";"AV DU PLEIN MIDI";"48,9730400000";"2,3923900000"
"202100018913";"14";"09";"2021";"18:15";"1";"95";"95280";"2";"2";"1";"3";"Rue Armand Deleuze";"49,0342900000";"2,4593500000"
"202100018914";"14";"09";"2021";"19:40";"1";"91";"91514";"1";"1";"1";"2";"CD 33";"48,6652000000";"2,5263300000"
"202100018915";"3";"09";"2021";"16:20";"1";"91";"91691";"2";"6";"1";"3";"HENRI BARBUSSE(RUE)DU NÂ°1 AU NÂ°38";"48,7109500000";"2,4883000000"
"202100018916";"14";"09";"2021";"06:35";"5";"91";"91657";"2";"3";"2";"3";"AV DE LA TOURELLE";"48,6909080000";"2,4410580000"
"202100018917";"13";"09";"2021";"22:30";"3";"87";"87085";"2";"1";"2";"7";"MAS-GIGOU (RUE DU)";"45,8640700000";"1,2589900000"
"202100018918";"12";"09";"2021";"12:32";"1";"87";"87085";"1";"1";"1";"3";"NEXON (RUE DE)";"45,8028100000";"1,2533800000"
"202100018919";"11";"09";"2021";"06:37";"3";"87";"87038";"1";"1";"2";"2";"RN520 (COUZEIX)";"45,9016400000";"1,2323100000"
"202100018920";"14";"09";"2021";"07:25";"2";"83";"83062";"2";"3";"1";"3";"8 MAI 1945 (AVENUE DU)";"43,1208400000";"6,0051600000"
"202100018921";"13";"09";"2021";"09:30";"1";"83";"83061";"2";"1";"1";"3";"BOULEVARD DE LA LIBÃRATION";"43,4239100000";"6,7571300000"
"202100018922";"14";"09";"2021";"21:35";"5";"81";"81004";"2";"1";"8";"6";"GERONE (AV DE)";"43,9372025854";"2,1891341955"
"202100018923";"13";"09";"2021";"12:10";"1";"80";"80164";"2";"1";"1";"3";"RENE GAMBIER (RUE)";"49,8850800000";"2,3504600000"
"202100018924";"13";"09";"2021";"15:45";"1";"71";"71153";"2";"9";"1";"6";"19 Rue de Strasbourg";"46,8010779543";"4,4173843886"
"202100018925";"14";"09";"2021";"12:50";"1";"69";"69266";"2";"3";"1";"3";"ROGER SALENGRO (AV)";"45,7768600000";"4,8766800000"
"202100018926";"14";"09";"2021";"13:05";"1";"69";"69091";"2";"1";"1";"6";"GAGARINE (AV)";"45,6006900000";"4,7697800000"
"202100018927";"8";"09";"2021";"18:45";"1";"68";"68066";"2";"2";"1";"3";"BRUAT (RUE)";"48,0749400000";"7,3508400000"
"202100018928";"13";"09";"2021";"17:45";"1";"67";"67482";"2";"1";"1";"1";"WALLONIE (RUE DE)";"48,5825120389";"7,7744190395"
"202100018929";"13";"09";"2021";"17:40";"1";"67";"67482";"2";"1";"1";"3";"SOULTZ (RUE DE)";"48,5654100000";"7,7769600000"
"202100018930";"13";"09";"2021";"15:10";"1";"67";"67482";"2";"1";"1";"3";"MONTAGNE VERTE (RUE DE LA)";"48,5697040000";"7,7335400000"
"202100018931";"10";"09";"2021";"15:30";"1";"67";"67482";"2";"8";"1";"1";"PRESIDENT WILSON (BOULEVARD)";"48,5876900000";"7,7388300000"
"202100018932";"14";"09";"2021";"10:08";"1";"66";"66136";"2";"3";"1";"3";"WALDECK-ROUSSEAU (RENE)";"42,6942500000";"2,9019900000"
"202100018933";"12";"09";"2021";"18:45";"1";"64";"64122";"2";"1";"1";"3";"AllÃ©e Marie Politzer";"43,4695100000";" -1,5428800000"
"202100018934";"14";"09";"2021";"19:00";"1";"64";"64102";"2";"1";"1";"6";"GRENET (AVENUE HENRI)";"43,4992700000";" -1,4811800000"
"202100018935";"14";"09";"2021";"12:50";"1";"64";"64102";"2";"1";"1";"6";"HAMBOUM (CHEMIN DE)";"43,4993201272";" -1,4590259073"
"202100018936";"14";"09";"2021";"11:30";"1";"64";"64024";"2";"1";"1";"3";"BELIN (RUE DU BOIS)";"43,4923500000";" -1,5223100000"
"202100018937";"14";"09";"2021";"07:00";"5";"63";"63113";"2";"4";"1";"3";"MOINIER / St-HÃ©rem";"45,7803900000";"3,0836700000"
"202100018938";"9";"09";"2021";"08:23";"1";"63";"63113";"2";"2";"1";"3";"LIBERATION (AVENUE DE LA)";"45,7712400000";"3,0833900000"
"202100018939";"10";"09";"2021";"17:16";"1";"63";"63113";"2";"2";"1";"3";"DE GAULLE/ Mitterrand";"45,7716295903";"3,0832176589"
"202100018940";"13";"09";"2021";"15:16";"1";"63";"63075";"2";"3";"1";"6";"DESCARTES (RUE)";"45,7812630350";"3,0694450624"
"202100018941";"12";"09";"2021";"06:45";"5";"63";"63113";"2";"2";"1";"3";"DIDEROT/Clementel";"45,8050100000";"3,1094900000"
"202100018942";"11";"09";"2021";"11:34";"1";"63";"63113";"2";"2";"1";"3";"PREVOST/ dr Hospital";"45,7932000000";"3,0867400000"
"202100018943";"19";"06";"2021";"20:00";"1";"62";"62498";"2";"1";"2";"6";"LETIENNE (R JEAN)";"50,4298690000";"2,8228530000"
"202100018944";"13";"09";"2021";"07:40";"2";"59";"59410";"2";"2";"1";"3";"MENDES FRANCE ECOLE";"50,6460274676";"3,1136342657"
"202100018945";"13";"09";"2021";"09:00";"1";"59";"59350";"2";"3";"1";"3";"ISLY RUE";"50,6223455786";"3,0362629521"
"202100018946";"13";"09";"2021";"23:21";"5";"56";"56098";"2";"1";"1";"6";"JAURES (RUE  JEAN )";"47,7668200000";" -3,3560600000"
"202100018947";"14";"09";"2021";"19:50";"5";"54";"54526";"2";"2";"1";"3";"JAURES (BOULEVARD JEAN)";"48,6883000000";"6,2097700000"
"202100018948";"12";"09";"2021";"06:55";"2";"54";"54395";"2";"1";"1";"6";"PATTON (RUE DE L'ARMEE)";"48,6919500000";"6,1697900000"
"202100018949";"14";"09";"2021";"18:12";"1";"51";"51454";"2";"2";"2";"7";"Boulevard Pommery";"49,2560562200";"4,0554148975"
"202100018950";"14";"09";"2021";"15:35";"1";"49";"49007";"2";"1";"1";"7";"VISITATION PLACE";"47,4664400000";" -0,5571800000"
"202100018951";"13";"09";"2021";"11:55";"1";"44";"44184";"2";"3";"1";"1";"FORT DE L'EVE (ROUTE DU)";"47,2414200000";" -2,2768700000"
"202100018952";"14";"09";"2021";"06:50";"2";"37";"37261";"2";"2";"8";"6";"MIRABEAU (PONT)";"47,3975500000";"0,6994600000"
"202100018953";"13";"09";"2021";"09:50";"1";"37";"37261";"2";"1";"1";"6";"ALOUETTE (AVENUE)";"47,3626400000";"0,6961000000"
"202100018954";"13";"09";"2021";"15:45";"1";"37";"37208";"2";"2";"1";"6";"CORMERY (RUE DE)";"47,3575600000";"0,7315100000"
"202100018955";"14";"09";"2021";"18:50";"1";"35";"35238";"2";"2";"1";"3";"METZ (BD DE)";"48,1147500000";" -1,6572300000"
"202100018956";"14";"09";"2021";"16:35";"1";"35";"35238";"2";"2";"1";"4";"FOUGERES (RUE DE)";"48,1218300000";" -1,6627300000"
"202100018957";"14";"09";"2021";"16:02";"1";"35";"35278";"1";"1";"1";"3";"RD 137";"48,1759980000";" -1,7178520000"
"202100018958";"14";"09";"2021";"11:10";"1";"35";"35281";"2";"1";"1";"3";"HAUT-BOIS (RUE DU)";"48,0779900000";" -1,7141000000"
"202100018959";"13";"09";"2021";"15:30";"1";"35";"35115";"1";"1";"1";"3";"MONET (BD JEAN DE LA)";"48,3685600000";" -1,1953040000"
"202100018960";"14";"09";"2021";"15:50";"1";"33";"33063";"2";"1";"1";"3";"Rue de la Faiencerie";"44,8603900000";" -0,5556800000"
"202100018961";"14";"09";"2021";"09:10";"1";"33";"33281";"2";"6";"1";"4";"Avenue de Kaolack";"44,8179500000";" -0,6657900000"
"202100018962";"14";"09";"2021";"16:50";"1";"33";"33529";"2";"3";"1";"3";"Rue Lagrua";"44,6389110000";" -1,1541790000"
"202100018963";"13";"09";"2021";"12:10";"1";"31";"31555";"2";"9";"1";"3";"RTE DE LAUNAGUET";"43,6534100000";"1,4376800000"
"202100018964";"12";"09";"2021";"16:55";"1";"29";"29019";"2";"1";"1";"1";"Rue de Menguen";"48,3897060000";" -4,5406400000"
"202100018965";"13";"09";"2021";"18:40";"1";"28";"28218";"2";"1";"1";"2";"REPUBLIQUE (AVENUE DE LA)";"48,4405300000";"1,4703300000"
"202100018966";"14";"09";"2021";"14:20";"1";"27";"27681";"2";"1";"1";"2";"DEVOS (BOULEVARD JULIEN)";"49,0840400000";"1,4780700000"
"202100018967";"14";"09";"2021";"08:15";"2";"27";"27681";"2";"4";"2";"2";"BIZY ( RUE DE)";"49,0768269000";"1,4639807000"
"202100018968";"14";"09";"2021";"08:10";"1";"27";"27684";"2";"6";"2";"6";"NATIONALE 13 (ROUTE)";"49,0140000000";"1,1870500000"
"202100018969";"14";"09";"2021";"10:42";"1";"26";"26198";"2";"3";"1";"3";"Rue Paul Loubet";"44,5658950000";"4,7490430000"
"202100018970";"14";"09";"2021";"08:55";"1";"26";"26198";"2";"2";"1";"3";"91 Chemin de Ravaly";"44,5347530000";"4,7588560000"
"202100018971";"13";"09";"2021";"18:20";"1";"13";"13043";"2";"1";"1";"2";"FERNANDEL (AV )";"43,3945900000";"5,2282600000"
"202100018972";"14";"09";"2021";"05:25";"5";"13";"13039";"2";"1";"1";"3";"POMPIDOU GEORGES (avenue)";"43,4607848928";"4,9413054855"
"202100018973";"13";"09";"2021";"16:50";"1";"13";"13056";"2";"1";"1";"3";"ELUARD BOULEVARD PAUL";"43,4221900000";"5,0542200000"
"202100018974";"14";"09";"2021";"23:30";"5";"13";"13208";"2";"1";"1";"2";"RABATAU (BOULEVARD)";"43,2787000000";"5,3993000000"
"202100018975";"14";"09";"2021";"21:30";"4";"13";"13213";"2";"1";"1";"2";"JEAN PAUL SARTRE (AVENUE)";"43,3197000000";"5,4153000000"
"202100018976";"14";"09";"2021";"05:03";"5";"13";"13202";"2";"2";"1";"3";"ROBERT SCHUMANN (AVENUE)";"43,3030872961";"5,3665845769"
"202100018977";"13";"09";"2021";"17:45";"1";"13";"13004";"1";"1";"1";"1";"RTE N570 AVIGNON STES MARIES";"43,6708270000";"4,6045640000"
"202100018978";"14";"09";"2021";"00:23";"5";"10";"10081";"2";"6";"1";"7";"GENERAL SARRAIL (AVE)";"48,3027700000";"4,0273400000"
"202100018979";"14";"09";"2021";"17:20";"1";"09";"09122";"2";"9";"1";"3";"RD 117";"42,9600510000";"1,6158540000"
"202100018980";"13";"09";"2021";"19:54";"1";"05";"05061";"2";"2";"1";"3";"LIBERATION ( BD DE LA )";"44,5598700000";"6,0759600000"
"202100018981";"13";"09";"2021";"23:25";"5";"75";"75117";"2";"4";"1";"4";"BD PERIPHERIQUE INTERIEUR";"48,8884000008";"2,2930258512"
"202100018982";"13";"09";"2021";"00:15";"5";"75";"75112";"2";"1";"1";"4";"BOULEVARD PONIATOWSKI";"48,8307120000";"2,3952760000"
"202100018983";"14";"09";"2021";"14:20";"1";"75";"75106";"2";"3";"1";"6";"BOULEVARD DU MONTPARNASSE";"48,8441340000";"2,3230370000"
"202100018984";"14";"09";"2021";"09:20";"1";"75";"75120";"2";"2";"2";"1";"RUE D AVRON";"48,8527900000";"2,4066360000"
"202100018985";"14";"09";"2021";"07:05";"2";"75";"75118";"2";"3";"2";"3";"AVENUE DE LA PORTE D AUBERVILLIERS";"48,8998470000";"2,3702500000"
"202100018986";"14";"09";"2021";"05:55";"5";"75";"75118";"2";"2";"3";"3";"AVENUE DE LA PORTE DE CLIGNANCOURT";"48,9007309355";"2,3440280557"
"202100018987";"14";"09";"2021";"15:00";"1";"75";"75117";"2";"2";"1";"6";"BOULEVARD MALESHERBES";"48,8899492903";"2,3039665358"
"202100018988";"14";"09";"2021";"09:40";"1";"75";"75117";"2";"1";"2";"2";"RUE JOUFFROY D ABBANS";"48,8823000000";"2,3020260000"
"202100018989";"14";"09";"2021";"20:50";"5";"75";"75116";"2";"7";"2";"6";"PLACE DE LA PORTE DE SAINT CLOUD";"48,8377982246";"2,2564336934"
"202100018990";"14";"09";"2021";"08:09";"1";"75";"75116";"2";"1";"3";"3";"AVENUE VICTOR HUGO";"48,8701390000";"2,2864860000"
"202100018991";"14";"09";"2021";"00:10";"5";"75";"75116";"2";"7";"1";"3";"AVENUE FOCH";"48,8735880000";"2,2928070000"
"202100018992";"13";"09";"2021";"14:05";"1";"75";"75116";"2";"7";"1";"3";"AVENUE HENRI MARTIN";"48,8631330000";"2,2685810000"
"202100018993";"13";"09";"2021";"07:40";"1";"75";"75116";"2";"1";"1";"2";"AVENUE DE L HIPPODROME";"48,8578340000";"2,2498290000"
"202100018994";"14";"09";"2021";"18:20";"1";"75";"75115";"2";"3";"2";"6";"RUE DE LA CONVENTION";"48,8406723062";"2,2888386647"
"202100018995";"14";"09";"2021";"09:10";"1";"75";"75115";"2";"3";"3";"6";"BOULEVARD GARIBALDI";"48,8478000000";"2,3025000000"
"202100018996";"14";"09";"2021";"12:10";"1";"75";"75114";"2";"1";"1";"3";"BOULEVARD JOURDAN";"48,8196530000";"2,3419250000"
"202100018997";"14";"09";"2021";"11:40";"1";"75";"75114";"2";"4";"8";"6";"AVENUE DU GENERAL LECLERC";"48,8248119484";"2,3259330537"
"202100018998";"14";"09";"2021";"17:20";"1";"75";"75113";"2";"1";"1";"3";"QUAI D AUSTERLITZ";"48,8430738815";"2,3663305414"
"202100018999";"14";"09";"2021";"16:00";"1";"75";"75113";"2";"2";"8";"3";"RUE CORVISART";"48,8327292764";"2,3469488096"
"202100019000";"14";"09";"2021";"11:15";"1";"75";"75113";"2";"2";"1";"6";"RUE OLIVIER MESSIAEN";"48,8301120000";"2,3787400000"
"202100019001";"14";"09";"2021";"09:25";"1";"75";"75112";"2";"3";"1";"6";"BOULEVARD DIDEROT";"48,8471470000";"2,3850290000"
"202100019002";"14";"09";"2021";"14:40";"1";"75";"75111";"2";"2";"8";"6";"BOULEVARD VOLTAIRE";"48,8637880000";"2,3701690000"
"202100019003";"14";"09";"2021";"19:10";"2";"75";"75110";"2";"4";"2";"3";"RUE DU FAUBOURG POISSONNIERE";"48,8831830000";"2,3498370000"
"202100019004";"13";"09";"2021";"23:35";"5";"75";"75110";"2";"2";"1";"3";"RUE DES PETITS HOTELS";"48,8773110000";"2,3552090000"
"202100019005";"14";"09";"2021";"08:55";"1";"75";"75109";"2";"1";"3";"3";"RUE LA FAYETTE";"48,8769580000";"2,3481130000"
"202100019006";"14";"09";"2021";"06:00";"5";"75";"75109";"2";"2";"2";"7";"RUE DU HAVRE";"48,8737828854";"2,3270116497"
"202100019007";"14";"09";"2021";"18:04";"1";"75";"75108";"2";"2";"2";"3";"AVENUE GEORGE V";"48,8684210000";"2,3011640000"
"202100019008";"13";"09";"2021";"11:54";"1";"75";"75107";"2";"3";"1";"3";"AVENUE DE TOURVILLE";"48,8540780000";"2,3072360000"
"202100019009";"14";"09";"2021";"17:50";"1";"75";"75104";"2";"2";"1";"6";"RUE DE RIVOLI";"48,8585100000";"2,3482180000"
"202100019010";"14";"09";"2021";"13:15";"1";"75";"75101";"2";"2";"1";"6";"RUE SAINT HONORE";"48,8611820000";"2,3440100000"
"202100019011";"14";"09";"2021";"12:30";"1";"75";"75104";"2";"3";"8";"6";"RUE SAINT ANTOINE";"48,8550626965";"2,3616790376"
"202100019012";"14";"09";"2021";"12:20";"1";"75";"75103";"2";"3";"1";"3";"RUE DE TURBIGO";"48,8668750000";"2,3620030000"
"202100019013";"14";"09";"2021";"20:10";"5";"94";"94081";"2";"1";"1";"1";"Rue des Noriets";"48,7940900000";"2,3817200000"
"202100019014";"14";"09";"2021";"13:00";"1";"94";"94074";"2";"2";"2";"2";"Avenue du RÃ» de Gironde";"48,7472700000";"2,4620500000"
"202100019015";"14";"09";"2021";"13:00";"1";"94";"94068";"2";"2";"1";"3";"BOURDIGNON (R)";"48,8038300000";"2,4770800000"
"202100019016";"12";"09";"2021";"20:06";"2";"94";"94068";"2";"1";"1";"6";"Avenue Thiers";"48,8044080000";"2,5163370000"
"202100019017";"14";"09";"2021";"08:00";"2";"94";"94058";"1";"1";"2";"6";"FONTENAY (BD DE)";"48,8487600000";"2,4936600000"
"202100019018";"14";"09";"2021";"06:55";"5";"94";"94058";"2";"1";"2";"6";"Avenue du GÃ©nÃ©ral de Gaulle";"48,8406000000";"2,5066300000"
"202100019019";"14";"09";"2021";"09:00";"1";"94";"94016";"2";"1";"2";"6";"Av du Mal de Lattre de Tassigny";"48,7897160000";"2,3322200000"
"202100019020";"13";"09";"2021";"14:00";"1";"94";"94016";"2";"1";"1";"6";"Avenue Cousin de MÃ©ricourt";"48,7986500000";"2,3327900000"
"202100019021";"14";"09";"2021";"12:00";"1";"94";"94011";"2";"9";"1";"3";"GRANDE ALLEE";"48,7685280000";"2,4942050000"
"202100019022";"11";"09";"2021";"08:40";"1";"94";"94011";"2";"9";"1";"3";"Rue Pierre SÃ©mard";"48,7633200000";"2,4798600000"
"202100019023";"14";"09";"2021";"13:10";"1";"94";"94022";"2";"1";"1";"3";"Rue Henri Corvol";"48,7618800000";"2,4222700000"
"202100019024";"14";"09";"2021";"08:25";"1";"94";"94054";"2";"3";"2";"3";"SAULES (VOI DES)";"48,7475600000";"2,4178000000"
"202100019025";"14";"09";"2021";"10:11";"1";"94";"94002";"2";"3";"2";"7";"Quai Jean-Baptiste ClÃ©ment";"48,7951600000";"2,4224700000"
"202100019026";"14";"09";"2021";"07:45";"1";"93";"93048";"2";"2";"2";"3";"Boulevard Aristide Briand / Rue des Epernons";"48,8681400000";"2,4467300000"
"202100019027";"14";"09";"2021";"17:45";"1";"93";"93007";"2";"2";"1";"3";"EDOUARD LUCY (AVENUE)";"48,9280500000";"2,4796500000"
"202100019028";"14";"09";"2021";"18:20";"1";"92";"92078";"2";"2";"2";"3";"RENIERS (AVENUE CHEMIN)";"48,9317381370";"2,3218864202"
"202100019029";"14";"09";"2021";"15:45";"1";"92";"92022";"2";"3";"1";"3";"SALENGRO (AVENUE ROGER)";"48,8055700000";"2,1841900000"
"202100019030";"14";"09";"2021";"20:00";"4";"92";"92064";"2";"1";"2";"2";"REPUBLIQUE";"48,8527002435";"2,2126239538"
"202100019031";"14";"09";"2021";"10:20";"1";"92";"92020";"2";"1";"2";"6";"VERDUN AVENUE DE NÂ°1 A 45";"48,7992154459";"2,2809866062"
"202100019032";"13";"09";"2021";"07:15";"1";"92";"92040";"2";"1";"1";"3";"GALLIENI (BOULEVARD)";"48,8229495535";"2,2679632902"
"202100019033";"14";"09";"2021";"08:40";"1";"92";"92026";"2";"1";"2";"6";"MARECHAL JOFFRE (QUAI DU)";"48,9018865575";"2,2801110236"
"202100019034";"14";"09";"2021";"09:05";"1";"92";"92026";"2";"9";"3";"3";"HÃTEL DE VILLE (RUE)";"48,8948438490";"2,2567409277"
"202100019035";"14";"09";"2021";"12:15";"1";"92";"92012";"2";"3";"1";"3";"JEAN BAPTISTE CLEMENT (AVENUE) 49/FIN -";"48,8424970000";"2,2307910000"
"202100019036";"14";"09";"2021";"13:10";"1";"92";"92002";"2";"2";"1";"3";"HORTENSIAS (RUE DES)";"48,7513022436";"2,3106270301"
"202100019037";"14";"09";"2021";"14:30";"1";"86";"86190";"1";"1";"1";"6";"N147";"46,3622770000";"0,7737050000"
"202100019038";"13";"08";"2021";"14:25";"1";"84";"84088";"2";"3";"1";"7";"Cours de la RÃ©publique";"43,9998800000";"5,0618380000"
"202100019039";"15";"09";"2021";"05:12";"3";"22";"22105";"1";"1";"1";"7";"D26";"48,4935730000";" -2,1100620000"
"202100019040";"14";"09";"2021";"15:45";"1";"42";"42213";"1";"1";"1";"6";"Route de Valorges";"45,9001780000";"4,3137110000"