"Num_Acc";"jour";"mois";"an";"hrmn";"lum";"dep";"com";"agg";"int";"atm";"col";"adr";"lat";"long"
"202100019041";"15";"09";"2021";"16:15";"1";"2B";"2B009";"1";"1";"1";"1";"RD43";"42,1045588607";"9,5090532305"
"202100019042";"15";"09";"2021";"17:15";"1";"83";"83031";"1";"1";"3";"1";"D558";"43,3584773469";"6,4021646976"
"202100019043";"25";"08";"2021";"13:50";"1";"56";"56193";"1";"3";"1";"3";"Lieu-Dit Villemarion";"47,7226700000";" -3,3209800000"
"202100019044";"13";"09";"2021";"15:35";"1";"81";"81220";"2";"1";"1";"6";"22 Promenade des Lices";"43,8218350000";"1,7243490000"
"202100019045";"14";"09";"2021";"18:15";"1";"32";"32426";"1";"1";"1";"7";"Route d Artiguedieu";"43,4975930000";"0,5839490000"
"202100019046";"14";"09";"2021";"17:15";"1";"61";"61214";"2";"1";"1";"6";"20 Rue Charles MÃ©rouvel";"48,7650980000";"0,6138160000"
"202100019047";"15";"09";"2021";"00:00";"4";"55";"55360";"1";"1";"1";"7";"D113";"49,0462910000";"5,5485030000"
"202100019048";"12";"09";"2021";"14:10";"1";"47";"47100";"2";"9";"1";"3";"CÃ´te de Gaillard";"44,2299540000";"0,6374320000"
"202100019049";"14";"09";"2021";"13:45";"1";"34";"34016";"1";"1";"2";"7";"D114";"43,5950630000";"3,6351010000"
"202100019050";"13";"09";"2021";"06:45";"2";"68";"68135";"1";"3";"1";"1";"D105";"47,5887850000";"7,5468510000"
"202100019051";"15";"09";"2021";"02:00";"3";"68";"68288";"1";"1";"2";"7";"D432 - PK28+500";"47,5433090000";"7,2566410000"
"202100019052";"15";"09";"2021";"17:00";"1";"29";"29216";"1";"1";"1";"6";"D785 - Ti Lipig";"47,9561460000";" -4,1714200000"
"202100019053";"14";"09";"2021";"17:45";"1";"38";"38458";"1";"9";"1";"1";"route du village";"45,6342960000";"5,4784660000"
"202100019054";"15";"09";"2021";"00:15";"3";"02";"02360";"2";"1";"2";"6";"10 Rue de Proviseux (Guignicourt)";"49,4370760000";"3,9694610000"
"202100019055";"22";"08";"2021";"13:00";"1";"72";"72031";"1";"1";"1";"6";"Route de Tuffe";"48,0881890000";"0,5128170000"
"202100019056";"14";"09";"2021";"18:10";"1";"06";"06151";"1";"1";"1";"6";"M2565";"43,9415790000";"7,2834690000"
"202100019057";"12";"09";"2021";"18:15";"1";"06";"06113";"1";"1";"1";"1";"D22a";"43,7896760000";"7,4729460000"
"202100019058";"7";"09";"2021";"16:05";"1";"14";"14068";"2";"3";"1";"2";"Rue d Outreval";"49,2301824936";" -0,3309750693"
"202100019059";"15";"09";"2021";"16:15";"1";"50";"50236";"1";"2";"1";"3";"Hameau au Quenault Montgar (Montgardon)";"49,2650670000";" -1,5684380000"
"202100019060";"14";"09";"2021";"18:00";"1";"53";"53113";"1";"1";"1";"7";"Chemin de Montpion";"48,2769740000";" -0,4182370000"
"202100019061";"15";"09";"2021";"07:50";"1";"40";"40271";"1";"9";"1";"1";"RD 817";"43,5665320000";" -1,2031850000"
"202100019062";"14";"09";"2021";"08:35";"1";"85";"85034";"1";"1";"1";"6";"Le Bois Bonneau";"46,6496350000";" -1,1543530000"
"202100019063";"15";"09";"2021";"18:30";"1";"85";"85081";"1";"3";"1";"3";"D37";"46,7716730000";" -1,3501600000"
"202100019064";"14";"09";"2021";"09:06";"1";"85";"85282";"2";"1";"1";"6";"Rue de Chavagnes";"46,7037370000";" -0,9789880000"
"202100019065";"9";"09";"2021";"12:15";"1";"85";"85246";"2";"1";"1";"6";"Rue Sainte-Agathe";"46,7210900000";" -1,1810520000"
"202100019066";"10";"09";"2021";"16:20";"1";"17";"17253";"1";"2";"7";"2";"D911";"46,0206430000";" -0,8457760000"
"202100019067";"11";"09";"2021";"22:30";"3";"08";"08391";"1";"1";"1";"7";"D6";"49,7766080000";"4,9428180000"
"202100019068";"12";"09";"2021";"20:00";"2";"72";"72308";"1";"1";"1";"6";"Autoroute A.28 - sens ALENCON-LE MANS";"48,3966560000";"0,1113440000"
"202100019069";"15";"09";"2021";"06:50";"1";"973";"97307";"2";"1";"1";"1";"RN2 PK2.8";"4,8662960000";" -52,3345430000"
"202100019070";"14";"09";"2021";"07:55";"1";"66";"66213";"1";"1";"1";"3";"D612a";"42,6625671490";"2,8382335604"
"202100019071";"14";"09";"2021";"11:25";"1";"38";"38486";"2";"1";"1";"2";"10 Rue du Docteur Schweitzer";"45,1588650000";"5,6963290000"
"202100019072";"14";"09";"2021";"23:45";"5";"64";"64496";"1";"1";"1";"7";"autoroute A64-PK 00+900";"43,4747840000";" -1,4378170000"
"202100019073";"13";"09";"2021";"15:00";"1";"45";"45067";"1";"9";"1";"6";"A10";"47,8949280000";"1,7742920000"
"202100019074";"15";"09";"2021";"12:25";"1";"38";"38449";"1";"3";"8";"3";"D75";"45,6497560000";"5,1143880000"
"202100019075";"14";"09";"2021";"05:20";"1";"988";"98817";"1";"1";"1";"7";"Route du Sud";" -22,2902760000";"166,6537540000"
"202100019076";"14";"09";"2021";"19:00";"3";"973";"97305";"1";"1";"1";"3";"pk 12 - route nationale 1";"4,9194460000";" -52,3824910000"
"202100019077";"13";"09";"2021";"16:05";"1";"971";"97134";"1";"1";"1";"1";"route de grande riviÃ¨re";"16,0573720000";" -61,7435500000"
"202100019078";"14";"09";"2021";"09:15";"1";"11";"11410";"2";"9";"1";"7";"D620";"43,2608310000";"2,4196420000"
"202100019079";"13";"09";"2021";"18:00";"1";"34";"34327";"2";"6";"1";"3";"Rue de la Monnaie";"43,6600600000";"3,9701040000"
"202100019080";"31";"08";"2021";"11:00";"1";"84";"84003";"2";"3";"1";"3";"D900";"43,8782990000";"5,4201010000"
"202100019081";"15";"09";"2021";"13:20";"1";"83";"83035";"1";"1";"1";"5";"Route des MourvÃ¨dres";"43,1928420000";"5,7665400000"
"202100019082";"10";"09";"2021";"06:50";"2";"71";"71024";"1";"3";"2";"3";"le Martray";"46,2956100000";"4,0402760000"
"202100019083";"14";"09";"2021";"11:00";"1";"68";"68102";"2";"3";"1";"6";"5 Rue de la Grotte";"47,8826290000";"7,0565750000"
"202100019084";"14";"09";"2021";"12:20";"1";"67";"67045";"2";"2";"1";"3";"25 Rue des Vergers";"48,4904200000";"7,4896450000"
"202100019085";"15";"09";"2021";"16:30";"1";"67";"67023";"1";"1";"1";"1";"D519";"48,7705880000";"7,6912450000"
"202100019086";"12";"09";"2021";"08:25";"1";"67";"67023";"1";"1";"1";"6";"D660";"48,7874800000";"7,7108650000"
"202100019087";"14";"09";"2021";"18:15";"2";"67";"67031";"2";"1";"1";"3";"Rue Principale";"48,4534140000";"7,4671200000"
"202100019088";"13";"09";"2021";"18:30";"1";"74";"74124";"1";"3";"1";"2";"D18";"46,1016630000";"6,0788670000"
"202100019089";"15";"09";"2021";"15:30";"1";"38";"38548";"1";"1";"1";"6";"435 Route des Geymonds";"45,0833280000";"5,5536960000"
"202100019090";"15";"09";"2021";"10:05";"1";"01";"01249";"2";"2";"1";"3";"Rue Joseph Carre";"45,8268440000";"4,9529510000"
"202100019091";"11";"06";"2021";"13:50";"1";"65";"65072";"2";"2";"1";"3";"Rue du 11 Novembre";"43,2908300000";"0,0729720000"
"202100019092";"13";"09";"2021";"19:45";"2";"14";"14344";"2";"2";"1";"3";"D231";"49,1588640000";" -0,1622630000"
"202100019093";"15";"09";"2021";"10:55";"1";"29";"29295";"1";"1";"1";"5";"D74 - Lieu-Dit Menhir";"48,5150390000";" -4,2426320000"
"202100019094";"15";"09";"2021";"09:00";"1";"60";"60338";"1";"1";"2";"5";"D200";"49,3739210000";"2,7804420000"
"202100019095";"10";"09";"2021";"16:00";"1";"59";"59184";"1";"1";"1";"5";"270 Route Nationale";"50,7302770000";"2,3995670000"
"202100019096";"9";"09";"2021";"23:00";"3";"13";"13001";"1";"1";"1";"3";"A51-Sens Aix en Provence vers Marseille";"43,5226740000";"5,4268580000"
"202100019097";"14";"09";"2021";"18:20";"1";"13";"13055";"1";"1";"1";"2";"A507 sens Marseille - Aubagne";"43,3300000000";"5,3900000000"
"202100019098";"14";"09";"2021";"17:00";"1";"13";"13055";"1";"1";"1";"4";"A507 sens Marseille - Aubagne";"43,2910445519";"5,4244986303"
"202100019099";"14";"09";"2021";"15:25";"1";"13";"13215";"1";"1";"1";"2";"A7-Sens Marseille vers Lyon";"43,3753752257";"5,3600387523"
"202100019100";"13";"09";"2021";"17:30";"1";"13";"13071";"1";"1";"1";"2";"A55 - Sens Marseille vers Martigues";"43,3867948631";"5,3074479103"
"202100019101";"13";"09";"2021";"16:30";"1";"13";"13071";"1";"1";"1";"2";"A7-Sens Marseille vers Lyon";"43,4137770542";"5,2802740607"
"202100019102";"14";"09";"2021";"08:00";"1";"13";"13055";"1";"1";"1";"4";"A507 sens Marseille - Aubagne";"43,3300940000";"5,4093580000"
"202100019103";"14";"09";"2021";"07:15";"1";"13";"13215";"1";"1";"1";"3";"A7-Sens Marseille vers Lyon";"43,3435320000";"5,3759120000"
"202100019104";"13";"09";"2021";"06:50";"2";"83";"83137";"1";"1";"1";"4";"A57";"43,1272753780";"5,9747629768"
"202100019105";"1";"08";"2021";"02:45";"3";"69";"69142";"1";"1";"1";"2";"M7";"45,7238600000";"4,8174600000"
"202100019106";"9";"09";"2021";"18:03";"1";"42";"42207";"1";"1";"1";"3";"A47";"45,4846700000";"4,5020600000"
"202100019107";"12";"09";"2021";"03:00";"3";"57";"57433";"1";"1";"1";"2";"Autoroute A31";"49,1973300000";"6,1752800000"
"202100019108";"10";"09";"2021";"16:13";"1";"57";"57303";"1";"1";"1";"7";"Autoroute A31";"49,2200000000";"6,1700000000"
"202100019109";"14";"09";"2021";"08:55";"1";"33";"33366";"1";"1";"1";"6";"N/A";"44,9871640000";" -0,4274970000"
"202100019110";"14";"09";"2021";"08:05";"1";"33";"33122";"1";"1";"1";"2";"N/A";"44,7435660000";" -0,7058440000"
"202100019111";"9";"09";"2021";"17:10";"1";"59";"59123";"1";"1";"1";"5";"AUTOROUTE A1";"50,5006360000";"3,0080940000"
"202100019112";"14";"09";"2021";"20:00";"2";"94";"94034";"1";"1";"2";"7";"AUTOROUTE A86";"48,7581400000";"2,3352900000"
"202100019113";"14";"09";"2021";"13:10";"1";"91";"91521";"1";"1";"1";"2";"RN 104";"48,6256540000";"2,3968680000"
"202100019114";"14";"09";"2021";"08:40";"1";"91";"91573";"1";"1";"2";"3";"RN 104";"48,6311200000";"2,5064700000"
"202100019115";"13";"09";"2021";"11:50";"1";"92";"92072";"1";"1";"1";"7";"N118";"48,8174026347";"2,2162951801"
"202100019116";"14";"09";"2021";"22:00";"3";"93";"93027";"1";"1";"2";"3";"AUTOROUTE A86";"48,9284800000";"2,4142000000"
"202100019117";"13";"09";"2021";"15:45";"1";"93";"93066";"1";"1";"1";"3";"AUTOROUTE A1";"48,9079130000";"2,3583140000"
"202100019118";"13";"09";"2021";"19:15";"1";"92";"92036";"1";"1";"1";"5";"AUTOROUTE A86";"48,9379543048";"2,2980868606"
"202100019119";"14";"09";"2021";"08:28";"2";"95";"95572";"1";"1";"2";"3";"RN 184";"49,0405600000";"2,1277000000"
"202100019120";"14";"09";"2021";"10:00";"1";"93";"93027";"1";"1";"2";"7";"AUTOROUTE A86";"48,9278600000";"2,4095600000"
"202100019121";"14";"09";"2021";"06:20";"3";"95";"95580";"1";"1";"1";"5";" A1";"49,0912800000";"2,5504500000"
"202100019122";"14";"09";"2021";"05:45";"5";"95";"95572";"1";"1";"2";"6";"RN 184";"49,0402500000";"2,1272800000"
"202100019123";"13";"09";"2021";"10:05";"1";"93";"93053";"1";"1";"1";"2";"AUTOROUTE A3";"48,8814100000";"2,4540500000"
"202100019124";"14";"09";"2021";"19:00";"2";"77";"77122";"1";"1";"8";"7";"RN104";"48,6465343397";"2,5868202682"
"202100019125";"13";"09";"2021";"09:00";"1";"94";"94017";"1";"1";"1";"2";"A4";"48,8284416936";"2,5027316394"
"202100019126";"13";"09";"2021";"08:30";"1";"77";"77083";"1";"1";"1";"6";"A4.W";"48,8306668858";"2,6087313197"
"202100019127";"23";"06";"2021";"19:34";"1";"12";"12266";"1";"1";"2";"6";"D29";"44,3045870000";"2,8190450000"
"202100019128";"13";"09";"2021";"10:00";"1";"74";"74218";"1";"1";"1";"6";"PAYS DE GAVOT (ROUTE DU)  RD11";"46,3867900000";"6,5463700000"
"202100019129";"13";"09";"2021";"07:30";"1";"69";"69266";"2";"2";"1";"6";"PAUL VERLAINE (R)";"45,7647700000";"4,8804500000"
"202100019130";"13";"09";"2021";"00:05";"5";"33";"33063";"2";"1";"1";"6";"Rue Arago";"44,8747500000";" -0,5503300000"
"202100019131";"11";"09";"2021";"10:01";"1";"05";"05061";"2";"1";"1";"6";"ALPES (AVENUE  DES )";"44,5631400000";"6,0848200000"
"202100019132";"13";"09";"2021";"07:20";"1";"976";"97611";"2";"2";"1";"6";"passamanty-VahibÃ© ( route )";" -12,8009400000";"45,2055300000"
"202100019133";"13";"09";"2021";"08:15";"1";"974";"97416";"1";"3";"1";"3";"BENOITE BOULARD (RUE)";" -21,3127800000";"55,4747400000"
"202100019134";"13";"09";"2021";"20:50";"5";"69";"69383";"2";"9";"1";"1";"ANDRE PHILIP (R)";"45,7588537604";"4,8509288229"
"202100019135";"13";"09";"2021";"13:40";"1";"69";"69384";"2";"1";"1";"6";"HERBOUVILLE (D') (CR)";"45,7761500000";"4,8397800000"
"202100019136";"11";"09";"2021";"15:10";"1";"971";"97101";"2";"1";"1";"3";"DOTHEMARE";"16,2675400000";" -61,5148000000"
"202100019137";"13";"09";"2021";"19:25";"1";"95";"95424";"2";"2";"1";"3";"RD 14";"48,9943300000";"2,1947010000"
"202100019138";"13";"09";"2021";"18:20";"1";"95";"95252";"2";"1";"1";"6";"Rue de lâHostellerie";"48,9807500000";"2,2327600000"
"202100019139";"17";"08";"2021";"14:30";"1";"95";"95127";"2";"1";"1";"3";"OISE (BOULEVARD DE L')";"49,0468200000";"2,0591500000"
"202100019140";"13";"09";"2021";"16:00";"1";"91";"91345";"1";"1";"1";"2";"RUE JULES FERRY";"48,6874610000";"2,2980680000"
"202100019141";"13";"09";"2021";"16:45";"1";"91";"91114";"2";"1";"7";"6";"AV CHARLES CHRISTOFLE";"48,7023830000";"2,4935540000"
"202100019142";"12";"09";"2021";"12:40";"1";"91";"91421";"2";"1";"1";"1";"REPUBLIQUE (AVENUE DE LA)";"48,7008500000";"2,4662620000"
"202100019143";"10";"09";"2021";"18:11";"1";"87";"87050";"1";"1";"2";"6";"HIPPODROME (ALLEE DE L')";"45,8842200000";"1,1939200000"
"202100019144";"11";"09";"2021";"02:45";"5";"87";"87085";"2";"2";"1";"3";"GARIBALDI (AVENUE)";"45,8351900000";"1,2605100000"
"202100019145";"10";"09";"2021";"16:45";"1";"84";"84080";"1";"9";"1";"1";"SARRIANS ROUTE DE";"44,0452200000";"4,9848600000"
"202100019146";"13";"09";"2021";"11:40";"1";"83";"83137";"2";"3";"1";"6";"15EME CORPS (AVE DU)";"43,1284467677";"5,9123879671"
"202100019147";"13";"09";"2021";"10:00";"1";"83";"83137";"2";"1";"1";"3";"REPUBLIQUE (AVE DE LA)";"43,1199400000";"5,9328000000"
"202100019148";"12";"09";"2021";"14:05";"1";"82";"82121";"2";"7";"1";"3";"LIBERATION (PLACE DE LA )";"44,0220700000";"1,3614600000"
"202100019149";"13";"09";"2021";"12:28";"1";"82";"82033";"2";"2";"1";"3";"EGALITE (RUE DE L')";"44,0388100000";"1,1086700000"
"202100019150";"13";"09";"2021";"17:40";"1";"81";"81004";"2";"9";"1";"1";"Avenue de Saint JuÃ©ry";"43,9368706630";"2,1809503734"
"202100019151";"12";"09";"2021";"12:20";"1";"80";"80021";"2";"2";"1";"6";"REPUBLIQUE (RUE DE LA )";"49,8920100000";"2,2971500000"
"202100019152";"12";"09";"2021";"11:35";"1";"78";"78322";"1";"9";"1";"6";"PONT COLBERT (RUE DU)";"48,7875300000";"2,1496000000"
"202100019153";"11";"09";"2021";"17:50";"1";"78";"78267";"2";"9";"1";"3";"R.N 190";"48,9879320000";"1,8041420000"
"202100019154";"13";"09";"2021";"18:30";"1";"77";"77083";"2";"6";"1";"3";"PYRAMIDES (AVENUE DES)";"48,8502100000";"2,5851900000"
"202100019155";"10";"09";"2021";"13:15";"1";"76";"76351";"2";"1";"1";"7";"ANDRE CARETTE";"49,4894400000";"0,1173800000"
"202100019156";"10";"09";"2021";"07:30";"2";"76";"76351";"2";"2";"1";"3";"BERTHELOT (RUE)";"49,4976500000";"0,1361600000"
"202100019157";"13";"09";"2021";"07:45";"1";"67";"67482";"2";"1";"8";"6";"CANONNIERS (RUE DES)";"48,5543310000";"7,7638490000"
"202100019158";"12";"09";"2021";"10:30";"1";"67";"67043";"2";"3";"1";"3";"ROBERTSAU (RUE DE LA)";"48,6140600000";"7,7606200000"
"202100019159";"11";"09";"2021";"00:28";"5";"67";"67482";"2";"3";"1";"5";"RIETH (RUE DU)";"48,6009200000";"7,7149300000"
"202100019160";"13";"09";"2021";"10:10";"1";"65";"65440";"2";"2";"1";"3";"SEPTEMBRE (RUE DU IV)";"43,2288290000";"0,0830790000"
"202100019161";"13";"09";"2021";"07:35";"1";"64";"64348";"2";"1";"1";"3";"DIDIER DAURAT";"43,3323900000";" -0,3797000000"
"202100019162";"13";"09";"2021";"12:00";"1";"64";"64102";"2";"1";"1";"7";"PINEDE (CHEMIN)";"43,4842400000";" -1,4444800000"
"202100019163";"12";"09";"2021";"18:30";"1";"63";"63300";"2";"6";"1";"3";"RD2029";"45,8909395010";"3,1103043258"
"202100019164";"10";"09";"2021";"12:20";"1";"63";"63113";"2";"5";"1";"3";"PARDIEU (ROND-POINT DE LA)";"45,7645100000";"3,1254600000"
"202100019165";"9";"09";"2021";"18:45";"2";"63";"63113";"2";"1";"1";"6";"BLUM (AVENUE LEON)";"45,7591200000";"3,1014300000"
"202100019166";"4";"09";"2021";"16:52";"1";"63";"63164";"2";"2";"1";"3";"Route de CÃ©bazat / L'Ã©tincelle";"45,8228700000";"3,1376200000"
"202100019167";"29";"08";"2021";"10:30";"1";"62";"62250";"2";"1";"1";"1";"LAMENDIN (R ARTHUR)";"50,4537000000";"2,9495500000"
"202100019168";"13";"09";"2021";"08:25";"1";"60";"60159";"2";"1";"1";"6";"Rue Fournier SarlovÃ¨ze";"49,4167385129";"2,8290084600"
"202100019169";"13";"09";"2021";"17:40";"1";"59";"59599";"2";"1";"1";"6";"SEMARD (PLACE PIERRE)";"50,7170560000";"3,1675590000"
"202100019170";"14";"09";"2021";"01:20";"5";"59";"59512";"2";"1";"1";"6";"DUBOIS(RUE)";"50,6907600000";"3,1694700000"
"202100019171";"13";"09";"2021";"07:55";"1";"59";"59291";"2";"1";"1";"3";"JULES CAMPAGNE (RUE)";"50,2470174785";"3,9077594260"
"202100019172";"13";"09";"2021";"17:13";"1";"49";"49267";"2";"1";"1";"2";"MARMITIERE";"47,4710000000";" -0,4920000000"
"202100019173";"13";"09";"2021";"02:10";"5";"49";"49007";"2";"6";"1";"6";"CONTADES AVENUE";"47,4631000000";" -0,5538500000"
"202100019174";"12";"09";"2021";"23:20";"5";"45";"45075";"2";"1";"1";"6";"BLOIS (ROUTE DE BLOIS)";"47,8786400000";"1,8067900000"
"202100019175";"13";"09";"2021";"11:00";"1";"35";"35051";"2";"1";"1";"6";"RENNES (RUE DE)";"48,1144200000";" -1,6047100000"
"202100019176";"13";"09";"2021";"21:35";"5";"34";"34172";"2";"8";"1";"3";"ZAMENHOF (RUE LEJZER)";"43,6158100000";"3,8258500000"
"202100019177";"12";"09";"2021";"18:15";"1";"34";"34172";"2";"1";"1";"6";"RAVAZ (AVENUE DU PROFESSEUR LOUIS";"43,6216400000";"3,8475500000"
"202100019178";"13";"09";"2021";"10:50";"1";"33";"33063";"2";"2";"1";"3";"RUE DES ETRANGERS";"44,8646800000";" -0,5494800000"
"202100019179";"13";"09";"2021";"09:18";"1";"33";"33063";"2";"3";"1";"3";"Quai de la Souys";"44,8299000000";" -0,5428300000"
"202100019180";"12";"09";"2021";"12:10";"1";"33";"33119";"2";"1";"1";"2";"Avenue Carnot";"44,8590300000";" -0,5298600000"
"202100019181";"12";"09";"2021";"01:48";"5";"33";"33063";"2";"7";"1";"1";"Place des Capucins";"44,8306000000";" -0,5670000000"
"202100019182";"9";"09";"2021";"12:45";"1";"29";"29019";"2";"6";"1";"2";"Rue Emile Rousse";"48,3851860000";" -4,5281520000"
"202100019183";"13";"09";"2021";"22:10";"5";"27";"27681";"2";"2";"1";"3";"PARIS (AVENUE DE)";"49,0850600000";"1,4987600000"
"202100019184";"13";"09";"2021";"16:55";"1";"27";"27375";"2";"2";"1";"3";"DE GAULLE (RUE DU GENERAL)";"49,2110100000";"1,1698700000"
"202100019185";"13";"09";"2021";"17:20";"1";"26";"26362";"2";"1";"1";"6";"FAVENTINES RUE";"44,9172070000";"4,9098640000"
"202100019186";"13";"09";"2021";"11:25";"1";"22";"22106";"1";"1";"1";"7";"RN12";"48,4964447070";" -2,7243175509"
"202100019187";"12";"09";"2021";"02:20";"5";"21";"21231";"2";"1";"1";"1";"CHAIGNOT (DU) (RUE)";"47,3170502409";"5,0374776409"
"202100019188";"13";"09";"2021";"19:00";"2";"13";"13208";"2";"3";"1";"2";"CLOT BEY (AVENUE)";"43,2618000000";"5,3889000000"
"202100019189";"13";"09";"2021";"14:15";"1";"13";"13212";"2";"1";"1";"1";"24 AVRIL 15 (AVENUE DU)";"43,3100000000";"5,4400000000"
"202100019190";"13";"09";"2021";"08:25";"1";"13";"13206";"2";"2";"1";"3";"GOUFFE (COURS)";"43,2850931874";"5,3915945217"
"202100019191";"5";"09";"2021";"12:35";"1";"13";"13028";"2";"1";"1";"3";"SUBILIA (AVENUE ERNEST )";"43,1855400000";"5,6080000000"
"202100019192";"13";"09";"2021";"08:35";"1";"13";"13005";"2";"1";"1";"1";"VERDUN (AVENUE DE)";"43,2878524414";"5,5784743524"
"202100019193";"12";"09";"2021";"11:39";"1";"10";"10343";"2";"1";"1";"3";"COOPERATIVE (RUE DE LA )";"48,2705600000";"4,0918600000"
"202100019194";"13";"09";"2021";"10:45";"1";"09";"09122";"1";"1";"1";"4";"ESPAGNE (ROUTE D')";"42,9507010000";"1,6247840000"
"202100019195";"11";"09";"2021";"13:10";"1";"05";"05061";"1";"1";"1";"5";"D994";"44,5526600000";"6,0324400000"
"202100019196";"13";"09";"2021";"11:40";"1";"01";"01451";"2";"2";"1";"3";"RIPPES DE BIOTS (CHEMIN DES)";"46,2633200000";"5,2346200000"
"202100019197";"13";"09";"2021";"10:30";"1";"75";"75120";"2";"1";"1";"2";"BD PERIPHERIQUE INTERIEUR";"48,8572400000";"2,4140250000"
"202100019198";"12";"09";"2021";"05:47";"5";"75";"75116";"2";"1";"1";"2";"AVENUE DU PRESIDENT WILSON";"48,8648800000";"2,2977920000"
"202100019199";"13";"09";"2021";"12:53";"1";"75";"75119";"2";"1";"1";"3";"AVENUE CORENTIN CARIOU";"48,8955320000";"2,3832310000"
"202100019200";"13";"09";"2021";"10:10";"1";"75";"75119";"2";"2";"1";"3";"BOULEVARD DE LA VILLETTE";"48,8843430000";"2,3668810000"
"202100019201";"13";"09";"2021";"08:00";"1";"75";"75118";"2";"4";"1";"6";"BOULEVARD NEY";"48,8975170000";"2,3293880000"
"202100019202";"11";"09";"2021";"16:50";"1";"75";"75117";"2";"3";"1";"7";"RUE DES ACACIAS";"48,8780350000";"2,2937100000"
"202100019203";"13";"09";"2021";"09:30";"1";"75";"75116";"2";"1";"1";"3";"ALLEE DE LA REINE MARGUERITE";"48,8491030000";"2,2420440000"
"202100019204";"13";"09";"2021";"09:00";"1";"75";"75116";"2";"4";"1";"6";"AVENUE FOCH";"48,8722780000";"2,2855440000"
"202100019205";"12";"09";"2021";"05:50";"5";"75";"75116";"2";"3";"1";"6";"AVENUE DE VERSAILLES";"48,8500790000";"2,2764310000"
"202100019206";"13";"09";"2021";"12:30";"1";"75";"75115";"2";"2";"1";"3";"RUE LECOURBE";"48,8392570000";"2,2919750000"
"202100019207";"13";"09";"2021";"09:00";"1";"75";"75115";"2";"2";"1";"6";"RUE DE VAUGIRARD";"48,8444410000";"2,3177070000"
"202100019208";"13";"09";"2021";"10:25";"1";"75";"75112";"2";"2";"1";"3";"RUE CROZATIER";"48,8467720000";"2,3817320000"
"202100019209";"13";"09";"2021";"20:11";"5";"75";"75110";"2";"5";"1";"3";"BOULEVARD DE STRASBOURG";"48,8748160000";"2,3574000000"
"202100019210";"13";"09";"2021";"17:45";"1";"75";"75101";"2";"3";"1";"2";"QUAI AIME CESAIRE";"48,8609250000";"2,3300660000"
"202100019211";"13";"09";"2021";"16:15";"1";"94";"94078";"2";"3";"1";"3";"Rue Gambetta";"48,7357510000";"2,4606640000"
"202100019212";"13";"09";"2021";"02:40";"5";"94";"94028";"2";"1";"1";"7";"PONT DE CRETEIL.";"48,7999301551";"2,4698521983"
"202100019213";"13";"09";"2021";"18:00";"1";"94";"94043";"2";"1";"1";"3";"EDMONT MICHELET (R)";"48,8111800000";"2,3642200000"
"202100019214";"13";"09";"2021";"02:42";"5";"94";"94073";"2";"1";"1";"6";"PAVE DE GRIGNON (R DU)";"48,7574310000";"2,4019980000"
"202100019215";"13";"09";"2021";"11:20";"1";"94";"94033";"2";"3";"1";"6";"CHARLES GARCIA (AV)";"48,8584195259";"2,4812786297"
"202100019216";"13";"09";"2021";"10:00";"1";"94";"94077";"2";"9";"1";"3";"REPUBLIQUE (AV DE LA)";"48,7315800000";"2,4135600000"
"202100019217";"13";"09";"2021";"07:40";"1";"94";"94004";"2";"1";"1";"6";"GENERAL LECLERC (AV)";"48,7493600000";"2,5084200000"
"202100019218";"13";"09";"2021";"17:02";"1";"93";"93071";"2";"1";"1";"1";"Avenue John Fitzgerald Kennedy";"48,9379900000";"2,5135500000"
"202100019219";"13";"09";"2021";"08:15";"1";"93";"93077";"2";"2";"1";"3";"Grande Rue / Rue de la Montagne Savart";"48,8827170000";"2,5181800000"
"202100019220";"13";"09";"2021";"09:30";"1";"93";"93048";"2";"1";"1";"6";"Avenue Pasteur";"48,8684000000";"2,4335000000"
"202100019221";"13";"09";"2021";"08:20";"1";"93";"93048";"2";"1";"1";"3";"Boulevard Aristide Briand";"48,8697000000";"2,4494000000"
"202100019222";"13";"09";"2021";"06:40";"5";"93";"93046";"2";"3";"1";"3";"FIRMIN DIDOT AVENUE";"48,9118300000";"2,5209300000"
"202100019223";"13";"09";"2021";"11:30";"1";"93";"93027";"2";"6";"1";"6";"Avenue Paul Vaillant Couturier / Avenue LÃ©nine";"48,9205700000";"2,4106600000"
"202100019224";"13";"09";"2021";"15:35";"1";"93";"93007";"2";"9";"1";"3";"ALBERT EINSTEIN (AVENUE)";"48,9428400000";"2,4739800000"
"202100019225";"12";"09";"2021";"19:55";"5";"93";"93007";"2";"9";"1";"3";"""REPUBLIQUE (AVENUE DE LA """"COTE PAIRS""""";"48,9355220000";"2,4683390000"
"202100019226";"12";"09";"2021";"22:10";"5";"92";"92078";"2";"2";"1";"3";"ALFRED SISLEY (QUAI)";"48,9356179622";"2,3359430195"
"202100019227";"13";"09";"2021";"12:40";"1";"92";"92046";"2";"1";"1";"6";"Charles de gaulle";"48,8243622810";"2,3009598255"
"202100019228";"13";"09";"2021";"08:45";"1";"92";"92073";"2";"3";"1";"3";"BLUM (QUAI LEON)";"48,8669190559";"2,2281432152"
"202100019229";"13";"09";"2021";"16:43";"1";"92";"92064";"2";"1";"1";"7";"FRANCIS CHAVETON";"48,8595320000";"2,2091100000"