"Num_Acc";"jour";"mois";"an";"hrmn";"lum";"dep";"com";"agg";"int";"atm";"col";"adr";"lat";"long"
"202100019230";"13";"09";"2021";"10:00";"1";"92";"92044";"2";"9";"1";"6";"BINEAU (BOULEVARD, NÂ°53 A 131 ET 52 A 13";"48,8866649669";"2,2835688650"
"202100019231";"13";"09";"2021";"15:55";"1";"92";"92050";"2";"1";"1";"6";"PAUL MARCEL PLACE";"48,8969222809";"2,2190894186"
"202100019232";"13";"09";"2021";"13:50";"1";"92";"92050";"2";"1";"1";"6";"JOLIOT CURIE F. ET IRENE AVENUE  NÂ°PAIRS";"48,8905100000";"2,2062500000"
"202100019233";"13";"09";"2021";"11:00";"1";"92";"92044";"2";"2";"1";"3";"VIC. HUGO(RUE)077A089 ET 090A110";"48,8959195112";"2,2964751720"
"202100019234";"13";"09";"2021";"18:45";"1";"92";"92026";"2";"1";"1";"2";"MISSION MARCHAND (COTE PAIR)";"48,8960697053";"2,2404344380"
"202100019235";"13";"09";"2021";"15:00";"1";"92";"92025";"2";"9";"1";"3";"GENERAL CREMER (RUE DU)";"48,9133250000";"2,2424780000"
"202100019236";"13";"09";"2021";"12:11";"1";"92";"92024";"2";"1";"1";"3";"HENRI BARBUSSE (RUE) DE (1 A 73)   (2 A";"48,8981434158";"2,3018294575"
"202100019237";"13";"09";"2021";"18:05";"1";"92";"92012";"2";"1";"1";"4";"GENERAL LECLERC (AVENUE DU) 35/FIN - 60/";"48,8317319451";"2,2372063994"
"202100019238";"11";"09";"2021";"16:50";"1";"92";"92004";"2";"1";"1";"3";"AULAGNIER ( QUAI )";"48,9119704836";"2,3015389274"
"202100019239";"12";"09";"2021";"17:50";"1";"54";"54235";"2";"4";"1";"1";"Grande Rue";"48,4978282294";"6,0129815348"
"202100019240";"14";"09";"2021";"09:10";"1";"25";"25116";"1";"1";"1";"1";"D30 PK 021+500";"47,2815320000";"6,2628550000"
"202100019241";"13";"09";"2021";"15:10";"1";"28";"28177";"1";"1";"1";"2";"Autoroute A11  PK 57+700";"48,4366180000";"1,5232050000"
"202100019242";"13";"09";"2021";"14:20";"1";"67";"67073";"2";"3";"1";"1";"Route de Scherwiller";"48,2793950000";"7,4020550000"
"202100019243";"17";"07";"2021";"20:10";"3";"972";"97203";"1";"1";"3";"1";"N3";"14,8388600000";" -61,0955290000"
"202100019244";"12";"09";"2021";"12:39";"1";"63";"63386";"1";"1";"1";"6";"D986, lieu-dit PRADES";"45,7435090000";"2,8132510000"
"202100019245";"12";"09";"2021";"17:30";"1";"29";"29181";"1";"1";"1";"6";"N12";"48,4902130000";" -4,2259600000"
"202100019246";"14";"09";"2021";"05:10";"3";"19";"19178";"1";"1";"8";"1";"A20";"45,2795900000";"1,5628700000"
"202100019247";"13";"09";"2021";"08:25";"1";"83";"83019";"1";"1";"1";"1";"Col du Gratteloup (Col de montagne)";"43,1714100000";"6,3317140000"
"202100019248";"13";"09";"2021";"19:30";"1";"51";"51166";"1";"1";"1";"7";"D69";"48,9157065255";"4,7980843096"
"202100019249";"13";"09";"2021";"16:45";"1";"32";"32413";"1";"1";"8";"6";"D12";"43,3647590000";"0,6992730000"
"202100019250";"23";"08";"2021";"01:05";"5";"11";"11106";"2";"3";"1";"1";"Avenue FrÃ©dÃ©ric Mistral";"43,2332650000";"3,0561930000"
"202100019251";"13";"09";"2021";"15:05";"1";"71";"71112";"1";"1";"1";"1";"D452";"46,4165890000";"4,5699690000"
"202100019252";"14";"09";"2021";"10:40";"1";"63";"63413";"1";"3";"1";"3";"D978/A75 bretelle accÃ¨s dir Clermont";"45,6537790000";"3,1683700000"
"202100019253";"13";"08";"2021";"19:00";"1";"49";"49345";"1";"2";"1";"3";"Route des Trois ChÃªnes";"47,3112860000";" -0,5420800000"
"202100019254";"12";"09";"2021";"05:00";"3";"42";"42125";"1";"1";"1";"6";"D1";"45,8744210000";"3,9200000000"
"202100019255";"12";"08";"2021";"03:20";"3";"41";"41049";"1";"1";"1";"6";"D956";"47,3392650000";"1,4823190000"
"202100019256";"7";"09";"2021";"14:00";"1";"22";"22013";"1";"1";"1";"1";"Keratred";"48,5034200000";" -3,1482590000"
"202100019257";"13";"09";"2021";"18:08";"1";"39";"39486";"1";"3";"7";"3";"N/A";"46,8140390000";"5,5888470000"
"202100019258";"14";"09";"2021";"08:45";"1";"39";"39313";"1";"1";"1";"3";"N/A";"46,6904400000";"5,7813080000"
"202100019259";"11";"09";"2021";"09:25";"1";"29";"29155";"2";"3";"1";"6";"Porsguen";"48,4526260000";" -5,0833410000"
"202100019260";"13";"09";"2021";"18:45";"1";"31";"31206";"2";"9";"1";"6";"parking clinique verdaich";"43,2761040000";"1,4890980000"
"202100019261";"12";"09";"2021";"12:07";"1";"01";"01139";"1";"1";"1";"6";"Route de Montpont";"46,4822670000";"5,1664870000"
"202100019262";"11";"09";"2021";"04:25";"3";"72";"72077";"1";"9";"1";"6";"LD BOUILLANT";"47,6120181378";"0,3288409267"
"202100019263";"12";"09";"2021";"18:52";"2";"72";"72161";"2";"9";"1";"3";"Route de Salvert";"47,7480693266";"0,5598927984"
"202100019264";"10";"09";"2021";"09:30";"1";"06";"06103";"1";"1";"1";"3";"Tunnel";"44,0380750000";"7,2917090000"
"202100019265";"29";"06";"2021";"16:45";"1";"06";"06105";"2";"4";"1";"1";"1422 Route de Notre Dame";"43,6799150000";"7,0347260000"
"202100019266";"13";"09";"2021";"18:39";"1";"50";"50003";"1";"1";"1";"2";"D651";"49,0575720000";" -1,5985540000"
"202100019267";"13";"09";"2021";"13:50";"1";"45";"45056";"1";"1";"1";"1";"D403";"48,1654560000";"2,5064280000"
"202100019268";"14";"09";"2021";"18:30";"1";"64";"64431";"1";"1";"1";"6";"Avenue du Lac D281";"43,3853320000";" -0,5912820000"
"202100019269";"14";"09";"2021";"10:35";"1";"64";"64493";"2";"1";"8";"6";"Avenue de Navarre";"43,3184380000";" -1,0251400000"
"202100019270";"12";"09";"2021";"01:15";"3";"07";"07218";"1";"1";"1";"6";"d283";"44,9462730000";"4,5584680000"
"202100019271";"14";"09";"2021";"16:50";"1";"40";"40197";"2";"1";"1";"1";"Route de Mont de marsan, RD 38, PK 35+910";"44,0246720000";" -0,9031370000"
"202100019272";"13";"09";"2021";"17:40";"1";"27";"27367";"1";"1";"1";"6";"Route de l Angorie";"49,2422170000";"0,4754810000"
"202100019273";"13";"09";"2021";"10:40";"1";"27";"27198";"1";"1";"1";"6";"Route Fleurie (Gouville)";"48,8539860000";"1,0265890000"
"202100019274";"4";"09";"2021";"19:00";"2";"87";"87154";"2";"1";"1";"1";"ZI du Pavillon";"45,9041500000";"0,9315040000"
"202100019275";"13";"09";"2021";"11:43";"1";"88";"88488";"1";"1";"1";"5";"dÃ©partement 165";"48,1935710000";"6,0951910000"
"202100019276";"14";"09";"2021";"16:40";"1";"01";"01405";"1";"1";"1";"5";"D1083";"46,1322560000";"5,1645560000"
"202100019277";"11";"09";"2021";"00:30";"3";"49";"49266";"1";"1";"1";"7";"autoroute A11";"47,4388860000";" -0,7633780000"
"202100019278";"25";"08";"2021";"23:50";"3";"34";"34336";"1";"1";"1";"2";"A9 pk162+000";"43,3219930000";"3,2680030000"
"202100019279";"13";"09";"2021";"10:35";"1";"987";"98747";"1";"1";"1";"1";"PK 57+100 - RT 1";" -17,7648000000";" -149,2130890000"
"202100019280";"13";"09";"2021";"20:05";"3";"973";"97304";"1";"1";"1";"1";"RN1 PK65+200";"5,1228110000";" -52,7376790000"
"202100019281";"12";"09";"2021";"20:55";"5";"77";"77153";"2";"2";"1";"3";"D401";"49,0534520000";"2,6755140000"
"202100019282";"10";"09";"2021";"18:00";"1";"2B";"2B298";"2";"1";"1";"3";"Paring Ste-Anne";"42,6789748665";"9,3025070400"
"202100019283";"30";"08";"2021";"11:40";"1";"05";"05079";"1";"1";"1";"6";"Route dÃ©partementale 1091";"45,0416900000";"6,4215520000"
"202100019284";"13";"09";"2021";"08:00";"2";"13";"13084";"2";"4";"1";"3";"route de saint anne";"43,7163840000";"5,3044600000"
"202100019285";"9";"09";"2021";"13:30";"1";"68";"68374";"2";"6";"1";"2";"dÃ©partementale 83";"48,0833830000";"7,3122060000"
"202100019286";"13";"09";"2021";"17:28";"1";"54";"54196";"1";"1";"1";"7";"D115";"48,5839605319";"6,1959028246"
"202100019287";"13";"09";"2021";"07:50";"1";"69";"69009";"2";"9";"1";"3";"VILLEFRANCHE (DE) (RTE)";"45,9411950000";"4,7161230000"
"202100019288";"24";"08";"2021";"23:20";"3";"46";"46197";"1";"3";"1";"6";"D47";"44,3558090000";"1,4417650000"
"202100019289";"12";"09";"2021";"18:50";"1";"33";"33555";"2";"1";"1";"2";"1 Boulevard des Girondins Crx d Hins";"44,7123350000";" -0,8162770000"
"202100019290";"25";"07";"2021";"01:15";"3";"22";"22286";"1";"1";"3";"7";"44 Le Haut Boulay";"48,5204810000";" -2,3838780000"
"202100019291";"14";"09";"2021";"05:40";"3";"35";"35015";"1";"1";"2";"1";"Lieu Dit la Peignerie";"48,1498180000";" -1,1979280000"
"202100019292";"11";"09";"2021";"07:50";"2";"35";"35124";"1";"3";"1";"6";"D54";"47,7247830000";" -1,7249450000"
"202100019293";"14";"09";"2021";"07:40";"2";"60";"60239";"1";"1";"2";"7";"D506";"49,2376640000";"1,9582270000"
"202100019294";"13";"09";"2021";"16:45";"1";"59";"59481";"2";"1";"7";"6";"D 2934";"50,2511360000";"3,6360990000"
"202100019295";"13";"09";"2021";"08:30";"1";"59";"59615";"1";"3";"1";"3";"1448 rue du bois";"50,6944940000";"2,6235810000"
"202100019296";"10";"09";"2021";"18:30";"1";"83";"83137";"1";"1";"1";"5";"A57";"43,1232870000";"5,9591060000"
"202100019297";"13";"09";"2021";"14:40";"1";"33";"33318";"1";"1";"1";"6";"Autoroute A63";"44,7885000000";" -0,6220400000"
"202100019298";"13";"09";"2021";"17:40";"1";"33";"33122";"1";"1";"1";"2";"AUTOROUTE A 63";"44,7433250000";" -0,7062320000"
"202100019299";"12";"09";"2021";"18:40";"1";"33";"33096";"1";"1";"1";"2";"AUTOROUTE A 10";"44,8884160000";" -0,5040000000"
"202100019300";"10";"09";"2021";"19:36";"1";"59";"59501";"1";"1";"1";"2";"AUTOROUTE A 21";"50,3742800000";"3,2417860000"
"202100019301";"10";"09";"2021";"18:15";"1";"59";"59501";"1";"1";"1";"6";"AUTOROUTE A 21";"50,3746116443";"3,2430115329"
"202100019302";"9";"05";"2021";"20:40";"1";"59";"59378";"1";"1";"1";"4";"ROUTE NATIONALE 356";"50,6548388911";"3,1070280075"
"202100019303";"5";"09";"2021";"18:30";"1";"59";"59288";"1";"1";"1";"5";"AUTOROUTE A2";"50,3146170000";"3,4057020000"
"202100019304";"13";"09";"2021";"08:45";"1";"91";"91661";"1";"1";"1";"4";"AUTOROUTE A10";"48,6856800000";"2,2144200000"
"202100019305";"13";"09";"2021";"09:50";"1";"92";"92050";"1";"1";"1";"3";"A86";"48,8935569489";"2,1886306909"
"202100019306";"13";"09";"2021";"08:40";"1";"92";"92051";"1";"1";"1";"3";"N13";"48,8826932526";"2,2667435188"
"202100019307";"13";"09";"2021";"16:00";"1";"93";"93066";"1";"1";"1";"4";"AUTOROUTE A1";"48,9213900000";"2,3574800000"
"202100019308";"12";"09";"2021";"22:30";"3";"93";"93005";"1";"1";"1";"2";"AUTOROUTE A3";"48,9282200000";"2,4811500000"
"202100019309";"12";"09";"2021";"03:15";"5";"93";"93066";"1";"1";"1";"4";"AUTOROUTE A1";"48,9205700000";"2,3573800000"
"202100019310";"12";"09";"2021";"02:25";"3";"95";"95018";"1";"1";"1";"6";"A15";"48,9510300000";"2,2797200000"
"202100019311";"13";"09";"2021";"12:15";"1";"77";"77121";"1";"1";"1";"2";"A104";"48,8366222215";"2,6649838163"
"202100019312";"11";"09";"2021";"11:50";"1";"25";"25031";"2";"9";"1";"6";"REVOLUTION DE 1789 AVENUE DE LA)";"47,4872000000";"6,8424200000"
"202100019313";"11";"09";"2021";"05:10";"2";"987";"98736";"2";"2";"1";"3";"CHARLES DE GAULLE (AV)";" -17,5267470000";" -149,5449860000"
"202100019314";"12";"09";"2021";"16:40";"1";"976";"97611";"1";"1";"1";"3";"vahibe-Departementale 3 ( route )";" -12,7925700000";"45,1882400000"
"202100019315";"12";"09";"2021";"10:00";"1";"974";"97416";"1";"1";"1";"7";"L'ENTRE DEUX(ROUTE DE)";" -21,2942126716";"55,4469823835"
"202100019316";"11";"09";"2021";"11:56";"1";"973";"97302";"2";"1";"1";"2";"MONTABO (ROUTE DE) 1";"4,9376900000";" -52,2985600000"
"202100019317";"11";"09";"2021";"19:20";"1";"69";"69383";"2";"1";"1";"6";"LAFAYETTE (CR)";"45,7636971548";"4,8669192195"
"202100019318";"12";"09";"2021";"08:00";"1";"69";"69266";"2";"9";"1";"3";"LEON BLUM (R)";"45,7627600000";"4,9125400000"
"202100019319";"12";"09";"2021";"22:14";"5";"69";"69382";"2";"2";"1";"3";"CASIMIR PERIER (R)";"45,7421200000";"4,8218900000"
"202100019320";"11";"09";"2021";"13:45";"1";"69";"69034";"2";"3";"1";"3";"CANUTS (DES) (BD)";"45,7841700000";"4,8314500000"
"202100019321";"11";"09";"2021";"05:10";"5";"69";"69034";"1";"1";"1";"7";"BELLEVUE (TUN)";"45,7881800000";"4,8548000000"
"202100019322";"11";"09";"2021";"17:50";"1";"2B";"2B033";"2";"1";"1";"1";"LUPINO";"42,6806295771";"9,4410443682"
"202100019323";"12";"09";"2021";"08:48";"1";"95";"95268";"2";"1";"1";"6";"ALL THEOPHILE GAUTIER";"48,9730047479";"2,3922058940"
"202100019324";"12";"09";"2021";"16:50";"1";"91";"91161";"2";"2";"1";"6";"AV PIERRE BROSSOLETTE";"48,6995800000";"2,3160600000"
"202100019325";"11";"09";"2021";"23:15";"5";"91";"91692";"2";"1";"1";"2";"NORMANDIE (AVENUE DE)";"48,6917090000";"2,1646780000"
"202100019326";"11";"09";"2021";"11:45";"1";"91";"91479";"2";"2";"8";"3";"AV ALEXANDRE DUMAS";"48,7111760000";"2,3590740000"
"202100019327";"12";"09";"2021";"20:00";"1";"86";"86194";"2";"1";"1";"3";"Boulevard Tison";"46,5751110000";"0,3378170000"
"202100019328";"12";"09";"2021";"14:30";"1";"85";"85191";"1";"1";"1";"3";"D 948";"46,6874500000";" -1,4578200000"
"202100019329";"6";"09";"2021";"12:00";"1";"83";"83123";"2";"1";"1";"6";"GARE (ROUTE)";"43,1211300000";"5,8181700000"
"202100019330";"12";"09";"2021";"16:40";"1";"83";"83118";"2";"1";"1";"6";"ROUTE DE LA CORNICHE";"43,4151600000";"6,8109400000"
"202100019331";"12";"09";"2021";"14:30";"2";"69";"69264";"2";"2";"1";"3";"VERMOREL VICTOR (BD)";"45,9861200000";"4,7140100000"
"202100019332";"12";"09";"2021";"15:10";"1";"65";"65047";"2";"3";"1";"1";"JAURES (AVE JEAN)";"43,2434100000";"0,0957800000"
"202100019333";"11";"09";"2021";"01:35";"5";"62";"62907";"2";"1";"1";"7";"PASCAL BLAISE";"50,4832000000";"3,0029500000"
"202100019334";"12";"09";"2021";"21:25";"5";"61";"61001";"2";"6";"1";"3";"VILLENEUVE (RUE DE)";"48,4283970000";"0,0642360000"
"202100019335";"11";"09";"2021";"17:02";"1";"61";"61397";"2";"1";"1";"2";"CONDE (RUE DE)";"48,4240000000";"0,0613000000"
"202100019336";"12";"09";"2021";"22:35";"5";"59";"59122";"2";"6";"1";"3";"PORTE DE PARIS (PLACE DE LA)";"50,1703164390";"3,2307931781"
"202100019337";"12";"09";"2021";"21:00";"5";"51";"51454";"2";"3";"1";"3";"Boulevard Victor Hugo";"49,2468938280";"4,0441256688"
"202100019338";"8";"09";"2021";"23:55";"5";"49";"49007";"2";"1";"1";"7";"FAURE QUAI";"47,4816040000";" -0,5501390000"
"202100019339";"12";"09";"2021";"06:17";"3";"49";"49007";"2";"1";"1";"7";"RAFFOUX CHEMIN";"47,5046000000";" -0,5699200000"
"202100019340";"12";"09";"2021";"05:15";"5";"42";"42183";"2";"1";"1";"6";"Rue Gambetta";"45,4048400000";"4,3740300000"
"202100019341";"12";"09";"2021";"21:25";"3";"38";"38151";"1";"1";"1";"2";"A480";"45,1552900000";"5,6989500000"
"202100019342";"12";"09";"2021";"17:10";"1";"35";"35238";"2";"1";"1";"6";"BOURGEOIS (BOULEVARD LEON)";"48,0990371449";" -1,6532446945"
"202100019343";"12";"09";"2021";"09:05";"1";"35";"35238";"1";"1";"1";"6";"RN136";"48,1179600000";" -1,7195600000"
"202100019344";"10";"09";"2021";"23:15";"3";"29";"29039";"1";"1";"1";"6";"RD 70 (route dÃ©partementale)";"47,9186215097";" -3,9033991090"
"202100019345";"11";"09";"2021";"23:00";"3";"27";"27701";"1";"1";"1";"6";"ORMET (VOIE DE L')";"49,2468500000";"1,2407100000"
"202100019346";"12";"09";"2021";"07:45";"1";"27";"27229";"2";"2";"1";"3";"POLITZER (RUE GEORGES)";"49,0062500000";"1,1448300000"
"202100019347";"12";"09";"2021";"04:32";"5";"25";"25056";"2";"1";"1";"6";"FLORE PLACE";"47,2460000000";"6,0278000000"
"202100019348";"12";"09";"2021";"20:00";"2";"21";"21231";"2";"3";"8";"3";"SULLY  (RUE)";"47,3156000000";"5,0759000000"
"202100019349";"12";"09";"2021";"06:40";"3";"17";"17306";"2";"1";"1";"1";"ROCHEFORT (DE)  (AVENUE)";"45,6491150000";" -1,0244310000"
"202100019350";"12";"09";"2021";"20:05";"1";"14";"14271";"1";"6";"1";"3";"HARCOURT (ROUTE D')";"49,1335200000";" -0,3775200000"
"202100019351";"12";"09";"2021";"19:55";"1";"13";"13208";"2";"1";"1";"2";"MENDES FRANCE (AVENUE)";"43,2524100000";"5,3759300000"
"202100019352";"12";"09";"2021";"11:00";"1";"13";"13209";"2";"1";"1";"2";"MAZARGUES (ROND-POINT)";"43,2504861429";"5,4038552137"
"202100019353";"12";"09";"2021";"08:00";"1";"13";"13207";"2";"3";"1";"3";"CHARLES LIVON (BOULEVARD)";"43,2918700000";"5,3571100000"
"202100019354";"12";"09";"2021";"07:00";"2";"13";"13204";"2";"2";"1";"1";"LIBERATION (BOULEVARD)";"43,3000000000";"5,3887000000"
"202100019355";"12";"09";"2021";"08:00";"1";"13";"13208";"2";"6";"1";"3";"PRADO JACQUES CHIRAC (ROND POINT)";"43,2726600000";"5,3914200000"
"202100019356";"12";"09";"2021";"03:10";"5";"13";"13208";"2";"1";"1";"3";"CLOT BEY (AVENUE)";"43,2592300000";"5,3861100000"
"202100019357";"12";"09";"2021";"11:15";"1";"13";"13001";"2";"1";"1";"1";"Route de Gardanne";"43,4902600000";"5,4068100000"
"202100019358";"11";"09";"2021";"17:40";"1";"09";"09225";"2";"1";"1";"3";"TOULOUSE ROUTE DE";"43,1250600000";"1,6106700000"
"202100019359";"12";"09";"2021";"05:30";"5";"07";"07102";"2";"1";"1";"6";"CURIE (RUE PIERRE) [NÂ° 152 AU NÂ°316]";"44,9348200000";"4,8817400000"
"202100019360";"11";"09";"2021";"10:45";"1";"07";"07019";"1";"1";"1";"3";"RN 102";"44,6171400000";"4,4023800000"
"202100019361";"12";"09";"2021";"15:58";"1";"06";"06088";"2";"9";"1";"3";"ARIANE (BD DE L')";"43,7346600000";"7,2966200000"
"202100019362";"12";"09";"2021";"10:20";"1";"06";"06069";"2";"6";"1";"3";"HALTE (ROND-POINT)";"43,6414630000";"6,9112820000"
"202100019363";"12";"09";"2021";"12:05";"1";"06";"06069";"2";"6";"1";"3";"SAINT DONAT (PLACE)";"43,6316920000";"6,9575850000"
"202100019364";"12";"09";"2021";"16:55";"1";"06";"06030";"2";"1";" -1";"6";"AUBAREDE (CHEMIN DE L')";"43,5667800000";"6,9861600000"
"202100019365";"12";"09";"2021";"20:20";"5";"75";"75113";"2";"1";"1";"3";"BD PERIPHERIQUE EXTERIEUR";"48,8173580000";"2,3494660000"
"202100019366";"11";"09";"2021";"23:20";"5";"75";"75120";"2";"4";"1";"3";"RUE HENRI POINCARE";"48,8697850000";"2,4018820000"
"202100019367";"11";"09";"2021";"12:50";"1";"75";"75116";"2";"1";"1";"6";"RUE RAFFET";"48,8519410000";"2,2645450000"
"202100019368";"12";"09";"2021";"18:00";"1";"75";"75114";"2";"1";"1";"6";"RUE EDMOND ROUSSE";"48,8230109995";"2,3242173499"
"202100019369";"12";"09";"2021";"20:10";"2";"75";"75112";"2";"1";"1";"2";"BOULEVARD PONIATOWSKI";"48,8304040000";"2,3930980000"
"202100019370";"12";"09";"2021";"14:00";"1";"75";"75112";"2";"3";"1";"6";"BOULEVARD DIDEROT";"48,8471460000";"2,3850280000"
"202100019371";"12";"09";"2021";"00:30";"5";"75";"75112";"2";"1";"1";"2";"QUAI DE BERCY";"48,8270380000";"2,3897920000"
"202100019372";"12";"09";"2021";"01:02";"5";"75";"75116";"2";"1";"1";"3";"ROUTE DE SEVRES A NEUILLY";"48,8730750000";"2,2473500000"
"202100019373";"12";"09";"2021";"17:10";"1";"75";"75108";"2";"7";"1";"6";"PLACE DE LA CONCORDE";"48,8641736983";"2,3202051795"
"202100019374";"12";"09";"2021";"14:33";"1";"75";"75108";"2";"2";"1";"3";"AVENUE GEORGE V";"48,8684120000";"2,3011590000"
"202100019375";"11";"09";"2021";"13:30";"1";"75";"75107";"2";"3";"1";"6";"QUAI D ORSAY";"48,8626370000";"2,3190600000"
"202100019376";"12";"09";"2021";"13:43";"1";"75";"75102";"2";"2";"1";"7";"RUE REAUMUR";"48,8665360000";"2,3511500000"
"202100019377";"11";"09";"2021";"21:52";"5";"94";"94081";"2";"9";"1";"6";"Avenue Anatole France";"48,8021700000";"2,4031400000"
"202100019378";"12";"09";"2021";"11:00";"1";"94";"94041";"2";"3";"1";"3";"DANIELLE CASANOVA (AV)";"48,8142500000";"2,3844400000"
"202100019379";"12";"09";"2021";"16:47";"1";"94";"94079";"2";"1";"1";"1";"FRIEDBERG (BD DE)";"48,8300000000";"2,5400000000"
"202100019380";"12";"09";"2021";"10:25";"1";"94";"94017";"2";"2";"1";"3";"MAURICE THOREZ (AV)";"48,8156300000";"2,5383300000"
"202100019381";"12";"09";"2021";"15:00";"1";"93";"93051";"2";"1";"1";"2";"EMILE COSSONNEAU (AVE)";"48,8494600000";"2,5652000000"
"202100019382";"12";"09";"2021";"10:35";"1";"93";"93027";"2";"1";"1";"2";"LENINE (AVENUE)";"48,9209900000";"2,4111900000"
"202100019383";"11";"09";"2021";"23:35";"5";"93";"93027";"2";"1";"1";"2";"Avenue Paul Vaillant Couturier";"48,9265300000";"2,4165100000"
"202100019384";"11";"09";"2021";"19:30";"3";"92";"92046";"2";"1";"1";"3";"BROSSOLETTE AVENUE PIERRE";"48,8135975944";"2,3023669975"
"202100019385";"12";"09";"2021";"07:00";"2";"92";"92012";"2";"1";"1";"6";"MARCEL SEMBAT (PLACE)";"48,8332933401";"2,2423978150"
"202100019386";"18";"08";"2021";"17:40";"1";"11";"11367";"1";"1";"1";"3";"D103";"43,3626920000";"2,2062990000"
"202100019387";"13";"09";"2021";"13:50";"1";"12";"12217";"1";"2";"1";"3";"D146";"44,4118879836";"1,9253772497"
"202100019388";"11";"09";"2021";"17:55";"1";"2A";"2A212";"1";"1";"1";"1";"RD 81";"42,1983690000";"8,6390090000"
"202100019389";"13";"09";"2021";"08:33";"1";"25";"25560";"2";"1";"1";"2";"Rue de Besancon";"47,2827520000";"6,0777570000"
"202100019390";"12";"09";"2021";"15:45";"1";"63";"63264";"1";"4";"1";"2";"D983";"45,6457700000";"2,8507750000"
"202100019391";"10";"09";"2021";"16:35";"1";"974";"97414";"2";"3";"1";"3";"Rue des Bois de Piment";" -21,2828910000";"55,4187940000"
"202100019392";"13";"09";"2021";"12:00";"1";"50";"50599";"1";"1";"1";"7";"N13 PR49+050";"49,5743960000";" -1,5782820000"
"202100019393";"12";"09";"2021";"18:30";"2";"83";"83130";"2";"2";"1";"1";"D554";"43,1962870000";"6,0397820000"
"202100019394";"8";"09";"2021";"20:25";"2";"44";"44071";"1";"1";"1";"1";"Route du Pont de lâOuen";"47,2007070000";" -1,3874860000"
"202100019395";"13";"09";"2021";"08:20";"1";"51";"51413";"2";"6";"1";"6";"Rue Jean Bardy";"49,0226660000";"4,0472440000"
"202100019396";"13";"09";"2021";"08:10";"1";"56";"56033";"1";"1";"1";"6";"La Chauvelais";"47,8371370000";" -2,1021740000"
"202100019397";"13";"09";"2021";"18:16";"1";"56";"56247";"1";"2";"1";"3";"Lieu Dit Kermaria";"47,6537100000";" -2,5985830000"
"202100019398";"12";"09";"2021";"21:00";"3";"59";"59094";"1";"1";"1";"6";"D1";"50,9180240000";"2,1813870000"
"202100019399";"12";"09";"2021";"11:55";"1";"76";"76009";"1";"1";"1";"1";"D149";"49,6868878991";"0,6692440063"
"202100019400";"13";"09";"2021";"16:45";"1";"79";"79235";"1";"9";"1";"6";"La GroliÃ¨re";"46,8712340000";" -0,7573220000"
"202100019401";"13";"09";"2021";"03:55";"3";"80";"80273";"1";"1";"1";"1";"D1029";"49,7819710000";"1,9189060000"
"202100019402";"12";"09";"2021";"17:00";"1";"82";"82019";"1";"9";"1";"6";"D813";"44,0927300288";"1,0377413034"
"202100019403";"12";"09";"2021";"11:00";"1";"82";"82048";"1";"9";"1";"1";"D820";"43,8778190000";"1,2981460000"
"202100019404";"13";"09";"2021";"13:20";"1";"12";"12088";"1";"1";"1";"6";"RD15 ";"44,6593280000";"2,9470180000"
"202100019405";"12";"09";"2021";"18:15";"1";"46";"46003";"1";"1";"1";"7";"D673 PK 34+800";"44,8271130000";"1,7160770000"
"202100019406";"13";"09";"2021";"14:45";"1";"39";"39428";"1";"1";"1";"7";"N/A";"46,8023080000";"6,0195820000"
"202100019407";"6";"09";"2021";"11:15";"1";"38";"38261";"2";"6";"1";"2";"Route d Argent";"45,6727380000";"5,4711810000"
"202100019408";"12";"09";"2021";"13:35";"1";"02";"02071";"2";"1";"1";"6";"Rue du Mont a Berry";"49,4105470000";"3,1400850000"
"202100019409";"13";"09";"2021";"09:40";"1";"03";"03083";"1";"2";"1";"5";"La Racherie";"46,3439280000";"3,2863390000"
"202100019410";"8";"09";"2021";"04:30";"3";"15";"15119";"2";"1";"1";"6";"Route de Brousse";"45,2510920000";"3,2048820000"
"202100019411";"9";"09";"2021";"14:03";"1";"85";"85027";"1";"9";"1";"5";"D202";"46,9615160000";" -1,3153740000"
"202100019412";"12";"09";"2021";"18:12";"1";"72";"72334";"1";"9";"1";"3";"Ãtang Neuf (Eau)";"48,2062500000";" -0,1209570000"
"202100019413";"13";"09";"2021";"15:00";"1";"72";"72054";"1";"6";"1";"6";"D357";"48,0073240000";"0,3381300000"
"202100019414";"12";"09";"2021";"12:05";"1";"72";"72346";"1";"1";"1";"7";"Le Pavillon du Buisson";"47,8652060000";"0,0128100000"
"202100019415";"12";"09";"2021";"17:00";"1";"06";"06073";"1";"1";"1";"7";"M97";"44,1905360000";"7,1523030000"
"202100019416";"12";"09";"2021";"20:10";"2";"14";"14620";"1";"1";"1";"1";"D58";"49,3164363094";"0,1762157679"
"202100019417";"13";"09";"2021";"15:50";"1";"73";"73032";"1";"3";"1";"1";"D990";"45,6090170000";"6,4517530000"
"202100019418";"12";"09";"2021";"15:10";"1";"43";"43230";"1";"1";"1";"6";"D103";"45,1607600000";"3,9250530000"
"202100019419";"12";"09";"2021";"16:30";"1";"10";"10419";"1";"1";"1";"6";"Route DÃ©partementale 28";"48,1808640000";"4,2370800000"
"202100019420";"13";"09";"2021";"07:50";"1";"16";"16104";"1";"1";"7";"2";"Lieu-dit chez Ballon";"46,0374900000";"0,2148340000"