"Num_Acc";"jour";"mois";"an";"hrmn";"lum";"dep";"com";"agg";"int";"atm";"col";"adr";"lat";"long"
"202100019421";"13";"09";"2021";"09:30";"1";"85";"85084";"1";"3";"1";"3";"Les Noues les Essarts (Les Essarts)";"46,7783570000";" -1,2500090000"
"202100019422";"12";"09";"2021";"22:15";"5";"69";"69244";"2";"3";"1";"6";"DOCTEUR GUY LAURENT (R)";"45,7609100000";"4,7580000000"
"202100019423";"13";"09";"2021";"11:30";"1";"976";"97602";"1";"1";"1";"1";"PK 22,4 N1, DzoumognÃ©";" -12,7274240000";"45,1252270000"
"202100019424";"12";"09";"2021";"11:30";"1";"64";"64102";"1";"9";"1";"3";"PK 173.300 sens Espagne-France";"43,4818310000";" -1,4470300000"
"202100019425";"13";"09";"2021";"18:30";"1";"55";"55237";"1";"1";"1";"7";"Autoroute A4 PK 265+300";"49,1122470000";"5,5586480000"
"202100019426";"12";"09";"2021";"16:15";"1";"91";"91602";"1";"1";"1";"7";"Route dÃ©partementale 132";"48,5152080000";"2,1616300000"
"202100019427";"10";"09";"2021";"04:10";"3";"11";"11379";"1";"1";"1";"1";"D 6009";"43,0461310000";"2,9653000000"
"202100019428";"13";"09";"2021";"16:50";"1";"84";"84054";"1";"1";"1";"3";"route dÃ©partementale 31";"43,9393390000";"5,0291960000"
"202100019429";"12";"09";"2021";"01:40";"3";"06";"06048";"2";"1";"1";"6";"685CR4";"43,7853710000";"7,3331490000"
"202100019430";"12";"09";"2021";"21:20";"5";"04";"04039";"2";"6";"1";"7";"Giratoire RD 952 et RD 4085";"43,8461190000";"6,5126130000"
"202100019431";"12";"09";"2021";"17:15";"1";"71";"71297";"1";"1";"1";"7";"Runchy";"46,8935160000";"4,2596910000"
"202100019432";"12";"09";"2021";"16:47";"1";"52";"52315";"1";"1";"1";"6";"Route Departementale 619";"48,0129510000";"5,2456280000"
"202100019433";"13";"09";"2021";"08:30";"1";"63";"63200";"1";"2";"7";"3";"D54";"45,8419830000";"3,2146540000"
"202100019434";"12";"09";"2021";"00:30";"5";"42";"42094";"2";"1";"1";"1";"21 Rue de Verdun";"45,7425266426";"4,2234375106"
"202100019435";"12";"09";"2021";"21:45";"5";"69";"69107";"2";"1";"1";"5";"CENTRALE (R)";"46,0653700000";"4,4922280000"
"202100019436";"13";"09";"2021";"17:30";"1";"69";"69249";"1";"9";"1";"3";"RONTALON (DE) (RTE)";"45,6728933360";"4,6453928947"
"202100019437";"13";"09";"2021";"16:00";"1";"81";"81140";"1";"1";"1";"1";"d112";"43,6777420000";"1,8908500000"
"202100019438";"10";"09";"2021";"11:35";"1";"79";"79049";"2";"1";"1";"7";"42 Boulevard Alexandre 1er";"46,8398260000";" -0,4976300000"
"202100019439";"12";"09";"2021";"15:45";"1";"33";"33029";"2";"3";"1";"6";"1 avenue des pyrÃ©nnÃ©es";"44,6063950000";" -0,7699550000"
"202100019440";"10";"09";"2021";"15:00";"1";"35";"35343";"1";"3";"1";"3";"Rue des Marronniers";"47,8845640000";" -1,5454030000"
"202100019441";"12";"09";"2021";"15:20";"1";"91";"91689";"1";"1";"1";"2";"AUTOROUTE A6";"48,7296600000";"2,3144000000"
"202100019442";"11";"09";"2021";"17:30";"1";"94";"94034";"1";"1";"1";"6";"AUTOROUTE A86";"48,7563700000";"2,3326600000"
"202100019443";"12";"09";"2021";"20:45";"3";"92";"92036";"1";"9";"1";"2";"A86";"48,9383700387";"2,3001401108"
"202100019444";"12";"09";"2021";"19:20";"1";"78";"78640";"1";"1";"1";"6";"A86 INT";"48,7776830000";"2,2200540000"
"202100019445";"12";"09";"2021";"20:00";"1";"93";"93078";"1";"1";"1";"3";"AUTOROUTE A104";"48,9600224392";"2,5396764278"
"202100019446";"12";"09";"2021";"19:30";"1";"93";"93008";"1";"1";"1";"3";"AUTOROUTE A86";"48,9061800000";"2,4602200000"
"202100019447";"12";"09";"2021";"13:00";"1";"93";"93010";"1";"1";"1";"2";"AUTOROUTE A3";"48,9160200000";"2,4778000000"
"202100019448";"12";"09";"2021";"19:20";"1";"94";"94042";"1";"1";"1";"2";"A4";"48,8277250304";"2,4703252316"
"202100019449";"10";"09";"2021";"21:45";"3";"94";"94017";"1";"1";"1";"2";"A4";"48,8296800000";"2,4982300000"
"202100019450";"9";"09";"2021";"13:10";"1";"61";"61001";"1";"1";"8";"2";"KOUTIALA (AVENUE DE";"48,4254400000";"0,0780500000"
"202100019451";"31";"05";"2021";"22:30";"5";"38";"38075";"2";"4";"1";"6";"Rue de l'Epinette";"45,4681400000";"5,9894900000"
"202100019452";"31";"05";"2021";"17:45";"1";"38";"38185";"2";"2";"1";"3";"Boulevard Jean Pain";"45,1865000000";"5,7348000000"
"202100019453";"29";"05";"2021";"16:45";"1";"38";"38179";"2";"1";"1";"1";"Rue des RÃ©sidences";"45,1904000000";"5,7753700000"
"202100019454";"28";"05";"2021";"22:10";"3";"38";"38501";"2";"1";"1";"1";"impasse des cascades";"45,3008850000";"5,9504540000"
"202100019455";"27";"05";"2021";"16:20";"1";"38";"38075";"1";"1";"1";"7";"D285a";"45,4785350000";"5,9354580000"
"202100019456";"21";"05";"2021";"17:30";"1";"38";"38185";"2";"1";"1";"6";"Rue Jean Veyrat";"45,1811300000";"5,7127400000"
"202100019457";"20";"05";"2021";"18:32";"1";"38";"38051";"1";"1";"1";"6";"Rue des Ecoles";"45,3193000000";"4,8761590000"
"202100019458";"17";"05";"2021";"08:05";"1";"38";"38449";"2";"3";"8";"2";"Avenue des Arrivaux";"45,6421700000";"5,1194500000"
"202100019459";"9";"05";"2021";"16:29";"1";"38";"38545";"2";"1";"1";"1";"Route de Fontagneux";"45,0485800000";"5,6767250000"
"202100019460";"5";"09";"2021";"11:47";"1";"91";"91228";"2";"1";"1";"6";"BD CHAMPS ELYSEES CLINIQUE";"48,6381200000";"2,4262600000"
"202100019461";"10";"09";"2021";"21:30";"3";"93";"93027";"2";"9";"1";"6";"Avenue Paul Vaillant Couturier";"48,9281800000";"2,4184500000"
"202100019462";"11";"09";"2021";"18:15";"2";"974";"97411";"2";"3";"1";"2";"BOIS DE NEFLES (RUE DU)";" -20,8901500000";"55,4568000000"
"202100019463";"11";"09";"2021";"12:20";"1";"69";"69386";"2";"2";"1";"3";"CHARMETTES (DES) (R)";"45,7663500000";"4,8671900000"
"202100019464";"10";"09";"2021";"10:00";"1";"971";"97101";"1";"1";"1";"6";"Boulevard de la Concorde";"16,2500572902";" -61,5326079726"
"202100019465";"11";"09";"2021";"23:30";"5";"2A";"2A004";"2";"9";"1";"7";"ROSSINI PASCAL BD";"41,9145080187";"8,7295945278"
"202100019466";"11";"09";"2021";"14:45";"1";"86";"86194";"2";"2";"1";"3";"Avenue de Nantes";"46,5849700000";"0,3303700000"
"202100019467";"11";"09";"2021";"19:35";"1";"83";"83069";"2";"1";"1";"3";"MOULIN (AVENUE JEAN)";"43,1130873040";"6,1297193170"
"202100019468";"11";"09";"2021";"22:05";"5";"78";"78401";"2";"7";"1";"1";"ALBERT 1ER (QUAI)";"49,0030900000";"1,9078200000"
"202100019469";"11";"09";"2021";"09:55";"1";"77";"77284";"2";"9";"1";"2";"APPEL DU 18 JUIN 1940 (AV.DE L')";"48,9518143021";"2,9063291326"
"202100019470";"11";"09";"2021";"16:45";"1";"77";"77186";"1";"6";"1";"3";"D606";"48,3970300000";"2,6928600000"
"202100019471";"10";"09";"2021";"21:17";"5";"76";"76319";"2";"2";"1";"3";"Avenue Jean JaurÃ¨s";"49,3482400000";"0,9926900000"
"202100019472";"11";"09";"2021";"23:25";"5";"74";"74133";"2";"2";"1";"3";"CHATELET (RUE DU)";"46,1885900000";"6,2156400000"
"202100019473";"6";"09";"2021";"17:00";"1";"74";"74008";"2";"6";"1";"3";"PAIX (RUE DE LA)";"46,1956100000";"6,2236900000"
"202100019474";"12";"09";"2021";"00:57";"5";"72";"72181";"2";"1";"1";"2";"BOLLEE (AV) NÂ° IMP 1 A 63";"47,9959300000";"0,2071700000"
"202100019475";"11";"09";"2021";"16:30";"1";"69";"69275";"1";"3";"1";"3";"RASPAIL (R)";"45,7598800000";"4,9553100000"
"202100019476";"11";"09";"2021";"11:10";"1";"64";"64545";"2";"3";"1";"3";"PAUL GELOS (RUE)";"43,3779090000";" -1,6724760000"
"202100019477";"11";"09";"2021";"21:10";"5";"64";"64024";"2";"3";"1";"5";"CHAMBRE D'AMOUR (AVENUE DE LA)";"43,4961000000";" -1,5368300000"
"202100019478";"11";"09";"2021";"21:00";"5";"64";"64102";"2";"1";"1";"1";"DELVAILLE (AVENUE DU DOCTEUR CAMILLE)";"43,5119300000";" -1,4872800000"
"202100019479";"11";"09";"2021";"15:50";"1";"64";"64024";"2";"1";"1";"7";"BAYONNE (AVENUE DE)";"43,4813194361";" -1,5106442571"
"202100019480";"11";"09";"2021";"03:35";"5";"64";"64102";"2";"6";"1";"6";"MARAIS (ROND POINT DES)";"43,4914400000";" -1,4958600000"
"202100019481";"11";"09";"2021";"23:30";"5";"61";"61001";"2";"9";"1";"6";"REPUBLIQUE (BOULEVARD DE LA)";"48,4271900000";"0,0930200000"
"202100019482";"11";"09";"2021";"17:45";"1";"54";"54339";"2";"1";"1";"6";"VIEUX PONT DE PIERRE";"48,7061800000";"6,1843800000"
"202100019483";"11";"09";"2021";"12:30";"1";"54";"54395";"2";"1";"1";"2";"FRANCE (AVENUE ANATOLE)";"48,6864600000";"6,1601500000"
"202100019484";"11";"09";"2021";"22:24";"3";"51";"51454";"2";"1";"1";"1";"Boulevard du PrÃ©sident Wilson";"49,2359226163";"4,0268039739"
"202100019485";"11";"09";"2021";"15:35";"1";"51";"51454";"2";"1";"1";"6";"Rue de Courlancy";"49,2431500000";"4,0214900000"
"202100019486";"10";"09";"2021";"19:45";"2";"51";"51454";"2";"4";"1";"2";"Rue Clovis Chezel";"49,2410300000";"4,0337900000"
"202100019487";"12";"09";"2021";"01:05";"5";"49";"49007";"2";"1";"1";"2";"VOIE DES BERGES";"47,4896100000";" -0,5444700000"
"202100019488";"11";"09";"2021";"15:05";"1";"49";"49015";"2";"1";"1";"3";"BRUYERES RUE DES";"47,4961700000";" -0,5861300000"
"202100019489";"11";"09";"2021";"12:30";"1";"49";"49007";"2";"1";"1";"3";"GESLIN";"47,4818100000";" -0,5129200000"
"202100019490";"10";"09";"2021";"16:30";"1";"41";"41018";"2";"6";"1";"3";"RONSARD (RUE PIERRE DE)";"47,5910800000";"1,3232400000"
"202100019491";"11";"09";"2021";"17:50";"1";"38";"38185";"2";"5";"1";"1";"BERRIAT (COURS)             1 A 55-72";"45,1882590120";"5,7162233177"
"202100019492";"11";"09";"2021";"12:45";"1";"35";"35238";"2";"1";"1";"2";"PORTE ALMA";"48,0804920000";" -1,6749900000"
"202100019493";"11";"09";"2021";"00:40";"5";"33";"33063";"2";"3";"1";"5";"Boulevard Joliot-Curie";"44,8421900000";" -0,5425300000"
"202100019494";"11";"09";"2021";"14:00";"1";"29";"29019";"2";"3";"1";"3";"Rue de Guilers";"48,3867680000";" -4,5109780000"
"202100019495";"11";"09";"2021";"22:45";"5";"27";"27229";"2";"1";"1";"2";"QUATORZE JUILLET (BOULEVARD)";"49,0117500000";"1,1684300000"
"202100019496";"11";"09";"2021";"02:00";"5";"26";"26362";"2";"1";"1";"3";"108 Rue des Alpes";"44,9262100000";"4,9012600000"
"202100019497";"11";"09";"2021";"16:00";"1";"70";"70285";"2";"3";"7";"3";"LÃON JOUHAUX(AVENUE)";"47,5767600000";"6,7614500000"
"202100019498";"11";"09";"2021";"07:15";"2";"24";"24037";"1";"1";"5";"1";"COMBAL";"44,8227400000";"0,4767900000"
"202100019499";"11";"09";"2021";"19:30";"2";"13";"13207";"2";"1";"1";"3";"Corniche John FitzgÃ©rald Kennedy";"43,2817100000";"5,3511900000"
"202100019500";"11";"09";"2021";"15:30";"1";"13";"13208";"2";"1";"1";"1";"RABATAU (BOULEVARD)";"43,2764630581";"5,3974867597"
"202100019501";"11";"09";"2021";"06:45";"2";"13";"13206";"2";"9";"1";"3";"LAFON (RUE)";"43,2915049531";"5,3818081929"
"202100019502";"11";"09";"2021";"19:55";"1";"13";"13047";"2";"6";"1";"2";"FELIX GOUIN AVENUE";"43,4987038877";"4,9859019272"
"202100019503";"9";"09";"2021";"15:00";"1";"12";"12176";"2";"1";"1";"6";"ESPALION (ROUTE D')";"44,3660300000";"2,5861200000"
"202100019504";"11";"09";"2021";"01:30";"5";"10";"10387";"2";"7";"1";"3";"LA FONTAINE (RUE)";"48,2956000000";"4,0815800000"
"202100019505";"11";"09";"2021";"04:41";"5";"06";"06088";"2";"1";"1";"6";"VOIE RAPIDE";"43,6728600000";"7,2181740000"
"202100019506";"10";"09";"2021";"20:10";"3";"06";"06029";"2";"1";"1";"3";"JOURDAN (AVENUE MICHEL)";"43,5546720000";"6,9723230000"
"202100019507";"11";"09";"2021";"16:50";"1";"75";"75112";"2";"1";"1";"4";"BD PERIPHERIQUE INTERIEUR";"48,8456459651";"2,4141696774"
"202100019508";"11";"09";"2021";"14:00";"1";"75";"75118";"2";"1";"1";"3";"BD PERIPHERIQUE INTERIEUR";"48,9006750000";"2,3330950000"
"202100019509";"10";"09";"2021";"23:56";"5";"75";"75101";"2";"2";"1";"3";"QUAI DE L HORLOGE";"48,8561970000";"2,3464850000"
"202100019510";"11";"09";"2021";"11:30";"1";"75";"75118";"2";"2";"1";"6";"RUE DU MONT CENIS";"48,8918270000";"2,3439450000"
"202100019511";"10";"09";"2021";"22:45";"5";"75";"75116";"2";"2";"1";"3";"AVENUE FOCH";"48,8726710000";"2,2845910000"
"202100019512";"10";"09";"2021";"23:50";"5";"75";"75114";"2";"1";"1";"3";"AVENUE DU MAINE";"48,8284150000";"2,3267040000"
"202100019513";"11";"09";"2021";"18:40";"1";"75";"75112";"2";"4";"1";"6";"RUE CROZATIER";"48,8496606830";"2,3794358940"
"202100019514";"11";"09";"2021";"11:30";"1";"75";"75112";"2";"1";"1";"6";"COURS DE VINCENNES";"48,8471210000";"2,4066570000"
"202100019515";"11";"09";"2021";"09:25";"1";"75";"75112";"2";"1";"1";"6";"AVENUE DAUMESNIL";"48,8377150000";"2,4256380000"
"202100019516";"11";"09";"2021";"06:02";"5";"75";"75110";"2";"1";"1";"6";"BOULEVARD DE MAGENTA";"48,8810600000";"2,3517910000"
"202100019517";"10";"09";"2021";"23:10";"5";"75";"75109";"2";"2";"1";"6";"BOULEVARD POISSONNIERE";"48,8714859909";"2,3430510420"
"202100019518";"11";"09";"2021";"20:15";"5";"75";"75101";"2";"1";"1";"2";"QUAI DES TUILERIES";"48,8634800000";"2,3223030000"
"202100019519";"10";"09";"2021";"20:05";"5";"75";"75102";"2";"3";"8";"3";"RUE DU QUATRE SEPTEMBRE";"48,8700653150";"2,3339920493"
"202100019520";"11";"09";"2021";"18:25";"1";"94";"94038";"2";"1";"1";"6";"Avenue Flouquet";"48,7742350000";"2,3250680000"
"202100019521";"11";"09";"2021";"22:20";"5";"94";"94022";"2";"1";"1";"6";"BASCOUT (R)";"48,7729100000";"2,4188100000"
"202100019522";"11";"09";"2021";"15:15";"1";"94";"94001";"2";"1";"1";"1";"Rue du Bac";"48,7228396256";"2,4184298515"
"202100019523";"10";"09";"2021";"23:28";"5";"93";"93046";"2";"3";"1";"1";"WINSTON CHURCHILL AVENUE";"48,9139800000";"2,5364800000"
"202100019524";"11";"09";"2021";"15:05";"1";"93";"93051";"2";"1";"1";"2";"Boulevard du Levant";"48,8386700000";"2,5486330000"
"202100019525";"10";"09";"2021";"17:50";"1";"93";"93046";"2";"5";"2";"4";"ARISTIDE BRIAND AVENUE";"48,9112100000";"2,5166200000"
"202100019526";"11";"09";"2021";"14:26";"1";"93";"93079";"2";"9";"1";"6";"Parking Centre Commercial";"48,9493200000";"2,3434700000"
"202100019527";"11";"09";"2021";"20:45";"5";"93";"93001";"2";"1";"1";"3";"ANATOLE FRANCE  (BLD) IMPAIR";"48,9173800000";"2,3820200000"
"202100019528";"11";"09";"2021";"18:43";"1";"92";"92046";"2";"1";"1";"3";"RAYMOND DAVID";"48,8162882821";"2,2952623862"
"202100019529";"11";"09";"2021";"17:45";"1";"92";"92022";"2";"1";"1";"2";"SALENGRO (AVENUE ROGER)";"48,8195123535";"2,1993443370"
"202100019530";"10";"09";"2021";"22:00";"5";"92";"92050";"2";"2";"1";"3";"CLEMENCEAU GEORGES AVENUE NÂ° PAIR";"48,8866938946";"2,2052449561"
"202100019531";"11";"09";"2021";"12:35";"1";"92";"92048";"2";"3";"1";"1";"GEORGES MILLANDY (RUE)";"48,7848286609";"2,2322350711"
"202100019532";"12";"09";"2021";"16:30";"1";"54";"54527";"1";"1";"1";"7";"rue sans nom";"48,5490010562";"6,2613862761"
"202100019533";"12";"09";"2021";"16:30";"1";"2A";"2A018";"2";"3";"1";"7";"D19 - LE VILLAGE";"41,6820110000";"8,9919500000"
"202100019534";"11";"09";"2021";"21:45";"5";"2A";"2A249";"2";"1";"1";"2";"Rue du 9 Septembre";"41,6761130000";"8,9053580000"
"202100019535";"11";"09";"2021";"17:45";"1";"2A";"2A348";"1";"1";"1";"3";"RD 81 funtanella";"42,1148580000";"8,6521200000"
"202100019536";"11";"09";"2021";"19:05";"1";"51";"51649";"2";"1";"1";"3";"Rue du 8 Mai 1945";"48,7169210000";"4,5901130000"
"202100019537";"12";"09";"2021";"14:30";"1";"25";"25212";"2";"1";"1";"7";"Rue du Poirier";"47,2747750000";"5,9857440000"
"202100019538";"12";"09";"2021";"10:20";"1";"85";"85158";"1";"1";"1";"2";"A83";"46,4814930000";" -0,9476830000"
"202100019539";"11";"09";"2021";"16:45";"1";"52";"52076";"1";"1";"1";"3";"D65";"48,0874970000";"5,0085850000"
"202100019540";"10";"09";"2021";"05:56";"3";"71";"71270";"1";"1";"8";"2";"Autoroute A6, PK 382.920, sens Paris-Lyon";"46,3527340000";"4,8276760000"
"202100019541";"12";"09";"2021";"12:30";"1";"51";"51217";"1";"2";"1";"3";"D3";"49,0630122894";"3,6181109441"
"202100019542";"12";"09";"2021";"10:40";"1";"67";"67548";"2";"3";"1";"1";"26 Route de Saverne";"48,6411150000";"7,6064600000"
"202100019543";"10";"09";"2021";"08:35";"1";"34";"34163";"1";"1";"1";"6";"Montarnaud;Saint-Paul et Valmalle (Embranchement d'autoroute)";"43,6283210000";"3,6989110000"
"202100019544";"11";"09";"2021";"20:15";"3";"30";"30254";"2";"1";"1";"6";"dÃ©partementale 980, PK 22+450";"44,0688790000";"4,7182420000"
"202100019545";"10";"09";"2021";"21:45";"3";"34";"34295";"1";"1";"1";"2";"D613";"43,5658200000";"3,8052280000"
"202100019546";"12";"09";"2021";"16:24";"1";"59";"59547";"2";"1";"1";"3";"67 Rue Jean JaurÃ¨s";"50,1918610000";"3,4265700000"
"202100019547";"8";"09";"2021";"19:40";"1";"56";"56094";"1";"1";"1";"2";"Lieu Dit Kergatamignan";"47,7436540000";" -3,2998240000"
"202100019548";"11";"09";"2021";"23:00";"3";"56";"56248";"1";"1";"1";"7";"Bilair";"47,5947620000";" -2,6496580000"
"202100019549";"12";"09";"2021";"09:51";"1";"2A";"2A323";"1";"1";"1";"6";"RT20 Zone artisanale de la gravona";"42,0186210000";"8,8915340000"
"202100019550";"11";"09";"2021";"13:30";"1";"2B";"2B150";"1";"1";"1";"2";"Route de calvi";"42,5635751310";"8,8073980801"
"202100019551";"12";"09";"2021";"15:56";"1";"80";"80732";"1";"1";"1";"5";"D1015";"49,8745590000";"1,7315480000"
"202100019552";"12";"09";"2021";"09:30";"1";"61";"61158";"1";"2";"1";"3";"Lieu Dit le Gue de Rouvre";"48,6726570000";" -0,3044840000"
"202100019553";"12";"09";"2021";"09:30";"1";"47";"47043";"1";"1";"1";"6";"Route de Thouars";"44,2584090000";"0,3110610000"
"202100019554";"11";"09";"2021";"18:50";"1";"68";"68082";"1";"3";"1";"3";"4 Les Octrois";"47,8619920000";"7,3716600000"
"202100019555";"12";"09";"2021";"16:05";"1";"39";"39434";"1";"1";"1";"2";"N/A";"46,8532430000";"5,6854680000"
"202100019556";"12";"09";"2021";"15:40";"1";"44";"44081";"1";"1";"1";"1";"La Gestiere";"46,8812710000";" -1,5320130000"
"202100019557";"12";"09";"2021";"17:30";"1";"44";"44145";"2";"1";"1";"7";"La Caverniere";"47,1781070000";" -1,8664510000"
"202100019558";"11";"09";"2021";"00:10";"3";"31";"31033";"1";"1";"1";"6";"D622";"43,3504920000";"1,4571480000"
"202100019559";"11";"09";"2021";"00:45";"3";"38";"38351";"1";"1";"1";"1";"D522";"45,5384590000";"5,2295570000"
"202100019560";"11";"09";"2021";"19:15";"1";"38";"38163";"1";"1";"1";"6";"D525a";"45,3790250000";"6,0902670000"
"202100019561";"29";"08";"2021";"14:40";"1";"38";"38460";"2";"1";"1";"3";"Route des Rivoires";"45,4669630000";"5,6072760000"
"202100019562";"11";"09";"2021";"17:30";"1";"03";"03053";"1";"1";"1";"2";"Route de Bellenaves";"46,2334400000";"3,1468300000"
"202100019563";"11";"09";"2021";"18:30";"2";"01";"01412";"1";"2";"1";"5";"Route Departementale 2";"46,1657890000";"4,9631170000"
"202100019564";"10";"09";"2021";"07:15";"1";"26";"26155";"1";"1";"2";"3";"677 Route de Beaurepaire";"45,3225930000";"5,0053670000"
"202100019565";"12";"09";"2021";"15:10";"1";"06";"06079";"1";"1";"1";"1";"Boulevard du Bon Puits";"43,5220410000";"6,9333440000"
"202100019566";"12";"09";"2021";"03:30";"3";"14";"14371";"1";"1";"1";"6";"D4";"49,0038110000";"0,1718730000"
"202100019567";"12";"09";"2021";"06:10";"3";"14";"14607";"1";"1";"1";"6";"D33";"49,1084540000";" -0,6707080000"
"202100019568";"12";"09";"2021";"15:49";"1";"50";"50410";"1";"1";"1";"1";"N176";"48,5624600000";" -1,5105210000"
"202100019569";"12";"09";"2021";"10:50";"1";"90";"90097";"2";"1";"1";"3";"RD437";"47,5670720000";"6,8605650000"
"202100019570";"11";"09";"2021";"18:00";"1";"45";"45307";"1";"1";"1";"1";"52 Rue de Bretagne";"48,0669170000";"2,8853170000"
"202100019571";"11";"09";"2021";"17:30";"1";"85";"85164";"1";"1";"1";"7";"Les Pillenieres";"46,8236740000";" -2,1214180000"
"202100019572";"11";"09";"2021";"14:00";"1";"27";"27680";"1";"1";"1";"7";"RD 35";"48,9209910000";"0,4347320000"
"202100019573";"12";"09";"2021";"15:20";"1";"17";"17243";"1";"2";"1";"1";"Frappe";"45,2478260000";" -0,2889980000"
"202100019574";"12";"09";"2021";"03:00";"3";"30";"30003";"1";"6";"1";"7";"RD62";"43,5723310000";"4,1745360000"
"202100019575";"11";"09";"2021";"15:09";"1";"08";"08190";"2";"6";"1";"3";"Route de Beauraing";"50,1335850000";"4,8519110000"
"202100019576";"12";"09";"2021";"07:30";"1";"49";"49092";"1";"1";"1";"7";"RD 84 PK 07.600";"47,2070990000";" -0,6363490000"
"202100019577";"12";"09";"2021";"17:48";"1";"34";"34320";"2";"1";"1";"7";"Rue des Amandiers";"43,6672719903";"3,7176838105"
"202100019578";"11";"09";"2021";"23:40";"3";"11";"11170";"1";"6";"1";"5";"D332";"43,1173650000";"3,0892020000"
"202100019579";"11";"09";"2021";"19:10";"2";"973";"97304";"2";"1";"1";"1";"Rue Thomas Guidiglo";"5,1573470000";" -52,6435390000"
"202100019580";"11";"09";"2021";"15:13";"1";"21";"21171";"1";"6";"2";"7";"rond point d107 et D122A";"47,3031850000";"5,1047270000"
"202100019581";"25";"08";"2021";"08:00";"1";"91";"91579";"2";"1";"1";"3";"Avenue Charles RenÃ© de Mortemart";"48,5400090000";"2,3425120000"
"202100019582";"23";"08";"2021";"12:30";"1";"78";"78623";"1";"1";"1";"2";"Route nationale 12";"48,7946380000";"1,8741770000"
"202100019583";"10";"09";"2021";"01:50";"3";"2A";"2A041";"2";"1";"1";"1";"Cala Longa";"41,3899780000";"9,2077660000"
"202100019584";"11";"09";"2021";"15:50";"1";"34";"34213";"1";"3";"1";"4";"Avenue de SÃ¨te";"43,4744740000";"3,6783490000"
"202100019585";"12";"09";"2021";"15:05";"1";"83";"83035";"1";"1";"1";"1";"412 MontÃ©e du Vieux Camp";"43,2335500000";"5,7658510000"
"202100019586";"11";"09";"2021";"18:50";"1";"83";"83107";"1";"1";"1";"6";"Route de la Bouverie";"43,4797130000";"6,6653910000"
"202100019587";"12";"09";"2021";"14:50";"1";"05";"05079";"1";"1";"1";"1";"D902";"45,0616540000";"6,4084200000"
"202100019588";"12";"09";"2021";"15:51";"1";"70";"70026";"2";"3";"1";"4";"Rue des Giranaux";"47,4586680000";"5,6017720000"
"202100019589";"10";"09";"2021";"18:30";"1";"89";"89013";"1";"1";"3";"3";"A6";"47,8645150000";"3,5110330000"
"202100019590";"11";"09";"2021";"19:15";"1";"71";"71444";"2";"1";"1";"6";"RD906 Gare (ArrÃªt de bus)";"46,7284630000";"4,8578350000"
"202100019591";"12";"09";"2021";"00:25";"3";"71";"71235";"1";"1";"1";"6";"Route de la GrisiÃ¨re";"46,3570284699";"4,7995769974"
"202100019592";"11";"09";"2021";"21:40";"3";"74";"74056";"2";"3";"1";"3";"Rte d Argentiere";"45,9512090000";"6,9003580000"
"202100019593";"12";"09";"2021";"10:30";"1";"42";"42094";"2";"1";"1";"6";"Boulevard de l Hippodrome";"45,7411776170";"4,2183941205"
"202100019594";"11";"09";"2021";"17:20";"1";"42";"42211";"2";"2";"1";"1";"Rue de la Becque";"45,5281330000";"4,2334240000"
"202100019595";"2";"09";"2021";"22:00";"3";"26";"26220";"1";"1";"1";"6";"Chemin de Pied de Vaux";"44,3726440000";"5,1246500000"
"202100019596";"11";"09";"2021";"18:00";"1";"19";"19101";"1";"1";"1";"6";"Route de beaulieu";"45,2448468788";"1,7708997641"
"202100019597";"11";"09";"2021";"15:40";"1";"85";"85300";"1";"1";"1";"1";"D42";"46,6847170000";" -1,5767530000"
"202100019598";"12";"09";"2021";"02:30";"5";"29";"29042";"2";"1";"1";"6";"Boulevard de la France Libre";"48,2397730000";" -4,4944760000"
"202100019599";"11";"09";"2021";"17:00";"1";"27";"27358";"2";"1";"1";"7";"19 Rue des Folies";"49,0366770000";"1,2786840000"
"202100019600";"10";"09";"2021";"08:05";"1";"60";"60533";"1";"3";"1";"1";"D935";"49,5218530000";"2,7132900000"
"202100019601";"11";"09";"2021";"06:10";"3";"94";"94034";"1";"1";"1";"3";"AUTOROUTE A86";"48,7588100000";"2,3366000000"
"202100019602";"11";"09";"2021";"06:50";"1";"92";"92002";"1";"1";"1";"3";"AUTOROUTE A10";"48,7339941782";"2,3133623600"
"202100019603";"11";"09";"2021";"16:00";"1";"78";"78640";"1";"1";"1";"2";"A86 INT";"48,7771460000";"2,2239220000"
"202100019604";"11";"09";"2021";"12:45";"1";"92";"92050";"1";"1";"1";"2";"A86";"48,9145462162";"2,2193848208"
"202100019605";"11";"09";"2021";"00:30";"5";"78";"78466";"1";"1";"9";"6";"A13";"48,9250090000";"1,9984790000"
"202100019606";"10";"09";"2021";"20:18";"3";"93";"93027";"1";"1";"1";"6";"AUTOROUTE A86";"48,9283800000";"2,4140700000"
"202100019607";"10";"09";"2021";"13:10";"1";"89";"89387";"2";"2";"2";"6";"JEAN JAURES (PLACE)";"48,1994250000";"3,2826320000"
"202100019608";"10";"09";"2021";"11:20";"1";"78";"78418";"2";"9";"8";"6";"PAUL DEMANGE (PLACE)";"48,9065370000";"2,1509830000"
"202100019609";"10";"09";"2021";"06:45";"5";"76";"76575";"1";"2";"1";"6";"LENINE. BOULEVARD";"49,3812558274";"1,1099462025"