"Num_Acc";"jour";"mois";"an";"hrmn";"lum";"dep";"com";"agg";"int";"atm";"col";"adr";"lat";"long"
"202100019610";"10";"09";"2021";"12:50";"1";"42";"42183";"2";"1";"2";"6";"Route de Caintin";"45,4103269823";"4,3671138537"
"202100019611";"10";"09";"2021";"16:25";"1";"27";"27229";"2";"6";"1";"6";"SAINT ANDRE (ROUTE DE)";"49,0099000000";"1,1666600000"
"202100019612";"10";"07";"2021";"15:35";"1";"44";"44109";"2";"3";"1";"3";"RUE DE LA RIPOSSIERE";"47,1936100000";" -1,5303100000"
"202100019613";"10";"09";"2021";"19:51";"3";"974";"97416";"1";"1";"1";"7";"ANCIENNE RN 1";" -21,3245000000";"55,4455200000"
"202100019614";"9";"09";"2021";"08:50";"1";"974";"97407";"2";"1";"1";"6";"LENINE (AVENUE)";" -20,9417500000";"55,3021610000"
"202100019615";"9";"09";"2021";"15:20";"1";"973";"97302";"2";"1";"1";"3";"DE GAULLE (AVENUE)";"4,9391500000";" -52,3305000000"
"202100019616";"9";"09";"2021";"17:50";"1";"973";"97302";"2";"1";"1";"3";"MADELEINE (ROUTE DE LA)";"4,9150200000";" -52,3209600000"
"202100019617";"19";"07";"2021";"04:30";"5";"69";"69387";"2";"1";"1";"2";"MARC BLOCH (R)";"45,7469800000";"4,8459000000"
"202100019618";"10";"09";"2021";"17:40";"1";"69";"69388";"2";"3";"1";"3";"CONCORDE (DE LA) (R)";"45,7321500000";"4,8697600000"
"202100019619";"10";"09";"2021";"14:30";"1";"69";"69259";"2";"3";"1";"3";"GAMBETTA (R)";"45,6985300000";"4,8829700000"
"202100019620";"10";"09";"2021";"06:30";"2";"69";"69259";"2";"2";"1";"6";"8 MAI 1945 (DU) (AV)";"45,6933300000";"4,8714100000"
"202100019621";"10";"09";"2021";"23:40";"5";"69";"69384";"2";"7";"1";"3";"BERTONE (PL)";"45,7775800000";"4,8348300000"
"202100019622";"10";"09";"2021";"21:32";"5";"69";"69389";"2";"1";"1";"3";"MARIETTON (R)";"45,7755800000";"4,7950200000"
"202100019623";"9";"09";"2021";"12:05";"1";"69";"69034";"2";"1";"2";"6";"COMBATTANTS D'A.F.N. 1952-1962 (DES) (AV)";"45,7992200000";"4,8505100000"
"202100019624";"10";"09";"2021";"16:15";"1";"2B";"2B353";"2";"1";"1";"3";"CAP - ROUTE DU CAP";"42,7118100000";"9,4542700000"
"202100019625";"10";"09";"2021";"19:55";"5";"971";"97113";"1";"1";"1";"6";"BAS DU FORT";"16,2212100000";" -61,5216400000"
"202100019626";"10";"09";"2021";"05:45";"3";"95";"95539";"1";"1";"1";"2";"RD 301";"48,9934300000";"2,3609500000"
"202100019627";"9";"09";"2021";"13:30";"1";"95";"95268";"2";"1";"1";"3";"AV DE STALINGRAD";"48,9658502294";"2,4085454047"
"202100019628";"9";"09";"2021";"12:30";"1";"91";"91691";"2";"1";"1";"3";"PASTEUR (RUE)";"48,6940800000";"2,4852700000"
"202100019629";"10";"09";"2021";"07:45";"1";"91";"91027";"2";"2";"1";"3";"AV DU 18 AVRIL";"48,7013500000";"2,3861700000"
"202100019630";"10";"09";"2021";"13:25";"1";"91";"91223";"1";"1";"2";"7";"CHARLES DE GAULLE (RUE)";"48,4290100000";"2,1590100000"
"202100019631";"9";"09";"2021";"14:55";"1";"91";"91223";"2";"1";"1";"1";"R.D.20";"48,4287100000";"2,1578400000"
"202100019632";"9";"09";"2021";"22:45";"3";"86";"86158";"1";"1";"1";"1";"RD30";"46,6281500000";"0,2648500000"
"202100019633";"10";"09";"2021";"10:10";"1";"83";"83090";"2";"1";"1";"6";"GARE (ROUTE DE LA)";"43,1235900000";"5,8228400000"
"202100019634";"8";"09";"2021";"15:02";"1";"83";"83062";"2";"1";"1";"6";"CARNOT (AVENUE SADI)";"43,1239260000";"6,0063460000"
"202100019635";"27";"08";"2021";"13:15";"1";"80";"80021";"2";"1";"1";"6";"ROUEN (RUE DE)";"49,8869600000";"2,2784800000"
"202100019636";"8";"09";"2021";"19:50";"1";"80";"80261";"1";"1";"1";"6";"AUCHAN (ZONE COMMERCIALE)";"49,8629600000";"2,2783600000"
"202100019637";"7";"09";"2021";"08:00";"1";"80";"80489";"1";"1";"1";"6";"JEAN LEROY (RUE)";"49,8641720205";"2,3491147198"
"202100019638";"8";"09";"2021";"17:25";"1";"80";"80021";"2";"1";"1";"1";"BOUTILLERIE (RUE DE)";"49,8789200000";"2,3318100000"
"202100019639";"7";"09";"2021";"13:10";"1";"80";"80021";"2";"2";"1";"1";"ALBERT 1ER (MAIL)";"49,8888300000";"2,2949700000"
"202100019640";"8";"09";"2021";"14:50";"1";"78";"78646";"2";"2";"1";"6";"BAILLET REVIRON (RUE)";"48,8083800000";"2,1322300000"
"202100019641";"8";"09";"2021";"18:45";"1";"78";"78646";"2";"1";"1";"6";"ETATS UNIS (AVENUE DES)";"48,8064960000";"2,1427820000"
"202100019642";"10";"09";"2021";"11:40";"1";"78";"78551";"2";"3";"7";"6";"LECLERC (AVENUE DU GENERAL)";"48,8872000000";"2,0975600000"
"202100019643";"10";"09";"2021";"17:10";"1";"78";"78517";"2";"1";"1";"3";"CURIE (RUE PIERRE ET MARIE CURIE)";"48,6524950000";"1,8267050000"
"202100019644";"10";"09";"2021";"07:45";"1";"78";"78401";"2";"3";"2";"3";"TESSANCOURT (RUE DE)";"49,0087200000";"1,9051000000"
"202100019645";"10";"09";"2021";"01:15";"5";"78";"78172";"1";"9";"1";"3";"BRETELLE ACCES RD 203 / RN 184";"49,0022830000";"2,0814420000"
"202100019646";"10";"09";"2021";"05:30";"3";"77";"77445";"1";"1";"2";"3";"D306";"48,6055012062";"2,5826740543"
"202100019647";"10";"09";"2021";"09:45";"1";"77";"77302";"2";"1";"1";"1";"D40";"48,3066880000";"2,7071880000"
"202100019648";"9";"09";"2021";"17:55";"1";"76";"76497";"2";"1";"1";"7";"CD 3 (RUE ARISTIDE BRIAND)";"49,3857700000";"1,0220700000"
"202100019649";"9";"09";"2021";"19:40";"1";"76";"76231";"2";"6";"1";"2";"BOURGTHEROULDE. RUE DE";"49,2888200000";"0,9882900000"
"202100019650";"9";"09";"2021";"16:00";"1";"76";"76447";"2";"1";"2";"7";"BELLE ETOILE";"49,5377579448";"0,1753690280"
"202100019651";"6";"09";"2021";"17:50";"1";"73";"73087";"2";"6";"1";"3";"PYRAMIDES ( ROND POINT DES )";"45,5593500000";"5,8958800000"
"202100019652";"10";"09";"2021";"21:15";"5";"72";"72181";"2";"1";"1";"3";"DEGRE (RTE)";"48,0170800000";"0,1778600000"
"202100019653";"9";"09";"2021";"10:00";"1";"71";"71040";"2";"1";"1";"3";"BOIS CLAIR (RUE DU)";"46,6975900000";"4,3721900000"
"202100019654";"9";"09";"2021";"12:20";"1";"69";"69266";"2";"1";"1";"1";"PAUL KRUGER (AV)";"45,7545800000";"4,9028300000"
"202100019655";"10";"09";"2021";"14:19";"1";"66";"66136";"2";"1";"2";"3";"SAINT-ASSISCLE (BOULEVARD DE)";"42,6955369666";"2,8784957528"
"202100019656";"10";"09";"2021";"07:05";"2";"66";"66136";"2";"1";"1";"6";"ESCARGUEL (COURS LAZARE)";"42,6974600000";"2,8894500000"
"202100019657";"9";"09";"2021";"21:05";"3";"66";"66136";"1";"1";"2";"1";"R D 900";"42,7137678356";"2,8724262491"
"202100019658";"8";"09";"2021";"07:55";"1";"64";"64122";"2";"1";"1";"3";"ALAN SEEGER (AVENUE)";"43,4568400000";" -1,5442200000"
"202100019659";"10";"09";"2021";"10:20";"1";"64";"64024";"2";"1";"1";"7";"PLAGES (BOULEVARD DES)";"43,5005100000";" -1,5387300000"
"202100019660";"9";"09";"2021";"18:30";"1";"62";"62894";"2";"1";"1";"6";"DE GAULLE ( Rue du GÃ©nÃ©ral)";"50,7621500000";"1,6334600000"
"202100019661";"10";"09";"2021";"19:35";"2";"60";"60159";"2";"1";"1";"6";"Rue du Port Ã  Bateaux";"49,4168646533";"2,8179720483"
"202100019662";"14";"07";"2021";"01:00";"5";"59";"59475";"2";"1";"1";"6";"LIEGE (RUE DE)";"50,3168000000";"3,4647100000"
"202100019663";"10";"09";"2021";"21:25";"5";"59";"59350";"2";"1";"1";"3";"LIBERTE BVD NÂ°2 - 90-51 - 145";"50,6330266762";"3,0594080687"
"202100019664";"10";"09";"2021";"15:10";"1";"59";"59350";"2";"1";"1";"6";"HOOVER AVENUE DU PRESIDENT";"50,6310712919";"3,0770596862"
"202100019665";"9";"09";"2021";"13:35";"1";"56";"56098";"2";"2";"1";"6";"Rue Jules Guesde";"47,7622200000";" -3,3374200000"
"202100019666";"10";"09";"2021";"18:45";"1";"54";"54578";"2";"2";"1";"1";"MULLER (AVENUE PAUL)";"48,6568100000";"6,1316600000"
"202100019667";"9";"09";"2021";"22:12";"5";"54";"54274";"2";"1";"1";"6";"REPUBLIQUE (RUE DE LA)";"48,6756300000";"6,2000600000"
"202100019668";"9";"09";"2021";"17:40";"1";"54";"54304";"2";"1";"1";"6";"MOSELLE (RUE DE LA)";"48,6989985298";"6,1347299380"
"202100019669";"10";"09";"2021";"13:00";"1";"51";"51454";"2";"1";"1";"3";"Rue Pierre Maitre";"49,2624392924";"4,0087920427"
"202100019670";"10";"09";"2021";"18:50";"1";"49";"49007";"2";"1";"1";"3";"AYRAULT";"47,4775100000";" -0,5531920000"
"202100019671";"10";"09";"2021";"17:47";"1";"49";"49007";"1";"1";"1";"3";"RD 323";"47,4681300000";" -0,5857400000"
"202100019672";"10";"09";"2021";"08:00";"2";"45";"45234";"2";"2";"1";"3";"Avenue de la Mouillere";"47,8831874299";"1,9095611572"
"202100019673";"10";"09";"2021";"17:25";"1";"44";"44109";"2";"3";"1";"6";"RUE DE LA MAISON BLANCHE";"47,2291320000";" -1,5882620000"
"202100019674";"10";"09";"2021";"04:44";"5";"37";"37261";"2";"3";"1";"6";"LOIRE (QUAI DE LA)";"47,3975412612";"0,6674046814"
"202100019675";"9";"09";"2021";"17:10";"1";"37";"37261";"2";"1";"1";"6";"INDY (RUE VINCENT D')";"47,3678452932";"0,7068941966"
"202100019676";"9";"09";"2021";"13:40";"1";"37";"37122";"2";"1";"1";"6";"BEAULIEU (RUE DE)";"47,3627178463";"0,6593858479"
"202100019677";"9";"09";"2021";"09:39";"1";"37";"37261";"2";"6";"1";"6";"HEURTELOUP (BOULEVARD)";"47,3946129074";"0,7045079023"
"202100019678";"9";"09";"2021";"09:00";"1";"37";"37122";"2";"1";"1";"2";"PONT VOLANT (RUE DU)";"47,3616518055";"0,6730006143"
"202100019679";"10";"09";"2021";"08:40";"1";"35";"35238";"1";"1";"1";"3";"PORTE DE VILLEJEAN";"48,1096000000";" -1,7178600000"
"202100019680";"8";"09";"2021";"11:30";"1";"34";"34032";"2";"1";"1";"3";"MOULIN JEAN (AV)";"43,3528066661";"3,2329067588"
"202100019681";"8";"09";"2021";"17:30";"1";"34";"34032";"1";"1";"1";"7";"ROUTE DE VILLENEUVE (RD612B)";"43,3666000000";"3,2182100000"
"202100019682";"10";"09";"2021";"12:45";"1";"33";"33550";"2";"1";"1";"5";"Chemin de Couhins";"44,7531830000";" -0,5851700000"
"202100019683";"10";"09";"2021";"06:45";"5";"33";"33281";"2";"9";"1";"3";"Avenue de Magudas";"44,8572300001";" -0,6589700000"
"202100019684";"9";"09";"2021";"17:20";"1";"33";"33063";"2";"1";"1";"1";"Avenue dâEysines";"44,8628260000";" -0,6174620000"
"202100019685";"10";"09";"2021";"16:05";"1";"33";"33529";"1";"6";"1";"2";"RD 1250 (CAMICAS-OUSTALET)";"44,6303000000";" -1,1566400000"
"202100019686";"10";"09";"2021";"12:45";"1";"33";"33529";"1";"6";"1";"2";"RD 1250 (CAMICAS-OUSTALET)";"44,6467700000";" -1,1584300000"
"202100019687";"10";"09";"2021";"13:45";"1";"31";"31555";"2";"1";"1";"4";"SUISSE (BD DE) DU 7AU 162";"43,6157368382";"1,4213521779"
"202100019688";"7";"09";"2021";"16:30";"1";"30";"30189";"2";"1";"1";"3";"ALLENDE SALVADOR (RUE)";"43,8246000000";"4,3700000000"
"202100019689";"10";"09";"2021";"23:40";"5";"30";"30007";"2";"1";"1";"6";"UZES (ROUTE D')";"44,1149000000";"4,0985800000"
"202100019690";"10";"09";"2021";"17:18";"4";"29";"29019";"2";"2";"6";"3";"Carrefour des Quatre vents";"48,4165370000";" -4,4628820000"
"202100019691";"8";"09";"2021";"20:20";"1";"29";"29019";"2";"1";"1";"6";"Rue de lâElorn";"48,3855433717";" -4,4760393188"
"202100019692";"10";"09";"2021";"18:50";"1";"22";"22360";"1";"1";"1";"2";"RN12";"48,4840781126";" -2,7041462660"
"202100019693";"10";"09";"2021";"08:10";"1";"22";"22106";"2";"1";"2";"7";"VERNE (RUE JULES)";"48,4965883381";" -2,7305054038"
"202100019694";"8";"09";"2021";"20:13";"5";"21";"21231";"2";"5";"1";"3";"CHARLES DUMONT (RUE)";"47,3133822432";"5,0406666945"
"202100019695";"10";"09";"2021";"19:00";"1";"18";"18050";"2";"2";"3";"1";"TROUY (ROUTE DE)";"47,0567463128";"2,3254832625"
"202100019696";"10";"09";"2021";"09:40";"1";"17";"17306";"2";"1";"2";"1";"AMPERE";"45,6314300000";" -1,0010500000"
"202100019697";"10";"09";"2021";"03:20";"5";"17";"17306";"2";"3";"8";"7";"LAVOISIER (ANTOINE DE)";"45,6314640000";" -0,9884930000"
"202100019698";"10";"09";"2021";"16:59";"1";"17";"17300";"2";"2";"1";"6";"COLIGNY   AVENUE";"46,1630700000";" -1,1651500000"
"202100019699";"9";"09";"2021";"18:00";"1";"14";"14557";"1";"1";"1";"4";"D278";"49,3257800000";"0,0863600000"
"202100019700";"8";"09";"2021";"21:00";"5";"13";"13039";"2";"1";"1";"7";"GUIGONNET (Route du)";"43,4502400000";"4,9253800000"
"202100019701";"10";"09";"2021";"20:15";"1";"13";"13209";"2";"1";"1";"2";"CONCORDE (BOULEVARD DE LA)";"43,2504100000";"5,4032900000"
"202100019702";"10";"09";"2021";"22:00";"5";"13";"13213";"2";"1";"1";"2";"ESCADRILLE NORMANDIE NIEMEN";"43,3304700000";"5,4096300000"
"202100019703";"9";"09";"2021";"20:10";"1";"13";"13203";"2";"4";"1";"3";"STRASBOURG (BOULEVARD)";"43,3079200000";"5,3764700000"
"202100019704";"10";"09";"2021";"09:01";"1";"13";"13211";"2";"3";"1";"5";"RTE D' ALLAUCH";"43,3020500000";"5,5011400000"
"202100019705";"10";"09";"2021";"20:00";"5";"13";"13063";"2";"6";"1";"3";"MARECHAL DE LATTRE DE TASSIGNY  ROND POI";"43,5876100000";"5,0026600000"
"202100019706";"10";"09";"2021";"13:00";"1";"13";"13001";"2";"2";"2";"3";"BROSSOLETTE PIERRE (AV)";"43,5192495257";"5,4427279565"
"202100019707";"9";"09";"2021";"14:50";"1";"13";"13114";"1";"1";"1";"2";"ROQUEFAVOUR (RTE DE)";"43,5269424664";"5,2885659725"
"202100019708";"10";"09";"2021";"15:25";"1";"11";"11069";"2";"4";"1";"2";"COLOMB CHRISTOPHE -PONT ROUGE-";"43,2361500000";"2,3690900000"
"202100019709";"8";"09";"2021";"20:10";"5";"11";"11069";"2";"7";"8";"3";"VERDUN";"43,2124300000";"2,3466900000"
"202100019710";"9";"09";"2021";"21:25";"3";"10";"10081";"1";"1";"8";"5";"NECKARBISCHOFSHEIM (CD)";"48,3084400000";"4,0221600000"
"202100019711";"9";"09";"2021";"08:50";"1";"10";"10387";"2";"1";"2";"7";"CHARMILLES (MAIL DES)";"48,3029000000";"4,0867600000"
"202100019712";"10";"09";"2021";"11:10";"1";"08";"08105";"1";"1";"2";"3";"D951";"49,7358400000";"4,7212100000"
"202100019713";"10";"09";"2021";"08:45";"1";"06";"06069";"2";"1";"1";"1";"DRAGUIGNAN (ROUTE DE) - D2562-";"43,6414630000";"6,9112820000"
"202100019714";"10";"09";"2021";"11:15";"1";"06";"06123";"2";"1";"1";"6";"SOUVENIR FRANCAIS ALLEE DU";"43,6838820000";"7,1855130000"
"202100019715";"10";"09";"2021";"11:02";"1";"06";"06123";"2";"6";"1";"3";"AICARD AVENUE";"43,6829650000";"7,1887160000"
"202100019716";"9";"09";"2021";"06:00";"3";"05";"05061";"2";"1";"1";"3";"ST JEAN ( ROUTE DE )";"44,5370800000";"6,0493900000"
"202100019717";"9";"09";"2021";"23:55";"5";"75";"75106";"2";"3";"1";"3";"RUE DE VAUGIRARD";"48,8493068549";"2,3373264590"
"202100019718";"8";"09";"2021";"22:49";"5";"75";"75106";"2";"7";"2";"3";"PLACE DU DIX HUIT JUIN 1940";"48,8440440000";"2,3234310000"
"202100019719";"10";"09";"2021";"16:10";"1";"75";"75110";"2";"3";"1";"3";"BOULEVARD DE LA VILLETTE";"48,8814930000";"2,3704040000"
"202100019720";"10";"09";"2021";"18:05";"1";"75";"75117";"2";"3";"1";"6";"BOULEVARD MALESHERBES";"48,8847200000";"2,3078170000"
"202100019721";"10";"09";"2021";"19:00";"1";"75";"75116";"2";"3";"1";"6";"RUE POUSSIN";"48,8485580000";"2,2621100000"
"202100019722";"9";"09";"2021";"17:27";"1";"75";"75116";"2";"1";"1";"3";"ALLEE DE LA REINE MARGUERITE";"48,8525530000";"2,2416420000"
"202100019723";"9";"09";"2021";"16:05";"1";"75";"75116";"2";"3";"8";"3";"AVENUE VICTOR HUGO";"48,8724920000";"2,2920030000"
"202100019724";"9";"09";"2021";"08:55";"1";"75";"75115";"2";"2";"2";"3";"AVENUE EMILE ZOLA";"48,8469690000";"2,2943540000"
"202100019725";"10";"09";"2021";"17:45";"1";"75";"75113";"2";"3";"2";"3";"RUE DARMESTETER";"48,8233870000";"2,3750280000"
"202100019726";"10";"09";"2021";"16:40";"1";"75";"75112";"2";"1";"1";"6";"BOULEVARD SOULT";"48,8377090000";"2,4082800000"
"202100019727";"10";"09";"2021";"12:00";"1";"75";"75112";"2";"1";"1";"6";"RUE ROLAND BARTHES";"48,8442260000";"2,3783200000"
"202100019728";"9";"09";"2021";"00:55";"5";"75";"75112";"2";"1";"3";"7";"QUAI DE LA RAPEE";"48,8424736948";"2,3714804714"
"202100019729";"10";"09";"2021";"09:50";"1";"75";"75110";"2";"1";"1";"6";"RUE DES PETITES ECURIES";"48,8731760000";"2,3532910000"
"202100019730";"10";"09";"2021";"18:35";"1";"75";"75109";"2";"7";"2";"6";"BOULEVARD DE CLICHY";"48,8822240000";"2,3376950000"
"202100019731";"10";"09";"2021";"15:00";"1";"75";"75102";"2";"3";"3";"2";"RUE ETIENNE MARCEL";"48,8650491172";"2,3440551837"
"202100019732";"9";"09";"2021";"11:34";"1";"75";"75102";"2";"7";"8";"6";"RUE D ABOUKIR";"48,8682576478";"2,3486202340"
"202100019733";"10";"09";"2021";"12:40";"1";"94";"94081";"2";"2";"1";"3";"COMMUNE DE PARIS (AV DE LA)";"48,7850600000";"2,3884600000"
"202100019734";"10";"09";"2021";"14:00";"1";"94";"94078";"2";"1";"8";"6";"Rue de la Marne";"48,7308170000";"2,4477930000"
"202100019735";"10";"09";"2021";"18:30";"1";"94";"94068";"2";"2";"2";"3";"CEDRES (R DES)";"48,7974900000";"2,5087900000"
"202100019736";"10";"09";"2021";"18:55";"1";"94";"94068";"2";"3";"2";"3";"PIE (QU DE LA)";"48,7870600000";"2,4774800000"
"202100019737";"10";"09";"2021";"10:54";"1";"94";"94068";"2";"3";"1";"2";"LOUIS BLANC (AV)";"48,7902800000";"2,4959900000"
"202100019738";"9";"09";"2021";"23:25";"5";"94";"94033";"2";"2";"1";"6";"Rue la Fontaine";"48,8573700000";"2,4711900000"
"202100019739";"8";"09";"2021";"09:35";"1";"94";"94033";"2";"9";"1";"3";"Rue Pierre Grange";"48,8510500000";"2,4933200000"
"202100019740";"10";"09";"2021";"10:50";"1";"94";"94011";"2";"1";"1";"4";"Rue Pierre SÃ©mard";"48,7644300000";"2,4807300000"
"202100019741";"10";"09";"2021";"18:00";"1";"94";"94055";"2";"2";"2";"3";"CENTRE (R DU)";"48,7815500000";"2,5242600000"
"202100019742";"10";"09";"2021";"18:30";"1";"94";"94017";"2";"1";"3";"6";"PARC (AV DU)";"48,8128000000";"2,5557000000"
"202100019743";"9";"09";"2021";"16:15";"1";"94";"94002";"2";"1";"1";"7";"Quai Blanqui";"48,8025800000";"2,4144600000"
"202100019744";"10";"09";"2021";"15:20";"1";"93";"93072";"2";"3";"1";"3";"MOULIN NEUF (RUE DU)";"48,9518000000";"2,3926800000"
"202100019745";"10";"09";"2021";"09:10";"1";"93";"93059";"2";"3";"1";"3";"JEAN MERMOZ (NÂ°59 AU 185)";"48,9708900000";"2,3662500000"
"202100019746";"8";"09";"2021";"12:50";"1";"93";"93053";"2";"3";"1";"3";"BREMENT (RUE DE) 1 A 83 - 2 A 78";"48,8892500000";"2,4547900000"
"202100019747";"10";"09";"2021";"15:10";"1";"93";"93072";"2";"3";"1";"3";"MARCEL CACHIN (AVENUE) COTE NÂ°16 AU 50";"48,9591418817";"2,3822736740"
"202100019748";"9";"09";"2021";"21:15";"5";"93";"93027";"2";"1";"1";"3";"Rue de GenÃ¨ve";"48,9246626256";"2,3786579138"
"202100019749";"9";"09";"2021";"22:05";"5";"93";"93047";"2";"2";"1";"3";"BARGUE  (BOULEVARD)";"48,9018300000";"2,5597100000"
"202100019750";"10";"09";"2021";"10:15";"1";"93";"93001";"2";"1";"1";"6";"PAUL DOUMER (RUE)";"48,9173959217";"2,3871588320"
"202100019751";"10";"09";"2021";"16:00";"1";"92";"92049";"2";"1";"1";"3";"ARNOUX AVENUE MAURICE AUTRES NÂ°";"48,8200244280";"2,3131212302"
"202100019752";"10";"09";"2021";"11:00";"1";"92";"92044";"2";"2";"1";"3";"MATHILDE GIRAULT (RUE)";"48,8969800000";"2,2819500000"
"202100019753";"8";"09";"2021";"14:05";"1";"92";"92040";"2";"1";"1";"6";"ARISTIDE BRIAND";"48,8232426977";"2,2703397274"
"202100019754";"10";"09";"2021";"20:35";"5";"92";"92012";"2";"1";"2";"6";"JEAN JAURES (BOULEVARD) 1/61 - COTE IMPA";"48,8402421409";"2,2397853434"
"202100019755";"10";"09";"2021";"07:50";"2";"92";"92004";"2";"1";"1";"3";"PONT D'ASNIERES";"48,9045379922";"2,2882676125"
"202100019756";"10";"09";"2021";"08:20";"1";"2B";"2B256";"1";"1";"1";"7";"Chemin Communal";"42,3743424371";"9,3883913768"
"202100019757";"11";"09";"2021";"16:38";"1";"38";"38199";"1";"2";"1";"3";"MontÃ©e de la Vieille Eglise";"45,4780530000";"4,9053420000"
"202100019758";"11";"09";"2021";"06:15";"3";"66";"66136";"1";"1";"1";"2";"A9";"42,7210070000";"2,8743200000"
"202100019759";"9";"09";"2021";"17:45";"5";"972";"97221";"2";"1";"1";"6";"Chemin de Fonds Masson";"14,5387080000";" -60,9343060000"
"202100019760";"11";"09";"2021";"09:50";"1";"34";"34217";"2";"6";"1";"3";"D17";"43,7006420000";"3,8625180000"
"202100019761";"10";"09";"2021";"20:52";"5";"51";"51281";"2";"1";"1";"7";"Rue d Epernay";"48,9760203913";"3,9610849398"
"202100019762";"11";"09";"2021";"03:00";"3";"59";"59525";"2";"1";"1";"6";"Rue des Bergeries";"50,0795790000";"4,0168120000"
"202100019763";"5";"09";"2021";"03:30";"3";"56";"56125";"1";"1";"1";"6";"L Ãchantillon";"48,0632750000";" -3,0028890000"
"202100019764";"10";"09";"2021";"19:10";"1";"76";"76243";"1";"1";"1";"7";"D93";"49,5445711238";"1,3630642088"
"202100019765";"11";"09";"2021";"20:15";"5";"2B";"2B123";"2";"1";"1";"1";"Avenue du 9 Septembre";"42,0117890000";"9,4035140000"
"202100019766";"24";"08";"2021";"17:15";"1";"2B";"2B342";"2";"1";"1";"1";"RT 10 VENTISERI";"41,9118150000";"9,3886380000"
"202100019767";"11";"09";"2021";"02:30";"3";"80";"80207";"2";"1";"1";"6";"Grande Rue";"50,0038900000";"2,4743200000"
"202100019768";"11";"08";"2021";"12:30";"1";"65";"65017";"1";"1";"1";"2";"D929";"42,8218737417";"0,1755069437"
"202100019769";"10";"09";"2021";"16:20";"1";"11";"11305";"1";"1";"1";"6";"D123";"42,9627430000";"2,7063380000"
"202100019770";"11";"09";"2021";"16:55";"1";"89";"89168";"1";"1";"1";"3";"D965";"47,8137470000";"3,8920710000"
"202100019771";"10";"09";"2021";"19:00";"1";"63";"63080";"2";"1";"1";"1";"D996";"45,5885270000";"3,1325680000"
"202100019772";"11";"09";"2021";"09:10";"1";"63";"63120";"1";"1";"1";"6";"CD96";"45,6536030000";"3,1931810000"
"202100019773";"10";"09";"2021";"22:15";"3";"63";"63455";"1";"1";"1";"6";"D978";"45,6894010000";"3,1702480000"
"202100019774";"11";"09";"2021";"16:30";"1";"01";"01046";"1";"2";"1";"3";"Route de ChÃ¢tillon (Pont)";"46,2110768076";"4,9328023195"
"202100019775";"11";"09";"2021";"10:35";"1";"26";"26040";"2";"1";"1";"7";"Le Grand PrÃ©";"44,5703250000";"5,5585640000"
"202100019776";"10";"09";"2021";"22:30";"3";"14";"14281";"2";"3";"1";"6";"Formigny La Bataille";"49,3368950000";" -0,9209510000"
"202100019777";"10";"09";"2021";"18:45";"1";"05";"05087";"1";"1";"1";"3";"D994";"44,5539340000";"5,8699180000"
"202100019778";"11";"09";"2021";"10:40";"1";"83";"83082";"1";"1";"1";"1";"D955";"43,6511060000";"6,4773850000"
"202100019779";"10";"09";"2021";"17:25";"1";"60";"60233";"1";"1";"1";"3";"N/A";"49,6389984016";"1,8660836218"
"202100019780";"11";"09";"2021";"13:30";"1";"43";"43126";"1";"1";"1";"6";"Route de Cleyssac";"45,1049820000";"3,9654150000"
"202100019781";"11";"09";"2021";"00:30";"3";"21";"21202";"2";"1";"2";"6";"Ancienne Route Nationale";"47,9152210000";"4,7347610000"
"202100019782";"10";"09";"2021";"17:45";"1";"21";"21421";"1";"1";"1";"5";"D996";"47,5505290000";"4,9248900000"
"202100019783";"11";"09";"2021";"10:00";"1";"40";"40103";"1";"1";"1";"1";"D933n";"43,9495980000";" -0,3714110000"
"202100019784";"10";"09";"2021";"19:45";"1";"17";"17327";"1";"1";"1";"7";"D115";"46,0917150000";" -0,6124580000"
"202100019785";"9";"09";"2021";"23:30";"3";"37";"37069";"1";"1";"1";"7";"D760";"47,1427032779";"1,1242316244"
"202100019786";"11";"09";"2021";"00:35";"3";"54";"54415";"1";"1";"1";"7";"Route de Preny";"48,9810760474";"6,0077190401"
"202100019787";"9";"09";"2021";"19:30";"5";"973";"97307";"2";"1";"1";"1";"Chemin Morthium";"4,8360960000";" -52,3266470000"
"202100019788";"9";"09";"2021";"00:15";"5";"973";"97307";"2";"9";"1";"7";"88 Rue Quadrille des Lanciers";"4,8856240000";" -52,3451600000"
"202100019789";"26";"06";"2021";"15:00";"1";"69";"69244";"2";"1";"1";"3";"POMME (DE LA) (CHM)";"45,7620740000";"4,7818190000"
"202100019790";"11";"09";"2021";"07:20";"2";"18";"18245";"1";"1";"1";"6";"A71, PK 266+200";"46,5966480000";"2,5125970000"
"202100019791";"11";"09";"2021";"10:50";"1";"28";"28056";"1";"1";"1";"7";"D152b";"48,7170728027";"1,5183292622"
"202100019792";"11";"09";"2021";"19:10";"2";"2B";"2B265";"1";"1";"1";"4";"D82";"42,5979436663";"9,4071668399"
"202100019793";"10";"09";"2021";"19:49";"5";"30";"30258";"2";"9";"1";"6";"Avenue Francois Griffeuille";"43,6729420000";"4,4321130000"
"202100019794";"11";"09";"2021";"00:10";"3";"84";"84064";"1";"6";"1";"7";"Rd 204";"44,3191580000";"4,7080870000"
"202100019795";"11";"09";"2021";"05:00";"5";"06";"06157";"2";"9";"1";"6";"767 Route de Saint-Jeannet";"43,7313910000";"7,1183900000"
"202100019796";"24";"08";"2021";"07:30";"1";"13";"13100";"1";"1";"1";"3";"D30";"43,8084400000";"4,8623510000"
"202100019797";"7";"06";"2021";"17:15";"1";"67";"67300";"2";"1";"1";"3";"rue de la commanderie";"48,5401230000";"7,5035200000"
"202100019798";"11";"09";"2021";"08:00";"2";"17";"17225";"1";"1";"1";"6";"D25";"45,6979970000";" -1,2131310000"