"Num_Acc";"jour";"mois";"an";"hrmn";"lum";"dep";"com";"agg";"int";"atm";"col";"adr";"lat";"long"
"202100019799";"11";"09";"2021";"13:15";"1";"17";"17406";"1";"3";"1";"4";"D728";"45,7635171851";" -0,9810257365"
"202100019800";"11";"09";"2021";"10:40";"1";"17";"17219";"2";"1";"8";"3";"cd 728";"45,8315500000";" -1,1232230000"
"202100019801";"9";"09";"2021";"11:00";"1";"33";"33042";"1";"1";"1";"6";"dÃ©partementale 1010";"44,5516090000";" -0,7863040000"
"202100019802";"11";"09";"2021";"08:26";"1";"22";"22210";"1";"2";"1";"1";"dÃ©partementale 15";"48,8014290000";" -3,0631360000"
"202100019803";"10";"09";"2021";"20:40";"3";"60";"60213";"1";"1";"1";"3";"N330";"49,1130762140";"2,7200222612"
"202100019804";"10";"09";"2021";"16:35";"1";"13";"13106";"1";"1";"1";"3";"A7-Sens Lyon vers Marseille";"43,3917700000";"5,3509500000"
"202100019805";"9";"09";"2021";"20:02";"5";"13";"13055";"1";"1";"1";"6";"A507 sens Aubagne- Marseille";"43,3299400000";"5,4117100000"
"202100019806";"10";"09";"2021";"07:40";"1";"13";"13216";"1";"1";"1";"4";"A55-Sens Marseille vers Martigues";"43,3663300000";"5,3322900000"
"202100019807";"7";"09";"2021";"16:18";"1";"13";"13055";"1";"1";"1";"2";"A507 sens Marseille - Aubagne";"43,3299700000";"5,3920600000"
"202100019808";"9";"09";"2021";"17:20";"1";"54";"54328";"1";"1";"1";"3";"Autoroute A 330";"48,6248200000";"6,1836300000"
"202100019809";"10";"09";"2021";"12:15";"1";"33";"33039";"1";"1";"1";"7";"ROCADE A 630";"44,8060520000";" -0,5296730000"
"202100019810";"10";"09";"2021";"08:15";"1";"33";"33122";"1";"1";"1";"4";"AUTOROUTE A 63";"44,7212630000";" -0,7370530000"
"202100019811";"10";"09";"2021";"08:23";"1";"33";"33065";"1";"1";"1";"2";"ROUTE NATIONALE 230";"44,8103500000";" -0,5235100000"
"202100019812";"10";"09";"2021";"07:15";"1";"91";"91363";"1";"1";"1";"4";"RN 104";"48,6491000000";"2,1858000000"
"202100019813";"10";"09";"2021";"08:00";"1";"91";"91216";"1";"1";"8";"6";"AUTOROUTE A6";"48,6840000000";"2,3280000000"
"202100019814";"10";"09";"2021";"06:15";"3";"77";"77251";"1";"1";"1";"7";"RN 104";"48,6310000000";"2,5330000000"
"202100019815";"10";"09";"2021";"12:30";"1";"92";"92036";"1";"1";"1";"2";"RN315 W";"48,9318301185";"2,3021185398"
"202100019816";"10";"09";"2021";"07:55";"1";"78";"78672";"1";"1";"1";"2";"A13";"48,9298100000";"1,9838800000"
"202100019817";"10";"09";"2021";"18:25";"1";"95";"95394";"1";"1";"1";"5";"A115";"49,0482300000";"2,1835300000"
"202100019818";"10";"09";"2021";"17:15";"1";"95";"95582";"1";"1";"2";"7";"RD 170";"48,9638400000";"2,2683000000"
"202100019819";"10";"09";"2021";"10:20";"1";"92";"92036";"1";"1";"1";"3";"AUTOROUTE A86";"48,9385313839";"2,3099379142"
"202100019820";"10";"09";"2021";"21:25";"3";"77";"77337";"1";"1";"2";"6";"RN104";"48,8298826076";"2,6190598404"
"202100019821";"10";"09";"2021";"20:05";"5";"94";"94052";"1";"1";"1";"4";"A86.EXT";"48,8344513814";"2,4934520994"
"202100019822";"10";"09";"2021";"17:50";"1";"94";"94017";"1";"1";"1";"2";"A4";"48,8267111767";"2,5225882774"
"202100019823";"10";"09";"2021";"16:15";"1";"94";"94017";"1";"1";"1";"4";"A4";"48,8266507839";"2,5161742429"
"202100019824";"10";"09";"2021";"08:05";"1";"94";"94069";"1";"1";"1";"2";"A4";"48,8174800000";"2,4239700000"
"202100019825";"9";"09";"2021";"22:50";"3";"94";"94033";"1";"1";"1";"4";"A86.EXT";"48,8565000000";"2,4881000000"
"202100019826";"9";"09";"2021";"18:30";"1";"75";"75109";"2";"1";"1";"6";"RUE DE DUNKERQUE";"48,8813970000";"2,3487630000"
"202100019827";"29";"04";"2021";"16:00";"1";"19";"19031";"2";"2";"1";"3";"TURGOT (AVENUE)";"45,1653300000";"1,5205600000"
"202100019828";"9";"06";"2021";"20:20";"1";"94";"94068";"2";"1";"1";"2";"Boulevard de Champigny";"48,7993200000";"2,5041300000"
"202100019829";"9";"09";"2021";"07:49";"1";"974";"97416";"2";"1";"7";"6";"LORION (RUE LUC)";" -21,3339000000";"55,4713000000"
"202100019830";"8";"09";"2021";"20:50";"5";"974";"97407";"2";"2";"1";"1";"CARPAYE(AVENUE)";" -20,9485304205";"55,2997791424"
"202100019831";"8";"09";"2021";"09:00";"1";"974";"97407";"2";"1";"1";"3";"JACQUES DUCLOS (RUE) - RIVIERE DES GAL  ";" -20,9574100000";"55,3141000000"
"202100019832";"9";"09";"2021";"08:00";"1";"973";"97302";"2";"2";"1";"3";"BOUDINOT (AUGUSTE) CITE THEMIRE";"4,9348859773";" -52,3190063239"
"202100019833";"9";"09";"2021";"07:45";"1";"973";"97302";"2";"2";"1";"3";"FELIX EBOUE (Rue)";"4,9383000000";" -52,3281700000"
"202100019834";"9";"09";"2021";"19:05";"2";"69";"69386";"2";"1";"1";"3";"BROTTEAUX (DES) (BD)";"45,7664500000";"4,8569000000"
"202100019835";"9";"09";"2021";"15:10";"1";"69";"69276";"2";"1";"1";"1";"D312                                     ";"45,6787648882";"4,8505751789"
"202100019836";"9";"09";"2021";"11:00";"1";"69";"69259";"2";"2";"1";"3";"IRENE JOLIOT CURIE (BD)";"45,7142661300";"4,8792208000"
"202100019837";"9";"09";"2021";"12:45";"1";"972";"97209";"2";"1";"1";"3";"ENTRAIDE (ROUTE DE L')";"14,6231600000";" -61,0554700000"
"202100019838";"9";"09";"2021";"12:00";"1";"69";"69149";"2";"2";"8";"6";"AMPERE (R)";"45,7084093871";"4,8124247789"
"202100019839";"6";"09";"2021";"20:30";"5";"69";"69384";"2";"1";"1";"6";"HERBOUVILLE (D') (CR)";"45,7763600000";"4,8399100000"
"202100019840";"9";"09";"2021";"08:20";"1";"2B";"2B033";"2";"1";"7";"6";"TOUTES RUES";"42,6879418453";"9,4353445942"
"202100019841";"9";"09";"2021";"07:50";"1";"971";"97105";"2";"1";"1";"4";"GOUVERNEUR DU LYON (AVE)";"16,0023100000";" -61,7380600000"
"202100019842";"9";"09";"2021";"18:13";"1";"95";"95268";"2";"1";"1";"6";"AV DU GENERAL DE GAULLE";"48,9713532393";"2,4018752575"
"202100019843";"9";"09";"2021";"08:40";"1";"87";"87050";"2";"1";"1";"6";"LIMOGES (AVENUE DE)";"45,8675800000";"1,2385300000"
"202100019844";"8";"09";"2021";"12:16";"1";"87";"87085";"2";"1";"1";"6";"PERRIN (RUE FRANCOIS)";"45,8297100000";"1,2478600000"
"202100019845";"7";"09";"2021";"19:54";"1";"87";"87085";"2";"1";"1";"6";"LECLERC (AVENUE DU GENERAL)";"45,8514000000";"1,2660900000"
"202100019846";"9";"09";"2021";"12:45";"1";"83";"83137";"2";"1";"1";"3";"15EME CORPS (AVE DU)";"43,1282700000";"5,9078500000"
"202100019847";"8";"09";"2021";"09:35";"1";"83";"83098";"1";"1";"1";"2";"HERMINIER (BD DU COMMANDANT)";"43,0936613988";"6,0244194681"
"202100019848";"9";"09";"2021";"09:55";"1";"82";"82121";"2";"1";"1";"3";"CLADEL (RUE LEON)";"44,0222835000";"1,3609737000"
"202100019849";"9";"09";"2021";"06:25";"5";"82";"82121";"2";"1";"1";"2";"NEGREPELISSE (AVENUE DE)";"44,0320900000";"1,3845200000"
"202100019850";"9";"09";"2021";"17:40";"1";"81";"81004";"2";"1";"8";"2";"VERDIER (FRANCOIS)";"43,9189628406";"2,1233071536"
"202100019851";"7";"09";"2021";"21:35";"5";"80";"80021";"2";"1";"1";"6";"ESPAGNE (AVENUE D')";"49,8713634964";"2,2862815686"
"202100019852";"9";"09";"2021";"13:18";"1";"78";"78481";"2";"3";"1";"3";"CHARLES DE GAULLE (AVENUE)";"48,8892600000";"2,1038600000"
"202100019853";"9";"09";"2021";"06:25";"5";"78";"78133";"2";"2";"1";"1";"CLOS DE LA FAMILLE (DU)";"48,9034400000";"2,0451900000"
"202100019854";"8";"09";"2021";"09:20";"1";"77";"77307";"2";"2";"1";"6";"AV DE LA SOCIETE DES NATIONS";"48,8553800000";"2,7635100000"
"202100019855";"8";"09";"2021";"12:00";"1";"77";"77186";"2";"3";"1";"3";"GEORGES CLEMENCEAU (PLACE)";"48,4106882968";"2,7013741381"
"202100019856";"9";"09";"2021";"17:50";"1";"72";"72181";"2";"1";"1";"6";"GENESLAY FELIX (AV) NÂ° IMP 385 ET plus";"47,9758400000";"0,2071100000"
"202100019857";"2";"09";"2021";"13:40";"1";"72";"72181";"2";"1";"1";"6";"HUGO VICTOR (RUE) HORS JARDIN PUBLIQUE";"48,0000000000";"0,2013100000"
"202100019858";"9";"09";"2021";"16:05";"1";"71";"71153";"2";"1";"3";"7";"ETANG DE LA FORGE (rue)";"46,8012400000";"4,4296800000"
"202100019859";"9";"09";"2021";"21:55";"5";"69";"69266";"2";"1";"1";"6";"LAURENT BONNEVAY (BD)";"45,7848600000";"4,8672500000"
"202100019860";"8";"09";"2021";"15:35";"1";"67";"67267";"2";"3";"1";"3";"SCHUMANN (AVENUE)";"48,5589400000";"7,6931000000"
"202100019861";"8";"09";"2021";"16:05";"1";"50";"50129";"2";"6";"1";"2";"MAUPAS (RUE DU)";"49,6341900000";" -1,6136500000"
"202100019862";"9";"09";"2021";"12:20";"1";"49";"49328";"2";"3";"1";"3";"ECURIES (RUE DES)";"47,2662800000";" -0,0847700000"
"202100019863";"7";"09";"2021";"08:50";"1";"49";"49328";"2";"6";"1";"6";"RESISTANCE (PLACE DE LA)";"47,2672426231";" -0,0697253644"
"202100019864";"2";"09";"2021";"08:55";"1";"49";"49328";"1";"2";"1";"3";"VOIE ROMAINE";"47,2721900000";" -0,1279500000"
"202100019865";"9";"09";"2021";"07:48";"1";"49";"49007";"2";"1";"1";"2";"MONPROFIT PLACE";"47,4740000000";" -0,5670000000"
"202100019866";"8";"09";"2021";"13:53";"1";"49";"49015";"2";"1";"1";"6";"D775";"47,5158650000";" -0,6195230000"
"202100019867";"8";"09";"2021";"17:45";"1";"45";"45234";"2";"4";"1";"3";"Rue du Pressoir Blanc";"47,8846100000";"1,8875000000"
"202100019868";"5";"09";"2021";"18:00";"1";"41";"41295";"1";"1";"1";"6";"CHAMBORD (ROUTE DE)";"47,5762200000";"1,3992310000"
"202100019869";"7";"09";"2021";"09:05";"1";"41";"41212";"1";"6";"1";"3";"PATTE D'OIE (rond point)";"47,5617800000";"1,3725300000"
"202100019870";"9";"09";"2021";"09:20";"1";"37";"37122";"2";"1";"1";"4";"PONT CHER (RUE DU)";"47,3630159971";"0,6741534111"
"202100019871";"9";"09";"2021";"18:35";"1";"33";"33063";"2";"2";"1";"3";"Rue de Belfort";"44,8323500000";" -0,5817000000"
"202100019872";"9";"09";"2021";"17:10";"1";"33";"33039";"2";"1";"1";"3";"Avenue du MarÃ©chal Leclerc";"44,8133300000";" -0,5404000000"
"202100019873";"9";"09";"2021";"17:15";"1";"33";"33281";"2";"1";"1";"3";"Avenue Marcel Dassault";"44,8483900000";" -0,6825400000"
"202100019874";"8";"09";"2021";"20:30";"5";"33";"33069";"2";"1";"1";"3";"Avenue de la LibÃ©ration Charles de Gaulle";"44,8599600000";" -0,5992900000"
"202100019875";"8";"09";"2021";"11:10";"1";"33";"33063";"2";"3";"2";"3";"Rue Judaique";"44,8413500000";" -0,5850700000"
"202100019876";"8";"09";"2021";"11:35";"1";"33";"33550";"2";"3";"2";"6";"Avenue Edouard Bourlaux";"44,7876700000";" -0,5666400000"
"202100019877";"9";"09";"2021";"17:25";"1";"33";"33009";"2";"1";"1";"6";"ST ELME (RUE) DU 02 ET +";"44,6540770000";" -1,1503700000"
"202100019878";"9";"09";"2021";"19:30";"1";"32";"32013";"2";"1";"2";"2";"SADI-CARNOT (BOULEVARD)";"43,6408190781";"0,5856883103"
"202100019879";"9";"09";"2021";"11:55";"1";"29";"29151";"1";"1";"1";"1";"D786 - Coat Menguy";"48,5965733300";" -3,8132214546"
"202100019880";"8";"09";"2021";"18:20";"1";"27";"27681";"2";"1";"1";"1";"POINT DU JOUR (RUE DU)";"49,0956100000";"1,4815700000"
"202100019881";"8";"09";"2021";"11:55";"1";"27";"27229";"2";"1";"1";"6";"SAINT LOUIS (RUE)";"49,0238940000";"1,1549500000"
"202100019882";"6";"09";"2021";"06:35";"3";"22";"22106";"2";"1";"5";"1";"RENNES (RUE DE)";"48,4933000000";" -2,7103300000"
"202100019883";"8";"09";"2021";"17:00";"1";"22";"22113";"2";"9";"1";"6";"RESISTANCE (AVENUE DE LA)";"48,7471700000";" -3,4613600000"
"202100019884";"8";"09";"2021";"17:40";"1";"15";"15014";"2";"1";"1";"1";"Avenue des Pupilles de la Nation";"44,9190000000";"2,4387800000"
"202100019885";"8";"09";"2021";"15:20";"1";"14";"14118";"2";"9";"1";"3";"D401";"49,2096700000";" -0,3722400000"
"202100019886";"4";"09";"2021";"12:20";"1";"13";"13026";"2";"1";"1";"2";"ROUSSEAU JEAN-JACQUES (bld)";"43,3893000000";"5,1638100000"
"202100019887";"9";"09";"2021";"10:06";"1";"13";"13213";"2";"1";"1";"3";"SAINT MITRE A FOUR DE BUZE (CHEMIN)";"43,3457846009";"5,4159460550"
"202100019888";"5";"09";"2021";"18:45";"1";"13";"13209";"2";"3";"1";"3";"MICHELET (BOULEVARD)";"43,2578800000";"5,3998400000"
"202100019889";"9";"09";"2021";"01:30";"5";"13";"13208";"2";"1";"1";"1";"GOUDES (CHEMIN DES)";"43,2150300000";"5,3482200000"
"202100019890";"8";"09";"2021";"20:30";"5";"13";"13205";"2";"1";"1";"6";"DEVILLIERS (RUE)";"43,2987900000";"5,3905800000"
"202100019891";"8";"09";"2021";"18:20";"1";"13";"13206";"2";"1";"1";"3";"LODI (RUE DE)";"43,2892675128";"5,3873364978"
"202100019892";"9";"09";"2021";"08:30";"1";"13";"13047";"1";"1";"1";"2";"D.5";"43,5471100000";"4,9726400000"
"202100019893";"5";"09";"2021";"10:45";"1";"13";"13028";"2";"1";"1";"2";"ROVARCH (AVENUE PIERRE)";"43,1897700000";"5,6268700000"
"202100019894";"9";"09";"2021";"21:12";"5";"06";"06088";"2";"1";"1";"6";"GAMBETTA (A PARTIR DU NÂ° 63-74)";"43,7015310000";"7,2561480000"
"202100019895";"8";"09";"2021";"09:37";"1";"06";"06123";"2";"1";"1";"3";"GARE ROUTE DE LA";"43,6614940000";"7,1925100000"
"202100019896";"6";"09";"2021";"09:45";"1";"03";"03023";"2";"1";"1";"2";"Route du Pont de lâEurope";"46,1415100000";"3,4059300000"
"202100019897";"9";"09";"2021";"04:30";"3";"02";"02165";"1";"9";"3";"6";"D 1044";"49,6529730000";"3,3886420000"
"202100019898";"9";"09";"2021";"19:00";"1";"75";"75118";"2";"2";"1";"3";"RUE DES CLOYS";"48,8926800000";"2,3400840000"
"202100019899";"9";"09";"2021";"00:01";"5";"75";"75116";"2";"1";"2";"2";"AVENUE FOCH";"48,8718485623";"2,2770264745"
"202100019900";"8";"09";"2021";"14:05";"1";"75";"75116";"2";"3";"1";"4";"BOULEVARD LANNES";"48,8654470000";"2,2706100000"
"202100019901";"7";"09";"2021";"11:20";"1";"75";"75108";"2";"7";"1";"3";"PLACE SAINT AUGUSTIN";"48,8748250000";"2,3198430000"
"202100019902";"9";"09";"2021";"18:45";"1";"75";"75114";"2";"2";"1";"6";"BOULEVARD BRUNE";"48,8248915450";"2,3184055957"
"202100019903";"9";"09";"2021";"08:50";"1";"75";"75114";"2";"2";"1";"3";"BOULEVARD BRUNE";"48,8249010000";"2,3184050000"
"202100019904";"8";"09";"2021";"13:00";"1";"75";"75114";"2";"5";"1";"7";"BOULEVARD EDGAR QUINET";"48,8412750000";"2,3248670000"
"202100019905";"9";"09";"2021";"19:20";"1";"75";"75113";"2";"3";"2";"4";"AVENUE D ITALIE";"48,8230120000";"2,3582850000"
"202100019906";"9";"09";"2021";"17:20";"1";"75";"75112";"2";"4";"1";"3";"QUAI DE LA RAPEE";"48,8444585672";"2,3681515798"
"202100019907";"9";"09";"2021";"16:15";"1";"75";"75112";"2";"1";"1";"3";"AVENUE DES CANADIENS";"48,8172379826";"2,4560657381"
"202100019908";"9";"09";"2021";"09:25";"1";"75";"75112";"2";"4";"1";"3";"QUAI DE BERCY";"48,8322178128";"2,3841761520"
"202100019909";"9";"09";"2021";"19:30";"1";"75";"75110";"2";"2";"2";"7";"RUE DU FAUBOURG SAINT MARTIN";"48,8811040000";"2,3651610000"
"202100019910";"9";"09";"2021";"19:00";"1";"75";"75110";"2";"3";"8";"3";"BOULEVARD DE STRASBOURG";"48,8706139103";"2,3549727547"
"202100019911";"7";"09";"2021";"23:30";"5";"75";"75107";"2";"7";"1";"6";"BOULEVARD SAINT GERMAIN";"48,8560750000";"2,3254740000"
"202100019912";"9";"09";"2021";"11:30";"1";"94";"94073";"1";"1";"1";"2";"STALINGRAD - CAR DES TROIS COMMUNES (BD";"48,7726061424";"2,4000878333"
"202100019913";"8";"09";"2021";"22:20";"5";"94";"94081";"2";"3";"2";"1";"Avenue de lâAbbÃ© Roger Derry";"48,7897900000";"2,3902200000"
"202100019914";"9";"09";"2021";"17:15";"1";"94";"94052";"2";"2";"1";"3";"Avenue Georges ClÃ©menceau";"48,8364100000";"2,4698300000"
"202100019915";"9";"09";"2021";"10:00";"1";"94";"94052";"2";"1";"1";"6";"Rue des HÃ©ros Nogentais";"48,8381700000";"2,4854200000"
"202100019916";"9";"09";"2021";"18:05";"1";"94";"94073";"2";"1";"1";"6";"Avenue Georges Halgoult";"48,7613600000";"2,4000000000"
"202100019917";"9";"09";"2021";"06:35";"2";"94";"94073";"2";"9";"2";"3";"Rue du Bas Marin";"48,7523300000";"2,3875000000"
"202100019918";"8";"09";"2021";"13:20";"1";"94";"94079";"2";"3";"1";"6";"BRY (RTE DE)";"48,8311552080";"2,5352025032"
"202100019919";"5";"09";"2021";"03:13";"5";"93";"93070";"2";"1";"2";"7";"ARDOIN(RUE)";"48,9119200000";"2,3249200000"
"202100019920";"9";"09";"2021";"08:50";"1";"93";"93066";"2";"1";"8";"3";"Rue du Fort de la Briche";"48,9423500000";"2,3417100000"
"202100019921";"9";"09";"2021";"15:40";"1";"93";"93064";"2";"1";"1";"5";"LISBONNE (RUE DE)";"48,8820000000";"2,4689510000"
"202100019922";"8";"09";"2021";"22:30";"5";"93";"93049";"2";"2";"1";"3";"Avenue Danielle Casanova / Rue Pasteur";"48,8583100000";"2,5020400000"
"202100019923";"8";"09";"2021";"13:35";"1";"93";"93032";"2";"3";"1";"3";"Avenue des Muguets / Avenue des Roses";"48,8947300000";"2,5437300000"
"202100019924";"9";"09";"2021";"17:10";"1";"93";"93031";"2";"1";"1";"1";"HUIT MAI 1945 (RUE DU)";"48,9554410000";"2,3013000000"
"202100019925";"8";"09";"2021";"13:50";"1";"93";"93031";"2";"1";"1";"5";"Avenue Joffre";"48,9620900000";"2,2938900000"
"202100019926";"9";"09";"2021";"08:25";"1";"93";"93010";"2";"1";"1";"6";"GALLIENI (AV.) DE 188 A 230";"48,9071080000";"2,4892500000"
"202100019927";"8";"09";"2021";"15:50";"1";"93";"93005";"2";"3";"1";"3";"Route de Mitry / Rue des Coquelicots";"48,9426120000";"2,5055510000"
"202100019928";"1";"09";"2021";"12:00";"1";"92";"92073";"2";"1";"1";"3";"PONT DE SURESNES";"48,8670496202";"2,2287762165"
"202100019929";"8";"09";"2021";"19:10";"1";"92";"92049";"2";"1";"1";"6";"REPUBLIQUE AVENUE DE LA NÂ°92 A FIN";"48,8134290230";"2,3164626052"
"202100019930";"8";"09";"2021";"13:30";"1";"92";"92036";"2";"3";"1";"3";"DENIS PAPIN (AVENUE)";"48,9455000000";"2,3078200000"
"202100019931";"7";"09";"2021";"08:40";"1";"92";"92036";"2";"1";"1";"1";"CHAMPS FOURGONS (RUE DES) (1)";"48,9433384533";"2,3000857932"
"202100019932";"4";"09";"2021";"20:55";"5";"92";"92035";"2";"1";"1";"7";"RÃ©publique ( boulevard de la )";"48,9066160000";"2,2465610000"
"202100019933";"9";"09";"2021";"20:44";"5";"92";"92026";"2";"1";"1";"6";"COLOMBES";"48,8975111843";"2,2564941645"
"202100019934";"9";"09";"2021";"17:15";"1";"92";"92012";"2";"1";"1";"3";"REPUBLIQUE (BOULEVARD DE LA) 5/77BIS - 6";"48,8328900000";"2,2471700000"
"202100019935";"9";"09";"2021";"10:00";"1";"92";"92012";"2";"3";"1";"3";"ANATOLE FRANCE (BOULEVARD) 1/4BIS";"48,8510501646";"2,2344883849"
"202100019936";"9";"09";"2021";"23:30";"3";"76";"76279";"1";"2";"1";"3";"Route de la Gare";"49,6103410000";"0,6005790000"
"202100019937";"8";"09";"2021";"22:00";"3";"35";"35236";"1";"1";"1";"3";"D177";"47,6650980000";" -2,0546150000"
"202100019938";"23";"05";"2021";"17:45";"1";"35";"35219";"1";"1";"1";"1";"La Chesnais";"47,8078040000";" -1,9615400000"
"202100019939";"10";"09";"2021";"09:00";"1";"47";"47291";"1";"2";"5";"3";"Cantarel";"44,4997230000";"0,6985170000"
"202100019940";"6";"09";"2021";"15:30";"1";"33";"33253";"1";"1";"1";"1";"12 Route de Saint-Macaire";"44,6274890000";" -0,3065190000"
"202100019941";"9";"09";"2021";"15:30";"1";"84";"84111";"1";"1";"8";"1";"Route de L'OUVÃZE, D205";"44,2317350000";"5,1002820000"
"202100019942";"7";"09";"2021";"09:45";"1";"81";"81010";"1";"1";"1";"6";"D74";"43,9271390000";"2,3699140000"
"202100019943";"8";"09";"2021";"10:30";"1";"11";"11067";"1";"3";"1";"3";"Traverse de la DomÃ¨que";"43,2215960000";"2,8332280000"
"202100019944";"9";"09";"2021";"09:00";"1";"64";"64396";"2";"2";"8";"1";"RD 817";"43,4448730000";" -0,6734220000"
"202100019945";"10";"09";"2021";"06:40";"2";"34";"34036";"1";"1";"2";"6";"A75 PK 279+000";"43,6948230000";"3,3428600000"
"202100019946";"10";"09";"2021";"09:15";"1";"2B";"2B009";"1";"1";"2";"2";"RT 10 - Le Fort";"42,1045111009";"9,5152115824"
"202100019947";"10";"09";"2021";"04:42";"5";"37";"37261";"1";"1";"1";"6";"A10";"47,3783826465";"0,7137311631"
"202100019948";"4";"09";"2021";"17:55";"1";"35";"35296";"1";"1";"1";"6";"La Bruyere";"48,2574410000";" -1,6716060000"
"202100019949";"9";"09";"2021";"19:30";"1";"56";"56074";"1";"1";"1";"6";"route nationale 24";"47,8957280000";" -2,9347520000"
"202100019950";"5";"09";"2021";"08:40";"1";"74";"74208";"2";"1";"1";"3";"91 Av de Marlioz";"45,9187330000";"6,7042250000"
"202100019951";"10";"09";"2021";"12:30";"1";"74";"74062";"1";"3";"2";"3";"rte d'annecy";"45,9827950000";"6,1654220000"
"202100019952";"9";"09";"2021";"19:00";"1";"76";"76143";"1";"1";"1";"1";"D10A";"49,6545440000";"0,3811100000"
"202100019953";"9";"09";"2021";"19:53";"2";"46";"46012";"1";"1";"3";"6";"lescoles";"44,8012090000";"1,8553700000"
"202100019954";"10";"09";"2021";"07:20";"2";"86";"86045";"1";"1";"1";"5";"D7";"46,3937010000";"0,1549680000"
"202100019955";"8";"09";"2021";"17:30";"1";"68";"68338";"1";"1";"1";"6";"RD11";"48,0943340000";"7,2416640000"
"202100019956";"10";"09";"2021";"09:24";"1";"25";"25307";"1";"1";"1";"7";"Les HÃ´pitaux-Vieux";"46,7701740000";"6,3805680000"
"202100019957";"10";"09";"2021";"07:27";"2";"25";"25318";"1";"1";"9";"5";"N57 PK91+500";"46,7547110000";"6,3815120000"
"202100019958";"10";"09";"2021";"00:15";"5";"44";"44106";"2";"1";"1";"6";"63 Route de la Bernerie";"47,0704480000";" -2,0165290000"
"202100019959";"9";"09";"2021";"03:30";"3";"29";"29061";"1";"1";"8";"7";"Pen Ar Creach";"48,4395510000";" -4,4655780000"
"202100019960";"9";"09";"2021";"21:45";"3";"01";"01268";"1";"1";"1";"5";"D992";"45,6468760000";"5,6865410000"
"202100019961";"10";"09";"2021";"18:45";"2";"72";"72359";"1";"1";"1";"3";"Lieu Dit la Mahoulerie";"48,1225440000";"0,4028480000"
"202100019962";"6";"09";"2021";"07:50";"1";"06";"06150";"2";"1";"1";"1";"44 Route de Menton";"43,7502560000";"7,4067120000"
"202100019963";"3";"09";"2021";"22:07";"3";"14";"14371";"1";"1";"1";"6";"D579";"49,0380650000";"0,1507190000"
"202100019964";"10";"09";"2021";"08:25";"1";"14";"14256";"2";"1";"2";"6";"Rue du Haut du Val";"49,3218560000";" -0,7971850000"
"202100019965";"10";"09";"2021";"16:50";"1";"64";"64178";"1";"1";"2";"3";"D115";"43,3209320000";" -0,7929470000"
"202100019966";"8";"09";"2021";"09:50";"1";"73";"73120";"1";"1";"1";"7";"D201";"45,5921410000";"6,2315490000"
"202100019967";"26";"08";"2021";"06:40";"2";"40";"40320";"1";"1";"1";"1";"route departementale 834";"43,9322770000";" -0,5672550000"
"202100019968";"10";"09";"2021";"12:50";"1";"40";"40323";"1";"1";"1";"6";"D626";"44,1153670000";" -0,6180880000"
"202100019969";"9";"09";"2021";"20:00";"2";"24";"24229";"1";"1";"2";"1";"14 Avenue de Rispe";"45,1369230000";"1,2014970000"
"202100019970";"10";"09";"2021";"07:10";"1";"85";"85104";"2";"1";"2";"1";"RD 46";"46,3531630000";" -1,3515760000"
"202100019971";"7";"09";"2021";"17:30";"1";"27";"27677";"1";"3";"1";"7";"D133";"49,1751700000";"1,0488080000"
"202100019972";"16";"08";"2021";"22:00";"3";"37";"37156";"1";"3";"1";"3";"N/A";"47,3731160446";"0,8097907785"
"202100019973";"10";"09";"2021";"18:00";"1";"08";"08185";"1";"1";"1";"1";"D8051";"49,9841890000";"4,6549680000"
"202100019974";"10";"09";"2021";"13:15";"1";"973";"97307";"2";"9";"1";"3";"Route de la Distillerie";"4,8755380000";" -52,3350210000"
"202100019975";"9";"09";"2021";"16:17";"1";"67";"67506";"1";"1";"1";"3";"A35";"48,6734850000";"7,7402180000"
"202100019976";"12";"08";"2021";"17:45";"1";"34";"34255";"2";"1";"1";"6";"130 Rue du Parc";"43,6900710000";"3,8038980000"
"202100019977";"6";"09";"2021";"14:30";"1";"06";"06085";"2";"1";"1";"7";"1297 avenue du gÃ©nÃ©ral de gaulle";"43,6139780000";"7,0068650000"
"202100019978";"13";"08";"2021";"21:35";"5";"06";"06085";"2";"4";"1";"6";"Avenue Notre-Dame de Vie";"43,5982280000";"7,0024250000"
"202100019979";"26";"08";"2021";"08:30";"1";"57";"57743";"1";"1";"1";"4";"PR 29+100 nationale 4";"48,7547480000";"7,1946740000"
"202100019980";"7";"09";"2021";"09:50";"1";"38";"38064";"1";"1";"1";"2";"A43";"45,5595120000";"5,4002310000"
"202100019981";"9";"09";"2021";"14:51";"1";"51";"51545";"1";"1";"2";"7";"A26";"48,7130359539";"4,2132470835"
"202100019982";"9";"09";"2021";"12:00";"1";"51";"51147";"1";"1";"1";"7";"A4";"49,0300208817";"4,4803405059"
"202100019983";"9";"09";"2021";"15:52";"1";"51";"51545";"1";"9";"1";"1";"A26";"48,7301405401";"4,2223573009"
"202100019984";"2";"09";"2021";"10:18";"1";"51";"51545";"1";"1";"1";"2";"A26";"48,7297990000";"4,2233200000"
"202100019985";"10";"09";"2021";"08:00";"1";"971";"97124";"2";"2";"1";"6";"Route de Morin";"16,0054220000";" -61,7028560000"
"202100019986";"10";"09";"2021";"15:15";"1";"28";"28185";"1";"1";"1";"3";"RN 12";"48,7743560000";"1,5596990000"
"202100019987";"6";"09";"2021";"15:40";"1";"77";"77300";"1";"1";"7";"7";"D19";"48,9423860000";"2,9865240000"