"Num_Acc";"jour";"mois";"an";"hrmn";"lum";"dep";"com";"agg";"int";"atm";"col";"adr";"lat";"long"
"202100019988";"10";"09";"2021";"09:23";"1";"2B";"2B134";"2";"2";"7";"2";"Allees Charles de Gaulle";"42,6323290000";"8,9375660000"
"202100019989";"10";"09";"2021";"10:00";"1";"84";"84047";"1";"2";"3";"3";"Route de Croagnes";"43,9058160000";"5,3472410000"
"202100019990";"5";"09";"2021";"14:40";"1";"26";"26362";"1";"1";"1";"2";"Autoroute A7";"44,9129730000";"4,8775430000"
"202100019991";"10";"09";"2021";"08:20";"1";"71";"71481";"2";"1";"1";"7";"Rue des Chanillons";"46,1942440000";"4,7799490000"
"202100019992";"8";"09";"2021";"17:00";"1";"68";"68154";"2";"4";"1";"1";"Rue de Sausheim";"47,7650570000";"7,3597560000"
"202100019993";"9";"09";"2021";"16:30";"1";"55";"55255";"2";"1";"1";"6";"38 Grande Rue";"49,4297830000";"5,3810490000"
"202100019994";"4";"09";"2021";"14:40";"1";"42";"42094";"2";"1";"1";"6";"15 Rue de la Pechoire";"45,7261380000";"4,2221590000"
"202100019995";"9";"09";"2021";"21:20";"5";"01";"01313";"2";"6";"1";"6";"D35";"46,2463130000";"6,0815710000"
"202100019996";"10";"09";"2021";"17:40";"1";"69";"69009";"2";"1";"1";"5";"VILLEFRANCHE (DE) (RTE)";"45,9535550000";"4,7149480000"
"202100019997";"10";"09";"2021";"17:07";"1";"69";"69071";"1";"6";"1";"7";"D51";"45,8799780000";"4,8210190000"
"202100019998";"10";"09";"2021";"12:45";"1";"81";"81105";"2";"1";"1";"6";"Boulevard du Docteur Pontier";"43,7714440000";"1,9946740000"
"202100019999";"6";"09";"2021";"14:05";"1";"33";"33240";"2";"3";"1";"6";"Rue des Abbes Collin";"45,3111220000";" -0,9197800000"
"202100020000";"9";"09";"2021";"18:45";"1";"33";"33366";"1";"3";"2";"3";"D137";"45,0121280000";" -0,4416070000"
"202100020001";"9";"09";"2021";"16:10";"1";"33";"33483";"2";"9";"2";"2";"Avenue Lagraula";"44,9093010000";" -0,3826120000"
"202100020002";"9";"09";"2021";"00:45";"3";"22";"22277";"1";"1";"2";"7";"La Ville au Pilon";"48,3799630000";" -2,8942220000"
"202100020003";"10";"09";"2021";"04:50";"4";"35";"35166";"1";"2";"1";"3";"D106";"48,1488120000";" -1,3400210000"
"202100020004";"10";"09";"2021";"14:20";"1";"27";"27568";"1";"1";"3";"3";"Le Fidelaire RD 830";"48,9483230000";"0,8872320000"
"202100020005";"10";"09";"2021";"16:45";"1";"62";"62318";"2";"1";"1";"6";"Route d Hilbert";"50,5112710000";"1,6451110000"
"202100020006";"8";"09";"2021";"16:57";"1";"13";"13071";"1";"1";"1";"7";"A51-Sens Aix en Provence vers Marseille";"43,4131800000";"5,3639300000"
"202100020007";"9";"09";"2021";"10:00";"1";"13";"13055";"1";"1";"1";"4";"A507 sens Marseille - Aubagne";"43,3030700000";"5,4256900000"
"202100020008";"8";"09";"2021";"15:25";"1";"13";"13071";"1";"1";"1";"4";"A7-Sens Marseille vers Lyon";"43,4124780000";"5,2819480000"
"202100020009";"9";"09";"2021";"10:25";"1";"57";"57764";"1";"1";"2";"4";"Autoroute A.31";"49,4594000000";"6,1214800000"
"202100020010";"8";"09";"2021";"19:00";"1";"33";"33192";"1";"1";"1";"2";"ROCADE A 630";"44,7899340000";" -0,6063350000"
"202100020011";"7";"09";"2021";"08:00";"1";"33";"33013";"1";"1";"1";"4";"Rocade Rive Droite N230";"44,8506600000";" -0,5040700000"
"202100020012";"9";"09";"2021";"16:40";"1";"91";"91286";"1";"1";"1";"4";"AUTOROUTE A6";"48,6490600000";"2,3853300000"
"202100020013";"8";"09";"2021";"17:05";"1";"94";"94038";"1";"1";"1";"3";"AUTOROUTE A6B";"48,7789000000";"2,3467200000"
"202100020014";"9";"09";"2021";"09:02";"1";"78";"78322";"1";"1";"1";"2";"RN12 INT";"48,7812390000";"2,1688510000"
"202100020015";"9";"09";"2021";"09:30";"1";"78";"78646";"1";"1";"2";"3";"RN12 INT";"48,7911240000";"2,1046460000"
"202100020016";"7";"09";"2021";"08:44";"1";"78";"78640";"1";"1";"1";"2";"N118";"48,7757980000";"2,2225530000"
"202100020017";"9";"09";"2021";"20:30";"3";"93";"93005";"1";"1";"1";"6";"AUTOROUTE A3";"48,9595500000";"2,4654800000"
"202100020018";"9";"09";"2021";"19:00";"1";"93";"93053";"1";"1";"1";"7";"AUTOROUTE A103";"48,8877700000";"2,4725400000"
"202100020019";"9";"09";"2021";"18:00";"1";"92";"92036";"1";"1";"1";"4";"AUTOROUTE A86";"48,9377152081";"2,2968897826"
"202100020020";"8";"09";"2021";"23:30";"3";"95";"95488";"1";"1";"2";"4";" A15";"49,0231900000";"2,1341800000"
"202100020021";"8";"09";"2021";"20:00";"1";"93";"93010";"1";"1";"1";"2";"AUTOROUTE A3";"48,9106000000";"2,4754100000"
"202100020022";"8";"09";"2021";"00:20";"5";"93";"93010";"1";"9";"1";"2";"AUTOROUTE A3";"48,9178900000";"2,4793000000"
"202100020023";"9";"09";"2021";"07:50";"1";"94";"94028";"1";"1";"1";"2";"A86 EXT";"48,7834700000";"2,4407100000"
"202100020024";"5";"09";"2021";"19:50";"2";"94";"94033";"1";"1";"1";"4";"A86.EXT";"48,8612242569";"2,4841007475"
"202100020025";"8";"09";"2021";"08:45";"1";"77";"77294";"1";"1";"7";"3";"A104";"48,9707530000";"2,5717280000"
"202100020026";"8";"09";"2021";"03:25";"5";"94";"94065";"1";"1";"1";"2";"A86 INT";"48,7537700000";"2,3549700000"
"202100020027";"6";"09";"2021";"21:45";"5";"94";"94028";"1";"1";"1";"6";"A86 EXT";"48,7810694259";"2,4414599042"
"202100020028";"25";"05";"2021";"16:40";"1";"34";"34172";"2";"2";"1";"3";"CHOLET (RUE DE)";"43,5837430000";"3,8665630000"
"202100020029";"8";"09";"2021";"18:12";"1";"26";"26198";"2";"1";"7";"6";"Avenue John Fitzgerald Kennedy";"44,5538500000";"4,7433000000"
"202100020030";"7";"09";"2021";"18:40";"1";"11";"11262";"2";"9";"1";"6";"BLUM (SQUARE THERESE LEON)";"43,1877600000";"3,0080200000"
"202100020031";"7";"09";"2021";"09:20";"1";"44";"44184";"2";"1";"1";"6";"MERMOZ (BOULEVARD JEAN)";"47,2781800000";" -2,2271600000"
"202100020032";"2";"09";"2021";"20:21";"5";"75";"75103";"2";"7";"1";"6";"PLACE DE LA REPUBLIQUE";"48,8665651184";"2,3648410244"
"202100020033";"14";"05";"2021";"15:25";"1";"23";"23096";"2";"1";"1";"6";"LAROCHE (AVENUE LOUIS)";"46,1783000000";"1,8703000000"
"202100020034";"22";"05";"2021";"23:55";"3";"02";"02408";"1";"1";"1";"1";"RD 967";"49,5897300000";"3,6269600000"
"202100020035";"31";"05";"2021";"15:50";"1";"14";"14069";"1";"3";"1";"3";"D519";"49,1346940000";"0,2510700000"
"202100020036";"8";"09";"2021";"06:20";"2";"974";"97416";"1";"1";"1";"7";"LENORMAND (CHEMIN)";" -21,2780100000";"55,4714100000"
"202100020037";"7";"09";"2021";"18:00";"5";"974";"97411";"2";"1";"1";"6";"PONT (RUE DU)";" -20,8781534165";"55,4459094999"
"202100020038";"6";"09";"2021";"08:00";"1";"974";"97411";"2";"3";"1";"3";"montgaillard (route de)";" -20,8987400000";"55,4674900000"
"202100020039";"8";"09";"2021";"23:45";"5";"69";"69387";"2";"2";"1";"3";"GUILLOTIERE (DE LA) (R)";"45,7510500000";"4,8482200000"
"202100020040";"8";"09";"2021";"20:00";"5";"69";"69388";"2";"2";"1";"3";"FRERES LUMIERE (DES) (AV)";"45,7440300000";"4,8704400000"
"202100020041";"8";"09";"2021";"19:40";"1";"69";"69387";"2";"1";"1";"2";"JEAN JAURES (AV)";"45,7343465617";"4,8353952169"
"202100020042";"8";"09";"2021";"16:20";"1";"69";"69388";"2";"1";"1";"3";"FRERES LUMIERE (DES) (AV)";"45,7452049118";"4,8658860122"
"202100020043";"8";"09";"2021";"18:20";"1";"69";"69149";"2";"3";"1";"6";"GRANDE RUE (GR)";"45,7121500000";"4,8029100000"
"202100020044";"8";"09";"2021";"09:50";"1";"69";"69384";"2";"9";"7";"3";"HERBOUVILLE (D') (CR)";"45,7751500000";"4,8394100000"
"202100020045";"8";"09";"2021";"08:45";"1";"69";"69389";"2";"1";"1";"6";"PAUL SEDAILLIAN (Q)";"45,7874400000";"4,8145100000"
"202100020046";"8";"09";"2021";"16:15";"1";"2B";"2B033";"1";"1";"1";"2";"ST FLORENT-ANCIENNE RT DE";"42,6925600000";"9,4393000000"
"202100020047";"8";"09";"2021";"16:15";"1";"2B";"2B033";"2";"1";"1";"2";"11 - RT";"42,6897900000";"9,4475300000"
"202100020048";"7";"09";"2021";"12:50";"1";"2B";"2B033";"2";"1";"1";"3";"MIOT - RUE";"42,6900000000";"9,4500000000"
"202100020049";"8";"09";"2021";"11:00";"1";"971";"97101";"2";"1";"1";"2";"PALAIS ROYAL";"16,2842500000";" -61,4949300000"
"202100020050";"9";"09";"2021";"00:45";"5";"2A";"2A004";"1";"1";"1";"1";"LEVIE JEAN JEROME AVENUE";"41,9262800000";"8,7385800000"
"202100020051";"8";"09";"2021";"23:30";"5";"95";"95585";"2";"1";"2";"3";"PERI (AVENUE GABRIEL )";"49,0027143369";"2,3734921217"
"202100020052";"8";"09";"2021";"17:40";"1";"95";"95424";"2";"1";"7";"6";"GÃNÃRAL DE GAULLE(RUE DU)";"48,9974380000";"2,1949620000"
"202100020053";"5";"09";"2021";"18:30";"1";"91";"91377";"2";"1";"2";"3";"AV GEORGES CLEMENCEAU";"48,7270010000";"2,2543970000"
"202100020054";"4";"09";"2021";"18:28";"1";"88";"88462";"1";"3";"1";"5";"Route de BÃ©mont";"48,0360805207";"6,6791376472"
"202100020055";"7";"09";"2021";"10:15";"1";"87";"87085";"2";"2";"1";"6";"REVOLUTION (AVENUE DE LA)";"45,8259200000";"1,2577400000"
"202100020056";"8";"09";"2021";"08:20";"1";"86";"86158";"1";"1";"1";"2";"RD 347";"46,6441210000";"0,2921770000"
"202100020057";"10";"06";"2021";"14:45";"1";"85";"85194";"2";"2";"1";"3";"RUE PAUL BERT";"46,5293700000";" -1,7780500000"
"202100020058";"8";"09";"2021";"19:40";"2";"83";"83137";"2";"9";"8";"3";"DE LATTRE DE TASSIGNY (AVE MARECHAL)";"43,1159700000";"5,9377400000"
"202100020059";"8";"09";"2021";"17:30";"1";"83";"83062";"2";"1";"1";"7";"THOUAR MONTEE";"43,1315758758";"6,0101410698"
"202100020060";"8";"09";"2021";"10:30";"1";"83";"83126";"1";"1";"1";"3";"SEYNE (ROUTE DE LA)";"43,1205200000";"5,8526100000"
"202100020061";"7";"09";"2021";"15:15";"1";"83";"83069";"2";"1";"1";"3";"TOULON RD 46 ( ROUTE DE )";"43,1262542862";"6,0979968309"
"202100020062";"8";"09";"2021";"11:20";"1";"77";"77464";"2";"4";"1";"2";"D418";"48,8849000000";"2,7065600000"
"202100020063";"8";"09";"2021";"19:10";"1";"77";"77433";"1";"3";"1";"1";"D402";"48,7925400000";"3,0681700000"
"202100020064";"7";"09";"2021";"15:00";"1";"73";"73065";"2";"3";"1";"6";"SAINT ANTOINE (RUE)";"45,5681615050";"5,9211668373"
"202100020065";"8";"09";"2021";"11:00";"1";"69";"69266";"2";"1";"1";"3";"LEON BLUM (R)";"45,7605500000";"4,9047700000"
"202100020066";"8";"09";"2021";"00:25";"5";"69";"69290";"2";"1";"1";"6";"ROSES (DES) (BD)";"45,6863300000";"4,9405500000"
"202100020067";"7";"09";"2021";"18:45";"1";"69";"69275";"1";"2";"7";"3";"RIPES (DES) (CHM)";"45,7539400000";"4,9733000000"
"202100020068";"8";"09";"2021";"07:45";"1";"67";"67218";"2";"3";"7";"6";"LYON (RTE DE)";"48,5320500000";"7,7173900000"
"202100020069";"7";"09";"2021";"18:35";"1";"60";"60159";"1";"6";"7";"3";"D 130";"49,4258100000";"2,8767200000"
"202100020070";"8";"09";"2021";"12:15";"1";"59";"59599";"2";"1";"1";"6";"NATIONALE (RUE)";"50,7240000000";"3,1582000000"
"202100020071";"8";"09";"2021";"09:00";"1";"59";"59512";"2";"2";"7";"1";"NOTTE (RUE JEAN BAPTISTE)";"50,6790941349";"3,1832804861"
"202100020072";"7";"09";"2021";"19:40";"1";"59";"59009";"2";"1";"1";"6";"BAUDOIN IX RUE";"50,6239874475";"3,1317526102"
"202100020073";"8";"09";"2021";"07:55";"1";"51";"51454";"2";"2";"1";"3";"Avenue Edmond Michelet";"49,2257700000";"4,0294100000"
"202100020074";"8";"09";"2021";"15:09";"1";"49";"49267";"2";"1";"1";"3";"BOIS DE L'HOPITAL";"47,4727900000";" -0,4547700000"
"202100020075";"8";"09";"2021";"18:00";"1";"45";"45147";"2";"2";"1";"1";"Rue AndrÃ© Dessaux";"47,9273000000";"1,8984100000"
"202100020076";"8";"09";"2021";"13:40";"1";"38";"38516";"2";"1";"1";"7";"Rue Doyen Gosse";"45,2022400000";"5,7520000000"
"202100020077";"8";"09";"2021";"16:47";"1";"37";"37261";"2";"2";"1";"6";"HOSPITALITE (RUE DE L')";"47,3902660016";"0,6706048719"
"202100020078";"7";"09";"2021";"14:38";"1";"37";"37261";"2";"2";"1";"2";"HOSPITALITE (RUE DE L')";"47,3902659398";"0,6706046971"
"202100020079";"8";"09";"2021";"11:00";"1";"35";"35238";"1";"1";"1";"4";"PORTE DES LOGES";"48,0909770000";" -1,6289110000"
"202100020080";"8";"09";"2021";"15:00";"1";"33";"33162";"2";"1";"1";"4";"D1215";"44,8869100000";" -0,6668100000"
"202100020081";"7";"09";"2021";"08:58";"1";"32";"32013";"2";"1";"1";"7";"LORRAINE";"43,6492200000";"0,5883700000"
"202100020082";"27";"08";"2021";"08:30";"1";"22";"22278";"2";"1";"1";"6";"RABELAIS";"48,5035325728";" -2,7470532845"
"202100020083";"8";"09";"2021";"19:35";"2";"17";"17291";"2";"1";"1";"3";"QUATORZE JUILLET   RUE DU";"46,1742100000";" -1,1158100000"
"202100020084";"8";"09";"2021";"18:20";"1";"15";"15014";"2";"2";"1";"1";"VIALENC (BOULEVARD DU)";"44,9180300000";"2,4289100000"
"202100020085";"8";"09";"2021";"07:30";"1";"13";"13213";"2";"1";"1";"3";"ALBERT EINSTEIN (RUE)";"43,3392448054";"5,4389709707"
"202100020086";"8";"09";"2021";"10:00";"1";"13";"13216";"1";"1";"1";"3";"LITTORAL (CHEMIN DU)";"43,3471645769";"5,3442537598"
"202100020087";"8";"09";"2021";"09:00";"1";"13";"13201";"2";"1";"1";"6";"JEAN JAURES (PLACE)";"43,2945400000";"5,3856000000"
"202100020088";"8";"09";"2021";"06:10";"2";"13";"13216";"2";"1";"1";"3";"ROVE (ROUTE DU)";"43,3581500000";"5,2885700000"
"202100020089";"8";"09";"2021";"06:10";"5";"13";"13211";"2";"1";"1";"1";"MILLIERE (BOULEVARD DE LA )";"43,2830000000";"5,4930000000"
"202100020090";"7";"09";"2021";"16:48";"1";"10";"10343";"2";"1";"1";"6";"MARCEL BIDOT (RUE)";"48,2690600000";"4,1089800000"
"202100020091";"7";"09";"2021";"13:25";"1";"10";"10387";"2";"1";"1";"6";"MARECHAL DE LATTRE DE TASSIGNY (RUE DU)";"48,3040000000";"4,0967100000"
"202100020092";"8";"09";"2021";"17:50";"1";"02";"02304";"2";"3";"7";"3";"CHEMIN DE DANIZY";"49,6600700000";"3,3716200000"
"202100020093";"2";"09";"2021";"17:58";"1";"02";"02738";"2";"1";"1";"7";"GAMBETTA (BOULEVARD)";"49,6532220000";"3,2898190000"
"202100020094";"8";"09";"2021";"19:10";"1";"01";"01451";"1";"1";"1";"6";"MARBOZ RD 996 ( ROUTE DE ) PAIR";"46,2844800000";"5,2306600000"
"202100020095";"8";"09";"2021";"07:35";"1";"75";"75117";"2";"4";"1";"2";"BD PERIPHERIQUE EXTERIEUR";"48,8933700000";"2,3034110000"
"202100020096";"8";"09";"2021";"14:49";"1";"75";"75113";"2";"1";"7";"4";"BD PERIPHERIQUE INTERIEUR";"48,8257910000";"2,3865890000"
"202100020097";"7";"09";"2021";"21:56";"5";"75";"75119";"2";"1";"1";"3";"BD PERIPHERIQUE INTERIEUR";"48,9003530000";"2,3847350000"
"202100020098";"8";"09";"2021";"13:15";"1";"75";"75105";"2";"2";"1";"2";"RUE MONGE";"48,8421700000";"2,3520570000"
"202100020099";"6";"09";"2021";"09:45";"1";"75";"75107";"2";"3";"1";"2";"QUAI BRANLY";"48,8605350000";"2,2956390000"
"202100020100";"8";"09";"2021";"22:00";"5";"75";"75120";"2";"3";"8";"1";"RUE MARYSE HILSZ";"48,8510290000";"2,4126880000"
"202100020101";"8";"09";"2021";"18:50";"1";"75";"75118";"2";"7";"1";"6";"PLACE DE LA CHAPELLE";"48,8845420000";"2,3592820000"
"202100020102";"8";"09";"2021";"13:50";"1";"75";"75118";"2";"2";"1";"3";"AVENUE DE LA PORTE DE SAINT OUEN";"48,9004780000";"2,3302080000"
"202100020103";"8";"09";"2021";"17:50";"1";"75";"75116";"2";"7";"1";"3";"PLACE DE LA PORTE DE SAINT CLOUD";"48,8384210000";"2,2570330000"
"202100020104";"8";"09";"2021";"14:15";"1";"75";"75116";"2";"4";"1";"6";"AVENUE PAUL DOUMER";"48,8617890000";"2,2857280000"
"202100020105";"8";"09";"2021";"07:50";"1";"75";"75114";"2";"2";"1";"3";"BOULEVARD JOURDAN";"48,8222490000";"2,3303080000"
"202100020106";"8";"09";"2021";"09:00";"1";"75";"75113";"2";"3";"1";"3";"BOULEVARD ARAGO";"48,8350450000";"2,3463650000"
"202100020107";"8";"09";"2021";"08:30";"1";"75";"75112";"2";"4";"1";"2";"RUE ROBERT ETLIN";"48,8283370000";"2,3904030000"
"202100020108";"8";"09";"2021";"10:05";"1";"75";"75112";"2";"2";"1";"3";"AVENUE LEDRU ROLLIN";"48,8486290000";"2,3725420000"
"202100020109";"8";"09";"2021";"22:00";"5";"75";"75111";"2";"3";"2";"6";"AVENUE PHILIPPE AUGUSTE";"48,8529900000";"2,3930600000"
"202100020110";"8";"09";"2021";"08:30";"1";"75";"75108";"2";"1";"1";"3";"AVENUE DE MARIGNY";"48,8702580000";"2,3156600000"
"202100020111";"8";"09";"2021";"21:55";"5";"75";"75107";"2";"3";"2";"2";"RUE DU BAC";"48,8564380000";"2,3265590000"
"202100020112";"7";"09";"2021";"09:25";"1";"75";"75107";"2";"3";"1";"3";"AVENUE DE SUFFREN";"48,8569280000";"2,2919590000"
"202100020113";"8";"09";"2021";"14:35";"1";"75";"75104";"2";"1";"1";"6";"QUAI DES CELESTINS";"48,8519530000";"2,3612070000"
"202100020114";"8";"09";"2021";"11:55";"1";"94";"94080";"2";"3";"1";"3";"Avenue de Paris";"48,8460100000";"2,4246900000"
"202100020115";"7";"09";"2021";"09:20";"1";"94";"94068";"2";"1";"1";"1";"FOCH (AV)";"48,8051800000";"2,4842200000"
"202100020116";"8";"09";"2021";"14:10";"1";"94";"94046";"2";"1";"1";"6";"Avenue du GÃ©nÃ©ral Leclerc";"48,8137720000";"2,4261140000"
"202100020117";"8";"09";"2021";"07:56";"1";"94";"94003";"2";"1";"1";"6";"VLADIMIR ILLITCH LENINE (AV)";"48,8105600000";"2,3305300000"
"202100020118";"5";"08";"2021";"15:30";"1";"94";"94073";"2";"1";"1";"6";"Rue de la Couture du Moulin";"48,7632600000";"2,3820800000"
"202100020119";"7";"09";"2021";"21:00";"5";"94";"94028";"2";"9";"1";"1";"Avenue Pompadour";"48,7740500000";"2,4390200000"
"202100020120";"7";"09";"2021";"09:15";"1";"94";"94028";"2";"1";"7";"6";"Rue Claude Nicolas Ledoux";"48,7663800000";"2,4690500000"
"202100020121";"8";"09";"2021";"09:00";"1";"94";"94054";"2";"2";"1";"7";"Rue du Noyer Grenot";"48,7491800000";"2,4018900000"
"202100020122";"7";"09";"2021";"12:45";"1";"93";"93078";"2";"6";"1";"2";"Boulevard Robert Ballanger / Avenue Georges ClÃ©menceau";"48,9616000000";"2,5562200000"
"202100020123";"8";"09";"2021";"17:10";"1";"93";"93070";"2";"1";"1";"3";"CHARLES SCHMIDT(RUE) : APRES 49";"48,9031000000";"2,3338600000"
"202100020124";"6";"09";"2021";"21:25";"5";"93";"93066";"2";"1";"1";"3";"GORKI MAXIME";"48,9434120000";"2,3871000000"
"202100020125";"8";"09";"2021";"09:50";"1";"93";"93077";"2";"9";"1";"3";"Rue Robert Jumel";"48,8895170000";"2,5055160000"
"202100020126";"8";"09";"2021";"12:10";"1";"93";"93048";"2";"1";"1";"1";"Rue de Romainville";"48,8702121635";"2,4467991270"
"202100020127";"8";"09";"2021";"22:30";"5";"93";"93027";"2";"2";"2";"1";"PASTEUR (BOULEVARD) DE 1 A 39";"48,9200000000";"2,3830600000"
"202100020128";"8";"09";"2021";"17:20";"1";"93";"93030";"2";"1";"1";"2";"Avenue du Marechal Leclerc de Hautecloque";"48,9415100000";"2,4210100000"
"202100020129";"7";"09";"2021";"14:30";"1";"93";"93027";"2";"1";"1";"2";"Avenue Paul Vaillant Couturier";"48,9277900000";"2,4183400000"
"202100020130";"7";"09";"2021";"13:45";"1";"93";"93047";"2";"3";"1";"1";"Avenue de Clichy-sous-Bois / Rue Picasso";"48,9045142809";"2,5603682252"
"202100020131";"8";"09";"2021";"18:45";"1";"93";"93005";"2";"1";"1";"3";"Avenue de la Gare de lâAbbaye";"48,9236280000";"2,5142310000"
"202100020132";"8";"09";"2021";"14:00";"1";"92";"92064";"2";"3";"1";"3";"PORTE JAUNE";"48,8417600000";"2,1992300000"
"202100020133";"7";"09";"2021";"23:40";"5";"92";"92051";"2";"1";"1";"6";"PERRONET (RUE, NÂ°1 A 91 ET 2 A 108)";"48,8846670000";"2,2764100000"
"202100020134";"8";"09";"2021";"18:45";"1";"92";"92050";"2";"3";"1";"3";"PONS NOEL RUE";"48,9083323397";"2,2291121259"
"202100020135";"8";"09";"2021";"17:30";"1";"92";"92040";"2";"1";"1";"2";"VICTOR CRESSON (AVENUE) DU 29 AU 77";"48,8215454028";"2,2628325723"
"202100020136";"8";"09";"2021";"11:40";"1";"92";"92019";"2";"1";"1";"6";"SIMIAND FRANCOIS (PLACE)";"48,7634308285";"2,2593373060"
"202100020137";"7";"09";"2021";"18:00";"1";"83";"83058";"2";"1";"1";"6";"Route de Salernes";"43,5357670000";"6,3913120000"
"202100020138";"8";"09";"2021";"16:30";"1";"86";"86007";"2";"3";"2";"1";"carrefour de la D1 et du C1";"46,8465320000";"0,5345640000"
"202100020139";"9";"09";"2021";"16:30";"1";"91";"91390";"1";"1";"1";"1";"D145";"48,3116780000";"2,0744800000"
"202100020140";"9";"09";"2021";"07:34";"1";"91";"91533";"2";"3";"1";"6";"Rue Jean Moulin";"48,3626830000";"2,1232100000"
"202100020141";"8";"09";"2021";"20:50";"3";"76";"76202";"1";"1";"1";"7";"D12";"49,7904250000";"1,3790260000"
"202100020142";"8";"09";"2021";"18:50";"1";"58";"58002";"1";"1";"1";"1";"D14";"47,4487850000";"3,0501830000"
"202100020143";"9";"09";"2021";"15:50";"1";"58";"58303";"1";"1";"8";"7";"Autoroute A77 Ã©changeur nÂ°33 sens NEVERS-PARIS";"47,0356930000";"3,1459950000"
"202100020144";"8";"09";"2021";"11:00";"1";"22";"22175";"1";"1";"1";"7";"La Ville Es Guilheux";"48,4502720000";" -2,3730040000"
"202100020145";"8";"09";"2021";"20:30";"3";"04";"04033";"1";"3";"1";"3";"RD 900 B";"44,4435470000";"6,3513850000"
"202100020146";"9";"09";"2021";"08:45";"1";"51";"51612";"1";"1";"1";"7";"D38";"48,9481500774";"3,9896787386"
"202100020147";"7";"09";"2021";"11:38";"1";"2B";"2B346";"2";"4";"1";"7";"Campore";"42,4999710000";"9,4511820000"
"202100020148";"7";"09";"2021";"18:10";"1";"80";"80661";"1";"1";"7";"1";"Rue de Villers Bocage";"49,9803020000";"2,3401740000"
"202100020149";"3";"09";"2021";"08:05";"1";"80";"80316";"2";"1";"1";"6";"7 Rue de Villers";"50,0051330000";"2,2645540000"
"202100020150";"8";"09";"2021";"17:37";"1";"80";"80026";"1";"4";"1";"1";"D29";"49,8816250000";"1,8215200000"
"202100020151";"8";"09";"2021";"07:00";"1";"68";"68179";"2";"3";"1";"6";"35 Rue du ChÃ¢teau";"47,7525639240";"7,0149502158"
"202100020152";"8";"09";"2021";"21:40";"5";"39";"39295";"1";"2";"1";"3";"N/A";"46,4834480000";"5,4660380000"
"202100020153";"25";"08";"2021";"09:21";"1";"31";"31451";"2";"1";"1";"6";"D1";"43,4657550000";"1,9840540000"
"202100020154";"9";"09";"2021";"11:45";"1";"50";"50639";"2";"1";"8";"6";"56 Rue Jules TÃ©trel";"48,8414290000";" -1,2271000000"
"202100020155";"25";"08";"2021";"16:40";"1";"90";"90009";"2";"1";"1";"3";"Rue FrÃ©dÃ©ric Japy";"47,4849610000";"6,9213060000"
"202100020156";"8";"09";"2021";"17:15";"1";"60";"60471";"2";"1";"1";"6";"Rue d Orroire";"49,5714770000";"3,0171940000"
"202100020157";"25";"08";"2021";"18:55";"1";"43";"43216";"2";"2";"1";"3";"Avenue Pierre Julien";"45,1322330000";"3,8156190000"
"202100020158";"8";"09";"2021";"02:30";"3";"24";"24527";"1";"1";"1";"6";"Voie communale";"45,2725990000";"0,9057390000"
"202100020159";"8";"09";"2021";"13:30";"1";"27";"27490";"1";"1";"1";"1";"D6014";"49,2612510000";"1,5489010000"
"202100020160";"8";"09";"2021";"16:00";"1";"17";"17385";"2";"1";"1";"7";"33 Rue de la Liberation";"45,9457910000";" -1,3135960000"
"202100020161";"15";"08";"2021";"18:00";"1";"17";"17132";"1";"1";"1";"7";"D262";"46,2233150000";" -0,7370500000"
"202100020162";"27";"08";"2021";"15:50";"1";"48";"48144";"2";"3";"1";"3";"RD 40 - Intersection La FabrÃ¨gue - HLM";"44,1780860000";"3,7446370000"
"202100020163";"9";"09";"2021";"09:08";"1";"88";"88530";"2";"6";"1";"6";"gÃ©nÃ©ral patch";"48,0450450000";"6,4023100000"
"202100020164";"8";"09";"2021";"12:15";"1";"10";"10216";"1";"1";"1";"2";"Autoroute A26";"48,6703630000";"4,1701540000"
"202100020165";"9";"09";"2021";"01:15";"3";"63";"63181";"1";"9";"1";"5";"A 71 PR 359+700-basculement";"46,0162660000";"3,1185510000"
"202100020166";"8";"09";"2021";"07:29";"2";"44";"44069";"1";"3";"1";"3";"D233-MIROUX";"47,3553680000";" -2,4329250000"
"202100020167";"8";"09";"2021";"15:25";"1";"49";"49244";"1";"3";"1";"7";"RD751";"47,3682820000";" -0,8288240000"
"202100020168";"5";"09";"2021";"05:45";"2";"51";"51172";"1";"1";"1";"7";"A4";"49,2106070004";"4,0521344665"
"202100020169";"5";"09";"2021";"19:00";"1";"74";"74118";"1";"1";"1";"2";"A 40, sens geneve-chamonix";"46,1709750000";"6,2414790000"
"202100020170";"4";"09";"2021";"17:35";"1";"76";"76484";"1";"1";"1";"4";"A13 - VOIE D'INSERTION";"49,3395993919";"1,0711884499"
"202100020171";"21";"06";"2021";"08:10";"1";"62";"62731";"1";"1";"1";"7";"A2";"50,0785600000";"3,0243310000"
"202100020172";"9";"09";"2021";"12:55";"1";"974";"97420";"1";"1";"1";"1";"RN2 - PK 25 + 850";" -20,9328130000";"55,6349690000"
"202100020173";"9";"09";"2021";"10:58";"1";"971";"97125";"2";"6";"1";"1";"Lieu Dit Seze";"16,2517690000";" -61,2873600000"
"202100020174";"8";"09";"2021";"14:00";"1";"971";"97125";"2";"2";"1";"3";"croisement route de bebet / route de cocoyer";"16,2735110000";" -61,2689500000"
"202100020175";"8";"09";"2021";"19:15";"3";"971";"97107";"1";"1";"1";"3";"RN1 - Panga";"16,1087820000";" -61,5707840000"
"202100020176";"8";"09";"2021";"19:40";"2";"37";"37003";"2";"6";"2";"6";"D31";"47,4031698429";"1,0184101116"