"Num_Acc";"jour";"mois";"an";"hrmn";"lum";"dep";"com";"agg";"int";"atm";"col";"adr";"lat";"long"
"202100020177";"8";"09";"2021";"07:45";"1";"45";"45315";"1";"1";"9";"2";"chemin des chataigniers";"47,7541020000";"2,3606070000"
"202100020178";"8";"09";"2021";"08:20";"1";"34";"34023";"2";"3";"1";"3";"Avenue Pasteur";"43,4374410000";"3,6767770000"
"202100020179";"8";"09";"2021";"08:30";"1";"13";"13097";"2";"6";"1";"3";"D 27";"43,6459820000";"4,8048660000"
"202100020180";"8";"09";"2021";"16:00";"1";"13";"13059";"1";"1";"1";"3";"D15";"43,6581230000";"5,4978850000"
"202100020181";"9";"09";"2021";"02:45";"3";"26";"26165";"1";"1";"1";"6";"Autoroute A7";"44,7841580000";"4,8298540000"
"202100020182";"7";"09";"2021";"09:30";"1";"67";"67205";"2";"1";"1";"2";"72 Rue de la Wantzenau";"48,6948880000";"7,7863790000"
"202100020183";"9";"09";"2021";"00:30";"3";"26";"26313";"1";"1";"1";"6";"LACRA";"44,9643770000";"4,9587070000"
"202100020184";"7";"09";"2021";"23:30";"4";"07";"07324";"2";"1";"1";"6";"120 Avenue du 8 Mai 1945";"45,0540820000";"4,8356860000"
"202100020185";"8";"09";"2021";"19:15";"2";"69";"69171";"1";"1";"1";"7";"BREVENNE (DE LA) (Q)";"45,8056190000";"4,5962120000"
"202100020186";"8";"09";"2021";"17:45";"1";"69";"69204";"2";"6";"1";"3";"CHARLY (DE) (RTE)";"45,6822550000";"4,7939280000"
"202100020187";"8";"09";"2021";"19:25";"1";"33";"33412";"1";"1";"1";"6";"Route de Lussan";"45,2996260000";" -0,8481600000"
"202100020188";"6";"09";"2021";"08:33";"1";"85";"85092";"2";"9";"1";"6";"Place de l Ouillette";"46,4633930000";" -0,7932800000"
"202100020189";"8";"09";"2021";"17:10";"1";"29";"29238";"1";"1";"1";"7";"RD 355- Lieu-dit ""Keraguennec""";"48,3101020000";" -4,5690250000"
"202100020190";"8";"09";"2021";"19:45";"1";"29";"29042";"1";"1";"1";"1";"Lesvrez";"48,2825930000";" -4,5536610000"
"202100020191";"8";"09";"2021";"16:40";"1";"62";"62318";"1";"1";"1";"2";"ROUTE DÃPARTEMENTALE 939";"50,5065900000";"1,6686020000"
"202100020192";"27";"07";"2021";"23:30";"5";"69";"69385";"1";"1";"1";"3";"M6   453.400 A 455.000";"45,7584638582";"4,8121565580"
"202100020193";"8";"09";"2021";"08:16";"1";"33";"33550";"1";"1";"2";"3";"ROCADE A 630";"44,7802300000";" -0,5767500000"
"202100020194";"7";"09";"2021";"13:30";"1";"33";"33122";"1";"1";"1";"2";"AUTOROUTE A 63";"44,7541320000";" -0,6890020000"
"202100020195";"5";"09";"2021";"20:15";"1";"33";"33090";"1";"1";"1";"2";"AUTOROUTE A 63";"44,7719850000";" -0,6582000000"
"202100020196";"6";"09";"2021";"17:55";"1";"59";"59155";"1";"1";"1";"7";"AUTOROUTE A16";"51,0188080059";"2,4037373142"
"202100020197";"7";"09";"2021";"12:15";"1";"59";"59159";"1";"1";"1";"5";"AUTOROUTE A16";"50,9718944675";"2,2215663456"
"202100020198";"8";"09";"2021";"14:45";"1";"94";"94076";"1";"1";"1";"3";"AUTOROUTE A6B";"48,7920300000";"2,3447800000"
"202100020199";"8";"09";"2021";"09:25";"1";"91";"91570";"1";"1";"1";"4";"RN 104";"48,6252700000";"2,3094400000"
"202100020200";"8";"09";"2021";"08:38";"1";"91";"91377";"1";"1";"1";"3";"AUTOROUTE A10";"48,7156200000";"2,2906900000"
"202100020201";"7";"09";"2021";"04:10";"3";"91";"91377";"1";"1";"1";"5";"RD 444";"48,7270330000";"2,2442340000"
"202100020202";"8";"09";"2021";"08:40";"1";"78";"78646";"1";"1";"1";"3";"RN12";"48,7920430000";"2,0943680000"
"202100020203";"8";"09";"2021";"08:30";"1";"92";"92050";"1";"1";"1";"3";"A86";"48,9043911734";"2,2073453665"
"202100020204";"7";"09";"2021";"23:30";"3";"78";"78423";"1";"1";"1";"2";"RN12 INT";"48,7987670000";"1,9986240000"
"202100020205";"8";"09";"2021";"08:20";"1";"93";"93066";"1";"1";"1";"3";"AUTOROUTE A1";"48,9300600000";"2,3641500000"
"202100020206";"5";"09";"2021";"01:10";"3";"94";"94018";"1";"1";"1";"4";"A4";"48,8176262494";"2,4173841935"
"202100020207";"4";"09";"2021";"23:00";"3";"94";"94018";"1";"1";"1";"6";"A4";"48,8176800000";"2,4158200000"
"202100020208";"4";"09";"2021";"21:35";"3";"94";"94017";"1";"1";"1";"6";"A4";"48,8302200000";"2,4957300000"
"202100020209";"8";"09";"2021";"01:20";"5";"33";"33063";"2";"1";"1";"6";"Rue des FrÃ¨res Bonie";"44,8366200000";" -0,5803600000"
"202100020210";"7";"09";"2021";"06:40";"1";"976";"97611";"2";"1";"1";"6";"m'tsapere-Maeventana (rue)";" -12,7882800000";"45,2204600000"
"202100020211";"7";"09";"2021";"08:05";"1";"54";"54395";"2";"1";"1";"6";"SAINT EPVRE (Rue et Place)";"48,6961167858";"6,1792944270"
"202100020212";"7";"09";"2021";"09:30";"1";"33";"33009";"2";"1";"1";"6";"Boulevard Pierre loti";"44,6534600000";" -1,1458200000"
"202100020213";"6";"09";"2021";"16:45";"1";"59";"59017";"2";"1";"1";"6";"LEBLEU (RUE JULES )";"50,6868352773";"2,8704424202"
"202100020214";"6";"09";"2021";"19:30";"1";"38";"38151";"2";"1";"1";"1";"RUE NICEPHORE NIEPCE";"45,1388600000";"5,7168700000"
"202100020215";"2";"09";"2021";"09:30";"1";"77";"77479";"2";"6";"1";"6";"RUE CONSTANT MELET";"48,8733000000";"2,6401000000"
"202100020216";"27";"08";"2021";"20:27";"1";"28";"28085";"2";"3";"1";"6";"BAUDIN (RUE DU DOCTEUR)";"48,4523167176";"1,4841411012"
"202100020217";"10";"05";"2021";"07:50";"1";"76";"76305";"2";"1";"1";"1";"CANAL BOSSIERE (ROUTE DU)";"49,4970100000";"0,1992500000"
"202100020218";"1";"06";"2021";"18:20";"1";"77";"77067";"1";"1";"1";"3";"D.346";"48,5587100000";"2,5986300000"
"202100020219";"7";"09";"2021";"18:30";"5";"974";"97411";"2";"3";"2";"3";"MOUFIA (ROUTE DE)";" -20,9065982563";"55,4892101884"
"202100020220";"7";"09";"2021";"15:50";"1";"974";"97411";"2";"1";"1";"3";"VIERGE (CHEMIN DE LA)";" -20,8992600000";"55,4696600000"
"202100020221";"7";"09";"2021";"07:30";"1";"974";"97411";"2";"1";"1";"6";"LORY LES BAS (RUE)";" -20,8948700000";"55,4816600000"
"202100020222";"6";"09";"2021";"15:10";"1";"974";"97407";"2";"1";"1";"1";"COMMUNE DE PARIS (AVENUE)";" -20,9400000000";"55,2900000000"
"202100020223";"6";"09";"2021";"07:25";"1";"974";"97407";"1";"1";"1";"3";"OWENS JAMES";" -20,9351500000";"55,3202200000"
"202100020224";"5";"09";"2021";"18:10";"2";"974";"97407";"2";"6";"1";"3";"SACRE COEUR (RD POINT) -RIV. DES GALETS ";" -20,9561220000";"55,3121924000"
"202100020225";"7";"09";"2021";"15:00";"1";"973";"97302";"2";"1";"1";"3";"UNIVERSITE CHICAGO (RUE DE)";"4,9350641282";" -52,2983987332"
"202100020226";"8";"09";"2021";"01:45";"5";"69";"69386";"2";"2";"9";"3";"VAUBAN (R)";"45,7648000000";"4,8427700000"
"202100020227";"8";"09";"2021";"00:00";"5";"69";"69382";"2";"3";"1";"1";"BELLECOUR (PL)";"45,7565000000";"4,8332000000"
"202100020228";"6";"09";"2021";"12:15";"1";"69";"69384";"2";"3";"1";"3";"JOSEPH GILLET (Q)";"45,7755900000";"4,8104200000"
"202100020229";"7";"09";"2021";"19:00";"1";"91";"91347";"2";"1";"1";"3";"RUE DU DOC DARIER";"48,6443700000";"2,2976100000"
"202100020230";"7";"09";"2021";"08:45";"1";"91";"91421";"2";"1";"1";"2";"NATIONALE 6 (GLACIERE)";"48,7089900000";"2,4419700000"
"202100020231";"7";"09";"2021";"06:15";"3";"91";"91421";"1";"1";"1";"3";"NATIONALE 6 (PARTIE FORET)";"48,6894900000";"2,4751300000"
"202100020232";"7";"09";"2021";"10:55";"1";"91";"91589";"2";"1";"1";"6";"RUE CHARLES ROSSIGNOL";"48,6755690000";"2,3553340000"
"202100020233";"7";"09";"2021";"09:00";"1";"91";"91589";"2";"1";"1";"6";"BD ARISTIDE BRIAND";"48,6870950000";"2,3539180000"
"202100020234";"6";"09";"2021";"18:34";"1";"87";"87085";"2";"6";"1";"3";"GORDINI ( RUE AMEDEE)";"45,8940000000";"1,2810700000"
"202100020235";"6";"09";"2021";"15:55";"1";"87";"87085";"2";"1";"1";"6";"DUTREIX (RUE ARMAND)";"45,8309500000";"1,2434000000"
"202100020236";"5";"09";"2021";"04:45";"5";"87";"87085";"2";"2";"1";"6";"BENEDICTINS (AVENUE DES)";"45,8322500000";"1,2646500000"
"202100020237";"4";"09";"2021";"03:15";"5";"87";"87085";"2";"3";"1";"6";"LECLERC (AVENUE DU GENERAL)";"45,8445200000";"1,2599000000"
"202100020238";"3";"09";"2021";"19:55";"1";"87";"87085";"2";"1";"1";"6";"BEL AIR (BOULEVARD DE)";"45,8199600000";"1,2493500000"
"202100020239";"6";"09";"2021";"13:40";"1";"86";"86194";"2";"2";"1";"3";"Avenue du Plateau des GliÃ¨res";"46,6016630000";"0,3242260000"
"202100020240";"1";"09";"2021";"10:50";"1";"84";"84080";"1";"9";"1";"3";"D942";"44,0462752440";"4,9913361669"
"202100020241";"7";"09";"2021";"15:40";"1";"82";"82121";"2";"2";"1";"3";"LABAT (RUE DU DOCTEUR)";"44,0225825771";"1,3483476480"
"202100020242";"6";"09";"2021";"20:06";"2";"80";"80021";"2";"1";"1";"6";"ROBERT SCHUMAN (RUE)";"49,9075100000";"2,3024100000"
"202100020243";"4";"09";"2021";"14:50";"1";"80";"80021";"2";"1";"1";"1";"QUATORZE JUILLET 1789 (AVENUE DU)";"49,8805500000";"2,2841800000"
"202100020244";"3";"09";"2021";"13:50";"1";"80";"80489";"2";"1";"1";"6";"HENRI BARBUSSE (RUE)";"49,8694700000";"2,3598600000"
"202100020245";"2";"09";"2021";"22:00";"5";"80";"80379";"2";"1";"1";"1";"CHEMIN DE GLISY";"49,8671400000";"2,3782000000"
"202100020246";"7";"09";"2021";"21:20";"2";"78";"78551";"2";"2";"1";"3";"ALGER (D')";"48,9007750000";"2,0853750000"
"202100020247";"7";"09";"2021";"08:45";"2";"78";"78650";"2";"4";"1";"6";"LORRAINE (AVENUE DU)";"48,8828700000";"2,1246400000"
"202100020248";"7";"09";"2021";"21:18";"3";"77";"77462";"1";"1";"1";"2";"D83";"49,0063300000";"2,6634600000"
"202100020249";"3";"09";"2021";"18:05";"1";"77";"77495";"1";"1";"1";"3";"D306";"48,5612500000";"2,6336600000"
"202100020250";"7";"09";"2021";"21:35";"5";"76";"76157";"2";"3";"1";"5";"CANAL. RUE DU (CD 51)";"49,4602047155";"1,0431905463"
"202100020251";"6";"09";"2021";"18:15";"1";"76";"76351";"1";"4";"1";"2";"GENERAL FERRIE (AVENUE)";"49,5035200000";"0,1794100000"
"202100020252";"4";"09";"2021";"15:50";"1";"76";"76351";"2";"2";"1";"3";"FRILEUSE (AVENUE DE)";"49,5090890000";"0,1467090000"
"202100020253";"14";"07";"2021";"06:10";"1";"76";"76351";"2";"1";"1";"2";"SAINTE ADRESSE (DE)";"49,4989500000";"0,0943300000"
"202100020254";"7";"09";"2021";"11:45";"1";"74";"74012";"2";"3";"1";"1";"MOLE (RUE DU)";"46,1979210627";"6,2362189292"
"202100020255";"7";"09";"2021";"11:25";"1";"74";"74012";"2";"3";"1";"3";"ETREMBIERES (ROUTE D')";"46,1836700000";"6,2308900000"
"202100020256";"6";"09";"2021";"12:55";"1";"74";"74012";"2";"3";"1";"3";"ANNEXION (RUE DE L')";"46,1862400000";"6,2376900000"
"202100020257";"6";"09";"2021";"10:25";"1";"74";"74305";"2";"1";"1";"6";"SAINT-HUBERT (IMPASSE)";"46,2014336839";"6,2597406242"
"202100020258";"6";"09";"2021";"18:15";"1";"72";"72181";"2";"1";"1";"3";"LEFAUCHEUX PIERRE (BD)";"47,9683050000";"0,1732100000"
"202100020259";"7";"09";"2021";"11:50";"1";"71";"71153";"2";"6";"1";"2";"MONTVALTIN (Avenue)";"46,7946600000";"4,4490100000"
"202100020260";"7";"09";"2021";"18:15";"1";"69";"69290";"2";"1";"7";"3";"GRANDE RUE (R)";"45,6973100000";"4,9441200000"
"202100020261";"7";"09";"2021";"15:00";"1";"69";"69271";"2";"3";"1";"3";"CHARLES DE GAULLE (BD)";"45,7386600000";"4,9353100000"
"202100020262";"6";"09";"2021";"21:00";"5";"69";"69290";"2";"2";"1";"3";"GRENOBLE (DE) (RTE)";"45,7073455050";"4,9866235256"
"202100020263";"6";"09";"2021";"18:20";"1";"69";"69266";"2";"1";"7";"6";"JULES GRANDCLEMENT (PL)";"45,7587068550";"4,8869610067"
"202100020264";"6";"09";"2021";"10:15";"1";"69";"69290";"2";"2";"1";"3";"CITE BERLIET (DE LA) (BD)";"45,7047700000";"4,9155900000"
"202100020265";"7";"09";"2021";"10:00";"1";"64";"64102";"2";"1";"1";"3";"MAI 1945 (AVENUE DU 8)";"43,4629700000";" -1,4957700000"
"202100020266";"6";"09";"2021";"21:30";"5";"63";"63113";"2";"2";"1";"3";"BLATIN/Berthelot";"45,7763200000";"3,0733300000"
"202100020267";"4";"09";"2021";"21:17";"5";"63";"63113";"2";"2";"1";"3";"ROTONDE / Blatin";"45,7694400000";"3,0909700000"
"202100020268";"4";"09";"2021";"00:02";"5";"63";"63113";"2";"1";"1";"6";"ETATS-UNIS (AVENUE DES)";"45,7797200000";"3,0819200000"
"202100020269";"4";"09";"2021";"21:04";"5";"63";"63113";"2";"1";"1";"3";"HERMITAGE (RUE DE L')/parking mac do";"45,7642630423";"3,1278929114"
"202100020270";"3";"09";"2021";"11:45";"1";"63";"63019";"2";"3";"1";"3";"M769 Gagarine /curie M54b";"45,7916900000";"3,1652400000"
"202100020271";"2";"09";"2021";"16:59";"1";"63";"63113";"2";"2";"1";"3";"METZ / VÃ©nÃ©rable";"45,7813200000";"3,0980500000"
"202100020272";"1";"09";"2021";"10:37";"1";"63";"63113";"2";"1";"1";"6";"LAMARTINE (RUE)";"45,7777100000";"3,0808900000"
"202100020273";"7";"09";"2021";"20:09";"1";"59";"59512";"2";"1";"1";"6";"QUINT (RUE CHARLES)";"50,6848657047";"3,1712856889"
"202100020274";"4";"09";"2021";"14:28";"1";"57";"57757";"2";"1";"1";"6";"ROOSEVELT (RUE DU PRESIDENT) - PAIR";"49,3475900000";"6,1948000000"
"202100020275";"6";"09";"2021";"16:58";"1";"57";"57283";"2";"1";"1";"7";"GARE (RUE DE LA)";"49,2528500000";"6,1647700000"
"202100020276";"6";"09";"2021";"11:45";"1";"56";"56098";"2";"6";"1";"3";"LANN-SEVELIN (ROND POINT DE)";"47,7774800000";" -3,3446300000"
"202100020277";"7";"09";"2021";"18:09";"1";"54";"54395";"2";"1";"1";"3";"BLANDAN (IMPASSE ET RUE DU SGT)";"48,6726300000";"6,1724100000"
"202100020278";"6";"09";"2021";"17:16";"1";"54";"54395";"2";"1";"1";"2";"Boulevard du 26e RÃ©giment dâInfanterie";"48,6988756004";"6,1876271801"
"202100020279";"6";"09";"2021";"09:55";"1";"51";"51454";"2";"2";"1";"3";"Rue Clovis Chezel";"49,2415999633";"4,0352492439"
"202100020280";"5";"09";"2021";"12:15";"1";"50";"50173";"2";"3";"1";"3";"FAURE (RUE)";"49,6431000000";" -1,6467400000"
"202100020281";"2";"09";"2021";"18:30";"1";"49";"49099";"2";"6";"1";"2";"MAURIAC(RUE FRANCOIS)";"47,0578200000";" -0,8875000000"
"202100020282";"7";"09";"2021";"19:42";"1";"49";"49007";"2";"2";"1";"1";"SAINT JACQUES";"47,4738300000";" -0,5755000000"
"202100020283";"2";"09";"2021";"16:39";"1";"49";"49007";"2";"1";"1";"3";"FARCY PLACE";"47,4734700000";" -0,5773600000"
"202100020284";"6";"09";"2021";"19:30";"1";"46";"46042";"2";"9";"1";"7";"ROQUEBILIERE (COTE DE)";"44,4372000000";"1,4108820000"
"202100020285";"7";"09";"2021";"07:30";"1";"45";"45285";"2";"1";"1";"1";"CHAINGY (CHEMIN DE)";"47,9018900000";"1,8675900000"
"202100020286";"6";"09";"2021";"14:50";"1";"37";"37122";"2";"1";"1";"3";"CUGNOT (RUE JOSEPH)";"47,3416054493";"0,6297449277"
"202100020287";"6";"09";"2021";"11:09";"1";"37";"37214";"2";"6";"1";"6";"DE GAULLE (BD CHARLES)";"47,4264308896";"0,6553866562"
"202100020288";"7";"09";"2021";"12:00";"1";"35";"35278";"1";"1";"1";"4";"RD 437";"48,1372400000";" -1,6933800000"
"202100020289";"7";"09";"2021";"10:00";"1";"35";"35238";"2";"6";"1";"6";"VILLEBOIS MAREUIL (BD)";"48,1038800000";" -1,6499500000"
"202100020290";"7";"09";"2021";"09:10";"1";"34";"34172";"2";"3";"1";"3";"PIC SAINT LOUP (AVENUE DU)";"43,6388800000";"3,8506500000"
"202100020291";"7";"09";"2021";"09:55";"1";"33";"33522";"2";"2";"1";"3";"Cours de la LibÃ©ration";"44,7927100000";" -0,6051200000"
"202100020292";"7";"09";"2021";"06:03";"5";"33";"33281";"2";"1";"1";"6";"Avenue du ChÃ¢teau dâEau";"44,8527900000";" -0,6463500000"
"202100020293";"6";"09";"2021";"23:00";"5";"33";"33063";"2";"1";"1";"2";"Cours de la Marne";"44,8294100000";" -0,5659200000"
"202100020294";"6";"09";"2021";"12:00";"1";"33";"33281";"2";"2";"1";"6";"Rue Alfred de Musset";"44,8387246654";" -0,6259356043"
"202100020295";"6";"09";"2021";"00:40";"5";"33";"33063";"2";"1";"1";"6";"Quai de la Douane";"44,8408000000";" -0,5691000000"
"202100020296";"6";"09";"2021";"17:45";"1";"31";"31555";"2";"1";"1";"6";"AV JEAN CHAUBET";"43,6051915478";"1,4795333147"
"202100020297";"7";"09";"2021";"15:20";"1";"30";"30007";"2";"3";"1";"1";"ANDUZE (AVE)";"44,1133600000";"4,0799900000"
"202100020298";"7";"09";"2021";"08:00";"1";"29";"29232";"2";"1";"1";"2";"Rue de Juniville";"47,9956200000";" -4,0999760000"
"202100020299";"7";"09";"2021";"09:19";"1";"29";"29232";"1";"1";"1";"2";"D365 - Avenue du Morbihan";"47,9795100000";" -4,0784700000"
"202100020300";"7";"09";"2021";"15:57";"1";"29";"29039";"1";"1";"1";"4";"Menez Kernao.";"47,9103888181";" -3,9040431970"
"202100020301";"30";"08";"2021";"14:14";"1";"29";"29019";"2";"2";"1";"6";"Boulevard de lâEurope";"48,4131700000";" -4,4923200000"
"202100020302";"7";"09";"2021";"14:55";"1";"27";"27229";"2";"1";"1";"7";"SEMARD (RUE PIERRE)";"49,0163000000";"1,1622800000"
"202100020303";"7";"09";"2021";"08:15";"1";"27";"27299";"2";"1";"1";"3";"PAGNOL (RUE MARCEL)";"49,0436360972";"1,1576142988"
"202100020304";"7";"09";"2021";"10:08";"1";"14";"14118";"2";"6";"1";"6";"Boulevard Raymond PoincarÃ©";"49,1675000000";" -0,3368000000"
"202100020305";"7";"09";"2021";"08:18";"1";"14";"14327";"1";"1";"1";"4";"CD NÂ° 515 (ROUTE DE OUISTREHAM)";"49,1996000000";" -0,3268800000"
"202100020306";"7";"09";"2021";"07:50";"1";"14";"14341";"1";"1";"1";"7";"FALAISE (ROUTE DE)";"49,1458300000";" -0,3489000000"
"202100020307";"7";"09";"2021";"19:30";"1";"13";"13209";"2";"6";"1";"3";"ROY D'ESPAGNE (CHEMIN)";"43,2416700000";"5,3972900000"
"202100020308";"7";"09";"2021";"18:20";"1";"13";"13211";"2";"2";"1";"1";"LOUIS REGIS (RUE)";"43,2885600000";"5,4990800000"
"202100020309";"7";"09";"2021";"16:20";"1";"13";"13211";"2";"1";"1";"1";"VALBARELLE (BOULEVARD DE LA )";"43,2876285694";"5,4484478195"
"202100020310";"7";"09";"2021";"07:30";"1";"13";"13209";"2";"1";"1";"4";"VALLON DE TOULOUSE (RUE)";"43,2675066948";"5,4216286042"
"202100020311";"7";"09";"2021";"03:20";"5";"13";"13208";"2";"1";"1";"2";"TUNNEL PRADO SUD";"43,2800000000";"5,3900000000"
"202100020312";"6";"09";"2021";"18:10";"1";"10";"10325";"2";"1";"1";"6";"EGALITE (RUE DE L')";"48,2658800000";"4,0602500000"
"202100020313";"6";"09";"2021";"07:35";"1";"10";"10333";"2";"1";"1";"2";"ROCADE OUEST (RD 610)";"48,2735000000";"4,0468800000"
"202100020314";"6";"09";"2021";"10:10";"1";"08";"08409";"2";"9";"7";"6";"ALLENDE (RUE DU PT SALVADOR)";"49,6959500000";"4,9421400000"
"202100020315";"7";"09";"2021";"10:40";"1";"06";"06088";"2";"2";"1";"3";"GIOFFREDO (R.)";"43,7021510000";"7,2765000000"
"202100020316";"7";"09";"2021";"13:00";"1";"06";"06069";"2";"1";"1";"2";"ORME (CHEMIN DE L')";"43,6540950000";"6,9421790000"
"202100020317";"7";"09";"2021";"14:47";"1";"06";"06029";"2";"1";"1";"3";"ALSACE ( BOULEVARD D')";"43,5538130000";"7,0250510000"
"202100020318";"7";"09";"2021";"07:50";"1";"06";"06027";"2";"1";"1";"1";"ZIEM AVENUE";"43,6659400000";"7,1670400000"
"202100020319";"7";"09";"2021";"17:20";"1";"04";"04112";"2";"1";"1";"2";"Rue LÃ©on Mure";"43,8314720000";"5,7787500000"
"202100020320";"7";"09";"2021";"11:55";"1";"04";"04112";"2";"2";"1";"3";"RD 5 / Bd Ernest Esclangon";"43,8381000000";"5,7803300000"
"202100020321";"6";"09";"2021";"12:55";"1";"01";"01053";"2";"1";"1";"3";"MERCIER (AVENUE AMEDEE DU 1AU 54)";"46,2042000000";"5,2407200000"
"202100020322";"7";"09";"2021";"08:06";"1";"75";"75119";"2";"1";"1";"2";"AVENUE DE FLANDRE";"48,8896650000";"2,3753700000"
"202100020323";"7";"09";"2021";"22:50";"5";"75";"75116";"2";"1";"1";"3";"AVENUE DE LA GRANDE ARMEE";"48,8758030000";"2,2886850000"
"202100020324";"7";"09";"2021";"09:40";"1";"75";"75116";"2";"2";"1";"3";"AVENUE DE VERSAILLES";"48,8408590000";"2,2652970000"
"202100020325";"6";"09";"2021";"23:00";"5";"75";"75115";"2";"2";"1";"3";"QUAI D ISSY LES MOULINEAUX";"48,8345800000";"2,2669370000"
"202100020326";"5";"09";"2021";"13:05";"1";"75";"75115";"2";"2";"1";"3";"RUE DE VAUGIRARD";"48,8404150000";"2,3042790000"
"202100020327";"7";"09";"2021";"19:40";"1";"75";"75114";"2";"3";"1";"3";"AVENUE DU GENERAL LECLERC";"48,8312060000";"2,3297900000"
"202100020328";"6";"09";"2021";"11:50";"1";"75";"75107";"2";"2";"1";"3";"AVENUE DE VILLARS";"48,8517710000";"2,3138620000"
"202100020329";"7";"09";"2021";"19:00";"1";"75";"75113";"2";"1";"1";"3";"QUAI D AUSTERLITZ";"48,8430090000";"2,3662500000"
"202100020330";"7";"09";"2021";"15:00";"1";"75";"75112";"2";"1";"1";"6";"BOULEVARD PONIATOWSKI";"48,8300750000";"2,3925330000"
"202100020331";"7";"09";"2021";"11:15";"1";"75";"75112";"2";"4";"1";"3";"AVENUE DE SAINT MAURICE";"48,8288201013";"2,4196848823"
"202100020332";"7";"09";"2021";"13:45";"1";"75";"75111";"2";"2";"1";"3";"AVENUE DE LA REPUBLIQUE";"48,8646090000";"2,3780340000"
"202100020333";"7";"09";"2021";"08:50";"1";"75";"75118";"2";"3";"1";"2";"BOULEVARD DE ROCHECHOUART";"48,8832210000";"2,3453150000"
"202100020334";"7";"09";"2021";"14:05";"1";"75";"75102";"2";"3";"1";"3";"BOULEVARD DES ITALIENS";"48,8716240000";"2,3380730000"
"202100020335";"7";"09";"2021";"15:22";"1";"75";"75108";"2";"3";"1";"6";"RUE DE COURCELLES";"48,8788730000";"2,3035780000"
"202100020336";"7";"09";"2021";"08:35";"1";"94";"94067";"2";"1";"1";"6";"Avenue Joffre";"48,8482500000";"2,4176700000"
"202100020337";"6";"09";"2021";"13:30";"1";"94";"94068";"2";"1";"1";"4";"GARIBALDI (R)";"48,7958300000";"2,4835100000"
"202100020338";"6";"09";"2021";"12:30";"1";"94";"94068";"2";"1";"1";"2";"Boulevard Maurice Berteaux";"48,8106300000";"2,4700200000"
"202100020339";"7";"09";"2021";"17:35";"1";"94";"94052";"2";"1";"1";"3";"JOINVILLE (AV DE)";"48,8347000000";"2,4731100000"
"202100020340";"7";"09";"2021";"09:40";"1";"94";"94015";"2";"9";"1";"3";"Avenue de lâEurope";"48,8345310000";"2,5302060000"
"202100020341";"7";"09";"2021";"04:52";"5";"94";"94017";"1";"3";"1";"1";"Boulevard de Stalingrad";"48,8309000000";"2,4930400000"
"202100020342";"7";"09";"2021";"17:15";"1";"94";"94016";"2";"1";"1";"3";"Avenue du PrÃ©sident Wilson";"48,7907400000";"2,3272800000"
"202100020343";"6";"09";"2021";"17:05";"1";"94";"94002";"2";"2";"1";"3";"BLANQUI (QU)";"48,7982200000";"2,4205500000"
"202100020344";"6";"09";"2021";"08:30";"1";"94";"94002";"2";"1";"1";"4";"JEAN BAPTISTE CLEMENT (QU)";"48,7896600000";"2,4239200000"
"202100020345";"7";"09";"2021";"17:55";"1";"93";"93078";"2";"3";"1";"2";"VAUBAN (AVENUE)";"48,9670400000";"2,5519300000"
"202100020346";"7";"09";"2021";"09:40";"1";"93";"93073";"2";"2";"1";"3";"Rue de Berry / Rue de Berry";"48,9407800000";"2,5890300000"
"202100020347";"7";"09";"2021";"10:40";"1";"93";"93072";"2";"1";"1";"3";"PONTOISE (RUE DE) COTE DES NÂ°1 AU 57";"48,9717600000";"2,3791600000"
"202100020348";"6";"09";"2021";"19:50";"1";"93";"93053";"2";"5";"1";"2";"Boulevard Michelet / Rue de BrÃ©ment";"48,8882400000";"2,4570600000"
"202100020349";"7";"09";"2021";"16:07";"1";"93";"93051";"2";"2";"1";"3";"Avenue MÃ©dÃ©ric / Boulevard du Ru de Nesles";"48,8303500000";"2,5849100000"
"202100020350";"7";"09";"2021";"12:30";"1";"93";"93051";"2";"2";"1";"3";"Avenue MÃ©dÃ©ric / Boulevard du Ru de Nesles";"48,8303400000";"2,5849300000"
"202100020351";"7";"09";"2021";"02:50";"5";"93";"93029";"2";"3";"1";"6";"Avenue de la Division Leclerc / Avenue Massenet";"48,9349611304";"2,4497285485"
"202100020352";"7";"09";"2021";"09:00";"1";"93";"93005";"2";"2";"1";"1";"BALANCE (RUE DE LA)";"48,9557700000";"2,5041600000"
"202100020353";"5";"09";"2021";"19:00";"1";"92";"92072";"2";"1";"1";"1";"DAMMOUSE (RUE ALBERT)";"48,8180753488";"2,2165761888"
"202100020354";"7";"09";"2021";"16:10";"1";"92";"92064";"2";"6";"1";"3";"SUISSES";"48,8547091065";"2,1980354190"
"202100020355";"7";"09";"2021";"10:45";"1";"92";"92049";"2";"1";"1";"7";"ARNOUX AVENUE MAURICE AUTRES NÂ°";"48,8156900000";"2,3112100000"
"202100020356";"7";"09";"2021";"18:30";"1";"92";"92044";"2";"1";"1";"6";"ANA. FRANCE(RUE)1A75 ET 2A72";"48,8914946220";"2,2855927795"
"202100020357";"5";"09";"2021";"14:00";"1";"92";"92036";"2";"2";"1";"3";"GRESILLONS (QUAI DES)";"48,9210336185";"2,3252191583"
"202100020358";"7";"09";"2021";"11:40";"1";"92";"92026";"2";"2";"1";"6";"ARISTIDE BRIAND";"48,8988465178";"2,2566497326"
"202100020359";"7";"09";"2021";"11:30";"1";"92";"92025";"2";"1";"7";"3";"CHARLES DE GAULLE (BD)";"48,9117551610";"2,2327940656"
"202100020360";"7";"09";"2021";"11:18";"1";"92";"92012";"2";"1";"7";"6";"VIEUX PONT DE SEVRES (RUE DU) 157/FIN -";"48,8310372463";"2,2409170559"
"202100020361";"6";"09";"2021";"13:50";"1";"92";"92012";"2";"1";"1";"6";"BELLE FEUILLE (RUE DE LA)";"48,8354705533";"2,2442471147"
"202100020362";"7";"09";"2021";"16:05";"1";"92";"92007";"2";"9";"1";"3";"BRIAND (AVENUE ARISTIDE) NÂ° 2 A 98";"48,8033340000";"2,3245800000"