"Num_Acc";"jour";"mois";"an";"hrmn";"lum";"dep";"com";"agg";"int";"atm";"col";"adr";"lat";"long"
"202100020363";"8";"09";"2021";"16:00";"1";"35";"35219";"1";"1";"1";"7";"La Moisonnais";"47,8470280000";" -1,9936910000"
"202100020364";"7";"09";"2021";"21:00";"3";"54";"54434";"1";"3";"1";"7";"Intersection D50D et D913";"48,4436786691";"6,1255109305"
"202100020365";"7";"09";"2021";"16:20";"1";"51";"51352";"2";"3";"1";"3";"Rue Bois Guillaume";"48,7215590000";"4,6136250000"
"202100020366";"7";"09";"2021";"10:00";"1";"60";"60234";"1";"1";"1";"2";"Rue Roland Garros";"49,3925646842";"2,4148873329"
"202100020367";"8";"09";"2021";"15:50";"1";"06";"06161";"2";"2";"1";"6";"D6007";"43,6359040000";"7,1335710000"
"202100020368";"25";"08";"2021";"11:00";"1";"26";"26339";"1";"1";"1";"7";"AUTOROUTE A7";"44,5963960000";"4,7970770000"
"202100020369";"8";"09";"2021";"12:25";"1";"83";"83036";"1";"1";"1";"3";"Route de Toulon";"43,1650520000";"6,5028600000"
"202100020370";"8";"09";"2021";"07:44";"1";"06";"06118";"1";"1";"1";"3";"897 Route de Saint Vallier";"43,6599510000";"6,7933490000"
"202100020371";"7";"09";"2021";"17:30";"1";"06";"06033";"2";"1";"1";"6";"avendickue pierre richar dick";"43,7679640000";"7,2002290000"
"202100020372";"8";"09";"2021";"09:05";"1";"58";"58187";"1";"1";"1";"2";"A77 -Pk 097.400 sens NEVERS-PARIS";"47,4522660000";"2,9481980000"
"202100020373";"8";"09";"2021";"18:45";"1";"30";"30175";"1";"1";"1";"3";"D980";"44,2658620000";"4,4283590000"
"202100020374";"6";"09";"2021";"07:45";"1";"41";"41200";"2";"1";"1";"6";"2 Route d Herbault";"47,7549180000";"1,0771940000"
"202100020375";"8";"09";"2021";"00:30";"3";"37";"37010";"1";"1";"1";"6";"A10";"47,5430235753";"0,9781100750"
"202100020376";"7";"09";"2021";"19:48";"1";"51";"51440";"2";"1";"1";"7";"Rue de Vouziers";"49,2966843546";"4,3231510222"
"202100020377";"8";"09";"2021";"19:30";"2";"71";"71027";"2";"3";"1";"6";"130 Route de la Bresse";"46,6728830000";"5,3912330000"
"202100020378";"8";"09";"2021";"16:50";"1";"71";"71484";"1";"1";"1";"7";"Route de Plaine Vesvre";"46,6933800000";"5,2249970000"
"202100020379";"8";"09";"2021";"10:15";"1";"63";"63341";"1";"1";"1";"2";"Route du Puy";"45,5298500000";"3,7278470000"
"202100020380";"7";"09";"2021";"13:20";"1";"61";"61163";"1";"1";"1";"6";"Lieu Dit les Novalles";"48,6425010000";" -0,4762530000"
"202100020381";"7";"09";"2021";"16:32";"1";"47";"47049";"1";"1";"1";"1";"D152";"44,4659930000";"0,5886480000"
"202100020382";"7";"09";"2021";"18:30";"1";"86";"86244";"1";"2";"1";"3";"D29";"46,3644560000";"0,1031810000"
"202100020383";"8";"09";"2021";"11:00";"1";"68";"68135";"2";"1";"1";"2";"Rue de Saint-Louis";"47,5780600000";"7,5335310000"
"202100020384";"8";"09";"2021";"12:00";"1";"39";"39275";"1";"1";"1";"1";"N/A";"46,3949310000";"5,9777320000"
"202100020385";"8";"09";"2021";"09:30";"1";"25";"25222";"1";"1";"1";"2";"D492";"47,1483120000";"6,2412640000"
"202100020386";"7";"09";"2021";"12:40";"1";"44";"44220";"1";"2";"1";"3";"La Barre de Vue (ChÃ©mÃ©rÃ©)";"47,1756900000";" -1,8999910000"
"202100020387";"7";"09";"2021";"08:45";"1";"44";"44015";"2";"6";"1";"6";"rue waldeck rousseau";"47,4770500000";" -1,7670820000"
"202100020388";"7";"09";"2021";"04:35";"3";"35";"35271";"1";"1";"1";"6";"Mon Reve";"48,5114570000";" -1,2545960000"
"202100020389";"8";"09";"2021";"13:40";"1";"29";"29269";"2";"1";"1";"2";"12bis Rue de Scaer";"47,9604560000";" -3,6271050000"
"202100020390";"7";"09";"2021";"16:30";"1";"38";"38410";"1";"3";"1";"2";"D1092";"45,0817600000";"5,1756520000"
"202100020391";"7";"09";"2021";"16:48";"1";"03";"03155";"1";"1";"7";"3";"ROUTE DEPARTEMENTALE 3 PK 43+400";"46,7039620000";"2,9208340000"
"202100020392";"7";"09";"2021";"06:15";"2";"72";"72013";"1";"2";"1";"3";"68 Route du Lude";"47,6740900000";"0,2217700000"
"202100020393";"6";"09";"2021";"19:45";"2";"50";"50082";"2";"2";"1";"1";"Rue Pierre Marie";"49,4700140000";" -1,6410510000"
"202100020394";"7";"09";"2021";"11:35";"1";"50";"50639";"1";"1";"1";"4";"Rue Flandres Dunkerque";"48,8477730000";" -1,2135490000"
"202100020395";"7";"09";"2021";"15:50";"1";"43";"43010";"1";"1";"1";"2";"Route des Cimes";"44,9719330498";"3,9653534077"
"202100020396";"7";"09";"2021";"11:15";"1";"10";"10334";"1";"1";"1";"5";"D619";"48,5002162885";"3,5505714425"
"202100020397";"7";"09";"2021";"15:50";"1";"24";"24249";"1";"1";"1";"1";"RD 710";"44,9627990000";"0,9732730000"
"202100020398";"7";"09";"2021";"14:45";"1";"24";"24577";"1";"1";"1";"3";"194 Route de la Pagaie";"44,8212540000";"1,1566560000"
"202100020399";"7";"09";"2021";"09:30";"1";"28";"28280";"2";"7";"1";"6";"Place du GÃ©nÃ©ral Saint Pol";"48,3213430000";"0,8218070000"
"202100020400";"8";"09";"2021";"10:00";"1";"37";"37132";"2";"6";"1";"6";"Rue de la Chauvellerie";"47,1323594491";"0,9831905365"
"202100020401";"5";"09";"2021";"09:18";"1";"52";"52550";"2";"3";"1";"6";"rue de la digue";"48,4917240000";"4,9485660000"
"202100020402";"6";"09";"2021";"19:45";"2";"72";"72168";"1";"1";"1";"7";"Autoroute A.81 PK 197+200";"48,0105830000";" -0,1477360000"
"202100020403";"7";"09";"2021";"22:15";"4";"06";"06027";"1";"1";"1";"6";"A8 PK 183.000, chaussÃ©e nord";"43,6635250000";"7,1759610000"
"202100020404";"8";"09";"2021";"06:25";"2";"07";"07324";"1";"3";"1";"3";"Route de Lamastre";"45,0646870000";"4,7903610000"
"202100020405";"8";"09";"2021";"02:45";"3";"34";"34022";"1";"1";"1";"6";"A9";"43,6623200000";"4,0024230000"
"202100020406";"8";"09";"2021";"05:10";"3";"21";"21436";"1";"1";"1";"7";"autoroute A36 - Pk 203+400 - sens Beaune Mulhouse";"47,0379891000";"5,0598050000"
"202100020407";"8";"09";"2021";"06:45";"2";"38";"38449";"1";"1";"1";"5";"RD 518Z PK 004.000";"45,6263740000";"5,0805330000"
"202100020408";"29";"08";"2021";"06:45";"2";"69";"69252";"1";"1";"1";"6";"DEUX VALLEES (DES) (RTE)";"45,5246040000";"4,6950650000"
"202100020409";"6";"09";"2021";"02:50";"3";"33";"33214";"1";"1";"1";"6";"Les Andrauts";"44,9546400000";" -1,0149260000"
"202100020410";"8";"09";"2021";"13:00";"1";"78";"78030";"1";"1";"1";"3";"d24";"48,6948260000";"1,9076410000"
"202100020411";"7";"09";"2021";"07:00";"1";"2B";"2B042";"2";"1";"1";"3";"Avenue de Borgo";"42,5541810000";"9,4416900000"
"202100020412";"31";"08";"2021";"13:40";"1";"30";"30139";"1";"1";"1";"6";"RD986";"44,1388870000";"3,4052040000"
"202100020413";"7";"09";"2021";"18:30";"1";"34";"34272";"2";"3";"1";"1";"Avenue des Lauriers";"43,6530620000";"4,1142080000"
"202100020414";"7";"09";"2021";"16:50";"1";"34";"34022";"1";"1";"1";"2";"Route de Nimes";"43,6602750000";"4,0223750000"
"202100020415";"7";"09";"2021";"19:55";"1";"05";"05091";"1";"1";"1";"7";"D994";"44,3972940000";"5,5013930000"
"202100020416";"5";"09";"2021";"22:00";"4";"10";"10091";"2";"1";"1";"6";"20 Rue d Arcis";"48,5058430000";"4,2690860000"
"202100020417";"31";"08";"2021";"09:40";"1";"68";"68217";"2";"8";"1";"1";"9 Rue de la Gare";"47,8611430000";"7,0505510000"
"202100020418";"6";"09";"2021";"11:30";"1";"63";"63077";"2";"1";"1";"7";"Chemin des Combes";"45,5760090000";"2,9222880000"
"202100020419";"2";"09";"2021";"22:55";"3";"74";"74094";"1";"1";"1";"6";"D 907 CRANVES SALES";"46,1764580000";"6,3033200000"
"202100020420";"7";"09";"2021";"08:00";"1";"44";"44209";"1";"6";"1";"3";"Rue des Mares";"47,2808380000";" -1,5916340000"
"202100020421";"6";"09";"2021";"11:20";"1";"26";"26169";"1";"2";"1";"3";"Route de Donzere";"44,4865250000";"4,7421030000"
"202100020422";"8";"09";"2021";"17:30";"1";"69";"69190";"1";"1";"1";"5";"GREZIEU LA VARENNE (DE) (RTE)";"45,7643310000";"4,6967680000"
"202100020423";"8";"09";"2021";"01:00";"3";"17";"17019";"1";"1";"1";"7";"Rue de Mouillebarbe";"46,2158140000";" -1,5180200000"
"202100020424";"7";"09";"2021";"10:00";"1";"47";"47157";"2";"1";"1";"6";"boulevard gambetta";"44,5025470000";"0,1673700000"
"202100020425";"7";"09";"2021";"17:47";"1";"14";"14663";"2";"1";"1";"3";"Route d Esquay";"49,2742590000";" -0,6860980000"
"202100020426";"8";"09";"2021";"05:30";"2";"22";"22118";"1";"1";"1";"1";"RD 795";"48,4600030000";" -2,0174930000"
"202100020427";"7";"09";"2021";"23:00";"5";"60";"60104";"2";"1";"1";"6";"D1001";"49,6408030000";"2,2775870000"
"202100020428";"7";"09";"2021";"15:25";"1";"13";"13071";"1";"1";"1";"4";"A51-Sens Marseille vers Aix en Provence";"43,4141000000";"5,3648100000"
"202100020429";"6";"09";"2021";"18:06";"1";"13";"13106";"1";"1";"1";"3";"A7-Sens Lyon vers Marseille";"43,3907000000";"5,3509500000"
"202100020430";"7";"09";"2021";"11:22";"1";"13";"13055";"1";"1";"1";"3";"A507 sens Aubagne- Marseille";"43,2890900000";"5,4247300000"
"202100020431";"7";"09";"2021";"09:40";"1";"77";"77251";"1";"1";"1";"4";"AUTOROUTE A5A";"48,6248000000";"2,5407000000"
"202100020432";"7";"09";"2021";"08:40";"1";"91";"91617";"1";"1";"1";"2";"RN 104";"48,6315560000";"2,5161740000"
"202100020433";"7";"09";"2021";"22:10";"3";"91";"91161";"1";"1";"1";"7";"AUTOROUTE A6";"48,7070000000";"2,3060000000"
"202100020434";"7";"09";"2021";"09:15";"1";"92";"92025";"1";"1";"1";"3";"A86";"48,9354125442";"2,2611899740"
"202100020435";"7";"09";"2021";"12:20";"1";"93";"93029";"1";"1";"1";"2";"AUTOROUTE A86";"48,9186700000";"2,4284900000"
"202100020436";"7";"09";"2021";"08:45";"1";"95";"95582";"1";"1";"1";"2";"RD 170";"48,9644300000";"2,2686700000"
"202100020437";"7";"09";"2021";"10:15";"1";"92";"92036";"1";"1";"1";"2";"AUTOROUTE A15";"48,9491789807";"2,2803631759"
"202100020438";"7";"09";"2021";"06:00";"3";"93";"93066";"1";"1";"1";"6";"AUTOROUTE A1";"48,9306200000";"2,3668400000"
"202100020439";"6";"09";"2021";"20:00";"1";"93";"93010";"1";"1";"1";"5";"AUTOROUTE A3";"48,9026600000";"2,4708600000"
"202100020440";"6";"09";"2021";"09:15";"1";"93";"93010";"1";"1";"1";"3";"AUTOROUTE A3";"48,9154600000";"2,4776400000"
"202100020441";"7";"09";"2021";"12:55";"1";"77";"77373";"1";"1";"1";"4";"RN104";"48,8021000000";"2,6261200000"
"202100020442";"7";"09";"2021";"08:00";"1";"77";"77146";"1";"1";"1";"2";"A4.Y";"48,8316900000";"2,6483100000"
"202100020443";"7";"09";"2021";"06:50";"1";"94";"94017";"1";"1";"1";"3";"A4";"48,8278500000";"2,5059100000"
"202100020444";"14";"05";"2021";"15:41";"1";"44";"44164";"1";"1";"1";"3";"Bel Air";"47,0992120000";" -1,8494800000"
"202100020445";"17";"05";"2021";"16:15";"1";"14";"14366";"2";"1";"1";"6";"D579";"49,1406200000";"0,2271800000"
"202100020446";"12";"05";"2021";"13:50";"1";"14";"14366";"2";"3";"1";"2";"D613";"49,1328600000";"0,2363470000"
"202100020447";"11";"05";"2021";"11:40";"1";"14";"14574";"1";"2";"1";"3";"Chemin de la CavÃ©e";"49,1498500000";"0,2049300000"
"202100020448";"25";"05";"2021";"17:45";"1";"62";"62528";"2";"1";"1";"7";"MANIEZ (R ALEXANDRE)";"50,4564980000";"2,7896850000"
"202100020449";"6";"05";"2021";"03:20";"5";"62";"62119";"2";"9";"1";"6";"SABLIERES PROLONGEE ( RUE DES )";"50,5254900000";"2,6545930000"
"202100020450";"29";"05";"2021";"13:15";"1";"95";"95680";"2";"1";"1";"3";"HUIT MAI 1945 (AVENUE DU)";"49,0052150000";"2,4003180000"
"202100020451";"27";"05";"2021";"14:00";"1";"95";"95288";"2";"1";"1";"2";"RD 193";"48,9856433742";"2,3426038027"
"202100020452";"14";"05";"2021";"05:35";"5";"95";"95598";"2";"3";"2";"3";"Avenue de Paris";"48,9906139158";"2,2898125648"
"202100020453";"26";"05";"2021";"11:45";"1";"59";"59328";"2";"1";"2";"2";"DERYCKE MARCEL RUE";"50,6437270000";"3,0345800000"
"202100020454";"26";"05";"2021";"17:10";"1";"59";"59178";"2";"1";"8";"6";"CLEMENCEAU (AVENUE GEORGES)";"50,3719100000";"3,0886200000"
"202100020455";"27";"05";"2021";"14:50";"1";"59";"59350";"2";"1";"7";"6";"DE GAULLE PLACE DU GENERAL";"50,6370500000";"3,0636200000"
"202100020456";"27";"05";"2021";"17:30";"1";"59";"59328";"2";"1";"1";"3";"CARNOY RUE DE LA NÂ°2 AU 164";"50,6472500000";"3,0193400000"
"202100020457";"25";"05";"2021";"20:30";"1";"59";"59378";"2";"3";"1";"1";"MENIN RUE DE";"50,6715400000";"3,0775300000"
"202100020458";"21";"05";"2021";"16:45";"1";"59";"59350";"2";"1";"1";"6";"ARRAS RUE D";"50,6207584915";"3,0658380329"
"202100020459";"20";"05";"2021";"23:00";"5";"59";"59350";"2";"1";"1";"6";"MOSELLE BOULEVARD NÂ°IMPAIRS";"50,6269200000";"3,0309600000"
"202100020460";"19";"05";"2021";"14:00";"1";"59";"59286";"2";"1";"1";"3";"CARNOT SADI RUE";"50,6118500000";"2,9992100000"
"202100020461";"18";"05";"2021";"20:00";"1";"59";"59350";"2";"2";"1";"3";"MARCHE RUE DU";"50,6258800000";"3,0516300000"
"202100020462";"18";"05";"2021";"15:00";"1";"59";"59378";"2";"1";"1";"3";"REPUBLIQUE AV DE LA (NÂ°930-1002)";"50,6631640000";"3,0986130000"
"202100020463";"18";"05";"2021";"11:00";"1";"59";"59566";"2";"2";"1";"3";"MARAIS RUE DU";"50,6232200000";"2,9872000000"
"202100020464";"18";"05";"2021";"00:20";"5";"59";"59350";"2";"2";"1";"6";"CHANZY RUE";"50,6260930000";"3,1056410000"
"202100020465";"18";"05";"2021";"14:40";"1";"59";"59350";"2";"3";"1";"3";"SOLFERINO RUE NÂ°2 - 108";"50,6335800000";"3,0503300000"
"202100020466";"16";"05";"2021";"22:00";"5";"59";"59350";"2";"7";"1";"5";"LIBERTE BVD NÂ°2 - 90-51 - 145";"50,6366600000";"3,0528900000"
"202100020467";"16";"05";"2021";"21:15";"2";"59";"59350";"2";"3";"1";"3";"FAUBOURG DES POSTES RUE";"50,6124600000";"3,0466800000"
"202100020468";"14";"05";"2021";"12:00";"1";"59";"59360";"2";"1";"2";"3";"FOCH RUE DU MARECHAL";"50,6156560000";"3,0201300000"
"202100020469";"13";"05";"2021";"20:30";"1";"59";"59378";"1";"2";"1";"3";"MARNE AVENUE DE LA";"50,6795200000";"3,1148000000"
"202100020470";"4";"05";"2021";"19:20";"1";"59";"59378";"2";"6";"1";"3";"CLEMENCEAU BLVD (NÂ°168-294)";"50,6536900000";"3,1096300000"
"202100020471";"10";"05";"2021";"17:50";"1";"59";"59368";"2";"1";"1";"6";"DE GAULLE RUE DU GENERAL";"50,6559970000";"3,0738920000"
"202100020472";"3";"05";"2021";"08:15";"1";"69";"69256";"2";"1";"1";"6";"EGALITE (DE L') (R)";"45,7855900000";"4,9240500000"
"202100020473";"4";"05";"2021";"17:10";"1";"68";"68271";"2";"1";"2";"6";"STADE (RUE DU)";"47,7472100000";"7,3581000000"
"202100020474";"2";"06";"2021";"20:25";"1";"54";"54547";"2";"1";"1";"3";"AIGUILLETTES (BD 1 A 3)";"48,6669500000";"6,1651300000"
"202100020475";"3";"06";"2021";"12:10";"1";"37";"37214";"2";"6";"1";"7";"CHEVREUL (RUE EUGENE)";"47,4245015794";"0,6593888998"
"202100020476";"8";"05";"2021";"15:25";"1";"26";"26362";"2";"9";"1";"6";"ROMANS ROUTE DE";"44,9422160000";"4,9180290000"
"202100020477";"27";"05";"2021";"17:40";"1";"26";"26198";"2";"1";"1";"4";"7 Avenue de Gournier";"44,5336900000";"4,7334100000"
"202100020478";"4";"09";"2021";"13:50";"1";"988";"98818";"2";"3";"1";"1";"RUE JACQUES IEKAWE/VOIE MENANT A L'EGLISE PENTECOTISTE";" -22,2229400000";"166,4812300000"
"202100020479";"6";"09";"2021";"00:00";"5";"69";"69259";"2";"1";"1";"6";"GEORGES LYVET (R)";"45,6954100000";"4,8751800000"
"202100020480";"6";"09";"2021";"18:50";"1";"69";"69259";"2";"1";"1";"6";"IRENE JOLIOT CURIE (BD)";"45,7105700000";"4,8833340000"
"202100020481";"5";"09";"2021";"15:00";"1";"69";"69259";"2";"1";"1";"2";"SAVOIES (DES) (ALL)";"45,7168311113";"4,8557800055"
"202100020482";"6";"09";"2021";"11:05";"1";"69";"69388";"2";"2";"1";"6";"FRERES LUMIERE (DES) (AV)";"45,7456400000";"4,8642100000"
"202100020483";"6";"09";"2021";"12:30";"1";"972";"97209";"1";"9";"1";"2";"MOI LAMINAIRE (RUE)";"14,5974210000";" -61,0435790000"
"202100020484";"6";"09";"2021";"19:30";"1";"69";"69384";"2";"2";"1";"3";"CANUTS (DES) (BD)";"45,7795400000";"4,8274800000"
"202100020485";"6";"09";"2021";"18:40";"1";"69";"69385";"2";"1";"1";"2";"POINT DU JOUR (DU) (IMP)";"45,7565377167";"4,7983662082"
"202100020486";"6";"09";"2021";"15:20";"1";"69";"69381";"2";"1";"1";"6";"ROYALE (R)";"45,7719300000";"4,8372400000"
"202100020487";"6";"09";"2021";"12:23";"1";"2B";"2B120";"2";"1";"1";"2";"11 - RT";"42,6500000000";"9,4400000000"
"202100020488";"6";"09";"2021";"12:50";"1";"95";"95598";"2";"1";"7";"6";"EGALITE (RUE DE L')";"48,9940548082";"2,2942728164"
"202100020489";"5";"09";"2021";"06:00";"3";"95";"95476";"1";"1";"2";"3";"RN 14";"49,0579911101";"2,0352762938"
"202100020490";"6";"09";"2021";"16:10";"1";"91";"91425";"2";"3";"1";"3";"RUE DE LA PLAINE";"48,6403200000";"2,2748300000"
"202100020491";"6";"09";"2021";"07:20";"1";"91";"91027";"2";"9";"1";"3";"AV MARCEL SEMBAT";"48,7080300000";"2,3799100000"
"202100020492";"3";"09";"2021";"18:20";"1";"91";"91223";"1";"1";"1";"4";"RD 191";"48,4424000000";"2,1329100000"
"202100020493";"4";"09";"2021";"12:53";"1";"87";"87085";"2";"1";"1";"6";"LECLERC (AVENUE DU GENERAL)";"45,8413200000";"1,2581900000"
"202100020494";"22";"08";"2021";"19:40";"1";"86";"86066";"1";"1";"7";"1";"Route de la Roche Posay";"46,8234830000";"0,5976240000"
"202100020495";"6";"09";"2021";"10:20";"1";"79";"79081";"1";"1";"1";"2";"Route de Paris";"46,3410800000";" -0,3911400000"
"202100020496";"4";"09";"2021";"02:15";"5";"76";"76351";"2";"4";"1";"6";"MARECHAL JOFFRE (RUE)";"49,5003100000";"0,1267600000"
"202100020497";"27";"08";"2021";"12:20";"1";"76";"76351";"2";"6";"1";"3";"MARCEAU (RUE)";"49,4915100000";"0,1322900000"
"202100020498";"5";"09";"2021";"05:56";"5";"76";"76351";"2";"1";"1";"6";"HENRI CHANDELIER (PLACE)";"49,5064000000";"0,0999800000"
"202100020499";"3";"09";"2021";"17:30";"1";"76";"76351";"2";"1";"1";"3";"SAULES (DES)";"49,5125800000";"0,1579000000"
"202100020500";"6";"09";"2021";"16:45";"1";"72";"72181";"2";"1";"1";"6";"RUAUDIN (RUE) NÂ° IMP 1 A 67";"47,9810950000";"0,2155493000"
"202100020501";"6";"09";"2021";"09:00";"1";"72";"72181";"1";"1";"1";"4";"PATTON GENERAL RTE ST-AUBIN A AV RUBILLA";"48,0190000000";"0,1700000000"
"202100020502";"6";"09";"2021";"18:15";"1";"69";"69256";"2";"8";"7";"5";"ROGER SALENGRO (R)";"45,7628500000";"4,9293500000"
"202100020503";"5";"09";"2021";"01:40";"5";"67";"67482";"2";"3";"1";"3";"PAUL DOPFF (RUE) ";"48,5559400000";"7,7715700000"
"202100020504";"6";"09";"2021";"07:00";"2";"66";"66136";"2";"1";"1";"3";"ABBE PIERRE";"42,6907826186";"2,8747966996"
"202100020505";"5";"09";"2021";"12:23";"1";"66";"66136";"2";"1";"1";"6";"JULIEN PANCHOT (AVENUE)";"42,6928400000";"2,8859000000"
"202100020506";"5";"09";"2021";"12:30";"1";"64";"64129";"2";"1";"1";"6";"JEAN MERMOZ";"43,3174300000";" -0,3783400000"
"202100020507";"6";"09";"2021";"21:23";"5";"64";"64102";"2";"1";"1";"4";"SOULT (AVENUE MARECHAL)";"43,4839300000";" -1,4996800000"
"202100020508";"6";"09";"2021";"12:33";"1";"64";"64102";"2";"1";"1";"4";"SOULT (AVENUE MARECHAL)";"43,4836800000";" -1,5002500000"
"202100020509";"5";"09";"2021";"10:26";"1";"64";"64024";"2";"3";"1";"3";"115 Avenue de lâAdour";"43,5142000000";" -1,5006700000"
"202100020510";"6";"09";"2021";"12:25";"1";"61";"61117";"2";"9";"1";"6";"ALENCON (RUE D')";"48,4327000000";"0,0626400000"
"202100020511";"6";"09";"2021";"14:45";"1";"59";"59650";"2";"1";"1";"3";"RD 112";"50,7240342957";"3,1911849976"
"202100020512";"6";"09";"2021";"06:30";"2";"59";"59650";"2";"5";"1";"3";"ALGER  (RUE D')";"50,7079700000";"3,1866200000"
"202100020513";"6";"09";"2021";"23:40";"3";"59";"59350";"2";"1";"1";"6";"SOLFERINO RUE NÂ°208-FIN-161-FIN";"50,6304700000";"3,0562700000"
"202100020514";"6";"09";"2021";"18:30";"1";"59";"59350";"2";"1";"1";"6";"ARRAS RUE D";"50,6205900000";"3,0656600000"
"202100020515";"5";"09";"2021";"18:35";"1";"51";"51454";"2";"2";"1";"3";"Rue Hugues Krafft";"49,2752395695";"4,0203111793"
"202100020516";"5";"09";"2021";"17:25";"1";"50";"50532";"2";"6";"1";"3";"GOLF (RUE DU)";"48,7950700000";" -1,5653900000"
"202100020517";"3";"09";"2021";"15:55";"1";"50";"50129";"2";"2";"1";"3";"SCHUMAN (BOULEVARD ROBERT)";"49,6382100000";" -1,6253100000"
"202100020518";"3";"09";"2021";"21:50";"4";"50";"50602";"2";"2";"1";"1";"LEMARESQUIER (RUE AUGUSTIN)";"49,6475700000";" -1,5782300000"
"202100020519";"4";"09";"2021";"15:10";"1";"50";"50602";"1";"1";"1";"6";"COUPLETS (ROUTE DES)";"49,6504100000";" -1,5535300000"
"202100020520";"6";"09";"2021";"18:13";"1";"49";"49007";"2";"1";"1";"3";"JUIN PLACE ET RUE";"47,4454160000";" -0,5701470000"
"202100020521";"1";"09";"2021";"18:52";"1";"49";"49007";"2";"1";"1";"6";"VAUBAN AVENUE";"47,4599900000";" -0,5585900000"
"202100020522";"6";"09";"2021";"15:22";"1";"49";"49007";"2";"1";"1";"6";"AIGUILLERIE";"47,4708500000";" -0,5534000000"
"202100020523";"6";"09";"2021";"15:03";"1";"49";"49007";"2";"1";"1";"7";"BRESSIGNY";"47,4679500000";" -0,5509100000"
"202100020524";"6";"09";"2021";"08:21";"1";"49";"49007";"2";"1";"1";"7";"CHAPEAU DE GENDARME";"47,4522400000";" -0,5535900000"
"202100020525";"6";"09";"2021";"13:25";"1";"45";"45234";"2";"1";"1";"2";"Avenue Jean Zay";"47,9053700000";"1,9203600000"
"202100020526";"2";"09";"2021";"19:35";"1";"42";"42207";"2";"9";"1";"6";"Rue Victor Hugo";"45,4744500000";"4,5142900000"
"202100020527";"6";"09";"2021";"17:50";"1";"42";"42127";"2";"1";"1";"3";"Rue Alfred de Musset";"46,0583832439";"4,0610931069"
"202100020528";"6";"09";"2021";"11:00";"1";"38";"38185";"2";"1";"1";"3";"JOUHAUX (RUE L.)       (47-34 A 58)";"45,1796900000";"5,7421500000"
"202100020529";"6";"09";"2021";"07:15";"1";"38";"38179";"2";"1";"1";"3";"chemin du Marais";"45,1877483367";"5,8073335370"
"202100020530";"6";"09";"2021";"08:27";"1";"37";"37122";"2";"1";"1";"2";"RD 37";"47,3407500000";"0,6584200000"
"202100020531";"6";"09";"2021";"09:00";"1";"37";"37261";"2";"1";"1";"6";"HEURTELOUP (BOULEVARD)";"47,3920007984";"0,6995527634"
"202100020532";"4";"09";"2021";"06:18";"3";"37";"37122";"1";"1";"1";"6";"VAUX (ROUTE DES)";"47,3417968407";"0,6418924370"
"202100020533";"5";"09";"2021";"13:15";"1";"37";"37261";"2";"1";"1";"6";"PROUDHON (AVENUE)";"47,3941914403";"0,6671223512"
"202100020534";"6";"09";"2021";"15:30";"1";"35";"35238";"2";"1";"1";"2";"VITRE (BLD DE)";"48,1204041235";" -1,6507771235"
"202100020535";"6";"09";"2021";"12:15";"1";"35";"35238";"2";"1";"1";"2";"SAINT-HELIER";"48,1062600000";" -1,6674400000"
"202100020536";"6";"09";"2021";"10:05";"1";"35";"35238";"2";"1";"1";"2";"CHATEAUGIRON (DE)";"48,0947032013";" -1,6361411580"
"202100020537";"6";"09";"2021";"09:10";"1";"33";"33529";"1";"1";"1";"2";"D259";"44,5995000000";" -1,1872000000"
"202100020538";"6";"09";"2021";"20:20";"5";"31";"31557";"2";"6";"1";"3";"TARBES (ROUTE DE)";"43,5778660000";"1,3271370000"
"202100020539";"6";"09";"2021";"19:30";"1";"31";"31555";"2";"1";"1";"1";"GRANDE BRETAGNE (AV DE) DU 39AU 306";"43,5984800000";"1,4184600000"
"202100020540";"6";"09";"2021";"17:25";"1";"31";"31555";"2";"1";"1";"6";"AV M BOURGES MAUNOURY";"43,6311280000";"1,4495620000"
"202100020541";"6";"09";"2021";"07:47";"2";"31";"31555";"2";"1";"1";"2";"AV DIDIER DAURAT PROLONGEE";"43,5625043982";"1,4925944807"
"202100020542";"1";"09";"2021";"06:45";"2";"30";"30189";"2";"1";"1";"1";"KENNEDY (AVENUE)";"43,8212800000";"4,3237400000"
"202100020543";"6";"09";"2021";"17:00";"1";"30";"30028";"1";"1";"1";"5";"AVIGNON (ROUTE D')";"44,1470700000";"4,6565200000"
"202100020544";"6";"09";"2021";"08:25";"1";"27";"27229";"2";"6";"1";"5";"COCHEREL (RUE DE)";"49,0203696000";"1,1819226900"
"202100020545";"6";"09";"2021";"06:15";"5";"25";"25056";"2";"6";"1";"3";"RN 1057 (BD CHURCHIL-ROUTE DE GRAY)";"47,2446700000";"5,9820400000"
"202100020546";"5";"09";"2021";"07:00";"5";"21";"21231";"2";"3";"1";"6";"ARISTIDE BRIAND (AVENUE)";"47,3351135339";"5,0544815429"
"202100020547";"5";"09";"2021";"04:17";"5";"21";"21231";"2";"3";"1";"1";"PASCAL (BOULEVARD)";"47,3388300000";"5,0490900000"
"202100020548";"31";"08";"2021";"08:52";"1";"18";"18033";"2";"1";"1";"3";"CHARITE (ROUTE DE LA)";"47,0942990000";"2,4120730000"
"202100020549";"6";"09";"2021";"15:30";"1";"14";"14221";"1";"1";"1";"4";"ROUEN (ROUTE DE )";"49,1735200000";" -0,2643500000"
"202100020550";"6";"09";"2021";"11:00";"1";"13";"13004";"2";"9";"1";"6";"RTE N113 MARSEILLE A BORBEAUX";"43,6612600000";"4,6525800000"
"202100020551";"6";"09";"2021";"10:25";"1";"09";"09013";"1";"1";"1";"6";"20 (R.N.) COTE NORD DU TUNNEL";"42,9755440000";"1,6225010000"
"202100020552";"6";"09";"2021";"10:45";"1";"09";"09122";"2";"1";"1";"2";"VILLOTE (ALLEES DE)";"42,9640750000";"1,6081380000"