"Num_Acc";"jour";"mois";"an";"hrmn";"lum";"dep";"com";"agg";"int";"atm";"col";"adr";"lat";"long"
"202100020553";"6";"09";"2021";"16:24";"1";"06";"06088";"2";"1";"1";"6";"STE MARGUERITE (AV.) A PARTIR DU 62-63)";"43,6922400000";"7,1999300000"
"202100020554";"6";"09";"2021";"08:55";"1";"06";"06029";"2";"1";"1";"6";"TONNER (AVENUE FRANCIS)";"43,5499300000";"6,9685840000"
"202100020555";"4";"09";"2021";"06:55";"2";"05";"05061";"2";"1";"1";"1";"PLAN DE GAP ( RUE DU )";"44,5721700000";"6,0975600000"
"202100020556";"6";"09";"2021";"10:30";"1";"75";"75106";"2";"3";"1";"3";"BOULEVARD DU MONTPARNASSE";"48,8415450000";"2,3311440000"
"202100020557";"6";"09";"2021";"18:55";"1";"75";"75118";"2";"2";"1";"6";"RUE DE LA CHAPELLE";"48,8903050000";"2,3598810000"
"202100020558";"5";"09";"2021";"20:45";"5";"75";"75118";"2";"7";"1";"2";"RUE DE CLIGNANCOURT";"48,8863630000";"2,3475860000"
"202100020559";"4";"09";"2021";"23:30";"5";"75";"75116";"2";"2";"1";"3";"AVENUE RAYMOND POINCARE";"48,8721950000";"2,2847150000"
"202100020560";"6";"09";"2021";"16:30";"5";"75";"75115";"2";"2";"1";"3";"RUE DU THEATRE";"48,8496010000";"2,2861610000"
"202100020561";"6";"09";"2021";"13:15";"1";"75";"75115";"2";"2";"1";"3";"RUE PEGOUD";"48,8345800000";"2,2669370000"
"202100020562";"6";"09";"2021";"08:40";"1";"75";"75107";"2";"1";"1";"6";"AVENUE DE SUFFREN";"48,8518900000";"2,2997610000"
"202100020563";"5";"09";"2021";"11:25";"1";"75";"75115";"2";"2";"1";"3";"QUAI BRANLY";"48,8546170000";"2,2888520000"
"202100020564";"5";"09";"2021";"23:35";"5";"75";"75114";"2";"3";"1";"6";"AVENUE DU GENERAL LECLERC";"48,8313660000";"2,3299000000"
"202100020565";"6";"09";"2021";"18:15";"1";"75";"75113";"2";"2";"1";"6";"BOULEVARD DE L HOPITAL";"48,8332660000";"2,3568280000"
"202100020566";"6";"09";"2021";"15:30";"1";"75";"75113";"2";"1";"1";"7";"RUE DE TOLBIAC";"48,8258690000";"2,3515480000"
"202100020567";"6";"09";"2021";"06:05";"5";"75";"75113";"2";"2";"1";"6";"QUAI D AUSTERLITZ";"48,8375990000";"2,3736620000"
"202100020568";"5";"09";"2021";"12:10";"1";"75";"75113";"2";"7";"1";"6";"PLACE LOUIS ARMSTRONG";"48,8358720000";"2,3598430000"
"202100020569";"6";"09";"2021";"18:00";"1";"75";"75112";"2";"4";"1";"3";"AVENUE DE NOGENT   VINCENNES";"48,8443130000";"2,4424010000"
"202100020570";"5";"09";"2021";"12:30";"1";"75";"75112";"2";"2";"1";"3";"AVENUE DAUMESNIL";"48,8466300000";"2,3767150000"
"202100020571";"6";"09";"2021";"17:45";"1";"75";"75111";"2";"5";"1";"3";"BOULEVARD VOLTAIRE";"48,8504170000";"2,3925760000"
"202100020572";"6";"09";"2021";"20:19";"1";"75";"75107";"2";"1";"1";"7";"QUAI ANATOLE FRANCE";"48,8603020000";"2,3270490000"
"202100020573";"6";"09";"2021";"12:00";"1";"75";"75104";"2";"3";"1";"6";"RUE DE RIVOLI";"48,8557200000";"2,3589810000"
"202100020574";"6";"09";"2021";"06:30";"2";"94";"94078";"2";"2";"1";"1";"Place Hector Berlioz";"48,7463600000";"2,4465600000"
"202100020575";"6";"09";"2021";"13:00";"1";"94";"94055";"2";"4";"1";"2";"PINCE VENT (AV DE)";"48,7905760326";"2,5515559316"
"202100020576";"6";"09";"2021";"17:30";"1";"94";"94042";"2";"2";"1";"3";"GUY MOCQUET (AV)";"48,8228500000";"2,4725000000"
"202100020577";"6";"09";"2021";"12:45";"1";"94";"94041";"2";"1";"1";"2";"Rue Robespierre";"48,8093690000";"2,3855660000"
"202100020578";"6";"09";"2021";"15:00";"1";"94";"94060";"1";"1";"1";"2";"CUVETTE DE CHAMPLAIN";"48,7882703894";"2,5616382335"
"202100020579";"6";"09";"2021";"18:40";"1";"94";"94004";"2";"1";"1";"6";"BREVANNES (R DE)";"48,7500100000";"2,5050200000"
"202100020580";"1";"09";"2021";"21:30";"3";"94";"94002";"2";"1";"1";"1";"VAILLANT COUTURIER (R)";"48,8042200000";"2,4199800000"
"202100020581";"6";"09";"2021";"11:30";"1";"93";"93064";"2";"1";"1";"2";"KENNEDY (AVENUE DU PRESIDENT)";"48,8780239770";"2,4875732660"
"202100020582";"6";"09";"2021";"18:26";"1";"93";"93079";"2";"9";"1";"3";"Route de Saint-Leu";"48,9547700000";"2,3341420000"
"202100020583";"6";"09";"2021";"17:40";"1";"93";"93031";"2";"1";"1";"1";"CHARLES (VILLA)";"48,9492950156";"2,3292088509"
"202100020584";"6";"09";"2021";"10:50";"1";"93";"93031";"2";"1";"1";"2";"ESPACE LUMIERE-DELATTRE DE TASSIGNY";"48,9519200000";"2,3131400000"
"202100020585";"6";"09";"2021";"15:45";"1";"93";"93027";"2";"2";"1";"3";"Rue de la Convention / Avenue Marcel Cachin";"48,9261300000";"2,3966600000"
"202100020586";"6";"09";"2021";"12:50";"1";"93";"93027";"2";"3";"1";"3";"Rue du Docteur Roux / Rue de la TrÃ©filerie";"48,9229600000";"2,4070500000"
"202100020587";"6";"09";"2021";"21:20";"5";"93";"93010";"2";"9";"1";"3";"CARNOT (AV.) DE 56 A 129";"48,8980360000";"2,4806120000"
"202100020588";"6";"09";"2021";"22:20";"5";"93";"93008";"2";"9";"1";"2";"REPUBLIQUE (RUE DE LA)";"48,9071578555";"2,4294239026"
"202100020589";"6";"09";"2021";"13:15";"1";"93";"93008";"2";"3";"1";"3";"VAILLANT COUTURIER (AVENUE PAUL)";"48,9057380000";"2,4651520000"
"202100020590";"6";"09";"2021";"10:13";"1";"93";"93001";"1";"1";"1";"1";"FRANCOIS MITTERRAND (QUAI)";"48,9082827046";"2,3766517639"
"202100020591";"6";"09";"2021";"07:25";"1";"92";"92078";"2";"3";"1";"6";"MARECHAL LECLERC (AVENUE) (NÂ° IMPAIRS)";"48,9377924396";"2,3242799389"
"202100020592";"3";"09";"2021";"12:25";"1";"92";"92050";"2";"5";"1";"3";"CLEMENCEAU GEORGES AVENUE NÂ° PAIR";"48,8865100000";"2,2090100000"
"202100020593";"6";"09";"2021";"13:10";"1";"92";"92049";"2";"3";"1";"3";"BARBES RUE";"48,8170679473";"2,3314341194"
"202100020594";"6";"09";"2021";"14:10";"1";"92";"92040";"2";"3";"1";"2";"GALLIENI (BOULEVARD)";"48,8297358630";"2,2673793102"
"202100020595";"6";"09";"2021";"17:15";"1";"92";"92025";"2";"1";"1";"2";"PAUL BERT (RUE)";"48,9262395601";"2,2472056746"
"202100020596";"4";"09";"2021";"00:05";"5";"75";"75117";"2";"2";"1";"6";"BOULEVARD DE DOUAUMONT";"48,8966583837";"2,3095630109"
"202100020597";"5";"09";"2021";"13:35";"1";"92";"92012";"2";"1";"1";"5";"EDOUARD VAILLANT (AVENUE) 57/FIN - 58/FI";"48,8339660356";"2,2447070596"
"202100020598";"7";"09";"2021";"10:30";"1";"80";"80009";"1";"1";"1";"2";"A16";"50,0740260000";"1,9732480000"
"202100020599";"6";"09";"2021";"11:00";"1";"41";"41262";"1";"1";"7";"6";"1371 Route de Bracieux";"47,5432850000";"1,5348000000"
"202100020600";"4";"09";"2021";"21:35";"2";"49";"49355";"1";"3";"1";"6";"rd 147";"47,1451310000";" -0,8232880000"
"202100020601";"24";"08";"2021";"20:10";"1";"31";"31082";"1";"1";"1";"1";"D826";"43,5972230000";"1,6979350000"
"202100020602";"3";"06";"2021";"13:55";"1";"01";"01075";"1";"1";"1";"1";"D88";"46,0565190000";"4,8195540000"
"202100020603";"6";"09";"2021";"18:05";"1";"67";"67202";"2";"1";"1";"4";"40 Rue du General Lebocq";"48,7573880000";"7,5706580000"
"202100020604";"6";"09";"2021";"16:45";"1";"58";"58086";"1";"1";"1";"2";"Route de Nevers";"47,3739710000";"2,9223740000"
"202100020605";"7";"09";"2021";"11:51";"1";"08";"08397";"1";"1";"1";"7";"N51 - PK 87.400";"49,3999150000";"4,2445420000"
"202100020606";"7";"09";"2021";"08:15";"1";"71";"71443";"2";"1";"7";"6";"23 Rue du Bout d Amont";"46,9389490000";"4,9048160000"
"202100020607";"7";"09";"2021";"08:00";"1";"30";"30191";"1";"1";"1";"3";"Route Nationale 580";"44,1401340000";"4,6644260000"
"202100020608";"5";"09";"2021";"18:20";"1";"59";"59384";"1";"1";"1";"7";"Ruelle Vendois";"50,1192060000";"3,7405120000"
"202100020609";"24";"08";"2021";"15:45";"1";"19";"19023";"1";"1";"1";"6";"lieu-dit Cors";"45,1243179131";"1,7562074661"
"202100020610";"7";"09";"2021";"08:45";"1";"76";"76488";"1";"2";"1";"2";"D925";"49,7819400000";"0,5839280000"
"202100020611";"6";"09";"2021";"17:50";"1";"76";"76304";"2";"3";"7";"3";"Route de Goderville";"49,6514770000";"0,4358210000"
"202100020612";"7";"09";"2021";"11:35";"1";"76";"76383";"1";"1";"1";"3";"Route de l Oree du Bois";"49,7467030000";"0,9613360000"
"202100020613";"5";"09";"2021";"18:36";"1";"24";"24020";"1";"9";"1";"4";"Gare de PÃ©age de THENON A89";"45,1513110000";"1,1675440000"
"202100020614";"31";"08";"2021";"10:55";"1";"33";"33394";"2";"3";"1";"3";"Lieu Dit Villemaurine";"44,8967640000";" -0,1526180000"
"202100020615";"5";"09";"2021";"17:10";"1";"11";"11065";"1";"1";"1";"6";"D14";"42,8699810000";"2,4158430000"
"202100020616";"7";"09";"2021";"07:30";"1";"11";"11018";"1";"1";"8";"6";"D119";"43,2091170000";"2,1873520000"
"202100020617";"7";"09";"2021";"13:15";"1";"63";"63443";"2";"1";"1";"6";"9 Route de Pontmort";"45,9427800000";"3,1820420000"
"202100020618";"6";"09";"2021";"17:30";"1";"63";"63096";"2";"2";"1";"7";"D81";"45,7487270000";"3,3011880000"
"202100020619";"2";"09";"2021";"14:25";"1";"63";"63296";"1";"1";"1";"6";"D10";"45,7752310000";"3,3828020000"
"202100020620";"6";"09";"2021";"16:30";"1";"76";"76192";"2";"3";"1";"6";"Rue du Huit Mai 1945";"50,0166310000";"1,3187380000"
"202100020621";"7";"09";"2021";"15:00";"1";"61";"61484";"1";"1";"7";"2";"RD923 - PK 13+860 - MALE";"48,2543130000";"0,6998850000"
"202100020622";"7";"09";"2021";"09:48";"1";"46";"46273";"2";"1";"1";"2";"Avenue Charles de Gaulle";"44,8690020000";"1,8751240000"
"202100020623";"6";"09";"2021";"18:15";"1";"47";"47252";"1";"3";"1";"5";"Colombier Bas";"44,3849930000";"0,5798560000"
"202100020624";"6";"09";"2021";"19:15";"1";"34";"34142";"1";"1";"1";"5";"Route de Bedarieux";"43,7307120000";"3,2821120000"
"202100020625";"7";"09";"2021";"15:20";"1";"29";"29049";"1";"1";"1";"5";"D150 - Lieu Dit Kervestou";"48,0294560000";" -3,9012410000"
"202100020626";"4";"09";"2021";"13:15";"1";"29";"29266";"1";"1";"1";"6";"D712 - Koad Ar C Hastell";"48,5186209129";" -3,9284492980"
"202100020627";"1";"06";"2021";"04:40";"5";"38";"38519";"2";"1";"1";"6";"146 Route de Lyon";"45,6074980000";"5,0379210000"
"202100020628";"5";"09";"2021";"13:10";"1";"38";"38422";"1";"9";"1";"3";"RD 111 - MONTEE DE CHAMROUSSE";"45,1541250000";"5,8727070000"
"202100020629";"7";"09";"2021";"15:45";"1";"70";"70205";"1";"1";"1";"1";"D.16";"47,6557870000";"6,7295710000"
"202100020630";"7";"09";"2021";"17:45";"1";"58";"58115";"1";"9";"1";"2";"D 116";"46,8279980000";"3,3369950000"
"202100020631";"7";"09";"2021";"15:40";"1";"14";"14455";"1";"1";"1";"6";"Route de Falaise";"48,9800060000";" -0,3570660000"
"202100020632";"6";"09";"2021";"20:30";"2";"14";"14731";"1";"1";"8";"1";"D27";"49,3130790000";"0,0470190000"
"202100020633";"7";"09";"2021";"18:55";"1";"50";"50568";"1";"1";"1";"6";"Route de la Brasardiere";"49,0034520000";" -1,4269190000"
"202100020634";"6";"09";"2021";"12:30";"1";"50";"50215";"2";"1";"1";"3";"77 Route de Coutances (Gouville-sur-Mer)";"49,0926450000";" -1,5734210000"
"202100020635";"7";"09";"2021";"06:20";"2";"83";"83012";"2";"1";"1";"5";"Route de Draguignan";"43,5593138271";"6,0122444819"
"202100020636";"4";"09";"2021";"23:48";"3";"64";"64256";"1";"1";"1";"7";"Route de Cambo";"43,3816410000";" -1,3146250000"
"202100020637";"4";"09";"2021";"19:34";"1";"73";"73298";"2";"1";"1";"7";"446 Chemin du Pommat";"45,6485920000";"6,4393910000"
"202100020638";"7";"09";"2021";"00:30";"3";"53";"53012";"1";"1";"1";"7";"Les Promenades";"47,8927300000";" -0,9529860000"
"202100020639";"7";"09";"2021";"07:15";"1";"21";"21505";"1";"2";"1";"3";"D10";"47,4052920000";"4,3310380000"
"202100020640";"6";"09";"2021";"18:15";"1";"24";"24396";"1";"1";"1";"7";"Montenset";"44,8908590000";"1,0109460000"
"202100020641";"7";"09";"2021";"14:21";"1";"28";"28232";"1";"1";"1";"3";"les masures";"48,5336650000";"0,9341650000"
"202100020642";"5";"09";"2021";"17:20";"1";"17";"17382";"2";"1";"1";"6";"Rue du Stade";"46,1708190000";" -0,6935870000"
"202100020643";"6";"09";"2021";"20:00";"1";"30";"30133";"1";"6";"1";"7";"D62";"43,5655000000";"4,1244000000"
"202100020644";"14";"07";"2021";"08:25";"1";"35";"35275";"1";"1";"1";"6";"N12";"48,1697060000";" -1,8805500000"
"202100020645";"7";"09";"2021";"08:29";"1";"13";"13037";"1";"1";"1";"1";"Rn 113";"43,5438280000";"5,1862120000"
"202100020646";"6";"09";"2021";"14:00";"1";"44";"44096";"1";"1";"1";"1";"D923";"47,4143130000";" -1,1893720000"
"202100020647";"5";"07";"2021";"01:50";"3";"971";"97129";"1";"3";"3";"3";"Nolivier";"16,2949760000";" -61,6707740000"
"202100020648";"7";"09";"2021";"11:25";"1";"91";"91661";"2";"9";"1";"3";"Rue de la Prairie";"48,7003290000";"2,2643530000"
"202100020649";"7";"09";"2021";"13:53";"1";"13";"13015";"1";"1";"1";"4";"CD6";"43,4475130000";"5,4439830000"
"202100020650";"5";"09";"2021";"10:10";"1";"57";"57535";"1";"1";"1";"7";"Rue Nationale";"49,0538560000";"7,3388300000"
"202100020651";"2";"09";"2021";"16:25";"1";"57";"57679";"1";"1";"1";"2";"D910 PK 13+200";"49,0884260000";"6,6177180000"
"202100020652";"7";"09";"2021";"19:00";"1";"38";"38344";"2";"1";"1";"6";"Avenue Gabriel PÃ©ri";"45,3646820000";"4,8003820000"
"202100020653";"4";"09";"2021";"18:25";"1";"69";"69157";"1";"1";"1";"7";"D31";"45,8838830417";"4,4808313251"
"202100020654";"25";"08";"2021";"02:50";"5";"17";"17051";"1";"1";"1";"7";"D201";"46,1806770000";" -1,3787470000"
"202100020655";"1";"09";"2021";"17:50";"1";"33";"33483";"2";"1";"1";"3";"11 Route de Birac";"44,8954280000";" -0,3624160000"
"202100020656";"5";"09";"2021";"21:15";"3";"33";"33487";"1";"4";"1";"6";"Rue Armand Beraud -Rd 10";"44,9718290000";" -0,4795870000"
"202100020657";"3";"09";"2021";"22:00";"5";"72";"72154";"2";"1";"1";"6";"Boulevard de MontrÃ©al";"47,6971300000";" -0,0670100000"
"202100020658";"7";"09";"2021";"08:45";"1";"35";"35191";"1";"1";"1";"1";"Lieu Dit Launay (Montours)";"48,4538830000";" -1,3122980000"
"202100020659";"6";"09";"2021";"10:30";"1";"60";"60589";"2";"9";"1";"3";"parking Cora";"49,2378740000";"2,4717520000"
"202100020660";"3";"09";"2021";"09:10";"1";"80";"80685";"2";"1";"1";"6";"Rue du Docteur Duquesnel";"49,6982580000";"2,7925260000"
"202100020661";"7";"09";"2021";"08:30";"1";"62";"62746";"2";"1";"1";"2";"7 Rue Edmond Madare";"50,6773030000";"1,6344880000"
"202100020662";"5";"09";"2021";"08:00";"2";"57";"57433";"1";"1";"1";"7";"Autoroute A31";"49,2000000000";"6,1700000000"
"202100020663";"6";"09";"2021";"18:20";"1";"91";"91534";"1";"1";"1";"2";"RN 118";"48,7381500000";"2,1782200000"
"202100020664";"5";"09";"2021";"23:00";"3";"78";"78640";"1";"1";"1";"6";"N118";"48,7765300000";"2,2212900000"
"202100020665";"6";"09";"2021";"19:35";"1";"94";"94069";"1";"1";"1";"3";"A4";"48,8173109429";"2,4424371778"
"202100020666";"6";"09";"2021";"16:40";"1";"94";"94069";"1";"1";"1";"2";"A4";"48,8173109429";"2,4424371778"
"202100020667";"6";"09";"2021";"14:55";"1";"94";"94033";"1";"1";"1";"3";"A86.INT";"48,8501083080";"2,4903935051"
"202100020668";"4";"09";"2021";"08:45";"1";"62";"62525";"2";"3";"1";"6";"RIMBAUD (AVE ARTHUR.....)DERRIERE AUCHAN";"50,7392980000";"2,2643667000"
"202100020669";"4";"09";"2021";"14:57";"1";"03";"03185";"2";"1";"1";"6";"47 DEBUSSY ( AV. CLAUDE )";"46,3200000000";"2,5900000000"
"202100020670";"6";"09";"2021";"06:40";"1";"988";"98818";"2";"2";"2";"2";"AVENUE DU MARECHAL FOCH/RUE GEORGES BAUDOUX";" -22,2809600000";"166,4432700000"
"202100020671";"4";"09";"2021";"06:30";"1";"976";"97611";"2";"1";"1";"7";"mgombani-Baobab ( Bd )";" -12,7851900000";"45,2276200000"
"202100020672";"5";"09";"2021";"05:20";"5";"69";"69388";"2";"1";"1";"7";"MARIUS BERLIET (R)";"45,7430000000";"4,8598300000"
"202100020673";"5";"09";"2021";"19:00";"2";"972";"97213";"1";"1";"1";"7";"MORNE PITAULT (ROUTE DE)";"14,6118300000";" -60,9619000000"
"202100020674";"4";"09";"2021";"22:14";"5";"972";"97213";"2";"1";"1";"2";"AUTOROUTE A1";"14,6114740000";" -61,0075380000"
"202100020675";"4";"09";"2021";"11:30";"1";"972";"97209";"1";"1";"1";"2";"RD 41 (ROCADE)";"14,6165600000";" -61,0587600000"
"202100020676";"4";"09";"2021";"23:20";"5";"972";"97209";"2";"1";"1";"1";"VICTOR LAMON (AVENUE)";"14,6023160000";" -61,0568540000"
"202100020677";"4";"09";"2021";"19:38";"1";"69";"69152";"2";"1";"1";"2";"EUROPE (DE L') (BD)";"45,7019000000";"4,8218700000"
"202100020678";"5";"09";"2021";"05:00";"5";"69";"69034";"2";"1";"1";"6";"WETTE FAYS (DE) (CHM)";"45,7896540503";"4,8579686880"
"202100020679";"5";"09";"2021";"13:20";"1";"971";"97113";"1";"3";"1";"3";"Morne Salines";"16,2106900000";" -61,4416700000"
"202100020680";"5";"09";"2021";"12:45";"1";"91";"91215";"2";"1";"1";"6";"RUE DE LA FORET";"48,6919700000";"2,5145400000"
"202100020681";"5";"09";"2021";"18:00";"1";"83";"83090";"1";"1";"1";"7";"DELPHINIUMS (CHEMIN DES)";"43,1221405615";"5,8422696590"
"202100020682";"5";"09";"2021";"07:35";"1";"83";"83062";"2";"1";"1";"6";"RABASSON (CHEMIN DE)";"43,1294530000";"6,0256330000"
"202100020683";"5";"09";"2021";"11:55";"1";"76";"76026";"1";"9";"1";"3";"PRAIRIES (CHEMIN DES)";"49,8765344824";"1,1383992434"
"202100020684";"5";"09";"2021";"23:30";"5";"69";"69256";"2";"3";"1";"6";"BOLHEN (DE) (AV)";"45,7646551808";"4,9192491174"
"202100020685";"5";"09";"2021";"21:20";"5";"69";"69256";"2";"1";"1";"6";"GEORGES DIMITROV (AV)";"45,7772500000";"4,9250100000"
"202100020686";"5";"09";"2021";"18:30";"1";"69";"69264";"2";"1";"1";"4";"GAMBETTA (BD)";"45,9923000000";"4,7150500000"
"202100020687";"4";"09";"2021";"16:53";"1";"65";"65417";"2";"3";"1";"3";"VILLON (RUE FRANCOIS)";"43,2323000000";"0,1054000000"
"202100020688";"6";"09";"2021";"00:20";"4";"64";"64122";"2";"1";"1";"7";"PITCHOT (RUE DE)";"43,4649100000";" -1,5351600000"
"202100020689";"5";"09";"2021";"22:20";"5";"51";"51108";"2";"1";"1";"1";"Rue Jean JaurÃ¨s";"48,9547478607";"4,3531281921"
"202100020690";"5";"09";"2021";"22:15";"5";"45";"45208";"2";"9";"1";"3";"DOUMER (RUE PAUL)";"47,9987200000";"2,7431800000"
"202100020691";"4";"09";"2021";"12:35";"1";"45";"45004";"2";"1";"1";"6";"564 Rue de Saint-Firmin-des-Vignes";"47,9772829841";"2,7366634011"
"202100020692";"6";"09";"2021";"02:45";"5";"33";"33063";"2";"2";"1";"6";"Quai de Paludate";"44,8294000000";" -0,5550830000"
"202100020693";"5";"09";"2021";"23:35";"5";"33";"33039";"2";"2";"1";"1";"Avenue LÃ©nine";"44,7969390000";" -0,5559080000"
"202100020694";"5";"09";"2021";"15:25";"1";"33";"33529";"1";"1";"1";"6";"PYLA (BD DU)";"44,6313500000";" -1,1564300000"
"202100020695";"1";"09";"2021";"19:10";"1";"29";"29232";"2";"3";"1";"4";"Avenue de Ty Bos";"47,9711900000";" -4,0641400000"
"202100020696";"5";"09";"2021";"05:15";"5";"29";"29232";"2";"1";"5";"6";"Avenue de Remscheid";"47,9827200000";" -4,0889800000"
"202100020697";"3";"09";"2021";"10:20";"1";"29";"29039";"2";"1";"1";"6";"Rue Hoche";"47,8703781488";" -3,9087488477"
"202100020698";"31";"08";"2021";"21:03";"5";"28";"28085";"2";"2";"1";"3";"MAUNOURY (RUE DU DOCTEUR)";"48,4395900000";"1,4820700000"
"202100020699";"4";"09";"2021";"17:40";"1";"28";"28218";"2";"9";"8";"7";"ECOLES (RUE DES)";"48,4410949041";"1,4631236096"
"202100020700";"5";"09";"2021";"16:15";"1";"25";"25462";"2";"1";"7";"5";"ARMEE DE L'EST (AVENUE DE L')";"46,8936300000";"6,3644800000"
"202100020701";"5";"09";"2021";"05:00";"5";"25";"25056";"2";"4";"1";"6";"BELFORT RUE DE BELFORT (sup 144)4";"47,2546980000";"6,0394360000"
"202100020702";"3";"09";"2021";"18:40";"1";"22";"22113";"1";"1";"1";"2";"R.D.767";"48,7472000000";" -3,4471600000"
"202100020703";"3";"09";"2021";"11:30";"1";"18";"18279";"2";"1";"1";"3";"JUILLET (AVENUE DU 14)";"47,2159600000";"2,0650600000"
"202100020704";"4";"09";"2021";"14:30";"1";"15";"15014";"2";"2";"1";"3";"VERDUN (BOULEVARD DE)";"44,9127200000";"2,4418500000"
"202100020705";"5";"09";"2021";"16:05";"1";"13";"13203";"2";"2";"1";"3";"PLOMBIERES (BOULEVARD DES)";"43,3149676465";"5,3878743789"
"202100020706";"5";"09";"2021";"09:00";"1";"13";"13047";"2";"1";"7";"6";"PEIRES RUE DES";"43,4946724088";"4,9758790533"
"202100020707";"5";"09";"2021";"19:50";"1";"13";"13070";"2";"1";"1";"7";"SAINT LAMBERT (CHEMIN)";"43,2853900000";"5,5166300000"
"202100020708";"3";"09";"2021";"09:00";"1";"13";"13004";"2";"1";"1";"1";"AV DE JEREZ";"43,6658150622";"4,6345687635"
"202100020709";"5";"09";"2021";"11:44";"1";"10";"10362";"2";"2";"1";"6";"PAUL DOUMER (RUE)";"48,2895100000";"4,0466600000"
"202100020710";"5";"09";"2021";"16:20";"1";"06";"06030";"2";"1";"1";"3";"DUNKERQUE (RUE DE)";"43,5652820000";"7,0128560000"
"202100020711";"5";"09";"2021";"02:20";"5";"75";"75106";"2";"2";"2";"2";"BOULEVARD SAINT MICHEL";"48,8439490000";"2,3389690000"
"202100020712";"5";"09";"2021";"11:15";"1";"75";"75118";"2";"1";"1";"4";"BOULEVARD DE CLICHY";"48,8829880000";"2,3357730000"
"202100020713";"5";"09";"2021";"14:20";"1";"75";"75117";"2";"2";"1";"3";"AVENUE DE CLICHY";"48,8896850000";"2,3217000000"
"202100020714";"5";"09";"2021";"02:45";"5";"75";"75116";"2";"2";"2";"3";"AVENUE DE LA PORTE DE SAINT CLOUD";"48,8386833532";"2,2539836168"
"202100020715";"5";"09";"2021";"08:30";"1";"75";"75107";"2";"2";"1";"6";"QUAI JACQUES CHIRAC";"48,8590340000";"2,2933460000"
"202100020716";"5";"09";"2021";"04:40";"5";"75";"75115";"2";"2";"2";"3";"RUE VIOLET";"48,8493860000";"2,2946320000"
"202100020717";"4";"09";"2021";"22:25";"5";"75";"75113";"2";"3";"1";"6";"RUE PAULIN ENFERT";"48,8180440000";"2,3628111000"
"202100020718";"5";"09";"2021";"17:15";"1";"75";"75112";"2";"2";"1";"3";"RUE BARON LE ROY";"48,8351860000";"2,3873400000"
"202100020719";"5";"09";"2021";"01:00";"5";"75";"75112";"2";"1";"1";"6";"RUE CHALIGNY";"48,8460650000";"2,3836250000"
"202100020720";"5";"09";"2021";"18:00";"1";"75";"75111";"2";"3";"1";"2";"RUE DE LA MAIN D OR";"48,8516550000";"2,3779460000"
"202100020721";"5";"09";"2021";"01:25";"5";"75";"75110";"2";"2";"2";"3";"RUE D ENGHIEN";"48,8721290000";"2,3500480000"
"202100020722";"4";"09";"2021";"23:00";"5";"75";"75110";"2";"4";"1";"4";"RUE LA FAYETTE";"48,8824420000";"2,3691840000"
"202100020723";"5";"09";"2021";"15:35";"1";"75";"75109";"2";"1";"1";"3";"BOULEVARD POISSONNIERE";"48,8711230000";"2,3453130000"
"202100020724";"5";"09";"2021";"03:15";"5";"75";"75102";"2";"2";"1";"3";"BOULEVARD DE SEBASTOPOL";"48,8662250000";"2,3525420000"
"202100020725";"5";"09";"2021";"15:25";"1";"75";"75104";"2";"2";"1";"3";"QUAI HENRI IV";"48,8508370000";"2,3614630000"
"202100020726";"5";"09";"2021";"18:35";"1";"94";"94054";"2";"3";"1";"3";"Rue Parmentier";"48,7423900000";"2,3873700000"
"202100020727";"5";"09";"2021";"12:30";"1";"94";"94018";"2";"1";"1";"2";"Quai des Carrieres";"48,8179300000";"2,4171670000"
"202100020728";"5";"09";"2021";"15:55";"1";"93";"93072";"2";"1";"1";"3";"LOUIS BORDES (RUE)";"48,9548510000";"2,3858270000"
"202100020729";"5";"09";"2021";"17:07";"1";"93";"93066";"2";"1";"1";"6";"2 Ã  26 Avenue LÃ©nine";"48,9379070000";"2,3683860000"
"202100020730";"5";"09";"2021";"06:30";"5";"92";"92078";"2";"3";"1";"3";"VERDUN (AVENUE) (IMPAIRS 1 A 25)";"48,9355080000";"2,3338800000"
"202100020731";"5";"09";"2021";"18:18";"1";"76";"76258";"1";"1";"7";"6";"Route de Normanville";"49,6879817724";"0,5688992143"
"202100020732";"6";"09";"2021";"15:40";"1";"974";"97415";"2";"1";"1";"2";"49 Rue Auguste Vinson";" -21,0276190000";"55,2678820000"
"202100020733";"5";"09";"2021";"23:30";"5";"08";"08145";"2";"6";"1";"7";"route nationale";"49,6721060000";"5,0292170000"
"202100020734";"1";"09";"2021";"19:45";"1";"17";"17420";"1";"1";"1";"7";"Le Moulin Neuf";"46,1107370000";" -1,0177820000"
"202100020735";"4";"09";"2021";"19:30";"1";"22";"22172";"1";"1";"1";"7";"D768 la ville martin";"48,5390500000";" -2,2235410000"
"202100020736";"6";"09";"2021";"15:10";"1";"41";"41194";"2";"2";"1";"6";"boulevard du marÃ©chal lyautey";"47,3614040000";"1,7392570000"
"202100020737";"29";"08";"2021";"07:15";"1";"95";"95313";"2";"1";"1";"6";"Rue Dambry";"49,1132067006";"2,2187706332"
"202100020738";"5";"09";"2021";"18:40";"1";"49";"49017";"1";"1";"1";"5";"D68";"47,6416800000";" -0,3468830000"
"202100020739";"6";"09";"2021";"11:45";"1";"31";"31547";"1";"1";"1";"6";"Chemin de Vallesvilles";"43,5130240000";"1,2556170000"
"202100020740";"6";"09";"2021";"06:35";"1";"972";"97223";"2";"1";"7";"6";"Rue Schoelcher";"14,5604580000";" -60,9362960000"
"202100020741";"5";"09";"2021";"17:39";"1";"63";"63163";"1";"2";"1";"3";"D204";"45,7644090000";"2,7962140000"