"Num_Acc";"jour";"mois";"an";"hrmn";"lum";"dep";"com";"agg";"int";"atm";"col";"adr";"lat";"long"
"202100020742";"5";"09";"2021";"16:16";"1";"63";"63370";"1";"1";"1";"3";"D82";"45,6564080000";"2,6904920000"
"202100020743";"6";"09";"2021";"08:55";"1";"22";"22070";"1";"1";"1";"4";"RN12 PR 89+400";"48,5491860000";" -3,1504370000"
"202100020744";"4";"09";"2021";"23:30";"5";"62";"62261";"2";"6";"1";"6";"Avenue FranÃ§ois Godin";"50,4871720000";"1,6226430000"
"202100020745";"5";"09";"2021";"14:45";"1";"26";"26002";"1";"6";"1";"3";"1845 Route de Marcoz";"45,2414450000";"4,8201980000"
"202100020746";"5";"09";"2021";"19:40";"1";"60";"60069";"1";"1";"1";"7";"Rue Bernard Hamelin";"49,1680398110";"2,9290913422"
"202100020747";"5";"09";"2021";"13:50";"1";"14";"14672";"1";"4";"1";"2";"A84";"49,0464870000";" -0,7844870000"
"202100020748";"20";"08";"2021";"22:30";"5";"30";"30202";"2";"2";"1";"3";"Avenue Andre de Philip";"44,2578640000";"4,6386230000"
"202100020749";"5";"09";"2021";"19:00";"1";"62";"62586";"1";"1";"1";"6";"D61";"50,2884620000";"2,6323200000"
"202100020750";"31";"08";"2021";"17:40";"1";"57";"57483";"1";"1";"1";"6";"D674";"48,9328260000";"6,6494860000"
"202100020751";"4";"09";"2021";"18:00";"1";"51";"51576";"2";"1";"1";"7";"Rue Saint Antoine";"49,0479009799";"4,1235718091"
"202100020752";"4";"09";"2021";"17:50";"1";"59";"59331";"2";"1";"1";"2";"5, rue de maroilles";"50,1191627122";"3,7077127397"
"202100020753";"4";"09";"2021";"18:00";"1";"79";"79298";"1";"1";"1";"1";"N/A";"46,2458760000";" -0,4815100000"
"202100020754";"6";"09";"2021";"13:35";"1";"60";"60547";"1";"1";"7";"7";"Rue du Prieure";"49,3360708596";"2,5157811641"
"202100020755";"14";"08";"2021";"19:37";"1";"82";"82104";"1";"1";"1";"6";"D11";"43,9281800000";"0,8239900000"
"202100020756";"6";"09";"2021";"08:45";"1";"33";"33193";"1";"1";"1";"2";"N/A";"45,4499560000";" -1,0779690000"
"202100020757";"5";"09";"2021";"16:00";"1";"71";"71332";"1";"2";"1";"2";"D933";"46,6346858373";"4,9851378723"
"202100020758";"4";"09";"2021";"12:30";"1";"89";"89209";"1";"3";"1";"3";"Route du Marchais des Pres";"48,1603420000";"2,9743530000"
"202100020759";"5";"09";"2021";"11:30";"1";"89";"89197";"1";"1";"1";"7";"La Lochere";"47,5146935500";"4,0449428500"
"202100020760";"5";"09";"2021";"15:50";"1";"63";"63236";"1";"1";"1";"7";"D996";"45,5827490000";"2,8163520000"
"202100020761";"4";"09";"2021";"18:10";"1";"63";"63302";"2";"6";"1";"7";"D978";"45,7110980000";"3,1558660000"
"202100020762";"5";"09";"2021";"14:30";"1";"61";"61345";"1";"1";"1";"6";"D10";"48,4290720000";"0,7611040000"
"202100020763";"3";"09";"2021";"14:20";"1";"61";"61345";"2";"6";"1";"7";"ZA Saint-Marc Nord (Zone commerciale)";"48,4267590000";"0,7897440000"
"202100020764";"5";"09";"2021";"02:30";"3";"61";"61276";"1";"1";"1";"6";"D715";"48,8515250000";" -0,0360440000"
"202100020765";"4";"09";"2021";"17:06";"1";"46";"46204";"1";"1";"7";"6";"D802";"44,6895940000";"1,5996690000"
"202100020766";"5";"09";"2021";"17:20";"1";"68";"68194";"1";"1";"1";"6";"D21b";"47,4535280000";"7,3486520000"
"202100020767";"3";"09";"2021";"13:15";"1";"39";"39354";"2";"1";"7";"1";"175 Rue de la Rochette";"46,8988020000";"5,6473540000"
"202100020768";"5";"09";"2021";"17:30";"1";"29";"29026";"1";"3";"7";"1";"Pencran Prat Ty Glaz";"48,1924737567";" -4,1093406677"
"202100020769";"5";"09";"2021";"20:39";"5";"38";"38499";"2";"1";"1";"6";"1532 Route du Chevalement";"44,9272230000";"5,7769990000"
"202100020770";"6";"09";"2021";"00:15";"3";"84";"84072";"1";"1";"1";"6";"Route de Saint Mirat";"44,0501380000";"5,1578340000"
"202100020771";"5";"09";"2021";"16:30";"1";"15";"15162";"1";"3";"7";"1";"intersection dÃ©partementales 3 et 678";"45,2862440000";"2,6370650000"
"202100020772";"5";"09";"2021";"17:45";"1";"01";"01273";"2";"1";"1";"2";"Route de Pont d Ain";"46,0719390000";"5,3752860000"
"202100020773";"3";"09";"2021";"18:45";"1";"70";"70245";"2";"1";"1";"3";"11 Rue du Bas de Laval";"47,8861570000";"6,4038410000"
"202100020774";"6";"09";"2021";"16:00";"1";"58";"58004";"1";"1";"1";"2";"D10";"47,0260690000";"3,6405520000"
"202100020775";"6";"09";"2021";"13:50";"1";"58";"58287";"1";"1";"1";"6";"D973";"46,7711960000";"3,9541880000"
"202100020776";"6";"09";"2021";"10:45";"1";"14";"14371";"1";"1";"1";"7";"D135a";"49,0138200000";"0,2534960000"
"202100020777";"5";"09";"2021";"20:50";"4";"64";"64123";"1";"1";"1";"7";"Route de Bardos";"43,4828820000";" -1,1510650000"
"202100020778";"5";"09";"2021";"18:30";"1";"18";"18197";"2";"1";"1";"6";"66 Rue Emile Dumas";"46,7251720000";"2,5118990000"
"202100020779";"2";"09";"2021";"18:05";"2";"07";"07028";"1";"1";"1";"7";"D104";"44,3908470000";"4,2338990000"
"202100020780";"5";"09";"2021";"16:15";"1";"24";"24340";"1";"2";"1";"7";"L Homme Mort";"44,8850280000";"0,4000510000"
"202100020781";"5";"09";"2021";"15:30";"1";"88";"88508";"1";"1";"1";"7";"N/A";"48,1663720000";"6,2226710000"
"202100020782";"5";"09";"2021";"15:50";"1";"88";"88258";"1";"9";"7";"7";"DÃ©partementale 429";"48,0665230000";"5,7665780000"
"202100020783";"6";"09";"2021";"08:30";"1";"13";"13016";"1";"1";"1";"6";"A52 PK012.800 sens AUBAGNE-AIX EN PROVENCE";"43,3843300000";"5,6043680000"
"202100020784";"6";"09";"2021";"19:09";"1";"60";"60369";"1";"9";"1";"3";"Autoroute A1 PK 57+300 sens LILLE/PARIS";"49,3166052201";"2,6859406187"
"202100020785";"21";"08";"2021";"12:40";"1";"33";"33527";"1";"1";"1";"2";"D652";"44,5315140000";" -1,0758020000"
"202100020786";"29";"08";"2021";"11:25";"1";"29";"29233";"2";"1";"1";"1";"41 Rue de Quimper";"47,8751680000";" -3,5471040000"
"202100020787";"6";"09";"2021";"18:20";"1";"45";"45311";"1";"1";"1";"7";"Route de ChÃ¢teauneuf";"47,8294420000";"2,2203970000"
"202100020788";"6";"09";"2021";"05:35";"5";"77";"77354";"2";"1";"1";"1";"D605";"48,4610840000";"2,8728390000"
"202100020789";"24";"08";"2021";"06:50";"2";"78";"78389";"1";"1";"1";"1";"Route de la Bardelle";"48,8031320000";"1,8156300000"
"202100020790";"5";"09";"2021";"14:30";"1";"83";"83077";"1";"1";"1";"7";"RD2";"43,2787830000";"5,9481630000"
"202100020791";"5";"09";"2021";"18:52";"1";"04";"04183";"1";"1";"7";"6";"RN 202";"43,9189130000";"6,5394620000"
"202100020792";"4";"09";"2021";"11:15";"1";"13";"13015";"2";"3";"1";"3";"AVENUE THIERS";"43,4475840000";"5,4329060000"
"202100020793";"6";"09";"2021";"04:00";"3";"89";"89085";"1";"1";"1";"6";"RD 377";"47,9452670000";"3,5003430000"
"202100020794";"5";"09";"2021";"17:35";"1";"68";"68298";"1";"1";"1";"7";"D459";"48,2441030000";"7,1618360000"
"202100020795";"5";"09";"2021";"20:30";"3";"68";"68283";"1";"1";"1";"7";"Rue de Pierreusegoutte";"48,2904680000";"7,2573390000"
"202100020796";"5";"09";"2021";"11:05";"1";"57";"57396";"2";"1";"1";"1";"Rue de la CÃ´te";"49,1247740000";"6,0940430000"
"202100020797";"4";"09";"2021";"18:50";"2";"38";"38344";"2";"1";"1";"6";"27 Rue Gaston Monmousseau";"45,3605310000";"4,7961740000"
"202100020798";"27";"08";"2021";"16:35";"1";"14";"14488";"1";"1";"1";"7";"Chemin de la Pointe du Siege";"49,2639540000";" -0,2524710000"
"202100020799";"6";"09";"2021";"18:00";"1";"35";"35152";"1";"3";"1";"3";"Les Sevailles";"48,2287290000";" -1,4790990000"
"202100020800";"6";"09";"2021";"12:15";"1";"60";"60317";"1";"1";"1";"2";"route dÃ©partementale 12";"49,3330650000";"2,3063780000"
"202100020801";"5";"09";"2021";"18:10";"1";"59";"59252";"2";"6";"1";"3";"Place des Combattants";"50,7125544836";"2,9324135184"
"202100020802";"4";"09";"2021";"20:30";"3";"13";"13015";"1";"1";"1";"5";"A51-Sens Aix en Provence vers Marseille";"43,4586500000";"5,4026700000"
"202100020803";"3";"09";"2021";"19:30";"1";"13";"13216";"1";"1";"2";"2";"A55-Sens Martigues vers Marseille";"43,3479963424";"5,3448970312"
"202100020804";"4";"09";"2021";"11:05";"1";"13";"13055";"1";"1";"1";"4";"A507 sens Marseille - Aubagne";"43,2942050673";"5,4244029522"
"202100020805";"5";"09";"2021";"20:15";"5";"33";"33487";"1";"1";"1";"6";"AUTOROUTE A 10";"44,9513280000";" -0,4612090000"
"202100020806";"5";"09";"2021";"19:20";"1";"33";"33448";"1";"1";"1";"4";"AUTOROUTE A 62";"44,7097320000";" -0,5129940000"
"202100020807";"4";"09";"2021";"23:05";"5";"33";"33063";"1";"1";"1";"2";"ROCADE A 630";"44,8802520000";" -0,5384050000"
"202100020808";"5";"09";"2021";"16:30";"1";"91";"91689";"1";"1";"1";"3";"AUTOROUTE A6";"48,7300340000";"2,3147200000"
"202100020809";"5";"09";"2021";"16:20";"1";"91";"91689";"1";"1";"1";"4";"AUTOROUTE A6";"48,7299800000";"2,3147500000"
"202100020810";"5";"09";"2021";"14:20";"1";"91";"91521";"1";"1";"1";"2";"AUTOROUTE A6";"48,6375990000";"2,3976440000"
"202100020811";"5";"09";"2021";"12:58";"1";"91";"91659";"1";"1";"1";"2";"AUTOROUTE A6";"48,5869300000";"2,4506000000"
"202100020812";"5";"09";"2021";"01:50";"3";"78";"78490";"1";"1";"2";"6";"RN12 EXT";"48,8000000000";"1,9682300000"
"202100020813";"5";"09";"2021";"20:45";"3";"93";"93010";"1";"1";"1";"7";"AUTOROUTE A3";"48,9150918340";"2,4774420261"
"202100020814";"5";"09";"2021";"21:00";"3";"92";"92078";"1";"1";"1";"2";"AUTOROUTE A86";"48,9298600000";"2,3272000000"
"202100020815";"5";"09";"2021";"19:40";"1";"93";"93053";"1";"1";"1";"2";"AUTOROUTE A3";"48,8799715049";"2,4504125118"
"202100020816";"5";"09";"2021";"19:00";"1";"95";"95424";"1";"1";"1";"3";" A15";"48,9947800000";"2,1833000000"
"202100020817";"5";"09";"2021";"10:45";"1";"92";"92036";"1";"1";"1";"4";"AUTOROUTE A15";"48,9464707688";"2,2824191861"
"202100020818";"5";"09";"2021";"08:15";"1";"93";"93053";"1";"1";"1";"2";"AUTOROUTE A3";"48,8844300000";"2,4703500000"
"202100020819";"5";"09";"2021";"05:00";"3";"95";"95424";"1";"1";"2";"6";" A15";"48,9942000000";"2,1846800000"
"202100020820";"5";"09";"2021";"05:00";"3";"95";"95572";"1";"1";"8";"6";"RN 184";"49,0321900000";"2,1089800000"
"202100020821";"5";"09";"2021";"04:10";"3";"92";"92036";"1";"1";"2";"3";"AUTOROUTE A15";"48,9390027228";"2,2956647869"
"202100020822";"5";"09";"2021";"06:25";"3";"77";"77122";"1";"1";"1";"2";"RN104";"48,6464472287";"2,5919151306"
"202100020823";"4";"09";"2021";"12:00";"1";"77";"77294";"1";"1";"1";"3";"A104";"48,9729100000";"2,5764900000"
"202100020824";"3";"09";"2021";"12:15";"1";"976";"97611";"2";"1";"1";"3";"mamoudzou centre-Commandant Passot (Plac";" -12,7796500000";"45,2326900000"
"202100020825";"4";"09";"2021";"19:30";"5";"974";"97416";"2";"1";"1";"6";"MAHY(RUE F DE)";" -21,3400000000";"55,4755100000"
"202100020826";"4";"09";"2021";"14:30";"1";"974";"97411";"2";"1";"1";"7";"BOUGAINVILLEES (ROUTE DES)";" -20,9223200000";"55,4026800000"
"202100020827";"4";"09";"2021";"15:13";"1";"972";"97209";"2";"1";"1";"1";"ABBE LAVIGNE (AVENUE)";"14,6124100000";" -61,0717200000"
"202100020828";"4";"09";"2021";"22:10";"5";"69";"69034";"2";"9";"1";"1";"BOUCLE (DE LA) (MO)";"45,7827600000";"4,8363900000"
"202100020829";"4";"09";"2021";"18:35";"1";"69";"69389";"1";"9";"1";"3";"RAOUL CARRIE (Q)";"45,8027969550";"4,8391355574"
"202100020830";"4";"09";"2021";"17:30";"1";"69";"69384";"2";"3";"1";"4";"HERBOUVILLE (D') (CR)";"45,7790300000";"4,8410300000"
"202100020831";"4";"09";"2021";"15:00";"1";"69";"69286";"2";"9";"1";"6";"STRASBOURG (DE) (RTE)";"45,8194400000";"4,8942900000"
"202100020832";"4";"09";"2021";"13:40";"1";"69";"69389";"2";"3";"1";"6";"GARE D'EAU (DE LA) (Q)";"45,7809900000";"4,8080900000"
"202100020833";"4";"09";"2021";"16:00";"1";"91";"91421";"2";"1";"2";"3";"JEAN JAURES (AVENUE)";"48,7177800000";"2,4450000000"
"202100020834";"4";"09";"2021";"13:30";"1";"91";"91114";"2";"1";"7";"2";"RTE NATIONALE 6";"48,6784400000";"2,4962400000"
"202100020835";"4";"09";"2021";"21:15";"2";"78";"78227";"1";"1";"8";"1";"CD 922";"49,0188000000";"1,9531400000"
"202100020836";"4";"09";"2021";"16:05";"1";"76";"76231";"2";"3";"1";"3";"JAURES. RUE JEAN";"49,2906530000";"1,0097480000"
"202100020837";"4";"09";"2021";"08:15";"1";"67";"67180";"2";"6";"7";"3";"LANDAU (ROND-POINT DE)";"48,8217800000";"7,7914800000"
"202100020838";"5";"09";"2021";"01:54";"5";"64";"64445";"2";"2";"1";"3";"BERLIOZ";"43,3102300000";" -0,3466300000"
"202100020839";"5";"09";"2021";"03:50";"5";"64";"64122";"2";"1";"1";"7";"REINE VICTORIA (AVENUE DE LA)";"43,4851400000";" -1,5541800000"
"202100020840";"4";"09";"2021";"12:13";"1";"64";"64024";"2";"1";"1";"3";"LACROIX (ROND POINT DOCTEUR)";"43,4776400000";" -1,5239500000"
"202100020841";"27";"08";"2021";"20:35";"2";"62";"62826";"2";"6";"1";"1";"HERMITAGE (PLACE DE L')";"50,5187560000";"1,5948340000"
"202100020842";"5";"09";"2021";"02:00";"5";"59";"59299";"1";"1";"1";"6";"PINAY (AVENUE ANTOINE)";"50,6556890000";"3,2049700000"
"202100020843";"4";"09";"2021";"19:45";"1";"59";"59155";"2";"1";"1";"6";"VAUBAN - BOULEVARD";"51,0240900000";"2,3884500000"
"202100020844";"4";"09";"2021";"16:00";"1";"54";"54395";"2";"3";"1";"6";"TISSERANT (RUE DU CARDINAL)";"48,6875800000";"6,1835600000"
"202100020845";"3";"09";"2021";"20:35";"2";"52";"52121";"2";"1";"1";"3";"FOCH (AVENUE)";"48,1108400000";"5,1326000000"
"202100020846";"1";"09";"2021";"12:50";"1";"52";"52121";"2";"1";"1";"7";"PRIEURE (RUE DU)";"48,1186200000";"5,1553800000"
"202100020847";"4";"09";"2021";"20:30";"2";"49";"49007";"2";"1";"1";"3";"COUBERTIN BOULEVARD";"47,4599700000";" -0,5328100000"
"202100020848";"4";"09";"2021";"22:30";"5";"44";"44109";"2";"1";"1";"6";"RUE DE LA PAPOTIERE";"47,2414500000";" -1,4949100000"
"202100020849";"4";"09";"2021";"17:45";"1";"44";"44109";"2";"3";"1";"6";"RUE DE LA PAPOTIERE";"47,2424000000";" -1,4950000000"
"202100020850";"4";"09";"2021";"16:00";"1";"44";"44109";"2";"1";"1";"6";"ROUTE DE VANNES";"47,2378400000";" -1,5864400000"
"202100020851";"3";"09";"2021";"12:05";"1";"43";"43157";"2";"6";"1";"2";"Avenue Baptiste Marcet";"45,0222286622";"3,8893452287"
"202100020852";"4";"09";"2021";"15:05";"1";"42";"42071";"2";"2";"1";"1";"LIBERATION (AVENUE DE LA)";"46,0177349918";"4,0911903977"
"202100020853";"3";"09";"2021";"18:30";"1";"42";"42183";"2";"1";"1";"6";"Rue de la LibÃ©ration";"45,4036000000";"4,3656700000"
"202100020854";"4";"09";"2021";"23:50";"5";"38";"38185";"2";"1";"1";"2";"Avenue Rhin et Danube";"45,1745200000";"5,7050400000"
"202100020855";"4";"09";"2021";"22:15";"5";"38";"38185";"2";"3";"1";"3";"Rue GÃ©nÃ©ral Marchand";"45,1893000000";"5,7316400000"
"202100020856";"4";"09";"2021";"22:20";"5";"37";"37261";"2";"2";"1";"3";"MALRAUX (QUAI ANDRE)";"47,3975752883";"0,6993154825"
"202100020857";"4";"09";"2021";"20:40";"5";"37";"37261";"2";"1";"1";"6";"MAGINOT (AV. ANDRE)";"47,4144802743";"0,6876316778"
"202100020858";"4";"09";"2021";"16:55";"1";"37";"37122";"1";"1";"1";"3";"RD 86 DE MONTS Ã  TOURS";"47,3269432987";"0,6628911383"
"202100020859";"3";"09";"2021";"19:15";"1";"37";"37261";"2";"6";"1";"6";"LOUIS XI (ROND-POINT)";"47,3748419650";"0,6711321778"
"202100020860";"4";"09";"2021";"11:15";"1";"37";"37261";"2";"2";"1";"3";"FOURNIER (RUE DU DOCTEUR)";"47,3865304914";"0,7071009181"
"202100020861";"3";"09";"2021";"16:10";"1";"37";"37233";"2";"1";"1";"4";"LOIRE (LEVEE DE LA)";"47,4000314102";"0,7392482758"
"202100020862";"4";"09";"2021";"20:45";"2";"35";"35238";"2";"2";"2";"3";"PATTON (AVENUE DU GENERAL SIR GEORGES)";"48,1385200000";" -1,6584100000"
"202100020863";"4";"09";"2021";"03:45";"5";"33";"33063";"2";"1";"1";"6";"Boulevard du PrÃ©sident Franklin Roosevelt";"44,8153600000";" -0,5733100000"
"202100020864";"4";"09";"2021";"16:30";"1";"33";"33063";"2";"9";"1";"6";"Avenue de la RÃ©publique";"44,8389900000";" -0,6138600000"
"202100020865";"3";"09";"2021";"18:00";"1";"33";"33063";"2";"2";"2";"6";"Rue de BÃ¨gles";"44,8133100000";" -0,5646400000"
"202100020866";"4";"09";"2021";"11:25";"1";"33";"33529";"1";"1";"1";"3";"RD 1250 (BONNEVAL -LA HUME) - STADE";"44,6183200000";" -1,1239500000"
"202100020867";"4";"09";"2021";"12:05";"1";"31";"31069";"1";"1";"1";"4";"A621 (SEPT DENIERS-ANCELY)";"43,6214100000";"1,3998100000"
"202100020868";"4";"09";"2021";"17:20";"1";"27";"27229";"2";"1";"2";"2";"HORLOGE (RUE DE L')";"49,0251366217";"1,1509793225"
"202100020869";"4";"09";"2021";"10:50";"1";"27";"27229";"2";"1";"2";"6";"ISAMBARD (RUE)";"49,0305400000";"1,1507000000"
"202100020870";"4";"09";"2021";"11:50";"1";"22";"22278";"2";"9";"1";"2";"MERIMEE (PROSPER)";"48,4952078426";" -2,7516082611"
"202100020871";"3";"09";"2021";"12:40";"1";"19";"19272";"2";"1";"1";"3";"Dr Ramon (Rue)";"45,2543662774";"1,7595202102"
"202100020872";"4";"09";"2021";"11:10";"1";"17";"17300";"2";"1";"1";"2";"REPUBLIQUE   BOULEVARD DE LA";"46,1383100000";" -1,1527300000"
"202100020873";"4";"09";"2021";"10:55";"1";"17";"17300";"2";"9";"8";"6";"CHAUDRIER   RUE";"46,1628000000";" -1,1523400000"
"202100020874";"5";"09";"2021";"02:15";"4";"13";"13211";"2";"1";"1";"1";"SAINT LOUP (BOULEVARD DE)";"43,2840000000";"5,4340000000"
"202100020875";"3";"08";"2021";"13:30";"1";"13";"13005";"2";"6";"8";"6";"PAGNOL (AVENUE MARCEL)";"43,2954500000";"5,5728800000"
"202100020876";"1";"09";"2021";"14:20";"1";"10";"10333";"2";"1";"1";"7";"CHARLES BALTET (RUE)";"48,2865000000";"4,0559100000"
"202100020877";"4";"09";"2021";"22:38";"5";"06";"06088";"2";"1";"1";"3";"ANGLAIS (DU NÂ° 114 AU NÂ° 263)";"43,6852760000";"7,2361740000"
"202100020878";"28";"08";"2021";"21:15";"5";"93";"93057";"2";"9";"1";"6";"76 Ã  116 Avenue Jean JaurÃ¨s";"48,9048300000";"2,5032500000"
"202100020879";"4";"09";"2021";"13:50";"1";"75";"75116";"2";"4";"1";"3";"ECHANGEUR MAILLOT";"48,8778290000";"2,2796890000"
"202100020880";"2";"09";"2021";"08:48";"1";"75";"75112";"2";"1";"1";"3";"BD PERIPHERIQUE EXTERIEUR";"48,8319340000";"2,4050920000"
"202100020881";"4";"09";"2021";"15:00";"1";"75";"75116";"2";"2";"1";"3";"ROUTE DE SURESNES";"48,8650450000";"2,2344430000"
"202100020882";"4";"09";"2021";"04:40";"5";"75";"75113";"2";"4";"1";"3";"BOULEVARD KELLERMANN";"48,8197390000";"2,3460940000"
"202100020883";"4";"09";"2021";"20:40";"2";"75";"75112";"2";"3";"1";"3";"AVENUE DU GENERAL MICHEL BIZOT";"48,8332800000";"2,3989430000"
"202100020884";"4";"09";"2021";"13:05";"1";"75";"75110";"2";"1";"1";"7";"QUAI DE VALMY";"48,8757910000";"2,3637560000"
"202100020885";"3";"09";"2021";"13:35";"1";"75";"75110";"2";"1";"1";"3";"BOULEVARD DE LA CHAPELLE";"48,8842464125";"2,3584749395"
"202100020886";"3";"09";"2021";"21:00";"5";"75";"75109";"2";"7";"1";"6";"PLACE ADOLPHE MAX";"48,8831220000";"2,3302040000"
"202100020887";"3";"09";"2021";"15:05";"1";"75";"75108";"2";"2";"1";"3";"RUE DE ROME";"48,8780521297";"2,3226452048"
"202100020888";"4";"09";"2021";"16:45";"1";"94";"94068";"2";"4";"1";"3";"Carrefour du 8 Mai 1945";"48,8020330000";"2,4925500000"
"202100020889";"4";"09";"2021";"09:50";"1";"94";"94046";"2";"1";"1";"2";"Avenue du GÃ©nÃ©ral Leclerc";"48,8154700000";"2,4206900000"
"202100020890";"4";"09";"2021";"20:05";"2";"94";"94028";"2";"1";"1";"6";"Avenue du GÃ©nÃ©ral de Gaulle";"48,7793400000";"2,4589300000"
"202100020891";"4";"09";"2021";"12:15";"1";"93";"93078";"2";"6";"1";"3";"Boulevard Robert Ballanger / Avenue Georges ClÃ©menceau";"48,9616900000";"2,5554800000"
"202100020892";"4";"09";"2021";"19:13";"1";"93";"93055";"2";"1";"1";"5";"JEAN LOLIVE (AVENUE)(107/135 ET 108/132)";"48,8926810000";"2,4103960000"
"202100020893";"4";"09";"2021";"17:00";"1";"93";"93079";"2";"3";"1";"6";"SAINT LEU (ROUTE)";"48,9553100000";"2,3333600000"
"202100020894";"4";"09";"2021";"14:50";"1";"93";"93027";"2";"7";"1";"3";"Avenue Jean JaurÃ¨s / Avenue Paul Vaillant Couturier";"48,9209400000";"2,4101900000"
"202100020895";"4";"09";"2021";"02:50";"5";"92";"92073";"2";"1";"1";"6";"SELLIER (BOULEVARD HENRI)";"48,8679212163";"2,2256541252"
"202100020896";"4";"09";"2021";"14:50";"1";"92";"92062";"2";"2";"1";"6";"BERTHELOT (RUE MARCELIN)";"48,8875314809";"2,2330013763"
"202100020897";"4";"09";"2021";"16:30";"1";"92";"92049";"2";"1";"1";"2";"REPUBLIQUE AVENUE DE LA NÂ°81 A FIN";"48,8159700000";"2,3180500000"
"202100020898";"5";"09";"2021";"13:15";"1";"35";"35136";"2";"2";"1";"2";"30 Boulevard Cahours";"47,9588680000";" -1,4907370000"
"202100020899";"4";"09";"2021";"10:05";"1";"73";"73306";"1";"1";"1";"7";"D902 Route du Galibier";"45,0839000000";"6,4278820000"
"202100020900";"4";"09";"2021";"17:35";"1";"71";"71087";"1";"2";"1";"3";"sur RD 215  la tuilerie";"46,5676530000";"4,7474460000"
"202100020901";"5";"09";"2021";"01:05";"5";"31";"31446";"2";"1";"1";"6";"Avenue Tolosane";"43,5455360000";"1,4751990000"
"202100020902";"4";"09";"2021";"21:20";"3";"83";"83004";"1";"1";"1";"4";"A8";"43,4425900000";"6,4862680000"
"202100020903";"4";"09";"2021";"19:15";"1";"68";"68036";"1";"2";"7";"3";"Rue de la Graviere";"48,0444710000";"7,5320510000"
"202100020904";"2";"09";"2021";"19:50";"2";"83";"83086";"1";"1";"1";"7";"Route de Frejus";"43,4679920000";"6,5920540000"
"202100020905";"4";"09";"2021";"19:15";"1";"86";"86070";"1";"1";"1";"3";"D951";"46,5713490000";"0,7297000000"
"202100020906";"5";"09";"2021";"15:15";"1";"42";"42017";"1";"1";"1";"6";"D8.6";"45,3717000000";"4,5459150000"
"202100020907";"5";"09";"2021";"11:45";"1";"44";"44154";"2";"1";"1";"2";"Avenue du MarÃ©chal Foch";"47,2396690000";" -2,1690570000"
"202100020908";"4";"09";"2021";"17:05";"1";"77";"77425";"1";"1";"1";"7";"D64";"48,4369970000";"2,5918510000"
"202100020909";"5";"09";"2021";"17:40";"1";"56";"56255";"1";"1";"1";"1";"Lieu Dit Kerbourho - RD 775 - PK 43+300";"47,6962100000";" -2,6282400000"
"202100020910";"3";"09";"2021";"16:23";"1";"76";"76408";"2";"1";"1";"7";"Route des Hortensias";"49,6115300000";"0,3595880000"
"202100020911";"4";"09";"2021";"22:40";"3";"76";"76734";"1";"1";"1";"6";"CD 39";"49,6140050000";"0,2879830000"
"202100020912";"4";"09";"2021";"15:25";"1";"76";"76397";"2";"3";"1";"7";"Rue du Pont Saint-Pierre";"49,7925340000";"1,1087230000"
"202100020913";"5";"09";"2021";"17:00";"1";"79";"79123";"1";"2";"7";"3";"N/A";"46,7341450000";" -0,6699100000"
"202100020914";"4";"09";"2021";"16:15";"1";"82";"82037";"1";"1";"1";"6";"Chemin de Piboul";"44,1278910000";"1,5780720000"
"202100020915";"4";"09";"2021";"16:00";"1";"82";"82125";"1";"2";"1";"3";"D50 intersection route de borde basse et route de brials";"43,9323010000";"1,2518730000"
"202100020916";"3";"09";"2021";"11:00";"1";"65";"65017";"1";"1";"2";"2";"D 173";"42,7492500000";"0,1908340000"
"202100020917";"3";"09";"2021";"22:30";"3";"33";"33348";"2";"1";"1";"6";"Chemin du Corn";"45,3787510000";" -0,9990400000"
"202100020918";"4";"09";"2021";"17:15";"1";"71";"71014";"2";"3";"1";"6";"Boulevard Mazagran";"46,9551540000";"4,3049880000"
"202100020919";"4";"09";"2021";"18:50";"1";"12";"12280";"1";"4";"1";"6";"D18";"44,9024640000";"2,7532530000"
"202100020920";"5";"09";"2021";"03:15";"3";"47";"47069";"2";"1";"1";"4";"Route de Dangosse";"44,2166940000";"0,5986040000"
"202100020921";"4";"09";"2021";"17:05";"1";"34";"34071";"2";"1";"1";"6";"23 Avenue de la Chapelle";"43,8023930000";"3,1160850000"
"202100020922";"4";"09";"2021";"22:30";"3";"29";"29150";"1";"1";"1";"7";"Route de Brigneau";"47,7879310000";" -3,6696700000"
"202100020923";"4";"09";"2021";"19:30";"1";"29";"29146";"2";"1";"1";"3";"Route de la Boissiere";"47,9064610000";" -3,8382960000"
"202100020924";"5";"09";"2021";"11:05";"1";"29";"29036";"1";"2";"1";"3";"Croix Kerdudou";"48,2850872069";" -3,7434196472"
"202100020925";"5";"09";"2021";"09:48";"1";"02";"02258";"1";"4";"1";"3";"D 11";"49,1374030000";"3,1839320000"
"202100020926";"4";"09";"2021";"20:00";"1";"02";"02076";"1";"1";"1";"6";"d52";"49,3981480000";"4,0131430000"
"202100020927";"25";"08";"2021";"10:02";"1";"85";"85046";"1";"1";"1";"2";"A87";"46,7117344788";" -1,2841558456"
"202100020928";"5";"09";"2021";"07:00";"2";"70";"70478";"1";"1";"5";"1";"RN 57";"47,6805010000";"6,2536780000"
"202100020929";"5";"09";"2021";"03:00";"5";"70";"70176";"2";"1";"1";"6";"grande rue";"47,8916440000";"6,6208930000"
"202100020930";"4";"09";"2021";"17:00";"1";"70";"70198";"1";"1";"1";"6";"D70";"47,5659290000";"5,6924200000"