"Num_Acc";"jour";"mois";"an";"hrmn";"lum";"dep";"com";"agg";"int";"atm";"col";"adr";"lat";"long"
"202100020931";"4";"09";"2021";"14:15";"1";"58";"58059";"2";"1";"1";"3";"28 Avenue Gambetta";"47,1792090000";"3,0256070000"
"202100020932";"5";"09";"2021";"11:30";"1";"14";"14326";"1";"1";"1";"7";"D262";"49,1713650000";"0,3118980000"
"202100020933";"5";"09";"2021";"13:15";"1";"14";"14339";"2";"1";"1";"7";"Rue de l Eglise";"49,1283846000";" -0,3148470000"
"202100020934";"5";"09";"2021";"18:55";"1";"64";"64016";"1";"1";"1";"7";"D948";"43,1036700000";" -1,4218710000"
"202100020935";"5";"09";"2021";"07:30";"2";"73";"73241";"1";"1";"1";"7";"D925";"45,6106600000";"6,3155290000"
"202100020936";"3";"09";"2021";"07:15";"2";"73";"73151";"1";"5";"2";"3";"D1090";"45,5095399140";"6,0048233607"
"202100020937";"4";"09";"2021";"21:00";"3";"43";"43205";"1";"1";"1";"6";"la cotete";"45,3407740000";"4,3326580000"
"202100020938";"4";"09";"2021";"09:30";"1";"10";"10323";"2";"1";"1";"6";"1 rue de la boule d'or";"48,5193870000";"3,7264520000"
"202100020939";"26";"08";"2021";"16:55";"1";"24";"24147";"1";"4";"1";"3";"RD5";"45,2271360000";"0,9527150000"
"202100020940";"5";"09";"2021";"12:33";"1";"04";"04088";"1";"6";"1";"6";"RD 4100";"43,9522010000";"5,7714810000"
"202100020941";"4";"09";"2021";"19:00";"1";"28";"28059";"1";"1";"2";"6";"Lieu Dit Petite Fontaine";"48,6879400000";"1,0432340000"
"202100020942";"1";"09";"2021";"18:20";"1";"30";"30133";"2";"6";"1";"1";"Rue de l Altier";"43,5196840000";"4,1318710000"
"202100020943";"5";"09";"2021";"16:15";"1";"52";"52491";"1";"1";"1";"7";"Rue de Germay";"48,4219670000";"5,3095720000"
"202100020944";"5";"09";"2021";"02:35";"5";"08";"08448";"2";"9";"1";"7";"Rue de la Naux";"49,8726410000";"4,8080960000"
"202100020945";"16";"06";"2021";"18:45";"1";"26";"26057";"1";"1";"1";"4";"Autoroute A49";"45,0202770000";"5,0431540000"
"202100020946";"4";"09";"2021";"22:30";"3";"01";"01142";"1";"1";"7";"6";"A42";"45,8473320000";"5,0802520000"
"202100020947";"7";"08";"2021";"04:15";"3";"34";"34135";"1";"1";"1";"2";"Autoroute A9 pk 174+488";"43,2533300000";"3,1597710000"
"202100020948";"27";"08";"2021";"13:15";"1";"59";"59167";"1";"1";"1";"6";"A2 PK 36.000 sens BRUXELLES-PARIS";"50,2200173273";"3,2473061000"
"202100020949";"5";"09";"2021";"01:30";"3";"988";"98819";"1";"1";"1";"7";"St Jean Baptiste (Tribu)";" -20,4294560000";"164,4401510000"
"202100020950";"5";"09";"2021";"01:30";"3";"95";"95023";"1";"1";"8";"1";"RD 927";"49,1839400000";"2,1251030000"
"202100020951";"30";"08";"2021";"20:45";"2";"91";"91292";"1";"6";"1";"1";"D449";"48,5736260000";"2,2593640000"
"202100020952";"5";"09";"2021";"07:25";"2";"34";"34151";"1";"6";"5";"6";"D61";"43,5964070000";"4,1053780000"
"202100020953";"5";"09";"2021";"07:30";"1";"84";"84138";"1";"1";"1";"3";"route dÃ©partementale 941";"44,3916900000";"5,0290350000"
"202100020954";"5";"09";"2021";"13:00";"1";"06";"06065";"1";"1";"1";"1";"Route de Saint-Jeannet";"43,7369890000";"7,1504490000"
"202100020955";"5";"09";"2021";"02:30";"4";"89";"89055";"1";"1";"5";"6";"D84";"47,9728010000";"3,6132360000"
"202100020956";"5";"09";"2021";"16:45";"1";"68";"68298";"1";"1";"1";"1";"D48";"48,1973180000";"7,1258350000"
"202100020957";"3";"09";"2021";"18:45";"1";"67";"67361";"1";"1";"1";"7";"D226";"48,6979570000";"7,6636930000"
"202100020958";"3";"09";"2021";"18:50";"1";"67";"67348";"2";"6";"1";"6";"29 Rue du General Leclerc";"48,4658610000";"7,4903100000"
"202100020959";"4";"09";"2021";"18:30";"2";"74";"74082";"1";"1";"1";"7";"D45";"46,1250100000";"6,1659260000"
"202100020960";"5";"09";"2021";"15:47";"1";"73";"73123";"1";"1";"1";"1";"D909 Route du Col des Aravis";"45,8721520000";"6,4760920000"
"202100020961";"4";"09";"2021";"23:55";"3";"42";"42299";"1";"1";"1";"6";"Rue de Feurs";"45,6171180000";"4,0780470000"
"202100020962";"5";"09";"2021";"10:05";"1";"01";"01160";"1";"2";"1";"1";"Route de Meyrin";"46,2461590000";"6,0960040000"
"202100020963";"4";"09";"2021";"12:40";"1";"69";"69241";"1";"1";"1";"7";"DEPARTEMENTALE 42 (RTE)";"45,6210310000";"4,7137460000"
"202100020964";"4";"09";"2021";"14:25";"1";"69";"69255";"2";"3";"1";"3";"BORDEAUX (DE) (RTE)";"45,7369946755";"4,6841150921"
"202100020965";"26";"08";"2021";"13:25";"1";"17";"17161";"1";"2";"1";"3";"D735";"46,1895460000";" -1,3457720000"
"202100020966";"4";"09";"2021";"15:25";"1";"24";"24362";"1";"2";"1";"3";"Chemin de Puychambaud";"44,9875565698";"0,8294034004"
"202100020967";"5";"09";"2021";"01:15";"3";"33";"33256";"1";"2";"1";"3";"pk 74 D2";"44,9848690000";" -0,6215750000"
"202100020968";"5";"09";"2021";"16:00";"1";"53";"53175";"1";"1";"1";"6";"RD 130";"48,0326560000";" -0,6640830000"
"202100020969";"5";"09";"2021";"10:35";"1";"14";"14562";"2";"1";"1";"6";"Avenue du General Koenig";"49,3274720000";" -0,3908240000"
"202100020970";"3";"09";"2021";"16:50";"1";"22";"22093";"2";"1";"1";"6";"Rue de l OrÃ©e";"48,4636170000";" -2,4224530000"
"202100020971";"5";"09";"2021";"17:00";"1";"62";"62806";"2";"3";"1";"3";"Route du Chatelet";"50,8663980000";"1,6296630000"
"202100020972";"4";"09";"2021";"15:20";"1";"13";"13005";"1";"1";"1";"1";"A50 - Sens Aubagne vers Marseille";"43,2812630000";"5,5817880000"
"202100020973";"4";"09";"2021";"06:19";"2";"13";"13215";"1";"1";"2";"2";"A7-Sens Lyon vers Marseille";"43,3648000000";"5,3603000000"
"202100020974";"3";"09";"2021";"11:50";"1";"13";"13055";"1";"1";"1";"4";"A507 sens Aubagne- Marseille";"43,3380000000";"5,3780000000"
"202100020975";"3";"09";"2021";"18:00";"1";"13";"13001";"1";"1";"2";"2";"A51-Sens Marseille vers Aix en Provence";"43,5300300000";"5,4284300000"
"202100020976";"3";"09";"2021";"23:35";"5";"33";"33550";"1";"1";"1";"6";"ROCADE A 630";"44,7832640000";" -0,5876120000"
"202100020977";"4";"09";"2021";"15:30";"1";"91";"91235";"1";"1";"1";"2";"RN 104";"48,6257920000";"2,3591480000"
"202100020978";"3";"09";"2021";"22:58";"3";"91";"91471";"1";"1";"1";"3";"RD 188 CHEVREUSE";"48,6922070000";"2,1771460000"
"202100020979";"4";"09";"2021";"19:25";"1";"78";"78007";"1";"1";"2";"6";"A13W";"48,9011590000";"2,0050810000"
"202100020980";"4";"09";"2021";"15:00";"1";"78";"78043";"1";"1";"1";"7";"A12 Y";"48,8249610000";"2,0744860000"
"202100020981";"4";"09";"2021";"13:20";"1";"78";"78545";"1";"1";"1";"4";"A12 Y";"48,8164260000";"2,0629160000"
"202100020982";"4";"09";"2021";"13:20";"1";"93";"93066";"1";"1";"1";"4";"AUTOROUTE A86";"48,9224600000";"2,3548500000"
"202100020983";"4";"09";"2021";"09:00";"1";"95";"95488";"1";"1";"2";"6";" A15";"49,0123300000";"2,1503800000"
"202100020984";"3";"09";"2021";"09:00";"1";"93";"93006";"1";"1";"1";"2";"AUTOROUTE A3";"48,8671900000";"2,4263400000"
"202100020985";"3";"09";"2021";"08:35";"1";"95";"95582";"1";"1";"1";"2";"A15";"48,9649800000";"2,2610800000"
"202100020986";"3";"09";"2021";"08:10";"1";"95";"95582";"1";"1";"1";"3";"A15";"48,9634700000";"2,2644600000"
"202100020987";"3";"09";"2021";"03:45";"5";"69";"69259";"2";"1";"2";"6";"11 NOVEMBRE 1918 (DU) (AV)";"45,6886966469";"4,8633410259"
"202100020988";"2";"09";"2021";"11:30";"1";"95";"95203";"2";"6";"1";"1";"Rue Pierre Baudin";"49,0008100000";"2,2689200000"
"202100020989";"3";"09";"2021";"17:00";"1";"54";"54482";"2";"1";"7";"6";"LECLERC (AVENUE DU GENERAL)";"48,7058500000";"6,2033100000"
"202100020990";"13";"08";"2021";"13:10";"1";"30";"30189";"2";"1";"1";"6";"ANTONIN (SQUARE)";"43,8393000000";"4,3551700000"
"202100020991";"3";"09";"2021";"16:15";"1";"94";"94067";"2";"1";"1";"3";"GENERAL DE GAULLE (AV DU)";"48,8408386162";"2,4175787118"
"202100020992";"11";"05";"2021";"10:30";"1";"02";"02408";"2";"1";"1";"6";"BROSSOLETTE (BOULEVARD PIERRE)";"49,5691400000";"3,6187500000"
"202100020993";"3";"09";"2021";"14:35";"1";"974";"97411";"2";"1";"1";"1";"KENTIAS (ALLEE DES)";" -20,9079400000";"55,4807900000"
"202100020994";"2";"09";"2021";"17:30";"1";"974";"97407";"1";"1";"1";"5";"ROUTE NATIONALE NÂ° 1";" -20,9573500000";"55,3164500000"
"202100020995";"31";"08";"2021";"20:30";"5";"973";"97302";"2";"2";"1";"3";"NEGRES MARONS (RUE DES) CITE BONHOMME";"4,9215077646";" -52,3193796874"
"202100020996";"3";"09";"2021";"23:30";"5";"69";"69382";"2";"2";"1";"3";"JULES COURMONT (Q)";"45,7601000000";"4,8379000000"
"202100020997";"3";"09";"2021";"19:20";"1";"69";"69386";"2";"1";"2";"2";"MONTGOLFIER (R)";"45,7723400000";"4,8534800000"
"202100020998";"3";"09";"2021";"13:45";"1";"69";"69387";"2";"3";"1";"3";"CLAUDE BERNARD (Q)";"45,7547100000";"4,8392800000"
"202100020999";"24";"06";"2021";"18:20";"1";"69";"69387";"2";"1";"1";"1";"TONY GARNIER (AV)";"45,7315100000";"4,8241500000"
"202100021000";"3";"09";"2021";"12:45";"1";"69";"69387";"2";"1";"1";"6";"LECLERC (AV)";"45,7387200000";"4,8251200000"
"202100021001";"3";"09";"2021";"16:30";"1";"971";"97101";"1";"1";"1";"3";"ROUTE DE COMA";"16,2737892088";" -61,4691305812"
"202100021002";"3";"09";"2021";"07:45";"1";"971";"97105";"2";"1";"1";"3";"FELIX EBOUE (BOULVARD G.GENERAL)";"15,9925700000";" -61,7278200000"
"202100021003";"3";"09";"2021";"21:18";"3";"95";"95018";"1";"1";"1";"6";"RD 311";"48,9444400000";"2,2605880000"
"202100021004";"3";"09";"2021";"12:25";"1";"91";"91691";"2";"4";"1";"3";"PAUL DOUMER(RUE)";"48,7162000000";"2,5029300000"
"202100021005";"3";"09";"2021";"12:13";"1";"91";"91114";"2";"1";"1";"2";"RUE DES GLAISES";"48,6983470000";"2,4889800000"
"202100021006";"3";"09";"2021";"08:00";"1";"91";"91691";"2";"6";"1";"3";"PASTEUR (ROND POINT)";"48,6944840000";"2,4828560000"
"202100021007";"3";"09";"2021";"08:40";"1";"91";"91687";"2";"9";"1";"3";"PLATANES (AVENUE DES)";"48,6505300000";"2,3641100000"
"202100021008";"3";"09";"2021";"00:55";"5";"91";"91377";"2";"1";"1";"3";"SERGENT (RUE LUCIEN)";"48,7310910000";"2,2611320000"
"202100021009";"3";"09";"2021";"16:00";"1";"86";"86041";"1";"1";"1";"4";"N147";"46,6087400000";"0,3917620000"
"202100021010";"31";"08";"2021";"18:00";"1";"83";"83062";"2";"1";"1";"3";"PAGNOL (CHEMIN MARCEL)";"43,1222542163";"5,9917083525"
"202100021011";"3";"09";"2021";"21:15";"2";"81";"81004";"2";"2";"1";"3";"LANNES (BD DU MARECHAL)";"43,9430200000";"2,1499700000"
"202100021012";"2";"09";"2021";"17:15";"1";"78";"78490";"2";"1";"7";"6";"CURIE (RUE PIERRE)";"48,8010230000";"1,9815170000"
"202100021013";"2";"09";"2021";"20:25";"1";"77";"77368";"1";"1";"1";"6";"D1E";"48,5431800000";"3,2867900000"
"202100021014";"2";"09";"2021";"20:37";"3";"77";"77114";"2";"3";"1";"1";"D216";"48,7227510000";"2,6538530000"
"202100021015";"29";"08";"2021";"16:46";"1";"77";"77186";"1";"1";"1";"6";"RD 409 panneau ONF Ã  LIBERATION";"48,4135430000";"2,6447310000"
"202100021016";"1";"09";"2021";"21:15";"2";"77";"77186";"1";"1";"1";"6";"D138";"48,4538800000";"2,7057800000"
"202100021017";"3";"09";"2021";"16:40";"1";"76";"76498";"2";"3";"1";"6";"Rue Jacquard";"49,4303100000";"1,0538000000"
"202100021018";"31";"08";"2021";"08:30";"1";"76";"76351";"2";"1";"1";"2";"ETRETAT (D')";"49,4978060000";"0,0964670000"
"202100021019";"3";"09";"2021";"22:25";"5";"72";"72181";"2";"1";"1";"1";"HUGO VICTOR (RUE) HORS JARDIN PUBLIQUE";"47,9994800000";"0,1997500000"
"202100021020";"3";"09";"2021";"08:35";"1";"72";"72181";"2";"1";"1";"6";"SAVORGNAN DE BRAZZA (AV) NÂ° PAIRS";"48,0144000000";"0,2216700000"
"202100021021";"3";"09";"2021";"10:50";"1";"71";"71040";"2";"4";"1";"3";"GRANDES BRUYERES (RUE DES )";"46,7017528592";"4,4015577205"
"202100021022";"2";"09";"2021";"10:00";"1";"67";"67447";"2";"1";"7";"3";"COPENHAGUE (RUE DE)";"48,6113400000";"7,7170000000"
"202100021023";"2";"09";"2021";"10:54";"1";"66";"66136";"1";"6";"1";"3";"euro-mÃ©diterranÃ©e";"42,6700900000";"2,8584400000"
"202100021024";"3";"09";"2021";"18:45";"1";"64";"64545";"2";"1";"1";"4";"RD810";"43,3705593268";" -1,6824341660"
"202100021025";"3";"09";"2021";"08:45";"1";"64";"64445";"2";"3";"2";"3";"TRESPOEY DE";"43,2983800000";" -0,3576800000"
"202100021026";"2";"09";"2021";"14:25";"1";"64";"64132";"1";"1";"1";"6";"COMMANDANT RENE MOUCHOTTE DU";"43,3030000000";" -0,3229400000"
"202100021027";"2";"09";"2021";"21:40";"5";"64";"64024";"2";"9";"3";"7";"Avenue de Bayonne";"43,4806440983";" -1,5140989423"
"202100021028";"2";"09";"2021";"19:45";"1";"64";"64102";"2";"1";"1";"7";"PIECE NOYEE (ROND POINT DE LA)";"43,4989800000";" -1,4813800000"
"202100021029";"1";"09";"2021";"13:40";"1";"64";"64102";"2";"1";"1";"3";"BASQUE (AVENUE DU GRAND)";"43,4882700000";" -1,4598200000"
"202100021030";"3";"09";"2021";"13:30";"1";"59";"59421";"2";"1";"1";"2";"TOURCOING (RUE DE)";"50,7108410000";"3,1341700000"
"202100021031";"3";"09";"2021";"08:50";"1";"59";"59152";"2";"2";"1";"3";"FRIOUL (IMPASSE)";"50,7566266074";"2,9888418317"
"202100021032";"3";"09";"2021";"08:38";"1";"59";"59512";"2";"1";"1";"3";"DUBOIS(RUE)";"50,6908000000";"3,1695000000"
"202100021033";"2";"09";"2021";"12:00";"1";"59";"59350";"2";"1";"1";"3";"DUNKERQUE AVENUE DE";"50,6466200000";"3,0081000000"
"202100021034";"3";"09";"2021";"08:50";"1";"56";"56260";"2";"9";"1";"3";"POMPIDOU (AVENUE GEORGES)";"47,6700900000";" -2,7699900000"
"202100021035";"3";"09";"2021";"08:20";"1";"56";"56121";"2";"1";"1";"2";"KERMELO (PONT)";"47,7316900000";" -3,3862400000"
"202100021036";"1";"09";"2021";"19:25";"1";"56";"56098";"2";"3";"1";"1";"DJIBAOU (RUE  JEAN-MARIE )";"47,7769000000";" -3,3568200000"
"202100021037";"1";"09";"2021";"17:25";"1";"56";"56098";"2";"3";"1";"3";"BOLLARDIERE (RUE  GEN. DE )";"47,7778800000";" -3,3413800000"
"202100021038";"31";"08";"2021";"18:15";"1";"56";"56121";"2";"1";"1";"2";"COSMAO-DUMANOIR ( BD )";"47,7546200000";" -3,3643800000"
"202100021039";"2";"09";"2021";"01:25";"3";"55";"55545";"1";"1";"1";"1";"PRE L'EVEQUE ( ALLEE DU )";"49,1549100000";"5,3794900000"
"202100021040";"2";"09";"2021";"16:40";"1";"55";"55545";"2";"1";"1";"5";"PIERRE DEMATHIEU";"49,1617100000";"5,3717510000"
"202100021041";"3";"09";"2021";"14:00";"1";"54";"54395";"2";"1";"1";"3";"MOLITOR (RUE)";"48,6859980951";"6,1974511296"
"202100021042";"3";"09";"2021";"19:22";"1";"49";"49007";"2";"1";"1";"6";"BARRE CITE ET RUE";"47,4720800000";" -0,5901900000"
"202100021043";"1";"09";"2021";"08:19";"1";"49";"49267";"2";"1";"1";"6";"BRETONNIERES BOULEVARD";"47,4780200000";" -0,5143700000"
"202100021044";"3";"09";"2021";"10:42";"1";"49";"49246";"2";"1";"1";"2";"GALLIENI AVENUE";"47,4345400000";" -0,5250500000"
"202100021045";"2";"09";"2021";"12:49";"1";"49";"49007";"2";"1";"1";"3";"BEDIER BOULEVARD";"47,4518700000";" -0,5437600000"
"202100021046";"2";"09";"2021";"21:25";"5";"47";"47032";"2";"1";"1";"2";"RD813";"44,1928900000";"0,6465500000"
"202100021047";"3";"09";"2021";"17:20";"1";"44";"44109";"2";"6";"1";"3";"BOULEVARD DE LA CHAUVINIERE";"47,2502600000";" -1,5689200000"
"202100021048";"28";"08";"2021";"19:10";"1";"41";"41018";"2";"1";"8";"4";"FRANCE (AVENUE DE)  1";"47,5998000000";"1,3194100000"
"202100021049";"27";"08";"2021";"17:50";"1";"41";"41018";"1";"1";"1";"3";"CHATEAU-RENAULT (ROUTE DE)";"47,5846600000";"1,3174300000"
"202100021050";"2";"09";"2021";"09:55";"1";"41";"41295";"1";"1";"1";"3";"D951";"47,6082600000";"1,3785700000"
"202100021051";"2";"09";"2021";"03:00";"3";"41";"41212";"2";"6";"1";"7";"PATTE D'OIE (rond point)";"47,5613800000";"1,3731500000"
"202100021052";"3";"09";"2021";"07:50";"1";"37";"37233";"2";"1";"1";"6";"JAURES (BOULEVARD JEAN)";"47,3942721793";"0,7257724606"
"202100021053";"3";"09";"2021";"15:50";"1";"35";"35281";"2";"2";"1";"2";"DODIN (AVENUE ROGER)";"48,0868300000";" -1,7069800000"
"202100021054";"3";"09";"2021";"08:15";"1";"34";"34172";"2";"1";"1";"1";"FLAHAULT (AVENUE CHARLES";"43,6254300000";"3,8608200000"
"202100021055";"3";"09";"2021";"12:30";"1";"33";"33009";"2";"1";"1";"1";"LORENTZ-MONOD (ALL. DR)";"44,6541800000";" -1,1652100000"
"202100021056";"3";"09";"2021";"18:20";"1";"31";"31555";"2";"1";"1";"3";"NARBONNE (ROUTE DE)";"43,5690100000";"1,4565100000"
"202100021057";"2";"09";"2021";"17:40";"1";"31";"31555";"2";"1";"1";"7";"RUE DU FAUBOURG BONNEFOY";"43,6263600000";"1,4590300000"
"202100021058";"30";"08";"2021";"08:50";"1";"30";"30189";"1";"1";"1";"7";"UZES (ROUTE D')";"43,8819000000";"4,3790000000"
"202100021059";"27";"08";"2021";"09:10";"1";"30";"30189";"1";"1";"1";"1";"CANAUX (CHEMIN)";"43,7856000000";"4,3585000000"
"202100021060";"14";"08";"2021";"20:30";"2";"30";"30189";"2";"3";"1";"3";"BEAUCAIRE (ROUTE)";"43,8383000000";"4,3730000000"
"202100021061";"4";"09";"2021";"02:18";"4";"29";"29232";"1";"1";"1";"6";"D39 - Route de Plogonnec";"48,0181840688";" -4,0972263053"
"202100021062";"3";"09";"2021";"14:30";"1";"29";"29232";"2";"9";"1";"3";"Rond point de Kerustum";"47,9788800000";" -4,0947300000"
"202100021063";"3";"09";"2021";"23:00";"5";"27";"27229";"2";"1";"1";"6";"BUFFARDIERE (BOULEVARD DE LA)";"49,0209341390";"1,1413782272"
"202100021064";"3";"09";"2021";"08:20";"1";"27";"27684";"2";"6";"1";"3";"COCHEREL (RUE DE)";"49,0152900000";"1,1870900000"
"202100021065";"3";"09";"2021";"19:30";"1";"26";"26362";"2";"1";"1";"2";"Avenue de Provence";"44,9129930000";"4,8778650000"
"202100021066";"2";"09";"2021";"17:20";"1";"25";"25056";"2";"1";"1";"3";"ALLENDE  BOULEVARD SALVADOR";"47,2207000000";"5,9788600000"
"202100021067";"2";"09";"2021";"14:15";"1";"23";"23096";"2";"1";"1";"3";"CHARLES DE GAULLE (AVENUE)";"46,1698500000";"1,8744400000"
"202100021068";"3";"09";"2021";"14:35";"1";"17";"17306";"2";"2";"1";"3";"CENDRILLES (DES)";"45,6490000000";" -1,0398000000"
"202100021069";"3";"09";"2021";"16:15";"1";"14";"14327";"2";"2";"1";"3";"LION CD60 (ROUTE DE)";"49,2128100000";" -0,3421500000"
"202100021070";"3";"09";"2021";"15:25";"1";"14";"14118";"2";"1";"1";"6";"Place Saint-Pierre";"49,1839900000";" -0,3614500000"
"202100021071";"3";"09";"2021";"13:20";"1";"14";"14327";"2";"1";"1";"3";"N/A";"49,2061810000";" -0,3497870000"
"202100021072";"3";"09";"2021";"09:09";"1";"14";"14137";"2";"9";"7";"1";"Rue de Bellevue";"49,1913000000";" -0,4310400000"
"202100021073";"2";"09";"2021";"13:35";"1";"14";"14327";"1";"1";"1";"3";"Avenue des Canadiens";"49,1931760000";" -0,3191320000"
"202100021074";"2";"09";"2021";"23:10";"5";"13";"13207";"2";"2";"1";"5";"CORSE (AVENUE DE LA)";"43,2898500000";"5,3663000000"
"202100021075";"3";"09";"2021";"20:00";"2";"13";"13047";"1";"1";"1";"1";"D.51";"43,4839400000";"4,9660100000"
"202100021076";"30";"08";"2021";"18:50";"1";"12";"12145";"2";"2";"1";"3";"JAURES JEAN (AVENUE)";"44,1043200000";"3,0800300000"
"202100021077";"1";"09";"2021";"12:45";"1";"11";"11262";"2";"1";"1";"6";"COURSAN (ANCIENNE ROUTE DE)";"43,2008700000";"3,0121900000"
"202100021078";"3";"09";"2021";"12:06";"1";"06";"06069";"2";"1";"1";"3";"SEMARD (AVENUE PIERRE)";"43,6560300000";"6,9250800000"
"202100021079";"3";"09";"2021";"18:00";"1";"06";"06123";"2";"3";"1";"3";"PAGNOL MARCEL BOULEVARD";"43,6734100000";"7,1898100000"
"202100021080";"3";"09";"2021";"12:14";"1";"06";"06004";"1";"1";"1";"2";"RD6098";"43,6036540000";"7,1255220000"
"202100021081";"3";"09";"2021";"09:05";"1";"75";"75105";"2";"7";"1";"2";"PLACE VALHUBERT";"48,8448000000";"2,3640170000"
"202100021082";"3";"09";"2021";"15:20";"1";"75";"75119";"2";"3";"1";"2";"BOULEVARD DE LA COMMANDERIE";"48,9016789513";"2,3854727518"
"202100021083";"3";"09";"2021";"14:05";"1";"75";"75118";"2";"7";"1";"3";"RUE DE LA CHAPELLE";"48,8950931797";"2,3593410537"
"202100021084";"3";"09";"2021";"09:55";"1";"75";"75118";"2";"4";"1";"3";"AVENUE DE LA PORTE DE CLIGNANCOURT";"48,9007100000";"2,3442610000"
"202100021085";"3";"09";"2021";"07:45";"1";"75";"75118";"2";"2";"1";"2";"BOULEVARD BARBES";"48,8865360000";"2,3495550000"
"202100021086";"3";"09";"2021";"15:55";"1";"75";"75117";"2";"3";"1";"3";"RUE DE COURCELLES";"48,8800830000";"2,3021910000"
"202100021087";"3";"09";"2021";"01:00";"5";"75";"75117";"2";"1";"1";"3";"AVENUE DE VILLIERS";"48,8845780000";"2,3002190000"
"202100021088";"1";"09";"2021";"22:30";"5";"75";"75117";"2";"7";"1";"3";"PLACE D ISRAEL";"48,8852183164";"2,3033724725"
"202100021089";"3";"09";"2021";"18:00";"1";"75";"75116";"2";"3";"1";"3";"ROUTE DU POINT DU JOUR A BAGATELLE";"48,8670850000";"2,2492700000"
"202100021090";"3";"09";"2021";"14:00";"1";"75";"75116";"2";"2";"1";"3";"ALLEE DU BORD DE L EAU";"48,8761310000";"2,2463590000"
"202100021091";"3";"09";"2021";"11:15";"1";"75";"75116";"2";"2";"1";"6";"PONT DE L ALMA";"48,8641920000";"2,3015550000"
"202100021092";"3";"09";"2021";"12:51";"1";"75";"75115";"2";"1";"1";"3";"RUE LINOIS";"48,8481850000";"2,2833950000"
"202100021093";"3";"09";"2021";"12:45";"1";"75";"75115";"2";"2";"1";"3";"RUE DE VOUILLE";"48,8347250000";"2,3051740000"
"202100021094";"2";"09";"2021";"18:20";"1";"75";"75114";"2";"7";"1";"6";"AVENUE DU MAINE";"48,8280351099";"2,3268011174"
"202100021095";"3";"09";"2021";"17:10";"1";"75";"75112";"2";"5";"1";"3";"RUE DE LYON";"48,8466560000";"2,3720520000"
"202100021096";"3";"09";"2021";"18:15";"1";"75";"75110";"2";"4";"1";"6";"BOULEVARD DE MAGENTA";"48,8690190000";"2,3625290000"
"202100021097";"3";"09";"2021";"17:30";"1";"75";"75110";"2";"2";"1";"6";"RUE D HAUTEVILLE";"48,8753240000";"2,3509240000"
"202100021098";"3";"09";"2021";"18:20";"1";"75";"75108";"2";"3";"1";"3";"AVENUE DES CHAMPS ELYSEES";"48,8713910000";"2,3026210000"
"202100021099";"1";"09";"2021";"13:35";"1";"75";"75108";"2";"2";"1";"5";"BOULEVARD DES BATIGNOLLES";"48,8830000000";"2,3254440000"
"202100021100";"3";"09";"2021";"18:45";"1";"75";"75102";"2";"2";"1";"3";"BOULEVARD DE SEBASTOPOL";"48,8678930000";"2,3534570000"
"202100021101";"2";"09";"2021";"18:40";"1";"94";"94044";"2";"6";"1";"6";"Rue EugÃ¨ne Varlin";"48,7423100000";"2,4912000000"
"202100021102";"3";"09";"2021";"08:45";"2";"94";"94068";"2";"2";"1";"3";"Boulevard de CrÃ©teil";"48,7980100000";"2,4898600000"
"202100021103";"3";"09";"2021";"11:35";"1";"94";"94042";"2";"1";"1";"3";"Rue Jean Mermoz";"48,8202100000";"2,4657500000"
"202100021104";"3";"09";"2021";"08:50";"1";"94";"94076";"2";"2";"1";"3";"REPUBLIQUE (AV DE LA)";"48,7884200000";"2,3615900000"
"202100021105";"2";"09";"2021";"19:35";"1";"94";"94076";"2";"1";"1";"6";"JEAN MERMOZ (R)";"48,7927100000";"2,3592700000"
"202100021106";"3";"09";"2021";"18:30";"1";"94";"94073";"2";"1";"1";"6";"Av du Mal de Lattre de Tassigny";"48,7540000000";"2,4051900000"
"202100021107";"3";"09";"2021";"20:50";"3";"94";"94028";"2";"9";"1";"3";"Route de la Pompadour";"48,7724500000";"2,4331800000"
"202100021108";"3";"09";"2021";"14:10";"1";"94";"94028";"2";"1";"1";"1";"MESLY.(RUE DE)";"48,7890200000";"2,4614800000"
"202100021109";"2";"09";"2021";"21:00";"5";"94";"94081";"2";"2";"1";"3";"ROUGET DE L ISLE (AV)";"48,7782000000";"2,3965000000"
"202100021110";"2";"09";"2021";"16:00";"1";"94";"94022";"2";"8";"1";"6";"STALINGRAD (BD DE)";"48,7708000000";"2,4014700000"
"202100021111";"3";"09";"2021";"13:35";"1";"94";"94071";"2";"2";"1";"3";"Avenue Georges Pompidou";"48,7714500000";"2,5249800000"
"202100021112";"3";"09";"2021";"19:30";"2";"93";"93066";"2";"2";"1";"3";"Rue Henri Barbusse / Domaine Montjoie";"48,9433100000";"2,3722900000"
"202100021113";"2";"09";"2021";"22:15";"3";"93";"93066";"2";"1";"1";"4";"Avenue Paul Vaillant-Couturier";"48,9321420000";"2,3650750000"
"202100021114";"3";"09";"2021";"16:45";"1";"93";"93077";"2";"3";"1";"3";"Rue de la Montagne Savart / Grande Rue";"48,8826630000";"2,5181250000"
"202100021115";"3";"09";"2021";"10:15";"1";"93";"93006";"2";"1";"1";"3";"Avenue de la RÃ©publique";"48,8623400000";"2,4161300000"
"202100021116";"29";"08";"2021";"01:40";"5";"93";"93014";"2";"2";"1";"3";"GAGARINE (BOULEVARD)";"48,9052100000";"2,5423500000"
"202100021117";"3";"09";"2021";"11:00";"1";"92";"92072";"2";"1";"1";"6";"SAINT CLOUD (RUE DE)";"48,8295943237";"2,2239992023"
"202100021118";"3";"09";"2021";"11:20";"1";"92";"92077";"2";"1";"1";"3";"SEVRES (RUE DE)";"48,8264814396";"2,1909597993"
"202100021119";"2";"09";"2021";"16:50";"1";"92";"92022";"2";"1";"1";"6";"JOUY (RUE DE)";"48,7998577778";"2,1859601824"