"Num_Acc";"jour";"mois";"an";"hrmn";"lum";"dep";"com";"agg";"int";"atm";"col";"adr";"lat";"long"
"202100021120";"3";"09";"2021";"05:20";"5";"92";"92020";"2";"1";"1";"6";"VERDUN AVENUE DE AUTRES NÂ°";"48,8006200000";"2,2834000000"
"202100021121";"3";"09";"2021";"08:40";"1";"92";"92024";"2";"1";"1";"2";"ASNIERES (PONT D')";"48,9036012709";"2,2893887758"
"202100021122";"3";"09";"2021";"21:20";"5";"92";"92004";"2";"1";"1";"2";"AULAGNIER ( QUAI )";"48,9174500000";"2,3199300000"
"202100021123";"31";"08";"2021";"19:20";"2";"92";"92004";"2";"1";"1";"6";"OLYMPE DE GOUGES (RUE)";"48,9179600000";"2,3190200000"
"202100021124";"3";"09";"2021";"20:30";"2";"35";"35167";"1";"1";"1";"3";"Route dÃ©partementale 173";"47,8433981235";" -1,3307331235"
"202100021125";"4";"09";"2021";"12:45";"1";"80";"80296";"1";"1";"1";"7";"Autoroute A16 - PK151.5";"50,0340440000";"2,0475770000"
"202100021126";"3";"09";"2021";"20:20";"1";"17";"17193";"2";"2";"1";"3";"Rue Nationale";"46,1289770000";" -1,0684740000"
"202100021127";"4";"09";"2021";"01:57";"3";"972";"97232";"1";"1";"1";"6";"6u Quartier Puyferrat";"14,5044110000";" -60,8441220000"
"202100021128";"3";"09";"2021";"20:17";"3";"86";"86239";"1";"3";"1";"3";"Route dÃ©partementale 2";"46,6118180000";"0,6927820000"
"202100021129";"4";"09";"2021";"16:30";"1";"51";"51326";"2";"2";"1";"3";"Rue du GÃ©nÃ©ral de Gaulle";"49,1123240000";"4,3095370000"
"202100021130";"4";"09";"2021";"18:00";"1";"79";"79074";"1";"1";"1";"6";"N/A";"46,1225310000";"0,0640880000"
"202100021131";"2";"09";"2021";"22:15";"3";"41";"41007";"2";"1";"1";"6";"12 Rue de GÃ¢tine";"47,6423640000";"0,8923470000"
"202100021132";"4";"09";"2021";"10:00";"1";"34";"34270";"2";"2";"1";"1";"Avenue de la Condamine";"43,5710130000";"3,8474410000"
"202100021133";"3";"09";"2021";"12:35";"1";"51";"51447";"1";"1";"1";"2";"D931";"49,1961453973";"4,3335390900"
"202100021134";"3";"09";"2021";"17:18";"1";"56";"56219";"1";"2";"1";"3";"La Croix Neuve";"47,7833350000";" -2,5231060000"
"202100021135";"4";"09";"2021";"10:40";"1";"77";"77355";"1";"1";"1";"1";"D403";"48,4829780000";"3,1913350000"
"202100021136";"3";"09";"2021";"20:45";"5";"80";"80250";"1";"1";"1";"6";"chemin des 4 routes";"50,2129260000";"1,9118890000"
"202100021137";"3";"09";"2021";"20:15";"1";"80";"80039";"2";"1";"1";"6";"Rue d Eu";"50,0907550000";"1,4480710000"
"202100021138";"3";"09";"2021";"21:25";"3";"63";"63454";"1";"1";"5";"1";"D906";"45,6375030000";"3,7094520000"
"202100021139";"3";"09";"2021";"18:10";"1";"68";"68312";"1";"1";"1";"6";"Hippoltskirch";"47,4737800000";"7,3414850000"
"202100021140";"3";"09";"2021";"16:50";"1";"44";"44072";"1";"3";"1";"3";"D47 KerlibÃ©rin";"47,4291760000";" -2,3087170000"
"202100021141";"1";"09";"2021";"18:50";"1";"29";"29217";"1";"3";"1";"3";"Route de Concarneau";"47,8563150000";" -3,7604190000"
"202100021142";"3";"09";"2021";"11:45";"1";"29";"29062";"1";"3";"1";"7";"D785 - LanvÃ©guen";"48,1772800000";" -3,9871630000"
"202100021143";"4";"09";"2021";"03:45";"3";"31";"31100";"1";"1";"1";"6";"D11";"43,3143430000";"1,6243030000"
"202100021144";"4";"09";"2021";"00:55";"3";"38";"38189";"1";"1";"1";"7";"D518z";"45,6394730000";"5,0452780000"
"202100021145";"3";"09";"2021";"18:30";"1";"38";"38399";"1";"1";"8";"1";"CD518";"45,4866430000";"5,1514080000"
"202100021146";"3";"09";"2021";"20:54";"3";"85";"85202";"1";"1";"3";"6";"A83";"46,7514283663";" -1,1657819152"
"202100021147";"3";"09";"2021";"09:30";"1";"70";"70210";"1";"1";"1";"1";"D.73";"47,7904320000";"6,5618900000"
"202100021148";"4";"09";"2021";"14:02";"1";"26";"26308";"1";"1";"1";"1";"Route de Sainte-Croix";"44,8318720000";"5,2817920000"
"202100021149";"3";"09";"2021";"20:30";"1";"50";"50215";"1";"2";"1";"3";"D650";"49,1290220000";" -1,5904210000"
"202100021150";"4";"09";"2021";"00:50";"3";"64";"64274";"1";"1";"1";"7";"D15";"43,1759340000";" -1,2946610000"
"202100021151";"4";"09";"2021";"11:55";"1";"43";"43268";"1";"2";"1";"5";"D105";"45,1643990000";"4,1540980000"
"202100021152";"4";"09";"2021";"11:20";"1";"43";"43241";"2";"9";"1";"6";"Agizoux";"44,9505170000";"3,8898360000"
"202100021153";"4";"09";"2021";"08:00";"1";"10";"10359";"1";"1";"1";"1";"N77";"48,1332440000";"3,9833590000"
"202100021154";"3";"09";"2021";"12:10";"1";"07";"07349";"2";"3";"1";"3";"Avenue du 11 Novembre";"44,8119800000";"4,7890310000"
"202100021155";"3";"09";"2021";"21:20";"3";"40";"40255";"2";"1";"1";"7";"820 Route de Maureilhan";"43,8985470000";" -0,3443650000"
"202100021156";"24";"08";"2021";"17:00";"1";"17";"17236";"2";"1";"1";"6";"25 Cite Pechevre";"45,3687470000";" -0,5691680000"
"202100021157";"3";"09";"2021";"17:00";"1";"88";"88225";"1";"1";"1";"2";"La HoussiÃ¨re";"48,0703050000";"6,4495970000"
"202100021158";"4";"09";"2021";"18:55";"1";"13";"13050";"1";"1";"1";"2";"D15";"43,6505320000";"5,2317350000"
"202100021159";"3";"09";"2021";"12:00";"1";"38";"38193";"2";"1";"1";"2";"Avenue de Elche";"45,6177780000";"5,2393410000"
"202100021160";"4";"09";"2021";"02:00";"3";"95";"95678";"2";"1";"1";"6";"Chemin de Beaumont";"49,0744000000";"2,2438500000"
"202100021161";"4";"09";"2021";"03:45";"3";"69";"69280";"1";"1";"1";"2";"A432 pk018+000 sens N/S";"45,7886990000";"5,0794390000"
"202100021162";"2";"09";"2021";"15:15";"1";"987";"98715";"2";"1";"1";"1";"Rond-point de MÃ©tÃ©o France";" -17,5845220000";" -149,5685780000"
"202100021163";"3";"09";"2021";"16:00";"1";"971";"97103";"2";"1";"1";"2";"echangeur convenance RN1";"16,2386560000";" -61,5886900000"
"202100021164";"3";"09";"2021";"16:10";"1";"59";"59593";"1";"1";"1";"2";"Autoroute A2, Pk 36+800, sens Buxelles/Paris";"50,2323970000";"3,2796390000"
"202100021165";"3";"09";"2021";"20:00";"3";"973";"97303";"1";"1";"1";"1";"RN 1 - PK 173";"5,5386710000";" -53,4186760000"
"202100021166";"3";"09";"2021";"16:27";"1";"971";"97122";"2";"1";"1";"1";"Pichon";"16,4207310000";" -61,4726040000"
"202100021167";"3";"09";"2021";"07:00";"1";"971";"97128";"1";"1";"1";"6";"Route du Moule";"16,3001580000";" -61,3674510000"
"202100021168";"3";"09";"2021";"22:50";"5";"971";"97129";"2";"1";"1";"7";"Rue de Depot";"16,3195060000";" -61,6847240000"
"202100021169";"4";"09";"2021";"18:12";"1";"29";"29233";"2";"1";"1";"2";"Boulevard de la Gare";"47,8677290000";" -3,5499040000"
"202100021170";"3";"09";"2021";"17:00";"1";"95";"95040";"1";"1";"1";"6";"RD14";"49,1015403402";"1,8929743767"
"202100021171";"4";"09";"2021";"19:20";"2";"78";"78089";"1";"1";"2";"7";"A13";"49,0202530000";"1,5754650000"
"202100021172";"1";"09";"2021";"16:45";"1";"66";"66065";"1";"1";"1";"6";"D914";"42,6167410000";"2,9769190000"
"202100021173";"4";"09";"2021";"12:21";"1";"84";"84147";"1";"2";"1";"5";"departementale 973";"43,7109210000";"5,4192320000"
"202100021174";"4";"09";"2021";"11:40";"1";"84";"84068";"1";"1";"1";"3";"D943";"43,7734330000";"5,3533410000"
"202100021175";"2";"09";"2021";"18:20";"2";"84";"84054";"1";"2";"1";"4";"route dÃ©partementale 31";"43,9470250000";"5,0278120000"
"202100021176";"4";"09";"2021";"06:20";"2";"89";"89124";"1";"1";"1";"2";"A5";"48,3498140000";"3,1805600000"
"202100021177";"4";"09";"2021";"16:00";"1";"21";"21390";"1";"1";"1";"6";"108";"47,2840360000";"4,9794830000"
"202100021178";"4";"09";"2021";"00:08";"3";"10";"10269";"2";"3";"1";"6";"2 Rue de Saint Quentin";"48,5096360000";"4,0991660000"
"202100021179";"2";"09";"2021";"16:15";"1";"08";"08188";"1";"1";"7";"2";"D979";"49,8057130000";"4,8287700000"
"202100021180";"3";"08";"2021";"06:55";"2";"67";"67023";"1";"1";"2";"2";"D1340";"48,7751550000";"7,7163510000"
"202100021181";"27";"08";"2021";"13:30";"1";"73";"73116";"1";"1";"1";"6";"D110";"45,2460160000";"6,3215970000"
"202100021182";"3";"09";"2021";"19:26";"1";"69";"69273";"1";"1";"2";"6";"DAUPHINE (DU) (R)";"45,6816360000";"4,9056530000"
"202100021183";"3";"09";"2021";"09:30";"1";"09";"09293";"2";"1";"1";"7";"D21";"42,9690140000";"1,5192420000"
"202100021184";"3";"09";"2021";"18:40";"1";"24";"24572";"1";"1";"1";"1";"Cladet";"44,6369040000";"0,8443990000"
"202100021185";"26";"08";"2021";"18:30";"1";"85";"85003";"2";"2";"1";"3";"Route de Challans";"46,7442500000";" -1,6164120000"
"202100021186";"27";"08";"2021";"16:35";"1";"44";"44027";"1";"3";"1";"3";"Le Moulin Neuf";"47,3960520000";" -1,5564870000"
"202100021187";"3";"09";"2021";"19:20";"1";"14";"14044";"2";"2";"1";"3";"Route de Douvres";"49,2815140000";" -0,4180170000"
"202100021188";"4";"09";"2021";"17:20";"1";"27";"27477";"2";"4";"1";"6";"Route des Andelys";"49,1302290000";"1,4528830000"
"202100021189";"4";"09";"2021";"12:30";"1";"59";"59004";"2";"3";"1";"2";"Route Nationale";"50,5040650000";"3,3346510000"
"202100021190";"4";"09";"2021";"12:25";"1";"59";"59411";"1";"1";"1";"2";"Rue du PavÃ©";"50,4900311377";"3,1329488754"
"202100021191";"3";"09";"2021";"13:50";"5";"13";"13215";"1";"1";"1";"2";"A7-Sens Lyon vers Marseille";"43,3679800000";"5,3608100000"
"202100021192";"1";"09";"2021";"16:50";"1";"13";"13055";"1";"1";"1";"2";"A507 sens Aubagne- Marseille";"43,3406700000";"5,3766000000"
"202100021193";"2";"09";"2021";"15:00";"1";"69";"69266";"1";"1";"1";"3";"D383   3.750 A 7.640";"45,7542800000";"4,9081500000"
"202100021194";"1";"09";"2021";"21:00";"3";"42";"42083";"1";"1";"1";"2";"A47";"45,5572959892";"4,6854495630"
"202100021195";"3";"09";"2021";"07:06";"2";"57";"57343";"1";"1";"1";"2";"Autoroute A31";"49,3277800000";"6,1854900000"
"202100021196";"3";"09";"2021";"12:20";"1";"33";"33063";"1";"1";"3";"4";"Pont d'Aquitaine";"44,8802340000";" -0,5385540000"
"202100021197";"2";"09";"2021";"18:44";"1";"59";"59569";"1";"1";"1";"7";"AUTOROUTE A21";"50,3840860384";"3,1322301875"
"202100021198";"3";"09";"2021";"19:40";"1";"94";"94034";"1";"1";"1";"2";"AUTOROUTE A86";"48,7595888537";"2,3224694783"
"202100021199";"3";"09";"2021";"15:15";"1";"91";"91689";"1";"1";"1";"2";"AUTOROUTE A6";"48,7305200000";"2,3148800000"
"202100021200";"3";"09";"2021";"12:55";"1";"77";"77495";"1";"1";"1";"7";"RN 105";"48,5931700000";"2,6237400000"
"202100021201";"3";"09";"2021";"09:45";"1";"92";"92002";"1";"1";"1";"2";"AUTOROUTE A86";"48,7605665374";"2,2925873101"
"202100021202";"3";"09";"2021";"08:55";"1";"91";"91589";"1";"1";"1";"2";"AUTOROUTE A6";"48,6707020000";"2,3478040000"
"202100021203";"3";"09";"2021";"17:55";"1";"78";"78291";"1";"1";"1";"6";"A13";"48,9692150000";"1,7382690000"
"202100021204";"3";"09";"2021";"15:10";"1";"78";"78646";"1";"1";"1";"2";"RN12";"48,7899090000";"2,1243980000"
"202100021205";"2";"09";"2021";"17:55";"1";"78";"78158";"1";"1";"1";"5";"A13";"48,8347000000";"2,1318800000"
"202100021206";"3";"09";"2021";"02:00";"5";"93";"93029";"1";"1";"1";"6";"AUTOROUTE A86";"48,9272600000";"2,4178800000"
"202100021207";"3";"09";"2021";"22:40";"3";"77";"77373";"1";"1";"1";"2";"RN104";"48,7962000000";"2,6222200000"
"202100021208";"1";"09";"2021";"13:20";"1";"77";"77122";"2";"1";"1";"6";"RUE SOMMEVILLE";"48,6648791790";"2,5628200000"
"202100021209";"1";"09";"2021";"12:50";"1";"35";"35238";"2";"1";"1";"6";"HEVIN (PIERRE)";"48,1047370000";" -1,6915940000"
"202100021210";"2";"09";"2021";"09:10";"1";"27";"27229";"2";"1";"1";"6";"SAINT ANDRE (ROUTE DE)";"49,0115949200";"1,1654790074"
"202100021211";"2";"09";"2021";"11:13";"1";"93";"93007";"2";"9";"1";"3";"8 MAI 45 (AVENUE DU 184 AU 240)  Z1";"48,9510548199";"2,4404791611"
"202100021212";"29";"08";"2021";"18:30";"3";"976";"97611";"2";"1";"1";"6";"kaweni-Archipel (avenue de l')";" -12,7644400000";"45,2255100000"
"202100021213";"30";"08";"2021";"17:10";"1";"83";"83126";"2";"1";"1";"6";"CURIE (AV PIERRE)";"43,1035800000";"5,8734400000"
"202100021214";"9";"05";"2021";"15:00";"1";"74";"74034";"1";"1";"1";"1";"Col du Corbier (Col de montagne)";"46,2840960000";"6,6399690000"
"202100021215";"4";"05";"2021";"16:00";"1";"74";"74034";"1";"1";"1";"7";"D902";"46,2615730000";"6,6236620000"
"202100021216";"29";"05";"2021";"12:30";"1";"74";"74136";"1";"1";"1";"6";"3208 Rte du Col des Annes";"45,9498740000";"6,4922650000"
"202100021217";"2";"09";"2021";"19:53";"1";"69";"69199";"2";"2";"1";"3";"JEAN JAURES (AV)";"45,7120500000";"4,8551000000"
"202100021218";"2";"09";"2021";"16:15";"1";"69";"69387";"2";"1";"1";"3";"GUILLOTIERE (DE LA) (GR)";"45,7531900000";"4,8448600000"
"202100021219";"2";"09";"2021";"13:30";"1";"69";"69259";"1";"6";"1";"2";"URBAIN EST (BD)";"45,6877349825";"4,8862713575"
"202100021220";"2";"09";"2021";"09:28";"1";"2A";"2A004";"2";"2";"1";"3";"BEVERINI VICO PAIR AVENUE";"41,9265175753";"8,7371331106"
"202100021221";"2";"09";"2021";"15:08";"1";"95";"95585";"2";"6";"1";"2";"RD 316";"48,9833400000";"2,3708900000"
"202100021222";"2";"09";"2021";"17:55";"1";"91";"91479";"2";"3";"1";"6";"AV DE VERDUN";"48,7057580000";"2,3656150000"
"202100021223";"1";"09";"2021";"19:10";"1";"91";"91223";"1";"1";"1";"7";"CD63";"48,4158500000";"2,1940500000"
"202100021224";"31";"08";"2021";"20:00";"1";"91";"91223";"1";"1";"1";"7";"CD63";"48,4158500000";"2,1940700000"
"202100021225";"31";"08";"2021";"17:20";"1";"87";"87085";"2";"1";"1";"4";"COMTE (RUE AUGUSTE)";"45,8774900000";"1,2748400000"
"202100021226";"31";"08";"2021";"09:31";"1";"87";"87085";"2";"1";"1";"6";"LOCARNO (AVENUE)";"45,8336400000";"1,2693300000"
"202100021227";"30";"08";"2021";"19:55";"1";"87";"87065";"2";"1";"1";"6";"LIBERATION (AVENUE DE LA)";"45,8116600000";"1,3417500000"
"202100021228";"2";"09";"2021";"13:48";"1";"83";"83137";"2";"1";"2";"2";"MOULINS (AVE DES DE 328 A FIN";"43,1474000000";"5,9136000000"
"202100021229";"2";"09";"2021";"08:55";"1";"81";"81065";"2";"9";"1";"2";"POMPIDOU (AV.GEORGES)";"43,6214300000";"2,2643370000"
"202100021230";"2";"09";"2021";"15:30";"1";"76";"76322";"2";"1";"1";"6";"INDUSTRIE. RUE DE L'";"49,4201240000";"1,0330100000"
"202100021231";"1";"09";"2021";"08:00";"2";"76";"76351";"2";"2";"1";"3";"GRAVILLE (BD DE)";"49,4955600000";"0,1471300000"
"202100021232";"31";"08";"2021";"21:18";"3";"74";"74298";"1";"1";"1";"5";"BONNEVILLE (ROUTE DE )";"46,1685100000";"6,2676300000"
"202100021233";"2";"09";"2021";"09:30";"1";"71";"71153";"2";"1";"1";"2";"COURONNE (RUE DE LA)";"46,8029400000";"4,4152700000"
"202100021234";"2";"09";"2021";"20:30";"3";"69";"69290";"2";"3";"1";"3";"CLAUDE FARRERE (R)";"45,6880200000";"4,9556800000"
"202100021235";"1";"09";"2021";"15:47";"1";"66";"66136";"2";"3";"1";"6";"PIA (TRAVERSE DE)";"42,7064800000";"2,8918800000"
"202100021236";"1";"09";"2021";"12:20";"1";"64";"64102";"2";"1";"2";"7";"PIECE NOYEE (ROND POINT DE LA)";"43,4993700000";" -1,4812500000"
"202100021237";"1";"09";"2021";"08:20";"1";"64";"64102";"2";"1";"1";"2";"ALLEES MARINES (AVENUE DES)";"43,5003400000";" -1,4911400000"
"202100021238";"1";"09";"2021";"17:57";"1";"63";"63014";"2";"1";"1";"6";"PASCAL (RUE)";"45,7589000000";"3,1138100000"
"202100021239";"1";"09";"2021";"12:34";"1";"63";"63113";"2";"8";"1";"3";"CREUX DE LA CHAUX/rue des Rivaux";"45,7609900000";"3,1037700000"
"202100021240";"1";"09";"2021";"19:50";"1";"62";"62019";"1";"1";"1";"2";"D51 ";"50,4134170000";"2,7349940000"
"202100021241";"2";"09";"2021";"18:55";"1";"59";"59350";"2";"1";"1";"3";"LAMBRET OSCAR AVENUE";"50,6167100000";"3,0340700000"
"202100021242";"2";"09";"2021";"15:10";"1";"59";"59350";"2";"3";"1";"3";"HUGO VICTOR RUE";"50,6211600000";"3,0951600000"
"202100021243";"2";"09";"2021";"02:00";"5";"59";"59350";"2";"2";"1";"3";"VALMY RUE DE";"50,6293800000";"3,0635600000"
"202100021244";"31";"08";"2021";"08:16";"1";"56";"56121";"2";"1";"1";"6";"CLISSON (RUE DE )";"47,7502500000";" -3,3621300000"
"202100021245";"30";"08";"2021";"15:30";"1";"56";"56162";"2";"6";"1";"7";"PASTEUR (AVENUE LOUIS)";"47,7397500000";" -3,4274700000"
"202100021246";"30";"08";"2021";"07:25";"1";"56";"56121";"2";"1";"1";"1";"KERGUESTENEN (RUE  DE )";"47,7513300000";" -3,3930400000"
"202100021247";"27";"08";"2021";"23:45";"5";"56";"56121";"2";"2";"1";"3";"PATRIE (RUE DE LA )";"47,7484400000";" -3,3619700000"
"202100021248";"2";"09";"2021";"02:00";"5";"54";"54395";"2";"2";"1";"6";"POINCARE (RUE RAYMOND 31-32 A FIN)";"48,6894300000";"6,1697400000"
"202100021249";"1";"09";"2021";"08:06";"1";"54";"54328";"2";"6";"7";"3";"PASTEUR (RUE LOUIS)";"48,6184600000";"6,1772500000"
"202100021250";"2";"09";"2021";"15:00";"1";"51";"51454";"2";"1";"1";"7";"Rue Pierre Brossolette";"49,2673500000";"4,0157500000"
"202100021251";"1";"09";"2021";"12:19";"1";"51";"51454";"2";"6";"1";"3";"Rond Point de l'Ordre National du MÃ©rite";"49,2421093012";"4,0247792030"
"202100021252";"30";"08";"2021";"23:20";"5";"50";"50129";"2";"3";"1";"3";"ATLANTIQUE (BOULEVARD DE L')";"49,6270900000";" -1,6366800000"
"202100021253";"31";"08";"2021";"18:55";"1";"50";"50173";"2";"2";"1";"2";"SALINE (BOULEVARD DE LA)";"49,6538600000";" -1,6490600000"
"202100021254";"2";"09";"2021";"20:50";"2";"49";"49328";"2";"2";"1";"3";"ROUEN (RUE DE)";"47,2696800000";" -0,0670400000"
"202100021255";"2";"09";"2021";"11:58";"1";"49";"49007";"2";"1";"1";"3";"SAUMUROISE IMPASSE ET RUE";"47,4595200000";" -0,5364400000"
"202100021256";"2";"09";"2021";"19:50";"1";"46";"46042";"2";"1";"1";"2";"MAQUIS (AVENUE DU)";"44,4517000000";"1,4486000000"
"202100021257";"2";"09";"2021";"02:10";"5";"45";"45302";"2";"6";"1";"6";"Rue du Faubourg Bannier";"47,9339800000";"1,8948200000"
"202100021258";"2";"09";"2021";"22:00";"5";"42";"42186";"2";"3";"1";"3";"Rue de la RÃ©publique";"45,5306700000";"4,6122400000"
"202100021259";"1";"09";"2021";"19:25";"1";"37";"37261";"2";"1";"1";"6";"VAILLANT (RUE EDOUARD)";"47,3897087117";"0,6947957072"
"202100021260";"31";"08";"2021";"19:40";"1";"37";"37233";"2";"1";"1";"6";"ROSIERS (ALLEE DES)";"47,3931033413";"0,7265391293"
"202100021261";"1";"09";"2021";"10:45";"1";"35";"35115";"2";"6";"1";"3";"GROSLAY (BD DE DU NÂ°25 AU 43)";"48,3526100000";" -1,1861700000"
"202100021262";"1";"09";"2021";"17:30";"1";"34";"34032";"1";"1";"1";"5";"RD.64";"43,3417267347";"3,1752848625"
"202100021263";"24";"08";"2021";"23:40";"5";"33";"33063";"2";"3";"1";"2";"Rue du Bocage";"44,8496000000";" -0,6013600000"
"202100021264";"1";"09";"2021";"11:40";"1";"33";"33119";"2";"3";"1";"3";"Chemin de SallÃ¨le";"44,8513400000";" -0,5228400000"
"202100021265";"2";"09";"2021";"14:40";"1";"31";"31555";"2";"1";"1";"1";"AV DE FRONTON";"43,6423300000";"1,4334100000"
"202100021266";"1";"09";"2021";"17:45";"1";"31";"31555";"2";"3";"1";"3";"RUE ANDRE VASSEUR";"43,6381140000";"1,4762730000"
"202100021267";"1";"08";"2021";"07:45";"1";"30";"30189";"2";"4";"1";"1";"LECLERC GENERAL (AVENUE)";"43,8306000000";"4,3691000000"
"202100021268";"1";"09";"2021";"08:50";"1";"29";"29232";"1";"1";"1";"2";"N165 - Bretelle Gourvilly";"48,0227500000";" -4,0839700000"
"202100021269";"2";"09";"2021";"08:40";"1";"28";"28134";"2";"1";"1";"1";"ORIELS (RUE DES)";"48,7386800000";"1,3913500000"
"202100021270";"2";"09";"2021";"17:45";"1";"15";"15014";"2";"1";"1";"6";"JOLY (BOULEVARD ANTHONY)";"44,9279130000";"2,4328800000"
"202100021271";"1";"09";"2021";"04:00";"5";"13";"13214";"2";"1";"1";"1";"ROLAND DORGELES (BOULEVARD)";"43,3458000000";"5,3819000000"
"202100021272";"2";"09";"2021";"11:15";"1";"13";"13209";"2";"1";"1";"5";"MARÃCHAL DE LATTRE (AVENUE)";"43,2459168041";"5,4173980125"
"202100021273";"2";"09";"2021";"02:30";"5";"13";"13201";"2";"2";"1";"3";"LIBERTE (BOULEVARD DE LA)";"43,3009300000";"5,3824500000"
"202100021274";"1";"09";"2021";"18:00";"1";"12";"12013";"2";"3";"1";"6";"CABROL JULES (AVENUE)";"44,5270320000";"2,2441730000"
"202100021275";"2";"09";"2021";"23:18";"3";"10";"10297";"1";"1";"1";"6";"Rocade EST";"48,3132600000";"4,1131500000"
"202100021276";"1";"09";"2021";"14:40";"1";"10";"10387";"2";"2";"7";"3";"CHAILLOUET RUE)";"48,3047900000";"4,0837000000"
"202100021277";"1";"09";"2021";"12:05";"1";"10";"10387";"2";"6";"1";"1";"BROCARD (RUE)";"48,3086000000";"4,0691000000"
"202100021278";"2";"09";"2021";"14:52";"1";"06";"06088";"2";"1";"1";"3";"MERCANTOUR (BD)";"43,6818300000";"7,1989100000"
"202100021279";"2";"09";"2021";"09:50";"1";"06";"06088";"2";"1";"1";"6";"GORBELLA (BD DE)";"43,7227500000";"7,2560600000"
"202100021280";"1";"09";"2021";"19:20";"1";"06";"06088";"2";"2";"1";"1";"FAURE (AV. FELIX)";"43,6980750000";"7,2727900000"
"202100021281";"31";"08";"2021";"11:40";"1";"06";"06123";"2";"1";"1";"2";"BORD DE MER RN 98";"43,6566970000";"7,1788240000"
"202100021282";"2";"09";"2021";"18:00";"1";"75";"75120";"2";"4";"1";"2";"BD PERIPHERIQUE INTERIEUR";"48,8520024696";"2,4148816742"
"202100021283";"1";"09";"2021";"15:15";"1";"75";"75112";"2";"1";"1";"4";"BD PERIPHERIQUE EXTERIEUR";"48,8340100000";"2,4095160000"
"202100021284";"2";"09";"2021";"12:18";"1";"75";"75118";"2";"1";"1";"3";"AVENUE DE SAINT OUEN";"48,8909810000";"2,3267630000"
"202100021285";"2";"09";"2021";"04:33";"5";"75";"75111";"2";"2";"1";"6";"BOULEVARD DE BELLEVILLE";"48,8669990000";"2,3828260000"
"202100021286";"2";"09";"2021";"16:20";"1";"75";"75105";"2";"1";"1";"6";"RUE PASCAL";"48,8373460000";"2,3491240000"
"202100021287";"2";"09";"2021";"10:15";"1";"75";"75120";"2";"7";"1";"6";"AVENUE GAMBETTA";"48,8648985003";"2,3981859393"
"202100021288";"1";"09";"2021";"22:10";"5";"75";"75116";"2";"7";"1";"3";"AVENUE VICTOR HUGO";"48,8734701106";"2,2942956998"
"202100021289";"2";"09";"2021";"08:15";"1";"75";"75116";"2";"7";"1";"3";"PLACE CLEMENT ADER";"48,8513120000";"2,2784280000"
"202100021290";"2";"09";"2021";"15:30";"1";"75";"75114";"2";"4";"1";"3";"AVENUE DU GENERAL LECLERC";"48,8287950000";"2,3277330000"
"202100021291";"1";"09";"2021";"18:15";"1";"75";"75114";"2";"2";"1";"2";"AVENUE DE LA PORTE D ORLEANS";"48,8205450000";"2,3242190000"
"202100021292";"2";"09";"2021";"08:36";"1";"75";"75113";"2";"4";"1";"3";"AVENUE DE LA PORTE D ITALIE";"48,8173069715";"2,3600360199"
"202100021293";"2";"09";"2021";"16:40";"1";"75";"75112";"2";"2";"1";"3";"RUE DE BERCY";"48,8455610000";"2,3711790000"
"202100021294";"2";"09";"2021";"13:50";"1";"75";"75112";"2";"2";"1";"1";"BOULEVARD DIDEROT";"48,8470000000";"2,3837990000"
"202100021295";"2";"09";"2021";"08:45";"1";"75";"75112";"2";"3";"7";"3";"AVENUE DE GRAVELLE";"48,8184090000";"2,4515840000"
"202100021296";"2";"09";"2021";"15:37";"1";"75";"75110";"2";"7";"1";"3";"BOULEVARD SAINT MARTIN";"48,8689754728";"2,3557561742"
"202100021297";"2";"09";"2021";"19:00";"1";"75";"75108";"2";"1";"1";"3";"RUE DE BERRI";"48,8720750000";"2,3035110000"
"202100021298";"2";"09";"2021";"15:21";"1";"75";"75107";"2";"2";"1";"3";"RUE D ESTREES";"48,8517750000";"2,3138490000"
"202100021299";"2";"09";"2021";"10:15";"1";"75";"75113";"2";"2";"1";"3";"BOULEVARD MASSENA";"48,8193400865";"2,3619745459"
"202100021300";"2";"09";"2021";"17:15";"1";"75";"75101";"2";"1";"1";"6";"RUE DU LOUVRE";"48,8641120000";"2,3424760000"
"202100021301";"2";"09";"2021";"10:00";"1";"75";"75104";"2";"3";"1";"7";"BOULEVARD BOURDON";"48,8516520000";"2,3676600000"
"202100021302";"2";"09";"2021";"19:00";"1";"94";"94028";"1";"1";"1";"3";"Route de Choisy";"48,7766700000";"2,4409500000"
"202100021303";"2";"09";"2021";"12:20";"1";"94";"94068";"2";"2";"1";"1";"BOIS GUIMIER (AV DU)";"48,8034000000";"2,4803800000"
"202100021304";"2";"09";"2021";"11:15";"1";"94";"94076";"2";"9";"1";"3";"PARIS (AV DE)";"48,8015550000";"2,3649340000"
"202100021305";"2";"09";"2021";"09:45";"1";"94";"94065";"2";"6";"1";"3";"EUROPE (AV DE L)";"48,7454160000";"2,3615810000"
"202100021306";"1";"09";"2021";"11:20";"1";"94";"94077";"2";"4";"1";"3";"Avenue Pasteur";"48,7378245105";"2,4226742142"
"202100021307";"2";"09";"2021";"19:35";"1";"94";"94071";"2";"1";"1";"1";"GARENNE (R DE LA)";"48,7708700000";"2,5221600000"
"202100021308";"1";"09";"2021";"07:50";"2";"94";"94079";"2";"9";"1";"3";"GENERAL GALLIENI (RUE DU)";"48,8256600000";"2,5405100000"
"202100021309";"2";"09";"2021";"17:50";"1";"77";"77291";"2";"1";"7";"2";"CHAPIT RE ( RUE DU)";"49,0045700000";"2,5810000000"
"202100021310";"2";"09";"2021";"13:10";"1";"93";"93070";"2";"1";"1";"1";"DOCTEUR BAUER(RUE DU) :NÂ° 1 AU 73";"48,9118900000";"2,3364600000"