"Num_Acc";"jour";"mois";"an";"hrmn";"lum";"dep";"com";"agg";"int";"atm";"col";"adr";"lat";"long"
"202100021311";"2";"09";"2021";"11:20";"1";"93";"93070";"2";"9";"1";"3";"JEAN-JAURES (BD)";"48,9127000000";"2,3349000000"
"202100021312";"2";"09";"2021";"19:30";"1";"93";"93048";"2";"1";"7";"6";"Rue Jules Guesde";"48,8628773349";"2,4786400795"
"202100021313";"1";"09";"2021";"19:20";"1";"93";"93030";"2";"1";"1";"3";"LARIVIERE (RUE LOUIS)";"48,9538400000";"2,4163100000"
"202100021314";"2";"09";"2021";"18:10";"1";"93";"93010";"2";"1";"1";"2";"GALLIENI (AV.) CONFORAMA 53";"48,9054700000";"2,4761000000"
"202100021315";"2";"09";"2021";"09:25";"1";"93";"93008";"2";"1";"1";"3";"JAURES (AVENUE JEAN)";"48,9005600000";"2,4415100000"
"202100021316";"2";"09";"2021";"01:05";"5";"93";"93001";"2";"1";"1";"1";"FELIX FAURE (BLD) 120 A 172";"48,9105060000";"2,3762570000"
"202100021317";"2";"09";"2021";"13:10";"1";"92";"92073";"2";"7";"7";"3";"PAIX (PLACE DE LA)";"48,8646400000";"2,2048740000"
"202100021318";"2";"09";"2021";"13:30";"1";"92";"92048";"2";"1";"1";"3";"JEAN JAURES (AVENUE) NÂ° 8 A 72";"48,8099011326";"2,2429141402"
"202100021319";"1";"09";"2021";"09:00";"1";"92";"92025";"2";"1";"1";"6";"GABRIEL PERI (RUE)";"48,9182270000";"2,2389150000"
"202100021320";"2";"09";"2021";"13:15";"1";"92";"92007";"2";"1";"1";"3";"BRIAND (AVENUE ARISTIDE) NÂ° 162 A 300";"48,7919800000";"2,3201000000"
"202100021321";"2";"09";"2021";"16:30";"1";"92";"92004";"2";"3";"1";"2";"DOCTEUR DERVAUX  ( QUAI DU )";"48,9083976439";"2,2927938662"
"202100021322";"3";"09";"2021";"14:00";"1";"974";"97415";"2";"1";"1";"1";"DÃ©partementale 4 - rue Montrouge";" -21,0211400000";"55,2961310000"
"202100021323";"27";"08";"2021";"16:00";"1";"974";"97415";"1";"4";"1";"3";"Bellemene les Canots";" -21,0265980000";"55,3076330000"
"202100021324";"2";"09";"2021";"19:20";"1";"26";"26096";"1";"2";"1";"1";"1855 A Route de Saint Donat";"45,0864800000";"4,9363370000"
"202100021325";"3";"09";"2021";"02:30";"3";"25";"25014";"1";"1";"1";"1";"rd 683, pr 49.900";"47,3046400000";"6,1729010000"
"202100021326";"29";"08";"2021";"00:30";"5";"40";"40304";"2";"1";"1";"6";"Avenue de la Grande Dune";"43,6613520000";" -1,4340430000"
"202100021327";"3";"09";"2021";"17:00";"1";"81";"81161";"1";"1";"1";"6";"D94";"43,8719490000";"2,4950340000"
"202100021328";"3";"09";"2021";"07:08";"1";"974";"97422";"2";"4";"1";"1";"Rue des Poinsetias";" -21,2486120000";"55,5250230000"
"202100021329";"2";"09";"2021";"16:28";"1";"01";"01173";"1";"3";"1";"3";"D1005";"46,3495460000";"6,0502270000"
"202100021330";"3";"09";"2021";"08:45";"1";"79";"79349";"1";"2";"1";"3";"N/A";"46,0236380000";" -0,1176100000"
"202100021331";"2";"09";"2021";"10:00";"1";"79";"79205";"1";"2";"1";"3";"N/A";"46,2093640000";"0,0667800000"
"202100021332";"31";"08";"2021";"12:20";"1";"68";"68043";"1";"4";"1";"3";"D44";"47,8550670000";"7,2424630000"
"202100021333";"28";"08";"2021";"13:00";"1";"58";"58303";"1";"1";"1";"2";"A77";"47,0295060000";"3,1608440000"
"202100021334";"3";"09";"2021";"08:45";"1";"95";"95660";"1";"1";"1";"3";"RD 909";"49,0758650000";"2,3480920000"
"202100021335";"15";"08";"2021";"19:10";"1";"56";"56233";"1";"1";"8";"6";"Lieu Dit Kerarno";"47,5799310000";" -2,9980020000"
"202100021336";"1";"09";"2021";"18:50";"1";"2A";"2A017";"1";"1";"1";"3";"Route dÃ©partementale 81";"42,0068800527";"8,7470902228"
"202100021337";"2";"09";"2021";"19:40";"1";"80";"80116";"1";"2";"1";"3";"D934";"49,7447900000";"2,6708740000"
"202100021338";"3";"09";"2021";"16:15";"1";"80";"80620";"2";"3";"1";"3";"Route de Paris";"49,9166670000";"2,9339180000"
"202100021339";"2";"09";"2021";"18:15";"1";"11";"11067";"1";"2";"1";"3";"Avenue de LÃ©zignan";"43,2189810000";"2,8459470000"
"202100021340";"1";"09";"2021";"18:45";"1";"71";"71305";"1";"3";"1";"2";"D55";"46,4597080000";"4,8806120000"
"202100021341";"3";"09";"2021";"06:45";"2";"71";"71543";"2";"4";"1";"3";"Avenue Pasteur";"46,5692556253";"4,9067177062"
"202100021342";"3";"09";"2021";"09:35";"1";"89";"89167";"2";"2";"1";"3";"Route d Orleans";"47,8610850000";"3,4427600000"
"202100021343";"1";"09";"2021";"14:50";"1";"63";"63236";"1";"1";"1";"6";"route dÃ©partementale 996";"45,5876450000";"2,7821160000"
"202100021344";"2";"09";"2021";"15:30";"1";"63";"63375";"1";"1";"1";"7";"D123";"45,4872830000";"3,3233640000"
"202100021345";"3";"09";"2021";"18:55";"1";"12";"12056";"1";"4";"1";"2";"route nationale 88";"44,2563920000";"2,4152060000"
"202100021346";"31";"08";"2021";"17:00";"1";"86";"86177";"1";"3";"1";"3";"lieu dit virolet";"46,7038420000";"0,2636080000"
"202100021347";"2";"09";"2021";"15:35";"1";"68";"68042";"1";"5";"1";"3";"D201";"47,5875017607";"7,5085933506"
"202100021348";"2";"09";"2021";"06:30";"1";"25";"25321";"1";"1";"1";"3";"PK 61 - RD 461 - SENS VLL VERS SUISSE";"47,0590570000";"6,6892360000"
"202100021349";"3";"09";"2021";"00:35";"3";"29";"29216";"1";"9";"1";"6";"D785 - Bel Air";"47,9671120000";" -4,1463730000"
"202100021350";"2";"09";"2021";"14:40";"1";"38";"38345";"1";"1";"1";"2";"D1532";"45,2005120000";"5,4546130000"
"202100021351";"2";"09";"2021";"14:00";"1";"38";"38006";"2";"1";"1";"2";"20 boulevard Jules Ferry";"45,3909080000";"6,0708050000"
"202100021352";"30";"08";"2021";"18:30";"1";"38";"38229";"2";"1";"1";"7";"Chemin de Saint-Martin";"45,2211470000";"5,7973160000"
"202100021353";"3";"09";"2021";"16:00";"1";"01";"01034";"1";"1";"1";"6";"D992";"45,7597200000";"5,7133730000"
"202100021354";"31";"08";"2021";"16:36";"1";"01";"01426";"1";"2";"1";"3";"Chemin de Lucinges";"46,2853530000";"5,3417210000"
"202100021355";"3";"09";"2021";"04:50";"3";"70";"70055";"1";"1";"1";"6";"route de VESOUL";"47,7664310000";"6,3415900000"
"202100021356";"2";"09";"2021";"11:55";"1";"58";"58145";"2";"1";"1";"2";"2 Rue des Theureaux";"47,2867810000";"3,8199520000"
"202100021357";"3";"09";"2021";"09:35";"1";"66";"66148";"2";"1";"1";"6";"Avenue Jean Jacques Vila";"42,5214030000";"3,1051500000"
"202100021358";"26";"08";"2021";"12:00";"1";"90";"90033";"2";"6";"1";"1";"1 Faubourg de Belfort";"47,5083890000";"7,0027970000"
"202100021359";"2";"09";"2021";"20:19";"2";"60";"60556";"1";"4";"1";"1";"D929";"49,6139430000";"2,5399020000"
"202100021360";"13";"08";"2021";"18:25";"1";"73";"73032";"1";"1";"1";"4";"Route de l Ãnergie";"45,6353740000";"6,4415510000"
"202100021361";"3";"09";"2021";"14:50";"1";"43";"43124";"1";"1";"2";"1";"D902";"45,1007830000";"3,7761210000"
"202100021362";"2";"09";"2021";"06:55";"1";"10";"10323";"2";"9";"1";"1";"Rue Herbesace";"48,5081820000";"3,7454470000"
"202100021363";"3";"09";"2021";"20:21";"5";"10";"10438";"2";"3";"3";"6";"30 Rue Neuve";"48,1452630000";"4,5598490000"
"202100021364";"3";"09";"2021";"10:14";"1";"40";"40046";"2";"6";"1";"3";"Avenue Henri Guillaumet";"44,3904410000";" -1,1662140000"
"202100021365";"2";"09";"2021";"07:10";"2";"85";"85020";"2";"1";"1";"1";"Rue de la Combe";"46,3692520000";" -0,5957940000"
"202100021366";"3";"09";"2021";"14:45";"1";"17";"17447";"1";"1";"1";"3";"D112";"46,0929060000";" -0,9152980000"
"202100021367";"3";"09";"2021";"07:40";"2";"37";"37273";"2";"2";"1";"1";"D142";"47,3836496562";"0,7844131581"
"202100021368";"3";"09";"2021";"18:15";"1";"30";"30192";"1";"1";"8";"3";"RD 999";"43,8769440000";"4,0569140000"
"202100021369";"3";"09";"2021";"02:50";"4";"973";"97307";"1";"1";"1";"1";"RN 2";"4,8653880000";" -52,3336960000"
"202100021370";"3";"09";"2021";"11:00";"1";"973";"97309";"2";"3";"1";"3";"Avenue Morne Coco";"4,9000550000";" -52,2737970000"
"202100021371";"2";"09";"2021";"17:39";"1";"34";"34213";"1";"1";"1";"6";"PK 124+200";"43,4795780000";"3,6661610000"
"202100021372";"1";"09";"2021";"19:30";"1";"21";"21301";"1";"1";"1";"6";"Autoroute A36 sens Mulhouse/Beaune PK 200+300";"47,0312920000";"5,1135300000"
"202100021373";"28";"08";"2021";"19:05";"5";"987";"98733";"2";"1";"1";"3";"Pk 24+200 RT1";" -17,7162460000";" -149,5819630000"
"202100021374";"1";"09";"2021";"11:00";"1";"971";"97116";"1";"1";"1";"2";"Route Abdon Saman";"16,3378440000";" -61,5099570000"
"202100021375";"3";"09";"2021";"11:00";"1";"13";"13040";"2";"1";"1";"2";"D96";"43,4712190000";"5,5449410000"
"202100021376";"2";"09";"2021";"09:15";"1";"77";"77382";"1";"1";"1";"6";"D228";"48,9076280000";"2,8884150000"
"202100021377";"2";"09";"2021";"05:55";"5";"77";"77183";"2";"1";"1";"7";"D402";"48,9401700000";"3,1210300000"
"202100021378";"3";"09";"2021";"05:50";"3";"78";"78263";"1";"1";"8";"5";"RD 179";"48,7982600000";"1,7169080000"
"202100021379";"30";"08";"2021";"13:16";"1";"83";"83119";"2";"1";"1";"6";"Avenue GÃ©nÃ©ral Leclerc";"43,2692490000";"6,6356670000"
"202100021380";"1";"09";"2021";"15:15";"1";"68";"68185";"1";"1";"1";"3";"N59";"48,2676260000";"7,3134610000"
"202100021381";"2";"09";"2021";"08:00";"1";"03";"03298";"2";"1";"1";"6";"22 Rue du 4 Septembre";"46,3141090000";"3,4010090000"
"202100021382";"3";"09";"2021";"17:15";"1";"74";"74127";"1";"1";"8";"6";"RD 21 Chez Divoz";"46,3561820000";"6,5773960000"
"202100021383";"2";"09";"2021";"16:00";"1";"38";"38449";"2";"6";"1";"3";"Rue du Limousin";"45,6389020000";"5,1082130000"
"202100021384";"2";"09";"2021";"20:10";"2";"65";"65413";"1";"1";"1";"1";"D12";"42,8810390000";" -0,0231260000"
"202100021385";"22";"08";"2021";"09:30";"1";"40";"40125";"1";"2";"1";"3";"Route de Dax";"43,6478210000";" -1,0988770000"
"202100021386";"2";"09";"2021";"16:30";"1";"33";"33548";"1";"3";"1";"3";"D138E4";"44,9720620000";" -0,3406620000"
"202100021387";"31";"08";"2021";"19:37";"2";"33";"33016";"1";"1";"1";"1";"Chemin de Carros";"44,9530150000";" -0,4184090000"
"202100021388";"31";"08";"2021";"18:15";"1";"27";"27448";"2";"9";"1";"2";"D836";"49,0089210000";"1,3905590000"
"202100021389";"3";"09";"2021";"17:50";"1";"60";"60612";"2";"3";"7";"1";"Avenue de Reims";"49,1916050000";"2,5715680000"
"202100021390";"1";"09";"2021";"07:36";"1";"13";"13055";"1";"1";"1";"2";"A507 sens Marseille - Aubagne";"43,3003840000";"5,4253090000"
"202100021391";"1";"09";"2021";"22:26";"3";"67";"67152";"1";"1";"1";"6";"M35";"48,5287400000";"7,6910700000"
"202100021392";"2";"09";"2021";"10:10";"1";"91";"91216";"1";"1";"1";"7";"AUTOROUTE A6";"48,6786820000";"2,3352760000"
"202100021393";"1";"09";"2021";"20:45";"3";"91";"91549";"1";"1";"1";"7";"RN 104";"48,6260900000";"2,3430200000"
"202100021394";"1";"09";"2021";"20:00";"1";"91";"91692";"1";"1";"1";"3";"AUTOROUTE A10";"48,6735000000";"2,1983000000"
"202100021395";"2";"09";"2021";"20:00";"2";"78";"78208";"1";"1";"1";"6";"RN12 EXT";"48,7992080000";"1,9866330000"
"202100021396";"2";"09";"2021";"11:00";"1";"92";"92047";"1";"1";"1";"3";"A13";"48,8350835791";"2,1757683191"
"202100021397";"2";"09";"2021";"17:50";"1";"95";"95151";"1";"1";"1";"2";"RN 104";"49,0625400000";"2,2759800000"
"202100021398";"2";"09";"2021";"13:20";"1";"95";"95351";"1";"1";"1";"2";"RN 104";"49,0340200000";"2,4887400000"
"202100021399";"1";"09";"2021";"18:35";"1";"95";"95641";"1";"1";"1";"6";"AUTOROUTE A1";"49,0695100000";"2,5524900000"
"202100021400";"1";"09";"2021";"19:00";"1";"95";"95488";"1";"1";"1";"3";" A15";"49,0192600000";"2,1396800000"
"202100021401";"1";"09";"2021";"14:00";"1";"95";"95582";"1";"1";"1";"2";" A15";"48,9723100000";"2,2479800000"
"202100021402";"1";"09";"2021";"13:25";"1";"93";"93005";"1";"1";"1";"6";"AUTOROUTE A1";"48,9642723776";"2,4732112885"
"202100021403";"2";"09";"2021";"15:30";"1";"77";"77373";"1";"1";"1";"6";"RN104";"48,8011500000";"2,6254900000"
"202100021404";"2";"09";"2021";"02:00";"5";"94";"94069";"1";"1";"1";"6";"A4";"48,8165500000";"2,4452400000"
"202100021405";"28";"05";"2021";"20:20";"1";"62";"62299";"1";"1";"1";"3";"D70";"50,4588040000";"2,3065930000"
"202100021406";"1";"09";"2021";"17:25";"1";"27";"27229";"2";"3";"1";"6";"CHAUVIN (BOULEVARD GEORGES)";"49,0239400710";"1,1438486718"
"202100021407";"1";"09";"2021";"13:50";"1";"33";"33009";"2";"3";"1";"6";"Boulevard du GÃ©nÃ©ral Leclerc";"44,6599300000";" -1,1666000000"
"202100021408";"6";"05";"2021";"09:08";"1";"44";"44109";"2";"1";"2";"6";"BOULEVARD PASTEUR";"47,2136000000";" -1,5840500000"
"202100021409";"1";"09";"2021";"10:45";"1";"974";"97416";"2";"1";"1";"1";"PRESIDENT MITTERAND(AVENUE)";" -21,3425900000";"55,4805100000"
"202100021410";"1";"09";"2021";"15:00";"1";"974";"97411";"2";"1";"1";"1";"NOTRE DAME DE LOURDES (RUE)";" -20,9174900000";"55,4750400000"
"202100021411";"1";"09";"2021";"09:15";"1";"974";"97411";"2";"1";"1";"6";"MOUFIA (ROUTE DE)";" -20,9054000000";"55,4903200000"
"202100021412";"28";"08";"2021";"19:50";"5";"974";"97411";"1";"1";"3";"3";"QUATRE VOIES GILLOT (ROUTE A)";" -20,8856100000";"55,4961800000"
"202100021413";"1";"09";"2021";"16:19";"1";"973";"97302";"2";"2";"1";"3";"DIGUE RONJON";"4,9340308514";" -52,3292479813"
"202100021414";"1";"09";"2021";"18:15";"1";"69";"69383";"2";"2";"1";"3";"BANNIERE (DE LA) (R)";"45,7561300000";"4,8557800000"
"202100021415";"25";"08";"2021";"18:10";"1";"69";"69386";"2";"2";"1";"6";"VAUBAN (R)";"45,7648723191";"4,8435591722"
"202100021416";"1";"09";"2021";"17:35";"1";"69";"69386";"2";"1";"1";"6";"VITTON (CR)";"45,7694700000";"4,8521100000"
"202100021417";"31";"08";"2021";"11:10";"1";"69";"69383";"2";"1";"1";"3";"SAINT THEODORE (R)";"45,7483727020";"4,8635584116"
"202100021418";"1";"09";"2021";"02:30";"5";"69";"69387";"2";"1";"1";"6";"GALLIENI (PT)";"45,7480100000";"4,8330800000"
"202100021419";"1";"09";"2021";"08:46";"1";"972";"97209";"2";"1";"1";"6";"PARADISIERS (AVENUE DES)";"14,6238800824";" -61,0370886326"
"202100021420";"1";"09";"2021";"05:04";"5";"2B";"2B033";"2";"1";"1";"2";"TOUTES RUES";"42,7028700000";"9,4467500000"
"202100021421";"1";"09";"2021";"20:00";"1";"91";"91377";"2";"1";"1";"3";"AV DU MARECHAL LECLERC";"48,7326200000";"2,3009600000"
"202100021422";"1";"09";"2021";"09:15";"1";"91";"91421";"2";"3";"1";"3";"REPUBLIQUE (AVENUE DE LA)";"48,7026000000";"2,4631000000"
"202100021423";"1";"09";"2021";"04:50";"5";"91";"91421";"1";"1";"1";"6";"NATIONALE 6 (GLACIERE)";"48,7066000000";"2,4430000000"
"202100021424";"31";"08";"2021";"16:20";"1";"91";"91027";"1";"1";"1";"2";"RTE DE FONTAINEBLEAU";"48,7175590000";"2,3707850000"
"202100021425";"18";"08";"2021";"22:05";"3";"89";"89342";"1";"1";"1";"1";"PARIS (RUE DE) ";"48,2186200000";"3,2733400000"
"202100021426";"30";"08";"2021";"16:38";"1";"87";"87113";"2";"3";"1";"4";"MOULIN (AVENUE JEAN)";"45,8605200000";"1,3182200000"
"202100021427";"29";"08";"2021";"13:36";"1";"87";"87085";"2";"2";"1";"6";"VANTEAUX (BOULEVARD DE)";"45,8212100000";"1,2301500000"
"202100021428";"29";"08";"2021";"11:50";"1";"85";"85194";"2";"1";"1";"3";"GAULLE (AVENUE CHARLES DE)";"46,5078400000";" -1,7699000000"
"202100021429";"30";"08";"2021";"19:20";"1";"83";"83123";"2";"1";"1";"3";"TOULON (ANCIEN CHEMIN DE)";"43,1329490000";"5,7909360000"
"202100021430";"1";"09";"2021";"15:20";"1";"83";"83069";"2";"1";"1";"6";"BRIAND (AVENUE ARISTIDE)";"43,1206473745";"6,1311943351"
"202100021431";"1";"09";"2021";"14:40";"1";"72";"72181";"2";"1";"1";"2";"GENESLAY FELIX (AV) NÂ° PAIRS 288 ET plus";"47,9695250000";"0,2042030000"
"202100021432";"1";"09";"2021";"15:20";"1";"72";"72181";"2";"1";"1";"6";"KLOTZ HENRI-PIERRE (AV)";"48,0196730000";"0,1655490000"
"202100021433";"31";"08";"2021";"19:40";"1";"69";"69275";"2";"2";"1";"3";"VAULX (DE) (RTE)";"45,7776018476";"4,9506458926"
"202100021434";"1";"09";"2021";"10:45";"1";"69";"69264";"2";"1";"1";"6";"GANTILLON (R)";"45,9952200000";"4,7208000000"
"202100021435";"31";"08";"2021";"11:25";"1";"67";"67482";"2";"1";"1";"6";"KEPLER (RUE)";"48,6052160000";"7,7208060000"
"202100021436";"31";"08";"2021";"08:35";"1";"67";"67482";"2";"1";"1";"3";"ENGELBREIT (RUE DE L )";"48,5852900000";"7,7068600000"
"202100021437";"1";"09";"2021";"13:36";"1";"65";"65251";"1";"3";"2";"5";"Av des PyrÃ©nÃ©es";"43,2150100000";"0,0718800000"
"202100021438";"1";"09";"2021";"16:00";"1";"64";"64445";"2";"1";"1";"3";"PAIX";"43,3228400000";" -0,3707300000"
"202100021439";"31";"08";"2021";"17:10";"1";"64";"64102";"2";"3";"1";"3";"ALSACE LORRAINE (BOULEVARD)";"43,4942410000";" -1,4676430000"
"202100021440";"31";"08";"2021";"06:55";"5";"64";"64024";"2";"1";"1";"3";"ADOUR (AVENUE DE L')";"43,5023300000";" -1,4936300000"
"202100021441";"31";"08";"2021";"15:16";"1";"63";"63113";"2";"1";"1";"6";"MONTLOSIER (RUE)";"45,7813402077";"3,0900737643"
"202100021442";"12";"08";"2021";"12:00";"1";"62";"62250";"2";"1";"1";"6";"BRIQUET (R RAOUL )";"50,4440000000";"2,9440000000"
"202100021443";"31";"08";"2021";"13:40";"1";"59";"59508";"2";"1";"1";"6";"LILLE (RUE DE)LATERALE A DRONCKAERT";"50,7230510000";"3,1109040000"
"202100021444";"1";"09";"2021";"15:15";"1";"59";"59009";"2";"9";"1";"3";"8 MAI 1945 RUE DU A PARTIR DU NÂ° 60";"50,6405400000";"3,1553000000"
"202100021445";"1";"09";"2021";"10:20";"1";"59";"59378";"2";"1";"1";"3";"BAILLY ALBERT RUE";"50,6883300000";"3,1093770000"
"202100021446";"31";"08";"2021";"16:00";"1";"59";"59234";"2";"1";"1";"6";"WAGNONVILLE (RUE DE)";"50,3966140000";"3,0624310000"
"202100021447";"31";"08";"2021";"16:43";"1";"57";"57757";"2";"1";"1";"2";"THIONVILLE (ROUTE DE)";"49,3518600000";"6,1794700000"
"202100021448";"27";"08";"2021";"16:10";"1";"56";"56121";"2";"6";"1";"4";"TOULLEC (RUE  FRANCOIS )";"47,7352300000";" -3,3747700000"
"202100021449";"8";"08";"2021";"23:20";"3";"54";"54525";"1";"1";"1";"6";"RTE DE THIL";"49,4560000000";"5,8691000000"
"202100021450";"28";"08";"2021";"10:41";"1";"54";"54273";"2";"2";"1";"3";"WILSON (AVENUE)";"49,1555550000";"5,8837180000"
"202100021451";"1";"09";"2021";"16:00";"1";"51";"51454";"2";"1";"1";"7";"Rue Henri Barbusse";"49,2567700000";"4,0483500000"
"202100021452";"31";"08";"2021";"16:50";"1";"50";"50129";"2";"1";"1";"2";"PARIS (AVENUE DE)";"49,6310360000";" -1,6178210000"
"202100021453";"1";"09";"2021";"15:25";"1";"45";"45234";"2";"1";"1";"3";"VIGNAT (RUE EUGENE)";"47,9097500000";"1,9112000000"
"202100021454";"1";"09";"2021";"14:50";"1";"44";"44109";"2";"1";"1";"3";"RUE GASTON MICHEL";"47,2096670000";" -1,5608430000"
"202100021455";"1";"09";"2021";"18:28";"1";"37";"37261";"2";"3";"1";"6";"PROUDHON (AVENUE)";"47,3948651102";"0,6713184513"
"202100021456";"31";"08";"2021";"19:45";"1";"37";"37261";"2";"2";"1";"3";"BERANGER (BOULEVARD)";"47,3900263648";"0,6864394908"
"202100021457";"1";"09";"2021";"08:00";"1";"35";"35238";"2";"6";"1";"3";"DE LESSEPS (FERDINAND)";"48,1017300000";" -1,7072500000"
"202100021458";"1";"09";"2021";"11:30";"1";"34";"34172";"1";"1";"1";"5";"D66  VOIE RAPIDE";"43,6061100000";"3,9344800000"
"202100021459";"1";"09";"2021";"11:30";"1";"33";"33318";"2";"9";"1";"3";"Avenue Roger Chaumet";"44,8017300000";" -0,6350600000"
"202100021460";"31";"08";"2021";"23:00";"5";"31";"31555";"2";"1";"1";"1";"SAINT SIMON (RTE DE) DU 276 AU 389";"43,5898300000";"1,4151300000"
"202100021461";"31";"08";"2021";"19:46";"1";"26";"26362";"2";"6";"1";"3";"85 Rue de la ForÃªt";"44,9195270000";"4,9179260000"
"202100021462";"1";"09";"2021";"15:05";"1";"22";"22278";"2";"1";"1";"3";"CLEMENCEAU (BD)";"48,5086500000";" -2,7601900000"
"202100021463";"1";"09";"2021";"18:15";"1";"14";"14118";"2";"6";"1";"3";"GUILLOUARD (PLACE)";"49,1810100000";" -0,3700700000"
"202100021464";"8";"08";"2021";"23:25";"5";"13";"13054";"2";"1";"1";"3";"DR SCHWEITZER (AV DU )";"43,4181500000";"5,2199800000"
"202100021465";"1";"09";"2021";"20:00";"1";"13";"13208";"2";"1";"1";"6";"MONTREDON (AVENUE DE)";"43,2420888623";"5,3689911609"
"202100021466";"1";"09";"2021";"16:30";"1";"13";"13207";"2";"1";"1";"3";"PASTEUR (AVENUE)";"43,2906000000";"5,3591900000"
"202100021467";"1";"09";"2021";"10:30";"1";"13";"13201";"2";"1";"1";"6";"LÃON GAMBETTA (ALLEE)";"43,2990000000";"5,3830000000"
"202100021468";"1";"09";"2021";"09:47";"1";"13";"13211";"2";"1";"1";"2";"SAINT MENET (AVENUE DE)";"43,2890000000";"5,4770000000"
"202100021469";"31";"08";"2021";"18:15";"1";"13";"13210";"2";"1";"1";"5";"PONT DE VIVAUX (BOULEVARD)";"43,2811310803";"5,4224586058"
"202100021470";"31";"08";"2021";"16:30";"1";"13";"13204";"2";"3";"1";"3";"MARÃCHAL JUIN (BOULEVARD)";"43,3102000000";"5,4033100000"
"202100021471";"28";"08";"2021";"20:15";"1";"11";"11262";"2";"6";"1";"6";"MARCORIGNAN (ROUTE DE)";"43,2001160000";"3,0120440000"
"202100021472";"31";"08";"2021";"12:24";"1";"10";"10357";"1";"9";"8";"3";"Prolongement Bd POMPIDOU";"48,3051300000";"4,1001700000"
"202100021473";"31";"08";"2021";"09:38";"1";"10";"10387";"2";"2";"8";"3";"GENERAL CHARLES DELESTRAIN (RUE)";"48,2903955450";"4,0717852861"
"202100021474";"1";"09";"2021";"11:45";"1";"06";"06069";"2";"1";"1";"3";"CARNOT (BOULEVARD ET TRAVERSE)";"43,6569100000";"6,9232800000"
"202100021475";"31";"08";"2021";"16:17";"1";"75";"75114";"2";"2";"1";"3";"BOULEVARD ROMAIN ROLLAND";"48,8198685090";"2,3255042245"
"202100021476";"1";"09";"2021";"15:00";"1";"75";"75119";"2";"2";"1";"3";"AVENUE DE LAUMIERE";"48,8846800000";"2,3798090000"
"202100021477";"1";"09";"2021";"11:45";"1";"75";"75118";"2";"1";"1";"3";"RUE D AUBERVILLIERS";"48,8967001160";"2,3706087470"
"202100021478";"1";"09";"2021";"03:40";"5";"75";"75118";"2";"2";"1";"3";"BOULEVARD BARBES";"48,8894690000";"2,3495910000"
"202100021479";"1";"09";"2021";"08:40";"1";"75";"75116";"2";"4";"1";"1";"QUAI LOUIS BLERIOT";"48,8499030000";"2,2771530000"
"202100021480";"31";"08";"2021";"16:25";"1";"75";"75115";"2";"7";"1";"6";"RUE DES CEVENNES";"48,8421651640";"2,2816508469"
"202100021481";"1";"09";"2021";"08:40";"1";"75";"75113";"2";"1";"1";"7";"AVENUE DE LA PORTE DE VITRY";"48,8232660000";"2,3776300000"
"202100021482";"1";"09";"2021";"11:45";"1";"75";"75112";"2";"1";"1";"3";"AVENUE DU DOCTEUR ARNOLD NETTER";"48,8456270000";"2,4059490000"
"202100021483";"31";"08";"2021";"20:10";"2";"75";"75112";"2";"2";"1";"3";"BOULEVARD DIDEROT";"48,8480190000";"2,3928820000"
"202100021484";"1";"09";"2021";"13:55";"1";"75";"75111";"2";"3";"1";"3";"BOULEVARD VOLTAIRE";"48,8660230000";"2,3663290000"
"202100021485";"31";"08";"2021";"21:50";"5";"75";"75111";"2";"2";"1";"3";"BOULEVARD RICHARD LENOIR";"48,8639960000";"2,3707020000"
"202100021486";"1";"09";"2021";"18:25";"1";"75";"75110";"2";"1";"1";"3";"RUE DE BELZUNCE";"48,8795990000";"2,3499720000"
"202100021487";"1";"09";"2021";"13:10";"1";"75";"75104";"2";"3";"1";"3";"BOULEVARD HENRI IV";"48,8510857694";"2,3622272138"
"202100021488";"31";"08";"2021";"19:30";"1";"94";"94068";"2";"2";"1";"3";"BELLECHASSE (BD DE)";"48,7937800000";"2,4922900000"
"202100021489";"1";"09";"2021";"10:20";"1";"94";"94017";"2";"1";"1";"5";"REPUBLIQUE (AV DE LA)";"48,8223500000";"2,5105800000"
"202100021490";"1";"09";"2021";"19:35";"1";"94";"94041";"2";"3";"1";"3";"HENRI POURCHASSE (QU)";"48,8084200000";"2,4077500000"
"202100021491";"1";"09";"2021";"17:50";"1";"94";"94041";"2";"1";"1";"4";"HIPPOLYTE MARQUES (BD)";"48,8179900000";"2,3694500000"
"202100021492";"1";"09";"2021";"21:00";"5";"94";"94033";"2";"2";"1";"3";"Avenue de la Pepiniere";"48,8445200000";"2,4508600000"
"202100021493";"1";"09";"2021";"18:25";"1";"93";"93050";"2";"1";"1";"4";"Rue Louis Vannini";"48,8664110000";"2,5269700000"
"202100021494";"1";"09";"2021";"21:17";"5";"93";"93046";"2";"9";"1";"2";"Avenue Aristide Briand";"48,9141019003";"2,5263862609"
"202100021495";"31";"08";"2021";"00:10";"5";"93";"93061";"2";"1";"1";"3";"Avenue Edouard Vaillant";"48,8831000000";"2,4106790000"
"202100021496";"1";"09";"2021";"09:10";"1";"93";"93027";"2";"2";"1";"3";"Avenue Jean JaurÃ¨s / Rue Danton";"48,9223900000";"2,4070600000"
"202100021497";"31";"08";"2021";"10:30";"1";"93";"93005";"2";"9";"1";"3";"Rue Jules Princet";"48,9389840000";"2,5015070000"
"202100021498";"1";"09";"2021";"20:50";"5";"92";"92075";"2";"2";"1";"6";"DE GAULLE (AVENUE DU GENERAL)";"48,8234122261";"2,2822916508"
"202100021499";"1";"09";"2021";"12:08";"1";"92";"92064";"2";"9";"1";"2";"DAILLY";"48,8454830687";"2,2201888227"