"Num_Acc";"jour";"mois";"an";"hrmn";"lum";"dep";"com";"agg";"int";"atm";"col";"adr";"lat";"long"
"202100021500";"1";"09";"2021";"10:17";"1";"92";"92062";"2";"2";"1";"3";"WALLACE (BD RICHARD) DU 17 AU 91 ET DU 3";"48,8811314592";"2,2371641226"
"202100021501";"1";"09";"2021";"14:00";"1";"92";"92049";"2";"1";"1";"6";"GINOUX AVENUE HENRI AUTRES NÂ°";"48,8149400000";"2,3207620000"
"202100021502";"1";"09";"2021";"18:18";"1";"92";"92040";"2";"2";"1";"6";"VICTOR CRESSON (AVENUE) DU 02 AU 40";"48,8225851958";"2,2680464387"
"202100021503";"1";"09";"2021";"11:10";"1";"92";"92071";"2";"1";"1";"6";"HOUDAN (RUE)";"48,7790600000";"2,2903800000"
"202100021504";"1";"09";"2021";"02:40";"5";"92";"92012";"2";"1";"1";"6";"SAUSSIERE (RUE DE LA)";"48,8389560036";"2,2400021926"
"202100021505";"1";"09";"2021";"01:00";"5";"54";"54456";"2";"1";"1";"6";"49 Rue du General Mathis";"48,7072931039";"6,3894805293"
"202100021506";"31";"08";"2021";"20:45";"3";"67";"67044";"1";"1";"8";"7";"rd28";"48,8925570000";"7,5190260000"
"202100021507";"27";"08";"2021";"16:45";"1";"22";"22182";"1";"1";"1";"2";"La Ville Richard";"48,5429210000";" -2,9609660000"
"202100021508";"2";"09";"2021";"06:40";"5";"95";"95487";"2";"1";"1";"6";"Rue Corentin Quideau";"49,1458160000";"2,2582230000"
"202100021509";"2";"09";"2021";"00:10";"3";"35";"35029";"1";"1";"1";"6";"d795";"48,4854100000";" -1,7356470000"
"202100021510";"2";"09";"2021";"13:45";"1";"58";"58086";"1";"1";"7";"1";"D14";"47,4281740000";"2,9963920000"
"202100021511";"1";"09";"2021";"17:55";"1";"62";"62207";"1";"1";"1";"6";"D144";"50,4535490000";"1,7417890000"
"202100021512";"18";"08";"2021";"20:15";"1";"44";"44071";"1";"1";"1";"5";"RD756, Ã  proximitÃ© de l'impasse des ClÃ©ons";"47,1759250000";" -1,3848860000"
"202100021513";"31";"08";"2021";"20:18";"2";"57";"57465";"1";"1";"1";"6";"D918 PK10+350";"49,3165340000";"6,2983200000"
"202100021514";"2";"09";"2021";"07:25";"2";"56";"56094";"1";"1";"1";"1";"toluen RD 194";"47,7600700000";" -3,2572960000"
"202100021515";"1";"09";"2021";"18:15";"1";"56";"56004";"1";"6";"1";"3";"Bellevue";"47,5174630000";" -2,3715430000"
"202100021516";"1";"09";"2021";"13:45";"1";"80";"80782";"1";"2";"1";"3";"voie communale 3, vaux en amienois";"49,9770870000";"2,2561450000"
"202100021517";"2";"09";"2021";"07:35";"1";"65";"65304";"2";"6";"1";"3";"Rue du GÃ©nÃ©ral de Gaulle";"43,4711510000";"0,0414560000"
"202100021518";"1";"09";"2021";"17:15";"1";"65";"65062";"2";"4";"1";"1";"D817";"43,2060130000";"0,1215230000"
"202100021519";"1";"09";"2021";"17:20";"1";"33";"33226";"2";"1";"1";"1";"D239";"44,7168670000";" -0,3885070000"
"202100021520";"30";"08";"2021";"22:00";"3";"47";"47087";"1";"1";"1";"6";"Campagnac";"44,2485190000";"0,9258880000"
"202100021521";"2";"09";"2021";"11:00";"1";"39";"39326";"1";"1";"1";"7";"N/A";"46,5966260000";"5,6859080000"
"202100021522";"1";"09";"2021";"14:30";"1";"25";"25320";"1";"2";"1";"3";"Avenue de la Gare";"46,7879320000";"6,2777420000"
"202100021523";"28";"08";"2021";"22:55";"3";"29";"29163";"1";"6";"1";"6";"Lieu Dit Kervenarc Hant";"48,5344664698";" -3,8734060897"
"202100021524";"30";"08";"2021";"16:00";"1";"29";"29260";"2";"3";"1";"3";"Rue de Pontavenec";"48,4264490000";" -4,6033470000"
"202100021525";"2";"09";"2021";"01:24";"3";"02";"02599";"1";"1";"1";"7";"D937";"49,5668090000";"3,2515670000"
"202100021526";"31";"08";"2021";"10:05";"1";"85";"85191";"1";"1";"1";"6";"A 87 pk 112+110";"46,6728510000";" -1,3459410000"
"202100021527";"31";"08";"2021";"18:52";"1";"58";"58170";"1";"1";"1";"2";"Route de Clamecy";"47,3368160000";"3,6595200000"
"202100021528";"2";"09";"2021";"14:50";"1";"06";"06090";"2";"3";"1";"2";"320 Avenue de Cannes";"43,5909440000";"6,9335050000"
"202100021529";"1";"09";"2021";"19:20";"1";"83";"83142";"1";"1";"1";"7";"D71";"43,7301389142";"6,4569339591"
"202100021530";"31";"08";"2021";"03:00";"3";"21";"21422";"2";"1";"5";"6";"25 Rue Grillot";"47,3426870000";"4,2032910000"
"202100021531";"2";"09";"2021";"13:30";"1";"24";"24156";"1";"1";"1";"5";"D710 - Les versannes";"45,0821040000";"0,8624160000"
"202100021532";"2";"09";"2021";"07:40";"1";"04";"04174";"1";"1";"1";"1";"RN 202";"43,9595770000";"6,7156290000"
"202100021533";"2";"09";"2021";"15:00";"1";"87";"87028";"1";"1";"1";"3";"N147";"46,2589030000";"0,8741000000"
"202100021534";"1";"09";"2021";"11:20";"1";"30";"30011";"1";"1";"1";"7";"ROUTE DÃPARTEMENTALE 2";"43,9245740000";"4,7347210000"
"202100021535";"2";"09";"2021";"08:00";"1";"30";"30068";"1";"1";"1";"5";"Route des CÃ©vennes";"44,0232870000";"4,0919030000"
"202100021536";"1";"09";"2021";"17:30";"1";"08";"08090";"2";"1";"1";"6";"Rue Hablot";"49,6319230000";"5,1678280000"
"202100021537";"2";"09";"2021";"03:30";"3";"63";"63370";"1";"1";"1";"5";"A89 PK 304.500";"45,6604720000";"2,6530690000"
"202100021538";"1";"09";"2021";"20:28";"2";"67";"67389";"1";"1";"1";"1";"M63";"48,6415870000";"7,7774410000"
"202100021539";"2";"09";"2021";"13:30";"1";"40";"40295";"1";"1";"2";"2";"A63";"44,3736370000";" -0,8437050000"
"202100021540";"31";"08";"2021";"14:00";"1";"68";"68278";"1";"1";"1";"6";"A35 pk 102.700";"47,7650680000";"7,4159700000"
"202100021541";"6";"06";"2021";"12:50";"1";"78";"78478";"1";"1";"1";"2";"RN 191";"48,4709150000";"1,8657450000"
"202100021542";"2";"09";"2021";"13:34";"1";"30";"30258";"2";"1";"2";"3";"Route d Arles";"43,6716630000";"4,4372270000"
"202100021543";"1";"09";"2021";"14:55";"1";"67";"67118";"2";"3";"7";"3";"21 rue d'oberhausbergen";"48,5820690000";"7,6872490000"
"202100021544";"2";"09";"2021";"15:20";"1";"55";"55553";"1";"1";"1";"7";"D8 PK 02.700";"48,7776417351";"5,5804109573"
"202100021545";"1";"09";"2021";"21:30";"5";"57";"57052";"2";"1";"1";"1";"Rue de Strasbourg";"49,0849970000";"6,8167640000"
"202100021546";"2";"09";"2021";"12:30";"1";"57";"57134";"1";"1";"1";"6";"Rue de Verdun";"49,1353330000";"6,0730040000"
"202100021547";"1";"09";"2021";"15:30";"1";"38";"38382";"2";"1";"1";"3";"1 Rue de PrÃ©dieu";"45,2228450000";"5,6878660000"
"202100021548";"21";"08";"2021";"08:10";"1";"69";"69069";"2";"1";"1";"6";"EDOUARD MILLAUD (AV)";"45,7473454758";"4,7256877340"
"202100021549";"1";"09";"2021";"19:15";"2";"40";"40123";"1";"1";"1";"7";"Route Departementale 401";"43,7909860000";" -1,1199750000"
"202100021550";"31";"08";"2021";"18:53";"1";"14";"14488";"2";"1";"1";"7";"D84";"49,2680710000";" -0,2584790000"
"202100021551";"1";"09";"2021";"16:00";"1";"02";"02282";"1";"1";"1";"7";"Rue de Samoussy";"49,5612980000";"3,7422610000"
"202100021552";"1";"09";"2021";"15:05";"1";"62";"62711";"2";"1";"1";"1";"Rue Jules Guesde";"50,8056210000";"1,7448090000"
"202100021553";"1";"09";"2021";"22:50";"3";"59";"59263";"1";"6";"1";"7";"D643";"50,3258750000";"3,1091740000"
"202100021554";"1";"09";"2021";"18:00";"1";"13";"13211";"1";"1";"1";"3";"A50-Sens Aubagne vers Marseille";"43,2886490417";"5,4978089332"
"202100021555";"1";"09";"2021";"10:05";"1";"33";"33039";"1";"1";"1";"2";"ROCADE A 630";"44,7884400000";" -0,5411100000"
"202100021556";"1";"09";"2021";"07:55";"1";"33";"33122";"1";"1";"1";"4";"AUTOROUTE A 63";"44,7419000000";" -0,7087300000"
"202100021557";"30";"08";"2021";"08:00";"1";"59";"59094";"1";"1";"1";"6";"AUTOROUTE A16";"50,9594580000";"2,1961930000"
"202100021558";"1";"09";"2021";"16:55";"1";"91";"91689";"1";"1";"1";"2";"AUTOROUTE A6B";"48,7460000000";"2,3260000000"
"202100021559";"1";"09";"2021";"11:45";"1";"91";"91235";"1";"1";"1";"7";"RN 104";"48,6263800000";"2,3529500000"
"202100021560";"1";"09";"2021";"08:45";"1";"94";"94034";"1";"1";"1";"3";"AUTOROUTE A86";"48,7562300000";"2,3415800000"
"202100021561";"1";"09";"2021";"06:40";"3";"91";"91434";"1";"1";"1";"2";"AUTOROUTE A6";"48,6684500000";"2,3540900000"
"202100021562";"1";"09";"2021";"00:07";"3";"91";"91689";"1";"1";"1";"2";"AUTOROUTE A6B";"48,7380830000";"2,3191660000"
"202100021563";"1";"09";"2021";"18:45";"1";"92";"92064";"1";"1";"1";"2";"A13";"48,8425158389";"2,2221826762"
"202100021564";"31";"08";"2021";"15:40";"1";"78";"78291";"1";"1";"1";"4";"A13";"48,9654790000";"1,7574690000"
"202100021565";"1";"09";"2021";"16:20";"1";"93";"93006";"1";"1";"1";"2";"AUTOROUTE A3";"48,8695473617";"2,4299369253"
"202100021566";"1";"09";"2021";"18:20";"1";"93";"93066";"1";"1";"1";"4";"AUTOROUTE A1";"48,9331200000";"2,3770400000"
"202100021567";"1";"09";"2021";"13:45";"1";"93";"93008";"1";"1";"1";"2";"AUTOROUTE A86";"48,9127200000";"2,4367600000"
"202100021568";"1";"09";"2021";"11:40";"1";"93";"93066";"1";"1";"1";"3";"AUTOROUTE A1";"48,9076500000";"2,3584400000"
"202100021569";"1";"09";"2021";"08:00";"1";"93";"93073";"1";"1";"1";"2";"AUTOROUTE A104";"48,9657200000";"2,5570900000"
"202100021570";"1";"09";"2021";"02:25";"3";"93";"93078";"1";"1";"1";"6";"AUTOROUTE A104";"48,9577400000";"2,5309500000"
"202100021571";"1";"09";"2021";"17:35";"1";"94";"94022";"1";"1";"1";"6";"A86 EXT";"48,7738000000";"2,4084500000"
"202100021572";"27";"05";"2021";"11:15";"1";"73";"73002";"1";"1";"1";"1";"D73";"45,5320900000";"6,3067320000"
"202100021573";"23";"05";"2021";"11:40";"1";"73";"73053";"1";"6";"7";"3";"RD 925";"45,5515280000";"6,2086160000"
"202100021574";"31";"08";"2021";"11:05";"1";"29";"29232";"1";"9";"1";"6";"Route de Benodet";"47,9747700000";" -4,0935000000"
"202100021575";"31";"08";"2021";"20:10";"5";"988";"98818";"2";"3";"1";"3";"PROMENADE ROGER LAROQUE/ROUTE DE L'ANSE VATA";" -22,3029200000";"166,4450800000"
"202100021576";"30";"08";"2021";"14:00";"1";"987";"98736";"2";"9";"1";"3";"PAUL BERNIERE (RUE)";" -17,5380400000";" -149,5527000000"
"202100021577";"31";"08";"2021";"19:50";"5";"973";"97302";"2";"9";"1";"6";"CABASSOU (ROUTE DE)";"4,9200572277";" -52,3195989133"
"202100021578";"31";"08";"2021";"17:00";"1";"69";"69387";"2";"1";"1";"3";"DEBOURG (AV)";"45,7315000000";"4,8254100000"
"202100021579";"31";"08";"2021";"17:30";"1";"69";"69388";"2";"1";"1";"3";"PIERRE DELORE (R)";"45,7343900000";"4,8575100000"
"202100021580";"31";"08";"2021";"11:00";"1";"69";"69383";"2";"2";"1";"3";"PAUL BERT (R)";"45,7562100000";"4,8461500000"
"202100021581";"31";"08";"2021";"09:45";"1";"69";"69259";"2";"4";"8";"6";"ALBERT EINSTEIN (R)";"45,6974200000";"4,8768900000"
"202100021582";"30";"08";"2021";"21:00";"3";"972";"97213";"1";"1";"1";"4";"AUTOROUTE A1";"14,6180600000";" -61,0333300000"
"202100021583";"31";"08";"2021";"18:55";"3";"972";"97209";"2";"1";"1";"7";"DIDIER (ROUTE DE)";"14,6329100000";" -61,0805400000"
"202100021584";"31";"08";"2021";"18:30";"1";"69";"69034";"2";"9";"1";"1";"CREPIEUX (DE) (CHM)";"45,8007900000";"4,8523000000"
"202100021585";"31";"08";"2021";"08:15";"1";"69";"69152";"2";"2";"1";"3";"8 MAI 1945 (DU) (R)";"45,7008097880";"4,8240692392"
"202100021586";"31";"08";"2021";"21:05";"5";"2A";"2A004";"2";"2";"1";"1";"MontÃ©e Saint Jean";"41,9329692519";"8,7374118358"
"202100021587";"31";"08";"2021";"15:12";"1";"95";"95280";"2";"4";"1";"3";"FABRE HENRI";"49,0341500000";"2,4720800000"
"202100021588";"30";"08";"2021";"13:00";"1";"91";"91027";"2";"1";"2";"2";"AV FRANCOIS MITTERRAND";"48,7143470000";"2,3712160000"
"202100021589";"30";"08";"2021";"06:04";"3";"87";"87085";"2";"1";"1";"6";"MONTJOVIS (AVENUE)";"45,8437000000";"1,2456500000"
"202100021590";"31";"08";"2021";"21:35";"5";"83";"83137";"2";"3";"1";"3";"CUNEO (BD DOCTEUR)";"43,1075413829";"5,9331222337"
"202100021591";"31";"08";"2021";"17:55";"1";"83";"83137";"2";"1";"1";"2";"PICOT (AVE DU COLONEL)";"43,1273600000";"5,9624700000"
"202100021592";"31";"08";"2021";"07:30";"1";"83";"83137";"2";"9";"1";"3";"ESTIENNE D'ORVES (AVE)";"43,1273427066";"5,9176665545"
"202100021593";"28";"08";"2021";"13:10";"1";"80";"80021";"2";"1";"3";"1";"COTTENCHY (RUE DE)";"49,8846241352";"2,3126020472"
"202100021594";"28";"08";"2021";"05:08";"5";"80";"80021";"2";"1";"1";"6";"BAPAUME (BOULEVARD DE)";"49,8806552462";"2,3121554196"
"202100021595";"31";"08";"2021";"15:37";"1";"76";"76540";"2";"1";"2";"2";"CORNEILLE. PONT PIERRE";"49,4358360584";"1,0954999924"
"202100021596";"30";"08";"2021";"18:30";"1";"69";"69266";"2";"2";"1";"3";"NORD (DU) (R)";"45,7638100000";"4,8831700000"
"202100021597";"27";"08";"2021";"22:43";"5";"69";"69096";"2";"1";"1";"3";"WALDECK ROUSSEAU (R)";"45,6058700000";"4,7860380000"
"202100021598";"30";"08";"2021";"17:10";"1";"67";"67218";"1";"1";"3";"2";"ALFRED KASTLER (ROUTE)";"48,5445900000";"7,7321500000"
"202100021599";"31";"08";"2021";"13:00";"1";"66";"66136";"2";"1";"1";"2";"DESNOYE (BOULEVARD DR. JOSEPH)";"42,7089415915";"2,8858550638"
"202100021600";"31";"08";"2021";"11:05";"1";"66";"66136";"2";"3";"1";"3";"TORCATIS (AVENUE LOUIS)";"42,7032200000";"2,8870700000"
"202100021601";"30";"08";"2021";"20:15";"1";"66";"66136";"1";"1";"1";"1";"R D 900";"42,6790037978";"2,8727652133"
"202100021602";"30";"08";"2021";"18:35";"1";"66";"66136";"2";"1";"1";"2";"BOURRAT BOULEVARD JEAN";"42,7012805455";"2,9007750201"
"202100021603";"30";"08";"2021";"17:01";"1";"65";"65226";"2";"1";"1";"2";"PAU (ROUTE DE)";"43,2392837345";"0,0296115875"
"202100021604";"27";"08";"2021";"18:30";"1";"63";"63245";"2";"1";"1";"6";"RD 986";"45,8934600000";"3,0963300000"
"202100021605";"30";"08";"2021";"16:55";"1";"63";"63075";"2";"1";"1";"6";"PASTEUR (AVENUE)";"45,7751709741";"3,0696983635"
"202100021606";"30";"08";"2021";"07:50";"1";"62";"62193";"2";"3";"8";"3";"SAINT EXUPERY (AVENUE. 220 A ...)";"50,9463930000";"1,8977670000"
"202100021607";"31";"08";"2021";"10:30";"1";"59";"59350";"2";"9";"1";"6";"ZAMIN 2E AVENUE";"50,6369770000";"2,9703000000"
"202100021608";"31";"08";"2021";"20:00";"1";"59";"59143";"1";"1";"1";"7";"KENNEDY (RUE DU PRESIDENT )";"50,6665800000";"2,9093900000"
"202100021609";"27";"08";"2021";"13:35";"1";"56";"56098";"2";"1";"1";"6";"SAKHAROV (RUE  ANDRE )";"47,7772000000";" -3,3434600000"
"202100021610";"27";"08";"2021";"11:30";"1";"56";"56162";"2";"6";"7";"2";"Giratoire de Kerlir D152";"47,7082400000";" -3,4211100000"
"202100021611";"30";"08";"2021";"10:15";"1";"49";"49328";"1";"1";"1";"2";"N/A";"47,2871000000";" -0,0472200000"
"202100021612";"30";"08";"2021";"15:50";"1";"49";"49099";"2";"4";"1";"3";"NANCY (RUE DE)";"47,0573800000";" -0,8479600000"
"202100021613";"31";"08";"2021";"13:55";"1";"49";"49353";"2";"1";"1";"7";"DAUTEL BOULEVARD";"47,4434600000";" -0,4831200000"
"202100021614";"31";"08";"2021";"10:11";"1";"49";"49007";"2";"2";"1";"2";"PAUL BERT";"47,4664100000";" -0,5528400000"
"202100021615";"31";"08";"2021";"12:30";"1";"45";"45234";"2";"1";"1";"1";"Rue Honore de Balzac";"47,8220702442";"1,9245289564"
"202100021616";"31";"08";"2021";"13:37";"1";"42";"42127";"1";"1";"1";"3";"Route de Briennon";"46,1026700000";"4,0772600000"
"202100021617";"31";"08";"2021";"23:00";"5";"38";"38185";"2";"2";"1";"3";"BOULEVARD GAMBETTA";"45,1848600000";"5,7255200000"
"202100021618";"31";"08";"2021";"22:00";"5";"37";"37261";"2";"2";"1";"3";"CLOCHEVILLE (RUE DE)";"47,3909384148";"0,6838463205"
"202100021619";"30";"08";"2021";"11:58";"1";"37";"37233";"2";"1";"1";"4";"DUCLOS (AVENUE JACQUES)";"47,3809656276";"0,7333263925"
"202100021620";"30";"08";"2021";"14:14";"1";"37";"37261";"2";"2";"1";"6";"CHURCHILL (BOULEVARD WINSTON)";"47,3731255903";"0,6891396903"
"202100021621";"31";"08";"2021";"11:55";"1";"35";"35238";"2";"1";"1";"3";"ALBERT 1ER (BD)";"48,0896200000";" -1,6831300000"
"202100021622";"31";"08";"2021";"11:15";"1";"33";"33063";"2";"9";"1";"3";"Cours du MarÃ©chal Gallieni";"44,8239000000";" -0,5919000000"
"202100021623";"30";"08";"2021";"18:25";"1";"33";"33167";"2";"2";"1";"3";"Avenue Hubert Dubedout";"44,8470700000";" -0,5102400000"
"202100021624";"31";"08";"2021";"17:02";"1";"31";"31555";"2";"1";"1";"6";"PL DES CARMES";"43,5977500000";"1,4442800000"
"202100021625";"30";"08";"2021";"16:00";"1";"31";"31555";"1";"1";"1";"4";"ECHANGEUR SESQUIERES (A62-A620)";"43,6319800000";"1,4206800000"
"202100021626";"31";"08";"2021";"12:06";"1";"27";"27229";"2";"1";"1";"2";"DUGUAY TROUIN (RUE)";"49,0264524797";"1,1707636164"
"202100021627";"31";"08";"2021";"12:20";"1";"22";"22278";"2";"1";"1";"2";"PARIS (DE)";"48,5046140000";" -2,7424250000"
"202100021628";"30";"08";"2021";"18:15";"1";"22";"22187";"1";"1";"1";"4";"RN12";"48,5282300000";" -2,7540200000"
"202100021629";"27";"08";"2021";"15:45";"1";"21";"21231";"2";"1";"1";"2";"BOURROCHES (DES) (BOULEVARD)";"47,3088310939";"5,0172919661"
"202100021630";"31";"08";"2021";"23:40";"5";"17";"17333";"2";"9";"1";"7";"ROULLET  PAUL ( AVENUE)";"45,5771900000";" -0,9865300000"
"202100021631";"30";"08";"2021";"03:30";"5";"13";"13071";"2";"1";"1";"2";"AMANDIERS (PARC LES)";"43,3871600000";"5,3364700000"
"202100021632";"31";"08";"2021";"16:45";"1";"13";"13211";"2";"1";"1";"3";"CARTONNERIE (BOULEVARD DE LA )";"43,2916503468";"5,4605689425"
"202100021633";"31";"08";"2021";"15:20";"1";"13";"13212";"2";"1";"1";"1";"WILLIAM BOOTH (AVENUE)";"43,2943359460";"5,4422834216"
"202100021634";"31";"08";"2021";"14:45";"1";"13";"13212";"2";"1";"1";"3";"TROIS LUCS A LA VALENTINE (route)";"43,3044065830";"5,4739350641"
"202100021635";"30";"08";"2021";"14:10";"1";"13";"13208";"2";"3";"1";"3";"PRADO (AVENUE DU)";"43,2638204744";"5,3778341359"
"202100021636";"30";"08";"2021";"10:00";"1";"13";"13211";"2";"1";"1";"3";"BARASSE";"43,2850000000";"5,4820000000"
"202100021637";"31";"08";"2021";"12:00";"1";"13";"13047";"2";"9";"1";"3";"RAYMOND FILIPPI AVENUE";"43,4981181311";"4,9815748455"
"202100021638";"31";"08";"2021";"13:55";"1";"11";"11069";"2";"9";"1";"6";"RIVOLI  -BD ET IMPASSE-";"43,2286000000";"2,3592600000"
"202100021639";"25";"08";"2021";"23:35";"3";"11";"11069";"1";"1";"1";"6";"ROCADE NORD EST - RD 6113";"43,2333750000";"2,3693820000"
"202100021640";"31";"08";"2021";"10:40";"1";"07";"07186";"2";"1";"1";"6";"COUX (AVENUE DE)";"44,7346400000";"4,6083400000"
"202100021641";"26";"08";"2021";"10:45";"1";"06";"06083";"2";"9";"1";"6";"Avenue de Sospel";"43,7801840000";"7,4938000000"
"202100021642";"31";"08";"2021";"16:00";"1";"06";"06069";"1";"1";"1";"3";"PAOUTE (ROUTE ET TRAVERSE DE LA)";"43,6361300000";"6,9567300000"
"202100021643";"31";"08";"2021";"09:55";"1";"06";"06069";"2";"1";"1";"3";"VICTOR HUGO  (BD)";"43,6561800000";"6,9196820000"
"202100021644";"31";"08";"2021";"09:50";"1";"75";"75113";"2";"1";"1";"2";"BD PERIPHERIQUE EXTERIEUR";"48,8252799735";"2,3855808377"
"202100021645";"31";"08";"2021";"16:10";"1";"75";"75120";"2";"4";"1";"6";"RUE D EUPATORIA";"48,8690400000";"2,3882270000"
"202100021646";"31";"08";"2021";"05:00";"5";"75";"75118";"2";"2";"1";"3";"RUE DE CLIGNANCOURT";"48,8890370000";"2,3481500000"
"202100021647";"30";"08";"2021";"08:50";"1";"75";"75117";"2";"2";"1";"6";"BOULEVARD MALESHERBES";"48,8840260000";"2,3086980000"
"202100021648";"29";"08";"2021";"12:05";"1";"75";"75117";"2";"1";"1";"2";"AVENUE DE LA PORTE DE CLICHY";"48,8957530000";"2,3112840000"
"202100021649";"30";"08";"2021";"21:15";"5";"75";"75116";"2";"7";"1";"6";"AVENUE DU PRESIDENT WILSON";"48,8647430000";"2,2947850000"
"202100021650";"31";"08";"2021";"07:30";"1";"75";"75114";"2";"7";"1";"3";"BOULEVARD BRUNE";"48,8276063751";"2,3053986211"
"202100021651";"31";"08";"2021";"20:30";"5";"75";"75113";"2";"2";"1";"7";"AVENUE DE FRANCE";"48,8362120000";"2,3715180000"
"202100021652";"31";"08";"2021";"08:54";"1";"75";"75113";"2";"2";"1";"3";"AVENUE DE LA PORTE D ITALIE";"48,8189930000";"2,3595210000"
"202100021653";"31";"08";"2021";"05:35";"5";"75";"75105";"2";"2";"1";"3";"RUE DES ECOLES";"48,8489060000";"2,3474710000"
"202100021654";"30";"08";"2021";"22:20";"5";"75";"75113";"2";"4";"1";"2";"AVENUE PIERRE DE COUBERTIN";"48,8168860000";"2,3441600000"
"202100021655";"31";"08";"2021";"19:10";"1";"75";"75112";"2";"1";"1";"6";"BOULEVARD SOULT";"48,8414990000";"2,4092960000"
"202100021656";"31";"08";"2021";"17:50";"1";"75";"75111";"2";"3";"1";"6";"BOULEVARD VOLTAIRE";"48,8558910000";"2,3833090000"
"202100021657";"31";"08";"2021";"08:30";"1";"75";"75108";"2";"1";"1";"3";"BOULEVARD DE COURCELLES";"48,8802130000";"2,3081090000"
"202100021658";"31";"08";"2021";"18:30";"1";"75";"75107";"2";"1";"1";"7";"QUAI BRANLY";"48,8599760000";"2,2945980000"
"202100021659";"31";"08";"2021";"10:35";"1";"94";"94034";"2";"1";"8";"2";"EDOUARD HERRIOT (AV)";"48,7537000000";"2,3265000000"
"202100021660";"31";"08";"2021";"17:10";"1";"94";"94055";"2";"1";"1";"3";"Avenue Olivier dâOrmesson";"48,7838100000";"2,5358100000"
"202100021661";"20";"07";"2021";"22:45";"5";"94";"94017";"2";"1";"1";"2";"Rue du Monument";"48,8122700000";"2,5194100000"
"202100021662";"31";"08";"2021";"16:30";"1";"93";"93078";"1";"1";"1";"2";"Avenue de la Plaine";"48,9721000000";"2,5059000000"
"202100021663";"31";"08";"2021";"10:00";"1";"93";"93072";"2";"2";"1";"3";"MARCEL CACHIN (AVENUE) COTE NÂ°16 AU 50";"48,9589200000";"2,3823300000"
"202100021664";"31";"08";"2021";"18:15";"1";"93";"93051";"2";"1";"1";"6";"Rue Pierre Brossolette";"48,8472400000";"2,5417400000"
"202100021665";"31";"08";"2021";"17:00";"1";"93";"93014";"2";"9";"1";"6";"COUBRON (ALLEE DE)";"48,9117800000";"2,5499500000"
"202100021666";"31";"08";"2021";"04:45";"5";"93";"93007";"2";"3";"1";"3";"ARISTIDE BRIAND (AVENUE COTE PAIRS)";"48,9461200000";"2,4542900000"
"202100021667";"31";"08";"2021";"14:40";"1";"93";"93005";"2";"2";"8";"3";"Route de Mitry / Rue Ambroise ParÃ©";"48,9494100000";"2,5200600000"
"202100021668";"31";"08";"2021";"09:00";"1";"92";"92062";"2";"9";"1";"6";"BERGERES RD-PT DES) DU 108 AU 128";"48,8856586423";"2,2274718868"
"202100021669";"30";"08";"2021";"01:10";"5";"92";"92049";"2";"1";"1";"1";"PERI RUE GABRIEL NÂ°37 A 99";"48,8195097926";"2,3138530436"
"202100021670";"31";"08";"2021";"19:20";"1";"92";"92026";"2";"3";"1";"3";"VERDUN (DE 62 A FIN)";"48,9012950949";"2,2599488497"
"202100021671";"31";"08";"2021";"19:00";"1";"92";"92023";"2";"1";"1";"2";"STENDHAL (AVENUE)";"48,7876562855";"2,2368764789"
"202100021672";"31";"08";"2021";"10:45";"1";"92";"92002";"2";"3";"1";"6";"MONT BLANC (RUE DU)";"48,7369700000";"2,2884000000"
"202100021673";"31";"08";"2021";"08:00";"1";"65";"65304";"2";"4";"1";"3";"373 Avenue de Tarbes";"43,4586000000";"0,0382800000"
"202100021674";"1";"09";"2021";"18:55";"1";"87";"87079";"1";"1";"1";"3";"D914";"46,0249040000";"1,4901710000"
"202100021675";"31";"08";"2021";"18:00";"1";"38";"38160";"1";"3";"1";"1";"Route du Viannais";"45,5006470000";"4,9723110000"
"202100021676";"1";"09";"2021";"11:30";"1";"41";"41086";"1";"1";"1";"7";"RD 765  lieu-dit la maziÃ¨re";"47,4465780000";"1,5401890000"
"202100021677";"1";"09";"2021";"14:12";"1";"95";"95487";"2";"1";"1";"6";"Avenue Paul Vaillant Couturier";"49,1512808440";"2,2713053226"
"202100021678";"23";"08";"2021";"15:20";"1";"57";"57437";"2";"4";"1";"3";"Rue de Metrich";"49,4222310000";"6,2964430000"
"202100021679";"1";"09";"2021";"03:15";"3";"21";"21261";"1";"1";"1";"6";"A31";"47,2718330000";"5,1406360000"
"202100021680";"1";"09";"2021";"06:40";"2";"81";"81133";"1";"1";"1";"1";"D71, PK. 8.800";"43,8773285454";"2,1559815109"
"202100021681";"31";"08";"2021";"18:55";"1";"71";"71305";"1";"1";"1";"2";"Autoroute A6, PK 368+100, sens PARIS/LYON";"46,4772580000";"4,8874670000"
"202100021682";"13";"08";"2021";"12:15";"1";"01";"01143";"2";"6";"1";"3";"N/A";"46,3500814805";"6,1319451250"
"202100021683";"1";"09";"2021";"13:00";"1";"01";"01109";"2";"2";"1";"3";"N/A";"46,1410170000";"5,9104940000"
"202100021684";"31";"08";"2021";"15:00";"1";"971";"97109";"1";"1";"1";"4";"RN 1";"15,9945260000";" -61,6937260000"
"202100021685";"14";"08";"2021";"12:55";"1";"59";"59083";"1";"1";"1";"7";"Rue de la Gare";"50,9019200000";"2,4159370000"
"202100021686";"31";"08";"2021";"16:57";"1";"44";"44098";"1";"1";"1";"6";"RN 165 PR 59+450";"47,4799720000";" -2,1856780000"
"202100021687";"1";"09";"2021";"16:20";"1";"67";"67106";"1";"1";"1";"6";"route de la VNF";"48,7411630000";"7,9646160000"
"202100021688";"31";"08";"2021";"18:35";"1";"87";"87014";"1";"1";"1";"6";"A20 PK 151.250 Sud/Nord";"46,0860310000";"1,3591290000"