"Num_Acc";"jour";"mois";"an";"hrmn";"lum";"dep";"com";"agg";"int";"atm";"col";"adr";"lat";"long"
"202100021689";"31";"08";"2021";"13:30";"1";"57";"57197";"1";"3";"1";"3";"RD 674";"49,0614560000";"6,9832440000"
"202100021690";"31";"08";"2021";"18:53";"1";"19";"19151";"1";"1";"1";"1";"Rue des Eaux Vives";"45,0999190000";"1,5307210000"
"202100021691";"31";"08";"2021";"18:44";"2";"67";"67165";"1";"1";"1";"1";"D392";"48,4904020000";"7,1622920000"
"202100021692";"31";"08";"2021";"19:30";"1";"76";"76419";"1";"1";"1";"7";"D45";"49,3964380000";"0,8812510000"
"202100021693";"28";"08";"2021";"15:10";"1";"2B";"2B354";"1";"1";"1";"3";"RT20";"42,1561180000";"9,1537570000"
"202100021694";"1";"09";"2021";"01:35";"3";"2B";"2B224";"1";"1";"1";"1";"lieu-dit LORO";"42,8417750000";"9,4540640000"
"202100021695";"1";"09";"2021";"10:15";"1";"55";"55102";"1";"1";"1";"3";"D38";"49,2067800000";"5,3602300000"
"202100021696";"31";"08";"2021";"17:30";"1";"47";"47086";"1";"1";"1";"6";"Taminage";"44,6868170000";"0,2067450000"
"202100021697";"29";"08";"2021";"16:35";"1";"34";"34257";"1";"1";"1";"7";"cd 922 pk 10+100";"43,6749117108";"3,0002099352"
"202100021698";"26";"08";"2021";"02:00";"3";"34";"34154";"1";"1";"1";"2";"D62e2";"43,5507640000";"3,9883160000"
"202100021699";"29";"08";"2021";"15:55";"1";"29";"29037";"1";"3";"1";"6";"D785 - Treveon Vihan";"47,9207210000";" -4,1868750000"
"202100021700";"25";"08";"2021";"11:10";"1";"29";"29037";"1";"3";"1";"3";"lieu dit Le Lannou";"47,8847330000";" -4,1720310000"
"202100021701";"26";"08";"2021";"13:00";"1";"38";"38560";"1";"1";"1";"6";"Route de Planchartier";"45,4802350000";"5,4918440000"
"202100021702";"31";"08";"2021";"14:50";"1";"02";"02438";"1";"1";"1";"7";"D805";"49,2915460000";"3,2366320000"
"202100021703";"31";"08";"2021";"12:00";"1";"72";"72054";"1";"1";"1";"6";"les fosses";"48,0162530000";"0,3287850000"
"202100021704";"1";"09";"2021";"13:10";"1";"18";"18140";"1";"1";"1";"6";"D18e";"47,1557690000";"2,0160340000"
"202100021705";"31";"08";"2021";"15:00";"1";"07";"07010";"2";"1";"1";"6";"avenue jean jaurÃ¨s";"45,2495430000";"4,6701870000"
"202100021706";"1";"09";"2021";"15:48";"1";"53";"53147";"1";"1";"1";"1";"ROUTE NATIONALE 12";"48,3087210000";" -0,6477800000"
"202100021707";"1";"09";"2021";"16:05";"1";"17";"17211";"1";"1";"1";"1";"DÃ©partementale 150";"46,0322410000";" -0,5139650000"
"202100021708";"31";"08";"2021";"17:55";"1";"17";"17347";"2";"7";"1";"3";"Rue d Aguesseau";"45,9429440000";" -0,5223760000"
"202100021709";"30";"08";"2021";"18:00";"2";"30";"30012";"1";"3";"7";"3";"D2";"43,8766130000";"4,6512510000"
"202100021710";"31";"08";"2021";"13:50";"1";"88";"88116";"2";"3";"1";"3";"Rue de la Gare";"47,9549670000";"6,8251340000"
"202100021711";"31";"08";"2021";"17:35";"1";"88";"88075";"1";"1";"1";"6";"27 Route de Planois";"48,0000310000";"6,8541120000"
"202100021712";"31";"08";"2021";"16:54";"1";"67";"67324";"1";"1";"1";"7";"RD653";"48,9688220000";"7,6717940000"
"202100021713";"31";"08";"2021";"17:35";"1";"06";"06099";"1";"1";"1";"5";"D6202";"43,9534580000";"6,9185610000"
"202100021714";"26";"08";"2021";"09:00";"1";"67";"67008";"1";"1";"1";"1";"A352";"48,5176851652";"7,5216436386"
"202100021715";"1";"09";"2021";"10:30";"1";"38";"38040";"1";"1";"1";"6";"Route dÃ©partementale 25";"45,0679440000";"6,1583520000"
"202100021716";"31";"08";"2021";"15:45";"1";"976";"97617";"1";"1";"1";"1";"Route de Soulou";" -12,7893610000";"45,1118520000"
"202100021717";"1";"09";"2021";"06:41";"2";"27";"27228";"1";"1";"1";"2";"autoroute A13 PK 140.100 sens Province/PARIS";"49,3716220000";"0,6925710000"
"202100021718";"30";"08";"2021";"08:30";"1";"987";"98714";"2";"1";"1";"6";"RT 101";" -16,5059650000";" -151,7517470000"
"202100021719";"31";"08";"2021";"17:50";"1";"95";"95592";"1";"1";"1";"3";"Rue du Vexin";"49,0469300000";"1,8692800000"
"202100021720";"25";"08";"2021";"16:30";"1";"78";"78381";"2";"2";"1";"3";"Avenue de la Republique";"48,7939100000";"1,6109450000"
"202100021721";"30";"08";"2021";"23:50";"3";"30";"30258";"1";"6";"1";"6";"DÃ©partementale 42 30800";"43,7403930000";"4,4092320000"
"202100021722";"1";"09";"2021";"15:20";"1";"21";"21390";"2";"1";"1";"6";"29 Rue du ChÃ¢teau";"47,2696780000";"4,9908400000"
"202100021723";"31";"08";"2021";"13:20";"1";"63";"63150";"1";"1";"1";"6";"D15";"45,8972100000";"3,0487060000"
"202100021724";"31";"08";"2021";"16:01";"1";"42";"42299";"1";"2";"1";"3";"Route de Montrond";"45,6152830000";"4,1165690000"
"202100021725";"31";"08";"2021";"17:00";"1";"65";"65059";"1";"1";"1";"5";"Route de Toulouse";"43,0851410000";"0,1690650000"
"202100021726";"31";"08";"2021";"17:00";"1";"31";"31291";"2";"1";"1";"3";"9 Route de Saint-Lys";"43,5916260000";"1,2286770000"
"202100021727";"31";"08";"2021";"13:35";"1";"19";"19203";"1";"3";"1";"2";"Le Grelet";"45,2214380000";"1,7672320000"
"202100021728";"31";"08";"2021";"08:30";"1";"33";"33433";"1";"1";"1";"1";"N/A";"44,9138570000";" -0,4100060000"
"202100021729";"31";"08";"2021";"15:00";"1";"61";"61082";"1";"1";"1";"5";"Le Vaujarry";"48,5989760000";"0,3283450000"
"202100021730";"27";"08";"2021";"09:00";"1";"27";"27312";"1";"1";"1";"6";"D57";"49,0424990000";"1,3052490000"
"202100021731";"26";"08";"2021";"07:30";"1";"59";"59146";"2";"3";"1";"3";"Rue Jean Moulin";"50,6105311862";"3,2065478146"
"202100021732";"21";"08";"2021";"18:49";"1";"13";"13202";"1";"1";"1";"4";"Tunnel Joliette Marseille vers Aubagne";"43,3011400000";"5,3642000000"
"202100021733";"31";"08";"2021";"10:00";"1";"13";"13088";"1";"1";"1";"2";"A55-Sens Marseille vers Martigues";"43,3841900000";"5,2330600000"
"202100021734";"31";"08";"2021";"10:00";"1";"13";"13210";"1";"1";"1";"7";"S10CM-Sens Marseille vers A.50 Aubagne";"43,2829500000";"5,3986000000"
"202100021735";"30";"08";"2021";"16:02";"1";"13";"13022";"1";"1";"1";"4";"A50-Sens Toulon vers Aubagne";"43,2270000000";"5,5830000000"
"202100021736";"30";"08";"2021";"14:10";"1";"13";"13215";"1";"1";"1";"2";"A7-Sens Lyon vers Marseille";"43,3565900000";"5,3629700000"
"202100021737";"30";"08";"2021";"14:45";"1";"69";"69005";"1";"1";"1";"5";"A46N";"45,9291321035";"4,7422627620"
"202100021738";"31";"08";"2021";"14:45";"1";"91";"91689";"1";"1";"1";"3";"AUTOROUTE A6";"48,7287700000";"2,3142900000"
"202100021739";"31";"08";"2021";"07:00";"2";"94";"94034";"1";"1";"1";"4";"AUTOROUTE A86";"48,7605300000";"2,3196200000"
"202100021740";"31";"08";"2021";"09:20";"1";"92";"92048";"1";"1";"1";"2";"N118";"48,8044701920";"2,2137486570"
"202100021741";"31";"08";"2021";"09:15";"1";"92";"92050";"1";"1";"1";"6";"A86";"48,9022570000";"2,2034640000"
"202100021742";"31";"08";"2021";"20:25";"2";"95";"95351";"1";"1";"1";"2";"RN 104";"49,0392200000";"2,4839600000"
"202100021743";"31";"08";"2021";"14:30";"1";"93";"93066";"1";"1";"1";"2";"AUTOROUTE A1";"48,9205000000";"2,3572800000"
"202100021744";"31";"08";"2021";"12:30";"1";"93";"93039";"1";"1";"1";"5";"AUTOROUTE A86";"48,9274600000";"2,3335400000"
"202100021745";"30";"08";"2021";"18:45";"1";"95";"95018";"1";"1";"1";"3";"A15";"48,9613000000";"2,2692500000"
"202100021746";"30";"08";"2021";"14:10";"1";"93";"93013";"1";"1";"1";"6";"AUTOROUTE A1";"48,9408200000";"2,4253800000"
"202100021747";"30";"08";"2021";"13:30";"1";"92";"92036";"1";"1";"1";"2";"AUTOROUTE A86";"48,9352934024";"2,2847740055"
"202100021748";"31";"08";"2021";"16:30";"1";"94";"94069";"1";"1";"1";"2";"A4";"48,8174016454";"2,4375245840"
"202100021749";"28";"08";"2021";"23:30";"5";"971";"97101";"2";"9";"1";"6";"BAZIN";"16,2710900000";" -61,4964300000"
"202100021750";"27";"08";"2021";"10:05";"1";"05";"05061";"2";"1";"1";"6";"JEAN JAURES ( AVENUE )";"44,5525800000";"6,0718800000"
"202100021751";"30";"08";"2021";"16:05";"1";"974";"97416";"2";"1";"1";"6";"BANK (BOULEVARD)";" -21,3306082277";"55,4742479322"
"202100021752";"30";"08";"2021";"18:30";"5";"988";"98818";"2";"2";"1";"6";"ROUTE DE L'ANSE VATA/RUE BICHAT";" -22,2771000000";"166,4477500000"
"202100021753";"30";"08";"2021";"17:50";"1";"973";"97302";"2";"1";"1";"2";"BADUEL (ROUTE DE)";"4,9286715036";" -52,2943207026"
"202100021754";"30";"08";"2021";"18:30";"2";"69";"69259";"2";"3";"8";"2";"JEAN CAGNE (AV)";"45,6963300000";"4,8716100000"
"202100021755";"30";"08";"2021";"12:30";"1";"69";"69259";"2";"2";"1";"3";"PROFESSEUR ROUX (DU) (R)";"45,7174772208";"4,8588951022"
"202100021756";"30";"08";"2021";"17:12";"1";"972";"97213";"1";"1";"1";"2";"AUTOROUTE A1";"14,6122600000";" -61,0081700000"
"202100021757";"30";"08";"2021";"16:00";"1";"971";"97113";"2";"1";"2";"4";"RN4 - SECTION RIVIERA";"16,2176900000";" -61,4929600000"
"202100021758";"30";"08";"2021";"16:30";"1";"95";"95277";"1";"1";"1";"6";"RD317";"48,9860700000";"2,4715500000"
"202100021759";"29";"08";"2021";"13:49";"1";"87";"87085";"2";"1";"1";"2";"BORIE (BOULEVARD DE LA)";"45,8441600000";"1,2405500000"
"202100021760";"28";"08";"2021";"21:26";"5";"87";"87085";"2";"1";"1";"1";"GRAND-TREUIL (RUE DU)";"45,8469200000";"1,2716200000"
"202100021761";"30";"08";"2021";"16:10";"1";"83";"83069";"2";"1";"1";"6";"FRONT DE MER (BOULEVARD)";"43,1038708195";"6,1741447449"
"202100021762";"30";"08";"2021";"13:30";"1";"83";"83069";"2";"9";"1";"3";"BELLON (RUE DU SOLDAT)";"43,1183123540";"6,1276425266"
"202100021763";"29";"03";"2021";"16:25";"1";"79";"79329";"2";"8";"1";"2";"1 Avenue Emile Zola";"46,9856230000";" -0,2113400000"
"202100021764";"30";"08";"2021";"18:00";"1";"78";"78350";"1";"9";"1";"3";"VERSAILLES (ROUTE DE)";"48,8555870000";"2,1073520000"
"202100021765";"29";"08";"2021";"19:50";"1";"77";"77083";"2";"2";"1";"3";"CHAMPY-NESLE (BOULEVARD DU)";"48,8483900000";"2,5784400000"
"202100021766";"30";"08";"2021";"17:00";"1";"77";"77186";"2";"1";"1";"1";"GRANDE (RUE)";"48,4123600000";"2,7057520000"
"202100021767";"27";"08";"2021";"07:15";"1";"71";"71076";"2";"2";"1";"3";"ANDRE (RUE DU LIEUTENANT)";"46,7959800000";"4,8544000000"
"202100021768";"23";"07";"2021";"01:30";"5";"69";"69290";"2";"9";"1";"6";"GRENOBLE (DE) (RTE)";"45,7122000000";"4,9726000000"
"202100021769";"30";"08";"2021";"11:06";"1";"66";"66136";"2";"1";"1";"3";"LECLERC (AVENUE DU GENERAL)";"42,7008875997";"2,8893600404"
"202100021770";"27";"08";"2021";"17:05";"1";"66";"66136";"2";"1";"1";"6";"PIA (TRAVERSE DE)";"42,7066800000";"2,8925000000"
"202100021771";"30";"08";"2021";"16:10";"1";"64";"64122";"2";"2";"1";"3";"OSSUNA (AVENUE D')";"43,4828500000";" -1,5565700000"
"202100021772";"30";"08";"2021";"16:35";"1";"62";"62688";"2";"8";"8";"6";"BERCK (ROUTE DE)";"50,4179030000";"1,6477260000"
"202100021773";"30";"08";"2021";"08:15";"1";"61";"61117";"2";"2";"1";"2";"ALENCON (RUE D')";"48,4356400000";"0,0488800000"
"202100021774";"27";"08";"2021";"11:30";"1";"56";"56036";"1";"1";"1";"4";"N165 sens Brest/Nantes";"47,7743200000";" -3,3683300000"
"202100021775";"27";"08";"2021";"08:15";"1";"56";"56107";"2";"1";"1";"6";"LOCQUELTAS (RUE DE)";"47,7075700000";" -3,3889800000"
"202100021776";"29";"08";"2021";"18:35";"1";"54";"54165";"1";"1";"8";"6";"PAIN DE SUCRE (CHEMIN)";"48,7186588094";"6,2213636935"
"202100021777";"29";"08";"2021";"17:30";"1";"52";"52121";"2";"1";"1";"3";"REPUBLIQUE (AVENUE)";"48,1017600000";"5,1445700000"
"202100021778";"25";"08";"2021";"18:30";"1";"52";"52121";"2";"1";"1";"3";"HUGO (AVENUE VICTOR)";"48,1048900000";"5,1360800000"
"202100021779";"27";"08";"2021";"15:50";"1";"50";"50129";"2";"1";"1";"1";"ROULE (RUE PROLONGEE DU)";"49,6264100000";" -1,6202000000"
"202100021780";"29";"08";"2021";"11:50";"1";"50";"50602";"2";"6";"1";"3";"PENESME (ROND POINT)";"49,6361000000";" -1,5761200000"
"202100021781";"28";"08";"2021";"15:53";"1";"49";"49328";"2";"1";"1";"7";"CADRE NOIR (PONT DU) bretelle";"47,2650500000";" -0,0924600000"
"202100021782";"30";"08";"2021";"19:15";"1";"49";"49007";"2";"1";"1";"6";"CARNOT";"47,4746600000";" -0,5476400000"
"202100021783";"27";"08";"2021";"17:33";"1";"49";"49007";"2";"1";"1";"6";"CHURCHILL AVENUE ET SQUARE";"47,4480000000";" -0,5657000000"
"202100021784";"30";"08";"2021";"19:15";"1";"45";"45068";"2";"3";"1";"2";"Rue Roger Salengro";"48,0142927816";"2,7171494362"
"202100021785";"25";"08";"2021";"23:00";"5";"42";"42218";"2";"2";"1";"3";"Boulevard Pierre MendÃ¨s-France";"45,4343500000";"4,3796300000"
"202100021786";"30";"08";"2021";"17:00";"1";"38";"38185";"2";"3";"1";"3";"RUE ABBÃ GRÃGOIRE";"45,1926900000";"5,7373500000"
"202100021787";"30";"08";"2021";"18:35";"1";"35";"35238";"1";"1";"1";"2";"RN 12";"48,1256990000";" -1,7229860000"
"202100021788";"30";"08";"2021";"08:30";"1";"33";"33162";"2";"1";"1";"3";"Rue AndrÃ© Blanc";"44,8802800000";" -0,6408000000"
"202100021789";"30";"08";"2021";"09:00";"1";"33";"33009";"2";"6";"1";"2";"GAUTIER (AVE THEOPHILE) DU 02 ET +";"44,6460700000";" -1,1904900000"
"202100021790";"29";"08";"2021";"14:20";"1";"29";"29019";"2";"1";"1";"3";"14 Rue de Guilers";"48,3854116727";" -4,5071469599"
"202100021791";"30";"08";"2021";"13:46";"1";"28";"28218";"2";"3";"1";"6";"POIFFONDS (RUE DE)";"48,4437000000";"1,4508800000"
"202100021792";"30";"08";"2021";"14:05";"1";"27";"27234";"1";"1";"1";"7";"RN 154";"49,0358900000";"1,1866000000"
"202100021793";"29";"08";"2021";"19:50";"1";"18";"18033";"2";"1";"1";"6";"LATTRE DE TASSIGNY (AVENUE DU MARECHAL D";"47,1000000000";"2,4100000000"
"202100021794";"30";"08";"2021";"22:10";"5";"17";"17300";"2";"2";"1";"3";"THIERS   RUE";"46,1610170000";" -1,1461930000"
"202100021795";"30";"08";"2021";"14:08";"1";"17";"17300";"2";"1";"1";"4";"SARTRE   AVENUE JEAN-PAUL";"46,1564200000";" -1,1278100000"
"202100021796";"26";"08";"2021";"17:15";"1";"09";"09013";"1";"1";"1";"5";"20 (R.N.) COTE NORD DU TUNNEL";"42,9767560000";"1,6223340000"
"202100021797";"27";"08";"2021";"15:00";"1";"05";"05061";"2";"1";"1";"6";"COMMANDANT DUMONT ( AVENUE)";"44,5626788952";"6,0839626862"
"202100021798";"30";"08";"2021";"06:30";"1";"75";"75114";"2";"1";"1";"4";"PORTE D ORLEANS";"48,8200990000";"2,3257410000"
"202100021799";"30";"08";"2021";"04:30";"5";"75";"75114";"2";"4";"1";"2";"PORTE BRANCION";"48,8249360000";"2,3034770000"
"202100021800";"29";"08";"2021";"23:15";"5";"75";"75108";"2";"2";"1";"5";"BOULEVARD DES BATIGNOLLES";"48,8829880000";"2,3241070000"
"202100021801";"30";"08";"2021";"13:15";"1";"75";"75106";"2";"2";"1";"3";"RUE DE VAUGIRARD";"48,8482380000";"2,3310400000"
"202100021802";"30";"08";"2021";"19:15";"1";"75";"75120";"2";"1";"1";"2";"BOULEVARD PERIPHERIQUE";"48,8723760000";"2,4125040000"
"202100021803";"30";"08";"2021";"14:50";"1";"75";"75119";"2";"2";"1";"6";"QUAI DE L OISE";"48,8889920000";"2,3801060000"
"202100021804";"30";"08";"2021";"06:45";"2";"75";"75118";"2";"1";"1";"3";"RUE D AUBERVILLIERS";"48,8977410000";"2,3705440000"
"202100021805";"30";"08";"2021";"18:00";"1";"75";"75115";"2";"2";"1";"3";"RUE PEGOUD";"48,8345550000";"2,2669630000"
"202100021806";"30";"08";"2021";"08:35";"1";"75";"75115";"2";"1";"1";"6";"BOULEVARD DES FRERES VOISIN";"48,8279380000";"2,2711850000"
"202100021807";"28";"08";"2021";"23:15";"5";"75";"75113";"2";"2";"1";"1";"QUAI DE LA GARE";"48,8373500000";"2,3738830000"
"202100021808";"28";"08";"2021";"23:50";"5";"75";"75112";"2";"4";"1";"2";"QUAI DE BERCY";"48,8264400000";"2,3906690000"
"202100021809";"30";"08";"2021";"19:15";"2";"75";"75118";"2";"2";"1";"3";"RUE DE LA CHAPELLE";"48,8985200000";"2,3593600000"
"202100021810";"30";"08";"2021";"16:00";"1";"75";"75108";"2";"2";"1";"3";"RUE DE LA PEPINIERE";"48,8751300000";"2,3229490000"
"202100021811";"30";"08";"2021";"13:30";"1";"75";"75108";"2";"2";"8";"6";"AVENUE DE WAGRAM";"48,8751100000";"2,2960420000"
"202100021812";"30";"08";"2021";"13:00";"1";"94";"94081";"2";"1";"1";"6";"PAUL VAILLANT COUTURIER (AV)";"48,7984500000";"2,4001300000"
"202100021813";"29";"08";"2021";"22:25";"5";"94";"94081";"2";"1";"1";"3";"Quai Jules Guesde";"48,8077300000";"2,4076700000"
"202100021814";"26";"08";"2021";"14:10";"1";"94";"94068";"2";"1";"1";"6";"Quai de Champignol";"48,8091640000";"2,5134820000"
"202100021815";"30";"08";"2021";"22:15";"5";"94";"94003";"2";"1";"1";"3";"FRANCOIS VINCENT RASPAIL (AV)";"48,8079500000";"2,3417300000"
"202100021816";"29";"08";"2021";"21:35";"5";"94";"94003";"2";"1";"1";"6";"Rue Ernest Renan";"48,8093900000";"2,3354300000"
"202100021817";"30";"08";"2021";"00:15";"5";"94";"94002";"2";"2";"1";"6";"Rue Emile Zola";"48,7999000000";"2,4271200000"
"202100021818";"30";"08";"2021";"16:30";"1";"93";"93078";"2";"2";"1";"3";"MONTCALM (AVENUE)";"48,9525000000";"2,5350000000"
"202100021819";"29";"08";"2021";"05:30";"5";"93";"93066";"2";"1";"1";"6";"Avenue LÃ©nine";"48,9460660000";"2,3589640000"
"202100021820";"30";"08";"2021";"11:00";"1";"93";"93064";"2";"1";"1";"3";"QUATRIEME ZOUAVES (RUE DU)";"48,8733010746";"2,4811720848"
"202100021821";"30";"08";"2021";"08:30";"1";"93";"93077";"2";"1";"1";"1";"Allee des 2 Communes";"48,8894700000";"2,4904200000"
"202100021822";"28";"08";"2021";"12:55";"1";"93";"93032";"2";"1";"1";"3";"PAUL VAILLANT COUTURIER (RUE)";"48,8660100000";"2,5633000000"
"202100021823";"30";"08";"2021";"15:10";"1";"92";"92073";"2";"1";"1";"7";"ROUSSEAU (RUE JEAN-JACQUES)";"48,8644380000";"2,2205430000"
"202100021824";"29";"08";"2021";"00:10";"5";"92";"92036";"2";"2";"1";"3";"PIERRE DE COUBERTIN PROLONGE";"48,9343125398";"2,2811490297"
"202100021825";"30";"08";"2021";"02:52";"5";"92";"92012";"2";"7";"1";"7";"PONT DE BILLANCOURT (PLACE DU)";"48,8253632915";"2,2484198426"
"202100021826";"30";"08";"2021";"16:50";"1";"92";"92009";"2";"3";"1";"6";"ARGENTEUIL AV D'";"48,9211071017";"2,2783935046"
"202100021827";"25";"08";"2021";"15:55";"1";"92";"92004";"2";"2";"1";"3";"PONT DE CLICHY";"48,9110380514";"2,2988650203"
"202100021828";"19";"08";"2021";"20:10";"2";"92";"92036";"2";"1";"1";"3";"PIERRE DE COUBERTIN  ( BD )";"48,9303100000";"2,2846200000"
"202100021829";"30";"08";"2021";"21:30";"3";"26";"26031";"1";"1";"1";"6";"D540";"44,5548520000";"4,8539940000"
"202100021830";"29";"08";"2021";"13:15";"1";"38";"38157";"1";"1";"1";"3";"Chez Meunier";"45,5079540000";"4,9266540000"
"202100021831";"29";"08";"2021";"10:00";"1";"988";"98812";"2";"1";"1";"6";"Lieu-dit ""Les 3 creek""";" -20,4648720000";"164,3317630000"
"202100021832";"30";"08";"2021";"13:50";"1";"26";"26324";"1";"1";"1";"6";"Autoroute A7";"44,3374530000";"4,7379300000"
"202100021833";"30";"08";"2021";"12:40";"1";"71";"71170";"1";"1";"1";"3";"A6";"46,8890655035";"4,8209358912"
"202100021834";"30";"08";"2021";"18:30";"1";"01";"01091";"2";"2";"1";"3";"Avenue MarÃ©chal Leclerc";"46,1164980000";"5,8095360000"
"202100021835";"30";"08";"2021";"18:05";"1";"68";"68032";"2";"2";"1";"1";"Rue Principale";"47,8479070000";"7,2169070000"
"202100021836";"31";"08";"2021";"13:20";"1";"60";"60176";"2";"9";"1";"3";"Route de Compiegne";"49,2389515780";"2,8882092078"
"202100021837";"31";"08";"2021";"08:30";"1";"87";"87107";"1";"2";"1";"3";"La Poitevine";"45,9364080000";"1,1864590000"
"202100021838";"29";"08";"2021";"09:15";"1";"56";"56053";"1";"1";"1";"2";"N166";"47,7589590000";" -2,5414900000"
"202100021839";"27";"08";"2021";"21:40";"3";"67";"67066";"1";"1";"1";"6";"D1420";"48,4366180000";"7,1832990000"
"202100021840";"31";"08";"2021";"09:13";"1";"76";"76328";"1";"1";"1";"6";"D151";"49,6507090000";"1,1791420000"
"202100021841";"31";"08";"2021";"16:30";"1";"80";"80295";"1";"2";"1";"3";"D1";"49,9414580000";"2,6889900000"
"202100021842";"29";"08";"2021";"18:45";"1";"65";"65258";"1";"1";"1";"6";"Route d Escala";"43,1045880000";"0,4066930000"
"202100021843";"31";"08";"2021";"12:05";"1";"81";"81037";"2";"4";"7";"3";"Route de Brassac";"43,6292260000";"2,4855660000"
"202100021844";"31";"08";"2021";"10:45";"1";"11";"11220";"1";"1";"1";"6";"RD 610";"43,2048940000";"2,5686550000"
"202100021845";"30";"08";"2021";"14:22";"1";"71";"71218";"1";"1";"1";"1";"Grands Moulins";"46,3111760000";"4,3573770000"
"202100021846";"29";"08";"2021";"16:00";"1";"61";"61278";"2";"1";"1";"3";"Rue Surville";"48,7075590000";" -0,5336360000"
"202100021847";"31";"08";"2021";"07:45";"1";"49";"49214";"2";"2";"1";"7";"rue claude monet";"47,5393320000";" -0,6181530000"
"202100021848";"30";"08";"2021";"20:50";"2";"49";"49067";"1";"1";"1";"1";"RD 191";"47,6558780000";" -0,6599090000"
"202100021849";"28";"08";"2021";"09:15";"1";"49";"49323";"1";"1";"1";"3";"D323";"47,5080400000";" -0,4722840000"
"202100021850";"29";"08";"2021";"13:40";"1";"12";"12156";"1";"1";"1";"6";"D921";"44,6354980000";"2,8309540000"
"202100021851";"29";"08";"2021";"19:30";"1";"41";"41053";"1";"2";"1";"2";"Route DÃ©partementale 106";"47,9856740000";"0,9225140000"
"202100021852";"27";"08";"2021";"11:55";"1";"41";"41092";"1";"1";"1";"7";"D7";"47,4586790000";"1,3285730000"
"202100021853";"29";"08";"2021";"11:40";"1";"34";"34010";"1";"2";"1";"1";"D32";"43,6709140000";"3,5697630000"
"202100021854";"30";"08";"2021";"17:10";"1";"39";"39288";"1";"1";"1";"7";"N/A";"46,7139380000";"5,5889710000"
"202100021855";"29";"08";"2021";"11:40";"1";"44";"44069";"1";"1";"1";"6";"route de Mesquer";"47,3411400000";" -2,4380940000"
"202100021856";"20";"08";"2021";"10:05";"1";"29";"29003";"2";"1";"1";"6";"Quai Jean JaurÃ¨s";"48,0209680000";" -4,5370750000"
"202100021857";"31";"08";"2021";"08:00";"1";"31";"31345";"2";"6";"1";"6";"Route des PyrÃ©nÃ©es";"43,3703630000";"1,4183470000"
"202100021858";"31";"08";"2021";"07:30";"1";"38";"38180";"1";"1";"1";"2";"D119";"45,3606490000";"5,3066540000"
"202100021859";"31";"08";"2021";"14:40";"1";"02";"02483";"1";"1";"1";"3";"D57";"49,7923920000";"3,3673790000"
"202100021860";"18";"08";"2021";"13:33";"1";"03";"03161";"1";"1";"1";"7";"D1089";"46,1714620000";"2,6333230000"
"202100021861";"31";"08";"2021";"05:15";"3";"85";"85208";"1";"1";"1";"1";"RD763, point routier 31+100";"46,8362110000";" -1,4199610000"
"202100021862";"29";"08";"2021";"11:00";"1";"66";"66148";"2";"1";"1";"6";"70 Boulevard des Evades de France";"42,5186590000";"3,1015780000"
"202100021863";"31";"08";"2021";"12:00";"1";"50";"50481";"1";"1";"1";"1";"Rue des MeziÃ¨res";"49,2273790000";" -1,5760070000"
"202100021864";"30";"08";"2021";"11:15";"1";"83";"83007";"2";"1";"1";"2";"RD 557";"43,6191380000";"6,2228210000"
"202100021865";"31";"08";"2021";"16:40";"1";"83";"83012";"2";"6";"1";"6";"D554";"43,5662830000";"6,0118070000"
"202100021866";"30";"08";"2021";"19:15";"1";"18";"18226";"1";"1";"1";"3";"D33";"47,1286950000";"2,4638130000"
"202100021867";"31";"08";"2021";"07:45";"1";"53";"53132";"1";"3";"1";"3";"Les Reutaux";"48,4194750000";" -0,8923010000"
"202100021868";"31";"08";"2021";"14:25";"1";"27";"27407";"1";"2";"1";"1";"D14b";"49,3089730000";"1,4673610000"
"202100021869";"31";"08";"2021";"18:30";"1";"27";"27125";"1";"2";"1";"3";"Intersection RD137 - Rue AbbÃ© Borie";"49,1769130000";"0,7636140000"
"202100021870";"31";"08";"2021";"19:50";"2";"30";"30276";"1";"6";"1";"2";"D979";"43,6278870000";"4,1913320000"
"202100021871";"26";"06";"2021";"04:15";"3";"30";"30006";"2";"7";"1";"6";"Place Albert Fontanieu";"43,6849890000";"4,2095020000"
"202100021872";"29";"08";"2021";"07:28";"1";"30";"30182";"1";"1";"1";"7";"RD 999 PK 40+150";"43,8595420000";"4,1684850000"
"202100021873";"31";"08";"2021";"12:00";"1";"78";"78233";"1";"3";"1";"5";"Route Nationale 307";"48,8713630000";"1,9578620000"
"202100021874";"31";"08";"2021";"12:55";"1";"973";"97309";"1";"1";"1";"1";"Route de la Matourienne";"4,8841700000";" -52,2900510000"
"202100021875";"27";"08";"2021";"23:00";"3";"30";"30034";"1";"1";"1";"6";"A54 PK 12+800";"43,7338090000";"4,4684740000"
"202100021876";"29";"08";"2021";"18:00";"1";"971";"97103";"2";"1";"1";"3";"Rue Bernard Vaitilingon";"16,2362770000";" -61,6048590000"
"202100021877";"30";"08";"2021";"15:50";"1";"974";"97415";"2";"3";"1";"3";"Rue du GÃ©nÃ©ral de Gaulle";" -21,0521700000";"55,2279950000"
"202100021878";"29";"08";"2021";"18:30";"3";"971";"97118";"1";"1";"1";"1";"Chemin de fontarabie";"16,1977170000";" -61,6228290000"