"Num_Acc";"jour";"mois";"an";"hrmn";"lum";"dep";"com";"agg";"int";"atm";"col";"adr";"lat";"long"
"202100021879";"31";"08";"2021";"08:50";"1";"45";"45077";"1";"1";"1";"6";"D37-PR 3 + 50";"47,8517080000";"2,8543960000"
"202100021880";"31";"08";"2021";"14:25";"1";"45";"45082";"2";"3";"1";"6";"4 Avenue du Gatinais";"47,8693340000";"2,2230470000"
"202100021881";"31";"08";"2021";"04:45";"5";"66";"66133";"2";"1";"1";"6";"Route de Sorede";"42,5636970000";"2,9635500000"
"202100021882";"27";"08";"2021";"19:10";"1";"84";"84026";"2";"3";"1";"3";"D973 / Rue Font de l Aube";"43,7346040000";"5,3668290000"
"202100021883";"31";"08";"2021";"08:00";"1";"83";"83104";"2";"1";"1";"6";"Avenue du RÃ©al des Andrieux";"43,6078740000";"5,7638530000"
"202100021884";"30";"08";"2021";"08:20";"2";"67";"67520";"1";"1";"8";"7";"D1004";"48,6468320000";"7,4383880000"
"202100021885";"31";"08";"2021";"18:23";"1";"55";"55025";"1";"1";"1";"6";"D947";"49,4914970000";"5,2344170000"
"202100021886";"30";"08";"2021";"05:30";"3";"74";"74116";"1";"9";"1";"6";"Rte dÃ©partementale 1203";"46,0725530000";"6,2883000000"
"202100021887";"30";"08";"2021";"18:00";"1";"17";"17219";"1";"2";"1";"3";"Route de Bourcefranc";"45,8309820000";" -1,1150260000"
"202100021888";"30";"08";"2021";"15:40";"1";"17";"17058";"1";"1";"1";"1";"D26";"45,8472550000";" -1,1704520000"
"202100021889";"31";"08";"2021";"15:30";"1";"17";"17161";"2";"1";"1";"1";"7 rue des marais";"46,1843440000";" -1,3140430000"
"202100021890";"30";"08";"2021";"16:20";"1";"33";"33448";"2";"1";"1";"7";"N/A";"44,7150980000";" -0,5039070000"
"202100021891";"17";"08";"2021";"00:11";"3";"13";"13117";"1";"1";"1";"3";"A7-Sens Marseille vers Lyon";"43,4320740000";"5,2578730000"
"202100021892";"30";"08";"2021";"18:55";"1";"13";"13019";"1";"1";"1";"2";"A51-Sens Marseille vers Aix en Provence";"43,4238100000";"5,3745500000"
"202100021893";"30";"08";"2021";"08:30";"1";"13";"13071";"1";"1";"1";"4";"A7-Sens Marseille vers Lyon";"43,4055595461";"5,3376440677"
"202100021894";"29";"08";"2021";"10:50";"1";"83";"83069";"1";"1";"1";"6";"A570";"43,1183430101";"6,1054497402"
"202100021895";"16";"08";"2021";"11:15";"1";"69";"69266";"1";"1";"1";"3";"A42";"45,7829800000";"4,8914100000"
"202100021896";"13";"08";"2021";"09:45";"1";"54";"54528";"1";"1";"1";"2";"nationale 4";"48,6510000000";"5,8770000000"
"202100021897";"30";"08";"2021";"18:55";"1";"33";"33122";"1";"1";"1";"4";"AUTOROUTE A 63";"44,7538670000";" -0,6894270000"
"202100021898";"28";"08";"2021";"00:50";"5";"59";"59350";"1";"1";"1";"5";"AUTOROUTE A1";"50,6177250000";"3,0813250000"
"202100021899";"27";"08";"2021";"21:40";"5";"59";"59378";"1";"1";"1";"6";"AUTOROUTE A22";"50,6742877908";"3,1139367314"
"202100021900";"30";"08";"2021";"14:05";"1";"94";"94038";"1";"1";"1";"2";"AUTOROUTE A6B";"48,7786000000";"2,3466000000"
"202100021901";"30";"08";"2021";"12:00";"1";"94";"94016";"1";"1";"1";"2";"AUTOROUTE A6A";"48,7976866097";"2,3436401344"
"202100021902";"30";"08";"2021";"09:00";"1";"78";"78126";"1";"1";"1";"5";"A13";"48,8395100000";"2,1183960000"
"202100021903";"30";"08";"2021";"18:00";"1";"93";"93007";"1";"1";"1";"2";"AUTOROUTE A3";"48,9205100000";"2,4796900000"
"202100021904";"30";"08";"2021";"17:20";"1";"93";"93006";"1";"1";"1";"2";"AUTOROUTE A3";"48,8693100000";"2,4291000000"
"202100021905";"29";"08";"2021";"22:30";"4";"93";"93048";"1";"1";"1";"2";"AUTOROUTE A3";"48,8703200000";"2,4312800000"
"202100021906";"30";"08";"2021";"19:50";"2";"77";"77495";"1";"1";"1";"6";"A5b";"48,5935339617";"2,6356673241"
"202100021907";"29";"08";"2021";"00:31";"5";"94";"94028";"1";"1";"1";"2";"A86 EXT";"48,7775763894";"2,4397518628"
"202100021908";"29";"08";"2021";"14:45";"1";"976";"97611";"2";"1";"1";"6";"passamanty-VahibÃ© ( route )";" -12,8010000000";"45,2089100000"
"202100021909";"29";"06";"2021";"10:45";"1";"83";"83016";"1";"1";"1";"3";"Dn8";"43,2182460000";"5,8109630000"
"202100021910";"28";"08";"2021";"17:40";"1";"987";"98735";"2";"9";"1";"7";"PIERRE LOTI (ALLEE)";" -17,5462930000";" -149,5535540000"
"202100021911";"26";"08";"2021";"17:00";"1";"974";"97416";"1";"1";"1";"3";"ISAUTIER (AVENUE CHARLES)";" -21,3140000000";"55,4535000000"
"202100021912";"29";"08";"2021";"18:30";"2";"974";"97416";"2";"1";"1";"1";"BAILLIF (CHEMIN ERNEST)";" -21,2982500000";"55,4946900000"
"202100021913";"29";"08";"2021";"04:45";"3";"974";"97416";"1";"1";"2";"3";"RN1";" -21,3328000000";"55,4598000000"
"202100021914";"28";"08";"2021";"11:22";"1";"95";"95585";"2";"2";"1";"6";"CAMUS (BD ALBERT)";"48,9777420000";"2,3711250000"
"202100021915";"29";"08";"2021";"13:35";"1";"95";"95018";"2";"2";"1";"2";"PERI (AVENUE GABRIEL)";"48,9454700000";"2,2497000000"
"202100021916";"28";"08";"2021";"12:50";"1";"83";"83137";"2";"9";"1";"6";"CAROUBIER (IMP DU)";"43,1177714201";"5,9755100493"
"202100021917";"29";"08";"2021";"19:42";"2";"83";"83061";"2";"1";"7";"6";"AVENUE MARÃCHAL DE LATTRE DE TASSIGNY";"43,4291400000";"6,7619500000"
"202100021918";"29";"08";"2021";"20:40";"1";"76";"76410";"2";"2";"1";"3";"RN 27 (ROUTE DE DIEPPE)";"49,4754000000";"1,0481900000"
"202100021919";"29";"08";"2021";"13:30";"1";"74";"74010";"2";"2";"1";"3";"CARNOT (PLACE)";"45,9056100000";"6,1237500000"
"202100021920";"28";"08";"2021";"19:20";"1";"73";"73065";"2";"4";"1";"1";"RECLUS (FAUBOURG)";"45,5698940662";"5,9214704062"
"202100021921";"29";"08";"2021";"13:40";"1";"69";"69266";"2";"1";"1";"2";"GENAS (DE) (RTE)";"45,7516200000";"4,9048300000"
"202100021922";"29";"08";"2021";"07:30";"2";"69";"69256";"2";"1";"1";"7";"ROGER SALENGRO (R)";"45,7501100000";"4,9276000000"
"202100021923";"27";"08";"2021";"15:10";"1";"65";"65226";"1";"1";"1";"1";"D64";"43,2409654402";"0,0185206532"
"202100021924";"29";"08";"2021";"04:00";"5";"59";"59360";"2";"2";"2";"3";"MOCQUET GUY RUE";"50,6067300000";"3,0170600000"
"202100021925";"29";"08";"2021";"09:15";"1";"59";"59328";"2";"1";"2";"3";"HIPPODROME AV DE L NÂ°237 AU389";"50,6448800000";"3,0284100000"
"202100021926";"29";"08";"2021";"12:50";"1";"59";"59183";"2";"1";"1";"1";"FORT MARDYCK - ROUTE";"51,0262400000";"2,3151800000"
"202100021927";"29";"08";"2021";"09:55";"1";"56";"56260";"2";"3";"1";"3";"ARRADON (RUE JEROME D')";"47,6554200000";" -2,7722520000"
"202100021928";"28";"08";"2021";"12:10";"1";"56";"56260";"2";"1";"1";"4";"KERANGUEN (AVENUE DE)";"47,6600280000";" -2,7942340000"
"202100021929";"29";"08";"2021";"20:50";"1";"47";"47201";"2";"1";"1";"6";"PONT DE BARROY (ROUTE DU)";"44,1953200000";"0,5980800000"
"202100021930";"29";"08";"2021";"17:53";"1";"37";"37261";"2";"1";"1";"7";"GRAMMONT (AVENUE DE)";"47,3823586560";"0,6920980562"
"202100021931";"29";"08";"2021";"06:10";"5";"33";"33063";"2";"1";"1";"6";"Rue Bertrand de Goth";"44,8217000000";" -0,5784000000"
"202100021932";"28";"08";"2021";"18:20";"1";"30";"30028";"2";"1";"1";"6";"EUZEBY (AVENUE ERNEST)";"44,1550000000";"4,6149700000"
"202100021933";"30";"08";"2021";"02:29";"3";"29";"29232";"1";"1";"1";"6";"N165 - Moulin de Penhoat";"48,0083000000";" -4,0651900000"
"202100021934";"29";"08";"2021";"08:00";"1";"29";"29232";"1";"1";"1";"7";"Route du Lendu";"47,9400500000";" -4,0620300000"
"202100021935";"29";"08";"2021";"16:40";"1";"24";"24037";"2";"9";"1";"3";"PIMONT (BOULEVAR LOUIS)";"44,8435500000";"0,4845000000"
"202100021936";"29";"08";"2021";"21:50";"2";"17";"17415";"1";"1";"1";"6";"SAINT THOMAS ROUTE DE";"45,7824450000";" -0,6648210000"
"202100021937";"29";"08";"2021";"19:35";"2";"13";"13208";"2";"1";"1";"3";"RAYMOND TEISSERE (RUE)";"43,2700000000";"5,4010000000"
"202100021938";"29";"08";"2021";"19:00";"1";"13";"13203";"2";"1";"1";"6";"FÃLIX PYAT (RUE)";"43,3163932639";"5,3743003365"
"202100021939";"29";"08";"2021";"13:00";"1";"13";"13210";"2";"1";"1";"3";"ANDRE BARDON (rue)";"43,2832500000";"5,4262300000"
"202100021940";"29";"08";"2021";"07:10";"1";"13";"13216";"2";"1";"1";"1";"LITTORAL (CHEMIN DU)";"43,3472260210";"5,3441682112"
"202100021941";"29";"08";"2021";"15:50";"1";"11";"11069";"2";"1";"1";"3";"ROCADE NORD - RD 6113";"43,2307090000";"2,3439900000"
"202100021942";"29";"08";"2021";"19:25";"1";"06";"06088";"2";"1";"1";"3";"TURIN (RTE DE)";"43,7281830000";"7,2840640000"
"202100021943";"29";"08";"2021";"22:00";"5";"06";"06027";"2";"9";"1";"1";"NICE AVENUE DE (RN7)";"43,6591700000";"7,1643900000"
"202100021944";"28";"08";"2021";"10:30";"1";"06";"06155";"2";"1";"1";"1";"SAINT BERNARD CH.";"43,5977000000";"7,0576000000"
"202100021945";"28";"08";"2021";"21:25";"5";"75";"75114";"2";"4";"1";"4";"ECHANGEUR ORLEANS";"48,8195300289";"2,3284015059"
"202100021946";"29";"08";"2021";"01:10";"5";"75";"75113";"2";"1";"1";"3";"AVENUE D ITALIE";"48,8296200000";"2,3562610000"
"202100021947";"28";"08";"2021";"04:26";"5";"75";"75119";"2";"1";"1";"6";"AVENUE SIMON BOLIVAR";"48,8751010000";"2,3824780000"
"202100021948";"29";"08";"2021";"13:35";"1";"75";"75120";"2";"3";"1";"6";"RUE DE MENILMONTANT";"48,8679290000";"2,3866430000"
"202100021949";"29";"08";"2021";"20:00";"5";"75";"75117";"2";"2";"1";"3";"RUE LEMERCIER";"48,8869690000";"2,3230400000"
"202100021950";"28";"08";"2021";"02:36";"5";"75";"75115";"2";"1";"1";"1";"AVENUE DU MAINE";"48,8444740000";"2,3200930000"
"202100021951";"29";"08";"2021";"11:41";"1";"75";"75114";"2";"7";"8";"6";"AVENUE DENFERT ROCHEREAU";"48,8349460000";"2,3329870000"
"202100021952";"29";"08";"2021";"12:20";"1";"75";"75110";"2";"3";"8";"6";"RUE BEAUREPAIRE";"48,8701790000";"2,3636390000"
"202100021953";"29";"08";"2021";"14:17";"1";"75";"75108";"2";"3";"1";"6";"AVENUE MONTAIGNE";"48,8664600000";"2,3049770000"
"202100021954";"28";"08";"2021";"21:00";"5";"75";"75108";"2";"1";"1";"3";"COURS ALBERT 1ER";"48,8645550000";"2,3081140000"
"202100021955";"29";"08";"2021";"06:10";"2";"75";"75101";"2";"3";"1";"6";"RUE DE RIVOLI";"48,8637250000";"2,3321750000"
"202100021956";"29";"08";"2021";"04:35";"5";"75";"75101";"2";"4";"1";"6";"RUE DES HALLES";"48,8601500000";"2,3464780000"
"202100021957";"29";"08";"2021";"12:08";"1";"94";"94081";"2";"1";"1";"2";"Rue Audigeois";"48,7912200000";"2,3908500000"
"202100021958";"29";"08";"2021";"15:30";"1";"94";"94033";"2";"3";"2";"3";"MICHELET (R)";"48,8535600000";"2,4750400000"
"202100021959";"29";"08";"2021";"19:54";"1";"94";"94033";"2";"1";"1";"2";"Avenue de la RÃ©publique";"48,8521300000";"2,4648100000"
"202100021960";"29";"08";"2021";"16:00";"1";"94";"94079";"2";"1";"1";"6";"Rue Louis Lenoir";"48,8249900000";"2,5427100000"
"202100021961";"28";"08";"2021";"12:15";"1";"94";"94055";"2";"4";"1";"1";"PINCE VENT - CAR DE PINCE-VENT (AV DE)";"48,7894200000";"2,5490200000"
"202100021962";"29";"08";"2021";"01:15";"3";"93";"93074";"1";"1";"1";"2";"D933";"48,9338517435";"2,5851831435"
"202100021963";"29";"08";"2021";"04:55";"5";"92";"92050";"2";"1";"1";"6";"REPUBLIQUE AVENUE DE LA";"48,9126897503";"2,2248440981"
"202100021964";"29";"08";"2021";"15:30";"1";"05";"05027";"1";"1";"1";"3";"Route Departementale 89 t";"44,8776160000";"6,7392110000"
"202100021965";"30";"08";"2021";"15:45";"1";"83";"83086";"1";"1";"1";"1";"Route de Frejus";"43,4683150000";"6,5863900000"
"202100021966";"29";"08";"2021";"16:55";"1";"35";"35337";"1";"1";"1";"6";"D137";"48,3367990000";" -1,8607570000"
"202100021967";"30";"08";"2021";"08:55";"1";"22";"22239";"1";"1";"8";"2";"La Croix Guessant";"48,3395350000";" -2,1061990000"
"202100021968";"29";"08";"2021";"21:00";"2";"40";"40200";"1";"1";"1";"7";"Route de Mont de Marsan";"44,3464670000";" -0,7713760000"
"202100021969";"29";"08";"2021";"21:30";"3";"51";"51105";"1";"1";"1";"1";"A34";"49,2729440258";"4,0905401884"
"202100021970";"28";"08";"2021";"19:50";"2";"74";"74299";"2";"9";"1";"3";"73 Rte d Annecy";"45,8956920000";"6,1660030000"
"202100021971";"30";"08";"2021";"10:50";"1";"79";"79148";"1";"3";"1";"3";"N/A";"46,2391460000";" -0,0885930000"
"202100021972";"28";"08";"2021";"23:00";"3";"2A";"2A104";"1";"1";"1";"5";"RT 40 Ã  hauteur motel Aqua Dolce";"41,9130720000";"8,8428350000"
"202100021973";"26";"08";"2021";"17:45";"1";"80";"80726";"2";"3";"1";"3";"Rue du Moulin";"49,7730990000";"3,0422100000"
"202100021974";"29";"08";"2021";"21:00";"3";"11";"11106";"1";"3";"1";"3";"intersection dÃ©partementale 31 et dÃ©partementale 1118";"43,2334080000";"3,0761500000"
"202100021975";"29";"08";"2021";"19:45";"2";"11";"11119";"1";"1";"1";"6";"D 620 - PK 40 + 25 m";"43,0496100000";"2,1694510000"
"202100021976";"28";"08";"2021";"23:37";"5";"71";"71310";"2";"6";"1";"6";"avenue de la rÃ©publique Rd 28 face au nÂ° 42";"46,7510855796";"4,4681878438"
"202100021977";"29";"08";"2021";"20:45";"2";"89";"89104";"1";"1";"1";"6";"d45";"47,7994370000";"3,8121420000"
"202100021978";"29";"08";"2021";"14:45";"1";"61";"61464";"1";"6";"1";"7";"D438";"48,6240130000";"0,1810920000"
"202100021979";"29";"08";"2021";"17:35";"1";"55";"55192";"2";"1";"1";"7";"Route de Milly";"49,3710070000";"5,2344720000"
"202100021980";"29";"08";"2021";"15:20";"1";"49";"49235";"2";"1";"1";"7";"Chemin de Beniquet";"47,2251010000";"0,0104560000"
"202100021981";"28";"08";"2021";"21:15";"3";"49";"49224";"1";"4";"1";"3";"Route du Bois Saint Marc";"47,3260360000";" -0,0241450000"
"202100021982";"27";"08";"2021";"16:10";"1";"49";"49359";"1";"2";"1";"5";"Route DÃ©partementale 960";"47,2181690000";" -0,1628210000"
"202100021983";"30";"08";"2021";"00:15";"3";"49";"49183";"1";"1";"1";"2";"La caillotiÃ¨re";"47,5451340000";" -0,9665390000"
"202100021984";"29";"08";"2021";"13:10";"1";"12";"12056";"2";"1";"1";"3";"360 Avenue de Marengo";"44,2800360000";"2,4284610000"
"202100021985";"29";"08";"2021";"18:11";"1";"47";"47195";"1";"1";"1";"7";"Route de Francescas";"44,1131180000";"0,3672700000"
"202100021986";"27";"08";"2021";"11:30";"1";"34";"34126";"1";"6";"1";"3";"D908";"43,5870710000";"3,0828670000"
"202100021987";"28";"08";"2021";"05:00";"3";"68";"68176";"1";"1";"8";"7";"lieu-dit bendorfweiher";"47,5686720000";"7,1913620000"
"202100021988";"29";"08";"2021";"06:15";"2";"25";"25454";"1";"1";"1";"6";"D70";"47,2520290000";"5,9643580000"
"202100021989";"29";"08";"2021";"18:25";"1";"31";"31427";"1";"1";"1";"6";"Quartier de la Rouere";"43,0812550000";"0,7667040000"
"202100021990";"29";"08";"2021";"19:50";"1";"31";"31107";"1";"1";"1";"6";"lieu-dit nÃ¨gre";"43,2962850000";"1,2359510000"
"202100021991";"29";"08";"2021";"20:20";"2";"31";"31033";"1";"1";"1";"6";"D28e";"43,3399970000";"1,4709480000"
"202100021992";"25";"08";"2021";"17:00";"1";"38";"38519";"1";"1";"1";"7";"Route de CÃ©sarge";"45,6009490000";"5,0591300000"
"202100021993";"30";"08";"2021";"09:00";"1";"01";"01236";"1";"1";"1";"7";"Route de Montrevel";"46,3319250000";"5,0870780000"
"202100021994";"28";"08";"2021";"11:15";"1";"09";"09189";"1";"1";"1";"1";"PONT DE L'HARENG";"42,6636140000";"1,8347600000"
"202100021995";"30";"08";"2021";"14:55";"1";"18";"18290";"1";"1";"1";"1";"D926";"47,2803060000";"2,1841760000"
"202100021996";"28";"08";"2021";"18:30";"1";"43";"43268";"1";"1";"1";"6";"Lieu Dit les Cayres";"45,1271990000";"4,1575420000"
"202100021997";"29";"08";"2021";"10:55";"1";"10";"10251";"1";"1";"1";"7";"Montigny-les-Monts";"48,1082050000";"3,9515380000"
"202100021998";"27";"08";"2021";"19:05";"2";"07";"07306";"2";"1";"1";"3";"Route du Rocher";"44,4291370000";"4,3554350000"
"202100021999";"30";"08";"2021";"15:30";"1";"07";"07142";"1";"2";"7";"2";"INTERSECTION RN 102 ET RD 110";"44,7660010000";"3,9152740000"
"202100022000";"30";"08";"2021";"10:00";"1";"24";"24269";"1";"2";"1";"3";"les taches";"45,6033200000";"0,8555170000"
"202100022001";"30";"08";"2021";"12:35";"1";"04";"04013";"1";"3";"1";"3";"RD 951 / RD 503";"44,1185100000";"5,9507680000"
"202100022002";"25";"08";"2021";"04:30";"5";"85";"85012";"2";"6";"1";"6";"122 Avenue de l Estacade";"46,8888900000";" -2,1116040000"
"202100022003";"29";"08";"2021";"17:40";"1";"85";"85264";"1";"1";"1";"1";"la pilletiere";"46,6781660000";" -0,6706600000"
"202100022004";"28";"08";"2021";"06:00";"3";"85";"85108";"1";"1";"1";"7";"D763";"46,9151010000";" -1,3802840000"
"202100022005";"29";"08";"2021";"16:45";"1";"17";"17041";"1";"1";"1";"3";"D116";"46,2152830000";" -0,8095340000"
"202100022006";"25";"08";"2021";"15:45";"1";"30";"30114";"1";"1";"1";"1";"D6110";"43,8162600000";"4,0956260000"
"202100022007";"30";"08";"2021";"17:12";"1";"30";"30228";"1";"2";"1";"5";"d 18";"43,9422210000";"4,3221120000"
"202100022008";"30";"08";"2021";"08:15";"1";"80";"80107";"1";"1";"1";"7";"Autoroute A29 - Point KilomÃ©trique 205.100 dans le sens SAINT-QUENTIN vers AMIENS";"49,8570770000";"2,4199320000"
"202100022009";"29";"08";"2021";"10:30";"1";"40";"40261";"1";"1";"1";"6";"A63 PK 141+600 sens BAYONNE/BORDEAUX";"43,6854980000";" -1,2584550000"
"202100022010";"30";"08";"2021";"07:30";"1";"35";"35131";"2";"1";"1";"6";"Rue de CintrÃ©";"48,1226670000";" -1,8186420000"
"202100022011";"28";"08";"2021";"14:00";"1";"74";"74010";"2";"6";"1";"1";"82 Bd Costa de Beauregard";"45,8780180000";"6,0935500000"
"202100022012";"29";"08";"2021";"01:22";"3";"06";"06085";"1";"1";"1";"4";"a8 pk 167.000 voie sud";"43,5849300000";"7,0270440000"
"202100022013";"28";"08";"2021";"23:18";"3";"06";"06004";"1";"1";"1";"4";"a8 PK 175.500 voie sud";"43,6165820000";"7,1152780000"
"202100022014";"25";"08";"2021";"18:41";"2";"971";"97119";"1";"3";"1";"2";"Balin";"16,3654390000";" -61,4584850000"
"202100022015";"29";"08";"2021";"22:16";"3";"77";"77327";"1";"1";"1";"1";"D619";"48,5715670000";"2,9995890000"
"202100022016";"27";"08";"2021";"15:10";"1";"78";"78590";"1";"1";"1";"6";"91";"48,6804670000";"1,9652550000"
"202100022017";"30";"08";"2021";"16:30";"1";"34";"34341";"1";"1";"7";"3";"RD5 PK 25.800";"43,4915264113";"3,5759155046"
"202100022018";"14";"08";"2021";"05:15";"3";"84";"84034";"1";"3";"1";"2";"CD 900";"43,8828340000";"4,9650320000"
"202100022019";"29";"08";"2021";"19:45";"2";"67";"67226";"2";"9";"8";"2";"D1004";"48,6028220000";"7,5959190000"
"202100022020";"29";"08";"2021";"14:45";"1";"54";"54038";"1";"1";"8";"3";"route de Flacourt";"48,4798914746";"6,7153286936"
"202100022021";"30";"08";"2021";"01:50";"3";"54";"54459";"1";"6";"1";"7";"Porte d'Ã©cluse";"48,6084085715";"6,1743485936"
"202100022022";"27";"08";"2021";"16:45";"1";"26";"26169";"1";"1";"1";"1";"Route de Donzere";"44,4715210000";"4,7421880000"
"202100022023";"21";"08";"2021";"18:05";"1";"07";"07159";"1";"1";"1";"4";"Rn 102";"44,5634100000";"4,4807320000"
"202100022024";"26";"08";"2021";"16:45";"1";"69";"69116";"2";"9";"1";"3";"RD 306";"45,8205960000";"4,7676430000"
"202100022025";"26";"08";"2021";"12:05";"1";"44";"44026";"2";"6";"7";"2";"Rue du Clouet";"47,3082920000";" -1,4805190000"
"202100022026";"27";"08";"2021";"13:00";"1";"14";"14530";"1";"1";"1";"6";"D223";"49,2265580000";" -0,2696870000"
"202100022027";"29";"08";"2021";"10:00";"1";"56";"56007";"2";"6";"1";"7";"Bel Air";"47,6714626900";" -2,9941700400"
"202100022028";"25";"08";"2021";"06:45";"2";"35";"35282";"1";"1";"1";"6";"Le Patis Buret";"48,3028660000";" -1,3564920000"
"202100022029";"30";"08";"2021";"16:00";"1";"02";"02495";"1";"1";"1";"1";"D753";"49,9716080000";"4,0503930000"
"202100022030";"24";"08";"2021";"11:30";"1";"62";"62014";"2";"1";"1";"2";"D943";"50,6526580000";"2,3944830000"
"202100022031";"29";"08";"2021";"03:45";"3";"59";"59232";"1";"1";"1";"2";"rd 649";"50,3014710000";"3,7214260000"
"202100022032";"30";"08";"2021";"01:15";"3";"59";"59430";"1";"1";"1";"6";"42 Route Nationale";"50,1336620000";"3,5305000000"
"202100022033";"27";"08";"2021";"15:32";"1";"13";"13215";"1";"1";"1";"3";"A7-Sens Marseille vers Lyon";"43,3387600000";"5,3768600000"
"202100022034";"28";"08";"2021";"10:30";"1";"13";"13019";"1";"1";"1";"2";"A51-Sens Marseille vers Aix en Provence";"43,4272270327";"5,3837560760"
"202100022035";"27";"08";"2021";"17:25";"1";"13";"13085";"1";"1";"1";"2";"A50-Sens Toulon vers Aubagne";"43,2448510369";"5,5955829619"
"202100022036";"28";"08";"2021";"07:10";"2";"13";"13215";"1";"1";"1";"5";"A7-Sens Marseille vers Lyon";"43,3424770000";"5,3758890000"
"202100022037";"29";"08";"2021";"01:30";"3";"69";"69256";"1";"1";"1";"2";"A42";"45,7930081232";"4,9185144424"
"202100022038";"28";"08";"2021";"21:30";"3";"69";"69009";"1";"1";"1";"2";"A6";"45,9440700000";"4,7186800000"
"202100022039";"28";"08";"2021";"20:15";"1";"91";"91161";"1";"1";"1";"2";"AUTOROUTE A6";"48,7018600000";"2,3082200000"
"202100022040";"29";"08";"2021";"16:48";"1";"78";"78007";"1";"1";"2";"2";"A13W";"48,8953300000";"2,0068400000"
"202100022041";"29";"08";"2021";"08:30";"1";"78";"78646";"1";"1";"1";"6";"RN12";"48,7930110000";"2,0848190000"
"202100022042";"28";"08";"2021";"00:17";"3";"92";"92048";"1";"1";"1";"6";"N118";"48,8113020456";"2,2129734665"
"202100022043";"29";"08";"2021";"12:43";"1";"93";"93006";"1";"9";"1";"2";"AUTOROUTE A3";"48,8667000000";"2,4230000000"
"202100022044";"29";"07";"2021";"05:30";"3";"77";"77121";"1";"1";"1";"2";"A4";"48,8333200000";"2,6666700000"
"202100022045";"28";"08";"2021";"23:12";"5";"94";"94052";"1";"1";"1";"3";"A86.EXT";"48,8353272552";"2,4937909007"
"202100022046";"28";"08";"2021";"05:00";"3";"94";"94018";"1";"1";"1";"4";"A4";"48,8205076244";"2,4018322324"
"202100022047";"6";"04";"2021";"13:54";"1";"25";"25367";"2";"1";"1";"3";"41 Rue de Beaulieu";"47,4447530000";"6,8163510000"
"202100022048";"24";"08";"2021";"14:50";"1";"05";"05061";"2";"1";"2";"6";"DAVID MARTIN ( RUE )";"44,5588430000";"6,0767330000"
"202100022049";"28";"08";"2021";"05:30";"2";"976";"97611";"2";"3";"1";"6";"mgombani-M'Gombani ( rue de )";" -12,7867000000";"45,2255200000"
"202100022050";"28";"08";"2021";"15:15";"1";"976";"97611";"2";"1";"1";"3";"kaweni-Archipel (avenue de l')";" -12,7759000000";"45,2258300000"
"202100022051";"27";"08";"2021";"14:55";"1";"976";"97611";"2";"3";"1";"1";"mamoudzou centre-Mamawe (rue)";" -12,7803500000";"45,2315400000"
"202100022052";"28";"08";"2021";"07:30";"2";"974";"97411";"1";"1";"2";"7";"MONTAGNE (ROUTE DE LA)";" -20,8867400000";"55,4350300000"
"202100022053";"28";"08";"2021";"19:00";"5";"974";"97407";"2";"6";"2";"3";"VERGES(AVENUE)";" -20,9399400000";"55,3056000000"
"202100022054";"28";"08";"2021";"23:55";"3";"973";"97309";"2";"1";"1";"1";"TROUBIRAN (CHEMIN DE)";"4,9200600780";" -52,3044061662"
"202100022055";"28";"08";"2021";"03:40";"5";"69";"69388";"2";"2";"1";"3";"PIERRE VERGER (R)";"45,7314900000";"4,8739300000"
"202100022056";"28";"08";"2021";"14:30";"1";"972";"97213";"1";"1";"1";"2";"Z I CALIFORNIE";"14,6179400000";" -61,0303500000"
"202100022057";"27";"08";"2021";"11:20";"1";"972";"97213";"1";"1";"1";"4";"AUTOROUTE A1";"14,6154800000";" -61,0139500000"
"202100022058";"29";"08";"2021";"01:00";"5";"69";"69381";"2";"4";"1";"3";"GENERAL GIRAUD (DU) (CR)";"45,7695200000";"4,8240200000"
"202100022059";"28";"08";"2021";"14:41";"1";"2A";"2A004";"2";"1";"1";"3";"ROUTE DU STILETTO";"41,9465000000";"8,7646600000"
"202100022060";"28";"08";"2021";"15:00";"1";"91";"91692";"2";"3";"1";"1";"R.N 446";"48,6788500000";"2,1912800000"
"202100022061";"28";"08";"2021";"13:53";"1";"91";"91691";"2";"9";"1";"6";"PAUL DOUMER(RUE)";"48,7175000000";"2,5106200000"
"202100022062";"28";"08";"2021";"14:20";"1";"91";"91479";"2";"2";"1";"3";"AV JEAN JAURES";"48,7109400000";"2,3688100000"
"202100022063";"28";"08";"2021";"13:20";"1";"83";"83090";"1";"1";"1";"3";"PARKING CENT.RE CIAL CARREFOUR";"43,1245100000";"5,8761400000"
"202100022064";"28";"08";"2021";"17:50";"1";"81";"81004";"2";"1";"1";"6";"TEYSSIER (AV DU COLONEL)";"43,9250500000";"2,1503000000"
"202100022065";"28";"08";"2021";"15:20";"1";"76";"76429";"1";"1";"1";"7";"AMFREVILLE. ROUTE D'";"49,3981000000";"1,1424000000"
"202100022066";"28";"08";"2021";"07:10";"2";"76";"76681";"2";"1";"1";"3";"CD 18E (BOULEVARD INDUSTRIEL)";"49,4165500000";"1,1078500000"
"202100022067";"19";"08";"2021";"16:10";"1";"76";"76217";"2";"6";"1";"1";"CURIE (RUE PIERRE)";"49,9176100000";"1,0772700000"