"Num_Acc";"jour";"mois";"an";"hrmn";"lum";"dep";"com";"agg";"int";"atm";"col";"adr";"lat";"long"
"202100022068";"28";"08";"2021";"16:10";"1";"74";"74133";"2";"1";"1";"1";"LIBERATION (RUE DE LA)";"46,1874000000";"6,2087000000"
"202100022069";"27";"08";"2021";"17:40";"1";"74";"74012";"2";"1";"1";"1";"LIVRON (ROUTE DE)";"46,1886500000";"6,2507700000"
"202100022070";"28";"08";"2021";"19:30";"1";"64";"64024";"2";"1";"1";"3";"CHAMBRE D'AMOUR (AVENUE DE LA)";"43,4952300000";" -1,5349700000"
"202100022071";"27";"08";"2021";"15:10";"1";"60";"60175";"2";"1";"1";"3";"ALLENDE (BOULEVARD SALVADOR)";"49,2518200000";"2,4766700000"
"202100022072";"28";"08";"2021";"14:35";"1";"59";"59350";"2";"1";"1";"6";"CHASSEURS DE DRIANT PLACE DES";"50,6185600000";"3,0326100000"
"202100022073";"28";"08";"2021";"07:35";"2";"59";"59350";"2";"3";"2";"3";"WAZEMMES RUE DE NÂ°63-78 A FIN";"50,6229800000";"3,0553700000"
"202100022074";"27";"08";"2021";"20:20";"1";"51";"51454";"2";"1";"1";"7";"Rue Albert Thomas";"49,2338178475";"4,0485735575"
"202100022075";"27";"08";"2021";"20:30";"1";"51";"51454";"2";"6";"1";"2";"Boulevard du PrÃ©sident Wilson";"49,2418600000";"4,0177200000"
"202100022076";"28";"08";"2021";"13:14";"1";"49";"49267";"2";"1";"1";"4";"A87N";"47,4860900000";" -0,4974900000"
"202100022077";"28";"08";"2021";"15:20";"1";"45";"45302";"2";"6";"1";"3";"Rue Passe Debout";"47,9369299793";"1,8869871497"
"202100022078";"28";"08";"2021";"07:05";"1";"38";"38185";"2";"1";"1";"2";"RUE LUCIEN ANDRIEUX";"45,1645300000";"5,7212700000"
"202100022079";"28";"08";"2021";"15:25";"1";"35";"35238";"1";"1";"1";"2";"ROCADE 14-15";"48,1131010000";" -1,7185840000"
"202100022080";"27";"08";"2021";"17:40";"1";"34";"34301";"2";"2";"1";"3";"CHAVASSE (RUE)";"43,4100100000";"3,6883100000"
"202100022081";"27";"08";"2021";"21:30";"4";"34";"34172";"2";"1";"1";"4";"RAVAZ (AVENUE DU PROFESSEUR LOUIS";"43,6208900000";"3,8490800000"
"202100022082";"28";"08";"2021";"12:40";"1";"33";"33162";"2";"2";"1";"3";"Rue Jude";"44,8656000000";" -0,6354200000"
"202100022083";"28";"08";"2021";"10:50";"1";"33";"33063";"2";"2";"1";"3";"Cours Aristide Briand";"44,8318450000";" -0,5773000000"
"202100022084";"28";"08";"2021";"16:00";"1";"33";"33529";"1";"1";"1";"2";"BISCAROSSE (AVE) DUNE VERS BISCA";"44,5797700000";" -1,2127000000"
"202100022085";"28";"08";"2021";"19:00";"1";"30";"30007";"2";"4";"1";"6";"BROUZEN (RUE DE)";"44,1310000000";"4,0708100000"
"202100022086";"27";"08";"2021";"19:20";"1";"29";"29232";"2";"1";"1";"6";"Rue du Manoir";"48,0032470900";" -4,1088615310"
"202100022087";"27";"08";"2021";"11:40";"1";"25";"25462";"2";"1";"1";"1";"SALINS DE (DU 16 AU 63)";"46,9065100000";"6,3477700000"
"202100022088";"27";"08";"2021";"19:25";"1";"21";"21054";"1";"1";"1";"6";"82 Route de Verdun";"47,0041768150";"4,8578089909"
"202100022089";"27";"08";"2021";"12:05";"1";"19";"19272";"2";"9";"1";"3";"Dr Valette (Rue)";"45,2539200000";"1,7597500000"
"202100022090";"27";"08";"2021";"18:05";"1";"19";"19272";"2";"1";"1";"6";"Georges ClÃ©menceau (Bd)";"45,2654022165";"1,7636997144"
"202100022091";"28";"08";"2021";"11:55";"1";"18";"18205";"1";"1";"1";"1";"RD 400 (Rocade)";"47,1018809898";"2,3329561691"
"202100022092";"27";"08";"2021";"17:56";"1";"17";"17306";"2";"1";"1";"4";"PONTAILLAC (DE) (AVENUE)";"45,6213500000";" -1,0377890000"
"202100022093";"28";"08";"2021";"22:15";"5";"17";"17300";"2";"3";"1";"3";"NORMANDIN   RUE EMILE";"46,1495000000";" -1,1446500000"
"202100022094";"28";"08";"2021";"17:15";"1";"13";"13203";"2";"1";"1";"3";"LOUBON (RUE)";"43,3124492524";"5,3805482921"
"202100022095";"28";"08";"2021";"15:20";"1";"13";"13208";"2";"1";"1";"3";"HAMBOURG (BOULEVARD)";"43,2510770678";"5,3880052222"
"202100022096";"28";"08";"2021";"01:40";"5";"13";"13209";"2";"3";"1";"3";"COL DE LA GINESTE D559";"43,2473400000";"5,4070200000"
"202100022097";"28";"08";"2021";"02:45";"5";"13";"13098";"2";"1";"1";"1";"FONTAINE DU LOUP  CHEMIN DE LA";"43,4558200000";"5,0182800000"
"202100022098";"28";"08";"2021";"17:30";"1";"13";"13047";"2";"1";"1";"3";"CARDALINES AVENUE DES";"43,4942300000";"4,9847400000"
"202100022099";"27";"08";"2021";"11:34";"1";"10";"10362";"2";"1";"1";"4";"RD 660";"48,3009200000";"4,0212200000"
"202100022100";"27";"08";"2021";"09:26";"1";"10";"10362";"1";"1";"1";"2";"RD 660";"48,2968400000";"4,0067000000"
"202100022101";"27";"08";"2021";"12:15";"1";"07";"07019";"2";"1";"1";"3";"BELLANDE (AVENUE DE )";"44,6132200000";"4,3988400000"
"202100022102";"28";"08";"2021";"18:50";"1";"06";"06030";"2";"1";"1";"3";"MOULIN (BOULEVARD JEAN)";"43,5622600000";"6,9664100000"
"202100022103";"28";"08";"2021";"12:15";"1";"75";"75118";"2";"4";"1";"6";"BD PERIPHERIQUE EXTERIEUR";"48,9009201845";"2,3638790846"
"202100022104";"27";"08";"2021";"18:45";"1";"75";"75120";"2";"1";"1";"2";"PORTE DES LILAS";"48,8772180000";"2,4089280000"
"202100022105";"27";"08";"2021";"14:00";"1";"75";"75117";"2";"1";"1";"3";"PORTE DE SAINT OUEN";"48,9005010000";"2,3248890000"
"202100022106";"27";"08";"2021";"01:35";"5";"75";"75105";"2";"2";"1";"1";"RUE SOUFFLOT";"48,8468000000";"2,3433470000"
"202100022107";"27";"08";"2021";"03:30";"3";"75";"75119";"2";"1";"1";"6";"LIMITE ADMINISTRATIVE";"48,8962480000";"2,3967070000"
"202100022108";"28";"08";"2021";"05:45";"5";"75";"75118";"2";"2";"1";"6";"RUE CUSTINE";"48,8888480000";"2,3465360000"
"202100022109";"28";"08";"2021";"03:00";"5";"75";"75119";"2";"2";"1";"6";"AVENUE JEAN JAURES";"48,8859140000";"2,3822040000"
"202100022110";"28";"08";"2021";"00:35";"5";"75";"75118";"2";"3";"1";"3";"AVENUE DE LA PORTE DE MONTMARTRE";"48,8989914368";"2,3363882227"
"202100022111";"27";"08";"2021";"21:50";"5";"75";"75117";"2";"1";"1";"6";"RUE BREY";"48,8768610000";"2,2952990000"
"202100022112";"28";"08";"2021";"05:30";"5";"75";"75116";"2";"1";"1";"3";"AVENUE DU PRESIDENT KENNEDY";"48,8559770000";"2,2854300000"
"202100022113";"28";"08";"2021";"15:40";"1";"75";"75107";"2";"2";"1";"6";"RUE DE L UNIVERSITE";"48,8611150000";"2,3102980000"
"202100022114";"28";"08";"2021";"18:00";"1";"75";"75113";"2";"2";"1";"3";"QUAI D AUSTERLITZ";"48,8418960000";"2,3678670000"
"202100022115";"27";"08";"2021";"23:30";"5";"75";"75112";"2";"4";"1";"6";"BOULEVARD DE LA BASTILLE";"48,8500410000";"2,3685710000"
"202100022116";"28";"08";"2021";"11:40";"1";"75";"75111";"2";"2";"2";"3";"AVENUE PARMENTIER";"48,8668776825";"2,3733601174"
"202100022117";"28";"08";"2021";"18:20";"1";"75";"75110";"2";"2";"1";"7";"BOULEVARD DE MAGENTA";"48,8748300000";"2,3573970000"
"202100022118";"28";"08";"2021";"14:15";"1";"75";"75110";"2";"1";"1";"3";"BOULEVARD DE STRASBOURG";"48,8701130000";"2,3546950000"
"202100022119";"28";"08";"2021";"20:40";"4";"94";"94068";"2";"1";"1";"7";"PIE (QU DE LA)";"48,7889000000";"2,4745000000"
"202100022120";"28";"08";"2021";"17:15";"1";"94";"94073";"2";"9";"1";"2";"LEON MARCHAND (AV)";"48,7659400000";"2,3904600000"
"202100022121";"28";"08";"2021";"06:35";"2";"94";"94017";"2";"1";"1";"6";"Avenue de la RÃ©publique";"48,8188800000";"2,5117600000"
"202100022122";"28";"08";"2021";"18:45";"1";"93";"93078";"2";"6";"1";"2";"Avenue Georges ClÃ©menceau / Boulevard Robert Ballanger";"48,9619100000";"2,5548500000"
"202100022123";"28";"08";"2021";"00:00";"5";"93";"93070";"2";"1";"1";"6";"DOCTEUR LEONCE-BASSET(RUE)";"48,9150200000";"2,3355100000"
"202100022124";"27";"08";"2021";"13:25";"1";"93";"93055";"2";"1";"1";"6";"GENERAL LECLERC(AVE DU)(43/87 ET 78/120)";"48,8966900000";"2,4024400000"
"202100022125";"26";"08";"2021";"15:20";"1";"93";"93055";"2";"1";"1";"2";"GENERAL LECLERC (AVENUE)(1/41 ET 2/76)";"48,8982700000";"2,4062600000"
"202100022126";"28";"08";"2021";"15:10";"1";"93";"93006";"2";"1";"1";"6";"Avenue GalliÃ©ni";"48,8604986964";"2,4153828621"
"202100022127";"28";"08";"2021";"20:05";"1";"93";"93010";"2";"1";"1";"3";"SALENGRO (RUE ROGER) 2 A 52";"48,8994000000";"2,4783340000"
"202100022128";"28";"08";"2021";"10:55";"1";"92";"92046";"2";"1";"1";"7";"ETIENNE DOLET (RUE)";"48,8164805186";"2,2973200679"
"202100022129";"28";"08";"2021";"21:30";"5";"92";"92050";"2";"2";"1";"3";"BOULEVARD DE LA DEFENSE";"48,8972431612";"2,2243183851"
"202100022130";"28";"08";"2021";"12:12";"1";"92";"92024";"2";"1";"1";"7";"GUSTAVE EIFFEL (RUE)";"48,9043045185";"2,2957386679"
"202100022131";"27";"08";"2021";"23:05";"5";"92";"92024";"2";"2";"1";"1";"MARTRE DE (4 A 54)";"48,9008837673";"2,3080407602"
"202100022132";"28";"08";"2021";"03:41";"5";"92";"92012";"2";"1";"1";"6";"PIERRE LEFAUCHEUX (AVENUE)";"48,8256114262";"2,2391400512"
"202100022133";"28";"08";"2021";"15:00";"1";"71";"71272";"1";"3";"1";"3";"D67";"46,5866340000";"4,6987610000"
"202100022134";"28";"08";"2021";"05:40";"2";"84";"84137";"2";"1";"1";"7";"415 Route d Orange";"44,2382220000";"5,0519680000"
"202100022135";"28";"08";"2021";"07:30";"2";"57";"57071";"1";"1";"1";"6";"60 Grand Rue";"48,8040700000";"7,0169030000"
"202100022136";"28";"08";"2021";"02:15";"3";"11";"11098";"1";"1";"1";"6";"D6113";"43,1824300000";"2,6927230000"
"202100022137";"27";"08";"2021";"21:35";"3";"35";"35273";"1";"1";"1";"7";"A 84";"48,3874480000";" -1,3059230000"
"202100022138";"28";"08";"2021";"18:20";"1";"42";"42003";"1";"1";"1";"6";"Route de Saint Forgeux";"46,1087070000";"3,9281490000"
"202100022139";"28";"08";"2021";"14:20";"1";"58";"58303";"1";"1";"1";"6";"A77";"47,0282480000";"3,1642340000"
"202100022140";"28";"08";"2021";"18:30";"1";"62";"62451";"2";"1";"1";"6";"rue de lÃ©toile";"50,4799850000";"2,2753290000"
"202100022141";"25";"08";"2021";"19:50";"1";"77";"77440";"2";"3";"1";"3";"D603";"48,9483470000";"3,0730660000"
"202100022142";"27";"08";"2021";"16:15";"1";"37";"37194";"1";"1";"1";"2";"N/A";"47,4994646759";"0,8522246243"
"202100022143";"26";"08";"2021";"18:30";"2";"30";"30135";"2";"3";"1";"3";"D 999";"43,8303670000";"4,5637120000"
"202100022144";"28";"08";"2021";"17:22";"1";"51";"51507";"2";"2";"2";"3";"Rue Florion";"49,0889753314";"4,8883008347"
"202100022145";"29";"08";"2021";"15:00";"1";"19";"19091";"1";"1";"1";"1";"Le Verteil";"45,0842270000";"1,9764930000"
"202100022146";"28";"08";"2021";"18:40";"1";"56";"56001";"1";"3";"1";"3";"Kerfouesnel";"47,6343610000";" -2,1466930000"
"202100022147";"28";"08";"2021";"18:05";"1";"67";"67342";"2";"2";"2";"7";"6 Rue de Molsheim";"48,5493950000";"7,3314170000"
"202100022148";"27";"08";"2021";"15:45";"1";"2B";"2B242";"1";"1";"1";"6";"D109 - E Murelle";"42,3924110000";"9,4977020000"
"202100022149";"27";"08";"2021";"16:35";"1";"82";"82025";"1";"2";"1";"1";"Route de Montech";"43,9578390000";"1,2866340000"
"202100022150";"28";"08";"2021";"04:00";"3";"65";"65031";"1";"1";"1";"7";"D112";"42,9061389957";"0,3477216114"
"202100022151";"27";"08";"2021";"15:25";"1";"12";"12198";"1";"1";"1";"6";"GrillÃ¨re";"44,2955460000";"2,2105800000"
"202100022152";"29";"08";"2021";"04:25";"3";"39";"39138";"1";"1";"1";"6";"N/A";"46,9765810000";"5,3115240000"
"202100022153";"29";"08";"2021";"14:10";"1";"25";"25304";"2";"1";"2";"7";"Rue du Commandant Rolland";"47,4482570000";"6,8789010000"
"202100022154";"29";"08";"2021";"06:00";"3";"44";"44010";"2";"1";"1";"7";"Rue de la Violette";"47,2805960000";" -2,4779680000"
"202100022155";"28";"08";"2021";"19:30";"1";"44";"44072";"1";"1";"1";"6";"Rue de la Claie";"47,4583160000";" -2,2939540000"
"202100022156";"29";"08";"2021";"10:20";"1";"29";"29041";"1";"1";"1";"2";"Rue de Langolen";"48,0646800000";" -3,8361060000"
"202100022157";"29";"08";"2021";"16:15";"1";"29";"29117";"1";"1";"1";"6";"lieu dit Camean Huella";"48,5721210000";" -4,5816850000"
"202100022158";"29";"08";"2021";"15:07";"1";"02";"02196";"1";"1";"1";"2";"D65";"49,5539900000";"3,5527950000"
"202100022159";"28";"08";"2021";"20:20";"1";"15";"15184";"1";"2";"1";"3";"RN 122, PR 7+800";"44,7246310000";"2,2052480000"
"202100022160";"29";"08";"2021";"18:45";"1";"01";"01084";"1";"1";"1";"6";"Route d'ArÃ§on";"46,2076580000";"5,0144110000"
"202100022161";"28";"08";"2021";"21:40";"3";"01";"01328";"1";"1";"1";"1";"D17";"46,1197400000";"5,0004470000"
"202100022162";"29";"08";"2021";"12:05";"1";"50";"50350";"1";"2";"1";"3";"La Gaudiniere";"49,0148320000";" -1,3220500000"
"202100022163";"28";"08";"2021";"07:10";"1";"50";"50401";"2";"1";"1";"6";"21 Route de Saint Marcouf";"49,4733820000";" -1,7827100000"
"202100022164";"28";"08";"2021";"16:10";"1";"09";"09029";"2";"1";"1";"6";"Rue Principale";"42,7905270000";"1,3376710000"
"202100022165";"28";"08";"2021";"19:30";"1";"60";"60471";"2";"3";"1";"3";"Rue du Monchel";"49,5751835058";"3,0053971083"
"202100022166";"29";"08";"2021";"11:00";"1";"45";"45175";"1";"1";"1";"7";"D103";"47,7544370000";"1,7782720000"
"202100022167";"29";"08";"2021";"19:00";"1";"73";"73298";"1";"1";"1";"6";"Route de l'industrie";"45,6475550000";"6,4373660000"
"202100022168";"27";"08";"2021";"07:50";"1";"10";"10078";"1";"2";"1";"3";"D81";"48,2203910000";"4,4220560000"
"202100022169";"29";"08";"2021";"08:30";"1";"07";"07290";"1";"1";"1";"7";"Chemin du Gayte";"44,9514100000";"4,4943570000"
"202100022170";"28";"08";"2021";"14:00";"1";"07";"07028";"1";"4";"1";"3";"N/A";"44,3638250000";"4,2375040000"
"202100022171";"14";"08";"2021";"15:30";"1";"53";"53031";"1";"1";"1";"3";"D123";"48,2284180000";" -0,7796030000"
"202100022172";"29";"08";"2021";"11:45";"1";"40";"40046";"2";"1";"1";"3";"Avenue de la Plage";"44,4398550000";" -1,2389770000"
"202100022173";"28";"08";"2021";"15:45";"1";"24";"24520";"2";"3";"1";"3";"Avenue du GÃ©nÃ©ral de Gaulle";"44,9057200000";"1,2018200000"
"202100022174";"28";"08";"2021";"18:58";"1";"24";"24025";"1";"4";"1";"1";"chabannetas";"45,0932170000";"1,0338950000"
"202100022175";"28";"08";"2021";"13:55";"1";"85";"85128";"2";"3";"1";"3";"86 Rue du PrÃ©sident de Gaulle";"46,4563680000";" -1,1764810000"
"202100022176";"27";"08";"2021";"16:15";"1";"87";"87063";"1";"2";"1";"3";"Route de Feytiat";"45,7872660000";"1,3715420000"
"202100022177";"28";"08";"2021";"07:45";"2";"37";"37250";"1";"1";"1";"6";"N/A";"47,2005040121";"0,6706661930"
"202100022178";"29";"08";"2021";"06:45";"2";"33";"33199";"1";"1";"1";"6";"N/A";"44,6144227384";" -1,0746002198"
"202100022179";"29";"08";"2021";"05:00";"3";"988";"98829";"1";"1";"1";"7";"RPS10 THIO";" -21,5902750000";"166,1559930000"
"202100022180";"29";"08";"2021";"12:55";"1";"29";"29233";"2";"1";"7";"6";"11 Rue BrÃ©mond d Ars";"47,8735670000";" -3,5454810000"
"202100022181";"28";"08";"2021";"15:25";"1";"77";"77168";"2";"1";"1";"6";"31 Rue du Bois des Places";"48,1673960000";"2,8819780000"
"202100022182";"29";"08";"2021";"10:45";"1";"2B";"2B337";"1";"1";"1";"4";"T20";"42,4722490000";"9,2226560000"
"202100022183";"28";"08";"2021";"22:05";"3";"34";"34081";"1";"1";"1";"7";"RD 162E2";"43,3099330000";"3,1632690000"
"202100022184";"28";"08";"2021";"10:40";"1";"34";"34154";"2";"1";"1";"6";"Avenue Gabriel Aldie";"43,6157740000";"4,0047370000"
"202100022185";"29";"08";"2021";"15:00";"1";"84";"84078";"1";"1";"1";"7";"chemin des mines";"44,2380890000";"4,7283380000"
"202100022186";"28";"08";"2021";"23:30";"3";"13";"13014";"1";"1";"6";"7";"D21";"43,4868050000";"5,1905090000"
"202100022187";"24";"08";"2021";"16:45";"1";"21";"21261";"1";"6";"1";"1";"Zone d Activite la Boulouze";"47,2652520000";"5,1329540000"
"202100022188";"28";"08";"2021";"18:25";"1";"21";"21292";"2";"9";"1";"2";"57 Avenue du General de Gaulle";"47,2368390000";"5,2259620000"
"202100022189";"29";"08";"2021";"00:00";"5";"55";"55502";"2";"1";"2";"6";"11 Avenue du 18e Bcp";"49,4889670000";"5,1823820000"
"202100022190";"29";"08";"2021";"15:00";"1";"26";"26315";"1";"1";"1";"1";"Route des Grands Goulets";"45,0072160000";"5,4409360000"
"202100022191";"27";"08";"2021";"16:45";"1";"69";"69036";"1";"3";"1";"1";"D337";"46,1191240000";"4,6611160000"
"202100022192";"29";"08";"2021";"14:00";"1";"81";"81219";"1";"1";"1";"7";"Route Nationale 126 - PK 028+076";"43,5671770000";"1,9453100000"
"202100022193";"28";"08";"2021";"22:50";"3";"32";"32118";"2";"1";"1";"6";"En Martin";"43,5337680000";"0,5771950000"
"202100022194";"28";"08";"2021";"16:45";"1";"85";"85178";"2";"9";"1";"1";"Rue du Stade";"46,7702400000";" -1,5023290000"
"202100022195";"29";"08";"2021";"12:40";"1";"50";"50612";"1";"2";"1";"3";"Intersection D41 et route de genets";"48,6752020000";" -1,4528220000"
"202100022196";"28";"08";"2021";"17:35";"1";"29";"29091";"2";"1";"1";"6";"Rue Sainte Anne";"48,6461630000";" -4,3692170000"
"202100022197";"29";"08";"2021";"15:20";"1";"60";"60141";"2";"1";"2";"3";"Avenue du MarÃ©chal Joffre";"49,1895750000";"2,4627550000"
"202100022198";"23";"08";"2021";"18:35";"1";"60";"60103";"1";"1";"1";"7";"D94";"49,4242561998";"2,2603890223"
"202100022199";"29";"08";"2021";"14:30";"1";"62";"62318";"2";"1";"1";"6";"Rue Neuve";"50,5205590000";"1,6405380000"
"202100022200";"29";"08";"2021";"07:05";"2";"59";"59052";"2";"1";"2";"6";"48 Rue Jules Guesde";"50,5203350000";"2,8907980000"
"202100022201";"28";"08";"2021";"13:10";"1";"13";"13215";"1";"1";"1";"2";"A7-Sens Lyon vers Marseille";"43,3474100000";"5,3718100000"
"202100022202";"27";"08";"2021";"07:25";"1";"13";"13028";"1";"1";"1";"7";"A50-Sens Aubagne vers Toulon";"43,2104300000";"5,5832900000"
"202100022203";"28";"08";"2021";"06:20";"3";"33";"33143";"1";"1";"1";"3";"AUTOROUTE A 10";"44,9679440000";" -0,4373320000"
"202100022204";"28";"08";"2021";"14:30";"1";"91";"91534";"1";"1";"1";"7";"RN 118";"48,7300300000";"2,1817900000"
"202100022205";"28";"08";"2021";"12:05";"1";"91";"91161";"1";"1";"1";"5";"AUTOROUTE A6";"48,7032600000";"2,3072500000"
"202100022206";"27";"08";"2021";"19:45";"1";"93";"93066";"1";"1";"1";"6";"AUTOROUTE A1";"48,9297470989";"2,3636498568"
"202100022207";"28";"08";"2021";"08:00";"1";"95";"95277";"1";"1";"1";"2";"RD 170 ";"48,9781100000";"2,4474900000"
"202100022208";"27";"08";"2021";"23:50";"4";"77";"77438";"1";"1";"1";"2";"A104";"48,8635169161";"2,6686188701"
"202100022209";"26";"08";"2021";"13:15";"1";"72";"72181";"2";"1";"1";"6";"FONDERIE (RUE DE LA)";"48,0065800000";"0,1891500000"
"202100022210";"27";"08";"2021";"10:30";"1";"71";"71306";"2";"9";"1";"6";"Boulevard de Lattre de Tassigny";"46,6771662863";"4,3698824980"
"202100022211";"26";"08";"2021";"19:40";"1";"12";"12145";"2";"1";"1";"6";"Boulevard Pierre Bousquet";"44,0950400000";"3,0852400000"
"202100022212";"27";"08";"2021";"22:35";"5";"988";"98818";"2";"2";"1";"5";"AVENUE DU MARECHAL FOCH/RUE AUGUSTE BRUN";" -22,2766800000";"166,4430200000"
"202100022213";"27";"08";"2021";"17:30";"1";"988";"98818";"2";"3";"1";"3";"AVENUE BONAPARTE/RUE DE BOZOULS";" -22,2364200000";"166,4645400000"
"202100022214";"27";"08";"2021";"05:47";"1";"976";"97611";"2";"1";"1";"7";"m'tsapere-Belle vue ( rue )";" -12,7842000000";"45,2230600000"
"202100022215";"27";"08";"2021";"19:15";"3";"974";"97411";"2";"1";"1";"6";"MONTAGNE (ROUTE DE LA)";" -20,8869800000";"55,4351800000"
"202100022216";"27";"08";"2021";"08:25";"1";"974";"97411";"2";"1";"1";"1";"CHAUDRON (BLD 2 DU)";" -20,8923700000";"55,4916400000"
"202100022217";"27";"08";"2021";"08:40";"1";"69";"69387";"2";"3";"1";"3";"GUILLOTIERE (DE LA) (GR)";"45,7473600000";"4,8582600000"
"202100022218";"27";"08";"2021";"04:40";"5";"69";"69259";"2";"1";"1";"3";"EUGENE MARECHAL (R)";"45,7067700000";"4,8805700000"
"202100022219";"27";"08";"2021";"10:37";"1";"2B";"2B033";"2";"3";"1";"3";"ROUTE ROYALE";"42,6774678859";"9,4337932497"
"202100022220";"17";"08";"2021";"21:00";"5";"95";"95197";"2";"2";"1";"6";"RD 928";"48,9670367634";"2,3174344810"
"202100022221";"26";"08";"2021";"19:20";"1";"91";"91433";"1";"6";"1";"2";"ROND POINT RD20-RD 207-A";"48,4582400000";"2,1765760000"
"202100022222";"11";"07";"2021";"10:50";"1";"89";"89236";"2";"1";"1";"6";"26 Grande Rue";"48,1755800000";"3,3119000000"
"202100022223";"26";"08";"2021";"17:44";"1";"87";"87085";"2";"1";"1";"3";"CHENIEUX (RUE FRANCOIS)";"45,8339700000";"1,2563600000"
"202100022224";"26";"08";"2021";"15:45";"1";"87";"87085";"2";"1";"1";"2";"GAMBETTA (BOULEVARD)";"45,8284500000";"1,2562300000"
"202100022225";"26";"08";"2021";"18:10";"1";"86";"86194";"2";"1";"1";"2";"Route de Parthenay";"46,6011790000";"0,3173490000"
"202100022226";"27";"08";"2021";"13:00";"1";"83";"83137";"2";"3";"1";"3";"GUES (BD DE L'ENSEIGNE DE VAISSEAU)";"43,1140610895";"5,9806072712"
"202100022227";"22";"08";"2021";"16:30";"1";"83";"83118";"2";"1";"1";"6";"AVENUE DU GRAND DEFENDS";"43,4276100000";"6,7969200000"
"202100022228";"24";"08";"2021";"18:35";"1";"74";"74012";"2";"1";"1";"6";"ANNEXION (RUE DE L')";"46,1853900000";"6,2420800000"
"202100022229";"27";"08";"2021";"19:29";"1";"72";"72181";"2";"2";"1";"3";"EICHTHAL (RUE D')";"47,9997800000";"0,1857400000"
"202100022230";"27";"08";"2021";"13:15";"1";"69";"69290";"2";"9";"1";"1";"DES PARCS (ALL)";"45,7089000000";"4,9373100000"
"202100022231";"27";"08";"2021";"08:25";"1";"69";"69266";"2";"8";"1";"3";"CHARLES HERNU (PL)";"45,7705000000";"4,8629100000"
"202100022232";"27";"07";"2021";"02:00";"5";"69";"69282";"2";"2";"1";"1";"VERDUN (DE) (AV)";"45,7794700000";"4,9969300000"
"202100022233";"26";"08";"2021";"19:00";"1";"67";"67482";"2";"4";"7";"3";"BOECKLIN (RUE)";"48,6010800000";"7,7818000000"
"202100022234";"26";"08";"2021";"17:23";"1";"66";"66136";"1";"6";"1";"3";"ROTTERDAM (ROND POINT DE)";"42,6942003862";"2,8514087945"
"202100022235";"27";"08";"2021";"20:40";"5";"65";"65440";"2";"2";"1";"3";"DUPONT (RUE)";"43,2370100000";"0,0818600000"
"202100022236";"27";"08";"2021";"15:35";"1";"64";"64445";"2";"1";"7";"4";"Avenue des Martyrs du Pont-Long";"43,3460184449";" -0,3798651695"
"202100022237";"27";"08";"2021";"13:30";"1";"64";"64129";"2";"1";"7";"2";"BAYONNE DE";"43,2983900000";" -0,3889600000"
"202100022238";"28";"08";"2021";"02:15";"5";"64";"64102";"2";"1";"1";"7";"MARINES (AVENUE DES ALLEES)";"43,4976270000";" -1,4855080000"
"202100022239";"27";"08";"2021";"21:50";"5";"64";"64102";"2";"1";"1";"7";"NAVARRE (AVENUE HENRI DE)";"43,4999090000";" -1,4463120000"
"202100022240";"26";"08";"2021";"19:35";"1";"64";"64140";"2";"1";"1";"2";"BAZE (Z.A. DU)";"43,5262897865";" -1,4939281297"
"202100022241";"26";"08";"2021";"13:50";"1";"63";"63113";"2";"2";"1";"3";"rue Hugo / rue d'Alsace";"45,7807400000";"3,0967700000"
"202100022242";"27";"08";"2021";"17:05";"1";"59";"59350";"2";"9";"1";"2";"LIBERTE BVD NÂ°2 - 90-51 - 145";"50,6330000000";"3,0592300000"
"202100022243";"27";"08";"2021";"13:00";"1";"59";"59350";"2";"9";"1";"1";"LAMBRET OSCAR AVENUE";"50,6102200000";"3,0386000000"
"202100022244";"21";"08";"2021";"16:20";"1";"59";"59350";"2";"1";"1";"6";"SALENGRO ROGER RUE";"50,6243294702";"3,1202861667"
"202100022245";"26";"08";"2021";"16:20";"1";"59";"59350";"2";"2";"8";"6";"DUNKERQUE AVENUE DE";"50,6401800000";"3,0190400000"
"202100022246";"27";"08";"2021";"02:30";"5";"59";"59122";"2";"1";"1";"6";"CATEAU (AVENUE DU)";"50,1739700000";"3,2503100000"
"202100022247";"26";"08";"2021";"15:40";"1";"57";"57672";"2";"3";"1";"3";"ESCH SUR ALZETTE (ROUTE D') - IMPAIR";"49,3569700000";"6,1402800000"
"202100022248";"27";"08";"2021";"18:50";"1";"54";"54526";"2";"6";"1";"3";"BARBUSSE (BD HENRI)";"48,6845200000";"6,2140200000"
"202100022249";"27";"08";"2021";"15:05";"1";"54";"54547";"2";"3";"1";"6";"JAURES (AVENUE JEAN)";"48,6626100000";"6,1620800000"
"202100022250";"27";"08";"2021";"11:30";"1";"54";"54526";"2";"6";"1";"3";"MILLENAIRE (Rond Point An 2000)";"48,6838700000";"6,2212200000"
"202100022251";"27";"08";"2021";"07:25";"1";"54";"54395";"2";"4";"1";"3";"VILLERS (RUE DE)";"48,6852490599";"6,1665079157"
"202100022252";"27";"08";"2021";"13:45";"1";"51";"51454";"2";"1";"1";"3";"Rue Ernest Renan";"49,2621900000";"4,0114100000"
"202100022253";"27";"08";"2021";"07:35";"1";"51";"51454";"2";"2";"1";"3";"Rue de Courlancy";"49,2457518296";"4,0176437279"
"202100022254";"26";"08";"2021";"16:35";"1";"50";"50129";"2";"3";"1";"1";"BECQUEREL (RUE)";"49,6284900000";" -1,6397520000"
"202100022255";"26";"08";"2021";"18:45";"1";"49";"49099";"2";"6";"1";"3";"PLACE DE LA MUNICIPALITE REGIONALE  DU C";"47,0708300000";" -0,8418100000"