"Num_Acc";"jour";"mois";"an";"hrmn";"lum";"dep";"com";"agg";"int";"atm";"col";"adr";"lat";"long"
"202100022256";"27";"08";"2021";"20:09";"1";"49";"49267";"2";"3";"1";"3";"CORDELLES";"47,4666000000";" -0,5124000000"
"202100022257";"27";"08";"2021";"17:47";"1";"49";"49007";"2";"3";"1";"3";"RABELAIS";"47,4599400000";" -0,5458400000"
"202100022258";"27";"08";"2021";"15:32";"1";"49";"49007";"2";"1";"1";"2";"DUNANT BOULEVARD";"47,4834600000";" -0,5251600000"
"202100022259";"27";"08";"2021";"08:27";"1";"49";"49007";"2";"1";"1";"3";"MADELEINE";"47,4600600000";" -0,5372500000"
"202100022260";"28";"08";"2021";"00:03";"5";"45";"45004";"2";"1";"1";"2";"Rue de Couleuvreux";"47,9821803824";"2,7697119430"
"202100022261";"27";"08";"2021";"22:40";"5";"42";"42044";"2";"2";"1";"1";"Rue de la Malafolie";"45,3940600000";"4,3030100000"
"202100022262";"26";"08";"2021";"10:00";"1";"40";"40279";"2";"1";"1";"6";"CENTRE AERE (RUE DU)";"43,7278991070";" -1,0627341270"
"202100022263";"27";"08";"2021";"18:40";"1";"37";"37261";"2";"2";"1";"6";"CHANZY (RUE DU GENERAL)";"47,3890866333";"0,6730881986"
"202100022264";"27";"08";"2021";"15:45";"1";"35";"35238";"1";"1";"1";"2";"ROCADE 6-7";"48,0832290000";" -1,6435280000"
"202100022265";"27";"08";"2021";"18:10";"1";"34";"34172";"2";"3";"1";"3";"Avenue de Toulouse";"43,5952000000";"3,8619600000"
"202100022266";"28";"08";"2021";"00:00";"5";"33";"33550";"2";"3";"1";"4";"Avenue des PyrÃ©nÃ©es";"44,7788500000";" -0,5661600000"
"202100022267";"27";"08";"2021";"20:35";"2";"33";"33281";"2";"2";"1";"1";"Avenue de Foncastel";"44,8360000000";" -0,6410700000"
"202100022268";"27";"08";"2021";"15:40";"1";"33";"33281";"2";"2";"1";"1";"Avenue de Verdun";"44,8402400000";" -0,6397400000"
"202100022269";"27";"08";"2021";"12:00";"1";"33";"33281";"2";"1";"1";"3";"Avenue de la Marne";"44,8326080000";" -0,6423180000"
"202100022270";"27";"08";"2021";"17:35";"1";"33";"33009";"2";"9";"1";"1";"CELERIER (RUE)";"44,6579900000";" -1,1483500000"
"202100022271";"27";"08";"2021";"19:15";"1";"29";"29039";"1";"6";"1";"2";"Giratoire de Keramperu";"47,8900044120";" -3,9160032532"
"202100022272";"27";"08";"2021";"10:20";"1";"29";"29039";"2";"2";"1";"3";"Avenue des GlÃ©nan";"47,8567600000";" -3,9128000000"
"202100022273";"27";"08";"2021";"15:10";"1";"25";"25056";"2";"3";"1";"3";"DIDEROT BOULEVARD";"47,2422200000";"6,0334400000"
"202100022274";"26";"08";"2021";"19:10";"1";"25";"25056";"2";"2";"1";"5";"VESOUL RUE DE (inf 52)";"47,2492300000";"6,0200200000"
"202100022275";"27";"08";"2021";"21:15";"3";"17";"17028";"1";"1";"1";"6";"PLAGE   ROUTE DE LA";"46,1265800000";" -1,1274400000"
"202100022276";"13";"08";"2021";"17:00";"1";"16";"16102";"1";"1";"1";"5";"HAUTE DE CROUIN (RUE)";"45,6831000000";" -0,3705000000"
"202100022277";"27";"08";"2021";"14:07";"1";"14";"14118";"2";"2";"1";"1";"LEROY ";"49,1717800000";" -0,3485300000"
"202100022278";"25";"08";"2021";"17:15";"1";"14";"14137";"2";"1";"1";"5";"D9A";"49,1841000000";" -0,4584700000"
"202100022279";"28";"08";"2021";"00:55";"5";"13";"13209";"2";"1";"1";"2";"MICHELET (BOULEVARD)";"43,2544100000";"5,4015300000"
"202100022280";"27";"08";"2021";"22:10";"5";"13";"13203";"2";"1";"1";"1";"STRASBOURG (BOULEVARD)";"43,3097900000";"5,3786600000"
"202100022281";"26";"08";"2021";"08:10";"2";"13";"13208";"2";"1";"1";"1";"MADRAGUE DE MONTREDON (AVE DE LA) ";"43,2348043334";"5,3599542475"
"202100022282";"26";"08";"2021";"09:30";"1";"13";"13203";"2";"2";"1";"3";"CLARY (RUE)";"43,3092500000";"5,3722800000"
"202100022283";"27";"08";"2021";"05:00";"3";"13";"13004";"1";"1";"1";"1";"RTE N113 MARSEILLE A BORBEAUX";"43,6599300000";"4,6393100000"
"202100022284";"27";"08";"2021";"20:10";"2";"13";"13001";"1";"9";"1";"3";"georges COUTTON (rond point)";"43,5057400000";"5,4122100000"
"202100022285";"26";"08";"2021";"11:15";"1";"10";"10081";"2";"1";"1";"3";"LAZARE CARNOT (RUE)";"48,3149600000";"4,0512340000"
"202100022286";"25";"08";"2021";"11:50";"1";"10";"10387";"2";"1";"1";"3";"PREMIER RAM (RUE DU)";"48,2920260690";"4,0724837778"
"202100022287";"25";"08";"2021";"17:15";"1";"09";"09122";"2";"1";"1";"7";"CADIRAC (AVENUE DE)";"42,9568180000";"1,6035440000"
"202100022288";"27";"08";"2021";"17:00";"1";"06";"06088";"2";"7";"1";"6";"GARIBALDI (PL.)";"43,7004320000";"7,2804700000"
"202100022289";"27";"07";"2021";"01:20";"5";"06";"06083";"2";"1";"1";"3";"EDOUARD VII (AVENUE)";"43,7737170000";"7,4950150000"
"202100022290";"26";"08";"2021";"16:10";"1";"06";"06027";"2";"1";"1";"2";"PLAGE BOULEVARD DE LA";"43,6531520000";"7,1555620000"
"202100022291";"27";"08";"2021";"01:05";"5";"05";"05061";"2";"1";"1";"2";"REVELLY (PLACE  DU )";"44,5611800000";"6,0798900000"
"202100022292";"27";"08";"2021";"10:20";"1";"75";"75105";"2";"2";"1";"3";"BOULEVARD SAINT GERMAIN";"48,8506100000";"2,3464560000"
"202100022293";"27";"08";"2021";"18:45";"1";"75";"75120";"2";"3";"1";"3";"BOULEVARD DAVOUT";"48,8513110000";"2,4111240000"
"202100022294";"26";"08";"2021";"21:15";"5";"75";"75120";"2";"1";"1";"3";"RUE DES DOCTEURS DEJERINE";"48,8560790000";"2,4119370000"
"202100022295";"27";"08";"2021";"16:51";"1";"75";"75118";"2";"5";"1";"6";"RUE CAULAINCOURT";"48,8846600000";"2,3295270000"
"202100022296";"27";"08";"2021";"10:40";"1";"75";"75118";"2";"2";"1";"6";"RUE DE CLIGNANCOURT";"48,8948590000";"2,3494310000"
"202100022297";"27";"08";"2021";"01:05";"5";"75";"75118";"2";"3";"1";"2";"RUE DE LA CHAPELLE";"48,8927110000";"2,3597380000"
"202100022298";"27";"08";"2021";"10:45";"1";"75";"75107";"2";"2";"1";"3";"RUE DE SEVRES";"48,8502360000";"2,3241660000"
"202100022299";"27";"08";"2021";"22:20";"5";"75";"75113";"2";"3";"1";"3";"AVENUE D ITALIE";"48,8251310000";"2,3575760000"
"202100022300";"27";"08";"2021";"17:00";"1";"75";"75111";"2";"1";"1";"6";"BOULEVARD DE MENILMONTANT";"48,8635390000";"2,3865700000"
"202100022301";"27";"08";"2021";"17:00";"1";"75";"75110";"2";"3";"1";"6";"RUE DU FAUBOURG SAINT MARTIN";"48,8723200000";"2,3576900000"
"202100022302";"27";"08";"2021";"01:35";"5";"75";"75104";"2";"3";"1";"6";"RUE DES LOMBARDS";"48,8591610000";"2,3497510000"
"202100022303";"27";"08";"2021";"16:30";"1";"75";"75101";"2";"2";"1";"1";"RUE DE RIVOLI";"48,8614960000";"2,3391430000"
"202100022304";"27";"08";"2021";"09:33";"1";"75";"75101";"2";"2";"1";"2";"RUE ETIENNE MARCEL";"48,8636370000";"2,3499900000"
"202100022305";"26";"08";"2021";"18:55";"2";"94";"94046";"2";"1";"1";"3";"Avenue du GÃ©nÃ©ral Leclerc";"48,8101200000";"2,4328700000"
"202100022306";"27";"08";"2021";"09:35";"1";"94";"94041";"2";"2";"1";"3";"VERDUN (AV DE)";"48,8134200000";"2,3705400000"
"202100022307";"27";"08";"2021";"00:35";"5";"94";"94081";"2";"1";"1";"7";"STALINGRAD (BD DE)";"48,8020100000";"2,3785600000"
"202100022308";"27";"08";"2021";"18:50";"1";"94";"94028";"2";"1";"1";"2";"Rue du Port";"48,7996900000";"2,4661200000"
"202100022309";"27";"08";"2021";"18:40";"1";"93";"93078";"2";"1";"1";"3";"LOUP (CHEMIN DU)";"48,9462100000";"2,5656100000"
"202100022310";"27";"08";"2021";"15:15";"1";"93";"93073";"2";"2";"1";"3";"Route des Petits Ponts / Septieme Avenue";"48,9643000000";"2,5655000000"
"202100022311";"27";"08";"2021";"21:45";"3";"93";"93077";"2";"2";"1";"3";"Grande Rue / Rue du Parc";"48,8825407707";"2,5248491763"
"202100022312";"27";"08";"2021";"17:00";"1";"93";"93048";"2";"2";"1";"1";"Rue de Paris / Rue dâAlembert";"48,8547100000";"2,4175300000"
"202100022313";"27";"08";"2021";"20:20";"1";"93";"93001";"2";"1";"1";"6";"WALDECK ROCHET (RUE)";"48,9140640000";"2,3680720000"
"202100022314";"27";"08";"2021";"17:20";"1";"92";"92046";"2";"1";"1";"1";"PIERRE BROSSOLETTE (AVENUE)";"48,8206161260";"2,3117852211"
"202100022315";"27";"08";"2021";"16:50";"1";"92";"92040";"2";"1";"1";"3";"FRERES VOISIN (BOULEVARD DES)";"48,8278509293";"2,2714394331"
"202100022316";"27";"08";"2021";"18:00";"1";"92";"92026";"2";"1";"1";"2";"MARECHAL JOFFRE (QUAI DU)";"48,8988814302";"2,2701358795"
"202100022317";"25";"08";"2021";"09:45";"1";"35";"35002";"1";"1";"1";"3";"8 Lieu Dit le Coterel";"48,0003030000";" -1,4958890000"
"202100022318";"27";"08";"2021";"20:30";"1";"44";"44180";"1";"1";"1";"6";"D21";"47,5706120000";" -1,2152550000"
"202100022319";"27";"08";"2021";"19:00";"1";"91";"91648";"2";"1";"1";"6";"Rue des Acacias";"48,5669770000";"2,3543040000"
"202100022320";"27";"08";"2021";"16:15";"1";"17";"17196";"1";"3";"1";"2";"Rue de la Foy";"45,5711540000";" -0,6401470000"
"202100022321";"28";"08";"2021";"14:25";"1";"54";"54067";"1";"1";"1";"3";"D643 PK 41-500";"49,4354270000";"5,6595039368"
"202100022322";"27";"08";"2021";"22:30";"3";"17";"17222";"1";"4";"1";"7";"D106";"46,2316610000";" -1,1048880000"
"202100022323";"27";"08";"2021";"16:40";"1";"67";"67194";"2";"6";"1";"3";"Rue de Drusenheim";"48,7310760000";"7,9075490000"
"202100022324";"28";"08";"2021";"00:30";"3";"51";"51488";"1";"1";"1";"3";"D951";"49,0968994009";"3,9786323225"
"202100022325";"21";"08";"2021";"14:33";"1";"19";"19202";"1";"3";"1";"3";"Route de Venarsal";"45,2314730000";"1,5962790000"
"202100022326";"27";"08";"2021";"13:30";"1";"77";"77012";"1";"1";"1";"6";"D71 012+800";"48,6745550000";"3,3456640000"
"202100022327";"27";"08";"2021";"18:55";"1";"67";"67099";"1";"1";"1";"6";"D919";"48,9555510000";"7,1491380000"
"202100022328";"27";"08";"2021";"03:10";"3";"76";"76478";"2";"1";"1";"7";"11 Route du Parc";"49,7461390000";"1,1189600000"
"202100022329";"19";"08";"2021";"16:35";"1";"80";"80094";"2";"1";"1";"7";"2b Rue Jean JaurÃ¨s";"49,8095800000";"2,4625360000"
"202100022330";"26";"08";"2021";"07:45";"2";"65";"65057";"1";"1";"7";"3";"D936 ";"43,1953570000";" -0,0006440000"
"202100022331";"26";"08";"2021";"02:00";"5";"33";"33236";"1";"1";"1";"5";"N/A";"44,7256460000";" -1,2002680000"
"202100022332";"16";"08";"2021";"13:40";"1";"33";"33236";"2";"1";"1";"6";"N/A";"44,7506080000";" -1,1808340000"
"202100022333";"28";"08";"2021";"04:30";"3";"89";"89464";"1";"1";"1";"6";"D15";"48,0722580000";"3,2666060000"
"202100022334";"26";"08";"2021";"15:00";"1";"63";"63195";"2";"6";"1";"3";"Avenue blaise pascal";"45,8231810000";"3,3792350000"
"202100022335";"28";"08";"2021";"13:30";"1";"61";"61230";"1";"1";"1";"6";"D111";"48,5017060000";"0,7188320000"
"202100022336";"28";"08";"2021";"01:40";"4";"12";"12161";"1";"1";"1";"6";"D904";"44,5439910000";"2,5579960000"
"202100022337";"27";"08";"2021";"19:30";"1";"42";"42185";"1";"1";"1";"1";"Rue de la Loire";"45,5877950000";"4,2634030000"
"202100022338";"28";"08";"2021";"01:05";"5";"47";"47106";"2";"1";"1";"6";"88 Avenue de l Usine";"44,4892790000";"0,9567880000"
"202100022339";"28";"08";"2021";"15:00";"1";"25";"25519";"1";"1";"1";"7";"D39";"47,2978740000";"6,7911390000"
"202100022340";"27";"08";"2021";"16:30";"1";"25";"25196";"2";"3";"1";"6";"26 Rue d Audincourt";"47,4759550000";"6,8897420000"
"202100022341";"28";"08";"2021";"15:00";"1";"29";"29216";"1";"1";"7";"7";"D785 - Ty Lipig";"47,9540360000";" -4,1770790000"
"202100022342";"23";"07";"2021";"16:45";"1";"31";"31118";"1";"1";"1";"1";"Route de Fronton";"43,7920540000";"1,3611650000"
"202100022343";"27";"08";"2021";"19:30";"2";"38";"38211";"1";"1";"1";"7";"D518";"45,4562470000";"5,1827140000"
"202100022344";"28";"08";"2021";"14:20";"1";"02";"02441";"1";"1";"8";"6";"LouÃ¢tre";"49,2424730000";"3,2411970000"
"202100022345";"27";"08";"2021";"20:45";"1";"85";"85232";"1";"1";"1";"6";"A83";"46,6838340000";" -1,1563220000"
"202100022346";"28";"08";"2021";"11:00";"1";"70";"70248";"1";"1";"1";"7";"Rue d Evette";"47,6605060000";"6,7750670000"
"202100022347";"28";"08";"2021";"17:00";"1";"72";"72169";"1";"1";"7";"1";"La JouanniÃ¨re";"47,9577430000";"0,0710890000"
"202100022348";"26";"08";"2021";"22:47";"3";"06";"06151";"1";"9";"1";"6";"M2565";"43,8665740000";"7,2128030000"
"202100022349";"25";"08";"2021";"09:12";"1";"05";"05142";"1";"3";"1";"3";"N85";"44,7746760000";"6,0178040000"
"202100022350";"28";"08";"2021";"19:09";"1";"05";"05092";"1";"1";"1";"1";"les blayes";"44,4840150000";"6,0278680000"
"202100022351";"28";"08";"2021";"10:45";"1";"50";"50379";"1";"4";"1";"7";"La Gousserie";"48,7436680000";" -1,1901500000"
"202100022352";"27";"08";"2021";"19:40";"1";"45";"45329";"1";"1";"1";"6";"D162-PR 7 + 0";"47,9198400000";"2,9730930000"
"202100022353";"28";"08";"2021";"01:10";"5";"18";"18141";"2";"1";"1";"6";"Route de Berry - Bouy";"47,1375560000";"2,2382070000"
"202100022354";"26";"08";"2021";"20:10";"1";"36";"36088";"1";"1";"1";"7";"Rue Ferdinand de Lesseps";"46,9610010000";"1,9847980000"
"202100022355";"28";"08";"2021";"02:15";"3";"16";"16242";"1";"1";"1";"1";"Lieu-dit Chez Rouffaud";"45,9850020000";"0,3538320000"
"202100022356";"28";"08";"2021";"10:13";"1";"16";"16028";"1";"1";"1";"4";"N10";"45,4617030000";" -0,1381770000"
"202100022357";"27";"08";"2021";"15:45";"1";"53";"53121";"1";"1";"1";"7";"D33";"48,4166120000";" -0,3649950000"
"202100022358";"28";"08";"2021";"06:10";"3";"40";"40310";"1";"1";"1";"2";"Chemin du Bayonnais";"43,7555660000";" -1,3968090000"
"202100022359";"27";"08";"2021";"05:00";"5";"87";"87154";"2";"1";"1";"6";"2 Rue Auguste Gagne";"45,8917030000";"0,9016260000"
"202100022360";"27";"08";"2021";"20:00";"2";"30";"30003";"2";"6";"1";"7";"RD 979";"43,5688640000";"4,1898410000"
"202100022361";"28";"08";"2021";"09:00";"1";"52";"52288";"1";"1";"1";"7";"D257";"48,4351130000";"5,3654270000"
"202100022362";"26";"08";"2021";"08:05";"1";"24";"24225";"2";"3";"1";"1";"Avenue de Bergerac";"44,8419800000";"0,3842100000"
"202100022363";"27";"08";"2021";"17:30";"1";"973";"97307";"1";"6";"1";"2";"petit giratoire de Balata";"4,8921020000";" -52,3332670000"
"202100022364";"28";"08";"2021";"12:30";"1";"973";"97309";"2";"1";"1";"5";"Route de Montjoly";"4,9244700000";" -52,2847080000"
"202100022365";"28";"08";"2021";"11:10";"1";"76";"76700";"1";"4";"3";"6";"RN27 PR021.000";"49,6659668222";"1,0435799696"
"202100022366";"28";"08";"2021";"19:25";"1";"64";"64038";"1";"1";"1";"3";"pk 181.000 -- A.63";"43,4544470000";" -1,5277320000"
"202100022367";"28";"08";"2021";"16:15";"1";"14";"14514";"1";"1";"1";"6";"A13";"49,2925320000";"0,2031510000"
"202100022368";"28";"08";"2021";"14:30";"1";"976";"97617";"1";"1";"1";"1";"CCD1";" -12,7868360000";"45,1111880000"
"202100022369";"28";"08";"2021";"05:00";"2";"988";"98808";"1";"3";"1";"6";"MÃ©areu- HOUAILOU";" -21,2979310000";"165,5874180000"
"202100022370";"28";"08";"2021";"17:10";"1";"976";"97607";"1";"1";"1";"6";"RN3- TSARARANO";" -12,8683980000";"45,2022250000"
"202100022371";"27";"08";"2021";"19:20";"3";"973";"97305";"1";"1";"1";"5";"CD5";"4,9823070000";" -52,4691050000"
"202100022372";"26";"08";"2021";"12:30";"1";"971";"97128";"1";"9";"1";"3";"Chateaubrun";"16,2540400000";" -61,3539540000"
"202100022373";"27";"08";"2021";"08:15";"1";"978";"97801";"2";"1";"1";"1";"R DE SANDY GROUND";"18,0578700000";" -63,0974220000"
"202100022374";"28";"08";"2021";"06:30";"3";"95";"95489";"1";"1";"8";"2";"RD 301";"49,0219140000";"2,3505590000"
"202100022375";"27";"08";"2021";"17:30";"1";"78";"78398";"2";"1";"1";"6";"D191";"48,7550290000";"1,8322330000"
"202100022376";"25";"08";"2021";"08:45";"1";"78";"78310";"2";"2";"1";"3";"Rue du Moulin des Arts";"48,7996130000";"1,5937740000"
"202100022377";"27";"08";"2021";"20:10";"3";"2B";"2B314";"1";"1";"1";"7";"Casta";"42,6593380000";"9,2045690000"
"202100022378";"28";"08";"2021";"05:15";"3";"83";"83108";"1";"1";"1";"6";"Chemin de la Foux";"43,3341100000";"5,9781450000"
"202100022379";"28";"08";"2021";"14:45";"1";"04";"04183";"1";"1";"1";"1";"RD 955";"43,9056850000";"6,5425730000"
"202100022380";"28";"08";"2021";"10:05";"1";"13";"13076";"1";"3";"1";"3";"D7n";"43,8007940000";"5,0053190000"
"202100022381";"27";"08";"2021";"12:00";"1";"67";"67348";"2";"2";"1";"3";"Rue des Freres Wolff";"48,4633980000";"7,4858440000"
"202100022382";"27";"08";"2021";"18:30";"1";"57";"57683";"2";"1";"1";"2";"Rue de Metz";"49,3004630000";"6,1628420000"
"202100022383";"28";"08";"2021";"09:25";"1";"74";"74001";"1";"9";"1";"1";"D22";"46,2917840000";"6,7556910000"
"202100022384";"27";"08";"2021";"10:05";"1";"44";"44205";"1";"2";"1";"1";"La Marchanderie";"47,4381030000";" -1,4657950000"
"202100022385";"26";"08";"2021";"03:00";"3";"22";"22343";"2";"4";"1";"6";"51 Rue de Bihit";"48,7647942710";" -3,5692074895"
"202100022386";"22";"08";"2021";"23:00";"3";"57";"57323";"1";"1";"1";"6";"D57";"49,4018170000";"6,1413150000"
"202100022387";"28";"08";"2021";"04:45";"3";"60";"60628";"1";"1";"1";"6";"N31";"49,4289110490";"2,1267946127"
"202100022388";"27";"08";"2021";"19:00";"2";"62";"62355";"2";"1";"7";"6";"rÃ©sidence Ã  l'orÃ©e du bois";"50,3291690000";"2,9278780000"
"202100022389";"24";"08";"2021";"12:00";"1";"13";"13215";"1";"1";"1";"2";"A7-Sens Lyon vers Marseille";"43,3571500000";"5,3628400000"
"202100022390";"25";"08";"2021";"18:30";"1";"13";"13033";"1";"1";"1";"7";"DÃPARTEMENTALE 9";"43,3791700000";"5,1893600000"
"202100022391";"27";"08";"2021";"15:20";"1";"33";"33474";"1";"1";"1";"2";"AUTOROUTE A 62";"44,6731120000";" -0,4772360000"
"202100022392";"27";"08";"2021";"21:20";"3";"91";"91689";"1";"1";"1";"2";"AUTOROUTE A6";"48,7305200000";"2,3146600000"
"202100022393";"27";"08";"2021";"17:40";"1";"91";"91573";"1";"1";"1";"7";"RN 104";"48,6301000000";"2,5135000000"
"202100022394";"27";"08";"2021";"10:50";"1";"94";"94034";"1";"1";"1";"5";"AUTOROUTE A86";"48,7604500000";"2,3204500000"
"202100022395";"27";"08";"2021";"18:50";"1";"92";"92078";"1";"1";"1";"4";"AUTOROUTE A86";"48,9310456718";"2,3232489824"
"202100022396";"23";"08";"2021";"11:45";"1";"94";"94018";"1";"1";"1";"2";"A4";"48,8264219627";"2,3918627688"
"202100022397";"25";"08";"2021";"19:12";"5";"988";"98818";"2";"1";"1";"3";"ROUTE DE L'ANSE VATA";" -22,2870700000";"166,4483700000"
"202100022398";"26";"08";"2021";"07:20";"1";"974";"97416";"2";"1";"1";"3";"MITTERAND (AVENUE DU PDT)";" -21,3448521448";"55,4849401116"
"202100022399";"26";"08";"2021";"23:00";"5";"69";"69199";"2";"2";"1";"3";"CARNOT (R)";"45,7081500000";"4,8572200000"
"202100022400";"26";"08";"2021";"15:20";"1";"69";"69382";"2";"3";"1";"1";"PERRACHE (Q)";"45,7423600000";"4,8249600000"
"202100022401";"26";"08";"2021";"08:30";"1";"69";"69389";"2";"3";"1";"3";"ST CYR (DE) (R)";"45,7839400000";"4,8081400000"
"202100022402";"26";"08";"2021";"01:20";"5";"88";"88413";"2";"1";"1";"2";"Rue de l'Etang Piller";"48,2964480311";"6,9419780374"
"202100022403";"21";"08";"2021";"15:24";"1";"87";"87085";"1";"1";"1";"2";"AUTOROUTE A20";"45,8462300000";"1,2772600000"
"202100022404";"23";"08";"2021";"16:50";"1";"84";"84007";"2";"1";"1";"3";"FÃ©licien FLORENT (Rue)";"43,9169900000";"4,8888900000"
"202100022405";"21";"08";"2021";"20:00";"1";"84";"84007";"2";"2";"1";"3";"C.De GAULLE (Rocade)";"43,9342300000";"4,8314000000"
"202100022406";"25";"08";"2021";"21:05";"5";"83";"83137";"2";"1";"1";"6";"RIVIERE (QUAI COMMANDANT)";"43,1358950000";"5,9071930000"
"202100022407";"26";"08";"2021";"14:00";"1";"83";"83069";"2";"1";"1";"2";"FRONT DE MER (BOULEVARD)";"43,1041000000";"6,1744000000"
"202100022408";"21";"08";"2021";"20:15";"5";"83";"83118";"2";"1";"1";"3";"AVENUE DU COLONEL BROOKE";"43,4484600000";"6,7793000000"
"202100022409";"25";"08";"2021";"17:00";"1";"81";"81004";"2";"2";"1";"6";"GAMBETTA (AV)";"43,9236430000";"2,1476270000"
"202100022410";"24";"08";"2021";"16:20";"1";"80";"80021";"2";"1";"1";"6";"SUZANNE FILACHET (ALLEE)";"49,9017000000";"2,3037600000"
"202100022411";"23";"08";"2021";"20:25";"1";"80";"80021";"2";"2";"1";"5";"ALEXANDRE DUMAS (RUE)";"49,8755800000";"2,2817600000"
"202100022412";"26";"08";"2021";"11:15";"1";"74";"74118";"2";"1";"1";"2";"LIBERATION (ROUTE DE LA)";"46,1807887658";"6,2297720660"
"202100022413";"25";"08";"2021";"16:40";"1";"71";"71306";"2";"1";"1";"3";"JEAN LAVILLE (RUE)";"46,6729100000";"4,3711200000"
"202100022414";"25";"08";"2021";"20:50";"1";"71";"71306";"2";"2";"1";"3";"COOPERATIVE (RUE DE LA)";"46,6947686348";"4,3615843208"
"202100022415";"25";"08";"2021";"12:35";"1";"71";"71486";"2";"2";"1";"6";"GAMBETTA (RUE)";"46,6441500000";"4,3705200000"
"202100022416";"25";"08";"2021";"18:00";"1";"67";"67482";"2";"1";"1";"3";"MARECHAL LEFEBVRE (RUE DU)";"48,5608600000";"7,7424700000"
"202100022417";"25";"08";"2021";"13:35";"1";"67";"67482";"2";"1";"1";"2";"MARCHE GARE (RUE DU)";"48,5968220000";"7,7498080000"
"202100022418";"26";"08";"2021";"14:14";"1";"66";"66136";"2";"3";"1";"3";"PAYRA (JEAN)";"42,7022200938";"2,8932824358"
"202100022419";"21";"08";"2021";"21:23";"2";"66";"66136";"2";"3";"1";"3";"ARGELES SUR MER AVENUE D'";"42,6838700000";"2,9092700000"
"202100022420";"26";"08";"2021";"12:25";"1";"65";"65440";"2";"4";"1";"3";"LASSALLE (RUE GEORGES)";"43,2343100000";"0,0725800000"
"202100022421";"26";"08";"2021";"10:35";"1";"65";"65440";"2";"4";"1";"6";"VAUSSENAT (RUE)";"43,2261000000";"0,0748000000"
"202100022422";"26";"08";"2021";"10:30";"1";"65";"65440";"2";"6";"1";"7";"MAI 1945 (BOULEVARD DU 08)";"43,2191120000";"0,0781010000"
"202100022423";"26";"08";"2021";"17:20";"1";"64";"64545";"2";"1";"1";"3";"PRESABURU ALLEE)";"43,3600000000";" -1,7000000000"
"202100022424";"25";"08";"2021";"18:20";"1";"64";"64445";"2";"1";"1";"4";"ALFRED NOBEL";"43,3157700000";" -0,3142700000"
"202100022425";"26";"08";"2021";"17:30";"1";"64";"64102";"2";"1";"1";"3";"PAULMY (AVENUE DES ALLEES)";"43,4946200000";" -1,4788300000"
"202100022426";"26";"08";"2021";"07:45";"1";"64";"64024";"2";"3";"7";"1";"MOULIN BARBOT (RUE DU)";"43,5010000000";" -1,5304500000"
"202100022427";"25";"08";"2021";"17:00";"1";"64";"64024";"2";"3";"1";"2";"ROUTE DE PITOYS";"43,4636500000";" -1,5052100000"
"202100022428";"26";"08";"2021";"06:10";"2";"63";"63113";"2";"2";"1";"6";"BONNEFONS / Fayolle";"45,7812700000";"3,0794200000"
"202100022429";"26";"08";"2021";"05:03";"5";"63";"63113";"2";"1";"1";"6";"CARTOUCHERIE (RUE DE LA)";"45,7757400000";"3,0992300000"
"202100022430";"23";"08";"2021";"14:46";"1";"57";"57344";"1";"3";"1";"3";"RD 955";"48,7238900000";"7,0196800000"
"202100022431";"26";"08";"2021";"17:40";"1";"51";"51454";"2";"1";"1";"3";"Avenue Nationale de la Neuvillette";"49,2873600000";"4,0072500000"
"202100022432";"25";"08";"2021";"16:15";"1";"51";"51172";"2";"6";"1";"3";"Place de la FraternitÃ©";"49,2150768145";"4,0507441367"
"202100022433";"25";"08";"2021";"13:30";"1";"51";"51454";"2";"6";"1";"3";"Rue Pierre Beregovoy";"49,2199794272";"4,0345011809"
"202100022434";"26";"08";"2021";"14:14";"1";"49";"49007";"2";"1";"1";"6";"CLEMENCEAU BOULEVARD";"47,4786500000";" -0,5651800000"
"202100022435";"26";"08";"2021";"06:35";"2";"49";"49007";"2";"1";"1";"7";"FOULQUES NERRA BOULEVARD";"47,4718500000";" -0,5668500000"
"202100022436";"26";"08";"2021";"17:55";"1";"45";"45234";"2";"1";"1";"6";"14 Rue Porte Saint Jean";"47,9022917239";"1,8971003491"
"202100022437";"24";"08";"2021";"17:29";"1";"44";"44184";"1";"1";"1";"4";"RD 213";"47,2875200000";" -2,2470800000"
"202100022438";"26";"08";"2021";"17:30";"1";"44";"44109";"1";"1";"1";"4";"BOULEVARD ALEXANDER FLEMING";"47,2579800000";" -1,5540600000"
"202100022439";"26";"08";"2021";"10:15";"1";"38";"38185";"2";"1";"1";"2";"Rue Albert Reynier";"45,1661300000";"5,7072300000"
"202100022440";"27";"08";"2021";"00:50";"3";"35";"35238";"2";"1";"1";"6";"PREVALAYE (CHEMIN DE LA)";"48,0843000000";" -1,7313800000"
"202100022441";"26";"08";"2021";"14:15";"1";"35";"35238";"2";"1";"1";"3";"CHALAIS (SQUARE DES HAUTES)";"48,0910596326";" -1,6786048150"
"202100022442";"26";"08";"2021";"12:30";"1";"35";"35238";"2";"1";"1";"2";"LORIENT (DE)";"48,1067400000";" -1,7303100000"
"202100022443";"26";"08";"2021";"08:35";"1";"35";"35051";"1";"6";"1";"3";"ALLIES (BOULEVARD DES)";"48,1028519753";" -1,6101327538"
"202100022444";"26";"08";"2021";"22:08";"5";"34";"34172";"2";"2";"1";"3";"Avenue de Maurin";"43,5997300000";"3,8754700000"