"Num_Acc";"jour";"mois";"an";"hrmn";"lum";"dep";"com";"agg";"int";"atm";"col";"adr";"lat";"long"
"202100022445";"27";"08";"2021";"00:05";"5";"33";"33318";"2";"3";"1";"3";"Avenue du Haut LÃ©vÃ¨que";"44,7907500000";" -0,6572900000"
"202100022446";"26";"08";"2021";"08:40";"1";"33";"33522";"2";"1";"1";"1";"Avenue de la Mission Haut-Brion";"44,8126090000";" -0,6058250000"
"202100022447";"26";"08";"2021";"08:30";"1";"33";"33162";"2";"1";"1";"6";"Rue du Moulineau";"44,8738100000";" -0,6646350000"
"202100022448";"25";"08";"2021";"16:45";"1";"33";"33529";"1";"6";"1";"3";"D259";"44,5983900000";" -1,1960000000"
"202100022449";"26";"08";"2021";"20:05";"2";"31";"31555";"2";"1";"1";"6";"AV DU GENERAL EISENHOWER";"43,5590500000";"1,3983000000"
"202100022450";"23";"08";"2021";"22:50";"5";"31";"31555";"2";"1";"1";"7";"VA007342 LA CEPIERE  A620 Sortie 27";"43,5861400000";"1,4024400000"
"202100022451";"25";"08";"2021";"16:25";"1";"31";"31555";"2";"1";"1";"1";"PINEL (PL MARIUS) DU 1AU 24";"43,6026730000";"1,4660220000"
"202100022452";"23";"08";"2021";"18:40";"2";"31";"31555";"2";"9";"1";"1";"NARBONNE (ROUTE DE)";"43,5679400000";"1,4575070000"
"202100022453";"25";"08";"2021";"09:40";"1";"30";"30007";"2";"1";"1";"3";"CARNOT (AVE)";"44,1213800000";"4,0895800000"
"202100022454";"25";"08";"2021";"21:30";"5";"28";"28134";"2";"1";"1";"3";"MARCEAU (AVENUE DU GENERAL)";"48,7292000000";"1,3668400000"
"202100022455";"26";"08";"2021";"10:55";"1";"17";"17028";"2";"1";"1";"6";"SALENGRO   AVENUE ROGER";"46,1401900000";" -1,1338700000"
"202100022456";"26";"08";"2021";"21:30";"5";"13";"13216";"2";"6";"1";"7";"ESTAQUE PLAGE";"43,3617900000";"5,3029900000"
"202100022457";"26";"08";"2021";"21:25";"3";"13";"13208";"2";"1";"1";"3";"PRADO (AVENUE DU)";"43,2647771435";"5,3791036605"
"202100022458";"26";"08";"2021";"17:50";"1";"13";"13207";"2";"1";"1";" -1";"Corniche John FitzgÃ©rald Kennedy";"43,2755843906";"5,3592141863"
"202100022459";"26";"08";"2021";"09:40";"1";"13";"13005";"1";"1";"1";"3";"NATIONALE 8 DE PARIS A TOULON (ROUTE)";"43,2813240000";"5,6052580000"
"202100022460";"26";"08";"2021";"08:45";"1";"13";"13001";"2";"2";"1";"3";"MOURET HENRI (AV)";"43,5183883848";"5,4336029428"
"202100022461";"25";"08";"2021";"10:15";"1";"13";"13001";"2";"9";"1";"3";"MOURET HENRI (AV)";"43,5210675144";"5,4358702466"
"202100022462";"26";"08";"2021";"10:25";"1";"09";"09122";"2";"1";"1";"6";"VILLOTE (ALLEES DE)";"42,9635600000";"1,6071670000"
"202100022463";"25";"08";"2021";"14:45";"1";"07";"07281";"1";"1";"1";"4";"N/A";"44,9286200000";"4,8081100000"
"202100022464";"26";"08";"2021";"13:15";"1";"06";"06069";"2";"1";"1";"2";"PEGOMAS (ROUTE DE)";"43,6415300000";"6,9367500000"
"202100022465";"25";"08";"2021";"20:05";"2";"03";"03001";"2";"1";"1";"3";"GRAVIERS (AVENUE DES)";"46,1091600000";"3,4400100000"
"202100022466";"26";"08";"2021";"19:15";"1";"01";"01014";"2";"9";"1";"3";"CARREFOUR POINT B";"46,2854170000";"5,6621350000"
"202100022467";"26";"08";"2021";"15:05";"1";"75";"75113";"2";"4";"1";"1";"PORTE D ITALIE";"48,8162410000";"2,3597980000"
"202100022468";"25";"08";"2021";"21:10";"5";"75";"75112";"2";"4";"1";"2";"ECHANGEUR BERCY";"48,8272580000";"2,3908840000"
"202100022469";"25";"08";"2021";"16:50";"1";"75";"75112";"2";"1";"1";"4";"PORTE DOREE";"48,8367960000";"2,4126110000"
"202100022470";"25";"08";"2021";"03:15";"5";"75";"75115";"2";"4";"1";"2";"PORTE DE SEVRES";"48,8323730000";"2,2805420000"
"202100022471";"26";"08";"2021";"15:06";"1";"75";"75120";"2";"2";"1";"3";"BOULEVARD DAVOUT";"48,8535210000";"2,4107930000"
"202100022472";"24";"08";"2021";"04:20";"5";"75";"75114";"2";"1";"1";"6";"AVENUE DENFERT ROCHEREAU";"48,8356690000";"2,3339460000"
"202100022473";"26";"08";"2021";"17:40";"1";"75";"75111";"2";"1";"1";"6";"BOULEVARD DE BELLEVILLE";"48,8679380000";"2,3818070000"
"202100022474";"26";"08";"2021";"19:00";"1";"75";"75108";"2";"3";"1";"3";"AVENUE MONTAIGNE";"48,8677380000";"2,3076910000"
"202100022475";"26";"08";"2021";"11:20";"1";"75";"75107";"2";"1";"1";"7";"BOULEVARD DES INVALIDES";"48,8520810000";"2,3145050000"
"202100022476";"26";"08";"2021";"02:05";"5";"94";"94041";"2";"2";"1";"3";"Rue Paul Andrieux";"48,8129800000";"2,3702100000"
"202100022477";"26";"08";"2021";"21:25";"5";"94";"94079";"2";"2";"1";"3";"Boulevard Jean Monnet";"48,8349500000";"2,5471300000"
"202100022478";"25";"08";"2021";"21:10";"2";"94";"94017";"2";"1";"1";"6";"REPUBLIQUE (AV DE LA)";"48,8191100000";"2,5113800000"
"202100022479";"26";"08";"2021";"09:10";"1";"93";"93078";"2";"1";"1";"6";"Parking Avenue Vauban";"48,9674000000";"2,5521600000"
"202100022480";"26";"08";"2021";"19:47";"1";"93";"93066";"2";"1";"1";"2";"Avenue du PrÃ©sident Wilson";"48,9282300000";"2,3567300000"
"202100022481";"26";"08";"2021";"18:00";"1";"93";"93048";"2";"2";"1";"2";"Rue Robespierre / Rue Cuvier";"48,8509100000";"2,4246100000"
"202100022482";"25";"08";"2021";"22:10";"5";"93";"93006";"2";"1";"1";"2";"Avenue de Stalingrad";"48,8749250000";"2,4273350000"
"202100022483";"26";"08";"2021";"11:40";"1";"93";"93031";"2";"2";"1";"3";"Rue du Commandant Louis Bouchet / Rue Antoine Bourdelle";"48,9531200000";"2,3215000000"
"202100022484";"26";"08";"2021";"15:00";"1";"93";"93005";"2";"1";"1";"6";"Rue de Bruxelles";"48,9313600000";"2,4838220000"
"202100022485";"26";"08";"2021";"08:48";"1";"92";"92049";"2";"2";"8";"1";"PERI RUE GABRIEL AUTRES NÂ°";"48,8185129648";"2,3196036964"
"202100022486";"26";"08";"2021";"18:15";"1";"92";"92025";"2";"1";"1";"3";"AGENT SARRE (AV DE L')";"48,9247450000";"2,2661600000"
"202100022487";"25";"08";"2021";"15:15";"1";"92";"92012";"2";"1";"1";"3";"EDOUARD VAILLANT (AVENUE) 57/FIN - 58/FI";"48,8338370110";"2,2444477389"
"202100022488";"25";"08";"2021";"13:00";"1";"38";"38336";"1";"3";"1";"3";"N7";"45,4628640844";"4,8264102208"
"202100022489";"14";"08";"2021";"17:15";"1";"22";"22188";"1";"1";"1";"7";"Le Chene Guenette";"48,5195910000";" -2,8758680000"
"202100022490";"4";"08";"2021";"22:15";"3";"33";"33138";"1";"1";"1";"2";"D261";"45,0491380000";" -0,1073370000"
"202100022491";"25";"08";"2021";"20:50";"3";"74";"74034";"1";"1";"1";"6";"Rte du Col";"46,2851300000";"6,6401570000"
"202100022492";"26";"08";"2021";"16:00";"1";"57";"57428";"2";"3";"1";"2";"Rue du Wenheck";"49,0988380000";"6,7384390000"
"202100022493";"26";"08";"2021";"13:00";"1";"40";"40103";"1";"1";"1";"7";"a 65 pk 72+600";"43,9371840000";" -0,3919030000"
"202100022494";"26";"08";"2021";"19:15";"1";"28";"28006";"1";"2";"1";"3";"D24";"48,4518060000";"1,4172790000"
"202100022495";"24";"08";"2021";"19:20";"1";"19";"19276";"1";"1";"1";"2";"A20 - pk 243 + 000";"45,3990655173";"1,5650193225"
"202100022496";"5";"08";"2021";"19:40";"1";"06";"06095";"2";"4";"1";"3";"103 Route de Draguignan";"43,6369950000";"6,8647850000"
"202100022497";"27";"08";"2021";"08:50";"1";"62";"62571";"2";"1";"1";"5";"Rue Camille Delacroix";"50,4583610000";"1,6014450000"
"202100022498";"27";"08";"2021";"17:30";"1";"26";"26219";"1";"1";"1";"3";"310 Route de la VallÃ©e";"45,2125010000";"4,9351850000"
"202100022499";"26";"08";"2021";"09:30";"1";"30";"30286";"1";"1";"1";"7";"Route de Remoulins";"43,9848170000";"4,4598270000"
"202100022500";"24";"08";"2021";"17:10";"1";"30";"30308";"1";"1";"1";"1";"Chemin du Perret";"43,9803710000";"4,4309880000"
"202100022501";"27";"08";"2021";"13:20";"1";"62";"62166";"1";"1";"1";"6";"D916";"50,4562550000";"2,3913650000"
"202100022502";"27";"08";"2021";"15:50";"1";"83";"83120";"1";"1";"1";"5";"D560";"43,3831420000";"5,7363450000"
"202100022503";"26";"08";"2021";"19:15";"2";"30";"30047";"1";"3";"1";"1";"Chemin des Canaux";"43,8156830000";"4,4211920000"
"202100022504";"25";"08";"2021";"10:50";"1";"19";"19145";"1";"1";"1";"7";"D991";"45,3841350000";"2,1224210000"
"202100022505";"26";"08";"2021";"09:10";"1";"56";"56094";"2";"1";"7";"6";"Place de l Eglise";"47,7631350000";" -3,2388160000"
"202100022506";"26";"08";"2021";"06:50";"1";"60";"60247";"1";"1";"1";"5";"D101";"49,4314872921";"2,5384764693"
"202100022507";"27";"08";"2021";"15:05";"1";"80";"80274";"1";"1";"1";"7";"Rue du Pont d Allemagne";"49,7404194810";"3,0327297282"
"202100022508";"26";"08";"2021";"12:30";"1";"82";"82112";"1";"1";"7";"3";"Route de Laujol";"44,1197540000";"1,1037560000"
"202100022509";"26";"08";"2021";"18:35";"1";"69";"69018";"1";"1";"1";"1";"TACOT (DU) (RTE)";"46,1547134552";"4,5845912397"
"202100022510";"25";"08";"2021";"14:15";"1";"71";"71493";"1";"1";"1";"1";"Rue du Bourg";"46,9617611390";"4,5482109994"
"202100022511";"26";"08";"2021";"14:50";"1";"89";"89456";"1";"2";"1";"1";"D606";"48,3020200000";"3,1833530000"
"202100022512";"26";"08";"2021";"22:10";"3";"63";"63352";"1";"1";"1";"6";"D909";"45,4754840000";"3,2361010000"
"202100022513";"26";"08";"2021";"20:30";"2";"61";"61081";"2";"1";"1";"6";"Rue des Ecoles";"48,6518560000";"0,1963120000"
"202100022514";"26";"08";"2021";"16:45";"1";"49";"49003";"2";"1";"1";"6";"Route d Angers";"47,2725760000";" -0,3562600000"
"202100022515";"27";"08";"2021";"19:20";"1";"42";"42015";"1";"5";"1";"3";"Aux Quatre Vents";"46,1688540000";"4,3666260000"
"202100022516";"31";"07";"2021";"20:50";"3";"34";"34150";"1";"3";"1";"2";"Route de Meze";"43,3903410000";"3,5375600000"
"202100022517";"25";"08";"2021";"09:05";"1";"34";"34178";"2";"1";"1";"1";"Avenue Louis Arcelin";"43,4395760000";"3,1371760000"
"202100022518";"26";"08";"2021";"18:15";"1";"22";"22226";"1";"3";"1";"3";"Lan Vrudec";"48,6850750000";" -3,5611690000"
"202100022519";"20";"08";"2021";"07:21";"1";"39";"39047";"1";"1";"1";"3";"881 Route des Fontaines";"46,5418530000";"6,0347880000"
"202100022520";"25";"08";"2021";"18:00";"1";"25";"25527";"1";"1";"1";"3";"Rue du Moulin du PrÃ© - D203";"47,1773090000";"5,7973270000"
"202100022521";"26";"08";"2021";"22:30";"3";"44";"44006";"1";"1";"1";"6";"Route de la Cle des Champs";"47,4384220000";" -2,3774560000"
"202100022522";"27";"08";"2021";"17:10";"1";"31";"31255";"1";"2";"1";"3";"route nationale 125";"43,0368070000";"0,6062650000"
"202100022523";"22";"08";"2021";"18:57";"1";"31";"31145";"1";"2";"1";"3";"Route Departementale 820";"43,2981740000";"1,5281400000"
"202100022524";"26";"08";"2021";"11:40";"1";"03";"03029";"1";"1";"1";"3";"Lieu Dit Fontcroze";"46,2404440000";"3,4401910000"
"202100022525";"27";"08";"2021";"17:03";"1";"26";"26248";"1";"1";"1";"6";"Route de Die";"44,7572170000";"5,2688240000"
"202100022526";"27";"08";"2021";"16:00";"1";"26";"26069";"1";"1";"1";"6";"Route du Col de Rousset";"44,8204160000";"5,3927850000"
"202100022527";"27";"08";"2021";"06:40";"2";"54";"54157";"2";"1";"1";"3";"3 Rue Serge Mangon";"48,8391150000";"6,0578690000"
"202100022528";"26";"08";"2021";"18:40";"1";"14";"14193";"1";"1";"1";"5";"La croix rouge";"49,1314360000";"0,3317250000"
"202100022529";"26";"08";"2021";"19:45";"2";"50";"50029";"2";"2";"7";"1";"Rue Robert Shumann";"48,5993910000";" -0,8332770000"
"202100022530";"27";"08";"2021";"01:50";"3";"60";"60447";"1";"1";"1";"6";"RD 554";"49,2802272896";"2,7682679797"
"202100022531";"27";"08";"2021";"12:11";"1";"64";"64038";"2";"1";"1";"3";"D254";"43,4516490000";" -1,5254100000"
"202100022532";"26";"08";"2021";"17:50";"1";"73";"73308";"1";"1";"1";"3";"RD925";"45,6898113281";"6,4114165425"
"202100022533";"16";"08";"2021";"07:10";"2";"18";"18242";"1";"1";"1";"6";"La Garde";"46,8318220000";"2,9634760000"
"202100022534";"13";"08";"2021";"08:26";"1";"07";"07136";"1";"1";"1";"6";"N/A";"44,6035100000";"3,9077560000"
"202100022535";"27";"08";"2021";"08:20";"1";"40";"40255";"1";"2";"5";"3";"Route de Pujo";"43,8791460000";" -0,3450180000"
"202100022536";"25";"08";"2021";"17:25";"1";"85";"85297";"1";"1";"1";"2";"La Grippe";"46,3680800000";" -1,2224690000"
"202100022537";"26";"08";"2021";"19:00";"1";"17";"17483";"1";"1";"7";"7";"CD266 17340";"46,0421320000";" -1,0077380000"
"202100022538";"17";"08";"2021";"12:00";"1";"30";"30089";"1";"1";"1";"1";"D986l";"43,8416230000";"4,6192790000"
"202100022539";"25";"08";"2021";"11:40";"1";"10";"10095";"1";"1";"1";"7";"A26 pk 352+000";"48,5527510000";"4,1931720000"
"202100022540";"27";"08";"2021";"11:50";"1";"03";"03175";"1";"1";"1";"4";"A71 PK 330+425 sens Clermont-Ferrant -- PARIS";"46,2533510000";"3,0812280000"
"202100022541";"21";"08";"2021";"18:55";"1";"06";"06085";"2";"6";"1";"3";"Avenue Saint Martin";"43,6080690000";"6,9845690000"
"202100022542";"26";"08";"2021";"13:15";"1";"83";"83061";"1";"1";"7";"6";"A8, aire du Reyran";"43,4982720000";"6,7550820000"
"202100022543";"27";"08";"2021";"12:00";"1";"69";"69027";"2";"4";"1";"2";"LANDE (DE LA) (CHM)";"45,6838890000";"4,7620640000"
"202100022544";"27";"08";"2021";"07:30";"1";"971";"97103";"1";"1";"1";"6";"RN1";"16,2513930000";" -61,5884010000"
"202100022545";"24";"08";"2021";"18:40";"1";"2B";"2B188";"1";"1";"3";"6";"au niveau du lieu-dit u castellu";"42,6042730000";"9,3570470000"
"202100022546";"27";"08";"2021";"11:50";"1";"2A";"2A247";"1";"3";"1";"7";"Qrt Precojo";"41,5437448747";"9,2816866636"
"202100022547";"26";"08";"2021";"10:38";"1";"05";"05079";"1";"1";"1";"5";"D1091";"45,0427450762";"6,4164431651"
"202100022548";"26";"08";"2021";"22:10";"5";"04";"04143";"2";"6";"1";"3";"RD4 - Rond point du Revest";"43,9229510000";"5,9115240000"
"202100022549";"27";"08";"2021";"11:15";"1";"13";"13074";"1";"2";"1";"3";"RD96";"43,6442670000";"5,5548330000"
"202100022550";"21";"08";"2021";"18:20";"1";"74";"74050";"1";"3";"7";"3";"Rte du Col de Cou";"46,2211180000";"6,4336970000"
"202100022551";"25";"08";"2021";"06:05";"2";"74";"74050";"1";"3";"1";"3";"D40";"46,2211400000";"6,4336380000"
"202100022552";"27";"08";"2021";"11:15";"1";"74";"74056";"2";"1";"1";"1";"Rte des Montets";"45,9861090000";"6,9278030000"
"202100022553";"18";"08";"2021";"00:00";"5";"73";"73303";"2";"1";"1";"6";"Avenue Jules Bianco";"45,7503820000";"6,4191000000"
"202100022554";"25";"08";"2021";"17:30";"1";"38";"38557";"2";"1";"1";"6";"Avenue des CÃ¨dres";"45,7956260000";"5,1192510000"
"202100022555";"27";"08";"2021";"15:30";"1";"26";"26117";"1";"1";"1";"1";"Route des Grands Goulets";"45,0347600000";"5,3825280000"
"202100022556";"27";"08";"2021";"07:00";"2";"07";"07324";"2";"1";"1";"7";"28 Avenue Marechal Foch";"45,0712760000";"4,8254093000"
"202100022557";"26";"08";"2021";"04:50";"3";"01";"01403";"1";"1";"1";"6";"D 19";"45,8247280000";"5,4450350000"
"202100022558";"27";"08";"2021";"00:45";"3";"17";"17421";"2";"2";"1";"3";"boulevard pasteur";"45,6723560000";" -0,9388640000"
"202100022559";"26";"08";"2021";"09:15";"1";"85";"85198";"2";"3";"1";"3";"RD111";"46,9913000000";" -1,0423650000"
"202100022560";"27";"08";"2021";"13:30";"1";"14";"14332";"1";"2";"1";"1";"D658";"48,8594490000";" -0,1771330000"
"202100022561";"26";"08";"2021";"20:15";"2";"14";"14406";"2";"1";"1";"7";"D613";"49,2419590000";" -0,6030360000"
"202100022562";"26";"08";"2021";"19:00";"1";"60";"60090";"1";"3";"1";"3";"Route dÃ©partementale 53";"49,1713660284";"1,8846960065"
"202100022563";"26";"08";"2021";"17:00";"1";"59";"59184";"2";"1";"1";"5";"Route Nationale";"50,7303628396";"2,4110081792"
"202100022564";"26";"08";"2021";"13:10";"1";"13";"13214";"1";"1";"1";"2";"A7-Sens Marseille vers Lyon";"43,3210300000";"5,3779200000"
"202100022565";"21";"08";"2021";"04:00";"3";"13";"13005";"1";"1";"1";"4";"A50 - Sens Aubagne vers Marseille";"43,2726800000";"5,5889700000"
"202100022566";"22";"08";"2021";"16:15";"1";"69";"69029";"1";"1";"1";"3";"PERIPHERIQUE LAURENT BONNEVAY (BD)";"45,7493628368";"4,9073364609"
"202100022567";"26";"08";"2021";"17:36";"1";"33";"33075";"1";"1";"1";"2";"ROCADE A 630";"44,8891600000";" -0,5977500000"
"202100022568";"26";"08";"2021";"12:30";"1";"91";"91377";"1";"2";"1";"3";"RN20";"48,7301000000";"2,3005000000"
"202100022569";"26";"08";"2021";"09:10";"1";"91";"91377";"1";"1";"1";"3";"AUTOROUTE A10";"48,7206300000";"2,2944800000"
"202100022570";"26";"08";"2021";"08:50";"1";"94";"94034";"1";"1";"1";"4";"AUTOROUTE A86";"48,7603770000";"2,3198860000"
"202100022571";"25";"08";"2021";"20:00";"1";"91";"91553";"1";"1";"1";"2";"RN 104";"48,6323200000";"2,4959400000"
"202100022572";"26";"08";"2021";"16:15";"1";"93";"93010";"1";"1";"1";"5";"AUTOROUTE A3";"48,9103900000";"2,4744100000"
"202100022573";"26";"08";"2021";"15:00";"1";"95";"95212";"1";"1";"1";"7";" A1";"49,0290769030";"2,5383498250"
"202100022574";"25";"08";"2021";"13:50";"1";"95";"95277";"1";"1";"1";"3";"AUTOROUTE A3";"48,9718920000";"2,4854500000"
"202100022575";"25";"08";"2021";"11:55";"1";"93";"93078";"1";"1";"1";"3";"AUTOROUTE A104";"48,9581000000";"2,5308400000"
"202100022576";"26";"08";"2021";"20:00";"1";"77";"77294";"1";"1";"1";"7";"A104";"48,9662700000";"2,6078100000"
"202100022577";"26";"08";"2021";"16:30";"1";"94";"94073";"1";"1";"1";"4";"A86 INT";"48,7621005260";"2,3816766713"
"202100022578";"25";"08";"2021";"18:45";"1";"94";"94046";"1";"1";"1";"3";"A86 INT";"48,8100000000";"2,4490000000"
"202100022579";"25";"08";"2021";"09:10";"1";"77";"77058";"1";"1";"1";"2";"A4";"48,8287948439";"2,7243070605"
"202100022580";"25";"08";"2021";"09:05";"1";"94";"94073";"1";"1";"1";"3";"A86 INT";"48,7535500000";"2,3752800000"
"202100022581";"21";"05";"2021";"23:30";"3";"78";"78643";"1";"9";"8";"6";"RD1";"48,9669800000";"1,9932800000"
"202100022582";"24";"08";"2021";"18:30";"1";"05";"05061";"1";"1";"3";"6";"D994";"44,5484900000";"6,0382500000"
"202100022583";"23";"08";"2021";"18:10";"1";"95";"95582";"2";"1";"1";"6";"RD 14";"48,9718569506";"2,2571716233"
"202100022584";"3";"04";"2021";"20:22";"5";"06";"06004";"1";"1";"1";"3";"SAINT CLAUDE CH.DE";"43,6023200000";"7,0862300000"
"202100022585";"24";"08";"2021";"18:14";"5";"974";"97416";"2";"1";"1";"3";"POUDRIERE(RUE DE LA)";" -21,3339000000";"55,4569000000"
"202100022586";"25";"08";"2021";"18:15";"3";"974";"97411";"1";"1";"2";"3";"MONTAGNE (ROUTE DE LA)";" -20,8887000000";"55,4375000000"
"202100022587";"25";"08";"2021";"19:46";"5";"973";"97302";"2";"1";"1";"3";"MONTABO (ROUTE DE) 2";"4,9410848938";" -52,3027703763"
"202100022588";"24";"08";"2021";"11:20";"1";"973";"97302";"2";"1";"1";"5";"PASTEUR (AVENUE LOUIS)";"4,9439200000";" -52,3219000000"
"202100022589";"26";"08";"2021";"22:40";"5";"69";"69386";"2";"2";"1";"3";"GARIBALDI (R)";"45,7655800000";"4,8510900000"
"202100022590";"25";"08";"2021";"12:45";"1";"69";"69387";"2";"1";"1";"6";"GUILLOTIERE (DE LA) (GR)";"45,7533400000";"4,8446600000"
"202100022591";"25";"08";"2021";"09:40";"1";"69";"69388";"2";"3";"1";"3";"ROCKEFELLER (AV)";"45,7401866847";"4,8884841800"
"202100022592";"23";"08";"2021";"09:30";"1";"69";"69383";"2";"2";"1";"4";"DOCTEUR LONG (CR)";"45,7495600000";"4,8841500000"
"202100022593";"25";"08";"2021";"12:40";"1";"972";"97209";"1";"1";"1";"2";"RD 41 (ROCADE)";"14,6117700000";" -61,0699800000"
"202100022594";"22";"08";"2021";"10:50";"1";"69";"69286";"2";"1";"1";"2";"STRASBOURG (DE) (RTE)";"45,8130203688";"4,8873281479"
"202100022595";"13";"07";"2021";"19:35";"1";"95";"95268";"1";"1";"1";"5";"RD 84A";"48,9647800000";"2,4175600000"
"202100022596";"24";"08";"2021";"18:15";"1";"91";"91589";"2";"9";"1";"3";"BD ARISTIDE BRIAND";"48,6875950000";"2,3554940000"
"202100022597";"25";"08";"2021";"05:30";"5";"91";"91434";"2";"2";"1";"3";"JUVISY (AVENUE DE)";"48,6525300000";"2,3526000000"
"202100022598";"25";"08";"2021";"09:42";"1";"87";"87065";"2";"1";"1";"6";"POITOU (ALLEE DU)";"45,8120000000";"1,3295800000"
"202100022599";"25";"08";"2021";"09:02";"1";"87";"87085";"2";"2";"1";"3";"BEAUBLANC (BOULEVARD DE)";"45,8473300000";"1,2445400000"
"202100022600";"25";"08";"2021";"08:30";"1";"87";"87085";"2";"2";"1";"6";"PALISSY (RUE BERNARD)";"45,8351500000";"1,2522000000"
"202100022601";"25";"08";"2021";"21:05";"5";"83";"83144";"2";"1";"1";"1";"11 NOVEMBRE 1918 (AVE DU)";"43,1407800000";"6,0003900000"
"202100022602";"24";"08";"2021";"05:30";"5";"83";"83062";"2";"1";"1";"1";"SALENGRO (AVENUE ROGER)";"43,1274900000";"6,0134700000"
"202100022603";"25";"08";"2021";"19:20";"1";"83";"83069";"1";"1";"1";"3";"GIENS (ROUTE DE )";"43,0667500000";"6,1470700000"
"202100022604";"19";"08";"2021";"15:50";"1";"83";"83118";"2";"1";"1";"1";"AVENUE DU 8 MAI 1945";"43,4316780000";"6,7911050000"
"202100022605";"24";"08";"2021";"15:05";"1";"82";"82121";"2";"6";"1";"3";"giratoire Dompeyre";"44,0271600000";"1,3443900000"
"202100022606";"25";"08";"2021";"18:15";"1";"69";"69290";"2";"1";"1";"2";"PARILLY (DE)                        (BD)";"45,7147400000";"4,9058400000"
"202100022607";"25";"08";"2021";"08:35";"1";"69";"69266";"2";"2";"1";"6";"ANATOLE FRANCE (R)";"45,7697100000";"4,8890300000"
"202100022608";"24";"08";"2021";"21:30";"5";"67";"67482";"2";"1";"1";"1";"PIERRE PFLIMLIN (BOULEVARD)";"48,5994000000";"7,7713900000"
"202100022609";"23";"08";"2021";"11:20";"1";"67";"67482";"2";"1";"2";"6";"MITTELHAUSBERGEN (ROUTE DE)";"48,5940300000";"7,7201500000"
"202100022610";"24";"08";"2021";"12:45";"1";"66";"66136";"2";"1";"1";"6";"CLEMENCEAU (BOULEVARD)";"42,7006681427";"2,8910746425"
"202100022611";"23";"08";"2021";"13:47";"1";"66";"66136";"2";"3";"1";"3";"DALBIEZ (AVENUE VICTOR)";"42,6934574987";"2,8878527032"
"202100022612";"22";"08";"2021";"01:15";"3";"66";"66136";"1";"2";"1";"1";"NEGUEBOUS (CHEMIN DE)";"42,7110101148";"2,8750398035"
"202100022613";"24";"08";"2021";"13:45";"1";"64";"64102";"2";"1";"1";"7";"MAIGNON (GIRATOIRE DE)";"43,4658500000";" -1,4946700000"
"202100022614";"23";"08";"2021";"20:30";"5";"64";"64024";"2";"1";"1";"5";"BAB (BOULEVARD DU)";"43,4937700000";" -1,5237600000"
"202100022615";"24";"08";"2021";"22:00";"5";"63";"63113";"2";"2";"1";"7";"MICHELIN (AVENUE EDOUARD)";"45,7812800000";"3,1043300000"
"202100022616";"24";"08";"2021";"14:25";"1";"63";"63113";"2";"1";"1";"1";"MALLY (RUE DU DR)";"45,7897700000";"3,1240500000"
"202100022617";"25";"08";"2021";"18:00";"1";"59";"59090";"2";"1";"1";"2";"GAULLE (AVENUE DU GENERAL DE)";"50,7026300000";"3,0969200000"
"202100022618";"22";"08";"2021";"16:00";"1";"59";"59028";"2";"2";"1";"2";"GAULLE (RUE DU GENERAL DE)";"50,4146700000";"3,0535500000"
"202100022619";"25";"08";"2021";"13:20";"1";"57";"57336";"2";"1";"1";"1";"CARLING (RUE DE)";"49,1600000000";"6,7320000000"
"202100022620";"25";"08";"2021";"18:30";"1";"54";"54395";"2";"1";"1";"2";"MALZEVILLE (Rue de)";"48,7047221159";"6,1833720468"
"202100022621";"25";"08";"2021";"07:20";"1";"54";"54395";"2";"2";"1";"3";"SAINT DIZIER (RUE 82 ET 113 A FIN)";"48,6868678411";"6,1853712113"
"202100022622";"25";"08";"2021";"14:55";"1";"51";"51454";"2";"2";"1";"7";"Boulevard Lundy";"49,2580700000";"4,0383800000"
"202100022623";"25";"08";"2021";"17:45";"1";"50";"50502";"2";"1";"1";"2";"TORIGNI";"49,1066150000";" -1,0695260000"
"202100022624";"24";"08";"2021";"07:01";"2";"49";"49015";"2";"1";"1";"6";"MENDES FRANCE AVENUE PIERRE";"47,4996880000";" -0,5829920000"
"202100022625";"25";"08";"2021";"08:45";"1";"45";"45232";"2";"2";"1";"2";"Avenue Roger Secretain";"47,8687964047";"1,9118238687"
"202100022626";"21";"08";"2021";"18:20";"1";"44";"44109";"2";"3";"1";"3";"RUE DE LA VERRERIE";"47,2097000000";" -1,5666800000"
"202100022627";"25";"08";"2021";"19:22";"2";"42";"42127";"2";"1";"1";"1";"Route du Bas de Mably";"46,0787200000";"4,0903000000"
"202100022628";"25";"08";"2021";"15:05";"1";"42";"42270";"1";"1";"1";"6";"Route des Gorges";"45,4035270000";"4,2426710000"
"202100022629";"25";"08";"2021";"16:15";"1";"38";"38151";"2";"1";"1";"3";"AVENUE DES ÃTATS GÃNÃRAUX";"45,1551100000";"5,7188300000"
"202100022630";"25";"08";"2021";"10:00";"1";"37";"37261";"2";"1";"1";"7";"MONTJOYEUX (AVENUE)";"47,3634439919";"0,7010600903"
"202100022631";"27";"07";"2021";"07:45";"1";"35";"35093";"2";"1";"1";"6";"Place Crolard";"48,6317170000";" -2,0571150000"
"202100022632";"25";"08";"2021";"17:50";"1";"35";"35238";"2";"1";"1";"3";"ALBERT 1ER (BD)";"48,0896700000";" -1,6853800000"
"202100022633";"25";"08";"2021";"12:20";"1";"35";"35051";"2";"1";"1";"2";"BRAY (RUE DE)";"48,1046200000";" -1,6305700000"