"Num_Acc";"jour";"mois";"an";"hrmn";"lum";"dep";"com";"agg";"int";"atm";"col";"adr";"lat";"long"
"202100022634";"25";"08";"2021";"16:40";"1";"33";"33065";"2";"2";"1";"3";"Quai de la Souys";"44,8147800000";" -0,5275300000"
"202100022635";"25";"08";"2021";"04:10";"5";"33";"33063";"2";"3";"1";"3";"Boulevard Alfred Daney";"44,8681900000";" -0,5703500000"
"202100022636";"26";"08";"2021";"01:30";"3";"33";"33529";"1";"1";"1";"6";"LIGNON (BD LOUIS)";"44,6322000000";" -1,1858500000"
"202100022637";"25";"08";"2021";"14:10";"1";"33";"33009";"2";"2";"1";"3";"DESBIEY (CRS) DU 04 AU 96";"44,6566400000";" -1,1602800000"
"202100022638";"25";"08";"2021";"15:00";"1";"25";"25056";"2";"2";"1";"3";"VIEILLE MONNAIE RUE DE LA";"47,2336800000";"6,0268700000"
"202100022639";"24";"08";"2021";"16:09";"1";"24";"24138";"2";"6";"1";"6";"GAULLE (PLACE DU GENERAL)";"45,1853300000";"0,6995000000"
"202100022640";"16";"08";"2021";"18:45";"1";"22";"22360";"1";"6";"1";"7";"VallÃ©es (rue des )";"48,4829888500";" -2,6896672800"
"202100022641";"31";"07";"2021";"03:05";"5";"22";"22215";"2";"1";"1";"7";"CARPONT (RUE DU)";"48,5019555392";" -2,7775998669"
"202100022642";"24";"08";"2021";"18:00";"1";"13";"13043";"1";"1";"1";"3";"N 368 ";"43,3943500000";"5,2050500000"
"202100022643";"25";"08";"2021";"12:45";"1";"13";"13212";"2";"1";"1";"2";"PEINTRES ROUX (AVENUE DES)";"43,3037338646";"5,4729360341"
"202100022644";"25";"08";"2021";"08:20";"1";"13";"13208";"2";"1";"1";"3";"ALAIN SAVARY (ROND-POINT)";"43,2460828531";"5,3945754954"
"202100022645";"25";"08";"2021";"05:40";"5";"13";"13215";"2";"3";"1";"3";"MADRAGUE VILLE (chemin de la)";"43,3344500000";"5,3580900000"
"202100022646";"24";"08";"2021";"16:45";"1";"13";"13215";"2";"1";"1";"2";"LYON (RUE DE)";"43,3327665130";"5,3643395033"
"202100022647";"26";"08";"2021";"02:50";"3";"13";"13001";"1";"1";"1";"1";"R.N 7";"43,5597600000";"5,4131100000"
"202100022648";"19";"08";"2021";"17:30";"1";"11";"11262";"2";"1";"1";"6";"CREISSEL (BOULEVARD DE)";"43,1779610000";"3,0291410000"
"202100022649";"24";"08";"2021";"19:10";"1";"11";"11069";"2";"9";"1";"3";"LIBERTE -DE LA -";"43,2158000000";"2,3482400000"
"202100022650";"24";"08";"2021";"11:17";"1";"10";"10081";"2";"1";"1";"7";"CD60";"48,3095580000";"4,0132900000"
"202100022651";"25";"08";"2021";"21:16";"5";"06";"06088";"2";"1";"1";"2";"ANGLAIS (DU NÂ° 265 AU NÂ° 350)";"43,6804950000";"7,2310290000"
"202100022652";"24";"08";"2021";"18:25";"1";"06";"06027";"2";"1";"2";"6";"PLAGE BOULEVARD DE LA";"43,6501590000";"7,1511290000"
"202100022653";"24";"08";"2021";"20:00";"1";"75";"75116";"2";"1";"1";"4";"PORTE D AUTEUIL";"48,8440890000";"2,2546860000"
"202100022654";"25";"08";"2021";"00:20";"5";"75";"75119";"2";"7";"1";"3";"AVENUE DE FLANDRE";"48,8841780000";"2,3685970000"
"202100022655";"24";"08";"2021";"22:05";"5";"75";"75119";"2";"1";"1";"6";"RUE D AUBERVILLIERS";"48,8916360000";"2,3690390000"
"202100022656";"25";"08";"2021";"15:40";"1";"75";"75117";"2";"3";"1";"3";"BOULEVARD MALESHERBES";"48,8858830000";"2,3064850000"
"202100022657";"25";"08";"2021";"06:00";"5";"75";"75117";"2";"7";"1";"6";"BOULEVARD DU BOIS LE PRETRE";"48,8990170000";"2,3215430000"
"202100022658";"25";"08";"2021";"09:00";"1";"75";"75116";"2";"7";"1";"3";"PLACE DU TROCADERO ET DU 11 NOVEMBRE";"48,8633190000";"2,2866670000"
"202100022659";"24";"08";"2021";"15:00";"1";"75";"75116";"2";"1";"1";"1";"AVENUE DE L HIPPODROME";"48,8633470000";"2,2374650000"
"202100022660";"25";"08";"2021";"19:55";"1";"75";"75115";"2";"3";"1";"2";"RUE DE VAUGIRARD";"48,8377530000";"2,2974270000"
"202100022661";"25";"08";"2021";"18:20";"1";"75";"75113";"2";"1";"1";"7";"BOULEVARD DE L HOPITAL";"48,8375350000";"2,3600400000"
"202100022662";"24";"08";"2021";"22:00";"5";"75";"75113";"2";"5";"1";"3";"BOULEVARD ARAGO";"48,8367430000";"2,3518570000"
"202100022663";"25";"08";"2021";"19:00";"1";"75";"75112";"2";"1";"1";"6";"RUE MONTGALLET";"48,8439110000";"2,3887330000"
"202100022664";"25";"08";"2021";"11:50";"1";"75";"75112";"2";"3";"1";"2";"QUAI DE BERCY";"48,8334000000";"2,3822500000"
"202100022665";"25";"08";"2021";"11:05";"1";"75";"75110";"2";"3";"1";"3";"AVENUE CLAUDE VELLEFAUX";"48,8740810000";"2,3703430000"
"202100022666";"25";"08";"2021";"11:50";"1";"94";"94079";"2";"1";"1";"4";"Route de Bry";"48,8297200000";"2,5390300000"
"202100022667";"25";"08";"2021";"00:20";"5";"94";"94017";"2";"6";"1";"7";"Boulevard de Stalingrad";"48,8163480000";"2,5117740000"
"202100022668";"25";"08";"2021";"14:50";"1";"93";"93071";"2";"3";"1";"1";"Avenue Henri Barbusse / Rue de la Mare Simon";"48,9341410000";"2,5413330000"
"202100022669";"25";"08";"2021";"13:30";"1";"93";"93074";"2";"2";"1";"3";"Rue de Meaux / Rue de lâIle de France";"48,9356790000";"2,5745680000"
"202100022670";"25";"08";"2021";"20:05";"1";"93";"93029";"2";"9";"1";"3";"Rue Nouvelle";"48,9241282457";"2,4355552197"
"202100022671";"23";"08";"2021";"18:00";"1";"93";"93029";"2";"1";"1";"3";"Avenue Henri Barbusse";"48,9200682492";"2,4518260360"
"202100022672";"25";"08";"2021";"14:15";"1";"93";"93007";"2";"2";"1";"3";"""HENRI BARBUSSE (AVENUE """"DU 81 AU 141""""";"48,9407700000";"2,4631200000"
"202100022673";"25";"08";"2021";"15:00";"1";"92";"92044";"2";"1";"1";"6";"VOLTAIRE(RUE)1A51 ET2A40";"48,8919900000";"2,2843700000"
"202100022674";"25";"08";"2021";"09:45";"1";"92";"92044";"2";"1";"1";"3";"VIC. HUGO(RUE)115A149 ET 148A178";"48,8993823454";"2,2933655287"
"202100022675";"25";"08";"2021";"15:15";"1";"92";"92035";"2";"2";"1";"3";"JOFFRE ( DE 52 A FIN ET DE 61 A FIN )";"48,9029800000";"2,2457800000"
"202100022676";"25";"08";"2021";"14:23";"1";"92";"92026";"2";"1";"1";"3";"PAUL DOUMER";"48,8926000000";"2,2592900000"
"202100022677";"25";"08";"2021";"19:10";"1";"92";"92024";"2";"2";"1";"3";"PIERRE BEREGOVOY (RUE)";"48,9054575474";"2,3017906135"
"202100022678";"25";"08";"2021";"17:05";"1";"91";"91645";"1";"1";"1";"4";"RN 385 INT";"48,7597860000";"2,2689380000"
"202100022679";"25";"08";"2021";"17:15";"1";"91";"91377";"1";"1";"1";"2";"AUTOROUTE A10";"48,7239000000";"2,2981000000"
"202100022680";"25";"08";"2021";"15:20";"1";"94";"94043";"1";"1";"1";"4";"AUTOROUTE A6B";"48,8146300000";"2,3557400000"
"202100022681";"25";"08";"2021";"13:45";"1";"95";"95252";"1";"1";"1";"3";"A15";"48,9798300000";"2,2267200000"
"202100022682";"25";"08";"2021";"05:20";"3";"93";"93001";"1";"1";"1";"6";"AUTOROUTE A86";"48,9210000000";"2,3749100000"
"202100022683";"25";"08";"2021";"13:30";"1";"94";"94028";"1";"1";"1";"4";"A86 INT";"48,7914600000";"2,4409600000"
"202100022684";"25";"08";"2021";"09:00";"1";"94";"94079";"1";"1";"1";"2";"A4";"48,8354458972";"2,5387118132"
"202100022685";"24";"08";"2021";"10:25";"1";"06";"06029";"2";"1";"1";"6";"TONNER (AVENUE FRANCIS)";"43,5494420000";"6,9793660000"
"202100022686";"24";"08";"2021";"20:00";"5";"976";"97611";"2";"3";"1";"3";"tsoundzou-Cadjifouteni ( rue )";" -12,8064400000";"45,2083700000"
"202100022687";"24";"08";"2021";"07:35";"1";"974";"97416";"2";"1";"1";"4";"BRUNET (AVENUE LOUIS)";" -21,3410700000";"55,4822300000"
"202100022688";"24";"08";"2021";"07:16";"1";"974";"97411";"2";"9";"1";"2";"AMAZONITES (ALLEE DES)";" -20,8945350000";"55,4509340000"
"202100022689";"24";"08";"2021";"17:45";"1";"69";"69383";"2";"3";"1";"3";"DAUPHINE (DU) (R)";"45,7499100000";"4,8605600000"
"202100022690";"24";"08";"2021";"16:40";"1";"69";"69388";"2";"3";"1";"1";"MONTAGNY (DE) (R)";"45,7371200000";"4,8503400000"
"202100022691";"24";"08";"2021";"08:50";"1";"972";"97213";"2";"1";"1";"6";"CASE NEGRE (RUE)";"14,6218900000";" -60,9895700000"
"202100022692";"24";"08";"2021";"15:25";"1";"69";"69286";"2";"1";"1";"4";"MARYSE BASTIE (R)";"45,8238400000";"4,9181800000"
"202100022693";"24";"08";"2021";"06:20";"2";"69";"69384";"2";"1";"1";"7";"YPRES (D') (R)";"45,7824055993";"4,8174056389"
"202100022694";"23";"08";"2021";"12:30";"1";"69";"69385";"2";"1";"1";"6";"CHEMIN NEUF (DU) (MO)";"45,7620000000";"4,8260000000"
"202100022695";"24";"08";"2021";"14:00";"1";"2B";"2B033";"2";"1";"1";"5";"TUNNEL";"42,6907418346";"9,4487142563"
"202100022696";"23";"08";"2021";"15:00";"1";"91";"91589";"2";"1";"2";"2";"BD ARISTIDE BRIAND";"48,6896200000";"2,3601800000"
"202100022697";"17";"08";"2021";"16:00";"1";"30";"30351";"2";"1";"1";"2";"JUSTICE CHEMIN DE LA";"43,9539100000";"4,7889000000"
"202100022698";"19";"08";"2021";"11:05";"1";"84";"84007";"2";"1";"1";"6";"CHEMIN DE LA TRAILLE";"43,9565100000";"4,8049500000"
"202100022699";"24";"08";"2021";"11:20";"1";"83";"83061";"2";"1";"1";"6";"AVENUE DE LA CORNICHE D'AZUR";"43,4117300000";"6,7250900000"
"202100022700";"23";"08";"2021";"18:00";"1";"81";"81004";"1";"1";"1";"2";"ROCADE RN88 EST";"43,9114100000";"2,1416200000"
"202100022701";"23";"08";"2021";"16:00";"1";"76";"76351";"2";"2";"1";"3";"RICHELIEU";"49,4893700000";"0,1029600000"
"202100022702";"23";"08";"2021";"20:45";"1";"76";"76305";"1";"1";"1";"4";"N 282";"49,4990500000";"0,2015100000"
"202100022703";"23";"08";"2021";"09:30";"1";"69";"69264";"2";"3";"1";"6";"NATIONALE (R)";"45,9928500000";"4,7187100000"
"202100022704";"20";"08";"2021";"15:30";"1";"66";"66136";"1";"1";"1";"3";"SAINT CHARLES (ROCADE)";"42,6776553589";"2,8512451798"
"202100022705";"24";"08";"2021";"20:25";"4";"64";"64445";"2";"3";"1";"3";"ALSACE LORRAINE D'";"43,3043900000";" -0,3674800000"
"202100022706";"23";"08";"2021";"17:05";"1";"64";"64445";"2";"1";"1";"3";"BUROS DE";"43,3233100000";" -0,3465000000"
"202100022707";"23";"08";"2021";"14:10";"1";"64";"64102";"2";"1";"1";"3";"PIECE NOYEE (ROND POINT DE LA)";"43,4991800000";" -1,4812200000"
"202100022708";"23";"08";"2021";"16:55";"1";"63";"63014";"2";"2";"1";"3";"ROUSSILLON (AVENUE DU)";"45,7554500000";"3,1291400000"
"202100022709";"10";"08";"2021";"18:00";"1";"62";"62413";"2";"2";"1";"3";"PEPIN (R DU MOULIN )";"50,4429680000";"2,9050550000"
"202100022710";"23";"08";"2021";"10:25";"1";"60";"60159";"2";"3";"1";"3";"Avenue du GÃ©nÃ©ral Weygand";"49,4057500000";"2,8086600000"
"202100022711";"24";"08";"2021";"10:35";"1";"59";"59378";"2";"1";"1";"6";"DUCROQUET RUE DU DOC. NÂ°1-167";"50,6811800000";"3,0903400000"
"202100022712";"23";"08";"2021";"18:30";"1";"56";"56162";"2";"1";"1";"3";"PLOEMEUR (RUE DE)";"47,7336400000";" -3,4951100000"
"202100022713";"21";"08";"2021";"10:10";"1";"50";"50416";"1";"1";"2";"6";"CD 901";"49,6492500000";" -1,7181100000"
"202100022714";"24";"08";"2021";"05:11";"5";"44";"44055";"2";"1";"1";"2";"DUBOIS ( BOULEVARD DU DOCTEUR )";"47,2807770000";" -2,3839760000"
"202100022715";"24";"08";"2021";"17:30";"1";"35";"35238";"1";"1";"1";"2";"RN136";"48,0807900000";" -1,6748800000"
"202100022716";"24";"08";"2021";"08:20";"1";"35";"35051";"1";"6";"1";"3";"RD 29";"48,1545760000";" -1,6249130000"
"202100022717";"23";"08";"2021";"15:40";"1";"35";"35238";"2";"1";"1";"2";"LIBERTE (BD DE LA)";"48,1076200000";" -1,6807300000"
"202100022718";"23";"08";"2021";"19:25";"1";"34";"34129";"1";"1";"1";"6";"PALAVAS (ROUTE DE)";"43,5541700000";"3,8930400000"
"202100022719";"23";"08";"2021";"18:40";"1";"34";"34172";"2";"1";"1";"3";"APOTHICAIRES (AVENUE DES)";"43,6444700000";"3,8415400000"
"202100022720";"23";"08";"2021";"16:25";"1";"34";"34003";"2";"1";"1";"6";"MEDITERRANNEE (Rond point)";"43,2992600000";"3,4779100000"
"202100022721";"24";"08";"2021";"18:15";"1";"33";"33063";"2";"1";"1";"1";"Rue LÃ©o Saignat";"44,8270600000";" -0,6008300000"
"202100022722";"24";"08";"2021";"06:50";"2";"31";"31557";"2";"1";"1";"1";"MARQUISAT (AV DU)";"43,5780300000";"1,3519400000"
"202100022723";"23";"08";"2021";"16:50";"1";"31";"31555";"2";"9";"1";"3";"AV DE FRONTON";"43,6525500000";"1,4325500000"
"202100022724";"20";"08";"2021";"19:15";"1";"31";"31555";"2";"1";"7";"6";"METZ (RUE DE) DU 21AU 49";"43,6006800000";"1,4498300000"
"202100022725";"13";"08";"2021";"18:45";"1";"26";"26281";"1";"3";"7";"3";"1856 Route de Chatillon Saint Jean";"45,0636440000";"5,0887550000"
"202100022726";"24";"08";"2021";"22:55";"5";"25";"25056";"2";"3";"1";"6";"DROZ   AVENUE EDOUARD";"47,2424600000";"6,0294200000"
"202100022727";"24";"08";"2021";"05:35";"5";"25";"25056";"2";"2";"1";"3";"KENNEDY  BOULEVARD J.F.";"47,2380900000";"5,9878300000"
"202100022728";"20";"08";"2021";"19:35";"1";"24";"24322";"2";"3";"7";"3";"PETIT CHANGE (BOULEVARD DU)";"45,1836000000";"0,7349900000"
"202100022729";"18";"08";"2021";"13:23";"1";"22";"22113";"2";"3";"1";"6";"CARTIER (RUE JACQUES)";"48,7310900000";" -3,4466900000"
"202100022730";"23";"08";"2021";"11:00";"1";"17";"17461";"2";"1";"1";"3";"PARC DES SPORTS (AVENUE DU)";"45,6439900000";" -1,0679300000"
"202100022731";"24";"08";"2021";"08:59";"1";"17";"17300";"2";"1";"1";"2";"SAUTEL  BOULEVARD ANDRE";"46,1679500000";" -1,1327600000"
"202100022732";"24";"08";"2021";"16:20";"1";"13";"13203";"2";"2";"1";"3";"PARIS (BOULEVARD DE)";"43,3110588870";"5,3695652381"
"202100022733";"23";"08";"2021";"13:00";"1";"13";"13001";"1";"1";"1";"1";"PARAYRE LIEUTENANT (RUE DU)";"43,5022100000";"5,3500500000"
"202100022734";"24";"08";"2021";"14:45";"1";"12";"12100";"1";"1";"1";"3";"RD 840 (AXE BRIVE MEDITERRANEE)";"44,5239500000";"2,3343000000"
"202100022735";"23";"08";"2021";"18:15";"1";"12";"12089";"1";"1";"1";"3";"RD 840";"44,5593600000";"2,2583400000"
"202100022736";"19";"08";"2021";"11:00";"1";"11";"11262";"2";"3";"1";"3";"ARMISSAN ROUTE D')";"43,1874200000";"3,0174500000"
"202100022737";"23";"08";"2021";"21:20";"3";"11";"11069";"1";"3";"1";"3";"Rue des Saumes";"43,2163830000";"2,2868600000"
"202100022738";"23";"08";"2021";"14:45";"1";"10";"10387";"2";"9";"8";"2";"QUATORZE JUILLET (RUE DU)";"48,2950300000";"4,0800000000"
"202100022739";"23";"08";"2021";"16:00";"1";"08";"08105";"2";"3";"1";"3";"GAMBETTA BOULEVARD";"49,7725410000";"4,7105380000"
"202100022740";"22";"08";"2021";"06:35";"2";"05";"05061";"2";"3";"1";"7";"VILLAROBERT ( RUE DE )";"44,5739400000";"6,0950500000"
"202100022741";"21";"08";"2021";"20:15";"1";"05";"05061";"2";"1";"1";"6";"LIBERATION ( BD DE LA )";"44,5602500000";"6,0766900000"
"202100022742";"24";"08";"2021";"05:00";"4";"75";"75120";"2";"4";"1";"6";"PORTE DE BAGNOLET";"48,8669420000";"2,4132200000"
"202100022743";"23";"08";"2021";"09:25";"1";"75";"75112";"2";"1";"1";"7";"PORTE DOREE";"48,8351300000";"2,4116190000"
"202100022744";"23";"08";"2021";"06:35";"2";"75";"75120";"2";"4";"1";"6";"PORTE DE BAGNOLET";"48,8669620000";"2,4134350000"
"202100022745";"23";"08";"2021";"23:00";"5";"75";"75117";"2";"2";"1";"3";"AVENUE DE LA PORTE DE CLICHY";"48,8962570000";"2,3101450000"
"202100022746";"24";"08";"2021";"08:40";"1";"75";"75120";"2";"1";"1";"3";"AVENUE DE LA PORTE DE BAGNOLET";"48,8651340000";"2,4112990000"
"202100022747";"23";"08";"2021";"23:30";"5";"75";"75120";"2";"4";"1";"3";"BOULEVARD DAVOUT";"48,8562530000";"2,4100080000"
"202100022748";"24";"08";"2021";"00:01";"5";"75";"75119";"2";"2";"1";"3";"AVENUE SIMON BOLIVAR";"48,8784090000";"2,3742580000"
"202100022749";"24";"08";"2021";"08:40";"1";"75";"75116";"2";"1";"1";"2";"RUE AGAR";"48,8513748078";"2,2738601267"
"202100022750";"24";"08";"2021";"17:30";"1";"75";"75110";"2";"1";"1";"3";"RUE DU FAUBOURG SAINT MARTIN";"48,8704610000";"2,3563800000"
"202100022751";"24";"08";"2021";"08:10";"1";"75";"75109";"2";"1";"1";"3";"RUE SAINT GEORGES";"48,8774250000";"2,3373040000"
"202100022752";"24";"08";"2021";"09:00";"1";"75";"75101";"2";"3";"1";"2";"BOULEVARD DE LA MADELEINE";"48,8695760000";"2,3258910000"
"202100022753";"24";"08";"2021";"18:20";"1";"94";"94081";"2";"1";"1";"3";"Avenue Youri Gagarine";"48,7870745994";"2,3911921388"
"202100022754";"23";"08";"2021";"12:50";"1";"94";"94068";"2";"1";"1";"7";"BAC (AV DU)";"48,7940400000";"2,5128400000"
"202100022755";"23";"08";"2021";"12:15";"1";"94";"94041";"2";"1";"1";"1";"MARCEL BOYER (QU)";"48,8218800000";"2,3934300000"
"202100022756";"24";"08";"2021";"15:05";"1";"93";"93071";"2";"9";"1";"1";"HENRI BARBUSSE (AVENUE)";"48,9389700000";"2,5387100000"
"202100022757";"24";"08";"2021";"13:30";"1";"93";"93074";"2";"2";"7";"6";"ILE DE FRANCE RUE DE L'";"48,9300000000";"2,5740000000"
"202100022758";"23";"08";"2021";"20:00";"2";"93";"93006";"2";"1";"1";"3";"Rue Louise Michel";"48,8781167924";"2,4327539207"
"202100022759";"24";"08";"2021";"13:30";"1";"93";"93001";"2";"1";"1";"2";"CITES (RUE DES)  125/134 =>";"48,9131500000";"2,3886700000"
"202100022760";"24";"08";"2021";"18:40";"1";"92";"92049";"2";"1";"1";"2";"CHATEAUBRIAND RUE DE";"48,8117100000";"2,3092300000"
"202100022761";"24";"08";"2021";"08:00";"1";"92";"92046";"2";"3";"1";"3";"BROSSOLETTE AVENUE PIERRE";"48,8128220000";"2,3015900000"
"202100022762";"24";"08";"2021";"11:03";"1";"92";"92040";"2";"1";"1";"3";"GALLIENI (BOULEVARD)";"48,8283100000";"2,2675000000"
"202100022763";"24";"08";"2021";"17:45";"1";"13";"13215";"1";"1";"1";"2";"A7-Sens Marseille vers Lyon";"43,3753480000";"5,3601040000"
"202100022764";"23";"08";"2021";"21:30";"3";"13";"13215";"1";"1";"1";"2";"A7-Sens Marseille vers Lyon";"43,3773200000";"5,3578500000"
"202100022765";"24";"08";"2021";"12:15";"1";"69";"69294";"1";"1";"1";"6";"A7";"45,6271922002";"4,8164034375"
"202100022766";"24";"08";"2021";"06:10";"2";"69";"69287";"1";"1";"1";"1";"A43 ";"45,6843000000";"5,0055800000"
"202100022767";"24";"08";"2021";"05:50";"5";"33";"33192";"1";"1";"1";"6";"ROCADE A 630";"44,7869801951";" -0,5971455574"
"202100022768";"24";"08";"2021";"01:50";"5";"33";"33550";"1";"1";"1";"6";"ROCADE A 630";"44,7779680000";" -0,5641330000"
"202100022769";"22";"08";"2021";"17:00";"1";"59";"59449";"1";"1";"1";"6";"AUTOROUTE A23";"50,4716651167";"3,2271523925"
"202100022770";"24";"08";"2021";"18:30";"1";"94";"94021";"1";"1";"1";"6";"AUTOROUTE A6B";"48,7713715480";"2,3450994762"
"202100022771";"24";"08";"2021";"18:40";"1";"92";"92050";"1";"1";"1";"3";"A86";"48,9044290792";"2,2078710794"
"202100022772";"24";"08";"2021";"19:00";"1";"92";"92036";"1";"9";"1";"2";"A86";"48,9346421839";"2,2815214445"
"202100022773";"24";"08";"2021";"14:45";"1";"94";"94052";"1";"1";"1";"2";"A86 INT";"48,8376100000";"2,4939200000"
"202100022774";"24";"08";"2021";"10:15";"1";"77";"77514";"1";"1";"1";"2";"A104";"48,9375437675";"2,6282110205"
"202100022775";"24";"08";"2021";"06:15";"3";"94";"94044";"1";"1";"1";"6";"RN406.W";"48,7578165023";"2,4789462089"
"202100022776";"17";"04";"2021";"09:50";"2";"44";"44172";"1";"6";"1";"7";"Rond-Point des Bornes";"47,2755390000";" -1,4676940000"
"202100022777";"22";"07";"2021";"09:00";"1";"62";"62498";"2";"1";"1";"7";"ALAIN (R)";"50,4310550000";"2,8436750000"
"202100022778";"22";"06";"2021";"10:10";"1";"78";"78498";"1";"1";"3";"3";"QUARANTE SOUS ROUTE DE";"48,9151300000";"2,0191000000"
"202100022779";"23";"08";"2021";"09:15";"1";"976";"97611";"1";"9";"1";"3";"doujani-MosquÃ©e de doujani ( rue de la )";" -12,7943700000";"45,2113800000"
"202100022780";"23";"08";"2021";"08:20";"1";"974";"97407";"1";"1";"1";"7";"ROUTE NATIONALE NÂ° 1";" -20,9416200000";"55,3281300000"
"202100022781";"23";"08";"2021";"18:30";"2";"973";"97302";"2";"9";"1";"3";"MONTABO (ROUTE DE) 1";"4,9423811074";" -52,3052473069"
"202100022782";"23";"08";"2021";"10:31";"1";"973";"97302";"2";"1";"1";"2";"PREVOT (ERNEST)";"4,9330239392";" -52,3328661920"
"202100022783";"23";"08";"2021";"23:30";"5";"2A";"2A004";"2";"8";"1";"3";"NAPOLEON COURS APRES BEVERINI";"41,9321500000";"8,7407200000"
"202100022784";"22";"08";"2021";"18:20";"1";"95";"95280";"2";"1";"1";"1";"Route de Roissy";"49,0117257812";"2,4776168354"
"202100022785";"23";"08";"2021";"17:30";"1";"95";"95018";"2";"1";"1";"6";"RD 311";"48,9389054811";"2,2499471872"
"202100022786";"23";"08";"2021";"14:18";"1";"91";"91469";"2";"1";"1";"6";"BOIS DES ROCHES (RUE DU)";"48,3969800000";"2,1487500000"
"202100022787";"23";"08";"2021";"02:30";"3";"91";"91223";"1";"1";"1";"6";"R.D.20";"48,4248960000";"2,1436630000"
"202100022788";"22";"08";"2021";"18:40";"1";"91";"91223";"2";"3";"1";"7";"MONTFAUCON (BOULEVARD DE)";"48,4404200000";"2,1602400000"
"202100022789";"20";"08";"2021";"21:50";"5";"87";"87085";"2";"1";"1";"6";"AUTOROUTE A20";"45,8376800000";"1,2826400000"
"202100022790";"20";"08";"2021";"16:20";"1";"84";"84031";"2";"1";"1";"3";"MISTRAL AVENUE FREDERIC";"44,0490100000";"5,0364000000"
"202100022791";"22";"08";"2021";"23:00";"5";"83";"83129";"2";"1";"1";"3";"MER (AVENUE DE LA) NÂ°IMPAIRS";"43,1034700000";"5,8195400000"
"202100022792";"21";"08";"2021";"21:10";"5";"83";"83123";"2";"1";"1";"3";"GARE (ROUTE)";"43,1192200000";"5,8120400000"
"202100022793";"20";"08";"2021";"18:15";"1";"80";"80021";"1";"1";"1";"3";"ANDRE DUROUCHEZ (RUE)";"49,9310495701";"2,2780133666"
"202100022794";"20";"08";"2021";"12:20";"1";"78";"78311";"2";"1";"1";"6";"MARCEAU (RUE)";"48,9251500000";"2,1852600000"
"202100022795";"23";"08";"2021";"13:00";"1";"69";"69266";"2";"3";"1";"6";"LAURENT BONNEVAY (BD)";"45,7875300000";"4,8817200000"
"202100022796";"22";"08";"2021";"01:13";"5";"67";"67482";"2";"3";"3";"3";"RHIN (ROUTE DU)";"48,5726300000";"7,7927800000"
"202100022797";"20";"08";"2021";"11:45";"1";"67";"67043";"2";"1";"1";"3";"BISCHWILLER (ROUTE DE)";"48,6162100000";"7,7533670000"
"202100022798";"20";"08";"2021";"09:50";"1";"67";"67482";"2";"1";"1";"3";"ALSACE (AVENUE D )";"48,5867500000";"7,7612660000"
"202100022799";"23";"08";"2021";"11:30";"1";"65";"65251";"2";"1";"1";"1";"HIPPODROME (RUE DE L')";"43,2040026756";"0,0697249601"
"202100022800";"22";"08";"2021";"18:20";"1";"64";"64122";"2";"2";"1";"1";"113 Avenue de la Marne";"43,4823300000";" -1,5443900000"
"202100022801";"22";"08";"2021";"23:00";"5";"63";"63014";"2";"1";"1";"7";"SAHUT (RUE DU DOCTEUR)";"45,7505200000";"3,1055300000"
"202100022802";"20";"08";"2021";"13:05";"1";"63";"63113";"2";"2";"1";"3";"JAURES (BD JEAN)";"45,7679000000";"3,0841000000"
"202100022803";"21";"08";"2021";"16:28";"1";"56";"56121";"2";"6";"1";"6";"KERVARIC (ROND POINT DE )";"47,7480800000";" -3,3893000000"
"202100022804";"21";"08";"2021";"11:36";"1";"56";"56162";"1";"4";"1";"1";"Route de Kerpape";"47,7195500000";" -3,4090500000"
"202100022805";"23";"08";"2021";"21:40";"3";"54";"54253";"2";"1";"1";"6";"DEPARTEMENTALE 136";"49,1929460000";"5,9112250000"
"202100022806";"22";"08";"2021";"19:47";"1";"49";"49007";"2";"1";"1";"7";"SAINT LAZARE";"47,4800100000";" -0,5659900000"
"202100022807";"23";"08";"2021";"08:30";"1";"45";"45004";"2";"9";"8";"3";"Parking Leclerc";"47,9771104438";"2,7323727113"
"202100022808";"23";"08";"2021";"21:55";"5";"44";"44109";"2";"1";"1";"3";"BOULEVARD DES BELGES";"47,2342000000";" -1,5383200000"
"202100022809";"1";"08";"2021";"02:50";"3";"41";"41295";"1";"1";"1";"7";"RUE PIERRE GILLES DE GENNES";"47,5725000000";"1,3731000000"
"202100022810";"21";"08";"2021";"22:35";"5";"41";"41212";"2";"4";"1";"3";"NATIONALE (ROUTE)";"47,5731300000";"1,3554900000"
"202100022811";"23";"08";"2021";"20:10";"1";"33";"33318";"2";"1";"1";"3";"Cours de la LibÃ©ration";"44,7934200000";" -0,6052500000"
"202100022812";"23";"08";"2021";"08:40";"1";"33";"33318";"2";"1";"1";"6";"Rue Jean Perrin";"44,7796500000";" -0,6586100000"
"202100022813";"23";"08";"2021";"05:00";"3";"27";"27375";"1";"1";"1";"6";"ELBEUF (ROUTE D')";"49,2282300000";"1,1489000000"
"202100022814";"23";"08";"2021";"15:50";"1";"17";"17200";"2";"1";"1";"3";"HUIT MAI 1945   AVENUE DU";"46,1864100000";" -1,1506000000"
"202100022815";"23";"08";"2021";"19:35";"1";"13";"13204";"2";"2";"1";"3";"SAKAKINI (BOULEVARD)";"43,2986900000";"5,4012300000"
"202100022816";"23";"08";"2021";"10:20";"1";"13";"13202";"2";"2";"1";"3";"ANTHOINE (RUE D')";"43,3164300090";"5,3683573790"
"202100022817";"22";"08";"2021";"22:10";"5";"13";"13201";"2";"1";"1";"6";"JEAN BALLARD (COURS)";"43,2928000000";"5,3747000000"
"202100022818";"23";"08";"2021";"21:00";"5";"06";"06088";"2";"1";"1";"1";"DIGUE DES FRANCAIS (TRAV. DE LA)";"43,6768230000";"7,2014840000"