"Num_Acc";"jour";"mois";"an";"hrmn";"lum";"dep";"com";"agg";"int";"atm";"col";"adr";"lat";"long"
"202100022819";"19";"08";"2021";"21:00";"5";"05";"05061";"2";"1";"1";"3";"DESCENTE ( ROUTE DE LA )";"44,5734582370";"6,0833976451"
"202100022820";"22";"08";"2021";"08:50";"1";"75";"75119";"2";"1";"1";"2";"BD PERIPHERIQUE INTERIEUR";"48,9001710000";"2,3779070000"
"202100022821";"22";"08";"2021";"08:35";"1";"75";"75116";"2";"1";"1";"6";"BD PERIPHERIQUE INTERIEUR";"48,8757810000";"2,2776130000"
"202100022822";"23";"08";"2021";"06:10";"2";"75";"75113";"2";"4";"1";"6";"BOULEVARD PERIPHERIQUE INTERIEUR SUD";"48,8173180000";"2,3661270000"
"202100022823";"23";"08";"2021";"21:00";"5";"75";"75113";"2";"2";"1";"6";"BOULEVARD MASSENA";"48,8201200000";"2,3646390000"
"202100022824";"22";"08";"2021";"19:30";"1";"75";"75113";"2";"3";"1";"2";"AVENUE D ITALIE";"48,8283330000";"2,3566050000"
"202100022825";"23";"08";"2021";"09:10";"1";"75";"75111";"2";"1";"1";"6";"AVENUE DU TRONE";"48,8484330000";"2,3982220000"
"202100022826";"22";"08";"2021";"01:09";"5";"94";"94041";"2";"9";"1";"3";"Bd Paul Vaillant Couturier";"48,8181000000";"2,3979900000"
"202100022827";"23";"08";"2021";"05:30";"2";"93";"93073";"2";"9";"2";"1";"JAURES (PLACE JEAN)";"48,9500000000";"2,5800000000"
"202100022828";"23";"08";"2021";"22:55";"5";"93";"93031";"2";"3";"1";"3";"REPUBLIQUE (AVENUE)";"48,9480000000";"2,3386400000"
"202100022829";"10";"08";"2021";"20:55";"1";"92";"92063";"2";"1";"1";"2";"TALMA (AVENUE)";"48,8680787724";"2,1664631367"
"202100022830";"20";"08";"2021";"17:10";"1";"92";"92063";"2";"2";"1";"3";"CHATEAUBRIAND (RUE)";"48,8690385661";"2,2040140629"
"202100022831";"22";"08";"2021";"23:15";"5";"92";"92051";"2";"1";"1";"6";"BOURDON (BOULEVARD)";"48,8959406283";"2,2719077230"
"202100022832";"23";"08";"2021";"13:25";"1";"92";"92036";"2";"9";"1";"6";"PETITS MARAIS (CHEMIN DES)";"48,9462222865";"2,3018717766"
"202100022833";"23";"08";"2021";"10:25";"1";"92";"92026";"2";"1";"1";"6";"FRANKLIN (AVE ET RUE)";"48,9034890721";"2,2664907575"
"202100022834";"22";"08";"2021";"05:45";"2";"39";"39331";"2";"1";"1";"7";"N/A";"46,7910100000";"6,1214700000"
"202100022835";"23";"08";"2021";"13:00";"1";"24";"24266";"2";"1";"1";"5";"197 Route de Gravelle";"45,2240030000";"0,5587040000"
"202100022836";"22";"08";"2021";"21:30";"2";"35";"35152";"1";"1";"1";"3";"A 84";"48,2323070000";" -1,4848870000"
"202100022837";"23";"08";"2021";"22:40";"3";"62";"62042";"1";"1";"1";"1";"D950";"50,3134890000";"2,8344830000"
"202100022838";"22";"08";"2021";"17:30";"1";"44";"44070";"2";"1";"1";"3";"rue de la sÃ¨vre";"47,1523690000";" -1,4016150000"
"202100022839";"23";"08";"2021";"18:25";"1";"77";"77246";"1";"1";"1";"6";"D78";"48,5855790000";"3,3685650000"
"202100022840";"19";"08";"2021";"19:30";"1";"24";"24491";"1";"1";"1";"7";"AUTOROUTE A89 PK 155.000";"45,1564910000";"1,1442220000"
"202100022841";"23";"08";"2021";"19:00";"1";"69";"69292";"2";"4";"1";"3";"VIADUC (DU) (R)";"45,8263580000";"4,8789440000"
"202100022842";"24";"08";"2021";"15:50";"1";"11";"11008";"1";"1";"1";"6";"D118";"42,9967140000";"2,2526480000"
"202100022843";"23";"08";"2021";"14:00";"1";"71";"71436";"1";"1";"1";"6";"10 Lieu Dit la Galoche";"46,7225648121";"4,5163459829"
"202100022844";"23";"08";"2021";"22:00";"5";"71";"71305";"2";"4";"1";"6";"Chemin du Lavoir de By";"46,4701020000";"4,8511340000"
"202100022845";"21";"08";"2021";"20:00";"2";"71";"71377";"1";"1";"1";"6";"Route de Brancion";"46,5463913284";"4,8068404199"
"202100022846";"21";"08";"2021";"23:00";"3";"61";"61392";"1";"1";"1";"6";"la vallÃ©e montjoie";"48,9435590000";"0,4062800000"
"202100022847";"22";"08";"2021";"05:55";"3";"39";"39160";"1";"1";"1";"6";"N/A";"46,7948450000";"5,4070970000"
"202100022848";"24";"08";"2021";"12:05";"1";"35";"35211";"1";"1";"1";"6";"D 38";"48,0203580000";" -2,1641350000"
"202100022849";"15";"08";"2021";"16:45";"1";"66";"66205";"1";"1";"1";"1";"CD611";"42,8234920000";"2,7131190000"
"202100022850";"20";"08";"2021";"19:30";"1";"64";"64363";"1";"4";"1";"3";"D232 - chemin de Ste Colome";"43,1197810000";" -0,3478400000"
"202100022851";"23";"08";"2021";"12:30";"1";"64";"64256";"2";"1";"1";"2";"2 Route de Cambo";"43,3821200000";" -1,3133440000"
"202100022852";"23";"08";"2021";"14:45";"1";"18";"18240";"2";"3";"1";"2";"4 Route de Bourges";"47,1569730000";"2,9103150000"
"202100022853";"26";"06";"2021";"20:30";"2";"07";"07330";"1";"1";"1";"7";"Route touristique des gorges de l'adÃ¨che  CD 290";"44,3825970000";"4,4136500000"
"202100022854";"20";"08";"2021";"21:45";"3";"87";"87154";"1";"1";"1";"3";"D21";"45,9132130000";"0,8932830000"
"202100022855";"23";"08";"2021";"15:50";"1";"30";"30346";"1";"1";"1";"6";"D981";"43,9613760000";"4,5165560000"
"202100022856";"16";"08";"2021";"14:00";"1";"30";"30089";"2";"3";"1";"3";"D986l";"43,8476780000";"4,6075680000"
"202100022857";"24";"08";"2021";"11:00";"1";"48";"48194";"1";"1";"1";"6";"D998";"44,3349460000";"3,8740750000"
"202100022858";"23";"08";"2021";"09:55";"1";"88";"88313";"1";"1";"1";"1";"D6";"48,3416130000";"6,4248730000"
"202100022859";"24";"08";"2021";"13:45";"1";"13";"13112";"1";"3";"1";"3";"Route Departemental 20";"43,5180810000";"5,2317130000"
"202100022860";"22";"08";"2021";"15:20";"1";"72";"72031";"1";"1";"1";"3";"A11 - PK 145 - Sens LE MANS-PARIS";"48,0852900000";"0,4984830000"
"202100022861";"24";"08";"2021";"07:32";"1";"25";"25157";"2";"1";"1";"6";"3 lieu dit ""la Cluse""";"46,8763870000";"6,3750740000"
"202100022862";"24";"08";"2021";"02:30";"3";"77";"77071";"1";"1";"1";"3";"Autoroute A6 au pointv kilomÃ©trique 081.500";"48,1973760000";"2,8071780000"
"202100022863";"14";"08";"2021";"00:40";"5";"11";"11202";"2";"1";"1";"6";"Parking du Camp Redon";"42,8633440000";"3,0457340000"
"202100022864";"23";"08";"2021";"11:41";"1";"971";"97125";"2";"1";"1";"6";"RN5";"16,2692780000";" -61,2784120000"
"202100022865";"23";"08";"2021";"01:55";"5";"978";"97801";"2";"1";"1";"6";"R DE SANDY GROUND";"18,0577760000";" -63,0986400000"
"202100022866";"19";"08";"2021";"17:25";"1";"45";"45210";"2";"3";"1";"3";"D93";"47,8570760000";"2,8246280000"
"202100022867";"24";"08";"2021";"17:00";"1";"77";"77154";"1";"3";"1";"3";"D20";"48,8182950000";"2,9130610000"
"202100022868";"24";"08";"2021";"15:55";"1";"34";"34162";"1";"1";"1";"1";"le trou du renard";"43,4604070000";"3,5130550000"
"202100022869";"23";"08";"2021";"16:00";"1";"04";"04077";"1";"1";"1";"6";"RD 101";"43,9424520000";"6,0027190000"
"202100022870";"22";"08";"2021";"22:10";"3";"26";"26179";"1";"1";"1";"3";"Autoroute A7";"45,0536530000";"4,8773210000"
"202100022871";"21";"08";"2021";"21:50";"5";"71";"71176";"2";"2";"1";"3";"Avenue du General de Gaulle";"46,4831590000";"3,9855270000"
"202100022872";"21";"08";"2021";"19:00";"1";"88";"88241";"1";"1";"1";"7";"D13";"48,3071290000";"5,8910940000"
"202100022873";"22";"08";"2021";"09:30";"1";"73";"73157";"1";"1";"1";"6";"D216";"45,1830580000";"6,6577420000"
"202100022874";"24";"08";"2021";"06:25";"3";"33";"33517";"1";"1";"1";"1";"D2";"45,0492440000";" -0,6923320000"
"202100022875";"22";"08";"2021";"09:15";"1";"44";"44205";"1";"1";"1";"7";"La Volerie";"47,4621610000";" -1,4138620000"
"202100022876";"24";"08";"2021";"17:45";"1";"61";"61165";"1";"1";"1";"1";"D1";"48,4171110000";" -0,0221660000"
"202100022877";"24";"08";"2021";"09:15";"1";"29";"29198";"1";"1";"1";"6";"D125 - Route de Lesneven";"48,5997500000";" -4,3059430000"
"202100022878";"24";"08";"2021";"05:40";"3";"60";"60619";"1";"1";"1";"7";"N/A";"49,1220150000";"2,8005270000"
"202100022879";"24";"08";"2021";"14:45";"1";"60";"60170";"1";"1";"1";"3";"Route du Moulin de la VallÃ©e";"49,1972854420";"2,5452930292"
"202100022880";"24";"08";"2021";"00:00";"5";"59";"59524";"2";"1";"1";"7";"Rue du 11 Novembre";"50,5650780000";"2,9061470000"
"202100022881";"23";"08";"2021";"13:05";"1";"13";"13071";"1";"1";"1";"6";"A51-Sens Marseille vers Aix en Provence";"43,4151500000";"5,3648200000"
"202100022882";"23";"08";"2021";"13:50";"1";"13";"13215";"1";"1";"1";"2";"A7-Sens Marseille vers Lyon";"43,3666900000";"5,3608900000"
"202100022883";"23";"08";"2021";"00:30";"3";"13";"13216";"1";"1";"1";"3";"A55-Sens Martigues vers Marseille";"43,3607824765";"5,3430239838"
"202100022884";"2";"08";"2021";"01:20";"3";"54";"54483";"1";"1";"1";"6";"Autoroute A 33";"48,6167400000";"6,2837500000"
"202100022885";"20";"08";"2021";"11:15";"1";"59";"59646";"1";"1";"1";"7";"ROUTE DEPARTEMENTALE 656";"50,6665969113";"3,1142216921"
"202100022886";"23";"08";"2021";"09:10";"1";"78";"78545";"1";"1";"1";"2";"A12 Y";"48,8176200000";"2,0646010000"
"202100022887";"23";"08";"2021";"20:20";"3";"93";"93001";"1";"1";"1";"3";"AUTOROUTE A86";"48,9218100000";"2,3770100000"
"202100022888";"23";"08";"2021";"13:40";"1";"92";"92036";"1";"1";"1";"3";"AUTOROUTE A86";"48,9372589587";"2,3169021068"
"202100022889";"23";"08";"2021";"08:45";"1";"93";"93064";"1";"1";"1";"3";"AUTOROUTE A86";"48,8712200000";"2,4819000000"
"202100022890";"23";"08";"2021";"01:00";"3";"95";"95641";"1";"1";"1";"2";"A1";"49,0729500000";"2,5522800000"
"202100022891";"8";"04";"2021";"22:25";"5";"26";"26058";"2";"6";"1";"3";"GAY-LUSSAC RUE";"44,9410600000";"4,8937000000"
"202100022892";"7";"04";"2021";"15:15";"1";"26";"26362";"2";"1";"1";"3";"105 Avenue de Romans";"44,9339050000";"4,9043470000"
"202100022893";"22";"04";"2021";"15:27";"1";"88";"88160";"2";"1";"1";"6";"N/A";"48,1859630000";"6,4451170000"
"202100022894";"21";"08";"2021";"06:30";"2";"72";"72181";"2";"1";"1";"6";"BERCE (RUE DE)";"47,9976400000";"0,2150800000"
"202100022895";"31";"07";"2021";"16:50";"1";"52";"52121";"2";"1";"1";"6";"ALPHANDERY (RUE) PAIR";"48,0990700000";"5,1347600000"
"202100022896";"14";"04";"2021";"13:10";"1";"09";"09207";"1";"1";"1";"6";"RD 117";"42,9248200000";"1,6359700000"
"202100022897";"22";"08";"2021";"21:05";"4";"974";"97411";"2";"1";"1";"6";"JAURES (BOULEVARD JEAN)";" -20,8898000000";"55,4637400000"
"202100022898";"22";"08";"2021";"15:25";"1";"69";"69386";"2";"2";"1";"3";"MOLIERE (R)";"45,7665700000";"4,8424000000"
"202100022899";"22";"08";"2021";"01:50";"5";"972";"97209";"2";"1";"2";"6";"MOUTTE (ROUTE DE)";"14,6284710000";" -61,0490440000"
"202100022900";"22";"08";"2021";"14:50";"1";"95";"95585";"2";"1";"1";"6";"Rue de lâEscouvrier";"48,9938000000";"2,3886000000"
"202100022901";"22";"08";"2021";"21:50";"5";"95";"95426";"2";"1";"1";"2";"RD 909";"49,0174200000";"2,2893600000"
"202100022902";"22";"08";"2021";"09:50";"1";"91";"91549";"2";"6";"1";"3";"LIBERTE (AVENUE DE LA)";"48,6424000000";"2,3473500000"
"202100022903";"21";"08";"2021";"19:30";"1";"91";"91161";"2";"1";"1";"3";"AV MAZARIN";"48,7060000000";"2,3137300000"
"202100022904";"22";"08";"2021";"07:50";"1";"83";"83069";"1";"1";"1";"6";"SALINS ( ROUTE DES VIEUX)";"43,1155800000";"6,1912100000"
"202100022905";"22";"08";"2021";"07:20";"1";"76";"76540";"2";"6";"1";"7";"EUROPE. BOULEVARD DE L'";"49,4260400000";"1,0868600000"
"202100022906";"21";"08";"2021";"16:00";"1";"76";"76217";"2";"1";"2";"3";"GAMBETTA (AVENUE)";"49,9146520000";"1,0748610000"
"202100022907";"22";"08";"2021";"16:05";"1";"68";"68376";"2";"3";"2";"3";"MARKSTEIN (RUE DU)";"47,8105700000";"7,3312300000"
"202100022908";"21";"08";"2021";"10:15";"1";"62";"62643";"2";"1";"1";"2";"DESMOULINS ( Rue Camille )";"50,6994090000";"1,6082270000"
"202100022909";"22";"08";"2021";"01:05";"5";"45";"45274";"2";"1";"1";"4";"418 Rue de Champdoux";"47,8790934851";"1,9615331333"
"202100022910";"22";"08";"2021";"19:27";"1";"34";"34172";"2";"1";"1";"1";"ACCONIERS (RUE DES)";"43,5954400000";"3,9010400000"
"202100022911";"22";"08";"2021";"16:30";"1";"33";"33039";"2";"1";"1";"3";"Quai du PrÃ©sident Wilson";"44,8110455370";" -0,5333505350"
"202100022912";"22";"08";"2021";"14:45";"1";"33";"33063";"2";"2";"1";"3";"Rue de BÃ¨gles";"44,8135100000";" -0,5646800000"
"202100022913";"22";"08";"2021";"14:00";"1";"33";"33063";"2";"7";"1";"6";"Quai Louis XVIII";"44,8465000000";" -0,5708000000"
"202100022914";"21";"08";"2021";"05:26";"5";"33";"33063";"2";"2";"1";"6";"Rue de Leybardie";"44,8624300000";" -0,5671600000"
"202100022915";"22";"08";"2021";"15:40";"1";"33";"33529";"1";"1";"1";"3";"BISCAROSSE (AVE) DUNE VERS BISCA";"44,5695200000";" -1,2268100000"
"202100022916";"22";"08";"2021";"23:35";"5";"31";"31069";"2";"1";"1";"6";"ANDROMEDE (AV)";"43,6554000000";"1,3675900000"
"202100022917";"22";"08";"2021";"03:55";"5";"17";"17300";"2";"1";"1";"6";"GEORGETTE   QUAI DE LA";"46,1554900000";" -1,1495900000"
"202100022918";"22";"08";"2021";"17:00";"1";"13";"13213";"2";"3";"1";"3";"POILUS (AVENUE DES)";"43,3207400000";"5,4584600000"
"202100022919";"21";"08";"2021";"19:15";"2";"13";"13201";"2";"1";"1";"1";"RIVE NEUVE (QUAI DE)";"43,2930726020";"5,3698849713"
"202100022920";"22";"08";"2021";"11:00";"1";"06";"06123";"2";"1";"1";"6";"LECLERC GENERAL AVENUE";"43,6748090000";"7,1891130000"
"202100022921";"21";"08";"2021";"06:15";"5";"06";"06004";"2";"1";"1";"6";"JAMES WYLLIE BD";"43,5735900000";"7,1247800000"
"202100022922";"22";"08";"2021";"19:45";"1";"75";"75118";"2";"1";"1";"4";"BD PERIPHERQIUE INTERIEUR";"48,9010890000";"2,3521320000"
"202100022923";"22";"08";"2021";"12:30";"1";"75";"75116";"2";"7";"1";"3";"ALLEE DE LONGCHAMP";"48,8635510000";"2,2394310000"
"202100022924";"20";"08";"2021";"14:00";"1";"75";"75116";"2";"3";"1";"6";"AVENUE KLEBER";"48,8712690000";"2,2932490000"
"202100022925";"22";"08";"2021";"12:55";"1";"75";"75114";"2";"1";"1";"6";"AVENUE MARC SANGNIER";"48,8265660000";"2,3052730000"
"202100022926";"21";"08";"2021";"23:30";"5";"75";"75113";"2";"2";"1";"3";"RUE DU MOULIN DE LA POINTE";"48,8221060000";"2,3565050000"
"202100022927";"21";"08";"2021";"18:52";"1";"75";"75110";"2";"2";"1";"3";"RUE DE MAUBEUGE";"48,8840086457";"2,3555636617"
"202100022928";"22";"08";"2021";"18:50";"1";"75";"75104";"2";"3";"1";"3";"RUE SAINT ANTOINE";"48,8547580000";"2,3624180000"
"202100022929";"21";"08";"2021";"22:45";"5";"93";"93077";"2";"1";"1";"3";"Avenue de Rosny";"48,8848500000";"2,5062800000"
"202100022930";"22";"08";"2021";"14:50";"1";"93";"93005";"2";"1";"1";"3";"Rue Arthur Chevalier";"48,9272210000";"2,5086500000"
"202100022931";"22";"08";"2021";"16:50";"1";"92";"92078";"2";"9";"1";"6";"LONGUE BERTRANE (RUE)";"48,9290172896";"2,3197853128"
"202100022932";"22";"08";"2021";"14:25";"1";"92";"92040";"2";"1";"1";"2";"ROUGET DE L'ISLE";"48,8288190000";"2,2646500000"
"202100022933";"22";"08";"2021";"22:05";"5";"92";"92024";"2";"4";"1";"3";"GENERAL LECLERC (RUE DU) DE (81 A 109)  ";"48,9076238711";"2,3082619226"
"202100022934";"22";"08";"2021";"16:15";"1";"37";"37123";"2";"1";"1";"6";"38 Rue Rabelais";"47,3291221482";"0,4107561321"
"202100022935";"22";"08";"2021";"21:30";"3";"2A";"2A272";"1";"1";"1";"3";"D48";"41,5859780000";"8,9274640000"
"202100022936";"23";"08";"2021";"14:55";"1";"86";"86276";"1";"1";"1";"2";"D741 PK40.500";"46,2538970000";"0,5235310000"
"202100022937";"22";"08";"2021";"14:30";"1";"01";"01074";"1";"1";"1";"1";"D904";"45,9990710000";"5,1558280000"
"202100022938";"23";"08";"2021";"09:15";"1";"26";"26139";"1";"2";"1";"1";"Route de GÃ©nissieux";"45,0731270000";"5,1126340000"
"202100022939";"22";"08";"2021";"17:30";"1";"22";"22103";"2";"1";"1";"1";"Rue de la Ville Chevalier";"48,5516640000";" -2,0078050000"
"202100022940";"23";"08";"2021";"13:45";"1";"06";"06161";"2";"1";"1";"3";"Route DÃ©partementale 6007";"43,6276300000";"7,1327880000"
"202100022941";"23";"08";"2021";"01:50";"5";"83";"83048";"2";"1";"1";"1";"Boulevard Saint Raphael";"43,1981140000";"6,5641970000"
"202100022942";"23";"08";"2021";"14:30";"1";"14";"14027";"2";"1";"1";"7";"D54, 18 rue de la gare";"49,0204220000";" -0,6375240000"
"202100022943";"22";"08";"2021";"23:05";"3";"14";"14412";"1";"1";"1";"7";"D8";"49,0466100000";" -0,5973760000"
"202100022944";"23";"08";"2021";"18:15";"1";"42";"42233";"1";"1";"1";"7";"Route de Saint Germain";"46,0804650000";"3,9368390000"
"202100022945";"19";"08";"2021";"16:00";"1";"17";"17142";"2";"1";"1";"6";"Rue de Rompsay";"46,1714460000";" -1,0930510000"
"202100022946";"27";"06";"2021";"03:00";"3";"74";"74263";"1";"1";"1";"7";"Av de Chavannex";"46,3169400000";"6,3853100000"
"202100022947";"22";"08";"2021";"14:45";"1";"59";"59058";"1";"1";"1";"7";"Route Nationale";"50,2277850000";"3,9486300000"
"202100022948";"23";"08";"2021";"11:25";"1";"19";"19140";"1";"1";"1";"6";"Lieu-Dit Escourbaniers";"45,0754530000";"1,9142760000"
"202100022949";"22";"08";"2021";"07:30";"1";"59";"59110";"1";"2";"2";"3";"Route de la Colme";"50,9488450000";"2,3130660000"
"202100022950";"22";"08";"2021";"16:49";"1";"74";"74225";"2";"4";"1";"1";"13 R Rene Cassin";"45,8559190000";"5,9504810000"
"202100022951";"23";"08";"2021";"18:00";"1";"2B";"2B096";"1";"1";"1";"3";"Route territoriale 20";"42,3078635908";"9,1538965715"
"202100022952";"22";"08";"2021";"04:30";"3";"49";"49086";"1";"1";"1";"7";"D748";"47,3201200000";" -0,4430150000"
"202100022953";"23";"08";"2021";"20:00";"2";"34";"34194";"1";"1";"1";"6";"D609";"43,5236200000";"3,4506400000"
"202100022954";"22";"08";"2021";"14:00";"1";"29";"29023";"2";"6";"1";"3";"Croas Ar Mevel";"48,6569470000";" -3,9199890000"
"202100022955";"23";"08";"2021";"15:20";"1";"29";"29251";"1";"2";"1";"2";"D48 - Route de Lanmeur";"48,6846140000";" -3,7779240000"
"202100022956";"23";"08";"2021";"19:00";"1";"29";"29134";"1";"1";"1";"1";"D63 - Route de Moellien";"48,1000770000";" -4,2141530000"
"202100022957";"23";"08";"2021";"11:36";"1";"03";"03024";"1";"1";"1";"6";"21 Lieu Dit les Rebourgeons";"46,3334800000";"3,7116570000"
"202100022958";"22";"08";"2021";"23:25";"3";"03";"03218";"1";"1";"1";"7";"La Chaume";"46,5335950000";"2,9901270000"
"202100022959";"19";"08";"2021";"17:00";"1";"06";"06042";"1";"1";"1";"6";"M55";"43,9805790000";"7,1399330000"
"202100022960";"20";"08";"2021";"11:30";"1";"14";"14191";"2";"1";"1";"3";"D514";"49,3318172693";" -0,4630093576"
"202100022961";"22";"08";"2021";"22:20";"3";"14";"14506";"1";"1";"2";"6";"D28";"49,1533630000";" -0,8262920000"
"202100022962";"23";"08";"2021";"16:00";"1";"50";"50118";"1";"1";"1";"2";"village de l'Ã©glise";"48,8344800000";" -1,3164660000"
"202100022963";"22";"08";"2021";"20:30";"2";"50";"50185";"1";"1";"8";"2";"RD 33 - PK 14.600";"48,8588490000";" -1,2781260000"
"202100022964";"22";"08";"2021";"18:00";"1";"64";"64559";"1";"1";"1";"7";"Route d Ainharp";"43,2596120000";" -0,8977250000"
"202100022965";"23";"08";"2021";"14:00";"1";"16";"16243";"1";"3";"1";"3";"Lieu-dit Les Chatelins";"45,7098660000";" -0,2356810000"
"202100022966";"22";"08";"2021";"12:25";"1";"40";"40086";"1";"1";"1";"6";"Rd 944";"43,6980530000";" -0,5317430000"
"202100022967";"22";"08";"2021";"11:25";"1";"04";"04024";"1";"1";"1";"3";"RD 900";"44,2089730000";"6,3685510000"
"202100022968";"22";"08";"2021";"20:00";"1";"27";"27011";"1";"1";"1";"7";"chemin de la mare robert";"49,2190620000";"0,9085930000"
"202100022969";"13";"08";"2021";"22:45";"5";"27";"27438";"2";"1";"1";"6";"Rue Victor Hugo";"48,7634240000";"1,2243530000"
"202100022970";"22";"08";"2021";"15:20";"1";"27";"27693";"1";"2";"1";"3";"D51";"48,9189880000";"1,1062500000"
"202100022971";"23";"08";"2021";"12:30";"1";"30";"30212";"1";"1";"1";"1";"D6086";"43,9512000000";"4,5674000000"
"202100022972";"23";"08";"2021";"06:25";"2";"30";"30122";"1";"1";"1";"1";"voie ferrÃ©e en bordure d 907";"43,8911270000";"4,2329230000"
"202100022973";"22";"08";"2021";"08:20";"1";"88";"88361";"1";"1";"8";"7";"D420";"48,3305630000";"7,0978760000"
"202100022974";"1";"06";"2021";"12:05";"1";"38";"38193";"2";"1";"1";"6";"Promenade du Decumanus";"45,6207870000";"5,2209320000"
"202100022975";"23";"08";"2021";"10:55";"1";"68";"68118";"1";"1";"1";"3";"A35";"47,7214370000";"7,4333240000"
"202100022976";"23";"08";"2021";"08:30";"1";"11";"11178";"1";"1";"1";"2";"A61 - PK 278.100";"43,3376170000";"1,8352530000"
"202100022977";"22";"08";"2021";"06:50";"1";"06";"06088";"1";"1";"1";"6";"bretelle entrÃ©e nÂ°51 autoroute A8, CADAM, direction CANNES";"43,6746390000";"7,1959700000"
"202100022978";"20";"08";"2021";"18:00";"2";"971";"97128";"1";"1";"1";"3";"Berard";"16,2604035833";" -61,3613677025"
"202100022979";"22";"08";"2021";"23:30";"3";"91";"91179";"1";"1";"1";"5";"D948";"48,5566460000";"2,4851490000"
"202100022980";"15";"08";"2021";"10:25";"1";"83";"83104";"1";"9";"1";"3";"RD11";"43,6539470000";"5,7585850000"
"202100022981";"23";"08";"2021";"07:50";"1";"04";"04242";"1";"1";"1";"6";"RD 4096";"43,8824729071";"5,8563303487"
"202100022982";"23";"08";"2021";"13:52";"1";"38";"38320";"1";"2";"1";"3";"D1075";"45,8292780000";"5,4096080000"
"202100022983";"20";"08";"2021";"10:30";"1";"69";"69078";"1";"1";"1";"1";"DUERNE (DE) (RTE)";"45,6805707577";"4,5345881581"
"202100022984";"23";"08";"2021";"08:10";"1";"31";"31381";"1";"8";"1";"3";"Majouret";"43,4701980000";"1,5862690000"
"202100022985";"21";"08";"2021";"13:40";"1";"19";"19101";"1";"1";"1";"6";"D1089";"45,2499809980";"1,7746179923"
"202100022986";"20";"08";"2021";"18:50";"1";"44";"44172";"2";"1";"1";"6";"Route de ThouarÃ©";"47,2581170000";" -1,4586390000"
"202100022987";"22";"08";"2021";"18:30";"1";"14";"14060";"1";"1";"1";"6";"D515";"49,2370260000";" -0,2905050000"
"202100022988";"23";"08";"2021";"03:15";"5";"14";"14384";"2";"1";"1";"2";"D83";"49,3072700000";" -0,3593840000"
"202100022989";"7";"05";"2021";"15:55";"1";"35";"35360";"2";"6";"1";"3";"Boulevard Denis Papin";"48,1069550000";" -1,2078040000"
"202100022990";"23";"08";"2021";"10:56";"1";"62";"62128";"1";"1";"1";"6";"D42";"50,3101130000";"2,9264540000"
"202100022991";"21";"08";"2021";"15:00";"1";"59";"59243";"2";"1";"1";"6";"21 Rue RenÃ© Vaucelle";"50,1338730000";"3,3789120000"
"202100022992";"22";"08";"2021";"22:00";"5";"59";"59465";"2";"1";"1";"3";"Rue de Forest";"50,1162420000";"3,5953280000"
"202100022993";"20";"08";"2021";"17:15";"1";"69";"69272";"1";"1";"1";"2";"A46";"45,5953900000";"4,8496100000"
"202100022994";"22";"08";"2021";"15:50";"1";"78";"78362";"1";"1";"1";"7";"A13";"48,9743230000";"1,7278840000"
"202100022995";"22";"08";"2021";"20:30";"1";"93";"93010";"1";"1";"1";"3";"AUTOROUTE A3";"48,9191800000";"2,4789800000"
"202100022996";"22";"08";"2021";"16:15";"1";"93";"93010";"1";"1";"1";"3";"AUTOROUTE A3";"48,9119800000";"2,4760600000"
"202100022997";"22";"08";"2021";"07:50";"1";"93";"93039";"1";"1";"1";"6";"AUTOROUTE A86";"48,9266800000";"2,3359600000"
"202100022998";"22";"08";"2021";"00:00";"4";"77";"77258";"1";"1";"1";"6";"A4.Y";"48,8298663864";"2,6239594205"
"202100022999";"23";"05";"2021";"11:25";"1";"82";"82121";"2";"3";"1";"3";"VOLTAIRE (RUE)";"44,0377900000";"1,3591000000"
"202100023000";"21";"05";"2021";"07:40";"1";"82";"82121";"2";"1";"1";"6";"LACAPELLE (FAUBOURG)";"44,0136100000";"1,3604900000"
"202100023001";"4";"05";"2021";"13:10";"1";"82";"82121";"2";"6";"1";"3";"LABAT (RUE DU DOCTEUR)";"44,0271800000";"1,3445300000"
"202100023002";"28";"04";"2021";"19:25";"1";"54";"54367";"1";"3";"1";"2";"SAINT CHARLES (ROUTE DE)";"49,5048000000";"5,7892000000"
"202100023003";"26";"04";"2021";"23:13";"3";"54";"54542";"1";"2";"1";"3";"DEPARTEMENTALE 613";"49,2131000000";"5,9221600000"
"202100023004";"6";"05";"2021";"13:00";"1";"36";"36044";"2";"1";"1";"3";"26 Avenue Marcel Lemoine";"46,8156966957";"1,6968027429"
"202100023005";"18";"03";"2021";"14:18";"1";"36";"36202";"1";"1";"1";"1";"Route de Luant";"46,7457700000";"1,6217610000"
"202100023006";"2";"08";"2021";"16:05";"1";"988";"98818";"2";"1";"1";"2";"PROMENADE ROGER LAROQUE";" -22,3036200000";"166,4464200000"
"202100023007";"2";"08";"2021";"13:55";"1";"976";"97611";"2";"1";"1";"2";"mamoudzou centre-Haladi Selemani ( rue )";" -12,7797100000";"45,2278700000"
"202100023008";"2";"08";"2021";"13:20";"1";"69";"69387";"2";"3";"1";"3";"GUILLOTIERE (DE LA) (R)";"45,7515100000";"4,8474400000"
"202100023009";"2";"08";"2021";"08:35";"1";"69";"69383";"2";"1";"1";"6";"BONNEL (DE) (R)";"45,7618000000";"4,8479600000"