"Num_Acc";"jour";"mois";"an";"hrmn";"lum";"dep";"com";"agg";"int";"atm";"col";"adr";"lat";"long"
"202100023010";"26";"07";"2021";"13:46";"1";"69";"69388";"2";"2";"1";"3";"JEAN MERMOZ (AV)";"45,7306302113";"4,8876298964"
"202100023011";"2";"08";"2021";"07:50";"1";"972";"97213";"1";"1";"1";"7";"AUTOROUTE A1";"14,5990400000";" -60,9994600000"
"202100023012";"25";"07";"2021";"21:20";"3";"972";"97213";"1";"1";"1";"2";"ROUTE NATIONALE 1";"14,6191600000";" -61,0014900000"
"202100023013";"2";"08";"2021";"15:40";"1";"972";"97209";"2";"1";"1";"2";"AUTOROUTE (A1)";"14,6144000000";" -61,0505000000"
"202100023014";"7";"06";"2021";"16:00";"1";"69";"69384";"2";"1";"1";"6";"JOSEPH GILLET (Q)";"45,7833300000";"4,8142200000"
"202100023015";"22";"07";"2021";"19:30";"2";"69";"69081";"2";"9";"1";"6";"CHARLES DE GAULLE (DE) ( PL)";"45,7747500000";"4,7781300000"
"202100023016";"1";"08";"2021";"17:45";"1";"971";"97101";"1";"1";"1";"6";"ROUTE DE BOULIQUI";"16,2580100000";" -61,4550700000"
"202100023017";"1";"08";"2021";"15:48";"1";"971";"97113";"1";"1";"1";"7";"SECTION TOMBEAU";"16,2212800000";" -61,4784800000"
"202100023018";"26";"07";"2021";"11:34";"1";"2A";"2A004";"1";"1";"1";"1";"T21";"41,9390467934";"8,8043532373"
"202100023019";"26";"07";"2021";"12:33";"1";"95";"95268";"2";"1";"3";"3";"RD 125";"48,9745177025";"2,3986029625"
"202100023020";"26";"07";"2021";"09:50";"1";"95";"95585";"2";"1";"8";"1";"RD 10";"48,9947600000";"2,3789100000"
"202100023021";"2";"08";"2021";"11:00";"1";"95";"95277";"2";"1";"1";"6";"Avenue MarÃ©chal Foch";"49,0016970803";"2,4194733204"
"202100023022";"25";"07";"2021";"13:25";"1";"91";"91021";"2";"1";"2";"3";"BD JEAN JAURES";"48,5894640000";"2,2451900000"
"202100023023";"26";"07";"2021";"18:30";"1";"91";"91657";"2";"2";"2";"3";"AV PAUL VAILLANT COUTURIER";"48,6966210000";"2,4359700000"
"202100023024";"2";"08";"2021";"02:50";"5";"91";"91479";"1";"1";"1";"3";"RTE DE FONTAINEBLEAU";"48,7288100000";"2,3683700000"
"202100023025";"30";"07";"2021";"14:38";"1";"87";"87085";"2";"1";"1";"6";"LAFARGE (RUE PAUL)";"45,8466700000";"1,2623000000"
"202100023026";"29";"07";"2021";"20:10";"1";"87";"87085";"2";"2";"1";"6";"CHARENTES (PLACE DES)";"45,8376000000";"1,2526700000"
"202100023027";"23";"07";"2021";"17:01";"1";"87";"87085";"2";"1";"1";"4";"BAUDIN ( AVENUE) (VC)";"45,8184000000";"1,2520500000"
"202100023028";"23";"07";"2021";"00:25";"5";"87";"87085";"2";"3";"1";"3";"GARIBALDI (AVENUE)";"45,8339137000";"1,2607138000"
"202100023029";"22";"07";"2021";"21:05";"1";"87";"87085";"2";"2";"1";"3";"JOURDAN (PLACE)";"45,8322500000";"1,2646300000"
"202100023030";"30";"07";"2021";"17:15";"1";"84";"84007";"2";"1";"1";"3";"SAINT MICHEL (Boulevard)";"43,9430100000";"4,8115700000"
"202100023031";"2";"08";"2021";"08:30";"1";"83";"83137";"2";"1";"1";"1";"MOULINS (AVE DES DE 18 A 23";"43,1374500000";"5,9144000000"
"202100023032";"26";"07";"2021";"13:27";"1";"83";"83069";"2";"1";"1";"2";"AVENUE RITONDALE LEOPOLD";"43,1134800000";"6,1257600000"
"202100023033";"25";"07";"2021";"11:35";"1";"83";"83069";"2";"1";"1";"1";"TOULON RD 554 (AVENUE DE)";"43,1258200000";"6,1105200000"
"202100023034";"25";"07";"2021";"14:15";"1";"80";"80164";"1";"6";"1";"3";"CORBIE (ROUTE)";"49,9019200000";"2,3604500000"
"202100023035";"24";"07";"2021";"01:48";"5";"80";"80021";"2";"1";"1";"6";"GRACE (RUE DE)";"49,9094500000";"2,2522000000"
"202100023036";"2";"08";"2021";"17:30";"1";"78";"78190";"2";"1";"1";"6";"GENERAL DE GAULLE (AVENUE DU)";"48,8813600000";"2,1403100000"
"202100023037";"27";"06";"2021";"10:49";"1";"78";"78621";"2";"9";"1";"3";"PASTEUR MARTIN LUTHER KING (SQUARE DU)";"48,7732000000";"1,9888400000"
"202100023038";"26";"07";"2021";"05:00";"5";"77";"77373";"2";"1";"1";"7";"RUE DE L EST";"48,8044896125";"2,6226757049"
"202100023039";"24";"07";"2021";"20:15";"1";"76";"76540";"2";"4";"2";"3";"CAUCHOISE. PLACE";"49,4458900000";"1,0864700000"
"202100023040";"28";"07";"2021";"05:55";"2";"76";"76351";"1";"2";"1";"3";"LAMBLARDIE (QUAI)";"49,4895500000";"0,1165200000"
"202100023041";"23";"07";"2021";"22:30";"3";"76";"76351";"1";"1";"2";"6";"RD 6382G";"49,5245300000";"0,1789100000"
"202100023042";"15";"07";"2021";"17:55";"1";"74";"74012";"2";"1";"1";"6";"VERDUN (AVENUE DE)";"46,1941600000";"6,2454000000"
"202100023043";"2";"08";"2021";"08:25";"1";"71";"71309";"2";"1";"1";"4";"24 Rue Marechal Joffre";"46,7895110016";"4,4049049778"
"202100023044";"26";"07";"2021";"21:50";"5";"69";"69275";"2";"3";"1";"7";"CORNAVENT (R)";"45,7693400000";"4,9674000000"
"202100023045";"24";"07";"2021";"19:40";"1";"67";"67482";"2";"1";"1";"3";"METZ (BOULEVARD DE)";"48,5826723438";"7,7328555286"
"202100023046";"23";"07";"2021";"21:15";"1";"66";"66136";"2";"1";"1";"3";"FLANDRES/DUNKERQUE (CARREFOUR)";"42,6866600000";"2,9072000000"
"202100023047";"26";"07";"2021";"17:10";"1";"65";"65100";"1";"1";"1";"2";"BORDEAUX (ROUTE DE) CD 935";"43,2686110741";"0,0710030590"
"202100023048";"2";"08";"2021";"20:00";"1";"64";"64483";"2";"1";"1";"3";"RD810";"43,4154800000";" -1,6118000000"
"202100023049";"2";"08";"2021";"15:00";"1";"64";"64260";"2";"1";"1";"2";"CORNICHE (ROUTE DE LA)";"43,3751000000";" -1,7609300000"
"202100023050";"1";"08";"2021";"19:59";"1";"63";"63113";"2";"1";"1";"2";"PUY DE DOME (AVENUE DU)";"45,7869000000";"3,0635500000"
"202100023051";"25";"07";"2021";"15:40";"1";"60";"60057";"2";"3";"3";"3";"Rue des Agachots";"49,4436100000";"2,0845500000"
"202100023052";"30";"07";"2021";"05:25";"2";"59";"59178";"2";"6";"1";"3";"HERILLIER (PLACE L')";"50,3629100000";"3,0784500000"
"202100023053";"24";"07";"2021";"23:25";"5";"59";"59234";"2";"3";"8";"3";"MARTIN (RUE MARCEAU)";"50,3996200000";"3,1010700000"
"202100023054";"24";"07";"2021";"19:00";"1";"58";"58194";"2";"3";"1";"3";"CARNOT (PLACE)";"46,9885000000";"3,1574000000"
"202100023055";"22";"07";"2021";"00:35";"5";"58";"58194";"2";"3";"1";"3";"PIERRE EMILE GASPARD";"46,9867000000";"3,1527000000"
"202100023056";"1";"08";"2021";"22:04";"2";"56";"56162";"1";"1";"1";"7";"KERLIVIO";"47,7572900000";" -3,4104800000"
"202100023057";"30";"07";"2021";"20:27";"1";"56";"56098";"2";"1";"1";"6";"LOCUNEL (RUE  DE )";"47,7542400000";" -3,3285900000"
"202100023058";"24";"07";"2021";"17:50";"1";"56";"56162";"1";"1";"1";"3";"MEZ (RORH)";"47,7064800000";" -3,4144300000"
"202100023059";"13";"07";"2021";"16:00";"1";"51";"51454";"2";"1";"3";"4";"Avenue de Champagne";"49,2231200000";"4,0238200000"
"202100023060";"31";"07";"2021";"23:55";"5";"49";"49007";"2";"1";"1";"3";"FOCH BOULEVARD";"47,4689900000";" -0,5494500000"
"202100023061";"26";"07";"2021";"08:55";"1";"45";"45232";"2";"3";"1";"6";"Rue de Champagne";"47,8428110000";"1,9189830000"
"202100023062";"2";"08";"2021";"14:20";"1";"43";"43157";"2";"1";"1";"6";"2 Avenue de la Dentelle";"45,0413342853";"3,8882602751"
"202100023063";"28";"07";"2021";"21:53";"5";"42";"42218";"2";"2";"8";"5";"Rue Etienne Mimard";"45,4388700000";"4,3970500000"
"202100023064";"1";"08";"2021";"06:34";"1";"37";"37261";"2";"1";"1";"6";"CHEVALLIER (RUE AUGUSTE)";"47,3819155946";"0,6789225614"
"202100023065";"25";"07";"2021";"13:00";"1";"37";"37261";"2";"1";"1";"3";"HEURTELOUP (BOULEVARD)";"47,3920517828";"0,6996528760"
"202100023066";"18";"07";"2021";"20:45";"1";"36";"36202";"1";"2";"1";"3";"Avenue de Tours";"46,8248483795";"1,6464471817"
"202100023067";"2";"08";"2021";"21:09";"2";"33";"33063";"2";"3";"1";"3";"Rue Durieu de Maisonneuve";"44,8537800000";" -0,5904600000"
"202100023068";"25";"07";"2021";"03:45";"5";"33";"33063";"2";"1";"1";"6";"Boulevard Alfred Daney";"44,8717700000";" -0,5618100000"
"202100023069";"2";"08";"2021";"10:00";"1";"33";"33529";"1";"1";"2";"6";"RD 1250 (CAMICAS-OUSTALET)";"44,6302600000";" -1,1564400000"
"202100023070";"26";"07";"2021";"22:55";"5";"31";"31149";"2";"1";"1";"6";"RN124";"43,6062100000";"1,3349700000"
"202100023071";"25";"07";"2021";"14:55";"1";"30";"30189";"2";"3";"1";"3";"SULLY (RUE)";"43,8435000000";"4,3690000000"
"202100023072";"20";"07";"2021";"15:20";"1";"28";"28134";"2";"1";"1";"3";"JUILLET (BOULEVARD DE)";"48,7239300000";"1,3750100000"
"202100023073";"2";"08";"2021";"03:40";"3";"27";"27562";"2";"6";"1";"6";"DE GAULLE (BOULEVARD)";"49,0975600000";"1,4575600000"
"202100023074";"26";"07";"2021";"15:35";"1";"26";"26362";"2";"9";"1";"6";"108 Rue des Alpes";"44,9262200000";"4,9012600000"
"202100023075";"24";"07";"2021";"02:30";"3";"22";"22278";"2";"1";"1";"7";"FERRY (JULES)";"48,4989411249";" -2,7713656420"
"202100023076";"31";"07";"2021";"19:30";"1";"21";"21231";"2";"1";"1";"3";"PASCAL (BOULEVARD)";"47,3372611549";"5,0540844327"
"202100023077";"2";"08";"2021";"19:35";"1";"17";"17200";"1";"1";"1";"4";"HUIT MAI 1945   AVENUE DU";"46,1802000000";" -1,1521600000"
"202100023078";"2";"08";"2021";"19:00";"1";"17";"17300";"2";"1";"1";"5";"GUITON   AVENUE JEAN (343-371)";"46,1607400000";" -1,1893900000"
"202100023079";"2";"08";"2021";"17:30";"1";"13";"13054";"2";"9";"1";"3";"LIBERATION (AV DE LA )";"43,4185400000";"5,2156500000"
"202100023080";"2";"08";"2021";"07:55";"1";"13";"13019";"1";"1";"1";"2";"CD6";"43,4246000000";"5,3798000000"
"202100023081";"25";"07";"2021";"23:45";"5";"13";"13103";"2";"1";"1";"3";"RUE CHAMPION - DE L'ADJUDANT CHEF";"43,6300000000";"5,0997300000"
"202100023082";"2";"08";"2021";"19:00";"1";"13";"13209";"2";"2";"1";"3";"MICHELET (BOULEVARD)";"43,2654100000";"5,3938500000"
"202100023083";"31";"07";"2021";"02:50";"5";"13";"13204";"2";"2";"1";"1";"FRANÃOISE DUPARC (BOULEVARD)";"43,3029200000";"5,4006400000"
"202100023084";"26";"07";"2021";"14:00";"1";"13";"13208";"2";"1";"1";"3";"PRADO JACQUES CHIRAC (ROND POINT)";"43,2726106880";"5,3911159634"
"202100023085";"26";"07";"2021";"11:40";"1";"13";"13213";"2";"2";"1";"3";"WRESINKI (rond point)";"43,3298700000";"5,4102000000"
"202100023086";"26";"07";"2021";"08:30";"1";"13";"13213";"2";"1";"1";"4";"JEAN PAUL SARTRE (AVENUE)";"43,3217159202";"5,4174342946"
"202100023087";"2";"08";"2021";"17:25";"1";"11";"11069";"2";"1";"1";"3";"ROCADE NORD - RD 6113";"43,2326000000";"2,3554000000"
"202100023088";"26";"07";"2021";"15:20";"1";"06";"06088";"1";"1";"1";"6";"MERCANTOUR (BD)";"43,6866100000";"7,1974000000"
"202100023089";"2";"08";"2021";"17:10";"1";"06";"06029";"2";"1";"1";"2";"VALLAURIS (AVENUE DE)";"43,5584150000";"7,0279900000"
"202100023090";"23";"07";"2021";"12:45";"1";"05";"05061";"2";"1";"1";"7";"MOLINES  ( ROUTE DE )";"44,5599280000";"6,0973330000"
"202100023091";"20";"08";"2021";"17:30";"1";"974";"97416";"2";"1";"1";"3";"BOIS NOIRS (ALLEE DES) (2)";" -21,2857400000";"55,4600300000"
"202100023092";"21";"08";"2021";"23:15";"2";"69";"69387";"2";"9";"1";"7";"LECLERC (AV)";"45,7328200000";"4,8237800000"
"202100023093";"21";"08";"2021";"20:05";"1";"69";"69387";"2";"1";"1";"3";"GAMBETTA (CR)";"45,7560909537";"4,8404592276"
"202100023094";"20";"08";"2021";"18:55";"3";"972";"97209";"1";"1";"1";"6";"BALATA (ROUTE DE)";"14,6697100000";" -61,0906600000"
"202100023095";"20";"08";"2021";"20:30";"5";"972";"97209";"1";"1";"1";"2";"AUTOROUTE (A1)";"14,6144600000";" -61,0496700000"
"202100023096";"21";"08";"2021";"14:35";"1";"971";"97101";"1";"1";"2";"7";"BOZON";"16,2410667140";" -61,5105628967"
"202100023097";"21";"08";"2021";"15:34";"1";"95";"95582";"2";"6";"8";"3";"RD 909";"48,9655600000";"2,2615400000"
"202100023098";"21";"08";"2021";"02:50";"4";"91";"91377";"2";"1";"1";"7";"RUE DU PEROU";"48,7216710000";"2,3007130000"
"202100023099";"21";"08";"2021";"23:40";"5";"83";"83069";"1";"1";"1";"2";"AEROPORT (AVENUE DE L')";"43,0926700000";"6,1406700000"
"202100023100";"21";"08";"2021";"18:10";"1";"83";"83069";"1";"1";"1";"2";"MARINE (BOULEVARD DE LA)";"43,0921980958";"6,1626648903"
"202100023101";"21";"08";"2021";"10:37";"1";"77";"77169";"1";"3";"1";"3";"CLOS DE L'AUMONE (BOULEVARD DU)";"48,8261700000";"2,6110300000"
"202100023102";"20";"08";"2021";"02:25";"3";"77";"77433";"1";"1";"1";"1";"D 402";"48,7891900000";"3,0641900000"
"202100023103";"21";"08";"2021";"19:29";"1";"76";"76319";"2";"1";"1";"6";"BRAQUE. RUE GEORGES";"49,3478900000";"0,9972200000"
"202100023104";"21";"08";"2021";"11:20";"1";"76";"76217";"2";"1";"1";"2";"Avenue des Canadiens";"49,9080000000";"1,0770000000"
"202100023105";"21";"08";"2021";"23:25";"5";"74";"74298";"2";"1";"2";"6";"PATINIERES (CHEMIN DES)";"46,1889210000";"6,2538140000"
"202100023106";"20";"08";"2021";"09:30";"1";"73";"73008";"2";"1";"1";"7";"LEPIC BOULEVARD";"45,6822010675";"5,9070289135"
"202100023107";"20";"08";"2021";"15:00";"1";"72";"72003";"2";"6";"1";"2";"GAULLE CHARLES DE (AV)";"47,9737900000";"0,1584300000"
"202100023108";"20";"08";"2021";"13:55";"1";"71";"71486";"2";"2";"1";"3";"Boulevard Henri Dunant";"46,6467945880";"4,3401612095"
"202100023109";"19";"08";"2021";"11:00";"1";"64";"64122";"2";"1";"1";"5";"PITCHOT (RUE DE)";"43,4661600000";" -1,5370000000"
"202100023110";"21";"08";"2021";"21:20";"5";"59";"59599";"2";"2";"2";"3";"GRAMME (CHAUSSEE)";"50,7367700000";"3,1699500000"
"202100023111";"20";"08";"2021";"17:15";"1";"59";"59273";"2";"3";"1";"3";"PONT DE PIERRE (RUE DU)";"50,9828900000";"2,1395100000"
"202100023112";"20";"08";"2021";"16:12";"1";"53";"53034";"2";"1";"1";"2";"RN 162";"48,0783700000";" -0,7292600000"
"202100023113";"21";"08";"2021";"15:40";"1";"51";"51454";"2";"1";"1";"3";"Boulevard Lundy";"49,2608389781";"4,0345989208"
"202100023114";"21";"08";"2021";"10:36";"1";"49";"49007";"2";"2";"1";"2";"DEUX CROIX BOULEVARD";"47,4745800000";" -0,5295200000"
"202100023115";"21";"08";"2021";"17:45";"1";"38";"38185";"2";"1";"1";"6";"GALERIE DE L'ARLEQUIN";"45,1651500000";"5,7318100000"
"202100023116";"21";"08";"2021";"21:05";"5";"34";"34172";"2";"1";"1";"6";"TESTE MONSIEUR DE 1 A 805 ET 2 A 850";"43,6094600000";"3,8324500000"
"202100023117";"22";"08";"2021";"02:25";"5";"33";"33063";"2";"2";"1";"3";"Cours de lâYser";"44,8269303334";" -0,5692647016"
"202100023118";"21";"08";"2021";"07:15";"2";"33";"33119";"2";"1";"1";"6";"Avenue du PrÃ©sident J.F. Kennedy";"44,8662400000";" -0,5112400000"
"202100023119";"21";"08";"2021";"14:15";"1";"33";"33529";"1";"1";"1";"6";"BISCAROSSE (AVE) DUNE VERS BISCA";"44,5724930000";" -1,2196840000"
"202100023120";"21";"08";"2021";"10:10";"1";"33";"33529";"2";"3";"1";"6";"EUROPE (RUE DE L')";"44,6173300000";" -1,1174800000"
"202100023121";"20";"08";"2021";"19:15";"1";"31";"31555";"2";"1";"1";"3";"RUE MARIE LOUISE DISSART";"43,6000000000";"1,3720000000"
"202100023122";"21";"08";"2021";"13:10";"1";"27";"27229";"2";"1";"1";"3";"FOCH (AVENUE DU MARECHAL)";"49,0234000000";"1,1361700000"
"202100023123";"21";"08";"2021";"10:25";"1";"22";"22215";"2";"6";"1";"7";"CARPONT (RUE DU)";"48,5013620294";" -2,7797513005"
"202100023124";"21";"08";"2021";"18:30";"1";"14";"14118";"2";"1";"2";"2";"Avenue GÃ©nÃ©ral Laperrine";"49,1600000000";" -0,3617000000"
"202100023125";"21";"08";"2021";"12:00";"1";"14";"14383";"1";"1";"2";"2";"N814";"49,1443700000";" -0,4057500000"
"202100023126";"21";"08";"2021";"21:25";"5";"13";"13201";"2";"2";"1";"3";"DUGOMMIER (BOULEVARD)     1 A 29";"43,2977900000";"5,3810200000"
"202100023127";"20";"08";"2021";"22:00";"5";"13";"13208";"2";"3";"1";"3";"RODOCANACHI (BOULEVARD)";"43,2745924918";"5,3868125873"
"202100023128";"21";"08";"2021";"16:20";"1";"06";"06083";"2";"1";"1";"2";"FRANCE (AVENUE PORTE DE, NÂ°1 A 51)";"43,7834820000";"7,5146310000"
"202100023129";"20";"08";"2021";"18:40";"1";"75";"75118";"2";"5";"1";"3";"RUE DE CLIGNANCOURT";"48,8904320000";"2,3484600000"
"202100023130";"20";"08";"2021";"01:20";"5";"75";"75119";"2";"1";"1";"6";"BD PERIPHERIQUE EXTERIEUR";"48,8953599640";"2,3947969079"
"202100023131";"21";"08";"2021";"14:30";"1";"75";"75120";"2";"3";"1";"3";"BOULEVARD DE CHARONNE";"48,8530330000";"2,3971940000"
"202100023132";"21";"08";"2021";"06:20";"5";"75";"75114";"2";"7";"1";"7";"PLACE DENFERT ROCHEREAU";"48,8343140000";"2,3309720000"
"202100023133";"21";"08";"2021";"19:45";"2";"75";"75110";"2";"2";"1";"6";"BOULEVARD DE STRASBOURG";"48,8710110000";"2,3552190000"
"202100023134";"21";"08";"2021";"15:20";"1";"75";"75110";"2";"3";"1";"3";"BOULEVARD DE LA VILLETTE";"48,8743380000";"2,3742440000"
"202100023135";"21";"08";"2021";"07:20";"1";"75";"75108";"2";"5";"1";"3";"BOULEVARD HAUSSMANN";"48,8753010000";"2,3157960000"
"202100023136";"21";"08";"2021";"03:00";"5";"75";"75104";"2";"1";"1";"7";"RUE DE RIVOLI";"48,8571500000";"2,3529230000"
"202100023137";"21";"08";"2021";"15:28";"1";"75";"75104";"2";"2";"1";"3";"PONT NOTRE DAME";"48,8567160976";"2,3489281244"
"202100023138";"21";"08";"2021";"14:34";"1";"75";"75101";"2";"1";"1";"3";"RUE JEAN JACQUES ROUSSEAU";"48,8622550000";"2,3400370000"
"202100023139";"21";"08";"2021";"16:00";"1";"94";"94076";"2";"6";"1";"3";"CHASTENET DE GERY (BD)";"48,8000000000";"2,3500000000"
"202100023140";"21";"08";"2021";"11:42";"1";"94";"94065";"1";"1";"1";"2";"FONTAINEBLEAU (AV DE)";"48,7465617661";"2,3668627738"
"202100023141";"21";"08";"2021";"21:30";"5";"94";"94077";"2";"2";"1";"3";"Cours de Verdun";"48,7328700000";"2,4060500000"
"202100023142";"21";"08";"2021";"14:59";"1";"93";"93078";"2";"2";"8";"3";"Boulevard Robert Ballanger / Avenue Roger Salengro";"48,9550000000";"2,5374900000"
"202100023143";"20";"08";"2021";"23:15";"5";"93";"93062";"2";"2";"1";"3";"AllÃ©e de Montfermeil / Allee Notre Dame des Anges";"48,8966900000";"2,5301000000"
"202100023144";"21";"08";"2021";"15:20";"1";"93";"93063";"2";"3";"1";"3";"Rue de Benfleet / Rue Oradour sur Glane";"48,8779740000";"2,4404080000"
"202100023145";"21";"08";"2021";"19:45";"1";"93";"93010";"2";"1";"1";"3";"GUESDES (RUE JULES)";"48,9038580000";"2,4752720000"
"202100023146";"21";"08";"2021";"04:15";"4";"93";"93010";"2";"1";"8";"1";"GALLIENI (AV.) DE 132 A 186";"48,9000000000";"2,4800000000"
"202100023147";"21";"08";"2021";"18:10";"1";"93";"93001";"2";"1";"1";"3";"ALBERT WALTER (RUE)";"48,9235020000";"2,3683760000"
"202100023148";"21";"08";"2021";"10:00";"1";"92";"92022";"2";"1";"1";"6";"ALBERT-PREMIER (RUE)";"48,8095000000";"2,1906400000"
"202100023149";"20";"08";"2021";"23:35";"5";"92";"92025";"2";"2";"1";"2";"CHARLES DE GAULLE (BD)";"48,9145260000";"2,2288340000"
"202100023150";"21";"08";"2021";"13:10";"1";"92";"92024";"2";"3";"1";"6";"JEAN WALTER (RUE)";"48,9100880000";"2,3104460000"
"202100023151";"21";"08";"2021";"18:43";"1";"92";"92002";"2";"7";"1";"3";"GENERAL DE GAULLE (PLACE DU)";"48,7633379294";"2,3091712557"
"202100023152";"20";"08";"2021";"02:15";"5";"92";"92007";"2";"1";"1";"6";"RAVERA (AVENUE HENRI) NÂ° 111 A 217 ET 10";"48,8038129743";"2,3123458028"
"202100023153";"21";"08";"2021";"19:20";"1";"17";"17389";"1";"2";"8";"3";"Intersection D118 et D125";"45,8421120000";" -0,8583390000"
"202100023154";"22";"08";"2021";"15:28";"1";"31";"31484";"1";"1";"1";"1";"Route de BessiÃ¨res";"43,6871740000";"1,4875630000"
"202100023155";"21";"08";"2021";"22:30";"5";"972";"97222";"2";"1";"1";"1";"Voie Communale de Bois Potteau";"14,6882780000";" -60,9356530000"
"202100023156";"21";"08";"2021";"21:40";"3";"83";"83048";"1";"1";"1";"6";"Boulevard Saint Raphael";"43,1966040000";"6,5614240000"
"202100023157";"22";"08";"2021";"13:45";"1";"41";"41018";"1";"1";"1";"2";"A10, PK 151.000, vers PARIS";"47,6173310000";"1,3226510000"
"202100023158";"21";"08";"2021";"10:22";"1";"65";"65113";"1";"9";"1";"3";"D136";"43,1950356636";"0,3123414983"
"202100023159";"22";"08";"2021";"08:30";"1";"56";"56178";"2";"1";"8";"7";"Rue du General Quinivet";"48,0690970000";" -2,9685560000"
"202100023160";"22";"08";"2021";"09:30";"1";"56";"56147";"1";"1";"1";"5";"LE ROSIER";"47,5510280000";" -2,2540860000"
"202100023161";"22";"08";"2021";"02:15";"5";"79";"79195";"2";"1";"1";"7";"58 Avenue Saint-Hubert";"46,9446830000";" -0,5930580000"
"202100023162";"21";"08";"2021";"16:45";"1";"79";"79009";"1";"4";"1";"3";"N/A";"46,2632280000";" -0,5830370000"
"202100023163";"22";"08";"2021";"17:45";"1";"79";"79086";"2";"1";"1";"7";"Bois Vert";"46,4077870000";" -0,3707480000"
"202100023164";"22";"08";"2021";"12:45";"1";"33";"33236";"1";"1";"1";"3";"RD106";"44,7743050000";" -1,1702560000"
"202100023165";"20";"08";"2021";"12:15";"1";"32";"32242";"1";"2";"7";"1";"CD 929";"43,4177940000";"0,5757250000"
"202100023166";"20";"08";"2021";"20:15";"1";"71";"71263";"2";"3";"1";"1";"Rue du Guidon";"46,6394001595";"5,2127136275"
"202100023167";"21";"08";"2021";"17:30";"1";"71";"71441";"2";"3";"1";"6";"D322";"46,3113383188";"4,5615574530"
"202100023168";"20";"08";"2021";"08:00";"1";"63";"63430";"1";"1";"1";"6";"D906";"45,8647660000";"3,5387580000"
"202100023169";"21";"08";"2021";"21:00";"2";"61";"61429";"1";"1";"1";"7";"RN 12";"48,6664780000";"0,7838490000"
"202100023170";"22";"08";"2021";"18:20";"1";"42";"42126";"1";"1";"1";"3";"Route de Saint Bonnet";"45,4428650000";"4,0702520000"
"202100023171";"20";"08";"2021";"18:26";"1";"34";"34300";"2";"3";"1";"3";"D18e5";"43,3901660000";"3,3141860000"
"202100023172";"21";"08";"2021";"14:30";"1";"22";"22137";"2";"3";"1";"7";"15 Ru Kreisker";"48,2836860000";" -3,4217420000"
"202100023173";"21";"08";"2021";"22:55";"3";"29";"29282";"1";"2";"1";"3";"Intersection D67/C4";"48,3805303207";" -4,7120189667"
"202100023174";"12";"08";"2021";"16:30";"1";"29";"29171";"1";"1";"1";"2";"Tremilieg";"47,8349756251";" -4,2950357624"
"202100023175";"22";"08";"2021";"18:30";"1";"31";"31033";"1";"1";"1";"5";"d820";"43,3780720000";"1,4457110000"
"202100023176";"21";"08";"2021";"15:35";"1";"70";"70421";"2";"3";"1";"3";"17 Rue Gilberte Lavaire";"47,6891610000";"6,0424430000"
"202100023177";"22";"08";"2021";"13:31";"1";"26";"26069";"1";"1";"1";"6";"D518";"44,8143740000";"5,3927210000"
"202100023178";"22";"08";"2021";"12:30";"1";"26";"26183";"1";"2";"1";"3";"230 Route du Diois";"44,7039890000";"5,1141790000"
"202100023179";"22";"08";"2021";"09:10";"1";"72";"72040";"1";"1";"1";"6";"Lieu Dit la Richardiere";"48,1724685638";"0,5364414064"
"202100023180";"21";"08";"2021";"13:00";"1";"72";"72231";"1";"2";"1";"3";"Lieu Dit le Liard";"47,9508170000";"0,3275250000"
"202100023181";"21";"08";"2021";"23:30";"5";"06";"06090";"2";"1";"1";"1";"1008 Route de la Fenerie";"43,5845690000";"6,9231820000"
"202100023182";"22";"08";"2021";"00:45";"3";"83";"83015";"1";"1";"1";"7";"Rd49 PK28";"43,7050658120";"6,1999976669"
"202100023183";"22";"08";"2021";"05:33";"3";"60";"60599";"2";"1";"1";"3";"21 Rue Anicet Corniquet";"49,6994210000";"1,8512280000"
"202100023184";"21";"08";"2021";"14:45";"1";"64";"64320";"1";"3";"1";"3";"D934";"42,9288080000";" -0,4477790000"
"202100023185";"22";"08";"2021";"04:50";"3";"18";"18057";"1";"1";"1";"6";"D3";"46,5714440000";"2,2189810000"
"202100023186";"21";"08";"2021";"16:00";"1";"18";"18049";"2";"5";"1";"3";"route nationale 151";"47,1745810000";"3,0080970000"
"202100023187";"20";"08";"2021";"20:15";"2";"24";"24547";"2";"1";"1";"6";"Rue Jean Moulin";"45,1323730000";"1,2845420000"
"202100023188";"21";"08";"2021";"15:15";"1";"87";"87199";"1";"1";"7";"1";"D901";"45,7761510000";"0,8425350000"
"202100023189";"22";"08";"2021";"19:10";"1";"30";"30083";"1";"9";"1";"2";"N113";"43,7280990000";"4,2221090000"
"202100023190";"21";"08";"2021";"07:00";"3";"24";"24272";"1";"1";"1";"6";"Route des Maines";"44,9638570000";"0,0480710000"
"202100023191";"21";"08";"2021";"19:10";"3";"973";"97309";"1";"1";"1";"1";"D23";"4,8892530000";" -52,2869020000"
"202100023192";"22";"08";"2021";"07:00";"2";"64";"64335";"1";"1";"1";"6";"A64 PK 99.300";"43,3440630000";" -0,3970100000"
"202100023193";"22";"08";"2021";"12:40";"1";"38";"38527";"1";"1";"1";"6";"Route Departementale 43";"45,1507200000";"6,0581550000"
"202100023194";"22";"08";"2021";"13:50";"1";"34";"34101";"1";"1";"1";"6";"A9";"43,3907500000";"3,4606830000"
"202100023195";"21";"08";"2021";"12:50";"1";"68";"68278";"2";"3";"1";"3";"42 Rue de Mulhouse";"47,7519450000";"7,4008320000"