"Num_Acc";"jour";"mois";"an";"hrmn";"lum";"dep";"com";"agg";"int";"atm";"col";"adr";"lat";"long"
"202100023196";"22";"08";"2021";"07:10";"1";"91";"91441";"1";"1";"1";"6";"Autoroute A6 de Paris Ã  Lyon";"48,5073070000";"2,5109490000"
"202100023197";"16";"08";"2021";"14:00";"1";"987";"98729";"2";"1";"1";"1";"devant la route de l'usine de jus de fruit";" -17,5331890000";" -149,8386110000"
"202100023198";"21";"08";"2021";"15:15";"1";"974";"97402";"2";"1";"1";"1";"Route Departementale 48";" -20,9841510000";"55,6512400000"
"202100023199";"21";"08";"2021";"13:00";"1";"974";"97420";"2";"3";"1";"3";"Rue Raymond Verges";" -20,9407540000";"55,6357630000"
"202100023200";"21";"08";"2021";"18:55";"3";"971";"97114";"1";"1";"1";"6";"N1";"16,1288040000";" -61,5794350000"
"202100023201";"22";"08";"2021";"13:32";"1";"77";"77339";"1";"3";"1";"1";"D16";"48,3915120000";"2,4892620000"
"202100023202";"21";"08";"2021";"19:50";"1";"2B";"2B314";"1";"1";"1";"6";"piste saleccia";"42,6634721382";"9,2045259478"
"202100023203";"20";"08";"2021";"17:15";"1";"66";"66164";"1";"9";"1";"1";"D614";"42,7545471362";"2,8657086566"
"202100023204";"20";"08";"2021";"20:00";"5";"34";"34209";"2";"1";"1";"6";"Avenue des Muriers";"43,2785900000";"3,3642240000"
"202100023205";"22";"08";"2021";"12:45";"1";"83";"83119";"2";"3";"1";"3";"Route des Plages";"43,2596858511";"6,6315533502"
"202100023206";"21";"08";"2021";"19:20";"1";"06";"06122";"2";"1";"1";"6";"510 Route de la Baronne";"43,7461940000";"7,1780700000"
"202100023207";"21";"08";"2021";"15:45";"1";"25";"25419";"1";"1";"1";"7";"D29";"47,4713500000";"6,4112310000"
"202100023208";"21";"08";"2021";"12:45";"1";"68";"68021";"2";"1";"1";"2";"86 Rue de la Gare";"47,6351000000";"7,4908040000"
"202100023209";"19";"08";"2021";"15:15";"1";"67";"67055";"2";"1";"8";"3";"Rue de Daubensand";"48,3356130000";"7,7023390000"
"202100023210";"20";"08";"2021";"18:25";"1";"88";"88460";"1";"1";"1";"1";"Grande Rue";"48,4063090000";"5,7341740000"
"202100023211";"21";"08";"2021";"19:15";"1";"54";"54201";"1";"2";"8";"3";"D22";"48,4475110571";"6,6542655239"
"202100023212";"20";"08";"2021";"14:00";"1";"03";"03235";"1";"1";"1";"1";"RN 7 pk58";"46,2625680000";"3,5021350000"
"202100023213";"22";"08";"2021";"07:45";"1";"74";"74042";"1";"4";"8";"6";"34 Imp du Pre Jean Charles";"46,0879060000";"6,3858940000"
"202100023214";"20";"08";"2021";"20:00";"1";"74";"74042";"1";"1";"1";"1";"D1205";"46,0704020000";"6,4308860000"
"202100023215";"21";"08";"2021";"22:31";"5";"38";"38071";"2";"1";"1";"7";"Rue de la Madeleine";"45,0826730000";"5,7430980000"
"202100023216";"19";"08";"2021";"15:40";"1";"38";"38528";"1";"3";"1";"6";"Avenue des Vaulnaveys";"45,0938980000";"5,7933090000"
"202100023217";"21";"08";"2021";"23:45";"3";"26";"26005";"1";"1";"1";"5";"Route de Grignan";"44,4770030000";"4,7711350000"
"202100023218";"22";"08";"2021";"16:10";"1";"01";"01202";"1";"1";"1";"3";"D40a";"45,8870061488";"5,3376127034"
"202100023219";"21";"08";"2021";"16:45";"1";"65";"65123";"1";"1";"1";"1";"Rd 918 - Les Estupas";"42,9755870000";"0,2429650000"
"202100023220";"21";"08";"2021";"18:00";"1";"65";"65123";"1";"1";"1";"1";"Artigues";"42,9365442733";"0,2090942451"
"202100023221";"22";"08";"2021";"09:45";"1";"17";"17219";"2";"1";"1";"1";"Route DÃ©partementale N 728";"45,8245980000";" -1,0894600000"
"202100023222";"21";"08";"2021";"19:30";"1";"64";"64430";"2";"1";"1";"3";"Avenue du PesquÃ©";"43,4825000000";" -0,7704590000"
"202100023223";"22";"08";"2021";"11:50";"1";"33";"33414";"1";"1";"1";"5";"N/A";"44,9482620000";" -0,3339350000"
"202100023224";"21";"08";"2021";"17:50";"1";"85";"85003";"2";"1";"8";"7";"Rue RenÃ© Couzinet";"46,7465600000";" -1,6253500000"
"202100023225";"21";"08";"2021";"15:50";"1";"85";"85178";"1";"1";"1";"1";"D2a";"46,7619140000";" -1,4848920000"
"202100023226";"22";"08";"2021";"17:50";"1";"27";"27358";"1";"1";"1";"7";"RD 57";"49,0375200000";"1,2939830000"
"202100023227";"22";"08";"2021";"11:45";"1";"80";"80467";"1";"3";"1";"3";"D1017";"49,6750990000";"2,7669670000"
"202100023228";"22";"08";"2021";"00:30";"3";"59";"59228";"1";"1";"1";"2";"D621";"50,3388050000";"3,0841760000"
"202100023229";"21";"08";"2021";"03:20";"3";"13";"13207";"1";"1";"1";"7";"Tunnel Prado CarÃ©nage";"43,2911200000";"5,3639300000"
"202100023230";"21";"08";"2021";"14:17";"1";"13";"13202";"1";"1";"1";"2";"A55-Sens Martigues vers Marseille";"43,3231565785";"5,3634677528"
"202100023231";"20";"08";"2021";"18:17";"1";"13";"13043";"1";"1";"1";"4";"A55-Sens Marseille vers Martigues";"43,3833000000";"5,2301100000"
"202100023232";"20";"08";"2021";"07:40";"1";"13";"13005";"1";"1";"1";"7";"A501-Sens Aubagne vers Pont de l'Etoile";"43,2909100000";"5,5549400000"
"202100023233";"21";"08";"2021";"11:30";"1";"33";"33249";"1";"1";"1";"7";"ROUTE NATIONALE 230";"44,8740100000";" -0,5069500000"
"202100023234";"21";"08";"2021";"02:50";"5";"33";"33550";"1";"1";"1";"2";"ROCADE A 630";"44,7823000000";" -0,5850700000"
"202100023235";"21";"08";"2021";"06:15";"3";"91";"91161";"1";"1";"1";"3";"AUTOROUTE A6";"48,6967000000";"2,3162200000"
"202100023236";"21";"08";"2021";"04:30";"3";"91";"91477";"1";"1";"1";"6";"AUTOROUTE A126";"48,7239370000";"2,2371980000"
"202100023237";"21";"08";"2021";"04:50";"3";"91";"91086";"1";"1";"1";"6";"RN 104";"48,6240680000";"2,3789040000"
"202100023238";"20";"08";"2021";"21:40";"3";"93";"93005";"1";"1";"1";"5";"AUTOROUTE A3";"48,9498400000";"2,4746700000"
"202100023239";"19";"08";"2021";"11:10";"1";"62";"62126";"2";"1";"1";"6";"BRIAND ( RUE ARISTIDE )";"50,5272700000";"2,7053600000"
"202100023240";"19";"08";"2021";"16:20";"1";"50";"50218";"2";"1";"1";"6";"ARISTIDE BRIAND (AVENUE)";"48,8373200000";" -1,5831700000"
"202100023241";"20";"08";"2021";"15:25";"1";"14";"14118";"2";"1";"1";"6";"Rue des Equipes dâUrgence";"49,1806900000";" -0,3582200000"
"202100023242";"4";"04";"2021";"14:00";"1";"69";"69091";"2";"3";"1";"3";"ANATOLE FRANCE (AV)";"45,5754100000";"4,7903900000"
"202100023243";"19";"08";"2021";"09:40";"1";"988";"98818";"2";"2";"1";"3";"RUE HENRI BONNEAUD/RUE MICHEL KAUMA";" -22,2957300000";"166,4566300000"
"202100023244";"20";"08";"2021";"21:25";"5";"976";"97611";"2";"1";"1";"3";"mamoudzou centre-Adrian SOULI (avenue)";" -12,7797100000";"45,2327400000"
"202100023245";"20";"08";"2021";"23:15";"5";"974";"97409";"2";"6";"1";"3";"ROCADE SUD(RUE)";" -20,9726700000";"55,6518500000"
"202100023246";"20";"08";"2021";"19:30";"5";"973";"97302";"2";"1";"1";"6";"JADFARD (RENE)";"4,9347552143";" -52,3302628398"
"202100023247";"20";"08";"2021";"12:05";"1";"973";"97302";"2";"2";"1";"3";"CABASSOU (ROUTE DE)";"4,9192068929";" -52,3176090718"
"202100023248";"20";"08";"2021";"00:30";"5";"2B";"2B037";"1";"6";"1";"4";"TOUTES RUES";"42,6209688748";"9,4370481180"
"202100023249";"20";"08";"2021";"19:20";"5";"971";"97101";"2";"3";"1";"1";"GENERAL DE GAULLE";"16,2554000000";" -61,5271400000"
"202100023250";"19";"08";"2021";"19:50";"1";"91";"91549";"2";"6";"1";"4";"EPERON (AVENUE DE L')";"48,6395480000";"2,3328860000"
"202100023251";"20";"08";"2021";"13:27";"1";"91";"91161";"2";"2";"1";"3";"CAR DES CHAMPARTS";"48,7154900000";"2,2984500000"
"202100023252";"20";"08";"2021";"16:45";"1";"91";"91691";"2";"3";"1";"1";"ROYALE(RUE)";"48,7221100000";"2,5029200000"
"202100023253";"19";"08";"2021";"13:26";"1";"87";"87085";"2";"3";"1";"3";"MONNET (RUE JEAN)";"45,8610100000";"1,2828200000"
"202100023254";"19";"08";"2021";"12:01";"1";"87";"87085";"2";"2";"1";"3";"THUILLAT (RUE VICTOR)";"45,8496300000";"1,2536200000"
"202100023255";"31";"05";"2021";"15:40";"1";"84";"84007";"2";"1";"1";"2";"BARTHELASSE(Chemin de la )";"43,9570650000";"4,8028180000"
"202100023256";"17";"08";"2021";"20:00";"1";"84";"84007";"2";"1";"1";"6";"SAINT CHARLES (rue )";"43,9445100000";"4,8034800000"
"202100023257";"20";"08";"2021";"08:25";"1";"83";"83137";"2";"1";"1";"6";"PICOT (AVE DU COLONEL)";"43,1252200000";"5,9572500000"
"202100023258";"19";"08";"2021";"11:50";"1";"80";"80021";"2";"1";"1";"7";"ALPHONSE FIQUET (PLACE)";"49,8904900000";"2,3060000000"
"202100023259";"17";"08";"2021";"09:00";"1";"80";"80001";"2";"1";"1";"6";"PORTELETTE (de la)";"50,1009900000";"1,8286000000"
"202100023260";"20";"08";"2021";"19:20";"1";"76";"76575";"2";"9";"1";"6";"LANGEVIN. RUE PAUL";"49,3865400000";"1,0909220000"
"202100023261";"19";"08";"2021";"12:30";"1";"76";"76217";"2";"1";"1";"3";"REPUBLIQUE (AVENUE DE LA)";"49,9249300000";"1,1023700000"
"202100023262";"20";"08";"2021";"20:37";"1";"72";"72181";"2";"1";"1";"2";"CUGNOT NICOLAS (BD)";"47,9897200000";"0,2268200000"
"202100023263";"20";"08";"2021";"06:05";"5";"72";"72181";"2";"6";"1";"3";"LOUIS BLANC (QUAI)";"48,0093700000";"0,1955000000"
"202100023264";"19";"08";"2021";"16:30";"1";"67";"67482";"2";"3";"8";"3";"COLETTE (RUE)";"48,5874490000";"7,6994670000"
"202100023265";"18";"08";"2021";"23:35";"5";"67";"67204";"2";"1";"1";"6";"BRUMATH (ROUTE DE)";"48,6222660000";"7,7306970000"
"202100023266";"17";"08";"2021";"22:45";"5";"67";"67482";"2";"1";"1";"6";"RHIN TORTU (RUE DU)";"48,5458210000";"7,7582150000"
"202100023267";"20";"08";"2021";"10:41";"1";"66";"66136";"2";"5";"1";"1";"JUIN (AVENUE DU MARECHAL)";"42,6874700000";"2,9006100000"
"202100023268";"18";"08";"2021";"12:00";"1";"66";"66136";"2";"1";"1";"6";"JOFFRE (AVENUE DU MARECHAL CD 88)";"42,7106300000";"2,8902100000"
"202100023269";"19";"08";"2021";"17:50";"1";"64";"64483";"2";"1";"1";"3";"7 allÃ©e des fleurs";"43,3900591184";" -1,6538742185"
"202100023270";"19";"08";"2021";"20:55";"2";"64";"64445";"2";"1";"1";"7";"MOHEDAN DU";"43,3112000000";" -0,3709300000"
"202100023271";"19";"08";"2021";"17:18";"1";"63";"63113";"2";"2";"1";"3";"JAURES (BD JEAN)";"45,7678800000";"3,0841100000"
"202100023272";"19";"08";"2021";"13:30";"1";"60";"60057";"2";"1";"1";"3";"Avenue Jean Mermoz";"49,4380200000";"2,0688200000"
"202100023273";"21";"08";"2021";"01:00";"5";"54";"54578";"2";"2";"1";"3";"AIGUILLETTES  (BD 5A A 17A)";"48,6702500000";"6,1582600000"
"202100023274";"20";"08";"2021";"19:00";"1";"54";"54304";"2";"1";"1";"2";"avenue de la LibÃ©ration";"48,6949962670";"6,1383657530"
"202100023275";"20";"08";"2021";"15:40";"1";"54";"54495";"1";"1";"1";"1";"BOSSERVILLE (ROUTE DE)";"48,6840960273";"6,2454230450"
"202100023276";"20";"08";"2021";"12:17";"1";"51";"51055";"1";"1";"1";"2";"D966";"49,2976633694";"4,0288951993"
"202100023277";"20";"08";"2021";"09:40";"1";"51";"51454";"2";"3";"1";"3";"Rue du Ruisselet";"49,2449257377";"4,0380916985"
"202100023278";"17";"08";"2021";"04:40";"5";"50";"50147";"2";"1";"1";"7";"MARNE";"49,0451400000";" -1,4492100000"
"202100023279";"20";"08";"2021";"14:50";"1";"45";"45147";"2";"3";"1";"1";"Rue FrÃ©dÃ©ric et HÃ©lÃ¨ne Joliot Curie";"47,9445836330";"1,9175037088"
"202100023280";"20";"08";"2021";"13:45";"1";"44";"44114";"2";"1";"1";"6";"BOULEVARD MENDES FRANCE";"47,2609000000";" -1,5881000000"
"202100023281";"18";"08";"2021";"16:17";"1";"44";"44055";"2";"1";"8";"2";"CHEVREL ( BOULEVARD DU DOCTEUR )";"47,2890650000";" -2,3941778115"
"202100023282";"20";"08";"2021";"19:50";"1";"35";"35238";"2";"1";"1";"6";"LE GUILLOUX (HENRI)";"48,1162300000";" -1,6971600000"
"202100023283";"20";"08";"2021";"17:20";"1";"35";"35238";"2";"3";"1";"3";"Rue dâAntrain";"48,1206200000";" -1,6720400000"
"202100023284";"20";"08";"2021";"02:00";"5";"34";"34172";"2";"1";"1";"7";"FLAHAULT (AVENUE CHARLES";"43,6261300000";"3,8602200000"
"202100023285";"19";"08";"2021";"21:10";"3";"34";"34129";"1";"1";"1";"3";"AGAU (AVENUE DE L')";"43,5880800000";"3,9082300000"
"202100023286";"21";"08";"2021";"00:25";"5";"33";"33063";"2";"1";"1";"2";"Cours Jules LadoumÃ¨gue";"44,8977000000";" -0,5741000000"
"202100023287";"21";"08";"2021";"00:15";"5";"33";"33318";"2";"2";"1";"3";"Avenue Roger CohÃ©";"44,8091000000";" -0,6328200000"
"202100023288";"20";"08";"2021";"20:00";"1";"33";"33009";"2";"1";"1";"3";"DESBIEY (CRS) - NÂ°02";"44,6565700000";" -1,1606900000"
"202100023289";"20";"08";"2021";"13:10";"1";"33";"33009";"2";"2";"1";"3";"RAPP (AVE)";"44,6583400000";" -1,1803600000"
"202100023290";"20";"08";"2021";"09:25";"1";"33";"33529";"1";"1";"1";"2";"N250";"44,6181020000";" -1,1217300000"
"202100023291";"20";"08";"2021";"23:40";"5";"27";"27701";"2";"2";"1";"3";"FALAISES (ROUTE DES) NATION A ANDELLE";"49,2714775775";"1,2165499684"
"202100023292";"20";"08";"2021";"17:00";"1";"27";"27229";"2";"2";"1";"1";"YSER (RUE DE L')";"49,0357300000";"1,1353000000"
"202100023293";"7";"07";"2021";"14:35";"1";"22";"22106";"2";"1";"1";"3";"LAENNEC (RUE)";"48,4939100000";" -2,7262500000"
"202100023294";"18";"08";"2021";"17:34";"1";"22";"22278";"2";"1";"1";"7";"RIBOT (THEODULE)";"48,5174274131";" -2,7786742006"
"202100023295";"20";"08";"2021";"23:00";"5";"22";"22113";"2";"9";"1";"7";"AIGUILLON (QUAI D')";"48,7308473454";" -3,4598530354"
"202100023296";"20";"08";"2021";"03:35";"5";"21";"21231";"2";"1";"1";"1";"RAYMOND POINCARE (AVENUE)";"47,3289200000";"5,0690100000"
"202100023297";"20";"08";"2021";"15:45";"1";"17";"17300";"2";"1";"1";"2";"ROMPSAY   AVENUE DE";"46,1612800000";" -1,1316100000"
"202100023298";"20";"08";"2021";"14:50";"1";"17";"17300";"2";"2";"1";"3";"GUITON   AVENUE JEAN (1-7 et 2)";"46,1583600000";" -1,1576500000"
"202100023299";"18";"08";"2021";"23:50";"5";"14";"14118";"2";"1";"2";"1";"Boulevard Bertrand";"49,1803300000";" -0,3688000000"
"202100023300";"20";"08";"2021";"19:00";"1";"13";"13215";"2";"1";"1";"6";"RUISSEAU MI (RUE)";"43,3498915462";"5,3482897502"
"202100023301";"20";"08";"2021";"17:45";"1";"13";"13075";"2";"3";"1";"3";"PAUL SIRVENT (AVE)";"43,3436276930";"5,4662971691"
"202100023302";"20";"08";"2021";"14:30";"1";"13";"13002";"2";"1";"1";"1";"GÃNÃRAL DE GAULLE (AVENUE DU)";"43,3383755253";"5,4839417046"
"202100023303";"18";"08";"2021";"18:20";"1";"13";"13215";"2";"1";"1";"3";"DE SAINT LOUIS AU ROVE (chemin)";"43,3506411528";"5,3542800300"
"202100023304";"20";"08";"2021";"18:06";"1";"10";"10333";"2";"6";"7";"3";"ECHENILLY (RUE)";"48,2780600000";"4,0384100000"
"202100023305";"20";"08";"2021";"21:30";"5";"06";"06088";"2";"2";"1";"1";"VAUBAN (R. MARECHAL)";"43,7114000000";"7,2883000000"
"202100023306";"20";"08";"2021";"23:50";"5";"06";"06069";"2";"1";"1";"1";"LECLERC (BOULEVARD DU MARECHAL)";"43,6505100000";"6,9211000000"
"202100023307";"20";"08";"2021";"02:50";"5";"06";"06027";"2";"1";"1";"1";"PLAGE BOULEVARD DE LA";"43,6567300000";"7,1645500000"
"202100023308";"20";"08";"2021";"18:05";"1";"05";"05023";"2";"1";"1";"3";"GAP (ROUTE DE   RN94)";"44,8937800000";"6,6298700000"
"202100023309";"20";"08";"2021";"15:25";"1";"05";"05023";"2";"9";"1";"3";"MAISONS BLANCHES (RUE DES)";"44,8831200000";"6,6285800000"
"202100023310";"20";"08";"2021";"21:30";"5";"75";"75103";"2";"4";"1";"6";"RUE DE TURBIGO";"48,8656460000";"2,3569170000"
"202100023311";"19";"08";"2021";"22:20";"5";"75";"75120";"2";"5";"1";"3";"RUE DES PYRENEES";"48,8562104720";"2,4049268589"
"202100023312";"20";"08";"2021";"18:18";"1";"75";"75118";"2";"3";"1";"3";"AVENUE DE SAINT OUEN";"48,8916220000";"2,3269710000"
"202100023313";"20";"08";"2021";"15:55";"1";"75";"75117";"2";"2";"1";"4";"BOULEVARD PEREIRE";"48,8831320000";"2,2934840000"
"202100023314";"19";"08";"2021";"16:45";"1";"75";"75116";"2";"5";"1";"3";"CHAUSSEE LA MUETTE";"48,8581740669";"2,2743443768"
"202100023315";"19";"08";"2021";"06:40";"2";"75";"75116";"2";"3";"1";"6";"AVENUE DU PRESIDENT KENNEDY";"48,8558352800";"2,2852337190"
"202100023316";"19";"08";"2021";"14:15";"1";"75";"75112";"2";"3";"1";"3";"BOULEVARD PONIATOWSKI";"48,8338340000";"2,4036840000"
"202100023317";"20";"08";"2021";"12:20";"1";"75";"75111";"2";"2";"1";"3";"BOULEVARD VOLTAIRE";"48,8637640000";"2,3701160000"
"202100023318";"20";"08";"2021";"09:10";"1";"75";"75101";"2";"2";"1";"6";"RUE SAINT HONORE";"48,8610720000";"2,3448970000"
"202100023319";"20";"08";"2021";"17:25";"1";"94";"94046";"2";"3";"1";"3";"GENERAL LECLERC (AV DU)";"48,8043900000";"2,4434700000"
"202100023320";"20";"08";"2021";"01:25";"5";"94";"94011";"2";"1";"1";"3";"Avenue de Paris";"48,7775300000";"2,4784900000"
"202100023321";"20";"08";"2021";"19:05";"1";"94";"94054";"2";"1";"1";"6";"VICTOIRE (AV DE LA)";"48,7448100000";"2,3985100000"
"202100023322";"20";"08";"2021";"16:15";"1";"94";"94075";"2";"1";"1";"2";"Av du Mal de Lattre de Tassigny";"48,7277089407";"2,5299239159"
"202100023323";"20";"08";"2021";"17:35";"1";"93";"93053";"2";"2";"1";"3";"ROSNY (AVENUE DE) NÂ° 56 A 242";"48,8989659491";"2,4709716439"
"202100023324";"20";"08";"2021";"09:15";"1";"93";"93048";"2";"3";"1";"3";"Avenue Jean Moulin / Rue GalilÃ©e";"48,8597000000";"2,4503000000"
"202100023325";"20";"08";"2021";"18:20";"1";"93";"93031";"2";"1";"1";"4";"ARGENTEUIL (ROUTE D')";"48,9596800000";"2,2913300000"
"202100023326";"20";"08";"2021";"14:20";"1";"92";"92050";"2";"1";"1";"6";"REPUBLIQUE AVENUE DE LA";"48,9093319129";"2,2167612612"
"202100023327";"20";"08";"2021";"07:30";"2";"92";"92020";"2";"1";"1";"1";"DEFORGES RUE ETIENNE NÂ° PAIRS";"48,8047586287";"2,2966897571"
"202100023328";"20";"08";"2021";"15:50";"1";"92";"92044";"2";"2";"1";"3";"ANA. FRANCE(RUE)1A75 ET 2A72";"48,8980500000";"2,2796400000"
"202100023329";"19";"08";"2021";"09:10";"1";"92";"92004";"2";"3";"1";"3";"AULAGNIER ( QUAI )";"48,9174625749";"2,3199337721"
"202100023330";"20";"08";"2021";"11:00";"1";"57";"57418";"1";"1";"1";"1";"44 Rue de la Gare";"48,8555280000";"6,8809010000"
"202100023331";"21";"08";"2021";"12:30";"1";"83";"83148";"1";"1";"1";"2";"A8";"43,4133090000";"6,4455200000"
"202100023332";"20";"08";"2021";"22:30";"3";"27";"27073";"1";"1";"1";"6";"D59";"48,8613230000";"1,3356410000"
"202100023333";"15";"08";"2021";"21:35";"5";"68";"68300";"2";"1";"1";"3";"Route DÃ©partementale 201";"47,7747090000";"7,3904190000"
"202100023334";"21";"08";"2021";"16:00";"1";"62";"62261";"2";"1";"3";"6";"Avenue de Paris";"50,4803770000";"1,5819290000"
"202100023335";"21";"08";"2021";"17:45";"1";"51";"51505";"1";"1";"2";"7";"D33";"49,3035520000";"4,2517300000"
"202100023336";"21";"08";"2021";"18:50";"1";"74";"74267";"2";"1";"1";"1";"210 Rte d Albertville";"45,8813340000";"6,1418940000"
"202100023337";"21";"08";"2021";"00:00";"3";"76";"76529";"1";"1";"1";"1";"CD 150";"49,7293440000";"0,5661340000"
"202100023338";"21";"08";"2021";"11:15";"1";"2B";"2B341";"1";"1";"1";"1";"D143";"42,2251490000";"9,2177870000"
"202100023339";"21";"08";"2021";"06:40";"1";"2B";"2B242";"1";"1";"1";"1";"RT 10";"42,4007930000";"9,5334380000"
"202100023340";"21";"08";"2021";"08:20";"1";"80";"80442";"1";"2";"1";"5";"D930";"49,7419820000";"3,0175070000"
"202100023341";"20";"08";"2021";"23:20";"3";"89";"89074";"1";"1";"1";"1";"D606";"48,3169230000";"3,1440210000"
"202100023342";"20";"08";"2021";"22:40";"3";"89";"89134";"1";"1";"1";"7";"D606";"47,4749110000";"4,0253310000"
"202100023343";"20";"08";"2021";"23:30";"3";"42";"42226";"1";"1";"1";"7";"Route de Baroille";"45,8667790000";"4,0821500000"
"202100023344";"20";"08";"2021";"22:00";"3";"42";"42019";"1";"1";"1";"6";"Route de BoÃ«n";"45,7621640000";"4,0043130000"
"202100023345";"21";"08";"2021";"01:15";"3";"34";"34150";"1";"1";"1";"7";"D51e5";"43,3208270000";"3,5352570000"
"202100023346";"21";"08";"2021";"15:20";"1";"68";"68329";"1";"1";"1";"1";"D417";"48,0659490000";"7,0476440000"
"202100023347";"20";"08";"2021";"21:15";"5";"39";"39491";"2";"1";"1";"7";"15 Rue du Stade";"46,3988890000";"5,7958300000"
"202100023348";"20";"08";"2021";"11:50";"1";"44";"44182";"2";"6";"1";"3";"Avenue du Commandant l Herminier";"47,1794090000";" -2,1538780000"
"202100023349";"20";"08";"2021";"15:45";"1";"29";"29037";"2";"1";"1";"5";"13bis Rue de l Odet";"47,8760186832";" -4,1318826377"
"202100023350";"21";"08";"2021";"03:20";"3";"01";"01034";"1";"1";"1";"7";"Route de Saint Germain";"45,7575680000";"5,6650190000"
"202100023351";"20";"08";"2021";"21:30";"3";"70";"70257";"1";"1";"1";"1";"D364 A";"47,4931390000";"5,9315010000"
"202100023352";"21";"08";"2021";"06:40";"1";"26";"26360";"1";"1";"1";"6";"67 Route de Saint Paul";"44,4109990000";"4,8059610000"
"202100023353";"21";"08";"2021";"14:55";"1";"06";"06089";"1";"1";"1";"1";"Route de Cannes";"43,6547400000";"7,0037150000"
"202100023354";"20";"08";"2021";"15:30";"1";"05";"05142";"1";"1";"1";"2";"Pont de Richards (Plateforme)";"44,7744384455";"6,0177675582"
"202100023355";"21";"08";"2021";"04:00";"5";"60";"60577";"2";"1";"1";"6";"58 Route Nationale";"49,4449880000";"1,8117200000"
"202100023356";"20";"08";"2021";"19:36";"1";"64";"64424";"1";"1";"1";"7";"Route de Garaibie";"43,1873120000";" -0,9467930000"
"202100023357";"10";"07";"2021";"15:09";"1";"18";"18197";"2";"3";"2";"3";"165 Avenue du Tour de France";"46,7213690000";"2,5249780000"
"202100023358";"8";"08";"2021";"22:30";"3";"43";"43120";"2";"1";"1";"6";"Route de FrugÃ¨res";"45,3851740000";"3,2735660000"
"202100023359";"20";"08";"2021";"19:45";"2";"07";"07079";"1";"1";"1";"6";"N/A";"44,9872100000";"4,5434470000"
"202100023360";"16";"08";"2021";"12:55";"1";"07";"07010";"1";"1";"1";"1";"N/A";"45,2372000000";"4,6214460000"
"202100023361";"18";"08";"2021";"18:45";"2";"07";"07329";"2";"1";"1";"2";"N/A";"44,5982290000";"4,0780740000"
"202100023362";"21";"08";"2021";"09:15";"1";"40";"40062";"1";"6";"1";"7";"rond point de champigny";"43,9082200000";" -0,5428790000"
"202100023363";"20";"08";"2021";"14:00";"1";"37";"37156";"2";"1";"1";"6";"65 Rue Georges Courteline";"47,3926261438";"0,8063003478"
"202100023364";"16";"08";"2021";"15:00";"1";"30";"30059";"2";"2";"1";"6";"Boulevard Gambetta";"43,6731020000";"4,2368010000"
"202100023365";"20";"08";"2021";"20:00";"1";"66";"66055";"1";"1";"1";"6";"Route de Nefiach";"42,6675090857";"2,6672268659"
"202100023366";"20";"08";"2021";"16:40";"1";"06";"06149";"1";"1";"1";"2";"A8 PK 201+650 NORD";"43,7323600000";"7,3087510000"
"202100023367";"20";"08";"2021";"19:15";"1";"11";"11262";"2";"1";"1";"7";"Avenue des Cigales";"43,1653890000";"3,1735150000"
"202100023368";"20";"08";"2021";"15:50";"1";"975";"97501";"1";"1";"1";"6";"Miquelon-Langlade - Route de Langlade";"46,9217800000";" -56,3263890000"
"202100023369";"20";"08";"2021";"14:15";"1";"971";"97118";"1";"1";"1";"1";"Chemin de Trianon";"16,1755950000";" -61,6171750000"
"202100023370";"20";"08";"2021";"14:14";"1";"971";"97107";"2";"1";"1";"6";"rue valmy";"16,0441293410";" -61,5931481123"
"202100023371";"18";"08";"2021";"03:45";"5";"44";"44020";"2";"6";"1";"6";"Boulevard Nelson Mandela";"47,1751870000";" -1,6239860000"
"202100023372";"20";"08";"2021";"20:50";"2";"91";"91044";"2";"9";"1";"1";"D186";"48,6701890000";"2,2805750000"
"202100023373";"20";"08";"2021";"10:05";"1";"83";"83068";"1";"1";"1";"1";"D 61 A";"43,2709800000";"6,5605650000"
"202100023374";"21";"08";"2021";"14:25";"1";"04";"04120";"1";"1";"1";"7";"RD 900";"44,4349440000";"6,8739650000"
"202100023375";"21";"08";"2021";"11:34";"1";"71";"71571";"1";"4";"1";"2";"RN 79 - PR 42+050";"46,4045734653";"4,4465328628"
"202100023376";"20";"08";"2021";"16:29";"1";"71";"71371";"1";"2";"1";"3";"Route de Cluny";"46,3512203371";"4,7102384074"
"202100023377";"20";"08";"2021";"21:20";"5";"54";"54043";"2";"1";"1";"3";"2 Rue Jacques Callot";"48,5965496830";"6,1035758265"
"202100023378";"21";"08";"2021";"12:08";"1";"42";"42328";"1";"1";"1";"7";"Route du Mongenet";"45,5713340000";"3,9764610000"
"202100023379";"21";"08";"2021";"10:00";"1";"38";"38565";"1";"1";"1";"4";"Chemin des Digues";"45,2966450000";"5,6166150000"
"202100023380";"21";"08";"2021";"10:10";"1";"46";"46015";"1";"3";"1";"3";"N122";"44,6704320000";"2,1657710000"
"202100023381";"20";"08";"2021";"16:45";"1";"32";"32207";"1";"9";"1";"3";"D924";"43,6603100000";"0,6583800000"
"202100023382";"20";"08";"2021";"20:55";"1";"17";"17462";"1";"1";"1";"1";"rd 129";"45,7760080000";" -0,5615400000"
"202100023383";"21";"08";"2021";"02:00";"5";"33";"33165";"2";"1";"1";"7";"Avenue de l Entre 2 Mers";"44,8249780000";" -0,4387970000"