"Num_Acc";"jour";"mois";"an";"hrmn";"lum";"dep";"com";"agg";"int";"atm";"col";"adr";"lat";"long"
"202100023384";"20";"08";"2021";"18:15";"1";"60";"60644";"1";"1";"1";"7";"RD981";"49,2809162892";"1,7985670566"
"202100023385";"20";"08";"2021";"21:45";"3";"59";"59059";"1";"3";"1";"3";"CD643";"50,1267252823";"3,4433019161"
"202100023386";"20";"08";"2021";"18:30";"1";"59";"59659";"2";"9";"1";"1";"Rue de Verdun";"50,0181290000";"4,0239040000"
"202100023387";"20";"08";"2021";"18:40";"1";"13";"13005";"1";"1";"1";"2";"A50 - Sens Aubagne vers Marseille";"43,2772300000";"5,5871490000"
"202100023388";"19";"08";"2021";"07:30";"1";"69";"69297";"1";"1";"1";"2";"A7";"45,5990100000";"4,7958700000"
"202100023389";"20";"08";"2021";"15:30";"1";"91";"91377";"1";"1";"1";"3";"AUTOROUTE A10";"48,7168000000";"2,2913000000"
"202100023390";"20";"08";"2021";"05:10";"3";"91";"91312";"1";"1";"1";"6";"RD 444";"48,7354500000";"2,2300600000"
"202100023391";"20";"08";"2021";"18:00";"1";"95";"95678";"1";"1";"1";"2";"RN 184";"49,0629000000";"2,2131900000"
"202100023392";"20";"08";"2021";"17:30";"1";"93";"93005";"1";"1";"1";"5";"AUTOROUTE A3";"48,9679400000";"2,4795200000"
"202100023393";"20";"08";"2021";"10:00";"1";"93";"93064";"1";"1";"1";"2";"AUTOROUTE A86";"48,8726800000";"2,4804000000"
"202100023394";"20";"08";"2021";"21:00";"2";"77";"77468";"1";"1";"1";"6";"A104";"48,8507875094";"2,6617147956"
"202100023395";"20";"08";"2021";"20:10";"2";"77";"77373";"1";"1";"1";"6";"RN104";"48,7707900000";"2,6122600000"
"202100023396";"20";"08";"2021";"11:00";"1";"94";"94069";"1";"1";"1";"6";"A4";"48,8176057496";"2,4212441061"
"202100023397";"19";"08";"2021";"20:05";"5";"06";"06029";"2";"1";"1";"6";"CROISETTE (BOULEVARD DE LA)";"43,5462300000";"7,0331400000"
"202100023398";"19";"08";"2021";"14:50";"1";"92";"92048";"2";"1";"8";"2";"VAUGIRARD (ROUTE DE)";"48,8201416393";"2,2396418452"
"202100023399";"18";"08";"2021";"21:45";"3";"62";"62510";"1";"1";"1";"2";"AUTOROUTE A21";"50,4372240000";"2,7474670000"
"202100023400";"19";"08";"2021";"16:30";"1";"976";"97611";"2";"9";"1";"5";"kaweni-Grande Traverse (rue de la)";" -12,7712900000";"45,2254000000"
"202100023401";"18";"08";"2021";"09:50";"1";"973";"97302";"2";"1";"1";"3";"SOURCE DE BADUEL (CHEMIN DE LA)";"4,9404328655";" -52,3198671342"
"202100023402";"18";"08";"2021";"22:00";"5";"973";"97302";"2";"1";"1";"3";"MARAN (RENE) CITE THEMIRE";"4,9335092241";" -52,3204143048"
"202100023403";"18";"08";"2021";"10:45";"1";"973";"97302";"2";"1";"1";"3";"LALLOUETTE";"4,9404797221";" -52,3302471545"
"202100023404";"18";"08";"2021";"09:30";"1";"973";"97302";"2";"9";"1";"2";"BADUEL (ROUTE DE)";"4,9340515171";" -52,3107161524"
"202100023405";"19";"08";"2021";"13:29";"1";"972";"97213";"1";"1";"1";"3";"VIEUX CHEMIN CALIFORNIE (RUE DU)";"14,6207500000";" -61,0180100000"
"202100023406";"19";"08";"2021";"10:00";"1";"971";"97120";"2";"1";"1";"6";"UNIVERSITE FOUILLOLE";"16,2270600000";" -61,5296200000"
"202100023407";"26";"06";"2021";"23:15";"5";"95";"95585";"2";"3";"1";"1";"Rue des Bauves";"48,9912193587";"2,3864632845"
"202100023408";"15";"08";"2021";"16:40";"1";"88";"88413";"1";"4";"3";"7";"RD 31";"48,2744000000";"6,8994200000"
"202100023409";"17";"08";"2021";"22:25";"5";"80";"80379";"1";"1";"2";"3";"RD 1029 (ROUTE DE ST QUENTIN)";"49,8678500000";"2,3743100000"
"202100023410";"18";"08";"2021";"11:00";"1";"79";"79329";"2";"6";"1";"7";"52 Route de Puyraveau";"46,9793000000";" -0,1984000000"
"202100023411";"18";"08";"2021";"17:20";"1";"79";"79081";"2";"1";"1";"7";"51 Rue Armand Guillaumin";"46,3490100000";" -0,4051200000"
"202100023412";"2";"08";"2021";"21:45";"5";"76";"76498";"2";"6";"2";"7";"Boulevard Charles de Gaulle";"49,4199190453";"1,0611838102"
"202100023413";"18";"08";"2021";"14:25";"1";"74";"74012";"2";"1";"1";"6";"GARE (RUE DE LA)";"46,1908100000";"6,2340200000"
"202100023414";"18";"08";"2021";"19:00";"1";"67";"67482";"2";"1";"1";"6";"BERSTETT (RUE DE)";"48,5978600000";"7,7068000000"
"202100023415";"18";"08";"2021";"18:52";"1";"66";"66136";"2";"1";"1";"3";"ESCARGUEL (COURS LAZARE)";"42,6999600000";"2,8865300000"
"202100023416";"19";"08";"2021";"18:20";"1";"40";"40312";"2";"1";"1";"1";"R.N. 10";"43,5291100000";" -1,4632100000"
"202100023417";"19";"08";"2021";"14:45";"1";"64";"64102";"2";"6";"1";"3";"MAIGNON (GIRATOIRE DE)";"43,4657800000";" -1,4946400000"
"202100023418";"19";"08";"2021";"11:45";"1";"64";"64140";"2";"1";"1";"6";"62 avenue Charles de Gaulle";"43,5269080000";" -1,4640350000"
"202100023419";"19";"08";"2021";"08:20";"1";"64";"64102";"2";"1";"1";"7";"BERNARD (CHEMIN DE SAINT)";"43,5078800000";" -1,4877700000"
"202100023420";"18";"08";"2021";"18:55";"1";"56";"56121";"2";"3";"1";"3";"CALMETTE (RUE  DOCTEUR )";"47,7597500000";" -3,3814800000"
"202100023421";"12";"08";"2021";"12:20";"1";"55";"55545";"2";"1";"1";"1";"PARIS ( AVENUE DE )";"49,1557600000";"5,3604900000"
"202100023422";"19";"08";"2021";"09:00";"1";"54";"54300";"2";"1";"2";"3";"ART-SUR-MEURTHE (ROUTE ET RUE)";"48,6597186387";"6,2317270528"
"202100023423";"18";"08";"2021";"18:15";"1";"54";"54395";"2";"1";"1";"2";"MON DESERT (RUE)";"48,6844557440";"6,1785013229"
"202100023424";"19";"08";"2021";"17:35";"1";"51";"51454";"2";"3";"1";"3";"Boulevard Pommery";"49,2476100000";"4,0513300000"
"202100023425";"18";"08";"2021";"17:30";"1";"49";"49099";"2";"9";"1";"3";"MOCRAT(AVENUE DE)";"47,0620800000";" -0,8958300000"
"202100023426";"19";"08";"2021";"16:50";"1";"46";"46042";"2";"1";"1";"6";"MONZIE (AVENUE ANATOLE OU DE TOULOUSE)";"44,4399410000";"1,4415890000"
"202100023427";"15";"08";"2021";"04:55";"5";"45";"45234";"2";"6";"1";"6";"Av de la Recherche Scientifique";"47,8340200000";"1,9399400000"
"202100023428";"19";"08";"2021";"16:00";"1";"35";"35238";"2";"2";"1";"1";"PARIS (RUE DE)";"48,1124500000";" -1,6661800000"
"202100023429";"18";"08";"2021";"13:45";"1";"35";"35238";"2";"6";"1";"3";"MORBIHAN (DU)";"48,1327150000";" -1,6728220000"
"202100023430";"19";"08";"2021";"03:15";"3";"35";"35051";"1";"9";"2";"6";"RN157";"48,1142500000";" -1,5693100000"
"202100023431";"19";"08";"2021";"15:00";"1";"34";"34172";"2";"2";"1";"3";"VIEUSSENS (BOULEVARD)";"43,5997200000";"3,8754800000"
"202100023432";"19";"08";"2021";"01:40";"3";"34";"34129";"1";"1";"1";"2";"PALAVAS D986 (ROUTE DE)";"43,5760200000";"3,8973500000"
"202100023433";"18";"08";"2021";"14:15";"1";"34";"34172";"2";"1";"1";"2";"TOULOUSE (AVENUE DE";"43,5918500000";"3,8583500000"
"202100023434";"19";"08";"2021";"21:25";"2";"33";"33529";"2";"6";"1";"3";"Avenue de lâErmitage";"44,6322600000";" -1,2030400000"
"202100023435";"19";"08";"2021";"04:10";"3";"29";"29051";"1";"1";"1";"7";"RN 165";"48,0026685558";" -4,0551104347"
"202100023436";"19";"08";"2021";"18:50";"1";"29";"29232";"2";"1";"1";"6";"Rue Roger Salengro";"47,9881606455";" -4,0865948796"
"202100023437";"17";"08";"2021";"08:38";"1";"25";"25056";"2";"6";"1";"3";"EPITAPHE CHEMIN DE L'";"47,2488000000";"5,9963620000"
"202100023438";"22";"07";"2021";"10:20";"1";"22";"22106";"2";"1";"1";"7";"RENNES (RUE DE)";"48,4940843936";" -2,7127510076"
"202100023439";"17";"08";"2021";"13:10";"1";"22";"22278";"2";"6";"1";"2";"GALLOIS (CARREFOUR DES)";"48,4973168164";" -2,7471711501"
"202100023440";"19";"08";"2021";"20:20";"2";"13";"13209";"2";"1";"1";"1";"PLATANES CO (BOULEVARD DES)";"43,2730600000";"5,4082600000"
"202100023441";"17";"08";"2021";"23:58";"5";"13";"13201";"2";"1";"1";"5";"BD MAURICE BOURDET";"43,3020000000";"5,3792000000"
"202100023442";"19";"08";"2021";"14:41";"1";"13";"13047";"1";"1";"1";"1";"FOS (ROUTE DE) - RN 569";"43,5427360000";"4,9558590000"
"202100023443";"19";"08";"2021";"08:00";"1";"13";"13028";"2";"1";"1";"1";"DULAC (AVENUE GUILLAUME)";"43,1962875264";"5,6130073764"
"202100023444";"19";"08";"2021";"08:13";"1";"13";"13001";"2";"9";"1";"1";"CLUB HIPPIQUE (AV)";"43,5121200000";"5,4251400000"
"202100023445";"18";"08";"2021";"14:15";"1";"11";"11262";"2";"1";"1";"6";"MISTRAL (BOULEVARD FREDERIC)";"43,1856700000";"3,0014300000"
"202100023446";"20";"08";"2021";"00:40";"5";"06";"06088";"2";"1";"1";"6";"ANGLAIS (DU NÂ° 1 AU NÂ° 43)";"43,6937200000";"7,2561600000"
"202100023447";"19";"08";"2021";"19:15";"1";"06";"06155";"2";"3";"1";"3";"LIBERTE AV.DE LA";"43,5722000000";"7,0843000000"
"202100023448";"19";"08";"2021";"19:40";"1";"06";"06004";"2";"1";"1";"6";"QUATRE CHEMINS CH.DES";"43,6029410000";"7,1144230000"
"202100023449";"19";"08";"2021";"10:10";"1";"04";"04112";"1";"1";"1";"2";"RD 907";"43,8136600100";"5,8040800000"
"202100023450";"18";"08";"2021";"11:20";"1";"03";"03310";"2";"4";"1";"6";"CELESTINS (AVENUE DES)";"46,1244200000";"3,4297100000"
"202100023451";"18";"08";"2021";"13:23";"1";"75";"75104";"2";"3";"1";"3";"RUE DE RIVOLI";"48,8569270000";"2,3539260000"
"202100023452";"18";"08";"2021";"13:20";"1";"75";"75105";"2";"2";"1";"3";"RUE CLAUDE BERNARD";"48,8402750000";"2,3460330000"
"202100023453";"19";"08";"2021";"15:25";"1";"75";"75120";"2";"2";"1";"6";"RUE DE MENILMONTANT";"48,8686600000";"2,3896490000"
"202100023454";"19";"08";"2021";"17:15";"1";"75";"75118";"2";"1";"1";"3";"AVENUE DE LA PORTE DE CLIGNANCOURT";"48,8988850000";"2,3441570000"
"202100023455";"19";"08";"2021";"09:35";"1";"75";"75117";"2";"1";"1";"3";"BOULEVARD DE COURCELLES";"48,8797850000";"2,3060900000"
"202100023456";"17";"08";"2021";"13:50";"1";"75";"75117";"2";"1";"1";"3";"BOULEVARD DU FORT DE VAUX";"48,8932190000";"2,3026340000"
"202100023457";"18";"08";"2021";"17:10";"1";"75";"75116";"2";"1";"1";"7";"ROUTE DE SEVRES A NEUILLY";"48,8665480000";"2,2418030000"
"202100023458";"19";"08";"2021";"14:20";"1";"75";"75110";"2";"2";"8";"6";"BOULEVARD DE LA VILLETTE";"48,8842640000";"2,3646350000"
"202100023459";"18";"08";"2021";"14:40";"1";"75";"75109";"2";"2";"1";"4";"RUE LA FAYETTE";"48,8767520000";"2,3473190000"
"202100023460";"19";"08";"2021";"19:50";"1";"75";"75107";"2";"1";"1";"1";"QUAI VOLTAIRE";"48,8588050000";"2,3315770000"
"202100023461";"19";"08";"2021";"00:50";"5";"75";"75107";"2";"1";"1";"6";"SOUTERRAIN BRANLY";"48,8594435829";"2,2936247092"
"202100023462";"19";"08";"2021";"19:15";"1";"94";"94046";"2";"1";"1";"3";"Avenue du Professeur Cadiot";"48,8048900000";"2,4320900000"
"202100023463";"19";"08";"2021";"18:20";"1";"94";"94073";"2";"1";"1";"3";"Avenue de Versailles";"48,7583100000";"2,3929000000"
"202100023464";"19";"08";"2021";"01:10";"5";"93";"93048";"2";"9";"1";"3";"Boulevard ThÃ©ophile Sueur";"48,8640420000";"2,4673380000"
"202100023465";"18";"08";"2021";"21:00";"2";"93";"93006";"2";"4";"1";"3";"CHAMPEAUX RUE DES";"48,8644500000";"2,4167300000"
"202100023466";"19";"08";"2021";"22:10";"5";"93";"93007";"2";"1";"1";"2";"DESCARTES (CIMETIERE)";"48,9501300000";"2,4573500000"
"202100023467";"19";"08";"2021";"20:52";"5";"92";"92044";"2";"2";"1";"3";"LOUIS ROUQUIER (RUE)113+ ET 106+";"48,8930800000";"2,2927400000"
"202100023468";"19";"08";"2021";"17:40";"1";"92";"92025";"2";"1";"1";"6";"CHARLES DE GAULLE (BD)";"48,9161314158";"2,2269045647"
"202100023469";"19";"08";"2021";"12:43";"1";"92";"92025";"2";"9";"1";"3";"MARCEAU (BD)";"48,9294139419";"2,2655566782"
"202100023470";"18";"08";"2021";"10:20";"1";"92";"92025";"2";"2";"1";"3";"CHARLES DE GAULLE (BD)";"48,9145420000";"2,2291740000"
"202100023471";"18";"08";"2021";"18:50";"1";"92";"92012";"2";"2";"1";"7";"VICTOR HUGO (AVENUE) 49/FIN - 60/FIN";"48,8372938567";"2,2457486566"
"202100023472";"19";"08";"2021";"12:00";"1";"92";"92002";"2";"1";"8";"6";"JEAN MOULIN (RUE)";"48,7532481209";"2,3059592845"
"202100023473";"19";"08";"2021";"17:25";"1";"39";"39503";"2";"1";"1";"6";"174 Route de Champagnole";"46,7520090000";"5,9432600000"
"202100023474";"18";"08";"2021";"16:45";"1";"38";"38051";"1";"1";"1";"7";"D131";"45,3189010000";"4,9170900000"
"202100023475";"15";"08";"2021";"11:40";"1";"86";"86174";"2";"2";"1";"3";"Rue Ambroise Croizat";"46,7732900000";"0,4826080000"
"202100023476";"19";"08";"2021";"18:00";"1";"95";"95313";"2";"1";"1";"6";"RD 922";"49,1129240000";"2,2255630000"
"202100023477";"19";"08";"2021";"17:00";"1";"83";"83061";"1";"1";"1";"4";"A8";"43,4691450021";"6,7298754104"
"202100023478";"18";"08";"2021";"06:45";"1";"972";"97217";"1";"1";"1";"1";"Pointe BorgnÃ¨se (Informations)";"14,4551050000";" -60,9035360000"
"202100023479";"20";"08";"2021";"17:30";"1";"27";"27355";"2";"3";"1";"3";"Rue de Garennes";"48,8831890000";"1,4587780000"
"202100023480";"19";"08";"2021";"18:00";"1";"63";"63026";"1";"1";"1";"6";"D983";"45,6761940000";"2,9337570000"
"202100023481";"19";"08";"2021";"12:00";"1";"63";"63116";"1";"1";"1";"7";"D2144";"45,9779200000";"3,0948740000"
"202100023482";"19";"08";"2021";"18:19";"1";"12";"12216";"1";"1";"7";"3";"La Roque Basse";"44,5111130000";"2,8385980000"
"202100023483";"20";"08";"2021";"11:10";"1";"22";"22004";"1";"1";"1";"7";"PR 38+300";"48,6398000000";" -3,3251670000"
"202100023484";"19";"08";"2021";"17:20";"2";"974";"97414";"2";"2";"1";"1";"Route de Cilaos (Pont)";" -21,2712320000";"55,4401770000"
"202100023485";"20";"08";"2021";"16:00";"1";"62";"62081";"1";"2";"1";"3";"D939";"50,2200280000";"3,0511740000"
"202100023486";"19";"08";"2021";"16:16";"1";"56";"56048";"2";"6";"2";"6";"Rue de la ForÃªt";"48,0669830000";" -3,3621860000"
"202100023487";"20";"08";"2021";"11:30";"1";"56";"56251";"1";"1";"1";"1";"Rue de la Madeleine (Theix)";"47,6358990000";" -2,6637770000"
"202100023488";"20";"08";"2021";"10:50";"1";"74";"74208";"1";"3";"1";"2";"Avenue RenÃ© Raffort Deruttet";"45,9245580000";"6,6686150000"
"202100023489";"19";"08";"2021";"20:45";"5";"2B";"2B123";"2";"1";"1";"1";"Avenue du 9 Septembre";"42,0156080000";"9,4049940000"
"202100023490";"14";"08";"2021";"11:00";"1";"2B";"2B123";"2";"1";"1";"1";"Avenue du 9 Septembre";"42,0168790000";"9,4059650000"
"202100023491";"19";"08";"2021";"09:44";"1";"33";"33290";"1";"1";"1";"7";"Route de Parsac";"44,9095690000";" -0,0948540000"
"202100023492";"20";"08";"2021";"02:00";"3";"71";"71305";"1";"1";"1";"3";"D906";"46,4561592211";"4,8895083220"
"202100023493";"19";"08";"2021";"18:00";"1";"49";"49218";"1";"2";"1";"1";"D201";"47,2705810000";" -0,9856150000"
"202100023494";"18";"08";"2021";"17:55";"1";"12";"12037";"1";"1";"1";"1";"Broquies le Vieux";"44,0067840000";"2,7015160000"
"202100023495";"19";"08";"2021";"22:20";"2";"44";"44069";"2";"2";"2";"3";"Rue Aristide Briand";"47,3317550000";" -2,4310310000"
"202100023496";"20";"08";"2021";"19:50";"1";"29";"29106";"1";"1";"1";"6";"Ti Feunteun";"48,1198060000";" -4,0740980000"
"202100023497";"9";"08";"2021";"21:35";"3";"29";"29167";"1";"1";"3";"7";"Kerbiguet";"47,9690800000";" -4,2797110000"
"202100023498";"19";"08";"2021";"15:30";"1";"29";"29003";"2";"1";"1";"2";"Rue de Kerivoas";"48,0276210000";" -4,5552550000"
"202100023499";"19";"08";"2021";"11:40";"1";"15";"15061";"1";"1";"1";"6";"Chemin de la Grangeoune";"45,1547760000";"2,8239150000"
"202100023500";"20";"08";"2021";"11:20";"1";"26";"26183";"1";"3";"1";"1";"Route de la Plaine";"44,7084840000";"5,0934590000"
"202100023501";"19";"08";"2021";"19:05";"1";"50";"50370";"1";"1";"2";"7";"Les Forges de vardon";"49,4155660000";" -1,5805080000"
"202100023502";"19";"08";"2021";"17:40";"1";"83";"83040";"1";"1";"1";"7";"D4085";"43,8009030000";"6,6231640000"
"202100023503";"27";"06";"2021";"16:20";"1";"09";"09131";"1";"1";"1";"4";"RN 20";"42,7678010000";"1,7426850000"
"202100023504";"20";"08";"2021";"16:20";"1";"60";"60129";"2";"1";"1";"3";"499 Route de Bailly";"49,5156420000";"3,0135400000"
"202100023505";"20";"08";"2021";"13:30";"1";"60";"60104";"2";"3";"1";"6";"Avenue du GÃ©nÃ©ral FrÃ¨re";"49,6321450000";"2,2907840000"
"202100023506";"20";"08";"2021";"16:45";"1";"60";"60029";"1";"1";"1";"3";"N/A";"49,3932950000";"2,0017430000"
"202100023507";"20";"08";"2021";"08:15";"1";"73";"73128";"1";"1";"1";"1";"D1201";"45,7352350000";"5,9221960000"
"202100023508";"19";"08";"2021";"19:35";"1";"18";"18036";"1";"1";"1";"6";"La Corbinerie";"47,1526140000";"2,1352910000"
"202100023509";"20";"08";"2021";"06:45";"1";"16";"16085";"1";"1";"1";"6";"Route dâYvrac";"45,8073540000";"0,4528210000"
"202100023510";"19";"08";"2021";"19:40";"2";"16";"16140";"1";"1";"1";"6";"Lieu-dit Les Grandes Versennes";"45,8938990000";"0,1909140000"
"202100023511";"20";"08";"2021";"00:56";"3";"07";"07134";"1";"1";"1";"6";"1925 Route d Aubenas";"44,4982410000";"4,2862590000"
"202100023512";"20";"08";"2021";"10:00";"1";"24";"24520";"2";"1";"1";"3";"Route de l AbbÃ© Breuil";"44,9052390000";"1,2079500000"
"202100023513";"19";"08";"2021";"10:20";"1";"04";"04079";"1";"1";"1";"7";"RD 4";"44,1000370000";"6,0236840000"
"202100023514";"20";"08";"2021";"15:40";"1";"85";"85018";"1";"1";"1";"2";"D22";"46,8888600000";" -2,0724790000"
"202100023515";"19";"08";"2021";"20:30";"2";"27";"27156";"1";"1";"1";"6";"Rue du Lesmeval";"48,7871740000";"0,7885270000"
"202100023516";"11";"08";"2021";"08:10";"1";"87";"87030";"1";"1";"1";"3";"Rue des 6 Chataigniers";"45,8743460000";"0,8530070000"
"202100023517";"15";"08";"2021";"11:45";"1";"37";"37047";"1";"1";"1";"3";"N/A";"47,5038193873";"0,6966108159"
"202100023518";"19";"08";"2021";"14:03";"1";"30";"30146";"1";"3";"1";"1";"D109";"43,9913330000";"4,1123840000"
"202100023519";"19";"08";"2021";"09:47";"1";"88";"88426";"2";"3";"1";"3";"Rue du 1er Morvan";"47,8582130000";"6,8286250000"
"202100023520";"20";"08";"2021";"09:00";"1";"973";"97307";"2";"1";"1";"2";"Route de la Distillerie";"4,8761580000";" -52,3372630000"
"202100023521";"20";"08";"2021";"18:35";"5";"976";"97606";"2";"1";"1";"3";"Route Nationale 3";" -12,9363120000";"45,1478270000"
"202100023522";"20";"08";"2021";"13:00";"1";"13";"13114";"2";"1";"1";"1";"6173 Route de Berre";"43,5421710000";"5,2737160000"
"202100023523";"20";"08";"2021";"09:40";"1";"13";"13001";"1";"1";"1";"2";"A8 - PK 015.200 - SENS NORD SUD";"43,5285480000";"5,3984870000"
"202100023524";"19";"08";"2021";"22:00";"3";"987";"98714";"1";"1";"1";"1";"RT 101 Faanui proche base dÃ©part du pearl beach";" -16,4708640000";" -151,7614890000"
"202100023525";"18";"08";"2021";"08:00";"1";"988";"98807";"1";"1";"1";"7";"Tribu de Ouayaguette";" -20,6592200000";"164,6835210000"
"202100023526";"17";"08";"2021";"15:25";"1";"974";"97415";"2";"1";"1";"6";"Rue du GÃ©nÃ©ral de Gaulle";" -21,0506210000";"55,2232500000"
"202100023527";"20";"08";"2021";"04:45";"3";"28";"28015";"2";"1";"1";"6";"Rue du Champ de Foire";"48,4641930000";"1,7765610000"
"202100023528";"20";"08";"2021";"06:20";"2";"77";"77153";"1";"1";"1";"6";"N2";"49,0545040000";"2,6993890000"
"202100023529";"8";"08";"2021";"17:20";"1";"77";"77259";"2";"3";"1";"1";"D401";"49,0464550000";"2,6648600000"
"202100023530";"18";"08";"2021";"17:00";"1";"91";"91315";"1";"1";"1";"6";"CD 31 - 91760 itteville";"48,5162210000";"2,3555050000"
"202100023531";"19";"08";"2021";"02:30";"3";"34";"34299";"1";"7";"1";"6";"La SÃ©oune et la MaÃ¯re";"43,2646590000";"3,3302740000"
"202100023532";"18";"08";"2021";"01:00";"5";"05";"05118";"2";"1";"1";"6";"Route de Sisteron";"44,2256660000";"5,8596070000"
"202100023533";"13";"08";"2021";"13:30";"1";"13";"13004";"1";"2";"1";"3";"Route Nationale 568";"43,5844065940";"4,7648717587"
"202100023534";"20";"08";"2021";"07:40";"1";"67";"67394";"1";"6";"1";"3";"RD 264";"48,9451660000";"7,8920460000"
"202100023535";"20";"08";"2021";"07:50";"1";"74";"74220";"1";"1";"1";"1";"Rte d Annemasse";"46,1477180000";"6,2618150000"
"202100023536";"19";"08";"2021";"16:30";"1";"74";"74160";"1";"9";"1";"7";"3911 Rte du Col de la Croix Fry";"45,8714400000";"6,3733520000"
"202100023537";"19";"08";"2021";"16:50";"1";"74";"74302";"1";"1";"1";"5";"D909";"45,9191690000";"6,3846500000"
"202100023538";"19";"08";"2021";"19:00";"1";"38";"38557";"1";"1";"1";"1";"D124z";"45,7712290000";"5,1259110000"
"202100023539";"20";"08";"2021";"10:15";"1";"38";"38148";"1";"1";"1";"3";"468 Route de la Frette";"45,6168460000";"5,4745580000"
"202100023540";"19";"08";"2021";"20:20";"2";"26";"26085";"2";"1";"1";"1";"4050 Route de Saint Paul";"44,5143370000";"4,7565920000"
"202100023541";"20";"08";"2021";"09:50";"1";"07";"07324";"2";"1";"1";"6";"454 chemin imbert";"45,0525300000";"4,8422210000"
"202100023542";"19";"08";"2021";"10:30";"1";"33";"33376";"2";"1";"1";"6";"Route de la Serpentine";"44,9111721910";" -0,7381170989"
"202100023543";"20";"08";"2021";"01:40";"5";"33";"33019";"1";"6";"1";"6";"D5";"44,7184280000";" -0,8813300000"
"202100023544";"20";"08";"2021";"06:15";"2";"22";"22282";"1";"1";"1";"1";"Boulevard de Verdun";"48,5984440000";" -2,2471600000"
"202100023545";"18";"08";"2021";"16:21";"1";"22";"22162";"2";"2";"1";"3";"Chemin de Goasmeur";"48,7688690000";" -3,0636250000"
"202100023546";"18";"08";"2021";"12:53";"1";"60";"60589";"2";"1";"1";"1";"Rue Claire Lacombe";"49,2426440000";"2,4686090000"
"202100023547";"20";"08";"2021";"14:00";"1";"60";"60138";"1";"3";"1";"3";"Route DÃ©partementale 932A";"49,2295090000";"2,6245630000"
"202100023548";"19";"08";"2021";"16:40";"1";"59";"59097";"1";"1";"1";"2";"D930";"50,1444158122";"3,0533891916"
"202100023549";"18";"08";"2021";"06:00";"3";"13";"13215";"1";"1";"1";"3";"A7-Sens Lyon vers Marseille";"43,3604000000";"5,3619000000"
"202100023550";"19";"08";"2021";"12:10";"1";"33";"33162";"1";"1";"1";"3";"Rocade Nord Ouest";"44,8685010000";" -0,6473880000"
"202100023551";"18";"08";"2021";"17:25";"1";"33";"33162";"1";"1";"1";"7";"Rocade Nord Ouest A630";"44,8641970000";" -0,6543030000"
"202100023552";"12";"08";"2021";"17:10";"1";"33";"33003";"1";"1";"1";"6";"Autoroute A10";"44,9272920000";" -0,4709780000"
"202100023553";"16";"08";"2021";"21:45";"3";"62";"62274";"1";"1";"2";"2";"AUTOROUTE A1";"50,4325510000";"2,9790170000"
"202100023554";"18";"08";"2021";"10:10";"1";"93";"93078";"1";"1";"1";"2";"AUTOROUTE A104";"48,9621700000";"2,5462700000"
"202100023555";"19";"08";"2021";"19:40";"1";"94";"94042";"1";"1";"1";"2";"A4";"48,8251900000";"2,4639660000"
"202100023556";"18";"08";"2021";"08:00";"1";"94";"94073";"1";"1";"8";"2";"A86 INT";"48,7588800000";"2,3837000000"
"202100023557";"28";"03";"2021";"11:35";"1";"19";"19031";"2";"1";"1";"2";"PASTEUR (AVENUE)";"45,1656400000";"1,5319100000"
"202100023558";"18";"08";"2021";"11:20";"1";"988";"98818";"2";"6";"1";"3";"RUE DE LA SEINE/RUE SCHMIDT";" -22,2766400000";"166,4553100000"
"202100023559";"19";"08";"2021";"00:20";"5";"69";"69388";"2";"1";"1";"2";"FRERES LUMIERE (DES) (AV)";"45,7451500000";"4,8661300000"
"202100023560";"18";"08";"2021";"16:10";"1";"69";"69383";"2";"2";"1";"6";"MARIUS VIVIER MERLE (BD)";"45,7626500000";"4,8578700000"
"202100023561";"18";"08";"2021";"12:30";"1";"69";"69383";"2";"1";"1";"2";"LAFAYETTE (CR)";"45,7636200000";"4,8626300000"
"202100023562";"18";"08";"2021";"11:10";"1";"972";"97213";"2";"6";"1";"3";"VIEUX CHEMIN CALIFORNIE (RUE DU)";"14,6183700000";" -61,0313900000"
"202100023563";"18";"08";"2021";"17:25";"1";"69";"69286";"2";"3";"8";"3";"GENERAL LECLERC (AV)";"45,8136500000";"4,8971800000"
"202100023564";"18";"08";"2021";"17:40";"2";"971";"97101";"2";"6";"1";"3";"DOTHEMARE";"16,2656300000";" -61,5158400000"
"202100023565";"17";"08";"2021";"13:59";"1";"87";"87075";"2";"1";"1";"2";"PERIGUEUX (ROUTE DE)";"45,7898100000";"1,1741800000"
"202100023566";"17";"08";"2021";"11:56";"1";"87";"87085";"2";"1";"1";"3";"COUTURES (AVENUE DES)";"45,8349400000";"1,2724500000"
"202100023567";"16";"08";"2021";"15:45";"1";"85";"85194";"2";"1";"1";"6";"AV POMPIDOU";"46,4998000000";" -1,7800500000"
"202100023568";"7";"08";"2021";"06:35";"5";"85";"85194";"2";"1";"3";"6";"PrÃ©sidents (carrefour des)";"46,4890700000";" -1,7695300000"
"202100023569";"18";"08";"2021";"10:00";"1";"83";"83069";"2";"1";"1";"6";"DECUGIS (AVENUE ALFRED)";"43,1103400000";"6,1697200000"
"202100023570";"16";"08";"2021";"16:40";"1";"80";"80489";"2";"1";"1";"5";"RN 25";"49,8690901963";"2,3734214308"