"Num_Acc";"jour";"mois";"an";"hrmn";"lum";"dep";"com";"agg";"int";"atm";"col";"adr";"lat";"long"
"202100023571";"18";"08";"2021";"20:05";"1";"78";"78124";"2";"3";"1";"6";"MARECHAL JUIN (RUE DU)";"48,9113200000";"2,1805110000"
"202100023572";"18";"08";"2021";"15:40";"1";"76";"76451";"2";"1";"1";"6";"PASTEUR. RUE LOUIS";"49,4569900000";"1,0813200000"
"202100023573";"18";"08";"2021";"17:31";"1";"76";"76429";"2";"1";"1";"7";"DARNETAL. ROUTE DE";"49,4177800000";"1,1465300000"
"202100023574";"18";"08";"2021";"16:08";"1";"72";"72181";"1";"9";"1";"6";"ITALIENS (BD DES)";"47,9437361052";"0,2074613576"
"202100023575";"17";"08";"2021";"15:55";"1";"72";"72181";"2";"1";"1";"4";"GENESLAY FELIX (AV) NÂ° IMP 171 A 263";"47,9741500000";"0,2064000000"
"202100023576";"18";"08";"2021";"22:00";"5";"64";"64102";"2";"1";"1";"6";"BARTHES (CHEMIN DES)";"43,4998200000";" -1,4926600000"
"202100023577";"18";"08";"2021";"17:45";"1";"64";"64102";"2";"1";"8";"3";"HUIT MAI 1S33 (AVENUE DU)";"43,4691300000";" -1,4898100000"
"202100023578";"18";"08";"2021";"17:20";"1";"64";"64024";"2";"3";"1";"2";"ESPAGNE (AVENUE D')";"43,4747900000";" -1,5306100000"
"202100023579";"18";"08";"2021";"05:35";"5";"63";"63014";"2";"2";"1";"3";"MARTIN (RUE EUGENE)";"45,7519700000";"3,1181200000"
"202100023580";"18";"08";"2021";"12:00";"1";"63";"63113";"2";"1";"1";"2";"DURAND (RUE GILLES)";"45,7849000000";"3,0800200000"
"202100023581";"11";"08";"2021";"18:00";"1";"58";"58194";"2";"6";"1";"3";"FONTAINE D'ARGENT (PLACE)";"46,9924800000";"3,1489800000"
"202100023582";"17";"08";"2021";"16:00";"1";"51";"51454";"2";"1";"1";"6";"Avenue Jean JaurÃ¨s";"49,2593799792";"4,0447453350"
"202100023583";"16";"08";"2021";"18:10";"1";"51";"51454";"1";"1";"1";"2";"Chemin de Saint-LÃ©onard";"49,2273009922";"4,0987774730"
"202100023584";"18";"08";"2021";"16:45";"1";"50";"50218";"2";"1";"1";"3";"MARECHAL LECLERC (AV DU)";"48,8380200000";" -1,5860800000"
"202100023585";"18";"08";"2021";"20:10";"1";"45";"45234";"2";"3";"1";"3";"Avenue de la Mouillere";"47,8831548115";"1,9094951749"
"202100023586";"18";"08";"2021";"14:20";"1";"45";"45234";"2";"1";"8";"3";"Quai du Roi";"47,8988800000";"1,9204900000"
"202100023587";"18";"08";"2021";"09:50";"1";"45";"45004";"2";"3";"2";"3";"Rue du Chesnoy";"47,9712730000";"2,7379710000"
"202100023588";"13";"08";"2021";"11:25";"1";"42";"42053";"1";"1";"1";"7";"Route de Sainte Croix";"45,4976300000";"4,6299500000"
"202100023589";"18";"08";"2021";"19:35";"1";"35";"35238";"2";"9";"1";"6";"PORTE DE LORIENT";"48,1068500000";" -1,7176600000"
"202100023590";"16";"08";"2021";"17:00";"1";"35";"35238";"2";"3";"1";"6";"CHATILLON (DE)";"48,0886300000";" -1,6722900000"
"202100023591";"18";"08";"2021";"07:20";"2";"35";"35238";"2";"9";"1";"3";"Rue PAPU";"48,1111200000";" -1,6969500000"
"202100023592";"18";"08";"2021";"19:50";"1";"33";"33281";"2";"1";"1";"2";"RUE ISAAC NEWTON";"44,8306600000";" -0,6713000000"
"202100023593";"18";"08";"2021";"12:15";"1";"29";"29232";"1";"3";"1";"1";"Avenue de Ty Bos";"47,9665100000";" -4,0612100000"
"202100023594";"18";"08";"2021";"09:10";"1";"29";"29232";"2";"1";"1";"1";"Route de Rosporden";"47,9886500000";" -4,0560100000"
"202100023595";"18";"08";"2021";"23:30";"5";"28";"28134";"2";"1";"1";"6";"BOIS SABOT (RUE DU)";"48,7386100000";"1,3605800000"
"202100023596";"16";"08";"2021";"11:45";"1";"22";"22187";"2";"1";"1";"4";"RN12";"48,5315100000";" -2,7565920000"
"202100023597";"10";"07";"2021";"19:30";"1";"22";"22278";"2";"1";"1";"6";"71Â° RI (DU)";"48,5111200000";" -2,7604100000"
"202100023598";"18";"08";"2021";"22:55";"5";"17";"17300";"2";"2";"1";"3";"COLIGNY   AVENUE";"46,1615100000";" -1,1654100000"
"202100023599";"18";"08";"2021";"21:35";"5";"14";"14118";"2";"1";"1";"3";"Rue du Chemin Vert";"49,1942700000";" -0,3949200000"
"202100023600";"17";"08";"2021";"18:55";"1";"14";"14118";"1";"1";"1";"7";"N814";"49,1960000000";" -0,3796200000"
"202100023601";"17";"08";"2021";"16:30";"1";"14";"14437";"2";"1";"1";"6";"Rue Calmette";"49,1802800000";" -0,3168900000"
"202100023602";"17";"08";"2021";"11:50";"1";"13";"13203";"2";"1";"1";"2";"ROGER SALENGRO (AVENUE)";"43,3156076511";"5,3698278027"
"202100023603";"18";"08";"2021";"21:00";"5";"13";"13028";"2";"3";"1";"3";"ROUMANILLE (AVENUE JOSEPH)";"43,2007600000";"5,6231400000"
"202100023604";"18";"08";"2021";"17:00";"1";"11";"11069";"2";"1";"1";"2";"BLUM PAIRS JUSQUAU 1402";"43,2259000000";"2,3386100000"
"202100023605";"16";"08";"2021";"11:35";"1";"10";"10387";"2";"1";"1";"3";"LOMBARDS (AVENUE)";"48,2781200000";"4,0676700000"
"202100023606";"18";"08";"2021";"13:55";"1";"06";"06088";"2";"1";"1";"6";"TZAREWITCH (BD DU)";"43,7026700000";"7,2556200000"
"202100023607";"17";"08";"2021";"10:11";"1";"05";"05061";"2";"1";"1";"2";"ORIENT (BOULEVARD  DE L' )";"44,5665500000";"6,1016700000"
"202100023608";"16";"08";"2021";"11:15";"1";"05";"05061";"2";"1";"1";"2";"GEORGES POMPIDOU ( BD)";"44,5550700000";"6,0764510000"
"202100023609";"16";"08";"2021";"07:35";"1";"05";"05061";"2";"1";"1";"3";"FREDERIC EUZIERES ( PLACE )";"44,5568700000";"6,0771700000"
"202100023610";"17";"08";"2021";"18:30";"1";"75";"75119";"2";"4";"1";"3";"ECHANGEUR VILLETTE";"48,9004053318";"2,3808091879"
"202100023611";"17";"08";"2021";"12:30";"1";"75";"75119";"2";"1";"1";"4";"BD PERIPHERIQUE EXTERIEUR";"48,9006230000";"2,3875040000"
"202100023612";"18";"08";"2021";"11:25";"1";"75";"75118";"2";"3";"1";"3";"RUE DE LA CHAPELLE";"48,8964241853";"2,3592988802"
"202100023613";"17";"08";"2021";"14:00";"1";"75";"75116";"2";"1";"1";"3";"AVENUE DE NEW YORK";"48,8584690000";"2,2886440000"
"202100023614";"17";"08";"2021";"18:35";"1";"75";"75112";"2";"1";"8";"3";"ALLEE VIVALDI";"48,8415540000";"2,3912780000"
"202100023615";"17";"08";"2021";"16:50";"1";"75";"75112";"2";"1";"1";"3";"AVENUE DU DOCTEUR ARNOLD NETTER";"48,8450190000";"2,4058140000"
"202100023616";"17";"08";"2021";"13:45";"1";"75";"75111";"2";"1";"1";"6";"RUE JEAN PIERRE TIMBAUD";"48,8687850000";"2,3802390000"
"202100023617";"18";"08";"2021";"11:00";"1";"75";"75110";"2";"3";"1";"3";"BOULEVARD DE BONNE NOUVELLE";"48,8703280000";"2,3495740000"
"202100023618";"17";"08";"2021";"21:45";"5";"94";"94076";"2";"1";"1";"3";"Avenue de Stalingrad";"48,7845400000";"2,3669400000"
"202100023619";"18";"08";"2021";"15:25";"1";"94";"94028";"2";"1";"8";"6";"Rue Louis Pasteur Vallery Radot";"48,7847500000";"2,4411100000"
"202100023620";"18";"08";"2021";"21:50";"5";"94";"94017";"2";"1";"1";"3";"Boulevard de Stalingrad";"48,8277900000";"2,4938800000"
"202100023621";"18";"08";"2021";"18:20";"1";"93";"93005";"2";"2";"1";"2";"Rue Jacques Duclos / Rue de Madrid";"48,9492880000";"2,4889230000"
"202100023622";"18";"08";"2021";"14:50";"1";"92";"92072";"2";"1";"1";"2";"SAINT CLOUD (RUE DE)";"48,8287000000";"2,2246300000"
"202100023623";"17";"08";"2021";"22:30";"5";"92";"92024";"2";"1";"1";"3";"FERNAND PELLOUTIER (RUE)";"48,9022577830";"2,3007182075"
"202100023624";"20";"07";"2021";"18:15";"1";"06";"06149";"2";"1";"1";"1";"119 Route de Laghet";"43,7469030000";"7,3287660000"
"202100023625";"19";"08";"2021";"07:55";"1";"71";"71231";"2";"3";"1";"1";"Rue des ChÃ¢nuets";"46,5435850000";"4,4543710000"
"202100023626";"19";"08";"2021";"09:00";"1";"06";"06161";"2";"1";"1";"6";"122 Chemin des Pierres Noires";"43,6394240000";"7,1348710000"
"202100023627";"13";"08";"2021";"17:20";"1";"31";"31044";"2";"1";"7";"3";"Avenue des AÃ©rostiers";"43,6083560000";"1,4881380000"
"202100023628";"19";"08";"2021";"15:50";"1";"28";"28088";"2";"2";"1";"3";"Boulevard Grindelle";"48,0712400000";"1,3374140000"
"202100023629";"19";"08";"2021";"14:40";"1";"28";"28330";"1";"1";"1";"1";"Departementale 955";"48,0489890000";"1,4500710000"
"202100023630";"19";"08";"2021";"07:30";"1";"34";"34118";"1";"1";"1";"6";"D68";"43,7166820000";"3,9125490000"
"202100023631";"19";"08";"2021";"08:00";"1";"56";"56100";"2";"1";"2";"6";"Chemin de Ker Yves";"48,1113390000";" -3,4946180000"
"202100023632";"10";"08";"2021";"21:50";"2";"56";"56081";"1";"1";"1";"7";"Loge Brillec";"48,0342770000";" -3,6200330000"
"202100023633";"16";"08";"2021";"14:20";"1";"80";"80213";"1";"1";"1";"7";"D116";"49,8201960000";"2,3891400000"
"202100023634";"19";"08";"2021";"15:00";"1";"89";"89420";"1";"1";"1";"1";"D1";"47,5667830000";"3,2011200000"
"202100023635";"19";"08";"2021";"18:10";"1";"63";"63122";"1";"1";"1";"6";"chemin communal";"45,5147000000";"3,0447470000"
"202100023636";"19";"08";"2021";"11:40";"1";"41";"41095";"1";"1";"1";"6";"Route du Plessis";"47,8952250000";"1,2006060000"
"202100023637";"17";"08";"2021";"16:35";"1";"68";"68302";"2";"1";"1";"7";"Rue de Reiningue";"47,7545580000";"7,1715710000"
"202100023638";"18";"08";"2021";"16:24";"1";"38";"38427";"1";"1";"1";"1";"chemin des aretes - chemin de quincieu";"45,2849800000";"5,3678300000"
"202100023639";"19";"08";"2021";"13:30";"1";"85";"85224";"1";"1";"1";"1";"D1763";"46,9942170000";" -1,3496020000"
"202100023640";"18";"08";"2021";"17:48";"1";"06";"06038";"1";"1";"1";"3";"D2210";"43,6823580000";"6,9735900000"
"202100023641";"18";"08";"2021";"21:15";"2";"14";"14625";"1";"1";"1";"7";"D182";"49,1103740000";"0,2237184300"
"202100023642";"19";"08";"2021";"18:45";"1";"60";"60021";"1";"2";"1";"3";"D1032";"49,5949750000";"3,1213080000"
"202100023643";"19";"08";"2021";"16:40";"1";"64";"64350";"1";"1";"1";"1";"RD918";"43,3049050000";" -1,3545690000"
"202100023644";"19";"08";"2021";"03:30";"5";"24";"24547";"2";"3";"1";"6";"RD 6089";"45,1316190000";"1,2776110000"
"202100023645";"19";"08";"2021";"09:00";"1";"04";"04204";"1";"1";"1";"3";"RD 4085";"43,9295340000";"6,3942790000"
"202100023646";"19";"08";"2021";"13:25";"1";"28";"28121";"1";"6";"1";"6";"D954";"48,0957880000";"1,8653050000"
"202100023647";"18";"08";"2021";"17:10";"1";"23";"23076";"2";"1";"1";"6";"Avenue de la RÃ©publique";"46,1712570000";"2,4839990000"
"202100023648";"19";"08";"2021";"06:15";"2";"37";"37104";"1";"3";"1";"5";"N/A";"47,2804669712";"0,8239818430"
"202100023649";"18";"08";"2021";"17:15";"1";"30";"30146";"2";"1";"1";"3";"D6110";"43,9926600000";"4,1054110000"
"202100023650";"19";"08";"2021";"05:00";"5";"08";"08125";"2";"1";"8";"1";"42 route nationale";"49,8118310000";"4,6115250000"
"202100023651";"19";"08";"2021";"14:17";"1";"60";"60030";"1";"1";"1";"6";"A16 PK 63.600 PARIS - BOULOGNE";"49,3604330000";"2,1077550000"
"202100023652";"17";"08";"2021";"20:05";"1";"06";"06027";"1";"1";"1";"2";"A8 pk 183.500 NORD sens Nice - Frejus";"43,6634940000";"7,1755740000"
"202100023653";"19";"08";"2021";"16:40";"1";"17";"17367";"1";"2";"9";"3";"D121/D130";"45,9501200000";" -0,3414770000"
"202100023654";"18";"08";"2021";"17:00";"1";"974";"97421";"1";"1";"8";"7";"Plateau Wickers";" -21,0152060000";"55,5566330000"
"202100023655";"19";"08";"2021";"18:30";"2";"2B";"2B162";"1";"1";"1";"1";"47";"42,4766950000";"9,1516540000"
"202100023656";"19";"08";"2021";"01:00";"5";"2B";"2B134";"2";"2";"1";"1";"Boulevard Fred Scamaroni";"42,6328340000";"8,9384720000"
"202100023657";"18";"08";"2021";"17:00";"1";"2B";"2B257";"1";"1";"1";"1";"RD62";"42,5878337575";"9,2959946407"
"202100023658";"19";"08";"2021";"10:35";"1";"34";"34272";"2";"1";"1";"6";"rue du chateau";"43,6597920000";"4,1131730000"
"202100023659";"18";"08";"2021";"09:40";"1";"71";"71176";"2";"1";"1";"6";"Rue de la FaÃ¯encerie";"46,4891470000";"3,9953760000"
"202100023660";"18";"08";"2021";"17:50";"1";"67";"67067";"2";"1";"1";"7";"41 Rue de la Division Leclerc";"48,7384530000";"7,7008800000"
"202100023661";"17";"08";"2021";"19:00";"1";"67";"67101";"2";"9";"1";"3";"rue du Chateau Saint Jean";"48,5290930000";"7,4980880000"
"202100023662";"7";"08";"2021";"17:40";"1";"88";"88344";"2";"1";"2";"2";"Rue du Jus";"48,3660970000";"5,6049750000"
"202100023663";"18";"08";"2021";"12:10";"1";"09";"09289";"2";"3";"1";"3";"33 Avenue Aristide Berges";"43,0073420000";"1,1228750000"
"202100023664";"16";"08";"2021";"12:55";"1";"17";"17421";"1";"1";"1";"4";"RN150";"45,6717940000";" -0,9415840000"
"202100023665";"19";"08";"2021";"10:00";"1";"59";"59084";"1";"1";"1";"1";"Rue de la Belle Hotesse";"50,6914230000";"2,4527100000"
"202100023666";"18";"08";"2021";"00:41";"3";"13";"13005";"1";"1";"1";"2";"A52-Sens Pont de l'Etoile vers Toulon";"43,3027680000";"5,5910600000"
"202100023667";"18";"08";"2021";"07:32";"1";"67";"67482";"1";"1";"1";"6";"M352";"48,5710500000";"7,7326400000"
"202100023668";"18";"08";"2021";"12:00";"1";"33";"33122";"1";"1";"1";"2";"N/A";"44,7411660000";" -0,7099970000"
"202100023669";"17";"08";"2021";"09:00";"1";"59";"59123";"1";"1";"8";"2";"AUTOROUTE A1";"50,5003220000";"3,0074820000"
"202100023670";"18";"08";"2021";"10:20";"1";"92";"92051";"1";"1";"1";"4";"RN13";"48,8808970151";"2,2728550270"
"202100023671";"18";"08";"2021";"05:07";"5";"94";"94033";"1";"1";"2";"7";"A86.EXT";"48,8486400000";"2,4915400000"
"202100023672";"17";"08";"2021";"19:30";"2";"974";"97411";"2";"1";"1";"4";"LANCASTEL (BOULEVARD)";" -20,8765230000";"55,4555490000"
"202100023673";"16";"08";"2021";"17:45";"1";"974";"97411";"2";"3";"1";"3";"HOARAU (RUE MARCEL)";" -20,9016500000";"55,4921200000"
"202100023674";"17";"08";"2021";"07:22";"1";"973";"97302";"2";"2";"1";"3";"VIRGILE (AVENUE)";"4,9392207354";" -52,3182953597"
"202100023675";"17";"08";"2021";"08:00";"1";"69";"69387";"2";"3";"1";"6";"JEAN JAURES (AV)";"45,7460393771";"4,8422992229"
"202100023676";"17";"08";"2021";"14:15";"1";"972";"97213";"1";"6";"1";"2";"ROUTE NATIONALE 1";"14,6255000000";" -60,9791200000"
"202100023677";"17";"08";"2021";"06:01";"5";"69";"69381";"2";"1";"1";"7";"FEUILLEE DE LA (PT)";"45,7667100000";"4,8299400000"
"202100023678";"13";"08";"2021";"12:30";"1";"69";"69385";"2";"1";"1";"3";"PIERRE VALDO (R)";"45,7504000000";"4,7859200000"
"202100023679";"17";"08";"2021";"06:25";"2";"69";"69382";"2";"1";"1";"7";"GALLIENI (PT)";"45,7485374091";"4,8314470053"
"202100023680";"16";"08";"2021";"18:55";"1";"69";"69382";"2";"1";"1";"6";"TILSITT (Q)";"45,7553387175";"4,8260155320"
"202100023681";"17";"08";"2021";"14:25";"1";"88";"88160";"2";"6";"1";"3";"CAMUS (RUE ALBERT-)";"48,1923900000";"6,4615700000"
"202100023682";"23";"05";"2021";"19:20";"1";"84";"84007";"2";"1";"1";"6";"COLCHESTER (Avenue de)";"43,9423400000";"4,8274500000"
"202100023683";"16";"08";"2021";"23:07";"3";"82";"82033";"1";"3";"1";"7";"Route de Beaumont-de-Lomagne";"44,0007900000";"1,1295900000"
"202100023684";"17";"08";"2021";"19:10";"1";"78";"78551";"2";"5";"1";"3";"FOURQUEUX (DE)";"48,8923900000";"2,0824300000"
"202100023685";"16";"08";"2021";"15:50";"1";"77";"77186";"1";"1";"1";"1";"RD148 carrefour DIANE Ã  SORQUES";"48,3730300000";"2,7484500000"
"202100023686";"16";"08";"2021";"17:10";"1";"76";"76351";"2";"3";"1";"2";"WINSTON CHURCHILL";"49,4929200000";"0,1337700000"
"202100023687";"16";"08";"2021";"08:20";"1";"76";"76351";"2";"1";"2";"5";"PONT VI (DU)";"49,4858400000";"0,1632800000"
"202100023688";"17";"08";"2021";"11:45";"1";"74";"74133";"2";"1";"1";"6";"INDUSTRIE (RUE DE L')";"46,1862600000";"6,2216700000"
"202100023689";"17";"08";"2021";"11:19";"1";"74";"74012";"2";"1";"1";"6";"PASTEUR (AVENUE)";"46,1936200000";"6,2351000000"
"202100023690";"16";"08";"2021";"18:00";"1";"74";"74012";"2";"1";"1";"6";"RESISTANCE (RUE DE LA)";"46,1971400000";"6,2531400000"
"202100023691";"17";"08";"2021";"20:20";"1";"71";"71153";"2";"1";"1";"6";"Avenue de lâEurope";"46,8083964573";"4,4233362152"
"202100023692";"17";"08";"2021";"12:40";"1";"69";"69264";"2";"1";"1";"3";"MALADIERE (DE LA) (R)";"45,9788296972";"4,7156399488"
"202100023693";"17";"08";"2021";"00:00";"4";"67";"67482";"2";"1";"1";"3";"ROMAINS (ROUTE DES)";"48,5796900000";"7,6979500000"
"202100023694";"16";"08";"2021";"20:00";"1";"67";"67462";"2";"1";"8";"3";"RN 83 SUD";"48,2489200000";"7,4364400000"
"202100023695";"16";"08";"2021";"18:12";"1";"66";"66136";"1";"1";"1";"2";"BLANC AVENUE ROSETTE";"42,6994200000";"2,9167100000"
"202100023696";"17";"08";"2021";"12:30";"1";"65";"65417";"2";"1";"1";"6";"MAI (RUE DU 8)";"43,2237870000";"0,1061300000"
"202100023697";"17";"08";"2021";"13:15";"1";"64";"64483";"1";"1";"8";"1";"SAINT PEE (VIEILLE ROUTE DE)";"43,3910500000";" -1,6289700000"
"202100023698";"17";"08";"2021";"11:45";"1";"59";"59599";"2";"1";"1";"6";"GAMBETTA (BOULEVARD)";"50,7106768592";"3,1595335901"
"202100023699";"17";"08";"2021";"17:40";"1";"59";"59009";"2";"6";"2";"3";"DOUMER PAUL RUE DU PRESIDENT";"50,6059000000";"3,1472500000"
"202100023700";"15";"08";"2021";"11:30";"1";"59";"59431";"1";"8";"1";"1";"MENEGATTE (RUE DE LA)";"50,7013000000";"2,8165300000"
"202100023701";"13";"08";"2021";"16:10";"1";"57";"57672";"2";"7";"1";"1";"CLEMENCEAU (AVENUE) 1 A 31 ET 2 A 72";"49,3593000000";"6,1700300000"
"202100023702";"16";"08";"2021";"12:27";"1";"56";"56098";"2";"2";"1";"3";"STALINGRAD ( AV. ET IMP. )";"47,7591500000";" -3,3419300000"
"202100023703";"12";"08";"2021";"20:20";"1";"56";"56098";"2";"6";"1";"3";"Avenue FranÃ§ois Billoux";"47,7617300000";" -3,3468600000"
"202100023704";"17";"08";"2021";"19:24";"2";"54";"54197";"1";"9";"1";"3";"LUPCOURT (ROUTE DE)";"48,6261800000";"6,2182800000"
"202100023705";"17";"08";"2021";"13:45";"1";"54";"54578";"2";"1";"1";"2";"MULLER (AVENUE PAUL)";"48,6682023228";"6,1474279805"
"202100023706";"17";"08";"2021";"11:40";"1";"54";"54395";"2";"2";"1";"3";"MOUILLERON (RUE GABRIEL)";"48,6844000000";"6,1728000000"
"202100023707";"17";"08";"2021";"17:10";"1";"51";"51573";"2";"6";"1";"2";"Rue Charles Boucton";"49,2533516042";"3,9791087348"
"202100023708";"17";"08";"2021";"09:55";"1";"45";"45068";"2";"3";"1";"3";"Avenue du GÃ©nÃ©ral Leclerc";"48,0156660000";"2,7387010000"
"202100023709";"16";"08";"2021";"18:45";"1";"44";"44162";"2";"1";"1";"6";"BOULEVARD DU MASSACRE";"47,2283400000";" -1,5986300000"
"202100023710";"17";"08";"2021";"12:10";"1";"41";"41226";"2";"1";"1";"6";"COMTE (RUE AUGUSTE)";"47,8040900000";"1,0746800000"
"202100023711";"17";"08";"2021";"15:00";"1";"37";"37261";"2";"1";"1";"2";"MAGINOT (AV. ANDRE)";"47,4238015437";"0,6982927332"
"202100023712";"17";"08";"2021";"10:56";"1";"35";"35238";"2";"3";"1";"2";"LORIENT (DE)";"48,1074200000";" -1,7164900000"
"202100023713";"15";"08";"2021";"17:40";"1";"34";"34032";"1";"1";"1";"6";"ROUTE DE MURVIEL (RD.19 - SECT.3)";"43,3511500000";"3,2027000000"
"202100023714";"17";"08";"2021";"09:00";"1";"33";"33063";"2";"1";"1";"3";"Cours Victor Hugo";"44,8349600000";" -0,5704700000"
"202100023715";"17";"08";"2021";"04:45";"5";"33";"33162";"2";"3";"1";"3";"RUE DE LANGLET";"44,8894200000";" -0,6311700000"
"202100023716";"18";"08";"2021";"00:10";"3";"33";"33529";"2";"1";"1";"7";"PETIT PRINCE (RUE DU)";"44,6205200000";" -1,1384400000"
"202100023717";"17";"08";"2021";"11:06";"1";"29";"29051";"1";"3";"1";"1";"D115 - Route dâElliant";"47,9940461200";" -4,0487531900"
"202100023718";"17";"08";"2021";"17:00";"1";"26";"26362";"2";"1";"1";"3";"43 Rue des FrÃ¨res Montgolfier";"44,9193200000";"4,9012600000"
"202100023719";"16";"08";"2021";"20:10";"1";"18";"18279";"2";"2";"1";"1";"BAS DE GRANGE (RUE ET PLACE)";"47,2251744978";"2,0504133403"
"202100023720";"17";"08";"2021";"22:30";"5";"17";"17333";"2";"6";"1";"1";"SUZAC (AVENUE DE)";"45,5897650000";" -0,9872480000"
"202100023721";"17";"08";"2021";"09:45";"1";"17";"17306";"2";"1";"1";"3";"HEDDE (AVENUE DANIEL)";"45,6292600000";" -1,0322800000"
"202100023722";"16";"08";"2021";"12:00";"1";"17";"17306";"2";"2";"2";"2";"BOUCHET LOUIS (AVENUE)";"45,6319450000";" -0,9855410000"
"202100023723";"17";"08";"2021";"13:45";"1";"14";"14715";"2";"1";"1";"6";"Rue du Chancelier";"49,3682800000";"0,0806600000"
"202100023724";"16";"08";"2021";"21:35";"2";"14";"14118";"2";"1";"1";"1";"D405";"49,1702300000";" -0,3844700000"
"202100023725";"17";"08";"2021";"13:10";"1";"13";"13206";"2";"2";"1";"3";"PARADIS (RUE)";"43,2831989163";"5,3810997142"
"202100023726";"17";"08";"2021";"13:00";"1";"13";"13213";"2";"1";"1";"6";"CHEMIN DU MERLAN A LA ROSE ";"43,3302884426";"5,4126804100"
"202100023727";"17";"08";"2021";"14:00";"1";"13";"13212";"2";"6";"1";"7";"ENCO DE BOTTE (RTE)";"43,3170000000";"5,4690000000"
"202100023728";"17";"08";"2021";"09:00";"1";"13";"13202";"2";"3";"1";"3";"BASSINS DE RADOUB (BOULEVARD DES)";"43,3267000000";"5,3584300000"
"202100023729";"12";"08";"2021";"03:12";"5";"13";"13214";"2";"1";"1";"7";"CLAUDE MONET (avenue)";"43,3268800000";"5,3955100000"
"202100023730";"16";"08";"2021";"16:23";"1";"10";"10387";"2";"1";"8";"6";"LUCIEN MOREL PAYEN (RUE)";"48,3052101177";"4,0893888784"
"202100023731";"16";"08";"2021";"13:05";"1";"10";"10265";"2";"3";"1";"3";"JEAN DE LA FONTAINE (RUE)";"48,2997600000";"4,0452300000"
"202100023732";"17";"08";"2021";"20:00";"1";"07";"07231";"1";"1";"1";"7";"N/A";"44,5908000000";"4,3937900000"
"202100023733";"16";"08";"2021";"23:05";"5";"07";"07019";"2";"3";"1";"7";"JEAN MATHON(BOULEVARD)";"44,6101900000";"4,3880000000"
"202100023734";"14";"08";"2021";"14:25";"1";"06";"06083";"2";"1";"1";"5";"GORBIO (ROUTE DE)";"43,7735080000";"7,4767590000"
"202100023735";"17";"08";"2021";"10:30";"1";"75";"75120";"2";"1";"8";"3";"BD PERIPHERIQUE EXTERIEUR";"48,8766857941";"2,4095168710"
"202100023736";"17";"08";"2021";"07:00";"1";"75";"75114";"2";"1";"1";"6";"BD PERIPHERIQUE INTERIEUR";"48,8214600000";"2,3192260000"
"202100023737";"17";"08";"2021";"06:29";"2";"75";"75112";"2";"2";"1";"6";"AVENUE DAUMESNIL";"48,8460080000";"2,3780110000"
"202100023738";"14";"08";"2021";"19:05";"1";"75";"75110";"2";"1";"7";"4";"BOULEVARD DE LA CHAPELLE";"48,8842710000";"2,3588160000"
"202100023739";"16";"08";"2021";"15:20";"1";"75";"75117";"2";"1";"1";"3";"RUE LEGENDRE";"48,8915910000";"2,3258080000"
"202100023740";"17";"08";"2021";"21:00";"5";"75";"75115";"2";"2";"1";"3";"RUE DU THEATRE";"48,8502000000";"2,2849150000"
"202100023741";"16";"08";"2021";"17:45";"1";"75";"75112";"2";"1";"1";"4";"SOUTERRAIN BERCY";"48,8308220000";"2,3857550000"
"202100023742";"16";"08";"2021";"12:30";"1";"75";"75112";"2";"1";"8";"1";"AVENUE DE NOGENT";"48,8410860000";"2,4513990000"
"202100023743";"17";"08";"2021";"17:56";"1";"75";"75114";"2";"5";"1";"3";"RUE D ALESIA";"48,8305520000";"2,3193000000"
"202100023744";"16";"08";"2021";"21:46";"5";"75";"75107";"2";"2";"1";"6";"AVENUE BOSQUET";"48,8618820000";"2,3020240000"
"202100023745";"17";"08";"2021";"09:15";"1";"75";"75101";"2";"2";"1";"3";"PLACE DU CARROUSEL";"48,8601020000";"2,3333210000"
"202100023746";"17";"08";"2021";"15:00";"1";"94";"94003";"2";"2";"1";"3";"Avenue Vladimir Ilitch Lenine";"48,8121200000";"2,3312500000"
"202100023747";"17";"08";"2021";"17:10";"1";"94";"94065";"1";"6";"1";"6";"Zone SOGARIS";"48,7514200000";"2,3610700000"
"202100023748";"16";"08";"2021";"11:00";"1";"94";"94011";"2";"1";"1";"3";"Rue Pierre SÃ©mard";"48,7626900000";"2,4787100000"
"202100023749";"17";"08";"2021";"13:45";"1";"94";"94017";"2";"1";"8";"3";"Avenue Salvador AllendÃ©";"48,8084400000";"2,5584500000"
"202100023750";"17";"08";"2021";"17:53";"1";"93";"93077";"2";"1";"1";"3";"Avenue Outrebon";"48,8888650000";"2,5110530000"
"202100023751";"17";"08";"2021";"17:40";"1";"93";"93055";"2";"1";"8";"3";"JEAN LOLIVE (AVENUE)(137/FIN ET 134/FIN)";"48,8944500000";"2,4198200000"
"202100023752";"17";"08";"2021";"21:30";"5";"93";"93046";"2";"2";"1";"3";"AllÃ©e Bayard / AllÃ©e Jeanne dâArc";"48,9083260000";"2,5209040000"
"202100023753";"16";"08";"2021";"21:55";"5";"93";"93032";"2";"3";"1";"2";"PAUL VAILLANT COUTURIER (RUE)";"48,8714600000";"2,5543500000"
"202100023754";"17";"08";"2021";"20:45";"2";"93";"93001";"2";"1";"1";"1";"MADELEINE VIONNET(RUE)";"48,9047900000";"2,3758130000"
"202100023755";"17";"08";"2021";"19:35";"1";"92";"92046";"2";"2";"1";"3";"PIERRE LAROUSSE (AVENUE)";"48,8195405662";"2,3061311245"
"202100023756";"17";"08";"2021";"11:05";"1";"92";"92062";"2";"1";"1";"2";"GENERAL DE GAULLE (AVENUE DU)";"48,8880900000";"2,2349200000"
"202100023757";"15";"08";"2021";"16:00";"1";"14";"14764";"1";"1";"1";"7";"D23";"48,8855030000";" -0,4151840000"