"Num_Acc";"jour";"mois";"an";"hrmn";"lum";"dep";"com";"agg";"int";"atm";"col";"adr";"lat";"long"
"202100023758";"18";"08";"2021";"14:55";"1";"51";"51016";"1";"1";"8";"3";"D13";"48,5998920000";"4,7030930000"
"202100023759";"17";"08";"2021";"19:15";"2";"51";"51583";"1";"1";"8";"7";"D16";"48,6922230000";"4,9456980000"
"202100023760";"17";"08";"2021";"10:00";"1";"01";"01092";"1";"1";"1";"5";"D904";"45,9639820000";"5,2582720000"
"202100023761";"17";"08";"2021";"17:00";"1";"69";"69279";"2";"6";"1";"3";"LYON (DE) (RTE)";"45,7997676594";"5,0597459078"
"202100023762";"18";"08";"2021";"06:20";"1";"83";"83148";"1";"1";"1";"7";"RD72";"43,4095960000";"6,4348070000"
"202100023763";"17";"08";"2021";"20:30";"1";"62";"62618";"1";"1";"1";"1";"D943";"50,8084060000";"2,0928470000"
"202100023764";"18";"08";"2021";"08:10";"1";"74";"74213";"2";"1";"1";"1";"D14";"45,9148630000";"6,0538330000"
"202100023765";"17";"08";"2021";"10:30";"1";"87";"87201";"1";"1";"1";"6";"D20";"45,8292150000";"1,1651240000"
"202100023766";"16";"08";"2021";"18:40";"1";"34";"34088";"1";"3";"7";"3";"d5";"43,5688330000";"3,7361450000"
"202100023767";"16";"08";"2021";"10:35";"1";"57";"57733";"1";"1";"1";"5";"route communale 01";"49,3172830000";"6,2542250000"
"202100023768";"17";"08";"2021";"15:10";"1";"56";"56199";"2";"1";"1";"6";"60 Rue Nicolas le Grand";"48,1275120000";" -3,7153100000"
"202100023769";"17";"08";"2021";"16:00";"1";"32";"32104";"1";"1";"1";"6";"D104";"43,4875870000";"0,5628880000"
"202100023770";"15";"08";"2021";"09:40";"1";"71";"71318";"1";"4";"1";"7";"805 Route de Varennes";"46,5499592732";"5,1706275317"
"202100023771";"15";"08";"2021";"02:35";"3";"61";"61167";"2";"6";"1";"6";"86 Rue Grande - GLOS LA FERRIÃRE";"48,8598650000";"0,6007390000"
"202100023772";"17";"08";"2021";"13:45";"1";"61";"61168";"1";"1";"1";"2";"D916";"48,5750950000";" -0,3726390000"
"202100023773";"15";"08";"2021";"22:45";"5";"42";"42323";"2";"1";"1";"3";"Avenue Henri Planchet";"45,5639830000";"4,2910530000"
"202100023774";"17";"08";"2021";"17:40";"1";"42";"42240";"1";"1";"1";"6";"D96";"45,4880630755";"3,9995451271"
"202100023775";"17";"08";"2021";"19:00";"1";"41";"41218";"2";"2";"1";"7";"Rue de l Epinetterie";"47,2765390000";"1,7655860000"
"202100023776";"17";"08";"2021";"18:20";"1";"25";"25262";"1";"1";"1";"7";"D461";"47,1408520000";"6,6105870000"
"202100023777";"16";"08";"2021";"19:00";"1";"44";"44005";"1";"3";"1";"2";"Mal Hara (ChÃ©mÃ©rÃ©)";"47,1320990000";" -1,8816380000"
"202100023778";"14";"08";"2021";"13:30";"1";"44";"44003";"2";"1";"1";"6";"Rue RenÃ© Urien";"47,3706600000";" -1,1869170000"
"202100023779";"17";"08";"2021";"15:30";"1";"29";"29134";"1";"1";"1";"6";"D63";"48,0938320000";" -4,2126990000"
"202100023780";"16";"08";"2021";"13:35";"1";"31";"31436";"1";"1";"1";"6";"pk 25 D23";"43,3429550000";"1,0290560000"
"202100023781";"17";"08";"2021";"15:45";"1";"31";"31490";"2";"6";"1";"7";"Route de Saint-Caprais";"43,7441690000";"1,3654000000"
"202100023782";"18";"08";"2021";"08:45";"1";"02";"02810";"1";"6";"2";"3";"D231";"49,2660540000";"3,1314900000"
"202100023783";"6";"07";"2021";"12:00";"1";"03";"03195";"2";"1";"1";"3";"RD 2144";"46,2939120000";"2,6524310000"
"202100023784";"18";"08";"2021";"08:15";"2";"66";"66025";"2";"1";"1";"6";"Avenue des Guinguettes";"42,4334162001";"1,9478305802"
"202100023785";"17";"08";"2021";"13:45";"1";"06";"06038";"1";"1";"1";"7";"Route de Gourdon";"43,6834840000";"6,9731210000"
"202100023786";"17";"08";"2021";"19:10";"1";"06";"06079";"2";"9";"7";"1";"avenue du marÃ©chal lyautey";"43,5509400000";"6,9469740000"
"202100023787";"18";"08";"2021";"10:10";"1";"05";"05098";"1";"1";"1";"1";"route dÃ©partementale 40";"44,5092080000";"6,5611770000"
"202100023788";"18";"08";"2021";"16:15";"1";"05";"05132";"1";"1";"1";"6";"route du domaine";"44,6635710000";"6,1036780000"
"202100023789";"17";"08";"2021";"10:35";"1";"05";"05176";"1";"9";"1";"6";"VALSERRES";"44,4765510000";"6,1152970000"
"202100023790";"17";"08";"2021";"17:00";"1";"50";"50151";"2";"3";"1";"6";"Boulevard de la Mer";"49,1994990000";" -1,5785870000"
"202100023791";"15";"08";"2021";"10:10";"1";"45";"45061";"1";"3";"7";"3";"Avenue des Acacias";"48,0378932619";"2,7475909169"
"202100023792";"12";"08";"2021";"12:57";"1";"64";"64065";"2";"9";"1";"2";"Route Departementale 918";"43,3598610000";" -1,6343340000"
"202100023793";"16";"08";"2021";"23:00";"3";"53";"53089";"1";"1";"1";"2";"La MourandiÃ¨re";"47,7603150000";" -0,6397820000"
"202100023794";"13";"08";"2021";"10:15";"1";"21";"21076";"1";"3";"1";"3";"D961";"47,3264610000";"5,2892950000"
"202100023795";"18";"08";"2021";"14:30";"1";"24";"24472";"1";"2";"1";"3";"D14e2";"44,8042350000";"0,5405190000"
"202100023796";"17";"08";"2021";"15:39";"1";"87";"87060";"1";"1";"1";"1";"Les Pomperies";"45,6156470000";"0,8913620000"
"202100023797";"17";"08";"2021";"10:00";"1";"30";"30133";"2";"6";"1";"6";"RD62B - rond point dit du Casino";"43,5259310000";"4,1494420000"
"202100023798";"15";"08";"2021";"13:20";"1";"88";"88497";"1";"1";"1";"7";"D12";"48,2752390000";"6,4418290000"
"202100023799";"18";"08";"2021";"02:00";"3";"45";"45222";"1";"1";"1";"2";"A 77 PK 012+900";"48,1270140000";"2,7129470000"
"202100023800";"18";"08";"2021";"15:30";"1";"31";"31052";"1";"1";"1";"1";"D4, PR 006+640";"43,3686510000";"1,3325430000"
"202100023801";"17";"08";"2021";"16:30";"1";"987";"98715";"2";"4";"1";"1";"Route de Puurai";" -17,5582230000";" -149,5978780000"
"202100023802";"17";"08";"2021";"16:05";"1";"69";"69019";"1";"1";"1";"5";"A6";"46,1030400507";"4,7533000531"
"202100023803";"17";"08";"2021";"19:50";"2";"76";"76682";"1";"1";"1";"6";"autoroute A13 PK 109+400";"49,3213460000";"1,1008210000"
"202100023804";"15";"08";"2021";"17:30";"1";"34";"34163";"1";"1";"1";"7";"D111";"43,6537380000";"3,6994740000"
"202100023805";"16";"08";"2021";"17:15";"1";"974";"97402";"2";"3";"8";"1";"route nationale 2002";" -21,0028320000";"55,6915610000"
"202100023806";"17";"08";"2021";"11:50";"1";"973";"97312";"1";"1";"1";"7";"Route de Pointe Combi";"5,3179330000";" -52,9481420000"
"202100023807";"17";"08";"2021";"19:30";"3";"971";"97134";"1";"1";"1";"7";"Route de Grand Croix";"16,0476940000";" -61,7512680000"
"202100023808";"17";"08";"2021";"19:00";"1";"66";"66182";"1";"1";"6";"3";"Route dÃ©partementale 81";"42,7338540000";"3,0256490000"
"202100023809";"10";"08";"2021";"18:30";"1";"34";"34042";"1";"9";"1";"2";"d108";"43,8762690000";"3,7162380000"
"202100023810";"18";"08";"2021";"13:00";"1";"83";"83016";"1";"1";"1";"1";"809 Chemin de Sainte Brigitte";"43,1925890000";"5,8195810000"
"202100023811";"17";"08";"2021";"20:30";"2";"13";"13049";"1";"1";"6";"1";"RD538";"43,7085090000";"5,0841840000"
"202100023812";"17";"08";"2021";"17:20";"1";"67";"67252";"2";"1";"1";"3";"6a Rue de Weyersheim";"48,7353680000";"7,8005490000"
"202100023813";"17";"08";"2021";"18:40";"1";"88";"88073";"1";"4";"1";"3";"dÃ©partementale nÂ°28";"48,3539710000";"6,2854990000"
"202100023814";"17";"08";"2021";"22:15";"3";"54";"54123";"1";"1";"1";"6";"RD.974";"48,6379710000";"6,1303600000"
"202100023815";"18";"08";"2021";"18:48";"1";"38";"38376";"1";"1";"8";"7";"D520c";"45,4303420000";"5,7883300000"
"202100023816";"18";"08";"2021";"00:10";"3";"81";"81215";"1";"1";"1";"6";"Route de Sainte-CÃ©cile";"43,7883020000";"1,9167870000"
"202100023817";"18";"08";"2021";"08:40";"1";"79";"79270";"2";"1";"8";"6";"50 Rue Chaigneau";"46,4089910000";" -0,2081060000"
"202100023818";"17";"08";"2021";"19:40";"1";"17";"17219";"2";"6";"1";"7";"Rue Alsace Lorraine";"45,8264560000";" -1,1084930000"
"202100023819";"17";"08";"2021";"21:25";"2";"47";"47094";"2";"1";"1";"2";"1450 Route de Marmande";"44,4541490000";"0,2337930000"
"202100023820";"15";"08";"2021";"15:12";"1";"80";"80826";"1";"1";"2";"7";"D940";"50,1187679254";"1,4836603155"
"202100023821";"17";"08";"2021";"18:15";"1";"62";"62793";"2";"1";"2";"3";"38 Rue de la Mairie";"50,4061560000";"2,6416120000"
"202100023822";"17";"08";"2021";"18:50";"1";"13";"13019";"1";"1";"1";"2";"A51-Sens Aix en Provence vers Marseille";"43,4255055108";"5,3774814604"
"202100023823";"17";"08";"2021";"18:15";"1";"13";"13019";"1";"1";"1";"2";"A51-Sens Marseille vers Aix en Provence";"43,4247811516";"5,3758704152"
"202100023824";"17";"08";"2021";"06:19";"2";"13";"13117";"1";"1";"1";"5";"A7-Sens Lyon vers Marseille";"43,4242300000";"5,2652100000"
"202100023825";"17";"08";"2021";"05:48";"3";"13";"13215";"1";"1";"1";"6";"A7-Sens Lyon vers Marseille";"43,3502000000";"5,3682000000"
"202100023826";"16";"08";"2021";"12:00";"1";"13";"13117";"1";"1";"1";"2";"A7-Sens Lyon vers Marseille";"43,4467300000";"5,2421700000"
"202100023827";"16";"08";"2021";"15:05";"1";"69";"69199";"1";"1";"1";"7";"RD383";"45,7086900000";"4,8436600000"
"202100023828";"16";"08";"2021";"12:35";"1";"54";"54031";"1";"1";"1";"2";"Autoroute A 31";"48,8249700000";"6,1006500000"
"202100023829";"13";"08";"2021";"19:00";"1";"54";"54528";"1";"1";"1";"7";"Autoroute A 31";"48,6503500000";"5,8724700000"
"202100023830";"15";"08";"2021";"15:15";"1";"59";"59586";"1";"1";"1";"3";"AUTOROUTE A23";"50,5420523794";"3,1951004861"
"202100023831";"13";"08";"2021";"06:10";"2";"59";"59215";"1";"1";"1";"2";"AUTOROUTE A2";"50,3522520000";"3,5791830000"
"202100023832";"16";"08";"2021";"17:02";"1";"92";"92062";"1";"1";"1";"2";"A14";"48,8925010000";"2,2349860000"
"202100023833";"17";"08";"2021";"05:45";"3";"95";"95572";"1";"1";"1";"3";"RN 184";"49,0483500000";"2,1340000000"
"202100023834";"16";"08";"2021";"13:20";"1";"95";"95394";"1";"1";"1";"6";"RN 184";"49,0531200000";"2,1698100000"
"202100023835";"16";"08";"2021";"08:57";"1";"93";"93006";"1";"1";"1";"6";"AUTOROUTE A3";"48,8698800000";"2,4300700000"
"202100023836";"16";"08";"2021";"15:20";"1";"94";"94028";"1";"1";"1";"4";"A86 EXT";"48,7981580773";"2,4447797986"
"202100023837";"16";"08";"2021";"07:00";"1";"77";"77249";"1";"1";"1";"7";"RN104";"48,7500689475";"2,6139190880"
"202100023838";"16";"08";"2021";"09:00";"1";"69";"69266";"2";"1";"1";"6";"TOLSTOI (CR)";"45,7623100000";"4,8795600000"
"202100023839";"30";"05";"2021";"18:10";"1";"66";"66136";"1";"1";"1";"2";"DÃ©partementale 914";"42,6619600000";"2,9217400000"
"202100023840";"29";"05";"2021";"15:50";"1";"66";"66136";"2";"1";"1";"6";"ESPAGNE (ROUTE D')";"42,6731700000";"2,8893200000"
"202100023841";"28";"05";"2021";"11:19";"1";"66";"66136";"1";"1";"1";"2";"R D 900";"42,6700600000";"2,8583300000"
"202100023842";"16";"08";"2021";"14:15";"1";"976";"97611";"2";"1";"1";"2";"mamoudzou centre-Internat (rue de l')";" -12,7802700000";"45,2270200000"
"202100023843";"16";"08";"2021";"07:20";"1";"974";"97416";"2";"2";"8";"3";"FOUR A CHAUX(RUE DU)";" -21,3407000000";"55,4691000000"
"202100023844";"16";"08";"2021";"07:55";"1";"974";"97407";"1";"6";"1";"7";"AXE MIXTE DE CAMBAIE";" -20,9532500000";"55,2943100000"
"202100023845";"16";"08";"2021";"18:30";"2";"973";"97302";"2";"1";"1";"3";"GALMOT (AVENUE)";"4,9316500000";" -52,3295900000"
"202100023846";"16";"08";"2021";"13:05";"1";"69";"69388";"2";"3";"1";"3";"FRERES LUMIERE (DES) (AV)";"45,7458700000";"4,8636100000"
"202100023847";"16";"08";"2021";"17:30";"1";"69";"69034";"2";"2";"1";"3";"SOLDATS (DES) (MO)";"45,7914000000";"4,8607900000"
"202100023848";"16";"08";"2021";"13:55";"1";"69";"69385";"2";"2";"1";"3";"DOCTEUR EDMOND LOCARD (R)";"45,7597700000";"4,7959400000"
"202100023849";"15";"08";"2021";"22:55";"5";"2B";"2B037";"1";"1";"1";"2";"LAGUNE (Route de la) D107";"42,6369700000";"9,4609700000"
"202100023850";"16";"08";"2021";"13:00";"1";"95";"95019";"2";"6";"1";"6";"rue Henri Barbusse";"48,9916700000";"2,4170500000"
"202100023851";"16";"08";"2021";"23:30";"5";"95";"95555";"2";"1";"1";"6";"Rue des Marais";"48,9736860000";"2,2812350000"
"202100023852";"14";"08";"2021";"21:00";"2";"91";"91174";"2";"3";"1";"3";"BD JOHN KENNEDY";"48,5868370000";"2,4769470000"
"202100023853";"14";"08";"2021";"19:00";"1";"91";"91174";"2";"1";"1";"6";"BD GEORGES MICHEL";"48,6076400000";"2,4703800000"
"202100023854";"10";"08";"2021";"17:30";"1";"91";"91521";"2";"1";"1";"6";"AUNETTE (AVENUE DE L')";"48,6386300000";"2,4150400000"
"202100023855";"22";"07";"2021";"15:26";"1";"87";"87085";"2";"2";"1";"3";"LEON ROCHE (RUE)";"45,8678100000";"1,1787000000"
"202100023856";"14";"08";"2021";"11:43";"1";"87";"87085";"2";"1";"1";"6";"GARIBALDI (AVENUE)";"45,8395700000";"1,2579000000"
"202100023857";"13";"08";"2021";"18:31";"1";"87";"87085";"2";"1";"1";"3";"BORIE (BOULEVARD DE LA)";"45,8439300000";"1,2402200000"
"202100023858";"6";"08";"2021";"07:00";"2";"84";"84007";"2";"2";"1";"5";"PIERRE SEMARD (avenue)";"43,9341800000";"4,8314100000"
"202100023859";"15";"08";"2021";"06:15";"2";"83";"83069";"2";"1";"1";"1";"VILLETTE ( CHEMIN DE LA )";"43,1083966694";"6,1236032555"
"202100023860";"26";"07";"2021";"21:12";"2";"77";"77241";"1";"2";"2";"3";"CD 404";"49,0130400000";"2,7001700000"
"202100023861";"15";"08";"2021";"19:10";"1";"77";"77114";"1";"1";"1";"6";"D35";"48,7164410000";"2,6702170000"
"202100023862";"14";"08";"2021";"20:45";"1";"76";"76341";"2";"3";"1";"3";"FRIEDRICH ENGELS";"49,5132100000";"0,1935000000"
"202100023863";"13";"08";"2021";"14:30";"1";"76";"76351";"2";"2";"1";"3";"GERANIUMS (DES)";"49,5053700000";"0,1633500000"
"202100023864";"16";"08";"2021";"17:50";"1";"76";"76217";"2";"9";"1";"6";"Boulevard du General de Gaulle";"49,9237999923";"1,0812393836"
"202100023865";"13";"08";"2021";"04:20";"5";"74";"74012";"2";"1";"1";"5";"ETREMBIERES (ROUTE D')";"46,1891400000";"6,2331100000"
"202100023866";"16";"08";"2021";"19:25";"1";"72";"72181";"2";"1";"1";"7";"BOLLEE (AV) NÂ° PAIRS 154 A 222";"47,9976500000";"0,2150500000"
"202100023867";"15";"08";"2021";"20:55";"1";"71";"71076";"2";"2";"1";"3";"DENON (RUE)";"46,7832346480";"4,8510114831"
"202100023868";"15";"08";"2021";"13:50";"1";"71";"71118";"2";"3";"1";"3";"FRANCHET D'ESPEREY (AVENUE)";"46,7934300000";"4,8236770000"
"202100023869";"16";"08";"2021";"17:10";"1";"69";"69264";"2";"6";"1";"3";"FRANS (DE) (RTE)";"45,9839813648";"4,7436904907"
"202100023870";"15";"08";"2021";"20:30";"2";"67";"67482";"2";"1";"1";"6";"AUGUSTIN FRESNEL (RUE)";"48,6053100000";"7,7188700000"
"202100023871";"14";"08";"2021";"17:55";"1";"67";"67267";"2";"1";"1";"6";"PRES (RUE DES)";"48,5592200000";"7,6916100000"
"202100023872";"13";"08";"2021";"21:35";"4";"67";"67447";"2";"1";"1";"7";"PAIX (RUE DE LA)";"48,6062200000";"7,7294200000"
"202100023873";"13";"08";"2021";"18:10";"1";"67";"67482";"2";"8";"1";"6";"ROMAINS (ROUTE DES)";"48,5797600000";"7,7171100000"
"202100023874";"16";"08";"2021";"15:45";"1";"65";"65440";"2";"1";"1";"6";"SAINT-EXUPERY (AVENUE ANTOINE DE)";"43,2441100000";"0,0665800000"
"202100023875";"16";"08";"2021";"11:15";"1";"65";"65440";"2";"6";"8";"6";"KENNEDY (BOULEVARD DU PRESIDENT JOHN)";"43,2191000000";"0,0791000000"
"202100023876";"15";"08";"2021";"09:30";"1";"64";"64545";"1";"1";"1";"3";"BRETELLE DE LAUTOROUTE RD 913";"43,3775600000";" -1,6871500000"
"202100023877";"16";"08";"2021";"12:10";"1";"64";"64024";"2";"1";"1";"3";"ADOUR (AVENUE DE L')";"43,5132200000";" -1,5002000000"
"202100023878";"14";"08";"2021";"14:10";"1";"63";"63224";"1";"1";"1";"6";"RD 6";"45,8661500000";"3,1441100000"
"202100023879";"31";"07";"2021";"03:20";"5";"62";"62186";"2";"1";"2";"6";"SAGNOL (R MACEL)";"50,4408120000";"2,7143900000"
"202100023880";"16";"08";"2021";"15:25";"1";"59";"59350";"2";"1";"8";"6";"LORRAINE BOULEVARD";"50,6336100000";"3,0386900000"
"202100023881";"17";"07";"2021";"14:10";"1";"59";"59350";"2";"2";"1";"7";"LIBERTE BVD NÂ°2 - 90-51 - 145";"50,6345000000";"3,0566400000"
"202100023882";"14";"08";"2021";"06:35";"5";"57";"57672";"2";"1";"1";"6";"SAINT-CHARLES";"49,3493500000";"6,1540600000"
"202100023883";"14";"08";"2021";"08:35";"1";"49";"49328";"2";"1";"1";"6";"MAYAUD (QUAI)";"47,2599700000";" -0,0742400000"
"202100023884";"12";"08";"2021";"15:00";"1";"49";"49328";"2";"1";"1";"2";"MARNE (BOULEVARD DE LA) D 93";"47,2498100000";" -0,0791300000"
"202100023885";"14";"08";"2021";"21:11";"1";"49";"49007";"2";"1";"1";"7";"BARANGE BOULEVARD";"47,4575700000";" -0,5727100000"
"202100023886";"16";"08";"2021";"15:20";"1";"45";"45234";"2";"1";"2";"6";"Square Charles PÃ©guy";"47,9008075328";"1,9195048186"
"202100023887";"11";"08";"2021";"19:20";"1";"43";"43157";"2";"1";"1";"2";"6 Avenue de la Dentelle";"45,0418800000";"3,8886000000"
"202100023888";"15";"08";"2021";"10:35";"1";"41";"41295";"1";"1";"1";"7";"D951";"47,6028600000";"1,3746200000"
"202100023889";"16";"08";"2021";"13:00";"1";"37";"37261";"2";"3";"1";"3";"HUYGENS (RUE CHRISTIAN)";"47,4370792171";"0,7081908213"
"202100023890";"16";"08";"2021";"14:40";"1";"33";"33529";"2";"1";"1";"3";"DE GAULLE ( AVE CHARLES) 01 AU 85";"44,6334900000";" -1,1416100000"
"202100023891";"16";"08";"2021";"09:45";"1";"31";"31555";"2";"3";"1";"3";"BD LAZARE CARNOT";"43,6036900000";"1,4508400000"
"202100023892";"16";"08";"2021";"15:52";"1";"26";"26198";"2";"1";"1";"3";"7 Rue Joliot Curie";"44,5511300000";"4,7446800000"
"202100023893";"14";"08";"2021";"09:45";"1";"25";"25056";"2";"1";"1";"6";"BLUM BOULEVARD LEON (entre 51 ET  90)";"47,2615700000";"6,0360400000"
"202100023894";"16";"08";"2021";"10:10";"1";"17";"17306";"2";"2";"1";"3";"CENDRILLES (DES)";"45,6481740000";" -1,0341860000"
"202100023895";"16";"08";"2021";"08:55";"1";"17";"17300";"2";"1";"1";"1";"NORMANDIN   RUE EMILE";"46,1507230000";" -1,1464190000"
"202100023896";"14";"08";"2021";"13:50";"1";"15";"15012";"1";"1";"1";"1";"RD 920";"44,8427800000";"2,4773550000"
"202100023897";"15";"08";"2021";"05:00";"5";"14";"14118";"2";"1";"1";"7";"Quai de la Londe";"49,1835800000";" -0,3542800000"
"202100023898";"15";"08";"2021";"06:01";"4";"14";"14341";"2";"1";"1";"6";"N814";"49,1462800000";" -0,3294100000"
"202100023899";"16";"08";"2021";"16:40";"1";"13";"13216";"2";"1";"1";"2";"RABELAIS (RUE)";"43,3604152058";"5,3299222023"
"202100023900";"15";"08";"2021";"10:50";"1";"13";"13204";"2";"3";"1";"3";"TROIS FRERES CARASSO (RUE)";"43,3043196653";"5,3998980690"
"202100023901";"13";"08";"2021";"13:00";"1";"12";"12202";"2";"6";"1";"2";"GIRATOIRE SAINT LOUIS ( AVENUE DE VABRES";"44,3650300000";"2,5742500000"
"202100023902";"15";"08";"2021";"17:41";"1";"10";"10387";"2";"1";"1";"6";"CAMILLE CLAUDEL (RUE)";"48,2931000000";"4,0810000000"
"202100023903";"15";"08";"2021";"05:59";"2";"10";"10362";"2";"1";"1";"3";"GENERAL LECLERC (RUE DU)";"48,2913000000";"4,0297000000"
"202100023904";"16";"08";"2021";"20:30";"1";"06";"06069";"2";"1";"1";"3";"GARAGAI (CHEMIN DU)";"43,6410510000";"6,9798460000"
"202100023905";"16";"08";"2021";"08:30";"1";"06";"06029";"2";"1";"1";"1";"LYON (AVENUE DE)";"43,5650200000";"7,0194400000"
"202100023906";"15";"08";"2021";"17:35";"1";"05";"05061";"1";"1";"1";"3";"RD944";"44,6115600000";"6,1248400000"
"202100023907";"16";"08";"2021";"10:10";"1";"75";"75115";"2";"1";"1";"2";"BD PERIPHERIQUE INTERIEUR";"48,8305800000";"2,2828500000"
"202100023908";"13";"08";"2021";"12:35";"1";"75";"75119";"2";"1";"1";"3";"PORTE DE LA VILLETTE";"48,9003550000";"2,3821030000"
"202100023909";"16";"08";"2021";"12:30";"1";"75";"75110";"2";"3";"1";"3";"BOULEVARD DE LA VILLETTE";"48,8815220000";"2,3700610000"
"202100023910";"15";"08";"2021";"03:30";"5";"75";"75114";"2";"4";"1";"6";"AVENUE DU MAINE";"48,8314608054";"2,3253800506"
"202100023911";"15";"08";"2021";"19:57";"1";"75";"75112";"2";"1";"1";"3";"PONT D AUSTERLITZ";"48,8451400000";"2,3663840000"
"202100023912";"16";"08";"2021";"15:20";"1";"75";"75110";"2";"3";"8";"3";"RUE DU FAUBOURG SAINT MARTIN";"48,8757700000";"2,3603000000"
"202100023913";"16";"08";"2021";"00:40";"5";"75";"75101";"2";"2";"1";"3";"PLACE DU CHATELET";"48,8572384368";"2,3471130612"
"202100023914";"16";"08";"2021";"13:30";"1";"94";"94074";"2";"1";"1";"6";"Avenue du RÃ» de Gironde";"48,7463300000";"2,4630300000"
"202100023915";"16";"08";"2021";"19:50";"1";"94";"94022";"2";"1";"1";"2";"Boulevard des AlliÃ©s";"48,7665510000";"2,4042160000"
"202100023916";"16";"08";"2021";"15:20";"1";"94";"94047";"2";"1";"1";"3";"Rue de Verdun";"48,7059500000";"2,5534200000"
"202100023917";"16";"08";"2021";"20:20";"2";"93";"93051";"2";"2";"1";"3";"VINGT SIX AOUT 1944";"48,8470500000";"2,5261600000"
"202100023918";"16";"08";"2021";"09:20";"1";"93";"93033";"2";"3";"8";"3";"JOFFRE (AVENUE)";"48,8622000000";"2,5786100000"
"202100023919";"16";"08";"2021";"17:00";"1";"93";"93048";"2";"1";"1";"1";"Rue des Caillots";"48,8666500000";"2,4424400000"
"202100023920";"16";"08";"2021";"19:10";"1";"93";"93027";"2";"1";"1";"6";"Boulevard Pasteur";"48,9246400000";"2,3844000000"
"202100023921";"15";"08";"2021";"18:30";"1";"92";"92047";"2";"1";"1";"6";"VERSAILLES (RUE DE)";"48,8302611801";"2,1773461998"
"202100023922";"27";"07";"2021";"11:20";"1";"92";"92064";"2";"1";"1";"2";"REPUBLIQUE";"48,8444027396";"2,2087025642"
"202100023923";"14";"08";"2021";"13:00";"1";"92";"92063";"2";"2";"1";"3";"COLMAR (AVENUE DE)";"48,8871874850";"2,1795214713"
"202100023924";"10";"08";"2021";"19:00";"1";"92";"92063";"2";"3";"1";"3";"RICHELIEU (BOULEVARD)";"48,8705500000";"2,1842200000"
"202100023925";"15";"08";"2021";"22:55";"5";"92";"92020";"2";"1";"1";"3";"PARIS AVENUE DE NÂ° IMPAIRS";"48,8049313351";"2,2900423392"
"202100023926";"11";"08";"2021";"18:10";"1";"92";"92036";"2";"1";"1";"2";"LOUIS ROCHE (AVENUE) (46/148)";"48,9294450223";"2,3097413778"
"202100023927";"16";"08";"2021";"17:40";"1";"92";"92012";"2";"1";"1";"6";"JEAN JAURES (BOULEVARD) 63/215 - 70/208";"48,8366383057";"2,2417928967"
"202100023928";"16";"08";"2021";"11:00";"1";"22";"22065";"1";"1";"1";"1";"RD09";"48,6213712855";" -2,9992746061"
"202100023929";"17";"08";"2021";"08:55";"1";"95";"95134";"1";"9";"1";"2";"D301";"49,1422810000";"2,2517140000"
"202100023930";"16";"08";"2021";"23:20";"3";"23";"23169";"1";"1";"1";"1";"D942";"46,1299540000";"1,9434000000"
"202100023931";"16";"08";"2021";"13:35";"1";"28";"28388";"2";"1";"1";"1";"D910, rue nationale";"48,3825140000";"1,4467510000"
"202100023932";"16";"08";"2021";"20:30";"3";"83";"83057";"1";"1";"1";"3";"RN 7";"43,3809420000";"6,2429380000"
"202100023933";"17";"08";"2021";"15:25";"1";"77";"77109";"1";"6";"1";"6";"D231";"48,6216050000";"3,1955520000"
"202100023934";"17";"08";"2021";"11:10";"1";"76";"76735";"1";"1";"1";"1";"D4";"49,8548910000";"0,7758020000"
"202100023935";"16";"08";"2021";"14:55";"1";"79";"79010";"1";"3";"1";"7";"Route du Vanneau";"46,2967180000";" -0,6725800000"
"202100023936";"14";"08";"2021";"17:30";"1";"80";"80709";"1";"1";"1";"6";"Rue de Frettecuisse";"49,9126320000";"1,8246910000"
"202100023937";"17";"08";"2021";"16:30";"1";"11";"11103";"2";"1";"1";"6";"Route des PyrÃ©nÃ©es";"42,9440890000";"2,2564510000"
"202100023938";"16";"08";"2021";"19:00";"1";"11";"11209";"1";"1";"1";"5";"D118";"42,9698330000";"2,2593800000"
"202100023939";"16";"08";"2021";"16:25";"1";"63";"63003";"1";"1";"1";"7";"Cleurettes Nord";"45,5791670000";"3,7375300000"
"202100023940";"16";"08";"2021";"12:20";"1";"61";"61456";"1";"1";"1";"5";"D919";"48,7859860000";"0,6336450000"
"202100023941";"10";"08";"2021";"12:15";"1";"47";"47214";"1";"1";"1";"7";"Route de Tonneins";"44,3253830000";"0,2776300000"
"202100023942";"28";"07";"2021";"11:10";"1";"41";"41164";"2";"2";"1";"3";"rue de Tours";"47,2819440000";"1,3751150000"
"202100023943";"16";"08";"2021";"15:10";"1";"39";"39526";"1";"1";"1";"7";"N/A";"47,0380580000";"5,4147790000"
"202100023944";"14";"08";"2021";"12:40";"1";"44";"44126";"2";"1";"1";"3";"Rue du GÃ©nrÃ©al de Gaulle";"47,1449440000";" -2,1826500000"
"202100023945";"26";"07";"2021";"22:20";"2";"29";"29201";"1";"1";"1";"7";"Lieu Dit Kerbizivin";"48,3920820000";" -4,7357080000"
"202100023946";"1";"07";"2021";"20:00";"1";"29";"29201";"1";"1";"1";"1";"Lieu Dit Kerouman Coz";"48,4133800000";" -4,7149800000"