"Num_Acc";"jour";"mois";"an";"hrmn";"lum";"dep";"com";"agg";"int";"atm";"col";"adr";"lat";"long"
"202100023947";"10";"08";"2021";"15:10";"1";"29";"29165";"2";"1";"1";"3";"Rue Pasteur";"47,7986740000";" -4,2144160000"
"202100023948";"12";"08";"2021";"12:30";"1";"38";"38480";"1";"1";"1";"1";"route dÃ©partementale 75";"45,5615100000";"4,9813990000"
"202100023949";"16";"08";"2021";"13:22";"1";"38";"38150";"2";"1";"1";"7";"Route de Savoie";"45,2080910000";"5,8503380000"
"202100023950";"17";"08";"2021";"18:30";"1";"01";"01036";"2";"1";"1";"1";"CHAMPDOSSIN - BELMONT LUTHEZIEU";"45,8757060000";"5,6648040000"
"202100023951";"17";"08";"2021";"11:55";"1";"72";"72054";"2";"1";"1";"1";"1 rue marie curie";"48,0207590000";"0,3305020000"
"202100023952";"17";"08";"2021";"13:30";"1";"06";"06059";"2";"1";"1";"3";"M6007";"43,7297390000";"7,3582650000"
"202100023953";"15";"08";"2021";"09:20";"1";"50";"50589";"1";"2";"1";"3";"N175";"48,5773580000";" -1,4483710000"
"202100023954";"16";"08";"2021";"18:15";"1";"64";"64475";"1";"1";"1";"7";"D113 PK 7";"43,0082400000";" -0,8518700000"
"202100023955";"16";"08";"2021";"11:09";"1";"10";"10433";"1";"1";"1";"6";"route departementale 81";"48,2139210000";"4,4111820000"
"202100023956";"16";"08";"2021";"20:40";"2";"85";"85127";"2";"1";"1";"6";"Rue des Bourbes";"46,4029660000";" -1,4869630000"
"202100023957";"16";"08";"2021";"11:00";"1";"85";"85047";"2";"1";"1";"3";"Le Clousis";"46,8106490000";" -1,8338800000"
"202100023958";"16";"08";"2021";"19:00";"1";"30";"30269";"1";"3";"1";"3";"Departementale 907";"44,1122500000";"3,8629900000"
"202100023959";"16";"08";"2021";"07:50";"1";"88";"88306";"1";"1";"1";"3";"RD424";"48,4011860000";"7,0168700000"
"202100023960";"16";"08";"2021";"08:00";"1";"72";"72328";"1";"1";"1";"7";"A11 - PK 150.000";"48,0531360000";"0,2624060000"
"202100023961";"16";"08";"2021";"13:40";"1";"51";"51027";"1";"1";"8";"7";"A4";"49,0600200000";"4,7051100000"
"202100023962";"14";"08";"2021";"19:35";"5";"11";"11170";"2";"7";"1";"6";"Avenue des Noctambules";"43,1149530000";"3,1064920000"
"202100023963";"16";"08";"2021";"23:30";"3";"77";"77431";"1";"1";"1";"5";"Autoroute A6 au point kilomÃ©trique 070.650 dans le sens LYON vers PARIS";"48,2868980000";"2,6913610000"
"202100023964";"17";"08";"2021";"03:35";"3";"988";"98811";"1";"1";"1";"6";"RT1 Ã  hauteur du garage Nord MOTORS";" -21,0894450000";"164,8830910000"
"202100023965";"17";"08";"2021";"17:20";"2";"988";"98817";"2";"3";"1";"7";"RPS2/RUE LOUIS THEODORE BERARD";" -22,2501440000";"166,5665160000"
"202100023966";"10";"08";"2021";"17:30";"1";"66";"66210";"2";"1";"1";"6";"9 Avenue de la Padrouze";"42,6414943543";"2,7568607709"
"202100023967";"2";"08";"2021";"16:25";"1";"34";"34199";"2";"1";"1";"6";"avenue du MarÃ©chal Leclerc";"43,4602670000";"3,4260770000"
"202100023968";"17";"08";"2021";"18:50";"1";"83";"83035";"1";"1";"7";"1";"Route des Hauts du Camp";"43,2422490000";"5,8011570000"
"202100023969";"15";"08";"2021";"16:30";"1";"05";"05058";"2";"1";"1";"6";"pallon";"44,7377229930";"6,5665207070"
"202100023970";"17";"08";"2021";"00:14";"3";"70";"70455";"1";"1";"8";"6";"Rue de l AÃ©rodrome";"47,6883520000";"6,5367260000"
"202100023971";"17";"08";"2021";"19:15";"1";"03";"03298";"1";"1";"1";"7";"Nationale 7";"46,3121080000";"3,3893250000"
"202100023972";"17";"08";"2021";"16:40";"1";"73";"73232";"1";"1";"1";"3";"D902";"45,5691710000";"6,8886420000"
"202100023973";"13";"08";"2021";"07:00";"1";"01";"01043";"2";"6";"1";"3";"intersection d1084 et d1084A";"45,8333440000";"4,9935870000"
"202100023974";"15";"08";"2021";"19:00";"1";"69";"69085";"2";"3";"1";"4";"LYON (DE) (RTE)";"45,8625910000";"4,8406740000"
"202100023975";"17";"08";"2021";"05:30";"5";"17";"17308";"1";"9";"1";"7";"D733";"45,8787610000";" -0,9646910000"
"202100023976";"15";"08";"2021";"21:45";"3";"13";"13001";"1";"9";"1";"2";"A51-Sens Marseille vers Aix en Provence";"43,5118100000";"5,4232300000"
"202100023977";"15";"08";"2021";"21:30";"3";"01";"01249";"1";"1";"8";"2";"A42   6.290 A 8.310";"45,8163500000";"4,9726600000"
"202100023978";"16";"08";"2021";"19:00";"1";"33";"33397";"1";"1";"1";"5";"N/A";"44,9221100000";" -0,4745580000"
"202100023979";"15";"08";"2021";"08:25";"1";"33";"33143";"1";"1";"1";"2";"N/A";"44,9621310000";" -0,4430880000"
"202100023980";"15";"08";"2021";"01:14";"3";"91";"91689";"1";"1";"1";"4";"AUTOROUTE A6B";"48,7480230000";"2,3273950000"
"202100023981";"16";"08";"2021";"15:30";"1";"92";"92064";"1";"1";"1";"7";"A13";"48,8397442438";"2,2019797335"
"202100023982";"16";"08";"2021";"06:30";"2";"95";"95241";"1";"1";"1";"6";"RN 104";"49,0476800000";"2,4663700000"
"202100023983";"15";"08";"2021";"19:24";"1";"17";"17306";"2";"1";"1";"6";"FONCILLON (FACADE DE)";"45,6200920000";" -1,0344300000"
"202100023984";"15";"08";"2021";"16:45";"1";"974";"97409";"1";"1";"1";"1";"BOIS ROUGE (chemin du)";" -20,9198300000";"55,6375700000"
"202100023985";"14";"08";"2021";"13:05";"1";"973";"97302";"2";"1";"1";"2";"MADELEINE (ROUTE DE LA)";"4,9152900000";" -52,3210100000"
"202100023986";"14";"08";"2021";"10:55";"1";"973";"97302";"2";"1";"1";"3";"COLLERY (ZONE INDUSTRIELLE)";"4,9379088825";" -52,3324735165"
"202100023987";"15";"08";"2021";"12:00";"1";"69";"69259";"2";"1";"1";"6";"MARCEL PAUL (AV)";"45,6989700000";"4,8822110000"
"202100023988";"15";"08";"2021";"16:12";"1";"972";"97209";"1";"1";"2";"6";"RD 41 (ROCADE)";"14,6052000000";" -61,0884700000"
"202100023989";"15";"08";"2021";"05:05";"3";"972";"97209";"1";"1";"1";"6";"RN9";"14,5975800000";" -61,0542400000"
"202100023990";"14";"08";"2021";"08:00";"1";"972";"97209";"2";"1";"1";"6";"BISHOP (Avenue Maurice)";"14,6038200000";" -61,0636300000"
"202100023991";"14";"08";"2021";"19:50";"1";"69";"69389";"2";"1";"1";"7";"DOCKS (DES) (R)";"45,7854599494";"4,8106032145"
"202100023992";"15";"08";"2021";"18:45";"1";"2B";"2B033";"2";"1";"1";"2";"11 - RT";"42,6777400000";"9,4449200000"
"202100023993";"14";"08";"2021";"20:00";"2";"2B";"2B037";"2";"6";"1";"3";"TOUTES RUES";"42,6290300000";"9,4376400000"
"202100023994";"15";"08";"2021";"07:58";"1";"2B";"2B033";"2";"1";"1";"2";"11 - RT";"42,6723200000";"9,4438300000"
"202100023995";"15";"08";"2021";"15:20";"1";"95";"95680";"2";"1";"1";"6";"RD 316";"49,0103880000";"2,3841540000"
"202100023996";"15";"08";"2021";"21:30";"5";"95";"95582";"2";"4";"1";"3";"RD 14";"48,9746914134";"2,2502848506"
"202100023997";"15";"08";"2021";"17:00";"1";"88";"88409";"2";"3";"1";"3";"RUE DE LA GARE";"48,0201090000";"6,6661200000"
"202100023998";"12";"08";"2021";"14:30";"1";"83";"83123";"2";"1";"1";"2";"BANDOL (ROUTE)NÂ° PAIRS";"43,1306900000";"5,7819200000"
"202100023999";"15";"08";"2021";"18:15";"1";"83";"83069";"2";"1";"1";"6";"MARINE (BOULEVARD DE LA)";"43,0932750000";"6,1635660000"
"202100024000";"15";"08";"2021";"09:10";"1";"82";"82121";"2";"3";"1";"3";"CARMET (RUE JEAN)";"44,0091600000";"1,3762900000"
"202100024001";"14";"08";"2021";"16:30";"1";"76";"76476";"1";"8";"1";"6";"KENNEDY (AVENUE)";"49,4823642033";"0,5546164513"
"202100024002";"13";"08";"2021";"15:49";"1";"73";"73011";"1";"1";"1";"3";"BEAUFORT (ANCIENNE ROUTE DE)";"45,6852000000";"6,4044000000"
"202100024003";"9";"08";"2021";"19:20";"1";"73";"73008";"2";"3";"1";"6";"EAUX VIVES CHEMIN DES";"45,6984051034";"5,8970839381"
"202100024004";"14";"08";"2021";"18:05";"1";"69";"69266";"2";"3";"1";"3";"LAURENT BONNEVAY (BD)";"45,7876300000";"4,8812600000"
"202100024005";"14";"08";"2021";"08:48";"1";"69";"69256";"2";"1";"1";"6";"GABRIEL PERI (AV)";"45,7714993485";"4,9086919427"
"202100024006";"14";"08";"2021";"12:00";"1";"69";"69264";"2";"9";"1";"3";"CONDORCET (R)";"45,9849000000";"4,7301600000"
"202100024007";"15";"08";"2021";"05:30";"2";"59";"59426";"2";"1";"1";"6";"BRIQUETERIE (RUE)";"50,7477900000";"3,1725100000"
"202100024008";"15";"08";"2021";"21:00";"2";"59";"59122";"2";"2";"1";"6";"PARIS (AVENUE DE)";"50,1610200000";"3,2259400000"
"202100024009";"12";"08";"2021";"11:29";"1";"51";"51230";"2";"2";"1";"3";"Rue LÃ©ger Bertin";"49,0417261832";"3,9502387139"
"202100024010";"14";"08";"2021";"12:30";"1";"45";"45147";"2";"1";"1";"6";"159 Rue Marcelin Berthelot";"47,9303024354";"1,9160762429"
"202100024011";"14";"08";"2021";"20:35";"1";"37";"37261";"2";"1";"1";"7";"CHAUTEMPS (AVENUE CAMILLE)";"47,3799375958";"0,7265836356"
"202100024012";"16";"08";"2021";"02:55";"5";"33";"33069";"2";"1";"1";"2";"Boulevard Pierre 1er";"44,8539800000";" -0,5934300000"
"202100024013";"14";"08";"2021";"16:30";"1";"33";"33529";"2";"1";"1";"2";"OCEAN (BD DE L')";"44,6190700000";" -1,2016400000"
"202100024014";"15";"08";"2021";"13:00";"1";"29";"29019";"2";"1";"1";"6";"Rue de lâAnse Saupin";"48,3972645269";" -4,5150622918"
"202100024015";"30";"08";"2021";"15:40";"1";"29";"29019";"2";"1";"1";"7";"Avenue Victor le Gorgeu";"48,4018360000";" -4,5021330000"
"202100024016";"15";"08";"2021";"08:10";"1";"28";"28134";"2";"1";"1";"1";"BOIS SABOT (RUE DU)";"48,7386000000";"1,3607200000"
"202100024017";"31";"07";"2021";"03:30";"5";"22";"22113";"2";"6";"1";"7";"RESISTANCE (AVENUE DE LA)";"48,7466792420";" -3,4614993116"
"202100024018";"14";"08";"2021";"16:45";"1";"15";"15012";"1";"1";"1";"7";"Lieu Dit le Croizet";"44,8739240000";"2,4770490000"
"202100024019";"15";"08";"2021";"19:00";"1";"14";"14118";"2";"3";"1";"3";"Rue Jean Romain";"49,1787300000";" -0,3612200000"
"202100024020";"15";"08";"2021";"03:45";"5";"13";"13213";"2";"1";"1";"1";"OLIVES (AVENUE DES)";"43,3249300000";"5,4423300000"
"202100024021";"9";"08";"2021";"10:30";"1";"03";"03190";"2";"1";"1";"3";"PARIS (ROUTE ET RUE)";"46,5733400000";"3,3258700000"
"202100024022";"15";"08";"2021";"16:45";"1";"75";"75114";"2";"4";"1";"4";"BD PERIPHERIQUE EXTERIEUR SUD";"48,8192860000";"2,3288900000"
"202100024023";"13";"08";"2021";"23:23";"5";"75";"75114";"2";"3";"1";"6";"AVENUE DU GENERAL LECLERC";"48,8322350000";"2,3305990000"
"202100024024";"14";"08";"2021";"12:00";"1";"75";"75120";"2";"5";"1";"3";"RUE DES PYRENEES";"48,8562025326";"2,4049311175"
"202100024025";"15";"08";"2021";"22:00";"5";"75";"75118";"2";"3";"1";"3";"RUE LAGILLE";"48,8946160000";"2,3291040000"
"202100024026";"15";"08";"2021";"15:30";"1";"75";"75118";"2";"2";"1";"6";"BOULEVARD BARBES";"48,8904960000";"2,3496450000"
"202100024027";"15";"08";"2021";"17:55";"1";"75";"75116";"2";"2";"1";"6";"AVENUE DE VERSAILLES";"48,8512690000";"2,2785530000"
"202100024028";"14";"08";"2021";"10:00";"1";"75";"75108";"2";"2";"1";"3";"RUE D ARTOIS";"48,8737060000";"2,3065290000"
"202100024029";"13";"08";"2021";"13:16";"1";"75";"75102";"2";"2";"1";"3";"RUE DU QUATRE SEPTEMBRE";"48,8691800000";"2,3386880000"
"202100024030";"14";"08";"2021";"20:45";"1";"75";"75107";"2";"1";"1";"4";"QUAI JACQUES CHIRAC";"48,8598720000";"2,2944490000"
"202100024031";"14";"08";"2021";"23:50";"5";"94";"94081";"2";"2";"1";"3";"REPUBLIQUE (AV DE LA)";"48,8024200000";"2,3973800000"
"202100024032";"15";"08";"2021";"17:45";"1";"94";"94043";"2";"3";"1";"3";"FONTAINEBLEAU (AV DE)";"48,8135100000";"2,3614300000"
"202100024033";"15";"08";"2021";"12:10";"1";"94";"94043";"2";"1";"1";"3";"JEAN MONET (R)";"48,8092600000";"2,3604600000"
"202100024034";"15";"08";"2021";"20:50";"2";"94";"94022";"2";"3";"1";"3";"Rue Pompadour";"48,7688000000";"2,4225400000"
"202100024035";"15";"08";"2021";"12:45";"1";"94";"94022";"2";"1";"1";"6";"Rue LÃ©on Blum";"48,7571000000";"2,4121000000"
"202100024036";"15";"08";"2021";"08:30";"2";"93";"93048";"2";"1";"1";"3";"LEO LAGRANGE (AVENUE)";"48,8766700000";"2,4543800000"
"202100024037";"15";"08";"2021";"11:30";"1";"93";"93001";"2";"2";"1";"1";"Rue Henri Barbusse / Rue Paul Bert";"48,9088450000";"2,3905940000"
"202100024038";"15";"08";"2021";"06:50";"1";"92";"92040";"2";"1";"1";"6";"STALINGRAD (QUAI DE)";"48,8227714237";"2,2534404220"
"202100024039";"15";"08";"2021";"11:15";"1";"54";"54411";"1";"1";"1";"7";"D6";"48,4834620000";"6,1869660000"
"202100024040";"16";"08";"2021";"09:45";"1";"06";"06031";"1";"9";"1";"6";"Tunnel de la Condamine";"43,7703160000";"7,3269040000"
"202100024041";"15";"08";"2021";"12:46";"1";"84";"84008";"1";"3";"1";"3";"D938";"44,1435410000";"5,1053300000"
"202100024042";"14";"08";"2021";"17:50";"1";"62";"62439";"1";"9";"1";"3";"888 Route du Ventu";"50,7990050000";"1,8722520000"
"202100024043";"14";"08";"2021";"05:30";"5";"66";"66021";"2";"6";"1";"1";"Avenue Noel Biosca";"42,7344379659";"2,9366091639"
"202100024044";"16";"08";"2021";"04:30";"3";"62";"62205";"1";"1";"1";"2";"D942";"50,7243260000";"2,3312690000"
"202100024045";"15";"08";"2021";"20:30";"2";"51";"51662";"2";"3";"1";"3";"Avenue de Rethel";"49,2942942187";"4,1259583797"
"202100024046";"16";"08";"2021";"19:30";"1";"19";"19223";"1";"1";"1";"7";"Route de la Borie Gauthier";"45,4666580000";"1,4705800000"
"202100024047";"6";"08";"2021";"12:40";"1";"74";"74177";"1";"3";"1";"2";"RD 27";"46,0466120000";"6,1833070000"
"202100024048";"15";"08";"2021";"19:50";"1";"79";"79216";"1";"3";"1";"6";"N/A";"46,2397170000";" -0,3119520000"
"202100024049";"15";"08";"2021";"18:07";"1";"65";"65261";"1";"1";"1";"6";"route d'auch";"43,2383732343";"0,4935460159"
"202100024050";"9";"08";"2021";"14:00";"1";"71";"71520";"2";"1";"1";"1";"Rue Louis VerchÃ¨re";"46,7346945818";"4,8374078983"
"202100024051";"13";"08";"2021";"04:20";"3";"41";"41168";"1";"1";"5";"6";"Route de Vierzon";"47,2862020000";"2,1107050000"
"202100024052";"16";"08";"2021";"06:50";"1";"34";"34332";"1";"1";"1";"1";"RD612A";"43,3194010000";"3,4278310000"
"202100024053";"14";"08";"2021";"19:50";"1";"25";"25040";"1";"1";"1";"7";"D463";"47,5080340000";"6,9331560000"
"202100024054";"21";"06";"2021";"19:15";"1";"29";"29018";"1";"1";"1";"6";"Lieu Dit Kerflaconnier";"48,3513701228";" -3,8490495667"
"202100024055";"16";"08";"2021";"16:45";"1";"38";"38269";"1";"9";"1";"6";"ZI Les Marais (Plateforme)";"44,9325650000";"5,7827570000"
"202100024056";"16";"08";"2021";"14:16";"1";"02";"02714";"1";"9";"1";"1";"N31(pk26+452)";"49,3711160000";"3,4344210000"
"202100024057";"14";"08";"2021";"14:05";"1";"03";"03118";"1";"1";"1";"6";"ZA des Pres Liats";"46,1060480000";"3,1509790000"
"202100024058";"15";"08";"2021";"03:45";"3";"85";"85246";"1";"1";"1";"2";"A83";"46,7373080000";" -1,1592570000"
"202100024059";"16";"08";"2021";"07:00";"1";"70";"70567";"1";"1";"1";"7";"D96";"47,5440690000";"6,6491590000"
"202100024060";"15";"08";"2021";"12:15";"1";"66";"66106";"1";"3";"1";"3";"RD 900";"42,5009260000";"2,8211470000"
"202100024061";"13";"08";"2021";"16:30";"1";"14";"14431";"2";"1";"1";"7";"D252";"49,0680810000";" -0,0862650000"
"202100024062";"15";"08";"2021";"15:30";"1";"14";"14209";"1";"2";"1";"3";"D207";"49,2562460000";" -0,8167920000"
"202100024063";"16";"08";"2021";"19:10";"1";"50";"50539";"1";"1";"1";"3";"Rue des Hommets";"49,6734460000";" -1,3846210000"
"202100024064";"15";"08";"2021";"15:30";"1";"36";"36158";"1";"1";"1";"6";"N/A";"46,5314030000";"1,6283800000"
"202100024065";"14";"08";"2021";"13:50";"1";"07";"07260";"1";"1";"1";"7";"N/A";"44,6924210000";"4,7163100000"
"202100024066";"16";"08";"2021";"15:50";"1";"40";"40046";"1";"1";"1";"3";"Avenue de la Plage";"44,4373800000";" -1,2339230000"
"202100024067";"15";"08";"2021";"23:45";"3";"24";"24291";"1";"1";"1";"1";"Chemin de Gouny";"45,0549130000";"1,1565150000"
"202100024068";"16";"08";"2021";"17:30";"1";"04";"04204";"1";"1";"1";"7";"RD 4085";"43,8935170000";"6,4210580000"
"202100024069";"15";"08";"2021";"16:55";"1";"27";"27057";"2";"1";"1";"6";"3 Rue RenÃ© VallÃ©e";"49,0677110000";"1,0440780000"
"202100024070";"16";"08";"2021";"01:10";"3";"27";"27052";"2";"1";"1";"6";"Voie Verte (Piste cyclable)";"49,2381140000";"0,7086690000"
"202100024071";"15";"08";"2021";"20:20";"1";"28";"28195";"1";"1";"1";"6";"Rue de l Aqueduc";"48,5742330000";"1,6035100000"
"202100024072";"15";"08";"2021";"07:10";"1";"17";"17367";"1";"1";"1";"7";"D130";"45,9499470000";" -0,3355280000"
"202100024073";"14";"08";"2021";"15:15";"1";"08";"08214";"1";"1";"1";"7";"D 989";"50,0056430000";"4,7963050000"
"202100024074";"13";"08";"2021";"14:30";"1";"80";"80024";"1";"1";"1";"6";"A16";"49,9321250000";"2,2440170000"
"202100024075";"16";"08";"2021";"07:40";"1";"26";"26129";"1";"1";"1";"5";"Autoroute A 49 ";"45,0544080000";"5,1831000000"
"202100024076";"15";"08";"2021";"09:20";"1";"01";"01343";"1";"1";"1";"6";"Aire du MusÃ©e de la Bresse (Aire de repos)";"46,2799660000";"4,9826320000"
"202100024077";"16";"08";"2021";"11:45";"1";"973";"97309";"2";"1";"1";"3";"Route de RÃ©mire";"4,8989030000";" -52,2738720000"
"202100024078";"14";"08";"2021";"14:05";"1";"18";"18063";"1";"1";"1";"7";"Autoroute A71 PK231+100";"46,8799950000";"2,4216700000"
"202100024079";"12";"08";"2021";"16:00";"1";"976";"97603";"2";"1";"1";"3";"Route nationale 3, Nyambadao";" -12,8938860000";"45,2010420000"
"202100024080";"16";"08";"2021";"14:00";"1";"973";"97313";"1";"3";"1";"3";"Route du Galion - RN 2 PK 19+200";"4,7828440000";" -52,4226380000"
"202100024081";"15";"08";"2021";"18:45";"1";"971";"97125";"2";"1";"1";"6";"Route Touristique";"16,2449240000";" -61,3044300000"
"202100024082";"16";"08";"2021";"15:00";"1";"77";"77196";"1";"1";"1";"7";"N3 PK 11+500 sens Paris-Meaux";"48,9485380000";"2,7517370000"
"202100024083";"15";"08";"2021";"22:00";"3";"2A";"2A247";"1";"1";"1";"3";"RT 10 trinitÃ©";"41,6229500000";"9,2851640000"
"202100024084";"15";"08";"2021";"23:00";"5";"83";"83115";"2";"1";"1";"3";"36 Av du General Touzet du Vigier";"43,3176640000";"6,6658720000"
"202100024085";"16";"08";"2021";"10:00";"1";"03";"03113";"1";"1";"1";"7";"Lieu-Dit Pierre Encize";"46,0157030000";"3,6640690000"
"202100024086";"14";"08";"2021";"17:30";"1";"74";"74041";"2";"1";"1";"7";"Route de la Solitude";"46,2965810000";"6,6725150000"
"202100024087";"14";"08";"2021";"17:25";"1";"74";"74280";"2";"1";"1";"6";"R des Portiques";"45,8815970000";"6,3250540000"
"202100024088";"16";"08";"2021";"14:15";"1";"38";"38449";"1";"1";"1";"3";"Boulevard de la NoirÃ©e";"45,6406920000";"5,1101230000"
"202100024089";"14";"08";"2021";"12:25";"1";"07";"07312";"2";"1";"1";"1";"N/A";"45,1266600000";"4,7722460000"
"202100024090";"15";"08";"2021";"10:30";"1";"65";"65123";"1";"1";"1";"2";"hameau de gripp";"42,9454560000";"0,2206060000"
"202100024091";"15";"08";"2021";"13:00";"1";"17";"17307";"1";"1";"1";"7";"69 Route du Mortier";"45,6950030000";" -0,9088080000"
"202100024092";"14";"08";"2021";"19:30";"1";"24";"24080";"1";"2";"1";"3";"D53";"44,7071570000";"0,9236560000"
"202100024093";"15";"08";"2021";"17:45";"1";"53";"53119";"1";"1";"1";"7";"ROUTE DE LAVAL";"48,0339980000";" -0,7585070000"
"202100024094";"15";"08";"2021";"17:33";"1";"61";"61341";"1";"2";"1";"3";"Lieu dit ""la croix gaillard"" intersection RD 438 RD 1";"48,5004410000";"0,1232530000"
"202100024095";"15";"08";"2021";"19:55";"1";"60";"60589";"2";"1";"1";"1";"Rue Louis Saint Just";"49,2425600000";"2,4704080000"
"202100024096";"16";"08";"2021";"10:34";"1";"59";"59660";"2";"1";"1";"6";"Rue d Hem";"50,6356010000";"3,2227060000"
"202100024097";"15";"08";"2021";"18:55";"1";"13";"13055";"1";"1";"1";"2";"A507 sens Marseille - Aubagne";"43,2967300000";"5,4246000000"
"202100024098";"15";"08";"2021";"04:05";"3";"13";"13210";"1";"1";"1";"6";"A50-Sens Marseille vers Aubagne";"43,2850757795";"5,4214364290"
"202100024099";"14";"08";"2021";"15:07";"1";"69";"69283";"1";"1";"1";"6";"A46S 43.680 A 47.880";"45,6778210000";"4,9581000000"
"202100024100";"31";"07";"2021";"23:00";"3";"38";"38087";"1";"1";"1";"2";"A7";"45,5797400000";"4,8028100000"
"202100024101";"10";"08";"2021";"18:20";"1";"67";"67482";"1";"1";"1";"4";"M35";"48,5871700000";"7,7272600000"
"202100024102";"14";"08";"2021";"19:40";"1";"94";"94038";"1";"1";"1";"5";"AUTOROUTE A6A";"48,7891200000";"2,3444900000"
"202100024103";"15";"08";"2021";"16:45";"1";"93";"93048";"1";"1";"1";"4";"AUTOROUTE A86";"48,8669300000";"2,4820200000"
"202100024104";"15";"08";"2021";"02:10";"3";"95";"95277";"1";"1";"1";"7";"AUTOROUTE A3";"48,9756500000";"2,4898500000"
"202100024105";"14";"08";"2021";"20:30";"1";"95";"95394";"1";"1";"1";"6";"RN 184";"49,0510714607";"2,1919368565"
"202100024106";"14";"08";"2021";"17:50";"1";"93";"93064";"1";"1";"1";"3";"AUTOROUTE A86";"48,8775091635";"2,4774153900"
"202100024107";"14";"08";"2021";"11:30";"1";"38";"38185";"2";"2";"1";"6";"Boulevard Gambetta";"45,1890000000";"5,7227400000"
"202100024108";"14";"08";"2021";"22:10";"5";"17";"17299";"2";"2";"1";"6";"PELTIER RUE DU DOCTEUR";"45,9358450000";" -0,9644460000"
"202100024109";"13";"08";"2021";"15:20";"1";"974";"97407";"1";"1";"1";"2";"MONDON (AVENUE)";" -20,9349800000";"55,2995400000"
"202100024110";"14";"08";"2021";"22:15";"2";"69";"69199";"2";"1";"1";"6";"CHARLES PLASSE (R)";"45,7086300000";"4,8546300000"
"202100024111";"14";"08";"2021";"16:00";"1";"69";"69259";"2";"9";"1";"2";"AMBROISE CROIZAT                    (BD)";"45,7030300000";"4,8874100000"
"202100024112";"14";"08";"2021";"13:10";"1";"69";"69386";"2";"2";"1";"3";"CREQUI (DE) (R)";"45,7669600000";"4,8464150000"
"202100024113";"14";"08";"2021";"20:57";"1";"69";"69382";"2";"1";"1";"2";"BARRE (DE LA) (R)";"45,7577100000";"4,8351100000"
"202100024114";"14";"08";"2021";"18:25";"1";"69";"69389";"2";"1";"1";"6";"BALMONT (DE) (BD)";"45,7856200000";"4,8008600000"
"202100024115";"14";"08";"2021";"17:45";"1";"69";"69385";"2";"1";"1";"7";"TRION (DE) (R)";"45,7579000000";"4,8140200000"
"202100024116";"13";"08";"2021";"11:40";"1";"95";"95277";"1";"1";"1";"2";"RD 370";"48,9644700000";"2,4693600000"
"202100024117";"14";"08";"2021";"00:45";"3";"82";"82121";"2";"1";"1";"7";"PAULET (CHEMIN DE)";"44,0141410000";"1,3063910000"
"202100024118";"14";"08";"2021";"14:18";"1";"79";"79191";"2";"2";"1";"3";"28 Rue Jean de la Fontaine";"46,3189100000";" -0,4761500000"
"202100024119";"12";"08";"2021";"09:45";"1";"78";"78551";"1";"2";"1";"1";"CROIX DE NOAILLES";"48,9394800000";"2,0957800000"
"202100024120";"14";"08";"2021";"09:47";"1";"77";"77450";"2";"1";"1";"6";"CHE DU PATIS";"48,7190110000";"2,5895670000"
"202100024121";"14";"08";"2021";"08:30";"1";"76";"76540";"2";"2";"1";"3";"EUROPE. BOULEVARD DE L'";"49,4269200000";"1,0915000000"
"202100024122";"14";"08";"2021";"01:35";"5";"76";"76319";"2";"9";"1";"3";"LEGER. RUE FERNAND";"49,3499770580";"0,9984818101"
"202100024123";"13";"08";"2021";"15:40";"1";"71";"71059";"2";"1";"1";"3";"9 Rue Pasteur";"46,8110335875";"4,4763363640"
"202100024124";"14";"08";"2021";"21:10";"5";"69";"69256";"2";"1";"1";"4";"GENAS (DE) (RTE)";"45,7476461252";"4,9222705194"
"202100024125";"14";"08";"2021";"18:50";"1";"69";"69256";"2";"1";"1";"3";"FULGENCIO GIMENEZ (R)";"45,7518588207";"4,9217462540"
"202100024126";"14";"08";"2021";"17:45";"1";"68";"68297";"2";"1";"1";"3";"MICHELFELDEN ( RUE DE )";"47,5972080000";"7,5599540000"
"202100024127";"14";"08";"2021";"22:49";"5";"59";"59512";"2";"2";"1";"3";"ALMA  (RUE DE L)'";"50,6971760000";"3,1658790000"
"202100024128";"14";"08";"2021";"19:25";"1";"45";"45302";"2";"3";"1";"2";"D2020-PR 21 + 970";"47,9641600000";"1,8883600000"
"202100024129";"14";"08";"2021";"18:40";"1";"44";"44109";"2";"2";"1";"3";"RUE MEURIS";"47,2084700000";" -1,5740400000"
"202100024130";"14";"08";"2021";"08:10";"1";"31";"31069";"1";"1";"1";"2";"ECHANGEUR ST MICHEL (A621-RD901)";"43,6218380000";"1,3929220000"
"202100024131";"14";"08";"2021";"18:25";"1";"30";"30007";"1";"1";"1";"7";"ANDUZE (VIEILLE ROUTE D')";"44,0971600000";"4,0685700000"
"202100024132";"14";"08";"2021";"16:15";"1";"29";"29039";"1";"1";"1";"2";"N165";"47,9245291192";" -3,8940900564"
"202100024133";"14";"08";"2021";"14:40";"1";"25";"25462";"1";"1";"1";"3";"ETRACHES LES";"46,9242200000";"6,4004400000"
"202100024134";"13";"08";"2021";"23:45";"5";"25";"25056";"2";"2";"1";"3";"GAULLE BOULEVARD CHARLES";"47,2329980000";"6,0193230000"
"202100024135";"15";"08";"2021";"00:55";"3";"17";"17380";"1";"1";"1";"7";"COMBOTS D'ANSOINE (AVENUE DE)";"45,6635200000";" -1,1196700000"