"Num_Acc";"jour";"mois";"an";"hrmn";"lum";"dep";"com";"agg";"int";"atm";"col";"adr";"lat";"long"
"202100024136";"14";"08";"2021";"22:58";"5";"17";"17300";"2";"2";"1";"3";"ALBERT IER   RUE";"46,1664610000";" -1,1509150000"
"202100024137";"14";"08";"2021";"23:30";"5";"13";"13208";"2";"1";"1";"2";"JOSEPH VIDAL (AVENUE)";"43,2515336256";"5,3777968727"
"202100024138";"14";"08";"2021";"20:45";"2";"13";"13209";"2";"1";"1";"6";"SCHLOESING (BOULEVARD)";"43,2728100000";"5,4008800000"
"202100024139";"14";"08";"2021";"20:30";"1";"13";"13211";"2";"1";"1";"2";"VALBARELLE (BOULEVARD DE LA )";"43,2874879939";"5,4478899192"
"202100024140";"14";"08";"2021";"13:30";"1";"13";"13210";"2";"1";"1";"3";"CAPELETTE (AVENUE DE LA)";"43,2806796366";"5,4074904702"
"202100024141";"14";"08";"2021";"12:35";"1";"12";"12084";"2";"1";"1";"1";"COMTES D'ARMAGNAC (AVENUE DES)";"44,0843610000";"3,0573320000"
"202100024142";"14";"08";"2021";"13:15";"1";"11";"11069";"1";"4";"1";"1";"MEDIEVALE -VOIE-";"43,2032400000";"2,3740500000"
"202100024143";"14";"08";"2021";"18:45";"1";"10";"10265";"2";"2";"1";"3";"11 NOVEMBRE (RUE DU)";"48,3021100000";"4,0472700000"
"202100024144";"14";"08";"2021";"12:05";"1";"06";"06069";"2";"1";"1";"6";"RENOIR (AVENUE AUGUSTE)";"43,6817460000";"6,9612380000"
"202100024145";"14";"08";"2021";"16:00";"1";"75";"75118";"2";"1";"1";"4";"BD PERIPHERIQUE INTERIEUR";"48,9009310000";"2,3452970000"
"202100024146";"13";"08";"2021";"17:45";"1";"75";"75120";"2";"7";"1";"3";"PLACE DE LA PORTE DE BAGNOLET";"48,8646990000";"2,4086170000"
"202100024147";"14";"08";"2021";"10:20";"1";"75";"75118";"2";"3";"1";"6";"RUE ORDENER";"48,8902936739";"2,3583242775"
"202100024148";"13";"08";"2021";"11:15";"1";"75";"75114";"2";"1";"1";"6";"RUE DE LA SABLIERE";"48,8323240000";"2,3207690000"
"202100024149";"14";"08";"2021";"11:10";"1";"75";"75110";"2";"3";"1";"2";"RUE DU FAUBOURG DU TEMPLE";"48,8688269663";"2,3676234484"
"202100024150";"13";"08";"2021";"22:30";"5";"75";"75102";"2";"2";"1";"3";"BOULEVARD SAINT DENIS";"48,8693660000";"2,3542570000"
"202100024151";"14";"08";"2021";"12:15";"1";"75";"75102";"2";"2";"1";"3";"RUE DU QUATRE SEPTEMBRE";"48,8695370000";"2,3367970000"
"202100024152";"13";"08";"2021";"12:05";"1";"94";"94068";"2";"4";"1";"3";"Boulevard de CrÃ©teil";"48,8004200000";"2,4718100000"
"202100024153";"14";"08";"2021";"18:40";"1";"94";"94033";"2";"3";"1";"3";"ROGER SALENGRO (R)";"48,8483990616";"2,4876254797"
"202100024154";"12";"08";"2021";"19:00";"1";"94";"94002";"2";"5";"1";"7";"Rue Charles de Gaulle";"48,8145900000";"2,4119840000"
"202100024155";"14";"08";"2021";"19:00";"1";"93";"93048";"2";"1";"1";"3";"Bd Paul Vaillant Couturier";"48,8662300000";"2,4445900000"
"202100024156";"15";"08";"2021";"15:50";"1";"35";"35167";"1";"1";"1";"7";"Route du Breil";"47,8278150000";" -1,3292490000"
"202100024157";"14";"08";"2021";"17:50";"1";"11";"11079";"1";"1";"1";"7";"D 118";"43,4032858720";"2,2982668877"
"202100024158";"13";"08";"2021";"19:37";"1";"06";"06149";"2";"1";"1";"7";"Boulevard GÃ©nÃ©ral de Gaulle";"43,7409480000";"7,3112240000"
"202100024159";"29";"05";"2021";"19:35";"1";"45";"45092";"1";"3";"1";"6";"route des quatre croix  / RD 963";"47,9580340000";"2,6169990000"
"202100024160";"15";"08";"2021";"12:10";"1";"84";"84069";"1";"3";"1";"3";"D938";"44,1968110000";"5,1171880000"
"202100024161";"29";"06";"2021";"17:40";"1";"84";"84137";"1";"1";"1";"1";"D938";"44,2344800000";"5,0816730000"
"202100024162";"15";"08";"2021";"16:30";"1";"83";"83019";"1";"1";"1";"3";"Route du Baguier";"43,1559314827";"6,3460830622"
"202100024163";"15";"08";"2021";"10:50";"1";"30";"30334";"1";"1";"1";"6";"Route d Arpaillargues";"44,0031920000";"4,3965770000"
"202100024164";"14";"08";"2021";"00:50";"5";"31";"31203";"2";"3";"1";"3";"chemin Sauveur";"43,5164240000";"1,3156560000"
"202100024165";"7";"08";"2021";"10:10";"1";"56";"56206";"1";"3";"2";"1";"D135B Kermelin";"47,6764950000";" -2,7340450000"
"202100024166";"14";"08";"2021";"20:00";"1";"79";"79061";"1";"1";"1";"5";"N/A";"46,2479830000";" -0,1894500000"
"202100024167";"14";"08";"2021";"20:45";"2";"80";"80417";"2";"3";"1";"6";"46 Rue de Lihons";"49,8474640000";"2,6748980000"
"202100024168";"14";"08";"2021";"06:00";"5";"69";"69070";"2";"1";"1";"6";"HOTEL DE VILLE ( DE L') (R)";"46,0189870000";"4,3779200000"
"202100024169";"15";"08";"2021";"07:10";"2";"32";"32365";"1";"1";"1";"6";"D12";"43,3577310000";"0,6945310000"
"202100024170";"13";"08";"2021";"08:30";"1";"11";"11240";"1";"1";"1";"6";"D52";"42,9453441000";"2,2360560000"
"202100024171";"15";"08";"2021";"14:45";"1";"71";"71494";"1";"1";"1";"1";"RD 86 route du chateau";"46,4076420000";"4,8492680000"
"202100024172";"14";"08";"2021";"16:00";"1";"46";"46038";"2";"6";"1";"6";"D803";"44,9169580000";"1,8379350000"
"202100024173";"13";"08";"2021";"11:20";"1";"41";"41145";"1";"1";"1";"7";"Route de Sambin";"47,4580620000";"1,2950890000"
"202100024174";"15";"08";"2021";"06:55";"2";"22";"22219";"1";"1";"5";"1";"Saint-ThÃ©o";"48,2539381744";" -2,7199869792"
"202100024175";"14";"08";"2021";"18:10";"1";"25";"25413";"2";"1";"1";"7";"38 Rue de la VarÃ©e";"46,7155710000";"6,1965160000"
"202100024176";"14";"08";"2021";"20:30";"2";"25";"25325";"2";"9";"1";"7";"Rue du Faubourg";"47,2577820000";"6,4663820000"
"202100024177";"13";"08";"2021";"20:20";"1";"25";"25058";"2";"3";"1";"3";"4 rue du stade";"47,2049080000";"5,9950540000"
"202100024178";"15";"08";"2021";"11:50";"1";"35";"35163";"1";"9";"1";"3";"La Barboterie";"48,3041090000";" -1,1619350000"
"202100024179";"15";"08";"2021";"00:40";"3";"31";"31341";"1";"1";"1";"6";"D2 route de toulouse";"43,7230250000";"1,3274360000"
"202100024180";"14";"08";"2021";"06:15";"2";"38";"38463";"1";"1";"1";"6";"Route de Varacieux";"45,1911940000";"5,3469840000"
"202100024181";"14";"08";"2021";"17:50";"1";"02";"02010";"1";"1";"1";"6";"D26";"49,4573850000";"3,4423790000"
"202100024182";"15";"08";"2021";"11:30";"1";"15";"15120";"2";"1";"1";"3";"Marsalou";"45,2146510000";"2,3466060000"
"202100024183";"14";"08";"2021";"17:30";"1";"15";"15122";"2";"1";"1";"6";"Rue Tour de Ville";"44,7110650000";"2,1975120000"
"202100024184";"15";"08";"2021";"16:30";"1";"70";"70245";"1";"3";"2";"3";"route nationale 57 PK 001.050";"47,9267310000";"6,4293940000"
"202100024185";"14";"08";"2021";"20:20";"2";"50";"50481";"1";"1";"1";"6";"Rue du Corps de Garde";"49,2340280000";" -1,6267700000"
"202100024186";"14";"08";"2021";"05:38";"2";"53";"53104";"2";"1";"1";"1";"56 Rue de la Division Leclerc";"47,8543400000";" -0,6072310000"
"202100024187";"14";"08";"2021";"22:20";"3";"24";"24240";"1";"1";"1";"6";"route du saut";"44,8874460000";"0,8923440000"
"202100024188";"15";"08";"2021";"01:30";"3";"28";"28395";"1";"1";"1";"6";"La Donnaisiere";"48,2891580000";"0,8615630000"
"202100024189";"14";"08";"2021";"23:40";"3";"28";"28339";"1";"1";"1";"6";"D125";"48,4301440000";"1,2728690000"
"202100024190";"15";"08";"2021";"15:00";"1";"30";"30053";"2";"2";"1";"3";"Le Plagnol";"43,9777610000";"4,2090140000"
"202100024191";"15";"08";"2021";"13:05";"1";"48";"48069";"1";"1";"1";"6";"D18";"44,1762850000";"3,5351890000"
"202100024192";"15";"08";"2021";"11:00";"1";"08";"08436";"1";"1";"1";"6";"D877";"49,9122900000";"4,4690430000"
"202100024193";"14";"08";"2021";"11:40";"1";"973";"97307";"2";"2";"1";"3";"intersection rue de l'alambic - rue de la rÃ©colte";"4,8793170000";" -52,3247590000"
"202100024194";"15";"08";"2021";"00:30";"3";"13";"13113";"1";"9";"1";"1";"A.51 - P.K.29.200";"43,6061570000";"5,4969620000"
"202100024195";"15";"08";"2021";"07:15";"2";"01";"01451";"1";"1";"1";"6";"A40";"46,2363700000";"5,2779430000"
"202100024196";"15";"08";"2021";"15:50";"1";"67";"67033";"1";"1";"1";"6";"PK 001.350 autoroute A340";"48,7519270000";"7,6921570000"
"202100024197";"12";"08";"2021";"16:58";"1";"58";"58152";"1";"1";"1";"3";"N7";"46,9038240000";"3,1574640000"
"202100024198";"13";"08";"2021";"11:00";"1";"13";"13066";"1";"1";"1";"6";"A7";"43,8844080000";"4,9237630000"
"202100024199";"15";"08";"2021";"15:20";"1";"60";"60142";"1";"1";"1";"1";"D118";"49,1295709702";"2,5400691031"
"202100024200";"14";"08";"2021";"22:30";"3";"988";"98814";"1";"1";"1";"6";"RPI1 - LIFOU";" -20,7767590000";"167,2111420000"
"202100024201";"14";"08";"2021";"19:40";"1";"33";"33214";"1";"1";"7";"3";"Route du Baganais";"45,0013910000";" -1,1802750000"
"202100024202";"14";"08";"2021";"18:40";"2";"77";"77234";"2";"9";"7";"6";"44 Grande Rue";"48,9192410000";"2,7582040000"
"202100024203";"15";"08";"2021";"03:00";"3";"77";"77178";"1";"1";"1";"7";"D403e1";"48,2282640000";"2,6621730000"
"202100024204";"14";"08";"2021";"22:10";"3";"78";"78389";"1";"1";"1";"2";"N12";"48,8010920000";"1,8277360000"
"202100024205";"15";"08";"2021";"02:05";"3";"34";"34151";"1";"1";"1";"7";"RD 61";"43,6218530000";"4,1207870000"
"202100024206";"15";"08";"2021";"11:30";"1";"83";"83068";"1";"1";"1";"2";"RD 61";"43,2683837509";"6,5528176652"
"202100024207";"14";"08";"2021";"13:45";"1";"06";"06101";"1";"3";"1";"3";"D.6202";"43,9495460000";"6,9887920000"
"202100024208";"15";"08";"2021";"01:30";"3";"89";"89080";"1";"1";"1";"6";"Autoroute A19";"48,2706260000";"3,2922940000"
"202100024209";"14";"08";"2021";"18:30";"1";"71";"71371";"2";"3";"1";"3";"Route de Macon/avenue de la gare";"46,3451850950";"4,7209559538"
"202100024210";"15";"08";"2021";"11:35";"1";"55";"55258";"1";"1";"1";"6";"RD 908";"48,7742670000";"5,6937200000"
"202100024211";"15";"08";"2021";"08:26";"1";"73";"73114";"1";"1";"1";"1";"D1212";"45,8214780000";"6,5314050000"
"202100024212";"15";"08";"2021";"18:15";"1";"38";"38317";"1";"1";"1";"5";"N85";"45,1145410000";"5,6989430000"
"202100024213";"14";"08";"2021";"13:30";"1";"09";"09269";"1";"1";"1";"6";"RD 117 pk48+950";"42,9912400000";"1,5449990000"
"202100024214";"14";"08";"2021";"20:30";"1";"33";"33449";"1";"1";"1";"4";"Avenue du Temple ";"44,8955790000";" -0,7983010000"
"202100024215";"19";"06";"2021";"17:45";"1";"33";"33051";"2";"1";"1";"6";"Rue dâAyguemorte";"44,6609080000";" -0,9658530000"
"202100024216";"14";"08";"2021";"18:00";"1";"14";"14088";"1";"3";"1";"6";"D43";"48,9643290000";" -0,2708820000"
"202100024217";"13";"08";"2021";"22:35";"3";"56";"56114";"1";"1";"1";"3";"Kerdalidec D25";"47,2949490000";" -3,1063630000"
"202100024218";"13";"08";"2021";"11:20";"1";"59";"59161";"2";"1";"1";"1";"rue du Moulin";"50,1028680000";"3,2461600000"
"202100024219";"13";"08";"2021";"13:30";"1";"13";"13203";"1";"1";"1";"6";"A7-Sens Lyon vers Marseille";"43,3191700000";"5,3777600000"
"202100024220";"9";"08";"2021";"19:15";"1";"13";"13071";"1";"1";"1";"4";"A7-Sens Marseille vers Lyon";"43,4179580000";"5,2734690000"
"202100024221";"13";"08";"2021";"21:20";"2";"94";"94034";"1";"1";"1";"7";"AUTOROUTE A86";"48,7587300000";"2,3360900000"
"202100024222";"14";"08";"2021";"00:50";"5";"92";"92012";"1";"1";"1";"5";"A13";"48,8484271260";"2,2390222098"
"202100024223";"13";"08";"2021";"21:10";"2";"95";"95028";"1";"9";"1";"6";"RN 104";"49,0619210000";"2,3429200000"
"202100024224";"13";"08";"2021";"13:40";"1";"93";"93066";"1";"1";"1";"3";"AUTOROUTE A1";"48,9061500000";"2,3583300000"
"202100024225";"14";"08";"2021";"01:20";"3";"77";"77438";"1";"1";"1";"6";"A104";"48,8672434741";"2,6703641706"
"202100024226";"12";"08";"2021";"19:00";"1";"76";"76351";"2";"1";"1";"6";"MONT LE COMTE (AVENUE DU)";"49,5103900000";"0,1792600000"
"202100024227";"11";"08";"2021";"19:57";"1";"94";"94028";"2";"1";"1";"4";"CHOISY(ROUTE DE)";"48,7896500000";"2,4525300000"
"202100024228";"13";"08";"2021";"15:10";"1";"78";"78291";"1";"1";"1";"2";"A13";"48,9707750000";"1,7334630000"
"202100024229";"13";"08";"2021";"09:30";"1";"976";"97611";"2";"9";"1";"3";"vahibe-Mariage (rue -vahibÃ©)";" -12,7908800000";"45,1788500000"
"202100024230";"12";"08";"2021";"17:20";"2";"974";"97411";"2";"2";"1";"3";"MAC AULIFFE (RUE VICTOR)";" -20,8778000000";"55,4510000000"
"202100024231";"12";"08";"2021";"11:40";"1";"974";"97411";"2";"9";"1";"2";"JAURES (BOULEVARD JEAN)";" -20,8907000000";"55,4549000000"
"202100024232";"13";"08";"2021";"17:00";"1";"974";"97409";"1";"1";"1";"2";"RN2 SENS STE SUZANNE ST BENOIT";" -20,9716905238";"55,6552530942"
"202100024233";"13";"08";"2021";"14:46";"1";"973";"97302";"1";"1";"2";"2";"ROUTE NATIONALE 1";"4,9056900000";" -52,3231000000"
"202100024234";"13";"08";"2021";"11:10";"1";"973";"97302";"2";"4";"1";"1";"MADELEINE (ROUTE DE LA)";"4,9206223351";" -52,3217418195"
"202100024235";"13";"08";"2021";"22:47";"5";"69";"69259";"2";"2";"1";"3";"AMBROISE CROIZAT (BD)";"45,7005500000";"4,8877300000"
"202100024236";"1";"08";"2021";"10:05";"1";"972";"97209";"1";"1";"1";"6";"GODISSARD (BOULEVARD)";"14,6300900000";" -61,0700200000"
"202100024237";"12";"08";"2021";"20:45";"2";"2A";"2A004";"2";"2";"1";"6";"Cours NapolÃ©on";"41,9192000000";"8,7368700000"
"202100024238";"13";"08";"2021";"18:40";"1";"91";"91685";"2";"1";"1";"7";"CHASSE (ROUTE)";"48,6618560000";"2,3012730000"
"202100024239";"13";"08";"2021";"09:14";"1";"91";"91103";"2";"2";"1";"3";"RUE DES PRES D'AULNAY";"48,6125200000";"2,2783000000"
"202100024240";"7";"08";"2021";"20:23";"2";"91";"91064";"2";"4";"8";"7";"VAL DE GRACE (RUE DU)";"48,7739600000";"2,2285800000"
"202100024241";"13";"08";"2021";"22:20";"5";"91";"91326";"2";"1";"1";"3";"COUR DE FRANCE (AVENUE DE LA)";"48,6979600000";"2,3719400000"
"202100024242";"13";"08";"2021";"18:30";"1";"91";"91223";"2";"3";"1";"3";"MOREAU (RUE LOUIS)";"48,4361600000";"2,1610000000"
"202100024243";"12";"08";"2021";"11:19";"1";"87";"87085";"1";"1";"1";"7";"MONTHLERY (RUE DE)";"45,8375500000";"1,2774000000"
"202100024244";"13";"08";"2021";"17:19";"1";"86";"86194";"2";"1";"1";"4";"Avenue de lâEurope";"46,5920490000";"0,3493202000"
"202100024245";"13";"08";"2021";"14:25";"1";"86";"86194";"2";"9";"1";"3";"Route DÃ©partementale 910";"46,6136390000";"0,3483780000"
"202100024246";"12";"08";"2021";"15:40";"1";"83";"83069";"2";"1";"1";"1";"OURLEDES (CHEMIN DES)";"43,1270900000";"6,1768100000"
"202100024247";"13";"08";"2021";"12:15";"1";"83";"83061";"2";"1";"1";"3";"AVENUE DU GÃNÃRAL D'ARMÃE JEAN CALLIES";"43,4409500000";"6,7451100000"
"202100024248";"11";"08";"2021";"14:55";"1";"80";"80021";"2";"1";"1";"7";"SAINT LEU (RUE)";"49,8968100000";"2,3002700000"
"202100024249";"13";"08";"2021";"19:40";"1";"76";"76231";"2";"1";"1";"6";"Rue Henry";"49,2909300000";"1,0073010000"
"202100024250";"12";"08";"2021";"10:45";"1";"71";"71040";"2";"1";"1";"6";"REPUBLIQUE (RUE DE LA)";"46,7007131010";"4,3891586083"
"202100024251";"13";"08";"2021";"17:00";"1";"69";"69266";"2";"1";"1";"6";"LAURENT BONNEVAY (Gare routiÃ¨re) ";"45,7650300000";"4,9090600000"
"202100024252";"12";"08";"2021";"22:45";"5";"69";"69266";"2";"1";"1";"6";"TOLSTOI (CR)";"45,7638500000";"4,8734000000"
"202100024253";"11";"08";"2021";"11:35";"1";"69";"69256";"2";"3";"1";"2";"EGALITE (DE L') (R)";"45,7860300000";"4,9240700000"
"202100024254";"12";"08";"2021";"18:39";"1";"69";"69092";"1";"1";"3";"3";"NATIONALE 6 (RTE)";"46,0100675992";"4,7197008133"
"202100024255";"13";"08";"2021";"12:35";"1";"69";"69115";"2";"6";"1";"7";"GENERAL DE GAULLE (DU) (AV)";"45,9732300000";"4,7075200000"
"202100024256";"13";"08";"2021";"00:15";"5";"67";"67482";"2";"3";"1";"1";"PECHEURS (QUAI DES)";"48,5823800000";"7,7572900000"
"202100024257";"12";"08";"2021";"22:30";"5";"67";"67482";"2";"1";"1";"7";"FRERES MATTHIS (PONT DES)";"48,5782100000";"7,7344100000"
"202100024258";"13";"08";"2021";"11:06";"1";"66";"66136";"2";"1";"1";"2";"GILLES (AVENUE GENERAL)";"42,6985700000";"2,9289200000"
"202100024259";"12";"08";"2021";"17:05";"1";"66";"66136";"2";"1";"1";"5";"PASSIO-VELLA (CHEMIN DE LA)";"42,6874298100";"2,9006172717"
"202100024260";"13";"08";"2021";"20:50";"2";"64";"64483";"1";"1";"1";"6";"SENIX (CHEMIN DE)";"43,4206300010";" -1,6216700000"
"202100024261";"13";"08";"2021";"17:25";"1";"64";"64445";"2";"6";"1";"3";"ALSACE LORRAINE D'";"43,3045500000";" -0,3681100000"
"202100024262";"12";"08";"2021";"21:50";"5";"64";"64335";"2";"1";"1";"7";"OUSSE DE L'";"43,3300000000";" -0,4342000000"
"202100024263";"13";"08";"2021";"09:50";"1";"64";"64102";"2";"1";"1";"3";"THIERS (RUE)";"43,4930600000";" -1,4755600000"
"202100024264";"12";"08";"2021";"18:00";"1";"64";"64024";"2";"3";"1";"3";"PYRENEES (AVENUE DES)";"43,5033100000";" -1,5053900000"
"202100024265";"13";"08";"2021";"16:55";"1";"59";"59352";"2";"1";"1";"3";"GRANGE (CHEMIN)";"50,7320515141";"3,0375641584"
"202100024266";"13";"08";"2021";"19:30";"1";"59";"59650";"2";"2";"1";"6";"UNION (RUE DE L')";"50,7150800000";"3,1797200000"
"202100024267";"13";"08";"2021";"16:10";"1";"54";"54328";"2";"2";"1";"3";"RD 73";"48,6220252935";"6,1794622242"
"202100024268";"11";"08";"2021";"10:45";"1";"54";"54526";"2";"1";"1";"6";"AVENIR (BD DE L')";"48,6865479114";"6,2085501105"
"202100024269";"11";"08";"2021";"17:40";"1";"54";"54184";"2";"1";"1";"2";"SAULXURES (AVENUE DE)";"48,7046783398";"6,2458732822"
"202100024270";"13";"08";"2021";"10:50";"1";"51";"51454";"2";"3";"1";"7";"Rue dâEntrecasteaux";"49,2252283536";"4,0333663017"
"202100024271";"12";"08";"2021";"10:35";"1";"51";"51454";"2";"2";"1";"1";"Rue des Bons Malades";"49,2490549411";"4,0151865614"
"202100024272";"12";"08";"2021";"20:40";"1";"50";"50129";"2";"2";"1";"1";"NORMANDIE (AVENUE DE)";"49,6269500000";" -1,6366200000"
"202100024273";"11";"08";"2021";"17:00";"1";"50";"50129";"2";"6";"1";"7";"FOURCHES (RD PT DES)";"49,6366200000";" -1,6497800000"
"202100024274";"14";"08";"2021";"00:30";"5";"44";"44109";"2";"2";"1";"3";"DALBY ( BD ERNEST )";"47,2250500000";" -1,5294800000"
"202100024275";"12";"08";"2021";"16:20";"1";"41";"41018";"2";"1";"1";"6";"MOULIN (RUE JEAN)";"47,5868700000";"1,3270300000"
"202100024276";"13";"08";"2021";"09:05";"1";"34";"34172";"2";"1";"1";"7";"VAL DE MONTFERRAND (AVENUE DU)";"43,6378700000";"3,8736600000"
"202100024277";"13";"08";"2021";"18:45";"1";"33";"33063";"2";"4";"1";"3";"Rue FranÃ§ois de Sourdis";"44,8325200000";" -0,5879200000"
"202100024278";"13";"08";"2021";"16:40";"1";"33";"33119";"2";"2";"1";"3";"Avenue RenÃ© Cassagne";"44,8543900000";" -0,5163400000"
"202100024279";"13";"08";"2021";"12:40";"1";"33";"33162";"2";"3";"1";"3";"Avenue du Taillan-MÃ©doc";"44,8811800000";" -0,6527300000"
"202100024280";"12";"08";"2021";"10:45";"1";"33";"33281";"2";"6";"1";"3";"AVE FRANCOIS MITTERRAND";"44,8171900000";" -0,6751600000"
"202100024281";"12";"08";"2021";"13:10";"1";"33";"33063";"2";"3";"1";"3";"CitÃ© Dasvin de Boismarin";"44,8502700000";" -0,5448500000"
"202100024282";"10";"08";"2021";"06:48";"2";"33";"33013";"2";"9";"1";"3";"Avenue de Branne";"44,8429300000";" -0,5003500000"
"202100024283";"13";"08";"2021";"13:30";"1";"33";"33009";"2";"1";"1";"6";"Avenue Victor Hugo";"44,6569000000";" -1,1675000000"
"202100024284";"13";"08";"2021";"02:30";"5";"31";"31555";"2";"1";"1";"3";"AV DE LATTRE DE TASSIGNY";"43,5774000000";"1,4364700000"
"202100024285";"11";"08";"2021";"12:46";"1";"31";"31555";"2";"9";"1";"6";"VA007547 SOUPETARD A61 Sortie 16";"43,6103370000";"1,4845510000"
"202100024286";"13";"08";"2021";"22:55";"5";"27";"27681";"2";"2";"1";"1";"DEVOS (BOULEVARD JULIEN)";"49,0839500000";"1,4782200000"
"202100024287";"13";"08";"2021";"19:31";"1";"17";"17291";"1";"1";"1";"2";"N11";"46,1736970000";" -1,1145530000"
"202100024288";"12";"08";"2021";"18:15";"1";"17";"17291";"2";"3";"1";"1";"GUYENNE   RUE DE";"46,1863700000";" -1,1214800000"
"202100024289";"13";"08";"2021";"08:37";"1";"17";"17300";"2";"1";"1";"3";"SARTRE   AVENUE JEAN-PAUL";"46,1567400000";" -1,1203200000"
"202100024290";"20";"07";"2021";"18:00";"1";"16";"16089";"1";"1";"1";"6";"N/A";"45,6813000000";" -0,2946990000"
"202100024291";"13";"08";"2021";"20:05";"1";"14";"14118";"2";"6";"1";"3";"Avenue Sainte ThÃ©rÃ¨se";"49,1705600000";" -0,3390000000"
"202100024292";"3";"07";"2021";"20:20";"1";"13";"13108";"1";"2";"1";"3";"MAS DE GIBRE CHEMIN DE ";"43,8051700000";"4,7127100000"
"202100024293";"13";"08";"2021";"21:15";"5";"13";"13203";"2";"1";"1";"7";"CAMILLE PELLETAN (AVENUE)";"43,3076100000";"5,3738300000"
"202100024294";"13";"08";"2021";"14:25";"1";"13";"13215";"2";"3";"1";"1";"MADRAGUE VILLE (chemin de la)";"43,3262238383";"5,3610610185"
"202100024295";"12";"08";"2021";"23:49";"5";"13";"13005";"2";"6";"1";"1";"SALENGRO (AVENUE ROGER)";"43,3009000000";"5,5703400000"
"202100024296";"13";"08";"2021";"07:05";"1";"11";"11069";"2";"1";"1";"6";"MONTREAL -ROUTE DE -";"43,2114000000";"2,3226000000"
"202100024297";"12";"08";"2021";"16:09";"1";"10";"10387";"2";"3";"1";"3";"EMILE ZOLA (RUE)";"48,2964600000";"4,0749100000"
"202100024298";"12";"08";"2021";"04:10";"3";"10";"10362";"2";"1";"1";"6";"ROCADE OUEST (RD 610)";"48,2919980000";"4,0325480000"
"202100024299";"12";"08";"2021";"09:35";"1";"06";"06088";"2";"2";"1";"6";"GROSSO (A PARTIR DU NÂ° 60-83)";"43,7027790000";"7,2514780000"
"202100024300";"13";"08";"2021";"21:00";"2";"06";"06069";"1";"1";"1";"5";"Route de PLASCASSIER";"43,6410800000";"6,9708750000"
"202100024301";"13";"08";"2021";"10:16";"1";"06";"06069";"2";"1";"1";"6";"FOUX (PLACE DE LA)";"43,6602440000";"6,9223260000"
"202100024302";"13";"08";"2021";"20:20";"1";"06";"06123";"2";"1";"1";"4";"BORD DE MER RN 98";"43,6588850000";"7,1885320000"
"202100024303";"11";"08";"2021";"08:50";"1";"05";"05023";"2";"3";"1";"3";"MOULIN (RUE JEAN)";"44,8865800000";"6,6258900000"
"202100024304";"10";"08";"2021";"16:50";"1";"04";"04112";"1";"3";"1";"1";"Inter ch Charles de Coulomb / ch du Thor";"43,8003640544";"5,7870663238"
"202100024305";"13";"08";"2021";"16:00";"1";"75";"75114";"2";"1";"1";"3";"PORTE DE VANVES";"48,8242920000";"2,3063700000"
"202100024306";"13";"08";"2021";"14:20";"1";"75";"75112";"2";"4";"1";"5";"PORTE DE CHARENTON";"48,8289990000";"2,4001340000"
"202100024307";"13";"08";"2021";"17:15";"1";"75";"75115";"2";"5";"1";"3";"BOULEVARD DE GRENELLE";"48,8507110000";"2,2923040000"
"202100024308";"12";"08";"2021";"17:40";"1";"75";"75120";"2";"4";"1";"6";"BOULEVARD PERIPHERIQUE";"48,8671630000";"2,4132300000"
"202100024309";"12";"08";"2021";"23:40";"5";"75";"75105";"2";"2";"1";"6";"RUE SOUFFLOT";"48,8469160000";"2,3428400000"
"202100024310";"13";"08";"2021";"17:16";"1";"75";"75120";"2";"2";"7";"3";"BOULEVARD DAVOUT";"48,8534870000";"2,4107920000"
"202100024311";"13";"08";"2021";"15:45";"1";"75";"75119";"2";"2";"1";"3";"AVENUE DE LA PORTE CHAUMONT";"48,8860070000";"2,3981700000"
"202100024312";"13";"08";"2021";"06:51";"2";"75";"75119";"2";"2";"1";"6";"BOULEVARD DE LA VILLETTE";"48,8823830000";"2,3704100000"
"202100024313";"12";"08";"2021";"23:00";"5";"75";"75119";"2";"3";"1";"1";"AVENUE JEAN JAURES";"48,8836030000";"2,3733700000"
"202100024314";"12";"08";"2021";"23:05";"5";"75";"75118";"2";"1";"1";"2";"BOULEVARD ORNANO";"48,8964590000";"2,3456020000"
"202100024315";"13";"08";"2021";"14:20";"1";"75";"75115";"2";"7";"1";"7";"RUE CAMBRONNE";"48,8420960000";"2,3030770000"
"202100024316";"12";"08";"2021";"09:45";"1";"75";"75114";"2";"3";"1";"3";"RUE D ALESIA";"48,8269160000";"2,3386450000"
"202100024317";"13";"08";"2021";"17:04";"1";"75";"75108";"2";"4";"1";"2";"VOIE GEORGES POMPIDOU";"48,8660160000";"2,3191680000"
"202100024318";"13";"08";"2021";"19:18";"1";"75";"75101";"2";"2";"1";"6";"BOULEVARD DE SEBASTOPOL";"48,8600520000";"2,3490610000"
"202100024319";"12";"08";"2021";"21:55";"5";"75";"75104";"2";"3";"1";"7";"BOULEVARD BOURDON";"48,8508890000";"2,3673130000"
"202100024320";"12";"08";"2021";"16:45";"1";"94";"94076";"2";"1";"1";"3";"Avenue de Stalingrad";"48,7856750000";"2,3668630000"
"202100024321";"12";"08";"2021";"00:55";"5";"94";"94021";"2";"1";"1";"6";"FRANKLIN ROOSEVELT (AV)";"48,7719200000";"2,3579300000"
"202100024322";"12";"08";"2021";"21:44";"5";"94";"94018";"2";"1";"1";"2";"Rue de la Republique";"48,8232400000";"2,4194100000"