"Num_Acc";"jour";"mois";"an";"hrmn";"lum";"dep";"com";"agg";"int";"atm";"col";"adr";"lat";"long"
"202100024323";"12";"08";"2021";"08:10";"1";"94";"94017";"2";"1";"1";"6";"PLESSIS TREVISE (R DU)";"48,8113760799";"2,5547719002"
"202100024324";"13";"08";"2021";"20:32";"2";"93";"93031";"2";"9";"1";"3";"Avenue de Lattre de Tassigny";"48,9566870000";"2,3105510000"
"202100024325";"12";"08";"2021";"13:20";"1";"93";"93047";"2";"2";"1";"3";"GABRIEL PERI  (AVENUE)";"48,8901700000";"2,5520600000"
"202100024326";"13";"08";"2021";"18:45";"1";"93";"93008";"2";"3";"9";"3";"Rue Bernard / Rue Saint Andre";"48,9035000000";"2,4243440000"
"202100024327";"13";"08";"2021";"19:00";"1";"93";"93008";"2";"7";"1";"2";"STALINGRAD (RUE DE) A10";"48,9132200000";"2,4358900000"
"202100024328";"13";"08";"2021";"08:35";"1";"92";"92076";"2";"1";"1";"6";"JARDY";"48,8319600000";"2,1528000000"
"202100024329";"13";"08";"2021";"18:40";"1";"92";"92050";"2";"6";"1";"3";"BOULE PLACE DE LA";"48,8868431683";"2,2004383124"
"202100024330";"13";"08";"2021";"14:25";"1";"92";"92044";"2";"2";"1";"3";"BAUDIN (RUE) 27A83 ET 36 A84";"48,8981000000";"2,2851500000"
"202100024331";"13";"08";"2021";"23:30";"5";"92";"92019";"2";"1";"1";"7";"JUSTICE (CHEMIN)";"48,7666752144";"2,2639567405"
"202100024332";"13";"08";"2021";"01:10";"5";"92";"92019";"2";"3";"1";"6";"DIVISION LECLERC (AVENUE DE LA)";"48,7619580375";"2,2863578796"
"202100024333";"13";"08";"2021";"14:40";"1";"35";"35176";"2";"1";"1";"1";"Rue de la Margaterie";"47,8226250000";" -1,8025610000"
"202100024334";"13";"08";"2021";"17:00";"1";"60";"60335";"1";"1";"1";"5";"D930";"49,5377420000";"1,8717530000"
"202100024335";"14";"08";"2021";"06:30";"2";"95";"95094";"1";"1";"1";"1";"D10";"49,0229980000";"2,4188330000"
"202100024336";"12";"08";"2021";"20:36";"2";"52";"52461";"1";"1";"1";"7";"D107 - Commune de ODIVAL";"48,0138560000";"5,3998660000"
"202100024337";"12";"08";"2021";"16:00";"1";"73";"73085";"1";"1";"1";"6";"D991";"45,8339130000";"5,8412290000"
"202100024338";"14";"08";"2021";"03:40";"3";"95";"95313";"1";"1";"1";"6";"Boulevard de Tilsit";"49,1248810000";"2,2459410000"
"202100024339";"14";"08";"2021";"16:10";"1";"84";"84110";"1";"1";"1";"1";"D 40";"44,2069850000";"5,2828570000"
"202100024340";"13";"08";"2021";"18:50";"1";"51";"51199";"1";"1";"1";"7";"D24";"49,1400050965";"3,8277217550"
"202100024341";"12";"08";"2021";"15:00";"1";"23";"23245";"1";"1";"2";"6";"D914";"46,1714527667";"1,8098902702"
"202100024342";"11";"08";"2021";"08:15";"1";"63";"63093";"2";"1";"1";"6";"13 Route de Manzat";"45,9649140000";"2,9990420000"
"202100024343";"24";"07";"2021";"21:15";"2";"22";"22004";"1";"1";"1";"7";"RD767 PR 40+500";"48,6454290000";" -3,3273340000"
"202100024344";"13";"08";"2021";"15:50";"1";"14";"14579";"1";"1";"1";"6";"Route du Monde Ancien";"49,0353850000";" -0,7020200000"
"202100024345";"11";"08";"2021";"21:45";"3";"42";"42253";"2";"1";"1";"7";"Route de Combray";"46,0495200000";"3,9992170000"
"202100024346";"14";"08";"2021";"16:20";"1";"54";"54302";"1";"1";"1";"7";"4 Rue d Anoux";"49,2558740000";"5,8636090000"
"202100024347";"13";"08";"2021";"16:50";"1";"34";"34253";"1";"1";"1";"6";"autoroute A75";"43,8462140000";"3,3112030000"
"202100024348";"14";"08";"2021";"07:55";"1";"34";"34064";"1";"1";"1";"2";"A75";"43,8521540000";"3,3060050000"
"202100024349";"12";"08";"2021";"17:30";"1";"38";"38115";"1";"1";"1";"3";"LES CADORATS";"44,9651320000";"5,6378320000"
"202100024350";"13";"08";"2021";"00:25";"5";"57";"57238";"2";"1";"1";"6";"1 Rue Principale";"48,8411400000";"6,4423030000"
"202100024351";"14";"08";"2021";"16:19";"1";"95";"95056";"2";"1";"1";"1";"RD 85";"49,0921850000";"2,3653780000"
"202100024352";"12";"08";"2021";"12:00";"1";"95";"95149";"1";"1";"1";"6";"RD 316";"49,1313940000";"2,4331280000"
"202100024353";"12";"08";"2021";"14:10";"1";"19";"19137";"1";"1";"1";"6";"L Etang";"45,3980020000";"1,8607930000"
"202100024354";"14";"08";"2021";"09:50";"1";"19";"19192";"1";"1";"1";"1";"RD1120";"45,1203560000";"1,9061920000"
"202100024355";"13";"08";"2021";"18:30";"1";"76";"76291";"1";"1";"1";"7";"D79";"49,7104460000";"0,3388060000"
"202100024356";"14";"08";"2021";"14:25";"1";"76";"76144";"1";"2";"1";"3";"DÃPARTEMENTALE 103";"49,7589690000";"0,8690040000"
"202100024357";"13";"08";"2021";"09:40";"1";"76";"76344";"1";"1";"1";"1";"D929";"49,7565310000";"1,7077980000"
"202100024358";"14";"08";"2021";"05:30";"5";"2A";"2A006";"1";"6";"1";"3";"Rond point U SERENU";"41,9805810000";"8,7779260000"
"202100024359";"14";"08";"2021";"12:00";"1";"33";"33046";"2";"3";"1";"3";"54 Grande Route";"44,3718610000";" -0,2436680000"
"202100024360";"29";"07";"2021";"07:10";"2";"33";"33033";"1";"1";"1";"1";"N/A";"44,7265220000";" -0,4494310000"
"202100024361";"13";"08";"2021";"17:30";"1";"32";"32172";"1";"1";"1";"6";"N21";"43,5495280000";"0,4859470000"
"202100024362";"6";"08";"2021";"16:30";"1";"32";"32045";"1";"3";"1";"1";"d 939";"43,4866180000";"0,4062370000"
"202100024363";"14";"08";"2021";"11:40";"1";"71";"71015";"1";"1";"1";"7";"Route de la Coudre";"46,9272820000";"4,3944560000"
"202100024364";"13";"08";"2021";"01:00";"5";"63";"63178";"2";"2";"8";"3";"Fayole/Hauterive";"45,5387690000";"3,2440330000"
"202100024365";"14";"08";"2021";"09:00";"1";"63";"63037";"1";"1";"1";"3";"lieu-dit la mayoux";"45,6356020000";"3,6800870000"
"202100024366";"13";"08";"2021";"09:00";"1";"61";"61414";"1";"1";"1";"6";"Route d Alencon";"48,5272000000";"0,5331320000"
"202100024367";"13";"08";"2021";"21:43";"5";"61";"61483";"2";"9";"1";"6";"6 Avenue Robert Cousin";"48,5577110000";" -0,4186710000"
"202100024368";"12";"08";"2021";"14:10";"1";"12";"12107";"1";"1";"1";"6";"N88";"44,3530230000";"2,9218910000"
"202100024369";"12";"08";"2021";"09:30";"1";"47";"47054";"1";"1";"9";"7";"D13";"44,4010970000";"0,4977380000"
"202100024370";"13";"08";"2021";"15:15";"1";"47";"47069";"1";"1";"1";"6";"N1113";"44,2165170000";"0,5978720000"
"202100024371";"14";"08";"2021";"09:45";"1";"68";"68182";"1";"1";"1";"7";"D09B";"47,4976400000";"7,4770120000"
"202100024372";"12";"08";"2021";"11:50";"1";"39";"39470";"1";"3";"1";"1";"N/A";"46,4849710000";"6,0541590000"
"202100024373";"13";"08";"2021";"00:25";"3";"39";"39299";"1";"1";"1";"7";"N/A";"46,9528850000";"5,3634060000"
"202100024374";"14";"08";"2021";"15:50";"1";"39";"39439";"1";"1";"1";"1";"N/A";"46,9931630000";"5,8324530000"
"202100024375";"10";"08";"2021";"18:10";"1";"44";"44133";"1";"2";"1";"3";"D751";"47,1313810000";" -1,8090160000"
"202100024376";"14";"08";"2021";"10:30";"1";"44";"44115";"1";"1";"1";"3";"CD 723 44521";"47,3529840000";" -1,2699830000"
"202100024377";"13";"08";"2021";"07:00";"1";"44";"44115";"2";"1";"1";"7";"353 Rue de Vieille-Cour";"47,3493270000";" -1,2880780000"
"202100024378";"13";"08";"2021";"22:50";"5";"35";"35207";"2";"6";"1";"3";"Rue Pierre Marchand";"48,1129080000";" -1,5214990000"
"202100024379";"12";"08";"2021";"19:55";"1";"35";"35162";"1";"1";"1";"7";"RD 14";"48,4812573608";" -1,0746906711"
"202100024380";"13";"08";"2021";"18:50";"1";"35";"35184";"2";"3";"1";"1";"Rue de la Corderie";"48,2014660000";" -2,0408500000"
"202100024381";"14";"08";"2021";"13:30";"1";"29";"29146";"1";"1";"1";"2";"N165 - Parc Criminal";"47,9136868332";" -3,8708728552"
"202100024382";"13";"08";"2021";"23:20";"5";"29";"29259";"2";"3";"1";"6";"59 Rue du Douric";"48,6843180000";" -3,9810740000"
"202100024383";"12";"08";"2021";"21:30";"2";"29";"29227";"2";"1";"1";"6";"Avenue de Toul An AllÃ©e";"48,3361780000";" -3,6298950000"
"202100024384";"13";"08";"2021";"01:30";"3";"29";"29003";"2";"1";"1";"7";"Rue Marcellin Berthelot";"48,0260652828";" -4,5431497693"
"202100024385";"12";"08";"2021";"21:30";"5";"31";"31390";"2";"1";"1";"5";"Avenue des Toureilles";"43,0918170000";"0,5608500000"
"202100024386";"12";"08";"2021";"06:45";"2";"65";"65305";"2";"3";"1";"3";"D925";"42,9603542713";"0,5684088721"
"202100024387";"14";"08";"2021";"19:35";"1";"31";"31135";"2";"4";"1";"3";"Route de Mondavezan";"43,2234650000";"1,0682110000"
"202100024388";"12";"08";"2021";"18:50";"1";"38";"38240";"1";"1";"2";"1";"Route des Brosses";"45,3925210000";"4,9963970000"
"202100024389";"14";"08";"2021";"03:15";"4";"38";"38029";"2";"1";"1";"6";"575 Route de Lyon";"45,5775130000";"5,5209970000"
"202100024390";"14";"08";"2021";"18:00";"1";"38";"38269";"2";"1";"1";"6";"54, rue des Alpes";"44,9053520000";"5,7923320000"
"202100024391";"13";"08";"2021";"23:15";"3";"02";"02063";"1";"9";"1";"3";"Canal de Saint-Quentin";"49,9340000000";"3,2463530000"
"202100024392";"11";"08";"2021";"22:45";"3";"84";"84009";"1";"1";"1";"7";"D956";"43,7798010000";"5,6150330000"
"202100024393";"13";"08";"2021";"11:10";"1";"03";"03158";"1";"1";"1";"3";"la mothe";"46,4889680000";"2,7141380000"
"202100024394";"13";"08";"2021";"16:00";"1";"03";"03099";"1";"1";"1";"6";"D945";"46,3641440000";"3,0233220000"
"202100024395";"11";"08";"2021";"17:12";"1";"15";"15066";"1";"1";"1";"7";"Pas de Peyrol (Col de montagne)";"45,1153970000";"2,6703210000"
"202100024396";"13";"08";"2021";"17:00";"1";"70";"70413";"1";"1";"1";"6";"D4";"47,7248260000";"6,7564090000"
"202100024397";"13";"08";"2021";"16:10";"1";"66";"66137";"1";"1";"1";"3";"Route dÃ©partementale 900";"42,4733504203";"2,8562305767"
"202100024398";"12";"08";"2021";"17:30";"1";"72";"72349";"1";"9";"1";"3";"Lieu Dit le Petit Touchesnay";"48,2040760000";"0,2013050000"
"202100024399";"14";"08";"2021";"13:30";"1";"06";"06023";"1";"1";"1";"2";"Auberge du Col de Brouis (Restaurant)";"43,9241620000";"7,4762390000"
"202100024400";"14";"08";"2021";"12:30";"1";"14";"14528";"1";"1";"1";"1";"D675";"49,3295570000";"0,3063240000"
"202100024401";"6";"08";"2021";"17:36";"1";"05";"05164";"1";"3";"7";"3";"D954";"44,5137430000";"6,3722070000"
"202100024402";"13";"08";"2021";"18:50";"1";"50";"50410";"1";"1";"1";"6";"La Bergerie - Ardevon (Pontorson)";"48,6121080000";" -1,4981210000"
"202100024403";"4";"08";"2021";"08:00";"1";"83";"83083";"1";"4";"1";"3";"Chemin des Lones";"43,4738350000";"6,1303930000"
"202100024404";"14";"08";"2021";"19:25";"1";"60";"60127";"1";"2";"1";"3";"D938";"49,5931600000";"2,7976080000"
"202100024405";"13";"08";"2021";"22:35";"5";"60";"60601";"2";"3";"1";"3";"Rue de la Commune de Paris";"49,2655555371";"2,3937009790"
"202100024406";"13";"08";"2021";"17:49";"1";"10";"10323";"2";"5";"1";"3";"23 Rue Gambetta";"48,5148960000";"3,7240400000"
"202100024407";"13";"08";"2021";"07:25";"1";"10";"10116";"2";"1";"1";"3";"Route Nationale";"48,1478600000";"4,0116410000"
"202100024408";"13";"08";"2021";"00:35";"3";"36";"36142";"1";"1";"1";"6";"Parcay";"46,8359600000";"1,5928460000"
"202100024409";"14";"08";"2021";"17:25";"1";"16";"16242";"1";"2";"1";"3";"N/A";"46,0115270000";"0,3277280000"
"202100024410";"12";"08";"2021";"15:30";"1";"16";"16141";"1";"1";"1";"6";"Lieu-dit Le Grand Jardin";"45,9201030000";"0,1965080000"
"202100024411";"13";"08";"2021";"21:45";"2";"53";"53160";"1";"1";"1";"7";"D34";"48,3911140000";" -0,5076670000"
"202100024412";"13";"08";"2021";"20:00";"2";"24";"24443";"1";"1";"1";"1";"D706";"45,0192910000";"1,0798140000"
"202100024413";"14";"08";"2021";"13:30";"1";"04";"04055";"1";"1";"1";"5";"RN 85";"43,9886000000";"6,2964860000"
"202100024414";"13";"08";"2021";"19:45";"1";"85";"85172";"1";"1";"1";"5";"Route de Challans";"46,8275170000";" -1,9479270000"
"202100024415";"25";"07";"2021";"07:00";"2";"85";"85050";"1";"1";"2";"6";"La Chevrie";"46,5169860000";" -1,3547410000"
"202100024416";"12";"08";"2021";"06:30";"2";"85";"85130";"1";"1";"1";"3";"La Petite SigonniÃ¨re";"46,7620900000";" -1,6759300000"
"202100024417";"13";"08";"2021";"17:09";"1";"85";"85305";"1";"1";"1";"3";"la loge";"46,5624900000";" -0,7816600000"
"202100024418";"13";"08";"2021";"04:10";"5";"27";"27377";"2";"1";"1";"6";"Boulevard du General de Gaulle";"49,4010670000";"1,4814700000"
"202100024419";"10";"08";"2021";"10:10";"1";"27";"27208";"2";"1";"1";"6";"ROUTE DE PARIS";"49,1493800000";"0,5103330000"
"202100024420";"13";"08";"2021";"14:35";"1";"28";"28265";"2";"1";"1";"6";"25 rue de Beauce";"48,3931800000";"1,0251620000"
"202100024421";"11";"08";"2021";"15:10";"1";"37";"37049";"1";"2";"1";"3";"L Esperance";"47,1797924666";"0,9643453136"
"202100024422";"8";"08";"2021";"18:00";"1";"37";"37156";"2";"6";"1";"1";"42 Avenue Victor Laloux";"47,3845612073";"0,8411504705"
"202100024423";"13";"08";"2021";"15:30";"1";"08";"08291";"1";"1";"1";"2";"RD981";"49,6822290000";"5,2860650000"
"202100024424";"13";"08";"2021";"10:45";"1";"88";"88108";"1";"1";"7";"7";"D20";"47,9667090000";"6,3122460000"
"202100024425";"12";"08";"2021";"10:40";"1";"24";"24186";"2";"9";"1";"3";"le bourg";"44,7004280000";"0,4170350000"
"202100024426";"13";"08";"2021";"14:30";"1";"68";"68146";"1";"1";"1";"2";"rn 83";"48,1251660000";"7,3652600000"
"202100024427";"13";"08";"2021";"11:45";"1";"973";"97309";"1";"1";"1";"2";"257 Route d Attila Cabassou";"4,8891200000";" -52,2899650000"
"202100024428";"13";"08";"2021";"10:20";"1";"69";"69244";"2";"9";"1";"3";"FINAT DUCLOS (CHM)";"45,7569270000";"4,7448070000"
"202100024429";"13";"08";"2021";"15:30";"1";"69";"69244";"2";"2";"1";"1";"11 NOVEMBRE 1918 (DU) (AV)";"45,7640500000";"4,7602450000"
"202100024430";"14";"08";"2021";"09:05";"1";"42";"42279";"2";"1";"1";"3";"Av Mellet Mandard";"45,5054930000";"4,2622470000"
"202100024431";"14";"08";"2021";"09:00";"1";"67";"67329";"1";"1";"1";"2";"A35 pk420+600";"48,4479340000";"7,5052070000"
"202100024432";"9";"08";"2021";"08:55";"1";"47";"47201";"1";"1";"1";"2";"A62 PK124.000";"44,1619650000";"0,6062440000"
"202100024433";"12";"08";"2021";"22:35";"3";"53";"53054";"1";"1";"1";"2";"A81";"48,1144230000";" -0,8009510000"
"202100024434";"12";"08";"2021";"10:20";"1";"971";"97103";"2";"9";"1";"3";"Rue Henri Becquerel";"16,2434460000";" -61,5621630000"
"202100024435";"13";"08";"2021";"10:07";"1";"17";"17285";"1";"1";"1";"3";"A10, PK 431+900";"45,8164780000";" -0,6512830000"
"202100024436";"12";"08";"2021";"11:45";"1";"68";"68278";"2";"3";"1";"6";"11 Avenue du GÃ©nÃ©ral de Gaulle";"47,7462780000";"7,3994480000"
"202100024437";"12";"08";"2021";"06:50";"1";"987";"98725";"2";"3";"1";"3";"PK10.6C/Mont RT2 - ATIMA";" -17,5074220000";" -149,4836160000"
"202100024438";"7";"08";"2021";"04:30";"3";"988";"98826";"1";"3";"1";"6";"RPN1/VU4";" -20,2465400000";"164,0680540000"
"202100024439";"12";"08";"2021";"20:00";"5";"971";"97129";"1";"2";"1";"3";"La Boucan";"16,2822700000";" -61,6699020000"
"202100024440";"10";"08";"2021";"10:33";"1";"21";"21171";"2";"4";"1";"3";"Avenue de l EgalitÃ©";"47,2941057979";"5,1326658062"
"202100024441";"13";"08";"2021";"18:20";"1";"41";"41136";"2";"1";"1";"6";"rd2152, rue nationale";"47,6975160000";"1,5012810000"
"202100024442";"12";"08";"2021";"14:25";"1";"45";"45335";"2";"3";"1";"6";"33 Route de Tigy";"47,8007240000";"2,1391530000"
"202100024443";"13";"08";"2021";"16:55";"1";"45";"45089";"1";"9";"1";"2";"D2060-PR 58 + 500";"47,9163420000";"2,0098540000"
"202100024444";"13";"08";"2021";"16:00";"1";"77";"77382";"1";"1";"1";"6";"D228";"48,9075940000";"2,8884390000"
"202100024445";"12";"08";"2021";"15:15";"1";"2B";"2B168";"2";"3";"1";"3";"RT30";"42,6313460000";"8,9503970000"
"202100024446";"10";"08";"2021";"11:50";"1";"66";"66037";"1";"9";"1";"2";"DÃ©partementale D 11";"42,7143770000";"3,0148350000"
"202100024447";"2";"08";"2021";"14:55";"1";"66";"66182";"2";"1";"1";"5";"AVENUE DE LA SALANQUE";"42,7318630000";"3,0223080000"
"202100024448";"13";"08";"2021";"00:40";"3";"83";"83101";"1";"1";"1";"6";"Route des Plages";"43,2465160000";"6,6484770000"
"202100024449";"9";"08";"2021";"01:00";"3";"83";"83101";"1";"1";"1";"7";"Ramatuelle";"43,2289680683";"6,6125400525"
"202100024450";"11";"08";"2021";"13:30";"1";"83";"83081";"1";"1";"1";"1";"Route Rd 37";"43,5866158834";"6,7935515642"
"202100024451";"13";"08";"2021";"19:45";"1";"05";"05070";"2";"1";"1";"7";"RUE DU MOULIN ";"44,3116403097";"5,8227968216"
"202100024452";"13";"08";"2021";"19:30";"2";"04";"04143";"1";"2";"1";"3";"Ch des Buissonnades / RD 4";"43,8848470000";"5,9084160000"
"202100024453";"12";"08";"2021";"15:15";"1";"13";"13007";"1";"1";"1";"1";"Route Nationale 560";"43,3772470000";"5,6843130000"
"202100024454";"12";"08";"2021";"15:40";"1";"68";"68106";"1";"1";"1";"7";"D431 PK 8.300";"47,8914850000";"7,1076390000"
"202100024455";"14";"08";"2021";"10:50";"1";"68";"68145";"2";"2";"1";"3";"43 grand rue";"48,0809740000";"7,3941240000"
"202100024456";"11";"08";"2021";"17:55";"1";"67";"67263";"1";"1";"1";"6";"D3";"49,0315160000";"7,7593300000"
"202100024457";"12";"08";"2021";"15:10";"1";"67";"67101";"2";"1";"1";"3";"84 Grand Rue";"48,5244030000";"7,4916670000"
"202100024458";"13";"08";"2021";"03:15";"3";"88";"88175";"1";"1";"1";"1";"D420";"48,2170170000";"6,5809710000"
"202100024459";"13";"08";"2021";"12:15";"1";"74";"74286";"1";"9";"1";"7";"Le Bouaz Dessos (Informations)";"46,3260580000";"6,7362350000"
"202100024460";"8";"08";"2021";"16:10";"1";"73";"73176";"1";"1";"7";"3";"D1090 PK 93";"45,6235930000";"6,8376990000"
"202100024461";"14";"08";"2021";"19:05";"1";"42";"42005";"2";"1";"1";"1";"42 Avenue de Saint-Etienne";"45,5272200000";"4,2756180000"
"202100024462";"10";"08";"2021";"09:15";"1";"26";"26235";"1";"2";"1";"2";"385 Chemin du pont ";"44,3677200000";"4,6565720000"
"202100024463";"13";"08";"2021";"09:35";"1";"81";"81143";"1";"1";"1";"1";"RD622";"43,5297270000";"2,0986030000"
"202100024464";"13";"08";"2021";"09:45";"1";"09";"09334";"1";"1";"1";"3";"Route du Port de l'hers";"42,7729120000";"1,4898710000"
"202100024465";"13";"08";"2021";"23:55";"3";"16";"16291";"1";"1";"1";"5";"Lieu-dit Les Loges";"45,6861670000";"0,2050330000"
"202100024466";"12";"08";"2021";"11:45";"1";"33";"33240";"2";"1";"1";"3";"N/A";"45,3037210000";" -0,9351600000"
"202100024467";"12";"08";"2021";"23:40";"3";"33";"33376";"1";"1";"1";"6";"Route de Louens";"44,9340000000";" -0,7154850000"
"202100024468";"10";"08";"2021";"21:00";"2";"49";"49163";"1";"1";"1";"7";"Route du Gennetay";"47,5221860000";" -0,2400790000"
"202100024469";"13";"08";"2021";"10:00";"1";"22";"22210";"2";"1";"1";"7";"Route de Kerber";"48,8157590000";" -3,0179570000"
"202100024470";"11";"08";"2021";"16:10";"1";"27";"27618";"1";"1";"1";"7";"D140";"48,9705370000";"0,8150800000"
"202100024471";"13";"08";"2021";"12:30";"1";"76";"76057";"2";"1";"1";"1";"241 Rue de la LibertÃ©";"49,5375580000";"0,9628050000"
"202100024472";"12";"08";"2021";"08:40";"1";"80";"80395";"1";"1";"1";"7";"route dÃ©partementale 68";"49,6946950000";"2,6618130000"
"202100024473";"21";"07";"2021";"11:20";"1";"59";"59139";"2";"9";"1";"5";"D643";"50,1312470000";"3,4237130000"
"202100024474";"13";"08";"2021";"19:50";"1";"59";"59250";"2";"1";"1";"6";"Rue Faidherbe";"50,5841560000";"2,8868400000"
"202100024475";"13";"08";"2021";"15:45";"1";"13";"13215";"1";"1";"1";"4";"A7-Sens Lyon vers Marseille";"43,3772500000";"5,3581700000"
"202100024476";"12";"08";"2021";"12:45";"1";"83";"83144";"1";"1";"1";"2";"A57";"43,1403880000";"5,9993280000"
"202100024477";"1";"08";"2021";"04:30";"3";"69";"69275";"1";"1";"1";"2";"RN346   29.300 A 34.350";"45,7837800000";"4,9564700000"
"202100024478";"13";"08";"2021";"13:05";"1";"33";"33063";"1";"1";"1";"3";"ROCADE A 630";"44,8831900000";" -0,5547400000"
"202100024479";"13";"08";"2021";"08:45";"1";"33";"33281";"1";"3";"1";"4";"Rue Jean Briaud";"44,8218900000";" -0,6723000000"
"202100024480";"13";"08";"2021";"08:10";"1";"33";"33090";"1";"1";"1";"2";"N/A";"44,7709600000";" -0,6604560000"
"202100024481";"13";"08";"2021";"03:00";"5";"93";"93027";"1";"1";"1";"2";"AUTOROUTE A1";"48,9337700000";"2,3892200000"
"202100024482";"12";"08";"2021";"22:00";"3";"93";"93066";"1";"1";"1";"4";"AUTOROUTE A86";"48,9231810000";"2,3435600000"
"202100024483";"11";"08";"2021";"22:35";"5";"93";"93008";"1";"1";"1";"2";"AUTOROUTE A86";"48,9107110000";"2,4422100000"
"202100024484";"13";"08";"2021";"11:15";"1";"94";"94028";"1";"1";"1";"2";"A86 INT";"48,7809800000";"2,4410000000"
"202100024485";"13";"08";"2021";"07:55";"1";"77";"77249";"1";"1";"1";"2";"RN104";"48,7521143200";"2,6143782106"
"202100024486";"12";"08";"2021";"23:30";"3";"94";"94073";"1";"1";"1";"6";"A86 INT";"48,7692900000";"2,3794600000"
"202100024487";"23";"05";"2021";"12:00";"1";"73";"73011";"2";"1";"1";"3";"Avenue du Champ de Mars";"45,6640200000";"6,3856800000"
"202100024488";"12";"08";"2021";"16:03";"1";"973";"97302";"2";"9";"1";"2";"BADUEL (ROUTE DE)";"4,9302300000";" -52,3045700000"
"202100024489";"12";"08";"2021";"16:05";"1";"69";"69388";"2";"2";"1";"2";"ALBERT THOMAS (CR)";"45,7448700000";"4,8732100000"
"202100024490";"12";"08";"2021";"13:05";"1";"972";"97213";"1";"3";"1";"3";"Z I CALIFORNIE";"14,6163200000";" -61,0278500000"
"202100024491";"12";"08";"2021";"03:30";"5";"69";"69381";"2";"1";"1";"6";"TERME (R)";"45,7697000000";"4,8310600000"
"202100024492";"12";"08";"2021";"09:00";"1";"69";"69149";"2";"1";"1";"6";"GRANDE RUE (GR)";"45,7141200000";"4,8064200000"
"202100024493";"12";"08";"2021";"06:40";"1";"971";"97101";"2";"3";"1";"2";"CHAUVEL";"16,2395500000";" -61,5198800000"
"202100024494";"12";"08";"2021";"18:30";"1";"86";"86194";"2";"1";"1";"3";"Rue de la Chatonnerie";"46,5705620000";"0,3544400000"
"202100024495";"12";"08";"2021";"15:30";"1";"86";"86194";"2";"3";"1";"3";"Avenue John Kennedy";"46,5869870000";"0,3649790000"
"202100024496";"16";"07";"2021";"09:05";"1";"84";"84035";"1";"1";"1";"4";"LAGNES-RD24 (ROUTE DE)";"43,8492880000";"5,0485320000"
"202100024497";"12";"08";"2021";"08:50";"1";"83";"83069";"1";"1";"1";"3";"SALINS ( ROUTE DES VIEUX)";"43,1166700000";"6,1886100000"
"202100024498";"12";"08";"2021";"21:45";"5";"83";"83061";"2";"6";"1";"6";"RUE DES MICOCOULIERS";"43,4233300000";"6,7530490000"
"202100024499";"11";"08";"2021";"21:35";"5";"83";"83061";"2";"1";"1";"3";"N7";"43,4350100000";"6,7259800000"
"202100024500";"11";"08";"2021";"11:30";"1";"83";"83061";"2";"3";"1";"3";"BOULEVARD DE LA MER";"43,4265000000";"6,7376400000"
"202100024501";"10";"08";"2021";"20:29";"1";"80";"80021";"2";"1";"1";"2";"FEURRE (PLACE AU)";"49,8973800000";"2,2976600000"
"202100024502";"12";"08";"2021";"17:50";"1";"77";"77251";"2";"1";"1";"2";"ALL DE L'AVANT-SCENE";"48,6180600000";"2,5471300000"
"202100024503";"12";"08";"2021";"17:20";"1";"76";"76540";"1";"1";"1";"2";"GRAND COURS. AVENUE DU";"49,4277937350";"1,1028329359"
"202100024504";"12";"08";"2021";"18:00";"1";"76";"76322";"2";"1";"1";"6";"COTY. AVENUE RENE";"49,4036400000";"1,0522200000"
"202100024505";"11";"08";"2021";"13:20";"1";"76";"76351";"2";"2";"1";"3";"LOUIS SIEFRIDT";"49,5090300000";"0,1082700000"
"202100024506";"11";"08";"2021";"11:45";"1";"76";"76351";"2";"2";"1";"3";"JEAN BAPTISTE EYRIES";"49,4975300000";"0,1155500000"
"202100024507";"10";"08";"2021";"18:15";"1";"76";"76447";"1";"3";"1";"2";"FONTAINE LA MALLET (DE)";"49,5430300000";"0,1662100000"
"202100024508";"2";"08";"2021";"15:05";"1";"70";"70550";"2";"3";"1";"3";"COUBERTIN (RUE PIERRE DE)";"47,6226200000";"6,1641800000"
"202100024509";"12";"08";"2021";"18:55";"2";"69";"69266";"2";"3";"3";"7";"GENAS (DE) (RTE)";"45,7542607377";"4,8880080879"
"202100024510";"10";"08";"2021";"12:35";"1";"66";"66136";"2";"3";"1";"3";"DALBIEZ (AVENUE VICTOR)";"42,6846407156";"2,8820612592"
"202100024511";"12";"08";"2021";"12:35";"1";"64";"64545";"2";"1";"1";"3";"BRETELLE DE LAUTOROUTE RD 913";"43,3890300000";" -1,6999600000"
"202100024512";"12";"08";"2021";"10:30";"1";"64";"64483";"2";"1";"8";"3";"CHANTACO (AVENUE DE )";"43,3800000000";" -1,6400000000"
"202100024513";"11";"08";"2021";"19:44";"1";"63";"63063";"2";"2";"1";"3";"LAMARTINE (RUE)";"45,8331600000";"3,1004800000"
"202100024514";"11";"08";"2021";"17:30";"1";"63";"63070";"2";"4";"1";"3";"WILSON (AVENUE)";"45,7307000000";"3,0640200000"
"202100024515";"11";"08";"2021";"23:55";"3";"62";"62119";"2";"1";"1";"6";"PRE DES SOEURS ( RUE DU )";"50,5288450000";"2,6492440000"