"Num_Acc";"jour";"mois";"an";"hrmn";"lum";"dep";"com";"agg";"int";"atm";"col";"adr";"lat";"long"
"202100024516";"11";"08";"2021";"14:10";"1";"56";"56121";"2";"1";"1";"1";"BOIS-DU-CHATEAU (RUE  DU )";"47,7687100000";" -3,3758800000"
"202100024517";"10";"08";"2021";"15:45";"1";"56";"56121";"1";"1";"1";"2";"PÃ©nÃ©trante de Lorient D465";"47,7496700000";" -3,3869900000"
"202100024518";"10";"08";"2021";"20:45";"1";"54";"54395";"2";"1";"1";"3";"LOBAU (BOULEVARD)";"48,6841400000";"6,1964000000"
"202100024519";"11";"08";"2021";"10:45";"1";"54";"54395";"2";"2";"1";"3";"GARENNE (ALLEE ET AVENUE DE LA)";"48,6796843970";"6,1760680302"
"202100024520";"10";"08";"2021";"11:15";"1";"41";"41047";"2";"1";"1";"7";"VILLERBON (RUE DE)";"47,6072900000";"1,3486300000"
"202100024521";"7";"08";"2021";"13:10";"1";"40";"40192";"2";"9";"1";"3";"FOCH (AV DU MARECHAL)";"43,8962000000";" -0,4914200000"
"202100024522";"10";"08";"2021";"15:56";"1";"37";"37261";"2";"3";"1";"3";"VAILLANT (RUE EDOUARD)";"47,3869499140";"0,6981601054"
"202100024523";"12";"08";"2021";"15:40";"1";"33";"33281";"2";"2";"1";"3";"Avenue de l'Yser";"44,8420140000";" -0,6607230000"
"202100024524";"12";"08";"2021";"08:14";"1";"33";"33075";"2";"8";"1";"3";"Avenue Jean JaurÃ¨s";"44,8723800000";" -0,5912100000"
"202100024525";"11";"08";"2021";"12:30";"1";"33";"33063";"2";"1";"1";"6";"Rue des FrÃ¨res Portmann";"44,8605100000";" -0,5763300000"
"202100024526";"12";"08";"2021";"18:55";"1";"32";"32013";"2";"1";"1";"7";"PIERRE DE MONTESQUIOU (AVENUE)";"43,6301300000";"0,5871800000"
"202100024527";"12";"08";"2021";"19:35";"1";"29";"29151";"2";"6";"1";"6";"Giratoire de Penlann";"48,5819500000";" -3,8114100000"
"202100024528";"12";"08";"2021";"20:40";"1";"28";"28085";"2";"1";"1";"1";"JAURES (BOULEVARD JEAN)";"48,4517300000";"1,4914900000"
"202100024529";"11";"08";"2021";"12:25";"1";"27";"27229";"1";"1";"1";"6";"CONCHES (ROUTE DE)";"49,0140900000";"1,1077600000"
"202100024530";"10";"08";"2021";"19:20";"1";"25";"25031";"2";"4";"1";"1";"N/A";"47,4803700000";"6,8565200000"
"202100024531";"12";"08";"2021";"21:40";"5";"18";"18213";"2";"1";"1";"6";"SAINTE-SOLANGE (ROUTE DE)";"47,1080900000";"2,4908100000"
"202100024532";"12";"08";"2021";"07:45";"1";"13";"13071";"2";"1";"1";"1";"MITTERRAND (AVENUE FRANCOIS)";"43,3815900000";"5,3467300000"
"202100024533";"10";"08";"2021";"17:06";"1";"13";"13056";"2";"1";"1";"3";"PORT DE BOUC ROUTE DE";"43,4103200000";"5,0409000000"
"202100024534";"12";"08";"2021";"19:45";"1";"13";"13208";"2";"1";"1";"2";"PRADO (AVENUE DU)";"43,2762400000";"5,3895200000"
"202100024535";"12";"08";"2021";"17:45";"1";"13";"13215";"2";"2";"1";"3";"LYON (RUE DE)";"43,3423900000";"5,3599000000"
"202100024536";"12";"08";"2021";"13:25";"1";"13";"13209";"2";"9";"1";"3";"ROMAIN ROLLAND (BOULEVARD)";"43,2733844190";"5,4129743441"
"202100024537";"11";"08";"2021";"01:40";"5";"13";"13207";"2";"1";"1";"7";"Corniche John FitzgÃ©rald Kennedy";"43,2757276327";"5,3590191733"
"202100024538";"13";"08";"2021";"01:20";"5";"13";"13063";"2";"1";"1";"6";"BARRIELES CHEMIN DES";"43,5778100000";"5,0112600000"
"202100024539";"12";"08";"2021";"17:25";"1";"11";"11069";"2";"1";"1";"3";"Allee des Coteaux de Pech Mary";"43,2062900000";"2,3845800000"
"202100024540";"11";"08";"2021";"18:45";"1";"11";"11069";"2";"3";"1";"3";"VILLEMOUSTAUSSOU -ROUTE DE-";"43,2284100000";"2,3598000000"
"202100024541";"11";"08";"2021";"17:03";"1";"10";"10387";"2";"1";"1";"2";"PASTEUR (RUE)";"48,3031000000";"4,0625000000"
"202100024542";"12";"08";"2021";"13:45";"1";"06";"06083";"2";"1";"1";"6";"MONLEON (QUAI)";"43,7753900000";"7,5070900000"
"202100024543";"12";"08";"2021";"08:45";"1";"06";"06069";"2";"1";"1";"3";"MARIGARDE (ROUTE DE LA)";"43,6538190000";"6,9350300000"
"202100024544";"12";"08";"2021";"04:50";"5";"06";"06029";"2";"1";"1";"6";"JUIN (AVENUE MARECHAL)";"43,5473200000";"7,0460300000"
"202100024545";"12";"08";"2021";"21:05";"1";"02";"02738";"2";"2";"1";"3";"MARNE (DE LA)";"49,6629670000";"3,2890970000"
"202100024546";"12";"08";"2021";"19:00";"1";"75";"75115";"2";"1";"1";"3";"PORTE DE VERSAILLES";"48,8349730000";"2,2733990000"
"202100024547";"12";"08";"2021";"18:20";"1";"75";"75118";"2";"4";"1";"3";"PORTE DE CLIGNANCOURT";"48,9009940000";"2,3414600000"
"202100024548";"11";"08";"2021";"22:30";"5";"75";"75114";"2";"1";"1";"3";"PORTE DE CHATILLON";"48,8219220000";"2,3167330000"
"202100024549";"11";"08";"2021";"16:00";"1";"75";"75114";"2";"1";"1";"2";"PORTE DE CHATILLON";"48,8234250000";"2,3102740000"
"202100024550";"12";"08";"2021";"17:25";"1";"75";"75117";"2";"1";"1";"2";"BOULEVARD MALESHERBES";"48,8882760000";"2,3044420000"
"202100024551";"10";"08";"2021";"00:02";"5";"75";"75117";"2";"4";"1";"3";"AVENUE DE LA GRANDE ARMEE";"48,8769090000";"2,2854160000"
"202100024552";"12";"08";"2021";"19:00";"1";"75";"75112";"2";"1";"1";"2";"ROUTE DAUPHINE";"48,8228110000";"2,4421250000"
"202100024553";"11";"08";"2021";"19:20";"1";"75";"75112";"2";"3";"1";"1";"RUE TRAVERSIERE";"48,8446750000";"2,3691440000"
"202100024554";"12";"08";"2021";"19:23";"1";"75";"75110";"2";"2";"1";"2";"BOULEVARD SAINT DENIS";"48,8693310000";"2,3542590000"
"202100024555";"12";"08";"2021";"16:55";"1";"75";"75101";"2";"3";"1";"3";"RUE DE RIVOLI";"48,8662950000";"2,3241610000"
"202100024556";"12";"08";"2021";"11:55";"1";"94";"94073";"2";"1";"1";"3";"Avenue de Fontainebleau";"48,7556200000";"2,3688400000"
"202100024557";"12";"08";"2021";"14:20";"1";"94";"94011";"2";"1";"1";"6";"RHIN ET DANUBE(RUE DU)";"48,7722356951";"2,4898079370"
"202100024558";"11";"08";"2021";"13:30";"1";"94";"94079";"2";"1";"1";"2";"Rue du GÃ©nÃ©ral GalliÃ©ni";"48,8263000000";"2,5403230000"
"202100024559";"12";"08";"2021";"07:48";"1";"94";"94017";"2";"1";"1";"2";"Avenue du GÃ©nÃ©ral de Gaulle";"48,8211500000";"2,4870400000"
"202100024560";"12";"08";"2021";"17:40";"1";"93";"93073";"1";"1";"1";"7";"Avenue Carole";"48,9797000000";"2,5260000000"
"202100024561";"12";"08";"2021";"20:10";"1";"93";"93066";"2";"3";"1";"3";"SAINT LEGER (CHEMIN)";"48,9453000000";"2,3764000000"
"202100024562";"12";"08";"2021";"10:15";"1";"93";"93070";"2";"1";"1";"2";"MADELEINE(RUE)";"48,9074400000";"2,3413500000"
"202100024563";"11";"08";"2021";"23:10";"5";"93";"93070";"2";"1";"1";"3";"JEAN-JAURES (BD)";"48,9152000000";"2,3378200000"
"202100024564";"10";"08";"2021";"20:55";"1";"93";"93066";"2";"1";"1";"1";"Rue Lanne";"48,9330666090";"2,3572658301"
"202100024565";"12";"08";"2021";"09:10";"1";"93";"93001";"2";"1";"1";"6";"SAINT DENIS (RUE DE)";"48,9205900000";"2,3774100000"
"202100024566";"12";"08";"2021";"22:00";"5";"93";"93050";"2";"2";"1";"3";"AVRON (RUE)";"48,8591600000";"2,5242100000"
"202100024567";"12";"08";"2021";"19:45";"1";"93";"93030";"2";"9";"1";"6";"Avenue du 8 Mai 1945";"48,9473020000";"2,4362120000"
"202100024568";"12";"08";"2021";"15:00";"1";"93";"93027";"2";"1";"1";"3";"PASTEUR (BOULEVARD) DE 1 A 39";"48,9214700000";"2,3833400000"
"202100024569";"12";"08";"2021";"19:38";"1";"93";"93014";"2";"1";"1";"6";"AllÃ©e Anatole France";"48,9055000000";"2,5561400000"
"202100024570";"12";"08";"2021";"14:30";"1";"92";"92078";"2";"2";"1";"3";"GALLIENI (BD) (1 A 79 ET 22 A 102)";"48,9249257542";"2,3254832625"
"202100024571";"12";"08";"2021";"15:00";"1";"92";"92048";"2";"6";"1";"3";"VERDUN (AVENUE DE) DU 152 AU 226";"48,8179000000";"2,2488400000"
"202100024572";"12";"08";"2021";"01:29";"5";"92";"92025";"2";"2";"1";"3";"PONT DE BEZONS";"48,9190350000";"2,2229700000"
"202100024573";"7";"08";"2021";"00:39";"3";"13";"13215";"1";"1";"1";"2";"A7-Sens Lyon vers Marseille";"43,3494362275";"5,3693138366"
"202100024574";"11";"08";"2021";"19:50";"1";"13";"13088";"1";"1";"1";"4";"A55-Sens Marseille vers Martigues";"43,3830000000";"5,2205500000"
"202100024575";"11";"08";"2021";"07:24";"1";"13";"13210";"2";"1";"1";"4";"A50-Sens Marseille vers Aubagne";"43,2841973998";"5,4044795036"
"202100024576";"12";"08";"2021";"21:15";"2";"33";"33487";"1";"1";"1";"3";"Autoroute A10";"44,9499400000";" -0,4631000000"
"202100024577";"9";"08";"2021";"09:30";"1";"62";"62186";"1";"1";"1";"6";"AUTOROUTE A21";"50,4365890000";"2,7417910000"
"202100024578";"12";"08";"2021";"12:05";"1";"91";"91340";"1";"1";"1";"3";"AUTOROUTE A6";"48,6038200000";"2,4372100000"
"202100024579";"12";"08";"2021";"17:00";"1";"92";"92050";"1";"1";"1";"2";"A86";"48,9180852121";"2,2229496253"
"202100024580";"12";"08";"2021";"08:00";"1";"93";"93066";"1";"1";"1";"2";"AUTOROUTE A86";"48,9253310000";"2,3394300000"
"202100024581";"11";"08";"2021";"13:00";"1";"95";"95252";"1";"1";"1";"6";" A15";"48,9861300000";"2,2116500000"
"202100024582";"11";"08";"2021";"19:00";"1";"77";"77053";"1";"1";"1";"3";"RN104";"48,6983994113";"2,5940234615"
"202100024583";"10";"08";"2021";"21:10";"1";"72";"72181";"2";"3";"1";"3";"CHAPALAIN JEAN YVES (BD)";"47,9689300000";"0,2248900000"
"202100024584";"1";"05";"2021";"18:50";"1";"26";"26250";"1";"1";"2";"6";"A7 Pk 059.700";"45,0267380000";"4,8748610000"
"202100024585";"10";"08";"2021";"08:35";"1";"973";"97302";"2";"4";"1";"2";"BOUDINOT (AUGUSTE) CITE THEMIRE";"4,9338553721";" -52,3193589449"
"202100024586";"1";"08";"2021";"16:50";"1";"973";"97302";"2";"1";"1";"1";"ROBERT VIGNON (RUE)";"4,9318400000";" -52,3231100000"
"202100024587";"11";"08";"2021";"19:15";"1";"69";"69387";"2";"2";"1";"6";"BERTHELOT (AV)";"45,7452300000";"4,8417800000"
"202100024588";"11";"08";"2021";"17:30";"1";"69";"69388";"2";"3";"1";"2";"ALBERT THOMAS (CR)";"45,7455400000";"4,8712800000"
"202100024589";"11";"08";"2021";"23:11";"3";"95";"95018";"2";"2";"1";"3";"RD 41";"48,9469300000";"2,2381000000"
"202100024590";"10";"08";"2021";"18:45";"1";"91";"91339";"2";"2";"1";"3";"RUE DE LA DIVISION LECLERC";"48,6350100000";"2,2660600000"
"202100024591";"11";"08";"2021";"11:36";"1";"87";"87085";"2";"1";"1";"7";"AURIOL (AVENUE DU PRESIDENT VINCENT)";"45,8396700000";"1,2295000000"
"202100024592";"11";"08";"2021";"05:34";"5";"87";"87085";"2";"1";"1";"7";"BRIAND (RUE ARISTIDE)";"45,8563500000";"1,2842800000"
"202100024593";"10";"08";"2021";"04:19";"5";"87";"87085";"2";"3";"1";"3";"VANTEAUX (BOULEVARD DE)";"45,8209000000";"1,2303700000"
"202100024594";"11";"08";"2021";"09:23";"1";"77";"77251";"1";"3";"1";"6";"ALL DU TRAIT D'UNION";"48,6148850000";"2,5447730000"
"202100024595";"11";"08";"2021";"20:00";"1";"76";"76540";"2";"9";"1";"3";"GAMBETTA. BOULEVARD";"49,4386600000";"1,1079700000"
"202100024596";"11";"08";"2021";"17:30";"1";"76";"76575";"1";"1";"1";"2";"LENINE. BOULEVARD";"49,3977900000";"1,1116600000"
"202100024597";"10";"08";"2021";"21:35";"1";"74";"74012";"2";"9";"1";"5";"GENEVE (RUE DE)";"46,1928900000";"6,2255600000"
"202100024598";"11";"08";"2021";"11:00";"1";"72";"72181";"2";"1";"1";"6";"ISAAC (RUE) NÂ° IMP 1 A 141";"48,0129800000";"0,2156400000"
"202100024599";"11";"08";"2021";"09:00";"1";"69";"69029";"2";"1";"1";"6";"BLEUETS (DES) (R)";"45,7494321182";"4,9031598866"
"202100024600";"11";"08";"2021";"13:30";"1";"59";"59599";"2";"3";"1";"1";"ORIONS (RUE DES)";"50,7348790000";"3,1356200000"
"202100024601";"10";"08";"2021";"15:00";"1";"59";"59009";"2";"2";"1";"3";"RD 626";"50,6262000000";"3,1365000000"
"202100024602";"11";"08";"2021";"21:50";"3";"57";"57487";"1";"1";"1";"3";"RD157B";"49,0982400000";"6,1178900000"
"202100024603";"11";"08";"2021";"13:44";"1";"51";"51172";"2";"6";"1";"3";"Place de la SolidaritÃ©";"49,2174400000";"4,0464900000"
"202100024604";"9";"08";"2021";"13:10";"1";"49";"49099";"2";"1";"1";"3";"SAINT PIERRE (RUE)";"47,0611600000";" -0,8772000000"
"202100024605";"11";"08";"2021";"20:15";"1";"45";"45232";"2";"1";"1";"6";"Rue du petit Bois";"47,8612700000";"1,9113400000"
"202100024606";"8";"08";"2021";"01:45";"5";"44";"44109";"1";"2";"2";"3";"ROUTE DE PARIS";"47,2601800000";" -1,4994600000"
"202100024607";"11";"08";"2021";"17:10";"1";"37";"37233";"1";"1";"1";"1";"CASANOVA (RUE DANIELLE)";"47,3961488988";"0,7383316755"
"202100024608";"11";"08";"2021";"14:00";"1";"37";"37261";"2";"2";"1";"6";"GRAMMONT (AVENUE DE)";"47,3840397110";"0,6912592517"
"202100024609";"10";"08";"2021";"21:45";"5";"34";"34172";"2";"1";"1";"6";"LIBERTE (AVENUE DE LA";"43,6088732230";"3,8419505954"
"202100024610";"11";"08";"2021";"09:10";"1";"33";"33063";"2";"1";"1";"6";"TOULOUSE (RTE DE) (1-51) IMPAIRS";"44,8129600000";" -0,5734800000"
"202100024611";"11";"08";"2021";"09:20";"1";"33";"33009";"2";"1";"7";"6";"Boulevard de la Plage";"44,6587382359";" -1,1515882916"
"202100024612";"10";"08";"2021";"17:25";"1";"29";"29232";"2";"1";"1";"6";"Rue du Cosquer";"48,0019200000";" -4,1120400000"
"202100024613";"11";"08";"2021";"14:56";"1";"29";"29019";"2";"9";"1";"3";"Avenue de Tarente";"48,4030810000";" -4,5063900000"
"202100024614";"11";"08";"2021";"17:30";"1";"26";"26198";"1";"1";"1";"6";"7 Rue Roger Morin";"44,5792100000";"4,7449200000"
"202100024615";"10";"08";"2021";"13:45";"1";"14";"14001";"2";"1";"2";"7";"D140";"49,3899700000";"0,2764800000"
"202100024616";"11";"08";"2021";"02:50";"5";"14";"14118";"2";"9";"1";"6";"Boulevard Yves Guillou";"49,1732200000";" -0,3745300000"
"202100024617";"11";"08";"2021";"12:10";"1";"14";"14118";"2";"6";"1";"2";"Rue de Rosel";"49,1882100000";" -0,3783000000"
"202100024618";"11";"08";"2021";"17:05";"1";"13";"13211";"2";"1";"1";"1";"SAINT MENET (AVENUE DE)";"43,2891232174";"5,5109548136"
"202100024619";"11";"08";"2021";"08:00";"1";"13";"13206";"2";"1";"1";"3";"JULES CANTINI (AVENUE)";"43,2836200000";"5,3873100000"
"202100024620";"11";"08";"2021";"07:35";"1";"13";"13075";"2";"3";"1";"3";"L'ENJOLRAS (AVE DE)";"43,3376600000";"5,4528200000"
"202100024621";"11";"08";"2021";"22:50";"5";"13";"13063";"2";"9";"1";"3";"THEODORE AUBANEL BOULEVARD";"43,5878800000";"4,9994800000"
"202100024622";"10";"08";"2021";"11:20";"1";"12";"12145";"2";"3";"1";"3";"DELMAS ETIENNE";"44,1055845691";"3,0842374340"
"202100024623";"11";"08";"2021";"13:00";"1";"07";"07281";"1";"1";"1";"7";"N/A";"44,9519000000";"4,8235000000"
"202100024624";"10";"08";"2021";"11:30";"1";"06";"06088";"2";"1";"1";"6";"STE-MARGUERITE (AV.) (A PARTIR DU 62-63)";"43,6811700000";"7,2066300000"
"202100024625";"10";"08";"2021";"12:10";"1";"05";"05061";"2";"4";"1";"2";"EMILE DIDIER ( AV )";"44,5653420000";"6,0921920000"
"202100024626";"11";"08";"2021";"15:00";"1";"75";"75105";"2";"3";"1";"3";"BOULEVARD DE L HOPITAL";"48,8418540000";"2,3631480000"
"202100024627";"10";"08";"2021";"09:35";"1";"75";"75116";"2";"2";"2";"3";"ALLEE DE LA REINE MARGUERITE";"48,8585200000";"2,2448100000"
"202100024628";"11";"08";"2021";"09:01";"1";"75";"75114";"2";"3";"1";"3";"BOULEVARD ARAGO";"48,8346540000";"2,3382210000"
"202100024629";"11";"08";"2021";"06:40";"1";"75";"75113";"2";"3";"1";"3";"QUAI D AUSTERLITZ";"48,8379450000";"2,3732660000"
"202100024630";"10";"08";"2021";"23:15";"5";"75";"75109";"2";"3";"1";"3";"RUE DE CLICHY";"48,8781360000";"2,3301160000"
"202100024631";"11";"08";"2021";"16:04";"1";"75";"75101";"2";"2";"1";"6";"RUE DE RIVOLI";"48,8663882209";"2,3234843574"
"202100024632";"11";"08";"2021";"00:15";"5";"75";"75104";"2";"2";"2";"2";"QUAI DES CELESTINS";"48,8533550000";"2,3578130000"
"202100024633";"11";"08";"2021";"16:45";"1";"75";"75104";"2";"2";"1";"3";"RUE CRILLON";"48,8495140000";"2,3656500000"
"202100024634";"11";"08";"2021";"17:00";"1";"94";"94081";"2";"1";"1";"6";"HUIT MAI 1945 (AV DU)";"48,7843900000";"2,3978900000"
"202100024635";"9";"08";"2021";"13:20";"1";"94";"94068";"2";"2";"1";"6";"MAURICE BERTEAUX (BD)";"48,8109300000";"2,4694500000"
"202100024636";"11";"08";"2021";"03:46";"5";"94";"94016";"2";"3";"1";"6";"GABRIEL PERI (R)";"48,7922700000";"2,3439100000"
"202100024637";"10";"08";"2021";"19:00";"1";"94";"94076";"2";"3";"1";"3";"PAUL VAILLANT COUTURIER (AV)";"48,7944700000";"2,3585800000"
"202100024638";"11";"08";"2021";"22:50";"5";"93";"93072";"2";"9";"1";"6";"AMELIE (RUE)";"48,9656900000";"2,3852700000"
"202100024639";"11";"08";"2021";"05:20";"5";"93";"93066";"2";"2";"1";"6";"Avenue Roger SÃ©mat / Avenue LÃ©nine";"48,9470450000";"2,3574260000"
"202100024640";"11";"08";"2021";"22:20";"5";"92";"92051";"2";"1";"1";"2";"RICHARD WALLACE (BOULEVARD)";"48,8757143571";"2,2485467792"
"202100024641";"11";"08";"2021";"15:55";"1";"92";"92050";"2";"5";"1";"6";"CLEMENCEAU GEORGES AVENUE NÂ°IMPAIR";"48,8864939027";"2,2089990982"
"202100024642";"11";"08";"2021";"09:10";"1";"92";"92050";"2";"3";"1";"3";"PONS NOEL RUE";"48,9040200000";"2,2187000000"
"202100024643";"10";"08";"2021";"23:00";"5";"92";"92062";"2";"9";"1";"1";"PARVIS (LE)";"48,8918290000";"2,2378060000"
"202100024644";"11";"08";"2021";"08:15";"1";"92";"92025";"2";"3";"1";"3";"GABRIEL PERI (RUE)";"48,9180704930";"2,2385330919"
"202100024645";"10";"08";"2021";"11:00";"1";"92";"92024";"2";"3";"1";"3";"VICTOR HUGO (BD)";"48,8988810419";"2,3127839502"
"202100024646";"30";"07";"2021";"16:05";"1";"92";"92024";"2";"1";"1";"5";"CLICHY (QUAI DE) DE (8 A 60)";"48,9039598051";"2,2907553613"
"202100024647";"1";"07";"2021";"17:00";"1";"92";"92004";"2";"3";"1";"3";"VOLTAIRE  ( BD 01 A 15 )";"48,9165677380";"2,2890213132"
"202100024648";"12";"08";"2021";"14:45";"1";"50";"50117";"1";"1";"1";"2";"La Hoguelle";"48,7363060000";" -1,5500920000"
"202100024649";"3";"08";"2021";"06:50";"2";"40";"40304";"2";"2";"1";"3";"Avenue du Touring Club";"43,6572270000";" -1,4290810000"
"202100024650";"12";"08";"2021";"15:35";"1";"10";"10282";"1";"4";"1";"3";"Ferme de la Malmaison";"48,3650530000";"3,9696260000"
"202100024651";"11";"08";"2021";"17:30";"2";"974";"97405";"1";"1";"1";"2";"N2";" -21,3679970000";"55,5631720000"
"202100024652";"11";"08";"2021";"17:50";"1";"972";"97225";"2";"1";"1";"2";"Boulevard Saint-LÃ©ger Lalun (Chemin piÃ©ton)";"14,7448140000";" -61,1765130000"
"202100024653";"12";"08";"2021";"16:00";"1";"23";"23245";"1";"1";"3";"6";"Le Monteil";"46,1872290000";"1,8241380000"
"202100024654";"11";"08";"2021";"08:15";"1";"46";"46206";"1";"1";"1";"6";"D7";"44,2849510000";"1,2029390000"
"202100024655";"11";"08";"2021";"11:10";"1";"42";"42253";"2";"1";"1";"2";"615 Route de Roanne";"46,0395040000";"4,0150600000"
"202100024656";"12";"08";"2021";"02:00";"3";"25";"25156";"1";"1";"1";"7";"A36";"47,4093030000";"6,5013580000"
"202100024657";"12";"08";"2021";"08:10";"1";"50";"50214";"1";"1";"1";"4";"A84";"48,9343700000";" -1,0714240000"
"202100024658";"12";"08";"2021";"11:05";"1";"34";"34169";"1";"1";"1";"2";"D.17";"43,6685240000";"3,8682820000"
"202100024659";"11";"08";"2021";"03:20";"5";"31";"31157";"2";"1";"1";"6";"Route de Tournefeuille";"43,5423740000";"1,3381760000"
"202100024660";"11";"08";"2021";"05:45";"2";"71";"71263";"2";"2";"1";"6";"Place Saint-Jean";"46,6297457278";"5,2254213683"
"202100024661";"6";"08";"2021";"22:46";"4";"71";"71202";"1";"3";"1";"2";"D906";"46,8478352948";"4,8089702235"
"202100024662";"11";"08";"2021";"09:45";"1";"35";"35224";"2";"2";"7";"3";"Rue de la Croix du Fresne";"48,5212720000";" -1,8482060000"
"202100024663";"11";"08";"2021";"16:40";"1";"14";"14403";"2";"7";"1";"6";"D143A";"49,1388600000";"0,3726500000"
"202100024664";"12";"08";"2021";"11:00";"1";"14";"14203";"1";"3";"1";"3";"D400 ";"49,2304900000";" -0,0863890000"
"202100024665";"12";"08";"2021";"12:05";"1";"60";"60481";"1";"3";"1";"3";"D123";"49,2897320000";"2,8453100000"
"202100024666";"9";"08";"2021";"13:05";"1";"45";"45234";"2";"3";"1";"1";"Route de Concyr";"47,8196713444";"1,9467618513"
"202100024667";"11";"08";"2021";"08:50";"1";"10";"10033";"2";"1";"1";"6";"5 Rue du Jard";"48,2356570000";"4,7019820000"
"202100024668";"11";"08";"2021";"10:30";"1";"16";"16003";"2";"1";"1";"2";"Lieu-dit Le Pont d'Agris";"45,7846700000";"0,3421480000"
"202100024669";"12";"08";"2021";"14:05";"1";"24";"24404";"1";"1";"2";"1";"D710";"44,9962850000";"0,8879830000"
"202100024670";"12";"08";"2021";"09:45";"1";"04";"04022";"1";"3";"1";"1";"RN 202 / RD 469";"43,9593760000";"6,4323770000"
"202100024671";"11";"08";"2021";"16:00";"1";"85";"85288";"2";"1";"1";"3";"Rue du Port de la GuittiÃ¨re";"46,4572290000";" -1,6201990000"
"202100024672";"11";"08";"2021";"15:50";"1";"28";"28232";"1";"1";"1";"6";"6 Route de Senonches";"48,5373740000";"0,9420310000"
"202100024673";"7";"08";"2021";"17:35";"1";"37";"37270";"1";"2";"1";"3";"Rue de la Meslerie";"47,4414315292";"0,8443662375"
"202100024674";"12";"08";"2021";"13:19";"1";"67";"67115";"1";"1";"1";"4";"A35";"48,3094880000";"7,4765400000"
"202100024675";"12";"08";"2021";"04:50";"3";"67";"67155";"1";"1";"1";"6";"A35 PK 424.600";"48,4008450000";"7,4773550000"
"202100024676";"11";"08";"2021";"18:40";"1";"56";"56173";"1";"2";"1";"3";"L'AlÃ© Fau";"47,9533530000";" -2,9996590000"
"202100024677";"12";"08";"2021";"16:00";"1";"13";"13032";"1";"1";"1";"7";"Route de Pelissanne";"43,5879760000";"5,2915050000"
"202100024678";"12";"08";"2021";"09:30";"1";"988";"98827";"2";"1";"7";"6";"Village de NÃ©poui";" -21,3292860000";"164,9945530000"
"202100024679";"12";"08";"2021";"08:25";"1";"973";"97312";"1";"1";"1";"7";"nationnale 1";"5,3808670000";" -52,9798080000"
"202100024680";"12";"08";"2021";"08:45";"1";"28";"28073";"1";"1";"1";"1";"D28";"48,4998190000";"1,6795350000"
"202100024681";"11";"08";"2021";"19:14";"1";"45";"45340";"1";"1";"1";"3";"Route de Vannes sur Cossons";"47,6893990000";"2,3120960000"
"202100024682";"7";"08";"2021";"02:50";"3";"34";"34209";"1";"1";"1";"7";"D 612";"43,3139060000";"3,3506530000"
"202100024683";"12";"08";"2021";"13:15";"1";"83";"83119";"2";"1";"1";"3";"Route des Plages";"43,2549940000";"6,6373920000"
"202100024684";"12";"08";"2021";"09:15";"1";"83";"83107";"2";"1";"1";"2";"Corniche des Issambres";"43,3418335850";"6,6929622513"
"202100024685";"11";"08";"2021";"11:00";"1";"13";"13096";"1";"1";"1";"2";"D38c";"43,5461060000";"4,3505000000"
"202100024686";"12";"08";"2021";"10:45";"1";"26";"26002";"1";"1";"1";"3";"Autoroute 7";"45,2583840000";"4,8363440000"
"202100024687";"12";"08";"2021";"08:00";"1";"25";"25043";"2";"1";"1";"1";"5 Rue du GÃ©nÃ©ral de Gaulle";"47,4946800000";"6,7718140000"
"202100024688";"12";"08";"2021";"17:30";"1";"26";"26064";"2";"1";"1";"1";"Avenue de Romans";"44,9104350000";"5,0196420000"
"202100024689";"11";"08";"2021";"14:45";"1";"81";"81090";"1";"1";"1";"7";"LA TOUR";"43,8589470000";"2,0755150000"
"202100024690";"12";"08";"2021";"18:00";"1";"81";"81116";"1";"1";"1";"6";"D47";"43,6989690000";"1,8523760000"
"202100024691";"11";"08";"2021";"14:25";"1";"19";"19146";"2";"9";"1";"3";"D58";"45,3126776949";"1,7701774835"
"202100024692";"11";"08";"2021";"14:00";"1";"17";"17452";"1";"1";"1";"6";"D25";"45,7571860000";" -1,2190690000"
"202100024693";"11";"08";"2021";"17:15";"1";"40";"40063";"2";"1";"1";"3";"589 Route de Montfort";"43,7113870000";" -0,9747150000"
"202100024694";"11";"08";"2021";"17:35";"1";"33";"33449";"2";"1";"1";"3";"Rue Albert Menaut";"44,8937110000";" -0,7177300000"
"202100024695";"12";"08";"2021";"17:18";"1";"60";"60628";"1";"1";"1";"7";"D94";"49,4169202176";"2,1728253365"
"202100024696";"10";"08";"2021";"22:30";"5";"13";"13202";"1";"1";"1";"2";"A55-Sens Marseille vers Martigues";"43,3108300000";"5,3691100000"
"202100024697";"11";"08";"2021";"19:50";"1";"91";"91617";"1";"1";"1";"6";"RN 104";"48,6420000000";"2,5330000000"
"202100024698";"11";"08";"2021";"17:05";"1";"94";"94043";"1";"1";"1";"4";"AUTOROUTE A6B";"48,8083944082";"2,3479803478"
"202100024699";"11";"08";"2021";"17:30";"1";"92";"92064";"1";"1";"1";"4";"A13";"48,8405738553";"2,2205005028"
"202100024700";"11";"08";"2021";"00:20";"3";"95";"95572";"1";"1";"1";"2";" A15";"49,0317800000";"2,1169300000"
"202100024701";"11";"08";"2021";"14:30";"1";"94";"94052";"1";"1";"1";"2";"A4";"48,8264700000";"2,4665600000"
"202100024702";"11";"08";"2021";"12:00";"1";"94";"94046";"1";"1";"1";"6";"A86 EXT";"48,8107024269";"2,4491754571"
"202100024703";"29";"01";"2021";"17:35";"5";"78";"78158";"2";"6";"1";"6";"N/A";"48,8290510000";"2,1175210000"