"Num_Acc";"jour";"mois";"an";"hrmn";"lum";"dep";"com";"agg";"int";"atm";"col";"adr";"lat";"long"
"202100024704";"9";"08";"2021";"20:55";"5";"976";"97611";"2";"1";"1";"6";"m'tsapere-Belle vue ( rue )";" -12,7839000000";"45,2203700000"
"202100024705";"9";"08";"2021";"20:40";"1";"71";"71076";"2";"1";"1";"6";"AMSTERDAM (RUE D')";"46,7843000000";"4,8643000000"
"202100024706";"9";"08";"2021";"19:30";"2";"21";"21231";"2";"3";"1";"6";"BOURGES (DE) (RUE)";"47,3204308999";"5,0044842031"
"202100024707";"10";"08";"2021";"19:15";"1";"06";"06088";"2";"3";"1";"3";"CESSOLE (BD DE) (JUSQU'AU NÂ° 93-110)";"43,7126709538";"7,2552640736"
"202100024708";"10";"08";"2021";"14:50";"1";"92";"92025";"2";"7";"1";"5";"GABRIEL PERI (RUE)";"48,9182420000";"2,2389500000"
"202100024709";"10";"08";"2021";"17:30";"1";"974";"97416";"1";"1";"1";"7";"BASSIN PLAT(CHEMIN)";" -21,3297900000";"55,4975000000"
"202100024710";"10";"08";"2021";"15:40";"1";"974";"97411";"2";"1";"1";"3";"MACE (ROUTE GABRIEL)";" -20,9072000000";"55,5039300000"
"202100024711";"10";"08";"2021";"15:00";"1";"974";"97411";"2";"1";"1";"3";"LECLERC (DU MARECHAL)";" -20,8796700000";"55,4558200000"
"202100024712";"10";"08";"2021";"08:30";"1";"973";"97302";"2";"1";"2";"7";"FLAMBOYANTS (RUE DES)";"4,9219348012";" -52,3219794631"
"202100024713";"9";"08";"2021";"19:45";"1";"69";"69259";"2";"1";"1";"3";"VIENNE (DE) (RTE)";"45,7181554681";"4,8546051979"
"202100024714";"10";"08";"2021";"10:00";"1";"972";"97209";"2";"1";"1";"6";"ISAMBERT (RUE)";"14,6041650000";" -61,0720490000"
"202100024715";"10";"08";"2021";"09:10";"1";"972";"97209";"2";"1";"1";"6";"FRANTZ FANON (AVENUE)";"14,6052500000";" -61,0844600000"
"202100024716";"10";"08";"2021";"21:27";"5";"2B";"2B033";"2";"3";"1";"3";"AV DE LA LIBERATION";"42,6795600000";"9,4433600000"
"202100024717";"10";"08";"2021";"16:43";"1";"2B";"2B120";"1";"1";"1";"2";"11 - RT";"42,6361620000";"9,4385960000"
"202100024718";"10";"08";"2021";"00:25";"3";"91";"91692";"1";"6";"1";"6";"OCEANIE (AVENUE DE L')";"48,6759100000";"2,1943900000"
"202100024719";"9";"08";"2021";"12:55";"1";"91";"91201";"2";"2";"1";"5";"RUE CHARLES MORY";"48,6834900000";"2,4320400000"
"202100024720";"10";"08";"2021";"16:35";"1";"91";"91433";"1";"1";"1";"2";"R.D. 20";"48,4633200000";"2,1802500000"
"202100024721";"9";"08";"2021";"16:12";"1";"87";"87085";"2";"1";"1";"6";"GIFFARD (RUE HENRI)";"45,8702100000";"1,2681000000"
"202100024722";"10";"08";"2021";"14:25";"1";"86";"86194";"2";"9";"1";"1";"Avenue John Kennedy";"46,5880940000";"0,3634150000"
"202100024723";"10";"08";"2021";"08:40";"1";"83";"83137";"2";"4";"1";"3";"GASQUET (AVE JOSEPH DE 1408 A FIN";"43,1220350000";"5,9735090000"
"202100024724";"10";"08";"2021";"13:55";"1";"72";"72181";"2";"9";"1";"3";"PIFFAULT PIERRE (AV) BESSEMER A MONNIER";"47,9785900000";"0,1700000000"
"202100024725";"9";"08";"2021";"18:35";"1";"67";"67218";"2";"3";"1";"3";"ALAMANS (RUE DES)";"48,5372600000";"7,7325800000"
"202100024726";"9";"08";"2021";"11:00";"1";"67";"67482";"2";"1";"1";"3";"EGLISE ROUGE (RUE DE L )";"48,5926500000";"7,7458600000"
"202100024727";"9";"08";"2021";"17:12";"1";"66";"66136";"2";"1";"1";"4";"ESPAGNE (ROUTE D')";"42,6743800000";"2,8880600000"
"202100024728";"9";"08";"2021";"12:44";"1";"66";"66136";"2";"3";"1";"6";"BOURRAT BOULEVARD JEAN";"42,7005803779";"2,9024824202"
"202100024729";"10";"08";"2021";"17:20";"1";"65";"65100";"2";"6";"1";"3";"MONTAIGU (RUE DU)";"43,2582800000";"0,0395700000"
"202100024730";"10";"08";"2021";"18:43";"1";"64";"64483";"2";"7";"1";"3";"LAYATS (AVENUE DE)";"43,3990200000";" -1,6402900000"
"202100024731";"10";"08";"2021";"23:35";"5";"64";"64102";"2";"1";"1";"7";"Chemin de Jupiter";"43,4802300000";" -1,4524800000"
"202100024732";"9";"08";"2021";"11:10";"1";"63";"63113";"2";"1";"1";"6";"SAINT ALYRE (RUE)";"45,7865100000";"3,0811700000"
"202100024733";"5";"08";"2021";"07:55";"1";"63";"63113";"2";"3";"1";"3";"LAVOISIERS (BD)";"45,7872800000";"3,0832200000"
"202100024734";"9";"08";"2021";"13:30";"1";"59";"59350";"2";"1";"3";"3";"FAUBOURG D'ARRAS RUE";"50,6081200000";"3,0595530000"
"202100024735";"10";"08";"2021";"18:20";"1";"54";"54547";"2";"1";"1";"3";"DOUMER (AVENUE PAUL)";"48,6749163779";"6,1872406304"
"202100024736";"10";"08";"2021";"17:00";"1";"54";"54339";"2";"2";"1";"7";"SAINT MICHEL (AVENUE)";"48,7049920549";"6,1952879280"
"202100024737";"9";"08";"2021";"19:20";"1";"54";"54395";"2";"1";"1";"6";"SAINT DIZIER (RUE 82 ET 113 A FIN)";"48,6878057820";"6,1846809648"
"202100024738";"7";"08";"2021";"01:45";"5";"54";"54329";"2";"1";"1";"6";"RUE BOUTET DE MONVEL";"48,6007000000";"6,4920300000"
"202100024739";"10";"08";"2021";"13:30";"1";"51";"51454";"2";"4";"1";"2";"Avenue du GÃ©nÃ©ral Giraud";"49,2407400000";"4,0529300000"
"202100024740";"9";"08";"2021";"17:07";"1";"49";"49007";"2";"3";"1";"1";"JAURES";"47,4578145759";" -0,5228403211"
"202100024741";"9";"08";"2021";"08:51";"1";"49";"49007";"2";"1";"1";"3";"COUBERTIN BOULEVARD";"47,4676300000";" -0,5295700000"
"202100024742";"10";"08";"2021";"08:20";"1";"45";"45274";"1";"1";"1";"2";"2619 Route de Sandillon";"47,8660400000";"1,9638100000"
"202100024743";"10";"08";"2021";"01:15";"3";"45";"45234";"1";"1";"1";"6";"D2020-PR 36+500";"47,8364000000";"1,9161900000"
"202100024744";"10";"08";"2021";"13:35";"1";"45";"45004";"1";"1";"1";"6";"Rue du Pont dâArdan";"47,9836791334";"2,8257822990"
"202100024745";"9";"08";"2021";"14:24";"1";"42";"42218";"2";"1";"1";"3";"Rue des AlliÃ©s";"45,4408018321";"4,4118251216"
"202100024746";"29";"07";"2021";"16:00";"1";"40";"40192";"2";"1";"1";"1";"NAHUQUES (ALLEES DE)";"43,8908200000";" -0,4735600000"
"202100024747";"16";"07";"2021";"01:00";"3";"34";"34108";"1";"1";"1";"7";"VAUBAN (AVENUE)";"43,4317820000";"3,7691920000"
"202100024748";"10";"08";"2021";"13:35";"1";"33";"33318";"2";"2";"1";"3";"Avenue de Beutre";"44,8069600000";" -0,6929400000"
"202100024749";"10";"08";"2021";"15:15";"1";"33";"33063";"2";"2";"1";"3";"Rue dâEnghien";"44,8459800000";" -0,5766400000"
"202100024750";"10";"08";"2021";"11:40";"1";"33";"33281";"2";"2";"1";"3";"Avenue Marcel Dassault";"44,8435100000";" -0,6729600000"
"202100024751";"10";"08";"2021";"19:25";"1";"33";"33529";"2";"1";"1";"2";"Route du Lac";"44,5273100000";" -1,1708800000"
"202100024752";"10";"08";"2021";"17:00";"1";"33";"33009";"2";"1";"1";"6";"AllÃ©e Florida";"44,6495900000";" -1,1872100000"
"202100024753";"10";"08";"2021";"08:30";"1";"29";"29232";"2";"1";"1";"7";"Boulevard de Poulguinan";"47,9800200000";" -4,1210400000"
"202100024754";"9";"08";"2021";"21:00";"5";"17";"17415";"1";"1";"1";"3";"GATERAT LIEU DIT";"45,7456180000";" -0,6880750000"
"202100024755";"10";"08";"2021";"00:10";"5";"17";"17300";"2";"6";"1";"1";"CHURCHILL   BOULEVARD WINSTON";"46,1538200000";" -1,1806200000"
"202100024756";"4";"08";"2021";"16:20";"1";"13";"13202";"2";"2";"8";"3";"PEYSONNEL (RUE)";"43,3111800000";"5,3704100000"
"202100024757";"9";"08";"2021";"05:15";"2";"13";"13202";"2";"2";"1";"3";"PEYSONNEL (RUE)";"43,3113600000";"5,3704600000"
"202100024758";"11";"07";"2021";"03:24";"5";"11";"11069";"2";"1";"1";"6";"SOUVENIR FRANCAIS -AVENUE-";"43,2086800000";"2,3815100000"
"202100024759";"10";"08";"2021";"10:40";"1";"09";"09225";"2";"1";"1";"3";"PASSERONNE CHEMIN DE LA";"43,1014000000";"1,6239900000"
"202100024760";"10";"08";"2021";"10:35";"1";"07";"07281";"1";"1";"1";"7";"C.D. 533 (VERS LE PUY)";"44,9286600000";"4,8079100000"
"202100024761";"9";"08";"2021";"12:00";"1";"75";"75105";"2";"2";"1";"3";"RUE MONGE";"48,8466000000";"2,3516500000"
"202100024762";"9";"08";"2021";"22:40";"5";"75";"75120";"2";"2";"1";"3";"BOULEVARD DAVOUT";"48,8490650000";"2,4114900000"
"202100024763";"10";"08";"2021";"12:30";"1";"75";"75119";"2";"3";"1";"6";"AVENUE DE LA PORTE BRUNET";"48,8834390000";"2,3957890000"
"202100024764";"10";"08";"2021";"11:35";"1";"75";"75116";"2";"3";"1";"6";"AVENUE THEOPHILE GAUTIER";"48,8511840000";"2,2752260000"
"202100024765";"8";"08";"2021";"20:00";"2";"75";"75116";"2";"1";"1";"2";"ROUTE DES TRIBUNES";"48,8599250000";"2,2295390000"
"202100024766";"8";"08";"2021";"11:11";"1";"75";"75108";"2";"7";"1";"3";"PLACE DE L ALMA";"48,8647280000";"2,3016520000"
"202100024767";"9";"08";"2021";"16:05";"1";"75";"75115";"2";"1";"1";"6";"RUE DES ENTREPRENEURS";"48,8431730000";"2,2943200000"
"202100024768";"10";"08";"2021";"14:18";"1";"75";"75113";"2";"1";"1";"6";"RUE DE TOLBIAC";"48,8301560000";"2,3760150000"
"202100024769";"9";"08";"2021";"10:40";"1";"75";"75113";"2";"7";"1";"2";"PLACE D ITALIE";"48,8315890000";"2,3562210000"
"202100024770";"10";"08";"2021";"18:00";"1";"75";"75112";"2";"6";"1";"2";"ROUTE DE LA PYRAMIDE";"48,8340530000";"2,4448330000"
"202100024771";"8";"08";"2021";"13:26";"1";"75";"75112";"2";"2";"1";"3";"BOULEVARD PONIATOWSKI";"48,8317990000";"2,3977420000"
"202100024772";"10";"08";"2021";"19:25";"1";"75";"75104";"2";"1";"1";"3";"QUAI DES CELESTINS";"48,8518420000";"2,3614850000"
"202100024773";"10";"08";"2021";"09:54";"1";"94";"94046";"2";"1";"1";"3";"Avenue du GÃ©nÃ©ral Leclerc";"48,8046000000";"2,4432900000"
"202100024774";"9";"08";"2021";"19:00";"1";"94";"94046";"2";"1";"1";"3";"Avenue de la RÃ©publique";"48,8098250000";"2,4548780000"
"202100024775";"10";"08";"2021";"15:00";"1";"94";"94022";"2";"1";"1";"3";"STALINGRAD (BD DE)";"48,7727400000";"2,4001200000"
"202100024776";"10";"08";"2021";"19:25";"1";"93";"93027";"2";"7";"1";"6";"FONTENAY (MAIL MAURICE DE)";"48,9282000000";"2,3783900000"
"202100024777";"9";"08";"2021";"19:00";"1";"93";"93071";"2";"1";"1";"3";"Avenue Martin Luther King";"48,9504200000";"2,5298040000"
"202100024778";"10";"08";"2021";"20:15";"1";"93";"93066";"2";"9";"1";"6";"Rue de Sevran";"48,9411200000";"2,3789620000"
"202100024779";"10";"08";"2021";"13:40";"1";"93";"93031";"2";"6";"1";"3";"JOFFRE (AVENUE)";"48,9616500000";"2,2949900000"
"202100024780";"10";"08";"2021";"10:30";"1";"93";"93014";"2";"1";"1";"2";"Boulevard Gagarine";"48,9048100000";"2,5451600000"
"202100024781";"10";"08";"2021";"17:30";"1";"93";"93001";"2";"9";"1";"6";"STALINGRAD (SQUARE)";"48,9115205762";"2,3831959884"
"202100024782";"10";"08";"2021";"16:55";"1";"92";"92050";"2";"2";"1";"3";"SARTROUVILLE RUE DE";"48,9098480979";"2,2156306005"
"202100024783";"10";"08";"2021";"17:00";"1";"92";"92050";"2";"1";"1";"3";"JOLIOT CURIE F. ET IRENE AVENUE  NÂ°PAIRS";"48,8922500000";"2,2093500000"
"202100024784";"11";"08";"2021";"12:30";"1";"35";"35176";"1";"1";"1";"1";"La Mauvaisinaie";"47,8575470000";" -1,8774820000"
"202100024785";"10";"08";"2021";"20:10";"1";"69";"69285";"1";"1";"1";"6";"D302";"45,7645192516";"5,0365233421"
"202100024786";"11";"08";"2021";"00:15";"3";"64";"64367";"1";"1";"1";"7";"20 Route de Loubieng";"43,4339940000";" -0,6984100000"
"202100024787";"10";"08";"2021";"10:45";"1";"71";"71398";"1";"2";"1";"3";"Route d Oslon";"46,7591390000";"4,9955930000"
"202100024788";"11";"08";"2021";"08:35";"1";"77";"77355";"1";"2";"1";"6";"Intersection D209 / D403";"48,4869670000";"3,2122510000"
"202100024789";"10";"08";"2021";"13:35";"1";"77";"77522";"1";"2";"1";"7";"D411";"48,4508660000";"3,3776310000"
"202100024790";"11";"08";"2021";"09:25";"1";"80";"80310";"1";"1";"1";"6";"DÃ©partementale 925";"50,1237350000";"2,2339260000"
"202100024791";"6";"08";"2021";"02:45";"3";"81";"81064";"1";"1";"1";"7";"le fangas";"43,9680210000";"1,8128140000"
"202100024792";"11";"08";"2021";"18:10";"1";"55";"55015";"1";"1";"1";"7";"PK9+950";"48,6412935671";"5,1112926006"
"202100024793";"10";"08";"2021";"20:45";"1";"49";"49331";"2";"1";"1";"6";"Rue Ernest Renan";"47,6858350000";" -0,8749790000"
"202100024794";"10";"08";"2021";"15:30";"1";"42";"42302";"2";"1";"1";"3";"Rue des Ãcoles";"45,5041400000";"4,4350920000"
"202100024795";"10";"08";"2021";"17:25";"1";"46";"46121";"1";"1";"1";"7";"Femmes Mortes";"44,7198970000";"1,5243850000"
"202100024796";"10";"08";"2021";"11:45";"1";"25";"25464";"1";"1";"1";"6";"N/A";"46,7237160000";"6,1523170000"
"202100024797";"9";"08";"2021";"15:40";"1";"25";"25356";"2";"3";"1";"3";"16 Rue du GÃ©nÃ©ral de Gaulle";"47,2525680000";"6,8016150000"
"202100024798";"10";"08";"2021";"14:47";"1";"29";"29160";"1";"1";"1";"7";"Lieu Dit Penvern";"48,5190075791";" -4,4388279319"
"202100024799";"11";"08";"2021";"02:25";"3";"84";"84121";"1";"1";"1";"7";"D37";"43,7475640000";"5,4913620000"
"202100024800";"10";"08";"2021";"16:25";"1";"85";"85093";"1";"1";"1";"6";"Bel Air";"46,6592050000";" -1,2240310000"
"202100024801";"11";"08";"2021";"08:30";"1";"14";"14086";"1";"1";"1";"1";"D288";"49,3388141045";"0,1072068213"
"202100024802";"11";"08";"2021";"15:10";"1";"14";"14543";"2";"2";"1";"6";"D613";"49,1998670000";" -0,4776050000"
"202100024803";"10";"08";"2021";"15:00";"1";"50";"50215";"1";"1";"1";"7";"Rue de la Clerquerie";"49,0853770000";" -1,5470020000"
"202100024804";"11";"08";"2021";"10:25";"1";"90";"90063";"2";"1";"1";"3";"1 Rue Saint Dizier";"47,4896440000";"6,9760070000"
"202100024805";"22";"06";"2021";"14:17";"1";"45";"45018";"2";"1";"8";"6";"Le Vau";"48,1170620000";"2,4829530000"
"202100024806";"10";"08";"2021";"11:40";"1";"18";"18223";"1";"1";"1";"7";"pk 35 D68";"47,1941310000";"2,3670550000"
"202100024807";"10";"08";"2021";"17:13";"1";"85";"85004";"1";"3";"1";"6";"D 747";"46,3978730000";" -1,3973790000"
"202100024808";"10";"08";"2021";"10:25";"1";"28";"28282";"1";"1";"1";"7";"D30.2";"48,3365220000";"1,1428180000"
"202100024809";"11";"08";"2021";"11:35";"1";"48";"48053";"1";"1";"1";"6";"D901";"44,4883770000";"3,7968710000"
"202100024810";"11";"08";"2021";"12:58";"1";"49";"49377";"2";"2";"1";"3";"Rue de Bennefray";"47,5195810000";" -0,4361220000"
"202100024811";"9";"08";"2021";"12:30";"1";"74";"74221";"1";"1";"1";"3";"Col de la ColombiÃ¨re (Col de montagne)";"45,9915690000";"6,4734100000"
"202100024812";"10";"08";"2021";"18:40";"3";"988";"98822";"1";"1";"1";"6";"NapoÃ©mien (Tribu)";" -20,9449880000";"165,3309990000"
"202100024813";"11";"08";"2021";"17:20";"1";"976";"97608";"2";"1";"1";"6";"Boulevard des Crabes";" -12,7874830000";"45,2638450000"
"202100024814";"10";"08";"2021";"23:35";"5";"29";"29233";"2";"6";"1";"3";"Rue Thiers";"47,8739491864";" -3,5500516891"
"202100024815";"9";"08";"2021";"19:20";"1";"83";"83065";"1";"1";"1";"3";"D98a";"43,2571353449";"6,5941250323"
"202100024816";"11";"08";"2021";"06:29";"2";"83";"83055";"1";"1";"1";"6";"RD 562";"43,5961782301";"6,6944093852"
"202100024817";"28";"06";"2021";"07:45";"1";"13";"13027";"1";"2";"1";"2";"dÃ©partementale D28";"43,8713070000";"4,8189430000"
"202100024818";"11";"08";"2021";"14:45";"1";"55";"55435";"1";"1";"1";"7";"departementale 16";"48,7437170000";"5,0223080000"
"202100024819";"11";"08";"2021";"14:45";"1";"54";"54258";"1";"1";"1";"3";"D2";"48,6775870000";"6,5639020000"
"202100024820";"8";"08";"2021";"18:50";"2";"73";"73258";"1";"1";"1";"6";"D1006";"45,2227696376";"6,4517484981"
"202100024821";"9";"08";"2021";"12:40";"1";"38";"38276";"1";"3";"1";"6";"RD 1085";"45,5764450000";"5,3019650000"
"202100024822";"10";"08";"2021";"09:30";"1";"38";"38382";"2";"2";"1";"3";"Route de Grenoble";"45,2282580000";"5,6840890000"
"202100024823";"11";"08";"2021";"07:30";"1";"24";"24022";"1";"1";"1";"4";"D29";"44,8502980000";"0,8026940000"
"202100024824";"3";"08";"2021";"17:20";"1";"33";"33322";"1";"1";"2";"6";"AllÃ©e de Geneste";"44,9440250000";" -0,6788030000"
"202100024825";"10";"08";"2021";"16:40";"1";"49";"49301";"2";"1";"1";"6";"Rue de la VendÃ©e (st Macaire-En-Mauges)";"47,1154450000";" -0,9932920000"
"202100024826";"11";"08";"2021";"19:00";"1";"14";"14047";"2";"3";"1";"7";"D96";"49,2758270000";" -0,7198190000"
"202100024827";"10";"08";"2021";"12:30";"1";"27";"27016";"2";"1";"1";"3";"39 Place Nicolas Poussin";"49,2466470000";"1,4175210000"
"202100024828";"9";"08";"2021";"00:59";"3";"13";"13071";"1";"1";"1";"2";"A55-Sens Martigues vers Marseille";"43,4001900000";"5,2969800000"
"202100024829";"9";"08";"2021";"12:15";"1";"13";"13106";"1";"1";"1";"4";"A7-Sens Marseille vers Lyon";"43,3979200000";"5,3505300000"
"202100024830";"7";"08";"2021";"22:25";"5";"69";"69081";"1";"1";"1";"2";"PERIPHERIQUE NORD (BD)";"45,7765400000";"4,7915000000"
"202100024831";"10";"08";"2021";"11:35";"1";"69";"69256";"1";"1";"1";"2";"RN346";"45,8036100000";"4,9261200000"
"202100024832";"8";"08";"2021";"22:10";"3";"42";"42186";"1";"1";"1";"3";"A47";"45,5279750000";"4,6085770000"
"202100024833";"8";"08";"2021";"23:50";"3";"59";"59447";"1";"1";"1";"2";"AUTOROUTE A2";"50,3880140000";"3,6123990000"
"202100024834";"8";"08";"2021";"02:50";"3";"59";"59350";"1";"1";"1";"6";"AUTOROUTE A25";"50,6165072925";"3,0600022534"
"202100024835";"10";"08";"2021";"11:00";"1";"91";"91521";"1";"1";"1";"7";"RN 104";"48,6324200000";"2,4052700000"
"202100024836";"10";"08";"2021";"08:10";"1";"94";"94034";"1";"1";"2";"6";"AUTOROUTE A86";"48,7589540937";"2,3243421458"
"202100024837";"10";"08";"2021";"18:30";"1";"93";"93027";"1";"1";"1";"2";"AUTOROUTE A86";"48,9234100000";"2,3832600000"
"202100024838";"10";"08";"2021";"07:40";"1";"95";"95394";"1";"1";"2";"6";"A115";"49,0501800000";"2,1840900000"
"202100024839";"10";"08";"2021";"08:20";"1";"93";"93027";"1";"1";"2";"6";"AUTOROUTE A86";"48,9228800000";"2,3806000000"
"202100024840";"10";"08";"2021";"07:20";"1";"93";"93005";"1";"1";"2";"6";"AUTOROUTE A3";"48,9447200000";"2,4769900000"
"202100024841";"10";"08";"2021";"01:10";"5";"93";"93013";"1";"1";"1";"2";"AUTOROUTE A1";"48,9402800000";"2,4227600000"
"202100024842";"10";"08";"2021";"01:10";"3";"95";"95500";"1";"1";"1";"2";" A15";"49,0384100000";"2,0877700000"
"202100024843";"10";"08";"2021";"12:30";"1";"94";"94033";"1";"1";"1";"6";"A86.EXT";"48,8530700000";"2,4898900000"
"202100024844";"16";"07";"2021";"11:41";"1";"14";"14118";"1";"1";"1";"4";"N814";"49,1963600000";" -0,3928100000"
"202100024845";"6";"08";"2021";"16:25";"1";"83";"83126";"2";"1";"1";"6";"DE GAULLE (AV CHARLES)";"43,0811700000";"5,8868400000"
"202100024846";"2";"08";"2021";"13:15";"1";"59";"59350";"2";"1";"1";"6";"ARRAS RUE D";"50,6199800000";"3,0650000000"
"202100024847";"21";"03";"2021";"16:15";"1";"28";"28012";"1";"1";"1";"7";"Rue du Murier";"48,0918290000";"1,1211420000"
"202100024848";"9";"08";"2021";"14:30";"1";"976";"97611";"2";"1";"8";"3";"m'tsapere-Nationale 2 (route)";" -12,7870900000";"45,2254800000"
"202100024849";"7";"08";"2021";"17:20";"1";"974";"97407";"2";"1";"1";"3";"RENAUDIERE DE VAUX(RUE)";" -20,9358300000";"55,2909700000"
"202100024850";"9";"08";"2021";"18:15";"2";"973";"97302";"2";"4";"1";"3";"MERE THERESA (rue)";"4,9261600000";" -52,3136100000"
"202100024851";"9";"08";"2021";"16:40";"1";"69";"69383";"2";"1";"1";"6";"LACASSAGNE (AV)";"45,7531700000";"4,8689300000"
"202100024852";"8";"08";"2021";"21:15";"5";"972";"97209";"1";"1";"1";"1";"REDOUTE (ROUTE DE LA)";"14,6161880000";" -61,0616750000"
"202100024853";"8";"08";"2021";"17:30";"1";"69";"69385";"2";"3";"1";"3";"COMMANDANT CHARCOT (DU) (R)";"45,7523000000";"4,8033100000"
"202100024854";"8";"08";"2021";"10:40";"1";"69";"69382";"2";"2";"1";"3";"PERRACHE (Q)";"45,7343000000";"4,8181000000"
"202100024855";"9";"08";"2021";"17:58";"1";"2B";"2B033";"2";"1";"1";"4";"11 - RT";"42,6620799133";"9,4422401723"
"202100024856";"8";"08";"2021";"05:45";"1";"2B";"2B033";"2";"1";"1";"1";"ALLEE DU 173Â° R.I.A.";"42,7011300000";"9,4523900000"
"202100024857";"9";"07";"2021";"20:20";"1";"2A";"2A004";"2";"1";"1";"1";"APPIETO (CHEMIN)";"41,9582400000";"8,7801700000"
"202100024858";"9";"08";"2021";"17:20";"1";"91";"91479";"2";"1";"1";"6";"RUE E TARTASSE";"48,7088200000";"2,3700000000"
"202100024859";"9";"08";"2021";"11:03";"1";"87";"87085";"2";"1";"1";"2";"MAS-BOUYOL  (CITE ET BOULEVARD DU)";"45,8286600000";"1,2266800000"
"202100024860";"6";"08";"2021";"20:10";"1";"84";"84007";"2";"1";"1";"1";"PIERRE SEMARD (avenue)";"43,9357400000";"4,8291900000"
"202100024861";"7";"08";"2021";"06:35";"2";"80";"80021";"2";"2";"1";"3";"ALEXANDRE DUMAS (RUE)";"49,8755900000";"2,2811800000"
"202100024862";"9";"08";"2021";"09:30";"1";"78";"78238";"2";"9";"2";"2";"CD 14";"48,9635300000";"1,8628200000"
"202100024863";"9";"08";"2021";"16:30";"1";"77";"77285";"2";"2";"1";"3";"D39";"48,5358900000";"2,6242630000"
"202100024864";"7";"08";"2021";"23:40";"3";"67";"67482";"1";"1";"1";"7";"LA ROCHELLE (RUE DE)";"48,5365900000";"7,7870600000"
"202100024865";"8";"08";"2021";"17:10";"1";"67";"67482";"2";"1";"1";"3";"SCHIRMECK (ROUTE DE)";"48,5727600000";"7,7160500000"
"202100024866";"7";"08";"2021";"16:28";"1";"66";"66136";"2";"1";"3";"6";"PAYRA (JEAN)";"42,7028100000";"2,8933200000"
"202100024867";"6";"08";"2021";"17:45";"1";"66";"66136";"2";"1";"2";"6";"DALBIEZ (AVENUE VICTOR)";"42,6884000000";"2,8832300000"
"202100024868";"8";"08";"2021";"17:41";"1";"65";"65100";"1";"1";"1";"2";"BORDEAUX (ROUTE DE) CD 935";"43,2600445613";"0,0718080997"
"202100024869";"9";"08";"2021";"18:50";"1";"64";"64102";"2";"1";"1";"7";"BAB (Boulevard)";"43,4952100000";" -1,4822600000"
"202100024870";"9";"08";"2021";"14:00";"1";"64";"64024";"2";"1";"1";"7";"BAYONNE (AVENUE DE)";"43,4809800000";" -1,5110900000"
"202100024871";"9";"08";"2021";"09:40";"1";"64";"64102";"2";"1";"1";"2";"MARCEL DASSAULT (AVENUE)";"43,4884900000";" -1,4909200000"
"202100024872";"9";"08";"2021";"21:40";"5";"59";"59599";"2";"2";"1";"3";"PAPIN (CHAUSSEE DENIS)";"50,7353400000";"3,1466600000"
"202100024873";"2";"08";"2021";"10:10";"1";"59";"59009";"2";"2";"1";"3";"FLANDRE AVENUEE DE";"50,6642500000";"3,1459100000"
"202100024874";"7";"08";"2021";"06:14";"2";"56";"56098";"2";"1";"1";"6";"MAURICE (RUE  JEAN-MARIE )";"47,7556700000";" -3,3418200000"
"202100024875";"8";"08";"2021";"05:10";"5";"54";"54547";"2";"1";"1";"6";"RM 674";"48,6719336824";"6,1942532659"
"202100024876";"9";"08";"2021";"10:00";"1";"53";"53130";"2";"1";"2";"3";"TRAPPISTINES ( BOULEVARD DES )";"48,0601400000";" -0,7774800000"
"202100024877";"5";"08";"2021";"18:41";"1";"51";"51454";"2";"1";"1";"2";"Boulevard Charles Arnould";"49,2602407449";"4,0089207888"
"202100024878";"1";"08";"2021";"18:12";"1";"45";"45068";"2";"1";"1";"3";"Rue du GÃ¢tinais";"48,0109894312";"2,7066493034"
"202100024879";"6";"08";"2021";"11:00";"1";"41";"41018";"2";"9";"1";"3";"BALZAC  (RUE HONORE DE)";"47,5947900000";"1,3301500000"
"202100024880";"8";"08";"2021";"22:05";"5";"38";"38185";"2";"3";"1";"3";"Avenue Marie Reynoard";"45,1647000000";"5,7285500000"
"202100024881";"9";"08";"2021";"17:20";"1";"35";"35055";"1";"1";"8";"2";"RN 136";"48,0958800000";" -1,6202100000"
"202100024882";"9";"08";"2021";"15:30";"1";"33";"33550";"2";"6";"1";"3";"Avenue du MarÃ©chal Leclerc";"44,7781010000";" -0,5705537000"
"202100024883";"9";"08";"2021";"12:00";"1";"33";"33529";"2";"1";"1";"4";"INDUSTRIE (BD DE L') DU 01 ET +";"44,6133900000";" -1,1282100000"
"202100024884";"29";"07";"2021";"21:50";"3";"33";"33009";"2";"2";"1";"3";"Quai du Capitaine Allegre";"44,6575470000";" -1,1467790000"
"202100024885";"1";"07";"2021";"19:03";"1";"25";"25031";"2";"3";"1";"3";"CHATEAU (RUE DU)";"47,4805500000";"6,8382900000"
"202100024886";"9";"08";"2021";"13:50";"1";"17";"17333";"2";"1";"1";"6";"EXPRESS (voie)";"45,6108300000";" -0,9787100000"
"202100024887";"7";"08";"2021";"13:00";"1";"14";"14437";"1";"1";"2";"4";"N814";"49,1632700000";" -0,3063400000"
"202100024888";"9";"08";"2021";"00:45";"5";"13";"13209";"2";"1";"1";"3";"MORGIOU (chemin de )";"43,2457000000";"5,4039000000"
"202100024889";"8";"08";"2021";"22:30";"3";"13";"13047";"1";"6";"1";"2";"D.5";"43,4762300000";"4,9969000000"
"202100024890";"9";"08";"2021";"09:30";"1";"06";"06069";"2";"3";"1";"6";"DUNANT (AVENUE HENRI)";"43,6505590000";"6,9214040000"
"202100024891";"6";"08";"2021";"19:05";"1";"02";"02738";"2";"1";"1";"7";"CAMILLE DESMOULIN";"49,6570940000";"3,3048150000"
"202100024892";"9";"08";"2021";"15:00";"1";"75";"75120";"2";"2";"1";"6";"RUE DES PYRENEES";"48,8591630000";"2,4021320000"