"Num_Acc";"jour";"mois";"an";"hrmn";"lum";"dep";"com";"agg";"int";"atm";"col";"adr";"lat";"long"
"202100024893";"14";"07";"2021";"20:00";"1";"75";"75116";"2";"1";"1";"6";"AVENUE DE L HIPPODROME";"48,8636290000";"2,2369690000"
"202100024894";"9";"08";"2021";"11:36";"1";"75";"75115";"2";"1";"1";"6";"RUE LABROUSTE";"48,8352890000";"2,3091920000"
"202100024895";"9";"08";"2021";"10:00";"1";"75";"75112";"2";"2";"1";"2";"COURS DE VINCENNES";"48,8469060000";"2,4113470000"
"202100024896";"9";"08";"2021";"10:10";"1";"75";"75112";"2";"1";"1";"4";"QUAI DE BERCY";"48,8347640000";"2,3809370000"
"202100024897";"8";"08";"2021";"14:50";"1";"75";"75112";"2";"3";"1";"3";"BOULEVARD PONIATOWSKI";"48,8292070000";"2,3902660000"
"202100024898";"9";"08";"2021";"08:55";"1";"75";"75111";"2";"2";"2";"6";"BOULEVARD DE MENILMONTANT";"48,8629310000";"2,3875170000"
"202100024899";"9";"08";"2021";"12:50";"1";"75";"75110";"2";"1";"1";"7";"BOULEVARD DE LA VILLETTE";"48,8810740000";"2,3700930000"
"202100024900";"9";"08";"2021";"08:50";"1";"75";"75110";"2";"1";"2";"6";"RUE LA FAYETTE";"48,8783160000";"2,3532400000"
"202100024901";"9";"08";"2021";"16:20";"1";"75";"75107";"2";"1";"1";"3";"QUAI BRANLY";"48,8615660000";"2,2977130000"
"202100024902";"4";"08";"2021";"21:05";"3";"94";"94046";"2";"1";"2";"6";"Rue Jean JaurÃ¨s";"48,7895700000";"2,4353570000"
"202100024903";"9";"08";"2021";"09:30";"1";"94";"94077";"2";"1";"1";"2";"Avenue le Foll";"48,7284300000";"2,4320000000"
"202100024904";"8";"08";"2021";"12:25";"1";"93";"93066";"2";"1";"1";"6";"Boulevard Jules Guesde";"48,9350170000";"2,3501080000"
"202100024905";"9";"08";"2021";"09:40";"1";"93";"93066";"2";"2";"2";"5";"Avenue du PrÃ©sident Wilson / Rue du Landy";"48,9153724593";"2,3575440382"
"202100024906";"9";"08";"2021";"13:40";"1";"93";"93051";"2";"2";"1";"3";"Route de Neuilly / Rue Pierre Brossolette";"48,8469800000";"2,5403600000"
"202100024907";"9";"08";"2021";"08:25";"1";"93";"93048";"2";"1";"1";"3";"Rue de Paris";"48,8571000000";"2,4304000000"
"202100024908";"9";"08";"2021";"19:11";"1";"93";"93031";"2";"1";"1";"3";"Boulevard Foch";"48,9492800000";"2,3297300000"
"202100024909";"9";"08";"2021";"13:45";"1";"93";"93031";"2";"1";"1";"3";"Avenue de Lattre de Tassigny";"48,9565560000";"2,3107180000"
"202100024910";"9";"08";"2021";"12:35";"1";"93";"93047";"2";"1";"8";"3";"COUBRON (RUE DE )";"48,9031900000";"2,5771700000"
"202100024911";"7";"08";"2021";"13:00";"1";"93";"93014";"2";"1";"1";"6";"Avenue Jean Moulin";"48,9082290000";"2,5550690000"
"202100024912";"9";"08";"2021";"22:40";"5";"93";"93007";"2";"1";"1";"2";"ALBERT EINSTEIN (AVENUE)";"48,9440900000";"2,4723600000"
"202100024913";"9";"08";"2021";"15:00";"1";"93";"93001";"2";"1";"1";"3";"GARDINOUX (RUE DES)";"48,9066400000";"2,3695310000"
"202100024914";"9";"08";"2021";"17:15";"1";"92";"92050";"2";"1";"1";"3";"PORT RUE DU";"48,8938100000";"2,1777700000"
"202100024915";"9";"08";"2021";"12:00";"1";"92";"92050";"2";"3";"1";"3";"boulevard AimÃ© CÃ©saire";"48,8939800000";"2,2273200000"
"202100024916";"6";"08";"2021";"19:30";"1";"92";"92036";"2";"3";"1";"6";"THOMAS EDISON (RUE)";"48,9337766433";"2,3133891972"
"202100024917";"8";"08";"2021";"22:40";"5";"92";"92023";"2";"2";"1";"3";"GENERAL DE GAULLE (AV DU) NÂ°130 A 340 ET";"48,7834224082";"2,2467102022"
"202100024918";"22";"07";"2021";"18:15";"3";"974";"97415";"1";"1";"1";"3";"29 Route de Mafate";" -20,9737820000";"55,3051680000"
"202100024919";"10";"08";"2021";"07:55";"1";"01";"01290";"1";"9";"1";"3";"RD 1084";"45,8891490000";"5,1742280000"
"202100024920";"23";"07";"2021";"02:45";"3";"17";"17373";"1";"1";"1";"6";"D109";"46,1461560000";" -0,9845840000"
"202100024921";"8";"08";"2021";"15:45";"1";"988";"98812";"1";"1";"1";"6";"RPN7 - lieu dit LA BOUVERIE";" -20,4985570000";"164,2773150000"
"202100024922";"10";"08";"2021";"09:00";"1";"05";"05161";"2";"3";"1";"2";"Route du Bez";"44,9438880000";"6,5567460000"
"202100024923";"10";"08";"2021";"07:15";"1";"974";"97412";"1";"6";"1";"1";"RN 1002";" -21,3736520000";"55,6151860000"
"202100024924";"8";"08";"2021";"12:30";"1";"63";"63219";"1";"1";"8";"7";"lieu dit les gardes";"45,7943250000";"2,9004340000"
"202100024925";"10";"08";"2021";"13:18";"1";"67";"67106";"2";"1";"7";"1";"Route du Rhin (Pont)";"48,7570970000";"7,9602440000"
"202100024926";"10";"08";"2021";"02:25";"3";"30";"30221";"1";"1";"1";"6";"D976";"44,0606690000";"4,7706410000"
"202100024927";"9";"08";"2021";"08:51";"1";"30";"30334";"1";"9";"1";"3";"RD982";"44,0194450000";"4,4297650000"
"202100024928";"9";"08";"2021";"13:00";"1";"56";"56237";"1";"1";"1";"5";"lieu dit Le Faouet";"48,0134320000";" -2,9735290000"
"202100024929";"10";"08";"2021";"00:40";"5";"56";"56161";"1";"6";"1";"3";"Pont Fol";"47,6678620000";" -3,0703780000"
"202100024930";"31";"07";"2021";"02:30";"5";"2B";"2B251";"2";"1";"1";"6";"Casamozza";"41,9865860000";"9,4011690000"
"202100024931";"9";"08";"2021";"18:20";"1";"82";"82187";"1";"3";"1";"3";"Pech Grimal";"44,1474060000";"1,8556330000"
"202100024932";"10";"08";"2021";"08:05";"1";"81";"81175";"1";"1";"1";"6";"grand champ - RD12";"43,9591750000";"1,5858940000"
"202100024933";"9";"08";"2021";"19:00";"1";"32";"32301";"1";"1";"1";"7";"Route de CÃ©sar";"43,6873630000";"0,5126880000"
"202100024934";"9";"08";"2021";"18:26";"1";"76";"76618";"1";"2";"1";"1";"D925";"49,9365830000";"1,1683700000"
"202100024935";"9";"08";"2021";"21:50";"5";"49";"49221";"1";"2";"1";"3";"Route de l Oisellerie";"47,4564630000";"0,0159540000"
"202100024936";"10";"08";"2021";"09:00";"1";"47";"47079";"1";"3";"1";"3";"Route de Villeneuve";"44,3798830000";"0,8635850000"
"202100024937";"9";"08";"2021";"17:00";"1";"34";"34281";"1";"1";"1";"1";"D30";"43,5277475013";"3,5499022901"
"202100024938";"9";"08";"2021";"18:40";"1";"22";"22181";"1";"1";"1";"7";"Lieu Dit Kerauter";"48,2217850000";" -3,1965070000"
"202100024939";"10";"08";"2021";"07:50";"1";"39";"39255";"1";"3";"1";"3";"N/A";"46,5344190000";"5,4274330000"
"202100024940";"8";"08";"2021";"11:30";"1";"31";"31317";"2";"1";"1";"7";"Les ArrougÃ¨s";"43,3068800000";"1,1084070000"
"202100024941";"9";"08";"2021";"17:00";"1";"38";"38370";"1";"1";"1";"7";"Route du Furand";"45,1079350000";"5,2376300000"
"202100024942";"9";"08";"2021";"18:15";"1";"38";"38547";"2";"6";"1";"3";"Avenue Robert Huant";"45,2642270000";"5,9004520000"
"202100024943";"10";"08";"2021";"12:58";"1";"02";"02758";"1";"9";"1";"6";"Le Fosse Michaux (D14, PK 21+040 )";"49,4191960000";"3,5123340000"
"202100024944";"8";"08";"2021";"18:49";"1";"84";"84133";"2";"1";"1";"2";"428 Boulevard de Saint Roch";"43,7215420000";"5,5421320000"
"202100024945";"9";"08";"2021";"19:30";"1";"03";"03247";"1";"1";"1";"3";"L Ouche Tureau";"46,5832880000";"3,1746840000"
"202100024946";"9";"08";"2021";"22:10";"5";"26";"26106";"2";"1";"1";"3";"11 Route Nationale 7";"44,6508720000";"4,7829310000"
"202100024947";"7";"08";"2021";"11:37";"1";"14";"14119";"2";"9";"1";"3";"D613";"49,1501380000";" -0,2641920000"
"202100024948";"9";"08";"2021";"16:45";"1";"05";"05050";"1";"1";"1";"2";"D900b";"44,4639810000";"6,2224450000"
"202100024949";"5";"08";"2021";"16:10";"1";"90";"90033";"2";"1";"1";"1";"Faubourg de Belfort";"47,5128820000";"7,0010050000"
"202100024950";"9";"08";"2021";"09:00";"1";"83";"83044";"1";"1";"1";"6";"RD 955";"43,6719486502";"6,5051865889"
"202100024951";"9";"08";"2021";"00:48";"3";"45";"45296";"1";"1";"1";"6";"Saumery";"47,9820020000";"1,7168390000"
"202100024952";"8";"08";"2021";"06:30";"2";"43";"43152";"1";"1";"1";"7";"D13";"45,0964430000";"3,8521780000"
"202100024953";"8";"08";"2021";"12:15";"1";"43";"43039";"2";"3";"1";"7";"Carrefour face Ã©cole et D54";"44,9349560000";"3,8799690000"
"202100024954";"10";"08";"2021";"12:25";"1";"10";"10199";"2";"3";"7";"2";"2 Rue des Caves";"48,0633930000";"4,5062510000"
"202100024955";"8";"08";"2021";"18:15";"1";"07";"07155";"1";"1";"1";"7";"Cd 235 - Route d'alihon";"44,6183230000";"4,3528520000"
"202100024956";"8";"08";"2021";"11:20";"1";"07";"07288";"1";"3";"1";"5";"Col de l'Escrinet (Col de montagne)";"44,7183570000";"4,4929150000"
"202100024957";"8";"08";"2021";"11:10";"1";"85";"85204";"2";"4";"1";"3";"Rue des Prairies";"46,8230500000";" -1,7596800000"
"202100024958";"9";"08";"2021";"18:15";"1";"87";"87153";"1";"1";"1";"6";"La Maraude";"45,8346600000";"1,6976450000"
"202100024959";"9";"08";"2021";"18:30";"1";"48";"48094";"2";"1";"1";"1";"Lieu dit Soulages 48500";"44,3334420000";"3,2211830000"
"202100024960";"8";"08";"2021";"11:00";"1";"987";"98750";"1";"1";"1";"1";"Taputapuatea";" -16,8025740000";" -151,4240780000"
"202100024961";"3";"08";"2021";"17:40";"2";"971";"97125";"1";"9";"1";"2";"Belle AllÃ©e";"16,2589170000";" -61,2982710000"
"202100024962";"10";"08";"2021";"08:36";"1";"77";"77273";"1";"1";"2";"1";"Route dÃ©partementale 41";"49,0486840000";"2,7627610000"
"202100024963";"3";"08";"2021";"10:15";"1";"84";"84129";"1";"1";"1";"7";"RD 907 Avenue d'Avignon";"43,9930920000";"4,8646470000"
"202100024964";"10";"08";"2021";"17:00";"1";"83";"83042";"1";"1";"1";"1";"N 98";"43,2307040000";"6,5191950000"
"202100024965";"7";"08";"2021";"08:15";"1";"83";"83064";"2";"6";"1";"3";"Boulevard de la LibÃ©ration";"43,3308130000";"6,0465630000"
"202100024966";"9";"08";"2021";"23:45";"3";"06";"06128";"1";"6";"1";"6";"M36";"43,6861630000";"7,1303470000"
"202100024967";"10";"08";"2021";"08:00";"1";"89";"89427";"2";"1";"1";"1";"50 Route Nationale";"47,7477210000";"3,5418620000"
"202100024968";"10";"08";"2021";"14:25";"1";"38";"38190";"2";"3";"1";"2";"D65";"45,8046470000";"5,2882220000"
"202100024969";"9";"08";"2021";"10:40";"1";"26";"26169";"1";"3";"1";"3";"1920 Route de Donzere";"44,4704260000";"4,7417490000"
"202100024970";"10";"08";"2021";"10:45";"1";"69";"69009";"1";"1";"1";"2";"D306";"45,9555250000";"4,7150880000"
"202100024971";"10";"08";"2021";"09:25";"1";"81";"81105";"2";"1";"1";"6";"54 Avenue Gambetta";"43,7608211844";"1,9869174063"
"202100024972";"9";"08";"2021";"17:20";"1";"60";"60589";"2";"3";"1";"7";"N/A";"49,2227712694";"2,4554754495"
"202100024973";"9";"08";"2021";"00:30";"3";"13";"13005";"1";"1";"1";"2";"A50-Sens Marseille vers Aubagne";"43,2856500000";"5,5695200000"
"202100024974";"6";"08";"2021";"11:23";"1";"83";"83129";"1";"1";"1";"1";"A50";"43,1202970331";"5,8488638741"
"202100024975";"9";"08";"2021";"15:40";"1";"33";"33448";"1";"1";"1";"4";"AUTOROUTE A 62";"44,7013710000";" -0,5028940000"
"202100024976";"6";"08";"2021";"16:55";"1";"59";"59196";"1";"1";"1";"5";"AUTOROUTE A25";"50,6358060187";"2,9447216966"
"202100024977";"6";"08";"2021";"18:00";"1";"59";"59356";"1";"1";"1";"3";"ROUTE DEPARTEMENTALE 652";"50,6532880138";"3,0043745041"
"202100024978";"9";"08";"2021";"11:20";"1";"94";"94021";"1";"1";"1";"7";"AUTOROUTE A6B";"48,7596200000";"2,3385900000"
"202100024979";"7";"08";"2021";"22:26";"3";"91";"91286";"1";"1";"1";"6";"AUTOROUTE A6";"48,6520070000";"2,3825820000"
"202100024980";"9";"08";"2021";"10:20";"1";"92";"92036";"1";"1";"1";"5";"AUTOROUTE A15";"48,9378886633";"2,2976672190"
"202100024981";"9";"08";"2021";"09:00";"1";"95";"95582";"1";"1";"2";"6";"RD 170";"48,9633900000";"2,2626500000"
"202100024982";"9";"08";"2021";"20:30";"3";"94";"94074";"1";"1";"1";"4";"RN406.W";"48,7668528202";"2,4541433386"
"202100024983";"9";"08";"2021";"19:00";"1";"94";"94052";"1";"1";"1";"4";"A86 INT";"48,8411888425";"2,4928625425"
"202100024984";"9";"08";"2021";"13:40";"1";"94";"94079";"1";"1";"1";"6";"A4";"48,8359457627";"2,5398910046"
"202100024985";"19";"03";"2021";"18:25";"1";"44";"44073";"1";"2";"1";"3";"RD 164 Cramezeul";"47,4219125749";" -1,6587209702"
"202100024986";"8";"08";"2021";"21:10";"2";"77";"77108";"2";"1";"1";"6";"BD CHILPERIC";"48,8746100000";"2,5846600000"
"202100024987";"8";"08";"2021";"07:00";"1";"973";"97302";"2";"1";"1";"7";"LIBERTE (AVENUE DE LA)";"4,9359547047";" -52,3306918144"
"202100024988";"8";"08";"2021";"16:50";"1";"69";"69388";"2";"1";"1";"2";"PAUL SANTY (AV)";"45,7308000000";"4,8747100000"
"202100024989";"8";"08";"2021";"11:45";"1";"69";"69386";"2";"3";"1";"3";"LAFAYETTE (CR)";"45,7636192093";"4,8470561206"
"202100024990";"8";"08";"2021";"21:39";"5";"95";"95424";"2";"1";"2";"6";"RD 392";"48,9834125709";"2,1818938851"
"202100024991";"8";"08";"2021";"00:43";"5";"76";"76259";"2";"1";"8";"6";"COTY ( RUE PRESIDENT RENE)";"49,7571200000";"0,3630300000"
"202100024992";"8";"08";"2021";"07:25";"2";"74";"74118";"2";"6";"1";"3";"LIBERATION (ROUTE DE LA)";"46,1804162500";"6,2298081200"
"202100024993";"8";"08";"2021";"16:40";"1";"69";"69271";"2";"2";"1";"3";"CHARLES DE GAULLE (BD)";"45,7432641061";"4,9372616403"
"202100024994";"7";"08";"2021";"09:15";"1";"59";"59350";"2";"2";"1";"3";"ARRAS RUE D";"50,6166300000";"3,0631200000"
"202100024995";"8";"08";"2021";"14:40";"1";"45";"45147";"2";"2";"1";"3";"Avenue dâOradour - sur - Glane";"47,9335079870";"1,9214061563"
"202100024996";"7";"08";"2021";"20:41";"2";"44";"44055";"2";"1";"1";"2";"BOIS D'AMOUR ( AVENUE DU )";"47,2875000000";" -2,3812960000"
"202100024997";"6";"08";"2021";"19:00";"1";"43";"43002";"2";"1";"1";"2";"Avenue de Bonneville";"45,0502983815";"3,8815051317"
"202100024998";"8";"08";"2021";"17:15";"1";"38";"38185";"2";"2";"1";"3";"Avenue Edmond Esmonin";"45,1618800000";"5,7156800000"
"202100024999";"8";"08";"2021";"04:42";"3";"38";"38151";"1";"1";"8";"5";"A480";"45,1524100000";"5,6978200000"
"202100025000";"8";"08";"2021";"13:00";"1";"35";"35238";"1";"1";"1";"2";"RN136";"48,1170400000";" -1,7195400000"
"202100025001";"7";"08";"2021";"00:15";"5";"34";"34032";"2";"1";"1";"6";"KENNEDY PRESIDENT (BD DU)";"43,3548410000";"3,2397940000"
"202100025002";"6";"08";"2021";"20:00";"1";"34";"34003";"2";"1";"1";"1";"Avenue des Sergents";"43,2852700000";"3,5055700000"
"202100025003";"8";"08";"2021";"18:45";"1";"31";"31555";"2";"1";"1";" -1";"ALL DES FOULQUES";"43,6539700000";"1,4200900000"
"202100025004";"11";"08";"2021";"10:45";"1";"29";"29019";"2";"3";"1";"3";"Avenue de Tarente";"48,4045151351";" -4,5098054410"
"202100025005";"8";"08";"2021";"15:40";"1";"17";"17380";"1";"1";"1";"1";"EXPRESS (VOIE)";"45,6554000000";" -1,0959000000"
"202100025006";"8";"08";"2021";"09:30";"1";"17";"17291";"1";"1";"1";"4";"35 PK RN11 NANTES ROCADE";"46,1717700000";" -1,1209600000"
"202100025007";"8";"08";"2021";"04:30";"3";"17";"17028";"2";"1";"2";"6";"FABIEN   RUE DU COLONEL";"46,1315500000";" -1,1146600000"
"202100025008";"7";"08";"2021";"10:35";"1";"17";"17291";"1";"1";"1";"5";"01 PK RN237 MOULIN JUSTICE RE";"46,1766600000";" -1,1261900000"
"202100025009";"8";"08";"2021";"16:30";"1";"13";"13209";"2";"1";"1";"1";"COL DE LA GINESTE D559";"43,2422500000";"5,4491600000"
"202100025010";"8";"08";"2021";"08:35";"1";"13";"13214";"2";"1";"1";"3";"AVENUE RAIMU";"43,3333000000";"5,3989000000"
"202100025011";"8";"08";"2021";"03:35";"5";"13";"13205";"2";"9";"1";"2";"SAKAKINI (BOULEVARD)";"43,2900000000";"5,4000000000"
"202100025012";"2";"08";"2021";"18:30";"1";"13";"13210";"2";"9";"1";"3";"PAUL CLAUDEL (BOULEVARD)";"43,2694000000";"5,4216000000"
"202100025013";"2";"08";"2021";"17:00";"1";"05";"05023";"2";"1";"1";"6";"REPUBLIQUE (AVENUE DE LA)";"44,8975500000";"6,6372600000"
"202100025014";"8";"08";"2021";"06:25";"1";"75";"75115";"2";"1";"1";"6";"ECHANGEUR ISSY";"48,8349730000";"2,2733990000"
"202100025015";"8";"08";"2021";"11:52";"1";"75";"75105";"2";"2";"1";"3";"BOULEVARD SAINT GERMAIN";"48,8508160000";"2,3455290000"
"202100025016";"8";"08";"2021";"20:20";"1";"75";"75119";"2";"3";"1";"6";"BOULEVARD DE LA VILLETTE";"48,8751530000";"2,3736180000"
"202100025017";"8";"08";"2021";"18:45";"1";"75";"75119";"2";"1";"1";"3";"AVENUE JEAN JAURES";"48,8890610000";"2,3939420000"
"202100025018";"8";"08";"2021";"17:00";"1";"75";"75116";"2";"2";"1";"6";"RUE GALILEE";"48,8709330000";"2,2975080000"
"202100025019";"8";"08";"2021";"12:50";"1";"75";"75114";"2";"3";"2";"7";"AVENUE DU MAINE";"48,8400480000";"2,3216930000"
"202100025020";"8";"08";"2021";"02:10";"5";"75";"75110";"2";"3";"1";"3";"BOULEVARD DE MAGENTA";"48,8820810000";"2,3509310000"
"202100025021";"8";"08";"2021";"15:50";"1";"75";"75117";"2";"3";"1";"3";"BOULEVARD DU BOIS LE PRETRE";"48,8995850000";"2,3198030000"
"202100025022";"8";"08";"2021";"16:30";"1";"75";"75103";"2";"3";"1";"6";"RUE DE NORMANDIE";"48,8626390000";"2,3643790000"
"202100025023";"8";"08";"2021";"20:35";"2";"93";"93066";"2";"1";"1";"6";"Place du 8 Mai 1945";"48,9392100000";"2,3559700000"
"202100025024";"8";"08";"2021";"16:00";"1";"93";"93048";"2";"1";"1";"6";"Avenue Pasteur";"48,8665205988";"2,4358093460"
"202100025025";"8";"08";"2021";"15:06";"1";"93";"93014";"2";"1";"1";"6";"AllÃ©e de Coubron";"48,9127630000";"2,5523950000"
"202100025026";"9";"08";"2021";"18:35";"1";"71";"71145";"1";"2";"1";"3";"N/A";"46,5292250000";"4,6859600000"
"202100025027";"8";"08";"2021";"18:35";"1";"11";"11148";"1";"1";"1";"2";"A 61 PK 351+600";"43,1720712396";"2,6958131790"
"202100025028";"8";"08";"2021";"16:29";"1";"49";"49371";"1";"1";"1";"6";"D960";"47,1261110000";" -0,7071640000"
"202100025029";"9";"08";"2021";"10:43";"1";"57";"57629";"1";"1";"1";"6";"D43";"48,7793530000";"7,0531290000"
"202100025030";"8";"08";"2021";"19:00";"5";"972";"97210";"1";"1";"1";"7";"Morne Acajou";"14,5828000000";" -60,9108260000"
"202100025031";"9";"08";"2021";"15:00";"1";"38";"38239";"2";"1";"1";"3";"Route de Saint Jean";"45,3322970000";"5,5667640000"
"202100025032";"9";"08";"2021";"10:15";"1";"34";"34270";"1";"1";"1";"2";"D132e2";"43,5892660000";"3,8223410000"
"202100025033";"9";"08";"2021";"11:43";"1";"74";"74165";"2";"2";"1";"3";"R des Grives";"45,8381130000";"5,9632800000"
"202100025034";"9";"08";"2021";"16:45";"1";"76";"76515";"2";"1";"1";"6";"front de mer";"49,9049760000";"0,9250510000"
"202100025035";"7";"08";"2021";"05:15";"3";"19";"19066";"1";"1";"2";"6";"A-89 Pr 166.200 direction BORDEAUX";"45,1719330000";"1,2995620000"
"202100025036";"8";"08";"2021";"20:00";"1";"82";"82190";"2";"2";"1";"3";"intersection rue du MÃ©dou et route d'AUCAMVILLE";"43,8486450000";"1,2319440000"
"202100025037";"9";"08";"2021";"10:40";"1";"81";"81192";"1";"1";"1";"1";"d162";"43,7000671000";"2,9222729000"
"202100025038";"6";"08";"2021";"09:40";"1";"71";"71495";"2";"9";"1";"6";"6 Rue de Confle";"46,5217480000";"4,6009100000"
"202100025039";"8";"08";"2021";"16:40";"1";"61";"61158";"1";"2";"1";"2";"Lieu Dit le Gue de Rouvre";"48,6726710000";" -0,3044250000"
"202100025040";"9";"08";"2021";"11:15";"1";"46";"46239";"1";"1";"1";"6";"D43 - PK RD43 000+020";"44,8720090000";"1,4111850000"
"202100025041";"9";"08";"2021";"08:25";"1";"47";"47117";"1";"4";"1";"1";"D223";"44,3494710000";"0,7497530000"
"202100025042";"8";"08";"2021";"19:30";"1";"39";"39043";"1";"1";"1";"1";"N/A";"46,5730520000";"5,4530810000"
"202100025043";"8";"08";"2021";"16:55";"1";"25";"25525";"1";"1";"1";"7";"Saint-Point-Lac RD 129 PK 4+900";"46,8181240000";"6,3104120000"
"202100025044";"8";"08";"2021";"11:50";"1";"25";"25364";"1";"1";"1";"6";"N57";"47,1970030000";"6,1714840000"
"202100025045";"7";"08";"2021";"13:20";"1";"44";"44096";"1";"1";"2";"1";"D923";"47,4296110000";" -1,1862440000"
"202100025046";"9";"08";"2021";"12:43";"1";"03";"03044";"1";"2";"2";"3";"D1093";"46,0698330000";"3,3805970000"
"202100025047";"9";"08";"2021";"07:30";"1";"15";"15017";"1";"1";"1";"1";"d57";"44,9340510000";"2,6462540000"
"202100025048";"7";"08";"2021";"19:20";"1";"54";"54238";"1";"1";"1";"7";"Chemin communal";"48,4112570000";"6,2348480000"
"202100025049";"9";"08";"2021";"02:15";"3";"54";"54362";"1";"1";"1";"3";"2 t route Nationale";"49,3892170000";"5,7549650000"
"202100025050";"8";"08";"2021";"15:50";"1";"06";"06110";"1";"1";"1";"7";"M30";"44,0843170000";"7,0569780000"
"202100025051";"9";"08";"2021";"02:45";"3";"06";"06094";"1";"1";"1";"6";"Route du Garibeuil";"44,0923170000";"6,9319170000"
"202100025052";"8";"08";"2021";"15:30";"1";"90";"90093";"1";"6";"1";"3";"D5";"47,6861960000";"6,8442410000"
"202100025053";"9";"08";"2021";"17:05";"1";"73";"73241";"1";"1";"1";"6";"Chemin du Vernay";"45,6076649172";"6,3042409353"
"202100025054";"8";"08";"2021";"09:10";"1";"43";"43130";"1";"2";"1";"6";"2 Chemin de la LevÃ©e de Blachon";"45,0610010000";"4,2422490000"
"202100025055";"2";"08";"2021";"15:55";"1";"43";"43016";"1";"1";"1";"5";"D16";"45,3909015000";"3,3530340000"
"202100025056";"7";"08";"2021";"14:30";"1";"07";"07054";"1";"1";"3";"1";"Route de Limis - RD 278";"44,9296600000";"4,3134158000"
"202100025057";"8";"08";"2021";"17:15";"1";"24";"24471";"1";"1";"1";"6";"La Brunie";"44,9257060000";"1,2988540000"
"202100025058";"5";"08";"2021";"15:00";"1";"85";"85114";"2";"1";"1";"6";"Rue du MarÃ©chal Joffre";"46,4242550000";" -1,5745370000"
"202100025059";"8";"08";"2021";"10:00";"1";"42";"42279";"2";"1";"1";"3";"Chemin des Unchats";"45,4943710000";"4,2370480000"
"202100025060";"8";"08";"2021";"06:00";"1";"01";"01032";"1";"1";"1";"2";"A42";"45,8613280000";"5,1251860000"
"202100025061";"6";"08";"2021";"18:45";"3";"976";"97603";"1";"1";"1";"3";"CarriÃ¨re de M'Tsamoudou";" -12,9477250000";"45,1624400000"
"202100025062";"9";"08";"2021";"07:00";"2";"51";"51599";"1";"1";"1";"3";"A4";"49,0932378535";"4,2570431621"
"202100025063";"20";"07";"2021";"08:28";"1";"69";"69027";"2";"4";"1";"1";"PLAINE D'ELITE (DE LA) (CHM)";"45,6613010000";"4,7509430000"
"202100025064";"9";"08";"2021";"16:40";"1";"91";"91111";"1";"1";"1";"2";"A10";"48,6231290000";"2,1352760000"
"202100025065";"8";"08";"2021";"18:30";"5";"987";"98747";"1";"1";"1";"1";"Afaahiti, Pk 57+100, RT1";" -17,7350550000";" -149,3316870000"
"202100025066";"9";"08";"2021";"18:00";"3";"988";"98821";"1";"4";"2";"6";"VE2 HAUTEUR SAVANNAH";" -22,1645640000";"166,3877030000"
"202100025067";"9";"08";"2021";"14:00";"1";"988";"98802";"1";"1";"1";"6";"RT1 EntrÃ©e Sud de TOMO - PR 60 + 450";" -21,9634650000";"166,1583850000"
"202100025068";"8";"08";"2021";"18:00";"3";"974";"97418";"1";"1";"1";"1";"Route Emile de la Giroday";" -20,9167790000";"55,5413170000"
"202100025069";"8";"08";"2021";"11:20";"1";"971";"97117";"2";"1";"1";"7";"Route de Lacroix";"16,3213110000";" -61,3922760000"
"202100025070";"9";"08";"2021";"10:15";"1";"66";"66093";"1";"2";"1";"1";"Avenue des BalÃ©ares";"42,5365470000";"2,9387910000"
"202100025071";"7";"08";"2021";"18:50";"1";"34";"34213";"1";"3";"1";"3";"RD2e5";"43,4717800000";"3,6797550000"
"202100025072";"9";"08";"2021";"12:30";"1";"34";"34272";"1";"1";"1";"7";"D24";"43,6500370000";"4,0987400000"
"202100025073";"8";"08";"2021";"17:00";"1";"05";"05065";"1";"1";"1";"3";"D902";"44,6330400000";"6,6715120000"
"202100025074";"9";"08";"2021";"16:08";"1";"05";"05079";"1";"1";"1";"1";"Col du Lautaret";"45,0380660000";"6,4028250000"
"202100025075";"8";"08";"2021";"17:30";"1";"04";"04120";"1";"1";"1";"1";"RD 900";"44,4766280000";"6,7791970000"
"202100025076";"15";"07";"2021";"03:00";"5";"13";"13016";"1";"1";"1";"7";"Chemin des Gorguettes";"43,4022060000";"5,5937090000"
"202100025077";"6";"08";"2021";"17:20";"1";"26";"26179";"1";"1";"1";"4";"Autoroute du Soleil";"45,0677010000";"4,8710420000"
"202100025078";"8";"08";"2021";"12:50";"1";"71";"71024";"1";"1";"8";"7";"RD982";"46,3166210000";"4,0382590000"
"202100025079";"9";"08";"2021";"10:55";"1";"57";"57620";"2";"1";"1";"3";"37 Rue de Briey";"49,1959380000";"5,9972370000"
"202100025080";"6";"08";"2021";"19:05";"2";"73";"73227";"1";"1";"1";"6";"D915";"45,4463030000";"6,5916530000"
"202100025081";"15";"06";"2021";"17:30";"1";"69";"69296";"1";"1";"1";"3";"D312";"45,6395250000";"4,8252730000"
"202100025082";"29";"07";"2021";"19:45";"1";"49";"49193";"2";"3";"1";"1";"1 Rue Pierre de Ronsard";"47,1297770000";" -0,8970540000"
"202100025083";"8";"08";"2021";"15:30";"1";"49";"49023";"2";"3";"1";"3";"Rue des Mauges (beauprÃ©au)";"47,1984100000";" -0,9945520000"
"202100025084";"6";"08";"2021";"19:29";"1";"14";"14530";"1";"6";"1";"7";"D514";"49,2407880000";" -0,2691330000"