"Num_Acc";"jour";"mois";"an";"hrmn";"lum";"dep";"com";"agg";"int";"atm";"col";"adr";"lat";"long"
"202100025085";"7";"08";"2021";"12:06";"1";"13";"13055";"1";"1";"1";"6";"A507 sens Marseille - Aubagne";"43,3380300000";"5,3773300000"
"202100025086";"8";"08";"2021";"02:14";"5";"13";"13208";"1";"1";"1";"1";"Tunnel Prado CarÃ©nage";"43,2819740603";"5,3948292732"
"202100025087";"8";"08";"2021";"01:55";"3";"13";"13211";"1";"1";"1";"2";"A50-Sens Marseille vers Aubagne";"43,2930400000";"5,4555300000"
"202100025088";"7";"08";"2021";"18:10";"1";"13";"13033";"1";"1";"1";"5";"A55-Sens Marseille vers Martigues";"43,3732100000";"5,1863700000"
"202100025089";"6";"08";"2021";"21:45";"3";"69";"69256";"1";"1";"1";"2";"RN346  S/N   25.686 A 29.300";"45,7946679497";"4,9492607269"
"202100025090";"3";"08";"2021";"12:35";"1";"42";"42097";"1";"1";"1";"2";"A72";"45,4850002095";"4,3307774093"
"202100025091";"6";"08";"2021";"19:25";"1";"67";"67365";"1";"1";"1";"4";"M35";"48,5350400000";"7,7022500000"
"202100025092";"8";"08";"2021";"10:05";"1";"33";"33192";"1";"1";"1";"4";"Rocade Sud Ouest A630";"44,7862410000";" -0,5953310000"
"202100025093";"7";"08";"2021";"21:00";"3";"91";"91136";"1";"1";"2";"3";"AUTOROUTE A10";"48,7110700000";"2,2888400000"
"202100025094";"7";"08";"2021";"04:35";"3";"78";"78490";"1";"1";"1";"6";"RN12 INT";"48,8004290000";"1,9389060000"
"202100025095";"8";"08";"2021";"16:15";"1";"95";"95018";"1";"1";"1";"6";"A15";"48,9629200000";"2,2653200000"
"202100025096";"8";"08";"2021";"01:45";"4";"93";"93078";"1";"1";"1";"2";"AUTOROUTE A104";"48,9615400000";"2,5443600000"
"202100025097";"7";"08";"2021";"19:30";"1";"93";"93078";"1";"1";"2";"2";"AUTOROUTE A104";"48,9706200000";"2,4997700000"
"202100025098";"8";"08";"2021";"19:20";"1";"94";"94069";"1";"1";"1";"2";"A4";"48,8173796932";"2,4387983899"
"202100025099";"7";"08";"2021";"12:30";"1";"77";"77373";"1";"1";"3";"4";"RN104";"48,7961741604";"2,6215976852"
"202100025100";"7";"08";"2021";"11:05";"1";"976";"97611";"2";"1";"1";"1";"m'tsapere-Nationale 2 (route)";" -12,7904200000";"45,2232900000"
"202100025101";"7";"08";"2021";"19:49";"5";"974";"97416";"2";"1";"1";"6";"RN02";" -21,3298000000";"55,4722000000"
"202100025102";"7";"08";"2021";"17:05";"1";"974";"97411";"1";"2";"1";"3";"GIBERT DES MOLIERES (RUE)";" -20,8886600000";"55,4453400000"
"202100025103";"6";"08";"2021";"18:08";"1";"973";"97302";"2";"1";"1";"7";"RABAN (ROUTE DE)";"4,9330054117";" -52,3131337168"
"202100025104";"6";"08";"2021";"19:55";"5";"973";"97302";"1";"1";"1";"2";"ROUTE NATIONALE 1";"4,8988300000";" -52,3268900000"
"202100025105";"8";"08";"2021";"02:30";"5";"69";"69259";"2";"3";"8";"2";"AMBROISE CROIZAT (BD)";"45,7066000000";"4,8874700000"
"202100025106";"7";"08";"2021";"11:30";"1";"69";"69388";"2";"1";"3";"3";"JEAN MERMOZ (AV)";"45,7311129622";"4,8860621452"
"202100025107";"6";"08";"2021";"15:00";"1";"83";"83062";"2";"1";"1";"5";"PAIX (AVENUE DE LA)";"43,1281370000";"6,0086770000"
"202100025108";"7";"08";"2021";"06:15";"2";"79";"79191";"2";"1";"1";"6";"258 Avenue de Limoges";"46,3166200000";" -0,4427900000"
"202100025109";"7";"08";"2021";"06:30";"2";"78";"78638";"1";"9";"1";"5";"D 922";"49,0189930000";"1,9804750000"
"202100025110";"7";"08";"2021";"15:35";"1";"77";"77013";"1";"1";"1";"7";"D402";"48,8346019650";"3,0874909387"
"202100025111";"7";"08";"2021";"15:46";"1";"65";"65440";"2";"1";"1";"6";"REFFYE (COURS)";"43,2322740000";"0,0714540000"
"202100025112";"7";"08";"2021";"21:00";"2";"64";"64445";"1";"1";"1";"7";"RD 817";"43,3155400000";" -0,3034300000"
"202100025113";"7";"08";"2021";"16:55";"1";"64";"64122";"2";"1";"1";"7";"JEAN BART (RUE)";"43,4810400000";" -1,5578600000"
"202100025114";"7";"08";"2021";"09:01";"1";"64";"64102";"2";"1";"8";"7";"AMADE  (ROND POINT)";"43,5020400000";" -1,4787500000"
"202100025115";"7";"08";"2021";"21:55";"3";"59";"59512";"2";"1";"2";"1";"GRIMONPONT (QUAI DU)";"50,6890400000";"3,2114400000"
"202100025116";"8";"08";"2021";"01:00";"5";"51";"51454";"2";"2";"1";"3";"Rue de Neufchatel";"49,2762933184";"4,0268715885"
"202100025117";"7";"08";"2021";"15:30";"1";"51";"51454";"2";"1";"1";"2";"Rue de lâArquebuse";"49,2537544320";"4,0236381524"
"202100025118";"28";"07";"2021";"17:25";"1";"42";"42218";"2";"1";"1";"1";"Rue Alfred Sisley";"45,4245876554";"4,4176840782"
"202100025119";"7";"08";"2021";"00:45";"5";"38";"38185";"2";"2";"1";"3";"RUE LESDIGUIÃRES";"45,1872000000";"5,7276600000"
"202100025120";"7";"08";"2021";"18:55";"1";"35";"35051";"2";"1";"1";"7";"RENNES (RUE DE)";"48,1142000000";" -1,6237500000"
"202100025121";"7";"08";"2021";"03:40";"1";"33";"33063";"2";"2";"1";"1";"Cours de la Marne";"44,8300400000";" -0,5691100000"
"202100025122";"7";"08";"2021";"12:08";"1";"31";"31555";"2";"1";"1";"6";"AV LARRIEU THIBAUD";"43,5531572373";"1,4071946660"
"202100025123";"7";"08";"2021";"15:05";"1";"29";"29039";"1";"6";"1";"3";"Giratoire de Kerviniou";"47,8624810000";" -3,8888540000"
"202100025124";"7";"08";"2021";"00:40";"5";"28";"28134";"2";"1";"1";"6";"BOIS SABOT (RUE DU)";"48,7397300000";"1,3541600000"
"202100025125";"7";"08";"2021";"15:40";"1";"27";"27229";"2";"1";"2";"6";"MONDUIT (RUE HENRI)";"49,0281300000";"1,1375300000"
"202100025126";"3";"08";"2021";"17:35";"1";"27";"27229";"2";"3";"8";"6";"BRANLY (RUE)";"49,0255994415";"1,1625931248"
"202100025127";"7";"08";"2021";"23:00";"5";"25";"25462";"2";"3";"2";"2";"BESANCON (DU 72TER A LA FIN)";"46,9170200000";"6,3443100000"
"202100025128";"8";"08";"2021";"00:30";"5";"17";"17306";"2";"3";"1";"1";"4E ZOUAVE (DU) (AVENUE)";"45,6294280000";" -0,9936710000"
"202100025129";"7";"08";"2021";"16:09";"1";"17";"17200";"2";"9";"1";"7";"HUIT MAI 1945   AVENUE DU";"46,1791100000";" -1,1532600000"
"202100025130";"8";"08";"2021";"00:30";"5";"13";"13208";"2";"1";"1";"3";"PRADO (AVENUE DU)";"43,2705522778";"5,3879670488"
"202100025131";"7";"08";"2021";"19:30";"1";"13";"13209";"2";"1";"1";"2";"MARÃCHAL DE LATTRE (AVENUE)";"43,2461551641";"5,4173497328"
"202100025132";"7";"08";"2021";"14:30";"1";"13";"13215";"2";"1";"1";"1";"PADOUANE (BD DE LA )";"43,3533277052";"5,3688317217"
"202100025133";"7";"08";"2021";"02:10";"5";"13";"13208";"2";"1";"1";"6";"RABATAU (BOULEVARD)";"43,2762755896";"5,3971970812"
"202100025134";"6";"08";"2021";"12:15";"1";"13";"13001";"2";"1";"1";"2";"MONNET JEAN (AV)";"43,5320399791";"5,4220588634"
"202100025135";"7";"08";"2021";"18:25";"1";"10";"10387";"2";"1";"1";"1";"LIEUTENANT PIERRE MURARD (RUE)";"48,3049300000";"4,0532900000"
"202100025136";"7";"08";"2021";"16:00";"1";"06";"06069";"2";"1";"1";"3";"CASTORS (CHEMIN DES)";"43,6420760000";"6,9317720000"
"202100025137";"6";"08";"2021";"19:00";"1";"06";"06069";"2";"1";"1";"3";"POMPIDOU (AVENUE GEORGES) -RD 6085";"43,6485500000";"6,9354600000"
"202100025138";"7";"08";"2021";"17:00";"1";"06";"06123";"2";"1";"1";"3";"VESPINS ROUTE DES";"43,6603100000";"7,1800600000"
"202100025139";"6";"08";"2021";"05:28";"2";"06";"06155";"1";"9";"1";"1";"RD6007";"43,5579040000";"7,0629350000"
"202100025140";"6";"08";"2021";"11:25";"1";"75";"75119";"2";"1";"1";"2";"PORTE DE LA VILLETTE";"48,8995860000";"2,3925950000"
"202100025141";"7";"08";"2021";"15:20";"1";"75";"75105";"2";"2";"1";"3";"RUE POLIVEAU";"48,8397080000";"2,3565960000"
"202100025142";"7";"08";"2021";"16:30";"1";"75";"75106";"2";"2";"1";"3";"BOULEVARD SAINT MICHEL";"48,8513990000";"2,3431780000"
"202100025143";"7";"08";"2021";"14:20";"1";"75";"75106";"2";"1";"1";"6";"RUE DE VAUGIRARD";"48,8471390000";"2,3272360000"
"202100025144";"7";"08";"2021";"12:30";"1";"75";"75105";"2";"2";"2";"6";"BOULEVARD SAINT MARCEL";"48,8385100000";"2,3570490000"
"202100025145";"7";"08";"2021";"10:15";"1";"75";"75119";"2";"5";"1";"3";"RUE DE MOUZAIA";"48,8800760000";"2,3984630000"
"202100025146";"7";"08";"2021";"18:45";"1";"75";"75117";"2";"2";"2";"3";"AVENUE DE LA PORTE D ASNIERES";"48,8901090000";"2,3038250000"
"202100025147";"7";"08";"2021";"09:00";"1";"75";"75114";"2";"7";"1";"3";"AVENUE DU GENERAL LECLERC";"48,8280250626";"2,3269782588"
"202100025148";"6";"08";"2021";"03:55";"5";"75";"75113";"2";"3";"1";"2";"AVENUE DE LA PORTE D ITALIE";"48,8164254260";"2,3601384457"
"202100025149";"7";"08";"2021";"13:15";"1";"75";"75112";"2";"1";"8";"2";"QUAI DE LA RAPEE";"48,8425840000";"2,3715670000"
"202100025150";"7";"08";"2021";"00:30";"5";"75";"75110";"2";"3";"1";"3";"RUE DU FAUBOURG SAINT MARTIN";"48,8756120000";"2,3593220000"
"202100025151";"7";"08";"2021";"12:13";"1";"75";"75108";"2";"3";"2";"3";"RUE PASQUIER";"48,8730440000";"2,3235810000"
"202100025152";"7";"08";"2021";"18:15";"1";"75";"75104";"2";"2";"1";"3";"RUE CRILLON";"48,8495130000";"2,3656270000"
"202100025153";"7";"08";"2021";"18:30";"1";"94";"94034";"2";"1";"8";"6";"EMILE ZOLA (R)";"48,7591300000";"2,3246800000"
"202100025154";"7";"08";"2021";"10:30";"1";"93";"93051";"2";"1";"1";"2";"Quai de la Marne";"48,8577000000";"2,5679000000"
"202100025155";"7";"08";"2021";"15:30";"1";"93";"93027";"2";"5";"1";"3";"Avenue Jean Mermoz / Rue Nungesser";"48,9327447694";"2,4121663570"
"202100025156";"6";"08";"2021";"22:11";"3";"92";"92073";"2";"3";"1";"3";"JAURES (AVENUE JEAN)";"48,8646782815";"2,2068934143"
"202100025157";"7";"08";"2021";"21:30";"5";"92";"92051";"2";"1";"1";"3";"CHARLES DE GAULLE (AVENUE, NÂ°27 A 129)";"48,8860340000";"2,2561830000"
"202100025158";"7";"08";"2021";"20:50";"2";"92";"92050";"2";"4";"1";"3";"ONZE NOVEMBRE RUE DU";"48,9068743858";"2,2186106443"
"202100025159";"8";"08";"2021";"04:00";"3";"12";"12159";"1";"1";"1";"6";"352 Impasse du Serayol";"44,3363270000";"2,0802570000"
"202100025160";"6";"08";"2021";"15:30";"1";"14";"14150";"1";"2";"2";"3";"D258";"48,9928580000";" -0,3932740000"
"202100025161";"7";"08";"2021";"20:30";"2";"38";"38238";"2";"2";"1";"3";"D502";"45,5008120000";"5,0119890000"
"202100025162";"7";"08";"2021";"23:45";"3";"60";"60107";"1";"1";"8";"6";"D1016";"49,3531270000";"2,4269910000"
"202100025163";"8";"08";"2021";"17:00";"1";"95";"95052";"2";"1";"1";"6";"Chemin des Mervignolles";"49,1414600000";"2,2985390000"
"202100025164";"8";"08";"2021";"02:40";"3";"18";"18117";"1";"1";"1";"7";"RD 923";"47,4075280000";"2,6735400000"
"202100025165";"8";"08";"2021";"16:05";"1";"69";"69279";"2";"2";"1";"3";"NATIONALE (R)";"45,7968160000";"5,0486740000"
"202100025166";"8";"08";"2021";"16:15";"1";"05";"05027";"1";"1";"1";"3";"CD 902";"44,8225620000";"6,7359280000"
"202100025167";"8";"08";"2021";"16:20";"1";"01";"01173";"1";"3";"1";"3";"D1005";"46,3501840000";"6,0569140000"
"202100025168";"8";"08";"2021";"09:55";"1";"35";"35191";"1";"1";"8";"6";"A 84";"48,4550410000";" -1,3277590000"
"202100025169";"7";"08";"2021";"15:25";"1";"35";"35206";"1";"1";"1";"4";"RN 137";"48,0576240000";" -1,6801090000"
"202100025170";"8";"08";"2021";"08:30";"1";"83";"83019";"1";"1";"1";"6";"D98";"43,1824770000";"6,3491750000"
"202100025171";"7";"08";"2021";"19:26";"2";"30";"30034";"1";"1";"1";"6";"Chemin Haut de GÃ©nÃ©rac";"43,7544500000";"4,4796750000"
"202100025172";"7";"08";"2021";"14:40";"1";"04";"04102";"1";"1";"1";"3";"RD 954";"44,4475830000";"6,4055660000"
"202100025173";"8";"08";"2021";"09:20";"1";"19";"19255";"1";"1";"1";"6";"Le Poteau";"45,3875070000";"1,7219730000"
"202100025174";"6";"08";"2021";"18:35";"1";"41";"41211";"1";"1";"1";"7";"Le Petit Villeneuve";"47,2920850000";"1,1512200000"
"202100025175";"7";"08";"2021";"16:45";"1";"65";"65019";"2";"1";"1";"3";"Rue du 8 Mai 1945";"43,1584780000";"0,1004650000"
"202100025176";"8";"08";"2021";"16:12";"1";"81";"81220";"1";"1";"1";"6";"D2";"43,8462710000";"1,7089210000"
"202100025177";"7";"08";"2021";"17:15";"1";"32";"32404";"1";"1";"1";"7";"Route dÃ©partementale D654";"43,8793510000";"0,4543340000"
"202100025178";"7";"08";"2021";"09:45";"1";"32";"32147";"1";"2";"3";"3";"RD 523";"43,6239570000";"0,9091450000"
"202100025179";"8";"08";"2021";"05:35";"2";"71";"71263";"1";"1";"1";"1";"rue du Jura";"46,6329440000";"5,2503710000"
"202100025180";"7";"08";"2021";"13:20";"1";"63";"63418";"1";"2";"8";"3";"D223";"45,7738914705";"3,5038078576"
"202100025181";"7";"08";"2021";"18:00";"1";"61";"61297";"1";"2";"8";"7";"Le Clos Mottay";"48,6590730000";"0,4815320000"
"202100025182";"2";"08";"2021";"14:30";"1";"12";"12208";"1";"1";"7";"6";"D999";"43,9543630000";"2,9315690000"
"202100025183";"8";"08";"2021";"15:30";"1";"42";"42128";"1";"1";"1";"6";"N7";"45,9381800000";"4,2971510000"
"202100025184";"7";"08";"2021";"13:30";"1";"42";"42204";"2";"1";"2";"6";"Rue Chevalier";"45,4225140000";"4,0649250000"
"202100025185";"7";"08";"2021";"15:30";"1";"46";"46059";"2";"2";"1";"3";"Le bourg";"44,7180632000";"1,6084300000"
"202100025186";"8";"08";"2021";"10:10";"1";"39";"39478";"1";"1";"1";"7";"N/A";"46,4240690000";"5,8578840000"
"202100025187";"7";"08";"2021";"13:40";"1";"44";"44173";"1";"1";"1";"2";"La FuseliÃ¨re";"47,0875110000";" -1,3276340000"
"202100025188";"6";"08";"2021";"14:40";"1";"29";"29273";"1";"1";"1";"5";"Traon Meur";"48,7068180000";" -4,0153260000"
"202100025189";"6";"08";"2021";"20:49";"1";"29";"29162";"2";"1";"1";"1";"15 rue des quatre vents";"48,2268710000";" -3,9650130000"
"202100025190";"6";"08";"2021";"23:00";"3";"31";"31107";"1";"1";"1";"6";"Route de Lancon";"43,3253100000";"1,2181140000"
"202100025191";"8";"08";"2021";"13:20";"1";"03";"03127";"1";"1";"3";"7";"RD 3, PK 12+500";"46,4990050000";"2,7076040000"
"202100025192";"7";"08";"2021";"02:45";"3";"26";"26124";"1";"1";"1";"7";"Iles du Chez";"44,8623790000";"4,8549590000"
"202100025193";"7";"08";"2021";"17:05";"1";"58";"58309";"2";"1";"1";"3";"Le Bourg";"46,9489000000";"3,9649060000"
"202100025194";"8";"08";"2021";"12:20";"1";"54";"54060";"1";"3";"1";"3";"D657";"48,8157057907";"6,1071324357"
"202100025195";"7";"08";"2021";"15:45";"1";"72";"72363";"2";"1";"2";"7";"24 Rue de la Mairie";"48,1105550000";"0,5222420000"
"202100025196";"6";"08";"2021";"18:30";"1";"50";"50267";"2";"6";"1";"3";"Rue de la Sainte Croix";"49,2176500000";" -1,5315250000"
"202100025197";"8";"08";"2021";"13:00";"1";"50";"50260";"1";"1";"1";"2";"Voie Saint Louis";"48,6764820000";" -0,9852500000"
"202100025198";"8";"08";"2021";"15:15";"1";"50";"50428";"1";"1";"2";"1";"La BelletiÃ¨re";"48,6784510000";" -1,0953710000"
"202100025199";"8";"08";"2021";"00:30";"3";"18";"18164";"1";"1";"1";"6";"Les Cotteries";"46,8806570000";"3,0488800000"
"202100025200";"7";"08";"2021";"22:15";"3";"18";"18230";"1";"1";"1";"6";"RD 69 PK 1 + 850";"46,6620730000";"2,2913360000"
"202100025201";"7";"08";"2021";"12:00";"1";"43";"43190";"1";"2";"2";"3";"La Vio du Garitou";"45,0093710000";"4,0284960000"
"202100025202";"7";"08";"2021";"17:00";"1";"10";"10170";"1";"2";"1";"6";"d971";"48,0319230372";"4,4274392724"
"202100025203";"7";"08";"2021";"08:30";"1";"40";"40181";"1";"1";"1";"1";"route de moliets";"43,8236290000";" -1,3270280000"
"202100025204";"5";"08";"2021";"23:45";"3";"40";"40266";"1";"1";"1";"2";"Route du Nel";"44,0474100000";" -1,2352320000"
"202100025205";"8";"08";"2021";"07:10";"1";"24";"24147";"1";"1";"1";"7";"Roubeyrac";"45,2307700000";"0,9962250000"
"202100025206";"8";"08";"2021";"18:00";"1";"27";"27511";"1";"2";"1";"5";"D133";"49,1596270000";"1,0015740000"
"202100025207";"8";"08";"2021";"06:40";"2";"27";"27514";"1";"2";"1";"3";"Chemoin du bosc gueret";"49,0248400000";"0,5042120000"
"202100025208";"7";"08";"2021";"15:40";"1";"30";"30349";"1";"1";"1";"6";"RD 6110";"43,8567420000";"4,0970420000"
"202100025209";"7";"08";"2021";"13:30";"1";"19";"19227";"1";"1";"2";"6";"A89";"45,3072913328";"1,6778376142"
"202100025210";"1";"08";"2021";"11:15";"1";"72";"72058";"1";"1";"1";"7";"autoroute A28, sortie numÃ©ro 23";"48,0049410000";"0,3118440000"
"202100025211";"8";"08";"2021";"16:50";"1";"42";"42073";"1";"1";"1";"1";"Route des Collines";"45,7831590000";"4,3154280000"
"202100025212";"7";"08";"2021";"23:10";"3";"11";"11188";"1";"1";"1";"6";"Autoroute A9 - PK 217.100 - sens PERPIGNAN / NARBONNE";"42,9544910000";"2,9706000000"
"202100025213";"7";"08";"2021";"17:35";"1";"17";"17299";"1";"1";"1";"2";"A837 - PK 002.400 - Sens Rochefort vers Saintes";"45,9635940000";" -0,9654240000"
"202100025214";"7";"08";"2021";"07:35";"2";"77";"77407";"1";"1";"1";"6";"Autoroute A6";"48,5199440000";"2,5045610000"
"202100025215";"7";"08";"2021";"12:20";"1";"971";"97117";"2";"1";"1";"7";"D114";"16,3278720000";" -61,3529780000"
"202100025216";"8";"08";"2021";"06:00";"2";"2A";"2A247";"2";"1";"1";"6";"Palavesa";"41,6274370000";"9,2513840000"
"202100025217";"8";"08";"2021";"01:10";"5";"83";"83065";"2";"1";"1";"7";"Route Departementale 98a";"43,2626440000";"6,6045000000"
"202100025218";"8";"08";"2021";"08:30";"1";"13";"13073";"2";"1";"1";"1";"Le Terme D908";"43,3868830000";"5,5557350000"
"202100025219";"7";"08";"2021";"01:45";"4";"69";"69287";"2";"1";"1";"2";"PASTEUR (R)";"45,7005600000";"5,0127800000"
"202100025220";"8";"08";"2021";"15:25";"1";"81";"81271";"2";"1";"1";"2";"Route de Saint Lieux";"43,7697240000";"1,7046210000"
"202100025221";"7";"08";"2021";"22:20";"3";"87";"87035";"1";"1";"1";"6";"Route des Landes";"45,8285300000";"1,5461110000"
"202100025222";"8";"08";"2021";"11:30";"1";"85";"85178";"1";"2";"1";"2";"L ArnaudiÃ¨re";"46,7712400000";" -1,4487250000"
"202100025223";"6";"08";"2021";"12:10";"1";"35";"35221";"1";"3";"1";"3";"La Faroulais";"47,8761810000";" -1,7429320000"
"202100025224";"6";"08";"2021";"20:30";"3";"13";"13071";"1";"1";"1";"6";"A55 - Sens Marseille vers Martigues";"43,3864300000";"5,3085200000"
"202100025225";"7";"08";"2021";"08:45";"1";"13";"13071";"1";"1";"1";"1";"A55-Sens Martigues vers Marseille";"43,3979370000";"5,2869800000"
"202100025226";"6";"08";"2021";"22:50";"3";"13";"13071";"1";"1";"1";"3";"A7-Sens Marseille vers Lyon";"43,4036100000";"5,3087600000"
"202100025227";"6";"08";"2021";"18:00";"1";"13";"13071";"1";"1";"1";"2";"A51-Sens Aix en Provence vers Marseille";"43,4142500000";"5,3645700000"
"202100025228";"6";"08";"2021";"07:37";"1";"13";"13215";"1";"1";"1";"1";"A7-Sens Marseille vers Lyon";"43,3426430000";"5,3759680000"
"202100025229";"6";"08";"2021";"04:40";"5";"13";"13055";"1";"1";"1";"2";"A507 sens Marseille - Aubagne";"43,2925000000";"5,4243500000"
"202100025230";"3";"08";"2021";"19:45";"1";"42";"42218";"1";"1";"2";"6";"A72";"45,4640171772";"4,3832944035"
"202100025231";"7";"08";"2021";"16:00";"1";"33";"33065";"1";"1";"1";"4";"Rocade Rive Droite N230";"44,8114390000";" -0,5222070000"
"202100025232";"7";"08";"2021";"05:10";"3";"33";"33080";"1";"1";"1";"2";"N/A";"44,7513900000";" -0,5419500000"
"202100025233";"7";"08";"2021";"20:45";"1";"91";"91340";"1";"1";"2";"7";"RN 104";"48,6090000000";"2,4347400000"
"202100025234";"7";"08";"2021";"13:50";"1";"91";"91659";"1";"1";"3";"3";"AUTOROUTE A6";"48,5784900000";"2,4629300000"
"202100025235";"7";"08";"2021";"10:10";"1";"91";"91589";"1";"1";"1";"2";"AUTOROUTE A6";"48,6736000000";"2,3431000000"
"202100025236";"6";"08";"2021";"18:30";"1";"78";"78090";"1";"1";"1";"4";"A13";"48,9693100000";"1,9155080000"
"202100025237";"6";"08";"2021";"15:00";"1";"78";"78043";"1";"1";"1";"2";"A12 W";"48,8422140000";"2,0993560000"
"202100025238";"6";"08";"2021";"13:15";"1";"78";"78073";"1";"1";"1";"2";"N12Y";"48,7971590000";"2,0195180000"
"202100025239";"7";"08";"2021";"13:20";"1";"95";"95572";"1";"1";"1";"6";" A15";"49,0328519522";"2,1079484869"
"202100025240";"7";"08";"2021";"21:45";"3";"94";"94042";"1";"1";"1";"2";"A4";"48,8283679668";"2,4755835633"
"202100025241";"6";"08";"2021";"11:30";"1";"94";"94065";"1";"1";"1";"4";"A86 INT";"48,7539000000";"2,3526000000"
"202100025242";"6";"08";"2021";"00:15";"3";"77";"77258";"1";"1";"1";"6";"A4.W";"48,8309000000";"2,6350500000"
"202100025243";"3";"08";"2021";"23:54";"3";"94";"94028";"1";"1";"1";"4";"A86 INT";"48,7951036154";"2,4423270810"
"202100025244";"6";"08";"2021";"07:25";"1";"69";"69388";"2";"1";"1";"1";"PINEL (BD)";"45,7260600000";"4,8869500000"
"202100025245";"6";"08";"2021";"19:10";"3";"976";"97611";"1";"1";"1";"6";"tsoundzou-chemin riviÃ¨re de KwalÃ©";" -12,8053400000";"45,1994500000"
"202100025246";"6";"08";"2021";"13:35";"1";"69";"69276";"2";"1";"1";"7";"LYON (DE) (RTE)";"45,6761905975";"4,8608730459"
"202100025247";"6";"08";"2021";"17:59";"4";"972";"97209";"1";"1";"1";"2";"BALATA (ROUTE DE)";"14,6206032549";" -61,0709542036"
"202100025248";"6";"08";"2021";"15:10";"1";"972";"97209";"1";"1";"1";"7";"RN9";"14,6002800000";" -61,0465800000"
"202100025249";"6";"08";"2021";"14:55";"1";"69";"69385";"2";"1";"1";"6";"MENIVAL (DE) (AV)";"45,7565000000";"4,7840000000"
"202100025250";"18";"06";"2021";"17:45";"1";"971";"97101";"2";"6";"1";"3";"VIEUX BOURG";"16,2501100000";" -61,5292700000"
"202100025251";"6";"08";"2021";"14:25";"1";"91";"91549";"2";"1";"1";"3";"GABRIEL PERI (AVENUE)";"48,6472900000";"2,3270800000"
"202100025252";"5";"08";"2021";"09:00";"1";"91";"91425";"2";"1";"1";"6";"RTE D ORLEANS RN 20";"48,6399700000";"2,2681100000"
"202100025253";"6";"08";"2021";"06:55";"1";"91";"91589";"2";"1";"1";"6";"RUE LOUIS JACQUES MEZARD";"48,6763330000";"2,3532240000"
"202100025254";"6";"08";"2021";"08:28";"1";"88";"88429";"1";"1";"2";"3";"RN 57";"48,0355700000";"6,5798830000"
"202100025255";"6";"08";"2021";"08:20";"1";"87";"87085";"2";"3";"2";"3";"GARIBALDI (AVENUE)";"45,8351900000";"1,2605100000"
"202100025256";"6";"08";"2021";"07:10";"1";"86";"86194";"2";"1";"1";"3";"Rue du Carreau";"46,6078330000";"0,3420320000"
"202100025257";"6";"08";"2021";"08:30";"1";"83";"83137";"2";"1";"1";"5";"CARNOT (AVE LAZARE)";"43,1269981726";"5,9252303839"
"202100025258";"6";"08";"2021";"18:25";"1";"82";"82121";"1";"1";"1";"6";"AVEYRON (ROUTE DE L')";"44,0914585906";"1,3214278221"
"202100025259";"4";"08";"2021";"15:30";"1";"80";"80021";"2";"1";"1";"2";"ROCADE NORD RN 1";"49,9272100000";"2,3045700000"
"202100025260";"1";"08";"2021";"11:49";"1";"78";"78640";"2";"1";"1";"2";"LOUIS BREGUET (AVENUE)";"48,7811800000";"2,1842000000"
"202100025261";"9";"07";"2021";"13:20";"1";"77";"77243";"2";"1";"1";"6";"EUGENE PREVOTS  (RUE   )";"48,8728700000";"2,7032700000"
"202100025262";"30";"09";"2021";"15:20";"1";"76";"76497";"2";"1";"1";"2";"CD 3 (RUE ARISTIDE BRIAND)";"49,3952300000";"1,0242630000"
"202100025263";"5";"08";"2021";"10:55";"1";"76";"76351";"2";"1";"1";"2";"PAUL DOUMER";"49,4924500000";"0,1038800000"
"202100025264";"4";"08";"2021";"14:40";"1";"76";"76351";"2";"3";"1";"3";"AUGUSTE DELAUNE";"49,5004900000";"0,1667200000"
"202100025265";"5";"08";"2021";"21:55";"5";"74";"74012";"2";"1";"1";"2";"FLORISSANT (AVENUE)";"46,1966000000";"6,2413000000"
"202100025266";"7";"08";"2021";"00:30";"5";"72";"72181";"2";"1";"1";"7";"BROSSOLETTE PIERRE (BD) NÂ° IMP";"47,9789700000";"0,2050600000"
"202100025267";"6";"08";"2021";"15:20";"1";"72";"72181";"1";"1";"1";"4";"ALLONNES PONT ROUGE (RTE D')";"47,9758300000";"0,1660000000"
"202100025268";"4";"08";"2021";"12:50";"1";"71";"71105";"2";"6";"1";"3";"Rond-point du Caron";"46,3023540097";"4,7948504951"
"202100025269";"6";"08";"2021";"19:25";"1";"69";"69266";"2";"1";"1";"3";"4 AOUT 1789 (DU) (R)";"45,7645900000";"4,8912900000"
"202100025270";"6";"08";"2021";"17:10";"1";"69";"69282";"2";"8";"1";"6";"CARREAU (DU) (AV)";"45,7726900000";"4,9903600000"
"202100025271";"5";"08";"2021";"21:25";"5";"69";"69290";"2";"1";"1";"3";"LYON (DE) (RTE)";"45,7110000000";"4,9018000000"
"202100025272";"6";"08";"2021";"08:40";"1";"65";"65440";"2";"1";"1";"7";"KENNEDY (BOULEVARD DU PRESIDENT JOHN)";"43,2194340000";"0,0803350000"
"202100025273";"7";"08";"2021";"01:25";"5";"64";"64024";"2";"1";"2";"5";"ADOUR (AVENUE DE L')";"43,5205300000";" -1,5024600000"
"202100025274";"5";"08";"2021";"19:15";"1";"64";"64102";"2";"1";"1";"2";"NAVARRE AVENUE HENRI DE)";"43,5085550102";" -1,4440798759"
"202100025275";"5";"08";"2021";"13:45";"1";"64";"64102";"2";"1";"1";"2";"KOENIG (RUE MARECHAL)";"43,4855500000";" -1,4914000000"