"Num_Acc";"jour";"mois";"an";"hrmn";"lum";"dep";"com";"agg";"int";"atm";"col";"adr";"lat";"long"
"202100025276";"6";"08";"2021";"19:15";"1";"60";"60414";"2";"2";"1";"1";"rue Louis Blanc";"49,2599229743";"2,4524086118"
"202100025277";"4";"08";"2021";"15:45";"1";"59";"59654";"2";"1";"1";"7";"GALIBOT (RUE DU)";"50,3724420000";"3,1010490000"
"202100025278";"7";"08";"2021";"01:05";"5";"54";"54526";"2";"1";"1";"6";"HAASBERGEN (RUE)";"48,6887755626";"6,2134747131"
"202100025279";"6";"08";"2021";"13:20";"1";"54";"54395";"2";"3";"1";"3";"STRASBOURG (AVENUE DE)";"48,6812600000";"6,1934600000"
"202100025280";"6";"08";"2021";"08:15";"1";"54";"54578";"2";"3";"1";"6";"AIGUILLETTES  (BD 5 A 73-2 A 94)";"48,6723900000";"6,1546400000"
"202100025281";"4";"08";"2021";"13:25";"1";"49";"49328";"1";"1";"1";"1";"MORTINS (Route des)";"47,2758100000";" -0,1312200000"
"202100025282";"3";"08";"2021";"11:00";"1";"49";"49007";"2";"1";"1";"7";"DAVIERS BOULEVARD";"47,4792000000";" -0,5590000000"
"202100025283";"3";"08";"2021";"11:52";"1";"49";"49007";"2";"1";"1";"7";"FREMUR";"47,4551000000";" -0,5631000000"
"202100025284";"5";"08";"2021";"22:05";"3";"49";"49267";"2";"1";"2";"6";"MONTAIGNE AVENUE";"47,4676000000";" -0,5149000000"
"202100025285";"5";"08";"2021";"19:10";"1";"49";"49246";"2";"1";"1";"6";"A87N";"47,4388500000";" -0,5109600000"
"202100025286";"6";"08";"2021";"11:40";"1";"45";"45302";"2";"2";"1";"6";"Rue de Pimelin";"47,9272080000";"1,8757100000"
"202100025287";"6";"08";"2021";"18:35";"1";"44";"44109";"2";"1";"1";"2";"BOULEVARD ROBERT SCHUMAN";"47,2356900000";" -1,5681100000"
"202100025288";"6";"08";"2021";"13:40";"1";"44";"44109";"2";"1";"1";"6";"SARREBRUCK ( BD DE )";"47,2167800000";" -1,5183200000"
"202100025289";"31";"07";"2021";"14:55";"1";"42";"42207";"2";"4";"1";"7";"Rue Gambetta";"45,4727100000";"4,5091600000"
"202100025290";"4";"08";"2021";"14:25";"1";"41";"41212";"1";"1";"3";"2";"RD 956";"47,5621400000";"1,3727800000"
"202100025291";"6";"08";"2021";"22:40";"5";"38";"38185";"2";"4";"1";"3";"Rue Albert Reynier";"45,1676100000";"5,7047100000"
"202100025292";"6";"08";"2021";"19:50";"2";"38";"38151";"2";"1";"1";"6";"Rue GÃ©o Charles";"45,1500700000";"5,6968000000"
"202100025293";"5";"08";"2021";"19:53";"1";"37";"37261";"2";"1";"1";"2";"GIRAUDEAU (RUE)";"47,3866393450";"0,6766115829"
"202100025294";"5";"08";"2021";"17:15";"1";"37";"37261";"2";"1";"2";"7";"NIESSEL (AVENUE DU GENERAL)";"47,3661547420";"0,7005931456"
"202100025295";"6";"08";"2021";"15:55";"1";"35";"35238";"1";"1";"1";"7";"PORTE ALMA";"48,0794900000";" -1,6762500000"
"202100025296";"6";"08";"2021";"14:00";"1";"35";"35238";"2";"1";"1";"2";"JANVIER (AVENUE JEAN)";"48,1095500000";" -1,6739000000"
"202100025297";"6";"08";"2021";"01:00";"5";"34";"34172";"2";"4";"1";"6";"SAINT LAZARE (AVENUE DE)";"43,6176800000";"3,8860000000"
"202100025298";"6";"08";"2021";"19:25";"1";"33";"33063";"2";"2";"1";"3";"Rue du Hamel";"44,8315500000";" -0,5660200000"
"202100025299";"6";"08";"2021";"15:40";"1";"33";"33529";"2";"1";"1";"6";"Rue du Port";"44,6369300000";" -1,1445900000"
"202100025300";"6";"08";"2021";"10:00";"1";"31";"31555";"2";"1";"1";"3";"IMP DE LA GLACIERE";"43,6467600000";"1,4228500000"
"202100025301";"31";"07";"2021";"01:00";"4";"30";"30189";"2";"2";"1";"3";"JAURES JEAN (BOULEVARD)";"43,8327900000";"4,3518000000"
"202100025302";"24";"07";"2021";"15:35";"1";"30";"30189";"2";"3";"1";"3";"FAITA VINCENT (RUE)";"43,8457000000";"4,3717000000"
"202100025303";"5";"08";"2021";"15:05";"1";"29";"29232";"2";"1";"1";"6";"Avenue de la Liberation";"47,9937200000";" -4,0903800000"
"202100025304";"6";"08";"2021";"16:40";"1";"29";"29019";"2";"6";"1";"3";"Rue Emile Rousse";"48,3854000000";" -4,5282000000"
"202100025305";"15";"07";"2021";"19:10";"1";"28";"28085";"2";"3";"1";"3";"CHASLES (BOULEVARD)";"48,4419800000";"1,4843700000"
"202100025306";"5";"08";"2021";"16:00";"1";"27";"27299";"1";"1";"1";"3";"RN 154";"49,0520000000";"1,1787800000"
"202100025307";"6";"08";"2021";"10:25";"1";"17";"17380";"2";"3";"1";"2";"BRICK (DU)";"45,6474700000";" -1,1102300000"
"202100025308";"5";"08";"2021";"20:20";"1";"14";"14118";"2";"3";"1";"6";"D9A";"49,1851500000";" -0,3956400000"
"202100025309";"6";"08";"2021";"17:18";"1";"13";"13202";"2";"4";"1";"2";"JOLIETTE (PLACE DE LA)";"43,3050700000";"5,3667600000"
"202100025310";"6";"08";"2021";"17:25";"1";"13";"13215";"2";"1";"1";"3";"MADRAGUE VILLE (chemin de la)";"43,3213600000";"5,3649400000"
"202100025311";"6";"08";"2021";"13:00";"1";"13";"13214";"2";"4";"1";"3";"ALEX ANSALDI (RUE)";"43,3311500000";"5,4061500000"
"202100025312";"6";"08";"2021";"05:25";"5";"13";"13203";"2";"2";"1";"3";"PLOMBIERES (BOULEVARD DES)";"43,3148616542";"5,3886176814"
"202100025313";"5";"08";"2021";"21:45";"5";"13";"13204";"2";"3";"1";"3";"CHARTREUX (AVENUE DES)";"43,3112600000";"5,4010400000"
"202100025314";"5";"08";"2021";"16:40";"1";"13";"13209";"2";"1";"1";"3";"MICHELET (BOULEVARD)";"43,2594200000";"5,3980000000"
"202100025315";"5";"08";"2021";"16:30";"1";"13";"13202";"2";"1";"1";"3";"VAUDOYER (AVENUE)";"43,2950500000";"5,3643400000"
"202100025316";"6";"08";"2021";"19:15";"1";"13";"13063";"2";"1";"1";"2";"D.10";"43,5707100000";"5,0199900000"
"202100025317";"9";"08";"2021";"15:30";"1";"11";"11069";"2";"1";"1";"3";"ROCADE SUD RD 6161";"43,2035000000";"2,3792000000"
"202100025318";"5";"08";"2021";"10:40";"1";"11";"11069";"2";"1";"1";"6";"ROCADE OUEST";"43,2130640000";"2,3206910000"
"202100025319";"6";"08";"2021";"19:35";"1";"06";"06088";"2";"2";"1";"3";"PASTORELLI (R.)";"43,7018630000";"7,2733030000"
"202100025320";"6";"08";"2021";"13:45";"1";"06";"06123";"2";"1";"1";"6";"LECLERC GENERAL AVENUE";"43,6748210000";"7,1891020000"
"202100025321";"5";"08";"2021";"12:20";"1";"06";"06027";"2";"6";"1";"3";"CLAVERIE RUE DU BRIGADIER";"43,6627000000";"7,1529980000"
"202100025322";"5";"08";"2021";"15:25";"1";"05";"05061";"2";"3";"1";"3";"JEAN JAURES ( AVENUE )";"44,5506750764";"6,0695257760"
"202100025323";"5";"08";"2021";"07:10";"1";"05";"05061";"2";"1";"1";"3";"MARECHAL FOCH ( AVENUE DU )";"44,5628900000";"6,0861900000"
"202100025324";"6";"08";"2021";"18:35";"1";"75";"75113";"2";"1";"1";"2";"QUAI D IVRY";"48,8264910000";"2,3891460000"
"202100025325";"6";"08";"2021";"16:00";"1";"75";"75116";"2";"1";"1";"4";"ECHANGEUR MUETTE";"48,8642390000";"2,2666410000"
"202100025326";"4";"08";"2021";"14:55";"1";"75";"75120";"2";"4";"1";"3";"PORTE DE BAGNOLET";"48,8635020000";"2,4134080000"
"202100025327";"6";"08";"2021";"16:00";"1";"75";"75120";"2";"1";"1";"3";"RUE DE BELLEVILLE";"48,8761220000";"2,4030420000"
"202100025328";"6";"08";"2021";"07:10";"1";"75";"75120";"2";"2";"1";"3";"RUE DES PYRENEES";"48,8699560000";"2,3945000000"
"202100025329";"6";"08";"2021";"14:45";"1";"75";"75119";"2";"2";"1";"3";"AVENUE SIMON BOLIVAR";"48,8739180000";"2,3853250000"
"202100025330";"6";"08";"2021";"07:00";"1";"75";"75119";"2";"1";"1";"1";"AVENUE SIMON BOLIVAR";"48,8740690000";"2,3842370000"
"202100025331";"6";"08";"2021";"01:04";"5";"75";"75118";"2";"2";"1";"3";"RUE DES POISSONNIERS";"48,8911850000";"2,3516180000"
"202100025332";"5";"08";"2021";"03:00";"5";"75";"75116";"2";"1";"1";"2";"AVENUE KLEBER";"48,8639780000";"2,2881120000"
"202100025333";"5";"08";"2021";"19:45";"2";"75";"75116";"2";"7";"8";"5";"AVENUE DE LA GRANDE ARMEE";"48,8740080000";"2,2941100000"
"202100025334";"5";"08";"2021";"11:40";"1";"75";"75115";"2";"2";"1";"6";"RUE DE VAUGIRARD";"48,8360940000";"2,2939670000"
"202100025335";"5";"08";"2021";"10:05";"1";"75";"75115";"2";"2";"1";"3";"BOULEVARD DE GRENELLE";"48,8524720000";"2,2906020000"
"202100025336";"5";"08";"2021";"09:45";"1";"75";"75112";"2";"2";"1";"3";"BOULEVARD SOULT";"48,8443160000";"2,4103980000"
"202100025337";"6";"08";"2021";"10:30";"1";"75";"75111";"2";"5";"1";"6";"BOULEVARD DE MENILMONTANT";"48,8628750000";"2,3872720000"
"202100025338";"6";"08";"2021";"19:51";"1";"75";"75101";"2";"2";"1";"6";"RUE DE RIVOLI";"48,8609180000";"2,3408050000"
"202100025339";"6";"08";"2021";"07:30";"1";"94";"94074";"2";"1";"1";"6";"Avenue Henri Barbusse";"48,7648000000";"2,4419000000"
"202100025340";"6";"08";"2021";"17:00";"1";"94";"94016";"2";"1";"1";"7";"DIVISION LECLERC (AV DE LA)";"48,7864100000";"2,3293500000"
"202100025341";"6";"08";"2021";"15:00";"1";"94";"94011";"2";"9";"1";"2";"MONNET(RUE JEAN)";"48,7581000000";"2,4819700000"
"202100025342";"6";"08";"2021";"08:45";"1";"93";"93008";"2";"1";"1";"1";"THIMBAUD (RUE JEAN PIERRE)";"48,9058390000";"2,4683610000"
"202100025343";"6";"08";"2021";"21:20";"5";"93";"93007";"2";"2";"1";"3";"JULIEN GRIMAU (RUE)";"48,9410000000";"2,4587900000"
"202100025344";"6";"08";"2021";"11:00";"1";"93";"93001";"2";"9";"1";"3";"FELIX FAURE (BLD) =>174";"48,9049800000";"2,3818400000"
"202100025345";"23";"05";"2021";"20:23";"2";"92";"92044";"2";"2";"1";"3";"BAUDIN (RUE) 1A25 ET 2A34";"48,8969700000";"2,2819300000"
"202100025346";"6";"08";"2021";"19:30";"1";"92";"92025";"2";"2";"1";"3";"SOLFERINO (RUE   AV)";"48,9299370000";"2,2603740000"
"202100025347";"28";"07";"2021";"18:00";"1";"976";"97610";"1";"1";"1";"7";"Trevani";" -12,7318300000";"45,1953940000"
"202100025348";"3";"08";"2021";"18:40";"1";"81";"81099";"1";"1";"1";"7";"D18";"43,9236770000";"1,9315340000"
"202100025349";"6";"08";"2021";"14:15";"1";"2A";"2A090";"2";"1";"1";"3";"RD 81 - lieu dit SANTANA";"42,0980150000";"8,7099960000"
"202100025350";"6";"08";"2021";"14:50";"1";"60";"60107";"2";"1";"1";"1";"6 Rue des Grives";"49,3650790000";"2,4166110000"
"202100025351";"6";"08";"2021";"20:20";"1";"41";"41194";"1";"1";"1";"1";"D922";"47,3757880000";"1,7325250000"
"202100025352";"6";"08";"2021";"16:15";"1";"95";"95487";"1";"1";"1";"3";"ROUTE DÃPARTEMENTALE 4";"49,1524220000";"2,2549650000"
"202100025353";"6";"08";"2021";"07:35";"1";"29";"29068";"1";"1";"2";"6";"N12 - Kermat";"48,5204408008";" -4,0033733317"
"202100025354";"7";"08";"2021";"18:15";"1";"51";"51036";"1";"1";"8";"7";"D49";"48,6587874386";"3,6855874438"
"202100025355";"6";"08";"2021";"14:40";"1";"19";"19075";"1";"1";"1";"6";"Nirige";"45,2655999316";"1,9194062836"
"202100025356";"7";"08";"2021";"14:30";"1";"56";"56047";"1";"2";"1";"3";"Ville Glais";"48,0596680000";" -2,7529390000"
"202100025357";"7";"08";"2021";"01:45";"3";"2B";"2B346";"1";"1";"1";"6";"lieu dit san giabico";"42,4960550000";"9,4478560000"
"202100025358";"7";"08";"2021";"08:00";"2";"33";"33125";"1";"1";"1";"6";"N/A";"45,2122480000";" -0,8766210000"
"202100025359";"7";"08";"2021";"05:30";"3";"11";"11085";"1";"1";"1";"7";"Route de Saint Hilaire";"43,1782990000";"2,3248580000"
"202100025360";"7";"08";"2021";"13:50";"1";"12";"12016";"1";"1";"2";"5";"RD840 ";"44,5091310000";"2,3620180000"
"202100025361";"6";"08";"2021";"08:45";"1";"46";"46157";"2";"1";"1";"2";"Le bourg";"44,5215860000";"1,9434540000"
"202100025362";"5";"08";"2021";"18:40";"1";"47";"47082";"1";"1";"1";"6";"Le Fau";"44,2535760000";"0,8449600000"
"202100025363";"3";"08";"2021";"18:30";"1";"44";"44213";"2";"9";"1";"3";"Rue Pierre de Coubertin (parking du stade)";"47,3898790000";" -1,0294860000"
"202100025364";"6";"08";"2021";"16:10";"1";"31";"31109";"1";"1";"1";"3";"Lieu dit La RuÃ¨re";"43,2268230000";"0,7987800000"
"202100025365";"3";"08";"2021";"18:45";"1";"31";"31426";"1";"1";"1";"6";"Rue de la BarriÃ¨re";"43,0881300000";"0,6327600000"
"202100025366";"6";"08";"2021";"19:20";"1";"03";"03223";"1";"1";"1";"7";"LE CHITIN";"46,1772860000";"3,5856520000"
"202100025367";"7";"08";"2021";"14:15";"1";"85";"85038";"1";"1";"1";"7";"A83 PK028+300";"46,9154300000";" -1,3258100000"
"202100025368";"6";"08";"2021";"16:20";"1";"26";"26305";"1";"2";"1";"3";"Route de ";"44,6002760000";"4,9015331000"
"202100025369";"5";"08";"2021";"19:00";"1";"06";"06032";"2";"1";"1";"6";"118 Avenue du Trois Septembre";"43,7231380000";"7,3965020000"
"202100025370";"7";"08";"2021";"18:30";"1";"90";"90012";"1";"9";"2";"3";"RD 1083";"47,6473600000";"6,9171600000"
"202100025371";"6";"08";"2021";"17:50";"1";"45";"45279";"1";"2";"1";"1";"Avenue des Guiberts aux Ducoins";"47,9810140000";"2,8420200000"
"202100025372";"7";"08";"2021";"11:00";"1";"43";"43212";"1";"1";"3";"6";"Bouffelaure";"45,3404700000";"3,9909610000"
"202100025373";"6";"08";"2021";"14:39";"1";"10";"10074";"1";"9";"1";"6";"Rue du Bourget";"48,1263300000";"3,9642570000"
"202100025374";"7";"08";"2021";"16:25";"1";"16";"16093";"1";"2";"1";"3";"Intersection RD4 / RD 412";"45,6260440000";"0,3630850000"
"202100025375";"6";"08";"2021";"18:00";"1";"30";"30350";"1";"1";"1";"6";"d999";"43,9920080000";"3,6242170000"
"202100025376";"7";"08";"2021";"03:55";"3";"33";"33122";"1";"1";"1";"4";"N/A";"44,6921490000";" -0,7687000000"
"202100025377";"2";"08";"2021";"21:00";"3";"33";"33284";"1";"1";"1";"6";"Autoroute A660, PK 007+664 sens Arcachon/Bordeaux";"44,6309170000";" -0,9346530000"
"202100025378";"5";"08";"2021";"11:55";"1";"74";"74264";"1";"1";"1";"7";"Cluses";"46,0589530000";"6,5659190000"
"202100025379";"6";"08";"2021";"11:35";"1";"01";"01047";"1";"1";"1";"4";"D124";"45,8566330000";"5,2300930000"
"202100025380";"7";"08";"2021";"12:00";"1";"58";"58057";"1";"9";"1";"3";"Route Nationale 7";"46,7319040000";"3,1695450000"
"202100025381";"7";"08";"2021";"00:30";"3";"68";"68118";"1";"1";"1";"7";"Rue d Eschentzwiller";"47,7225460000";"7,4165460000"
"202100025382";"7";"08";"2021";"07:10";"1";"45";"45085";"1";"1";"1";"6";"RD 56";"47,8373290000";"2,8911640000"
"202100025383";"7";"08";"2021";"08:30";"1";"77";"77280";"1";"1";"1";"7";"route dÃ©partementale 3";"49,0161440000";"3,0466460000"
"202100025384";"6";"08";"2021";"07:20";"2";"06";"06157";"2";"1";"1";"1";"11 Chemin des Roures";"43,7189840000";"7,0843130000"
"202100025385";"6";"08";"2021";"15:30";"1";"89";"89255";"1";"9";"1";"2";"N/A";"48,3222880000";"3,2311330000"
"202100025386";"6";"08";"2021";"18:15";"1";"68";"68294";"2";"1";"8";"1";"1 Petit Rombach";"48,2609970000";"7,2149140000"
"202100025387";"29";"07";"2021";"17:45";"1";"67";"67084";"1";"2";"1";"3";"lieu dit meymatten";"48,3154960000";"7,4358770000"
"202100025388";"6";"08";"2021";"18:35";"1";"63";"63077";"1";"1";"1";"7";"RD 36 - Col de la croix saint robert";"45,5598270000";"2,8539130000"
"202100025389";"7";"08";"2021";"12:45";"1";"74";"74116";"1";"9";"6";"3";"D1203";"46,0724940000";"6,2883320000"
"202100025390";"7";"08";"2021";"00:20";"3";"73";"73099";"2";"1";"1";"6";"RD 925";"45,4484831045";"6,0970903071"
"202100025391";"7";"08";"2021";"12:00";"1";"26";"26235";"2";"6";"8";"3";"Rond-Point Louis Pasteur (Parking)";"44,3754930000";"4,6986540000"
"202100025392";"23";"06";"2021";"19:43";"1";"33";"33300";"2";"2";"1";"3";"Route du Pin-Sec";"45,2667620000";" -1,1431600000"
"202100025393";"6";"08";"2021";"22:30";"5";"33";"33085";"2";"3";"1";"2";"24 bis route des deux ponts";"44,7694890000";" -0,4933280000"
"202100025394";"6";"08";"2021";"17:50";"1";"22";"22003";"2";"1";"1";"7";"Rue du Chatelet";"48,4554810000";" -2,1295510000"
"202100025395";"3";"08";"2021";"17:10";"1";"67";"67471";"1";"1";"8";"2";"M35";"48,6307000000";"7,7239000000"
"202100025396";"5";"08";"2021";"15:55";"1";"91";"91312";"1";"1";"1";"3";"RD 444";"48,7311000000";"2,2407000000"
"202100025397";"6";"08";"2021";"20:00";"1";"93";"93053";"1";"1";"1";"3";"AUTOROUTE A3";"48,8808400000";"2,4517800000"
"202100025398";"6";"08";"2021";"18:40";"1";"93";"93053";"1";"1";"1";"7";"AUTOROUTE A3";"48,8954100000";"2,4706500000"
"202100025399";"6";"08";"2021";"11:00";"1";"92";"92036";"1";"1";"1";"6";"AUTOROUTE A15";"48,9378886633";"2,2976672190"
"202100025400";"6";"08";"2021";"05:30";"3";"60";"60241";"1";"1";"1";"5";"AUTOROUTE A1";"49,1618400000";"2,5970600000"
"202100025401";"6";"08";"2021";"01:30";"3";"95";"95306";"1";"1";"1";"2";" A15";"49,0091900000";"2,1578200000"
"202100025402";"5";"08";"2021";"22:40";"3";"92";"92078";"1";"1";"1";"6";"AUTOROUTE A86";"48,9283084303";"2,3316245851"
"202100025403";"6";"08";"2021";"14:10";"1";"94";"94069";"1";"1";"1";"3";"A4";"48,8176057496";"2,4212441061"
"202100025404";"6";"08";"2021";"11:00";"1";"77";"77121";"1";"1";"2";"6";"A104";"48,8322725439";"2,6661949944"
"202100025405";"6";"08";"2021";"07:00";"1";"93";"93051";"1";"1";"1";"6";"A4";"48,8354000000";"2,5691100000"
"202100025406";"1";"08";"2021";"19:28";"1";"92";"92048";"2";"1";"1";"7";"GEORGES LANGRONET (RUE) NÂ° 1 A 31";"48,8021468259";"2,2395885927"
"202100025407";"5";"08";"2021";"16:30";"1";"976";"97611";"2";"1";"1";"6";"kaweni-Poste ( rue de la )";" -12,7725900000";"45,2231700000"
"202100025408";"1";"06";"2021";"18:15";"1";"11";"11262";"2";"3";"1";"6";"LORRAINE (QUAI DE)";"43,1857530000";"2,9986433000"
"202100025409";"31";"05";"2021";"17:35";"1";"11";"11262";"2";"2";"1";"3";"PELISSIER (RUE YVAN)";"43,1797600000";"3,0039800000"
"202100025410";"6";"08";"2021";"07:05";"1";"988";"98818";"2";"3";"1";"2";"RUE BOULARI/ROUTE DE L'ANSE VATA";" -22,3017000000";"166,4450600000"
"202100025411";"5";"08";"2021";"11:00";"1";"974";"97411";"2";"1";"1";"6";"RAMBAUD (LEOPOLD)";" -20,8855462184";"55,4699720442"
"202100025412";"3";"08";"2021";"16:30";"1";"974";"97411";"2";"2";"1";" -1";"MARIE (RUE SAINTE)";" -20,8848386716";"55,4472242660"
"202100025413";"4";"08";"2021";"14:30";"1";"974";"97407";"2";"1";"1";"1";"VERDUN (BOULEVARD)";" -20,9419800000";"55,2927400000"
"202100025414";"5";"08";"2021";"14:45";"1";"973";"97302";"2";"6";"1";"2";"MARINGOUINS (ROND-POINT)";"4,9078300000";" -52,3221600000"
"202100025415";"4";"08";"2021";"22:30";"5";"973";"97302";"2";"2";"1";"3";"ARAGO (FRANCOIS)";"4,9394400000";" -52,3319000000"
"202100025416";"4";"08";"2021";"06:55";"1";"973";"97302";"2";"2";"1";"3";"HEDER (place)";"4,9409589419";" -52,3336304426"
"202100025417";"6";"08";"2021";"02:20";"5";"69";"69259";"2";"1";"1";"6";"ENNEMOND ROMAND (PL)";"45,7259177902";"4,8589272358"
"202100025418";"5";"08";"2021";"07:50";"1";"69";"69387";"2";"1";"1";"3";"GUILLOTIERE (DE LA) (GR)";"45,7494474785";"4,8528670571"
"202100025419";"5";"08";"2021";"16:25";"1";"972";"97209";"2";"3";"1";"6";"VIEUX CHEMIN (RUE DU)";"14,6095900000";" -61,0718200000"
"202100025420";"4";"08";"2021";"20:15";"2";"69";"69384";"2";"1";"2";"3";"BIRMINGHAM (DE) (AV)";"45,7746500000";"4,8125000000"
"202100025421";"4";"08";"2021";"08:30";"1";"971";"97101";"2";"3";"1";"3";"ACHILLE RENE BOISNEUF (RUE)";"16,2693000000";" -61,5063000000"
"202100025422";"3";"08";"2021";"19:40";"1";"91";"91549";"2";"1";"1";"6";"SIROLIERS (RUE DES)";"48,6316890000";"2,3358690000"
"202100025423";"4";"08";"2021";"19:22";"1";"87";"87113";"2";"1";"2";"6";"SABLIERE (LA)";"45,8711500000";"1,3344600000"
"202100025424";"4";"08";"2021";"00:15";"5";"87";"87113";"2";"1";"2";"6";"LIMOGES (AVENUE DE)";"45,8572500000";"1,3118800000"
"202100025425";"5";"08";"2021";"03:10";"5";"83";"83129";"2";"1";"1";"7";"MER (AVENUE DE LA) NÂ° PAIRS";"43,0981400000";"5,8281800000"
"202100025426";"3";"08";"2021";"18:45";"1";"80";"80021";"2";"2";"1";"3";"LEO LAGRANGE (RUE)";"49,9106700000";"2,3153100000"
"202100025427";"5";"08";"2021";"18:00";"1";"79";"79191";"2";"1";"2";"7";"133 Route de Coulonges";"46,3443200000";" -0,4762400000"
"202100025428";"4";"08";"2021";"20:46";"1";"79";"79191";"1";"2";"1";"3";"Rue du MarÃ©chal Leclerc";"46,3512800000";" -0,4409200000"
"202100025429";"25";"07";"2021";"22:50";"3";"77";"77042";"1";"1";"1";"7";"FERTE GAUCHER (RUE DE LA)";"48,8154150000";"3,1447770000"
"202100025430";"5";"08";"2021";"07:55";"1";"76";"76540";"2";"1";"1";"6";"LYONS LA FORET. RUE DE";"49,4379100000";"1,1185700000"
"202100025431";"4";"08";"2021";"14:40";"1";"71";"71306";"2";"1";"8";"7";"18 Rue de Charolles";"46,6625129321";"4,3501712091"
"202100025432";"26";"07";"2021";"07:30";"1";"67";"67482";"2";"1";"1";"6";"FUSTEL DE COULANGES (QUAI)";"48,5749000000";"7,7516800000"
"202100025433";"5";"08";"2021";"14:21";"1";"66";"66136";"2";"1";"1";"3";"BALEARES ROND POINT ET CITE DES";"42,6885600000";"2,8948600000"
"202100025434";"4";"08";"2021";"18:35";"1";"66";"66136";"2";"1";"1";"2";"MICHELET (BOULEVARD EDMOND)";"42,7010500000";"2,8835400000"
"202100025435";"4";"08";"2021";"17:25";"1";"66";"66136";"2";"1";"1";"2";"R D 900";"42,6789900000";"2,8727300000"
"202100025436";"5";"08";"2021";"12:35";"1";"65";"65440";"2";"1";"1";"6";"VERDUN (PLACE DE)";"43,2335074730";"0,0731760263"
"202100025437";"5";"08";"2021";"09:48";"1";"65";"65251";"1";"3";"1";"3";"RD215";"43,2148770000";"0,0853750000"
"202100025438";"5";"08";"2021";"13:00";"1";"64";"64545";"2";"1";"1";"4";"CORNICHE (ROUTE DE LA)";"43,3901000000";" -1,7039700000"
"202100025439";"4";"08";"2021";"16:40";"1";"63";"63113";"2";"1";"1";"6";"CLEMENTEL (BD ETIENNE)";"45,8166100000";"3,1093600000"
"202100025440";"18";"06";"2021";"19:15";"1";"60";"60057";"2";"1";"1";"6";"Rue Binet";"49,4218100000";"2,0791600000"
"202100025441";"5";"08";"2021";"18:15";"1";"59";"59599";"2";"3";"1";"3";"ROUBAIX (RUE DE)";"50,7150000000";"3,1641000000"
"202100025442";"5";"08";"2021";"03:42";"5";"59";"59512";"2";"1";"1";"6";"JAURES (AVENUE JEAN)";"50,6807300000";"3,1651500000"
"202100025443";"30";"07";"2021";"06:13";"2";"57";"57019";"2";"1";"7";"1";"REPUBLIQUE (RUE DE LA)";"49,2626100000";"6,1393600000"
"202100025444";"3";"08";"2021";"07:50";"1";"56";"56162";"2";"1";"1";"1";"MOULIN DU TER (RUE DU )";"47,7346900000";" -3,4032400000"
"202100025445";"4";"08";"2021";"09:28";"1";"54";"54329";"2";"3";"1";"6";"RUE DU GENERAL CHANZY";"48,5958000000";"6,4896000000"
"202100025446";"4";"08";"2021";"11:45";"1";"47";"47001";"2";"1";"2";"6";"DURAND (PLACE JEAN-BAPTISTE)";"44,2045600000";"0,6182000000"
"202100025447";"4";"08";"2021";"08:05";"1";"47";"47001";"2";"2";"2";"2";"BLUM (AV. LEON)";"44,2086600000";"0,6423100000"
"202100025448";"5";"08";"2021";"23:45";"5";"44";"44109";"2";"1";"2";"6";"Pont de Tbilissi";"47,2127700000";" -1,5416100000"
"202100025449";"2";"08";"2021";"15:15";"1";"44";"44109";"2";"1";"1";"3";"BOULEVARD MICHELET";"47,2313400000";" -1,5565400000"
"202100025450";"4";"08";"2021";"20:20";"1";"37";"37261";"2";"3";"8";"7";"WAGNER (BOULEVARD RICHARD)";"47,3743481269";"0,7039276510"
"202100025451";"4";"08";"2021";"11:00";"1";"34";"34172";"2";"1";"2";"2";"BLAYAC (RUE DU PROFESSEUR)";"43,6248500000";"3,8262700000"
"202100025452";"5";"08";"2021";"17:20";"1";"33";"33119";"2";"1";"1";"3";"Cours Victor Hugo";"44,8508700000";" -0,5330900000"
"202100025453";"5";"08";"2021";"12:31";"1";"33";"33063";"2";"4";"1";"2";"Boulevard Joliot-Curie";"44,8423400000";" -0,5423800000"
"202100025454";"5";"08";"2021";"17:30";"1";"31";"31483";"1";"1";"1";"2";"D921";"43,0981260000";"0,7085890000"
"202100025455";"5";"08";"2021";"20:15";"2";"27";"27375";"2";"3";"1";"3";"FERRY (BOULEVARD JULES)";"49,2110100000";"1,1654600000"
"202100025456";"5";"08";"2021";"10:15";"1";"26";"26362";"2";"1";"1";"6";"67 Route de Beauvallon";"44,9026200000";"4,8846400000"
"202100025457";"4";"08";"2021";"20:50";"2";"26";"26362";"1";"9";"2";"3";"LACRA ";"44,9539550000";"4,9354130000"
"202100025458";"4";"08";"2021";"15:15";"1";"70";"70285";"2";"3";"2";"2";"LÃON JOUHAUX(AVENUE)";"47,5799900000";"6,7651500000"
"202100025459";"3";"08";"2021";"19:00";"1";"22";"22187";"1";"4";"1";"3";"LAMARTINE (Rue )";"48,5410881518";" -2,8289022443"
"202100025460";"5";"08";"2021";"13:00";"1";"21";"21355";"2";"1";"1";"6";"DIJON (DE) (ROUTE)";"47,2853600000";"5,0630300000"
"202100025461";"5";"08";"2021";"09:15";"1";"17";"17306";"2";"9";"2";"2";"GARNIER (BD FREDERIC)";"45,6198000000";" -1,0174900000"
"202100025462";"28";"07";"2021";"20:00";"1";"17";"17449";"2";"6";"1";"3";"AUNIS AVENUE D'";"45,9508100000";" -0,9300400000"
"202100025463";"5";"08";"2021";"09:30";"1";"15";"15014";"2";"1";"1";"4";"LECLERC (AVENUE DU GENERAL)";"44,9063490000";"2,4501130000"
"202100025464";"5";"08";"2021";"19:45";"1";"14";"14118";"2";"3";"1";"3";"Boulevard Yves Guillou";"49,1767500000";" -0,3683100000"
"202100025465";"3";"08";"2021";"22:20";"3";"13";"13039";"1";"1";"1";"7";"ROUTE NATIONALE 569";"43,4652900000";"4,9300400000"