"Num_Acc";"jour";"mois";"an";"hrmn";"lum";"dep";"com";"agg";"int";"atm";"col";"adr";"lat";"long"
"202100025466";"6";"08";"2021";"01:10";"5";"13";"13211";"2";"1";"1";"1";"SAINT LOUP (BOULEVARD DE)";"43,2834218429";"5,4339307708"
"202100025467";"5";"08";"2021";"19:05";"1";"13";"13202";"2";"1";"1";"6";"DUNKERQUE  (BOULEVARD DE)";"43,3051300000";"5,3672300000"
"202100025468";"5";"08";"2021";"13:00";"1";"13";"13216";"2";"1";"1";"1";"LITTORAL (CHEMIN DU)";"43,3466100000";"5,3467400000"
"202100025469";"5";"08";"2021";"09:30";"1";"13";"13209";"2";"3";"1";"3";"AVIATEUR LE BRIX (RUE)";"43,2585800000";"5,3992800000"
"202100025470";"5";"08";"2021";"02:10";"5";"13";"13208";"2";"1";"1";"7";"CLOT BEY (AVENUE)";"43,2620700000";"5,3875400000"
"202100025471";"5";"08";"2021";"07:20";"1";"13";"13005";"2";"1";"1";"3";"RN 96 (ROUTE NATIONALE )";"43,3047800000";"5,5713090000"
"202100025472";"5";"08";"2021";"08:00";"1";"11";"11069";"2";"1";"1";"6";"CANAL PROMENADE";"43,2176300000";"2,3493300000"
"202100025473";"4";"08";"2021";"19:15";"1";"10";"10387";"2";"1";"1";"6";"JEAN NESMY (RUE)";"48,2945190000";"4,0897900000"
"202100025474";"5";"08";"2021";"03:00";"5";"07";"07102";"2";"2";"8";"3";"Jean CHARCOT (Rue)";"44,9364300000";"4,8685900000"
"202100025475";"5";"08";"2021";"14:06";"1";"06";"06088";"2";"1";"7";"2";"POMPIDOU (BD GEORGES)";"43,6686870000";"7,2039120000"
"202100025476";"5";"08";"2021";"18:05";"1";"75";"75105";"2";"2";"1";"6";"BOULEVARD SAINT GERMAIN";"48,8495030000";"2,3528540000"
"202100025477";"5";"08";"2021";"14:04";"1";"75";"75120";"2";"3";"1";"3";"AVENUE DE LA PORTE DE BAGNOLET";"48,8647760000";"2,4101480000"
"202100025478";"5";"08";"2021";"17:50";"1";"75";"75118";"2";"2";"1";"3";"RUE DUC";"48,8922620000";"2,3423750000"
"202100025479";"5";"08";"2021";"14:00";"1";"75";"75117";"2";"1";"1";"3";"BOULEVARD BERTHIER";"48,8940340000";"2,3130390000"
"202100025480";"4";"08";"2021";"13:05";"1";"75";"75117";"2";"1";"1";"2";"RUE JEAN OESTREICHER";"48,8866560000";"2,2886600000"
"202100025481";"4";"08";"2021";"19:00";"1";"75";"75116";"2";"1";"1";"6";"PASSERELLE DEBILLY";"48,8627440000";"2,2967830000"
"202100025482";"5";"08";"2021";"14:45";"1";"75";"75113";"2";"3";"1";"3";"BOULEVARD AUGUSTE BLANQUI";"48,8303340000";"2,3469860000"
"202100025483";"5";"08";"2021";"10:54";"1";"75";"75113";"2";"2";"1";"3";"BOULEVARD VINCENT AURIOL";"48,8328100000";"2,3620620000"
"202100025484";"5";"08";"2021";"20:20";"1";"75";"75111";"2";"3";"1";"6";"RUE SAINT MAUR";"48,8635539958";"2,3788929702"
"202100025485";"5";"08";"2021";"06:30";"2";"75";"75108";"2";"2";"1";"7";"RUE LA BOETIE";"48,8705260000";"2,3052860000"
"202100025486";"5";"08";"2021";"20:00";"1";"94";"94046";"2";"9";"1";"4";"Rue Jean JaurÃ¨s";"48,7947000000";"2,4343000000"
"202100025487";"5";"08";"2021";"15:35";"1";"94";"94081";"2";"3";"1";"1";"GABRIEL PERI (R)";"48,7960000000";"2,3990000000"
"202100025488";"3";"08";"2021";"09:15";"1";"94";"94015";"2";"6";"1";"3";"GEORGES MELIES (BD)";"48,8326317603";"2,5313727486"
"202100025489";"5";"08";"2021";"20:50";"5";"94";"94076";"2";"1";"2";"6";"Boulevard Maxime Gorki";"48,7919200000";"2,3695500000"
"202100025490";"5";"08";"2021";"13:30";"1";"94";"94034";"2";"6";"1";"2";"Avenue de la Division Leclerc";"48,7573200000";"2,3297800000"
"202100025491";"1";"08";"2021";"00:30";"4";"94";"94028";"2";"6";"1";"3";"CARF POMPADOUR";"48,7711700000";"2,4290100000"
"202100025492";"5";"08";"2021";"19:45";"1";"94";"94022";"2";"1";"1";"6";"AVENUE LOUIS LUC";"48,7607041107";"2,4154768158"
"202100025493";"5";"08";"2021";"16:15";"1";"94";"94018";"2";"1";"1";"3";"Rue de la Republique";"48,8233290000";"2,4193400000"
"202100025494";"4";"08";"2021";"09:20";"1";"94";"94018";"2";"1";"1";"3";"CARRIERES (QU DES)";"48,8198900000";"2,4052100000"
"202100025495";"5";"08";"2021";"12:15";"1";"94";"94017";"2";"1";"8";"3";"BERNAU (R DE)";"48,8172700000";"2,5252200000"
"202100025496";"5";"08";"2021";"12:15";"1";"93";"93073";"2";"4";"1";"3";"Rue du Chapitre";"49,0018793383";"2,5370355151"
"202100025497";"4";"08";"2021";"21:50";"5";"93";"93073";"2";"1";"1";"3";"Avenue de la Paix";"48,9518000000";"2,5669600000"
"202100025498";"4";"08";"2021";"23:40";"5";"93";"93070";"2";"2";"1";"3";"GABRIEL-PERI (AV)";"48,9085000000";"2,3326500000"
"202100025499";"5";"08";"2021";"07:25";"1";"93";"93046";"2";"2";"1";"3";"Av du Consul General Nordling / Av du Pdt J Fitzgerald Kennedy";"48,9164800000";"2,5316000000"
"202100025500";"4";"08";"2021";"17:50";"1";"93";"93063";"2";"9";"1";"3";"REPUBLIQUE RUE DE LA";"48,8791000000";"2,4331000000"
"202100025501";"5";"08";"2021";"12:30";"1";"93";"93001";"2";"9";"1";"3";"VICTOR HUGO (AVE)  NÂ° 122 =>";"48,9120930000";"2,3798130000"
"202100025502";"5";"08";"2021";"10:15";"1";"92";"92078";"2";"9";"1";"6";"GALLIENI (BD) (1 A 79 ET 22 A 102)";"48,9268300000";"2,3292500000"
"202100025503";"5";"08";"2021";"14:50";"1";"92";"92050";"2";"2";"1";"6";"PROVINCES FRANCAISES BD DES";"48,9011247414";"2,2166565389"
"202100025504";"5";"08";"2021";"21:30";"5";"92";"92049";"2";"1";"2";"6";"VERDIER AVENUE NÂ°25 A 79";"48,8153800000";"2,3173700000"
"202100025505";"25";"07";"2021";"06:25";"2";"22";"22182";"1";"2";"1";"3";"Lieu Dit Saint Blaise";"48,5474100000";" -2,9383280000"
"202100025506";"5";"08";"2021";"18:50";"1";"31";"31113";"1";"1";"1";"7";"13-17 chemin du halage";"43,5217920000";"1,5193750000"
"202100025507";"5";"08";"2021";"17:45";"1";"84";"84029";"2";"2";"1";"3";"Chemin d Avignon";"44,1575130000";"4,8717020000"
"202100025508";"6";"08";"2021";"15:45";"1";"60";"60020";"1";"9";"1";"7";"Route de Mareuil";"49,1542486245";"2,9865517615"
"202100025509";"6";"08";"2021";"07:35";"2";"15";"15207";"1";"1";"1";"2";"A75";"45,1685660000";"3,1608870000"
"202100025510";"30";"07";"2021";"07:15";"1";"30";"30299";"1";"1";"1";"6";"D982";"44,0227860000";"4,4588180000"
"202100025511";"23";"07";"2021";"16:00";"1";"67";"67330";"1";"1";"1";"7";"1 route de buhl";"48,9139260000";"8,0329800000"
"202100025512";"5";"08";"2021";"19:45";"1";"79";"79176";"2";"1";"2";"6";"56 Rue de Saint-Maixent";"46,4900790000";" -0,0574310000"
"202100025513";"24";"07";"2021";"12:00";"1";"2B";"2B123";"1";"1";"1";"2";"T10";"42,0606250000";"9,4350700000"
"202100025514";"31";"07";"2021";"19:40";"1";"61";"61176";"1";"1";"1";"2";"D16";"48,6248530000";" -0,0446210000"
"202100025515";"6";"08";"2021";"08:15";"1";"55";"55118";"1";"1";"8";"1";"D998";"49,3725380000";"5,1479530000"
"202100025516";"5";"08";"2021";"11:05";"1";"35";"35049";"2";"1";"2";"6";"11 Quai Duguay-Trouin";"48,6698010000";" -1,8569420000"
"202100025517";"6";"08";"2021";"00:45";"3";"29";"29101";"1";"6";"2";"3";"Kroas Huella";"48,5914510000";" -4,5842600000"
"202100025518";"6";"08";"2021";"17:35";"1";"31";"31317";"1";"1";"8";"6";"D48";"43,3034140000";"1,1331900000"
"202100025519";"5";"08";"2021";"19:10";"1";"31";"31579";"1";"2";"1";"3";"Route de Toulouse";"43,7393790000";"1,4932930000"
"202100025520";"5";"08";"2021";"19:25";"1";"02";"02376";"1";"1";"1";"1";"Hauteville";"49,8765470000";"3,5286770000"
"202100025521";"28";"06";"2021";"10:15";"1";"84";"84020";"1";"1";"1";"3";"D943 Col du pointu";"43,8647980000";"5,3017520000"
"202100025522";"30";"07";"2021";"18:20";"1";"26";"26005";"1";"3";"1";"5";"Route de Malataverne";"44,4844160000";"4,7774540000"
"202100025523";"6";"08";"2021";"04:55";"3";"54";"54129";"1";"1";"2";"7";"RD 993";"48,5921360284";"6,9251418116"
"202100025524";"6";"08";"2021";"16:24";"1";"72";"72295";"1";"1";"1";"1";"lieu dit le marquoie";"48,3403630000";"0,3475180000"
"202100025525";"5";"08";"2021";"20:30";"1";"14";"14556";"2";"3";"2";"3";"Colonel Jacques W Ostiguy";"49,1279680000";" -0,3793150000"
"202100025526";"4";"08";"2021";"12:00";"1";"14";"14062";"1";"1";"1";"1";"D404";"49,2999420000";" -0,4328870000"
"202100025527";"3";"08";"2021";"07:30";"1";"14";"14745";"2";"1";"1";"3";"D30";"49,3727750000";" -0,9042260000"
"202100025528";"6";"08";"2021";"17:00";"1";"50";"50076";"2";"2";"1";"3";"Rue Jacques Pimor";"48,8974670000";" -1,5626760000"
"202100025529";"6";"08";"2021";"14:05";"1";"50";"50580";"1";"3";"1";"7";"D317";"49,5292860000";" -1,7546850000"
"202100025530";"6";"08";"2021";"12:45";"1";"83";"83025";"1";"1";"1";"6";"D560";"43,5278923808";"5,9756808900"
"202100025531";"6";"08";"2021";"19:30";"2";"09";"09113";"1";"1";"2";"7";"Camp de Serres";"42,8363560000";"1,2977870000"
"202100025532";"6";"08";"2021";"08:45";"1";"45";"45272";"2";"6";"1";"7";"391 Rue du 11 Novembre";"47,8299819650";"1,9700758159"
"202100025533";"5";"08";"2021";"14:35";"1";"16";"16378";"1";"1";"1";"6";"Lieu-dit Les Groies de l'Isle";"46,0737380000";"0,2341340000"
"202100025534";"5";"08";"2021";"18:20";"1";"53";"53271";"1";"1";"1";"7";"D113";"48,3448550000";" -0,3164790000"
"202100025535";"5";"08";"2021";"09:20";"1";"24";"24170";"1";"1";"1";"6";"Lieu Dit Puychautu";"45,3223510000";"0,7227580000"
"202100025536";"5";"08";"2021";"12:15";"1";"85";"85029";"1";"1";"3";"3";"Route de Beauvoir";"46,9529300000";" -2,0179900000"
"202100025537";"5";"08";"2021";"09:30";"1";"85";"85179";"1";"2";"2";"3";"D70";"46,5141800000";" -1,5420990000"
"202100025538";"5";"08";"2021";"19:20";"1";"85";"85090";"2";"4";"2";"3";"Rue des ÃpiciÃ¨res";"46,8354480000";" -0,9030620000"
"202100025539";"5";"08";"2021";"18:10";"1";"17";"17208";"2";"2";"1";"2";"Rue de Curzay";"46,2242950000";" -0,9941120000"
"202100025540";"6";"08";"2021";"03:00";"3";"03";"03175";"1";"1";"1";"2";"A71 PK 331+850";"46,2403250000";"3,0944110000"
"202100025541";"6";"08";"2021";"18:40";"1";"67";"67101";"1";"4";"1";"6";"A352 PR 009+580";"48,5201790000";"7,5014410000"
"202100025542";"5";"08";"2021";"09:00";"1";"64";"64249";"1";"1";"1";"3";"PK 189+300 A63 SENS Espagne-France";"43,4169180000";" -1,6050500000"
"202100025543";"4";"08";"2021";"13:55";"1";"40";"40206";"1";"1";"1";"7";"A 641 - sens A64 Peyrehorade";"43,5226950000";" -1,1010360000"
"202100025544";"5";"08";"2021";"17:40";"1";"17";"17431";"1";"1";"2";"3";"Route de Nieul";"45,7727540000";" -0,7752340000"
"202100025545";"5";"08";"2021";"06:30";"2";"34";"34123";"2";"1";"1";"1";"ROUTE DE LODEVE";"43,6188850000";"3,7927080000"
"202100025546";"6";"08";"2021";"07:15";"1";"971";"97102";"1";"4";"7";"5";"carrefour D122 - route Anse Maurice";"16,4768100000";" -61,5017650000"
"202100025547";"6";"08";"2021";"14:05";"1";"91";"91226";"1";"1";"1";"7";"Route Nationale 20";"48,4801940000";"2,1922870000"
"202100025548";"6";"08";"2021";"09:35";"1";"2A";"2A247";"1";"1";"1";"7";"D59";"41,6036980000";"9,1808150000"
"202100025549";"5";"08";"2021";"11:20";"1";"83";"83064";"1";"3";"1";"3";"D81";"43,3210330000";"6,0446960000"
"202100025550";"5";"08";"2021";"15:00";"1";"67";"67474";"2";"1";"1";"6";"1 Rue des Chenes";"48,9280150000";"7,8969120000"
"202100025551";"5";"08";"2021";"17:00";"1";"67";"67118";"2";"1";"1";"7";"Route de Wasselonne";"48,5837260000";"7,6891910000"
"202100025552";"5";"08";"2021";"23:50";"3";"01";"01412";"1";"1";"1";"6";"D64";"46,1659590000";"4,9481120000"
"202100025553";"16";"07";"2021";"07:20";"2";"69";"69140";"2";"1";"2";"6";"CHAZAY (DE) (RTE)";"45,8942700000";"4,6999900000"
"202100025554";"6";"08";"2021";"15:40";"1";"17";"17452";"1";"2";"1";"3";"D25";"45,7597240000";" -1,1588220000"
"202100025555";"5";"08";"2021";"16:45";"1";"40";"40011";"1";"4";"1";"1";"1218 route de BONNUT";"43,5639915342";" -0,7839560509"
"202100025556";"24";"07";"2021";"12:20";"1";"33";"33143";"1";"1";"1";"3";"Avenue de paris - Rd1010";"44,9781720000";" -0,4516630000"
"202100025557";"30";"07";"2021";"13:30";"1";"27";"27650";"1";"1";"1";"7";"D613";"49,0834210000";"0,9887900000"
"202100025558";"6";"08";"2021";"19:40";"1";"59";"59477";"2";"3";"2";"3";"Rue Nationale";"50,5122740000";"2,9137100000"
"202100025559";"5";"08";"2021";"19:00";"1";"13";"13211";"1";"1";"1";"2";"A50-Sens Aubagne vers Marseille";"43,2907400000";"5,4874300000"
"202100025560";"5";"08";"2021";"15:02";"1";"13";"13005";"1";"1";"1";"7";"A50 - Sens Aubagne vers Marseille";"43,2675200000";"5,5877000000"
"202100025561";"5";"08";"2021";"16:50";"1";"13";"13071";"1";"1";"1";"2";"A7-Sens Marseille vers Lyon";"43,4165800000";"5,2760100000"
"202100025562";"1";"08";"2021";"04:30";"3";"69";"69275";"1";"1";"2";"2";"RN346   29.300 A 34.350";"45,7835900000";"4,9565900000"
"202100025563";"5";"08";"2021";"12:00";"1";"33";"33063";"1";"1";"1";"5";"ROCADE A 630";"44,8863260000";" -0,5661200000"
"202100025564";"4";"08";"2021";"10:30";"1";"92";"92025";"1";"1";"1";"3";"A86";"48,9324848646";"2,2484916319"
"202100025565";"5";"08";"2021";"18:30";"1";"93";"93039";"1";"1";"1";"2";"AUTOROUTE A86";"48,9273100000";"2,3341500000"
"202100025566";"5";"08";"2021";"12:00";"1";"93";"93078";"1";"1";"1";"5";"AUTOROUTE A104";"48,9636500000";"2,5512900000"
"202100025567";"4";"08";"2021";"18:45";"1";"93";"93066";"1";"1";"1";"3";"AUTOROUTE A86";"48,9241800000";"2,3415300000"
"202100025568";"5";"08";"2021";"06:05";"2";"94";"94065";"1";"1";"1";"6";"N186";"48,7543063896";"2,3502602337"
"202100025569";"6";"07";"2021";"16:30";"1";"13";"13056";"2";"1";"1";"3";"ZIEM (Avenue FÃ©lix)";"43,4018500000";"5,0467100000"
"202100025570";"13";"07";"2021";"07:30";"1";"51";"51454";"2";"1";"3";"2";"Rue du Val Clair";"49,2228000000";"4,1044300000"
"202100025571";"4";"08";"2021";"14:00";"1";"76";"76540";"2";"1";"1";"6";"BEAUVOISINE. PLACE";"49,4485600000";"1,0998800000"
"202100025572";"2";"06";"2021";"09:30";"1";"85";"85194";"2";"1";"1";"6";"Avenue FranÃ§ois Mitterrand";"46,5073400000";" -1,7773100000"
"202100025573";"4";"04";"2021";"17:24";"1";"82";"82033";"2";"1";"1";"1";"JEAN MOULIN (AVENUE)";"44,0396238105";"1,1137227229"
"202100025574";"1";"06";"2021";"17:35";"1";"11";"11262";"2";"1";"1";"6";"MISTRAL (BOULEVARD FREDERIC)";"43,1900300000";"3,0059300000"
"202100025575";"26";"07";"2021";"07:55";"1";"988";"98818";"2";"3";"1";"3";"RUE DE LA SOMME";" -22,2734500000";"166,4418900000"
"202100025576";"3";"08";"2021";"10:50";"1";"974";"97416";"2";"1";"1";"6";"LORION (RUE LUC)";" -21,3312600000";"55,4721200000"
"202100025577";"4";"08";"2021";"05:00";"5";"974";"97411";"2";"1";"1";"3";"RAMBAUD (LEOPOLD)";" -20,8859330000";"55,4754560000"
"202100025578";"2";"08";"2021";"14:30";"1";"974";"97411";"1";"1";"2";"3";"QUATRE VOIES GILLOT (ROUTE A)";" -20,8889000000";"55,5005000000"
"202100025579";"4";"08";"2021";"13:30";"1";"69";"69388";"1";"1";"2";"6";"PHILIPPE FABIA (R)";"45,7272800000";"4,8709200000"
"202100025580";"4";"08";"2021";"08:25";"1";"972";"97209";"2";"1";"1";"6";"GENERAL DE GAULLE (BLD DU)";"14,6076300000";" -61,0688400000"
"202100025581";"4";"08";"2021";"05:25";"5";"69";"69382";"2";"9";"2";"6";"VERDUN PERRACHE (CR)";"45,7487000000";"4,8283000000"
"202100025582";"4";"08";"2021";"01:40";"5";"69";"69034";"2";"1";"2";"6";"SOLDATS (DES) (MO)";"45,7953800000";"4,8585300000"
"202100025583";"4";"08";"2021";"14:40";"1";"971";"97101";"2";"1";"1";"3";"PATRICK SAINT ELOI ( AVENUE )";"16,2472700000";" -61,5333200000"
"202100025584";"3";"08";"2021";"11:50";"1";"971";"97101";"1";"1";"1";"6";"DOTHEMARE";"16,2714600000";" -61,5152400000"
"202100025585";"3";"08";"2021";"13:33";"1";"971";"97113";"1";"1";"1";"3";"PETIT HAVRE (SECTEUR)";"16,2134452047";" -61,4279776812"
"202100025586";"4";"08";"2021";"21:20";"5";"2A";"2A004";"2";"1";"1";"7";"AMIRAUTE PORT BD CHARLES BONAPARTE";"41,9314200000";"8,7404000000"
"202100025587";"3";"08";"2021";"18:00";"1";"91";"91021";"2";"1";"1";"7";"RTE NATIONALE 20 DEVIATION";"48,5906950000";"2,2382080000"
"202100025588";"5";"08";"2021";"00:15";"3";"91";"91421";"1";"1";"2";"7";"NATIONALE 6 (GLACIERE)";"48,7079500000";"2,4425400000"
"202100025589";"30";"07";"2021";"16:38";"1";"89";"89024";"2";"2";"1";"3";"MANGIN (BOULEVARD) NÂ° IMPAIRS";"47,7996000000";"3,5527400000"
"202100025590";"3";"08";"2021";"12:15";"1";"87";"87113";"1";"1";"2";"7";"BASTIE (AVENUE MARYSE)";"45,8813700000";"1,3294600000"
"202100025591";"29";"07";"2021";"17:20";"1";"82";"82121";"2";"3";"1";"5";"AVEYRON (ROUTE DE L')";"44,0403562516";"1,3475552201"
"202100025592";"31";"07";"2021";"15:18";"1";"80";"80489";"2";"2";"1";"3";"VICTOR HUGO (AVENUE)";"49,8677100000";"2,3568100000"
"202100025593";"27";"07";"2021";"18:05";"1";"78";"78646";"1";"1";"3";"6";"MINIERE (ROUTE DE LA)";"48,7829500000";"2,1064700000"
"202100025594";"24";"02";"2021";"12:25";"1";"69";"69256";"2";"3";"1";"6";"ROMAIN ROLLAND (R)";"45,7586400000";"4,9311500000"
"202100025595";"3";"08";"2021";"12:49";"1";"67";"67482";"2";"1";"2";"6";"AVERROES";"48,5730900000";"7,7378700000"
"202100025596";"3";"08";"2021";"01:40";"3";"67";"67482";"2";"1";"1";"6";"LA WANTZENAU (ROUTE DE)";"48,6057080000";"7,7781720000"
"202100025597";"2";"08";"2021";"09:05";"1";"67";"67482";"2";"3";"1";"3";"VOSGES (AVENUE DES)";"48,5879000000";"7,7572260000"
"202100025598";"4";"08";"2021";"11:28";"1";"66";"66136";"2";"1";"3";"6";"ALDUY (Paul)";"42,6780900000";"2,9049900000"
"202100025599";"3";"08";"2021";"09:00";"1";"66";"66136";"2";"1";"1";"1";"ALDUY (Paul)";"42,6848602775";"2,9018665105"
"202100025600";"4";"08";"2021";"19:35";"1";"64";"64024";"2";"1";"1";"6";"ADOUR (AV DE L')";"43,5258400000";" -1,5108500000"
"202100025601";"4";"08";"2021";"06:30";"2";"64";"64024";"2";"1";"2";"7";"route de Pitoys";"43,4632400000";" -1,5088400000"
"202100025602";"3";"08";"2021";"09:10";"1";"64";"64102";"2";"1";"8";"3";"BOUFFLERS (ALLEES)";"43,4928000000";" -1,4720800000"
"202100025603";"4";"08";"2021";"13:30";"1";"59";"59360";"2";"9";"1";"3";"PARE AMBROISE RUE";"50,6020500000";"3,0378800000"
"202100025604";"4";"08";"2021";"02:10";"5";"45";"45234";"2";"1";"1";"6";"2 Rue Jousselin";"47,9006800000";"1,9308000000"
"202100025605";"3";"08";"2021";"19:30";"1";"44";"44184";"2";"1";"2";"6";"PARMENTIER (RUE ANTOINE) 02 AU 108  -  0";"47,2629400000";" -2,2287300000"
"202100025606";"2";"08";"2021";"19:30";"1";"44";"44184";"2";"2";"1";"3";"GÃTÃ (RUE DU CDT) DU 35 AU 121 - DU 64 A";"47,2770000000";" -2,2275400000"
"202100025607";"4";"08";"2021";"01:00";"5";"37";"37261";"2";"1";"1";"7";"TANNEURS (RUE DES)";"47,3953425146";"0,6764423847"
"202100025608";"3";"08";"2021";"16:58";"1";"37";"37261";"2";"6";"1";"7";"GANCE (BOULEVARD ABEL)";"47,4101200000";"0,7203200000"
"202100025609";"3";"08";"2021";"17:20";"1";"37";"37261";"2";"1";"1";"2";"CHURCHILL (BOULEVARD WINSTON)";"47,3737042069";"0,6847009063"
"202100025610";"4";"08";"2021";"22:35";"5";"33";"33063";"2";"3";"1";"3";"Quai de Paludate";"44,8294280000";" -0,5548020000"
"202100025611";"4";"08";"2021";"14:10";"1";"33";"33063";"2";"1";"2";"3";"Rue de lâEcole Normale";"44,8478700000";" -0,6019100000"
"202100025612";"4";"08";"2021";"10:15";"1";"33";"33009";"2";"1";"2";"7";"COTE D'ARGENT (BD) DU 48 AU 162";"44,6447000000";" -1,1952600000"
"202100025613";"4";"08";"2021";"19:10";"1";"26";"26058";"2";"1";"1";"3";"103 Route de Marcerolles";"44,9696520000";"4,8768400000"
"202100025614";"2";"08";"2021";"12:15";"1";"15";"15014";"2";"1";"1";"6";"GAULLE (AVENUE CHARLES DE)";"44,9143500000";"2,4334800000"
"202100025615";"4";"08";"2021";"11:40";"1";"13";"13019";"1";"1";"3";"7";"D543";"43,4316000000";"5,3668000000"
"202100025616";"4";"08";"2021";"03:00";"5";"13";"13077";"2";"1";"1";"2";"RN 568";"43,4216900000";"4,9774400000"
"202100025617";"2";"08";"2021";"14:50";"1";"13";"13211";"2";"9";"1";"2";"SAINT LOUP (BOULEVARD DE)";"43,2846300000";"5,4405900000"
"202100025618";"4";"08";"2021";"10:00";"1";"13";"13209";"2";"1";"2";"2";"MICHELET (BOULEVARD)";"43,2585800000";"5,3992800000"
"202100025619";"3";"08";"2021";"11:15";"1";"13";"13206";"2";"2";"1";"3";"SAINT SEBASTIEN (RUE)";"43,2817400000";"5,3846600000"
"202100025620";"3";"08";"2021";"10:49";"1";"13";"13208";"2";"3";"1";"3";"PRADO (AVENUE DU)";"43,2800000000";"5,3800000000"
"202100025621";"4";"08";"2021";"12:45";"1";"13";"13098";"2";"1";"2";"3";"D.51";"43,4367800000";"5,0363800000"
"202100025622";"12";"06";"2021";"12:49";"1";"11";"11262";"2";"1";"1";"6";"MISTRAL (BOULEVARD FREDERIC)";"43,1869600000";"3,0013200000"
"202100025623";"4";"08";"2021";"16:00";"1";"11";"11069";"2";"1";"1";"3";"LECLERC AV. DU GENERAL IMPAIR ...93";"43,2106000000";"2,3633000000"
"202100025624";"3";"08";"2021";"17:32";"1";"11";"11069";"2";"1";"1";"6";"MINERVOISE -ROUTE-";"43,2165800000";"2,3538200000"
"202100025625";"3";"08";"2021";"08:12";"1";"11";"11069";"2";"6";"1";"3";"PAPIN DENIS -BD-";"43,2075900000";"2,3145000000"
"202100025626";"3";"08";"2021";"18:45";"1";"75";"75116";"2";"4";"1";"3";"PORTE MAILLOT";"48,8751260000";"2,2766710000"
"202100025627";"3";"08";"2021";"17:39";"1";"75";"75117";"2";"1";"1";"7";"PORTE D ASNIERES";"48,8889110000";"2,2948710000"
"202100025628";"4";"08";"2021";"11:03";"1";"75";"75111";"2";"2";"1";"2";"AVENUE DE TAILLEBOURG";"48,8502870000";"2,3985870000"
"202100025629";"4";"08";"2021";"17:21";"1";"75";"75106";"2";"1";"1";"3";"QUAI DE CONTI";"48,8567900000";"2,3392660000"
"202100025630";"3";"08";"2021";"04:08";"5";"75";"75116";"2";"2";"2";"6";"AVENUE DE VERSAILLES";"48,8408570000";"2,2652830000"
"202100025631";"4";"08";"2021";"19:15";"1";"75";"75110";"2";"1";"1";"2";"RUE DU FAUBOURG SAINT DENIS";"48,8769400000";"2,3562100000"
"202100025632";"4";"08";"2021";"17:30";"1";"75";"75102";"2";"3";"1";"3";"RUE SAINT DENIS";"48,8689020000";"2,3521860000"
"202100025633";"4";"08";"2021";"05:25";"5";"75";"75104";"2";"2";"1";"6";"QUAI DE GESVRES";"48,8567210000";"2,3489340000"
"202100025634";"4";"08";"2021";"11:30";"1";"94";"94078";"2";"3";"8";"3";"PARIS (R DE)";"48,7355962665";"2,4468291782"
"202100025635";"4";"08";"2021";"18:44";"1";"94";"94046";"2";"9";"2";"2";"Rue Ernest Renan";"48,8128840000";"2,4276570000"
"202100025636";"4";"08";"2021";"19:20";"1";"94";"94081";"2";"5";"1";"3";"Avenue Henri Barbusse";"48,7929700000";"2,3953600000"
"202100025637";"4";"08";"2021";"14:25";"1";"94";"94041";"2";"3";"2";"3";"Boulevard du Colonel Fabien";"48,8145870000";"2,4077250000"
"202100025638";"4";"08";"2021";"17:20";"1";"94";"94073";"2";"8";"1";"3";"STALINGRAD (BD DE)";"48,7706400000";"2,4013900000"
"202100025639";"2";"08";"2021";"17:00";"1";"94";"94022";"2";"1";"1";"3";"Boulevard de Stalingrad";"48,7728300000";"2,3999900000"
"202100025640";"4";"08";"2021";"18:50";"1";"93";"93078";"2";"2";"1";"6";"Boulevard Robert Ballanger / Avenue Emile Dambel";"48,9575900000";"2,5450800000"
"202100025641";"4";"08";"2021";"06:45";"1";"93";"93072";"2";"2";"1";"3";"Avenue Louis Bordes";"48,9558026659";"2,3832982779"
"202100025642";"4";"08";"2021";"15:00";"1";"93";"93055";"2";"2";"1";"3";"PIERRE BROSSOLETTE";"48,8933300000";"2,4221400000"
"202100025643";"4";"08";"2021";"19:00";"1";"93";"93046";"2";"2";"1";"3";"Avenue du MarÃ©chal Leclerc / AllÃ©e Joseph Noize";"48,9201800000";"2,5390900000"
"202100025644";"4";"08";"2021";"17:20";"1";"93";"93010";"2";"1";"1";"3";"GALLIENI (AV.) DE 111 A 175";"48,9063950968";"2,4844227989"
"202100025645";"4";"08";"2021";"11:05";"1";"93";"93071";"2";"2";"1";"3";"Avenue John Fitzgerald Kennedy / Rue dâAulnay";"48,9396839716";"2,5126710705"
"202100025646";"4";"08";"2021";"16:15";"1";"92";"92046";"2";"3";"8";"3";"PIERRE BROSSOLETTE (AVENUE)";"48,8115314878";"2,3002088070"
"202100025647";"5";"08";"2021";"18:00";"5";"974";"97415";"2";"1";"1";"1";"9 Route Hubert de Lisle (bdn)";" -21,0088660000";"55,3200040000"
"202100025648";"30";"06";"2021";"10:24";"1";"47";"47181";"1";"1";"1";"1";"RD 150";"44,5420060000";"0,8207560000"
"202100025649";"1";"08";"2021";"18:25";"1";"2A";"2A272";"1";"1";"1";"5";"RT 40";"41,5051470000";"8,9504460000"
"202100025650";"4";"08";"2021";"17:20";"1";"2A";"2A065";"1";"1";"1";"1";"rd81";"42,1365740000";"8,6130880000"
"202100025651";"5";"08";"2021";"10:45";"1";"01";"01299";"1";"1";"1";"1";"D1083";"46,0317350000";"5,0629270000"
"202100025652";"30";"07";"2021";"18:30";"1";"38";"38336";"2";"1";"1";"3";"RN7";"45,4780230000";"4,8295210000"