"Num_Acc";"jour";"mois";"an";"hrmn";"lum";"dep";"com";"agg";"int";"atm";"col";"adr";"lat";"long"
"202100025653";"4";"08";"2021";"16:30";"1";"74";"74307";"1";"1";"3";"7";"A41";"46,0054130000";"6,1262300000"
"202100025654";"5";"08";"2021";"10:35";"1";"26";"26169";"1";"1";"1";"5";"Autoroute du Soleil";"44,4636110000";"4,7611240000"
"202100025655";"5";"08";"2021";"15:56";"1";"91";"91458";"1";"1";"1";"1";"CD 35";"48,6608970000";"2,2242510000"
"202100025656";"4";"08";"2021";"14:50";"1";"58";"58086";"1";"1";"1";"5";"D955a";"47,4214380000";"2,9304310000"
"202100025657";"22";"07";"2021";"22:00";"2";"30";"30202";"2";"1";"1";"1";"Route d ArdÃ©che";"44,2723540000";"4,6296110000"
"202100025658";"4";"08";"2021";"10:55";"1";"19";"19001";"1";"1";"8";"7";"D3e3";"45,5030160000";"1,7123650000"
"202100025659";"4";"08";"2021";"19:00";"1";"56";"56166";"1";"3";"2";"2";"Kerprat Vihan";"47,9100430000";" -3,2900620000"
"202100025660";"31";"07";"2021";"19:00";"1";"2A";"2A001";"2";"1";"1";"3";"lieu dit batroni";"41,9750460000";"8,8132990000"
"202100025661";"25";"06";"2021";"23:50";"3";"33";"33298";"1";"4";"1";"1";"Route de la MÃ©tairie";"44,8349160000";" -0,2095530000"
"202100025662";"4";"08";"2021";"20:45";"2";"69";"69035";"1";"1";"2";"6";"D627";"46,2746570000";"4,6777300000"
"202100025663";"5";"08";"2021";"08:05";"1";"76";"76058";"1";"2";"1";"3";"RD78";"49,9929101211";"1,4039738616"
"202100025664";"4";"08";"2021";"14:20";"1";"34";"34028";"1";"1";"2";"6";"D909";"43,5988470000";"3,1715400000"
"202100025665";"4";"08";"2021";"17:00";"1";"44";"44120";"1";"1";"1";"7";"Z.A LA BRAHANNERIE";"47,1855710000";" -1,7794420000"
"202100025666";"29";"06";"2021";"19:15";"1";"29";"29020";"2";"3";"1";"1";"Rue de Kerhapp";"48,1031550000";" -4,0005620000"
"202100025667";"4";"08";"2021";"11:15";"1";"15";"15229";"1";"2";"8";"3";"Leyrinoux Ouest";"45,0785510000";"3,2416530000"
"202100025668";"4";"08";"2021";"12:31";"1";"26";"26330";"2";"1";"2";"6";"Route de Chateauneuf";"45,2757470000";"4,9599190000"
"202100025669";"5";"08";"2021";"08:00";"1";"58";"58189";"1";"1";"1";"2";"D1";"47,2425610000";"3,0708610000"
"202100025670";"4";"08";"2021";"07:02";"2";"18";"18155";"2";"1";"2";"1";"D2076";"46,8197310000";"3,0236860000"
"202100025671";"2";"08";"2021";"18:30";"1";"43";"43020";"1";"3";"1";"3";"D42";"45,2866480000";"4,1136930000"
"202100025672";"4";"08";"2021";"06:40";"2";"10";"10287";"1";"4";"8";"6";"5000f Grand Orient";"48,2884620000";"4,3932440000"
"202100025673";"3";"08";"2021";"20:00";"1";"40";"40195";"1";"1";"2";"2";"Chemin de la Treyture";"43,7360190000";" -0,4799010000"
"202100025674";"5";"08";"2021";"18:15";"1";"24";"24504";"1";"1";"8";"7";"La Sonnerie";"45,2002250000";"0,3792540000"
"202100025675";"5";"08";"2021";"17:55";"1";"08";"08490";"2";"9";"1";"6";"6 Rue Avetant";"49,3967870000";"4,7023640000"
"202100025676";"22";"07";"2021";"06:45";"1";"973";"97307";"2";"1";"7";"6";"rue de la rhumerie";"4,8692420000";" -52,3191480000"
"202100025677";"5";"08";"2021";"06:05";"2";"13";"13051";"1";"1";"1";"1";"D19";"43,5962530000";"5,0999150000"
"202100025678";"5";"08";"2021";"18:26";"1";"33";"33090";"2";"1";"1";"6";"Chemin de Camparian";"44,7488130000";" -0,6527420000"
"202100025679";"5";"08";"2021";"11:50";"1";"06";"06088";"1";"1";"1";"6";"A8- PK 185+900 NORD";"43,6688732722";"7,2001521879"
"202100025680";"5";"08";"2021";"13:15";"1";"51";"51097";"1";"1";"1";"7";"A4";"49,0326768452";"4,5607422952"
"202100025681";"4";"08";"2021";"22:30";"3";"11";"11014";"1";"1";"9";"1";"CD 168 Route de Narbonne Plage";"43,1772350000";"3,1014060000"
"202100025682";"4";"08";"2021";"21:50";"3";"988";"98811";"1";"1";"1";"7";"Route Territoriale 1 (Pont)";" -21,0436510000";"164,7487880000"
"202100025683";"2";"08";"2021";"11:40";"1";"77";"77493";"2";"3";"1";"7";"rue de la gare";"48,6437450000";"2,8299750000"
"202100025684";"4";"08";"2021";"08:50";"1";"84";"84064";"1";"1";"2";"1";"rd8";"44,2979780000";"4,6912850000"
"202100025685";"5";"08";"2021";"08:12";"1";"70";"70081";"2";"2";"8";"6";"6 Route d Adelans";"47,6974310000";"6,4224630000"
"202100025686";"4";"08";"2021";"15:20";"1";"89";"89438";"1";"1";"1";"2";"Autoroute A6";"47,7914850000";"3,6682700000"
"202100025687";"5";"08";"2021";"09:45";"1";"68";"68292";"2";"8";"2";"3";"Passage Ã  niveau";"47,8691270000";"7,0366040000"
"202100025688";"4";"08";"2021";"06:50";"2";"67";"67474";"1";"1";"1";"6";"D264";"48,9326790000";"7,8797190000"
"202100025689";"5";"08";"2021";"11:55";"1";"26";"26206";"2";"6";"1";"3";"1  Avenue du Vercors";"44,8319140000";"4,9779440000"
"202100025690";"5";"08";"2021";"17:40";"1";"81";"81131";"1";"3";"1";"3";"Route de Brens";"43,8926200000";"1,9878820000"
"202100025691";"5";"08";"2021";"18:45";"1";"33";"33553";"1";"9";"1";"6";"N/A";"45,0233330000";" -0,4243150000"
"202100025692";"4";"08";"2021";"17:26";"1";"33";"33267";"1";"2";"2";"3";"N/A";"45,2704770000";" -0,5327080000"
"202100025693";"25";"07";"2021";"16:43";"1";"22";"22090";"2";"9";"1";"6";"Route de Pont Ar Hoail";"48,7750600000";" -3,3758190000"
"202100025694";"4";"08";"2021";"13:30";"1";"13";"13071";"1";"1";"2";"7";"A7-Sens Marseille vers Lyon";"43,4070900000";"5,3336300000"
"202100025695";"3";"08";"2021";"17:20";"1";"83";"83137";"1";"1";"1";"5";"BRETELLE17  ACCES TOULON CENTRE N -T";"43,1212730000";"5,9531850000"
"202100025696";"1";"08";"2021";"15:15";"1";"69";"69266";"1";"1";"1";"2";"LAURENT BONNEVAY (BD)";"45,7590200000";"4,9092100000"
"202100025697";"4";"08";"2021";"16:46";"1";"33";"33063";"1";"1";"1";"4";"ROCADE A 630";"44,8802880000";" -0,5383160000"
"202100025698";"4";"08";"2021";"10:15";"1";"93";"93010";"1";"1";"1";"3";"AUTOROUTE A3";"48,8911500000";"2,4734200000"
"202100025699";"4";"08";"2021";"04:40";"3";"93";"93005";"1";"1";"1";"6";"AUTOROUTE A3";"48,9657400000";"2,4764400000"
"202100025700";"4";"08";"2021";"16:30";"1";"94";"94028";"1";"1";"1";"6";"A86 EXT";"48,7801200000";"2,4416900000"
"202100025701";"4";"08";"2021";"04:00";"3";"77";"77121";"1";"1";"1";"7";"A104";"48,8317000000";"2,6692000000"
"202100025702";"3";"08";"2021";"04:35";"3";"93";"93051";"1";"1";"2";"2";"A4";"48,8356000000";"2,5630000000"
"202100025703";"2";"06";"2021";"08:10";"1";"59";"59063";"2";"1";"1";"1";"Rue Marcellin Berthelot";"50,1376760000";"3,3801950000"
"202100025704";"3";"08";"2021";"11:20";"1";"974";"97411";"2";"2";"1";"3";"PARIS (RUE DE)";" -20,8839000000";"55,4503900000"
"202100025705";"2";"08";"2021";"11:20";"1";"974";"97407";"2";"1";"1";"2";"MARINS PECHEURS(RUE)";" -20,9469100000";"55,2876900000"
"202100025706";"3";"08";"2021";"18:00";"1";"973";"97302";"2";"1";"1";"6";"SOURCE DE BADUEL (CHEMIN DE LA)";"4,9263200000";" -52,3035800000"
"202100025707";"26";"07";"2021";"18:20";"1";"69";"69387";"2";"3";"1";"3";"TONY GARNIER                        (AV)";"45,7299000000";"4,8239500000"
"202100025708";"3";"08";"2021";"17:05";"1";"69";"69389";"2";"2";"3";"3";"HIPPOLYTE JAYR (Q)";"45,7804800000";"4,8089800000"
"202100025709";"2";"08";"2021";"18:25";"1";"69";"69286";"2";"1";"1";"2";"MARYSE BASTIE (R)";"45,8253500000";"4,9180500000"
"202100025710";"3";"08";"2021";"08:30";"1";"95";"95277";"2";"1";"2";"2";"RD 970";"48,9910200000";"2,4565700000"
"202100025711";"3";"08";"2021";"05:55";"1";"91";"91103";"2";"1";"2";"7";"RUE DE L'HUREPOIX";"48,5985500000";"2,2994700000"
"202100025712";"3";"08";"2021";"16:25";"1";"91";"91477";"2";"1";"1";"2";"GUTEMBERG (RUE)";"48,7166700000";"2,2500000000"
"202100025713";"3";"08";"2021";"20:55";"1";"91";"91657";"2";"3";"1";"3";"AV HENRI BARBUSSE";"48,7004800000";"2,4209600000"
"202100025714";"1";"08";"2021";"01:27";"5";"87";"87085";"2";"3";"2";"2";"GAGNANT (AVENUE JEAN)";"45,8332200000";"1,2751000000"
"202100025715";"31";"07";"2021";"01:19";"5";"87";"87085";"2";"1";"1";"6";"JOLIOT CURIE (RUE IRENE ET FREDERIC)";"45,8337300000";"1,2240600000"
"202100025716";"2";"08";"2021";"19:06";"1";"84";"84087";"2";"9";"1";"2";"LECLERC (AVENUE DU GENERAL)";"44,1347000000";"4,8109100000"
"202100025717";"2";"08";"2021";"04:45";"3";"83";"83069";"1";"1";"1";"7";"NICE (ROUTE DE)";"43,1320000000";"6,1710000000"
"202100025718";"3";"08";"2021";"07:10";"1";"83";"83061";"2";"3";"1";"3";"AVENUE DE LA CORNICHE D'AZUR";"43,3820670976";"6,7221978307"
"202100025719";"3";"08";"2021";"08:00";"1";"83";"83141";"1";"1";"1";"6";"ARCS(ROUTE DES)";"43,4998500000";"6,4855600000"
"202100025720";"30";"07";"2021";"19:40";"1";"80";"80021";"2";"1";"1";"6";"GAUTHIER DE RUMILLY (RUE)";"49,8838436759";"2,2919695217"
"202100025721";"30";"06";"2021";"23:35";"4";"78";"78640";"1";"2";"1";"3";"NOIRE (ALLEE)";"48,7957600000";"2,1811300000"
"202100025722";"2";"08";"2021";"07:02";"2";"77";"77186";"1";"9";"1";"1";"D607";"48,3504500000";"2,6959300000"
"202100025723";"2";"08";"2021";"11:00";"1";"74";"74010";"2";"4";"1";"6";"CORNICHE (BOULEVARD DE LA)";"45,8914000000";"6,1344000000"
"202100025724";"30";"07";"2021";"10:50";"1";"67";"67482";"2";"1";"1";"6";"NEUHOF (ROUTE)";"48,5536400000";"7,7664800000"
"202100025725";"30";"07";"2021";"09:45";"1";"67";"67482";"2";"1";"1";"6";"SCHUTZENBERGER (AVENUE)";"48,5963000000";"7,7593200000"
"202100025726";"31";"07";"2021";"14:14";"1";"66";"66136";"1";"1";"1";"4";"R D 900";"42,6772020000";"2,8568550000"
"202100025727";"3";"08";"2021";"18:30";"1";"64";"64260";"2";"6";"1";"3";"ALLEES (RUE DES)";"43,3553600000";" -1,7742500000"
"202100025728";"31";"07";"2021";"14:40";"1";"63";"63300";"1";"1";"1";"5";"RD 2009";"45,9129103873";"3,1311249733"
"202100025729";"3";"08";"2021";"19:50";"1";"62";"62480";"2";"1";"1";"1";"GUESDE JULES ( RUE )";"50,4940140000";"2,6807380000"
"202100025730";"2";"08";"2021";"18:20";"1";"59";"59350";"2";"1";"1";"2";"LONDRES RUE COTE PAIR DU 10 AU 58";"50,6198800000";"3,0230400000"
"202100025731";"3";"08";"2021";"22:25";"3";"59";"59273";"1";"1";"1";"7";"RD601 (DÃÂ©VIÃÂ©E)";"50,9879100000";"2,1534000000"
"202100025732";"2";"08";"2021";"16:15";"1";"56";"56121";"2";"6";"1";"3";"JOFFRE ( BD MARECHAL )";"47,7517750000";" -3,3652053000"
"202100025733";"3";"08";"2021";"11:37";"1";"54";"54265";"2";"1";"1";"6";"RM 570";"48,6443087944";"6,1819177866"
"202100025734";"2";"08";"2021";"21:37";"5";"54";"54395";"2";"2";"1";"3";"OUDINOT (RUE DU MAL)";"48,6756700000";"6,1820400000"
"202100025735";"3";"08";"2021";"00:25";"5";"50";"50129";"2";"2";"1";"3";"ABBAYE (RUE DE L')";"49,6464000000";" -1,6422400000"
"202100025736";"3";"08";"2021";"08:57";"1";"49";"49007";"2";"1";"1";"2";"MANSION";"47,4778772899";" -0,5915954874"
"202100025737";"2";"08";"2021";"12:50";"1";"45";"45208";"2";"1";"1";"6";"Rue Raymond Laforge";"47,9962690000";"2,7352050000"
"202100025738";"3";"08";"2021";"16:05";"1";"35";"35238";"1";"1";"1";"3";"RN136";"48,1151100000";" -1,7192500000"
"202100025739";"31";"07";"2021";"12:30";"1";"34";"34032";"1";"3";"1";"3";"BESSAN (ROUTE DE)";"43,3528170000";"3,2690730000"
"202100025740";"3";"08";"2021";"18:45";"1";"33";"33063";"2";"2";"2";"6";"Rue Marguerite Crauste";"44,8354500000";" -0,5887500000"
"202100025741";"3";"08";"2021";"12:30";"1";"32";"32013";"2";"4";"1";"3";"PIERRE DE MONTESQUIOU (AVENUE)";"43,6300000000";"0,5872000000"
"202100025742";"31";"08";"2021";"00:20";"5";"31";"31555";"1";"9";"1";"2";"VA007313 LE CHAPITRE A64 Sortie 38";"43,5452440000";"1,4011950000"
"202100025743";"26";"07";"2021";"14:00";"1";"26";"26362";"2";"1";"1";"3";"144 Avenue de Romans";"44,9353160000";"4,9092850000"
"202100025744";"3";"08";"2021";"17:43";"1";"26";"26198";"2";"3";"8";"3";"Route du Teil";"44,5516120000";"4,6986430000"
"202100025745";"20";"07";"2021";"13:40";"1";"24";"24037";"2";"1";"1";"3";"SEVIGNE (RUE)";"44,8568400000";"0,4722000000"
"202100025746";"3";"08";"2021";"16:15";"1";"14";"14118";"2";"1";"1";"3";"N814";"49,1984400000";" -0,3734600000"
"202100025747";"3";"08";"2021";"22:40";"5";"13";"13206";"2";"2";"1";"3";"FRIEDLAND (RUE)";"43,2859200000";"5,3901000000"
"202100025748";"3";"08";"2021";"20:30";"3";"13";"13209";"2";"1";"1";"7";"MARÃCHAL DE LATTRE (AVENUE)";"43,2491800000";"5,4054200000"
"202100025749";"3";"08";"2021";"02:40";"5";"13";"13208";"2";"1";"1";"3";"MADRAGUE DE MONTREDON (AVE DE LA) ";"43,2318700000";"5,3531200000"
"202100025750";"3";"08";"2021";"19:20";"1";"13";"13047";"2";"3";"1";"3";"JEAN MARIE L'HUILLIER (BOULEVARD)";"43,5127700000";"4,9855200000"
"202100025751";"3";"08";"2021";"20:15";"2";"13";"13004";"2";"1";"1";"5";"AV DE LA LIBERATION";"43,7037844450";"4,6415980918"
"202100025752";"1";"08";"2021";"19:00";"1";"11";"11262";"2";"1";"1";"6";"AOSTE (RUE D')";"43,1925020000";"3,0155850000"
"202100025753";"2";"08";"2021";"12:20";"1";"11";"11262";"2";"1";"1";"6";"MALARD (BOULEVARD DE)";"43,1818472000";"3,0299995600"
"202100025754";"1";"08";"2021";"19:27";"2";"06";"06088";"2";"1";"7";"5";"NAPOLEON III (PONT)";"43,6633640000";"7,1971420000"
"202100025755";"26";"07";"2021";"21:08";"5";"06";"06088";"2";"1";"1";"6";"MONTEL (BD PAUL)";"43,6756050000";"7,2067180000"
"202100025756";"3";"08";"2021";"13:45";"1";"06";"06069";"2";"9";"1";"3";"CASTORS (CHEMIN DES)";"43,6414560000";"6,9330790000"
"202100025757";"2";"08";"2021";"19:15";"1";"05";"05061";"2";"1";"1";"2";"MUSEE ( Carrefour du )";"44,5617900000";"6,0841800000"
"202100025758";"2";"08";"2021";"08:00";"1";"05";"05061";"2";"3";"1";"3";"ST JEAN ( ROUTE DE )";"44,5370800000";"6,0493400000"
"202100025759";"1";"08";"2021";"16:24";"1";"05";"05061";"1";"1";"1";"6";"VALSERRES ( RUE DE )";"44,5452700000";"6,0870300000"
"202100025760";"2";"08";"2021";"15:45";"1";"03";"03101";"2";"1";"1";"6";"8 MAI 1945 ( RUE DU )";"46,3631800000";"2,5317220000"
"202100025761";"3";"08";"2021";"09:40";"1";"75";"75115";"2";"1";"1";"2";"PORTE DE VERSAILLES";"48,8280610000";"2,2909460000"
"202100025762";"3";"08";"2021";"08:40";"1";"75";"75120";"2";"2";"1";"6";"RUE LEVERT";"48,8733520000";"2,3900600000"
"202100025763";"3";"08";"2021";"08:30";"1";"75";"75119";"2";"7";"1";"7";"PLACE AUGUSTE BARON";"48,9001030000";"2,3882730000"
"202100025764";"3";"08";"2021";"07:30";"1";"75";"75118";"2";"2";"2";"3";"AVENUE DE LA PORTE DE CLIGNANCOURT";"48,9007230000";"2,3442830000"
"202100025765";"2";"08";"2021";"18:30";"1";"75";"75116";"2";"4";"1";"2";"AVENUE DE L HIPPODROME";"48,8640090000";"2,2360620000"
"202100025766";"3";"08";"2021";"20:15";"1";"75";"75113";"2";"1";"1";"3";"BOULEVARD PERIPHERIQUE INTERIEUR SUD";"48,8191970000";"2,3717930000"
"202100025767";"3";"08";"2021";"08:40";"1";"75";"75113";"2";"2";"8";"3";"BOULEVARD MASSENA";"48,8201240000";"2,3646600000"
"202100025768";"3";"08";"2021";"07:30";"1";"75";"75113";"2";"3";"8";"6";"QUAI D AUSTERLITZ";"48,8419970000";"2,3677310000"
"202100025769";"2";"08";"2021";"23:30";"5";"75";"75113";"2";"2";"2";"3";"RUE DE TOLBIAC";"48,8261800000";"2,3572760000"
"202100025770";"3";"08";"2021";"18:20";"1";"75";"75112";"2";"1";"1";"3";"AVENUE DU GENERAL MICHEL BIZOT";"48,8356870000";"2,4021950000"
"202100025771";"3";"08";"2021";"12:50";"1";"75";"75111";"2";"3";"1";"6";"BOULEVARD VOLTAIRE";"48,8521580000";"2,3895880000"
"202100025772";"3";"08";"2021";"16:50";"1";"75";"75110";"2";"3";"1";"7";"BOULEVARD DE MAGENTA";"48,8773290000";"2,3551250000"
"202100025773";"3";"08";"2021";"11:40";"1";"75";"75108";"2";"1";"1";"3";"AVENUE WINSTON CHURCHILL";"48,8661100000";"2,3138280000"
"202100025774";"2";"08";"2021";"20:55";"1";"75";"75103";"2";"3";"2";"6";"PLACE DE LA REPUBLIQUE";"48,8673420000";"2,3633470000"
"202100025775";"3";"08";"2021";"20:40";"2";"94";"94081";"1";"9";"1";"3";"STALINGRAD (BD DE)";"48,7737400000";"2,4046000000"
"202100025776";"3";"08";"2021";"18:40";"1";"94";"94015";"2";"3";"1";"7";"LOUIS FERBER (QU)";"48,8339400000";"2,5182100000"
"202100025777";"3";"08";"2021";"06:45";"2";"94";"94037";"2";"1";"2";"3";"PAUL VAILLANT COUTURIER (AV)";"48,8164090000";"2,3399930000"
"202100025778";"2";"08";"2021";"03:08";"5";"94";"94043";"2";"6";"1";"6";"FONTAINEBLEAU (AV DE)";"48,8097949105";"2,3622239213"
"202100025779";"28";"07";"2021";"14:25";"1";"94";"94021";"2";"2";"1";"3";"Avenue de Stalingrad";"48,7688900000";"2,3678100000"
"202100025780";"3";"08";"2021";"15:40";"1";"93";"93078";"2";"2";"1";"2";"BALLANGER (BD ROBERT)";"48,9574600000";"2,5449600000"
"202100025781";"2";"08";"2021";"16:25";"1";"93";"93066";"2";"1";"1";"6";"Avenue du Stade de France";"48,9187200000";"2,3618500000"
"202100025782";"3";"08";"2021";"03:28";"5";"93";"93046";"2";"9";"2";"1";"Boulevard Marx Dormoy";"48,9073320000";"2,5246780000"
"202100025783";"3";"08";"2021";"20:50";"2";"93";"93010";"2";"1";"1";"3";"PASTEUR (AV.)";"48,9042400000";"2,4850100000"
"202100025784";"3";"08";"2021";"18:45";"1";"93";"93008";"2";"1";"1";"6";"RENARD (RUE EDOUARD)";"48,9138500000";"2,4159300000"
"202100025785";"3";"08";"2021";"14:20";"1";"93";"93007";"2";"1";"1";"6";"ARISTIDE BRIAND (AVENUE COTE PAIRS)";"48,9442055790";"2,4470952960"
"202100025786";"3";"08";"2021";"17:00";"1";"93";"93001";"2";"1";"1";"2";"REPUBLIQUE (AVE DE LA ) 43/106 =>";"48,9057200000";"2,3898100000"
"202100025787";"3";"08";"2021";"22:15";"5";"92";"92048";"2";"1";"1";"6";"LE CORBEILLER (AVENUE) NÂ° 1 A 45";"48,8137288787";"2,2422876653"
"202100025788";"2";"08";"2021";"16:30";"1";"92";"92050";"2";"1";"1";"6";"PONT DE BEZONS";"48,9202052399";"2,2208261490"
"202100025789";"31";"07";"2021";"23:05";"5";"92";"92024";"2";"3";"1";"3";"MARTRE (RUE) DE (111 A 119)   (122 A 144";"48,9068662973";"2,3025675850"
"202100025790";"3";"08";"2021";"14:05";"1";"92";"92002";"2";"1";"2";"2";"RAYMON ARON (AVENUE)";"48,7702330261";"2,3115531984"
"202100025791";"3";"08";"2021";"10:05";"1";"01";"01004";"2";"1";"1";"6";"Avenue Leon Blum";"45,9640270000";"5,3408980000"
"202100025792";"4";"08";"2021";"00:40";"3";"67";"67441";"1";"1";"2";"7";"RD 235";"48,8349250000";"7,5790590000"
"202100025793";"9";"07";"2021";"10:17";"1";"06";"06149";"2";"7";"1";"6";"Boulevard Francois Suarez";"43,7429930000";"7,3157890000"
"202100025794";"27";"07";"2021";"18:00";"1";"13";"13078";"2";"2";"1";"3";"Avenue du Port";"43,3887720000";"4,8026620000"
"202100025795";"4";"08";"2021";"06:35";"2";"71";"71494";"1";"1";"2";"2";"autoroute A6";"46,4072158926";"4,8572613189"
"202100025796";"3";"08";"2021";"16:15";"1";"28";"28103";"1";"1";"1";"6";"D15";"48,0114440000";"1,2138610000"
"202100025797";"4";"08";"2021";"14:20";"1";"974";"97414";"2";"1";"1";"3";"RN 1";" -21,2919730000";"55,4117720000"
"202100025798";"4";"08";"2021";"11:25";"1";"38";"38084";"2";"2";"2";"1";"le grand chemin";"45,3444170000";"5,5222450000"
"202100025799";"3";"08";"2021";"18:15";"1";"62";"62688";"1";"1";"1";"3";"Cd 940 Rte de Bagatelle";"50,4336640000";"1,6080590000"
"202100025800";"3";"08";"2021";"20:15";"1";"47";"47121";"1";"1";"2";"1";"RD 933";"44,3439470000";"0,1073530000"
"202100025801";"3";"08";"2021";"12:50";"1";"62";"62535";"1";"1";"1";"6";"D139";"50,4627170000";"1,7558520000"
"202100025802";"3";"08";"2021";"06:05";"2";"44";"44009";"1";"1";"1";"2";"N249";"47,2154580000";" -1,4525720000"
"202100025803";"3";"08";"2021";"10:40";"1";"80";"80333";"2";"2";"1";"3";"Avenue de la Plage";"50,3399960000";"1,5679390000"
"202100025804";"3";"08";"2021";"16:31";"1";"81";"81220";"1";"1";"1";"7";"rd 988 Plaine de Fontgrave";"43,8409499000";"1,7612349980"
"202100025805";"4";"08";"2021";"17:20";"1";"71";"71014";"2";"3";"2";"3";"Avenue du Morvan";"46,9500571968";"4,2938922016"
"202100025806";"3";"08";"2021";"15:05";"1";"46";"46231";"1";"1";"1";"6";"LA POULINE";"44,5203470000";"1,1285230000"
"202100025807";"3";"08";"2021";"17:00";"1";"35";"35201";"2";"1";"1";"3";"17 Rue du Petit Chemin";"48,1265310000";" -2,1575850000"
"202100025808";"3";"08";"2021";"18:30";"1";"29";"29135";"1";"1";"2";"1";"Lieu-Dit Quemeur";"47,8227250000";" -4,2014280000"
"202100025809";"3";"08";"2021";"10:00";"1";"03";"03018";"2";"2";"8";"3";"D219";"46,2478730000";"3,2656750000"
"202100025810";"3";"08";"2021";"19:25";"1";"03";"03227";"1";"1";"2";"1";"route dÃ©partmenetale 6";"46,2496600000";"3,3293350000"
"202100025811";"4";"08";"2021";"16:45";"1";"50";"50359";"1";"3";"1";"6";"D907";"48,6393890000";" -0,9360910000"
"202100025812";"3";"08";"2021";"20:30";"1";"64";"64101";"2";"1";"1";"7";"9 Rue de Navarre";"43,2084520000";" -0,2604850000"
"202100025813";"31";"07";"2021";"11:00";"1";"18";"18151";"1";"1";"1";"6";"Les Salmons";"47,2447890000";"2,7013920000"
"202100025814";"3";"08";"2021";"16:50";"1";"10";"10035";"1";"1";"1";"2";"Route DÃ©partementale 396";"48,1764460000";"4,7808550000"
"202100025815";"3";"08";"2021";"15:05";"1";"16";"16120";"1";"2";"1";"3";"LIeu Dit La Font Toussaint";"45,5992840000";"0,2686290000"
"202100025816";"3";"08";"2021";"16:50";"1";"04";"04144";"2";"1";"1";"2";"RD 23";"43,7796540000";"6,3402380000"
"202100025817";"4";"08";"2021";"07:15";"2";"30";"30259";"2";"1";"3";"2";"Route de NÃ®mes";"44,0977060000";"4,1061290000"
"202100025818";"4";"08";"2021";"04:50";"3";"52";"52212";"1";"1";"5";"1";"Route Nationale 67";"48,4029560000";"5,1568140000"
"202100025819";"1";"08";"2021";"03:05";"3";"63";"63311";"1";"1";"1";"4";"A71 PR 356+200 SENS RIOM/PARIS";"46,0464214752";"3,1124632444"
"202100025820";"4";"08";"2021";"13:58";"1";"82";"82025";"1";"1";"3";"2";"A20 PK 428.250";"43,9337475354";"1,3198122051"
"202100025821";"3";"08";"2021";"23:05";"3";"53";"53201";"1";"1";"2";"5";"PK 253.600";"48,0962750000";" -0,8541610000"
"202100025822";"4";"08";"2021";"07:00";"2";"68";"68118";"1";"1";"1";"6";"A35 - bretelle nÂ°33";"47,7414370000";"7,4235500000"
"202100025823";"3";"08";"2021";"18:25";"1";"74";"74081";"2";"6";"2";"3";"Avenue de la sardagne";"46,0700750000";"6,5631290000"
"202100025824";"3";"08";"2021";"08:25";"1";"57";"57114";"1";"1";"2";"6";"PR 28+600 nationale 4 sens Phalsbourg / Nancy";"48,7538600000";"7,1784390000"
"202100025825";"1";"08";"2021";"10:00";"1";"971";"97121";"2";"1";"1";"3";"Rue de la Bataille Anse Guyonn";"16,2271930000";" -61,7862860000"
"202100025826";"4";"08";"2021";"13:15";"1";"77";"77322";"1";"1";"1";"1";"Chemin Departemental 26A, PK 1+500";"49,0585280000";"2,5883320000"
"202100025827";"4";"08";"2021";"01:00";"3";"66";"66164";"1";"1";"1";"7";"RD117";"42,7574900000";"2,8566170000"
"202100025828";"3";"08";"2021";"13:30";"1";"11";"11181";"2";"1";"1";"6";"Chemin des Brunels";"43,3922550000";"2,0077350000"
"202100025829";"3";"08";"2021";"17:50";"1";"13";"13018";"1";"1";"1";"1";"D24";"43,8674010000";"4,9602740000"
"202100025830";"1";"08";"2021";"17:29";"1";"08";"08188";"1";"1";"8";"7";"D22";"49,8160630000";"4,8215820000"
"202100025831";"4";"08";"2021";"15:00";"1";"38";"38059";"1";"1";"2";"3";"D5";"45,1282970000";"5,7779710000"
"202100025832";"3";"08";"2021";"19:10";"1";"69";"69149";"1";"3";"2";"1";"BRIGNAIS (DE) (RTE)";"45,7197524965";"4,7784921527"
"202100025833";"4";"08";"2021";"06:50";"2";"09";"09160";"2";"9";"2";"3";"16 Rue Jean JaurÃ¨s";"42,9320800000";"1,8470440000"
"202100025834";"3";"08";"2021";"18:40";"1";"86";"86021";"2";"1";"1";"2";"9 Route OcÃ©ane";"46,5588100000";"0,0473360000"
"202100025835";"3";"08";"2021";"09:25";"1";"29";"29042";"2";"6";"1";"3";"Boulevard de la France Libre";"48,2394550000";" -4,4944110000"
"202100025836";"4";"08";"2021";"11:30";"1";"22";"22198";"1";"3";"8";"5";"CD21, PR20";"48,7594280000";" -3,4954660000"
"202100025837";"3";"08";"2021";"18:15";"1";"27";"27517";"1";"1";"1";"6";"D316";"49,1458500000";"1,3199420000"
"202100025838";"3";"08";"2021";"19:40";"1";"76";"76164";"2";"1";"1";"1";"Quai Guilbaud";"49,5245460000";"0,7261470000"
"202100025839";"3";"08";"2021";"19:40";"1";"13";"13106";"1";"1";"1";"4";"A51-Sens Aix en Provence vers Marseille";"43,4041069740";"5,3582724374"
"202100025840";"2";"08";"2021";"17:05";"1";"13";"13015";"1";"1";"1";"4";"A51-Sens Aix en Provence vers Marseille";"43,4320000000";"5,3930000000"
"202100025841";"2";"05";"2021";"16:45";"1";"13";"13019";"1";"1";"1";"2";"A51-Sens Aix en Provence vers Marseille";"43,4241000000";"5,3745700000"
"202100025842";"2";"08";"2021";"02:50";"3";"13";"13043";"1";"1";"1";"7";"A55-Sens Martigues vers Marseille";"43,3852500000";"5,2385200000"