"Num_Acc";"jour";"mois";"an";"hrmn";"lum";"dep";"com";"agg";"int";"atm";"col";"adr";"lat";"long"
"202100025843";"30";"07";"2021";"19:40";"1";"83";"83027";"1";"1";"1";"3";"A50";"43,1750195329";"5,7697120318"
"202100025844";"30";"07";"2021";"12:50";"1";"83";"83137";"1";"1";"1";"3";"A50";"43,1266080000";"5,8923430000"
"202100025845";"31";"07";"2021";"23:55";"5";"69";"69029";"1";"1";"2";"2";"RD383   7.640 A 11.044";"45,7386423155";"4,9044748800"
"202100025846";"3";"08";"2021";"15:10";"1";"91";"91589";"1";"1";"1";"2";"AUTOROUTE A6";"48,6750700000";"2,3415200000"
"202100025847";"3";"08";"2021";"12:50";"1";"91";"91174";"1";"1";"2";"3";"RN 104";"48,6221000000";"2,4638000000"
"202100025848";"3";"08";"2021";"18:00";"1";"92";"92036";"1";"1";"1";"6";"A86";"48,9351292754";"2,2839515454"
"202100025849";"3";"08";"2021";"15:50";"1";"93";"93066";"1";"1";"1";"3";"AUTOROUTE A1";"48,9336700000";"2,3806700000"
"202100025850";"3";"08";"2021";"04:00";"3";"93";"93064";"1";"1";"2";"6";"AUTOROUTE A86";"48,8726300000";"2,4807000000"
"202100025851";"2";"08";"2021";"21:34";"3";"93";"93027";"1";"1";"2";"6";"AUTOROUTE A86";"48,9274900000";"2,4034700000"
"202100025852";"2";"08";"2021";"07:00";"1";"95";"95252";"1";"1";"1";"6";"A15";"48,9830900000";"2,2189900000"
"202100025853";"3";"08";"2021";"11:00";"1";"77";"77468";"1";"1";"1";"2";"A104";"48,8483200000";"2,6618400000"
"202100025854";"2";"08";"2021";"11:30";"1";"94";"94073";"1";"1";"1";"4";"A86 INT";"48,7639305386";"2,3806452928"
"202100025855";"27";"03";"2021";"14:50";"1";"38";"38565";"2";"1";"1";"6";"Avenue Henri Chapays";"45,2981200000";"5,6357180000"
"202100025856";"24";"03";"2021";"17:00";"1";"38";"38095";"1";"1";"1";"7";"Chemin des Taillis";"45,1417600000";"5,2497500000"
"202100025857";"24";"03";"2021";"12:10";"1";"38";"38269";"2";"3";"1";"2";"Rue du Breuil";"44,9064690000";"5,7878420000"
"202100025858";"27";"03";"2021";"21:20";"5";"38";"38342";"1";"1";"1";"7";"RD 1075";"44,9006480000";"5,6160330000"
"202100025859";"29";"03";"2021";"09:00";"1";"38";"38158";"2";"6";"7";"6";"Rue Francois Quesnay";"45,1484400000";"5,7355600000"
"202100025860";"19";"03";"2021";"17:50";"1";"38";"38087";"2";"2";"1";"5";"Avenue de Nor-hadjin";"45,5812320000";"4,7968470000"
"202100025861";"30";"03";"2021";"17:45";"1";"38";"38463";"1";"1";"7";"1";"Route de Rossat";"45,1798510000";"5,3590780000"
"202100025862";"14";"03";"2021";"17:57";"1";"38";"38032";"1";"1";"1";"3";"route neuve";"45,3296950000";"5,1222040000"
"202100025863";"14";"03";"2021";"14:00";"1";"38";"38140";"1";"1";"2";"7";"Rue des Echelles";"45,2806800000";"5,8947600000"
"202100025864";"13";"03";"2021";"18:15";"2";"38";"38124";"1";"1";"2";"6";"Route de la ChÃ¨vre";"45,6056920000";"5,5643560000"
"202100025865";"10";"03";"2021";"15:30";"1";"38";"38547";"2";"8";"1";"6";"Avenue Robert Huant";"45,2628600000";"5,9019800000"
"202100025866";"9";"03";"2021";"15:15";"1";"38";"38158";"2";"1";"1";"3";"Rue Montesquieu";"45,1453900000";"5,7427920000"
"202100025867";"2";"08";"2021";"15:00";"1";"92";"92024";"2";"3";"8";"6";"GENERAL LECLERC (BD DU) DE (61 A 9)";"48,8999679818";"2,3180669546"
"202100025868";"2";"08";"2021";"22:29";"3";"75";"75120";"2";"1";"2";"1";"RUE DES FRERES FLAVIEN";"48,8773750000";"2,4115330000"
"202100025869";"2";"08";"2021";"20:35";"2";"75";"75119";"2";"3";"3";"6";"RUE GASTON TESSIER";"48,8959760000";"2,3740060000"
"202100025870";"2";"08";"2021";"10:05";"1";"75";"75119";"2";"2";"1";"3";"AVENUE SECRETAN";"48,8812550000";"2,3732340000"
"202100025871";"2";"08";"2021";"00:10";"5";"75";"75119";"2";"3";"1";"3";"AVENUE JEAN JAURES";"48,8884800000";"2,3919410000"
"202100025872";"1";"08";"2021";"22:07";"5";"75";"75116";"2";"3";"1";"2";"ROUTE DE SEVRES A NEUILLY";"48,8753600000";"2,2495770000"
"202100025873";"31";"07";"2021";"22:45";"5";"75";"75116";"2";"3";"1";"2";"ROUTE DE LA MUETTE A NEUILLY";"48,8645712520";"2,2664827108"
"202100025874";"2";"08";"2021";"09:40";"1";"75";"75114";"2";"3";"1";"3";"RUE DU COMMANDANT RENE MOUCHOTTE";"48,8398170000";"2,3215190000"
"202100025875";"1";"08";"2021";"16:45";"1";"75";"75101";"2";"3";"1";"3";"RUE DE RIVOLI";"48,8627320000";"2,3352450000"
"202100025876";"2";"08";"2021";"04:35";"5";"94";"94067";"2";"2";"1";"6";"Avenue Gallieni";"48,8465800000";"2,4164700000"
"202100025877";"2";"08";"2021";"04:45";"5";"94";"94002";"2";"3";"1";"3";"BLANQUI (QU)";"48,8034000000";"2,4131200000"
"202100025878";"2";"08";"2021";"18:00";"1";"93";"93072";"2";"3";"1";"1";"MAXIME GORKI (BOULEVARD) DES NÂ°89 A ...";"48,9495000000";"2,3859700000"
"202100025879";"1";"08";"2021";"21:15";"1";"93";"93064";"2";"9";"1";"3";"Rue LaÃ«nnec";"48,8780850000";"2,4978370000"
"202100025880";"2";"08";"2021";"15:20";"1";"93";"93046";"2";"1";"1";"4";"Avenue Camille Desmoulins";"48,9115670000";"2,5243470000"
"202100025881";"2";"08";"2021";"08:48";"1";"93";"93047";"2";"2";"8";"3";"JEAN JAURES (AVENUE)";"48,8988490000";"2,5465150000"
"202100025882";"2";"08";"2021";"05:30";"2";"93";"93057";"2";"1";"1";"6";"ATHENES (allÃ©e d')";"48,9116460000";"2,4934830000"
"202100025883";"2";"08";"2021";"18:25";"1";"93";"93007";"2";"1";"1";"3";"8 MAI 45 (AVENUE DU 184 AU 240)  Z1";"48,9518200000";"2,4409600000"
"202100025884";"1";"08";"2021";"14:15";"1";"93";"93005";"2";"9";"1";"3";"Rdpt des Droits de l'Homme";"48,9300788743";"2,4811875056"
"202100025885";"2";"08";"2021";"11:00";"1";"92";"92064";"2";"1";"1";"6";"CALVAIRE";"48,8482865927";"2,2188234554"
"202100025886";"31";"07";"2021";"19:45";"1";"92";"92063";"2";"1";"1";"1";"SOLFERINO (BOULEVARD)";"48,8745400000";"2,1836100000"
"202100025887";"2";"08";"2021";"14:00";"1";"92";"92050";"2";"1";"1";"6";"PICASSO PABLO AVENUE";"48,8907521392";"2,2159052817"
"202100025888";"2";"08";"2021";"21:04";"5";"92";"92023";"2";"1";"2";"6";"GENERAL DE GAULLE (AVENUE DU)";"48,7854640000";"2,2517170000"
"202100025889";"2";"08";"2021";"12:45";"1";"11";"11032";"1";"1";"1";"6";"Chemin du Cimetiere";"43,1128340000";"2,0555540000"
"202100025890";"3";"08";"2021";"09:15";"1";"71";"71007";"1";"1";"2";"7";"RD 14 - route de Cortevaix Bois Dernier";"46,5365100658";"4,6802891634"
"202100025891";"3";"08";"2021";"03:15";"3";"41";"41262";"1";"1";"1";"6";"Avenue des Ponts dâArian";"47,5423670000";"1,5113570000"
"202100025892";"25";"07";"2021";"18:49";"1";"95";"95487";"1";"1";"2";"4";"RD 301";"49,1487000000";"2,2485170000"
"202100025893";"30";"07";"2021";"09:50";"1";"18";"18241";"1";"1";"1";"7";"route communale 5";"47,3258030000";"2,8146510000"
"202100025894";"2";"08";"2021";"17:07";"1";"974";"97405";"2";"1";"1";"1";"Rue Mahe de la Bourdonnais";" -21,3552840000";"55,5649660000"
"202100025895";"1";"08";"2021";"18:25";"2";"972";"97231";"2";"1";"1";"1";"L Anse Ã  l Ãne";"14,5385110000";" -61,0669680000"
"202100025896";"1";"08";"2021";"12:30";"1";"12";"12096";"2";"7";"1";"6";"Place Saint-Georges";"44,5204580000";"2,7620320000"
"202100025897";"2";"08";"2021";"17:50";"1";"58";"58187";"1";"1";"1";"2";"D907";"47,4593750000";"2,9311180000"
"202100025898";"1";"08";"2021";"05:30";"2";"19";"19043";"1";"1";"1";"6";"La Chapelle-aux-Brocs";"45,1401757253";"1,6404386625"
"202100025899";"2";"08";"2021";"12:50";"1";"78";"78530";"1";"3";"1";"6";"AllÃ©e des Marronniers";"48,9094080000";"1,6849990000"
"202100025900";"22";"07";"2021";"09:55";"1";"80";"80620";"2";"1";"1";"6";"Rue Saint-Fursy";"49,9290000000";"2,9343420000"
"202100025901";"2";"08";"2021";"22:15";"5";"69";"69088";"2";"3";"1";"3";"MARRONIERS (DES) (AV)";"45,8215730000";"4,8624100000"
"202100025902";"3";"08";"2021";"09:00";"1";"71";"71422";"1";"2";"2";"3";"intersection RD 49 / RD18";"46,6959150000";"4,7614040000"
"202100025903";"2";"08";"2021";"18:45";"1";"12";"12241";"1";"1";"1";"6";"Lieu Dit Laubart le Vieux";"44,3460800000";"2,6098430000"
"202100025904";"3";"08";"2021";"09:45";"1";"34";"34119";"2";"6";"1";"1";"D908";"43,5926810000";"3,1070760000"
"202100025905";"2";"08";"2021";"12:50";"1";"22";"22207";"1";"1";"1";"7";"La Garenne";"48,5908160000";" -3,4959910000"
"202100025906";"11";"06";"2021";"23:00";"3";"44";"44069";"1";"1";"1";"2";"Route de la Baule";"47,3105180000";" -2,4091490000"
"202100025907";"3";"08";"2021";"01:10";"3";"44";"44012";"1";"1";"1";"5";"La bliniÃ¨re";"47,0956400000";" -2,0360020000"
"202100025908";"2";"08";"2021";"12:00";"1";"29";"29167";"1";"1";"1";"3";"Penfrat Huella";"47,9646120000";" -4,3088940000"
"202100025909";"1";"07";"2021";"15:30";"1";"31";"31247";"2";"1";"1";"3";"Route de la Fontaine";"43,0824040000";"0,6779370000"
"202100025910";"3";"08";"2021";"16:15";"1";"03";"03110";"1";"1";"2";"7";"Chemin de Pouzat";"46,1254040000";"3,3632860000"
"202100025911";"2";"08";"2021";"18:40";"1";"15";"15074";"1";"4";"1";"1";"N122";"44,9295300000";"2,5054840000"
"202100025912";"2";"08";"2021";"18:10";"1";"01";"01199";"2";"1";"1";"3";"Rue Samuel Pery, la route";"46,0534030000";"5,3882070000"
"202100025913";"3";"08";"2021";"07:50";"1";"70";"70405";"1";"1";"1";"5";"RN57, PK 61 + 500";"47,4896520000";"6,1051580000"
"202100025914";"29";"07";"2021";"09:35";"1";"72";"72381";"1";"6";"1";"3";"Les Tamaris";"47,9284230391";"0,1017340421"
"202100025915";"3";"08";"2021";"07:50";"1";"05";"05115";"1";"1";"1";"7";"DÃ©partementale 900  , PK 15+900";"44,4678000000";"6,1584480000"
"202100025916";"2";"08";"2021";"18:15";"1";"50";"50483";"1";"1";"1";"5";"Rue de la Mer";"49,1041140000";" -1,1816200000"
"202100025917";"3";"08";"2021";"17:00";"1";"21";"21203";"2";"1";"2";"1";"route dÃ©partementale D4K";"47,4515484920";"4,1769044151"
"202100025918";"31";"07";"2021";"17:35";"1";"30";"30073";"1";"3";"1";"7";"D6086";"43,9786610000";"4,5750710000"
"202100025919";"3";"08";"2021";"15:45";"1";"48";"48061";"1";"1";"1";"6";"D16";"44,3236910000";"3,5870900000"
"202100025920";"3";"08";"2021";"15:50";"1";"08";"08206";"1";"1";"1";"1";"RD 40";"49,8015510000";"4,5815400000"
"202100025921";"25";"07";"2021";"18:55";"3";"973";"97307";"1";"9";"1";"6";"RN1";"4,8911930000";" -52,3374080000"
"202100025922";"3";"08";"2021";"13:50";"1";"31";"31421";"1";"1";"1";"2";"route departementale 820";"43,4841740000";"1,4006920000"
"202100025923";"28";"06";"2021";"21:51";"2";"95";"95678";"1";"1";"1";"5";"RN184";"49,0726150000";"2,2399880000"
"202100025924";"3";"08";"2021";"03:45";"2";"33";"33122";"1";"1";"1";"6";"Chemin Dubourdieu";"44,7493970000";" -0,7399060000"
"202100025925";"1";"08";"2021";"21:30";"3";"06";"06085";"1";"1";"1";"5";"Route d Antibes";"43,6025880000";"7,0270660000"
"202100025926";"2";"08";"2021";"21:00";"1";"34";"34172";"1";"9";"1";"6";"A709";"43,6063870000";"3,9333200000"
"202100025927";"3";"08";"2021";"10:20";"1";"30";"30189";"1";"1";"1";"2";"A 54, PK 1+200";"43,8089120000";"4,3478720000"
"202100025928";"3";"08";"2021";"08:30";"1";"38";"38553";"1";"3";"8";"1";"D36";"45,6027640000";"5,1555920000"
"202100025929";"3";"08";"2021";"06:30";"2";"77";"77333";"1";"1";"3";"2";"Autoroute A6, PK 073+100, Direction Province/PARIS";"48,2674760000";"2,7189450000"
"202100025930";"3";"07";"2021";"20:00";"5";"988";"98814";"2";"1";"2";"3";"Tribu de QANONO";" -20,9151760000";"167,2630480000"
"202100025931";"3";"08";"2021";"13:25";"1";"37";"37004";"1";"2";"2";"3";"N/A";"47,1307715109";"0,2978777254"
"202100025932";"2";"08";"2021";"12:00";"1";"37";"37003";"1";"1";"1";"6";"Boulevard saint denis hors";"47,3931521635";"1,0089349810"
"202100025933";"3";"08";"2021";"17:35";"1";"77";"77176";"2";"1";"1";"6";"Rue du 27 Aout";"48,7988500000";"2,9973470000"
"202100025934";"2";"08";"2021";"21:15";"3";"77";"77091";"1";"1";"2";"6";"RD 216 PK 20+600";"48,7433990000";"2,8131010000"
"202100025935";"3";"08";"2021";"17:25";"1";"2A";"2A247";"2";"1";"1";"2";"Rue Henry Frenay";"41,6025730000";"9,2788960000"
"202100025936";"2";"08";"2021";"20:59";"2";"34";"34183";"2";"1";"1";"2";"Boulevard de Cantaussel";"43,2852700000";"3,1300200000"
"202100025937";"3";"08";"2021";"18:45";"1";"83";"83065";"1";"1";"1";"1";"rd98";"43,2639490000";"6,6182790000"
"202100025938";"2";"08";"2021";"16:30";"1";"04";"04148";"1";"1";"1";"2";"RD 2211";"43,8081540000";"6,6712660000"
"202100025939";"30";"07";"2021";"11:30";"1";"13";"13016";"2";"9";"1";"1";"Rue Jean Pourchier";"43,3971320000";"5,5913750000"
"202100025940";"27";"07";"2021";"21:00";"5";"67";"67084";"2";"1";"3";"7";"Rue de la Gare";"48,3235290000";"7,4296760000"
"202100025941";"2";"08";"2021";"18:45";"1";"74";"74056";"2";"1";"1";"6";"Mte Charles Bozon";"45,9125530000";"6,8524770000"
"202100025942";"2";"08";"2021";"18:15";"1";"38";"38156";"1";"2";"1";"3";"Route Departementale 1085";"45,5369330000";"5,2935460000"
"202100025943";"2";"08";"2021";"19:50";"1";"01";"01390";"1";"3";"1";"3";"Allee des Cedres";"45,8302056886";"5,2797534662"
"202100025944";"3";"08";"2021";"12:45";"1";"86";"86026";"1";"1";"2";"2";"Lieu Dit le Grand Poncay";"47,0659510000";"0,1636590000"
"202100025945";"3";"08";"2021";"19:20";"1";"76";"76535";"1";"3";"1";"2";"chemin dÃ©partemental 915";"49,6279130000";"1,4854560000"
"202100025946";"2";"07";"2021";"15:29";"1";"13";"13055";"1";"1";"1";"2";"A507 sens Aubagne- Marseille";"43,3300000000";"5,3985000000"
"202100025947";"2";"08";"2021";"08:30";"1";"13";"13071";"1";"1";"1";"4";"A7-Sens Marseille vers Lyon";"43,4126150000";"5,2818470000"
"202100025948";"1";"08";"2021";"22:55";"5";"13";"13214";"1";"1";"1";"2";"A7-Sens Lyon vers Marseille";"43,3374600000";"5,3769600000"
"202100025949";"2";"08";"2021";"06:00";"4";"91";"91377";"2";"1";"1";"2";"RN20";"48,7195100000";"2,2988700000"
"202100025950";"2";"08";"2021";"13:10";"1";"92";"92050";"1";"1";"1";"7";"A86";"48,9065760454";"2,2110092640"
"202100025951";"2";"08";"2021";"09:15";"1";"92";"92025";"1";"1";"1";"3";"A86";"48,9227631754";"2,2275204652"
"202100025952";"2";"08";"2021";"09:00";"1";"78";"78043";"1";"1";"1";"2";"A12 W";"48,8245340000";"2,0742720000"
"202100025953";"2";"08";"2021";"22:00";"3";"93";"93027";"1";"1";"2";"7";"AUTOROUTE A86";"48,9285200000";"2,4134800000"
"202100025954";"2";"08";"2021";"05:30";"3";"92";"92078";"1";"1";"1";"6";"AUTOROUTE A86";"48,9275406874";"2,3326984048"
"202100025955";"1";"08";"2021";"22:10";"3";"93";"93053";"1";"1";"1";"7";"AUTOROUTE A3";"48,8970800000";"2,4696400000"
"202100025956";"2";"08";"2021";"18:30";"1";"94";"94022";"1";"1";"1";"4";"A86 EXT";"48,7733811508";"2,4011395508"
"202100025957";"2";"08";"2021";"18:10";"1";"77";"77249";"1";"1";"1";"6";"RN104";"48,7312281445";"2,6091964028"
"202100025958";"5";"03";"2021";"17:30";"1";"38";"38085";"1";"1";"1";"7";"route de lyon";"45,7528996665";"5,1400828385"
"202100025959";"1";"08";"2021";"16:06";"1";"76";"76282";"2";"1";"1";"6";"BEAU SITE. RUE DU";"49,3032358371";"1,0497978330"
"202100025960";"31";"07";"2021";"22:40";"5";"988";"98818";"2";"2";"1";"2";"AVENUE DU GENERAL DE GAULLE";" -22,2829000000";"166,4444900000"
"202100025961";"31";"07";"2021";"18:10";"3";"976";"97611";"1";"1";"1";"2";"m'tsapere-Nationale 2 (route)";" -12,7909600000";"45,2226200000"
"202100025962";"1";"08";"2021";"02:45";"5";"973";"97302";"2";"1";"1";"6";"GALMOT (ROND-POINT)";"4,9316100000";" -52,3298200000"
"202100025963";"1";"08";"2021";"21:40";"5";"69";"69383";"2";"1";"1";"4";"BONNEL (DE) (R)";"45,7624310275";"4,8554420471"
"202100025964";"1";"08";"2021";"13:55";"1";"69";"69386";"2";"2";"1";"3";"BELLECOMBE (DE) (R)";"45,7663400000";"4,8634500000"
"202100025965";"1";"08";"2021";"11:00";"1";"972";"97213";"1";"1";"1";"3";"ROUTE NATIONALE 1";"14,6257400000";" -60,9788600000"
"202100025966";"31";"07";"2021";"19:30";"2";"69";"69034";"2";"2";"2";"3";"CANUTS (DES)                        (BD)";"45,7840200000";"4,8313500000"
"202100025967";"1";"08";"2021";"17:48";"1";"95";"95019";"2";"1";"1";"7";"Avenue Henri Barbusse";"48,9873000000";"2,4149700000"
"202100025968";"1";"08";"2021";"21:10";"1";"95";"95018";"2";"1";"1";"6";"EPINAY (RUE D' )";"48,9551838769";"2,2891178727"
"202100025969";"1";"08";"2021";"22:09";"5";"91";"91027";"2";"1";"1";"6";"AV FRANCOIS MITTERRAND";"48,7033200000";"2,3717400000"
"202100025970";"1";"08";"2021";"11:03";"1";"91";"91286";"2";"1";"1";"1";"1ERE ARMEE (AVENUE)";"48,6544280000";"2,3968880000"
"202100025971";"1";"08";"2021";"14:25";"1";"91";"91223";"2";"1";"1";"7";"LYS (RUE DES)";"48,4312900000";"2,1364900000"
"202100025972";"1";"08";"2021";"18:35";"1";"83";"83069";"1";"1";"1";"4";"AVENUE RITONDALE LEOPOLD";"43,1150285932";"6,1371538638"
"202100025973";"1";"08";"2021";"03:40";"3";"77";"77288";"1";"6";"1";"6";"VOISENON  (ROUTE DE)";"48,5560740000";"2,6632890000"
"202100025974";"1";"08";"2021";"13:15";"1";"74";"74218";"1";"1";"1";"1";"RIVE (AVENUE DE LA) RD 1005";"46,3867400000";"6,5211500000"
"202100025975";"1";"08";"2021";"20:00";"1";"64";"64284";"2";"3";"1";"2";"AVENUE RAUSKI";"43,2762000000";" -0,3882000000"
"202100025976";"1";"08";"2021";"19:55";"1";"61";"61397";"1";"1";"1";"6";"SAINT BARTHELEMY (RUE DE)";"48,4220100000";"0,0573800000"
"202100025977";"1";"08";"2021";"15:00";"1";"59";"59350";"2";"1";"1";"3";"FAUBOURG D'ARRAS RUE";"50,6076659879";"3,0593745521"
"202100025978";"31";"07";"2021";"13:05";"1";"50";"50502";"2";"2";"2";"3";"SAINT JEAN";"49,1108700000";" -1,0575500000"
"202100025979";"1";"08";"2021";"20:30";"1";"45";"45234";"2";"1";"1";"6";"42 Rue Emile Zola";"47,9103255329";"1,9079571962"
"202100025980";"1";"08";"2021";"01:25";"5";"45";"45234";"2";"2";"1";"1";"39 Rue du Faubourg de Bourgogne";"47,9018040000";"1,9239450000"
"202100025981";"31";"07";"2021";"23:00";"3";"44";"44172";"1";"1";"1";"2";"PERIPHERIQUE";"47,2351200000";" -1,4779800000"
"202100025982";"1";"08";"2021";"10:15";"1";"35";"35238";"2";"1";"1";"1";"PAPIER TIMBRE (DU)";"48,1044100000";" -1,6830600000"
"202100025983";"31";"07";"2021";"11:45";"1";"35";"35238";"2";"1";"1";"6";"HERVE (BD GAETAN)";"48,0911860000";" -1,6648110000"
"202100025984";"1";"08";"2021";"17:00";"1";"33";"33063";"2";"1";"1";"4";"Boulevard Joliot-Curie";"44,8345600000";" -0,5519500000"
"202100025985";"1";"08";"2021";"06:25";"5";"33";"33063";"2";"1";"2";"6";"Boulevard du PrÃ©sident Wilson";"44,8521800000";" -0,5946500000"
"202100025986";"1";"08";"2021";"03:40";"5";"33";"33063";"2";"2";"1";"3";"Rue Pierre Baour";"44,8906980000";" -0,5468460000"
"202100025987";"2";"08";"2021";"00:33";"5";"31";"31555";"2";"4";"1";"1";"BD PIERRE ET MARIE CURIE";"43,6261000000";"1,4371100000"
"202100025988";"1";"08";"2021";"05:10";"5";"31";"31555";"2";"1";"2";"3";"GRANDE BRETAGNE (AV DE) DU 39AU 306";"43,6036640000";"1,4068550000"
"202100025989";"31";"07";"2021";"17:05";"1";"30";"30007";"2";"3";"1";"3";"BILINA (QUAI)";"44,1305100000";"4,0722200000"
"202100025990";"31";"07";"2021";"19:45";"1";"29";"29232";"2";"1";"1";"2";"Route du Loc H";"48,0106000000";" -4,0945500000"
"202100025991";"1";"08";"2021";"17:42";"1";"29";"29039";"1";"1";"1";"7";"RD 122";"47,8782530000";" -3,8565880000"
"202100025992";"31";"07";"2021";"16:45";"1";"26";"26198";"2";"1";"1";"3";"Avenue du 14 Juillet 1789";"44,5543820000";"4,7436900000"
"202100025993";"1";"08";"2021";"05:10";"5";"25";"25056";"2";"1";"1";"6";"DOLE RUE DE (inf 82)";"47,2313200000";"5,9973300000"
"202100025994";"31";"07";"2021";"17:30";"1";"22";"22113";"2";"1";"1";"6";"SAINT MARC (RUE DE)";"48,7339402336";" -3,4430359716"
"202100025995";"1";"08";"2021";"14:27";"1";"17";"17291";"1";"1";"1";"2";"33 PK RN11 NANTES ROCADE";"46,1749400000";" -1,1107500000"
"202100025996";"2";"08";"2021";"01:00";"5";"13";"13216";"2";"1";"1";"1";"ESTAQUE PLAGE";"43,3578000000";"5,3194700000"
"202100025997";"1";"08";"2021";"20:15";"1";"13";"13205";"2";"2";"1";"3";"SAINT PIERRE (RUE)";"43,2925500000";"5,4001900000"
"202100025998";"1";"08";"2021";"20:30";"2";"13";"13205";"2";"1";"1";"3";"LOUIS FRANGIN (RUE)";"43,2950700000";"5,4067100000"
"202100025999";"1";"08";"2021";"15:30";"1";"13";"13208";"2";"2";"1";"3";"RHONE (RUE DU)";"43,2789900000";"5,3820500000"
"202100026000";"1";"08";"2021";"13:05";"1";"13";"13205";"2";"1";"1";"6";"LIBERATION (BOULEVARD)";"43,3008035067";"5,3905386512"
"202100026001";"1";"08";"2021";"06:25";"2";"09";"09225";"2";"3";"8";"6";"RIJOLE AVENUE DE LA";"43,1185100000";"1,6218800000"
"202100026002";"31";"07";"2021";"10:10";"1";"06";"06123";"2";"1";"1";"1";"VESPINS ROUTE DES";"43,6602720000";"7,1800490000"
"202100026003";"1";"08";"2021";"12:15";"1";"06";"06004";"1";"1";"1";"3";"BORD DE MER RN.98 LA SIESTA";"43,6119100000";"7,1271800000"
"202100026004";"4";"06";"2021";"15:25";"1";"04";"04112";"2";"3";"1";"3";"Inter ch. de robert / ch. des cabris";"43,8205362052";"5,7876756801"
"202100026005";"1";"08";"2021";"19:20";"1";"75";"75113";"2";"1";"1";"5";"BOULEVARD PERIPHERIQUE EXTERIEUR SUD";"48,8190660000";"2,3719010000"
"202100026006";"1";"08";"2021";"01:45";"5";"75";"75119";"2";"1";"1";"2";"BOULEVARD SERURIER";"48,8785320000";"2,4025030000"
"202100026007";"1";"08";"2021";"21:12";"5";"75";"75115";"2";"1";"1";"6";"AVENUE EMILE ZOLA";"48,8466310000";"2,2876240000"
"202100026008";"1";"08";"2021";"06:50";"1";"75";"75115";"2";"2";"1";"3";"QUAI ANDRE CITROEN";"48,8387380000";"2,2697110000"
"202100026009";"1";"08";"2021";"10:31";"1";"75";"75108";"2";"1";"1";"2";"AVENUE DES CHAMPS ELYSEES";"48,8666250000";"2,3175380000"
"202100026010";"1";"08";"2021";"17:50";"1";"75";"75101";"2";"1";"1";"7";"PLACE DU CARROUSEL";"48,8610190000";"2,3340230000"
"202100026011";"1";"08";"2021";"02:45";"5";"75";"75101";"2";"3";"1";"3";"AVENUE GENERAL LEMONNIER";"48,8609430000";"2,3300590000"
"202100026012";"1";"08";"2021";"00:45";"5";"75";"75103";"2";"7";"1";"1";"PLACE DE LA REPUBLIQUE";"48,8666510000";"2,3646130000"
"202100026013";"1";"08";"2021";"17:40";"1";"93";"93066";"2";"1";"1";"6";"Avenue de Stalingrad";"48,9460300000";"2,3667000000"
"202100026014";"31";"07";"2021";"21:00";"1";"93";"93050";"2";"2";"1";"3";"Avenue Turgot / Avenue Paul Vaillant Couturier";"48,8737600000";"2,5528190000"
"202100026015";"1";"08";"2021";"16:00";"1";"93";"93007";"2";"1";"1";"3";"ALTRINCHAM (RUE)";"48,9475400000";"2,4476000000"
"202100026016";"1";"08";"2021";"18:35";"1";"92";"92044";"2";"1";"1";"2";"CHARLES PASQUA (QUAI) 32 A 58";"48,9001820000";"2,2825310000"
"202100026017";"1";"08";"2021";"01:30";"5";"92";"92024";"2";"2";"1";"3";"JEAN JAURES (BD) DE (1 A 45)   (2 A 54)";"48,9000173959";"2,3062035441"
"202100026018";"1";"08";"2021";"19:05";"1";"34";"34263";"1";"1";"1";"3";"D135 ROUTE DE SAUSSINES";"43,7578290000";"4,0257160000"
"202100026019";"1";"08";"2021";"18:00";"1";"2A";"2A360";"1";"1";"1";"7";"RT 40";"41,8209670000";"8,9627410000"
"202100026020";"28";"06";"2021";"19:00";"1";"41";"41091";"1";"1";"8";"6";"D957";"47,6486220000";"1,2745000000"
"202100026021";"1";"08";"2021";"12:25";"1";"84";"84069";"2";"9";"7";"2";"Route de Vaison-la-Romaine";"44,1758410000";"5,1292900000"
"202100026022";"2";"08";"2021";"15:40";"1";"31";"31547";"1";"2";"1";"3";"Les Aujoulets";"43,5042390000";"1,2483000000"
"202100026023";"1";"08";"2021";"22:00";"3";"71";"71195";"1";"1";"1";"6";"Aire de repos de FARGES-LES-MACON, autoroute A6, PK 363+300, sens PARIS/LYON";"46,5141555094";"4,9110992157"
"202100026024";"1";"08";"2021";"17:50";"3";"974";"97405";"2";"9";"1";"6";"nationale 2";" -21,3666780000";"55,5569390000"
"202100026025";"1";"08";"2021";"10:00";"1";"974";"97405";"2";"9";"1";"7";"Chemin Cambrai";" -21,3501320000";"55,5622390000"
"202100026026";"1";"08";"2021";"19:45";"1";"63";"63358";"1";"1";"1";"7";"route dÃ©partementale 2144";"46,0485740000";"3,0493280000"
"202100026027";"2";"08";"2021";"07:50";"1";"01";"01153";"1";"2";"1";"3";"Route de la Pralay";"46,2941031609";"6,0425815685"
"202100026028";"1";"08";"2021";"04:15";"4";"17";"17376";"1";"1";"2";"6";"Route de la FerandiÃ¨re";"46,2474600000";" -1,0417000000"
"202100026029";"31";"07";"2021";"15:50";"1";"68";"68260";"1";"1";"1";"6";"Route dÃ©partementale 430 PK 43.500";"47,8859686874";"7,2596301735"
"202100026030";"1";"08";"2021";"01:30";"3";"62";"62361";"1";"1";"1";"6";"D54";"50,2834470000";"2,3033900000"