"Num_Acc";"jour";"mois";"an";"hrmn";"lum";"dep";"com";"agg";"int";"atm";"col";"adr";"lat";"long"
"202100026031";"30";"07";"2021";"18:55";"1";"41";"41278";"1";"1";"1";"6";"N10";"47,6563880000";"0,9582870000"
"202100026032";"2";"08";"2021";"15:28";"1";"40";"40246";"1";"1";"1";"1";"D834";"44,1412800000";" -0,7246760000"
"202100026033";"2";"08";"2021";"12:15";"1";"04";"04205";"1";"1";"1";"1";"RD 900";"44,3450440000";"6,3727890000"
"202100026034";"2";"08";"2021";"13:45";"1";"19";"19002";"1";"1";"1";"3";"RD 1089";"45,5837067421";"2,3690424748"
"202100026035";"2";"08";"2021";"00:45";"3";"95";"95612";"1";"1";"1";"6";"RD 47";"49,0081010000";"2,4648700000"
"202100026036";"30";"07";"2021";"21:20";"3";"56";"56165";"1";"1";"2";"2";"N24";"47,9208720000";" -2,3531130000"
"202100026037";"1";"08";"2021";"16:15";"1";"76";"76686";"2";"1";"1";"7";"Rue des Chataigniers";"49,7674030000";"0,5404600000"
"202100026038";"1";"08";"2021";"22:45";"3";"76";"76068";"1";"1";"1";"7";"Route de Valmont";"49,7037780000";"0,4574780000"
"202100026039";"2";"08";"2021";"12:45";"1";"79";"79290";"1";"2";"1";"3";"Chemin des GuinÃ©es";"46,4387640000";" -0,6063700000"
"202100026040";"29";"07";"2021";"13:20";"1";"33";"33248";"1";"1";"1";"2";"N/A";"45,1020320000";" -0,8027320000"
"202100026041";"23";"07";"2021";"09:45";"1";"33";"33282";"1";"3";"1";"1";"Lieu Dit la Gouteyre";"44,7786940000";" -0,1070670000"
"202100026042";"1";"08";"2021";"17:30";"1";"81";"81031";"1";"2";"1";"3";"bel air";"43,6173320724";"2,4484508279"
"202100026043";"29";"07";"2021";"23:30";"3";"63";"63162";"1";"1";"1";"7";"RD37";"45,5372420000";"3,6075500000"
"202100026044";"2";"08";"2021";"15:30";"1";"61";"61336";"1";"1";"1";"1";"D277";"48,2821720000";"0,4961440000"
"202100026045";"28";"07";"2021";"12:00";"1";"42";"42059";"1";"1";"2";"7";"Route du Premier Pont";"45,6467330000";"4,3660570000"
"202100026046";"2";"08";"2021";"18:27";"1";"47";"47252";"2";"3";"1";"3";"25 Av Rene Cassin";"44,4030240000";"0,5958260000"
"202100026047";"31";"07";"2021";"02:15";"3";"47";"47110";"1";"1";"1";"6";"D299";"44,4561760000";"0,2891420000"
"202100026048";"1";"08";"2021";"19:40";"1";"47";"47301";"1";"1";"1";"6";"Tardy";"44,5301370000";"0,2912500000"
"202100026049";"1";"08";"2021";"11:42";"1";"22";"22135";"1";"1";"2";"1";"PONT MEIN";"48,5305180000";" -3,3586620000"
"202100026050";"1";"08";"2021";"19:10";"1";"22";"22013";"1";"2";"1";"3";"KERLEIN";"48,4962320000";" -3,1878590000"
"202100026051";"1";"08";"2021";"20:30";"2";"25";"25004";"1";"1";"1";"1";"D34";"47,4261640000";"6,9335530000"
"202100026052";"1";"08";"2021";"23:05";"5";"44";"44166";"2";"1";"1";"6";"Place de la LibertÃ©";"47,1958000000";" -1,7239520000"
"202100026053";"2";"08";"2021";"08:15";"1";"44";"44067";"1";"3";"1";"1";"Mondesir";"47,6201290000";" -1,8266380000"
"202100026054";"31";"07";"2021";"09:40";"1";"44";"44067";"2";"1";"1";"1";"Rue de ChÃ¢teaubriant";"47,6274510000";" -1,8289500000"
"202100026055";"30";"07";"2021";"18:45";"1";"29";"29260";"2";"1";"1";"2";"Lieu dit Pontavenec";"48,4261490689";" -4,6042274062"
"202100026056";"31";"07";"2021";"00:45";"5";"29";"29075";"1";"1";"1";"6";"Boulevard Michel Briant";"48,4223370000";" -4,4224370000"
"202100026057";"1";"08";"2021";"15:40";"1";"29";"29158";"2";"3";"1";"1";"9 Route de Kerglib";"47,8129215560";" -4,3417815864"
"202100026058";"2";"08";"2021";"04:30";"3";"31";"31413";"1";"1";"8";"6";"D29";"43,7331270000";"1,1041050000"
"202100026059";"2";"08";"2021";"04:30";"3";"38";"38134";"1";"1";"1";"1";"RD 538 cour";"45,4558560000";"4,9952600000"
"202100026060";"2";"08";"2021";"09:50";"1";"38";"38012";"2";"1";"1";"6";"Route de Saint Genix";"45,5942780000";"5,6214270000"
"202100026061";"30";"07";"2021";"16:10";"1";"64";"64040";"2";"1";"2";"7";"le vert Ã  l'oeil";"43,0969880000";" -0,7211230000"
"202100026062";"30";"07";"2021";"09:49";"1";"36";"36165";"1";"2";"1";"6";"la boudiniÃ¨re";"46,7026730000";"1,0386370000"
"202100026063";"1";"08";"2021";"13:35";"1";"16";"16236";"2";"3";"2";"6";"Chemin de la Croix Ronde";"45,5661810000";"0,1222630000"
"202100026064";"2";"08";"2021";"09:30";"1";"17";"17224";"2";"3";"1";"3";"4bis Rue du Semblier";"45,8632230000";" -0,3173380000"
"202100026065";"1";"08";"2021";"01:56";"3";"30";"30237";"1";"1";"1";"6";"route dÃ©partementale 51";"44,2723690000";"4,1890530000"
"202100026066";"31";"07";"2021";"11:00";"1";"30";"30291";"1";"1";"1";"3";"D160";"44,1503120000";"4,0033150000"
"202100026067";"30";"07";"2021";"14:15";"1";"88";"88516";"2";"4";"1";"6";"place de gaulle";"48,2004386869";"5,9491261840"
"202100026068";"2";"08";"2021";"14:20";"1";"24";"24194";"1";"3";"1";"3";"DÃ©partementale 36";"44,8384190000";"0,3043990000"
"202100026069";"31";"07";"2021";"11:35";"1";"973";"97307";"1";"1";"1";"3";"RN 2 intersection chemin paramana";"4,8216420000";" -52,3427620000"
"202100026070";"2";"08";"2021";"12:48";"1";"60";"60299";"1";"1";"3";"6";"Autoroute A16, pk 093.900 sens PARIS-BOULOGNE";"49,6175219746";"2,2092781694"
"202100026071";"2";"08";"2021";"08:20";"1";"06";"06018";"1";"3";"1";"3";"Route des Dolines";"43,6216980000";"7,0586600000"
"202100026072";"2";"08";"2021";"12:35";"1";"39";"39233";"1";"1";"1";"7";"N/A";"47,0846320000";"5,4252720000"
"202100026073";"1";"08";"2021";"18:57";"1";"11";"11144";"1";"1";"1";"5";"D6009";"42,8675820000";"2,9854270000"
"202100026074";"2";"08";"2021";"07:50";"1";"95";"95170";"1";"1";"1";"1";"D28";"49,0417890000";"1,9470850000"
"202100026075";"1";"08";"2021";"05:50";"2";"95";"95213";"1";"1";"1";"6";"Rue des Chantereines";"49,1229270000";"2,0646730000"
"202100026076";"30";"07";"2021";"19:45";"1";"11";"11322";"1";"1";"1";"3";"La Murelle";"43,0010540000";"2,9694950000"
"202100026077";"2";"08";"2021";"01:15";"5";"34";"34052";"2";"1";"1";"6";"avenue de la RÃ©publique";"43,3271350000";"3,0391710000"
"202100026078";"2";"08";"2021";"11:45";"1";"34";"34027";"1";"1";"1";"7";"M118 beaulieu";"43,7327320000";"4,0067480000"
"202100026079";"1";"08";"2021";"16:15";"1";"04";"04069";"1";"1";"1";"7";"Rte de Soleihas";"43,8797760000";"6,5558980000"
"202100026080";"2";"08";"2021";"14:30";"1";"13";"13089";"1";"2";"1";"3";"rd30A";"43,8295740000";"4,9312310000"
"202100026081";"27";"07";"2021";"18:37";"1";"71";"71382";"1";"1";"2";"7";"RD 979";"46,5180573630";"3,8587461202"
"202100026082";"1";"08";"2021";"18:10";"1";"68";"68251";"1";"9";"8";"7";"D18b";"47,9878350000";"7,2144550000"
"202100026083";"1";"08";"2021";"19:15";"1";"57";"57631";"1";"1";"1";"7";"RN 61";"49,1095320000";"7,0286700000"
"202100026084";"2";"08";"2021";"07:30";"1";"38";"38565";"1";"1";"1";"3";"268 Quai des Chartreux";"45,3001620000";"5,6379930000"
"202100026085";"31";"07";"2021";"17:00";"1";"69";"69101";"2";"1";"2";"7";"BOIS DE SOUL (DU) (CHM)";"45,9798374927";"4,6294417977"
"202100026086";"2";"08";"2021";"08:00";"1";"69";"69163";"1";"1";"1";"1";"D87";"45,9349160000";"4,7718210000"
"202100026087";"29";"07";"2021";"19:05";"1";"44";"44047";"2";"1";"1";"3";"Rue du Premier Mai";"47,2134690000";" -1,6823950000"
"202100026088";"1";"08";"2021";"10:05";"1";"14";"14488";"2";"2";"1";"3";"D514";"49,2886310000";" -0,2645030000"
"202100026089";"1";"08";"2021";"18:00";"1";"60";"60139";"2";"1";"1";"3";"Rue Thomas Edison";"49,1534640000";"2,2532540000"
"202100026090";"2";"08";"2021";"16:30";"1";"59";"59105";"2";"1";"1";"1";"Rue de la Chapelle";"50,4362800000";"3,2449530000"
"202100026091";"1";"08";"2021";"19:17";"1";"59";"59558";"1";"1";"1";"7";"D114";"50,2416990000";"3,4602670000"
"202100026092";"1";"08";"2021";"06:45";"1";"13";"13216";"2";"1";"1";"7";"A55-Sens Martigues vers Marseille";"43,3502500000";"5,3468000000"
"202100026093";"31";"07";"2021";"08:45";"1";"13";"13215";"2";"1";"1";"7";"A7-Sens Lyon vers Marseille";"43,3499400000";"5,3687200000"
"202100026094";"30";"07";"2021";"05:15";"2";"13";"13210";"1";"1";"1";"1";"A50-Sens Marseille vers Aubagne";"43,2841600000";"5,4045000000"
"202100026095";"1";"08";"2021";"20:05";"1";"91";"91589";"1";"1";"1";"6";"AUTOROUTE A6";"48,6765700000";"2,3392500000"
"202100026096";"1";"08";"2021";"11:40";"1";"91";"91136";"1";"1";"1";"4";"RD188 PROVINCE / A10 PARIS";"48,7145600000";"2,2729200000"
"202100026097";"31";"07";"2021";"13:40";"1";"91";"91689";"1";"1";"1";"3";"AUTOROUTE A6A";"48,7434810000";"2,3216660000"
"202100026098";"30";"07";"2021";"18:35";"1";"91";"91377";"1";"9";"1";"2";"RN20";"48,7194000000";"2,2990500000"
"202100026099";"1";"08";"2021";"06:50";"1";"78";"78206";"1";"1";"1";"6";"A13";"48,9542760000";"1,9390660000"
"202100026100";"1";"08";"2021";"05:05";"3";"92";"92012";"1";"1";"1";"6";"A13";"48,8482342934";"2,2325493297"
"202100026101";"1";"08";"2021";"17:30";"1";"93";"93053";"1";"1";"1";"7";"AUTOROUTE A103";"48,8876568563";"2,4726906697"
"202100026102";"1";"08";"2021";"06:20";"2";"95";"95277";"1";"1";"1";"2";"AUTOROUTE A1";"48,9767170000";"2,4923560000"
"202100026103";"31";"07";"2021";"10:10";"1";"95";"95572";"1";"1";"1";"3";" A15";"49,0339000000";"2,1040900000"
"202100026104";"31";"07";"2021";"12:10";"1";"38";"38185";"2";"1";"1";"6";"Cours Jean JaurÃ¨s";"45,1839800000";"5,7176700000"
"202100026105";"31";"07";"2021";"02:50";"5";"29";"29019";"2";"1";"1";"6";"40 Rue dâEstienne dâOrves";"48,3917028245";" -4,4604407565"
"202100026106";"31";"07";"2021";"14:10";"1";"988";"98818";"2";"3";"1";"2";"ROUTE DE L'ANSE VATA/RUE MARCELLIN LACABANNE";" -22,2936200000";"166,4465500000"
"202100026107";"31";"07";"2021";"09:15";"1";"973";"97302";"2";"9";"1";"3";"FELIX EBOUE(ROCADE)";"4,9351973853";" -52,3079652788"
"202100026108";"31";"07";"2021";"21:20";"5";"69";"69199";"2";"1";"2";"1";"YVES FARGE (BD)";"45,7046500000";"4,8568700000"
"202100026109";"31";"07";"2021";"15:50";"1";"69";"69383";"2";"2";"8";"6";"DOCTEUR LONG (DU) (CR)";"45,7530329298";"4,8951875567"
"202100026110";"30";"07";"2021";"21:05";"5";"972";"97209";"2";"1";"2";"6";"RD 41 (ROCADE)";"14,6161660000";" -61,0540850000"
"202100026111";"27";"06";"2021";"11:20";"1";"971";"97101";"2";"1";"1";"6";"CLARA BOURGAREL - ASSAINISSEMENT (RUE)";"16,2386000000";" -61,5294500000"
"202100026112";"30";"07";"2021";"13:45";"1";"971";"97101";"1";"1";"1";"4";"CHAUVEL";"16,2380000000";" -61,5228400000"
"202100026113";"31";"07";"2021";"14:00";"1";"95";"95680";"2";"1";"1";"3";"GENERAL ARCHINARD (RUE DU)";"49,0074438945";"2,3946064711"
"202100026114";"31";"07";"2021";"00:55";"5";"95";"95268";"2";"1";"1";"1";"AV PIERRE SEMARD";"48,9689058072";"2,3886492848"
"202100026115";"31";"07";"2021";"00:10";"3";"95";"95424";"2";"9";"1";"3";"RD 392";"48,9865600000";"2,1818300000"
"202100026116";"31";"07";"2021";"04:21";"5";"91";"91103";"2";"1";"1";"7";"RUE DU PARC";"48,6084530000";"2,3003320000"
"202100026117";"30";"07";"2021";"14:10";"1";"91";"91103";"2";"4";"1";"3";"CD 133";"48,6244100000";"2,2974900000"
"202100026118";"31";"07";"2021";"08:55";"1";"91";"91377";"2";"1";"1";"3";"RUE DE LA DIVISION LECLERC";"48,7302000000";"2,2738300000"
"202100026119";"30";"07";"2021";"12:25";"1";"91";"91377";"2";"1";"1";"2";"AV DE L EUROPE";"48,7266000000";"2,2790000000"
"202100026120";"30";"07";"2021";"19:40";"1";"83";"83069";"1";"1";"1";"2";"LOUBES (ROUTE DES)";"43,1135880000";"6,1009980000"
"202100026121";"31";"07";"2021";"21:50";"3";"82";"82033";"1";"1";"8";"7";"FOURRIERES VC 1 (ROUTE DES) ";"44,0420500000";"1,1417000000"
"202100026122";"30";"07";"2021";"20:15";"1";"77";"77350";"2";"2";"1";"3";"AV MAURICE CHEVALIER";"48,7657161792";"2,6818143299"
"202100026123";"31";"07";"2021";"09:10";"1";"69";"69290";"2";"9";"1";"3";"SALVADOR ALLENDE (R)";"45,7037437173";"4,9349790215"
"202100026124";"30";"07";"2021";"18:25";"1";"63";"63113";"2";"1";"1";"3";"Parking Auchan nord";"45,8138380283";"3,1072246939"
"202100026125";"30";"07";"2021";"09:04";"1";"63";"63113";"2";"2";"1";"3";"FLAUBERT/ Schuman";"45,7641500000";"3,1259500000"
"202100026126";"23";"07";"2021";"16:20";"1";"63";"63164";"2";"6";"1";"2";"MARTYRS (RUE DES)";"45,8196418179";"3,1496172428"
"202100026127";"26";"07";"2021";"17:35";"1";"62";"62108";"2";"1";"1";"2";"ROND POINT DU MARQUENTERRE";"50,4017200000";"1,5952500000"
"202100026128";"31";"07";"2021";"17:25";"1";"60";"60057";"2";"9";"1";"3";"Rue de Notre-Dame-du-Thil";"49,4529800000";"2,0746800000"
"202100026129";"31";"07";"2021";"08:25";"1";"54";"54431";"2";"2";"1";"1";"EUROPE (AVENUE DE L')";"48,9166400000";"6,0630100000"
"202100026130";"31";"07";"2021";"21:45";"5";"54";"54395";"2";"1";"1";"6";"CHARLES III (RUE)";"48,6900000000";"6,1952600000"
"202100026131";"31";"07";"2021";"12:20";"1";"54";"54395";"2";"2";"1";"3";"FOCH (AVENUE 2 A 16-1 A 7)";"48,6875855517";"6,1707450449"
"202100026132";"29";"07";"2021";"15:10";"1";"50";"50502";"2";"1";"1";"3";"ALSACE LORRAINE";"49,1146300000";" -1,0987600000"
"202100026133";"31";"07";"2021";"12:45";"1";"49";"49007";"2";"1";"1";"3";"TALOT";"47,4673700000";" -0,5558500000"
"202100026134";"30";"07";"2021";"19:30";"1";"45";"45338";"2";"1";"1";"6";"Rue des PrimevÃ¨res";"47,9930970000";"2,7039800000"
"202100026135";"27";"07";"2021";"19:55";"1";"42";"42187";"2";"1";"1";"6";"Avenue de Lyon";"46,0391460000";"4,0773210000"
"202100026136";"31";"07";"2021";"16:45";"1";"37";"37261";"2";"1";"1";"1";"MAGINOT (AV. ANDRE)";"47,4350184044";"0,7075560093"
"202100026137";"31";"07";"2021";"19:00";"1";"35";"35278";"2";"2";"1";"3";"ALPHASIS (AVENUE D')";"48,1541100000";" -1,6967400000"
"202100026138";"31";"07";"2021";"08:45";"1";"35";"35238";"2";"1";"8";"3";"BERNARD (CLAUDE)";"48,0992945942";" -1,6943326592"
"202100026139";"31";"07";"2021";"20:37";"1";"33";"33063";"1";"2";"1";"3";"Rue Naujac";"44,8468400000";" -0,5919840000"
"202100026140";"31";"07";"2021";"23:40";"3";"33";"33009";"2";"1";"1";"7";"BALDE (ALL. JEAN) DU 02 AU 30";"44,6517300000";" -1,1801300000"
"202100026141";"31";"07";"2021";"08:20";"1";"31";"31555";"2";"1";"2";"6";"LOGE (CHE DE LA) DU 1AU 18";"43,5781500000";"1,4340600000"
"202100026142";"31";"07";"2021";"15:14";"1";"29";"29019";"2";"1";"1";"6";"Pont de Recouvrance";"48,3843500000";" -4,4954600000"
"202100026143";"31";"07";"2021";"06:15";"2";"13";"13206";"2";"2";"1";"3";"PIERRE PUGET (COURS)";"43,2902400000";"5,3759400000"
"202100026144";"30";"07";"2021";"15:45";"1";"13";"13005";"2";"3";"1";"3";"LONGUELANCE (CHEMIN DE )";"43,3149900000";"5,5774500000"
"202100026145";"31";"07";"2021";"09:10";"1";"11";"11069";"2";"1";"8";"7";"SAINT HILAIRE -ROUTE DE-";"43,2015000000";"2,3598000000"
"202100026146";"30";"07";"2021";"12:40";"1";"11";"11069";"2";"1";"1";"4";"ROCADE SUD RD 6161";"43,1986000000";"2,3373000000"
"202100026147";"26";"07";"2021";"06:40";"1";"09";"09225";"2";"3";"2";"3";"9Â° R.C.P. AVENUE DU";"43,1156100000";"1,6239100000"
"202100026148";"31";"07";"2021";"05:44";"5";"06";"06088";"2";"2";"1";"3";"GAUTHIER (R. ANTOINE)";"43,6986730000";"7,2830920000"
"202100026149";"31";"07";"2021";"01:40";"5";"75";"75119";"2";"1";"1";"2";"PORTE DE LA VILLETTE";"48,9004260000";"2,3888780000"
"202100026150";"30";"07";"2021";"11:20";"1";"75";"75116";"2";"4";"1";"6";"PORTE DE SAINT CLOUD";"48,8414340000";"2,2541390000"
"202100026151";"31";"07";"2021";"03:47";"5";"75";"75116";"2";"2";"1";"3";"ROUTE DE SURESNES";"48,8650340000";"2,2344580000"
"202100026152";"31";"07";"2021";"16:45";"1";"75";"75117";"2";"2";"1";"3";"AVENUE NIEL";"48,8829300000";"2,2963800000"
"202100026153";"31";"07";"2021";"19:00";"1";"75";"75115";"2";"7";"1";"2";"PLACE DU MOULIN DE JAVEL";"48,8404200000";"2,2715460000"
"202100026154";"31";"07";"2021";"06:00";"2";"75";"75115";"2";"4";"1";"3";"BOULEVARD PASTEUR";"48,8415530000";"2,3140130000"
"202100026155";"31";"07";"2021";"10:45";"1";"75";"75114";"2";"2";"1";"2";"AVENUE DU GENERAL LECLERC";"48,8295910000";"2,3283750000"
"202100026156";"31";"07";"2021";"04:20";"5";"75";"75113";"2";"3";"1";"6";"BOULEVARD VINCENT AURIOL";"48,8354660000";"2,3692900000"
"202100026157";"31";"07";"2021";"16:35";"1";"75";"75111";"2";"1";"1";"3";"AVENUE DE LA REPUBLIQUE";"48,8644560000";"2,3788320000"
"202100026158";"31";"07";"2021";"14:03";"1";"75";"75108";"2";"7";"1";"6";"PLACE DE LA CONCORDE";"48,8647600000";"2,3205800000"
"202100026159";"29";"07";"2021";"22:35";"5";"75";"75116";"2";"7";"1";"2";"PLACE DE LA PORTE DE PASSY";"48,8576750000";"2,2635560000"
"202100026160";"31";"07";"2021";"03:02";"5";"75";"75103";"2";"4";"1";"6";"RUE DU TEMPLE";"48,8667900000";"2,3619000000"
"202100026161";"31";"07";"2021";"20:14";"2";"75";"75101";"2";"2";"1";"7";"RUE DE RIVOLI";"48,8609160000";"2,3408080000"
"202100026162";"31";"07";"2021";"05:30";"2";"94";"94054";"2";"1";"1";"6";"VICTOIRE (AV DE LA)";"48,7451490000";"2,3884099000"
"202100026163";"31";"07";"2021";"16:10";"1";"93";"93064";"1";"1";"1";"3";"KENNEDY (AVENUE DU PRESIDENT)";"48,8700000000";"2,4860000000"
"202100026164";"31";"07";"2021";"02:00";"5";"93";"93008";"2";"9";"1";"6";"ALLENDE (AVE DU P. SALVADOR)";"48,9000000000";"2,4400000000"
"202100026165";"31";"07";"2021";"18:00";"1";"93";"93005";"2";"2";"1";"3";"Avenue Jean JaurÃ¨s / Avenue des Friches";"48,9216960000";"2,5040710000"
"202100026166";"31";"07";"2021";"17:05";"1";"92";"92020";"2";"1";"1";"6";"PARIS AVENUE DE NÂ° IMPAIRS";"48,8073527845";"2,2942331039"
"202100026167";"31";"07";"2021";"17:28";"1";"92";"92040";"2";"3";"1";"3";"Rue du GÃ©nÃ©ral Leclerc";"48,8245300000";"2,2743400000"
"202100026168";"31";"07";"2021";"10:15";"1";"92";"92035";"2";"1";"1";"6";"National ( boulevard )";"48,9085095186";"2,2372077405"
"202100026169";"31";"07";"2021";"18:16";"1";"92";"92002";"2";"1";"1";"3";"RAYMON ARON (AVENUE)";"48,7675900000";"2,3106400000"
"202100026170";"30";"07";"2021";"18:00";"1";"38";"38336";"2";"1";"1";"5";"1035 N7";"45,4700930000";"4,8284000000"
"202100026171";"1";"08";"2021";"18:30";"1";"57";"57479";"1";"1";"1";"1";"Rue de la Chapelle";"49,4092180000";"6,3909480000"
"202100026172";"31";"07";"2021";"07:22";"1";"17";"17183";"1";"2";"1";"1";"D117";"45,6048360000";" -0,8104480000"
"202100026173";"1";"08";"2021";"04:00";"3";"71";"71550";"1";"1";"1";"3";"A6 Pk 365+400 sens Paris - Lyon";"46,4954530000";"4,8985930000"
"202100026174";"1";"08";"2021";"03:40";"4";"71";"71150";"1";"1";"1";"2";"A6 aire de creches sur saone";"46,2363460000";"4,7953180000"
"202100026175";"31";"07";"2021";"12:20";"1";"28";"28211";"1";"1";"1";"6";"D941";"48,1583150000";"1,2631110000"
"202100026176";"1";"08";"2021";"15:50";"1";"11";"11360";"1";"1";"1";"2";"D607";"43,2638469071";"2,9028046131"
"202100026177";"31";"07";"2021";"17:00";"1";"68";"68300";"1";"9";"1";"3";"Route de ChalampÃ©";"47,7849680000";"7,4301860000"
"202100026178";"1";"08";"2021";"15:12";"1";"62";"62742";"1";"1";"1";"6";"Rue de Montreuil";"50,4612060000";"1,6772930000"
"202100026179";"31";"07";"2021";"21:00";"2";"50";"50487";"1";"1";"1";"5";"A84";"48,5269830000";" -1,3452400000"
"202100026180";"31";"07";"2021";"14:00";"1";"30";"30134";"1";"1";"1";"1";"D901";"44,2859670000";"4,4651220000"
"202100026181";"31";"07";"2021";"14:36";"1";"89";"89195";"1";"1";"1";"1";"DÃ©partementale 1060";"48,1702880000";"3,2759960000"
"202100026182";"1";"08";"2021";"09:55";"1";"95";"95652";"1";"1";"1";"6";"RD 909Z";"49,1129070000";"2,3652900000"
"202100026183";"31";"07";"2021";"16:50";"1";"95";"95612";"2";"1";"1";"3";"Rue de Paris";"49,0088980000";"2,4724100000"
"202100026184";"31";"07";"2021";"14:45";"1";"56";"56102";"1";"4";"8";"6";"La Bottine";"48,0342300000";" -2,5460230000"
"202100026185";"1";"08";"2021";"18:40";"1";"67";"67360";"1";"1";"1";"7";"Rue du Moulin";"48,1948915511";"7,4929118156"
"202100026186";"31";"07";"2021";"16:15";"1";"79";"79321";"1";"1";"1";"6";"N/A";"46,9187020000";" -0,1066450000"
"202100026187";"31";"07";"2021";"18:10";"1";"79";"79090";"2";"3";"1";"3";"intersction de la D1 et de la D106";"46,1149550000";" -0,3424640000"
"202100026188";"26";"07";"2021";"10:20";"1";"79";"79126";"1";"2";"2";"3";"N/A";"46,1780480000";" -0,3664540000"
"202100026189";"1";"08";"2021";"17:50";"1";"82";"82059";"1";"1";"1";"1";"lieu dit SoulÃ©ry";"43,8477670000";"0,9529190000"
"202100026190";"1";"08";"2021";"19:05";"1";"81";"81183";"1";"1";"1";"1";"Route de la Prade";"43,8033100000";"2,3727730000"
"202100026191";"1";"08";"2021";"17:30";"1";"11";"11049";"2";"1";"1";"6";"D4";"43,2687410000";"2,1324850000"
"202100026192";"31";"07";"2021";"22:49";"3";"12";"12232";"1";"1";"1";"7";"RD 93";"43,9347110000";"3,0140630000"
"202100026193";"1";"08";"2021";"13:50";"1";"68";"68201";"2";"1";"1";"6";"17 Route Joffre";"47,7762160000";"7,0000340000"
"202100026194";"31";"07";"2021";"07:20";"2";"29";"29268";"1";"1";"1";"6";"Lieu-dit Veuleury";"48,4624360000";" -4,3006650000"
"202100026195";"31";"07";"2021";"16:00";"1";"38";"38399";"1";"1";"1";"2";"D126";"45,5229620000";"5,1491220000"
"202100026196";"31";"07";"2021";"20:05";"2";"38";"38195";"1";"1";"2";"1";"Route des Deveys";"45,1522000000";"5,3697860000"
"202100026197";"1";"08";"2021";"10:00";"1";"84";"84079";"1";"1";"1";"7";"D1";"44,0826070000";"5,3658830000"
"202100026198";"1";"08";"2021";"05:45";"2";"03";"03122";"1";"1";"1";"7";"les placourauds";"46,5042410000";"3,0272480000"
"202100026199";"1";"08";"2021";"15:00";"1";"01";"01034";"2";"6";"1";"3";"ZA de l Ousson";"45,7582760000";"5,7060510000"
"202100026200";"30";"07";"2021";"10:00";"1";"70";"70428";"1";"1";"1";"5";"RN 19";"47,6567810000";"6,1112680000"
"202100026201";"1";"08";"2021";"16:20";"1";"14";"14254";"1";"1";"1";"6";"D8";"49,1465980000";" -0,4183170000"
"202100026202";"1";"08";"2021";"08:20";"1";"05";"05184";"1";"1";"1";"7";"D20";"44,4108000000";"5,9543860000"
"202100026203";"30";"07";"2021";"10:15";"1";"83";"83032";"1";"1";"1";"1";"Route du Lac";"43,4705672552";"6,1976394037"
"202100026204";"30";"07";"2021";"16:20";"1";"43";"43213";"1";"1";"1";"7";"RD 500";"45,2510540000";"4,2733920000"
"202100026205";"30";"07";"2021";"23:00";"3";"10";"10427";"1";"1";"1";"2";"D4";"48,1025680000";"4,4353290000"
"202100026206";"31";"07";"2021";"21:20";"4";"21";"21196";"2";"2";"1";"3";"Rue du Pont de Paris";"46,9210280000";"4,7532280000"
"202100026207";"31";"07";"2021";"17:05";"1";"24";"24004";"1";"1";"8";"1";"lieu-dit Tuilerie de La Garde - PK 31+800 - CD 6089";"45,1344920000";"1,0361590000"
"202100026208";"31";"07";"2021";"10:30";"1";"85";"85234";"2";"6";"1";"2";"Route de Challans";"46,7957700000";" -2,0483280000"
"202100026209";"1";"08";"2021";"01:40";"3";"85";"85197";"1";"1";"1";"6";"D763";"46,8729380000";" -1,3950870000"
"202100026210";"1";"08";"2021";"05:50";"3";"85";"85084";"2";"1";"1";"7";"Bois Roulin (Les Essarts)";"46,7650400000";" -1,2498600000"
"202100026211";"1";"08";"2021";"04:30";"3";"85";"85202";"2";"1";"1";"6";"Rue de Saint-Martin";"46,7401300000";" -1,1172000000"
"202100026212";"31";"07";"2021";"22:40";"3";"27";"27597";"1";"1";"1";"6";"D102";"49,3838470000";"0,3742540000"
"202100026213";"1";"08";"2021";"00:15";"3";"23";"23255";"1";"1";"1";"7";"D997";"46,2278060000";"2,2384050000"
"202100026214";"31";"07";"2021";"05:20";"2";"30";"30218";"1";"1";"1";"6";"D.51";"44,2418560000";"4,2791100000"
"202100026215";"31";"07";"2021";"00:10";"5";"30";"30037";"2";"1";"1";"6";"D17";"44,2954500000";"4,0754560000"
"202100026216";"31";"07";"2021";"06:45";"1";"72";"72080";"1";"1";"1";"7";"Pk 134+500";"48,1353060000";"0,6410690000"
"202100026217";"31";"07";"2021";"17:15";"1";"72";"72031";"1";"1";"1";"3";"autoroute A11 pk 146";"48,0882570000";"0,5053280000"
"202100026218";"29";"07";"2021";"21:00";"2";"11";"11262";"1";"1";"1";"7";"CD32";"43,1691290000";"3,0371620000"
"202100026219";"1";"08";"2021";"07:50";"1";"17";"17285";"1";"1";"1";"3";"A10";"45,8032260000";" -0,6549530000"
"202100026220";"31";"07";"2021";"20:15";"1";"975";"97502";"2";"2";"1";"6";"Rue MaÃ®tre Georges LefÃ¨vre";"46,7826840000";" -56,1740450000"
"202100026221";"30";"07";"2021";"21:20";"3";"971";"97118";"1";"1";"1";"1";"Route de Viard";"16,1688660000";" -61,5876170000"
"202100026222";"1";"08";"2021";"00:15";"3";"978";"97801";"1";"1";"1";"5";"N7- route de bellevue";"18,0523570000";" -63,0858560000"