"Num_Acc";"jour";"mois";"an";"hrmn";"lum";"dep";"com";"agg";"int";"atm";"col";"adr";"lat";"long"
"202100026223";"31";"07";"2021";"20:10";"1";"21";"21171";"2";"1";"1";"7";"Boulevard Jan Pallach";"47,2940570000";"5,1273480000"
"202100026224";"1";"08";"2021";"04:45";"2";"45";"45063";"2";"1";"1";"6";"48 Route d Argent";"47,6334850000";"2,3653010000"
"202100026225";"31";"07";"2021";"22:00";"3";"45";"45290";"1";"1";"1";"2";"66 Route de Chateauneuf";"47,8615240000";"2,2496780000"
"202100026226";"31";"07";"2021";"21:30";"5";"30";"30258";"2";"1";"2";"1";"Boulevard Chanzy";"43,6730360000";"4,4346360000"
"202100026227";"1";"08";"2021";"17:45";"1";"04";"04100";"1";"1";"1";"7";"RD 900";"44,4359710000";"6,8721410000"
"202100026228";"30";"07";"2021";"19:20";"1";"13";"13022";"2";"9";"1";"1";"2 Chemin du Plan d Olive";"43,2315720000";"5,5454350000"
"202100026229";"1";"08";"2021";"15:14";"1";"71";"71123";"1";"1";"1";"3";"Le Moulin Bailly";"46,2300920000";"3,9503090000"
"202100026230";"31";"07";"2021";"18:18";"1";"57";"57596";"2";"1";"8";"2";"D603";"49,1632450000";"6,8578340000"
"202100026231";"1";"08";"2021";"00:45";"3";"03";"03119";"1";"1";"1";"6";"D30";"46,7079400000";"3,5877320000"
"202100026232";"21";"07";"2021";"12:00";"1";"73";"73026";"1";"1";"1";"3";"D1006";"45,2089470000";"6,7302370000"
"202100026233";"31";"07";"2021";"11:20";"1";"73";"73262";"1";"1";"1";"7";"D1212 Route du Val d Arly";"45,7950878460";"6,4838374924"
"202100026234";"30";"07";"2021";"17:35";"1";"73";"73021";"1";"1";"1";"7";"D207 A";"45,4495040000";"6,1248350000"
"202100026235";"28";"07";"2021";"16:45";"1";"26";"26250";"1";"6";"1";"3";"Route des 7 Chemins";"45,0389311000";"4,8870820000"
"202100026236";"1";"08";"2021";"00:20";"3";"09";"09282";"2";"4";"1";"1";"D14";"43,2335570000";"1,5699930000"
"202100026237";"31";"07";"2021";"01:35";"3";"09";"09042";"1";"1";"1";"1";"rd 117 pk 59+450";"43,0097150000";"1,4138890000"
"202100026238";"1";"08";"2021";"04:43";"3";"60";"60328";"1";"1";"1";"6";"D149";"49,5078661880";"2,0878443717"
"202100026239";"1";"08";"2021";"17:15";"1";"59";"59409";"1";"1";"1";"1";"D132";"50,2967420000";"3,2102610000"
"202100026240";"31";"07";"2021";"12:00";"1";"59";"59401";"1";"1";"1";"1";"363 Rue Nationale";"50,7394390000";"2,7031920000"
"202100026241";"30";"07";"2021";"17:10";"1";"13";"13055";"1";"1";"1";"4";"A507 sens Aubagne- Marseille";"43,3363100000";"5,3802000000"
"202100026242";"31";"07";"2021";"07:45";"1";"13";"13071";"1";"1";"1";"2";"A7-Sens Lyon vers Marseille";"43,4050000000";"5,3388600000"
"202100026243";"31";"07";"2021";"03:57";"3";"13";"13215";"1";"1";"1";"1";"A55-Sens Marseille vers Martigues";"43,3301900000";"5,3551300000"
"202100026244";"31";"07";"2021";"01:30";"3";"13";"13216";"1";"1";"1";"2";"A55-Sens Martigues vers Marseille";"43,3632800000";"5,3409900000"
"202100026245";"27";"07";"2021";"19:30";"1";"13";"13106";"1";"1";"1";"5";"A7-Sens Lyon vers Marseille";"43,3958800000";"5,3504000000"
"202100026246";"28";"07";"2021";"22:46";"3";"67";"67482";"1";"1";"1";"7";"M35";"48,5814700000";"7,7242800000"
"202100026247";"31";"07";"2021";"15:00";"1";"91";"91689";"1";"1";"1";"4";"AUTOROUTE A6B";"48,7433890000";"2,3215690000"
"202100026248";"31";"07";"2021";"13:45";"1";"95";"95252";"1";"1";"1";"6";"A15";"48,9839300000";"2,2176200000"
"202100026249";"30";"07";"2021";"22:40";"4";"93";"93001";"1";"1";"1";"6";"AUTOROUTE A86";"48,9215100000";"2,3764500000"
"202100026250";"30";"07";"2021";"19:40";"1";"92";"92036";"1";"1";"1";"3";"AUTOROUTE A86";"48,9381005247";"2,2979271279"
"202100026251";"30";"07";"2021";"23:27";"5";"94";"94028";"1";"9";"1";"6";"A86 INT";"48,7795200000";"2,4410900000"
"202100026252";"29";"07";"2021";"11:38";"1";"91";"91477";"2";"1";"1";"6";"LEON BOURGEOIS (RUE)";"48,7034600000";"2,2373600000"
"202100026253";"30";"07";"2021";"11:50";"1";"91";"91589";"2";"1";"1";"6";"BD ARISTIDE BRIAND";"48,6870890000";"2,3538720000"
"202100026254";"29";"07";"2021";"11:05";"1";"43";"43089";"2";"1";"1";"6";"Chemin du Val du Riou";"45,0460500000";"3,8608700000"
"202100026255";"30";"07";"2021";"08:45";"1";"974";"97411";"1";"1";"2";"6";"RN2/111";" -20,8722430000";"55,4501030000"
"202100026256";"29";"07";"2021";"14:40";"1";"974";"97411";"2";"2";"1";"1";"LATTRE DE TASSIGNY (AVENUE MARECHAL DE)";" -20,8890900000";"55,4757100000"
"202100026257";"25";"07";"2021";"13:00";"1";"974";"97407";"2";"1";"1";"3";"NEHRU (ALLEE)";" -20,9384600000";"55,3021500000"
"202100026258";"30";"07";"2021";"14:45";"1";"69";"69386";"2";"1";"2";"6";"JULIETTE RECAMIER (R)";"45,7665679792";"4,8565841317"
"202100026259";"29";"07";"2021";"03:58";"5";"69";"69383";"2";"1";"1";"2";"LACASSAGNE (AV)";"45,7476300000";"4,8817900000"
"202100026260";"29";"07";"2021";"08:20";"1";"972";"97213";"1";"9";"1";"6";"PELLETIER (ROUTE DE)";"14,6568500000";" -60,9797900000"
"202100026261";"30";"07";"2021";"23:30";"5";"69";"69386";"2";"4";"1";"2";"CHARLES DE GAULLE (Q)";"45,7767730770";"4,8438561559"
"202100026262";"30";"07";"2021";"17:10";"1";"69";"69389";"2";"2";"2";"3";"BOURGOGNE (DE) (R)";"45,7785910150";"4,8025092780"
"202100026263";"30";"07";"2021";"05:40";"5";"69";"69142";"2";"1";"1";"1";"STEPHANE DECHANT (R)";"45,7246800000";"4,8133400000"
"202100026264";"24";"07";"2021";"20:15";"5";"971";"97101";"2";"4";"1";"2";"VIEUX BOURG";"16,2495100000";" -61,5284700000"
"202100026265";"30";"07";"2021";"15:30";"1";"95";"95424";"2";"6";"1";"3";"RD 14";"48,9927377478";"2,1984251924"
"202100026266";"29";"07";"2021";"20:50";"1";"91";"91027";"2";"3";"1";"3";"AV FRANCOIS MITTERRAND";"48,7050100000";"2,3714600000"
"202100026267";"30";"07";"2021";"05:57";"3";"91";"91223";"2";"1";"1";"7";"RUE DE LA MARE DES BELLES FILLES ";"48,4017400000";"2,1264200000"
"202100026268";"31";"07";"2021";"00:05";"5";"83";"83126";"2";"1";"1";"6";"GAMBETTA (AV)";"43,1048000000";"5,8786600000"
"202100026269";"30";"07";"2021";"06:45";"1";"78";"78401";"2";"9";"1";"1";"PONT SAINT COME (RUE DU)";"49,0017300000";"1,9078900000"
"202100026270";"29";"07";"2021";"18:25";"1";"77";"77350";"2";"1";"1";"3";"RUE LAVOISIER";"48,7679300000";"2,6824900000"
"202100026271";"28";"07";"2021";"03:30";"5";"77";"77067";"1";"3";"1";"3";"RD 306";"48,5832000000";"2,6080000000"
"202100026272";"29";"07";"2021";"15:15";"1";"77";"77320";"2";"3";"1";"3";"D44 x D934";"48,8254250000";"3,0375100000"
"202100026273";"30";"07";"2021";"18:51";"1";"72";"72181";"2";"4";"1";"6";"RUAUDIN (RUE) NÂ° IMP 1 A 67";"47,9696300000";"0,2342180000"
"202100026274";"30";"07";"2021";"17:15";"1";"72";"72181";"2";"1";"1";"2";"JAURES JEAN (AV) NÂ° IMP 35 A 179";"47,9940741621";"0,2035939691"
"202100026275";"26";"07";"2021";"07:15";"1";"72";"72181";"2";"6";"1";"3";"POITEVIN ALPHONSE (RUE)";"48,0152650000";"0,2016670000"
"202100026276";"30";"07";"2021";"16:05";"1";"71";"71040";"2";"1";"1";"3";"4 bis Rue Felix Clerc";"46,6973100000";"4,3889100000"
"202100026277";"28";"07";"2021";"11:20";"1";"71";"71270";"2";"3";"1";"3";"129 Quai Lamartine";"46,3042500000";"4,8345700000"
"202100026278";"25";"07";"2021";"11:45";"1";"67";"67180";"2";"6";"1";"7";"LANDAU (ROND-POINT DE)";"48,8221900000";"7,7919700000"
"202100026279";"29";"07";"2021";"15:55";"1";"66";"66136";"2";"1";"1";"6";"ESPAGNE (ROUTE D')";"42,6790200000";"2,8919900000"
"202100026280";"30";"07";"2021";"13:50";"1";"65";"65047";"2";"1";"1";"4";"JAURES (AVE JEAN)";"43,2435320000";"0,0958150000"
"202100026281";"29";"07";"2021";"11:40";"1";"64";"64545";"1";"1";"1";"5";"rd 913";"43,3779500000";" -1,6875800000"
"202100026282";"26";"07";"2021";"16:00";"1";"64";"64125";"2";"1";"1";"7";"ESPAGNE (AVENUE D')";"43,4270700000";" -1,6038300000"
"202100026283";"25";"07";"2021";"18:50";"1";"64";"64122";"2";"1";"1";"3";"REINE NATHALIE (AVENUE DE LA)";"43,4837200000";" -1,5465000000"
"202100026284";"25";"07";"2021";"02:15";"5";"64";"64122";"2";"1";"2";"7";"""FOCH (AV, DU MARECHAL)""";"43,4778600000";" -1,5572900000"
"202100026285";"30";"07";"2021";"19:30";"1";"64";"64102";"2";"2";"1";"3";"PAULMY (AVENUE DES ALLEES)";"43,4950900000";" -1,4784900000"
"202100026286";"29";"07";"2021";"19:15";"1";"62";"62540";"1";"1";"1";"7";"CD941";"50,4587019000";"2,5758480000"
"202100026287";"29";"07";"2021";"19:05";"1";"62";"62193";"2";"9";"1";"3";"SAINT EXUPERY (AVENUE. 220 A ...)";"50,9468400000";"1,9136700000"
"202100026288";"30";"07";"2021";"14:15";"1";"60";"60159";"2";"3";"1";"3";"Boulevard des Ãtats-Unis";"49,4076600000";"2,8250300000"
"202100026289";"7";"07";"2021";"20:05";"1";"59";"59350";"2";"2";"1";"3";"JEMMAPES RUE";"50,6446000000";"3,0576100000"
"202100026290";"28";"07";"2021";"07:10";"1";"59";"59009";"2";"1";"1";"6";"JAURES JEAN RUE DU 130 AU 252";"50,6651600000";"3,1406300000"
"202100026291";"29";"07";"2021";"15:15";"1";"56";"56083";"2";"6";"1";"7";"KERPOTENCE (RUE  DE )";"47,8155500000";" -3,2438400000"
"202100026292";"30";"07";"2021";"13:20";"1";"54";"54304";"2";"2";"1";"3";"BOIS GRONEE (AVENUE DU)";"48,6793281055";"6,1425898969"
"202100026293";"30";"07";"2021";"17:30";"1";"51";"51454";"2";"1";"1";"7";"Rue du Docteur Albert Schweitzer";"49,2797400000";"4,0215400000"
"202100026294";"29";"07";"2021";"11:55";"1";"51";"51454";"2";"1";"1";"2";"Rue de Courcelles";"49,2664600000";"4,0037700000"
"202100026295";"29";"07";"2021";"17:35";"1";"51";"51230";"2";"1";"1";"7";"Rue Pierre Semard";"49,0456600000";"3,9614500000"
"202100026296";"29";"07";"2021";"11:03";"1";"49";"49007";"2";"1";"1";"1";"GRAND MONTREJEAU";"47,4682800000";" -0,5220100000"
"202100026297";"29";"07";"2021";"19:23";"1";"49";"49007";"2";"1";"1";"7";"SAINT LAZARE";"47,4807100000";" -0,5668200000"
"202100026298";"28";"07";"2021";"16:28";"1";"49";"49007";"2";"2";"1";"6";"STRASBOURG BOULEVARD";"47,4560000000";" -0,5513000000"
"202100026299";"23";"07";"2021";"14:25";"1";"45";"45208";"2";"1";"1";"6";"3 Avenue de la Gare";"48,0067070000";"2,7419080000"
"202100026300";"31";"07";"2021";"00:03";"5";"44";"44109";"2";"1";"1";"6";"BOULEVARD BENONI GOULLIN";"47,2014900000";" -1,5519100000"
"202100026301";"30";"07";"2021";"13:00";"1";"44";"44162";"2";"1";"1";"3";"AVENUE DE L'ANGEVINIERE";"47,2455200000";" -1,6093200000"
"202100026302";"30";"07";"2021";"14:40";"1";"44";"44132";"2";"2";"1";"1";"PLAGE (AVENUE DE LA)";"47,2613000000";" -2,3409000000"
"202100026303";"27";"07";"2021";"16:25";"1";"42";"42103";"2";"1";"1";"4";"Rue Jean JaurÃ©s";"45,5059800000";"4,5705900000"
"202100026304";"28";"07";"2021";"23:25";"5";"41";"41047";"2";"1";"1";"7";"N152";"47,6087900000";"1,3559600000"
"202100026305";"30";"07";"2021";"15:00";"1";"37";"37261";"2";"1";"1";"2";"GANCE (BOULEVARD ABEL)";"47,4089075539";"0,7207900286"
"202100026306";"30";"07";"2021";"14:10";"1";"37";"37214";"2";"6";"1";"3";"VOISIN (BOULEVARD ANDRE-GEORGES)";"47,4305900000";"0,6726600000"
"202100026307";"29";"07";"2021";"23:30";"5";"37";"37261";"2";"2";"1";"6";"MALRAUX (QUAI ANDRE)";"47,3975400000";"0,6994400000"
"202100026308";"30";"07";"2021";"22:50";"5";"35";"35238";"2";"1";"1";"3";"Rue SAINT-MARTIN";"48,1198500000";" -1,6803500000"
"202100026309";"30";"07";"2021";"06:20";"2";"34";"34172";"1";"1";"1";"1";"Ernest HÃ©mingway (avenue)";"43,6363900000";"3,8316200000"
"202100026310";"30";"07";"2021";"09:30";"1";"33";"33162";"2";"1";"1";"3";"Avenue du MÃ©doc";"44,8929700000";" -0,6669000000"
"202100026311";"29";"07";"2021";"16:33";"1";"33";"33281";"2";"2";"1";"3";"Rue du Jard";"44,8415600000";" -0,6394600000"
"202100026312";"30";"07";"2021";"14:45";"1";"31";"31557";"2";"9";"8";"2";"RAMELET MOUNDI (CH DE)";"43,5816000000";"1,3677600000"
"202100026313";"29";"07";"2021";"23:30";"5";"31";"31555";"2";"2";"1";"3";"RUE DARDENNE";"43,6039100000";"1,4588900000"
"202100026314";"29";"07";"2021";"10:25";"1";"30";"30007";"2";"9";"1";"3";"JUIN (AVE DU MARECHAL)";"44,1172300000";"4,1081800000"
"202100026315";"30";"07";"2021";"23:35";"5";"29";"29039";"2";"1";"1";"1";"Avenue de la Gare";"47,8758500000";" -3,9190900000"
"202100026316";"30";"07";"2021";"11:00";"1";"29";"29039";"2";"3";"1";"6";"Quai Carnot";"47,8759400000";" -3,9142900000"
"202100026317";"30";"07";"2021";"15:50";"1";"29";"29019";"2";"9";"1";"1";"Rue de Pontaniou";"48,3890400000";" -4,4996560000"
"202100026318";"30";"07";"2021";"17:25";"1";"18";"18279";"2";"1";"7";"1";"RESISTANCE (PLACE DE LA )";"47,2236100000";"2,0722000000"
"202100026319";"29";"07";"2021";"10:50";"1";"18";"18050";"2";"1";"1";"3";"BOURGES (ROUTE DE)";"47,0655000000";"2,3248400000"
"202100026320";"30";"07";"2021";"09:30";"1";"17";"17306";"2";"2";"1";"6";"REPUBLIQUE (DE LA) (BD)";"45,6249870000";" -1,0266330000"
"202100026321";"29";"07";"2021";"16:35";"1";"17";"17461";"1";"1";"1";"7";"EXPRESS (VOIE)";"45,6553000000";" -1,0540000000"
"202100026322";"14";"07";"2021";"13:20";"1";"13";"13026";"2";"9";"1";"3";"RN 568 CLM";"43,3901800000";"5,1622500000"
"202100026323";"30";"07";"2021";"16:30";"1";"13";"13208";"2";"2";"1";"3";"PRADO (AVENUE DU)";"43,2821000000";"5,3863000000"
"202100026324";"29";"07";"2021";"14:25";"1";"13";"13209";"1";"9";"1";"3";"COL DE LA GINESTE D559";"43,2406450141";"5,4521830158"
"202100026325";"29";"07";"2021";"14:00";"1";"13";"13206";"2";"2";"1";"1";"DOCTEUR JEAN FIOLLE (RUE DU)";"43,2849800000";"5,3828300000"
"202100026326";"30";"07";"2021";"12:00";"1";"06";"06159";"2";"9";"1";"3";"PRINCESSE GRACE DE MONACO (AVENUE)";"43,6955370000";"7,3050570000"
"202100026327";"30";"07";"2021";"11:30";"1";"06";"06088";"2";"1";"1";"6";"WALESA (BD LECH)";"43,6995630000";"7,2873800000"
"202100026328";"29";"07";"2021";"22:20";"5";"05";"05061";"2";"1";"1";"7";"JEAN JAURES ( AVENUE )";"44,5504000000";"6,0692400000"
"202100026329";"30";"07";"2021";"18:30";"1";"75";"75115";"2";"3";"1";"7";"RUE ERNEST RENAN";"48,8423100000";"2,3105740000"
"202100026330";"29";"07";"2021";"17:45";"1";"75";"75115";"2";"1";"1";"3";"RUE DE VAUGIRARD";"48,8405390000";"2,3047150000"
"202100026331";"29";"07";"2021";"14:00";"1";"75";"75115";"2";"1";"1";"3";"RUE DE LA CONVENTION";"48,8413360000";"2,2873940000"
"202100026332";"30";"07";"2021";"20:35";"2";"75";"75112";"2";"2";"1";"6";"AVENUE DAUMESNIL";"48,8358940000";"2,4056780000"
"202100026333";"29";"07";"2021";"12:00";"1";"75";"75112";"2";"1";"1";"3";"BOULEVARD DE BERCY";"48,8394240000";"2,3853070000"
"202100026334";"30";"07";"2021";"09:35";"1";"75";"75110";"2";"4";"1";"3";"RUE RENE BOULANGER";"48,8692700000";"2,3567980000"
"202100026335";"30";"07";"2021";"01:25";"5";"75";"75101";"2";"1";"1";"6";"RUE SAUVAL";"48,8618640000";"2,3424940000"
"202100026336";"30";"07";"2021";"17:40";"1";"94";"94081";"2";"3";"1";"3";"Route de Fontainebleau";"48,7740200000";"2,3678700000"
"202100026337";"30";"07";"2021";"18:30";"1";"94";"94078";"2";"3";"1";"6";"CARNOT (AV)";"48,7329880103";"2,4483619867"
"202100026338";"29";"07";"2021";"17:30";"1";"94";"94068";"2";"2";"1";"3";"Avenue Emile Zola";"48,8025000000";"2,4846000000"
"202100026339";"30";"07";"2021";"15:52";"1";"94";"94041";"2";"1";"1";"3";"PAUL VAILLANT COUTURIER (BD)";"48,8182867539";"2,3979429830"
"202100026340";"30";"07";"2021";"10:40";"1";"94";"94022";"2";"1";"1";"2";"Avenue de Lugo";"48,7733100000";"2,4093400000"
"202100026341";"30";"07";"2021";"00:23";"5";"94";"94018";"2";"1";"1";"3";"PARIS (R DE)";"48,8282100000";"2,4032800000"
"202100026342";"30";"07";"2021";"18:05";"1";"93";"93062";"2";"6";"1";"1";"GENERAL DE GAULLE (PLACE DU)";"48,8901600000";"2,5119200000"
"202100026343";"30";"07";"2021";"15:00";"1";"93";"93077";"2";"1";"1";"6";"Parking Place Emile Ducate";"48,8840800000";"2,5106500000"
"202100026344";"30";"07";"2021";"15:00";"1";"93";"93062";"2";"1";"1";"3";"THIERS (AVENUE)";"48,8983340000";"2,5201210000"
"202100026345";"30";"07";"2021";"17:00";"1";"93";"93053";"2";"9";"1";"3";"PARIS (RUE DE)";"48,9017700000";"2,4603700000"
"202100026346";"30";"07";"2021";"11:00";"1";"93";"93053";"2";"1";"1";"6";"Rue de BrÃ©ment";"48,8878300000";"2,4629410000"
"202100026347";"29";"07";"2021";"11:09";"1";"93";"93053";"2";"1";"1";"2";"Rue Vaillant Couturier";"48,8910450000";"2,4492710000"
"202100026348";"30";"07";"2021";"07:40";"1";"93";"93049";"2";"2";"1";"3";"Boulevard GalliÃ©ni / Rue Edgar Quinet";"48,8527800000";"2,5131300000"
"202100026349";"29";"07";"2021";"22:45";"5";"93";"93048";"2";"1";"1";"6";"MONTAGNE PIERREUSE (RUE DE LA)";"48,8742800000";"2,4647000000"
"202100026350";"30";"07";"2021";"14:02";"1";"93";"93046";"2";"1";"1";"2";"LIBERATION PLACE DE LA";"48,9233800000";"2,5454800000"
"202100026351";"30";"07";"2021";"07:50";"1";"93";"93027";"2";"2";"1";"3";"Rue de la Convention / Rue Raspail";"48,9259310000";"2,3967350000"
"202100026352";"30";"07";"2021";"21:00";"2";"93";"93008";"2";"1";"1";"3";"VAILLANT COUTURIER (AVENUE PAUL)";"48,9105740000";"2,4419780000"
"202100026353";"30";"07";"2021";"10:20";"1";"92";"92064";"2";"3";"1";"6";"MARCEL DASSAULT";"48,8566281075";"2,2232937813"
"202100026354";"30";"07";"2021";"11:40";"1";"92";"92035";"2";"1";"1";"6";"RÃ©publique ( boulevard de la )";"48,9059972979";"2,2512920201"
"202100026355";"6";"08";"2021";"22:20";"5";"92";"92012";"2";"1";"1";"3";"CHATEAU (RUE DU) 127/FIN - 133/FIN";"48,8419480000";"2,2384900000"
"202100026356";"28";"06";"2021";"12:30";"1";"35";"35002";"1";"2";"3";"3";"La Croix de la Lande";"47,9962860000";" -1,5153280000"
"202100026357";"31";"07";"2021";"01:00";"3";"34";"34314";"1";"1";"1";"7";"D17";"43,7378480000";"3,8671230000"
"202100026358";"30";"07";"2021";"19:15";"1";"50";"50281";"1";"1";"1";"1";"Village Juhel";"48,7894600000";" -1,4238940000"
"202100026359";"29";"07";"2021";"16:30";"1";"65";"65193";"1";"1";"8";"7";"Route de MaulÃ©oon";"42,9868459475";"0,5739980937"
"202100026360";"27";"07";"2021";"23:00";"5";"40";"40065";"2";"3";"1";"3";"50 Avenue Mal de lattre de tassigny";"43,6477480000";" -1,4405980000"
"202100026361";"30";"07";"2021";"19:30";"1";"06";"06161";"2";"1";"1";"2";"114 Avenue du Loubet";"43,6513870000";"7,1275910000"
"202100026362";"31";"07";"2021";"08:35";"1";"81";"81218";"1";"1";"1";"1";"RD 612";"43,8838670000";"2,1683410000"
"202100026363";"30";"07";"2021";"18:10";"1";"35";"35231";"1";"1";"1";"7";"N137";"47,9037280000";" -1,6858640000"
"202100026364";"31";"07";"2021";"16:10";"1";"62";"62397";"2";"3";"1";"1";"Rue de Leulingues";"50,8630460000";"1,8798040000"
"202100026365";"31";"07";"2021";"15:25";"1";"21";"21238";"1";"1";"1";"1";"D977bis";"47,2875990000";"4,6942520000"
"202100026366";"30";"07";"2021";"11:00";"1";"56";"56166";"2";"1";"1";"6";"21 Rue des AlliÃ©s";"47,9163280000";" -3,3328750000"
"202100026367";"30";"07";"2021";"21:15";"2";"2B";"2B152";"1";"1";"1";"2";"D180";"42,8898630000";"9,4624260000"
"202100026368";"31";"07";"2021";"00:45";"3";"80";"80190";"2";"4";"1";"6";"574 Rue du Bois";"50,0679140000";"1,6518120000"
"202100026369";"30";"07";"2021";"03:00";"3";"32";"32271";"1";"1";"1";"6";"Route du Stade";"43,8612830000";" -0,1979680000"
"202100026370";"31";"07";"2021";"12:10";"1";"71";"71530";"2";"3";"1";"3";"Rue du Lavoir";"46,9829831828";"4,4292593850"
"202100026371";"31";"07";"2021";"00:40";"3";"42";"42312";"2";"3";"1";"7";"Chemin de Guillaumont";"45,4307710000";"4,0728320000"
"202100026372";"30";"07";"2021";"15:30";"1";"86";"86207";"2";"1";"1";"6";"Cours Pasteur";"46,7862620000";"0,8127890000"
"202100026373";"30";"07";"2021";"16:45";"1";"86";"86002";"1";"1";"1";"1";"D 24";"46,7477680000";"0,1379800000"
"202100026374";"30";"07";"2021";"21:30";"3";"39";"39299";"1";"1";"1";"2";"N/A";"46,9463400000";"5,3556850000"
"202100026375";"30";"07";"2021";"17:15";"1";"44";"44069";"2";"1";"1";"2";"D99 route de la Turballe";"47,3342860000";" -2,4605080000"
"202100026376";"29";"07";"2021";"16:00";"1";"03";"03063";"1";"3";"1";"5";"D779";"46,4755630000";"3,9663490000"
"202100026377";"30";"07";"2021";"14:00";"1";"03";"03218";"1";"2";"1";"3";"Les Vieilles Ventes";"46,5177090000";"3,0184670000"
"202100026378";"31";"07";"2021";"00:30";"5";"26";"26124";"2";"1";"3";"7";"4950 Route Nationale 7";"44,8343260000";"4,8646260000"
"202100026379";"30";"07";"2021";"13:45";"1";"26";"26144";"1";"1";"1";"6";"3895 Route de Roche";"44,6984610000";"4,9320230000"
"202100026380";"30";"07";"2021";"15:35";"1";"66";"66192";"1";"1";"1";"1";"RN 116";"42,5074290000";"2,1308110000"
"202100026381";"31";"07";"2021";"00:00";"3";"10";"10055";"1";"1";"1";"7";"RD 671";"48,1310002180";"4,3379688263"
"202100026382";"30";"07";"2021";"16:40";"1";"85";"85128";"2";"6";"8";"3";"Avenue Michel Rambaud";"46,4601850000";" -1,1692660000"
"202100026383";"29";"07";"2021";"17:00";"1";"28";"28405";"1";"1";"1";"2";"D152";"48,7604040000";"1,3096310000"
"202100026384";"30";"07";"2021";"22:51";"3";"37";"37192";"1";"1";"1";"1";"Rochette";"47,2103957822";"0,9008231610"
"202100026385";"29";"07";"2021";"17:00";"1";"63";"63272";"1";"4";"1";"5";"bretelle de sortie NÂ°3 - A75 pk 4+500";"45,7367250000";"3,1518530000"
"202100026386";"31";"07";"2021";"08:15";"1";"974";"97422";"2";"2";"1";"3";"Rue Jean de Fos du Rau";" -21,2224210000";"55,5558150000"
"202100026387";"31";"07";"2021";"00:20";"3";"29";"29234";"1";"1";"1";"6";"D22 - Lieu Rosgrand";"47,8775700000";" -3,5126420000"
"202100026388";"31";"07";"2021";"14:00";"1";"95";"95535";"1";"1";"1";"6";"RD 28";"49,0552870000";"1,9611560000"
"202100026389";"27";"07";"2021";"10:45";"1";"2B";"2B313";"1";"1";"1";"3";"RD34";"42,3733360000";"9,5019290000"
"202100026390";"30";"07";"2021";"17:00";"1";"66";"66164";"1";"1";"1";"4";"D900";"42,7731330000";"2,9015600000"
"202100026391";"30";"07";"2021";"21:15";"1";"83";"83101";"1";"1";"1";"1";"4363 Route des Plages";"43,2316770000";"6,6521120000"
"202100026392";"31";"07";"2021";"03:13";"3";"13";"13100";"1";"1";"1";"6";"D99";"43,7850140000";"4,8701510000"
"202100026393";"30";"07";"2021";"16:00";"1";"68";"68171";"1";"1";"1";"7";"D27";"47,9429270000";"6,9788790000"
"202100026394";"31";"07";"2021";"12:20";"1";"67";"67351";"2";"1";"1";"3";"Route de Trimbach";"48,9730710000";"7,9956440000"
"202100026395";"30";"07";"2021";"12:20";"1";"67";"67416";"1";"1";"1";"3";"D3";"49,0301380000";"7,9166040000"
"202100026396";"30";"07";"2021";"21:15";"1";"88";"88222";"1";"1";"1";"3";"N/A";"48,2541700000";"6,6146710000"
"202100026397";"31";"07";"2021";"12:00";"1";"63";"63038";"1";"1";"2";"7";"Super Besse";"45,5027080000";"2,8775380000"
"202100026398";"30";"07";"2021";"15:20";"1";"01";"01202";"1";"1";"1";"1";"D20 PK 12+920";"45,8567520000";"5,3028990000"
"202100026399";"30";"07";"2021";"22:10";"3";"01";"01301";"1";"2";"8";"2";"N/A";"46,2519020000";"5,1004940000"
"202100026400";"30";"07";"2021";"21:37";"2";"33";"33322";"2";"1";"1";"3";"1160 Route de Soulac";"44,9544280000";" -0,7034420000"
"202100026401";"30";"07";"2021";"14:30";"1";"29";"29060";"1";"1";"1";"1";"Route de Quimper";"47,9242971917";" -4,0839003795"
"202100026402";"31";"07";"2021";"00:00";"5";"60";"60141";"2";"1";"1";"6";"Avenue du MarÃ©chal Joffre";"49,1870750000";"2,4612270000"
"202100026403";"30";"07";"2021";"15:12";"1";"13";"13210";"1";"1";"1";"2";"A50-Sens Marseille vers Aubagne";"43,2849600000";"5,4241800000"
"202100026404";"30";"07";"2021";"03:46";"3";"13";"13005";"1";"1";"1";"6";"A50-Sens Marseille vers Aubagne";"43,2800400000";"5,5832000000"
"202100026405";"29";"07";"2021";"17:20";"1";"13";"13033";"1";"1";"1";"2";"A55-Sens Martigues vers Marseille";"43,3781300000";"5,2035800000"
"202100026406";"29";"07";"2021";"15:25";"1";"42";"42207";"1";"1";"1";"7";"N88";"45,4647600000";"4,4956100000"
"202100026407";"25";"07";"2021";"14:14";"1";"42";"42183";"1";"1";"1";"6";"RN88";"45,4044807226";"4,3763128329"
"202100026408";"30";"07";"2021";"20:55";"1";"77";"77296";"1";"1";"1";"6";"AUTOROUTE A5A";"48,6064054864";"2,5843693888"
"202100026409";"30";"07";"2021";"07:40";"1";"94";"94065";"1";"1";"1";"3";"AUTOROUTE A86";"48,7554400000";"2,3432000000"
"202100026410";"30";"07";"2021";"05:20";"3";"94";"94076";"1";"1";"1";"6";"AUTOROUTE A6B";"48,7957800000";"2,3450900000"