"Num_Acc";"jour";"mois";"an";"hrmn";"lum";"dep";"com";"agg";"int";"atm";"col";"adr";"lat";"long"
"202100026411";"30";"07";"2021";"19:15";"1";"77";"77294";"1";"1";"1";"3";"A104";"48,9751067554";"2,5823085186"
"202100026412";"30";"07";"2021";"16:45";"1";"94";"94028";"1";"1";"1";"6";"A86 EXT";"48,7762100000";"2,4364100000"
"202100026413";"29";"07";"2021";"15:30";"1";"976";"97611";"2";"1";"1";"6";"m'tsapere-Belle vue ( rue )";" -12,7867300000";"45,2186600000"
"202100026414";"29";"07";"2021";"15:00";"1";"76";"76681";"2";"2";"1";"1";"BLUM. RUE LEON";"49,4215300000";"1,0891800000"
"202100026415";"27";"07";"2021";"22:40";"5";"89";"89387";"2";"3";"1";"6";"Rue Mal de Lattre de Tassigny";"48,1967300000";"3,3052500000"
"202100026416";"9";"05";"2021";"18:25";"1";"76";"76351";"1";"1";"3";"6";"PAULINE KERGOMARD";"49,5246000000";"0,1121400000"
"202100026417";"29";"07";"2021";"22:15";"5";"974";"97416";"2";"9";"1";"6";"GENERAL DE GAULLE(AVENUE)";" -21,3573012213";"55,5197171133"
"202100026418";"29";"07";"2021";"11:00";"1";"974";"97411";"2";"1";"1";"2";"LITTORAL (ROUTE 1 DU)";" -20,8811400000";"55,3975500000"
"202100026419";"29";"07";"2021";"06:10";"3";"974";"97411";"1";"1";"2";"7";"LITTORAL (ROUTE 2 DU)";" -20,8811400000";"55,3975500000"
"202100026420";"29";"07";"2021";"19:30";"1";"69";"69199";"2";"3";"1";"3";"JEAN JAURES (AV)";"45,7131100000";"4,8550200000"
"202100026421";"29";"07";"2021";"17:18";"1";"69";"69383";"2";"2";"1";"3";"GAMBETTA (CR)";"45,7537049257";"4,8477199673"
"202100026422";"29";"07";"2021";"15:43";"1";"69";"69387";"2";"1";"1";"3";"JEAN JAURES (AV)";"45,7383309979";"4,8377686198"
"202100026423";"28";"07";"2021";"22:27";"5";"69";"69383";"2";"1";"1";"7";"MARIGNAN (R)";"45,7560922001";"4,8436398363"
"202100026424";"29";"07";"2021";"15:00";"1";"972";"97213";"1";"1";"1";"4";"Z I LES MANGLES";"14,6135300000";" -61,0122700000"
"202100026425";"28";"07";"2021";"21:35";"5";"972";"97209";"1";"1";"9";"2";"REDOUTE (ROUTE DE LA)";"14,6253613541";" -61,0607528687"
"202100026426";"28";"07";"2021";"20:50";"5";"972";"97209";"2";"1";"1";"6";"BISHOP (Avenue Maurice)";"14,6082753571";" -61,0564478771"
"202100026427";"29";"07";"2021";"23:40";"5";"69";"69382";"2";"2";"1";"3";"SALA (R)";"45,7553600000";"4,8305900000"
"202100026428";"29";"07";"2021";"16:50";"1";"69";"69389";"2";"1";"1";"3";"COMMERCE (DU) (Q)";"45,7815057402";"4,8099397123"
"202100026429";"28";"07";"2021";"12:00";"1";"69";"69385";"2";"1";"1";"6";"FAVORITE (DE LA ) (R)";"45,7571100000";"4,8097000000"
"202100026430";"29";"07";"2021";"13:25";"1";"971";"97113";"1";"1";"1";"3";"SECTION PLIANE";"16,2124836703";" -61,4557492733"
"202100026431";"17";"07";"2021";"15:30";"1";"95";"95427";"2";"1";"1";"3";"RD 928";"48,9592757270";"2,3290586472"
"202100026432";"29";"07";"2021";"17:50";"1";"91";"91103";"2";"6";"1";"7";"AV JEAN MERMOZ";"48,6086000000";"2,3124700000"
"202100026433";"28";"07";"2021";"19:10";"1";"91";"91665";"2";"1";"1";"3";"AV DE LA DIVISION LECLERC";"48,6628980000";"2,2769620000"
"202100026434";"28";"07";"2021";"12:30";"1";"91";"91432";"2";"9";"1";"3";"AV CHARLES DE GAULLE";"48,7051600000";"2,3395500000"
"202100026435";"28";"07";"2021";"18:11";"1";"87";"87085";"2";"1";"1";" -1";"THOMAS (AVENUE ALBERT)";"45,8346500000";"1,2458400000"
"202100026436";"29";"07";"2021";"08:35";"1";"83";"83069";"2";"6";"1";"6";"VICTORIA (AVENUE)";"43,1153272487";"6,1252534389"
"202100026437";"27";"07";"2021";"14:00";"1";"80";"80021";"2";"1";"1";"1";"TROIS CAILLOUX (RUE DES)";"49,8924200000";"2,2997500000"
"202100026438";"29";"07";"2021";"20:20";"1";"78";"78481";"2";"1";"1";"3";"GENERAL LECLERC (AVENUE DU)";"48,8870000000";"2,1006600000"
"202100026439";"29";"07";"2021";"13:40";"1";"78";"78372";"2";"1";"1";"6";"COEUR VOLANT (COTE DU)";"48,8643100000";"2,1035300000"
"202100026440";"29";"07";"2021";"18:30";"1";"77";"77169";"2";"1";"1";"6";"OLOF PALME (BOULEVARD)";"48,8083100000";"2,6187600000"
"202100026441";"25";"07";"2021";"09:40";"1";"73";"73008";"2";"6";"1";"3";"D50 / Bd Lepic";"45,6854100000";"5,9061700000"
"202100026442";"29";"07";"2021";"07:40";"1";"67";"67447";"2";"1";"1";"3";"BISCHWILLER (ROUTE DE)";"48,6078860000";"7,7498720000"
"202100026443";"28";"07";"2021";"22:15";"5";"67";"67482";"2";"3";"1";"3";"VOSGES (AVENUE DES)";"48,5875400000";"7,7586000000"
"202100026444";"29";"07";"2021";"11:38";"1";"66";"66136";"2";"1";"1";"3";"NUNGESSER-ET-COLI (BOULEVARD)";"42,6873700000";"2,8871700000"
"202100026445";"28";"07";"2021";"15:08";"1";"66";"66136";"2";"1";"1";"6";"JOFFRE (AVENUE DU MARECHAL CD 88)";"42,7105400000";"2,8902400000"
"202100026446";"29";"07";"2021";"18:57";"1";"64";"64102";"2";"1";"1";"3";"MOYNAC (AVENUE DOCTEUR LEON)";"43,4844500000";" -1,4800600000"
"202100026447";"29";"07";"2021";"15:50";"1";"64";"64102";"2";"9";"1";"6";"SOULT (AVENUE MARECHAL)";"43,4866200000";" -1,4874900000"
"202100026448";"29";"07";"2021";"15:50";"1";"64";"64102";"2";"1";"1";"2";"Avenue MarÃ©chal Soult";"43,4876700000";" -1,4830100000"
"202100026449";"28";"07";"2021";"18:05";"1";"64";"64024";"2";"4";"1";"3";"EMPEREUR (ALLEE DE L')";"43,5170500000";" -1,5035700000"
"202100026450";"25";"07";"2021";"08:00";"2";"64";"64102";"1";"1";"2";"7";"MAI 1945 (AVENUE DU 8)";"43,4665500000";" -1,4932280000"
"202100026451";"25";"07";"2021";"06:05";"3";"64";"64024";"2";"1";"3";"7";"BAB (BOULEVARD DU)";"43,4929825807";" -1,5312570333"
"202100026452";"24";"07";"2021";"16:30";"1";"62";"62563";"2";"1";"1";"3";"THOMAS (R LOUIS)";"50,4712960000";"2,7106830000"
"202100026453";"29";"07";"2021";"21:30";"2";"59";"59343";"2";"2";"1";"3";"MEUNIERS RUE DES";"50,5885822991";"3,0866432190"
"202100026454";"28";"07";"2021";"18:05";"1";"56";"56083";"2";"1";"1";"6";"CALVAIRE ( PLACE DU )";"47,8058400000";" -3,2720900000"
"202100026455";"28";"07";"2021";"15:25";"1";"56";"56162";"2";"1";"1";"7";"FORCES FRANCAISES LIBRES (PLACE DES)";"47,7353800000";" -3,4282900000"
"202100026456";"26";"07";"2021";"15:50";"1";"54";"54395";"2";"1";"1";"3";"SAINTE CATHERINE (RUE)";"48,6951000000";"6,1883700000"
"202100026457";"29";"07";"2021";"16:40";"1";"51";"51573";"2";"1";"1";"2";"Route de Soissons";"49,2536300000";"3,9753000000"
"202100026458";"27";"07";"2021";"22:53";"3";"49";"49007";"2";"1";"9";"6";"MONTAIGNE AVENUE";"47,4688100000";" -0,5317800000"
"202100026459";"28";"07";"2021";"14:04";"1";"49";"49007";"2";"1";"1";"4";"VOIE DES BERGES";"47,4750800000";" -0,5552900000"
"202100026460";"29";"07";"2021";"22:40";"3";"47";"47027";"1";"1";"1";"6";"PETIT PAREN (lieu-dit)";"44,4024900000";"0,6614600000"
"202100026461";"29";"07";"2021";"20:35";"1";"45";"45234";"2";"2";"1";"1";"Avenue Roger Secretain";"47,8855227476";"1,8971099140"
"202100026462";"28";"07";"2021";"14:03";"1";"37";"37261";"1";"1";"1";"6";"TOSCANE (ALLEE DE)";"47,3749520787";"0,7090144604"
"202100026463";"28";"07";"2021";"09:47";"1";"37";"37122";"2";"1";"1";"4";"JAURES (BOULEVARD JEAN)";"47,3473030749";"0,6528174877"
"202100026464";"29";"07";"2021";"22:20";"5";"35";"35238";"2";"1";"1";"6";"PORTE DE LORIENT";"48,1070300000";" -1,7178300000"
"202100026465";"28";"07";"2021";"06:30";"2";"34";"34172";"1";"1";"2";"1";"GANGES (ROUTE DE";"43,6433300000";"3,8447800000"
"202100026466";"25";"07";"2021";"15:15";"1";"34";"34032";"2";"1";"1";"3";"Avenue Enseigne Albertini";"43,3459493620";"3,2263891797"
"202100026467";"22";"07";"2021";"19:30";"1";"33";"33200";"2";"6";"1";"3";"Avenue de Magudas";"44,8618600000";" -0,6966400000"
"202100026468";"29";"07";"2021";"12:30";"1";"33";"33063";"2";"3";"1";"3";"Boulevard Pierre 1er";"44,8587200000";" -0,5895300000"
"202100026469";"28";"07";"2021";"16:00";"1";"33";"33063";"2";"1";"1";"6";"Cours du MÃ©doc";"44,8633700000";" -0,5728500000"
"202100026470";"29";"07";"2021";"13:20";"1";"33";"33009";"2";"2";"1";"3";"Cours Desbiey";"44,6566500000";" -1,1602900000"
"202100026471";"29";"07";"2021";"16:25";"1";"29";"29232";"2";"6";"1";"3";"Rond Point de l'Eau Blanche";"47,9913700000";" -4,0734300000"
"202100026472";"28";"07";"2021";"12:15";"1";"22";"22113";"2";"6";"1";"3";"ANRTP (PEGASE)";"48,7532340000";" -3,4583200000"
"202100026473";"27";"07";"2021";"15:15";"1";"21";"21231";"2";"2";"1";"3";"PLANCHETTES (DES) (RUE)";"47,3154495887";"5,0627916455"
"202100026474";"27";"07";"2021";"15:35";"1";"19";"19275";"1";"1";"1";"6";"PONTY (ROUTE DE)";"45,5442447242";"2,2965030525"
"202100026475";"29";"07";"2021";"15:35";"1";"17";"17306";"2";"6";"1";"2";"RHIN-DANUBE (ROND POINT)";"45,6246200000";" -1,0023000000"
"202100026476";"29";"07";"2021";"10:27";"1";"17";"17200";"2";"2";"1";"3";"HUIT MAI 1945   AVENUE DU";"46,1860600000";" -1,1509700000"
"202100026477";"28";"07";"2021";"14:35";"1";"17";"17300";"2";"6";"1";"3";"CENT-VINGT-TROISIEME REGIMENT D";"46,1522100000";" -1,1482400000"
"202100026478";"28";"07";"2021";"20:28";"1";"15";"15014";"2";"6";"1";"6";"Giratoire du Vialenc";"44,9223700000";"2,4280200000"
"202100026479";"29";"07";"2021";"10:30";"1";"13";"13002";"2";"1";"1";"1";"JEAN GIONO (AVENUE)";"43,3315000000";"5,4877000000"
"202100026480";"29";"07";"2021";"08:20";"1";"13";"13208";"2";"1";"1";"6";"MAZARGUES (AVENUE DE)";"43,2588553086";"5,3941975136"
"202100026481";"29";"07";"2021";"03:30";"5";"13";"13208";"2";"1";"1";"3";"SCHLOESING (BOULEVARD)";"43,2725205770";"5,4011367113"
"202100026482";"26";"07";"2021";"16:15";"1";"13";"13206";"2";"1";"1";"1";"LIEUTAUD (COURS)";"43,2952700000";"5,3816100000"
"202100026483";"30";"07";"2021";"01:40";"5";"13";"13001";"2";"1";"1";"1";"GALICE (RTE)";"43,5279303361";"5,4046265356"
"202100026484";"25";"07";"2021";"15:20";"1";"12";"12013";"2";"3";"1";"3";"CHATAIGNIERS (CITE DES)";"44,5307816545";"2,2622837126"
"202100026485";"30";"07";"2021";"00:38";"5";"10";"10387";"2";"2";"1";"3";"MARECHAL DE LATTRE DE TASSIGNY (RUE DU)";"48,3030900000";"4,1000400000"
"202100026486";"29";"07";"2021";"17:45";"1";"07";"07281";"2";"6";"7";"7";"HUIT MAI (AVENUE DU)";"44,9454400000";"4,8523600000"
"202100026487";"29";"07";"2021";"17:20";"1";"06";"06027";"2";"1";"1";"2";"GRASSE AVENUE DE";"43,6603500000";"7,1303800000"
"202100026488";"17";"06";"2021";"18:23";"1";"02";"02722";"2";"1";"1";"3";"PRESLES ( BOULEVARD )";"49,3722800000";"3,3051500000"
"202100026489";"7";"07";"2021";"11:15";"1";"02";"02064";"2";"1";"1";"6";"FERE EN TARDENOIS ( ROUTE DE - C.D. 06 )";"49,3666700000";"3,3339800000"
"202100026490";"29";"07";"2021";"16:35";"1";"75";"75117";"2";"4";"1";"2";"PORTE DE CLICHY";"48,8973390000";"2,3125540000"
"202100026491";"29";"07";"2021";"08:50";"1";"75";"75113";"2";"1";"1";"6";"RUE DE TOLBIAC";"48,8270940000";"2,3669890000"
"202100026492";"29";"07";"2021";"19:40";"1";"75";"75120";"2";"2";"1";"6";"RUE JULIEN LACROIX";"48,8719100000";"2,3827100000"
"202100026493";"29";"07";"2021";"16:50";"1";"75";"75120";"2";"1";"1";"1";"AVENUE GAMBETTA";"48,8631280000";"2,3888427000"
"202100026494";"29";"07";"2021";"14:30";"1";"75";"75120";"2";"2";"1";"3";"RUE D AVRON";"48,8527920000";"2,4066320000"
"202100026495";"28";"07";"2021";"02:05";"5";"75";"75120";"2";"2";"2";"2";"RUE BELGRAND";"48,8648010000";"2,4013100000"
"202100026496";"29";"07";"2021";"09:25";"1";"75";"75118";"2";"3";"1";"6";"RUE BERVIC";"48,8841060000";"2,3494570000"
"202100026497";"29";"07";"2021";"16:00";"1";"75";"75114";"2";"3";"1";"3";"RUE DAGUERRE";"48,8356830000";"2,3249640000"
"202100026498";"28";"07";"2021";"16:35";"1";"75";"75114";"2";"3";"1";"6";"BOULEVARD BRUNE";"48,8269860000";"2,3088650000"
"202100026499";"29";"07";"2021";"00:05";"5";"75";"75111";"2";"1";"1";"2";"BOULEVARD VOLTAIRE";"48,8544170000";"2,3857960000"
"202100026500";"29";"07";"2021";"09:40";"1";"75";"75110";"2";"2";"1";"3";"BOULEVARD DE LA CHAPELLE";"48,8842800000";"2,3646570000"
"202100026501";"29";"07";"2021";"01:20";"5";"75";"75101";"2";"3";"1";"3";"QUAI DE LA MEGISSERIE";"48,8579980000";"2,3444190000"
"202100026502";"29";"07";"2021";"17:05";"1";"75";"75109";"2";"1";"1";"3";"RUE DU HAVRE";"48,8751200000";"2,3267000000"
"202100026503";"28";"07";"2021";"18:15";"1";"75";"75102";"2";"3";"1";"3";"BOULEVARD DE BONNE NOUVELLE";"48,8701510000";"2,3504810000"
"202100026504";"28";"07";"2021";"14:30";"1";"75";"75102";"2";"3";"1";"3";"BOULEVARD DES ITALIENS";"48,8712410000";"2,3359440000"
"202100026505";"28";"07";"2021";"14:30";"1";"94";"94068";"2";"1";"1";"3";"RABELAIS (BD)";"48,8060000000";"2,4760000000"
"202100026506";"29";"07";"2021";"19:40";"1";"94";"94058";"2";"1";"1";"3";"Avenue Pierre Brossolette";"48,8348700000";"2,5046800000"
"202100026507";"28";"07";"2021";"15:30";"1";"94";"94042";"2";"7";"1";"6";"Avenue du GÃ©nÃ©ral GalliÃ©ni";"48,8200700000";"2,4744800000"
"202100026508";"28";"07";"2021";"23:45";"5";"94";"94041";"2";"1";"2";"7";"Rue Louis Bertrand";"48,8180100000";"2,3768900000"
"202100026509";"11";"07";"2021";"02:35";"5";"94";"94017";"2";"1";"1";"6";"Avenue du GÃ©nÃ©ral de Gaulle";"48,8262390000";"2,5052720000"
"202100026510";"29";"06";"2021";"23:20";"5";"93";"93066";"2";"3";"1";"3";"Rue Albert Einstein / Avenue Paul Vaillant-Couturier";"48,9345000000";"2,3671800000"
"202100026511";"29";"07";"2021";"15:00";"1";"93";"93066";"2";"3";"1";"3";"Boulevard Anatole France / Rue Jules Saulnier";"48,9255100000";"2,3506400000"
"202100026512";"27";"07";"2021";"16:12";"1";"93";"93066";"2";"1";"1";"2";"Rue Ambroise Croizat";"48,9300832795";"2,3505828380"
"202100026513";"29";"07";"2021";"17:00";"1";"93";"93048";"2";"3";"1";"3";"Boulevard de Chanzy / Rue des Sorins";"48,8587300000";"2,4272400000"
"202100026514";"29";"07";"2021";"08:30";"1";"93";"93005";"2";"6";"1";"3";"Carrefour de lâEurope / Boulevard Georges Braque";"48,9518040000";"2,4850490000"
"202100026515";"28";"07";"2021";"17:25";"1";"93";"93001";"2";"1";"1";"6";"HENRI BARBUSSE (RUE)  111 =>";"48,9118580000";"2,3912970000"
"202100026516";"28";"07";"2021";"11:59";"1";"92";"92051";"2";"9";"1";"3";"MAURICE BARRES (BOULEVARD)";"48,8796892051";"2,2643731211"
"202100026517";"29";"07";"2021";"20:15";"2";"92";"92050";"2";"6";"1";"3";"FOCH MARECHAL PLACE DU";"48,8882600000";"2,1940830000"
"202100026518";"29";"07";"2021";"00:09";"5";"92";"92050";"2";"3";"1";"3";"CLEMENCEAU GEORGES AVENUE NÂ°IMPAIR";"48,8857300000";"2,2192200000"
"202100026519";"28";"07";"2021";"09:30";"1";"92";"92012";"2";"2";"1";"3";"ANATOLE FRANCE (BOULEVARD) 1/4BIS";"48,8503404179";"2,2377760100"
"202100026520";"29";"07";"2021";"20:56";"1";"60";"60403";"1";"1";"1";"4";"D901";"49,5029730000";"2,0201970000"
"202100026521";"29";"07";"2021";"16:30";"1";"62";"62897";"2";"1";"1";"6";"67 ROUTE DE LUMBRES";"50,6819120000";"2,0814050000"
"202100026522";"29";"07";"2021";"17:00";"1";"41";"41104";"2";"3";"1";"1";"Route de Chambord";"47,5923180000";"1,4531350000"
"202100026523";"30";"07";"2021";"07:15";"2";"71";"71481";"1";"1";"1";"4";"A6 Pk 400.860 sens Paris/Lyon";"46,2019800000";"4,7798560000"
"202100026524";"24";"07";"2021";"12:00";"1";"28";"28088";"2";"1";"1";"6";"Place de la LibertÃ©";"48,0752620000";"1,3436530000"
"202100026525";"30";"07";"2021";"05:30";"2";"55";"55242";"1";"1";"1";"6";"Autoroute A4 PK 273.100";"49,1278980000";"5,6502770000"
"202100026526";"24";"07";"2021";"09:30";"1";"21";"21272";"1";"1";"1";"2";"Autoroute A6";"47,4350440000";"4,3072120000"
"202100026527";"25";"06";"2021";"18:48";"2";"26";"26325";"2";"3";"1";"1";"68 Rue de Marseille";"45,2865050000";"4,8167270000"
"202100026528";"29";"07";"2021";"15:00";"1";"67";"67409";"1";"1";"1";"4";"D504";"48,8353100000";"8,0897460000"
"202100026529";"30";"07";"2021";"10:29";"1";"62";"62070";"1";"2";"1";"3";"D77";"50,3876660000";"2,4589110000"
"202100026530";"30";"07";"2021";"09:07";"1";"69";"69260";"2";"1";"1";"1";"VERNAISON (DE) (PT)";"45,6459230000";"4,8160350000"
"202100026531";"30";"07";"2021";"15:30";"1";"51";"51662";"2";"3";"1";"3";"Avenue de Rethel";"49,2947019938";"4,1264552147"
"202100026532";"29";"07";"2021";"15:55";"1";"56";"56074";"1";"1";"7";"2";"Route Nationale NÂ° 24";"47,8953480000";" -2,9622960000"
"202100026533";"29";"07";"2021";"22:27";"3";"56";"56034";"2";"1";"1";"6";"Rue du MÃ©nec";"47,5915160000";" -3,0834850000"
"202100026534";"29";"07";"2021";"20:40";"1";"74";"74002";"1";"1";"1";"3";"D1201";"45,8197020000";"6,0084970000"
"202100026535";"11";"07";"2021";"19:40";"1";"67";"67029";"1";"6";"1";"3";"D340";"48,8824410000";"7,1498680000"
"202100026536";"30";"07";"2021";"03:00";"3";"79";"79179";"1";"1";"1";"6";"Lieu Dit la Haute Geniere";"46,7067930000";" -0,5918130000"
"202100026537";"29";"07";"2021";"22:30";"3";"79";"79008";"1";"1";"1";"6";"N/A";"46,7357870000";" -0,3011580000"
"202100026538";"29";"07";"2021";"23:40";"3";"33";"33193";"1";"2";"1";"3";"Route de Vensac";"45,4186780000";" -1,0759310000"
"202100026539";"29";"07";"2021";"14:20";"1";"63";"63255";"1";"3";"1";"6";"D722";"45,4911150000";"3,2855720000"
"202100026540";"30";"07";"2021";"18:30";"1";"55";"55391";"1";"3";"1";"3";"D13";"49,5565199256";"5,2272163209"
"202100026541";"29";"07";"2021";"12:15";"1";"49";"49307";"1";"6";"1";"2";"D347";"47,4751381838";" -0,3552103043"
"202100026542";"30";"07";"2021";"17:44";"1";"12";"12266";"1";"1";"1";"1";"RD 911 ";"44,2624620000";"2,8214370000"
"202100026543";"29";"07";"2021";"20:05";"1";"46";"46086";"1";"1";"1";"6";"RD 840";"44,9779620000";"1,5411120000"
"202100026544";"21";"07";"2021";"06:10";"2";"46";"46340";"1";"1";"1";"6";"D820";"44,5250660000";"1,4571370000"
"202100026545";"30";"07";"2021";"20:20";"1";"34";"34012";"1";"1";"1";"7";"D27e1";"43,7041080000";"3,6676210000"
"202100026546";"27";"06";"2021";"17:30";"1";"68";"68368";"1";"1";"1";"6";"D10";"48,0561550000";"7,2125530000"
"202100026547";"30";"07";"2021";"11:30";"1";"44";"44067";"2";"2";"1";"5";"Rue de BeslÃ©";"47,6311750000";" -1,8362510000"
"202100026548";"30";"07";"2021";"08:15";"2";"35";"35049";"1";"2";"7";"6";"HERICAN";"48,6794040000";" -1,8819830000"
"202100026549";"30";"07";"2021";"12:50";"1";"84";"84123";"1";"1";"1";"6";"D164";"44,1119760000";"5,3931000000"
"202100026550";"30";"07";"2021";"16:00";"1";"03";"03304";"1";"1";"1";"2";"Lieu Dit Champoux";"46,1670150000";"3,3362280000"
"202100026551";"30";"07";"2021";"13:00";"1";"03";"03297";"2";"1";"1";"6";"rue paul constans";"46,5367140000";"2,6094510000"
"202100026552";"30";"07";"2021";"11:47";"1";"85";"85202";"1";"2";"1";"3";"Intersection D98 et D48";"46,7189970000";" -1,1133980000"
"202100026553";"29";"07";"2021";"14:40";"1";"85";"85238";"1";"1";"1";"7";"A87";"46,9636717654";" -0,9236589074"
"202100026554";"30";"07";"2021";"17:19";"1";"54";"54073";"1";"9";"1";"6";"D674";"48,6443440000";"5,8923410000"
"202100026555";"29";"07";"2021";"14:25";"1";"06";"06089";"1";"1";"1";"3";"2 bis route de grasse";"43,6659590000";"6,9803790000"
"202100026556";"30";"07";"2021";"08:15";"1";"50";"50507";"1";"2";"1";"3";"Intersection D. 14 D.69";"49,4769360000";" -1,2989190000"
"202100026557";"21";"07";"2021";"18:00";"1";"50";"50178";"1";"1";"1";"7";"Village le Pied Sablon";"49,6769930000";" -1,4735410000"
"202100026558";"29";"07";"2021";"19:00";"1";"09";"09312";"2";"6";"1";"3";"rue du 08 mai";"43,1026240000";"1,6497800000"
"202100026559";"12";"07";"2021";"16:20";"1";"18";"18159";"1";"1";"3";"7";"D944";"47,3565620000";"2,1692120000"
"202100026560";"29";"07";"2021";"11:00";"1";"43";"43190";"1";"1";"1";"3";"RD150";"45,0279510000";"4,0038080000"
"202100026561";"30";"07";"2021";"05:00";"3";"24";"24587";"2";"1";"1";"6";"Les Mazers";"44,8309590000";"1,2142360000"
"202100026562";"29";"07";"2021";"17:40";"1";"04";"04076";"2";"1";"1";"6";"RD 4202";"43,9503860000";"6,8152520000"
"202100026563";"15";"07";"2021";"11:30";"1";"04";"04042";"2";"1";"1";"7";"RD 660";"43,9935170000";"6,7633670000"
"202100026564";"30";"07";"2021";"12:22";"1";"60";"60082";"1";"1";"1";"3";"N/A";"49,6939448832";"2,2310410738"
"202100026565";"28";"07";"2021";"17:15";"1";"35";"35206";"1";"1";"1";"1";"D34";"48,0449660000";" -1,6564460000"
"202100026566";"30";"07";"2021";"08:30";"1";"53";"53267";"1";"1";"8";"5";"D24  PK 015.025";"48,0186350000";" -0,4644300000"
"202100026567";"28";"07";"2021";"21:10";"5";"69";"69043";"2";"8";"1";"6";"GARE (DE LA) (RTE)";"45,6988660000";"4,7632810000"
"202100026568";"25";"07";"2021";"16:30";"1";"45";"45146";"1";"1";"1";"6";"A71 PK 120+650";"47,7362640000";"1,8734260000"
"202100026569";"30";"07";"2021";"18:20";"3";"976";"97617";"1";"1";"1";"6";"D1";" -12,7918500000";"45,1247500000"
"202100026570";"16";"07";"2021";"18:10";"1";"73";"73257";"1";"2";"1";"3";"RD117 intersection VILLARABOUT";"45,3823375903";"6,5056909919"
"202100026571";"9";"03";"2021";"19:00";"3";"976";"97608";"2";"1";"1";"6";"Route des Badamiers";" -12,7814250000";"45,2779860000"
"202100026572";"30";"07";"2021";"08:40";"1";"971";"97110";"1";"1";"1";"7";"chemin de la montagne";"16,3207370000";" -61,0440300000"
"202100026573";"28";"07";"2021";"16:55";"1";"971";"97111";"1";"1";"1";"3";"nationale 2";"16,3523130000";" -61,7654160000"
"202100026574";"29";"07";"2021";"13:20";"1";"28";"28015";"2";"1";"1";"1";"Chemin d'equillemont";"48,4725870000";"1,7670180000"
"202100026575";"2";"07";"2021";"00:45";"3";"18";"18244";"1";"1";"1";"6";"Route de Mareuil";"46,9567070000";"2,1319480000"
"202100026576";"30";"07";"2021";"12:30";"1";"78";"78321";"1";"1";"1";"6";"Route Nationale 12";"48,7937190000";"1,8992610000"
"202100026577";"29";"07";"2021";"19:00";"1";"66";"66134";"1";"1";"1";"7";"D40";"42,5820870000";"2,8146350000"
"202100026578";"30";"07";"2021";"13:40";"1";"30";"30027";"2";"4";"1";"1";"Chemin de Peyrigoux";"44,0752000000";"4,0576460000"
"202100026579";"30";"07";"2021";"10:45";"1";"06";"06091";"2";"1";"1";"3";"3250 D53";"43,7782510000";"7,3980780000"
"202100026580";"27";"07";"2021";"19:53";"1";"13";"13007";"1";"1";"1";"7";"RD 45 A";"43,3426740000";"5,6565210000"
"202100026581";"30";"07";"2021";"08:10";"1";"13";"13004";"1";"1";"2";"1";"D268";"43,4735940000";"4,8465160000"
"202100026582";"29";"07";"2021";"07:50";"1";"13";"13027";"2";"1";"1";"3";"Avenue LÃ©on Vachet";"43,8848060000";"4,8569230000"
"202100026583";"29";"07";"2021";"10:15";"1";"54";"54215";"2";"1";"1";"7";"Rue du Saule Gaillard";"48,7444500000";"6,1503800000"
"202100026584";"30";"07";"2021";"15:20";"1";"38";"38205";"2";"4";"1";"3";"D531 - route des eymards";"45,1112020000";"5,5674180000"
"202100026585";"30";"07";"2021";"16:55";"1";"46";"46332";"2";"1";"1";"1";"Cavialle Nord";"44,6467120000";"2,0764270000"
"202100026586";"30";"07";"2021";"02:35";"5";"46";"46102";"2";"3";"1";"3";"Avenue du Marechal Joffre";"44,6075950000";"2,0297400000"
"202100026587";"30";"07";"2021";"10:45";"1";"85";"85178";"1";"1";"1";"6";"La GendronniÃ¨re";"46,7585700000";" -1,4966730000"
"202100026588";"29";"07";"2021";"17:55";"1";"22";"22384";"2";"3";"1";"1";"Rue des Rochers";"48,2819720000";" -2,8330940000"
"202100026589";"29";"07";"2021";"16:05";"1";"60";"60139";"1";"2";"1";"3";"D923";"49,1824820000";"2,2346660000"
"202100026590";"29";"07";"2021";"23:15";"3";"59";"59571";"1";"1";"1";"1";"D958";"50,1962160000";"3,5007400000"
"202100026591";"29";"07";"2021";"07:30";"1";"59";"59011";"1";"1";"1";"7";"M 39";"50,5174380000";"2,9301310000"
"202100026592";"28";"07";"2021";"02:03";"3";"13";"13005";"1";"1";"1";"2";"A501-Sens Aubagne vers Pont de l'Etoile";"43,2924800000";"5,5564200000"
"202100026593";"25";"07";"2021";"19:00";"1";"69";"69091";"1";"1";"1";"4";"A47   1.809 A 5.820";"45,5896192618";"4,7762929162"
"202100026594";"29";"07";"2021";"12:30";"1";"33";"33318";"1";"1";"1";"2";"ROCADE A 630";"44,8129040000";" -0,6721510000"
"202100026595";"29";"07";"2021";"15:45";"1";"91";"91661";"1";"1";"1";"6";"RD 188 CHEVREUSE";"48,6968900000";"2,2295700000"
"202100026596";"29";"07";"2021";"04:50";"3";"91";"91286";"1";"1";"1";"2";"AUTOROUTE A6";"48,6537300000";"2,3807000000"
"202100026597";"29";"07";"2021";"09:20";"1";"78";"78043";"1";"1";"1";"7";"A12 W";"48,8409050000";"2,0971780000"
"202100026598";"28";"07";"2021";"09:00";"1";"92";"92072";"1";"1";"1";"3";"N118";"48,8166709546";"2,2156290262"