"Num_Acc";"jour";"mois";"an";"hrmn";"lum";"dep";"com";"agg";"int";"atm";"col";"adr";"lat";"long"
"202100026599";"28";"07";"2021";"08:10";"1";"92";"92064";"1";"1";"1";"2";"A13";"48,8373662415";"2,1886466304"
"202100026600";"29";"07";"2021";"09:25";"1";"93";"93007";"1";"1";"1";"3";"AUTOROUTE A3";"48,9268900000";"2,4813300000"
"202100026601";"29";"07";"2021";"06:00";"3";"95";"95394";"1";"1";"1";"6";"RN 184";"49,0530580000";"2,1761230000"
"202100026602";"28";"07";"2021";"18:30";"1";"95";"95491";"1";"1";"1";"2";"A115";"49,0089320527";"2,2367314421"
"202100026603";"28";"07";"2021";"17:30";"1";"60";"60494";"1";"1";"1";"6";"AUTOROUTE A1";"49,1151978773";"2,5544916841"
"202100026604";"28";"07";"2021";"19:00";"1";"94";"94028";"1";"1";"1";"6";"A86 EXT";"48,7824200000";"2,4409000000"
"202100026605";"28";"07";"2021";"18:20";"1";"94";"94018";"1";"1";"1";"2";"A4";"48,8234500000";"2,3952900000"
"202100026606";"28";"07";"2021";"14:30";"1";"94";"94017";"1";"1";"1";"2";"A4";"48,8273238388";"2,5090636814"
"202100026607";"4";"03";"2021";"07:00";"2";"84";"84007";"2";"1";"1";"6";"RASPAIL (boulevard)";"43,9444310000";"4,8053560000"
"202100026608";"2";"04";"2021";"15:50";"1";"74";"74289";"2";"1";"1";"3";"route de genÃ¨ve";"45,9076180000";"5,9329870000"
"202100026609";"1";"04";"2021";"16:00";"1";"74";"74116";"1";"1";"1";"2";"ROUTE DÃPARTEMENTALE 1203";"46,0606990000";"6,2894260000"
"202100026610";"29";"07";"2021";"08:50";"1";"988";"98818";"2";"2";"1";"3";"RUE DE L'ALMA ANDRE BALLANDE";" -22,2695500000";"166,4433500000"
"202100026611";"28";"07";"2021";"09:45";"1";"974";"97411";"1";"1";"2";"6";"PRINCE VINH-SAN (BD DU)";" -20,8804080000";"55,4387690000"
"202100026612";"28";"07";"2021";"06:45";"2";"974";"97411";"2";"1";"2";"2";"JAURES (BOULEVARD JEAN)";" -20,8886500000";"55,4492300000"
"202100026613";"27";"07";"2021";"19:30";"5";"974";"97411";"2";"1";"1";"7";"AZALEES (ROUTE DES)";" -20,9256600000";"55,4362600000"
"202100026614";"28";"07";"2021";"18:15";"1";"69";"69386";"2";"1";"1";"1";"CHARLES DE GAULLE (Q)";"45,7781200000";"4,8442500000"
"202100026615";"28";"07";"2021";"16:00";"1";"69";"69386";"2";"2";"1";"4";"DUQUESNE (R)";"45,7726562931";"4,8453331547"
"202100026616";"27";"07";"2021";"15:15";"1";"972";"97209";"2";"1";"1";"3";"MOI LAMINAIRE (RUE)";"14,5953800000";" -61,0431400000"
"202100026617";"26";"07";"2021";"10:15";"1";"69";"69385";"2";"1";"1";"6";"BARTHELEMY BUYER (AV)";"45,7635536600";"4,7989171743"
"202100026618";"28";"07";"2021";"13:20";"1";"2B";"2B353";"2";"1";"1";"2";"CAP - ROUTE DU CAP";"42,7161500000";"9,4557300000"
"202100026619";"28";"07";"2021";"10:30";"1";"2A";"2A004";"1";"1";"1";"3";"T21";"41,9285680560";"8,7696594000"
"202100026620";"27";"07";"2021";"15:00";"1";"95";"95088";"1";"1";"2";"6";"RD 170";"48,9765400000";"2,4293800000"
"202100026621";"27";"07";"2021";"17:15";"1";"91";"91589";"2";"2";"1";"3";"AV DES TOURTERELLES";"48,6917330000";"2,3574200000"
"202100026622";"27";"07";"2021";"17:14";"1";"87";"87085";"2";"3";"1";"6";"BROSSOLETTE (RUE PIERRE)";"45,8242000000";"1,2546800000"
"202100026623";"7";"07";"2021";"09:30";"1";"84";"84007";"2";"1";"1";"6";"FONTCOUVERTE(Avenue de)";"43,9378300000";"4,8323600000"
"202100026624";"27";"07";"2021";"11:00";"1";"83";"83062";"2";"4";"1";"6";"DE LATTRE DE TASSIGNY (AVENUE)";"43,1134000000";"5,9903600000"
"202100026625";"28";"07";"2021";"08:57";"1";"83";"83069";"2";"1";"1";"3";"PETIT (ROND POINT HENRI)";"43,1132300000";"6,1242400000"
"202100026626";"26";"07";"2021";"12:50";"1";"80";"80021";"2";"1";"1";"6";"QUEBEC (RUE DE)";"49,8694000000";"2,3234200000"
"202100026627";"4";"05";"2021";"22:05";"3";"78";"78490";"1";"1";"1";"6";"DEUX PLATEAUX (ROUTE DES)";"48,8135100000";"1,9599700000"
"202100026628";"26";"07";"2021";"17:50";"1";"76";"76457";"1";"3";"8";"3";"GOSSELIN RUE";"49,3397000000";"0,9617000000"
"202100026629";"24";"07";"2021";"15:25";"1";"76";"76351";"1";"1";"1";"6";"JENNER (TUNNEL)";"49,5026500000";"0,1318800000"
"202100026630";"28";"07";"2021";"15:25";"1";"72";"72003";"2";"1";"1";"6";"ANJOU (BD D')";"47,9645840000";"0,1626320000"
"202100026631";"28";"07";"2021";"06:20";"2";"72";"72181";"2";"6";"1";"6";"TIRONNEAU ADRIEN (PL)";"47,9829000000";"0,2104000000"
"202100026632";"26";"07";"2021";"17:10";"1";"71";"71153";"2";"1";"1";"5";"29 Route de Montcenis";"46,8010485263";"4,4120175909"
"202100026633";"29";"07";"2021";"00:30";"5";"69";"69266";"2";"1";"1";"7";"LEON BLUM (R)";"45,7610604698";"4,9081039101"
"202100026634";"28";"07";"2021";"12:00";"1";"69";"69266";"2";"2";"1";"3";"PIERRE BARATIN (R)";"45,7631743365";"4,9002864314"
"202100026635";"28";"07";"2021";"14:50";"1";"69";"69092";"1";"1";"1";"5";"PARADIS (DU) (R)";"45,9811355345";"4,6966425776"
"202100026636";"27";"07";"2021";"22:15";"5";"67";"67482";"2";"1";"2";"3";"PIERRE MENDES FRANCE (AVENUE)";"48,5966815283";"7,7499351650"
"202100026637";"27";"07";"2021";"18:03";"1";"66";"66136";"2";"1";"1";"2";"BRIAND BOULEVARD ARISTIDE";"42,6961200000";"2,9030000000"
"202100026638";"26";"07";"2021";"18:18";"1";"66";"66136";"2";"3";"1";"3";"MASSOT (PAUL)";"42,6948000000";"2,8845700000"
"202100026639";"28";"07";"2021";"12:59";"1";"64";"64445";"2";"1";"1";"5";"JEAN MERMOZ";"43,3081000000";" -0,3765600000"
"202100026640";"27";"07";"2021";"23:00";"5";"63";"63113";"2";"6";"1";"3";"FLAUBERT (BD GUSTAVE)";"45,7645600000";"3,1255500000"
"202100026641";"28";"07";"2021";"23:40";"4";"60";"60463";"2";"6";"1";"7";"Rue Edouard Herriot";"49,2685700000";"2,4563400000"
"202100026642";"20";"07";"2021";"23:05";"4";"60";"60159";"2";"3";"1";"3";"Avenue du MarÃ©chal de Lattre de Tassigny";"49,4047200000";"2,8201900000"
"202100026643";"28";"07";"2021";"03:00";"3";"57";"57143";"2";"1";"9";"6";"FOCH (RUE)";"49,2616900000";"6,1046800000"
"202100026644";"27";"07";"2021";"23:09";"4";"56";"56121";"2";"3";"1";"3";"GUIEYSSE (RUE  PAUL )";"47,7571200000";" -3,3678100000"
"202100026645";"27";"07";"2021";"19:25";"1";"56";"56098";"2";"1";"1";"7";"SAKHAROV (RUE  ANDRE )";"47,7771700000";" -3,3431100000"
"202100026646";"27";"07";"2021";"11:15";"1";"56";"56083";"1";"1";"2";"7";"N165 sens Brest/Nantes";"47,7880700000";" -3,2811000000"
"202100026647";"28";"07";"2021";"11:22";"1";"52";"52125";"1";"1";"1";"3";"R.D. 417";"48,1090300000";"5,1936700000"
"202100026648";"26";"07";"2021";"08:10";"1";"51";"51454";"2";"2";"2";"3";"Boulevard Dieu LumiÃ¨re";"49,2401040602";"4,0414907502"
"202100026649";"27";"07";"2021";"05:50";"2";"50";"50129";"2";"2";"2";"3";"CONQUERANT (BOULEVARD GUILLAUME LE)";"49,6421600000";" -1,6370300000"
"202100026650";"27";"07";"2021";"18:15";"1";"49";"49267";"2";"1";"8";"5";"A87N";"47,4664400000";" -0,5162400000"
"202100026651";"2";"07";"2021";"08:34";"1";"49";"49007";"2";"1";"1";"2";"NEY PLACE";"47,4787210195";" -0,5440552533"
"202100026652";"27";"07";"2021";"10:14";"1";"49";"49007";"2";"1";"1";"7";"BRESSIGNY";"47,4671900000";" -0,5494600000"
"202100026653";"28";"07";"2021";"13:50";"1";"45";"45284";"2";"1";"1";"1";"Avenue de Verdun";"47,9237800000";"1,9914300000"
"202100026654";"28";"07";"2021";"10:30";"1";"45";"45169";"2";"3";"1";"2";"Route dâOrlÃ©ans";"47,9151700000";"1,8444100000"
"202100026655";"28";"07";"2021";"10:00";"1";"45";"45234";"2";"1";"1";"2";"Avenue Jean Zay";"47,9064200000";"1,9218800000"
"202100026656";"17";"06";"2021";"06:00";"5";"42";"42330";"2";"1";"1";"1";"Montee de la Feuilletiere";"45,4690300000";"4,3634400000"
"202100026657";"28";"07";"2021";"18:30";"1";"38";"38185";"2";"1";"1";"6";"Rue Prosper MerimÃ©e";"45,1738900000";"5,7253100000"
"202100026658";"27";"07";"2021";"13:45";"1";"37";"37261";"1";"9";"2";"7";"PROUDHON (AVENUE)";"47,3950819305";"0,6726174568"
"202100026659";"27";"07";"2021";"09:00";"1";"37";"37261";"2";"1";"8";"7";"MIRABEAU (RUE)";"47,3944764265";"0,6999734044"
"202100026660";"28";"07";"2021";"17:30";"1";"35";"35238";"2";"1";"1";"6";"VALLES (JULES)";"48,1016800000";" -1,7176100000"
"202100026661";"28";"07";"2021";"07:52";"1";"35";"35238";"2";"3";"1";"3";"FOUGERES (RUE DE)";"48,1251330000";" -1,6564860000"
"202100026662";"27";"07";"2021";"03:05";"5";"33";"33063";"2";"9";"1";"3";"Rue Edmond Besse";"44,8872440000";" -0,5470150000"
"202100026663";"26";"07";"2021";"21:40";"1";"33";"33069";"2";"1";"1";"3";"Avenue de l'Hippodrome";"44,8755700000";" -0,6242900000"
"202100026664";"23";"07";"2021";"21:50";"5";"33";"33063";"2";"1";"1";"2";"Quai de la Douane";"44,8404600000";" -0,5692400000"
"202100026665";"28";"07";"2021";"13:30";"1";"33";"33529";"1";"1";"1";"6";"N/A";"44,5430500000";" -1,1601900000"
"202100026666";"28";"07";"2021";"11:30";"1";"31";"31555";"2";"1";"1";"6";"RUE DU PONT GUILHEMERY";"43,6016800000";"1,4580800000"
"202100026667";"23";"07";"2021";"18:05";"1";"30";"30007";"2";"1";"1";"2";"CASSIN (RUE RENE)";"44,1083300000";"4,1026200000"
"202100026668";"28";"07";"2021";"10:35";"1";"29";"29232";"1";"1";"1";"2";"Boulevard Louis le Guennec";"47,9872900000";" -4,1099400000"
"202100026669";"27";"07";"2021";"12:06";"1";"17";"17300";"2";"2";"2";"2";"SARTRE   AVENUE JEAN-PAUL";"46,1561100000";" -1,1185900000"
"202100026670";"25";"06";"2021";"18:20";"1";"17";"17299";"2";"9";"1";"3";"ONZE NOVEMBRE 1918 AVENUE DU";"45,9237100000";" -0,9583100000"
"202100026671";"28";"07";"2021";"18:15";"1";"13";"13208";"2";"2";"1";"2";"PERIER (BOULEVARD)";"43,2789000000";"5,3820800000"
"202100026672";"23";"07";"2021";"09:07";"1";"12";"12176";"2";"2";"1";"3";"CHATEAU (ROUTE DU)";"44,3908700000";"2,5400600000"
"202100026673";"28";"07";"2021";"23:25";"5";"06";"06123";"2";"1";"1";"6";"DONADEI EUGENE AVENUE";"43,6592300000";"7,1953200000"
"202100026674";"28";"07";"2021";"12:35";"1";"01";"01053";"2";"1";"1";"6";"BAUDIN (AVENUE ALPHONSE)";"46,2005200000";"5,2176800000"
"202100026675";"28";"07";"2021";"15:30";"1";"75";"75118";"2";"4";"1";"4";"ECHANGEUR CHAPELLE";"48,9010230000";"2,3561880000"
"202100026676";"25";"07";"2021";"22:30";"3";"75";"75112";"2";"7";"1";"1";"PORTE DE VINCENNES";"48,8458310000";"2,4142090000"
"202100026677";"28";"07";"2021";"19:35";"1";"75";"75120";"2";"2";"1";"6";"RUE D AVRON";"48,8523240000";"2,4040140000"
"202100026678";"28";"07";"2021";"15:00";"1";"75";"75119";"2";"2";"1";"3";"RUE D AUBERVILLIERS";"48,8855590000";"2,3658090000"
"202100026679";"28";"07";"2021";"12:00";"1";"75";"75117";"2";"4";"1";"7";"AVENUE DE LA PORTE DE CLICHY";"48,8946090000";"2,3128590000"
"202100026680";"27";"07";"2021";"14:30";"1";"75";"75117";"2";"2";"2";"3";"RUE DE ROME";"48,8840090000";"2,3185100000"
"202100026681";"28";"07";"2021";"15:30";"1";"75";"75116";"2";"4";"1";"6";"RUE DE BOULAINVILLIERS";"48,8581600000";"2,2748350000"
"202100026682";"28";"07";"2021";"16:20";"1";"75";"75115";"2";"1";"1";"3";"RUE DE LOURMEL";"48,8371880000";"2,2812040000"
"202100026683";"28";"07";"2021";"20:25";"1";"75";"75113";"2";"1";"1";"6";"RUE BAUDRICOURT";"48,8257640000";"2,3629830000"
"202100026684";"28";"07";"2021";"11:10";"1";"75";"75112";"2";"3";"1";"3";"BOULEVARD PONIATOWSKI";"48,8292660000";"2,3903710000"
"202100026685";"28";"07";"2021";"19:15";"1";"75";"75111";"2";"2";"1";"3";"AVENUE LEDRU ROLLIN";"48,8533060000";"2,3773200000"
"202100026686";"28";"07";"2021";"18:15";"1";"75";"75110";"2";"7";"1";"6";"BOULEVARD DE MAGENTA";"48,8806670000";"2,3520780000"
"202100026687";"28";"07";"2021";"14:15";"1";"75";"75108";"2";"7";"1";"6";"AVENUE MARCEAU";"48,8661260000";"2,2996920000"
"202100026688";"28";"07";"2021";"01:50";"5";"75";"75107";"2";"7";"2";"6";"PLACE DE LA RESISTANCE";"48,8624060000";"2,3015030000"
"202100026689";"27";"07";"2021";"18:30";"1";"75";"75101";"2";"7";"2";"7";"QUAI DE LA MEGISSERIE";"48,8573210000";"2,3468470000"
"202100026690";"28";"07";"2021";"13:25";"1";"94";"94073";"2";"9";"1";"3";"Esplanade Auguste Perret";"48,7627900000";"2,3692900000"
"202100026691";"28";"07";"2021";"08:00";"1";"94";"94021";"2";"9";"2";"7";"Rue du 19 mars 1962";"48,7650200000";"2,3580500000"
"202100026692";"27";"07";"2021";"13:20";"1";"94";"94028";"2";"9";"8";"6";"Route de la Pompadour";"48,7678500000";"2,4672700000"
"202100026693";"27";"07";"2021";"18:05";"1";"94";"94018";"2";"1";"8";"3";"Quai des Carrieres";"48,8195300000";"2,4066900000"
"202100026694";"28";"07";"2021";"17:44";"1";"93";"93070";"2";"4";"1";"3";"MICHELET (AVE) : DU 1 AU 103";"48,9054400000";"2,3442000000"
"202100026695";"28";"07";"2021";"19:19";"1";"93";"93066";"2";"1";"1";"6";"Rue Ambroise Croizat";"48,9322700000";"2,3489840000"
"202100026696";"28";"07";"2021";"17:15";"1";"93";"93046";"2";"1";"1";"1";"COLONEL FABIEN AVENUE DU";"48,9150200000";"2,5127700000"
"202100026697";"28";"07";"2021";"17:40";"1";"93";"93027";"2";"9";"8";"3";"Avenue Paul Vaillant Couturier";"48,9233520000";"2,4134430000"
"202100026698";"28";"07";"2021";"09:15";"1";"92";"92050";"2";"9";"1";"3";"CLEMENCEAU GEORGES AVENUE NÂ°IMPAIR";"48,8857635880";"2,2192208469"
"202100026699";"28";"07";"2021";"12:40";"1";"92";"92026";"2";"1";"1";"6";"GEORGES CLEMENCEAU";"48,9029953811";"2,2708573937"
"202100026700";"28";"07";"2021";"14:30";"1";"92";"92004";"2";"2";"1";"3";"PONT D'ASNIERES";"48,9049093790";"2,2877848148"
"202100026701";"28";"07";"2021";"14:10";"1";"01";"01235";"1";"1";"1";"1";"N/A";"46,0629510000";"5,0831260000"
"202100026702";"28";"07";"2021";"15:50";"1";"26";"26344";"1";"1";"1";"3";"380 Chemin de Saudon";"44,6249800000";"5,0200600000"
"202100026703";"28";"07";"2021";"22:50";"3";"52";"52171";"1";"1";"1";"6";"D60";"48,4279800000";"4,9685780000"
"202100026704";"28";"07";"2021";"16:40";"1";"52";"52282";"1";"1";"1";"6";"RD 143";"47,9977150000";"5,1788410000"
"202100026705";"27";"07";"2021";"22:55";"3";"28";"28330";"2";"1";"2";"6";"Lieu Dit Auvilliers";"48,0059710000";"1,5138120000"
"202100026706";"26";"07";"2021";"14:50";"1";"972";"97221";"1";"1";"1";"1";"RN5";"14,5055090000";" -60,9817810000"
"202100026707";"29";"07";"2021";"02:30";"3";"21";"21630";"1";"1";"1";"5";"Autoroute A6 PK 262+300 sens PARIS-LYON";"47,2608690000";"4,5231060000"
"202100026708";"19";"07";"2021";"03:30";"3";"44";"44089";"1";"1";"2";"6";"RN 165 PR28+900";"47,3482300000";" -1,8690710000"
"202100026709";"27";"07";"2021";"18:14";"1";"51";"51617";"1";"1";"1";"7";"Rue des CÃ´tes des Blancs";"49,0250561361";"4,3208402395"
"202100026710";"28";"07";"2021";"14:00";"1";"56";"56189";"2";"3";"8";"3";"La Bottine";"47,9405740000";" -2,7178900000"
"202100026711";"28";"07";"2021";"23:15";"5";"76";"76315";"2";"1";"1";"3";"Route de Cany";"49,7498952382";"0,6360639887"
"202100026712";"28";"07";"2021";"18:40";"1";"76";"76603";"1";"5";"1";"3";"Route de Bolbec";"49,6431890000";"0,4634910000"
"202100026713";"28";"07";"2021";"17:15";"1";"79";"79014";"1";"1";"1";"7";"N/A";"47,0123620000";" -0,2600460000"
"202100026714";"29";"07";"2021";"03:28";"5";"80";"80746";"2";"1";"1";"6";"8 Route Nationale";"50,0287030000";"2,3190430000"
"202100026715";"29";"07";"2021";"17:20";"1";"11";"11304";"1";"1";"1";"7";"D117";"42,8793920000";"2,1696980000"
"202100026716";"29";"07";"2021";"06:50";"1";"71";"71282";"2";"1";"1";"6";"7 Rue de la Croix Blanchot";"46,8374680000";"4,3584250000"
"202100026717";"28";"07";"2021";"18:00";"1";"89";"89279";"1";"1";"1";"7";"D956";"47,6934720000";"4,0233560000"
"202100026718";"29";"07";"2021";"15:50";"1";"61";"61348";"1";"3";"1";"3";"D938";"48,4732630000";"0,5468270000"
"202100026719";"29";"07";"2021";"19:35";"1";"49";"49180";"1";"2";"1";"3";"D347";"47,4049650000";" -0,1481870000"
"202100026720";"25";"07";"2021";"06:40";"2";"44";"44097";"1";"1";"1";"6";"Route de Kerlagadec";"47,3974700000";" -2,4766710000"
"202100026721";"28";"07";"2021";"21:00";"1";"15";"15049";"1";"1";"1";"1";"DÃ©partementale 49";"45,2117720000";"2,7120780000"
"202100026722";"25";"07";"2021";"17:50";"1";"01";"01389";"2";"6";"1";"2";"474 Route de Chatillon";"46,0758600000";"4,9024560000"
"202100026723";"29";"07";"2021";"16:20";"1";"58";"58202";"1";"2";"1";"6";"D985";"47,0746120000";"3,7089800000"
"202100026724";"29";"07";"2021";"15:00";"1";"50";"50003";"2";"1";"1";"7";"80 Avenue du Passous";"49,0405510000";" -1,5849230000"
"202100026725";"28";"07";"2021";"12:00";"1";"64";"64083";"1";"2";"1";"3";"RD 936";"43,3905960000";" -0,9582110000"
"202100026726";"29";"07";"2021";"15:15";"1";"64";"64380";"2";"1";"1";"1";"Route Departementale 944";"43,5078340000";" -0,3838510000"
"202100026727";"28";"07";"2021";"20:29";"1";"18";"18209";"1";"1";"1";"6";"D951";"46,6874630000";"2,4664090000"
"202100026728";"28";"07";"2021";"00:15";"3";"43";"43030";"2";"1";"3";"6";"D13";"45,1061140000";"3,8421520000"
"202100026729";"29";"07";"2021";"15:30";"1";"53";"53008";"1";"1";"1";"7";"D113";"48,3059060000";" -0,5531570000"
"202100026730";"21";"07";"2021";"01:39";"3";"40";"40217";"1";"1";"1";"6";"Route de Lahitte";"44,3548950000";" -1,0947600000"
"202100026731";"29";"07";"2021";"10:00";"1";"85";"85127";"1";"3";"1";"3";"CD 105 - pk 7+400";"46,3934060000";" -1,4834820000"
"202100026732";"28";"07";"2021";"19:00";"1";"85";"85142";"1";"2";"1";"6";"Les Baraques";"46,7382320000";" -1,2771710000"
"202100026733";"29";"07";"2021";"17:15";"1";"28";"28108";"1";"3";"1";"3";"Intersection RD 927 et RD 935";"48,1355640000";"1,6093200000"
"202100026734";"28";"07";"2021";"19:30";"1";"17";"17317";"1";"1";"1";"3";"D252";"45,4237940000";" -0,6232700000"
"202100026735";"25";"07";"2021";"16:10";"1";"37";"37068";"1";"2";"1";"3";"N/A";"47,6541885398";"0,6493708491"
"202100026736";"28";"07";"2021";"16:15";"1";"30";"30261";"2";"1";"1";"7";"Route de VÃ©zÃ¨nobres";"44,0688710000";"4,2013590000"
"202100026737";"28";"07";"2021";"14:15";"1";"08";"08142";"1";"1";"1";"3";"D764";"49,6926260000";"4,8646470000"
"202100026738";"28";"07";"2021";"14:24";"1";"38";"38450";"1";"1";"1";"2";"autoroute A49";"45,2934110000";"5,5387400000"
"202100026739";"28";"07";"2021";"23:00";"3";"02";"02498";"1";"1";"1";"7";"a26";"49,5367990000";"3,8576170000"
"202100026740";"26";"07";"2021";"19:10";"1";"06";"06084";"2";"6";"8";"3";"Chemin du Plan Sarrain";"43,6013330000";"6,9503120000"
"202100026741";"28";"07";"2021";"15:05";"1";"13";"13001";"1";"1";"1";"3";"autoroute A8 pk 19 sens sud";"43,5120200000";"5,4408930000"
"202100026742";"28";"07";"2021";"17:40";"1";"976";"97616";"1";"1";"1";"6";"CCD5";" -12,8452560000";"45,1050670000"
"202100026743";"29";"07";"2021";"01:30";"3";"59";"59312";"1";"1";"1";"1";"Autoroute A26, sens CALAIS/REIMS, PK 147+600";"50,0220240000";"3,1704780000"
"202100026744";"29";"07";"2021";"05:50";"2";"27";"27091";"1";"1";"1";"6";"A13";"49,3631480000";"0,8469770000"
"202100026745";"30";"07";"2021";"00:50";"5";"988";"98817";"2";"1";"1";"6";"Route de la corniche/RPS2";" -22,2769950000";"166,5736990000"
"202100026746";"29";"07";"2021";"08:55";"1";"29";"29233";"1";"3";"1";"1";"Lieu Dit le Ristouar";"47,8491920000";" -3,5778680000"
"202100026747";"27";"07";"2021";"13:45";"1";"28";"28417";"1";"1";"2";"6";"D307 PR4+700";"48,6229880000";"1,5751430000"
"202100026748";"27";"07";"2021";"08:50";"1";"28";"28374";"1";"2";"2";"3";"Intersection RD26 et RN154";"48,6062700000";"1,4198110000"
"202100026749";"8";"07";"2021";"15:00";"1";"95";"95169";"1";"1";"1";"6";"RD 43";"49,1294920000";"1,8877870000"
"202100026750";"26";"07";"2021";"11:30";"1";"78";"78564";"1";"2";"1";"3";"RD 168";"48,5218200000";"1,9202690000"
"202100026751";"29";"07";"2021";"09:15";"1";"34";"34027";"2";"6";"1";"3";"Route de Saint Genies des Mourgues";"43,7214231332";"4,0225614369"
"202100026752";"25";"07";"2021";"09:45";"1";"83";"83063";"1";"1";"1";"3";"Route Departementale 558";"43,3324969609";"6,4487997206"
"202100026753";"28";"07";"2021";"17:10";"1";"38";"38474";"2";"2";"1";"3";"Rue du Vinay";"45,2049570000";"5,6675610000"
"202100026754";"13";"07";"2021";"11:20";"1";"09";"09261";"2";"1";"1";"6";"Boulevard FrÃ©dÃ©ric Arnaud";"42,9849470000";"1,1474090000"
"202100026755";"29";"07";"2021";"09:45";"1";"79";"79088";"1";"1";"1";"5";"N/A";"46,8168460000";" -0,4013230000"
"202100026756";"19";"07";"2021";"17:40";"1";"47";"47326";"1";"3";"1";"3";"D933";"44,5061010000";"0,2725180000"
"202100026757";"28";"07";"2021";"10:50";"1";"14";"14160";"1";"1";"8";"6";"N158";"49,0554690000";" -0,2872220000"
"202100026758";"25";"07";"2021";"12:10";"1";"13";"13214";"1";"1";"1";"3";"A7-Sens Lyon vers Marseille";"43,3339600000";"5,3771300000"
"202100026759";"28";"07";"2021";"06:30";"2";"83";"83144";"1";"1";"1";"6";"A57";"43,1334900000";"5,9847600000"
"202100026760";"28";"07";"2021";"08:00";"1";"69";"69297";"1";"1";"1";"3";"A47   0.000  A 1.657";"45,5882949463";"4,7903049810"
"202100026761";"27";"07";"2021";"02:55";"3";"59";"59646";"1";"1";"1";"2";"ROUTE DEPARTEMENTALE 656";"50,6809530000";"3,1276470000"
"202100026762";"28";"07";"2021";"15:30";"1";"91";"91216";"1";"1";"1";"2";"AUTOROUTE A6";"48,6861700000";"2,3267100000"
"202100026763";"28";"07";"2021";"15:30";"1";"78";"78158";"1";"1";"1";"2";"A13";"48,8314810000";"2,1469170000"
"202100026764";"28";"07";"2021";"11:15";"1";"92";"92064";"1";"1";"1";"4";"A13";"48,8397442438";"2,2019797335"
"202100026765";"27";"07";"2021";"21:10";"2";"78";"78498";"1";"1";"1";"6";"A13";"48,9178800000";"2,0079200000"
"202100026766";"28";"07";"2021";"01:00";"3";"95";"95572";"1";"1";"2";"6";"RN 184";"49,0333800000";"2,1091800000"
"202100026767";"27";"07";"2021";"12:15";"1";"42";"42095";"2";"2";"1";"2";"DUCHENE (RUE)";"45,3894748725";"4,2843564727"
"202100026768";"27";"07";"2021";"18:15";"1";"33";"33063";"2";"1";"1";"6";"Rue Billaudel";"44,8258370000";" -0,5649540000"
"202100026769";"27";"07";"2021";"16:29";"1";"75";"75120";"2";"1";"3";"6";"BOULEVARD MORTIER";"48,8766900000";"2,4070940000"
"202100026770";"27";"04";"2021";"16:40";"1";"13";"13082";"1";"1";"8";"1";"1736 Route de Lambesc";"43,6654250000";"5,3196020000"
"202100026771";"28";"07";"2021";"04:15";"5";"988";"98818";"2";"6";"1";"6";"RUE AMPERE";" -22,2331000000";"166,4565500000"
"202100026772";"27";"07";"2021";"05:40";"5";"976";"97611";"2";"9";"1";"7";"mamoudzou centre-Haladi Selemani ( rue )";" -12,7844200000";"45,2292400000"
"202100026773";"27";"07";"2021";"17:30";"1";"974";"97416";"2";"2";"1";"3";"LORION(RUE LUC)";" -21,3320800000";"55,4718800000"
"202100026774";"27";"07";"2021";"10:00";"1";"69";"69276";"1";"1";"1";"7";"312                                     ";"45,6696300000";"4,8468500000"
"202100026775";"27";"07";"2021";"13:10";"1";"69";"69259";"2";"9";"1";"7";"D301";"45,6833300000";"4,8833300000"
"202100026776";"27";"07";"2021";"07:55";"1";"69";"69387";"2";"2";"1";"3";"SALOMON REINACH (R)";"45,7515500000";"4,8410500000"
"202100026777";"26";"07";"2021";"08:40";"1";"69";"69387";"2";"4";"1";"4";"JULES CARTERET (BD)";"45,7260000000";"4,8450200000"
"202100026778";"27";"07";"2021";"06:40";"1";"972";"97209";"2";"1";"1";"3";"DIDIER (ROUTE DE)";"14,6203000000";" -61,0780200000"
"202100026779";"27";"07";"2021";"10:15";"1";"69";"69034";"2";"1";"1";"6";"PIERRE BRUNIER (R)";"45,7832800000";"4,8292900000"
"202100026780";"27";"07";"2021";"13:00";"1";"91";"91691";"2";"1";"2";"2";"GABRIEL PERI(RUE) DU NÂ°70 AU NÂ°122";"48,7063300000";"2,4882500000"
"202100026781";"27";"07";"2021";"14:40";"1";"91";"91223";"2";"1";"2";"1";"ROND POINT CHARLES DE GAULLES";"48,4263120000";"2,1541070000"
"202100026782";"27";"07";"2021";"11:00";"1";"87";"87114";"2";"1";"1";"6";"PICANYA (DE)";"45,8322300000";"1,2880900000"
"202100026783";"26";"07";"2021";"16:42";"1";"87";"87085";"2";"1";"2";"6";"NEXON (RUE DE)";"45,8195000000";"1,2658400000"
"202100026784";"16";"07";"2021";"18:40";"1";"84";"84007";"2";"1";"1";"2";"pont de l'europe";"43,9445200000";"4,7947300000"
"202100026785";"13";"07";"2021";"09:20";"1";"84";"84007";"2";"1";"1";"6";"C.De GAULLE (Rocade)";"43,9288200000";"4,8133300000"
"202100026786";"13";"07";"2021";"00:50";"5";"84";"84007";"1";"1";"1";"6";"C.De GAULLE (Rocade)";"43,9365500000";"4,7817500000"
"202100026787";"23";"07";"2021";"01:00";"5";"80";"80021";"2";"2";"1";"1";"ALSACE LORRAINE (BOULEVARD D')";"49,8944399000";"2,3091000000"