"Num_Acc";"jour";"mois";"an";"hrmn";"lum";"dep";"com";"agg";"int";"atm";"col";"adr";"lat";"long"
"202100026788";"24";"07";"2021";"13:10";"1";"78";"78524";"1";"9";"1";"3";"ROUTE DE VERSAILLES";"48,8317000000";"2,1129200000"
"202100026789";"27";"07";"2021";"06:50";"1";"76";"76351";"2";"2";"2";"3";"DEMIDOFF (RUE)";"49,4976500000";"0,1365500000"
"202100026790";"23";"07";"2021";"15:05";"1";"76";"76481";"1";"1";"1";"6";"Route de la ChÃªnaie";"49,5307701258";"0,1034474373"
"202100026791";"27";"07";"2021";"15:10";"1";"74";"74010";"2";"3";"1";"3";"BROGNY (AVENUE DE) (SECTEUR 310)";"45,9115600000";"6,1258900000"
"202100026792";"27";"07";"2021";"18:00";"1";"73";"73011";"2";"1";"8";"6";"D990 Route de Tours";"45,6686293399";"6,4048978686"
"202100026793";"28";"07";"2021";"01:30";"5";"72";"72181";"2";"1";"1";"6";"BOLLEE (AV) NÂ° PAIRS 154 A 222";"47,9978100000";"0,2144200000"
"202100026794";"27";"07";"2021";"19:00";"1";"72";"72181";"2";"1";"1";"2";"MAILLETS (RUE DES) IMP 37 A 159";"48,0153000000";"0,2119900000"
"202100026795";"27";"07";"2021";"13:45";"1";"69";"69266";"2";"1";"1";"3";"AUGUSTE BLANQUI (AV)";"45,7627918033";"4,8846656306"
"202100026796";"27";"07";"2021";"13:10";"1";"68";"68224";"2";"6";"1";"6";"VOIE RAPIDE NORD SUD";"47,7780800000";"7,3341500000"
"202100026797";"22";"07";"2021";"14:02";"1";"68";"68224";"2";"1";"1";"1";"DESCARTES (RUE)";"47,7474500000";"7,3284800000"
"202100026798";"27";"07";"2021";"07:30";"1";"67";"67447";"2";"1";"1";"6";"MALTERIES (RUE DES)";"48,5999800000";"7,7397100000"
"202100026799";"25";"07";"2021";"14:50";"1";"67";"67482";"2";"1";"1";"6";"GOEB (CHEMIN)";"48,5928600000";"7,7831000000"
"202100026800";"24";"07";"2021";"23:20";"5";"67";"67482";"2";"8";"3";"1";"PRESIDENT WILSON (BOULEVARD)";"48,5874771501";"7,7386263013"
"202100026801";"27";"07";"2021";"01:20";"5";"64";"64445";"2";"1";"1";"7";"TRESPOEY";"43,2988954314";" -0,3493228555"
"202100026802";"27";"07";"2021";"18:45";"1";"64";"64102";"2";"1";"1";"7";"AllÃ©e Pierre LatÃ©coÃ¨re";"43,4662850589";" -1,4920055866"
"202100026803";"27";"07";"2021";"09:45";"1";"64";"64102";"2";"1";"1";"2";"AllÃ©es Marines";"43,4974200000";" -1,4848700000"
"202100026804";"26";"07";"2021";"14:30";"1";"64";"64102";"2";"6";"1";"2";"DUVERGIER DE HAURANNE (AVENUE)";"43,4829100000";" -1,4659700000"
"202100026805";"22";"07";"2021";"14:37";"1";"63";"63032";"2";"6";"1";"2";"POURLIAT (ROND-POINT DU)";"45,7474700000";"3,0947900000"
"202100026806";"26";"07";"2021";"17:43";"1";"63";"63113";"2";"3";"1";"3";"LIBERATION (AVENUE DE LA)";"45,7585200000";"3,0811100000"
"202100026807";"23";"07";"2021";"18:35";"1";"63";"63113";"2";"3";"1";"3";"ORADOU (RUE DE L')/ Printemps";"45,7671500000";"3,1200900000"
"202100026808";"27";"07";"2021";"18:25";"1";"60";"60684";"1";"1";"2";"4";"RD 200_NORD";"49,2849666573";"2,4931368827"
"202100026809";"25";"07";"2021";"18:05";"1";"59";"59512";"2";"2";"1";"1";"INDUSTRIE (RUE DE L')";"50,6881300000";"3,1630600000"
"202100026810";"27";"07";"2021";"21:10";"1";"59";"59648";"2";"3";"8";"2";"CLEMENCEAU RUE";"50,5938184035";"3,0511415005"
"202100026811";"27";"07";"2021";"17:15";"1";"59";"59410";"2";"6";"2";"3";"SANGNIER MARC AVENUE";"50,6473200000";"3,1113900000"
"202100026812";"17";"07";"2021";"13:10";"1";"59";"59328";"2";"1";"1";"6";"DUNKERQUE AVENUE DE";"50,6392257495";"3,0207681656"
"202100026813";"27";"07";"2021";"14:46";"1";"51";"51058";"2";"3";"1";"3";"Rue Alfred Kastler";"49,2206200000";"4,0036000000"
"202100026814";"27";"07";"2021";"14:30";"1";"51";"51454";"2";"2";"2";"3";"Rue Hugues Krafft";"49,2752600000";"4,0203400000"
"202100026815";"26";"07";"2021";"07:50";"1";"49";"49328";"2";"6";"1";"3";"CESSART (ROND-POINT)";"47,2613400000";" -0,0766800000"
"202100026816";"27";"07";"2021";"12:00";"1";"45";"45234";"2";"1";"2";"1";"Avenue de Trevise";"47,8945170000";"1,8999870000"
"202100026817";"26";"07";"2021";"19:45";"1";"37";"37208";"2";"6";"1";"5";"LAC (AVENUE DU)";"47,3659856363";"0,7176411152"
"202100026818";"26";"07";"2021";"18:10";"1";"37";"37261";"2";"1";"1";"6";"MARCEAU (RUE)";"47,3919289194";"0,6857791543"
"202100026819";"26";"07";"2021";"08:09";"1";"37";"37122";"2";"3";"1";"7";"CHINON (BOULEVARD DE)";"47,3513941000";"0,6814138100"
"202100026820";"27";"07";"2021";"15:45";"1";"35";"35238";"2";"1";"2";"2";"PATTON (AVENUE DU GENERAL SIR GEORGES)";"48,1333400000";" -1,6606900000"
"202100026821";"26";"07";"2021";"23:50";"5";"35";"35238";"2";"4";"1";"6";"LANGUEDOC (AVENUE DU)";"48,1164000000";" -1,7074800000"
"202100026822";"27";"07";"2021";"11:20";"1";"34";"34172";"2";"1";"1";"3";"ALLEE MANITAS DE PLATA";"43,6138200000";"3,9300000000"
"202100026823";"26";"07";"2021";"14:50";"1";"34";"34172";"2";"9";"1";"3";"AEROPORT INTERNATIONAL (BOULEVARD DE L')";"43,6088157965";"3,8947349371"
"202100026824";"27";"07";"2021";"23:40";"1";"33";"33063";"2";"1";"1";"2";"Cours de la Somme";"44,8247100000";" -0,5725600000"
"202100026825";"27";"07";"2021";"11:50";"1";"33";"33318";"2";"2";"1";"3";"Avenue Jean Cordier";"44,8114200000";" -0,6246000000"
"202100026826";"26";"07";"2021";"18:50";"1";"31";"31555";"2";"9";"1";"4";"STRASBOURG (BD DE) DU 2AU 66";"43,6066132308";"1,4477866888"
"202100026827";"24";"07";"2021";"01:20";"5";"30";"30189";"2";"2";"1";"6";"ARTS (AVENUE)";"43,8231100000";"4,3358500000"
"202100026828";"26";"07";"2021";"19:40";"1";"30";"30243";"2";"9";"1";"2";"MOULIN (AVENUE J.)";"44,0756600000";"4,0799700000"
"202100026829";"27";"07";"2021";"16:50";"1";"29";"29232";"2";"1";"1";"6";"Boulevard Dupleix";"47,9941280000";" -4,1045930000"
"202100026830";"27";"07";"2021";"20:47";"2";"29";"29019";"2";"3";"1";"3";"Boulevard de lâEurope";"48,4129200000";" -4,5015400000"
"202100026831";"27";"07";"2021";"14:00";"1";"29";"29019";"2";"1";"1";"2";"Rue GÃ©nÃ©ral Paulet";"48,4090160000";" -4,4760990000"
"202100026832";"27";"07";"2021";"21:45";"1";"13";"13208";"2";"1";"1";"3";"GOUDES (CHEMIN DES)";"43,2257330730";"5,3484599983"
"202100026833";"27";"07";"2021";"16:25";"1";"13";"13207";"2";"3";"1";"6";"PASTEUR (AVENUE)";"43,2917900000";"5,3590000000"
"202100026834";"27";"07";"2021";"10:30";"1";"13";"13209";"2";"1";"1";"7";"CHE DE LA COLLINE SAINT JOSEPH";"43,2501100000";"5,4165800000"
"202100026835";"26";"07";"2021";"09:30";"1";"13";"13207";"2";"1";"1";"2";"CATALANS (RUE DES)";"43,2924334329";"5,3556697461"
"202100026836";"26";"07";"2021";"06:10";"1";"13";"13205";"2";"2";"1";"3";"BROCHIER (RUE)";"43,2909854796";"5,3921223708"
"202100026837";"26";"07";"2021";"08:25";"1";"12";"12089";"1";"1";"1";"6";"D 963";"44,5856800000";"2,2478400000"
"202100026838";"26";"07";"2021";"18:05";"1";"09";"09225";"2";"1";"1";"7";"LAKANAL RUE";"43,1168400000";"1,6119300000"
"202100026839";"26";"07";"2021";"18:07";"1";"09";"09122";"2";"1";"1";"6";"LESPINET (RUE DE)";"42,9667540000";"1,6036850000"
"202100026840";"27";"07";"2021";"11:42";"1";"06";"06069";"2";"1";"1";"6";"GRAND CHENE (CHEMIN DU)";"43,6372500000";"6,9240500000"
"202100026841";"26";"07";"2021";"18:15";"1";"06";"06123";"1";"1";"1";"2";"BORD DE MER RN 98";"43,6632070000";"7,1973980000"
"202100026842";"26";"07";"2021";"18:30";"1";"04";"04112";"2";"2";"1";"3";"Inter bd des Tilleuls / Rue dâAubette";"43,8342400000";"5,7854000000"
"202100026843";"27";"07";"2021";"13:45";"1";"02";"02738";"2";"2";"2";"1";"GAMBETTA (BOULEVARD)";"49,6531700000";"3,2897300000"
"202100026844";"27";"07";"2021";"08:05";"1";"75";"75120";"2";"2";"1";"6";"RUE DES FRERES FLAVIEN";"48,8767990000";"2,4119980000"
"202100026845";"27";"07";"2021";"17:31";"1";"75";"75119";"2";"2";"2";"3";"RUE DE CRIMEE";"48,8921530000";"2,3750950000"
"202100026846";"26";"07";"2021";"23:34";"5";"75";"75119";"2";"3";"1";"6";"RUE MANIN";"48,8843430000";"2,3912830000"
"202100026847";"27";"07";"2021";"12:30";"1";"75";"75115";"2";"1";"2";"2";"BOULEVARD DE GRENELLE";"48,8499090000";"2,2956600000"
"202100026848";"27";"07";"2021";"16:20";"1";"75";"75113";"2";"2";"3";"3";"AVENUE D ITALIE";"48,8261830000";"2,3572770000"
"202100026849";"27";"07";"2021";"11:35";"1";"75";"75113";"2";"1";"2";"7";"BOULEVARD DE L HOPITAL";"48,8357640000";"2,3589050000"
"202100026850";"27";"07";"2021";"11:05";"1";"75";"75113";"2";"1";"2";"3";"RUE EMILE DESLANDRES";"48,8347350000";"2,3498550000"
"202100026851";"26";"07";"2021";"12:50";"1";"75";"75112";"2";"2";"1";"3";"AVENUE LEDRU ROLLIN";"48,8479930000";"2,3714260000"
"202100026852";"27";"07";"2021";"08:30";"1";"75";"75110";"2";"4";"1";"6";"BOULEVARD DE MAGENTA";"48,8690033976";"2,3625808954"
"202100026853";"27";"07";"2021";"06:00";"1";"75";"75110";"2";"1";"1";"6";"RUE DU FAUBOURG SAINT DENIS";"48,8790860000";"2,3570490000"
"202100026854";"27";"07";"2021";"00:00";"5";"75";"75110";"2";"5";"1";"3";"RUE LA FAYETTE";"48,8758920000";"2,3540800000"
"202100026855";"27";"07";"2021";"18:00";"1";"75";"75108";"2";"7";"2";"7";"PLACE DE L ALMA";"48,8643510000";"2,3018470000"
"202100026856";"27";"07";"2021";"15:00";"1";"75";"75101";"2";"3";"1";"5";"QUAI DE LA MEGISSERIE";"48,8580020000";"2,3444350000"
"202100026857";"27";"07";"2021";"15:00";"1";"75";"75101";"2";"3";"2";"2";"QUAI DU LOUVRE";"48,8590400000";"2,3398630000"
"202100026858";"26";"07";"2021";"20:10";"1";"75";"75104";"2";"3";"1";"7";"BOULEVARD MORLAND";"48,8489390000";"2,3646160000"
"202100026859";"26";"07";"2021";"14:40";"1";"75";"75101";"2";"3";"2";"7";"RUE DE RIVOLI";"48,8646450000";"2,3293010000"
"202100026860";"27";"07";"2021";"16:00";"1";"94";"94081";"2";"1";"2";"2";"Avenue Youri Gagarine";"48,7853300000";"2,3923800000"
"202100026861";"23";"07";"2021";"09:15";"1";"94";"94080";"2";"2";"1";"1";"Rue de Lagny";"48,8491050000";"2,4230520000"
"202100026862";"26";"07";"2021";"03:40";"5";"94";"94080";"2";"1";"1";"6";"MINIMES (AV DES)";"48,8413350000";"2,4302450000"
"202100026863";"27";"07";"2021";"18:00";"1";"94";"94015";"2";"1";"2";"4";"Boulevard Georges MÃ©liÃ¨s";"48,8352870000";"2,5363190000"
"202100026864";"27";"07";"2021";"21:50";"2";"93";"93078";"2";"2";"2";"2";"Boulevard Robert Ballanger / Avenue Jean Fourgeaud";"48,9602100000";"2,5530600000"
"202100026865";"24";"07";"2021";"10:20";"1";"93";"93005";"2";"1";"1";"3";"Boulevard Marc Chagall";"48,9530760000";"2,5015200000"
"202100026866";"25";"07";"2021";"22:50";"5";"93";"93066";"2";"2";"1";"1";"FRANCE ANATOLE (BOULEVARD) NR AUTRES";"48,9255215768";"2,3507142323"
"202100026867";"27";"07";"2021";"12:45";"1";"93";"93053";"2";"1";"2";"2";"Boulevard Roger Salengro";"48,8837200000";"2,4551800000"
"202100026868";"27";"07";"2021";"09:00";"1";"93";"93063";"2";"1";"1";"3";"Rue de la FraternitÃ©";"48,8771200000";"2,4457300000"
"202100026869";"25";"07";"2021";"06:34";"2";"93";"93032";"2";"1";"2";"6";"Avenue Jean JaurÃ¨s";"48,8836800000";"2,5300900000"
"202100026870";"26";"07";"2021";"21:55";"2";"93";"93029";"2";"3";"1";"3";"SADI CARNOT";"48,9258800000";"2,4402200000"
"202100026871";"27";"07";"2021";"20:25";"1";"93";"93047";"2";"2";"2";"3";"Avenue Jean JaurÃ©s / Avenue des GÃ©raniums";"48,8985980000";"2,5503980000"
"202100026872";"27";"07";"2021";"08:20";"1";"93";"93008";"2";"3";"1";"3";"VAILLANT (AVENUE EDOUARD)";"48,9116500000";"2,4649100000"
"202100026873";"27";"07";"2021";"18:03";"1";"92";"92062";"2";"1";"2";"2";"DE DION BOUTON (QUAI) DU 29 AU 65";"48,8857200000";"2,2516500000"
"202100026874";"23";"07";"2021";"16:30";"1";"92";"92024";"2";"1";"1";"4";"GENNEVILLIERS (PONT DE)";"48,9127700000";"2,3111700000"
"202100026875";"27";"07";"2021";"15:40";"1";"60";"60225";"2";"3";"2";"3";"Rue de CrÃ¨vecoeur";"49,4198483226";"2,3615262508"
"202100026876";"9";"06";"2021";"14:30";"1";"22";"22112";"1";"1";"1";"1";"D6";"48,6499441389";" -3,0103182780"
"202100026877";"25";"07";"2021";"17:30";"1";"57";"57245";"1";"1";"3";"1";"D62";"49,4247020000";"6,2924410000"
"202100026878";"21";"07";"2021";"18:00";"1";"13";"13078";"1";"3";"1";"3";"D268";"43,4032240000";"4,7880540000"
"202100026879";"27";"07";"2021";"17:25";"1";"972";"97210";"1";"1";"1";"3";"D16/Gabourin 2";"14,5931720000";" -60,9207340000"
"202100026880";"27";"07";"2021";"15:00";"1";"63";"63071";"2";"2";"8";"3";"Rue des Pres Verts";"45,7656070000";"2,9005210000"
"202100026881";"27";"07";"2021";"15:40";"1";"64";"64057";"1";"2";"1";"5";"Carrefour D31 / D731";"43,4640630000";" -0,6191930000"
"202100026882";"27";"07";"2021";"08:30";"1";"41";"41131";"1";"1";"2";"6";"D5";"47,8217130000";"0,9292710000"
"202100026883";"28";"06";"2021";"15:49";"1";"37";"37054";"1";"1";"2";"7";"autoroute A28, PK 023+800";"47,4798550978";"0,6883841088"
"202100026884";"26";"07";"2021";"18:30";"1";"66";"66189";"1";"1";"8";"1";"D62";"42,6544196893";"2,9287026823"
"202100026885";"28";"07";"2021";"08:25";"1";"2B";"2B207";"2";"1";"1";"1";"RT 10 FOLELLI";"42,4417410000";"9,5087420000"
"202100026886";"28";"07";"2021";"11:50";"1";"65";"65145";"1";"1";"1";"6";"Rd921 PK 11-750";"42,9163870000";" -0,0382480000"
"202100026887";"28";"07";"2021";"18:35";"1";"32";"32296";"1";"2";"1";"3";"D931";"43,7543490000";" -0,0483010000"
"202100026888";"24";"07";"2021";"23:12";"3";"39";"39462";"1";"1";"5";"5";"N/A";"47,1298050000";"5,5629870000"
"202100026889";"27";"07";"2021";"20:40";"1";"29";"29172";"2";"1";"1";"2";"Route de Lestrevet";"48,1730633933";" -4,2854921690"
"202100026890";"27";"07";"2021";"12:30";"1";"29";"29072";"2";"3";"1";"6";"Quai d Estienne d Orves";"47,7942520000";" -4,2824850000"
"202100026891";"28";"07";"2021";"16:20";"1";"38";"38261";"2";"2";"1";"1";"934 Rue Paul Claudel";"45,6732330000";"5,4826070000"
"202100026892";"27";"07";"2021";"12:00";"1";"84";"84102";"1";"1";"1";"6";"D2 route des lavandes";"43,9195510000";"5,2774290000"
"202100026893";"28";"07";"2021";"00:30";"5";"70";"70473";"2";"6";"2";"3";"Rue Edouard Herriot";"47,8084376281";"6,3831889591"
"202100026894";"28";"07";"2021";"15:47";"1";"26";"26299";"1";"3";"1";"1";"693 Route de Die";"44,7631330000";"5,2864090000"
"202100026895";"27";"07";"2021";"19:40";"1";"54";"54102";"1";"1";"8";"6";"D908";"48,7146805826";"5,8574670561"
"202100026896";"28";"07";"2021";"17:55";"1";"60";"60155";"1";"1";"1";"3";"D929";"49,2476380000";"2,3156690000"
"202100026897";"26";"07";"2021";"17:30";"1";"07";"07204";"1";"1";"1";"7";"D21";"44,9642030000";"4,4447420000"
"202100026898";"28";"07";"2021";"17:50";"1";"53";"53219";"1";"3";"1";"7";"D5";"48,3190850000";" -0,7004320000"
"202100026899";"27";"07";"2021";"22:20";"3";"21";"21271";"1";"1";"2";"6";"RD9 PR31+500";"47,5115780000";"4,5249080000"
"202100026900";"28";"07";"2021";"07:00";"1";"04";"04006";"1";"1";"2";"6";"RD 908";"44,3015540000";"6,5828920000"
"202100026901";"28";"07";"2021";"15:35";"1";"85";"85029";"1";"1";"1";"1";"Le Pre Greneze";"46,9478270000";" -2,0245420000"
"202100026902";"27";"07";"2021";"21:30";"1";"27";"27398";"1";"1";"2";"6";"13 Rue RangÃ©e des Sablons";"49,1050980000";"0,6188870000"
"202100026903";"28";"07";"2021";"12:30";"1";"27";"27198";"2";"1";"1";"6";"Aigremont";"48,8432540000";"1,0119220000"
"202100026904";"28";"07";"2021";"17:34";"1";"28";"28335";"1";"1";"1";"1";"Le Frou";"48,4547370000";"1,0226830000"
"202100026905";"25";"07";"2021";"07:39";"1";"48";"48016";"1";"1";"1";"7";"RN 88";"44,4843210000";"3,4576890000"
"202100026906";"27";"07";"2021";"22:10";"3";"48";"48016";"1";"1";"1";"1";"N106";"44,4785300000";"3,4630590000"
"202100026907";"22";"07";"2021";"03:46";"3";"40";"40152";"1";"1";"1";"6";"Autoroute A63 - PK 110.600";"43,9461140000";" -1,0792350000"
"202100026908";"27";"07";"2021";"16:00";"1";"34";"34320";"1";"1";"1";"3";"D111";"43,6516340000";"3,7256960000"
"202100026909";"27";"07";"2021";"20:00";"3";"976";"97612";"1";"1";"1";"1";"RN1";" -12,7031220000";"45,0557040000"
"202100026910";"28";"07";"2021";"14:00";"1";"60";"60408";"1";"1";"1";"7";"A1 - PK 75+500 Lille/Paris";"49,4764269288";"2,7115616214"
"202100026911";"28";"07";"2021";"00:05";"5";"974";"97408";"2";"1";"1";"6";"3 Rue Bobby Sands";" -20,9636850000";"55,3249350000"
"202100026912";"28";"07";"2021";"09:45";"1";"29";"29233";"2";"1";"1";"7";"14 Rue de Ty-Bordeaux";"47,8662700000";" -3,5500460000"
"202100026913";"27";"07";"2021";"23:40";"3";"77";"77203";"1";"1";"2";"6";"D17";"48,9774850000";"2,9632510000"
"202100026914";"25";"07";"2021";"10:10";"1";"2A";"2A041";"2";"1";"1";"7";"Bonifacio";"41,3887630000";"9,1671740000"
"202100026915";"28";"07";"2021";"09:30";"1";"83";"83065";"2";"1";"1";"6";"D98a";"43,2640420000";"6,6204000000"
"202100026916";"7";"06";"2021";"17:45";"1";"13";"13073";"2";"1";"1";"1";"rue de la rÃ©publique";"43,3839760000";"5,5709860000"
"202100026917";"27";"07";"2021";"18:45";"1";"67";"67137";"2";"1";"1";"2";"18 rue Paul Gauguin";"48,4870240000";"7,6971140000"
"202100026918";"26";"07";"2021";"16:40";"1";"88";"88126";"2";"4";"1";"3";"D266";"48,1990630000";"6,3548130000"
"202100026919";"27";"07";"2021";"12:55";"1";"38";"38085";"2";"1";"7";"2";"10 Route de Lyon";"45,7502910000";"5,1642270000"
"202100026920";"23";"05";"2021";"18:45";"1";"69";"69236";"1";"1";"1";"3";"D488";"45,5639810000";"4,6964510000"
"202100026921";"4";"06";"2021";"19:45";"2";"56";"56177";"1";"1";"1";"7";"Route de Languidic D102";"47,7823770000";" -3,0220020000"
"202100026922";"27";"07";"2021";"09:50";"1";"22";"22070";"2";"2";"2";"4";"Rue du Marechal Joffre";"48,5632500000";" -3,1499270000"
"202100026923";"21";"07";"2021";"10:50";"1";"22";"22272";"1";"2";"1";"3";"D9";"48,5657030000";" -3,1082940000"
"202100026924";"28";"07";"2021";"08:15";"1";"60";"60341";"1";"6";"1";"3";"N/A";"49,0849690000";"2,7572250000"
"202100026925";"27";"07";"2021";"18:00";"1";"13";"13055";"1";"1";"1";"2";"A507 sens Marseille - Aubagne";"43,3295900000";"5,4128200000"
"202100026926";"27";"07";"2021";"14:20";"1";"13";"13215";"1";"1";"1";"3";"A7-Sens Lyon vers Marseille";"43,3473643947";"5,3716866519"
"202100026927";"26";"07";"2021";"16:45";"1";"13";"13207";"1";"1";"1";"2";"A55-Sens Marseille vers Martigues";"43,2907900000";"5,3642600000"
"202100026928";"25";"07";"2021";"22:56";"5";"13";"13055";"1";"1";"1";"2";"A507 sens Aubagne- Marseille";"43,2927100000";"5,4243600000"
"202100026929";"25";"07";"2021";"22:40";"5";"33";"33013";"1";"1";"1";"6";"N/A";"44,8461330000";" -0,5022710000"
"202100026930";"27";"07";"2021";"17:15";"1";"91";"91521";"1";"1";"2";"3";"RN 104";"48,6360700000";"2,4021000000"
"202100026931";"27";"07";"2021";"13:50";"1";"91";"91549";"1";"1";"3";"2";"RN 104";"48,6258400000";"2,3388100000"
"202100026932";"27";"07";"2021";"16:50";"1";"92";"92036";"1";"1";"2";"4";"A86";"48,9364031030";"2,2894631783"
"202100026933";"27";"07";"2021";"08:50";"1";"78";"78007";"1";"1";"1";"2";"A13 Y";"48,8957600000";"2,0071200000"
"202100026934";"26";"07";"2021";"17:10";"1";"92";"92036";"1";"1";"2";"6";"A86";"48,9345665738";"2,2803041270"
"202100026935";"26";"07";"2021";"14:55";"1";"78";"78043";"1";"1";"1";"6";"A13W";"48,8411700000";"2,1008000000"
"202100026936";"27";"07";"2021";"18:30";"1";"92";"92036";"1";"1";"2";"6";"AUTOROUTE A15";"48,9406783537";"2,2926308104"
"202100026937";"27";"07";"2021";"00:15";"3";"95";"95582";"1";"1";"1";"6";" A115";"48,9779200000";"2,2410100000"
"202100026938";"27";"07";"2021";"14:45";"1";"77";"77249";"1";"1";"2";"6";"RN104";"48,7489851927";"2,6137740302"
"202100026939";"1";"03";"2021";"15:30";"1";"60";"60036";"1";"1";"1";"7";"rd 75";"49,4045930000";"2,5746630000"
"202100026940";"25";"03";"2021";"14:20";"1";"73";"73150";"2";"3";"1";"1";"D223 / Plagne Centre";"45,5069090000";"6,6788720000"
"202100026941";"6";"03";"2021";"11:10";"1";"73";"73085";"1";"1";"1";"2";"D991 B";"45,7918260000";"5,8628370000"
"202100026942";"14";"04";"2021";"10:35";"1";"74";"74159";"2";"1";"1";"2";"route nationale";"46,0192870000";"6,6219450000"
"202100026943";"18";"03";"2021";"18:00";"1";"74";"74169";"2";"1";"1";"1";"R de la Fin";"46,0629000000";"6,5252040000"
"202100026944";"21";"03";"2021";"18:30";"2";"74";"74264";"1";"1";"1";"7";"Av de la Route Blanche";"46,0602810000";"6,5496160000"
"202100026945";"26";"07";"2021";"11:10";"1";"75";"75119";"2";"7";"1";"2";"PLACE AUGUSTE BARON";"48,9001480000";"2,3883900000"
"202100026946";"25";"07";"2021";"11:55";"1";"75";"75115";"2";"1";"2";"2";"BOULEVARD DU MONTPARNASSE";"48,8459260000";"2,3183400000"
"202100026947";"26";"07";"2021";"19:50";"1";"75";"75111";"2";"2";"8";"3";"BOULEVARD VOLTAIRE";"48,8503940000";"2,3925220000"
"202100026948";"26";"07";"2021";"15:20";"1";"75";"75111";"2";"3";"8";"1";"BOULEVARD RICHARD LENOIR";"48,8619420000";"2,3727700000"
"202100026949";"26";"07";"2021";"14:20";"1";"75";"75110";"2";"2";"8";"3";"BOULEVARD DE LA CHAPELLE";"48,8842447229";"2,3646086454"
"202100026950";"26";"07";"2021";"12:40";"2";"75";"75110";"2";"1";"2";"6";"RUE BEAUREPAIRE";"48,8706460000";"2,3639790000"
"202100026951";"26";"07";"2021";"17:21";"1";"75";"75108";"2";"2";"2";"2";"AVENUE WINSTON CHURCHILL";"48,8671170000";"2,3139540000"
"202100026952";"26";"07";"2021";"09:55";"1";"75";"75107";"2";"2";"2";"2";"AVENUE DU MARECHAL GALLIENI";"48,8610410000";"2,3132380000"
"202100026953";"25";"07";"2021";"23:40";"5";"75";"75101";"2";"7";"1";"1";"RUE DE RIVOLI";"48,8621860000";"2,3370150000"
"202100026954";"26";"07";"2021";"17:15";"1";"94";"94078";"2";"3";"1";"3";"Rue de Paris";"48,7355781165";"2,4468451738"
"202100026955";"26";"07";"2021";"20:08";"1";"94";"94046";"2";"1";"2";"3";"Avenue du GÃ©nÃ©ral Leclerc";"48,8100800000";"2,4326600000"
"202100026956";"26";"07";"2021";"17:31";"1";"94";"94046";"2";"1";"2";"2";"Avenue du GÃ©nÃ©ral Leclerc";"48,8148500000";"2,4227800000"
"202100026957";"26";"07";"2021";"01:30";"5";"94";"94041";"2";"1";"1";"6";"Rue Lucien Nadaire";"48,8008540000";"2,3930490000"
"202100026958";"26";"07";"2021";"17:26";"1";"94";"94028";"2";"2";"3";"3";"ARCOS.(RUE RENE)";"48,7777500000";"2,4636100000"
"202100026959";"21";"07";"2021";"23:00";"5";"94";"94028";"2";"1";"1";"2";"Route de la Pompadour";"48,7732600000";"2,4352500000"
"202100026960";"25";"07";"2021";"19:10";"1";"94";"94018";"2";"2";"1";"3";"Rue Paul Eluard";"48,8198730000";"2,4101540000"
"202100026961";"26";"07";"2021";"19:30";"1";"93";"93078";"2";"3";"2";"1";"AllÃ©e Arthur Adamov / Rue Sigmund Freud";"48,9545600000";"2,5490700000"
"202100026962";"26";"07";"2021";"07:55";"1";"93";"93070";"2";"4";"8";"3";"DIEUMEGARD(RUE)";"48,9118500000";"2,3337600000"
"202100026963";"25";"07";"2021";"08:58";"1";"93";"93055";"2";"3";"1";"1";"JEAN LOLIVE (AVENUE)(55/73.62/86)";"48,8912430000";"2,4025480000"
"202100026964";"26";"07";"2021";"17:30";"1";"93";"93051";"2";"1";"2";"1";"DOCTEUR SUREAU";"48,8478300000";"2,5481400000"
"202100026965";"26";"07";"2021";"16:15";"1";"93";"93049";"2";"3";"1";"3";"Boulevard GalliÃ©ni / Rue Edgar Quinet";"48,8528100000";"2,5132100000"
"202100026966";"25";"07";"2021";"18:00";"1";"93";"93046";"2";"9";"1";"3";"Avenue Gambetta";"48,9184150000";"2,5211460000"
"202100026967";"26";"07";"2021";"19:52";"1";"93";"93031";"2";"1";"1";"6";"Rue de Strasbourg";"48,9566800000";"2,2973600000"
"202100026968";"26";"07";"2021";"09:45";"1";"92";"92051";"2";"3";"8";"7";"VILLIERS(RUE DE)  2A52";"48,8891470000";"2,2807430000"
"202100026969";"25";"07";"2021";"06:30";"2";"92";"92036";"2";"1";"1";"6";"CHANDON (AVENUE) (62/110)";"48,9210183468";"2,3016973432"
"202100026970";"26";"07";"2021";"14:15";"1";"92";"92032";"2";"1";"1";"6";"REDOUTE (RUE DE LA)";"48,7947200000";"2,2750100000"
"202100026971";"26";"07";"2021";"18:00";"1";"95";"95313";"1";"9";"3";"7";"Autoroute A16 ";"49,1143040000";"2,2538710000"
"202100026972";"27";"07";"2021";"12:35";"1";"2A";"2A262";"1";"1";"1";"3";"D4";"42,1337810000";"8,8534570000"
"202100026973";"27";"07";"2021";"12:29";"1";"25";"25631";"1";"1";"1";"5";"RN 83 - PR 018+100";"47,1528800000";"5,9403420000"
"202100026974";"25";"07";"2021";"20:30";"1";"41";"41234";"1";"1";"7";"7";"D155";"47,5650380000";"1,1328970000"
"202100026975";"14";"07";"2021";"17:40";"1";"84";"84044";"1";"1";"1";"1";"795 Route de Mollans";"44,2252400000";"5,1470790000"