"Num_Acc";"jour";"mois";"an";"hrmn";"lum";"dep";"com";"agg";"int";"atm";"col";"adr";"lat";"long"
"202100026976";"10";"07";"2021";"11:30";"1";"88";"88505";"1";"1";"1";"7";"lieu dit Thiriville";"48,1750040000";"6,8459740000"
"202100026977";"26";"07";"2021";"01:15";"5";"74";"74010";"2";"1";"1";"6";"7 R Emile Tyrode";"45,9151240000";"6,0933240000"
"202100026978";"26";"07";"2021";"23:10";"3";"974";"97410";"1";"1";"1";"3";"RN 2";" -21,1085740000";"55,7492640000"
"202100026979";"25";"07";"2021";"20:00";"3";"971";"97133";"1";"1";"1";"7";"Rue de Blondeau";"15,9532570000";" -61,6817310000"
"202100026980";"26";"07";"2021";"16:20";"1";"41";"41173";"1";"2";"1";"3";"RD25";"47,8861070000";"1,5313480000"
"202100026981";"26";"07";"2021";"16:15";"1";"34";"34217";"2";"1";"1";"7";"Route de Mende";"43,6997070000";"3,8623840000"
"202100026982";"26";"07";"2021";"19:35";"1";"51";"51312";"2";"1";"1";"7";"Boulevard de Champagne";"49,0122984492";"4,2649767662"
"202100026983";"26";"07";"2021";"16:45";"1";"19";"19057";"1";"1";"1";"1";"la gondrone";"45,0467160000";"1,6649220000"
"202100026984";"26";"07";"2021";"16:15";"1";"56";"56165";"1";"1";"1";"2";"RN 166  PR 40+900";"47,9180100000";" -2,4046700000"
"202100026985";"26";"07";"2021";"17:50";"1";"56";"56240";"1";"1";"1";"3";"Route des Chataigniers";"47,5398830000";" -2,8294300000"
"202100026986";"26";"07";"2021";"18:05";"1";"79";"79340";"1";"1";"1";"6";"N/A";"46,5390860000";" -0,1227380000"
"202100026987";"27";"07";"2021";"13:50";"1";"2A";"2A008";"2";"1";"1";"6";"D55 / FACE RESIDENCE LES FLOTS BLEUS";"41,8592260000";"8,7915620000"
"202100026988";"26";"07";"2021";"17:25";"1";"80";"80015";"1";"1";"2";"1";"Route Departementale 917";"49,9579850000";"2,9725740000"
"202100026989";"27";"07";"2021";"04:00";"3";"89";"89304";"1";"1";"1";"7";"N/A";"47,8464600000";"3,3861920000"
"202100026990";"27";"07";"2021";"13:45";"1";"55";"55438";"1";"1";"1";"1";"Chemin de Wallou";"49,3246050000";"5,0763810000"
"202100026991";"27";"07";"2021";"17:38";"1";"12";"12148";"1";"1";"1";"1";"Route de Sangayrac";"44,4729070000";"2,2334110000"
"202100026992";"26";"07";"2021";"18:15";"1";"42";"42009";"1";"2";"1";"3";"D68";"45,7705650000";"4,0045380000"
"202100026993";"27";"07";"2021";"18:00";"1";"39";"39548";"2";"1";"1";"1";"6 Route de Champagnole";"46,8266280000";"5,7219880000"
"202100026994";"27";"07";"2021";"10:43";"1";"25";"25103";"1";"3";"1";"3";"intersction RN83 D110";"47,1604530000";"5,9519290000"
"202100026995";"26";"07";"2021";"12:48";"1";"31";"31503";"1";"1";"2";"6";"D52";"43,1373670000";"0,9511220000"
"202100026996";"27";"07";"2021";"14:15";"1";"38";"38078";"1";"1";"1";"7";"ROUTE DE BENS";"45,3990000000";"6,1390000000"
"202100026997";"26";"07";"2021";"21:15";"3";"15";"15215";"1";"1";"1";"6";"Saint-Simon";"44,9664410000";"2,4746490000"
"202100026998";"25";"07";"2021";"03:30";"3";"26";"26305";"1";"1";"1";"6";"735 Chemin des Andrans";"44,5904750000";"4,9018980000"
"202100026999";"26";"07";"2021";"16:15";"1";"58";"58017";"1";"8";"1";"3";"Chausse";"47,1024840000";"3,7307650000"
"202100027000";"26";"07";"2021";"19:15";"1";"06";"06090";"1";"1";"1";"1";"D309";"43,5891840000";"6,9170420000"
"202100027001";"27";"07";"2021";"10:20";"1";"14";"14070";"2";"1";"1";"6";"D146 ";"49,1903500000";" -0,0440790000"
"202100027002";"27";"07";"2021";"01:45";"3";"64";"64034";"1";"1";"1";"6";"D933 - PK 40.500";"43,3469030000";" -1,0012360000"
"202100027003";"19";"07";"2021";"10:20";"1";"36";"36127";"2";"1";"1";"6";"9 Rue du Pont";"46,6013700000";"1,9796980000"
"202100027004";"27";"07";"2021";"13:30";"1";"07";"07198";"1";"1";"1";"7";"D265A";"44,7995050000";"4,7239710000"
"202100027005";"26";"07";"2021";"14:15";"1";"21";"21425";"2";"1";"1";"6";"D905";"47,6245620000";"4,3179760000"
"202100027006";"26";"07";"2021";"22:15";"3";"21";"21492";"1";"1";"1";"1";"D974";"47,0095270000";"4,8093400000"
"202100027007";"18";"07";"2021";"16:05";"1";"40";"40236";"1";"1";"1";"1";"D7";"43,6832480000";" -0,8363400000"
"202100027008";"23";"07";"2021";"19:05";"1";"40";"40075";"1";"3";"1";"2";"Route de Bayonne";"43,8616310000";" -1,1628130000"
"202100027009";"26";"07";"2021";"20:30";"2";"85";"85210";"1";"1";"1";"1";"La Grande Villeneuve";"46,8437850000";" -1,6225860000"
"202100027010";"26";"07";"2021";"14:10";"1";"88";"88468";"2";"3";"1";"3";"Rue des 9 Pres";"47,8771450000";"6,7564520000"
"202100027011";"26";"07";"2021";"15:45";"1";"10";"10380";"1";"1";"1";"2";"Autoroute A26";"48,5233410000";"4,1789670000"
"202100027012";"27";"07";"2021";"15:00";"1";"973";"97307";"1";"1";"3";"1";"Chemin MogÃ¨s";"4,7849080000";" -52,3377570000"
"202100027013";"27";"07";"2021";"13:20";"1";"42";"42279";"2";"2";"1";"1";"Rte de Bonson";"45,5039345381";"4,2499109512"
"202100027014";"26";"07";"2021";"21:00";"2";"11";"11145";"1";"1";"1";"2";"D718";"43,2311340000";"3,2004550000"
"202100027015";"9";"06";"2021";"05:00";"3";"988";"98814";"1";"1";"1";"6";"Thuahaik (Tribu)";" -21,0081400000";"167,2880030000"
"202100027016";"26";"07";"2021";"13:40";"1";"988";"98808";"1";"1";"1";"6";"NÃ©divin (Tribu)";" -21,2878700000";"165,5593030000"
"202100027017";"27";"07";"2021";"12:50";"1";"971";"97126";"1";"1";"1";"1";"section saint charles";"15,9730680000";" -61,2703260000"
"202100027018";"26";"07";"2021";"18:00";"1";"91";"91338";"2";"1";"1";"4";"10 rue de versailles";"48,6526140000";"2,0728940000"
"202100027019";"27";"07";"2021";"12:50";"1";"2B";"2B042";"2";"1";"1";"2";"Avenue de Borgo - Route territoriale 205";"42,5640890000";"9,4410430000"
"202100027020";"24";"07";"2021";"20:45";"1";"83";"83070";"2";"2";"1";"3";"Av Louis Faedda";"43,1376100000";"6,3768070000"
"202100027021";"27";"07";"2021";"06:19";"2";"13";"13018";"1";"1";"1";"2";"cd 26 PR 06-400";"43,8554810000";"4,9579120000"
"202100027022";"26";"07";"2021";"19:50";"1";"57";"57521";"1";"9";"1";"6";"Route de Sarreguemines";"49,1798470000";"6,9186860000"
"202100027023";"27";"07";"2021";"09:40";"1";"74";"74136";"1";"1";"1";"7";"Rte de la Culaz";"45,9664540000";"6,4238150000"
"202100027024";"21";"07";"2021";"19:00";"1";"38";"38153";"1";"1";"1";"1";"D513";"45,2034490000";"5,6334970000"
"202100027025";"27";"07";"2021";"14:32";"1";"38";"38382";"2";"5";"1";"3";"Avenue de San Marino";"45,2399820000";"5,6661990000"
"202100027026";"24";"07";"2021";"11:00";"1";"01";"01032";"1";"1";"1";"3";"1637 Route de Chanes";"45,8575634993";"5,1388147698"
"202100027027";"26";"07";"2021";"20:10";"2";"16";"16320";"1";"1";"1";"6";"Lieu-dirt Les Aigaux";"45,7602720000";"0,0099110000"
"202100027028";"26";"07";"2021";"19:00";"1";"85";"85003";"1";"2";"1";"3";"RD 107";"46,7501520000";" -1,6517510000"
"202100027029";"26";"07";"2021";"15:15";"1";"76";"76533";"1";"1";"1";"6";"route des falaises";"49,4959360000";"0,2588440000"
"202100027030";"26";"07";"2021";"12:35";"1";"60";"60408";"1";"2";"1";"3";"D935";"49,4801710000";"2,7491030000"
"202100027031";"26";"07";"2021";"14:30";"1";"80";"80039";"2";"1";"1";"6";"Camping Municipal de la Chapelle";"50,1063230000";"1,4574100000"
"202100027032";"26";"07";"2021";"20:36";"1";"80";"80685";"1";"1";"1";"1";"D934";"49,7134400000";"2,7907420000"
"202100027033";"27";"07";"2021";"12:59";"1";"59";"59097";"1";"2";"8";"3";"D930";"50,1443050000";"3,0528040000"
"202100027034";"26";"07";"2021";"07:00";"1";"54";"54157";"1";"1";"1";"2";"Autoroute A 31";"48,8391100000";"6,0911400000"
"202100027035";"26";"07";"2021";"01:40";"3";"59";"59646";"1";"1";"1";"6";"ROUTE DEPARTEMENTALE 656";"50,6714280000";"3,1155230000"
"202100027036";"26";"07";"2021";"10:20";"1";"92";"92063";"1";"1";"2";"3";"A86";"48,8723901573";"2,1569627523"
"202100027037";"26";"07";"2021";"10:00";"1";"92";"92036";"1";"1";"2";"5";"A86";"48,9378606491";"2,2967300369"
"202100027038";"26";"07";"2021";"16:15";"1";"94";"94046";"1";"1";"1";"7";"A86 EXT";"48,8081300000";"2,4490300000"
"202100027039";"26";"07";"2021";"13:45";"1";"94";"94052";"1";"1";"2";"2";"A86 INT";"48,8442100000";"2,4923300000"
"202100027040";"26";"07";"2021";"01:00";"3";"77";"77384";"1";"1";"1";"6";"A5b";"48,6022730000";"2,6341380000"
"202100027041";"25";"07";"2021";"23:15";"3";"77";"77294";"1";"1";"1";"6";"A104";"48,9647420000";"2,6100690000"
"202100027042";"25";"07";"2021";"00:10";"1";"94";"94015";"1";"1";"1";"6";"A4";"48,8316000000";"2,5317900000"
"202100027043";"25";"07";"2021";"00:00";"5";"93";"93057";"2";"1";"1";"6";"BRIAND ( AV. ARISTIDE) 31 A 91";"48,9111000000";"2,5163500000"
"202100027044";"7";"03";"2021";"11:45";"1";"90";"90091";"1";"6";"1";"3";"RD 83";"47,6899770000";"6,9597530000"
"202100027045";"24";"07";"2021";"20:45";"5";"987";"98736";"2";"1";"1";"7";"CHARLES DE GAULLE (AV)";" -17,5294450000";" -149,5506930000"
"202100027046";"25";"07";"2021";"19:50";"5";"974";"97411";"2";"3";"1";"3";"LANCASTEL (BOULEVARD)";" -20,8853100000";"55,4727300000"
"202100027047";"25";"07";"2021";"22:50";"3";"974";"97407";"1";"1";"1";"3";"ROUTE NATIONALE NÂ° 1";" -20,9492000000";"55,3207100000"
"202100027048";"25";"07";"2021";"20:45";"5";"69";"69383";"2";"1";"1";"6";"DAUPHINE (DU) (R)";"45,7514900000";"4,8653400000"
"202100027049";"25";"07";"2021";"17:45";"1";"69";"69386";"1";"1";"1";"4";"VERGUIN                             (AV)";"45,7727000000";"4,8568400000"
"202100027050";"25";"07";"2021";"16:15";"1";"69";"69388";"2";"1";"1";"6";"NUNGESSER ET COLI (R)";"45,7410000000";"4,8790000000"
"202100027051";"25";"07";"2021";"01:35";"5";"69";"69383";"2";"2";"1";"3";"GARIBALDI (R)";"45,7621000000";"4,8518000000"
"202100027052";"25";"07";"2021";"06:50";"1";"972";"97213";"2";"1";"2";"7";"ROUTE NATIONALE 1";"14,6199300000";" -60,9937900000"
"202100027053";"25";"07";"2021";"13:20";"1";"95";"95268";"2";"2";"1";"2";"RD 125";"48,9664933040";"2,4093099728"
"202100027054";"25";"07";"2021";"17:54";"1";"95";"95019";"2";"2";"3";"2";"SCHUMAN ROBERT (RUE)";"48,9854394845";"2,4256698042"
"202100027055";"24";"07";"2021";"15:30";"1";"88";"88160";"2";"1";"3";"5";"CARPENTIER (VOIE PIERRE-)";"48,1794620000";"6,4559290000"
"202100027056";"25";"07";"2021";"23:21";"5";"83";"83129";"2";"1";"1";"6";"MER (AVENUE DE LA) NÂ° PAIRS";"43,1006560000";"5,8241590000"
"202100027057";"22";"07";"2021";"12:55";"1";"83";"83129";"2";"1";"1";"3";"CAP NEGRE (ALLEE ET CHE)";"43,1027530000";"5,8114740000"
"202100027058";"25";"07";"2021";"16:45";"1";"77";"77373";"2";"1";"1";"6";"ALL CHARLES BAUDELAIRE";"48,8001100000";"2,6139300000"
"202100027059";"25";"07";"2021";"03:25";"3";"77";"77494";"1";"1";"2";"7";"D 210";"48,4187100000";"2,8590600000"
"202100027060";"12";"07";"2021";"00:27";"5";"73";"73008";"2";"1";"1";"3";"MARLIOZ AVENUE DE";"45,6840000000";"5,9125900000"
"202100027061";"25";"07";"2021";"11:42";"1";"65";"65331";"2";"3";"1";"1";"BIGORRE (RUE DE)";"43,1995040000";"0,0600510000"
"202100027062";"25";"07";"2021";"10:11";"1";"65";"65100";"2";"6";"1";"7";"BORDEAUX (ROUTE DE) CD 935";"43,2675640000";"0,0707550000"
"202100027063";"25";"07";"2021";"03:40";"5";"59";"59585";"2";"2";"3";"3";"GUESDE JULES RUE";"50,5739647680";"3,0531291020"
"202100027064";"25";"07";"2021";"12:50";"1";"45";"45068";"2";"9";"3";"2";"Rue Ponte de Lima";"48,0070764638";"2,7216599900"
"202100027065";"26";"07";"2021";"00:10";"3";"35";"35278";"1";"6";"1";"6";"MONTGERMONT (ROND POINT DE)";"48,1547540709";" -1,7009228468"
"202100027066";"25";"07";"2021";"19:30";"1";"33";"33529";"2";"1";"1";"6";"PYLA (BD DU)";"44,6340900000";" -1,1580100000"
"202100027067";"25";"07";"2021";"07:10";"1";"33";"33529";"1";"1";"1";"6";"DE GAULLE (AVE CHARLES) 87 ET +";"44,6371800000";" -1,1288020000"
"202100027068";"25";"07";"2021";"09:00";"1";"33";"33529";"2";"6";"1";"3";"Rue Jean de Grailly";"44,6265900000";" -1,1414100000"
"202100027069";"24";"07";"2021";"19:10";"1";"29";"29232";"2";"1";"1";"2";"Rue de lâHippodrome";"47,9961800000";" -4,0956900000"
"202100027070";"24";"07";"2021";"19:50";"1";"29";"29232";"1";"1";"1";"6";"Boulevard d'Ergue Armel";"47,9883720000";" -4,0746140000"
"202100027071";"25";"07";"2021";"10:50";"1";"27";"27375";"2";"9";"1";"6";"BERTINOT (RUE GUSTAVE)";"49,2102702050";"1,1703808900"
"202100027072";"2";"07";"2021";"07:40";"1";"22";"22106";"2";"3";"9";"3";"RENNES (RUE DE)";"48,4944269511";" -2,7142010092"
"202100027073";"7";"07";"2021";"16:00";"1";"22";"22360";"1";"6";"3";"7";"CROIX GIBAT (RUE DE LA)";"48,4744427068";" -2,7208070750"
"202100027074";"13";"07";"2021";"18:20";"1";"22";"22187";"2";"1";"1";"2";"ALLEUX (RUE DES )";"48,5530432688";" -2,7799101945"
"202100027075";"23";"07";"2021";"15:09";"1";"18";"18033";"2";"4";"1";"3";"JURANVILLE (BOULEVARD DE)";"47,0833700000";"2,3888500000"
"202100027076";"25";"07";"2021";"20:50";"2";"13";"13204";"2";"1";"1";"6";"FRANÃOISE DUPARC (BOULEVARD)";"43,3080200000";"5,4021600000"
"202100027077";"20";"07";"2021";"11:00";"1";"13";"13211";"2";"9";"1";"3";"SAINT MARCEL (BOULEVARD DE )";"43,2875200000";"5,4649500000"
"202100027078";"25";"07";"2021";"15:50";"1";"13";"13209";"2";"1";"1";"2";"GOUFFONNE (TRAVERSE DE LA)";"43,2488100000";"5,4091300000"
"202100027079";"25";"07";"2021";"08:15";"1";"13";"13005";"2";"9";"1";"3";"DIX NEUF MARS 1962 (AVENUE DU)";"43,2885300000";"5,5706600000"
"202100027080";"24";"07";"2021";"11:45";"1";"13";"13005";"1";"1";"1";"1";"CIOTAT (ROUTE DE LA RN559)";"43,2713700000";"5,5892500000"
"202100027081";"24";"07";"2021";"15:45";"1";"75";"75117";"2";"1";"1";"4";"PORTE DE CHAMPERRET";"48,8870350000";"2,2902900000"
"202100027082";"24";"07";"2021";"14:18";"1";"75";"75114";"2";"1";"1";"2";"PORTE D ORLEANS";"48,8198080000";"2,3270240000"
"202100027083";"24";"07";"2021";"09:30";"1";"75";"75116";"2";"1";"1";"3";"ECHANGEUR MUETTE";"48,8635000000";"2,2659220000"
"202100027084";"23";"07";"2021";"18:15";"1";"75";"75116";"2";"1";"1";"2";"ECHANGEUR MUETTE";"48,8620140000";"2,2643930000"
"202100027085";"25";"07";"2021";"19:25";"1";"75";"75119";"2";"2";"1";"3";"BOULEVARD DE LA VILLETTE";"48,8844750000";"2,3648080000"
"202100027086";"25";"07";"2021";"13:00";"1";"75";"75119";"2";"7";"2";"3";"AVENUE DE LA PORTE DE LA VILLETTE";"48,8996260000";"2,3876930000"
"202100027087";"25";"07";"2021";"11:10";"1";"75";"75119";"2";"4";"2";"6";"RUE DE LORRAINE";"48,8838340000";"2,3846060000"
"202100027088";"24";"07";"2021";"14:00";"1";"75";"75116";"2";"3";"1";"3";"RUE SAINT DIDIER";"48,8668590000";"2,2842890000"
"202100027089";"25";"07";"2021";"00:40";"5";"75";"75115";"2";"1";"1";"4";"QUAI ANDRE CITROEN";"48,8428610000";"2,2742090000"
"202100027090";"25";"07";"2021";"14:00";"1";"75";"75111";"2";"2";"2";"7";"RUE FROMENT";"48,8571940000";"2,3728110000"
"202100027091";"22";"07";"2021";"12:43";"1";"75";"75108";"2";"7";"1";"3";"PLACE DE LA CONCORDE";"48,8667960000";"2,3220820000"
"202100027092";"25";"07";"2021";"05:16";"5";"75";"75108";"2";"4";"3";"4";"AVENUE DES CHAMPS ELYSEES";"48,8731280000";"2,2970640000"
"202100027093";"25";"07";"2021";"11:05";"1";"93";"93071";"2";"1";"2";"2";"Avenue John Fitzgerald Kennedy";"48,9384700000";"2,5132500000"
"202100027094";"25";"07";"2021";"16:00";"1";"93";"93066";"2";"1";"2";"3";"Rue Ambroise Croizat";"48,9322960000";"2,3489410000"
"202100027095";"25";"07";"2021";"20:00";"1";"93";"93046";"2";"1";"1";"3";"Rue du Docteur Roux";"48,9334760000";"2,5511200000"
"202100027096";"25";"07";"2021";"18:00";"1";"92";"92044";"2";"3";"1";"2";"VIC. HUGO(RUE)077A089 ET 090A110";"48,8967717502";"2,2957320258"
"202100027097";"26";"07";"2021";"09:35";"1";"11";"11254";"1";"1";"1";"2";"Autoroute 61, PK 308";"43,2244890000";"2,1624680000"
"202100027098";"25";"07";"2021";"08:30";"2";"45";"45259";"1";"1";"1";"6";"Le Moulin Borde";"47,9674640000";"2,4299960000"
"202100027099";"25";"07";"2021";"15:20";"1";"31";"31547";"1";"2";"1";"5";"D23";"43,4882680000";"1,2754550000"
"202100027100";"24";"07";"2021";"19:00";"5";"972";"97214";"2";"1";"1";"6";"N1";"14,8316420000";" -61,0455210000"
"202100027101";"26";"07";"2021";"07:30";"1";"26";"26339";"1";"1";"1";"2";"Autoroute du soleil";"44,5952350000";"4,7976890000"
"202100027102";"25";"07";"2021";"15:45";"1";"42";"42085";"1";"1";"1";"1";"Route du Stade";"45,4330140000";"4,5883850000"
"202100027103";"25";"07";"2021";"20:40";"1";"60";"60176";"2";"1";"1";"7";"Boulevard Victor Hugo";"49,2317250000";"2,8902940000"
"202100027104";"26";"07";"2021";"16:30";"1";"50";"50137";"1";"1";"1";"2";"A84 sens RENNES vers CAEN PR 194+400";"48,8650750000";" -1,1877040000"
"202100027105";"26";"07";"2021";"09:21";"1";"77";"77162";"1";"9";"2";"3";"Croisement C17/D37";"48,8597100000";"3,1554580000"
"202100027106";"23";"07";"2021";"15:20";"1";"66";"66141";"1";"1";"1";"6";"D900";"42,7537665678";"2,8956672549"
"202100027107";"25";"07";"2021";"16:55";"1";"27";"27001";"1";"1";"2";"7";"A28";"49,1622870000";"0,6969450000"
"202100027108";"26";"07";"2021";"14:35";"1";"51";"51631";"1";"1";"2";"6";"A4";"49,2061940000";"4,0120480000"
"202100027109";"26";"07";"2021";"09:25";"1";"51";"51617";"1";"3";"1";"3";"D21/A4";"49,0444286696";"4,3248839656"
"202100027110";"25";"07";"2021";"19:30";"1";"74";"74104";"2";"1";"1";"6";"3728 Rte d Annecy";"45,8101060000";"6,2106390000"
"202100027111";"24";"07";"2021";"23:00";"3";"41";"41044";"1";"1";"1";"2";"autoroute A.85";"47,2950140000";"1,9178810000"
"202100027112";"24";"07";"2021";"04:30";"3";"63";"63148";"2";"1";"8";"1";"7 Route des Rollet";"45,8884100000";"3,1853860000"
"202100027113";"10";"07";"2021";"11:20";"1";"41";"41084";"2";"7";"1";"6";"17 Rue Nationale";"47,3857930000";"1,9574450000"
"202100027114";"21";"07";"2021";"19:00";"1";"39";"39526";"2";"3";"7";"3";"1 Rue Nationale";"47,0385440000";"5,4128480000"
"202100027115";"25";"07";"2021";"18:39";"1";"25";"25147";"2";"2";"1";"3";"Grande Rue";"47,2231680000";"5,8925180000"
"202100027116";"24";"07";"2021";"17:15";"1";"44";"44111";"1";"5";"2";"7";"Les ArdilliÃ¨res";"47,3677700000";" -1,7298850000"
"202100027117";"25";"07";"2021";"17:05";"1";"29";"29023";"1";"3";"1";"1";"Lieu-dit Kermen Bras";"48,6490090000";" -3,9227840000"
"202100027118";"17";"07";"2021";"17:20";"1";"29";"29267";"1";"1";"1";"1";"D72 - Lieu Dit Kergoloen";"48,1603930000";" -3,8778630000"
"202100027119";"25";"07";"2021";"11:50";"1";"38";"38310";"1";"1";"1";"7";"Route de Tullins";"45,2705240000";"5,4798070000"
"202100027120";"20";"07";"2021";"14:00";"3";"38";"38345";"1";"1";"2";"7";"RD 35";"45,1790950000";"5,4963830000"
"202100027121";"25";"07";"2021";"17:30";"1";"02";"02445";"1";"1";"1";"7";"CHEMIN DES CARRIÃRES";"49,9202690000";"3,9651100000"
"202100027122";"26";"07";"2021";"09:30";"1";"03";"03085";"1";"2";"1";"5";"lieu dit carimantrants";"46,5700580000";"3,2424470000"
"202100027123";"24";"07";"2021";"17:00";"1";"58";"58134";"2";"1";"1";"3";"Rue Paul Vaillant Couturier";"46,9228480000";"3,2684190000"
"202100027124";"26";"07";"2021";"10:15";"1";"54";"54130";"1";"3";"1";"3";"D133";"48,4684510000";"6,4083450000"
"202100027125";"30";"05";"2021";"14:50";"1";"72";"72204";"2";"4";"1";"1";"RÃ©sidence des Pervenches";"47,9390710000";"0,7027530000"
"202100027126";"16";"06";"2021";"09:30";"1";"06";"06079";"1";"1";"1";"4";"Avenue Jean Mermoz";"43,5617740000";"6,9504570000"
"202100027127";"27";"06";"2021";"17:10";"1";"14";"14527";"1";"1";"1";"6";"D101";"49,0940470000";" -0,0377230000"
"202100027128";"25";"07";"2021";"21:05";"3";"05";"05164";"1";"1";"1";"3";"RN 94";"44,5355830000";"6,3846450000"
"202100027129";"26";"07";"2021";"17:40";"1";"05";"05040";"1";"1";"1";"1";"les bernards";"44,5351700000";"6,3007660000"
"202100027130";"25";"07";"2021";"19:30";"1";"05";"05127";"1";"4";"1";"7";"cd103 le clauset";"44,4781740000";"6,2510710000"
"202100027131";"26";"07";"2021";"13:45";"1";"90";"90045";"1";"1";"1";"6";"D463";"47,5090850000";"6,9615550000"
"202100027132";"23";"07";"2021";"18:15";"1";"90";"90033";"2";"1";"7";"1";"11 Rue du Jura";"47,5151100000";"7,0055380000"
"202100027133";"26";"07";"2021";"12:10";"1";"60";"60658";"1";"1";"2";"6";"N2";"49,2388490000";"3,0087170000"
"202100027134";"26";"07";"2021";"16:28";"1";"60";"60199";"1";"2";"8";"3";"D930";"49,6127820000";"2,1708940000"
"202100027135";"15";"07";"2021";"14:45";"1";"64";"64279";"1";"1";"1";"7";"route de larzamendi";"43,3075750000";" -1,4083530000"
"202100027136";"25";"07";"2021";"22:35";"3";"64";"64504";"1";"1";"1";"7";"Col St Ignace";"43,3222120000";" -1,5994980000"
"202100027137";"24";"07";"2021";"09:15";"1";"73";"73298";"2";"1";"1";"3";"D990 Route Porte de Tarentaise";"45,6610760000";"6,4332350000"
"202100027138";"25";"07";"2021";"20:15";"1";"36";"36046";"2";"4";"1";"6";"Rue de l Indre";"46,5821970000";"1,9906440000"
"202100027139";"25";"07";"2021";"10:50";"1";"85";"85234";"1";"1";"1";"2";"301 Rue des Sables";"46,7752630000";" -2,0096020000"
"202100027140";"26";"07";"2021";"19:45";"1";"27";"27428";"2";"1";"1";"1";"Rue de Honfleur";"49,1522290000";"0,9130400000"
"202100027141";"25";"07";"2021";"19:30";"2";"28";"28267";"1";"1";"2";"7";"dÃ©partemtale 16.1";"48,7603050000";"1,3950490000"
"202100027142";"26";"07";"2021";"09:30";"1";"88";"88445";"2";"1";"1";"6";"Rue Raymond Panin";"48,2378760000";"6,9522000000"
"202100027143";"26";"07";"2021";"11:45";"1";"40";"40075";"1";"1";"1";"7";"A63";"43,9210190000";" -1,1131380000"
"202100027144";"25";"07";"2021";"23:35";"3";"18";"18279";"1";"4";"1";"6";"A71";"47,2454380000";"2,0673450000"
"202100027145";"25";"07";"2021";"17:45";"1";"91";"91159";"1";"1";"1";"2";"D74";"48,5290290000";"2,4487870000"
"202100027146";"24";"07";"2021";"19:55";"3";"987";"98724";"1";"1";"1";"6";"RT111, District Fitii";" -16,7273840000";" -151,0112500000"
"202100027147";"25";"07";"2021";"06:20";"2";"987";"98722";"1";"1";"1";"1";"RT2 - PK 32 avant le pont - MAHAENA";" -17,5642150000";" -149,3269440000"
"202100027148";"23";"07";"2021";"19:30";"5";"971";"97128";"2";"1";"2";"6";"rue daniel maragnes";"16,2624620000";" -61,3874110000"
"202100027149";"23";"07";"2021";"11:30";"1";"971";"97111";"2";"1";"1";"6";"Nationale 2, section ferry";"16,2815490000";" -61,8034820000"
"202100027150";"18";"07";"2021";"17:52";"2";"971";"97106";"1";"1";"1";"7";"Route Nationale 2";"16,1426860000";" -61,7690850000"
"202100027151";"24";"07";"2021";"12:35";"1";"28";"28180";"1";"1";"1";"7";"D115";"48,9077770000";"1,5193640000"
"202100027152";"25";"07";"2021";"14:00";"1";"45";"45042";"1";"1";"8";"1";"D952 - PR29+700";"47,7984400000";"2,4316210000"
"202100027153";"23";"07";"2021";"17:00";"1";"2B";"2B199";"1";"1";"1";"7";"RT 30";"42,6524580000";"9,0335940000"
"202100027154";"26";"07";"2021";"07:55";"1";"66";"66176";"1";"1";"1";"6";"D83";"42,7772240000";"2,9572600000"
"202100027155";"26";"07";"2021";"04:15";"3";"66";"66017";"1";"1";"1";"6";"dÃ©partemantale 83";"42,8209030000";"3,0311110000"
"202100027156";"24";"07";"2021";"11:45";"1";"66";"66212";"1";"1";"1";"2";"D81";"42,7520510000";"3,0214500000"
"202100027157";"26";"07";"2021";"13:30";"1";"69";"69053";"1";"3";"1";"3";"MOULIN A VENT (DU) (RTE)";"46,2050429484";"4,7244991915"
"202100027158";"25";"07";"2021";"21:45";"2";"26";"26084";"1";"1";"1";"6";"Route du PÃ©age";"45,0284480000";"4,9878310000"
"202100027159";"25";"07";"2021";"01:35";"3";"09";"09185";"1";"1";"1";"6";"Avenue de Pamiers";"43,2412190000";"1,6646970000"
"202100027160";"26";"07";"2021";"14:15";"1";"33";"33051";"2";"6";"1";"6";"N/A";"44,6368950000";" -0,9584590000"
"202100027161";"26";"07";"2021";"15:25";"1";"22";"22173";"1";"2";"1";"3";"La mare Boudard";"48,5452760000";" -2,5814940000"
"202100027162";"26";"07";"2021";"18:20";"1";"27";"27191";"1";"1";"1";"6";"Rue de la Garenne";"49,1108700000";"1,2265530000"
"202100027163";"26";"07";"2021";"17:20";"1";"60";"60116";"1";"1";"2";"4";"N/A";"49,3114813681";"2,3368226875"
"202100027164";"24";"07";"2021";"20:00";"1";"59";"59391";"1";"1";"1";"2";"D943";"50,3035680000";"3,2859640000"
"202100027165";"25";"07";"2021";"07:15";"1";"59";"59087";"1";"1";"2";"1";"Route de Cassel";"50,6803150356";"2,4600349367"