"Num_Acc";"jour";"mois";"an";"hrmn";"lum";"dep";"com";"agg";"int";"atm";"col";"adr";"lat";"long"
"202100027166";"25";"07";"2021";"19:55";"1";"13";"13026";"1";"1";"1";"1";"A55-Sens Marseille vers Martigues";"43,4021700000";"5,1064200000"
"202100027167";"25";"07";"2021";"14:00";"1";"13";"13215";"1";"1";"1";"3";"A7-Sens Lyon vers Marseille";"43,3786600000";"5,3570600000"
"202100027168";"25";"07";"2021";"12:00";"1";"13";"13215";"1";"1";"1";"4";"A7-Sens Marseille vers Lyon";"43,3458187582";"5,3736421119"
"202100027169";"24";"07";"2021";"22:45";"3";"13";"13005";"1";"1";"1";"2";"A50-Sens Marseille vers Aubagne";"43,2863114586";"5,5348191464"
"202100027170";"25";"07";"2021";"16:45";"1";"94";"94034";"1";"1";"8";"6";"AUTOROUTE A6B";"48,7595900000";"2,3381100000"
"202100027171";"25";"07";"2021";"15:45";"1";"91";"91161";"1";"1";"1";"1";"AUTOROUTE A6";"48,7042600000";"2,3065220000"
"202100027172";"25";"07";"2021";"15:15";"1";"91";"91689";"1";"1";"2";"2";"AUTOROUTE A6";"48,7290000000";"2,3140000000"
"202100027173";"25";"07";"2021";"11:00";"1";"91";"91589";"1";"1";"3";"6";"AUTOROUTE A6";"48,6770900000";"2,3389300000"
"202100027174";"25";"07";"2021";"09:40";"1";"91";"91161";"1";"1";"8";"3";"AUTOROUTE A6";"48,6995100000";"2,3117700000"
"202100027175";"25";"07";"2021";"17:15";"1";"95";"95252";"1";"1";"2";"4";"A115";"48,9842885593";"2,2416543564"
"202100027176";"25";"07";"2021";"15:00";"1";"95";"95582";"1";"1";"2";"6";"A15";"48,9642700298";"2,2623306513"
"202100027177";"25";"07";"2021";"12:15";"1";"93";"93027";"1";"1";"1";"2";"AUTOROUTE A86";"48,9236200000";"2,3846800000"
"202100027178";"25";"07";"2021";"11:10";"1";"95";"95582";"1";"1";"1";"7";" A15";"48,9741600000";"2,2449000000"
"202100027179";"24";"07";"2021";"23:00";"3";"95";"95572";"1";"1";"1";"6";"RN 184";"49,0484700000";"2,1343200000"
"202100027180";"25";"07";"2021";"19:20";"1";"77";"77122";"1";"1";"2";"6";"RN104";"48,6639990000";"2,6132810000"
"202100027181";"24";"07";"2021";"15:00";"1";"77";"77258";"1";"1";"1";"3";"A4.Y";"48,8299560000";"2,6226370000"
"202100027182";"23";"07";"2021";"21:00";"1";"77";"77514";"1";"1";"1";"7";"A104";"48,9425200000";"2,6283110000"
"202100027183";"24";"07";"2021";"19:00";"1";"35";"35238";"2";"9";"2";"6";"DONELIERE (RUE DE LA)";"48,1303710191";" -1,6846999080"
"202100027184";"24";"07";"2021";"14:50";"1";"988";"98818";"2";"2";"1";"6";"RUE DE L'ALMA/AVENUE DU MARECHAL FOCH";" -22,2694700000";"166,4424100000"
"202100027185";"20";"07";"2021";"19:43";"1";"49";"49328";"2";"1";"1";"6";"VERDEN (AVENUE DE)";"47,2615900000";" -0,0670500000"
"202100027186";"24";"07";"2021";"16:30";"1";"974";"97416";"2";"1";"1";"7";"CLAIN (CHEMIN)";" -21,2934930000";"55,4640500000"
"202100027187";"24";"07";"2021";"13:20";"1";"974";"97411";"2";"9";"1";"3";"MACE (BOULEVARD GABRIEL)";" -20,8723140000";"55,4503820000"
"202100027188";"24";"07";"2021";"18:50";"5";"974";"97407";"2";"1";"1";"2";"VERGES(AVENUE)";" -20,9395900000";"55,3020700000"
"202100027189";"24";"07";"2021";"12:30";"1";"974";"97407";"1";"1";"1";"2";"ROUTE NATIONALE NÂ° 1";" -20,9538000000";"55,3146500000"
"202100027190";"24";"07";"2021";"17:00";"1";"69";"69259";"2";"2";"1";"3";"AMBROISE CROIZAT                    (BD)";"45,6970000000";"4,8877600000"
"202100027191";"24";"07";"2021";"17:30";"1";"69";"69199";"2";"2";"1";"3";"ALBERT RAMBOZ                       (AV)";"45,6945100000";"4,8442400000"
"202100027192";"24";"07";"2021";"16:30";"1";"69";"69259";"2";"9";"2";"3";"JULES FERRY (R)";"45,7000278172";"4,8857673258"
"202100027193";"24";"07";"2021";"06:05";"2";"69";"69259";"2";"1";"2";"3";"GEORGES LYVET (R)";"45,6950000000";"4,8750000000"
"202100027194";"24";"07";"2021";"22:05";"5";"69";"69389";"2";"2";"1";"7";"SIDOINE APPOLINAIRE                 (AV)";"45,7652000000";"4,8014000000"
"202100027195";"23";"07";"2021";"19:12";"1";"95";"95306";"2";"1";"1";"6";"PONTOISE(CHEMIN DE)";"49,0124662116";"2,1405637264"
"202100027196";"24";"07";"2021";"19:35";"1";"95";"95018";"2";"1";"1";"6";"UNION (RUE DE L' )";"48,9400000000";"2,2183200000"
"202100027197";"24";"07";"2021";"20:35";"1";"78";"78440";"2";"9";"1";"3";"BROSSOLETTE (STADE)";"48,9787300000";"1,9158600000"
"202100027198";"24";"07";"2021";"13:15";"1";"69";"69386";"2";"1";"1";"1";"STALINGRAD  - ESPACE TETE D'Or - (BD)";"45,7739000000";"4,8545400000"
"202100027199";"24";"07";"2021";"11:30";"1";"69";"69256";"2";"1";"1";"7";"TITTA COIS (R )";"45,7711830851";"4,9054449989"
"202100027200";"22";"07";"2021";"11:15";"1";"62";"62178";"2";"9";"1";"1";"CADOT ( HENRI )";"50,4814150000";"2,5490220000"
"202100027201";"24";"07";"2021";"02:50";"5";"62";"62132";"2";"1";"1";"6";"DE GAULLE ( RUE DU GENERAL )";"50,5164340000";"2,8629710000"
"202100027202";"24";"07";"2021";"08:45";"1";"49";"49007";"2";"1";"1";"3";"BAUMETTE PROMENADE";"47,4591000000";" -0,5689100000"
"202100027203";"23";"07";"2021";"07:43";"1";"48";"48095";"2";"9";"1";"3";"GORGES DU TARN (AVENUE DES)";"44,5162000000";"3,4881500000"
"202100027204";"20";"07";"2021";"18:40";"1";"48";"48095";"2";"1";"1";"5";"DOUMER (ALLEE PAUL)";"44,5210300000";"3,4996300000"
"202100027205";"24";"07";"2021";"15:00";"1";"45";"45068";"2";"1";"1";"1";"36 Rue Saint-Just";"48,0048000000";"2,7184200000"
"202100027206";"24";"07";"2021";"19:20";"1";"35";"35238";"2";"2";"2";"3";"GROS MALHON (AVENUE)";"48,1278562475";" -1,6833366307"
"202100027207";"24";"07";"2021";"15:55";"1";"35";"35238";"2";"1";"2";"7";"MOTTE BRULON (DE LA)";"48,1296970224";" -1,6740369670"
"202100027208";"24";"07";"2021";"16:10";"1";"35";"35051";"2";"6";"2";"6";"Giratoire des douz'arÃ´mes";"48,1547580000";" -1,6245660000"
"202100027209";"24";"07";"2021";"21:10";"5";"33";"33063";"2";"9";"1";"3";"Boulevard du PrÃ©sident Franklin Roosevelt";"44,8168800000";" -0,5757300000"
"202100027210";"24";"07";"2021";"02:15";"3";"33";"33529";"1";"6";"1";"6";"N/A";"44,6181900000";" -1,1241100000"
"202100027211";"23";"07";"2021";"23:50";"5";"31";"31555";"2";"1";"1";"3";"AV DES ETATS UNIS";"43,6567000000";"1,4208200000"
"202100027212";"23";"07";"2021";"08:30";"1";"31";"31555";"2";"1";"1";"3";"RUE DE GAILLAC";"43,6239220000";"1,4748070000"
"202100027213";"22";"07";"2021";"23:36";"3";"29";"29232";"2";"1";"1";"6";"Boulevard Louis Le Guennec";"47,9822000000";" -4,1102000000"
"202100027214";"17";"07";"2021";"13:18";"1";"27";"27229";"2";"1";"1";"7";"BRIAND (AVENUE ARISTIDE)";"49,0190380000";"1,1286580000"
"202100027215";"24";"07";"2021";"08:30";"1";"15";"15014";"2";"1";"8";"3";"Avenue de TronquiÃ¨res";"44,9070960000";"2,4288900000"
"202100027216";"23";"07";"2021";"17:25";"1";"14";"14220";"2";"1";"1";"6";"Rue EugÃ©ne Colas";"49,3594000000";"0,0722400000"
"202100027217";"25";"07";"2021";"02:15";"5";"14";"14118";"2";"3";"1";"1";"Rue de Bras";"49,1817000000";" -0,3665700000"
"202100027218";"24";"07";"2021";"08:40";"1";"14";"14167";"2";"1";"1";"6";"D513";"49,2022900000";" -0,2895800000"
"202100027219";"24";"07";"2021";"11:15";"1";"13";"13208";"2";"1";"1";"1";"MONTREDON (AVENUE DE)";"43,2421084012";"5,3690072541"
"202100027220";"23";"07";"2021";"12:20";"1";"11";"11069";"1";"1";"1";"3";"BRAM -ROUTE DE-";"43,2214900000";"2,2989100000"
"202100027221";"23";"07";"2021";"06:26";"1";"10";"10387";"2";"1";"2";"6";"MARIE DE CHAMPAGNE (RUE)";"48,3070003000";"4,0596270000"
"202100027222";"24";"07";"2021";"09:55";"1";"06";"06029";"2";"1";"1";"1";"BASTIE MARYSE";"43,5527500000";"6,9570200000"
"202100027223";"24";"07";"2021";"15:08";"1";"75";"75112";"2";"1";"1";"6";"AVENUE DES TERROIRS DE FRANCE";"48,8319810000";"2,3882590000"
"202100027224";"24";"07";"2021";"07:11";"2";"75";"75107";"2";"7";"1";"7";"PLACE DE LA RESISTANCE";"48,8622650000";"2,3015460000"
"202100027225";"23";"07";"2021";"16:34";"1";"75";"75113";"2";"1";"1";"3";"BOULEVARD AUGUSTE BLANQUI";"48,8308700000";"2,3441600000"
"202100027226";"24";"07";"2021";"00:30";"5";"75";"75111";"2";"2";"1";"3";"RUE JEAN PIERRE TIMBAUD";"48,8651820000";"2,3677270000"
"202100027227";"24";"07";"2021";"20:40";"1";"75";"75110";"2";"3";"1";"3";"BOULEVARD DE MAGENTA";"48,8819710000";"2,3509580000"
"202100027228";"24";"07";"2021";"20:10";"1";"75";"75108";"2";"2";"2";"3";"COURS LA REINE";"48,8646790000";"2,3136560000"
"202100027229";"23";"07";"2021";"20:15";"1";"75";"75104";"2";"3";"1";"2";"BOULEVARD BOURDON";"48,8493283147";"2,3665696585"
"202100027230";"23";"07";"2021";"16:30";"1";"75";"75104";"2";"2";"1";"6";"RUE CRILLON";"48,8495150000";"2,3656470000"
"202100027231";"24";"07";"2021";"12:15";"1";"94";"94081";"2";"2";"1";"3";"Avenue AndrÃ© Maginot";"48,7897800000";"2,3991900000"
"202100027232";"24";"07";"2021";"14:20";"1";"94";"94078";"2";"1";"1";"3";"L'APPEL DU DIX-HUIT JUIN 1940 (AV DE)";"48,7613170000";"2,4427740000"
"202100027233";"24";"07";"2021";"14:45";"1";"94";"94078";"2";"1";"1";"2";"Rue de Paris";"48,7412240000";"2,4468080000"
"202100027234";"24";"07";"2021";"11:00";"1";"94";"94073";"2";"1";"1";"2";"PAUL VAILLANT COUTURIER (R)";"48,7611800000";"2,3936700000"
"202100027235";"24";"07";"2021";"19:15";"1";"94";"94028";"2";"1";"8";"3";"Saussaie du ban (rue de la)";"48,7666700000";"2,4568100000"
"202100027236";"24";"07";"2021";"17:20";"1";"94";"94078";"2";"3";"1";"3";"Avenue Winston Churchill";"48,7536630000";"2,4506990000"
"202100027237";"24";"07";"2021";"09:55";"1";"93";"93063";"2";"1";"1";"3";"REPUBLIQUE RUE DE LA";"48,8793400000";"2,4339300000"
"202100027238";"24";"07";"2021";"07:25";"1";"93";"93005";"2";"2";"1";"3";"Route de Mitry / Rue du PrÃ©fet Chaleil";"48,9402280000";"2,5022160000"
"202100027239";"23";"07";"2021";"23:10";"5";"92";"92073";"2";"1";"1";"6";"Avenue Franklin Roosevelt";"48,8723307481";"2,2209763527"
"202100027240";"24";"07";"2021";"19:54";"1";"92";"92050";"2";"1";"2";"3";"PORT RUE DU";"48,8944289598";"2,1762935360"
"202100027241";"20";"07";"2021";"02:49";"5";"92";"92048";"2";"1";"1";"6";"VAUGIRARD (ROUTE DE)";"48,8205200000";"2,2377300000"
"202100027242";"24";"07";"2021";"20:45";"1";"92";"92044";"2";"2";"1";"3";"LOUIS ROUQUIER (RUE)113+ ET 106+";"48,8927600000";"2,2918900000"
"202100027243";"24";"07";"2021";"02:48";"5";"92";"92023";"2";"1";"1";"6";"PETIT CLAMART (ROND POINT DU)";"48,7767614677";"2,2302192450"
"202100027244";"14";"07";"2021";"18:45";"1";"44";"44144";"2";"3";"1";"3";"154 Rue de l Ouche";"47,5170280000";" -1,2937460000"
"202100027245";"25";"07";"2021";"09:00";"1";"95";"95504";"1";"1";"8";"2";"RN184";"49,1025330000";"2,2680330000"
"202100027246";"23";"07";"2021";"11:15";"1";"11";"11146";"1";"1";"1";"4";"A61 - pk 334.400";"43,1839630000";"2,4741130000"
"202100027247";"24";"07";"2021";"16:10";"1";"06";"06161";"1";"1";"1";"3";"2809 Route de Grasse";"43,6573270000";"7,0903120000"
"202100027248";"24";"07";"2021";"21:45";"2";"76";"76624";"2";"1";"8";"6";"Rue des Canadiens";"49,8767230000";"1,2122970000"
"202100027249";"24";"07";"2021";"09:20";"1";"83";"83148";"1";"6";"1";"6";"Dn7";"43,4034420000";"6,3929700000"
"202100027250";"25";"07";"2021";"08:45";"1";"01";"01436";"1";"2";"2";"3";"D984c";"46,3414910000";"6,0887650000"
"202100027251";"24";"07";"2021";"15:30";"1";"76";"76424";"1";"1";"1";"7";"Autoroute A 28 PK 052.200";"49,7604770000";"1,4843990000"
"202100027252";"24";"07";"2021";"20:30";"1";"91";"91665";"2";"1";"2";"7";"Chemin des Berges";"48,6622400000";"2,2717770000"
"202100027253";"24";"07";"2021";"21:45";"3";"62";"62390";"2";"1";"3";"7";"D940";"50,3911810000";"1,6050070000"
"202100027254";"25";"07";"2021";"07:30";"1";"60";"60101";"1";"1";"2";"7";"D79";"49,0931500000";"2,8601860000"
"202100027255";"24";"07";"2021";"18:15";"1";"72";"72260";"2";"9";"1";"6";"Route de Brette les Pins";"47,9362450000";"0,2728660000"
"202100027256";"23";"07";"2021";"20:30";"2";"57";"57540";"2";"1";"1";"6";"36 Route de Bois de Chene du Haut";"48,7620370000";"7,2719430000"
"202100027257";"24";"07";"2021";"22:15";"3";"62";"62214";"1";"1";"2";"5";"D901";"50,6576500000";"1,7054770000"
"202100027258";"24";"07";"2021";"15:10";"1";"51";"51243";"2";"5";"1";"3";"D9/D53";"48,6545410000";"3,9349290000"
"202100027259";"24";"07";"2021";"08:00";"1";"31";"31150";"2";"6";"1";"6";"Route de Colomiers";"43,6406830000";"1,3307300000"
"202100027260";"24";"07";"2021";"18:00";"1";"71";"71318";"1";"1";"1";"7";"route de sainte croix";"46,5559540000";"5,1842590000"
"202100027261";"24";"07";"2021";"14:30";"1";"71";"71330";"1";"2";"8";"7";"CHEDDE";"46,5932975279";"3,9585937142"
"202100027262";"25";"07";"2021";"18:00";"1";"89";"89255";"1";"1";"1";"7";"D323";"48,3037690000";"3,2376800000"
"202100027263";"25";"07";"2021";"01:45";"3";"89";"89282";"1";"1";"1";"7";"D209";"47,9665660000";"3,5773370000"
"202100027264";"24";"07";"2021";"18:10";"1";"12";"12198";"1";"1";"1";"3";"lavernhe";"44,2856610000";"2,2225830000"
"202100027265";"24";"07";"2021";"05:00";"3";"39";"39520";"1";"1";"3";"6";"N/A";"46,9897230000";"5,5656910000"
"202100027266";"22";"07";"2021";"18:30";"1";"39";"39399";"1";"1";"1";"7";"N/A";"47,0018850000";"5,6680540000"
"202100027267";"24";"07";"2021";"18:30";"1";"44";"44028";"1";"9";"3";"1";"D723";"47,3367030000";" -1,3567860000"
"202100027268";"25";"07";"2021";"07:15";"1";"29";"29293";"1";"1";"1";"6";"D783 - Pont du Minaouet";"47,8587562540";" -3,8798832891"
"202100027269";"25";"07";"2021";"18:40";"1";"29";"29214";"1";"1";"1";"1";"Roz Languidou";"47,9136280000";" -4,3496100000"
"202100027270";"24";"07";"2021";"18:45";"1";"15";"15138";"2";"3";"7";"2";"20 Avenue du Docteur Louis Mallet";"45,1095480000";"2,8692180000"
"202100027271";"25";"07";"2021";"12:15";"1";"15";"15038";"1";"1";"2";"3";"D522";"45,4146620000";"2,6395590000"
"202100027272";"24";"07";"2021";"18:30";"1";"15";"15162";"1";"1";"1";"7";"D3";"45,2706920000";"2,6657970000"
"202100027273";"25";"07";"2021";"09:40";"1";"26";"26288";"1";"1";"1";"5";"1935 Route de Nyons";"44,4023000000";"5,2485680000"
"202100027274";"25";"07";"2021";"06:30";"2";"06";"06105";"1";"1";"1";"3";"Route de Roquefort";"43,6614140000";"7,0348600000"
"202100027275";"24";"07";"2021";"17:40";"1";"45";"45327";"1";"1";"1";"6";"Les Arrachis";"47,9344880000";"2,0760670000"
"202100027276";"25";"07";"2021";"18:00";"1";"45";"45097";"1";"1";"1";"6";"Les Grands Chaillots";"48,0193740000";"2,9410690000"
"202100027277";"25";"07";"2021";"15:50";"1";"73";"73032";"2";"1";"1";"6";"D990 Rue Paul Girod";"45,6254440000";"6,4487850000"
"202100027278";"25";"07";"2021";"08:30";"1";"18";"18111";"1";"1";"8";"6";"D59";"47,2349490000";"2,6294120000"
"202100027279";"25";"07";"2021";"02:27";"3";"16";"16349";"1";"1";"2";"6";"Lieu-dit La pointe Ã  MÃ©zan";"45,7512980000";" -0,2582120000"
"202100027280";"24";"07";"2021";"17:15";"1";"07";"07334";"1";"1";"1";"1";"RD 901";"44,4111910000";"4,1536470000"
"202100027281";"5";"07";"2021";"15:55";"1";"07";"07121";"1";"1";"1";"7";"D16";"44,8243580000";"4,0301160000"
"202100027282";"24";"07";"2021";"15:00";"1";"04";"04236";"1";"1";"1";"6";"RN 202";"43,9143720000";"6,5794370000"
"202100027283";"25";"07";"2021";"11:45";"1";"27";"27629";"1";"9";"2";"6";"La CarbonniÃ¨re";"49,1345180000";"0,4352370000"
"202100027284";"24";"07";"2021";"16:19";"1";"48";"48016";"1";"1";"1";"4";"RD31";"44,4653190000";"3,4167700000"
"202100027285";"24";"07";"2021";"16:40";"1";"24";"24122";"1";"1";"1";"7";"Le SÃ©galat";"44,8088130000";"1,0728130000"
"202100027286";"24";"07";"2021";"21:00";"5";"69";"69244";"2";"2";"1";"3";"CHARLES DE GAULLE (AV)";"45,7630810000";"4,7804370000"
"202100027287";"24";"07";"2021";"15:00";"1";"31";"31254";"1";"1";"1";"6";"autoroute a61, pk 241.800";"43,5434310000";"1,5024660000"
"202100027288";"23";"07";"2021";"11:50";"1";"01";"01008";"1";"6";"1";"7";"D1075";"45,9412500000";"5,3317490000"
"202100027289";"25";"07";"2021";"14:55";"1";"974";"97421";"1";"1";"1";"7";"Rd 52";" -21,0334020000";"55,5343010000"
"202100027290";"24";"07";"2021";"23:10";"3";"973";"97311";"1";"1";"1";"1";"4101 Avenue Jean Galmot";"5,5212551023";" -53,9587692375"
"202100027291";"24";"07";"2021";"17:25";"1";"37";"37072";"2";"6";"1";"2";"D751";"47,1784601941";"0,2623839276"
"202100027292";"25";"07";"2021";"19:30";"1";"37";"37230";"1";"1";"8";"6";"D31";"47,4911998862";"1,0093032332"
"202100027293";"24";"07";"2021";"21:20";"2";"77";"77091";"1";"2";"1";"3";"D216";"48,7433100000";"2,8163090000"
"202100027294";"24";"07";"2021";"23:00";"3";"11";"11429";"1";"1";"1";"1";"D201";"43,2516190000";"2,3893440000"
"202100027295";"24";"07";"2021";"10:30";"1";"13";"13110";"1";"1";"1";"1";"D6";"43,4639620000";"5,7223320000"
"202100027296";"23";"07";"2021";"18:45";"1";"67";"67510";"1";"6";"1";"3";"pk 12 D144";"48,7639530000";"7,6966500000"
"202100027297";"25";"07";"2021";"16:15";"1";"38";"38515";"2";"1";"1";"6";"Route de CrÃ©mieu";"45,6836410000";"5,3121580000"
"202100027298";"25";"07";"2021";"11:30";"1";"38";"38562";"2";"1";"1";"7";"D1091";"45,0739830000";"5,7653980000"
"202100027299";"23";"07";"2021";"18:00";"1";"69";"69089";"2";"1";"1";"2";"BELVEDERE (DU) (CHM)";"45,7320500000";"4,7457690000"
"202100027300";"25";"07";"2021";"05:05";"3";"81";"81046";"2";"3";"1";"6";"Route de Graulhet";"43,8466947427";"1,9807912409"
"202100027301";"24";"07";"2021";"14:49";"1";"09";"09108";"1";"1";"2";"6";"D15";"43,0326040000";"1,3292600000"
"202100027302";"23";"07";"2021";"17:10";"1";"22";"22143";"2";"1";"1";"3";"Route de Saint-Cast";"48,5987740000";" -2,2867010000"
"202100027303";"21";"07";"2021";"13:41";"1";"35";"35012";"2";"1";"1";"7";"Rue du ChÃªne Vert";"47,8462900000";" -1,6868470000"
"202100027304";"23";"07";"2021";"14:00";"1";"27";"27469";"1";"1";"1";"1";"RD6015";"49,2804220000";"1,1582960000"
"202100027305";"23";"07";"2021";"17:30";"1";"13";"13211";"1";"1";"1";"2";"A50-Sens Aubagne vers Marseille";"43,2868800000";"5,4351800000"
"202100027306";"23";"07";"2021";"14:43";"1";"13";"13070";"1";"1";"1";"7";"A50-Sens Aubagne vers Marseille";"43,2859180000";"5,5119100000"
"202100027307";"24";"07";"2021";"00:40";"3";"13";"13215";"1";"1";"1";"2";"A7-Sens Lyon vers Marseille";"43,3611700000";"5,3614000000"
"202100027308";"23";"07";"2021";"23:20";"5";"69";"69382";"2";"1";"1";"3";"M7";"45,7355700000";"4,8197600000"
"202100027309";"20";"07";"2021";"08:15";"1";"67";"67482";"1";"1";"1";"5";"M35";"48,5801800000";"7,7243400000"
"202100027310";"24";"07";"2021";"17:35";"1";"91";"91521";"1";"1";"1";"6";"RD 31";"48,6404700000";"2,3946300000"
"202100027311";"24";"07";"2021";"02:00";"4";"91";"91161";"1";"1";"1";"4";"AUTOROUTE A6";"48,7018000000";"2,3086100000"
"202100027312";"24";"07";"2021";"10:00";"1";"95";"95572";"1";"1";"1";"2";"A15";"49,0281700000";"2,1282900000"
"202100027313";"24";"07";"2021";"01:00";"3";"95";"95252";"1";"1";"1";"2";" A15";"48,9855400000";"2,2140000000"
"202100027314";"23";"07";"2021";"21:50";"5";"93";"93066";"1";"1";"1";"2";"AUTOROUTE A1";"48,9139300000";"2,3579800000"
"202100027315";"23";"07";"2021";"21:10";"1";"93";"93007";"1";"1";"1";"5";"AUTOROUTE A3";"48,9331500000";"2,4808400000"
"202100027316";"23";"07";"2021";"14:40";"1";"93";"93007";"2";"1";"7";"6";"ABBE NIORT (RUE DE L')";"48,9406600000";"2,4329300000"
"202100027317";"23";"07";"2021";"14:15";"1";"974";"97411";"2";"3";"1";"3";"VICTOIRE (AVENUE DE LA)";" -20,8759950000";"55,4476160000"
"202100027318";"23";"07";"2021";"09:50";"1";"974";"97411";"2";"1";"1";"6";"MACE (BOULEVARD GABRIEL)";" -20,8729700000";"55,4476800000"
"202100027319";"19";"07";"2021";"15:40";"1";"974";"97411";"2";"3";"1";"3";"MOUFIA (ROUTE DE)";" -20,8981600000";"55,4914900000"
"202100027320";"23";"07";"2021";"11:00";"1";"974";"97407";"2";"1";"1";"5";"LAUDE E(RUE)";" -20,9381100000";"55,2999800000"
"202100027321";"23";"07";"2021";"11:10";"1";"973";"97302";"2";"1";"1";"3";"A.HENRI(RUE)";"4,9226612363";" -52,3113594953"
"202100027322";"23";"07";"2021";"23:45";"5";"69";"69199";"2";"2";"1";"3";"DANIELLE CASANOVA  (R)";"45,7107400000";"4,8626200000"
"202100027323";"23";"07";"2021";"11:45";"1";"69";"69383";"2";"2";"1";"3";"GENAS (DE) (RTE)";"45,7536225604";"4,8952929676"
"202100027324";"22";"07";"2021";"11:45";"1";"69";"69081";"2";"1";"1";"6";"MOULIN CARRON (CHM)";"45,7906900000";"4,7780200000"
"202100027325";"20";"07";"2021";"19:55";"1";"69";"69389";"2";"1";"1";"1";"ANDREI SAKHAROV (AV)";"45,7892146085";"4,7985121608"
"202100027326";"23";"07";"2021";"08:23";"1";"69";"69034";"2";"1";"1";"3";"SOLDATS (DES)                       (MO)";"45,7960075689";"4,8580757444"
"202100027327";"23";"07";"2021";"13:35";"1";"971";"97113";"1";"1";"1";"5";"RN4 - SECTION RIVIERA";"16,2187100000";" -61,5019800000"
"202100027328";"23";"07";"2021";"16:35";"1";"2A";"2A004";"2";"1";"1";"1";"SPOSATA CHEMIN DE LA";"41,9478963896";"8,7574977279"
"202100027329";"23";"07";"2021";"15:30";"1";"91";"91552";"2";"1";"1";"6";"RUE DU MESNIL";"48,5961200000";"2,2738900000"
"202100027330";"22";"07";"2021";"22:20";"5";"91";"91570";"2";"1";"1";"3";"POTAGERS (RUE DES)";"48,6427800000";"2,3080600000"
"202100027331";"23";"07";"2021";"09:40";"1";"91";"91549";"2";"6";"1";"1";"ROGER PERRIAUD (PLACE)";"48,6409200000";"2,3260400000"
"202100027332";"23";"07";"2021";"18:45";"1";"91";"91109";"2";"1";"1";"1";"COCHET (RUE DU)        RD201";"48,4593700000";"2,1249800000"
"202100027333";"23";"07";"2021";"18:35";"1";"91";"91223";"2";"1";"1";"6";"VASSAL (RUE PHILEAS)";"48,4267000000";"2,1391200000"
"202100027334";"22";"07";"2021";"22:25";"5";"83";"83137";"2";"1";"1";"6";"PICOT (AVE DU COLONEL)";"43,1288470000";"5,9668730000"
"202100027335";"15";"07";"2021";"18:45";"1";"83";"83126";"2";"1";"1";"6";"CURET (AV LOUIS)";"43,1036230000";"5,8812640000"
"202100027336";"23";"07";"2021";"09:40";"1";"83";"83069";"1";"1";"1";"4";"PIERREFEU (ROUTE DE) RD 12";"43,1321200000";"6,1639200000"
"202100027337";"23";"07";"2021";"08:43";"1";"83";"83069";"2";"2";"1";"2";"OLBIA  (VOIE)";"43,1160000000";"6,1390000000"
"202100027338";"22";"07";"2021";"22:10";"5";"83";"83034";"2";"1";"1";"3";"RUE DES 3 PINS";"43,1072000000";"6,0519940000"
"202100027339";"23";"07";"2021";"07:25";"1";"83";"83061";"1";"1";"1";"1";"AVENUE DE LA CORNICHE D'AZUR";"43,4116900000";"6,7252000000"
"202100027340";"22";"07";"2021";"11:20";"1";"81";"81163";"2";"3";"1";"3";"TASSIGNY (DE LATTRE DE)";"43,4895087656";"2,3691419140"
"202100027341";"23";"07";"2021";"12:30";"1";"81";"81065";"1";"1";"1";"1";"BRASSAC (RUE DU PONT DE)";"43,6219120000";"2,2901940000"
"202100027342";"1";"07";"2021";"12:10";"1";"78";"78643";"2";"3";"1";"3";"TRIEL AVENUE DE";"48,9773060000";"1,9837190000"
"202100027343";"23";"07";"2021";"11:40";"1";"76";"76341";"2";"1";"1";"7";"GENERAL LECLERC (AVENUE)";"49,5051700000";"0,1955300000"
"202100027344";"24";"07";"2021";"00:25";"5";"72";"72181";"2";"1";"1";"6";"BOETEAU DOCTEUR (RUE DU)";"48,0130000000";"0,2099000000"
"202100027345";"23";"07";"2021";"17:20";"1";"72";"72181";"2";"1";"1";"3";"STALINGRAD (PL DE) MAISON ASS ET PALAIS";"48,0003200000";"0,1924400000"
"202100027346";"23";"07";"2021";"21:00";"5";"71";"71306";"2";"2";"1";"3";"BOURGOGNE (RUE DE)";"46,6711480000";"4,3767470000"
"202100027347";"21";"07";"2021";"11:50";"1";"67";"67482";"2";"3";"1";"3";"MONTAGNE VERTE (RUE DE LA)";"48,5702680000";"7,7377390000"
"202100027348";"18";"07";"2021";"01:10";"5";"67";"67482";"2";"3";"1";"3";"OBERHAUSBERGEN (ROUTE D )";"48,5950000000";"7,7101800000"
"202100027349";"23";"07";"2021";"10:45";"1";"64";"64483";"2";"6";"1";"3";"ITHURRALDE ANDRE (AVENUE)";"43,3993600000";" -1,6408500000"
"202100027350";"22";"07";"2021";"20:20";"1";"60";"60057";"2";"1";"1";"6";"Avenue Salvador Allende";"49,4398439216";"2,1073601245"
"202100027351";"16";"07";"2021";"14:15";"1";"59";"59327";"2";"3";"1";"3";"MONTOZON (RUE DE)";"50,3911800000";"3,1574100000"
"202100027352";"22";"07";"2021";"13:35";"1";"56";"56107";"2";"1";"1";"7";"MOULIN (RUE DU VIEUX)";"47,7216100000";" -3,3828600000"
"202100027353";"23";"07";"2021";"15:30";"1";"54";"54395";"2";"6";"1";"2";"BROT (Rond-Point Marcel)";"48,6773000000";"6,2066000000"
"202100027354";"22";"07";"2021";"18:35";"1";"54";"54395";"2";"2";"1";"3";"SAINTE CATHERINE (QUAI)";"48,6938500000";"6,1918600000"