"Num_Acc";"jour";"mois";"an";"hrmn";"lum";"dep";"com";"agg";"int";"atm";"col";"adr";"lat";"long"
"202100027355";"22";"07";"2021";"16:50";"1";"54";"54395";"2";"1";"1";"2";"TIERCELINS (RUE DES)";"48,6908800000";"6,1898700000"
"202100027356";"22";"07";"2021";"09:05";"1";"50";"50129";"2";"1";"1";"2";"ABBAYE (RUE DE L')";"49,6466400000";" -1,6422700000"
"202100027357";"23";"07";"2021";"10:46";"1";"49";"49246";"2";"6";"1";"2";"MAISONS ROUGES CHEMIN";"47,4370500000";" -0,5143300000"
"202100027358";"22";"07";"2021";"22:15";"2";"44";"44184";"2";"2";"1";"3";"NEYMAN (BOULEVARD JEAN DE)";"47,2772100000";" -2,2337800000"
"202100027359";"23";"07";"2021";"22:40";"5";"44";"44109";"2";"1";"1";"2";"BOULEVARD ERNEST DALBY";"47,2197800000";" -1,5323200000"
"202100027360";"23";"07";"2021";"16:45";"1";"35";"35238";"2";"3";"1";"2";"MONTS D'ARREE (AVENUE DES)";"48,1316200000";" -1,6727100000"
"202100027361";"23";"07";"2021";"08:25";"1";"35";"35238";"2";"1";"1";"6";"VERN (DE)";"48,1000000000";" -1,6579300000"
"202100027362";"23";"07";"2021";"04:30";"3";"35";"35206";"1";"1";"1";"6";"RN 136";"48,0792250000";" -1,6925130000"
"202100027363";"22";"07";"2021";"18:10";"1";"35";"35238";"1";"7";"1";"3";"Parc relais La Poterie";"48,0870900000";" -1,6428700000"
"202100027364";"23";"07";"2021";"17:45";"1";"33";"33318";"2";"3";"1";"3";"Avenue du Pontet";"44,7899860000";" -0,6392740000"
"202100027365";"23";"07";"2021";"13:15";"1";"33";"33063";"2";"2";"1";"3";"Rue Bergeon";"44,8296900000";" -0,5691800000"
"202100027366";"23";"07";"2021";"07:50";"1";"31";"31555";"2";"9";"1";"2";"CHE DU VERDON";"43,6256340000";"1,4779190000"
"202100027367";"23";"07";"2021";"22:00";"5";"30";"30007";"2";"1";"1";"3";"BOISSIER DE SAUVAGE (quai)";"44,1267000000";"4,0739500000"
"202100027368";"23";"07";"2021";"22:40";"5";"25";"25056";"2";"1";"1";"3";"VALENTIN  CHEMIN DE";"47,2714770000";"6,0064820000"
"202100027369";"23";"07";"2021";"14:00";"1";"19";"19272";"1";"1";"1";"1";"Saint Adrian (Lieu dit)";"45,2773174683";"1,7871236801"
"202100027370";"20";"07";"2021";"16:57";"1";"15";"15014";"2";"1";"1";"4";"PUPILLES DE LA NATION (AVENUE DES)";"44,9191800000";"2,4388100000"
"202100027371";"10";"02";"2021";"10:00";"1";"13";"13077";"2";"1";"1";"6";"THOREZ MAURICE (avenue)";"43,4081500000";"4,9810700000"
"202100027372";"23";"07";"2021";"14:00";"1";"13";"13212";"2";"2";"1";"1";"PIERRE CHEVALIER (avenue)";"43,2949124364";"5,4270375391"
"202100027373";"22";"07";"2021";"22:50";"5";"13";"13202";"2";"1";"1";"6";"MALAVAL (RUE)";"43,3048400000";"5,3717200000"
"202100027374";"22";"07";"2021";"19:10";"1";"13";"13208";"2";"1";"1";"5";"MICHELET (BOULEVARD)";"43,2594200000";"5,3989500000"
"202100027375";"23";"07";"2021";"13:04";"1";"10";"10357";"2";"1";"7";"6";"EDOUARD VAILLANT (RUE)";"48,3012100000";"4,0990200000"
"202100027376";"23";"07";"2021";"16:00";"1";"06";"06088";"2";"9";"1";"6";"CESSOLE (BD DE) (A PARTIR DU 101-114)";"43,7220610000";"7,2508090000"
"202100027377";"23";"07";"2021";"08:00";"1";"06";"06069";"2";"1";"1";"1";"Boulevard Emile Zola";"43,6521500000";"6,9186690000"
"202100027378";"21";"07";"2021";"14:00";"1";"05";"05061";"2";"1";"1";"3";"PROVENCE (AVENUE DE)";"44,5410400000";"6,0576500000"
"202100027379";"22";"07";"2021";"12:10";"1";"75";"75113";"2";"1";"1";"2";"QUAI D IVRY";"48,8236370000";"2,3822490000"
"202100027380";"20";"07";"2021";"09:30";"1";"75";"75115";"2";"1";"1";"3";"PORTE DE VERSAILLES";"48,8290650000";"2,2886750000"
"202100027381";"23";"07";"2021";"22:00";"5";"75";"75119";"2";"1";"1";"3";"BOULEVARD SERURIER";"48,8879990000";"2,3953550000"
"202100027382";"23";"07";"2021";"22:42";"5";"75";"75118";"2";"2";"1";"3";"RUE DES POISSONNIERS";"48,8911910000";"2,3516320000"
"202100027383";"23";"07";"2021";"19:50";"1";"75";"75118";"2";"1";"1";"6";"RUE LETORT";"48,8970640000";"2,3440570000"
"202100027384";"23";"07";"2021";"16:05";"1";"75";"75118";"2";"1";"1";"6";"BOULEVARD ORNANO";"48,8972020000";"2,3450070000"
"202100027385";"23";"07";"2021";"19:50";"1";"75";"75117";"2";"2";"1";"5";"AVENUE DE LA GRANDE ARMEE";"48,8745990000";"2,2931130000"
"202100027386";"23";"07";"2021";"12:35";"1";"75";"75117";"2";"4";"1";"3";"BOULEVARD MALESHERBES";"48,8888530000";"2,3042830000"
"202100027387";"23";"07";"2021";"20:00";"1";"75";"75116";"2";"3";"1";"3";"ALLEE DE LA REINE MARGUERITE";"48,8649150000";"2,2490970000"
"202100027388";"23";"07";"2021";"17:40";"1";"75";"75116";"2";"2";"1";"3";"AVENUE DU PRESIDENT WILSON";"48,8637650000";"2,2906740000"
"202100027389";"21";"07";"2021";"20:45";"1";"75";"75116";"2";"1";"1";"2";"ROUTE DES TRIBUNES";"48,8618870000";"2,2304200000"
"202100027390";"23";"07";"2021";"02:45";"5";"75";"75104";"2";"3";"1";"6";"RUE DE LA CERISAIE";"48,8518412920";"2,3664914316"
"202100027391";"23";"07";"2021";"12:30";"1";"94";"94078";"2";"3";"1";"3";"Avenue Winston Churchill";"48,7531000000";"2,4522000000"
"202100027392";"23";"07";"2021";"17:40";"1";"94";"94068";"2";"3";"1";"3";"PAUL DEROULEDE (R)";"48,7895400000";"2,4835200000"
"202100027393";"23";"07";"2021";"16:15";"1";"94";"94068";"2";"2";"1";"3";"Boulevard des Corneilles";"48,7857900000";"2,4921500000"
"202100027394";"22";"07";"2021";"02:15";"5";"94";"94068";"2";"2";"1";"3";"Boulevard de CrÃ©teil";"48,7981300000";"2,4840200000"
"202100027395";"23";"07";"2021";"08:45";"1";"94";"94058";"2";"9";"1";"3";"Avenue du GÃ©nÃ©ral de Gaulle";"48,8481740000";"2,4973130000"
"202100027396";"23";"07";"2021";"02:20";"5";"94";"94015";"2";"2";"1";"3";"Boulevard du General Gallieni";"48,8451300000";"2,5276800000"
"202100027397";"23";"07";"2021";"17:25";"1";"94";"94046";"2";"2";"1";"3";"Avenue du GÃ©nÃ©ral Leclerc";"48,8058300000";"2,4409400000"
"202100027398";"23";"07";"2021";"17:05";"1";"94";"94021";"2";"1";"1";"3";"Avenue de Stalingrad";"48,7683600000";"2,3678700000"
"202100027399";"23";"07";"2021";"19:25";"1";"94";"94028";"2";"9";"1";"3";"EGLISE.(PLACE DE L')";"48,7936570000";"2,4609570000"
"202100027400";"23";"07";"2021";"00:25";"5";"94";"94060";"2";"1";"1";"6";"ANDRE GIDE (AV)";"48,7890000000";"2,5733000000"
"202100027401";"23";"07";"2021";"18:40";"1";"93";"93073";"1";"1";"1";"1";"Rue du Chapitre";"49,0030683826";"2,5368440594"
"202100027402";"23";"07";"2021";"08:30";"1";"93";"93073";"1";"9";"1";"2";"Rue du Chapitre";"49,0022428670";"2,5369866425"
"202100027403";"21";"07";"2021";"09:45";"1";"93";"93078";"2";"2";"1";"1";"Avenue Georges ClÃ©menceau / Avenue Charles de Gaulle";"48,9582000000";"2,5584400000"
"202100027404";"23";"07";"2021";"17:00";"1";"92";"92051";"2";"2";"1";"6";"JEAN MERMOZ (BOULEVARD, NÂ° 5 A 15)";"48,8859858609";"2,2688396434"
"202100027405";"23";"07";"2021";"08:15";"1";"92";"92025";"2";"1";"1";"3";"PAUL BERT (RUE)";"48,9304430000";"2,2452520000"
"202100027406";"23";"07";"2021";"13:30";"1";"92";"92002";"2";"1";"1";"1";"VELPEAU (RUE)";"48,7618400000";"2,3049100000"
"202100027407";"23";"07";"2021";"04:05";"5";"92";"92014";"2";"1";"1";"6";"MARECHAL JOFFRE (BD DU) (1 A 41 - 2 A 56";"48,7854100000";"2,3166900000"
"202100027408";"22";"07";"2021";"08:20";"1";"92";"92002";"2";"1";"1";"3";"ADOLPHE PAJEAUD (RUE)";"48,7412100000";"2,2836400000"
"202100027409";"24";"07";"2021";"13:10";"1";"11";"11367";"1";"1";"1";"7";"D103";"43,3580430000";"2,1886180000"
"202100027410";"23";"07";"2021";"19:45";"1";"60";"60106";"2";"1";"1";"6";"182 Rue de la BruyÃ¨re";"49,3700990000";"2,4565710000"
"202100027411";"23";"07";"2021";"12:20";"1";"973";"97362";"1";"1";"1";"7";"route de Loka";"3,8186310000";" -54,1609880000"
"202100027412";"23";"07";"2021";"10:00";"1";"06";"06161";"1";"1";"1";"3";"494 Route DÃ©partementale 6007";"43,6461220000";"7,1363390000"
"202100027413";"24";"07";"2021";"11:30";"1";"21";"21298";"1";"1";"3";"4";"A6 - PK 253+700";"47,3263221278";"4,4855384533"
"202100027414";"23";"07";"2021";"17:45";"1";"62";"62620";"2";"3";"1";"3";"Rue de l Eglise";"50,5824090000";"2,4109730000"
"202100027415";"23";"07";"2021";"14:10";"1";"51";"51107";"1";"9";"1";"3";"Rue de Paris";"48,8996740000";"4,0930240000"
"202100027416";"24";"07";"2021";"12:50";"1";"56";"56204";"1";"1";"2";"1";"Keriolas";"47,8931560000";" -2,7528560000"
"202100027417";"24";"07";"2021";"11:25";"1";"79";"79013";"1";"1";"2";"6";"N/A";"46,9786130000";" -0,4577780000"
"202100027418";"24";"07";"2021";"00:45";"3";"82";"82087";"1";"1";"1";"6";"4228 Route de Saint-Jean";"44,1236740000";"1,2741730000"
"202100027419";"22";"07";"2021";"14:05";"1";"81";"81128";"1";"1";"1";"6";"CrÃ©maussel";"43,6649460000";"2,3917370000"
"202100027420";"24";"07";"2021";"02:30";"3";"32";"32410";"2";"1";"1";"6";"Avenue de Cazaux";"43,4984410000";"0,9356940000"
"202100027421";"24";"07";"2021";"11:00";"1";"76";"76711";"2";"1";"1";"6";"Rue de la Poissonnerie";"50,0627560000";"1,3701580000"
"202100027422";"24";"07";"2021";"05:40";"2";"61";"61208";"1";"1";"1";"6";"Champ Hubert";"48,6718490000";"0,7036720000"
"202100027423";"21";"07";"2021";"23:15";"3";"61";"61456";"1";"1";"1";"1";"Rue de la Fonte";"48,7681870000";"0,6435330000"
"202100027424";"24";"07";"2021";"18:40";"1";"42";"42128";"1";"9";"1";"1";"N7";"45,9180870000";"4,3317030000"
"202100027425";"21";"07";"2021";"09:30";"1";"42";"42149";"2";"4";"1";"6";"Avenue de la Gare";"45,6441650427";"4,2323984206"
"202100027426";"24";"07";"2021";"02:40";"3";"46";"46284";"1";"1";"1";"6";"D19";"44,8787190000";"1,8496940000"
"202100027427";"23";"07";"2021";"17:45";"1";"41";"41078";"1";"6";"1";"6";"D957";"47,8988480000";"0,9325930000"
"202100027428";"24";"07";"2021";"19:30";"1";"34";"34010";"1";"1";"1";"6";"D 32";"43,6723730000";"3,5710610000"
"202100027429";"23";"07";"2021";"17:55";"1";"68";"68200";"2";"1";"1";"2";"3 Rue de la VallÃ©e";"47,6157470000";"7,1057240000"
"202100027430";"19";"07";"2021";"08:12";"1";"29";"29285";"1";"2";"1";"3";"Lieu-dit Lodeven";"48,6347910000";" -4,0916560000"
"202100027431";"24";"07";"2021";"12:10";"1";"29";"29003";"2";"1";"8";"1";"Rue Rene LaÃ«nnec (Audierne)";"48,0239170000";" -4,5590900000"
"202100027432";"24";"07";"2021";"11:15";"1";"31";"31033";"1";"1";"1";"6";"Route de GrÃ©piac";"43,3690680000";"1,4715510000"
"202100027433";"23";"07";"2021";"23:15";"3";"03";"03236";"2";"1";"1";"6";"16 Rue de Bourzat";"46,1979090000";"3,4325520000"
"202100027434";"23";"07";"2021";"02:00";"3";"26";"26339";"1";"1";"1";"6";"Route Departementale 165";"44,5949750000";"4,7956180000"
"202100027435";"22";"07";"2021";"23:15";"3";"26";"26124";"1";"1";"1";"7";"6830 Route Nationale 7";"44,8171290000";"4,8588320000"
"202100027436";"23";"07";"2021";"16:20";"1";"72";"72029";"2";"9";"7";"3";"D26";"48,2260810000";"0,1283950000"
"202100027437";"24";"07";"2021";"16:30";"1";"72";"72195";"1";"9";"9";"6";"Route des Foutaies";"47,8359635740";" -0,0129932503"
"202100027438";"24";"07";"2021";"19:55";"1";"14";"14682";"1";"4";"2";"6";"D312";"49,3062560000";"0,2211750000"
"202100027439";"23";"07";"2021";"20:40";"1";"64";"64490";"2";"1";"1";"1";"Le Hameau d Exave";"43,2373600000";" -1,3108170000"
"202100027440";"23";"07";"2021";"11:35";"1";"64";"64490";"1";"3";"1";"3";"D918";"43,2238480000";" -1,2987260000"
"202100027441";"24";"07";"2021";"02:00";"3";"43";"43227";"1";"1";"1";"6";"D231";"45,2874180000";"4,3095050000"
"202100027442";"24";"07";"2021";"03:25";"3";"10";"10404";"1";"1";"3";"6";"RD67";"48,0414730000";"4,5588590000"
"202100027443";"24";"07";"2021";"00:15";"3";"07";"07027";"1";"1";"1";"7";"D21";"44,8291100000";"4,7837140000"
"202100027444";"22";"07";"2021";"18:57";"1";"40";"40131";"1";"2";"1";"6";"D626";"43,9502390000";" -0,1570060000"
"202100027445";"22";"07";"2021";"08:00";"1";"24";"24291";"2";"1";"1";"1";"avenue du Chambon";"45,0738620000";"1,1712030000"
"202100027446";"24";"07";"2021";"12:35";"1";"04";"04135";"1";"1";"1";"7";"RD 952";"43,8562740000";"6,1979680000"
"202100027447";"23";"07";"2021";"15:55";"1";"04";"04244";"2";"3";"1";"3";"RD 4 / Ch de Saint Jean";"44,1226690000";"6,0029070000"
"202100027448";"24";"07";"2021";"00:15";"3";"85";"85123";"1";"1";"1";"3";"Route de Sainte-Christine";"46,3651140000";" -0,6953570000"
"202100027449";"14";"07";"2021";"16:00";"1";"27";"27417";"1";"2";"1";"3";"D316";"49,3665710000";"1,5650370000"
"202100027450";"24";"07";"2021";"02:00";"3";"27";"27013";"2";"2";"1";"6";"5 Route du Val Pitan";"49,3111730000";"1,2495020000"
"202100027451";"24";"07";"2021";"14:30";"1";"27";"27210";"1";"2";"1";"1";"D613";"49,1306890000";"0,8132300000"
"202100027452";"24";"07";"2021";"16:30";"1";"52";"52371";"1";"9";"2";"1";"DÃ©partementale 167";"48,2292650000";"5,1141680000"
"202100027453";"24";"07";"2021";"05:50";"1";"13";"13091";"1";"1";"1";"1";"route nationale 7";"43,6061570000";"5,3357290000"
"202100027454";"23";"07";"2021";"09:40";"1";"13";"13051";"1";"2";"1";"3";"D15";"43,6135220000";"5,1386830000"
"202100027455";"23";"07";"2021";"22:23";"5";"973";"97309";"2";"1";"1";"3";"582 Route de Montjoly";"4,9160750000";" -52,2756760000"
"202100027456";"19";"07";"2021";"15:20";"1";"69";"69288";"1";"1";"1";"2";"A432 - barriÃ¨re de pÃ©age de Saint ExupÃ©ry";"45,6728020000";"5,0511900000"
"202100027457";"17";"07";"2021";"09:55";"1";"74";"74081";"2";"1";"1";"6";"Av du Dr Jacques Arnaud";"46,0655190000";"6,5706770000"
"202100027458";"24";"07";"2021";"07:30";"1";"988";"98831";"1";"1";"1";"7";"VU60";" -20,9369620000";"164,7180390000"
"202100027459";"23";"07";"2021";"16:25";"1";"29";"29233";"2";"1";"1";"6";"Rue du Viaduc";"47,8664960000";" -3,5431500000"
"202100027460";"23";"07";"2021";"14:30";"1";"37";"37027";"1";"1";"1";"1";"D976";"47,3225230000";"0,9704420000"
"202100027461";"23";"07";"2021";"11:40";"1";"28";"28279";"1";"1";"7";"7";"D104 PR37+700";"48,6318020000";"1,5334300000"
"202100027462";"24";"07";"2021";"11:30";"1";"48";"48198";"1";"1";"1";"6";"RD 906 48800";"44,4510450000";"3,9319040000"
"202100027463";"24";"07";"2021";"09:20";"1";"83";"83112";"2";"1";"1";"1";"D1559";"43,1781290000";"5,7018880000"
"202100027464";"24";"07";"2021";"03:30";"5";"83";"83065";"1";"1";"1";"6";"D98a";"43,2637260000";"6,6132120000"
"202100027465";"23";"07";"2021";"23:15";"5";"83";"83068";"1";"1";"1";"1";"Route du Littoral";"43,2723540000";"6,5737940000"
"202100027466";"23";"07";"2021";"18:45";"1";"83";"83059";"1";"2";"1";"3";"rd 43";"43,3446710000";"6,0875740000"
"202100027467";"14";"07";"2021";"04:20";"3";"13";"13041";"1";"1";"1";"5";"Route Departementale 6";"43,4732280000";"5,4776290000"
"202100027468";"23";"07";"2021";"20:00";"1";"68";"68247";"1";"1";"1";"7";"D27";"47,9503140000";"7,0013590000"
"202100027469";"23";"07";"2021";"09:40";"1";"74";"74160";"1";"1";"1";"3";"D160";"45,8730320000";"6,4169600000"
"202100027470";"18";"06";"2021";"16:10";"1";"69";"69116";"2";"2";"1";"3";"SAINT ANDRE (DE) (CHM)";"45,8299779402";"4,7819495201"
"202100027471";"23";"07";"2021";"16:15";"1";"64";"64064";"1";"1";"1";"6";"Rn 134";"43,1141890000";" -0,6188820000"
"202100027472";"24";"07";"2021";"16:40";"1";"33";"33238";"2";"1";"1";"3";"5 Avenue de la Duragne";"44,7322380000";" -0,5934920000"
"202100027473";"23";"07";"2021";"08:50";"1";"33";"33422";"1";"2";"8";"3";"Avenue de Pierroton";"44,7697710000";" -0,7713390000"
"202100027474";"23";"07";"2021";"13:20";"1";"33";"33422";"1";"1";"1";"3";"N/A";"44,8025030000";" -0,8280350000"
"202100027475";"24";"07";"2021";"18:00";"1";"85";"85151";"1";"1";"2";"4";"D160";"46,9883400000";" -0,9382300000"
"202100027476";"19";"07";"2021";"15:47";"1";"22";"22067";"2";"1";"1";"1";"Rue de Gourland";"48,5605936246";" -3,1670769205"
"202100027477";"22";"07";"2021";"18:10";"1";"13";"13207";"1";"1";"1";"2";"TVPCM-Sens Saint Victor vers Les Ports";"43,2910179317";"5,3648482661"
"202100027478";"22";"07";"2021";"17:54";"1";"13";"13033";"1";"1";"1";"2";"A55-Sens Martigues vers Marseille";"43,3754700000";"5,1996700000"
"202100027479";"23";"07";"2021";"03:45";"3";"54";"54483";"1";"1";"1";"6";"Autoroute A 33";"48,6175900000";"6,3118800000"
"202100027480";"23";"07";"2021";"19:20";"1";"33";"33167";"1";"1";"1";"7";"Rocade Rive Droite N230";"44,8367070000";" -0,5002210000"
"202100027481";"23";"07";"2021";"12:15";"1";"33";"33096";"1";"1";"1";"4";"AUTOROUTE A 10";"44,8907780000";" -0,5025140000"
"202100027482";"22";"07";"2021";"18:05";"1";"59";"59599";"1";"1";"1";"4";"ROUTE DEPARTEMENTALE 656";"50,7025240000";"3,1589300000"
"202100027483";"23";"07";"2021";"21:35";"1";"94";"94034";"1";"1";"1";"6";"AUTOROUTE A86";"48,7554800000";"2,3429600000"
"202100027484";"23";"07";"2021";"18:30";"1";"91";"91064";"1";"1";"1";"2";"RN 118";"48,7701800000";"2,2293100000"
"202100027485";"23";"07";"2021";"17:10";"1";"92";"92002";"1";"1";"1";"3";"AUTOROUTE A10";"48,7322500000";"2,3107200000"
"202100027486";"23";"07";"2021";"04:35";"3";"91";"91228";"1";"1";"1";"6";"AUTOROUTE A6";"48,6134500000";"2,4304700000"
"202100027487";"23";"07";"2021";"01:25";"3";"94";"94069";"1";"9";"1";"6";"A4";"48,8173924160";"2,4362247214"
"202100027488";"22";"07";"2021";"12:40";"1";"75";"75112";"2";"3";"1";"3";"RUE DE REUILLY";"48,8453090000";"2,3889560000"
"202100027489";"21";"07";"2021";"18:20";"3";"974";"97416";"1";"1";"1";"2";"RN3 (ANCIENNE ROUTE)";" -21,3024361106";"55,5015161633"
"202100027490";"21";"07";"2021";"08:25";"1";"974";"97407";"2";"1";"1";"3";"14 JUILLET 1789(AVENUE DU)";" -20,9325000000";"55,2943000000"
"202100027491";"22";"07";"2021";"17:30";"1";"973";"97302";"2";"9";"1";"3";"ARAGO (FRANCOIS)";"4,9371753437";" -52,3313482628"
"202100027492";"22";"07";"2021";"16:35";"1";"973";"97302";"2";"9";"1";"3";"LALLOUETTE";"4,9407170049";" -52,3292470734"
"202100027493";"21";"07";"2021";"22:00";"5";"973";"97302";"2";"1";"1";"7";"JACARANDAS (CITE)";"4,9290570400";" -52,3110662100"
"202100027494";"22";"07";"2021";"20:35";"2";"69";"69388";"2";"1";"1";"1";"AUGUSTE CHOLLAT (R)";"45,7376900000";"4,8501700000"
"202100027495";"22";"07";"2021";"18:00";"1";"69";"69387";"2";"1";"1";"6";"GUILLOTIERE (DE LA) (PT)";"45,7566673467";"4,8385387659"
"202100027496";"22";"07";"2021";"17:30";"1";"69";"69383";"2";"1";"1";"6";"PAUL BERT (R)";"45,7557100000";"4,8443500000"
"202100027497";"22";"07";"2021";"16:50";"1";"69";"69259";"2";"1";"1";"4";"BERLIET (PT)";"45,7022600000";"4,8926300000"
"202100027498";"21";"07";"2021";"19:40";"1";"69";"69388";"2";"2";"1";"3";"ST MAURICE (R)";"45,7406800000";"4,8662700000"
"202100027499";"22";"07";"2021";"11:35";"1";"69";"69383";"2";"1";"1";"6";"NAZARETH (DE) (R)";"45,7594500000";"4,8700000000"
"202100027500";"22";"07";"2021";"12:30";"1";"972";"97209";"2";"1";"1";"2";"GEORGES GRATIANT (AVENUE)";"14,6124900000";" -61,0408300000"
"202100027501";"22";"07";"2021";"07:40";"1";"971";"97113";"1";"1";"1";"1";"SECTION LEROUX";"16,2348106657";" -61,4724755287"
"202100027502";"22";"07";"2021";"18:50";"1";"2A";"2A004";"2";"1";"1";"3";"RECCO ABBE BOULEVARD";"41,9379183107";"8,7400338650"
"202100027503";"21";"07";"2021";"18:50";"1";"95";"95197";"2";"3";"1";"1";"Rue de la Gare";"48,9753660000";"2,3327750000"
"202100027504";"21";"07";"2021";"23:30";"5";"91";"91103";"2";"1";"1";"1";"RUE D'ESTIENNE D'ORVES";"48,6076700000";"2,3039000000"
"202100027505";"22";"07";"2021";"17:00";"1";"91";"91286";"2";"1";"1";"5";"EMILE ALLIAUD (AVENUE)";"48,6495300000";"2,3836600000"
"202100027506";"21";"07";"2021";"19:53";"1";"87";"87085";"2";"1";"1";"7";"LE BAIL (RUE JEAN)";"45,8386241525";"1,2278613902"
"202100027507";"21";"07";"2021";"18:23";"1";"87";"87085";"2";"1";"1";"7";"GRINJOLLES (CHEMIN DE)";"45,8877100000";"1,2755300000"
"202100027508";"21";"07";"2021";"10:20";"1";"86";"86194";"2";"3";"1";"3";"Boulevard Savari";"46,5768030000";"0,3783200000"
"202100027509";"21";"07";"2021";"23:40";"5";"84";"84007";"2";"1";"1";"2";"C.De GAULLE (Rocade)";"43,9288000000";"4,8025900000"
"202100027510";"22";"07";"2021";"08:50";"1";"83";"83090";"1";"3";"1";"3";"2 FRERES (CHEMIN DES)";"43,1275900000";"5,8533500000"
"202100027511";"22";"07";"2021";"14:27";"1";"83";"83069";"2";"1";"1";"2";"CAWELL (AVENUE EDITH)";"43,1103400000";"6,1256000000"
"202100027512";"23";"07";"2021";"01:35";"5";"78";"78551";"1";"1";"1";"2";"LOGES (AVENUE DES)";"48,9078400000";"2,0916300000"
"202100027513";"20";"07";"2021";"21:00";"1";"77";"77326";"1";"3";"1";"3";"D50";"48,5858000000";"2,5572000000"
"202100027514";"22";"07";"2021";"09:53";"1";"76";"76681";"2";"1";"1";"6";"Rue Pierre Mendes-France";"49,4129300000";"1,0923300000"
"202100027515";"22";"07";"2021";"08:40";"1";"74";"74012";"2";"3";"1";"3";"LECLERC (AVENUE DU MARECHAL)";"46,1871600000";"6,2479100000"
"202100027516";"22";"07";"2021";"13:45";"1";"71";"71076";"2";"3";"1";"6";"Avenue Georges Pompidou";"46,7799471131";"4,8452828288"
"202100027517";"22";"07";"2021";"17:45";"1";"69";"69264";"2";"1";"1";"4";"MEUNIER-VIAL FRANCOIS (R)";"45,9949000000";"4,7340600000"
"202100027518";"15";"07";"2021";"21:30";"2";"67";"67482";"2";"3";"1";"3";"SCHIRMECK (ROUTE DE)";"48,5654000000";"7,7071200000"
"202100027519";"15";"07";"2021";"11:02";"1";"67";"67482";"2";"8";"1";"3";"FRANCS BOURGEOIS (RUE DES)";"48,5828960000";"7,7454240000"
"202100027520";"14";"07";"2021";"17:20";"1";"67";"67218";"2";"3";"2";"3";"FORT UHRICH (ROUTE DU)";"48,5146900000";"7,7059900000"
"202100027521";"21";"07";"2021";"16:20";"1";"67";"67180";"1";"6";"1";"3";"BITCHE (ROUTE DE)";"48,8258100000";"7,7636500000"
"202100027522";"21";"07";"2021";"18:04";"1";"66";"66136";"2";"1";"1";"3";"PANCHOT (AVENUE JULIEN)";"42,6919000000";"2,8836300000"
"202100027523";"21";"07";"2021";"14:00";"1";"64";"64122";"2";"1";"1";"6";"FRANCIS JAMMES (RUE)";"43,4620400000";" -1,5548200000"
"202100027524";"22";"07";"2021";"05:30";"5";"64";"64102";"2";"6";"2";"7";"avenue du 8 mai 1945";"43,4625500000";" -1,4952600000"
"202100027525";"21";"07";"2021";"16:15";"1";"64";"64024";"2";"2";"1";"6";"Boulevard du B.a.b.";"43,4873500000";" -1,5364700000"
"202100027526";"22";"07";"2021";"14:40";"1";"62";"62083";"2";"1";"1";"6";"VIEIL ARRAS (RUE DU)";"50,4477000000";"2,6065120000"
"202100027527";"20";"07";"2021";"08:20";"1";"62";"62758";"2";"2";"1";"6";"BOIS ( Rue au )";"50,7261900000";"1,6378400000"
"202100027528";"22";"07";"2021";"20:30";"1";"59";"59350";"2";"1";"1";"6";"FUSILLES RUE DES";"50,6411717225";"2,9719305038"
"202100027529";"22";"07";"2021";"17:30";"1";"59";"59350";"2";"9";"1";"1";"ARBRISSEAU RUE DE L";"50,6062300000";"3,0486300000"
"202100027530";"20";"07";"2021";"16:45";"1";"52";"52121";"2";"1";"1";"1";"BROTTES (RUE DE)";"48,0888300000";"5,1424800000"
"202100027531";"21";"07";"2021";"13:20";"1";"50";"50203";"2";"6";"1";"3";"BANQUE A GENETS (CHEMIN DE LA)";"49,6001100000";" -1,5998300000"
"202100027532";"22";"07";"2021";"17:22";"1";"49";"49007";"2";"3";"1";"6";"BRIOLLAY ROUTE";"47,4890400000";" -0,5312200000"
"202100027533";"21";"07";"2021";"15:04";"1";"49";"49007";"2";"3";"1";"6";"ECRITURE";"47,4872100000";" -0,5257200000"
"202100027534";"22";"07";"2021";"20:25";"1";"47";"47323";"2";"1";"1";"3";"BORDENEUVE (AVENUE JACQUES)";"44,4044000000";"0,6911000000"
"202100027535";"22";"07";"2021";"17:17";"1";"44";"44109";"2";"3";"1";"3";"BOULEVARD JEAN MONNET";"47,2088370000";" -1,5501020000"
"202100027536";"22";"07";"2021";"19:25";"1";"37";"37261";"2";"2";"1";"3";"AMBOISE (RUE D')";"47,3818698318";"0,6898829184"
"202100027537";"22";"07";"2021";"18:35";"1";"37";"37214";"2";"2";"1";"6";"ENGERAND (RUE ROLAND)";"47,4105878442";"0,6737419923"
"202100027538";"22";"07";"2021";"18:09";"1";"37";"37233";"2";"2";"1";"3";"LABOURDE (RUE JEANNE)";"47,3971445494";"0,7418815792"
"202100027539";"22";"07";"2021";"10:00";"1";"37";"37233";"2";"1";"1";"6";"CACHIN (RUE MARCEL)";"47,3975796159";"0,7473194227"
"202100027540";"22";"07";"2021";"11:00";"1";"35";"35238";"2";"1";"1";"3";"SAINT-HELIER";"48,1064200000";" -1,6679900000"
"202100027541";"22";"07";"2021";"09:35";"1";"35";"35281";"2";"2";"1";"3";"MARIN (RUE JEAN)";"48,0826300000";" -1,7127000000"
"202100027542";"22";"07";"2021";"09:00";"1";"35";"35238";"2";"1";"1";"6";"AROT (SQUARE JOSEPH)";"48,1114400000";" -1,7081900000"