"Num_Acc";"jour";"mois";"an";"hrmn";"lum";"dep";"com";"agg";"int";"atm";"col";"adr";"lat";"long"
"202100027543";"9";"07";"2021";"00:35";"5";"34";"34301";"2";"6";"1";"7";"MOULINS (QUAI DES)";"43,4091161591";"3,7034976482"
"202100027544";"22";"07";"2021";"17:00";"1";"33";"33063";"2";"2";"1";"1";"Rue Vergniaud";"44,8509900000";" -0,5797300000"
"202100027545";"22";"07";"2021";"14:45";"1";"33";"33529";"1";"1";"1";"7";"ARCACHON (BD D')";"44,6388540000";" -1,1721220000"
"202100027546";"22";"07";"2021";"13:55";"1";"33";"33009";"2";"1";"1";"3";"Boulevard MarÃ©chal Leclerc";"44,6592400000";" -1,1645300000"
"202100027547";"22";"07";"2021";"07:35";"1";"31";"31555";"1";"1";"1";"5";"33 A LALANDE (PEAGE NORD)";"43,6502400000";"1,4222200000"
"202100027548";"22";"07";"2021";"08:10";"1";"29";"29019";"2";"4";"1";"2";"Rue Monjaret de Kerjegu";"48,3890400000";" -4,4568800000"
"202100027549";"22";"07";"2021";"05:00";"2";"27";"27701";"2";"9";"1";"3";"BLANCHE (CH. DE LA VOIE) LOUVIERS A LACS";"49,2737500000";"1,2040900000"
"202100027550";"19";"07";"2021";"12:25";"1";"19";"19031";"2";"1";"1";"6";"CLEMENCEAU (BOULEVARD)";"45,1535800000";"1,5311300000"
"202100027551";"22";"07";"2021";"20:56";"1";"17";"17291";"1";"1";"1";"3";"N11";"46,1769470000";" -1,1037190000"
"202100027552";"21";"07";"2021";"13:15";"1";"15";"15014";"2";"1";"1";"6";"Rue des Carmes";"44,9272000000";"2,4434000000"
"202100027553";"22";"07";"2021";"22:00";"5";"13";"13210";"2";"1";"1";"3";"PIERRE DOIZE  (RUE)";"43,2766397213";"5,4268260768"
"202100027554";"22";"07";"2021";"09:15";"1";"13";"13209";"2";"1";"1";"3";"GAYE (BOULEVARD DE LA)";"43,2593838879";"5,4134185248"
"202100027555";"21";"07";"2021";"08:50";"1";"11";"11262";"2";"1";"1";"6";"TORGAN (RUE DU)";"43,1838030000";"2,9758600000"
"202100027556";"20";"07";"2021";"16:20";"1";"11";"11069";"2";"1";"1";"2";"MULLOT ARTHUR AV. PAIRS";"43,2111900000";"2,3606900000"
"202100027557";"20";"07";"2021";"19:35";"1";"10";"10387";"2";"2";"7";"3";"JULES GUESDE (RUE)";"48,2932500000";"4,0820500000"
"202100027558";"22";"07";"2021";"10:50";"1";"02";"02738";"2";"1";"1";"6";"GAMBETTA (BOULEVARD)";"49,6546000000";"3,2946800000"
"202100027559";"21";"07";"2021";"06:45";"1";"75";"75118";"2";"1";"1";"2";"PORTE DE LA CHAPELLE";"48,9009110000";"2,3602460000"
"202100027560";"21";"07";"2021";"18:00";"1";"75";"75116";"2";"1";"1";"5";"BOULEVARD PERIPHERIQUE INTERIEUR OUEST";"48,8481510000";"2,2535690000"
"202100027561";"21";"07";"2021";"01:59";"5";"75";"75112";"2";"3";"1";"6";"BOULEVARD DE BERCY";"48,8400370000";"2,3819180000"
"202100027562";"22";"07";"2021";"09:30";"1";"75";"75106";"2";"7";"1";"3";"PLACE SAINT GERMAIN DES PRES";"48,8537920000";"2,3333470000"
"202100027563";"22";"07";"2021";"02:20";"5";"75";"75114";"2";"1";"1";"6";"BOULEVARD JOURDAN";"48,8197080000";"2,3414060000"
"202100027564";"22";"07";"2021";"16:45";"1";"75";"75119";"2";"2";"1";"3";"AVENUE JEAN JAURES";"48,8865690000";"2,3846580000"
"202100027565";"22";"07";"2021";"15:43";"1";"75";"75119";"2";"1";"1";"3";"AVENUE JEAN JAURES";"48,8833080000";"2,3719980000"
"202100027566";"21";"07";"2021";"21:35";"2";"75";"75119";"2";"1";"1";"3";"BOULEVARD DE LA VILLETTE";"48,8774590000";"2,3709890000"
"202100027567";"22";"07";"2021";"01:30";"5";"75";"75119";"2";"2";"1";"3";"AVENUE DE FLANDRE";"48,8923180000";"2,3791510000"
"202100027568";"22";"07";"2021";"16:45";"1";"75";"75117";"2";"2";"1";"2";"BOULEVARD MALESHERBES";"48,8818780000";"2,3112960000"
"202100027569";"22";"07";"2021";"16:00";"1";"75";"75115";"2";"2";"1";"6";"RUE DE LA CROIX NIVERT";"48,8373520000";"2,2894510000"
"202100027570";"22";"07";"2021";"06:45";"1";"75";"75112";"2";"1";"1";"2";"QUAI DE LA RAPEE";"48,8436670000";"2,3698910000"
"202100027571";"21";"07";"2021";"23:15";"5";"75";"75111";"2";"2";"1";"3";"BOULEVARD DE BELLEVILLE";"48,8688960000";"2,3804310000"
"202100027572";"22";"07";"2021";"06:00";"1";"75";"75109";"2";"2";"1";"3";"BOULEVARD POISSONNIERE";"48,8715010000";"2,3430640000"
"202100027573";"22";"07";"2021";"14:05";"1";"75";"75108";"2";"1";"1";"3";"AVENUE DE WAGRAM";"48,8747600000";"2,2957700000"
"202100027574";"22";"07";"2021";"13:55";"1";"75";"75102";"2";"4";"1";"3";"BOULEVARD DES CAPUCINES";"48,8700900000";"2,3290510000"
"202100027575";"22";"07";"2021";"12:00";"1";"75";"75104";"2";"2";"1";"7";"QUAI DE L ARCHEVECHE";"48,8526520000";"2,3521870000"
"202100027576";"22";"07";"2021";"09:05";"1";"75";"75102";"2";"4";"1";"6";"RUE DES PETITS PERES";"48,8661770000";"2,3399970000"
"202100027577";"21";"07";"2021";"14:00";"1";"94";"94068";"2";"1";"1";"3";"ALMA (AV DE L)";"48,7890400000";"2,4901800000"
"202100027578";"22";"07";"2021";"07:30";"1";"94";"94058";"2";"1";"1";"3";"Boulevard dâAlsace-Lorraine";"48,8518930000";"2,5090930000"
"202100027579";"22";"07";"2021";"14:05";"1";"94";"94046";"2";"1";"1";"7";"Avenue du GÃ©nÃ©ral de Gaulle";"48,8143710000";"2,4207170000"
"202100027580";"21";"07";"2021";"20:00";"1";"94";"94043";"2";"1";"1";"7";"VERDUN (R DE)";"48,8085100000";"2,3575900000"
"202100027581";"22";"07";"2021";"05:30";"2";"94";"94041";"2";"1";"1";"2";"Rue LÃ©nine";"48,8189200000";"2,3991500000"
"202100027582";"22";"07";"2021";"19:50";"1";"94";"94017";"2";"1";"1";"3";"Rue Jean JaurÃ¨s";"48,8149934176";"2,5067496300"
"202100027583";"22";"07";"2021";"17:20";"1";"93";"93066";"2";"1";"1";"6";"Rue de Strasbourg";"48,9359000000";"2,3687100000"
"202100027584";"22";"07";"2021";"09:50";"1";"93";"93066";"2";"1";"1";"3";"Rue Jules Saulnier";"48,9254027728";"2,3524024488"
"202100027585";"22";"07";"2021";"21:25";"2";"93";"93064";"2";"1";"1";"1";"REPUBLIQUE (AVENUE DE LA)";"48,8697200000";"2,4853100000"
"202100027586";"22";"07";"2021";"13:50";"1";"93";"93064";"2";"1";"1";"6";"ALSACE-LORRAINE (BOULEVARD)";"48,8838010000";"2,4890360000"
"202100027587";"22";"07";"2021";"16:45";"1";"93";"93048";"2";"9";"1";"3";"Bd Paul Vaillant Couturier";"48,8662040000";"2,4445290000"
"202100027588";"22";"07";"2021";"21:22";"2";"92";"92073";"2";"3";"1";"3";"ROOSEVELT (AVENUE FRANKLIN)";"48,8741948486";"2,2211319208"
"202100027589";"22";"07";"2021";"08:30";"1";"92";"92073";"2";"1";"1";"1";"BOMBIGER (RUE DU DOCTEUR MARC)";"48,8624167617";"2,2123906016"
"202100027590";"22";"07";"2021";"21:30";"2";"92";"92062";"2";"1";"1";"2";"REPUBLIQUE (RUE DE LA) NÂ° 100 A 14";"48,8865052260";"2,2444224896"
"202100027591";"22";"07";"2021";"22:10";"5";"92";"92040";"2";"5";"1";"3";"VICTOR CRESSON (AVENUE) DU 01 AU 27";"48,8239730000";"2,2728270000"
"202100027592";"22";"07";"2021";"21:30";"2";"92";"92040";"2";"3";"1";"3";"GENERAL LECLERC";"48,8268250000";"2,2789940000"
"202100027593";"22";"07";"2021";"07:50";"1";"92";"92035";"2";"2";"1";"3";"National ( boulevard )";"48,9022295674";"2,2394835949"
"202100027594";"22";"07";"2021";"12:50";"1";"92";"92026";"2";"1";"1";"6";"GAULTIER";"48,8995000000";"2,2452800000"
"202100027595";"22";"07";"2021";"13:09";"1";"92";"92060";"2";"3";"1";"3";"PAUL RIVET (RUE) COTE PAIR";"48,7839390426";"2,2588062286"
"202100027596";"21";"07";"2021";"19:30";"1";"92";"92009";"2";"1";"1";"1";"ARGENTEUIL ( AVENUE D' )";"48,9228487953";"2,2763518989"
"202100027597";"23";"07";"2021";"12:04";"1";"08";"08427";"1";"1";"1";"5";"D985";"49,5428660000";"4,3820860000"
"202100027598";"23";"07";"2021";"11:30";"1";"52";"52365";"1";"2";"1";"2";"D65";"48,0639920000";"4,9468520000"
"202100027599";"21";"07";"2021";"17:47";"1";"60";"60234";"1";"3";"1";"2";"D916";"49,4043950000";"2,4203030000"
"202100027600";"21";"07";"2021";"11:15";"1";"22";"22045";"1";"1";"1";"4";"D7";"48,4662060000";" -2,9483380000"
"202100027601";"23";"07";"2021";"06:00";"2";"28";"28104";"1";"1";"1";"2";"AUTOROUTE A11  PK  49+175";"48,4739700000";"1,6082550000"
"202100027602";"22";"07";"2021";"15:30";"1";"67";"67374";"1";"3";"1";"3";"cd 31 pfettisheim pr 10";"48,6582370000";"7,6509530000"
"202100027603";"23";"07";"2021";"17:35";"1";"85";"85215";"2";"1";"1";"7";"3 Rue Jules Verne";"46,8515670000";" -1,1705370000"
"202100027604";"23";"07";"2021";"10:25";"1";"36";"36033";"1";"1";"1";"6";"N/A";"46,5080050000";"1,5052890000"
"202100027605";"22";"07";"2021";"23:00";"5";"62";"62647";"2";"3";"1";"3";"D939";"50,3790140000";"2,1016070000"
"202100027606";"22";"07";"2021";"09:20";"1";"77";"77113";"1";"1";"1";"2";"D112";"48,7336730000";"3,1988440000"
"202100027607";"22";"07";"2021";"22:15";"3";"57";"57097";"1";"1";"1";"7";"dÃ©partementale  25";"49,1782250000";"6,5169530000"
"202100027608";"23";"07";"2021";"10:38";"1";"56";"56222";"1";"1";"8";"6";"La Mare au Sel";"47,8022260000";" -2,7642940000"
"202100027609";"23";"07";"2021";"14:20";"1";"2B";"2B043";"1";"1";"1";"6";"dÃ©partementale 54";"42,7748650000";"9,4709340000"
"202100027610";"22";"07";"2021";"22:17";"3";"80";"80192";"2";"9";"1";"7";"D71a";"49,9062240000";"2,6453450000"
"202100027611";"23";"07";"2021";"10:30";"1";"33";"33314";"1";"1";"1";"6";"Boulevard Halimbourg";"45,2223830000";" -0,7481760000"
"202100027612";"23";"07";"2021";"20:10";"1";"81";"81220";"1";"1";"1";"7";"D988 - PK 070+500";"43,8398590000";"1,7592820000"
"202100027613";"23";"07";"2021";"18:56";"1";"81";"81279";"1";"1";"1";"1";"D999";"43,9203700000";"1,6564890000"
"202100027614";"22";"07";"2021";"16:20";"1";"32";"32208";"1";"4";"1";"1";"Lescharties";"43,9536370000";"0,6510900000"
"202100027615";"23";"07";"2021";"16:55";"1";"71";"71263";"2";"1";"1";"4";"68 Rue du Guidon";"46,6382070000";"5,2134470000"
"202100027616";"23";"07";"2021";"07:50";"1";"55";"55490";"1";"1";"1";"4";"D964";"49,3340595855";"5,2463894337"
"202100027617";"22";"07";"2021";"18:30";"2";"55";"55085";"1";"1";"1";"1";"D 33";"48,8302220000";"5,7076870000"
"202100027618";"23";"07";"2021";"16:00";"1";"55";"55501";"1";"1";"1";"6";"RN4, PK 14+660";"48,6463650000";"5,1589180000"
"202100027619";"19";"07";"2021";"13:35";"1";"49";"49266";"1";"1";"1";"1";"Le Champ Couteau";"47,4629440000";" -0,7685550000"
"202100027620";"22";"07";"2021";"19:45";"2";"42";"42243";"2";"1";"7";"1";"Le Bourg";"45,8482150000";"3,9964540000"
"202100027621";"22";"07";"2021";"13:42";"1";"86";"86002";"1";"1";"1";"2";"D18";"46,7424470000";"0,1808250000"
"202100027622";"23";"07";"2021";"16:25";"1";"39";"39106";"1";"1";"1";"5";"N/A";"46,4782090000";"5,7246480000"
"202100027623";"22";"07";"2021";"19:50";"1";"39";"39323";"2";"1";"1";"7";"10 Rue du Crapaud";"47,1646690000";"5,4999880000"
"202100027624";"22";"07";"2021";"21:30";"3";"25";"25145";"1";"1";"1";"7";"Chazot";"47,3316100000";"6,5338080000"
"202100027625";"22";"07";"2021";"17:00";"1";"44";"44023";"1";"2";"1";"3";"Le Bois Laine";"47,3950960000";" -1,8936610000"
"202100027626";"23";"07";"2021";"02:00";"3";"38";"38450";"2";"3";"1";"1";"Route du Sud";"45,2789620000";"5,5378770000"
"202100027627";"22";"07";"2021";"10:00";"1";"02";"02191";"2";"1";"1";"7";"Rue de l Eglise";"49,5278480000";"3,5845850000"
"202100027628";"22";"07";"2021";"17:20";"1";"15";"15084";"1";"3";"1";"3";"D920";"44,7494990000";"2,4804750000"
"202100027629";"22";"07";"2021";"18:55";"1";"26";"26330";"2";"1";"1";"2";"265 Avenue des Pins";"45,2905920000";"4,9537660000"
"202100027630";"22";"07";"2021";"10:45";"1";"58";"58046";"2";"1";"7";"6";"Place d Aligre";"46,8695160000";"3,6456010000"
"202100027631";"23";"07";"2021";"16:15";"1";"14";"14506";"1";"1";"1";"6";"D28";"49,1683207034";" -0,8352720737"
"202100027632";"23";"07";"2021";"08:00";"1";"50";"50168";"1";"1";"1";"5";"976 PK 39+500";"48,6169520000";" -1,2742320000"
"202100027633";"20";"07";"2021";"18:30";"1";"45";"45098";"2";"1";"1";"3";"Rue Louis XI";"47,8193140000";"1,7555840000"
"202100027634";"23";"07";"2021";"18:20";"1";"36";"36021";"1";"1";"1";"6";"N/A";"46,9693740000";"1,9871740000"
"202100027635";"22";"07";"2021";"19:00";"1";"16";"16307";"1";"1";"1";"7";"N/A";"45,8714208847";"0,2628223176"
"202100027636";"20";"07";"2021";"18:00";"1";"53";"53197";"1";"1";"1";"3";"D230";"47,8376820000";" -1,1138460000"
"202100027637";"22";"07";"2021";"14:35";"1";"85";"85024";"1";"2";"1";"3";"Route du Port la Roche";"46,9811530000";" -1,9216950000"
"202100027638";"22";"07";"2021";"08:30";"1";"30";"30182";"1";"1";"1";"3";"d999";"43,8601840000";"4,1619730000"
"202100027639";"21";"07";"2021";"08:00";"1";"88";"88233";"1";"2";"1";"3";"D460";"48,1347220000";"6,2406580000"
"202100027640";"20";"06";"2021";"11:40";"1";"30";"30169";"1";"1";"1";"5";"N113";"43,7817000000";"4,2950000000"
"202100027641";"23";"07";"2021";"08:58";"1";"69";"69244";"2";"1";"1";"3";"GENERAL BROSSET (AV)";"45,7570874691";"4,7803124342"
"202100027642";"21";"07";"2021";"11:20";"1";"69";"69244";"2";"2";"1";"3";"FINAT DUCLOS (CHM)";"45,7582590000";"4,7517720000"
"202100027643";"17";"07";"2021";"18:30";"1";"33";"33122";"1";"1";"1";"1";"N/A";"44,7115800000";" -0,7257410000"
"202100027644";"23";"07";"2021";"07:45";"1";"988";"98817";"2";"9";"1";"3";"ROUTE DU VALLON DORE/PARKING ECOLE DES COCCINELLES";" -22,2495510000";"166,5677760000"
"202100027645";"22";"07";"2021";"17:40";"1";"971";"97117";"2";"1";"1";"7";"Rue st jean";"16,3328860000";" -61,3460500000"
"202100027646";"22";"07";"2021";"13:00";"1";"971";"97118";"1";"1";"1";"6";"Route de la Traversee";"16,2046660000";" -61,6346260000"
"202100027647";"22";"07";"2021";"17:05";"1";"978";"97801";"2";"1";"1";"3";"Rue de Concordia";"18,0675650000";" -63,0825090000"
"202100027648";"23";"07";"2021";"10:00";"1";"28";"28194";"1";"1";"1";"1";"D24";"48,4419590000";"1,6448810000"
"202100027649";"23";"07";"2021";"17:20";"1";"2B";"2B042";"1";"1";"1";"1";"Route de Lanciatojo";"42,5789550000";"9,4642120000"
"202100027650";"23";"07";"2021";"01:30";"3";"83";"83104";"1";"1";"1";"6";"D3";"43,6106090000";"5,7606230000"
"202100027651";"22";"07";"2021";"17:50";"1";"05";"05079";"1";"1";"1";"2";"Col du Galibier (Col de montagne)";"45,0606240000";"6,4114770000"
"202100027652";"19";"07";"2021";"00:30";"5";"13";"13041";"2";"1";"1";"2";"Avenue Emile Zola";"43,4370320000";"5,4650760000"
"202100027653";"14";"07";"2021";"23:20";"3";"21";"21609";"1";"1";"1";"7";"D905";"47,2067420000";"5,3152590000"
"202100027654";"6";"07";"2021";"08:12";"1";"57";"57443";"2";"1";"3";"6";"Rue de la Rousse";"49,2117770000";"6,1157430000"
"202100027655";"23";"07";"2021";"07:20";"2";"26";"26235";"2";"6";"1";"2";"Route nationale 7";"44,3685170000";"4,6941660000"
"202100027656";"23";"07";"2021";"17:00";"1";"76";"76160";"2";"1";"1";"7";"Rue de l Eglise";"49,5527540000";"0,8234900000"
"202100027657";"22";"07";"2021";"16:30";"1";"60";"60644";"2";"1";"1";"6";"Rue Villers-sur-Trie";"49,2964448984";"1,8158753514"
"202100027658";"25";"06";"2021";"18:50";"1";"59";"59069";"1";"1";"1";"3";"DÃ©partementale 114";"50,2545590000";"3,5443780000"
"202100027659";"21";"07";"2021";"19:01";"1";"13";"13071";"1";"1";"1";"4";"A7-Sens Lyon vers Marseille";"43,4040400000";"5,3422000000"
"202100027660";"18";"07";"2021";"12:15";"1";"13";"13055";"1";"1";"1";"2";"A507 sens Marseille - Aubagne";"43,3270800000";"5,4192700000"
"202100027661";"18";"07";"2021";"19:40";"1";"13";"13211";"1";"1";"1";"2";"A50-Sens Aubagne vers Marseille";"43,2924000000";"5,4791500000"
"202100027662";"22";"07";"2021";"08:30";"1";"33";"33080";"1";"1";"1";"3";"AUTOROUTE A 62";"44,7257350000";" -0,5265900000"
"202100027663";"22";"07";"2021";"07:25";"1";"33";"33474";"1";"1";"1";"6";"N/A";"44,6786050000";" -0,4857100000"
"202100027664";"22";"07";"2021";"18:25";"1";"77";"77251";"1";"1";"1";"2";"AUTOROUTE A5A";"48,6131800000";"2,5666500000"
"202100027665";"22";"07";"2021";"15:10";"1";"91";"91589";"1";"1";"1";"2";"AUTOROUTE A6";"48,6731400000";"2,3434500000"
"202100027666";"22";"07";"2021";"01:40";"3";"91";"91340";"1";"1";"1";"2";"AUTOROUTE A6";"48,6023470000";"2,4381460000"
"202100027667";"22";"07";"2021";"18:30";"1";"78";"78043";"1";"1";"1";"2";"A13Y";"48,8426190000";"2,0936430000"
"202100027668";"21";"07";"2021";"17:00";"1";"78";"78073";"1";"1";"1";"2";"N12Y";"48,7992680000";"1,9954590000"
"202100027669";"22";"07";"2021";"18:40";"1";"93";"93006";"1";"1";"1";"3";"AUTOROUTE A3";"48,8655900000";"2,4204100000"
"202100027670";"22";"07";"2021";"13:05";"1";"93";"93064";"1";"1";"1";"2";"AUTOROUTE A86";"48,8822400000";"2,4734500000"
"202100027671";"22";"07";"2021";"11:15";"1";"93";"93053";"1";"1";"1";"2";"AUTOROUTE A3";"48,8818800000";"2,4544800000"
"202100027672";"21";"07";"2021";"18:40";"1";"95";"95018";"1";"1";"1";"2";" A15";"48,9616763902";"2,2684363334"
"202100027673";"22";"07";"2021";"17:15";"1";"94";"94028";"1";"1";"1";"2";"A86 EXT";"48,7827541084";"2,4408460732"
"202100027674";"22";"07";"2021";"09:25";"1";"94";"94052";"1";"1";"1";"5";"A86 INT";"48,8350500000";"2,4936000000"
"202100027675";"22";"07";"2021";"09:15";"1";"77";"77294";"1";"1";"1";"2";"A104";"48,9652340000";"2,6088790000"
"202100027676";"21";"07";"2021";"09:20";"1";"77";"77146";"1";"1";"1";"2";"A4.Y";"48,8319870876";"2,6512725706"
"202100027677";"21";"07";"2021";"05:30";"2";"94";"94073";"1";"1";"1";"2";"A86 INT";"48,7664000000";"2,3788000000"
"202100027678";"21";"07";"2021";"16:40";"1";"38";"38185";"2";"3";"1";"6";"Avenue Felix Viallet";"45,1908300000";"5,7188300000"
"202100027679";"25";"06";"2021";"08:40";"1";"77";"77333";"2";"1";"1";"6";"RUE DE LA GRANDE MONTAGNE";"48,2685330000";"2,6995250000"
"202100027680";"13";"03";"2021";"13:30";"1";"84";"84007";"1";"4";"1";"3";"HAENDEL (Rue)";"43,9268800000";"4,8000500000"
"202100027681";"11";"05";"2021";"11:50";"1";"44";"44109";"2";"1";"1";"6";"PARIS ( ROUTE DE )";"47,2565510444";" -1,5079683942"
"202100027682";"21";"07";"2021";"11:22";"1";"976";"97611";"2";"9";"1";"1";"kaweni-Poste ( rue de la )";" -12,7745700000";"45,2223500000"
"202100027683";"21";"07";"2021";"07:50";"1";"974";"97416";"1";"1";"1";"2";"RN3 (3)";" -21,3307800000";"55,4682200000"
"202100027684";"20";"07";"2021";"12:15";"1";"974";"97416";"2";"1";"1";"3";"LEBLOND 2 (RUE MARIUS ET ARY)";" -21,3325400000";"55,4562600000"
"202100027685";"19";"07";"2021";"14:00";"1";"974";"97411";"2";"3";"2";"3";"LORY LES BAS (RUE)";" -20,8905500000";"55,4805000000"
"202100027686";"21";"07";"2021";"13:25";"1";"974";"97407";"2";"1";"1";"6";"RUE RENE MICHEL";" -20,9376000000";"55,2933000000"
"202100027687";"21";"07";"2021";"23:30";"5";"69";"69386";"2";"2";"1";"3";"GARIBALDI (R)";"45,7719600000";"4,8498800000"
"202100027688";"21";"07";"2021";"22:40";"5";"69";"69383";"2";"1";"1";"6";"ALBERT THOMAS (CR)";"45,7475600000";"4,8655500000"
"202100027689";"21";"07";"2021";"20:20";"1";"69";"69383";"2";"2";"1";"3";"SAINTE ANNE DE BARABAN (R)";"45,7582500000";"4,8735100000"
"202100027690";"20";"07";"2021";"12:22";"1";"69";"69387";"2";"2";"1";"3";"TONY GARNIER (AV)";"45,7265300000";"4,8307400000"
"202100027691";"21";"07";"2021";"10:30";"1";"69";"69387";"2";"1";"1";"6";"UNIVERSITE (DE L') (R)";"45,7510900000";"4,8387800000"
"202100027692";"21";"07";"2021";"22:25";"5";"69";"69142";"2";"1";"1";"6";"STEPHANE DECHANT (IMP)";"45,7263500000";"4,8144300000"
"202100027693";"21";"07";"2021";"17:45";"1";"69";"69149";"2";"1";"1";"1";"JEAN JAURES (AV)";"45,7115700000";"4,8200300000"
"202100027694";"18";"07";"2021";"18:30";"1";"69";"69381";"2";"7";"1";"3";"ANDRE LASSAGNE (Q)";"45,7686900000";"4,8382800000"
"202100027695";"19";"07";"2021";"16:30";"1";"69";"69149";"2";"1";"1";"1";"CELESTINS (DES) (CHM)";"45,7198553118";"4,7981890165"
"202100027696";"20";"07";"2021";"16:50";"1";"971";"97101";"2";"9";"1";"3";"RN05";"16,2541500000";" -61,5236100000"
"202100027697";"21";"07";"2021";"22:00";"5";"95";"95277";"2";"6";"1";"3";"RD 970";"48,9932920000";"2,4426860000"
"202100027698";"20";"07";"2021";"10:05";"1";"95";"95306";"2";"6";"1";"6";"RD 14";"48,9981500000";"2,1875500000"
"202100027699";"20";"07";"2021";"19:00";"1";"91";"91216";"2";"1";"1";"6";"GRANDE RUE";"48,6758200000";"2,3226700000"
"202100027700";"20";"07";"2021";"08:00";"1";"91";"91103";"2";"1";"1";"6";"RUE EDOUARD DANAUX";"48,6024900000";"2,2879100000"
"202100027701";"21";"07";"2021";"20:20";"1";"91";"91692";"1";"6";"1";"2";"OCEANIE (AVENUE DE L')";"48,6761500000";"2,1924600000"
"202100027702";"21";"07";"2021";"13:50";"1";"91";"91657";"2";"3";"1";"1";"RUE DU CHATEAU";"48,7045800000";"2,4364300000"
"202100027703";"21";"07";"2021";"03:40";"5";"91";"91432";"2";"1";"1";"3";"AV EVARISTE GALLOIS";"48,6964320000";"2,3349330000"
"202100027704";"16";"07";"2021";"16:21";"1";"87";"87085";"1";"1";"1";"3";"AUTOROUTE A20";"45,8581400000";"1,2837800000"
"202100027705";"18";"07";"2021";"16:28";"1";"87";"87085";"1";"1";"1";"6";"AUTOROUTE A20";"45,9066300000";"1,2916000000"
"202100027706";"19";"07";"2021";"10:25";"1";"84";"84087";"2";"1";"1";"3";"GAULLE (AVENUE CHARLES DE)";"44,1361900000";"4,8024500000"
"202100027707";"20";"07";"2021";"16:10";"1";"83";"83137";"2";"2";"1";"1";"DUNANT (HENRI)";"43,1256300000";"5,9458500000"
"202100027708";"20";"07";"2021";"11:10";"1";"83";"83137";"2";"1";"1";"4";"DEPARTEMENTALE 46 (CHEMIN)";"43,1496500000";"5,9730000000"
"202100027709";"20";"07";"2021";"11:55";"1";"78";"78586";"2";"2";"1";"3";"BERTEAUX (MAURICE) NÂ°44 A 152";"48,9383000000";"2,1706200000"
"202100027710";"19";"07";"2021";"19:45";"1";"78";"78531";"1";"9";"7";"1";"RUE NATIONALE";"49,0082320000";"1,6155600000"
"202100027711";"18";"07";"2021";"20:15";"1";"77";"77458";"2";"1";"1";"6";"RUE DU COUDRAY";"48,1903600000";"2,7358600000"
"202100027712";"21";"07";"2021";"22:45";"3";"76";"76497";"1";"1";"1";"6";"D 418";"49,3817488295";"1,0576486588"
"202100027713";"20";"07";"2021";"10:15";"1";"72";"72181";"2";"1";"1";"6";"BOLLEE (AV) NÂ° IMP 1 A 63";"48,0024600000";"0,2059900000"
"202100027714";"21";"07";"2021";"20:10";"1";"71";"71306";"1";"1";"1";"6";"RN 70 (ROUTE EXPRESS)";"46,6868700000";"4,3573100000"
"202100027715";"21";"07";"2021";"23:40";"5";"69";"69264";"2";"1";"1";"6";"ROGER SALENGRO  (BD)";"45,9982400000";"4,7161100000"
"202100027716";"20";"07";"2021";"21:10";"2";"67";"67482";"2";"3";"1";"3";"ALTENHEIM (ROUTE D )";"48,5401600000";"7,7678700000"
"202100027717";"20";"07";"2021";"13:00";"1";"67";"67482";"2";"3";"1";"3";"FLANDRES (RUE DE)";"48,5817700000";"7,7746800000"
"202100027718";"19";"07";"2021";"12:40";"1";"67";"67482";"2";"3";"1";"3";"OBERHAUSBERGEN (ROUTE D )";"48,5925100000";"7,7166200000"
"202100027719";"13";"07";"2021";"16:20";"1";"67";"67482";"2";"1";"8";"6";"HOPITAL (ROUTE DE L )";"48,5728530000";"7,7502640000"
"202100027720";"21";"07";"2021";"15:10";"1";"64";"64260";"2";"6";"1";"6";"RUE DES CLEMATITES";"43,3716000000";" -1,7727100000"
"202100027721";"21";"07";"2021";"07:45";"1";"64";"64445";"2";"1";"1";"4";"LEON BERARD";"43,3116880000";" -0,3662000000"
"202100027722";"20";"07";"2021";"00:45";"5";"62";"62401";"2";"9";"1";"7";"DOUAUMONT ( RUE DE )";"50,4957600000";"2,8061600000"
"202100027723";"21";"07";"2021";"06:40";"1";"59";"59512";"2";"1";"1";"2";"MONTESQUIEU (BOULEVARD)";"50,6863250000";"3,1576360000"
"202100027724";"21";"07";"2021";"17:30";"1";"59";"59350";"2";"1";"1";"6";"PETITPREZ ELIE RUE";"50,6445700000";"2,9909600000"
"202100027725";"19";"07";"2021";"17:08";"1";"57";"57672";"2";"1";"1";"6";"14 JUILLET (AVENUE)";"49,3581100000";"6,1314600000"
"202100027726";"21";"07";"2021";"10:40";"1";"56";"56260";"2";"1";"1";"3";"Avenue du Marechal Juin";"47,6324100000";" -2,7804600000"
"202100027727";"20";"07";"2021";"14:10";"1";"56";"56121";"2";"6";"1";"3";"FRANCE ( AVE ANATOLE )";"47,7468036000";" -3,3660221000"
"202100027728";"16";"07";"2021";"12:40";"1";"50";"50602";"2";"3";"1";"3";"BOIS (RUE DU)";"49,6343100000";" -1,5998200000"
"202100027729";"20";"07";"2021";"11:50";"1";"49";"49099";"2";"2";"1";"6";"OISILLONNETTE (RUE DE L')";"47,0661000000";" -0,8762300000"
"202100027730";"14";"07";"2021";"15:20";"1";"49";"49099";"2";"1";"1";"6";"PINEAU (RUE DE)";"47,0648600000";" -0,8805100000"
"202100027731";"8";"07";"2021";"07:30";"1";"49";"49099";"2";"6";"1";"6";"CARNOT (RUE SADI)";"47,0629400000";" -0,8662100000"
"202100027732";"19";"07";"2021";"22:50";"5";"49";"49099";"2";"2";"1";"3";"EUROPE (AVENUE DE L')";"47,0495300000";" -0,8850600000"