"Num_Acc";"jour";"mois";"an";"hrmn";"lum";"dep";"com";"agg";"int";"atm";"col";"adr";"lat";"long"
"202100027733";"10";"07";"2021";"10:23";"1";"49";"49007";"2";"1";"1";"3";"PAUL BERT";"47,4654800000";" -0,5506200000"
"202100027734";"20";"07";"2021";"22:35";"5";"47";"47031";"2";"1";"1";"6";"ECOLE (RUE DE L')";"44,1656500000";"0,6343900000"
"202100027735";"21";"07";"2021";"12:53";"1";"45";"45302";"2";"3";"1";"3";"Rue Passe Debout";"47,9377700000";"1,8934400000"
"202100027736";"21";"07";"2021";"23:30";"5";"44";"44109";"2";"2";"1";"3";"PONT DE PIRMIL";"47,1980800000";" -1,5428100000"
"202100027737";"20";"07";"2021";"19:45";"1";"37";"37233";"2";"6";"1";"6";"PAUL (RUE MARCEL)";"47,3949811924";"0,7263194025"
"202100027738";"21";"07";"2021";"12:24";"1";"35";"35238";"2";"2";"1";"3";"BREIL (DU)";"48,0968500000";" -1,6352900000"
"202100027739";"20";"07";"2021";"11:45";"1";"35";"35238";"2";"2";"1";"2";"NANTES (DE)";"48,0863962779";" -1,6950742900"
"202100027740";"20";"07";"2021";"10:00";"1";"35";"35281";"1";"3";"1";"2";"DODIN (AVENUE ROGER)";"48,0672600000";" -1,7142900000"
"202100027741";"21";"07";"2021";"16:40";"1";"33";"33009";"2";"1";"1";"6";"Avenue des GoÃ©lands";"44,6576500000";" -1,1938500000"
"202100027742";"21";"07";"2021";"18:55";"1";"33";"33529";"2";"2";"1";"3";"Boulevard de lâIndustrie";"44,6145260000";" -1,1277484000"
"202100027743";"21";"07";"2021";"11:34";"1";"31";"31555";"2";"1";"1";"3";"GRANDE RUE SAINT MICHEL";"43,5870100000";"1,4468800000"
"202100027744";"9";"07";"2021";"12:44";"1";"30";"30007";"2";"3";"1";"6";"ANDUZE (VIEILLE ROUTE D')";"44,1023000000";"4,0750000000"
"202100027745";"21";"07";"2021";"21:08";"1";"28";"28085";"2";"1";"1";"2";"SAINT CHERON (RUE)";"48,4464000000";"1,5052000000"
"202100027746";"21";"07";"2021";"16:20";"1";"27";"27554";"1";"1";"1";"7";"D64E (voie nouvelle)";"49,0940300000";"1,3957200000"
"202100027747";"21";"07";"2021";"17:20";"1";"27";"27701";"2";"1";"7";"4";"D6154";"49,2424200000";"1,1877300000"
"202100027748";"21";"07";"2021";"20:00";"1";"13";"13208";"2";"1";"1";"6";"RAY GRASSI (AllÃ©e)";"43,2708900000";"5,3965400000"
"202100027749";"21";"07";"2021";"11:15";"1";"13";"13202";"2";"2";"1";"2";"DAMES (BOULEVARD DES)";"43,3028800000";"5,3677200000"
"202100027750";"20";"07";"2021";"23:14";"5";"13";"13206";"2";"1";"1";"1";"CHARLES LIVON (BOULEVARD)";"43,2920200000";"5,3789600000"
"202100027751";"21";"07";"2021";"15:15";"1";"11";"11069";"2";"1";"1";"2";"LECLERC AV. DU GENERAL PAIRS A PARTIR DU";"43,2072200000";"2,3821900000"
"202100027752";"20";"07";"2021";"17:06";"1";"10";"10387";"2";"2";"1";"3";"PIERRE BROSSOLETTE (RUE)";"48,2906300000";"4,0758200000"
"202100027753";"21";"07";"2021";"21:16";"2";"06";"06088";"2";"1";"1";"1";"JOLY (CORNICHE ANDRE DE)";"43,7014400000";"7,2923900000"
"202100027754";"20";"07";"2021";"13:15";"1";"05";"05061";"2";"4";"1";"6";"ALPHONSE DAUDET";"44,5487500000";"6,0670400000"
"202100027755";"21";"07";"2021";"18:05";"1";"75";"75112";"2";"1";"1";"2";"ECHANGEUR BERCY";"48,8266350000";"2,3889950000"
"202100027756";"20";"07";"2021";"18:20";"1";"75";"75114";"2";"4";"1";"3";"PORTE DE CHATILLON";"48,8231530000";"2,3122600000"
"202100027757";"20";"07";"2021";"05:55";"1";"75";"75113";"2";"1";"1";"3";"BOULEVARD PERIPHERIQUE";"48,8223130000";"2,3803760000"
"202100027758";"21";"07";"2021";"15:45";"1";"75";"75120";"2";"5";"1";"6";"AVENUE GAMBETTA";"48,8683310000";"2,4014260000"
"202100027759";"21";"07";"2021";"20:20";"1";"75";"75118";"2";"3";"1";"1";"RUE ORDENER";"48,8908750000";"2,3532400000"
"202100027760";"21";"07";"2021";"00:50";"5";"75";"75116";"2";"2";"1";"3";"RUE GEORGE SAND";"48,8491010000";"2,2693740000"
"202100027761";"20";"07";"2021";"09:00";"1";"75";"75115";"2";"7";"1";"3";"RUE DE VOUILLE";"48,8335720000";"2,3092420000"
"202100027762";"12";"07";"2021";"14:10";"1";"75";"75114";"2";"3";"2";"7";"RUE EMILE DEUTSCH DE LA MEURTHE";"48,8226260000";"2,3351370000"
"202100027763";"21";"07";"2021";"19:20";"1";"75";"75113";"2";"1";"1";"3";"BOULEVARD PERIPHERIQUE EXTERIEUR SUD";"48,8198740000";"2,3743350000"
"202100027764";"21";"07";"2021";"22:15";"5";"75";"75111";"2";"3";"1";"6";"BOULEVARD VOLTAIRE";"48,8644050000";"2,3691300000"
"202100027765";"21";"07";"2021";"14:45";"1";"75";"75111";"2";"4";"1";"3";"RUE DU FAUBOURG SAINT ANTOINE";"48,8506360000";"2,3788240000"
"202100027766";"20";"07";"2021";"22:34";"5";"75";"75111";"2";"5";"1";"3";"BOULEVARD VOLTAIRE";"48,8503860000";"2,3925210000"
"202100027767";"21";"07";"2021";"02:00";"5";"75";"75108";"2";"2";"1";"3";"RUE DE BERRI";"48,8737050000";"2,3065170000"
"202100027768";"20";"07";"2021";"13:40";"1";"75";"75107";"2";"3";"1";"6";"ALLEE THOMY THIERRY";"48,8563180000";"2,2951550000"
"202100027769";"21";"07";"2021";"07:55";"1";"75";"75104";"2";"4";"1";"7";"BOULEVARD BEAUMARCHAIS";"48,8540600000";"2,3689240000"
"202100027770";"20";"07";"2021";"23:45";"5";"75";"75101";"2";"2";"1";"6";"QUAI FRANCOIS MITTERRAND";"48,8601320000";"2,3333570000"
"202100027771";"20";"07";"2021";"20:40";"2";"75";"75101";"2";"2";"1";"7";"RUE ETIENNE MARCEL";"48,8641780000";"2,3476330000"
"202100027772";"21";"07";"2021";"11:15";"1";"94";"94081";"2";"1";"1";"6";"Avenue du Colonel Fabien";"48,7864300000";"2,3770100000"
"202100027773";"21";"07";"2021";"20:15";"1";"94";"94041";"2";"1";"1";"3";"Quai Jean Compagnon";"48,8199100000";"2,3971400000"
"202100027774";"19";"07";"2021";"11:05";"1";"94";"94041";"2";"1";"7";"6";"Rue Baudin";"48,8158180000";"2,3751420000"
"202100027775";"21";"07";"2021";"10:30";"1";"94";"94017";"2";"1";"1";"3";"Rue Jean JaurÃ¨s";"48,8148000000";"2,5064900000"
"202100027776";"15";"07";"2021";"03:12";"5";"93";"93066";"2";"2";"1";"2";"""PERI GABRIEL, NR 2  A 114 ET 1 A 133""";"48,9297890000";"2,3564690000"
"202100027777";"20";"07";"2021";"17:10";"1";"93";"93066";"2";"1";"1";"3";"Boulevard Anatole France";"48,9244850000";"2,3492930000"
"202100027778";"20";"07";"2021";"04:40";"5";"93";"93066";"2";"2";"1";"6";"Avenue du PrÃ©sident Wilson / Rue du Landy";"48,9154570000";"2,3577340000"
"202100027779";"18";"07";"2021";"23:15";"5";"93";"93066";"2";"1";"1";"3";"Boulevard Anatole France";"48,9249900000";"2,3496600000"
"202100027780";"21";"07";"2021";"00:00";"5";"93";"93055";"2";"1";"1";"6";"JEAN LOLIVE (AVENUE)(137/FIN ET 134/FIN)";"48,8928594266";"2,4114650487"
"202100027781";"20";"07";"2021";"23:55";"5";"93";"93048";"2";"1";"1";"2";"Avenue Faidherbe";"48,8666800000";"2,4376600000"
"202100027782";"21";"07";"2021";"09:30";"1";"93";"93047";"2";"2";"7";"3";"PICASSO  (AVENUE)";"48,9023370000";"2,5608100000"
"202100027783";"21";"07";"2021";"15:05";"1";"93";"93001";"2";"1";"1";"6";"HENRI MANIGART (RUE)";"48,9131480000";"2,3985420000"
"202100027784";"21";"07";"2021";"01:34";"5";"93";"93001";"1";"9";"1";"3";"ADRIEN AGNES (QUAI)";"48,9185700000";"2,3692200000"
"202100027785";"1";"07";"2021";"11:20";"1";"92";"92075";"2";"9";"1";"1";"VICTOR HUGO (AVENUE)";"48,8239580000";"2,2896290000"
"202100027786";"19";"07";"2021";"21:15";"2";"92";"92063";"2";"7";"1";"3";"BUZENVAL (PLACE DE)";"48,8572400000";"2,1902100000"
"202100027787";"21";"07";"2021";"07:10";"2";"92";"92025";"2";"1";"1";"3";"PRESIDENT SALVADOR ALLENDE (RUE DU)";"48,9205987177";"2,2290524840"
"202100027788";"21";"07";"2021";"20:30";"2";"92";"92012";"2";"1";"1";"2";"MAILLASSON (ALLEE)";"48,8336902375";"2,2406213548"
"202100027789";"21";"07";"2021";"09:20";"1";"92";"92012";"2";"3";"1";"3";"POINT DU JOUR (QUAI DU)";"48,8309353895";"2,2581850424"
"202100027790";"21";"07";"2021";"19:50";"1";"92";"92007";"2";"3";"1";"3";"BRIAND (AVENUE ARISTIDE) NÂ° 162 A 300";"48,7946092038";"2,3211367428"
"202100027791";"22";"07";"2021";"12:00";"1";"41";"41276";"1";"2";"1";"3";"dÃ©partementale 924";"47,6363000000";"1,3252230000"
"202100027792";"21";"07";"2021";"17:20";"1";"76";"76210";"2";"1";"1";"3";"Route de Dieppe";"49,8616380000";"1,1967160000"
"202100027793";"22";"07";"2021";"06:50";"1";"988";"98812";"1";"1";"1";"6";"RPN8 paagoumene";" -20,4947230000";"164,1915320000"
"202100027794";"21";"07";"2021";"12:20";"1";"972";"97221";"1";"1";"1";"3";"national 5";"14,5330090000";" -60,9829990000"
"202100027795";"21";"07";"2021";"20:00";"1";"27";"27017";"1";"1";"1";"6";"N 1013";"48,9981415000";"1,1644864000"
"202100027796";"20";"07";"2021";"23:45";"4";"35";"35056";"2";"1";"1";"6";"5 rue chateaubriand";"48,3840810000";" -1,8229960000"
"202100027797";"21";"07";"2021";"17:00";"1";"63";"63163";"1";"1";"7";"1";"Lieu Dit Say";"45,7628680000";"2,7980160000"
"202100027798";"20";"07";"2021";"07:58";"1";"74";"74112";"1";"1";"1";"3";"D1201";"45,9298340000";"6,1201470000"
"202100027799";"29";"06";"2021";"14:30";"1";"38";"38383";"1";"1";"1";"7";"D520";"45,3777567093";"5,6538981199"
"202100027800";"22";"07";"2021";"10:15";"1";"47";"47034";"1";"1";"1";"3";"Metairie Neuve";"44,4106660000";"0,1251200000"
"202100027801";"18";"07";"2021";"22:35";"5";"83";"83049";"1";"1";"1";"2";"Avenue des Bousquets";"43,2327990000";"6,0824830000"
"202100027802";"21";"07";"2021";"22:35";"3";"51";"51171";"1";"1";"1";"7";"D32";"49,3806960000";"3,8608790000"
"202100027803";"4";"07";"2021";"14:40";"1";"51";"51030";"1";"1";"1";"7";"Veloroute du Canal LatÃ©ral Ã  la Marne";"49,0429860000";"4,0412870000"
"202100027804";"21";"07";"2021";"14:40";"1";"51";"51343";"1";"2";"1";"3";"D50";"48,5660470000";"3,7030040000"
"202100027805";"21";"07";"2021";"19:55";"1";"59";"59571";"1";"1";"1";"7";"D955";"50,1668100000";"3,4945960000"
"202100027806";"22";"07";"2021";"16:30";"1";"56";"56180";"1";"1";"1";"6";"N24";"47,9268200000";" -2,2112200000"
"202100027807";"21";"07";"2021";"17:00";"1";"74";"74309";"1";"2";"1";"3";"route de Bellegarde";"46,1134490000";"6,0074030000"
"202100027808";"21";"07";"2021";"18:40";"1";"78";"78020";"1";"2";"1";"3";"RD11";"48,8895630000";"1,7221120000"
"202100027809";"21";"07";"2021";"22:45";"3";"76";"76293";"1";"2";"1";"1";"intersection RD 50 et RD 37";"49,7592691812";"0,7967069767"
"202100027810";"22";"07";"2021";"00:05";"5";"2A";"2A130";"2";"1";"1";"3";"Centre commercial i candilelli";"41,8996900000";"8,8104130000"
"202100027811";"22";"07";"2021";"09:00";"1";"80";"80092";"1";"2";"1";"3";"D 933";"49,9603450000";"2,2740200000"
"202100027812";"20";"07";"2021";"18:00";"1";"89";"89255";"1";"2";"1";"1";"D976";"48,3132340000";"3,2205180000"
"202100027813";"22";"07";"2021";"19:10";"1";"63";"63406";"1";"1";"1";"7";"D122";"45,9619390000";"3,2226750000"
"202100027814";"9";"07";"2021";"08:00";"1";"61";"61044";"1";"1";"8";"6";"D224";"48,8473950000";" -0,4893479000"
"202100027815";"22";"07";"2021";"13:00";"1";"61";"61040";"1";"1";"1";"7";"La Metairie";"48,7067090000";" -0,4379730000"
"202100027816";"21";"07";"2021";"17:57";"1";"61";"61339";"1";"2";"1";"5";"D909";"48,7372360000";" -0,2481150000"
"202100027817";"22";"07";"2021";"18:35";"1";"12";"12107";"1";"1";"1";"3";"N88";"44,3577480000";"2,9051650000"
"202100027818";"21";"07";"2021";"18:30";"1";"46";"46297";"1";"1";"1";"7";"Pepy";"44,6738001530";"1,2698435783"
"202100027819";"21";"07";"2021";"14:55";"1";"46";"46225";"1";"1";"1";"7";"D67";"44,5159780000";"1,1896560000"
"202100027820";"16";"07";"2021";"17:00";"1";"29";"29045";"1";"1";"1";"2";"D29 - lieu dit Kerloussouarn";"48,4260680000";" -4,2863630000"
"202100027821";"21";"07";"2021";"19:15";"1";"29";"29140";"1";"1";"1";"7";"Route de Rostiviec";"48,3531620000";" -4,3202230000"
"202100027822";"22";"07";"2021";"11:25";"1";"68";"68091";"1";"1";"1";"6";"Rue de l Europe";"47,9082450000";"7,5797780000"
"202100027823";"21";"07";"2021";"23:50";"3";"29";"29146";"1";"2";"1";"1";"D24 - La TrinitÃ©";"47,9186290000";" -3,8157700000"
"202100027824";"22";"07";"2021";"07:50";"1";"38";"38044";"2";"1";"1";"1";"5 Chemin des Azimets";"45,5035720000";"5,3676580000"
"202100027825";"22";"07";"2021";"18:05";"1";"02";"02810";"2";"1";"1";"5";"D813";"49,2397650000";"3,0725670000"
"202100027826";"22";"07";"2021";"17:30";"1";"02";"02150";"1";"1";"1";"6";"D967";"49,4376380000";"3,6763860000"
"202100027827";"22";"07";"2021";"16:10";"1";"03";"03128";"2";"1";"1";"7";"route du camping";"46,3826720000";"2,4490340000"
"202100027828";"22";"07";"2021";"10:05";"1";"58";"58215";"2";"1";"1";"7";"47 Rue Waldeck Rousseau";"47,2833410000";"2,9562020000"
"202100027829";"22";"07";"2021";"02:20";"3";"58";"58180";"1";"7";"1";"6";"Les Settons";"47,1982240000";"4,0633721000"
"202100027830";"21";"07";"2021";"20:10";"2";"45";"45193";"1";"5";"1";"1";"D921-PR 63 + 430";"47,7994780000";"2,0783900000"
"202100027831";"21";"07";"2021";"18:30";"1";"16";"16070";"2";"7";"1";"1";"boulevard de verdun";"45,8744060000";"0,7196690000"
"202100027832";"22";"07";"2021";"05:00";"3";"16";"16055";"1";"1";"1";"6";"Lieu-dit La Cave du Loup";"45,6151150000";"0,2935750000"
"202100027833";"21";"07";"2021";"19:50";"1";"21";"21362";"1";"1";"1";"1";"D14";"47,2242530000";"4,5773880000"
"202100027834";"21";"07";"2021";"18:15";"1";"28";"28199";"1";"1";"1";"2";"927";"48,2053580000";"1,8696980000"
"202100027835";"21";"07";"2021";"18:25";"1";"30";"30339";"1";"1";"1";"7";"D986";"44,0896890000";"3,5902230000"
"202100027836";"22";"07";"2021";"10:35";"1";"48";"48080";"2";"1";"1";"2";"Route Regordane";"44,7298760000";"3,8480470000"
"202100027837";"5";"07";"2021";"17:15";"1";"35";"35275";"1";"5";"2";"1";"D21";"48,1600630000";" -1,8348620000"
"202100027838";"20";"07";"2021";"11:30";"1";"987";"98745";"1";"1";"1";"2";"Quartier Hatupa, district de Tiva";" -16,5833493804";" -151,4943116158"
"202100027839";"21";"07";"2021";"15:30";"1";"89";"89339";"1";"1";"1";"7";"N/A";"47,5843560000";"3,9246300000"
"202100027840";"18";"07";"2021";"14:00";"1";"86";"86116";"1";"1";"1";"6";"A10";"46,4872040000";"0,0750660000"
"202100027841";"21";"07";"2021";"22:20";"3";"11";"11262";"1";"1";"1";"6";"D32";"43,1708510000";"3,0349520000"
"202100027842";"22";"07";"2021";"20:30";"5";"974";"97408";"2";"1";"1";"7";"Rue du Camp Magloire";" -20,9258490000";"55,3391160000"
"202100027843";"6";"03";"2021";"20:00";"2";"971";"97129";"2";"3";"1";"1";"Lieu Dit Bebel";"16,3264920000";" -61,6906890000"
"202100027844";"21";"07";"2021";"17:20";"1";"978";"97801";"2";"1";"1";"2";"rn 7 - bellevue";"18,0571100000";" -63,0854700000"
"202100027845";"21";"07";"2021";"15:40";"1";"977";"97701";"2";"1";"1";"1";"rt47, morne tourterelle";"17,8941550000";" -62,8315190000"
"202100027846";"20";"07";"2021";"09:10";"2";"84";"84012";"2";"1";"7";"1";"avenue gambetta";"44,1215290000";"5,0286700000"
"202100027847";"22";"07";"2021";"12:15";"1";"84";"84003";"1";"1";"1";"2";"D22 -- intersection chemin des coulets";"43,8967790000";"5,4317950000"
"202100027848";"20";"07";"2021";"22:30";"5";"71";"71150";"2";"3";"1";"2";"1049 Route Nationale 6";"46,2414570000";"4,7870830000"
"202100027849";"21";"07";"2021";"19:45";"1";"21";"21699";"1";"3";"1";"3";"Rue des Gesserottes";"47,2039350000";"5,3414530000"
"202100027850";"19";"07";"2021";"05:20";"1";"67";"67348";"1";"1";"1";"6";"D426";"48,4634600000";"7,4606610000"
"202100027851";"22";"07";"2021";"20:10";"2";"55";"55435";"2";"1";"1";"1";"1 Rue du Roncier";"48,7467210000";"5,0307000000"
"202100027852";"22";"07";"2021";"09:50";"1";"42";"42094";"2";"1";"1";"6";"3 place du Forum";"45,7435010000";"4,2225370000"
"202100027853";"2";"07";"2021";"08:45";"1";"38";"38298";"2";"3";"1";"6";"Avenue Jules Ferry";"45,3690170000";"4,7982840000"
"202100027854";"22";"07";"2021";"00:20";"5";"69";"69243";"2";"1";"1";"6";"CHARLES DE GAULLE (AV)";"45,8981640392";"4,4337551721"
"202100027855";"21";"07";"2021";"13:15";"1";"65";"65123";"1";"1";"1";"7";"D918";"42,9364750000";"0,2091690000"
"202100027856";"21";"07";"2021";"15:40";"1";"22";"22178";"1";"1";"1";"7";"La TrinitÃ© - RD 7";"48,6930770170";" -3,0196558977"
"202100027857";"22";"07";"2021";"10:50";"1";"59";"59659";"2";"9";"7";"1";"Rue de Verdun";"50,0182260000";"4,0243170000"
"202100027858";"21";"07";"2021";"08:20";"1";"13";"13210";"1";"1";"1";"2";"S10CM-Sens Marseille vers A.50 Aubagne";"43,2832400000";"5,4003900000"
"202100027859";"21";"07";"2021";"12:05";"1";"13";"13055";"1";"1";"1";"2";"A507 sens Aubagne- Marseille";"43,3268600000";"5,4200200000"
"202100027860";"21";"07";"2021";"07:45";"1";"13";"13055";"1";"1";"1";"2";"A507 sens Aubagne- Marseille";"43,3298875067";"5,3947033882"
"202100027861";"21";"07";"2021";"07:30";"1";"13";"13071";"1";"1";"1";"4";"A7-Sens Marseille vers Lyon";"43,4148400000";"5,2791200000"
"202100027862";"21";"07";"2021";"00:25";"3";"13";"13117";"1";"1";"1";"2";"A7-Sens Lyon vers Marseille";"43,4321100000";"5,2575800000"
"202100027863";"21";"07";"2021";"15:35";"1";"33";"33075";"1";"1";"1";"2";"Rocade Nord A630";"44,8889390000";" -0,5946220000"
"202100027864";"21";"07";"2021";"03:10";"3";"33";"33143";"1";"1";"1";"4";"AUTOROUTE A 10";"44,9749680000";" -0,4334330000"
"202100027865";"20";"07";"2021";"21:15";"2";"33";"33550";"1";"1";"1";"3";"ROCADE A 630";"44,7779990000";" -0,5567320000"
"202100027866";"21";"07";"2021";"17:25";"1";"92";"92072";"1";"1";"1";"6";"N118";"48,8209576210";"2,2188498305"
"202100027867";"21";"07";"2021";"07:55";"1";"78";"78466";"1";"1";"1";"3";"A13";"48,9249370000";"1,9985110000"
"202100027868";"20";"07";"2021";"21:57";"2";"95";"95641";"1";"1";"1";"2";"AUTOROUTE A1";"49,0670600000";"2,5524600000"
"202100027869";"20";"07";"2021";"09:50";"1";"38";"38185";"2";"1";"1";"6";"RUE MAURICE DODERO";"45,1636900000";"5,7306000000"
"202100027870";"19";"07";"2021";"20:15";"3";"974";"97416";"1";"1";"2";"6";"RN 01";" -21,3112321493";"55,4361534110"
"202100027871";"19";"07";"2021";"18:41";"5";"974";"97416";"1";"3";"1";"3";"STEPHANE(CHEMIN)";" -21,2829700000";"55,4796000000"
"202100027872";"19";"07";"2021";"18:45";"5";"974";"97407";"2";"1";"1";"3";"AUGUSTE RODIN (RUE) - RIV. DES GALETS";" -20,9588000000";"55,3112000000"
"202100027873";"20";"07";"2021";"18:00";"1";"69";"69259";"2";"2";"1";"2";"DOCTEUR GEORGES LEVY (DU)           (AV)";"45,7193539752";"4,8547768593"
"202100027874";"20";"07";"2021";"13:30";"1";"69";"69387";"2";"2";"1";"6";"GUILLOTIERE (DE LA) (GR)";"45,7490668654";"4,8534622531"
"202100027875";"20";"07";"2021";"14:00";"1";"69";"69387";"2";"2";"1";"3";"GAMBETTA (CR)";"45,7516237643";"4,8535631597"
"202100027876";"20";"07";"2021";"14:15";"1";"69";"69199";"2";"2";"1";"3";"ROBERT REYNIER (R)";"45,7096900000";"4,8608800000"
"202100027877";"20";"07";"2021";"09:45";"1";"69";"69259";"2";"1";"1";"6";"INDUSTRIE (DE L') (R)";"45,7090175671";"4,8824787140"
"202100027878";"17";"07";"2021";"01:20";"5";"69";"69259";"2";"2";"1";"3";"COMMUNE DE PARIS (DE LA) (R)";"45,7026500000";"4,8700600000"
"202100027879";"19";"07";"2021";"20:25";"5";"972";"97213";"1";"1";"1";"5";"AUTOROUTE A1";"14,6182100000";" -61,0332700000"
"202100027880";"16";"07";"2021";"11:47";"1";"69";"69381";"2";"3";"1";"3";"SAINT VINCENT (Q)";"45,7684290886";"4,8259946702"
"202100027881";"19";"07";"2021";"19:35";"1";"69";"69382";"2";"1";"1";"6";"JULES COURMONT (Q)";"45,7622600000";"4,8381100000"
"202100027882";"20";"07";"2021";"10:15";"1";"971";"97113";"2";"3";"1";"3";"MONTAUBAN (SECTEUR)";"16,2062900000";" -61,4984900000"
"202100027883";"20";"07";"2021";"07:35";"1";"95";"95585";"2";"1";"1";"3";"REFUZNICKS (ROUTE DES)";"48,9850500000";"2,3830500000"
"202100027884";"20";"07";"2021";"23:30";"3";"91";"91421";"1";"1";"1";"2";"NATIONALE 6 (CES POMPIDOU)";"48,6998400000";"2,4440200000"
"202100027885";"20";"07";"2021";"18:00";"1";"91";"91657";"2";"1";"1";"2";"AV HENRI BARBUSSE";"48,7014600000";"2,4243100000"
"202100027886";"20";"07";"2021";"19:45";"1";"91";"91687";"2";"1";"1";"4";"GENERAL DE GAULLE (AVENUE DU)";"48,6781600000";"2,3827900000"
"202100027887";"4";"07";"2021";"21:20";"1";"89";"89387";"1";"1";"1";"5";"D606";"48,1974400000";"3,3133600000"
"202100027888";"18";"07";"2021";"14:16";"1";"87";"87085";"2";"1";"1";"6";"BENEDICTINS (RAMPE DES)";"45,8353200000";"1,2684600000"
"202100027889";"17";"07";"2021";"19:15";"1";"87";"87085";"2";"1";"1";"7";"GRANDE PIECE (Ave de la)";"45,8544120000";"1,2488300000"
"202100027890";"18";"07";"2021";"06:04";"5";"87";"87085";"2";"2";"1";"3";"ORADOUR SUR GLANE (CARREFOUR D')";"45,8344500000";"1,2264200000"
"202100027891";"17";"07";"2021";"14:53";"1";"80";"80021";"2";"1";"1";"3";"PIERRE ROLLIN (RUE)";"49,8763900000";"2,3132900000"
"202100027892";"17";"07";"2021";"23:45";"5";"80";"80021";"2";"1";"1";"1";"BEAUVAIS (RUE DE)";"49,8929100000";"2,2942700000"
"202100027893";"17";"07";"2021";"00:20";"5";"80";"80702";"2";"1";"1";"7";"AMIENS (RUE D')";"49,8382177181";"2,3137164116"
"202100027894";"17";"07";"2021";"01:17";"5";"80";"80379";"2";"1";"1";"6";"PHILEAS FOGG (AVENUE)";"49,8652900000";"2,3784900000"
"202100027895";"8";"07";"2021";"08:30";"1";"78";"78621";"1";"1";"1";"5";"ROCADE 12";"48,7929500000";"1,9845900000"
"202100027896";"18";"07";"2021";"07:10";"1";"76";"76351";"2";"1";"1";"6";"LENINGRAD (BD DE)";"49,4999700000";"0,1684500000"
"202100027897";"17";"07";"2021";"18:40";"1";"76";"76351";"2";"1";"1";"7";"FRISSARD (QUAI)";"49,4892500000";"0,1228200000"
"202100027898";"17";"07";"2021";"15:35";"1";"76";"76351";"2";"1";"1";"6";"LOUIS BLERIOT";"49,5257500000";"0,0901600000"
"202100027899";"19";"07";"2021";"20:15";"1";"72";"72181";"2";"1";"1";"2";"LOUIS BLANC (QUAI)";"48,0114300000";"0,1974900000"
"202100027900";"19";"07";"2021";"18:20";"1";"72";"72181";"2";"1";"1";"2";"TIRONNEAU ADRIEN (PL)";"47,9829900000";"0,2104600000"
"202100027901";"20";"07";"2021";"09:00";"1";"71";"71270";"2";"6";"1";"3";"Cours Moreau";"46,3083600000";"4,8320100000"
"202100027902";"19";"07";"2021";"18:15";"1";"69";"69275";"2";"1";"1";"5";"ELISEE RECLUS (R)";"45,7518000000";"4,9421700000"
"202100027903";"20";"07";"2021";"16:20";"1";"69";"69256";"2";"3";"1";"7";"ROGER SALENGRO (AV)";"45,7460500000";"4,9269800000"
"202100027904";"20";"07";"2021";"16:59";"1";"65";"65286";"2";"4";"8";"3";"ROMAIN (BOULEVARD DU CDT CELESTIN)";"43,1007800000";" -0,0461900000"
"202100027905";"20";"07";"2021";"17:55";"1";"64";"64483";"2";"6";"1";"3";"RD810";"43,4123200000";" -1,6179300000"
"202100027906";"20";"07";"2021";"13:35";"1";"64";"64024";"2";"1";"1";"7";"LAPORTE (AVENUE JEAN LEON)";"43,4969000000";" -1,5079400000"
"202100027907";"20";"07";"2021";"13:15";"1";"64";"64024";"2";"1";"1";"7";"CHASSIN (RUE DE)";"43,4866400000";" -1,5314100000"
"202100027908";"19";"07";"2021";"18:40";"1";"64";"64102";"2";"1";"1";"3";"MAIGNON (ROUTE DE)";"43,4662902501";" -1,4962622523"
"202100027909";"19";"07";"2021";"17:40";"1";"63";"63113";"2";"2";"1";"3";"MOULIN (BD JEAN)";"45,7769800000";"3,1178100000"
"202100027910";"19";"07";"2021";"10:17";"1";"63";"63113";"2";"1";"1";"6";"13 FLAUBERT (BD GUSTAVE)";"45,7714948975";"3,1220340011"
"202100027911";"15";"07";"2021";"21:47";"2";"63";"63113";"2";"1";"1";"6";"DELILLE (PLACE)";"45,7801500000";"3,0910700000"
"202100027912";"19";"07";"2021";"12:35";"1";"59";"59286";"2";"1";"1";"3";"CARNOT SADI RUE";"50,6115700000";"2,9964500000"
"202100027913";"19";"07";"2021";"20:30";"1";"54";"54395";"2";"9";"1";"6";"FOCH (AVENUE 2 A 16";"48,6882832023";"6,1734674871"
"202100027914";"19";"07";"2021";"13:40";"1";"54";"54395";"2";"9";"1";"2";"LIBERATION (AVENUE DE LA)";"48,6972780000";"6,1544780000"
"202100027915";"19";"07";"2021";"17:50";"1";"50";"50147";"1";"1";"7";"3";"ECAUDERIE";"49,0703120000";" -1,4303520000"
"202100027916";"19";"07";"2021";"18:11";"1";"49";"49007";"2";"1";"1";"3";"PRE PIGEON";"47,4779400000";" -0,5434300000"
"202100027917";"19";"07";"2021";"16:33";"1";"49";"49007";"2";"1";"1";"7";"GASNIER AVENUE";"47,4843000000";" -0,5711100000"
"202100027918";"20";"07";"2021";"20:10";"1";"45";"45075";"1";"2";"1";"4";"Route de Blois";"47,8821600000";"1,8167100000"
"202100027919";"20";"07";"2021";"12:00";"1";"44";"44109";"2";"6";"1";"3";"PLACE VICTOR MANGIN";"47,2010200000";" -1,5443760000"