"Num_Acc";"jour";"mois";"an";"hrmn";"lum";"dep";"com";"agg";"int";"atm";"col";"adr";"lat";"long"
"202100027920";"19";"07";"2021";"13:48";"1";"43";"43157";"2";"2";"1";"3";"Avenue de la Dentelle";"45,0426439789";"3,8890867710"
"202100027921";"15";"07";"2021";"23:30";"5";"42";"42189";"2";"1";"2";"6";"Rue Massenet";"45,4293685048";"4,3174518943"
"202100027922";"20";"07";"2021";"11:30";"1";"37";"37261";"2";"1";"1";"7";"CHOPIN (RUE)";"47,4124761474";"0,7015585899"
"202100027923";"20";"07";"2021";"08:40";"1";"37";"37261";"2";"3";"1";"6";"PROUDHON (AVENUE)";"47,3948651545";"0,6713187168"
"202100027924";"21";"07";"2021";"00:15";"5";"33";"33063";"2";"1";"1";"3";"Rue dâArmagnac";"44,8215800000";" -0,5530300000"
"202100027925";"20";"07";"2021";"12:30";"1";"33";"33063";"1";"1";"1";"2";"Boulevard d'AliÃ©nor d'Aquitaine";"44,8744400000";" -0,5648600000"
"202100027926";"20";"07";"2021";"09:00";"1";"33";"33281";"2";"2";"1";"3";"Avenue de lâYser";"44,8420500000";" -0,6606900000"
"202100027927";"20";"07";"2021";"15:10";"1";"33";"33529";"1";"1";"1";"7";"Avenue des Dunes";"44,5716726592";" -1,2230294438"
"202100027928";"20";"07";"2021";"10:35";"1";"33";"33529";"1";"2";"1";"3";"Avenue Eskualduna";"44,6059200000";" -1,2056200000"
"202100027929";"20";"07";"2021";"10:25";"1";"33";"33529";"1";"1";"7";"7";"BISCAROSSE (AVE) DUNE VERS BISCA";"44,5841000000";" -1,2097070929"
"202100027930";"20";"07";"2021";"09:45";"1";"33";"33529";"1";"1";"1";"7";"PISTE 214";"44,5840330000";" -1,2034680000"
"202100027931";"19";"07";"2021";"15:05";"1";"30";"30189";"2";"3";"1";"3";"AQUEDUC (RUE)";"43,8306000000";"4,3548000000"
"202100027932";"15";"07";"2021";"07:35";"1";"29";"29019";"2";"6";"1";"1";"Rue Jeanne Chauvin";"48,4226831076";" -4,4757151007"
"202100027933";"20";"07";"2021";"10:18";"1";"26";"26362";"2";"6";"1";"3";"31 rue de la CÃ©cile";"44,9222830000";"4,8907130000"
"202100027934";"5";"07";"2021";"19:10";"1";"26";"26198";"2";"1";"1";"3";"135 Route de Chateauneuf";"44,5305200000";"4,7364400000"
"202100027935";"20";"07";"2021";"08:30";"1";"21";"21231";"2";"3";"1";"3";"ARISTIDE BRIAND (AVENUE)";"47,3336290682";"5,0525669986"
"202100027936";"20";"07";"2021";"19:10";"1";"14";"14118";"2";"3";"1";"1";"Rue CaponiÃ¨re";"49,1783600000";" -0,3799300000"
"202100027937";"20";"07";"2021";"23:30";"5";"13";"13207";"2";"1";"1";"1";"CHARLES LIVON (BOULEVARD)";"43,2916000000";"5,3559800000"
"202100027938";"20";"07";"2021";"19:10";"1";"13";"13209";"2";"9";"1";"1";"REDON (BOULEVARD DU)";"43,2495700000";"5,4227900000"
"202100027939";"20";"07";"2021";"15:00";"1";"13";"13210";"2";"1";"1";"3";"ROMAIN ROLLAND (BOULEVARD)";"43,2752435446";"5,4162251824"
"202100027940";"20";"07";"2021";"13:52";"1";"13";"13208";"2";"1";"1";"2";"PRADO (AVENUE DU)";"43,2708217890";"5,3886912463"
"202100027941";"20";"07";"2021";"09:30";"1";"13";"13203";"2";"2";"1";"3";"CLOVIS HUGUES (RUE)";"43,3096092584";"5,3861043983"
"202100027942";"20";"07";"2021";"08:20";"1";"13";"13204";"2";"2";"1";"3";"SAINT JUST (AVENUE DE)";"43,3139500000";"5,4026400000"
"202100027943";"20";"07";"2021";"07:02";"1";"13";"13208";"2";"1";"1";"3";"MENDES FRANCE (AVENUE)";"43,2601000000";"5,3753400000"
"202100027944";"19";"07";"2021";"22:53";"5";"13";"13206";"2";"1";"1";"3";"LIEUTAUD (COURS)";"43,2924900000";"5,3826300000"
"202100027945";"19";"07";"2021";"06:50";"1";"13";"13004";"2";"9";"1";"3";"RUE MIREILLE";"43,6764600000";"4,6375000000"
"202100027946";"18";"07";"2021";"20:09";"1";"11";"11069";"1";"9";"1";"3";"ROCADE OUEST";"43,2165845991";"2,3232167959"
"202100027947";"20";"07";"2021";"17:43";"1";"10";"10387";"2";"2";"7";"6";"JULES GUESDE (RUE)";"48,2940100000";"4,0818260000"
"202100027948";"20";"07";"2021";"21:03";"2";"06";"06088";"2";"1";"1";"2";"ANGLAIS (DU NÂ° 265 AU NÂ° 350)";"43,6653900000";"7,2032500000"
"202100027949";"20";"07";"2021";"11:30";"1";"06";"06004";"1";"6";"1";"3";"BORD DE MER RN.98 LA SIESTA";"43,6111580000";"7,1266530000"
"202100027950";"19";"07";"2021";"17:00";"1";"01";"01451";"1";"6";"1";"4";"PARIS (ROUTE DE)";"46,2246893226";"5,2063381417"
"202100027951";"19";"07";"2021";"19:00";"2";"75";"75118";"2";"1";"1";"2";"PORTE DE LA CHAPELLE";"48,9008870000";"2,3629740000"
"202100027952";"20";"07";"2021";"11:45";"1";"75";"75106";"2";"3";"1";"2";"QUAI DES GRANDS AUGUSTINS";"48,8542900000";"2,3431740000"
"202100027953";"19";"07";"2021";"03:40";"5";"75";"75105";"2";"5";"1";"6";"RUE DES BOULANGERS";"48,8465410000";"2,3516420000"
"202100027954";"20";"07";"2021";"00:00";"5";"75";"75119";"2";"2";"1";"3";"BOULEVARD DE LA VILLETTE";"48,8844800000";"2,3648030000"
"202100027955";"20";"07";"2021";"04:20";"5";"75";"75118";"2";"4";"1";"6";"BOULEVARD DE CLICHY";"48,8834070000";"2,3343700000"
"202100027956";"20";"07";"2021";"21:00";"1";"75";"75117";"2";"2";"1";"3";"BOULEVARD MALESHERBES";"48,8808570000";"2,3125450000"
"202100027957";"20";"07";"2021";"17:30";"1";"75";"75117";"2";"1";"1";"3";"RUE DE LA TERRASSE";"48,8816300000";"2,3129440000"
"202100027958";"20";"07";"2021";"16:18";"1";"75";"75117";"2";"3";"1";"2";"BOULEVARD BERTHIER";"48,8902270000";"2,3046010000"
"202100027959";"19";"07";"2021";"04:45";"5";"75";"75116";"2";"5";"1";"6";"BOULEVARD THIERRY DE MARTEL";"48,8749250000";"2,2786450000"
"202100027960";"19";"07";"2021";"08:25";"1";"75";"75115";"2";"2";"1";"6";"RUE LEON LHERMITTE";"48,8429310000";"2,2980200000"
"202100027961";"17";"07";"2021";"17:20";"1";"75";"75115";"2";"3";"1";"3";"RUE DE LA CONVENTION";"48,8406710000";"2,2888680000"
"202100027962";"19";"07";"2021";"23:20";"5";"75";"75114";"2";"1";"1";"6";"BOULEVARD EDGAR QUINET";"48,8397050000";"2,3295700000"
"202100027963";"20";"07";"2021";"16:00";"1";"75";"75113";"2";"3";"1";"2";"QUAI D AUSTERLITZ";"48,8430700000";"2,3663170000"
"202100027964";"20";"07";"2021";"16:05";"1";"75";"75111";"2";"1";"1";"2";"BOULEVARD VOLTAIRE";"48,8613960000";"2,3741010000"
"202100027965";"20";"07";"2021";"15:45";"1";"75";"75111";"2";"3";"1";"6";"RUE DE MONTREUIL";"48,8504610000";"2,3865670000"
"202100027966";"20";"07";"2021";"19:10";"1";"75";"75110";"2";"7";"1";"4";"PLACE DU COLONEL FABIEN";"48,8777450000";"2,3701350000"
"202100027967";"20";"07";"2021";"18:08";"1";"75";"75110";"2";"2";"1";"6";"BOULEVARD DE MAGENTA";"48,8785400000";"2,3540720000"
"202100027968";"20";"07";"2021";"07:30";"1";"75";"75110";"2";"2";"1";"3";"RUE LA FAYETTE";"48,8797430000";"2,3587200000"
"202100027969";"20";"07";"2021";"13:00";"1";"75";"75109";"2";"1";"1";"7";"RUE BLANCHE";"48,8793700000";"2,3314300000"
"202100027970";"20";"07";"2021";"18:20";"1";"75";"75108";"2";"7";"1";"6";"PLACE SAINT AUGUSTIN";"48,8750300000";"2,3198750000"
"202100027971";"19";"07";"2021";"20:10";"1";"75";"75107";"2";"3";"1";"2";"PONT ROYAL";"48,8595390000";"2,3292910000"
"202100027972";"20";"07";"2021";"17:30";"1";"75";"75103";"2";"2";"1";"6";"RUE DE TURENNE";"48,8581530000";"2,3644690000"
"202100027973";"20";"07";"2021";"14:20";"1";"94";"94081";"2";"2";"1";"3";"Avenue Rouget de Lisle";"48,7827500000";"2,3941800000"
"202100027974";"20";"07";"2021";"11:20";"1";"94";"94078";"2";"1";"1";"2";"Rue de Paris";"48,7310000000";"2,4460000000"
"202100027975";"19";"07";"2021";"19:45";"1";"94";"94052";"2";"9";"1";"6";"Boulevard Albert 1er";"48,8353900000";"2,4937700000"
"202100027976";"19";"07";"2021";"21:45";"5";"94";"94041";"2";"2";"1";"3";"Rue MoliÃ¨re";"48,8137200000";"2,3954200000"
"202100027977";"19";"07";"2021";"18:30";"1";"94";"94041";"2";"2";"1";"3";"VERDUN (AV DE)";"48,8130600000";"2,3704100000"
"202100027978";"20";"07";"2021";"15:25";"1";"94";"94038";"2";"1";"1";"6";"Rue EugÃ¨ne Givors";"48,7832200000";"2,3311100000"
"202100027979";"20";"07";"2021";"09:34";"1";"94";"94028";"2";"9";"1";"3";"POMPADOUR(ROUTE DE LA)";"48,7667400000";"2,4716100000"
"202100027980";"18";"07";"2021";"22:30";"5";"94";"94004";"2";"1";"1";"1";"FFI (ALL DES)";"48,7565800000";"2,5072300000"
"202100027981";"20";"07";"2021";"09:45";"1";"93";"93066";"2";"1";"1";"3";"Rue Clovis Hugues";"48,9428650000";"2,3749020000"
"202100027982";"20";"07";"2021";"08:39";"1";"93";"93050";"2";"1";"7";"1";"Chemin de Halage";"48,8537270000";"2,5309440000"
"202100027983";"19";"07";"2021";"22:30";"5";"93";"93066";"2";"2";"1";"1";"MOULIN JEAN (AVENUE) NR 2 A 8 ET 1 A 11";"48,9419700000";"2,3653800000"
"202100027984";"20";"07";"2021";"19:15";"1";"92";"92073";"2";"1";"1";"2";"SELLIER (BOULEVARD HENRI)";"48,8654287463";"2,2194635868"
"202100027985";"19";"07";"2021";"16:05";"1";"92";"92051";"2";"1";"1";"1";"GRAVIERS (RUE DES)";"48,8819870000";"2,2629500000"
"202100027986";"20";"07";"2021";"15:15";"1";"92";"92062";"2";"1";"1";"2";"DELARIVIERE LEFOULLON (RUE)";"48,8879921445";"2,2436629919"
"202100027987";"18";"07";"2021";"18:25";"1";"92";"92024";"2";"7";"1";"6";"ABREUVOIR (RUE DE L') DE (2 A 16)";"48,9030076788";"2,3016089201"
"202100027988";"18";"07";"2021";"06:39";"2";"01";"01156";"1";"1";"1";"6";"D4";"45,9140127981";"5,1445010304"
"202100027989";"16";"07";"2021";"10:55";"1";"11";"11254";"1";"1";"1";"5";"A61 PK 306.500 sens TOULOUSE - NARBONNE";"43,2238790000";"2,1640490000"
"202100027990";"21";"07";"2021";"12:05";"1";"2A";"2A308";"1";"1";"1";"3";"Saint AndrÃ©";"41,6970450000";"9,0691920000"
"202100027991";"21";"07";"2021";"02:10";"3";"40";"40304";"2";"1";"1";"6";"Avenue des Tulipes";"43,6731760000";" -1,4358080000"
"202100027992";"28";"06";"2021";"21:00";"2";"36";"36237";"1";"1";"1";"7";"N/A";"47,1136560000";"1,6126730000"
"202100027993";"21";"07";"2021";"00:00";"5";"31";"31446";"2";"6";"1";"6";"D813";"43,5379090000";"1,4816090000"
"202100027994";"13";"07";"2021";"12:10";"1";"972";"97225";"2";"1";"1";"1";"Savane du Fort";"14,7486400000";" -61,1742460000"
"202100027995";"20";"07";"2021";"18:20";"1";"62";"62307";"2";"1";"1";"1";"Route de Peuplingues";"50,9141110000";"1,7244780000"
"202100027996";"18";"07";"2021";"10:50";"1";"26";"26295";"2";"1";"1";"2";"31 B Rue de la VallÃ©e";"45,1721670000";"4,8668360000"
"202100027997";"4";"07";"2021";"22:55";"3";"12";"12082";"1";"1";"1";"6";"A75";"43,9067260000";"3,2694480000"
"202100027998";"16";"05";"2021";"01:25";"5";"33";"33207";"2";"3";"2";"3";"Avenue du GÃ©nÃ©ral de Gaulle";"44,9209580000";" -0,3647380000"
"202100027999";"21";"07";"2021";"17:40";"1";"04";"04126";"1";"1";"1";"7";"RD 900";"44,4120030000";"6,3469860000"
"202100028000";"21";"07";"2021";"15:00";"1";"62";"62845";"1";"2";"1";"3";"D215";"50,6247740000";"1,6888260000"
"202100028001";"4";"07";"2021";"10:15";"1";"56";"56214";"1";"1";"1";"5";"Botpenal";"47,5226820000";" -2,8302620000"
"202100028002";"21";"07";"2021";"09:10";"1";"74";"74256";"2";"3";"1";"1";"Rte de Blancheville";"45,9680110000";"6,6253650000"
"202100028003";"20";"07";"2021";"21:30";"2";"76";"76189";"2";"1";"1";"1";"Route des Calvaires";"49,8071530000";"0,7224150000"
"202100028004";"20";"07";"2021";"18:50";"1";"76";"76312";"2";"1";"7";"7";"Rue de l Abreuvoir";"49,4881030000";"1,7254650000"
"202100028005";"21";"07";"2021";"02:45";"5";"2A";"2A139";"2";"1";"1";"6";"saint cyprien";"41,6379620000";"9,3421390000"
"202100028006";"21";"07";"2021";"17:59";"1";"82";"82113";"1";"2";"7";"3";"Route de Molieres";"44,1940820000";"1,4381790000"
"202100028007";"20";"07";"2021";"16:57";"1";"65";"65254";"1";"1";"1";"7";"Avenue du Val d Arros";"43,3276640000";"0,2267810000"
"202100028008";"21";"07";"2021";"06:45";"2";"33";"33395";"1";"1";"1";"6";"Chenal du Lazaret (Buse)";"45,2320090000";" -0,7477190000"
"202100028009";"20";"07";"2021";"11:50";"1";"89";"89353";"1";"1";"1";"3";"Saint-Martin-d'Ordon";"48,0240890000";"3,1674960000"
"202100028010";"20";"07";"2021";"23:00";"5";"76";"76507";"2";"1";"1";"6";"16 Route d Eu";"50,0411050000";"1,4399280000"
"202100028011";"21";"07";"2021";"07:00";"3";"61";"61435";"1";"1";"1";"7";"Saint-Nicolas-de-Sommaire";"48,8296640000";"0,6107820000"
"202100028012";"19";"07";"2021";"07:35";"1";"49";"49180";"2";"4";"7";"3";"Rue du Docteur Jean Rabilloud";"47,3709810000";" -0,1051380000"
"202100028013";"20";"07";"2021";"11:30";"1";"42";"42059";"2";"1";"1";"6";"4 Place de la Poterne";"45,6379830000";"4,3923330000"
"202100028014";"2";"07";"2021";"04:45";"3";"42";"42216";"1";"1";"1";"7";"Route de Chazelles sur Lyon";"45,6192684088";"4,4127416611"
"202100028015";"20";"07";"2021";"07:30";"2";"34";"34215";"2";"1";"1";"1";"Rue des Rouvieres";"43,6142400000";"3,5169500000"
"202100028016";"20";"07";"2021";"05:50";"2";"68";"68091";"1";"3";"1";"3";"D52";"47,9052530000";"7,5574560000"
"202100028017";"28";"06";"2021";"13:10";"1";"29";"29090";"1";"1";"1";"6";"Route du Ris";"48,0923558585";" -4,2889595032"
"202100028018";"21";"07";"2021";"07:40";"1";"31";"31135";"2";"1";"1";"6";"Avenue de Palaminy";"43,2038420000";"1,0766490000"
"202100028019";"17";"07";"2021";"03:50";"5";"01";"01034";"2";"6";"1";"3";"Place de la Victoire";"45,7610530000";"5,6867930000"
"202100028020";"21";"07";"2021";"13:55";"1";"01";"01025";"1";"9";"1";"7";"Route de Montrevel";"46,3119990000";"4,9616300000"
"202100028021";"19";"07";"2021";"10:00";"1";"54";"54491";"1";"1";"1";"6";"D156 ";"49,3632453489";"5,9256863589"
"202100028022";"21";"07";"2021";"17:40";"1";"14";"14431";"1";"2";"1";"3";"D152";"49,0776650000";" -0,0885240000"
"202100028023";"20";"07";"2021";"21:00";"2";"14";"14504";"1";"2";"1";"3";"D510";"49,2078760000";"0,3393750000"
"202100028024";"21";"07";"2021";"10:15";"1";"83";"83051";"1";"1";"1";"6";"D31";"43,5322151188";"6,2447395533"
"202100028025";"21";"07";"2021";"06:10";"2";"60";"60272";"1";"1";"1";"7";"D332";"49,3032470000";"2,8848340000"
"202100028026";"20";"07";"2021";"21:25";"2";"60";"60653";"1";"1";"1";"3";"D916";"49,4806520000";"2,4558410000"
"202100028027";"20";"07";"2021";"12:27";"1";"64";"64147";"1";"3";"1";"7";"D21";"43,4520410000";" -1,3347290000"
"202100028028";"20";"07";"2021";"18:30";"1";"36";"36005";"2";"2";"1";"3";"Rue Victor Hugo";"46,7418960057";"1,8312916160"
"202100028029";"20";"07";"2021";"22:15";"3";"16";"16085";"1";"1";"1";"6";"N/A";"45,8552000000";"0,4314380000"
"202100028030";"21";"07";"2021";"04:00";"4";"16";"16192";"2";"1";"1";"3";"108 Route Nationale ";"45,8855650000";"0,5774850000"
"202100028031";"20";"07";"2021";"17:40";"1";"07";"07314";"1";"1";"1";"7";"D233";"44,8801900000";"4,6018710000"
"202100028032";"20";"07";"2021";"19:44";"1";"07";"07130";"1";"1";"1";"1";"N102";"44,7335040000";"4,0020810000"
"202100028033";"20";"07";"2021";"03:00";"3";"53";"53175";"1";"1";"1";"7";"La Picouillere";"48,0152660000";" -0,6777940000"
"202100028034";"19";"07";"2021";"19:44";"1";"24";"24526";"1";"2";"1";"2";"Les Landes de Vaux";"45,3582010000";"1,2326710000"
"202100028035";"18";"07";"2021";"20:30";"1";"27";"27467";"2";"1";"1";"5";"39 Rue de la RÃ©publique";"49,3560000000";"0,5150010000"
"202100028036";"21";"07";"2021";"04:45";"3";"37";"37216";"1";"1";"1";"6";"N/A";"47,1394218255";"0,5224269880"
"202100028037";"19";"07";"2021";"08:30";"1";"37";"37170";"1";"3";"7";"3";"Les Huches";"47,6115622164";"0,5966805611"
"202100028038";"10";"07";"2021";"19:45";"1";"35";"35266";"1";"1";"1";"6";"le haut ruze";"48,0202360000";" -1,6282730000"
"202100028039";"20";"07";"2021";"09:45";"1";"74";"74067";"1";"1";"1";"3";"540 Rte des Creuses";"45,8797330000";"6,0421920000"
"202100028040";"19";"07";"2021";"18:45";"1";"86";"86174";"1";"1";"1";"3";"D161";"46,7787290000";"0,5200050000"
"202100028041";"18";"07";"2021";"03:45";"3";"988";"98804";"2";"3";"1";"3";"Tribu de GÃ©lima";" -21,5367080000";"165,9842030000"
"202100028042";"20";"07";"2021";"17:15";"1";"971";"97129";"1";"3";"1";"1";"Nogent";"16,3532190000";" -61,7344580000"
"202100028043";"21";"07";"2021";"06:15";"1";"977";"97701";"1";"1";"2";"1";"Route de Flamand, quartier Terre neuve";"17,9149200000";" -62,8551650000"
"202100028044";"19";"07";"2021";"02:00";"5";"971";"97106";"1";"1";"3";"6";"Rue de l'Allemand";"16,1793770000";" -61,7797710000"
"202100028045";"21";"07";"2021";"09:55";"1";"28";"28185";"1";"1";"1";"7";"Pont";"48,7726810000";"1,5551770000"
"202100028046";"21";"07";"2021";"14:30";"1";"28";"28015";"1";"1";"7";"1";"D18.5";"48,4746430000";"1,7839910000"
"202100028047";"20";"07";"2021";"19:20";"1";"78";"78490";"1";"1";"7";"2";"D109";"48,8348230000";"1,9609520000"
"202100028048";"21";"07";"2021";"01:15";"3";"66";"66171";"1";"1";"1";"7";"D81";"42,6011300000";"3,0240300000"
"202100028049";"21";"07";"2021";"06:35";"1";"34";"34213";"1";"2";"1";"3";"D2";"43,4953320000";"3,6970660000"
"202100028050";"20";"07";"2021";"16:20";"1";"34";"34058";"1";"9";"1";"1";"M610";"43,6721860000";"3,9953760000"
"202100028051";"21";"07";"2021";"13:00";"1";"84";"84118";"1";"1";"1";"1";"Chemin des Geais";"43,9373380000";"5,4007240000"
"202100028052";"15";"07";"2021";"23:15";"3";"68";"68359";"1";"1";"2";"6";"D431";"47,8409029513";"7,1541675925"
"202100028053";"20";"07";"2021";"16:40";"1";"57";"57484";"2";"1";"1";"3";"96 rue Nationale";"49,1711620000";"6,8736330000"
"202100028054";"21";"07";"2021";"06:20";"1";"74";"74175";"1";"1";"1";"1";"rd 1005";"46,4050860000";"6,7341790000"
"202100028055";"21";"07";"2021";"08:00";"1";"73";"73290";"1";"1";"7";"3";"Col de la Madeleine D902";"45,2936070000";"6,9224170000"
"202100028056";"20";"07";"2021";"20:35";"2";"38";"38382";"2";"1";"1";"7";"19 Rue des MoutonnÃ©es";"45,2263420000";"5,6834510000"
"202100028057";"20";"07";"2021";"21:45";"3";"01";"01403";"1";"1";"1";"1";"D19";"45,8278000000";"5,4431000000"
"202100028058";"21";"07";"2021";"18:12";"2";"69";"69009";"2";"1";"7";"6";"FRERES GIRAUDET (DES) (PL)";"45,9358480000";"4,7218250000"
"202100028059";"21";"07";"2021";"17:50";"1";"79";"79049";"2";"6";"1";"3";"70 Boulevard de Thouars";"46,8474280000";" -0,4764940000"
"202100028060";"21";"07";"2021";"16:45";"1";"40";"40184";"2";"2";"1";"3";"Rue des Lacs";"44,2082960000";" -1,2959790000"
"202100028061";"20";"07";"2021";"19:00";"1";"33";"33322";"1";"1";"1";"1";"allÃ©e Montesquieu";"44,9617920000";" -0,6495450000"
"202100028062";"21";"07";"2021";"16:35";"1";"29";"29032";"1";"1";"1";"6";"D34 - Hameau de KeranscoÃ«t";"47,8878560000";" -4,0989630000"
"202100028063";"20";"07";"2021";"18:45";"1";"22";"22353";"2";"1";"1";"1";"Route de Poull Palud";"48,8253160000";" -3,4926330000"
"202100028064";"21";"07";"2021";"11:05";"1";"27";"27114";"2";"2";"1";"1";"Rue Lamartine";"48,9622220000";"1,4270670000"
"202100028065";"20";"07";"2021";"13:50";"1";"13";"13071";"1";"1";"1";"2";"A7-Sens Lyon vers Marseille";"43,4086500000";"5,2866600000"
"202100028066";"20";"07";"2021";"08:30";"1";"13";"13207";"1";"1";"1";"2";"Tunnel Prado CarÃ©nage";"43,2896366904";"5,3701579571"
"202100028067";"20";"07";"2021";"08:35";"1";"13";"13055";"1";"1";"1";"2";"A507 sens Marseille - Aubagne";"43,2955200000";"5,4246300000"
"202100028068";"19";"07";"2021";"19:35";"1";"13";"13203";"2";"1";"1";"2";"A7-Sens Lyon vers Marseille";"43,3069550000";"5,3753500000"
"202100028069";"19";"07";"2021";"17:00";"1";"13";"13026";"1";"1";"1";"2";"A55-Sens Martigues vers Marseille";"43,3873563669";"5,1455804730"
"202100028070";"19";"07";"2021";"16:30";"5";"13";"13055";"1";"1";"1";"2";"A507 sens Marseille - Aubagne";"43,2861991975";"5,4254499397"
"202100028071";"5";"07";"2021";"18:30";"1";"69";"69290";"1";"1";"1";"2";"RN346   38.960 A 40.883";"45,7204669408";"4,9725566804"
"202100028072";"20";"07";"2021";"00:55";"3";"69";"69290";"1";"1";"1";"2";"A46S   40.883 A 43.680";"45,6925182338";"4,9682454534"
"202100028073";"20";"07";"2021";"15:23";"1";"33";"33550";"1";"1";"1";"6";"AUTOROUTE A 62";"44,7664300000";" -0,5513200000"
"202100028074";"20";"07";"2021";"09:15";"1";"33";"33550";"1";"1";"1";"2";"ROCADE A 630";"44,7789210000";" -0,5529570000"
"202100028075";"19";"07";"2021";"09:05";"1";"33";"33075";"1";"1";"1";"4";"ROCADE A 630";"44,8882320000";" -0,5845460000"
"202100028076";"20";"07";"2021";"19:00";"1";"92";"92002";"1";"1";"1";"2";"AUTOROUTE A86";"48,7617000000";"2,2984000000"
"202100028077";"20";"07";"2021";"16:30";"1";"91";"91174";"1";"1";"1";"3";"RN 104";"48,6112000000";"2,4466000000"
"202100028078";"20";"07";"2021";"15:30";"1";"91";"91553";"1";"1";"1";"6";"RN 104";"48,6261000000";"2,4739000000"
"202100028079";"20";"07";"2021";"14:30";"1";"78";"78029";"1";"1";"1";"2";"A13Y";"48,9646260000";"1,8459410000"
"202100028080";"20";"07";"2021";"19:20";"1";"92";"92078";"1";"1";"1";"2";"AUTOROUTE A86";"48,9283084303";"2,3316245851"
"202100028081";"20";"07";"2021";"14:00";"1";"92";"92078";"1";"1";"1";"4";"AUTOROUTE A86";"48,9294615368";"2,3279731880"
"202100028082";"20";"07";"2021";"12:30";"1";"95";"95277";"1";"1";"1";"2";"RD 170 ";"48,9781400000";"2,4568600000"
"202100028083";"20";"07";"2021";"02:10";"3";"95";"95306";"1";"1";"1";"6";" A15";"49,0088700000";"2,1598000000"
"202100028084";"19";"07";"2021";"09:15";"1";"93";"93066";"1";"1";"1";"2";"AUTOROUTE A1";"48,9034100000";"2,3585700000"
"202100028085";"19";"07";"2021";"08:00";"1";"95";"95018";"1";"1";"1";"5";" A15";"48,9617800000";"2,2679700000"
"202100028086";"20";"07";"2021";"18:00";"1";"94";"94018";"1";"1";"1";"2";"A4";"48,8205076244";"2,4018322324"
"202100028087";"19";"07";"2021";"19:40";"1";"75";"75112";"1";"1";"1";"6";"A4";"48,8187729748";"2,4575042725"
"202100028088";"18";"07";"2021";"17:47";"1";"971";"97101";"1";"9";"1";"4";"sortie Lauricisque";"16,2536500000";" -61,5487900000"
"202100028089";"18";"07";"2021";"19:15";"1";"27";"27229";"2";"3";"1";"6";"BRIAND (AVENUE ARISTIDE)";"49,0167200000";"1,1231200000"
"202100028090";"19";"07";"2021";"07:00";"1";"976";"97611";"2";"1";"1";"3";"mamoudzou centre-RP Passot quai colas (R";" -12,7767700000";"45,2319200000"
"202100028091";"19";"07";"2021";"19:00";"3";"974";"97416";"1";"1";"2";"6";"RN3 (3)";" -21,3239300000";"55,4869500000"
"202100028092";"19";"07";"2021";"16:50";"1";"69";"69383";"2";"2";"7";"3";"FELIX FAURE (AV)";"45,7529494602";"4,8534518480"
"202100028093";"19";"07";"2021";"09:15";"1";"69";"69387";"2";"1";"1";"3";"TONY GARNIER                        (AV)";"45,7264698155";"4,8290008307"
"202100028094";"19";"07";"2021";"08:40";"1";"69";"69388";"2";"1";"1";"6";"PINEL (BD)";"45,7366096267";"4,8902678490"
"202100028095";"19";"07";"2021";"08:35";"1";"69";"69259";"2";"3";"1";"3";"FRANCIS DE PRESSENSE (AV)";"45,7172000000";"4,8704000000"
"202100028096";"17";"07";"2021";"18:48";"1";"2B";"2B033";"2";"1";"1";"1";"11 - RT";"42,6986300000";"9,4526400000"
"202100028097";"19";"07";"2021";"14:02";"1";"971";"97113";"1";"1";"1";"1";"RN4 - SECTION RIVIERA";"16,2173300000";" -61,4842000000"
"202100028098";"19";"07";"2021";"19:07";"1";"95";"95585";"2";"1";"1";"6";"BERGSON (BOULEVARD HENRI)";"48,9753820710";"2,3763962735"
"202100028099";"19";"07";"2021";"15:05";"1";"95";"95489";"1";"1";"1";"3";"RD 301";"49,0144670214";"2,3520398140"
"202100028100";"19";"07";"2021";"22:30";"5";"95";"95572";"1";"2";"1";"3";"VERT GALANT (RUE DU)";"49,0514800000";"2,1324700000"
"202100028101";"19";"07";"2021";"04:45";"5";"91";"91549";"2";"1";"1";"7";"CORBEIL (ROUTE DE)";"48,6349700000";"2,3336600000"
"202100028102";"18";"07";"2021";"19:10";"1";"91";"91223";"1";"1";"1";"7";"R.D.20";"48,4262120000";"2,1470760000"
"202100028103";"17";"07";"2021";"22:50";"3";"85";"85194";"1";"1";"1";"2";"RD 160";"46,5204200000";" -1,7426100000"
"202100028104";"16";"07";"2021";"16:20";"1";"81";"81163";"2";"1";"1";"6";"GALIBERT-FERRET";"43,4910400000";"2,3760900000"
"202100028105";"19";"07";"2021";"17:30";"1";"78";"78440";"2";"1";"1";"3";"AMPERE (RUE)";"48,9968360000";"1,9126490000"
"202100028106";"19";"07";"2021";"08:45";"1";"78";"78403";"2";"2";"1";"3";"CHATEAUBRIAND (AVENUE)";"48,9982510000";"1,8830200000"
"202100028107";"19";"07";"2021";"21:26";"5";"76";"76540";"2";"1";"1";"6";"HAVRE. QUAI (HAUT) DU";"49,4408400000";"1,0829400000"
"202100028108";"18";"07";"2021";"02:10";"5";"76";"76540";"2";"2";"1";"6";"CORNEILLE. PONT PIERRE";"49,4349800000";"1,0940500000"
"202100028109";"18";"07";"2021";"21:20";"1";"76";"76351";"1";"2";"1";"3";"Boulevard de LÃ©ningrad";"49,4985900000";"0,1593500000"