"Num_Acc";"jour";"mois";"an";"hrmn";"lum";"dep";"com";"agg";"int";"atm";"col";"adr";"lat";"long"
"202100028110";"18";"07";"2021";"11:10";"1";"72";"72181";"2";"1";"1";"6";"NEGRIER GENERAL (BD) NÂ° PAIRS";"48,0097400000";"0,2070600000"
"202100028111";"19";"07";"2021";"00:30";"5";"69";"69266";"2";"2";"1";"3";"EMILE ZOLA (CR)";"45,7686000000";"4,8844200000"
"202100028112";"19";"07";"2021";"08:38";"1";"66";"66136";"2";"2";"1";"3";"MAS-PALEGRY (CHEMIN DU)";"42,6601200000";"2,8856100000"
"202100028113";"16";"07";"2021";"15:51";"1";"66";"66136";"1";"1";"1";"2";"R D 900";"42,6746400000";"2,8634400000"
"202100028114";"19";"07";"2021";"18:25";"1";"64";"64445";"2";"3";"1";"3";"GRAMONT";"43,2964000000";" -0,3742000000"
"202100028115";"19";"07";"2021";"09:05";"1";"64";"64348";"2";"1";"1";"3";"CHARLES DE GAULLE";"43,3069036134";" -0,4051047564"
"202100028116";"19";"07";"2021";"15:40";"1";"64";"64125";"2";"1";"1";"1";"ATHERBEA (AVENUE)";"43,4323900000";" -1,5965100000"
"202100028117";"19";"07";"2021";"02:40";"5";"64";"64024";"2";"1";"1";"7";"FONTAINE LABORDE (ALLEE DE)";"43,5014916581";" -1,5311041305"
"202100028118";"18";"07";"2021";"14:00";"1";"64";"64024";"2";"2";"1";"3";"BAB (BOULEVARD DU)";"43,4873700000";" -1,5364900000"
"202100028119";"18";"07";"2021";"19:51";"1";"63";"63113";"2";"1";"1";"6";"18 BLATIN (RUE)";"45,7769096630";"3,0797665080"
"202100028120";"19";"07";"2021";"17:00";"1";"59";"59426";"2";"1";"1";"2";"CHEMIN VERT (RUE)";"50,7510473778";"3,1786461089"
"202100028121";"19";"07";"2021";"04:55";"5";"56";"56107";"2";"1";"1";"6";"ROUTE DEPARTEMENTALE 29";"47,7262700000";" -3,3835900000"
"202100028122";"19";"07";"2021";"03:42";"5";"56";"56098";"2";"1";"1";"7";"SAINT GUENAEL (RUE DE)";"47,7609100000";" -3,3177800000"
"202100028123";"18";"07";"2021";"08:35";"1";"56";"56098";"2";"1";"1";"7";"KERFREHOUR (RUE DE)";"47,7640600000";" -3,3330000000"
"202100028124";"17";"07";"2021";"17:25";"1";"56";"56083";"1";"1";"1";"4";"N165 sens Nantes/Brest";"47,7884340000";" -3,2770948000"
"202100028125";"19";"07";"2021";"19:25";"1";"51";"51454";"2";"1";"1";"1";"Rue de Courlancy";"49,2440018555";"4,0210191430"
"202100028126";"19";"07";"2021";"17:25";"1";"51";"51454";"2";"1";"1";"3";"Avenue Georges ClÃ©menceau";"49,2506553808";"4,0518602729"
"202100028127";"16";"07";"2021";"14:35";"1";"50";"50129";"2";"1";"1";"2";"MENDES FRANCE (BOULEVARD)";"49,6344200000";" -1,6257000000"
"202100028128";"17";"07";"2021";"11:35";"1";"49";"49328";"2";"6";"1";"3";"ROND POINT  PONT FOUCHARD";"47,2537600000";" -0,0854800000"
"202100028129";"17";"07";"2021";"19:15";"1";"49";"49328";"2";"1";"1";"6";"PALUSTRE (RUE LEOPOLD)";"47,2705100000";" -0,1044700000"
"202100028130";"15";"07";"2021";"22:00";"1";"49";"49007";"2";"1";"1";"6";"IMBACH PLACE";"47,4735900000";" -0,5488400000"
"202100028131";"19";"07";"2021";"18:30";"1";"45";"45234";"2";"1";"1";"1";"Passage des AzalÃ©es";"47,8875823315";"1,9114977121"
"202100028132";"19";"07";"2021";"21:05";"2";"41";"41018";"2";"1";"3";"2";"DUPUIS (BOULEVARD DANIEL)";"47,5818000000";"1,3237500000"
"202100028133";"18";"07";"2021";"11:35";"1";"38";"38053";"2";"1";"1";"2";"JOLIOT CURIE";"45,5801309617";"5,2710020542"
"202100028134";"18";"07";"2021";"17:30";"1";"37";"37261";"2";"9";"1";"6";"EUROPE (AVENUE DE L')";"47,4230900000";"0,6881100000"
"202100028135";"18";"07";"2021";"02:30";"5";"37";"37261";"2";"1";"1";"6";"WAGNER (BOULEVARD RICHARD)";"47,3755051653";"0,7087026536"
"202100028136";"18";"07";"2021";"19:27";"1";"34";"34172";"2";"2";"1";"1";"PARGUEL (AVENUE ABBE PAUL";"43,6407200000";"3,8575700000"
"202100028137";"19";"07";"2021";"18:35";"1";"33";"33199";"1";"1";"1";"2";"N/A";"44,5776500000";" -1,1036100000"
"202100028138";"19";"07";"2021";"14:20";"1";"33";"33009";"2";"2";"1";"1";"Avenue Jean Farges";"44,6566400000";" -1,1603000000"
"202100028139";"19";"07";"2021";"07:15";"1";"31";"31555";"2";"1";"1";"2";"18 MONTAUDRAN (PERIPH EST A61)";"43,5731600000";"1,4947400000"
"202100028140";"19";"07";"2021";"10:45";"1";"27";"27681";"1";"3";"1";"3";"EVREUX (ROUTE D')";"49,0767500000";"1,4640000000"
"202100028141";"19";"07";"2021";"22:00";"2";"27";"27375";"1";"1";"1";"7";"VERTE (CHEMIN DE LA COTE)";"49,2140100000";"1,1459500000"
"202100028142";"19";"07";"2021";"16:45";"1";"14";"14699";"2";"2";"1";"3";"D677";"49,3401070000";"0,1029730000"
"202100028143";"19";"07";"2021";"18:21";"1";"14";"14118";"2";"2";"1";"3";"Boulevard AndrÃ© Detolle";"49,1754270000";" -0,3896110000"
"202100028144";"19";"07";"2021";"08:55";"1";"14";"14101";"2";"1";"1";"3";"N814";"49,1849610000";" -0,4251460000"
"202100028145";"19";"07";"2021";"17:00";"1";"13";"13202";"2";"3";"1";"2";"EVECHE (RUE DE L')";"43,3025200000";"5,3673900000"
"202100028146";"19";"07";"2021";"15:00";"1";"13";"13212";"2";"1";"1";"4";"POILUS (AVENUE DES)";"43,3190360050";"5,4592958714"
"202100028147";"19";"07";"2021";"14:00";"1";"13";"13203";"2";"9";"1";"2";"BERNARD CADENAT (PLACE)";"43,3118789308";"5,3871213627"
"202100028148";"19";"07";"2021";"08:30";"1";"13";"13208";"2";"1";"1";"2";"HAMBOURG (BOULEVARD)";"43,2507176027";"5,3885094774"
"202100028149";"15";"07";"2021";"17:15";"1";"13";"13028";"2";"1";"1";"1";"SAINT JEAN (AVENUE DE)";"43,1890100000";"5,6291600000"
"202100028150";"19";"07";"2021";"06:15";"1";"13";"13028";"2";"2";"1";"1";"BILLOUX (AVENUE FRANCOIS )";"43,1787000000";"5,5975200000"
"202100028151";"18";"07";"2021";"20:15";"1";"11";"11262";"2";"9";"1";"3";"LECLERC (AVENUE DU GENERAL)";"43,1764800000";"2,9939900000"
"202100028152";"10";"07";"2021";"23:54";"5";"11";"11262";"2";"1";"1";"2";"PERPIGNAN (RUE DE L'ANCIENNE PORTE)";"43,1643200000";"2,9854500000"
"202100028153";"15";"07";"2021";"14:50";"1";"10";"10387";"2";"2";"1";"2";"MAJOR GENERAL VANIER (AVENUE)";"48,3052190000";"4,0741900000"
"202100028154";"17";"07";"2021";"00:52";"5";"05";"05061";"2";"3";"1";"3";"EMILE FABRE (COURS  )";"44,5607700000";"6,0773700000"
"202100028155";"16";"07";"2021";"16:31";"1";"05";"05061";"2";"1";"1";"4";"LUYE ( ROUTE DE LA )";"44,5317200000";"6,0610900000"
"202100028156";"19";"07";"2021";"01:00";"5";"03";"03023";"2";"2";"1";"6";"RUSSIE (AVENUE DE)";"46,1153800000";"3,4081100000"
"202100028157";"3";"07";"2021";"10:35";"1";"03";"03310";"2";"2";"1";"6";"CELESTINS (AVENUE DES)";"46,1233800000";"3,4287100000"
"202100028158";"19";"07";"2021";"15:00";"1";"75";"75112";"2";"1";"1";"2";"PORTE DE VINCENNES";"48,8440510000";"2,4138420000"
"202100028159";"17";"07";"2021";"09:30";"1";"75";"75120";"2";"4";"1";"4";"PORTE DE VINCENNES";"48,8486010000";"2,4151210000"
"202100028160";"19";"07";"2021";"22:25";"5";"75";"75106";"2";"1";"1";"2";"QUAI DE CONTI";"48,8575170000";"2,3381210000"
"202100028161";"19";"07";"2021";"12:10";"1";"75";"75105";"2";"2";"1";"3";"RUE SAINT JACQUES";"48,8495930000";"2,3448730000"
"202100028162";"19";"07";"2021";"21:38";"2";"75";"75119";"2";"3";"1";"6";"AVENUE JEAN JAURES";"48,8869980000";"2,3871590000"
"202100028163";"19";"07";"2021";"19:40";"1";"75";"75119";"2";"3";"1";"3";"RUE DE KABYLIE";"48,8842930000";"2,3676150000"
"202100028164";"19";"07";"2021";"08:00";"1";"75";"75118";"2";"5";"1";"3";"RUE VAUVENARGUES";"48,8941730000";"2,3326360000"
"202100028165";"19";"07";"2021";"17:30";"1";"75";"75116";"2";"3";"1";"3";"RUE DE LA TOUR";"48,8617480000";"2,2783350000"
"202100028166";"19";"07";"2021";"11:30";"1";"75";"75115";"2";"2";"1";"3";"BOULEVARD LEFEBVRE";"48,8284700000";"2,3013620000"
"202100028167";"18";"07";"2021";"16:00";"1";"75";"75115";"2";"2";"1";"3";"QUAI DE GRENELLE";"48,8493750000";"2,2815510000"
"202100028168";"19";"07";"2021";"18:15";"1";"75";"75111";"2";"3";"1";"2";"BOULEVARD DU TEMPLE";"48,8637590000";"2,3663250000"
"202100028169";"19";"07";"2021";"18:00";"1";"75";"75109";"2";"3";"1";"2";"BOULEVARD DE ROCHECHOUART";"48,8821660000";"2,3411360000"
"202100028170";"19";"07";"2021";"07:50";"1";"75";"75108";"2";"7";"1";"3";"AVENUE DES CHAMPS ELYSEES";"48,8658670000";"2,3198920000"
"202100028171";"19";"07";"2021";"02:20";"5";"75";"75104";"2";"2";"1";"2";"RUE MORNAY";"48,8495140000";"2,3656380000"
"202100028172";"19";"07";"2021";"12:35";"1";"94";"94081";"2";"1";"1";"3";"Avenue Henri Barbusse";"48,7926700000";"2,3892400000"
"202100028173";"19";"07";"2021";"17:05";"1";"94";"94080";"2";"9";"1";"2";"Avenue de la RÃ©publique";"48,8487400000";"2,4327000000"
"202100028174";"19";"07";"2021";"19:10";"1";"94";"94054";"2";"1";"1";"6";"CLAUDE BERNARD (SQ)";"48,7498200000";"2,4103000000"
"202100028175";"18";"07";"2021";"11:30";"1";"94";"94060";"2";"1";"1";"3";"JEAN JAURES (R)";"48,7829900000";"2,5786700000"
"202100028176";"19";"07";"2021";"11:15";"1";"94";"94047";"2";"3";"1";"3";"Rue de Brie";"48,7019800000";"2,5457400000"
"202100028177";"19";"07";"2021";"18:00";"1";"93";"93066";"2";"1";"1";"1";"Avenue du PrÃ©sident Wilson";"48,9144970000";"2,3574430000"
"202100028178";"19";"07";"2021";"14:00";"1";"93";"93066";"2";"1";"1";"3";"Rue Ambroise Croizat";"48,9323960000";"2,3488700000"
"202100028179";"19";"07";"2021";"16:50";"1";"93";"93050";"2";"2";"1";"3";"Rue Paul et Camille Thomoux / Avenue du General de Gaulle";"48,8571370000";"2,5312630000"
"202100028180";"19";"07";"2021";"08:45";"1";"93";"93049";"2";"1";"1";"2";"FICHOT (BOULEVARD)";"48,8529000000";"2,5114000000"
"202100028181";"19";"07";"2021";"07:20";"1";"93";"93050";"2";"9";"1";"6";"Place du Commerce";"48,8690700000";"2,5323600000"
"202100028182";"19";"07";"2021";"18:55";"1";"93";"93046";"2";"1";"1";"3";"Avenue LÃ©on Blum";"48,9088800000";"2,5311700000"
"202100028183";"19";"07";"2021";"14:36";"1";"93";"93005";"2";"1";"1";"2";"Avenue Raoul Dufy";"48,9554800000";"2,5084100000"
"202100028184";"19";"07";"2021";"07:15";"1";"93";"93001";"2";"1";"1";"1";"FORT (IMPASSE DU)";"48,9118980000";"2,3975600000"
"202100028185";"16";"07";"2021";"19:00";"1";"92";"92063";"2";"3";"1";"3";"BONAPARTE (AVENUE NAPOLEON) SUD";"48,8773746323";"2,1734623611"
"202100028186";"19";"07";"2021";"19:11";"1";"92";"92026";"2";"1";"1";"3";"SAINT-DENIS BD DE (01 A 197 / 02 A 118)";"48,8985000000";"2,2650970000"
"202100028187";"19";"07";"2021";"17:45";"1";"92";"92026";"2";"2";"1";"3";"MISSION MARCHAND (COTE IMPAIR)";"48,8976934217";"2,2400227189"
"202100028188";"19";"07";"2021";"15:20";"1";"92";"92026";"2";"6";"1";"3";"BEZONS  (DE 01 A 22)";"48,8934360000";"2,2521150000"
"202100028189";"19";"07";"2021";"19:26";"1";"92";"92012";"2";"1";"1";"3";"PYRAMIDE (SENTE DE LA)";"48,8339258396";"2,2341236888"
"202100028190";"19";"07";"2021";"15:30";"1";"92";"92007";"2";"1";"1";"2";"DE GAULLE (AVENUE CHARLES)";"48,7973678718";"2,2980683884"
"202100028191";"20";"07";"2021";"07:30";"1";"09";"09124";"1";"1";"7";"3";"D14";"43,1740740000";"1,4244890000"
"202100028192";"19";"07";"2021";"17:35";"1";"33";"33478";"2";"1";"1";"2";"La Place";"45,0114130000";"0,0119400000"
"202100028193";"20";"07";"2021";"18:40";"1";"59";"59260";"1";"1";"1";"2";"Rue Nationale (Les MoÃ«res)";"51,0224090000";"2,5483230000"
"202100028194";"19";"07";"2021";"18:40";"1";"68";"68260";"2";"1";"1";"5";"D4b";"47,8855740000";"7,2721920000"
"202100028195";"19";"07";"2021";"15:00";"1";"68";"68088";"1";"4";"1";"1";"Route de Mulhouse";"47,8498360000";"7,2765170000"
"202100028196";"19";"07";"2021";"06:30";"2";"974";"97413";"2";"1";"1";"1";"Rue du General Lambert";" -21,1666290000";"55,2876450000"
"202100028197";"19";"07";"2021";"15:05";"1";"77";"77472";"1";"1";"7";"7";"DÃ©partementale 68";"48,8895520000";"3,2181790000"
"202100028198";"19";"07";"2021";"15:10";"1";"69";"69260";"2";"9";"1";"6";"Place du 11 Novembre 1918 et du 8 Mai 1945 (Parking)";"45,6472610000";"4,8125710000"
"202100028199";"5";"07";"2021";"01:15";"3";"77";"77509";"1";"1";"1";"4";"D201";"48,4973840000";"3,0463030000"
"202100028200";"19";"07";"2021";"18:50";"1";"2A";"2A269";"1";"1";"1";"6";"RD 268";"41,8620900000";"9,3911330000"
"202100028201";"19";"07";"2021";"18:00";"1";"33";"33437";"1";"2";"1";"3";"Intersection D936 et C204";"44,8548000000";" -0,0732830000"
"202100028202";"18";"07";"2021";"18:15";"1";"11";"11304";"1";"1";"1";"6";"RD 117";"42,8799740000";"2,1652720000"
"202100028203";"18";"07";"2021";"12:15";"1";"12";"12253";"1";"1";"1";"2";"D993";"44,1611230000";"2,8064650000"
"202100028204";"19";"07";"2021";"17:25";"1";"68";"68201";"2";"1";"1";"3";"25 Route Joffre";"47,7787030000";"7,0026250000"
"202100028205";"20";"07";"2021";"08:55";"1";"22";"22158";"1";"3";"1";"7";"CoÃ«t Digo (Saint-Guen)";"48,2100180000";" -2,9178360000"
"202100028206";"19";"07";"2021";"19:30";"1";"44";"44038";"1";"1";"1";"7";"Le Coin des Haies";"47,1290750000";" -2,0257060000"
"202100028207";"18";"07";"2021";"18:45";"1";"31";"31100";"1";"1";"1";"6";"Ferme du Vie";"43,3109670000";"1,6256230000"
"202100028208";"19";"07";"2021";"20:00";"1";"31";"31135";"1";"1";"1";"6";"Chemin de Camparaou";"43,2302970000";"1,0971420000"
"202100028209";"20";"07";"2021";"17:08";"1";"38";"38126";"1";"4";"1";"3";"D512";"45,2273320000";"5,7588210000"
"202100028210";"20";"07";"2021";"01:58";"3";"38";"38249";"1";"6";"1";"6";"Route de DomÃ¨ne (Pont)";"45,2222090000";"5,8222010000"
"202100028211";"20";"07";"2021";"08:44";"1";"38";"38022";"2";"2";"1";"3";"Avenue Perriollat";"45,6346270000";"5,5611100000"
"202100028212";"18";"06";"2021";"20:40";"1";"38";"38323";"1";"1";"1";"6";"Route d Italie";"45,5331710000";"5,6324800000"
"202100028213";"20";"07";"2021";"13:15";"1";"02";"02558";"2";"1";"1";"6";"39 Route de Boue";"50,0148440000";"3,7745130000"
"202100028214";"19";"07";"2021";"17:10";"1";"03";"03254";"1";"1";"1";"4";"RD46";"46,3174730000";"3,3351550000"
"202100028215";"19";"07";"2021";"12:45";"1";"01";"01334";"1";"2";"1";"3";"intersection D2 et route de la petite moussiÃ¨re";"46,2208207689";"4,9234011769"
"202100028216";"19";"07";"2021";"18:30";"1";"26";"26303";"1";"1";"1";"6";"Route des Princes dâOrange";"44,3009090000";"5,3687740000"
"202100028217";"18";"07";"2021";"16:10";"1";"72";"72369";"1";"1";"7";"3";"D30";"47,7228020000";"0,2952200000"
"202100028218";"20";"07";"2021";"15:45";"1";"64";"64495";"1";"4";"1";"7";"1220 Chemin Karrika Zahara";"43,3583510000";" -1,6012360000"
"202100028219";"16";"07";"2021";"18:01";"1";"10";"10094";"1";"1";"1";"6";"Ruelle du Clos Vauchelet";"48,5059790000";"4,5672440000"
"202100028220";"16";"07";"2021";"17:28";"1";"10";"10193";"1";"1";"1";"2";"D61";"48,4212550000";"4,4171910000"
"202100028221";"13";"07";"2021";"14:22";"1";"36";"36088";"2";"7";"1";"6";"Place de la Croix de Pierre";"46,9477020000";"1,9971250000"
"202100028222";"17";"07";"2021";"17:55";"1";"16";"16300";"1";"1";"1";"1";"Lieu-dit Les Taillis de Palot";"45,8641380000";"0,3076400000"
"202100028223";"19";"07";"2021";"22:00";"5";"07";"07269";"2";"1";"1";"6";"Rue Sauveyre";"44,9321918599";"4,3611555125"
"202100028224";"20";"07";"2021";"13:20";"1";"07";"07017";"1";"3";"1";"3";"N/A";"44,4153900000";"4,1625090000"
"202100028225";"20";"07";"2021";"10:15";"1";"24";"24392";"2";"3";"1";"3";"Peneyral";"44,9568420000";"1,2732980000"
"202100028226";"19";"07";"2021";"10:45";"1";"85";"85128";"2";"1";"1";"7";"Route de Champagne";"46,4510270000";" -1,1547820000"
"202100028227";"20";"07";"2021";"19:00";"1";"85";"85046";"1";"1";"1";"6";"La Gouelle";"46,6835100000";" -1,3020300000"
"202100028228";"20";"07";"2021";"10:40";"1";"27";"27682";"1";"2";"1";"3";"Vesly";"49,2369490000";"1,6471500000"
"202100028229";"20";"07";"2021";"11:35";"1";"17";"17218";"2";"1";"7";"6";"83 Rue d Aligre";"46,3070840000";" -0,9913510000"
"202100028230";"19";"07";"2021";"16:00";"1";"30";"30235";"1";"1";"1";"1";"D6086";"43,9193810000";"4,5334270000"
"202100028231";"20";"07";"2021";"16:30";"1";"48";"48010";"1";"1";"1";"7";"RD 26 PK 12+500";"44,7742500000";"3,7312420000"
"202100028232";"20";"07";"2021";"09:45";"1";"49";"49261";"2";"9";"1";"6";"quai de la loire";"47,3497200000";" -0,2265290000"
"202100028233";"19";"07";"2021";"08:15";"1";"63";"63116";"1";"1";"1";"5";"A71 PR 368+600 sens province vers paris";"45,9857810000";"3,1084440000"
"202100028234";"16";"07";"2021";"16:55";"1";"90";"90080";"1";"9";"2";"5";"autoroute A36";"47,6608350000";"6,9484020000"
"202100028235";"19";"07";"2021";"12:50";"1";"86";"86083";"1";"1";"1";"2";"A10";"46,5076570000";"0,1813640000"
"202100028236";"20";"07";"2021";"11:30";"1";"63";"63113";"1";"1";"1";"2";"A75 Pk 001.100";"45,7659210000";"3,1388710000"
"202100028237";"11";"07";"2021";"17:15";"1";"21";"21708";"1";"1";"1";"2";"A 36 PK 213 sens MULHOUSE vers BEAUNE";"47,0459140000";"4,9829010000"
"202100028238";"18";"07";"2021";"10:20";"1";"13";"13032";"1";"6";"1";"2";"Route de Berre";"43,5419540000";"5,3683560000"
"202100028239";"19";"07";"2021";"17:28";"1";"971";"97103";"2";"1";"1";"6";"Lieu Dit Chantilly";"16,2365190000";" -61,6166540000"
"202100028240";"20";"07";"2021";"12:00";"1";"37";"37110";"2";"1";"1";"6";"24 Rue de l Europe";"47,3079039005";"1,0750368924"
"202100028241";"11";"07";"2021";"20:45";"5";"2B";"2B307";"2";"1";"1";"3";"Suaglione";"42,3844710000";"9,5303020000"
"202100028242";"20";"07";"2021";"03:40";"3";"2B";"2B337";"1";"1";"1";"7";"RT20";"42,4753180000";"9,2625470000"
"202100028243";"20";"07";"2021";"03:25";"5";"2B";"2B093";"1";"1";"1";"4";"ZA CORABARA - RT 30";"42,6113170000";"8,8915010000"
"202100028244";"20";"07";"2021";"15:20";"1";"83";"83115";"2";"3";"1";"1";"Route du Plan de la Tour";"43,3272620000";"6,5929340000"
"202100028245";"20";"07";"2021";"08:40";"1";"68";"68154";"2";"4";"7";"3";"20 Avenue du Luxembourg";"47,7713600000";"7,3697070000"
"202100028246";"20";"07";"2021";"15:55";"1";"42";"42328";"1";"1";"1";"1";"Route du Mongenet";"45,5760510000";"3,9879300000"
"202100028247";"20";"07";"2021";"09:30";"1";"38";"38110";"1";"1";"1";"6";"Route de Leveau";"45,5678120000";"4,8784550000"
"202100028248";"20";"07";"2021";"15:30";"1";"38";"38158";"2";"1";"1";"3";"Avenue du Maquis de l'Oisans";"45,1474550000";"5,7571900000"
"202100028249";"20";"07";"2021";"07:45";"1";"38";"38001";"1";"4";"1";"3";"croisement d1075 / d50 - la Batie Divisin";"45,5009330000";"5,5929210000"
"202100028250";"19";"07";"2021";"17:50";"1";"26";"26307";"2";"4";"1";"1";" 24 Avenue des Pionniers du Vercors";"45,0220210000";"5,2948520000"
"202100028251";"19";"07";"2021";"16:15";"1";"07";"07203";"1";"4";"1";"3";"N/A";"44,8084650000";"4,2101880000"
"202100028252";"20";"07";"2021";"08:00";"1";"01";"01249";"2";"1";"7";"3";"Route de Strasbourg";"45,8666140000";"4,9126540000"
"202100028253";"16";"07";"2021";"06:55";"2";"31";"31395";"1";"1";"1";"6";"Rue de Gascogne";"43,4567660000";"1,2929210000"
"202100028254";"19";"07";"2021";"19:00";"1";"13";"13071";"1";"1";"1";"2";"A7-Sens Lyon vers Marseille";"43,4043400000";"5,3413100000"
"202100028255";"19";"07";"2021";"16:25";"1";"13";"13215";"1";"1";"1";"2";"A7-Sens Marseille vers Lyon";"43,3602300000";"5,3622800000"
"202100028256";"16";"07";"2021";"16:30";"1";"83";"83129";"1";"1";"1";"4";"A50";"43,1206210783";"5,8429957461"
"202100028257";"19";"07";"2021";"10:00";"1";"33";"33003";"1";"1";"1";"7";"AUTOROUTE A 10";"44,9275710000";" -0,4713070000"
"202100028258";"15";"07";"2021";"10:10";"1";"62";"62274";"1";"1";"1";"3";"AUTOROUTE A1";"50,4393110000";"2,9735400000"
"202100028259";"19";"07";"2021";"11:20";"1";"91";"91377";"1";"1";"1";"2";"AUTOROUTE A10";"48,7229811815";"2,2972054481"
"202100028260";"19";"07";"2021";"07:45";"1";"91";"91589";"1";"1";"1";"3";"AUTOROUTE A6";"48,6745400000";"2,3422100000"
"202100028261";"18";"07";"2021";"03:35";"3";"91";"91589";"1";"1";"1";"2";"AUTOROUTE A6";"48,6767550000";"2,3390100000"
"202100028262";"19";"07";"2021";"05:15";"3";"95";"95582";"1";"1";"1";"2";"A15";"48,9701000000";"2,2499000000"
"202100028263";"19";"07";"2021";"03:15";"3";"95";"95241";"1";"1";"1";"6";"RN 104";"49,0521400000";"2,4281300000"
"202100028264";"16";"07";"2021";"16:50";"1";"69";"69264";"2";"1";"1";"7";"HERON  PHILIPPE (R)";"45,9890894887";"4,7097934931"
"202100028265";"18";"07";"2021";"12:50";"1";"06";"06029";"2";"1";"1";"6";"MACE (RUE)";"43,5507000000";"7,0217500000"
"202100028266";"26";"03";"2021";"10:10";"1";"74";"74236";"1";"3";"1";"3";"Rte de Megeve";"45,8947175751";"6,6981625557"
"202100028267";"18";"07";"2021";"02:20";"3";"976";"97611";"2";"1";"1";"6";"mamoudzou centre-Cinema Alpajoe (rue du)";" -12,7812800000";"45,2299200000"
"202100028268";"18";"07";"2021";"16:45";"2";"976";"97611";"2";"1";"1";"6";"mamoudzou centre-RP Passot quai colas (R";" -12,7770000000";"45,2318300000"
"202100028269";"17";"07";"2021";"20:00";"3";"974";"97416";"1";"1";"1";"6";"RN02";" -21,3338000000";"55,4839600000"
"202100028270";"18";"07";"2021";"20:30";"5";"974";"97411";"1";"1";"3";"6";"RAMBAUD (LEOPOLD)";" -20,8856700000";"55,4962900000"
"202100028271";"18";"07";"2021";"10:40";"1";"974";"97411";"2";"9";"1";"6";"AUBER (RUE JULES)";" -20,8782800000";"55,4526400000"
"202100028272";"18";"07";"2021";"18:30";"1";"973";"97302";"2";"1";"1";"3";"MANGO (ROUTE)";"4,9317471793";" -52,3174234201"
"202100028273";"18";"07";"2021";"10:50";"1";"973";"97302";"2";"3";"1";"3";"ZEPHIR (ROCADE)";"4,9357300000";" -52,3027200000"
"202100028274";"17";"07";"2021";"12:41";"1";"973";"97302";"2";"1";"1";"3";"MONTABO (ROUTE DE) 2";"4,9364301890";" -52,2966070176"
"202100028275";"29";"06";"2021";"17:40";"1";"69";"69386";"2";"2";"1";"3";"BELLECOMBE (DE) (R)";"45,7682000000";"4,8632000000"
"202100028276";"18";"07";"2021";"13:25";"1";"972";"97209";"1";"1";"1";"6";"RD 41 (ROCADE)";"14,6164200000";" -61,0745600000"
"202100028277";"17";"07";"2021";"11:30";"1";"972";"97209";"2";"1";"1";"3";"CHEVALIER SAINTE-MARTHE (BOULEVARD)";"14,6040821089";" -61,0654688784"
"202100028278";"16";"07";"2021";"08:35";"1";"69";"69149";"2";"9";"2";"1";"EUROPE (DE L') (BD)";"45,7094400000";"4,8056100000"
"202100028279";"17";"07";"2021";"19:13";"1";"95";"95323";"2";"1";"7";"3";"ECANCOURT (BOULEVARD D')";"49,0108500000";"2,0461800000"
"202100028280";"16";"07";"2021";"13:15";"1";"83";"83129";"2";"1";"7";"3";"KENNEDY (AVENUE J.)NÂ°PAIRS 2A2560";"43,1077455676";"5,8333218098"
"202100028281";"14";"07";"2021";"19:21";"1";"83";"83129";"2";"9";"1";"3";"LAENNEC (AVENUE DE) NÂ° PAIRS";"43,0888830000";"5,8286230000"
"202100028282";"18";"07";"2021";"20:42";"1";"79";"79191";"2";"3";"1";"3";"Quai de la PrÃ©fecture";"46,3246100000";" -0,4669300000"
"202100028283";"18";"07";"2021";"02:20";"3";"78";"78551";"1";"1";"1";"2";"RN 184";"48,9209600000";"2,0818500000"
"202100028284";"17";"07";"2021";"02:55";"5";"74";"74012";"2";"6";"1";"2";"FLORISSANT (AVENUE)";"46,1912700000";"6,2433700000"
"202100028285";"18";"07";"2021";"23:15";"5";"69";"69256";"2";"1";"1";"6";"GENAS (DE) (RTE)";"45,7478700000";"4,9218600000"
"202100028286";"18";"07";"2021";"18:33";"1";"69";"69256";"2";"3";"7";"2";"EMILE ZOLA (R)";"45,7766600000";"4,9211500000"
"202100028287";"18";"07";"2021";"15:45";"1";"69";"69256";"2";"9";"1";"6";"LENINE - MAS DU TAUREAU (PD)";"45,7856000000";"4,9104900000"
"202100028288";"17";"07";"2021";"16:15";"1";"59";"59392";"2";"1";"1";"7";"EUROPE (BOULEVARD DE L')";"50,2775947247";"3,9672996104"
"202100028289";"18";"07";"2021";"11:03";"1";"59";"59350";"2";"1";"1";"6";"MILLET FRANCOIS RUE";"50,6299100000";"3,0265000000"
"202100028290";"18";"07";"2021";"00:00";"5";"59";"59350";"2";"3";"1";"3";"VAUBAN BOULEVARD NÂ° RESTE";"50,6344189558";"3,0487852545"
"202100028291";"17";"07";"2021";"16:35";"1";"59";"59317";"1";"6";"1";"3";"ROUTE DEPARTEMENTALE 945";"50,6985000000";"2,9284000000"
"202100028292";"18";"07";"2021";"23:50";"5";"54";"54395";"2";"3";"1";"3";"STANISLAS (PLACE ET PORTE)";"48,6910900000";"6,1751800000"
"202100028293";"18";"07";"2021";"12:45";"1";"50";"50165";"2";"1";"1";"3";"D 135E";"48,8529530000";" -1,5631000000"
"202100028294";"18";"07";"2021";"06:30";"2";"35";"35238";"2";"1";"1";"6";"CLEMENCEAU (BD GEORGES)";"48,0945100000";" -1,6852600000"
"202100028295";"19";"07";"2021";"02:20";"3";"33";"33529";"1";"2";"1";"6";"Avenue Vulcain";"44,6139300000";" -1,1192300000"