"Num_Acc";"jour";"mois";"an";"hrmn";"lum";"dep";"com";"agg";"int";"atm";"col";"adr";"lat";"long"
"202100028296";"18";"07";"2021";"08:50";"1";"32";"32013";"1";"1";"1";"6";"CORPS FRANC POMMIES (AVENUE DU)";"43,6305400000";"0,5812700000"
"202100028297";"18";"07";"2021";"17:30";"1";"31";"31555";"2";"1";"1";"2";"FENOUILLET (CHE DE) DU 8AU 201";"43,6441800000";"1,4150300000"
"202100028298";"17";"07";"2021";"15:20";"1";"26";"26198";"2";"1";"1";"5";"Route Nationale 7";"44,5539000000";"4,7306000000"
"202100028299";"18";"07";"2021";"00:30";"5";"22";"22113";"2";"9";"1";"3";"RESISTANCE (AVENUE DE LA)";"48,7459300000";" -3,4604900000"
"202100028300";"18";"07";"2021";"21:35";"1";"22";"22113";"2";"6";"1";"3";"KERMARIA (PONT DE)";"48,7279900000";" -3,4578200000"
"202100028301";"15";"07";"2021";"12:16";"1";"17";"17306";"2";"1";"1";"3";"PINSONS (DES)";"45,6440600000";" -1,0280500000"
"202100028302";"17";"07";"2021";"08:30";"1";"16";"16089";"1";"1";"1";"1";"N/A";"45,6819500000";" -0,2987200000"
"202100028303";"17";"07";"2021";"17:55";"1";"14";"14333";"2";"6";"1";"3";"D580";"49,4178100000";"0,2399700000"
"202100028304";"18";"07";"2021";"06:00";"2";"13";"13216";"2";"9";"1";"1";"ROVE (ROUTE DU)";"43,3607200000";"5,2862900000"
"202100028305";"18";"07";"2021";"06:10";"2";"13";"13207";"2";"1";"1";"2";"Corniche John FitzgÃ©rald Kennedy";"43,2766456055";"5,3577798601"
"202100028306";"18";"07";"2021";"05:00";"5";"13";"13210";"2";"1";"1";"6";"RABATAU (BOULEVARD)";"43,2765000000";"5,3977400000"
"202100028307";"17";"07";"2021";"09:10";"1";"13";"13204";"2";"1";"1";"2";"ALEX. FLEMING (BOULEVARD)";"43,3166272454";"5,3975235229"
"202100028308";"17";"07";"2021";"16:00";"1";"13";"13028";"2";"1";"1";"3";"KENNEDY (AVENUE PRESIDENT JOHN FITZGERAL";"43,1792831791";"5,6035751732"
"202100028309";"18";"07";"2021";"08:45";"1";"13";"13001";"2";"6";"1";"3";"CHATEAU DOUBLE (BD)";"43,5318600000";"5,4237300000"
"202100028310";"18";"07";"2021";"20:20";"1";"06";"06088";"2";"1";"1";"6";"BISCHOFFSHEIM (BD)";"43,7131880000";"7,2961110000"
"202100028311";"18";"07";"2021";"13:10";"1";"06";"06123";"2";"9";"1";"3";"OSSOLA JEAN BOULEVARD";"43,6660770000";"7,1902100000"
"202100028312";"17";"07";"2021";"09:23";"1";"03";"03262";"1";"1";"1";"1";"RCEA-  RN 145";"46,3760830000";"2,5936580000"
"202100028313";"18";"07";"2021";"00:04";"5";"75";"75105";"2";"2";"1";"3";"QUAI SAINT BERNARD";"48,8493930000";"2,3568070000"
"202100028314";"18";"07";"2021";"13:25";"1";"75";"75118";"2";"1";"1";"7";"RUE BELLIARD";"48,8970590000";"2,3409390000"
"202100028315";"18";"07";"2021";"11:55";"1";"75";"75118";"2";"5";"1";"3";"RUE CUSTINE";"48,8888660000";"2,3465280000"
"202100028316";"18";"07";"2021";"20:10";"2";"75";"75117";"2";"2";"1";"3";"RUE TORRICELLI";"48,8809160000";"2,2921270000"
"202100028317";"18";"07";"2021";"20:15";"1";"75";"75107";"2";"1";"1";"6";"RUE DE BABYLONE";"48,8517510000";"2,3177940000"
"202100028318";"18";"07";"2021";"17:10";"1";"75";"75115";"2";"2";"1";"7";"RUE DE DANTZIG";"48,8355270000";"2,3006890000"
"202100028319";"18";"07";"2021";"19:15";"1";"75";"75113";"2";"2";"1";"3";"BOULEVARD MASSENA";"48,8241650000";"2,3768030000"
"202100028320";"18";"07";"2021";"16:20";"1";"75";"75111";"2";"1";"1";"6";"BOULEVARD VOLTAIRE";"48,8647290000";"2,3685000000"
"202100028321";"18";"07";"2021";"20:40";"1";"75";"75110";"2";"2";"1";"3";"RUE DE DUNKERQUE";"48,8802400000";"2,3536510000"
"202100028322";"18";"07";"2021";"01:10";"5";"75";"75105";"2";"3";"1";"1";"QUAI SAINT BERNARD";"48,8468550000";"2,3609670000"
"202100028323";"18";"07";"2021";"19:40";"1";"75";"75107";"2";"3";"1";"1";"RUE ARISTIDE BRIAND";"48,8615870000";"2,3193350000"
"202100028324";"18";"07";"2021";"03:05";"3";"75";"75109";"2";"4";"1";"6";"RUE LA FAYETTE";"48,8760530000";"2,3446800000"
"202100028325";"18";"07";"2021";"18:10";"1";"94";"94052";"2";"9";"1";"7";"Rue Hoche";"48,8336600000";"2,4906800000"
"202100028326";"18";"07";"2021";"17:50";"1";"94";"94016";"2";"4";"1";"1";"Rue Gabriel PÃ©ri";"48,7917000000";"2,3437000000"
"202100028327";"18";"07";"2021";"18:50";"1";"94";"94028";"2";"1";"1";"3";"MITTERAND (Rue FranÃ§ois)";"48,7692000000";"2,4657000000"
"202100028328";"18";"07";"2021";"15:20";"1";"94";"94011";"2";"1";"1";"2";"SEMARD(RUE PIERRE)";"48,7628500000";"2,4784600000"
"202100028329";"18";"07";"2021";"15:20";"1";"94";"94017";"2";"1";"1";"3";"BOILEAU (AV)";"48,8045000000";"2,5533700000"
"202100028330";"18";"07";"2021";"13:00";"1";"93";"93066";"2";"1";"1";"1";"GENERAL JOINVILLE";"48,9355300000";"2,3674000000"
"202100028331";"18";"07";"2021";"16:22";"1";"93";"93066";"2";"1";"1";"4";"COURNEUVE (ROUTE)";"48,9329630000";"2,3740400000"
"202100028332";"17";"07";"2021";"22:10";"3";"93";"93055";"2";"1";"1";"3";"JEAN LOLIVE (AVENUE)(137/FIN ET 134/FIN)";"48,8930313052";"2,4128029346"
"202100028333";"18";"07";"2021";"11:13";"1";"93";"93048";"2";"1";"1";"2";"PARIS (RUE DE)";"48,8564300000";"2,4268500000"
"202100028334";"18";"07";"2021";"12:00";"1";"93";"93031";"2";"1";"7";"3";"DIX HUIT JUIN 1940 (AVENUE DU)";"48,9533920000";"2,3075710000"
"202100028335";"18";"07";"2021";"11:47";"1";"93";"93001";"2";"2";"1";"3";"LOPEZ ET JULES MARTIN (RUE)";"48,9154990000";"2,3999500000"
"202100028336";"18";"07";"2021";"03:00";"5";"92";"92064";"2";"3";"1";"2";"MARCEL DASSAULT";"48,8529640000";"2,2228140000"
"202100028337";"17";"07";"2021";"09:30";"1";"35";"35064";"1";"1";"1";"6";"D56";"47,7032930000";" -1,9353960000"
"202100028338";"18";"07";"2021";"15:30";"1";"54";"54311";"1";"1";"1";"7";"D126";"48,6699037949";"6,3233023891"
"202100028339";"17";"07";"2021";"11:00";"1";"24";"24543";"1";"1";"1";"7";"Gabillou";"45,0402720000";"0,3803480000"
"202100028340";"10";"07";"2021";"16:20";"1";"51";"51531";"2";"1";"1";"1";"Rue Maurice Denonvilliers";"48,7874443489";"4,9140308285"
"202100028341";"18";"07";"2021";"15:20";"1";"22";"22103";"2";"2";"1";"3";"Rue de la Rance";"48,5614680000";" -2,0068450000"
"202100028342";"19";"07";"2021";"16:00";"1";"95";"95487";"1";"6";"1";"3";"D4";"49,1522910000";"2,2533240000"
"202100028343";"18";"07";"2021";"18:36";"1";"81";"81014";"2";"1";"1";"6";"d68";"43,5651170000";"2,5649270000"
"202100028344";"19";"07";"2021";"18:30";"1";"28";"28409";"1";"1";"1";"6";"A11";"48,2765100000";"1,1842060000"
"202100028345";"18";"07";"2021";"21:00";"2";"68";"68367";"2";"1";"1";"6";"3 Rue de la Foret";"48,0614700000";"7,4800860000"
"202100028346";"18";"07";"2021";"23:00";"3";"84";"84056";"1";"1";"1";"6";"Route de ViolÃ¨s";"44,1433290000";"4,9418090000"
"202100028347";"18";"07";"2021";"17:00";"1";"12";"12098";"1";"1";"1";"1";"D920";"44,5506430000";"2,6785500000"
"202100028348";"17";"07";"2021";"03:15";"5";"83";"83048";"2";"1";"1";"3";"1115 Boulevard Georges Selliez";"43,2011330000";"6,5756450000"
"202100028349";"17";"07";"2021";"19:30";"1";"67";"67366";"1";"1";"1";"7";"D1004";"48,7557360000";"7,3302630000"
"202100028350";"19";"07";"2021";"00:30";"3";"38";"38400";"1";"1";"1";"6";"Route de Grenoble";"45,3246410000";"5,5899940000"
"202100028351";"14";"07";"2021";"11:00";"1";"06";"06025";"1";"1";"1";"2";"Route des Iscles";"43,8304250000";"7,1774730000"
"202100028352";"19";"06";"2021";"16:30";"1";"83";"83091";"1";"1";"1";"3";"D14";"43,2268680320";"6,1221144226"
"202100028353";"18";"07";"2021";"18:05";"1";"62";"62233";"1";"2";"1";"1";"d142";"50,3951492996";"1,6892029345"
"202100028354";"11";"07";"2021";"17:10";"1";"57";"57619";"2";"1";"1";"7";"Rue Bellevue";"48,9886640000";"7,3482190000"
"202100028355";"16";"07";"2021";"12:35";"1";"57";"57599";"1";"2";"1";"4";"D19";"49,2053770000";"6,4712740000"
"202100028356";"19";"07";"2021";"07:45";"1";"04";"04203";"1";"1";"1";"1";"RD 7";"44,4028210000";"6,2955310000"
"202100028357";"18";"07";"2021";"18:50";"1";"51";"51214";"1";"1";"7";"7";"D70";"48,9805830000";"4,7637960000"
"202100028358";"19";"07";"2021";"14:15";"1";"56";"56201";"1";"1";"1";"6";"Lieu Dit Stangala";"48,1213850000";" -3,5319330000"
"202100028359";"18";"07";"2021";"19:00";"1";"76";"76021";"1";"1";"1";"7";"Route de Mentheville";"49,6887640000";"0,4165690000"
"202100028360";"19";"07";"2021";"00:16";"3";"79";"79242";"1";"3";"1";"2";"N/A";"46,9789270000";" -0,5153010000"
"202100028361";"18";"07";"2021";"19:40";"1";"2A";"2A139";"1";"1";"1";"3";"RT10";"41,6904760000";"9,3294310000"
"202100028362";"19";"07";"2021";"10:00";"1";"2B";"2B150";"1";"1";"1";"7";"T30";"42,5901840000";"8,8364410000"
"202100028363";"19";"07";"2021";"02:00";"3";"2B";"2B101";"1";"1";"1";"6";"lieu dit QUERCETO";"42,4104750000";"9,3554220000"
"202100028364";"19";"07";"2021";"18:00";"1";"80";"80070";"1";"1";"7";"1";"D31";"50,0721250000";"2,3435210000"
"202100028365";"16";"07";"2021";"14:30";"1";"41";"41126";"1";"9";"1";"6";"aoutoroute A.85 PK 146+150";"47,2924690000";"1,2811690000"
"202100028366";"18";"07";"2021";"16:50";"1";"65";"65022";"1";"1";"1";"7";"RD 602- Route du Bergons";"43,0100910000";" -0,1622930000"
"202100028367";"19";"07";"2021";"19:15";"1";"71";"71373";"2";"3";"1";"3";"route des alpes";"46,5026723975";"5,0666026405"
"202100028368";"19";"07";"2021";"14:10";"1";"89";"89197";"1";"1";"1";"6";"D11";"47,5209680000";"4,0955830000"
"202100028369";"16";"07";"2021";"15:15";"1";"89";"89405";"2";"1";"1";"6";"16 Rue de l Abreuvoir";"47,5979070000";"3,4236320000"
"202100028370";"18";"07";"2021";"18:15";"1";"61";"61176";"1";"1";"1";"6";"Les Courtils";"48,6522940000";" -0,0888830000"
"202100028371";"18";"07";"2021";"17:50";"1";"55";"55461";"1";"1";"1";"1";"c1";"49,3877370000";"5,5126850000"
"202100028372";"17";"07";"2021";"20:30";"1";"49";"49368";"2";"9";"1";"3";"37 Rue EugÃ¨ne Livet";"47,3917540000";"0,0582230000"
"202100028373";"19";"07";"2021";"15:15";"1";"12";"12248";"2";"1";"1";"6";"Route de Pousthomy";"43,8808510000";"2,6015870000"
"202100028374";"17";"07";"2021";"06:05";"2";"42";"42323";"2";"1";"8";"3";"Avenue du GÃ©nÃ©ral de Gaulle";"45,5612020000";"4,2771580000"
"202100028375";"18";"07";"2021";"11:40";"1";"46";"46165";"2";"1";"1";"7";"route de la prairie";"44,7971240000";"1,7594270000"
"202100028376";"19";"07";"2021";"08:30";"1";"47";"47297";"1";"1";"1";"7";"D113";"44,3307940000";"0,6296860000"
"202100028377";"19";"07";"2021";"07:15";"2";"68";"68004";"2";"4";"1";"6";"1 Rue Charles de Gaulle";"47,6222660000";"7,2355060000"
"202100028378";"18";"07";"2021";"18:30";"1";"39";"39336";"1";"1";"7";"7";"N/A";"46,8280220000";"5,8498880000"
"202100028379";"18";"07";"2021";"17:35";"1";"31";"31451";"2";"1";"1";"3";"Boulevard de la RÃ©publique";"43,4599510000";"2,0029880000"
"202100028380";"19";"07";"2021";"13:30";"1";"31";"31098";"1";"1";"1";"6";"Route de Garac";"43,7220710000";"1,0455840000"
"202100028381";"19";"07";"2021";"12:30";"1";"03";"03289";"1";"1";"1";"7";"coutant";"46,3769660000";"3,5028790000"
"202100028382";"18";"07";"2021";"18:30";"1";"15";"15066";"1";"1";"1";"7";"Col de Neronne";"45,1499030000";"2,6011850000"
"202100028383";"18";"07";"2021";"23:25";"3";"01";"01252";"1";"1";"1";"6";"N/A";"46,1549540000";"4,8161320000"
"202100028384";"18";"07";"2021";"21:20";"3";"01";"01336";"1";"1";"1";"7";"Route de Condeissiat";"46,1423354892";"5,1158259107"
"202100028385";"18";"07";"2021";"19:30";"1";"70";"70493";"1";"1";"1";"6";"D15b";"47,4020230000";"6,0511493000"
"202100028386";"19";"07";"2021";"07:00";"1";"26";"26040";"1";"1";"1";"6";"D93";"44,5501730000";"5,5936290000"
"202100028387";"19";"07";"2021";"20:10";"1";"50";"50391";"1";"1";"1";"3";"Route de la Croix du Hamel";"48,6104830000";" -1,0612540000"
"202100028388";"19";"07";"2021";"15:10";"1";"60";"60336";"1";"2";"7";"3";"dÃ©partementale 151";"49,5744065227";"2,1825360059"
"202100028389";"19";"07";"2021";"19:10";"1";"45";"45160";"2";"2";"1";"3";"Rue de la Biringue";"48,1822840000";"2,1116170000"
"202100028390";"19";"07";"2021";"11:30";"1";"36";"36046";"2";"2";"1";"6";"Rue Nationale";"46,5796100000";"1,9855780000"
"202100028391";"15";"07";"2021";"20:30";"2";"36";"36136";"1";"2";"1";"3";"N/A";"46,9313050000";"1,1738850000"
"202100028392";"18";"07";"2021";"19:30";"1";"40";"40312";"2";"1";"1";"3";"Boulevard de la Yayi";"43,5494430000";" -1,4593270000"
"202100028393";"25";"05";"2021";"14:15";"1";"04";"04135";"1";"1";"1";"1";"RD 952";"43,8176070000";"6,2435390000"
"202100028394";"18";"07";"2021";"09:45";"1";"28";"28116";"2";"3";"1";"3";"Rue de Chartres";"48,4485570000";"1,2515290000"
"202100028395";"19";"07";"2021";"15:00";"1";"48";"48055";"1";"1";"1";"1";"RN88";"44,4889740000";"3,3814930000"
"202100028396";"19";"07";"2021";"18:50";"1";"08";"08419";"1";"1";"7";"6";"ROUTE DÃPARTEMENTALE 27";"49,7211360000";"4,4028780000"
"202100028397";"19";"07";"2021";"09:45";"1";"31";"31181";"1";"1";"1";"2";"Autoroute A64 PK 264+078";"43,3922240000";"1,2863340000"
"202100028398";"18";"07";"2021";"17:20";"1";"63";"63300";"1";"1";"1";"4";"A71 PR 373.800";"45,9059470000";"3,1542700000"
"202100028399";"18";"07";"2021";"18:30";"2";"13";"13110";"1";"1";"1";"7";"Autoroute A8 PK042.900";"43,4773540000";"5,7132660000"
"202100028400";"18";"07";"2021";"14:35";"1";"62";"62405";"1";"1";"1";"6";"Aire des Bonnettes (Aire de repos)";"50,2839070000";"2,9589110000"
"202100028401";"18";"07";"2021";"01:30";"3";"988";"98830";"1";"1";"1";"7";"Tribu de kokingone - RPN10";" -20,8581900000";"165,2550390000"
"202100028402";"17";"07";"2021";"09:25";"1";"976";"97608";"2";"1";"1";"2";"Route des Badamiers en face de la quincaillerie KOURATI";" -12,7774220000";"45,2821040000"
"202100028403";"19";"07";"2021";"11:10";"1";"976";"97615";"2";"1";"1";"6";"RN 4 - STATION TOTAL";" -12,7924250000";"45,2704360000"
"202100028404";"18";"07";"2021";"23:15";"5";"28";"28015";"1";"1";"1";"7";"Rue de la LibÃ©ration";"48,5255580000";"1,7481990000"
"202100028405";"18";"07";"2021";"18:00";"1";"28";"28015";"1";"1";"1";"7";"D122.14";"48,5241730000";"1,7713520000"
"202100028406";"18";"07";"2021";"17:40";"1";"45";"45191";"1";"1";"1";"5";"RD 2152";"48,2494936236";"2,3436691624"
"202100028407";"18";"07";"2021";"19:20";"1";"77";"77050";"1";"1";"1";"1";"2 Barbigny";"48,1420870000";"2,8489500000"
"202100028408";"20";"04";"2021";"19:30";"1";"91";"91525";"2";"1";"1";"1";"Rue de Beauvais";"48,5325600000";"2,0456080000"
"202100028409";"18";"07";"2021";"09:45";"1";"78";"78389";"1";"9";"1";"7";"N12";"48,8011540000";"1,8105130000"
"202100028410";"18";"07";"2021";"17:50";"1";"2B";"2B134";"2";"1";"7";"1";"T30";"42,6270720000";"8,9272980000"
"202100028411";"16";"07";"2021";"08:30";"1";"2B";"2B029";"1";"1";"1";"3";"D81";"42,6949110000";"9,3718740000"
"202100028412";"18";"07";"2021";"20:20";"1";"83";"83019";"1";"1";"1";"1";"RD98 ForÃªt du Dom";"43,1789560000";"6,3381670000"
"202100028413";"19";"07";"2021";"13:40";"1";"52";"52432";"2";"4";"1";"7";"2 Rue de Lorraine";"47,9509820000";"5,2876370000"
"202100028414";"17";"07";"2021";"15:20";"1";"67";"67033";"1";"1";"1";"6";"D421";"48,7477000000";"7,6773830000"
"202100028415";"18";"07";"2021";"12:30";"1";"67";"67052";"1";"1";"1";"1";"RD 766, PK 5+350";"48,4485040000";"7,3151560000"
"202100028416";"18";"07";"2021";"19:45";"1";"73";"73290";"1";"1";"1";"1";"D1006";"45,2535353205";"6,9073598385"
"202100028417";"18";"07";"2021";"17:10";"1";"73";"73192";"1";"1";"1";"2";"D912 Le Cholet";"45,6673700000";"6,0422870000"
"202100028418";"19";"07";"2021";"07:25";"1";"42";"42304";"1";"1";"1";"6";"Route des Monts";"45,5533590000";"4,2138040000"
"202100028419";"15";"07";"2021";"12:15";"1";"65";"65173";"1";"1";"1";"5";"RD 918";"42,8764830000";"0,0085780000"
"202100028420";"18";"07";"2021";"18:20";"1";"53";"53094";"1";"1";"7";"7";"Le Port";"47,9986020000";" -0,7345600000"
"202100028421";"18";"07";"2021";"18:37";"1";"49";"49301";"2";"3";"1";"3";"Rue Saint-Sauveur (torfou)";"47,0382560000";" -1,1195330000"
"202100028422";"17";"07";"2021";"15:15";"1";"61";"61357";"1";"1";"1";"7";"Le Haut Boulay";"48,5382540000";" -0,0770220000"
"202100028423";"19";"07";"2021";"08:45";"1";"22";"22306";"1";"2";"1";"3";"Le Cordon Blanc";"48,3637160000";" -1,9704370000"
"202100028424";"18";"07";"2021";"17:20";"1";"27";"27016";"2";"1";"1";"7";"4 Rue de l Ecole";"49,2225240000";"1,4175020000"
"202100028425";"19";"07";"2021";"01:10";"3";"27";"27004";"2";"1";"1";"6";"Rue Andre Rouille";"49,0104580000";"1,4242740000"
"202100028426";"19";"07";"2021";"06:57";"1";"60";"60355";"1";"1";"7";"6";"N31";"49,4119903528";"2,2018701917"
"202100028427";"16";"07";"2021";"21:45";"3";"59";"59073";"2";"1";"1";"3";"376 Grand Rue";"50,7817520000";"2,6962060000"
"202100028428";"17";"07";"2021";"12:05";"1";"13";"13071";"1";"1";"1";"2";"A51-Sens Aix en Provence vers Marseille";"43,4152000000";"5,3646000000"
"202100028429";"17";"07";"2021";"09:20";"1";"13";"13215";"1";"1";"1";"2";"A7-Sens Lyon vers Marseille";"43,3692815724";"5,3608748317"
"202100028430";"13";"07";"2021";"14:30";"1";"69";"69199";"1";"1";"1";"3";"RD383   14.250 A 18.000";"45,7003300000";"4,8455100000"
"202100028431";"18";"07";"2021";"07:35";"1";"69";"69152";"1";"1";"1";"2";"M7   4.270 A 5.756";"45,7068236241";"4,8312056065"
"202100028432";"17";"07";"2021";"02:50";"3";"01";"01275";"1";"1";"1";"2";"A42  4.020 A 4.353   GEN/LYON";"45,8076800000";"4,9278890000"
"202100028433";"18";"07";"2021";"20:45";"1";"94";"94034";"1";"1";"1";"2";"AUTOROUTE A86";"48,7596300000";"2,3222300000"
"202100028434";"18";"07";"2021";"15:00";"1";"94";"94034";"1";"1";"1";"7";"AUTOROUTE A6A";"48,7580300000";"2,3362100000"
"202100028435";"18";"07";"2021";"16:00";"1";"92";"92002";"1";"1";"1";"2";"AUTOROUTE A10";"48,7298319230";"2,3073863983"
"202100028436";"18";"07";"2021";"16:00";"1";"94";"94038";"1";"1";"1";"4";"AUTOROUTE A6B";"48,7821629733";"2,3468914366"
"202100028437";"18";"07";"2021";"11:15";"1";"94";"94003";"1";"1";"1";"2";"AUTOROUTE A6B";"48,8000000000";"2,3437000000"
"202100028438";"18";"07";"2021";"02:50";"3";"92";"92002";"1";"1";"1";"4";"AUTOROUTE A10";"48,7294333177";"2,3064851761"
"202100028439";"18";"07";"2021";"15:00";"1";"78";"78007";"1";"1";"1";"2";"A13W";"48,8991780000";"2,0054130000"
"202100028440";"18";"07";"2021";"08:50";"1";"93";"93066";"1";"1";"1";"2";"AUTOROUTE A1";"48,9121300000";"2,3581300000"
"202100028441";"18";"07";"2021";"00:10";"3";"95";"95306";"1";"1";"1";"2";"A15";"48,9984800000";"2,1770900000"
"202100028442";"17";"07";"2021";"12:30";"1";"93";"93010";"1";"1";"1";"6";"AUTOROUTE A3";"48,8920300000";"2,4732000000"
"202100028443";"18";"07";"2021";"14:45";"1";"94";"94017";"1";"1";"1";"2";"A4";"48,8283361632";"2,5023593274"
"202100028444";"15";"07";"2021";"00:20";"3";"94";"94065";"1";"1";"1";"3";"A86 INT";"48,7535100000";"2,3596400000"
"202100028445";"17";"07";"2021";"18:57";"1";"75";"75112";"2";"1";"1";"6";"AVENUE DES TERROIRS DE FRANCE";"48,8320470000";"2,3884040000"
"202100028446";"16";"07";"2021";"23:55";"3";"75";"75117";"2";"2";"1";"6";"AVENUE DE LA PORTE D ASNIERES";"48,8922930000";"2,3009960000"
"202100028447";"25";"03";"2021";"12:40";"1";"69";"69116";"2";"2";"1";"3";"ROUTE NATIONALE 6";"45,8181899346";"4,7713172436"
"202100028448";"16";"07";"2021";"11:30";"1";"973";"97302";"1";"6";"1";"3";"MADELEINE (ROUTE DE LA)";"4,9076725300";" -52,3226205300"
"202100028449";"17";"07";"2021";"06:20";"1";"69";"69387";"2";"2";"1";"3";"JULES CARTERET                      (BD)";"45,7258600000";"4,8405600000"
"202100028450";"17";"07";"2021";"14:45";"1";"972";"97209";"2";"1";"1";"3";"RD 41 (ROCADE)";"14,6169900000";" -61,0599300000"
"202100028451";"17";"07";"2021";"20:45";"2";"69";"69384";"2";"2";"1";"3";"BELFORT (DE) (R)";"45,7802512642";"4,8346057534"
"202100028452";"17";"07";"2021";"17:00";"1";"69";"69286";"2";"1";"1";"6";"MONT BLANC (DU)  (AV)";"45,8116200000";"4,8941200000"
"202100028453";"17";"07";"2021";"02:30";"5";"69";"69382";"2";"2";"1";"3";"JULES COURMONT  (Q)";"45,7635100000";"4,8384600000"
"202100028454";"16";"07";"2021";"11:35";"1";"2B";"2B037";"2";"1";"1";"2";"TOUTES RUES";"42,6184100000";"9,4372200000"
"202100028455";"17";"07";"2021";"07:55";"2";"971";"97113";"1";"1";"1";"7";"SECTION TOMBEAU";"16,2218300000";" -61,4782600000"
"202100028456";"16";"07";"2021";"09:35";"1";"971";"97101";"2";"2";"1";"3";"DOTHEMARE";"16,2701700000";" -61,5095800000"
"202100028457";"17";"07";"2021";"13:40";"1";"83";"83137";"2";"1";"1";"6";"Boulevard Grignan";"43,1096200000";"5,9397700000"
"202100028458";"16";"07";"2021";"17:15";"1";"80";"80001";"2";"1";"1";"6";"8 MAI 1945 (du)";"50,1104545037";"1,8396252394"
"202100028459";"17";"07";"2021";"16:30";"1";"77";"77479";"2";"2";"1";"3";"RUE FRANCOIS COPPEE";"48,8710000000";"2,6320000000"
"202100028460";"18";"07";"2021";"00:15";"5";"76";"76540";"2";"1";"1";"3";"CORNEILLE. QUAI (HAUT) PIERRE";"49,4377100000";"1,0939400000"
"202100028461";"17";"07";"2021";"17:00";"1";"72";"72181";"1";"1";"1";"6";"ALENCON (RTE D')";"48,0295800000";"0,1792000000"
"202100028462";"17";"07";"2021";"22:20";"5";"69";"69029";"1";"9";"1";"2";"LAURENT BONNEVAY (BD)";"45,7437589119";"4,9058139324"
"202100028463";"17";"07";"2021";"18:55";"1";"69";"69282";"2";"8";"1";"6";"JEAN JAURES (R)";"45,7699900000";"5,0125600000"
"202100028464";"17";"07";"2021";"21:54";"5";"69";"69091";"2";"4";"1";"6";"JOSEPH FAURE (R)";"45,5854735919";"4,7745585464"
"202100028465";"17";"07";"2021";"18:30";"1";"64";"64545";"2";"1";"1";"3";"RD810";"43,3755200000";" -1,6776600000"
"202100028466";"17";"07";"2021";"01:25";"3";"59";"59646";"2";"2";"1";"3";"TOURCOING (RUE DE)";"50,6898410000";"3,1453460000"
"202100028467";"17";"07";"2021";"12:09";"1";"49";"49007";"2";"2";"1";"1";"SAINT JULIEN RUE ET IMPASSE";"47,4702200000";" -0,5519200000"
"202100028468";"17";"07";"2021";"05:30";"4";"38";"38179";"2";"1";"1";"1";"AVENUE ESCLANGON";"45,1811500000";"5,7803900000"
"202100028469";"17";"07";"2021";"08:40";"1";"37";"37261";"2";"4";"1";"6";"MIRABEAU (PONT)";"47,4027045961";"0,7019689679"
"202100028470";"17";"07";"2021";"16:15";"1";"35";"35238";"1";"1";"7";"4";"RN136";"48,1115400000";" -1,7181900000"
"202100028471";"17";"07";"2021";"02:15";"5";"34";"34172";"2";"1";"1";"6";"GIRAUD (AVENUE DU DOYEN GASTON)";"43,6335700000";"3,8501000000"
"202100028472";"17";"07";"2021";"01:00";"5";"34";"34129";"2";"6";"1";"2";"BRET (ROND POINT PAUL LOUIS)";"43,5762252688";"3,8735557815"
"202100028473";"18";"07";"2021";"01:53";"5";"33";"33063";"2";"1";"1";"6";"Cours Victor Hugo";"44,8361960000";" -0,5661930000"
"202100028474";"17";"07";"2021";"11:06";"1";"32";"32013";"2";"1";"1";"6";"ANCIEN FOIRAIL (PLACE)";"43,6493100000";"0,5830000000"
"202100028475";"17";"07";"2021";"08:20";"1";"31";"31555";"2";"1";"1";"2";"MINIMES (AV DES) DU 1AU 178";"43,6163500000";"1,4371700000"
"202100028476";"18";"07";"2021";"00:50";"5";"18";"18279";"2";"2";"1";"3";"GOURDON (RUE)";"47,2200000000";"2,0600000000"
"202100028477";"17";"07";"2021";"10:50";"1";"14";"14242";"2";"9";"1";"4";"D7";"49,2161700000";" -0,3653900000"
"202100028478";"17";"07";"2021";"14:40";"1";"13";"13056";"2";"2";"1";"3";"OLIVE AVENUE JULIEN";"43,4220000000";"5,0510000000"
"202100028479";"17";"07";"2021";"21:00";"1";"13";"13209";"2";"1";"1";"3";"MICHELET (BOULEVARD)";"43,2612587135";"5,3976859848"
"202100028480";"17";"07";"2021";"19:30";"1";"13";"13213";"2";"1";"1";"1";"CROIX ROUGE (AVENUE)";"43,3317400000";"5,4339800000"
"202100028481";"17";"07";"2021";"09:05";"1";"13";"13028";"2";"1";"1";"3";"FONTSAINTE (AVENUE DE)";"43,1903456125";"5,6373652288"
"202100028482";"17";"07";"2021";"04:30";"3";"13";"13004";"1";"1";"9";"7";"RTE N570 AVIGNON STES MARIES";"43,7188300000";"4,6464200000"
"202100028483";"17";"07";"2021";"06:30";"2";"11";"11069";"2";"1";"1";"7";"PERRIN JEAN BAPTISTE";"43,2233900000";"2,3413500000"
"202100028484";"17";"07";"2021";"08:15";"1";"09";"09122";"1";"1";"1";"1";"20 (R.N.) COTE SUD DU TUNNEL";"42,9558490000";"1,6237800000"
"202100028485";"16";"07";"2021";"17:45";"1";"09";"09122";"2";"1";"1";"6";"VILLOTE (PARKING DE)";"42,9636040000";"1,6055300000"
"202100028486";"17";"07";"2021";"09:45";"1";"06";"06069";"2";"1";"1";"6";"GRAND CHENE (CHEMIN DU)";"43,6379200000";"6,9313080000"