"Num_Acc";"jour";"mois";"an";"hrmn";"lum";"dep";"com";"agg";"int";"atm";"col";"adr";"lat";"long"
"202100028487";"17";"07";"2021";"13:25";"1";"06";"06027";"2";"1";"1";"3";"VAL FLEURI CHEMIN DU";"43,6663990000";"7,1691300000"
"202100028488";"17";"07";"2021";"01:15";"5";"06";"06027";"2";"1";"8";"6";"GAUDE AVENUE DE LA";"43,6671400000";"7,1526500000"
"202100028489";"17";"07";"2021";"10:20";"1";"06";"06155";"2";"3";"1";"1";"LIBERTE AV.DE LA";"43,5722490000";"7,0842880000"
"202100028490";"17";"07";"2021";"07:30";"1";"06";"06004";"2";"3";"1";"3";"SABLES CH.ET ALLEE";"43,5684800000";"7,1176400000"
"202100028491";"16";"07";"2021";"17:45";"1";"04";"04112";"2";"3";"1";"1";"Hopital de Manosque";"43,8295481323";"5,8049259749"
"202100028492";"17";"07";"2021";"20:15";"1";"75";"75112";"2";"4";"1";"3";"ECHANGEUR BERCY";"48,8267870000";"2,3907620000"
"202100028493";"16";"07";"2021";"15:10";"1";"75";"75116";"2";"4";"1";"5";"PORTE MAILLOT";"48,8769420000";"2,2795200000"
"202100028494";"17";"07";"2021";"13:35";"1";"75";"75118";"2";"1";"1";"7";"RUE D AUBERVILLIERS";"48,8961470000";"2,3708770000"
"202100028495";"17";"07";"2021";"12:55";"1";"75";"75118";"2";"3";"1";"3";"RUE MARX DORMOY";"48,8890600000";"2,3599190000"
"202100028496";"17";"07";"2021";"02:55";"5";"75";"75118";"2";"5";"1";"2";"RUE CAULAINCOURT";"48,8846890000";"2,3295660000"
"202100028497";"16";"07";"2021";"23:30";"5";"75";"75116";"2";"2";"1";"3";"AVENUE EDOUARD VAILLANT";"48,8365380000";"2,2559820000"
"202100028498";"16";"07";"2021";"02:20";"5";"75";"75116";"2";"1";"1";"5";"ALLEE DE LONGCHAMP";"48,8719320000";"2,2627470000"
"202100028499";"17";"07";"2021";"21:10";"1";"75";"75114";"2";"4";"1";"3";"AVENUE DU MAINE";"48,8323820000";"2,3250310000"
"202100028500";"17";"07";"2021";"10:53";"1";"75";"75109";"2";"1";"1";"3";"RUE BALLU";"48,8820710000";"2,3293830000"
"202100028501";"17";"07";"2021";"15:55";"1";"75";"75108";"2";"7";"1";"3";"PLACE DE LA CONCORDE";"48,8658570000";"2,3199330000"
"202100028502";"17";"07";"2021";"16:45";"1";"75";"75101";"2";"3";"1";"6";"RUE DE L AMIRAL DE COLIGNY";"48,8590330000";"2,3398760000"
"202100028503";"17";"07";"2021";"00:55";"5";"94";"94046";"2";"1";"1";"6";"Rue Jean JaurÃ¨s";"48,7891300000";"2,4355000000"
"202100028504";"17";"07";"2021";"15:15";"1";"94";"94003";"2";"1";"1";"2";"LAPLACE (AV)";"48,8074600000";"2,3348000000"
"202100028505";"17";"07";"2021";"23:00";"5";"94";"94033";"2";"1";"1";"3";"Boulevard de Verdun";"48,8534800000";"2,4699900000"
"202100028506";"17";"07";"2021";"18:40";"1";"93";"93072";"2";"1";"1";"6";"JULES GUESDE (AVENUE) COTE DU NÂ°2 AU NÂ°1";"48,9647654409";"2,3892259598"
"202100028507";"17";"07";"2021";"07:30";"1";"93";"93005";"2";"1";"1";"1";"Avenue Raoul Dufy";"48,9596640000";"2,5027260000"
"202100028508";"16";"07";"2021";"22:00";"5";"93";"93031";"2";"2";"1";"3";"Avenue Joffre / Avenue GalliÃ©ni";"48,9617400000";"2,2951800000"
"202100028509";"17";"07";"2021";"00:35";"5";"93";"93008";"2";"2";"1";"3";"Avenue Louis Aragon / Rue Paul Belwo";"48,9148300000";"2,4410000000"
"202100028510";"17";"07";"2021";"12:45";"1";"92";"92046";"2";"2";"1";"3";"PIERRE BROSSOLETTE (AVENUE)";"48,8129365005";"2,3016504943"
"202100028511";"17";"07";"2021";"19:00";"1";"92";"92022";"2";"1";"1";"7";"SABLEE (ROUTE)";"48,7999547738";"2,2005003691"
"202100028512";"17";"07";"2021";"08:22";"1";"92";"92020";"2";"1";"1";"7";"PARIS AVENUE DE NÂ° IMPAIRS";"48,8074700000";"2,2944000000"
"202100028513";"17";"07";"2021";"20:05";"1";"92";"92012";"2";"2";"1";"3";"DANJOU (RUE) 17/FIN - 20/FIN";"48,8321900000";"2,2487900000"
"202100028514";"18";"07";"2021";"14:30";"1";"87";"87157";"1";"1";"1";"1";"Rd 5";"45,9481060000";"1,5101050000"
"202100028515";"16";"07";"2021";"16:00";"1";"01";"01279";"1";"1";"1";"3";"D1504";"45,9459350000";"5,4794470000"
"202100028516";"18";"07";"2021";"15:18";"1";"28";"28398";"1";"1";"1";"6";"Autroute A11 PK 100+400";"48,2385520000";"1,0632280000"
"202100028517";"18";"07";"2021";"06:00";"1";"27";"27391";"2";"3";"1";"7";"Rue d Ezy";"48,8287280000";"1,3477940000"
"202100028518";"18";"07";"2021";"15:55";"1";"71";"71202";"1";"1";"1";"7";"Autoroute A6 sens LYON/PARIS PK 323+060";"46,8595070000";"4,8236220000"
"202100028519";"18";"07";"2021";"12:20";"1";"83";"83019";"1";"1";"1";"7";"Route de Cabasson";"43,1201100000";"6,3246060000"
"202100028520";"17";"07";"2021";"23:10";"3";"34";"34123";"1";"1";"1";"6";"N109";"43,6261120000";"3,7848330000"
"202100028521";"17";"07";"2021";"20:15";"1";"22";"22337";"1";"1";"1";"7";"La Croix Charles Alain";"48,3606370000";" -2,2995950000"
"202100028522";"18";"07";"2021";"11:20";"1";"62";"62870";"1";"1";"1";"3";"D303";"50,4151630000";"1,6915300000"
"202100028523";"18";"07";"2021";"16:10";"1";"56";"56089";"1";"1";"1";"6";"Ty NÃ©vÃ© Baymant";"47,9827620000";" -3,3071960000"
"202100028524";"18";"07";"2021";"12:00";"1";"74";"74241";"1";"1";"1";"3";"Rte de Marignier";"46,1351960000";"6,4785540000"
"202100028525";"18";"07";"2021";"17:55";"1";"67";"67281";"1";"1";"1";"7";"D468";"48,1367740000";"7,5439810000"
"202100028526";"17";"07";"2021";"17:26";"1";"2A";"2A092";"1";"1";"1";"3";"RT10";"41,7275430000";"9,4019430000"
"202100028527";"18";"07";"2021";"16:30";"1";"65";"65025";"1";"1";"1";"1";"D918";"42,9991310000";" -0,1114460000"
"202100028528";"18";"07";"2021";"15:35";"1";"69";"69214";"1";"1";"1";"3";"D 504";"46,0045340000";"4,3574360000"
"202100028529";"18";"07";"2021";"12:00";"1";"71";"71310";"2";"2";"1";"7";"Rue du Bois Bretoux";"46,7375220000";"4,4775890000"
"202100028530";"17";"07";"2021";"18:50";"1";"63";"63319";"1";"1";"1";"7";"D252a";"45,5443363997";"3,8869443487"
"202100028531";"18";"07";"2021";"17:30";"1";"61";"61300";"1";"1";"1";"7";"La Louvetterie";"48,4685820000";"0,8270000000"
"202100028532";"18";"07";"2021";"08:25";"1";"61";"61207";"2";"1";"7";"3";"La Maladrerie";"48,3202470000";"0,5143610000"
"202100028533";"17";"07";"2021";"17:00";"1";"34";"34079";"2";"3";"1";"3";"Cours de la Chicane";"43,6257510000";"3,4373370000"
"202100028534";"17";"07";"2021";"16:10";"1";"34";"34293";"2";"1";"1";"1";"Chemin du Redoundel";"43,6048910000";"2,7016630000"
"202100028535";"17";"07";"2021";"23:10";"3";"39";"39189";"1";"1";"1";"7";"N/A";"47,0762740000";"5,4013040000"
"202100028536";"10";"07";"2021";"14:20";"1";"35";"35161";"2";"1";"1";"1";"Rue Madame de SÃ©vignÃ©";"48,0485920000";" -1,3306340000"
"202100028537";"18";"07";"2021";"09:40";"1";"35";"35227";"1";"6";"1";"2";"giratoire D68";"48,1759740000";" -1,9259330000"
"202100028538";"17";"07";"2021";"16:20";"1";"31";"31246";"1";"1";"1";"6";"D817";"43,1122280000";"0,8533570000"
"202100028539";"18";"07";"2021";"12:10";"1";"84";"84017";"1";"1";"1";"1";"le jas de perrache";"44,1201950000";"5,2333660000"
"202100028540";"17";"07";"2021";"14:15";"1";"03";"03178";"1";"1";"1";"3";"le tonkin RD 15";"46,2530350000";"3,8034150000"
"202100028541";"18";"07";"2021";"06:00";"3";"15";"15038";"1";"1";"1";"6";"RD 679";"45,3653830000";"2,5883530000"
"202100028542";"18";"07";"2021";"06:30";"2";"01";"01113";"1";"1";"1";"6";"La BuissonniÃ¨re";"46,1577820000";"5,0921040000"
"202100028543";"17";"07";"2021";"13:20";"1";"26";"26292";"1";"1";"1";"1";"166 Montee de Pequin";"44,2871790000";"5,4164310000"
"202100028544";"17";"07";"2021";"19:00";"1";"26";"26357";"2";"1";"1";"3";"15 Place du Cours";"44,2859120000";"4,9295890000"
"202100028545";"7";"07";"2021";"17:30";"1";"26";"26073";"1";"1";"1";"1";"Route de Valaurie";"44,4070940000";"4,8279060000"
"202100028546";"18";"07";"2021";"16:15";"1";"72";"72248";"2";"1";"1";"1";"Rue du Pont de l Arche";"47,8379900000";"0,4330900000"
"202100028547";"17";"07";"2021";"11:20";"1";"14";"14726";"1";"1";"1";"6";"D512";"48,8540000000";" -0,6541370000"
"202100028548";"15";"07";"2021";"17:30";"1";"64";"64547";"1";"1";"1";"1";"Chemin Oihan Bidea";"43,3912030000";" -1,4917590000"
"202100028549";"18";"07";"2021";"01:10";"5";"64";"64519";"2";"1";"1";"7";"Chemin des Lanots";"43,3730090000";" -0,3602990000"
"202100028550";"18";"07";"2021";"17:15";"1";"21";"21412";"1";"3";"1";"3";"D974";"46,9539530000";"4,7660490000"
"202100028551";"17";"07";"2021";"15:40";"1";"24";"24064";"2";"1";"1";"6";"8 Avenue de Perigueux";"45,3576640000";"0,6519860000"
"202100028552";"17";"07";"2021";"14:00";"1";"85";"85101";"1";"2";"1";"1";"La Joyeuse";"46,4919480000";" -1,4125550000"
"202100028553";"17";"07";"2021";"06:15";"2";"27";"27467";"2";"1";"1";"6";"Rue de l Etang";"49,3530950000";"0,4927590000"
"202100028554";"18";"07";"2021";"20:06";"1";"27";"27313";"2";"2";"1";"3";"Route de Fouqueville";"49,2301110000";"0,9933420000"
"202100028555";"18";"07";"2021";"17:00";"1";"28";"28322";"1";"1";"7";"6";"Route Departementale 941";"48,7079430000";"0,9225910000"
"202100028556";"17";"07";"2021";"17:30";"1";"38";"38450";"1";"1";"1";"2";"A49";"45,2947920000";"5,5547740000"
"202100028557";"12";"07";"2021";"18:20";"1";"67";"67471";"2";"2";"1";"3";"6 Rue des Vosges";"48,6323130000";"7,7485160000"
"202100028558";"18";"07";"2021";"03:50";"3";"67";"67152";"1";"6";"1";"6";"D401";"48,5224710000";"7,6664350000"
"202100028559";"6";"07";"2021";"15:30";"1";"06";"06085";"2";"3";"1";"7";"Avenue de la Plaine";"43,6110560000";"6,9764390000"
"202100028560";"17";"07";"2021";"19:30";"1";"31";"31145";"1";"1";"1";"3";"D820 - PK66+900";"43,2889990000";"1,5372280000"
"202100028561";"18";"07";"2021";"01:05";"3";"02";"02655";"1";"1";"1";"2";"A4";"49,1341950000";"3,6092880000"
"202100028562";"18";"07";"2021";"10:30";"1";"988";"98832";"1";"1";"1";"7";"RPS3";" -22,1671800000";"166,7920900000"
"202100028563";"17";"07";"2021";"17:10";"1";"77";"77148";"1";"1";"1";"3";"D102";"49,0681300000";"3,0756570000"
"202100028564";"18";"07";"2021";"00:16";"3";"30";"30042";"2";"6";"1";"6";"Place Emile Chambon";"44,0495690000";"4,0205670000"
"202100028565";"17";"07";"2021";"16:40";"1";"05";"05089";"1";"1";"1";"3";"RD 1075";"44,3870210000";"5,7435860000"
"202100028566";"16";"07";"2021";"20:10";"1";"13";"13022";"2";"1";"1";"7";"6 Avenue de Provence";"43,2154470000";"5,5449570000"
"202100028567";"18";"07";"2021";"02:45";"3";"26";"26072";"1";"1";"1";"2";"Autoroute du Soleil";"45,1265560000";"4,8963080000"
"202100028568";"18";"07";"2021";"17:00";"1";"88";"88322";"1";"1";"1";"7";"D30";"48,1562180000";"6,6643450000"
"202100028569";"17";"07";"2021";"19:01";"1";"74";"74211";"1";"1";"1";"1";"Rte de Reignier";"46,1144490000";"6,2610910000"
"202100028570";"18";"07";"2021";"16:15";"1";"73";"73114";"1";"1";"1";"1";"D909";"45,8529590000";"6,5002690000"
"202100028571";"18";"07";"2021";"15:45";"1";"38";"38548";"1";"1";"1";"1";"Route de Bois Barbu";"45,0684710000";"5,5350490000"
"202100028572";"17";"07";"2021";"18:10";"1";"38";"38545";"2";"1";"1";"1";"Avenue de la Gare";"45,0469280000";"5,6882040000"
"202100028573";"17";"07";"2021";"20:00";"1";"09";"09014";"1";"1";"1";"6";"Route de Luchon";"42,9265930000";"1,0006090000"
"202100028574";"17";"07";"2021";"02:15";"3";"31";"31568";"1";"1";"1";"1";"D2";"43,4744995403";"1,6923558712"
"202100028575";"17";"07";"2021";"20:00";"2";"40";"40202";"2";"3";"1";"3";"Route de Sort";"43,6919950000";" -0,9987310000"
"202100028576";"17";"07";"2021";"19:10";"1";"33";"33366";"2";"9";"1";"3";"Avenue Jules Ferry";"45,0012620000";" -0,4299450000"
"202100028577";"18";"07";"2021";"00:00";"5";"33";"33551";"1";"1";"1";"6";"11 Lieu Dit Bidou";"45,0785970000";" -0,6204860000"
"202100028578";"17";"07";"2021";"21:05";"2";"50";"50099";"1";"2";"7";"1";"D913";"49,3362390000";" -1,2629660000"
"202100028579";"17";"07";"2021";"17:00";"1";"14";"14068";"1";"2";"1";"2";"D141";"49,2439360000";" -0,3304940000"
"202100028580";"16";"07";"2021";"14:45";"1";"35";"35047";"2";"4";"7";"2";"Avenue Alphonse Legault";"48,0258260000";" -1,7334580000"
"202100028581";"17";"07";"2021";"18:30";"1";"27";"27439";"2";"3";"1";"1";"D155";"49,0668580000";"1,1727420000"
"202100028582";"18";"07";"2021";"12:45";"1";"27";"27165";"2";"1";"1";"2";"Route de Breteuil";"48,9438750000";"0,9454300000"
"202100028583";"18";"07";"2021";"06:22";"1";"60";"60346";"2";"1";"1";"6";"Avenue de Royaumont";"49,1615440000";"2,3873590000"
"202100028584";"18";"07";"2021";"19:15";"1";"60";"60575";"1";"1";"7";"7";"D55";"49,2878155725";"2,2233506178"
"202100028585";"16";"07";"2021";"09:00";"1";"59";"59634";"1";"9";"1";"3";"Route du Bourbourg";"50,7237720000";"2,4717330000"
"202100028586";"16";"07";"2021";"02:07";"3";"13";"13005";"1";"1";"1";"3";"A50-Sens Marseille vers Aubagne";"43,2744210000";"5,5886760000"
"202100028587";"16";"07";"2021";"17:35";"1";"33";"33162";"1";"1";"1";"4";"ROCADE A 630";"44,8711210000";" -0,6422920000"
"202100028588";"17";"07";"2021";"00:30";"3";"91";"91553";"1";"1";"1";"2";"RN 104";"48,6292210000";"2,4827970000"
"202100028589";"17";"07";"2021";"00:00";"4";"92";"92072";"1";"1";"1";"6";"N118";"48,8249975760";"2,2209931165"
"202100028590";"17";"07";"2021";"13:10";"1";"93";"93010";"1";"1";"1";"2";"AUTOROUTE A3";"48,9164200000";"2,4777500000"
"202100028591";"17";"07";"2021";"09:10";"1";"93";"93005";"1";"1";"1";"2";"AUTOROUTE A3";"48,9680400000";"2,4778300000"
"202100028592";"17";"07";"2021";"06:35";"2";"93";"93010";"1";"1";"1";"6";"AUTOROUTE A3";"48,8920300000";"2,4732000000"
"202100028593";"16";"07";"2021";"18:30";"1";"95";"95488";"1";"1";"1";"3";"A15";"49,0134300000";"2,1482200000"
"202100028594";"15";"07";"2021";"22:40";"3";"93";"93027";"2";"1";"1";"3";"AUTOROUTE A86";"48,9241000000";"2,3870000000"
"202100028595";"17";"07";"2021";"20:50";"1";"93";"93051";"1";"1";"1";"2";"A4";"48,8355814772";"2,5679362605"
"202100028596";"17";"07";"2021";"17:00";"1";"77";"77373";"1";"1";"1";"2";"RN104";"48,7869240079";"2,6174129882"
"202100028597";"17";"07";"2021";"10:30";"1";"94";"94042";"1";"1";"1";"6";"A4";"48,8275727947";"2,4704969547"
"202100028598";"16";"07";"2021";"04:20";"3";"75";"75112";"1";"1";"2";"3";"A4";"48,8215162124";"2,4620640278"
"202100028599";"16";"07";"2021";"12:50";"1";"64";"64237";"1";"1";"1";"6";"D 802";"43,2790150000";" -0,3757590000"
"202100028600";"16";"07";"2021";"05:55";"2";"976";"97611";"2";"1";"1";"3";"m'tsapere-Nationale 2 (route)";" -12,7874800000";"45,2253700000"
"202100028601";"16";"07";"2021";"10:15";"1";"974";"97411";"2";"2";"2";"3";"BOIS DE NEFLES (ROUTE DE)";" -20,8939000000";"55,4784100000"
"202100028602";"16";"07";"2021";"07:45";"1";"974";"97411";"2";"1";"1";"3";"CHAUDRON  (BLD 1 DU)";" -20,8973700000";"55,4963400000"
"202100028603";"16";"07";"2021";"16:50";"1";"973";"97302";"2";"9";"1";"3";"MADELEINE (ROUTE DE LA)";"4,9134611819";" -52,3206982613"
"202100028604";"16";"07";"2021";"16:40";"1";"69";"69259";"2";"2";"1";"3";"YVES FARGE (BD)";"45,6889339077";"4,8618149757"
"202100028605";"16";"07";"2021";"17:05";"1";"972";"97209";"1";"1";"1";"2";"AUTOROUTE (A1)";"14,6182700000";" -61,0385600000"
"202100028606";"16";"07";"2021";"13:55";"1";"972";"97209";"1";"1";"1";"2";"AUTOROUTE (A1)";"14,6146600000";" -61,0482200000"
"202100028607";"15";"07";"2021";"06:35";"1";"972";"97209";"1";"1";"1";"4";"AUTOROUTE (A1)";"14,6143154849";" -61,0504245758"
"202100028608";"16";"07";"2021";"16:45";"1";"69";"69381";"2";"2";"1";"6";"REPUBLIQUE (DE LA) (R)";"45,7653129078";"4,8359095305"
"202100028609";"16";"07";"2021";"05:10";"5";"69";"69381";"2";"3";"2";"3";"JEAN MOULIN (Q)";"45,7662269065";"4,8380747437"
"202100028610";"15";"07";"2021";"16:00";"1";"69";"69381";"2";"1";"2";"6";"SAINTE-CATHERINE (R)";"45,7681500000";"4,8328100000"
"202100028611";"12";"07";"2021";"20:50";"1";"95";"95323";"2";"6";"2";"3";"ECANCOURT (BOULEVARD D')";"49,0104800098";"2,0439890913"
"202100028612";"15";"07";"2021";"13:30";"1";"91";"91689";"2";"1";"1";"3";"BD ARAGO";"48,7318500000";"2,3181400000"
"202100028613";"13";"07";"2021";"15:30";"1";"89";"89024";"2";"1";"1";"6";"PONT (RUE DU)";"47,7946600000";"3,5767600000"
"202100028614";"16";"07";"2021";"03:40";"5";"87";"87085";"2";"1";"1";"6";"JUIN (RUE DU MARECHAL)";"45,8318300000";"1,2223400000"
"202100028615";"15";"07";"2021";"17:45";"1";"80";"80021";"2";"6";"7";"2";"LEON DUPONTREUE (RUE)";"49,9068600000";"2,3180300000"
"202100028616";"14";"07";"2021";"19:45";"1";"80";"80021";"2";"1";"1";"3";"CAGNARD (RUE)";"49,9035500000";"2,2872000000"
"202100028617";"13";"07";"2021";"15:08";"1";"80";"80021";"2";"3";"2";"3";"JEAN MARC LAURENT (RUE)";"49,8708200000";"2,3108600000"
"202100028618";"16";"07";"2021";"17:00";"1";"77";"77296";"1";"3";"1";"3";"AV PAUL DELOUVRIER";"48,6209100000";"2,5818700000"
"202100028619";"14";"07";"2021";"00:40";"5";"74";"74008";"2";"3";"8";"6";"GENEVE (RUE DE)";"46,1927800000";"6,2243700000"
"202100028620";"16";"07";"2021";"11:35";"1";"72";"72181";"2";"9";"1";"2";"CLEMENCEAU GEORGES ( BD) NÂ° IMP";"47,9793000000";"0,2150000000"
"202100028621";"16";"07";"2021";"12:49";"1";"66";"66136";"2";"1";"1";"2";"WILSON (BOULEVARD THOMAS)";"42,7019800000";"2,8993400000"
"202100028622";"16";"07";"2021";"21:40";"1";"64";"64445";"2";"3";"1";"7";"EUROPE DE L'";"43,3233500000";" -0,3154000000"
"202100028623";"16";"07";"2021";"16:25";"1";"64";"64132";"1";"1";"1";"3";"IDRON D'";"43,2910500000";" -0,3316500000"
"202100028624";"17";"07";"2021";"01:15";"3";"64";"64125";"2";"1";"1";"6";"Chemin Sempau";"43,4478000000";" -1,5584100000"
"202100028625";"16";"07";"2021";"13:30";"1";"64";"64102";"2";"6";"1";"3";"ROND POINT DU GRAND BASQUE";"43,4912300000";" -1,4533900000"
"202100028626";"16";"07";"2021";"11:25";"1";"64";"64024";"2";"6";"1";"3";"BOIS BELIN (RUE DU)";"43,4932000000";" -1,5278500000"
"202100028627";"15";"07";"2021";"23:30";"5";"64";"64102";"2";"1";"1";"2";"AQUITAINE (AVENUE DE L')";"43,4869100000";" -1,4691300000"
"202100028628";"15";"07";"2021";"15:08";"1";"63";"63063";"2";"2";"1";"4";"JEAN MOULIN (BD)/8mai";"45,8301573235";"3,1054269322"
"202100028629";"16";"07";"2021";"14:15";"1";"59";"59508";"2";"1";"1";"3";"LILLE (RUE DE)MENIN A 8 MAI 1945";"50,7552930000";"3,1207210000"
"202100028630";"16";"07";"2021";"15:10";"1";"59";"59350";"2";"1";"1";"1";"SALENGRO ROGER RUE";"50,6256400000";"3,1150700000"
"202100028631";"13";"07";"2021";"10:07";"1";"57";"57672";"2";"1";"2";"6";"GENERAL DE CASTELNAU (RUE DU)";"49,3521800000";"6,1603300000"
"202100028632";"15";"07";"2021";"10:55";"1";"56";"56083";"2";"3";"1";"3";"LIBERATION ( AV. DE LA )";"47,8032500000";" -3,2667700000"
"202100028633";"14";"07";"2021";"07:45";"1";"56";"56121";"2";"1";"1";"6";"BLUM ( BD LEON )";"47,7478500000";" -3,3750800000"
"202100028634";"16";"07";"2021";"07:55";"1";"54";"54395";"2";"3";"1";"2";"LIBERATION (AVENUE DE LA)";"48,6972700000";"6,1562400000"
"202100028635";"16";"07";"2021";"14:15";"1";"51";"51573";"2";"1";"8";"6";"Avenue du 29 AoÃ»t 1944";"49,2488700000";"3,9934700000"
"202100028636";"15";"07";"2021";"07:30";"2";"50";"50147";"2";"6";"1";"3";"DIVISION LECLERC";"49,0670400000";" -1,4311600000"
"202100028637";"16";"07";"2021";"09:50";"1";"50";"50129";"2";"1";"1";"2";"Quai Lawton COLLINS";"49,6407000000";" -1,6181000000"
"202100028638";"13";"07";"2021";"20:05";"1";"49";"49328";"2";"1";"1";"7";"GAMBETTA (RUE)";"47,2597451305";" -0,0821989775"
"202100028639";"16";"07";"2021";"20:54";"1";"49";"49007";"2";"1";"1";"6";"MONTAIGNE AVENUE";"47,4661200000";" -0,5212200000"
"202100028640";"16";"07";"2021";"07:44";"1";"49";"49007";"2";"6";"1";"3";"CAMUS BOULEVARD";"47,4834866767";" -0,5756945908"
"202100028641";"15";"07";"2021";"15:45";"1";"49";"49007";"2";"1";"1";"6";"N/A";"47,4440400000";" -0,5347900000"
"202100028642";"15";"07";"2021";"17:53";"1";"47";"47001";"2";"2";"1";"3";"CUVIER (AV. GEORGES)";"44,1954800000";"0,6320700000"
"202100028643";"15";"07";"2021";"10:35";"1";"44";"44184";"2";"2";"1";"3";"MAINE (RUE DU) DU 33 AU 103 - DU 36 AU 1";"47,2807000000";" -2,2100800000"
"202100028644";"15";"07";"2021";"17:10";"1";"37";"37261";"2";"1";"1";"6";"BEDAUX (AVENUE CHARLES)";"47,3773351230";"0,6695544720"
"202100028645";"15";"07";"2021";"16:55";"1";"37";"37122";"2";"1";"1";"6";"ARAGO (RUE FRANCOIS)";"47,3451903772";"0,6614689529"
"202100028646";"16";"07";"2021";"12:25";"1";"35";"35238";"2";"2";"1";"3";"FOUGERES (RUE DE)";"48,1318700000";" -1,6354200000"
"202100028647";"15";"07";"2021";"06:57";"1";"34";"34032";"1";"1";"1";"5";"ROUTE DE CORNEILHAN (RD.154)";"43,3759000000";"3,2055900000"
"202100028648";"17";"07";"2021";"01:40";"5";"33";"33063";"2";"3";"1";"1";"Rue Sainte-Catherine";"44,8402350000";" -0,5742180000"
"202100028649";"16";"07";"2021";"16:40";"1";"33";"33063";"2";"1";"1";"2";"Rue de Bethmann";"44,8227200000";" -0,6032400000"
"202100028650";"17";"07";"2021";"00:00";"5";"31";"31555";"2";"9";"1";"1";"STRASBOURG (BD DE) DU 2AU 66";"43,6091000000";"1,4454500000"
"202100028651";"16";"07";"2021";"15:15";"1";"31";"31149";"2";"1";"1";"3";"GILET (RUE)";"43,6101278678";"1,3394558972"
"202100028652";"16";"07";"2021";"04:30";"5";"31";"31555";"2";"1";"1";"6";"RUE DES MOUETTES";"43,5765800000";"1,4401900000"
"202100028653";"13";"07";"2021";"22:55";"5";"30";"30189";"2";"1";"1";"3";"LECLERC GENERAL (AVENUE)";"43,8293000000";"4,3714000000"
"202100028654";"13";"07";"2021";"07:30";"1";"30";"30189";"2";"3";"1";"6";"POMPIDOU GEORGES (AVENUE)";"43,8377000000";"4,3450000000"
"202100028655";"5";"07";"2021";"19:05";"1";"30";"30189";"2";"1";"1";"6";"LAURIERS  (RUE)";"43,8164100000";"4,3493000000"
"202100028656";"16";"07";"2021";"23:15";"5";"30";"30007";"2";"1";"1";"6";"STALINGRAD (AVENUE DE)";"44,1249100000";"4,0880300000"
"202100028657";"13";"07";"2021";"17:45";"1";"30";"30007";"2";"1";"1";"1";"ROCHEBELLE (PONT DE)";"44,1241000000";"4,0717000000"
"202100028658";"16";"07";"2021";"19:05";"1";"27";"27229";"2";"1";"1";"6";"PAUL (RUE MARCEL)";"49,0287370000";"1,1633480000"
"202100028659";"12";"07";"2021";"10:30";"1";"26";"26198";"2";"6";"1";"2";"36 Boulevard de lâEurope";"44,5457600000";"4,7555500000"
"202100028660";"17";"07";"2021";"01:10";"3";"25";"25056";"1";"1";"1";"6";"RN 1057 (CH. EPITAPHE-CH. MONTBOUCONS)";"47,2618600000";"6,0053200000"
"202100028661";"16";"07";"2021";"23:40";"5";"25";"25056";"2";"1";"8";"7";"DOLE RUE DE (entre 82 et 185)";"47,2297000000";"5,9914000000"
"202100028662";"7";"07";"2021";"20:50";"1";"22";"22187";"2";"1";"2";"2";"RN12";"48,5270531372";" -2,7528991615"
"202100028663";"16";"07";"2021";"11:15";"1";"14";"14437";"1";"1";"1";"6";"N814";"49,1636200000";" -0,3057900000"
"202100028664";"16";"07";"2021";"23:15";"5";"13";"13210";"2";"1";"1";"7";"MIREILLE LAUZE (BOULEVARD)";"43,2853501217";"5,4251148564"
"202100028665";"16";"07";"2021";"18:00";"1";"13";"13209";"2";"9";"1";"3";"AVIATEUR LE BRIX (RUE)";"43,2606348339";"5,4032087829"
"202100028666";"15";"07";"2021";"18:35";"1";"13";"13206";"2";"1";"1";"3";"LIEUTAUD (COURS)";"43,2927000000";"5,3826900000"
"202100028667";"15";"07";"2021";"11:25";"1";"13";"13206";"2";"1";"1";"2";"EDMOND ROSTAND (RUE)";"43,2824700000";"5,3827500000"
"202100028668";"16";"07";"2021";"23:48";"3";"11";"11069";"1";"1";"1";"6";"D 18";"43,1932700000";"2,3035600000"
"202100028669";"16";"07";"2021";"14:56";"1";"11";"11069";"1";"1";"1";"3";"ROCADE NORD - RD 6113";"43,2271000000";"2,3324300000"
"202100028670";"16";"07";"2021";"22:45";"5";"10";"10387";"2";"6";"1";"7";"GENERAL PATTON (NATIONALE)";"48,2948900000";"4,0677100000"
"202100028671";"16";"07";"2021";"12:50";"1";"06";"06069";"2";"1";"1";"7";"HAUTES RIBES (CHEMIN DES)";"43,6659300000";"6,8948300000"
"202100028672";"16";"07";"2021";"00:50";"5";"06";"06155";"2";"9";"1";"7";"LIBERTE AV.DE LA";"43,5686280000";"7,0740260000"
"202100028673";"16";"07";"2021";"14:40";"1";"04";"04070";"1";"1";"1";"7";"RN 85";"44,0476211860";"6,2028919436"
"202100028674";"16";"07";"2021";"14:15";"1";"75";"75114";"2";"4";"1";"5";"PORTE D ORLEANS";"48,8209270000";"2,3218280000"
"202100028675";"16";"07";"2021";"07:45";"1";"75";"75116";"2";"1";"1";"7";"PORTE DE SAINT CLOUD";"48,8371870000";"2,2554840000"