"Num_Acc";"jour";"mois";"an";"hrmn";"lum";"dep";"com";"agg";"int";"atm";"col";"adr";"lat";"long"
"202100028676";"14";"07";"2021";"23:30";"5";"75";"75120";"2";"1";"8";"6";"BOULEVARD MORTIER";"48,8721630000";"2,4087500000"
"202100028677";"16";"07";"2021";"14:50";"1";"75";"75106";"2";"1";"1";"3";"RUE DE RENNES";"48,8452460000";"2,3252120000"
"202100028678";"16";"07";"2021";"10:25";"1";"75";"75106";"2";"7";"1";"6";"PLACE SAINT SULPICE";"48,8512730000";"2,3329510000"
"202100028679";"16";"07";"2021";"12:00";"1";"75";"75118";"2";"2";"1";"7";"RUE ORDENER";"48,8915590000";"2,3496220000"
"202100028680";"16";"07";"2021";"15:00";"1";"75";"75117";"2";"2";"1";"6";"BOULEVARD PEREIRE";"48,8808490000";"2,2899540000"
"202100028681";"16";"07";"2021";"13:50";"1";"75";"75117";"2";"2";"1";"3";"AVENUE NIEL";"48,8829270000";"2,2963830000"
"202100028682";"16";"07";"2021";"10:00";"1";"75";"75116";"2";"2";"8";"6";"AVENUE FOCH";"48,8735860000";"2,2927950000"
"202100028683";"16";"07";"2021";"19:55";"1";"75";"75115";"2";"2";"1";"5";"RUE CAMBRONNE";"48,8426200000";"2,3027050000"
"202100028684";"15";"07";"2021";"05:15";"5";"75";"75115";"2";"7";"1";"3";"PLACE CHARLES MICHELS";"48,8468000000";"2,2857130000"
"202100028685";"16";"07";"2021";"15:20";"1";"75";"75114";"2";"3";"1";"6";"RUE RAYMOND LOSSERAND";"48,8368260000";"2,3231990000"
"202100028686";"16";"07";"2021";"17:20";"1";"75";"75113";"2";"3";"1";"6";"RUE DES LONGUES RAIES";"48,8212030000";"2,3505520000"
"202100028687";"16";"07";"2021";"14:15";"1";"75";"75112";"2";"1";"1";"1";"BOULEVARD DE LA GUYANE";"48,8356280000";"2,4124730000"
"202100028688";"16";"07";"2021";"13:15";"1";"75";"75112";"2";"1";"1";"2";"VOIE GEORGES POMPIDOU";"48,8459540000";"2,3661900000"
"202100028689";"16";"07";"2021";"12:10";"1";"75";"75111";"2";"2";"1";"2";"BOULEVARD VOLTAIRE";"48,8651890000";"2,3677270000"
"202100028690";"16";"07";"2021";"17:30";"1";"75";"75115";"2";"1";"1";"3";"RUE DESNOUETTES";"48,8356360000";"2,2863810000"
"202100028691";"16";"07";"2021";"18:00";"1";"75";"75108";"2";"4";"1";"2";"AVENUE DES CHAMPS ELYSEES";"48,8660060000";"2,3191690000"
"202100028692";"16";"07";"2021";"10:05";"1";"75";"75107";"2";"1";"8";"3";"QUAI ANATOLE FRANCE";"48,8618040000";"2,3218410000"
"202100028693";"16";"07";"2021";"18:20";"1";"94";"94068";"2";"2";"1";"3";"GENERAL GIRAUD (BD DU)";"48,7886000000";"2,4893100000"
"202100028694";"16";"07";"2021";"12:45";"1";"94";"94068";"2";"2";"8";"3";"Boulevard de CrÃ©teil";"48,7981000000";"2,4870700000"
"202100028695";"16";"07";"2021";"06:35";"2";"94";"94058";"2";"1";"8";"2";"RAYMOND POINCARE (BD)";"48,8497000000";"2,4950100000"
"202100028696";"16";"07";"2021";"16:05";"1";"94";"94041";"2";"2";"1";"1";"DENIS PAPIN (R)";"48,8136500000";"2,3953900000"
"202100028697";"16";"07";"2021";"10:31";"1";"94";"94065";"1";"1";"1";"3";"RN 186";"48,7535100000";"2,3563200000"
"202100028698";"14";"07";"2021";"23:00";"5";"94";"94022";"2";"1";"1";"7";"ALLIES (BD DES)";"48,7657996946";"2,4048117958"
"202100028699";"16";"07";"2021";"10:50";"1";"93";"93073";"1";"1";"1";"3";"Route de Roissy";"48,9832710000";"2,5464910000"
"202100028700";"16";"07";"2021";"15:30";"1";"93";"93070";"2";"1";"1";"3";"MICHELET (AVE) : DU 1 AU 103";"48,9069090000";"2,3441310000"
"202100028701";"16";"07";"2021";"22:55";"5";"93";"93064";"2";"2";"1";"1";"JAURES (AVENUE JEAN)";"48,8641780000";"2,4881920000"
"202100028702";"16";"07";"2021";"20:00";"1";"93";"93064";"2";"1";"1";"1";"LISBONNE (RUE DE)";"48,8799762088";"2,4741339684"
"202100028703";"16";"07";"2021";"16:56";"1";"93";"93055";"2";"1";"1";"3";"JEAN LOLIVE (AVENUE)(75/105.88/106)";"48,8921820000";"2,4079050000"
"202100028704";"15";"07";"2021";"14:20";"1";"93";"93006";"2";"2";"1";"3";"GAMBETTA AV.";"48,8721500000";"2,4187900000"
"202100028705";"16";"07";"2021";"20:00";"1";"93";"93031";"2";"1";"1";"3";"Route de Saint-Leu";"48,9533520000";"2,3362950000"
"202100028706";"16";"07";"2021";"17:35";"1";"93";"93008";"2";"2";"1";"3";"Promenade Jean Rostand / Rue Sigmund Freud";"48,9094500000";"2,4543630000"
"202100028707";"15";"07";"2021";"18:19";"1";"92";"92078";"2";"1";"1";"3";"GALLIENI (BD) (1 A 79 ET 22 A 102)";"48,9262095571";"2,3285490274"
"202100028708";"16";"07";"2021";"17:25";"1";"92";"92062";"2";"9";"1";"6";"KUPKA (RUE FRANCK) TOUR";"48,8910110000";"2,2329490000"
"202100028709";"15";"07";"2021";"07:55";"1";"92";"92049";"2";"1";"1";"2";"BARBES RUE";"48,8171845943";"2,3301690817"
"202100028710";"16";"07";"2021";"21:00";"2";"92";"92040";"2";"3";"1";"3";"EGALITE ( DE L')";"48,8173092244";"2,2612164119"
"202100028711";"16";"07";"2021";"12:45";"1";"92";"92025";"2";"1";"1";"2";"GABRIEL PERI (RUE)";"48,9181860000";"2,2388150000"
"202100028712";"16";"07";"2021";"10:42";"1";"92";"92025";"2";"1";"1";"6";"ESTIENNE D'ORVES (RUE)";"48,9202420764";"2,2468382120"
"202100028713";"16";"07";"2021";"20:10";"1";"92";"92004";"2";"1";"1";"6";"MOURINOUX ( RUE DES )";"48,9305500000";"2,2752900000"
"202100028714";"16";"07";"2021";"16:55";"1";"35";"35317";"1";"1";"1";"3";"D137";"48,2714870000";" -1,7842250000"
"202100028715";"16";"07";"2021";"14:55";"1";"2A";"2A203";"1";"1";"1";"7";"RD 81";"42,2911520000";"8,6789630000"
"202100028716";"10";"07";"2021";"17:00";"1";"17";"17094";"2";"1";"1";"6";"51 Rue Bir Hakeim Foch";"46,0746190000";" -1,0854360000"
"202100028717";"2";"07";"2021";"10:30";"1";"972";"97227";"2";"1";"6";"6";"Quartier Epinay";"14,5086870000";" -60,9253690000"
"202100028718";"16";"07";"2021";"19:10";"1";"38";"38239";"1";"9";"1";"6";"D1085";"45,3341380000";"5,5638240000"
"202100028719";"15";"07";"2021";"06:30";"1";"84";"84099";"2";"1";"1";"6";"D2";"43,8482700000";"5,1109330000"
"202100028720";"16";"07";"2021";"19:30";"1";"85";"85242";"1";"1";"7";"6";"La NarduciÃ¨re";"46,8513870000";" -0,9539220000"
"202100028721";"17";"07";"2021";"05:30";"2";"34";"34259";"1";"1";"1";"6";"A750";"43,6338370000";"3,7565170000"
"202100028722";"17";"07";"2021";"14:25";"1";"2B";"2B009";"1";"1";"1";"3";"D343 - Domaine de Mavella";"42,0843370000";"9,4592500000"
"202100028723";"10";"07";"2021";"18:15";"2";"74";"74267";"2";"1";"2";"6";"Rte d Albertville";"45,8433600000";"6,1512870000"
"202100028724";"17";"07";"2021";"03:00";"3";"78";"78192";"1";"1";"1";"6";"Chemin du Tertre";"48,9189910000";"1,6148880000"
"202100028725";"16";"07";"2021";"18:30";"1";"80";"80184";"1";"1";"1";"7";"Rue de Morcourt";"49,9030310000";"2,6439230000"
"202100028726";"15";"07";"2021";"15:09";"1";"65";"65148";"1";"1";"1";"1";"RD 929";"43,2637100000";"0,5049630000"
"202100028727";"14";"07";"2021";"19:00";"1";"33";"33314";"2";"6";"1";"3";"N/A";"45,1929410000";" -0,7491520000"
"202100028728";"17";"07";"2021";"10:20";"1";"89";"89238";"1";"1";"1";"6";"D39";"47,5901310000";"3,6499930000"
"202100028729";"17";"07";"2021";"18:30";"1";"61";"61181";"2";"3";"1";"7";"Rue Lemercier";"48,7938460000";"0,2972580000"
"202100028730";"16";"07";"2021";"22:30";"4";"49";"49125";"2";"1";"1";"3";"Boulevard Jacques Savary";"47,1873770000";" -0,2728590000"
"202100028731";"16";"07";"2021";"16:50";"1";"49";"49223";"1";"1";"1";"3";"D751";"47,3912320000";" -0,5585650000"
"202100028732";"17";"07";"2021";"10:57";"1";"12";"12247";"1";"1";"1";"1";"D2";"44,4096580000";"3,0232570000"
"202100028733";"10";"07";"2021";"18:30";"1";"47";"47135";"1";"2";"1";"3";"Carrefour D202 D263";"44,3859550000";"0,4450320000"
"202100028734";"16";"07";"2021";"20:00";"1";"68";"68062";"1";"1";"1";"3";"D419";"47,6292190000";"7,2102280000"
"202100028735";"15";"07";"2021";"15:15";"1";"44";"44064";"1";"1";"1";"2";"Le Chaintreau";"47,1057120000";" -1,2822460000"
"202100028736";"16";"07";"2021";"22:40";"5";"31";"31212";"2";"1";"1";"6";"31 Route Departementale 888";"43,7050030000";"1,5608040000"
"202100028737";"16";"07";"2021";"13:05";"1";"14";"14270";"1";"6";"1";"3";"D613";"49,1531510000";"0,3180330000"
"202100028738";"16";"07";"2021";"21:10";"2";"14";"14607";"1";"1";"1";"1";"D67";"49,0876890000";" -0,6777730000"
"202100028739";"16";"07";"2021";"19:35";"1";"18";"18141";"1";"1";"8";"6";"lieu dit La Petite VallÃ©e";"47,1477140000";"2,2463070000"
"202100028740";"17";"07";"2021";"09:15";"1";"18";"18025";"1";"9";"1";"3";"RD 45";"47,1030020000";"3,0091170000"
"202100028741";"16";"07";"2021";"18:50";"1";"16";"16068";"1";"1";"1";"6";"Lieu-Dit Les Pins";"45,8923230000";"0,3408120000"
"202100028742";"16";"07";"2021";"23:45";"3";"24";"24224";"1";"1";"1";"1";"Peyssonnat";"44,9182000000";"0,5609890000"
"202100028743";"17";"07";"2021";"16:10";"1";"04";"04076";"1";"1";"1";"6";"RD 4202";"43,9542240000";"6,8525290000"
"202100028744";"17";"07";"2021";"15:30";"1";"04";"04084";"1";"1";"1";"3";"RD 907";"43,9332050000";"6,1555090000"
"202100028745";"17";"07";"2021";"11:45";"1";"85";"85288";"2";"1";"1";"5";"Rue du Porteau";"46,4640160000";" -1,6908340000"
"202100028746";"16";"07";"2021";"09:00";"1";"27";"27026";"1";"1";"1";"2";"RD 6014";"49,2297890000";"1,6238200000"
"202100028747";"17";"07";"2021";"09:00";"1";"27";"27334";"1";"1";"1";"1";"RD834";"49,1982790000";"0,5242970000"
"202100028748";"14";"07";"2021";"00:30";"5";"88";"88486";"2";"3";"1";"6";"2 Rue Michel Collinet";"48,0078190000";"6,7162460000"
"202100028749";"16";"07";"2021";"23:50";"3";"13";"13113";"1";"1";"1";"3";"Autoroute A51 - PK 28+500";"43,6059870000";"5,4971340000"
"202100028750";"16";"07";"2021";"23:35";"4";"01";"01032";"1";"1";"1";"2";"A42";"45,8611610000";"5,1252720000"
"202100028751";"16";"07";"2021";"18:35";"1";"53";"53054";"1";"1";"1";"2";"A81 Point Kilometrique 249.600";"48,1159700000";" -0,7807160000"
"202100028752";"17";"07";"2021";"02:15";"3";"33";"33199";"1";"9";"1";"2";"N250";"44,6161200000";" -1,1048580000"
"202100028753";"13";"07";"2021";"11:25";"1";"06";"06085";"1";"1";"1";"5";"AUTOROUTE A8";"43,5838730000";"6,9922830000"
"202100028754";"17";"07";"2021";"09:45";"1";"06";"06088";"1";"1";"1";"6";"A8 PK 194+000 NORD";"43,7223325283";"7,2226953506"
"202100028755";"16";"07";"2021";"20:30";"1";"22";"22389";"1";"1";"1";"7";"RN 12";"48,4806170000";" -2,6767370000"
"202100028756";"17";"07";"2021";"06:15";"1";"59";"59377";"1";"1";"1";"2";"A26 PK 136+025";"50,1120750000";"3,1608870000"
"202100028757";"17";"07";"2021";"16:30";"1";"62";"62080";"1";"1";"1";"3";"A1";"50,1087860000";"2,8715520000"
"202100028758";"16";"07";"2021";"10:55";"1";"988";"98808";"1";"1";"5";"6";"RPN3 - HOUAILOU";" -21,3748710000";"165,6849430000"
"202100028759";"10";"07";"2021";"18:00";"1";"33";"33214";"2";"1";"1";"6";"9 Boulevard de la Plage";"45,0037840000";" -1,2013510000"
"202100028760";"16";"07";"2021";"16:50";"1";"41";"41207";"2";"2";"1";"1";"Rue Nationale";"47,6561240000";"1,4906750000"
"202100028761";"16";"07";"2021";"11:15";"1";"95";"95169";"1";"1";"1";"6";"d43";"49,1299310000";"1,8878570000"
"202100028762";"17";"07";"2021";"12:20";"1";"91";"91330";"2";"6";"1";"1";"D449";"48,5270570000";"2,2930460000"
"202100028763";"17";"07";"2021";"10:55";"1";"83";"83071";"1";"6";"1";"6";"Rond Point des trois puits";"43,1465020000";"6,2566790000"
"202100028764";"16";"07";"2021";"23:00";"3";"83";"83023";"1";"1";"1";"6";"D12 pk 3";"43,3967690000";"6,0893800000"
"202100028765";"17";"07";"2021";"17:00";"1";"04";"04062";"1";"1";"1";"7";"RD 900";"44,4546560000";"6,7436800000"
"202100028766";"17";"07";"2021";"05:30";"2";"13";"13109";"2";"1";"1";"6";"Avenue Paul Jullien";"43,5085540000";"5,4998910000"
"202100028767";"17";"07";"2021";"15:30";"1";"73";"73227";"2";"7";"7";"6";"Place de l'Alpinium, Le Praz";"45,4321494712";"6,6186618805"
"202100028768";"16";"07";"2021";"20:00";"1";"38";"38562";"1";"1";"1";"3";"D1091";"45,0498990000";"5,7843450000"
"202100028769";"17";"07";"2021";"04:00";"3";"69";"69178";"1";"1";"2";"7";"MONTBRISON (DE) (RTE)";"45,7020430000";"4,4602560000"
"202100028770";"16";"07";"2021";"13:15";"1";"17";"17228";"2";"2";"1";"3";"route de St Georges";"45,6245580000";" -0,9654020000"
"202100028771";"16";"07";"2021";"02:05";"3";"33";"33323";"1";"6";"1";"6";"Route dÃ©partementale 1113";"44,5703690000";" -0,2136430000"
"202100028772";"16";"07";"2021";"22:15";"2";"44";"44103";"1";"6";"1";"7";"D100";"47,3074920000";" -2,1518500000"
"202100028773";"16";"07";"2021";"17:32";"1";"50";"50616";"1";"1";"1";"2";"Le Milieu de l M";"48,6637430000";" -1,3536890000"
"202100028774";"17";"07";"2021";"04:00";"3";"27";"27213";"2";"1";"1";"7";"Rue du Chesnay";"49,1882320000";"1,5440220000"
"202100028775";"17";"07";"2021";"19:05";"1";"60";"60321";"1";"1";"1";"7";"D105";"49,2328440000";"2,0124290000"
"202100028776";"17";"07";"2021";"17:50";"1";"80";"80803";"1";"1";"1";"2";"dÃ©partementale 934";"49,7122710000";"2,7563670000"
"202100028777";"16";"07";"2021";"12:15";"1";"13";"13043";"1";"1";"1";"4";"A55-Sens Marseille vers Martigues";"43,3829600000";"5,2279200000"
"202100028778";"13";"07";"2021";"15:50";"1";"13";"13106";"1";"1";"1";"2";"A7-Sens Lyon vers Marseille";"43,3906881539";"5,3509865221"
"202100028779";"15";"07";"2021";"17:50";"1";"69";"69297";"1";"1";"2";"4";"A47   0.000  A 1.657";"45,5892939006";"4,7777813673"
"202100028780";"14";"07";"2021";"23:55";"3";"69";"69297";"1";"1";"1";"6";"A7";"45,6026736491";"4,7972363215"
"202100028781";"16";"07";"2021";"15:25";"1";"33";"33397";"1";"1";"1";"4";"N/A";"44,9230010000";" -0,4740300000"
"202100028782";"16";"07";"2021";"14:25";"1";"94";"94034";"1";"1";"1";"5";"AUTOROUTE A6A";"48,7582900000";"2,3362700000"
"202100028783";"16";"07";"2021";"15:20";"1";"91";"91174";"1";"1";"1";"3";"RN 104";"48,6109300000";"2,4465900000"
"202100028784";"16";"07";"2021";"17:15";"1";"92";"92064";"1";"1";"1";"5";"A13";"48,8396923526";"2,2110547396"
"202100028785";"16";"07";"2021";"03:38";"5";"92";"92026";"2";"1";"1";"1";"RN192";"48,8907672742";"2,2427309569"
"202100028786";"16";"07";"2021";"03:15";"5";"92";"92050";"1";"1";"1";"2";"A86";"48,9021900000";"2,2033900000"
"202100028787";"16";"07";"2021";"12:30";"1";"95";"95277";"1";"1";"1";"2";" A1";"48,9745100000";"2,4890700000"
"202100028788";"16";"07";"2021";"18:00";"1";"93";"93063";"1";"1";"1";"3";"AUTOROUTE A3";"48,8758000000";"2,4415800000"
"202100028789";"16";"07";"2021";"05:00";"3";"93";"93005";"1";"1";"1";"2";"AUTOROUTE A3";"48,9413879154";"2,4787292013"
"202100028790";"14";"07";"2021";"09:15";"1";"94";"94002";"2";"6";"1";"6";"Rue du PrÃ©sident Kennedy";"48,8037700000";"2,4245500000"
"202100028791";"16";"07";"2021";"04:15";"3";"988";"98818";"1";"4";"1";"1";"Bretelle insertion VE3/VE3";" -22,2267900000";"166,4910600000"
"202100028792";"14";"07";"2021";"05:15";"3";"974";"97416";"1";"1";"1";"6";"RN02";" -21,3448800000";"55,4979000000"
"202100028793";"15";"07";"2021";"21:00";"2";"69";"69387";"2";"2";"2";"3";"GUILLOTIERE (DE LA)                 (PT)";"45,7561484528";"4,8402759880"
"202100028794";"15";"07";"2021";"07:30";"1";"69";"69259";"1";"9";"1";"1";"LAURENT BONNEVAY                    (BD)";"45,7194900000";"4,8796100000"
"202100028795";"14";"07";"2021";"21:20";"5";"972";"97209";"2";"1";"2";"7";"Route de Ravine Vilaine";"14,6366900000";" -61,0631800000"
"202100028796";"15";"07";"2021";"07:20";"1";"2A";"2A004";"2";"6";"1";"2";"ROSSINI PASCAL BD";"41,9171700000";"8,7347000000"
"202100028797";"14";"07";"2021";"21:10";"5";"95";"95268";"2";"1";"8";"6";"RUE ALFRED SISLEY";"48,9778960000";"2,3951280000"
"202100028798";"14";"07";"2021";"19:39";"1";"95";"95585";"2";"1";"1";"6";"Avenue Paul Langevin";"48,9819730000";"2,3787910000"
"202100028799";"15";"07";"2021";"20:45";"1";"91";"91434";"2";"2";"1";"3";"JARDINET (AVENUE DU)";"48,6520700000";"2,3513660000"
"202100028800";"14";"07";"2021";"05:45";"4";"91";"91223";"2";"1";"1";"7";"MARC SANGNIER (RUE)";"48,4176000000";"2,1482800000"
"202100028801";"14";"07";"2021";"10:39";"1";"87";"87085";"2";"2";"1";"3";"FOUCAUD (AVENUE)";"45,8295700000";"1,2514400000"
"202100028802";"13";"07";"2021";"18:02";"1";"87";"87085";"2";"1";"2";"7";"GORDINI ( RUE AMEDEE)";"45,8948900000";"1,2805100000"
"202100028803";"12";"07";"2021";"13:23";"1";"80";"80021";"2";"1";"2";"6";"EDMOND ROSTAND (RUE)";"49,8732700000";"2,3248000000"
"202100028804";"13";"07";"2021";"19:00";"2";"80";"80131";"1";"1";"2";"2";"RD 934";"49,8538500000";"2,3992400000"
"202100028805";"15";"07";"2021";"20:50";"1";"77";"77479";"2";"6";"1";"3";"QUAI DU PORT";"48,8659485852";"2,6423293177"
"202100028806";"15";"07";"2021";"12:20";"1";"77";"77269";"1";"1";"1";"6";"D215";"48,5675402131";"2,7018880405"
"202100028807";"15";"07";"2021";"19:25";"1";"76";"76178";"2";"2";"1";"1";"CD 7 (ROUTE DE TOURVILLE)";"49,3085400000";"1,0384800000"
"202100028808";"13";"07";"2021";"23:59";"5";"76";"76351";"2";"1";"1";"6";"CRONSTADT (DE)";"49,5047420000";"0,1161110000"
"202100028809";"12";"07";"2021";"02:12";"5";"76";"76114";"2";"3";"1";"6";"RD 149";"49,5914431743";"0,4856514931"
"202100028810";"13";"07";"2021";"10:48";"1";"74";"74012";"2";"1";"2";"7";"VERDUN (AVENUE DE)";"46,1888552095";"6,2439879117"
"202100028811";"14";"07";"2021";"17:25";"1";"71";"71040";"1";"1";"2";"6";"RN 70 (ROUTE EXPRESS)";"46,6920300000";"4,3755200000"
"202100028812";"15";"07";"2021";"18:20";"1";"69";"69290";"1";"4";"2";"2";"LYONNAIS (DU) (R)";"45,6955380048";"4,9124037623"
"202100028813";"14";"07";"2021";"12:30";"1";"69";"69115";"2";"3";"1";"3";"LIBERATION (DE LA) (AV)";"45,9745200000";"4,7074400000"
"202100028814";"13";"07";"2021";"18:21";"1";"66";"66136";"2";"1";"1";"2";"JULIEN PANCHOT (AVENUE)";"42,6836100000";"2,8636500000"
"202100028815";"14";"07";"2021";"18:03";"1";"64";"64260";"2";"3";"2";"5";"MER (BOULEVARD DE LA)";"43,3752200000";" -1,7643200000"
"202100028816";"15";"07";"2021";"08:30";"1";"64";"64445";"2";"1";"1";"3";"CARNOT";"43,3008500000";" -0,3694500000"
"202100028817";"14";"07";"2021";"18:50";"1";"64";"64102";"2";"1";"1";"3";"MARINES (AVENUE DES ALLEES)";"43,4959000000";" -1,4803100000"
"202100028818";"15";"07";"2021";"03:25";"5";"59";"59279";"2";"1";"1";"6";"DESMETTRE (RUE GUSTAVE)";"50,7824000000";"3,1283000000"
"202100028819";"13";"07";"2021";"11:15";"1";"57";"57672";"1";"1";"2";"2";"AFRIQUE (CHAUSSEE D') - PAIR";"49,3568600000";"6,1435300000"
"202100028820";"14";"07";"2021";"04:05";"5";"56";"56121";"2";"6";"1";"6";"LECLERC ( BD GENERAL )";"47,7500600000";" -3,3663000000"
"202100028821";"15";"07";"2021";"15:15";"1";"51";"51454";"2";"1";"2";"7";"Rue Cognacq Jay";"49,2319524147";"4,0189768293"
"202100028822";"13";"07";"2021";"17:30";"1";"50";"50173";"2";"3";"1";"3";"THIVET ( avenue du )";"49,6357400000";" -1,6659500000"
"202100028823";"15";"07";"2021";"14:00";"1";"45";"45169";"2";"3";"1";"2";"Rue de la MouchetiÃ¨re";"47,9103529808";"1,8575656563"
"202100028824";"14";"07";"2021";"17:10";"1";"45";"45232";"2";"6";"1";"3";"Boulevard Victor Hugo";"47,8568843375";"1,9030527770"
"202100028825";"15";"07";"2021";"07:35";"1";"42";"42184";"2";"6";"2";"3";"Rue Branly";"46,0616572829";"4,0481568687"
"202100028826";"16";"07";"2021";"00:25";"5";"42";"42095";"2";"1";"2";"6";"Rue TrÃ©mollet";"45,3834400000";"4,2817100000"
"202100028827";"13";"07";"2021";"23:30";"5";"41";"41018";"2";"1";"2";"6";"PAPIN (RUE DENIS)";"47,5872200000";"1,3319900000"
"202100028828";"15";"07";"2021";"02:10";"5";"38";"38185";"2";"2";"2";"3";"Avenue Jean Perrot";"45,1806300000";"5,7349800000"
"202100028829";"16";"07";"2021";"01:15";"5";"35";"35238";"2";"1";"1";"6";"LOGES (RUE DUPONT DES)";"48,1090489204";" -1,6703312695"
"202100028830";"15";"07";"2021";"15:50";"1";"35";"35238";"2";"9";"1";"6";"LIBERTE (BD DE LA)";"48,1073900000";" -1,6803000000"
"202100028831";"15";"07";"2021";"12:30";"1";"35";"35238";"2";"3";"1";"2";"COMBES (BD EMILE)";"48,0953600000";" -1,6628700000"
"202100028832";"14";"07";"2021";"00:30";"5";"35";"35115";"2";"1";"1";"6";"LAVAL (RUE DE)";"48,3388700000";" -1,1932900000"
"202100028833";"15";"07";"2021";"16:00";"1";"33";"33529";"2";"1";"1";"6";"N/A";"44,6403239659";" -1,1724861390"
"202100028834";"15";"07";"2021";"14:05";"1";"31";"31555";"1";"1";"1";"2";"ECHANGEUR ST MARTIN ( A624-RD 901)";"43,6116600000";"1,3809700000"
"202100028835";"15";"07";"2021";"08:30";"1";"31";"31555";"2";"1";"1";"3";"BD DELACOURTIE";"43,5837900000";"1,4500800000"
"202100028836";"15";"07";"2021";"01:45";"5";"29";"29039";"2";"1";"1";"6";"Rue Malakoff";"47,8737944011";" -3,9196380973"
"202100028837";"15";"07";"2021";"19:55";"1";"25";"25056";"2";"1";"2";"6";"FAURE AVENUE EDGAR";"47,2427590000";"6,0170050000"
"202100028838";"14";"07";"2021";"16:45";"1";"24";"24037";"1";"1";"1";"1";"D709 (Rte de Mussidan)";"44,8849300000";"0,4543900000"
"202100028839";"15";"07";"2021";"18:00";"1";"15";"15014";"2";"1";"1";"4";"POMPIDOU (AVENUE GEORGES)";"44,9130900000";"2,4454900000"
"202100028840";"13";"07";"2021";"10:20";"1";"13";"13077";"2";"1";"1";"3";"GARE DE FOS";"43,4067600000";"4,9844700000"
"202100028841";"16";"07";"2021";"00:05";"5";"13";"13208";"2";"1";"1";"3";"POMPIDOU (PROMENADE)";"43,2673500000";"5,3722300000"
"202100028842";"15";"07";"2021";"00:30";"5";"13";"13215";"2";"1";"1";"1";"SAINT ANTOINE A SAINT JOSEPH (CHEMIN DE)";"43,3553100000";"5,3703800000"
"202100028843";"15";"07";"2021";"14:20";"1";"07";"07281";"1";"1";"1";"1";"TRAMWAY (CHEMIN DU)";"44,9431200000";"4,7877200000"
"202100028844";"15";"07";"2021";"13:35";"1";"06";"06159";"2";"1";"1";"2";"PRINCESSE GRACE DE MONACO (AVENUE)";"43,7001800000";"7,3056500000"
"202100028845";"15";"07";"2021";"18:00";"1";"06";"06069";"2";"1";"8";"5";"MARCEL PAGNOL (AVENUE)";"43,6453640000";"6,9442710000"
"202100028846";"15";"07";"2021";"14:00";"1";"06";"06027";"1";"1";"1";"6";"MAURE CHEMIN DE LA";"43,6837250000";"7,1596460000"
"202100028847";"14";"07";"2021";"08:50";"1";"06";"06155";"2";"1";"1";"6";"LIBERTE AV.DE LA";"43,5721190000";"7,0841360000"
"202100028848";"15";"07";"2021";"13:40";"1";"01";"01451";"1";"1";"3";"1";"MARBOZ RD 996 ( ROUTE DE ) PAIR";"46,2860500000";"5,2316600000"
"202100028849";"15";"07";"2021";"15:20";"1";"75";"75119";"2";"1";"1";"2";"BOULEVARD PERIPHERIQUE";"48,8936100000";"2,3952870000"
"202100028850";"15";"07";"2021";"13:35";"1";"75";"75112";"2";"1";"1";"7";"ECHANGEUR BERCY";"48,8265350000";"2,3911640000"
"202100028851";"14";"07";"2021";"22:04";"5";"75";"75111";"2";"2";"1";"3";"AVENUE PHILIPPE AUGUSTE";"48,8535600000";"2,3927130000"
"202100028852";"15";"07";"2021";"10:50";"1";"75";"75120";"2";"5";"1";"3";"AVENUE GAMBETTA";"48,8649860000";"2,3955260000"
"202100028853";"14";"07";"2021";"19:41";"2";"75";"75119";"2";"2";"1";"3";"BOULEVARD MACDONALD";"48,8982350000";"2,3862030000"
"202100028854";"14";"07";"2021";"15:50";"1";"75";"75117";"2";"3";"1";"3";"AVENUE DE CLICHY";"48,8867350000";"2,3259400000"
"202100028855";"15";"07";"2021";"02:29";"4";"75";"75116";"2";"1";"1";"6";"ALLEE DU BORD DE L EAU";"48,8713470000";"2,2411790000"
"202100028856";"15";"07";"2021";"16:00";"1";"75";"75115";"2";"3";"1";"3";"BOULEVARD VICTOR";"48,8339440000";"2,2853610000"
"202100028857";"15";"07";"2021";"09:40";"1";"75";"75115";"2";"2";"1";"3";"RUE VIOLET";"48,8471520000";"2,2926500000"
"202100028858";"15";"07";"2021";"19:10";"1";"75";"75115";"2";"2";"1";"3";"QUAI DE GRENELLE";"48,8491910000";"2,2818830000"
"202100028859";"15";"07";"2021";"19:00";"1";"75";"75113";"2";"1";"1";"6";"QUAI DE LA GARE";"48,8369260000";"2,3742060000"
"202100028860";"15";"07";"2021";"16:00";"1";"75";"75113";"2";"2";"1";"3";"QUAI DE LA GARE";"48,8373430000";"2,3738620000"
"202100028861";"15";"07";"2021";"01:30";"5";"75";"75111";"2";"2";"1";"1";"RUE OBERKAMPF";"48,8651310000";"2,3752650000"
"202100028862";"15";"07";"2021";"10:45";"1";"75";"75115";"2";"1";"1";"6";"RUE LECOURBE";"48,8427830000";"2,3032800000"
"202100028863";"15";"07";"2021";"02:10";"5";"75";"75103";"2";"2";"1";"3";"RUE DE BRETAGNE";"48,8637210000";"2,3611020000"
"202100028864";"15";"07";"2021";"01:15";"5";"75";"75102";"2";"2";"1";"7";"BOULEVARD DE SEBASTOPOL";"48,8644270000";"2,3515180000"
"202100028865";"13";"07";"2021";"21:10";"2";"75";"75101";"2";"3";"2";"6";"RUE CROIX DES PETITS CHAMPS";"48,8622390000";"2,3391610000"