"Num_Acc";"jour";"mois";"an";"hrmn";"lum";"dep";"com";"agg";"int";"atm";"col";"adr";"lat";"long"
"202100028866";"14";"07";"2021";"21:40";"5";"94";"94046";"2";"3";"1";"3";"Rue Jean JaurÃ¨s";"48,7904200000";"2,4351100000"
"202100028867";"15";"07";"2021";"20:10";"1";"94";"94041";"2";"1";"1";"3";"HENRI POURCHASSE (QU)";"48,8093400000";"2,4079600000"
"202100028868";"15";"07";"2021";"08:00";"1";"94";"94065";"1";"9";"1";"6";"RN 186";"48,7549000000";"2,3450000000"
"202100028869";"14";"07";"2021";"14:30";"1";"94";"94011";"2";"1";"1";"2";"Avenue de Boissy";"48,7639300000";"2,4931200000"
"202100028870";"15";"07";"2021";"05:50";"1";"94";"94017";"2";"1";"1";"6";"Avenue de la Famille";"48,8100000000";"2,5500000000"
"202100028871";"15";"07";"2021";"18:25";"1";"94";"94004";"2";"1";"1";"6";"Rue de Paris";"48,7535860000";"2,5071640000"
"202100028872";"15";"07";"2021";"21:15";"1";"93";"93066";"2";"3";"1";"3";"Rue Guynemer / CitÃ© Guynemer";"48,9476190000";"2,3598090000"
"202100028873";"15";"07";"2021";"20:30";"1";"93";"93064";"2";"1";"1";"1";"OFFENBACH (RUE JACQUES)";"48,8842410000";"2,4813390000"
"202100028874";"15";"07";"2021";"15:10";"1";"93";"93074";"2";"1";"1";"6";"Rue de Meaux";"48,9363840000";"2,5814370000"
"202100028875";"15";"07";"2021";"11:09";"1";"93";"93055";"2";"1";"1";"6";"OURCQ (QUAI DE L')";"48,8959318296";"2,4053959405"
"202100028876";"15";"07";"2021";"21:00";"1";"93";"93008";"2";"1";"1";"3";"Avenue Paul Vaillant - Couturier";"48,9082800000";"2,4522400000"
"202100028877";"13";"07";"2021";"09:10";"1";"92";"92078";"2";"1";"1";"7";"DU PONANT (AVENUE)";"48,9440996409";"2,3275889018"
"202100028878";"13";"07";"2021";"20:15";"1";"92";"92036";"2";"1";"1";"3";"VIEUX CHEMIN DE ST DENIS (AVENUE)";"48,9314770000";"2,3199980000"
"202100028879";"12";"07";"2021";"15:50";"1";"92";"92078";"2";"1";"1";"3";"ASNIERES (QUAI)";"48,9324960000";"2,3355400000"
"202100028880";"14";"07";"2021";"20:15";"2";"92";"92036";"2";"1";"1";"6";"LAURENT CELY (AVENUE) (1/143)";"48,9306539064";"2,3017966747"
"202100028881";"15";"07";"2021";"17:50";"1";"92";"92026";"2";"2";"1";"3";"CHARRAS";"48,8951756756";"2,2499321401"
"202100028882";"15";"07";"2021";"13:34";"1";"92";"92044";"2";"1";"1";"3";"LOUISE MICHEL(RUE) 1A39 ET 2A30";"48,8877460000";"2,2855240000"
"202100028883";"15";"07";"2021";"08:40";"1";"92";"92012";"2";"1";"1";"4";"GENERAL LECLERC (AVENUE DU) 1/33 - 2/58";"48,8331071578";"2,2419183385"
"202100028884";"14";"07";"2021";"04:30";"5";"92";"92012";"2";"1";"3";"7";"ALPHONSE LE GALLO (QUAI) 35/FIN";"48,8377129109";"2,2240577999"
"202100028885";"15";"07";"2021";"15:45";"1";"92";"92004";"2";"3";"1";"3";"HENRI POINCARE";"48,9303606641";"2,2813542187"
"202100028886";"15";"07";"2021";"14:40";"1";"11";"11115";"1";"1";"1";"1";"D118";"43,3673330000";"2,2753180000"
"202100028887";"23";"05";"2021";"03:20";"3";"60";"60514";"1";"1";"8";"6";"D97";"49,6072480000";"1,9954990000"
"202100028888";"15";"07";"2021";"05:40";"2";"62";"62008";"2";"9";"1";"6";"dÃ©partementale 225";"50,7304180000";"2,0877670000"
"202100028889";"16";"07";"2021";"20:45";"2";"91";"91390";"2";"3";"1";"2";"Rue de Chartres";"48,3125280000";"2,0759390000"
"202100028890";"15";"07";"2021";"08:45";"1";"974";"97422";"2";"3";"1";"3";"Rue du GÃ©nÃ©ral de Gaulle";" -21,2738930000";"55,5174910000"
"202100028891";"15";"07";"2021";"05:45";"2";"35";"35226";"1";"1";"1";"2";"RD 137";"48,3866010000";" -1,9030410000"
"202100028892";"11";"07";"2021";"01:31";"3";"01";"01347";"2";"1";"1";"6";"759 Chemin de Rebillard";"45,9536930000";"4,7696010000"
"202100028893";"16";"07";"2021";"17:43";"1";"22";"22388";"1";"1";"1";"7";"RN176 PR019+200";"48,4380840000";" -2,1411110000"
"202100028894";"14";"07";"2021";"14:50";"1";"22";"22341";"1";"2";"1";"2";"D712";"48,3990390000";" -2,4049600000"
"202100028895";"16";"07";"2021";"17:30";"1";"34";"34169";"1";"1";"1";"1";"D17";"43,6603930000";"3,8664840000"
"202100028896";"26";"06";"2021";"22:15";"2";"51";"51367";"2";"1";"1";"2";"Rue des Chetillons";"48,9493489785";"4,0300506417"
"202100028897";"16";"07";"2021";"09:25";"1";"56";"56185";"2";"3";"1";"3";"Route de Kerdual";"47,7820160000";" -3,4045440000"
"202100028898";"14";"07";"2021";"05:35";"3";"56";"56111";"1";"1";"1";"6";"Truda";"47,6398210000";" -2,3496260000"
"202100028899";"16";"07";"2021";"08:45";"1";"79";"79286";"1";"1";"1";"6";"N/A";"46,6458570000";" -0,6356730000"
"202100028900";"16";"07";"2021";"15:50";"1";"31";"31351";"2";"1";"1";"6";"dÃ©partmentale 1";"43,6637270000";"1,3012200000"
"202100028901";"15";"07";"2021";"06:50";"2";"81";"81145";"2";"2";"1";"6";"Route de Salvagnac";"43,8531830000";"1,8047620000"
"202100028902";"16";"07";"2021";"11:50";"1";"63";"63448";"1";"1";"2";"6";"l'enclos";"45,4748410000";"3,4656450000"
"202100028903";"15";"07";"2021";"07:50";"1";"61";"61309";"1";"2";"1";"1";"La RonceliÃ¨re";"48,3050920000";"0,6896920000"
"202100028904";"14";"07";"2021";"17:55";"1";"49";"49229";"1";"1";"1";"6";"La Fosse";"47,6877810000";" -0,9763670000"
"202100028905";"16";"07";"2021";"15:03";"1";"12";"12043";"1";"2";"1";"3";"D888";"44,2856220000";"2,5188380000"
"202100028906";"28";"06";"2021";"12:30";"1";"46";"46127";"1";"1";"1";"6";"D 704";"44,7487540000";"1,3789950000"
"202100028907";"15";"07";"2021";"23:50";"3";"34";"34281";"1";"1";"1";"7";"D2";"43,5278290000";"3,5690980000"
"202100028908";"16";"07";"2021";"08:58";"2";"25";"25071";"1";"1";"2";"7";"D35";"47,4285980000";"6,8440360000"
"202100028909";"15";"07";"2021";"18:30";"1";"44";"44212";"1";"1";"1";"6";"La Chalousiere";"47,1610220000";" -1,2152550000"
"202100028910";"15";"07";"2021";"13:35";"1";"44";"44064";"1";"1";"7";"1";"Route de Saint-Fiacre";"47,1024690000";" -1,3111930000"
"202100028911";"15";"07";"2021";"10:25";"1";"44";"44131";"1";"9";"1";"3";"D213";"47,1438140000";" -2,1327160000"
"202100028912";"8";"07";"2021";"02:05";"3";"34";"34154";"1";"1";"1";"2";"D62";"43,5510330000";"3,9889010000"
"202100028913";"15";"07";"2021";"20:45";"1";"31";"31182";"1";"1";"1";"1";"route dÃ©partementale 820";"43,6916920000";"1,4029460000"
"202100028914";"15";"07";"2021";"17:45";"1";"38";"38387";"1";"1";"3";"1";"Route de Saint Marcellin";"45,3129410000";"5,3362550000"
"202100028915";"15";"07";"2021";"10:52";"1";"38";"38350";"1";"1";"2";"1";"D290";"45,2420650000";"5,9092070000"
"202100028916";"16";"07";"2021";"06:10";"2";"13";"13045";"1";"1";"1";"1";"d570n";"43,8625900000";"4,7693430000"
"202100028917";"15";"07";"2021";"19:35";"1";"06";"06071";"1";"1";"8";"6";"D2202 PR35+200";"44,0693030000";"6,8547180000"
"202100028918";"13";"07";"2021";"17:37";"1";"06";"06032";"2";"1";"1";"6";"avenue du port";"43,7258050000";"7,4158900000"
"202100028919";"16";"07";"2021";"04:45";"3";"14";"14174";"1";"1";"1";"3";"D562";"48,8585030000";" -0,5359910000"
"202100028920";"14";"07";"2021";"19:45";"1";"83";"83007";"1";"1";"1";"6";"Route de Fox Amphoux";"43,6210720000";"6,1926630000"
"202100028921";"13";"07";"2021";"20:40";"1";"64";"64406";"1";"1";"2";"7";"D946";"43,5077200000";" -0,5438910000"
"202100028922";"15";"07";"2021";"18:45";"1";"43";"43186";"1";"2";"2";"7";"Lieu Dit Roffiac";"44,9907610000";"4,1850080000"
"202100028923";"15";"07";"2021";"15:55";"1";"24";"24130";"2";"1";"1";"2";"Avenue Georges Haupinot";"45,1212742055";"1,2273073194"
"202100028924";"15";"07";"2021";"16:15";"1";"17";"17253";"1";"1";"1";"6";"D911";"46,0134230000";" -0,8582210000"
"202100028925";"12";"07";"2021";"13:50";"1";"42";"42013";"2";"2";"8";"3";"Avenue des Farges";"45,6464840000";"4,2913570000"
"202100028926";"16";"07";"2021";"13:49";"1";"06";"06155";"1";"1";"2";"3";"A8, PK 170.940, ChaussÃ©e NORD";"43,6046080000";"7,0656730000"
"202100028927";"16";"07";"2021";"11:30";"1";"976";"97617";"2";"1";"1";"1";"Combani";" -12,7900920000";"45,1337940000"
"202100028928";"15";"07";"2021";"19:45";"3";"973";"97311";"1";"1";"1";"1";"Avenue Jean Galmot";"5,5079200000";" -53,9667210000"
"202100028929";"6";"07";"2021";"13:20";"1";"78";"78380";"2";"1";"1";"1";"Rue d OrlÃ©ans";"48,9077030000";"1,8497960000"
"202100028930";"14";"07";"2021";"17:00";"1";"30";"30130";"1";"1";"1";"7";"D 906";"44,3118420000";"3,9682960000"
"202100028931";"10";"07";"2021";"19:30";"1";"84";"84049";"1";"1";"1";"3";"D8";"44,1637700000";"4,9744140000"
"202100028932";"15";"07";"2021";"11:25";"1";"83";"83107";"1";"9";"1";"3";"Route du Col du Bougnon";"43,3610970000";"6,6733570000"
"202100028933";"15";"07";"2021";"17:15";"1";"13";"13084";"1";"4";"1";"3";"D561 Intersection D23";"43,7239710000";"5,3156660000"
"202100028934";"15";"07";"2021";"10:15";"1";"42";"42265";"1";"3";"8";"1";"Route de Verlieu";"45,4445930000";"4,7521500000"
"202100028935";"15";"07";"2021";"17:27";"1";"69";"69206";"2";"1";"3";"4";"LEON FOILLARD (AV)";"46,0524460000";"4,7221470000"
"202100028936";"13";"07";"2021";"17:00";"1";"69";"69094";"2";"9";"2";"3";"BORDEAUX (DE) (RTE)";"45,7420900000";"4,6950350000"
"202100028937";"15";"07";"2021";"20:20";"1";"33";"33100";"1";"2";"1";"3";"Lieu Dit la Pistolette";"45,1409740000";" -0,5974110000"
"202100028938";"16";"07";"2021";"15:55";"1";"50";"50041";"1";"2";"1";"3";"La Terrasse";"49,6429360000";" -1,8023720000"
"202100028939";"16";"07";"2021";"18:30";"1";"60";"60065";"2";"1";"1";"7";"rue de villers";"49,3561390000";"2,2240230000"
"202100028940";"15";"07";"2021";"21:10";"1";"13";"13206";"2";"1";"1";"1";"Tunnel Prado CarÃ©nage";"43,2820120582";"5,3940979149"
"202100028941";"14";"07";"2021";"22:00";"3";"13";"13215";"1";"1";"1";"3";"A7-Sens Lyon vers Marseille";"43,3582300000";"5,3625900000"
"202100028942";"14";"07";"2021";"06:10";"1";"13";"13215";"1";"1";"1";"7";"A7-Sens Lyon vers Marseille";"43,3653267019";"5,3607288234"
"202100028943";"15";"07";"2021";"14:40";"1";"33";"33366";"1";"9";"1";"5";"N/A";"44,9780060000";" -0,4314110000"
"202100028944";"15";"07";"2021";"14:00";"1";"91";"91235";"1";"1";"1";"2";"RN 104";"48,6238200000";"2,3686000000"
"202100028945";"15";"07";"2021";"13:00";"1";"91";"91617";"1";"1";"1";"2";"RN6 PROVINCE / RN104 INT";"48,6405000000";"2,5355500000"
"202100028946";"11";"07";"2021";"20:50";"1";"78";"78455";"1";"1";"1";"6";"A13";"48,8503620000";"2,0684340000"
"202100028947";"14";"07";"2021";"23:30";"5";"78";"78118";"1";"1";"1";"2";"A13";"48,9819000000";"1,6895300000"
"202100028948";"14";"07";"2021";"22:25";"5";"78";"78362";"1";"1";"1";"2";"A13";"48,9793300000";"1,7029700000"
"202100028949";"14";"07";"2021";"20:20";"1";"78";"78043";"1";"1";"1";"2";"A12 W";"48,8423460000";"2,0975430000"
"202100028950";"15";"07";"2021";"16:00";"1";"93";"93053";"1";"1";"1";"4";"AUTOROUTE A3";"48,8935200000";"2,4723300000"
"202100028951";"15";"07";"2021";"16:45";"1";"92";"92078";"1";"1";"1";"2";"AUTOROUTE A86";"48,9283084303";"2,3316245851"
"202100028952";"15";"07";"2021";"13:30";"1";"93";"93053";"1";"1";"1";"2";"AUTOROUTE A3";"48,8807600000";"2,4522700000"
"202100028953";"14";"07";"2021";"19:00";"1";"95";"95256";"1";"1";"1";"6";"RN 184";"49,0540257214";"2,2002321482"
"202100028954";"14";"07";"2021";"11:00";"1";"93";"93053";"1";"1";"8";"7";"AUTOROUTE A103";"48,8875800000";"2,4728500000"
"202100028955";"14";"07";"2021";"10:50";"1";"93";"93027";"1";"1";"2";"6";"BDL";"48,9358500000";"2,4039600000"
"202100028956";"15";"07";"2021";"18:40";"1";"94";"94028";"1";"1";"1";"3";"A86 EXT";"48,7980000000";"2,4450000000"
"202100028957";"14";"07";"2021";"17:45";"1";"94";"94033";"1";"1";"1";"5";"A86.INT";"48,8476400000";"2,4913600000"
"202100028958";"14";"07";"2021";"08:20";"1";"94";"94017";"1";"1";"2";"2";"A4";"48,8281665440";"2,5039882462"
"202100028959";"14";"07";"2021";"09:50";"1";"69";"69386";"2";"2";"2";"3";"BOSSUET (R)";"45,7678000000";"4,8506600000"
"202100028960";"14";"07";"2021";"06:00";"2";"69";"69387";"2";"1";"1";"7";"ARTILLERIE (DE L')                  (BD)";"45,7358644318";"4,8430148162"
"202100028961";"11";"07";"2021";"11:20";"1";"972";"97213";"2";"1";"1";"7";"ROUTE DEPARTEMENTALE 15 A";"14,6111800000";" -61,0008400000"
"202100028962";"14";"07";"2021";"22:20";"5";"69";"69382";"2";"1";"1";"7";"PERRACHE (Q)";"45,7458500000";"4,8280400000"
"202100028963";"13";"07";"2021";"12:05";"1";"69";"69389";"2";"1";"1";"3";"ST CYR (DE) (R)";"45,7885438196";"4,8079338723"
"202100028964";"15";"07";"2021";"01:25";"5";"83";"83137";"2";"1";"1";"2";"15EME CORPS (AVE DU)";"43,1285500000";"5,9138600000"
"202100028965";"14";"07";"2021";"06:00";"1";"76";"76410";"2";"1";"1";"6";"GARSTEDT. RUE DE";"49,4815180000";"1,0339610000"
"202100028966";"13";"07";"2021";"09:50";"1";"67";"67180";"2";"6";"2";"6";"MARECHAL FOCH (RUE DU)";"48,8124400000";"7,7948000000"
"202100028967";"14";"07";"2021";"09:50";"1";"64";"64122";"2";"1";"1";"3";"JAULERRY (AVENUE)";"43,4805900000";" -1,5593000000"
"202100028968";"18";"06";"2021";"01:45";"5";"54";"54339";"2";"1";"1";"6";"EGLISE (RUE DE L')";"48,7117100000";"6,1866200000"
"202100028969";"14";"07";"2021";"22:10";"5";"54";"54395";"2";"2";"3";"3";"FRANCE (AVENUE ANATOLE)";"48,6869484179";"6,1617096044"
"202100028970";"9";"07";"2021";"19:50";"1";"42";"42218";"2";"2";"1";"6";"Rue Benoit Frachon";"45,4465047763";"4,3674532324"
"202100028971";"13";"07";"2021";"10:40";"1";"42";"42187";"2";"4";"1";"3";"Rue de Villemontais";"46,0262251768";"4,0612954950"
"202100028972";"14";"07";"2021";"17:50";"1";"33";"33009";"2";"1";"1";"7";"COTE D'ARGENT (BD) DU 164 AU 254";"44,6416700000";" -1,2016800000"
"202100028973";"13";"07";"2021";"10:32";"1";"17";"17291";"1";"1";"2";"2";"RN11";"46,1745700000";" -1,1121300000"
"202100028974";"14";"07";"2021";"19:42";"1";"14";"14118";"2";"2";"1";"3";"Rue de la Masse";"49,1852900000";" -0,3450500000"
"202100028975";"14";"07";"2021";"13:50";"1";"14";"14118";"2";"9";"1";"3";"Boulevard Dunois";"49,1883200000";" -0,3782800000"
"202100028976";"14";"07";"2021";"20:40";"2";"13";"13205";"2";"2";"1";"3";"SAINT JEAN DU DESERT (CHEMIN)";"43,2936500000";"5,4084900000"
"202100028977";"14";"07";"2021";"15:00";"1";"13";"13210";"2";"1";"1";"3";"PRUD'HOMMES (TVSE)";"43,2744000000";"5,4388400000"
"202100028978";"14";"07";"2021";"22:50";"3";"13";"13001";"1";"1";"1";"1";"GARDANNE (ROUTE DE )";"43,4880500000";"5,4094500000"
"202100028979";"14";"07";"2021";"06:20";"2";"13";"13001";"2";"9";"1";"1";"GARDANNE (ROUTE DE )";"43,5300000000";"5,4068300000"
"202100028980";"14";"07";"2021";"13:23";"1";"06";"06088";"2";"1";"1";"6";"Boulevard de Cessole";"43,7193300000";"7,2520900000"
"202100028981";"14";"07";"2021";"20:50";"2";"06";"06069";"2";"1";"1";"6";"PEGOMAS (ROUTE DE)";"43,6368460000";"6,9333180000"
"202100028982";"14";"07";"2021";"18:20";"1";"06";"06123";"2";"1";"1";"2";"SAUVAIGO PIERRE AVENUE";"43,6608790000";"7,1775650000"
"202100028983";"14";"07";"2021";"17:15";"1";"75";"75113";"2";"2";"1";"3";"BOULEVARD VINCENT AURIOL";"48,8361964597";"2,3714992404"
"202100028984";"13";"07";"2021";"21:53";"2";"75";"75111";"2";"3";"8";"6";"BOULEVARD BEAUMARCHAIS";"48,8606630000";"2,3673320000"
"202100028985";"14";"07";"2021";"17:25";"1";"75";"75118";"2";"4";"1";"3";"RUE MARCADET";"48,8907060000";"2,3455180000"
"202100028986";"14";"07";"2021";"17:00";"1";"75";"75118";"2";"2";"1";"6";"BOULEVARD DE ROCHECHOUART";"48,8838430000";"2,3494190000"
"202100028987";"14";"07";"2021";"16:45";"1";"75";"75117";"2";"7";"1";"3";"PLACE DES TERNES";"48,8777660000";"2,2983970000"
"202100028988";"13";"07";"2021";"17:05";"1";"75";"75115";"2";"1";"3";"7";"RUE DE LA CROIX NIVERT";"48,8393240000";"2,2898890000"
"202100028989";"14";"07";"2021";"17:20";"1";"75";"75110";"2";"3";"1";"6";"BOULEVARD DE MAGENTA";"48,8782430000";"2,3543030000"
"202100028990";"14";"07";"2021";"18:10";"1";"75";"75109";"2";"2";"1";"1";"RUE LA FAYETTE";"48,8758170000";"2,3437160000"
"202100028991";"14";"07";"2021";"03:20";"5";"75";"75104";"2";"1";"3";"6";"QUAI AUX FLEURS";"48,8544300000";"2,3513630000"
"202100028992";"14";"07";"2021";"00:30";"5";"94";"94081";"2";"3";"2";"3";"Rue Charles Infroit";"48,7955100000";"2,3915800000"
"202100028993";"14";"07";"2021";"18:17";"1";"94";"94046";"2";"1";"1";"6";"Avenue Joffre";"48,8149300000";"2,4516300000"
"202100028994";"14";"07";"2021";"09:15";"1";"94";"94019";"2";"2";"8";"3";"LIBERATION (RTE DE LA)";"48,7990800000";"2,5450200000"
"202100028995";"14";"07";"2021";"19:05";"1";"94";"94017";"1";"1";"1";"2";"Avenue du GÃ©nÃ©ral de Gaulle";"48,8272000000";"2,5073200000"
"202100028996";"14";"07";"2021";"13:30";"1";"93";"93077";"2";"1";"1";"6";"Rue Victor Hugo";"48,8852180000";"2,4981850000"
"202100028997";"13";"07";"2021";"22:40";"5";"93";"93048";"2";"1";"3";"6";"Avenue du PrÃ©sident Wilson";"48,8578690000";"2,4402120000"
"202100028998";"14";"07";"2021";"00:00";"3";"93";"93006";"2";"1";"3";"6";"Rue Robespierre";"48,8577810000";"2,4216680000"
"202100028999";"14";"07";"2021";"20:20";"1";"93";"93046";"2";"9";"1";"3";"Avenue Aristide Briand";"48,9114630000";"2,5182850000"
"202100029000";"14";"07";"2021";"16:50";"1";"92";"92023";"2";"1";"1";"7";"HUIT MAI 1945 (CARREFOUR DU) S102";"48,7915266950";"2,2626833618"
"202100029001";"13";"07";"2021";"19:40";"1";"92";"92071";"2";"2";"3";"6";"HOUDAN (RUE)";"48,7790804544";"2,2801485658"
"202100029002";"14";"07";"2021";"16:55";"1";"92";"92012";"2";"1";"1";"6";"JEAN JAURES (BOULEVARD) 1/61 - COTE IMPA";"48,8407916219";"2,2394181209"
"202100029003";"15";"07";"2021";"09:55";"1";"974";"97415";"2";"3";"1";"6";"79 Route de l'Ã©peron";" -21,0421340000";"55,2549460000"
"202100029004";"15";"07";"2021";"01:25";"3";"37";"37194";"2";"1";"1";"6";"Rue Edmond ChÃ©dehoux";"47,4824390507";"0,8848548004"
"202100029005";"14";"07";"2021";"15:10";"1";"47";"47175";"2";"1";"1";"6";"Avenue de la libÃ©ration";"44,5294180000";"0,7659210000"
"202100029006";"15";"07";"2021";"03:00";"3";"01";"01105";"1";"6";"2";"6";"D66";"45,9049250762";"4,8796411212"
"202100029007";"12";"07";"2021";"09:15";"1";"71";"71220";"1";"1";"2";"1";"D979";"46,5387240000";"3,7650170000"
"202100029008";"8";"07";"2021";"19:00";"1";"11";"11140";"2";"2";"1";"5";"RD 106 ";"43,1494618909";"2,7226781845"
"202100029009";"14";"07";"2021";"23:00";"3";"58";"58086";"2";"1";"1";"2";"d 955 A";"47,4324420000";"2,9333280000"
"202100029010";"15";"07";"2021";"18:30";"1";"85";"85072";"2";"1";"1";"1";"10 Rue de la FOntenelle";"46,8514050000";" -1,3471180000"
"202100029011";"15";"07";"2021";"00:56";"3";"37";"37261";"1";"1";"1";"2";"N/A";"47,3829045723";"0,7109939965"
"202100029012";"15";"07";"2021";"07:35";"1";"66";"66186";"1";"1";"1";"1";"Avenue de Cabestany";"42,6651360000";"2,9760200000"
"202100029013";"13";"07";"2021";"14:10";"1";"56";"56078";"1";"2";"1";"2";"Route DÃ©partementale NÂ°765";"47,7972470000";" -3,4724790000"
"202100029014";"15";"07";"2021";"11:30";"1";"56";"56239";"1";"3";"1";"3";"Rue de la DÃ©chetterie";"47,6842060000";" -2,1379830000"
"202100029015";"15";"07";"2021";"16:45";"1";"76";"76019";"1";"1";"1";"7";"D23";"49,8418750000";"1,0865360000"
"202100029016";"15";"07";"2021";"05:09";"3";"76";"76120";"1";"2";"1";"2";"Route de Mathonville";"49,6034503100";"1,3956561400"
"202100029017";"14";"07";"2021";"21:25";"2";"79";"79340";"1";"1";"1";"6";"N/A";"46,5521910000";" -0,1711890000"
"202100029018";"14";"07";"2021";"16:50";"1";"2B";"2B050";"1";"1";"1";"1";"RT30";"42,5577310000";"8,7959020000"
"202100029019";"15";"07";"2021";"13:35";"1";"33";"33236";"2";"1";"1";"7";"26 Chemin du Bourgeon";"44,7871050000";" -1,1519980000"
"202100029020";"15";"07";"2021";"02:30";"3";"11";"11042";"1";"1";"1";"6";"Canal du Midi";"43,2130270000";"2,5931600000"
"202100029021";"15";"07";"2021";"11:10";"1";"71";"71187";"1";"1";"2";"2";"RN 80 PR 38+200";"46,7488230000";"4,5080640000"
"202100029022";"14";"07";"2021";"14:45";"1";"89";"89404";"2";"1";"8";"4";"Rue Aristide Bruand";"48,1670360000";"3,2039000000"
"202100029023";"14";"07";"2021";"10:45";"1";"61";"61179";"1";"1";"1";"2";"rd909 (La Fresnaye-au-Sauvage)";"48,7247180000";" -0,2610110000"
"202100029024";"14";"07";"2021";"21:20";"5";"68";"68082";"2";"1";"3";"7";"26 Faubourg de Belfort";"47,8602970000";"7,3437700000"
"202100029025";"14";"07";"2021";"16:29";"1";"44";"44069";"2";"1";"1";"1";"Route du Bois du Pont lieu dit Bouzaire";"47,3700110000";" -2,3843120000"
"202100029026";"14";"07";"2021";"21:30";"1";"29";"29030";"1";"2";"1";"3";"Lieu Dit Kerbellec";"48,6844855527";" -4,0965834260"
"202100029027";"14";"07";"2021";"18:50";"1";"29";"29015";"1";"1";"1";"6";"Route de Breignou Coz";"48,4811150407";" -4,4955116251"
"202100029028";"11";"07";"2021";"01:45";"4";"29";"29197";"2";"1";"1";"2";"Rue de LocquÃ©ran";"48,0240550000";" -4,5340790000"
"202100029029";"14";"07";"2021";"20:30";"1";"31";"31247";"2";"1";"1";"6";"19 rue Jean Mermoz";"43,0768790000";"0,6788210000"
"202100029030";"14";"07";"2021";"20:25";"2";"01";"01374";"1";"1";"2";"5";"route dÃ©partementale 1075";"46,0880990000";"5,3158970000"
"202100029031";"15";"07";"2021";"02:45";"3";"01";"01294";"1";"1";"2";"7";"route du rhÃ´ne";"45,6701010000";"5,6799180000"
"202100029032";"13";"07";"2021";"09:00";"1";"06";"06079";"2";"9";"1";"6";"Place du Souvenir FranÃ§ais";"43,5553640000";"6,9372870000"
"202100029033";"15";"07";"2021";"04:30";"3";"60";"60066";"1";"1";"1";"6";"D332";"49,2822500000";"2,8755820000"
"202100029034";"14";"07";"2021";"10:50";"1";"60";"60222";"1";"2";"1";"3";"D938";"49,4690155915";"2,2619862555"
"202100029035";"14";"07";"2021";"02:00";"5";"64";"64043";"2";"1";"2";"7";"Chemin du Haut";"43,4430970000";" -0,3498730000"
"202100029036";"14";"07";"2021";"08:30";"1";"10";"10317";"1";"1";"2";"7";"453";"47,9686350000";"4,3535900000"
"202100029037";"10";"06";"2021";"09:30";"1";"40";"40126";"2";"1";"1";"1";"Route de Dax";"43,7022690000";" -0,9357150000"
"202100029038";"15";"07";"2021";"19:30";"1";"17";"17323";"2";"2";"1";"3";"Rue de la Plage";"46,0348110000";" -1,3748360000"
"202100029039";"15";"07";"2021";"01:30";"3";"87";"87046";"1";"1";"8";"6";"Rue des Grillas";"45,8255020000";"1,0090470000"
"202100029040";"14";"07";"2021";"20:20";"2";"30";"30006";"2";"6";"1";"6";"D6572";"43,6861090000";"4,2077100000"
"202100029041";"15";"07";"2021";"11:15";"1";"31";"31315";"2";"1";"1";"6";"face au numÃ©ro 21 de la D117";"43,0812390000";"0,9525700000"
"202100029042";"14";"07";"2021";"17:05";"1";"973";"97309";"1";"1";"1";"7";"HELICOJYP";"4,8961910000";" -52,2933880000"
"202100029043";"15";"07";"2021";"11:10";"1";"82";"82149";"1";"1";"1";"2";"A20";"44,1246259115";"1,4786373542"
"202100029044";"14";"07";"2021";"07:15";"1";"47";"47238";"1";"1";"2";"6";"A 62 - PK 117";"44,2000700000";"0,5019970000"
"202100029045";"13";"07";"2021";"08:00";"1";"976";"97612";"2";"1";"1";"2";"quartier tchad - hamjago";" -12,6921950000";"45,0752200000"
"202100029046";"4";"07";"2021";"06:20";"2";"30";"30145";"1";"1";"3";"2";"Autoroute A9/PK37/Sens ORANGE/NIMES";"43,9006450000";"4,5226760000"
"202100029047";"14";"07";"2021";"20:50";"1";"78";"78385";"1";"3";"1";"2";"2 Chemin Departemental 110";"48,9564670000";"1,5927490000"
"202100029048";"15";"07";"2021";"00:40";"3";"11";"11426";"1";"1";"1";"6";"cd 620 villegly";"43,2760380000";"2,4264710000"
"202100029049";"14";"07";"2021";"22:30";"5";"83";"83112";"2";"1";"1";"7";"boulevard du MarÃ©chal Juin";"43,1814606058";"5,7034170628"
"202100029050";"14";"07";"2021";"19:28";"1";"05";"05166";"1";"1";"1";"6";"RD1075 PK29";"44,4406440000";"5,7132550000"
"202100029051";"14";"07";"2021";"20:25";"1";"13";"13022";"1";"1";"1";"3";"D41e";"43,2367210000";"5,5442720000"
"202100029052";"14";"07";"2021";"15:15";"1";"13";"13023";"1";"1";"1";"1";"RD 559A le pas d'ouillier";"43,2338850000";"5,5910110000"
"202100029053";"14";"07";"2021";"13:43";"1";"38";"38344";"1";"1";"2";"6";"A7 - Pk 18+400 - S/N";"45,3705090000";"4,8082140000"
"202100029054";"14";"07";"2021";"10:25";"1";"03";"03186";"2";"6";"3";"3";"Boulevard Jean Moulin";"46,3193720000";"2,9590160000"
"202100029055";"15";"07";"2021";"01:15";"2";"17";"17161";"1";"1";"1";"3";"route du paradis";"46,1843440000";" -1,3140430000"
"202100029056";"8";"07";"2021";"02:28";"5";"33";"33449";"2";"6";"2";"6";"Avenue Descartes";"44,8822520000";" -0,6881050000"