"Num_Acc";"jour";"mois";"an";"hrmn";"lum";"dep";"com";"agg";"int";"atm";"col";"adr";"lat";"long"
"202100029057";"14";"07";"2021";"16:30";"1";"94";"94037";"1";"1";"8";"7";"AUTOROUTE A6A";"48,8158300000";"2,3366300000"
"202100029058";"14";"07";"2021";"07:35";"1";"91";"91521";"1";"1";"2";"2";"RN 104";"48,6337400000";"2,4007500000"
"202100029059";"14";"07";"2021";"06:30";"2";"91";"91179";"1";"1";"1";"7";"AUTOROUTE A6";"48,5677000000";"2,4720100000"
"202100029060";"14";"07";"2021";"05:40";"2";"91";"91432";"1";"1";"2";"6";"AUTOROUTE A6";"48,6927900000";"2,3210800000"
"202100029061";"13";"07";"2021";"21:45";"2";"91";"91659";"1";"1";"2";"6";"AUTOROUTE A6";"48,5784300000";"2,4631300000"
"202100029062";"14";"07";"2021";"16:10";"1";"93";"93066";"1";"1";"1";"3";"AUTOROUTE A86";"48,9223600000";"2,3572300000"
"202100029063";"14";"07";"2021";"14:20";"1";"93";"93027";"1";"1";"1";"3";"AUTOROUTE A1";"48,9346400000";"2,3984700000"
"202100029064";"13";"07";"2021";"22:10";"3";"93";"93027";"1";"1";"2";"2";"AUTOROUTE A86";"48,9283500000";"2,4125100000"
"202100029065";"13";"07";"2021";"22:10";"3";"93";"93078";"1";"1";"2";"6";"AUTOROUTE A104";"48,9636100000";"2,5215000000"
"202100029066";"13";"07";"2021";"21:45";"5";"93";"93066";"1";"1";"2";"3";"AUTOROUTE A1";"48,9103000000";"2,3579400000"
"202100029067";"13";"07";"2021";"00:03";"3";"95";"95252";"1";"1";"2";"2";"A15";"48,9858600000";"2,2126200000"
"202100029068";"13";"07";"2021";"22:45";"3";"94";"94073";"1";"1";"2";"6";"A86 INT";"48,7698097869";"2,3803961277"
"202100029069";"29";"01";"2021";"10:28";"1";"06";"06029";"2";"1";"1";"7";"N/A";"43,5515990000";"6,9761610000"
"202100029070";"12";"07";"2021";"12:45";"1";"12";"12202";"2";"3";"8";"6";"Boscary Monsservin (Avenue)";"44,3608455653";"2,5566367507"
"202100029071";"10";"05";"2021";"08:40";"1";"91";"91027";"2";"1";"8";"6";"AV HENRI DUNANT";"48,7134300000";"2,3959500000"
"202100029072";"31";"03";"2021";"17:30";"1";"01";"01344";"2";"1";"1";"2";"TREVOUX (AVENUE DE)";"46,2003700000";"5,1953100000"
"202100029073";"10";"07";"2021";"17:10";"1";"974";"97416";"2";"1";"1";"3";"AUGUSTIN ARCHAMBAUD(RUE)";" -21,3326750000";"55,4790930000"
"202100029074";"12";"07";"2021";"08:30";"1";"974";"97416";"1";"1";"1";"3";"RN3 (1)";" -21,3175200000";"55,4905100000"
"202100029075";"13";"07";"2021";"14:45";"1";"973";"97302";"1";"6";"1";"2";"MADELEINE (ROUTE DE LA)";"4,9077800000";" -52,3221000000"
"202100029076";"13";"07";"2021";"09:55";"1";"973";"97302";"2";"1";"1";"7";"RABAN (ROUTE DE)";"4,9260793346";" -52,3134970330"
"202100029077";"13";"07";"2021";"18:36";"1";"69";"69259";"2";"9";"2";"2";"MAURICE THOREZ (AV)";"45,6999500000";"4,8629200000"
"202100029078";"13";"07";"2021";"12:00";"1";"69";"69259";"2";"1";"2";"6";"JULES GRANDCLEMENT (PL)";"45,7190500000";"4,8878300000"
"202100029079";"13";"07";"2021";"09:50";"1";"69";"69034";"2";"1";"1";"6";"CREPIEUX (DE) (CHM)";"45,8005900000";"4,8489600000"
"202100029080";"13";"07";"2021";"21:50";"2";"91";"91377";"2";"9";"3";"3";"RUE ROBERT SCHUMAN";"48,7281600000";"2,2589700000"
"202100029081";"3";"07";"2021";"10:10";"1";"88";"88415";"1";"1";"1";"3";"cd 42";"48,0487600000";"6,5975300000"
"202100029082";"10";"07";"2021";"17:43";"1";"87";"87038";"1";"1";"1";"3";"RN520";"45,9013500000";"1,2269200000"
"202100029083";"10";"07";"2021";"10:42";"1";"87";"87085";"2";"1";"1";"6";"BLANC LOUIS (BOULEVARD)";"45,8273200000";"1,2602300000"
"202100029084";"10";"07";"2021";"02:43";"5";"87";"87050";"1";"1";"1";"6";"D35";"45,8765800000";"1,2082600000"
"202100029085";"9";"07";"2021";"19:14";"1";"87";"87085";"2";"1";"1";"6";"BEAUBLANC (BOULEVARD DE)";"45,8461900000";"1,2432600000"
"202100029086";"13";"07";"2021";"19:30";"1";"83";"83137";"2";"3";"1";"5";"JOFFRE (BD MARECHAL)";"43,1237759044";"5,9514878690"
"202100029087";"13";"07";"2021";"18:10";"1";"83";"83069";"2";"2";"1";"3";"GODILLOT  ( AVENUE ALEXIS )";"43,1108819616";"6,1238957948"
"202100029088";"13";"07";"2021";"14:50";"1";"83";"83069";"2";"3";"1";"3";"LOUBES (ROUTE DES)";"43,1106810000";"6,1162320000"
"202100029089";"12";"07";"2021";"18:10";"1";"83";"83069";"1";"3";"1";"5";"PIERREFEU (ROUTE DE) RD 12";"43,1443910517";"6,1534953117"
"202100029090";"11";"07";"2021";"22:36";"5";"80";"80021";"2";"1";"1";"1";"JULES BARNI (RUE)";"49,8873452182";"2,3151529332"
"202100029091";"10";"07";"2021";"19:04";"1";"80";"80021";"2";"1";"1";"6";"STENDHAL (RUE)";"49,9081927855";"2,3168063164"
"202100029092";"10";"07";"2021";"21:00";"1";"80";"80021";"2";"2";"1";"1";"ALSACE LORRAINE (BOULEVARD D')";"49,8934317858";"2,3084270954"
"202100029093";"10";"07";"2021";"02:44";"5";"80";"80489";"2";"1";"1";"6";"ONZE NOVEMBRE 1918 (RUE DU )";"49,8693156670";"2,3623287678"
"202100029094";"9";"07";"2021";"15:45";"1";"80";"80021";"2";"1";"1";"6";"ROUBAIX (BOULEVARD DE )";"49,9077400000";"2,3179200000"
"202100029095";"8";"07";"2021";"14:15";"1";"80";"80021";"2";"2";"1";"3";"MILLEVOYE (RUE)";"49,8866700000";"2,2978400000"
"202100029096";"13";"07";"2021";"15:00";"1";"76";"76429";"2";"1";"8";"7";"PARIS. ROUTE DE";"49,4161000000";"1,1338100000"
"202100029097";"12";"07";"2021";"10:23";"1";"76";"76351";"1";"2";"2";"6";"Boulevard de LÃ©ningrad";"49,5002400000";"0,1710200000"
"202100029098";"12";"07";"2021";"18:48";"1";"74";"74012";"2";"1";"8";"2";"BEULET (RUE DU)";"46,1912700000";"6,2396800000"
"202100029099";"13";"07";"2021";"18:25";"1";"72";"72181";"2";"1";"1";"7";"LIBERATION (AV DE LA) NÂ° IMP 147 ET+";"48,0016200000";"0,1844100000"
"202100029100";"12";"07";"2021";"15:38";"1";"72";"72095";"2";"1";"2";"6";"MOSCOU (RUE DE)";"48,0222400000";"0,2070600000"
"202100029101";"12";"07";"2021";"11:50";"1";"69";"69266";"2";"1";"1";"3";"ANATOLE FRANCE (R)";"45,7689946031";"4,8840932697"
"202100029102";"13";"07";"2021";"13:40";"1";"69";"69264";"2";"3";"1";"3";"FRANS (DE) (RTE)";"45,9849600000";"4,7316700000"
"202100029103";"12";"07";"2021";"15:15";"1";"67";"67482";"2";"1";"1";"3";"SCHIRMECK (ROUTE DE)";"48,5638098753";"7,7046823069"
"202100029104";"11";"07";"2021";"11:40";"1";"67";"67482";"2";"1";"1";"6";"LOUIS LOUCHEUR (RUE)";"48,5499400000";"7,7560800000"
"202100029105";"10";"07";"2021";"18:30";"1";"67";"67482";"2";"1";"1";"3";"BRUMATH (ROUTE DE)";"48,5969400000";"7,7419700000"
"202100029106";"13";"07";"2021";"10:40";"1";"65";"65417";"2";"1";"1";"2";"Rue des PyrÃ©nÃ©es";"43,2128601030";"0,1098418236"
"202100029107";"12";"07";"2021";"13:15";"1";"64";"64335";"1";"6";"2";"2";"RD 817";"43,3452000000";" -0,4227000000"
"202100029108";"13";"07";"2021";"20:35";"1";"64";"64122";"2";"3";"1";"1";"MIGRON (AVENUE DE)";"43,4734800000";" -1,5503200000"
"202100029109";"13";"07";"2021";"23:10";"5";"64";"64102";"2";"1";"1";"3";"Place Paul Bert";"43,4901700000";" -1,4708600000"
"202100029110";"12";"07";"2021";"18:15";"1";"64";"64102";"2";"1";"8";"4";"AQUITAINE (AVENUE DE L')";"43,4882600000";" -1,4596300000"
"202100029111";"10";"07";"2021";"08:30";"1";"63";"63224";"1";"1";"1";"6";"RD 2009";"45,8617700000";"3,1185400000"
"202100029112";"8";"07";"2021";"19:15";"1";"63";"63113";"2";"1";"1";"5";"JACOBINS (RUE DES)";"45,7818800000";"3,0951100000"
"202100029113";"10";"07";"2021";"21:05";"1";"63";"63075";"2";"2";"1";"6";"ROYAT (AVENUE DE)";"45,7741800000";"3,0628800000"
"202100029114";"12";"06";"2021";"22:45";"3";"62";"62842";"1";"1";"1";"7";"D 947";"50,4592560000";"2,8155470000"
"202100029115";"13";"07";"2021";"10:35";"1";"60";"60159";"1";"1";"3";"6";"Route Nationale 31";"49,4235160020";"2,8582863806"
"202100029116";"12";"07";"2021";"11:40";"1";"60";"60159";"2";"1";"8";"6";"Avenue Pierre et Marie Curie";"49,3954600000";"2,7932200000"
"202100029117";"9";"07";"2021";"18:45";"1";"59";"59345";"2";"1";"1";"2";"PASTEUR (RUE)";"50,3428000000";"3,1588100000"
"202100029118";"13";"07";"2021";"20:32";"5";"51";"51454";"2";"3";"3";"3";"Place Royale";"49,2553759355";"4,0337352455"
"202100029119";"13";"07";"2021";"16:30";"1";"51";"51454";"2";"3";"2";"3";"Rue Gosset";"49,2674536798";"4,0457562158"
"202100029120";"13";"07";"2021";"14:20";"1";"51";"51454";"2";"2";"2";"7";"Boulevard Lundy";"49,2581282736";"4,0383762417"
"202100029121";"13";"07";"2021";"22:15";"2";"49";"49007";"2";"1";"1";"3";"CLEMENCEAU BOULEVARD";"47,4757010000";" -0,5668550000"
"202100029122";"13";"07";"2021";"09:20";"1";"49";"49007";"2";"3";"2";"2";"BRIOLLAY ROUTE";"47,4871900000";" -0,5322900000"
"202100029123";"11";"07";"2021";"03:41";"3";"49";"49007";"1";"1";"1";"7";"BARANGE BOULEVARD";"47,4579800000";" -0,5727600000"
"202100029124";"13";"07";"2021";"19:15";"1";"45";"45284";"2";"1";"2";"6";"121 Rue du Faubourg de Bourgogne";"47,9033930000";"1,9320000000"
"202100029125";"14";"07";"2021";"01:10";"5";"44";"44109";"2";"6";"1";"3";"POILUS ( BD DES )";"47,2317330000";" -1,5308510000"
"202100029126";"13";"07";"2021";"03:30";"5";"43";"43157";"2";"1";"1";"7";"22 Avenue du Val Vert";"45,0324300000";"3,8848300000"
"202100029127";"13";"07";"2021";"21:00";"2";"37";"37195";"2";"3";"1";"3";"N/A";"47,3935600000";"0,6629500000"
"202100029128";"13";"07";"2021";"15:55";"1";"37";"37261";"2";"1";"1";"3";"MAGINOT (AV. ANDRE)";"47,4255758580";"0,6992197037"
"202100029129";"13";"07";"2021";"12:35";"1";"37";"37208";"2";"1";"2";"7";"BEAUGAILLARD (AVENUE)";"47,3610558969";"0,7210221843"
"202100029130";"12";"07";"2021";"14:40";"1";"37";"37261";"2";"3";"1";"6";"FEBVOTTE (RUE)";"47,3771448201";"0,6882311595"
"202100029131";"12";"07";"2021";"08:45";"1";"37";"37261";"2";"1";"2";"7";"PROUDHON (AVENUE)";"47,3954623495";"0,6750020385"
"202100029132";"13";"07";"2021";"16:30";"1";"35";"35055";"2";"6";"1";"1";"BREILLOU (RUE DU)";"48,0985800000";" -1,6214500000"
"202100029133";"11";"07";"2021";"19:50";"1";"34";"34032";"2";"2";"1";"3";"LECLERC MARECHAL (BD)";"43,3453900000";"3,2387300000"
"202100029134";"13";"07";"2021";"22:05";"5";"33";"33522";"2";"1";"1";"3";"Cours de la LibÃ©ration";"44,8025400000";" -0,5934100000"
"202100029135";"13";"07";"2021";"16:30";"1";"33";"33522";"2";"1";"2";"2";"Cours MarÃ©chal Gallieni";"44,8195200000";" -0,5979300000"
"202100029136";"13";"07";"2021";"13:15";"1";"33";"33063";"2";"1";"3";"3";"Avenue de Labarde";"44,9081200000";" -0,5564900000"
"202100029137";"13";"07";"2021";"13:30";"1";"33";"33063";"2";"3";"3";"3";"Cours Victor Hugo";"44,8349890000";" -0,5720690000"
"202100029138";"13";"07";"2021";"09:00";"1";"33";"33522";"2";"2";"1";"3";"Rue de Tremeuge";"44,8029300000";" -0,5893500000"
"202100029139";"13";"07";"2021";"19:20";"1";"31";"31555";"2";"3";"2";"2";"SEVERAC (BD DEODAT DE) DU 52AU 101";"43,5887440000";"1,4229080000"
"202100029140";"13";"07";"2021";"03:25";"5";"31";"31555";"2";"9";"1";"2";"AV DES ETATS UNIS";"43,6525800000";"1,4248400000"
"202100029141";"13";"07";"2021";"08:15";"1";"26";"26198";"2";"1";"1";"5";"RN 7 (Bouquet-Sarda)";"44,5586600000";"4,7296400000"
"202100029142";"11";"07";"2021";"10:50";"1";"25";"25056";"2";"1";"1";"6";"DOLE RUE DE (sup 200)";"47,2242000000";"5,9693430000"
"202100029143";"12";"07";"2021";"22:10";"5";"21";"21231";"2";"3";"2";"3";"BOURROCHES (DES) (BOULEVARD)";"47,3116220072";"5,0148022533"
"202100029144";"14";"07";"2021";"02:40";"5";"13";"13215";"2";"1";"1";"3";"HENRI BARNIER (BOULEVARD)";"43,3729000000";"5,3512000000"
"202100029145";"12";"07";"2021";"22:40";"5";"13";"13207";"2";"3";"1";"3";"CHARLES LIVON (BOULEVARD)";"43,2922500000";"5,3637500000"
"202100029146";"12";"07";"2021";"19:05";"1";"12";"12013";"1";"1";"2";"7";"RD5 ANTOINE DE ST EXUPERY";"44,5130420000";"2,2444370000"
"202100029147";"13";"07";"2021";"13:50";"1";"06";"06069";"2";"9";"1";"3";"CHEVALIER (AVENUE MAURICE)";"43,6265160000";"6,9376470000"
"202100029148";"13";"07";"2021";"11:55";"1";"06";"06069";"2";"1";"1";"2";"PAGNOL (BOULEVARD MARCEL)";"43,6453620000";"6,9442530000"
"202100029149";"12";"07";"2021";"10:31";"1";"05";"05061";"2";"1";"1";"6";"EMBRUN ( AVENUE D')";"44,5688700000";"6,0998400000"
"202100029150";"13";"07";"2021";"16:15";"1";"75";"75116";"2";"1";"1";"3";"BOULEVARD PERIPHERIQUE";"48,8627610000";"2,2651500000"
"202100029151";"12";"07";"2021";"01:10";"5";"75";"75116";"2";"4";"1";"3";"PORTE DE SAINT CLOUD";"48,8352700000";"2,2599630000"
"202100029152";"12";"07";"2021";"17:07";"1";"75";"75103";"2";"1";"8";"3";"RUE DE BRETAGNE";"48,8642320000";"2,3603530000"
"202100029153";"13";"07";"2021";"11:39";"1";"75";"75105";"2";"3";"2";"3";"QUAI DE MONTEBELLO";"48,8519310000";"2,3491870000"
"202100029154";"13";"07";"2021";"07:50";"1";"75";"75118";"2";"2";"8";"3";"BOULEVARD BARBES";"48,8883520000";"2,3495970000"
"202100029155";"13";"07";"2021";"16:40";"1";"75";"75117";"2";"3";"3";"3";"RUE DU PRINTEMPS";"48,8866880000";"2,3086290000"
"202100029156";"13";"07";"2021";"08:40";"1";"75";"75115";"2";"3";"1";"6";"QUAI DE GRENELLE";"48,8544150000";"2,2886860000"
"202100029157";"13";"07";"2021";"12:20";"1";"75";"75114";"2";"4";"3";"3";"BOULEVARD RASPAIL";"48,8405930000";"2,3301220000"
"202100029158";"12";"07";"2021";"21:30";"5";"75";"75114";"2";"3";"8";"3";"AVENUE DU MAINE";"48,8343800000";"2,3241890000"
"202100029159";"13";"07";"2021";"20:25";"1";"75";"75112";"2";"2";"2";"2";"AVENUE DU TREMBLAY";"48,8358190000";"2,4531040000"
"202100029160";"12";"07";"2021";"01:26";"5";"75";"75112";"2";"2";"1";"6";"AVENUE DE LA PORTE DE CHARENTON";"48,8317050000";"2,3978800000"
"202100029161";"13";"07";"2021";"17:35";"1";"75";"75111";"2";"7";"3";"6";"AVENUE DU TRONE";"48,8482450000";"2,3975120000"
"202100029162";"13";"07";"2021";"18:20";"1";"75";"75109";"2";"5";"3";"7";"RUE DE LONDRES";"48,8778600000";"2,3269860000"
"202100029163";"13";"07";"2021";"14:52";"1";"75";"75108";"2";"7";"2";"3";"PLACE DE L ALMA";"48,8646840000";"2,3017540000"
"202100029164";"13";"07";"2021";"08:35";"1";"94";"94068";"2";"2";"2";"3";"Rue Saint-Hilaire";"48,7917880000";"2,5133050000"
"202100029165";"13";"07";"2021";"07:00";"2";"94";"94042";"2";"1";"2";"2";"Boulevard du MarÃ©chal Leclerc";"48,8147600000";"2,4679600000"
"202100029166";"13";"07";"2021";"18:00";"1";"94";"94076";"2";"1";"3";"6";"Rue RenÃ© Hamon";"48,7897300000";"2,3614600000"
"202100029167";"13";"07";"2021";"20:15";"2";"94";"94021";"1";"9";"2";"3";"DES MARAICHERS (AVENUE)";"48,7630200000";"2,3487200000"
"202100029168";"13";"07";"2021";"13:16";"1";"94";"94073";"2";"1";"2";"7";"Avenue de Versailles";"48,7586600000";"2,3947400000"
"202100029169";"12";"07";"2021";"09:00";"1";"94";"94011";"2";"3";"2";"3";"Avenue Rhin et Danube";"48,7708900000";"2,4901900000"
"202100029170";"13";"07";"2021";"17:10";"1";"93";"93064";"2";"1";"3";"3";"LISBONNE (RUE DE)";"48,8808990000";"2,4720840000"
"202100029171";"13";"07";"2021";"12:53";"1";"93";"93031";"2";"9";"3";"6";"Boulevard Foch";"48,9467380000";"2,3338840000"
"202100029172";"13";"07";"2021";"17:40";"1";"93";"93013";"2";"2";"3";"3";"Avenue John Fitzgerald Kennedy / Rue de lâEgalitÃ©";"48,9389400000";"2,4243000000"
"202100029173";"13";"07";"2021";"15:38";"1";"93";"93001";"2";"1";"3";"2";"JEAN JAURES  (AVE)  157 A 213";"48,9120300000";"2,4011200000"
"202100029174";"8";"07";"2021";"18:59";"1";"92";"92078";"2";"1";"1";"3";"VERDUN (AVENUE) (PAIRS 92 ET PLUS)";"48,9357020000";"2,3358420000"
"202100029175";"8";"07";"2021";"11:00";"1";"92";"92078";"2";"1";"1";"1";"CHARLES DE GAULLE (BD) (1 AU 13)";"48,9369190000";"2,3307900000"
"202100029176";"12";"07";"2021";"19:37";"1";"92";"92064";"2";"7";"3";"7";"PLACE CLEMENCEAU";"48,8414941859";"2,2219195395"
"202100029177";"13";"07";"2021";"07:20";"1";"92";"92062";"2";"1";"1";"2";"DE DION BOUTON (QUAI) DU 29 AU 65";"48,8844916211";"2,2502741218"
"202100029178";"13";"07";"2021";"13:30";"1";"92";"92050";"2";"3";"3";"6";"BARBUSSE HENRI RUE";"48,8904633722";"2,1949294209"
"202100029179";"13";"07";"2021";"13:40";"1";"92";"92026";"2";"1";"3";"3";"Rue du GÃ©nÃ©ral Audran";"48,8903452139";"2,2535356879"
"202100029180";"13";"07";"2021";"17:48";"1";"92";"92025";"2";"1";"3";"6";"CHARLES DE GAULLE (BD)";"48,9143230000";"2,2294260000"
"202100029181";"13";"07";"2021";"13:00";"1";"92";"92024";"2";"1";"3";"7";"GENERAL LECLERC (RUE DU) DE (59 ET PLUS)";"48,9092640416";"2,3070229590"
"202100029182";"12";"07";"2021";"12:45";"1";"92";"92024";"2";"2";"2";"3";"GENERAL LECLERC (BD DU) (9 A 59)   (4 A";"48,9008500000";"2,3158700000"
"202100029183";"12";"07";"2021";"09:00";"1";"92";"92024";"2";"1";"8";"5";"CLICHY (QUAI DE) DE (8 A 60)";"48,9047049535";"2,2924840450"
"202100029184";"13";"07";"2021";"20:05";"1";"92";"92012";"2";"3";"3";"7";"SEVRES (RUE DE) 1/55 - 2/40";"48,8399200000";"2,2285200000"
"202100029185";"11";"07";"2021";"22:00";"2";"92";"92004";"2";"2";"1";"3";"REDOUTE ( AVENUE DE LA  )";"48,9295549677";"2,2818463504"
"202100029186";"10";"06";"2021";"08:10";"1";"35";"35126";"2";"1";"1";"3";"Rue de Redon";"47,9995240000";" -1,7759720000"
"202100029187";"13";"07";"2021";"16:50";"1";"26";"26323";"2";"1";"1";"7";"Route DÃ©partementale la Dauphinoise";"45,0686560000";"5,1276920000"
"202100029188";"14";"07";"2021";"08:15";"1";"42";"42294";"1";"1";"3";"2";"N7";"46,0118960000";"4,1063760000"
"202100029189";"13";"07";"2021";"18:40";"5";"974";"97422";"2";"1";"1";"7";"Avenue de l Europe";" -21,2758620000";"55,5049680000"
"202100029190";"13";"07";"2021";"12:45";"1";"74";"74182";"2";"1";"2";"6";"RUE DU NANT";"45,9175940000";"6,0883890000"
"202100029191";"29";"06";"2021";"17:00";"1";"72";"72008";"1";"1";"1";"6";"D323";"47,9431350000";"0,1920940000"
"202100029192";"13";"07";"2021";"17:15";"1";"30";"30286";"1";"1";"1";"6";"DÃ©partementale 981";"43,9838530000";"4,4627340000"
"202100029193";"13";"07";"2021";"20:00";"1";"56";"56015";"1";"1";"1";"2";"Le Flachec";"47,6230580000";" -2,5347300000"
"202100029194";"13";"07";"2021";"16:30";"1";"56";"56008";"1";"2";"1";"3";"Prad Lann Tourlarec";"47,6221540000";" -2,8937660000"
"202100029195";"14";"07";"2021";"19:15";"1";"80";"80430";"2";"1";"1";"6";"D1";"49,9226070000";"2,8396550000"
"202100029196";"14";"07";"2021";"02:14";"4";"80";"80688";"2";"1";"1";"7";"Rue Siffait de Moncourt";"50,2732350000";"1,6762520000"
"202100029197";"6";"07";"2021";"15:40";"1";"63";"63128";"1";"1";"1";"1";"D223";"45,9146094820";"3,3790052272"
"202100029198";"13";"07";"2021";"19:30";"1";"63";"63317";"2";"1";"1";"1";"Pagnant";"45,9530670000";"3,3131720000"
"202100029199";"13";"07";"2021";"19:00";"1";"12";"12259";"1";"1";"3";"1";"Lieu Dit Puech de Vialelles";"44,3083607363";"2,0364689824"
"202100029200";"11";"07";"2021";"07:15";"2";"12";"12059";"1";"1";"1";"6";"Le suquet";"44,3161720000";"2,3174500000"
"202100029201";"14";"07";"2021";"08:20";"1";"12";"12039";"1";"1";"3";"6";"Lieu dit Cusses";"43,7927210000";"2,9380270000"
"202100029202";"14";"07";"2021";"09:22";"1";"12";"12171";"1";"1";"2";"3";"D901";"44,4911770000";"2,4448520000"
"202100029203";"13";"07";"2021";"16:30";"1";"12";"12138";"1";"1";"3";"1";"RD901";"44,4902560000";"2,4484170000"
"202100029204";"13";"07";"2021";"22:00";"3";"42";"42318";"1";"1";"8";"7";"D498";"45,3674710000";"3,9230100000"
"202100029205";"10";"07";"2021";"16:00";"1";"47";"47014";"1";"1";"1";"6";"Bois de Lugot";"44,5477910000";"0,4030770000"
"202100029206";"11";"07";"2021";"10:50";"1";"41";"41002";"1";"6";"1";"7";"D976";"47,3348090000";"1,2391910000"
"202100029207";"11";"07";"2021";"11:50";"1";"86";"86145";"1";"1";"1";"7";"Route Nationale 10";"46,4815140000";"0,2713960000"
"202100029208";"14";"07";"2021";"19:30";"1";"29";"29020";"1";"1";"1";"3";"Ti Nevez Kerdeillou";"48,0876543445";" -3,9523015388"
"202100029209";"13";"07";"2021";"19:20";"1";"02";"02658";"2";"1";"1";"2";"Rue de Paris";"49,8110890000";"3,1843720000"
"202100029210";"13";"07";"2021";"20:15";"1";"01";"01334";"1";"1";"1";"3";"D2";"46,2167821576";"4,9272682518"
"202100029211";"14";"07";"2021";"05:50";"2";"01";"01163";"1";"1";"8";"6";"Route de Bezentet";"46,3878130000";"5,1509000000"
"202100029212";"13";"07";"2021";"19:45";"1";"70";"70459";"2";"2";"1";"3";"D73";"47,7510180000";"6,5830450000"
"202100029213";"14";"07";"2021";"00:10";"3";"58";"58040";"2";"1";"2";"6";"Brienne";"47,0011720000";"3,6885470000"
"202100029214";"14";"07";"2021";"12:30";"1";"50";"50103";"1";"1";"1";"2";"Rue de la LibÃ©ration (Chef-du-Pont)";"49,3824990000";" -1,3293140000"
"202100029215";"13";"07";"2021";"19:00";"1";"09";"09057";"1";"1";"2";"7";"tartein";"42,9006920000";"1,3288530000"
"202100029216";"13";"07";"2021";"17:36";"1";"21";"21050";"1";"9";"1";"6";"D906";"47,0033780000";"4,6617030000"
"202100029217";"14";"07";"2021";"01:00";"3";"40";"40162";"1";"1";"1";"7";"D392";"43,9553750000";" -0,3873220000"
"202100029218";"14";"07";"2021";"18:00";"1";"04";"04157";"1";"1";"1";"1";"RD 953";"43,8871940000";"6,1325460000"
"202100029219";"14";"07";"2021";"10:15";"1";"48";"48128";"1";"1";"2";"6";"RD806";"44,7577510000";"3,3318830000"
"202100029220";"13";"07";"2021";"20:00";"1";"48";"48072";"1";"1";"2";"6";"D808";"44,5043720000";"3,3380840000"
"202100029221";"13";"07";"2021";"07:45";"1";"48";"48032";"2";"1";"1";"1";"D73";"44,6401970000";"3,2219580000"
"202100029222";"12";"07";"2021";"12:09";"1";"10";"10430";"1";"1";"2";"6";"autoroute A26";"48,6515011332";"4,1746330261"
"202100029223";"14";"07";"2021";"06:20";"1";"68";"68118";"2";"2";"1";"3";"138 Rue du GÃ©nÃ©ral de Gaulle";"47,7228200000";"7,4181130000"
"202100029224";"5";"07";"2021";"09:30";"1";"971";"97128";"2";"1";"1";"6";"Calvaire";"16,2630060000";" -61,3809160000"
"202100029225";"11";"07";"2021";"21:15";"1";"33";"33214";"2";"1";"1";"6";"N/A";"45,0014930000";" -1,1980390000"
"202100029226";"13";"07";"2021";"20:45";"3";"77";"77196";"1";"1";"3";"6";"route nationale 3";"48,9486050000";"2,7505730000"
"202100029227";"3";"07";"2021";"18:10";"1";"91";"91085";"1";"1";"1";"7";"Route d Avrainville";"48,5594400000";"2,2235060000"
"202100029228";"12";"07";"2021";"18:20";"1";"30";"30330";"1";"1";"8";"3";"RD 35";"44,0031870000";"4,0079500000"
"202100029229";"14";"07";"2021";"14:05";"1";"13";"13015";"2";"3";"1";"3";"avenue thiers";"43,4451940000";"5,4058780000"
"202100029230";"14";"07";"2021";"15:07";"1";"26";"26002";"1";"1";"2";"6";"Autoroute du Soleil";"45,2306260000";"4,8502710000"
"202100029231";"12";"07";"2021";"15:00";"1";"67";"67233";"2";"3";"1";"3";"Rue de Huttenheim";"48,3748990000";"7,5693390000"
"202100029232";"14";"07";"2021";"02:00";"3";"88";"88026";"2";"1";"1";"6";"7ter Route de Remiremont";"48,2122950000";"6,5811040000"
"202100029233";"11";"07";"2021";"15:30";"1";"57";"57091";"2";"1";"1";"6";"6 rue du chateau";"49,1128590000";"7,1770780000"
"202100029234";"13";"07";"2021";"16:50";"1";"74";"74222";"1";"1";"2";"1";"D26";"46,3364810000";"6,5555490000"
"202100029235";"13";"07";"2021";"09:45";"1";"07";"07156";"1";"1";"1";"6";"Le Pradel";"44,6809210000";"4,2833220000"
"202100029236";"14";"07";"2021";"03:13";"5";"69";"69074";"1";"2";"8";"3";"RIVOLET (DE) (RTE)";"45,9963730000";"4,6632130000"
"202100029237";"14";"07";"2021";"11:45";"1";"33";"33339";"1";"1";"3";"1";"N/A";"45,0277660000";" -0,4838010000"
"202100029238";"13";"07";"2021";"18:30";"1";"22";"22067";"2";"3";"1";"3";"Rue Pen An Croissant";"48,5554160000";" -3,1631700000"
"202100029239";"14";"07";"2021";"12:47";"1";"22";"22213";"2";"1";"1";"6";"La Mettrie Pommerais";"48,5303400000";" -1,9860850000"
"202100029240";"14";"07";"2021";"10:27";"1";"22";"22054";"2";"1";"1";"1";"Rue du Four Ã  Boulets";"48,6396870000";" -2,4813220000"
"202100029241";"12";"07";"2021";"16:40";"1";"13";"13071";"1";"1";"1";"4";"A51-Sens Marseille vers Aix en Provence";"43,4150000000";"5,3650000000"
"202100029242";"13";"07";"2021";"05:25";"2";"13";"13056";"1";"1";"1";"2";"A55-Sens Marseille vers Martigues";"43,3994240000";"5,0875520000"
"202100029243";"12";"07";"2021";"16:30";"1";"13";"13215";"1";"1";"1";"2";"A7-Sens Marseille vers Lyon";"43,3719600000";"5,3611800000"
"202100029244";"13";"07";"2021";"17:45";"1";"33";"33366";"1";"1";"1";"2";"AUTOROUTE A 10";"44,9906860000";" -0,4271010000"