"Num_Acc";"jour";"mois";"an";"hrmn";"lum";"dep";"com";"agg";"int";"atm";"col";"adr";"lat";"long"
"202100029245";"13";"07";"2021";"15:55";"1";"33";"33249";"1";"1";"2";"7";"ROCADE A 630";"44,8846690000";" -0,5132880000"
"202100029246";"13";"07";"2021";"17:58";"1";"91";"91617";"1";"1";"3";"3";"RN 104";"48,6314500000";"2,5122300000"
"202100029247";"13";"07";"2021";"15:55";"1";"92";"92002";"1";"1";"3";"2";"AUTOROUTE A86";"48,7632033216";"2,3051235029"
"202100029248";"13";"07";"2021";"09:05";"1";"91";"91174";"1";"1";"8";"3";"RN 104";"48,6231200000";"2,4668100000"
"202100029249";"13";"07";"2021";"08:05";"1";"94";"94065";"1";"1";"1";"4";"N186";"48,7547300000";"2,3471300000"
"202100029250";"12";"07";"2021";"23:35";"3";"91";"91286";"1";"1";"3";"2";"AUTOROUTE A6";"48,6471400000";"2,3873900000"
"202100029251";"13";"07";"2021";"18:10";"1";"92";"92036";"1";"1";"1";"2";"AUTOROUTE A86";"48,9383700387";"2,3001401108"
"202100029252";"13";"07";"2021";"15:50";"1";"92";"92036";"1";"1";"2";"2";"AUTOROUTE A15";"48,9384432213";"2,2966712184"
"202100029253";"13";"07";"2021";"15:45";"1";"95";"95582";"1";"1";"3";"7";" A15";"48,9665500000";"2,2559700000"
"202100029254";"13";"07";"2021";"13:00";"1";"95";"95582";"1";"1";"3";"5";"A15";"48,9634400000";"2,2643200000"
"202100029255";"13";"07";"2021";"10:30";"1";"95";"95018";"1";"1";"2";"6";"A15";"48,9592300000";"2,2733000000"
"202100029256";"13";"07";"2021";"09:20";"1";"93";"93078";"1";"1";"2";"2";"AUTOROUTE A104";"48,9712217736";"2,4988746643"
"202100029257";"13";"07";"2021";"06:45";"2";"95";"95028";"1";"1";"2";"7";"RN 104";"49,0642900000";"2,3683300000"
"202100029258";"12";"07";"2021";"07:30";"1";"976";"97611";"2";"1";"1";"6";"passamanty-VahibÃ© ( route )";" -12,8010200000";"45,2086200000"
"202100029259";"6";"07";"2021";"17:00";"1";"55";"55029";"2";"1";"1";"6";"BRADFER ( RUE ERNEST )";"48,7691000000";"5,1723200000"
"202100029260";"19";"02";"2021";"18:10";"2";"74";"74212";"1";"1";"1";"7";"Rte des Eveaux";"46,0273810000";"6,3916930000"
"202100029261";"9";"07";"2021";"23:25";"5";"988";"98818";"2";"3";"1";"6";"RUE JULES GARNIER/RUE PADDON";" -22,2896300000";"166,4416100000"
"202100029262";"12";"07";"2021";"12:18";"1";"976";"97611";"2";"1";"1";"6";"mamoudzou centre-Haladi Selemani ( rue )";" -12,7810300000";"45,2305700000"
"202100029263";"12";"07";"2021";"17:25";"2";"974";"97411";"2";"1";"1";"1";"LECLERC (DU MARECHAL)";" -20,8798700000";"55,4562800000"
"202100029264";"12";"07";"2021";"17:20";"1";"973";"97302";"2";"1";"1";"1";"MADELEINE (ROUTE DE LA)";"4,9140900000";" -52,3209000000"
"202100029265";"11";"07";"2021";"07:08";"1";"973";"97302";"2";"1";"2";"3";"TROUBIRAN (CHEMIN DE)";"4,9166956600";" -52,3090419500"
"202100029266";"14";"06";"2021";"16:10";"1";"973";"97302";"2";"1";"1";"7";"CATAYEE (JUSTIN)";"4,9387052270";" -52,3304154316"
"202100029267";"10";"07";"2021";"21:10";"5";"972";"97209";"1";"1";"8";"6";"RD 41 (ROCADE)";"14,6165302417";" -61,0746717453"
"202100029268";"12";"07";"2021";"17:25";"1";"69";"69385";"2";"1";"3";"6";"CHOULANS (DE) (MO)";"45,7560300000";"4,8155300000"
"202100029269";"11";"07";"2021";"17:50";"1";"971";"97113";"1";"1";"1";"1";"Morne Salines";"16,2090000000";" -61,4421700000"
"202100029270";"11";"07";"2021";"13:20";"1";"971";"97113";"1";"1";"1";"5";"RN4 - SECTION RIVIERA";"16,2174600000";" -61,4923100000"
"202100029271";"11";"07";"2021";"06:30";"1";"971";"97120";"1";"1";"8";"1";"CHEMIN NEUF";"16,2328800000";" -61,5326000000"
"202100029272";"11";"07";"2021";"14:45";"1";"971";"97107";"2";"1";"1";"7";"MARQUISAT ( ROUTE DE )";"16,0408000000";" -61,5674800000"
"202100029273";"12";"07";"2021";"08:00";"1";"95";"95277";"2";"1";"2";"3";"Rue Nungesser et Coli";"48,9738700000";"2,4610300000"
"202100029274";"12";"07";"2021";"14:30";"1";"91";"91691";"2";"2";"3";"3";"VALENTON(RUE)";"48,7309400000";"2,5138400000"
"202100029275";"12";"07";"2021";"09:35";"1";"91";"91027";"2";"1";"3";"2";"RTE NATIONALE 7";"48,7173910000";"2,3708100000"
"202100029276";"9";"07";"2021";"12:45";"1";"85";"85194";"2";"9";"1";"6";"BENATIER (RUE JOSEPH)";"46,5039900000";" -1,7995100000"
"202100029277";"10";"07";"2021";"09:45";"1";"84";"84031";"1";"1";"7";"6";"PONT DES FONTAINES AVENUE";"44,0609880000";"5,0538010000"
"202100029278";"4";"07";"2021";"22:30";"4";"84";"84007";"2";"1";"1";"6";"FOLIE (Avenue de la)";"43,9486730000";"4,8192780000"
"202100029279";"10";"07";"2021";"17:30";"1";"83";"83137";"2";"9";"1";"2";"PICOT (AVE DU COLONEL)";"43,1277500000";"5,9634800000"
"202100029280";"10";"07";"2021";"04:15";"5";"83";"83123";"2";"1";"1";"1";"TOULON (ANCIEN CHEMIN DE)";"43,1269000000";"5,8164100000"
"202100029281";"12";"07";"2021";"08:20";"1";"77";"77131";"2";"1";"2";"2";"ELVERT ROBERT (AVENUE)";"48,8030000000";"3,0840000000"
"202100029282";"9";"07";"2021";"12:42";"1";"76";"76351";"2";"3";"1";"3";"SAINTE ADRESSE (DE)";"49,4998600000";"0,0925500000"
"202100029283";"9";"07";"2021";"19:40";"1";"69";"69256";"2";"2";"1";"1";"PABLO PICASSO (AV)";"45,7755939015";"4,9174005296"
"202100029284";"12";"07";"2021";"18:50";"1";"65";"65226";"1";"1";"2";"5";"PAU (ROUTE DE)";"43,2394400000";" -0,0256200000"
"202100029285";"12";"07";"2021";"17:15";"1";"65";"65440";"2";"1";"1";"2";"JOFFRE (AVENUE DU MARECHAL)";"43,2395000000";"0,0685100000"
"202100029286";"12";"07";"2021";"11:30";"1";"65";"65440";"2";"1";"1";"6";"AZEREIX (AVENUE D')";"43,2298800000";"0,0594700000"
"202100029287";"12";"07";"2021";"20:00";"1";"64";"64483";"2";"1";"8";"3";"RD810";"43,4058400000";" -1,6295800000"
"202100029288";"11";"07";"2021";"02:00";"3";"64";"64024";"2";"1";"1";"6";"Promenade des Sources";"43,4943161093";" -1,5455478430"
"202100029289";"20";"06";"2021";"15:15";"1";"61";"61006";"2";"1";"1";"6";"SEVIGNY (ROUTE DE) COTE  IMPAIR";"48,7521100000";" -0,0249500000"
"202100029290";"8";"07";"2021";"08:25";"1";"58";"58194";"2";"4";"1";"2";"RAVELIN";"46,9885000000";"3,1663000000"
"202100029291";"11";"07";"2021";"17:55";"1";"56";"56162";"1";"2";"1";"3";"Route du Fort BloquÃ©";"47,7378900000";" -3,4578900000"
"202100029292";"11";"07";"2021";"02:08";"5";"56";"56121";"2";"6";"1";"3";"BLUM ( BD LEON )";"47,7472500000";" -3,3765400000"
"202100029293";"10";"07";"2021";"18:58";"2";"54";"54382";"1";"1";"3";"4";"52 (ROUTE NATIONALE)";"49,5470800000";"5,7702700000"
"202100029294";"9";"07";"2021";"23:10";"3";"54";"54323";"2";"1";"1";"6";"FAIENCERIE (RUE DE LA)";"49,5103300000";"5,7697300000"
"202100029295";"8";"07";"2021";"04:06";"3";"53";"53201";"1";"1";"1";"1";"RD 57 VERS RENNES";"48,0728000000";" -0,8736300000"
"202100029296";"10";"07";"2021";"16:20";"1";"50";"50203";"2";"1";"8";"6";"LUCET (RUE)";"49,6221300000";" -1,6134200000"
"202100029297";"12";"07";"2021";"19:16";"1";"49";"49246";"2";"1";"1";"3";"LAMARTINE";"47,4383200000";" -0,4873400000"
"202100029298";"12";"07";"2021";"10:10";"1";"49";"49007";"2";"1";"8";"3";"DUNANT BOULEVARD";"47,4833100000";" -0,5275600000"
"202100029299";"12";"07";"2021";"23:45";"5";"45";"45338";"2";"3";"1";"1";"Avenue Henri Barbusse";"47,9908400000";"2,7124600000"
"202100029300";"10";"07";"2021";"01:50";"5";"40";"40088";"2";"1";"1";"1";"SAINT-VINCENT DE PAUL (AVENUE)";"43,7169198731";" -1,0534644127"
"202100029301";"12";"07";"2021";"15:00";"1";"35";"35238";"2";"2";"1";"3";"Avenue Gros Malhon";"48,1278332821";" -1,6833353760"
"202100029302";"12";"07";"2021";"14:50";"1";"35";"35238";"2";"2";"1";"3";"FREVILLE (AVENUE HENRI)";"48,0920900000";" -1,6748400000"
"202100029303";"12";"07";"2021";"09:00";"1";"35";"35281";"2";"1";"2";"6";"TEMPLE-DE-BLOSNE (RUE DU)";"48,0901980000";" -1,6950260000"
"202100029304";"12";"07";"2021";"20:45";"2";"33";"33162";"1";"6";"2";"6";"Route de Lacanau";"44,8850300000";" -0,6646700000"
"202100029305";"11";"07";"2021";"17:05";"1";"33";"33167";"2";"3";"1";"3";"Avenue Pasteur";"44,8414700000";" -0,5306500000"
"202100029306";"12";"07";"2021";"16:51";"1";"29";"29039";"2";"1";"1";"4";"D783 - Rue de Keriolet";"47,8877800000";" -3,9146300000"
"202100029307";"12";"07";"2021";"14:25";"1";"26";"26198";"2";"1";"1";"2";"RN7";"44,5530900000";"4,7308500000"
"202100029308";"26";"06";"2021";"12:15";"1";"24";"24037";"2";"1";"1";"6";"SAINTE-CATHERINE (RUE)";"44,8545600000";"0,4845100000"
"202100029309";"12";"07";"2021";"19:20";"1";"17";"17449";"2";"1";"1";"3";"AUNIS AVENUE D'";"45,9502752374";" -0,9264591646"
"202100029310";"11";"07";"2021";"06:30";"1";"14";"14566";"2";"6";"8";"6";"D401";"49,2031600000";" -0,3915600000"
"202100029311";"12";"07";"2021";"18:45";"1";"13";"13202";"2";"1";"1";"3";"REPUBLIQUE (RUE DE LA)";"43,2988900000";"5,3718300000"
"202100029312";"9";"07";"2021";"19:00";"1";"13";"13210";"2";"1";"1";"3";"CAPELETTE (AVENUE DE LA)";"43,2812029469";"5,4057041202"
"202100029313";"12";"07";"2021";"12:00";"1";"13";"13028";"2";"6";"1";"3";"ROVARCH (AVENUE PIERRE)";"43,1917400000";"5,6049000000"
"202100029314";"12";"07";"2021";"13:45";"1";"06";"06088";"2";"1";"1";"2";"ANGLAIS (DU NÂ° 265 AU NÂ° 350)";"43,6785200000";"7,2297300000"
"202100029315";"12";"07";"2021";"15:35";"1";"06";"06027";"2";"2";"1";"7";"NICE AVENUE DE (RN7)";"43,6593780000";"7,1673710000"
"202100029316";"12";"07";"2021";"09:00";"1";"06";"06123";"2";"1";"1";"6";"OSSOLA JEAN BOULEVARD";"43,6620440000";"7,1921610000"
"202100029317";"12";"07";"2021";"09:10";"1";"75";"75117";"2";"4";"2";"3";"PORTE D ASNIERES";"48,8927620000";"2,3023670000"
"202100029318";"10";"07";"2021";"15:40";"1";"75";"75116";"2";"4";"1";"4";"BOULEVARD PERIPHERIQUE";"48,8507860000";"2,2519950000"
"202100029319";"12";"07";"2021";"15:45";"1";"75";"75118";"2";"3";"2";"3";"BOULEVARD BARBES";"48,8852610000";"2,3495500000"
"202100029320";"12";"07";"2021";"10:20";"1";"75";"75117";"2";"4";"2";"6";"AVENUE DE VILLIERS";"48,8814610000";"2,3160220000"
"202100029321";"12";"07";"2021";"16:00";"1";"75";"75116";"2";"1";"1";"3";"QUAI SAINT EXUPERY";"48,8378050000";"2,2653020000"
"202100029322";"12";"07";"2021";"09:00";"1";"75";"75116";"2";"3";"2";"3";"RUE DE BOULAINVILLIERS";"48,8517790000";"2,2776020000"
"202100029323";"11";"07";"2021";"15:45";"1";"75";"75116";"2";"1";"1";"2";"VOIE GEORGES POMPIDOU";"48,8558220000";"2,2858150000"
"202100029324";"12";"07";"2021";"20:35";"1";"75";"75115";"2";"7";"1";"2";"PLACE D ALLERAY";"48,8364430000";"2,3065220000"
"202100029325";"12";"07";"2021";"09:20";"1";"75";"75115";"2";"3";"2";"3";"RUE LINOIS";"48,8485240000";"2,2828830000"
"202100029326";"12";"07";"2021";"12:10";"1";"75";"75112";"2";"2";"1";"2";"AVENUE COURTELINE";"48,8440040000";"2,4138360000"
"202100029327";"12";"07";"2021";"10:30";"1";"75";"75112";"2";"1";"2";"7";"QUAI DE LA RAPEE";"48,8426410000";"2,3690830000"
"202100029328";"12";"07";"2021";"19:50";"1";"75";"75108";"2";"3";"2";"3";"AVENUE DES CHAMPS ELYSEES";"48,8720670000";"2,3004840000"
"202100029329";"12";"07";"2021";"13:19";"1";"75";"75108";"2";"7";"1";"3";"PLACE DE LA CONCORDE";"48,8658660000";"2,3198960000"
"202100029330";"12";"07";"2021";"09:00";"1";"75";"75108";"2";"2";"2";"2";"AVENUE HOCHE";"48,8745760000";"2,2969420000"
"202100029331";"11";"07";"2021";"20:30";"1";"75";"75108";"2";"7";"1";"2";"RUE DE MIROMESNIL";"48,8712300000";"2,3161230000"
"202100029332";"12";"07";"2021";"11:40";"1";"75";"75107";"2";"3";"2";"6";"RUE DE SEVRES";"48,8484250000";"2,3205520000"
"202100029333";"12";"07";"2021";"15:20";"1";"75";"75103";"2";"7";"1";"7";"PLACE DE LA REPUBLIQUE";"48,8673310000";"2,3633460000"
"202100029334";"12";"07";"2021";"13:40";"1";"75";"75104";"2";"3";"1";"6";"RUE DE RIVOLI";"48,8552090000";"2,3611280000"
"202100029335";"11";"07";"2021";"14:00";"1";"75";"75101";"2";"2";"1";"3";"BOULEVARD DE SEBASTOPOL";"48,8605500000";"2,3493520000"
"202100029336";"12";"07";"2021";"21:00";"1";"94";"94021";"2";"4";"2";"7";"Rue du Lieutenant Petit Leroy";"48,7650700000";"2,3615000000"
"202100029337";"12";"07";"2021";"00:40";"5";"94";"94022";"2";"1";"1";"3";"Avenue LÃ©on Gourdault";"48,7624100000";"2,4065500000"
"202100029338";"11";"07";"2021";"20:10";"1";"94";"94019";"2";"9";"1";"3";"Rue dâAmboile";"48,7904900000";"2,5319400000"
"202100029339";"12";"07";"2021";"17:40";"1";"94";"94004";"2";"9";"2";"7";"FFI (ALL DES)";"48,7566300000";"2,5075200000"
"202100029340";"12";"07";"2021";"18:35";"1";"93";"93078";"2";"1";"2";"2";"Avenue Paul Vaillant Couturier";"48,9558900000";"2,5352000000"
"202100029341";"12";"07";"2021";"13:40";"1";"93";"93064";"2";"7";"2";"1";"REPUBLIQUE (AVENUE DE LA)";"48,8683010000";"2,4850500000"
"202100029342";"12";"07";"2021";"17:45";"1";"93";"93010";"2";"1";"2";"3";"BENHAMOU (R. MAURICE)";"48,9130620000";"2,4825930000"
"202100029343";"12";"07";"2021";"17:40";"1";"92";"92050";"2";"1";"8";"6";"REPUBLIQUE AVENUE DE LA";"48,9126751193";"2,2247663140"
"202100029344";"12";"07";"2021";"19:45";"1";"92";"92050";"2";"4";"2";"6";"PROVINCES FRANCAISES BD DES";"48,9009000000";"2,2150000000"
"202100029345";"11";"07";"2021";"01:30";"5";"92";"92050";"2";"2";"1";"1";"VAILLANT COUTURIER PAUL RUE";"48,8786685212";"2,2106377780"
"202100029346";"12";"07";"2021";"17:45";"1";"92";"92049";"2";"1";"1";"7";"BRIAND AVENUE ARISTIDE NÂ°2 A 114";"48,8179200000";"2,3254600000"
"202100029347";"12";"07";"2021";"18:20";"1";"92";"92026";"2";"1";"2";"2";"MARECHAL JOFFRE (QUAI DU)";"48,9022900000";"2,2818800000"
"202100029348";"11";"07";"2021";"21:05";"5";"92";"92024";"2";"6";"1";"7";"CLAUDE DEBUSSY (AVENUE)";"48,9103698909";"2,3129385710"
"202100029349";"11";"07";"2021";"04:36";"5";"92";"92024";"2";"1";"1";"3";"MARTRE (RUE) DE (59 A 109)   (58 A 120)";"48,9038400000";"2,3053900000"
"202100029350";"12";"07";"2021";"22:10";"5";"92";"92023";"2";"1";"1";"3";"JEAN BAPTISTE CLEMENT (AVENUE)";"48,8002200000";"2,2675800000"
"202100029351";"12";"07";"2021";"17:45";"1";"45";"45017";"1";"1";"1";"1";"D2060-PR 45 + 910";"47,9703300000";"2,5067930000"
"202100029352";"13";"07";"2021";"20:10";"2";"06";"06161";"2";"1";"1";"6";"Route du Bord de Mer";"43,6402640000";"7,1389300000"
"202100029353";"13";"07";"2021";"11:45";"1";"41";"41091";"1";"1";"3";"1";"D957";"47,6375620000";"1,2825040000"
"202100029354";"7";"07";"2021";"15:15";"1";"31";"31163";"1";"1";"1";"6";"D94";"43,5791080000";"1,6015090000"
"202100029355";"12";"07";"2021";"08:30";"1";"83";"83031";"1";"1";"1";"6";"Autoroute A8";"43,4017110000";"6,3726280000"
"202100029356";"13";"07";"2021";"11:45";"1";"41";"41046";"1";"1";"3";"6";"A71";"47,6672930000";"1,9241360000"
"202100029357";"12";"07";"2021";"22:00";"3";"974";"97414";"2";"1";"1";"7";"Chemin du Piton";" -21,2855660000";"55,4435990000"
"202100029358";"13";"07";"2021";"14:30";"1";"71";"71002";"1";"2";"1";"3";"Route de chalon";"46,7503930033";"5,0371673571"
"202100029359";"13";"07";"2021";"02:28";"3";"12";"12084";"1";"1";"2";"6";"Autoroute A75 ";"44,0520301098";"3,0474181473"
"202100029360";"12";"07";"2021";"23:15";"4";"44";"44071";"2";"1";"1";"7";"Rue de la BonodiÃ¨re";"47,2131040000";" -1,4311730000"
"202100029361";"12";"07";"2021";"01:10";"3";"56";"56207";"1";"1";"1";"6";"Kernestic";"47,9319200000";" -3,0168480000"
"202100029362";"11";"07";"2021";"01:40";"3";"56";"56151";"1";"1";"1";"6";"D767";"48,0109170000";" -2,9057630000"
"202100029363";"12";"07";"2021";"11:30";"1";"56";"56243";"2";"9";"1";"1";"Route de l Hippodrome";"47,6233330000";" -2,7312180000"
"202100029364";"13";"07";"2021";"08:20";"1";"65";"65362";"2";"1";"2";"6";"62 avenue Jean Moulin";"42,9591860000";" -0,0744310000"
"202100029365";"12";"07";"2021";"21:27";"2";"11";"11043";"1";"1";"1";"5";"Le Moulin";"43,2280620000";"2,4351880000"
"202100029366";"11";"07";"2021";"10:45";"1";"89";"89286";"1";"1";"1";"2";"la croix rouge";"47,7565580000";"3,3424620000"
"202100029367";"12";"07";"2021";"23:30";"3";"63";"63210";"2";"9";"2";"6";"Boulevard du Foirail";"45,9215200000";"3,3257780000"
"202100029368";"13";"07";"2021";"18:50";"1";"12";"12186";"1";"1";"3";"3";"D999 - PK 100+500";"43,8767950000";"2,5854510000"
"202100029369";"12";"07";"2021";"14:00";"1";"34";"34051";"1";"1";"1";"7";"D2";"43,6047489885";"3,4781490979"
"202100029370";"12";"07";"2021";"18:34";"1";"39";"39434";"1";"1";"3";"1";"N/A";"46,8293310000";"5,7179320000"
"202100029371";"8";"07";"2021";"13:45";"1";"29";"29183";"1";"1";"1";"7";"Kerven Bras";"48,5766320000";" -3,5960750000"
"202100029372";"26";"06";"2021";"18:45";"1";"02";"02464";"1";"1";"1";"1";"RN2";"49,4240420000";"3,4103380000"
"202100029373";"12";"07";"2021";"21:21";"2";"01";"01035";"1";"1";"3";"6";"D33";"46,2612990000";"5,7820560000"
"202100029374";"13";"07";"2021";"08:15";"1";"06";"06151";"1";"1";"1";"1";"M 6202";"43,8841370000";"7,1906480000"
"202100029375";"15";"06";"2021";"09:00";"1";"14";"14062";"2";"1";"1";"7";"Rue du Viquet";"49,2910310000";" -0,4348240000"
"202100029376";"20";"07";"2021";"14:55";"1";"07";"07181";"2";"3";"1";"1";"Avenue Jean JaurÃ¨s";"44,7462460000";"4,7483950000"
"202100029377";"12";"07";"2021";"16:35";"1";"53";"53182";"2";"1";"1";"1";"51 Rue des Rochers";"48,1086170000";" -0,9677030000"
"202100029378";"25";"03";"2021";"20:00";"5";"40";"40046";"2";"1";"1";"7";"Avenue de Laouadie";"44,4102600000";" -1,1630650000"
"202100029379";"8";"07";"2021";"19:45";"1";"40";"40269";"2";"1";"1";"7";"Route de Peyrehorade";"43,6065850000";" -1,1364950000"
"202100029380";"6";"07";"2021";"17:00";"1";"85";"85234";"1";"3";"1";"2";"Route de Beauvoir";"46,8039960000";" -2,0662880000"
"202100029381";"13";"07";"2021";"09:30";"1";"27";"27065";"1";"6";"2";"7";"Route dÃ©partementale D675";"49,3482270000";"0,3617230000"
"202100029382";"12";"07";"2021";"00:45";"3";"17";"17486";"2";"1";"1";"7";"Boulevard d Antioche";"46,0205950000";" -1,3548660000"
"202100029383";"13";"07";"2021";"11:45";"1";"38";"38304";"1";"1";"8";"1";"D115d";"44,9491070000";"5,7664190000"
"202100029384";"9";"07";"2021";"16:04";"1";"01";"01032";"1";"1";"1";"6";"A42";"45,8626915245";"5,1573689282"
"202100029385";"11";"07";"2021";"18:30";"3";"987";"98745";"1";"1";"1";"5";"Murifenua";" -16,6030660000";" -151,5363310000"
"202100029386";"13";"07";"2021";"13:15";"1";"45";"45317";"1";"1";"8";"6";"A10-PK125 + 153";"47,7694380000";"1,5720750000"
"202100029387";"12";"07";"2021";"03:39";"3";"28";"28199";"1";"1";"8";"3";"A10";"48,2001830000";"1,8504220000"
"202100029388";"13";"07";"2021";"10:50";"1";"59";"59623";"1";"1";"8";"2";"A26 PK 147.6";"50,0277319573";"3,1710536403"
"202100029389";"28";"06";"2021";"06:10";"1";"988";"98817";"2";"1";"1";"6";"RPS1/BOULARI";" -22,2307230000";"166,5255470000"
"202100029390";"12";"07";"2021";"18:57";"1";"77";"77364";"1";"2";"2";"3";"D27";"49,0081640000";"2,7696490000"
"202100029391";"11";"07";"2021";"19:00";"1";"77";"77175";"1";"1";"1";"7";"RD 305 PK 003";"48,6437420000";"2,6250890000"
"202100029392";"13";"07";"2021";"05:00";"3";"66";"66008";"2";"1";"1";"6";"Avenue de la Retirada 1939";"42,5646320000";"3,0359410000"
"202100029393";"12";"07";"2021";"15:35";"1";"30";"30039";"2";"3";"1";"3";"D6086";"43,8795090000";"4,4831140000"
"202100029394";"13";"07";"2021";"13:30";"1";"57";"57288";"2";"1";"3";"6";"20 Rue Abbe Cavelius";"49,1894590000";"6,6734650000"
"202100029395";"26";"06";"2021";"17:00";"1";"74";"74073";"1";"1";"1";"1";"D32";"46,3467790000";"6,6318580000"
"202100029396";"12";"07";"2021";"09:35";"1";"42";"42066";"1";"1";"2";"6";"Route de Montbrison";"45,7355940000";"4,1782270000"
"202100029397";"11";"07";"2021";"20:15";"1";"01";"01386";"2";"1";"1";"7";"Chemin des Ã©pinettes";"45,8908430000";"5,3575220000"
"202100029398";"8";"07";"2021";"10:10";"1";"69";"69288";"2";"1";"1";"6";"JEAN MOULIN (AV)";"45,6871080000";"5,0490980000"
"202100029399";"12";"07";"2021";"18:40";"1";"69";"69055";"1";"2";"3";"3";"112 Route Nationale 6";"45,8790494274";"4,7464531660"
"202100029400";"12";"07";"2021";"18:05";"1";"85";"85178";"1";"1";"1";"7";"Le Boucheau";"46,7492560000";" -1,4555810000"
"202100029401";"12";"07";"2021";"15:30";"1";"62";"62329";"2";"3";"3";"2";"Rue du Hure";"50,8302400000";"1,7764940000"
"202100029402";"12";"07";"2021";"17:15";"1";"13";"13005";"1";"1";"1";"7";"A502-Sens Toulon par R.N. vers  Aubagne";"43,2840800000";"5,5923200000"
"202100029403";"12";"07";"2021";"15:00";"1";"91";"91064";"1";"1";"2";"2";"RN 118";"48,7499800000";"2,2050000000"
"202100029404";"12";"07";"2021";"14:26";"1";"91";"91340";"1";"1";"3";"7";"AUTOROUTE A6";"48,5993600000";"2,4402000000"
"202100029405";"12";"07";"2021";"03:01";"3";"77";"77384";"1";"9";"1";"6";"autoroute A5a";"48,5992016898";"2,6052106981"
"202100029406";"12";"07";"2021";"15:44";"1";"78";"78043";"1";"1";"1";"2";"A12 W";"48,8413220000";"2,1015450000"
"202100029407";"12";"07";"2021";"22:15";"3";"93";"93078";"1";"1";"2";"6";"AUTOROUTE A104";"48,9608300000";"2,5246400000"
"202100029408";"12";"07";"2021";"16:37";"1";"93";"93013";"1";"1";"1";"4";"AUTOROUTE A1";"48,9414400000";"2,4287100000"
"202100029409";"12";"07";"2021";"14:30";"1";"95";"95241";"1";"1";"3";"6";"RN 104";"49,0459500000";"2,4523700000"
"202100029410";"12";"07";"2021";"07:45";"2";"95";"95582";"1";"1";"1";"3";"AUTOROUTE A15";"48,9661200000";"2,2571200000"
"202100029411";"11";"07";"2021";"03:50";"3";"95";"95018";"1";"1";"1";"5";"A15";"48,9614000000";"2,2689500000"
"202100029412";"11";"07";"2021";"11:35";"1";"93";"93063";"2";"1";"1";"6";"Avenue LÃ©nine";"48,8843200000";"2,4300200000"
"202100029413";"11";"07";"2021";"14:55";"1";"976";"97611";"2";"1";"1";"7";"kaweni-Grande Traverse (rue de la)";" -12,7738700000";"45,2228700000"
"202100029414";"11";"07";"2021";"15:00";"1";"974";"97411";"2";"1";"1";"7";"PEPINIERE (CHEMIN DE LA)";" -20,8965200000";"55,4389400000"
"202100029415";"10";"07";"2021";"20:00";"3";"974";"97411";"1";"1";"1";"6";"MONTAGNE (ROUTE DE LA)";" -20,8878800000";"55,4410700000"
"202100029416";"11";"07";"2021";"23:05";"2";"69";"69199";"2";"2";"1";"6";"THIRARD (R)";"45,7096562542";"4,8597188294"
"202100029417";"10";"07";"2021";"17:10";"1";"971";"97101";"1";"1";"1";"6";"ROUTE DE CHAZEAU";"16,2875700000";" -61,4823300000"
"202100029418";"10";"07";"2021";"11:05";"1";"91";"91201";"2";"2";"2";"3";"RUE DE RIS";"48,6646800000";"2,4194800000"
"202100029419";"10";"07";"2021";"08:30";"1";"90";"90008";"2";"1";"1";"2";"BELFORT (RUE DE)";"47,6251000000";"6,8427000000"
"202100029420";"11";"07";"2021";"20:10";"1";"83";"83034";"2";"1";"1";"6";"ROUTE DE LA MOUTONNE";"43,1113519434";"6,0513052940"
"202100029421";"6";"06";"2021";"16:30";"1";"83";"83050";"2";"9";"1";"6";"FOCH(BOULEVARD DU MARECHAL)";"43,5386200000";"6,4625100000"
"202100029422";"10";"07";"2021";"21:18";"1";"65";"65440";"2";"1";"1";"3";"FORGES (AVENUE DES)";"43,2402500000";"0,0818700000"
"202100029423";"11";"07";"2021";"23:10";"5";"64";"64024";"1";"6";"2";"1";"MAIGNON (ROUTE DE)";"43,4726000000";" -1,4991000000"
"202100029424";"11";"07";"2021";"13:10";"1";"64";"64102";"2";"1";"1";"7";"SOULT (AVENUE MARECHAL)";"43,4873800000";" -1,4847700000"
"202100029425";"11";"07";"2021";"09:00";"1";"59";"59512";"2";"3";"1";"3";"SALENGRO  (AVENUE ROGER)";"50,6774228401";"3,1991940737"
"202100029426";"10";"07";"2021";"11:05";"1";"51";"51454";"2";"3";"1";"3";"Boulevard Marcellin Berthelot";"49,2720700000";"4,0651500000"
"202100029427";"11";"07";"2021";"16:21";"1";"49";"49007";"2";"3";"1";"6";"GUYNEMER RUE ET SQUARE";"47,4528200000";" -0,5512000000"
"202100029428";"11";"07";"2021";"20:50";"1";"47";"47001";"2";"2";"1";"3";"LIBERTE (BOULEVARD DE LA)";"44,1993400000";"0,6215000000"
"202100029429";"11";"07";"2021";"19:02";"1";"37";"37261";"2";"9";"1";"2";"BERANGER (BOULEVARD)";"47,3897007430";"0,6859403848"
"202100029430";"11";"07";"2021";"10:35";"1";"35";"35238";"2";"9";"1";"2";"SERGENT MAGINOT (AVENUE)";"48,1099800000";" -1,6575400000"
"202100029431";"11";"07";"2021";"02:22";"3";"29";"29039";"1";"1";"1";"6";"Chemin de Parc Menez";"47,9038549999";" -3,9376219017"
"202100029432";"11";"07";"2021";"16:50";"1";"29";"29019";"2";"1";"1";"6";"Rue Anatole France";"48,3818500000";" -4,5252800000"