"Num_Acc";"jour";"mois";"an";"hrmn";"lum";"dep";"com";"agg";"int";"atm";"col";"adr";"lat";"long"
"202100029433";"11";"07";"2021";"23:00";"5";"17";"17300";"2";"1";"1";"7";"GUITON   AVENUE JEAN";"46,1603490000";" -1,1698020000"
"202100029434";"11";"07";"2021";"19:45";"1";"13";"13209";"2";"3";"1";"3";"MARÃCHAL DE LATTRE (AVENUE)";"43,2465300000";"5,4081600000"
"202100029435";"11";"07";"2021";"18:00";"1";"13";"13211";"2";"9";"1";"3";"JEAN TCHORLOU (rd pt)";"43,2900061634";"5,4942952006"
"202100029436";"11";"07";"2021";"04:00";"5";"13";"13208";"2";"1";"1";"1";"MENDES FRANCE (AVENUE)";"43,2555039459";"5,3764447443"
"202100029437";"11";"07";"2021";"03:35";"5";"13";"13202";"2";"2";"1";"1";"PORT (QUAI DU)";"43,2953800000";"5,3646000000"
"202100029438";"11";"07";"2021";"06:30";"1";"06";"06069";"2";"1";"1";"7";"GENETS (AVENUE DES)";"43,6740020000";"6,9055710000"
"202100029439";"10";"07";"2021";"09:10";"1";"75";"75118";"2";"4";"1";"3";"ECHANGEUR CHAPELLE";"48,9008910000";"2,3557470000"
"202100029440";"11";"07";"2021";"16:20";"1";"75";"75114";"2";"4";"1";"6";"AVENUE DU GENERAL LECLERC";"48,8288010000";"2,3277070000"
"202100029441";"11";"07";"2021";"04:45";"5";"75";"75112";"2";"2";"1";"3";"BOULEVARD DIDEROT";"48,8461060000";"2,3760110000"
"202100029442";"11";"07";"2021";"15:15";"1";"75";"75111";"2";"1";"1";"2";"BOULEVARD BEAUMARCHAIS";"48,8553850000";"2,3686340000"
"202100029443";"11";"07";"2021";"14:20";"1";"75";"75110";"2";"2";"1";"2";"BOULEVARD SAINT DENIS";"48,8693320000";"2,3542580000"
"202100029444";"11";"07";"2021";"19:28";"1";"75";"75108";"2";"7";"1";"3";"PLACE DE L ALMA";"48,8647120000";"2,3013910000"
"202100029445";"11";"07";"2021";"12:25";"1";"75";"75108";"2";"7";"1";"3";"PLACE DE LA CONCORDE";"48,8643780000";"2,3202120000"
"202100029446";"11";"07";"2021";"02:40";"5";"75";"75108";"2";"7";"1";"3";"PLACE DE LA CONCORDE";"48,8640870000";"2,3201120000"
"202100029447";"10";"07";"2021";"20:50";"1";"75";"75108";"2";"3";"1";"3";"AVENUE DES CHAMPS ELYSEES";"48,8730880000";"2,2972550000"
"202100029448";"10";"07";"2021";"17:45";"1";"75";"75102";"2";"1";"8";"3";"RUE DE LA PAIX";"48,8689030000";"2,3308950000"
"202100029449";"10";"07";"2021";"09:30";"1";"94";"94038";"2";"1";"1";"6";"Avenue Jules Gravereaux";"48,7765410000";"2,3302610000"
"202100029450";"11";"07";"2021";"21:30";"2";"93";"93071";"2";"9";"1";"2";"Avenue John Fitzgerald Kennedy";"48,9385990000";"2,5131380000"
"202100029451";"11";"07";"2021";"04:25";"5";"93";"93064";"2";"9";"1";"1";"QUATRIEME ZOUAVES (RUE DU)";"48,8725500000";"2,4768000000"
"202100029452";"11";"07";"2021";"07:50";"1";"93";"93046";"2";"2";"1";"6";"STANISLAS KUBACKI ALLEE";"48,9240500000";"2,5346800000"
"202100029453";"11";"07";"2021";"18:30";"1";"93";"93006";"2";"1";"1";"6";"Avenue Raspail";"48,8751240000";"2,4299300000"
"202100029454";"11";"07";"2021";"18:15";"1";"92";"92048";"2";"1";"1";"3";"Rue de Paris";"48,8174318750";"2,2486916184"
"202100029455";"11";"07";"2021";"13:30";"1";"92";"92012";"2";"2";"1";"3";"SAUSSIERE (RUE DE LA)";"48,8377463104";"2,2403759029"
"202100029456";"11";"07";"2021";"04:30";"5";"92";"92007";"2";"1";"1";"6";"LINCOLN (RUE ABRAHAM)";"48,7903636150";"2,3183566332"
"202100029457";"11";"07";"2021";"10:15";"1";"50";"50115";"1";"1";"1";"6";"la porte";"48,7795740000";" -1,4080200000"
"202100029458";"12";"07";"2021";"08:00";"1";"08";"08032";"1";"1";"8";"7";"pk 36 D25";"49,3620850000";"4,3421320000"
"202100029459";"10";"07";"2021";"10:10";"1";"01";"01443";"2";"3";"1";"6";"Rue du Commerce";"46,0014950000";"5,0292630000"
"202100029460";"4";"07";"2021";"20:00";"1";"91";"91549";"1";"1";"2";"4";"Avenue du Hurepoix";"48,6250190000";"2,3454060000"
"202100029461";"11";"07";"2021";"19:50";"1";"31";"31454";"1";"1";"1";"6";"Route de l Isle En Dodon";"43,4037360000";"1,0781810000"
"202100029462";"11";"07";"2021";"20:30";"1";"28";"28015";"1";"1";"1";"3";"Autoroute Oceane - A11";"48,5121770000";"1,7672490000"
"202100029463";"12";"07";"2021";"00:30";"3";"22";"22093";"1";"1";"1";"7";"RN12 PR 36+500";"48,4556480000";" -2,5016640000"
"202100029464";"11";"07";"2021";"16:25";"1";"58";"58002";"1";"1";"1";"7";"Les Jaudoux";"47,4374640000";"3,1012560000"
"202100029465";"10";"07";"2021";"16:15";"1";"62";"62571";"2";"1";"2";"1";"Rue Joseph DaubrÃ¨ge 156";"50,4572110000";"1,6130460000"
"202100029466";"11";"07";"2021";"09:55";"1";"62";"62835";"2";"1";"1";"6";"Rue de Saint-Pol";"50,4315610000";"2,3755090000"
"202100029467";"17";"06";"2021";"14:10";"1";"57";"57426";"1";"1";"1";"6";"D2";"49,2629880000";"6,3087490000"
"202100029468";"11";"07";"2021";"16:15";"1";"19";"19138";"1";"1";"1";"5";"Route de la Foucherie";"45,0510480000";"1,6799430000"
"202100029469";"12";"07";"2021";"15:15";"1";"19";"19079";"1";"1";"1";"1";"Route du Coteau";"45,4376110000";"1,6217490000"
"202100029470";"12";"07";"2021";"07:30";"1";"56";"56094";"1";"2";"1";"3";"Lieu Dit Lopriac";"47,7577900000";" -3,2070850000"
"202100029471";"9";"07";"2021";"20:15";"1";"56";"56164";"2";"6";"1";"6";"Rue de Ker Anna";"47,6553830000";" -2,8687540000"
"202100029472";"27";"06";"2021";"21:40";"3";"59";"59580";"1";"1";"3";"1";"route departementale 37";"50,8204380000";"2,5739550000"
"202100029473";"12";"07";"2021";"00:15";"5";"79";"79202";"2";"6";"2";"3";"N/A";"46,6360300000";" -0,2460120000"
"202100029474";"10";"07";"2021";"09:50";"1";"2A";"2A040";"1";"1";"1";"1";"D27";"42,0657220000";"9,0467550000"
"202100029475";"6";"07";"2021";"00:30";"3";"11";"11129";"1";"1";"1";"6";"route dÃ©partementale 46";"42,9151260000";"2,2267430000"
"202100029476";"12";"07";"2021";"02:00";"3";"11";"11288";"1";"1";"1";"6";"RD 629";"43,2614250000";"2,2461460000"
"202100029477";"11";"07";"2021";"21:40";"3";"71";"71001";"1";"1";"1";"6";"Route de Tournus";"46,5773519002";"4,9571943279"
"202100029478";"11";"07";"2021";"16:20";"1";"71";"71135";"1";"1";"1";"7";"Rue des Carrieres";"46,4345152952";"4,8278523864"
"202100029479";"12";"07";"2021";"10:18";"1";"55";"55291";"1";"1";"2";"7";"Route Nationale 4";"48,6742290000";"5,2993150000"
"202100029480";"2";"07";"2021";"04:50";"2";"49";"49018";"2";"1";"1";"1";"Rue Principale (ÃchemirÃ©)";"47,5515010000";" -0,1678770000"
"202100029481";"9";"07";"2021";"14:25";"1";"49";"49050";"1";"2";"8";"3";"pk 5 D90";"47,3258070000";" -0,3942200000"
"202100029482";"11";"07";"2021";"13:40";"1";"12";"12101";"1";"1";"1";"6";"840 Route de Saint Jacques";"44,5701710000";"2,2797270000"
"202100029483";"11";"07";"2021";"21:07";"1";"46";"46040";"1";"1";"1";"6";"Lieu dit guillot";"44,5313920000";"1,5537120000"
"202100029484";"11";"07";"2021";"18:00";"1";"47";"47162";"1";"1";"1";"6";"Lieu-dit Garry";"44,3485580000";"0,8611390000"
"202100029485";"11";"07";"2021";"14:30";"1";"86";"86150";"1";"2";"1";"3";"Intersection D30 / D738";"46,7449190000";"0,0422720000"
"202100029486";"11";"07";"2021";"17:40";"1";"68";"68062";"1";"3";"7";"1";"D419";"47,6285930000";"7,2215960000"
"202100029487";"11";"07";"2021";"18:00";"1";"68";"68152";"2";"1";"1";"7";"Chemin des Vignerons";"47,6708100000";"7,2724720000"
"202100029488";"11";"07";"2021";"15:00";"1";"22";"22181";"1";"1";"1";"7";"Lieu Dit Kerauter";"48,2211566120";" -3,1977667676"
"202100029489";"10";"07";"2021";"16:19";"1";"22";"22245";"1";"3";"1";"3";"D93";"48,6445680000";" -3,3338170000"
"202100029490";"11";"07";"2021";"10:56";"1";"39";"39441";"1";"1";"1";"1";"N/A";"46,4215590000";"6,0663410000"
"202100029491";"12";"07";"2021";"02:00";"3";"25";"25133";"1";"1";"1";"1";"N57";"47,3085470000";"5,9921090000"
"202100029492";"10";"07";"2021";"10:45";"1";"25";"25317";"1";"1";"1";"7";"Grande Rue";"47,2526080000";"5,7130570000"
"202100029493";"11";"07";"2021";"20:45";"1";"44";"44003";"2";"2";"1";"3";"Boulevard de la Prairie";"47,3742760000";" -1,1968020000"
"202100029494";"8";"07";"2021";"14:05";"1";"35";"35211";"1";"1";"8";"6";"D773";"47,9925840000";" -2,1426940000"
"202100029495";"1";"07";"2021";"18:30";"1";"35";"35277";"1";"9";"1";"6";"Le Pont Hervil";"48,1128860000";" -2,0753940000"
"202100029496";"11";"07";"2021";"03:00";"3";"31";"31255";"1";"1";"1";"1";"N125";"43,0466910000";"0,5912230000"
"202100029497";"11";"07";"2021";"12:15";"1";"38";"38561";"2";"1";"1";"6";"Chemin de la Madone";"45,3110730000";"5,2121380000"
"202100029498";"11";"07";"2021";"19:50";"1";"03";"03264";"2";"2";"1";"3";"Avenue de Thiers";"46,0656120000";"3,4651990000"
"202100029499";"12";"07";"2021";"11:45";"1";"03";"03290";"1";"1";"3";"1";"n7";"46,6350470000";"3,2784720000"
"202100029500";"10";"07";"2021";"20:50";"1";"03";"03092";"1";"1";"1";"1";"Le Bois";"46,4183530000";"3,1972630000"
"202100029501";"12";"07";"2021";"12:15";"1";"15";"15084";"1";"3";"2";"7";"6 Cazillac";"44,7508980000";"2,4660830000"
"202100029502";"11";"07";"2021";"17:15";"1";"70";"70452";"1";"1";"1";"3";"D8";"47,5561980000";"6,0273310000"
"202100029503";"10";"07";"2021";"16:40";"1";"54";"54435";"2";"1";"1";"7";"Au Chateau";"48,9788640000";"5,9940820000"
"202100029504";"12";"07";"2021";"01:12";"3";"06";"06150";"1";"1";"1";"6";"Avenue de Cap d Ail";"43,7313520000";"7,3942710000"
"202100029505";"12";"07";"2021";"12:15";"1";"14";"14504";"1";"2";"2";"3";"D51";"49,2078830000";"0,3393800000"
"202100029506";"6";"06";"2021";"10:30";"1";"64";"64504";"1";"1";"1";"7";"Saint-PÃ©e-sur-Nivelle";"43,3337290000";" -1,5782250000"
"202100029507";"12";"07";"2021";"11:50";"1";"73";"73312";"1";"2";"1";"1";"D201c";"45,6633470000";"6,3111260000"
"202100029508";"10";"07";"2021";"22:37";"5";"18";"18186";"2";"1";"1";"6";"7 rue La Fontaine";"47,0985770000";"2,1738930000"
"202100029509";"12";"07";"2021";"17:55";"1";"16";"16012";"1";"1";"1";"5";"Lieu-Dit Le Peu";"45,5987710000";" -0,3199980000"
"202100029510";"1";"07";"2021";"23:55";"3";"40";"40287";"1";"1";"1";"7";"Route de Biscarrosse";"44,4632370000";" -1,0894060000"
"202100029511";"11";"07";"2021";"15:20";"1";"04";"04176";"1";"1";"1";"7";"RD 111";"43,7605370000";"6,1480470000"
"202100029512";"11";"07";"2021";"16:30";"1";"85";"85018";"1";"1";"1";"6";"D948 - les mÃ©nites";"46,9215700000";" -2,0923100000"
"202100029513";"11";"07";"2021";"23:25";"3";"27";"27476";"2";"1";"8";"7";"CÃ´te du Mont Morel";"49,3201200000";"0,4763600000"
"202100029514";"12";"07";"2021";"13:35";"1";"08";"08406";"1";"1";"2";"1";"D982";"49,3739350000";"4,7083930000"
"202100029515";"12";"07";"2021";"07:50";"1";"74";"74256";"1";"1";"1";"6";"A40";"45,9549320000";"6,6356720000"
"202100029516";"11";"07";"2021";"14:10";"1";"63";"63276";"1";"1";"7";"5";"A89 Pk 426+850";"45,8548802854";"3,4737350299"
"202100029517";"12";"07";"2021";"11:45";"1";"25";"25440";"1";"1";"1";"5";"RN.57";"47,0052360000";"6,3266660000"
"202100029518";"12";"07";"2021";"00:30";"3";"17";"17444";"1";"1";"3";"2";"Autoroute A10 PK 446.500";"45,6918480000";" -0,6476570000"
"202100029519";"11";"07";"2021";"16:20";"1";"27";"27340";"1";"1";"1";"6";"A13";"49,3653070000";"0,8087500000"
"202100029520";"11";"07";"2021";"21:40";"5";"988";"98817";"1";"1";"1";"6";"RP1 HAUTEUR SAINT LOUIS";" -22,2304890000";"166,5498320000"
"202100029521";"12";"07";"2021";"13:00";"1";"973";"97305";"1";"1";"1";"2";"RN1 - PK 12+900";"4,9245770000";" -52,3896790000"
"202100029522";"11";"07";"2021";"19:31";"3";"971";"97125";"2";"1";"1";"1";"N5";"16,2606680000";" -61,2758910000"
"202100029523";"11";"07";"2021";"22:50";"5";"978";"97801";"2";"1";"1";"1";"R DE CONCORDIA";"18,0653670000";" -63,0788910000"
"202100029524";"30";"06";"2021";"13:20";"1";"977";"97701";"2";"1";"1";"1";"rt211, grand fond";"17,8937460000";" -62,8039670000"
"202100029525";"11";"07";"2021";"20:55";"2";"45";"45210";"2";"1";"1";"6";"Chemin des Gravissants";"47,8628810000";"2,8209440000"
"202100029526";"12";"07";"2021";"08:30";"1";"45";"45179";"1";"1";"2";"1";"D19-PR 7 + 960 ";"47,7560890000";"1,7261620000"
"202100029527";"11";"07";"2021";"16:20";"1";"77";"77315";"2";"1";"1";"7";"Rue Emile Zola";"48,8876840000";"2,8327040000"
"202100029528";"7";"02";"2021";"19:20";"3";"77";"77470";"1";"1";"4";"4";"N4";"48,7357720000";"2,7715370000"
"202100029529";"8";"07";"2021";"11:30";"1";"91";"91041";"2";"6";"1";"2";"D19";"48,5730150000";"2,2408680000"
"202100029530";"11";"07";"2021";"15:30";"1";"2B";"2B079";"1";"1";"1";"7";"Castello-di-Rostino";"42,4751910000";"9,2608520000"
"202100029531";"11";"07";"2021";"06:45";"1";"66";"66037";"1";"1";"1";"6";"D11";"42,6811890000";"2,9945680000"
"202100029532";"12";"07";"2021";"10:20";"1";"13";"13041";"2";"9";"1";"2";"Clos des Puits - Route blanche";"43,4482460000";"5,4726930000"
"202100029533";"12";"07";"2021";"09:10";"1";"26";"26271";"1";"1";"1";"6";"Autoroute du Soleil";"45,0400980000";"4,8779730000"
"202100029534";"10";"07";"2021";"08:55";"1";"44";"44201";"2";"1";"1";"6";"46 Avenue de l Europe";"47,3435450000";" -1,5295570000"
"202100029535";"29";"06";"2021";"18:40";"1";"38";"38478";"1";"1";"1";"3";"RD1091";"45,0536210000";"5,8015320000"
"202100029536";"9";"07";"2021";"18:20";"1";"69";"69286";"1";"3";"7";"3";"RD71I";"45,8353200000";"4,9178280000"
"202100029537";"28";"06";"2021";"21:15";"2";"69";"69121";"2";"1";"1";"6";"D30";"45,8617210000";"4,6907540000"
"202100029538";"11";"07";"2021";"20:00";"1";"72";"72154";"2";"9";"1";"2";"20 Rue de l ArthuisiÃ¨re";"47,7149240000";" -0,0598450000"
"202100029539";"11";"07";"2021";"07:30";"2";"72";"72154";"1";"1";"1";"7";"D306 entre LA FLECHE et THOREE LES PINS";"47,6883590000";"0,0054070000"
"202100029540";"23";"06";"2021";"14:30";"1";"72";"72154";"2";"1";"1";"6";"Avenue Rhin et Danube";"47,7035960000";" -0,0926280000"
"202100029541";"11";"07";"2021";"11:50";"1";"27";"27196";"1";"6";"1";"3";"D77";"49,2972830000";"1,1747220000"
"202100029542";"11";"07";"2021";"16:35";"1";"13";"13071";"1";"1";"1";"7";"A55-Sens Martigues vers Marseille";"43,4146500000";"5,2849600000"
"202100029543";"10";"07";"2021";"20:30";"2";"13";"13210";"1";"1";"1";"3";"A50-Sens Marseille vers Aubagne";"43,2859300000";"5,4297800000"
"202100029544";"10";"07";"2021";"16:00";"1";"13";"13015";"1";"1";"1";"2";"A51-Sens Marseille vers Aix en Provence";"43,4708800000";"5,4072800000"
"202100029545";"4";"07";"2021";"00:30";"5";"38";"38544";"2";"7";"1";"3";"RN7   5.180 A 10.000";"45,5269400000";"4,8729500000"
"202100029546";"10";"07";"2021";"13:15";"1";"69";"69275";"1";"1";"1";"4";"EST (ROC)";"45,7806600000";"4,9591500000"
"202100029547";"11";"07";"2021";"06:50";"1";"38";"38087";"1";"9";"1";"6";"A46S   61.010 A 61.220";"45,5893000000";"4,8094500000"
"202100029548";"11";"07";"2021";"00:45";"3";"69";"69199";"1";"1";"1";"2";"PIERRE SEMARD (AV)";"45,7002947257";"4,8454722102"
"202100029549";"11";"07";"2021";"18:12";"1";"33";"33192";"1";"1";"1";"2";"ROCADE A 630";"44,7876200000";" -0,5995400000"
"202100029550";"11";"07";"2021";"04:19";"3";"91";"91434";"1";"1";"2";"7";"AUTOROUTE A6";"48,6677800000";"2,3568600000"
"202100029551";"11";"07";"2021";"02:06";"3";"91";"91521";"1";"9";"2";"6";"RN 104";"48,6360820000";"2,4020530000"
"202100029552";"10";"07";"2021";"21:15";"1";"94";"94038";"1";"1";"1";"2";"AUTOROUTE A6A";"48,7826000000";"2,3464000000"
"202100029553";"11";"07";"2021";"17:00";"1";"95";"95572";"1";"1";"1";"6";"A15";"49,0321700000";"2,1140500000"
"202100029554";"11";"07";"2021";"09:50";"1";"95";"95604";"1";"1";"1";"2";"AUTOROUTE A1";"49,1052561022";"2,5512421131"
"202100029555";"11";"07";"2021";"09:00";"1";"93";"93027";"1";"1";"1";"4";"AUTOROUTE A86";"48,9251700000";"2,3939000000"
"202100029556";"10";"07";"2021";"12:20";"1";"93";"93063";"1";"1";"1";"2";"AUTOROUTE A3";"48,8744700000";"2,4400200000"
"202100029557";"11";"07";"2021";"17:15";"1";"75";"75112";"1";"1";"1";"2";"A4";"48,8202500000";"2,4606000000"
"202100029558";"10";"07";"2021";"15:45";"1";"77";"77363";"1";"1";"1";"2";"A104";"48,9266563842";"2,6288649398"
"202100029559";"9";"07";"2021";"18:30";"1";"77";"77373";"1";"1";"1";"2";"RN104";"48,7669394254";"2,6137633301"
"202100029560";"8";"07";"2021";"23:40";"4";"93";"93051";"1";"1";"1";"6";"A4";"48,8352965341";"2,5718894005"
"202100029561";"17";"03";"2021";"13:35";"1";"48";"48095";"2";"1";"2";"6";"Avenue du 11 Novembre";"44,5254290000";"3,4798820000"
"202100029562";"9";"07";"2021";"18:30";"5";"974";"97416";"1";"1";"1";"3";"D28 LIGNE DES BAMBOUS";" -21,3044000000";"55,4956000000"
"202100029563";"10";"07";"2021";"17:40";"2";"974";"97411";"1";"9";"1";"6";"RIVIERE DES PLUIES (ROUTE DE LA)";" -20,9008700000";"55,5005800000"
"202100029564";"10";"07";"2021";"06:45";"1";"974";"97411";"2";"2";"1";"3";"RAMBAUD (LEOPOLD)";" -20,8863080000";"55,4822860000"
"202100029565";"9";"07";"2021";"08:10";"1";"973";"97302";"2";"1";"1";"2";"BADUEL (ROUTE DE)";"4,9381500000";" -52,3167900000"
"202100029566";"10";"07";"2021";"07:00";"1";"973";"97302";"2";"3";"1";"3";"ZEPHIR (ROCADE)";"4,9380500000";" -52,3063400000"
"202100029567";"10";"07";"2021";"21:25";"5";"69";"69386";"2";"3";"8";"3";"THIERS (AV)";"45,7662900000";"4,8616900000"
"202100029568";"9";"07";"2021";"20:00";"2";"69";"69388";"2";"1";"1";"6";"ALBERT THOMAS (CR)";"45,7452400000";"4,8721300000"
"202100029569";"10";"07";"2021";"04:00";"5";"972";"97213";"1";"1";"1";"6";"AUTOROUTE A1";"14,6181500000";" -61,0324200000"
"202100029570";"10";"07";"2021";"14:00";"1";"69";"69389";"2";"3";"1";"3";"SERGENT MICHEL BERTHET (DU) (R)";"45,7669961275";"4,8053539151"
"202100029571";"9";"07";"2021";"20:10";"1";"69";"69034";"2";"1";"1";"2";"ST CLAIR (DE) (R) (GR)";"45,7869621066";"4,8504301212"
"202100029572";"10";"07";"2021";"02:20";"5";"69";"69385";"2";"1";"1";"6";"TRAMASSAC (R)";"45,7618000000";"4,8260900000"
"202100029573";"10";"07";"2021";"16:29";"1";"2B";"2B037";"1";"1";"1";"2";"LAGUNE (Route de la) D107";"42,6112000000";"9,4823400000"
"202100029574";"10";"07";"2021";"14:12";"1";"2B";"2B033";"1";"1";"1";"1";"11 - RT";"42,6910900000";"9,4495500000"
"202100029575";"28";"06";"2021";"13:20";"1";"971";"97101";"1";"1";"1";"7";"PATRICK SAINT ELOI ( AVENUE )";"16,2544897658";" -61,5226073563"
"202100029576";"10";"07";"2021";"19:35";"1";"91";"91549";"2";"3";"1";"2";"GABRIEL PERI (AVENUE)";"48,6480600000";"2,3243200000"
"202100029577";"10";"07";"2021";"15:10";"1";"83";"83034";"2";"1";"1";"6";"BOULEVARD DE LA LIBERTÃ";"43,0901348998";"6,0838615894"
"202100029578";"10";"07";"2021";"09:05";"1";"83";"83069";"1";"1";"1";"6";"GIENS (ROUTE DE )";"43,0666000000";"6,1472000000"
"202100029579";"10";"07";"2021";"22:50";"5";"78";"78396";"2";"1";"1";"5";"AVENUE DE POISSY";"48,9433100000";"2,1279700000"
"202100029580";"10";"07";"2021";"22:40";"3";"78";"78551";"1";"1";"1";"6";"RN 184";"48,9232800000";"2,0869000000"
"202100029581";"10";"07";"2021";"16:00";"1";"76";"76540";"2";"7";"1";"3";"SAINT PAUL. PLACE";"49,4341600000";"1,1059350000"
"202100029582";"10";"07";"2021";"19:08";"1";"74";"74133";"2";"8";"8";"7";"GENEVE (RUE DE)";"46,1920500000";"6,2082400000"
"202100029583";"10";"07";"2021";"23:00";"5";"72";"72181";"2";"1";"1";"4";"JAURES JEAN (AV) NÂ° PAIRS 60 ET >";"47,9861600000";"0,2087000000"
"202100029584";"9";"07";"2021";"14:50";"1";"72";"72181";"1";"1";"1";"3";"19 MARS 1962 (PL)";"47,9605900000";"0,2240900000"
"202100029585";"10";"07";"2021";"17:55";"1";"69";"69029";"1";"3";"1";"3";"UNIVERSITE  (DE L') (BD)";"45,7252200000";"4,9247600000"
"202100029586";"10";"07";"2021";"14:40";"1";"69";"69256";"2";"2";"1";"3";"GARIBALDI (AV)";"45,7670600000";"4,9329100000"
"202100029587";"9";"07";"2021";"20:55";"1";"64";"64269";"1";"2";"1";"2";"TARBES DE";"43,2981200000";" -0,3030100000"
"202100029588";"9";"07";"2021";"10:05";"1";"64";"64269";"2";"1";"1";"2";"TARBES DE";"43,2978040495";" -0,3016600013"
"202100029589";"10";"07";"2021";"20:20";"1";"64";"64122";"2";"1";"1";"3";"MADRID (RUE DE)";"43,4687400000";" -1,5700200000"
"202100029590";"9";"07";"2021";"23:45";"4";"62";"62160";"2";"2";"1";"3";"BRANLY (Rue Edouard)";"50,7196820000";"1,6202500000"
"202100029591";"29";"06";"2021";"22:22";"5";"54";"54547";"2";"1";"1";"3";"AIGUILLETTES (BD 1 A 3)";"48,6667400000";"6,1660100000"
"202100029592";"10";"07";"2021";"09:20";"1";"54";"54395";"2";"2";"1";"1";"GRANDVILLE (RUE)";"48,6999900000";"6,1800700000"
"202100029593";"10";"07";"2021";"14:52";"1";"49";"49007";"2";"1";"2";"7";"BARANGE BOULEVARD";"47,4650162134";" -0,5704696476"
"202100029594";"10";"07";"2021";"11:40";"1";"45";"45234";"2";"1";"1";"3";"106 Rue du Faubourg Saint Jean";"47,9071900000";"1,8877800000"
"202100029595";"9";"07";"2021";"17:20";"1";"45";"45234";"2";"1";"1";"2";"Avenue de la Liberation";"47,9191050000";"1,9020450000"
"202100029596";"10";"07";"2021";"22:00";"2";"44";"44109";"2";"3";"1";"2";"BOULEVARD ROBERT SCHUMAN";"47,2459580000";" -1,5766450000"
"202100029597";"12";"06";"2021";"14:00";"1";"42";"42218";"2";"1";"1";"6";"Rue de Monthieu";"45,4420600000";"4,4152500000"
"202100029598";"10";"07";"2021";"22:10";"2";"42";"42071";"2";"2";"1";"2";"Boulevard des Belges";"46,0248700000";"4,0903600000"
"202100029599";"10";"07";"2021";"17:25";"1";"37";"37261";"2";"1";"2";"6";"BEDEL (RUE MAURICE)";"47,3782812977";"0,6980712422"
"202100029600";"10";"07";"2021";"03:25";"5";"35";"35238";"2";"2";"1";"3";"VOLCLAIR (BD LOUIS)";"48,0883200000";" -1,6691200000"
"202100029601";"9";"07";"2021";"10:56";"1";"33";"33075";"2";"4";"1";"3";"Avenue du MÃ©doc";"44,8796500000";" -0,6268000000"
"202100029602";"10";"07";"2021";"15:20";"1";"31";"31555";"2";"9";"1";"6";"AV DE GRANDE BRETAGNE";"43,6035700000";"1,4067930000"
"202100029603";"10";"07";"2021";"19:30";"1";"27";"27562";"2";"1";"2";"1";"LAGRANGE (RUE LEO)";"49,1029000000";"1,4504900000"
"202100029604";"10";"07";"2021";"12:25";"1";"27";"27229";"2";"6";"2";"7";"MOULIN (RUE JEAN)";"49,0139948000";"1,1526205000"
"202100029605";"10";"07";"2021";"21:40";"3";"13";"13208";"2";"1";"1";"3";"MICHELET (BOULEVARD)";"43,2613290316";"5,3976323406"
"202100029606";"10";"07";"2021";"21:00";"5";"13";"13214";"2";"9";"1";"3";"ALEX ANSALDI (RUE)";"43,3354400000";"5,4001500000"
"202100029607";"10";"07";"2021";"15:25";"1";"13";"13211";"2";"9";"1";"6";"CAMOINS (AVENUE DES)";"43,3061511055";"5,5105923443"
"202100029608";"10";"07";"2021";"07:00";"1";"13";"13213";"2";"1";"1";"1";"ROSE (AVENUE DE LA)";"43,3269600000";"5,4229400000"
"202100029609";"10";"07";"2021";"02:30";"5";"13";"13202";"2";"2";"1";"1";"PORT (QUAI DU)";"43,2953800000";"5,3646000000"
"202100029610";"10";"07";"2021";"02:45";"5";"13";"13214";"2";"1";"1";"1";"CLAUDE MONET (avenue)";"43,3258886760";"5,3943256567"
"202100029611";"11";"07";"2021";"01:09";"5";"10";"10387";"2";"2";"8";"3";"MAURICE ROMAGON (RUE)";"48,2820300000";"4,0908700000"
"202100029612";"9";"07";"2021";"19:30";"1";"07";"07072";"1";"1";"1";"3";"LES TROIS CHEMINS";"44,7500800000";"4,5982000000"
"202100029613";"9";"07";"2021";"16:20";"1";"07";"07281";"2";"1";"1";"3";"ONZE NOVEMBRE (AVENUE DU)";"44,9475600000";"4,8446200000"
"202100029614";"10";"07";"2021";"15:00";"1";"06";"06088";"2";"3";"1";"6";"FAURE (AV. FELIX)";"43,6980710000";"7,2726690000"
"202100029615";"9";"07";"2021";"11:55";"1";"75";"75120";"2";"3";"1";"3";"BOULEVARD DE MENILMONTANT";"48,8660430000";"2,3840200000"
"202100029616";"10";"07";"2021";"17:00";"1";"75";"75106";"2";"1";"2";"3";"RUE DE RENNES";"48,8451960000";"2,3251660000"
"202100029617";"10";"07";"2021";"16:20";"1";"75";"75118";"2";"4";"1";"3";"BOULEVARD BARBES";"48,8872370000";"2,3495710000"
"202100029618";"9";"07";"2021";"23:15";"5";"75";"75118";"2";"1";"1";"1";"RUE ORDENER";"48,8930350000";"2,3407930000"
"202100029619";"10";"07";"2021";"03:00";"5";"75";"75115";"2";"3";"1";"7";"AVENUE ALBERT BARTHOLOME";"48,8277260000";"2,3001270000"
"202100029620";"9";"07";"2021";"21:30";"2";"75";"75115";"2";"1";"1";"6";"ALLEE DU CAPITAINE DRONNE";"48,8392860000";"2,3177590000"
"202100029621";"10";"07";"2021";"12:40";"1";"75";"75113";"2";"2";"1";"2";"BOULEVARD VINCENT AURIOL";"48,8366610000";"2,3718860000"
"202100029622";"10";"07";"2021";"04:00";"5";"75";"75113";"2";"3";"1";"3";"RUE DE TOLBIAC";"48,8260690000";"2,3552220000"
"202100029623";"10";"07";"2021";"12:40";"1";"75";"75109";"2";"1";"1";"3";"BOULEVARD DE ROCHECHOUART";"48,8825510000";"2,3430890000"