"Num_Acc";"jour";"mois";"an";"hrmn";"lum";"dep";"com";"agg";"int";"atm";"col";"adr";"lat";"long"
"202100029624";"10";"07";"2021";"12:30";"1";"75";"75108";"2";"7";"2";"3";"PLACE DE LA CONCORDE";"48,8658640000";"2,3199170000"
"202100029625";"10";"07";"2021";"17:20";"1";"75";"75101";"2";"3";"1";"7";"RUE DE RIVOLI";"48,8643820000";"2,3301240000"
"202100029626";"9";"07";"2021";"15:50";"1";"75";"75104";"2";"2";"1";"3";"BOULEVARD BEAUMARCHAIS";"48,8558110000";"2,3685080000"
"202100029627";"10";"07";"2021";"19:45";"1";"94";"94081";"2";"2";"1";"3";"Rue Eugene Henaff";"48,7947640000";"2,4178740000"
"202100029628";"10";"07";"2021";"15:10";"1";"94";"94074";"2";"1";"2";"6";"Rue ThÃ©odule Jourdain";"48,7695590000";"2,4488090000"
"202100029629";"10";"07";"2021";"13:50";"1";"94";"94015";"2";"1";"2";"3";"Boulevard Georges MÃ©liÃ¨s";"48,8305130000";"2,5280610000"
"202100029630";"10";"07";"2021";"20:45";"2";"94";"94028";"2";"9";"1";"3";"Rue RenÃ© Arcos";"48,7778560000";"2,4656830000"
"202100029631";"10";"07";"2021";"17:17";"1";"94";"94022";"2";"3";"1";"7";"Avenue de Lugo";"48,7671600000";"2,4105900000"
"202100029632";"9";"07";"2021";"16:30";"1";"94";"94055";"2";"1";"1";"5";"Avenue Wladimir dâOrmesson";"48,7862000000";"2,5414700000"
"202100029633";"10";"07";"2021";"14:00";"1";"94";"94017";"2";"4";"1";"6";"Avenue de Coeuilly";"48,8127500000";"2,5272500000"
"202100029634";"9";"07";"2021";"12:15";"1";"94";"94002";"2";"1";"1";"3";"Digue dâAlfortville";"48,7818300000";"2,4219700000"
"202100029635";"10";"07";"2021";"15:55";"1";"93";"93072";"2";"1";"1";"3";"PAUL VERLAINE (RUE)";"48,9532000000";"2,3772500000"
"202100029636";"10";"07";"2021";"17:35";"1";"93";"93072";"2";"9";"1";"1";"STALINGRAD (Avenue)";"48,9515820000";"2,3879600000"
"202100029637";"10";"07";"2021";"15:30";"1";"93";"93066";"2";"4";"1";"2";"MOULIN JEAN (AVE) NR 10 A 20 ET  13 A 17";"48,9403500000";"2,3634800000"
"202100029638";"10";"07";"2021";"11:00";"1";"92";"92050";"2";"1";"8";"6";"PASCAL RUE";"48,8974500417";"2,2031182051"
"202100029639";"10";"07";"2021";"11:20";"1";"92";"92050";"2";"3";"2";"2";"COMMUNE DE PARIS AVENUE DE LA";"48,9075110000";"2,2120930000"
"202100029640";"10";"07";"2021";"12:15";"1";"92";"92049";"2";"3";"1";"6";"BRIAND AVENUE ARISTIDE NÂ°2 A 114";"48,8174700000";"2,3254500000"
"202100029641";"10";"07";"2021";"18:50";"1";"14";"14162";"1";"1";"1";"7";"D184";"48,9206170000";" -0,5199620000"
"202100029642";"10";"07";"2021";"19:40";"1";"51";"51080";"1";"2";"1";"3";"D396/D55";"48,5923060405";"4,5425147563"
"202100029643";"10";"07";"2021";"04:00";"3";"51";"51513";"1";"1";"1";"7";"D58";"48,6068628807";"4,6386005608"
"202100029644";"11";"07";"2021";"10:45";"1";"01";"01248";"1";"1";"1";"5";"Route de Bourg-En-Bresse";"45,9123510000";"4,9406530000"
"202100029645";"11";"07";"2021";"07:50";"1";"38";"38019";"2";"1";"1";"2";"Route Nationale 7";"45,4326490000";"4,8181270000"
"202100029646";"11";"07";"2021";"11:00";"1";"68";"68178";"1";"1";"1";"5";"D430";"47,9375360000";"7,0981440000"
"202100029647";"11";"07";"2021";"09:55";"1";"45";"45301";"1";"1";"1";"6";"A19-PR 104 + 900";"48,1086920000";"2,1306610000"
"202100029648";"11";"07";"2021";"13:00";"1";"28";"28018";"1";"1";"1";"2";"Autoroute Oceane - A11";"48,2037260000";"0,8955570000"
"202100029649";"9";"07";"2021";"19:30";"1";"83";"83073";"1";"1";"1";"7";"A8";"43,4018630742";"6,3050960715"
"202100029650";"10";"07";"2021";"12:10";"1";"71";"71576";"1";"1";"1";"2";"Autoroute A6, PK 362.000, sens PARIS-LYON";"46,5277005047";"4,9190413894"
"202100029651";"9";"07";"2021";"20:35";"3";"972";"97218";"1";"1";"1";"6";"Plateau Sable";"14,7670470000";" -61,1473380000"
"202100029652";"11";"07";"2021";"06:10";"2";"54";"54277";"1";"1";"1";"6";"A4";"49,1795573532";"5,7831430437"
"202100029653";"10";"07";"2021";"21:55";"5";"46";"46201";"2";"1";"1";"7";"47 Boulevard Jacques Chapou";"44,3373780000";"1,2078360000"
"202100029654";"10";"07";"2021";"22:45";"4";"86";"86114";"1";"6";"1";"7";"Zone de la carte";"46,5670620000";"0,6160640000"
"202100029655";"10";"07";"2021";"20:30";"1";"67";"67534";"2";"1";"2";"1";"38 rue du gÃ©nÃ©ral Leclerc";"48,7482240000";"7,5008510000"
"202100029656";"10";"07";"2021";"13:00";"1";"974";"97414";"2";"1";"1";"3";"233 route de cilaos";" -21,2706840000";"55,4429340000"
"202100029657";"11";"07";"2021";"14:45";"1";"83";"83019";"2";"1";"1";"5";"930 Avenue Lou Mistraou";"43,1411122005";"6,3499760117"
"202100029658";"10";"07";"2021";"16:25";"1";"83";"83073";"1";"1";"1";"6";"RN7";"43,3958300000";"6,2923580000"
"202100029659";"10";"07";"2021";"20:30";"2";"80";"80606";"1";"1";"1";"6";"D29";"49,9477060000";"1,7757140000"
"202100029660";"11";"07";"2021";"17:00";"1";"33";"33540";"1";"1";"1";"7";"Dune de Ginestras (Pic)";"45,3083380000";" -1,1371710000"
"202100029661";"11";"07";"2021";"19:10";"1";"11";"11255";"1";"1";"1";"1";"D6113";"43,1826650000";"2,9486540000"
"202100029662";"11";"07";"2021";"00:40";"3";"71";"71248";"2";"4";"1";"1";"D975";"46,5555880000";"4,9338640000"
"202100029663";"4";"07";"2021";"16:45";"1";"89";"89276";"1";"1";"1";"7";"Rue de la Gare";"48,0367600000";"3,7946440000"
"202100029664";"11";"07";"2021";"19:00";"1";"63";"63190";"1";"1";"1";"7";"DÃ©partementale D73";"45,5266226579";"2,5567282128"
"202100029665";"10";"07";"2021";"15:15";"1";"63";"63352";"1";"1";"1";"7";"D214";"45,4492740000";"3,2225880000"
"202100029666";"9";"07";"2021";"12:00";"1";"42";"42081";"2";"2";"7";"3";"Route du Stade";"45,6132830000";"4,2641440000"
"202100029667";"18";"06";"2021";"16:50";"1";"42";"42043";"1";"3";"1";"1";"915 Route de Saint Bonnet les Oules";"45,5689069357";"4,3160905139"
"202100029668";"10";"07";"2021";"11:40";"1";"47";"47242";"1";"1";"1";"7";"Lastreilles";"44,5679770000";"0,9960630000"
"202100029669";"10";"07";"2021";"19:15";"1";"34";"34197";"1";"1";"7";"6";"D124e2";"43,5668470000";"3,3859660000"
"202100029670";"11";"07";"2021";"10:50";"1";"39";"39510";"1";"1";"1";"6";"N/A";"46,3616560000";"5,9097750000"
"202100029671";"9";"07";"2021";"17:45";"1";"35";"35068";"1";"1";"1";"3";"N 157";"48,1014420000";" -1,4279540000"
"202100029672";"10";"07";"2021";"18:11";"1";"29";"29199";"2";"1";"1";"6";"Avenue du MarÃ©chal Leclerc";"48,5696570000";" -3,7050800000"
"202100029673";"10";"07";"2021";"14:40";"1";"31";"31510";"1";"1";"1";"1";"DÃ©partementale 17 - Pk 28+400";"43,2666750000";"0,7064720000"
"202100029674";"11";"07";"2021";"16:30";"1";"31";"31052";"1";"1";"1";"1";"route de toulouse";"43,3992560000";"1,3634960000"
"202100029675";"11";"07";"2021";"11:15";"1";"03";"03258";"1";"2";"1";"1";"Rue de Vendat";"46,1820960000";"3,3321730000"
"202100029676";"11";"07";"2021";"02:10";"3";"85";"85191";"1";"1";"1";"7";"A.87";"46,6515800000";" -1,3861300000"
"202100029677";"10";"07";"2021";"01:00";"4";"58";"58088";"2";"1";"1";"3";"Rue Bailly";"47,0058950000";"3,1869630000"
"202100029678";"9";"07";"2021";"17:10";"1";"06";"06073";"1";"9";"1";"7";"M97";"44,1971410000";"7,0658600000"
"202100029679";"11";"07";"2021";"06:00";"2";"06";"06079";"1";"1";"1";"1";"route de tanneron";"43,5544770000";"6,9212650000"
"202100029680";"11";"07";"2021";"00:37";"3";"06";"06007";"1";"1";"1";"6";"1014 avenue de grasse";"43,6147370000";"6,9211750000"
"202100029681";"11";"07";"2021";"11:35";"1";"14";"14335";"1";"1";"1";"7";"D80";"49,1886810000";" -0,0781860000"
"202100029682";"11";"07";"2021";"16:45";"1";"60";"60059";"1";"1";"1";"6";"Chemin de la Rouatte";"49,5969890000";"3,0653170000"
"202100029683";"11";"07";"2021";"18:25";"1";"64";"64006";"1";"1";"1";"7";"chemin vieux";"42,9884040000";" -0,5997630000"
"202100029684";"4";"07";"2021";"11:00";"1";"73";"73171";"1";"1";"3";"1";"D1006";"45,4981130000";"6,0435860000"
"202100029685";"9";"07";"2021";"20:15";"1";"07";"07314";"1";"1";"1";"7";"RD241 lieu dit ""Le SallÃ©e""";"44,8749580000";"4,5862650000"
"202100029686";"11";"07";"2021";"03:45";"3";"21";"21378";"1";"1";"1";"1";"RD 5F";"47,8585550000";"4,4130060000"
"202100029687";"10";"07";"2021";"21:00";"1";"21";"21358";"1";"1";"3";"3";"D19 pk 11+50";"47,6124150000";"4,5173740000"
"202100029688";"9";"07";"2021";"07:20";"1";"17";"17482";"1";"1";"1";"3";"D115";"46,1520110000";" -0,8124300000"
"202100029689";"11";"07";"2021";"20:04";"1";"30";"30101";"1";"1";"1";"6";"RD 131";"44,0788610000";"4,1473170000"
"202100029690";"8";"07";"2021";"23:45";"3";"10";"10084";"1";"1";"1";"2";"A26";"48,3962360000";"4,1515950000"
"202100029691";"11";"07";"2021";"08:30";"1";"76";"76660";"1";"1";"1";"3";"pont de normandie";"49,4526208982";"0,2713590860"
"202100029692";"10";"07";"2021";"16:30";"1";"74";"74010";"1";"3";"1";"3";"Av d Aix les Bains (Seynod)";"45,8710370000";"6,0747530000"
"202100029693";"10";"07";"2021";"03:00";"3";"33";"33042";"1";"1";"1";"2";"A63";"44,4280390000";" -0,8172170000"
"202100029694";"10";"07";"2021";"11:15";"1";"38";"38534";"1";"1";"1";"2";"Le Clapier et L'Ile";"44,9846000000";"6,1290600000"
"202100029695";"10";"07";"2021";"15:25";"1";"987";"98738";"1";"4";"1";"1";"RDO sortie universitÃ©, sens PUNAAUIA PAPEETE";" -17,5762983048";" -149,6117949486"
"202100029696";"10";"07";"2021";"17:45";"1";"72";"72241";"1";"1";"1";"6";"Autoroute A11 PK 155+000 - Sens PARIS - PROVINCE";"48,0635110000";"0,4011730000"
"202100029697";"10";"07";"2021";"09:20";"1";"83";"83116";"1";"1";"1";"1";"Autoroute A8 PK 056+400 Nord";"43,4584020000";"5,8697030000"
"202100029698";"11";"07";"2021";"17:30";"2";"988";"98817";"1";"9";"2";"7";"ROUTE DU VALLON DORE";" -22,2501440000";"166,5665160000"
"202100029699";"11";"07";"2021";"04:00";"3";"77";"77471";"1";"1";"1";"6";"D410";"48,3534110000";"2,4549940000"
"202100029700";"9";"07";"2021";"16:15";"1";"77";"77211";"1";"2";"7";"3";"RD 619";"48,5812000000";"2,9643020000"
"202100029701";"11";"07";"2021";"01:50";"3";"34";"34113";"2";"3";"1";"6";"Issanka";"43,4795713921";"3,6991108954"
"202100029702";"11";"07";"2021";"11:15";"1";"84";"84118";"1";"1";"1";"5";"dÃ©partementale D943";"43,9429000000";"5,3776360000"
"202100029703";"11";"07";"2021";"11:15";"1";"83";"83071";"1";"1";"1";"4";"D98";"43,1274225597";"6,2060598914"
"202100029704";"10";"07";"2021";"20:45";"3";"83";"83065";"2";"1";"1";"3";"D98a";"43,2624290000";"6,6006800000"
"202100029705";"10";"07";"2021";"18:15";"1";"13";"13030";"1";"1";"1";"1";"D8n";"43,2685500000";"5,7358500000"
"202100029706";"10";"07";"2021";"17:15";"1";"13";"13004";"2";"1";"1";"3";"18 route de la crau";"43,4111250000";"4,7266190000"
"202100029707";"11";"07";"2021";"14:57";"1";"71";"71251";"1";"2";"1";"2";"D994";"46,8983150000";"4,1884570000"
"202100029708";"9";"07";"2021";"18:20";"1";"73";"73089";"1";"1";"1";"6";"RD 1006";"45,5390096120";"6,1326765681"
"202100029709";"11";"07";"2021";"07:10";"2";"26";"26085";"1";"3";"1";"3";"1555 Route Nationale 7";"44,5169620000";"4,7447200000"
"202100029710";"10";"07";"2021";"13:00";"1";"69";"69295";"1";"1";"1";"3";"Route DÃ©partementale 307";"45,6076280000";"4,8533390000"
"202100029711";"11";"07";"2021";"16:45";"1";"46";"46102";"1";"1";"1";"1";"dÃ©partementale 2 - lieu dit Poutisse";"44,6049520000";"2,0611170000"
"202100029712";"11";"07";"2021";"17:20";"1";"79";"79049";"2";"3";"1";"7";"65 Rue de la Grange";"46,8376690000";" -0,4839740000"
"202100029713";"11";"07";"2021";"02:43";"3";"64";"64304";"1";"1";"1";"7";"2467 Route de l Adour";"43,4935810000";" -1,3961540000"
"202100029714";"10";"07";"2021";"19:40";"1";"33";"33435";"1";"1";"1";"2";"N/A";"44,5647320000";" -0,2410980000"
"202100029715";"10";"07";"2021";"22:00";"3";"22";"22012";"1";"2";"1";"3";"D52";"48,5845070000";" -2,4311110000"
"202100029716";"11";"07";"2021";"19:00";"1";"80";"80313";"1";"1";"1";"3";"A1";"49,9204070000";"2,8513540000"
"202100029717";"9";"07";"2021";"09:09";"1";"13";"13202";"1";"1";"1";"7";"A55-Sens Marseille vers Martigues";"43,3292700000";"5,3563200000"
"202100029718";"9";"07";"2021";"11:30";"1";"13";"13215";"1";"1";"1";"3";"A7-Sens Marseille vers Lyon";"43,3668500000";"5,3607800000"
"202100029719";"9";"07";"2021";"20:00";"1";"13";"13070";"1";"1";"1";"2";"A50-Sens Marseille vers Aubagne";"43,2855700000";"5,5128800000"
"202100029720";"9";"07";"2021";"17:00";"1";"13";"13055";"1";"1";"1";"2";"A507 sens Aubagne- Marseille";"43,3380400000";"5,3924300000"
"202100029721";"9";"07";"2021";"06:45";"1";"13";"13071";"1";"1";"1";"3";"A7-Sens Marseille vers Lyon";"43,4039780000";"5,3038370000"
"202100029722";"5";"07";"2021";"12:20";"1";"67";"67482";"1";"1";"1";"6";"M35";"48,5895000000";"7,7316900000"
"202100029723";"10";"07";"2021";"15:10";"1";"33";"33075";"1";"1";"1";"2";"ROCADE A 630";"44,8882800000";" -0,5858500000"
"202100029724";"10";"07";"2021";"02:55";"3";"33";"33080";"1";"1";"1";"2";"AUTOROUTE A 62";"44,7374900000";" -0,5340300000"
"202100029725";"10";"07";"2021";"06:25";"1";"94";"94003";"1";"1";"1";"2";"AUTOROUTE A6A";"48,8026000000";"2,3420000000"
"202100029726";"9";"07";"2021";"19:35";"1";"91";"91136";"1";"1";"1";"3";"AUTOROUTE A10";"48,7135100000";"2,2785000000"
"202100029727";"9";"07";"2021";"19:55";"1";"91";"91689";"1";"1";"1";"3";"AUTOROUTE A10";"48,7415300000";"2,3205900000"
"202100029728";"10";"07";"2021";"15:41";"1";"92";"92025";"1";"1";"1";"2";"A86";"48,9232300709";"2,2288666058"
"202100029729";"10";"07";"2021";"15:05";"1";"92";"92025";"1";"1";"1";"4";"A86";"48,9217595598";"2,2261142366"
"202100029730";"9";"07";"2021";"22:40";"5";"93";"93066";"1";"1";"1";"2";"AUTOROUTE A1";"48,9028700000";"2,3586300000"
"202100029731";"9";"07";"2021";"11:30";"1";"93";"93010";"1";"1";"1";"3";"AUTOROUTE A3";"48,9157700000";"2,4775800000"
"202100029732";"10";"07";"2021";"13:20";"1";"77";"77122";"1";"1";"1";"6";"RN104";"48,6466701112";"2,5861363461"
"202100029733";"9";"07";"2021";"22:15";"5";"64";"64024";"2";"1";"1";"1";"10 PROMENADE DES FALAISES ";"43,4978800000";" -1,5404200000"
"202100029734";"9";"07";"2021";"18:15";"1";"38";"38151";"2";"1";"1";"1";"AVENUE EDMOND ESMONIN";"45,1592900000";"5,7268400000"
"202100029735";"7";"05";"2021";"16:40";"1";"94";"94043";"2";"1";"1";"6";"CHARLES GIDE (AV)";"48,8068000000";"2,3511600000"
"202100029736";"8";"07";"2021";"16:00";"1";"974";"97411";"2";"6";"1";"3";"JAURES (BLD 2 JEAN)";" -20,9010400000";"55,4968300000"
"202100029737";"9";"07";"2021";"13:10";"1";"973";"97302";"2";"1";"1";"3";"BADUEL (ROUTE DE)";"4,9289000000";" -52,2995200000"
"202100029738";"8";"07";"2021";"19:35";"1";"69";"69387";"2";"2";"1";"3";"JULES GUESDE (PL)";"45,7466800000";"4,8374500000"
"202100029739";"8";"07";"2021";"21:49";"5";"972";"97213";"1";"1";"1";"2";"AUTOROUTE A1";"14,6186700000";" -61,0231100000"
"202100029740";"9";"07";"2021";"13:15";"1";"972";"97209";"2";"9";"1";"6";"VICTOR SCHOELCHER (RUE)";"14,6036700000";" -61,0698700000"
"202100029741";"9";"07";"2021";"07:10";"1";"972";"97209";"2";"1";"1";"3";"RAVINE VILAINE (CHEMIN DEPARTEMENTAL DE)";"14,6418200000";" -61,0591000000"
"202100029742";"8";"07";"2021";"22:00";"3";"972";"97209";"1";"1";"1";"3";"AUTOROUTE (A1)";"14,6114200000";" -61,0509000000"
"202100029743";"8";"07";"2021";"17:49";"1";"972";"97209";"2";"1";"1";"3";"RD 41";"14,6155000000";" -61,0613000000"
"202100029744";"8";"07";"2021";"17:10";"1";"69";"69389";"2";"1";"1";"2";"DOCTEUR HORAND (DU) (R)";"45,7718651471";"4,8018340766"
"202100029745";"9";"07";"2021";"12:35";"1";"2B";"2B033";"2";"1";"1";"1";"ROUTE ROYALE";"42,6794000000";"9,4292500000"
"202100029746";"10";"07";"2021";"01:30";"5";"2A";"2A004";"2";"1";"1";"7";"ILES SANGUINAIRES ROUTE DES";"41,9080000000";"8,6850000000"
"202100029747";"9";"07";"2021";"07:43";"1";"95";"95427";"2";"2";"1";"3";"Rue du Muret";"48,9749120725";"2,3428559303"
"202100029748";"9";"07";"2021";"16:00";"1";"91";"91097";"2";"1";"1";"6";"RUE DU MOULIN NEUF";"48,6889000000";"2,5339500000"
"202100029749";"9";"07";"2021";"12:35";"1";"91";"91223";"2";"1";"1";"3";"DIGUE (RUE DE LA)";"48,4268700000";"2,1468800000"
"202100029750";"29";"06";"2021";"16:35";"1";"86";"86194";"2";"1";"1";"6";"Rue de Montbernage";"46,5828360000";"0,3592740000"
"202100029751";"14";"05";"2021";"04:45";"5";"85";"85194";"2";"6";"1";"3";"AV POMPIDOU";"46,4979300000";" -1,7820500000"
"202100029752";"9";"07";"2021";"17:30";"1";"83";"83069";"2";"1";"1";"2";"SEMARD ( RUE PIERRE )";"43,1096919873";"6,1224827170"
"202100029753";"9";"07";"2021";"20:57";"1";"78";"78224";"1";"3";"1";"6";"NOISY (ROUTE DE)";"48,8547100000";"2,0643020000"
"202100029754";"8";"07";"2021";"02:38";"5";"77";"77114";"2";"1";"1";"6";"RUE ALBERT DAUVERGNE";"48,7274049212";"2,6589094503"
"202100029755";"9";"07";"2021";"09:15";"1";"76";"76575";"2";"1";"1";"3";"SEMARD. RUE PIERRE";"49,3940000000";"1,0933300000"
"202100029756";"9";"07";"2021";"03:25";"5";"76";"76540";"2";"1";"1";"2";"BOULET. QUAI GASTON";"49,4429100000";"1,0781000000"
"202100029757";"8";"07";"2021";"17:45";"1";"76";"76351";"1";"3";"1";"3";"Rue Louis LumiÃ¨re";"49,5270600000";"0,1300200000"
"202100029758";"8";"07";"2021";"13:20";"1";"74";"74298";"2";"1";"2";"3";"EUROPE (AVENUE DE L')";"46,1763600000";"6,2430500000"
"202100029759";"9";"07";"2021";"01:49";"5";"72";"72181";"2";"1";"1";"6";"BOLLEE (AV) NÂ° PAIRS 64 A 146";"47,9982700000";"0,2136800000"
"202100029760";"8";"07";"2021";"19:00";"1";"72";"72181";"2";"2";"1";"1";"ESTIENNE D'ORVES (BD D')";"47,9842500000";"0,1853300000"
"202100029761";"3";"07";"2021";"09:50";"1";"70";"70550";"2";"1";"1";"6";"CURIE (RUE PIERRE)";"47,6127984213";"6,1527242884"
"202100029762";"9";"07";"2021";"18:35";"1";"69";"69256";"2";"1";"1";"2";"PAUL TESTE (R)";"45,7727800000";"4,9129100000"
"202100029763";"9";"07";"2021";"18:00";"1";"69";"69266";"2";"2";"1";"3";"GREUZE (R)";"45,7711900000";"4,8936800000"
"202100029764";"9";"07";"2021";"13:18";"1";"69";"69266";"2";"8";"1";"6";"EMILE DECORPS (R)";"45,7569742548";"4,8997682333"
"202100029765";"8";"07";"2021";"18:26";"1";"66";"66136";"1";"1";"1";"2";"R D 900";"42,7232400000";"2,8761400000"
"202100029766";"7";"07";"2021";"17:47";"1";"66";"66136";"1";"1";"1";"5";"R D 900";"42,6797600000";"2,8794700000"
"202100029767";"8";"07";"2021";"21:15";"1";"65";"65440";"2";"2";"8";"3";"MARNE (AVENUE DE LA)";"43,2321600000";"0,0874000000"
"202100029768";"9";"07";"2021";"21:10";"4";"64";"64445";"2";"1";"1";"7";"AllÃ©e Catherine de Bourbon";"43,3241800000";" -0,3577800000"
"202100029769";"9";"07";"2021";"15:10";"1";"64";"64140";"2";"1";"1";"2";"RUE LUCIE AUBRAC";"43,5246500000";" -1,4857000000"
"202100029770";"9";"07";"2021";"10:20";"1";"64";"64102";"2";"3";"1";"3";"URSUYA (AVENUE DE L')";"43,4786300000";" -1,4955700000"
"202100029771";"9";"07";"2021";"21:30";"1";"62";"62737";"2";"6";"1";"3";"NATIONALE (ROUTE) CD937";"50,4513000000";"2,6870600000"
"202100029772";"6";"07";"2021";"18:20";"1";"62";"62065";"2";"1";"1";"3";"ELUARD PAUL";"50,3975200000";"2,8336100000"
"202100029773";"9";"06";"2021";"10:50";"1";"58";"58194";"2";"1";"1";"7";"COLBERT";"46,9947700000";"3,1583500000"
"202100029774";"7";"07";"2021";"17:36";"1";"57";"57757";"2";"1";"1";"6";"ROBERT SCHUMANN (BOULEVARD)";"49,3537900000";"6,1795700000"
"202100029775";"5";"07";"2021";"13:35";"1";"56";"56121";"2";"2";"1";"3";"INDES ( QUAI DES )";"47,7451900000";" -3,3585400000"
"202100029776";"5";"07";"2021";"06:20";"2";"56";"56121";"2";"2";"1";"3";"ASSEMBLEE-NATIONALE (RUE DE L')";"47,7488200000";" -3,3630100000"
"202100029777";"4";"07";"2021";"10:35";"1";"56";"56083";"2";"1";"1";"6";"JEAN-MARIE DE LA MENNAIS (RUE)";"47,8010800000";" -3,2795200000"
"202100029778";"4";"07";"2021";"02:38";"5";"56";"56121";"2";"6";"1";"3";"Rue Colonel Jean Muller";"47,7635100000";" -3,3950500000"
"202100029779";"9";"07";"2021";"10:15";"1";"54";"54395";"2";"1";"1";"6";"RAUGRAFF (RUE)";"48,6890614077";"6,1823087186"
"202100029780";"8";"07";"2021";"16:50";"1";"54";"54382";"2";"1";"1";"3";"SAINT FIACRE (RUE)";"49,5409700000";"5,7818700000"
"202100029781";"9";"07";"2021";"11:00";"1";"51";"51172";"2";"9";"1";"7";"Route de Louvois";"49,2152100000";"4,0523800000"
"202100029782";"7";"07";"2021";"22:30";"1";"50";"50602";"2";"2";"1";"3";"COTENTIN (BOULEVARD DU)";"49,6389900000";" -1,5736000000"
"202100029783";"9";"07";"2021";"07:39";"1";"49";"49007";"2";"1";"1";"6";"HAUTE DES BANCHAIS";"47,4805800000";" -0,5174400000"
"202100029784";"9";"07";"2021";"02:31";"5";"44";"44109";"2";"1";"1";"3";"BOULEVARD DES NATIONS UNIES";"47,2105400000";" -1,5600500000"
"202100029785";"7";"07";"2021";"18:00";"1";"42";"42305";"2";"4";"1";"6";"Rue Mirabeau";"45,4793100000";"4,4222600000"
"202100029786";"6";"07";"2021";"12:15";"1";"40";"40088";"2";"3";"1";"6";"ARCHERS (RUE DES)";"43,7089900000";" -1,0548100000"
"202100029787";"30";"06";"2021";"14:00";"1";"40";"40088";"2";"3";"1";"3";"DOUMER (AVENUE PAUL)";"43,7023600000";" -1,0565200000"
"202100029788";"9";"07";"2021";"17:00";"1";"38";"38151";"2";"1";"1";"6";"AVENUE GÃNÃRAL DE GAULLE";"45,1396400000";"5,7138900000"
"202100029789";"8";"07";"2021";"18:30";"1";"37";"37122";"2";"1";"1";"2";"CHINON (BOULEVARD DE)";"47,3520912961";"0,6869664432"
"202100029790";"8";"07";"2021";"15:18";"1";"37";"37261";"2";"1";"1";"6";"BORDIERS (RUE DES)";"47,4249275734";"0,6725732982"
"202100029791";"1";"06";"2021";"09:40";"1";"36";"36202";"1";"1";"1";"2";"Route de Gireugne";"46,7790000000";"1,6749300000"
"202100029792";"17";"06";"2021";"18:25";"1";"36";"36044";"2";"1";"1";"6";"21 Rue du 11 Novembre 1918";"46,8058440635";"1,7042917013"
"202100029793";"9";"07";"2021";"19:40";"1";"35";"35238";"2";"1";"1";"3";"ALBERT 1ER (BD)";"48,0899187190";" -1,6861774027"
"202100029794";"9";"07";"2021";"23:55";"5";"33";"33063";"2";"1";"9";"6";"Boulevard des FrÃ¨res Moga";"44,8318000000";" -0,5575000000"
"202100029795";"9";"07";"2021";"12:35";"1";"33";"33200";"2";"3";"1";"3";"Rue du MÃ©doc";"44,8837400000";" -0,6769600000"
"202100029796";"9";"07";"2021";"18:20";"1";"31";"31555";"1";"1";"1";"3";"VA007418 PONT JUMEAUX A620 Sortie 30";"43,6092200000";"1,4126000000"
"202100029797";"7";"07";"2021";"23:50";"5";"30";"30007";"2";"1";"1";"2";"GRABIEUX (QUAI DU)";"44,1402600000";"4,0875700000"
"202100029798";"8";"07";"2021";"17:05";"1";"30";"30243";"2";"1";"1";"7";"RESPESCHAS (CHEMIN DU)";"44,0913600000";"4,0682900000"
"202100029799";"9";"07";"2021";"15:30";"1";"29";"29232";"1";"1";"1";"2";"Avenue de Ty Bos";"47,9666500000";" -4,0612200000"
"202100029800";"9";"07";"2021";"11:35";"1";"29";"29051";"1";"1";"1";"3";"Route de Kerourvois";"48,0030300000";" -4,0554700000"
"202100029801";"8";"07";"2021";"22:55";"5";"17";"17300";"2";"9";"1";"3";"JOFFRE   BOULEVARD (79 et 18)";"46,1565900000";" -1,1428700000"
"202100029802";"9";"07";"2021";"15:50";"1";"14";"14118";"2";"1";"2";"3";"Rue de GeÃ´le";"49,1841700000";" -0,3615900000"
"202100029803";"8";"07";"2021";"15:40";"1";"13";"13106";"2";"1";"1";"3";"8 MAI 1945 (AVENUE DU)";"43,3937800000";"5,3647700000"
"202100029804";"9";"07";"2021";"13:30";"1";"13";"13103";"1";"1";"1";"1";"RTE DE MIRAMAS-RD 69";"43,6299095400";"5,0611460209"
"202100029805";"9";"07";"2021";"14:40";"1";"13";"13215";"2";"3";"1";"3";"SAINT ANTOINE (AVENUE DE)";"43,3681000000";"5,3564000000"
"202100029806";"9";"07";"2021";"04:10";"5";"13";"13208";"2";"1";"1";"6";"CARMAGNOLES (BD)";"43,2683000000";"5,3880800000"
"202100029807";"8";"07";"2021";"18:46";"1";"13";"13001";"2";"4";"1";"3";"BENOIT FERNAND (AV)";"43,5504300000";"5,4386300000"
"202100029808";"9";"07";"2021";"10:22";"1";"10";"10387";"2";"1";"1";"3";"CHAILLOUET RUE)";"48,3053550000";"4,0852090000"
"202100029809";"8";"07";"2021";"14:20";"1";"10";"10060";"2";"1";"2";"2";"GENERAL LECLERC (RUE DU)";"48,2545100000";"4,0961800000"
"202100029810";"9";"07";"2021";"09:45";"1";"09";"09122";"2";"1";"1";"6";"LERIDA (AVENUE DE)";"42,9644050000";"1,6028920000"
"202100029811";"9";"07";"2021";"21:50";"5";"07";"07201";"2";"2";"1";"3";"N/A";"44,4346840000";"4,3417470000"
"202100029812";"9";"07";"2021";"10:40";"1";"07";"07102";"2";"1";"1";"3";"REPUBLIQUE (AV. DE LA) [DU NÂ° AU NÂ°]";"44,9368100000";"4,8671600000"