"Num_Acc";"jour";"mois";"an";"hrmn";"lum";"dep";"com";"agg";"int";"atm";"col";"adr";"lat";"long"
"202100029813";"9";"07";"2021";"17:50";"1";"06";"06012";"2";"1";"1";"6";"CARNIER (AVENUE DU)";"43,7425300000";"7,4220730000"
"202100029814";"9";"07";"2021";"16:35";"1";"04";"04112";"1";"1";"1";"7";"Ch de la Lienne";"43,8254000000";"5,8055000000"
"202100029815";"9";"07";"2021";"07:20";"1";"01";"01053";"2";"2";"1";"2";"N/A";"46,2096700000";"5,2301100000"
"202100029816";"9";"07";"2021";"18:00";"1";"75";"75112";"2";"1";"1";"2";"ECHANGEUR BERCY";"48,8255910000";"2,3922550000"
"202100029817";"9";"07";"2021";"09:50";"1";"75";"75120";"2";"1";"1";"4";"PORTE DES LILAS";"48,8723760000";"2,4125040000"
"202100029818";"8";"07";"2021";"23:23";"5";"75";"75106";"2";"3";"1";"2";"QUAI DE CONTI";"48,8578620000";"2,3362310000"
"202100029819";"9";"07";"2021";"16:15";"1";"75";"75119";"2";"3";"1";"6";"AVENUE DE LA PORTE BRUNET";"48,8834560000";"2,3957800000"
"202100029820";"9";"07";"2021";"14:50";"1";"75";"75117";"2";"7";"8";"3";"PLACE DE LA PORTE MAILLOT";"48,8775470000";"2,2838450000"
"202100029821";"7";"07";"2021";"11:30";"1";"75";"75117";"2";"2";"1";"2";"BOULEVARD DES BATIGNOLLES";"48,8821100000";"2,3204140000"
"202100029822";"9";"07";"2021";"16:20";"1";"75";"75115";"2";"1";"1";"2";"RUE LEBLANC";"48,8365100000";"2,2800110000"
"202100029823";"8";"07";"2021";"08:50";"1";"75";"75115";"2";"2";"1";"3";"RUE MARMONTEL";"48,8367460000";"2,2995550000"
"202100029824";"9";"07";"2021";"19:20";"1";"75";"75114";"2";"7";"1";"6";"BOULEVARD BRUNE";"48,8231490000";"2,3255210000"
"202100029825";"9";"07";"2021";"02:15";"5";"75";"75113";"2";"5";"1";"3";"RUE DE TOLBIAC";"48,8264620000";"2,3417750000"
"202100029826";"9";"07";"2021";"00:15";"5";"75";"75113";"2";"4";"1";"3";"BOULEVARD MASSENA";"48,8227160000";"2,3730390000"
"202100029827";"8";"07";"2021";"15:10";"1";"75";"75112";"2";"2";"1";"3";"QUAI DE LA RAPEE";"48,8434400000";"2,3707230000"
"202100029828";"8";"07";"2021";"08:45";"1";"75";"75112";"2";"3";"1";"6";"AVENUE DAUMESNIL";"48,8384660000";"2,3986810000"
"202100029829";"9";"07";"2021";"17:15";"1";"75";"75110";"2";"4";"1";"7";"BOULEVARD DE MAGENTA";"48,8795040000";"2,3532200000"
"202100029830";"9";"07";"2021";"14:55";"1";"75";"75110";"2";"3";"1";"3";"RUE DU FAUBOURG SAINT MARTIN";"48,8758630000";"2,3602680000"
"202100029831";"9";"07";"2021";"10:45";"1";"75";"75110";"2";"2";"1";"6";"RUE D HAUTEVILLE";"48,8738240000";"2,3505160000"
"202100029832";"9";"07";"2021";"00:45";"5";"75";"75101";"2";"1";"1";"1";"QUAI DES TUILERIES";"48,8618060000";"2,3272050000"
"202100029833";"9";"07";"2021";"17:55";"1";"75";"75107";"2";"2";"1";"6";"AVENUE DE LOWENDAL";"48,8527020000";"2,3095650000"
"202100029834";"9";"07";"2021";"14:05";"1";"75";"75107";"2";"1";"1";"3";"RUE SAINT DOMINIQUE";"48,8593590000";"2,3057730000"
"202100029835";"9";"07";"2021";"16:30";"1";"75";"75108";"2";"7";"1";"6";"PLACE DE LA CONCORDE";"48,8641030000";"2,3201100000"
"202100029836";"9";"07";"2021";"16:50";"1";"94";"94074";"2";"1";"1";"7";"Avenue Guy MÃ´quet";"48,7399100000";"2,4733800000"
"202100029837";"9";"07";"2021";"12:55";"1";"94";"94078";"2";"2";"1";"1";"Avenue Anatole France";"48,7398910000";"2,4564200000"
"202100029838";"9";"07";"2021";"09:00";"1";"94";"94068";"2";"2";"1";"3";"Rue Albert de Mun";"48,7872300000";"2,4885100000"
"202100029839";"9";"07";"2021";"12:30";"1";"94";"94052";"2";"1";"1";"2";"Boulevard de Strasbourg";"48,8451070000";"2,4889530000"
"202100029840";"9";"07";"2021";"00:10";"5";"94";"94042";"2";"2";"1";"7";"Avenue du GÃ©nÃ©ral GalliÃ©ni";"48,8200600000";"2,4793600000"
"202100029841";"9";"07";"2021";"19:00";"1";"94";"94041";"2";"1";"1";"1";"Rue Paul Andrieux";"48,8120500000";"2,3667500000"
"202100029842";"9";"07";"2021";"13:55";"1";"94";"94033";"2";"1";"1";"3";"ROGER SALENGRO (R)";"48,8506300000";"2,4882900000"
"202100029843";"9";"07";"2021";"12:30";"1";"94";"94017";"2";"2";"1";"3";"ROITELETS (R DES)";"48,8098700000";"2,5509200000"
"202100029844";"8";"07";"2021";"22:15";"5";"93";"93070";"2";"1";"1";"2";"DOCTEUR BAUER(RUE DU) :NÂ° 1 AU 73";"48,9102370000";"2,3378330000"
"202100029845";"9";"07";"2021";"18:15";"1";"93";"93079";"2";"3";"1";"1";"Route de Saint-Leu";"48,9522680000";"2,3380020000"
"202100029846";"9";"07";"2021";"15:40";"1";"93";"93048";"2";"1";"1";"6";"Rue de Rosny";"48,8688600000";"2,4617500000"
"202100029847";"9";"07";"2021";"18:20";"1";"93";"93079";"2";"1";"1";"3";"ROGER SALENGRO";"48,9639300000";"2,3438800000"
"202100029848";"9";"07";"2021";"12:20";"1";"93";"93031";"2";"9";"1";"6";"Rue de Paris";"48,9542220000";"2,3100600000"
"202100029849";"9";"07";"2021";"16:00";"1";"93";"93029";"2";"1";"1";"1";"ANATOLE FRANCE";"48,9256186568";"2,4489051104"
"202100029850";"9";"07";"2021";"13:00";"1";"93";"93008";"2";"1";"1";"3";"JAURES (AVENUE JEAN)";"48,9053855587";"2,4393190756"
"202100029851";"9";"07";"2021";"15:19";"1";"93";"93005";"2";"1";"1";"6";"Rue Camille Pelletan";"48,9430400000";"2,4956400000"
"202100029852";"9";"07";"2021";"09:50";"1";"93";"93005";"2";"1";"1";"2";"Avenue Charles de Gaulle";"48,9309920000";"2,4840350000"
"202100029853";"9";"07";"2021";"09:20";"1";"92";"92046";"2";"1";"1";"6";"SAVIER (RUE)";"48,8211505132";"2,3074573181"
"202100029854";"9";"07";"2021";"07:45";"1";"92";"92050";"2";"1";"1";"3";"HAVRE BOULEVARD DU";"48,9196963141";"2,2215396166"
"202100029855";"8";"07";"2021";"16:00";"1";"92";"92050";"2";"1";"1";"3";"JOFFRE MARECHAL AVENUE DU";"48,8857421147";"2,1968150139"
"202100029856";"9";"07";"2021";"18:30";"1";"92";"92035";"2";"3";"1";"3";"RÃ©publique ( boulevard de la )";"48,9069175787";"2,2442311049"
"202100029857";"9";"07";"2021";"21:30";"2";"92";"92026";"2";"1";"1";"3";"HÃTEL DE VILLE (RUE)";"48,8962500000";"2,2564200000"
"202100029858";"8";"07";"2021";"20:45";"1";"92";"92025";"2";"1";"1";"3";"ESTIENNE D'ORVES (RUE)";"48,9149750000";"2,2420460000"
"202100029859";"9";"07";"2021";"19:08";"1";"92";"92024";"2";"1";"1";"3";"JEAN JAURES (BD) DE (120 A 138)";"48,9063408503";"2,3011226798"
"202100029860";"8";"07";"2021";"22:47";"5";"92";"92024";"2";"1";"1";"2";"MARTRE DE (4 A 54)";"48,8998400000";"2,3089800000"
"202100029861";"8";"07";"2021";"15:00";"1";"92";"92024";"2";"3";"8";"2";"VICTOR HUGO (BD)";"48,9031600000";"2,3197100000"
"202100029862";"9";"07";"2021";"20:30";"1";"92";"92002";"2";"3";"1";"3";"ARISTIDE BRIAND (AVENUE)";"48,7585894182";"2,3070377111"
"202100029863";"9";"07";"2021";"18:45";"1";"92";"92014";"2";"1";"1";"3";"GENERAL LECLERC (AV.) (135 A FIN - 134 A";"48,7751900000";"2,3137400000"
"202100029864";"9";"07";"2021";"10:05";"1";"86";"86272";"2";"1";"1";"2";"Rue de Lencloitre";"46,8150245000";"0,4359310000"
"202100029865";"9";"07";"2021";"19:35";"1";"68";"68366";"1";"6";"1";"3";"D4";"48,1098450000";"7,4387100000"
"202100029866";"10";"07";"2021";"03:05";"3";"62";"62759";"1";"1";"1";"6";"D341";"50,6497130000";"1,9010500000"
"202100029867";"9";"07";"2021";"19:05";"1";"51";"51439";"1";"1";"1";"7";"Rue de la Gare";"49,3238323999";"4,1483227879"
"202100029868";"9";"07";"2021";"12:00";"1";"51";"51662";"2";"6";"1";"3";"Avenue de Rethel";"49,2975110000";"4,1300490000"
"202100029869";"7";"07";"2021";"18:50";"1";"51";"51028";"2";"1";"1";"7";"Boulevard Jules Ferry";"49,0692351360";"4,0455110664"
"202100029870";"9";"07";"2021";"08:55";"1";"74";"74256";"2";"1";"1";"6";"28 Qu Alexandre Curral";"45,9357400000";"6,6300140000"
"202100029871";"10";"07";"2021";"11:52";"1";"2A";"2A271";"2";"1";"1";"3";"T22";"41,9576150000";"8,8015290000"
"202100029872";"10";"07";"2021";"09:00";"1";"2B";"2B207";"2";"1";"1";"2";"RT 10";"42,4452800000";"9,5077340000"
"202100029873";"10";"07";"2021";"12:18";"1";"12";"12203";"1";"1";"1";"6";"D 23";"43,9795330000";"2,9690100000"
"202100029874";"9";"07";"2021";"14:20";"1";"22";"22265";"1";"3";"1";"3";"Croas Diben (Calvaire)";"48,7590780000";" -3,3961830000"
"202100029875";"9";"07";"2021";"21:00";"1";"25";"25127";"1";"1";"1";"7";"Cerneux Maillot";"47,1926580000";"6,8225310000"
"202100029876";"10";"07";"2021";"01:30";"3";"25";"25002";"1";"1";"1";"1";"D107";"47,1273590000";"5,8848850000"
"202100029877";"9";"07";"2021";"15:25";"1";"44";"44127";"2";"1";"1";"3";"11 Rue de la Paix";"47,0171420000";" -1,4344190000"
"202100029878";"7";"07";"2021";"15:50";"1";"35";"35179";"2";"3";"8";"6";"Place des 4 Freres de Villele";"48,5142110000";" -1,8998100000"
"202100029879";"9";"07";"2021";"19:15";"1";"31";"31490";"2";"1";"1";"6";"11 rue vivaldi";"43,7468400000";"1,3729260000"
"202100029880";"9";"07";"2021";"21:50";"3";"02";"02746";"1";"3";"1";"3";"D1044 direction LAON";"49,6746410000";"3,3494680000"
"202100029881";"10";"07";"2021";"01:10";"3";"03";"03289";"1";"1";"1";"6";"Queue de l Etang";"46,3799780000";"3,5360420000"
"202100029882";"10";"07";"2021";"03:00";"3";"15";"15042";"1";"1";"1";"6";"D10";"45,1982290000";"3,2444540000"
"202100029883";"7";"07";"2021";"16:43";"1";"01";"01057";"1";"2";"1";"3";"D933";"46,4013940000";"4,9202870000"
"202100029884";"10";"07";"2021";"03:00";"3";"58";"58300";"1";"1";"5";"6";"D207";"47,0660440000";"3,1937920000"
"202100029885";"8";"07";"2021";"18:10";"1";"06";"06079";"2";"3";"1";"3";"Avenue de Frejus Paul Ricard";"43,5326670000";"6,9331940000"
"202100029886";"10";"07";"2021";"02:45";"5";"06";"06090";"2";"1";"1";"7";"Route de Cannes";"43,6030030000";"6,9204210000"
"202100029887";"9";"07";"2021";"23:30";"5";"06";"06079";"2";"3";"1";"1";"Avenue de Cannes";"43,5449050000";"6,9377940000"
"202100029888";"9";"07";"2021";"17:25";"1";"64";"64371";"2";"6";"1";"2";"Boulevard des PyrÃ©nÃ©es";"43,2247470000";" -0,8883210000"
"202100029889";"10";"07";"2021";"04:00";"3";"10";"10034";"1";"1";"1";"6";"RD443";"48,1298640000";"4,3887380000"
"202100029890";"9";"07";"2021";"21:20";"1";"85";"85034";"2";"1";"1";"7";"22 Rue de la Gare";"46,6431940000";" -1,1742600000"
"202100029891";"8";"07";"2021";"13:00";"1";"37";"37067";"1";"1";"1";"1";"N/A";"47,2529733248";"0,4543083208"
"202100029892";"10";"07";"2021";"13:45";"1";"30";"30341";"1";"1";"1";"7";"hameau de montcalm";"43,6045730000";"4,3425610000"
"202100029893";"9";"07";"2021";"20:30";"1";"52";"52426";"1";"2";"1";"3";"D104";"48,2637880000";"4,8745290000"
"202100029894";"10";"07";"2021";"05:45";"2";"13";"13080";"1";"1";"1";"1";"RD 561 PK 25850";"43,6538070000";"5,4748180000"
"202100029895";"10";"07";"2021";"16:35";"1";"01";"01031";"1";"1";"1";"6";"N/A";"46,2436750000";"5,6218240000"
"202100029896";"10";"07";"2021";"11:55";"1";"18";"18157";"1";"1";"1";"6";"A71";"47,0627550000";"2,2978380000"
"202100029897";"10";"07";"2021";"11:30";"1";"973";"97309";"2";"1";"1";"3";"Route de RÃ©mire";"4,9038230000";" -52,2733350000"
"202100029898";"9";"07";"2021";"00:00";"5";"987";"98715";"2";"1";"1";"6";"PK 4.3 RT1 devant la gendarmerie";" -17,5845220000";" -149,5685780000"
"202100029899";"10";"07";"2021";"07:35";"1";"17";"17219";"2";"1";"1";"1";"Route de Bourcefranc ""La Chainade""";"45,8320440000";" -1,1242750000"
"202100029900";"29";"06";"2021";"14:30";"1";"28";"28367";"1";"1";"1";"2";"A10 sens PARIS-Province, PK 072+200, commune de DAMBRON";"48,1438620000";"1,8554990000"
"202100029901";"10";"07";"2021";"02:00";"3";"74";"74197";"1";"1";"1";"6";"A 40, sortie 15, direction Geneve";"46,1418200000";"6,3171650000"
"202100029902";"1";"07";"2021";"18:57";"5";"971";"97116";"1";"3";"2";"3";"Blanchet";"16,3236610000";" -61,4134670000"
"202100029903";"9";"07";"2021";"17:50";"1";"21";"21171";"2";"6";"1";"6";"D107";"47,3035890000";"5,1148920000"
"202100029904";"9";"07";"2021";"21:05";"1";"2A";"2A247";"2";"3";"1";"1";"Rue Henry Frenay";"41,6056240000";"9,2796280000"
"202100029905";"9";"07";"2021";"17:35";"1";"84";"84124";"1";"1";"1";"1";"1241 Route de Fontaine de Vaucluse";"43,9190500000";"5,0972190000"
"202100029906";"10";"07";"2021";"12:00";"1";"83";"83071";"2";"1";"1";"6";"Chemin du Pansard";"43,1231010000";"6,2346120000"
"202100029907";"10";"07";"2021";"03:15";"3";"83";"83059";"1";"6";"1";"6";"D43";"43,3258180000";"6,0796240000"
"202100029908";"10";"07";"2021";"17:30";"1";"05";"05052";"1";"3";"1";"3";"RN94";"44,6690760000";"6,6184500000"
"202100029909";"10";"07";"2021";"03:40";"3";"21";"21458";"1";"1";"1";"6";"D996";"47,1991280000";"5,0834460000"
"202100029910";"10";"07";"2021";"17:20";"1";"67";"67544";"1";"1";"1";"6";"D3";"49,0268240000";"7,8914880000"
"202100029911";"10";"07";"2021";"13:50";"1";"73";"73322";"1";"1";"1";"6";"D1006";"45,2061550000";"6,6962960000"
"202100029912";"10";"07";"2021";"14:10";"1";"38";"38565";"1";"6";"1";"3";"Avenue de Juin 1940";"45,2954030000";"5,6282450000"
"202100029913";"10";"07";"2021";"09:50";"1";"26";"26116";"2";"1";"1";"1";"Route Nationale 7";"44,4431560000";"4,7217390000"
"202100029914";"9";"07";"2021";"07:00";"1";"69";"69296";"1";"6";"7";"2";"D36";"45,6424200000";"4,8268300000"
"202100029915";"9";"07";"2021";"00:00";"3";"69";"69269";"1";"1";"1";"6";"D489";"45,7205964628";"4,6100118756"
"202100029916";"9";"07";"2021";"17:45";"1";"69";"69287";"1";"1";"1";"3";"COPRIN CHEVELU (DU) (CHM)";"45,6779560000";"5,0079200000"
"202100029917";"10";"07";"2021";"07:15";"1";"85";"85155";"1";"1";"2";"6";"La MaÃ§onnerie";"46,6946060000";" -1,4897010000"
"202100029918";"9";"07";"2021";"23:20";"3";"14";"14691";"1";"1";"1";"2";"N158";"49,1108490000";" -0,3190330000"
"202100029919";"8";"07";"2021";"18:00";"1";"56";"56046";"2";"6";"1";"6";"Lieu Dit Kerveurh";"47,6080220000";" -3,0118740000"
"202100029920";"9";"07";"2021";"12:45";"1";"60";"60402";"2";"2";"1";"3";"Rue du GÃ©nÃ©ral de Gaulle";"49,3562909381";"2,7583375013"
"202100029921";"10";"07";"2021";"06:30";"2";"80";"80031";"1";"1";"1";"7";"D934";"49,7551990000";"2,6526560000"
"202100029922";"10";"07";"2021";"12:09";"1";"59";"59269";"1";"9";"3";"3";"CD 29b";"50,0577790000";"3,0959560000"
"202100029923";"7";"07";"2021";"16:15";"1";"13";"13215";"1";"1";"1";"2";"A7-Sens Marseille vers Lyon";"43,3492000000";"5,3697000000"
"202100029924";"8";"07";"2021";"18:35";"1";"13";"13106";"1";"1";"1";"4";"A51-Sens Aix en Provence vers Marseille";"43,4040600000";"5,3583600000"
"202100029925";"8";"07";"2021";"08:45";"1";"13";"13071";"1";"1";"1";"3";"A7-Sens Marseille vers Lyon";"43,4069600000";"5,2904400000"
"202100029926";"2";"07";"2021";"13:45";"1";"13";"13043";"1";"1";"1";"5";"A55-Sens Marseille vers Martigues";"43,3844238707";"5,2348025836"
"202100029927";"9";"07";"2021";"20:30";"1";"33";"33063";"1";"1";"1";"2";"ROCADE A 630";"44,8809300000";" -0,5422800000"
"202100029928";"7";"07";"2021";"11:35";"1";"33";"33013";"1";"9";"1";"3";"Route Nationale 89";"44,8688330000";" -0,4997020000"
"202100029929";"9";"07";"2021";"01:15";"3";"59";"59523";"1";"1";"1";"6";"AUTOROUTE A27";"50,5989494095";"3,1793857184"
"202100029930";"9";"07";"2021";"00:30";"3";"59";"59143";"1";"1";"1";"2";"AUTOROUTE A25";"50,6719606020";"2,8694385185"
"202100029931";"9";"07";"2021";"19:00";"1";"91";"91659";"1";"1";"1";"4";"AUTOROUTE A6";"48,5808400000";"2,4596300000"
"202100029932";"9";"07";"2021";"14:25";"1";"94";"94043";"1";"1";"1";"3";"AUTOROUTE A6B";"48,8153000000";"2,3560000000"
"202100029933";"9";"07";"2021";"01:00";"3";"91";"91434";"1";"1";"1";"5";"AUTOROUTE A6";"48,6681541000";"2,3551390000"
"202100029934";"9";"07";"2021";"06:50";"2";"95";"95582";"1";"1";"1";"2";"A115";"48,9802600000";"2,2408200000"
"202100029935";"9";"07";"2021";"15:00";"1";"94";"94052";"1";"1";"1";"7";"A86.EXT";"48,8472805032";"2,4919650215"
"202100029936";"25";"06";"2021";"16:45";"1";"04";"04070";"2";"6";"1";"6";"Rue Simone Pelissier";"44,0825000000";"6,2174900000"
"202100029937";"29";"06";"2021";"16:30";"2";"976";"97611";"2";"1";"1";"6";"m'tsapere-MosquÃ©e Maevantana (ruelle )";" -12,7880000000";"45,2211500000"
"202100029938";"6";"07";"2021";"15:45";"1";"13";"13206";"2";"1";"1";"3";"CORINTHE (AVENUE DE)";"43,2835500000";"5,3901800000"
"202100029939";"8";"07";"2021";"07:35";"1";"75";"75111";"2";"2";"1";"3";"BOULEVARD RICHARD LENOIR";"48,8640120000";"2,3706960000"
"202100029940";"8";"07";"2021";"16:40";"1";"988";"98818";"2";"1";"1";"6";"ROUTE DE LA BAIE DES DAMES";" -22,2329800000";"166,4338700000"
"202100029941";"8";"07";"2021";"10:50";"1";"973";"97302";"2";"9";"1";"2";"COLOMB (CHRISTOPHE)";"4,9384732553";" -52,3302003989"
"202100029942";"8";"07";"2021";"12:00";"1";"973";"97302";"2";"9";"1";"3";"BADUEL (ROUTE DE)";"4,9385309385";" -52,3173490763"
"202100029943";"8";"07";"2021";"19:28";"1";"69";"69199";"2";"1";"1";"6";"BOURRELIER (DE) (R)";"45,7110300000";"4,8540800000"
"202100029944";"8";"07";"2021";"11:00";"1";"972";"97213";"2";"1";"1";"1";"Z I LA JAMBETTE";"14,6169300000";" -61,0326100000"
"202100029945";"8";"07";"2021";"14:20";"1";"69";"69382";"2";"1";"1";"6";"BELLECOUR (PL)";"45,7581800000";"4,8332200000"
"202100029946";"8";"07";"2021";"11:50";"1";"69";"69382";"2";"1";"1";"6";"M6";"45,7492337436";"4,8266217113"
"202100029947";"8";"07";"2021";"15:45";"1";"971";"97107";"2";"9";"1";"2";"REPUBLIQUE ( RUE DE LA )";"16,0474400000";" -61,5635000000"
"202100029948";"3";"07";"2021";"18:15";"1";"95";"95127";"2";"1";"1";"7";"PAMPRE D'OR (RUE DU)";"49,0462600000";"2,0421500000"
"202100029949";"8";"07";"2021";"08:35";"1";"95";"95018";"2";"1";"1";"5";"ENGHIEN (ROUTE D' )";"48,9564880000";"2,2817530000"
"202100029950";"8";"07";"2021";"08:05";"1";"91";"91201";"2";"9";"1";"3";"AV DES SABLES DE ROUVRES";"48,6925200000";"2,4273900000"
"202100029951";"7";"07";"2021";"19:10";"1";"91";"91223";"1";"1";"1";"7";"R.D.20";"48,4290130000";"2,1609790000"
"202100029952";"7";"07";"2021";"14:05";"1";"89";"89236";"2";"3";"1";"3";"D146/Route de Sens";"48,1802300000";"3,3067000000"
"202100029953";"2";"07";"2021";"19:05";"1";"89";"89387";"2";"2";"1";"1";"GENERAL DE GAULLE (RUE DU)";"48,1944900000";"3,2835100000"
"202100029954";"7";"07";"2021";"21:25";"1";"88";"88413";"2";"1";"1";"1";"Ortimont  ( rue d' )";"48,2993510000";"6,9374980000"
"202100029955";"7";"07";"2021";"13:36";"1";"87";"87085";"2";"2";"1";"3";"LIBERATION (AVENUE DE LA)";"45,8341400000";"1,2598700000"
"202100029956";"7";"07";"2021";"22:08";"5";"87";"87085";"2";"2";"1";"3";"MAS-BOUYOL  (CITE ET BOULEVARD DU)";"45,8345400000";"1,2265000000"
"202100029957";"7";"07";"2021";"15:15";"1";"86";"86194";"2";"1";"1";"3";"Avenue du 8 Mai 1945";"46,5569100000";"0,3097300000"
"202100029958";"8";"07";"2021";"13:30";"1";"77";"77445";"2";"6";"1";"3";"CURIE (AVENUE PIERRE ET MARIE)";"48,6048500000";"2,5653800000"
"202100029959";"8";"07";"2021";"17:45";"1";"74";"74012";"2";"1";"2";"4";"EUROPE (AVENUE DE L')";"46,1773100000";"6,2387700000"
"202100029960";"8";"07";"2021";"12:02";"1";"72";"72181";"2";"1";"1";"6";"Robert Jarry (Bd)";"47,9963800000";"0,1921500000"
"202100029961";"7";"07";"2021";"18:30";"1";"72";"72181";"1";"1";"1";"2";"ALENCON (RTE D')";"48,0297700000";"0,1800200000"
"202100029962";"8";"07";"2021";"19:00";"1";"69";"69266";"2";"1";"3";"2";"LEON BLUM (R)";"45,7606888480";"4,9065307081"
"202100029963";"8";"07";"2021";"16:25";"1";"69";"69266";"2";"1";"1";"6";"GREUZE (R)";"45,7703900000";"4,8936500000"
"202100029964";"8";"07";"2021";"09:00";"1";"69";"69266";"2";"6";"1";"3";"CUSSET (DE) (PT)";"45,7696300000";"4,9060900000"
"202100029965";"7";"07";"2021";"17:50";"1";"68";"68376";"1";"1";"7";"4";"RD 430";"47,8238100000";"7,2885300000"
"202100029966";"8";"07";"2021";"10:00";"1";"67";"67482";"2";"1";"2";"6";"GEORGES WODLI (RUE)";"48,5876600000";"7,7388300000"
"202100029967";"8";"07";"2021";"08:40";"1";"67";"67482";"2";"1";"3";"6";"NUEE BLEUE (RUE DE LA)";"48,5856090000";"7,7473310000"
"202100029968";"7";"07";"2021";"19:05";"1";"67";"67447";"2";"3";"7";"3";"GENERAL DE GAULLE (ROUTE DU)";"48,6066830000";"7,7360140000"
"202100029969";"7";"07";"2021";"15:10";"1";"64";"64102";"2";"1";"2";"6";"TILLOLE (RUE DE LA)";"43,4900600000";" -1,4544500000"
"202100029970";"7";"07";"2021";"23:08";"5";"63";"63113";"2";"1";"1";"2";"ORADOU (RUE DE L')";"45,7648941468";"3,1238318793"
"202100029971";"7";"07";"2021";"13:27";"1";"63";"63113";"2";"2";"1";"2";"SCHUMAN (BD ROBERT)";"45,7640615391";"3,1261553801"
"202100029972";"7";"07";"2021";"19:23";"1";"62";"62893";"1";"3";"1";"3";"C.D. 940";"50,7557400000";"1,6040600000"
"202100029973";"9";"07";"2021";"00:00";"5";"59";"59421";"2";"9";"1";"3";"CARNOT (BLD) DE1 A 29";"50,6991600000";"3,1386600000"
"202100029974";"8";"07";"2021";"12:30";"1";"59";"59163";"2";"3";"1";"3";"DELESCLUSE (RUE JEAN BAPTISTE)";"50,6828600000";"3,1552300000"
"202100029975";"8";"07";"2021";"08:39";"1";"59";"59512";"2";"1";"7";"3";"FONTENOY (RUE DE)";"50,6991780000";"3,1667230000"
"202100029976";"8";"07";"2021";"00:40";"5";"57";"57049";"2";"1";"1";"1";"PLAPPEVILLE (ROUTE DE )";"49,1280100000";"6,1513900000"
"202100029977";"2";"07";"2021";"19:30";"1";"56";"56162";"1";"1";"1";"1";"Boulevard de lâAtlantique";"47,7236900000";" -3,4853900000"
"202100029978";"7";"07";"2021";"19:56";"1";"54";"54395";"2";"2";"1";"3";"SELLIER (RUE)";"48,7000300000";"6,1800400000"
"202100029979";"7";"07";"2021";"13:30";"1";"51";"51454";"2";"1";"1";"7";"Boulevard du Val de Vesle";"49,2293500000";"4,0643800000"
"202100029980";"8";"07";"2021";"10:00";"1";"45";"45234";"2";"3";"1";"6";"Rue Edouard Lalo";"47,9108100000";"1,9277500000"
"202100029981";"8";"07";"2021";"02:10";"3";"41";"41212";"1";"1";"1";"6";"RD 956";"47,5609400000";"1,3730800000"
"202100029982";"8";"07";"2021";"14:50";"1";"38";"38185";"2";"1";"1";"1";"RUE GÃNÃRAL GARIBALDI";"45,1697400000";"5,7150100000"
"202100029983";"8";"07";"2021";"11:01";"1";"37";"37261";"2";"1";"1";"6";"GRAMMONT (AVENUE DE)";"47,3826893765";"0,6919633171"
"202100029984";"7";"07";"2021";"11:25";"1";"37";"37195";"2";"1";"1";"7";"PROUDHON (AVENUE)";"47,3889218673";"0,6467865407"
"202100029985";"29";"06";"2021";"13:10";"1";"35";"35288";"1";"1";"1";"2";"RD168";"48,6176100000";" -2,0056900000"
"202100029986";"7";"07";"2021";"20:20";"2";"35";"35238";"2";"1";"2";"2";"ROOSEVELT (BD FRANKLIN)";"48,0978400000";" -1,6562200000"
"202100029987";"9";"07";"2021";"01:10";"5";"33";"33063";"2";"2";"1";"3";"Rue Elie Gintrac";"44,8308800000";" -0,5697800000"
"202100029988";"8";"07";"2021";"11:00";"1";"33";"33063";"2";"1";"1";"3";"Rue Esprit-des-Lois";"44,8431600000";" -0,5719500000"
"202100029989";"6";"07";"2021";"14:35";"1";"33";"33249";"2";"3";"1";"5";"Rue des Garosses";"44,8764199563";" -0,5179394896"
"202100029990";"8";"07";"2021";"17:05";"1";"31";"31555";"2";"1";"1";"7";"VA007495 A62";"43,6519200000";"1,4300300000"
"202100029991";"8";"07";"2021";"10:30";"1";"31";"31555";"2";"1";"1";"2";"BD DE LA GARE";"43,6056600000";"1,4569100000"
"202100029992";"8";"07";"2021";"15:05";"1";"29";"29039";"2";"4";"1";"1";"Rue Henri Cevaer";"47,8770900000";" -3,9292300000"
"202100029993";"8";"07";"2021";"20:40";"1";"13";"13208";"2";"1";"1";"2";"MENDES FRANCE (AVENUE)";"43,2506600000";"5,3756100000"
"202100029994";"8";"07";"2021";"16:30";"1";"13";"13213";"2";"1";"1";"1";"ROSE (AVENUE DE LA)";"43,3292300000";"5,4276800000"
"202100029995";"8";"07";"2021";"02:10";"5";"13";"13208";"2";"1";"1";"3";"PRADO (AVENUE DU)";"43,2638200000";"5,3778600000"
"202100029996";"7";"07";"2021";"18:05";"1";"13";"13005";"1";"3";"1";"3";"SAINT PIERRE (CHEMIN DE)";"43,3069700000";"5,5923200000"
"202100029997";"9";"07";"2021";"01:40";"5";"13";"13001";"1";"9";"1";"6";"georges COUTTON (rond point)";"43,5056041059";"5,4121152002"
"202100029998";"8";"07";"2021";"17:46";"1";"13";"13001";"2";"1";"1";"1";"COTY RENE (RUE)";"43,5384600000";"5,4486300000"
"202100029999";"5";"07";"2021";"11:30";"1";"12";"12145";"1";"3";"1";"3";"D911";"44,1304100000";"3,0445400000"
"202100030000";"7";"07";"2021";"14:58";"1";"10";"10387";"2";"7";"8";"2";"CARNOT (RUE)";"48,2973800000";"4,0662700000"
"202100030001";"8";"07";"2021";"19:00";"1";"07";"07102";"2";"9";"1";"3";"MISTRAL (PONT FREDERIC)";"44,9327700000";"4,8803700000"