"Num_Acc";"jour";"mois";"an";"hrmn";"lum";"dep";"com";"agg";"int";"atm";"col";"adr";"lat";"long"
"202100030002";"7";"07";"2021";"13:00";"1";"07";"07281";"1";"1";"1";"7";"C.D. 533 (VERS LE PUY)";"44,9301600000";"4,8086500000"
"202100030003";"7";"07";"2021";"17:30";"1";"06";"06069";"2";"1";"1";"1";"ZOLA (BOULEVARD EMILE)";"43,6516510000";"6,9176940000"
"202100030004";"8";"07";"2021";"15:15";"1";"04";"04112";"2";"1";"1";"6";"RD 6";"43,8225700000";"5,7914600000"
"202100030005";"8";"07";"2021";"13:20";"1";"75";"75113";"2";"4";"1";"4";"PORTE D IVRY";"48,8207980000";"2,3766640000"
"202100030006";"6";"07";"2021";"18:55";"1";"75";"75118";"2";"1";"1";"2";"PORTE DE CLIGNANCOURT";"48,9008150000";"2,3399170000"
"202100030007";"8";"07";"2021";"00:20";"5";"75";"75106";"2";"2";"1";"3";"RUE DE VAUGIRARD";"48,8486990000";"2,3328020000"
"202100030008";"8";"07";"2021";"11:40";"1";"75";"75120";"2";"2";"1";"1";"BOULEVARD DAVOUT";"48,8558730000";"2,4103070000"
"202100030009";"7";"07";"2021";"13:40";"1";"75";"75118";"2";"3";"1";"3";"RUE ORDENER";"48,8908850000";"2,3532540000"
"202100030010";"7";"07";"2021";"21:15";"2";"75";"75117";"2";"3";"1";"3";"RUE AMPERE";"48,8854000000";"2,2994820000"
"202100030011";"8";"07";"2021";"18:15";"1";"75";"75116";"2";"2";"1";"3";"AVENUE FOCH";"48,8726840000";"2,2845690000"
"202100030012";"8";"07";"2021";"10:00";"1";"75";"75116";"2";"7";"1";"3";"PLACE DE LA PORTE MAILLOT";"48,8770050000";"2,2835020000"
"202100030013";"8";"07";"2021";"06:15";"1";"75";"75116";"2";"2";"1";"3";"ROUTE DE LA MUETTE A NEUILLY";"48,8645010000";"2,2665030000"
"202100030014";"7";"07";"2021";"22:30";"5";"75";"75115";"2";"3";"1";"3";"RUE DE SEVRES";"48,8464230000";"2,3153570000"
"202100030015";"7";"07";"2021";"12:05";"1";"75";"75114";"2";"3";"1";"3";"BOULEVARD BRUNE";"48,8233140000";"2,3243840000"
"202100030016";"8";"07";"2021";"18:55";"1";"75";"75113";"2";"1";"1";"3";"AVENUE DE LA PORTE DE VITRY";"48,8217770000";"2,3786840000"
"202100030017";"8";"07";"2021";"15:40";"1";"75";"75112";"2";"3";"1";"3";"RUE DU FAUBOURG SAINT ANTOINE";"48,8515960000";"2,3748410000"
"202100030018";"8";"07";"2021";"10:45";"1";"75";"75111";"2";"2";"1";"3";"BOULEVARD VOLTAIRE";"48,8597580000";"2,3768420000"
"202100030019";"8";"07";"2021";"07:35";"1";"75";"75111";"2";"3";"1";"3";"RUE DU CHEMIN VERT";"48,8587800000";"2,3737850000"
"202100030020";"7";"07";"2021";"22:15";"5";"75";"75111";"2";"2";"1";"3";"BOULEVARD RICHARD LENOIR";"48,8661910000";"2,3696750000"
"202100030021";"8";"07";"2021";"16:20";"1";"75";"75110";"2";"5";"1";"3";"BOULEVARD DE MAGENTA";"48,8748570000";"2,3572880000"
"202100030022";"7";"07";"2021";"15:00";"1";"75";"75109";"2";"3";"1";"2";"BOULEVARD DE ROCHECHOUART";"48,8821660000";"2,3411400000"
"202100030023";"8";"07";"2021";"15:10";"1";"75";"75108";"2";"7";"1";"4";"AVENUE DES CHAMPS ELYSEES";"48,8658670000";"2,3198910000"
"202100030024";"8";"07";"2021";"15:15";"1";"75";"75108";"2";"2";"1";"3";"AVENUE DE MARIGNY";"48,8690320000";"2,3147600000"
"202100030025";"8";"07";"2021";"09:00";"1";"75";"75117";"2";"1";"1";"6";"BOULEVARD DE COURCELLES";"48,8797430000";"2,3058150000"
"202100030026";"7";"07";"2021";"19:34";"1";"75";"75108";"2";"7";"7";"7";"AVENUE DES CHAMPS ELYSEES";"48,8689190000";"2,3103300000"
"202100030027";"7";"07";"2021";"11:14";"1";"75";"75108";"2";"7";"1";"3";"PLACE DE LA CONCORDE";"48,8640960000";"2,3201290000"
"202100030028";"7";"07";"2021";"13:25";"1";"75";"75108";"2";"7";"1";"3";"BOULEVARD MALESHERBES";"48,8755510000";"2,3190060000"
"202100030029";"8";"07";"2021";"20:20";"1";"75";"75101";"2";"3";"1";"3";"BOULEVARD DE SEBASTOPOL";"48,8612210000";"2,3497270000"
"202100030030";"8";"07";"2021";"18:15";"1";"75";"75103";"2";"2";"1";"3";"RUE DE TURBIGO";"48,8654670000";"2,3559980000"
"202100030031";"7";"07";"2021";"10:53";"1";"94";"94081";"2";"9";"1";"6";"Rue LÃ©on Geffroy";"48,7834500000";"2,4071400000"
"202100030032";"4";"07";"2021";"08:40";"1";"94";"94067";"2";"1";"2";"3";"GENERAL DE GAULLE (AV DU)";"48,8444450000";"2,4175870000"
"202100030033";"7";"07";"2021";"13:00";"1";"94";"94068";"2";"1";"1";"6";"Avenue de la LibÃ©ration";"48,8126700000";"2,4796500000"
"202100030034";"8";"07";"2021";"11:45";"1";"94";"94046";"2";"1";"1";"6";"GENERAL DE GAULLE (AV DU)";"48,8040000000";"2,4272500000"
"202100030035";"6";"07";"2021";"15:00";"1";"94";"94028";"2";"1";"1";"5";"Avenue du MarÃ©chal Foch";"48,7734400000";"2,4396300000"
"202100030036";"8";"07";"2021";"01:57";"5";"94";"94069";"2";"2";"1";"3";"Rue du Pont";"48,8178660000";"2,4196360000"
"202100030037";"8";"07";"2021";"09:20";"1";"94";"94017";"2";"1";"1";"2";"BOILEAU (AV)";"48,8060000000";"2,5450000000"
"202100030038";"8";"07";"2021";"20:20";"1";"93";"93073";"2";"1";"1";"1";"MARRONNIERS (AVENUE DES)";"48,9544300000";"2,5860100000"
"202100030039";"8";"07";"2021";"19:00";"1";"93";"93073";"2";"1";"1";"2";"Gare AÃ©roport CDG2 TGV";"49,0038600000";"2,5707900000"
"202100030040";"8";"07";"2021";"14:10";"1";"93";"93073";"2";"1";"1";"2";"RESISTANCE (RUE DE LA)";"48,9508300000";"2,5642500000"
"202100030041";"7";"07";"2021";"15:45";"1";"93";"93073";"2";"2";"1";"3";"BARBUSSE (RUE HENRI)";"48,9600000000";"2,5600000000"
"202100030042";"8";"07";"2021";"09:30";"1";"93";"93072";"2";"1";"1";"3";"STALINGRAD (AVENUE DE) DES NÂ° 126 A 156";"48,9515731421";"2,3880055547"
"202100030043";"7";"07";"2021";"18:45";"1";"93";"93079";"2";"1";"1";"3";"Route de Saint-Leu";"48,9513350000";"2,3392920000"
"202100030044";"8";"07";"2021";"17:00";"1";"93";"93014";"2";"3";"1";"4";"AllÃ©e de Coubron / AllÃ©e Veuve Lindet Girard";"48,9125800000";"2,5517000000"
"202100030045";"8";"07";"2021";"19:30";"1";"93";"93057";"2";"1";"1";"3";"BRIAND (AV. ARISTIDE) 2 A 132";"48,9078200000";"2,4941100000"
"202100030046";"8";"07";"2021";"18:10";"1";"93";"93001";"2";"1";"1";"6";"JEAN JAURES  (AVE)  157 A 213";"48,9055970000";"2,3746170000"
"202100030047";"7";"07";"2021";"17:30";"1";"92";"92062";"2";"3";"1";"3";"LAFARGUES (RUE PAUL)";"48,8838890000";"2,2495840000"
"202100030048";"8";"07";"2021";"19:39";"1";"92";"92044";"2";"3";"1";"3";"DANTON(RUE) 1A73 ET 2A88";"48,8908935581";"2,2832160788"
"202100030049";"8";"07";"2021";"18:10";"1";"92";"92026";"2";"2";"1";"3";"Boulevard de Verdun";"48,9004052582";"2,2607642412"
"202100030050";"8";"07";"2021";"11:25";"1";"92";"92026";"2";"1";"1";"2";"MARECHAL JOFFRE (QUAI DU)";"48,9001320000";"2,2737700000"
"202100030051";"8";"07";"2021";"09:30";"1";"92";"92024";"2";"2";"1";"3";"GENERAL LECLERC (BD DU) (9 A 59)   (4 A";"48,9013300000";"2,3152600000"
"202100030052";"8";"07";"2021";"18:30";"1";"92";"92012";"2";"4";"1";"3";"QUATRE SEPTEMBRE (QUAI DU)";"48,8452257406";"2,2266758382"
"202100030053";"8";"07";"2021";"00:25";"5";"92";"92012";"2";"1";"1";"6";"JEAN JAURES (BOULEVARD) 217/FIN - 210/FI";"48,8311521415";"2,2449059235"
"202100030054";"8";"07";"2021";"18:50";"1";"44";"44180";"1";"1";"1";"6";"La cheneliÃ¨re - FREIGNE";"47,5330960000";" -1,1175100000"
"202100030055";"23";"06";"2021";"10:10";"1";"2A";"2A232";"1";"1";"1";"1";"D302";"41,7808490000";"8,9061360000"
"202100030056";"8";"07";"2021";"10:20";"1";"83";"83072";"1";"1";"1";"5";"Route des Arcs";"43,4757190000";"6,3750690000"
"202100030057";"9";"07";"2021";"12:14";"1";"81";"81266";"1";"1";"1";"1";"D144";"43,6245040000";"2,0037550000"
"202100030058";"8";"07";"2021";"14:42";"1";"28";"28161";"1";"1";"1";"6";"Autoroute  A11";"48,2645980000";"1,1461400000"
"202100030059";"7";"07";"2021";"17:40";"1";"83";"83130";"1";"1";"1";"6";"Autoroute A57 sortie LES TERRAINS";"43,1992172077";"6,0447525891"
"202100030060";"8";"07";"2021";"16:00";"1";"28";"28389";"1";"1";"1";"1";"RD 924";"48,0361430000";"1,3483570000"
"202100030061";"7";"07";"2021";"22:45";"3";"52";"52332";"1";"9";"3";"6";"A31";"47,9940400000";"5,5130960000"
"202100030062";"8";"07";"2021";"12:00";"1";"28";"28104";"2";"1";"1";"6";"27 rue jean moulin";"48,4849510000";"1,5913920000"
"202100030063";"27";"06";"2021";"19:00";"1";"35";"35338";"1";"1";"1";"2";"Route nationale 157";"48,0749060000";" -1,2638070000"
"202100030064";"9";"07";"2021";"18:00";"1";"67";"67437";"1";"3";"1";"2";"Route dÃ©partementale 132";"48,7333940000";"7,3412920000"
"202100030065";"8";"07";"2021";"15:30";"1";"35";"35024";"1";"1";"1";"3";"RD 97";"48,1598940000";" -1,6250860000"
"202100030066";"23";"06";"2021";"17:24";"1";"57";"57370";"1";"9";"1";"7";"Eclus";"49,3980020000";"6,2765890000"
"202100030067";"9";"07";"2021";"07:45";"1";"51";"51612";"1";"2";"1";"1";"Route du Mesnil";"48,9104850000";"4,0143230000"
"202100030068";"9";"07";"2021";"12:20";"1";"2A";"2A271";"2";"1";"1";"3";"Zone Industrielle de Baleone";"41,9523250000";"8,7962620000"
"202100030069";"9";"07";"2021";"14:00";"1";"80";"80186";"1";"1";"1";"7";"D142";"49,8123460000";"2,8232720000"
"202100030070";"9";"07";"2021";"15:00";"1";"80";"80246";"1";"2";"1";"1";"D90";"49,7952870000";"2,3924820000"
"202100030071";"9";"07";"2021";"17:30";"1";"55";"55010";"1";"1";"1";"2";"RN4 PK 01+700";"48,6351670000";"5,0088910000"
"202100030072";"7";"07";"2021";"03:45";"3";"49";"49345";"2";"1";"1";"6";"D24";"47,2783410000";" -0,4831620000"
"202100030073";"9";"07";"2021";"19:30";"2";"68";"68062";"1";"1";"1";"1";"D16";"47,6262830000";"7,2179750000"
"202100030074";"7";"07";"2021";"20:45";"1";"44";"44127";"2";"1";"1";"6";"Rue de Nantes";"47,0173670000";" -1,4364420000"
"202100030075";"8";"07";"2021";"08:55";"1";"35";"35099";"1";"2";"1";"3";"Les GrÃ©es";"48,0826230000";" -1,5320130000"
"202100030076";"8";"07";"2021";"15:40";"1";"29";"29163";"2";"3";"1";"3";"44b Rue de la RÃ©publique";"48,5082000000";" -3,8742260000"
"202100030077";"9";"07";"2021";"08:55";"1";"29";"29167";"1";"6";"1";"3";"D784 - Lieu Dit Kerandoare";"47,9994670000";" -4,2712140000"
"202100030078";"8";"07";"2021";"19:45";"1";"31";"31358";"1";"1";"1";"2";"1785 Route de Lavaur";"43,7169790000";"1,6093030000"
"202100030079";"8";"07";"2021";"09:25";"1";"84";"84017";"1";"1";"1";"6";"D19";"44,1354150000";"5,1666310000"
"202100030080";"8";"07";"2021";"22:21";"3";"01";"01196";"1";"4";"1";"1";"Route de Bourg";"46,3550620000";"5,1240550000"
"202100030081";"8";"07";"2021";"12:30";"1";"26";"26342";"1";"1";"6";"1";"Route de Saint Paul";"44,3391510000";"4,8176070000"
"202100030082";"9";"07";"2021";"12:55";"1";"06";"06007";"1";"1";"1";"3";"1681 Route de Saint Jacques";"43,6201670000";"6,9182060000"
"202100030083";"9";"07";"2021";"06:20";"2";"14";"14334";"1";"1";"1";"6";"D613";"49,1432430000";"0,3885450000"
"202100030084";"8";"07";"2021";"14:20";"1";"05";"05146";"1";"1";"1";"5";"DÃ©partementale 1075";"44,6417660000";"5,6986210000"
"202100030085";"9";"07";"2021";"01:10";"3";"45";"45136";"2";"1";"1";"6";"Route d Egreville";"48,0900900000";"2,9807390000"
"202100030086";"9";"07";"2021";"16:15";"1";"36";"36128";"2";"2";"1";"3";"N/A";"46,8599710000";"1,7825100000"
"202100030087";"7";"07";"2021";"12:00";"1";"07";"07204";"2";"3";"8";"1";"Chemin du Chiniac";"45,0169250000";"4,4027920000"
"202100030088";"8";"07";"2021";"00:35";"3";"40";"40284";"2";"1";"2";"7";"Rue de Marron";"43,6555420000";" -1,3014290000"
"202100030089";"2";"07";"2021";"16:46";"1";"24";"24581";"1";"1";"1";"2";"route de perigueux PR 65 RD 4";"45,0298550000";"0,5573940000"
"202100030090";"8";"07";"2021";"09:10";"1";"04";"04006";"2";"1";"1";"3";"RD 126";"44,2911220000";"6,5693870000"
"202100030091";"9";"07";"2021";"14:15";"1";"04";"04008";"1";"1";"1";"1";"RN 202 (Hameau de Rouaine)";"43,9330660000";"6,6698170000"
"202100030092";"8";"07";"2021";"22:15";"2";"37";"37162";"1";"1";"1";"6";"lieu dit la LyÃ©";"47,0981092601";"0,9173853905"
"202100030093";"9";"07";"2021";"12:35";"1";"72";"72320";"1";"1";"1";"5";"Autoroute A11, PK 172+400";"48,0505390000";"0,1665970000"
"202100030094";"9";"07";"2021";"19:34";"1";"38";"38193";"1";"1";"1";"3";"D1006";"45,6106139152";"5,2114167809"
"202100030095";"9";"07";"2021";"03:45";"5";"67";"67124";"2";"1";"1";"6";"Rue des sports";"48,5350820000";"7,6344310000"
"202100030096";"8";"07";"2021";"22:15";"5";"42";"42256";"2";"2";"1";"3";"Rue de la Liberation";"45,4975940000";"4,1658460000"
"202100030097";"8";"07";"2021";"19:25";"1";"51";"51118";"1";"1";"1";"4";"A26";"49,2702690000";"3,9606140000"
"202100030098";"9";"07";"2021";"12:47";"1";"34";"34240";"1";"1";"1";"6";"A9 PK 093+700";"43,6399420000";"3,9728450000"
"202100030099";"6";"07";"2021";"05:45";"2";"34";"34240";"1";"1";"1";"3";"A9";"43,6459200000";"3,9785530000"
"202100030100";"2";"07";"2021";"19:00";"1";"69";"69097";"1";"1";"1";"7";"PELUSSIN (DE) (RTE)";"45,5145872236";"4,7212833166"
"202100030101";"9";"07";"2021";"15:30";"1";"974";"97422";"1";"1";"1";"1";"RN3, PK 42+700";" -21,2350870000";"55,5417360000"
"202100030102";"8";"07";"2021";"16:00";"1";"971";"97106";"2";"1";"1";"6";"Galets";"16,1688840000";" -61,7763700000"
"202100030103";"27";"06";"2021";"11:15";"1";"28";"28279";"1";"6";"3";"3";"D26";"48,6351420000";"1,5026920000"
"202100030104";"9";"07";"2021";"11:20";"1";"78";"78562";"1";"1";"1";"6";"D138";"48,7411350000";"1,7779400000"
"202100030105";"8";"07";"2021";"12:10";"1";"04";"04152";"1";"1";"1";"7";"Ch de Sainte Tulle";"43,8059700000";"5,7277980000"
"202100030106";"5";"07";"2021";"21:55";"3";"04";"04039";"1";"1";"1";"6";"RD 955";"43,8774480000";"6,5362860000"
"202100030107";"8";"07";"2021";"15:50";"1";"13";"13027";"1";"9";"1";"3";"740 Route de la Crau";"43,8891480000";"4,8257230000"
"202100030108";"8";"07";"2021";"17:40";"1";"89";"89099";"2";"4";"8";"2";"Rue de la RÃ©publique";"47,9472170000";"3,5396040000"
"202100030109";"8";"07";"2021";"18:05";"1";"71";"71150";"1";"1";"1";"5";"RD 906 - PK 82+700";"46,2526869575";"4,7885610035"
"202100030110";"5";"07";"2021";"09:45";"1";"52";"52269";"2";"1";"2";"3";"Avenue de la ColliniÃ¨re";"47,8693910000";"5,3334810000"
"202100030111";"9";"07";"2021";"05:10";"2";"03";"03298";"1";"1";"1";"1";"Lieu Dit le Champ du Rompet";"46,3032590000";"3,4251380000"
"202100030112";"8";"07";"2021";"10:54";"1";"01";"01262";"2";"1";"1";"6";"Faubourg de Lyon";"45,8482110000";"5,0471720000"
"202100030113";"9";"07";"2021";"11:00";"1";"01";"01249";"2";"3";"1";"3";"935 Route de Tramoyes";"45,8710630000";"4,9231250000"
"202100030114";"8";"07";"2021";"22:15";"3";"33";"33323";"1";"6";"1";"6";"N/A";"44,5705220000";" -0,2141260000"
"202100030115";"9";"07";"2021";"20:15";"1";"60";"60346";"2";"1";"1";"1";"1 Avenue de Gouvieux";"49,1564467444";"2,4385163783"
"202100030116";"9";"07";"2021";"17:00";"1";"60";"60282";"1";"1";"1";"2";"N/A";"49,2086120000";"2,4524830000"
"202100030117";"9";"07";"2021";"14:15";"1";"59";"59379";"2";"6";"1";"3";"d 132";"50,2867990000";"3,2390790000"
"202100030118";"8";"07";"2021";"19:00";"1";"13";"13211";"1";"1";"1";"3";"A50-Sens Aubagne vers Marseille";"43,2928800000";"5,4766400000"
"202100030119";"10";"06";"2021";"16:30";"1";"13";"13215";"1";"1";"1";"2";"A7-Sens Lyon vers Marseille";"43,3703900000";"5,3612100000"
"202100030120";"7";"07";"2021";"17:45";"1";"13";"13106";"1";"1";"1";"2";"A7-Sens Marseille vers Lyon";"43,3967000000";"5,3503200000"
"202100030121";"8";"07";"2021";"00:45";"3";"13";"13211";"1";"1";"1";"7";"A50-Sens Aubagne vers Marseille";"43,2947300000";"5,4654600000"
"202100030122";"7";"07";"2021";"19:15";"1";"13";"13055";"1";"1";"1";"2";"A507 sens Marseille - Aubagne";"43,2874200000";"5,4248000000"
"202100030123";"8";"07";"2021";"14:00";"1";"69";"69275";"1";"1";"1";"3";"EST (ROC)";"45,7715400000";"4,9848300000"
"202100030124";"7";"07";"2021";"15:20";"1";"33";"33397";"1";"1";"3";"2";"AUTOROUTE A 10";"44,9200780000";" -0,4756210000"
"202100030125";"7";"07";"2021";"17:20";"1";"59";"59383";"1";"1";"1";"2";"AUTOROUTE A2";"50,3383110000";"3,5402210000"
"202100030126";"6";"07";"2021";"09:05";"1";"59";"59386";"1";"1";"1";"3";"ROUTE DEPARTEMENTALE 652";"50,6826310000";"3,0789780000"
"202100030127";"8";"07";"2021";"16:50";"1";"91";"91589";"1";"1";"1";"7";"AUTOROUTE A6";"48,6761400000";"2,3403700000"
"202100030128";"8";"07";"2021";"08:20";"1";"94";"94003";"1";"1";"1";"3";"AUTOROUTE A6A";"48,8095700000";"2,3392000000"
"202100030129";"7";"07";"2021";"20:45";"1";"91";"91689";"1";"1";"1";"3";"AUTOROUTE A6B";"48,7407200000";"2,3208900000"
"202100030130";"8";"07";"2021";"18:20";"1";"78";"78043";"1";"1";"1";"3";"A12 W";"48,8308300000";"2,0827900000"
"202100030131";"8";"07";"2021";"12:35";"5";"92";"92050";"1";"1";"1";"6";"A14";"48,8949371580";"2,2282637291"
"202100030132";"7";"07";"2021";"21:25";"1";"92";"92048";"1";"1";"1";"2";"N118";"48,8000383686";"2,2159557149"
"202100030133";"8";"07";"2021";"09:25";"1";"92";"92025";"1";"1";"1";"3";"A86";"48,9337646787";"2,2726945731"
"202100030134";"8";"07";"2021";"20:20";"1";"93";"93048";"1";"1";"1";"3";"AUTOROUTE A3";"48,8708200000";"2,4317600000"
"202100030135";"8";"07";"2021";"19:00";"1";"95";"95277";"1";"1";"1";"5";"A104";"48,9740600000";"2,4888900000"
"202100030136";"8";"07";"2021";"15:45";"1";"95";"95277";"1";"1";"1";"3";"AUTOROUTE A3";"48,9799800000";"2,4966000000"
"202100030137";"7";"07";"2021";"06:40";"2";"95";"95252";"1";"1";"1";"2";" A15";"48,9779700000";"2,2320000000"
"202100030138";"7";"07";"2021";"06:50";"1";"95";"95582";"1";"1";"1";"2";" A15";"48,9747200000";"2,2440400000"
"202100030139";"7";"07";"2021";"07:50";"1";"93";"93051";"1";"1";"1";"2";"A4";"48,8356151426";"2,5640793510"
"202100030140";"6";"07";"2021";"18:45";"1";"59";"59654";"2";"1";"1";"6";"DEPORTES (AVENUE DES)";"50,3759400000";"3,1003500000"
"202100030141";"1";"04";"2021";"15:50";"1";"61";"61344";"2";"1";"1";"6";"Rue de la fÃ©e d'Argouges";"48,6407960000";" -0,2097590000"
"202100030142";"7";"07";"2021";"10:30";"1";"38";"38185";"2";"9";"1";"3";"RUE ANDRÃ MAGINOT";"45,1819939840";"5,7250168920"
"202100030143";"7";"07";"2021";"12:30";"1";"33";"33281";"2";"9";"3";"6";"Avenue de Magudas";"44,8560200000";" -0,6526500000"
"202100030144";"2";"04";"2021";"17:06";"1";"16";"16015";"2";"3";"1";"3";"carrefour de  BARROUILHET ";"45,6534530000";"0,1479030000"
"202100030145";"7";"07";"2021";"10:10";"1";"974";"97416";"2";"1";"1";"2";"LEBLOND(RUE M. ET A.)";" -21,3355800000";"55,4667400000"
"202100030146";"7";"07";"2021";"10:45";"1";"974";"97407";"2";"9";"1";"3";"POLITZER(AVENUE)";" -20,9454000000";"55,2929000000"
"202100030147";"7";"07";"2021";"14:38";"1";"973";"97302";"1";"6";"1";"3";"ROUTE NATIONALE 1";"4,9077344839";" -52,3227224352"
"202100030148";"7";"07";"2021";"13:10";"1";"69";"69199";"1";"1";"1";"6";"FRERES PERRET (AV)";"45,6933800000";"4,8451100000"
"202100030149";"7";"07";"2021";"10:45";"1";"69";"69386";"2";"1";"1";"3";"MONTGOLFIER (R)";"45,7718900000";"4,8487400000"
"202100030150";"4";"07";"2021";"22:15";"4";"972";"97209";"2";"1";"1";"6";"ROBERT ATTULY (BOULEVARD)";"14,6031855823";" -61,0761090184"
"202100030151";"6";"07";"2021";"10:15";"1";"69";"69034";"2";"1";"3";"3";"PIERRE TERRASSE (AV)";"45,7991500000";"4,8476900000"
"202100030152";"7";"07";"2021";"16:15";"1";"971";"97101";"2";"3";"1";"3";"PATRICK SAINT ELOI ( AVENUE )";"16,2542100000";" -61,5229400000"
"202100030153";"5";"07";"2021";"06:45";"2";"87";"87085";"2";"1";"1";"3";"PORT DU NAVEIX (RUE DU)";"45,8332700000";"1,2752800000"
"202100030154";"6";"07";"2021";"18:05";"1";"83";"83069";"2";"1";"1";"6";"VILETTE (CHEMIN DE LA)";"43,1058100000";"6,1267700000"
"202100030155";"5";"07";"2021";"19:30";"1";"83";"83069";"2";"2";"1";"3";"GAMBETTA (AVENUE)";"43,1175900000";"6,1286100000"
"202100030156";"6";"07";"2021";"12:15";"1";"83";"83050";"2";"3";"1";"3";"BUISSON(BOULEVARD FERDINAND)";"43,5335290000";"6,4698470000"
"202100030157";"5";"07";"2021";"16:50";"1";"80";"80021";"2";"1";"1";"3";"BEAUVILLE CENTRE (BOULEVARD)";"49,8986400000";"2,3119800000"
"202100030158";"5";"07";"2021";"12:15";"1";"80";"80021";"2";"1";"1";"3";"AMONT (PORT D')";"49,8949400000";"2,3082200000"
"202100030159";"3";"07";"2021";"01:20";"4";"78";"78490";"1";"1";"1";"6";"CD 30";"48,8033800000";"1,9585000000"
"202100030160";"7";"07";"2021";"15:25";"1";"76";"76681";"2";"1";"1";"6";"GARIBALDI. RUE";"49,4155000000";"1,0913400000"
"202100030161";"7";"07";"2021";"15:00";"1";"73";"73065";"1";"1";"1";"3";"VOIE RAPIDE URBAINE";"45,5732400000";"5,9342800000"
"202100030162";"4";"07";"2021";"09:40";"1";"73";"73065";"2";"6";"1";"6";"Rue du DauphinÃ© / D991";"45,5883685900";"5,9216952324"
"202100030163";"6";"07";"2021";"12:10";"1";"72";"72181";"1";"1";"1";"4";"TOURS (RTE) LIGNE DROITE DES HUNAUDIERES";"47,9607500000";"0,2240900000"
"202100030164";"7";"07";"2021";"16:40";"1";"69";"69275";"2";"2";"1";"3";"EMILE ZOLA (R)";"45,7639674833";"4,9559803865"
"202100030165";"7";"07";"2021";"12:50";"1";"69";"69256";"2";"1";"1";"6";"CANUTS (DES) (AV)                           ";"45,7616700000";"4,9250700000"
"202100030166";"6";"07";"2021";"12:52";"1";"68";"68224";"2";"2";"2";"1";"GERARDMER (RUE DE)";"47,7745100000";"7,3174300000"
"202100030167";"6";"07";"2021";"19:45";"1";"67";"67043";"2";"1";"2";"3";"ROBERTSAU (RUE DE LA)";"48,6129920000";"7,7649140000"
"202100030168";"6";"07";"2021";"18:30";"1";"67";"67482";"2";"1";"2";"2";"HERRENSCHMIDT (AVENUE)";"48,5988800000";"7,7527200000"
"202100030169";"7";"07";"2021";"11:05";"1";"65";"65440";"2";"1";"1";"6";"JAURES (PLACE JEAN)";"43,2328560000";"0,0776590000"
"202100030170";"6";"07";"2021";"17:40";"1";"64";"64102";"2";"1";"2";"7";"GRENET (AVENUE HENRI)";"43,5014700000";" -1,4789300000"
"202100030171";"6";"07";"2021";"16:00";"1";"64";"64102";"2";"1";"8";"1";"GRENET (AVENUE HENRI)";"43,5037300000";" -1,4744800000"
"202100030172";"6";"07";"2021";"13:35";"1";"64";"64024";"2";"1";"1";"3";"MONTBRUN (AVENUE DE)";"43,5035800000";" -1,5036800000"
"202100030173";"6";"07";"2021";"11:05";"1";"64";"64102";"2";"1";"1";"3";"19 AllÃ©es Paulmy";"43,4909700000";" -1,4812600000"
"202100030174";"6";"07";"2021";"21:10";"2";"63";"63113";"2";"1";"1";"2";"POURCHON (BD MAURICE)";"45,7896400000";"3,0813800000"
"202100030175";"6";"07";"2021";"15:20";"1";"63";"63113";"2";"1";"1";"1";"SAINT ALYRE (RUE)";"45,7863700000";"3,0811800000"
"202100030176";"7";"07";"2021";"06:45";"1";"59";"59508";"1";"2";"1";"3";"N/A";"50,7595520000";"3,1338890000"
"202100030177";"7";"07";"2021";"14:15";"1";"59";"59650";"2";"2";"1";"3";"EGALITE (BOULEVARD DE L')";"50,7104000000";"3,1972200000"
"202100030178";"7";"07";"2021";"22:50";"5";"51";"51454";"2";"1";"1";"7";"Rue de la Pompelle";"49,2500000000";"4,0333300000"
"202100030179";"7";"07";"2021";"16:34";"1";"49";"49007";"1";"1";"1";"6";"PORT CHAMP BAS CHEMIN";"47,4949600000";" -0,5385500000"
"202100030180";"6";"07";"2021";"17:48";"1";"49";"49323";"2";"1";"1";"2";"A87N";"47,4953430000";" -0,4987440000"
"202100030181";"6";"07";"2021";"16:12";"1";"49";"49007";"2";"1";"1";"6";"ECCE HOMO BOULEVARD";"47,4641400000";" -0,5648000000"
"202100030182";"7";"07";"2021";"21:15";"2";"41";"41158";"1";"6";"1";"3";"ROUTE DEPARTEMENTALE 917";"47,7813120000";"1,0203000000"
"202100030183";"7";"07";"2021";"17:55";"1";"41";"41018";"2";"1";"1";"7";"LATTRE DE TASSIGNY (QUAI DU MARECHAL DE)";"47,5866000000";"1,3369900000"
"202100030184";"6";"07";"2021";"19:30";"1";"37";"37208";"2";"3";"1";"2";"CORMERY (RUE DE)";"47,3549626892";"0,7320300185"
"202100030185";"6";"07";"2021";"16:00";"1";"37";"37261";"2";"3";"1";"6";"SAINT SAUVEUR (PONT)";"47,3717169964";"0,6777070463"
"202100030186";"7";"07";"2021";"22:40";"5";"35";"35238";"2";"3";"1";"2";"FREVILLE (AVENUE HENRI)";"48,0854200000";" -1,6743000000"
"202100030187";"7";"07";"2021";"11:40";"1";"35";"35238";"2";"9";"1";"3";"LORIENT (DE)";"48,1068900000";" -1,7276400000"
"202100030188";"7";"07";"2021";"20:57";"1";"34";"34172";"2";"3";"1";"3";"CLEMENCEAU (AVENUE GEORGES)";"43,6033000000";"3,8720200000"
"202100030189";"5";"07";"2021";"16:35";"1";"34";"34032";"2";"1";"1";"3";"LIBERTE (BD DE LA)";"43,3403100000";"3,2228600000"
"202100030190";"11";"06";"2021";"00:00";"3";"33";"33039";"2";"1";"1";"1";"Avenue Jeanne dâArc";"44,7949100000";" -0,5416900000"