"Num_Acc";"jour";"mois";"an";"hrmn";"lum";"dep";"com";"agg";"int";"atm";"col";"adr";"lat";"long"
"202100030191";"21";"06";"2021";"19:15";"1";"33";"33069";"2";"1";"1";"6";"Rue Formige";"44,8651621711";" -0,6000898850"
"202100030192";"7";"07";"2021";"01:20";"4";"33";"33162";"2";"1";"1";"7";"Avenue du MÃ©doc";"44,8909100000";" -0,6565600000"
"202100030193";"6";"07";"2021";"04:55";"5";"31";"31555";"2";"9";"2";"3";"RTE D AGDE";"43,6275800000";"1,4795300000"
"202100030194";"5";"07";"2021";"10:20";"1";"30";"30007";"2";"1";"1";"6";"DE LATTRE DE TASSIGNY (AVE)";"44,1274200000";"4,0805700000"
"202100030195";"7";"07";"2021";"16:15";"1";"29";"29019";"2";"2";"1";"3";"Rue Jacques Blaise";"48,3727560000";" -4,5391220000"
"202100030196";"8";"07";"2021";"01:37";"5";"25";"25031";"2";"3";"2";"3";"REVOLUTION DE 1789 AVENUE DE LA)";"47,4817100000";"6,8450500000"
"202100030197";"7";"07";"2021";"22:55";"3";"17";"17306";"1";"1";"1";"5";"EXPRESS (VOIE)";"45,6316290000";" -1,0081940000"
"202100030198";"7";"07";"2021";"13:45";"1";"15";"15014";"2";"1";"1";"6";"Rue Gutenberg";"44,9163000000";"2,4281100000"
"202100030199";"7";"07";"2021";"18:50";"1";"14";"14118";"2";"1";"1";"3";"Boulevard Yves Guillou";"49,1726600000";" -0,3787700000"
"202100030200";"7";"07";"2021";"17:54";"1";"14";"14181";"1";"1";"1";"4";"N814";"49,1537190000";" -0,3150860000"
"202100030201";"7";"07";"2021";"09:00";"1";"14";"14118";"2";"3";"1";"3";"Avenue Nicolas Copernic";"49,1986500000";" -0,3605900000"
"202100030202";"7";"07";"2021";"11:25";"1";"13";"13039";"2";"1";"1";"3";"PINS (AllÃ©e des)";"43,4505000000";"4,9390900000"
"202100030203";"7";"07";"2021";"19:20";"1";"13";"13206";"2";"1";"1";"2";"NOTRE DAME (BOULEVARD)";"43,2874620117";"5,3736044099"
"202100030204";"7";"07";"2021";"13:15";"1";"13";"13207";"2";"2";"1";"3";"SAINTE (RUE)";"43,2917076023";"5,3717899520"
"202100030205";"7";"07";"2021";"10:00";"1";"13";"13214";"2";"6";"1";"6";"MERIMEE";"43,3277100000";"5,3967200000"
"202100030206";"7";"07";"2021";"01:15";"5";"13";"13208";"2";"1";"1";"1";"PRADO (AVENUE DU)";"43,2686100000";"5,3852600000"
"202100030207";"7";"07";"2021";"00:15";"5";"13";"13207";"2";"3";"1";"3";"Corniche John FitzgÃ©rald Kennedy";"43,2836700000";"5,3530500000"
"202100030208";"6";"07";"2021";"10:08";"1";"13";"13201";"2";"3";"1";"3";"LIEUTAUD (COURS)      2 A 52";"43,2950800000";"5,3817900000"
"202100030209";"7";"07";"2021";"05:10";"3";"13";"13004";"1";"1";"8";"1";"RPT COLETTE LAFFINEUR RD 570";"43,6865200000";"4,6436400000"
"202100030210";"7";"07";"2021";"23:45";"4";"13";"13001";"2";"9";"1";"3";"GALICE (RTE DE)";"43,5280509078";"5,4048625695"
"202100030211";"6";"07";"2021";"15:20";"1";"10";"10387";"2";"1";"1";"3";"GEORGES POMPIDOU (RUE)";"48,2911400000";"4,0884000000"
"202100030212";"7";"07";"2021";"16:50";"1";"06";"06123";"1";"1";"1";"3";"PUGETS MOYENNE CORNICHE DES";"43,6921500000";"7,1792000000"
"202100030213";"2";"07";"2021";"19:20";"1";"03";"03001";"1";"1";"1";"1";"Route dâHauterive";"46,0975600000";"3,4312700000"
"202100030214";"6";"07";"2021";"14:26";"1";"02";"02738";"2";"2";"1";"3";"JEAN JAURES";"49,6594030000";"3,3041100000"
"202100030215";"7";"07";"2021";"15:30";"1";"75";"75116";"2";"1";"1";"3";"BOULEVARD PERIPHERIQUE";"48,8619340000";"2,2646000000"
"202100030216";"6";"07";"2021";"16:15";"1";"75";"75115";"2";"1";"1";"3";"PORTE DE SEVRES";"48,8347680000";"2,2748020000"
"202100030217";"6";"07";"2021";"10:30";"1";"75";"75114";"2";"1";"1";"2";"PORTE DE CHATILLON";"48,8238080000";"2,3090540000"
"202100030218";"6";"07";"2021";"06:45";"1";"75";"75113";"2";"1";"1";"4";"PORTE D ITALIE";"48,8173180000";"2,3661270000"
"202100030219";"6";"07";"2021";"21:06";"2";"75";"75104";"2";"2";"1";"5";"QUAI DE GESVRES";"48,8560740000";"2,3506720000"
"202100030220";"6";"07";"2021";"20:10";"1";"75";"75117";"2";"4";"1";"3";"BOULEVARD PERIPHERIQUE EXTERIEUR OUEST";"48,8804160000";"2,2816540000"
"202100030221";"6";"07";"2021";"18:14";"1";"75";"75116";"2";"3";"1";"3";"ROUTE DES TRIBUNES";"48,8619570000";"2,2303770000"
"202100030222";"7";"07";"2021";"12:45";"1";"75";"75106";"2";"3";"1";"6";"RUE DE RENNES";"48,8456450000";"2,3255910000"
"202100030223";"7";"07";"2021";"18:55";"1";"75";"75117";"2";"5";"1";"7";"AVENUE DE LA GRANDE ARMEE";"48,8762060000";"2,2871650000"
"202100030224";"7";"07";"2021";"11:15";"1";"75";"75117";"2";"5";"1";"3";"BOULEVARD BESSIERES";"48,8975260000";"2,3241850000"
"202100030225";"7";"07";"2021";"08:20";"1";"75";"75116";"2";"3";"1";"3";"CARREFOUR DES TRIBUNES";"48,8622390000";"2,2293310000"
"202100030226";"7";"07";"2021";"06:50";"1";"75";"75116";"2";"1";"1";"2";"ALLEE DU BORD DE L EAU";"48,8538430000";"2,2262730000"
"202100030227";"5";"07";"2021";"22:00";"5";"75";"75116";"2";"2";"1";"3";"ALLEE DE LA REINE MARGUERITE";"48,8585740000";"2,2448820000"
"202100030228";"7";"07";"2021";"16:02";"1";"75";"75107";"2";"3";"1";"3";"RUE DU BAC";"48,8564360000";"2,3265480000"
"202100030229";"7";"07";"2021";"07:00";"2";"75";"75113";"2";"2";"1";"1";"RUE MAURICE ET LOUIS DE BROGLIE";"48,8332800000";"2,3696700000"
"202100030230";"6";"07";"2021";"16:44";"1";"75";"75113";"2";"3";"1";"6";"AVENUE DES GOBELINS";"48,8343640000";"2,3535560000"
"202100030231";"7";"07";"2021";"18:00";"1";"75";"75112";"2";"1";"1";"6";"AVENUE LEDRU ROLLIN";"48,8505940000";"2,3753940000"
"202100030232";"7";"07";"2021";"09:30";"1";"75";"75112";"2";"1";"1";"5";"AVENUE DE SAINT MANDE";"48,8451240000";"2,4003720000"
"202100030233";"7";"07";"2021";"20:35";"2";"75";"75111";"2";"1";"1";"3";"BOULEVARD JULES FERRY";"48,8669650000";"2,3683800000"
"202100030234";"7";"07";"2021";"10:00";"1";"75";"75111";"2";"1";"1";"3";"RUE RICHARD LENOIR";"48,8567900000";"2,3810230000"
"202100030235";"7";"07";"2021";"19:15";"1";"75";"75109";"2";"2";"1";"2";"RUE DE LA TOUR D AUVERGNE";"48,8787610000";"2,3453200000"
"202100030236";"7";"07";"2021";"21:10";"1";"75";"75107";"2";"2";"1";"3";"BOULEVARD DES INVALIDES";"48,8494580000";"2,3151610000"
"202100030237";"7";"07";"2021";"18:00";"1";"75";"75114";"2";"4";"1";"3";"AVENUE DU MAINE";"48,8401440000";"2,3218170000"
"202100030238";"7";"07";"2021";"09:00";"1";"75";"75107";"2";"3";"1";"2";"BOULEVARD DE LA TOUR MAUBOURG";"48,8549690000";"2,3096580000"
"202100030239";"7";"07";"2021";"19:45";"1";"75";"75104";"2";"2";"1";"7";"RUE DU RENARD";"48,8583640000";"2,3519370000"
"202100030240";"6";"07";"2021";"15:00";"1";"75";"75102";"2";"3";"1";"3";"BOULEVARD DES CAPUCINES";"48,8701180000";"2,3290780000"
"202100030241";"7";"07";"2021";"17:40";"1";"94";"94081";"2";"2";"1";"6";"JEAN PIERRE TIMBAUD (R)";"48,7873200000";"2,4065700000"
"202100030242";"7";"07";"2021";"08:30";"1";"94";"94081";"2";"1";"1";"3";"STALINGRAD (BD DE)";"48,8000000000";"2,3800000000"
"202100030243";"6";"07";"2021";"12:40";"1";"94";"94043";"2";"1";"1";"6";"Avenue de Fontainebleau";"48,8086200000";"2,3627100000"
"202100030244";"6";"07";"2021";"14:15";"1";"94";"94041";"2";"1";"1";"3";"GASTON MONMOUSSEAU (R)";"48,8067500000";"2,3790900000"
"202100030245";"7";"07";"2021";"19:00";"1";"94";"94060";"2";"2";"1";"3";"HENRI ROUART (R)";"48,7822700000";"2,5782300000"
"202100030246";"7";"07";"2021";"16:00";"1";"93";"93051";"2";"9";"2";"6";"AllÃ©e du Fort";"48,8314120000";"2,5588730000"
"202100030247";"6";"07";"2021";"18:40";"1";"92";"92033";"2";"3";"1";"3";"GENERAL DE GAULLE";"48,8398340000";"2,1910910000"
"202100030248";"4";"07";"2021";"15:30";"1";"92";"92050";"2";"2";"1";"3";"NATIONAL (BOULEVARD)";"48,8884900000";"2,1839400000"
"202100030249";"7";"07";"2021";"16:41";"1";"92";"92050";"2";"1";"1";"6";"ORVES D'ESTIENNE ALLEE D'";"48,8964625796";"2,2110682726"
"202100030250";"7";"07";"2021";"18:10";"1";"92";"92048";"2";"2";"1";"3";"BELGIQUE (RUE DE LA)";"48,8084874144";"2,2479697827"
"202100030251";"7";"07";"2021";"18:58";"1";"92";"92040";"2";"1";"1";"2";"FOUCHER LEPELLETIER";"48,8302894309";"2,2802786529"
"202100030252";"7";"07";"2021";"12:30";"1";"92";"92026";"2";"1";"1";"3";"MARECHAL JOFFRE (QUAI DU)";"48,9028600000";"2,2833100000"
"202100030253";"7";"07";"2021";"20:30";"2";"92";"92024";"2";"2";"1";"3";"PORT (RUE DU)";"48,9065960000";"2,2988930000"
"202100030254";"7";"07";"2021";"10:00";"1";"92";"92012";"2";"1";"1";"3";"COURS DE L'ILE SEGUIN";"48,8266100000";"2,2330800000"
"202100030255";"5";"07";"2021";"06:00";"1";"92";"92004";"2";"2";"3";"3";"VOLTAIRE ( BD 16 A FIN )";"48,9181822400";"2,2837775946"
"202100030256";"6";"07";"2021";"19:00";"1";"92";"92004";"2";"1";"1";"6";"MOURINOUX ( RUE DES )";"48,9301536114";"2,2750543803"
"202100030257";"7";"07";"2021";"17:45";"1";"92";"92002";"2";"1";"1";"2";"DIVISION LECLERC (53 A 217 - 58 A 186)";"48,7435100000";"2,3030100000"
"202100030258";"8";"07";"2021";"13:50";"1";"83";"83073";"1";"1";"1";"6";"A8 Pk 093.400";"43,4045382354";"6,2982773781"
"202100030259";"7";"07";"2021";"19:50";"5";"974";"97422";"2";"1";"1";"1";"26 Rue Georges Pompidou";" -21,2658670000";"55,5247680000"
"202100030260";"7";"07";"2021";"18:40";"1";"51";"51217";"1";"1";"1";"1";"Avenue de Paris";"49,0651040000";"3,6275660000"
"202100030261";"7";"07";"2021";"17:00";"1";"26";"26295";"1";"1";"1";"1";"Route de Saint Vallier";"45,1793070000";"4,8459040000"
"202100030262";"8";"07";"2021";"00:10";"3";"83";"83019";"1";"1";"1";"6";"2387 Route de LÃ©oube";"43,1226670000";"6,2932290000"
"202100030263";"8";"07";"2021";"13:15";"1";"974";"97413";"1";"1";"1";"4";"rue du gÃ©nÃ©ral de gaulle";" -21,1555330000";"55,2831600000"
"202100030264";"7";"07";"2021";"13:10";"1";"87";"87180";"1";"1";"1";"6";"RN 145 PR 18+300";"46,1922940000";"1,2425710000"
"202100030265";"5";"07";"2021";"03:05";"3";"41";"41149";"2";"1";"3";"6";"35 Boulevard des AlliÃ©s";"47,7525760000";"0,8659620000"
"202100030266";"7";"07";"2021";"17:55";"1";"30";"30141";"1";"4";"1";"6";"intersection D9 - Rue de boulogne";"44,1006300000";"4,6491800000"
"202100030267";"8";"07";"2021";"01:15";"3";"51";"51044";"1";"1";"1";"1";"D944";"49,1739742513";"4,1689381172"
"202100030268";"7";"07";"2021";"12:30";"1";"56";"56155";"1";"1";"1";"6";"Route de la Roche Bernard";"47,4787180000";" -2,4309810000"
"202100030269";"8";"07";"2021";"07:50";"1";"74";"74282";"1";"1";"8";"5";"D1203";"46,0358090000";"6,2407390000"
"202100030270";"8";"07";"2021";"08:30";"1";"77";"77246";"1";"2";"1";"3";"Intersection RD236 et RD78";"48,5780620000";"3,3696380000"
"202100030271";"7";"07";"2021";"16:55";"1";"2B";"2B049";"1";"1";"1";"3";"cd 151";"42,5271990000";"8,8401420000"
"202100030272";"6";"07";"2021";"16:00";"1";"46";"46137";"1";"1";"1";"1";"Route du Cluzel";"44,3949330000";"1,3647510000"
"202100030273";"26";"06";"2021";"16:20";"1";"41";"41239";"1";"1";"1";"7";"route dÃ©partementale 675";"47,2424440000";"1,3501600000"
"202100030274";"7";"07";"2021";"07:45";"1";"68";"68021";"1";"1";"8";"6";"D21.3";"47,6384150000";"7,5195830000"
"202100030275";"8";"07";"2021";"08:30";"1";"31";"31232";"2";"1";"1";"6";"Rue des PyrÃ©nÃ©es";"43,7609540000";"1,3023200000"
"202100030276";"8";"07";"2021";"07:35";"1";"38";"38070";"1";"1";"1";"1";"Route dÃ©partemental 10A";"45,2813340000";"5,9223180000"
"202100030277";"6";"07";"2021";"00:20";"4";"02";"02359";"1";"1";"1";"7";"D1";"49,8097870000";"3,2868270000"
"202100030278";"7";"07";"2021";"20:20";"2";"84";"84085";"2";"1";"1";"7";"D4";"43,9511190000";"5,2431610000"
"202100030279";"8";"07";"2021";"12:10";"1";"01";"01010";"1";"1";"8";"1";"RD992";"45,8851840000";"5,8069180000"
"202100030280";"6";"07";"2021";"17:50";"1";"70";"70325";"1";"1";"3";"2";"D474";"47,4968360000";"5,9760530000"
"202100030281";"8";"07";"2021";"15:10";"1";"66";"66063";"1";"4";"1";"3";"intersection d900/d13 pk 48+260";"42,4914820000";"2,8316400000"
"202100030282";"8";"07";"2021";"06:20";"2";"54";"54080";"1";"1";"2";"6";"departementale 960";"48,6061845769";"5,8113920697"
"202100030283";"8";"07";"2021";"19:20";"1";"06";"06105";"2";"1";"1";"6";"Route DÃ©partementale 2085";"43,6662340000";"7,0507710000"
"202100030284";"7";"07";"2021";"16:55";"1";"50";"50101";"1";"1";"1";"7";"La Rue";"49,6517830000";" -1,4438220000"
"202100030285";"7";"07";"2021";"21:20";"2";"60";"60068";"2";"1";"1";"7";"Rue Ernest Rigolot";"49,3051050000";"2,8060470000"
"202100030286";"7";"07";"2021";"12:10";"1";"45";"45040";"2";"1";"1";"1";"46 Faubourg de la Villeneuve";"47,5563310000";"2,8445610000"
"202100030287";"7";"07";"2021";"21:10";"2";"21";"21525";"1";"1";"1";"1";"Hameau de Chamont";"47,4117140000";"4,1787530000"
"202100030288";"8";"07";"2021";"07:05";"1";"24";"24234";"1";"1";"1";"3";"Haut Tresseroux";"44,9743320000";"0,4030390000"
"202100030289";"7";"07";"2021";"10:20";"1";"37";"37130";"1";"1";"3";"1";"Ã©tang de la ChÃ©taudiÃ¨re";"47,0484002713";"0,8411172370"
"202100030290";"4";"07";"2021";"03:50";"3";"37";"37094";"1";"1";"1";"7";"TrÃ©mont";"47,0347770645";"0,7530377701"
"202100030291";"26";"06";"2021";"13:35";"1";"37";"37018";"2";"6";"1";"2";"Boulevard de Chinon";"47,3225970000";"0,5981820000"
"202100030292";"2";"07";"2021";"17:45";"1";"08";"08282";"2";"1";"1";"1";"49 Chemin de l Oiseau";"49,8839860000";"4,4304570000"
"202100030293";"8";"07";"2021";"13:00";"1";"82";"82079";"1";"1";"1";"2";"A62 pk 194.500";"43,9075125098";"1,3181299745"
"202100030294";"5";"07";"2021";"23:15";"1";"976";"97612";"1";"1";"1";"7";"Descente du collÃ¨ge de Mtsamboro";" -12,6853290000";"45,0784650000"
"202100030295";"8";"07";"2021";"08:50";"1";"44";"44026";"2";"1";"1";"1";"Avenue Syrma";"47,2787340000";" -1,4751940000"
"202100030296";"7";"07";"2021";"20:44";"1";"62";"62317";"1";"1";"1";"7";"A26";"50,2645190000";"2,9915260000"
"202100030297";"7";"07";"2021";"06:45";"1";"973";"97304";"1";"1";"2";"1";"RN1";"5,1171260000";" -52,6475140000"
"202100030298";"7";"07";"2021";"20:00";"5";"971";"97125";"1";"1";"1";"1";"d 116";"16,2765390000";" -61,3207700000"
"202100030299";"8";"07";"2021";"09:00";"1";"77";"77144";"1";"1";"1";"1";"D 231";"48,7634096431";"2,9231275828"
"202100030300";"7";"07";"2021";"17:15";"1";"55";"55517";"2";"1";"7";"3";"route de verdun";"48,9778790000";"5,0592360000"
"202100030301";"8";"07";"2021";"12:30";"1";"54";"54208";"1";"3";"1";"3";"D611";"48,7342749334";"5,9371930369"
"202100030302";"28";"06";"2021";"08:00";"1";"69";"69003";"2";"6";"2";"2";"D51";"45,8636970000";"4,8347300000"
"202100030303";"26";"06";"2021";"00:00";"3";"81";"81104";"1";"1";"1";"3";"D631";"43,7489399256";"1,8027287700"
"202100030304";"29";"06";"2021";"20:10";"1";"31";"31291";"2";"1";"1";"2";"3 Route de Bayonne";"43,5993050000";"1,2304690000"
"202100030305";"22";"06";"2021";"10:25";"1";"33";"33449";"2";"6";"8";"6";"Chemin Lafon";"44,8813010000";" -0,6969170000"
"202100030306";"7";"07";"2021";"18:35";"1";"27";"27469";"2";"1";"1";"3";"Avenue de Lattre de Tassigny";"49,2988570000";"1,1586820000"
"202100030307";"7";"07";"2021";"18:45";"1";"60";"60533";"1";"9";"2";"2";"N/A";"49,5220740000";"2,7131830000"
"202100030308";"6";"07";"2021";"23:10";"3";"13";"13211";"1";"1";"1";"2";"A507 sens Aubagne- Marseille";"43,2947300000";"5,4654000000"
"202100030309";"7";"07";"2021";"17:25";"1";"33";"33090";"1";"1";"2";"4";"N/A";"44,7747220000";" -0,6521550000"
"202100030310";"7";"07";"2021";"09:30";"1";"94";"94043";"1";"1";"1";"3";"AUTOROUTE A6B";"48,8120300591";"2,3522646154"
"202100030311";"7";"07";"2021";"11:45";"1";"92";"92025";"1";"1";"1";"7";"A86";"48,9208583988";"2,2252729604"
"202100030312";"7";"07";"2021";"05:35";"2";"92";"92064";"1";"1";"1";"6";"A13";"48,8378491587";"2,1898092321"
"202100030313";"7";"07";"2021";"14:00";"1";"95";"95572";"1";"1";"1";"2";"RN 184";"49,0385300000";"2,1243400000"
"202100030314";"6";"07";"2021";"22:00";"3";"93";"93078";"1";"1";"1";"2";"AUTOROUTE A104";"48,9642700000";"2,5200500000"
"202100030315";"7";"07";"2021";"17:25";"1";"94";"94079";"1";"1";"1";"6";"A4";"48,8352511054";"2,5387158104"
"202100030316";"7";"07";"2021";"16:30";"1";"94";"94028";"1";"1";"1";"3";"A86 EXT";"48,7977200000";"2,4445100000"
"202100030317";"6";"07";"2021";"11:00";"1";"75";"75108";"2";"3";"1";"6";"RUE MARBEUF";"48,8691420000";"2,3045140000"
"202100030318";"5";"07";"2021";"16:05";"1";"76";"76351";"2";"2";"3";"6";"VALLEE (RUE DE LA)";"49,4952400000";"0,1554200000"
"202100030319";"6";"07";"2021";"19:15";"1";"75";"75119";"2";"2";"1";"3";"RUE PETIT";"48,8861000000";"2,3898530000"
"202100030320";"10";"03";"2021";"12:21";"1";"01";"01153";"2";"1";"1";"6";"1612 Route de Chenaz";"46,3023730000";"6,0623860000"
"202100030321";"6";"07";"2021";"09:30";"1";"974";"97411";"2";"2";"1";"3";"CHATEL (JEAN)";" -20,8835800000";"55,4516600000"
"202100030322";"6";"07";"2021";"10:30";"1";"974";"97407";"1";"1";"1";"2";"MAHATMA GANDHY - RIV. DES GALETS";" -20,9530100000";"55,3245700000"
"202100030323";"6";"07";"2021";"10:10";"1";"974";"97407";"1";"1";"1";"3";"ROUTE DU SACRE COEUR";" -20,9557300000";"55,3103600000"
"202100030324";"6";"07";"2021";"20:30";"2";"69";"69259";"2";"1";"2";"4";"PIERRE SEMARD (AV)";"45,7088948859";"4,8760816455"
"202100030325";"6";"07";"2021";"16:55";"1";"69";"69388";"2";"2";"3";"3";"ETATS UNIS (DES) (BD)";"45,7345800000";"4,8633400000"
"202100030326";"6";"07";"2021";"16:55";"1";"69";"69387";"2";"2";"3";"3";"SEBASTIEN GRYPHE (R)";"45,7508200000";"4,8424200000"
"202100030327";"6";"07";"2021";"08:45";"1";"69";"69387";"2";"2";"2";"3";"DEBOURG (AV)";"45,7313888341";"4,8336617079"
"202100030328";"2";"07";"2021";"18:40";"1";"69";"69387";"2";"2";"1";"3";"TONY GARNIER (AV)";"45,7267000000";"4,8309100000"
"202100030329";"6";"07";"2021";"08:00";"1";"69";"69259";"2";"9";"2";"6";"IRENE JOLIOT CURIE (BD)";"45,7150300000";"4,8789700000"
"202100030330";"6";"07";"2021";"08:05";"1";"972";"97209";"2";"1";"1";"2";"PROFESSEUR RAYMOND GARCIN (RUE DU)";"14,6161100000";" -61,0784600000"
"202100030331";"6";"07";"2021";"22:15";"5";"69";"69034";"2";"1";"1";"2";"ST CLAIR (DE) (GR) (R)";"45,7868500000";"4,8501700000"
"202100030332";"6";"07";"2021";"10:10";"1";"69";"69286";"2";"1";"3";"5";"GENEVE (DE) (RTE)";"45,8044372439";"4,8834475279"
"202100030333";"6";"07";"2021";"14:38";"1";"971";"97101";"1";"1";"2";"7";"RN11";"16,2684900000";" -61,5121200000"
"202100030334";"5";"07";"2021";"22:45";"5";"971";"97101";"2";"1";"1";"6";"CHAUVEL";"16,2387000000";" -61,5264400000"
"202100030335";"6";"07";"2021";"19:20";"1";"95";"95268";"1";"1";"1";"6";"CHEMIN DE BONNEUIL";"48,9657690000";"2,4145400000"
"202100030336";"6";"07";"2021";"19:10";"1";"91";"91645";"2";"9";"1";"3";"CHARLES DE GAULLE (PLACE)";"48,7465030000";"2,2668670000"
"202100030337";"6";"07";"2021";"08:30";"1";"91";"91027";"2";"3";"1";"3";"AV FRANCOIS MITTERRAND";"48,7058100000";"2,3714400000"
"202100030338";"2";"07";"2021";"11:00";"1";"89";"89354";"2";"3";"1";"6";"17 Rue des Caves";"48,2124900000";"3,2607400000"
"202100030339";"27";"06";"2021";"18:00";"1";"88";"88383";"2";"1";"8";"3";"Faubourg du VAL D'AJOL";"48,0132100000";"6,5864700000"
"202100030340";"3";"07";"2021";"13:01";"1";"87";"87065";"1";"1";"2";"6";"RD 704A";"45,7946800000";"1,2951100000"
"202100030341";"3";"07";"2021";"20:05";"2";"87";"87085";"2";"2";"1";"3";"LATTRE-DE-TASSIGNY (AVENUE DU MARECHAL)";"45,8270500000";"1,2835700000"
"202100030342";"5";"07";"2021";"17:30";"1";"86";"86194";"2";"2";"1";"5";"Avenue du 11 Novembre";"46,5673300000";"0,3658100000"
"202100030343";"6";"07";"2021";"12:35";"1";"83";"83069";"1";"1";"1";"6";"PIERREFEU (ROUTE DE) RD 12";"43,1756481036";"6,1178638239"
"202100030344";"5";"07";"2021";"17:35";"1";"83";"83034";"1";"1";"1";"2";"RUE DES 3 PINS";"43,1068643710";"6,0511788726"
"202100030345";"6";"07";"2021";"16:55";"1";"78";"78224";"2";"9";"1";"1";"NOISY (ROUTE DE)";"48,8631100000";"2,0678700000"
"202100030346";"5";"07";"2021";"18:10";"1";"78";"78551";"1";"1";"1";"4";"RN 13";"48,9015780000";"2,0618080000"
"202100030347";"6";"07";"2021";"16:28";"1";"78";"78220";"1";"1";"1";"1";"YVETTE (RUE DE L')";"48,6959000000";"1,9369000000"
"202100030348";"5";"07";"2021";"15:20";"1";"76";"76270";"1";"1";"1";"6";"RD 6382";"49,5260720000";"0,1538180000"
"202100030349";"5";"07";"2021";"15:50";"1";"72";"72181";"2";"1";"8";"6";"BRIAND ARISTIDE (PL)";"48,0022400000";"0,1985000000"
"202100030350";"6";"07";"2021";"21:14";"2";"69";"69266";"2";"2";"2";"3";"ANTOINE PRIMAT (R)";"45,7581800000";"4,8932600000"
"202100030351";"4";"07";"2021";"03:08";"3";"66";"66136";"1";"1";"1";"6";"BLANC AVENUE ROSETTE";"42,6994600000";"2,9103100000"
"202100030352";"3";"07";"2021";"00:15";"5";"66";"66136";"1";"6";"1";"6";"SERRAT DEN VAQUER (RD PT)";"42,6783800000";"2,8806300000"
"202100030353";"6";"07";"2021";"17:32";"1";"65";"65440";"2";"6";"8";"6";"JOLIOT CURIE (RUE)";"43,2229640000";"0,0795290000"
"202100030354";"6";"07";"2021";"07:35";"1";"64";"64102";"2";"6";"1";"7";"COMPAGNET (GIRATOIRE DE)";"43,4599900000";" -1,4960500000"
"202100030355";"5";"07";"2021";"19:00";"1";"64";"64024";"2";"3";"1";"3";"ADOUR (AVENUE DE L')";"43,5200500000";" -1,5021900000"
"202100030356";"10";"06";"2021";"19:00";"1";"62";"62498";"2";"1";"1";"3";"LANOY (R RENE)";"50,4330390000";"2,8339310000"
"202100030357";"6";"07";"2021";"21:00";"1";"59";"59599";"2";"1";"1";"6";"SCHWEITZER (RUE DU DOCTEUR)";"50,7398310000";"3,1800840000"
"202100030358";"6";"07";"2021";"18:10";"1";"59";"59599";"2";"3";"1";"3";"THIERS (RUE)";"50,7170850000";"3,1617670000"
"202100030359";"5";"07";"2021";"12:10";"1";"59";"59599";"2";"2";"1";"3";"DRON (AVENUE GUSTAVE)";"50,7178540803";"3,1657421792"
"202100030360";"3";"07";"2021";"11:25";"1";"59";"59456";"2";"1";"1";"6";"COLLIEZ GUSTAVE(RUE)";"50,3772200000";"3,2125600000"
"202100030361";"5";"07";"2021";"20:50";"1";"58";"58194";"2";"6";"8";"1";"SAINT NICOLAS (PLACE)";"46,9870700000";"3,1615500000"
"202100030362";"5";"07";"2021";"22:05";"1";"56";"56260";"2";"1";"8";"6";"COMMERCE (RUE DU)";"47,6460300000";" -2,7576700000"
"202100030363";"5";"07";"2021";"17:30";"1";"54";"54304";"2";"1";"1";"3";"HEUBACH (RUE DE)";"48,6818151640";"6,1481257793"
"202100030364";"4";"07";"2021";"17:10";"1";"54";"54521";"2";"1";"1";"6";"Cite Place Ste Claire";"49,4670300000";"5,9132400000"
"202100030365";"6";"07";"2021";"14:40";"1";"51";"51454";"2";"2";"1";"3";"Rue de Talleyrand";"49,2575200000";"4,0281200000"
"202100030366";"4";"07";"2021";"22:00";"5";"51";"51454";"2";"3";"1";"3";"Rue du Colonel Fabien";"49,2492021830";"4,0165945888"
"202100030367";"5";"07";"2021";"18:53";"1";"51";"51454";"2";"2";"1";"3";"Rue Coquebert";"49,2613900000";"4,0383300000"
"202100030368";"6";"07";"2021";"15:05";"1";"44";"44109";"2";"1";"1";"3";"FOSSE ( QUAI DE LA )";"47,2103400000";" -1,5630300000"
"202100030369";"6";"07";"2021";"09:30";"1";"37";"37208";"2";"2";"1";"3";"PETIT BOIS (RUE DU)";"47,3565443379";"0,7155935839"
"202100030370";"6";"07";"2021";"10:55";"1";"37";"37261";"2";"1";"1";"6";"BERANGER (BOULEVARD)";"47,3884177345";"0,6768014432"
"202100030371";"5";"07";"2021";"18:20";"1";"37";"37261";"2";"3";"1";"7";"Daniel Mayer";"47,4186289527";"0,6916129589"
"202100030372";"5";"07";"2021";"06:40";"1";"37";"37122";"2";"1";"2";"7";"RD 37";"47,3399066880";"0,6666786742"
"202100030373";"5";"07";"2021";"09:15";"1";"35";"35093";"2";"3";"2";"6";"REPUBLIQUE  (PLACE DE LA )";"48,6335000000";" -2,0562840000"
"202100030374";"6";"07";"2021";"12:30";"1";"35";"35055";"1";"3";"1";"3";"LOGES (RUE DES)";"48,0787000000";" -1,6317000000"
"202100030375";"6";"07";"2021";"08:25";"1";"35";"35238";"2";"9";"1";"3";"RONDE (CHEMIN DE)";"48,0893780000";" -1,6435130000"
"202100030376";"5";"07";"2021";"11:59";"1";"35";"35238";"2";"7";"2";"3";"MAGINOT (AVENUE SERGENT)";"48,1100000000";" -1,6600000000"
"202100030377";"6";"07";"2021";"22:30";"5";"33";"33063";"2";"3";"1";"3";"Avenue des Quarante Journaux";"44,8782100000";" -0,5684100000"
"202100030378";"6";"07";"2021";"08:35";"1";"33";"33065";"2";"4";"2";"1";"CÃ´te de Bouliac";"44,8205900000";" -0,5120800000"
"202100030379";"6";"07";"2021";"22:50";"5";"33";"33529";"2";"6";"1";"6";"N/A";"44,6185120000";" -1,1254340000"
"202100030380";"6";"07";"2021";"06:50";"1";"31";"31555";"2";"9";"2";"5";"VA007331 A620";"43,6523400000";"1,4299400000"