"Num_Acc";"jour";"mois";"an";"hrmn";"lum";"dep";"com";"agg";"int";"atm";"col";"adr";"lat";"long"
"202100030381";"5";"07";"2021";"14:10";"1";"31";"31069";"1";"1";"1";"3";"GRAND NOBLE (PORTE DU)";"43,6392400000";"1,3765600000"
"202100030382";"1";"07";"2021";"01:45";"3";"30";"30189";"1";"1";"1";"6";"BEAUCAIRE (ROUTE)";"43,8338038103";"4,4184958935"
"202100030383";"6";"07";"2021";"10:30";"1";"28";"28085";"2";"9";"1";"2";"INTERMARCHE (RUE DU GORD)";"48,4322200000";"1,4935000000"
"202100030384";"30";"06";"2021";"15:45";"1";"26";"26198";"2";"1";"1";"6";"79 Avenue Jean JaurÃ¨s";"44,5474000000";"4,7470700000"
"202100030385";"20";"06";"2021";"01:31";"5";"25";"25388";"2";"2";"1";"6";"HOLLANDE (RUE DE LA PETITE)";"47,5002720000";"6,7917160000"
"202100030386";"21";"06";"2021";"09:37";"1";"22";"22278";"2";"6";"1";"3";"SEVIGNE (BD)";"48,5120083122";" -2,7574465809"
"202100030387";"5";"07";"2021";"20:40";"1";"22";"22113";"1";"1";"2";"7";"MESMEUR (RUE DE)";"48,7517040000";" -3,4354800000"
"202100030388";"6";"07";"2021";"16:45";"1";"17";"17300";"2";"1";"1";"2";"VERDUN   PLACE DE";"46,1624200000";" -1,1524900000"
"202100030389";"6";"07";"2021";"08:50";"1";"17";"17300";"2";"1";"1";"2";"SARTRE   AVENUE JEAN-PAUL";"46,1565000000";" -1,1269400000"
"202100030390";"6";"07";"2021";"17:10";"1";"14";"14327";"1";"1";"8";"2";"N814";"49,1919700000";" -0,3350400000"
"202100030391";"5";"07";"2021";"10:00";"1";"13";"13103";"2";"1";"1";"1";"RUE URSULE -REYNAUD D'";"43,6376900000";"5,0977100000"
"202100030392";"6";"07";"2021";"20:10";"1";"13";"13207";"2";"1";"1";"6";"Corniche John FitzgÃ©rald Kennedy";"43,2772800000";"5,3566900000"
"202100030393";"6";"07";"2021";"12:20";"1";"13";"13214";"2";"3";"1";"3";"CAPITAINE GEZE (BOULEVARD)";"43,3306700000";"5,3716000000"
"202100030394";"5";"07";"2021";"20:20";"1";"13";"13028";"2";"1";"7";"3";"ROVARCH (AVENUE PIERRE)";"43,1924400000";"5,6151100000"
"202100030395";"5";"07";"2021";"14:15";"1";"12";"12305";"1";"1";"1";"7";"JAURES JEAN (AVENUE)";"44,5487700000";"2,2177400000"
"202100030396";"5";"07";"2021";"11:50";"1";"11";"11069";"2";"1";"1";"1";"PAPIN DENIS -BD-";"43,2109800000";"2,3265600000"
"202100030397";"5";"07";"2021";"19:10";"1";"10";"10387";"2";"2";"1";"3";"MAROTS (RUE DES)";"48,2909000000";"4,0742000000"
"202100030398";"6";"07";"2021";"16:52";"1";"08";"08105";"2";"1";"1";"6";"TOUR DU ROY QUAI";"49,7605000000";"4,7144800000"
"202100030399";"6";"07";"2021";"15:30";"1";"06";"06088";"2";"1";"7";"4";"ANGLAIS (DU NÂ° 45 AU NÂ° 112)";"43,6920390000";"7,2493940000"
"202100030400";"6";"07";"2021";"10:05";"1";"06";"06088";"2";"1";"1";"4";"MADELEINE (BD DE LA)";"43,6926750000";"7,2443530000"
"202100030401";"30";"06";"2021";"07:20";"1";"06";"06088";"2";"2";"1";"6";"GOUNOD (RUE)";"43,6996100000";"7,2602900000"
"202100030402";"6";"07";"2021";"15:00";"1";"06";"06069";"2";"1";"1";"6";"PAOUTE (ROUTE ET TRAVERSE DE LA)";"43,6336110000";"6,9576440000"
"202100030403";"6";"07";"2021";"13:50";"1";"06";"06123";"2";"1";"1";"3";"CURIE PIERRE ET MARIE AVENUE";"43,6839580000";"7,1883480000"
"202100030404";"5";"07";"2021";"05:25";"2";"04";"04112";"2";"1";"1";"6";"Chemin Leon Foucault";"43,8454300000";"5,8336500000"
"202100030405";"4";"07";"2021";"20:28";"1";"75";"75108";"2";"7";"1";"3";"AVENUE MONTAIGNE";"48,8652820000";"2,3029460000"
"202100030406";"6";"07";"2021";"20:00";"1";"75";"75119";"2";"3";"1";"2";"RUE DE CRIMEE";"48,8885520000";"2,3792260000"
"202100030407";"6";"07";"2021";"17:30";"1";"75";"75119";"2";"1";"1";"6";"RUE ARCHEREAU";"48,8916120000";"2,3744220000"
"202100030408";"6";"07";"2021";"15:30";"1";"75";"75119";"2";"3";"1";"3";"RUE DES ARDENNES";"48,8887970000";"2,3859350000"
"202100030409";"6";"07";"2021";"11:38";"1";"75";"75118";"2";"3";"1";"3";"BOULEVARD DE LA CHAPELLE";"48,8839760000";"2,3512510000"
"202100030410";"6";"07";"2021";"15:15";"1";"75";"75116";"2";"5";"1";"6";"BOULEVARD DE BEAUSEJOUR";"48,8580400000";"2,2725980000"
"202100030411";"6";"07";"2021";"19:30";"1";"75";"75115";"2";"3";"1";"6";"BOULEVARD VICTOR";"48,8352940000";"2,2809570000"
"202100030412";"6";"07";"2021";"17:50";"1";"75";"75114";"2";"2";"1";"3";"AVENUE DU GENERAL LECLERC";"48,8232730000";"2,3254480000"
"202100030413";"6";"07";"2021";"17:50";"1";"75";"75113";"2";"2";"1";"3";"BOULEVARD ARAGO";"48,8349600000";"2,3449920000"
"202100030414";"6";"07";"2021";"12:50";"1";"75";"75105";"2";"7";"1";"3";"PLACE VALHUBERT";"48,8436520000";"2,3648270000"
"202100030415";"6";"07";"2021";"08:50";"1";"75";"75113";"2";"4";"1";"7";"BOULEVARD DE L HOPITAL";"48,8387580000";"2,3609230000"
"202100030416";"6";"07";"2021";"21:08";"2";"75";"75112";"2";"1";"1";"7";"QUAI DE LA RAPEE";"48,8441500000";"2,3698010000"
"202100030417";"6";"07";"2021";"08:20";"1";"75";"75112";"2";"2";"1";"2";"BOULEVARD PONIATOWSKI";"48,8316580000";"2,3978680000"
"202100030418";"6";"07";"2021";"16:00";"1";"75";"75111";"2";"7";"1";"6";"RUE DE LA ROQUETTE";"48,8578710000";"2,3810900000"
"202100030419";"6";"07";"2021";"15:30";"1";"75";"75111";"2";"3";"1";"6";"RUE DE LA ROQUETTE";"48,8579920000";"2,3815760000"
"202100030420";"6";"07";"2021";"10:00";"1";"75";"75107";"2";"1";"1";"7";"QUAI ANATOLE FRANCE";"48,8617980000";"2,3218720000"
"202100030421";"6";"07";"2021";"11:30";"1";"75";"75103";"2";"3";"1";"3";"BOULEVARD BEAUMARCHAIS";"48,8585510000";"2,3678130000"
"202100030422";"6";"07";"2021";"10:25";"1";"75";"75101";"2";"7";"8";"3";"RUE DE RIVOLI";"48,8624090000";"2,3362620000"
"202100030423";"6";"07";"2021";"00:01";"5";"75";"75108";"2";"7";"1";"3";"PLACE DE LA CONCORDE";"48,8658730000";"2,3199470000"
"202100030424";"5";"07";"2021";"19:55";"1";"75";"75104";"2";"3";"1";"6";"RUE DE LA BASTILLE";"48,8538220000";"2,3681780000"
"202100030425";"5";"07";"2021";"21:45";"2";"94";"94078";"2";"2";"8";"1";"Avenue LÃ©o Lagrange";"48,7312500000";"2,4587700000"
"202100030426";"5";"07";"2021";"17:45";"1";"94";"94068";"2";"1";"2";"6";"DARTOIS BIDOT (PAS)";"48,8066180000";"2,4744990000"
"202100030427";"5";"07";"2021";"23:20";"5";"94";"94042";"2";"2";"8";"3";"Quai Pierre Brossolette";"48,8201500000";"2,4671900000"
"202100030428";"6";"07";"2021";"19:05";"1";"94";"94016";"2";"2";"1";"7";"Rue Marcel Bonnet";"48,7956100000";"2,3270300000"
"202100030429";"6";"07";"2021";"15:50";"1";"94";"94041";"2";"1";"1";"7";"Rue LÃ©nine";"48,8156600000";"2,3935100000"
"202100030430";"6";"07";"2021";"11:10";"1";"94";"94028";"2";"3";"1";"3";"BORDIERES(RUE DES)";"48,8004300000";"2,4513000000"
"202100030431";"5";"07";"2021";"19:25";"1";"94";"94028";"2";"9";"1";"3";"Rue des MÃ¨ches";"48,7934400000";"2,4610700000"
"202100030432";"6";"07";"2021";"12:55";"1";"94";"94017";"2";"1";"1";"3";"ROGER SALENGRO (AV)";"48,8187390000";"2,4897870000"
"202100030433";"5";"07";"2021";"21:40";"1";"93";"93072";"2";"1";"1";"3";"MAXIME GORKI (BOULEVARD) NÂ°72 AU 80";"48,9494000000";"2,3861800000"
"202100030434";"6";"07";"2021";"09:47";"1";"93";"93070";"2";"7";"1";"6";"JEAN-JAURES (BD)";"48,9124100000";"2,3342200000"
"202100030435";"6";"07";"2021";"12:30";"1";"93";"93066";"2";"1";"1";"3";"2-34 Rue de Strasbourg";"48,9362310000";"2,3633020000"
"202100030436";"6";"07";"2021";"04:30";"5";"93";"93066";"2";"1";"1";"2";"Boulevard Anatole France";"48,9262000000";"2,3514300000"
"202100030437";"6";"07";"2021";"18:40";"1";"93";"93055";"2";"1";"1";"2";"JEAN LOLIVE (AVENUE)(137/FIN ET 134/FIN)";"48,8930170000";"2,4124190000"
"202100030438";"6";"07";"2021";"13:20";"1";"93";"93008";"2";"3";"1";"1";"Rue Henri NoziÃ¨res / Avenue Paul Vaillant - Couturier";"48,9113750000";"2,4414150000"
"202100030439";"6";"07";"2021";"13:20";"1";"93";"93048";"2";"1";"8";"6";"Boulevard de Chanzy";"48,8586663492";"2,4280707835"
"202100030440";"6";"07";"2021";"07:45";"1";"93";"93031";"2";"1";"1";"6";"SAINT LEU (ROUTE DE) 1 Ã  157";"48,9584500000";"2,3291500000"
"202100030441";"6";"07";"2021";"07:38";"1";"93";"93057";"2";"1";"1";"1";"ATHENES (allÃ©e d')";"48,9118220000";"2,4945780000"
"202100030442";"16";"07";"2021";"18:10";"1";"92";"92072";"2";"1";"1";"6";"VILLE D'AVRAY (RUE DE )";"48,8258512789";"2,2045721342"
"202100030443";"6";"07";"2021";"21:10";"2";"92";"92064";"2";"3";"1";"3";"GOUNOD";"48,8430200000";"2,2139300000"
"202100030444";"6";"07";"2021";"12:00";"1";"92";"92051";"2";"1";"1";"2";"CHARLES DE GAULLE (AVENUE, NÂ°27 A 129)";"48,8824900000";"2,2668300000"
"202100030445";"6";"07";"2021";"10:15";"1";"92";"92051";"2";"1";"1";"3";"ROULE (AVENUE DU, NÂ° 29 A 91 ET 30 A 86)";"48,8819767379";"2,2797462344"
"202100030446";"6";"07";"2021";"16:05";"1";"92";"92024";"2";"1";"1";"6";"HENRI BARBUSSE (RUE) DE (68 A 102)";"48,9016342400";"2,3096689582"
"202100030447";"6";"07";"2021";"15:25";"1";"92";"92012";"2";"3";"1";"3";"PARIS (RUE DE) 97BIS/FIN - 116/FIN";"48,8416520000";"2,2358630000"
"202100030448";"6";"07";"2021";"09:15";"1";"92";"92007";"2";"3";"1";"3";"PASTEUR (AVENUE LOUIS) NÂ° 1 A 39 ET 2 A";"48,7971060000";"2,3173470000"
"202100030449";"27";"06";"2021";"17:50";"1";"14";"14764";"1";"1";"2";"6";"D167";"48,8703750000";" -0,4063440000"
"202100030450";"27";"06";"2021";"18:50";"1";"14";"14689";"1";"1";"3";"6";"D6";"48,9881030000";" -0,4957150000"
"202100030451";"7";"07";"2021";"07:00";"1";"49";"49092";"2";"1";"1";"6";"35 Rue Nationale (chemillÃ©)";"47,2212770000";" -0,7267390000"
"202100030452";"7";"07";"2021";"11:15";"1";"974";"97412";"1";"1";"2";"1";"Route de la Grande Corniche";" -21,3728120000";"55,5930390000"
"202100030453";"6";"07";"2021";"23:00";"3";"85";"85109";"1";"1";"2";"1";"Bellevue";"46,8905004154";" -1,0123354197"
"202100030454";"6";"07";"2021";"21:15";"5";"71";"71256";"2";"1";"1";"6";"11 Route de Chalon";"46,7409091693";"5,0918471695"
"202100030455";"6";"07";"2021";"16:00";"1";"71";"71420";"1";"1";"2";"5";"17 Route de Louhans";"46,7041150000";"4,9920950000"
"202100030456";"7";"07";"2021";"10:30";"1";"79";"79285";"1";"2";"1";"3";"La Croix des Vignes";"46,5693870000";" -0,2982000000"
"202100030457";"6";"07";"2021";"18:45";"1";"79";"79062";"1";"2";"1";"5";"D33";"46,8058980000";" -0,6806530000"
"202100030458";"6";"07";"2021";"21:20";"1";"80";"80542";"1";"6";"1";"1";"D930";"49,7716230000";"2,9088880000"
"202100030459";"7";"07";"2021";"16:30";"1";"80";"80624";"1";"1";"1";"1";"D11";"50,0058740000";"2,3806940000"
"202100030460";"6";"07";"2021";"18:50";"1";"32";"32083";"1";"1";"1";"3";"D930";"43,8105460000";"0,4272970000"
"202100030461";"7";"07";"2021";"11:25";"1";"11";"11355";"1";"3";"1";"3";"D19";"43,0917560000";"2,2108990000"
"202100030462";"6";"07";"2021";"18:20";"1";"63";"63338";"2";"1";"1";"1";"rue jean jaurÃ¨s";"46,1622180000";"2,8337110000"
"202100030463";"6";"07";"2021";"17:45";"1";"47";"47095";"1";"6";"1";"3";"D813";"44,4270060785";"0,2827391623"
"202100030464";"7";"07";"2021";"14:40";"1";"44";"44151";"2";"3";"1";"3";"Chemin de la BriÃ©ronne";"47,3429780000";" -2,3255180000"
"202100030465";"6";"07";"2021";"14:00";"1";"44";"44062";"1";"1";"1";"1";"lieu dit La GÃ©netrie";"47,5277210000";" -1,7466760000"
"202100030466";"6";"07";"2021";"18:00";"1";"35";"35306";"1";"9";"8";"1";"D7";"48,5654470000";" -1,9181010000"
"202100030467";"6";"07";"2021";"09:00";"1";"31";"31135";"2";"2";"1";"4";"126 Chemin des Vignes";"43,2276900000";"1,0832050000"
"202100030468";"27";"06";"2021";"23:25";"3";"72";"72143";"1";"1";"1";"2";"Route Departementale 304";"47,8700900000";"0,4511500000"
"202100030469";"7";"07";"2021";"11:30";"1";"72";"72166";"1";"1";"1";"7";"D357";"48,0206930000";" -0,0813470000"
"202100030470";"7";"07";"2021";"03:21";"3";"50";"50093";"1";"4";"1";"6";"Lieu Dit le Fut";"49,0796990000";" -1,3049910000"
"202100030471";"7";"07";"2021";"17:18";"1";"60";"60466";"1";"2";"1";"5";"intersection D37/D101";"49,4356500000";"2,5275850000"
"202100030472";"7";"07";"2021";"19:30";"1";"60";"60111";"1";"2";"1";"2";"N/A";"49,6314920000";"2,4505840000"
"202100030473";"7";"07";"2021";"17:50";"1";"45";"45333";"2";"1";"1";"6";"1 Rue de la Croix de Liverson";"47,9496920000";"2,0609240000"
"202100030474";"17";"06";"2021";"19:38";"1";"43";"43184";"1";"1";"1";"6";"ROUTE NATIONALE 88, PK 000+600";"45,3687450000";"4,2701200000"
"202100030475";"6";"07";"2021";"18:20";"1";"53";"53250";"2";"1";"1";"6";"Rue de Bretagne";"47,9656280000";" -1,0460110000"
"202100030476";"6";"07";"2021";"16:15";"1";"27";"27414";"1";"2";"1";"3";"le grand mesnil";"48,9219490000";"0,4446240000"
"202100030477";"25";"06";"2021";"16:20";"1";"17";"17212";"1";"3";"1";"5";"D939";"45,8350490000";" -0,2107360000"
"202100030478";"6";"07";"2021";"11:30";"1";"30";"30102";"1";"1";"2";"1";"D22, Pk26 dÃ©croissant";"43,9329770000";"4,2886000000"
"202100030479";"6";"07";"2021";"19:15";"1";"48";"48128";"1";"1";"1";"6";"D806";"44,7819873400";"3,2957696900"
"202100030480";"6";"07";"2021";"16:10";"1";"68";"68375";"2";"3";"2";"3";"75 Rue de Reiningue";"47,7974710000";"7,2318200000"
"202100030481";"7";"07";"2021";"12:00";"1";"31";"31462";"1";"1";"1";"6";"autoroute A68, pk:006.200";"43,6555460000";"1,5413050000"
"202100030482";"6";"07";"2021";"21:00";"2";"95";"95151";"1";"1";"1";"6";"D44";"49,0578530000";"2,2695780000"
"202100030483";"30";"06";"2021";"14:04";"1";"06";"06018";"1";"6";"1";"7";"Route de la Mer";"43,6178170000";"7,1118100000"
"202100030484";"7";"07";"2021";"13:45";"1";"06";"06079";"1";"1";"1";"5";"AUTOROUTE A8 K 152.200 NORD";"43,5345490000";"6,8823340000"
"202100030485";"7";"07";"2021";"17:35";"1";"17";"17271";"1";"2";"1";"3";"Intersection D950/D220";"45,9891950000";" -0,4126420000"
"202100030486";"7";"07";"2021";"22:00";"5";"974";"97418";"2";"1";"1";"6";"Rue Roger Payet";" -20,9097190000";"55,5099030000"
"202100030487";"6";"07";"2021";"19:45";"1";"34";"34183";"2";"7";"1";"2";"Place du marchÃ©";"43,2899200000";"3,1283380000"
"202100030488";"6";"07";"2021";"15:50";"1";"06";"06065";"2";"1";"1";"1";"416 Chemin des Sablieres";"43,7323150000";"7,1535150000"
"202100030489";"5";"07";"2021";"17:00";"1";"67";"67080";"1";"1";"2";"7";"D93";"48,5477860000";"7,5491060000"
"202100030490";"5";"07";"2021";"15:00";"1";"73";"73290";"1";"1";"1";"7";"D902 Col de la Madeleine";"45,2946340000";"6,9264290000"
"202100030491";"6";"07";"2021";"16:50";"1";"44";"44209";"2";"6";"8";"6";"D537";"47,3317550000";" -1,6178330000"
"202100030492";"28";"06";"2021";"20:00";"2";"38";"38377";"1";"1";"8";"6";"Avenue du Stade";"45,5773880000";"5,5072190000"
"202100030493";"7";"07";"2021";"12:00";"1";"69";"69047";"1";"2";"1";"3";"CARRIERES (DES) (RTE)";"45,9057140000";"4,6608260000"
"202100030494";"6";"07";"2021";"14:15";"1";"65";"65310";"1";"1";"1";"6";"Route de la Coume";"43,0939240000";"0,1858020000"
"202100030495";"7";"07";"2021";"17:00";"1";"49";"49301";"2";"6";"1";"3";"rue de vendÃ©e - ST MACAIRE EN MAUGES";"47,1145690000";" -0,9931040000"
"202100030496";"29";"06";"2021";"14:00";"1";"22";"22364";"1";"3";"1";"3";"D776";"48,4411103666";" -2,1019036518"
"202100030497";"7";"07";"2021";"14:40";"1";"76";"76647";"1";"1";"1";"3";"Route de Lillebonne";"49,5258070000";"0,3828800000"
"202100030498";"6";"07";"2021";"17:42";"1";"13";"13215";"1";"1";"1";"2";"A7-Sens Lyon vers Marseille";"43,3548700000";"5,3639600000"
"202100030499";"6";"07";"2021";"18:17";"1";"13";"13005";"1";"1";"1";"4";"A50 - Sens Aubagne vers Marseille";"43,2780000000";"5,5860000000"
"202100030500";"6";"07";"2021";"14:35";"1";"13";"13022";"1";"1";"1";"1";"A50-Sens Aubagne vers Toulon";"43,2270000000";"5,5830000000"
"202100030501";"6";"07";"2021";"09:00";"1";"13";"13055";"1";"1";"1";"2";"A507 sens Marseille - Aubagne";"43,2974878396";"5,4248757362"
"202100030502";"6";"07";"2021";"08:30";"1";"13";"13055";"1";"1";"1";"2";"A507 sens Marseille - Aubagne";"43,2860667101";"5,4294900969"
"202100030503";"6";"07";"2021";"08:10";"1";"13";"13071";"1";"1";"1";"3";"A7-Sens Marseille vers Lyon";"43,4040100000";"5,3019100000"
"202100030504";"5";"07";"2021";"19:25";"1";"13";"13071";"1";"1";"1";"2";"A51-Sens Aix en Provence vers Marseille";"43,4105700000";"5,3638900000"
"202100030505";"5";"07";"2021";"09:15";"1";"13";"13210";"1";"1";"1";"4";"Tunnel Prado CarÃ©nage";"43,2825843163";"5,3934502602"
"202100030506";"5";"07";"2021";"07:50";"1";"13";"13055";"1";"1";"1";"3";"A507 sens Marseille - Aubagne";"43,3297700000";"5,4045600000"
"202100030507";"1";"07";"2021";"11:10";"1";"69";"69115";"1";"1";"1";"5";"A6   427.300 A 428.640";"45,9633559654";"4,7231432467"
"202100030508";"6";"07";"2021";"00:30";"3";"69";"69294";"1";"1";"1";"2";"A7   13.970 A 15.270";"45,6313600000";"4,8186000000"
"202100030509";"6";"07";"2021";"08:50";"1";"94";"94034";"1";"1";"1";"3";"AUTOROUTE A86";"48,7583300000";"2,3260200000"
"202100030510";"6";"07";"2021";"18:15";"1";"92";"92063";"1";"1";"1";"2";"A86";"48,8901110828";"2,1699447278"
"202100030511";"6";"07";"2021";"19:30";"1";"93";"93064";"1";"1";"1";"2";"AUTOROUTE A86";"48,8745900000";"2,4791100000"
"202100030512";"6";"07";"2021";"13:00";"1";"93";"93005";"1";"1";"1";"2";"AUTOROUTE A3";"48,9306216899";"2,4812834163"
"202100030513";"6";"07";"2021";"07:50";"1";"95";"95394";"1";"1";"1";"3";"RN 184";"49,0514000000";"2,1850600000"
"202100030514";"5";"07";"2021";"19:30";"2";"95";"95218";"1";"1";"1";"3";"A15";"49,0350000000";"2,0985300000"
"202100030515";"5";"07";"2021";"17:55";"1";"93";"93006";"1";"1";"1";"3";"AUTOROUTE A3";"48,8663400000";"2,4238400000"
"202100030516";"6";"07";"2021";"14:15";"1";"94";"94052";"1";"1";"1";"4";"A86 INT";"48,8402076992";"2,4930906024"
"202100030517";"6";"07";"2021";"08:30";"1";"77";"77018";"1";"1";"1";"7";"A4";"48,8385600000";"2,8169500000"
"202100030518";"29";"06";"2021";"15:35";"1";"86";"86066";"2";"1";"1";"6";"Boulevard de Blossac";"46,8162700000";"0,5449400000"
"202100030519";"5";"07";"2021";"16:05";"1";"69";"69266";"2";"1";"1";"6";"LEON BLUM (R)";"45,7605700000";"4,9046600000"
"202100030520";"1";"07";"2021";"12:20";"1";"59";"59350";"2";"1";"1";"6";"HUGO VICTOR RUE";"50,6320500000";"3,0071300000"
"202100030521";"9";"06";"2021";"15:00";"1";"62";"62842";"1";"1";"1";"6";"CENTRE COMMERCIAL CORA";"50,4614340000";"2,8257560000"
"202100030522";"5";"05";"2021";"18:25";"1";"30";"30189";"2";"1";"1";"6";"ARTS (AVENUE)";"43,8446000000";"4,3475000000"
"202100030523";"4";"07";"2021";"15:59";"1";"988";"98818";"2";"1";"1";"6";"RUE TARAGNAT";" -22,2714000000";"166,4526000000"
"202100030524";"5";"07";"2021";"17:45";"5";"974";"97416";"1";"1";"1";"2";"MITTERAND (AVENUE DU PDT)";" -21,3445660000";"55,4843110000"
"202100030525";"9";"03";"2021";"23:10";"5";"973";"97302";"2";"2";"1";"3";"MANDELA  (BOULEVARD)";"4,9399475833";" -52,3266363056"
"202100030526";"5";"07";"2021";"17:25";"1";"69";"69387";"2";"1";"1";"3";"ARTILLERIE (DE L') (BD)";"45,7314209857";"4,8422997752"
"202100030527";"5";"07";"2021";"00:15";"3";"972";"97213";"1";"1";"8";"2";"AUTOROUTE A1";"14,6181013193";" -61,0340523720"
"202100030528";"5";"07";"2021";"17:20";"1";"69";"69389";"2";"1";"1";"6";"CHATEAU DE LA DUCHERE (DU) (R)";"45,7801258088";"4,7936465442"
"202100030529";"5";"07";"2021";"08:35";"1";"69";"69382";"2";"9";"8";"3";"DOCTEUR GAILLETON (DU) (Q)";"45,7514000000";"4,8325000000"
"202100030530";"5";"07";"2021";"00:15";"5";"69";"69382";"2";"1";"1";"2";"TILSITT (Q)";"45,7570200000";"4,8271200000"
"202100030531";"5";"07";"2021";"17:30";"1";"91";"91692";"1";"3";"1";"3";"HERMITAGE (RUE DE L')";"48,6818100000";"2,1896700000"
"202100030532";"3";"07";"2021";"12:35";"1";"87";"87085";"1";"1";"1";"4";"RN520";"45,8908700000";"1,2784700000"
"202100030533";"3";"06";"2021";"17:40";"2";"85";"85194";"2";"7";"1";"3";"COTY (AVENUE RENE)";"46,4914000000";" -1,7569800000"
"202100030534";"5";"07";"2021";"13:40";"1";"82";"82121";"1";"1";"1";"6";"AUTOROUTE A20";"44,0524815174";"1,4101646841"
"202100030535";"2";"07";"2021";"21:28";"2";"80";"80021";"2";"1";"1";"7";"ALPHONSE FIQUET (PLACE)";"49,8906000000";"2,3062500000"
"202100030536";"2";"07";"2021";"12:40";"1";"78";"78551";"1";"1";"1";"2";"RN 184";"48,9834800000";"2,0853500000"
"202100030537";"5";"07";"2021";"08:20";"1";"76";"76575";"2";"1";"2";"1";"Z.A. DU MADRILLET";"49,3822000000";"1,0735100000"
"202100030538";"3";"07";"2021";"19:30";"1";"76";"76351";"2";"1";"2";"1";"VAL AUX CORNEILLES (AVENUE DU)Â°";"49,5091500000";"0,1490500000"
"202100030539";"3";"07";"2021";"16:30";"1";"76";"76341";"1";"1";"1";"4";"D6382";"49,5090307430";"0,1976645784"
"202100030540";"30";"06";"2021";"13:20";"1";"73";"73065";"2";"3";"1";"3";"AIX LES BAINS (AVENUE)";"45,5829100000";"5,9243800000"
"202100030541";"5";"07";"2021";"06:40";"1";"71";"71540";"1";"1";"2";"7";"D290";"46,7710162908";"4,4713549057"
"202100030542";"4";"07";"2021";"11:55";"1";"71";"71059";"2";"1";"1";"3";"Bois Labert";"46,7780100000";"4,4752100000"
"202100030543";"3";"07";"2021";"11:10";"1";"67";"67482";"2";"1";"1";"2";"HOCHFELDEN (RUE DE)";"48,6019480000";"7,7225280000"
"202100030544";"2";"07";"2021";"15:45";"1";"67";"67482";"2";"3";"1";"3";"GEORGES WODLI (RUE)";"48,5902060000";"7,7349270000"
"202100030545";"2";"07";"2021";"13:50";"1";"67";"67482";"2";"1";"1";"6";"SCHIRMECK (ROUTE DE)";"48,5733020000";"7,7188170000"
"202100030546";"5";"07";"2021";"20:30";"1";"64";"64445";"2";"1";"7";"3";"FOUCHET";"43,3136700000";" -0,3718900000"
"202100030547";"5";"07";"2021";"07:43";"1";"64";"64445";"2";"3";"7";"2";"LEON BLUM";"43,3143300000";" -0,3332300000"
"202100030548";"5";"07";"2021";"13:40";"1";"64";"64102";"2";"1";"1";"2";"MARINES (AVENUE DES ALLEES)";"43,4996200000";" -1,4898600000"
"202100030549";"4";"07";"2021";"03:40";"5";"64";"64102";"2";"1";"1";"1";"ARITXAGUE (BD D')";"43,4902800000";" -1,4934100000"
"202100030550";"4";"07";"2021";"14:17";"1";"63";"63113";"2";"1";"1";"6";"REPUBLIQUE (AVENUE DE LA)";"45,7824400000";"3,0957500000"
"202100030551";"4";"07";"2021";"03:00";"5";"63";"63113";"2";"2";"1";"3";"FLAUBERT (BD GUSTAVE)";"45,7642300000";"3,1254900000"
"202100030552";"5";"07";"2021";"21:10";"2";"60";"60175";"2";"1";"8";"6";"Rue dâHerbeval";"49,2523443636";"2,4733064620"
"202100030553";"2";"07";"2021";"15:40";"1";"59";"59153";"2";"6";"1";"3";"RUE DU CHAMP DE MARS";"50,4530531490";"3,5889263538"
"202100030554";"5";"07";"2021";"19:50";"1";"59";"59378";"2";"1";"2";"6";"REPUBLIQUE AV DE LA (NÂ°512-832)";"50,6520600000";"3,0824400000"
"202100030555";"1";"06";"2021";"17:20";"1";"59";"59350";"2";"1";"1";"6";"PIVOINES RUE";"50,6116390000";"3,0417360000"
"202100030556";"1";"07";"2021";"15:50";"1";"59";"59122";"2";"3";"1";"3";"NICE (RUE DE)";"50,1766510000";"3,2344920000"
"202100030557";"5";"07";"2021";"11:32";"1";"54";"54431";"2";"1";"1";"6";"IMAGERIE (RUE DE L')";"48,9049700000";"6,0595900000"
"202100030558";"5";"07";"2021";"17:40";"1";"54";"54159";"1";"2";"1";"6";"Chemin des sables";"48,6025500000";"6,3616400000"
"202100030559";"16";"06";"2021";"17:00";"1";"54";"54342";"2";"3";"1";"6";"RUE JOFFRE";"49,2826400000";"5,8966300000"
"202100030560";"4";"07";"2021";"04:20";"5";"50";"50129";"2";"3";"2";"6";"REIBELL (AVENUE)";"49,6388500000";" -1,6177900000"
"202100030561";"2";"07";"2021";"16:30";"1";"50";"50203";"2";"1";"1";"4";"Les Rouges Terres";"49,6097400000";" -1,6001800000"
"202100030562";"2";"07";"2021";"08:20";"1";"49";"49328";"2";"6";"1";"3";"RESISTANCE (PLACE DE LA) N 147";"47,2670950000";" -0,0696980000"
"202100030563";"5";"07";"2021";"12:30";"1";"42";"42218";"2";"1";"1";"6";"Cours Fauriel";"45,4249922662";"4,4067192077"
"202100030564";"5";"07";"2021";"08:00";"1";"37";"37233";"2";"1";"2";"7";"DUCLOS (AVENUE JACQUES)";"47,3811074508";"0,7348997891"
"202100030565";"3";"07";"2021";"21:45";"2";"37";"37122";"2";"9";"1";"6";"RD 37";"47,3670829084";"0,6536141038"
"202100030566";"5";"07";"2021";"14:50";"1";"35";"35278";"2";"6";"2";"6";"ROBIQUETTE (ROND POINT DE LA)";"48,1349500000";" -1,6934100000"
"202100030567";"5";"07";"2021";"14:50";"1";"33";"33063";"2";"1";"1";"3";"Boulevard MarÃ©chal Leclerc";"44,8305510000";" -0,5970160000"