"Num_Acc";"jour";"mois";"an";"hrmn";"lum";"dep";"com";"agg";"int";"atm";"col";"adr";"lat";"long"
"202100030568";"5";"07";"2021";"22:00";"2";"33";"33529";"2";"1";"1";"3";"Boulevard de lâOcean";"44,6347970000";" -1,2024160000"
"202100030569";"5";"07";"2021";"08:00";"1";"31";"31555";"2";"6";"1";"3";"BD DE THIBAUD";"43,5543100000";"1,4049400000"
"202100030570";"5";"07";"2021";"18:45";"1";"31";"31483";"2";"1";"1";"3";"FRANCE ANATOLE (RUE)";"43,1149200000";"0,7048500000"
"202100030571";"30";"06";"2021";"15:45";"1";"30";"30189";"2";"1";"1";"5";"FRANCAIS LIBRES (BD)";"43,8411000000";"4,3189000000"
"202100030572";"28";"06";"2021";"14:30";"1";"30";"30189";"2";"2";"1";"6";"SAUVE (RUE)";"43,8379000000";"4,3501000000"
"202100030573";"5";"07";"2021";"01:05";"5";"27";"27681";"2";"4";"1";"6";"DE LATTRE DE TASSIGNY (AVENUE DU MAL)";"49,0852400000";"1,4627100000"
"202100030574";"29";"06";"2021";"10:08";"1";"27";"27229";"2";"9";"2";"6";"CORBEAU (RUE CHARLES)";"49,0243600000";"1,1500000000"
"202100030575";"5";"07";"2021";"11:47";"1";"24";"24037";"2";"1";"2";"6";"ROUX (RUE DOCTEUR)";"44,8616300000";"0,4967100000"
"202100030576";"4";"07";"2021";"09:05";"1";"19";"19272";"2";"1";"2";"6";"Champeau (Lieu dit)";"45,2652690015";"1,7719702719"
"202100030577";"25";"06";"2021";"22:20";"3";"19";"19031";"2";"2";"1";"3";"THIERS (AVENUE)";"45,1575500000";"1,5403600000"
"202100030578";"5";"07";"2021";"23:09";"5";"17";"17306";"2";"1";"1";"6";"HEDDE (AVENUE DANIEL)";"45,6318100000";" -1,0318600000"
"202100030579";"5";"07";"2021";"16:47";"1";"17";"17306";"2";"2";"1";"6";"LOTI PIERRE";"45,6245510000";" -1,0296050000"
"202100030580";"5";"07";"2021";"18:05";"1";"14";"14118";"2";"1";"2";"6";"Avenue PÃ¨re Charles de Foucauld";"49,1613600000";" -0,3619900000"
"202100030581";"5";"07";"2021";"15:20";"1";"13";"13106";"2";"1";"1";"1";"VICTOR ROMAN (AVENUE)";"43,3926400000";"5,3714200000"
"202100030582";"5";"07";"2021";"22:40";"5";"13";"13207";"2";"1";"1";"3";"Corniche John FitzgÃ©rald Kennedy";"43,2810500000";"5,3516000000"
"202100030583";"5";"07";"2021";"15:30";"1";"13";"13212";"2";"1";"1";"3";"SAINT JEAN DU DESERT (chemin)";"43,2939620506";"5,4112510763"
"202100030584";"5";"07";"2021";"14:25";"1";"13";"13208";"2";"1";"1";"3";"PRADO (AVENUE DU)";"43,2750000000";"5,3910000000"
"202100030585";"3";"07";"2021";"23:30";"3";"13";"13005";"2";"9";"1";"6";"NATIONALE 8 DE PARIS A TOULON (ROUTE)";"43,2870400000";"5,5844000000"
"202100030586";"4";"07";"2021";"20:15";"1";"10";"10362";"2";"1";"1";"6";"GABRIEL THIERRY (RUE)";"48,2985900000";"4,0446000000"
"202100030587";"5";"07";"2021";"09:15";"1";"09";"09225";"1";"1";"1";"6";"Route dâEscosse";"43,1292090000";"1,6040190000"
"202100030588";"5";"07";"2021";"00:55";"3";"09";"09225";"1";"1";"1";"2";"ROUTE NATIONALE 20 (VOIE RAPIDE)";"43,1009280000";"1,6330150000"
"202100030589";"1";"07";"2021";"16:45";"1";"09";"09013";"1";"1";"1";"4";"20 (R.N.) COTE NORD DU TUNNEL";"42,9808490000";"1,6232200000"
"202100030590";"2";"07";"2021";"11:50";"1";"06";"06027";"2";"1";"1";"3";"PLAGE BOULEVARD DE LA";"43,6515070000";"7,1531510000"
"202100030591";"4";"07";"2021";"21:45";"2";"05";"05061";"2";"6";"1";"6";"Bernard GIVAUDAN (Avenue) D900B";"44,5431700000";"6,0650900000"
"202100030592";"3";"07";"2021";"10:40";"1";"05";"05061";"2";"1";"1";"3";"MARECHAL FOCH ( AVENUE DU )";"44,5639800000";"6,0887500000"
"202100030593";"5";"07";"2021";"19:05";"1";"01";"01053";"2";"2";"1";"3";"MAGINOT ( AVENUE) COTE PAIR";"46,2098300000";"5,2273400000"
"202100030594";"5";"07";"2021";"21:35";"5";"75";"75120";"2";"2";"1";"2";"RUE DE BELLEVILLE";"48,8728520000";"2,3798510000"
"202100030595";"5";"07";"2021";"12:40";"1";"75";"75118";"2";"2";"1";"2";"RUE DE CLIGNANCOURT";"48,8917160000";"2,3487300000"
"202100030596";"5";"07";"2021";"01:46";"5";"75";"75118";"2";"2";"2";"6";"RUE DU SIMPLON";"48,8935970000";"2,3510170000"
"202100030597";"4";"07";"2021";"13:15";"1";"75";"75118";"2";"2";"2";"3";"RUE DE LA CHAPELLE";"48,8985320000";"2,3593840000"
"202100030598";"5";"07";"2021";"15:10";"1";"75";"75116";"2";"3";"1";"3";"ALLEE DU BORD DE L EAU";"48,8533500000";"2,2264240000"
"202100030599";"5";"07";"2021";"14:45";"1";"75";"75111";"2";"1";"1";"3";"BOULEVARD VOLTAIRE";"48,8648360000";"2,3683120000"
"202100030600";"5";"07";"2021";"14:05";"1";"75";"75103";"2";"3";"1";"3";"RUE REAUMUR";"48,8649900000";"2,3582640000"
"202100030601";"5";"07";"2021";"10:10";"1";"75";"75104";"2";"2";"1";"2";"BOULEVARD HENRI IV";"48,8508250000";"2,3614280000"
"202100030602";"5";"07";"2021";"14:45";"1";"94";"94068";"2";"1";"1";"6";"Avenue Raspail";"48,7858494742";"2,4917292595"
"202100030603";"5";"07";"2021";"20:39";"1";"94";"94046";"2";"9";"1";"6";"JEAN JAURES (R)";"48,7949252045";"2,4337935448"
"202100030604";"5";"07";"2021";"13:00";"1";"94";"94073";"2";"2";"1";"3";"ESPAGNE (RPT D)";"48,7543000000";"2,3751000000"
"202100030605";"5";"07";"2021";"00:40";"5";"94";"94017";"2";"1";"9";"2";"GENERAL DE GAULLE (AV DU)";"48,8237400000";"2,4961300000"
"202100030606";"5";"07";"2021";"07:45";"1";"93";"93066";"1";"1";"2";"2";"LAMAZE DOCTEUR";"48,9358200000";"2,3721900000"
"202100030607";"5";"07";"2021";"17:50";"1";"93";"93064";"2";"1";"1";"6";"REPUBLIQUE (AVENUE DE LA)";"48,8674400000";"2,4846100000"
"202100030608";"5";"07";"2021";"00:50";"5";"93";"93008";"2";"6";"1";"6";"BALZAC (RUE)";"48,9134700000";"2,4164600000"
"202100030609";"5";"07";"2021";"02:50";"5";"93";"93007";"2";"6";"2";"3";"PABLO NERUDA (ROND-POINT)";"48,9501534941";"2,4666824456"
"202100030610";"1";"07";"2021";"18:15";"1";"92";"92063";"2";"1";"1";"2";"COLMAR (AVENUE DE)";"48,8875657687";"2,1849247813"
"202100030611";"5";"07";"2021";"20:10";"1";"92";"92049";"2";"1";"8";"6";"BRIAND AVENUE ARISTIDE NÂ°2 A 114";"48,8180912327";"2,3254618049"
"202100030612";"19";"03";"2021";"18:15";"1";"14";"14570";"1";"1";"1";"1";"Route du Val Andrieu";"49,0934130000";"0,3363200000"
"202100030613";"8";"03";"2021";"19:08";"5";"14";"14384";"2";"1";"1";"2";"Avenue Lecuyer";"49,3207690000";" -0,3592770000"
"202100030614";"2";"07";"2021";"18:00";"1";"13";"13212";"2";"1";"1";"3";"LA FOURRAGERE (AVENUE)";"43,2987000000";"5,4310800000"
"202100030615";"5";"07";"2021";"17:30";"1";"92";"92004";"2";"1";"1";"6";"ARGENTEUIL AV D'";"48,9166157918";"2,2821334004"
"202100030616";"6";"07";"2021";"11:20";"1";"07";"07005";"1";"1";"1";"2";"D107";"44,5577490000";"4,6025900000"
"202100030617";"5";"07";"2021";"23:05";"3";"972";"97204";"1";"1";"1";"1";"N2";"14,6854810000";" -61,1656090000"
"202100030618";"5";"07";"2021";"09:10";"1";"46";"46263";"1";"1";"1";"6";"lieu ventaurel SAINT DAUNES";"44,3621510000";"1,2281510000"
"202100030619";"5";"07";"2021";"09:50";"1";"01";"01446";"1";"2";"1";"5";"Chemin de Chanteins";"46,0303720000";"4,8863200000"
"202100030620";"5";"07";"2021";"10:29";"1";"68";"68144";"2";"1";"3";"6";"13 Rue Principale";"47,7603190000";"7,5042040000"
"202100030621";"3";"07";"2021";"10:50";"1";"62";"62491";"2";"2";"1";"6";"Rue du GÃ©nÃ©ral de Gaulle";"50,6281380000";"2,7715340000"
"202100030622";"15";"06";"2021";"22:15";"5";"62";"62736";"2";"1";"1";"3";"1173 Rue de la Lys";"50,6585440000";"2,7708630000"
"202100030623";"6";"07";"2021";"11:15";"1";"62";"62230";"1";"1";"6";"7";"route nationale 42";"50,7420090000";"1,8339280000"
"202100030624";"5";"07";"2021";"14:45";"1";"51";"51454";"1";"1";"1";"7";"A34";"49,2535490000";"4,0845970000"
"202100030625";"5";"07";"2021";"20:45";"1";"19";"19005";"1";"1";"1";"3";"Carrefour D 34 - Route de gauch";"45,2570535736";"1,4874190593"
"202100030626";"5";"07";"2021";"23:24";"5";"79";"79195";"2";"6";"8";"6";"44 Avenue Saint-Hubert";"46,9465910000";" -0,5941230000"
"202100030627";"6";"07";"2021";"16:00";"1";"81";"81062";"1";"1";"1";"6";"Lieu Dit la Font frÃ¨ge";"43,6808420000";"2,4756520000"
"202100030628";"5";"07";"2021";"08:20";"1";"89";"89254";"1";"1";"2";"1";"D965";"47,7099930000";"3,2007120000"
"202100030629";"5";"07";"2021";"21:10";"1";"63";"63453";"1";"8";"1";"7";"D10";"45,7833350000";"3,3080760000"
"202100030630";"16";"06";"2021";"07:10";"1";"63";"63334";"1";"1";"1";"1";"D997";"45,6667180000";"3,4854390000"
"202100030631";"6";"07";"2021";"12:15";"1";"61";"61096";"1";"3";"1";"3";"Lieu Dit la Hubaudiere";"48,5441460000";" -0,4006790000"
"202100030632";"3";"07";"2021";"23:30";"3";"61";"61070";"1";"1";"1";"7";"Le Vieux Caligny";"48,8155260000";" -0,6218000000"
"202100030633";"6";"07";"2021";"08:10";"1";"49";"49374";"1";"4";"1";"3";"Route de Tours";"47,2513810000";" -0,0261680000"
"202100030634";"6";"07";"2021";"18:00";"1";"12";"12025";"1";"1";"1";"6";"RD117";"43,8434340000";"2,7334070000"
"202100030635";"5";"07";"2021";"18:20";"1";"47";"47030";"1";"1";"1";"6";"D224";"44,2888070000";"0,8706240000"
"202100030636";"5";"07";"2021";"19:30";"1";"35";"35302";"1";"1";"3";"1";"D125";"48,1882530000";" -2,1695850000"
"202100030637";"5";"07";"2021";"00:20";"3";"34";"34154";"1";"1";"1";"2";"D62";"43,5545320000";"4,0075530000"
"202100030638";"5";"07";"2021";"18:30";"1";"31";"31174";"2";"1";"1";"2";"Pujos";"43,0331920000";"0,8212170000"
"202100030639";"5";"07";"2021";"13:30";"1";"38";"38130";"1";"1";"1";"1";"Route de la Gare";"45,3663100000";"5,2640360000"
"202100030640";"2";"07";"2021";"18:00";"1";"02";"02452";"1";"1";"1";"1";"D735";"49,8863850000";"3,1933900000"
"202100030641";"20";"06";"2021";"17:35";"1";"01";"01368";"1";"3";"2";"6";"D2";"46,1947120000";"4,9540720000"
"202100030642";"1";"07";"2021";"12:15";"1";"70";"70421";"2";"1";"1";"7";"17 rue de l'Ã©glise";"47,6904030000";"6,0432420000"
"202100030643";"5";"07";"2021";"09:30";"1";"14";"14514";"2";"1";"1";"4";"D579";"49,2972720000";"0,1877360000"
"202100030644";"6";"07";"2021";"07:30";"2";"64";"64066";"1";"1";"2";"1";"D918";"43,2044130000";" -1,2738880000"
"202100030645";"5";"07";"2021";"16:35";"1";"10";"10104";"1";"1";"1";"1";"D444";"48,1496530000";"4,1278550000"
"202100030646";"5";"07";"2021";"16:30";"1";"36";"36088";"2";"7";"1";"6";"Rue Louis Aragon";"46,9543340000";"1,9989430000"
"202100030647";"5";"07";"2021";"18:15";"1";"21";"21489";"1";"1";"1";"6";"D901";"47,5962740000";"4,7721380000"
"202100030648";"4";"06";"2021";"19:50";"3";"978";"97801";"2";"1";"1";"1";"route nationale 7, baie orientale";"18,0879890000";" -63,0284570000"
"202100030649";"5";"07";"2021";"16:05";"1";"13";"13051";"1";"1";"1";"1";"Route Departementale 10";"43,5449030000";"5,1368040000"
"202100030650";"6";"07";"2021";"10:17";"1";"973";"97309";"2";"1";"1";"6";"Route de Remire (rd2)";"4,9081260000";" -52,2727880000"
"202100030651";"29";"06";"2021";"00:00";"3";"42";"42279";"1";"1";"8";"4";"D498";"45,5180270000";"4,2697070000"
"202100030652";"5";"07";"2021";"17:30";"1";"06";"06027";"1";"1";"1";"4";"A8 Sortie 48 PK 181.238 Nord";"43,6603900000";"7,1511980000"
"202100030653";"3";"07";"2021";"16:30";"1";"976";"97606";"1";"1";"1";"2";"D4";" -12,9351200000";"45,1267240000"
"202100030654";"5";"07";"2021";"14:30";"1";"57";"57596";"1";"1";"1";"3";"A320";"49,1626380000";"6,8590310000"
"202100030655";"5";"07";"2021";"22:25";"3";"34";"34143";"1";"1";"1";"2";"a9";"43,4654340000";"3,6332990000"
"202100030656";"1";"07";"2021";"00:30";"3";"69";"69206";"1";"1";"1";"5";"A6";"46,0427060000";"4,7270180000"
"202100030657";"2";"07";"2021";"18:05";"1";"13";"13001";"1";"1";"1";"3";"autoroute A8 point kilomÃ©trique 15+790 sens nord/sud";"43,5276730000";"5,4002950000"
"202100030658";"5";"07";"2021";"13:40";"1";"974";"97417";"2";"1";"1";"3";"63 Route Nationale 2 Basse Vallee";" -21,3709720000";"55,7125120000"
"202100030659";"5";"07";"2021";"15:05";"1";"974";"97415";"2";"1";"1";"6";"Rue du GÃ©nÃ©ral de Gaulle";" -21,0514170000";"55,2257020000"
"202100030660";"6";"07";"2021";"16:30";"1";"2B";"2B298";"2";"1";"1";"1";"RD 81 Ã  proximitÃ© du garage PEUGEOT";"42,6775450000";"9,3028070000"
"202100030661";"6";"07";"2021";"06:05";"2";"2A";"2A247";"1";"1";"1";"7";"Route de Piccovaggia";"41,5931400000";"9,3152260000"
"202100030662";"4";"07";"2021";"12:40";"1";"83";"83068";"1";"1";"1";"2";"323 Route du Littoral";"43,2703230000";"6,5731860000"
"202100030663";"6";"07";"2021";"11:00";"1";"71";"71283";"1";"1";"2";"3";"D6";"46,7108430000";"4,9315500000"
"202100030664";"5";"07";"2021";"21:15";"2";"55";"55366";"1";"1";"1";"3";"D35";"48,8148330000";"5,1115610000"
"202100030665";"6";"07";"2021";"15:30";"1";"03";"03235";"1";"3";"8";"3";"Le Pont de Pierre";"46,2723870000";"3,5073100000"
"202100030666";"4";"07";"2021";"09:00";"1";"73";"73047";"1";"1";"8";"7";"D902 Col de l'Iseran (Col de montagne)";"45,3925740000";"7,0453050000"
"202100030667";"5";"07";"2021";"18:55";"1";"81";"81105";"2";"1";"7";"6";"30 Avenue Gambetta";"43,7601150000";"1,9880000000"
"202100030668";"6";"07";"2021";"14:58";"1";"33";"33341";"1";"1";"1";"3";"N/A";"45,0724830000";" -0,5116140000"
"202100030669";"5";"07";"2021";"16:30";"1";"49";"49301";"1";"1";"1";"2";"RN 249 - PK 16+700 - SAINT ANDRE DE LA MARCHE";"47,0910900000";" -0,9973530000"
"202100030670";"5";"07";"2021";"18:00";"1";"49";"49023";"1";"1";"1";"6";"Rue du Commerce (andrezÃ©)";"47,1787310000";" -0,9627790000"
"202100030671";"4";"07";"2021";"10:15";"1";"22";"22070";"2";"1";"1";"7";"rue du marÃ©chal joffre";"48,5638110000";" -3,1519980000"
"202100030672";"5";"07";"2021";"17:00";"1";"13";"13215";"1";"1";"1";"7";"A7-Sens Marseille vers Lyon";"43,3752800000";"5,3605400000"
"202100030673";"27";"06";"2021";"06:40";"1";"69";"69029";"1";"1";"1";"2";"D383   7.640 A 11.044";"45,7396200000";"4,9048100000"
"202100030674";"30";"06";"2021";"15:30";"1";"42";"42218";"1";"1";"1";"2";"A72";"45,4489600000";"4,4222400000"
"202100030675";"5";"07";"2021";"16:55";"1";"33";"33039";"1";"1";"1";"4";"ROUTE NATIONALE 230";"44,8056880000";" -0,5303340000"
"202100030676";"4";"07";"2021";"12:10";"1";"33";"33096";"1";"1";"3";"2";"AUTOROUTE A10";"44,8908880000";" -0,5024310000"
"202100030677";"5";"07";"2021";"21:59";"3";"91";"91521";"1";"1";"1";"6";"RN 104";"48,6322400000";"2,4011300000"
"202100030678";"5";"07";"2021";"08:40";"1";"91";"91432";"1";"1";"2";"2";"AUTOROUTE A6";"48,6908200000";"2,3224100000"
"202100030679";"5";"07";"2021";"06:20";"1";"94";"94021";"1";"1";"3";"6";"AUTOROUTE A6A";"48,7637200000";"2,3418500000"
"202100030680";"4";"07";"2021";"01:05";"3";"78";"78208";"1";"1";"1";"2";"RN12 EXT";"48,7995000000";"1,9852000000"
"202100030681";"5";"07";"2021";"18:45";"1";"93";"93066";"1";"1";"1";"3";"AUTOROUTE A86";"48,9218358415";"2,3654904640"
"202100030682";"5";"07";"2021";"08:40";"1";"95";"95682";"1";"1";"2";"2";"RN 104";"49,0682700000";"2,3857300000"
"202100030683";"5";"07";"2021";"04:40";"3";"95";"95604";"1";"1";"2";"4";"A1";"49,1017200000";"2,5506600000"
"202100030684";"5";"07";"2021";"03:30";"3";"95";"95604";"1";"1";"2";"6";" A1";"49,1035470000";"2,5510390000"
"202100030685";"4";"07";"2021";"23:30";"3";"93";"93078";"1";"1";"2";"6";"AUTOROUTE A104";"48,9582300000";"2,5301300000"
"202100030686";"19";"04";"2021";"16:00";"1";"62";"62457";"2";"1";"1";"2";"GALLIENI (RUE DU MARECHAL)";"50,4607720000";"2,5525400000"
"202100030687";"8";"01";"2021";"06:50";"3";"91";"91547";"1";"1";"9";"7";"Rue du Bois de MÃ©robert";"48,4243020000";"1,9633770000"
"202100030688";"16";"01";"2021";"13:00";"1";"91";"91103";"1";"1";"4";"7";"DEVI DU CD 19";"48,5783400000";"2,2988600000"
"202100030689";"3";"07";"2021";"15:50";"1";"976";"97611";"2";"1";"1";"6";"tsoundzou-KwalÃ© ( route de )";" -12,8085000000";"45,2038900000"
"202100030690";"30";"06";"2021";"05:05";"5";"971";"97105";"2";"9";"2";"6";"Parking cora Desmarais";"16,0002033431";" -61,7192709446"
"202100030691";"30";"06";"2021";"13:10";"1";"91";"91345";"2";"1";"1";"6";"RUE MICHEL DE GAILLARD";"48,6982100000";"2,2904600000"
"202100030692";"30";"06";"2021";"18:30";"1";"83";"83090";"2";"1";"1";"6";"GARE (ROUTE DE LA)";"43,1230900000";"5,8283300000"
"202100030693";"9";"03";"2021";"15:30";"1";"83";"83137";"2";"1";"1";"6";"15EME CORPS (AVE DU)";"43,1285490000";"5,9128090000"
"202100030694";"30";"01";"2021";"07:50";"1";"972";"97213";"1";"1";"1";"3";"ROUTE DEPARTEMENTALE 3";"14,6485900000";" -60,9888100000"
"202100030695";"26";"03";"2021";"18:37";"2";"83";"83062";"1";"1";"1";"3";"ROUTE NATIONALE 97";"43,1499300000";"6,0326800000"
"202100030696";"11";"03";"2021";"16:20";"1";"83";"83137";"2";"1";"1";"3";"SAINT ROCH (AVE)";"43,1297700000";"5,9205400000"
"202100030697";"10";"03";"2021";"08:55";"1";"74";"74012";"2";"1";"1";"3";"FLORISSANT (AVENUE)";"46,1949000000";"6,2442000000"
"202100030698";"20";"03";"2021";"15:15";"1";"61";"61169";"1";"1";"1";"2";"DROULIS (LES)";"48,7280800000";" -0,6125100000"
"202100030699";"20";"03";"2021";"17:45";"1";"26";"26058";"2";"1";"1";"6";"MOULIN RUE JEAN";"44,9480200000";"4,8974500000"
"202100030700";"27";"03";"2021";"14:10";"1";"81";"81306";"1";"1";"1";"1";"Moulin de Boussac";"44,0429870000";"2,2460550000"
"202100030701";"23";"03";"2021";"15:30";"1";"01";"01351";"2";"1";"1";"3";"Rue de la Bresse";"46,1487370000";"4,8654410000"
"202100030702";"9";"03";"2021";"16:45";"1";"70";"70329";"1";"2";"2";"3";"N19";"47,7361509849";"5,7988568544"
"202100030703";"17";"03";"2021";"19:45";"4";"01";"01043";"2";"8";"1";"1";"Chemin des Baterses";"45,8296156768";"4,9875006080"
"202100030704";"3";"07";"2021";"01:35";"5";"988";"98818";"2";"3";"1";"2";"RUE JACQUES IEKAWE/RUE MAX MEYER";" -22,2228500000";"166,4812800000"
"202100030705";"1";"07";"2021";"19:50";"5";"988";"98818";"2";"1";"2";"1";"RUE JACQUES IEKAWE";" -22,2239700000";"166,4810700000"
"202100030706";"1";"07";"2021";"09:40";"1";"988";"98818";"2";"2";"1";"3";"AVENUE DU MARECHAL FOCH/AVENUE DE LA VICTOIRE H. LAFLEUR";" -22,2743500000";"166,4428300000"
"202100030707";"29";"06";"2021";"13:20";"1";"988";"98818";"2";"1";"8";"5";"VOIE DE DEGAGEMENT EST";" -22,2801400000";"166,4656400000"
"202100030708";"1";"07";"2021";"22:25";"5";"987";"98735";"2";"1";"1";"6";"PRINCE HINOI (AVENUE)";" -17,5343500000";" -149,5619800000"
"202100030709";"4";"07";"2021";"19:20";"3";"976";"97611";"2";"1";"1";"7";"kaweni-Kaweni nord ( Z I )";" -12,7758600000";"45,2264700000"
"202100030710";"2";"07";"2021";"17:10";"1";"976";"97611";"1";"1";"1";"3";"mamoudzou centre-Rassi Boina KaÃ¯m (rue)";" -12,7759700000";"45,2304700000"
"202100030711";"1";"07";"2021";"14:00";"1";"976";"97610";"2";"1";"1";"3";"Hauts Vallons - Majicavo ( rue des)";" -12,7550400000";"45,2328300000"
"202100030712";"30";"06";"2021";"18:40";"5";"976";"97611";"2";"1";"1";"1";"kaweni-Europe (avenue)";" -12,7714400000";"45,2245300000"
"202100030713";"3";"07";"2021";"16:55";"1";"974";"97416";"1";"1";"1";"7";"TERRE DES CHENES (CHEMIN)";" -21,3187800000";"55,5505100000"
"202100030714";"1";"07";"2021";"16:55";"1";"974";"97416";"1";"1";"1";"1";"LENORMAND(CHEMIN)";" -21,2797500000";"55,4713300000"
"202100030715";"1";"07";"2021";"15:00";"1";"974";"97416";"1";"1";"1";"2";"RN1 (ROUTE NATIONALE)";" -21,3010300000";"55,4245500000"
"202100030716";"29";"06";"2021";"17:20";"1";"974";"97416";"1";"1";"9";"3";"POUDRIERE(RUE DE LA)";" -21,3346656861";"55,4565757513"
"202100030717";"2";"07";"2021";"23:30";"5";"974";"97411";"2";"1";"1";"1";"JAURES (BLD 2 JEAN)";" -20,9026100000";"55,5005600000"
"202100030718";"1";"07";"2021";"17:10";"1";"974";"97411";"2";"2";"1";"3";"JAURES (BOULEVARD JEAN)";" -20,8884300000";"55,4472900000"
"202100030719";"1";"07";"2021";"16:10";"1";"974";"97411";"2";"1";"1";"3";"GARE ROUTIERE (DE LA)";" -20,8756500000";"55,4555500000"
"202100030720";"30";"06";"2021";"01:10";"5";"974";"97411";"2";"9";"1";"6";"JAURES (BOULEVARD JEAN)";" -20,8907200000";"55,4657100000"
"202100030721";"29";"06";"2021";"14:40";"1";"974";"97411";"2";"2";"1";"3";"ROSTAND (RUE EDMOND)";" -20,8867400000";"55,4678100000"
"202100030722";"28";"06";"2021";"13:00";"1";"974";"97411";"2";"2";"1";"3";"AUBER (RUE JULES)";" -20,8837200000";"55,4546800000"
"202100030723";"28";"06";"2021";"10:30";"1";"974";"97411";"2";"2";"1";"3";"JAURES (BOULEVARD JEAN)";" -20,8884000000";"55,4464300000"
"202100030724";"2";"07";"2021";"15:45";"1";"974";"97407";"2";"2";"1";"3";"SANS SOUCIS(RUE)";" -20,9491800000";"55,2939300000"
"202100030725";"28";"06";"2021";"05:35";"3";"974";"97407";"2";"1";"1";"6";"ROND POINT DE LA GLACIERE";" -20,9332800000";"55,2920800000"
"202100030726";"29";"06";"2021";"15:20";"1";"974";"97407";"2";"9";"1";"3";"SACRE COEUR (RD POINT) -RIV. DES GALETS ";" -20,9552800000";"55,3116900000"
"202100030727";"29";"06";"2021";"07:55";"1";"974";"97407";"2";"9";"1";"3";"ROMERO(AVENUE)";" -20,9456600000";"55,2980200000"
"202100030728";"4";"07";"2021";"20:45";"5";"973";"97302";"2";"9";"1";"2";"MADELEINE (ROUTE DE LA)";"4,9177428746";" -52,3214774335"
"202100030729";"3";"07";"2021";"13:35";"1";"973";"97302";"2";"9";"1";"3";"BADUEL (ROUTE DE)";"4,9292014266";" -52,3019969781"
"202100030730";"2";"07";"2021";"14:40";"1";"973";"97302";"2";"1";"1";"1";"RABAN (ROUTE DE)";"4,9318126028";" -52,3129966712"
"202100030731";"1";"07";"2021";"09:20";"1";"973";"97302";"2";"3";"1";"3";"MONTABO (ROUTE DE) 2";"4,9417800000";" -52,3041000000"
"202100030732";"18";"06";"2021";"10:40";"1";"973";"97302";"2";"1";"1";"7";"MADELEINE (ROUTE DE LA)";"4,9216700000";" -52,3225700000"
"202100030733";"29";"06";"2021";"07:55";"1";"973";"97302";"2";"1";"1";"6";"MADELEINE (ROUTE DE LA)";"4,9265827263";" -52,3244739384"
"202100030734";"29";"06";"2021";"07:13";"1";"973";"97302";"2";"1";"1";"3";"MADELEINE (ROUTE DE LA)";"4,9220946299";" -52,3228802277"
"202100030735";"4";"07";"2021";"11:55";"1";"69";"69386";"2";"3";"3";"3";"LOUIS BLANC (R)";"45,7645700000";"4,8468700000"
"202100030736";"3";"07";"2021";"23:45";"5";"69";"69383";"2";"2";"1";"3";"ABONDANCE (DE L') (R)";"45,7534000000";"4,8502700000"
"202100030737";"3";"07";"2021";"23:40";"5";"69";"69387";"2";"9";"1";"2";"GALLIENI (PT)";"45,7482529147";"4,8323374987"
"202100030738";"3";"07";"2021";"18:10";"1";"69";"69386";"2";"1";"1";"2";"DUQUESNE (R)";"45,7726462367";"4,8440292478"
"202100030739";"3";"07";"2021";"12:48";"1";"69";"69383";"2";"1";"2";"3";"GENERAL MOUTON DUVERNET (DU) (R)";"45,7541368684";"4,8615681115"
"202100030740";"29";"06";"2021";"19:30";"1";"69";"69386";"2";"2";"1";"3";"LAFAYETTE (CR)";"45,7636958684";"4,8470520973"
"202100030741";"2";"07";"2021";"23:00";"5";"69";"69259";"2";"3";"1";"1";"PRESIDENT EDOUARD HERRIOT (DU) (R)";"45,6967400000";"4,8768300000"
"202100030742";"2";"07";"2021";"16:00";"1";"69";"69388";"2";"1";"1";"1";"VIENNE (DE) (RTE)";"45,7336515041";"4,8533941806"
"202100030743";"1";"07";"2021";"18:15";"1";"69";"69276";"2";"1";"1";"2";"VIENNE (DE) (RTE)";"45,6711890336";"4,8599374294"
"202100030744";"30";"06";"2021";"18:00";"1";"69";"69199";"2";"1";"1";"6";"MARCEL ET PAULETTE NICOLLIN (R)";"45,7057793795";"4,8541760445"
"202100030745";"30";"06";"2021";"18:15";"1";"69";"69386";"2";"1";"8";"6";"CHARLES DE GAULLE (Q)";"45,7814700000";"4,8465000000"
"202100030746";"30";"06";"2021";"15:35";"1";"69";"69259";"2";"9";"1";"4";"CHARLES DE GAULLE (AV)";"45,7130300000";"4,8987100000"
"202100030747";"30";"06";"2021";"00:40";"5";"69";"69259";"2";"6";"1";"6";"IRENE JOLIOT CURIE (BD)";"45,7213100000";"4,8740800000"
"202100030748";"29";"06";"2021";"22:05";"5";"69";"69276";"2";"1";"1";"4";"LYON (DE) (RTE)";"45,6759700000";"4,8607600000"
"202100030749";"29";"06";"2021";"18:20";"1";"69";"69383";"2";"3";"2";"5";"GAMBETTA (CR)";"45,7541400000";"4,8463400000"
"202100030750";"29";"06";"2021";"17:30";"1";"69";"69387";"2";"9";"2";"3";"LECLERC (AV)";"45,7455700000";"4,8320600000"
"202100030751";"29";"06";"2021";"08:50";"1";"69";"69259";"2";"1";"1";"2";"IRENE JOLIOT CURIE (BD)";"45,7099553047";"4,8839163780"
"202100030752";"29";"06";"2021";"07:35";"1";"69";"69388";"2";"2";"1";"3";"PAUL CAZENEUVE (R)";"45,7318400000";"4,8605200000"
"202100030753";"4";"07";"2021";"16:50";"1";"972";"97213";"2";"1";"1";"2";"ROUTE NATIONALE 5";"14,5959300000";" -60,9872200000"
"202100030754";"3";"07";"2021";"13:15";"1";"972";"97213";"2";"1";"1";"2";"AUTOROUTE A1";"14,6185788695";" -61,0239672661"