"Num_Acc";"jour";"mois";"an";"hrmn";"lum";"dep";"com";"agg";"int";"atm";"col";"adr";"lat";"long"
"202100030755";"2";"07";"2021";"22:45";"5";"972";"97213";"1";"1";"1";"6";"ROUTE NATIONALE 5";"14,5966700000";" -60,9964100000"
"202100030756";"1";"07";"2021";"23:40";"5";"972";"97209";"2";"1";"2";"6";"AUTOROUTE (A1)";"14,6159488707";" -61,0448026657"
"202100030757";"1";"07";"2021";"16:45";"1";"972";"97209";"2";"1";"1";"6";"ROUTOUTOU (RUE DU)";"14,5971736375";" -61,0564595744"
"202100030758";"30";"06";"2021";"15:25";"1";"972";"97209";"1";"1";"2";"6";"RD 41 (ROCADE)";"14,6144400000";" -61,0530100000"
"202100030759";"4";"07";"2021";"16:30";"1";"69";"69034";"2";"1";"1";"2";"MARGNOLLES (DE) (R)";"45,7887497487";"4,8447688169"
"202100030760";"3";"07";"2021";"16:00";"1";"69";"69385";"2";"3";"1";"6";"CHAMPVERT (DE) (R)";"45,7582800000";"4,7950500000"
"202100030761";"3";"07";"2021";"15:15";"1";"69";"69384";"2";"1";"8";"7";"ESSES (DES) (MO)";"45,7719500000";"4,8161200000"
"202100030762";"3";"07";"2021";"01:50";"5";"69";"69034";"2";"4";"1";"2";"BELLEVUE (Q)";"45,7857700000";"4,8488800000"
"202100030763";"1";"07";"2021";"21:20";"1";"69";"69389";"2";"3";"1";"3";"PIERRE SCIZE (Q)";"45,7664234172";"4,8182343446"
"202100030764";"1";"07";"2021";"14:40";"1";"69";"69286";"2";"1";"1";"6";"BUISSIERE (DE LA) (CHM)";"45,8011700000";"4,8822500000"
"202100030765";"1";"07";"2021";"08:00";"1";"69";"69385";"2";"7";"1";"6";"FOSSES DE TRION (DES) (R)";"45,7583900000";"4,8131200000"
"202100030766";"28";"06";"2021";"18:00";"1";"69";"69389";"2";"1";"1";"3";"BOURBONNAIS (DU) (R)";"45,7735700000";"4,7942300000"
"202100030767";"30";"06";"2021";"19:25";"1";"69";"69389";"2";"3";"1";"5";"ROSA PARKS (AV)";"45,7866790414";"4,7929787636"
"202100030768";"30";"06";"2021";"14:30";"1";"69";"69389";"2";"1";"1";"6";"24 MARS 1852 (DU) (R) ";"45,7787700000";"4,8026200000"
"202100030769";"27";"06";"2021";"03:15";"5";"69";"69381";"2";"1";"1";"6";"CROIX ROUSSE (DE LA) (BD)";"45,7742600000";"4,8305800000"
"202100030770";"2";"07";"2021";"22:04";"5";"2B";"2B033";"2";"1";"1";"6";"ALLEE DU 173Â° R.I.A.";"42,6992800000";"9,4512500000"
"202100030771";"1";"07";"2021";"15:55";"1";"2B";"2B037";"2";"3";"1";"2";"TOUTES RUES";"42,6065500000";"9,4335000000"
"202100030772";"30";"06";"2021";"17:40";"1";"2B";"2B033";"1";"3";"1";"3";"ROUTE ROYALE";"42,6827500000";"9,4218700000"
"202100030773";"1";"07";"2021";"14:30";"1";"971";"97113";"2";"2";"1";"3";"BAS DU FORT";"16,2184400000";" -61,5160800000"
"202100030774";"30";"06";"2021";"13:10";"1";"971";"97101";"2";"1";"1";"3";"PETIT PEROU";"16,2560300000";" -61,5140100000"
"202100030775";"29";"06";"2021";"11:55";"1";"971";"97101";"2";"1";"1";"6";"RN05";"16,2541200000";" -61,5232400000"
"202100030776";"29";"06";"2021";"07:15";"1";"971";"97113";"1";"1";"1";"6";"RN4 - SECTION RIVIERA";"16,2168000000";" -61,4818300000"
"202100030777";"29";"06";"2021";"01:07";"5";"971";"97113";"2";"1";"1";"6";"RN4 - SECTION RIVIERA";"16,2191500000";" -61,5022600000"
"202100030778";"1";"07";"2021";"16:30";"1";"971";"97107";"2";"4";"1";"3";"USINE (RUE DE L')";"16,0438337605";" -61,5678548813"
"202100030779";"3";"07";"2021";"20:40";"1";"95";"95268";"2";"2";"1";"3";"RD 125";"48,9762200000";"2,3945300000"
"202100030780";"28";"06";"2021";"20:10";"2";"95";"95268";"2";"1";"8";"6";"AV DE STALINGRAD";"48,9633613715";"2,4042302370"
"202100030781";"30";"06";"2021";"11:15";"1";"95";"95598";"2";"1";"1";"3";"EGALITE (RUE DE L')";"48,9929900000";"2,2943200000"
"202100030782";"21";"06";"2021";"09:45";"1";"95";"95210";"2";"1";"1";"6";"ORMESSON (RUE D')";"48,9626910000";"2,3112360000"
"202100030783";"22";"06";"2021";"08:25";"1";"95";"95210";"2";"1";"1";"1";"DEPART (RUE DU)";"48,9747500000";"2,3045700000"
"202100030784";"1";"07";"2021";"15:45";"1";"91";"91685";"2";"2";"1";"4";"CHASSE (ROUTE)";"48,6597330000";"2,3061260000"
"202100030785";"1";"07";"2021";"02:10";"5";"91";"91216";"2";"1";"1";"6";"CORBEIL (RUE)";"48,6705130000";"2,3322830000"
"202100030786";"29";"06";"2021";"11:04";"1";"91";"91549";"2";"1";"2";"6";"ROND POINT CD 117";"48,6256200000";"2,3413000000"
"202100030787";"28";"06";"2021";"17:50";"1";"91";"91103";"2";"1";"7";"6";"RUE DU GENERAL LECLERC";"48,6094040000";"2,3050040000"
"202100030788";"28";"06";"2021";"16:00";"1";"91";"91103";"1";"9";"1";"3";"AV DE LA MAISON NEUVE";"48,5857400000";"2,3048900000"
"202100030789";"30";"06";"2021";"16:30";"1";"91";"91377";"2";"3";"1";"3";"AV DU PRESIDENT J F KENNEDY";"48,7363640000";"2,2922520000"
"202100030790";"3";"07";"2021";"18:05";"1";"64";"64445";"2";"1";"1";"6";"Rue dâÃtigny";"43,2960300000";" -0,3822800000"
"202100030791";"4";"07";"2021";"21:52";"2";"44";"44109";"2";"1";"3";"6";"LUCE ( RTE DE SAINTE )";"47,2295600000";" -1,5247300000"
"202100030792";"30";"06";"2021";"18:40";"1";"91";"91691";"2";"9";"1";"3";"MARCEAU BAILLIOTI(RUE)";"48,7074000000";"2,4957800000"
"202100030793";"29";"06";"2021";"21:45";"2";"91";"91657";"2";"2";"2";"3";"AV HENRI BARBUSSE";"48,7019300000";"2,4260300000"
"202100030794";"29";"06";"2021";"11:15";"1";"91";"91097";"2";"3";"1";"3";"RUE DU BESLY";"48,6862400000";"2,5363500000"
"202100030795";"29";"06";"2021";"17:40";"1";"91";"91434";"2";"1";"1";"3";"JUVISY (AVENUE DE)";"48,6539690000";"2,3539290000"
"202100030796";"29";"06";"2021";"17:15";"1";"91";"91687";"2";"2";"1";"2";"MARMONT (AVENUE)";"48,6600000000";"2,3700000000"
"202100030797";"29";"06";"2021";"11:30";"1";"91";"91027";"1";"9";"8";"6";"AV FRANCOIS MITTERRAND";"48,7135100000";"2,3732800000"
"202100030798";"29";"06";"2021";"06:20";"1";"91";"91326";"2";"2";"1";"3";"COUR DE FRANCE (AVENUE DE LA)";"48,6928700000";"2,3708300000"
"202100030799";"2";"07";"2021";"16:10";"1";"91";"91223";"2";"1";"1";"1";"MAI 1945 (AVENUE DU 8)";"48,4373300000";"2,1631700000"
"202100030800";"1";"07";"2021";"12:10";"1";"87";"87085";"2";"1";"1";"6";"ALLENDE (QUAI SALVADOR)";"45,8179800000";"1,2553400000"
"202100030801";"30";"06";"2021";"18:02";"1";"87";"87085";"2";"2";"1";"6";"JOURDAN (PLACE)";"45,8322400000";"1,2646300000"
"202100030802";"30";"06";"2021";"12:35";"1";"87";"87085";"2";"1";"1";"7";"POMPIDOU (AVENUE GEORGES)";"45,8189000000";"1,2659300000"
"202100030803";"29";"06";"2021";"14:11";"1";"87";"87085";"1";"1";"2";"6";"RD941 (OUEST)";"45,8348500000";"1,2182900000"
"202100030804";"29";"06";"2021";"22:04";"3";"87";"87114";"1";"1";"2";"4";"AUTOROUTE A20";"45,8312100000";"1,2827000000"
"202100030805";"29";"06";"2021";"17:50";"1";"87";"87085";"2";"2";"3";"3";"ISLE (RUE D')";"45,8247100000";"1,2345800000"
"202100030806";"29";"06";"2021";"13:41";"1";"87";"87085";"2";"1";"1";"3";"FLEURUS (BOULEVARD DE)";"45,8304700000";"1,2632500000"
"202100030807";"28";"06";"2021";"15:24";"1";"87";"87065";"1";"1";"1";"2";"AUTOROUTE A20";"45,7959500000";"1,2983800000"
"202100030808";"27";"06";"2021";"16:11";"1";"87";"87085";"2";"1";"1";"6";"CATROUX (RUE DU GENERAL)";"45,8126600000";"1,2842900000"
"202100030809";"1";"07";"2021";"22:30";"5";"86";"86194";"2";"1";"1";"6";"Place Coimbra";"46,5891200000";"0,3605240000"
"202100030810";"24";"06";"2021";"18:25";"1";"85";"85194";"1";"2";"1";"3";"BERNARD (RUE JEAN)";"46,5140600000";" -1,7531300000"
"202100030811";"20";"07";"2021";"19:52";"2";"84";"84087";"2";"3";"1";"1";"CHAMPLAIN (CHEMIN DE)";"44,1683300000";"4,8419300000"
"202100030812";"30";"06";"2021";"17:55";"1";"84";"84087";"2";"3";"1";"3";"TACITURNE (AVENUE GUILLAUME LE)";"44,1418800000";"4,8131400000"
"202100030813";"1";"07";"2021";"13:30";"1";"83";"83062";"1";"6";"1";"2";"QUATRE CHEMINS";"43,1373600000";"6,0259900000"
"202100030814";"28";"06";"2021";"17:40";"1";"83";"83137";"2";"1";"1";"3";"CD 46 DE 1930 A FIN (VALETTE)";"43,1490800000";"5,9740600000"
"202100030815";"2";"07";"2021";"08:30";"1";"83";"83129";"2";"1";"1";"6";"PLAYES (ROCADE DES)";"43,1031690000";"5,8274980000"
"202100030816";"30";"06";"2021";"19:10";"1";"83";"83123";"2";"1";"7";"6";"RESISTANCE (AVENUE)";"43,1218200000";"5,7960500000"
"202100030817";"24";"06";"2021";"11:15";"1";"83";"83129";"2";"3";"1";"4";"MER (AVENUE DE LA) NÂ°IMPAIRS";"43,1018328230";"5,8221101761"
"202100030818";"2";"07";"2021";"15:34";"1";"72";"72181";"2";"1";"1";"6";"COURBOULAY PAUL (RUE)";"48,0034525443";"0,1913309095"
"202100030819";"3";"07";"2021";"14:00";"1";"83";"83069";"2";"1";"1";"6";"OLBIA  (VOIE)";"43,1139230000";"6,1334830000"
"202100030820";"30";"06";"2021";"07:00";"1";"83";"83069";"1";"1";"1";"3";"ALMANARRE (ROUTE DE L')";"43,0845000000";"6,1114000000"
"202100030821";"30";"06";"2021";"07:40";"1";"83";"83069";"2";"1";"7";"4";"OLBIA  (VOIE)";"43,1156900000";"6,1394500000"
"202100030822";"29";"06";"2021";"18:00";"1";"83";"83069";"2";"1";"1";"6";"RIMBAUD ( RUE EMILE )";"43,0807400000";"6,1555700000"
"202100030823";"1";"07";"2021";"11:10";"1";"82";"82121";"2";"2";"1";"3";"VILLEBOURBON (QUAI)";"44,0170871467";"1,3479568809"
"202100030824";"4";"07";"2021";"00:40";"5";"78";"78498";"2";"2";"1";"6";"GAMBETTA BD";"48,9340730000";"2,0407670000"
"202100030825";"4";"07";"2021";"19:45";"1";"76";"76575";"2";"1";"1";"6";"RENAN. RUE ERNEST";"49,3986200000";"1,0657100000"
"202100030826";"4";"07";"2021";"20:10";"1";"76";"76575";"2";"1";"1";"7";"CHATEAU BLANC";"49,3931100000";"1,0704400000"
"202100030827";"3";"07";"2021";"13:50";"1";"76";"76259";"2";"7";"1";"1";"RICHARD ( PLACE DES DUCS)";"49,7552800000";"0,3800000000"
"202100030828";"3";"07";"2021";"10:35";"1";"74";"74010";"2";"3";"1";"1";"PONT NEUF";"45,8967700000";"6,1121100000"
"202100030829";"3";"07";"2021";"12:50";"1";"69";"69266";"2";"2";"2";"3";"GENAS (DE) (RTE)";"45,7511245415";"4,9078671634"
"202100030830";"2";"07";"2021";"12:30";"1";"69";"69271";"2";"1";"1";"4";"LYON (DE) (RTE)";"45,7403913897";"4,9511647224"
"202100030831";"4";"07";"2021";"21:15";"2";"64";"64445";"2";"1";"1";"4";"ETIGNY D'";"43,2966000000";" -0,3860100000"
"202100030832";"1";"07";"2021";"12:27";"1";"76";"76351";"2";"3";"1";"6";"ETRETAT (D')";"49,4980100000";"0,0959600000"
"202100030833";"4";"07";"2021";"02:30";"5";"62";"62193";"2";"1";"1";"6";"EDGAR QUINET";"50,9474390000";"1,8434250000"
"202100030834";"3";"07";"2021";"00:40";"5";"61";"61169";"2";"1";"1";"6";"PIERRE HUET (RUE)";"48,7463300000";" -0,5534300000"
"202100030835";"4";"07";"2021";"03:45";"3";"61";"61006";"2";"6";"1";"6";"2EME D.B. (AVENUE DE LA)";"48,7338230000";" -0,0342010000"
"202100030836";"3";"07";"2021";"16:20";"1";"60";"60325";"1";"3";"1";"2";"Avenue Jean Moulin";"49,4045721824";"2,7785241231"
"202100030837";"4";"07";"2021";"22:32";"5";"59";"59512";"2";"1";"1";"3";"GAMBETTA (BOULEVARD)";"50,6924500000";"3,1833900000"
"202100030838";"4";"07";"2021";"13:00";"1";"51";"51454";"2";"4";"2";"1";"Rue Marie ClÃ©mence Fouriaux";"49,2650400000";"4,0225600000"
"202100030839";"3";"07";"2021";"23:15";"5";"51";"51108";"2";"7";"8";"4";"Place Sainte-Croix";"48,9516400000";"4,3687000000"
"202100030840";"4";"07";"2021";"04:30";"5";"49";"49099";"2";"2";"1";"6";"STRASBOURG (BOULEVARD DE)";"47,0646000000";" -0,8673300000"
"202100030841";"4";"07";"2021";"19:30";"1";"45";"45147";"2";"2";"1";"3";"Rue Maximilien de Robespierre";"47,9392410000";"1,9210870000"
"202100030842";"3";"07";"2021";"21:49";"5";"42";"42127";"2";"3";"1";"6";"Route de Paris";"46,0663150000";"4,0544890000"
"202100030843";"3";"07";"2021";"19:34";"1";"37";"37261";"2";"2";"1";"6";"HEURTELOUP (BOULEVARD)";"47,3925289266";"0,7012681256"
"202100030844";"4";"07";"2021";"12:00";"1";"35";"35238";"2";"2";"1";"3";"CLEMENCEAU (BD GEORGES)";"48,0945900000";" -1,6901500000"
"202100030845";"4";"07";"2021";"02:03";"3";"31";"31555";"2";"1";"3";"3";"ECHANGEUR SESQUIERES (A62-A620)";"43,6479500000";"1,4220300000"
"202100030846";"29";"06";"2021";"15:00";"1";"30";"30028";"2";"1";"1";"6";"DAUDET (AVENUE ALPHONSE)";"44,1576400000";"4,6132600000"
"202100030847";"3";"07";"2021";"23:15";"3";"27";"27701";"1";"1";"2";"6";"RD313";"49,2452050000";"1,2039910000"
"202100030848";"4";"07";"2021";"23:32";"5";"25";"25056";"2";"2";"1";"3";"DROZ   AVENUE EDOUARD";"47,2424800000";"6,0296100000"
"202100030849";"4";"07";"2021";"18:36";"1";"13";"13215";"2";"1";"1";"3";"MADRAGUE VILLE (chemin de la)";"43,3333152000";"5,3585199000"
"202100030850";"4";"07";"2021";"12:05";"1";"09";"09225";"2";"2";"2";"3";"PAIX AVENUE DE LA";"43,1108800000";"1,6187900000"
"202100030851";"4";"07";"2021";"00:10";"5";"09";"09225";"2";"1";"1";"3";"BELPECH ROUTE DE";"43,1274700000";"1,6513700000"
"202100030852";"4";"07";"2021";"13:45";"1";"06";"06069";"2";"3";"1";"3";"DRAGUIGNAN (ROUTE DE) - D2562-";"43,6409520000";"6,9104130000"
"202100030853";"3";"07";"2021";"18:25";"1";"75";"75113";"2";"1";"1";"4";"BOULEVARD PERIPHERIQUE";"48,8163170000";"2,3572040000"
"202100030854";"4";"07";"2021";"15:55";"1";"75";"75116";"2";"1";"1";"3";"ALLEE DE LONGCHAMP";"48,8734930000";"2,2671180000"
"202100030855";"3";"07";"2021";"18:35";"1";"75";"75118";"2";"2";"1";"3";"AVENUE DE SAINT OUEN";"48,8976260000";"2,3290160000"
"202100030856";"4";"07";"2021";"14:30";"1";"75";"75116";"2";"1";"2";"3";"ALLEE DE LA REINE MARGUERITE";"48,8631820000";"2,2479330000"
"202100030857";"4";"07";"2021";"09:30";"1";"75";"75114";"2";"1";"2";"6";"RUE D ALESIA";"48,8308240000";"2,3183180000"
"202100030858";"4";"07";"2021";"16:55";"1";"75";"75113";"2";"3";"1";"6";"AVENUE DES GOBELINS";"48,8343730000";"2,3535500000"
"202100030859";"4";"07";"2021";"01:40";"5";"75";"75112";"2";"1";"1";"2";"RUE LOUIS BRAILLE";"48,8397200000";"2,4021200000"
"202100030860";"4";"07";"2021";"17:00";"1";"75";"75108";"2";"2";"2";"6";"RUE DE COURCELLES";"48,8791450000";"2,3031100000"
"202100030861";"4";"07";"2021";"16:14";"1";"75";"75108";"2";"7";"2";"3";"PLACE DE LA CONCORDE";"48,8658570000";"2,3198910000"
"202100030862";"3";"07";"2021";"19:10";"1";"75";"75108";"2";"7";"7";"4";"AVENUE DES CHAMPS ELYSEES";"48,8731380000";"2,2970960000"
"202100030863";"3";"07";"2021";"10:48";"1";"75";"75107";"2";"2";"2";"3";"RUE DE GRENELLE";"48,8549960000";"2,3245700000"
"202100030864";"4";"07";"2021";"15:05";"1";"75";"75104";"2";"4";"2";"6";"VOIE GEORGES POMPIDOU";"48,8510924362";"2,3611365259"
"202100030865";"4";"07";"2021";"02:43";"5";"94";"94076";"2";"2";"1";"3";"Rue Dauphin";"48,8056900000";"2,3636900000"
"202100030866";"4";"07";"2021";"18:48";"1";"93";"93055";"2";"3";"8";"3";"ANATOLE FRANCE (AVENUE)";"48,8931520000";"2,4241460000"
"202100030867";"4";"07";"2021";"13:10";"1";"93";"93051";"2";"1";"1";"6";"Avenue Aristide Briand";"48,8484100000";"2,5526000000"
"202100030868";"4";"07";"2021";"11:43";"1";"93";"93048";"2";"3";"1";"1";"Rue de la Demi-Lune / Rue Georges Melies";"48,8760000000";"2,4574900000"
"202100030869";"4";"07";"2021";"15:05";"1";"93";"93008";"2";"9";"1";"2";"Avenue de la Division Leclerc";"48,9083648269";"2,4202430248"
"202100030870";"4";"07";"2021";"22:20";"5";"92";"92035";"2";"1";"1";"6";"8 Mai 1945 ( rue du )";"48,9116180406";"2,2568307817"
"202100030871";"4";"07";"2021";"17:00";"1";"92";"92026";"2";"1";"1";"3";"Boulevard de la Paix";"48,9018416974";"2,2645220160"
"202100030872";"4";"07";"2021";"20:15";"2";"92";"92036";"2";"3";"1";"3";"OLYMPE DE GOUGES (RUE)";"48,9200993574";"2,3150561750"
"202100030873";"2";"07";"2021";"16:00";"1";"92";"92009";"2";"1";"1";"3";"EUROPE (AVENUE)";"48,9069410703";"2,2626444697"
"202100030874";"19";"06";"2021";"19:20";"1";"40";"40304";"2";"2";"1";"3";"Avenue Bremontier";"43,6562530000";" -1,4332280000"
"202100030875";"4";"07";"2021";"10:50";"1";"49";"49220";"2";"1";"2";"1";"6 Rue Emile TrouvÃ©";"47,7336700000";" -0,4169490000"
"202100030876";"2";"07";"2021";"18:20";"1";"83";"83086";"1";"1";"1";"1";"D47";"43,5051100000";"6,5920110000"
"202100030877";"4";"07";"2021";"17:00";"1";"01";"01173";"1";"1";"8";"6";"D1005";"46,3493100000";"6,0512890000"
"202100030878";"2";"07";"2021";"20:15";"1";"67";"67425";"1";"3";"1";"3";"RD219";"48,7670814635";"7,3793651876"
"202100030879";"3";"07";"2021";"12:00";"1";"22";"22070";"1";"1";"1";"7";"RN12 PR 89+100";"48,5494980000";" -3,1470890000"
"202100030880";"3";"07";"2021";"08:50";"1";"974";"97410";"2";"1";"1";"7";"RN2 pont des marsouins";" -21,0406270000";"55,7126360000"
"202100030881";"4";"07";"2021";"10:10";"1";"60";"60176";"2";"1";"3";"7";"Rue Jeanne dâArc";"49,2360950000";"2,8873390000"
"202100030882";"26";"06";"2021";"16:00";"1";"21";"21018";"1";"1";"7";"1";"D 35";"47,2821700000";"4,8354970000"
"202100030883";"3";"07";"2021";"17:45";"1";"83";"83087";"1";"1";"1";"2";"Route Departementale 560";"43,4057650000";"5,8189990000"
"202100030884";"2";"07";"2021";"18:30";"1";"19";"19274";"1";"3";"2";"3";"La Mouillade";"45,1924165796";"1,4868854932"
"202100030885";"2";"07";"2021";"16:30";"1";"74";"74208";"2";"3";"1";"7";"Av des Raches";"45,9132090000";"6,7134970000"
"202100030886";"5";"07";"2021";"00:35";"3";"80";"80649";"1";"1";"1";"7";"Route de Fort Mahon";"50,3312310000";"1,5954320000"
"202100030887";"2";"07";"2021";"16:35";"1";"80";"80655";"1";"1";"1";"5";"D936";"49,9598480000";"1,9878210000"
"202100030888";"5";"07";"2021";"14:00";"1";"65";"65408";"2";"1";"1";"6";"23, route des nestes";"42,9685350000";"0,3760300000"
"202100030889";"5";"07";"2021";"09:00";"1";"71";"71263";"2";"1";"1";"3";"16 Rue du Guidon";"46,6336479855";"5,2169185279"
"202100030890";"2";"07";"2021";"13:40";"1";"71";"71395";"2";"1";"7";"1";"Route du Bourg";"46,5283140000";"4,2585540000"
"202100030891";"4";"07";"2021";"19:05";"1";"12";"12288";"1";"1";"1";"1";"RD840";"44,4300950000";"2,4460140000"
"202100030892";"4";"07";"2021";"02:20";"5";"46";"46038";"1";"1";"1";"6";"834 Avenue du General de Gaulle";"44,9217650000";"1,8299000000"
"202100030893";"13";"06";"2021";"17:30";"1";"34";"34194";"1";"1";"1";"1";"Route d Adissan";"43,5377580000";"3,4443910000"
"202100030894";"4";"07";"2021";"22:00";"5";"68";"68099";"2";"9";"8";"3";"D18.5";"47,6861600000";"7,2659810000"
"202100030895";"4";"07";"2021";"11:25";"1";"22";"22055";"2";"2";"1";"3";"Rue de la RÃ©publique (Ãtables-sur-Mer)";"48,6216190000";" -2,8309750000"
"202100030896";"5";"07";"2021";"01:15";"3";"39";"39339";"1";"1";"1";"6";"N/A";"46,3554990000";"5,7710300000"
"202100030897";"16";"06";"2021";"19:40";"1";"25";"25403";"1";"1";"1";"7";"D 48";"47,0366870000";"6,6179430000"
"202100030898";"5";"07";"2021";"12:00";"1";"44";"44069";"1";"1";"1";"6";"D192";"47,2901390000";" -2,4050940000"
"202100030899";"27";"06";"2021";"05:20";"3";"35";"35184";"1";"1";"5";"2";"RN 12";"48,1928440000";" -2,0233330000"
"202100030900";"2";"07";"2021";"04:45";"3";"29";"29166";"1";"1";"1";"6";"D63";"48,1552680000";" -4,2334180000"
"202100030901";"30";"06";"2021";"19:10";"1";"29";"29069";"1";"1";"1";"1";"Route de Pont-Cabioc'h";"48,4029110000";" -4,5449910000"
"202100030902";"4";"07";"2021";"15:30";"1";"29";"29173";"1";"1";"1";"6";"lieu dit LeurÃ©";"48,0086064585";" -4,1801691055"
"202100030903";"4";"07";"2021";"17:40";"1";"31";"31334";"1";"1";"1";"5";"185 Route de Saint-Sulpice";"43,3711620000";"1,3129630000"
"202100030904";"30";"06";"2021";"18:30";"1";"31";"31066";"1";"3";"1";"3";"D15E";"43,7879030000";"1,5738670000"
"202100030905";"3";"07";"2021";"18:44";"1";"38";"38134";"1";"1";"1";"1";"D538";"45,4504520000";"4,9948950000"
"202100030906";"3";"07";"2021";"22:50";"3";"38";"38503";"1";"1";"1";"7";"D29";"45,3331380000";"5,9148340000"
"202100030907";"4";"07";"2021";"15:53";"1";"38";"38518";"1";"1";"2";"7";"D526";"44,8939810000";"5,8874110000"
"202100030908";"28";"06";"2021";"12:30";"1";"02";"02712";"1";"1";"1";"2";"Ferme de Camp";"49,2017614438";"3,5834821902"
"202100030909";"3";"07";"2021";"12:30";"1";"01";"01426";"1";"1";"3";"1";"rd936";"46,2379320000";"5,3770190000"
"202100030910";"5";"07";"2021";"09:40";"1";"85";"85008";"1";"1";"1";"4";"A87 PK 120+882";"46,6272300000";" -1,4318600000"
"202100030911";"5";"07";"2021";"11:05";"1";"70";"70311";"1";"1";"2";"6";"N57";"47,8227890000";"6,3945770000"
"202100030912";"5";"07";"2021";"17:20";"1";"06";"06079";"2";"3";"1";"6";"791 Avenue de Frejus Paul Ricard";"43,5336330000";"6,9316840000"
"202100030913";"3";"07";"2021";"23:45";"5";"14";"14515";"2";"1";"3";"7";"Quai FÃ©lix Faure";"49,3478500000";" -0,7551330000"
"202100030914";"29";"06";"2021";"21:00";"1";"64";"64451";"1";"1";"1";"7";"Route Departementale 202";"43,3253880000";" -0,0537190000"
"202100030915";"3";"07";"2021";"14:20";"1";"73";"73107";"1";"4";"2";"6";"lieu dit les bruns";"45,4679706778";"5,8847349032"
"202100030916";"2";"07";"2021";"22:00";"3";"43";"43268";"1";"9";"1";"5";"RN 88";"45,1440390000";"4,1098630000"
"202100030917";"2";"07";"2021";"19:50";"1";"43";"43194";"1";"3";"1";"2";"lieu dit le Triadour";"45,0692790000";"4,0671920000"
"202100030918";"2";"07";"2021";"18:40";"1";"21";"21027";"1";"3";"1";"1";"Rue de Bellefond";"47,3832200000";"5,0515010000"
"202100030919";"21";"06";"2021";"15:00";"1";"40";"40312";"2";"3";"2";"7";"Square Albert Mora";"43,5415470000";" -1,4834830000"
"202100030920";"4";"07";"2021";"17:30";"1";"04";"04135";"1";"1";"1";"3";"RD 952";"43,8508770000";"6,1739620000"
"202100030921";"4";"07";"2021";"03:15";"3";"85";"85096";"1";"1";"2";"3";"la vieille garnache";"46,9023600000";" -1,8227900000"
"202100030922";"5";"07";"2021";"14:30";"1";"17";"17038";"1";"1";"1";"1";"D158, lieu dit louvrignac";"45,1735710000";" -0,3058040000"
"202100030923";"5";"07";"2021";"08:00";"1";"30";"30336";"1";"1";"7";"6";"D183";"43,8546450000";"4,6426250000"
"202100030924";"4";"07";"2021";"17:15";"1";"19";"19002";"1";"1";"2";"7";"A89 - PK 285.900";"45,6018480000";"2,4324420000"
"202100030925";"29";"06";"2021";"12:05";"1";"973";"97307";"2";"9";"1";"3";"Rue Kalandja";"4,8856400000";" -52,3451650000"
"202100030926";"4";"07";"2021";"17:55";"1";"45";"45096";"1";"1";"2";"3";"A77-PK 51 + 800";"47,7981390000";"2,7013910000"
"202100030927";"7";"06";"2021";"12:10";"1";"31";"31107";"1";"1";"1";"6";"A64";"43,3155780000";"1,2099570000"
"202100030928";"4";"07";"2021";"21:30";"3";"978";"97801";"1";"1";"1";"1";"RN7 Grand Case";"18,0993300000";" -63,0539330000"
"202100030929";"3";"04";"2021";"19:05";"5";"973";"97309";"2";"1";"2";"1";"Route de Degrad des Cannes";"4,8750840000";" -52,2782060000"
"202100030930";"3";"07";"2021";"16:00";"1";"28";"28001";"1";"2";"1";"1";"D928";"48,7931180000";"1,4009500000"
"202100030931";"3";"07";"2021";"12:00";"1";"2A";"2A247";"2";"1";"1";"5";"Rue General de Boissoudy";"41,6075410000";"9,2801160000"
"202100030932";"5";"07";"2021";"12:53";"1";"11";"11301";"2";"3";"1";"6";"D610";"43,2225850000";"2,6190720000"
"202100030933";"4";"07";"2021";"17:30";"1";"34";"34135";"1";"1";"1";"1";"d14";"43,2867420000";"3,1801660000"
"202100030934";"5";"07";"2021";"07:08";"1";"26";"26362";"1";"1";"1";"4";"Autoroute du Soleil";"44,9270030000";"4,8805310000"
"202100030935";"4";"07";"2021";"16:35";"1";"68";"68145";"2";"1";"3";"6";"1 Grand Rue";"48,0812000000";"7,3873590000"
"202100030936";"4";"07";"2021";"18:40";"1";"88";"88367";"2";"1";"1";"1";"Route d Autrey";"48,3385620000";"6,6587180000"
"202100030937";"26";"06";"2021";"19:30";"1";"38";"38449";"1";"1";"1";"5";"Luzais";"45,6620600000";"5,0992100000"
"202100030938";"5";"07";"2021";"16:30";"1";"38";"38451";"1";"1";"1";"6";"Route de Loyettes";"45,7706590000";"5,2056420000"
"202100030939";"5";"07";"2021";"13:15";"1";"38";"38407";"1";"1";"1";"3";"D520 A";"45,3278470000";"5,6569080000"
"202100030940";"5";"07";"2021";"11:25";"1";"26";"26313";"2";"6";"1";"3";"Avenue de Provence";"44,9612000000";"4,9402960000"
"202100030941";"4";"07";"2021";"05:20";"5";"26";"26235";"2";"7";"1";"6";"31 Place du Champ de Mars";"44,3761580000";"4,6987370000"
"202100030942";"5";"07";"2021";"18:45";"1";"01";"01202";"2";"1";"1";"6";"32 Route du Port";"45,9009800000";"5,3474260000"
"202100030943";"3";"07";"2021";"16:40";"1";"86";"86062";"1";"1";"1";"6";"AllÃ©e du Haut Poitou";"46,6469850000";"0,3610530000"
"202100030944";"2";"07";"2021";"13:50";"1";"85";"85226";"2";"6";"1";"3";"Rue des Tressanges";"46,7097730000";" -1,9611610000"