"Num_Acc";"jour";"mois";"an";"hrmn";"lum";"dep";"com";"agg";"int";"atm";"col";"adr";"lat";"long"
"202100030945";"11";"06";"2021";"22:30";"5";"44";"44172";"1";"5";"1";"3";"Route de Paris";"47,2658710000";" -1,4875640000"
"202100030946";"4";"07";"2021";"20:00";"1";"14";"14106";"1";"4";"1";"3";"D513";"49,2220120000";" -0,2360990000"
"202100030947";"5";"07";"2021";"05:30";"2";"76";"76678";"1";"1";"1";"6";"Route de la CavÃ©e";"49,6323360000";"1,4801660000"
"202100030948";"2";"07";"2021";"04:35";"3";"76";"76672";"1";"1";"5";"7";"Route de Gaillefontaine";"49,6154885042";"1,5539555526"
"202100030949";"5";"07";"2021";"18:00";"1";"60";"60346";"2";"6";"1";"1";"Rond point de l'Ã©toile";"49,1636147496";"2,4301999211"
"202100030950";"4";"07";"2021";"23:45";"3";"02";"02574";"1";"1";"1";"1";"D963";"49,8916230000";"4,0336610000"
"202100030951";"4";"07";"2021";"19:56";"2";"62";"62443";"2";"1";"1";"1";"Boulevard de la Fosse 10";"50,4405820000";"2,6536920000"
"202100030952";"3";"07";"2021";"06:00";"3";"13";"13215";"1";"1";"1";"6";"A7-Sens Lyon vers Marseille";"43,3502170000";"5,3689290000"
"202100030953";"28";"06";"2021";"15:00";"1";"69";"69152";"1";"1";"1";"3";"A450  0.000 A 1.090";"45,6951344633";"4,8306155205"
"202100030954";"4";"07";"2021";"01:55";"3";"33";"33080";"1";"1";"1";"2";"AUTOROUTE A 62";"44,7390360000";" -0,5348090000"
"202100030955";"4";"07";"2021";"18:40";"1";"91";"91363";"1";"1";"3";"5";"RN 104";"48,6578900000";"2,1825900000"
"202100030956";"4";"07";"2021";"13:00";"1";"91";"91161";"1";"1";"1";"6";"AUTOROUTE A6";"48,6963700000";"2,3165700000"
"202100030957";"4";"07";"2021";"09:26";"1";"94";"94038";"1";"1";"2";"2";"AUTOROUTE A6B";"48,7719400000";"2,3451900000"
"202100030958";"4";"07";"2021";"09:45";"1";"91";"91228";"1";"1";"2";"6";"RN 104";"48,6270700000";"2,4003900000"
"202100030959";"3";"07";"2021";"15:15";"1";"91";"91689";"1";"1";"1";"2";"AUTOROUTE A6";"48,7289600000";"2,3144600000"
"202100030960";"4";"07";"2021";"14:50";"1";"78";"78007";"1";"1";"2";"6";"A13W";"48,8967570000";"2,0064610000"
"202100030961";"4";"07";"2021";"07:15";"2";"92";"92036";"1";"1";"1";"6";"RN315 Y";"48,9299019086";"2,3021194538"
"202100030962";"4";"07";"2021";"06:27";"2";"78";"78133";"1";"1";"2";"6";"A13";"48,8934170000";"2,0082040000"
"202100030963";"3";"07";"2021";"18:10";"1";"92";"92047";"1";"1";"1";"4";"A13";"48,8367476276";"2,1860577644"
"202100030964";"3";"07";"2021";"18:30";"1";"95";"95500";"1";"1";"3";"3";"A15";"49,0360400000";"2,0951000000"
"202100030965";"4";"07";"2021";"15:50";"1";"95";"95256";"1";"1";"1";"5";"RN 184";"49,0542820000";"2,2004320000"
"202100030966";"4";"07";"2021";"16:40";"1";"92";"92036";"1";"1";"1";"4";"AUTOROUTE A15";"48,9423087641";"2,2895919163"
"202100030967";"4";"07";"2021";"16:00";"1";"93";"93007";"1";"1";"1";"4";"AUTOROUTE A3";"48,9436600000";"2,4776900000"
"202100030968";"4";"07";"2021";"16:00";"1";"93";"93007";"1";"1";"1";"2";"AUTOROUTE A3";"48,9436600000";"2,4776900000"
"202100030969";"4";"07";"2021";"12:00";"1";"95";"95572";"1";"1";"2";"6";"RN 184";"49,0315187277";"2,1055233479"
"202100030970";"4";"07";"2021";"11:50";"1";"93";"93027";"1";"1";"2";"2";"Landy";"48,9335256501";"2,3841247558"
"202100030971";"4";"07";"2021";"09:00";"1";"95";"95604";"1";"1";"2";"2";"AUTOROUTE A1";"49,1195600000";"2,5561700000"
"202100030972";"4";"07";"2021";"06:10";"3";"93";"93066";"1";"1";"2";"5";"AUTOROUTE A1";"48,9287391267";"2,3587736587"
"202100030973";"4";"07";"2021";"01:40";"3";"95";"95582";"1";"1";"1";"6";" A15";"48,9662000000";"2,2573000000"
"202100030974";"3";"07";"2021";"23:30";"3";"95";"95582";"1";"1";"1";"2";" A15";"48,9662400000";"2,2574600000"
"202100030975";"3";"07";"2021";"19:55";"1";"93";"93066";"1";"1";"1";"4";"AUTOROUTE A86";"48,9219100000";"2,3666300000"
"202100030976";"2";"07";"2021";"15:00";"1";"92";"92078";"1";"1";"1";"2";"AUTOROUTE A86";"48,9294615368";"2,3279731880"
"202100030977";"3";"07";"2021";"15:30";"1";"94";"94065";"1";"1";"1";"3";"N186";"48,7535954991";"2,3654068996"
"202100030978";"3";"07";"2021";"20:15";"1";"82";"82033";"1";"1";"1";"7";"SAINT NICOLAS VC 4 ET 58 (CHEMIN DE) ";"44,0662560000";"1,0683240000"
"202100030979";"29";"06";"2021";"18:20";"1";"80";"80021";"2";"1";"1";"4";"ABBEVILLE (RUE D')";"49,9108900000";"2,2567900000"
"202100030980";"28";"06";"2021";"12:14";"1";"80";"80021";"2";"2";"1";"3";"BAPAUME (BOULEVARD DE)";"49,8789400000";"2,3052400000"
"202100030981";"23";"06";"2021";"20:15";"1";"80";"80021";"2";"1";"1";"3";"PARMENTIER (PLACE)";"49,8954600000";"2,3058800000"
"202100030982";"26";"06";"2021";"14:00";"1";"80";"80489";"2";"1";"1";"2";"VICTOR HUGO (AVENUE)";"49,8660600000";"2,3534300000"
"202100030983";"4";"07";"2021";"00:25";"5";"78";"78401";"2";"7";"2";"6";"BRIGITTE GROS (PLACE)";"49,0047660000";"1,9104620000"
"202100030984";"1";"07";"2021";"20:25";"1";"78";"78498";"2";"6";"1";"6";"CEP AVENUE DU";"48,9288290000";"2,0414630000"
"202100030985";"29";"06";"2021";"16:50";"1";"78";"78498";"2";"1";"8";"6";"EISENHOWER AV DU GENERAL";"48,9262200000";"2,0513700000"
"202100030986";"28";"06";"2021";"14:50";"1";"77";"77326";"1";"3";"1";"1";"D.346";"48,5815900000";"2,5537400000"
"202100030987";"1";"07";"2021";"20:40";"1";"77";"77449";"2";"9";"1";"3";"BD LA MERIDIENNE";"48,8537400000";"2,7735200000"
"202100030988";"28";"06";"2021";"10:00";"1";"77";"77307";"2";"1";"1";"1";"AV THIBAUD DE CHAMPAGNE";"48,8777590000";"2,7383100000"
"202100030989";"19";"06";"2021";"14:30";"1";"77";"77131";"2";"1";"1";"7";"Longs Sillons (rue)";"48,8073600000";"3,1012600000"
"202100030990";"29";"06";"2021";"12:30";"1";"76";"76540";"2";"1";"1";"3";"EMENDREVILLE. RUE D'";"49,4295600000";"1,0961100000"
"202100030991";"16";"06";"2021";"20:53";"1";"74";"74008";"2";"1";"1";"6";"GENEVE (RUE DE)";"46,1930200000";"6,2253300000"
"202100030992";"30";"06";"2021";"13:50";"1";"74";"74010";"2";"1";"1";"3";"MARQUISATS (AVENUE DES)";"45,8969000000";"6,1317000000"
"202100030993";"29";"06";"2021";"08:25";"1";"73";"73065";"2";"6";"2";"3";"ROUSSEAU JEAN JACQUES (ROND POINT) / D912";"45,5633300000";"5,9283200000"
"202100030994";"25";"06";"2021";"17:35";"1";"73";"73065";"1";"1";"1";"2";"N201 VRU";"45,5752020000";"5,9287660000"
"202100030995";"3";"07";"2021";"15:20";"1";"72";"72181";"2";"1";"1";"6";"RHIN ET DANUBE (AV) NÂ° PAIRS 194 A 338";"48,0223700000";"0,1834300000"
"202100030996";"2";"07";"2021";"22:15";"5";"72";"72181";"2";"1";"1";"1";"CLEMENCEAU GEORGES ( BD) NÂ° IMP";"47,9783600000";"0,2132800000"
"202100030997";"30";"06";"2021";"23:20";"3";"72";"72181";"2";"2";"1";"3";"GENESLAY FELIX (AV) NÂ° PAIRS 146 A 234";"47,9778600000";"0,2081300000"
"202100030998";"30";"06";"2021";"18:00";"1";"72";"72003";"1";"1";"1";"2";"CROIX GEORGETTE (RTE DE LA)";"47,9741200000";"0,1428600000"
"202100030999";"30";"06";"2021";"16:15";"1";"72";"72181";"2";"1";"1";"3";"SAURIA CHARLES (RUE)";"48,0339000000";"0,1807000000"
"202100031000";"30";"06";"2021";"14:20";"1";"72";"72003";"2";"1";"1";"6";"GAULLE CHARLES DE (AV)";"47,9699900000";"0,1595900000"
"202100031001";"3";"07";"2021";"19:20";"1";"71";"71306";"2";"3";"1";"6";"Rue du 11 Novembre 1918";"46,6767080000";"4,3643860000"
"202100031002";"29";"06";"2021";"02:00";"3";"71";"71306";"2";"2";"2";"6";"Rue de Montcenis";"46,6921855510";"4,3471958197"
"202100031003";"28";"06";"2021";"12:27";"1";"71";"71270";"2";"1";"1";"6";"Avenue Edouard HÃ©rriot";"46,3000700000";"4,8287500000"
"202100031004";"1";"07";"2021";"17:30";"1";"71";"71309";"2";"2";"1";"3";"27 Rue dâAutun";"46,7929560576";"4,3889371816"
"202100031005";"1";"07";"2021";"15:55";"1";"71";"71540";"1";"1";"1";"2";"Rond-Point du Vieux Saule";"46,7683229003";"4,4520665769"
"202100031006";"25";"06";"2021";"14:05";"1";"71";"71118";"1";"1";"1";"3";"N/A";"46,7982525382";"4,8007827081"
"202100031007";"21";"06";"2021";"10:25";"1";"70";"70550";"1";"6";"1";"3";"ROCADE OUEST - RD 457";"47,6413452135";"6,1478349566"
"202100031008";"3";"07";"2021";"17:00";"1";"69";"69266";"2";"2";"8";"3";"GENAS (DE) (RTE) ";"45,7515600000";"4,9064600000"
"202100031009";"3";"07";"2021";"13:30";"1";"69";"69256";"2";"1";"2";"4";"SOIE  (DE LA ) (RDPT)";"45,7722410553";"4,9335471623"
"202100031010";"1";"07";"2021";"08:20";"1";"69";"69256";"2";"1";"1";"6";"GUY MOQUET (PL)";"45,7848700000";"4,9111000000"
"202100031011";"1";"06";"2021";"12:30";"1";"69";"69256";"2";"4";"1";"2";"PAUL MARCELLIN                      (AV)";"45,7740500000";"4,9323200000"
"202100031012";"27";"06";"2021";"21:45";"5";"69";"69264";"2";"1";"1";"6";"BURDEAU (BD)";"45,9953500000";"4,7193300000"
"202100031013";"29";"06";"2021";"22:35";"4";"69";"69013";"2";"1";"1";"3";"RN6 (CHARTONNIERE)";"46,0034400000";"4,7195700000"
"202100031014";"30";"06";"2021";"14:45";"1";"68";"68256";"2";"1";"2";"1";"REPUBLIQUE (RUE DE LA)";"47,7674900000";"7,3109200000"
"202100031015";"28";"06";"2021";"16:45";"1";"68";"68056";"1";"1";"2";"6";"19Ã¨me Dragon (rue)";"47,7150900000";"7,3281400000"
"202100031016";"27";"06";"2021";"20:30";"1";"67";"67482";"2";"1";"1";"6";"JARDINIERS (RUE DES)";"48,5984027109";"7,7852344729"
"202100031017";"27";"06";"2021";"15:45";"1";"67";"67482";"2";"3";"1";"3";"MONTAGNE VERTE (RUE DE LA)";"48,5703200000";"7,7380900000"
"202100031018";"2";"07";"2021";"10:58";"1";"66";"66136";"2";"6";"1";"3";"FLANDRES/DUNKERQUE (CARREFOUR)";"42,6866600000";"2,9072900000"
"202100031019";"1";"07";"2021";"16:11";"1";"66";"66136";"2";"1";"1";"6";"CLEMENCEAU (BOULEVARD)";"42,7008100000";"2,8916800000"
"202100031020";"30";"06";"2021";"17:04";"1";"66";"66136";"2";"1";"1";"6";"GRANDE BRETAGNE (AVENUE DE)";"42,6994519169";"2,8826370835"
"202100031021";"30";"06";"2021";"00:10";"5";"66";"66136";"2";"1";"1";"6";"NATURE";"42,6905700000";"2,9102400000"
"202100031022";"28";"06";"2021";"15:45";"1";"66";"66136";"2";"1";"1";"1";"FRANCE LIBRE (BOULEVARD DE LA)";"42,7074200000";"2,9080200000"
"202100031023";"1";"07";"2021";"12:50";"1";"65";"65047";"1";"1";"1";"6";"JAURES (AVE JEAN)";"43,2615200000";"0,1027900000"
"202100031024";"1";"07";"2021";"10:15";"1";"65";"65417";"2";"1";"1";"7";"REPUBLIQUE (RUE DE LA)";"43,2284000000";"0,1032300000"
"202100031025";"29";"06";"2021";"20:50";"1";"65";"65440";"2";"3";"1";"3";"JOFFRE (AVENUE DU MARECHAL)";"43,2395500000";"0,0702600000"
"202100031026";"29";"06";"2021";"18:30";"1";"64";"64249";"2";"1";"8";"2";"GETARIA(AVENUE)";"43,4210149645";" -1,6059663904"
"202100031027";"3";"07";"2021";"10:25";"1";"64";"64445";"2";"2";"8";"3";"CARNOT";"43,2997600000";" -0,3699900000"
"202100031028";"30";"06";"2021";"12:25";"1";"64";"64445";"2";"1";"1";"6";"EMILE GARET";"43,3000442411";" -0,3624163455"
"202100031029";"2";"07";"2021";"14:15";"1";"64";"64125";"2";"9";"7";"6";"LAC (AVENUE DU )";"43,4590900000";" -1,5788500000"
"202100031030";"28";"06";"2021";"10:55";"1";"64";"64122";"2";"1";"1";"2";"BEAURIVAGE (AVENUE- PLACE)";"43,4730800000";" -1,5665900000"
"202100031031";"2";"07";"2021";"18:57";"1";"64";"64102";"2";"1";"1";"2";"SOULT (AVENUE MARECHAL)";"43,4871500000";" -1,4855700000"
"202100031032";"2";"07";"2021";"16:45";"1";"64";"64102";"2";"6";"1";"2";"SAINT LEON (ROND POINT)";"43,4878100000";" -1,4828100000"
"202100031033";"2";"07";"2021";"11:00";"1";"64";"64024";"2";"1";"1";"7";"BAYONNE (AVENUE DE)";"43,4826500000";" -1,5044900000"
"202100031034";"29";"06";"2021";"21:20";"1";"64";"64102";"2";"3";"1";"3";"MAUBEC (RUE)";"43,4980900000";" -1,4675100000"
"202100031035";"28";"06";"2021";"17:50";"1";"64";"64140";"2";"1";"1";"3";"DOUANE (QUAI DE LA)";"43,5225000000";" -1,4900100000"
"202100031036";"28";"06";"2021";"12:40";"1";"64";"64102";"2";"1";"1";"6";"SOULT (AVENUE MARECHAL)";"43,4836800000";" -1,5009600000"
"202100031037";"3";"07";"2021";"03:54";"5";"63";"63113";"2";"2";"2";"3";"FOREST (AVENUE FERNAND)";"45,7999700000";"3,1123000000"
"202100031038";"2";"07";"2021";"10:06";"1";"63";"63113";"2";"1";"1";"6";"CHARRAS (AVENUE)";"45,7797500000";"3,0959300000"
"202100031039";"2";"07";"2021";"14:27";"1";"63";"63113";"2";"1";"1";"6";"JOUHAUX (BD LEON)";"45,7998800000";"3,1127300000"
"202100031040";"2";"07";"2021";"01:30";"5";"63";"63113";"2";"2";"1";"3";"JAURES (BD JEAN)";"45,7678246174";"3,0818695760"
"202100031041";"30";"06";"2021";"12:38";"1";"63";"63113";"2";"2";"1";"2";"LAGARLAYE (RUE DE)";"45,7737500000";"3,0823600000"
"202100031042";"29";"06";"2021";"20:53";"1";"63";"63113";"2";"2";"1";"3";"CLEMENTEL (BD ETIENNE)";"45,8000600000";"3,1123200000"
"202100031043";"29";"06";"2021";"07:47";"1";"63";"63014";"2";"1";"1";"2";"D2089";"45,7440100000";"3,1402000000"
"202100031044";"28";"06";"2021";"11:57";"1";"63";"63075";"2";"2";"1";"3";"THERMALE (AVENUE)";"45,7754600000";"3,0539100000"
"202100031045";"30";"06";"2021";"11:25";"1";"62";"62270";"1";"9";"9";"6";"CD 301";"50,4739300000";"2,5183100000"
"202100031046";"1";"07";"2021";"16:15";"1";"62";"62035";"2";"1";"1";"3";"VERDUN ( AVENUE DE )";"50,5337680000";"2,6195070000"
"202100031047";"3";"07";"2021";"10:05";"1";"61";"61001";"2";"6";"8";"6";"BASINGSTOKE (AVENUE DE)";"48,4442700000";"0,0991700000"
"202100031048";"1";"07";"2021";"21:16";"1";"60";"60463";"2";"4";"1";"3";"Rue Pierre SÃ©mard";"49,2731800000";"2,4742100000"
"202100031049";"1";"07";"2021";"04:35";"5";"60";"60414";"1";"1";"1";"1";"RD 200_ENTREE MONTATAIRE_SURPLOMB AVEN L";"49,2592000000";"2,4531000000"
"202100031050";"28";"06";"2021";"17:19";"1";"60";"60463";"2";"2";"1";"3";"Rue Roland Vachette";"49,2836300000";"2,4649000000"
"202100031051";"3";"07";"2021";"13:00";"1";"59";"59090";"1";"3";"2";"6";"GAULLE (AVENUE DU GENERAL DE)";"50,6875200000";"3,0862300000"
"202100031052";"29";"06";"2021";"19:15";"1";"59";"59279";"1";"1";"1";"3";"RD 191";"50,7598956760";"3,1097745895"
"202100031053";"29";"06";"2021";"10:10";"1";"59";"59599";"2";"1";"1";"6";"CARNOT (RUE)";"50,7190894906";"3,1614446640"
"202100031054";"2";"07";"2021";"00:15";"4";"59";"59009";"2";"9";"1";"6";"MARCONI GUGLIELMO RUE";"50,6112600000";"3,1348800000"
"202100031055";"1";"07";"2021";"08:45";"1";"59";"59648";"2";"1";"1";"2";"TEMPLEMARS RUE DU MONT DE";"50,5749702447";"3,0303812027"
"202100031056";"29";"06";"2021";"20:15";"1";"59";"59507";"2";"9";"2";"3";"CLEMENCEAU RUE";"50,6035000000";"3,0924000000"
"202100031057";"2";"07";"2021";"22:50";"5";"59";"59155";"2";"2";"1";"1";"CAPUCINES";"51,0259200000";"2,4015500000"
"202100031058";"28";"06";"2021";"16:35";"1";"59";"59486";"2";"3";"1";"3";"NATIONALE (RUE)";"50,4110900000";"3,1335500000"
"202100031059";"30";"06";"2021";"15:15";"1";"56";"56260";"2";"1";"1";"6";"BOUCICAUT(RUE ARISTIDE)";"47,6697100000";" -2,7927400000"
"202100031060";"3";"07";"2021";"14:55";"1";"56";"56121";"2";"1";"1";"2";"LE MAUX ( BD JEAN )";"47,7568900000";" -3,3863200000"
"202100031061";"1";"07";"2021";"15:40";"1";"56";"56121";"2";"2";"1";"3";"CARNOT (RUE  LAZARE )";"47,7427000000";" -3,3607300000"
"202100031062";"28";"06";"2021";"15:30";"1";"56";"56121";"2";"4";"2";"6";"INDES (PONT DES)";"47,7573600000";" -3,3549600000"
"202100031063";"1";"07";"2021";"18:13";"1";"55";"55029";"1";"1";"1";"1";"RD 152";"48,7320400000";"5,1564100000"
"202100031064";"17";"06";"2021";"08:15";"1";"54";"54528";"2";"9";"1";"6";"PONT BERNON (AVENUE)";"48,6901900000";"5,8933000000"
"202100031065";"2";"07";"2021";"17:50";"1";"54";"54526";"2";"9";"1";"6";"TOMBLAINE (RUE DE)";"48,6877400000";"6,2059300000"
"202100031066";"29";"06";"2021";"18:45";"1";"54";"54526";"2";"9";"1";"2";"TOLSTOI (BOULEVARD)";"48,6771800000";"6,2199800000"
"202100031067";"17";"06";"2021";"17:40";"1";"54";"54280";"2";"1";"1";"6";"EUGENE BASTIEN (RUE)";"49,2272600000";"6,0083700000"
"202100031068";"3";"07";"2021";"18:55";"1";"51";"51454";"2";"2";"1";"3";"Rue Paul Vaillant Couturier";"49,2774600000";"4,0107400000"
"202100031069";"2";"07";"2021";"20:10";"1";"51";"51454";"2";"9";"1";"7";"Avenue LÃ©on Blum";"49,2265000000";"4,0114100000"
"202100031070";"2";"07";"2021";"17:05";"1";"51";"51474";"2";"3";"1";"3";"Rue de la Neuvillette";"49,2658900000";"3,9934900000"
"202100031071";"2";"07";"2021";"08:40";"1";"51";"51474";"2";"1";"1";"2";"Rue de la Liberation";"49,2621010000";"3,9856040000"
"202100031072";"2";"07";"2021";"10:25";"1";"50";"50502";"2";"1";"1";"2";"COMMUNE (boulevard de La)";"49,1037600000";" -1,0719800000"
"202100031073";"29";"06";"2021";"16:45";"1";"50";"50218";"2";"1";"1";"2";"VENDEENS (AV DES)";"48,8353200000";" -1,5793000000"
"202100031074";"28";"06";"2021";"15:45";"1";"50";"50218";"2";"1";"3";"2";"PORT (RUE DU)";"48,8359900000";" -1,6038700000"
"202100031075";"1";"07";"2021";"13:10";"1";"50";"50537";"1";"1";"1";"1";"LE GRAND GRIS CAILLOU";"49,0482400000";" -1,4216400000"
"202100031076";"25";"06";"2021";"12:10";"1";"50";"50129";"2";"3";"3";"3";"NORMANDIE (AVENUE DE)";"49,6267600000";" -1,6343000000"
"202100031077";"28";"06";"2021";"18:30";"1";"49";"49099";"2";"1";"2";"7";"CARNOT (RUE SADI)";"47,0612000000";" -0,8709200000"
"202100031078";"3";"07";"2021";"21:20";"1";"49";"49007";"2";"1";"1";"1";"VOLNEY";"47,4600000000";" -0,5373000000"
"202100031079";"2";"07";"2021";"11:11";"1";"49";"49007";"2";"1";"1";"7";"COEFFARD";"47,4744000000";" -0,5318300000"
"202100031080";"2";"07";"2021";"08:28";"1";"49";"49007";"2";"1";"1";"6";"JAURES";"47,4561400000";" -0,5239800000"
"202100031081";"30";"06";"2021";"12:28";"1";"49";"49007";"2";"1";"1";"3";"COUPERIN";"47,4672700000";" -0,5292500000"
"202100031082";"30";"06";"2021";"18:06";"1";"49";"49007";"2";"1";"1";"2";"GASNIER AVENUE";"47,4834380000";" -0,5699140000"
"202100031083";"29";"06";"2021";"18:30";"1";"49";"49007";"2";"1";"1";"6";"HOCHE";"47,4677500000";" -0,5587800000"
"202100031084";"27";"06";"2021";"22:40";"5";"49";"49015";"2";"1";"1";"6";"BRUYERES RUE DES";"47,4964800000";" -0,5851400000"
"202100031085";"28";"06";"2021";"17:34";"1";"49";"49007";"2";"1";"1";"1";"RAMON BOULEVARD";"47,4864400000";" -0,5370200000"
"202100031086";"28";"06";"2021";"09:14";"1";"49";"49007";"2";"1";"1";"4";"MONPLAISIR BOULEVARD";"47,4908500000";" -0,5271800000"
"202100031087";"27";"06";"2021";"21:35";"2";"49";"49267";"2";"1";"1";"7";"PLEIN PONT";"47,4733300000";" -0,5070200000"
"202100031088";"2";"07";"2021";"10:50";"1";"47";"47215";"1";"1";"1";"3";"R D 118";"44,3811006131";"0,6699511565"
"202100031089";"1";"07";"2021";"12:50";"1";"45";"45302";"2";"2";"1";"3";"Rue Nationale 20";"47,9546200000";"1,8911600000"
"202100031090";"1";"07";"2021";"07:50";"1";"45";"45232";"2";"1";"1";"1";"Rue de la Reine Blanche";"47,8723900000";"1,8858900000"
"202100031091";"29";"06";"2021";"09:45";"1";"45";"45284";"1";"1";"2";"2";"D2060-PK93+405";"47,9238049227";"1,9551447630"
"202100031092";"2";"07";"2021";"16:25";"1";"44";"44109";"1";"1";"1";"3";"MAUVES ( BD DE LA PRAIRIE)";"47,2250700000";" -1,4972900000"
"202100031093";"2";"07";"2021";"15:05";"1";"43";"43089";"2";"1";"1";"6";"42 Avenue de lââHermitage";"45,0550600000";"3,8646900000"
"202100031094";"30";"06";"2021";"08:45";"1";"43";"43157";"2";"1";"1";"1";"39 Boulevard Marechal Joffre";"45,0493800000";"3,8946800000"
"202100031095";"3";"07";"2021";"16:15";"1";"42";"42044";"1";"1";"1";"7";"Route de Malmont";"45,3725280000";"4,3254130000"
"202100031096";"1";"07";"2021";"14:20";"1";"41";"41018";"1";"1";"1";"2";"RD 957";"47,6118630000";"1,3371030000"
"202100031097";"1";"07";"2021";"23:30";"5";"38";"38318";"2";"1";"1";"6";"Route de Cancanne";"45,5335719624";"4,9035125971"
"202100031098";"2";"07";"2021";"17:15";"1";"38";"38179";"2";"4";"1";"1";"PETIT JEAN (RUE DU)";"45,1822000000";"5,7837000000"
"202100031099";"2";"07";"2021";"13:35";"1";"38";"38185";"2";"2";"1";"6";"Rue Docteur Calmette";"45,1807900000";"5,7086400000"
"202100031100";"3";"06";"2021";"16:09";"1";"36";"36044";"2";"1";"1";"6";"217 Avenue de la ChÃ¢tre";"46,8037984289";"1,7152412325"
"202100031101";"2";"07";"2021";"14:45";"1";"37";"37122";"2";"1";"1";"7";"HUGO (AVENUE VICTOR)";"47,3510539271";"0,6639003754"
"202100031102";"1";"07";"2021";"13:37";"1";"37";"37122";"2";"6";"1";"3";"DOUZILLIERE (RUE DE LA)";"47,3388900000";"0,6534900000"
"202100031103";"1";"07";"2021";"10:20";"1";"37";"37261";"2";"1";"1";"7";"GANCE (BOULEVARD ABEL)";"47,4256466589";"0,7109523300"
"202100031104";"1";"07";"2021";"07:45";"1";"37";"37214";"2";"1";"1";"6";"MURIER (RUE DU)";"47,4210617442";"0,6631587446"
"202100031105";"30";"06";"2021";"18:55";"1";"37";"37261";"2";"1";"1";"5";"POMPIDOU (AVENUE GEORGES)";"47,3859782038";"0,7095783949"
"202100031106";"30";"06";"2021";"17:20";"1";"37";"37261";"2";"3";"1";"2";"DE GAULLE (AVENUE DU GENERAL)";"47,3812454798";"0,7019555569"
"202100031107";"1";"07";"2021";"11:25";"1";"33";"33281";"2";"9";"1";"6";"Avenue PrÃ©sident John Fitzgerald Kennedy";"44,8329200000";" -0,6534500000"
"202100031108";"3";"07";"2021";"19:00";"2";"35";"35238";"2";"6";"1";"3";"VILLEBOIS MAREUIL (BD)";"48,1039800000";" -1,6498800000"
"202100031109";"3";"07";"2021";"05:32";"5";"35";"35238";"2";"2";"2";"6";"VILLEBOIS MAREUIL (BD)";"48,1006410000";" -1,6496650000"
"202100031110";"2";"07";"2021";"10:00";"1";"35";"35238";"2";"3";"1";"6";"BREST (DE)";"48,1117500000";" -1,6892000000"
"202100031111";"18";"06";"2021";"19:00";"1";"35";"35115";"2";"1";"1";"2";"JAURES (BD JEAN)";"48,3509900000";" -1,1967300000"
"202100031112";"30";"06";"2021";"15:50";"1";"34";"34172";"2";"1";"1";"3";"JUIN (AVENUE ALPHONSE)";"43,6194200000";"3,9009000000"
"202100031113";"3";"07";"2021";"16:40";"1";"33";"33318";"2";"4";"1";"3";"Avenue du GÃ©nÃ©ral Leclerc";"44,7980000000";" -0,6645900000"
"202100031114";"3";"07";"2021";"01:50";"5";"33";"33063";"2";"2";"2";"3";"Rue de la Course";"44,8513200000";" -0,5761800000"
"202100031115";"2";"07";"2021";"12:30";"1";"33";"33162";"2";"3";"1";"1";"Avenue du Haillan";"44,8844300000";" -0,6610400000"
"202100031116";"2";"07";"2021";"16:10";"1";"33";"33063";"2";"1";"1";"6";"Rue de BÃ¨gles";"44,8244130000";" -0,5661570000"
"202100031117";"2";"07";"2021";"03:00";"5";"33";"33249";"2";"1";"1";"6";"Quai Chaigneau Bichon";"44,8793700000";" -0,5330600000"
"202100031118";"1";"07";"2021";"16:30";"1";"33";"33069";"2";"9";"1";"3";"Avenue de la LibÃ©ration Charles de Gaulle";"44,8680999447";" -0,6077706964"
"202100031119";"1";"07";"2021";"13:10";"1";"33";"33192";"2";"9";"1";"6";"Boulevard de Malartic";"44,7700900000";" -0,6015800000"
"202100031120";"1";"07";"2021";"10:30";"1";"33";"33063";"2";"1";"1";"3";"Boulevard du PrÃ©sident Wilson";"44,8507420000";" -0,5958550000"
"202100031121";"1";"07";"2021";"11:40";"1";"33";"33063";"2";"3";"1";"3";"Rue FondaudÃ¨ge";"44,8495000000";" -0,5847200000"
"202100031122";"1";"07";"2021";"09:10";"1";"33";"33063";"2";"9";"1";"3";"Avenue des Trois Cardinaux";"44,8880100000";" -0,5584400000"
"202100031123";"1";"07";"2021";"06:00";"2";"33";"33063";"2";"3";"1";"3";"Cours de Verdun";"44,8471800000";" -0,5765700000"
"202100031124";"30";"06";"2021";"05:50";"2";"33";"33281";"2";"6";"1";"3";"Avenue Marcel Dassault";"44,8481000000";" -0,6796400000"
"202100031125";"3";"07";"2021";"16:05";"1";"33";"33009";"2";"1";"8";"2";"PLAGE (BD DE LA) DU 196 ET +";"44,6628100000";" -1,1766300000"
"202100031126";"2";"07";"2021";"10:15";"1";"33";"33009";"2";"1";"1";"6";"Boulevard du GÃ©nÃ©ral Leclerc";"44,6598500000";" -1,1662700000"
"202100031127";"3";"07";"2021";"22:10";"5";"31";"31149";"1";"1";"1";"3";"ECH LES ARMURIERS";"43,5974800000";"1,3638300000"
"202100031128";"2";"07";"2021";"11:00";"1";"31";"31149";"2";"3";"1";"3";"PAUL VALERY";"43,6024800000";"1,3449300000"
"202100031129";"1";"07";"2021";"19:30";"1";"31";"31555";"2";"9";"1";"3";"AV DE LA GLOIRE";"43,6051300000";"1,4574100000"
"202100031130";"1";"07";"2021";"18:31";"1";"31";"31555";"1";"3";"1";"3";"AV CAMILLE PUJOL";"43,6015000000";"1,4590600000"
"202100031131";"11";"05";"2021";"11:50";"1";"31";"31483";"1";"1";"2";"1";"D 9  ROUTE DE LA SERRE DE NEROUS";"43,1296400000";"0,7076100000"
"202100031132";"27";"06";"2021";"19:25";"1";"30";"30189";"2";"1";"1";"6";"THALES (RUE OU PLACE)";"43,8292800000";"4,3329600000"