"Num_Acc";"jour";"mois";"an";"hrmn";"lum";"dep";"com";"agg";"int";"atm";"col";"adr";"lat";"long"
"202100031133";"25";"06";"2021";"19:45";"1";"30";"30189";"2";"1";"1";"3";"VERDUN (RUE)";"43,8312300000";"4,3504300000"
"202100031134";"25";"06";"2021";"15:48";"1";"30";"30075";"1";"1";"1";"5";"Route de Sauve";"43,8547000000";"4,2553000000"
"202100031135";"26";"06";"2021";"08:45";"1";"30";"30028";"2";"1";"1";"6";"MARECHAL DE LATTRE DE TASSIGNY (AVENUE)";"44,1688500000";"4,6168500000"
"202100031136";"25";"06";"2021";"16:15";"1";"29";"29232";"2";"1";"1";"4";"Route de Brest";"48,0007246374";" -4,0857338903"
"202100031137";"1";"07";"2021";"13:30";"1";"29";"29039";"2";"1";"1";"6";"Boulevard Alfred Guillou";"47,8758400000";" -3,9293400000"
"202100031138";"7";"07";"2021";"08:39";"1";"29";"29019";"2";"6";"1";"3";"Rue Kertatupage";"48,4093900000";" -4,4831700000"
"202100031139";"30";"06";"2021";"14:10";"1";"29";"29019";"2";"1";"1";"1";"Rue Pierre SÃ©mard";"48,3875800000";" -4,4710200000"
"202100031140";"30";"06";"2021";"17:20";"1";"29";"29019";"2";"1";"1";"1";"Rue Anatole France";"48,3831000000";" -4,5092100000"
"202100031141";"30";"06";"2021";"14:10";"1";"29";"29019";"2";"1";"1";"3";"Rue du ChÃ¢teau";"48,3882696270";" -4,4845274091"
"202100031142";"1";"07";"2021";"08:30";"1";"27";"27701";"2";"2";"1";"3";"FALAISES (ROUTE DES) NATION A ANDELLE";"49,2736500000";"1,2237400000"
"202100031143";"3";"07";"2021";"11:30";"1";"25";"25056";"2";"3";"1";"3";"BELFORT RUE DE (inf144)";"47,2510700000";"6,0344900000"
"202100031144";"1";"07";"2021";"09:12";"1";"25";"25056";"2";"1";"1";"3";"BELFORT RUE DE (inf144)";"47,2469000000";"6,0265400000"
"202100031145";"30";"06";"2021";"18:10";"1";"22";"22113";"1";"1";"1";"2";"PERROS (ROUTE DE)";"48,7467200000";" -3,4468300000"
"202100031146";"29";"06";"2021";"19:25";"1";"21";"21231";"2";"2";"2";"3";"JACQUES CELLERIER (RUE)";"47,3266035154";"5,0329165629"
"202100031147";"27";"06";"2021";"03:55";"5";"21";"21231";"2";"2";"1";"3";"24 Boulevard Carnot";"47,3190387353";"5,0479161462"
"202100031148";"17";"08";"2021";"21:15";"5";"21";"21054";"2";"9";"1";"6";"42C Rue du Moulin Perpreuil";"47,0168470446";"4,8420160032"
"202100031149";"2";"07";"2021";"16:50";"1";"21";"21054";"2";"6";"1";"3";"Rue Gustave Eiffel";"47,0412967983";"4,8445637048"
"202100031150";"3";"07";"2021";"14:01";"1";"17";"17300";"2";"1";"1";"4";"MONNET   AVENUE JEAN";"46,1434400000";" -1,1534000000"
"202100031151";"2";"07";"2021";"08:20";"1";"17";"17300";"2";"6";"1";"3";"DENFERT-ROCHEREAU   AVENUE (15)";"46,1656000000";" -1,1883000000"
"202100031152";"1";"07";"2021";"11:15";"1";"17";"17300";"2";"1";"1";"3";"MAIL   ALLEE DU";"46,1555600000";" -1,1692100000"
"202100031153";"2";"07";"2021";"15:45";"1";"14";"14437";"2";"1";"1";"4";"N814";"49,1795900000";" -0,3226300000"
"202100031154";"2";"07";"2021";"11:50";"1";"14";"14118";"2";"9";"1";"6";"Place Louis Guillouard";"49,1810000000";" -0,3698000000"
"202100031155";"30";"06";"2021";"18:00";"1";"14";"14137";"2";"2";"1";"3";"Rue du Poirier";"49,1929200000";" -0,4469600000"
"202100031156";"30";"06";"2021";"10:05";"1";"14";"14383";"1";"9";"1";"2";"N814";"49,1461600000";" -0,4091100000"
"202100031157";"1";"07";"2021";"14:15";"1";"13";"13054";"2";"1";"1";"2";"COMBATTANTS AFN 52 62 (AV DES )";"43,4039952938";"5,2236442193"
"202100031158";"3";"07";"2021";"03:00";"5";"13";"13215";"2";"1";"1";"1";"BOURRELY (CHEMIN DES)";"43,3838600000";"5,3650800000"
"202100031159";"3";"07";"2021";"18:00";"1";"13";"13214";"2";"1";"1";"6";"MAHOUBI TIR ";"43,3332055000";"5,3977304000"
"202100031160";"3";"07";"2021";"05:20";"2";"13";"13215";"2";"1";"1";"2";"LYON (RUE DE)";"43,3328078516";"5,3643246560"
"202100031161";"3";"07";"2021";"02:15";"5";"13";"13213";"2";"1";"1";"3";"JEAN PAUL SARTRE (AVENUE)";"43,3138200000";"5,4060700000"
"202100031162";"2";"07";"2021";"19:34";"5";"13";"13210";"2";"1";"1";"6";"ELIE WIESEL (BD)";"43,2825700000";"5,4267700000"
"202100031163";"2";"07";"2021";"08:40";"1";"75";"75119";"2";"1";"1";"3";"BOULEVARD PERIPHERIQUE";"48,9003090000";"2,3779940000"
"202100031164";"2";"07";"2021";"14:50";"1";"13";"13212";"2";"1";"1";"3";"PEINTRES ROUX (AVENUE DES)";"43,3030000000";"5,4730000000"
"202100031165";"2";"07";"2021";"12:55";"1";"13";"13211";"2";"1";"1";"3";"LOUIS REGIS (RUE)";"43,2890000000";"5,4970000000"
"202100031166";"1";"07";"2021";"18:40";"1";"13";"13210";"2";"1";"1";"3";"MIREILLE LAUZE (BOULEVARD)";"43,2825200000";"5,4104500000"
"202100031167";"1";"07";"2021";"17:00";"1";"13";"13213";"2";"1";"1";"1";"POUNCHE (CHEMIN DE LA)";"43,3283849000";"5,4548886000"
"202100031168";"2";"07";"2021";"15:25";"1";"13";"13063";"2";"1";"1";"3";"MARIUS CHALVE AVENUE";"43,5792000000";"4,9996200000"
"202100031169";"1";"07";"2021";"14:45";"1";"13";"13005";"2";"9";"1";"3";"PALUDS (AVENUE DES)";"43,2860500000";"5,6016000000"
"202100031170";"1";"07";"2021";"20:50";"2";"13";"13001";"2";"1";"1";"3";"DEPORTES DE LA RESISTANCE(AV)";"43,5249600000";"5,4603400000"
"202100031171";"3";"07";"2021";"17:05";"1";"12";"12176";"1";"2";"1";"6";"VABRE (AVENUE DE)";"44,4009800000";"2,5603500000"
"202100031172";"2";"07";"2021";"18:00";"1";"12";"12305";"2";"2";"1";"3";"JAURES JEAN (AVENUE)";"44,5560100000";"2,2165200000"
"202100031173";"1";"07";"2021";"15:00";"1";"11";"11069";"2";"1";"1";"2";"ROCADE NORD - RD 6113";"43,2300100000";"2,3428700000"
"202100031174";"1";"07";"2021";"19:10";"1";"10";"10387";"2";"3";"1";"3";"QUATORZE JUILLET (RUE DU)";"48,2941000000";"4,0778300000"
"202100031175";"1";"07";"2021";"00:53";"5";"10";"10297";"2";"1";"1";"6";"ROGER SALENGRO (RUE)";"48,3142500000";"4,0988200000"
"202100031176";"29";"06";"2021";"12:31";"1";"10";"10343";"2";"3";"1";"3";"RONSARD (RUE)";"48,2683590000";"4,0973910000"
"202100031177";"2";"07";"2021";"14:10";"1";"07";"07281";"1";"1";"1";"7";"TASSINI (AVENUE VICTOR)";"44,9456312280";"4,8367734314"
"202100031178";"3";"07";"2021";"11:50";"1";"06";"06088";"2";"3";"1";"3";"GAMBETTA (A PARTIR DU NÂ° 63-74)";"43,7028650000";"7,2561700000"
"202100031179";"2";"07";"2021";"14:40";"1";"06";"06088";"2";"1";"1";"6";"LANTERNE (AV. DE LA)";"43,6837910000";"7,2215750000"
"202100031180";"2";"07";"2021";"09:15";"1";"06";"06083";"2";"1";"1";"6";"MONNET (AVENUE JEAN)";"43,7655400000";"7,4852300000"
"202100031181";"2";"07";"2021";"19:15";"1";"06";"06069";"2";"1";"7";"6";"SIDI BRAHIM (AVENUE)";"43,6512340000";"6,9262090000"
"202100031182";"2";"07";"2021";"21:15";"2";"06";"06029";"2";"1";"1";"3";"MIDI (BOULEVARD DU)";"43,5465900000";"6,9750400000"
"202100031183";"4";"07";"2021";"01:30";"5";"06";"06027";"2";"2";"1";"3";"NICE AVENUE DE (RN7)";"43,6596000000";"7,1695800000"
"202100031184";"2";"07";"2021";"19:10";"1";"06";"06123";"1";"3";"1";"3";"ZOO AVENUE DU";"43,6655180000";"7,1823010000"
"202100031185";"3";"07";"2021";"20:40";"1";"06";"06155";"2";"6";"1";"3";"CANNES AV.DE";"43,5740550000";"7,0491060000"
"202100031186";"1";"07";"2021";"15:56";"1";"05";"05061";"2";"1";"1";"3";"CHARLES AUROUZE ( RUE )";"44,5655398408";"6,0792992659"
"202100031187";"2";"07";"2021";"21:50";"5";"01";"01053";"1";"2";"1";"3";"LECLERC (BVD  MARECHAL COTE PAIR)";"46,2051400000";"5,2187700000"
"202100031188";"3";"07";"2021";"12:00";"1";"75";"75117";"2";"1";"1";"3";"PORTE D ASNIERES";"48,8926100000";"2,3024620000"
"202100031189";"2";"07";"2021";"12:30";"1";"75";"75115";"2";"1";"1";"7";"BOULEVARD PERIPHERIQUE";"48,8346400000";"2,2746810000"
"202100031190";"3";"07";"2021";"16:41";"1";"75";"75115";"2";"5";"1";"3";"RUE FREMICOURT";"48,8470530000";"2,2959320000"
"202100031191";"3";"07";"2021";"03:25";"5";"75";"75119";"2";"1";"1";"6";"AVENUE JEAN JAURES";"48,8886210000";"2,3924110000"
"202100031192";"3";"07";"2021";"12:00";"1";"75";"75118";"2";"1";"8";"6";"RUE DAMREMONT";"48,8912140000";"2,3347170000"
"202100031193";"2";"07";"2021";"14:40";"1";"75";"75118";"2";"1";"1";"6";"BOULEVARD BARBES";"48,8859970000";"2,3495440000"
"202100031194";"3";"07";"2021";"02:20";"5";"75";"75116";"2";"2";"1";"3";"AVENUE DE VERSAILLES";"48,8487230000";"2,2750510000"
"202100031195";"2";"07";"2021";"22:00";"5";"75";"75116";"2";"1";"1";"3";"VOIE GEORGES POMPIDOU";"48,8493990000";"2,2770070000"
"202100031196";"2";"07";"2021";"22:30";"5";"75";"75115";"2";"1";"1";"2";"BOULEVARD PASTEUR";"48,8394140000";"2,3161320000"
"202100031197";"3";"07";"2021";"11:00";"1";"75";"75113";"2";"2";"1";"6";"RUE DE TOLBIAC";"48,8284720000";"2,3729620000"
"202100031198";"3";"07";"2021";"17:50";"1";"75";"75109";"2";"2";"1";"3";"RUE DE CHATEAUDUN";"48,8758690000";"2,3403360000"
"202100031199";"3";"07";"2021";"18:57";"1";"75";"75108";"2";"7";"1";"6";"PLACE DE LA CONCORDE";"48,8656870000";"2,3218650000"
"202100031200";"3";"07";"2021";"12:35";"1";"75";"75101";"2";"2";"1";"6";"RUE DE RIVOLI";"48,8637440000";"2,3321050000"
"202100031201";"3";"07";"2021";"07:20";"1";"75";"75104";"2";"4";"1";"6";"QUAI HENRI IV";"48,8478520000";"2,3640470000"
"202100031202";"3";"07";"2021";"18:15";"1";"94";"94068";"2";"3";"1";"1";"Avenue de la LibÃ©ration";"48,8114000000";"2,4786100000"
"202100031203";"3";"07";"2021";"04:03";"4";"94";"94028";"2";"1";"1";"6";"Rue du GÃ©nÃ©ral Leclerc";"48,7868600000";"2,4688600000"
"202100031204";"3";"07";"2021";"18:30";"1";"94";"94038";"2";"1";"7";"3";"Rue Henri Thirard";"48,7781890000";"2,3455400000"
"202100031205";"3";"07";"2021";"19:00";"1";"94";"94028";"2";"1";"1";"1";"CHOISY(ROUTE DE)";"48,7877000000";"2,4507000000"
"202100031206";"3";"07";"2021";"01:36";"4";"94";"94011";"2";"1";"1";"3";"Avenue de Paris";"48,7804800000";"2,4754100000"
"202100031207";"3";"07";"2021";"15:20";"1";"93";"93070";"2";"2";"1";"1";"VICTOR-HUGO (BD)";"48,9073000000";"2,3263200000"
"202100031208";"3";"07";"2021";"20:58";"1";"93";"93055";"2";"1";"1";"6";"VOIE F";"48,9143700000";"2,4128500000"
"202100031209";"3";"07";"2021";"03:20";"5";"93";"93053";"2";"3";"1";"3";"GAGNY (AVENUE DE)";"48,8864500000";"2,4740400000"
"202100031210";"3";"07";"2021";"17:30";"1";"93";"93046";"2";"1";"1";"3";"Boulevard Robert Schuman";"48,9285340000";"2,5502850000"
"202100031211";"3";"07";"2021";"19:10";"1";"93";"93045";"2";"1";"1";"2";"Rue de Paris";"48,8829300000";"2,4266700000"
"202100031212";"3";"07";"2021";"05:50";"2";"93";"93057";"2";"2";"1";"1";"WILSON (AV. DU PRESIDENT) 1 A 69";"48,9049300000";"2,5102900000"
"202100031213";"3";"07";"2021";"20:00";"1";"93";"93008";"2";"2";"1";"6";"Avenue Paul Vaillant - Couturier / Avenue Edouard Vaillant";"48,9059400000";"2,4696300000"
"202100031214";"3";"07";"2021";"08:20";"1";"93";"93001";"2";"1";"1";"3";"SAINT GOBAIN (RUE DE)";"48,9127580000";"2,3675750000"
"202100031215";"3";"07";"2021";"13:20";"1";"92";"92073";"2";"1";"1";"6";"GALLIENI (QUAI)";"48,8697179090";"2,2309193015"
"202100031216";"3";"07";"2021";"13:56";"1";"92";"92072";"2";"1";"1";"1";"CRISTALLERIE (AVENUE DE LA)";"48,8263917048";"2,2214417160"
"202100031217";"3";"07";"2021";"13:30";"1";"92";"92062";"2";"1";"1";"1";"BAS-ROGERS (RUE DES) NÂ° 38 AU 96";"48,8801129053";"2,2301729769"
"202100031218";"3";"07";"2021";"06:20";"2";"92";"92040";"2";"1";"1";"7";"PDT ROOSEVELT (QUAI DU)";"48,8283356727";"2,2607347369"
"202100031219";"2";"07";"2021";"22:55";"5";"92";"92026";"2";"3";"1";"3";"SAINT DENIS BD (120 A 174 / 199 A 315)";"48,9021755272";"2,2736737132"
"202100031220";"3";"07";"2021";"07:30";"1";"92";"92023";"2";"1";"1";"6";"PLAISANCE (RUE DE)";"48,7803400000";"2,2347800000"
"202100031221";"3";"07";"2021";"13:20";"1";"92";"92012";"2";"1";"1";"3";"EDOUARD VAILLANT (AVENUE) DEBUT/56 - COT";"48,8349611910";"2,2476562858"
"202100031222";"4";"07";"2021";"11:10";"1";"976";"97610";"1";"1";"1";"2";"Majikavo Koropa RN1";" -12,7480760000";"45,2280250000"
"202100031223";"2";"07";"2021";"18:25";"1";"54";"54250";"1";"1";"1";"7";"D80";"48,6827973591";"6,3674944648"
"202100031224";"4";"07";"2021";"06:15";"2";"83";"83058";"1";"1";"1";"1";"Route de Lorgues";"43,5320616045";"6,3212352783"
"202100031225";"4";"07";"2021";"04:05";"3";"95";"95116";"1";"1";"2";"7";"Chemin du Bac des Aubins";"49,1475630000";"2,3311610000"
"202100031226";"4";"07";"2021";"09:20";"1";"84";"84116";"1";"1";"2";"1";"1835 Route de Nyons";"44,2625310000";"5,1008540000"
"202100031227";"1";"06";"2021";"19:29";"1";"81";"81297";"1";"1";"1";"3";"RN88";"43,9151453687";"2,0639705659"
"202100031228";"4";"07";"2021";"15:40";"1";"68";"68367";"1";"1";"2";"1";"D12";"48,0648880000";"7,4621090000"
"202100031229";"3";"07";"2021";"22:50";"3";"974";"97422";"2";"1";"1";"1";"93 Rue Alverdy";" -21,2795120000";"55,5125050000"
"202100031230";"4";"07";"2021";"16:00";"1";"83";"83036";"1";"1";"8";"7";"Avenue des Sauvagieres";"43,1993450000";"6,5251650000"
"202100031231";"2";"07";"2021";"17:30";"1";"74";"74010";"2";"6";"1";"3";"avenue des carrÃ©s";"45,9152970000";"6,1468850000"
"202100031232";"3";"07";"2021";"14:10";"1";"76";"76201";"1";"1";"2";"3";"N31";"49,4581940000";"1,4103700000"
"202100031233";"4";"07";"2021";"03:08";"3";"2A";"2A092";"1";"1";"1";"6";"entre les lieux dits "" Tarcu"" et "" Fautea"" -PK: 46+150";"41,7203090000";"9,4032190000"
"202100031234";"26";"06";"2021";"12:30";"1";"82";"82148";"1";"1";"1";"6";"Route de Caussade";"44,2364640000";"1,6070560000"
"202100031235";"3";"07";"2021";"18:15";"1";"49";"49261";"2";"1";"1";"6";"Route de Doue";"47,3373210000";" -0,2314640000"
"202100031236";"3";"07";"2021";"12:40";"1";"12";"12289";"1";"1";"3";"3";"D5";"44,5023630000";"2,2358300000"
"202100031237";"3";"07";"2021";"20:50";"2";"34";"34239";"1";"1";"8";"6";"Route de Jonquiere";"43,6588530000";"3,4974500000"
"202100031238";"3";"07";"2021";"20:00";"1";"34";"34281";"1";"9";"1";"5";"D32";"43,5244400000";"3,4848790000"
"202100031239";"4";"07";"2021";"08:30";"1";"29";"29049";"1";"1";"8";"6";"Tachen Coadic";"48,0312570000";" -3,9446710000"
"202100031240";"29";"06";"2021";"19:30";"2";"38";"38389";"1";"1";"9";"1";"Route de Lafayette";"45,5623360000";"5,0722070000"
"202100031241";"3";"07";"2021";"15:00";"1";"38";"38517";"1";"1";"2";"3";"D73e";"45,3060440000";"5,4765130000"
"202100031242";"3";"07";"2021";"20:15";"2";"01";"01240";"2";"1";"1";"7";"125 Rue de Charmine";"46,2686740000";"5,5667880000"
"202100031243";"4";"07";"2021";"00:25";"4";"01";"01373";"2";"1";"1";"6";"58 grande rue";"46,1372150000";"5,5519630000"
"202100031244";"3";"07";"2021";"18:50";"1";"01";"01138";"1";"1";"8";"1";"N/A";"45,8317300000";"5,7903960000"
"202100031245";"3";"07";"2021";"21:30";"1";"72";"72040";"1";"1";"1";"6";"Le Champ sous Bois";"48,1715444704";"0,5577437081"
"202100031246";"3";"07";"2021";"02:45";"3";"06";"06059";"1";"1";"1";"6";"ROUTE DE LA TURBIE";"43,7347320000";"7,3802380000"
"202100031247";"28";"06";"2021";"12:40";"1";"14";"14621";"2";"4";"1";"3";"D47";"49,0442750000";"0,3614760000"
"202100031248";"3";"07";"2021";"16:20";"1";"64";"64495";"2";"4";"8";"2";"D918";"43,3591040000";" -1,6141750000"
"202100031249";"3";"07";"2021";"16:10";"1";"04";"04135";"2";"1";"1";"6";"RD 952";"43,8462120000";"6,2036060000"
"202100031250";"4";"07";"2021";"14:01";"1";"04";"04174";"1";"3";"2";"7";"RD 2202 / RN 202";"43,9707870000";"6,7598450000"
"202100031251";"3";"07";"2021";"20:25";"1";"04";"04094";"1";"1";"1";"1";"RD 952";"43,7518460000";"5,8550370000"
"202100031252";"3";"07";"2021";"13:00";"1";"85";"85059";"1";"6";"9";"7";"ROUTE DEPARTEMENTALE 938 TER";"46,6392640000";" -0,7374790000"
"202100031253";"3";"07";"2021";"00:55";"3";"30";"30147";"1";"1";"1";"6";"D907";"44,0110580000";"4,0473910000"
"202100031254";"4";"07";"2021";"00:30";"3";"30";"30223";"1";"1";"1";"3";"Popnt d'avÃ¨ne";"44,2105590000";"4,1456410000"
"202100031255";"3";"07";"2021";"20:30";"1";"08";"08478";"1";"1";"1";"1";"D27";"49,6337300000";"4,7173830000"
"202100031256";"2";"07";"2021";"11:52";"1";"40";"40152";"1";"1";"1";"2";"A 63 - PK 101";"43,9799850000";" -1,0495590000"
"202100031257";"1";"07";"2021";"23:45";"3";"13";"13044";"1";"1";"1";"5";"D69";"43,6179730000";"5,0335610000"
"202100031258";"4";"07";"2021";"00:06";"3";"06";"06085";"1";"1";"1";"1";"Chemin de Carimail";"43,5746550000";"6,9759860000"
"202100031259";"3";"07";"2021";"07:32";"2";"13";"13051";"1";"1";"1";"2";"autoroute A7";"43,5987300000";"5,1581670000"
"202100031260";"4";"07";"2021";"07:20";"1";"78";"78349";"1";"1";"1";"6";"A10";"48,5713790000";"1,9951290000"
"202100031261";"3";"07";"2021";"15:15";"1";"974";"97422";"2";"1";"1";"1";"74 Rue Jean de Fos du Rau";" -21,2240070000";"55,5518960000"
"202100031262";"2";"07";"2021";"13:25";"1";"971";"97125";"1";"1";"6";"2";"Chemin de l Esperance";"16,2860030000";" -61,2706770000"
"202100031263";"2";"07";"2021";"18:00";"1";"28";"28321";"1";"2";"1";"1";"D115.2; D21";"48,8217140000";"1,4723070000"
"202100031264";"3";"07";"2021";"15:30";"1";"77";"77238";"1";"2";"1";"5";"D402";"48,8687730000";"3,0917930000"
"202100031265";"3";"07";"2021";"23:00";"3";"95";"95462";"1";"1";"1";"5";"RD 86";"49,1475197073";"1,7134260238"
"202100031266";"3";"07";"2021";"02:00";"3";"2B";"2B185";"1";"1";"1";"3";"RD 82";"42,6638670000";"9,3136170000"
"202100031267";"4";"07";"2021";"16:30";"1";"66";"66088";"2";"1";"1";"6";"6 Route de Prades";"42,6675960000";"2,6145300000"
"202100031268";"4";"07";"2021";"14:25";"1";"34";"34145";"2";"1";"1";"1";"Avenue du Vidourle";"43,6846250000";"4,1520340000"
"202100031269";"3";"07";"2021";"19:30";"1";"83";"83107";"2";"1";"1";"3";"Route DÃ©partementale 7";"43,4525450000";"6,6333390000"
"202100031270";"3";"07";"2021";"18:25";"1";"83";"83023";"1";"1";"1";"3";"Dn7";"43,4060960000";"6,0211840000"
"202100031271";"3";"07";"2021";"00:32";"3";"04";"04245";"1";"1";"1";"6";"Chemin de Pietramal";"43,8697140000";"5,8298670000"
"202100031272";"4";"07";"2021";"11:30";"1";"73";"73034";"1";"1";"2";"7";"Rte du Col du Pre";"45,6854128764";"6,5766920301"
"202100031273";"4";"07";"2021";"10:30";"1";"42";"42202";"1";"1";"3";"3";"2170 Route de Feurs";"45,7285840000";"4,3171330000"
"202100031274";"2";"07";"2021";"09:58";"1";"38";"38203";"1";"1";"1";"3";"N85";"45,0204740000";"5,7748600000"
"202100031275";"2";"07";"2021";"21:45";"2";"81";"81099";"1";"3";"1";"2";"D3";"43,9308360000";"1,9285350000"
"202100031276";"4";"07";"2021";"08:50";"1";"79";"79049";"1";"3";"2";"7";"N/A";"46,8819750000";" -0,4960370000"
"202100031277";"2";"07";"2021";"12:15";"1";"72";"72025";"2";"1";"1";"6";"35 Rue du Maine";"47,6893780000";" -0,1686730000"
"202100031278";"3";"07";"2021";"19:15";"1";"60";"60589";"1";"6";"1";"3";"Rond point du verbois";"49,2207930000";"2,4669240000"
"202100031279";"3";"07";"2021";"17:10";"1";"13";"13117";"1";"1";"1";"6";"A7-Sens Marseille vers Lyon";"43,4525300000";"5,2379000000"
"202100031280";"3";"07";"2021";"20:12";"1";"94";"94034";"1";"1";"1";"7";"AUTOROUTE A86";"48,7602012934";"2,3206169189"
"202100031281";"3";"07";"2021";"17:00";"1";"94";"94037";"1";"1";"1";"4";"AUTOROUTE A6B";"48,8106695381";"2,3500442505"
"202100031282";"3";"07";"2021";"13:40";"1";"94";"94034";"1";"1";"1";"4";"AUTOROUTE A86";"48,7599000000";"2,3223000000"
"202100031283";"3";"07";"2021";"14:00";"1";"92";"92050";"1";"1";"1";"2";"A86";"48,9153900000";"2,2202000000"
"202100031284";"3";"07";"2021";"01:10";"3";"78";"78206";"1";"1";"1";"2";"A13";"48,9563300000";"1,9360600000"
"202100031285";"3";"07";"2021";"13:15";"1";"93";"93006";"1";"1";"1";"3";"AUTOROUTE A3";"48,8664900000";"2,4239000000"
"202100031286";"3";"07";"2021";"19:20";"1";"95";"95154";"1";"1";"1";"6";"AUTOROUTE A1";"49,0450300000";"2,5450300000"
"202100031287";"2";"07";"2021";"12:50";"1";"92";"92036";"1";"1";"1";"6";"AUTOROUTE A86";"48,9389800000";"2,3026500000"
"202100031288";"2";"07";"2021";"19:20";"1";"95";"95582";"1";"1";"1";"2";" A15";"48,9657003372";"2,2591197611"
"202100031289";"2";"07";"2021";"15:45";"1";"93";"93027";"1";"1";"1";"4";"AUTOROUTE A86";"48,9229100000";"2,3806800000"
"202100031290";"2";"07";"2021";"11:55";"1";"75";"75105";"2";"1";"1";"3";"RUE SAINT JACQUES";"48,8504460000";"2,3453250000"
"202100031291";"2";"07";"2021";"19:50";"1";"75";"75120";"2";"2";"1";"2";"RUE DE MENILMONTANT";"48,8700820000";"2,3957660000"
"202100031292";"2";"07";"2021";"17:15";"1";"75";"75120";"2";"3";"1";"3";"BOULEVARD DAVOUT";"48,8527240000";"2,4107930000"
"202100031293";"2";"07";"2021";"17:05";"1";"75";"75119";"2";"3";"1";"3";"AVENUE DE FLANDRE";"48,8912370000";"2,3773880000"
"202100031294";"2";"07";"2021";"12:30";"1";"75";"75119";"2";"1";"1";"6";"RUE RIQUET";"48,8889410000";"2,3724610000"
"202100031295";"2";"07";"2021";"10:47";"1";"75";"75116";"2";"7";"1";"6";"AVENUE RAYMOND POINCARE";"48,8694210000";"2,2854190000"
"202100031296";"2";"07";"2021";"08:40";"1";"75";"75115";"2";"2";"1";"3";"BOULEVARD VICTOR";"48,8361670000";"2,2783060000"
"202100031297";"2";"07";"2021";"01:25";"5";"75";"75115";"2";"3";"1";"6";"QUAI BRANLY";"48,8545850000";"2,2889110000"
"202100031298";"1";"07";"2021";"18:05";"1";"75";"75115";"2";"4";"1";"3";"RUE LOUIS ARMAND";"48,8333580000";"2,2771760000"
"202100031299";"29";"06";"2021";"23:00";"5";"75";"75115";"2";"4";"1";"3";"RUE DE VAUGIRARD";"48,8398490000";"2,3021270000"
"202100031300";"2";"07";"2021";"05:20";"2";"75";"75114";"2";"7";"1";"6";"RUE FROIDEVAUX";"48,8347490000";"2,3311740000"
"202100031301";"2";"07";"2021";"02:55";"5";"75";"75113";"2";"7";"1";"6";"RUE DU CHATEAU DES RENTIERS";"48,8289800000";"2,3654290000"
"202100031302";"2";"07";"2021";"21:00";"1";"75";"75112";"2";"7";"1";"3";"BOULEVARD DE PICPUS";"48,8451400000";"2,4023970000"
"202100031303";"2";"07";"2021";"16:00";"1";"75";"75111";"2";"5";"1";"6";"RUE DU FAUBOURG SAINT ANTOINE";"48,8533380000";"2,3703370000"
"202100031304";"1";"07";"2021";"18:45";"1";"75";"75112";"2";"3";"1";"3";"RUE DE REUILLY";"48,8465840000";"2,3874600000"
"202100031305";"2";"07";"2021";"14:05";"1";"75";"75108";"2";"2";"1";"2";"AVENUE DES CHAMPS ELYSEES";"48,8677990000";"2,3139110000"
"202100031306";"2";"07";"2021";"14:20";"1";"75";"75107";"2";"3";"1";"3";"QUAI BRANLY";"48,8574730000";"2,2910510000"
"202100031307";"2";"07";"2021";"02:50";"5";"75";"75107";"2";"1";"1";"1";"QUAI ANATOLE FRANCE";"48,8613870000";"2,3232180000"
"202100031308";"1";"07";"2021";"20:30";"2";"75";"75102";"2";"7";"1";"3";"PLACE DE L OPERA";"48,8705720000";"2,3321610000"
"202100031309";"2";"07";"2021";"16:20";"1";"94";"94081";"2";"1";"1";"2";"Avenue Henri Barbusse";"48,7899000000";"2,3908000000"
"202100031310";"2";"07";"2021";"12:30";"1";"94";"94081";"2";"2";"1";"3";"Avenue Rouget de Lisle";"48,7826600000";"2,3939400000"
"202100031311";"2";"07";"2021";"13:30";"1";"94";"94067";"2";"3";"1";"3";"PARIS (av. de)";"48,8458700000";"2,4237000000"
"202100031312";"2";"07";"2021";"11:57";"1";"94";"94074";"2";"1";"1";"3";"Avenue Guy MÃ´quet";"48,7399300000";"2,4734900000"
"202100031313";"1";"07";"2021";"19:35";"1";"94";"94068";"2";"2";"1";"3";"GUYNEMER (AV)";"48,7890000000";"2,4860000000"
"202100031314";"2";"07";"2021";"17:12";"1";"94";"94046";"2";"3";"1";"6";"JEAN JAURES (R)";"48,8000790000";"2,4322630000"
"202100031315";"2";"07";"2021";"08:30";"1";"94";"94046";"2";"3";"1";"5";"Avenue du GÃ©nÃ©ral Leclerc";"48,8092500000";"2,4345000000"
"202100031316";"2";"07";"2021";"06:09";"5";"94";"94041";"2";"1";"1";"3";"Quai Jean Compagnon";"48,8207800000";"2,3954500000"
"202100031317";"28";"06";"2021";"13:30";"1";"94";"94041";"2";"1";"1";"3";"Avenue de la RÃ©publique";"48,8026080000";"2,3970980000"
"202100031318";"2";"07";"2021";"17:15";"1";"94";"94033";"2";"1";"1";"6";"Place Moreau-David";"48,8439000000";"2,4648100000"
"202100031319";"1";"07";"2021";"20:40";"1";"94";"94028";"2";"1";"1";"6";"ABYMES.(ESPLANADE DES)";"48,7734900000";"2,4568200000"
"202100031320";"1";"07";"2021";"11:40";"1";"94";"94011";"2";"1";"1";"6";"ROSTAND.(RUE JEAN)";"48,7672013545";"2,4851145253"
"202100031321";"2";"07";"2021";"17:15";"1";"94";"94022";"2";"1";"7";"3";"JEAN JAURES (R)";"48,7656800000";"2,4098800000"
"202100031322";"2";"07";"2021";"13:20";"1";"94";"94004";"2";"1";"1";"6";"8 MAI 1945 (AV DU)";"48,7583800000";"2,5036400000"