"Num_Acc";"jour";"mois";"an";"hrmn";"lum";"dep";"com";"agg";"int";"atm";"col";"adr";"lat";"long"
"202100031323";"2";"07";"2021";"17:30";"1";"93";"93046";"2";"2";"1";"2";"Avenue du MarÃ©chal Leclerc / AllÃ©e Joseph Noize";"48,9200000000";"2,5392900000"
"202100031324";"2";"07";"2021";"15:15";"1";"93";"93014";"2";"6";"1";"3";"Chemin des Postes / Allee de la Fosse Maussoin";"48,9078000000";"2,5320300000"
"202100031325";"2";"07";"2021";"06:40";"1";"93";"93005";"2";"1";"1";"2";"Boulevard de Strasbourg";"48,9249990000";"2,4874640000"
"202100031326";"2";"07";"2021";"20:26";"1";"93";"93001";"2";"1";"1";"3";"JEAN JAURES  (AVE)  157 A 213";"48,9133210000";"2,4024970000"
"202100031327";"1";"07";"2021";"17:40";"1";"92";"92072";"2";"9";"1";"6";"GRANDE RUE";"48,8208933457";"2,2016912699"
"202100031328";"1";"07";"2021";"20:43";"1";"92";"92036";"2";"1";"1";"2";"PIERRE DE COUBERTIN (BOULEVARD) (G.SAND";"48,9263290000";"2,2847200000"
"202100031329";"2";"07";"2021";"18:20";"1";"92";"92026";"2";"1";"1";"2";"PRÃSIDENT PAUL DOUMER (QUAI DU)";"48,8897600000";"2,2558000000"
"202100031330";"2";"07";"2021";"09:45";"1";"92";"92026";"2";"3";"1";"3";"VERDUN (DE 01 A 61)";"48,8968940236";"2,2641652822"
"202100031331";"1";"07";"2021";"17:25";"1";"92";"92025";"2";"1";"1";"3";"PDT S.ALLENDE> 278   147 (RUE DU)";"48,9221030000";"2,2332330000"
"202100031332";"2";"07";"2021";"17:50";"1";"92";"92024";"2";"1";"1";"3";"JEAN JAURES (BD) DE (111 A 159)";"48,9050817087";"2,3021246574"
"202100031333";"2";"07";"2021";"18:40";"1";"92";"92023";"2";"1";"1";"3";"LAZARE CARNOT (RUE)";"48,8094900000";"2,2712300000"
"202100031334";"2";"07";"2021";"19:05";"1";"92";"92012";"2";"6";"1";"7";"MARCEL SEMBAT (PLACE)";"48,8337055879";"2,2433513403"
"202100031335";"2";"07";"2021";"08:39";"1";"92";"92012";"2";"5";"1";"3";"VIEUX PONT DE SEVRES (RUE DU) 157/FIN";"48,8314968516";"2,2421812266"
"202100031336";"2";"07";"2021";"21:45";"2";"87";"87178";"1";"1";"8";"6";"RD29";"45,8792840000";"1,3727330000"
"202100031337";"3";"07";"2021";"09:50";"1";"06";"06114";"2";"1";"1";"1";"2087 Route de l Abadie";"43,7449030000";"7,2929310000"
"202100031338";"2";"07";"2021";"08:00";"1";"33";"33098";"2";"4";"1";"1";"N/A";"44,6812640000";" -0,3203090000"
"202100031339";"3";"07";"2021";"02:00";"5";"31";"31445";"2";"1";"1";"6";"74 Route de la Saune";"43,5808270000";"1,5359760000"
"202100031340";"29";"05";"2021";"16:30";"1";"68";"68044";"1";"1";"1";"7";"D148";"48,1590340000";"7,0748480000"
"202100031341";"3";"07";"2021";"10:00";"1";"52";"52014";"1";"1";"1";"6";"A31, point kilomÃ©trique 97+100";"47,7694580000";"5,1955140000"
"202100031342";"29";"06";"2021";"07:30";"1";"12";"12267";"1";"1";"2";"1";"D902";"44,0654180000";"2,5151400000"
"202100031343";"3";"07";"2021";"03:30";"3";"41";"41252";"1";"9";"1";"3";"A10 PK 136.000 Vers Paris";"47,7088370000";"1,4601520000"
"202100031344";"29";"06";"2021";"16:00";"1";"85";"85144";"1";"1";"1";"1";"Le Bois Trieau";"46,8440670000";" -1,1216300000"
"202100031345";"2";"07";"2021";"14:45";"1";"40";"40246";"1";"9";"1";"6";"Route de Luxey";"44,1517280000";" -0,7146320000"
"202100031346";"3";"07";"2021";"05:15";"3";"56";"56204";"1";"1";"2";"6";"Chateaubriand";"47,9052618000";" -2,7682972000"
"202100031347";"2";"07";"2021";"17:15";"1";"77";"77025";"1";"9";"1";"4";"Route dÃ©partementale 411 - PK 016.626";"48,4008640000";"3,2059160000"
"202100031348";"3";"07";"2021";"09:50";"1";"76";"76441";"2";"4";"2";"7";"D49";"49,9445580000";"1,5907750000"
"202100031349";"2";"07";"2021";"19:10";"1";"80";"80222";"1";"1";"1";"2";"D111";"50,2142620000";"1,8185750000"
"202100031350";"3";"07";"2021";"15:40";"1";"82";"82134";"1";"1";"9";"1";"D115";"44,0654396944";"1,5020415623"
"202100031351";"2";"07";"2021";"22:25";"3";"33";"33125";"1";"1";"1";"6";"8 Chemin de Cambeil";"45,2251264873";" -0,8832345243"
"202100031352";"3";"07";"2021";"08:00";"1";"32";"32369";"1";"1";"2";"1";"D931";"43,7945210000";"0,0222140000"
"202100031353";"3";"07";"2021";"15:00";"1";"11";"11304";"2";"4";"1";"5";"RD118";"42,8907950000";"2,1952110000"
"202100031354";"3";"07";"2021";"01:30";"3";"71";"71353";"1";"1";"1";"6";"route de Potte";"46,5403014514";"4,8919011831"
"202100031355";"3";"07";"2021";"11:30";"1";"55";"55245";"1";"1";"1";"6";"Lac de la Madine";"48,9379838696";"5,7247942686"
"202100031356";"3";"07";"2021";"12:55";"1";"42";"42026";"1";"1";"2";"6";"Route de Melay";"46,1741401801";"4,0768490732"
"202100031357";"3";"07";"2021";"03:00";"3";"42";"42139";"2";"1";"1";"7";"Route du Play";"45,2849650000";"4,3897620000"
"202100031358";"2";"07";"2021";"11:45";"1";"86";"86281";"1";"2";"1";"3";"RD 18";"46,7328440000";"0,1923720000"
"202100031359";"3";"07";"2021";"02:30";"3";"34";"34126";"1";"1";"1";"6";"D908";"43,5882050000";"3,0944700000"
"202100031360";"27";"06";"2021";"18:10";"1";"68";"68068";"1";"4";"1";"3";"D419";"47,6304050000";"7,1380230000"
"202100031361";"3";"07";"2021";"02:30";"3";"68";"68155";"1";"6";"1";"7";"D415";"48,1038780000";"7,3033980000"
"202100031362";"17";"06";"2021";"02:30";"3";"44";"44079";"2";"1";"1";"7";"rue de bellevue";"47,2091480000";" -1,2999280000"
"202100031363";"3";"07";"2021";"08:50";"1";"31";"31585";"1";"1";"1";"6";"Route de Pomarede";"43,1349050000";"0,6605100000"
"202100031364";"2";"07";"2021";"17:00";"1";"38";"38519";"1";"3";"1";"1";"D53";"45,5965750000";"5,0596060000"
"202100031365";"3";"07";"2021";"18:55";"1";"02";"02719";"1";"1";"1";"6";"route dÃ©partementale 1";"49,5874430000";"3,2631700000"
"202100031366";"2";"07";"2021";"17:05";"1";"02";"02173";"2";"1";"1";"3";"Rue de la ChaussÃ©e (Pont)";"49,6098900000";"3,2200620000"
"202100031367";"2";"07";"2021";"15:45";"1";"03";"03138";"2";"3";"1";"3";"Rue AndrÃ© Roumeau";"46,2462500000";"3,6297580000"
"202100031368";"2";"07";"2021";"18:00";"1";"26";"26125";"1";"1";"1";"1";"Route de Montoison";"44,7602720000";"4,9578750000"
"202100031369";"29";"06";"2021";"16:00";"1";"14";"14401";"1";"1";"1";"6";"D514";"49,3365990000";" -0,6472360000"
"202100031370";"29";"06";"2021";"17:30";"1";"05";"05068";"1";"1";"1";"3";"d942A";"44,5034214050";"6,1116089688"
"202100031371";"2";"07";"2021";"16:00";"1";"50";"50487";"2";"1";"1";"6";"Rue Patton";"48,5236540000";" -1,3245120000"
"202100031372";"2";"07";"2021";"15:45";"1";"50";"50453";"1";"2";"1";"3";"Carrefour RD975 et RD999";"48,8454240000";" -1,2012590000"
"202100031373";"3";"07";"2021";"17:45";"1";"83";"83032";"1";"1";"1";"2";"RD 562";"43,4660180000";"6,1476020000"
"202100031374";"2";"07";"2021";"17:25";"1";"43";"43191";"1";"1";"2";"6";"Gizac";"45,3511730000";"3,2920580000"
"202100031375";"2";"07";"2021";"21:12";"1";"07";"07347";"1";"1";"1";"6";"D121";"45,2022850000";"4,5541170000"
"202100031376";"10";"06";"2021";"19:30";"1";"07";"07330";"1";"1";"1";"7";"RD 4";"44,4093820000";"4,4190360000"
"202100031377";"3";"07";"2021";"05:00";"3";"07";"07023";"1";"1";"1";"6";"D579, lieu-dit Les Salles";"44,5095560000";"4,3853740000"
"202100031378";"2";"07";"2021";"19:00";"1";"21";"21546";"1";"2";"1";"3";"D906 carrefour avec le chemin des mouillerandes";"47,3222210000";"4,1941380000"
"202100031379";"2";"07";"2021";"14:05";"1";"21";"21347";"1";"3";"1";"3";"D970";"46,9942060000";"4,8685630000"
"202100031380";"2";"07";"2021";"22:00";"2";"37";"37156";"1";"1";"1";"6";"D140";"47,3668376339";"0,8421957814"
"202100031381";"2";"07";"2021";"15:40";"1";"88";"88526";"1";"1";"1";"3";"Col de Sainte Marie";"48,2453250000";"7,1307810000"
"202100031382";"2";"07";"2021";"08:15";"1";"971";"97104";"2";"1";"1";"6";"Chemin des Pyrenees";"16,0306300000";" -61,7427080000"
"202100031383";"29";"06";"2021";"11:30";"1";"95";"95675";"2";"1";"8";"6";"RD 9";"49,0582957160";"2,5428000964"
"202100031384";"2";"07";"2021";"11:15";"1";"91";"91111";"2";"1";"1";"6";"Place de la LibÃ©ration";"48,6243940000";"2,1250890000"
"202100031385";"2";"06";"2021";"18:55";"1";"84";"84016";"2";"1";"1";"1";"Chemin des Ecoliers";"44,0420840000";"4,8909900000"
"202100031386";"26";"06";"2021";"22:45";"3";"83";"83049";"1";"2";"1";"3";"D97";"43,2448940000";"6,0868120000"
"202100031387";"2";"07";"2021";"16:05";"1";"04";"04039";"1";"1";"1";"7";"RD 4085";"43,8363650000";"6,5466930000"
"202100031388";"30";"06";"2021";"07:50";"1";"13";"13041";"2";"1";"1";"2";"D8c";"43,4494920000";"5,4498250000"
"202100031389";"26";"06";"2021";"19:20";"2";"71";"71106";"2";"2";"7";"3";"4bis Avenue du 8 Juin 1944";"46,4368990000";"4,2682370000"
"202100031390";"3";"07";"2021";"05:20";"2";"63";"63284";"1";"1";"8";"6";"D2 route de Malintrat";"45,7952900000";"3,2128040000"
"202100031391";"2";"07";"2021";"18:25";"1";"38";"38382";"2";"1";"1";"3";"Rue Lieutenant Fiancey";"45,2224770000";"5,6825680000"
"202100031392";"3";"07";"2021";"06:50";"2";"01";"01444";"1";"1";"1";"7";"D19";"45,8279640000";"5,4429830000"
"202100031393";"1";"07";"2021";"17:00";"1";"69";"69294";"2";"3";"1";"3";"DAUPHINE (DU) (AV)";"45,6290940000";"4,8282170000"
"202100031394";"2";"07";"2021";"20:00";"2";"69";"69094";"2";"6";"1";"6";"Le Tupinier";"45,7466310000";"4,7034360000"
"202100031395";"2";"07";"2021";"09:50";"1";"17";"17452";"2";"1";"1";"6";"Avenue de la CÃªpe";"45,7929520000";" -1,1745180000"
"202100031396";"3";"07";"2021";"15:45";"1";"49";"49023";"2";"2";"1";"3";"rue de la lime";"47,2020180000";" -0,9934850000"
"202100031397";"2";"07";"2021";"23:40";"3";"27";"27611";"1";"1";"1";"7";"D316";"49,0835360000";"1,2633200000"
"202100031398";"2";"07";"2021";"16:40";"1";"76";"76533";"2";"1";"1";"6";"CÃ´te de Rogerville";"49,5014820000";"0,2687630000"
"202100031399";"1";"07";"2021";"21:55";"3";"13";"13043";"1";"1";"1";"3";"A55-Sens Marseille vers Martigues";"43,3899600000";"5,2466900000"
"202100031400";"2";"07";"2021";"14:30";"1";"69";"69287";"1";"1";"1";"7";"A43   9.894 A 13.029";"45,6866100000";"4,9983000000"
"202100031401";"2";"07";"2021";"16:00";"1";"33";"33167";"1";"1";"1";"2";"Rocade Rive Droite N230";"44,8194910000";" -0,5200031000"
"202100031402";"2";"07";"2021";"15:25";"1";"91";"91228";"1";"1";"1";"5";"AUTOROUTE A6";"48,6287000000";"2,4119000000"
"202100031403";"2";"07";"2021";"14:00";"1";"91";"91174";"1";"1";"1";"1";"RN 104";"48,6098700000";"2,4419300000"
"202100031404";"2";"07";"2021";"17:00";"1";"78";"78133";"1";"1";"1";"4";"A13";"48,8927870000";"2,0085230000"
"202100031405";"2";"07";"2021";"16:45";"1";"92";"92050";"1";"1";"1";"3";"A86";"48,9154227847";"2,2202196256"
"202100031406";"2";"07";"2021";"13:20";"1";"92";"92036";"1";"1";"1";"4";"RN315 Y";"48,9182648361";"2,3073678600"
"202100031407";"2";"07";"2021";"00:45";"5";"78";"78362";"1";"1";"1";"3";"A13";"48,9746700000";"1,7266300000"
"202100031408";"2";"07";"2021";"17:20";"1";"95";"95572";"1";"1";"1";"3";"A15";"49,0340100000";"2,1027600000"
"202100031409";"2";"07";"2021";"15:15";"1";"93";"93005";"1";"1";"1";"2";"AUTOROUTE A3";"48,9412700000";"2,4785600000"
"202100031410";"2";"07";"2021";"06:10";"1";"93";"93066";"1";"1";"1";"4";"AUTOROUTE A86";"48,9226000000";"2,3544800000"
"202100031411";"2";"07";"2021";"13:25";"1";"94";"94073";"1";"1";"1";"2";"A86 INT";"48,7713000000";"2,3913000000"
"202100031412";"1";"07";"2021";"21:40";"2";"06";"06030";"2";"1";"1";"1";"CAMPON (RUE";"43,5707090000";"7,0145030000"
"202100031413";"1";"07";"2021";"19:05";"1";"04";"04112";"2";"1";"1";"2";"RD 907";"43,8144100000";"5,8025500000"
"202100031414";"1";"07";"2021";"13:00";"1";"75";"75113";"2";"1";"1";"3";"PORTE D ITALIE";"48,8163470000";"2,3638370000"
"202100031415";"1";"07";"2021";"14:55";"1";"75";"75118";"2";"4";"1";"4";"PORTE DE LA CHAPELLE";"48,9008690000";"2,3643360000"
"202100031416";"30";"06";"2021";"16:35";"1";"75";"75119";"2";"1";"1";"3";"PORTE D AUBERVILLIERS";"48,9004790000";"2,3752800000"
"202100031417";"1";"07";"2021";"13:05";"1";"75";"75118";"2";"1";"1";"4";"BOULEVARD PERIPHERIQUE EXTERIEUR NORD  ";"48,9012080000";"2,3534760000"
"202100031418";"1";"07";"2021";"03:51";"5";"75";"75117";"2";"1";"1";"5";"PORTE DE CLICHY";"48,8955620000";"2,3076910000"
"202100031419";"28";"06";"2021";"23:28";"5";"75";"75116";"2";"1";"1";"2";"BOULEVARD PERIPHERIQUE EXTERIEUR OUEST";"48,8432130000";"2,2543730000"
"202100031420";"1";"07";"2021";"20:40";"1";"75";"75120";"2";"1";"1";"3";"RUE DES PYRENEES";"48,8726660000";"2,3909960000"
"202100031421";"1";"07";"2021";"18:45";"1";"75";"75117";"2";"1";"1";"2";"AVENUE DE LA PORTE DE CLICHY";"48,8956390000";"2,3113900000"
"202100031422";"1";"07";"2021";"22:05";"5";"75";"75117";"2";"2";"1";"3";"BOULEVARD MALESHERBES";"48,8898740000";"2,3033610000"
"202100031423";"30";"06";"2021";"12:20";"1";"75";"75117";"2";"2";"1";"3";"RUE NOLLET";"48,8863900000";"2,3223720000"
"202100031424";"1";"07";"2021";"16:40";"1";"75";"75112";"2";"2";"1";"2";"BOULEVARD SOULT";"48,8442430000";"2,4102860000"
"202100031425";"1";"07";"2021";"08:45";"1";"75";"75112";"2";"4";"1";"3";"AVENUE DU TREMBLAY";"48,8420430000";"2,4491360000"
"202100031426";"1";"07";"2021";"11:10";"1";"75";"75110";"2";"1";"1";"3";"RUE LA FAYETTE";"48,8800510000";"2,3598820000"
"202100031427";"1";"07";"2021";"15:58";"1";"75";"75108";"2";"7";"1";"5";"PLACE CHARLES DE GAULLE";"48,8741270000";"2,2958810000"
"202100031428";"1";"07";"2021";"13:34";"1";"94";"94046";"2";"3";"1";"3";"PROFESSEUR CADIOT (AV DU)";"48,8044900000";"2,4324800000"
"202100031429";"1";"07";"2021";"18:10";"1";"94";"94016";"2";"1";"1";"6";"Avenue Aristide Briand";"48,7989700000";"2,3231100000"
"202100031430";"1";"07";"2021";"09:55";"1";"94";"94076";"2";"1";"1";"7";"MAXIME GORKI (BD)";"48,7963900000";"2,3683600000"
"202100031431";"1";"07";"2021";"07:33";"1";"94";"94065";"1";"1";"1";"7";"Zone SOGARIS";"48,7538600000";"2,3659100000"
"202100031432";"1";"07";"2021";"02:15";"5";"94";"94033";"2";"9";"1";"2";"Rue Gambetta";"48,8502400000";"2,4646800000"
"202100031433";"1";"07";"2021";"20:30";"1";"93";"93057";"2";"1";"1";"3";"WILSON (AV. DU PRESIDENT) 1 A 69";"48,9051190000";"2,5105550000"
"202100031434";"1";"07";"2021";"21:20";"1";"93";"93005";"2";"1";"1";"3";"PREFET CHALEIL (CD44) (RUE DU)";"48,9398760000";"2,5060320000"
"202100031435";"1";"07";"2021";"17:10";"1";"93";"93005";"2";"1";"1";"7";"Rue Jacques Duclos";"48,9510600000";"2,4862000000"
"202100031436";"1";"07";"2021";"09:50";"1";"92";"92036";"2";"3";"1";"6";"RENIERS (AVENUE CHEMIN)";"48,9343459738";"2,3200088739"
"202100031437";"1";"07";"2021";"10:35";"1";"92";"92051";"2";"3";"1";"3";"MADRID (AVENUE DE)";"48,8832581610";"2,2597865760"
"202100031438";"1";"07";"2021";"10:45";"1";"92";"92050";"2";"1";"1";"1";"HAUTES PATURES RUE DES";"48,9187905091";"2,2215514886"
"202100031439";"1";"07";"2021";"16:30";"1";"92";"92020";"2";"1";"1";"7";"PARIS AVENUE DE NÂ°2 A82";"48,8056800000";"2,2915500000"
"202100031440";"1";"07";"2021";"19:10";"1";"92";"92048";"2";"3";"1";"6";"MARECHAL LECLERC (AVENUE DU)";"48,7899441601";"2,2237165196"
"202100031441";"30";"06";"2021";"23:10";"5";"92";"92024";"2";"1";"1";"7";"GUSTAVE EIFFEL (RUE)";"48,9046421007";"2,2969418764"
"202100031442";"30";"06";"2021";"10:00";"1";"92";"92024";"2";"1";"1";"7";"VILLENEUVE (RUE) DE (55 A 87BIS)";"48,9060913101";"2,3128339648"
"202100031443";"30";"06";"2021";"13:36";"1";"92";"92024";"2";"5";"1";"3";"CLICHY (QUAI DE) DE (104 A 202)";"48,9083795130";"2,2998278593"
"202100031444";"30";"06";"2021";"19:40";"1";"92";"92012";"2";"3";"1";"3";"PIERRE GRENIER (AVENUE)";"48,8328510385";"2,2535641242"
"202100031445";"2";"07";"2021";"06:40";"1";"39";"39126";"1";"3";"7";"3";"N/A";"46,5890360000";"5,9471230000"
"202100031446";"2";"07";"2021";"15:30";"1";"47";"47146";"1";"2";"7";"3";"Route de la LÃ¨de";"44,4537490000";"0,6457150000"
"202100031447";"29";"06";"2021";"14:55";"1";"47";"47033";"1";"1";"1";"1";"1581 Route de Cancon";"44,5371120000";"0,6696400000"
"202100031448";"2";"07";"2021";"18:15";"1";"38";"38160";"2";"1";"1";"6";"65 Route de Vienne";"45,4743000000";"4,9962140000"
"202100031449";"2";"07";"2021";"12:05";"1";"95";"95229";"2";"1";"1";"3";"RD 370";"49,0341072805";"2,3440039158"
"202100031450";"2";"07";"2021";"14:45";"1";"73";"73085";"1";"1";"7";"6";"D991B Rte de la Chambotte";"45,7907411158";"5,8627933997"
"202100031451";"29";"06";"2021";"18:50";"1";"28";"28252";"1";"1";"2";"7";"A11";"48,2265110000";"0,9820960000"
"202100031452";"2";"07";"2021";"18:40";"1";"67";"67320";"1";"1";"1";"1";"D897 PR000.500";"48,3351217830";"7,3184287548"
"202100031453";"1";"07";"2021";"16:55";"1";"974";"97401";"1";"1";"1";"7";"Route du TÃ©velave";" -21,2197710000";"55,3482950000"
"202100031454";"29";"06";"2021";"12:30";"1";"972";"97203";"1";"1";"1";"1";"route nationale 1";"14,8502270000";" -61,0911510000"
"202100031455";"1";"07";"2021";"18:00";"1";"06";"06033";"2";"3";"1";"3";"1Ã¨re Avenue 6Ã¨me rue";"43,7784980000";"7,2135810000"
"202100031456";"1";"07";"2021";"18:00";"1";"59";"59641";"2";"1";"1";"1";"Rue du Canal";"50,9840660000";"2,4864290000"
"202100031457";"30";"06";"2021";"15:05";"1";"37";"37266";"1";"4";"1";"3";"Ãchangeur entre A10 et A85 (Embranchement d'autoroute)";"47,3027267754";"0,6830191612"
"202100031458";"2";"07";"2021";"10:30";"1";"62";"62878";"2";"3";"1";"3";"2 Rue de la Bassure";"50,2784800000";"2,6668780000"
"202100031459";"2";"07";"2021";"18:00";"1";"51";"51265";"1";"3";"1";"3";"D76";"48,6785352863";"3,8108959794"
"202100031460";"1";"07";"2021";"13:45";"1";"19";"19015";"1";"1";"1";"7";"D140";"45,2530780000";"1,3361690000"
"202100031461";"1";"07";"2021";"13:50";"1";"19";"19007";"1";"1";"1";"7";"Fontmerle";"44,9606040000";"1,8781230000"
"202100031462";"2";"07";"2021";"19:20";"1";"56";"56244";"1";"1";"1";"6";"D151";"47,8125780000";" -2,4966000000"
"202100031463";"2";"07";"2021";"07:15";"1";"74";"74131";"2";"1";"7";"6";"Pl de l Eglise";"46,0193840000";"5,9305950000"
"202100031464";"2";"07";"2021";"17:05";"1";"71";"71171";"2";"1";"1";"3";"Route de Chagny";"46,8681760000";"4,6509560000"
"202100031465";"2";"07";"2021";"13:30";"1";"89";"89068";"1";"3";"1";"1";"D91";"47,8032160000";"3,7981930000"
"202100031466";"1";"07";"2021";"15:00";"1";"61";"61095";"1";"1";"1";"7";"La ThiaudiÃ¨re";"48,7190410000";" -0,6285380000"
"202100031467";"2";"07";"2021";"16:55";"1";"12";"12056";"2";"3";"1";"3";"217 Avenue du Centre";"44,2771010000";"2,4332360000"
"202100031468";"1";"07";"2021";"07:22";"1";"42";"42092";"2";"1";"1";"6";"Rue du 8 Mai";"45,4858605391";"4,3797988817"
"202100031469";"1";"07";"2021";"20:55";"2";"46";"46231";"1";"1";"1";"6";"Le Trieu";"44,5004350000";"1,1094850000"
"202100031470";"1";"07";"2021";"18:15";"1";"34";"34192";"2";"1";"1";"3";"Route de Maguelone";"43,5197080000";"3,9096900000"
"202100031471";"1";"07";"2021";"17:49";"1";"31";"31033";"2";"1";"1";"3";"47 Route d Espagne";"43,3489590000";"1,4717010000"
"202100031472";"2";"07";"2021";"19:36";"1";"38";"38457";"1";"1";"1";"6";"D71";"45,2975920000";"5,2669140000"
"202100031473";"2";"07";"2021";"13:30";"1";"02";"02303";"2";"1";"1";"6";"Forum de Picardie";"49,8586920000";"3,2539920000"
"202100031474";"2";"07";"2021";"18:45";"1";"03";"03031";"1";"1";"1";"1";"Le bourg";"46,4088810000";"2,7344690000"
"202100031475";"1";"07";"2021";"09:50";"1";"15";"15122";"2";"7";"1";"6";"place de l'europe";"44,7124340000";"2,1983600000"
"202100031476";"29";"06";"2021";"17:15";"1";"01";"01082";"2";"1";"2";"7";"Route de Seyssel";"46,0017610000";"5,7838620000"
"202100031477";"30";"06";"2021";"17:00";"1";"85";"85039";"1";"1";"1";"6";"RD 753 PR 001.500";"47,0112350000";" -1,1254980000"
"202100031478";"2";"07";"2021";"16:10";"1";"26";"26227";"1";"1";"1";"1";"Route de Gap";"44,3897740000";"5,3846850000"
"202100031479";"1";"07";"2021";"18:15";"1";"72";"72255";"1";"1";"1";"1";"Chene Vert";"48,1555290000";" -0,2159500000"
"202100031480";"2";"07";"2021";"17:50";"1";"60";"60545";"2";"1";"1";"6";"47 rue de picardie";"49,7131015173";"1,8100780248"
"202100031481";"11";"06";"2021";"17:17";"1";"64";"64205";"1";"1";"1";"7";"chemin de la plane";"43,4545540000";" -1,0036830000"
"202100031482";"1";"07";"2021";"18:55";"1";"18";"18057";"2";"3";"1";"3";"Rue de la Gare";"46,5603230000";"2,2045590000"
"202100031483";"2";"07";"2021";"13:30";"1";"24";"24355";"1";"3";"1";"3";"RD 703";"44,8087560000";"1,2056640000"
"202100031484";"1";"07";"2021";"19:30";"2";"04";"04209";"2";"4";"7";"3";"RD 951 / ch de la Haute Chaumiane";"44,2179160000";"5,9395000000"
"202100031485";"1";"07";"2021";"08:25";"1";"27";"27013";"1";"1";"1";"3";"Route du Val Pitan";"49,3114990000";"1,2486170000"
"202100031486";"1";"07";"2021";"16:45";"1";"28";"28391";"1";"1";"1";"3";"D2020";"48,2072440000";"1,9446660000"
"202100031487";"1";"07";"2021";"19:30";"1";"48";"48155";"1";"1";"1";"6";"D13";"44,2231950000";"3,8341000000"
"202100031488";"1";"07";"2021";"15:50";"1";"52";"52423";"1";"1";"1";"6";"DÃ©partementale 1";"48,2457680000";"5,3282400000"
"202100031489";"2";"07";"2021";"14:38";"1";"08";"08296";"1";"1";"1";"7";"DÃ©partementale 6";"49,2904100000";"4,8196530000"
"202100031490";"28";"06";"2021";"12:10";"1";"68";"68375";"2";"6";"1";"6";"4 rue de Mulhouse";"47,8093790000";"7,2400810000"
"202100031491";"24";"06";"2021";"17:50";"1";"973";"97307";"2";"1";"1";"3";"Rue ConvouÃ©";"4,8869230000";" -52,3449880000"
"202100031492";"2";"07";"2021";"05:00";"2";"71";"71143";"1";"1";"1";"6";"A39";"46,4514970000";"5,2880290000"
"202100031493";"1";"07";"2021";"11:00";"1";"82";"82050";"1";"1";"1";"2";"A62";"44,0964850000";"0,7808230000"
"202100031494";"28";"06";"2021";"13:30";"1";"69";"69050";"1";"1";"2";"3";"A89 PK 533.000";"45,8542405311";"4,6504456793"
"202100031495";"11";"06";"2021";"19:30";"1";"69";"69097";"1";"1";"1";"1";"D28E2";"45,5108628751";"4,7223401070"
"202100031496";"2";"07";"2021";"12:50";"1";"971";"97116";"1";"4";"1";"3";"Route du 13 Fevrier 1952";"16,3236610000";" -61,4134290000"
"202100031497";"1";"07";"2021";"19:40";"3";"977";"97701";"2";"1";"1";"7";"rt211, grand fond";"17,9004230000";" -62,8198890000"
"202100031498";"2";"07";"2021";"14:45";"1";"21";"21171";"2";"6";"1";"3";"M107";"47,3035870000";"5,1191730000"
"202100031499";"1";"07";"2021";"17:20";"1";"41";"41252";"1";"1";"1";"6";"Route dÃ©partementale 2152 - PK 10";"47,6867120000";"1,4887330000"
"202100031500";"28";"06";"2021";"11:09";"1";"45";"45315";"2";"2";"1";"6";"17 Boulevard Jeanne dâArc";"47,7657460000";"2,3738700000"
"202100031501";"12";"06";"2021";"18:15";"1";"45";"45028";"2";"1";"1";"6";"Rue du Faubourg Porte Dieu";"47,7850300000";"1,6370000000"
"202100031502";"2";"07";"2021";"17:35";"1";"77";"77354";"1";"2";"1";"1";"D605";"48,4690870000";"2,8585480000"
"202100031503";"2";"07";"2021";"01:30";"5";"95";"95446";"2";"6";"1";"6";"Route de Parmain";"49,1237140000";"2,1821810000"
"202100031504";"1";"07";"2021";"20:15";"1";"2B";"2B248";"2";"1";"1";"6";"d118";"42,4234120000";"9,1639920000"
"202100031505";"2";"07";"2021";"02:00";"3";"2A";"2A247";"1";"1";"1";"2";"T10 route de Bonifacio";"41,5439830000";"9,2684700000"
"202100031506";"29";"06";"2021";"15:00";"1";"34";"34244";"1";"1";"1";"3";"N113";"43,6686900000";"4,0474820000"
"202100031507";"1";"07";"2021";"16:25";"1";"83";"83008";"1";"1";"1";"1";"RD47";"43,5170500000";"6,6502050000"
"202100031508";"25";"06";"2021";"18:30";"1";"06";"06098";"1";"1";"1";"1";"D 116";"43,9708470000";"6,9032230000"
"202100031509";"2";"07";"2021";"18:19";"1";"04";"04171";"1";"1";"1";"6";"RD 952";"43,8044870000";"6,4409920000"
"202100031510";"24";"06";"2021";"14:47";"1";"67";"67379";"2";"1";"1";"6";"1 Rue de l Eglise";"48,9438550000";"7,8043000000"
"202100031511";"2";"07";"2021";"12:00";"1";"03";"03189";"1";"3";"1";"3";"D2371";"46,3338530000";"2,8146970000"
"202100031512";"30";"06";"2021";"15:00";"1";"73";"73179";"2";"4";"1";"3";"D1 / R Jean et Andre Riottot";"45,5885490000";"5,8825460000"
"202100031513";"14";"06";"2021";"14:45";"1";"73";"73326";"2";"3";"1";"7";"RD 47 Route des Perriers";"45,5474111838";"5,8745634556"
"202100031514";"2";"07";"2021";"06:55";"1";"07";"07348";"1";"1";"1";"6";"DÃ©partemenatle 579";"44,5427330000";"4,4096370000"