"Num_Acc";"jour";"mois";"an";"hrmn";"lum";"dep";"com";"agg";"int";"atm";"col";"adr";"lat";"long"
"202100031515";"29";"06";"2021";"15:30";"1";"07";"07341";"2";"4";"1";"6";"Voie de Chauvel";"44,5588390000";"4,4985310000"
"202100031516";"2";"07";"2021";"17:15";"1";"01";"01400";"2";"9";"1";"3";"D87";"45,8058430000";"5,4918470000"
"202100031517";"2";"07";"2021";"00:30";"3";"69";"69176";"1";"1";"1";"6";"LOUP (DU) (CHM)";"45,6751720084";"4,7128987312"
"202100031518";"28";"06";"2021";"07:55";"2";"69";"69141";"1";"1";"1";"6";"D30";"45,6085296263";"4,6685739647"
"202100031519";"2";"07";"2021";"14:45";"1";"09";"09249";"1";"1";"1";"1";"RD117";"42,9267190000";"1,7432370000"
"202100031520";"2";"07";"2021";"16:16";"1";"79";"79049";"2";"2";"1";"7";"23 Rue de la Huchette";"46,8394110000";" -0,4928100000"
"202100031521";"1";"07";"2021";"23:30";"5";"64";"64430";"2";"6";"1";"7";"Avenue du Corps Franc Pommies";"43,4973670000";" -0,7744400000"
"202100031522";"1";"07";"2021";"18:50";"1";"33";"33268";"2";"3";"1";"5";"N/A";"45,0286080000";" -0,6542140000"
"202100031523";"25";"06";"2021";"18:00";"1";"33";"33238";"2";"1";"1";"1";"Rue de Grandjean";"44,7419000000";" -0,5984620000"
"202100031524";"20";"05";"2021";"03:30";"5";"59";"59411";"2";"4";"1";"6";"4 Rue des 2 Villes";"50,4835690000";"3,0871280000"
"202100031525";"1";"07";"2021";"19:40";"1";"13";"13202";"1";"9";"1";"7";"Tunnel Joliette Marseille vers Aubagne";"43,3081600000";"5,3663100000"
"202100031526";"1";"07";"2021";"16:55";"1";"13";"13005";"1";"1";"1";"2";"A50 - Sens Aubagne vers Marseille";"43,2789000000";"5,5855900000"
"202100031527";"1";"07";"2021";"08:03";"1";"13";"13211";"1";"1";"1";"7";"A50-Sens Marseille vers Aubagne";"43,2904500000";"5,4265200000"
"202100031528";"30";"06";"2021";"18:00";"1";"13";"13202";"1";"1";"1";"2";"A55-Sens Martigues vers Marseille";"43,3238739724";"5,3628263331"
"202100031529";"30";"06";"2021";"15:50";"1";"13";"13005";"1";"1";"1";"2";"A50-Sens Aubagne vers Marseille";"43,2863400000";"5,5681900000"
"202100031530";"30";"06";"2021";"19:20";"1";"13";"13055";"1";"1";"1";"2";"A507 sens Marseille - Aubagne";"43,3377600000";"5,3848900000"
"202100031531";"30";"06";"2021";"09:51";"1";"13";"13055";"1";"1";"1";"2";"A507 sens Aubagne- Marseille";"43,3300600000";"5,4033500000"
"202100031532";"30";"06";"2021";"07:50";"1";"13";"13215";"1";"1";"1";"3";"A7-Sens Marseille vers Lyon";"43,3447034921";"5,3747048378"
"202100031533";"30";"06";"2021";"07:30";"1";"13";"13216";"1";"1";"1";"2";"A55-Sens Marseille vers Martigues";"43,3669130000";"5,3291480000"
"202100031534";"27";"06";"2021";"04:10";"3";"42";"42207";"1";"1";"1";"4";"A47";"45,4919400000";"4,5206300000"
"202100031535";"30";"06";"2021";"09:45";"1";"33";"33013";"1";"1";"1";"2";"Rocade Rive Droite N230 -E26-";"44,8659170000";" -0,5038980000"
"202100031536";"1";"07";"2021";"19:50";"1";"91";"91340";"1";"1";"1";"3";"RN 104";"48,6100000000";"2,4314000000"
"202100031537";"1";"07";"2021";"09:45";"1";"91";"91286";"1";"1";"1";"4";"AUTOROUTE A6";"48,6519520000";"2,3826930000"
"202100031538";"1";"07";"2021";"04:00";"3";"91";"91659";"1";"1";"1";"2";"AUTOROUTE A6";"48,5862300000";"2,4515500000"
"202100031539";"30";"06";"2021";"23:10";"3";"94";"94016";"1";"1";"1";"3";"AUTOROUTE A6B";"48,7913600000";"2,3439500000"
"202100031540";"1";"07";"2021";"09:30";"1";"92";"92023";"1";"9";"1";"3";"RN385";"48,7764943912";"2,2349493223"
"202100031541";"1";"07";"2021";"17:30";"1";"95";"95572";"1";"1";"1";"3";"A15";"49,0353400000";"2,0985600000"
"202100031542";"1";"07";"2021";"17:30";"1";"95";"95572";"1";"1";"1";"2";"RN 184";"49,0410000530";"2,1281182766"
"202100031543";"30";"06";"2021";"21:15";"1";"95";"95061";"1";"1";"1";"7";"RN 104";"49,0675200000";"2,2558100000"
"202100031544";"1";"07";"2021";"07:30";"1";"95";"95277";"1";"1";"1";"3";" A3";"48,9777782041";"2,4934619665"
"202100031545";"30";"06";"2021";"21:40";"1";"92";"92036";"1";"1";"1";"2";"AUTOROUTE A15";"48,9406783537";"2,2926308104"
"202100031546";"30";"06";"2021";"09:35";"1";"95";"95582";"1";"1";"2";"6";"RD 170";"48,9626271462";"2,2629158411"
"202100031547";"30";"06";"2021";"10:40";"1";"95";"95582";"1";"1";"2";"6";" A115";"48,9749800000";"2,2416200000"
"202100031548";"30";"06";"2021";"10:15";"1";"95";"95088";"1";"1";"1";"7";"RD 170 ";"48,9763486800";"2,4283003807"
"202100031549";"30";"06";"2021";"09:35";"1";"93";"93027";"1";"1";"1";"6";"AUTOROUTE A86";"48,9267200000";"2,4033000000"
"202100031550";"30";"06";"2021";"06:00";"1";"95";"95582";"1";"1";"2";"6";" A115";"48,9755700000";"2,2407300000"
"202100031551";"29";"06";"2021";"23:07";"3";"95";"95306";"1";"1";"2";"2";"A15";"48,9987900000";"2,1771900000"
"202100031552";"29";"06";"2021";"22:15";"2";"95";"95572";"1";"1";"2";"6";"RN 184";"49,0320500000";"2,1079500000"
"202100031553";"1";"07";"2021";"20:30";"1";"94";"94073";"1";"1";"1";"4";"A86 EXT";"48,7715000000";"2,3925000000"
"202100031554";"1";"07";"2021";"20:00";"1";"94";"94017";"1";"1";"1";"2";"A4";"48,8271602030";"2,5103398720"
"202100031555";"1";"07";"2021";"13:00";"1";"94";"94069";"1";"1";"1";"6";"A4";"48,8169400000";"2,4539400000"
"202100031556";"1";"07";"2021";"08:50";"1";"77";"77438";"1";"1";"1";"5";"A104";"48,8672434741";"2,6703641706"
"202100031557";"23";"06";"2021";"14:00";"1";"44";"44184";"1";"1";"1";"4";"RD 492 DU PONT BD HÃPITAL A ÃCHANGEUR CR";"47,2817800000";" -2,2490300000"
"202100031558";"28";"06";"2021";"15:00";"1";"38";"38185";"2";"1";"1";"3";"RUE GÃNÃRAL MANGIN";"45,1737800000";"5,7167500000"
"202100031559";"3";"06";"2021";"11:15";"1";"38";"38185";"2";"1";"1";"1";"Rue AmpÃ¨re";"45,1859500000";"5,7058300000"
"202100031560";"30";"06";"2021";"08:45";"1";"37";"37233";"2";"1";"1";"6";"LANGEVIN (BOULEVARD PAUL)";"47,3907150425";"0,7284316421"
"202100031561";"28";"06";"2021";"20:26";"1";"37";"37261";"2";"2";"1";"3";"PROUDHON (AVENUE)";"47,3942167789";"0,6672531366"
"202100031562";"28";"06";"2021";"15:21";"1";"37";"37261";"2";"1";"2";"3";"MAGINOT (AV. ANDRE)";"47,4166048680";"0,6901296973"
"202100031563";"27";"06";"2021";"13:20";"1";"37";"37261";"2";"1";"1";"6";"DE GAULLE (AVENUE DU GENERAL)";"47,3817122332";"0,7051205635"
"202100031564";"26";"06";"2021";"20:10";"1";"36";"36202";"1";"3";"1";"3";"N/A";"46,7439800000";"1,6161300000"
"202100031565";"22";"06";"2021";"17:00";"1";"35";"35288";"2";"1";"3";"6";"CONTI (RUE ANITA)";"48,6479440000";" -2,0041220000"
"202100031566";"30";"06";"2021";"18:50";"1";"35";"35238";"2";"1";"1";"2";"VALLES (JULES)";"48,1030300000";" -1,7136900000"
"202100031567";"29";"06";"2021";"20:55";"1";"35";"35281";"2";"3";"1";"3";"NANTES (RUE DE)";"48,0924540000";" -1,6915040000"
"202100031568";"29";"06";"2021";"18:20";"1";"34";"34129";"2";"2";"1";"2";"FIGUIERES (AVENUE DE)";"43,5830100000";"3,9255100000"
"202100031569";"30";"06";"2021";"17:10";"1";"33";"33063";"2";"6";"1";"4";"Avenue des Trois Cardinaux";"44,8874800000";" -0,5506000000"
"202100031570";"28";"06";"2021";"08:50";"1";"33";"33318";"2";"9";"1";"6";"Parking HÃ´pital Haut-LÃ©vÃªque";"44,7881000000";" -0,6581200000"
"202100031571";"29";"06";"2021";"20:50";"2";"33";"33063";"2";"1";"1";"6";"Cours de la Somme";"44,8273200000";" -0,5724500000"
"202100031572";"29";"06";"2021";"13:58";"1";"33";"33063";"2";"1";"1";"6";"Cours de la Marne";"44,8306300000";" -0,5717400000"
"202100031573";"30";"06";"2021";"16:10";"1";"33";"33529";"2";"6";"1";"3";"Rue Victor Hugo";"44,6318300000";" -1,1522500000"
"202100031574";"29";"06";"2021";"18:15";"1";"31";"31555";"1";"1";"1";"4";"VA007418 PONT JUMEAUX A620 Sortie 30";"43,6084700000";"1,4104300000"
"202100031575";"26";"06";"2021";"17:50";"1";"29";"29019";"2";"1";"1";"6";"Rue EugÃ¨ne BÃ©rest";"48,3930190000";" -4,4348920000"
"202100031576";"29";"06";"2021";"10:30";"1";"27";"27299";"2";"1";"2";"7";"JAURES (RUE JEAN)";"49,0499200000";"1,1622500000"
"202100031577";"30";"06";"2021";"13:35";"1";"24";"24145";"1";"2";"1";"3";"PELISSOUX (ROUTE DES)";"44,8652200000";"0,5530600000"
"202100031578";"28";"06";"2021";"08:00";"1";"22";"22106";"2";"6";"1";"3";"MORGAN (RUE DE LA)";"48,4994900000";" -2,7211200000"
"202100031579";"28";"06";"2021";"19:08";"1";"19";"19272";"2";"1";"1";"6";"Anne Vialle (Rue)";"45,2632633600";"1,7688900232"
"202100031580";"29";"06";"2021";"18:30";"1";"18";"18279";"2";"1";"1";"1";"SOCIETE FRANCAISE (RUE DE LA)";"47,2200000000";"2,0500000000"
"202100031581";"30";"06";"2021";"18:10";"1";"17";"17291";"1";"1";"1";"4";"NATIONALE  ROUTE";"46,1763400000";" -1,1062700000"
"202100031582";"29";"06";"2021";"18:45";"1";"14";"14699";"2";"6";"8";"3";"Rue des Batteliers";"49,3497300000";"0,0925100000"
"202100031583";"29";"06";"2021";"18:20";"1";"10";"10387";"2";"1";"8";"6";"LOUIS MORIN (RUE)";"48,3042000000";"4,0907000000"
"202100031584";"30";"06";"2021";"08:00";"1";"06";"06027";"2";"2";"1";"3";"NICE AVENUE DE (RN7)";"43,6596000000";"7,1695880000"
"202100031585";"28";"06";"2021";"10:20";"1";"06";"06123";"2";"1";"1";"6";"FAHNESTOCK G. CORNICHE";"43,6753860000";"7,1883580000"
"202100031586";"30";"06";"2021";"14:35";"1";"75";"75116";"2";"1";"8";"3";"ECHANGEUR MUETTE";"48,8619340000";"2,2646000000"
"202100031587";"29";"06";"2021";"09:05";"1";"75";"75108";"2";"7";"2";"4";"PLACE CLEMENCEAU";"48,8671190000";"2,3139490000"
"202100031588";"30";"06";"2021";"09:45";"1";"75";"75120";"2";"1";"2";"6";"AVENUE GAMBETTA";"48,8641300000";"2,3923660000"
"202100031589";"30";"06";"2021";"15:10";"1";"75";"75119";"2";"1";"1";"2";"RUE MEYNADIER";"48,8837410000";"2,3836540000"
"202100031590";"30";"06";"2021";"11:15";"1";"75";"75119";"2";"1";"2";"6";"RUE MANIN";"48,8829370000";"2,3849340000"
"202100031591";"30";"06";"2021";"14:20";"1";"75";"75116";"2";"2";"1";"3";"ROUTE DE SURESNES";"48,8650860000";"2,2345050000"
"202100031592";"28";"06";"2021";"23:20";"5";"75";"75116";"2";"2";"1";"3";"AVENUE FOCH";"48,8722030000";"2,2846920000"
"202100031593";"29";"06";"2021";"13:50";"1";"75";"75115";"2";"1";"1";"6";"RUE DE VAUGIRARD";"48,8396990000";"2,3016760000"
"202100031594";"30";"06";"2021";"13:20";"1";"75";"75113";"2";"2";"8";"3";"BOULEVARD VINCENT AURIOL";"48,8362200000";"2,3715060000"
"202100031595";"29";"06";"2021";"16:15";"1";"75";"75112";"2";"1";"1";"6";"AVENUE DU BEL AIR";"48,8456060000";"2,3981120000"
"202100031596";"29";"06";"2021";"09:40";"1";"75";"75112";"2";"1";"2";"7";"BOULEVARD PONIATOWSKI";"48,8307300000";"2,3947630000"
"202100031597";"30";"06";"2021";"17:00";"1";"75";"75111";"2";"2";"2";"2";"AVENUE PARMENTIER";"48,8666650000";"2,3735010000"
"202100031598";"30";"06";"2021";"22:35";"5";"75";"75110";"2";"1";"1";"6";"RUE LA FAYETTE";"48,8787890000";"2,3550560000"
"202100031599";"30";"06";"2021";"14:51";"1";"75";"75108";"2";"2";"1";"6";"RUE ROYALE";"48,8683850000";"2,3232670000"
"202100031600";"30";"06";"2021";"14:16";"1";"75";"75107";"2";"3";"1";"3";"QUAI BRANLY";"48,8590460000";"2,2934920000"
"202100031601";"29";"06";"2021";"08:15";"1";"75";"75107";"2";"2";"2";"3";"QUAI D ORSAY";"48,8628600000";"2,3134470000"
"202100031602";"30";"06";"2021";"22:35";"5";"75";"75102";"2";"1";"1";"2";"BOULEVARD DE SEBASTOPOL";"48,8639230000";"2,3512160000"
"202100031603";"30";"06";"2021";"09:15";"1";"94";"94081";"2";"3";"2";"3";"Avenue du Colonel Fabien";"48,7866590000";"2,3769160000"
"202100031604";"30";"06";"2021";"13:15";"1";"94";"94028";"2";"9";"1";"3";"Avenue du Docteur Paul Casalis";"48,7806000000";"2,4729000000"
"202100031605";"30";"06";"2021";"02:05";"5";"94";"94053";"2";"2";"2";"3";"Gr Pierre MendÃ¨s-France";"48,7762600000";"2,5499500000"
"202100031606";"30";"06";"2021";"19:15";"1";"94";"94071";"2";"1";"1";"6";"Rue Maurice Berteaux";"48,7724850000";"2,5191600000"
"202100031607";"30";"06";"2021";"18:30";"1";"93";"93071";"2";"1";"1";"7";"JOSEPH PROUDHON (ALLEE)";"48,9428330000";"2,5230760000"
"202100031608";"29";"06";"2021";"10:00";"1";"93";"93070";"2";"1";"2";"2";"VICTOR-HUGO (BD)";"48,9060330000";"2,3242020000"
"202100031609";"30";"06";"2021";"00:05";"5";"93";"93066";"2";"2";"3";"2";"Rue Francis de PressensÃ© / Avenue du Stade de France";"48,9196470000";"2,3617010000"
"202100031610";"26";"06";"2021";"18:50";"1";"93";"93066";"2";"1";"1";"3";"Boulevard de la LibÃ©ration";"48,9280750000";"2,3413140000"
"202100031611";"29";"06";"2021";"09:10";"1";"93";"93070";"2";"2";"2";"3";"JEAN-JAURES (BD)";"48,9152200000";"2,3377300000"
"202100031612";"29";"06";"2021";"08:20";"1";"93";"93066";"2";"2";"1";"5";"Chemin dâAubervilliers / Rue Francis de PressensÃ©";"48,9231630000";"2,3702610000"
"202100031613";"30";"06";"2021";"05:00";"5";"93";"93055";"2";"1";"2";"5";"JEAN JAURES (AVENUE)(130 AU 172)";"48,9093500000";"2,3983300000"
"202100031614";"30";"06";"2021";"08:40";"1";"93";"93048";"2";"1";"2";"2";"Boulevard Henri Barbusse";"48,8674060000";"2,4421470000"
"202100031615";"29";"06";"2021";"21:15";"5";"93";"93006";"2";"1";"2";"3";"Avenue de Stalingrad";"48,8710000000";"2,4308100000"
"202100031616";"29";"06";"2021";"21:40";"3";"93";"93027";"1";"1";"1";"6";"Avenue Roger Salengro";"48,9392760000";"2,3878340000"
"202100031617";"30";"06";"2021";"14:00";"1";"93";"93047";"2";"9";"8";"6";"Avenue Victor Hugo";"48,9007040000";"2,5622490000"
"202100031618";"30";"06";"2021";"18:25";"1";"93";"93005";"2";"1";"8";"6";"Centre Commercial Parinor";"48,9581200000";"2,4769000000"
"202100031619";"30";"06";"2021";"18:00";"1";"92";"92046";"2";"2";"1";"6";"FABIEN (BOULEVARD DU COLONEL)";"48,8128210000";"2,2796730000"
"202100031620";"30";"06";"2021";"20:30";"1";"92";"92033";"2";"1";"1";"2";"PORTE JAUNE";"48,8424240240";"2,1990063787"
"202100031621";"28";"06";"2021";"10:40";"1";"92";"92063";"2";"1";"1";"6";"VERSAILLES (AVENUE DE)";"48,8556912164";"2,1635462344"
"202100031622";"30";"06";"2021";"13:50";"1";"92";"92044";"2";"2";"1";"3";"ARISTIDE BRIAND(RUE)51A83  54A96";"48,8929447306";"2,2895842418"
"202100031623";"29";"06";"2021";"17:45";"1";"92";"92036";"2";"6";"1";"3";"BASSIN NÂ°6 (ROUTE DU)";"48,9416964770";"2,2949194908"
"202100031624";"30";"06";"2021";"10:15";"1";"92";"92026";"2";"1";"1";"3";"VERDUN (DE 62 A FIN)";"48,9008424866";"2,2603833675"
"202100031625";"30";"06";"2021";"14:30";"1";"92";"92025";"2";"1";"1";"2";"A86";"48,9192190000";"2,2252020000"
"202100031626";"29";"06";"2021";"12:35";"1";"92";"92025";"2";"3";"1";"2";"JULES MICHELET (RUE)";"48,9321928003";"2,2701492906"
"202100031627";"29";"06";"2021";"18:00";"1";"92";"92012";"2";"2";"1";"3";"EDOUARD VAILLANT (AVENUE) 57/FIN - 58/FI";"48,8355000000";"2,2494700000"
"202100031628";"27";"06";"2021";"16:35";"1";"92";"92004";"2";"3";"1";"2";"AULAGNIER ( QUAI )";"48,9173720440";"2,3200403856"
"202100031629";"30";"06";"2021";"07:30";"1";"974";"97415";"1";"1";"1";"3";"N1";" -20,9905920000";"55,2892970000"
"202100031630";"26";"06";"2021";"16:35";"1";"35";"35176";"1";"2";"1";"3";"AllÃ©e des PrimevÃ¨res";"47,7910560000";" -1,8441640000"
"202100031631";"1";"07";"2021";"00:30";"3";"49";"49244";"1";"1";"1";"6";"D751";"47,3579700000";" -1,0636460000"
"202100031632";"30";"06";"2021";"23:18";"5";"08";"08403";"2";"3";"8";"6";"23 Rue de la Cite";"49,4957510000";"4,3609120000"
"202100031633";"30";"06";"2021";"16:40";"1";"95";"95205";"2";"1";"1";"6";"RD 370";"49,0226590000";"2,3738250000"
"202100031634";"30";"06";"2021";"22:00";"5";"95";"95313";"2";"1";"1";"3";"Grande Rue";"49,1121590000";"2,2172370000"
"202100031635";"1";"07";"2021";"05:20";"2";"95";"95052";"1";"1";"1";"1";"RD 922";"49,1459520000";"2,3070650000"
"202100031636";"30";"06";"2021";"19:30";"1";"86";"86261";"1";"2";"1";"3";"D6";"46,5873600000";"0,4380980000"
"202100031637";"27";"06";"2021";"18:00";"1";"42";"42284";"1";"1";"2";"1";"N7";"46,0974600000";"3,9861060000"
"202100031638";"30";"06";"2021";"14:00";"1";"974";"97414";"2";"1";"1";"2";"Rue Pente Nicole";" -21,2607060000";"55,4386790000"
"202100031639";"29";"06";"2021";"20:50";"1";"84";"84062";"1";"1";"1";"3";"Route Departementale 901";"43,8897420000";"5,0956820000"
"202100031640";"29";"06";"2021";"07:50";"1";"66";"66021";"1";"4";"1";"3";"D31";"42,7319070000";"2,9521360000"
"202100031641";"30";"07";"2021";"09:35";"1";"95";"95056";"1";"1";"1";"6";"D85";"49,1014090000";"2,3612850000"
"202100031642";"30";"06";"2021";"17:40";"1";"51";"51662";"2";"3";"1";"7";"Avenue de Reims";"49,2895970000";"4,1192620000"
"202100031643";"30";"06";"2021";"05:40";"2";"79";"79174";"1";"2";"1";"3";"N/A";"46,2368970000";" -0,1568450000"
"202100031644";"28";"06";"2021";"17:29";"1";"11";"11304";"2";"4";"1";"6";"Rue de Bitrague";"42,8762584577";"2,1879351366"
"202100031645";"1";"07";"2021";"14:30";"1";"89";"89469";"1";"1";"1";"7";"D147";"48,3496790000";"3,4049310000"
"202100031646";"29";"06";"2021";"17:20";"1";"61";"61309";"1";"1";"1";"3";"D9";"48,3292650000";"0,7287880000"
"202100031647";"30";"06";"2021";"15:59";"1";"61";"61302";"1";"1";"1";"5";"Hameau Bourdon";"48,8446310000";"0,0842100000"
"202100031648";"1";"07";"2021";"14:15";"1";"12";"12043";"1";"2";"1";"3";"Le Lac Sud";"44,2862840000";"2,5026080000"
"202100031649";"1";"07";"2021";"06:15";"1";"42";"42181";"1";"1";"1";"7";"Route de Roanne";"45,9892250000";"4,2085360000"
"202100031650";"30";"06";"2021";"09:10";"1";"34";"34245";"2";"3";"1";"6";"Grand Rue";"43,4206780000";"2,9471900000"
"202100031651";"27";"06";"2021";"10:20";"1";"01";"01116";"1";"1";"1";"7";"D32";"45,8071900000";"5,6065680000"
"202100031652";"28";"06";"2021";"11:15";"1";"01";"01066";"1";"1";"1";"1";"D1504";"45,8465890000";"5,5570650000"
"202100031653";"29";"06";"2021";"14:00";"1";"58";"58176";"1";"1";"2";"1";"129 Route de Nevers";"47,0263760000";"3,2737170000"
"202100031654";"24";"06";"2021";"14:15";"1";"58";"58151";"1";"1";"1";"1";"D34";"46,9052160000";"3,4711220000"
"202100031655";"25";"06";"2021";"20:00";"1";"06";"06079";"1";"1";"1";"3";"Avenue de LÃ©rins";"43,5179450000";"6,9382900000"
"202100031656";"29";"06";"2021";"12:40";"1";"14";"14371";"1";"1";"2";"1";"D579";"49,0552870000";"0,1757920000"
"202100031657";"1";"07";"2021";"18:15";"1";"14";"14364";"1";"2";"1";"1";"D13";"49,1737500000";" -0,6656780000"
"202100031658";"1";"07";"2021";"12:00";"1";"09";"09189";"1";"9";"1";"7";"RN 20";"42,6356920000";"1,8290130000"
"202100031659";"1";"07";"2021";"06:00";"2";"53";"53037";"1";"1";"1";"7";"CD21";"47,8779550000";" -0,3976960000"
"202100031660";"1";"07";"2021";"08:50";"1";"21";"21356";"1";"3";"1";"1";"rd 110";"47,0699460754";"5,2740958817"
"202100031661";"24";"06";"2021";"17:50";"1";"27";"27017";"1";"1";"1";"1";"D6154";"48,9924680000";"1,1560750000"
"202100031662";"1";"07";"2021";"15:50";"1";"28";"28183";"1";"2";"1";"3";"D939";"48,3217450000";"1,9353700000"
"202100031663";"1";"07";"2021";"17:40";"1";"17";"17337";"1";"1";"1";"7";"Route de l'hermitage";"45,9610920000";" -1,3700400000"
"202100031664";"30";"06";"2021";"07:40";"1";"17";"17093";"2";"2";"1";"3";"2 rue de bel air";"45,8865320000";" -1,2247290000"
"202100031665";"30";"06";"2021";"09:09";"1";"52";"52093";"2";"2";"2";"3";"Rue des Adieux";"47,8057220000";"5,4308940000"
"202100031666";"1";"07";"2021";"16:30";"1";"88";"88075";"1";"1";"1";"7";"Route du Lac de Blanchemer";"48,0295420000";"6,9944290000"
"202100031667";"27";"06";"2021";"22:19";"3";"88";"88310";"1";"1";"1";"7";"Chemin latÃ©ral";"48,0348800000";"5,9900590000"
"202100031668";"1";"07";"2021";"04:15";"5";"06";"06085";"2";"3";"1";"3";"AVENUE DES ALLIES";"43,5827850000";"7,0095780000"
"202100031669";"1";"07";"2021";"15:35";"1";"85";"85106";"1";"3";"1";"1";"d38";"46,9686500000";" -2,2432800000"
"202100031670";"30";"06";"2021";"20:00";"2";"02";"02280";"1";"1";"1";"7";"autoroute A4   PK 89+800";"49,1004400000";"3,4492510000"
"202100031671";"30";"06";"2021";"15:00";"1";"38";"38527";"1";"1";"1";"1";"Rue de Rif Jany";"45,1470110000";"6,0528370000"
"202100031672";"30";"06";"2021";"20:00";"1";"13";"13032";"2";"1";"1";"1";"8 Boulevard LÃ©once Artaud";"43,5684180000";"5,3549810000"
"202100031673";"21";"06";"2021";"15:31";"1";"84";"84039";"1";"1";"1";"6";"pk 177.380 A7 sens Nord-Sud";"44,0772040000";"4,8810950000"
"202100031674";"1";"07";"2021";"10:30";"1";"988";"98803";"1";"1";"1";"6";"Route du Pont du Cap";" -21,4656500000";"165,3250550000"
"202100031675";"1";"07";"2021";"06:00";"2";"974";"97417";"2";"1";"2";"6";"Rn2 Basse VallÃ©e";" -21,3712730000";"55,7118080000"
"202100031676";"10";"06";"2021";"14:38";"1";"33";"33199";"2";"3";"1";"3";"Cours de la Marne";"44,6330430000";" -1,0556640000"
"202100031677";"30";"06";"2021";"16:30";"1";"91";"91461";"2";"6";"1";"6";"D97";"48,6003670000";"2,2351870000"
"202100031678";"30";"06";"2021";"13:54";"1";"91";"91115";"1";"1";"1";"1";"D116";"48,5912050000";"2,1847990000"
"202100031679";"1";"07";"2021";"00:25";"3";"66";"66212";"1";"1";"1";"6";"Avenue de Villelongue";"42,7512820000";"2,9910600000"
"202100031680";"29";"06";"2021";"10:25";"1";"83";"83068";"2";"1";"7";"6";"D559";"43,2845790000";"6,5950370000"
"202100031681";"20";"06";"2021";"04:50";"3";"04";"04245";"2";"1";"1";"7";"RD 13";"43,8797220000";"5,8451130000"
"202100031682";"27";"06";"2021";"09:15";"1";"67";"67458";"2";"4";"1";"3";"Intersection rue d'Ohlungen - route de Wintershouse";"48,8191000000";"7,7335700000"
"202100031683";"25";"06";"2021";"20:45";"5";"74";"74058";"1";"1";"1";"1";"D22 - Ville du Nant";"46,2854680000";"6,8130680000"
"202100031684";"28";"06";"2021";"18:00";"1";"42";"42022";"2";"2";"1";"1";"Avenue de Sury";"45,5250640000";"4,2110390000"
"202100031685";"30";"06";"2021";"23:25";"5";"38";"38247";"2";"6";"1";"7";"Rue des CarriÃ©res";"45,8276780000";"5,4204550000"
"202100031686";"1";"07";"2021";"01:00";"3";"17";"17185";"1";"1";"1";"6";"Moulin de chalons";"45,7212820000";" -0,9666680000"
"202100031687";"1";"07";"2021";"07:15";"1";"16";"16146";"1";"1";"1";"2";"N/A";"45,6212080000";"0,2568540000"
"202100031688";"22";"06";"2021";"18:00";"1";"33";"33023";"1";"3";"2";"3";"D1113";"44,6949330000";" -0,4922820000"
"202100031689";"1";"07";"2021";"18:30";"1";"85";"85035";"1";"3";"1";"6";"174 Rue de la Grande Sauzaie";"46,6537400000";" -1,8950300000"
"202100031690";"1";"07";"2021";"00:30";"5";"29";"29058";"2";"1";"1";"6";"16 Rue des GlÃ©nan";"47,8624890000";" -3,9883770000"
"202100031691";"24";"06";"2021";"13:20";"1";"27";"27275";"1";"1";"1";"6";"RD 316";"49,1523380000";"1,3460180000"
"202100031692";"29";"06";"2021";"11:55";"1";"27";"27424";"1";"1";"2";"2";"D840";"48,9207230000";"0,9394380000"
"202100031693";"1";"07";"2021";"14:02";"1";"60";"60446";"2";"1";"1";"7";"18 Rue Beauregard";"49,1432190000";"2,7998510000"
"202100031694";"1";"07";"2021";"12:40";"1";"59";"59423";"1";"1";"1";"3";"Rue de Cassel";"50,6671930000";"2,6612810000"
"202100031695";"28";"06";"2021";"11:20";"1";"59";"59350";"1";"1";"1";"3";"AUTOROUTE A25";"50,6161660159";"3,0719874888"
"202100031696";"29";"06";"2021";"05:35";"2";"59";"59350";"1";"1";"1";"6";"ROUTE NATIONALE 356";"50,6164870000";"3,0830140000"
"202100031697";"30";"06";"2021";"15:20";"1";"94";"94021";"1";"1";"1";"4";"AUTOROUTE A6B";"48,7686000000";"2,3454000000"
"202100031698";"30";"06";"2021";"15:30";"1";"78";"78322";"1";"1";"1";"2";"RN12 EXT";"48,7816230000";"2,1649480000"
"202100031699";"30";"06";"2021";"08:10";"1";"78";"78029";"1";"1";"1";"6";"A13W";"48,9638440000";"1,8433770000"
"202100031700";"28";"06";"2021";"22:58";"3";"94";"94033";"1";"1";"2";"4";"A86.EXT";"48,8593412312";"2,4862010980"
"202100031701";"29";"06";"2021";"17:00";"1";"31";"31555";"2";"1";"1";"3";"BD DE L EMBOUCHURE";"43,6117910000";"1,4220910000"
"202100031702";"29";"06";"2021";"13:15";"1";"31";"31149";"2";"1";"1";"3";"QUERCY (ALLEE DU)";"43,6116600000";"1,3332600000"
"202100031703";"28";"06";"2021";"18:30";"1";"31";"31044";"1";"1";"1";"5";"VA007554 LASBORDES A61 Sortie 17";"43,5943100000";"1,4936300000"
"202100031704";"28";"06";"2021";"14:35";"1";"31";"31483";"2";"1";"8";"2";"JOFFRE (AVENUE DU MARECHAL)";"43,1073000000";"0,7194000000"
"202100031705";"6";"06";"2021";"19:00";"1";"28";"28220";"2";"2";"1";"1";"BIENFAISANCE(RUE)";"48,4288200000";"1,4739300000"