"Num_Acc";"jour";"mois";"an";"hrmn";"lum";"dep";"com";"agg";"int";"atm";"col";"adr";"lat";"long"
"202100031706";"29";"06";"2021";"14:58";"1";"22";"22113";"2";"6";"1";"3";"ARMOR (BOULEVARD D')";"48,7464100000";" -3,4666500000"
"202100031707";"29";"06";"2021";"15:50";"1";"17";"17300";"2";"1";"1";"3";"MOULIN   AVENUE JEAN";"46,1431040000";" -1,1390140000"
"202100031708";"29";"06";"2021";"09:20";"1";"17";"17028";"1";"1";"1";"6";"118 PK RN137 ROCHEFORT JUSTICE";"46,1426600000";" -1,1068800000"
"202100031709";"12";"06";"2021";"23:30";"5";"14";"14220";"2";"6";"1";"7";"D513";"49,3599000000";"0,0809380000"
"202100031710";"28";"06";"2021";"15:30";"1";"14";"14341";"1";"1";"1";"2";"N814";"49,1458700000";" -0,3375700000"
"202100031711";"29";"06";"2021";"16:00";"1";"13";"13213";"2";"2";"1";"3";"FRANÃOIS CAMOIN (RUE)";"43,3542239632";"5,4406656126"
"202100031712";"29";"06";"2021";"06:30";"1";"13";"13211";"2";"3";"1";"2";"ROUGUIERE (ALLÃE DE LA )";"43,2933200000";"5,4550100000"
"202100031713";"29";"06";"2021";"08:30";"1";"13";"13207";"2";"1";"1";"3";"CORSE (AVENUE DE LA)";"43,2889660513";"5,3612467536"
"202100031714";"29";"06";"2021";"00:05";"5";"13";"13210";"2";"1";"1";"2";"MAURIAC (RUE)";"43,2734200000";"5,4201200000"
"202100031715";"23";"06";"2021";"10:20";"1";"13";"13028";"2";"1";"1";"6";"PEPINIERE (CHEMIN DE LA)";"43,1909105899";"5,6005970100"
"202100031716";"28";"06";"2021";"09:50";"1";"11";"11069";"1";"1";"1";"2";"ROCADE SUD RD 6161";"43,2244300000";"2,3280000000"
"202100031717";"28";"06";"2021";"22:14";"5";"10";"10387";"2";"1";"2";"7";"VOULDY (CHAUSSEE DU)";"48,2919700000";"4,0866100000"
"202100031718";"28";"06";"2021";"13:42";"1";"10";"10362";"2";"1";"1";"6";"PIERRE BROSSOLETTE (RUE)";"48,2934000000";"4,0566000000"
"202100031719";"28";"06";"2021";"20:03";"1";"06";"06088";"2";"1";"1";"6";"LYAUTEY (AV. DU MAL)";"43,7173700000";"7,2816000000"
"202100031720";"29";"06";"2021";"07:25";"1";"06";"06069";"2";"1";"1";"3";"MARIGARDE (ROUTE DE LA)";"43,6553320000";"6,9413870000"
"202100031721";"28";"06";"2021";"08:15";"1";"06";"06004";"2";"3";"1";"3";"CANNES(RN.7) AV.DE";"43,5750420000";"7,0942040000"
"202100031722";"28";"06";"2021";"19:17";"1";"05";"05061";"2";"3";"1";"1";"STE MARGUERITE ( ROUTE DE )";"44,5472800000";"6,0751000000"
"202100031723";"28";"06";"2021";"13:00";"1";"04";"04112";"2";"4";"1";"3";"Inter bd des Lavandes / Rue Leon MureLAVANDES (BOULEVARD DES)";"43,8313851711";"5,7785399518"
"202100031724";"29";"06";"2021";"19:40";"1";"01";"01283";"2";"2";"3";"3";"ECUYER (EMILE)";"46,2553490000";"5,6466560000"
"202100031725";"28";"06";"2021";"17:05";"1";"75";"75120";"2";"1";"1";"2";"PORTE DE BAGNOLET";"48,8696430000";"2,4132670000"
"202100031726";"29";"06";"2021";"15:30";"1";"75";"75120";"2";"3";"1";"6";"AVENUE BENOIT FRACHON";"48,8521200000";"2,4157030000"
"202100031727";"29";"06";"2021";"09:00";"1";"75";"75119";"2";"1";"2";"2";"AVENUE DE FLANDRE";"48,8813660000";"2,3775550000"
"202100031728";"29";"06";"2021";"00:30";"5";"75";"75119";"2";"1";"1";"1";"BOULEVARD D ALGERIE";"48,8824700000";"2,4000810000"
"202100031729";"29";"06";"2021";"14:20";"1";"75";"75118";"2";"2";"1";"3";"BOULEVARD DE LA CHAPELLE";"48,8844760000";"2,3648000000"
"202100031730";"29";"06";"2021";"16:50";"1";"75";"75117";"2";"3";"1";"6";"RUE BERZELIUS";"48,8919170000";"2,3179450000"
"202100031731";"29";"06";"2021";"16:53";"1";"75";"75114";"2";"2";"2";"4";"RUE DES PLANTES";"48,8293020000";"2,3226650000"
"202100031732";"29";"06";"2021";"10:45";"1";"75";"75113";"2";"2";"8";"3";"RUE DE TOLBIAC";"48,8261480000";"2,3572930000"
"202100031733";"29";"06";"2021";"18:35";"1";"75";"75111";"2";"1";"1";"3";"AVENUE DE LA REPUBLIQUE";"48,8635560000";"2,3835560000"
"202100031734";"29";"06";"2021";"23:30";"5";"75";"75108";"2";"3";"1";"3";"RUE ROY";"48,8755770000";"2,3183750000"
"202100031735";"29";"06";"2021";"17:50";"1";"75";"75108";"2";"1";"2";"2";"RUE SAINT LAZARE";"48,8756130000";"2,3270900000"
"202100031736";"29";"06";"2021";"00:15";"5";"75";"75108";"2";"7";"1";"3";"PLACE DU GENERAL BROCARD";"48,8781530000";"2,3051040000"
"202100031737";"29";"06";"2021";"08:40";"1";"75";"75107";"2";"3";"2";"3";"BOULEVARD DES INVALIDES";"48,8482810000";"2,3157760000"
"202100031738";"29";"06";"2021";"07:45";"1";"75";"75107";"2";"2";"2";"3";"PONT ALEXANDRE III";"48,8628600000";"2,3134470000"
"202100031739";"29";"06";"2021";"00:35";"5";"75";"75107";"2";"2";"1";"6";"BOULEVARD DE LA TOUR MAUBOURG";"48,8572700000";"2,3099440000"
"202100031740";"29";"06";"2021";"08:10";"1";"75";"75103";"2";"2";"2";"2";"BOULEVARD DE SEBASTOPOL";"48,8686720000";"2,3538950000"
"202100031741";"28";"06";"2021";"21:33";"5";"75";"75103";"2";"2";"1";"3";"BOULEVARD DES FILLES DU CALVAIRE";"48,8624700000";"2,3668940000"
"202100031742";"28";"06";"2021";"12:00";"1";"75";"75104";"2";"1";"1";"6";"BOULEVARD BOURDON";"48,8513700000";"2,3675020000"
"202100031743";"29";"06";"2021";"14:08";"1";"94";"94081";"2";"2";"1";"3";"COMMUNE DE PARIS (AV DE LA)";"48,7826900000";"2,3936300000"
"202100031744";"29";"06";"2021";"18:35";"2";"94";"94067";"2";"5";"2";"6";"FOCH (AV)";"48,8448300000";"2,4208600000"
"202100031745";"29";"06";"2021";"13:41";"1";"94";"94044";"2";"1";"1";"3";"Avenue Gabriel PÃ©ri";"48,7547000000";"2,4845800000"
"202100031746";"29";"06";"2021";"13:25";"1";"94";"94021";"2";"1";"1";"3";"Rue du Poitou";"48,7759500000";"2,3599300000"
"202100031747";"29";"06";"2021";"09:00";"1";"94";"94028";"2";"1";"3";"3";"Rue des MÃ¨ches";"48,7926100000";"2,4585700000"
"202100031748";"28";"06";"2021";"16:00";"1";"94";"94077";"2";"1";"1";"6";"GUILLAUME DU VAIR (R)";"48,7374222290";"2,4059281695"
"202100031749";"29";"06";"2021";"18:15";"1";"94";"94058";"2";"1";"2";"6";"GABRIEL PERI (AV)";"48,8371700000";"2,5097400000"
"202100031750";"28";"06";"2021";"23:15";"5";"93";"93073";"2";"1";"1";"1";"CHAPIT RE ( RUE DU)";"49,0087200000";"2,5662600000"
"202100031751";"29";"06";"2021";"13:25";"1";"93";"93066";"2";"1";"1";"1";"""PERI GABRIEL, NR 2  A 114 ET 1 A 133""";"48,9392320000";"2,3565110000"
"202100031752";"27";"06";"2021";"02:15";"5";"93";"93066";"2";"1";"2";"5";"Boulevard de la LibÃ©ration";"48,9281030000";"2,3413460000"
"202100031753";"29";"06";"2021";"09:36";"1";"93";"93062";"2";"2";"2";"6";"CHATEAU D'EAU (ALLEE DU) 26 - FIN";"48,8963100000";"2,5291500000"
"202100031754";"29";"06";"2021";"15:20";"1";"93";"93008";"2";"1";"8";"6";"Avenue Jean Jaures";"48,9049150000";"2,4395430000"
"202100031755";"29";"06";"2021";"19:25";"2";"93";"93048";"2";"1";"2";"3";"PROGRES (RUE DU)";"48,8519700000";"2,4229300000"
"202100031756";"28";"06";"2021";"14:40";"1";"93";"93006";"2";"3";"1";"3";"GIRARDOT RUE";"48,8747400000";"2,4253990000"
"202100031757";"29";"06";"2021";"06:50";"1";"93";"93008";"2";"1";"1";"3";"PARIS (RUE DE)";"48,8999900000";"2,4495800000"
"202100031758";"29";"06";"2021";"07:50";"1";"93";"93001";"2";"2";"2";"3";"JEAN JAURES  (AVE)  157 A 213";"48,9133520000";"2,4025140000"
"202100031759";"29";"06";"2021";"14:00";"1";"92";"92044";"2";"1";"1";"6";"ANA.FRANCE(RUE)77A139 ET 74A124";"48,8935496088";"2,2837055634"
"202100031760";"26";"06";"2021";"13:15";"1";"92";"92044";"2";"1";"1";"6";"VIC. HUGO(RUE)001A067 ET002A078";"48,8948900000";"2,2976700000"
"202100031761";"29";"06";"2021";"09:15";"1";"92";"92040";"2";"6";"2";"7";"RESISTANCE (PLACE DE LA)";"48,8214070000";"2,2502910000"
"202100031762";"28";"06";"2021";"19:53";"1";"92";"92026";"2";"1";"2";"2";"SAINT-DENIS BD (120 A 174 / DE 199 A 315";"48,8990900000";"2,2665600000"
"202100031763";"28";"06";"2021";"14:45";"1";"92";"92025";"2";"2";"1";"2";"KLEBER (AV)";"48,9308900000";"2,2443600000"
"202100031764";"28";"06";"2021";"18:30";"1";"92";"92024";"2";"2";"1";"6";"GENERAL LECLERC (BD DU) (9 A 59)   (4 A";"48,9023976827";"2,3139425885"
"202100031765";"29";"06";"2021";"19:15";"1";"92";"92012";"2";"6";"2";"7";"JEAN JAURES (BOULEVARD) 217/FIN - 210/FI";"48,8253822455";"2,2482168674"
"202100031766";"29";"06";"2021";"12:53";"1";"92";"92012";"2";"2";"1";"6";"GALLIENI (RUE) 55/157 - 50/140";"48,8375820000";"2,2479480000"
"202100031767";"29";"06";"2021";"09:10";"1";"92";"92012";"2";"2";"8";"3";"JEAN BAPTISTE CLEMENT (AVENUE) 1/47 - 2/";"48,8465840000";"2,2386670000"
"202100031768";"25";"06";"2021";"16:10";"1";"95";"95313";"2";"1";"2";"6";"Grande Rue";"49,1121660000";"2,2173230000"
"202100031769";"29";"06";"2021";"08:15";"2";"42";"42166";"1";"4";"3";"1";"Route de Saligny";"45,9826590000";"4,0773090000"
"202100031770";"29";"06";"2021";"19:10";"1";"13";"13078";"2";"2";"1";"3";"avenue du port";"43,3939040000";"4,7978930000"
"202100031771";"28";"06";"2021";"13:30";"1";"87";"87038";"1";"1";"1";"3";"Lieu Dit la Pacaille";"45,9173180000";"1,2336280000"
"202100031772";"30";"06";"2021";"12:15";"1";"51";"51113";"2";"6";"2";"3";"D951/D933";"48,8808387772";"3,7758059757"
"202100031773";"29";"06";"2021";"14:40";"1";"74";"74085";"1";"1";"8";"6";"2183 Rte de Saint Gervais";"45,8410480000";"6,7292200000"
"202100031774";"30";"06";"2021";"18:50";"1";"77";"77242";"2";"3";"1";"3";"rue d'en bas";"48,4986030000";"3,2342080000"
"202100031775";"27";"06";"2021";"10:50";"1";"41";"41164";"1";"1";"2";"7";"Route Departementale 976";"47,2716660000";"1,4064750000"
"202100031776";"30";"06";"2021";"08:40";"1";"34";"34251";"1";"1";"1";"3";"D25";"43,7746110000";"3,3967280000"
"202100031777";"30";"06";"2021";"09:15";"1";"22";"22131";"1";"4";"1";"3";"Milin Creis";"48,5332555392";" -3,4680694342"
"202100031778";"29";"06";"2021";"13:50";"1";"35";"35290";"2";"3";"1";"1";"Rue de la Grotte";"48,0930220000";" -2,0987480000"
"202100031779";"29";"06";"2021";"15:50";"1";"26";"26191";"1";"1";"1";"3";"325 A Rue Noe et Celie Poncet";"44,5457570000";"4,7962670000"
"202100031780";"28";"06";"2021";"17:05";"1";"50";"50029";"2";"1";"1";"6";"62 Rue Pierre Crestey";"48,5992340000";" -0,8323760000"
"202100031781";"30";"06";"2021";"07:30";"1";"07";"07292";"1";"3";"1";"1";"D578";"45,1556460000";"4,6909690000"
"202100031782";"27";"06";"2021";"18:00";"1";"17";"17482";"2";"4";"1";"1";"Rue de la Laiterie";"46,1493720000";" -0,8050920000"
"202100031783";"25";"06";"2021";"16:00";"1";"987";"98734";"2";"1";"1";"6";"PK 35.000 RT1";" -17,7588230000";" -149,5154930000"
"202100031784";"28";"06";"2021";"12:25";"1";"10";"10092";"1";"1";"1";"2";"Autoroute A5";"48,1716046680";"4,3170297144"
"202100031785";"30";"06";"2021";"08:45";"1";"34";"34333";"1";"1";"1";"3";"RD 612";"43,4751590000";"3,7708430000"
"202100031786";"30";"06";"2021";"11:48";"1";"67";"67125";"1";"1";"1";"4";"A35 pK 431.900";"48,3374240000";"7,4996710000"
"202100031787";"20";"06";"2021";"00:55";"5";"06";"06085";"2";"2";"1";"3";"Route du Cannet";"43,5827760000";"7,0095660000"
"202100031788";"15";"06";"2021";"06:45";"1";"45";"45332";"1";"1";"1";"6";"D42-18+250";"47,8488450000";"2,6698240000"
"202100031789";"26";"06";"2021";"20:06";"1";"45";"45297";"2";"6";"1";"1";"66 Rue de Paris";"47,7806100000";"2,3745920000"
"202100031790";"11";"06";"2021";"20:30";"1";"77";"77377";"1";"9";"1";"6";"zone industrielle des presles";"48,7282650000";"2,7270760000"
"202100031791";"30";"06";"2021";"10:15";"1";"2B";"2B148";"1";"1";"1";"3";"Route territoriale 205 - Hors agglomÃ©ration";"42,5422790000";"9,4425340000"
"202100031792";"24";"06";"2021";"18:00";"1";"34";"34145";"1";"6";"1";"3";"N113";"43,6864480000";"4,1549350000"
"202100031793";"4";"06";"2021";"17:15";"1";"13";"13007";"1";"1";"1";"7";"RD 45 A";"43,3366030000";"5,6476970000"
"202100031794";"29";"06";"2021";"10:30";"1";"68";"68247";"1";"1";"5";"6";"D430";"47,9290680000";"7,0198990000"
"202100031795";"29";"06";"2021";"21:00";"1";"63";"63213";"1";"1";"1";"7";"lieu dit Les Bordes";"45,8457220000";"3,2801700000"
"202100031796";"29";"06";"2021";"20:50";"5";"38";"38315";"2";"2";"3";"3";"27 Avenue de la FolatiÃ¨re";"45,5366480000";"5,6603780000"
"202100031797";"29";"06";"2021";"15:20";"1";"26";"26347";"2";"2";"1";"6";"71 Avenue Jean JaurÃ©s";"45,0699760000";"4,8390030000"
"202100031798";"30";"06";"2021";"18:00";"1";"26";"26084";"1";"1";"1";"2";"Route de Chateauneuf";"45,0169550000";"4,9381080000"
"202100031799";"28";"06";"2021";"14:40";"2";"13";"13211";"1";"1";"1";"2";"A50-Sens Aubagne vers Marseille";"43,2878000000";"5,4406000000"
"202100031800";"29";"06";"2021";"02:00";"3";"13";"13071";"1";"1";"1";"2";"A55-Sens Martigues vers Marseille";"43,4006300000";"5,2980300000"
"202100031801";"24";"06";"2021";"04:15";"5";"69";"69199";"1";"1";"2";"2";"A7   7.000 A 8.630";"45,6847605063";"4,8470590711"
"202100031802";"24";"04";"2021";"10:00";"1";"69";"69193";"1";"1";"1";"6";"A7";"45,5067202698";"4,8425942659"
"202100031803";"28";"06";"2021";"18:10";"1";"42";"42330";"1";"1";"1";"6";"A72";"45,4758600000";"4,3590500000"
"202100031804";"25";"06";"2021";"16:45";"1";"33";"33122";"1";"1";"1";"2";"N/A";"44,7416300000";" -0,7091300000"
"202100031805";"29";"06";"2021";"08:43";"1";"94";"94034";"1";"1";"2";"7";"AUTOROUTE A6B";"48,7513100000";"2,3295400000"
"202100031806";"29";"06";"2021";"09:00";"1";"78";"78208";"1";"1";"2";"2";"RN12 INT";"48,7995790000";"1,9847460000"
"202100031807";"29";"06";"2021";"19:50";"1";"95";"95582";"1";"1";"2";"6";"RD 170";"48,9641600000";"2,2685600000"
"202100031808";"29";"06";"2021";"18:00";"1";"93";"93078";"1";"1";"2";"7";"AUTOROUTE A104";"48,9636700000";"2,5213400000"
"202100031809";"29";"06";"2021";"19:25";"1";"93";"93006";"1";"1";"2";"2";"AUTOROUTE A3";"48,8668000000";"2,4255300000"
"202100031810";"29";"06";"2021";"10:30";"1";"93";"93066";"1";"1";"1";"5";"AUTOROUTE A1";"48,9158400000";"2,3576400000"
"202100031811";"29";"06";"2021";"09:25";"1";"95";"95241";"1";"1";"2";"4";"RN 104";"49,0469200000";"2,4575500000"
"202100031812";"28";"06";"2021";"20:00";"1";"93";"93066";"1";"1";"1";"3";"AUTOROUTE A86";"48,9264100000";"2,3377300000"
"202100031813";"28";"06";"2021";"00:30";"3";"93";"93008";"1";"1";"1";"4";"AUTOROUTE A86";"48,9056500000";"2,4615000000"
"202100031814";"27";"06";"2021";"21:30";"2";"95";"95277";"1";"1";"8";"1";"AUTOROUTE A3";"48,9834000000";"2,5014200000"
"202100031815";"29";"06";"2021";"03:00";"3";"77";"77058";"1";"9";"1";"2";"A4";"48,8288424019";"2,7271864718"
"202100031816";"28";"06";"2021";"21:40";"5";"75";"75110";"2";"7";"2";"3";"PLACE DE LA BATAILLE DE STALINGRAD";"48,8826730000";"2,3698610000"
"202100031817";"28";"06";"2021";"16:15";"1";"976";"97611";"2";"1";"1";"3";"doujani-Mouhindi Hassani (rue )";" -12,7926900000";"45,2175800000"
"202100031818";"28";"06";"2021";"07:50";"1";"974";"97416";"1";"1";"1";"7";"SITE (ROUTE DU SITE)";" -21,2953200000";"55,4878500000"
"202100031819";"28";"06";"2021";"17:00";"1";"974";"97409";"1";"1";"1";"1";"BOIS DE FER (chemin)";" -20,9424800000";"55,6573800000"
"202100031820";"28";"06";"2021";"16:10";"1";"69";"69386";"2";"2";"8";"3";"GARIBALDI (R)";"45,7719833245";"4,8498791456"
"202100031821";"28";"06";"2021";"08:09";"1";"972";"97209";"1";"1";"1";"2";"RD 41 (ROCADE)";"14,6153500000";" -61,0616100000"
"202100031822";"27";"06";"2021";"17:40";"1";"972";"97209";"2";"3";"1";"3";"BISHOP (Avenue Maurice)";"14,6072700000";" -61,0570900000"
"202100031823";"28";"06";"2021";"16:50";"1";"69";"69384";"2";"1";"1";"2";"BIRMINGHAM (DE) (AV)";"45,7744700000";"4,8135400000"
"202100031824";"27";"06";"2021";"19:15";"1";"69";"69286";"2";"1";"1";"3";"OSLO (D') (R)";"45,8174800000";"4,9042900000"
"202100031825";"27";"06";"2021";"12:02";"1";"2B";"2B120";"2";"2";"1";"3";"IMPERIALE (Route) D464 ";"42,6380600000";"9,4339900000"
"202100031826";"28";"06";"2021";"11:13";"1";"95";"95585";"2";"1";"1";"6";"DE LATTRE DE TASSIGNY (RUE DU MARECHAL)";"48,9805502841";"2,3782637715"
"202100031827";"28";"06";"2021";"12:35";"1";"91";"91549";"2";"6";"8";"3";"LIERS (RUE DE)";"48,6292200000";"2,3360500000"
"202100031828";"28";"06";"2021";"18:05";"1";"91";"91657";"2";"9";"1";"3";"RUE DU COLCHIQUE";"48,6883200000";"2,4399600000"
"202100031829";"28";"06";"2021";"12:10";"1";"91";"91421";"2";"9";"1";"3";"CORBEIL (ROUTE DE)";"48,7056000000";"2,4397000000"
"202100031830";"28";"06";"2021";"18:55";"1";"91";"91479";"2";"3";"1";"3";"RUE ANDRE BERNARDEAU";"48,7107400000";"2,3562900000"
"202100031831";"28";"06";"2021";"16:20";"1";"91";"91434";"2";"2";"1";"3";"JEAN RAYNAL (RUE)";"48,6617090000";"2,3467470000"
"202100031832";"26";"06";"2021";"02:00";"5";"87";"87085";"2";"1";"1";"7";"BROGLIE (AVENUE LOUIS DE)";"45,8825200000";"1,2868000000"
"202100031833";"25";"06";"2021";"18:50";"1";"87";"87085";"2";"2";"1";"3";"VANTEAUX (BOULEVARD DE)";"45,8209000000";"1,2303700000"
"202100031834";"10";"06";"2021";"21:40";"2";"84";"84007";"2";"1";"1";"3";"C.De GAULLE (Rocade)";"43,9288500000";"4,8127600000"
"202100031835";"29";"06";"2021";"00:20";"3";"83";"83069";"1";"1";"1";"6";"LOUBES (ROUTE DES)";"43,1148600000";"6,0964300000"
"202100031836";"26";"06";"2021";"09:44";"1";"80";"80021";"2";"1";"2";"2";"SAINT FUSCIEN (RUE)";"49,8728600000";"2,3067600000"
"202100031837";"25";"06";"2021";"20:23";"1";"80";"80021";"2";"1";"2";"3";"JEAN JAURES (RUE)";"49,8977200000";"2,2866200000"
"202100031838";"25";"06";"2021";"18:30";"3";"80";"80021";"1";"1";"3";"7";"EUROPE (AVENUE DE L')";"49,9179600000";"2,3045900000"
"202100031839";"28";"06";"2021";"16:20";"1";"78";"78311";"2";"3";"1";"1";"HENRI BARBUSSE (BOULEVARD) 44-174";"48,9292100000";"2,1878900000"
"202100031840";"25";"06";"2021";"13:30";"1";"78";"78362";"2";"1";"1";"1";"Avenue de lâYveline";"48,9711260000";"1,7186350000"
"202100031841";"26";"06";"2021";"18:30";"1";"76";"76351";"1";"1";"2";"6";"Rue Gustave Brindeau";"49,4896600000";"0,1421900000"
"202100031842";"26";"06";"2021";"21:30";"5";"76";"76447";"2";"1";"2";"6";"GEORGES CLEMENCEAU";"49,5499400000";"0,2001900000"
"202100031843";"26";"06";"2021";"02:00";"5";"76";"76447";"2";"1";"1";"6";"PRESIDENT WILSON";"49,5407500000";"0,1794100000"
"202100031844";"28";"06";"2021";"15:55";"1";"71";"71306";"2";"1";"1";"3";"21 Rue de lâHospice";"46,6667900000";"4,3608600000"
"202100031845";"21";"06";"2021";"12:55";"1";"71";"71076";"2";"1";"1";"1";"LEDRU ROLLIN (RUE)";"46,7847000000";"4,8357700000"
"202100031846";"28";"06";"2021";"17:00";"1";"69";"69266";"2";"3";"1";"6";"GENERAL LECLERC (AV)";"45,7580500000";"4,8909000000"
"202100031847";"28";"06";"2021";"16:45";"1";"69";"69029";"2";"1";"2";"6";"LIONEL TERRAY (R)";"45,7254000000";"4,9076500000"
"202100031848";"28";"06";"2021";"11:35";"1";"69";"69266";"2";"1";"1";"3";"CANAL (DU) (R)";"45,7793391496";"4,8972952366"
"202100031849";"28";"06";"2021";"08:30";"1";"69";"69266";"2";"3";"2";"3";"TOLSTOI (CR)";"45,7625326961";"4,8785197735"
"202100031850";"26";"06";"2021";"11:00";"1";"67";"67482";"2";"1";"1";"3";"RACINE (AVENUE)";"48,5960100000";"7,7002900000"
"202100031851";"26";"06";"2021";"07:30";"1";"67";"67482";"2";"1";"1";"1";"JACOB MAYER (RUE)";"48,5906000000";"7,7197300000"
"202100031852";"27";"06";"2021";"19:35";"1";"66";"66136";"1";"1";"1";"6";"DÃ©partementale  617";"42,7121400000";"2,9576000000"
"202100031853";"26";"06";"2021";"21:29";"2";"66";"66136";"2";"3";"1";"3";"DOUMER (AVENUE DU PRESIDENT)";"42,6930400000";"2,8871500000"
"202100031854";"29";"06";"2021";"01:00";"5";"64";"64445";"2";"1";"1";"7";"BOURBAKI";"43,3027800000";" -0,3737900000"
"202100031855";"29";"06";"2021";"02:40";"5";"64";"64024";"2";"1";"2";"7";"BAB (BOULEVARD DU)";"43,4926000000";" -1,5315000000"
"202100031856";"27";"06";"2021";"04:35";"5";"63";"63113";"2";"1";"1";"6";"CHANTERANNE (RUE DE)";"45,7848500000";"3,0998600000"
"202100031857";"28";"06";"2021";"07:53";"1";"63";"63070";"2";"1";"1";"6";"D2089";"45,7415200000";"3,0748100000"
"202100031858";"28";"06";"2021";"06:21";"1";"63";"63070";"2";"1";"3";"7";"BEAUMONT (AVENUE DE)";"45,7368600000";"3,0669700000"
"202100031859";"28";"06";"2021";"02:14";"5";"63";"63113";"2";"2";"1";"3";"JAURES (BD JEAN)";"45,7678900000";"3,0840900000"
"202100031860";"27";"06";"2021";"18:50";"1";"63";"63113";"2";"1";"1";"6";"TORPILLEUR SIROCCO (RUE DU)";"45,8135700000";"3,1061800000"
"202100031861";"1";"06";"2021";"08:20";"1";"62";"62624";"2";"6";"1";"3";"GAMBETTA (R LEON)";"50,4251060000";"2,9990640000"
"202100031862";"28";"06";"2021";"22:55";"5";"59";"59392";"2";"9";"1";"3";"HAUTMONT (RUE D')";"50,2769400000";"3,9622000000"
"202100031863";"11";"06";"2021";"17:15";"1";"59";"59350";"2";"2";"1";"3";"TESTELIN RUE";"50,6283300000";"3,1137300000"
"202100031864";"25";"06";"2021";"09:40";"1";"50";"50173";"2";"6";"3";"1";"MOULIN (RUE JEAN)";"49,6538800000";" -1,6761300000"
"202100031865";"25";"06";"2021";"09:40";"1";"50";"50129";"2";"7";"2";"6";"NOTRE DAME DU VOEU (PLACE)";"49,6362800000";" -1,6290200000"
"202100031866";"28";"06";"2021";"11:30";"1";"45";"45147";"1";"1";"8";"4";"D2060-PR 95 + 850";"47,9343400000";"1,9306000000"
"202100031867";"28";"06";"2021";"11:26";"1";"45";"45169";"2";"3";"1";"6";"Rue du Chateau dâEau";"47,9307700000";"1,8330100000"
"202100031868";"28";"06";"2021";"23:45";"5";"44";"44109";"2";"9";"2";"3";"BOULEVARD EMILE ROMANET";"47,2096600000";" -1,5970400000"
"202100031869";"19";"06";"2021";"12:30";"1";"42";"42218";"2";"1";"1";"3";"Rue Jean Huss";"45,4503011816";"4,4154333004"
"202100031870";"28";"06";"2021";"20:50";"1";"42";"42187";"2";"2";"1";"6";"Rue Mulsant";"46,0376900000";"4,0615500000"
"202100031871";"28";"06";"2021";"08:45";"1";"38";"38544";"2";"1";"1";"1";"Rue Lafayette";"45,5270300000";"4,8970400000"
"202100031872";"28";"06";"2021";"17:13";"1";"37";"37233";"2";"3";"2";"6";"FLORENCE (AVENUE DE)";"47,3768501677";"0,7372869551"
"202100031873";"8";"06";"2021";"09:55";"1";"35";"35288";"2";"1";"1";"6";"SILLON (DU) CHAUSSEE";"48,6543400000";" -2,0092600000"
"202100031874";"28";"06";"2021";"12:50";"1";"35";"35238";"2";"2";"2";"3";"FREVILLE (AVENUE HENRI)";"48,0836000000";" -1,6744600000"
"202100031875";"28";"06";"2021";"19:40";"1";"34";"34172";"2";"2";"1";"1";"CHASSEURS (RUE DES)";"43,6028500000";"3,8552200000"
"202100031876";"28";"06";"2021";"11:44";"1";"33";"33529";"2";"1";"8";"7";"PYLA (BD DU)";"44,6334900000";" -1,1623700000"
"202100031877";"27";"06";"2021";"23:50";"5";"33";"33009";"2";"3";"1";"3";"Boulevard Cote dâArgent";"44,6394030000";" -1,2022390000"
"202100031878";"17";"05";"2021";"08:40";"1";"22";"22187";"2";"4";"1";"2";"VERDUN (rue de )";"48,5451869899";" -2,7868795395"
"202100031879";"28";"06";"2021";"07:50";"1";"17";"17200";"2";"1";"2";"6";"HUIT MAI 1945   AVENUE DU";"46,1901400000";" -1,1473800000"
"202100031880";"21";"06";"2021";"19:10";"1";"17";"17299";"2";"6";"1";"3";"BEGON ROND POINT ET RUE";"45,9433700000";" -0,9602200000"
"202100031881";"25";"06";"2021";"18:20";"1";"13";"13077";"2";"1";"1";"6";"SEMARD PIERRE (bld)";"43,4086000000";"5,0018800000"
"202100031882";"26";"06";"2021";"13:20";"1";"13";"13039";"1";"1";"2";"3";"RN 545";"43,4359000000";"4,9251900000"
"202100031883";"27";"06";"2021";"14:30";"1";"13";"13039";"1";"1";"1";"2";"ROUTE NATIONALE 568";"43,4608900000";"4,9213700000"
"202100031884";"28";"06";"2021";"22:20";"5";"13";"13210";"2";"1";"1";"7";"ROSTAND ( IMPASSE)";"43,2774500000";"5,4151400000"
"202100031885";"28";"06";"2021";"12:00";"1";"13";"13215";"1";"1";"1";"1";"SAINT JOSEPH (CHEMIN DE)";"43,3543159791";"5,3698703702"
"202100031886";"28";"06";"2021";"13:15";"1";"13";"13216";"2";"1";"1";"3";"HENRI BARNIER (BOULEVARD)";"43,3652800000";"5,3427500000"
"202100031887";"28";"06";"2021";"08:15";"1";"13";"13202";"2";"3";"1";"3";"JOLIETTE (PLACE DE LA)";"43,3040000000";"5,3660000000"
"202100031888";"28";"06";"2021";"08:40";"1";"13";"13212";"2";"1";"1";"3";"POILUS (AVENUE DES)";"43,3139000000";"5,4632900000"
"202100031889";"27";"06";"2021";"19:52";"1";"12";"12145";"2";"2";"1";"3";"Rue de la LibertÃ©";"44,0995142657";"3,0759056658"
"202100031890";"28";"06";"2021";"10:39";"1";"06";"06088";"2";"1";"1";"6";"JAURES (BD JEAN)";"43,6974170000";"7,2730420000"
"202100031891";"26";"06";"2021";"20:20";"1";"06";"06027";"2";"9";"1";"3";"LECLERCAVENUE GENERAL";"43,6582090000";"7,1636940000"