"Num_Acc";"jour";"mois";"an";"hrmn";"lum";"dep";"com";"agg";"int";"atm";"col";"adr";"lat";"long"
"202100031892";"27";"06";"2021";"11:10";"1";"06";"06027";"2";"1";"1";"2";"CANNES AVENUE DE (RN7)";"43,6532700000";"7,1463600000"
"202100031893";"25";"06";"2021";"16:38";"1";"05";"05061";"2";"1";"1";"7";"PAUL BERT ( RUE )";"44,5671100000";"6,0908100000"
"202100031894";"25";"06";"2021";"16:27";"1";"05";"05061";"1";"1";"1";"1";"D 292";"44,5955200000";"6,1314200000"
"202100031895";"25";"06";"2021";"15:09";"1";"05";"05061";"1";"1";"1";"7";"D994";"44,5482120000";"6,0380420000"
"202100031896";"28";"06";"2021";"09:35";"1";"75";"75113";"2";"1";"1";"6";"PORTE D IVRY";"48,8196900000";"2,3737000000"
"202100031897";"28";"06";"2021";"09:30";"1";"75";"75116";"2";"1";"1";"4";"BOULEVARD PERIPHERIQUE INTERIEUR OUEST";"48,8719930000";"2,2740200000"
"202100031898";"27";"06";"2021";"03:42";"5";"75";"75108";"2";"3";"2";"3";"AVENUE DE WAGRAM";"48,8754420000";"2,2962470000"
"202100031899";"28";"06";"2021";"02:15";"5";"75";"75120";"2";"2";"8";"3";"BOULEVARD DE CHARONNE";"48,8488490000";"2,3993280000"
"202100031900";"28";"06";"2021";"08:30";"1";"75";"75118";"2";"1";"1";"6";"AVENUE DE CLICHY";"48,8839550000";"2,3272480000"
"202100031901";"28";"06";"2021";"08:40";"1";"75";"75118";"2";"1";"1";"6";"RUE DAMREMONT";"48,8932670000";"2,3361160000"
"202100031902";"27";"06";"2021";"12:30";"1";"75";"75116";"2";"2";"2";"3";"AVENUE DU PRESIDENT KENNEDY";"48,8513210000";"2,2784930000"
"202100031903";"27";"06";"2021";"03:00";"5";"75";"75116";"2";"3";"2";"4";"AVENUE D IENA";"48,8671820000";"2,2953680000"
"202100031904";"28";"06";"2021";"20:30";"2";"75";"75113";"2";"2";"2";"3";"RUE DE PATAY";"48,8286350000";"2,3699230000"
"202100031905";"28";"06";"2021";"08:05";"1";"75";"75111";"2";"2";"1";"1";"RUE DE CHARONNE";"48,8557600000";"2,3913370000"
"202100031906";"28";"06";"2021";"08:30";"1";"75";"75109";"2";"2";"1";"3";"RUE DE LA VICTOIRE";"48,8752070000";"2,3352130000"
"202100031907";"28";"06";"2021";"14:47";"1";"75";"75108";"2";"7";"1";"3";"PLACE DE LA CONCORDE";"48,8666150000";"2,3219610000"
"202100031908";"27";"06";"2021";"02:50";"5";"75";"75104";"2";"3";"2";"2";"BOULEVARD BOURDON";"48,8516490000";"2,3676380000"
"202100031909";"28";"06";"2021";"12:10";"1";"94";"94074";"2";"1";"1";"6";"Rue Vincent Bureau";"48,7397386579";"2,4605727196"
"202100031910";"28";"06";"2021";"11:00";"1";"94";"94034";"2";"3";"1";"3";"Avenue de la Cerisaie";"48,7526700000";"2,3295300000"
"202100031911";"28";"06";"2021";"18:30";"1";"94";"94033";"2";"1";"2";"2";"GENERAL LECLERC (PL DU)";"48,8523500000";"2,4855400000"
"202100031912";"27";"06";"2021";"22:20";"5";"94";"94028";"2";"1";"2";"1";"Avenue LaferriÃ¨re";"48,7996900000";"2,4547870000"
"202100031913";"28";"06";"2021";"18:45";"1";"93";"93078";"2";"2";"1";"1";"Avenue Georges ClÃ©menceau / Avenue Charles de Gaulle";"48,9581600000";"2,5583700000"
"202100031914";"27";"06";"2021";"23:26";"5";"93";"93072";"2";"1";"1";"3";"HUCAILLES (RUE DES)";"48,9635490000";"2,3819750000"
"202100031915";"28";"06";"2021";"12:40";"1";"93";"93066";"2";"1";"1";"2";"Avenue du PrÃ©sident Wilson";"48,9147220000";"2,3581290000"
"202100031916";"28";"06";"2021";"11:15";"1";"93";"93064";"2";"9";"1";"4";"PERI (BOULEVARD GABRIEL) 39 / 44 - FIN";"48,8795900000";"2,4670530000"
"202100031917";"28";"06";"2021";"16:53";"1";"93";"93051";"2";"1";"1";"4";"NEUILLY (PONT)";"48,8535360000";"2,5327330000"
"202100031918";"28";"06";"2021";"17:00";"1";"93";"93048";"2";"2";"1";"3";"Rue de Valmy / Rue Armand Carrel";"48,8507600000";"2,4182700000"
"202100031919";"27";"06";"2021";"13:15";"1";"93";"93032";"2";"3";"2";"3";"Avenue Vaillant Couturier / Avenue de Bordeaux";"48,8760200000";"2,5498600000"
"202100031920";"28";"06";"2021";"18:50";"1";"92";"92078";"2";"1";"1";"2";"JEAN JAURES (RUE) (NÂ° IMPAIRS)";"48,9334500000";"2,3251500000"
"202100031921";"28";"06";"2021";"15:29";"1";"92";"92078";"2";"2";"1";"3";"GALLIENI (BD) (1 A 79 ET 22 A 102)";"48,9249254458";"2,3254644871"
"202100031922";"28";"06";"2021";"20:30";"2";"92";"92064";"2";"1";"2";"1";"REPUBLIQUE";"48,8492165466";"2,2138296068"
"202100031923";"28";"06";"2021";"16:30";"1";"92";"92051";"2";"1";"1";"2";"PARMENTIER (RUE)";"48,8823256710";"2,2804757953"
"202100031924";"28";"06";"2021";"00:08";"5";"92";"92062";"2";"2";"2";"3";"GENERAL DE GAULLE (AVENUE DU)";"48,8875300000";"2,2329600000"
"202100031925";"28";"06";"2021";"10:15";"1";"92";"92012";"2";"2";"1";"3";"MARECHAL DE LATTRE DE TASSIGNY (AVENUE)";"48,8412300380";"2,2253205551"
"202100031926";"28";"06";"2021";"16:30";"1";"37";"37063";"2";"1";"8";"6";"Rue Gambetta";"47,5965600000";"0,9135120000"
"202100031927";"29";"06";"2021";"08:25";"1";"01";"01362";"1";"1";"1";"1";"D6";"45,9492330000";"4,8614660000"
"202100031928";"27";"06";"2021";"09:45";"1";"26";"26301";"1";"1";"1";"3";"Route de Valence";"45,1139280000";"4,9617440000"
"202100031929";"28";"06";"2021";"18:30";"1";"33";"33205";"2";"1";"1";"3";"Lieu Dit Callac";"44,5906780000";" -0,3753150000"
"202100031930";"8";"06";"2021";"10:30";"1";"66";"66021";"2";"6";"1";"3";"Avenue de Lamans";"42,7211800000";"2,9322870000"
"202100031931";"28";"06";"2021";"11:30";"1";"56";"56223";"1";"6";"3";"3";"Giratoire des Marais";"47,6411040000";" -2,0993810000"
"202100031932";"28";"06";"2021";"17:35";"1";"33";"33506";"1";"1";"1";"2";"N/A";"44,6762350000";" -0,0749270000"
"202100031933";"27";"06";"2021";"19:15";"1";"04";"04135";"1";"1";"1";"3";"RD 952";"43,8483630000";"6,1990790000"
"202100031934";"29";"06";"2021";"14:50";"1";"04";"04202";"1";"1";"1";"3";"RD 2202";"43,9977700000";"6,7769550000"
"202100031935";"27";"06";"2021";"19:00";"1";"27";"27096";"1";"1";"8";"7";"DÃ©partementale 21";"48,8868570000";"0,6705090000"
"202100031936";"28";"06";"2021";"13:25";"1";"08";"08067";"1";"1";"1";"7";"Rue de Charbeaux";"49,6300330000";"5,2157380000"
"202100031937";"28";"06";"2021";"19:00";"1";"74";"74143";"1";"1";"1";"6";"RN 205";"45,9142280000";"6,7707320000"
"202100031938";"7";"06";"2021";"20:15";"1";"34";"34023";"2";"3";"1";"3";"Route de Sete";"43,4475910000";"3,6931230000"
"202100031939";"28";"06";"2021";"15:40";"1";"13";"13070";"1";"1";"1";"3";"A50-Sens Aubagne vers Marseille";"43,2852000000";"5,5129100000"
"202100031940";"15";"06";"2021";"18:25";"1";"83";"83144";"1";"1";"1";"2";"A57";"43,1339409650";"5,9862069699"
"202100031941";"28";"06";"2021";"08:30";"1";"69";"69275";"1";"1";"8";"3";"RN346    29.300 A 34.350";"45,7782624499";"4,9648615303"
"202100031942";"24";"06";"2021";"20:30";"1";"59";"59459";"1";"1";"1";"4";"AUTOROUTE A23";"50,3727801584";"3,4777156423"
"202100031943";"28";"06";"2021";"15:40";"1";"92";"92036";"1";"1";"1";"4";"A86";"48,9357640852";"2,2872224731"
"202100031944";"28";"06";"2021";"08:50";"1";"93";"93064";"1";"1";"1";"3";"AUTOROUTE A86";"48,8856249893";"2,4728677971"
"202100031945";"28";"06";"2021";"01:13";"3";"93";"93078";"1";"1";"2";"2";"AUTOROUTE A104";"48,9590300000";"2,5258700000"
"202100031946";"28";"06";"2021";"19:00";"1";"93";"93051";"1";"1";"1";"6";"A4";"48,8356400000";"2,5661000000"
"202100031947";"28";"06";"2021";"18:15";"1";"94";"94028";"1";"1";"1";"2";"A86 INT";"48,7763300000";"2,4309100000"
"202100031948";"28";"06";"2021";"17:00";"1";"77";"77258";"1";"1";"1";"2";"A4.W";"48,8306000000";"2,6323300000"
"202100031949";"27";"06";"2021";"21:45";"2";"75";"75112";"1";"1";"1";"2";"A4";"48,8192800000";"2,4588300000"
"202100031950";"25";"06";"2021";"17:40";"1";"04";"04112";"2";"1";"1";"6";"RD 5 (Bd Elemir Bourges)";"43,8327827731";"5,7812138545"
"202100031951";"27";"06";"2021";"17:10";"1";"38";"38185";"2";"3";"1";"6";"Rue de Stalingrad";"45,1724900000";"5,7246300000"
"202100031952";"27";"06";"2021";"21:10";"1";"75";"75111";"2";"3";"1";"2";"RUE DES TROIS BORNES";"48,8661880000";"2,3712290000"
"202100031953";"23";"02";"2021";"08:25";"1";"09";"09247";"1";"1";"1";"6";"D33";"42,9541450000";"1,2446840000"
"202100031954";"28";"06";"2021";"10:35";"1";"988";"98818";"2";"1";"1";"5";"RUE ROGER GERVOLINO";" -22,2666300000";"166,4680100000"
"202100031955";"27";"06";"2021";"16:05";"1";"988";"98818";"2";"1";"1";"6";"PARKING DE L'EGLISE DE MONTRAVEL";" -22,2521500000";"166,4531100000"
"202100031956";"27";"06";"2021";"22:45";"5";"974";"97416";"2";"1";"2";"6";"D28 LIGNE DES BAMBOUS";" -21,3000400000";"55,4917100000"
"202100031957";"27";"06";"2021";"06:55";"1";"973";"97302";"2";"1";"1";"6";"HEDER (place)";"4,9391305913";" -52,3349393606"
"202100031958";"27";"06";"2021";"14:00";"1";"69";"69383";"2";"2";"1";"3";"FERDINAND BUISSON (R)";"45,7512700000";"4,8939000000"
"202100031959";"27";"06";"2021";"01:20";"5";"972";"97213";"1";"1";"1";"6";"ROUTE DEPARTEMENTALE 13";"14,6344000000";" -61,0141100000"
"202100031960";"27";"06";"2021";"06:55";"1";"971";"97101";"2";"6";"1";"3";"RN5-BOISRIPEAUX";"16,2797884172";" -61,5077152833"
"202100031961";"27";"06";"2021";"10:45";"1";"95";"95680";"2";"3";"1";"6";"CHARMETTES (AVENUE DES )";"48,9971818739";"2,4137359858"
"202100031962";"27";"06";"2021";"23:00";"3";"95";"95280";"1";"1";"2";"2";"RD 317";"49,0225233966";"2,4973887205"
"202100031963";"27";"06";"2021";"18:25";"1";"95";"95277";"2";"1";"8";"6";"GASSIEN ALEXANDRE (AVENUE)";"48,9981100000";"2,4270600000"
"202100031964";"27";"06";"2021";"08:05";"1";"91";"91027";"2";"1";"1";"5";"AV FRANCOIS MITTERRAND";"48,7190000000";"2,3709590000"
"202100031965";"26";"06";"2021";"18:30";"1";"83";"83069";"2";"1";"7";"3";"TOULON RD 46 ( ROUTE DE )";"43,1262300000";"6,0970100000"
"202100031966";"27";"06";"2021";"21:00";"1";"79";"79329";"2";"1";"8";"6";"44 Rue Louis Blanc";"46,9860470000";" -0,2151100000"
"202100031967";"27";"06";"2021";"17:21";"1";"76";"76131";"1";"1";"1";"7";"CÃ´te de la Maison BrÃ»lÃ©e (D132)";"49,3481950000";"0,9310840000"
"202100031968";"26";"06";"2021";"23:53";"5";"72";"72181";"2";"1";"1";"3";"CLEMENCEAU GEORGES ( BD) NÂ° PAIRS";"47,9803600000";"0,2164800000"
"202100031969";"27";"06";"2021";"20:25";"1";"69";"69266";"2";"1";"1";"3";"PAUL KRUGER (AV)";"45,7548600000";"4,9009800000"
"202100031970";"26";"06";"2021";"22:52";"5";"59";"59183";"2";"1";"1";"6";"BANC VERT";"51,0203700000";"2,3556900000"
"202100031971";"27";"06";"2021";"11:23";"1";"57";"57751";"2";"2";"1";"6";"FERDINAND SECHEHAYE (RUE )";"49,1509658000";"6,1647926000"
"202100031972";"26";"06";"2021";"15:35";"1";"45";"45234";"2";"1";"1";"6";"Quai du Fort des Tourelles";"47,8947800000";"1,9067200000"
"202100031973";"27";"06";"2021";"02:45";"5";"45";"45234";"2";"1";"1";"1";"66 Quai de la Madeleine";"47,8979700000";"1,8789000000"
"202100031974";"27";"06";"2021";"18:09";"1";"37";"37261";"2";"2";"3";"3";"MAGINOT (AV. ANDRE)";"47,4173639656";"0,6909625232"
"202100031975";"27";"06";"2021";"02:42";"5";"35";"35238";"2";"2";"1";"1";"PATTON (AVENUE DU GENERAL SIR GEORGES)";"48,1284600000";" -1,6642500000"
"202100031976";"27";"06";"2021";"12:20";"1";"34";"34003";"2";"3";"1";"1";"COURPOURON (QUAI H.)";"43,2861100000";"3,4450500000"
"202100031977";"27";"06";"2021";"19:45";"1";"33";"33063";"2";"3";"8";"3";"Cours de l'Yser";"44,8287980000";" -0,5687670000"
"202100031978";"27";"06";"2021";"22:15";"5";"31";"31555";"2";"1";"3";"2";"AV JEAN RIEUX";"43,5853200000";"1,4758800000"
"202100031979";"27";"06";"2021";"16:30";"1";"25";"25056";"2";"1";"1";"2";"GARNIER RUE LOUIS";"47,2156318120";"5,9685319662"
"202100031980";"27";"06";"2021";"11:40";"1";"15";"15014";"2";"1";"1";"3";"Avenue Charles de Gaulle";"44,9120100000";"2,4288400000"
"202100031981";"26";"06";"2021";"03:55";"3";"14";"14333";"1";"1";"2";"7";"CD 580";"49,4125220000";"0,2665970000"
"202100031982";"27";"06";"2021";"15:25";"1";"14";"14118";"2";"1";"1";"6";"Place de la Gare";"49,1758300000";" -0,3493200000"
"202100031983";"26";"06";"2021";"20:25";"1";"14";"14118";"2";"1";"1";"6";"Rue de Bayeux";"49,1831100000";" -0,3781200000"
"202100031984";"27";"06";"2021";"20:50";"2";"13";"13203";"2";"1";"1";"1";"PLACIDE CAFFO (PLACE)";"43,3130400000";"5,3848600000"
"202100031985";"27";"06";"2021";"14:15";"1";"13";"13207";"2";"1";"1";"3";"CORDERIE (BOULEVARD DE LA)";"43,2903216979";"5,3691037406"
"202100031986";"27";"06";"2021";"07:55";"1";"13";"13210";"2";"1";"1";"1";"PIERRE DOIZE  (RUE)";"43,2700000000";"5,4230000000"
"202100031987";"27";"06";"2021";"09:15";"1";"13";"13005";"2";"1";"1";"4";"BOYER (AVENUE ANTIDE)";"43,2949600000";"5,5627200000"
"202100031988";"26";"06";"2021";"17:05";"1";"01";"01053";"1";"1";"1";"6";"Chemin du Moulin des Loups";"46,2175920000";"5,2622550000"
"202100031989";"27";"06";"2021";"02:30";"4";"75";"75105";"2";"7";"2";"5";"QUAI SAINT BERNARD";"48,8437640000";"2,3644720000"
"202100031990";"27";"06";"2021";"15:15";"1";"75";"75116";"2";"1";"1";"4";"VOIE GEORGES POMPIDOU";"48,8520800000";"2,2796040000"
"202100031991";"27";"06";"2021";"12:40";"1";"75";"75114";"2";"3";"2";"6";"RUE DES PLANTES";"48,8280340000";"2,3214640000"
"202100031992";"27";"06";"2021";"11:25";"1";"75";"75114";"2";"3";"2";"6";"BOULEVARD RASPAIL";"48,8394110000";"2,3305390000"
"202100031993";"27";"06";"2021";"02:50";"5";"75";"75104";"2";"2";"2";"3";"PONT NOTRE DAME";"48,8556730000";"2,3483200000"
"202100031994";"27";"06";"2021";"12:00";"1";"75";"75103";"2";"1";"2";"7";"BOULEVARD BEAUMARCHAIS";"48,8596000000";"2,3673300000"
"202100031995";"27";"06";"2021";"02:45";"5";"75";"75108";"2";"2";"2";"5";"AVENUE DES CHAMPS ELYSEES";"48,8677480000";"2,3139710000"
"202100031996";"27";"06";"2021";"07:50";"1";"93";"93078";"2";"3";"8";"3";"Boulevard Robert Ballanger / Avenue Martin Luther King";"48,9519000000";"2,5283800000"
"202100031997";"27";"06";"2021";"22:50";"5";"93";"93071";"2";"9";"2";"3";"Avenue de Livry";"48,9341645420";"2,5354532897"
"202100031998";"27";"06";"2021";"15:15";"1";"93";"93062";"2";"1";"1";"2";"AllÃ©e de Montfermeil";"48,8966200000";"2,5303900000"
"202100031999";"26";"06";"2021";"23:45";"5";"93";"93049";"2";"9";"1";"5";"Avenue de Rosny";"48,8718970000";"2,5091420000"
"202100032000";"27";"06";"2021";"20:40";"2";"93";"93031";"2";"9";"1";"2";"Avenue de la RÃ©publique";"48,9495620000";"2,3304550000"
"202100032001";"27";"06";"2021";"02:30";"5";"93";"93029";"2";"3";"3";"3";"HENRI BARBUSSE (AVE) NÂ°126-280";"48,9199000000";"2,4513200000"
"202100032002";"27";"06";"2021";"03:15";"5";"93";"93007";"2";"1";"2";"6";"MARECHAL FOCH (AVENUE DU)";"48,9277800000";"2,4661200000"
"202100032003";"27";"06";"2021";"19:50";"1";"93";"93005";"2";"6";"8";"3";"Rond-Point des Droits de l'Homme";"48,9301090000";"2,4817360000"
"202100032004";"26";"06";"2021";"22:40";"5";"93";"93005";"2";"1";"1";"7";"Rue Paul CÃ©zanne";"48,9529830000";"2,4956900000"
"202100032005";"27";"06";"2021";"20:40";"1";"92";"92012";"2";"1";"1";"2";"JEAN JAURES (BOULEVARD) 217/FIN - 210/FI";"48,8278374323";"2,2467993200"
"202100032006";"27";"06";"2021";"11:15";"1";"92";"92012";"2";"2";"2";"3";"ANDRE MORIZET (AVENUE) 1/47 - 2/52";"48,8350150390";"2,2412954271"
"202100032007";"27";"06";"2021";"13:00";"1";"92";"92002";"2";"1";"2";"3";"JEAN MOULIN (RUE)";"48,7532900000";"2,3058700000"
"202100032008";"28";"06";"2021";"07:00";"1";"2A";"2A249";"2";"1";"1";"7";"T402";"41,6714810000";"8,9112850000"
"202100032009";"26";"06";"2021";"14:15";"1";"68";"68249";"1";"1";"1";"6";"rd 48-II";"48,1113430000";"7,1186580000"
"202100032010";"26";"06";"2021";"11:45";"1";"27";"27478";"1";"6";"1";"7";"D52";"48,9547340000";"1,2208560000"
"202100032011";"27";"06";"2021";"18:35";"1";"21";"21087";"1";"1";"1";"2";"Autoroute A6, PK 286+100 PARIS-LYON";"47,1088850000";"4,7128610000"
"202100032012";"27";"06";"2021";"19:00";"1";"42";"42003";"1";"1";"2";"1";"898 Route de Montplaisir";"46,1004690000";"3,8907070000"
"202100032013";"27";"06";"2021";"17:15";"1";"83";"83019";"1";"1";"1";"7";"Route de LÃ©oube";"43,1202820000";"6,2964430000"
"202100032014";"27";"06";"2021";"17:00";"1";"83";"83019";"1";"1";"7";"3";"Route de Cabasson";"43,1197180000";"6,3242200000"
"202100032015";"25";"06";"2021";"02:00";"4";"2A";"2A085";"2";"1";"1";"1";"lieu dit gabella";"41,9183970000";"8,9121440000"
"202100032016";"27";"06";"2021";"18:30";"1";"80";"80512";"2";"3";"2";"7";"Residence des Etangs";"50,0771790000";"1,8137690000"
"202100032017";"28";"06";"2021";"18:05";"1";"39";"39104";"1";"1";"1";"6";"N/A";"46,7790800000";"5,4203370000"
"202100032018";"27";"06";"2021";"17:00";"1";"39";"39458";"1";"2";"1";"3";"N/A";"46,6163000000";"5,6096533000"
"202100032019";"27";"06";"2021";"17:45";"1";"29";"29031";"2";"1";"1";"4";"Rue des Grands Sables";"47,7684030000";" -3,5446680000"
"202100032020";"27";"06";"2021";"20:00";"1";"29";"29025";"1";"1";"1";"6";"Lieu dit Coscasquen";"48,1572628293";" -4,1657096585"
"202100032021";"27";"06";"2021";"17:50";"1";"38";"38463";"2";"1";"1";"1";"rue des peupliers";"45,1605560000";"5,3295490000"
"202100032022";"27";"06";"2021";"15:10";"1";"03";"03184";"2";"6";"1";"3";"D13";"46,6118050000";"3,2496280000"
"202100032023";"25";"06";"2021";"11:55";"1";"01";"01124";"1";"9";"1";"7";"Route de Varennes";"46,4532890000";"5,2327000000"
"202100032024";"28";"06";"2021";"04:25";"3";"01";"01380";"1";"1";"1";"7";"Route de Cormoz";"46,4496040000";"5,1989040000"
"202100032025";"28";"06";"2021";"18:00";"1";"01";"01301";"2";"3";"1";"3";"730 Route de MÃ©zÃ©riat";"46,2465620000";"5,1169740000"
"202100032026";"26";"06";"2021";"11:10";"1";"26";"26327";"1";"3";"1";"3";"ROUTE DE CHATILLON intersection RD 539 et RD 140";"44,6836370000";"5,4441120000"
"202100032027";"28";"06";"2021";"08:05";"1";"54";"54194";"1";"2";"8";"3";"D16";"49,4118544673";"5,8269354683"
"202100032028";"28";"06";"2021";"10:30";"1";"06";"06059";"1";"9";"1";"3";"A500";"43,7338610000";"7,3872110000"
"202100032029";"28";"06";"2021";"17:45";"1";"14";"14399";"1";"1";"1";"7";"D286";"49,2612080000";"0,2444700000"
"202100032030";"24";"06";"2021";"00:30";"3";"60";"60236";"2";"2";"1";"3";"D39";"49,6819580000";"3,0460240000"
"202100032031";"28";"06";"2021";"07:55";"1";"64";"64101";"2";"1";"1";"3";"2 rue des pyrÃ©nÃ©es";"43,2056690000";" -0,2577920000"
"202100032032";"15";"06";"2021";"14:10";"1";"36";"36088";"2";"1";"1";"6";"Rue de lâHorloge";"46,9484800000";"1,9906400000"
"202100032033";"15";"06";"2021";"08:10";"1";"24";"24255";"1";"1";"7";"1";"Route de Callabout";"44,9387770000";"1,1212520000"
"202100032034";"28";"06";"2021";"14:10";"1";"28";"28191";"1";"2";"8";"3";"Route de Gallardon";"48,5887190000";"1,6781460000"
"202100032035";"25";"06";"2021";"23:13";"3";"23";"23137";"1";"1";"1";"7";"Lieu-dit Montbaron, D912A1, PK 28+010";"46,1022470000";"1,6572400000"
"202100032036";"27";"06";"2021";"23:44";"5";"30";"30227";"2";"1";"1";"6";"D37";"44,2543000000";"4,2021690000"
"202100032037";"27";"06";"2021";"14:40";"1";"08";"08137";"1";"1";"2";"1";"RD 989";"49,8357400000";"4,6990160000"
"202100032038";"26";"06";"2021";"12:00";"1";"88";"88246";"2";"3";"1";"6";"1 Rue de la Grande RangÃ©e";"48,2657870000";"6,1423280000"
"202100032039";"6";"06";"2021";"16:20";"1";"24";"24226";"1";"1";"1";"6";"Route de Bergerac";"44,8534690000";"0,0144340000"
"202100032040";"28";"06";"2021";"08:30";"1";"67";"67125";"1";"1";"1";"2";"A35";"48,3565910000";"7,4994560000"
"202100032041";"28";"06";"2021";"13:10";"1";"38";"38237";"1";"1";"1";"7";"rd1091 - le chambon";"45,0392640000";"6,1772350000"
"202100032042";"27";"06";"2021";"15:15";"1";"69";"69206";"1";"1";"1";"6";"A6     PK 419.800 sens LYON-PARIS";"46,0374289584";"4,7262306535"
"202100032043";"27";"06";"2021";"15:00";"1";"971";"97121";"1";"1";"1";"7";"Morphy";"16,2410200000";" -61,7953970000"
"202100032044";"28";"06";"2021";"01:30";"3";"45";"45225";"1";"1";"2";"6";"D25- PR 14 + 28";"48,1656874049";"2,3750695094"
"202100032045";"27";"06";"2021";"01:55";"5";"78";"78147";"2";"2";"1";"3";"D52";"49,0194120000";"1,4840880000"
"202100032046";"27";"06";"2021";"04:00";"3";"84";"84026";"1";"1";"1";"7";"DÃ©partementale 45, route de Vaugines";"43,7396620000";"5,3889660000"
"202100032047";"24";"06";"2021";"18:00";"1";"04";"04019";"2";"2";"1";"3";"RD 900 / RD 902";"44,3867220000";"6,6499040000"
"202100032048";"27";"06";"2021";"04:30";"2";"68";"68294";"2";"1";"1";"7";"Chemin du kiosque";"48,2629410000";"7,2224590000"
"202100032049";"27";"06";"2021";"16:30";"1";"88";"88531";"1";"1";"1";"3";"316 Route de Colmar";"48,0844470000";"6,9128140000"
"202100032050";"26";"06";"2021";"02:00";"3";"73";"73303";"1";"1";"1";"6";"D109";"45,7630770000";"6,4663220000"
"202100032051";"27";"06";"2021";"02:30";"3";"19";"19085";"1";"6";"8";"7";"Rond point sortie 21 - A89 sur RD 1089";"45,3217484764";"1,8497371674"
"202100032052";"27";"06";"2021";"00:19";"3";"13";"13215";"1";"1";"1";"3";"A55-Sens Marseille vers Martigues";"43,3336495903";"5,3541798591"
"202100032053";"27";"06";"2021";"00:00";"3";"69";"69256";"1";"1";"1";"2";"A42     0.560 A 4.020";"45,7958301061";"4,9280199409"
"202100032054";"27";"06";"2021";"21:40";"2";"33";"33249";"1";"1";"3";"2";"Rocade Rive Droite N230";"44,8829640000";" -0,5116140000"
"202100032055";"27";"06";"2021";"16:26";"1";"33";"33249";"1";"1";"1";"2";"ROUTE NATIONALE 230";"44,8837570000";" -0,5115180000"
"202100032056";"27";"06";"2021";"17:10";"1";"94";"94043";"1";"1";"1";"5";"AUTOROUTE A6B";"48,8077500000";"2,3471000000"
"202100032057";"27";"06";"2021";"07:30";"1";"91";"91340";"1";"1";"1";"6";"RN 104";"48,6080000000";"2,4350000000"
"202100032058";"27";"06";"2021";"15:00";"1";"78";"78043";"1";"1";"1";"6";"A12 Y";"48,8409790000";"2,0935630000"
"202100032059";"27";"06";"2021";"11:32";"1";"78";"78117";"1";"1";"3";"4";"RN12";"48,7884170000";"2,1373770000"
"202100032060";"27";"06";"2021";"16:10";"1";"93";"93064";"1";"1";"1";"3";"AUTOROUTE A86";"48,8814900000";"2,4739300000"
"202100032061";"27";"06";"2021";"13:40";"1";"95";"95582";"1";"1";"2";"6";"RD 170";"48,9647000000";"2,2700200000"
"202100032062";"27";"06";"2021";"13:00";"1";"95";"95572";"1";"1";"2";"6";"RN 184";"49,0322548706";"2,1091054020"
"202100032063";"27";"06";"2021";"10:27";"1";"93";"93008";"1";"1";"1";"2";"AUTOROUTE A86";"48,9103700000";"2,4432300000"
"202100032064";"27";"06";"2021";"07:40";"1";"95";"95277";"1";"1";"2";"6";"AUTOROUTE A3";"48,9841900000";"2,5021800000"
"202100032065";"27";"06";"2021";"05:30";"5";"95";"95582";"1";"1";"2";"6";" A115";"48,9777800000";"2,2408200000"
"202100032066";"27";"06";"2021";"05:25";"2";"95";"95572";"1";"1";"1";"1";"RN 184";"49,0507300000";"2,1478600000"
"202100032067";"27";"06";"2021";"20:00";"1";"77";"77249";"1";"1";"1";"2";"RN104";"48,7516922157";"2,6144258748"
"202100032068";"26";"06";"2021";"17:45";"1";"77";"77373";"1";"1";"1";"3";"RN104";"48,7943300000";"2,6200800000"
"202100032069";"26";"06";"2021";"01:00";"5";"94";"94028";"1";"1";"2";"2";"A86 INT";"48,7924517963";"2,4412611704"
"202100032070";"25";"06";"2021";"17:30";"1";"94";"94017";"1";"1";"3";"6";"A4";"48,8305000000";"2,4893100000"
"202100032071";"26";"06";"2021";"09:55";"1";"82";"82121";"2";"3";"1";"6";"BOURDAN (RUE P.)";"44,0245841669";"1,3420251757"
"202100032072";"25";"06";"2021";"16:45";"1";"27";"27229";"2";"1";"1";"6";"LAVOISIER (RUE)";"49,0003438000";"1,1475648000"
"202100032073";"26";"06";"2021";"18:35";"5";"974";"97416";"2";"1";"1";"6";"PRESIDENT MITTERAND(AVENUE)";" -21,3464000000";"55,4863000000"
"202100032074";"26";"06";"2021";"21:15";"5";"974";"97411";"2";"1";"1";"3";"FOUCQUE (AVENUE HIPPOLYTE)";" -20,8949500000";"55,4874600000"
"202100032075";"26";"06";"2021";"16:00";"1";"974";"97407";"2";"1";"1";"6";"COMMUNE DE PARIS (AVENUE)";" -20,9423800000";"55,2922600000"
"202100032076";"26";"06";"2021";"08:20";"1";"973";"97302";"2";"9";"1";"3";"FELIX EBOUE(ROCADE)";"4,9281732101";" -52,3174488545"
"202100032077";"25";"06";"2021";"12:55";"1";"973";"97302";"2";"9";"1";"3";"CATAYEE (JUSTIN)";"4,9240100000";" -52,3237500000"
"202100032078";"26";"06";"2021";"17:05";"1";"69";"69383";"2";"1";"1";"7";"FELIX FAURE                         (AV)";"45,7551000000";"4,8710600000"