"Num_Acc";"jour";"mois";"an";"hrmn";"lum";"dep";"com";"agg";"int";"atm";"col";"adr";"lat";"long"
"202100032079";"26";"06";"2021";"17:45";"1";"69";"69389";"2";"2";"1";"3";"ROGER SALENGRO (R)";"45,7787000000";"4,8049200000"
"202100032080";"26";"06";"2021";"14:20";"1";"69";"69202";"2";"1";"1";"2";"BARON DU MARAIS (DU) (BD)";"45,7310500000";"4,7995800000"
"202100032081";"25";"06";"2021";"18:20";"1";"69";"69149";"2";"2";"1";"3";"BRIGNAIS (DE) (RTE)";"45,7243026945";"4,7806942463"
"202100032082";"25";"06";"2021";"15:40";"1";"69";"69149";"2";"2";"1";"3";"CLAUDE MICHEL (R)";"45,7183973190";"4,7985840621"
"202100032083";"26";"06";"2021";"13:50";"1";"91";"91549";"2";"6";"2";"3";"ROGER PERRIAUD (PLACE)";"48,6409620000";"2,3258190000"
"202100032084";"26";"06";"2021";"08:15";"1";"91";"91312";"2";"3";"2";"2";"PARC (RUE DU)";"48,7351900000";"2,2381700000"
"202100032085";"27";"06";"2021";"01:10";"5";"83";"83069";"2";"1";"1";"2";"AGREVE  (AVENUE JEAN)";"43,0820200000";"6,1532370000"
"202100032086";"26";"06";"2021";"21:20";"1";"83";"83069";"2";"1";"1";"3";"LYAUTEY (AVENUE)";"43,1191540000";"6,1298270000"
"202100032087";"25";"06";"2021";"13:10";"1";"83";"83069";"2";"3";"1";"5";"JUIN ( BOULEVARD DU MARECHAL )";"43,1162700000";"6,1133000000"
"202100032088";"24";"06";"2021";"18:10";"1";"83";"83061";"2";"1";"1";"6";"RUE DU DOCTEUR LOUIS TURCAN";"43,4335270000";"6,7392890000"
"202100032089";"25";"06";"2021";"18:10";"1";"83";"83118";"2";"1";"1";"6";"ROUTE DES GOLFS";"43,4494400000";"6,8392900000"
"202100032090";"22";"06";"2021";"17:15";"1";"83";"83050";"2";"9";"1";"6";"MENDES FRANCE(BOULEVARD PIERRE)";"43,5320409469";"6,4649605751"
"202100032091";"26";"06";"2021";"10:50";"1";"81";"81065";"1";"1";"1";"3";"TOULOUSE RN 126 (RTE DE)";"43,5902550000";"2,1998960000"
"202100032092";"26";"06";"2021";"21:20";"1";"78";"78015";"2";"1";"1";"2";"SCHWEISGUTH (RUE DU GENERAL)";"48,9900000000";"2,0680000000"
"202100032093";"22";"06";"2021";"16:10";"1";"77";"77132";"1";"1";"8";"1";"RD 934";"48,8810000000";"2,7855000000"
"202100032094";"25";"06";"2021";"21:20";"1";"71";"71306";"2";"3";"1";"3";"Boulevard de Lattre de Tassigny";"46,6781431807";"4,3666375933"
"202100032095";"26";"06";"2021";"20:00";"2";"69";"69029";"2";"3";"1";"3";"PIERRE BROSSOLETTE (AV)";"45,7405300000";"4,9203300000"
"202100032096";"25";"06";"2021";"17:25";"1";"69";"69264";"2";"3";"1";"6";"LASSALLE  ANTONIN  (BD)";"45,9788500000";"4,7205900000"
"202100032097";"26";"06";"2021";"16:26";"1";"65";"65286";"2";"1";"1";"1";"ESPAGNE (BOULEVARD D')";"43,0839200000";" -0,0443300000"
"202100032098";"26";"06";"2021";"20:25";"1";"64";"64445";"2";"3";"2";"1";"MONTARDON DE";"43,3146000000";" -0,3758000000"
"202100032099";"26";"06";"2021";"10:15";"1";"64";"64445";"2";"2";"1";"1";"MONTARDON DE";"43,3228500000";" -0,3698000000"
"202100032100";"26";"06";"2021";"20:35";"1";"64";"64024";"2";"9";"1";"3";"BOIS BELIN (RUE DU)";"43,4931800000";" -1,5156400000"
"202100032101";"26";"06";"2021";"18:55";"1";"64";"64024";"2";"1";"1";"7";"AVENUE DE BAYONNE";"43,4811500000";" -1,5116400000"
"202100032102";"26";"06";"2021";"11:19";"1";"60";"60057";"2";"1";"1";"6";"Boulevard du GÃ©nÃ©ral de Gaulle";"49,4291500000";"2,0898600000"
"202100032103";"26";"06";"2021";"03:45";"5";"59";"59540";"1";"1";"3";"6";"FOSSE DEFENSIF - ROUTE";"51,0352500000";"2,3198600000"
"202100032104";"26";"06";"2021";"19:04";"1";"54";"54197";"1";"1";"1";"3";"RD 73";"48,6248336523";"6,1938757449"
"202100032105";"26";"06";"2021";"13:20";"1";"54";"54395";"2";"2";"1";"2";"LOBAU (BOULEVARD)";"48,6856550487";"6,1958283895"
"202100032106";"26";"06";"2021";"07:45";"1";"51";"51454";"2";"1";"1";"2";"Avenue Jean JaurÃ¨s";"49,2617058792";"4,0511799149"
"202100032107";"27";"06";"2021";"01:48";"5";"49";"49007";"2";"1";"1";"2";"VOIE DES BERGES";"47,4843000000";" -0,5484900000"
"202100032108";"27";"06";"2021";"01:48";"5";"45";"45234";"2";"1";"1";"6";"4 Route dâOlivet";"47,8875610000";"1,9050640000"
"202100032109";"26";"06";"2021";"19:00";"1";"45";"45286";"2";"2";"1";"3";"Rue de la CornaillÃ¨re";"47,8706600000";"1,9308600000"
"202100032110";"26";"06";"2021";"02:00";"5";"44";"44109";"2";"1";"1";"6";"BOULEVARD MICHELET";"47,2310500000";" -1,5564600000"
"202100032111";"26";"06";"2021";"01:30";"5";"37";"37233";"2";"1";"1";"7";"FARGES (AVENUE YVES)";"47,3849267259";"0,7354778051"
"202100032112";"26";"06";"2021";"19:10";"1";"37";"37261";"2";"2";"1";"3";"RENARD (RUE GEORGES)";"47,3760014851";"0,7057569176"
"202100032113";"26";"06";"2021";"13:30";"1";"35";"35051";"2";"3";"2";"6";"CHAMPAUBERT (RUE DE)";"48,1208890000";" -1,6122390000"
"202100032114";"26";"06";"2021";"11:00";"1";"35";"35238";"1";"1";"3";"3";"PORTE DE NANTES";"48,0807900000";" -1,6725600000"
"202100032115";"25";"06";"2021";"20:55";"2";"33";"33529";"2";"1";"1";"3";"Rue Lagrua";"44,6451590000";" -1,1577950000"
"202100032116";"25";"06";"2021";"19:35";"1";"18";"18033";"2";"3";"1";"3";"GAUTHIER (RUE THEOPHILE)";"47,1058300000";"2,4128300000"
"202100032117";"26";"06";"2021";"01:15";"3";"17";"17415";"1";"1";"1";"2";"ROCADE OUEST";"45,7368660000";" -0,6599120000"
"202100032118";"26";"06";"2021";"19:25";"1";"13";"13103";"2";"6";"1";"5";"AVENUE DE  GUBBIO-RN 113";"43,6232600000";"5,0861600000"
"202100032119";"26";"06";"2021";"13:50";"1";"13";"13215";"2";"1";"1";"1";"BOSPHORE (BOULEVARD DU)";"43,3709600000";"5,3640100000"
"202100032120";"26";"06";"2021";"14:30";"1";"13";"13002";"2";"1";"1";"3";"CANTON VERT (AVENUE DU)";"43,3406147888";"5,4731002548"
"202100032121";"26";"06";"2021";"11:40";"1";"13";"13203";"2";"1";"1";"3";"CAMILLE PELLETAN (AVENUE)";"43,3057900000";"5,3732700000"
"202100032122";"26";"06";"2021";"02:15";"5";"13";"13208";"2";"1";"1";"1";"MAZARGUES (AVENUE DE)";"43,2593612265";"5,3941545983"
"202100032123";"25";"06";"2021";"21:40";"2";"13";"13208";"2";"1";"1";"5";"PRADO (AVENUE DU)";"43,2806663699";"5,3866813913"
"202100032124";"26";"06";"2021";"15:30";"1";"75";"75118";"2";"4";"1";"4";"PORTE DE LA CHAPELLE";"48,9006960000";"2,3652180000"
"202100032125";"26";"06";"2021";"09:05";"1";"75";"75112";"2";"1";"2";"3";"ECHANGEUR BERCY";"48,8275810000";"2,3921450000"
"202100032126";"26";"06";"2021";"15:57";"1";"75";"75113";"2";"2";"1";"3";"RUE DU MOULINET";"48,8267880000";"2,3532950000"
"202100032127";"26";"06";"2021";"11:20";"1";"75";"75105";"2";"3";"2";"3";"BOULEVARD DE PORT ROYAL";"48,8395860000";"2,3372660000"
"202100032128";"26";"06";"2021";"17:12";"1";"75";"75120";"2";"2";"1";"3";"RUE DU COMMANDANT L HERMINIER";"48,8467020000";"2,4158800000"
"202100032129";"26";"06";"2021";"01:25";"5";"75";"75120";"2";"1";"2";"6";"RUE SORBIER";"48,8667830000";"2,3914520000"
"202100032130";"25";"06";"2021";"23:52";"5";"75";"75118";"2";"7";"2";"5";"BOULEVARD BARBES";"48,8887920000";"2,3495890000"
"202100032131";"26";"06";"2021";"16:09";"1";"75";"75117";"2";"3";"1";"6";"BOULEVARD BERTHIER";"48,8936490000";"2,3120690000"
"202100032132";"26";"06";"2021";"14:15";"1";"75";"75116";"2";"7";"1";"1";"AVENUE D IENA";"48,8678700000";"2,2957180000"
"202100032133";"25";"06";"2021";"12:00";"1";"75";"75116";"2";"5";"1";"3";"AVENUE PAUL DOUMER";"48,8597160000";"2,2790270000"
"202100032134";"26";"06";"2021";"20:30";"2";"75";"75115";"2";"2";"1";"6";"RUE DE LA CROIX NIVERT";"48,8459480000";"2,2987290000"
"202100032135";"26";"06";"2021";"04:10";"5";"75";"75115";"2";"2";"2";"3";"RUE DE VAUGIRARD";"48,8379150000";"2,2977460000"
"202100032136";"25";"06";"2021";"16:20";"1";"75";"75115";"2";"7";"1";"6";"RUE DU COMMERCE";"48,8445070000";"2,2937260000"
"202100032137";"26";"06";"2021";"06:25";"2";"75";"75113";"2";"4";"2";"6";"BOULEVARD ARAGO";"48,8350080000";"2,3461800000"
"202100032138";"26";"06";"2021";"14:40";"1";"75";"75112";"2";"1";"2";"2";"SOUTERRAIN BERCY";"48,8310780000";"2,3854360000"
"202100032139";"26";"06";"2021";"11:30";"1";"75";"75112";"2";"4";"1";"3";"BOULEVARD SOULT";"48,8389100000";"2,4084490000"
"202100032140";"25";"06";"2021";"18:35";"1";"75";"75111";"2";"3";"1";"5";"BOULEVARD BEAUMARCHAIS";"48,8594910000";"2,3676130000"
"202100032141";"26";"06";"2021";"10:25";"1";"75";"75110";"2";"1";"2";"6";"PASSAGE HEBRARD";"48,8728840000";"2,3723490000"
"202100032142";"25";"06";"2021";"19:40";"1";"75";"75109";"2";"4";"1";"3";"RUE DE MAUBEUGE";"48,8768520000";"2,3419020000"
"202100032143";"25";"06";"2021";"18:30";"1";"75";"75109";"2";"2";"1";"3";"RUE TAITBOUT";"48,8752160000";"2,3352110000"
"202100032144";"26";"06";"2021";"00:00";"5";"75";"75108";"2";"7";"2";"2";"PLACE DE LA MADELEINE";"48,8710100000";"2,3245650000"
"202100032145";"26";"06";"2021";"01:45";"5";"75";"75104";"2";"1";"2";"7";"RUE DE TURENNE";"48,8562780000";"2,3641700000"
"202100032146";"26";"06";"2021";"15:10";"1";"94";"94065";"2";"9";"2";"6";"ALOUETTES (R DES)";"48,7487100000";"2,3688300000"
"202100032147";"25";"06";"2021";"23:50";"4";"94";"94022";"2";"1";"2";"3";"Avenue de Lugo";"48,7733200000";"2,4093300000"
"202100032148";"26";"06";"2021";"16:20";"1";"94";"94055";"2";"3";"1";"3";"Avenue Wladimir dâOrmesson";"48,7853900000";"2,5393700000"
"202100032149";"25";"06";"2021";"21:15";"2";"94";"94019";"2";"1";"2";"2";"Avenue de L Hippodrome";"48,8003528939";"2,5704789162"
"202100032150";"26";"06";"2021";"10:55";"1";"93";"93059";"2";"9";"2";"3";"LENINE (AVENUE) NÂ°36 AU 120 ET NÂ°45 AU 1";"48,9588300000";"2,3585700000"
"202100032151";"26";"06";"2021";"20:20";"1";"93";"93048";"2";"1";"1";"3";"FRANKLIN (RUE)";"48,8615300000";"2,4436100000"
"202100032152";"26";"06";"2021";"18:49";"1";"93";"93029";"2";"1";"1";"1";"HENRI BARBUSSE (AVE) NÂ°2-124";"48,9157900000";"2,4421100000"
"202100032153";"26";"06";"2021";"18:50";"1";"93";"93057";"2";"9";"1";"3";"HUGO (AV. VICTOR)";"48,9098290000";"2,5139620000"
"202100032154";"26";"06";"2021";"14:35";"1";"92";"92047";"2";"1";"2";"2";"JARDY";"48,8326400000";"2,1532600000"
"202100032155";"26";"06";"2021";"14:10";"1";"92";"92062";"2";"3";"1";"3";"WALLACE (BD RICHARD) DU 17 AU 91 ET DU 3";"48,8798150666";"2,2399798036"
"202100032156";"26";"06";"2021";"11:30";"1";"92";"92020";"2";"9";"8";"7";"VERDUN AVENUE DE AUTRES NÂ°";"48,8006026745";"2,2833757276"
"202100032157";"26";"06";"2021";"13:18";"1";"92";"92026";"2";"1";"1";"6";"VERDUN (DE 62 A FIN)";"48,9048519037";"2,2563412786"
"202100032158";"26";"06";"2021";"12:50";"1";"62";"62812";"1";"2";"1";"3";"CD 131";"50,6446780000";"2,0348530000"
"202100032159";"26";"06";"2021";"11:20";"1";"38";"38448";"2";"1";"1";"6";"1039 Route de Vienne";"45,4508290000";"4,8020660000"
"202100032160";"26";"06";"2021";"17:12";"1";"05";"05027";"1";"1";"1";"6";"D 902 - Col de l'Izoard";"44,8304400000";"6,7233460000"
"202100032161";"26";"06";"2021";"15:30";"1";"28";"28337";"2";"1";"1";"7";"Rue Jean Moulin";"48,4156550000";"1,3597940000"
"202100032162";"26";"06";"2021";"15:30";"1";"68";"68300";"2";"1";"1";"7";"3 Rue FranÃ§ois Riedweg";"47,7743520000";"7,3639240000"
"202100032163";"26";"06";"2021";"18:00";"1";"12";"12194";"1";"2";"1";"3";"Rancillac DÃ©mies";"44,2085380000";"2,4114190000"
"202100032164";"26";"06";"2021";"16:25";"1";"42";"42199";"1";"1";"1";"1";"Route de la CÃ´te Roannaise";"46,0386840000";"3,9324190000"
"202100032165";"27";"06";"2021";"13:15";"1";"42";"42093";"1";"1";"1";"7";"Rue de la Courroux";"45,4963417102";"4,5896530710"
"202100032166";"27";"06";"2021";"16:50";"1";"95";"95352";"2";"1";"1";"3";"RD 922Z";"49,1158560000";"2,4146850000"
"202100032167";"26";"06";"2021";"15:55";"1";"74";"74071";"2";"3";"7";"3";"route d'annecy";"46,0275620000";"5,8904070000"
"202100032168";"26";"06";"2021";"08:00";"1";"74";"74296";"1";"1";"1";"7";"RD23";"46,0843010000";"6,0464180000"
"202100032169";"25";"06";"2021";"18:00";"1";"79";"79299";"1";"2";"1";"3";"N/A";"46,8897120000";" -0,1939930000"
"202100032170";"27";"06";"2021";"15:30";"1";"80";"80025";"2";"3";"3";"6";"9 Rue du Montauban";"50,3435330000";"1,8249110000"
"202100032171";"26";"06";"2021";"18:45";"1";"80";"80698";"1";"2";"1";"3";"Saint-Aubin-Montenoy";"49,8409160000";"2,0306470000"
"202100032172";"26";"06";"2021";"16:55";"1";"71";"71528";"2";"2";"1";"1";"Rue de la Mare au PrÃªtre";"46,6261697648";"5,1751457083"
"202100032173";"26";"06";"2021";"17:30";"1";"71";"71269";"1";"6";"1";"2";"D906";"46,7434350107";"4,8527768143"
"202100032174";"27";"06";"2021";"06:22";"2";"12";"12243";"1";"1";"1";"6";"D992";"44,0274300000";"2,9650000000"
"202100032175";"27";"06";"2021";"11:10";"1";"46";"46185";"1";"1";"1";"1";"Route dÃ©partementale 803";"44,9430340000";"1,6251020000"
"202100032176";"26";"06";"2021";"21:06";"2";"25";"25410";"1";"1";"1";"1";"Route de Lausanne - Trou au Loup";"47,2238380000";"6,0707620000"
"202100032177";"27";"06";"2021";"06:45";"2";"44";"44072";"1";"1";"2";"7";"640 Kermoureau";"47,3960140000";" -2,3646460000"
"202100032178";"26";"06";"2021";"17:30";"1";"38";"38269";"2";"1";"1";"6";"26 Avenue du Docteur Tagnard";"44,9097070000";"5,7932090000"
"202100032179";"27";"06";"2021";"12:00";"1";"02";"02379";"2";"1";"1";"6";"Rue de Guise";"49,8200540000";"3,6439040000"
"202100032180";"27";"06";"2021";"01:40";"3";"02";"02709";"1";"6";"1";"6";"D960";"50,0220790000";"3,3791760000"
"202100032181";"27";"06";"2021";"06:12";"2";"02";"02442";"2";"1";"1";"7";"D21";"49,2356460000";"3,5228780000"
"202100032182";"27";"06";"2021";"15:50";"1";"02";"02073";"1";"1";"1";"7";"D925";"49,4129290000";"3,8879100000"
"202100032183";"26";"06";"2021";"16:20";"1";"03";"03286";"1";"1";"1";"6";"RN7";"46,5276600000";"3,3516450000"
"202100032184";"27";"06";"2021";"15:30";"1";"26";"26040";"1";"1";"1";"7";"D93";"44,5655690000";"5,5577950000"
"202100032185";"26";"06";"2021";"22:20";"3";"26";"26108";"1";"3";"1";"3";"Route de Lambres";"44,7471560000";"5,0106890000"
"202100032186";"26";"06";"2021";"17:15";"1";"05";"05127";"1";"1";"1";"7";"D3";"44,4655340000";"6,2364900000"
"202100032187";"26";"06";"2021";"17:15";"1";"64";"64342";"1";"1";"3";"7";"Chemin communal Ansola";"43,0620530000";" -0,8666540000"
"202100032188";"26";"06";"2021";"13:40";"1";"18";"18141";"2";"1";"8";"1";"24 Rue de la Taille";"47,1159560000";"2,2093840000"
"202100032189";"25";"06";"2021";"10:45";"1";"43";"43234";"2";"3";"1";"6";"Cours du Docteur Gervais";"44,9595790000";"3,5476320000"
"202100032190";"27";"06";"2021";"15:35";"1";"07";"07261";"2";"1";"1";"6";"cours du temple";"44,8227940000";"4,7631900000"
"202100032191";"27";"06";"2021";"11:30";"1";"07";"07240";"2";"1";"1";"6";"Route de Vernoux";"44,8616260041";"4,8178447109"
"202100032192";"27";"06";"2021";"05:20";"3";"24";"24064";"1";"1";"2";"6";"Puy Henry";"45,3973990000";"0,6203630000"
"202100032193";"27";"06";"2021";"10:45";"1";"85";"85024";"1";"2";"1";"3";"La cotriade";"46,9811750000";" -1,9217490000"
"202100032194";"18";"06";"2021";"21:15";"1";"28";"28319";"1";"2";"1";"1";"D2020";"48,2787800000";"1,9775820000"
"202100032195";"26";"06";"2021";"05:00";"3";"30";"30003";"1";"6";"1";"7";"carrefour RD 62 / RD62A";"43,5602580000";"4,1524030000"
"202100032196";"26";"06";"2021";"14:15";"1";"88";"88037";"1";"1";"1";"7";"N/A";"47,9896340000";"6,7725240000"
"202100032197";"26";"06";"2021";"14:25";"1";"38";"38115";"1";"1";"1";"7";"pk 14 A51n";"45,0044500000";"5,6554150000"
"202100032198";"26";"06";"2021";"04:20";"5";"988";"98805";"2";"1";"2";"2";"VE2";" -22,2177120000";"166,4690920000"
"202100032199";"26";"06";"2021";"19:45";"1";"67";"67256";"2";"1";"1";"3";"40 rue de pfulgrieseim";"48,6516995927";"7,7017378807"
"202100032200";"26";"06";"2021";"17:00";"1";"67";"67462";"1";"1";"1";"2";"A35 PK438+500 vers COLMAR";"48,2874590000";"7,4591640000"
"202100032201";"27";"06";"2021";"17:10";"1";"976";"97608";"1";"1";"1";"6";"Route des Badamiers";" -12,7763490000";"45,2820290000"
"202100032202";"26";"06";"2021";"18:50";"5";"971";"97128";"1";"4";"1";"1";"Surgy";"16,2662350000";" -61,3371850000"
"202100032203";"22";"06";"2021";"13:20";"1";"971";"97117";"1";"1";"1";"6";"La Houssaie";"16,3319600000";" -61,3882330000"
"202100032204";"26";"06";"2021";"20:30";"3";"971";"97112";"1";"1";"1";"7";"ravine David RN 9";"15,9106290000";" -61,3271800000"
"202100032205";"27";"06";"2021";"07:00";"1";"971";"97106";"1";"1";"1";"3";"Route de Bellon";"16,1828440000";" -61,7821370000"
"202100032206";"25";"06";"2021";"00:40";"5";"33";"33165";"2";"1";"1";"6";"Avenue de Lignan";"44,8181900000";" -0,4474010000"
"202100032207";"26";"06";"2021";"19:40";"1";"91";"91405";"1";"1";"1";"1";"route dÃ©partementale 1, PK 3+200";"48,3736420000";"2,4212840000"
"202100032208";"26";"06";"2021";"06:10";"2";"83";"83068";"1";"1";"1";"1";"D558";"43,2837660000";"6,5048720000"
"202100032209";"26";"06";"2021";"18:30";"1";"05";"05172";"2";"1";"1";"3";"TUILIERE 05700";"44,3557890855";"5,7173150991"
"202100032210";"27";"06";"2021";"15:40";"1";"13";"13067";"1";"1";"1";"3";"rD7N";"43,7642600000";"5,0620370000"
"202100032211";"24";"06";"2021";"17:50";"1";"13";"13041";"1";"1";"1";"7";"Chemin du Moulin du Fort";"43,4605760000";"5,4564360000"
"202100032212";"26";"06";"2021";"12:40";"1";"68";"68012";"1";"1";"1";"2";"D34";"47,7864170000";"7,1502330000"
"202100032213";"27";"06";"2021";"17:10";"1";"57";"57408";"1";"1";"2";"6";"DÃ©partementale 31";"49,1511800000";"7,0031080000"
"202100032214";"27";"06";"2021";"19:20";"1";"73";"73150";"1";"1";"1";"6";"RN90 PK 68+800, LE GOTHARD";"45,5673043365";"6,7008340359"
"202100032215";"26";"06";"2021";"16:30";"1";"26";"26206";"1";"1";"1";"2";"D538";"44,8536020000";"5,0072660000"
"202100032216";"27";"06";"2021";"12:15";"1";"69";"69206";"1";"2";"1";"5";"D20";"46,0510460000";"4,6818600000"
"202100032217";"26";"06";"2021";"19:15";"1";"81";"81105";"1";"1";"1";"5";"Route de Gaillac";"43,7732870000";"1,9997380000"
"202100032218";"26";"06";"2021";"15:58";"1";"13";"13214";"1";"1";"1";"7";"A7-Sens Lyon vers Marseille";"43,3216600000";"5,3780400000"
"202100032219";"25";"06";"2021";"17:25";"1";"13";"13203";"2";"1";"1";"2";"A557-Liaison A7 Marseille-A55 Marseille";"43,3202500000";"5,3721900000"
"202100032220";"25";"06";"2021";"15:30";"1";"13";"13005";"1";"1";"1";"2";"A50 - Sens Aubagne vers Marseille";"43,2810200000";"5,5822900000"
"202100032221";"25";"06";"2021";"14:48";"1";"13";"13106";"1";"1";"1";"2";"A7-Sens Marseille vers Lyon";"43,3866345092";"5,3509935525"
"202100032222";"26";"06";"2021";"14:50";"1";"01";"01238";"1";"1";"1";"2";"A46N   7.065 A 9.020";"45,9033800000";"4,8068000000"
"202100032223";"26";"06";"2021";"00:00";"3";"33";"33080";"1";"1";"1";"2";"N/A";"44,7324340000";" -0,5309740000"
"202100032224";"26";"06";"2021";"17:20";"1";"91";"91521";"1";"1";"1";"6";"RN 449";"48,6282000000";"2,4003300000"
"202100032225";"26";"06";"2021";"06:35";"1";"91";"91179";"1";"1";"2";"6";"AUTOROUTE A6";"48,5611440000";"2,4839150000"
"202100032226";"25";"06";"2021";"08:55";"1";"92";"92002";"1";"1";"1";"2";"AUTOROUTE A86";"48,7629853869";"2,3043052888"
"202100032227";"25";"06";"2021";"16:50";"1";"92";"92036";"1";"9";"1";"3";"A86";"48,9344018590";"2,2803246122"
"202100032228";"26";"06";"2021";"01:30";"3";"78";"78291";"1";"1";"2";"5";"A13";"48,9685880000";"1,7424430000"
"202100032229";"26";"06";"2021";"05:25";"3";"95";"95572";"1";"1";"3";"7";" A15";"49,0285200000";"2,1279400000"
"202100032230";"26";"06";"2021";"00:05";"3";"93";"93053";"1";"9";"2";"6";"AUTOROUTE A103";"48,8873500000";"2,4749800000"
"202100032231";"25";"06";"2021";"22:25";"3";"93";"93078";"1";"1";"3";"6";"AUTOROUTE A104";"48,9629200000";"2,5225500000"
"202100032232";"26";"06";"2021";"04:05";"5";"94";"94081";"1";"1";"2";"6";"A86 EXT";"48,7766700000";"2,4169500000"
"202100032233";"18";"06";"2021";"04:30";"3";"11";"11262";"2";"1";"1";"6";"RD 6113 NARBONNE - CARCASSONNE";"43,1809900000";"2,9689600000"
"202100032234";"24";"06";"2021";"12:00";"1";"11";"11262";"2";"1";"1";"6";"INDEPENDANCE (RUE DE L')";"43,1890100000";"3,0097000000"
"202100032235";"25";"06";"2021";"18:10";"1";"82";"82121";"2";"5";"1";"6";"DOUMERC (BOULEVARD BLAISE)";"44,0158900000";"1,3643010000"
"202100032236";"25";"06";"2021";"09:22";"1";"19";"19272";"2";"1";"1";"6";"Alsace Lorraine (Avenue)";"45,2610200000";"1,7571500000"
"202100032237";"24";"06";"2021";"18:40";"5";"987";"98735";"1";"2";"1";"3";"CLEMENCEAU ( RUE QTIER DEFLESSELLE)";" -17,5376120000";" -149,5621780000"
"202100032238";"25";"06";"2021";"16:55";"1";"976";"97611";"2";"1";"1";"3";"kaweni-Kaweni nord ( Z I )";" -12,7716600000";"45,2230000000"
"202100032239";"25";"06";"2021";"07:10";"1";"974";"97416";"1";"1";"1";"3";"BASSIN MARTIN (CHEMIN)";" -21,3255400000";"55,4987000000"
"202100032240";"25";"06";"2021";"11:30";"1";"974";"97411";"2";"1";"1";"2";"COCOTIERS (AVENUE DES)";" -20,8934900000";"55,4620800000"
"202100032241";"25";"06";"2021";"18:20";"1";"69";"69383";"2";"2";"1";"1";"LACASSAGNE (AV)";"45,7458500000";"4,8876100000"
"202100032242";"24";"06";"2021";"21:25";"5";"972";"97213";"1";"9";"2";"7";"DEPARTEMENTALE 28";"14,6320000000";" -60,9680000000"
"202100032243";"25";"06";"2021";"18:10";"1";"69";"69384";"2";"1";"1";"2";"BIRMINGHAM (DE)                     (AV)";"45,7744626565";"4,8141145706"
"202100032244";"22";"06";"2021";"19:45";"1";"69";"69286";"2";"1";"1";"2";"GENERAL LECLERC (AV)";"45,8142200000";"4,8990300000"
"202100032245";"25";"06";"2021";"22:58";"5";"2B";"2B033";"2";"4";"1";"1";"11 - RT";"42,6990765777";"9,4523168087"
"202100032246";"25";"06";"2021";"07:55";"1";"971";"97101";"1";"1";"1";"4";"GRAND CAMP(SECTION)";"16,2538600000";" -61,5383100000"
"202100032247";"24";"06";"2021";"22:50";"4";"971";"97120";"2";"1";"1";"3";"COMMANDANT MORTENOL (RUE DU)";"16,2396300000";" -61,5323600000"
"202100032248";"23";"06";"2021";"03:30";"5";"80";"80021";"2";"1";"2";"6";"JULES FERRY (CHAUSSEE)";"49,8829000000";"2,3262400000"
"202100032249";"26";"06";"2021";"00:45";"5";"78";"78165";"2";"1";"2";"3";"GROS CAILLOU (ZONE INDUSTRIELLE)";"48,8264300000";"1,9791900000"
"202100032250";"23";"06";"2021";"19:15";"1";"78";"78267";"2";"1";"1";"2";"RUE GABRIEL PERI";"48,9829300000";"1,8104200000"
"202100032251";"2";"06";"2021";"13:24";"1";"77";"77379";"2";"1";"1";"1";"CHALAUTRE (ROUTE DE)";"48,5526000000";"3,3035100000"
"202100032252";"25";"06";"2021";"13:25";"1";"76";"76540";"2";"1";"1";"6";"JEANNE D'ARC. RUE";"49,4423600000";"1,0907000000"
"202100032253";"25";"06";"2021";"04:40";"5";"76";"76540";"2";"2";"1";"3";"RONDEAUX. AVENUE JEAN";"49,4343800000";"1,0762000000"
"202100032254";"25";"06";"2021";"22:20";"5";"69";"69290";"2";"9";"1";"7";"ANDRE BOULLOCHE                     (BD)";"45,7203370433";"4,9232947826"
"202100032255";"25";"06";"2021";"08:30";"1";"69";"69029";"2";"2";"1";"6";"CAMILLE ROUSSET (AV)";"45,7358500000";"4,9116400000"
"202100032256";"23";"06";"2021";"00:30";"5";"69";"69266";"2";"3";"1";"6";"ROGER SALENGRO (AV)";"45,7792413278";"4,8811284827"
"202100032257";"25";"06";"2021";"10:25";"1";"69";"69115";"1";"6";"1";"1";"ANSE (D') (RTE)";"45,9731500000";"4,7172600000"
"202100032258";"24";"06";"2021";"11:45";"1";"69";"69092";"2";"3";"1";"1";"BEAUJOLAIS (DU) (AV)";"45,9969513699";"4,7067618370"
"202100032259";"25";"06";"2021";"07:15";"1";"66";"66136";"2";"1";"1";"6";"BOURRAT BOULEVARD JEAN";"42,6986500000";"2,9045900000"
"202100032260";"25";"06";"2021";"09:45";"1";"64";"64269";"2";"2";"1";"3";"BEARN DU";"43,3000000000";" -0,2990000000"
"202100032261";"25";"06";"2021";"08:40";"1";"64";"64445";"2";"6";"1";"3";"DROITS DE L' HOMME DES";"43,3130000000";" -0,3689800000"
"202100032262";"24";"06";"2021";"19:42";"1";"63";"63113";"2";"3";"1";"1";"BLUM (AVENUE LEON)";"45,7667500000";"3,0960600000"
"202100032263";"25";"06";"2021";"00:05";"5";"59";"59599";"2";"2";"1";"3";"MALCENSE (RUE DE LA)";"50,7295400000";"3,1644600000"
"202100032264";"25";"06";"2021";"02:10";"5";"59";"59512";"2";"1";"1";"2";"LEBAS (AVENUE JEAN)";"50,6935145271";"3,1686395110"
"202100032265";"18";"06";"2021";"17:00";"1";"59";"59328";"2";"1";"1";"5";"LILLE RUE DE";"50,6521000000";"3,0405800000"