"Num_Acc";"jour";"mois";"an";"hrmn";"lum";"dep";"com";"agg";"int";"atm";"col";"adr";"lat";"long"
"202100032266";"21";"06";"2021";"18:40";"1";"59";"59350";"2";"1";"1";"5";"SALENGRO ROGER RUE";"50,6254600000";"3,1151600000"
"202100032267";"24";"06";"2021";"12:10";"1";"57";"57463";"2";"2";"2";"3";"JOFFRE  (AVENUE )";"49,1117100000";"6,1710700000"
"202100032268";"24";"06";"2021";"23:28";"4";"56";"56121";"2";"1";"1";"6";"MARNE ( AV DE LA )";"47,7423000000";" -3,3684000000"
"202100032269";"24";"06";"2021";"14:10";"1";"56";"56121";"2";"3";"1";"2";"Avenue Ãtienne-FranÃ§ois de Choiseul";"47,7511800000";" -3,3580200000"
"202100032270";"24";"06";"2021";"11:10";"1";"56";"56121";"2";"1";"1";"2";"KERGUESTENEN (RUE  DE )";"47,7485900000";" -3,3960900000"
"202100032271";"24";"06";"2021";"15:50";"1";"54";"54395";"2";"1";"1";"2";"MEZIERES (RUE ALFRED)";"48,7008100000";"6,1692400000"
"202100032272";"24";"06";"2021";"11:00";"1";"54";"54547";"2";"1";"8";"3";"ALBERTVILLE (RUE D')";"48,6552200000";"6,1855700000"
"202100032273";"25";"06";"2021";"21:23";"1";"49";"49007";"2";"1";"1";"3";"SAINTE CROIX PLACE";"47,4701630000";" -0,5540040000"
"202100032274";"24";"06";"2021";"16:47";"1";"49";"49007";"2";"2";"1";"3";"LIBERTE BOULEVARD";"47,4486300000";" -0,5368000000"
"202100032275";"24";"06";"2021";"05:31";"2";"49";"49007";"2";"2";"1";"3";"FOCH BOULEVARD";"47,4664200000";" -0,5529300000"
"202100032276";"25";"06";"2021";"17:00";"1";"45";"45234";"2";"1";"1";"6";"Rue du Faubourg Bannier";"47,9212800000";"1,8978900000"
"202100032277";"23";"06";"2021";"12:00";"1";"45";"45338";"2";"1";"1";"6";"Rue Maryse Bastie";"47,9820800000";"2,7218900000"
"202100032278";"22";"06";"2021";"12:45";"1";"42";"42218";"2";"1";"2";"6";"Place Sadi Carnot";"45,4483941586";"4,3853892331"
"202100032279";"21";"06";"2021";"23:35";"3";"39";"39150";"1";"6";"1";"3";"N/A";"47,0526780000";"5,4366445000"
"202100032280";"25";"06";"2021";"18:00";"1";"38";"38185";"2";"2";"1";"3";"Avenue Rhin et Danube";"45,1793100000";"5,7054700000"
"202100032281";"25";"06";"2021";"11:33";"1";"37";"37261";"2";"3";"1";"6";"WAGNER (BOULEVARD RICHARD)";"47,3741542252";"0,6986624748"
"202100032282";"25";"06";"2021";"08:57";"1";"37";"37122";"2";"6";"1";"6";"RD 86 DE MONTS Ã  TOURS";"47,3229642194";"0,6618471444"
"202100032283";"25";"06";"2021";"21:50";"1";"33";"33063";"2";"1";"1";"3";"Avenue des Quarante Journaux";"44,8786500000";" -0,5686200000"
"202100032284";"25";"06";"2021";"19:00";"1";"33";"33063";"2";"4";"1";"3";"Rue du Sacre Coeur";"44,8499000000";" -0,6044700000"
"202100032285";"25";"06";"2021";"18:55";"1";"33";"33550";"2";"1";"1";"2";"Route de Toulouse";"44,7834900000";" -0,5661500000"
"202100032286";"25";"06";"2021";"11:20";"1";"33";"33529";"1";"1";"1";"6";"Rue Lagrua";"44,6399240000";" -1,1550050000"
"202100032287";"25";"06";"2021";"21:15";"1";"31";"31555";"2";"1";"1";"2";"RTE D AGDE";"43,6250000000";"1,4751000000"
"202100032288";"25";"06";"2021";"14:30";"1";"31";"31149";"2";"3";"1";"3";"ESPLANADE FRANCOIS MITTERRAND ";"43,6060422651";"1,3348601884"
"202100032289";"15";"06";"2021";"17:55";"1";"29";"29019";"2";"3";"1";"3";"Rue GÃ©nÃ©ral GalliÃ©ni";"48,3909027428";" -4,5061773969"
"202100032290";"24";"06";"2021";"18:36";"1";"29";"29019";"2";"3";"1";"6";"Rue Yves Collet";"48,3954900000";" -4,4768900000"
"202100032291";"24";"06";"2021";"13:14";"1";"27";"27229";"1";"1";"1";"3";"VAL ITON (RUE DU)";"49,0342700000";"1,1480200000"
"202100032292";"24";"06";"2021";"02:30";"5";"22";"22360";"1";"1";"1";"1";"RN12";"48,4886100000";" -2,7204500000"
"202100032293";"24";"06";"2021";"21:15";"1";"17";"17300";"2";"1";"1";"6";"COUBERTIN   AVENUE PIERRE DE";"46,1666000000";" -1,1704500000"
"202100032294";"25";"06";"2021";"23:55";"5";"13";"13215";"2";"9";"1";"1";"MADRAGUE VILLE (RUE)";"43,3332101545";"5,3585707315"
"202100032295";"25";"06";"2021";"04:30";"5";"13";"13206";"2";"9";"1";"3";"PARADIS (RUE)";"43,2819473009";"5,3816468848"
"202100032296";"25";"06";"2021";"17:30";"1";"13";"13209";"2";"1";"1";"1";"REDON (BOULEVARD DU)";"43,2513300000";"5,4216900000"
"202100032297";"25";"06";"2021";"12:30";"1";"13";"13208";"2";"1";"1";"3";"MAZARGUES (AVENUE DE)";"43,2624700000";"5,3930800000"
"202100032298";"25";"06";"2021";"18:07";"1";"10";"10387";"2";"1";"1";"2";"JACQUIN (RUE)";"48,3040100000";"4,0798200000"
"202100032299";"25";"06";"2021";"15:22";"1";"10";"10387";"2";"3";"1";"2";"FAUBOURG CRONCELS (RUE DU)";"48,2812790000";"4,0800010000"
"202100032300";"25";"06";"2021";"21:15";"1";"08";"08409";"2";"9";"1";"3";"ALSACE-LORRAINE (PLACE)";"49,7021800000";"4,9445600000"
"202100032301";"25";"06";"2021";"13:15";"1";"06";"06027";"2";"3";"1";"3";"JUIN BOULEVARD MARECHAL";"43,6573110000";"7,1510350000"
"202100032302";"22";"06";"2021";"13:41";"1";"06";"06004";"1";"1";"1";"2";"R.N.98 BORD DE MER SIESTA";"43,5957750000";"7,1254200000"
"202100032303";"24";"06";"2021";"07:40";"1";"05";"05061";"2";"1";"1";"6";"PASTEUR ( RUE )";"44,5599304163";"6,0790631175"
"202100032304";"26";"06";"2021";"01:15";"3";"05";"05023";"1";"1";"1";"1";"ITALIE (ROUTE D')";"44,9097100000";"6,6662800000"
"202100032305";"22";"06";"2021";"15:00";"1";"03";"03023";"2";"1";"1";"6";"GANNAT (ROUTE DE)";"46,1269300000";"3,3956900000"
"202100032306";"25";"06";"2021";"20:33";"1";"03";"03211";"1";"1";"1";"6";"MONTLUCON (ROUTE DE)";"46,3069200000";"2,5650400000"
"202100032307";"25";"06";"2021";"11:50";"1";"75";"75119";"2";"1";"1";"4";"BOULEVARD PERIPHERIQUE";"48,8788790000";"2,4079060000"
"202100032308";"25";"06";"2021";"09:00";"1";"75";"75116";"2";"1";"1";"3";"BOULEVARD PERIPHERIQUE";"48,8690670000";"2,2708500000"
"202100032309";"24";"06";"2021";"12:30";"1";"75";"75116";"2";"1";"1";"2";"PORTE MAILLOT";"48,8763230000";"2,2785250000"
"202100032310";"23";"06";"2021";"02:25";"5";"75";"75112";"2";"4";"2";"2";"BOULEVARD PERIPHERIQUE";"48,8269730000";"2,3900440000"
"202100032311";"25";"06";"2021";"19:20";"1";"75";"75105";"2";"3";"8";"6";"RUE DU FER A MOULIN";"48,8389200000";"2,3532380000"
"202100032312";"25";"06";"2021";"15:13";"1";"75";"75106";"2";"1";"2";"6";"RUE DE MEDICIS";"48,8479810000";"2,3398340000"
"202100032313";"25";"06";"2021";"11:47";"1";"75";"75105";"2";"3";"1";"7";"BOULEVARD SAINT GERMAIN";"48,8498680000";"2,3494530000"
"202100032314";"24";"06";"2021";"20:40";"1";"75";"75120";"2";"1";"1";"3";"RUE D AVRON";"48,8530960000";"2,4083410000"
"202100032315";"25";"06";"2021";"19:40";"1";"75";"75119";"2";"1";"1";"3";"RUE D AUBERVILLIERS";"48,8977340000";"2,3705430000"
"202100032316";"25";"06";"2021";"12:26";"1";"75";"75119";"2";"1";"1";"6";"AVENUE DE FLANDRE";"48,8850170000";"2,3696590000"
"202100032317";"25";"06";"2021";"20:37";"1";"75";"75109";"2";"2";"1";"3";"BOULEVARD DE CLICHY";"48,8837590000";"2,3322820000"
"202100032318";"25";"06";"2021";"17:15";"1";"75";"75116";"2";"3";"1";"3";"AVENUE VICTOR HUGO";"48,8706650000";"2,2877060000"
"202100032319";"24";"06";"2021";"12:10";"1";"75";"75116";"2";"1";"8";"3";"AVENUE VICTOR HUGO";"48,8713470000";"2,2892910000"
"202100032320";"24";"06";"2021";"10:05";"1";"75";"75116";"2";"3";"8";"3";"BOULEVARD DELESSERT";"48,8596220000";"2,2877140000"
"202100032321";"24";"06";"2021";"01:40";"5";"75";"75115";"2";"2";"1";"3";"RUE DE VAUGIRARD";"48,8429930000";"2,3127830000"
"202100032322";"25";"06";"2021";"17:40";"1";"75";"75113";"2";"2";"1";"6";"RUE DE TOLBIAC";"48,8257090000";"2,3484060000"
"202100032323";"25";"06";"2021";"02:25";"5";"75";"75113";"2";"1";"1";"7";"BOULEVARD KELLERMANN";"48,8209870000";"2,3515710000"
"202100032324";"25";"06";"2021";"08:40";"1";"75";"75112";"2";"1";"1";"2";"QUAI DE LA RAPEE";"48,8418830000";"2,3725000000"
"202100032325";"25";"06";"2021";"20:04";"2";"75";"75118";"2";"2";"1";"3";"BOULEVARD BARBES";"48,8915600000";"2,3496240000"
"202100032326";"25";"06";"2021";"15:45";"1";"75";"75110";"2";"1";"2";"3";"BOULEVARD DE STRASBOURG";"48,8713700000";"2,3554330000"
"202100032327";"25";"06";"2021";"15:40";"1";"75";"75108";"2";"7";"2";"5";"PLACE DE LA CONCORDE";"48,8667740000";"2,3220440000"
"202100032328";"25";"06";"2021";"09:45";"1";"75";"75108";"2";"2";"1";"4";"AVENUE DE FRIEDLAND";"48,8743970000";"2,3010520000"
"202100032329";"25";"06";"2021";"22:45";"3";"75";"75107";"2";"4";"2";"6";"AVENUE DE LA BOURDONNAIS";"48,8592270000";"2,2977310000"
"202100032330";"25";"06";"2021";"22:10";"5";"75";"75101";"2";"7";"3";"7";"QUAI FRANCOIS MITTERRAND";"48,8601420000";"2,3331900000"
"202100032331";"25";"06";"2021";"11:30";"1";"94";"94068";"2";"9";"1";"6";"Avenue Pierre SÃ©mard";"48,8057600000";"2,5107700000"
"202100032332";"25";"06";"2021";"09:00";"1";"94";"94046";"2";"1";"1";"3";"Avenue de la RÃ©publique";"48,8053000000";"2,4398200000"
"202100032333";"25";"06";"2021";"17:45";"1";"94";"94076";"2";"3";"8";"3";"MAXIME GORKI (BD)";"48,7997388044";"2,3656521747"
"202100032334";"25";"06";"2021";"05:17";"2";"94";"94065";"2";"9";"1";"2";"Rue du Limousin";"48,7554700000";"2,3623000000"
"202100032335";"24";"06";"2021";"20:50";"1";"94";"94011";"2";"2";"1";"3";"Avenue de Boissy";"48,7741700000";"2,4818900000"
"202100032336";"24";"06";"2021";"15:50";"1";"94";"94028";"2";"1";"1";"3";"Route de Choisy";"48,7883900000";"2,4514000000"
"202100032337";"22";"06";"2021";"04:20";"5";"94";"94059";"2";"1";"1";"6";"Avenue Maurice Berteaux";"48,8139800000";"2,5653700000"
"202100032338";"24";"06";"2021";"12:00";"1";"94";"94055";"2";"1";"8";"2";"GENERAL DE GAULLE (AV DU)";"48,7870700000";"2,5375300000"
"202100032339";"25";"06";"2021";"18:15";"1";"94";"94004";"2";"1";"2";"3";"FFI (ALL DES)";"48,7565800000";"2,5072700000"
"202100032340";"24";"06";"2021";"17:10";"1";"94";"94002";"2";"1";"1";"6";"Rue de Toulon";"48,7842900000";"2,4297900000"
"202100032341";"25";"06";"2021";"15:30";"1";"93";"93073";"2";"1";"1";"6";"Rue dâAthenes";"49,0107100000";"2,5598700000"
"202100032342";"25";"06";"2021";"07:30";"1";"93";"93059";"2";"2";"1";"6";"PASTEUR (BOULEVARD)";"48,9649000000";"2,3653500000"
"202100032343";"24";"06";"2021";"18:45";"1";"93";"93066";"2";"1";"1";"6";"Avenue du General de Gaulle";"48,9268010000";"2,3632510000"
"202100032344";"25";"06";"2021";"08:40";"1";"93";"93064";"2";"1";"1";"3";"PERI (BOULEVARD GABRIEL)  0 - 37 / 42";"48,8773180000";"2,4787330000"
"202100032345";"25";"06";"2021";"16:20";"1";"93";"93051";"2";"1";"1";"6";"Avenue du Bois Saint Martin";"48,8226400000";"2,5768800000"
"202100032346";"25";"06";"2021";"15:40";"1";"93";"93048";"2";"3";"1";"3";"Rue de Rosny / Rue Pierre de Montreuil";"48,8635030000";"2,4498450000"
"202100032347";"25";"06";"2021";"01:04";"5";"93";"93066";"2";"1";"1";"6";"Avenue de Stalingrad";"48,9450900000";"2,3615800000"
"202100032348";"25";"06";"2021";"12:00";"1";"93";"93047";"2";"2";"8";"3";"Rue Degas / Avenue Paul CÃ©zanne";"48,9032300000";"2,5585800000"
"202100032349";"25";"06";"2021";"16:40";"1";"93";"93010";"2";"1";"1";"6";"GALLIENI (AV.) DE 111 A 175";"48,9063490000";"2,4826110000"
"202100032350";"25";"06";"2021";"19:19";"1";"93";"93001";"2";"6";"1";"3";"VICTOR HUGO (AVE)  => 120";"48,9025390000";"2,3709630000"
"202100032351";"24";"06";"2021";"21:15";"1";"93";"93001";"2";"1";"1";"3";"CITES (RUE DES)  => 91";"48,9060370000";"2,3873850000"
"202100032352";"24";"06";"2021";"19:00";"1";"93";"93001";"2";"1";"1";"3";"VICTOR HUGO (AVE)  => 120";"48,9055970000";"2,3746170000"
"202100032353";"24";"06";"2021";"17:00";"1";"93";"93001";"1";"9";"1";"3";"PRESIDENT ROOSEVELT (AVENUE DU)";"48,9157200000";"2,3805870000"
"202100032354";"25";"06";"2021";"11:15";"1";"92";"92062";"2";"9";"1";"3";"GENERAL DE GAULLE (AV) DU 44 AU 106";"48,8884070257";"2,2357660532"
"202100032355";"25";"06";"2021";"06:40";"1";"92";"92051";"2";"3";"1";"6";"LONGCHAMP (RUE DE)";"48,8821670000";"2,2553180000"
"202100032356";"25";"06";"2021";"13:15";"1";"92";"92050";"2";"3";"1";"3";"COMMUNE DE PARIS AVENUE DE LA";"48,9055410000";"2,2089340000"
"202100032357";"25";"06";"2021";"22:10";"5";"92";"92040";"2";"5";"3";"3";"Avenue Victor Cresson";"48,8239649113";"2,2728341818"
"202100032358";"25";"06";"2021";"20:45";"1";"92";"92025";"2";"1";"1";"3";"CHARLES DE GAULLE (BD)";"48,9155400000";"2,2279100000"
"202100032359";"25";"06";"2021";"16:15";"1";"92";"92025";"2";"1";"1";"6";"GABRIEL PERI (RUE)";"48,9182230000";"2,2388820000"
"202100032360";"25";"06";"2021";"20:10";"1";"92";"92007";"2";"3";"8";"3";"SUISSES (VOIE DES)";"48,8017914108";"2,3001547593"
"202100032361";"26";"06";"2021";"01:15";"3";"24";"24350";"1";"9";"1";"6";"Chauffre";"45,1521460000";"0,5985210000"
"202100032362";"26";"06";"2021";"11:58";"1";"06";"06161";"1";"1";"1";"3";"D241";"43,6354850000";"7,1288560000"
"202100032363";"24";"06";"2021";"17:30";"1";"76";"76280";"1";"1";"1";"7";"D1314";"49,8265570000";"1,4108200000"
"202100032364";"25";"06";"2021";"20:30";"1";"68";"68252";"2";"1";"1";"7";"1 Rue de la Gare";"48,1598761129";"7,3691627383"
"202100032365";"21";"06";"2021";"08:20";"1";"64";"64410";"2";"6";"1";"3";"rond point des chenes mourenx";"43,3741300000";" -0,6243810000"
"202100032366";"20";"06";"2021";"16:49";"1";"67";"67403";"1";"1";"2";"7";"departementale 791";"48,8086020000";"7,5631860000"
"202100032367";"23";"06";"2021";"13:30";"1";"67";"67383";"2";"3";"1";"3";"Rue Principale";"48,6655460000";"7,4763840000"
"202100032368";"16";"06";"2021";"19:45";"1";"01";"01419";"1";"1";"1";"6";"D884";"46,2194330000";"5,9813580000"
"202100032369";"25";"06";"2021";"17:00";"1";"43";"43191";"1";"1";"1";"7";"A75";"45,3590210000";"3,2805350000"
"202100032370";"26";"06";"2021";"10:45";"1";"83";"83132";"1";"1";"1";"5";"4280 Chemin de Sauvebonne";"43,1686440000";"6,0723760000"
"202100032371";"21";"05";"2021";"18:30";"1";"83";"83031";"1";"1";"1";"3";"Route Thoronet D17";"43,4021520000";"6,3581580000"
"202100032372";"10";"06";"2021";"14:45";"1";"57";"57117";"2";"9";"7";"6";"L Oree du Bois";"49,3354140000";"6,3284580000"
"202100032373";"25";"06";"2021";"23:00";"5";"51";"51413";"1";"6";"1";"7";"D9";"49,0022170000";"4,0325890000"
"202100032374";"25";"06";"2021";"17:30";"1";"59";"59037";"2";"1";"1";"6";"38 Rue du 8 Mai 1945";"50,1958240000";"3,3739830000"
"202100032375";"26";"06";"2021";"18:00";"1";"19";"19099";"1";"1";"1";"6";"D14";"45,0725810000";"1,6956500000"
"202100032376";"12";"06";"2021";"17:30";"1";"56";"56240";"1";"1";"1";"7";"Lieu Dit Quintin";"47,5375720000";" -2,6963280000"
"202100032377";"26";"06";"2021";"08:00";"1";"76";"76581";"1";"2";"8";"3";"Route de la Plaine";"49,5284300000";"1,3371500000"
"202100032378";"25";"06";"2021";"23:00";"3";"79";"79197";"1";"1";"1";"6";"N/A";"46,6891990000";" -0,1035550000"
"202100032379";"25";"06";"2021";"16:10";"1";"79";"79131";"1";"1";"1";"6";"N/A";"46,8767460000";" -0,3407260000"
"202100032380";"26";"06";"2021";"13:40";"1";"2A";"2A103";"1";"1";"1";"1";"d1";"41,9844410000";"8,8875960000"
"202100032381";"26";"06";"2021";"15:15";"1";"82";"82028";"1";"2";"1";"6";"D820";"43,8564433127";"1,2931586802"
"202100032382";"25";"06";"2021";"15:40";"1";"65";"65192";"1";"1";"1";"6";"D923";"42,7363990000";" -0,0270690000"
"202100032383";"26";"06";"2021";"01:30";"3";"89";"89252";"1";"1";"1";"6";"N151";"47,6637180000";"3,5059370000"
"202100032384";"25";"06";"2021";"20:30";"2";"61";"61508";"2";"1";"3";"1";"61 Avenue du Marechal Leclerc";"48,9254600000";"0,2051190000"
"202100032385";"26";"06";"2021";"09:50";"1";"42";"42192";"1";"1";"1";"2";"M104";"45,3840140000";"4,1287140000"
"202100032386";"26";"06";"2021";"15:40";"1";"42";"42159";"1";"1";"1";"6";"La Jaboulasse";"45,8328920000";"3,7491270000"
"202100032387";"2";"06";"2021";"16:30";"1";"22";"22248";"2";"9";"1";"7";"Hent Ar Mor";"48,6192150000";" -3,0871210000"
"202100032388";"26";"06";"2021";"12:15";"1";"44";"44097";"1";"1";"3";"1";"Route de Kerlagadec";"47,3946850000";" -2,4659480000"
"202100032389";"25";"06";"2021";"22:30";"5";"02";"02173";"2";"1";"2";"7";"Rue des Grands Navoirs";"49,6067210000";"3,2263250000"
"202100032390";"6";"06";"2021";"18:20";"1";"84";"84020";"1";"1";"1";"1";"D943";"43,8180560000";"5,3459220000"
"202100032391";"26";"06";"2021";"14:00";"1";"03";"03024";"1";"1";"1";"7";"D124";"46,3326540000";"3,7131640000"
"202100032392";"26";"06";"2021";"11:49";"1";"03";"03217";"1";"1";"1";"7";"D2371";"46,3380690000";"2,6421690000"
"202100032393";"26";"06";"2021";"11:25";"1";"15";"15076";"1";"1";"1";"7";"D33";"44,8620710000";"2,1758510000"
"202100032394";"25";"06";"2021";"19:20";"1";"01";"01457";"1";"9";"1";"6";"Route de Bezememe";"46,2202618704";"5,0089877844"
"202100032395";"25";"06";"2021";"19:42";"1";"70";"70299";"1";"1";"1";"1";"route de Tincey";"47,6175980000";"5,7886790000"
"202100032396";"25";"06";"2021";"18:20";"1";"40";"40150";"1";"2";"1";"5";"D16";"43,8228550000";" -1,2580630000"
"202100032397";"26";"06";"2021";"15:13";"1";"04";"04135";"1";"1";"1";"7";"RD 952";"43,8346350000";"6,2209980000"
"202100032398";"26";"06";"2021";"10:50";"1";"04";"04061";"1";"1";"1";"3";"RD 908";"44,2090110000";"6,6377970000"
"202100032399";"26";"06";"2021";"11:00";"1";"37";"37130";"1";"2";"1";"3";"Lieu Dit Chantepie";"47,0164326224";"0,8417402208"
"202100032400";"25";"06";"2021";"20:00";"1";"30";"30046";"1";"1";"1";"3";"N106";"43,9913330000";"4,1922280000"
"202100032401";"26";"06";"2021";"14:00";"1";"48";"48130";"1";"1";"1";"7";"D119";"44,1689840000";"3,5466420000"
"202100032402";"25";"06";"2021";"10:00";"1";"52";"52060";"2";"2";"1";"3";"Rue Jean Carbon";"47,9451760000";"5,7360110000"
"202100032403";"26";"06";"2021";"20:15";"1";"74";"74067";"2";"3";"1";"1";"route des creuses";"45,8857920000";"6,0652740000"
"202100032404";"25";"06";"2021";"08:10";"1";"987";"98715";"1";"1";"7";"3";"PK 3,00";" -17,5845220000";" -149,5685780000"
"202100032405";"25";"06";"2021";"15:45";"1";"63";"63430";"1";"1";"1";"2";"Autoroute A89 PK 431+000 sens CLERMONT-FD/LYON";"45,8642540000";"3,5292020000"
"202100032406";"26";"06";"2021";"08:50";"1";"49";"49007";"1";"1";"1";"6";"bretelle d'accÃ¨s autoroute A11";"47,4892890000";" -0,5447890000"
"202100032407";"25";"06";"2021";"18:30";"1";"973";"97311";"2";"1";"1";"3";"Rue Jean-Claude Isaac";"5,4701752597";" -54,0339730807"
"202100032408";"25";"06";"2021";"15:20";"1";"2B";"2B173";"1";"1";"1";"1";"Route de Muro";"42,5524200000";"8,9273730000"
"202100032409";"25";"06";"2021";"16:36";"1";"84";"84141";"1";"1";"1";"2";"avenue charles de gaulle";"43,9677570000";"4,9214950000"
"202100032410";"26";"06";"2021";"09:30";"1";"05";"05180";"2";"9";"1";"1";"D994e";"44,8126950000";"6,5580940000"
"202100032411";"25";"06";"2021";"17:00";"1";"89";"89077";"1";"3";"1";"3";"N/A";"47,7518220000";"3,6055650000"
"202100032412";"26";"06";"2021";"05:00";"3";"67";"67339";"1";"1";"1";"7";"D344";"48,8810345525";"7,9247903824"
"202100032413";"26";"06";"2021";"08:50";"1";"03";"03165";"2";"1";"7";"6";"26 Rue de Lapalisse";"46,0746080000";"3,6677630000"
"202100032414";"19";"06";"2021";"10:20";"1";"73";"73290";"1";"1";"1";"6";"D902";"45,2942410000";"6,9244770000"
"202100032415";"25";"06";"2021";"13:45";"1";"42";"42174";"1";"3";"1";"3";"Route de Villedieu";"45,7377150000";"4,1635310000"
"202100032416";"26";"06";"2021";"17:15";"1";"38";"38382";"2";"1";"1";"2";"71 Avenue du General de Gaulle";"45,2357680000";"5,6755010000"
"202100032417";"20";"06";"2021";"13:00";"1";"19";"19146";"1";"1";"1";"3";"RD1120";"45,3058330000";"1,7786480000"
"202100032418";"25";"06";"2021";"12:06";"1";"64";"64422";"1";"6";"1";"6";"D6";"43,1953680000";" -0,6004070000"
"202100032419";"22";"05";"2021";"20:20";"2";"33";"33018";"1";"2";"1";"3";"D10";"45,0153550000";" -0,3948640000"
"202100032420";"25";"06";"2021";"21:16";"2";"02";"02831";"1";"1";"1";"7";"D31";"49,9069470000";"4,1879450000"
"202100032421";"24";"06";"2021";"15:10";"1";"13";"13202";"2";"1";"1";"6";"A55-Sens Marseille vers Martigues";"43,3166640000";"5,3644100000"
"202100032422";"25";"06";"2021";"07:10";"1";"13";"13210";"1";"1";"1";"2";"A50-Sens Aubagne vers Marseille";"43,2839400000";"5,4026600000"
"202100032423";"24";"06";"2021";"11:30";"1";"13";"13088";"1";"1";"1";"2";"A55-Sens Martigues vers Marseille";"43,3909000000";"5,2497200000"
"202100032424";"23";"06";"2021";"19:40";"1";"13";"13215";"1";"1";"1";"2";"A7-Sens Lyon vers Marseille";"43,3498800000";"5,3688200000"
"202100032425";"24";"06";"2021";"06:00";"2";"83";"83144";"1";"1";"1";"6";"A57";"43,1409371926";"6,0016250610"
"202100032426";"25";"06";"2021";"00:45";"5";"33";"33397";"1";"1";"1";"3";"N/A";"44,9208000000";" -0,4751800000"
"202100032427";"25";"06";"2021";"02:45";"3";"59";"59410";"1";"1";"1";"6";"ROUTE NATIONALE 356";"50,6501400000";"3,1010590000"
"202100032428";"24";"06";"2021";"14:15";"1";"59";"59350";"1";"1";"1";"5";"ROUTE NATIONALE 356";"50,6171990000";"3,0814160000"
"202100032429";"25";"06";"2021";"15:50";"1";"91";"91471";"1";"1";"1";"2";"RN 118";"48,7123000000";"2,1825000000"
"202100032430";"25";"06";"2021";"12:00";"1";"91";"91228";"1";"1";"1";"2";"RN 104";"48,6145480000";"2,4305680000"
"202100032431";"25";"06";"2021";"18:30";"1";"93";"93006";"1";"1";"1";"2";"AUTOROUTE A3";"48,8654600000";"2,4194900000"
"202100032432";"25";"06";"2021";"02:40";"4";"93";"93006";"1";"1";"1";"2";"AUTOROUTE A3";"48,8684000000";"2,4285600000"
"202100032433";"25";"06";"2021";"07:45";"1";"94";"94073";"1";"1";"1";"7";"A86 EXT";"48,7706982373";"2,3867885922"
"202100032434";"22";"06";"2021";"23:05";"5";"2B";"2B033";"2";"1";"1";"5";"TOUTES RUES";"42,7033587361";"9,4510209560"
"202100032435";"23";"06";"2021";"16:30";"1";"83";"83090";"1";"9";"1";"3";"MONNET (AVE JEAN)";"43,1276150000";"5,8592340000"
"202100032436";"24";"06";"2021";"16:05";"1";"69";"69264";"2";"2";"1";"6";"GAMBETTA (BD)";"45,9896900000";"4,7150300000"
"202100032437";"24";"06";"2021";"16:08";"1";"65";"65440";"2";"2";"1";"3";"AYGUEROTTE (RUE DE L')";"43,2339000000";"0,0675400000"
"202100032438";"24";"06";"2021";"10:20";"1";"46";"46042";"2";"9";"1";" -1";"BRETON (AVENUE ANDRE)";"44,4469800000";"1,4324710000"
"202100032439";"25";"06";"2021";"00:10";"5";"17";"17300";"2";"1";"1";"6";"JOFFRES";"46,1561600000";" -1,1429600000"
"202100032440";"24";"06";"2021";"02:04";"5";"75";"75109";"2";"5";"1";"3";"BOULEVARD HAUSSMANN";"48,8729510000";"2,3333270000"
"202100032441";"23";"06";"2021";"08:00";"1";"974";"97407";"2";"9";"1";"3";"MONDON (AVENUE)";" -20,9345000000";"55,3008000000"
"202100032442";"24";"06";"2021";"15:50";"1";"973";"97302";"2";"1";"1";"3";"BADUEL (ROUTE DE)";"4,9347100000";" -52,3117600000"
"202100032443";"24";"06";"2021";"17:00";"1";"69";"69387";"2";"1";"1";"6";"PIERRE DE COUBERTIN (ALL)";"45,7262500000";"4,8245400000"
"202100032444";"24";"06";"2021";"00:35";"5";"972";"97213";"1";"1";"1";"6";"VIEUX CHEMIN CALIFORNIE (RUE DU)";"14,6219850766";" -61,0216751857"
"202100032445";"23";"06";"2021";"18:30";"3";"972";"97213";"1";"9";"1";"6";"ROUTE DEPARTEMENTALE 14";"14,6245793035";" -61,0186457634"
"202100032446";"23";"06";"2021";"17:30";"1";"69";"69286";"2";"3";"1";"3";"STRASBOURG (DE) (RTE)";"45,8132600000";"4,8875200000"
"202100032447";"23";"06";"2021";"19:40";"1";"2B";"2B033";"2";"9";"1";"6";"TOUTES RUES";"42,7021500000";"9,4515600000"
"202100032448";"24";"06";"2021";"12:45";"1";"2A";"2A004";"1";"1";"1";"2";"T21";"41,9341128318";"8,7511375918"
"202100032449";"24";"06";"2021";"19:40";"1";"95";"95680";"2";"1";"1";"6";"VOLTAIRE (RUE)";"49,0007900000";"2,4138600000"
"202100032450";"24";"06";"2021";"15:45";"1";"95";"95127";"2";"1";"1";"6";"Rue de la Bastide";"49,0494500000";"2,0328800000"
"202100032451";"21";"06";"2021";"10:50";"1";"95";"95476";"2";"1";"1";"6";"Boulevard dâOsny";"49,0575528705";"2,0473301411"
"202100032452";"24";"06";"2021";"16:20";"1";"91";"91667";"2";"1";"1";"2";"CORBEIL (ROUTE)";"48,6581100000";"2,3393900000"
"202100032453";"24";"06";"2021";"14:20";"1";"91";"91339";"2";"1";"1";"5";"RTE NATIONALE 20";"48,6347500000";"2,2659200000"
"202100032454";"24";"06";"2021";"13:20";"1";"91";"91549";"1";"9";"1";"2";"RD 117";"48,6434790000";"2,3342640000"
"202100032455";"23";"06";"2021";"09:10";"1";"91";"91549";"2";"1";"8";"2";"LONGPONT (ROUTE DE)";"48,6522960000";"2,3098050000"