"Num_Acc";"jour";"mois";"an";"hrmn";"lum";"dep";"com";"agg";"int";"atm";"col";"adr";"lat";"long"
"202100032456";"24";"06";"2021";"19:30";"1";"91";"91471";"2";"1";"1";"3";"GUY MOQUET (RUE)";"48,7004200000";"2,1917100000"
"202100032457";"24";"06";"2021";"07:50";"1";"91";"91345";"2";"1";"1";"6";"RUE PDT FRANCOIS MITTERRAND";"48,6942980000";"2,2937820000"
"202100032458";"22";"06";"2021";"15:50";"1";"91";"91174";"2";"1";"1";"6";"BD JEAN JAURES";"48,6102700000";"2,4628000000"
"202100032459";"23";"06";"2021";"18:05";"1";"91";"91223";"1";"1";"1";"6";"RUE DU LT COLONEL ARNAUD BELTRAME";"48,4470000000";"2,1379500000"
"202100032460";"23";"06";"2021";"18:15";"1";"90";"90010";"2";"1";"1";"1";"BRUXELLES (RUE DE)";"47,6337400000";"6,8411900000"
"202100032461";"24";"06";"2021";"13:50";"1";"87";"87085";"2";"3";"1";"2";"SABLARD (AVENUE DE)";"45,8282100000";"1,2815200000"
"202100032462";"24";"06";"2021";"03:00";"5";"84";"84087";"2";"1";"1";"7";"NOBLE (RUE DU)";"44,1349808000";"4,8109796000"
"202100032463";"24";"06";"2021";"07:40";"1";"83";"83144";"2";"2";"1";"3";"LIBERATION (AVE DE LA)";"43,1429921528";"5,9879994392"
"202100032464";"24";"06";"2021";"07:40";"1";"83";"83137";"2";"1";"1";"3";"PARIS (BD DE)";"43,1306060000";"5,9108580000"
"202100032465";"23";"06";"2021";"17:10";"1";"82";"82121";"2";"9";"1";"6";"FORESTIE (RUE EDOUARD)";"44,0127900000";"1,3797680000"
"202100032466";"23";"06";"2021";"15:40";"1";"78";"78640";"2";"1";"1";"3";"MORANE-SAULNIER (AVENUE)";"48,7854000000";"2,2184700000"
"202100032467";"23";"06";"2021";"23:00";"3";"77";"77438";"1";"1";"8";"2";"D934";"48,8663100000";"2,6790900000"
"202100032468";"23";"06";"2021";"08:00";"1";"72";"72181";"2";"1";"1";"3";"MONTOISE (RUE)";"48,0090000000";"0,1890000000"
"202100032469";"23";"06";"2021";"09:20";"1";"69";"69271";"2";"3";"1";"1";"EUREXPO (PARC DES EXPOSITIONS) ";"45,7258956853";"4,9576663971"
"202100032470";"23";"06";"2021";"17:30";"1";"67";"67365";"2";"3";"8";"3";"MICHAEL FARADAY (RUE)";"48,5377830000";"7,6952010000"
"202100032471";"23";"06";"2021";"17:15";"1";"67";"67482";"2";"8";"8";"3";"GENERAL DE GAULLE (AVENUE DU)";"48,5773650000";"7,7692260000"
"202100032472";"24";"06";"2021";"18:05";"1";"65";"65440";"2";"1";"1";"6";"KENNEDY (BOULEVARD DU PRESIDENT JOHN)";"43,2195800000";"0,0862600000"
"202100032473";"24";"06";"2021";"09:10";"1";"65";"65100";"2";"3";"1";"3";"Rue Victor Hugo";"43,2587900000";"0,0495800000"
"202100032474";"22";"06";"2021";"10:38";"1";"63";"63113";"2";"1";"2";"4";"AGRICULTURE (AVENUE DE L')";"45,7788100000";"3,1265300000"
"202100032475";"24";"06";"2021";"04:40";"5";"59";"59508";"2";"1";"1";"6";"FLANDRES (RESIDENCE DES)";"50,7459100000";"3,1358400000"
"202100032476";"16";"06";"2021";"18:05";"1";"59";"59350";"2";"1";"1";"2";"FLANDRES PONT";"50,6364200000";"3,0770500000"
"202100032477";"24";"06";"2021";"20:00";"1";"59";"59271";"2";"6";"1";"3";"PETITE-SYNTHE CD 940 - AVENUE";"51,0159700000";"2,3148200000"
"202100032478";"23";"06";"2021";"12:47";"1";"57";"57463";"2";"1";"1";"6";"GENERAL METMAN";"49,1202200000";"6,2143500000"
"202100032479";"23";"06";"2021";"19:40";"1";"56";"56121";"2";"1";"1";"2";"FERRY ( PL. JULES )";"47,7466600000";" -3,3655900000"
"202100032480";"22";"06";"2021";"16:19";"1";"54";"54483";"2";"1";"1";"6";"FRANCE (RUE ANATOLE)";"48,6323100000";"6,3069400000"
"202100032481";"23";"06";"2021";"09:57";"1";"47";"47001";"2";"2";"1";"3";"COLMAR (AV. DE)";"44,1940200000";"0,6409000000"
"202100032482";"24";"06";"2021";"15:55";"1";"44";"44109";"2";"1";"1";"3";"BOULEVARD JULES VERNE";"47,2390279261";" -1,5316355196"
"202100032483";"24";"06";"2021";"03:45";"5";"37";"37214";"2";"2";"8";"6";"REPUBLIQUE (AVENUE DE LA)";"47,4051576382";"0,6726212427"
"202100032484";"24";"06";"2021";"18:20";"1";"37";"37261";"2";"2";"1";"6";"COLOMB (RUE CHRISTOPHE)";"47,3794372137";"0,7006479110"
"202100032485";"24";"06";"2021";"14:30";"1";"37";"37261";"2";"2";"1";"1";"MALRAUX (QUAI ANDRE)";"47,3975648641";"0,6994128227"
"202100032486";"23";"06";"2021";"12:10";"1";"37";"37261";"2";"2";"1";"6";"DUBLINEAU (RUE)";"47,3894955203";"0,6983175085"
"202100032487";"24";"06";"2021";"23:30";"5";"35";"35055";"2";"1";"1";"6";"BONNIN ANDRE (AVENUE)";"48,0896700000";" -1,6223100000"
"202100032488";"23";"06";"2021";"09:25";"1";"34";"34301";"1";"1";"1";"3";"AVENUE DES EAUX BLANCHES";"43,4190700000";"3,7106800000"
"202100032489";"21";"06";"2021";"17:15";"1";"34";"34032";"2";"3";"1";"3";"ROUTE NATIONALE 9";"43,3641300000";"3,2609700000"
"202100032490";"24";"06";"2021";"17:05";"1";"33";"33063";"2";"1";"8";"6";"Avenue Abadie";"44,8444215609";" -0,5578959388"
"202100032491";"24";"06";"2021";"15:25";"1";"33";"33529";"2";"6";"1";"3";"N/A";"44,6330600000";" -1,1609000000"
"202100032492";"24";"06";"2021";"11:25";"1";"31";"31555";"2";"1";"1";"3";"AV DES ETATS UNIS";"43,6573100000";"1,4205100000"
"202100032493";"24";"06";"2021";"18:06";"1";"27";"27681";"2";"1";"1";"6";"CARNOT (RUE)";"49,0927900000";"1,4862100000"
"202100032494";"24";"06";"2021";"18:50";"1";"24";"24437";"2";"1";"1";"1";"RD 936 E1";"44,8332400000";"0,4526800000"
"202100032495";"23";"06";"2021";"16:45";"1";"22";"22106";"2";"1";"1";"3";"BREST (RUE DE)";"48,4948020000";" -2,7152470000"
"202100032496";"13";"06";"2021";"17:00";"1";"22";"22187";"2";"2";"1";"3";"CHEMIN DES MADIERES";"48,5581210000";" -2,7689800000"
"202100032497";"4";"06";"2021";"16:55";"1";"22";"22278";"2";"1";"1";"2";"Robert Schuman (boulevard)";"48,5114587550";" -2,7856349945"
"202100032498";"18";"06";"2021";"14:50";"1";"18";"18279";"2";"3";"1";"3";"MIRANDA DE EBRO (RUE )";"47,2100000000";"2,0600000000"
"202100032499";"24";"06";"2021";"08:45";"1";"17";"17333";"2";"6";"1";"3";"JUIN (AVENUE MARECHAL)";"45,6128510000";" -0,9911810000"
"202100032500";"24";"06";"2021";"12:40";"1";"13";"13215";"2";"4";"7";"3";"GAFFAREL (RUE)";"43,3493700000";"5,3596000000"
"202100032501";"23";"06";"2021";"18:00";"1";"13";"13005";"2";"1";"1";"6";"RASTEGUE (COURS BARTHELEMY)";"43,2926400000";"5,5668400000"
"202100032502";"24";"06";"2021";"20:50";"2";"13";"13001";"2";"1";"1";"2";"FERRINI FORTUNE (AV)";"43,5032100000";"5,4360500000"
"202100032503";"23";"06";"2021";"23:45";"5";"10";"10387";"2";"1";"1";"6";"GEORGES POMPIDOU (RUE)";"48,2964100000";"4,0943200000"
"202100032504";"24";"06";"2021";"04:09";"5";"06";"06083";"2";"3";"1";"3";"DE GAULLE (AVENUE GENERAL)";"43,7703110000";"7,4934970000"
"202100032505";"23";"06";"2021";"13:50";"1";"75";"75106";"2";"2";"1";"6";"RUE DE VAUGIRARD";"48,8473980000";"2,3281180000"
"202100032506";"23";"06";"2021";"12:10";"1";"75";"75120";"2";"2";"1";"6";"AVENUE GAMBETTA";"48,8649580000";"2,3971290000"
"202100032507";"24";"06";"2021";"20:45";"1";"75";"75119";"2";"2";"1";"3";"RUE DE THIONVILLE";"48,8893620000";"2,3836930000"
"202100032508";"24";"06";"2021";"16:50";"1";"75";"75119";"2";"1";"1";"7";"BOULEVARD DE LA VILLETTE";"48,8756700000";"2,3730170000"
"202100032509";"23";"06";"2021";"18:20";"1";"75";"75118";"2";"2";"1";"3";"BOULEVARD NEY";"48,8980070000";"2,3442890000"
"202100032510";"24";"06";"2021";"12:25";"1";"75";"75117";"2";"2";"1";"6";"RUE DE LA TERRASSE";"48,8819490000";"2,3135410000"
"202100032511";"23";"06";"2021";"20:10";"1";"75";"75116";"2";"2";"1";"3";"BOULEVARD DE L AMIRAL BRUIX";"48,8752220000";"2,2795170000"
"202100032512";"23";"06";"2021";"11:10";"1";"75";"75116";"2";"4";"1";"3";"AVENUE DE LA PORTE DE SAINT CLOUD";"48,8386750000";"2,2539490000"
"202100032513";"24";"06";"2021";"20:30";"1";"75";"75114";"2";"2";"1";"2";"BOULEVARD ADOLPHE PINARD";"48,8239290000";"2,3069820000"
"202100032514";"24";"06";"2021";"14:25";"1";"75";"75114";"2";"1";"1";"4";"RUE RAYMOND LOSSERAND";"48,8346810000";"2,3195100000"
"202100032515";"23";"06";"2021";"15:55";"1";"75";"75114";"2";"4";"1";"2";"AVENUE DU MAINE";"48,8302200000";"2,3259110000"
"202100032516";"24";"06";"2021";"17:05";"1";"75";"75113";"2";"1";"1";"3";"AVENUE D ITALIE";"48,8188750000";"2,3595490000"
"202100032517";"23";"06";"2021";"08:15";"1";"75";"75113";"2";"2";"2";"3";"BOULEVARD KELLERMANN";"48,8191470000";"2,3594910000"
"202100032518";"24";"06";"2021";"00:20";"5";"75";"75112";"2";"1";"1";"6";"AVENUE DE LA PORTE DE VINCENNES";"48,8469040000";"2,4120170000"
"202100032519";"23";"06";"2021";"23:30";"5";"75";"75111";"2";"2";"1";"3";"AVENUE DE LA REPUBLIQUE";"48,8629650000";"2,3871930000"
"202100032520";"24";"06";"2021";"19:13";"1";"75";"75104";"2";"1";"8";"2";"QUAI DE GESVRES";"48,8570190000";"2,3479110000"
"202100032521";"24";"06";"2021";"17:50";"1";"75";"75109";"2";"7";"1";"2";"PLACE D ESTIENNE D ORVES";"48,8764680000";"2,3318600000"
"202100032522";"24";"06";"2021";"14:56";"1";"75";"75109";"2";"7";"1";"6";"RUE DE DOUAI";"48,8834520000";"2,3298770000"
"202100032523";"24";"06";"2021";"09:50";"1";"75";"75108";"2";"1";"1";"3";"AVENUE DE FRIEDLAND";"48,8746780000";"2,3034460000"
"202100032524";"23";"06";"2021";"21:37";"1";"75";"75103";"2";"3";"1";"6";"RUE MESLAY";"48,8686200000";"2,3554600000"
"202100032525";"24";"06";"2021";"12:00";"1";"75";"75104";"2";"1";"1";"6";"RUE SIMON LE FRANC";"48,8600670000";"2,3537560000"
"202100032526";"24";"06";"2021";"10:40";"1";"94";"94081";"2";"9";"1";"3";"Avenue Youri Gagarine";"48,7878080000";"2,3906170000"
"202100032527";"24";"06";"2021";"02:30";"5";"94";"94067";"2";"1";"1";"3";"GENERAL DE GAULLE (AV DU)";"48,8391356843";"2,4175734114"
"202100032528";"24";"06";"2021";"19:17";"1";"94";"94028";"2";"1";"1";"7";"Av du General Pierre Billotte";"48,7745400000";"2,4570300000"
"202100032529";"24";"06";"2021";"17:20";"1";"94";"94022";"2";"1";"1";"6";"GENERAL LECLERC (AV)";"48,7616300000";"2,4043900000"
"202100032530";"23";"06";"2021";"23:51";"5";"93";"93051";"2";"1";"1";"2";"EMILE COSSONNEAU (NR 140 A 202)";"48,8494700000";"2,5718700000"
"202100032531";"24";"06";"2021";"17:30";"1";"93";"93006";"2";"1";"1";"6";"Avenue de la RÃ©publique";"48,8619100000";"2,4166800000"
"202100032532";"24";"06";"2021";"21:56";"5";"93";"93010";"2";"1";"1";"6";"Avenue Pasteur";"48,9034100000";"2,4836200000"
"202100032533";"24";"06";"2021";"09:00";"1";"93";"93027";"2";"9";"1";"3";"Avenue Marcel Cachin";"48,9280129231";"2,3966234922"
"202100032534";"23";"06";"2021";"09:20";"1";"93";"93013";"2";"1";"2";"1";"Avenue de la Division Leclerc";"48,9300077269";"2,4207419157"
"202100032535";"23";"06";"2021";"18:45";"1";"92";"92022";"2";"1";"1";"3";"SALENGRO (AVENUE ROGER)";"48,8098227929";"2,1897286177"
"202100032536";"24";"06";"2021";"17:55";"1";"92";"92050";"2";"2";"1";"6";"STALINGRAD RUE DE";"48,8946198967";"2,1929714084"
"202100032537";"24";"06";"2021";"12:30";"1";"92";"92050";"2";"1";"1";"6";"COURBEVOIE RUE DE";"48,8936372436";"2,2065579387"
"202100032538";"24";"06";"2021";"22:00";"2";"92";"92049";"2";"1";"1";"3";"GINOUX AV. HENRI NÂ°1 A 95 ET 2 A 104";"48,8185980000";"2,3228120000"
"202100032539";"24";"06";"2021";"13:50";"1";"92";"92024";"2";"3";"1";"4";"CLICHY (QUAI DE) DE (104 A 202)";"48,9119421098";"2,3103690147"
"202100032540";"24";"06";"2021";"16:50";"1";"92";"92019";"2";"1";"1";"3";"MONNET JEAN (AVENUE DU)";"48,7708468596";"2,2850275040"
"202100032541";"24";"06";"2021";"09:45";"1";"92";"92012";"2";"4";"1";"3";"GENERAL LECLERC (AVENUE DU) 35/FIN - 60/";"48,8298850675";"2,2304525971"
"202100032542";"19";"06";"2021";"11:20";"1";"92";"92036";"2";"3";"1";"3";"BAS ( RUE DES )";"48,9204847350";"2,2884391825"
"202100032543";"24";"06";"2021";"19:30";"1";"80";"80129";"2";"1";"1";"1";"79 Route d Albert";"50,0230820000";"2,6120420000"
"202100032544";"24";"06";"2021";"16:30";"1";"14";"14505";"1";"2";"1";"3";"D6";"48,9675780000";" -0,4104790000"
"202100032545";"20";"06";"2021";"19:30";"1";"24";"24329";"2";"1";"1";"7";"Route du Desert";"45,0471270000";"0,1007760000"
"202100032546";"24";"06";"2021";"13:50";"1";"26";"26301";"1";"3";"2";"3";"Route de Romans";"45,1196520000";"4,9972720000"
"202100032547";"21";"06";"2021";"20:36";"2";"10";"10081";"1";"1";"1";"2";"D610";"48,3297280000";"4,0448250000"
"202100032548";"25";"06";"2021";"04:00";"3";"26";"26337";"1";"1";"1";"2";"Autoroute du Soleil";"44,7162980000";"4,7851580000"
"202100032549";"24";"06";"2021";"21:45";"3";"63";"63427";"1";"1";"1";"7";"D403";"45,9612790000";"3,0785110000"
"202100032550";"23";"06";"2021";"12:30";"1";"83";"83036";"1";"9";"1";"6";"D559";"43,1850820000";"6,5451530000"
"202100032551";"24";"06";"2021";"16:45";"1";"35";"35012";"1";"1";"1";"6";"N137";"47,8189030000";" -1,6891540000"
"202100032552";"25";"06";"2021";"16:35";"1";"42";"42036";"1";"1";"1";"2";"830 MontÃ©e des Roches";"45,5307300000";"4,5584250000"
"202100032553";"25";"06";"2021";"13:50";"1";"63";"63055";"1";"1";"1";"6";" A89----329+400";"45,8332250000";"2,8157620000"
"202100032554";"24";"06";"2021";"06:05";"3";"30";"30191";"1";"6";"1";"6";"Route Nationale 580";"44,1331270000";"4,6730520000"
"202100032555";"21";"06";"2021";"19:30";"1";"30";"30092";"1";"1";"8";"6";"D6086";"44,0960810000";"4,5990930000"
"202100032556";"25";"06";"2021";"00:20";"5";"51";"51662";"2";"1";"1";"7";"Avenue des Nelmonts";"49,2881190000";"4,1107620000"
"202100032557";"16";"04";"2021";"19:30";"1";"19";"19123";"1";"9";"1";"3";"D44";"45,1832070000";"1,5798880000"
"202100032558";"22";"06";"2021";"16:00";"1";"79";"79127";"1";"2";"1";"3";"Route du ChÃ¢teau dâEau";"46,1980090000";" -0,4922870000"
"202100032559";"24";"06";"2021";"16:16";"1";"2B";"2B165";"1";"1";"1";"7";"D51";"42,5046930000";"8,8137390000"
"202100032560";"24";"06";"2021";"01:30";"5";"80";"80561";"2";"1";"1";"6";"Rue Maurice Leconte";"49,6442560000";"2,5628720000"
"202100032561";"5";"06";"2021";"08:23";"1";"69";"69248";"1";"1";"2";"1";"REGNY (DE) (RTE)";"46,0253360000";"4,2866640000"
"202100032562";"25";"06";"2021";"10:30";"1";"63";"63295";"2";"1";"1";"3";"rue du commerce";"46,0139300000";"3,3535230000"
"202100032563";"24";"06";"2021";"11:00";"1";"49";"49217";"1";"1";"1";"6";"Lieu dit Le Trefle";"47,6488100000";" -0,7094760000"
"202100032564";"25";"06";"2021";"06:55";"1";"39";"39397";"1";"1";"1";"1";"N/A";"46,5026450000";"5,6555720000"
"202100032565";"25";"06";"2021";"14:22";"1";"29";"29015";"1";"2";"2";"3";"Le Narret";"48,4947690000";" -4,4670280000"
"202100032566";"24";"06";"2021";"20:01";"1";"01";"01266";"1";"1";"1";"1";"Route de Macon";"46,3322180000";"5,1067370000"
"202100032567";"23";"06";"2021";"10:15";"1";"01";"01457";"2";"2";"1";"3";"Rue des Erables";"46,2293200000";"4,9928410000"
"202100032568";"11";"06";"2021";"12:20";"1";"58";"58134";"2";"1";"1";"6";"Rue Paul Vaillant Couturier";"46,9275130000";"3,2625320000"
"202100032569";"25";"06";"2021";"10:30";"1";"54";"54306";"1";"1";"1";"1";"D400";"48,6831550690";"5,7772421838"
"202100032570";"22";"06";"2021";"07:35";"1";"06";"06079";"2";"6";"1";"3";"Avenue de la Mer";"43,5345250000";"6,9455240000"
"202100032571";"24";"06";"2021";"16:30";"1";"50";"50388";"1";"1";"1";"2";"Rue du Mont Cesar";"49,0160260000";" -1,5083910000"
"202100032572";"16";"06";"2021";"18:45";"1";"60";"60421";"1";"1";"1";"1";"N/A";"49,1846770000";"2,6410960000"
"202100032573";"25";"06";"2021";"06:15";"2";"60";"60248";"2";"1";"1";"2";"D315";"49,7356480000";"1,8237890000"
"202100032574";"24";"06";"2021";"19:15";"1";"60";"60076";"1";"1";"1";"7";"D7";"49,6779416844";"1,7940268920"
"202100032575";"25";"06";"2021";"01:10";"5";"64";"64256";"2";"4";"1";"7";"Route de l Arberoue";"43,3894640000";" -1,3027380000"
"202100032576";"24";"06";"2021";"23:15";"3";"18";"18004";"1";"1";"1";"6";"Les Delas";"47,2240280000";"2,2678770000"
"202100032577";"25";"06";"2021";"01:00";"3";"07";"07122";"1";"1";"1";"6";"D103, hameau de coustillon";"44,5625080000";"4,3404850000"
"202100032578";"25";"06";"2021";"18:15";"1";"07";"07198";"1";"1";"1";"7";"D86";"44,7812080499";"4,7656363249"
"202100032579";"23";"06";"2021";"18:00";"1";"24";"24025";"1";"1";"1";"7";"route de la tremouille";"45,1076620000";"1,0566940000"
"202100032580";"24";"06";"2021";"16:40";"1";"24";"24019";"1";"1";"7";"6";"Chemin des Veyrinas";"45,1507870000";"1,1050560000"
"202100032581";"23";"06";"2021";"07:44";"1";"17";"17434";"1";"2";"8";"3";"D209";"46,1225710000";" -0,7146260000"
"202100032582";"24";"06";"2021";"22:45";"3";"17";"17337";"2";"1";"1";"3";"Route du MarchÃ©";"45,9724660000";" -1,3755450000"
"202100032583";"23";"06";"2021";"06:40";"1";"30";"30062";"1";"3";"1";"6";"D40";"43,7799360000";"4,1958000000"
"202100032584";"25";"06";"2021";"17:45";"1";"30";"30341";"2";"1";"1";"3";"Chemin d Aubord";"43,7093930000";"4,2835950000"
"202100032585";"24";"06";"2021";"17:40";"1";"30";"30263";"2";"9";"1";"3";"Place de la Couronne";"43,9606190000";"3,8582070000"
"202100032586";"25";"06";"2021";"17:20";"1";"52";"52110";"1";"1";"1";"2";"4 Route de Baudrecourt";"48,3875680000";"4,9852400000"
"202100032587";"23";"06";"2021";"15:45";"1";"08";"08281";"2";"1";"1";"6";"3 Route de Pure";"49,6675200000";"5,1924110000"
"202100032588";"21";"06";"2021";"09:40";"1";"08";"08067";"2";"9";"2";"6";"43 Route Nationale";"49,6223050000";"5,1852040000"
"202100032589";"17";"06";"2021";"18:35";"1";"08";"08067";"2";"1";"1";"2";"Route Nationale";"49,6215000000";"5,1869730000"
"202100032590";"24";"06";"2021";"12:09";"1";"88";"88496";"1";"2";"1";"3";"AU NIVEAU DE LA CROIX ST NICOLAS DIRECTION AUZAINVILLERS";"48,2245300000";"5,8174060000"
"202100032591";"24";"06";"2021";"10:30";"1";"67";"67388";"2";"1";"1";"6";"Rue des Roses";"48,9301850000";"7,6640850000"
"202100032592";"24";"06";"2021";"18:40";"1";"06";"06085";"2";"1";"1";"3";"559 Avenue de Tournamy";"43,6020010000";"6,9863180000"
"202100032593";"24";"06";"2021";"16:35";"1";"39";"39387";"1";"1";"1";"7";"N/A";"46,9830700000";"5,5056530000"
"202100032594";"25";"06";"2021";"17:00";"1";"85";"85047";"2";"1";"1";"6";"Rue de l Herseau";"46,8527520000";" -1,8768490000"
"202100032595";"24";"06";"2021";"22:55";"3";"67";"67033";"1";"9";"1";"6";"A340";"48,7484360000";"7,6840410000"
"202100032596";"25";"06";"2021";"15:27";"1";"06";"06088";"1";"1";"1";"5";"A8 PK 196.520 NORD";"43,7346780000";"7,2531220000"
"202100032597";"24";"06";"2021";"10:05";"1";"30";"30344";"1";"1";"1";"2";"Autoroute A9, Point kilomÃ©trique 069.500";"43,7486530000";"4,2073770000"
"202100032598";"21";"06";"2021";"09:50";"1";"30";"30123";"1";"1";"1";"4";"A9 / PK 73+600 / Sens NMES/MTP";"43,7247310000";"4,1695480000"
"202100032599";"24";"06";"2021";"18:40";"3";"987";"98722";"1";"1";"2";"3";"PK 31+900";" -17,5653610000";" -149,3274590000"
"202100032600";"24";"06";"2021";"19:00";"1";"971";"97134";"2";"1";"1";"1";"Route du Bouchu";"16,0651390000";" -61,7610990000"
"202100032601";"20";"06";"2021";"16:08";"1";"77";"77193";"1";"2";"1";"3";"intersection RD9 et RD 127A";"49,0548820000";"2,8478410000"
"202100032602";"25";"06";"2021";"12:50";"1";"77";"77168";"2";"1";"1";"7";"D219";"48,1797590000";"2,8730330000"
"202100032603";"24";"06";"2021";"21:30";"2";"30";"30139";"1";"1";"1";"7";"RD 263";"44,1319330000";"3,4014490000"
"202100032604";"12";"06";"2021";"22:30";"3";"67";"67350";"1";"6";"1";"6";"D451";"48,5917670000";"7,6458840000"
"202100032605";"25";"06";"2021";"16:30";"1";"73";"73114";"1";"1";"1";"6";"D909 Rte des Aravis";"45,8393090000";"6,5082510000"
"202100032606";"24";"06";"2021";"23:45";"5";"07";"07127";"2";"1";"1";"6";"2, bis rue des Ã©coles";"44,6448840000";"4,3254210000"
"202100032607";"24";"06";"2021";"19:00";"1";"69";"69069";"2";"3";"1";"1";"PIERRE DUMOND (AV)";"45,7473120000";"4,7136070000"
"202100032608";"13";"06";"2021";"12:45";"1";"19";"19101";"1";"1";"1";"6";"Le CHAMBON, Avenue du MAS";"45,2493130000";"1,7842050000"
"202100032609";"24";"06";"2021";"18:00";"1";"33";"33056";"2";"1";"1";"7";"Rue Louis Pasteur";"44,9126480000";" -0,6412200000"
"202100032610";"24";"06";"2021";"20:00";"1";"72";"72025";"1";"1";"1";"3";"Le Petit Bel Air (CrÃ©-sur-Loir)";"47,6450180000";" -0,1205480000"
"202100032611";"24";"06";"2021";"13:45";"1";"14";"14258";"2";"1";"1";"2";"D6";"48,9063040000";" -0,2083070000"
"202100032612";"25";"06";"2021";"05:10";"2";"27";"27188";"1";"1";"1";"1";"D321";"49,3043560000";"1,1107720000"
"202100032613";"23";"06";"2021";"09:00";"1";"13";"13070";"1";"1";"1";"2";"A50-Sens Aubagne vers Marseille";"43,2853000000";"5,5152000000"
"202100032614";"23";"06";"2021";"08:20";"1";"13";"13055";"1";"1";"1";"2";"A507 sens Aubagne- Marseille";"43,3300200000";"5,4020600000"
"202100032615";"22";"06";"2021";"21:20";"2";"13";"13071";"1";"1";"1";"1";"A7-Sens Lyon vers Marseille";"43,4181800000";"5,2734300000"
"202100032616";"24";"06";"2021";"17:00";"1";"91";"91689";"1";"1";"1";"2";"AUTOROUTE A6";"48,7296500000";"2,3147800000"
"202100032617";"24";"06";"2021";"14:15";"1";"91";"91339";"1";"9";"1";"6";"RN 104";"48,6267600000";"2,2618700000"
"202100032618";"24";"06";"2021";"19:00";"1";"92";"92036";"1";"1";"1";"5";"A86";"48,9360068665";"2,2884313862"
"202100032619";"24";"06";"2021";"10:00";"1";"95";"95018";"1";"1";"1";"3";"A15";"48,9579200000";"2,2751300000"
"202100032620";"10";"06";"2021";"17:00";"1";"93";"93063";"1";"1";"1";"4";"AUTOROUTE A3";"48,8784431814";"2,4471399250"
"202100032621";"24";"06";"2021";"00:50";"3";"93";"93010";"1";"1";"1";"6";"AUTOROUTE A3";"48,9089551424";"2,4737470043"
"202100032622";"24";"06";"2021";"01:10";"3";"93";"93010";"1";"1";"1";"2";"AUTOROUTE A3";"48,9087400000";"2,4737700000"
"202100032623";"24";"06";"2021";"00:30";"3";"93";"93007";"1";"1";"1";"4";"AUTOROUTE A1";"48,9554100000";"2,4585600000"
"202100032624";"23";"06";"2021";"19:30";"1";"93";"93053";"1";"1";"1";"3";"AUTOROUTE A3";"48,8975200000";"2,4697700000"
"202100032625";"23";"06";"2021";"15:00";"1";"95";"95572";"1";"1";"1";"6";"RN 184";"49,0354400000";"2,1163400000"
"202100032626";"23";"06";"2021";"11:30";"1";"93";"93064";"1";"1";"1";"2";"AUTOROUTE A86";"48,8830400000";"2,4706000000"
"202100032627";"24";"06";"2021";"08:20";"1";"94";"94081";"1";"1";"1";"4";"A86 INT";"48,7752800000";"2,4118100000"
"202100032628";"23";"06";"2021";"23:35";"5";"94";"94073";"1";"1";"1";"7";"A86 EXT";"48,7708355223";"2,3878942557"
"202100032629";"20";"04";"2021";"17:05";"1";"29";"29166";"1";"1";"1";"1";"Roz Al Len Izella";"48,1600850000";" -4,2499070000"
"202100032630";"23";"06";"2021";"07:30";"1";"976";"97611";"2";"9";"1";"6";"cavani-Rond point du Baobab";" -12,7844300000";"45,2238600000"
"202100032631";"21";"06";"2021";"14:05";"1";"89";"89024";"2";"1";"1";"6";"MARINE (QUAI DE LA)";"47,7984400000";"3,5744200000"
"202100032632";"19";"06";"2021";"18:30";"1";"33";"33009";"2";"3";"8";"6";"Rue Roger Expert";"44,6624800000";" -1,1697500000"
"202100032633";"23";"06";"2021";"19:10";"1";"29";"29019";"2";"3";"1";"6";"Rue de la Villeneuve";"48,4108100000";" -4,4598000000"
"202100032634";"23";"06";"2021";"10:30";"1";"974";"97411";"2";"1";"2";"6";"JAURES (BOULEVARD JEAN)";" -20,9000300000";"55,5067800000"
"202100032635";"22";"06";"2021";"10:50";"1";"974";"97411";"1";"1";"1";"2";"LITTORAL (ROUTE 1 DU)";" -20,8760100000";"55,4330200000"
"202100032636";"22";"06";"2021";"07:00";"1";"974";"97409";"1";"9";"2";"1";"Route de Salazie";" -20,9785320000";"55,6360390000"
"202100032637";"23";"06";"2021";"10:50";"1";"69";"69387";"2";"2";"1";"2";"JEAN JAURES                         (AV)";"45,7473141509";"4,8431666493"
"202100032638";"14";"06";"2021";"11:50";"1";"69";"69387";"2";"2";"1";"6";"DOMER (R)";"45,7478400000";"4,8514300000"
"202100032639";"22";"06";"2021";"19:28";"3";"972";"97213";"1";"1";"1";"6";"ROUTE DEPARTEMENTALE 14";"14,6194820589";" -61,0219448805"
"202100032640";"23";"06";"2021";"23:30";"5";"69";"69142";"2";"4";"8";"7";"STEPHANE DECHANT (R)";"45,7289700000";"4,8155600000"
"202100032641";"23";"06";"2021";"10:25";"1";"69";"69382";"2";"7";"1";"6";"BELLECOUR (PL)";"45,7582000000";"4,8332000000"
"202100032642";"23";"06";"2021";"01:25";"5";"95";"95018";"2";"1";"1";"3";"STALINGRAD (AVENUE DE)";"48,9533110000";"2,2700690000"