"Num_Acc";"jour";"mois";"an";"hrmn";"lum";"dep";"com";"agg";"int";"atm";"col";"adr";"lat";"long"
"202100032643";"16";"06";"2021";"13:30";"1";"91";"91174";"2";"1";"1";"6";"QUAI MAUZAISSE";"48,6130800000";"2,4834300000"
"202100032644";"22";"06";"2021";"16:15";"1";"91";"91223";"1";"1";"1";"7";"RUE DU LT COLONEL ARNAUD BELTRAME";"48,4480700000";"2,1389600000"
"202100032645";"11";"06";"2021";"16:50";"1";"84";"84080";"1";"1";"1";"3";"PERNES ROUTE DE";"44,0231500000";"5,0205400000"
"202100032646";"24";"06";"2021";"00:20";"5";"83";"83137";"1";"1";"1";"3";"MIRASOULEOU (AVE)";"43,1329700000";"5,9817200000"
"202100032647";"23";"06";"2021";"16:59";"1";"83";"83069";"1";"1";"1";"7";"PIERREFEU (ROUTE DE) RD 12";"43,1517500000";"6,1433700000"
"202100032648";"22";"06";"2021";"08:15";"1";"80";"80021";"2";"1";"1";"2";"SAINT FUSCIEN (RUE)";"49,8831100000";"2,3042700000"
"202100032649";"20";"06";"2021";"12:07";"1";"80";"80021";"2";"1";"1";"3";"BEAUVILLE CENTRE (BOULEVARD)";"49,8985500000";"2,3121200000"
"202100032650";"20";"06";"2021";"08:30";"1";"80";"80021";"2";"1";"1";"6";"TRENTE ET UN AOUT 1944 (RUE DU)";"49,8827700000";"2,3264900000"
"202100032651";"18";"06";"2021";"18:04";"1";"80";"80489";"1";"6";"1";"2";"JEAN BAPTISTE DELAMBRE (RUE)";"49,8715929833";"2,3671245575"
"202100032652";"18";"06";"2021";"21:05";"1";"80";"80021";"2";"1";"1";"6";"VERDUN (RUE DE )";"49,8944000000";"2,3094100000"
"202100032653";"23";"06";"2021";"21:38";"2";"76";"76540";"2";"1";"1";"2";"BOISGUILBERT. QUAI DE";"49,4408300000";"1,0816600000"
"202100032654";"22";"06";"2021";"17:40";"1";"72";"72181";"2";"1";"1";"2";"CLEMENCEAU GEORGES ( BD) NÂ° PAIRS";"47,9807000000";"0,2170000000"
"202100032655";"22";"06";"2021";"15:15";"1";"72";"72181";"2";"1";"1";"6";"MAILLETS (RUE DES) IMP 37 A 159";"48,0162800000";"0,2150300000"
"202100032656";"23";"06";"2021";"19:30";"1";"71";"71076";"1";"2";"1";"3";"Avenue Pierre Mendes France";"46,7749100000";"4,8368300000"
"202100032657";"23";"06";"2021";"11:10";"1";"69";"69256";"2";"3";"1";"3";"MAURICE AUDIN (R)";"45,7790600000";"4,9221400000"
"202100032658";"23";"06";"2021";"09:07";"1";"69";"69264";"2";"9";"1";"6";"GANTILLON  (R)";"45,9940000000";"4,7212200000"
"202100032659";"22";"06";"2021";"22:34";"5";"67";"67482";"2";"8";"1";"3";"JEAN JAURES (AVENUE)";"48,5682290000";"7,7680590000"
"202100032660";"23";"06";"2021";"19:30";"1";"64";"64024";"2";"6";"3";"7";"BAHINOS (ROND POINT DE)";"43,4941400000";" -1,5181600000"
"202100032661";"23";"06";"2021";"13:00";"1";"64";"64102";"2";"2";"3";"3";"NOVEMBRE (RUE DU ONZE)";"43,4926500000";" -1,4786100000"
"202100032662";"22";"06";"2021";"17:44";"1";"63";"63113";"2";"1";"1";"6";"MICHELIN (AVENUE EDOUARD)";"45,7814900000";"3,1026400000"
"202100032663";"22";"06";"2021";"08:04";"1";"63";"63113";"2";"3";"2";"3";"CHANELLES (RUE DES)";"45,7914000000";"3,0766800000"
"202100032664";"22";"06";"2021";"16:40";"1";"56";"56083";"2";"4";"1";"3";"PASTEUR ( AVENUE )";"47,8052900000";" -3,2869900000"
"202100032665";"23";"06";"2021";"07:50";"1";"55";"55545";"2";"3";"1";"3";"JULES FERRY ( AVENUE )";"49,1491450000";"5,3930310000"
"202100032666";"18";"06";"2021";"13:00";"1";"55";"55545";"2";"3";"1";"7";"Cour Clouet";"49,1586532127";"5,3842178988"
"202100032667";"21";"06";"2021";"08:20";"1";"50";"50129";"2";"4";"2";"6";"CONQUERANT (BOULEVARD GUILLAUME LE)";"49,6452400000";" -1,6380200000"
"202100032668";"23";"06";"2021";"08:47";"1";"49";"49007";"2";"1";"1";"7";"PORTET BOULEVARD";"47,4498400000";" -0,5582600000"
"202100032669";"23";"06";"2021";"17:00";"1";"35";"35238";"2";"3";"1";"6";"TILLON (AVENUE CHARLES)";"48,1247500000";" -1,7031800000"
"202100032670";"23";"06";"2021";"14:45";"1";"35";"35238";"2";"3";"1";"3";"SAINT-JEAN BAPTISTE DE LA SALLE";"48,1146600000";" -1,7009500000"
"202100032671";"22";"06";"2021";"10:45";"1";"34";"34172";"2";"1";"1";"3";"ABRIVADO (RUE DE L')";"43,5894500000";"3,8886500000"
"202100032672";"23";"06";"2021";"10:00";"1";"33";"33318";"2";"1";"1";"6";"Rue de lâEstragon";"44,7987000000";" -0,6442000000"
"202100032673";"20";"06";"2021";"19:20";"1";"29";"29232";"1";"1";"2";"6";"Boulevard Ergue Armel";"47,9842900000";" -4,0741200000"
"202100032674";"22";"06";"2021";"18:02";"1";"29";"29232";"2";"1";"1";"3";"Route de Benodet";"47,9341525524";" -4,0692114828"
"202100032675";"14";"06";"2021";"17:15";"1";"28";"28085";"2";"1";"1";"1";"SAINT BRICE  PLACE";"48,4377700000";"1,4935100000"
"202100032676";"23";"06";"2021";"08:50";"1";"26";"26362";"2";"1";"1";"3";"92 Rue Montplaisir";"44,9300300000";"4,9083500000"
"202100032677";"23";"06";"2021";"12:30";"1";"26";"26198";"2";"1";"1";"3";"92 Route du Teil";"44,5570700000";"4,7292200000"
"202100032678";"23";"06";"2021";"16:12";"1";"25";"25056";"2";"2";"3";"6";"CHOPIN RUE FREDERIC";"47,2626200000";"6,0404800000"
"202100032679";"18";"06";"2021";"15:45";"1";"18";"18279";"2";"1";"1";"1";"FONDEREAUX (CHEMIN DES)";"47,2100000000";"2,1100000000"
"202100032680";"23";"06";"2021";"18:00";"1";"13";"13209";"2";"9";"1";"3";"ROY D'ESPAGNE (CHEMIN)";"43,2353800000";"5,3991700000"
"202100032681";"23";"06";"2021";"14:35";"1";"13";"13209";"2";"1";"1";"3";"SAINTE MARGUERITE (BOULEVARD)";"43,2694300000";"5,4024300000"
"202100032682";"23";"06";"2021";"13:04";"1";"13";"13075";"2";"1";"1";"3";"SARNICO (RP)";"43,3420000000";"5,4600000000"
"202100032683";"21";"06";"2021";"21:05";"2";"13";"13002";"2";"7";"1";"6";"DES TERMES (ROUTE) RD 908";"43,3651196811";"5,5002645097"
"202100032684";"23";"06";"2021";"07:05";"1";"13";"13212";"2";"1";"1";"3";"CHARLES KADDOUZ (RUE)";"43,3142150981";"5,4323767406"
"202100032685";"22";"06";"2021";"21:48";"5";"13";"13210";"2";"1";"1";"3";"CAPELETTE (AVENUE DE LA)";"43,2798700000";"5,4098700000"
"202100032686";"23";"06";"2021";"01:00";"5";"13";"13208";"2";"1";"1";"1";"RABATAU (BOULEVARD)";"43,2765300000";"5,3976700000"
"202100032687";"22";"06";"2021";"08:30";"1";"13";"13210";"2";"1";"1";"3";"ROMAIN ROLLAND (BOULEVARD)";"43,2763695361";"5,4181147376"
"202100032688";"23";"06";"2021";"11:25";"1";"06";"06069";"2";"1";"1";"2";"MISTRAL (AVENUE ET PLACE FREDERIC)";"43,6502600000";"6,9224100000"
"202100032689";"22";"06";"2021";"10:15";"1";"05";"05061";"2";"1";"1";"7";"BOUTONS D'OR ( RUE DES )";"44,5461900000";"6,0615800000"
"202100032690";"23";"06";"2021";"12:50";"1";"01";"01053";"2";"2";"1";"6";"MAGINOT ( AVENUE) COTE PAIR";"46,2087968529";"5,2275583148"
"202100032691";"23";"06";"2021";"16:50";"1";"75";"75116";"2";"1";"1";"3";"BOULEVARD PERIPHERIQUE";"48,8635000000";"2,2659220000"
"202100032692";"23";"06";"2021";"11:00";"1";"75";"75118";"2";"1";"8";"3";"PORTE DE SAINT OUEN";"48,9008470000";"2,3344370000"
"202100032693";"23";"06";"2021";"07:20";"1";"75";"75113";"2";"1";"8";"3";"BOULEVARD PERIPHERIQUE";"48,8253570000";"2,3853880000"
"202100032694";"20";"06";"2021";"18:00";"1";"75";"75119";"2";"4";"1";"4";"PORTE DES LILAS";"48,8807490000";"2,4051640000"
"202100032695";"23";"06";"2021";"22:25";"5";"75";"75120";"2";"1";"8";"2";"AVENUE IBSEN";"48,8660240000";"2,4121840000"
"202100032696";"23";"06";"2021";"20:30";"2";"75";"75120";"2";"1";"1";"6";"RUE VILLIERS DE L ISLE ADAM";"48,8660580000";"2,3947180000"
"202100032697";"23";"06";"2021";"14:58";"1";"75";"75120";"2";"3";"1";"3";"RUE HARPIGNIES";"48,8588290000";"2,4115270000"
"202100032698";"23";"06";"2021";"12:56";"1";"75";"75118";"2";"3";"8";"2";"RUE GERMAIN PILON";"48,8828620000";"2,3361830000"
"202100032699";"22";"06";"2021";"18:40";"1";"75";"75116";"2";"3";"1";"2";"RUE RAYNOUARD";"48,8567890000";"2,2824720000"
"202100032700";"23";"06";"2021";"20:45";"1";"75";"75115";"2";"2";"1";"3";"RUE DE L ABBE GROULT";"48,8371800000";"2,3001390000"
"202100032701";"22";"06";"2021";"09:35";"1";"75";"75115";"2";"2";"1";"3";"RUE DE VAUGIRARD";"48,8327120000";"2,2883910000"
"202100032702";"22";"06";"2021";"23:09";"5";"75";"75113";"2";"2";"1";"3";"AVENUE DE LA PORTE D ITALIE";"48,8191610000";"2,3594330000"
"202100032703";"22";"06";"2021";"10:50";"1";"75";"75113";"2";"1";"1";"2";"RUE BRILLAT SAVARIN";"48,8221810000";"2,3486920000"
"202100032704";"23";"06";"2021";"06:25";"2";"75";"75112";"2";"2";"1";"3";"BOULEVARD DIDEROT";"48,8473400000";"2,3867920000"
"202100032705";"23";"06";"2021";"10:05";"1";"75";"75110";"2";"1";"1";"7";"RUE DU CHATEAU D EAU";"48,8707960000";"2,3589890000"
"202100032706";"23";"06";"2021";"08:25";"1";"75";"75110";"2";"3";"2";"3";"RUE DU FAUBOURG SAINT MARTIN";"48,8803960000";"2,3643050000"
"202100032707";"23";"06";"2021";"17:45";"1";"75";"75101";"2";"3";"8";"6";"RUE DE RIVOLI";"48,8594760000";"2,3451830000"
"202100032708";"23";"06";"2021";"17:25";"1";"94";"94067";"2";"1";"1";"3";"Avenue des Minimes";"48,8416914707";"2,4260687828"
"202100032709";"23";"06";"2021";"14:10";"1";"94";"94078";"2";"1";"1";"1";"PARIS (R DE)";"48,7356600000";"2,4468300000"
"202100032710";"23";"06";"2021";"18:30";"1";"94";"94076";"2";"9";"8";"3";"STALINGRAD (AV DE)";"48,7843530000";"2,3669690000"
"202100032711";"23";"06";"2021";"20:40";"1";"94";"94034";"2";"1";"1";"6";"Rue Emile Zola";"48,7640010000";"2,3277940000"
"202100032712";"23";"06";"2021";"20:30";"1";"94";"94033";"2";"1";"1";"6";"PABLO PICASSO (AV)";"48,8562000000";"2,4860000000"
"202100032713";"20";"06";"2021";"20:30";"1";"94";"94028";"2";"1";"3";"2";"Route de Choisy";"48,7808030000";"2,4448430000"
"202100032714";"22";"06";"2021";"18:50";"1";"94";"94079";"2";"1";"1";"2";"Route de Bry";"48,8316400000";"2,5339500000"
"202100032715";"23";"06";"2021";"18:05";"1";"94";"94018";"2";"1";"1";"3";"PARIS (R DE)";"48,8166600000";"2,4166700000"
"202100032716";"23";"06";"2021";"16:50";"1";"93";"93064";"2";"1";"8";"6";"KENNEDY (AVENUE DU PRESIDENT)";"48,8809800000";"2,4947600000"
"202100032717";"23";"06";"2021";"19:00";"1";"93";"93062";"2";"3";"1";"3";"Avenue de la RÃ©sistance / AllÃ©e Gabriel";"48,8976500000";"2,5159700000"
"202100032718";"23";"06";"2021";"10:55";"1";"93";"93027";"2";"2";"1";"3";"PASTEUR (BOULEVARD) DE 1 A 39";"48,9209878155";"2,3831098527"
"202100032719";"23";"06";"2021";"09:30";"1";"93";"93005";"2";"2";"8";"3";"POMEREU (AVENUE DE)";"48,9254400000";"2,4933100000"
"202100032720";"22";"06";"2021";"23:00";"5";"93";"93027";"2";"9";"1";"1";"MERMOZ (AVENUE JEAN)";"48,9320660000";"2,3994150000"
"202100032721";"16";"06";"2021";"02:30";"5";"92";"92075";"2";"1";"1";"6";"JEAN BAPTISTE POTIN (RUE)";"48,8173957025";"2,2769010812"
"202100032722";"23";"06";"2021";"17:50";"1";"92";"92050";"2";"2";"1";"3";"REPUBLIQUE AVENUE DE LA";"48,9051551468";"2,2094616294"
"202100032723";"23";"06";"2021";"06:45";"2";"92";"92050";"2";"2";"8";"2";"FRANCE ANATOLE RUE";"48,9035933811";"2,2052331269"
"202100032724";"23";"06";"2021";"19:30";"1";"92";"92044";"2";"9";"1";"6";"JEAN JAURES(RUE) 1A55 ET 2A54";"48,8930492497";"2,2943047943"
"202100032725";"16";"06";"2021";"10:45";"1";"92";"92040";"2";"1";"1";"6";"STALINGRAD (QUAI DE)";"48,8250500000";"2,2576800000"
"202100032726";"23";"06";"2021";"18:21";"1";"92";"92024";"2";"3";"1";"3";"HENRI BARBUSSE (RUE) DE (73 A 139)";"48,9028400000";"2,3122800000"
"202100032727";"23";"06";"2021";"21:20";"1";"92";"92012";"2";"2";"1";"3";"REINE (ROUTE DE LA) 39/107 BIS";"48,8391087785";"2,2468355298"
"202100032728";"23";"06";"2021";"15:40";"1";"92";"92002";"2";"1";"1";"1";"LEON JOUHAUX (AVENUE)";"48,7343990000";"2,3115340000"
"202100032729";"24";"06";"2021";"06:30";"3";"974";"97415";"1";"1";"1";"7";"D100";" -21,0750600000";"55,2302350000"
"202100032730";"24";"06";"2021";"01:25";"3";"38";"38324";"1";"1";"8";"6";"Route de champier, D51";"45,3965590000";"5,0516300000"
"202100032731";"20";"06";"2021";"17:20";"1";"63";"63311";"1";"1";"2";"7";"D12";"46,0412660000";"3,1314580000"
"202100032732";"23";"06";"2021";"02:30";"3";"63";"63311";"1";"1";"1";"6";"D12";"46,0394590000";"3,1398690000"
"202100032733";"23";"06";"2021";"06:45";"2";"28";"28006";"1";"1";"8";"1";"D923";"48,4363480000";"1,4192960000"
"202100032734";"23";"06";"2021";"17:25";"1";"01";"01322";"1";"1";"1";"6";"Montee des Balmes";"45,9406760000";"4,8096190000"
"202100032735";"24";"06";"2021";"15:15";"1";"21";"21087";"1";"1";"1";"1";"autoroute A6";"47,1204900000";"4,7036930000"
"202100032736";"24";"06";"2021";"13:25";"1";"22";"22190";"1";"1";"1";"2";"RN 176 - PR : 06+200";"48,5161780000";" -2,0388650000"
"202100032737";"24";"06";"2021";"18:40";"2";"974";"97410";"2";"1";"1";"3";"Chemin Departemental 53 Olympe";" -21,0416190000";"55,6629290000"
"202100032738";"24";"06";"2021";"01:15";"3";"57";"57096";"1";"1";"1";"7";"RD59";"49,3854190000";"5,9468330000"
"202100032739";"23";"06";"2021";"18:45";"1";"19";"19126";"1";"1";"1";"1";"RD 15 PK 18 400 CROISSANT";"45,0484058838";"1,7437955885"
"202100032740";"23";"06";"2021";"13:40";"1";"56";"56160";"1";"2";"1";"4";"D764";"47,9793800000";" -2,6864790000"
"202100032741";"22";"06";"2021";"10:20";"1";"56";"56233";"1";"1";"1";"6";"Rue de l'OcÃ©an D28";"47,5856730000";" -3,0160050000"
"202100032742";"23";"06";"2021";"17:15";"1";"79";"79003";"1";"1";"1";"5";"Le Portail Rouge";"46,2870540000";" -0,4531860000"
"202100032743";"24";"06";"2021";"20:00";"2";"2B";"2B046";"1";"1";"1";"1";"Porticciolo";"42,8673420000";"9,4809810000"
"202100032744";"24";"06";"2021";"00:00";"5";"69";"69085";"2";"3";"1";"7";"ANCIENNE EGLISE (DE L') (R)";"45,8574770000";"4,8454750000"
"202100032745";"19";"06";"2021";"21:05";"2";"32";"32027";"2";"3";"1";"6";"Boulevard du Midi";"43,7017840000";" -0,2368610000"
"202100032746";"23";"06";"2021";"11:20";"1";"32";"32233";"2";"2";"2";"3";"R Notre Dame";"43,5252440000";"0,1645940000"
"202100032747";"23";"06";"2021";"10:30";"1";"63";"63066";"1";"1";"1";"1";"La Gare de Celles";"45,8672080000";"3,6428310000"
"202100032748";"23";"06";"2021";"15:50";"1";"63";"63430";"2";"1";"3";"5";"73 Avenue LÃ©o Lagrange";"45,8468151929";"3,5276315510"
"202100032749";"23";"06";"2021";"11:00";"1";"63";"63229";"1";"2";"1";"3";"Vassel (route de)";"45,7771620000";"3,3504220000"
"202100032750";"15";"06";"2021";"14:05";"1";"61";"61328";"1";"1";"1";"7";"Lieu Dit la Hameliniere";"48,7438810000";"0,1204850000"
"202100032751";"22";"06";"2021";"13:30";"1";"42";"42153";"1";"1";"1";"7";"N7";"45,9661260000";"4,1645640000"
"202100032752";"21";"06";"2021";"09:50";"1";"46";"46145";"1";"1";"2";"3";"Route de Brive";"44,9026780000";"1,4777340000"
"202100032753";"20";"06";"2021";"14:55";"1";"41";"41161";"2";"1";"1";"6";"Rue de la Grande Sologne";"47,5352500000";"2,0433410000"
"202100032754";"23";"06";"2021";"09:34";"1";"29";"29246";"1";"1";"1";"6";"Lieu-Dit Kerivoal";"48,3686920000";" -4,1582050000"
"202100032755";"22";"06";"2021";"17:00";"1";"22";"22271";"1";"2";"2";"3";"Pen Lan";"48,4801760000";" -3,1325200000"
"202100032756";"23";"06";"2021";"10:00";"1";"25";"25015";"1";"1";"1";"2";"plaine d'AMANCEY";"47,0356630000";"6,0750100000"
"202100032757";"23";"06";"2021";"16:50";"1";"38";"38269";"2";"1";"2";"6";"Avenue Chion Ducollet";"44,9043320000";"5,7868440000"
"202100032758";"23";"06";"2021";"08:50";"1";"58";"58300";"2";"1";"1";"6";"145 Rue du Champ de la Croix";"47,0811770000";"3,1993170000"
"202100032759";"23";"06";"2021";"12:45";"1";"72";"72248";"1";"1";"1";"6";"Chemin de Saint-Mars-d'OutillÃ©";"47,8463700000";"0,4006420000"
"202100032760";"24";"06";"2021";"10:15";"1";"06";"06136";"1";"1";"1";"3";"d83  pk 2,7";"43,8882590000";"7,4906640000"
"202100032761";"24";"06";"2021";"06:00";"1";"14";"14654";"1";"2";"1";"3";"D16";"49,0299760000";" -0,0255290000"
"202100032762";"23";"06";"2021";"13:00";"1";"14";"14303";"1";"1";"1";"3";"D613";"49,1446010000";"0,3020490000"
"202100032763";"24";"06";"2021";"14:00";"1";"14";"14085";"1";"1";"1";"6";"D534";"49,2728400000";"0,3446400000"
"202100032764";"23";"06";"2021";"18:45";"1";"83";"83149";"1";"1";"1";"6";"D557";"43,5563780000";"6,3017320000"
"202100032765";"23";"06";"2021";"12:10";"1";"16";"16276";"1";"1";"1";"1";"Lieu-Dit Chardavoine";"45,4249840000";" -0,2080110000"
"202100032766";"23";"06";"2021";"18:45";"1";"04";"04031";"2";"1";"1";"3";"RD 907";"43,9244500000";"6,1271310000"
"202100032767";"23";"06";"2021";"07:30";"1";"85";"85133";"1";"2";"1";"3";"Champ de la Roche";"46,3708100000";" -0,7309800000"
"202100032768";"19";"06";"2021";"19:30";"1";"28";"28348";"2";"1";"1";"7";"Rue Cupidon";"48,7663000000";"1,1964450000"
"202100032769";"23";"06";"2021";"16:50";"1";"72";"72290";"1";"1";"1";"7";"pk 125+900, A28";"48,1654950000";"0,1424680000"
"202100032770";"23";"06";"2021";"15:30";"1";"02";"02498";"1";"1";"1";"2";"A26";"49,5518220000";"3,8360100000"
"202100032771";"22";"06";"2021";"17:40";"1";"13";"13051";"1";"1";"1";"2";"D10";"43,5471170000";"5,1606560000"
"202100032772";"22";"06";"2021";"10:00";"1";"01";"01067";"1";"1";"1";"6";"A40 PK129.300 sens MÃ¢con/GenÃ¨ve";"46,1259980000";"5,4999840000"
"202100032773";"23";"06";"2021";"10:00";"1";"973";"97309";"2";"1";"2";"1";"Route de Remire (rd2)";"4,8995670702";" -52,2737738212"
"202100032774";"24";"06";"2021";"08:00";"1";"13";"13001";"1";"1";"1";"2";"autoroute A8";"43,5118330000";"5,4442830000"
"202100032775";"23";"06";"2021";"16:53";"1";"13";"13031";"1";"9";"1";"6";"autoroute a52 pk 15 sens aix/aubagne";"43,3750460000";"5,6085850000"
"202100032776";"24";"06";"2021";"08:50";"1";"36";"36202";"1";"1";"1";"4";"N/A";"46,8045030000";"1,6163210000"
"202100032777";"24";"06";"2021";"12:43";"1";"977";"97701";"1";"1";"1";"3";"RT212 Ã  l'oeuf";"17,9077740000";" -62,8468820000"
"202100032778";"24";"06";"2021";"14:00";"1";"78";"78321";"2";"1";"1";"6";"4 Rue Saint-FrÃ©dÃ©ric";"48,8027900000";"1,9007850000"
"202100032779";"19";"06";"2021";"16:40";"1";"78";"78420";"2";"1";"1";"7";"Chemin du Bois Renoult";"48,7740030000";"1,8029700000"
"202100032780";"24";"06";"2021";"18:30";"1";"34";"34135";"1";"1";"1";"1";"CD14";"43,2905760000";"3,1818940000"
"202100032781";"24";"06";"2021";"10:30";"1";"05";"05070";"2";"7";"1";"6";"place de la fontaine";"44,3140590000";"5,8226170000"
"202100032782";"23";"06";"2021";"18:50";"1";"05";"05118";"1";"1";"1";"6";"RD 942";"44,2688175931";"5,8198678493"
"202100032783";"22";"06";"2021";"19:10";"1";"13";"13110";"1";"1";"1";"1";"CD 6";"43,4574200000";"5,6574010000"
"202100032784";"22";"06";"2021";"17:05";"1";"13";"13079";"1";"9";"1";"3";"Logis de la Colle";"43,4908800000";"5,6558560000"
"202100032785";"24";"06";"2021";"12:00";"1";"89";"89257";"2";"6";"1";"3";"Avenue du Port";"47,9617390000";"3,5045630000"
"202100032786";"24";"06";"2021";"10:25";"1";"88";"88270";"2";"2";"3";"3";"D674";"48,3176100000";"5,5842440000"
"202100032787";"20";"06";"2021";"13:00";"1";"73";"73088";"1";"1";"1";"6";"D1212";"45,7784841691";"6,4863318802"
"202100032788";"23";"06";"2021";"17:20";"1";"38";"38057";"2";"4";"1";"3";"Rue de la Maritelle";"45,1420790000";"5,7411340000"
"202100032789";"24";"06";"2021";"04:50";"3";"09";"09149";"1";"1";"1";"1";"Lacourt";"42,9379750000";"1,1758910000"
"202100032790";"20";"06";"2021";"09:30";"1";"31";"31291";"2";"1";"2";"7";"AllÃ©e de Castelnouvel";"43,5993750000";"1,2546700000"
"202100032791";"23";"06";"2021";"16:35";"1";"64";"64430";"2";"6";"1";"3";"rond point du portugal";"43,4774460000";" -0,7619220000"
"202100032792";"24";"06";"2021";"00:15";"5";"60";"60138";"2";"4";"1";"6";"Route de Compiegne";"49,2158490000";"2,5967590000"
"202100032793";"21";"06";"2021";"03:30";"3";"62";"62326";"1";"1";"2";"3";"D917";"50,1138330000";"2,8535750000"
"202100032794";"23";"06";"2021";"23:45";"3";"59";"59268";"2";"1";"1";"6";"D947 Rue du grand chemin";"50,6313700000";"2,7395900000"
"202100032795";"24";"06";"2021";"18:35";"1";"59";"59634";"1";"1";"1";"7";"Rue de la Canneweelle";"50,7168820000";"2,4886390000"
"202100032796";"23";"06";"2021";"20:45";"1";"33";"33162";"1";"1";"2";"2";"Rocade Nord Ouest -E8-";"44,8640800000";" -0,6544800000"
"202100032797";"23";"06";"2021";"07:35";"1";"33";"33318";"1";"1";"1";"6";"ROCADE A 630";"44,8117220000";" -0,6715990000"
"202100032798";"19";"06";"2021";"20:05";"1";"91";"91521";"1";"1";"3";"5";"AUTOROUTE A6";"48,6427900000";"2,3914600000"
"202100032799";"20";"06";"2021";"13:30";"1";"91";"91086";"1";"1";"1";"3";"RN 104";"48,6243400000";"2,3922400000"
"202100032800";"23";"06";"2021";"05:50";"2";"91";"91659";"1";"1";"1";"2";"AUTOROUTE A6";"48,5916100000";"2,4450200000"
"202100032801";"23";"06";"2021";"19:00";"1";"78";"78640";"1";"1";"8";"6";"RN12 INT";"48,7814720000";"2,1685090000"
"202100032802";"23";"06";"2021";"09:15";"1";"94";"94018";"1";"1";"1";"2";"A4";"48,8254600000";"2,3931300000"
"202100032803";"22";"06";"2021";"02:00";"4";"94";"94069";"1";"1";"1";"3";"A4";"48,8173200000";"2,4392100000"
"202100032804";"20";"06";"2021";"03:39";"5";"17";"17300";"2";"6";"1";"2";"NORMANDIN   RUE EMILE";"46,1419300000";" -1,1398700000"
"202100032805";"22";"06";"2021";"01:41";"5";"44";"44109";"2";"1";"1";"6";"RUE FELIX EBOUE";"47,2116300000";" -1,5596400000"
"202100032806";"21";"06";"2021";"18:15";"1";"05";"05061";"2";"1";"1";"7";"BOUTONS D'OR ( RUE DES )";"44,5461600000";"6,0569300000"
"202100032807";"21";"06";"2021";"23:40";"5";"93";"93057";"2";"2";"1";"3";"ENCLOS - FLEURY (AL. DE L')";"48,9124924297";"2,5057227293"
"202100032808";"22";"06";"2021";"17:40";"5";"988";"98818";"2";"1";"1";"6";"BENEBIG (RUE AUGUSTE)";" -22,2709000000";"166,4525700000"
"202100032809";"22";"06";"2021";"14:15";"1";"988";"98818";"2";"3";"1";"3";"RUE HENRI DUNANT/RUE MARCEL KOLLEN";" -22,2945800000";"166,4422600000"
"202100032810";"22";"06";"2021";"07:00";"1";"974";"97416";"1";"3";"1";"3";"BOEUF(CHEMIN)";" -21,2884300000";"55,4668300000"
"202100032811";"21";"06";"2021";"16:50";"1";"974";"97416";"2";"1";"1";"3";"HUBERT DE LISLE(BOULEVARD)";" -21,3436200000";"55,4697800000"
"202100032812";"21";"06";"2021";"16:07";"1";"974";"97411";"2";"1";"1";"5";"LECONTE DE LISLE (AVENUE)";" -20,8955500000";"55,4894400000"
"202100032813";"8";"06";"2021";"18:00";"1";"974";"97407";"2";"9";"1";"7";"BREST (BOULEVARD)";" -20,9341000000";"55,2956200000"
"202100032814";"22";"06";"2021";"06:55";"1";"973";"97302";"2";"1";"1";"3";"MONTABO (ROUTE DE) 2";"4,9360100000";" -52,2958100000"
"202100032815";"22";"06";"2021";"00:35";"3";"973";"97302";"2";"1";"1";"2";"TROUBIRAN (CHEMIN DE)";"4,9270200000";" -52,3034700000"
"202100032816";"22";"06";"2021";"03:40";"3";"972";"97209";"1";"5";"2";"6";"Bretelle sortie A1";"14,6181500000";" -61,0359700000"
"202100032817";"20";"06";"2021";"22:00";"3";"972";"97209";"1";"1";"1";"3";"AUTOROUTE (A1)";"14,6179400000";" -61,0383300000"
"202100032818";"22";"06";"2021";"21:20";"2";"69";"69381";"2";"3";"2";"1";"SAINT VINCENT (Q)";"45,7674900000";"4,8289700000"
"202100032819";"22";"06";"2021";"10:35";"1";"69";"69389";"2";"1";"1";"6";"ANTOINE DE ST EXUPERY (BD)";"45,7728800000";"4,8082800000"
"202100032820";"22";"06";"2021";"18:00";"1";"95";"95539";"2";"1";"8";"2";"RD 301";"48,9912263986";"2,3601776361"
"202100032821";"22";"06";"2021";"14:15";"1";"95";"95280";"2";"1";"3";"6";"Rue Ferdinand de Lesseps";"49,0210300000";"2,4644800000"
"202100032822";"22";"06";"2021";"14:52";"1";"95";"95428";"2";"1";"3";"6";"RD 144";"48,9925150000";"2,3153010000"
"202100032823";"22";"06";"2021";"10:55";"1";"91";"91657";"2";"2";"1";"3";"AV DE LA CONCORDE";"48,7050100000";"2,4244800000"
"202100032824";"17";"06";"2021";"20:25";"1";"89";"89024";"2";"4";"1";"3";"VAULABELLE (BOULEVARD) NÂ° PAIRS";"47,7948400000";"3,5790100000"
"202100032825";"22";"06";"2021";"10:54";"1";"87";"87085";"2";"1";"1";"3";"DUTREIX (RUE ARMAND)";"45,8335200000";"1,2307400000"
"202100032826";"22";"06";"2021";"09:38";"1";"87";"87085";"1";"1";"1";"2";"SCHUMAN (BOULEVARD ROBERT)";"45,8710100000";"1,2817300000"
"202100032827";"19";"06";"2021";"17:29";"1";"87";"87048";"2";"1";"1";"6";"BOS DE MOULIN (RUE DE)";"45,8053700000";"1,2472600000"
"202100032828";"19";"06";"2021";"19:04";"1";"87";"87113";"1";"1";"2";"6";"MITTERRAND (AVENUE FRANCOIS)";"45,8755100000";"1,3467100000"
"202100032829";"19";"06";"2021";"18:07";"1";"87";"87085";"2";"3";"2";"4";"ISLE (RUE D')";"45,8247070000";"1,2345800000"