"Num_Acc";"jour";"mois";"an";"hrmn";"lum";"dep";"com";"agg";"int";"atm";"col";"adr";"lat";"long"
"202100032830";"20";"06";"2021";"01:20";"4";"85";"85194";"2";"1";"1";"1";"VENDEE GLOBE (BOULEVARD DU)";"46,5006700000";" -1,7584400000"
"202100032831";"21";"06";"2021";"17:50";"1";"83";"83137";"2";"1";"1";"2";"N/A";"43,1273500000";"5,9178300000"
"202100032832";"20";"06";"2021";"12:15";"1";"83";"83069";"1";"1";"2";"5";"SALINS ( ROUTE DES VIEUX)";"43,1209867891";"6,1859464645"
"202100032833";"19";"06";"2021";"08:20";"1";"80";"80674";"1";"1";"1";"2";"ROCADE NORD EST RN 25";"49,9058300000";"2,3486200000"
"202100032834";"19";"06";"2021";"18:06";"1";"80";"80021";"2";"1";"1";"3";"ABBEVILLE (RUE D')";"49,9066500000";"2,2681300000"
"202100032835";"17";"06";"2021";"15:17";"1";"80";"80021";"2";"2";"1";"3";"SAINT ROCH (RUE)";"49,8960900000";"2,2862500000"
"202100032836";"17";"06";"2021";"13:20";"1";"80";"80131";"2";"1";"1";"2";"RD 934";"49,8626500000";"2,3775700000"
"202100032837";"22";"06";"2021";"16:10";"1";"79";"79329";"2";"1";"3";"7";"54 Rue Gambetta";"46,9824200000";" -0,2104300000"
"202100032838";"21";"06";"2021";"16:35";"1";"79";"79329";"2";"2";"3";"3";"22 Rue Denis Papin";"46,9838000000";" -0,2143300000"
"202100032839";"15";"06";"2021";"14:35";"1";"78";"78158";"2";"6";"1";"3";"DIX HUIT JUIN (PLACE DU)";"48,8278000000";"2,1204300000"
"202100032840";"18";"06";"2021";"17:55";"1";"78";"78646";"2";"1";"1";"6";"PORCHER (IMPASSE)";"48,7949400000";"2,1548100000"
"202100032841";"22";"06";"2021";"12:50";"1";"78";"78498";"1";"1";"3";"5";"PONTOISE AV DE";"48,9421600000";"2,0598200000"
"202100032842";"18";"06";"2021";"20:29";"1";"69";"69290";"1";"2";"1";"5";"ST BONNET DE MURE (DE) (CHM)";"45,6919600000";"4,9669900000"
"202100032843";"21";"06";"2021";"17:46";"1";"68";"68166";"1";"1";"8";"4";"RD 430";"47,7895700000";"7,3152100000"
"202100032844";"16";"06";"2021";"17:59";"1";"68";"68066";"2";"3";"1";"3";"ST PIERRE (BOULEVARD)";"48,0726500000";"7,3571800000"
"202100032845";"16";"06";"2021";"10:15";"1";"68";"68066";"2";"1";"1";"3";"4IEME BATAILLON DU CHASSEURS A PIED";"48,0819500000";"7,3550600000"
"202100032846";"21";"06";"2021";"17:30";"1";"67";"67482";"2";"3";"8";"3";"SEBASTOPOL (RUE DE)";"48,5865500000";"7,7429600000"
"202100032847";"21";"06";"2021";"15:15";"1";"67";"67482";"2";"3";"1";"2";"PRESIDENT WILSON (BOULEVARD)";"48,5895700000";"7,7410000000"
"202100032848";"22";"06";"2021";"09:05";"1";"66";"66136";"1";"1";"1";"4";"R D 900";"42,6796500000";"2,8736400000"
"202100032849";"21";"06";"2021";"08:00";"1";"66";"66136";"1";"1";"1";"2";"R D 900";"42,6740350000";"2,8873130000"
"202100032850";"20";"06";"2021";"11:20";"1";"66";"66136";"2";"1";"8";"6";"KENNEDY (BD JOHN-FITZGERALD)";"42,6870800000";"2,9061000000"
"202100032851";"19";"06";"2021";"22:33";"5";"66";"66136";"2";"1";"1";"6";"PYRENEES (BOULEVARD DES)";"42,6961300000";"2,8883400000"
"202100032852";"18";"06";"2021";"17:14";"1";"66";"66136";"2";"1";"1";"3";"MERCADER (BOULEVARD FELIX)";"42,6918700000";"2,8927200000"
"202100032853";"18";"06";"2021";"14:53";"1";"66";"66136";"2";"1";"1";"3";"FLANDRES/DUNKERQUE (CARREFOUR)";"42,6866800000";"2,9072300000"
"202100032854";"22";"06";"2021";"11:25";"1";"64";"64483";"2";"1";"1";"2";"PASSICOT JEAN MARTIN (BD DU COMMANDANT)";"43,3869400000";" -1,6579900000"
"202100032855";"22";"06";"2021";"08:20";"1";"64";"64445";"2";"1";"1";"3";"TRESPOEY DE";"43,2990100000";" -0,3552100000"
"202100032856";"22";"06";"2021";"13:25";"1";"64";"64125";"2";"1";"2";"3";"ESPAGNE (AVENUE D')";"43,4303200000";" -1,5992900000"
"202100032857";"22";"06";"2021";"15:21";"1";"64";"64102";"2";"1";"2";"7";"JUPITER (GIRATOIRE)";"43,4789400000";" -1,4553500000"
"202100032858";"22";"06";"2021";"13:55";"1";"64";"64140";"2";"1";"2";"1";"DOUANE (QUAI DE LA)";"43,5206700000";" -1,4887000000"
"202100032859";"22";"06";"2021";"11:14";"1";"64";"64024";"2";"1";"2";"4";"BAB (BOULEVARD DU)";"43,4937400000";" -1,5233600000"
"202100032860";"21";"06";"2021";"10:05";"1";"64";"64024";"2";"1";"1";"3";"BIARRITZ (AVENUE DE)";"43,4806400000";" -1,5302700000"
"202100032861";"21";"06";"2021";"21:46";"1";"63";"63113";"2";"2";"1";"3";"BARBIER DAUBREE (AVENUE)";"45,7883500000";"3,0955100000"
"202100032862";"21";"06";"2021";"18:40";"1";"62";"62139";"2";"1";"1";"3";"JAURES (RUE JEAN....1A 71 ET 2 A 48 )";"50,7167820000";"2,2811540000"
"202100032863";"22";"06";"2021";"19:00";"1";"59";"59279";"2";"3";"2";"3";"SIMONO (RUE MAURICE)";"50,7817380000";"3,1220320000"
"202100032864";"20";"06";"2021";"11:45";"1";"56";"56098";"2";"1";"1";"6";"GUERN (RUE DE LA)";"47,7730400000";" -3,3375400000"
"202100032865";"18";"06";"2021";"21:30";"2";"56";"56121";"2";"1";"1";"6";"VERDUN (RUE  DE )";"47,7600700000";" -3,3657400000"
"202100032866";"18";"06";"2021";"17:05";"1";"56";"56121";"2";"1";"1";"6";"MONISTROL (RUE)";"47,7375600000";" -3,3822200000"
"202100032867";"22";"06";"2021";"07:15";"1";"54";"54431";"1";"1";"1";"5";"BRIEY (ROUTE DE)";"48,9139300000";"6,0372800000"
"202100032868";"21";"06";"2021";"14:22";"1";"54";"54526";"2";"2";"1";"3";"MILLENAIRE (BOULEVARD DU)";"48,6815000000";"6,2160000000"
"202100032869";"18";"06";"2021";"22:25";"5";"54";"54395";"2";"1";"1";"2";"CHANZY (RUE DE)";"48,6910444934";"6,1773077399"
"202100032870";"21";"06";"2021";"08:45";"1";"54";"54395";"2";"1";"1";"3";"STRASBOURG (AVENUE DE)";"48,6789398145";"6,1971477047"
"202100032871";"21";"06";"2021";"13:15";"1";"54";"54159";"2";"1";"1";"6";"PERI (RUE GABRIEL)";"48,6235400000";"6,3485600000"
"202100032872";"22";"06";"2021";"11:45";"1";"51";"51454";"2";"3";"2";"7";"Avenue de Paris";"49,2484800000";"4,0124200000"
"202100032873";"22";"06";"2021";"05:00";"2";"51";"51454";"2";"1";"1";"7";"Rue Emile Druart";"49,2696600000";"4,0001700000"
"202100032874";"21";"06";"2021";"16:00";"1";"51";"51454";"2";"1";"1";"3";"Avenue de Paris";"49,2483900000";"4,0111500000"
"202100032875";"21";"06";"2021";"11:51";"1";"49";"49007";"2";"5";"1";"3";"CHATENAY AVENUE VICTOR";"47,4822900000";" -0,5219800000"
"202100032876";"22";"06";"2021";"22:58";"4";"45";"45286";"2";"2";"1";"3";"Rue Demay";"47,8852500000";"1,9244500000"
"202100032877";"22";"06";"2021";"13:30";"1";"45";"45234";"2";"1";"1";"2";"Rue Albert 1er";"47,9076610000";"1,9064240000"
"202100032878";"22";"06";"2021";"02:45";"3";"44";"44190";"1";"1";"1";"4";"N844";"47,2032900000";" -1,4837700000"
"202100032879";"22";"06";"2021";"22:00";"5";"37";"37261";"2";"1";"3";"2";"AUBERDIERE (RUE DE L')";"47,3633443328";"0,6956172365"
"202100032880";"22";"06";"2021";"05:30";"2";"37";"37122";"2";"9";"1";"6";"RD 37";"47,3488100000";"0,6458600000"
"202100032881";"21";"06";"2021";"22:40";"5";"35";"35238";"2";"6";"2";"6";"REBILLON (ARMAND)";"48,1215600000";" -1,6818200000"
"202100032882";"22";"06";"2021";"18:55";"1";"33";"33063";"2";"1";"1";"2";"Rue des Carmes";"44,8217652466";" -0,6087916352"
"202100032883";"22";"06";"2021";"10:50";"1";"33";"33550";"2";"9";"2";"5";"Avenue des PyrÃ©nÃ©es";"44,7638380000";" -0,5604860000"
"202100032884";"22";"06";"2021";"14:00";"1";"31";"31555";"1";"1";"1";"3";"RUE PAULE RAYMONDIS";"43,6397100000";"1,4838000000"
"202100032885";"22";"06";"2021";"09:05";"1";"31";"31555";"2";"1";"1";"6";"ESPAGNE (RTE D) DU 2AU 403";"43,5471600000";"1,4193900000"
"202100032886";"11";"06";"2021";"09:33";"1";"29";"29019";"2";"6";"1";"3";"Boulevard Montaigne";"48,4052400000";" -4,4780500000"
"202100032887";"22";"06";"2021";"07:35";"2";"27";"27375";"2";"3";"2";"3";"VERTE (CHEMIN DE LA COTE)";"49,2117000000";"1,1548100000"
"202100032888";"22";"06";"2021";"15:30";"1";"26";"26198";"2";"2";"1";"3";"6-14 Avenue de Rochemaure";"44,5614260000";"4,7464160000"
"202100032889";"22";"06";"2021";"06:50";"1";"25";"25056";"2";"6";"2";"3";"LAFAYETTE RUE";"47,2172000000";"5,9677200000"
"202100032890";"17";"06";"2021";"19:00";"1";"18";"18279";"2";"1";"1";"1";"BAS DE GRANGE (RUE ET PLACE)";"47,2400000000";"2,0500000000"
"202100032891";"22";"06";"2021";"02:00";"5";"13";"13207";"2";"1";"1";"2";"CHARLES LIVON (BOULEVARD)";"43,2922400000";"5,3628300000"
"202100032892";"18";"06";"2021";"02:00";"5";"13";"13208";"2";"1";"1";"2";"MENDES FRANCE (AVENUE)";"43,2551601348";"5,3763052694"
"202100032893";"22";"06";"2021";"15:10";"1";"11";"11069";"1";"1";"1";"2";"ROCADE SUD RD 6161";"43,2037900000";"2,3809400000"
"202100032894";"22";"06";"2021";"01:56";"5";"06";"06123";"2";"3";"1";"2";"BORD DE MER RN 98";"43,6567040000";"7,1789480000"
"202100032895";"22";"06";"2021";"12:15";"1";"06";"06004";"2";"9";"1";"6";"SOLEAU AV.ROBERT";"43,5815270000";"7,1206750000"
"202100032896";"19";"06";"2021";"23:11";"5";"02";"02059";"2";"1";"1";"6";"GRANDE RUE";"49,6499540000";"3,3488700000"
"202100032897";"21";"06";"2021";"17:15";"1";"75";"75117";"2";"1";"1";"3";"BOULEVARD PERIPHERIQUE";"48,8943930000";"2,3055350000"
"202100032898";"21";"06";"2021";"04:12";"5";"75";"75117";"2";"1";"1";"6";"BOULEVARD PERIPHERIQUE";"48,8881980000";"2,2923650000"
"202100032899";"21";"06";"2021";"18:25";"1";"75";"75120";"2";"4";"1";"6";"RUE DES REGLISES";"48,8547440000";"2,4102950000"
"202100032900";"22";"06";"2021";"00:30";"4";"75";"75120";"2";"2";"1";"6";"BOULEVARD DE MENILMONTANT";"48,8671050000";"2,3832940000"
"202100032901";"21";"06";"2021";"23:20";"5";"75";"75116";"2";"1";"1";"2";"AVENUE VICTOR HUGO";"48,8708840000";"2,2882310000"
"202100032902";"22";"06";"2021";"19:50";"2";"75";"75115";"2";"1";"8";"3";"RUE DE L AMIRAL ROUSSIN";"48,8418330000";"2,3007390000"
"202100032903";"22";"06";"2021";"16:45";"1";"75";"75115";"2";"7";"1";"3";"RUE DUPLEIX";"48,8506580000";"2,2956400000"
"202100032904";"22";"06";"2021";"15:30";"1";"75";"75115";"2";"4";"8";"3";"RUE DE LA CROIX NIVERT";"48,8344040000";"2,2899360000"
"202100032905";"22";"06";"2021";"11:27";"1";"75";"75112";"2";"2";"8";"1";"QUAI DE BERCY";"48,8306530000";"2,3863410000"
"202100032906";"21";"06";"2021";"12:40";"1";"75";"75112";"2";"4";"1";"3";"AVENUE DE SAINT MAURICE";"48,8286980000";"2,4194450000"
"202100032907";"22";"06";"2021";"18:40";"1";"75";"75111";"2";"2";"1";"3";"AVENUE PHILIPPE AUGUSTE";"48,8506690000";"2,3944960000"
"202100032908";"22";"06";"2021";"15:50";"1";"75";"75111";"2";"1";"8";"3";"RUE DE LA PETITE PIERRE";"48,8675360000";"2,3703640000"
"202100032909";"22";"06";"2021";"11:50";"1";"75";"75111";"2";"2";"1";"3";"BOULEVARD DE MENILMONTANT";"48,8598100000";"2,3887100000"
"202100032910";"21";"06";"2021";"23:20";"5";"75";"75110";"2";"1";"1";"3";"RUE LA FAYETTE";"48,8790730000";"2,3561470000"
"202100032911";"22";"06";"2021";"17:55";"1";"75";"75109";"2";"1";"1";"6";"RUE JOUBERT";"48,8746120000";"2,3318940000"
"202100032912";"16";"06";"2021";"12:10";"1";"75";"75104";"2";"3";"1";"3";"BOULEVARD HENRI IV";"48,8511640000";"2,3625070000"
"202100032913";"22";"06";"2021";"20:20";"1";"94";"94081";"2";"1";"1";"3";"Avenue du Groupe Manouchian";"48,7876600000";"2,4068700000"
"202100032914";"22";"06";"2021";"16:55";"1";"94";"94081";"2";"1";"2";"3";"STALINGRAD (BD DE)";"48,8013200000";"2,3796900000"
"202100032915";"22";"06";"2021";"14:00";"1";"94";"94042";"2";"2";"2";"3";"MARECHAL LECLERC (BD DU)";"48,8120500000";"2,4686300000"
"202100032916";"22";"06";"2021";"17:45";"1";"94";"94041";"2";"1";"8";"1";"Rue BarbÃ¨s";"48,8180700000";"2,3736700000"
"202100032917";"21";"06";"2021";"13:15";"1";"94";"94028";"2";"9";"1";"2";"Rue RenÃ© Arcos";"48,7779881702";"2,4672675133"
"202100032918";"21";"06";"2021";"18:35";"1";"94";"94019";"2";"1";"1";"2";"JEAN DE LA FONTAINE (R)";"48,8068700000";"2,5580500000"
"202100032919";"22";"06";"2021";"06:10";"2";"94";"94018";"2";"1";"1";"3";"Avenue de Gravelle";"48,8248600000";"2,4112800000"
"202100032920";"22";"06";"2021";"17:50";"1";"94";"94017";"2";"1";"1";"3";"Rue de Musselburgh";"48,8063940000";"2,5232630000"
"202100032921";"22";"06";"2021";"17:10";"1";"93";"93073";"1";"4";"2";"1";"Route de Roissy / Route de la Croix au PlÃ¢tre";"48,9839800000";"2,5417500000"
"202100032922";"22";"06";"2021";"09:20";"1";"93";"93078";"2";"3";"1";"4";"LAFARGUE (RUE PAUL)";"48,9485600000";"2,5465600000"
"202100032923";"22";"06";"2021";"08:00";"1";"93";"93059";"2";"5";"1";"3";"JEAN MERMOZ (BOULEVARD) NÂ°59AU185 ET 76A";"48,9667600000";"2,3642600000"
"202100032924";"22";"06";"2021";"02:40";"5";"93";"93005";"2";"2";"1";"6";"Boulevard Marc Chagall / Avenue de Savigny";"48,9537270000";"2,5064390000"
"202100032925";"21";"06";"2021";"20:00";"1";"93";"93070";"2";"1";"1";"6";"CLE DES CHAMPS";"48,9134000000";"2,3272400000"
"202100032926";"22";"06";"2021";"13:42";"1";"93";"93066";"2";"1";"3";"1";"CROIZAT AMBROISE RD 29 BIS";"48,9291700000";"2,3513300000"
"202100032927";"22";"06";"2021";"14:30";"1";"93";"93066";"2";"3";"2";"3";"Rue du Fort de la Briche";"48,9443600000";"2,3421700000"
"202100032928";"21";"06";"2021";"08:00";"1";"93";"93066";"2";"1";"1";"2";"Rue Ambroise Croizat";"48,9274200000";"2,3534600000"
"202100032929";"22";"06";"2021";"14:40";"1";"93";"93077";"2";"2";"3";"6";"Grande Rue / Avenue du Capitaine Louys";"48,8828700000";"2,5143000000"
"202100032930";"22";"06";"2021";"10:55";"1";"93";"93055";"2";"3";"2";"6";"JEAN LOLIVE (AVENUE)(1/55 2/60)";"48,8909642485";"2,4014192820"
"202100032931";"22";"06";"2021";"14:45";"1";"93";"93048";"2";"1";"2";"6";"Boulevard de la BoissiÃ¨re";"48,8776970000";"2,4599170000"
"202100032932";"22";"06";"2021";"01:40";"5";"93";"93048";"2";"1";"1";"6";"Place du GÃ©nÃ©ral de Gaulle";"48,8688600000";"2,4334100000"
"202100032933";"20";"06";"2021";"11:30";"1";"93";"93029";"2";"1";"1";"2";"Avenue de la Source";"48,9178200000";"2,4504650000"
"202100032934";"22";"06";"2021";"13:20";"1";"93";"93057";"2";"1";"2";"4";"BRIAND (AV. ARISTIDE) 2 A 132";"48,9088130000";"2,5001110000"
"202100032935";"22";"06";"2021";"20:15";"1";"93";"93007";"2";"1";"1";"2";"""JEAN JAURES (AVENUE """"DU 01 AU 19"""")""";"48,9231140000";"2,4712410000"
"202100032936";"22";"06";"2021";"11:30";"1";"92";"92073";"2";"1";"3";"5";"bretelle d' accÃ¨s au quai galliÃ©ni";"48,8715344729";"2,2328585386"
"202100032937";"17";"06";"2021";"11:48";"1";"92";"92064";"2";"1";"1";"6";"REPUBLIQUE";"48,8458393798";"2,2136474187"
"202100032938";"15";"06";"2021";"17:15";"1";"92";"92040";"2";"7";"1";"5";"LEON BLUM (PLACE)";"48,8210360000";"2,2606290000"
"202100032939";"11";"06";"2021";"23:15";"5";"92";"92036";"2";"1";"1";"1";"CABOEUFS (RUE DES) (103/291)";"48,9236760000";"2,3104640000"
"202100032940";"22";"06";"2021";"01:37";"5";"92";"92026";"2";"1";"1";"6";"PRÃSIDENT PAUL DOUMER (QUAI DU)";"48,8954200000";"2,2621900000"
"202100032941";"22";"06";"2021";"08:00";"1";"92";"92025";"2";"3";"1";"3";"CHATOU (RUE DE)";"48,9126120000";"2,2317310000"
"202100032942";"22";"06";"2021";"05:50";"2";"92";"92025";"2";"2";"1";"3";"STALINGRAD (AV DE)";"48,9341800000";"2,2633260000"
"202100032943";"18";"06";"2021";"21:15";"2";"92";"92024";"2";"3";"8";"3";"CLICHY (QUAI DE) DE (8 A 60)";"48,9068881811";"2,2965824604"
"202100032944";"22";"06";"2021";"19:55";"1";"92";"92012";"2";"3";"8";"3";"THIERS (RUE) 67/FIN - 84/FIN";"48,8312981954";"2,2525191307"
"202100032945";"22";"06";"2021";"18:45";"2";"92";"92007";"2";"1";"8";"3";"HUGO (AVENUE VICTOR)";"48,8048051360";"2,3223169148"
"202100032946";"21";"06";"2021";"18:50";"1";"92";"92004";"2";"2";"1";"6";"MARNE   ( AVENUE DE LA )";"48,9096377731";"2,2864879668"
"202100032947";"22";"06";"2021";"20:10";"1";"52";"52391";"1";"3";"1";"3";"D384";"48,5039720000";"4,7894240000"
"202100032948";"22";"06";"2021";"16:45";"1";"972";"97210";"2";"1";"1";"6";"Rue Jean JaurÃ©s";"14,6129550000";" -60,9025220000"
"202100032949";"22";"06";"2021";"22:58";"4";"17";"17414";"1";"1";"1";"2";"D105";"46,2086310000";" -1,1364950000"
"202100032950";"22";"06";"2021";"22:45";"5";"83";"83054";"1";"1";"1";"7";"Chemin Alphonse Lavallee";"43,1577740000";"6,0481610000"
"202100032951";"22";"06";"2021";"20:00";"1";"30";"30141";"1";"1";"1";"6";"route dÃ©partemntale D 9";"44,1002490000";"4,6634550000"
"202100032952";"19";"06";"2021";"10:30";"1";"44";"44009";"2";"6";"8";"3";"Route du Loroux Bottereau";"47,1935220000";" -1,4630430000"
"202100032953";"23";"06";"2021";"12:00";"1";"57";"57089";"2";"2";"1";"3";"Rue Schellenthal";"49,0557160000";"7,4248960000"
"202100032954";"23";"06";"2021";"17:30";"1";"76";"76159";"2";"1";"1";"3";"Route de Barville";"49,7847600000";"0,6406400000"
"202100032955";"22";"06";"2021";"22:15";"3";"81";"81070";"2";"1";"2";"6";"1185 Route de Parisot";"43,8176650000";"1,7504900000"
"202100032956";"23";"06";"2021";"07:00";"1";"71";"71263";"2";"1";"1";"6";"Rue du Jura";"46,6313890000";"5,2354040000"
"202100032957";"20";"06";"2021";"16:50";"1";"46";"46231";"2";"4";"1";"6";"Grand Rue";"44,5035110000";"1,1382280000"
"202100032958";"22";"06";"2021";"12:15";"1";"41";"41176";"2";"1";"1";"1";"Rue des LigniÃ¨res";"47,5080270000";"2,1471510000"
"202100032959";"22";"06";"2021";"18:00";"1";"34";"34140";"1";"2";"1";"3";"Chemin de Masacy";"43,3875862528";"3,1772951782"
"202100032960";"21";"06";"2021";"13:50";"1";"02";"02048";"1";"9";"1";"5";"N2";"49,6594610000";"3,6938100000"
"202100032961";"22";"06";"2021";"03:50";"3";"72";"72346";"1";"1";"1";"6";"la lande de l'ecu";"47,8679050000";"0,0141190000"
"202100032962";"14";"06";"2021";"07:15";"1";"60";"60150";"1";"2";"1";"3";"D48";"49,5292750000";"2,9843010000"
"202100032963";"10";"04";"2021";"00:00";"3";"45";"45087";"1";"1";"1";"6";"D951-PR 9 + 100";"47,5732980000";"2,7660660000"
"202100032964";"22";"06";"2021";"19:45";"1";"43";"43137";"1";"9";"1";"5";"le cordu";"45,2975745281";"4,2006558180"
"202100032965";"19";"06";"2021";"01:00";"3";"07";"07005";"1";"1";"1";"7";"D263";"44,5399100000";"4,5855700000"
"202100032966";"22";"06";"2021";"10:20";"1";"53";"53211";"1";"1";"2";"1";"D102";"48,3601980000";" -0,8997850000"
"202100032967";"22";"06";"2021";"19:15";"1";"53";"53122";"1";"1";"1";"1";"D7";"48,2742820000";" -0,5220440000"
"202100032968";"23";"06";"2021";"09:30";"1";"04";"04241";"1";"1";"1";"6";"RD 907";"43,8529010000";"5,7255940000"
"202100032969";"22";"06";"2021";"15:58";"1";"04";"04230";"1";"1";"1";"1";"RD 4";"43,8292700000";"5,8625230000"
"202100032970";"23";"06";"2021";"08:25";"1";"08";"08107";"1";"1";"1";"7";"DÃ©partementale 926";"49,5329210000";"4,2775170000"
"202100032971";"22";"06";"2021";"21:20";"3";"971";"97103";"1";"1";"1";"3";"Dalciat";"16,2598440000";" -61,6223040000"
"202100032972";"22";"06";"2021";"11:00";"1";"971";"97103";"2";"1";"1";"3";"Chemin de Calvaire";"16,2389040000";" -61,6217140000"
"202100032973";"21";"06";"2021";"19:45";"1";"69";"69235";"2";"3";"2";"3";"THERMES (DES) (R)";"45,5288980000";"4,8675440000"
"202100032974";"23";"06";"2021";"13:10";"1";"04";"04019";"1";"1";"1";"7";"RD 902 - av Emile Aubert";"44,3798980000";"6,6290150000"
"202100032975";"23";"06";"2021";"10:30";"1";"01";"01185";"1";"1";"1";"7";"RD 9";"45,9758800000";"5,6318450000"
"202100032976";"22";"06";"2021";"22:20";"5";"29";"29042";"2";"1";"1";"3";"Boulevard de la Plage";"48,2292380000";" -4,5027960000"
"202100032977";"22";"06";"2021";"18:30";"1";"13";"13055";"1";"1";"1";"4";"A507 sens Marseille - Aubagne";"43,3067100000";"5,4249100000"
"202100032978";"22";"06";"2021";"15:50";"1";"13";"13055";"1";"1";"1";"4";"A507 sens Aubagne- Marseille";"43,3236364488";"5,4226441383"
"202100032979";"22";"06";"2021";"15:58";"1";"13";"13211";"1";"1";"1";"2";"A50-Sens Marseille vers Aubagne";"43,2888973927";"5,4443467416"
"202100032980";"22";"06";"2021";"12:30";"1";"13";"13019";"1";"1";"1";"7";"A51-Sens Marseille vers Aix en Provence";"43,4187833329";"5,3666603565"
"202100032981";"21";"06";"2021";"16:30";"1";"13";"13033";"1";"1";"1";"5";"A55-Sens Marseille vers Martigues";"43,3732590197";"5,1851981878"
"202100032982";"21";"06";"2021";"16:15";"1";"13";"13215";"1";"1";"1";"2";"A7-Sens Marseille vers Lyon";"43,3724000000";"5,3612500000"
"202100032983";"21";"06";"2021";"09:30";"1";"13";"13055";"1";"1";"1";"2";"A507 sens Aubagne- Marseille";"43,3194700000";"5,4227700000"
"202100032984";"22";"06";"2021";"10:40";"1";"69";"69266";"1";"1";"1";"3";"RD383   0.000 A 1.165";"45,7873463924";"4,8797568082"
"202100032985";"22";"06";"2021";"02:13";"3";"69";"69142";"1";"1";"2";"4";"M7";"45,7291992978";"4,8158827537"
"202100032986";"9";"07";"2021";"07:45";"1";"57";"57672";"1";"1";"1";"6";"Autoroute A31";"49,3807100000";"6,1063500000"
"202100032987";"16";"06";"2021";"14:00";"1";"67";"67482";"1";"1";"1";"2";"M351";"48,5863600000";"7,7177400000"
"202100032988";"17";"06";"2021";"07:45";"1";"67";"67482";"1";"1";"1";"3";"M351";"48,5885770348";"7,7048948879"
"202100032989";"19";"06";"2021";"00:37";"3";"59";"59507";"1";"1";"1";"6";"AUTOROUTE A1";"50,5992718469";"3,1033614278"
"202100032990";"20";"06";"2021";"03:18";"3";"91";"91549";"1";"1";"1";"6";"RN 104";"48,6265100000";"2,3474500000"
"202100032991";"22";"06";"2021";"15:30";"1";"91";"91216";"1";"1";"2";"2";"AUTOROUTE A6";"48,6860000000";"2,3267000000"
"202100032992";"20";"06";"2021";"22:00";"1";"91";"91228";"1";"1";"2";"5";"AUTOROUTE A6";"48,6219400000";"2,4232400000"
"202100032993";"22";"06";"2021";"11:10";"1";"78";"78466";"1";"1";"3";"6";"A13";"48,9347080000";"1,9664970000"
"202100032994";"22";"06";"2021";"09:40";"1";"78";"78073";"1";"1";"1";"5";"A12 W";"48,8029360000";"2,0483630000"
"202100032995";"21";"06";"2021";"17:30";"1";"78";"78498";"1";"1";"1";"2";"A13";"48,9053940000";"2,0051880000"
"202100032996";"21";"06";"2021";"09:30";"1";"78";"78126";"1";"1";"1";"3";"A13";"48,8356870000";"2,1296830000"
"202100032997";"22";"06";"2021";"18:00";"1";"95";"95527";"1";"1";"1";"4";"AUTOROUTE A1";"49,0209200000";"2,5337700000"
"202100032998";"22";"06";"2021";"17:45";"1";"93";"93005";"1";"1";"2";"4";"AUTOROUTE A3";"48,9684100000";"2,4787800000"
"202100032999";"22";"06";"2021";"16:50";"1";"95";"95582";"1";"1";"2";"6";" A115";"48,9739100000";"2,2458900000"
"202100033000";"22";"06";"2021";"12:00";"1";"95";"95018";"1";"1";"3";"6";"A15";"48,9564600000";"2,2747200000"
"202100033001";"21";"06";"2021";"15:50";"1";"92";"92036";"1";"1";"1";"6";"AUTOROUTE A15";"48,9472253644";"2,2815667997"
"202100033002";"22";"06";"2021";"07:40";"1";"93";"93051";"1";"1";"1";"2";"A4";"48,8353400000";"2,5702600000"
"202100033003";"19";"06";"2021";"22:44";"3";"94";"94069";"1";"1";"1";"4";"A4";"48,8169850612";"2,4462833637"
"202100033004";"21";"06";"2021";"21:30";"2";"78";"78358";"2";"1";"1";"6";"CHATEAU (PLACE DU)";"48,9498200000";"2,1492400000"
"202100033005";"20";"06";"2021";"15:00";"1";"974";"97411";"2";"1";"1";"7";"DEBUSSY (CLAUDE)";" -20,8879700000";"55,4806630000"
"202100033006";"21";"06";"2021";"10:47";"1";"69";"69383";"2";"3";"7";"6";"PAUL BERT (R)";"45,7557615835";"4,8446327448"
"202100033007";"21";"06";"2021";"11:50";"1";"974";"97411";"1";"3";"1";"3";"DOMENJOD (ROUTE DE)";" -20,9121600000";"55,5023500000"
"202100033008";"20";"06";"2021";"18:05";"5";"974";"97407";"2";"1";"1";"3";"CARPAYE(AVENUE)";" -20,9464090000";"55,2987250000"
"202100033009";"21";"06";"2021";"08:50";"1";"973";"97302";"2";"1";"1";"3";"MADELEINE (ROUTE DE LA)";"4,9278126320";" -52,3249963281"
"202100033010";"21";"06";"2021";"09:00";"1";"69";"69388";"2";"1";"1";"5";"MONTAGNY (DE) (R)";"45,7323579455";"4,8507546470"
"202100033011";"4";"06";"2021";"16:51";"1";"69";"69383";"2";"1";"1";"3";"VICTOR AUGAGNEUR (Q)";"45,7581700000";"4,8408600000"
"202100033012";"21";"06";"2021";"07:45";"1";"972";"97209";"1";"1";"1";"4";"AUTOROUTE (A1)";"14,6183900000";" -61,0367700000"
"202100033013";"21";"06";"2021";"16:10";"1";"69";"69286";"2";"1";"1";"2";"HIPPODROME (DE) (L') (AV)";"45,8150200000";"4,8852000000"
"202100033014";"20";"06";"2021";"16:00";"1";"69";"69385";"2";"1";"3";"4";"CHOULANS (DE) (MO)";"45,7523200000";"4,8191200000"
"202100033015";"21";"06";"2021";"22:40";"5";"91";"91201";"2";"1";"1";"6";"AV DE VILLIERS";"48,6819800000";"2,4055100000"
"202100033016";"21";"06";"2021";"09:15";"1";"91";"91114";"2";"1";"1";"4";"AV DU GAL LECLERC";"48,6874900000";"2,4934200000"