"Num_Acc";"jour";"mois";"an";"hrmn";"lum";"dep";"com";"agg";"int";"atm";"col";"adr";"lat";"long"
"202100033017";"21";"06";"2021";"17:35";"1";"91";"91286";"2";"6";"1";"2";"CORBEIL (ROUTE DE)";"48,6500000000";"2,3900000000"
"202100033018";"19";"06";"2021";"16:01";"1";"87";"87065";"1";"1";"3";"6";"AUTOROUTE A20";"45,7893000000";"1,3032700000"
"202100033019";"18";"06";"2021";"20:11";"1";"87";"87048";"2";"1";"1";"6";"CHENES (RUE DES)";"45,8103400000";"1,2469200000"
"202100033020";"18";"06";"2021";"13:02";"1";"87";"87085";"2";"1";"1";"4";"NEXON (RUE DE)";"45,8146500000";"1,2535000000"
"202100033021";"19";"06";"2021";"20:30";"1";"84";"84007";"2";"1";"1";"6";"MOTTET (Rue Agathe)";"43,9314090000";"4,8282420000"
"202100033022";"12";"06";"2021";"07:50";"1";"30";"30351";"1";"1";"1";"2";"Impasse du Pont";"43,9543800000";"4,7924800000"
"202100033023";"19";"06";"2021";"17:30";"1";"83";"83137";"2";"1";"1";"4";"GRENIER (QUAI EMILE)";"43,1345610000";"5,9059570000"
"202100033024";"12";"06";"2021";"11:50";"1";"83";"83123";"2";"1";"1";"3";"Quai Charles de Gaulle";"43,1177200000";"5,8008800000"
"202100033025";"15";"06";"2021";"19:10";"1";"80";"80021";"1";"1";"1";"1";"ALLONVILLE (ROUTE D')";"49,9207710843";"2,3271059990"
"202100033026";"15";"06";"2021";"15:45";"1";"80";"80021";"2";"1";"1";"6";"RUE LOUIS THUILLIER";"49,8818200000";"2,3024700000"
"202100033027";"22";"06";"2021";"01:25";"5";"78";"78350";"2";"3";"8";"2";"VERSAILLES (ROUTE DE)";"48,8623600000";"2,1106800000"
"202100033028";"21";"06";"2021";"00:15";"5";"77";"77337";"2";"3";"2";"3";"SALVADOR ALLENDE (BOULEVARD)";"48,8487230000";"2,6209600000"
"202100033029";"21";"06";"2021";"12:40";"1";"77";"77288";"2";"1";"1";"6";"route de montereau";"48,5407960000";"2,6738380000"
"202100033030";"20";"06";"2021";"17:15";"1";"76";"76351";"1";"1";"1";"7";"BIGNE A FOSSE";"49,5303600000";"0,1099500000"
"202100033031";"20";"06";"2021";"16:15";"1";"71";"71270";"2";"1";"3";"6";"Rue Winston Churchill";"46,3161300000";"4,8358900000"
"202100033032";"21";"06";"2021";"16:30";"1";"69";"69290";"2";"1";"1";"6";"RHIN ET DANUBE (R)                    ";"45,6953700000";"4,9488700000"
"202100033033";"18";"06";"2021";"15:20";"1";"67";"67482";"2";"3";"1";"3";"SCHIRMECK (ROUTE DE)";"48,5730580000";"7,7171470000"
"202100033034";"4";"06";"2021";"09:05";"1";"59";"59350";"2";"2";"1";"3";"FAUBOURG DE BETHUNE RUE";"50,6175100000";"3,0266400000"
"202100033035";"19";"06";"2021";"12:25";"1";"59";"59378";"2";"3";"1";"6";"PAIX RUE DE LA";"50,6629000000";"3,0801900000"
"202100033036";"18";"06";"2021";"08:35";"1";"59";"59414";"2";"1";"1";"5";"LALLAING(ROUTE DE)";"50,3663400000";"3,1786100000"
"202100033037";"20";"06";"2021";"19:15";"1";"54";"54482";"2";"1";"2";"6";"ALEXANDRE 1ER (RUE)";"48,7001931207";"6,2035645545"
"202100033038";"20";"06";"2021";"22:35";"5";"51";"51454";"2";"3";"2";"3";"Rue Clovis Chezel";"49,2404724027";"4,0328964112"
"202100033039";"15";"06";"2021";"15:25";"1";"50";"50218";"1";"1";"1";"2";"VILLAGE GENVRESSE";"48,8258600000";" -1,5538900000"
"202100033040";"18";"06";"2021";"18:23";"1";"50";"50165";"2";"3";"1";"4";"MICHEL LECOSTEY (RUE)";"48,8484700000";" -1,5697100000"
"202100033041";"19";"06";"2021";"16:30";"1";"49";"49099";"1";"1";"8";"1";"RD 158";"47,0702000000";" -0,9173700000"
"202100033042";"21";"06";"2021";"20:48";"1";"49";"49267";"2";"1";"1";"6";"A87N";"47,4672000000";" -0,5151600000"
"202100033043";"19";"06";"2021";"15:47";"1";"49";"49267";"2";"1";"1";"4";"A87N";"47,4665100000";" -0,5162200000"
"202100033044";"21";"06";"2021";"14:53";"1";"49";"49007";"2";"1";"1";"6";"BRESSIGNY";"47,4662717251";" -0,5474674793"
"202100033045";"21";"06";"2021";"12:43";"1";"45";"45234";"2";"2";"1";"3";"Rue Stanislas Julien";"47,8997500000";"1,8978100000"
"202100033046";"21";"06";"2021";"10:30";"1";"45";"45302";"1";"3";"1";"2";"D2701-PR 2+780";"47,9388500000";"1,8936600000"
"202100033047";"21";"06";"2021";"16:43";"1";"37";"37261";"2";"4";"1";"6";"COLOMBIER (RUE)";"47,4121544212";"0,6998889148"
"202100033048";"20";"06";"2021";"16:30";"1";"37";"37233";"2";"1";"1";"2";"BONNIN (AVENUE JEAN)";"47,3953567465";"0,7123647855"
"202100033049";"18";"06";"2021";"18:00";"1";"35";"35288";"2";"9";"1";"3";"BALUE (6 RUE DE LA)";"48,6291470000";" -2,0057510000"
"202100033050";"21";"06";"2021";"10:00";"1";"35";"35238";"1";"1";"1";"6";"RN136";"48,1387500000";" -1,7000000000"
"202100033051";"21";"06";"2021";"10:30";"1";"35";"35334";"1";"1";"1";"7";"EST (ROCADE)";"48,1455280000";" -1,5903400000"
"202100033052";"20";"06";"2021";"20:45";"2";"35";"35238";"2";"2";"2";"3";"VOLCLAIR (BD LOUIS)";"48,0884590000";" -1,6676330000"
"202100033053";"20";"06";"2021";"20:20";"1";"34";"34172";"2";"2";"1";"3";"RENOUVIER (BOULEVARD)";"43,6048500000";"3,8676100000"
"202100033054";"22";"06";"2021";"01:00";"5";"33";"33063";"2";"1";"2";"1";"Place Martyrs de la RÃ©sistance";"44,8421400000";" -0,5851100000"
"202100033055";"22";"06";"2021";"00:25";"5";"33";"33063";"2";"1";"1";"6";"Quai du MarÃ©chal Lyautey";"44,8422143976";" -0,5698091714"
"202100033056";"21";"06";"2021";"17:15";"1";"33";"33063";"2";"3";"1";"3";"Cours de la Marne";"44,8282740000";" -0,5612460000"
"202100033057";"21";"06";"2021";"05:15";"5";"33";"33119";"2";"1";"1";"1";"Avenue Carnot";"44,8631500000";" -0,5300800000"
"202100033058";"21";"06";"2021";"13:50";"1";"31";"31555";"2";"1";"1";"6";"RUE DU LOT";"43,5801400000";"1,4116000000"
"202100033059";"21";"06";"2021";"09:25";"1";"29";"29019";"2";"1";"1";"2";"Boulevard de lâEurope";"48,4152223509";" -4,4768368283"
"202100033060";"17";"06";"2021";"16:40";"1";"28";"28085";"2";"1";"1";"3";"CHASLES (BOULEVARD)";"48,4425700000";"1,4864600000"
"202100033061";"20";"06";"2021";"12:30";"1";"13";"13056";"1";"1";"1";"3";"CD 49";"43,3402800000";"5,0807000000"
"202100033062";"21";"06";"2021";"17:30";"1";"13";"13210";"2";"1";"1";"3";"CAPELETTE (AVENUE DE LA)";"43,2791400000";"5,4138400000"
"202100033063";"21";"06";"2021";"17:10";"1";"13";"13209";"2";"1";"1";"5";"REGNY (TRAVERSE)";"43,2630000000";"5,4170000000"
"202100033064";"21";"06";"2021";"08:05";"1";"13";"13206";"2";"2";"1";"3";"ROME (RUE DE)";"43,2921000000";"5,3803800000"
"202100033065";"21";"06";"2021";"02:31";"5";"13";"13208";"2";"1";"1";"1";"PRADO (AVENUE DU)";"43,2765840000";"5,3890190000"
"202100033066";"17";"06";"2021";"18:40";"1";"13";"13028";"1";"1";"1";"1";"BODIN (AVENUE EMILE)";"43,2023500000";"5,5890400000"
"202100033067";"21";"06";"2021";"11:00";"1";"10";"10387";"2";"1";"1";"6";"Ae Pierre BROSSOLETTE";"48,2916700000";"4,0749600000"
"202100033068";"18";"06";"2021";"16:25";"1";"05";"05061";"1";"1";"1";"1";"LUYE ( ROUTE DE LA )";"44,5103700000";"6,0796000000"
"202100033069";"20";"06";"2021";"22:45";"5";"75";"75118";"2";"4";"8";"7";"PORTE DE SAINT OUEN";"48,9008329258";"2,3338698481"
"202100033070";"20";"06";"2021";"11:55";"1";"75";"75117";"2";"1";"1";"3";"PORTE DE SAINT OUEN";"48,9005580000";"2,3276200000"
"202100033071";"21";"06";"2021";"17:25";"1";"75";"75114";"2";"4";"1";"3";"RUE JULIA BARTET";"48,8254380000";"2,3023460000"
"202100033072";"18";"06";"2021";"23:05";"5";"75";"75113";"2";"2";"1";"6";"RUE DE TOLBIAC";"48,8272880000";"2,3685330000"
"202100033073";"21";"06";"2021";"15:54";"1";"75";"75105";"2";"1";"1";"3";"RUE JUSSIEU";"48,8469910000";"2,3538360000"
"202100033074";"21";"06";"2021";"20:15";"1";"75";"75120";"2";"1";"1";"6";"RUE DE BELLEVILLE";"48,8763950000";"2,4039280000"
"202100033075";"21";"06";"2021";"17:31";"1";"75";"75120";"2";"5";"1";"3";"AVENUE GAMBETTA";"48,8716840000";"2,4043770000"
"202100033076";"19";"06";"2021";"20:29";"1";"75";"75120";"2";"1";"2";"3";"AVENUE GAMBETTA";"48,8701240000";"2,4030220000"
"202100033077";"21";"06";"2021";"11:05";"1";"75";"75119";"2";"1";"1";"6";"AVENUE DE FLANDRE";"48,8920310000";"2,3787610000"
"202100033078";"21";"06";"2021";"11:30";"1";"75";"75119";"2";"2";"1";"3";"RUE DE MEAUX";"48,8828070000";"2,3756670000"
"202100033079";"20";"06";"2021";"21:15";"1";"75";"75119";"2";"3";"1";"1";"QUAI DE LA GIRONDE";"48,8924890000";"2,3855530000"
"202100033080";"20";"06";"2021";"02:30";"5";"75";"75119";"2";"3";"2";"6";"AVENUE SIMON BOLIVAR";"48,8796900000";"2,3744070000"
"202100033081";"21";"06";"2021";"12:30";"1";"75";"75118";"2";"1";"1";"2";"RUE MARX DORMOY";"48,8894400000";"2,3599220000"
"202100033082";"21";"06";"2021";"19:25";"1";"75";"75117";"2";"1";"1";"3";"AVENUE DE VILLIERS";"48,8818020000";"2,3141970000"
"202100033083";"21";"06";"2021";"14:30";"1";"75";"75112";"2";"4";"1";"3";"BOULEVARD DIDEROT";"48,8461040000";"2,3760130000"
"202100033084";"21";"06";"2021";"10:41";"1";"75";"75108";"2";"3";"1";"6";"RUE DE ROME";"48,8772200000";"2,3230750000"
"202100033085";"21";"06";"2021";"18:40";"1";"75";"75103";"2";"2";"1";"6";"RUE BEAUBOURG";"48,8627140000";"2,3542910000"
"202100033086";"21";"06";"2021";"17:35";"1";"75";"75103";"2";"2";"1";"7";"BOULEVARD DE SEBASTOPOL";"48,8634020000";"2,3509510000"
"202100033087";"21";"06";"2021";"09:30";"1";"94";"94041";"2";"3";"1";"5";"Quai Jules Guesde";"48,8084000000";"2,4078000000"
"202100033088";"14";"06";"2021";"08:40";"1";"94";"94067";"2";"1";"1";"6";"Avenue du GÃ©nÃ©ral de Gaulle";"48,8444450000";"2,4175870000"
"202100033089";"21";"06";"2021";"18:15";"1";"94";"94078";"2";"7";"1";"3";"Rue de Paris";"48,7463100000";"2,4465700000"
"202100033090";"21";"06";"2021";"20:15";"1";"94";"94046";"2";"1";"1";"3";"GENERAL LECLERC (AV DU)";"48,8140000000";"2,4238000000"
"202100033091";"21";"06";"2021";"15:00";"1";"94";"94046";"2";"1";"1";"6";"Avenue Gambetta";"48,8099347241";"2,4440503120"
"202100033092";"20";"06";"2021";"05:09";"1";"94";"94076";"2";"1";"1";"1";"REPUBLIQUE (AV DE LA)";"48,7869800000";"2,3528100000"
"202100033093";"21";"06";"2021";"17:20";"1";"94";"94022";"2";"6";"1";"1";"LUGO (AV DE)";"48,7732890000";"2,4094820000"
"202100033094";"21";"06";"2021";"05:45";"1";"94";"94074";"1";"1";"1";"6";"Route de la Pompadour";"48,7699842103";"2,4488997459"
"202100033095";"20";"06";"2021";"19:30";"1";"94";"94019";"2";"1";"3";"4";"LIBERATION (RTE DE LA)";"48,7996300000";"2,5439500000"
"202100033096";"21";"06";"2021";"14:50";"1";"93";"93064";"2";"9";"1";"6";"ROSNY 2 (CENTRE COMMERCIAL)";"48,8839700000";"2,4755630000"
"202100033097";"20";"06";"2021";"12:50";"1";"93";"93050";"2";"1";"1";"7";"Avenue Robert Schumann";"48,8731690000";"2,5323670000"
"202100033098";"21";"06";"2021";"14:45";"1";"93";"93010";"2";"1";"1";"1";"FERRY (RUE JULES)";"48,8936490000";"2,4753120000"
"202100033099";"21";"06";"2021";"11:20";"1";"93";"93008";"2";"1";"1";"6";"LENINE (BOULEVARD)";"48,9066800000";"2,4443400000"
"202100033100";"19";"06";"2021";"06:00";"1";"92";"92063";"2";"4";"1";"2";"DIX-HUIT JUIN 1940 (AVENUE DU) EST";"48,8651742477";"2,2044961900"
"202100033101";"19";"06";"2021";"12:15";"1";"92";"92036";"2";"3";"1";"7";"MARCEL PAUL (AVENUE) (1/103)";"48,9426138541";"2,3029915988"
"202100033102";"21";"06";"2021";"12:13";"1";"92";"92035";"2";"2";"1";"6";"Rue des Fauvelles";"48,9022895362";"2,2397544980"
"202100033103";"21";"06";"2021";"20:30";"2";"92";"92012";"2";"2";"1";"3";"ESCUDIER (RUE) 1/47 - 2/38";"48,8433400000";"2,2366200000"
"202100033104";"21";"06";"2021";"10:00";"1";"92";"92012";"2";"6";"1";"3";"RHIN ET DANUBE (ROND POINT)";"48,8406449313";"2,2288875282"
"202100033105";"13";"06";"2021";"08:50";"1";"49";"49127";"1";"1";"1";"7";"Bois Vineau";"47,6764700000";" -0,2972750000"
"202100033106";"21";"06";"2021";"15:30";"1";"91";"91458";"1";"9";"1";"1";"D35";"48,6591930000";"2,2310130000"
"202100033107";"21";"06";"2021";"21:45";"3";"34";"34239";"1";"9";"8";"6";"A750";"43,6569550000";"3,5185530000"
"202100033108";"21";"06";"2021";"14:21";"1";"15";"15168";"1";"1";"3";"7";"A75Pk 103+700";"44,9758950000";"3,1862280000"
"202100033109";"21";"06";"2021";"13:40";"1";"62";"62817";"1";"1";"1";"1";"D60";"50,2705880000";"2,8047320000"
"202100033110";"22";"06";"2021";"00:15";"3";"51";"51576";"1";"1";"1";"7";"D1";"49,0506974540";"4,1348591441"
"202100033111";"21";"06";"2021";"20:00";"1";"56";"56060";"1";"1";"1";"6";"La Chenais";"47,7320670000";" -2,1826380000"
"202100033112";"21";"06";"2021";"18:55";"1";"56";"56004";"1";"1";"1";"2";"N165 sens Nantes/Brest";"47,5365580000";" -2,4001590000"
"202100033113";"17";"06";"2021";"15:10";"1";"76";"76298";"1";"1";"1";"7";"D486";"49,7340866397";"0,3886145353"
"202100033114";"22";"06";"2021";"07:32";"1";"80";"80241";"1";"1";"8";"6";"Domart-en-Ponthieu";"50,0584340000";"2,1150080000"
"202100033115";"15";"05";"2021";"18:00";"1";"82";"82186";"1";"1";"3";"6";"Borde Basse";"44,1319490000";"0,8860570000"
"202100033116";"14";"06";"2021";"06:50";"2";"32";"32107";"1";"1";"1";"7";"chemin de la terrasse";"43,9541340000";"0,3519150000"
"202100033117";"22";"06";"2021";"01:45";"3";"55";"55258";"1";"1";"2";"7";"Fort de Gironville (ChÃ¢teau)";"48,7873260000";"5,6708850000"
"202100033118";"22";"06";"2021";"12:20";"1";"49";"49010";"1";"9";"8";"1";"D203";"47,7157240000";" -1,1150690000"
"202100033119";"22";"06";"2021";"11:45";"1";"49";"49030";"1";"1";"1";"2";"Route de LonguÃ© RD 53";"47,3823040000";" -0,0854770000"
"202100033120";"20";"06";"2021";"22:45";"2";"47";"47097";"1";"1";"1";"6";"D119";"44,2247280000";"0,3589760000"
"202100033121";"20";"06";"2021";"06:30";"2";"29";"29158";"2";"1";"2";"6";"Rue du Goret";"47,7981770000";" -4,3702090000"
"202100033122";"21";"06";"2021";"09:45";"1";"31";"31080";"2";"1";"1";"6";"Avenue Charles Suran";"43,2858920000";"0,6507250000"
"202100033123";"21";"06";"2021";"19:50";"1";"84";"84057";"1";"2";"1";"1";"D60";"43,9143610000";"5,2545330000"
"202100033124";"21";"06";"2021";"18:20";"1";"70";"70044";"2";"1";"3";"1";"Rue de Grandvelle";"47,6782760000";"6,1613130000"
"202100033125";"22";"06";"2021";"08:30";"1";"14";"14194";"1";"1";"3";"1";"Chemin de la Bunoserie";"49,0968290000";"0,3911250000"
"202100033126";"22";"06";"2021";"09:10";"1";"60";"60253";"1";"1";"3";"2";"Rd 151";"49,5877210000";"2,1346090000"
"202100033127";"21";"06";"2021";"20:20";"1";"64";"64477";"2";"1";"1";"1";"199 borciriette";"43,1839980000";" -1,3286140000"
"202100033128";"19";"06";"2021";"20:00";"1";"43";"43025";"1";"1";"1";"7";"Lieu Dit les Bernauds";"45,2418650000";"4,0688630000"
"202100033129";"18";"06";"2021";"22:45";"3";"43";"43115";"1";"1";"1";"6";"RD 36";"44,9773640000";"4,0375450000"
"202100033130";"22";"06";"2021";"17:06";"1";"07";"07110";"1";"9";"1";"7";"D104";"44,4695770000";"4,2314960000"
"202100033131";"20";"06";"2021";"11:08";"1";"40";"40075";"2";"1";"1";"7";"D 378";"43,8576780000";" -1,1718030000"
"202100033132";"20";"06";"2021";"19:14";"1";"85";"85047";"1";"1";"1";"1";"Route des Sables d Olonne";"46,8292790000";" -1,8760160000"
"202100033133";"14";"06";"2021";"10:55";"1";"27";"27252";"1";"1";"1";"4";"Route de Paris";"49,1459530000";"0,4677830000"
"202100033134";"22";"06";"2021";"12:08";"1";"30";"30146";"1";"2";"1";"3";"Chemin d Anduzette";"43,9908580000";"4,0997400000"
"202100033135";"22";"06";"2021";"03:40";"3";"48";"48042";"1";"1";"1";"6";"D806";"44,5846410000";"3,4927190000"
"202100033136";"21";"06";"2021";"08:12";"1";"88";"88465";"2";"1";"1";"2";"330 Rue d Alsace (Girmont)";"48,2607810000";"6,4425910000"
"202100033137";"21";"06";"2021";"16:30";"1";"03";"03031";"1";"1";"1";"2";"A 71 PK 297+000";"46,3828460000";"2,7267820000"
"202100033138";"22";"06";"2021";"07:00";"1";"01";"01032";"1";"1";"1";"2";"A42";"45,8644030000";"5,1448630000"
"202100033139";"21";"06";"2021";"11:17";"1";"67";"67155";"1";"9";"1";"3";"autoroute A35 pk 424+300";"48,4075540000";"7,4809170000"
"202100033140";"21";"06";"2021";"18:20";"1";"06";"06088";"1";"1";"1";"7";"AUTOROUTE A8, pk 187+600, sens NICE-CANNES";"43,6808380000";"7,1929980000"
"202100033141";"22";"06";"2021";"13:45";"1";"49";"49129";"1";"1";"1";"7";"A11";"47,5025040000";" -0,5049200000"
"202100033142";"20";"06";"2021";"03:30";"3";"45";"45008";"1";"1";"1";"3";"A10 - PK 079+750";"48,0741510000";"1,8495230000"
"202100033143";"22";"06";"2021";"00:30";"3";"95";"95002";"1";"1";"2";"6";"Route Departementale 14";"49,0709092399";"1,9677221775"
"202100033144";"22";"06";"2021";"13:20";"1";"78";"78531";"1";"1";"3";"2";"A13 Point kilomÃ©trique 054.00";"48,9982960000";"1,6135740000"
"202100033145";"21";"06";"2021";"16:55";"1";"66";"66008";"1";"1";"9";"7";"D914";"42,5423700000";"3,0136550000"
"202100033146";"21";"06";"2021";"21:15";"5";"83";"83094";"2";"7";"1";"6";"avenue Leclerc";"43,3402650000";"6,5473000000"
"202100033147";"21";"06";"2021";"21:09";"1";"83";"83029";"1";"1";"1";"6";"Route de Fayence";"43,6153980000";"6,7413660000"
"202100033148";"21";"06";"2021";"18:50";"1";"25";"25384";"1";"1";"3";"7";"D486";"47,4597240000";"6,3145210000"
"202100033149";"19";"06";"2021";"17:30";"1";"73";"73006";"1";"1";"1";"6";"N90 - Roches de Villette";"45,5424120000";"6,6137910000"
"202100033150";"21";"06";"2021";"13:30";"1";"69";"69184";"1";"3";"1";"6";"D2 - ROUTE DE LA CHARINIÃRE";"45,6046710000";"4,5598730000"
"202100033151";"14";"06";"2021";"13:40";"1";"44";"44026";"1";"3";"1";"3";"route de paris";"47,2689490000";" -1,4815240000"
"202100033152";"21";"06";"2021";"14:30";"1";"76";"76758";"2";"4";"1";"6";"Rue Edmond LabbÃ©";"49,6168300000";"0,7520600000"
"202100033153";"21";"06";"2021";"19:17";"2";"76";"76055";"1";"1";"3";"1";"D37";"49,6377320000";"0,7681100000"
"202100033154";"22";"06";"2021";"02:10";"3";"60";"60241";"1";"1";"1";"6";"N330";"49,1541100000";"2,6674820000"
"202100033155";"15";"06";"2021";"17:15";"1";"62";"62705";"1";"2";"1";"2";"RD 243";"50,8094740000";"1,7786480000"
"202100033156";"22";"06";"2021";"20:30";"1";"59";"59126";"1";"6";"2";"7";"D643";"50,3175860000";"3,1324980000"
"202100033157";"21";"06";"2021";"07:55";"1";"13";"13055";"1";"1";"1";"2";"A507 sens Marseille - Aubagne";"43,2992200000";"5,4232800000"
"202100033158";"21";"06";"2021";"15:30";"1";"33";"33119";"1";"1";"1";"3";"ROUTE NATIONALE 230";"44,8500700000";" -0,5041600000"
"202100033159";"19";"06";"2021";"16:40";"1";"59";"59462";"1";"1";"1";"6";"AUTOROUTE A1";"50,5118334600";"3,0309015512"
"202100033160";"21";"06";"2021";"02:10";"3";"94";"94038";"1";"1";"9";"6";"AUTOROUTE A6B";"48,7733600000";"2,3453700000"
"202100033161";"19";"06";"2021";"22:20";"5";"94";"94043";"1";"1";"3";"3";"AUTOROUTE A6B";"48,8157000000";"2,3566100000"
"202100033162";"21";"06";"2021";"09:10";"1";"94";"94038";"1";"1";"1";"3";"AUTOROUTE A6B";"48,7832300000";"2,3470000000"
"202100033163";"21";"06";"2021";"06:00";"1";"78";"78640";"1";"1";"1";"6";"A86 EXT";"48,7772100000";"2,2236380000"
"202100033164";"20";"06";"2021";"10:57";"1";"78";"78640";"1";"1";"1";"2";"A86 EXT";"48,7795600000";"2,1912400000"
"202100033165";"21";"06";"2021";"09:00";"1";"93";"93078";"1";"1";"1";"3";"AUTOROUTE A104";"48,9664700000";"2,5150200000"
"202100033166";"20";"06";"2021";"23:45";"3";"92";"92036";"1";"1";"9";"6";"AUTOROUTE A15";"48,9492053212";"2,2806984183"
"202100033167";"20";"06";"2021";"17:05";"1";"976";"97611";"2";"1";"1";"6";"passamanty-VahibÃ© ( route )";" -12,8021600000";"45,2126200000"
"202100033168";"20";"06";"2021";"12:50";"1";"33";"33522";"2";"3";"1";"6";"Route de Toulouse";"44,8119000000";" -0,5737670000"
"202100033169";"20";"06";"2021";"09:30";"1";"976";"97611";"2";"6";"1";"3";"passamanty-VahibÃ© ( route )";" -12,8026900000";"45,2139300000"
"202100033170";"19";"06";"2021";"19:40";"3";"974";"97416";"1";"1";"1";"5";"RN3 (3)";" -21,3191300000";"55,4895200000"
"202100033171";"19";"06";"2021";"14:30";"1";"69";"69388";"2";"1";"1";"7";"JEAN MERMOZ                         (AV)";"45,7351800000";"4,8731600000"
"202100033172";"19";"06";"2021";"19:30";"1";"69";"69259";"2";"3";"1";"3";"FRANCIS DE PRESSENSE                (AV)";"45,7172100000";"4,8703900000"
"202100033173";"19";"06";"2021";"23:55";"5";"69";"69387";"2";"1";"1";"7";"VIENNE (DE) (RTE)";"45,7430900000";"4,8504100000"
"202100033174";"19";"06";"2021";"10:40";"1";"69";"69276";"2";"2";"1";"2";"VIENNE (DE) (RTE)";"45,6640400000";"4,8576400000"
"202100033175";"19";"06";"2021";"19:50";"1";"69";"69385";"2";"1";"1";"7";"CHEMIN NEUF (DU) (MO)";"45,7604100000";"4,8247000000"
"202100033176";"19";"06";"2021";"13:10";"1";"69";"69382";"2";"2";"1";"3";"PERRACHE (Q)";"45,7443883143";"4,8266154036"
"202100033177";"20";"06";"2021";"16:20";"1";"69";"69034";"2";"3";"3";"6";"COSTE (R)";"45,7861700000";"4,8336800000"
"202100033178";"15";"06";"2021";"20:30";"2";"69";"69382";"2";"3";"1";"3";"MARECHAL JOFFRE (Q)";"45,7526500000";"4,8246100000"
"202100033179";"20";"06";"2021";"21:25";"2";"2A";"2A004";"2";"1";"1";"7";"PERI GABRIEL RUE";"41,9156000000";"8,7306600000"
"202100033180";"20";"06";"2021";"01:34";"5";"95";"95063";"2";"1";"1";"2";"RUE JEAN JAURES";"48,9264290000";"2,2220950000"
"202100033181";"20";"06";"2021";"23:32";"5";"91";"91421";"2";"1";"1";"3";"GUE (RUE DU)";"48,7137600000";"2,4502400000"
"202100033182";"19";"06";"2021";"20:35";"1";"91";"91691";"2";"1";"1";"1";"GABRIEL PERI(RUE) DU NÂ°70 AU NÂ°122";"48,7058600000";"2,4880700000"
"202100033183";"19";"06";"2021";"18:30";"1";"83";"83069";"1";"1";"1";"3";"DECUGIS (AVENUE ALFRED)";"43,1160200000";"6,1481300000"
"202100033184";"19";"06";"2021";"18:00";"1";"83";"83069";"1";"1";"1";"2";"GIENS (ROUTE DE )";"43,0654800000";"6,1472200000"
"202100033185";"20";"06";"2021";"08:45";"1";"82";"82121";"2";"3";"1";"3";"DELTHIL (RUE CAMILLE)";"44,0210000000";"1,3647500000"
"202100033186";"19";"06";"2021";"19:10";"1";"68";"68376";"2";"1";"1";"3";"JONQUILLE (RUE DE LA)";"47,7991700000";"7,3111500000"
"202100033187";"20";"06";"2021";"18:30";"1";"56";"56260";"2";"1";"2";"3";"Place de la Madeleine";"47,6590900000";" -2,7726400000"
"202100033188";"20";"06";"2021";"15:48";"1";"49";"49267";"2";"1";"1";"1";"GEMMETRIE";"47,4648600000";" -0,4995900000"
"202100033189";"20";"06";"2021";"19:41";"1";"46";"46042";"2";"2";"1";"1";"GAMBETTA (BOULEVARD LEON) NÂ°IMPAIR";"44,4446700000";"1,4416900000"
"202100033190";"19";"06";"2021";"17:50";"1";"45";"45302";"2";"3";"3";"3";"Rue Marcel Paul";"47,9479300000";"1,9086100000"
"202100033191";"20";"06";"2021";"20:35";"1";"37";"37261";"2";"6";"2";"6";"SAINT-SAUVEUR (ROND POINT)";"47,3737900000";"0,6784200000"
"202100033192";"20";"06";"2021";"12:55";"1";"37";"37122";"2";"1";"1";"7";"JEAN JAURES";"47,3483353127";"0,6601144373"
"202100033193";"20";"06";"2021";"17:05";"1";"35";"35238";"2";"1";"1";"3";"VILLEBOIS MAREUIL (BD)";"48,1044000000";" -1,6501600000"
"202100033194";"18";"06";"2021";"23:00";"5";"34";"34032";"2";"1";"1";"6";"GAMBARDELLA EMANUEL (RUE)";"43,3351910000";"3,2493600000"
"202100033195";"18";"06";"2021";"21:00";"1";"34";"34032";"2";"1";"1";"6";"LANGUEDOC (BD DU)";"43,3637100000";"3,2390100000"
"202100033196";"20";"06";"2021";"07:15";"1";"33";"33550";"2";"4";"2";"6";"Rue de Montrignac";"44,7772109922";" -0,5657497441"
"202100033197";"19";"06";"2021";"09:50";"1";"31";"31555";"2";"1";"1";"4";"ALBI (RTE D) DU 1AU 243";"43,6393400000";"1,4658800000"
"202100033198";"20";"06";"2021";"13:25";"1";"27";"27229";"2";"3";"1";"3";"SAINT ANDRE (ROUTE DE)";"49,0115900000";"1,1654600000"
"202100033199";"20";"06";"2021";"02:00";"5";"25";"25056";"2";"2";"9";"6";"CLEMENCEAU AVENUE G.";"47,2373450000";"6,0066440000"
"202100033200";"20";"06";"2021";"00:15";"3";"15";"15012";"1";"1";"8";"7";"SENILHES";"44,8681500000";"2,4458300000"
"202100033201";"20";"06";"2021";"06:00";"2";"13";"13204";"2";"1";"1";"2";"ALEX. FLEMING (BOULEVARD)";"43,3166272454";"5,3970836406"
"202100033202";"19";"06";"2021";"19:20";"1";"13";"13028";"2";"1";"1";"3";"DULAC (AVENUE GUILLAUME)";"43,1960800000";"5,6128800000"
"202100033203";"20";"06";"2021";"03:40";"3";"06";"06069";"1";"1";"1";"7";"VALBONNE (ROUTE)";"43,6400150000";"6,9806610000"
"202100033204";"18";"06";"2021";"22:35";"5";"75";"75114";"2";"4";"1";"3";"PORTE D ORLEANS";"48,8190850000";"2,3296230000"
"202100033205";"18";"06";"2021";"23:20";"5";"75";"75114";"2";"1";"1";"2";"PORTE D ORLEANS";"48,8190550000";"2,3304420000"