"Num_Acc";"jour";"mois";"an";"hrmn";"lum";"dep";"com";"agg";"int";"atm";"col";"adr";"lat";"long"
"202100033206";"20";"06";"2021";"18:46";"1";"75";"75119";"2";"2";"2";"3";"AVENUE DE FLANDRE";"48,8883780000";"2,3741260000"
"202100033207";"20";"06";"2021";"16:25";"1";"75";"75119";"2";"7";"1";"6";"PLACE DE LA BATAILLE DE STALINGRAD";"48,8829410000";"2,3701430000"
"202100033208";"20";"06";"2021";"13:35";"1";"75";"75117";"2";"2";"1";"3";"AVENUE DE LA PORTE DE SAINT OUEN";"48,8977470000";"2,3290490000"
"202100033209";"20";"06";"2021";"14:30";"1";"75";"75118";"2";"1";"1";"1";"BOULEVARD NEY";"48,8984840000";"2,3536140000"
"202100033210";"20";"06";"2021";"18:55";"1";"75";"75117";"2";"1";"1";"3";"BOULEVARD PEREIRE";"48,8876860000";"2,3056880000"
"202100033211";"20";"06";"2021";"09:50";"1";"75";"75116";"2";"1";"1";"1";"ROUTE DES MOULINS";"48,8645510000";"2,2338330000"
"202100033212";"19";"06";"2021";"12:35";"1";"75";"75116";"2";"5";"1";"6";"RUE JEAN DE LA FONTAINE";"48,8489920000";"2,2662610000"
"202100033213";"19";"06";"2021";"21:00";"1";"75";"75113";"2";"7";"8";"3";"PLACE D ITALIE";"48,8318810000";"2,3558590000"
"202100033214";"19";"06";"2021";"13:45";"1";"75";"75111";"2";"1";"1";"6";"BOULEVARD VOLTAIRE";"48,8611970000";"2,3744350000"
"202100033215";"20";"06";"2021";"20:10";"2";"75";"75110";"2";"3";"3";"2";"RUE DU FAUBOURG SAINT MARTIN";"48,8804050000";"2,3643070000"
"202100033216";"20";"06";"2021";"12:00";"1";"75";"75116";"2";"1";"1";"3";"RUE DU RANELAGH";"48,8546380000";"2,2738260000"
"202100033217";"15";"06";"2021";"12:11";"1";"75";"75108";"2";"7";"1";"6";"PLACE DE LA CONCORDE";"48,8641430000";"2,3204000000"
"202100033218";"20";"06";"2021";"13:30";"1";"75";"75101";"2";"3";"1";"3";"RUE DE RIVOLI";"48,8624770000";"2,3362520000"
"202100033219";"16";"06";"2021";"08:30";"1";"75";"75104";"2";"1";"1";"6";"VOIE GEORGES POMPIDOU";"48,8503100000";"2,3611190000"
"202100033220";"20";"06";"2021";"10:50";"1";"94";"94022";"1";"2";"7";"3";"avenue de Lugo";"48,7732900000";"2,4094700000"
"202100033221";"20";"06";"2021";"18:00";"1";"94";"94044";"2";"1";"1";"3";"GABRIEL PERI (AV)";"48,7540000000";"2,4840000000"
"202100033222";"20";"06";"2021";"15:30";"1";"94";"94077";"2";"1";"1";"6";"Quai du Halage";"48,7250800000";"2,4352480000"
"202100033223";"20";"06";"2021";"00:50";"5";"94";"94021";"2";"9";"8";"2";"Avenue de Stalingrad";"48,7610820000";"2,3683580000"
"202100033224";"20";"06";"2021";"00:10";"5";"93";"93047";"2";"1";"1";"6";"Avenue des Palmiers";"48,8914800000";"2,5602200000"
"202100033225";"20";"06";"2021";"17:15";"1";"93";"93005";"2";"6";"1";"4";"Carrefour Jean Monnet";"48,9542050000";"2,5091520000"
"202100033226";"20";"06";"2021";"16:30";"1";"93";"93005";"2";"9";"1";"3";"EUGENE DELACROIX (RUE)";"48,9534060000";"2,4990030000"
"202100033227";"20";"06";"2021";"12:50";"1";"92";"92062";"2";"1";"1";"6";"GODEFROY (RUE) PAIR";"48,8812270000";"2,2422440000"
"202100033228";"20";"06";"2021";"16:00";"1";"92";"92032";"2";"1";"1";"6";"LOMBARD (AVENUE)";"48,7870417439";"2,2934080660"
"202100033229";"19";"06";"2021";"17:50";"1";"39";"39097";"2";"1";"1";"3";"105 Rue de Chevru";"46,7487320000";"5,9158090000"
"202100033230";"8";"06";"2021";"18:46";"1";"47";"47060";"2";"3";"1";"6";"Route de Layrac";"44,1162990000";"0,7281290000"
"202100033231";"20";"06";"2021";"10:40";"1";"86";"86275";"1";"1";"1";"6";"Lieu-dit La MorniÃ¨re";"46,8719360000";"0,4805660000"
"202100033232";"20";"06";"2021";"16:00";"1";"67";"67103";"1";"1";"1";"7";"D633";"48,7995960000";"7,4052730000"
"202100033233";"21";"06";"2021";"14:29";"1";"83";"83073";"1";"1";"1";"6";"PK 94+700";"43,4045780000";"6,2978814000"
"202100033234";"20";"06";"2021";"17:05";"1";"10";"10173";"1";"2";"1";"3";"D444";"48,2071900000";"4,1179260000"
"202100033235";"21";"06";"2021";"01:25";"5";"59";"59462";"1";"1";"2";"6";"D41";"50,4949380000";"3,0133970000"
"202100033236";"21";"06";"2021";"10:50";"1";"38";"38337";"2";"1";"1";"7";"Avenue Jean Jaures";"45,3517400000";"5,5005400000"
"202100033237";"19";"06";"2021";"18:00";"1";"30";"30286";"1";"1";"1";"1";"D981";"43,9846490000";"4,4604910000"
"202100033238";"20";"06";"2021";"08:05";"2";"23";"23065";"1";"1";"3";"6";"Grande Rue";"46,2889890000";"1,6015150000"
"202100033239";"20";"06";"2021";"12:30";"1";"44";"44071";"2";"6";"1";"3";"rue des Ã©pinettes";"47,1999630000";" -1,4412690000"
"202100033240";"14";"06";"2021";"18:00";"1";"51";"51105";"1";"1";"1";"7";"D980";"49,2607180922";"4,0907841183"
"202100033241";"20";"06";"2021";"07:30";"2";"51";"51232";"1";"1";"1";"7";"D33";"49,3016980000";"4,2491340000"
"202100033242";"18";"06";"2021";"08:50";"1";"78";"78192";"1";"2";"1";"3";"Rue des Brossets";"48,9317970000";"1,6217060000"
"202100033243";"21";"06";"2021";"09:30";"1";"81";"81235";"1";"2";"1";"3";"intersection  D85 et voie communale VC5";"43,5190460000";"2,1841660000"
"202100033244";"20";"06";"2021";"11:05";"1";"71";"71133";"2";"1";"1";"6";"Place de la Mairie";"46,2902480000";"4,3043580000"
"202100033245";"21";"06";"2021";"02:30";"3";"89";"89478";"1";"1";"1";"7";"D100";"47,6815170000";"3,6546670000"
"202100033246";"21";"06";"2021";"07:55";"1";"63";"63271";"1";"1";"1";"6";"RD 906";"45,9374325700";"3,4874571600"
"202100033247";"23";"05";"2021";"15:25";"1";"49";"49308";"1";"1";"1";"7";"RD  123  lieu dit LES HAUTES BROSSES";"47,3670540000";" -0,4818960000"
"202100033248";"20";"06";"2021";"22:15";"3";"12";"12195";"1";"1";"1";"7";"D999";"43,8773010000";"2,7879850000"
"202100033249";"19";"06";"2021";"18:18";"1";"47";"47285";"1";"1";"1";"2";"D933";"44,4269230000";"0,1277700000"
"202100033250";"19";"06";"2021";"16:05";"1";"22";"22358";"1";"1";"2";"1";"Beuzit Bras";"48,6158350000";" -3,1488280000"
"202100033251";"20";"06";"2021";"15:20";"1";"25";"25551";"1";"1";"1";"7";"D134";"47,3195380000";"6,8681290000"
"202100033252";"20";"06";"2021";"17:37";"1";"01";"01204";"1";"1";"2";"6";"D1084";"46,1635150000";"5,7003920000"
"202100033253";"20";"06";"2021";"13:35";"1";"70";"70037";"2";"4";"1";"3";"43 rue des fontenis";"47,5328060000";"5,6957350000"
"202100033254";"20";"06";"2021";"20:50";"1";"70";"70219";"1";"1";"2";"3";"CD9";"47,5365150000";"6,3885280000"
"202100033255";"19";"06";"2021";"11:40";"1";"58";"58197";"1";"1";"1";"6";"D119";"47,3810180000";"3,6813860000"
"202100033256";"21";"06";"2021";"05:45";"2";"66";"66016";"2";"1";"1";"6";"1443 Boulevard Lassus";"42,4839980000";"3,1311520000"
"202100033257";"21";"06";"2021";"17:00";"1";"06";"06150";"1";"9";"1";"3";"1094 Route de Beausoleil";"43,7503410000";"7,4161260000"
"202100033258";"20";"06";"2021";"18:25";"1";"14";"14342";"1";"1";"1";"1";"D613";"49,3082810000";" -1,1327930000"
"202100033259";"14";"06";"2021";"19:10";"1";"50";"50588";"1";"2";"7";"1";"la croix de pierre";"49,5360370000";" -1,4676400000"
"202100033260";"18";"06";"2021";"15:00";"1";"43";"43091";"1";"1";"6";"7";"Route du Gerbier";"44,8909120000";"4,1629760000"
"202100033261";"19";"06";"2021";"12:30";"1";"07";"07197";"1";"3";"1";"3";"D578";"45,2143600000";"4,6698060000"
"202100033262";"20";"06";"2021";"11:55";"1";"53";"53062";"2";"1";"8";"6";"Avenue Saint Fort";"47,8098980000";" -0,7083390000"
"202100033263";"20";"06";"2021";"20:30";"1";"21";"21004";"2";"1";"1";"6";"1 rue du Mont Aigu";"47,6629880000";"4,7345600000"
"202100033264";"20";"06";"2021";"16:45";"1";"04";"04204";"1";"1";"1";"7";"RD 4085";"43,8846170000";"6,4377630000"
"202100033265";"21";"06";"2021";"01:50";"3";"17";"17397";"1";"1";"2";"7";"Chez Praud";"45,9128770000";" -0,6535260000"
"202100033266";"11";"06";"2021";"22:30";"3";"17";"17347";"1";"2";"1";"3";"Intersection D 127 / rue de pelouaille";"45,9560130000";" -0,5031610000"
"202100033267";"29";"05";"2021";"15:25";"1";"68";"68066";"1";"1";"1";"2";"A35";"48,0561540000";"7,3763540000"
"202100033268";"21";"06";"2021";"04:15";"3";"88";"88440";"1";"1";"1";"3";"A31";"48,2679660000";"5,8618930000"
"202100033269";"17";"06";"2021";"23:30";"5";"69";"69007";"2";"1";"1";"7";"ALLEES (DES) (BD)";"45,4908953949";"4,8152196407"
"202100033270";"20";"06";"2021";"18:00";"1";"06";"06157";"2";"1";"2";"1";"Chemin de Vosgelades";"43,7169410000";"7,1298290000"
"202100033271";"19";"06";"2021";"14:30";"1";"70";"70416";"2";"4";"1";"5";"RN 19";"47,6651890000";"6,3509020000"
"202100033272";"21";"06";"2021";"12:20";"1";"89";"89452";"1";"1";"1";"1";"N/A";"48,0090760000";"3,3187260000"
"202100033273";"26";"03";"2021";"20:47";"3";"88";"88251";"1";"1";"1";"7";"D50";"48,3229300000";"6,6786580000"
"202100033274";"14";"06";"2021";"14:00";"1";"57";"57433";"2";"3";"7";"6";"Rue de Rome";"49,2000880000";"6,1630240000"
"202100033275";"18";"06";"2021";"23:05";"3";"38";"38468";"1";"1";"1";"1";"D4";"45,3523340000";"4,7905000000"
"202100033276";"21";"06";"2021";"10:30";"1";"38";"38374";"1";"1";"1";"6";"Route du Bugey";"45,6563100000";"5,3168360000"
"202100033277";"16";"06";"2021";"10:23";"1";"38";"38540";"2";"1";"1";"3";"D1532";"45,2682180000";"5,6203570000"
"202100033278";"20";"06";"2021";"07:15";"2";"26";"26004";"1";"1";"1";"6";"Route de Chabeuil";"44,9690260000";"5,0243890000"
"202100033279";"20";"06";"2021";"07:15";"1";"26";"26116";"2";"6";"1";"6";"Route Nationale 7";"44,4298730000";"4,7125340000"
"202100033280";"21";"06";"2021";"17:00";"1";"80";"80447";"1";"1";"1";"6";"Autoroute A1 pk 115+292";"49,8161310000";"2,8204500000"
"202100033281";"20";"06";"2021";"17:00";"1";"13";"13071";"1";"1";"1";"3";"A7-Sens Marseille vers Lyon";"43,4066900000";"5,3255400000"
"202100033282";"19";"06";"2021";"19:15";"1";"13";"13106";"1";"1";"1";"3";"A7-Sens Lyon vers Marseille";"43,3950700000";"5,3506800000"
"202100033283";"20";"06";"2021";"02:18";"5";"13";"13202";"1";"9";"1";"1";"A55-Sens Marseille vers Martigues";"43,3109200000";"5,3684200000"
"202100033284";"15";"06";"2021";"16:01";"1";"13";"13215";"1";"1";"1";"4";"A7-Sens Lyon vers Marseille";"43,3715700000";"5,3610100000"
"202100033285";"15";"06";"2021";"16:45";"1";"67";"67482";"1";"1";"1";"5";"M35";"48,5885800000";"7,7299400000"
"202100033286";"19";"06";"2021";"11:55";"1";"92";"92025";"1";"1";"1";"4";"A86";"48,9189886921";"2,2237886747"
"202100033287";"20";"06";"2021";"19:10";"1";"60";"60494";"1";"1";"2";"2";"AUTOROUTE A1";"49,1143900000";"2,5540400000"
"202100033288";"20";"06";"2021";"11:30";"1";"95";"95018";"1";"1";"1";"4";"AUTOROUTE A15";"48,9628056614";"2,2656336597"
"202100033289";"19";"06";"2021";"22:20";"3";"95";"95424";"1";"1";"2";"6";" A15";"48,9895000000";"2,2004900000"
"202100033290";"19";"06";"2021";"23:00";"3";"95";"95582";"1";"1";"2";"6";"AUTOROUTE A15";"48,9752800000";"2,2423900000"
"202100033291";"19";"06";"2021";"22:20";"3";"95";"95306";"1";"1";"3";"2";" A15";"49,0021000000";"2,1712700000"
"202100033292";"19";"06";"2021";"21:50";"2";"93";"93027";"1";"1";"3";"7";"AUTOROUTE A86";"48,9284000000";"2,4161200000"
"202100033293";"20";"06";"2021";"19:10";"2";"77";"77122";"1";"1";"2";"6";"RN104";"48,6552396778";"2,6158102850"
"202100033294";"20";"06";"2021";"11:50";"1";"77";"77083";"1";"1";"1";"2";"A4.W";"48,8336000000";"2,5925000000"
"202100033295";"20";"06";"2021";"00:30";"3";"77";"77294";"1";"1";"1";"6";"A104";"48,9714198105";"2,5734611015"
"202100033296";"19";"06";"2021";"11:20";"1";"38";"38185";"2";"2";"1";"1";"RUE CHARLES RIVAIL";"45,1784000000";"5,7493900000"
"202100033297";"19";"06";"2021";"20:30";"1";"75";"75111";"2";"1";"2";"6";"RUE AMELOT";"48,8629980000";"2,3672300000"
"202100033298";"14";"06";"2021";"18:50";"1";"29";"29039";"2";"1";"1";"6";"Rue Lucien Vidie";"47,8929500000";" -3,9157200000"
"202100033299";"14";"06";"2021";"17:00";"1";"13";"13206";"2";"1";"1";"1";"BAILLE (BOULEVARD)";"43,2861600000";"5,3843300000"
"202100033300";"14";"06";"2021";"18:55";"5";"973";"97302";"2";"1";"1";"2";"FELIX EBOUE(ROCADE)";"4,9381119292";" -52,3166263104"
"202100033301";"14";"06";"2021";"22:45";"2";"69";"69387";"2";"3";"1";"1";"BERTHELOT (AV)";"45,7407000000";"4,8560200000"
"202100033302";"14";"06";"2021";"16:00";"1";"69";"69199";"2";"1";"1";"6";"ALBERT THOMAS (AV)";"45,7068784425";"4,8590180576"
"202100033303";"14";"06";"2021";"16:40";"1";"69";"69387";"2";"2";"1";"3";"CHEVREUL (R)";"45,7482200000";"4,8408100000"
"202100033304";"14";"06";"2021";"14:05";"1";"69";"69383";"2";"2";"1";"3";"MAZENOD (R)";"45,7586730000";"4,8448230000"
"202100033305";"14";"06";"2021";"14:10";"1";"69";"69386";"2";"1";"1";"7";"GENERAL SARRAIL (DU) (Q)";"45,7677641999";"4,8412519097"
"202100033306";"14";"06";"2021";"09:15";"1";"69";"69386";"2";"2";"1";"3";"DUQUESNE (R)";"45,7728000000";"4,8465390000"
"202100033307";"13";"06";"2021";"13:55";"1";"972";"97213";"1";"1";"1";"5";"ROUTE NATIONALE 5";"14,5961000000";" -60,9903200000"
"202100033308";"14";"06";"2021";"16:40";"1";"69";"69389";"2";"1";"1";"6";"JOANNES CARRET (R)";"45,7929400000";"4,8205300000"
"202100033309";"12";"06";"2021";"18:15";"1";"2B";"2B033";"2";"1";"1";"3";"MAGDELENA - RUE SANTA";"42,6797700000";"9,4419100000"
"202100033310";"14";"06";"2021";"13:25";"1";"2A";"2A004";"2";"1";"1";"2";"GEORGES POMPIDOU AVENUE";"41,9332764496";"8,7551077081"
"202100033311";"11";"06";"2021";"19:10";"1";"95";"95539";"1";"1";"1";"3";"Rue du Luat";"49,0091490000";"2,3524330000"
"202100033312";"14";"06";"2021";"20:00";"1";"95";"95019";"2";"1";"7";"6";"Rue Jean JaurÃ¨s";"48,9953900000";"2,4196500000"
"202100033313";"14";"06";"2021";"21:27";"2";"95";"95574";"2";"1";"1";"1";"RD 144";"49,0071342347";"2,2714394331"
"202100033314";"14";"06";"2021";"08:30";"1";"91";"91645";"2";"1";"7";"1";"VALLEE DE LA BIEVRES (VOIE DE LA)";"48,7381200000";"2,2552900000"
"202100033315";"12";"06";"2021";"12:15";"1";"87";"87085";"2";"1";"1";"7";"TOULOUSE (RUE DE)";"45,8082600000";"1,2869700000"
"202100033316";"12";"06";"2021";"01:45";"4";"86";"86194";"2";"1";"1";"6";"Voie AndrÃ© Malraux";"46,5845380000";"0,3541160000"
"202100033317";"10";"06";"2021";"23:05";"3";"85";"85194";"2";"1";"1";"4";"Boulevard du VendÃ©e Globe (Olonne-sur-Mer)";"46,5118300000";" -1,7925600000"
"202100033318";"14";"06";"2021";"19:00";"1";"83";"83137";"2";"1";"1";"3";"PICOT (AVE DU COLONEL)";"43,1269800000";"5,9613900000"
"202100033319";"13";"06";"2021";"12:10";"1";"78";"78646";"1";"1";"1";"2";"DIVISION LECLERC (RUE DE LA)";"48,8010400000";"2,0793400000"
"202100033320";"14";"06";"2021";"14:15";"1";"78";"78672";"2";"1";"1";"3";"ORGEVAL ROUTE D'";"48,9321560000";"1,9902550000"
"202100033321";"14";"06";"2021";"00:30";"3";"77";"77407";"1";"3";"1";"6";"D607";"48,5449000000";"2,5130200000"
"202100033322";"12";"06";"2021";"06:15";"1";"76";"76351";"2";"1";"1";"6";"JENNER (TUNNEL)";"49,5054900000";"0,1341900000"
"202100033323";"11";"06";"2021";"06:45";"1";"70";"70388";"1";"1";"1";"1";"RD457";"47,5998060000";"6,1128470000"
"202100033324";"14";"06";"2021";"07:50";"2";"69";"69092";"2";"2";"1";"3";"TARARE (DE) (R)";"45,9810591788";"4,6937355101"
"202100033325";"11";"06";"2021";"12:50";"1";"67";"67267";"2";"1";"1";"1";"GRAFFENSTADEN (RUE DE)";"48,5489500000";"7,6808000000"
"202100033326";"11";"06";"2021";"08:00";"1";"67";"67482";"2";"1";"1";"6";"PONT SCHUHANSEN (RUE DU)";"48,5410480000";"7,7592250000"
"202100033327";"13";"06";"2021";"01:16";"5";"66";"66136";"2";"3";"1";"3";"REGNIER (HENRI DE)";"42,7080400000";"2,8876100000"
"202100033328";"12";"06";"2021";"23:30";"3";"66";"66136";"2";"1";"1";"2";"R D 900";"42,7298200000";"2,8809800000"
"202100033329";"12";"06";"2021";"03:00";"5";"66";"66136";"2";"1";"1";"6";"DÃ©partementale  617";"42,7080617288";"2,9112348896"
"202100033330";"11";"06";"2021";"19:18";"1";"66";"66136";"2";"1";"1";"2";"LOUIS NOGUERES (BOULEVARD)";"42,7268700000";"2,9006900000"
"202100033331";"13";"06";"2021";"23:00";"3";"65";"65226";"1";"1";"1";"6";"DEPARTEMENTALE 94 (ROUTE)";"43,2155498953";"0,0230669975"
"202100033332";"13";"06";"2021";"09:45";"1";"64";"64102";"2";"1";"1";"7";"LESTANQUET (CHEMIN DE)";"43,4777500000";" -1,4880700000"
"202100033333";"11";"06";"2021";"23:30";"4";"59";"59383";"1";"1";"1";"7";"RD 75";"50,3554370000";"3,5601090000"
"202100033334";"14";"06";"2021";"19:15";"1";"59";"59508";"2";"1";"1";"6";"BARBUSSE (RUE HENRI)";"50,7435520000";"3,1295170000"
"202100033335";"14";"06";"2021";"18:15";"1";"59";"59299";"2";"2";"1";"3";"GUESDE (RUE JULES)";"50,6576600000";"3,1925070000"
"202100033336";"13";"06";"2021";"17:25";"1";"59";"59239";"1";"1";"1";"6";"CD 35";"50,4015760502";"3,1750498875"
"202100033337";"14";"06";"2021";"09:01";"1";"57";"57463";"2";"2";"1";"6";"ANDRE MALRAUX (AVENUE)";"49,1030000000";"6,1800000000"
"202100033338";"12";"06";"2021";"21:40";"1";"56";"56121";"2";"1";"1";"6";"BRAILLE (RUE LOUIS)";"47,7546900000";" -3,3727800000"
"202100033339";"11";"06";"2021";"12:35";"1";"56";"56098";"2";"1";"1";"6";"ETANG (RUE  DE L' )";"47,7663800000";" -3,3203100000"
"202100033340";"10";"06";"2021";"12:50";"1";"54";"54167";"2";"1";"1";"6";"MARONNIERS";"48,6718700000";"5,9075100000"
"202100033341";"14";"06";"2021";"10:06";"1";"51";"51454";"2";"1";"1";"2";"Avenue de Champagne";"49,2390200000";"4,0450700000"
"202100033342";"14";"06";"2021";"12:35";"1";"44";"44109";"2";"1";"1";"3";"BOULEVARD JEAN PHILIPPOT";"47,2119400000";" -1,5553200000"
"202100033343";"14";"06";"2021";"09:45";"1";"42";"42187";"2";"4";"1";"6";"Rue Cuvier";"46,0462400000";"4,0660100000"
"202100033344";"14";"06";"2021";"12:40";"1";"38";"38185";"2";"3";"1";"6";"Place de la Gare";"45,1904200000";"5,7158800000"
"202100033345";"14";"06";"2021";"17:46";"1";"35";"35238";"2";"9";"1";"6";"FEVAL (PAUL)";"48,1016800000";" -1,6764900000"
"202100033346";"14";"06";"2021";"11:51";"1";"35";"35238";"1";"1";"1";"3";"RN 136";"48,1343900000";" -1,7065000000"
"202100033347";"14";"06";"2021";"08:40";"1";"35";"35278";"1";"1";"1";"4";"RD 137";"48,1572400000";" -1,7038860000"
"202100033348";"13";"06";"2021";"17:40";"1";"34";"34129";"1";"1";"1";"3";"D116";"43,5590830000";"3,8653470000"
"202100033349";"14";"06";"2021";"20:20";"1";"33";"33522";"2";"2";"1";"2";"Cours de la LibÃ©ration";"44,7926800000";" -0,6051200000"
"202100033350";"14";"06";"2021";"17:50";"1";"33";"33069";"2";"6";"1";"3";"Avenue dâEysines";"44,8606950000";" -0,6124760000"
"202100033351";"14";"06";"2021";"00:10";"4";"33";"33529";"1";"6";"1";"6";"Boulevard de Cazaux";"44,6049320000";" -1,1301010000"
"202100033352";"14";"06";"2021";"20:00";"1";"33";"33529";"2";"2";"1";"3";"Avenue du Parc des Expositions";"44,6149060000";" -1,1187250000"
"202100033353";"14";"06";"2021";"09:50";"1";"33";"33009";"2";"1";"1";"6";"Rue de la Dune Pontac";"44,6585300000";" -1,1565800000"
"202100033354";"14";"06";"2021";"09:05";"1";"31";"31555";"2";"1";"1";"3";"AV JULES JULIEN";"43,5759000000";"1,4510800000"
"202100033355";"12";"06";"2021";"19:25";"1";"30";"30189";"1";"1";"1";"6";"ALES (ROUTE)";"43,8714000000";"4,3205000000"
"202100033356";"12";"06";"2021";"19:05";"1";"30";"30189";"2";"3";"1";"6";"FAITA VINCENT (RUE)";"43,8445000000";"4,3706000000"
"202100033357";"14";"06";"2021";"13:20";"1";"30";"30007";"2";"1";"1";"6";"Route du Pont de Grabieux";"44,1415200000";"4,0886600000"
"202100033358";"13";"06";"2021";"17:26";"1";"29";"29019";"2";"1";"7";"2";"Rue de la Villeneuve";"48,4113700000";" -4,4574900000"
"202100033359";"14";"06";"2021";"20:25";"1";"17";"17300";"2";"6";"1";"1";"MONNET   AVENUE JEAN";"46,1430800000";" -1,1532700000"
"202100033360";"11";"06";"2021";"19:35";"1";"16";"16102";"2";"3";"1";"3";"Place Jean Monnet";"45,6929510000";" -0,3274490000"
"202100033361";"13";"06";"2021";"17:39";"1";"14";"14001";"2";"1";"1";"1";"Le Bourg";"49,3933100000";"0,2910000000"
"202100033362";"14";"06";"2021";"20:40";"1";"13";"13208";"2";"1";"1";"6";"PRADO (AVENUE DU)";"43,2785100000";"5,3876000000"
"202100033363";"14";"06";"2021";"07:58";"1";"13";"13207";"2";"1";"1";"1";"CORSE (AVENUE DE LA)";"43,2893100000";"5,3619500000"
"202100033364";"14";"06";"2021";"08:45";"1";"13";"13215";"2";"1";"1";"3";"LYON (RUE DE)";"43,3239600000";"5,3674400000"
"202100033365";"12";"06";"2021";"14:20";"1";"10";"10387";"2";"1";"1";"2";"BLANQUI (RUE)";"48,3023600000";"4,0519500000"
"202100033366";"14";"06";"2021";"12:05";"1";"09";"09225";"2";"9";"1";"4";"9Â° R.C.P. AVENUE DU";"43,1159100000";"1,6259400000"
"202100033367";"13";"06";"2021";"01:47";"5";"06";"06088";"2";"1";"1";"2";"VOIE RAPIDE";"43,7000000000";"7,2600000000"
"202100033368";"15";"06";"2021";"01:15";"5";"06";"06069";"1";"1";"1";"6";"DRAGUIGNAN (ROUTE DE) - D2562-";"43,6434900000";"6,9029200000"
"202100033369";"13";"06";"2021";"16:45";"1";"05";"05061";"1";"1";"1";"7";"LUYE ( ROUTE DE LA )";"44,5097200000";"6,0649900000"
"202100033370";"11";"06";"2021";"14:45";"1";"05";"05061";"1";"1";"1";"1";"RN85";"44,5813100000";"6,0812200000"
"202100033371";"14";"06";"2021";"08:35";"1";"78";"78361";"2";"6";"7";"6";"Boulevard MarÃ©chal Juin";"48,9959200000";"1,6896150000"
"202100033372";"17";"06";"2021";"14:52";"1";"66";"66136";"2";"1";"1";"6";"ARGELES SUR MER AVENUE D'";"42,6839000000";"2,9091200000"
"202100033373";"17";"06";"2021";"16:29";"1";"57";"57221";"1";"1";"1";"2";"METZ (ROUTE DE)";"49,3200700000";"6,1554600000"
"202100033374";"18";"06";"2021";"17:10";"1";"974";"97407";"2";"9";"1";"7";"PICASSO(RUE)";" -20,9500600000";"55,2963000000"
"202100033375";"18";"06";"2021";"15:55";"1";"974";"97407";"1";"9";"1";"2";"ROUTE NATIONALE NÂ° 1";" -20,9406620628";"55,2991634832"
"202100033376";"18";"06";"2021";"12:40";"1";"69";"69383";"2";"2";"1";"3";"VERLET HANUS (R)";"45,7579100000";"4,8494300000"
"202100033377";"19";"06";"2021";"15:05";"1";"69";"69387";"2";"2";"1";"3";"GARIBALDI (R)";"45,7451500000";"4,8487900000"
"202100033378";"19";"06";"2021";"12:45";"1";"69";"69386";"2";"2";"1";"3";"MASSENA (R)";"45,7681700000";"4,8544300000"
"202100033379";"19";"06";"2021";"08:40";"1";"69";"69276";"2";"6";"1";"1";"D312                                     ";"45,6788500000";"4,8503000000"
"202100033380";"18";"06";"2021";"23:05";"4";"972";"97213";"2";"3";"2";"1";"FOUR A CHAUX (CHEMIN DU)";"14,6105200000";" -61,0036500000"
"202100033381";"19";"06";"2021";"19:45";"5";"972";"97209";"2";"1";"2";"6";"MARNE (BOULEVARD DE LA)";"14,6038220000";" -61,0799400000"
"202100033382";"18";"06";"2021";"21:00";"5";"972";"97209";"2";"1";"1";"2";"REDOUTE (ROUTE DE LA)";"14,6349500000";" -61,0552200000"
"202100033383";"16";"06";"2021";"19:00";"1";"69";"69384";"2";"2";"1";"1";"AIME BOUSSANGE (R)";"45,7754700000";"4,8347500000"
"202100033384";"18";"06";"2021";"07:30";"1";"69";"69149";"2";"2";"1";"3";"SARRA (DE LA) (R)";"45,7103677795";"4,8021654089"
"202100033385";"19";"06";"2021";"22:15";"5";"2B";"2B120";"1";"1";"1";"2";"11 - RT";"42,6370000000";"9,4372300000"
"202100033386";"19";"06";"2021";"17:11";"1";"76";"76322";"2";"1";"1";"1";"RAVEL. BOULEVARD MAURICE";"49,4059202286";"1,0441843048"
"202100033387";"19";"06";"2021";"11:00";"1";"74";"74012";"2";"1";"1";"2";"ROMAGNY (RUE DE)";"46,1969100000";"6,2500300000"
"202100033388";"18";"06";"2021";"17:00";"1";"73";"73065";"2";"1";"7";"6";"LANFREY PIERRE (AVENUE)";"45,5691600000";"5,9151000000"
"202100033389";"19";"06";"2021";"23:05";"5";"72";"72181";"2";"6";"3";"2";"DURAND GEORGES (AV) NÂ° PAIRS 166 A 310";"47,9741600000";"0,2157900000"
"202100033390";"18";"06";"2021";"23:00";"5";"71";"71153";"2";"1";"1";"6";"92b Rue du Marechal Joffre";"46,7911200000";"4,4118500000"
"202100033391";"19";"06";"2021";"15:30";"1";"69";"69266";"2";"1";"1";"3";"GABRIEL PERI (R)";"45,7716333125";"4,8649699241"
"202100033392";"19";"06";"2021";"13:40";"1";"69";"69266";"2";"3";"1";"3";"JEAN JAURES (R)";"45,7575900000";"4,8826200000"
"202100033393";"19";"06";"2021";"10:50";"1";"69";"69266";"2";"2";"1";"6";"PAUL VERLAINE (R)";"45,7682810991";"4,8802106380"
"202100033394";"20";"06";"2021";"01:30";"5";"65";"65417";"2";"1";"1";"6";"MITTERRAND (AVENUE FRANCOIS)";"43,2327440000";"0,0924180000"
"202100033395";"19";"06";"2021";"11:40";"1";"65";"65440";"2";"1";"1";"4";"PAU (ROUTE DE)";"43,2381000000";"0,0401200000"