"Num_Acc";"jour";"mois";"an";"hrmn";"lum";"dep";"com";"agg";"int";"atm";"col";"adr";"lat";"long"
"202100033396";"19";"06";"2021";"18:00";"1";"64";"64483";"2";"1";"8";"3";"ITHURRALDE ANDRE (AVENUE)";"43,3939336067";" -1,6503695119"
"202100033397";"18";"06";"2021";"08:30";"1";"60";"60175";"2";"3";"1";"6";"Rue de la RÃ©publique";"49,2607833891";"2,4746714830"
"202100033398";"19";"06";"2021";"14:20";"1";"59";"59650";"2";"1";"1";"6";"CARNOT (RUE)";"50,6981812611";"3,2073722620"
"202100033399";"18";"06";"2021";"20:00";"1";"59";"59225";"2";"3";"1";"3";"JEAN JAURES (RUE)";"50,2977420000";"3,9167250000"
"202100033400";"19";"06";"2021";"15:15";"1";"54";"54526";"2";"2";"1";"2";"BOIS LA DAME (CHEMIN DE)";"48,6757381822";"6,2274053693"
"202100033401";"18";"06";"2021";"11:00";"1";"51";"51172";"2";"6";"1";"4";"Route de Louvois";"49,2096611353";"4,0509456396"
"202100033402";"19";"06";"2021";"22:44";"5";"49";"49353";"2";"1";"1";"6";"QUANTINIERE LIEU DIT";"47,4560400000";" -0,4723760000"
"202100033403";"19";"06";"2021";"19:35";"1";"46";"46042";"1";"1";"3";"1";"DÃ©partementale 811 (entre Cahors et Merc";"44,4781260000";"1,4223090000"
"202100033404";"19";"06";"2021";"21:35";"1";"44";"44109";"2";"1";"1";"6";"LEMOINE ( RUE FELIX )";"47,2356900000";" -1,5468300000"
"202100033405";"19";"06";"2021";"21:30";"3";"38";"38185";"2";"2";"1";"3";"RUE DE LA POSTE";"45,1898700000";"5,7269900000"
"202100033406";"18";"06";"2021";"16:00";"1";"34";"34172";"2";"6";"1";"3";"CHAR (ROND POINT RENE)";"43,6246500000";"3,8268200000"
"202100033407";"19";"06";"2021";"23:10";"3";"31";"31555";"2";"1";"1";"6";"A621 (SEPT DENIERS-ANCELY)";"43,6244930000";"1,4076980000"
"202100033408";"19";"06";"2021";"00:05";"5";"30";"30189";"2";"3";"1";"6";"DAYAN GEORGES (AVENUE)";"43,8222000000";"4,3461000000"
"202100033409";"16";"06";"2021";"18:50";"1";"30";"30356";"2";"1";"1";"6";"BEAUCAIRE (ROUTE)";"43,8329000000";"4,4236000000"
"202100033410";"19";"06";"2021";"19:45";"1";"29";"29019";"2";"3";"1";"6";"Avenue Georges Clemenceau";"48,3906450000";" -4,4870460000"
"202100033411";"13";"06";"2021";"17:45";"1";"18";"18205";"2";"1";"1";"3";"MOULON (RUE DU)";"47,0953700000";"2,3839700000"
"202100033412";"18";"06";"2021";"23:40";"5";"14";"14220";"2";"2";"2";"3";"Rue Victor Hugo";"49,3578440000";"0,0710400000"
"202100033413";"19";"06";"2021";"23:29";"5";"13";"13208";"2";"2";"1";"3";"PRADO (AVENUE DU)";"43,2804000000";"5,3869000000"
"202100033414";"19";"06";"2021";"22:07";"2";"13";"13204";"2";"1";"1";"7";"FRANÃOISE DUPARC (BOULEVARD)";"43,3070000000";"5,4010000000"
"202100033415";"19";"06";"2021";"19:07";"1";"13";"13201";"2";"3";"1";"3";"TROIS MAGES (RUE DES)";"43,2942500000";"5,3854200000"
"202100033416";"19";"06";"2021";"14:20";"1";"13";"13213";"2";"1";"8";"2";"PEYPIN (RUE DE)";"43,3265644744";"5,4210460026"
"202100033417";"18";"06";"2021";"19:30";"1";"10";"10387";"2";"1";"1";"3";"JACQUIN (RUE)";"48,3044400000";"4,0825100000"
"202100033418";"18";"06";"2021";"19:40";"2";"75";"75118";"2";"1";"7";"3";"PORTE DE CLIGNANCOURT";"48,9009670000";"2,3399020000"
"202100033419";"18";"06";"2021";"07:50";"1";"75";"75116";"2";"1";"1";"2";"PORTE DE SAINT CLOUD";"48,8396330000";"2,2541640000"
"202100033420";"18";"06";"2021";"03:25";"5";"75";"75118";"2";"4";"1";"6";"ECHANGEUR CHAPELLE";"48,9015901905";"2,3583859205"
"202100033421";"16";"06";"2021";"20:40";"1";"75";"75117";"2";"1";"1";"3";"PORTE D ASNIERES";"48,8913710000";"2,3004760000"
"202100033422";"19";"06";"2021";"19:40";"1";"75";"75120";"2";"1";"8";"2";"RUE BELGRAND";"48,8647280000";"2,4029470000"
"202100033423";"18";"06";"2021";"12:40";"1";"75";"75118";"2";"4";"1";"3";"RUE DE LA CHAPELLE";"48,8908490000";"2,3599210000"
"202100033424";"16";"06";"2021";"12:20";"1";"75";"75117";"2";"7";"1";"6";"PLACE STUART MERRILL";"48,8860970000";"2,2924520000"
"202100033425";"19";"06";"2021";"12:00";"1";"75";"75117";"2";"3";"1";"3";"AVENUE DE LA PORTE D ASNIERES";"48,8910530000";"2,3025280000"
"202100033426";"19";"06";"2021";"09:45";"1";"75";"75117";"2";"3";"1";"3";"BOULEVARD BESSIERES";"48,8974840000";"2,3277640000"
"202100033427";"11";"06";"2021";"19:50";"1";"75";"75116";"2";"2";"1";"6";"ALLEE DE LONGCHAMP";"48,8747120000";"2,2704950000"
"202100033428";"17";"06";"2021";"23:30";"5";"75";"75116";"2";"5";"2";"6";"CHAUSSEE LA MUETTE";"48,8583140000";"2,2726180000"
"202100033429";"19";"06";"2021";"17:30";"1";"75";"75115";"2";"3";"3";"2";"RUE VIOLET";"48,8446820000";"2,2905410000"
"202100033430";"18";"06";"2021";"07:45";"1";"75";"75115";"2";"1";"1";"6";"RUE DESNOUETTES";"48,8354560000";"2,2858760000"
"202100033431";"13";"06";"2021";"05:08";"2";"75";"75115";"2";"2";"1";"6";"RUE DE LA FEDERATION";"48,8538050000";"2,2942110000"
"202100033432";"18";"06";"2021";"22:30";"5";"75";"75110";"2";"3";"1";"3";"RUE DU FAUBOURG SAINT MARTIN";"48,8758330000";"2,3602700000"
"202100033433";"19";"06";"2021";"01:30";"5";"75";"75107";"2";"1";"1";"6";"QUAI D ORSAY";"48,8628830000";"2,3169270000"
"202100033434";"19";"06";"2021";"21:00";"5";"94";"94011";"2";"9";"2";"3";"SEMARD(RUE PIERRE)";"48,7627000000";"2,4786300000"
"202100033435";"19";"06";"2021";"21:07";"5";"94";"94017";"2";"1";"2";"6";"Rue MoliÃ¨re";"48,8068300000";"2,5413900000"
"202100033436";"19";"06";"2021";"17:00";"1";"94";"94071";"2";"4";"1";"3";"Rue Albert Dru";"48,7626260000";"2,5198400000"
"202100033437";"18";"06";"2021";"19:50";"1";"93";"93006";"2";"1";"1";"1";"CAPSULERIE RUE DE LA";"48,8600000000";"2,4200000000"
"202100033438";"19";"06";"2021";"21:35";"1";"93";"93010";"2";"1";"2";"2";"GALLIENI (AV.) DE 111 A 175";"48,9064300000";"2,4848100000"
"202100033439";"19";"06";"2021";"15:10";"1";"93";"93010";"2";"1";"1";"3";"PASTEUR (AV.)";"48,9040320000";"2,4844830000"
"202100033440";"19";"06";"2021";"13:50";"1";"93";"93001";"2";"1";"1";"3";"REPUBLIQUE (AVE DE LA ) => NO 41/50";"48,9121120000";"2,3838130000"
"202100033441";"18";"06";"2021";"18:30";"1";"92";"92025";"2";"2";"1";"3";"COLBERT  115 A 131   104 A 124 (RUE)";"48,9151250000";"2,2332310000"
"202100033442";"19";"06";"2021";"13:35";"1";"92";"92024";"2";"1";"1";"4";"GENNEVILLIERS (PONT DE)";"48,9124993266";"2,3113775253"
"202100033443";"19";"06";"2021";"21:00";"1";"92";"92012";"2";"1";"1";"3";"JEAN JAURES (BOULEVARD) 63/215 - 70/208";"48,8394753551";"2,2401809692"
"202100033444";"18";"06";"2021";"23:40";"5";"92";"92012";"2";"1";"1";"6";"REPUBLIQUE (BOULEVARD DE LA) 5/77BIS - 6";"48,8328760349";"2,2474229336"
"202100033445";"19";"06";"2021";"19:25";"1";"92";"92002";"2";"1";"8";"6";"DIVISION LECLERC (53 A 217 - 58 A 186)";"48,7444480000";"2,3032860000"
"202100033446";"19";"06";"2021";"14:23";"1";"92";"92002";"2";"2";"1";"3";"DIVISION LECLERC (1 A 29 -2 A 34)";"48,7513800000";"2,3045000000"
"202100033447";"30";"05";"2021";"20:45";"1";"01";"01045";"1";"2";"1";"3";"D2";"45,9631730000";"5,0403640000"
"202100033448";"19";"06";"2021";"00:50";"3";"38";"38238";"2";"1";"1";"5";"Route de Septeme";"45,5164200000";"5,0126500000"
"202100033449";"20";"06";"2021";"21:00";"2";"83";"83148";"1";"1";"2";"2";"A8";"43,4028180000";"6,3997070000"
"202100033450";"20";"06";"2021";"18:05";"1";"28";"28127";"2";"5";"1";"1";"La Brosse";"48,1733190000";"1,2693880000"
"202100033451";"19";"06";"2021";"17:15";"1";"28";"28012";"1";"1";"3";"1";"Lieu Dit Beauvoir";"48,1301930000";"1,2106420000"
"202100033452";"19";"06";"2021";"19:15";"1";"74";"74076";"1";"1";"1";"1";"Rte de la Balme";"45,9866270000";"6,0546310000"
"202100033453";"20";"06";"2021";"17:20";"1";"06";"06130";"2";"3";"1";"3";"700 Route NapolÃ©on";"43,6911590000";"6,8638960000"
"202100033454";"20";"06";"2021";"04:30";"3";"19";"19024";"1";"1";"2";"7";"Le Grand Bois";"45,3928070000";"1,4006280000"
"202100033455";"20";"06";"2021";"15:35";"1";"77";"77227";"2";"3";"1";"3";"Rue de la Gare";"48,4827172738";"3,3465563319"
"202100033456";"20";"06";"2021";"13:45";"1";"2B";"2B207";"1";"1";"1";"3";"Route d Orezza";"42,4459760000";"9,4749360000"
"202100033457";"20";"06";"2021";"15:15";"1";"33";"33314";"2";"1";"1";"6";"AllÃ©es Marines";"45,2049970000";" -0,7509350000"
"202100033458";"19";"06";"2021";"18:30";"1";"71";"71208";"2";"1";"1";"5";"20 Rue du Pont";"46,9104790000";"5,1577650000"
"202100033459";"19";"06";"2021";"16:50";"1";"71";"71287";"1";"4";"7";"6";"l'orÃ©e du bois";"46,4928450000";"4,6821070000"
"202100033460";"19";"06";"2021";"17:20";"1";"61";"61168";"2";"1";"9";"5";"2 Route de Bagnoles";"48,5860540000";" -0,3652100000"
"202100033461";"20";"06";"2021";"12:00";"1";"61";"61091";"1";"1";"1";"7";"la chesnaie";"48,6302350000";" -0,5154240000"
"202100033462";"19";"06";"2021";"17:50";"1";"61";"61145";"2";"1";"1";"6";"Les Poulicheres";"48,5908840000";" -0,6327440000"
"202100033463";"14";"06";"2021";"11:50";"1";"41";"41229";"1";"1";"1";"1";"D675";"47,3322500000";"1,4009710000"
"202100033464";"19";"06";"2021";"21:45";"2";"34";"34074";"2";"1";"1";"7";"RD20";"43,4495070000";"3,0333850000"
"202100033465";"19";"06";"2021";"19:15";"1";"68";"68073";"2";"1";"1";"1";"31 Rue du Bm 11";"47,8064870000";"6,9276640000"
"202100033466";"19";"06";"2021";"20:15";"2";"68";"68050";"1";"1";"6";"6";"D26";"47,6640540000";"7,0530670000"
"202100033467";"19";"06";"2021";"12:10";"1";"25";"25434";"2";"3";"1";"3";"2 Route de Montgesoye";"47,1049120000";"6,1584220000"
"202100033468";"19";"06";"2021";"14:48";"1";"35";"35133";"1";"1";"2";"1";"Canlou";"48,1638890000";" -2,0078000000"
"202100033469";"20";"06";"2021";"09:30";"1";"29";"29150";"1";"3";"2";"3";"Lann Kerguip";"47,8046880000";" -3,6772120000"
"202100033470";"19";"06";"2021";"21:30";"2";"31";"31582";"2";"1";"1";"6";"170 Rue de la RÃ©publique";"43,4029280000";"1,7122840000"
"202100033471";"18";"06";"2021";"13:00";"1";"31";"31324";"2";"1";"1";"6";"11 Lotissement du Parc";"43,1986960000";"1,0148190000"
"202100033472";"19";"06";"2021";"21:20";"2";"38";"38288";"1";"1";"1";"7";"DÃ©partemental 75";"45,5746690000";"5,0309440000"
"202100033473";"19";"06";"2021";"17:30";"1";"38";"38036";"1";"1";"1";"1";"Route de Grenoble";"45,1247100000";"5,3366800000"
"202100033474";"19";"06";"2021";"18:45";"1";"38";"38543";"1";"1";"1";"1";"Route de la Chartreuse";"45,6512540000";"5,4855090000"
"202100033475";"20";"06";"2021";"08:55";"1";"03";"03064";"1";"1";"7";"6";"D13";"46,7836450000";"2,9794760000"
"202100033476";"20";"06";"2021";"10:00";"1";"85";"85191";"1";"1";"3";"7";"A87 Bretelle de sortie 30";"46,6691780000";" -1,3525840000"
"202100033477";"12";"06";"2021";"11:00";"1";"26";"26148";"1";"1";"1";"4";"1500 Route de la VallÃ©e";"45,2494680000";"5,0063430000"
"202100033478";"19";"06";"2021";"20:00";"1";"72";"72183";"2";"1";"1";"6";"Lieu Dit la Croix Caseau";"47,7037080000";"0,5067770000"
"202100033479";"16";"06";"2021";"18:55";"1";"06";"06105";"1";"1";"1";"6";"Route de la Colle sur Loup";"43,6804120000";"7,0513610000"
"202100033480";"16";"06";"2021";"11:20";"1";"18";"18038";"1";"1";"1";"6";"RD 2144";"46,7479260000";"2,4620100000"
"202100033481";"14";"06";"2021";"14:45";"1";"04";"04206";"1";"1";"1";"6";"RD 16";"43,9969210000";"5,8282580000"
"202100033482";"20";"06";"2021";"21:20";"2";"27";"27476";"1";"3";"1";"3";"D87 - PK 8+500";"49,3274300000";"0,4613830000"
"202100033483";"20";"06";"2021";"04:30";"3";"48";"48132";"1";"1";"1";"6";"LA GARDELLE";"44,8225010000";"3,3783200000"
"202100033484";"19";"06";"2021";"12:15";"1";"52";"52093";"2";"1";"1";"2";"Avenue Gambetta";"47,8038230000";"5,4438110000"
"202100033485";"17";"06";"2021";"21:50";"2";"08";"08363";"2";"2";"1";"3";"34 Rue Paule Minck";"49,9408810000";"4,6357210000"
"202100033486";"19";"06";"2021";"02:56";"3";"67";"67292";"2";"1";"1";"6";"10 Rue d Uttenhoffen";"48,8789660000";"7,6444420000"
"202100033487";"20";"06";"2021";"01:05";"5";"69";"69044";"2";"9";"1";"3";"PARIS (DE) (RTE)";"45,7820220000";"4,7501760000"
"202100033488";"20";"06";"2021";"07:20";"1";"01";"01032";"1";"1";"1";"6";"A42";"45,8618630000";"5,1661920000"
"202100033489";"27";"05";"2021";"15:10";"1";"47";"47159";"1";"1";"1";"2";"PK 78+662";"44,3967500000";"0,1920890000"
"202100033490";"19";"06";"2021";"18:40";"1";"27";"27701";"1";"1";"3";"6";"A 13, PK 097.100";"49,2421500000";"1,1925750000"
"202100033491";"19";"06";"2021";"17:25";"1";"77";"77520";"1";"1";"3";"6";"Autoroute A6, PK 67+600 sens LYON - PARIS";"48,3086600000";"2,6522540000"
"202100033492";"19";"06";"2021";"19:53";"1";"11";"11398";"1";"1";"1";"7";"D27 - PR 014+700";"42,9262630000";"2,9269120000"
"202100033493";"17";"06";"2021";"06:20";"2";"987";"98722";"1";"3";"1";"3";"Mahaena";" -17,5667792268";" -149,3269264698"
"202100033494";"19";"06";"2021";"20:00";"3";"973";"97311";"1";"1";"1";"7";"Route de Mana";"5,5534560000";" -53,9338160000"
"202100033495";"18";"06";"2021";"20:10";"3";"973";"97311";"1";"1";"1";"1";"Route de Mana";"5,5408130000";" -53,9440730000"
"202100033496";"14";"06";"2021";"13:45";"1";"971";"97125";"2";"3";"1";"1";"rn 4";"16,2601040000";" -61,2924970000"
"202100033497";"18";"06";"2021";"20:30";"1";"11";"11099";"1";"1";"1";"6";"D101";"43,2892570000";"2,3996170000"
"202100033498";"19";"06";"2021";"20:44";"1";"34";"34321";"1";"1";"1";"3";"nationale 113";"43,6753990000";"4,0611330000"
"202100033499";"19";"06";"2021";"20:10";"1";"13";"13110";"1";"3";"1";"3";"Route de PourriÃ¨res";"43,4532620000";"5,6931330000"
"202100033500";"10";"05";"2021";"17:50";"1";"67";"67345";"1";"9";"3";"6";"D99";"48,7969560000";"7,8811880000"
"202100033501";"19";"06";"2021";"22:00";"3";"42";"42064";"1";"1";"1";"6";"Route du Col";"45,4558405728";"4,6927864551"
"202100033502";"18";"06";"2021";"12:05";"1";"69";"69154";"2";"1";"1";"6";"PRESLES (DES) (CHM)";"45,7615990000";"4,6569960000"
"202100033503";"18";"06";"2021";"17:25";"1";"31";"31291";"2";"1";"1";"6";"Avenue Carreli";"43,6063130000";"1,2311550000"
"202100033504";"19";"06";"2021";"11:34";"1";"86";"86204";"1";"1";"1";"3";"1 Rue du GuÃ© de Vue";"46,6165180000";"0,2188860000"
"202100033505";"20";"06";"2021";"11:25";"1";"35";"35012";"1";"3";"1";"3";"La Planchette";"47,8401950000";" -1,7226650000"
"202100033506";"18";"06";"2021";"15:45";"1";"35";"35221";"1";"1";"1";"3";"Rue de Rennes";"47,8695960000";" -1,6791920000"
"202100033507";"20";"06";"2021";"20:15";"1";"62";"62014";"2";"6";"1";"2";"Avenue de l Europe";"50,6374320000";"2,4094120000"
"202100033508";"14";"06";"2021";"17:54";"1";"13";"13081";"1";"1";"1";"2";"A7-Sens Marseille vers Lyon";"43,5013770938";"5,2381796837"
"202100033509";"17";"06";"2021";"23:40";"3";"13";"13214";"2";"1";"1";"1";"A7-Sens Lyon vers Marseille";"43,3403100000";"5,3768900000"
"202100033510";"19";"06";"2021";"15:30";"1";"33";"33065";"1";"1";"2";"4";"Pont FranÃ§ois Mitterrand";"44,8092450000";" -0,5251810000"
"202100033511";"18";"06";"2021";"23:25";"4";"33";"33162";"1";"1";"1";"4";"Rocade Nord Ouest A630";"44,8637360000";" -0,6549800000"
"202100033512";"18";"06";"2021";"20:00";"1";"92";"92002";"1";"1";"1";"4";"AUTOROUTE A10";"48,7315410422";"2,3100042343"
"202100033513";"18";"06";"2021";"23:45";"3";"91";"91553";"1";"1";"1";"6";"RN 104";"48,6298800000";"2,4838000000"
"202100033514";"18";"06";"2021";"20:38";"1";"91";"91377";"1";"1";"1";"3";"AUTOROUTE A10";"48,7135800000";"2,2870500000"
"202100033515";"18";"06";"2021";"10:40";"1";"91";"91617";"1";"1";"1";"5";"RN 104";"48,6312200000";"2,5068700000"
"202100033516";"18";"06";"2021";"17:00";"1";"92";"92036";"1";"1";"1";"5";"AUTOROUTE A86";"48,9385170499";"2,3000175890"
"202100033517";"18";"06";"2021";"21:00";"1";"93";"93064";"1";"1";"1";"3";"AUTOROUTE A86";"48,8750600000";"2,4787500000"
"202100033518";"19";"06";"2021";"06:30";"1";"93";"93066";"1";"1";"1";"6";"AUTOROUTE A1";"48,9316400000";"2,3706400000"
"202100033519";"19";"06";"2021";"01:49";"5";"93";"93066";"1";"1";"1";"5";"AUTOROUTE A1";"48,9235400000";"2,3572400000"
"202100033520";"18";"06";"2021";"16:50";"1";"93";"93066";"1";"1";"1";"3";"AUTOROUTE A1";"48,9220300000";"2,3713500000"
"202100033521";"18";"06";"2021";"18:00";"1";"93";"93008";"1";"1";"1";"3";"AUTOROUTE A86";"48,9086400000";"2,4495200000"
"202100033522";"19";"06";"2021";"20:00";"1";"94";"94028";"1";"1";"6";"6";"RN406.Y";"48,7843499486";"2,4401287031"
"202100033523";"19";"06";"2021";"14:00";"1";"77";"77258";"1";"1";"1";"6";"A4.Y";"48,8304783311";"2,6326936879"
"202100033524";"18";"06";"2021";"20:45";"1";"94";"94022";"1";"1";"1";"6";"A86 EXT";"48,7766211418";"2,4180461375"
"202100033525";"18";"06";"2021";"18:05";"1";"93";"93051";"1";"1";"1";"3";"A4";"48,8362965033";"2,5533127785"
"202100033526";"18";"06";"2021";"10:30";"1";"62";"62525";"2";"9";"1";"6";"avenue des frais fonds";"50,7355260000";"2,2736560000"
"202100033527";"18";"06";"2021";"17:30";"1";"92";"92050";"2";"2";"1";"6";"JOFFRE MARECHAL AVENUE DU";"48,8854087704";"2,1959915757"
"202100033528";"18";"06";"2021";"21:30";"5";"974";"97411";"1";"1";"1";"1";"SAINT-BERNARD (CHEMIN DE)";" -20,8988600000";"55,4028000000"
"202100033529";"18";"06";"2021";"18:30";"2";"973";"97302";"2";"1";"1";"3";"BADUEL (ROUTE DE)";"4,9283900000";" -52,2935000000"
"202100033530";"18";"06";"2021";"16:15";"1";"973";"97302";"2";"3";"1";"3";"MERE THERESA (rue)";"4,9224500000";" -52,3125800000"
"202100033531";"18";"06";"2021";"15:40";"1";"69";"69259";"2";"1";"1";"6";"LEO LAGRANGE (R)";"45,6990400000";"4,8702900000"
"202100033532";"18";"06";"2021";"10:15";"1";"69";"69199";"2";"1";"1";"6";"CARNOT                              (R )";"45,7079218550";"4,8641210496"
"202100033533";"18";"06";"2021";"07:12";"1";"69";"69388";"2";"1";"1";"6";"ROCKEFELLER (AV)";"45,7425000000";"4,8799000000"
"202100033534";"18";"06";"2021";"13:40";"1";"972";"97209";"2";"9";"1";"5";"CLUNY (ROUTE DE)";"14,6136400000";" -61,0810100000"
"202100033535";"18";"06";"2021";"09:50";"1";"972";"97209";"1";"1";"1";"7";"RD 41 (ROCADE)";"14,6060237976";" -61,0881364346"
"202100033536";"18";"06";"2021";"22:00";"5";"69";"69382";"2";"1";"1";"2";"DOCTEUR GAILLETON (DU) (Q)";"45,7512600000";"4,8323300000"
"202100033537";"18";"06";"2021";"22:50";"5";"69";"69382";"2";"2";"1";"3";"JEAN MOULIN (Q)";"45,7650300000";"4,8381300000"
"202100033538";"18";"06";"2021";"17:10";"1";"69";"69142";"2";"1";"1";"1";"PENSIONNAT (DU) (R)";"45,7282500000";"4,8136800000"
"202100033539";"18";"06";"2021";"15:30";"1";"69";"69389";"2";"3";"1";"6";"MARINIERS (DES)  (R)";"45,7835800000";"4,8091200000"
"202100033540";"18";"06";"2021";"11:00";"1";"69";"69381";"2";"1";"1";"1";"ROUVILLE (PL)";"45,7695800000";"4,8254200000"
"202100033541";"17";"06";"2021";"11:45";"1";"2A";"2A004";"2";"1";"1";"1";"CASAMARTA IMM. CHEMIN DE CANDIA";"41,9364800000";"8,7474800000"
"202100033542";"18";"06";"2021";"11:00";"1";"91";"91570";"2";"7";"1";"7";"MONTLHERY (RUE)";"48,6354000000";"2,3047000000"
"202100033543";"12";"06";"2021";"17:30";"1";"89";"89024";"2";"6";"1";"6";"CHAINETTE (BOULEVARD DE LA)  NÂ° PAIRS";"47,8009100000";"3,5683700000"
"202100033544";"16";"06";"2021";"10:40";"1";"87";"87085";"2";"1";"1";"7";"BEAUBLANC (BOULEVARD DE)";"45,8457000000";"1,2425000000"
"202100033545";"18";"06";"2021";"08:57";"1";"87";"87085";"2";"2";"1";"3";"SAINTE ANNE (RUE DE)";"45,8175900000";"1,2742800000"
"202100033546";"17";"06";"2021";"07:35";"1";"87";"87085";"1";"1";"1";"1";"RN520";"45,8808900000";"1,1803300000"
"202100033547";"17";"06";"2021";"12:20";"1";"86";"86194";"2";"1";"2";"2";"Rocade Ouest";"46,6027200000";"0,3270400000"
"202100033548";"15";"06";"2021";"19:35";"1";"78";"78361";"2";"3";"1";"3";"QUAI DE LA TOUR";"48,9925300000";"1,7194400000"
"202100033549";"16";"06";"2021";"14:45";"1";"77";"77114";"1";"1";"1";"5";"RD 471";"48,7258400000";"2,6991400000"
"202100033550";"18";"06";"2021";"20:10";"1";"76";"76319";"1";"1";"1";"5";"CD 13";"49,3654000000";"1,0197300000"
"202100033551";"18";"06";"2021";"03:44";"5";"76";"76259";"2";"1";"1";"6";"COUTURIER ( RUE GUSTAVE)";"49,7525200000";"0,3931700000"
"202100033552";"18";"06";"2021";"08:35";"1";"76";"76351";"2";"2";"1";"3";"COMMANDANT COUSTEAU ";"49,5226780000";"0,0909846000"
"202100033553";"18";"06";"2021";"17:15";"1";"72";"72181";"2";"1";"1";"6";"BOUVET ROGER (RUE) NÂ° IMP";"48,0123700000";"0,1823200000"
"202100033554";"16";"06";"2021";"17:00";"1";"71";"71153";"2";"2";"1";"2";"Route de Montcenis";"46,8040892145";"4,4130426171"
"202100033555";"18";"06";"2021";"22:25";"5";"69";"69290";"2";"2";"1";"3";"TEMPS MODERNES (DES) (AV)";"45,7076652494";"4,9189567566"
"202100033556";"18";"06";"2021";"19:00";"1";"69";"69266";"2";"2";"1";"3";"BRUXELLES (DE) (RUE)";"45,7772073946";"4,8721059859"
"202100033557";"18";"06";"2021";"19:00";"1";"69";"69266";"2";"3";"1";"3";"BOULEVARD (DU) (R)";"45,7773911604";"4,8685446382"
"202100033558";"18";"06";"2021";"17:00";"1";"69";"69266";"2";"2";"1";"6";"ROGER SALENGRO (AV)";"45,7763800000";"4,8730200000"
"202100033559";"18";"06";"2021";"13:15";"1";"69";"69290";"2";"1";"1";"6";"GARE (DE LA)                        (AV)";"45,6896300000";"4,9367000000"
"202100033560";"17";"06";"2021";"18:36";"1";"66";"66136";"2";"1";"1";"3";"JULIEN PANCHOT (AVENUE)";"42,6882900000";"2,8748600000"
"202100033561";"18";"06";"2021";"15:35";"1";"64";"64545";"2";"3";"1";"1";"RUE MUNHOA";"43,3459800000";" -1,6932500000"
"202100033562";"18";"06";"2021";"13:00";"1";"64";"64445";"2";"1";"1";"6";"HAUTERIVE";"43,3243300000";" -0,3488700000"
"202100033563";"18";"06";"2021";"20:52";"1";"64";"64102";"2";"1";"1";"7";"MARINES (AVENUE DES ALLEES)";"43,4991600000";" -1,4891700000"
"202100033564";"18";"06";"2021";"18:05";"1";"64";"64024";"2";"2";"1";"3";"BAHINOS (ROUTE DE)";"43,5135500000";" -1,5003900000"
"202100033565";"18";"06";"2021";"17:00";"1";"64";"64102";"2";"3";"1";"3";"TCHEQUE (AVENUE DE LA LEGION)";"43,4926800000";" -1,4876100000"
"202100033566";"17";"06";"2021";"16:39";"1";"63";"63113";"2";"1";"1";"6";"FOCH (RUE MARECHAL)";"45,7761300000";"3,0803600000"
"202100033567";"29";"03";"2021";"16:40";"1";"62";"62215";"2";"6";"1";"2";"RD 919";"50,4794110000";"2,9361260000"
"202100033568";"18";"06";"2021";"21:37";"1";"59";"59279";"2";"2";"1";"3";"PERI (RUE GABRIEL)";"50,7824100000";"3,1342470000"
"202100033569";"18";"06";"2021";"20:00";"1";"59";"59512";"2";"1";"1";"1";"DE GAULLE  (BOULEVARD DU GENERAL)";"50,6841820000";"3,1713770000"
"202100033570";"18";"06";"2021";"19:45";"2";"59";"59163";"2";"1";"1";"1";"JAURES (RUE JEAN)";"50,6774426290";"3,1535913944"
"202100033571";"17";"06";"2021";"09:15";"1";"59";"59350";"2";"1";"1";"2";"HEGEL RUE";"50,6289000000";"3,0181000000"
"202100033572";"17";"06";"2021";"15:25";"1";"59";"59178";"2";"1";"1";"1";"SAINT JULIEN (RUE)";"50,3707100000";"3,0764100000"
"202100033573";"4";"06";"2021";"10:00";"1";"58";"58194";"2";"6";"1";"3";"ORDRE NATIONAL DU MERITE";"46,9928000000";"3,1677000000"
"202100033574";"15";"06";"2021";"19:10";"1";"57";"57306";"2";"1";"1";"6";"FARGES (RUE YVES)";"49,3537700000";"6,0607100000"
"202100033575";"15";"06";"2021";"09:18";"1";"56";"56260";"2";"1";"1";"3";"REMY(BOULEVARD DU COLONEL)";"47,6534200000";" -2,7836400000"
"202100033576";"17";"06";"2021";"11:45";"1";"56";"56162";"1";"1";"2";"7";"Boulevard de lâAtlantique D152";"47,7096000000";" -3,4399200000"
"202100033577";"18";"06";"2021";"17:08";"1";"54";"54431";"2";"3";"1";"6";"HUGO (RUE VICTOR)";"48,9022100000";"6,0527600000"
"202100033578";"17";"06";"2021";"16:20";"1";"54";"54395";"2";"1";"1";"3";"DOMBASLE (PLACE)";"48,6917500000";"6,1779600000"
"202100033579";"18";"06";"2021";"14:00";"1";"51";"51454";"2";"1";"1";"7";"Rue de la Maison Blanche";"49,2387682515";"4,0306144953"
"202100033580";"17";"06";"2021";"19:00";"1";"51";"51454";"2";"1";"2";"1";"Rue du Chanoine Hess";"49,2888700000";"4,0160630000"
"202100033581";"17";"06";"2021";"20:12";"1";"51";"51454";"2";"2";"1";"3";"Boulevard Franchet dâEsperey";"49,2419279252";"4,0141976661"
"202100033582";"14";"06";"2021";"08:55";"1";"51";"51454";"2";"1";"1";"2";"Avenue Hoche";"49,2304398366";"4,0613982081"
"202100033583";"17";"06";"2021";"16:30";"1";"50";"50129";"2";"1";"2";"1";"FOUCHET (RUE MAX POL)";"49,6349900000";" -1,6426400000"