"Num_Acc";"jour";"mois";"an";"hrmn";"lum";"dep";"com";"agg";"int";"atm";"col";"adr";"lat";"long"
"202100033584";"13";"06";"2021";"09:45";"1";"49";"49099";"1";"1";"1";"6";"RD 158";"47,0677000000";" -0,8115000000"
"202100033585";"18";"06";"2021";"08:22";"1";"49";"49007";"2";"1";"1";"3";"VOLNEY";"47,4616000000";" -0,5410000000"
"202100033586";"17";"06";"2021";"21:25";"1";"47";"47001";"2";"3";"8";"3";"JAURES (AV. JEAN)";"44,2028800000";"0,6294500000"
"202100033587";"18";"06";"2021";"17:10";"1";"45";"45208";"2";"1";"1";"3";"95 Rue AndrÃ© Coquillet";"47,9889880000";"2,7324090000"
"202100033588";"16";"06";"2021";"20:15";"1";"45";"45208";"2";"1";"1";"6";"Place du PÃ¢tis";"48,0007700000";"2,7318300000"
"202100033589";"16";"06";"2021";"00:40";"3";"44";"44184";"2";"6";"1";"3";"VILLES-MOLLÃ (ROUTE DE)";"47,2590700000";" -2,2823700000"
"202100033590";"16";"06";"2021";"18:15";"1";"42";"42207";"2";"1";"1";"6";"Rue Royet de la Bastie";"45,4652600000";"4,5050100000"
"202100033591";"17";"06";"2021";"18:08";"1";"42";"42184";"2";"6";"1";"3";"Rue de Saint Romain";"46,0436011149";"4,0448117722"
"202100033592";"17";"06";"2021";"19:10";"1";"38";"38421";"2";"1";"1";"3";"Rue du Bourgamon";"45,1650700000";"5,7611700000"
"202100033593";"18";"06";"2021";"10:40";"1";"38";"38185";"2";"1";"1";"2";"AVENUE LÃON BLUM";"45,1691200000";"5,7217700000"
"202100033594";"18";"06";"2021";"17:20";"1";"37";"37208";"2";"2";"1";"6";"DE GAULLE (AV. DU GAL)";"47,3562944971";"0,7271414995"
"202100033595";"17";"06";"2021";"22:33";"5";"37";"37214";"2";"1";"2";"1";"LOIRE (QUAI DE LA)";"47,3969900000";"0,6634600000"
"202100033596";"17";"06";"2021";"18:30";"1";"37";"37261";"2";"9";"2";"7";"ALOUETTE (AVENUE)";"47,3604553280";"0,6972885132"
"202100033597";"17";"06";"2021";"15:30";"1";"37";"37233";"2";"9";"2";"7";"BLANQUI (RUE)";"47,3948600000";"0,7206600000"
"202100033598";"18";"06";"2021";"15:45";"1";"35";"35206";"1";"1";"1";"4";"PORTE DE BREQUIGNY";"48,0791850000";" -1,6948930000"
"202100033599";"14";"06";"2021";"14:45";"1";"34";"34032";"2";"6";"1";"3";"NOGUERES HENRI (RD POINT)";"43,3533917661";"3,2250532508"
"202100033600";"18";"06";"2021";"21:02";"1";"33";"33039";"2";"1";"1";"6";"Avenue Mirieu de Labarre";"44,7879786464";" -0,5361131199"
"202100033601";"18";"06";"2021";"07:10";"1";"33";"33281";"2";"2";"1";"3";"Rue du Liveau";"44,8486400000";" -0,6409300000"
"202100033602";"17";"06";"2021";"23:35";"3";"33";"33119";"2";"1";"2";"2";"Avenue Jean JaurÃ¨s";"44,8535400000";" -0,5380300000"
"202100033603";"18";"06";"2021";"14:00";"1";"33";"33529";"1";"1";"1";"6";"N/A";"44,6114792292";" -1,1162759562"
"202100033604";"14";"06";"2021";"18:55";"1";"33";"33009";"2";"6";"1";"7";"N/A";"44,6437000000";" -1,1965900000"
"202100033605";"18";"06";"2021";"13:15";"1";"31";"31555";"2";"1";"1";"6";"POMME (RUE DE LA) DU 1AU 42";"43,6039000000";"1,4440700000"
"202100033606";"17";"06";"2021";"16:05";"1";"29";"29051";"1";"1";"1";"1";"Route dâElliant";"47,9898737982";" -3,9872431755"
"202100033607";"18";"06";"2021";"13:58";"1";"29";"29019";"2";"1";"1";"6";"Avenue Salaun Penquer";"48,3841963120";" -4,4845271975"
"202100033608";"18";"06";"2021";"19:50";"1";"28";"28070";"2";"6";"1";"3";"PIGEON VOYAGEUR (rue du)";"48,4611100000";"1,5006800000"
"202100033609";"18";"06";"2021";"03:55";"5";"27";"27229";"2";"9";"3";"6";"SAINT LEGER (RUE DU FAUBOURG)";"49,0355355026";"1,1562966171"
"202100033610";"18";"06";"2021";"20:10";"1";"26";"26198";"2";"1";"1";"4";"101 Route du Teil";"44,5570900000";"4,7281200000"
"202100033611";"18";"06";"2021";"09:40";"1";"26";"26198";"2";"2";"1";"3";"26 Rue Benjamin Franklin";"44,5758700000";"4,7558000000"
"202100033612";"17";"06";"2021";"12:00";"1";"25";"25056";"2";"2";"1";"3";"LUXEMBOURG RUE DU";"47,2230240000";"5,9662781000"
"202100033613";"18";"06";"2021";"16:30";"1";"21";"21231";"2";"4";"1";"3";"3 Rue dâYork";"47,3309957674";"5,0590911054"
"202100033614";"18";"06";"2021";"19:40";"1";"14";"14118";"2";"2";"1";"3";"Rue de Formigny";"49,1729200000";" -0,3388600000"
"202100033615";"19";"06";"2021";"00:05";"4";"13";"13215";"2";"1";"1";"1";"LE CHATELIER";"43,3472200000";"5,3688900000"
"202100033616";"18";"06";"2021";"23:00";"5";"13";"13208";"2";"1";"1";"7";"MENDES FRANCE (AVENUE)";"43,2616100000";"5,3747000000"
"202100033617";"18";"06";"2021";"18:50";"1";"13";"13215";"2";"1";"1";"5";"VISTE (AVENUE DE LA)";"43,3602000000";"5,3575100000"
"202100033618";"18";"06";"2021";"10:15";"1";"13";"13208";"2";"1";"1";"1";"MADRAGUE DE MONTREDON (AVE DE LA) ";"43,2360000000";"5,3620000000"
"202100033619";"17";"06";"2021";"19:45";"1";"13";"13002";"2";"1";"1";"2";"7 RMENT DE TIRAILLEURS ALGERIENS (AVENUE";"43,3379700000";"5,4706400000"
"202100033620";"18";"06";"2021";"10:45";"1";"13";"13208";"2";"1";"1";"3";"PRADO (AVENUE DU)";"43,2701000000";"5,3880000000"
"202100033621";"18";"06";"2021";"20:15";"1";"10";"10081";"1";"1";"1";"2";"PENETRANTE NORD";"48,3282400000";"4,0532800000"
"202100033622";"14";"06";"2021";"11:30";"1";"06";"06088";"2";"1";"1";"3";"PENETRANTE DU PAILLON";"43,7260000000";"7,2860000000"
"202100033623";"18";"06";"2021";"13:06";"1";"06";"06069";"2";"1";"1";"6";"VICTOR HUGO  (BD)";"43,6560100000";"6,9195260000"
"202100033624";"14";"06";"2021";"07:40";"1";"06";"06029";"2";"1";"1";"6";"JOURDAN (AVENUE MICHEL)";"43,5730200000";"6,9531900000"
"202100033625";"18";"06";"2021";"18:50";"1";"75";"75118";"2";"1";"1";"4";"PORTE D AUBERVILLIERS";"48,9008440000";"2,3670720000"
"202100033626";"17";"06";"2021";"14:45";"1";"75";"75105";"2";"2";"1";"3";"QUAI SAINT MICHEL";"48,8530630000";"2,3468210000"
"202100033627";"18";"06";"2021";"11:45";"1";"75";"75120";"2";"1";"1";"6";"RUE DE BELLEVILLE";"48,8722430000";"2,3774470000"
"202100033628";"18";"06";"2021";"09:25";"1";"75";"75120";"2";"2";"7";"6";"AVENUE DE LA PORTE DE MENILMONTANT";"48,8705710000";"2,4088270000"
"202100033629";"18";"06";"2021";"10:20";"1";"75";"75119";"2";"1";"1";"1";"RUE ARCHEREAU";"48,8917340000";"2,3745570000"
"202100033630";"17";"06";"2021";"23:30";"5";"75";"75117";"2";"4";"2";"3";"AVENUE MAC MAHON";"48,8773740000";"2,2944310000"
"202100033631";"18";"06";"2021";"14:15";"1";"75";"75116";"2";"2";"1";"6";"RUE DU RANELAGH";"48,8553820000";"2,2709300000"
"202100033632";"16";"06";"2021";"23:30";"5";"75";"75116";"2";"7";"1";"3";"PLACE CHARLES DE GAULLE";"48,8731700000";"2,2951410000"
"202100033633";"18";"06";"2021";"17:40";"1";"75";"75115";"2";"7";"8";"7";"PLACE CHARLES VALLIN";"48,8355980000";"2,3023990000"
"202100033634";"18";"06";"2021";"16:30";"1";"75";"75115";"2";"1";"2";"3";"RUE DE LA CROIX NIVERT";"48,8415220000";"2,2925140000"
"202100033635";"18";"06";"2021";"10:15";"1";"75";"75115";"2";"7";"1";"7";"BOULEVARD GARIBALDI";"48,8479670000";"2,3018500000"
"202100033636";"17";"06";"2021";"10:00";"1";"75";"75115";"2";"2";"1";"7";"RUE DE LA CONVENTION";"48,8372310000";"2,2964630000"
"202100033637";"18";"06";"2021";"17:10";"1";"75";"75114";"2";"7";"2";"2";"PLACE DENFERT ROCHEREAU";"48,8333920000";"2,3326470000"
"202100033638";"18";"06";"2021";"12:50";"1";"75";"75113";"2";"1";"1";"3";"BOULEVARD AUGUSTE BLANQUI";"48,8310760000";"2,3431720000"
"202100033639";"17";"06";"2021";"23:40";"5";"75";"75113";"2";"2";"2";"3";"QUAI D AUSTERLITZ";"48,8419145494";"2,3678807279"
"202100033640";"18";"06";"2021";"11:20";"1";"75";"75112";"2";"1";"1";"6";"BOULEVARD PONIATOWSKI";"48,8351010000";"2,4057920000"
"202100033641";"18";"06";"2021";"14:55";"1";"75";"75111";"2";"2";"1";"5";"RUE OBERKAMPF";"48,8663560000";"2,3802610000"
"202100033642";"18";"06";"2021";"08:45";"1";"75";"75111";"2";"2";"1";"6";"AVENUE PARMENTIER";"48,8699950000";"2,3710480000"
"202100033643";"17";"06";"2021";"21:00";"2";"75";"75118";"2";"1";"1";"6";"RUE PIERRE BUDIN";"48,8897250000";"2,3520250000"
"202100033644";"18";"06";"2021";"14:15";"1";"75";"75110";"2";"3";"1";"3";"BOULEVARD DE STRASBOURG";"48,8706080000";"2,3549910000"
"202100033645";"18";"06";"2021";"11:45";"1";"75";"75108";"2";"1";"1";"3";"BOULEVARD HAUSSMANN";"48,8749480000";"2,3068510000"
"202100033646";"18";"06";"2021";"11:20";"1";"75";"75108";"2";"7";"1";"2";"PLACE DE LA CONCORDE";"48,8667680000";"2,3220450000"
"202100033647";"18";"06";"2021";"20:17";"1";"75";"75107";"2";"2";"1";"3";"AVENUE DU MARECHAL GALLIENI";"48,8610470000";"2,3132520000"
"202100033648";"18";"06";"2021";"15:50";"1";"75";"75107";"2";"3";"1";"7";"BOULEVARD DES INVALIDES";"48,8536770000";"2,3147460000"
"202100033649";"18";"06";"2021";"18:15";"1";"75";"75103";"2";"2";"1";"6";"BOULEVARD DE SEBASTOPOL";"48,8662380000";"2,3525350000"
"202100033650";"18";"06";"2021";"13:10";"1";"75";"75102";"2";"2";"1";"3";"AVENUE DE L OPERA";"48,8675200000";"2,3336600000"
"202100033651";"16";"06";"2021";"20:10";"2";"75";"75101";"2";"1";"1";"1";"VOIE GEORGES POMPIDOU";"48,8571780000";"2,3465870000"
"202100033652";"18";"06";"2021";"06:35";"5";"94";"94003";"2";"1";"7";"3";"Avenue Laplace";"48,8084300000";"2,3326300000"
"202100033653";"18";"06";"2021";"16:05";"1";"94";"94041";"2";"1";"1";"3";"Quai Jean Compagnon";"48,8201400000";"2,3964900000"
"202100033654";"14";"06";"2021";"13:35";"1";"94";"94041";"2";"1";"1";"2";"MICHELET (R)";"48,8077900000";"2,3773300000"
"202100033655";"18";"06";"2021";"11:45";"1";"94";"94011";"2";"9";"1";"1";"Avenue de Boissy";"48,7710300000";"2,4850900000"
"202100033656";"18";"06";"2021";"09:15";"1";"94";"94022";"2";"3";"1";"3";"Avenue dâAlfortville";"48,7687660000";"2,4138420000"
"202100033657";"17";"06";"2021";"12:15";"1";"94";"94022";"2";"1";"1";"2";"PABLO PICASSO (AV)";"48,7661600000";"2,4087500000"
"202100033658";"17";"06";"2021";"15:09";"1";"93";"93005";"2";"4";"1";"3";"MITRY [CD115] (ROUTE DE)";"48,9437200000";"2,5069400000"
"202100033659";"18";"06";"2021";"13:20";"1";"93";"93071";"2";"3";"1";"3";"Rue Gabriel PÃ©ri / Avenue Salvador Allende";"48,9477310000";"2,5329730000"
"202100033660";"17";"06";"2021";"20:50";"5";"93";"93070";"2";"2";"3";"3";"LANDY(RUE):NÂ° 1 AU 43";"48,9140400000";"2,3443000000"
"202100033661";"14";"06";"2021";"10:00";"1";"93";"93066";"2";"9";"7";"6";"Rue de Lorraine";"48,9253090000";"2,3684510000"
"202100033662";"17";"06";"2021";"20:58";"2";"93";"93066";"2";"1";"2";"6";"Avenue du Colonel Fabien";"48,9452360000";"2,3517610000"
"202100033663";"17";"06";"2021";"20:40";"1";"93";"93055";"2";"3";"3";"3";"AISNE (QUAI DE )";"48,8957700000";"2,4013200000"
"202100033664";"17";"06";"2021";"23:50";"5";"93";"93053";"2";"9";"2";"4";"Rue de Paris";"48,9005150000";"2,4530780000"
"202100033665";"18";"06";"2021";"17:20";"1";"93";"93051";"2";"2";"1";"2";"MONT D'EST (BD)";"48,8421400000";"2,5431600000"
"202100033666";"18";"06";"2021";"14:40";"1";"93";"93051";"2";"1";"1";"4";"Avenue Victor Basch";"48,8419062079";"2,5596669316"
"202100033667";"18";"06";"2021";"06:50";"1";"93";"93050";"2";"1";"1";"2";"JEAN JAURES (AVENUE) COTE MAISON BLANCHE";"48,8600000000";"2,5400000000"
"202100033668";"18";"06";"2021";"18:30";"1";"93";"93048";"2";"7";"1";"3";"Rue Robespierre / Place de la Republique";"48,8536100000";"2,4235100000"
"202100033669";"17";"06";"2021";"05:00";"5";"93";"93032";"2";"1";"2";"7";"CONTANT   (RUE)";"48,8921300000";"2,5342000000"
"202100033670";"18";"06";"2021";"18:05";"1";"93";"93010";"2";"1";"1";"1";"GALLIENI (AV.) DE 2 A 96";"48,9049255102";"2,4758341312"
"202100033671";"17";"06";"2021";"23:40";"5";"93";"93007";"2";"1";"2";"1";"ALBERT EINSTEIN (AVENUE)";"48,9486000000";"2,4665000000"
"202100033672";"18";"06";"2021";"10:20";"1";"93";"93066";"2";"1";"1";"3";"LANDY (RUE DU) 34/29 =>";"48,9154211613";"2,3632688820"
"202100033673";"18";"06";"2021";"13:50";"1";"92";"92078";"2";"3";"1";"3";"MARECHAL LECLERC (AVENUE) (PAIRS)";"48,9373906272";"2,3243218660"
"202100033674";"16";"06";"2021";"23:40";"5";"92";"92072";"2";"3";"1";"7";"BRUYERES (RUE DES)";"48,8201398732";"2,2184121609"
"202100033675";"18";"06";"2021";"14:35";"1";"92";"92064";"2";"1";"1";"3";"BUZENVAL";"48,8530090093";"2,2017556429"
"202100033676";"18";"06";"2021";"09:10";"1";"92";"92073";"2";"1";"1";"2";"MARCEL DASSAULT";"48,8609000000";"2,2249600000"
"202100033677";"18";"06";"2021";"17:25";"1";"92";"92062";"2";"1";"1";"3";"GENERAL DE GAULLE (AV) DU 44 AU 106";"48,8889339285";"2,2358264029"
"202100033678";"18";"06";"2021";"20:30";"2";"92";"92051";"2";"1";"1";"3";"LONGCHAMP (RUE DE)";"48,8781200000";"2,2519800000"
"202100033679";"18";"06";"2021";"20:30";"1";"92";"92051";"2";"1";"1";"2";"BINEAU (BOULEVARD, NÂ°133 A 217 ET 134 A";"48,8895616147";"2,2726102173"
"202100033680";"17";"06";"2021";"14:09";"1";"92";"92051";"2";"9";"1";"3";"RICHARD WALLACE (BOULEVARD)";"48,8752063011";"2,2506174445"
"202100033681";"18";"06";"2021";"18:00";"1";"92";"92050";"2";"1";"1";"7";"AMPERE RUE";"48,9013971164";"2,1951976418"
"202100033682";"18";"06";"2021";"12:15";"1";"92";"92020";"2";"1";"1";"6";"FORT RUE DU";"48,7945121770";"2,2718317062"
"202100033683";"18";"06";"2021";"18:20";"1";"92";"92040";"2";"9";"1";"6";"BARA";"48,8331313056";"2,2678038454"
"202100033684";"17";"06";"2021";"17:40";"1";"92";"92036";"2";"1";"1";"2";"GENEAL DE GAULLE (AVENUE) (1/41)";"48,9342820130";"2,3176445067"
"202100033685";"16";"06";"2021";"18:45";"1";"92";"92025";"2";"1";"1";"4";"PAUL BERT (RUE)";"48,9294720000";"2,2463260000"
"202100033686";"18";"06";"2021";"15:50";"1";"92";"92024";"2";"1";"1";"3";"CLICHY (QUAI DE) DE (8 A 60)";"48,9048400000";"2,2927500000"
"202100033687";"18";"06";"2021";"13:00";"1";"92";"92044";"2";"9";"1";"6";"ERNEST COGNACQ(RUE)";"48,8954391125";"2,2776914801"
"202100033688";"18";"06";"2021";"20:45";"1";"92";"92012";"2";"1";"1";"3";"SILLY (RUE DE) 1/87 - 2/88";"48,8383173150";"2,2321665287"
"202100033689";"17";"06";"2021";"23:30";"3";"92";"92012";"2";"2";"2";"3";"GALLIENI (RUE) 55/157 - 50/140";"48,8361599586";"2,2366324067"
"202100033690";"18";"06";"2021";"15:15";"1";"92";"92002";"2";"1";"1";"6";"VELPEAU (RUE)";"48,7547850119";"2,3012287170"
"202100033691";"11";"06";"2021";"19:00";"1";"35";"35136";"1";"1";"1";"3";"Lieu Dit Beauregard";"47,9250900000";" -1,5439790000"
"202100033692";"19";"06";"2021";"15:50";"1";"976";"97610";"2";"6";"1";"3";"Rond point du collÃ¨ge de Majicavo Lamir";" -12,7516120000";"45,2304150000"
"202100033693";"18";"06";"2021";"18:10";"1";"47";"47225";"1";"1";"1";"7";"25 Route de Moncaut";"44,1671480000";"0,5466780000"
"202100033694";"19";"06";"2021";"12:15";"1";"43";"43071";"1";"1";"1";"2";"lieu dit les fauchers";"45,2752689666";"3,8324046135"
"202100033695";"19";"06";"2021";"10:15";"1";"63";"63116";"2";"9";"1";"6";"IntermarchÃ©--131 Avenue Etienne ClÃ©mentel";"45,9845920000";"3,0871850000"
"202100033696";"18";"06";"2021";"18:25";"1";"88";"88349";"1";"3";"1";"3";"Le Rudlin";"48,1195260000";"7,0418450000"
"202100033697";"18";"06";"2021";"20:00";"1";"01";"01288";"2";"3";"1";"3";"Rue de lyon";"46,1811550000";"5,9191280000"
"202100033698";"19";"06";"2021";"04:00";"4";"971";"97132";"2";"1";"8";"6";"Route de la Plage";"15,9632530000";" -61,6601900000"
"202100033699";"18";"06";"2021";"22:25";"3";"62";"62221";"1";"1";"1";"7";"Route dÃ©partementale 72";"50,3844020000";"2,4919010000"
"202100033700";"19";"06";"2021";"00:35";"3";"95";"95028";"1";"1";"1";"2";"RD 909";"49,0722070000";"2,3436930000"
"202100033701";"18";"06";"2021";"18:20";"1";"56";"56158";"1";"1";"1";"5";"D779";"47,6986720000";" -2,7956340000"
"202100033702";"19";"06";"2021";"05:10";"2";"77";"77341";"1";"1";"1";"7";"23 Route de l EspÃ©rance";"48,4449170000";"3,3546690000"
"202100033703";"18";"06";"2021";"16:00";"1";"76";"76183";"1";"1";"3";"1";"D150";"49,7446170000";"0,4725620000"
"202100033704";"18";"06";"2021";"16:00";"1";"2B";"2B346";"1";"1";"1";"1";"Arena";"42,5068760000";"9,4738410000"
"202100033705";"19";"06";"2021";"11:30";"1";"69";"69162";"1";"1";"1";"7";"BROUILLY (DE) (RTE)";"46,1132850000";"4,6425900000"
"202100033706";"19";"06";"2021";"16:30";"1";"81";"81130";"2";"2";"7";"3";"Avenue Jean JaurÃ¨s";"43,5785180000";"2,2771850000"
"202100033707";"18";"06";"2021";"21:15";"1";"81";"81227";"1";"1";"1";"3";"Chemin de la Rivierette";"43,6443750000";"2,2750490000"
"202100033708";"19";"06";"2021";"11:20";"1";"71";"71408";"1";"1";"1";"3";"Chemin de Popet";"46,2044075221";"4,2230374787"
"202100033709";"18";"06";"2021";"18:00";"1";"31";"31341";"1";"1";"1";"2";"CD.2";"43,7393750000";"1,3124590000"
"202100033710";"19";"06";"2021";"11:40";"1";"38";"38338";"1";"1";"1";"1";"RD 1532";"45,2125050000";"5,4885510000"
"202100033711";"19";"06";"2021";"15:40";"1";"38";"38457";"2";"2";"1";"3";"Route de la Cote Saint Andre";"45,3293260000";"5,2665710000"
"202100033712";"18";"06";"2021";"20:40";"1";"38";"38398";"1";"1";"1";"6";"Route Le Mazet ";"45,5124600000";"5,6787800000"
"202100033713";"19";"06";"2021";"03:00";"5";"02";"02292";"2";"6";"1";"6";"Avenue Ernest Couvrecelle";"49,0377310000";"3,4121190000"
"202100033714";"17";"06";"2021";"11:15";"1";"15";"15045";"1";"1";"1";"6";"D921";"44,8441830000";"3,0049890000"
"202100033715";"19";"06";"2021";"01:50";"3";"70";"70160";"2";"1";"1";"6";"24 Rue de la Fontaine aux Dames";"47,5780530000";"6,7029860000"
"202100033716";"19";"06";"2021";"11:50";"1";"70";"70413";"1";"1";"1";"6";"14 Rue du Col de la Chevestraye";"47,7560960000";"6,7218730000"
"202100033717";"19";"06";"2021";"17:40";"1";"26";"26069";"1";"1";"1";"6";"D518";"44,8248530000";"5,3845190000"
"202100033718";"18";"06";"2021";"14:40";"1";"72";"72292";"1";"9";"1";"3";"La Grande Malpougere";"48,1249650000";"0,7477670000"
"202100033719";"18";"06";"2021";"21:46";"3";"72";"72059";"1";"1";"2";"7";"Lieu Dit le Chatain";"47,9401590000";" -0,1207960000"
"202100033720";"18";"06";"2021";"17:17";"1";"45";"45193";"1";"1";"7";"4";"La Chevrie";"47,8079880000";"2,0592930000"
"202100033721";"19";"06";"2021";"11:45";"1";"73";"73124";"2";"1";"7";"6";"D990 Route de ChambÃ©ry";"45,6574280000";"6,3501830000"
"202100033722";"14";"06";"2021";"13:53";"1";"43";"43227";"1";"2";"1";"6";"Chemin de Faridouay";"45,2883460000";"4,3314780000"
"202100033723";"18";"06";"2021";"18:00";"1";"43";"43042";"1";"1";"1";"7";"le bourg";"44,9304961874";"3,7818503380"
"202100033724";"19";"06";"2021";"08:00";"1";"07";"07129";"1";"1";"1";"1";"D236";"44,9985380000";"4,5661890000"
"202100033725";"18";"06";"2021";"07:15";"2";"21";"21663";"2";"3";"1";"3";"Rue Victor Hugo";"47,5399050000";"4,4400110000"
"202100033726";"13";"06";"2021";"22:25";"3";"40";"40181";"1";"1";"1";"1";"Route des Lacs";"43,8101560000";" -1,3786960000"
"202100033727";"19";"06";"2021";"03:20";"3";"27";"27698";"1";"1";"1";"6";"Route DÃ©partementale 39";"49,1680400000";"0,8817820000"
"202100033728";"19";"06";"2021";"11:00";"1";"17";"17365";"2";"6";"1";"6";"Rue de la Billette";"45,2186910000";" -0,1923680000"
"202100033729";"18";"06";"2021";"15:00";"1";"37";"37109";"2";"1";"1";"1";"150 Avenue du GÃ©nÃ©ral de Gaulle";"47,3991746546";"0,6449324164"
"202100033730";"18";"06";"2021";"10:00";"1";"30";"30088";"1";"1";"1";"1";"D 999";"43,8614380000";"4,1433160000"
"202100033731";"19";"06";"2021";"18:00";"1";"48";"48108";"1";"1";"1";"7";"La Panouse";"44,7292050000";"3,6028720000"
"202100033732";"17";"06";"2021";"18:20";"5";"987";"98752";"1";"1";"1";"7";"PK 54 RT 1";" -17,7220550000";" -149,4046530000"
"202100033733";"17";"06";"2021";"19:05";"1";"06";"06152";"1";"3";"1";"7";"Route des Lucioles";"43,6179800000";"7,0571920000"
"202100033734";"10";"06";"2021";"08:15";"1";"30";"30326";"1";"9";"1";"6";"Aire de Tavel-Sud (Embranchement d'autoroute)";"43,9985880000";"4,6982430000"
"202100033735";"19";"06";"2021";"01:55";"3";"91";"91111";"1";"1";"1";"6";"A10 pk 9+100";"48,6152860000";"2,1223570000"
"202100033736";"16";"06";"2021";"12:42";"1";"45";"45297";"2";"1";"1";"3";"parking SUPER U, rue de savoie";"47,7807336326";"2,3755374849"
"202100033737";"18";"06";"2021";"12:10";"1";"77";"77477";"2";"1";"1";"6";"D152";"48,3445260000";"2,6033020000"
"202100033738";"19";"06";"2021";"18:15";"1";"91";"91540";"2";"1";"3";"7";"Avenue de Dourdan";"48,5527050000";"2,1199110000"
"202100033739";"17";"06";"2021";"23:30";"5";"2A";"2A247";"2";"1";"1";"6";"Rue du 09 septembre 1943";"41,5858520000";"9,2820130000"
"202100033740";"18";"06";"2021";"09:15";"1";"84";"84054";"2";"3";"1";"3";"Chemin du Bosquet";"43,9119070000";"5,0679160000"
"202100033741";"19";"06";"2021";"10:25";"1";"83";"83146";"2";"9";"1";"6";"quartier sous ville";"43,6363450000";"5,9363480000"
"202100033742";"19";"06";"2021";"14:20";"1";"89";"89468";"1";"1";"1";"1";"D606";"48,0162460000";"3,3104750000"
"202100033743";"18";"06";"2021";"18:10";"1";"54";"54186";"2";"1";"1";"7";"621 Chemin des Montants";"48,7506870000";"6,2338060000"
"202100033744";"18";"06";"2021";"19:53";"1";"57";"57683";"2";"3";"1";"3";"Rue Jeanne d Arc";"49,3008550000";"6,1590390000"
"202100033745";"19";"06";"2021";"15:50";"1";"42";"42022";"2";"6";"7";"3";"Avenue de la Mairie";"45,5234130000";"4,2178300000"
"202100033746";"19";"06";"2021";"15:30";"1";"38";"38153";"1";"1";"1";"3";"D531";"45,1821120000";"5,6202790000"
"202100033747";"19";"06";"2021";"17:05";"1";"26";"26377";"1";"1";"1";"1";"D94";"44,3094570000";"5,0403760000"
"202100033748";"19";"06";"2021";"17:40";"1";"26";"26290";"1";"1";"1";"6";"Les Berts";"44,9115110000";"5,4268990000"
"202100033749";"18";"06";"2021";"23:00";"3";"07";"07040";"1";"1";"1";"3";"D209";"45,0329290000";"4,6805780000"
"202100033750";"19";"06";"2021";"01:58";"5";"69";"69063";"2";"1";"1";"7";"CHAREZIEUX (DE) (Q)";"45,8321030000";"4,8438440000"
"202100033751";"19";"06";"2021";"04:45";"3";"81";"81219";"1";"6";"1";"7";"RN 126";"43,5704420000";"1,9749640000"
"202100033752";"18";"06";"2021";"14:05";"1";"17";"17161";"1";"1";"1";"1";"D735";"46,1790390000";" -1,3269260000"
"202100033753";"15";"06";"2021";"10:50";"1";"13";"13056";"1";"1";"1";"4";"A55-Sens Martigues vers Marseille";"43,3961300000";"5,0459400000"
"202100033754";"17";"06";"2021";"20:40";"1";"13";"13210";"1";"1";"1";"7";"A50-Sens Marseille vers Aubagne";"43,2850600000";"5,4233300000"
"202100033755";"17";"06";"2021";"05:00";"3";"38";"38544";"1";"9";"1";"3";"A7   25.770 A 27.460";"45,5430030686";"4,8524808884"
"202100033756";"16";"06";"2021";"17:10";"1";"33";"33397";"1";"1";"1";"6";"AUTOROUTE A 10";"44,8955700000";" -0,4969240000"
"202100033757";"18";"06";"2021";"21:20";"2";"91";"91687";"1";"1";"1";"6";"AUTOROUTE A6";"48,6612500000";"2,3701600000"
"202100033758";"18";"06";"2021";"07:17";"1";"91";"91689";"1";"1";"1";"3";"AUTOROUTE A6";"48,7176500000";"2,3098100000"
"202100033759";"18";"06";"2021";"06:45";"1";"91";"91340";"1";"1";"2";"6";"RN 104";"48,6087000000";"2,4352000000"
"202100033760";"18";"06";"2021";"00:20";"4";"94";"94034";"1";"9";"1";"6";"AUTOROUTE A86";"48,7589800000";"2,3385600000"
"202100033761";"18";"06";"2021";"15:55";"1";"78";"78466";"1";"1";"1";"2";"A13";"48,9313530000";"1,9791350000"
"202100033762";"17";"06";"2021";"07:05";"1";"78";"78029";"1";"1";"1";"4";"A13W";"48,9683000000";"1,8600600000"
"202100033763";"18";"06";"2021";"08:30";"1";"93";"93005";"1";"1";"1";"4";"AUTOROUTE A1";"48,9395400000";"2,4793000000"
"202100033764";"18";"06";"2021";"03:20";"3";"95";"95018";"1";"1";"2";"6";"AUTOROUTE A15";"48,9503400000";"2,2803200000"
"202100033765";"17";"06";"2021";"23:50";"3";"92";"92036";"1";"1";"2";"2";"AUTOROUTE A15";"48,9406783537";"2,2926308104"
"202100033766";"18";"06";"2021";"13:45";"1";"77";"77169";"1";"1";"1";"6";"RN104";"48,8255293196";"2,6161130348"
"202100033767";"17";"06";"2021";"15:20";"1";"976";"97611";"2";"1";"1";"6";"m'tsapere-Said CafÃ© (rue)";" -12,7900900000";"45,2166100000"
"202100033768";"17";"06";"2021";"18:15";"1";"51";"51454";"2";"1";"1";"7";"Rue Ponsardin";"49,2523118177";"4,0400626249"
"202100033769";"17";"06";"2021";"19:40";"2";"38";"38544";"2";"3";"1";"3";"ST LOUIS(PLACE)";"45,5281400000";"4,8752400000"
"202100033770";"17";"06";"2021";"21:30";"5";"976";"97611";"2";"3";"1";"1";"kaweni-Poste ( rue de la )";" -12,7724700000";"45,2231300000"