"Num_Acc";"jour";"mois";"an";"hrmn";"lum";"dep";"com";"agg";"int";"atm";"col";"adr";"lat";"long"
"202100033771";"16";"06";"2021";"11:20";"1";"974";"97409";"2";"3";"2";"5";"MASCAREIGNES (Avenue des)";" -20,9401800000";"55,6472140000"
"202100033772";"17";"06";"2021";"16:15";"1";"973";"97302";"2";"3";"8";"3";"ZEPHIR (ROCADE)";"4,9380600000";" -52,3063500000"
"202100033773";"17";"06";"2021";"14:25";"1";"973";"97302";"2";"6";"8";"3";"MARINGOUINS (ROND-POINT)";"4,9070100000";" -52,3223100000"
"202100033774";"17";"06";"2021";"08:10";"1";"973";"97302";"2";"1";"1";"3";"MADELEINE (ROUTE DE LA)";"4,9216500000";" -52,3225200000"
"202100033775";"18";"06";"2021";"00:06";"5";"69";"69387";"2";"8";"1";"3";"TONY GARNIER (AV)";"45,7316012670";"4,8241809011"
"202100033776";"17";"06";"2021";"18:40";"1";"69";"69388";"2";"2";"1";"4";"JEAN MERMOZ (AV)";"45,7341300000";"4,8763200000"
"202100033777";"17";"06";"2021";"11:30";"1";"69";"69387";"2";"1";"1";"2";"YVES FARGE (BD)";"45,7371400000";"4,8288600000"
"202100033778";"17";"06";"2021";"09:50";"1";"69";"69387";"2";"1";"1";"3";"BERTHELOT (AV)";"45,7426479703";"4,8500568420"
"202100033779";"17";"06";"2021";"11:20";"1";"972";"97209";"2";"1";"3";"3";"SOLEIL LEVANT (BOULEVARD DU)";"14,6227300000";" -61,0390400000"
"202100033780";"17";"06";"2021";"13:40";"1";"69";"69382";"2";"2";"1";"3";"BAYARD (CR)";"45,7430008160";"4,8233393580"
"202100033781";"14";"06";"2021";"18:50";"1";"69";"69149";"2";"1";"1";"3";"FRANCISQUE JOMARD (R)";"45,7159596785";"4,7968693531"
"202100033782";"17";"06";"2021";"09:36";"1";"69";"69286";"2";"3";"1";"3";"STRASBOURG (DE) (RTE)";"45,8212300117";"4,8986118062"
"202100033783";"16";"06";"2021";"07:25";"1";"69";"69385";"2";"1";"1";"6";"CHOULANS (DE) (MO)";"45,7522400000";"4,8193600000"
"202100033784";"17";"06";"2021";"13:00";"1";"2B";"2B033";"2";"1";"1";"1";"LECLERC - ROND POINT";"42,7027300000";"9,4478100000"
"202100033785";"17";"06";"2021";"07:35";"1";"971";"97113";"1";"1";"2";"6";"BELLE-PLAINE (ROUTE DE)";"16,2144300000";" -61,4948200000"
"202100033786";"16";"06";"2021";"06:00";"2";"971";"97120";"2";"1";"1";"6";"FRANCOIS ARAGO";"16,2395413483";" -61,5340872109"
"202100033787";"15";"06";"2021";"12:30";"1";"2A";"2A004";"2";"1";"1";"3";"MARECHAL JUIN AVENUE";"41,9352282129";"8,7507781758"
"202100033788";"17";"06";"2021";"05:50";"2";"95";"95088";"1";"1";"2";"6";"RD 170";"48,9765458586";"2,4290299416"
"202100033789";"8";"06";"2021";"17:45";"1";"95";"95218";"2";"1";"1";"3";"RN 184";"49,0310544619";"2,1049118042"
"202100033790";"17";"06";"2021";"21:38";"1";"91";"91549";"2";"6";"2";"3";"CORBEIL (ROUTE DE)";"48,6370500000";"2,3328400000"
"202100033791";"16";"06";"2021";"19:40";"1";"91";"91552";"2";"1";"1";"3";"RTE DE CORBEIL";"48,5954500000";"2,2744580000"
"202100033792";"14";"06";"2021";"16:45";"1";"91";"91339";"2";"9";"1";"5";"RTE D ORLEANS";"48,6200000000";"2,2600000000"
"202100033793";"17";"06";"2021";"09:00";"1";"91";"91114";"2";"1";"1";"2";"AV CHARLES CHRISTOFLE";"48,7000000000";"2,4900000000"
"202100033794";"17";"06";"2021";"19:10";"1";"83";"83137";"2";"1";"1";"3";"HERRIOT (AVE EDOUARD)";"43,1290700000";"5,9016900000"
"202100033795";"8";"06";"2021";"17:45";"1";"83";"83123";"2";"1";"1";"3";"GARE (ROUTE)";"43,1208700000";"5,8160790000"
"202100033796";"16";"06";"2021";"10:00";"1";"83";"83034";"2";"6";"1";"3";"BOULEVARD DE LA LIBERTÃ";"43,0926560000";"6,0765560000"
"202100033797";"14";"06";"2021";"14:00";"1";"80";"80021";"2";"1";"1";"4";"FRANKLIN ROOSEVELT (RUE)";"49,9200200000";"2,2912800000"
"202100033798";"17";"06";"2021";"18:00";"1";"78";"78350";"1";"1";"1";"4";"VERSAILLES (ROUTE DE)";"48,8495200000";"2,1085200000"
"202100033799";"16";"06";"2021";"19:50";"1";"78";"78372";"2";"1";"1";"3";"VERSAILLES (ROUTE DE)";"48,8759700000";"2,1039600000"
"202100033800";"17";"06";"2021";"19:55";"1";"74";"74010";"2";"1";"8";"6";"EDELWEISS (RUE DES)";"45,9191000000";"6,1281100000"
"202100033801";"16";"06";"2021";"17:00";"1";"71";"71486";"2";"2";"1";"3";"Rue Colbert";"46,6468100000";"4,3213400000"
"202100033802";"16";"06";"2021";"11:45";"1";"71";"71153";"2";"1";"1";"7";"NÂ°2 A 16 ET 1 A 3 rue des acacias";"46,7964720000";"4,4291840000"
"202100033803";"16";"06";"2021";"07:30";"1";"71";"71153";"2";"9";"1";"1";"2 Rue du Docteur Rebillard";"46,8072300000";"4,4347160000"
"202100033804";"17";"06";"2021";"20:30";"1";"69";"69266";"2";"2";"1";"3";"ROGER SALENGRO (AV)";"45,7765858176";"4,8740673065"
"202100033805";"17";"06";"2021";"09:45";"1";"69";"69290";"2";"2";"7";"3";"GARIBALDI (R)";"45,6851000000";"4,9456500000"
"202100033806";"11";"06";"2021";"18:40";"1";"67";"67482";"2";"3";"1";"3";"SCHIRMECK (ROUTE DE)";"48,5626118989";"7,6998871565"
"202100033807";"15";"06";"2021";"18:40";"1";"67";"67482";"2";"3";"1";"3";"FINKMATT (QUAI)";"48,5870200000";"7,7464900000"
"202100033808";"16";"06";"2021";"18:39";"1";"66";"66136";"1";"1";"1";"3";"ELNE (ROUTE D')";"42,6693600000";"2,9171100000"
"202100033809";"16";"06";"2021";"11:10";"1";"66";"66136";"2";"1";"1";"6";"MERCADER (BOULEVARD FELIX)";"42,6925000000";"2,8919000000"
"202100033810";"17";"06";"2021";"08:56";"1";"65";"65047";"2";"2";"1";"3";"SPORTS (AVE DES)";"43,2345950000";"0,1002760000"
"202100033811";"16";"06";"2021";"14:50";"1";"64";"64445";"2";"1";"1";"3";"ALSACE LORRAINE D'";"43,3040000000";" -0,3700000000"
"202100033812";"14";"06";"2021";"14:45";"1";"64";"64122";"2";"4";"7";"7";"MADRID (RUE DE)";"43,4671428950";" -1,5715599060"
"202100033813";"16";"06";"2021";"11:12";"1";"64";"64024";"2";"2";"1";"5";"CHAMBRE D'AMOUR (AVENUE DE LA)";"43,4949600000";" -1,5315900000"
"202100033814";"16";"06";"2021";"20:35";"1";"63";"63124";"2";"1";"1";"1";"DE GAULLE (BOULEVARD CHARLES)";"45,7472100000";"3,1694000000"
"202100033815";"29";"04";"2021";"18:45";"1";"62";"62065";"2";"3";"1";"3";"CACHIN MARCEL";"50,4014180000";"2,8311050000"
"202100033816";"17";"06";"2021";"20:10";"1";"61";"61001";"2";"3";"2";"7";"VERDUN (RUE DE)";"48,4366500000";"0,0993100000"
"202100033817";"18";"06";"2021";"00:25";"5";"59";"59350";"2";"1";"1";"2";"DOUAI RUE";"50,6240500000";"3,0685600000"
"202100033818";"5";"06";"2021";"21:10";"1";"59";"59247";"2";"1";"1";"3";"PRINCIPALE RUE";"50,6369410000";"3,1895060000"
"202100033819";"15";"06";"2021";"18:45";"1";"59";"59350";"2";"1";"1";"6";"FAUBOURG D'ARRAS RUE";"50,6096571240";"3,0604353547"
"202100033820";"9";"05";"2021";"13:15";"1";"59";"59350";"2";"2";"1";"2";"BAUMANN PIERRE RUE";"50,6246500000";"3,0982700000"
"202100033821";"16";"06";"2021";"18:40";"1";"57";"57672";"2";"3";"1";"3";"BUCHEL (ROUTE DU)";"49,3580900000";"6,1110500000"
"202100033822";"11";"06";"2021";"18:35";"1";"57";"57221";"2";"1";"1";"3";"LORRAINE (AVENUE DE)";"49,3258897000";"6,1242840000"
"202100033823";"17";"06";"2021";"18:25";"1";"54";"54547";"2";"3";"1";"3";"GUINGOT (RUE LOUIS)";"48,6610800693";"6,1906002648"
"202100033824";"16";"06";"2021";"12:35";"1";"54";"54395";"2";"2";"1";"6";"SAINT LEON (RUE ET EGLISE)";"48,6884310534";"6,1732897907"
"202100033825";"16";"06";"2021";"22:35";"5";"51";"51454";"2";"3";"1";"3";"Rue de Courcelles";"49,2576400000";"4,0219400000"
"202100033826";"16";"06";"2021";"14:50";"1";"49";"49328";"2";"1";"1";"6";"LOUVET (RUE)";"47,2472900000";" -0,0734500000"
"202100033827";"17";"06";"2021";"10:30";"1";"45";"45302";"2";"6";"7";"3";"Rue Nationale 20";"47,9470138303";"1,8928291818"
"202100033828";"16";"06";"2021";"16:05";"1";"45";"45302";"2";"6";"1";"1";"Giratoire GÃ©rondeau";"47,9572822014";"1,8906118870"
"202100033829";"15";"06";"2021";"16:15";"1";"44";"44184";"2";"3";"1";"3";"BROODCOORENS (RUE) DU 124 AU 176 - DU 11";"47,2699300000";" -2,2446500000"
"202100033830";"16";"06";"2021";"21:15";"1";"44";"44190";"2";"2";"1";"3";"ROUTE DE CLISSON";"47,1870299061";" -1,4781513065"
"202100033831";"17";"06";"2021";"15:02";"1";"44";"44162";"2";"1";"1";"2";"BOULEVARD FRANCOIS MITTERRAND";"47,2117100000";" -1,6487000000"
"202100033832";"17";"06";"2021";"10:25";"1";"44";"44114";"2";"1";"1";"6";"RUE DU COMMANDANT CHARCOT";"47,2541284447";" -1,6172406077"
"202100033833";"12";"06";"2021";"15:46";"1";"43";"43251";"2";"1";"1";"6";"SAINT CHRISTOPHE (ROUTE DE)";"45,0240941703";"3,8594090939"
"202100033834";"16";"06";"2021";"21:10";"1";"42";"42218";"2";"1";"1";"3";"Rue Charles Cholat";"45,4639200000";"4,3981800000"
"202100033835";"13";"06";"2021";"00:45";"5";"42";"42218";"2";"2";"1";"1";"Rue Etienne Mimard";"45,4388700000";"4,3970200000"
"202100033836";"17";"06";"2021";"17:40";"1";"38";"38185";"2";"1";"1";"3";"RUE DES PEUPLIERS";"45,1647700000";"5,7305800000"
"202100033837";"15";"06";"2021";"21:10";"1";"37";"37261";"2";"1";"1";"3";"PAS NOTRE-DAME (RUE DU)";"47,4118877522";"0,6962229203"
"202100033838";"17";"06";"2021";"09:45";"1";"35";"35055";"1";"1";"1";"6";"RD 463";"48,0778800000";" -1,5928700000"
"202100033839";"17";"06";"2021";"08:15";"1";"35";"35051";"2";"6";"1";"3";"Rond-point du Taillis";"48,1140740000";" -1,6202550000"
"202100033840";"15";"06";"2021";"23:50";"3";"34";"34032";"1";"1";"1";"1";"ROUTE DE CORNEILHAN (RD.154)";"43,3682900000";"3,2099200000"
"202100033841";"17";"06";"2021";"12:30";"1";"34";"34003";"1";"1";"1";"3";"Avenue de la JetÃ©e (L16 A M15";"43,2781300000";"3,5138500000"
"202100033842";"17";"06";"2021";"21:00";"4";"33";"33069";"2";"2";"3";"3";"Avenue de Tivoli";"44,8705755458";" -0,5982824929"
"202100033843";"17";"06";"2021";"13:50";"1";"32";"32013";"1";"1";"1";"7";"BARRAN (ROUTE DE)";"43,6529800000";"0,5329000000"
"202100033844";"17";"06";"2021";"08:30";"1";"31";"31555";"2";"1";"8";"6";"BD DE THIBAUD";"43,5470700000";"1,3988200000"
"202100033845";"15";"06";"2021";"21:25";"2";"30";"30189";"2";"6";"1";"3";"MONTPELLIER (ROUTE DE)";"43,8075000000";"4,3250000000"
"202100033846";"15";"06";"2021";"12:10";"1";"30";"30189";"2";"3";"1";"3";"MAS SOUCHON";"43,8536000000";"4,3933000000"
"202100033847";"17";"06";"2021";"08:43";"1";"29";"29232";"2";"1";"1";"7";"Boulevard Louis le Guennec";"47,9855100000";" -4,1112100000"
"202100033848";"16";"06";"2021";"07:40";"1";"29";"29232";"2";"1";"1";"6";"D34B - Boulevard Louis le Guennec";"47,9850500000";" -4,1114100000"
"202100033849";"17";"06";"2021";"06:20";"1";"27";"27681";"2";"1";"1";"6";"JAURES (BOULEVARD JAURES)";"49,0956254519";"1,4620238543"
"202100033850";"17";"06";"2021";"14:50";"1";"25";"25580";"2";"2";"1";"6";"MATHAY (RUE DE)";"47,4592200000";"6,8292800000"
"202100033851";"16";"06";"2021";"17:50";"1";"25";"25056";"2";"3";"1";"3";"NODIER  RUE CHARLES (inf 22)";"47,2334250000";"6,0226640000"
"202100033852";"17";"06";"2021";"07:25";"1";"24";"24037";"1";"1";"1";"6";"RD13";"44,8658500000";"0,4506200000"
"202100033853";"9";"05";"2021";"04:25";"3";"22";"22360";"2";"1";"1";"7";"ROND POINT DE BREZILLET";"48,4935943723";" -2,7621817589"
"202100033854";"17";"06";"2021";"08:00";"1";"17";"17300";"2";"1";"1";"6";"JUIN   AVENUE DU MARECHAL";"46,1605310000";" -1,1794610000"
"202100033855";"16";"06";"2021";"18:00";"1";"17";"17291";"2";"1";"1";"2";"SAINT-VINCENT   RUE";"46,1879650000";" -1,1149740000"
"202100033856";"16";"06";"2021";"13:35";"1";"13";"13039";"1";"1";"1";"3";"RN 544";"43,4341730566";"4,9326777864"
"202100033857";"17";"06";"2021";"17:25";"1";"13";"13209";"1";"1";"1";"1";"COL DE LA GINESTE D559";"43,2401099502";"5,4553651338"
"202100033858";"17";"06";"2021";"14:45";"1";"13";"13214";"2";"1";"1";"1";"MORETTI (BOULEVARD)";"43,3262000000";"5,3757800000"
"202100033859";"16";"06";"2021";"21:07";"1";"13";"13202";"2";"9";"1";"2";"CARGO RHIN FIDELI (RUE)";"43,3271034987";"5,3572208975"
"202100033860";"16";"06";"2021";"07:30";"1";"13";"13206";"2";"2";"1";"1";"GOUFFE (COURS)";"43,2860500000";"5,3869900000"
"202100033861";"16";"06";"2021";"18:10";"1";"13";"13028";"2";"3";"1";"3";"GASSION (AVENUE FERNAND )";"43,1825500000";"5,6054400000"
"202100033862";"16";"06";"2021";"08:50";"1";"13";"13028";"2";"1";"1";"2";"SANGNIER (AVENUE MARC)";"43,1723694359";"5,5984173886"
"202100033863";"16";"06";"2021";"17:50";"1";"13";"13004";"2";"1";"1";"1";"AV STALINGRAD";"43,6937100000";"4,6395800000"
"202100033864";"12";"06";"2021";"15:20";"1";"12";"12202";"2";"4";"1";"3";"DECAZEVILLE (AVENUE DE) RD 840";"44,3653800000";"2,5510300000"
"202100033865";"13";"06";"2021";"10:30";"1";"12";"12176";"2";"2";"1";"3";"ROQUES (ROUTE DE LA)";"44,3737300000";"2,5783600000"
"202100033866";"16";"06";"2021";"11:50";"1";"12";"12145";"2";"5";"1";"2";"CONSTANS LEOPOLD";"44,0973300000";"3,0708000000"
"202100033867";"17";"06";"2021";"09:03";"1";"06";"06088";"2";"1";"1";"3";"ABATTOIRS (PASS. DES)";"43,7194540000";"7,2837180000"
"202100033868";"16";"06";"2021";"14:45";"1";"06";"06027";"2";"1";"1";"3";"NICE AVENUE DE (RN7)";"43,6592570000";"7,1656490000"
"202100033869";"17";"06";"2021";"09:00";"1";"03";"03211";"2";"1";"1";"3";"FONT NOIRE (ROUTE DE LA)";"46,3258700000";"2,5541700000"
"202100033870";"17";"06";"2021";"13:30";"1";"75";"75116";"2";"1";"1";"2";"PORTE DE PASSY";"48,8587420000";"2,2619290000"
"202100033871";"16";"06";"2021";"17:10";"1";"75";"75112";"2";"1";"7";"4";"PORTE DOREE";"48,8368700000";"2,4124010000"
"202100033872";"14";"06";"2021";"10:50";"1";"75";"75114";"2";"1";"1";"2";"PORTE D ORLEANS";"48,8209270000";"2,3218280000"
"202100033873";"16";"06";"2021";"13:50";"1";"75";"75112";"2";"4";"1";"3";"AVENUE DAUMESNIL";"48,8389450000";"2,3973600000"
"202100033874";"14";"06";"2021";"00:40";"5";"75";"75101";"2";"1";"1";"6";"VOIE GEORGES POMPIDOU";"48,8578650000";"2,3447450000"
"202100033875";"17";"06";"2021";"18:15";"1";"75";"75119";"2";"1";"1";"3";"RUE D HAUTPOUL";"48,8822200000";"2,3882390000"
"202100033876";"15";"06";"2021";"23:30";"5";"75";"75115";"2";"3";"1";"3";"RUE DE VAUGIRARD";"48,8412730000";"2,3072060000"
"202100033877";"17";"06";"2021";"08:05";"1";"75";"75112";"2";"4";"1";"6";"RUE DE PRAGUE";"48,8484470000";"2,3760640000"
"202100033878";"17";"06";"2021";"11:00";"1";"75";"75110";"2";"1";"1";"6";"RUE DU HUIT MAI 1945";"48,8762320000";"2,3575430000"
"202100033879";"17";"06";"2021";"10:43";"1";"75";"75109";"2";"1";"1";"6";"RUE LA FAYETTE";"48,8769990000";"2,3482750000"
"202100033880";"17";"06";"2021";"10:06";"1";"75";"75109";"2";"2";"1";"6";"RUE SAINT LAZARE";"48,8767050000";"2,3323600000"
"202100033881";"17";"06";"2021";"08:25";"1";"75";"75108";"2";"3";"1";"3";"AVENUE DES CHAMPS ELYSEES";"48,8692860000";"2,3091760000"
"202100033882";"16";"06";"2021";"23:20";"5";"75";"75107";"2";"2";"1";"2";"RUE DE CONSTANTINE";"48,8609650000";"2,3149830000"
"202100033883";"17";"06";"2021";"20:40";"2";"75";"75104";"2";"2";"2";"3";"RUE DES FRANCS BOURGEOIS";"48,8572410000";"2,3617510000"
"202100033884";"17";"06";"2021";"09:40";"1";"75";"75104";"2";"3";"1";"3";"RUE DE LOBAU";"48,8553060000";"2,3528630000"
"202100033885";"16";"06";"2021";"18:25";"1";"94";"94068";"2";"1";"1";"2";"Rue Leroux";"48,8061200000";"2,4722600000"
"202100033886";"15";"06";"2021";"15:00";"1";"94";"94043";"2";"1";"1";"3";"Avenue Charles Gide";"48,8069770000";"2,3536820000"
"202100033887";"17";"06";"2021";"18:20";"1";"94";"94073";"2";"3";"1";"3";"Rue du Bas Marin";"48,7544800000";"2,3859900000"
"202100033888";"16";"06";"2021";"10:15";"1";"94";"94073";"2";"3";"1";"3";"FONTAINEBLEAU (AV DE)";"48,7480200000";"2,3693500000"
"202100033889";"17";"06";"2021";"00:33";"5";"94";"94081";"2";"1";"1";"1";"GROUPE MANOUCHIAN (AV DU)";"48,7920200000";"2,4040400000"
"202100033890";"17";"06";"2021";"13:30";"1";"93";"93070";"2";"1";"1";"1";"GABRIEL-PERI (AV)";"48,9012400000";"2,3302200000"
"202100033891";"16";"06";"2021";"11:35";"1";"93";"93070";"2";"1";"1";"2";"GABRIEL-PERI (AV)";"48,9093720000";"2,3329690000"
"202100033892";"16";"06";"2021";"19:10";"1";"93";"93066";"2";"9";"2";"3";"Boulevard Anatole France";"48,9200160000";"2,3437610000"
"202100033893";"17";"06";"2021";"14:50";"1";"93";"93064";"2";"1";"1";"3";"REPUBLIQUE (AVENUE DE LA)";"48,8756100000";"2,4859300000"
"202100033894";"17";"06";"2021";"13:47";"1";"93";"93055";"2";"1";"1";"2";"JEAN JAURES (AVENUE) (2/74)";"48,9020450000";"2,3903940000"
"202100033895";"17";"06";"2021";"11:15";"1";"93";"93051";"2";"2";"8";"3";"Rue de Malnoue / Rue du Marnois";"48,8418980000";"2,5686970000"
"202100033896";"17";"06";"2021";"14:30";"1";"93";"93079";"2";"1";"1";"3";"SAINT LEU (ROUTE)";"48,9560730000";"2,3324140000"
"202100033897";"17";"06";"2021";"22:10";"5";"93";"93010";"2";"2";"2";"1";"POLISSARD (RUE AUGUSTE)";"48,9061553952";"2,4803030491"
"202100033898";"10";"06";"2021";"23:40";"5";"93";"93010";"2";"3";"1";"1";"ROUSSEAU (RUE JEAN-JACQUES)";"48,9110350000";"2,4745430000"
"202100033899";"17";"06";"2021";"11:25";"1";"93";"93007";"2";"1";"1";"6";"Avenue Paul Vaillant Couturier";"48,9266830000";"2,4713320000"
"202100033900";"17";"06";"2021";"21:30";"3";"93";"93001";"2";"1";"2";"1";"VICTOR HUGO (AVE)  NÂ° 122 =>";"48,9132915123";"2,3803335427"
"202100033901";"17";"06";"2021";"10:00";"1";"92";"92072";"2";"3";"1";"3";"VILLE D'AVRAY (RUE DE )";"48,8257900000";"2,2060200000"
"202100033902";"15";"06";"2021";"08:30";"1";"92";"92064";"2";"1";"1";"6";"EGLISE";"48,8425414349";"2,2193703800"
"202100033903";"16";"06";"2021";"19:40";"1";"92";"92063";"2";"1";"1";"6";"HOPITAL STELL (BOULEVARD DE L')";"48,8787114297";"2,1864777803"
"202100033904";"17";"06";"2021";"13:45";"1";"92";"92050";"2";"3";"1";"6";"PICASSO PABLO AVENUE";"48,8886045074";"2,2229343653"
"202100033905";"16";"06";"2021";"07:30";"1";"92";"92050";"2";"3";"1";"2";"RENAN ERNEST RUE";"48,8927500000";"2,1873300000"
"202100033906";"15";"06";"2021";"20:31";"1";"92";"92050";"2";"6";"1";"3";"BOULE PLACE DE LA";"48,8868373063";"2,2004412797"
"202100033907";"17";"06";"2021";"01:25";"5";"92";"92036";"2";"1";"2";"7";"COUTURE D'AUXERRE (RUE DE LA) (52/138)";"48,9272207427";"2,2884476374"
"202100033908";"17";"06";"2021";"21:05";"1";"92";"92025";"2";"9";"2";"3";"CHARLES DE GAULLE (BD)";"48,9143900000";"2,2293450000"
"202100033909";"17";"06";"2021";"08:00";"1";"92";"92004";"2";"2";"1";"7";"DOCTEUR DERVAUX  ( QUAI DU )";"48,9091600000";"2,2935200000"
"202100033910";"17";"06";"2021";"07:00";"2";"92";"92004";"2";"2";"1";"7";"GEORGES GUYNEMER (RUE) )";"48,9151576115";"2,2898313403"
"202100033911";"17";"06";"2021";"18:53";"1";"16";"16413";"1";"1";"8";"1";"N/A";"46,0491330000";"0,1106800000"
"202100033912";"17";"06";"2021";"18:15";"1";"43";"43048";"1";"1";"2";"1";"la tour";"45,3362120000";"3,7051180000"
"202100033913";"17";"06";"2021";"17:40";"1";"95";"95313";"2";"1";"1";"6";"RD 922";"49,1073650000";"2,2209190000"
"202100033914";"17";"06";"2021";"15:00";"1";"63";"63388";"1";"1";"1";"7";"D110";"46,0175920000";"2,7614950000"
"202100033915";"17";"06";"2021";"18:00";"1";"76";"76404";"2";"1";"1";"7";"D52";"49,5649290000";"0,2550500000"
"202100033916";"17";"06";"2021";"09:05";"1";"01";"01285";"1";"1";"1";"3";"197 Route de Lyon";"45,9198750000";"4,8145540000"
"202100033917";"17";"06";"2021";"18:53";"1";"67";"67283";"1";"1";"1";"7";"Route Departementale 1004";"48,7048170000";"7,3747510000"
"202100033918";"17";"06";"2021";"13:35";"1";"01";"01354";"2";"1";"1";"4";"Rue de la Faucille";"46,2665570000";"6,0318590000"
"202100033919";"17";"06";"2021";"11:45";"1";"974";"97414";"2";"2";"1";"3";"Rue du PÃ¨re Laporte";" -21,2644260000";"55,4376290000"
"202100033920";"17";"06";"2021";"21:00";"2";"62";"62415";"2";"9";"2";"3";"D939";"50,3322580000";"2,6412460000"
"202100033921";"18";"06";"2021";"10:10";"1";"62";"62792";"1";"2";"2";"3";"Route Departementale 943";"50,7825920000";"2,1888110000"
"202100033922";"18";"06";"2021";"18:00";"1";"56";"56040";"1";"1";"1";"2";"Lieu-Dit Kervadio";"47,8747200000";" -3,3385400000"
"202100033923";"17";"06";"2021";"14:45";"1";"56";"56078";"1";"1";"1";"6";"N165 sens Nantes/Brest";"47,8157340000";" -3,4632040000"
"202100033924";"17";"06";"2021";"17:40";"1";"56";"56186";"2";"6";"1";"3";"Rue du Roch Priol";"47,4823430000";" -3,1061050000"
"202100033925";"18";"06";"2021";"05:15";"3";"81";"81252";"1";"1";"1";"7";"D59b";"43,6682980000";"2,2338190000"
"202100033926";"17";"06";"2021";"20:00";"2";"89";"89267";"1";"2";"1";"3";"Carrefour des cinq routes";"47,5498570000";"4,0551900000"
"202100033927";"16";"06";"2021";"18:50";"1";"89";"89345";"1";"1";"1";"2";"D943";"48,0051700000";"3,6686280000"
"202100033928";"17";"06";"2021";"18:00";"1";"61";"61479";"1";"1";"1";"7";"Les Coudrais";"48,6631760000";" -0,0783850000"
"202100033929";"18";"06";"2021";"09:00";"1";"49";"49228";"1";"2";"1";"3";"coquelival";"47,5277210000";"0,1906300000"
"202100033930";"10";"06";"2021";"16:00";"1";"12";"12253";"1";"1";"1";"7";"D243";"44,1929300000";"2,7839500000"
"202100033931";"17";"06";"2021";"18:00";"1";"38";"38195";"2";"1";"7";"1";"IMPASSE DU RESERVOIR";"45,1433430000";"5,3753830000"
"202100033932";"16";"06";"2021";"11:30";"1";"38";"38075";"1";"1";"1";"7";"D285a";"45,4792790000";"5,9358470000"
"202100033933";"17";"06";"2021";"22:05";"3";"38";"38422";"1";"1";"1";"1";"D524";"45,1469980000";"5,8284720000"
"202100033934";"1";"06";"2021";"16:00";"1";"01";"01193";"1";"3";"1";"3";"D992";"45,6405680000";"5,6440870000"
"202100033935";"17";"06";"2021";"17:15";"1";"70";"70122";"1";"1";"1";"1";"D17";"47,6408300000";"5,4925420000"
"202100033936";"17";"06";"2021";"11:45";"1";"72";"72176";"2";"9";"1";"3";"2 Avenue de la LibÃ©ration";"47,6475056811";"0,1529760363"
"202100033937";"6";"06";"2021";"11:00";"1";"14";"14303";"2";"2";"1";"3";"Chemin de Chambray";"49,1218850000";"0,2830540000"
"202100033938";"18";"06";"2021";"04:25";"3";"60";"60054";"2";"1";"2";"1";"15 Grande Rue - Villotran";"49,3445700444";"2,0182226314"
"202100033939";"17";"06";"2021";"18:10";"1";"43";"43012";"2";"1";"2";"1";"Route de Firminy";"45,3839160022";"4,2274430394"
"202100033940";"17";"06";"2021";"16:10";"1";"43";"43124";"2";"1";"1";"6";"Coubladour";"45,1138030000";"3,7440370000"
"202100033941";"17";"06";"2021";"15:15";"1";"10";"10420";"2";"9";"1";"3";"Rue du Pont du Roi";"48,5869130000";"3,5524790000"
"202100033942";"18";"06";"2021";"01:00";"3";"16";"16280";"1";"1";"2";"2";"N/A";"45,7485810000";"0,3673880000"
"202100033943";"17";"06";"2021";"18:00";"1";"07";"07276";"1";"1";"1";"6";"dÃ©partementale 120 - PR 42+100";"44,9046300000";"4,4825510000"
"202100033944";"16";"06";"2021";"08:50";"1";"21";"21154";"2";"1";"1";"2";"Rue Mal de Lattre de Tassigny";"47,8588570000";"4,5724210000"
"202100033945";"18";"06";"2021";"09:20";"1";"27";"27039";"1";"1";"2";"1";"D91";"49,3742330000";"0,8513520000"
"202100033946";"18";"06";"2021";"07:45";"1";"27";"27116";"1";"1";"2";"6";"Le Clos Hagan - D26";"49,1908480000";"0,7356980000"
"202100033947";"12";"06";"2021";"18:15";"1";"28";"28137";"2";"1";"1";"6";"27bis Rue de Chartres";"48,5413510000";"1,7162810000"
"202100033948";"17";"06";"2021";"20:30";"1";"72";"72078";"1";"1";"1";"6";"a28";"48,2818110000";"0,1562450000"
"202100033949";"18";"06";"2021";"13:40";"1";"74";"74067";"1";"1";"1";"7";"568 Rte des Creuses";"45,8794520000";"6,0408820000"
"202100033950";"18";"06";"2021";"17:28";"1";"06";"06085";"2";"1";"1";"1";"560 Chemin du Chateau";"43,5858700000";"7,0011880000"
"202100033951";"17";"06";"2021";"14:30";"1";"44";"44069";"1";"1";"1";"5";"D774";"47,3828290000";" -2,3826990000"
"202100033952";"17";"06";"2021";"21:30";"2";"77";"77222";"2";"1";"2";"6";"Rue du Bois Boulay";"48,6282220000";"2,8017070000"
"202100033953";"15";"06";"2021";"16:10";"1";"95";"95370";"2";"1";"7";"6";"Sente des Gradins (Chemin)";"49,1490190000";"1,9856390000"
"202100033954";"17";"06";"2021";"21:40";"5";"30";"30156";"2";"1";"1";"7";"Avenue de Mezeirac";"43,8661180000";"4,4484880000"
"202100033955";"17";"06";"2021";"20:12";"1";"11";"11138";"1";"1";"2";"6";"RD 6";"43,2778930000";"1,9463180000"
"202100033956";"18";"06";"2021";"06:30";"2";"83";"83027";"1";"1";"1";"1";"2963 Chemin de Marenc et des Costes";"43,1662070000";"5,7438300000"
"202100033957";"16";"06";"2021";"12:15";"1";"83";"83068";"1";"1";"1";"2";"Route du Littoral";"43,2849250000";"6,5959860000"