"Num_Acc";"jour";"mois";"an";"hrmn";"lum";"dep";"com";"agg";"int";"atm";"col";"adr";"lat";"long"
"202100033958";"18";"06";"2021";"07:30";"1";"83";"83107";"1";"1";"1";"6";"Route de la Bouverie";"43,4716940000";"6,6615560000"
"202100033959";"15";"06";"2021";"11:40";"1";"13";"13015";"2";"9";"1";"1";"Route de Rans";"43,4267590000";"5,3860800000"
"202100033960";"16";"06";"2021";"18:10";"1";"21";"21320";"1";"1";"7";"1";"D109";"47,2819380000";"5,1989850000"
"202100033961";"14";"06";"2021";"17:25";"1";"67";"67194";"2";"3";"7";"3";"rue haute vienne";"48,7343400000";"7,9107030000"
"202100033962";"16";"06";"2021";"07:03";"1";"67";"67378";"2";"3";"1";"3";"Rue de la Retraite";"48,4715520000";"7,7231100000"
"202100033963";"17";"06";"2021";"18:00";"1";"42";"42299";"2";"1";"2";"5";"Rue de Feurs";"45,6140450000";"4,0772580000"
"202100033964";"15";"06";"2021";"06:20";"1";"69";"69094";"2";"6";"1";"3";"D 30";"45,7494071822";"4,6951324939"
"202100033965";"17";"06";"2021";"20:40";"2";"69";"69178";"1";"1";"1";"3";"MONTBRISON (DE) (RTE)";"45,7016434170";"4,4590115547"
"202100033966";"15";"06";"2021";"18:30";"1";"69";"69204";"2";"5";"1";"6";"COLLONGES (DES) (R)";"45,6926540000";"4,8038580000"
"202100033967";"17";"06";"2021";"17:30";"1";"81";"81271";"2";"1";"6";"6";"3 Avenue Rhin et Danube";"43,7743314946";"1,6844708472"
"202100033968";"17";"06";"2021";"20:15";"1";"33";"33268";"2";"1";"2";"6";"D105";"45,0382070000";" -0,6945100000"
"202100033969";"15";"06";"2021";"20:33";"2";"33";"33003";"2";"3";"1";"3";"Avenue LÃ©on Blum";"44,9323310000";" -0,4800700000"
"202100033970";"17";"06";"2021";"14:25";"1";"61";"61467";"1";"1";"1";"6";"N12";"48,4654869000";"0,1594859900"
"202100033971";"3";"06";"2021";"18:30";"1";"50";"50363";"1";"1";"1";"2";"RD 999";"49,0063410000";" -1,1516650000"
"202100033972";"17";"06";"2021";"17:23";"1";"35";"35098";"1";"1";"1";"6";"RD 57";"47,7649740000";" -1,6464690000"
"202100033973";"17";"06";"2021";"18:54";"1";"13";"13071";"1";"1";"1";"2";"A7-Sens Marseille vers Lyon";"43,4142100000";"5,2801600000"
"202100033974";"17";"06";"2021";"18:50";"1";"13";"13019";"1";"1";"1";"2";"A51-Sens Marseille vers Aix en Provence";"43,4244970000";"5,3755650000"
"202100033975";"16";"06";"2021";"17:50";"1";"69";"69029";"1";"1";"1";"4";"A43   0.550 A 3.353";"45,7267800000";"4,9142100000"
"202100033976";"17";"06";"2021";"17:15";"1";"91";"91339";"1";"1";"1";"5";"RN 104";"48,6257400000";"2,2614800000"
"202100033977";"17";"06";"2021";"17:40";"1";"91";"91340";"1";"1";"1";"2";"AUTOROUTE A6";"48,5983300000";"2,4407400000"
"202100033978";"17";"06";"2021";"16:15";"1";"91";"91521";"1";"1";"1";"2";"RN 104";"48,6319100000";"2,4003800000"
"202100033979";"16";"06";"2021";"16:20";"1";"92";"92036";"1";"1";"1";"2";"A86";"48,9357640852";"2,2872224731"
"202100033980";"16";"06";"2021";"15:55";"1";"78";"78029";"1";"1";"1";"4";"A13Y";"48,9651140000";"1,8477700000"
"202100033981";"16";"06";"2021";"10:40";"1";"92";"92019";"1";"1";"1";"4";"RN385";"48,7761563734";"2,2369245596"
"202100033982";"17";"06";"2021";"18:15";"1";"93";"93027";"1";"1";"1";"2";"AUTOROUTE A86";"48,9280500000";"2,4032800000"
"202100033983";"17";"06";"2021";"10:20";"1";"93";"93064";"1";"1";"1";"3";"AUTOROUTE A86";"48,8766700000";"2,4779300000"
"202100033984";"17";"06";"2021";"08:45";"1";"93";"93010";"1";"1";"1";"7";"AUTOROUTE A3";"48,9032900000";"2,4711100000"
"202100033985";"17";"06";"2021";"03:30";"3";"95";"95675";"1";"1";"1";"6";"AUTOROUTE A1";"49,0533967273";"2,5484610613"
"202100033986";"16";"06";"2021";"23:55";"3";"95";"95154";"1";"1";"1";"2";"AUTOROUTE A1";"49,0432600000";"2,5440000000"
"202100033987";"16";"06";"2021";"13:10";"1";"93";"93007";"1";"1";"1";"3";"AUTOROUTE A3";"48,9339500000";"2,4805900000"
"202100033988";"16";"06";"2021";"09:20";"1";"77";"77372";"1";"1";"1";"3";"A104";"48,8759375141";"2,6691263873"
"202100033989";"5";"06";"2021";"20:50";"1";"69";"69264";"2";"1";"1";"6";"THIZY (DE) (R)";"45,9863359404";"4,7163802385"
"202100033990";"6";"06";"2021";"13:00";"1";"50";"50502";"1";"1";"1";"2";"RN 174 (2x2) route de Tessy- rp LibertÃ©";"49,1056400000";" -1,1173000000"
"202100033991";"7";"06";"2021";"17:05";"1";"976";"97611";"2";"1";"1";"6";"kaweni-Pendu (Place)";" -12,7580300000";"45,2322500000"
"202100033992";"9";"06";"2021";"16:30";"1";"13";"13047";"1";"1";"1";"1";"R.N 569";"43,4921100000";"4,9650300000"
"202100033993";"10";"06";"2021";"10:40";"1";"71";"71076";"2";"1";"1";"6";"CITADELLE (RUE DE LA )";"46,7853315747";"4,8522545287"
"202100033994";"10";"06";"2021";"14:35";"1";"03";"03310";"2";"1";"1";"6";"28 Rue Georges ClÃ©menceau";"46,1255300000";"3,4227400000"
"202100033995";"13";"06";"2021";"18:05";"1";"92";"92075";"2";"1";"1";"6";"ARCUEIL (VILLA D')";"48,8174300000";"2,2891500000"
"202100033996";"13";"06";"2021";"22:10";"5";"94";"94041";"2";"1";"1";"4";"MAURICE THOREZ (AV)";"48,8172000000";"2,3759000000"
"202100033997";"14";"06";"2021";"12:30";"1";"75";"75116";"2";"1";"1";"2";"ROUTE DES TRIBUNES";"48,8604940000";"2,2297510000"
"202100033998";"14";"06";"2021";"13:30";"1";"75";"75120";"2";"1";"1";"6";"RUE DU TELEGRAPHE";"48,8713940000";"2,4000870000"
"202100033999";"15";"06";"2021";"17:15";"1";"91";"91228";"2";"1";"1";"6";"RTE NATIONALE 7";"48,6352400000";"2,4348700000"
"202100034000";"15";"06";"2021";"12:20";"1";"75";"75119";"2";"4";"1";"6";"AVENUE JEAN JAURES";"48,8829300000";"2,3707330000"
"202100034001";"13";"06";"2021";"19:00";"1";"93";"93059";"2";"1";"7";"3";"EMILE ZOLA (AVENUE)";"48,9520000000";"2,3685000000"
"202100034002";"16";"06";"2021";"19:35";"1";"75";"75113";"2";"3";"1";"6";"RUE DE TOLBIAC";"48,8271430000";"2,3671620000"
"202100034003";"16";"06";"2021";"10:00";"1";"13";"13206";"2";"2";"1";"1";"COMMANDANT IMHAUS (RUE DU)";"43,2875600000";"5,3856000000"
"202100034004";"16";"06";"2021";"14:50";"1";"972";"97209";"2";"6";"1";"7";"ERNEST DEPROGE (RUE)";"14,6031300000";" -61,0722100000"
"202100034005";"16";"06";"2021";"19:15";"1";"76";"76561";"2";"3";"1";"3";"MONNET. RUE JEAN";"49,3015132409";"1,0368280727"
"202100034006";"16";"06";"2021";"10:21";"1";"92";"92035";"2";"2";"1";"6";"Pierre Joigneaux ( rue )";"48,9111900000";"2,2549000000"
"202100034007";"16";"06";"2021";"14:50";"1";"988";"98818";"2";"2";"1";"3";"AVENUE DU MARECHAL FOCH/AVENUE DE LA VICTOIRE H. LAFLEUR";" -22,2743500000";"166,4428100000"
"202100034008";"16";"06";"2021";"08:55";"1";"976";"97611";"1";"1";"1";"1";"vahibe-Departementale 3 ( route )";" -12,7865500000";"45,1693400000"
"202100034009";"13";"06";"2021";"09:55";"1";"974";"97411";"2";"3";"1";"1";"MONNERVILLE (BOULEVARD GASTON)";" -20,8942300000";"55,4512800000"
"202100034010";"15";"06";"2021";"17:10";"1";"974";"97409";"2";"1";"1";"6";"Lefaguyes (chemin)";" -20,9603729126";"55,6622909365"
"202100034011";"16";"06";"2021";"18:55";"5";"974";"97407";"2";"9";"1";"3";"COMMUNE DE PARIS (AVENUE)";" -20,9358600000";"55,2911100000"
"202100034012";"16";"06";"2021";"19:25";"1";"69";"69387";"2";"2";"1";"6";"CLAUDE BERNARD (Q)";"45,7518300000";"4,8369000000"
"202100034013";"16";"06";"2021";"13:05";"1";"69";"69386";"2";"1";"1";"6";"SERBIE (DE) (Q)";"45,7718699086";"4,8408164423"
"202100034014";"16";"06";"2021";"11:30";"1";"69";"69386";"2";"2";"1";"2";"MONTGOLFIER (R)";"45,7719900000";"4,8499300000"
"202100034015";"16";"06";"2021";"08:40";"1";"69";"69259";"2";"3";"1";"3";"MAURICE THOREZ (AV)";"45,7004500000";"4,8677500000"
"202100034016";"16";"06";"2021";"13:30";"1";"972";"97213";"2";"1";"1";"2";"ROUTE NATIONALE 1";"14,6179600000";" -61,0189600000"
"202100034017";"15";"06";"2021";"14:00";"1";"972";"97213";"1";"1";"1";"3";"ROUTE DEPARTEMENTALE 13";"14,6342600000";" -61,0149500000"
"202100034018";"15";"06";"2021";"23:50";"5";"69";"69382";"2";"1";"1";"6";"JACOBINS (DES) (PL)";"45,7605248629";"4,8340299726"
"202100034019";"16";"06";"2021";"16:25";"1";"95";"95252";"2";"1";"1";"1";"BEL-AIR (BOULEVARD DU)";"48,9862495500";"2,2367647900"
"202100034020";"16";"06";"2021";"19:35";"1";"91";"91421";"2";"1";"1";"3";"CHARLES DE GAULLE (AVENUE)";"48,6967700000";"2,4578600000"
"202100034021";"16";"06";"2021";"16:20";"1";"91";"91479";"2";"1";"1";"2";"AV JEAN JAURES";"48,7095200000";"2,3670800000"
"202100034022";"16";"06";"2021";"10:55";"1";"91";"91326";"2";"2";"1";"6";"PASTEUR (RUE)";"48,6869400000";"2,3780600000"
"202100034023";"15";"06";"2021";"20:55";"1";"91";"91433";"1";"1";"1";"6";"R.D.20";"48,4651300000";"2,1814460000"
"202100034024";"15";"06";"2021";"05:30";"3";"91";"91223";"1";"1";"1";"6";"CD63";"48,4219750000";"2,1805600000"
"202100034025";"11";"06";"2021";"19:25";"1";"89";"89387";"2";"2";"1";"3";"BELLOCIER (RUE)";"48,1973400000";"3,2712700000"
"202100034026";"15";"06";"2021";"19:06";"1";"88";"88160";"1";"1";"1";"7";"ARCHETTES (RTE D')";"48,1439900000";"6,4794100000"
"202100034027";"15";"06";"2021";"16:23";"1";"87";"87085";"2";"1";"1";"2";"GUESDE (RUE JULES)";"45,8294800000";"1,2616600000"
"202100034028";"16";"06";"2021";"14:30";"1";"82";"82121";"2";"4";"1";"3";"SAINT-ETIENNE DE TULMONT (ROUTE)";"44,0319300000";"1,4084000000"
"202100034029";"12";"06";"2021";"12:10";"1";"78";"78640";"2";"1";"1";"3";"LOUIS BREGUET (AVENUE)";"48,7803500000";"2,1898300000"
"202100034030";"16";"06";"2021";"08:00";"1";"77";"77487";"2";"1";"1";"6";"LIBERATION (DE LA)";"48,5325900000";"2,6722500000"
"202100034031";"16";"06";"2021";"17:02";"1";"76";"76681";"2";"7";"1";"6";"MARTYRS DE LA RESISTANCE. PLACE DES";"49,4194000000";"1,0781600000"
"202100034032";"16";"06";"2021";"12:30";"1";"76";"76540";"2";"1";"1";"6";"CARREL. RUE ARMAND";"49,4398389954";"1,1018534577"
"202100034033";"15";"06";"2021";"20:20";"1";"76";"76351";"2";"2";"1";"2";"INGOUVILLE (RUE)";"49,4974800000";"0,1094300000"
"202100034034";"15";"06";"2021";"20:30";"1";"76";"76351";"2";"1";"1";"3";"ESTIENNE D'ORVES (D')";"49,5154000000";"0,0968000000"
"202100034035";"15";"06";"2021";"18:45";"1";"72";"72181";"2";"1";"1";"3";"GAMBETTA (RUE) NÂ° IMP 63 A 147";"48,0072400000";"0,1892200000"
"202100034036";"15";"06";"2021";"15:45";"1";"71";"71270";"2";"3";"1";"1";"Rue du Docteur Schweitzer";"46,3200757609";"4,8380337494"
"202100034037";"16";"06";"2021";"20:00";"2";"69";"69290";"2";"2";"1";"1";"CITE BERLIET (DE LA) (BD)";"45,7081000000";"4,9181100000"
"202100034038";"16";"06";"2021";"13:20";"1";"69";"69266";"2";"1";"1";"6";"LEON BLUM (R)";"45,7605200000";"4,9043700000"
"202100034039";"15";"06";"2021";"21:10";"2";"67";"67482";"2";"1";"1";"6";"FRANCOIS EPAILLY (RUE)";"48,5730800000";"7,7911800000"
"202100034040";"14";"06";"2021";"12:00";"1";"67";"67482";"2";"1";"7";"3";"PLAINE DES BOUCHERS (RUE DE LA)";"48,5640379775";"7,7386042459"
"202100034041";"16";"06";"2021";"08:06";"1";"66";"66136";"1";"1";"1";"1";"ELNE (ROUTE D')";"42,6744500000";"2,9143100000"
"202100034042";"15";"06";"2021";"11:10";"1";"66";"66136";"2";"3";"1";"3";"PERVENCHES (AVENUE DES)";"42,7017300000";"2,9045700000"
"202100034043";"16";"06";"2021";"15:20";"1";"64";"64545";"2";"1";"1";"5";"Route de la Corniche";"43,3818100000";" -1,7309300000"
"202100034044";"16";"06";"2021";"15:55";"1";"64";"64102";"2";"3";"1";"3";"SOULT (AVENUE MARECHAL)";"43,4858500000";" -1,4913600000"
"202100034045";"14";"06";"2021";"17:25";"1";"64";"64024";"2";"1";"1";"3";"GUYNEMER (AVENUE)";"43,4976800000";" -1,5384200000"
"202100034046";"15";"06";"2021";"16:25";"1";"63";"63075";"2";"1";"1";"4";"PASTEUR (AVENUE)";"45,7738100000";"3,0729100000"
"202100034047";"16";"05";"2021";"02:10";"5";"62";"62413";"2";"1";"1";"7";"CHEMIN DE FER (R DU)";"50,4455090000";"2,8879020000"
"202100034048";"16";"06";"2021";"10:55";"1";"61";"61001";"2";"1";"7";"6";"EDOUARD BRANLY (RUE)";"48,4363800000";"0,1062700000"
"202100034049";"15";"06";"2021";"11:50";"1";"59";"59512";"2";"1";"1";"6";"VIEIL ABREUVOIR (RUE DU)";"50,6929400000";"3,1735400000"
"202100034050";"16";"06";"2021";"14:55";"1";"59";"59350";"2";"6";"1";"3";"FEBVRIER JACQUES PLACE";"50,6178500000";"3,0611100000"
"202100034051";"10";"06";"2021";"13:50";"1";"53";"53201";"1";"1";"1";"2";"Avenue Pierre de Coubertin";"48,0790970000";" -0,8202820000"
"202100034052";"16";"06";"2021";"10:00";"1";"51";"51454";"2";"1";"1";"7";"Rue de Courlancy";"49,2445400000";"4,0193000000"
"202100034053";"15";"06";"2021";"16:55";"1";"50";"50129";"2";"3";"1";"4";"CESSART (AVENUE DE)";"49,6443900000";" -1,6316000000"
"202100034054";"14";"06";"2021";"21:49";"1";"49";"49267";"2";"1";"1";"7";"MONTAIGNE AVENUE";"47,4658500000";" -0,5170200000"
"202100034055";"14";"06";"2021";"07:55";"1";"49";"49007";"2";"1";"7";"6";"BEDIER BOULEVARD";"47,4512300000";" -0,5476400000"
"202100034056";"13";"06";"2021";"14:43";"1";"47";"47323";"2";"6";"1";"3";"ROMAS (ROND POINT)";"44,4087992657";"0,7404425057"
"202100034057";"16";"06";"2021";"16:35";"1";"45";"45338";"2";"3";"1";"3";"Rue Jean Mermoz";"47,9820300000";"2,7115000000"
"202100034058";"16";"06";"2021";"20:17";"1";"37";"37261";"2";"3";"1";"6";"TOUR D'AUVERGNE (RUE DE LA)";"47,3852268260";"0,7063476741"
"202100034059";"16";"06";"2021";"02:46";"5";"37";"37261";"2";"1";"1";"6";"CHAGALL (AVENUE MARC)";"47,4146840134";"0,6822490998"
"202100034060";"16";"06";"2021";"17:35";"1";"35";"35278";"2";"9";"2";"3";"DE GAULLE (AVENUE GENERAL)";"48,1525380000";" -1,6860860000"
"202100034061";"16";"06";"2021";"12:35";"1";"35";"35238";"2";"1";"1";"4";"SAUVAIE (DE LA)";"48,0957400000";" -1,6338300000"
"202100034062";"15";"06";"2021";"11:43";"1";"35";"35238";"2";"1";"1";"6";"GRIMAULT (BD LEON)";"48,0910700000";" -1,6524900000"
"202100034063";"16";"06";"2021";"22:54";"5";"34";"34172";"2";"2";"1";"3";"JUSTICE DE CASTELNAU (AVENUE DE LA)";"43,6268100000";"3,8895400000"
"202100034064";"16";"06";"2021";"23:00";"5";"33";"33063";"2";"1";"3";"6";"Cours de lâArgonne";"44,8238826704";" -0,5794544287"
"202100034065";"16";"06";"2021";"14:40";"1";"33";"33063";"2";"1";"1";"1";"Rue Pierre Chareau";"44,8610700000";" -0,5739600000"
"202100034066";"16";"06";"2021";"03:10";"4";"33";"33522";"2";"6";"1";"6";"Avenue de la Mission Haut Brion";"44,8081100000";" -0,6056600000"
"202100034067";"16";"06";"2021";"17:35";"1";"33";"33009";"2";"1";"1";"6";"Boulevard Mestrezat";"44,6522200000";" -1,1471100000"
"202100034068";"16";"06";"2021";"22:30";"2";"29";"29232";"2";"6";"2";"6";"Rond Point Guttemberg";"47,9803300000";" -4,0791600000"
"202100034069";"17";"06";"2021";"00:00";"5";"29";"29039";"2";"1";"1";"6";"Rue de Kerose";"47,8765020000";" -3,8901670000"
"202100034070";"15";"06";"2021";"18:04";"1";"29";"29039";"2";"3";"1";"3";"Rue des Sables Blancs";"47,8783690000";" -3,9300690000"
"202100034071";"16";"06";"2021";"12:40";"1";"28";"28220";"2";"1";"1";"3";"AVENUE DE LA REPUBLIQUE";"48,4177800000";"1,4658200000"
"202100034072";"16";"06";"2021";"22:55";"5";"27";"27681";"2";"1";"1";"3";"VERDUN (RUE DE)";"49,0860570000";"1,4914710000"
"202100034073";"16";"06";"2021";"02:45";"5";"18";"18033";"2";"2";"1";"3";"AVENIR (BD DE L')";"47,0756900000";"2,3847900000"
"202100034074";"16";"06";"2021";"13:00";"1";"17";"17291";"2";"1";"1";"6";"DIX-HUIT JUIN   RUE DU";"46,1770500000";" -1,1080500000"
"202100034075";"15";"06";"2021";"22:10";"3";"17";"17300";"2";"1";"1";"3";"537 RN ECHANGEUR LA PALLICE ROCADE CHEF";"46,1659900000";" -1,1927600000"
"202100034076";"15";"06";"2021";"09:13";"1";"17";"17300";"2";"2";"7";"3";"DELMAS   AVENUE MAURICE";"46,1587900000";" -1,1594900000"
"202100034077";"16";"06";"2021";"15:15";"1";"14";"14437";"2";"6";"1";"3";"D675";"49,1709500000";" -0,3090140000"
"202100034078";"16";"06";"2021";"18:50";"1";"13";"13103";"2";"1";"1";"6";"BOULEVARD CLEMENCEAU- GEORGES";"43,6412000000";"5,0905300000"
"202100034079";"16";"06";"2021";"22:50";"5";"13";"13215";"2";"2";"1";"3";"SAINT ANTOINE A SAINT JOSEPH (CHEMIN DE)";"43,3603800000";"5,3637900000"
"202100034080";"16";"06";"2021";"20:30";"1";"13";"13208";"2";"1";"1";"3";"PRADO (AVENUE DU)";"43,2779239396";"5,3882553419"
"202100034081";"15";"06";"2021";"20:50";"2";"13";"13201";"2";"1";"1";"3";"FLAMMARION (BOULEVARD)     1 A 65";"43,3048400000";"5,3882200000"
"202100034082";"15";"06";"2021";"21:00";"5";"13";"13202";"2";"3";"1";"3";"JOLIETTE (QUAI DE LA)";"43,3010777704";"5,3642302752"
"202100034083";"16";"06";"2021";"21:10";"2";"06";"06083";"2";"1";"1";"6";"SOLEIL (PROMENADE DU, NÂ° 1294 ET +)";"43,7747670000";"7,5050220000"
"202100034084";"15";"06";"2021";"18:30";"1";"06";"06027";"2";"1";"1";"2";"TUILIERES AVENUE DES";"43,6653170000";"7,1545200000"
"202100034085";"15";"06";"2021";"18:15";"1";"05";"05061";"2";"3";"1";"6";"VARSIE  ( RUE DE )";"44,5706200000";"6,0794200000"
"202100034086";"16";"06";"2021";"19:10";"1";"03";"03185";"2";"2";"1";"1";"THOMAS ( AVENUE ALBERT )";"46,3536300000";"2,5896600000"
"202100034087";"8";"06";"2021";"14:51";"1";"02";"02722";"2";"6";"1";"2";"GAMBETTA ( BOULEVARD )";"49,3764500000";"3,3297000000"
"202100034088";"16";"06";"2021";"17:24";"1";"75";"75116";"2";"1";"1";"6";"AVENUE ALBERT DE MUN";"48,8631140000";"2,2915880000"
"202100034089";"16";"06";"2021";"16:55";"1";"75";"75105";"2";"2";"1";"2";"RUE MONGE";"48,8421590000";"2,3520660000"
"202100034090";"16";"06";"2021";"11:30";"1";"75";"75119";"2";"2";"1";"3";"RUE CURIAL";"48,8932640000";"2,3731370000"
"202100034091";"16";"06";"2021";"17:50";"1";"75";"75117";"2";"1";"1";"6";"AVENUE MAC MAHON";"48,8775270000";"2,2943860000"
"202100034092";"16";"06";"2021";"17:40";"1";"75";"75117";"2";"1";"1";"3";"BOULEVARD DE COURCELLES";"48,8800100000";"2,3071520000"
"202100034093";"16";"06";"2021";"12:20";"1";"75";"75116";"2";"1";"1";"3";"RUE DE LONGCHAMP";"48,8680240000";"2,2758580000"
"202100034094";"15";"06";"2021";"11:30";"1";"75";"75116";"2";"4";"1";"6";"RUE DE LA POMPE";"48,8710870000";"2,2834470000"
"202100034095";"16";"06";"2021";"09:45";"1";"75";"75115";"2";"2";"1";"2";"RUE DES MORILLONS";"48,8321340000";"2,3029950000"
"202100034096";"16";"06";"2021";"16:25";"1";"75";"75113";"2";"2";"1";"3";"BOULEVARD ARAGO";"48,8349590000";"2,3449860000"
"202100034097";"15";"06";"2021";"18:05";"1";"75";"75113";"2";"2";"1";"3";"BOULEVARD ARAGO";"48,8356320000";"2,3482870000"
"202100034098";"15";"06";"2021";"12:40";"1";"75";"75113";"2";"1";"1";"3";"BOULEVARD MASSENA";"48,8234620000";"2,3747260000"
"202100034099";"16";"06";"2021";"16:10";"1";"75";"75112";"2";"1";"1";"6";"BOULEVARD DE LA BASTILLE";"48,8471360000";"2,3672560000"
"202100034100";"16";"06";"2021";"19:30";"1";"75";"75110";"2";"3";"1";"7";"QUAI DE VALMY";"48,8742230000";"2,3628630000"
"202100034101";"16";"06";"2021";"17:45";"1";"75";"75110";"2";"2";"1";"3";"RUE DU FAUBOURG SAINT MARTIN";"48,8811000000";"2,3651660000"
"202100034102";"16";"06";"2021";"16:30";"1";"75";"75110";"2";"7";"1";"3";"BOULEVARD SAINT MARTIN";"48,8679230000";"2,3623580000"
"202100034103";"16";"06";"2021";"09:46";"1";"75";"75110";"2";"1";"1";"3";"QUAI DE VALMY";"48,8758860000";"2,3638480000"
"202100034104";"16";"06";"2021";"17:10";"1";"75";"75108";"2";"2";"1";"3";"COURS LA REINE";"48,8646580000";"2,3136430000"
"202100034105";"16";"06";"2021";"15:16";"1";"75";"75108";"2";"7";"1";"5";"PLACE DE LA CONCORDE";"48,8667570000";"2,3220660000"
"202100034106";"16";"06";"2021";"14:30";"1";"75";"75116";"2";"7";"1";"3";"AVENUE MARCEAU";"48,8661390000";"2,2996490000"
"202100034107";"15";"06";"2021";"22:20";"5";"75";"75108";"2";"2";"1";"3";"AVENUE GEORGE V";"48,8709980000";"2,3009230000"
"202100034108";"16";"06";"2021";"12:00";"1";"75";"75107";"2";"1";"1";"3";"RUE DUVIVIER";"48,8575580000";"2,3066730000"
"202100034109";"16";"06";"2021";"14:00";"1";"94";"94081";"2";"1";"1";"1";"Rue Eugene Henaff";"48,7935100000";"2,4121900000"
"202100034110";"13";"06";"2021";"17:45";"1";"94";"94081";"2";"1";"1";"6";"Rue Antoine Marie Colin";"48,7870000000";"2,3975100000"
"202100034111";"16";"06";"2021";"18:30";"1";"94";"94080";"2";"1";"1";"3";"LAITIERES (R DES)";"48,8464500000";"2,4199000000"
"202100034112";"15";"06";"2021";"15:20";"1";"94";"94068";"2";"1";"1";"6";"Rue du Pont de CrÃ©teil";"48,8005700000";"2,4717900000"
"202100034113";"14";"06";"2021";"17:10";"1";"94";"94068";"2";"1";"1";"6";"CHATEAU (AV DU)";"48,7908600000";"2,5110700000"
"202100034114";"16";"06";"2021";"18:10";"1";"94";"94033";"2";"5";"1";"3";"Rue des 4 Ruelles";"48,8558910000";"2,4575260000"
"202100034115";"6";"06";"2021";"17:00";"1";"94";"94033";"2";"2";"1";"2";"Avenue Louison Bobet";"48,8525740000";"2,4907850000"
"202100034116";"16";"06";"2021";"18:40";"1";"94";"94054";"2";"9";"1";"2";"Avenue de la Victoire";"48,7454200000";"2,4025300000"
"202100034117";"16";"06";"2021";"08:40";"1";"93";"93049";"2";"2";"1";"3";"Avenue du MarÃ©chal Foch / Avenue Georges ClÃ©menceau";"48,8624500000";"2,5044600000"
"202100034118";"16";"06";"2021";"18:30";"1";"93";"93048";"2";"1";"1";"3";"CHANZY S3 (BOULEVARD)";"48,8592410000";"2,4251980000"
"202100034119";"16";"06";"2021";"14:46";"1";"93";"93048";"2";"1";"1";"6";"PARIS (RUE DE)";"48,8563656595";"2,4267581105"
"202100034120";"16";"06";"2021";"14:10";"1";"93";"93048";"2";"2";"1";"3";"Rue Rapatel / Rue Colmet LÃ©pinay";"48,8550000000";"2,4429000000"
"202100034121";"16";"06";"2021";"13:45";"1";"93";"93063";"2";"1";"1";"6";"Route de Noisy-le-Sec";"48,8952380000";"2,4276060000"
"202100034122";"12";"06";"2021";"21:50";"2";"93";"93027";"2";"1";"1";"6";"VERLAINE (PLACE PAUL)";"48,9325570000";"2,3910020000"
"202100034123";"15";"06";"2021";"11:00";"1";"93";"93027";"2";"3";"1";"2";"JAURES (AVENUE JEAN)";"48,9223500000";"2,4070800000"
"202100034124";"16";"06";"2021";"14:45";"1";"93";"93005";"2";"9";"1";"3";"Rue Jacques Duclos";"48,9477680000";"2,4912660000"
"202100034125";"16";"06";"2021";"19:00";"1";"93";"93005";"2";"9";"1";"6";"Avenue Paul Langevin";"48,9250710000";"2,4953810000"
"202100034126";"16";"06";"2021";"10:25";"1";"93";"93001";"2";"1";"1";"6";"JEAN JAURES (AVE) 55 A 129";"48,9051000000";"2,3934900000"
"202100034127";"16";"06";"2021";"17:30";"1";"92";"92064";"2";"1";"1";"6";"GOUNOD";"48,8428520000";"2,2119240000"
"202100034128";"16";"06";"2021";"21:50";"2";"92";"92044";"2";"2";"1";"6";"DANTON(RUE) 1A73 ET 2A88";"48,8880507939";"2,2861848772"
"202100034129";"16";"06";"2021";"17:15";"1";"92";"92040";"2";"3";"1";"3";"GAMBETTA (BOULEVARD)";"48,8275400000";"2,2762200000"
"202100034130";"13";"06";"2021";"13:15";"1";"92";"92040";"2";"2";"1";"3";"PONCEAU (DU)";"48,8206293711";"2,2469602525"
"202100034131";"16";"06";"2021";"15:30";"1";"92";"92036";"2";"1";"1";"6";"GENEAL DE GAULLE (AVENUE) (1/41)";"48,9343350000";"2,3176710000"
"202100034132";"15";"06";"2021";"17:29";"1";"92";"92036";"2";"2";"1";"5";"GRESILLONS (AVENUE DES) (103/139)";"48,9163650000";"2,3049260000"
"202100034133";"16";"06";"2021";"18:00";"1";"92";"92012";"2";"1";"1";"2";"ANDRE MORIZET (AVENUE) - 49/FIN - 54/FIN";"48,8403285866";"2,2293823957"
"202100034134";"15";"06";"2021";"12:00";"1";"92";"92012";"2";"1";"1";"5";"COURS DE L'ILE SEGUIN";"48,8284395523";"2,2357610354"
"202100034135";"15";"06";"2021";"20:46";"2";"92";"92007";"2";"1";"1";"3";"MATHURINS (RUE DES)";"48,7940995572";"2,3064877121"
"202100034136";"16";"06";"2021";"14:30";"1";"92";"92025";"2";"3";"1";"3";"ORGEMONT  ( AVENUE D' )";"48,9321781309";"2,2728274763"
"202100034137";"13";"06";"2021";"23:50";"5";"92";"92036";"2";"3";"1";"3";"BAS ( RUE DES )";"48,9191165847";"2,2902606460"
"202100034138";"17";"06";"2021";"20:30";"1";"50";"50199";"1";"1";"1";"6";"La Perame";"48,6941760000";" -1,4784550000"
"202100034139";"14";"06";"2021";"17:30";"1";"71";"71498";"1";"1";"9";"3";"D981";"46,6225872830";"4,6829202015"
"202100034140";"17";"06";"2021";"12:10";"1";"06";"06044";"2";"3";"1";"3";"1530 Route de Cagnes";"43,6726650000";"7,1207950000"
"202100034141";"16";"06";"2021";"17:00";"1";"28";"28173";"1";"1";"1";"5";"RD32";"48,4611440000";"1,5428660000"
"202100034142";"17";"06";"2021";"16:40";"1";"12";"12064";"1";"1";"2";"1";"D921";"44,5943330000";"2,7970290000"