"Num_Acc";"jour";"mois";"an";"hrmn";"lum";"dep";"com";"agg";"int";"atm";"col";"adr";"lat";"long"
"202100034143";"15";"06";"2021";"09:30";"1";"01";"01143";"2";"1";"1";"3";"390 Rue d ArbÃ¨re";"46,3477740000";"6,1281260000"
"202100034144";"16";"06";"2021";"14:45";"1";"22";"22032";"1";"2";"1";"3";"Recouvrance";"48,2906350000";" -2,2063370000"
"202100034145";"16";"06";"2021";"13:05";"1";"41";"41199";"1";"9";"1";"1";"D108";"47,7023110000";"0,9911080000"
"202100034146";"16";"06";"2021";"23:35";"3";"34";"34077";"1";"1";"1";"7";"RD21";"43,6511880000";"3,8975610000"
"202100034147";"16";"06";"2021";"11:30";"1";"19";"19154";"1";"1";"1";"7";"D3";"45,3284360000";"1,4560750000"
"202100034148";"16";"06";"2021";"10:55";"1";"19";"19191";"1";"1";"7";"6";"la draperie";"45,0952580690";"1,4264815562"
"202100034149";"14";"06";"2021";"16:21";"1";"65";"65460";"1";"1";"1";"4";"RD935";"43,4117190000";"0,0521740000"
"202100034150";"15";"06";"2021";"14:15";"1";"61";"61232";"1";"4";"7";"7";"Oissel Sud";"48,6272180000";" -0,6628810000"
"202100034151";"16";"06";"2021";"16:30";"1";"42";"42150";"1";"1";"1";"1";"Route de St Etienne le Molard";"45,7172565397";"4,0801440328"
"202100034152";"31";"05";"2021";"12:10";"1";"34";"34180";"2";"1";"1";"5";"cd609";"43,6082870000";"3,4364000000"
"202100034153";"15";"06";"2021";"20:45";"2";"25";"25115";"1";"1";"1";"2";"Chemin du Grand Mont";"47,2454230000";"5,8959030000"
"202100034154";"16";"06";"2021";"12:10";"1";"31";"31108";"2";"1";"1";"7";"D5f";"43,2103260000";"0,7023850000"
"202100034155";"13";"06";"2021";"11:40";"1";"38";"38022";"2";"9";"1";"2";"D1075";"45,6346420000";"5,5241810000"
"202100034156";"16";"06";"2021";"16:50";"1";"01";"01307";"2";"1";"1";"2";"Route de Lyon";"46,1597690000";"5,5700900000"
"202100034157";"16";"06";"2021";"17:40";"1";"06";"06090";"2";"6";"1";"3";"Avenue de Grasse";"43,5946350000";"6,9264510000"
"202100034158";"12";"06";"2021";"21:00";"1";"14";"14504";"2";"1";"1";"6";"Chemin des Cheminees";"49,2076690000";"0,3311870000"
"202100034159";"15";"06";"2021";"04:30";"3";"45";"45093";"2";"1";"1";"6";"166 Rue du Couvent";"48,0385530000";"1,9119320000"
"202100034160";"17";"06";"2021";"10:05";"1";"18";"18197";"2";"1";"1";"6";"Avenue Jean JaurÃ¨s";"46,7255730000";"2,4942450000"
"202100034161";"16";"06";"2021";"11:10";"1";"28";"28089";"2";"1";"1";"2";"2 Rue du GÃ©nÃ©ral de Gaulle";"48,5788790000";"1,2443220000"
"202100034162";"15";"06";"2021";"13:08";"1";"17";"17482";"1";"2";"1";"3";"D115";"46,1500330000";" -0,8095870000"
"202100034163";"16";"06";"2021";"12:30";"1";"23";"23031";"2";"1";"1";"6";"avenue d'auvergne";"46,3474460000";"2,2218510000"
"202100034164";"16";"06";"2021";"14:45";"1";"87";"87203";"1";"1";"1";"2";"Lieu-dit Lardimalie";"45,6300050000";"1,4418050000"
"202100034165";"4";"06";"2021";"18:54";"1";"37";"37113";"1";"1";"1";"7";"Moizay";"46,9263315153";"0,7743935640"
"202100034166";"15";"06";"2021";"19:05";"1";"37";"37062";"1";"1";"1";"7";"La ValliÃ¨re";"47,5407883977";"0,3139535266"
"202100034167";"16";"06";"2021";"07:15";"1";"52";"52278";"1";"1";"7";"3";"D15";"48,1619350000";"4,9447270000"
"202100034168";"15";"06";"2021";"10:10";"1";"65";"65101";"1";"1";"1";"2";"A64 PK154+050";"43,1973390000";"0,2145550000"
"202100034169";"19";"05";"2021";"09:50";"1";"79";"79189";"1";"1";"2";"7";"N/A";"46,4086880000";" -0,1435950000"
"202100034170";"17";"06";"2021";"09:20";"1";"13";"13060";"1";"1";"1";"3";"A8 PK028.100 sens NICE-AIX";"43,4869610000";"5,5315730000"
"202100034171";"16";"06";"2021";"16:30";"1";"06";"06088";"1";"1";"1";"4";"A8, PK 200.100 chaussÃ©e sud";"43,7340810000";"7,2871430000"
"202100034172";"17";"06";"2021";"08:55";"1";"49";"49129";"1";"1";"1";"4";"A87n";"47,4969810000";" -0,4999420000"
"202100034173";"14";"06";"2021";"18:30";"3";"988";"98805";"1";"1";"1";"4";"VE2 - SENS SUD/NORD - PK 10";" -22,1656270000";"166,3971660000"
"202100034174";"16";"06";"2021";"16:30";"1";"77";"77415";"1";"1";"1";"1";"D603";"48,9516060000";"3,0442430000"
"202100034175";"16";"06";"2021";"15:10";"1";"78";"78128";"1";"2";"1";"3";"D24";"48,6740560000";"1,9616440000"
"202100034176";"13";"06";"2021";"17:05";"1";"78";"78668";"1";"3";"1";"1";"N13";"49,0217060000";"1,4996550000"
"202100034177";"14";"06";"2021";"09:35";"1";"84";"84026";"1";"3";"1";"1";"Route de Pertuis";"43,7225851687";"5,3928709030"
"202100034178";"17";"06";"2021";"05:45";"1";"89";"89255";"1";"1";"1";"2";"A5";"48,3184930000";"3,2362030000"
"202100034179";"16";"06";"2021";"12:30";"1";"71";"71342";"1";"1";"7";"7";"Route de l Aerodrome";"46,4580600000";"4,1287030000"
"202100034180";"17";"06";"2021";"06:47";"1";"68";"68063";"1";"9";"1";"2";"Route Nationale 83";"47,7949340000";"7,1860350000"
"202100034181";"13";"04";"2021";"17:30";"1";"67";"67131";"2";"1";"1";"2";"Rue des Fusiliers Marins";"48,4895450000";"7,7295740000"
"202100034182";"16";"06";"2021";"18:00";"1";"57";"57095";"2";"1";"1";"7";"26 Rue de Porcelette";"49,1419660000";"6,6114390000"
"202100034183";"16";"06";"2021";"15:10";"1";"73";"73306";"1";"1";"1";"7";"D902";"45,0899722081";"6,4312076569"
"202100034184";"16";"06";"2021";"19:30";"1";"07";"07293";"2";"1";"1";"1";"Route du BelvÃ©dÃ¨re";"44,9764110000";"4,7985900000"
"202100034185";"16";"06";"2021";"16:50";"1";"31";"31048";"1";"6";"1";"1";"Le Pigne";"43,4501990000";"1,6295570000"
"202100034186";"16";"06";"2021";"16:15";"1";"44";"44205";"1";"1";"1";"1";"D23";"47,4362810000";" -1,4597260000"
"202100034187";"13";"06";"2021";"11:30";"1";"29";"29220";"2";"9";"1";"6";"Rue Pen Enez";"47,8679640000";" -4,2196030000"
"202100034188";"16";"06";"2021";"22:50";"5";"60";"60589";"2";"1";"1";"6";"Rue de Valmy";"49,2337870000";"2,4669860000"
"202100034189";"17";"06";"2021";"14:45";"1";"60";"60462";"2";"1";"1";"3";"60 Rue de Calais";"49,3363500000";"2,1972500000"
"202100034190";"17";"06";"2021";"15:00";"1";"60";"60395";"2";"1";"1";"6";"Allee Louis Lumiere";"49,2221630000";"2,1282270000"
"202100034191";"16";"06";"2021";"18:10";"1";"13";"13215";"1";"1";"1";"2";"A7-Sens Lyon vers Marseille";"43,3505300000";"5,3680000000"
"202100034192";"13";"06";"2021";"01:46";"3";"13";"13019";"1";"1";"1";"4";"A51-Sens Marseille vers Aix en Provence";"43,4235200000";"5,3727900000"
"202100034193";"16";"06";"2021";"15:20";"1";"13";"13055";"1";"1";"1";"2";"A507 sens Marseille - Aubagne";"43,2961600000";"5,4255300000"
"202100034194";"15";"06";"2021";"23:25";"3";"01";"01275";"1";"1";"1";"7";"A42 4.020 A 4.329   LYON/GEN";"45,8100110000";"4,9352340000"
"202100034195";"15";"06";"2021";"20:00";"1";"33";"33143";"1";"1";"1";"6";"N/A";"44,9657990000";" -0,4393710000"
"202100034196";"16";"06";"2021";"09:26";"1";"91";"91645";"1";"1";"1";"2";"RN 385 INT";"48,7597600000";"2,2696400000"
"202100034197";"16";"06";"2021";"09:10";"1";"92";"92019";"1";"1";"1";"3";"RN 385 INT";"48,7615123684";"2,2509306929"
"202100034198";"16";"06";"2021";"07:30";"1";"94";"94021";"1";"1";"1";"4";"AUTOROUTE A6B";"48,7601200000";"2,3388700000"
"202100034199";"16";"06";"2021";"15:55";"1";"78";"78640";"1";"1";"1";"4";"RN12 INT";"48,7812570000";"2,1703640000"
"202100034200";"16";"06";"2021";"10:45";"1";"78";"78402";"1";"1";"1";"6";"A13";"48,9641350000";"1,7740990000"
"202100034201";"16";"06";"2021";"10:10";"1";"93";"93008";"1";"1";"1";"2";"AUTOROUTE A86";"48,9094800000";"2,4464100000"
"202100034202";"15";"06";"2021";"21:30";"2";"93";"93010";"1";"1";"1";"5";"AUTOROUTE A3";"48,9017300000";"2,4704000000"
"202100034203";"5";"04";"2021";"09:50";"1";"14";"14012";"2";"1";"1";"6";"Le Mesnil Da";"49,2507760000";" -0,0386240000"
"202100034204";"15";"06";"2021";"09:35";"1";"75";"75116";"2";"1";"1";"6";"AVENUE DE L HIPPODROME";"48,8583810000";"2,2566470000"
"202100034205";"15";"06";"2021";"17:20";"1";"75";"75114";"2";"1";"1";"6";"RUE RAYMOND LOSSERAND";"48,8345210000";"2,3192020000"
"202100034206";"24";"03";"2021";"11:20";"1";"85";"85194";"2";"2";"1";"3";"VENDEE GLOBE (BOULEVARD DU)";"46,4997100000";" -1,7569200000"
"202100034207";"12";"03";"2021";"19:33";"2";"19";"19272";"2";"1";"8";"6";"RÃ©publique (Quai)";"45,2671255977";"1,7714520377"
"202100034208";"15";"06";"2021";"06:20";"1";"976";"97610";"1";"2";"1";"3";"Hauts Vallons - Majicavo ( rue des)";" -12,7556900000";"45,2333900000"
"202100034209";"15";"06";"2021";"07:30";"1";"974";"97411";"2";"1";"2";"2";"PROVIDENCE (BOULEVARD DE LA)";" -20,8913000000";"55,4544500000"
"202100034210";"13";"06";"2021";"10:00";"1";"974";"97411";"1";"1";"2";"3";"EUCALYPTUS (ROUTE DES)";" -20,8876900000";"55,4345100000"
"202100034211";"14";"06";"2021";"11:20";"1";"974";"97407";"2";"1";"1";"6";"08 MARS(RUE DU)";" -20,9407500000";"55,2999200000"
"202100034212";"15";"06";"2021";"13:25";"1";"973";"97302";"2";"1";"1";"3";"BADUEL (ROUTE DE)";"4,9291801871";" -52,3018352418"
"202100034213";"12";"06";"2021";"19:05";"5";"973";"97302";"2";"2";"1";"5";"FLAMBOYANTS (RUE DES)";"4,9245400000";" -52,3179100000"
"202100034214";"15";"06";"2021";"22:10";"5";"69";"69386";"2";"5";"1";"3";"BELGES (DES) (BD)";"45,7701000000";"4,8570200000"
"202100034215";"15";"06";"2021";"18:15";"1";"69";"69259";"1";"2";"1";"3";"FERNAND PELLOUTIER (R)";"45,6896300000";"4,9011000000"
"202100034216";"15";"06";"2021";"13:10";"1";"69";"69387";"2";"2";"1";"3";"CHALOPIN (R)";"45,7510300000";"4,8437400000"
"202100034217";"14";"06";"2021";"21:13";"5";"972";"97213";"1";"1";"1";"5";"AUTOROUTE A1";"14,6175900000";" -61,0184000000"
"202100034218";"15";"06";"2021";"23:50";"5";"69";"69389";"2";"1";"1";"6";"JOANNES MASSET (AV)";"45,7713600000";"4,7999000000"
"202100034219";"15";"06";"2021";"09:40";"1";"69";"69034";"2";"1";"1";"6";"GENERAL DE GAULLE (AV)";"45,8055100000";"4,8538500000"
"202100034220";"15";"06";"2021";"08:45";"1";"69";"69381";"2";"3";"1";"3";"SAINT VINCENT (Q)";"45,7684500000";"4,8260200000"
"202100034221";"15";"06";"2021";"08:45";"1";"971";"97101";"2";"6";"1";"3";"ROUTE DES ABYMES";"16,2392606524";" -61,5238022804"
"202100034222";"14";"06";"2021";"08:40";"1";"91";"91021";"2";"9";"1";"2";"DIVISION LECLERC (AVENUE DE LA)";"48,5962720000";"2,2461060000"
"202100034223";"15";"06";"2021";"07:40";"1";"91";"91201";"2";"3";"1";"3";"BD HENRI BARBUSSE";"48,6833310000";"2,4166700000"
"202100034224";"10";"06";"2021";"14:36";"1";"87";"87085";"2";"1";"1";"6";"COMMINES (RUE PHILIPPE DE)";"45,8299700000";"1,2316800000"
"202100034225";"13";"06";"2021";"15:24";"1";"87";"87114";"1";"1";"1";"7";"PUY MOULINIER - LIEU DIT";"45,8576900000";"1,3251000000"
"202100034226";"15";"06";"2021";"10:50";"1";"83";"83137";"2";"1";"1";"6";"ORVES (RUE)";"43,1121100000";"5,9404600000"
"202100034227";"16";"06";"2021";"23:27";"5";"83";"83126";"2";"3";"1";"3";"VERLAQUE (AV NOEL )";"43,0828600000";"5,8913200000"
"202100034228";"14";"06";"2021";"12:35";"1";"83";"83069";"2";"1";"1";"6";"GAMBETTA (AVENUE)";"43,1189271737";"6,1286115646"
"202100034229";"14";"06";"2021";"03:00";"5";"80";"80021";"2";"1";"1";"7";"GENERAL DE GAULLE (AVENUE DE )";"49,9048484603";"2,3013353348"
"202100034230";"13";"06";"2021";"23:15";"5";"80";"80021";"2";"2";"1";"1";"CHATEAUDUN (BOULEVARD DE)";"49,8837000000";"2,2821200000"
"202100034231";"11";"06";"2021";"08:15";"1";"80";"80021";"2";"2";"1";"3";"VALLEE (RUE DE LA )";"49,8918100000";"2,3095900000"
"202100034232";"15";"06";"2021";"22:20";"5";"78";"78586";"2";"1";"1";"6";"TURGOT NÂ° PAIR";"48,9334200000";"2,1623300000"
"202100034233";"15";"06";"2021";"23:30";"5";"78";"78372";"2";"1";"1";"2";"SAINT GERMAIN (AVENUE DE)";"48,8774900000";"2,0965000000"
"202100034234";"15";"06";"2021";"03:25";"5";"78";"78350";"2";"1";"1";"6";"CAMILLE SAINT SAENS (RUE)";"48,8634190000";"2,1169980000"
"202100034235";"15";"06";"2021";"15:40";"1";"77";"77039";"2";"1";"1";"6";"PARCELLES (IMPASSE DES )";"48,5255000000";"2,5927500000"
"202100034236";"14";"06";"2021";"13:10";"1";"77";"77284";"2";"3";"1";"6";"HUGO (QUAI VICTOR)";"48,9582100000";"2,8797300000"
"202100034237";"14";"06";"2021";"15:00";"1";"76";"76351";"2";"1";"1";"6";"VERDUN (RUE DE)";"49,5012849989";"0,1492971182"
"202100034238";"15";"06";"2021";"16:40";"1";"74";"74012";"2";"2";"1";"3";"BEULET (RUE DU)";"46,1913000000";"6,2424200000"
"202100034239";"15";"06";"2021";"09:00";"1";"69";"69256";"2";"1";"1";"4";"8 MAI 1945 (DU) (AV)";"45,7879500000";"4,9139100000"
"202100034240";"15";"06";"2021";"08:20";"1";"67";"67482";"2";"8";"1";"3";"KOENIGSHOFFEN (RUE DE)";"48,5806400000";"7,7273800000"
"202100034241";"14";"06";"2021";"08:25";"1";"67";"67482";"2";"8";"7";"6";"RACINE (AVENUE)";"48,5961500000";"7,6979580000"
"202100034242";"12";"06";"2021";"20:03";"1";"67";"67482";"2";"1";"1";"3";"BOURGOGNE (RUE DE)";"48,5487700000";"7,7492100000"
"202100034243";"12";"06";"2021";"00:20";"3";"67";"67204";"1";"1";"1";"6";"FONTAINE (RUE DE LA)";"48,6245800000";"7,7407500000"
"202100034244";"15";"06";"2021";"07:25";"1";"65";"65100";"1";"3";"1";"3";"CASSIN (RUE RENE)";"43,2620200000";"0,0572800000"
"202100034245";"15";"06";"2021";"07:45";"1";"64";"64483";"2";"1";"1";"3";"ITHURRALDE ANDRE (AVENUE)";"43,3939107160";" -1,6504104169"
"202100034246";"15";"06";"2021";"07:30";"1";"64";"64249";"2";"1";"1";"3";"RD810";"43,4239777366";" -1,6048622131"
"202100034247";"15";"06";"2021";"12:20";"1";"64";"64445";"2";"1";"1";"2";"NORMAN PRINCE";"43,3067785230";" -0,3418581605"
"202100034248";"15";"06";"2021";"09:35";"1";"64";"64129";"2";"6";"1";"6";"RUE DES ENTREPRENEURSS";"43,3007200000";" -0,4096400000"
"202100034249";"14";"06";"2021";"13:30";"1";"64";"64024";"2";"9";"1";"3";"BARRE (PROMENADE DE LA)";"43,5082830000";" -1,5223200000"
"202100034250";"14";"06";"2021";"11:05";"1";"64";"64024";"2";"3";"1";"1";"ADOUR (AVENUE DE L')";"43,5135500000";" -1,5003900000"
"202100034251";"14";"06";"2021";"17:20";"1";"63";"63113";"2";"2";"1";"3";"BERTEAUX (RUE)";"45,7628300000";"3,0960700000"
"202100034252";"13";"06";"2021";"14:19";"1";"63";"63113";"2";"2";"1";"3";"CHANTERANNE (RUE DE)";"45,7895200000";"3,0984200000"
"202100034253";"11";"06";"2021";"17:23";"1";"63";"63113";"2";"2";"1";"3";"COTTAGES (AVENUE DES)";"45,7649200000";"3,0792000000"
"202100034254";"15";"06";"2021";"09:20";"1";"61";"61397";"2";"1";"1";"2";"GENERAL LECLERC (RUE DU)";"48,4230300000";"0,0641100000"
"202100034255";"16";"06";"2021";"00:22";"5";"59";"59350";"2";"2";"1";"3";"SOLFERINO RUE NÂ°1 - 159";"50,6302530000";"3,0566480000"
"202100034256";"9";"06";"2021";"03:10";"5";"59";"59350";"2";"1";"1";"6";"CORDONNIER RUE DENIS";"50,6239000000";"3,0806000000"
"202100034257";"12";"06";"2021";"02:45";"5";"59";"59360";"2";"3";"1";"3";"BARBUSSE HENRI RUE";"50,6059500000";"3,0157200000"
"202100034258";"11";"06";"2021";"18:15";"1";"57";"57306";"1";"1";"1";"2";"LIAISON (RUE DE)";"49,3462800000";"6,0678100000"
"202100034259";"15";"06";"2021";"22:15";"5";"54";"54304";"2";"2";"1";"3";"SAPINIERE (RUE DE LA)";"48,6932900000";"6,1281400000"
"202100034260";"15";"06";"2021";"15:27";"1";"51";"51454";"2";"1";"1";"4";"Boulevard Pommery";"49,2448831904";"4,0500122309"
"202100034261";"11";"06";"2021";"14:20";"1";"50";"50129";"2";"1";"1";"3";"BREMERHAVEN (AVENUE DE)";"49,6316400000";" -1,6092700000"
"202100034262";"14";"06";"2021";"20:00";"1";"50";"50129";"2";"3";"1";"3";"MENDES FRANCE (CONTRE ALLEE)";"49,6346000000";" -1,6270900000"
"202100034263";"14";"06";"2021";"13:50";"1";"49";"49099";"2";"1";"1";"7";"VENDEE (RUE DE LA )";"47,0540090000";" -0,8900150000"
"202100034264";"13";"06";"2021";"11:00";"1";"47";"47323";"2";"1";"1";"6";"FONTANELLES  (PARC DES EXPOSITIONS)";"44,4081800000";"0,7208600000"
"202100034265";"14";"06";"2021";"15:50";"1";"43";"43041";"2";"1";"1";"2";"26 Avenue Charles Dupuy";"45,0474500000";"3,9250100000"
"202100034266";"14";"06";"2021";"08:10";"1";"41";"41018";"2";"1";"1";"2";"DUGAY-TROUIN (RUE)  NÂ° IMPAIRS";"47,5898000000";"1,2984400000"
"202100034267";"4";"06";"2021";"02:45";"3";"41";"41212";"2";"6";"8";"7";"PATTE D'OIE (rond point)";"47,5616800000";"1,3732000000"
"202100034268";"10";"06";"2021";"17:25";"1";"41";"41018";"2";"1";"2";"3";"CAVALIER (RUE DU)";"47,6022100000";"1,3351800000"
"202100034269";"15";"06";"2021";"23:10";"5";"38";"38185";"2";"2";"1";"3";"Avenue LÃ©on Blum";"45,1618700000";"5,7159500000"
"202100034270";"15";"06";"2021";"14:50";"1";"38";"38185";"2";"1";"1";"3";"RUE JEAN PRÃVOST";"45,1844600000";"5,7156400000"
"202100034271";"14";"06";"2021";"16:25";"1";"37";"37261";"2";"3";"1";"6";"BERGONIE (RUE DOCTEUR)";"47,3781374690";"0,7095213979"
"202100034272";"15";"06";"2021";"18:25";"1";"35";"35238";"2";"3";"1";"3";"STRASBOURG (BOULEVARD DE)";"48,1116700000";" -1,6561200000"
"202100034273";"15";"06";"2021";"12:10";"1";"34";"34172";"2";"1";"1";"6";"MOULARES (CHEMIN DE)";"43,5989700000";"3,8937300000"
"202100034274";"15";"06";"2021";"09:05";"1";"34";"34172";"2";"1";"1";"3";"VALERY (BOULEVARD PAUL)";"43,5848617250";"3,8631568104"
"202100034275";"14";"06";"2021";"20:07";"1";"34";"34172";"2";"1";"1";"2";"MENDES FRANCE (AVENUE PRESIDENT PIERRE";"43,6088500000";"3,9110200000"
"202100034276";"16";"06";"2021";"01:20";"5";"30";"30007";"2";"2";"1";"6";"HUIT MAI 1945 (QUAI DU)";"44,1337500000";"4,0783400000"
"202100034277";"15";"06";"2021";"20:20";"1";"30";"30007";"2";"3";"1";"3";"ONZE NOVEMBRE 1918 (QUAI DU)";"44,1276500000";"4,0732300000"
"202100034278";"15";"06";"2021";"17:20";"1";"29";"29232";"2";"1";"1";"5";"Boulevard Louis le Guennec";"47,9792700000";" -4,0955640000"
"202100034279";"15";"06";"2021";"16:00";"1";"29";"29232";"2";"1";"1";"6";"Rue President Sadate";"47,9787400000";" -4,1022430000"
"202100034280";"15";"06";"2021";"12:30";"1";"29";"29019";"2";"1";"1";"2";"Boulevard Montaigne";"48,4032200000";" -4,4810000000"
"202100034281";"9";"06";"2021";"20:30";"4";"28";"28085";"2";"3";"1";"3";"LELONG (RUE GABRIEL)";"48,4428500000";"1,4798200000"
"202100034282";"15";"06";"2021";"18:05";"1";"27";"27375";"2";"1";"1";"3";"CLEMENCEAU (BOULEVARD GEORGES)";"49,2100400000";"1,1687100000"
"202100034283";"29";"05";"2021";"18:30";"1";"22";"22278";"2";"1";"1";"2";"NOMINOE";"48,5188200000";" -2,7807400000"
"202100034284";"28";"05";"2021";"17:10";"1";"22";"22278";"1";"1";"1";"3";"RN12";"48,5219690000";" -2,7488960000"
"202100034285";"15";"06";"2021";"13:35";"1";"17";"17306";"1";"9";"1";"3";"LAVOISIER (ANTOINE DE)";"45,6306250000";" -0,9923460000"
"202100034286";"15";"06";"2021";"16:30";"1";"15";"15014";"2";"1";"1";"3";"PASCAL (RUE BLAISE)";"44,9012600000";"2,4273000000"
"202100034287";"13";"06";"2021";"04:10";"3";"14";"14574";"2";"1";"1";"6";"D511";"49,1344200000";"0,2055500000"
"202100034288";"15";"06";"2021";"16:50";"1";"14";"14327";"2";"1";"1";"6";"Le Grand Parc";"49,1986200000";" -0,3389400000"
"202100034289";"15";"06";"2021";"11:12";"1";"14";"14118";"2";"2";"1";"3";"Rue du Mesnil";"49,1752000000";" -0,3798000000"
"202100034290";"15";"06";"2021";"09:10";"1";"14";"14254";"1";"1";"1";"2";"N814";"49,1474100000";" -0,4109300000"
"202100034291";"15";"06";"2021";"15:30";"1";"13";"13211";"2";"1";"1";"2";"SAINT MENET (AVENUE DE)";"43,2899126264";"5,4947551327"
"202100034292";"15";"06";"2021";"10:30";"1";"13";"13215";"2";"1";"1";"7";"GAFFAREL (RUE)";"43,3493327973";"5,3595001001"
"202100034293";"14";"06";"2021";"22:10";"5";"13";"13207";"2";"3";"1";"3";"Corniche John FitzgÃ©rald Kennedy";"43,2773208937";"5,3567536403"
"202100034294";"14";"06";"2021";"18:30";"1";"13";"13206";"2";"2";"1";"3";"JULES CANTINI (AVENUE)";"43,2839844875";"5,3873106794"
"202100034295";"14";"06";"2021";"17:50";"1";"13";"13210";"2";"1";"1";"3";"JEAN MOULIN (BOULEVARD)";"43,2842500000";"5,3986300000"
"202100034296";"14";"06";"2021";"09:10";"1";"13";"13206";"2";"1";"1";"3";"PIERRE PUGET (COURS)";"43,2901000000";"5,3734700000"
"202100034297";"23";"02";"2021";"07:20";"5";"13";"13210";"2";"1";"1";"3";"PONT DE VIVAUX (BOULEVARD)";"43,2809490000";"5,4221030000"
"202100034298";"15";"06";"2021";"06:40";"2";"13";"13028";"1";"1";"1";"1";"BODIN (AVENUE EMILE)";"43,1969351427";"5,5940024724"
"202100034299";"9";"05";"2021";"09:10";"1";"13";"13004";"2";"1";"1";"3";"AV STALINGRAD";"43,6890600000";"4,6365900000"
"202100034300";"15";"06";"2021";"13:10";"1";"11";"11069";"2";"1";"1";"2";"PELLETAN CAMILLE -BD- IMPAIRS";"43,2110407763";"2,3553174734"
"202100034301";"15";"06";"2021";"14:03";"1";"11";"11069";"2";"1";"1";"2";"JUIN MARECHAL";"43,2093600000";"2,3800400000"
"202100034302";"14";"06";"2021";"12:14";"1";"11";"11069";"2";"4";"1";"1";"SAINT HILAIRE -ROUTE DE-";"43,2010600000";"2,3590800000"
"202100034303";"15";"06";"2021";"12:45";"1";"10";"10387";"2";"9";"1";"3";"PREMIER RAM (RUE DU)";"48,2925300000";"4,0735000000"
"202100034304";"15";"06";"2021";"12:15";"1";"08";"08105";"2";"1";"7";"6";"RN 43";"49,7371600000";"4,7158900000"
"202100034305";"15";"06";"2021";"11:20";"1";"06";"06069";"2";"1";"1";"3";"POMPIDOU (AVENUE GEORGES) -RD 6085";"43,6456000000";"6,9395700000"
"202100034306";"14";"06";"2021";"14:50";"1";"04";"04112";"2";"1";"1";"2";"Av Georges Pompidou";"43,8251000000";"5,7834500000"
"202100034307";"15";"06";"2021";"09:20";"1";"75";"75112";"2";"1";"1";"2";"BOULEVARD PERIPHERIQUE";"48,8274660000";"2,3923120000"
"202100034308";"14";"06";"2021";"09:40";"1";"75";"75119";"2";"2";"1";"3";"RUE MANIN";"48,8830080000";"2,3855630000"
"202100034309";"15";"06";"2021";"14:50";"1";"75";"75117";"2";"2";"1";"3";"BOULEVARD DES BATIGNOLLES";"48,8829860000";"2,3241070000"
"202100034310";"14";"06";"2021";"22:30";"5";"75";"75116";"2";"7";"1";"3";"PLACE CHARLES DE GAULLE";"48,8740420000";"2,2942400000"
"202100034311";"15";"06";"2021";"07:40";"1";"75";"75113";"2";"3";"1";"3";"AVENUE D ITALIE";"48,8244240000";"2,3578220000"
"202100034312";"15";"06";"2021";"08:10";"1";"75";"75112";"2";"5";"1";"3";"RUE ABEL";"48,8458710000";"2,3742940000"
"202100034313";"14";"06";"2021";"22:15";"1";"75";"75104";"2";"1";"1";"1";"QUAI DES CELESTINS";"48,8522540000";"2,3607310000"
"202100034314";"14";"06";"2021";"20:00";"1";"94";"94068";"2";"1";"1";"2";"Place de la Gare de Champigny";"48,8069800000";"2,5108700000"
"202100034315";"14";"06";"2021";"14:15";"1";"94";"94068";"2";"1";"1";"3";"MOULIN (R DU)";"48,7907400000";"2,5065400000"
"202100034316";"15";"06";"2021";"12:40";"1";"94";"94065";"2";"2";"1";"3";"SOLETS (R DES)";"48,7424500000";"2,3537000000"
"202100034317";"14";"06";"2021";"19:10";"1";"94";"94022";"2";"1";"1";"6";"LEON GOURDAULT (AV)";"48,7637400000";"2,4061100000"
"202100034318";"14";"06";"2021";"15:55";"1";"94";"94022";"2";"1";"1";"2";"Avenue Anatole France";"48,7560300000";"2,4144100000"
"202100034319";"14";"06";"2021";"10:05";"1";"94";"94022";"2";"2";"1";"3";"NEWBURN (AV DE)";"48,7549300000";"2,4118200000"
"202100034320";"13";"06";"2021";"17:50";"1";"94";"94079";"2";"1";"1";"1";"PERROQUETS (R DES)";"48,8209000000";"2,5468000000"
"202100034321";"15";"06";"2021";"09:30";"1";"94";"94018";"2";"1";"1";"3";"PARIS (R DE)";"48,8280400000";"2,4035100000"
"202100034322";"15";"06";"2021";"17:00";"1";"94";"94004";"2";"3";"1";"3";"GENERAL LECLERC (AV)";"48,7493500000";"2,5084300000"
"202100034323";"14";"06";"2021";"22:30";"5";"94";"94075";"2";"9";"1";"6";"Avenue du Mal de Lattre de Tassigny";"48,7274400000";"2,5310300000"
"202100034324";"14";"06";"2021";"11:55";"1";"94";"94002";"2";"2";"1";"3";"Quai Blanqui";"48,7981900000";"2,4206300000"
"202100034325";"15";"06";"2021";"09:30";"1";"93";"93051";"2";"1";"1";"3";"RU DE NESLE (BOULEVARD)";"48,8415270000";"2,5808600000"
"202100034326";"15";"06";"2021";"08:05";"1";"93";"93051";"2";"9";"1";"2";"Route de Neuilly";"48,8521300000";"2,5335300000"
"202100034327";"15";"06";"2021";"11:20";"1";"93";"93048";"2";"1";"1";"6";"Rue Dombasle";"48,8646370000";"2,4506920000"
"202100034328";"15";"06";"2021";"11:00";"1";"93";"93031";"2";"1";"1";"3";"Avenue de la RÃ©publique";"48,9494690000";"2,3308560000"
"202100034329";"15";"06";"2021";"16:50";"1";"93";"93001";"2";"9";"1";"1";"FELIX FAURE (BLD) =>174";"48,9166700000";"2,3833300000"
"202100034330";"13";"06";"2021";"22:42";"5";"92";"92051";"2";"5";"1";"2";"GENERAL LECLERC (BOULEVARD DU NÂ° 29 A 65";"48,8934460707";"2,2676146030"