"Num_Acc";"jour";"mois";"an";"hrmn";"lum";"dep";"com";"agg";"int";"atm";"col";"adr";"lat";"long"
"202100034331";"15";"06";"2021";"07:42";"1";"92";"92050";"2";"5";"1";"2";"LECLERC GENERAL AVENUE DU";"48,8968717175";"2,1958976984"
"202100034332";"15";"06";"2021";"09:16";"1";"92";"92035";"2";"9";"1";"6";"Jean Bonal ( rue )";"48,9065984353";"2,2491878271"
"202100034333";"14";"06";"2021";"17:35";"1";"92";"92026";"2";"1";"1";"3";"Boulevard Saint-Denis";"48,8979661151";"2,2635537386"
"202100034334";"14";"06";"2021";"20:10";"1";"92";"92023";"2";"1";"1";"1";"CHAMPAGNE (RUE)";"48,7860096890";"2,2484676540"
"202100034335";"15";"06";"2021";"16:30";"1";"92";"92007";"2";"2";"7";"1";"BLANCHARD (RUE)";"48,7960082857";"2,2923204303"
"202100034336";"15";"06";"2021";"17:05";"1";"92";"92036";"2";"2";"1";"3";"PIERRE DE COUBERTIN  ( BD )";"48,9292613664";"2,2844610279"
"202100034337";"16";"06";"2021";"10:23";"1";"80";"80615";"2";"2";"1";"3";"D929";"50,0191040000";"2,6881500000"
"202100034338";"9";"06";"2021";"18:30";"1";"01";"01290";"2";"3";"2";"3";"D4";"45,9009150000";"5,1857910000"
"202100034339";"16";"06";"2021";"15:45";"1";"52";"52331";"1";"1";"1";"2";"chemin de maurupt";"48,4964280000";"4,7726370000"
"202100034340";"15";"06";"2021";"07:50";"1";"42";"42120";"1";"1";"1";"2";"Route de Villemontais";"45,9977140000";"3,9956330000"
"202100034341";"16";"06";"2021";"14:30";"1";"28";"28177";"1";"1";"1";"1";"N154";"48,4108870000";"1,5401460000"
"202100034342";"15";"06";"2021";"17:25";"1";"71";"71003";"1";"1";"1";"2";"Route de Pussey";"46,9137150000";"4,9879740000"
"202100034343";"15";"06";"2021";"08:40";"1";"59";"59487";"2";"1";"1";"6";"17 Rue Royale";"50,6203490000";"2,9071280000"
"202100034344";"15";"06";"2021";"13:05";"1";"27";"27552";"1";"1";"1";"6";"Saint-Jean-du-Thenney A28";"49,0144450000";"0,4461750000"
"202100034345";"12";"06";"2021";"17:30";"1";"95";"95527";"2";"1";"1";"1";"69 Rue de la Belle Etoile";"48,9794560000";"2,5014070000"
"202100034346";"16";"06";"2021";"09:10";"2";"56";"56204";"2";"1";"7";"1";"La Ville Bretonne";"47,9185140000";" -2,7272920000"
"202100034347";"16";"06";"2021";"01:00";"3";"76";"76733";"1";"1";"1";"6";"Ligne des Limousins";"49,7167362014";"1,2740521266"
"202100034348";"15";"06";"2021";"23:00";"3";"79";"79171";"1";"1";"1";"1";"N/A";"46,9525030000";" -0,2969310000"
"202100034349";"15";"06";"2021";"17:40";"1";"2B";"2B226";"1";"1";"1";"7";"D14";"42,2292340000";"9,3525910000"
"202100034350";"15";"06";"2021";"16:10";"1";"32";"32296";"2";"3";"1";"1";"9 Rue des FossÃ©s";"43,7592620000";" -0,0351050000"
"202100034351";"16";"06";"2021";"13:20";"1";"11";"11020";"1";"1";"1";"7";"Col de la Redoulade";"42,9089300000";"2,5092710000"
"202100034352";"15";"06";"2021";"17:30";"1";"63";"63273";"1";"3";"1";"3";"RD212/VC";"45,7289930000";"3,2507570000"
"202100034353";"15";"06";"2021";"19:00";"1";"86";"86177";"2";"6";"1";"3";"Rue de la Croix Berthon";"46,6842760000";"0,2579100000"
"202100034354";"14";"06";"2021";"17:42";"1";"39";"39047";"1";"1";"1";"7";"N/A";"46,5663000000";"6,0800530000"
"202100034355";"15";"06";"2021";"19:15";"1";"44";"44061";"1";"1";"1";"6";"Le Pre Mace";"47,2409360000";" -1,9486570000"
"202100034356";"15";"06";"2021";"16:00";"1";"44";"44087";"2";"6";"1";"3";"Intersection D72-D95";"46,9788910000";" -1,8039890000"
"202100034357";"16";"06";"2021";"00:00";"3";"44";"44021";"1";"1";"1";"7";"La Gravouillere";"47,0640120000";" -1,8894770000"
"202100034358";"15";"06";"2021";"20:15";"1";"44";"44153";"1";"9";"1";"6";"La Basse Morinais";"47,6919770000";" -1,4495780000"
"202100034359";"16";"06";"2021";"16:35";"1";"29";"29275";"1";"1";"1";"1";"Lieu Dit Menez Bras";"48,4405610000";" -3,6670950000"
"202100034360";"15";"06";"2021";"09:00";"1";"29";"29158";"2";"1";"1";"2";"Rue de la corniche";"47,7969530000";" -4,3563580000"
"202100034361";"16";"06";"2021";"17:35";"1";"02";"02601";"1";"9";"7";"3";"D 966";"49,4067670000";"4,0411390000"
"202100034362";"16";"06";"2021";"17:45";"1";"03";"03022";"2";"2";"1";"3";"Route de la Gare";"46,2009770000";"3,0791680000"
"202100034363";"15";"06";"2021";"22:30";"5";"01";"01034";"2";"1";"1";"6";"26 rue de la rÃ©publique";"45,7588560000";"5,6862510000"
"202100034364";"16";"06";"2021";"07:55";"1";"01";"01001";"1";"1";"1";"1";"Route de la CharriÃ¨re des Bottes";"46,1275040503";"4,9174701422"
"202100034365";"16";"06";"2021";"08:35";"1";"58";"58208";"1";"1";"1";"1";"D181";"47,2232080000";"3,6258580000"
"202100034366";"11";"06";"2021";"15:15";"1";"72";"72156";"1";"3";"1";"3";"D1";"48,1056520000";"0,7168900000"
"202100034367";"15";"06";"2021";"19:45";"2";"72";"72129";"1";"1";"1";"6";"Route de Saint Corneille";"48,0511200000";"0,3452970000"
"202100034368";"16";"06";"2021";"07:20";"2";"64";"64120";"1";"1";"1";"7";"ROUTE D'IHOLDY";"43,2990720000";" -1,0849430000"
"202100034369";"16";"06";"2021";"17:20";"1";"64";"64275";"2";"1";"1";"7";"RD933";"43,1688440000";" -1,2324110000"
"202100034370";"15";"06";"2021";"19:20";"1";"43";"43218";"1";"1";"1";"1";"RN 88";"45,0631850000";"4,0196500000"
"202100034371";"15";"06";"2021";"17:25";"1";"16";"16009";"1";"1";"7";"1";"Lieu-dit Cloux de LÃ©brÃ©";"45,9536810000";"0,5890150000"
"202100034372";"15";"06";"2021";"15:50";"1";"53";"53055";"1";"1";"1";"7";"La Noirie";"48,4185220000";" -0,5488410000"
"202100034373";"16";"06";"2021";"13:50";"1";"21";"21567";"1";"2";"1";"3";"D36";"47,1128090000";"4,4871430000"
"202100034374";"15";"06";"2021";"11:55";"1";"04";"04004";"1";"1";"1";"7";"RD 952";"43,7974760000";"6,0424700000"
"202100034375";"15";"06";"2021";"20:00";"1";"28";"28029";"1";"1";"1";"7";"D109";"48,1633520000";"1,8205760000"
"202100034376";"15";"06";"2021";"20:30";"1";"28";"28137";"1";"1";"1";"7";"RD122";"48,5675560000";"1,6979400000"
"202100034377";"16";"06";"2021";"03:00";"3";"08";"08373";"2";"8";"1";"3";"Passage Ã  niveau";"49,8054290000";"4,2726140000"
"202100034378";"15";"06";"2021";"16:10";"1";"88";"88362";"1";"1";"1";"7";"DÃ©partementale 45";"48,3974970000";"7,0286320000"
"202100034379";"15";"06";"2021";"07:15";"1";"67";"67049";"1";"1";"1";"1";"D215";"48,5138764439";"7,5970244408"
"202100034380";"15";"06";"2021";"23:05";"5";"74";"74010";"2";"1";"1";"2";"163 Av d Aix les Bains (Seynod)";"45,8835640000";"6,0986120000"
"202100034381";"15";"06";"2021";"16:30";"1";"44";"44213";"1";"9";"1";"3";"pont de varades D 752 PR 002.000";"47,3699100000";" -1,0158760000"
"202100034382";"15";"06";"2021";"09:35";"1";"06";"06088";"1";"1";"1";"7";"Autoroute A8 pk 197.500 en chaussÃ©e sud";"43,7290490000";"7,2580150000"
"202100034383";"16";"06";"2021";"01:55";"3";"34";"34270";"1";"1";"1";"2";"A9 - PK 107+500";"43,5567280000";"3,8243370000"
"202100034384";"15";"06";"2021";"19:00";"3";"988";"98820";"1";"1";"1";"1";"Tribu de WADRILLA";" -20,5559690000";"166,5700940000"
"202100034385";"15";"06";"2021";"09:45";"1";"973";"97311";"2";"1";"1";"3";"Rue Edgard Milien";"5,4883690000";" -54,0355920000"
"202100034386";"16";"06";"2021";"07:45";"1";"30";"30027";"1";"1";"1";"3";"D24";"44,0531260000";"4,0589140000"
"202100034387";"15";"06";"2021";"21:30";"2";"34";"34145";"1";"1";"1";"7";"Route de Sommieres";"43,6944350000";"4,1356120000"
"202100034388";"15";"06";"2021";"18:48";"1";"05";"05006";"1";"1";"1";"7";"N94";"44,7711270000";"6,5613060000"
"202100034389";"9";"06";"2021";"18:45";"1";"68";"68287";"1";"1";"1";"1";"D83";"47,9349350000";"7,2772920000"
"202100034390";"30";"05";"2021";"06:45";"2";"67";"67101";"2";"6";"1";"2";"rond point de la colonne";"48,5235400000";"7,4981580000"
"202100034391";"16";"06";"2021";"05:00";"3";"03";"03113";"1";"1";"1";"6";"Route du Mayet de Montagne";"46,0348990000";"3,6446290000"
"202100034392";"16";"06";"2021";"05:30";"1";"74";"74146";"2";"9";"1";"1";"d32";"46,3685120000";"6,5713560000"
"202100034393";"15";"06";"2021";"22:15";"3";"38";"38565";"1";"1";"1";"1";"Avenue du 11 Novembre";"45,2600300000";"5,6584630000"
"202100034394";"15";"06";"2021";"19:00";"1";"33";"33273";"2";"1";"7";"3";"Avenue du 18 Juin 1940";"44,8427260000";" -0,7717260000"
"202100034395";"13";"06";"2021";"20:45";"2";"50";"50592";"1";"1";"1";"6";"rue de la forge";"48,9611620000";" -1,0463830000"
"202100034396";"16";"06";"2021";"07:10";"1";"27";"27653";"1";"1";"1";"1";"D3";"49,1766400000";"1,5450600000"
"202100034397";"16";"06";"2021";"15:35";"1";"60";"60439";"2";"6";"7";"3";"Avenue du 11 Novembre 1918";"49,3101488324";"2,3267111777"
"202100034398";"13";"06";"2021";"21:40";"1";"59";"59482";"2";"3";"1";"3";"Rue de la Prevote";"50,7047310000";"2,9872240000"
"202100034399";"10";"06";"2021";"08:24";"1";"13";"13202";"2";"1";"1";"2";"TVPCD-Sens Les Ports vers Saint Victor";"43,2978000000";"5,3630000000"
"202100034400";"14";"06";"2021";"17:50";"1";"13";"13005";"1";"1";"1";"4";"A502-Sens Aubagne vers Toulon par R.N.";"43,2838673251";"5,5868727580"
"202100034401";"15";"06";"2021";"11:20";"1";"13";"13001";"1";"1";"1";"6";"A51-Sens Aix en Provence vers Marseille";"43,5225500000";"5,4269500000"
"202100034402";"15";"06";"2021";"09:00";"1";"13";"13215";"1";"1";"1";"5";"A7-Sens Lyon vers Marseille";"43,3600800000";"5,3617700000"
"202100034403";"14";"06";"2021";"23:55";"3";"13";"13211";"1";"1";"1";"4";"A50-Sens Aubagne vers Marseille";"43,2899070000";"5,4472660000"
"202100034404";"14";"06";"2021";"01:08";"3";"13";"13215";"1";"1";"1";"2";"A7-Sens Marseille vers Lyon";"43,3516462008";"5,3667969703"
"202100034405";"15";"06";"2021";"12:00";"1";"69";"69142";"1";"1";"1";"3";"M7   2.278 A 3.690";"45,7300000000";"4,8154000000"
"202100034406";"10";"06";"2021";"08:45";"1";"67";"67152";"1";"1";"1";"3";"M83";"48,5223000000";"7,6968100000"
"202100034407";"15";"06";"2021";"20:30";"1";"33";"33143";"1";"1";"1";"2";"N/A";"44,9553930000";" -0,4531690000"
"202100034408";"15";"06";"2021";"20:08";"1";"33";"33143";"1";"1";"1";"2";"N/A";"44,9657780000";" -0,4392310000"
"202100034409";"15";"06";"2021";"08:30";"1";"33";"33065";"1";"1";"1";"4";"Rocade Rive Droite N230";"44,8145580000";" -0,5207940000"
"202100034410";"15";"06";"2021";"07:50";"1";"33";"33122";"1";"1";"1";"4";"N/A";"44,7246590000";" -0,7332420000"
"202100034411";"13";"06";"2021";"23:50";"3";"33";"33487";"1";"6";"1";"2";"Autoroute A10 -E41-";"44,9518005082";" -0,4601168633"
"202100034412";"14";"06";"2021";"17:40";"1";"91";"91553";"1";"1";"1";"7";"RN 104";"48,6250400000";"2,4716000000"
"202100034413";"14";"06";"2021";"22:30";"5";"94";"94043";"1";"1";"1";"6";"AUTOROUTE A6B";"48,8067716076";"2,3462255274"
"202100034414";"15";"06";"2021";"17:45";"1";"78";"78297";"1";"1";"1";"2";"RN12";"48,7913450000";"2,0564190000"
"202100034415";"14";"06";"2021";"22:00";"4";"78";"78402";"1";"1";"1";"6";"A13";"48,9648000000";"1,7671000000"
"202100034416";"15";"06";"2021";"09:00";"1";"93";"93010";"1";"1";"1";"3";"AUTOROUTE A3";"48,9053900000";"2,4718200000"
"202100034417";"14";"06";"2021";"16:00";"1";"93";"93007";"1";"1";"1";"2";"AUTOROUTE A1";"48,9456900000";"2,4406100000"
"202100034418";"15";"06";"2021";"16:10";"1";"94";"94073";"1";"1";"1";"3";"A86 INT";"48,7630280253";"2,3813295364"
"202100034419";"15";"06";"2021";"10:50";"1";"94";"94073";"1";"1";"1";"6";"A86 EXT";"48,7628606503";"2,3813598274"
"202100034420";"15";"06";"2021";"08:30";"1";"94";"94015";"1";"1";"1";"6";"A4";"48,8312900000";"2,5310700000"
"202100034421";"15";"06";"2021";"07:20";"1";"77";"77258";"1";"1";"1";"2";"A4.W";"48,8307000000";"2,6327700000"
"202100034422";"15";"06";"2021";"07:10";"1";"94";"94079";"1";"1";"1";"6";"A4";"48,8354458972";"2,5387118132"
"202100034423";"15";"06";"2021";"06:40";"1";"94";"94022";"1";"1";"1";"4";"A86 EXT";"48,7765946914";"2,4169104610"
"202100034424";"14";"06";"2021";"20:20";"1";"75";"75117";"2";"4";"1";"6";"AVENUE DES TERNES";"48,8797370000";"2,2894820000"
"202100034425";"14";"06";"2021";"11:15";"1";"92";"92012";"2";"2";"1";"6";"VICTOR HUGO (AVENUE) 49/FIN - 60/FIN";"48,8397300000";"2,2471800000"
"202100034426";"13";"06";"2021";"21:20";"2";"75";"75115";"2";"4";"1";"2";"PORTE DE SEVRES";"48,8327390000";"2,2794970000"
"202100034427";"14";"06";"2021";"12:00";"1";"75";"75120";"2";"3";"1";"3";"RUE DE MENILMONTANT";"48,8692010000";"2,3919170000"
"202100034428";"13";"06";"2021";"11:35";"1";"75";"75119";"2";"3";"1";"6";"BOULEVARD SERURIER";"48,8845050000";"2,3945830000"
"202100034429";"14";"06";"2021";"14:50";"1";"75";"75118";"2";"3";"7";"6";"RUE MARCADET";"48,8930720000";"2,3277490000"
"202100034430";"14";"06";"2021";"20:00";"1";"75";"75117";"2";"1";"1";"6";"RUE DE LA JONQUIERE";"48,8935420000";"2,3245570000"
"202100034431";"14";"06";"2021";"08:30";"1";"75";"75117";"2";"2";"1";"3";"AVENUE STEPHANE MALLARME";"48,8874920000";"2,2947700000"
"202100034432";"14";"06";"2021";"04:37";"2";"75";"75116";"2";"2";"1";"3";"PLACE D AUTEUIL";"48,8479130000";"2,2589220000"
"202100034433";"14";"06";"2021";"15:15";"1";"75";"75107";"2";"1";"1";"6";"QUAI VOLTAIRE";"48,8588180000";"2,3315040000"
"202100034434";"13";"06";"2021";"21:45";"2";"75";"75113";"2";"1";"1";"6";"RUE BOUSSINGAULT";"48,8256870000";"2,3426710000"
"202100034435";"13";"06";"2021";"19:05";"1";"75";"75113";"2";"1";"1";"1";"RUE BRUANT";"48,8349660000";"2,3667320000"
"202100034436";"14";"06";"2021";"10:20";"1";"75";"75112";"2";"1";"1";"3";"QUAI DE LA RAPEE";"48,8463500000";"2,3667210000"
"202100034437";"13";"06";"2021";"18:35";"1";"75";"75112";"2";"1";"1";"2";"RUE DE PICPUS";"48,8450120000";"2,3956020000"
"202100034438";"14";"06";"2021";"12:35";"1";"75";"75111";"2";"4";"1";"3";"AVENUE DE LA REPUBLIQUE";"48,8659950000";"2,3707120000"
"202100034439";"14";"06";"2021";"19:40";"1";"75";"75107";"2";"1";"1";"3";"AVENUE DE BRETEUIL";"48,8500330000";"2,3115750000"
"202100034440";"14";"06";"2021";"15:10";"1";"75";"75102";"2";"3";"1";"3";"AVENUE DE L OPERA";"48,8687090000";"2,3331280000"
"202100034441";"14";"06";"2021";"19:30";"1";"94";"94052";"2";"2";"1";"3";"Rue Jacques KablÃ©";"48,8358000000";"2,4886000000"
"202100034442";"14";"06";"2021";"15:30";"1";"94";"94034";"2";"6";"7";"3";"PARC MEDICIS (AV DU)";"48,7534000000";"2,3331400000"
"202100034443";"13";"06";"2021";"23:36";"5";"94";"94028";"2";"1";"1";"6";"CHOISY(ROUTE DE)";"48,7773500000";"2,4416800000"
"202100034444";"14";"06";"2021";"13:25";"1";"94";"94022";"2";"1";"1";"3";"Rue des Freres Reclus";"48,7573510000";"2,4074450000"
"202100034445";"13";"06";"2021";"19:40";"1";"94";"94022";"2";"9";"1";"6";"Rue Robert Peary";"48,7542400000";"2,4137800000"
"202100034446";"14";"06";"2021";"18:10";"1";"94";"94070";"1";"1";"1";"7";"NATIONALE 19";"48,7219100000";"2,5626900000"
"202100034447";"14";"06";"2021";"14:10";"1";"93";"93073";"2";"9";"7";"5";"Rue du Chapitre";"49,0026084680";"2,5368762016"
"202100034448";"14";"06";"2021";"08:15";"1";"93";"93046";"2";"1";"1";"5";"Avenue Aristide Briand";"48,9113830000";"2,5181060000"
"202100034449";"14";"06";"2021";"21:15";"1";"93";"93007";"2";"5";"1";"3";"PABLO NERUDA (ROND-POINT)";"48,9498970434";"2,4670227430"
"202100034450";"14";"06";"2021";"13:45";"1";"93";"93007";"2";"1";"1";"6";"ALTRINCHAM (RUE)";"48,9480200000";"2,4497000000"
"202100034451";"13";"06";"2021";"11:25";"1";"92";"92072";"2";"1";"1";"3";"EUROPE (AVENUE DE L')";"48,8231579333";"2,2096332908"
"202100034452";"13";"06";"2021";"20:25";"1";"92";"92050";"2";"1";"1";"5";"CLEMENCEAU GEORGES AVENUE NÂ°IMPAIR";"48,8856400000";"2,2204300000"
"202100034453";"14";"06";"2021";"08:38";"1";"92";"92049";"2";"1";"1";"6";"DORMOY AVENUE MARX NÂ°2 A 100";"48,8100462858";"2,3192122579"
"202100034454";"11";"06";"2021";"20:30";"1";"92";"92036";"2";"2";"1";"3";"LOUIS ROCHE (AVENUE) (1/45)";"48,9233440000";"2,3213150000"
"202100034455";"14";"06";"2021";"11:55";"1";"92";"92071";"2";"1";"1";"2";"HOUDAN (RUE)";"48,7790574772";"2,2805857658"
"202100034456";"13";"06";"2021";"09:30";"1";"60";"60139";"1";"1";"1";"2";"A16";"49,1538949699";"2,2442622183"
"202100034457";"13";"06";"2021";"11:00";"1";"29";"29277";"2";"1";"1";"6";"Streat Ar Skol";"48,3736247958";" -4,0208406937"
"202100034458";"15";"06";"2021";"08:00";"1";"37";"37193";"1";"1";"7";"3";"112 Route de Bourgueil";"47,2809403228";"0,2008770884"
"202100034459";"14";"06";"2021";"08:20";"1";"35";"35245";"2";"6";"7";"6";"Rue des Trois EvÃªchÃ©s";"48,2160700000";" -1,8895570000"
"202100034460";"6";"06";"2021";"10:50";"1";"01";"01085";"1";"1";"1";"3";"80";"46,0426170000";"5,0357720000"
"202100034461";"15";"06";"2021";"17:45";"1";"24";"24010";"2";"3";"1";"3";"Gravelle";"45,1720920000";"0,5908370000"
"202100034462";"14";"06";"2021";"12:35";"1";"41";"41282";"1";"1";"1";"6";"D75";"47,3527800000";"1,8556590000"
"202100034463";"14";"06";"2021";"07:05";"1";"33";"33327";"1";"2";"7";"2";"N/A";"44,6457586380";" -0,3420591570"
"202100034464";"14";"06";"2021";"17:37";"1";"81";"81079";"1";"1";"1";"1";"D612 PK071+100";"43,8306570000";"2,1913220000"
"202100034465";"15";"06";"2021";"04:20";"4";"10";"10276";"2";"9";"1";"2";"Rue d Aix";"48,2342100000";"3,7215490000"
"202100034466";"14";"06";"2021";"11:30";"1";"26";"26337";"1";"9";"1";"3";"autoroute A7 - PK 097+000 - S/N";"44,7166500000";"4,7854260000"
"202100034467";"15";"06";"2021";"09:55";"1";"21";"21630";"1";"1";"1";"6";"Autoroute A6- PK 262+300- sens Paris vers Lyon";"47,2567990000";"4,5328150000"
"202100034468";"14";"06";"2021";"08:10";"1";"63";"63404";"1";"1";"1";"4";"a75, PK 27+400 sens Sud/Nord";"45,5733470000";"3,2452150000"
"202100034469";"13";"06";"2021";"17:30";"1";"62";"62282";"1";"1";"1";"3";"CD939";"50,3874940000";"2,1749070000"
"202100034470";"14";"06";"2021";"23:00";"3";"77";"77182";"1";"1";"1";"1";"D204";"48,7708140000";"3,2925510000"
"202100034471";"15";"06";"2021";"15:58";"1";"30";"30141";"1";"1";"1";"6";"D6086";"44,1102000000";"4,6131000000"
"202100034472";"15";"06";"2021";"08:00";"1";"89";"89373";"2";"3";"7";"1";"86 Grande Rue";"48,2131520000";"3,3485070000"
"202100034473";"13";"06";"2021";"08:45";"1";"56";"56078";"1";"3";"7";"7";"Route de Keranna";"47,7954850000";" -3,4652850000"
"202100034474";"15";"06";"2021";"19:15";"1";"76";"76035";"2";"5";"1";"1";"Rue de Normandie";"49,7675300000";"1,7527300000"
"202100034475";"15";"06";"2021";"14:30";"1";"65";"65470";"1";"3";"1";"3";"Route d Argeles";"43,0625257868";" -0,0429609418"
"202100034476";"14";"06";"2021";"18:30";"1";"81";"81202";"1";"1";"1";"7";"D87";"43,8264336405";"1,8615442514"
"202100034477";"15";"06";"2021";"10:45";"1";"71";"71414";"1";"1";"1";"2";"Route Saint-FerrÃ©ol";"47,0096588416";"4,2952944362"
"202100034478";"13";"06";"2021";"15:45";"1";"89";"89034";"1";"1";"1";"7";"Route DÃ©partementale 965";"47,8119120000";"3,7144840000"
"202100034479";"12";"06";"2021";"18:05";"1";"61";"61018";"1";"1";"1";"7";"Herbage du Bourgel";"48,9314050000";"0,3201820000"
"202100034480";"15";"06";"2021";"03:50";"2";"55";"55254";"1";"1";"1";"7";"Voie Sacree";"48,9589120000";"5,2880610000"
"202100034481";"14";"06";"2021";"21:45";"1";"42";"42334";"2";"1";"1";"6";"47 Route du Pin Bouchin";"45,8528930000";"4,3569700000"
"202100034482";"15";"06";"2021";"13:45";"1";"47";"47071";"1";"1";"1";"1";"D667";"44,4702286534";"0,4818604201"
"202100034483";"15";"06";"2021";"19:00";"1";"39";"39170";"2";"1";"1";"7";"N/A";"46,6748410000";"5,4976920000"
"202100034484";"15";"06";"2021";"08:40";"1";"44";"44014";"1";"3";"1";"3";"Le Gros Caillou";"47,1120350000";" -1,4761810000"
"202100034485";"14";"06";"2021";"18:45";"1";"34";"34154";"2";"6";"1";"3";"CD 62 E2  CARNON";"43,5487890000";"3,9799260000"
"202100034486";"12";"06";"2021";"18:00";"1";"29";"29236";"2";"1";"1";"6";"Rue Alain Berthou";"47,8453740000";" -3,6958510000"
"202100034487";"14";"06";"2021";"17:45";"1";"29";"29212";"2";"3";"7";"2";"134 Rue de Brest";"48,3745860000";" -4,5645030000"
"202100034488";"13";"06";"2021";"16:45";"1";"29";"29214";"1";"3";"1";"2";"Lieu Dit Jarnellou";"47,9419630000";" -4,3436440000"
"202100034489";"14";"06";"2021";"21:15";"1";"29";"29197";"2";"1";"1";"6";"Rue de LocquÃ©ran";"48,0227790000";" -4,5338510000"
"202100034490";"14";"06";"2021";"07:12";"1";"38";"38144";"1";"1";"1";"7";"Route DÃ©partementale 518";"45,5779660000";"5,0918090000"
"202100034491";"14";"06";"2021";"18:33";"1";"26";"26166";"2";"2";"7";"3";"Boulevard FrÃ©dÃ©ric Mistral";"44,7533620000";"4,8176550000"
"202100034492";"14";"06";"2021";"22:00";"5";"06";"06032";"1";"1";"1";"6";"5 Avenue Raymond Gramaglia";"43,7204850000";"7,3915930000"
"202100034493";"15";"06";"2021";"07:50";"1";"50";"50639";"1";"3";"1";"3";"Route de la Foulerie";"48,8503890000";" -1,2206360000"
"202100034494";"14";"06";"2021";"18:45";"1";"09";"09324";"1";"1";"1";"6";"Route de Laborie";"43,0513290000";"1,6408740000"
"202100034495";"15";"06";"2021";"10:00";"1";"60";"60418";"1";"2";"1";"3";"D58";"49,4924590000";"2,5593960000"
"202100034496";"15";"06";"2021";"08:00";"1";"60";"60029";"1";"1";"1";"4";"D981";"49,3745350000";"1,9903290000"
"202100034497";"15";"06";"2021";"17:00";"1";"64";"64317";"1";"1";"1";"7";"D932";"43,3663700000";" -1,4245250000"
"202100034498";"15";"06";"2021";"08:10";"1";"64";"64317";"1";"1";"1";"4";"D932";"43,3840060000";" -1,4444230000"
"202100034499";"14";"06";"2021";"08:00";"1";"18";"18024";"1";"1";"1";"7";"Beddes";"46,6231520000";"2,2189590000"
"202100034500";"13";"06";"2021";"15:30";"1";"10";"10375";"1";"6";"1";"3";"rd 619";"48,2873620000";"4,1622140000"
"202100034501";"14";"06";"2021";"08:55";"1";"16";"16106";"2";"3";"7";"1";"rue de Lesterps";"46,0146120000";"0,6755490000"
"202100034502";"14";"06";"2021";"10:15";"1";"04";"04134";"1";"1";"1";"1";"RD 104";"44,3383530000";"6,0264840000"
"202100034503";"15";"06";"2021";"15:50";"1";"85";"85051";"1";"1";"1";"6";"Croisee du Gros Caillou";"46,6656200000";" -1,0954500000"
"202100034504";"15";"06";"2021";"21:00";"1";"85";"85213";"1";"1";"1";"6";"Le Moulin de Chaille";"46,5763200458";" -1,3660041243"
"202100034505";"14";"06";"2021";"13:30";"1";"27";"27284";"2";"6";"1";"3";"d10";"49,2762260512";"1,7545284071"
"202100034506";"12";"06";"2021";"21:20";"2";"87";"87106";"1";"1";"1";"7";"Route de Sallas";"45,6806960000";"1,1700760000"
"202100034507";"7";"06";"2021";"13:00";"1";"87";"87146";"1";"2";"1";"3";"le martoulet";"45,5814650000";"1,4687880000"
"202100034508";"15";"06";"2021";"08:50";"1";"48";"48042";"1";"1";"1";"1";"RD806 - Croux de Bayle";"44,5441250000";"3,5042630000"
"202100034509";"14";"06";"2021";"18:40";"5";"987";"98715";"2";"1";"1";"1";"PK 3+900, RT1, face magasin NUUTANIA";" -17,5845220000";" -149,5685780000"
"202100034510";"14";"06";"2021";"16:00";"1";"13";"13058";"1";"1";"1";"1";"Chemin Departemental 17 Rte de MouriÃ¨s";"43,7186680000";"4,8123760000"
"202100034511";"14";"06";"2021";"21:00";"3";"30";"30189";"1";"1";"1";"7";"Autoroute A54 point kilomÃ©trique 2.300 sens 2";"43,8063960000";"4,3705630000"
"202100034512";"14";"06";"2021";"19:50";"1";"68";"68278";"2";"2";"1";"6";"131 Grand Rue Pierre Braun";"47,7457910000";"7,4090820000"
"202100034513";"14";"06";"2021";"21:39";"1";"27";"27697";"1";"1";"1";"6";"A13 pk 93+280";"49,2124110000";"1,2177440000"
"202100034514";"15";"06";"2021";"06:15";"2";"45";"45049";"1";"1";"1";"4";"D88-PR 2 + 700";"47,8567390000";"2,3522560000"
"202100034515";"14";"06";"2021";"19:50";"1";"77";"77520";"2";"6";"1";"7";"Rue RenÃ© Lefebvre";"48,3197340000";"2,6543250000"
"202100034516";"14";"06";"2021";"16:35";"1";"34";"34157";"1";"3";"1";"3";"RD 158";"43,4429800000";"3,5806310000"
"202100034517";"14";"06";"2021";"21:30";"3";"83";"83068";"2";"1";"1";"1";"chemin saint joseph";"43,2722250000";"6,5268800000"
"202100034518";"14";"06";"2021";"17:55";"1";"13";"13111";"1";"1";"7";"7";"d10";"43,5511450000";"5,6595040000"
"202100034519";"13";"06";"2021";"17:00";"1";"68";"68171";"1";"1";"1";"7";"D27";"47,9562020000";"6,9904480000"
"202100034520";"15";"06";"2021";"13:00";"1";"68";"68359";"1";"1";"1";"7";"RD 5.3";"47,8401800000";"7,1663050000"
"202100034521";"15";"06";"2021";"11:00";"1";"68";"68287";"2";"4";"7";"7";"Rue de Pfaffenheim";"47,9639650000";"7,2935490000"