"Num_Acc";"jour";"mois";"an";"hrmn";"lum";"dep";"com";"agg";"int";"atm";"col";"adr";"lat";"long"
"202100034522";"13";"06";"2021";"17:30";"1";"03";"03235";"1";"2";"1";"3";"RN7";"46,2568070000";"3,5210810000"
"202100034523";"15";"06";"2021";"18:30";"1";"74";"74127";"1";"1";"1";"1";"D21";"46,3553400000";"6,5363500000"
"202100034524";"14";"06";"2021";"20:15";"1";"69";"69211";"2";"9";"1";"3";"D337";"46,1207808147";"4,7376072407"
"202100034525";"11";"06";"2021";"15:50";"1";"69";"69227";"1";"1";"1";"2";"D2";"45,6279940000";"4,5308090000"
"202100034526";"15";"06";"2021";"08:45";"1";"09";"09111";"2";"1";"7";"6";"Douns";"42,9483110000";"1,0592790000"
"202100034527";"10";"06";"2021";"07:30";"1";"19";"19203";"1";"4";"1";"1";"D1e";"45,2119490000";"1,7800370000"
"202100034528";"13";"06";"2021";"13:00";"1";"61";"61213";"1";"1";"1";"1";"La ChÃªnelaire";"48,4584230000";" -0,1048850000"
"202100034529";"15";"06";"2021";"17:35";"1";"76";"76069";"1";"9";"1";"3";"D6015";"49,3766140000";"1,1255940000"
"202100034530";"15";"06";"2021";"15:30";"1";"60";"60087";"1";"1";"1";"1";"Route Nationale 330";"49,1747460000";"2,6531120000"
"202100034531";"15";"06";"2021";"08:30";"1";"60";"60363";"1";"1";"7";"6";"Route dÃ©partementale 915";"49,1860034775";"1,8923934102"
"202100034532";"13";"06";"2021";"22:15";"5";"60";"60103";"2";"1";"1";"6";"68 Rue RenÃ© Coty";"49,4065470000";"2,2384640000"
"202100034533";"15";"06";"2021";"05:32";"2";"59";"59212";"1";"1";"1";"6";"Rue de Merville";"50,6430110000";"2,6975140000"
"202100034534";"14";"06";"2021";"03:03";"3";"13";"13055";"1";"1";"1";"7";"A507 sens Aubagne- Marseille";"43,3321900000";"5,3872100000"
"202100034535";"11";"06";"2021";"20:15";"1";"13";"13028";"1";"1";"1";"6";"A50";"43,2090400000";"5,6280010000"
"202100034536";"11";"06";"2021";"17:15";"1";"83";"83129";"1";"1";"1";"5";"A50";"43,1204644229";"5,8431324448"
"202100034537";"1";"06";"2021";"17:45";"1";"69";"69199";"1";"1";"1";"4";"RD383   14.250 A 18.000";"45,7164800000";"4,8508700000"
"202100034538";"14";"06";"2021";"16:15";"1";"33";"33397";"1";"1";"1";"3";"AUTOROUTE A 10";"44,8948990000";" -0,4975860000"
"202100034539";"11";"06";"2021";"22:15";"3";"59";"59560";"1";"1";"1";"6";"AUTOROUTE A1";"50,5399790000";"3,0526570000"
"202100034540";"14";"06";"2021";"16:45";"1";"91";"91064";"1";"1";"1";"2";"RN 118";"48,7555600000";"2,2236000000"
"202100034541";"14";"06";"2021";"09:00";"1";"91";"91103";"1";"1";"1";"4";"RN 104";"48,6249500000";"2,3089600000"
"202100034542";"14";"06";"2021";"05:10";"2";"91";"91659";"1";"1";"1";"5";"AUTOROUTE A6";"48,5903000000";"2,4465000000"
"202100034543";"14";"06";"2021";"15:15";"1";"92";"92050";"1";"1";"1";"2";"A14";"48,9011604777";"2,2056742319"
"202100034544";"14";"06";"2021";"07:40";"1";"78";"78402";"1";"1";"1";"4";"A13";"48,9645260000";"1,7996330000"
"202100034545";"14";"06";"2021";"07:45";"1";"78";"78362";"1";"1";"1";"2";"A13";"48,9755380000";"1,7241470000"
"202100034546";"14";"06";"2021";"16:30";"1";"95";"95277";"1";"1";"1";"2";"RD 170";"48,9769400000";"2,4774400000"
"202100034547";"14";"06";"2021";"07:10";"1";"95";"95018";"1";"1";"1";"3";" A15";"48,9556700000";"2,2775500000"
"202100034548";"12";"06";"2021";"22:45";"5";"25";"25056";"2";"1";"1";"6";"STRASBOURG QUAI DE";"47,2405600000";"6,0209400000"
"202100034549";"13";"06";"2021";"20:15";"1";"75";"75112";"2";"1";"1";"6";"RUE ANTOINE JULIEN HENARD";"48,8423280000";"2,3896540000"
"202100034550";"12";"06";"2021";"14:20";"1";"92";"92025";"2";"1";"1";"6";"CHARLES DE GAULLE (BD)";"48,9147780000";"2,2284990000"
"202100034551";"13";"06";"2021";"15:10";"1";"974";"97416";"1";"1";"1";"6";"COURTOIS (CHEMIN IRENE)";" -21,3565200000";"55,5167800000"
"202100034552";"13";"06";"2021";"14:30";"1";"974";"97416";"2";"3";"1";"3";"HUBERT DE LISLE(BOULEVARD)";" -21,3436000000";"55,4743000000"
"202100034553";"13";"06";"2021";"21:50";"2";"69";"69387";"2";"2";"1";"3";"GARIBALDI (R)";"45,7464500000";"4,8499300000"
"202100034554";"13";"06";"2021";"18:25";"1";"69";"69387";"2";"2";"1";"3";"BEGUIN (DU) (R)";"45,7487400000";"4,8493900000"
"202100034555";"13";"06";"2021";"17:45";"1";"972";"97209";"2";"1";"1";"3";"TIVOLI (ROUTE DE )";"14,6388100000";" -61,0714500000"
"202100034556";"13";"06";"2021";"11:05";"1";"972";"97213";"1";"1";"1";"2";"N/A";"14,6329000000";" -60,9620000000"
"202100034557";"10";"06";"2021";"19:50";"1";"69";"69382";"2";"1";"1";"5";"PRESIDENT EDOUARD HERRIOT (DU) (R)";"45,7597638761";"4,8339951038"
"202100034558";"10";"06";"2021";"18:50";"1";"95";"95268";"2";"1";"1";"6";"AV ANATOLE FRANCE";"48,9755340000";"2,3893780000"
"202100034559";"12";"06";"2021";"22:47";"5";"83";"83137";"2";"1";"1";"2";"STRASBOURG (BD DE )";"43,1249000000";"5,9323300000"
"202100034560";"13";"06";"2021";"13:10";"1";"83";"83069";"2";"1";"1";"4";"AEROPORT (AVENUE DE L')";"43,0988500000";"6,1334500000"
"202100034561";"13";"06";"2021";"13:38";"1";"77";"77350";"1";"1";"1";"1";"D471";"48,7725397853";"2,7081615414"
"202100034562";"11";"06";"2021";"17:27";"1";"74";"74218";"2";"2";"1";"5";"GOLF (BOULEVARD DU)";"46,3880300000";"6,5573100000"
"202100034563";"13";"06";"2021";"20:20";"1";"72";"72181";"2";"3";"1";"3";"EPERON (PL DE L') NÂ°  2 A 14";"48,0048648970";"0,1951691508"
"202100034564";"13";"06";"2021";"11:45";"1";"72";"72181";"2";"3";"1";"3";"VOLTAIRE (RUE) NÂ° PAIRS 2 A 102";"48,0126100000";"0,1897200000"
"202100034565";"13";"06";"2021";"19:20";"1";"71";"71270";"2";"1";"1";"7";"6 Quai des Marans";"46,3004700000";"4,8317600000"
"202100034566";"13";"06";"2021";"21:13";"2";"69";"69290";"1";"1";"1";"6";"SAINT BONNET DE MURE (DE) (CH)";"45,6904131478";"4,9738240242"
"202100034567";"13";"06";"2021";"17:35";"1";"69";"69029";"2";"3";"1";"2";"FERDINAND BUISSON (AV)";"45,7386600000";"4,9171600000"
"202100034568";"13";"06";"2021";"11:30";"1";"69";"69029";"2";"3";"1";"3";"GENAS (DE) (RTE)";"45,7501000000";"4,9115000000"
"202100034569";"13";"06";"2021";"13:30";"1";"69";"69266";"2";"2";"1";"2";"ROGER SALENGRO (AV)";"45,7764100000";"4,8730500000"
"202100034570";"11";"06";"2021";"20:55";"1";"69";"69092";"2";"2";"1";"3";"ROGER SALENGRO (BD)";"46,0023000000";"4,7193000000"
"202100034571";"13";"06";"2021";"22:34";"4";"64";"64335";"2";"1";"1";"7";"SAINTE-CATHERINE";"43,3271200000";" -0,4399700000"
"202100034572";"13";"06";"2021";"11:01";"1";"64";"64129";"2";"6";"1";"3";"BAYONNE DE";"43,3048900000";" -0,4013800000"
"202100034573";"13";"06";"2021";"14:45";"1";"64";"64024";"2";"1";"1";"7";"BAYONNE (AVENUE DE)";"43,4821800000";" -1,5051700000"
"202100034574";"8";"06";"2021";"14:15";"1";"62";"62758";"2";"1";"1";"3";"AUCHAN ( Parking  Centre Commerciale )";"50,7337200000";"1,6738500000"
"202100034575";"13";"06";"2021";"17:33";"1";"60";"60057";"1";"1";"1";"4";"RD 901";"49,4342800000";"2,1170400000"
"202100034576";"13";"06";"2021";"18:45";"1";"51";"51454";"2";"1";"1";"7";"Avenue de Laon";"49,2648490228";"4,0266578410"
"202100034577";"12";"06";"2021";"09:25";"1";"51";"51454";"2";"2";"1";"3";"Avenue dâEpernay";"49,2318900000";"4,0141400000"
"202100034578";"12";"06";"2021";"20:50";"1";"51";"51230";"2";"1";"1";"1";"Rue de Reims";"49,0453409478";"3,9616580039"
"202100034579";"12";"06";"2021";"23:00";"5";"45";"45147";"2";"1";"1";"4";"18 Rue Marc Sangnier";"47,9213900000";"1,9130100000"
"202100034580";"13";"06";"2021";"11:40";"1";"44";"44109";"2";"1";"1";"3";"BELLAMY ( RUE PAUL )";"47,2208700000";" -1,5554140000"
"202100034581";"13";"06";"2021";"21:00";"1";"35";"35238";"2";"2";"7";"3";"VERN (DE)";"48,0980800000";" -1,6556600000"
"202100034582";"13";"06";"2021";"20:45";"1";"35";"35238";"2";"1";"1";"7";"CHATEAUGIRON (DE)";"48,1016900000";" -1,6559700000"
"202100034583";"13";"06";"2021";"12:15";"1";"33";"33162";"2";"2";"1";"3";"Avenue du MÃ©doc";"44,8820300000";" -0,6298700000"
"202100034584";"13";"06";"2021";"07:00";"1";"33";"33192";"2";"3";"1";"3";"Rue de Compostelle";"44,7929000000";" -0,6053700000"
"202100034585";"13";"06";"2021";"15:13";"1";"33";"33529";"2";"1";"1";"6";"Rue Guynemer";"44,5346110000";" -1,1576150000"
"202100034586";"12";"06";"2021";"13:15";"1";"30";"30028";"1";"1";"1";"1";"ROUTE DE SAINT GERVAIS";"44,1792100000";"4,6093900000"
"202100034587";"11";"06";"2021";"10:15";"1";"29";"29039";"2";"2";"1";"5";"Avenue Alain le Lay";"47,8769500000";" -3,9152300000"
"202100034588";"13";"06";"2021";"11:00";"1";"27";"27554";"1";"1";"1";"3";"COTES (RUE DES)";"49,1042200000";"1,4331800000"
"202100034589";"12";"06";"2021";"19:15";"2";"27";"27375";"2";"3";"1";"3";"POSTEL (BOULEVARD DU DOCTEUR)";"49,2104900000";"1,1731600000"
"202100034590";"13";"06";"2021";"22:30";"5";"17";"17274";"2";"1";"1";"7";"JOLIOT-CURIE   AVENUE";"46,1578690000";" -1,1064860000"
"202100034591";"13";"06";"2021";"10:44";"1";"15";"15014";"2";"6";"1";"3";"PUPILLES DE LA NATION (AVENUE DES)";"44,9233700000";"2,4405500000"
"202100034592";"13";"06";"2021";"10:50";"1";"14";"14715";"2";"1";"1";"6";"AGUESSEAU (ROUTE D')";"49,3643990000";"0,0992230000"
"202100034593";"13";"06";"2021";"20:45";"2";"13";"13215";"2";"1";"1";"6";"VISTE (AVENUE DE LA)";"43,3593100000";"5,3576800000"
"202100034594";"13";"06";"2021";"21:15";"1";"13";"13209";"2";"1";"1";"3";"VITON (AVENUE)";"43,2611100000";"5,4058800000"
"202100034595";"13";"06";"2021";"19:00";"1";"13";"13208";"2";"3";"1";"3";"GRAND LARGE (PROMENADE DU)";"43,2419900000";"5,3672900000"
"202100034596";"13";"06";"2021";"06:15";"1";"13";"13210";"2";"1";"1";"1";"L ARMEE D AFRIQUE (CHEMIN DE L')";"43,2867900000";"5,4245300000"
"202100034597";"12";"06";"2021";"11:15";"1";"13";"13207";"2";"1";"1";"3";"CATALANS (RUE DES)";"43,2907500000";"5,3560200000"
"202100034598";"12";"06";"2021";"10:40";"1";"13";"13001";"1";"1";"7";"3";"DEPORTES DE LA RESISTANCE(AV)";"43,5008114374";"5,3796962623"
"202100034599";"13";"06";"2021";"09:40";"1";"09";"09122";"2";"9";"1";"3";"FAURE (COURS GABRIEL)";"42,9643560000";"1,6104110000"
"202100034600";"12";"06";"2021";"10:00";"1";"09";"09122";"2";"1";"1";"7";"VILLOTE (ALLEES DE)";"42,9635440000";"1,6071700000"
"202100034601";"13";"06";"2021";"19:00";"1";"06";"06088";"2";"1";"1";"2";"VOIE RAPIDE";"43,6897950000";"7,2397910000"
"202100034602";"12";"06";"2021";"20:15";"1";"06";"06088";"2";"1";"1";"7";"VOIE RAPIDE";"43,6902630000";"7,2407970000"
"202100034603";"12";"06";"2021";"15:15";"1";"04";"04112";"1";"6";"1";"7";"VOLX (AV.DE)";"43,8437700000";"5,8100500000"
"202100034604";"13";"06";"2021";"15:15";"1";"75";"75119";"2";"4";"1";"4";"PORTE DE LA VILLETTE";"48,9003510000";"2,3803850000"
"202100034605";"13";"06";"2021";"13:40";"1";"75";"75119";"2";"1";"1";"3";"PORTE DE PANTIN";"48,8908990000";"2,3958090000"
"202100034606";"13";"06";"2021";"15:07";"1";"75";"75112";"2";"1";"1";"6";"BOULEVARD DE REUILLY";"48,8392040000";"2,3918210000"
"202100034607";"13";"06";"2021";"00:10";"5";"75";"75108";"2";"2";"1";"3";"RUE DE PONTHIEU";"48,8709260000";"2,3088300000"
"202100034608";"13";"06";"2021";"12:00";"1";"75";"75120";"2";"5";"1";"3";"AVENUE GAMBETTA";"48,8649760000";"2,3955260000"
"202100034609";"13";"06";"2021";"14:15";"1";"75";"75119";"2";"2";"1";"6";"RUE RIQUET";"48,8892510000";"2,3712750000"
"202100034610";"12";"06";"2021";"21:40";"2";"75";"75119";"2";"1";"1";"3";"AVENUE JEAN JAURES";"48,8833500000";"2,3723760000"
"202100034611";"13";"06";"2021";"03:40";"5";"75";"75117";"2";"2";"1";"3";"AVENUE DE VILLIERS";"48,8851330000";"2,2957460000"
"202100034612";"13";"06";"2021";"14:40";"1";"75";"75115";"2";"7";"1";"6";"PLACE CAMBRONNE";"48,8478840000";"2,3014080000"
"202100034613";"11";"06";"2021";"23:35";"5";"75";"75115";"2";"1";"1";"7";"RUE LECOURBE";"48,8441030000";"2,3077560000"
"202100034614";"12";"06";"2021";"21:00";"1";"75";"75114";"2";"7";"1";"3";"AVENUE DU GENERAL LECLERC";"48,8279100000";"2,3268670000"
"202100034615";"13";"06";"2021";"12:26";"1";"75";"75113";"2";"1";"1";"2";"PONT DE TOLBIAC";"48,8328660000";"2,3809020000"
"202100034616";"13";"06";"2021";"16:00";"1";"75";"75112";"2";"1";"1";"4";"QUAI DE BERCY";"48,8262210000";"2,3909210000"
"202100034617";"13";"06";"2021";"01:05";"5";"75";"75112";"2";"4";"1";"3";"AVENUE DE LA PORTE DE VINCENNES";"48,8465180000";"2,4139560000"
"202100034618";"13";"06";"2021";"05:35";"2";"75";"75109";"2";"1";"1";"7";"BOULEVARD DE ROCHECHOUART";"48,8825430000";"2,3431000000"
"202100034619";"12";"06";"2021";"22:50";"5";"75";"75108";"2";"7";"1";"1";"PLACE DE LA CONCORDE";"48,8645620000";"2,3197460000"
"202100034620";"13";"06";"2021";"20:00";"1";"94";"94037";"2";"1";"1";"7";"DIVISION DU GENERAL LECLERC (R DE LA)";"48,8123200000";"2,3496500000"
"202100034621";"13";"06";"2021";"19:10";"1";"94";"94043";"2";"1";"1";"6";"FONTAINEBLEAU (AV DE)";"48,8083400000";"2,3630400000"
"202100034622";"13";"06";"2021";"19:30";"1";"94";"94073";"2";"2";"1";"3";"STALINGRAD - CAR DES TROIS COMMUNES (BD";"48,7733800000";"2,3994700000"
"202100034623";"13";"06";"2021";"11:05";"1";"94";"94079";"2";"1";"1";"1";"JEAN MONNET (BD)";"48,8348000000";"2,5470000000"
"202100034624";"12";"06";"2021";"21:40";"5";"93";"93064";"2";"9";"1";"1";"LAVOISIER (RUE)";"48,8626500000";"2,4936000000"
"202100034625";"13";"06";"2021";"20:10";"1";"93";"93053";"2";"6";"1";"3";"Rue de BrÃ©ment / Rue Jules Auffret";"48,8882100000";"2,4564800000"
"202100034626";"13";"06";"2021";"21:00";"2";"93";"93048";"2";"2";"1";"3";"Boulevard Jeanne dâArc / Rue de la SolidaritÃ©";"48,8528300000";"2,4446800000"
"202100034627";"13";"06";"2021";"09:30";"1";"93";"93048";"2";"2";"1";"3";"Rue de Rosny / Avenue Walwein";"48,8618400000";"2,4465500000"
"202100034628";"13";"06";"2021";"12:50";"1";"93";"93074";"1";"1";"1";"5";"Route Nationale 3";"48,9332800000";"2,5914100000"
"202100034629";"13";"06";"2021";"13:55";"1";"93";"93047";"2";"1";"1";"6";"Boulevard Hardy";"48,9067400000";"2,5709600000"
"202100034630";"13";"06";"2021";"17:25";"1";"93";"93057";"2";"1";"1";"3";"ROME (AV.)";"48,9160730000";"2,4984940000"
"202100034631";"12";"06";"2021";"23:30";"5";"92";"92035";"2";"2";"1";"6";"National ( boulevard )";"48,9068493956";"2,2387862206"
"202100034632";"13";"06";"2021";"18:00";"1";"92";"92025";"2";"1";"1";"6";"PARC DEPARTEMENTAL";"48,9281980000";"2,2370160000"
"202100034633";"13";"06";"2021";"11:00";"1";"11";"11367";"1";"1";"1";"6";"D 629";"43,3709040290";"2,1561659529"
"202100034634";"13";"06";"2021";"12:20";"1";"11";"11194";"1";"1";"1";"6";"D 101";"43,3279020000";"2,3834590000"
"202100034635";"14";"06";"2021";"12:10";"1";"54";"54100";"2";"1";"1";"6";"49 rue de Metz";"48,7862000000";"6,3525200000"
"202100034636";"13";"06";"2021";"06:40";"2";"26";"26140";"1";"1";"1";"2";"145 Chemin de la Croix";"45,1173740000";"5,1014910000"
"202100034637";"14";"06";"2021";"07:45";"1";"24";"24442";"1";"1";"1";"1";"D6089";"45,1179150000";"0,4987550000"
"202100034638";"13";"06";"2021";"10:35";"1";"73";"73091";"2";"9";"1";"3";"D914 - route du bord du lac";"45,7951620000";"5,8181620000"
"202100034639";"10";"06";"2021";"16:30";"1";"71";"71047";"1";"1";"1";"2";"D192";"46,5956040000";"3,7930110000"
"202100034640";"13";"06";"2021";"18:00";"1";"45";"45213";"1";"1";"1";"6";"D57";"47,8550990000";"2,5929450000"
"202100034641";"13";"06";"2021";"19:42";"1";"68";"68231";"1";"1";"1";"7";"D1b";"48,0128510000";"7,5308810000"
"202100034642";"13";"06";"2021";"20:30";"2";"67";"67107";"1";"1";"7";"7";"D67";"48,7052080000";"7,5478430000"
"202100034643";"13";"06";"2021";"22:45";"5";"01";"01354";"1";"1";"1";"2";"Route de Meyrin";"46,2381960000";"6,0386340000"
"202100034644";"12";"06";"2021";"05:52";"2";"01";"01354";"1";"1";"1";"1";"N/A";"46,2470410000";"6,0405810000"
"202100034645";"14";"06";"2021";"08:10";"1";"29";"29116";"1";"1";"1";"2";"N12 PK 50+600";"48,4947680000";" -4,2043730000"
"202100034646";"14";"06";"2021";"22:00";"3";"974";"97410";"1";"1";"1";"6";"Route Nationale 2";" -21,0288460000";"55,7049210000"
"202100034647";"14";"06";"2021";"07:55";"1";"58";"58187";"2";"1";"1";"6";"7 Rue de Paris";"47,4450470000";"2,9329100000"
"202100034648";"14";"06";"2021";"08:50";"1";"60";"60176";"2";"3";"1";"3";"Rue Saint Germain";"49,2275540000";"2,9053580000"
"202100034649";"13";"06";"2021";"22:30";"3";"71";"71398";"1";"1";"1";"1";"route de chalon";"46,7558825327";"4,9558815832"
"202100034650";"13";"06";"2021";"22:45";"5";"62";"62673";"2";"1";"1";"6";"14 Rue de Pronville";"50,1786470000";"2,9868930000"
"202100034651";"13";"06";"2021";"18:35";"1";"41";"41287";"1";"1";"1";"7";"Rue des MasniÃ¨res";"47,7679850000";"1,0375370000"
"202100034652";"12";"06";"2021";"23:15";"3";"56";"56031";"2";"1";"1";"7";"Rue du ChÃªne";"47,8310770000";" -3,0012180000"
"202100034653";"14";"06";"2021";"13:12";"1";"74";"74278";"1";"1";"1";"7";"Prom de l Arve";"46,0759700000";"6,5328040000"
"202100034654";"13";"06";"2021";"09:05";"1";"79";"79226";"1";"1";"1";"7";"Chemin la Pierre de la Justice";"46,5602190000";" -0,4432510000"
"202100034655";"13";"06";"2021";"06:30";"1";"2A";"2A098";"1";"1";"1";"6";"Verghia";"41,8087810000";"8,7644510000"
"202100034656";"12";"06";"2021";"18:15";"1";"80";"80686";"1";"3";"1";"3";"pk 14 D11";"50,0264870000";"2,3902990000"
"202100034657";"14";"06";"2021";"00:30";"5";"65";"65460";"2";"1";"1";"7";"5 Avenue Joseph Fitte";"43,3837070000";"0,0555940000"
"202100034658";"13";"06";"2021";"12:00";"1";"32";"32301";"1";"2";"1";"1";"D930 chemin A Nicole PK1+600";"43,6825140000";"0,5273650000"
"202100034659";"13";"06";"2021";"10:05";"1";"11";"11063";"1";"3";"1";"3";"D118";"42,9228970000";"2,2177740000"
"202100034660";"14";"06";"2021";"09:30";"1";"71";"71311";"1";"1";"1";"1";"Route de Frangy";"46,7098615351";"5,3018363883"
"202100034661";"11";"06";"2021";"18:04";"1";"61";"61063";"2";"1";"1";"7";"za des cinq chemins";"48,7032110000";" -0,3636750000"
"202100034662";"13";"06";"2021";"13:15";"1";"39";"39149";"1";"1";"1";"6";"N/A";"47,0965750000";"5,7437000000"
"202100034663";"9";"06";"2021";"16:36";"1";"44";"44036";"2";"1";"1";"1";"Rue du Faubourg Saint-Michel";"47,7182590000";" -1,3698400000"
"202100034664";"12";"06";"2021";"17:30";"1";"29";"29241";"1";"1";"1";"7";"Lieu Dit Kervez";"47,9521820000";" -3,7704990000"
"202100034665";"13";"06";"2021";"18:40";"1";"29";"29175";"1";"1";"1";"7";"Le Venec";"48,2659550000";" -3,8102070000"
"202100034666";"14";"06";"2021";"17:30";"1";"29";"29029";"1";"1";"1";"1";"Lieu Dit Kerherve";"48,2517190000";" -3,6415490000"
"202100034667";"14";"06";"2021";"10:30";"1";"31";"31085";"1";"1";"1";"1";"d44";"42,9176210000";"0,7575850000"
"202100034668";"13";"06";"2021";"11:00";"1";"02";"02810";"1";"1";"1";"6";"Route Nationale 2";"49,2518680000";"3,0592310000"
"202100034669";"12";"06";"2021";"09:45";"1";"84";"84084";"1";"1";"1";"6";"pk 17 D27";"43,7583286313";"5,5068111427"
"202100034670";"14";"06";"2021";"18:24";"1";"01";"01232";"1";"1";"1";"1";"d996";"46,3793560000";"5,2525810000"
"202100034671";"13";"06";"2021";"11:40";"1";"70";"70198";"2";"1";"1";"6";"Rue Alfred Dornier";"47,5543270000";"5,6774480000"
"202100034672";"13";"06";"2021";"04:54";"2";"26";"26052";"1";"1";"1";"6";"Route de la Laupie";"44,6013770000";"4,8713640000"
"202100034673";"13";"06";"2021";"06:45";"1";"72";"72328";"1";"1";"1";"6";"Route de BonnÃ©table";"48,0588360000";"0,2697120000"
"202100034674";"14";"06";"2021";"18:30";"1";"06";"06079";"2";"1";"1";"4";"D6007";"43,5501700000";"6,9464180000"
"202100034675";"14";"06";"2021";"02:20";"3";"14";"14020";"2";"1";"1";"6";"D37";"49,1293300000";" -0,1624560000"
"202100034676";"13";"06";"2021";"17:50";"1";"05";"05009";"1";"1";"1";"7";"N85";"44,7992550000";"5,9705260000"
"202100034677";"14";"06";"2021";"14:40";"1";"50";"50591";"1";"1";"1";"3";"976";"48,5255901218";" -0,9197777511"
"202100034678";"13";"06";"2021";"10:15";"1";"07";"07292";"1";"1";"1";"3";"route dÃ©partementale 6";"45,1657000000";"4,6557350000"
"202100034679";"13";"06";"2021";"18:00";"1";"07";"07181";"2";"1";"1";"1";"15 Quai Rene Revollat";"44,7598610000";"4,7508140000"
"202100034680";"13";"06";"2021";"20:25";"1";"40";"40201";"2";"1";"1";"7";"CD3 - ROUTE DE SOUPROSSE";"43,7509700000";" -0,7523380000"
"202100034681";"13";"06";"2021";"19:30";"1";"40";"40025";"1";"1";"1";"6";"rd 351";"43,8245890000";" -0,4099920000"
"202100034682";"21";"05";"2021";"07:15";"1";"28";"28121";"1";"3";"1";"3";"Route dÃ©partement 2020";"48,1157010000";"1,8945490000"
"202100034683";"9";"06";"2021";"05:00";"2";"28";"28023";"1";"3";"1";"3";"D106.2 / D106.4";"48,5282580000";"1,6284660000"
"202100034684";"12";"06";"2021";"10:50";"1";"17";"17337";"2";"3";"1";"2";"Route de Domino";"45,9717600000";" -1,3559850000"
"202100034685";"10";"06";"2021";"19:10";"1";"37";"37047";"1";"2";"1";"3";"La Bigotiere";"47,5076027560";"0,6728982229"
"202100034686";"28";"05";"2021";"15:30";"1";"24";"24340";"1";"1";"1";"1";"81 Route de Sivadal";"44,8621680000";"0,4189720000"
"202100034687";"14";"06";"2021";"04:48";"2";"88";"88123";"1";"1";"1";"7";"A31";"48,0948720000";"5,6408050000"
"202100034688";"13";"06";"2021";"15:30";"1";"33";"33382";"1";"1";"1";"3";"N/A";"45,1498430000";" -0,4792360000"
"202100034689";"7";"06";"2021";"17:00";"1";"91";"91105";"1";"1";"1";"2";"D19 - Route de Boissy";"48,5643220000";"2,1760390000"
"202100034690";"14";"06";"2021";"18:30";"1";"34";"34143";"1";"1";"1";"6";"A9 PK 128+90";"43,4626460000";"3,6274300000"
"202100034691";"14";"06";"2021";"15:45";"1";"69";"69027";"2";"6";"1";"3";"PAUL BOVIER-LAPIERRE (R)";"45,6744440000";"4,7604260000"
"202100034692";"13";"06";"2021";"19:00";"1";"83";"83140";"1";"1";"1";"2";"A8";"43,4236288948";"5,9630846558"
"202100034693";"13";"06";"2021";"20:00";"5";"988";"98823";"1";"3";"1";"7";"tribu de Grondu";" -21,0694060000";"165,3915420000"
"202100034694";"12";"06";"2021";"22:00";"5";"971";"97117";"1";"1";"1";"1";"Route de Saint-FranÃ§ois";"16,3152180000";" -61,3177820000"
"202100034695";"14";"06";"2021";"06:45";"2";"37";"37210";"1";"1";"1";"4";"N/A";"47,2010395450";"0,3218413846"
"202100034696";"10";"06";"2021";"13:20";"1";"77";"77520";"2";"3";"1";"3";"Rue de la Place";"48,3183860000";"2,6529620000"
"202100034697";"13";"06";"2021";"14:00";"1";"78";"78068";"1";"3";"7";"1";"D52";"49,0357020000";"1,4811370000"
"202100034698";"13";"06";"2021";"18:35";"1";"13";"13027";"1";"3";"1";"3";"route de la crau";"43,8852820000";"4,8290920000"
"202100034699";"14";"06";"2021";"17:25";"1";"68";"68072";"2";"1";"1";"1";"66 Rue du GÃ©nÃ©ral de Gaulle";"47,6900390000";"7,3996860000"
"202100034700";"13";"06";"2021";"21:00";"2";"74";"74250";"1";"1";"1";"7";"Rte des Gorges du Borne";"46,0454760000";"6,3777350000"
"202100034701";"14";"06";"2021";"15:25";"1";"42";"42168";"1";"1";"1";"1";"Route du Mas";"45,4254890000";"4,6761520000"
"202100034702";"14";"06";"2021";"11:15";"1";"81";"81105";"2";"9";"7";"3";"Avenue Jules Ferry";"43,7657670000";"1,9797170000"
"202100034703";"13";"06";"2021";"09:30";"1";"81";"81039";"1";"1";"1";"3";"D631";"43,7547560000";"1,9309760000"
"202100034704";"13";"06";"2021";"13:20";"1";"09";"09209";"1";"1";"1";"7";"D627";"42,9976640000";"1,1659240000"
"202100034705";"14";"06";"2021";"17:00";"1";"86";"86287";"1";"1";"1";"3";"D759";"47,0553300000";"0,1492270000"
"202100034706";"19";"05";"2021";"07:20";"1";"22";"22364";"1";"1";"1";"1";"Les Hauts Champs";"48,4345720000";" -2,0808680000"
"202100034707";"14";"06";"2021";"06:40";"1";"76";"76401";"1";"1";"1";"1";"D913 - PK 11890";"49,4352200000";"0,7913700000"
"202100034708";"13";"06";"2021";"22:09";"2";"60";"60500";"1";"3";"1";"3";"N330";"49,0932476129";"2,7480429375"
"202100034709";"13";"06";"2021";"20:14";"1";"59";"59126";"2";"1";"1";"6";"rue de douai";"50,3121130000";"3,1175490000"
"202100034710";"13";"06";"2021";"13:35";"1";"13";"13033";"1";"1";"1";"2";"A55-Sens Marseille vers Martigues";"43,3733200000";"5,1920900000"
"202100034711";"13";"06";"2021";"11:22";"1";"13";"13210";"1";"1";"1";"2";"S10CM-Sens Marseille vers A.50 Aubagne";"43,2832500000";"5,4004900000"