"Num_Acc";"jour";"mois";"an";"hrmn";"lum";"dep";"com";"agg";"int";"atm";"col";"adr";"lat";"long"
"202100034712";"12";"06";"2021";"21:20";"1";"13";"13005";"1";"1";"1";"2";"A50-Sens Marseille vers Aubagne";"43,2865200000";"5,5366600000"
"202100034713";"12";"06";"2021";"11:30";"1";"13";"13210";"2";"1";"1";"2";"A50-Sens Marseille vers Aubagne";"43,2832200000";"5,4000600000"
"202100034714";"13";"06";"2021";"13:50";"1";"69";"69029";"1";"1";"1";"3";"D383   7.640 A 11.044";"45,7273800000";"4,8963500000"
"202100034715";"12";"06";"2021";"20:10";"1";"42";"42123";"1";"1";"1";"4";"A47";"45,5152000000";"4,5785000000"
"202100034716";"12";"06";"2021";"17:20";"1";"42";"42099";"1";"1";"1";"3";"RN88";"45,3748394913";"4,2709123935"
"202100034717";"13";"06";"2021";"17:15";"1";"91";"91235";"1";"1";"1";"4";"RN 104";"48,6247800000";"2,3706300000"
"202100034718";"13";"06";"2021";"16:50";"1";"91";"91161";"1";"1";"1";"2";"AUTOROUTE A6";"48,7168000000";"2,3097000000"
"202100034719";"12";"06";"2021";"23:05";"3";"91";"91570";"1";"1";"1";"2";"RN 104";"48,6249000000";"2,3153000000"
"202100034720";"12";"06";"2021";"19:40";"1";"92";"92019";"1";"1";"1";"6";"RN 385 ExtÃ¨rieure";"48,7697864876";"2,2440132870"
"202100034721";"12";"06";"2021";"17:15";"1";"91";"91216";"1";"1";"1";"4";"AUTOROUTE A6";"48,6815200000";"2,3307100000"
"202100034722";"13";"06";"2021";"18:30";"1";"78";"78158";"1";"1";"1";"2";"A13";"48,8314650000";"2,1472170000"
"202100034723";"13";"06";"2021";"10:05";"1";"78";"78362";"1";"1";"1";"6";"A13";"48,9762770000";"1,7210740000"
"202100034724";"13";"06";"2021";"05:35";"1";"78";"78090";"1";"1";"1";"6";"A13";"48,9696310000";"1,9133240000"
"202100034725";"13";"06";"2021";"20:30";"1";"95";"95277";"1";"1";"1";"4";"AUTOROUTE A3";"48,9702428126";"2,4830228090"
"202100034726";"13";"06";"2021";"18:50";"1";"95";"95018";"1";"1";"1";"4";" A15";"48,9537750808";"2,2789100209"
"202100034727";"13";"06";"2021";"07:20";"1";"95";"95028";"1";"1";"1";"6";"RN 104";"49,0645100000";"2,3691300000"
"202100034728";"12";"06";"2021";"19:10";"1";"93";"93013";"1";"1";"1";"2";"AUTOROUTE A1";"48,9402400000";"2,4227800000"
"202100034729";"11";"06";"2021";"18:00";"1";"92";"92078";"1";"1";"1";"5";"AUTOROUTE A86";"48,9283084303";"2,3316245851"
"202100034730";"13";"06";"2021";"06:45";"1";"94";"94028";"1";"1";"7";"6";"A86 EXT";"48,7760435069";"2,4284361398"
"202100034731";"13";"06";"2021";"04:50";"5";"77";"77373";"1";"1";"1";"6";"RN104";"48,7838100000";"2,6165700000"
"202100034732";"11";"06";"2021";"18:23";"5";"987";"98735";"2";"1";"9";"2";"PRINCE HINOI (AVENUE)";" -17,5340000000";" -149,5610500000"
"202100034733";"12";"06";"2021";"15:35";"1";"973";"97302";"2";"2";"1";"3";"HEDER (place)";"4,9413200000";" -52,3323500000"
"202100034734";"12";"06";"2021";"23:30";"5";"69";"69383";"2";"2";"1";"3";"FELIX FAURE (AV)";"45,7546587568";"4,8675549030"
"202100034735";"12";"06";"2021";"20:50";"2";"69";"69386";"2";"2";"1";"5";"MOLIERE (R)";"45,7648100000";"4,8427500000"
"202100034736";"12";"06";"2021";"20:45";"2";"69";"69383";"2";"2";"1";"3";"VILLEROY (R)";"45,7548586730";"4,8499465503"
"202100034737";"11";"06";"2021";"21:35";"2";"69";"69387";"2";"2";"1";"7";"REPOS (DU) (R)";"45,7475100000";"4,8485700000"
"202100034738";"12";"06";"2021";"01:50";"5";"69";"69383";"2";"2";"1";"3";"BARABAN (R)";"45,7593496257";"4,8678527841"
"202100034739";"12";"06";"2021";"12:30";"1";"69";"69081";"2";"1";"1";"3";"MARIETTON (R)";"45,7746635917";"4,7938035429"
"202100034740";"11";"06";"2021";"20:00";"1";"95";"95088";"2";"1";"1";"7";"Route de Flandres";"48,9570500000";"2,4458500000"
"202100034741";"11";"06";"2021";"21:45";"2";"91";"91657";"2";"1";"1";"6";"RUE DES EDELWEISS";"48,7014500000";"2,4402800000"
"202100034742";"11";"06";"2021";"16:45";"1";"91";"91027";"2";"1";"1";"6";"VC QUAI DE L'INDUSTRIE";"48,6928700000";"2,3894200000"
"202100034743";"12";"06";"2021";"19:10";"2";"83";"83144";"2";"9";"1";"6";"RN 97";"43,1437900000";"6,0168000000"
"202100034744";"12";"06";"2021";"11:45";"1";"83";"83019";"1";"9";"1";"3";"FOUX (CHEMIN DE LA)";"43,1129240000";"6,3103500000"
"202100034745";"7";"06";"2021";"14:50";"1";"83";"83129";"2";"6";"1";"3";"JUIN MARECHAL (AV DU)";"43,0954600000";"5,8482000000"
"202100034746";"12";"06";"2021";"15:25";"2";"74";"74010";"2";"1";"1";"6";"CHEVESNES (RUE + QUARTIER)";"45,9009900000";"6,1179200000"
"202100034747";"11";"06";"2021";"19:00";"1";"73";"73065";"2";"1";"1";"6";"BLERIOT LOUIS (RUE)";"45,5596548825";"5,9048982256"
"202100034748";"12";"06";"2021";"09:30";"1";"64";"64545";"2";"3";"1";"3";"11 Rue Paul GÃ©los";"43,3784640000";" -1,6708229000"
"202100034749";"12";"06";"2021";"12:10";"1";"64";"64122";"2";"1";"8";"7";"MOURA (ALLEE DU)";"43,4598500000";" -1,5370200000"
"202100034750";"12";"06";"2021";"15:45";"1";"64";"64102";"2";"1";"1";"4";"SOULT (AVENUE MARECHAL)";"43,4867000000";" -1,4870500000"
"202100034751";"12";"06";"2021";"23:15";"5";"54";"54395";"2";"2";"1";"6";"FOCH (AVENUE 18 ET 9 A FIN)";"48,6875988320";"6,1707470566"
"202100034752";"12";"06";"2021";"14:38";"1";"49";"49007";"2";"1";"1";"6";"MAUROIS";"47,4480000000";" -0,5623000000"
"202100034753";"12";"06";"2021";"17:00";"1";"45";"45234";"2";"1";"1";"6";"Rue des Carmes";"47,9017800000";"1,8993500000"
"202100034754";"12";"06";"2021";"19:30";"1";"43";"43041";"2";"1";"1";"3";"48 Avenue Pierre Farigoule";"45,0368036425";"3,9348719299"
"202100034755";"11";"06";"2021";"23:15";"3";"38";"38229";"1";"1";"1";"7";"A41";"45,2054400000";"5,7869100000"
"202100034756";"12";"06";"2021";"14:20";"1";"33";"33522";"2";"7";"1";"3";"RUE REMI BELLEAU";"44,7955500000";" -0,6014000000"
"202100034757";"12";"06";"2021";"14:13";"1";"33";"33063";"2";"1";"7";"2";"Boulevard Godard";"44,8629180000";" -0,5834770000"
"202100034758";"12";"06";"2021";"12:56";"1";"33";"33063";"2";"1";"1";"6";"Avenue de la RÃ©publique";"44,8393800000";" -0,6099800000"
"202100034759";"12";"06";"2021";"08:35";"1";"33";"33162";"2";"1";"1";"3";"Rue Jean Mermoz";"44,8620900000";" -0,6660000000"
"202100034760";"13";"06";"2021";"00:00";"5";"31";"31555";"2";"1";"1";"2";"CHE DE LAPUJADE";"43,6213000000";"1,4533900000"
"202100034761";"12";"06";"2021";"23:30";"5";"31";"31149";"2";"1";"1";"7";"SALVETAT (CHEMIN DE LA)";"43,6018000000";"1,3006700000"
"202100034762";"12";"06";"2021";"18:50";"1";"31";"31555";"2";"1";"1";"3";"CHE DE LAPUJADE";"43,6200300000";"1,4529000000"
"202100034763";"12";"06";"2021";"16:30";"1";"28";"28134";"2";"2";"1";"3";"LONGS REAGES (RUE DES)";"48,7392716760";"1,3349890709"
"202100034764";"12";"06";"2021";"19:00";"1";"26";"26362";"2";"9";"1";"3";"Route de Crest ";"44,9039500000";"4,9244820000"
"202100034765";"12";"06";"2021";"19:35";"1";"24";"24037";"2";"1";"1";"6";"VALETTE (RUE)";"44,8586000000";"0,4723200000"
"202100034766";"12";"06";"2021";"17:33";"1";"17";"17300";"2";"6";"1";"3";"BEAUREGARD   RUE DE";"46,1675700000";" -1,1398300000"
"202100034767";"11";"06";"2021";"11:19";"1";"15";"15014";"2";"1";"1";"6";"Boulevard du Pavatou";"44,9318500000";"2,4502700000"
"202100034768";"11";"06";"2021";"20:00";"1";"14";"14699";"1";"9";"1";"7";"D62";"49,3454200000";"0,1042400000"
"202100034769";"12";"06";"2021";"23:45";"5";"13";"13208";"2";"3";"1";"3";"ALEXANDRE DUMAS (RUE)";"43,2636247150";"5,3894168941"
"202100034770";"12";"06";"2021";"16:00";"1";"11";"11069";"2";"1";"1";"6";"Boulevard Henry Bouffet";"43,2088400000";"2,3090600000"
"202100034771";"11";"06";"2021";"12:10";"1";"11";"11069";"2";"1";"1";"3";"Boulevard Henry Bouffet";"43,2088500000";"2,3091400000"
"202100034772";"10";"06";"2021";"16:10";"1";"10";"10387";"2";"1";"1";"6";"CHARMILLES (MAIL DES)";"48,2997500000";"4,0874700000"
"202100034773";"12";"06";"2021";"08:57";"1";"10";"10362";"1";"9";"1";"2";"RD 660";"48,3015300000";"4,0244000000"
"202100034774";"11";"06";"2021";"22:50";"5";"07";"07316";"2";"1";"1";"4";"MONTGOLFIERS (AVENENUE DES FRERES)";"44,8983100000";"4,8519000000"
"202100034775";"10";"06";"2021";"11:20";"1";"05";"05023";"2";"6";"1";"3";"ROND POINT DU CONTRIBUABLE";"44,8957420000";"6,6327620000"
"202100034776";"12";"06";"2021";"09:25";"1";"75";"75113";"2";"1";"1";"2";"QUAI D IVRY";"48,8257910000";"2,3865890000"
"202100034777";"11";"06";"2021";"18:30";"1";"75";"75116";"2";"1";"1";"3";"ECHANGEUR MUETTE";"48,8682190000";"2,2697780000"
"202100034778";"12";"06";"2021";"13:00";"1";"75";"75106";"2";"2";"1";"6";"RUE D ASSAS";"48,8489740000";"2,3287430000"
"202100034779";"11";"06";"2021";"19:00";"1";"75";"75116";"2";"3";"1";"4";"AVENUE DU PRESIDENT KENNEDY";"48,8545300000";"2,2836080000"
"202100034780";"12";"06";"2021";"13:55";"1";"75";"75115";"2";"7";"1";"6";"RUE BLOMET";"48,8416630000";"2,3028330000"
"202100034781";"12";"06";"2021";"11:25";"1";"75";"75115";"2";"3";"1";"3";"RUE LEBLANC";"48,8366800000";"2,2792880000"
"202100034782";"12";"06";"2021";"11:30";"1";"75";"75114";"2";"3";"1";"3";"RUE D ALESIA";"48,8303780000";"2,3196700000"
"202100034783";"12";"06";"2021";"12:00";"1";"75";"75113";"2";"2";"1";"3";"BOULEVARD MASSENA";"48,8189940000";"2,3595320000"
"202100034784";"12";"06";"2021";"19:05";"1";"75";"75112";"2";"1";"7";"6";"AVENUE DE NOGENT   VINCENNES";"48,8384920000";"2,4622760000"
"202100034785";"12";"06";"2021";"06:10";"1";"75";"75112";"2";"2";"1";"2";"AVENUE LEDRU ROLLIN";"48,8508850000";"2,3756690000"
"202100034786";"12";"06";"2021";"15:00";"1";"75";"75111";"2";"2";"1";"3";"RUE DES BOULETS";"48,8504690000";"2,3905940000"
"202100034787";"12";"06";"2021";"19:15";"1";"75";"75110";"2";"2";"1";"6";"RUE DE LANCRY";"48,8705270000";"2,3611930000"
"202100034788";"12";"06";"2021";"14:38";"1";"75";"75110";"2";"2";"1";"6";"RUE DE ROCROY";"48,8808150000";"2,3511740000"
"202100034789";"12";"06";"2021";"00:55";"5";"75";"75109";"2";"1";"1";"1";"RUE LA FAYETTE";"48,8769760000";"2,3481110000"
"202100034790";"12";"06";"2021";"16:05";"1";"75";"75108";"2";"7";"1";"1";"PLACE DE LA CONCORDE";"48,8649500000";"2,3203300000"
"202100034791";"12";"06";"2021";"08:29";"1";"75";"75107";"2";"2";"1";"3";"RUE DE L UNIVERSITE";"48,8609650000";"2,3149640000"
"202100034792";"10";"06";"2021";"12:50";"1";"75";"75103";"2";"2";"1";"3";"BOULEVARD DE SEBASTOPOL";"48,8686630000";"2,3538900000"
"202100034793";"12";"06";"2021";"11:35";"1";"94";"94081";"2";"3";"1";"6";"Avenue du Moulin de Saquet";"48,7917000000";"2,3834700000"
"202100034794";"12";"06";"2021";"12:30";"1";"94";"94068";"2";"2";"7";"6";"Avenue Didier";"48,7974800000";"2,5088000000"
"202100034795";"11";"06";"2021";"23:00";"5";"94";"94022";"2";"3";"1";"4";"Avenue Victor Hugo";"48,7679000000";"2,4173570000"
"202100034796";"12";"06";"2021";"17:45";"1";"93";"93070";"2";"1";"1";"2";"DOCTEUR BAUER(RUE DU) :NÂ°  75 AU 129";"48,9074000000";"2,3413200000"
"202100034797";"11";"06";"2021";"23:05";"5";"93";"93070";"2";"7";"1";"3";"VICTOR-HUGO (BD)";"48,9072890000";"2,3262730000"
"202100034798";"12";"06";"2021";"10:01";"1";"93";"93066";"2";"9";"1";"2";"Rue de la LibertÃ©";"48,9440810000";"2,3651960000"
"202100034799";"12";"06";"2021";"16:30";"1";"93";"93064";"2";"1";"1";"3";"DE GAULLE (AV DU GENERAL) 58/49 - FIN";"48,8786640000";"2,4787900000"
"202100034800";"12";"06";"2021";"11:40";"1";"93";"93048";"2";"5";"1";"1";"Boulevard Aristide Briand / Rue des Epernons";"48,8681540000";"2,4467620000"
"202100034801";"12";"06";"2021";"12:20";"1";"93";"93063";"2";"9";"1";"3";"WILSON AVENUE DU PRESIDENT";"48,8830000000";"2,4296500000"
"202100034802";"12";"06";"2021";"16:30";"1";"93";"93031";"2";"1";"1";"4";"N/A";"48,9514100000";"2,3070600000"
"202100034803";"12";"06";"2021";"11:50";"1";"93";"93031";"2";"9";"1";"3";"Avenue de Lattre de Tassigny";"48,9555430000";"2,3117390000"
"202100034804";"12";"06";"2021";"21:40";"1";"93";"93001";"2";"1";"1";"3";"JEAN JAURES  (AVE)  157 A 213";"48,9094000000";"2,3982000000"
"202100034805";"12";"06";"2021";"20:40";"2";"93";"93001";"2";"9";"1";"3";"SAINT-DENIS (RUE DE)";"48,9211865344";"2,3765067011"
"202100034806";"12";"06";"2021";"14:30";"1";"93";"93001";"2";"3";"1";"3";"CITES (RUE DES)  => 91";"48,9132160000";"2,3886280000"
"202100034807";"12";"06";"2021";"15:30";"1";"92";"92022";"2";"1";"1";"2";"SALENGRO (AVENUE ROGER)";"48,8141067404";"2,1926978230"
"202100034808";"12";"06";"2021";"15:00";"1";"92";"92072";"2";"1";"1";"3";"EUROPE (AVENUE DE L')";"48,8227993605";"2,2089385986"
"202100034809";"12";"06";"2021";"19:49";"1";"92";"92050";"2";"1";"1";"6";"PROVINCES FRANCAISES BD DES";"48,9002689182";"2,2143727541"
"202100034810";"12";"06";"2021";"18:00";"1";"92";"92050";"2";"1";"1";"6";"LAVOISIER RUE";"48,8965211225";"2,1757274866"
"202100034811";"11";"06";"2021";"18:30";"1";"92";"92048";"2";"3";"1";"3";"COLONEL MORAINE (ROUTE DU)";"48,7965000000";"2,2176700000"
"202100034812";"12";"06";"2021";"00:00";"5";"92";"92026";"2";"3";"1";"3";"SAINT-DENIS BD DE (01 A 197 / 02 A 118)";"48,8980234661";"2,2637213767"
"202100034813";"11";"06";"2021";"17:55";"1";"92";"92025";"2";"1";"1";"2";"CHARLES DE GAULLE (BD)";"48,9101366651";"2,2350807488"
"202100034814";"11";"06";"2021";"23:05";"5";"92";"92004";"2";"3";"1";"7";"DOCTEUR DERVAUX  ( QUAI DU )";"48,9092000000";"2,2935000000"
"202100034815";"12";"06";"2021";"19:00";"1";"92";"92002";"2";"1";"1";"6";"AUGUSTE MOUNIE (RUE)";"48,7539709158";"2,3023518843"
"202100034816";"12";"06";"2021";"14:00";"1";"92";"92002";"2";"1";"1";"3";"SULLY PRUDHOMME (AVENUE)";"48,7636762747";"2,2917249799"
"202100034817";"13";"06";"2021";"00:00";"3";"47";"47076";"1";"1";"1";"6";"Chemin de Marquisat";"44,0850570000";"0,7287240000"
"202100034818";"11";"06";"2021";"12:15";"1";"62";"62534";"2";"6";"1";"3";"36a Avenue Bernard Chochoy";"50,7074910000";"2,1174230000"
"202100034819";"12";"06";"2021";"17:50";"1";"86";"86007";"1";"1";"1";"3";"D43";"46,9029240000";"0,5243460000"
"202100034820";"13";"06";"2021";"12:45";"1";"68";"68229";"1";"9";"1";"7";"D431";"47,9047240000";"7,1033160000"
"202100034821";"12";"06";"2021";"03:00";"3";"81";"81209";"1";"1";"1";"7";"Route de Rigaud";"43,5332660000";"2,3894400000"
"202100034822";"13";"06";"2021";"04:40";"2";"83";"83054";"1";"1";"1";"2";"A57";"43,1681280000";"6,0513640000"
"202100034823";"13";"06";"2021";"10:50";"1";"67";"67437";"2";"3";"1";"1";"Rue de Monswiller";"48,7470780000";"7,3687870000"
"202100034824";"12";"06";"2021";"23:00";"3";"85";"85082";"1";"1";"1";"7";"La Roseraie";"46,8734830000";" -0,9413700000"
"202100034825";"13";"06";"2021";"11:40";"1";"83";"83031";"1";"1";"1";"5";"D558";"43,3842170000";"6,3597110000"
"202100034826";"12";"06";"2021";"09:40";"1";"57";"57264";"1";"1";"1";"3";"RD 81";"49,0794180000";"6,9450490000"
"202100034827";"13";"06";"2021";"13:05";"1";"51";"51434";"1";"1";"1";"3";"D3";"49,0146803312";"4,0664916097"
"202100034828";"13";"06";"2021";"20:00";"1";"79";"79102";"2";"1";"1";"7";"Rue de Saint-Varent";"46,9245750000";" -0,3171980000"
"202100034829";"13";"06";"2021";"07:20";"1";"79";"79195";"1";"1";"1";"6";"Les Petites Touches";"46,9242420000";" -0,5547560000"
"202100034830";"12";"06";"2021";"17:30";"1";"82";"82030";"2";"1";"1";"6";"7 Route de Belleperche";"44,0066640000";"1,0927000000"
"202100034831";"12";"06";"2021";"18:10";"1";"65";"65182";"1";"3";"1";"5";"D918";"42,9797430000";" -0,1665010000"
"202100034832";"12";"06";"2021";"15:37";"1";"32";"32187";"1";"3";"1";"2";"D2";"43,5602890000";"0,4419740000"
"202100034833";"12";"06";"2021";"19:15";"1";"71";"71546";"1";"1";"1";"1";"RD987 Trambly";"46,3260020000";"4,5245810000"
"202100034834";"13";"06";"2021";"17:20";"1";"89";"89223";"1";"3";"7";"3";"croisement D 905 - D 200";"47,7954850000";"4,0952830000"
"202100034835";"13";"06";"2021";"17:45";"1";"61";"61116";"1";"1";"1";"7";"D928";"48,4179800000";"0,9429360000"
"202100034836";"12";"06";"2021";"09:10";"1";"61";"61456";"1";"6";"1";"2";"Les Acres";"48,7746890000";"0,6097840000"
"202100034837";"11";"06";"2021";"22:50";"3";"61";"61081";"1";"1";"1";"7";"La Fevrie";"48,6617760000";"0,2229080000"
"202100034838";"12";"06";"2021";"19:55";"1";"49";"49041";"2";"3";"1";"3";"rue de vauzelle";"47,3060220000";"0,0666150000"
"202100034839";"12";"06";"2021";"17:51";"1";"49";"49069";"1";"4";"1";"4";"D763";"47,3593890000";" -1,1751230000"
"202100034840";"11";"06";"2021";"18:00";"1";"68";"68042";"2";"6";"1";"3";"Rue du Rhin";"47,6023180000";"7,5069130000"
"202100034841";"12";"06";"2021";"16:40";"1";"39";"39441";"1";"1";"1";"6";"N/A";"46,4805090000";"6,0293270000"
"202100034842";"12";"06";"2021";"11:14";"1";"44";"44048";"1";"3";"1";"2";"LE BOTTEREAU";"47,3766670000";" -1,2470560000"
"202100034843";"12";"06";"2021";"14:30";"1";"29";"29105";"2";"1";"1";"2";"Boulevard de la RÃ©publique";"48,5047740000";" -4,0750690000"
"202100034844";"13";"06";"2021";"16:15";"1";"29";"29062";"1";"1";"1";"6";"Lieu Dit Ti Ar Prat";"48,1584850000";" -3,9268290000"
"202100034845";"13";"06";"2021";"12:20";"1";"03";"03195";"1";"1";"1";"2";"RD998";"46,2907460000";"2,7015850000"
"202100034846";"13";"06";"2021";"18:30";"1";"66";"66080";"1";"1";"1";"7";"RN116";"42,5069630000";"2,1743860000"
"202100034847";"12";"06";"2021";"21:35";"2";"54";"54316";"1";"1";"1";"6";"D958";"48,8892136139";"5,9326171875"
"202100034848";"11";"06";"2021";"22:15";"3";"72";"72071";"2";"1";"1";"3";"route de FlÃ©e";"47,6928730000";"0,4276600000"
"202100034849";"13";"06";"2021";"15:50";"1";"14";"14398";"1";"1";"1";"6";"D45";"49,1970080000";"0,1733430000"
"202100034850";"12";"06";"2021";"12:10";"1";"05";"05045";"1";"1";"1";"2";"le liou";"44,5405670000";"6,4769980000"
"202100034851";"7";"06";"2021";"16:20";"1";"64";"64279";"2";"4";"1";"7";"DÃ©partementale 249";"43,3275970000";" -1,3867610000"
"202100034852";"13";"06";"2021";"12:45";"1";"18";"18073";"1";"1";"1";"7";"Route de Sainte Lunaise";"46,9028710000";"2,3165270000"
"202100034853";"12";"06";"2021";"20:45";"2";"43";"43265";"1";"1";"1";"6";"RD 47";"45,2335721854";"4,1931594908"
"202100034854";"12";"06";"2021";"22:35";"3";"10";"10114";"1";"1";"1";"1";"D619";"48,5113310000";"3,6146740000"
"202100034855";"13";"06";"2021";"15:15";"1";"16";"16192";"1";"1";"7";"1";"N/A";"45,8813230000";"0,5697330000"
"202100034856";"12";"06";"2021";"17:10";"1";"53";"53096";"2";"2";"7";"5";"Boulevard du CollÃ¨ge";"48,2987050000";" -0,9334090000"
"202100034857";"13";"06";"2021";"03:43";"3";"21";"21522";"1";"1";"1";"6";"D30";"47,4246470000";"5,3970020000"
"202100034858";"1";"06";"2021";"19:05";"1";"40";"40312";"2";"1";"1";"1";"Rue Louis Aragon";"43,5374230000";" -1,4689990000"
"202100034859";"12";"06";"2021";"06:45";"1";"27";"27434";"1";"1";"2";"7";"RD 28";"49,2083040000";"0,4913380000"
"202100034860";"12";"06";"2021";"19:00";"1";"27";"27261";"1";"1";"1";"7";"D81";"49,2159430000";"0,9591150000"
"202100034861";"12";"06";"2021";"16:30";"1";"27";"27318";"2";"4";"1";"6";"Rue des Canadiens";"49,1914330000";"0,7804480000"
"202100034862";"12";"06";"2021";"20:15";"1";"28";"28390";"1";"2";"1";"3";"D927";"48,1723350000";"1,7642780000"
"202100034863";"12";"06";"2021";"20:15";"1";"37";"37111";"1";"1";"1";"6";"Travaille Coquin";"47,1610446806";"1,0909616342"
"202100034864";"13";"06";"2021";"06:50";"2";"37";"37217";"1";"1";"1";"6";"les barraudiÃ¨res";"47,3961341466";"0,4786029831"
"202100034865";"11";"06";"2021";"08:30";"1";"37";"37139";"2";"1";"1";"3";"6 Rue Alfred BaugÃ©";"47,3825293909";"0,5550344934"
"202100034866";"12";"06";"2021";"19:00";"1";"30";"30223";"1";"9";"1";"1";"Route des Fumades";"44,1778270000";"4,1696680000"
"202100034867";"12";"06";"2021";"12:50";"1";"48";"48104";"1";"1";"1";"6";"D52";"44,6376130000";"3,0625570000"
"202100034868";"13";"06";"2021";"12:10";"1";"48";"48154";"1";"1";"1";"7";"d907bis";"44,2940060000";"3,2368090000"
"202100034869";"12";"06";"2021";"13:55";"1";"08";"08212";"1";"9";"1";"7";"RD 22";"49,8656180000";"4,5430930000"
"202100034870";"12";"06";"2021";"10:45";"1";"88";"88436";"1";"1";"1";"6";"2 La Vouille";"48,3799380000";"7,0830270000"
"202100034871";"12";"06";"2021";"15:43";"1";"88";"88465";"2";"1";"1";"2";"Avenue Armand Lederlin";"48,2531800000";"6,4295230000"
"202100034872";"12";"06";"2021";"12:55";"1";"72";"72124";"1";"1";"1";"6";"Autoroute A28, PK 73 vers TOURS";"47,8149520000";"0,3073650000"
"202100034873";"13";"06";"2021";"04:35";"3";"31";"31117";"1";"1";"1";"6";"Autoroute A 68 - PK 008+000";"43,6683220000";"1,5568180000"
"202100034874";"13";"06";"2021";"01:15";"3";"31";"31117";"1";"1";"1";"6";"Autoroute A 68 - PK 009+400";"43,6808770000";"1,5610670000"
"202100034875";"12";"06";"2021";"09:30";"1";"33";"33122";"2";"9";"1";"3";"Chemin de lâOsier";"44,7799770000";" -0,6875680000"
"202100034876";"12";"06";"2021";"22:15";"5";"33";"33229";"2";"1";"1";"6";"Chemin du Breton";"44,7087050000";" -1,0438620000"
"202100034877";"11";"06";"2021";"18:35";"3";"987";"98725";"2";"1";"1";"1";"RT2 OROFARA pointe tapahi";" -17,5068980543";" -149,4940464199"
"202100034878";"13";"06";"2021";"16:30";"1";"986";"98613";"1";"1";"3";"1";"Falaleu - RT 1";" -13,2999060000";" -176,2171140000"
"202100034879";"11";"06";"2021";"22:15";"3";"973";"97304";"2";"1";"2";"1";"Rue du Stade";"5,1610810000";" -52,6449130000"
"202100034880";"12";"06";"2021";"10:40";"1";"971";"97111";"2";"1";"1";"6";"Boulevard des Poissonniers";"16,3060170000";" -61,7945930000"
"202100034881";"11";"06";"2021";"22:30";"5";"972";"97230";"2";"1";"1";"3";"Rue Casimir Branglidor";"14,7384560000";" -60,9626570000"
"202100034882";"12";"06";"2021";"15:05";"1";"37";"37131";"2";"1";"1";"6";"42 rue de poce sur Cisse";"47,4534640177";"1,0270437612"
"202100034883";"12";"06";"2021";"10:25";"1";"95";"95011";"2";"7";"1";"6";"RD 86";"49,1507217920";"1,6969692707"
"202100034884";"12";"06";"2021";"21:30";"2";"95";"95024";"1";"6";"1";"6";"RD 983";"49,0914050000";"1,7953630000"
"202100034885";"7";"06";"2021";"08:00";"1";"84";"84092";"2";"1";"1";"3";"Avenue de Saint Tronquet";"43,9822080000";"4,8821460000"
"202100034886";"12";"06";"2021";"18:20";"1";"83";"83037";"1";"1";"1";"3";"Route de la Roquebrussanne";"43,3971720000";"6,0314810000"
"202100034887";"13";"06";"2021";"09:00";"1";"06";"06043";"2";"1";"1";"7";"2168 Route du Plan de Linea";"43,8659900000";"7,3039020000"
"202100034888";"13";"06";"2021";"16:20";"1";"05";"05119";"1";"4";"1";"3";"Le Plan de Phazy";"44,6600300000";"6,6038780000"
"202100034889";"12";"06";"2021";"17:15";"1";"04";"04096";"1";"1";"1";"7";"Route de la Bonette";"44,3686550000";"6,7870190000"
"202100034890";"12";"06";"2021";"16:05";"1";"68";"68171";"1";"1";"1";"7";"D27";"47,9423940000";"6,9709430000"
"202100034891";"13";"06";"2021";"17:00";"1";"68";"68298";"1";"1";"1";"3";"D48";"48,2005950000";"7,1217750000"
"202100034892";"12";"06";"2021";"17:00";"1";"67";"67067";"2";"1";"1";"6";"6 Rue Jacques KablÃ©";"48,7306410000";"7,7090440000"
"202100034893";"13";"06";"2021";"15:30";"1";"42";"42174";"2";"4";"1";"3";"Rue de la Mairie";"45,7275880000";"4,1626300000"
"202100034894";"11";"06";"2021";"17:25";"1";"42";"42147";"2";"4";"1";"1";"Rue des CarriÃ¨res";"45,5902200000";"4,0725480000"
"202100034895";"12";"06";"2021";"10:45";"1";"26";"26347";"2";"1";"1";"5";"52 Av Vercors et de la Resistance";"45,0708690000";"4,8567670000"
"202100034896";"13";"06";"2021";"16:45";"1";"01";"01049";"2";"9";"1";"3";"1571 Route Nationale";"45,8429480000";"5,0282990000"
"202100034897";"11";"06";"2021";"17:55";"1";"69";"69175";"1";"1";"1";"6";"PINSONS (DES) (ALL)";"45,8240450000";"4,5950160000"
"202100034898";"13";"06";"2021";"12:40";"1";"31";"31417";"1";"1";"1";"1";"Route de Mondonville";"43,6301480000";"1,2827530000"
"202100034899";"12";"06";"2021";"20:37";"1";"17";"17219";"2";"2";"1";"2";"D728";"45,8293970000";" -1,0980110000"
"202100034900";"12";"06";"2021";"16:30";"1";"64";"64430";"2";"1";"7";"5";"290 Avenue de Magret";"43,4796000000";" -0,7800240000"
"202100034901";"12";"06";"2021";"17:09";"1";"33";"33504";"1";"1";"7";"6";"Ruisseau de Piquant";"44,5361006507";" -0,3539803967"
"202100034902";"12";"06";"2021";"18:30";"1";"85";"85222";"2";"3";"1";"3";"Boulevard des OcÃ©anides";"46,6868220000";" -1,9347950000"