"Num_Acc";"jour";"mois";"an";"hrmn";"lum";"dep";"com";"agg";"int";"atm";"col";"adr";"lat";"long"
"202100034903";"12";"06";"2021";"20:25";"2";"59";"59190";"1";"3";"1";"7";"chemin communal C1 - ROUTE DE BOUSSOIS";"50,3001620000";"4,0252340000"
"202100034904";"11";"06";"2021";"22:50";"5";"13";"13055";"1";"1";"1";"5";"A507 sens Aubagne- Marseille";"43,3248210000";"5,4224020000"
"202100034905";"11";"06";"2021";"17:50";"1";"13";"13070";"1";"1";"1";"2";"A50-Sens Aubagne vers Marseille";"43,2857300000";"5,5135000000"
"202100034906";"12";"06";"2021";"00:20";"3";"91";"91363";"1";"1";"1";"3";"RN 104";"48,6641000000";"2,1894350000"
"202100034907";"12";"06";"2021";"19:00";"1";"93";"93053";"1";"1";"1";"5";"AUTOROUTE A3";"48,8823600000";"2,4567200000"
"202100034908";"12";"06";"2021";"06:50";"1";"95";"95365";"1";"1";"5";"5";"RN 104";"49,0669100000";"2,4012200000"
"202100034909";"12";"06";"2021";"01:00";"3";"95";"95018";"1";"1";"1";"6";" A15";"48,9611806549";"2,2694420562"
"202100034910";"11";"06";"2021";"17:00";"1";"93";"93013";"1";"1";"1";"4";"AUTOROUTE A1";"48,9402400000";"2,4236200000"
"202100034911";"11";"06";"2021";"19:40";"1";"93";"93008";"1";"1";"1";"3";"AUTOROUTE A86";"48,9061000000";"2,4601300000"
"202100034912";"11";"06";"2021";"17:40";"1";"93";"93027";"1";"1";"1";"2";"AUTOROUTE A86";"48,9281700000";"2,4123700000"
"202100034913";"11";"06";"2021";"11:20";"1";"93";"93053";"1";"1";"1";"3";"AUTOROUTE A3";"48,8950200000";"2,4713400000"
"202100034914";"12";"06";"2021";"15:00";"1";"94";"94022";"1";"1";"1";"6";"A86 EXT";"48,7761000000";"2,4246900000"
"202100034915";"11";"06";"2021";"19:45";"1";"94";"94017";"1";"1";"1";"2";"A4";"48,8267840801";"2,5141683324"
"202100034916";"11";"06";"2021";"17:45";"1";"94";"94073";"1";"1";"1";"2";"A86 INT";"48,7542436863";"2,3810453254"
"202100034917";"10";"06";"2021";"20:16";"1";"31";"31555";"2";"2";"1";"3";"EISENHOWER (AVENUE DU GENERAL)";"43,5679700000";"1,3768900000"
"202100034918";"11";"06";"2021";"09:25";"1";"92";"92072";"2";"3";"7";"6";"VILLE D'AVRAY (RUE DE )";"48,8259436277";"2,2002455592"
"202100034919";"23";"02";"2021";"12:34";"1";"87";"87085";"2";"1";"1";"6";"LECLERC (AVENUE DU GENERAL)";"45,8521200000";"1,2653200000"
"202100034920";"10";"06";"2021";"18:07";"5";"988";"98818";"1";"1";"1";"3";"ROUTE EXPRESS DU MONT DORE";" -22,2365000000";"166,4860700000"
"202100034921";"11";"06";"2021";"13:50";"1";"976";"97611";"2";"1";"1";"1";"cavani-Manguiers (les)";" -12,7853300000";"45,2263300000"
"202100034922";"11";"06";"2021";"18:10";"5";"973";"97302";"2";"1";"2";"3";"BADUEL (ROUTE DE)";"4,9284147854";" -52,2938096524"
"202100034923";"11";"06";"2021";"20:15";"2";"69";"69259";"2";"3";"1";"6";"DOCTEUR GEORGES LEVY (DU) (AV)";"45,7194100000";"4,8572400000"
"202100034924";"11";"06";"2021";"17:10";"1";"69";"69383";"2";"2";"1";"3";"FELIX FAURE (AV)";"45,7546587175";"4,8676085472"
"202100034925";"11";"06";"2021";"15:50";"1";"69";"69388";"2";"1";"1";"6";"MARIUS BERLIET (R)";"45,7412200000";"4,8619500000"
"202100034926";"11";"06";"2021";"13:00";"1";"69";"69383";"2";"1";"1";"6";"LAFAYETTE (CR)";"45,7635900000";"4,8584400000"
"202100034927";"11";"06";"2021";"08:40";"1";"69";"69386";"2";"1";"1";"2";"GENERAL SARRAIL (Q)";"45,7672400848";"4,8413094878"
"202100034928";"11";"06";"2021";"09:00";"1";"69";"69383";"2";"2";"1";"6";"CREQUI (DE) (R)";"45,7603400000";"4,8476600000"
"202100034929";"11";"06";"2021";"14:05";"1";"972";"97213";"1";"1";"1";"2";"AUTOROUTE A1";"14,6155300000";" -61,0139300000"
"202100034930";"10";"06";"2021";"12:45";"1";"972";"97213";"1";"1";"1";"7";"DEPARTEMENTALE 28";"14,6325300000";" -60,9628500000"
"202100034931";"11";"06";"2021";"13:30";"1";"69";"69286";"2";"1";"1";"6";"MONT BLANC (DU) (AV)";"45,8128900000";"4,8933200000"
"202100034932";"11";"06";"2021";"09:53";"1";"2B";"2B033";"2";"1";"1";"3";"ROUTE ROYALE";"42,6759100000";"9,4371700000"
"202100034933";"11";"06";"2021";"14:13";"1";"971";"97101";"1";"1";"1";"4";"Bd RenÃ© Serge NABAJOTH";"16,2804531537";" -61,5045247424"
"202100034934";"10";"06";"2021";"11:00";"1";"95";"95323";"2";"2";"1";"3";"ECANCOURT (BOULEVARD D')";"49,0110000000";"2,0501400000"
"202100034935";"11";"06";"2021";"20:10";"1";"91";"91552";"1";"1";"1";"4";"RTE NATIONALE 20";"48,6025400000";"2,2476800000"
"202100034936";"10";"06";"2021";"08:40";"1";"91";"91103";"2";"6";"9";"3";"MARYSE BASTIE (AVENUE)";"48,6027680000";"2,3060400000"
"202100034937";"11";"06";"2021";"18:50";"1";"91";"91645";"2";"1";"1";"3";"FOCH (BOULEVARD DU MARECHAL)";"48,7449600000";"2,2679200000"
"202100034938";"11";"06";"2021";"17:15";"1";"91";"91097";"2";"1";"1";"1";"RUE GEORGES COUBARD";"48,6989000000";"2,5398300000"
"202100034939";"11";"06";"2021";"16:10";"1";"91";"91432";"1";"1";"1";"3";"RD 118";"48,7137940000";"2,3475880000"
"202100034940";"11";"06";"2021";"09:15";"1";"91";"91223";"2";"1";"1";"6";"HAUT PAVE (RUE DU)";"48,4304900000";"2,1485400000"
"202100034941";"10";"06";"2021";"16:00";"1";"91";"91223";"1";"1";"1";"2";"SABLIERE (RUE DE LA)";"48,4496600000";"2,1525960000"
"202100034942";"11";"06";"2021";"08:25";"1";"87";"87075";"1";"1";"1";"1";"D74";"45,7952600000";"1,2017200000"
"202100034943";"9";"06";"2021";"15:01";"1";"87";"87085";"2";"2";"1";"3";"GAMBETTA (BOULEVARD)";"45,8285800000";"1,2561600000"
"202100034944";"11";"06";"2021";"19:10";"1";"86";"86194";"2";"1";"1";"2";"Avenue de Paris";"46,5918350000";"0,3381730000"
"202100034945";"11";"06";"2021";"18:30";"1";"86";"86194";"1";"6";"1";"3";"Rue de lâAÃ©rodrome";"46,5842390000";"0,3149050000"
"202100034946";"11";"06";"2021";"11:55";"1";"83";"83062";"2";"1";"1";"6";"FERRY (RUE ET AVENUE JULES)";"43,1277400000";"6,0165500000"
"202100034947";"11";"06";"2021";"12:00";"1";"83";"83137";"2";"1";"1";"4";"CHARCOT (QUAI JEAN)";"43,1270100000";"5,8985800000"
"202100034948";"11";"06";"2021";"00:53";"5";"83";"83123";"2";"1";"1";"6";"TOULON (ANCIEN CHEMIN DE)";"43,1288600000";"5,8008000000"
"202100034949";"5";"06";"2021";"17:30";"1";"83";"83129";"2";"1";"1";"2";"DE GAULLE (PROMENADE CHARLES)";"43,1116880000";"5,8119640000"
"202100034950";"11";"06";"2021";"21:00";"1";"82";"82121";"2";"1";"1";"6";"CORBARIEU D 21 (ROUTE DE)";"43,9815870000";"1,3559640000"
"202100034951";"9";"06";"2021";"20:53";"1";"80";"80021";"2";"1";"1";"6";"ALPHONSE FIQUET (PLACE)";"49,8910400000";"2,3066300000"
"202100034952";"11";"06";"2021";"12:25";"1";"78";"78551";"1";"2";"1";"3";"RD 308";"48,9394300000";"2,0761300000"
"202100034953";"11";"06";"2021";"15:05";"1";"77";"77326";"2";"1";"1";"6";"D50";"48,5822700000";"2,5542800000"
"202100034954";"11";"06";"2021";"08:05";"1";"76";"76231";"2";"1";"1";"1";"CARNOT. COURS";"49,2870600000";"1,0132700000"
"202100034955";"9";"06";"2021";"23:40";"5";"76";"76351";"1";"1";"1";"3";"AMIRAL MOUCHEZ (BD)";"49,4856500000";"0,1317800000"
"202100034956";"10";"06";"2021";"20:00";"1";"74";"74010";"2";"2";"1";"3";"BARATTES (AVENUE DES)";"45,9058900000";"6,1373600000"
"202100034957";"10";"06";"2021";"14:30";"1";"72";"72181";"2";"1";"1";"3";"MAC JEAN (AV) NÂ° IMP 107 ET plus";"47,9800000000";"0,2220000000"
"202100034958";"11";"06";"2021";"21:00";"1";"71";"71486";"2";"2";"1";"5";"Avenue Waldeck Rochet";"46,6649534000";"4,3681765948"
"202100034959";"10";"06";"2021";"10:00";"1";"71";"71270";"2";"4";"1";"3";"Boulevard Victor Schoelcher";"46,3143390000";"4,8155640000"
"202100034960";"11";"06";"2021";"20:40";"2";"71";"71076";"2";"1";"1";"1";"Avenue de Paris";"46,8059600000";"4,8444600000"
"202100034961";"11";"06";"2021";"17:25";"1";"69";"69282";"2";"1";"7";"5";"VERDUN (DE) (AV)";"45,7825900000";"5,0096600000"
"202100034962";"11";"06";"2021";"12:45";"1";"69";"69266";"2";"7";"7";"3";"MAISONS NEUVES (DES) (PL)";"45,7557849379";"4,8762770178"
"202100034963";"11";"06";"2021";"10:30";"1";"69";"69275";"2";"1";"1";"3";"EMILE ZOLA (R)";"45,7636500000";"4,9433500000"
"202100034964";"8";"06";"2021";"12:10";"1";"69";"69266";"2";"4";"1";"3";"4 AOUT 1789  (R)";"45,7662081957";"4,9016216397"
"202100034965";"10";"06";"2021";"07:50";"1";"69";"69264";"2";"6";"1";"3";"BURDEAU (BD)";"45,9977717848";"4,7339477721"
"202100034966";"11";"06";"2021";"19:15";"1";"68";"68224";"2";"3";"1";"3";"SALENGRO (AVENUE ROGER)";"47,7519700000";"7,3489300000"
"202100034967";"10";"06";"2021";"23:05";"5";"67";"67447";"2";"1";"1";"2";"BISCHWILLER (ROUTE DE)";"48,6020342722";"7,7454029024"
"202100034968";"10";"06";"2021";"23:00";"5";"67";"67447";"2";"3";"1";"3";"RONSARD (RUE)";"48,6109100000";"7,7360100000"
"202100034969";"10";"06";"2021";"08:18";"1";"67";"67482";"2";"3";"1";"3";"MEINAU (ROUTE DE LA)";"48,5531860000";"7,7469960000"
"202100034970";"9";"06";"2021";"17:15";"1";"67";"67482";"2";"1";"1";"3";"RHIN (ROUTE DU)";"48,5735000000";"7,7979000000"
"202100034971";"11";"06";"2021";"07:57";"1";"65";"65440";"2";"9";"1";"3";"ALSACE LORRAINE (AVENUE)";"43,2395940000";"0,0738250000"
"202100034972";"12";"06";"2021";"01:40";"5";"64";"64445";"2";"1";"1";"7";"COMTE DE SAINT-CRICQ DU";"43,3061704448";" -0,3516895575"
"202100034973";"10";"06";"2021";"09:25";"1";"64";"64445";"2";"6";"1";"3";"LAURIERS DES";"43,3017600000";" -0,3446400000"
"202100034974";"11";"06";"2021";"13:30";"1";"64";"64140";"2";"1";"1";"4";"R.N. 10";"43,5257900000";" -1,4641600000"
"202100034975";"11";"06";"2021";"08:50";"1";"64";"64024";"2";"3";"1";"3";"BARRE (PROMENADE DE LA)";"43,4989200000";" -1,5276300000"
"202100034976";"10";"06";"2021";"09:40";"1";"64";"64024";"2";"2";"1";"3";"PLAGES (BOULEVARD DES)";"43,5159800000";" -1,5241500000"
"202100034977";"9";"06";"2021";"19:15";"1";"64";"64024";"2";"1";"1";"3";"BAYONNE (AVENUE DE)";"43,4809200000";" -1,5128300000"
"202100034978";"9";"06";"2021";"17:53";"1";"64";"64102";"2";"1";"1";"3";"BARTHES (CHEMIN DES)";"43,5004700000";" -1,4921800000"
"202100034979";"9";"06";"2021";"11:00";"1";"64";"64024";"2";"6";"1";"3";"MELVILLE LYNCH (ROND POINT)";"43,4681600000";" -1,4975300000"
"202100034980";"9";"06";"2021";"10:00";"1";"64";"64024";"2";"1";"1";"3";"ROUTE DE PITOYS";"43,4637000000";" -1,5128800000"
"202100034981";"9";"06";"2021";"07:40";"2";"64";"64102";"2";"1";"1";"7";"RESPLANDY (AVENUE DU CAPITAINE)";"43,4840100000";" -1,4499700000"
"202100034982";"10";"06";"2021";"16:18";"1";"63";"63113";"2";"1";"1";"6";"BLANZAT (RUE DE)";"45,7860400000";"3,0846600000"
"202100034983";"10";"06";"2021";"23:23";"5";"63";"63032";"2";"1";"1";"2";"ROMAGNAT (RUE DE)";"45,7488400000";"3,0933100000"
"202100034984";"23";"04";"2021";"17:30";"1";"62";"62510";"2";"1";"1";"5";"CD 58";"50,4262230000";"2,7590890000"
"202100034985";"10";"06";"2021";"17:30";"1";"60";"60175";"1";"1";"1";"5";"RN 16_PONT RN 330_PONT ZONE DE VAUX";"49,2634700000";"2,4867400000"
"202100034986";"11";"06";"2021";"19:00";"1";"59";"59599";"2";"1";"1";"6";"RACINE (RUE)";"50,7363852450";"3,1453578483"
"202100034987";"11";"06";"2021";"02:45";"5";"59";"59512";"2";"1";"1";"1";"STRASBOURG (BOULEVARD DE)";"50,6976874819";"3,1859491064"
"202100034988";"11";"06";"2021";"05:20";"1";"59";"59392";"2";"1";"1";"3";"MONS (ROUTE DE)";"50,2937480000";"3,9759350000"
"202100034989";"11";"06";"2021";"13:45";"1";"59";"59220";"2";"3";"1";"3";"HAUBOURDIN RUE D   NÂ°IMPAIR";"50,5987760000";"3,0629270000"
"202100034990";"11";"06";"2021";"13:30";"1";"59";"59356";"2";"1";"1";"1";"MONNET JEAN RUE";"50,6630277633";"2,9859638214"
"202100034991";"10";"06";"2021";"19:25";"1";"56";"56121";"2";"1";"1";"3";"CHOISEUL (AVE. DE)";"47,7530400000";" -3,3541800000"
"202100034992";"10";"06";"2021";"10:55";"1";"56";"56121";"2";"1";"1";"3";"DE GAULLE ( AVE DU GENERAL )";"47,7399500000";" -3,3772100000"
"202100034993";"10";"06";"2021";"15:10";"1";"54";"54395";"2";"1";"1";"2";"ADAM  (RUE SIGISBERT)";"48,6994551388";"6,1811811606"
"202100034994";"9";"06";"2021";"23:35";"5";"54";"54395";"2";"2";"1";"3";"OBERLIN (RUE)";"48,7033308010";"6,1818299443"
"202100034995";"11";"06";"2021";"17:30";"1";"51";"51454";"2";"1";"1";"3";"Rue Robert Sayen";"49,2117800000";"4,0264700000"
"202100034996";"10";"06";"2021";"17:35";"1";"50";"50129";"2";"1";"1";"2";"CESSART (AVENUE DE)";"49,6447300000";" -1,6300000000"
"202100034997";"8";"06";"2021";"09:50";"1";"50";"50602";"2";"2";"1";"3";"WILSON (RUE)";"49,6429800000";" -1,5702500000"
"202100034998";"10";"06";"2021";"15:05";"1";"49";"49328";"2";"1";"1";"3";"FUSILLES (AVENUE DES) N 147";"47,2796900000";" -0,0556000000"
"202100034999";"9";"06";"2021";"18:20";"1";"49";"49328";"2";"1";"1";"1";"GENNES (ROUTE DE) D 751";"47,2779300000";" -0,1163600000"
"202100035000";"11";"06";"2021";"11:40";"1";"49";"49099";"2";"1";"1";"6";"MONTGEOFFROY(SQUARE DE)";"47,0500000000";" -0,8977410000"
"202100035001";"11";"06";"2021";"18:40";"1";"49";"49007";"2";"1";"1";"1";"MIRABEAU";"47,4601273798";" -0,5506159365"
"202100035002";"11";"06";"2021";"18:14";"1";"49";"49267";"2";"1";"1";"7";"A87N";"47,4682000000";" -0,5149900000"
"202100035003";"10";"06";"2021";"19:41";"1";"49";"49007";"2";"1";"1";"3";"GAULLE BOULEVARD CHARLES DE";"47,4696500000";" -0,5615200000"
"202100035004";"11";"06";"2021";"16:45";"1";"45";"45147";"2";"1";"1";"6";"Rue Henri Sellier";"47,9244200000";"1,9189600000"
"202100035005";"11";"06";"2021";"23:20";"5";"44";"44109";"2";"1";"1";"3";"STRASBOURG ( RUE DE )";"47,2164200000";" -1,5516200000"
"202100035006";"11";"06";"2021";"22:17";"5";"42";"42044";"2";"3";"1";"3";"Boulevard dâAuvergne";"45,3936300000";"4,3216000000"
"202100035007";"11";"06";"2021";"10:50";"1";"41";"41269";"2";"1";"1";"7";"ILE DE FRANCE (AVENUE DE L')";"47,8073500000";"1,0500900000"
"202100035008";"10";"06";"2021";"23:35";"5";"38";"38185";"2";"1";"1";"7";"Avenue Paul Cocat";"45,1723100000";"5,7453800000"
"202100035009";"9";"06";"2021";"10:00";"1";"37";"37214";"2";"1";"1";"7";"PORTILLON (QUAI)";"47,4005096959";"0,6802377105"
"202100035010";"9";"06";"2021";"08:00";"1";"37";"37261";"2";"1";"1";"7";"SAINT LAZARE ( AVENUE)";"47,3756096062";"0,6919509172"
"202100035011";"11";"06";"2021";"08:40";"1";"37";"37233";"2";"6";"1";"6";"COURIER (RUE PAUL-LOUIS)";"47,3947469671";"0,7182258368"
"202100035012";"11";"06";"2021";"18:00";"1";"35";"35281";"1";"3";"1";"2";"RD 177";"48,0672900000";" -1,7143000000"
"202100035013";"11";"06";"2021";"17:08";"1";"35";"35051";"1";"1";"1";"2";"NORMANDIE (PORTE DE)";"48,1492800000";" -1,6109900000"
"202100035014";"11";"06";"2021";"15:05";"1";"35";"35238";"2";"2";"1";"5";"ALBERT 1ER (BD)";"48,0889500000";" -1,6747800000"
"202100035015";"11";"06";"2021";"07:45";"1";"35";"35278";"1";"1";"1";"7";"PORTE DE ST MALO";"48,1427800000";" -1,6991200000"
"202100035016";"10";"06";"2021";"19:00";"1";"35";"35238";"2";"6";"1";"3";"KERVILER";"48,1075300000";" -1,7055400000"
"202100035017";"11";"06";"2021";"19:20";"1";"33";"33281";"2";"1";"1";"3";"Avenue FranÃ§ois Mitterrand";"44,8110400000";" -0,7083600000"
"202100035018";"11";"06";"2021";"14:10";"1";"33";"33529";"2";"1";"1";"6";"Rue du Port";"44,6338200000";" -1,1446700000"
"202100035019";"9";"06";"2021";"20:40";"2";"31";"31555";"2";"1";"1";"3";"AV DE RANGUEIL";"43,5743472127";"1,4576638038"
"202100035020";"11";"06";"2021";"09:05";"1";"30";"30028";"2";"1";"1";"6";"EUZEBY (AVENUE ERNEST)";"44,1550200000";"4,6149800000"
"202100035021";"10";"06";"2021";"19:25";"1";"29";"29019";"2";"2";"1";"3";"LOUPPE ALBERT (DE 1 A 69 ET 2 A 62)";"48,4030500000";" -4,4689050000"
"202100035022";"9";"06";"2021";"14:00";"1";"29";"29019";"2";"6";"1";"3";"Rue du Huit Mai 1945";"48,4125000000";" -4,4756000000"
"202100035023";"9";"06";"2021";"05:45";"2";"29";"29019";"2";"6";"1";"3";"Place de Strasbourg";"48,4024500000";" -4,4666000000"
"202100035024";"11";"06";"2021";"14:00";"1";"17";"17306";"2";"1";"1";"6";"GAMBETTA";"45,6218500000";" -1,0310700000"
"202100035025";"9";"06";"2021";"17:13";"1";"17";"17306";"2";"6";"1";"2";"ROCHEFORT (DE)  (AVENUE)";"45,6389100000";" -1,0250900000"
"202100035026";"11";"06";"2021";"08:20";"1";"17";"17300";"2";"1";"1";"2";"COGNEHORS   BOULEVARD DE (1-95))";"46,1684040000";" -1,1436010000"
"202100035027";"9";"06";"2021";"16:39";"1";"13";"13026";"1";"1";"1";"1";"RN 568 CLM";"43,3900800000";"5,1680800000"
"202100035028";"5";"06";"2021";"16:10";"1";"13";"13026";"1";"1";"1";"3";"RN 568 CLM";"43,3924300000";"5,1551800000"
"202100035029";"11";"06";"2021";"17:15";"1";"13";"13209";"2";"1";"1";"1";"COL DE LA GINESTE D559";"43,2466711774";"5,4495412304"
"202100035030";"11";"06";"2021";"17:30";"1";"13";"13215";"2";"1";"1";"3";"SAINT ANTOINE (AVENUE DE)";"43,3630700000";"5,3485900000"
"202100035031";"11";"06";"2021";"11:30";"1";"13";"13205";"2";"1";"1";"3";"SIDI BRAHIM (SQUARE)";"43,2973200000";"5,4001000000"
"202100035032";"11";"06";"2021";"10:45";"1";"13";"13216";"2";"1";"1";"2";"RABELAIS (RUE)";"43,3613400000";"5,3230600000"
"202100035033";"10";"06";"2021";"23:55";"5";"13";"13209";"2";"1";"1";"3";"LÃON LACHAMP (ROUTE)";"43,2490369281";"5,4426097870"
"202100035034";"10";"06";"2021";"22:45";"5";"13";"13207";"2";"1";"1";"3";"CATALANS (RUE DES)";"43,2907500000";"5,3560200000"
"202100035035";"10";"06";"2021";"18:40";"1";"13";"13211";"2";"1";"1";"3";"COMMANDANT DE ROBIEN (RUE)";"43,2888000000";"5,4947800000"
"202100035036";"10";"06";"2021";"17:30";"1";"13";"13210";"2";"1";"1";"3";"CAPELETTE (AVENUE DE LA)";"43,2807157608";"5,4074274394"
"202100035037";"10";"06";"2021";"15:50";"1";"13";"13206";"2";"1";"1";"2";"PARADIS (RUE)";"43,2871900000";"5,3797000000"
"202100035038";"5";"06";"2021";"16:40";"1";"13";"13203";"2";"1";"1";"3";"CRIMEE (RUE DE)";"43,3079100000";"5,3796000000"
"202100035039";"11";"06";"2021";"17:05";"1";"11";"11069";"2";"1";"1";"1";"BRILLAT SAVARIN";"43,2146000000";"2,3239000000"
"202100035040";"11";"06";"2021";"15:10";"1";"11";"11069";"2";"1";"1";"3";"RD 6161 - Rocade Ouest";"43,2021000000";"2,3142000000"
"202100035041";"11";"06";"2021";"19:45";"1";"10";"10321";"2";"1";"1";"2";"GENERAL LECLERC (RUE DU)";"48,2911076050";"4,0323472023"
"202100035042";"10";"06";"2021";"13:20";"1";"07";"07316";"2";"1";"1";"1";"MONTGOLFIERS (AVENENUE DES FRERES)";"44,8980200000";"4,8518500000"
"202100035043";"11";"06";"2021";"22:45";"3";"06";"06069";"2";"1";"1";"6";"MASSEBOEUF (CHEMIN)";"43,6403800000";"6,9660900000"
"202100035044";"11";"06";"2021";"15:10";"1";"06";"06069";"2";"1";"1";"6";"DUVAL (AVENUE MATHIAS)";"43,6541090000";"6,9207250000"
"202100035045";"11";"06";"2021";"08:43";"1";"06";"06069";"1";"6";"1";"2";"PAOUTE (ROUTE ET TRAVERSE DE LA)";"43,6316580000";"6,9574960000"
"202100035046";"11";"06";"2021";"08:30";"1";"06";"06069";"2";"1";"1";"6";"LECLERC (BOULEVARD DU MARECHAL)";"43,6503500000";"6,9204410000"
"202100035047";"10";"06";"2021";"21:25";"2";"01";"01451";"2";"3";"1";"3";"PARIS (ROUTE DE)";"46,2356080000";"5,1976600000"
"202100035048";"11";"06";"2021";"18:30";"1";"75";"75116";"2";"4";"1";"3";"PORTE DAUPHINE";"48,8657670000";"2,2680760000"
"202100035049";"11";"06";"2021";"09:45";"1";"75";"75114";"2";"1";"1";"3";"PORTE DE GENTILLY";"48,8168510000";"2,3362100000"
"202100035050";"10";"06";"2021";"13:45";"1";"75";"75116";"2";"1";"1";"2";"BOULEVARD PERIPHERIQUE";"48,8649780000";"2,2674270000"
"202100035051";"9";"06";"2021";"15:35";"1";"75";"75119";"2";"1";"1";"4";"BOULEVARD PERIPHERIQUE";"48,8909580000";"2,3960330000"
"202100035052";"10";"06";"2021";"15:01";"1";"75";"75115";"2";"2";"1";"3";"BOULEVARD LEFEBVRE";"48,8309150000";"2,2923260000"
"202100035053";"10";"06";"2021";"13:05";"1";"75";"75115";"2";"2";"1";"6";"RUE DUTOT";"48,8386600000";"2,3087690000"
"202100035054";"11";"06";"2021";"09:37";"1";"75";"75105";"2";"2";"1";"3";"BOULEVARD SAINT MICHEL";"48,8416580000";"2,3377920000"
"202100035055";"9";"06";"2021";"22:35";"5";"75";"75105";"2";"3";"1";"1";"RUE MONGE";"48,8444810000";"2,3524270000"
"202100035056";"11";"06";"2021";"09:25";"1";"75";"75119";"2";"3";"1";"2";"RUE DAVID D ANGERS";"48,8824100000";"2,3913030000"
"202100035057";"11";"06";"2021";"09:00";"1";"75";"75119";"2";"4";"1";"1";"RUE DE L OURCQ";"48,8935550000";"2,3760220000"
"202100035058";"11";"06";"2021";"11:00";"1";"75";"75118";"2";"1";"1";"6";"BOULEVARD BARBES";"48,8910050000";"2,3496040000"
"202100035059";"11";"06";"2021";"19:40";"1";"75";"75117";"2";"1";"1";"6";"AVENUE DE VILLIERS";"48,8820200000";"2,3131690000"
"202100035060";"25";"05";"2021";"09:45";"1";"75";"75117";"2";"1";"1";"7";"BOULEVARD DE COURCELLES";"48,8805970000";"2,3104440000"
"202100035061";"11";"06";"2021";"11:30";"1";"75";"75108";"2";"1";"1";"3";"BOULEVARD DE COURCELLES";"48,8806780000";"2,3111940000"
"202100035062";"10";"06";"2021";"11:55";"1";"75";"75116";"2";"2";"1";"3";"AVENUE DE SAINT CLOUD";"48,8625470000";"2,2643320000"
"202100035063";"11";"06";"2021";"08:30";"1";"75";"75115";"2";"3";"1";"6";"RUE DES MORILLONS";"48,8337920000";"2,2978440000"
"202100035064";"11";"06";"2021";"16:45";"1";"75";"75114";"2";"2";"1";"3";"RUE VERCINGETORIX";"48,8343660000";"2,3136120000"
"202100035065";"11";"06";"2021";"15:45";"1";"75";"75114";"2";"1";"1";"3";"BOULEVARD JOURDAN";"48,8216920000";"2,3329270000"
"202100035066";"11";"06";"2021";"20:30";"1";"75";"75113";"2";"1";"1";"3";"AVENUE PIERRE MENDES FRANCE";"48,8412010000";"2,3681470000"
"202100035067";"11";"06";"2021";"15:00";"1";"75";"75109";"2";"1";"1";"6";"RUE DE ROCHECHOUART";"48,8790600000";"2,3455470000"
"202100035068";"11";"06";"2021";"12:40";"1";"75";"75108";"2";"3";"1";"3";"BOULEVARD DES BATIGNOLLES";"48,8816370000";"2,3188340000"
"202100035069";"11";"06";"2021";"10:25";"1";"75";"75108";"2";"1";"1";"3";"AVENUE DE FRIEDLAND";"48,8746510000";"2,3044050000"
"202100035070";"11";"06";"2021";"19:05";"1";"75";"75107";"2";"3";"1";"7";"QUAI D ORSAY";"48,8623870000";"2,3092410000"
"202100035071";"11";"06";"2021";"21:50";"2";"75";"75103";"2";"3";"1";"3";"RUE BEAUBOURG";"48,8647970000";"2,3554400000"
"202100035072";"10";"06";"2021";"12:00";"1";"75";"75101";"2";"1";"1";"2";"QUAI DES TUILERIES";"48,8632210000";"2,3230380000"
"202100035073";"11";"06";"2021";"00:30";"5";"94";"94002";"2";"3";"1";"6";"Rue Emile Zola";"48,7997430000";"2,4260470000"
"202100035074";"10";"06";"2021";"15:05";"1";"94";"94081";"2";"1";"1";"3";"Avenue Rouget de Lisle";"48,7827400000";"2,3938900000"
"202100035075";"10";"06";"2021";"19:10";"1";"94";"94058";"2";"2";"1";"3";"ALSACE LORRAINE (BD D)";"48,8491910000";"2,4960960000"
"202100035076";"11";"06";"2021";"09:27";"1";"94";"94046";"2";"1";"1";"3";"Avenue du GÃ©nÃ©ral de Gaulle";"48,8142740000";"2,4211220000"
"202100035077";"11";"06";"2021";"13:35";"1";"94";"94076";"2";"9";"1";"3";"MAXIME GORKI (BD)";"48,7959700000";"2,3683600000"
"202100035078";"11";"06";"2021";"13:30";"1";"94";"94076";"2";"1";"1";"3";"Avenue de Paris";"48,8006900000";"2,3650800000"
"202100035079";"11";"06";"2021";"20:30";"1";"94";"94028";"2";"6";"1";"3";"POMPADOUR(CARREFOUR)";"48,7741600000";"2,4396400000"
"202100035080";"10";"06";"2021";"16:10";"1";"94";"94011";"2";"6";"1";"3";"GAULLE(CARREFOUR CHARLES DE)";"48,7680500000";"2,4877400000"
"202100035081";"11";"06";"2021";"20:15";"1";"94";"94044";"2";"1";"1";"6";"AQUITAINE (R D)";"48,7473300000";"2,4779800000"
"202100035082";"10";"06";"2021";"16:55";"1";"93";"93072";"2";"1";"7";"6";"MAXIME GORKI (BOULEVARD) DES NÂ°1 AU 87";"48,9550700000";"2,3833200000"
"202100035083";"11";"06";"2021";"18:00";"1";"93";"93039";"2";"1";"1";"3";"SEINE (QUAI DE )";"48,9370600000";"2,3425600000"
"202100035084";"11";"06";"2021";"15:15";"1";"93";"93066";"2";"2";"1";"6";"Boulevard Marcel Sembat / Boulevard Jules Guesde";"48,9340100000";"2,3498200000"
"202100035085";"11";"06";"2021";"16:05";"1";"93";"93066";"2";"1";"1";"6";"Rue Henri Barbusse";"48,9412980000";"2,3719930000"
"202100035086";"11";"06";"2021";"13:20";"1";"93";"93066";"2";"1";"1";"3";"Rue Francis de PressensÃ©";"48,9201120000";"2,3627610000"
"202100035087";"11";"06";"2021";"13:00";"1";"93";"93048";"2";"2";"1";"3";"Avenue Pasteur / Rue des Lilas";"48,8693400000";"2,4324500000"
"202100035088";"10";"06";"2021";"08:30";"1";"93";"93063";"2";"1";"1";"2";"LENINE AVENUE";"48,8830000000";"2,4264000000"