"Num_Acc";"jour";"mois";"an";"hrmn";"lum";"dep";"com";"agg";"int";"atm";"col";"adr";"lat";"long"
"202100035089";"10";"06";"2021";"22:00";"2";"93";"93030";"2";"1";"1";"6";"Avenue du 8 Mai 1945";"48,9491520000";"2,4386420000"
"202100035090";"11";"06";"2021";"19:15";"1";"93";"93047";"2";"1";"1";"1";"Avenue des Coquelicots";"48,8901110000";"2,5530310000"
"202100035091";"11";"06";"2021";"14:15";"1";"93";"93046";"2";"2";"7";"4";"Chemin des Postes / Avenue LÃ©on Blum";"48,9083800000";"2,5336000000"
"202100035092";"10";"06";"2021";"16:00";"1";"92";"92063";"2";"1";"1";"3";"DIX-HUIT JUIN 1940 (AVENUE DU) SUD";"48,8683029318";"2,1909812093"
"202100035093";"11";"06";"2021";"14:55";"1";"92";"92050";"2";"3";"1";"3";"ARAGO FRANCOIS AVENUE";"48,9021860000";"2,2268080000"
"202100035094";"11";"06";"2021";"13:10";"1";"92";"92050";"2";"2";"1";"6";"STALINGRAD RUE DE";"48,8941500000";"2,1958400000"
"202100035095";"11";"06";"2021";"13:12";"1";"92";"92040";"2";"1";"1";"7";"GUYNEMER";"48,8297201958";"2,2770769298"
"202100035096";"11";"06";"2021";"11:10";"1";"92";"92026";"2";"1";"1";"6";"VERDUN (DE 01 A 61)";"48,9003823853";"2,2608147876"
"202100035097";"10";"06";"2021";"07:50";"1";"92";"92024";"2";"2";"1";"6";"GENERAL LECLERC (BD DU) DE (61 A 9)";"48,9024000000";"2,3139000000"
"202100035098";"11";"06";"2021";"03:30";"5";"92";"92024";"2";"1";"1";"6";"GENERAL LECLERC (BD DU) (9 A 59)   (4 A";"48,8997800000";"2,3187200000"
"202100035099";"11";"06";"2021";"12:10";"1";"92";"92007";"2";"2";"1";"3";"MEUNIERS (RUE DES)";"48,7976320253";"2,3095321655"
"202100035100";"11";"06";"2021";"09:15";"1";"47";"47223";"1";"1";"1";"6";"Laborie Neuve";"44,6621940000";"0,7408370000"
"202100035101";"9";"06";"2021";"20:00";"2";"14";"14207";"2";"1";"1";"1";"Rue du BelvÃ©dÃ¨re";"48,9971350000";" -0,4476820000"
"202100035102";"12";"06";"2021";"10:30";"1";"2A";"2A249";"2";"3";"7";"7";"13 Rue du 9 Septembre";"41,6761190000";"8,9054170000"
"202100035103";"11";"06";"2021";"08:45";"1";"38";"38378";"1";"1";"1";"5";"D4";"45,4249870000";"4,7718630000"
"202100035104";"11";"06";"2021";"06:00";"2";"17";"17387";"1";"1";"1";"6";"CD 137";"45,8044370000";" -0,7518120000"
"202100035105";"12";"06";"2021";"03:00";"5";"33";"33373";"2";"1";"1";"7";"N/A";"45,0287130000";"0,0347420000"
"202100035106";"12";"06";"2021";"00:20";"5";"76";"76624";"2";"3";"1";"6";"Rue d Arques";"49,8816250000";"1,2113180000"
"202100035107";"11";"06";"2021";"18:55";"1";"68";"68016";"1";"4";"1";"3";"D18b";"47,9313830000";"7,5233600000"
"202100035108";"11";"06";"2021";"21:32";"2";"01";"01401";"2";"1";"1";"6";"avenue du jura";"46,2504760000";"6,0048220000"
"202100035109";"12";"06";"2021";"13:15";"1";"83";"83019";"1";"1";"1";"6";"Route du Dom PK42";"43,2088251920";"6,4476227760"
"202100035110";"15";"05";"2021";"19:00";"1";"83";"83116";"2";"1";"1";"1";"DN 7";"43,4570346708";"5,8428826725"
"202100035111";"12";"06";"2021";"18:00";"1";"62";"62524";"1";"1";"1";"2";"D52";"50,6498360000";"1,8199880000"
"202100035112";"11";"06";"2021";"19:10";"1";"56";"56094";"1";"1";"1";"1";"Lieu Dit Locadour";"47,7604450000";" -3,2649240000"
"202100035113";"12";"06";"2021";"09:00";"1";"67";"67424";"2";"1";"7";"3";"12 Rue Principale";"48,4051130000";"7,1631920000"
"202100035114";"12";"06";"2021";"01:00";"3";"79";"79321";"1";"1";"1";"6";"Route des Bois Bilazais";"46,9429080000";" -0,1197240000"
"202100035115";"11";"06";"2021";"16:10";"1";"2A";"2A271";"1";"1";"1";"2";"Route territoriale 20";"41,9595340000";"8,8125320000"
"202100035116";"11";"06";"2021";"10:12";"1";"2B";"2B354";"2";"1";"1";"1";"RT 20";"42,1719880000";"9,1710310000"
"202100035117";"12";"06";"2021";"15:25";"1";"82";"82148";"1";"1";"1";"6";"Route de Caussade";"44,2371280000";"1,6076300000"
"202100035118";"11";"06";"2021";"08:00";"1";"32";"32419";"1";"3";"1";"3";"chemin communal ""des landes""";"43,4106730000";"0,4647090000"
"202100035119";"11";"06";"2021";"22:15";"3";"63";"63457";"1";"1";"1";"3";"DÃ©partementale 1";"45,6607884394";"3,2198953826"
"202100035120";"11";"06";"2021";"18:30";"1";"47";"47252";"1";"1";"1";"3";"Rte de Sautoul";"44,4127060000";"0,6023680000"
"202100035121";"11";"06";"2021";"17:50";"1";"41";"41166";"1";"2";"1";"3";"D30";"47,4052660000";"1,3687530000"
"202100035122";"11";"06";"2021";"10:50";"1";"41";"41164";"1";"5";"1";"1";"Rue des Martinieres";"47,2691980000";"1,4406360000"
"202100035123";"11";"06";"2021";"16:25";"1";"34";"34293";"1";"1";"1";"6";"RD 150, PK 16+450";"43,6284730000";"2,7296250000"
"202100035124";"12";"06";"2021";"15:28";"1";"25";"25018";"1";"1";"1";"1";"D456";"47,3899350000";"6,5774220000"
"202100035125";"10";"06";"2021";"19:00";"1";"25";"25112";"2";"9";"1";"6";"D683";"47,2554000000";"6,0695600000"
"202100035126";"12";"06";"2021";"08:30";"1";"44";"44188";"1";"3";"1";"3";"Chemin des Petites Parees";"47,0100500000";" -1,6178550000"
"202100035127";"11";"06";"2021";"23:00";"3";"44";"44206";"2";"1";"1";"2";"Rue du GÃ©nÃ©ral Charette";"46,8998500000";" -1,6782470000"
"202100035128";"12";"06";"2021";"16:15";"1";"31";"31208";"1";"1";"1";"3";"D26";"43,0592620000";"0,8092120000"
"202100035129";"12";"06";"2021";"16:30";"1";"31";"31293";"1";"1";"1";"6";"D63g";"43,7176510000";"1,3871390000"
"202100035130";"12";"06";"2021";"00:45";"3";"38";"38126";"2";"1";"1";"6";"Chemin Charles Pajon";"45,2129540000";"5,7521800000"
"202100035131";"12";"06";"2021";"10:50";"1";"03";"03138";"1";"6";"1";"3";"Rond-point de Bellevue";"46,2466680000";"3,6164170000"
"202100035132";"11";"06";"2021";"19:53";"1";"58";"58219";"1";"1";"1";"6";"L Echalotte";"46,9366530000";"3,8238270000"
"202100035133";"12";"06";"2021";"11:20";"1";"09";"09065";"1";"1";"1";"7";"D46";"42,9035240000";"1,3663920000"
"202100035134";"12";"06";"2021";"17:00";"1";"60";"60471";"1";"2";"1";"1";"D932";"49,6014770000";"3,0116270000"
"202100035135";"5";"06";"2021";"20:55";"1";"45";"45135";"1";"3";"1";"1";"D22";"48,2509870000";"2,0417030000"
"202100035136";"11";"06";"2021";"11:00";"1";"64";"64273";"2";"1";"1";"2";"DÃ©partementale 22";"43,2642610000";" -1,2277970000"
"202100035137";"8";"06";"2021";"13:00";"1";"64";"64279";"1";"1";"9";"6";"D349 PAS DE ROLLAND";"43,3142450550";" -1,4006074252"
"202100035138";"11";"06";"2021";"22:30";"3";"53";"53053";"1";"1";"1";"6";"D237";"48,2776810000";" -0,4018150000"
"202100035139";"12";"06";"2021";"11:57";"1";"21";"21296";"2";"1";"7";"6";"Grande Rue";"47,9872250000";"4,7776200000"
"202100035140";"12";"06";"2021";"17:03";"1";"21";"21053";"1";"1";"1";"3";"D27";"47,4564010000";"5,3530030000"
"202100035141";"11";"06";"2021";"14:00";"1";"40";"40111";"1";"1";"1";"7";"D834";"43,9929070000";" -0,6085820000"
"202100035142";"11";"06";"2021";"15:55";"1";"24";"24396";"2";"3";"1";"3";"route dÃ©partementale 703";"44,8616790000";"1,0393240000"
"202100035143";"11";"06";"2021";"23:53";"3";"04";"04045";"1";"1";"1";"6";"RD 4100";"43,8567220000";"5,6077510000"
"202100035144";"11";"06";"2021";"23:40";"3";"85";"85023";"1";"2";"1";"3";"d7";"46,5392190000";" -1,1577590000"
"202100035145";"8";"06";"2021";"20:50";"1";"27";"27547";"1";"1";"1";"7";"Saint-Germain-la-Campagne";"49,0562010000";"0,3969240000"
"202100035146";"3";"06";"2021";"14:00";"1";"27";"27543";"2";"2";"1";"3";"Route de Louye";"48,7884210000";"1,3614790000"
"202100035147";"12";"06";"2021";"02:05";"3";"28";"28226";"1";"1";"1";"6";"D20";"48,6458330000";"1,1848280000"
"202100035148";"11";"06";"2021";"00:00";"4";"88";"88447";"1";"1";"1";"6";"Route de Morbieux";"47,9438179149";"6,7697688192"
"202100035149";"11";"06";"2021";"17:30";"1";"24";"24538";"1";"1";"1";"7";"D 710";"44,8143430000";"0,9959360000"
"202100035150";"12";"06";"2021";"19:00";"1";"13";"13080";"1";"1";"7";"6";"D561";"43,6580150000";"5,4634020000"
"202100035151";"11";"06";"2021";"22:15";"3";"57";"57227";"1";"1";"1";"6";"A320";"49,1960780000";"6,9338970000"
"202100035152";"12";"06";"2021";"18:25";"1";"33";"33343";"1";"1";"1";"2";"N/A";"44,5794940000";" -0,3312210000"
"202100035153";"12";"06";"2021";"11:00";"1";"988";"98804";"1";"1";"8";"1";"Tribu Haouli";" -21,5329110000";"165,8579780000"
"202100035154";"11";"06";"2021";"20:20";"5";"971";"97116";"2";"3";"1";"1";"Route nationale 5, BosrÃ©don";"16,3103270000";" -61,4876510000"
"202100035155";"11";"06";"2021";"19:45";"3";"971";"97115";"1";"1";"1";"5";"Route nationale 2 entre croisement belle vue d'arras et la Jola";"16,2615090791";" -61,6357684135"
"202100035156";"12";"06";"2021";"06:00";"1";"37";"37126";"1";"1";"1";"7";"N/A";"47,1347157071";"0,1116969594"
"202100035157";"12";"06";"2021";"02:00";"3";"45";"45291";"1";"4";"1";"6";"RD 951";"47,6672510000";"2,6542820000"
"202100035158";"11";"03";"2021";"07:00";"2";"78";"78321";"1";"1";"2";"2";"nationale 12 PK 39.200 sens Paris-Province";"48,7932810000";"1,8879320000"
"202100035159";"11";"06";"2021";"14:10";"1";"2B";"2B303";"2";"3";"1";"1";"T10";"42,2625100000";"9,5480230000"
"202100035160";"11";"06";"2021";"23:15";"3";"2A";"2A247";"1";"3";"1";"1";"Parking";"41,5337680000";"9,2645000000"
"202100035161";"12";"06";"2021";"12:44";"1";"66";"66171";"2";"3";"1";"1";"Rue Jouy D Arnaud";"42,6393340000";"3,0285570000"
"202100035162";"11";"06";"2021";"22:10";"3";"34";"34154";"1";"2";"1";"3";"D112";"43,6311220000";"3,9975620000"
"202100035163";"12";"06";"2021";"13:20";"1";"34";"34145";"2";"1";"1";"6";"45 Boulevard Lafayette";"43,6764627936";"4,1328844428"
"202100035164";"12";"06";"2021";"10:10";"1";"84";"84053";"2";"1";"1";"1";"D941";"44,3972560000";"4,9321750000"
"202100035165";"12";"06";"2021";"18:10";"1";"83";"83047";"2";"1";"1";"2";"1145 Avenue Jean Monnet";"43,1189260000";"6,0680780000"
"202100035166";"1";"06";"2021";"20:05";"1";"06";"06048";"2";"1";"1";"1";"Route de Sclos";"43,8126980000";"7,3419200000"
"202100035167";"11";"06";"2021";"11:33";"1";"54";"54437";"1";"1";"1";"3";"Rue de Flavigny";"48,5517992720";"6,1561363944"
"202100035168";"12";"06";"2021";"13:00";"1";"73";"73186";"1";"1";"1";"6";"D218b";"45,7954420000";"6,5414510000"
"202100035169";"12";"06";"2021";"10:00";"1";"73";"73006";"2";"1";"7";"6";" D990 - 811 Av de la Tarentaise";"45,5555300000";"6,6483750000"
"202100035170";"12";"06";"2021";"19:45";"1";"42";"42272";"1";"1";"7";"1";"Route de ChÃ©zenas";"45,3751722659";"4,7440978512"
"202100035171";"12";"06";"2021";"14:55";"1";"38";"38087";"1";"1";"1";"1";"Route de Seyssuel";"45,5795430000";"4,8426590000"
"202100035172";"11";"06";"2021";"19:25";"1";"26";"26096";"1";"2";"1";"4";"Route de Saint Donat";"45,0737020000";"4,9353670000"
"202100035173";"10";"06";"2021";"17:15";"1";"33";"33080";"2";"3";"1";"3";"Rue des Marguerites";"44,7248870000";" -0,5268450000"
"202100035174";"11";"06";"2021";"18:00";"1";"50";"50444";"1";"1";"1";"2";"Le Mesnil Corbet";"49,0587060000";" -0,9674310000"
"202100035175";"11";"06";"2021";"16:25";"1";"14";"14322";"1";"1";"1";"7";"D67";"49,2534650000";" -0,7098200000"
"202100035176";"11";"06";"2021";"21:00";"2";"29";"29120";"1";"2";"1";"6";"Maison Blanche";"48,2679730000";" -4,4432620000"
"202100035177";"12";"06";"2021";"16:40";"1";"76";"76060";"1";"1";"1";"2";"Rue de l Abbaye";"49,6536000000";"1,4974440000"
"202100035178";"11";"06";"2021";"18:41";"1";"57";"57574";"1";"1";"1";"1";"D62";"49,4813040000";"6,2048350000"
"202100035179";"12";"06";"2021";"09:30";"1";"80";"80383";"1";"1";"1";"7";"Autoroute A1 PK104+400 vers paris";"49,7293270000";"2,7814190000"
"202100035180";"12";"06";"2021";"10:15";"1";"59";"59036";"2";"9";"1";"6";"Rue Vauban";"50,1210491381";"3,9278431219"
"202100035181";"11";"06";"2021";"01:16";"5";"13";"13210";"1";"1";"1";"7";"Tunnel Prado CarÃ©nage";"43,2814700000";"5,3948190000"
"202100035182";"10";"06";"2021";"08:55";"1";"83";"83144";"1";"1";"1";"5";"A57";"43,1339490000";"5,9860980000"
"202100035183";"11";"06";"2021";"13:45";"1";"38";"38087";"1";"1";"1";"2";"A7   20.110 A 22.950";"45,5724200000";"4,8111800000"
"202100035184";"10";"06";"2021";"20:00";"1";"69";"69199";"1";"1";"1";"5";"A7   7.000 A 8.630";"45,6851728294";"4,8467753317"
"202100035185";"10";"06";"2021";"18:20";"1";"69";"69271";"1";"1";"1";"3";"N346   38.000 A 38.960";"45,7278326784";"4,9762701988"
"202100035186";"10";"06";"2021";"08:00";"1";"54";"54115";"1";"1";"1";"4";"Autoroute A 31";"48,6944000000";"6,1052600000"
"202100035187";"11";"06";"2021";"11:05";"1";"33";"33122";"1";"1";"1";"3";"N/A";"44,7461020000";" -0,7013870000"
"202100035188";"11";"06";"2021";"17:25";"1";"91";"91161";"1";"1";"1";"4";"AUTOROUTE A6";"48,6981300000";"2,3141900000"
"202100035189";"11";"06";"2021";"09:15";"1";"91";"91645";"1";"1";"1";"4";"RN 385";"48,7599171513";"2,2634703843"
"202100035190";"11";"06";"2021";"13:25";"1";"75";"75116";"1";"1";"1";"4";"A13W";"48,8499411485";"2,2526282326"
"202100035191";"11";"06";"2021";"13:25";"1";"78";"78297";"1";"1";"1";"5";"RN12";"48,7913670000";"2,0560870000"
"202100035192";"11";"06";"2021";"08:30";"1";"78";"78423";"1";"1";"1";"4";"N12Y";"48,7986540000";"1,9997830000"
"202100035193";"10";"06";"2021";"18:10";"1";"92";"92025";"1";"1";"1";"3";"A86";"48,9344033326";"2,2568908888"
"202100035194";"11";"06";"2021";"21:35";"1";"95";"95277";"1";"1";"1";"7";" A104";"48,9736800000";"2,4857300000"
"202100035195";"11";"06";"2021";"09:00";"1";"93";"93078";"1";"1";"1";"6";"AUTOROUTE A104";"48,9680300000";"2,5095400000"
"202100035196";"11";"06";"2021";"06:40";"1";"93";"93007";"1";"1";"1";"2";"AUTOROUTE A1";"48,9442900000";"2,4371700000"
"202100035197";"10";"06";"2021";"00:00";"3";"95";"95582";"1";"1";"1";"5";" A15";"48,9636900000";"2,2638600000"
"202100035198";"11";"06";"2021";"09:20";"1";"94";"94017";"1";"9";"1";"3";"A4";"48,8303228960";"2,4893496496"
"202100035199";"11";"06";"2021";"07:45";"1";"77";"77146";"1";"1";"1";"3";"RN104";"48,8139923741";"2,6270401260"
"202100035200";"1";"06";"2021";"09:50";"1";"13";"13056";"2";"1";"1";"6";"PORT DE BOUC ROUTE DE";"43,4104800000";"5,0190600000"
"202100035201";"3";"06";"2021";"16:49";"1";"59";"59599";"2";"2";"1";"6";"GUISNES (RUE DE)";"50,7247540000";"3,1698930000"
"202100035202";"10";"06";"2021";"10:30";"1";"44";"44190";"2";"1";"1";"6";"RUE JEAN MERMOZ";"47,1995400000";" -1,5186300000"
"202100035203";"10";"06";"2021";"13:20";"1";"42";"42095";"2";"1";"1";"6";"Boulevard de la Corniche";"45,3786600000";"4,2869600000"
"202100035204";"10";"06";"2021";"10:05";"1";"33";"33529";"2";"6";"1";"6";"N/A";"44,6330300000";" -1,1447800000"
"202100035205";"10";"06";"2021";"20:40";"1";"75";"75118";"2";"1";"1";"6";"RUE EUGENE SUE";"48,8914320000";"2,3479810000"
"202100035206";"10";"06";"2021";"10:45";"1";"95";"95277";"1";"1";"1";"3";"AUTOROUTE A3";"48,9782600000";"2,4949700000"
"202100035207";"10";"06";"2021";"01:38";"5";"76";"76259";"2";"1";"1";"6";"COUTURIER ( RUE GUSTAVE)";"49,7542600000";"0,3883600000"
"202100035208";"10";"06";"2021";"07:50";"1";"988";"98818";"2";"1";"1";"2";"VE1 SENS NORD/SUD";" -22,2565700000";"166,4487000000"
"202100035209";"9";"06";"2021";"12:15";"1";"988";"98818";"2";"1";"1";"2";"PROMENADE PIERRE VERNIER";" -22,2874800000";"166,4575700000"
"202100035210";"9";"06";"2021";"10:20";"1";"974";"97416";"2";"1";"3";"3";"HIPPOLYTE  PIOT (RUE)";" -21,2991000000";"55,4545400000"
"202100035211";"10";"06";"2021";"13:40";"1";"974";"97411";"2";"9";"1";"1";"CHATEL (JEAN)";" -20,8826300000";"55,4515300000"
"202100035212";"10";"06";"2021";"17:15";"1";"973";"97302";"2";"1";"1";"6";"A.HENRI(RUE)";"4,9338300000";" -52,3339000000"
"202100035213";"10";"06";"2021";"22:40";"5";"69";"69388";"2";"2";"1";"3";"ALBERT THOMAS (CR)";"45,7455500000";"4,8712100000"
"202100035214";"10";"06";"2021";"19:00";"1";"69";"69387";"2";"2";"1";"3";"VIENNE (DE) (RTE)";"45,7424642150";"4,8506543040"
"202100035215";"10";"06";"2021";"17:00";"1";"69";"69259";"2";"9";"1";"3";"CHARLES DE GAULLE (AV)";"45,7129300000";"4,8985620000"
"202100035216";"10";"06";"2021";"15:30";"1";"69";"69387";"2";"9";"1";"3";"LECLERC (AV)";"45,7435500000";"4,8296500000"
"202100035217";"10";"06";"2021";"14:45";"1";"69";"69383";"2";"3";"1";"3";"PROFESSEUR PAUL SISLEY (DU) (R)";"45,7512100000";"4,8685900000"
"202100035218";"10";"06";"2021";"20:05";"1";"69";"69382";"2";"7";"1";"1";"BELLECOUR (PL)";"45,7587800000";"4,8309100000"
"202100035219";"9";"06";"2021";"19:15";"1";"69";"69381";"2";"2";"1";"3";"CAPUCINS (DES) (R)";"45,7695200000";"4,8350300000"
"202100035220";"9";"06";"2021";"23:45";"5";"69";"69385";"2";"1";"1";"7";"CHOULANS (DE) (MO)";"45,7544706211";"4,8182195892"
"202100035221";"9";"06";"2021";"10:50";"1";"95";"95428";"2";"1";"1";"6";"Rue de lâEglise";"48,9853410000";"2,3195940000"
"202100035222";"10";"06";"2021";"20:20";"1";"95";"95637";"2";"1";"1";"1";"MENDâ¬S FRANCE (MAIL)";"49,0235340000";"2,0251780000"
"202100035223";"10";"06";"2021";"13:15";"1";"95";"95476";"2";"1";"1";"1";"ChaussÃ©e Jules CÃ©sar";"49,0554319237";"2,0564818382"
"202100035224";"10";"06";"2021";"13:10";"1";"91";"91161";"2";"1";"1";"6";"MAZARIN (AVENUE)";"48,7048300000";"2,3158500000"
"202100035225";"10";"06";"2021";"17:30";"1";"91";"91687";"2";"1";"1";"6";"DUPARCHY (RUE)";"48,6703800000";"2,3655600000"
"202100035226";"10";"06";"2021";"08:50";"1";"91";"91479";"2";"3";"1";"3";"RTE DE FONTAINEBLEAU";"48,7103200000";"2,3712000000"
"202100035227";"10";"06";"2021";"00:55";"5";"91";"91027";"2";"3";"1";"3";"AV FRANCOIS MITTERRAND";"48,7161100000";"2,3709500000"
"202100035228";"9";"06";"2021";"17:43";"1";"88";"88424";"2";"1";"7";"6";"AVENUE DU GENERAL DE GAULLE";"48,2709995596";"6,9727912545"
"202100035229";"9";"06";"2021";"16:10";"1";"87";"87085";"2";"1";"1";"6";"GAMBETTA (BOULEVARD)";"45,8274600000";"1,2592500000"
"202100035230";"9";"06";"2021";"20:08";"1";"87";"87085";"2";"2";"1";"3";"GARIBALDI (AVENUE)";"45,8351900000";"1,2605100000"
"202100035231";"8";"06";"2021";"17:55";"1";"87";"87085";"1";"2";"1";"2";"GROSSEREIX (ROND POINT DE)";"45,8936600000";"1,2935800000"
"202100035232";"8";"06";"2021";"19:13";"1";"87";"87085";"2";"1";"1";"6";"BRACHAUD (AVENUE DE)";"45,8763400000";"1,2875200000"
"202100035233";"9";"06";"2021";"12:15";"1";"86";"86194";"2";"1";"7";"1";"Rue de la Gibauderie";"46,5487300000";"0,3911600000"
"202100035234";"9";"06";"2021";"11:40";"1";"84";"84007";"2";"1";"1";"7";"TARASCON ( Avenue de)";"43,9273412000";"4,8094444000"
"202100035235";"10";"06";"2021";"16:45";"1";"83";"83137";"2";"1";"1";"6";"15EME CORPS (AVE DU)";"43,1281400000";"5,9084600000"
"202100035236";"9";"06";"2021";"16:20";"1";"83";"83129";"2";"1";"1";"3";"BOUILIBAYE (CHE DE)";"43,0919130000";"5,8355200000"
"202100035237";"9";"06";"2021";"17:45";"1";"83";"83069";"2";"1";"1";"2";"RITORTE (CHEMIN DE LA)";"43,1252000000";"6,1411410000"
"202100035238";"9";"06";"2021";"18:00";"1";"79";"79191";"2";"6";"1";"3";"Rue de Ribray";"46,3230600000";" -0,4674100000"
"202100035239";"10";"06";"2021";"15:30";"1";"78";"78311";"2";"1";"1";"6";"HENRI BARBUSSE (BOULEVARD) 44-174";"48,9329800000";"2,1806200000"
"202100035240";"28";"05";"2021";"18:50";"1";"78";"78354";"2";"1";"1";"6";"AVENUE DE L EUROPE";"48,9705330000";"1,6855640000"
"202100035241";"9";"06";"2021";"17:45";"1";"76";"76351";"2";"1";"1";"2";"LENINGRAD (BD DE)";"49,5002000000";"0,1708800000"
"202100035242";"10";"06";"2021";"17:45";"1";"74";"74012";"2";"1";"1";"3";"TOURNELLES (RUE DES)";"46,1972900000";"6,2426500000"
"202100035243";"18";"05";"2021";"08:00";"1";"73";"73065";"1";"1";"1";"2";"N201 VRU";"45,5701600000";"5,9389000000"
"202100035244";"9";"06";"2021";"16:20";"1";"72";"72003";"2";"1";"1";"6";"ARGENTON (RUE D')";"47,9650000000";"0,1536000000"
"202100035245";"10";"06";"2021";"18:25";"1";"69";"69266";"2";"1";"1";"7";"ANTONIN PERRIN  (R)";"45,7572800000";"4,8852400000"
"202100035246";"10";"06";"2021";"18:50";"1";"69";"69266";"2";"3";"7";"1";"EMILE ZOLA (CR)";"45,7691844140";"4,8814272881"
"202100035247";"9";"06";"2021";"07:30";"1";"69";"69266";"2";"1";"1";"6";"D383";"45,7531800000";"4,9082800000"
"202100035248";"9";"06";"2021";"20:40";"1";"64";"64102";"2";"6";"1";"3";"rond point du Cadran";"43,4835700000";" -1,5019900000"
"202100035249";"10";"06";"2021";"09:18";"1";"63";"63113";"2";"1";"1";"2";"JAURES (BD JEAN)";"45,7678400000";"3,0819100000"
"202100035250";"9";"06";"2021";"16:20";"1";"63";"63032";"2";"1";"1";"2";"Romagnat (Route de)";"45,7483460677";"3,0935311695"
"202100035251";"6";"05";"2021";"19:30";"2";"62";"62065";"2";"3";"8";"3";"HELLE CHARLES";"50,4010420000";"2,8369310000"
"202100035252";"10";"06";"2021";"00:30";"5";"59";"59392";"2";"1";"1";"6";"CHARLES DE GAULLE (BOULEVARD)";"50,2823900000";"3,9792600000"
"202100035253";"10";"06";"2021";"17:00";"1";"59";"59378";"2";"1";"1";"6";"DELATTRE DE TASSIGNY AV DU MAL";"50,6719100000";"3,0913500000"
"202100035254";"9";"06";"2021";"10:47";"1";"56";"56260";"2";"6";"1";"3";"CLISCOUET (GIRATOIRE)";"47,6399200000";" -2,7693000000"
"202100035255";"10";"06";"2021";"02:40";"5";"56";"56107";"2";"6";"1";"6";"D29";"47,7176900000";" -3,3837900000"
"202100035256";"9";"06";"2021";"09:35";"1";"54";"54184";"1";"2";"1";"3";"SOIXANTE NEUVIEME R.I. (AVENUE DU)";"48,7122736653";"6,2482729554"
"202100035257";"9";"06";"2021";"09:15";"1";"54";"54261";"2";"1";"1";"6";"21 rue Blanche de Castille";"49,5170000000";"5,7757000000"
"202100035258";"9";"06";"2021";"19:14";"1";"49";"49246";"2";"1";"1";"3";"SAINT JEAN DE LA CROIX LEVEE";"47,4173832662";" -0,5431301976"
"202100035259";"9";"06";"2021";"18:37";"1";"49";"49007";"2";"1";"1";"2";"MONTESQUIEU PASSAGE";"47,4723700000";" -0,5844900000"
"202100035260";"9";"06";"2021";"13:30";"1";"44";"44109";"2";"1";"1";"3";"BOULEVARD MARTIN LUTHER KING";"47,2595400000";" -1,5573600000"
"202100035261";"9";"06";"2021";"21:30";"2";"37";"37122";"2";"1";"1";"7";"VAUX (ROUTE DES)";"47,3454729838";"0,6484669447"
"202100035262";"9";"06";"2021";"19:45";"1";"37";"37261";"2";"1";"1";"6";"GRAMMONT (AVENUE DE)";"47,3873100000";"0,6900200000"
"202100035263";"9";"06";"2021";"15:30";"1";"37";"37261";"2";"2";"1";"6";"EUROPE (AVENUE DE L')";"47,4229082677";"0,6857040524"
"202100035264";"9";"06";"2021";"13:29";"1";"37";"37233";"2";"2";"1";"6";"JAURES (RUE JEAN)";"47,3899750814";"0,7259827852"
"202100035265";"10";"06";"2021";"02:30";"5";"34";"34172";"2";"2";"1";"3";"JUSTICE DE CASTELNAU (AVENUE DE LA)";"43,6268000000";"3,8896000000"
"202100035266";"9";"06";"2021";"18:15";"1";"34";"34172";"2";"1";"1";"4";"MENDES FRANCE (AVENUE PRESIDENT PIERRE";"43,6075000000";"3,9236700000"
"202100035267";"10";"06";"2021";"10:25";"1";"34";"34003";"2";"1";"1";"6";"CONTREBANDIERS (AVENUE DES)";"43,2902320000";"3,5127100000"
"202100035268";"9";"06";"2021";"21:00";"2";"33";"33249";"2";"6";"1";"3";"Avenue de Paris";"44,8796400000";" -0,5115400000"
"202100035269";"10";"06";"2021";"22:30";"5";"33";"33063";"2";"1";"1";"6";"Rue Pasteur";"44,8465800000";" -0,6301500000"
"202100035270";"10";"06";"2021";"15:00";"1";"33";"33162";"2";"3";"1";"3";"Avenue Jean Mermoz";"44,8697200000";" -0,6623900000"
"202100035271";"10";"06";"2021";"08:40";"1";"33";"33281";"2";"2";"1";"6";"Avenue dâArÃ¨s";"44,8386300000";" -0,6187400000"
"202100035272";"10";"06";"2021";"15:00";"1";"33";"33009";"2";"1";"1";"6";"AllÃ©e Charles-Marie Leconte de Lisle";"44,6482900000";" -1,1797900000"
"202100035273";"9";"06";"2021";"18:25";"1";"31";"31555";"2";"1";"1";"3";"EISENHOWER (AVENUE DU GENERAL)";"43,5599400000";"1,3948800000"
"202100035274";"10";"06";"2021";"12:30";"1";"30";"30028";"2";"1";"1";"6";"MAIL (AVENUE DU)";"44,1666700000";"4,6166700000"
"202100035275";"8";"06";"2021";"07:08";"1";"29";"29019";"2";"1";"1";"3";"Rue Alain Colas";"48,3908700000";" -4,4446600000"
"202100035276";"9";"06";"2021";"12:15";"1";"29";"29019";"2";"7";"8";"3";"Place de la LibertÃ©";"48,3902000000";" -4,4856000000"
"202100035277";"10";"06";"2021";"18:23";"1";"28";"28085";"2";"1";"1";"3";"CONTE (AVENUE NICOLAS)";"48,4559700000";"1,5424600000"
"202100035278";"5";"06";"2021";"16:35";"1";"28";"28110";"1";"1";"1";"3";"ROUTE NATIONALE 123";"48,4261300000";"1,5141200000"