"Num_Acc";"jour";"mois";"an";"hrmn";"lum";"dep";"com";"agg";"int";"atm";"col";"adr";"lat";"long"
"202100035279";"10";"06";"2021";"14:25";"1";"26";"26362";"2";"3";"1";"3";"35 Rue Guiseppe Verdi";"44,9297470000";"4,9210440000"
"202100035280";"9";"06";"2021";"13:10";"1";"19";"19272";"2";"1";"1";"6";"La Lunade (Bd)";"45,2653072943";"1,7817109673"
"202100035281";"9";"06";"2021";"12:20";"1";"17";"17461";"2";"2";"1";"1";"DE GAULLE (BOULEVARD DU GAL)";"45,6478820000";" -1,0612690000"
"202100035282";"10";"06";"2021";"20:06";"1";"17";"17300";"2";"1";"1";"6";"LECLERC   AVENUE DU GENERAL";"46,1629240000";" -1,1632980000"
"202100035283";"9";"06";"2021";"17:10";"1";"13";"13039";"1";"1";"7";"1";"ROUTE NATIONALE 569";"43,4804900000";"4,9599500000"
"202100035284";"10";"06";"2021";"21:40";"2";"13";"13210";"2";"1";"1";"2";"JEAN MOULIN (BOULEVARD)";"43,2865300000";"5,3995700000"
"202100035285";"10";"06";"2021";"20:29";"1";"13";"13211";"2";"1";"1";"3";"SAINT LOUP (BOULEVARD DE)";"43,2836405304";"5,4345423155"
"202100035286";"10";"06";"2021";"21:25";"5";"13";"13209";"2";"1";"1";"2";"MARÃCHAL DE LATTRE (AVENUE)";"43,2505600000";"5,4037800000"
"202100035287";"9";"06";"2021";"19:15";"1";"13";"13213";"2";"1";"1";"5";"CROIX ROUGE (AVENUE)";"43,3311000000";"5,4320300000"
"202100035288";"10";"06";"2021";"10:45";"1";"13";"13213";"2";"1";"1";"3";"LÃON D' ASTROS (RUE)";"43,3337800000";"5,4363600000"
"202100035289";"10";"06";"2021";"11:00";"1";"13";"13208";"2";"6";"1";"3";"PIERRE GUERRE (ROND-POINT)";"43,2505040214";"5,3891343981"
"202100035290";"10";"06";"2021";"07:45";"1";"13";"13208";"2";"3";"1";"3";"ROUET (RUE DU)";"43,2761411456";"5,3949921909"
"202100035291";"10";"06";"2021";"18:05";"1";"11";"11069";"2";"1";"1";"1";"MONTREAL -ROUTE DE -";"43,2124000000";"2,3137000000"
"202100035292";"9";"06";"2021";"09:35";"1";"10";"10333";"2";"2";"1";"3";"AUXERRE (ROUTE)";"48,2768520000";"4,0634050000"
"202100035293";"8";"06";"2021";"12:30";"1";"07";"07281";"2";"1";"1";"6";"N/A";"44,9399100000";"4,8579200000"
"202100035294";"10";"06";"2021";"10:10";"1";"06";"06088";"2";"1";"1";"6";"PELLOS (R. FRANCOIS)";"43,7106100000";"7,2648400000"
"202100035295";"10";"06";"2021";"18:50";"1";"06";"06069";"2";"1";"1";"3";"ZOLA (BOULEVARD EMILE)";"43,6531240000";"6,9181710000"
"202100035296";"10";"06";"2021";"13:30";"1";"06";"06069";"2";"1";"1";"6";"PROVENCE (AVENUE DE)";"43,6553310000";"6,9228250000"
"202100035297";"9";"06";"2021";"18:00";"1";"06";"06069";"2";"9";"1";"2";"ROUQUIER (BOULEVARD EMMANUEL)";"43,6377830000";"6,9412030000"
"202100035298";"10";"06";"2021";"14:10";"1";"06";"06027";"2";"9";"1";"6";"NICE AVENUE DE (RN7)";"43,6637300000";"7,1488200000"
"202100035299";"3";"06";"2021";"18:48";"1";"03";"03095";"2";"6";"1";"3";"Boulevard du Bicentenaire";"46,1409700000";"3,4447500000"
"202100035300";"10";"06";"2021";"19:20";"1";"75";"75120";"2";"1";"1";"3";"RUE D AVRON";"48,8519920000";"2,4021340000"
"202100035301";"10";"06";"2021";"14:20";"1";"75";"75120";"2";"1";"1";"6";"RUE DE BAGNOLET";"48,8633560000";"2,4073400000"
"202100035302";"10";"06";"2021";"07:35";"1";"75";"75120";"2";"2";"1";"3";"RUE DU COMMANDANT L HERMINIER";"48,8467100000";"2,4158660000"
"202100035303";"10";"06";"2021";"15:35";"1";"75";"75119";"2";"3";"1";"3";"RUE CURIAL";"48,8920660000";"2,3725680000"
"202100035304";"10";"06";"2021";"09:14";"1";"75";"75119";"2";"2";"1";"3";"RUE DE MEAUX";"48,8812590000";"2,3732510000"
"202100035305";"9";"06";"2021";"15:27";"1";"75";"75118";"2";"2";"1";"3";"BOULEVARD NEY";"48,8975320000";"2,3289490000"
"202100035306";"10";"06";"2021";"10:55";"1";"75";"75117";"2";"1";"1";"6";"AVENUE DE LA GRANDE ARMEE";"48,8747150000";"2,2920980000"
"202100035307";"10";"06";"2021";"17:20";"1";"75";"75116";"2";"1";"1";"6";"AVENUE DE MALAKOFF";"48,8754878239";"2,2838689687"
"202100035308";"10";"06";"2021";"14:50";"1";"75";"75116";"2";"4";"1";"3";"AVENUE MARCEAU";"48,8685480000";"2,2989280000"
"202100035309";"9";"06";"2021";"20:15";"1";"75";"75116";"2";"3";"1";"1";"AVENUE VICTOR HUGO";"48,8708090000";"2,2880740000"
"202100035310";"9";"06";"2021";"11:00";"1";"75";"75116";"2";"1";"1";"2";"ROUTE DES TRIBUNES";"48,8575930000";"2,2286510000"
"202100035311";"10";"06";"2021";"21:30";"2";"75";"75115";"2";"1";"1";"7";"QUAI ANDRE CITROEN";"48,8436510000";"2,2746000000"
"202100035312";"10";"06";"2021";"19:30";"1";"75";"75115";"2";"1";"1";"6";"RUE CAMBRONNE";"48,8458460000";"2,3019800000"
"202100035313";"10";"06";"2021";"09:40";"1";"75";"75115";"2";"1";"1";"6";"AVENUE EMILE ZOLA";"48,8470180000";"2,2952390000"
"202100035314";"9";"06";"2021";"13:15";"1";"75";"75114";"2";"1";"1";"6";"BOULEVARD SAINT JACQUES";"48,8329040000";"2,3364740000"
"202100035315";"10";"06";"2021";"18:15";"1";"75";"75113";"2";"3";"1";"2";"AVENUE DE CHOISY";"48,8272620000";"2,3590870000"
"202100035316";"10";"06";"2021";"11:25";"1";"75";"75113";"2";"1";"1";"6";"RUE DU DOCTEUR BOURNEVILLE";"48,8184910000";"2,3585040000"
"202100035317";"10";"06";"2021";"20:55";"1";"75";"75112";"2";"1";"1";"6";"AVENUE DE SAINT MAURICE";"48,8253040000";"2,4199790000"
"202100035318";"10";"06";"2021";"20:40";"1";"75";"75112";"2";"1";"1";"3";"ROUTE SAINT HUBERT";"48,8273070000";"2,4499190000"
"202100035319";"9";"06";"2021";"11:25";"1";"75";"75112";"2";"2";"1";"3";"RUE DE CHARENTON";"48,8373070000";"2,3912300000"
"202100035320";"10";"06";"2021";"20:28";"2";"75";"75110";"2";"2";"1";"3";"RUE DE CHABROL";"48,8773590000";"2,3496320000"
"202100035321";"10";"06";"2021";"18:25";"1";"75";"75110";"2";"2";"1";"6";"PLACE DE LA BATAILLE DE STALINGRAD";"48,8838610000";"2,3685630000"
"202100035322";"10";"06";"2021";"13:45";"1";"75";"75110";"2";"1";"1";"3";"RUE BICHAT";"48,8710520000";"2,3683450000"
"202100035323";"10";"06";"2021";"09:25";"1";"75";"75110";"2";"2";"1";"3";"RUE DE ROCROY";"48,8808070000";"2,3511750000"
"202100035324";"10";"06";"2021";"13:52";"1";"75";"75107";"2";"1";"1";"4";"PONT ALEXANDRE III";"48,8633290000";"2,3134980000"
"202100035325";"10";"06";"2021";"09:49";"1";"75";"75108";"2";"1";"1";"3";"COURS ALBERT 1ER";"48,8642670000";"2,3030350000"
"202100035326";"9";"06";"2021";"23:40";"5";"75";"75108";"2";"1";"1";"2";"BOULEVARD HAUSSMANN";"48,8745670000";"2,3212140000"
"202100035327";"9";"06";"2021";"23:40";"5";"75";"75108";"2";"7";"1";"3";"PLACE DE LA CONCORDE";"48,8667950000";"2,3220740000"
"202100035328";"9";"06";"2021";"23:33";"5";"75";"75108";"2";"2";"1";"3";"BOULEVARD DES BATIGNOLLES";"48,8822200000";"2,3203890000"
"202100035329";"10";"06";"2021";"15:30";"1";"75";"75104";"2";"1";"1";"7";"RUE SAINT ANTOINE";"48,8538290000";"2,3651860000"
"202100035330";"10";"06";"2021";"10:50";"1";"75";"75102";"2";"5";"1";"1";"RUE DE CLERY";"48,8673480000";"2,3440040000"
"202100035331";"9";"06";"2021";"18:00";"1";"75";"75104";"2";"2";"1";"3";"RUE DU PONT LOUIS PHILIPPE";"48,8558170000";"2,3563600000"
"202100035332";"9";"06";"2021";"11:30";"1";"94";"94081";"2";"1";"1";"3";"JULES GUESDE (QU)";"48,8000000000";"2,4100000000"
"202100035333";"10";"06";"2021";"11:20";"1";"94";"94078";"2";"1";"1";"6";"HENRI JANIN (R)";"48,7301700000";"2,4483800000"
"202100035334";"9";"06";"2021";"18:12";"1";"94";"94068";"2";"9";"1";"1";"Rue du Pont de CrÃ©teil";"48,8072500000";"2,4712900000"
"202100035335";"9";"06";"2021";"11:00";"1";"94";"94068";"2";"9";"1";"6";"GARIBALDI (R)";"48,7980800000";"2,4802500000"
"202100035336";"10";"06";"2021";"16:50";"1";"94";"94033";"2";"2";"1";"1";"Avenue de Stalingrad";"48,8532200000";"2,4485100000"
"202100035337";"10";"06";"2021";"10:00";"1";"94";"94028";"2";"6";"1";"3";"Carrefour Pompadour";"48,7747100000";"2,4439170000"
"202100035338";"9";"06";"2021";"10:30";"1";"94";"94022";"2";"1";"1";"6";"Rue de la Paix";"48,7662900000";"2,4210900000"
"202100035339";"10";"06";"2021";"14:15";"1";"93";"93071";"2";"1";"1";"6";"Allee des Iris";"48,9466410000";"2,5364460000"
"202100035340";"9";"06";"2021";"23:25";"5";"93";"93005";"2";"2";"1";"3";"MITRY [CD115] (ROUTE DE)";"48,9494600000";"2,5196000000"
"202100035341";"10";"06";"2021";"11:25";"1";"93";"93066";"2";"1";"1";"6";"21-52 Rue Danielle Casanova";"48,9289530000";"2,3623130000"
"202100035342";"9";"06";"2021";"17:05";"1";"93";"93066";"2";"1";"1";"2";"10-20 Avenue Jean Moulin";"48,9414180000";"2,3646790000"
"202100035343";"10";"06";"2021";"12:30";"1";"93";"93048";"2";"1";"1";"3";"HENRI BARBUSSE (BOULEVARD)";"48,8648300000";"2,4437400000"
"202100035344";"9";"06";"2021";"18:15";"1";"93";"93055";"2";"2";"1";"3";"HONORE";"48,8891125009";"2,4066442251"
"202100035345";"9";"06";"2021";"15:19";"1";"93";"93032";"2";"3";"1";"3";"ARISTIDE BRIAND (RUE)";"48,8794630000";"2,5338050000"
"202100035346";"10";"06";"2021";"19:15";"1";"93";"93027";"2";"1";"1";"3";"Avenue Paul Vaillant Couturier";"48,9200000000";"2,4100000000"
"202100035347";"9";"06";"2021";"18:40";"1";"93";"93027";"2";"1";"7";"1";"MASSON (RUE SUZANNE)";"48,9234200000";"2,3873400000"
"202100035348";"10";"06";"2021";"12:30";"1";"93";"93005";"2";"1";"1";"6";"Rue Jean Chaptal";"48,9447180000";"2,4840510000"
"202100035349";"10";"06";"2021";"14:05";"1";"92";"92049";"2";"1";"1";"3";"BARBES RUE";"48,8170374748";"2,3316389322"
"202100035350";"9";"06";"2021";"14:10";"1";"92";"92049";"2";"3";"1";"1";"REPUBLIQUE AVENUE DE LA NÂ°2 A 90";"48,8185068839";"2,3196333647"
"202100035351";"10";"06";"2021";"19:45";"1";"92";"92048";"2";"2";"1";"3";"GARDES (ROUTE DES) NÂ° 5 A 51";"48,8188247793";"2,2346502542"
"202100035352";"8";"06";"2021";"10:25";"1";"92";"92012";"2";"2";"1";"6";"PARIS (RUE DE) 1/97 - 2/114";"48,8413640000";"2,2313010000"
"202100035353";"9";"06";"2021";"19:10";"1";"31";"31022";"2";"1";"1";"3";"422 Route de Fronton";"43,6626020000";"1,4310770000"
"202100035354";"11";"06";"2021";"19:10";"1";"83";"83004";"2";"3";"1";"3";"RN7";"43,4618126936";"6,5290117264"
"202100035355";"17";"04";"2021";"09:30";"1";"26";"26002";"1";"1";"1";"1";"12 Lotissement le Ravicole";"45,2398310000";"4,8197400000"
"202100035356";"10";"06";"2021";"17:50";"1";"34";"34300";"1";"1";"1";"2";"A75";"43,3948820000";"3,3273120000"
"202100035357";"11";"06";"2021";"17:45";"1";"38";"38204";"1";"1";"1";"6";"Lalley";"44,7323660000";"5,6796470000"
"202100035358";"6";"06";"2021";"16:20";"1";"87";"87107";"1";"2";"1";"3";"RN 147";"45,9363630000";"1,1864590000"
"202100035359";"11";"06";"2021";"17:45";"1";"51";"51056";"1";"1";"1";"7";"D48";"48,6055854641";"3,6161772667"
"202100035360";"11";"06";"2021";"13:10";"1";"76";"76151";"1";"1";"1";"1";"D20";"49,8419300000";"0,7301300000"
"202100035361";"10";"06";"2021";"08:55";"1";"82";"82186";"2";"6";"1";"6";"Allee du 4 Septembre";"44,1065220000";"0,8921460000"
"202100035362";"10";"06";"2021";"20:15";"1";"32";"32155";"2";"1";"1";"6";"ROUTE DEPARTEMENTALE 32";"43,7701410000";" -0,1829270000"
"202100035363";"11";"06";"2021";"09:00";"1";"32";"32030";"1";"1";"1";"6";"Panassac";"43,5052430000";"0,2802960000"
"202100035364";"9";"06";"2021";"17:00";"1";"71";"71490";"1";"1";"2";"7";"Route de Gueugnon";"46,5436020000";"4,1113970000"
"202100035365";"10";"06";"2021";"19:10";"1";"89";"89263";"2";"2";"1";"3";"Avenue de Paris";"47,8460640000";"3,5549410000"
"202100035366";"30";"05";"2021";"19:10";"1";"63";"63420";"1";"2";"1";"3";"Intersection D2089 et D104";"45,8143540000";"3,3373220000"
"202100035367";"11";"06";"2021";"18:30";"1";"55";"55519";"2";"1";"1";"6";"44 Route Nationale";"48,7180580000";"5,2770160000"
"202100035368";"10";"06";"2021";"16:15";"1";"46";"46021";"1";"1";"1";"5";"D19";"44,5813280000";"1,9577340000"
"202100035369";"10";"06";"2021";"15:10";"1";"41";"41043";"1";"1";"1";"6";"Route Nationale - D 976";"47,2768850000";"1,4584350000"
"202100035370";"10";"06";"2021";"08:50";"1";"22";"22183";"1";"1";"1";"7";"Lieu Dit Launay";"48,2037260000";" -2,5816580000"
"202100035371";"10";"06";"2021";"20:45";"1";"29";"29269";"1";"1";"1";"6";"Pont Croach";"47,9283490000";" -3,6176880000"
"202100035372";"10";"06";"2021";"21:50";"1";"29";"29059";"1";"1";"1";"6";"D786 - lieu dit Kercadiou";"48,6186226709";" -3,7756381150"
"202100035373";"10";"06";"2021";"09:40";"1";"29";"29075";"2";"2";"1";"6";"Rue de la FraternitÃ©";"48,4136150000";" -4,4403430000"
"202100035374";"11";"06";"2021";"00:00";"3";"29";"29260";"1";"1";"1";"6";"D67 - Pont de l'Hopital";"48,4154869000";" -4,6446850000"
"202100035375";"11";"06";"2021";"14:30";"1";"29";"29228";"1";"1";"1";"3";"Route de la Pointe du Raz";"48,0297680000";" -4,5978860000"
"202100035376";"6";"06";"2021";"14:40";"1";"15";"15235";"1";"1";"1";"7";"D57";"44,9921648790";"2,9745697970"
"202100035377";"11";"06";"2021";"08:10";"1";"66";"66160";"2";"1";"1";"3";"17 Route d AmÃ©lie";"42,4874650000";"2,7133930000"
"202100035378";"8";"06";"2021";"09:10";"1";"72";"72310";"1";"1";"1";"2";"RD313";"48,0333230000";"0,1960160000"
"202100035379";"11";"06";"2021";"14:45";"1";"14";"14161";"1";"1";"1";"3";"D45";"49,2218805163";"0,1234862208"
"202100035380";"11";"06";"2021";"01:45";"3";"14";"14098";"1";"1";"5";"6";"D94";"49,2127540000";" -0,5360130000"
"202100035381";"24";"05";"2021";"10:00";"1";"50";"50486";"1";"1";"1";"7";"Route du Hameau Travers";"49,4317680000";" -1,6426060000"
"202100035382";"31";"05";"2021";"09:30";"1";"45";"45175";"1";"1";"1";"2";"D7-PR 0+850";"47,7555480000";"1,8266940000"
"202100035383";"9";"06";"2021";"21:20";"2";"64";"64092";"1";"1";"1";"7";"lepobelcha";"43,1209870000";" -1,4158090000"
"202100035384";"10";"06";"2021";"11:15";"1";"43";"43218";"1";"1";"1";"2";"La Paravent";"45,0352690000";"4,0334000000"
"202100035385";"10";"06";"2021";"18:00";"1";"10";"10048";"1";"9";"7";"7";"D 44";"48,1828560000";"4,6324110000"
"202100035386";"11";"06";"2021";"07:20";"1";"53";"53190";"1";"1";"1";"2";"N12 pr22.100";"48,3860260000";" -0,4033510000"
"202100035387";"10";"06";"2021";"09:00";"1";"85";"85086";"1";"1";"1";"2";"Le Quarteron";"46,8761800000";" -1,7280300000"
"202100035388";"9";"06";"2021";"14:40";"1";"85";"85047";"2";"6";"1";"2";"Rue de Saint-Jean de Monts";"46,8441810000";" -1,8872020000"
"202100035389";"11";"06";"2021";"10:00";"1";"28";"28071";"1";"1";"1";"7";"D941";"48,4106340000";"1,0659600000"
"202100035390";"11";"06";"2021";"05:20";"3";"17";"17140";"1";"1";"1";"6";"D734";"45,9002830000";" -1,2428280000"
"202100035391";"10";"06";"2021";"22:10";"3";"23";"23218";"1";"1";"1";"7";"route dÃ©partementale 25";"45,8601130000";"2,3059360000"
"202100035392";"10";"06";"2021";"16:35";"1";"30";"30341";"2";"1";"1";"1";"Rue des Acacias";"43,7021640000";"4,2821090000"
"202100035393";"11";"06";"2021";"17:45";"1";"48";"48146";"1";"1";"1";"6";"Route de Mende (Sainte-Enimie)";"44,3721990000";"3,4108900000"
"202100035394";"10";"06";"2021";"22:06";"2";"88";"88496";"1";"1";"1";"6";"rue division leclerc";"48,2235080000";"5,8150610000"
"202100035395";"10";"06";"2021";"16:31";"1";"76";"76305";"1";"1";"1";"2";"A131";"49,4952250000";"0,2518060000"
"202100035396";"11";"06";"2021";"12:10";"1";"91";"91135";"1";"1";"7";"3";"D75";"48,5190560000";"2,4648540000"
"202100035397";"10";"06";"2021";"23:55";"5";"53";"53008";"2";"1";"1";"3";"Rue de la LibÃ©ration";"48,2963810000";" -0,5578780000"
"202100035398";"29";"05";"2021";"17:40";"1";"69";"69235";"1";"1";"1";"7";"RD 502";"45,5311880000";"4,8478670000"
"202100035399";"10";"06";"2021";"22:40";"3";"13";"13021";"1";"1";"1";"1";"DÃ©partementale 9";"43,3404070000";"5,1522390000"
"202100035400";"10";"06";"2021";"23:00";"3";"95";"95141";"2";"1";"1";"6";"RD 983";"49,1359759880";"1,7901599407"
"202100035401";"21";"05";"2021";"14:50";"1";"91";"91041";"1";"1";"1";"7";"N20";"48,5736470000";"2,2357710000"
"202100035402";"10";"06";"2021";"18:50";"1";"2B";"2B134";"2";"1";"1";"6";"Place Pascal Paoli";"42,6339710000";"8,9377430000"
"202100035403";"9";"06";"2021";"14:00";"1";"66";"66180";"1";"6";"1";"3";"rd 11";"42,7798740000";"2,9790060000"
"202100035404";"11";"06";"2021";"16:50";"1";"34";"34113";"1";"1";"1";"2";"RD613";"43,5079310000";"3,7200360000"
"202100035405";"8";"06";"2021";"15:10";"1";"34";"34127";"2";"1";"1";"6";"Chemin de Sommieres";"43,6603200000";"4,0735190000"
"202100035406";"10";"06";"2021";"12:25";"1";"34";"34090";"1";"1";"1";"7";"D65";"43,6605140000";"3,9291040000"
"202100035407";"11";"06";"2021";"20:00";"1";"84";"84119";"1";"1";"1";"2";"Route de Pernes";"43,9598350000";"4,9411650000"
"202100035408";"10";"06";"2021";"17:00";"1";"83";"83016";"2";"1";"1";"4";"Dn8";"43,2053800000";"5,8093200000"
"202100035409";"11";"05";"2021";"19:00";"1";"13";"13067";"1";"1";"1";"6";"Route de Bazarde";"43,7950630000";"5,0403110000"
"202100035410";"10";"06";"2021";"23:13";"5";"13";"13035";"2";"2";"1";"3";"rue BOISJELIN / Rue RABAUS Ste ETIENNE";"43,6947490000";"5,0303810000"
"202100035411";"5";"06";"2021";"22:40";"3";"38";"38415";"2";"1";"1";"7";"Rue des Alexandres";"45,6456010000";"5,2344840000"
"202100035412";"9";"06";"2021";"11:30";"1";"38";"38382";"2";"1";"1";"6";"Avenue de l Ile Brune";"45,2209540000";"5,6771420000"
"202100035413";"8";"06";"2021";"22:00";"5";"69";"69052";"2";"6";"1";"6";"LOZANNE (DE) (RTE)";"45,8687487862";"4,6989350929"
"202100035414";"10";"06";"2021";"20:30";"2";"69";"69086";"1";"6";"1";"3";"FRANCE (DE) (RTE)";"45,8472690000";"4,6704340000"
"202100035415";"8";"06";"2021";"17:15";"1";"09";"09302";"1";"1";"1";"3";"cd 18";"42,7837870000";"1,4663850000"
"202100035416";"10";"06";"2021";"13:50";"1";"64";"64422";"2";"9";"1";"4";"rue de la pistole";"43,1850382957";" -0,6193924704"
"202100035417";"10";"06";"2021";"22:10";"3";"40";"40283";"1";"2";"1";"3";"route de buglose";"43,7632220000";" -1,0023420000"
"202100035418";"10";"06";"2021";"19:25";"1";"33";"33369";"1";"4";"1";"6";"N/A";"44,8015170000";"0,2258960000"
"202100035419";"11";"06";"2021";"20:00";"1";"59";"59015";"2";"4";"1";"2";"RUE DE DOUAI";"50,2820380000";"3,1047430000"
"202100035420";"4";"06";"2021";"13:25";"1";"59";"59581";"2";"1";"1";"1";"13 Rue de la Rabette";"50,6986190000";"2,7812850000"
"202100035421";"10";"06";"2021";"00:20";"3";"13";"13211";"1";"1";"1";"7";"A50-Sens Aubagne vers Marseille";"43,2924200000";"5,4534000000"
"202100035422";"10";"06";"2021";"07:40";"1";"67";"67447";"1";"1";"1";"4";"M35";"48,6021000000";"7,7318400000"
"202100035423";"10";"06";"2021";"14:20";"1";"33";"33550";"1";"1";"1";"3";"ROCADE A 630";"44,7783100000";" -0,5665500000"
"202100035424";"8";"06";"2021";"20:45";"1";"62";"62427";"1";"1";"1";"6";"AUTOROUTE A1";"50,4542320000";"2,9716730000"
"202100035425";"10";"06";"2021";"19:00";"1";"94";"94034";"1";"1";"1";"6";"AUTOROUTE A6A";"48,7585900000";"2,3367800000"
"202100035426";"10";"06";"2021";"19:05";"1";"94";"94034";"1";"1";"1";"3";"AUTOROUTE A6B";"48,7517900000";"2,3298700000"
"202100035427";"10";"06";"2021";"09:40";"1";"91";"91589";"1";"1";"1";"3";"AUTOROUTE A6";"48,6778000000";"2,3376300000"
"202100035428";"10";"06";"2021";"18:40";"1";"78";"78524";"1";"1";"1";"3";"A13";"48,8408770000";"2,1106640000"
"202100035429";"10";"06";"2021";"18:10";"1";"78";"78455";"1";"1";"1";"2";"A13";"48,8556530000";"2,0576190000"
"202100035430";"10";"06";"2021";"11:55";"1";"78";"78133";"1";"1";"1";"6";"A13";"48,8945150000";"2,0076910000"
"202100035431";"10";"06";"2021";"08:40";"1";"78";"78158";"1";"1";"1";"3";"A13";"48,8315890000";"2,1467660000"
"202100035432";"9";"06";"2021";"19:15";"1";"78";"78073";"1";"1";"1";"2";"A12 Y";"48,8010400000";"2,0461000000"
"202100035433";"9";"06";"2021";"18:00";"1";"78";"78073";"1";"1";"1";"3";"RN12 INT";"48,7976900000";"2,0140700000"
"202100035434";"8";"06";"2021";"08:10";"1";"92";"92050";"1";"1";"1";"2";"A86";"48,9098381616";"2,2151288589"
"202100035435";"10";"06";"2021";"18:20";"1";"93";"93013";"1";"1";"1";"2";"AUTOROUTE A1";"48,9408400000";"2,4261600000"
"202100035436";"10";"06";"2021";"11:20";"1";"93";"93048";"1";"1";"1";"3";"AUTOROUTE A86";"48,8645671382";"2,4823039923"
"202100035437";"10";"06";"2021";"02:15";"3";"93";"93073";"1";"1";"1";"6";"AUTOROUTE A104";"48,9683800000";"2,5656100000"
"202100035438";"9";"06";"2021";"19:00";"1";"93";"93029";"1";"1";"1";"5";"AUTOROUTE A86";"48,9149519941";"2,4311435223"
"202100035439";"10";"06";"2021";"19:50";"1";"94";"94046";"1";"1";"1";"2";"A86 INT";"48,8107600000";"2,4489100000"
"202100035440";"10";"06";"2021";"18:25";"1";"93";"93051";"1";"1";"1";"5";"A4";"48,8350147902";"2,5786737505"
"202100035441";"10";"06";"2021";"14:40";"1";"93";"93051";"1";"1";"1";"2";"A4";"48,8361700000";"2,5497000000"
"202100035442";"10";"06";"2021";"09:25";"1";"77";"77258";"1";"1";"1";"2";"A4.W";"48,8324273630";"2,6556385073"
"202100035443";"10";"06";"2021";"08:40";"1";"94";"94069";"1";"1";"1";"4";"A4";"48,8175286642";"2,4225151710"
"202100035444";"8";"06";"2021";"12:16";"1";"87";"87085";"2";"1";"1";"6";"ROSES (RUE DES)";"45,8534300000";"1,2476900000"
"202100035445";"9";"06";"2021";"18:00";"1";"64";"64373";"2";"1";"1";"6";"GENERAL DE GAULLE DU";"43,2803700000";" -0,3604400000"
"202100035446";"8";"06";"2021";"22:35";"5";"75";"75119";"2";"2";"1";"3";"AVENUE JEAN JAURES";"48,8877690000";"2,3892780000"
"202100035447";"9";"06";"2021";"17:30";"2";"988";"98818";"2";"1";"1";"3";"PROMENADE ROGER LAROQUE/PARKING HAUTEUR PISCINE MUNICIPALE";" -22,3075600000";"166,4501700000"
"202100035448";"8";"06";"2021";"12:30";"1";"974";"97416";"2";"1";"1";"3";"HUBERT DE LISLE(BOULEVARD)";" -21,3391500000";"55,4589800000"
"202100035449";"9";"06";"2021";"23:00";"5";"974";"97411";"2";"2";"1";"5";"TOURETTE (RUE)";" -20,8884000000";"55,4464000000"
"202100035450";"7";"06";"2021";"10:25";"1";"974";"97411";"2";"2";"1";"3";"LECLERC (DU MARECHAL)";" -20,8803700000";"55,4572100000"
"202100035451";"9";"06";"2021";"22:50";"5";"69";"69259";"2";"2";"1";"3";"AMBROISE CROIZAT (BD)";"45,7032400000";"4,8874800000"
"202100035452";"9";"06";"2021";"20:20";"1";"69";"69387";"2";"2";"1";"3";"JABOULAY (R)";"45,7490900000";"4,8360800000"
"202100035453";"9";"06";"2021";"15:45";"1";"69";"69383";"2";"2";"1";"3";"GAMBETTA (CR)";"45,7562644102";"4,8403546214"
"202100035454";"9";"06";"2021";"14:00";"1";"69";"69383";"2";"1";"1";"6";"ALBERT THOMAS (CR)";"45,7478500000";"4,8646200000"
"202100035455";"9";"06";"2021";"07:40";"1";"69";"69034";"2";"6";"1";"6";"JEAN PETIT (CHM)";"45,8036600000";"4,8608200000"
"202100035456";"8";"06";"2021";"17:00";"1";"971";"97101";"1";"3";"2";"2";"RN1 ROCADE DE CHAUVEL";"16,2336700000";" -61,5235800000"
"202100035457";"7";"06";"2021";"16:25";"1";"971";"97101";"2";"2";"2";"3";"DES FINANCES - MORNE CARUEL (RUE)";"16,2565400000";" -61,5208600000"
"202100035458";"9";"06";"2021";"15:40";"1";"95";"95574";"2";"1";"1";"5";"GENERAL LECLERC (AVENUE DU)";"49,0030500000";"2,2619000000"
"202100035459";"9";"06";"2021";"17:55";"1";"91";"91691";"2";"9";"7";"6";"GARE (RUE DE LA)";"48,7069720000";"2,4852050000"
"202100035460";"9";"06";"2021";"10:40";"1";"91";"91114";"2";"1";"1";"6";"RTE DE BRIE";"48,7071900000";"2,5212700000"
"202100035461";"9";"06";"2021";"19:15";"1";"91";"91027";"2";"1";"1";"6";"RUE DES PITOUREES";"48,7033600000";"2,3652000000"
"202100035462";"9";"06";"2021";"13:10";"1";"91";"91479";"1";"6";"1";"2";"VOIE DES AVERNAISES";"48,7438400000";"2,3633500000"
"202100035463";"8";"06";"2021";"08:30";"1";"91";"91223";"2";"3";"1";"6";"SAINT MARTIN (RUE)";"48,4266500000";"2,1390600000"
"202100035464";"4";"06";"2021";"15:44";"1";"87";"87085";"2";"1";"3";"6";"COMTE (RUE AUGUSTE)";"45,8756500000";"1,2723300000"
"202100035465";"7";"06";"2021";"15:00";"1";"87";"87038";"1";"1";"2";"5";"RN520 (COUZEIX)";"45,8909900000";"1,2615800000"
"202100035466";"8";"06";"2021";"14:32";"1";"77";"77468";"2";"3";"1";"6";"ARCHE GUEDON (COURS DE L')";"48,8494800000";"2,6412600000"
"202100035467";"9";"06";"2021";"08:05";"1";"77";"77284";"2";"1";"1";"6";"VERDUN (COURS DE)";"48,9588400000";"2,8745400000"
"202100035468";"6";"06";"2021";"17:05";"1";"73";"73065";"1";"1";"1";"3";"N201 VRU";"45,5710300000";"5,9374170000"
"202100035469";"6";"06";"2021";"02:20";"5";"73";"73011";"2";"1";"1";"6";"D104";"45,6806030598";"6,3916305899"