"Num_Acc";"jour";"mois";"an";"hrmn";"lum";"dep";"com";"agg";"int";"atm";"col";"adr";"lat";"long"
"202100035848";"8";"06";"2021";"10:45";"1";"13";"13055";"1";"1";"1";"4";"A507 sens Marseille - Aubagne";"43,3299500000";"5,4005100000"
"202100035849";"8";"06";"2021";"09:15";"1";"13";"13211";"1";"1";"1";"2";"A50-Sens Aubagne vers Marseille";"43,2912500000";"5,4508100000"
"202100035850";"8";"06";"2021";"08:25";"1";"13";"13210";"1";"1";"1";"4";"A50-Sens Aubagne vers Marseille";"43,2846000000";"5,4163100000"
"202100035851";"7";"06";"2021";"11:50";"1";"13";"13026";"1";"1";"1";"2";"A55-Sens Martigues vers Marseille";"43,3796640874";"5,1627695560"
"202100035852";"8";"06";"2021";"08:45";"1";"83";"83126";"1";"1";"1";"3";"A50";"43,1200738192";"5,8516561809"
"202100035853";"7";"06";"2021";"13:05";"1";"69";"69259";"1";"1";"1";"2";"LAURENT BONNEVAY (BD)";"45,7204000000";"4,8822000000"
"202100035854";"8";"06";"2021";"18:10";"1";"33";"33013";"1";"1";"1";"4";"Rocade Rive Droite N230";"44,8494850000";" -0,5038050000"
"202100035855";"4";"06";"2021";"12:40";"1";"59";"59178";"1";"1";"1";"6";"AUTOROUTE A21";"50,3912403544";"3,1242907047"
"202100035856";"8";"06";"2021";"17:20";"1";"91";"91471";"1";"1";"1";"4";"RN 118";"48,7132200000";"2,1792500000"
"202100035857";"8";"06";"2021";"12:32";"1";"94";"94034";"1";"1";"1";"3";"AUTOROUTE A86";"48,7594200000";"2,3225400000"
"202100035858";"8";"06";"2021";"14:00";"1";"94";"94034";"1";"1";"1";"4";"AUTOROUTE A6A";"48,7543900000";"2,3327200000"
"202100035859";"7";"06";"2021";"18:32";"1";"91";"91161";"1";"1";"1";"4";"AUTOROUTE A6";"48,7155400000";"2,3094400000"
"202100035860";"8";"06";"2021";"10:00";"1";"93";"93005";"1";"1";"1";"3";"AUTOROUTE A1";"48,9572300000";"2,4615300000"
"202100035861";"7";"06";"2021";"18:40";"1";"93";"93051";"1";"1";"1";"3";"A4";"48,8352900000";"2,5733700000"
"202100035862";"7";"06";"2021";"16:40";"1";"83";"83137";"2";"1";"1";"6";"PUY (RUE DOCTEUR LOUIS)";"43,1224000000";"5,9391520000"
"202100035863";"7";"06";"2021";"19:00";"1";"79";"79191";"2";"1";"1";"7";"59 Rue Victor Hugo";"46,3244300000";" -0,4616900000"
"202100035864";"7";"06";"2021";"16:20";"1";"33";"33039";"2";"1";"1";"6";"CRS VICTOR HUGO";"44,8092800000";" -0,5622700000"
"202100035865";"6";"06";"2021";"03:15";"3";"988";"98818";"2";"1";"3";"7";"AVENUE JAMES COOK";" -22,2628200000";"166,3970800000"
"202100035866";"7";"06";"2021";"15:54";"1";"973";"97302";"2";"1";"1";"6";"BADUEL (ROUTE DE)";"4,9308000000";" -52,3055000000"
"202100035867";"7";"06";"2021";"12:15";"1";"973";"97302";"2";"1";"1";"2";"ROUTE NATIONALE 3";"4,9038300000";" -52,3166100000"
"202100035868";"7";"06";"2021";"09:05";"1";"69";"69387";"2";"2";"1";"3";"PROFESSEUR GRIGNARD (DU) (R)";"45,7479900000";"4,8364000000"
"202100035869";"6";"06";"2021";"10:35";"1";"69";"69387";"2";"1";"1";"3";"GAMBETTA (CR)";"45,7546500000";"4,8447400000"
"202100035870";"6";"06";"2021";"08:30";"1";"972";"97213";"1";"1";"1";"5";"ROUTE NATIONALE 1";"14,6497800000";" -60,9749000000"
"202100035871";"6";"06";"2021";"22:32";"5";"972";"97209";"1";"1";"2";"6";"RD 41 (ROCADE)";"14,6102700000";" -61,0842700000"
"202100035872";"7";"06";"2021";"08:50";"1";"971";"97120";"1";"1";"1";"2";"Secteur Pont de la Gabarre";"16,2535370151";" -61,5482600033"
"202100035873";"7";"06";"2021";"08:20";"1";"971";"97101";"1";"1";"1";"3";"PERRIN (SECTEUR)";"16,2988700000";" -61,5112700000"
"202100035874";"7";"06";"2021";"08:46";"1";"971";"97113";"1";"1";"1";"6";"GENERAL DE GAULLE (AVENUE)";"16,2060300000";" -61,4963500000"
"202100035875";"30";"05";"2021";"14:45";"1";"971";"97113";"1";"1";"1";"7";"SECTION GRANDE RAVINE";"16,2157900000";" -61,4795800000"
"202100035876";"7";"06";"2021";"08:35";"1";"95";"95585";"2";"1";"1";"6";"FARGUE (ALLEE LEON PAUL)";"48,9794800000";"2,3719900000"
"202100035877";"7";"06";"2021";"18:10";"1";"95";"95280";"2";"1";"1";"6";"SARRAUT ALBERT (AVENUE)";"49,0323800000";"2,4587600000"
"202100035878";"7";"06";"2021";"17:00";"1";"95";"95280";"2";"6";"1";"3";"CARREFOUR DU BASSIN";"49,0125800000";"2,4703900000"
"202100035879";"7";"06";"2021";"09:15";"1";"95";"95063";"2";"2";"1";"3";"RUE LUCIEN SAMPAIX";"48,9375500000";"2,2071400000"
"202100035880";"7";"06";"2021";"17:53";"1";"91";"91687";"2";"1";"1";"6";"LOUIS LABONNE (RUE)";"48,6779200000";"2,3711200000"
"202100035881";"5";"06";"2021";"18:25";"1";"91";"91223";"1";"1";"1";"7";"RUE DES DEUX MARES";"48,4585800000";"2,1117900000"
"202100035882";"7";"06";"2021";"19:00";"1";"81";"81065";"2";"1";"1";"3";"LAUTREC RD 83 ( AVENUE DE)";"43,6242100000";"2,2141700000"
"202100035883";"6";"06";"2021";"18:50";"1";"77";"77464";"2";"1";"1";"1";"CLAYE  (RUE DE  )";"48,8930400000";"2,7083200000"
"202100035884";"7";"06";"2021";"14:55";"1";"77";"77186";"1";"1";"1";"5";"RD607 de Barbizon Ã  pavÃ© du roi";"48,4135710018";"2,6785760824"
"202100035885";"5";"06";"2021";"20:38";"2";"76";"76351";"2";"1";"1";"6";"ALBERT 1ER";"49,4970641698";"0,0925831497"
"202100035886";"25";"05";"2021";"19:00";"1";"74";"74012";"2";"1";"1";"6";"VERDUN (AVENUE DE)";"46,1866900000";"6,2430100000"
"202100035887";"7";"06";"2021";"00:50";"5";"69";"69266";"2";"1";"1";"6";"LEON BLUM (R)";"45,7644755912";"4,9182942510"
"202100035888";"4";"06";"2021";"10:50";"1";"67";"67482";"2";"1";"1";"6";"22 NOVEMBRE (RUE DU)";"48,5828533307";"7,7422472835"
"202100035889";"6";"06";"2021";"22:59";"3";"67";"67180";"1";"1";"1";"2";"RD 1062";"48,8289700000";"7,7521300000"
"202100035890";"6";"06";"2021";"21:03";"2";"66";"66136";"2";"6";"1";"1";"SAINT-ASSISCLE (BOULEVARD DE)";"42,6925700000";"2,8796200000"
"202100035891";"6";"06";"2021";"16:00";"1";"66";"66136";"2";"3";"1";"3";"LILAS";"42,6846300000";"2,8820700000"
"202100035892";"19";"04";"2021";"07:50";"1";"65";"65440";"2";"6";"1";"3";"FERRE (PLACE)";"43,2284500000";"0,0758300000"
"202100035893";"7";"06";"2021";"10:30";"1";"64";"64445";"2";"1";"1";"3";"CORPS FRANC POMMIES ET 49 RI DU";"43,3071700000";" -0,3359000000"
"202100035894";"6";"06";"2021";"13:20";"1";"64";"64024";"2";"9";"1";"7";"ADOUR (AVENUE DE L')";"43,5038300000";" -1,4951000000"
"202100035895";"5";"06";"2021";"14:57";"1";"63";"63113";"2";"1";"1";"2";"RECLUS (AVENUE ELISEE)";"45,7841300000";"3,1429600000"
"202100035896";"4";"06";"2021";"15:16";"1";"63";"63113";"2";"2";"1";"3";"MICHELIN (AVENUE EDOUARD)";"45,7807400000";"3,1092500000"
"202100035897";"7";"06";"2021";"15:15";"1";"61";"61001";"2";"1";"1";"7";"sentier du Milieu";"48,4392299990";"0,0786600000"
"202100035898";"7";"06";"2021";"18:35";"1";"59";"59426";"1";"9";"1";"3";"N/A";"50,7478400000";"3,1454300000"
"202100035899";"7";"06";"2021";"15:00";"1";"59";"59090";"2";"1";"1";"6";"GAULLE (AVENUE DU GENERAL DE)";"50,7064400000";"3,1018400000"
"202100035900";"7";"06";"2021";"08:20";"1";"59";"59599";"2";"1";"1";"1";"LILLE (RUE DE)";"50,7226150000";"3,1518960000"
"202100035901";"7";"06";"2021";"07:15";"1";"59";"59599";"2";"6";"1";"1";"BETHUNE (RUE DE)";"50,7248360000";"3,1323410000"
"202100035902";"7";"06";"2021";"18:30";"1";"59";"59512";"2";"8";"1";"3";"LE NOTRE (AVENUE)";"50,6807180000";"3,1669190000"
"202100035903";"5";"06";"2021";"21:28";"1";"56";"56121";"2";"1";"1";"6";"SAINT-CHRISTOPHE ( PONT )";"47,7611400000";" -3,3645600000"
"202100035904";"5";"06";"2021";"15:55";"1";"56";"56083";"2";"4";"1";"3";"HINGAIR ( CHEMIN DU )";"47,8070000000";" -3,2836100000"
"202100035905";"4";"06";"2021";"15:20";"1";"56";"56121";"2";"1";"1";"6";"BLANKAERT  (RUE  JUDE )";"47,7624100000";" -3,3924100000"
"202100035906";"7";"06";"2021";"22:20";"5";"54";"54395";"2";"1";"1";"3";"FRANCE (AVENUE ANATOLE)";"48,6859800000";"6,1585800000"
"202100035907";"7";"06";"2021";"10:20";"1";"51";"51058";"1";"9";"1";"6";"Avenue FranÃ§ois Jacob";"49,2183300000";"4,0035100000"
"202100035908";"5";"06";"2021";"19:00";"1";"51";"51172";"2";"1";"2";"2";"Route de Louvois";"49,2166954080";"4,0531289577"
"202100035909";"7";"06";"2021";"12:40";"1";"50";"50147";"2";"3";"1";"3";"DE LA MARE";"49,0684500000";" -1,4233000000"
"202100035910";"4";"06";"2021";"14:10";"1";"50";"50129";"2";"2";"1";"2";"JAURES (PLACE JEAN)";"49,6338900000";" -1,6225500000"
"202100035911";"7";"06";"2021";"13:27";"1";"47";"47031";"2";"1";"1";"3";"POURRET (PASSERELLE)";"44,1777500000";"0,6635700000"
"202100035912";"7";"06";"2021";"07:15";"1";"45";"45234";"2";"3";"1";"3";"Avenue des Droits de lâHomme";"47,9232200000";"1,9319000000"
"202100035913";"4";"06";"2021";"20:10";"1";"44";"44143";"2";"6";"1";"3";"BOULEVARD LE CORBUSIER";"47,1891000000";" -1,5703300000"
"202100035914";"6";"06";"2021";"16:20";"1";"37";"37214";"2";"1";"1";"6";"MENARDIERE (RUE DE LA)";"47,4192314897";"0,6672048569"
"202100035915";"7";"06";"2021";"18:17";"1";"35";"35238";"2";"1";"1";"3";"BOURGEOIS (BOULEVARD LEON)";"48,0994600000";" -1,6518300000"
"202100035916";"7";"06";"2021";"15:15";"1";"35";"35238";"2";"1";"1";"6";"Rue LAFOND";"48,1213600000";" -1,6663500000"
"202100035917";"2";"06";"2021";"16:55";"1";"34";"34172";"2";"6";"1";"3";"JULES VENTRE (ROND-POINT)";"43,6184200000";"3,8633700000"
"202100035918";"4";"06";"2021";"08:05";"1";"31";"31555";"2";"3";"2";"3";"RUE JEAN BAPTISTE DUMAS";"43,6222700000";"1,4277300000"
"202100035919";"7";"06";"2021";"16:00";"1";"29";"29232";"1";"3";"1";"3";"D783 - Avenue de Ty Bos";"47,9668339289";" -4,0615081785"
"202100035920";"6";"06";"2021";"21:39";"1";"29";"29051";"1";"1";"1";"7";"D15 - Route de Coray";"48,0268400000";" -3,9718100000"
"202100035921";"5";"06";"2021";"20:45";"1";"27";"27299";"2";"1";"1";"2";"NETREVILLE (RUE DE)";"49,0357400000";"1,1743500000"
"202100035922";"8";"06";"2021";"21:00";"1";"25";"25056";"2";"1";"1";"6";"MARNOTTE RUE";"47,2406500000";"6,0455400000"
"202100035923";"4";"06";"2021";"20:00";"1";"21";"21054";"2";"1";"1";"7";"1 Rempart Madeleine";"47,0219965677";"4,8401106471"
"202100035924";"7";"06";"2021";"21:03";"1";"17";"17228";"2";"1";"1";"1";"LAVOISIER (ANTOINE DE)";"45,6341800000";" -0,9788300000"
"202100035925";"7";"06";"2021";"17:55";"1";"17";"17200";"1";"1";"1";"2";"02 PK RN237 RE MOULIN JUSTICE";"46,1814600000";" -1,1419900000"
"202100035926";"5";"06";"2021";"15:30";"1";"16";"16089";"1";"1";"1";"1";"N/A";"45,6768100000";" -0,3208000000"
"202100035927";"7";"06";"2021";"06:00";"2";"14";"14341";"1";"6";"5";"6";"N814";"49,1456000000";" -0,3388900000"
"202100035928";"7";"06";"2021";"23:00";"5";"13";"13215";"2";"1";"1";"1";"MINERVE (AVENUE)";"43,3671100000";"5,3540300000"
"202100035929";"7";"06";"2021";"19:15";"1";"13";"13209";"2";"1";"1";"2";"SAINTE MARGUERITE (BOULEVARD)";"43,2650213354";"5,4091573347"
"202100035930";"6";"06";"2021";"22:37";"5";"13";"13201";"2";"9";"1";"3";"GRANDE ARMEE (RUE DE LA)";"43,3000000000";"5,3800000000"
"202100035931";"6";"06";"2021";"18:45";"1";"12";"12013";"1";"1";"1";"6";"RD5 ANTOINE DE ST EXUPERY";"44,5175800000";"2,2440600000"
"202100035932";"7";"06";"2021";"09:40";"1";"10";"10343";"2";"6";"7";"3";"CANAL (RUE DU)";"48,2721220000";"4,0908570000"
"202100035933";"7";"06";"2021";"18:20";"1";"06";"06027";"2";"1";"1";"3";"PLAGE BOULEVARD DE LA";"43,6558770000";"7,1619290000"
"202100035934";"6";"06";"2021";"01:55";"5";"05";"05061";"2";"1";"1";"6";"REVELLY (PLACE  DU )";"44,5612500000";"6,0799100000"
"202100035935";"5";"06";"2021";"10:18";"1";"05";"05061";"2";"3";"1";"3";"BOUTONS D'OR ( RUE DES )";"44,5471700000";"6,0597000000"
"202100035936";"4";"06";"2021";"14:58";"1";"03";"03101";"1";"9";"8";"4";"RN 145";"46,3332000000";"2,5363400000"
"202100035937";"7";"06";"2021";"17:15";"1";"75";"75119";"2";"1";"1";"4";"BOULEVARD PERIPHERIQUE";"48,9007300000";"2,3725630000"
"202100035938";"7";"06";"2021";"15:30";"1";"75";"75119";"2";"1";"1";"3";"BOULEVARD PERIPHERIQUE";"48,9001710000";"2,3779070000"
"202100035939";"5";"06";"2021";"14:05";"1";"75";"75116";"2";"3";"1";"3";"BOULEVARD LANNES";"48,8667010000";"2,2717000000"
"202100035940";"7";"06";"2021";"20:50";"1";"75";"75105";"2";"4";"1";"1";"BOULEVARD DE L HOPITAL";"48,8431830000";"2,3642690000"
"202100035941";"7";"06";"2021";"18:40";"1";"75";"75120";"2";"2";"1";"6";"RUE D AVRON";"48,8518510000";"2,4013820000"
"202100035942";"7";"06";"2021";"18:30";"1";"75";"75119";"2";"3";"1";"3";"BOULEVARD MACDONALD";"48,8987780000";"2,3741410000"
"202100035943";"7";"06";"2021";"14:30";"1";"75";"75118";"2";"2";"1";"2";"AVENUE DE LA PORTE DE MONTMARTRE";"48,8991510000";"2,3362640000"
"202100035944";"7";"06";"2021";"18:20";"1";"75";"75117";"2";"1";"1";"3";"BOULEVARD DE COURCELLES";"48,8800070000";"2,3070800000"
"202100035945";"7";"06";"2021";"18:04";"1";"75";"75111";"2";"1";"1";"1";"BOULEVARD VOLTAIRE";"48,8620000000";"2,3720000000"
"202100035946";"7";"06";"2021";"16:30";"1";"75";"75111";"2";"7";"1";"4";"AVENUE DE LA REPUBLIQUE";"48,8669449924";"2,3657566309"
"202100035947";"7";"06";"2021";"13:20";"1";"75";"75111";"2";"1";"1";"3";"BOULEVARD BEAUMARCHAIS";"48,8583180000";"2,3678980000"
"202100035948";"7";"06";"2021";"17:10";"1";"75";"75108";"2";"1";"1";"7";"RUE DE BERRI";"48,8734770000";"2,3060860000"
"202100035949";"7";"06";"2021";"18:55";"1";"75";"75114";"2";"1";"1";"3";"RUE D ALESIA";"48,8279950000";"2,3262710000"
"202100035950";"7";"06";"2021";"09:38";"1";"75";"75103";"2";"1";"7";"2";"RUE DE TURENNE";"48,8609550000";"2,3645970000"
"202100035951";"6";"06";"2021";"21:50";"2";"94";"94067";"2";"9";"1";"3";"Avenue Daumesnil";"48,8342220000";"2,4170110000"
"202100035952";"7";"06";"2021";"16:45";"1";"94";"94067";"2";"3";"1";"3";"Avenue du GÃ©nÃ©ral de Gaulle";"48,8350330000";"2,4197830000"
"202100035953";"7";"06";"2021";"06:00";"1";"94";"94078";"2";"9";"1";"1";"Rue de Paris";"48,7355000000";"2,4467000000"
"202100035954";"7";"06";"2021";"18:05";"1";"94";"94042";"2";"9";"1";"3";"Boulevard du MarÃ©chal Leclerc";"48,8130060000";"2,4684330000"
"202100035955";"7";"06";"2021";"18:30";"1";"94";"94011";"2";"6";"1";"3";"Route de lâOuest";"48,7802700000";"2,4760900000"
"202100035956";"7";"06";"2021";"07:20";"1";"94";"94028";"2";"9";"1";"1";"Carrefour Pompadour";"48,7743450000";"2,4398050000"
"202100035957";"7";"06";"2021";"22:20";"5";"94";"94022";"2";"1";"1";"3";"STALINGRAD (BD DE)";"48,7671400000";"2,4038300000"
"202100035958";"7";"06";"2021";"09:30";"1";"93";"93051";"2";"1";"1";"6";"Boulevard du Levant";"48,8397000000";"2,5496900000"
"202100035959";"7";"06";"2021";"20:10";"1";"93";"93010";"2";"1";"1";"3";"GALLIENI (AV.) DE 2 A 96";"48,9056350000";"2,4795170000"
"202100035960";"5";"06";"2021";"20:00";"1";"93";"93010";"2";"1";"1";"2";"GALLIENI (AV.) DE 1 A 109";"48,9054100000";"2,4753000000"
"202100035961";"7";"06";"2021";"12:25";"1";"93";"93010";"2";"3";"1";"1";"CARNOT (AV.) DE 1 A 57";"48,9012500000";"2,4820000000"
"202100035962";"7";"06";"2021";"08:28";"1";"93";"93008";"2";"9";"1";"3";"VAILLANT COUTURIER (AVENUE PAUL)";"48,9073800000";"2,4567700000"
"202100035963";"7";"06";"2021";"18:10";"1";"93";"93007";"2";"1";"1";"3";"JACQUES DECOUR (SQUARE)";"48,9212300000";"2,4753900000"
"202100035964";"7";"06";"2021";"16:45";"1";"92";"92064";"2";"7";"1";"3";"PLACE CLEMENCEAU";"48,8414968192";"2,2218371789"
"202100035965";"6";"06";"2021";"14:10";"1";"92";"92064";"2";"3";"1";"6";"MONT VALERIEN";"48,8565000000";"2,2152500000"
"202100035966";"7";"06";"2021";"06:40";"1";"92";"92050";"2";"4";"1";"3";"CLEMENCEAU GEORGES AVENUE NÂ° PAIR";"48,8863294303";"2,2108295560"
"202100035967";"7";"06";"2021";"20:24";"1";"92";"92048";"2";"1";"1";"2";"REPUBLIQUE (RUE DE LA) NÂ° 2 A 86";"48,8046000000";"2,2351500000"
"202100035968";"7";"06";"2021";"19:15";"1";"92";"92044";"2";"1";"1";"3";"MARIUS AUFAN(RUE) 1A67 ET 2A78";"48,8877145984";"2,2876304952"
"202100035969";"7";"06";"2021";"08:15";"1";"92";"92044";"2";"2";"1";"6";"VIC. HUGO(RUE)091A113 ET 112A146";"48,8959113116";"2,2964617610"
"202100035970";"6";"06";"2021";"20:20";"1";"92";"92036";"2";"2";"1";"3";"LOUIS ROCHE (AVENUE) (1/45)";"48,9211910000";"2,3250380000"
"202100035971";"31";"05";"2021";"08:30";"1";"92";"92026";"2";"3";"1";"3";"VERDUN (DE 62 A FIN)";"48,9012700000";"2,2599500000"
"202100035972";"7";"06";"2021";"10:22";"1";"92";"92025";"2";"1";"7";"2";"CHARLES DE GAULLE (BD)";"48,9179000000";"2,2244800000"
"202100035973";"23";"05";"2021";"13:50";"1";"92";"92025";"2";"1";"1";"6";"JULES MICHELET (RUE)";"48,9320104629";"2,2690406273"
"202100035974";"6";"06";"2021";"21:10";"2";"92";"92025";"2";"1";"1";"2";"RENOUILLERS  (RUE DES)";"48,9238842408";"2,2373216899"
"202100035975";"7";"06";"2021";"14:10";"1";"22";"22234";"1";"1";"1";"7";"st ignace";"48,5059220000";" -2,8952940000"
"202100035976";"7";"06";"2021";"20:20";"1";"45";"45230";"1";"1";"1";"6";"D961-PR 15 + 500";"47,9104740000";"2,5536780000"
"202100035977";"7";"06";"2021";"19:47";"1";"31";"31044";"2";"2";"1";"3";"Chemin de la Manne";"43,5993870000";"1,5054490000"
"202100035978";"31";"05";"2021";"18:30";"4";"974";"97414";"2";"2";"1";"3";"Rue Saint-Louis";" -21,2878500000";"55,4128400000"
"202100035979";"6";"06";"2021";"14:40";"1";"06";"06064";"1";"1";"1";"1";"M2210";"43,7619510000";"7,1755640000"
"202100035980";"6";"06";"2021";"14:30";"1";"79";"79095";"1";"4";"1";"3";"carrefour Rd948 et rd 45";"46,1585360000";"0,0396110000"
"202100035981";"7";"06";"2021";"16:30";"1";"38";"38492";"1";"1";"1";"1";"D110c";"44,9437210000";"5,6671430000"
"202100035982";"8";"06";"2021";"18:00";"1";"47";"47233";"1";"4";"1";"3";"Lieu-dit Salet";"44,5362710000";"0,0894780000"
"202100035983";"8";"06";"2021";"08:25";"1";"35";"35024";"2";"2";"1";"6";"AllÃ©e Hector Berlioz";"48,1862900000";" -1,6319850000"
"202100035984";"7";"06";"2021";"20:30";"1";"57";"57106";"2";"1";"1";"1";"Rue du Luxembourg";"49,3023500000";"6,5275060000"
"202100035985";"8";"06";"2021";"09:30";"1";"51";"51030";"2";"3";"1";"1";"Route d Epernay";"49,0466340000";"4,0899240000"
"202100035986";"8";"06";"2021";"06:50";"2";"19";"19178";"1";"1";"7";"6";"D34";"45,2705891737";"1,5289891201"
"202100035987";"5";"06";"2021";"16:45";"1";"76";"76195";"1";"1";"1";"7";"D479";"49,7925700000";"0,5567500000"
"202100035988";"7";"06";"2021";"21:42";"2";"76";"76728";"2";"2";"1";"3";"Route de Duclair";"49,4904428780";"1,0003234819"
"202100035989";"7";"06";"2021";"07:45";"1";"79";"79008";"1";"1";"1";"6";"Lieu Dit la Gueriniere";"46,7377540000";" -0,3506720000"
"202100035990";"7";"06";"2021";"21:00";"1";"80";"80668";"2";"1";"1";"7";"avenue du chateau";"49,7847380000";"2,3859320000"
"202100035991";"6";"06";"2021";"17:50";"1";"33";"33342";"1";"9";"1";"1";"D21";"44,9332290000";" -0,0305560000"
"202100035992";"8";"06";"2021";"17:25";"1";"71";"71088";"2";"1";"1";"7";"Les champs";"46,6255147316";"3,9582543225"
"202100035993";"8";"06";"2021";"18:05";"1";"12";"12223";"1";"1";"1";"3";"D921";"44,7781640000";"2,9038450000"
"202100035994";"6";"06";"2021";"06:30";"2";"42";"42243";"1";"4";"1";"6";"D18";"45,8520925053";"3,9980492094"
"202100035995";"7";"06";"2021";"12:50";"1";"39";"39475";"2";"2";"1";"3";"N/A";"46,4344850000";"5,3427240000"
"202100035996";"6";"06";"2021";"04:00";"3";"29";"29214";"1";"6";"1";"6";"Rue de Pont-l Abbe";"47,9495308115";" -4,3539346755"
"202100035997";"8";"06";"2021";"07:30";"1";"02";"02421";"1";"2";"1";"3";"D22";"49,3127890000";"3,4982280000"
"202100035998";"8";"06";"2021";"15:00";"1";"02";"02742";"2";"1";"1";"3";"PK088+000";"49,7582730000";"3,7856000000"
"202100035999";"8";"06";"2021";"11:25";"1";"15";"15122";"2";"1";"1";"1";"6 Avenue d Aurillac";"44,7129540000";"2,1996110000"
"202100036000";"22";"05";"2021";"09:50";"1";"85";"85215";"1";"1";"4";"2";"A87";"46,8523600000";" -1,1448200000"
"202100036001";"7";"06";"2021";"09:30";"1";"72";"72241";"1";"1";"1";"1";"Avenue de la Gare";"48,0419820000";"0,4052280000"
"202100036002";"8";"06";"2021";"16:10";"1";"72";"72204";"1";"2";"1";"4";"D357";"47,9345170000";"0,6968220000"
"202100036003";"8";"06";"2021";"01:00";"3";"50";"50178";"1";"1";"5";"6";"La VallÃ©e des Moulins";"49,6838670000";" -1,4493690000"
"202100036004";"8";"06";"2021";"09:00";"1";"18";"18268";"1";"1";"1";"1";"RD 2144";"46,8384130000";"2,4226570000"
"202100036005";"8";"06";"2021";"08:15";"1";"07";"07343";"1";"1";"1";"1";"D104 - PK55+400";"44,5475270000";"4,3330870000"
"202100036006";"8";"06";"2021";"11:10";"1";"53";"53061";"1";"1";"1";"7";"Le Petit Valore";"48,4292440000";" -0,4137330000"
"202100036007";"8";"06";"2021";"08:45";"1";"53";"53147";"2";"1";"1";"6";"6 Boulevard de l  Europe";"48,3000750000";" -0,6209150000"
"202100036008";"4";"06";"2021";"16:45";"1";"53";"53016";"1";"1";"1";"6";"CD 20 pk 28+600";"48,2483260000";" -0,3646410000"
"202100036009";"6";"06";"2021";"11:20";"1";"53";"53007";"2";"1";"1";"2";"RD 32";"48,0876440000";" -0,6363430000"
"202100036010";"6";"06";"2021";"16:45";"1";"40";"40306";"1";"1";"7";"6";"Route de Saint Cricq";"43,5400090000";" -1,0435300000"
"202100036011";"8";"06";"2021";"13:15";"1";"24";"24064";"1";"1";"1";"3";"D939";"45,3890170000";"0,6281950000"
"202100036012";"8";"06";"2021";"03:00";"5";"17";"17323";"2";"1";"1";"7";"Rue des jardins";"46,0193620000";" -1,3780980000"
"202100036013";"7";"06";"2021";"07:55";"1";"30";"30212";"2";"3";"1";"3";"13 Avenue du Pont-du-Gard";"43,9360000000";"4,5566000000"
"202100036014";"7";"06";"2021";"22:20";"3";"34";"34333";"1";"1";"1";"6";"RD 612 Pk 12+600, Pk croissant";"43,4978880000";"3,7804770000"
"202100036015";"8";"06";"2021";"15:40";"1";"44";"44204";"1";"1";"1";"1";"Chemin Nantais RD 723";"47,2891340000";" -1,4322190000"
"202100036016";"8";"06";"2021";"18:17";"1";"17";"17143";"1";"2";"1";"3";"D150/D231";"45,8169790000";" -0,5463930000"
"202100036017";"7";"06";"2021";"14:30";"1";"17";"17226";"1";"1";"1";"7";"Autoroute A10 PK 415.6";"45,9372140000";" -0,5612470000"
"202100036018";"7";"06";"2021";"12:50";"1";"975";"97502";"2";"1";"1";"3";"rue de Paris";"46,7832470000";" -56,1951590000"
"202100036019";"7";"06";"2021";"18:00";"5";"987";"98733";"2";"1";"1";"1";"RT1 PK 23.800";" -17,7082080000";" -149,5840020000"
"202100036020";"6";"06";"2021";"16:00";"1";"971";"97119";"1";"3";"1";"3";"route nationale 6";"16,3849660000";" -61,4830490000"
"202100036021";"7";"06";"2021";"16:26";"1";"77";"77277";"1";"1";"1";"5";"N36";"48,7314340000";"2,8545780000"
"202100036022";"6";"06";"2021";"16:45";"1";"78";"78497";"1";"1";"1";"1";"D107";"48,6694040000";"1,7264310000"
"202100036023";"8";"06";"2021";"10:40";"1";"2B";"2B337";"1";"1";"1";"1";"RT 20";"42,4689790000";"9,2331400000"
"202100036024";"8";"06";"2021";"14:20";"1";"66";"66088";"1";"1";"1";"7";"N116";"42,6629360000";"2,6025150000"
"202100036025";"8";"06";"2021";"19:50";"2";"83";"83065";"1";"1";"1";"3";"Rond Point de la Foux";"43,2612020000";"6,5761440000"
"202100036026";"8";"06";"2021";"06:45";"1";"21";"21352";"1";"2";"1";"3";"d905";"47,2177900000";"5,2585780000"
"202100036027";"29";"05";"2021";"10:30";"1";"67";"67442";"2";"1";"1";"3";"18a Rue du ChÃ¢teau";"48,5940200000";"7,4965020000"
"202100036028";"8";"06";"2021";"17:15";"1";"81";"81011";"2";"2";"1";"3";"dÃ©partementale D87";"43,7283534625";"1,8233381957"
"202100036029";"7";"06";"2021";"18:45";"1";"64";"64422";"2";"1";"1";"6";"Rue LÃ©on Jouhaux";"43,1989660000";" -0,6120690000"
"202100036030";"2";"06";"2021";"14:30";"1";"33";"33080";"1";"3";"1";"3";"Avenue de Toulouse";"44,7309120000";" -0,5322090000"
"202100036031";"7";"06";"2021";"17:35";"1";"33";"33458";"1";"1";"1";"2";"Lieu Dit les Clotiers";"45,1592440000";" -0,5963150000"
"202100036032";"7";"06";"2021";"21:00";"2";"44";"44026";"1";"1";"1";"7";"Route du Prouzeau";"47,2930310000";" -1,4395840000"
"202100036033";"7";"06";"2021";"14:15";"1";"50";"50025";"2";"1";"1";"6";"Avenue du Rocher";"48,6786210000";" -1,3420490000"
"202100036034";"7";"06";"2021";"16:30";"1";"35";"35287";"2";"1";"1";"3";"Rue de la Cote du Tertre";"48,6312990000";" -2,0997730000"
"202100036035";"8";"06";"2021";"17:20";"1";"60";"60612";"2";"2";"7";"3";"Avenue de CompiÃ¨gne";"49,2112370000";"2,5930470000"
"202100036036";"8";"06";"2021";"07:15";"1";"59";"59126";"1";"1";"1";"7";"D47b";"50,3059780000";"3,1234490000"