"Num_Acc";"jour";"mois";"an";"hrmn";"lum";"dep";"com";"agg";"int";"atm";"col";"adr";"lat";"long"
"202100036037";"7";"06";"2021";"13:00";"1";"59";"59181";"1";"3";"1";"3";"Route de Sars - Poteries";"50,1751040000";"3,9548550000"
"202100036038";"7";"06";"2021";"08:50";"1";"13";"13001";"1";"1";"1";"2";"A51-Sens Marseille vers Aix en Provence";"43,5278800000";"5,4278000000"
"202100036039";"6";"06";"2021";"23:15";"3";"13";"13005";"1";"1";"1";"6";"A52-Sens Toulon vers Pont de l'Etoile";"43,2832300000";"5,5848100000"
"202100036040";"7";"06";"2021";"18:20";"1";"92";"92036";"1";"1";"1";"2";"AUTOROUTE A86";"48,9329801690";"2,3213093288"
"202100036041";"7";"06";"2021";"16:35";"1";"93";"93066";"1";"1";"1";"4";"AUTOROUTE A1";"48,9193700000";"2,3575700000"
"202100036042";"7";"06";"2021";"15:50";"1";"93";"93029";"1";"1";"1";"3";"AUTOROUTE A86";"48,9173500000";"2,4293000000"
"202100036043";"6";"06";"2021";"18:30";"3";"974";"97416";"1";"1";"1";"2";"RN2 (2)";" -21,3485890000";"55,4977330000"
"202100036044";"5";"06";"2021";"17:00";"2";"974";"97411";"2";"1";"2";"1";"EUCALYPTUS (ROUTE DES)";" -20,8864950000";"55,4346860000"
"202100036045";"6";"06";"2021";"08:30";"1";"973";"97302";"2";"1";"1";"2";"GALMOT (AVENUE)";"4,9313400000";" -52,3307300000"
"202100036046";"5";"06";"2021";"18:30";"1";"972";"97209";"1";"1";"1";"2";"RD 41 (ROCADE)";"14,6156900000";" -61,0754400000"
"202100036047";"6";"06";"2021";"20:47";"1";"69";"69381";"2";"3";"1";"3";"PUITS GAILLOT (R)";"45,7679500000";"4,8359200000"
"202100036048";"29";"05";"2021";"20:24";"5";"971";"97101";"2";"2";"1";"6";"BOULEVARD DES HEROS";"16,2484700000";" -61,5270100000"
"202100036049";"6";"06";"2021";"09:55";"1";"91";"91339";"2";"1";"1";"6";"RUE FROMAGERE";"48,6358800000";"2,2700700000"
"202100036050";"6";"06";"2021";"13:30";"1";"91";"91477";"2";"1";"1";"2";"HENRI BARBUSSE (RUE)";"48,7186900000";"2,2604400000"
"202100036051";"6";"06";"2021";"16:40";"1";"90";"90010";"2";"2";"1";"3";"MENDES FRANCE (RUE)";"47,6393000000";"6,8723000000"
"202100036052";"6";"06";"2021";"03:50";"3";"83";"83090";"2";"1";"1";"6";"Route de MARSEILLE";"43,1282600000";"5,8843300000"
"202100036053";"5";"06";"2021";"17:40";"1";"83";"83069";"2";"1";"1";"4";"AGREVE  (AVENUE JEAN)";"43,0819800000";"6,1532500000"
"202100036054";"6";"06";"2021";"11:04";"1";"83";"83069";"2";"1";"1";"3";"AEROPORT (AVENUE DE L')";"43,0972000000";"6,1346800000"
"202100036055";"6";"06";"2021";"17:55";"1";"77";"77475";"2";"1";"1";"2";"VERDUN (AVENUE DE)";"48,9579700000";"2,9526900000"
"202100036056";"6";"06";"2021";"14:15";"1";"76";"76231";"1";"1";"1";"7";"FORET D'ELBEUF";"49,2589500000";"1,0102500000"
"202100036057";"6";"06";"2021";"14:15";"1";"69";"69256";"2";"3";"1";"3";"GABRIEL PERI (AV)";"45,7725900000";"4,9123100000"
"202100036058";"5";"06";"2021";"13:49";"1";"69";"69275";"1";"3";"1";"6";"GRAVIER BLANC (DU) (CHM)";"45,7975200000";"4,9699600000"
"202100036059";"5";"06";"2021";"19:45";"1";"61";"61006";"2";"2";"7";"3";"104Â° R.I. (RUE DU)";"48,7445099900";" -0,0155400020"
"202100036060";"6";"06";"2021";"19:15";"1";"60";"60175";"2";"5";"1";"3";"Boulevard Jean Biondi";"49,2523454718";"2,4771112203"
"202100036061";"6";"06";"2021";"09:00";"1";"59";"59279";"2";"1";"1";"6";"MARTEL (RUE DES FRERES)";"50,7820590000";"3,1336220000"
"202100036062";"6";"06";"2021";"01:05";"5";"59";"59599";"2";"2";"1";"1";"GRAMME (CHAUSSEE)";"50,7357700000";"3,1753600000"
"202100036063";"6";"06";"2021";"23:35";"5";"59";"59350";"2";"3";"1";"3";"POT RUE LONG";"50,6251557808";"3,0889730171"
"202100036064";"6";"06";"2021";"14:30";"1";"59";"59350";"2";"9";"1";"1";"LAMBRET OSCAR AVENUE";"50,6144080000";"3,0358570000"
"202100036065";"6";"06";"2021";"18:02";"1";"49";"49267";"2";"1";"1";"6";"CRESSONNIERE";"47,4730100000";" -0,4929300000"
"202100036066";"6";"06";"2021";"22:00";"5";"44";"44109";"2";"1";"1";"3";"ALLEE BACO";"47,2154800000";" -1,5463700000"
"202100036067";"6";"06";"2021";"05:50";"2";"41";"41018";"2";"1";"1";"6";"SAUVAGEAU (RUE DU)";"47,5985000000";"1,3054500000"
"202100036068";"6";"06";"2021";"10:40";"1";"38";"38185";"2";"2";"1";"3";"RUE DU 19 MARS 1962";"45,1894000000";"5,7419000000"
"202100036069";"6";"06";"2021";"19:20";"1";"35";"35281";"1";"1";"1";"6";"RD 837";"48,0658700000";" -1,6986200000"
"202100036070";"6";"06";"2021";"10:20";"1";"32";"32013";"1";"1";"1";"7";"BALENT (CHEMIN DU)";"43,6477700000";"0,6262600000"
"202100036071";"6";"06";"2021";"00:25";"5";"31";"31555";"2";"3";"1";"1";"AV DES ETATS UNIS";"43,6589500000";"1,4189800000"
"202100036072";"5";"06";"2021";"10:40";"1";"31";"31555";"2";"1";"1";"6";"REVEL (RTE DE) DU 2AU 306";"43,5755300000";"1,4883200000"
"202100036073";"6";"06";"2021";"10:30";"1";"26";"26198";"2";"1";"1";"3";"Boulevard de lâEurope";"44,5486630000";"4,7567150000"
"202100036074";"6";"06";"2021";"22:15";"5";"13";"13208";"2";"1";"1";"2";"PRADO (AVENUE DU)";"43,2710978694";"5,3891165408"
"202100036075";"6";"06";"2021";"21:50";"2";"13";"13208";"2";"3";"1";"3";"CLOT BEY (AVENUE)";"43,2605001517";"5,3871156129"
"202100036076";"6";"06";"2021";"16:30";"1";"13";"13203";"2";"1";"1";"3";"MIRABEAU (BOULEVARD)";"43,3139721491";"5,3685856175"
"202100036077";"6";"06";"2021";"13:30";"1";"13";"13207";"2";"1";"1";"1";"Corniche John FitzgÃ©rald Kennedy";"43,2739600000";"5,3624200000"
"202100036078";"5";"06";"2021";"18:40";"1";"13";"13210";"2";"2";"1";"2";"ROMAIN ROLLAND (BOULEVARD)";"43,2766860000";"5,4186670000"
"202100036079";"5";"06";"2021";"09:25";"1";"13";"13210";"2";"1";"1";"6";"PAUL CLAUDEL (BOULEVARD)";"43,2682710000";"5,4149340000"
"202100036080";"6";"06";"2021";"01:30";"5";"13";"13204";"2";"9";"1";"6";"FRANÃOISE DUPARC (BOULEVARD)";"43,3057900000";"5,4009900000"
"202100036081";"5";"06";"2021";"19:06";"5";"13";"13208";"2";"1";"1";"2";"TUNNEL PRADO SUD";"43,2767789260";"5,3950369155"
"202100036082";"6";"06";"2021";"18:45";"1";"13";"13004";"2";"1";"1";"6";"BD DES LICES";"43,6751300000";"4,6297800000"
"202100036083";"23";"05";"2021";"21:40";"5";"11";"11262";"2";"2";"1";"3";"PYRENEES (PLACE ET AVENUE)";"43,1848700000";"2,9995300000"
"202100036084";"5";"06";"2021";"13:20";"1";"07";"07281";"2";"1";"1";"6";"BOUVAT (QUAI JULES)";"44,9436100000";"4,8414200000"
"202100036085";"5";"06";"2021";"16:50";"1";"06";"06069";"2";"1";"1";"3";"PAGNOL (BOULEVARD MARCEL)";"43,6442800000";"6,9470700000"
"202100036086";"6";"06";"2021";"15:48";"1";"06";"06027";"2";"1";"1";"3";"CANNES AVENUE DE (RN7)";"43,6546720000";"7,1497610000"
"202100036087";"5";"06";"2021";"17:15";"1";"04";"04112";"2";"1";"1";"2";"Av Jean Moulin";"43,8302500000";"5,7779900000"
"202100036088";"4";"06";"2021";"16:30";"1";"04";"04112";"2";"1";"1";"4";"RD 4096 (av Frederic Mistral)";"43,8226800000";"5,7876200000"
"202100036089";"4";"06";"2021";"08:15";"1";"04";"04112";"2";"1";"1";"2";"RD 5 (Bd Elemir Bourges)";"43,8318000000";"5,7820000000"
"202100036090";"6";"06";"2021";"20:50";"1";"75";"75120";"2";"1";"1";"3";"PORTE DE BAGNOLET";"48,8599300000";"2,4139820000"
"202100036091";"6";"06";"2021";"19:20";"1";"75";"75113";"2";"1";"1";"3";"PORTE D IVRY";"48,8191970000";"2,3717930000"
"202100036092";"5";"06";"2021";"17:20";"1";"75";"75115";"2";"4";"1";"3";"BOULEVARD PERIPHERIQUE";"48,8327400000";"2,2796370000"
"202100036093";"6";"06";"2021";"10:28";"1";"75";"75116";"2";"1";"1";"4";"ROUTE DES TRIBUNES";"48,8606090000";"2,2298510000"
"202100036094";"6";"06";"2021";"16:00";"1";"75";"75120";"2";"1";"1";"6";"RUE DES VIGNOLES";"48,8531410000";"2,3975270000"
"202100036095";"6";"06";"2021";"18:45";"1";"75";"75119";"2";"1";"1";"2";"BOULEVARD D ALGERIE";"48,8799580000";"2,4006240000"
"202100036096";"6";"06";"2021";"18:30";"1";"75";"75113";"2";"1";"1";"3";"PONT CHARLES DE GAULLE";"48,8425400000";"2,3690760000"
"202100036097";"5";"06";"2021";"21:49";"5";"75";"75113";"2";"2";"1";"3";"AVENUE D ITALIE";"48,8261730000";"2,3572750000"
"202100036098";"6";"06";"2021";"17:45";"1";"75";"75111";"2";"4";"1";"3";"AVENUE PHILIPPE AUGUSTE";"48,8583290000";"2,3897000000"
"202100036099";"6";"06";"2021";"21:30";"5";"75";"75110";"2";"3";"1";"7";"BOULEVARD DE MAGENTA";"48,8709500000";"2,3608420000"
"202100036100";"6";"06";"2021";"16:35";"1";"75";"75110";"2";"1";"1";"3";"BOULEVARD DE MAGENTA";"48,8828770000";"2,3501560000"
"202100036101";"6";"06";"2021";"17:45";"1";"75";"75108";"2";"7";"1";"3";"PLACE DE LA CONCORDE";"48,8667920000";"2,3221010000"
"202100036102";"6";"06";"2021";"00:00";"5";"75";"75102";"2";"3";"1";"6";"BOULEVARD DE BONNE NOUVELLE";"48,8703410000";"2,3495660000"
"202100036103";"6";"06";"2021";"19:10";"1";"75";"75102";"2";"2";"1";"3";"BOULEVARD DE SEBASTOPOL";"48,8686680000";"2,3538930000"
"202100036104";"6";"06";"2021";"17:25";"1";"75";"75101";"2";"2";"1";"6";"RUE DE RIVOLI";"48,8590590000";"2,3466320000"
"202100036105";"6";"06";"2021";"17:50";"1";"94";"94081";"2";"1";"1";"1";"Avenue de lâAbbÃ© Roger Derry";"48,7899000000";"2,3908000000"
"202100036106";"6";"06";"2021";"00:40";"5";"94";"94076";"2";"5";"1";"3";"Avenue du Moulin de Saquet";"48,7885700000";"2,3753300000"
"202100036107";"6";"06";"2021";"00:15";"5";"94";"94076";"2";"2";"1";"3";"Avenue Paul Vaillant-Couturier";"48,7944050000";"2,3581110000"
"202100036108";"5";"06";"2021";"23:13";"3";"94";"94028";"1";"1";"1";"7";"Rue de lâEchat";"48,8014700000";"2,4466800000"
"202100036109";"6";"06";"2021";"22:10";"5";"93";"93066";"2";"1";"1";"6";"Cour des Arbaletriers";"48,9377700000";"2,3574800000"
"202100036110";"6";"06";"2021";"21:00";"2";"93";"93005";"2";"1";"1";"4";"Boulevard Georges Braque";"48,9626000000";"2,4721000000"
"202100036111";"6";"06";"2021";"14:55";"1";"92";"92048";"2";"9";"1";"6";"CAPUCINS (RUE DES) NÂ° 1 A 31";"48,8156915015";"2,2277288139"
"202100036112";"6";"06";"2021";"15:15";"1";"92";"92026";"2";"1";"1";"2";"Boulevard de la Mission Marchand";"48,8984921898";"2,2401353717"
"202100036113";"6";"06";"2021";"12:10";"1";"92";"92026";"2";"1";"1";"3";"VERDUN (DE 62 A FIN)";"48,9042853895";"2,2569863498"
"202100036114";"6";"06";"2021";"17:15";"1";"92";"92024";"2";"1";"1";"5";"GENERAL ROGUET (RUE DU) DE (1 A 57)   (2";"48,9053232644";"2,3129296686"
"202100036115";"21";"05";"2021";"04:00";"3";"35";"35168";"1";"4";"1";"6";"2 La Halliais";"47,8813190000";" -1,9851740000"
"202100036116";"6";"06";"2021";"16:05";"1";"29";"29038";"1";"1";"2";"7";"D 11";"48,3920400000";" -3,9450680000"
"202100036117";"6";"06";"2021";"16:35";"1";"01";"01129";"1";"3";"1";"3";"Route de Montbuisson";"45,9627780000";"5,2078090000"
"202100036118";"6";"06";"2021";"19:00";"1";"62";"62245";"1";"1";"1";"7";"189 Rue Principale";"50,7034570000";"1,9986750000"
"202100036119";"7";"06";"2021";"10:20";"1";"26";"26031";"1";"6";"1";"3";"Route de MontÃ©limar";"44,5551960000";"4,8515260000"
"202100036120";"6";"06";"2021";"16:00";"1";"91";"91137";"1";"1";"1";"7";"D63";"48,3439470000";"2,3036350000"
"202100036121";"6";"06";"2021";"16:00";"1";"40";"40065";"2";"1";"1";"1";"Avenue du MarÃ©chal Foch";"43,6455710000";" -1,4167430000"
"202100036122";"7";"06";"2021";"10:35";"1";"07";"07005";"1";"1";"1";"1";"N/A";"44,5503260000";"4,6072520000"
"202100036123";"7";"06";"2021";"05:45";"2";"49";"49092";"1";"1";"1";"1";"D199";"47,2629190000";" -0,7694610000"
"202100036124";"6";"06";"2021";"02:30";"3";"27";"27306";"2";"1";"1";"7";"Rue des Chennevieres";"48,9641880000";"1,1777370000"
"202100036125";"6";"06";"2021";"16:40";"1";"42";"42317";"1";"1";"1";"6";"Route de Marcigny";"46,2545340000";"3,8958230000"
"202100036126";"6";"06";"2021";"18:45";"1";"06";"06064";"1";"1";"1";"1";"Route de Vence";"43,7561390000";"7,1729080000"
"202100036127";"6";"06";"2021";"11:45";"1";"59";"59326";"1";"1";"1";"6";"34 Chemin Departemental 947";"50,9474806525";"2,5896546000"
"202100036128";"7";"06";"2021";"17:31";"1";"08";"08490";"1";"3";"1";"3";"D946/D977";"49,3988330000";"4,7158280000"
"202100036129";"7";"06";"2021";"08:20";"1";"15";"15119";"1";"1";"2";"6";"a75";"45,2730030000";"3,2136780000"
"202100036130";"7";"06";"2021";"11:00";"1";"51";"51391";"1";"1";"1";"5";"N31";"49,2712770000";"3,9001460000"
"202100036131";"4";"06";"2021";"21:30";"1";"56";"56128";"1";"1";"1";"6";"lieu dit Kergost";"48,0051710000";" -3,0727820000"
"202100036132";"7";"06";"2021";"10:15";"1";"79";"79062";"2";"6";"1";"3";"Route de Cerizay";"46,8077560000";" -0,6618190000"
"202100036133";"6";"06";"2021";"10:00";"1";"79";"79216";"1";"1";"2";"6";"Blanzay";"46,2824870000";" -0,3450000000"
"202100036134";"6";"06";"2021";"11:50";"1";"82";"82031";"2";"2";"1";"3";"3 chemin de Ronde";"44,0286097031";"1,0405482352"
"202100036135";"5";"06";"2021";"20:20";"2";"32";"32116";"1";"1";"1";"6";"RD226";"43,3495400000";"0,4291320000"
"202100036136";"5";"06";"2021";"14:30";"1";"61";"61075";"1";"1";"1";"7";"Landisson";"48,4640040000";" -0,6416860000"
"202100036137";"6";"06";"2021";"14:14";"1";"42";"42172";"1";"1";"1";"7";"Route de Bourg-Argental";"45,3680370000";"4,4529660000"
"202100036138";"3";"06";"2021";"14:45";"1";"41";"41151";"2";"1";"1";"7";"12 Rue de Pontcher";"47,3464390000";"1,1735200000"
"202100036139";"6";"06";"2021";"10:50";"1";"44";"44129";"2";"3";"1";"3";"Place de l Eglise";"47,4378010000";" -2,0881370000"
"202100036140";"6";"06";"2021";"11:40";"1";"44";"44067";"1";"3";"1";"3";"Rue du Gue";"47,6912050000";" -1,8698910000"
"202100036141";"6";"06";"2021";"02:15";"3";"35";"35078";"1";"1";"1";"6";"les beaux bois";"48,5990260000";" -1,6983850000"
"202100036142";"6";"06";"2021";"10:00";"1";"29";"29218";"1";"1";"1";"4";"Lieu Dit Lesverrien";"48,0460740000";" -4,5229880000"
"202100036143";"7";"06";"2021";"08:14";"1";"31";"31066";"2";"1";"1";"3";"576 Route de Paulhac";"43,7912070000";"1,6006570000"
"202100036144";"6";"06";"2021";"15:00";"1";"84";"84018";"1";"1";"1";"7";"gorges de la nesque";"44,0370720000";"5,2654340000"
"202100036145";"6";"06";"2021";"17:40";"1";"03";"03021";"2";"1";"8";"7";"Les Bignards";"46,1183320000";"3,1201390000"
"202100036146";"7";"06";"2021";"12:40";"1";"72";"72080";"1";"1";"1";"1";"d261";"48,1431960000";"0,6440950000"
"202100036147";"7";"06";"2021";"17:20";"1";"72";"72276";"1";"3";"1";"3";"le terras";"48,2824930000";"0,4691400000"
"202100036148";"7";"06";"2021";"11:15";"1";"14";"14593";"1";"1";"1";"1";"D280A";"49,2578060000";"0,1665120000"
"202100036149";"5";"06";"2021";"11:30";"1";"14";"14552";"1";"1";"1";"7";"D112";"49,3017890000";" -0,6069950000"
"202100036150";"28";"05";"2021";"14:30";"1";"09";"09094";"1";"1";"1";"7";"rd 435";"43,1218400000";"1,0614090000"
"202100036151";"6";"06";"2021";"22:55";"3";"60";"60509";"1";"1";"1";"6";"Route de la Croix Frapotel (Chemin)";"49,2817460000";"2,6156560000"
"202100036152";"6";"06";"2021";"19:25";"1";"60";"60291";"1";"2";"7";"2";"D932";"49,6657816302";"3,0544481275"
"202100036153";"7";"06";"2021";"00:20";"3";"45";"45193";"1";"1";"1";"6";"route dÃ©partementale 921, PK 72+650";"47,7469710000";"1,9891560000"
"202100036154";"6";"06";"2021";"23:10";"3";"18";"18058";"1";"1";"1";"6";"Lieu Dit Boissereau";"46,8405300000";"2,3359140000"
"202100036155";"7";"06";"2021";"03:20";"3";"10";"10106";"1";"1";"5";"6";"DÃ©partementale 951";"48,4593200000";"3,4117910000"
"202100036156";"7";"06";"2021";"17:00";"1";"36";"36052";"1";"3";"1";"3";"Impasse de Thery";"46,9086100000";"2,0455490000"
"202100036157";"7";"06";"2021";"02:20";"5";"07";"07349";"1";"1";"1";"6";"D86";"44,7882620000";"4,7723580000"
"202100036158";"6";"06";"2021";"21:50";"4";"07";"07302";"1";"1";"1";"7";"D2";"44,6659920000";"4,7082570000"
"202100036159";"6";"06";"2021";"03:10";"3";"53";"53048";"1";"4";"1";"6";"Le Tertre";"48,2281110000";" -0,8948060000"
"202100036160";"6";"06";"2021";"10:05";"1";"28";"28280";"1";"2";"7";"1";"D955";"48,3109900000";"0,8205440000"
"202100036161";"7";"06";"2021";"19:40";"1";"28";"28426";"1";"1";"1";"7";"Route Nationale 154";"48,2571900000";"1,7467500000"
"202100036162";"4";"06";"2021";"05:00";"2";"30";"30062";"1";"1";"1";"7";"D40";"43,7799000000";"4,1958000000"
"202100036163";"31";"05";"2021";"12:35";"1";"24";"24150";"1";"1";"1";"1";"Les Barges";"44,7426400000";"1,1877190000"
"202100036164";"7";"06";"2021";"15:10";"1";"17";"17351";"1";"4";"1";"3";"Route DÃ©partementale RD 728";"45,8212110000";" -1,0843740000"
"202100036165";"6";"06";"2021";"12:30";"1";"58";"58264";"1";"9";"1";"6";"Aire de repos de Beaumont (Parking)";"46,7621860000";"3,1361940000"
"202100036166";"1";"06";"2021";"18:50";"1";"27";"27563";"1";"1";"1";"6";"A13";"49,3730680000";"0,4860160000"
"202100036167";"7";"06";"2021";"16:45";"1";"91";"91200";"1";"1";"1";"4";"autoroute A10";"48,5578070000";"1,9409750000"
"202100036168";"6";"06";"2021";"08:10";"1";"987";"98753";"1";"1";"1";"2";"RT 301 - pk12+150";" -23,3950900000";" -149,4722020000"
"202100036169";"7";"05";"2021";"18:00";"1";"971";"97117";"2";"2";"1";"3";"Rue John Fitzgerald Kennedy";"16,3266620000";" -61,3474630000"
"202100036170";"6";"06";"2021";"15:00";"1";"91";"91180";"1";"1";"1";"3";"D372";"48,4438070000";"2,4843690000"
"202100036171";"7";"06";"2021";"11:45";"1";"2B";"2B007";"2";"1";"1";"6";"15 Petricaju -- RD 84";"42,3269450000";"8,9842470000"
"202100036172";"6";"06";"2021";"18:00";"1";"11";"11081";"1";"9";"1";"6";"RD 620";"43,3417730000";"2,5251920000"
"202100036173";"7";"06";"2021";"18:45";"1";"34";"34213";"1";"1";"1";"2";"Chemin des Moulieres";"43,4679490000";"3,6723950000"
"202100036174";"7";"06";"2021";"07:40";"1";"83";"83099";"1";"6";"1";"6";"Chemin du Carreou";"43,4513180000";"6,6844430000"
"202100036175";"6";"06";"2021";"15:47";"1";"13";"13096";"2";"1";"1";"1";"D85A";"43,5217730000";"4,4055200000"
"202100036176";"6";"06";"2021";"15:10";"1";"71";"71090";"2";"1";"1";"6";"476 Rue des Potets";"46,2251000000";"4,7750190000"
"202100036177";"5";"06";"2021";"21:30";"2";"68";"68342";"2";"9";"1";"3";"Rue du Bourg";"47,8194800000";"7,1772370000"
"202100036178";"1";"06";"2021";"15:20";"1";"88";"88531";"1";"1";"1";"3";"D417";"48,0653470000";"6,9789360000"
"202100036179";"7";"06";"2021";"12:00";"1";"26";"26322";"1";"1";"1";"1";"620 Route de Nyons";"44,3979540000";"5,0511680000"
"202100036180";"7";"06";"2021";"11:45";"1";"07";"07324";"2";"3";"1";"1";"30 Route de Lamastre";"45,0705263707";"4,8199821896"
"202100036181";"5";"06";"2021";"21:20";"2";"65";"65059";"2";"1";"1";"1";"6 Avenue du Groupe Bernard";"43,0653520000";"0,1551920000"
"202100036182";"5";"06";"2021";"20:40";"1";"40";"40184";"2";"1";"1";"1";"Rue de Cadette";"44,2009320000";" -1,2413480000"
"202100036183";"6";"06";"2021";"11:00";"1";"33";"33411";"1";"2";"7";"3";"N/A";"44,6432460000";" -0,2338640000"
"202100036184";"1";"06";"2021";"08:10";"1";"29";"29247";"2";"1";"1";"6";"Place de la Mairie";"47,9365340000";" -4,0224760000"
"202100036185";"4";"06";"2021";"13:00";"1";"22";"22070";"2";"1";"1";"3";"Rue Saint Nicolas";"48,5600650000";" -3,1483130000"
"202100036186";"6";"06";"2021";"20:15";"1";"76";"76459";"1";"4";"1";"7";"Route de Saint Saire";"49,6998500000";"1,4932000000"
"202100036187";"7";"06";"2021";"17:20";"1";"60";"60462";"2";"1";"1";"3";"Rue de Calais";"49,3319390000";"2,1993040000"
"202100036188";"4";"06";"2021";"14:30";"1";"59";"59015";"1";"1";"1";"6";"D47b";"50,2966920000";"3,1197540000"
"202100036189";"5";"06";"2021";"18:20";"1";"13";"13211";"1";"1";"1";"7";"A50-Sens Marseille vers Aubagne";"43,2920700000";"5,4787700000"
"202100036190";"5";"06";"2021";"21:50";"2";"13";"13071";"1";"1";"1";"2";"A55 - Sens Marseille vers Martigues";"43,3801900000";"5,3161500000"
"202100036191";"5";"06";"2021";"16:15";"1";"13";"13005";"1";"1";"1";"2";"A50-Sens Aubagne vers Marseille";"43,2858000000";"5,5692600000"
"202100036192";"4";"06";"2021";"17:40";"1";"13";"13071";"1";"1";"1";"4";"A7-Sens Marseille vers Lyon";"43,4118600000";"5,2827300000"
"202100036193";"4";"06";"2021";"19:05";"1";"13";"13210";"1";"4";"1";"2";"A50-Sens Marseille vers Aubagne";"43,2851000000";"5,4218200000"
"202100036194";"4";"06";"2021";"18:15";"1";"13";"13055";"1";"1";"1";"4";"A507 sens Marseille - Aubagne";"43,2955100000";"5,4243300000"
"202100036195";"1";"06";"2021";"09:20";"1";"13";"13214";"1";"1";"1";"2";"A7-Sens Marseille vers Lyon";"43,3200000000";"5,3700000000"
"202100036196";"6";"06";"2021";"17:17";"1";"69";"69266";"1";"1";"1";"6";"D383   3.750 A 7.640";"45,7753911428";"4,8984158336"
"202100036197";"6";"06";"2021";"21:00";"1";"91";"91136";"1";"1";"1";"1";"AUTOROUTE A126";"48,7124000000";"2,2861600000"
"202100036198";"6";"06";"2021";"15:12";"1";"92";"92002";"1";"1";"1";"1";"AUTOROUTE A10";"48,7301858529";"2,3079362512"
"202100036199";"6";"06";"2021";"12:19";"1";"91";"91553";"1";"1";"1";"2";"RN 104";"48,6314600000";"2,5004500000"
"202100036200";"6";"06";"2021";"13:05";"1";"94";"94065";"1";"1";"1";"2";"AUTOROUTE A86";"48,7548300000";"2,3464500000"
"202100036201";"6";"06";"2021";"07:00";"1";"91";"91179";"1";"1";"1";"6";"AUTOROUTE A6";"48,5688700000";"2,4713100000"
"202100036202";"6";"06";"2021";"03:05";"3";"91";"91687";"1";"1";"1";"2";"AUTOROUTE A6";"48,6586360000";"2,3749290000"
"202100036203";"5";"06";"2021";"18:01";"1";"91";"91468";"1";"1";"1";"6";"AUTOROUTE A6";"48,5745300000";"2,4664200000"
"202100036204";"6";"06";"2021";"13:05";"1";"92";"92047";"1";"1";"1";"2";"A13";"48,8334000000";"2,1607700000"
"202100036205";"6";"06";"2021";"10:45";"1";"78";"78362";"1";"1";"1";"2";"A13";"48,9777590000";"1,7119320000"
"202100036206";"6";"06";"2021";"20:20";"1";"93";"93007";"1";"1";"1";"4";"AUTOROUTE A1";"48,9461500000";"2,4409600000"
"202100036207";"6";"06";"2021";"14:00";"1";"93";"93007";"1";"1";"1";"2";"AUTOROUTE A3";"48,9432000000";"2,4778700000"
"202100036208";"5";"06";"2021";"23:40";"4";"93";"93008";"1";"1";"1";"6";"AUTOROUTE A86";"48,9065000000";"2,4579600000"
"202100036209";"6";"06";"2021";"15:20";"1";"77";"77175";"1";"1";"1";"2";"RN104";"48,6725000000";"2,6115000000"
"202100036210";"6";"06";"2021";"11:50";"1";"94";"94042";"1";"1";"1";"4";"A4";"48,8272864270";"2,4692556276"
"202100036211";"5";"06";"2021";"12:20";"1";"75";"75112";"1";"1";"1";"3";"A4";"48,8196420000";"2,4588850000"
"202100036212";"5";"06";"2021";"09:58";"1";"44";"44109";"2";"1";"1";"6";"RUE GUILLAUME GROOTAERS";"47,2385360000";" -1,5856250000"
"202100036213";"4";"06";"2021";"19:50";"1";"29";"29019";"2";"1";"1";"6";"Rue Degas";"48,4131600000";" -4,4733700000"
"202100036214";"5";"06";"2021";"08:30";"1";"974";"97416";"2";"9";"1";"2";"LORION (RUE LUC)";" -21,3312000000";"55,4723000000"
"202100036215";"5";"06";"2021";"07:40";"1";"974";"97416";"2";"9";"1";"3";"LORION (RUE LUC)";" -21,3340000000";"55,4712000000"
"202100036216";"5";"06";"2021";"13:20";"1";"974";"97411";"1";"1";"3";"1";"MONNERVILLE (BOULEVARD GASTON)";" -20,8965300000";"55,4472600000"
"202100036217";"5";"06";"2021";"18:40";"2";"973";"97302";"2";"1";"1";"3";"BADUEL (ROUTE DE)";"4,9300100000";" -52,3041800000"
"202100036218";"5";"06";"2021";"15:20";"1";"69";"69386";"2";"2";"1";"3";"DUGUESCLIN (R)";"45,7697900000";"4,8471300000"
"202100036219";"5";"06";"2021";"15:50";"1";"69";"69387";"2";"1";"1";"6";"BERTHELOT (AV)";"45,7477900000";"4,8337600000"
"202100036220";"5";"06";"2021";"14:15";"1";"69";"69383";"2";"1";"1";"1";"LAFAYETTE (CR)";"45,7636148237";"4,8571720719"
"202100036221";"5";"06";"2021";"11:40";"1";"972";"97213";"1";"1";"1";"2";"AUTOROUTE A1";"14,6180800000";" -61,0207900000"
"202100036222";"5";"06";"2021";"17:00";"1";"69";"69382";"2";"3";"1";"3";"DOCTEUR GAILLETON (DU) (Q)";"45,7515200000";"4,8323900000"
"202100036223";"5";"06";"2021";"08:05";"1";"69";"69034";"2";"3";"2";"3";"FORTS (DES) (MO)";"45,7941825391";"4,8327130079"
"202100036224";"2";"06";"2021";"13:30";"1";"95";"95210";"2";"3";"1";"3";"DEPART (RUE DU)";"48,9736480000";"2,3062870000"
"202100036225";"5";"06";"2021";"13:45";"1";"91";"91191";"2";"1";"1";"5";"Jean Jaures (Avenue)";"48,7138200000";"2,4623300000"
"202100036226";"4";"06";"2021";"18:30";"1";"91";"91691";"2";"1";"1";"1";"RESISTANCE(AVENUE)";"48,6938800000";"2,4773700000"