"Num_Acc";"jour";"mois";"an";"hrmn";"lum";"dep";"com";"agg";"int";"atm";"col";"adr";"lat";"long"
"202100036227";"5";"06";"2021";"19:30";"1";"91";"91687";"2";"1";"1";"6";"ARTOIS (ALLEE D')";"48,6692300000";"2,3595100000"
"202100036228";"5";"06";"2021";"17:15";"1";"91";"91687";"2";"2";"1";"3";"JEAN CASALE (RUE)";"48,6770600000";"2,3691200000"
"202100036229";"5";"06";"2021";"18:10";"1";"74";"74008";"2";"1";"1";"6";"GENEVE (RUE DE)";"46,1924100000";"6,2232100000"
"202100036230";"5";"06";"2021";"12:35";"1";"74";"74305";"1";"1";"2";"3";"THONON (ROUTE DE)";"46,2015700000";"6,2783100000"
"202100036231";"4";"06";"2021";"17:55";"1";"74";"74012";"2";"1";"1";"6";"ANNEXION (RUE DE L')";"46,1859300000";"6,2393400000"
"202100036232";"4";"06";"2021";"07:45";"1";"67";"67180";"2";"3";"1";"2";"STRASBOURG (ROUTE DE)";"48,8033200000";"7,7695800000"
"202100036233";"5";"06";"2021";"22:20";"5";"65";"65047";"2";"3";"1";"3";"SPORTS (AVE DES)";"43,2356700000";"0,1066700000"
"202100036234";"5";"06";"2021";"14:01";"1";"64";"64335";"2";"6";"1";"3";"NOVELLA";"43,3232800000";" -0,4209100000"
"202100036235";"5";"06";"2021";"17:05";"1";"59";"59512";"2";"1";"8";"3";"NATIONS UNIES (AVENUE DES)";"50,6939912215";"3,1758498064"
"202100036236";"2";"06";"2021";"12:00";"1";"59";"59378";"2";"1";"1";"6";"GABRIEL ALLEE";"50,6568500000";"3,0943200000"
"202100036237";"5";"06";"2021";"19:00";"1";"59";"59271";"2";"1";"1";"6";"KELLERMAN - AVENUE";"51,0193634628";"2,3139524460"
"202100036238";"4";"06";"2021";"20:35";"1";"55";"55029";"2";"2";"2";"3";"RN 1135";"48,7707200000";"5,1755100000"
"202100036239";"4";"06";"2021";"14:20";"1";"54";"54329";"2";"1";"1";"2";"RUE DE LA POLOGNE";"48,5807400000";"6,5101200000"
"202100036240";"5";"06";"2021";"08:10";"1";"51";"51454";"2";"6";"1";"3";"Avenue Paul Marchandeau";"49,2421900000";"4,0245600000"
"202100036241";"5";"06";"2021";"16:02";"1";"45";"45302";"2";"1";"1";"3";"Rue Nationale 20";"47,9455200000";"1,8922900000"
"202100036242";"5";"06";"2021";"04:35";"5";"42";"42127";"2";"1";"2";"6";"Rue Alfred de Musset";"46,0599600000";"4,0599600000"
"202100036243";"5";"06";"2021";"14:55";"1";"41";"41212";"2";"1";"1";"5";"CLOUSEAUX (RUE DES)";"47,5678100000";"1,3701700000"
"202100036244";"5";"06";"2021";"14:00";"1";"37";"37261";"2";"1";"1";"6";"HEURTELOUP (BOULEVARD)";"47,3904363099";"0,6897515059"
"202100036245";"5";"06";"2021";"20:25";"1";"35";"35051";"1";"1";"1";"5";"LONGCHAMPS (PORTE DES)";"48,1404700000";" -1,6283600000"
"202100036246";"5";"06";"2021";"12:45";"1";"34";"34172";"2";"2";"1";"3";"MERMOZ (AVENUE JEAN)";"43,6121900000";"3,8895200000"
"202100036247";"6";"06";"2021";"01:00";"5";"33";"33063";"2";"3";"1";"3";"Cours de la Somme";"44,8275800000";" -0,5723500000"
"202100036248";"5";"06";"2021";"11:39";"1";"33";"33529";"2";"6";"1";"7";"N/A";"44,6467000000";" -1,1578400000"
"202100036249";"5";"06";"2021";"19:05";"1";"30";"30007";"2";"1";"1";"6";"ONZE NOVEMBRE 1918 (QUAI DU)";"44,1291000000";"4,0731000000"
"202100036250";"5";"06";"2021";"18:40";"1";"30";"30007";"2";"3";"1";"6";"CROUPILLAC (AVE DE)";"44,1373000000";"4,1048000000"
"202100036251";"5";"06";"2021";"00:15";"5";"29";"29232";"2";"1";"1";"7";"Rue de Douarnenez";"47,9965500000";" -4,1086000000"
"202100036252";"5";"06";"2021";"10:50";"1";"26";"26198";"2";"1";"1";"3";"6 Boulevard Meynot";"44,5555800000";"4,7518300000"
"202100036253";"5";"06";"2021";"16:55";"1";"17";"17306";"2";"2";"1";"3";"CARNOT (BD)";"45,6215070000";" -1,0417680000"
"202100036254";"5";"06";"2021";"11:43";"1";"14";"14118";"2";"2";"1";"3";"D401";"49,1958485370";" -0,3962300000"
"202100036255";"5";"06";"2021";"17:30";"1";"13";"13208";"2";"1";"1";"1";"ANDRE ZENATTI (AVENUE)";"43,2462770000";"5,3882100000"
"202100036256";"5";"06";"2021";"09:30";"1";"13";"13214";"2";"3";"1";"3";"ALEX ANSALDI (RUE)";"43,3306610000";"5,4046740000"
"202100036257";"5";"06";"2021";"01:30";"5";"07";"07102";"2";"1";"3";"7";"Chemin des Basses FreydiÃ¨res";"44,9192900000";"4,8659700000"
"202100036258";"5";"06";"2021";"18:10";"1";"06";"06088";"2";"1";"1";"6";"SOLA (BD PIERRE)";"43,7072900000";"7,2861500000"
"202100036259";"5";"06";"2021";"11:30";"1";"75";"75115";"2";"1";"1";"3";"PORTE DE VERSAILLES";"48,8294780000";"2,2874410000"
"202100036260";"5";"06";"2021";"01:02";"5";"75";"75120";"2";"1";"1";"3";"BOULEVARD PERIPHERIQUE";"48,8763820000";"2,4094210000"
"202100036261";"4";"06";"2021";"12:35";"1";"75";"75119";"2";"1";"1";"2";"PORTE DE LA VILLETTE";"48,9004290000";"2,3834660000"
"202100036262";"3";"06";"2021";"22:40";"5";"75";"75118";"2";"1";"1";"3";"PORTE DE LA CHAPELLE";"48,9008020000";"2,3698070000"
"202100036263";"3";"06";"2021";"14:00";"1";"75";"75112";"2";"4";"1";"5";"ECHANGEUR BERCY";"48,8279290000";"2,3895310000"
"202100036264";"5";"06";"2021";"19:00";"1";"75";"75119";"2";"1";"1";"3";"BOULEVARD MACDONALD";"48,8988210000";"2,3729390000"
"202100036265";"5";"06";"2021";"12:20";"1";"75";"75119";"2";"3";"8";"3";"RUE MANIN";"48,8816970000";"2,3810830000"
"202100036266";"5";"06";"2021";"20:30";"1";"75";"75115";"2";"4";"1";"3";"BOULEVARD GARIBALDI";"48,8454800000";"2,3095780000"
"202100036267";"5";"06";"2021";"12:50";"1";"75";"75115";"2";"3";"1";"2";"RUE DE VAUGIRARD";"48,8418680000";"2,3091630000"
"202100036268";"5";"06";"2021";"17:50";"1";"75";"75111";"2";"1";"1";"3";"AVENUE PHILIPPE AUGUSTE";"48,8528280000";"2,3931640000"
"202100036269";"5";"06";"2021";"17:30";"1";"75";"75108";"2";"4";"1";"7";"COURS ALBERT 1ER";"48,8645780000";"2,3068780000"
"202100036270";"5";"06";"2021";"14:20";"1";"94";"94078";"2";"1";"1";"7";"BELLE PLACE (R DE)";"48,7217900000";"2,4465100000"
"202100036271";"5";"06";"2021";"04:00";"5";"94";"94003";"2";"1";"1";"6";"Avenue Paul Vaillant-Couturier";"48,7983200000";"2,3468300000"
"202100036272";"5";"06";"2021";"17:15";"1";"94";"94081";"2";"1";"1";"1";"IVRY (R D)";"48,8016400000";"2,4022200000"
"202100036273";"5";"06";"2021";"18:00";"1";"94";"94065";"1";"1";"1";"6";"Route nationale 186";"48,7533700000";"2,3610900000"
"202100036274";"5";"06";"2021";"14:30";"1";"94";"94033";"2";"2";"1";"3";"NEUILLY (AV DE)";"48,8473400000";"2,4850200000"
"202100036275";"5";"06";"2021";"20:30";"1";"94";"94011";"2";"1";"1";"2";"BOISSY.(AVENUE DE)";"48,7663300000";"2,4898500000"
"202100036276";"25";"05";"2021";"11:10";"1";"94";"94041";"2";"2";"7";"3";"JEAN COMPAGNON (QU)";"48,8199400000";"2,3972300000"
"202100036277";"5";"06";"2021";"13:50";"1";"94";"94048";"1";"1";"1";"4";"Route Nationale 19";"48,7275296527";"2,5413179398"
"202100036278";"27";"05";"2021";"16:50";"1";"93";"93070";"2";"1";"1";"1";"ALBERT-DHALENNE (RUE)";"48,9174100000";"2,3298490000"
"202100036279";"4";"06";"2021";"17:00";"5";"93";"93066";"2";"9";"2";"2";"Rue Ambroise Croizat";"48,9324169904";"2,3489259542"
"202100036280";"4";"06";"2021";"11:52";"1";"93";"93050";"2";"2";"8";"3";"Avenue Paul Verlaine / Rue RenÃ© Char";"48,8681250000";"2,5479090000"
"202100036281";"5";"06";"2021";"17:50";"1";"93";"93048";"2";"1";"1";"6";"Avenue Jean Moulin";"48,8584700000";"2,4491300000"
"202100036282";"5";"06";"2021";"15:40";"1";"93";"93029";"2";"1";"1";"3";"Avenue Henri Barbusse";"48,9201500000";"2,4520500000"
"202100036283";"4";"06";"2021";"05:45";"2";"93";"93057";"2";"1";"2";"2";"BRIAND ( AV. ARISTIDE) 1 A29";"48,9078921557";"2,4938317537"
"202100036284";"2";"06";"2021";"12:40";"1";"92";"92062";"2";"1";"1";"6";"REPUBLIQUE (RUE DE LA) DU 157 AU 175";"48,8840770148";"2,2317031515"
"202100036285";"5";"06";"2021";"22:05";"5";"92";"92044";"2";"1";"1";"3";"VIC. HUGO(RUE)001A067 ET002A078";"48,8936367110";"2,2993470648"
"202100036286";"5";"06";"2021";"10:40";"1";"92";"92025";"2";"2";"1";"6";"VALMY (BD DE)";"48,9276470749";"2,2536998435"
"202100036287";"5";"06";"2021";"11:15";"1";"92";"92071";"2";"1";"1";"6";"HOUDAN (RUE)";"48,7774649521";"2,2946995497"
"202100036288";"5";"06";"2021";"13:30";"1";"92";"92012";"2";"3";"1";"6";"QUATRE SEPTEMBRE (QUAI DU)";"48,8528461552";"2,2263903916"
"202100036289";"6";"06";"2021";"20:00";"1";"08";"08402";"2";"2";"1";"3";"Rue des tui peries";"49,5775770000";"4,4895700000"
"202100036290";"6";"06";"2021";"13:10";"1";"66";"66190";"1";"1";"1";"2";"autoroute A9 PK 228+700 sens Perpignan- Narbonne";"42,8672830000";"2,9819300000"
"202100036291";"5";"06";"2021";"17:30";"1";"43";"43022";"1";"1";"8";"7";"PrÃ¨s de l'AÃ©rodrome";"45,3206257098";"3,3641123772"
"202100036292";"6";"06";"2021";"08:40";"1";"988";"98812";"2";"9";"1";"6";"Rue Louise Maignan";" -20,5654970000";"164,2806670000"
"202100036293";"5";"06";"2021";"15:50";"1";"21";"21263";"1";"1";"1";"6";"A31 - PK 031.500";"47,2468800000";"5,0646650000"
"202100036294";"5";"06";"2021";"11:20";"1";"81";"81281";"1";"1";"1";"6";"D51";"43,5912750246";"2,1345729097"
"202100036295";"5";"06";"2021";"11:35";"1";"974";"97412";"2";"1";"1";"6";"Rue Leon Dehaulme";" -21,3776880000";"55,6064310000"
"202100036296";"6";"06";"2021";"05:40";"2";"972";"97212";"2";"2";"2";"6";"Croix Odilon";"14,6967050000";" -60,9855040000"
"202100036297";"6";"06";"2021";"05:00";"2";"972";"97217";"1";"1";"1";"6";"Habitation la Duprey";"14,4663940000";" -60,8835540000"
"202100036298";"5";"06";"2021";"21:40";"1";"35";"35066";"1";"9";"1";"3";"RN137";"48,0437160000";" -1,6847460000"
"202100036299";"6";"06";"2021";"09:45";"1";"06";"06130";"2";"1";"1";"1";"30 Avenue Gaston de Fontmichel";"43,6959420000";"6,8531950000"
"202100036300";"5";"06";"2021";"15:21";"1";"79";"79163";"2";"3";"1";"3";"Rue des Anciens Artisans";"46,1535900000";"0,0822420000"
"202100036301";"5";"06";"2021";"18:45";"1";"59";"59641";"1";"9";"1";"6";"Route de la Colme";"50,9861093775";"2,4748967728"
"202100036302";"6";"06";"2021";"06:20";"2";"30";"30209";"1";"1";"1";"1";"D6580";"43,9907460000";"4,7443130000"
"202100036303";"6";"06";"2021";"16:40";"1";"87";"87152";"1";"1";"7";"6";"senelas";"45,9790670000";"1,2253670000"
"202100036304";"5";"06";"2021";"17:30";"1";"62";"62490";"1";"1";"1";"3";"D339";"50,2958650000";"2,5826880000"
"202100036305";"9";"05";"2021";"18:55";"1";"56";"56178";"2";"1";"1";"7";"Rue Albert de Mun";"48,0470460000";" -2,9584870000"
"202100036306";"13";"05";"2021";"09:25";"1";"56";"56027";"1";"2";"1";"5";"Maigris";"47,9231510000";" -2,6760186000"
"202100036307";"5";"06";"2021";"21:25";"2";"56";"56252";"1";"1";"1";"1";"22 Rue du Pont Neuf";"47,5331560000";" -2,6600346000"
"202100036308";"6";"06";"2021";"18:25";"1";"79";"79079";"1";"1";"1";"2";"N/A";"46,9372610000";" -0,7476230000"
"202100036309";"6";"06";"2021";"18:40";"1";"2B";"2B050";"1";"1";"1";"6";"route dÃ©partementale 81B";"42,5618050000";"8,7349030000"
"202100036310";"1";"06";"2021";"17:00";"1";"65";"65396";"2";"3";"1";"6";"Place du Trey";"42,9803080000";" -0,0910130000"
"202100036311";"6";"06";"2021";"01:20";"3";"81";"81204";"1";"1";"1";"6";"D612 PK032+700";"43,5606390000";"2,3240640000"
"202100036312";"6";"06";"2021";"17:30";"1";"89";"89086";"1";"1";"1";"1";"DÃ©partementale 64, lieu-dit ""REUILLEBEAU"" - MARCHAIS BETON";"47,8296660000";"3,0358310000"
"202100036313";"6";"06";"2021";"12:30";"1";"89";"89221";"1";"1";"8";"6";"Foret";"47,6869290000";"3,3518390000"
"202100036314";"4";"06";"2021";"17:30";"1";"55";"55434";"1";"1";"1";"7";"D74";"48,6071490000";"5,7018180000"
"202100036315";"5";"06";"2021";"09:30";"1";"68";"68002";"1";"1";"2";"6";"D14b";"47,6002890000";"7,1014600000"
"202100036316";"6";"06";"2021";"10:50";"1";"35";"35259";"1";"1";"7";"3";"Ste Anne";"48,6026610000";" -1,6649760000"
"202100036317";"5";"06";"2021";"00:15";"3";"29";"29114";"1";"4";"1";"6";"Lieu Dit Toulquelen";"48,4990050000";" -3,6597880000"
"202100036318";"6";"06";"2021";"04:20";"3";"38";"38099";"1";"1";"1";"6";"Chemin de Saint Appolinard";"45,1835950000";"5,2792630000"
"202100036319";"6";"06";"2021";"07:35";"1";"26";"26365";"1";"1";"1";"6";"165 Route de Chabeuil";"44,7541700000";"5,0159450000"
"202100036320";"6";"06";"2021";"14:30";"1";"54";"54166";"1";"1";"1";"7";"D28";"49,0087410000";"5,8659050000"
"202100036321";"6";"06";"2021";"16:15";"1";"72";"72024";"1";"1";"1";"3";"route des forges";"48,0941040000";"0,1853510000"
"202100036322";"6";"06";"2021";"13:00";"1";"72";"72145";"1";"1";"1";"7";"LES CHATAIGNIERS";"48,1943337048";" -0,1375865938"
"202100036323";"6";"06";"2021";"13:00";"1";"72";"72118";"1";"1";"7";"1";"Le Gue Chartier";"48,0613390000";"0,5576580000"
"202100036324";"5";"06";"2021";"18:50";"1";"06";"06059";"1";"1";"1";"1";"1990 Avenue Raymond PoincarÃ©";"43,7221060000";"7,3790140000"
"202100036325";"6";"06";"2021";"10:00";"1";"06";"06041";"1";"1";"1";"6";"Route de Grasse";"43,7700710000";"6,9720270000"
"202100036326";"6";"06";"2021";"18:15";"1";"14";"14203";"1";"4";"1";"3";"D400";"49,2305460000";" -0,0863510000"
"202100036327";"6";"06";"2021";"17:50";"1";"60";"60030";"1";"1";"1";"2";"D927";"49,3653283514";"2,1062993673"
"202100036328";"6";"06";"2021";"11:30";"1";"73";"73059";"2";"3";"1";"6";"D991 - 7 Bd Gaston Mollex";"45,7184609117";"5,8865424016"
"202100036329";"6";"06";"2021";"12:20";"1";"53";"53086";"1";"1";"1";"5";"La TriqueliÃ¨re";"48,1932920000";" -1,0303380000"
"202100036330";"4";"06";"2021";"14:50";"1";"53";"53016";"1";"1";"1";"7";"Le Bois Mabon";"48,2493900000";" -0,3806270000"
"202100036331";"22";"05";"2021";"18:15";"1";"24";"24571";"1";"1";"2";"7";"D42e2";"45,0225220000";"0,7313200000"
"202100036332";"6";"06";"2021";"00:45";"3";"48";"48017";"1";"1";"1";"6";"PRATNAU";"44,4383000000";"3,1659670000"
"202100036333";"6";"06";"2021";"14:55";"1";"48";"48086";"1";"1";"1";"7";"D906";"44,6276030000";"3,8921640000"
"202100036334";"6";"06";"2021";"14:10";"1";"27";"27694";"1";"1";"1";"6";"A13 pk 76.800 vers Rouen";"49,0995283041";"1,3538505505"
"202100036335";"5";"06";"2021";"21:30";"2";"77";"77168";"1";"1";"1";"2";"Autoroute A6 - PK 87+800 de Lyon Ã  Paris";"48,1771330000";"2,8500940000"
"202100036336";"31";"05";"2021";"10:20";"1";"77";"77435";"1";"1";"1";"6";"A6";"48,4964950000";"2,5130040000"
"202100036337";"5";"06";"2021";"21:00";"3";"971";"97131";"1";"1";"1";"7";"Route de Bois Joli";"15,8625310000";" -61,5943010000"
"202100036338";"5";"06";"2021";"20:30";"1";"45";"45278";"2";"1";"1";"6";"34 Rue du District";"47,8208160000";"2,8385340000"
"202100036339";"6";"06";"2021";"07:30";"1";"77";"77229";"2";"1";"1";"6";"Route de Meaux";"48,7560970000";"2,8650930000"
"202100036340";"5";"06";"2021";"08:30";"1";"34";"34017";"1";"1";"1";"6";"d613";"43,4747620000";"3,4460160000"
"202100036341";"5";"06";"2021";"18:00";"1";"84";"84118";"1";"1";"7";"7";"Col de la LiguiÃ¨re (Col de montagne)";"43,9921890000";"5,3892020000"
"202100036342";"5";"06";"2021";"12:45";"1";"06";"06058";"1";"1";"1";"3";"D6085";"43,7262320000";"6,8176100000"
"202100036343";"5";"06";"2021";"08:10";"1";"57";"57654";"1";"4";"2";"3";"D603";"49,1159410000";"6,3635090000"
"202100036344";"6";"06";"2021";"10:55";"1";"73";"73132";"1";"1";"1";"6";"D218b";"45,7429960000";"6,5708760000"
"202100036345";"5";"06";"2021";"21:45";"2";"26";"26235";"2";"1";"1";"1";"57 Av Mal de Lattre de Tassigny";"44,3866190000";"4,6982670000"
"202100036346";"5";"06";"2021";"16:20";"1";"26";"26235";"1";"1";"1";"3";"15 Allee Alfred Jarry";"44,3892370000";"4,6995740000"
"202100036347";"5";"06";"2021";"17:35";"1";"69";"69174";"2";"1";"5";"1";"LE CHARPENAY";"45,9269595808";"4,3786928058"
"202100036348";"5";"06";"2021";"13:30";"1";"17";"17354";"1";"1";"1";"1";"Route dÃ©partementale 137";"45,6184650000";" -0,5660750000"
"202100036349";"6";"06";"2021";"15:20";"1";"60";"60330";"1";"1";"1";"7";"RD 125";"49,2749170000";"2,1728470000"
"202100036350";"6";"06";"2021";"12:15";"1";"60";"60395";"2";"6";"1";"2";"Rue Aristide Briand";"49,2268430000";"2,1317550000"
"202100036351";"4";"06";"2021";"13:05";"1";"13";"13215";"1";"1";"1";"4";"A7-Sens Lyon vers Marseille";"43,3475300000";"5,3714700000"
"202100036352";"1";"06";"2021";"10:30";"1";"13";"13215";"1";"1";"1";"2";"A7-Sens Lyon vers Marseille";"43,3746875122";"5,3606715202"
"202100036353";"4";"06";"2021";"21:29";"3";"69";"69288";"1";"1";"2";"4";"A43   13.029 A 15.971";"45,6744200000";"5,0368500000"
"202100036354";"5";"06";"2021";"09:48";"1";"33";"33063";"1";"1";"1";"6";"ROCADE A 630";"44,8848200000";" -0,5619000000"
"202100036355";"4";"06";"2021";"23:30";"3";"95";"95491";"1";"1";"1";"2";"A115";"49,0043600000";"2,2455800000"
"202100036356";"5";"06";"2021";"16:20";"1";"94";"94069";"1";"1";"1";"3";"A4";"48,8172100000";"2,4295600000"
"202100036357";"5";"06";"2021";"10:00";"1";"77";"77373";"1";"1";"1";"2";"RN104";"48,7953000000";"2,6211000000"
"202100036358";"4";"06";"2021";"02:30";"3";"77";"77450";"1";"1";"1";"2";"A104";"48,7086933165";"2,5988263093"
"202100036359";"3";"06";"2021";"16:28";"1";"77";"77459";"2";"3";"1";"6";"Route DÃ©partementale 619";"48,5388041900";"3,3507086400"
"202100036360";"4";"06";"2021";"17:30";"1";"54";"54547";"2";"1";"1";"6";"ARC (AVENUE JEANNE D')";"48,6591000000";"6,1810900000"
"202100036361";"3";"06";"2021";"18:55";"5";"988";"98818";"2";"5";"1";"6";"VOIE DE DEGAGEMENT EST";" -22,2790200000";"166,4625000000"
"202100036362";"2";"06";"2021";"11:00";"1";"974";"97416";"1";"1";"1";"1";"CD 29";" -21,3365400000";"55,5201000000"
"202100036363";"4";"06";"2021";"08:30";"1";"974";"97416";"2";"1";"1";"1";"LORION(RUE LUC)";" -21,3341000000";"55,4711300000"
"202100036364";"4";"06";"2021";"17:46";"2";"974";"97411";"2";"1";"1";"1";"MACE (ROUTE GABRIEL)";" -20,9140900000";"55,4960900000"
"202100036365";"3";"06";"2021";"17:30";"2";"974";"97411";"2";"1";"1";"1";"LECONTE DE LISLE (AVENUE)";" -20,8954700000";"55,4891000000"
"202100036366";"4";"06";"2021";"17:45";"1";"973";"97309";"1";"1";"1";"7";"CABASSOU (ROUTE DE)";"4,9145900000";" -52,3099200000"
"202100036367";"4";"06";"2021";"22:32";"3";"69";"69259";"2";"1";"2";"2";"OSCHATZ (D') (AV)";"45,6941600000";"4,8790800000"
"202100036368";"4";"06";"2021";"22:00";"5";"69";"69388";"2";"8";"2";"3";"CHALLEMEL LACOUR (R)";"45,7293800000";"4,8505700000"
"202100036369";"4";"06";"2021";"20:00";"1";"69";"69199";"2";"1";"1";"6";"EMILE ZOLA (R)";"45,7105846164";"4,8569172621"
"202100036370";"4";"06";"2021";"19:35";"1";"69";"69383";"2";"1";"1";"3";"FREDERIC MISTRAL (R)";"45,7572600000";"4,8763800000"
"202100036371";"4";"06";"2021";"18:00";"1";"69";"69383";"2";"2";"1";"6";"FELIX FAURE (AV)";"45,7557100000";"4,8760800000"
"202100036372";"4";"06";"2021";"18:15";"1";"69";"69389";"1";"1";"1";"3";"25EME REGIMENT DE TIRAILLEURS SENEGA(AV)";"45,7859278469";"4,8038258514"
"202100036373";"4";"06";"2021";"08:10";"1";"69";"69382";"2";"1";"1";"6";"GRENETTE (R)";"45,7633000000";"4,8327000000"
"202100036374";"4";"06";"2021";"12:55";"1";"2B";"2B037";"1";"1";"1";"2";"TOUTES RUES";"42,6364300000";"9,4385500000"
"202100036375";"3";"06";"2021";"08:10";"1";"91";"91103";"2";"3";"1";"3";"AV SALVADOR ALLENDE";"48,6156000000";"2,3052000000"
"202100036376";"4";"06";"2021";"07:45";"1";"91";"91421";"1";"1";"3";"2";"NATIONALE 6 (GLACIERE)";"48,7037400000";"2,4437800000"
"202100036377";"3";"06";"2021";"22:45";"5";"91";"91114";"2";"1";"1";" -1";"RUE DES GRES";"48,6901800000";"2,4978800000"
"202100036378";"4";"06";"2021";"15:40";"1";"91";"91326";"2";"1";"2";"6";"CHARLES GOUNOD (RUE)";"48,6959140000";"2,3758460000"
"202100036379";"1";"06";"2021";"13:10";"1";"91";"91174";"2";"1";"1";"3";"BD JOHN KENNEDY";"48,5790500000";"2,4764500000"
"202100036380";"4";"06";"2021";"13:40";"1";"91";"91223";"2";"9";"8";"3";"GEOFFROY ST HILAIRE (AVENUE)";"48,4352300000";"2,1477500000"
"202100036381";"4";"06";"2021";"10:30";"1";"91";"91469";"1";"1";"1";"3";"D721";"48,3900200000";"2,1746000000"
"202100036382";"4";"06";"2021";"13:04";"1";"87";"87085";"2";"1";"2";"1";"ARMAND (AVE Z.A.C";"45,8634800000";"1,2731200000"
"202100036383";"2";"06";"2021";"20:20";"1";"87";"87085";"2";"1";"1";"7";"VANTEAUX (BOULEVARD DE)";"45,8235700000";"1,2265000000"
"202100036384";"13";"04";"2021";"19:00";"2";"84";"84007";"2";"1";"1";"2";"PIERRE SEMARD (avenue)";"43,9393300000";"4,8213700000"
"202100036385";"4";"06";"2021";"15:10";"1";"83";"83144";"2";"3";"1";"1";"POMPIDOU (AVE G.)";"43,1373907558";"6,0087919235"
"202100036386";"3";"06";"2021";"19:30";"1";"83";"83069";"2";"1";"1";"6";"ROUX SEIGNORET (RUE DU DOCTEUR)";"43,1213738374";"6,1316975359"
"202100036387";"3";"06";"2021";"17:39";"1";"80";"80131";"2";"1";"1";"1";"FOUENCAMPS (CHEMIN DE)";"49,8322642551";"2,4034262473"
"202100036388";"3";"06";"2021";"16:35";"1";"80";"80021";"2";"1";"1";"6";"LUXEMBOURG (AVENUE DU)";"49,8704200000";"2,2836300000"
"202100036389";"31";"05";"2021";"17:59";"1";"80";"80489";"1";"1";"1";"2";"RN 25";"49,8694300000";"2,3727700000"
"202100036390";"3";"06";"2021";"16:30";"1";"77";"77296";"2";"1";"1";"6";"AV PHILIPPE BUR";"48,6273979502";"2,5913716047"
"202100036391";"3";"06";"2021";"16:25";"1";"77";"77281";"2";"1";"1";"1";"MONTESQUIOU (RUE)";"48,7677800000";"3,0382400000"
"202100036392";"4";"06";"2021";"09:00";"1";"76";"76540";"2";"1";"2";"6";"GAULLE. PLACE CHARLES DE";"49,4433700000";"1,0982800000"
"202100036393";"4";"06";"2021";"18:47";"1";"72";"72181";"1";"1";"1";"2";"ANTARES (CARREFOUR D')";"47,9545000000";"0,2282500000"
"202100036394";"3";"06";"2021";"18:25";"1";"72";"72181";"2";"1";"1";"4";"MAC JEAN (AV) NÂ° PAIRS 308 ET plus";"47,9790170000";"0,2345110000"
"202100036395";"2";"06";"2021";"17:35";"1";"70";"70388";"1";"1";"1";"5";"RD457";"47,6145200000";"6,1330400000"
"202100036396";"4";"06";"2021";"08:00";"1";"67";"67218";"2";"3";"1";"1";"LIXENBUHL (RUE)";"48,5295400000";"7,7270400000"
"202100036397";"3";"06";"2021";"18:00";"1";"67";"67482";"2";"1";"1";"3";"MONTAGNE VERTE (RUE DE LA)";"48,5699280000";"7,7275360000"
"202100036398";"4";"06";"2021";"16:00";"1";"65";"65440";"2";"1";"1";"1";"SOLAZUR (CITE)";"43,2285500000";"0,0507200000"
"202100036399";"4";"06";"2021";"11:30";"1";"64";"64335";"1";"1";"2";"1";"JEAN JAURES";"43,3167860000";" -0,4301620000"
"202100036400";"3";"06";"2021";"08:25";"1";"64";"64445";"2";"1";"8";"6";"TOURASSE";"43,3089910458";" -0,3430303931"
"202100036401";"4";"06";"2021";"17:50";"1";"64";"64125";"2";"1";"3";"7";"BIARRITZ (AVENUE DE)";"43,4462392467";" -1,5825502574"
"202100036402";"3";"06";"2021";"15:35";"1";"64";"64024";"2";"1";"1";"4";"BAB (Boulevard)";"43,4933400000";" -1,5304100000"
"202100036403";"3";"06";"2021";"14:49";"1";"63";"63113";"2";"1";"1";"2";"CLEMENTEL (BD ETIENNE)";"45,8167000000";"3,1096400000"
"202100036404";"4";"06";"2021";"05:20";"2";"59";"59152";"2";"3";"1";"3";"MARCEAU (RUE)";"50,7631920000";"3,0130320000"
"202100036405";"4";"06";"2021";"07:50";"1";"59";"59295";"2";"1";"1";"6";"DE LA ROCHELAISE";"50,7275800000";"2,5385500000"
"202100036406";"2";"06";"2021";"14:45";"1";"57";"57672";"2";"1";"1";"6";"REPUBLIQUE (PLACE DE LA)";"49,3562200000";"6,1648500000"
"202100036407";"3";"06";"2021";"14:06";"1";"56";"56121";"2";"4";"1";"3";"METAYER (RUE JOSEPH)";"47,7568400000";" -3,3716300000"
"202100036408";"3";"06";"2021";"08:23";"1";"56";"56083";"2";"3";"1";"3";"Avenue Salvador Allende";"47,8053700000";" -3,2607500000"
"202100036409";"2";"06";"2021";"21:10";"1";"56";"56121";"2";"6";"1";"5";"NORMANDIE ( BD ET IMP DE )";"47,7599400000";" -3,3659800000"
"202100036410";"4";"06";"2021";"08:10";"1";"54";"54332";"2";"1";"1";"2";"GÃ©nÃ©ral Leclerc ( avenue du )";"48,8995200000";"6,0440500000"
"202100036411";"4";"06";"2021";"15:35";"1";"54";"54328";"2";"1";"1";"3";"RD 73";"48,6217900000";"6,1840600000"
"202100036412";"4";"06";"2021";"08:13";"1";"54";"54395";"2";"1";"1";"3";"BROT (Rue Marcel)";"48,6798035489";"6,2045294921"
"202100036413";"3";"06";"2021";"22:13";"5";"54";"54395";"2";"1";"1";"6";"SAINT NICOLAS (RUE 1 A 19-2 A 18)";"48,6894392181";"6,1850615032"
"202100036414";"3";"06";"2021";"11:40";"1";"54";"54547";"2";"1";"1";"6";"FRERE (RUE DU GENERAL)";"48,6610500000";"6,1693300000"
"202100036415";"4";"06";"2021";"11:35";"1";"51";"51454";"2";"1";"1";"7";"Rue de Courlancy";"49,2476900000";"4,0148500000"