"Num_Acc";"jour";"mois";"an";"hrmn";"lum";"dep";"com";"agg";"int";"atm";"col";"adr";"lat";"long"
"202100036416";"3";"06";"2021";"12:10";"1";"51";"51058";"2";"1";"1";"2";"Avenue FranÃ§ois Jacob";"49,2186100000";"4,0041300000"
"202100036417";"3";"06";"2021";"17:45";"1";"51";"51108";"2";"1";"1";"7";"Rue du Docteur Pellier";"48,9649600000";"4,3670700000"
"202100036418";"3";"06";"2021";"21:05";"1";"50";"50502";"2";"6";"1";"3";"CARENTAN";"49,1168200000";" -1,0943700000"
"202100036419";"28";"05";"2021";"21:20";"1";"50";"50218";"2";"1";"1";"6";"LIBERATION (AV DE LA)";"48,8415900000";" -1,5919600000"
"202100036420";"4";"06";"2021";"19:35";"1";"49";"49007";"2";"1";"1";"7";"MONPLAISIR BOULEVARD";"47,4870000000";" -0,5152000000"
"202100036421";"4";"06";"2021";"13:15";"1";"49";"49007";"2";"1";"3";"2";"ARBRISSEL";"47,4435000000";" -0,5562000000"
"202100036422";"1";"06";"2021";"15:10";"1";"49";"49007";"2";"1";"1";"7";"HARAS ALLEE ET RUE";"47,4650100000";" -0,5491900000"
"202100036423";"4";"06";"2021";"08:55";"1";"49";"49246";"2";"1";"2";"7";"GAULLE RUE CHARLES DE";"47,4242400000";" -0,5247100000"
"202100036424";"3";"06";"2021";"17:05";"1";"49";"49007";"2";"1";"1";"6";"ALLONNEAU(AUGUSTE) BOULEVARD";"47,4840000000";" -0,5269000000"
"202100036425";"3";"06";"2021";"11:50";"1";"42";"42207";"2";"1";"1";"6";"Avenue de la LibÃ©ration";"45,4730400000";"4,5169100000"
"202100036426";"4";"06";"2021";"17:20";"1";"38";"38185";"2";"3";"1";"1";"RUE MAURICE DODERO";"45,1646800000";"5,7304700000"
"202100036427";"4";"06";"2021";"12:10";"1";"38";"38185";"2";"1";"1";"3";"JEAN PERROT (AVENUE)";"45,1820800000";"5,7340500000"
"202100036428";"4";"06";"2021";"20:50";"2";"37";"37233";"2";"6";"1";"7";"POMPIDOU (AVENUE GEORGES)";"47,3781669835";"0,7148140669"
"202100036429";"4";"06";"2021";"15:09";"1";"37";"37261";"1";"1";"2";"6";"MAGINOT (AV. ANDRE)";"47,4137300000";"0,6867100000"
"202100036430";"3";"06";"2021";"08:55";"1";"37";"37261";"2";"9";"1";"6";"COLOMB (RUE CHRISTOPHE)";"47,3783066154";"0,7011926182"
"202100036431";"4";"06";"2021";"19:00";"1";"35";"35238";"2";"6";"7";"3";"CHATILLON (DE)";"48,0998900000";" -1,6722000000"
"202100036432";"4";"06";"2021";"15:10";"1";"35";"35238";"2";"1";"1";"4";"TOUR D'AUVERGNE (BD DE LA)";"48,1030200000";" -1,6842400000"
"202100036433";"5";"06";"2021";"00:15";"5";"33";"33063";"2";"3";"1";"3";"Rue Stehelin";"44,8562000000";" -0,6285100000"
"202100036434";"4";"06";"2021";"11:30";"1";"33";"33039";"2";"3";"3";"6";"Route de Toulouse";"44,8060800000";" -0,5727400000"
"202100036435";"4";"06";"2021";"11:20";"1";"33";"33318";"2";"3";"2";"6";"Avenue Roger CohÃ©";"44,8078700000";" -0,6321730000"
"202100036436";"4";"06";"2021";"07:28";"1";"31";"31555";"2";"1";"1";"3";"AV DE CASTRES";"43,5959300000";"1,4851600000"
"202100036437";"4";"06";"2021";"19:10";"1";"29";"29019";"2";"6";"1";"3";"Rue de Gouesnou";"48,4144400000";" -4,4684100000"
"202100036438";"30";"05";"2021";"20:09";"1";"29";"29019";"2";"1";"1";"1";"Boulevard Jean Moulin";"48,3924800000";" -4,4980700000"
"202100036439";"4";"06";"2021";"16:10";"1";"28";"28332";"1";"1";"1";"3";"N 154 (ROCADE)";"48,7306300000";"1,3900500000"
"202100036440";"4";"06";"2021";"09:25";"1";"27";"27562";"2";"2";"2";"6";"PRES (RUE DES)";"49,1015500000";"1,4505000000"
"202100036441";"4";"06";"2021";"16:45";"1";"25";"25204";"1";"1";"8";"3";"Route DÃ©partementale 437";"46,9366400000";"6,3709100000"
"202100036442";"4";"06";"2021";"19:20";"1";"25";"25056";"2";"1";"1";"2";"DOLE RUE DE (entre 185 e 200)";"47,2257100000";"5,9754700000"
"202100036443";"4";"06";"2021";"19:35";"1";"17";"17300";"2";"1";"1";"1";"RONDEAU   BOULEVARD ARISTIDE";"46,1585230000";" -1,1865240000"
"202100036444";"4";"06";"2021";"19:00";"2";"13";"13211";"2";"1";"1";"3";"BARASSE";"43,2862400000";"5,4761500000"
"202100036445";"4";"06";"2021";"17:15";"1";"13";"13207";"2";"1";"1";"5";"RIVE NEUVE (QUAI)";"43,2927700000";"5,3683700000"
"202100036446";"3";"06";"2021";"19:04";"1";"13";"13203";"2";"1";"1";"2";"PLOMBIERES (BOULEVARD DES)";"43,3178500000";"5,3804790000"
"202100036447";"4";"06";"2021";"14:45";"1";"13";"13203";"2";"2";"1";"3";"NATIONAL (BOULEVARD)";"43,3077800000";"5,3816800000"
"202100036448";"3";"06";"2021";"22:20";"5";"13";"13206";"2";"1";"1";"5";"LIEUTAUD (COURS)";"43,2942300000";"5,3822900000"
"202100036449";"3";"06";"2021";"22:00";"3";"13";"13201";"2";"2";"1";"3";"SAINT FERREOL (RUE)      2 A 62";"43,2949200000";"5,3775200000"
"202100036450";"3";"06";"2021";"13:00";"1";"13";"13207";"2";"3";"1";"3";"SAINTE (RUE)";"43,2912000000";"5,3692900000"
"202100036451";"3";"06";"2021";"17:25";"1";"13";"13005";"2";"1";"1";"1";"THUILIERE (CHEMIN DE LA CD44)";"43,2935000000";"5,5541900000"
"202100036452";"4";"06";"2021";"16:30";"1";"10";"10333";"2";"1";"1";"4";"CHARLES DE REFUGE (RUE)";"48,2803000000";"4,0499000000"
"202100036453";"4";"06";"2021";"10:49";"1";"10";"10081";"1";"9";"1";"6";"ROCADE OUEST (RD 610)";"48,3296500000";"4,0441600000"
"202100036454";"4";"06";"2021";"09:40";"1";"10";"10387";"2";"9";"1";"6";"RAYMOND POINCARE (RUE)";"48,2967500000";"4,0757300000"
"202100036455";"4";"06";"2021";"16:05";"1";"07";"07281";"1";"6";"8";"5";"AVENUE DU 8 MAI";"44,9456000000";"4,8523500000"
"202100036456";"4";"06";"2021";"07:25";"1";"06";"06088";"2";"1";"1";"6";"MATISSE (AV. HENRI)";"43,6748400000";"7,2112100000"
"202100036457";"2";"06";"2021";"23:00";"5";"06";"06088";"2";"2";"1";"3";"FREMONT (AV.)";"43,6788070000";"7,2280820000"
"202100036458";"1";"06";"2021";"20:25";"1";"06";"06104";"2";"3";"1";"3";"CAP MARTIN (PROMENADE DU)";"43,7591330000";"7,4827600000"
"202100036459";"4";"06";"2021";"18:10";"1";"06";"06069";"2";"1";"1";"1";"ROUQUIER (BOULEVARD EMMANUEL)";"43,6253790000";"6,9350280000"
"202100036460";"4";"06";"2021";"12:50";"1";"06";"06069";"2";"1";"1";"2";"CHASSEURS ALPINS (ROND-POINT)";"43,6505300000";"6,9220600000"
"202100036461";"4";"06";"2021";"09:30";"1";"04";"04112";"2";"1";"1";"6";"Av Georges Pompidou";"43,8225100000";"5,7866200000"
"202100036462";"3";"06";"2021";"18:46";"1";"75";"75117";"2";"2";"1";"6";"BOULEVARD BERTHIER";"48,8862400000";"2,2944600000"
"202100036463";"4";"06";"2021";"14:10";"1";"75";"75105";"2";"4";"2";"3";"RUE GEOFFROY SAINT HILAIRE";"48,8400909278";"2,3563541812"
"202100036464";"4";"06";"2021";"17:50";"1";"75";"75118";"2";"1";"8";"3";"BOULEVARD NEY";"48,8986700000";"2,3672440000"
"202100036465";"4";"06";"2021";"01:25";"5";"75";"75117";"2";"2";"1";"3";"AVENUE DE LA PORTE DE CLICHY";"48,8944620000";"2,3134850000"
"202100036466";"3";"06";"2021";"09:00";"1";"75";"75117";"2";"1";"1";"6";"AVENUE DE LA PORTE DE CLICHY";"48,8955520000";"2,3114440000"
"202100036467";"4";"06";"2021";"08:45";"1";"75";"75116";"2";"1";"1";"2";"ALLEE DE LA REINE MARGUERITE";"48,8601370000";"2,2459210000"
"202100036468";"4";"06";"2021";"16:20";"1";"75";"75115";"2";"7";"1";"6";"RUE DUPLEIX";"48,8513450000";"2,2965530000"
"202100036469";"4";"06";"2021";"14:15";"1";"75";"75115";"2";"3";"8";"3";"AVENUE DE LA MOTTE PICQUET";"48,8495320000";"2,2985400000"
"202100036470";"3";"06";"2021";"12:30";"1";"75";"75115";"2";"1";"1";"3";"RUE DU DEPART";"48,8415340000";"2,3219710000"
"202100036471";"3";"06";"2021";"18:15";"1";"75";"75114";"2";"1";"1";"6";"AVENUE DU MAINE";"48,8338020000";"2,3244580000"
"202100036472";"4";"06";"2021";"09:45";"1";"75";"75112";"2";"7";"2";"1";"PLACE LACHAMBEAUDIE";"48,8359030000";"2,3864890000"
"202100036473";"3";"06";"2021";"22:56";"5";"75";"75112";"2";"3";"1";"2";"COURS DE VINCENNES";"48,8474270000";"2,4034040000"
"202100036474";"4";"06";"2021";"07:45";"1";"75";"75111";"2";"1";"3";"6";"BOULEVARD DE BELLEVILLE";"48,8684030000";"2,3811840000"
"202100036475";"4";"06";"2021";"10:10";"1";"75";"75108";"2";"4";"1";"2";"AVENUE DE FRIEDLAND";"48,8742390000";"2,2995910000"
"202100036476";"3";"06";"2021";"12:20";"1";"94";"94081";"2";"1";"1";"2";"JEAN JAURES (AV)";"48,7931600000";"2,4011200000"
"202100036477";"4";"06";"2021";"09:00";"1";"94";"94076";"2";"1";"2";"7";"JEAN JAURES (R)";"48,7920152968";"2,3665188659"
"202100036478";"4";"06";"2021";"20:50";"2";"94";"94041";"2";"2";"8";"6";"Avenue Danielle Casanova";"48,8124900000";"2,3861900000"
"202100036479";"4";"06";"2021";"17:50";"1";"94";"94017";"2";"1";"8";"1";"MUSSELBURGH (R DE)";"48,8114200000";"2,5152800000"
"202100036480";"2";"06";"2021";"15:20";"1";"94";"94017";"2";"1";"1";"3";"JEAN JAURES (R)";"48,8137900000";"2,5102200000"
"202100036481";"4";"06";"2021";"08:40";"1";"94";"94071";"2";"3";"2";"6";"Rue du Clos de Pacy";"48,7731520075";"2,5180001557"
"202100036482";"4";"06";"2021";"07:10";"1";"93";"93078";"2";"2";"2";"3";"Boulevard Robert Ballanger / Avenue Jacques Duclos";"48,9588520000";"2,5493360000"
"202100036483";"4";"06";"2021";"17:30";"1";"93";"93072";"2";"7";"1";"1";"MARCEL POINTET (PLACE) DES NÂ°2-4 AU 14";"48,9516300000";"2,3818900000"
"202100036484";"4";"06";"2021";"11:05";"1";"93";"93055";"2";"9";"1";"6";"EDOUARD VAILLANT DU 1 A FIN.";"48,9020090000";"2,3935850000"
"202100036485";"3";"06";"2021";"17:20";"1";"93";"93051";"2";"1";"1";"2";"Avenue du Pave Neuf";"48,8403300000";"2,5511100000"
"202100036486";"4";"06";"2021";"20:40";"1";"93";"93048";"2";"1";"1";"3";"Boulevard Aristide Briand";"48,8750000000";"2,4553000000"
"202100036487";"4";"06";"2021";"10:40";"1";"93";"93048";"2";"1";"1";"1";"GABRIEL PERI (AVENUE)";"48,8575400000";"2,4395830000"
"202100036488";"4";"06";"2021";"20:40";"1";"93";"93047";"2";"3";"1";"3";"Avenue Daniel PerdrigÃ© / Chemin du Clos Roger";"48,8946400000";"2,5590300000"
"202100036489";"4";"06";"2021";"22:24";"4";"93";"93007";"2";"1";"1";"1";"ANATOLE SIGONNEAU (RUE)";"48,9533000000";"2,4590900000"
"202100036490";"3";"06";"2021";"12:50";"1";"92";"92050";"2";"3";"1";"6";"NATIONAL (BOULEVARD)";"48,8880316805";"2,1848496795"
"202100036491";"4";"06";"2021";"19:00";"1";"92";"92062";"2";"1";"1";"3";"JAURES (RUE JEAN) DU 114 AU 2";"48,8827021119";"2,2405084611"
"202100036492";"4";"06";"2021";"11:05";"1";"92";"92062";"2";"9";"8";"2";"KUPKA (RUE FRANCK) TOUR";"48,8907833965";"2,2342008321"
"202100036493";"4";"06";"2021";"13:18";"1";"92";"92050";"2";"9";"1";"6";"LENINE VLADIMIR ILITCH AVENUE";"48,8882662304";"2,1931366802"
"202100036494";"3";"06";"2021";"17:30";"1";"92";"92060";"2";"9";"1";"3";"GALILEE (AVENUE)";"48,7739700000";"2,2448800000"
"202100036495";"4";"06";"2021";"12:30";"1";"92";"92012";"2";"2";"8";"6";"ANDRE MORIZET (AVENUE) 1/47 - 2/52";"48,8350111549";"2,2412806749"
"202100036496";"3";"06";"2021";"17:05";"1";"92";"92012";"2";"6";"1";"6";"ANDRE MORIZET (AVENUE) - 49/FIN - 54/FIN";"48,8406118984";"2,2288358574"
"202100036497";"5";"06";"2021";"09:30";"1";"95";"95313";"2";"1";"1";"3";"Avenue de Paris";"49,1114577856";"2,2217327356"
"202100036498";"5";"06";"2021";"19:30";"1";"95";"95487";"2";"1";"1";"3";"Rue Gambetta";"49,1489350000";"2,2690420000"
"202100036499";"4";"06";"2021";"15:30";"1";"42";"42294";"1";"2";"3";"3";"Route de Pradines";"46,0081780000";"4,1301140000"
"202100036500";"4";"06";"2021";"20:18";"2";"52";"52312";"1";"1";"3";"6";"A31 PK 111+000";"47,8871254760";"5,2231246240"
"202100036501";"4";"06";"2021";"17:50";"1";"54";"54322";"2";"3";"8";"3";"1 Rue Ottawa";"49,4424067505";"5,5953186758"
"202100036502";"4";"06";"2021";"22:20";"3";"01";"01109";"1";"1";"2";"6";"D984";"46,1235370000";"5,9000340000"
"202100036503";"4";"06";"2021";"19:10";"1";"29";"29116";"1";"1";"1";"2";"N12";"48,4968720000";" -4,1928290000"
"202100036504";"19";"05";"2021";"07:00";"2";"74";"74272";"1";"6";"1";"3";"D1508";"45,9464870000";"6,0487940000"
"202100036505";"4";"06";"2021";"13:20";"1";"06";"06033";"1";"1";"1";"1";"1104 Route de GattiÃ¨res";"43,7841780000";"7,1772290000"
"202100036506";"1";"06";"2021";"14:45";"1";"74";"74180";"2";"1";"1";"6";"56 R du Veret";"46,3520450000";"6,2985780000"
"202100036507";"4";"06";"2021";"17:25";"1";"82";"82179";"1";"1";"2";"3";"Chemin de Bartalbenque";"44,1643440000";"1,6044970000"
"202100036508";"5";"06";"2021";"08:20";"1";"32";"32462";"2";"1";"1";"6";"PK 16+600 - Route de Mouchan - RD 35";"43,7698600000";"0,3023630000"
"202100036509";"4";"06";"2021";"21:10";"3";"42";"42096";"1";"1";"3";"1";"M3";"45,5390700000";"4,4427640000"
"202100036510";"5";"06";"2021";"00:00";"3";"46";"46126";"1";"1";"1";"6";"D660";"44,5783020000";"1,1842920000"
"202100036511";"4";"06";"2021";"16:45";"1";"29";"29078";"2";"1";"1";"6";"18 Route du Faou";"48,3254590000";" -4,1623380000"
"202100036512";"2";"06";"2021";"09:30";"1";"39";"39325";"1";"3";"1";"7";"N/A";"46,9116810000";"5,8210270000"
"202100036513";"4";"06";"2021";"16:50";"1";"38";"38167";"2";"1";"1";"1";"Route du Pilon";"45,4677860000";"5,3213630000"
"202100036514";"5";"06";"2021";"13:50";"1";"38";"38313";"2";"1";"1";"7";"Rue du Mont Aiguille";"44,8897180000";"5,7960470000"
"202100036515";"5";"06";"2021";"03:00";"5";"02";"02757";"2";"1";"1";"7";"27 Rue des Ecoles";"49,9205110000";"3,5644950000"
"202100036516";"5";"06";"2021";"18:20";"1";"02";"02399";"2";"1";"8";"3";"14 Rue de Verdun";"49,4464910000";"3,8921320000"
"202100036517";"4";"06";"2021";"11:40";"1";"84";"84017";"1";"1";"1";"7";"Chemin des granges";"44,1190950000";"5,1983790000"
"202100036518";"4";"06";"2021";"16:00";"1";"03";"03120";"1";"9";"1";"6";"L'Haut Brenot";"46,6322620000";"3,6557700000"
"202100036519";"4";"06";"2021";"14:15";"1";"54";"54400";"2";"1";"1";"6";"30 Rue Georges ClÃ©menceau";"48,8881690000";"6,2267090000"
"202100036520";"4";"06";"2021";"18:25";"1";"14";"14401";"1";"1";"7";"7";"D514";"49,3321840000";" -0,6707020000"
"202100036521";"2";"06";"2021";"17:15";"1";"64";"64371";"2";"3";"1";"2";"rue du pic d'orhy";"43,2197900000";" -0,8933200000"
"202100036522";"4";"06";"2021";"17:50";"1";"43";"43084";"1";"9";"2";"6";"Route Nationale 88";"44,9792500000";"3,8578320000"
"202100036523";"4";"06";"2021";"09:30";"1";"10";"10033";"2";"9";"7";"6";"Boulevard du 14 Juillet";"48,2320490000";"4,7110180000"
"202100036524";"3";"06";"2021";"13:00";"1";"24";"24448";"1";"1";"1";"7";"Le Breuil";"45,3159890000";"1,0516300000"
"202100036525";"5";"06";"2021";"09:10";"1";"04";"04018";"1";"1";"1";"6";"RD 950 - Le Largue (Buse)";"44,0188590000";"5,6814440000"
"202100036526";"4";"06";"2021";"21:10";"1";"85";"85175";"1";"1";"1";"6";"RD7";"46,6029730000";" -1,1538000000"
"202100036527";"4";"06";"2021";"22:45";"4";"27";"27638";"2";"1";"1";"6";"RUE FRANCOIS MITTERAND";"49,2560840000";"0,9263870000"
"202100036528";"5";"06";"2021";"11:11";"1";"48";"48039";"1";"1";"1";"6";"RN88";"44,4770680000";"3,3483520000"
"202100036529";"4";"06";"2021";"22:45";"5";"08";"08370";"2";"1";"1";"6";"Route de Servion";"49,7878690000";"4,4965140000"
"202100036530";"5";"06";"2021";"16:30";"1";"13";"13118";"1";"3";"1";"3";"D10";"43,5503440000";"5,2365570000"
"202100036531";"4";"06";"2021";"07:58";"1";"06";"06018";"1";"3";"1";"1";"Rue Albert Caquot";"43,6173340000";"7,0595930000"
"202100036532";"1";"06";"2021";"06:40";"1";"06";"06088";"1";"1";"1";"5";"A8 PK 197+700 SUD";"43,7285310000";"7,2604310000"
"202100036533";"5";"06";"2021";"15:55";"1";"13";"13076";"1";"1";"1";"2";"Aire de Cavaillon (Aire de repos)";"43,8320120000";"5,0095370000"
"202100036534";"3";"06";"2021";"06:10";"2";"987";"98733";"2";"1";"1";"1";"Pk 24300 c/mer sens PAPEETE/PAPARA";" -17,6899310000";" -149,5483490000"
"202100036535";"5";"06";"2021";"07:30";"1";"988";"98808";"1";"1";"1";"7";"Ãcole de Wani";" -21,3188990000";"165,5729550000"
"202100036536";"4";"06";"2021";"23:30";"3";"973";"97311";"1";"1";"1";"1";"Avenue Jean Galmot";"5,5462370000";" -53,9411330000"
"202100036537";"12";"03";"2021";"15:20";"1";"45";"45155";"2";"1";"3";"6";"D622-PR 0 + 466";"47,6943680000";"2,6486920000"
"202100036538";"5";"06";"2021";"03:00";"3";"2B";"2B172";"1";"3";"1";"6";"intersection D62 / D162";"42,5952540000";"9,3204560000"
"202100036539";"4";"06";"2021";"08:15";"1";"2B";"2B042";"2";"1";"1";"3";"Avenue de Borgo";"42,5577000000";"9,4414720000"
"202100036540";"5";"06";"2021";"16:15";"1";"05";"05081";"1";"1";"1";"6";"RD 994 PK23+021";"44,4157280000";"5,6522510000"
"202100036541";"2";"06";"2021";"13:30";"1";"13";"13089";"1";"3";"1";"3";"D26";"43,8326690000";"4,9886350000"
"202100036542";"4";"06";"2021";"14:10";"1";"89";"89257";"1";"4";"1";"1";"D377";"47,9583370000";"3,5040650000"
"202100036543";"4";"06";"2021";"09:39";"1";"71";"71420";"1";"1";"1";"2";"D18 - PK 5+200";"46,6682580000";"4,9501130000"
"202100036544";"4";"06";"2021";"16:30";"1";"71";"71250";"1";"1";"8";"6";"Route de Macon";"46,3886330000";"4,8034070000"
"202100036545";"4";"06";"2021";"19:15";"1";"42";"42005";"2";"9";"3";"6";"Rue Edouard Garet";"45,5342020000";"4,2868620000"
"202100036546";"5";"06";"2021";"15:45";"1";"38";"38328";"1";"1";"1";"6";"160 CHEMIN DE MAUPAS";"45,2508990000";"5,7241210000"
"202100036547";"4";"06";"2021";"20:15";"1";"69";"69192";"1";"1";"2";"1";"D504 - Col du Parasoir";"46,0301783874";"4,5378577709"
"202100036548";"5";"06";"2021";"13:10";"1";"81";"81271";"2";"2";"1";"3";"Route de Garrigues";"43,7679910000";"1,6882200000"
"202100036549";"5";"06";"2021";"09:15";"1";"65";"65123";"1";"1";"8";"6";"Route des 2 Cols";"42,9964180000";"0,2050770000"
"202100036550";"5";"06";"2021";"20:00";"1";"79";"79049";"2";"1";"1";"3";"Rue Jean Jaures";"46,8414990000";" -0,4902970000"
"202100036551";"4";"06";"2021";"21:30";"2";"64";"64325";"1";"1";"2";"7";"D34";"43,1632990000";" -0,4574670000"
"202100036552";"4";"06";"2021";"07:50";"1";"33";"33109";"2";"3";"2";"3";"N/A";"44,6959010000";" -0,4404130000"
"202100036553";"4";"06";"2021";"21:50";"2";"44";"44168";"1";"1";"1";"7";"RD 50";"47,3780400000";" -2,1976000000"
"202100036554";"5";"06";"2021";"18:45";"1";"27";"27213";"1";"4";"1";"3";"ForÃªt-la-folie";"49,2184800000";"1,5288380000"
"202100036555";"5";"06";"2021";"05:00";"2";"60";"60141";"2";"2";"1";"1";"Rue de Paris";"49,1932380000";"2,4651650000"
"202100036556";"5";"06";"2021";"02:15";"5";"60";"60513";"2";"1";"1";"1";"D92";"49,2043080000";"2,3821120000"
"202100036557";"5";"06";"2021";"09:00";"1";"60";"60316";"1";"9";"1";"3";"D2";"49,3327500000";"2,1321200000"
"202100036558";"5";"06";"2021";"16:00";"1";"80";"80685";"2";"1";"1";"1";"Rue des Cordeliers";"49,6985710000";"2,7848790000"
"202100036559";"1";"06";"2021";"17:45";"1";"13";"13071";"1";"1";"1";"2";"A5502G-sens Martigues vers A7-Marseille";"43,3988800000";"5,2920100000"
"202100036560";"1";"06";"2021";"18:40";"1";"13";"13215";"1";"1";"2";"2";"A7-Sens Lyon vers Marseille";"43,3651200000";"5,3605400000"
"202100036561";"2";"06";"2021";"13:10";"1";"13";"13211";"1";"1";"1";"2";"A50-Sens Marseille vers Aubagne";"43,2927800000";"5,4549100000"
"202100036562";"25";"05";"2021";"19:10";"1";"13";"13015";"1";"1";"1";"3";"A515CD-Gardanne vers A51-Marseille";"43,4289400000";"5,4072240000"
"202100036563";"2";"06";"2021";"14:34";"1";"69";"69281";"1";"1";"1";"2";"A46S   49.160 A 53.980";"45,6423800000";"4,9001900000"
"202100036564";"4";"06";"2021";"12:30";"1";"33";"33281";"1";"1";"2";"4";"ROCADE A 630";"44,8488050000";" -0,6685370000"
"202100036565";"6";"06";"2021";"19:45";"1";"59";"59043";"1";"1";"1";"6";"AUTOROUTE A25";"50,7162298448";"2,7621761545"
"202100036566";"4";"06";"2021";"09:10";"1";"94";"94034";"1";"1";"8";"2";"AUTOROUTE A86";"48,7558100000";"2,3423700000"
"202100036567";"3";"05";"2021";"22:15";"3";"92";"92072";"1";"1";"1";"7";"N118";"48,8248639427";"2,2211393652"
"202100036568";"4";"06";"2021";"15:20";"1";"93";"93078";"1";"1";"3";"2";"AUTOROUTE A104";"48,9579300000";"2,5308600000"
"202100036569";"3";"06";"2021";"22:15";"3";"95";"95028";"1";"1";"1";"6";"RN 104";"49,0637573911";"2,3315233596"
"202100036570";"3";"06";"2021";"15:50";"1";"976";"97611";"2";"1";"1";"6";"mamoudzou centre-Rassi Boina KaÃ¯m (rue)";" -12,7841300000";"45,2296400000"
"202100036571";"3";"06";"2021";"08:40";"1";"95";"95019";"2";"1";"1";"6";"COUTURIER PAUL VAILLANT (AVENUE)";"48,9833700000";"2,4194300000"
"202100036572";"23";"02";"2021";"19:30";"5";"93";"93079";"2";"1";"1";"6";"SAINT LEU (ROUTE)";"48,9519677640";"2,3383698692"
"202100036573";"3";"06";"2021";"08:00";"1";"974";"97416";"1";"1";"1";"7";"MITTERAND (AVENUE DU PDT)";" -21,3485700000";"55,4983700000"
"202100036574";"3";"06";"2021";"11:10";"1";"974";"97411";"2";"1";"2";"7";"CHAUDRON  (BLD 1 DU)";" -20,8870200000";"55,4896800000"
"202100036575";"3";"06";"2021";"08:45";"1";"974";"97411";"2";"1";"1";"1";"RAIMBAULT (CHEMIN DU PERE)";" -20,9113000000";"55,4049200000"
"202100036576";"2";"06";"2021";"15:00";"1";"974";"97411";"1";"1";"1";"6";"LANCASTEL (BOULEVARD)";" -20,8767000000";"55,4558300000"
"202100036577";"21";"05";"2021";"23:10";"5";"974";"97407";"2";"6";"1";"7";"COMPAGNIE DES INDES (BD DE LA) ";" -20,9447100000";"55,3170300000"
"202100036578";"3";"06";"2021";"17:20";"1";"973";"97302";"2";"1";"1";"3";"MONTABO (ROUTE DE) 1";"4,9395600000";" -52,3010900000"
"202100036579";"3";"06";"2021";"17:45";"1";"69";"69383";"2";"1";"1";"4";"SERVIENT (R)";"45,7602447730";"4,8461838302"
"202100036580";"31";"05";"2021";"19:59";"5";"972";"97213";"1";"1";"1";"6";"AUTOROUTE A1";"14,6171100000";" -61,0166000000"
"202100036581";"3";"06";"2021";"01:15";"5";"972";"97213";"2";"1";"1";"6";"GRAND CARAIBE (RUE DU)";"14,6211050000";" -61,0285810000"
"202100036582";"3";"06";"2021";"17:35";"1";"69";"69081";"1";"9";"1";"3";"FRANKLIN ROOSEVELT (AV)";"45,7672000000";"4,7693800000"
"202100036583";"3";"06";"2021";"16:40";"1";"69";"69286";"2";"3";"7";"3";"ROBERT DESNOS (R)";"45,8232300000";"4,9041700000"
"202100036584";"3";"06";"2021";"18:10";"1";"95";"95680";"2";"9";"1";"3";"SALVADOR ALLENDE (BOULEVARD)";"49,0042700000";"2,3947500000"
"202100036585";"2";"06";"2021";"08:00";"1";"95";"95598";"2";"1";"7";"1";"Rue dâEaubonne";"48,9902500000";"2,2984290000"
"202100036586";"2";"06";"2021";"12:35";"1";"95";"95127";"2";"2";"1";"3";"EMBELLIE (AVENUE DE L')";"49,0464300000";"2,0294500000"
"202100036587";"3";"06";"2021";"13:53";"1";"91";"91692";"2";"1";"1";"2";"CEVENNES (RUE DES)";"48,6796900000";"2,1740400000"
"202100036588";"3";"06";"2021";"19:31";"1";"91";"91589";"2";"2";"1";"3";"AV CHARLES DE GAULLE";"48,6768500000";"2,3498300000"
"202100036589";"2";"06";"2021";"19:21";"1";"87";"87085";"2";"2";"1";"3";"JOURDAN (PLACE)";"45,8322400000";"1,2646400000"
"202100036590";"1";"06";"2021";"17:50";"1";"80";"80021";"2";"1";"1";"3";"COLBERT (RUE )";"49,8941700000";"2,2775800000"
"202100036591";"3";"06";"2021";"11:10";"1";"78";"78440";"2";"1";"1";"6";"STENDHAL (RUE)";"48,9804240000";"1,9065460000"
"202100036592";"2";"06";"2021";"16:55";"1";"74";"74281";"2";"6";"1";"3";"EVIAN (AVENUE D')";"46,3780700000";"6,4902700000"
"202100036593";"2";"06";"2021";"11:15";"1";"74";"74012";"2";"2";"2";"2";"DE GAULLE (AVENUE CHARLES)";"46,1862700000";"6,2477300000"
"202100036594";"1";"06";"2021";"18:25";"1";"74";"74010";"2";"9";"1";"6";"FRANCE (AVENUE)(SECTEUR 310)";"45,9172000000";"6,1328000000"
"202100036595";"2";"06";"2021";"14:00";"1";"72";"72181";"2";"3";"1";"3";"GENESLAY FELIX (AV) NÂ° PAIRS 2 A 144";"47,9812300000";"0,2096000000"
"202100036596";"3";"06";"2021";"08:55";"1";"71";"71306";"1";"3";"1";"3";"Rue de Chez Lecuyer";"46,6632900000";"4,3358000000"
"202100036597";"2";"06";"2021";"10:45";"1";"71";"71270";"2";"1";"1";"4";"Avenue Charles de Gaulle";"46,3147708404";"4,8362453096"
"202100036598";"3";"06";"2021";"16:20";"1";"69";"69290";"2";"1";"1";"6";"SALVADOR ALLENDE (R)";"45,7033000000";"4,9348200000"
"202100036599";"2";"06";"2021";"22:00";"5";"67";"67482";"2";"3";"1";"3";"ROMAINS (ROUTE DES)";"48,5800500000";"7,6971700000"
"202100036600";"2";"06";"2021";"16:50";"1";"67";"67482";"2";"1";"1";"1";"DOME (RUE DU)";"48,5835000000";"7,7501900000"
"202100036601";"2";"06";"2021";"19:55";"1";"64";"64102";"2";"1";"1";"3";"URSUYA (AVENUE DE L')";"43,4786600000";" -1,4945200000"
"202100036602";"3";"06";"2021";"07:47";"1";"63";"63113";"2";"1";"1";"6";"CHAMPFLEURI (RUE DE)";"45,7900600000";"3,0944600000"