"Num_Acc";"jour";"mois";"an";"hrmn";"lum";"dep";"com";"agg";"int";"atm";"col";"adr";"lat";"long"
"202100036603";"2";"06";"2021";"10:24";"1";"63";"63019";"2";"1";"1";"6";"RABELAIS (DU)";"45,7952500000";"3,1636400000"
"202100036604";"3";"06";"2021";"17:05";"1";"59";"59560";"1";"1";"7";"1";"CD 925";"50,5368900000";"3,0279700000"
"202100036605";"3";"06";"2021";"04:50";"2";"59";"59350";"2";"2";"1";"6";"DUNKERQUE AVENUE DE";"50,6306900000";"3,0347700000"
"202100036606";"2";"06";"2021";"12:25";"1";"59";"59375";"2";"1";"1";"3";"DECOURS(RUE)";"50,4105700000";"3,2778200000"
"202100036607";"2";"06";"2021";"13:40";"1";"56";"56121";"2";"1";"8";"3";"EAU-COURANTE  ( BD DE L' )";"47,7534800000";" -3,3665200000"
"202100036608";"3";"06";"2021";"12:45";"1";"49";"49267";"2";"1";"1";"6";"A87N";"47,4654200000";" -0,5166000000"
"202100036609";"2";"06";"2021";"07:02";"1";"49";"49015";"2";"1";"2";"1";"MENDES FRANCE AVENUE PIERRE";"47,4936700000";" -0,5761000000"
"202100036610";"2";"06";"2021";"07:10";"2";"48";"48095";"2";"1";"2";"6";"CHARLES DE GAULLE (PLACE)";"44,5179310000";"3,5015410000"
"202100036611";"29";"05";"2021";"04:00";"5";"48";"48095";"2";"3";"2";"7";"HUIT MAI 1945 (AVENUE DU)";"44,5230960000";"3,4956960000"
"202100036612";"3";"06";"2021";"11:00";"1";"44";"44109";"2";"1";"1";"3";"COURS JOHN KENNEDY";"47,2153100000";" -1,5477900000"
"202100036613";"3";"06";"2021";"06:50";"1";"44";"44109";"2";"1";"2";"3";"JOST ( RUE LEON )";"47,2385700000";" -1,5683700000"
"202100036614";"1";"06";"2021";"19:40";"1";"42";"42218";"2";"4";"7";"6";"Rue du Colonel Fabien";"45,4345600000";"4,4373800000"
"202100036615";"1";"06";"2021";"10:45";"1";"42";"42183";"2";"9";"1";"3";"Rue de la BÃ©raudiÃ¨re";"45,4144023094";"4,3752567619"
"202100036616";"2";"06";"2021";"08:45";"1";"37";"37261";"2";"2";"2";"6";"NATIONALE (RUE)";"47,3929303241";"0,6876774878"
"202100036617";"3";"06";"2021";"08:50";"1";"33";"33069";"2";"2";"1";"3";"Route du MÃ©doc";"44,8742600000";" -0,6186300000"
"202100036618";"2";"06";"2021";"21:10";"1";"32";"32013";"2";"6";"1";"7";"TOULOUSE (ROUTE DE)";"43,6539000000";"0,6112000000"
"202100036619";"3";"06";"2021";"16:20";"1";"31";"31555";"2";"3";"1";"3";"ZAY (AV JEAN) DU 11AU 49";"43,6515400000";"1,4260400000"
"202100036620";"3";"06";"2021";"02:20";"5";"31";"31555";"2";"1";"1";"7";"61 Boulevard de lâEmbouchure";"43,6131510000";"1,4293510000"
"202100036621";"2";"06";"2021";"19:20";"1";"31";"31555";"2";"1";"1";"6";"PL DU PDT THOMAS WILSON";"43,6049000000";"1,4467400000"
"202100036622";"1";"06";"2021";"10:20";"1";"30";"30189";"2";"1";"1";"3";"FRANCAIS LIBRES (BD)";"43,8376800000";"4,3203400000"
"202100036623";"2";"06";"2021";"08:20";"1";"29";"29232";"2";"1";"8";"1";"Allee de la Nouvelle Metairie";"48,0130520361";" -4,0976545914"
"202100036624";"3";"06";"2021";"17:14";"1";"27";"27229";"2";"3";"1";"3";"LEPOUZE (RUE)";"49,0286300000";"1,1553300000"
"202100036625";"2";"06";"2021";"19:46";"2";"25";"25462";"2";"1";"8";"6";"SALINS DE (DU 0 AU 15)";"46,9056600000";"6,3499400000"
"202100036626";"22";"05";"2021";"16:55";"1";"22";"22278";"2";"1";"1";"4";"RN12";"48,5062073475";" -2,7344490588"
"202100036627";"2";"06";"2021";"18:15";"1";"17";"17028";"2";"2";"1";"3";"FABIEN   RUE DU COLONEL";"46,1296600000";" -1,1165200000"
"202100036628";"3";"06";"2021";"06:07";"2";"15";"15014";"2";"1";"1";"6";"BRIAND (AVENUE ARISTIDE)";"44,9235700000";"2,4469900000"
"202100036629";"2";"06";"2021";"12:20";"1";"14";"14118";"2";"1";"1";"2";"Avenue Sainte ThÃ©rÃ¨se";"49,1699300000";" -0,3403400000"
"202100036630";"4";"06";"2021";"01:15";"5";"13";"13203";"2";"9";"1";"3";"PLOMBIERES (BOULEVARD DES)";"43,3189000000";"5,3788700000"
"202100036631";"3";"06";"2021";"21:45";"5";"13";"13209";"2";"2";"1";"3";"ROY D'ESPAGNE (CHEMIN)";"43,2441400000";"5,3964300000"
"202100036632";"2";"06";"2021";"17:40";"1";"13";"13004";"2";"1";"1";"3";"AV DES ARCHES";"43,6652200000";"4,6461300000"
"202100036633";"3";"06";"2021";"12:00";"1";"12";"12100";"2";"6";"1";"6";"RAMADIER (AVENUE DU PDT PAUL)";"44,5400500000";"2,3108600000"
"202100036634";"2";"06";"2021";"13:40";"1";"11";"11069";"1";"3";"8";"3";"VILLEMOUSTAUSSOU -ROUTE DE-";"43,2327200000";"2,3620600000"
"202100036635";"2";"06";"2021";"22:10";"5";"10";"10387";"2";"1";"1";"6";"PREIZE (RUE DE)";"48,3054800000";"4,0702100000"
"202100036636";"2";"06";"2021";"15:21";"1";"10";"10387";"2";"1";"1";"1";"QUATORZE JUILLET (RUE DU)";"48,2948600000";"4,0801100000"
"202100036637";"2";"06";"2021";"13:00";"1";"10";"10387";"2";"6";"1";"7";"BEGAND (RUE)";"48,2912000000";"4,0672800000"
"202100036638";"1";"06";"2021";"20:18";"1";"10";"10060";"1";"1";"1";"2";"ROCADE OUEST (RD 610)";"48,2516300000";"4,1104900000"
"202100036639";"3";"06";"2021";"12:00";"1";"06";"06088";"2";"9";"1";"6";"VITTONE (AV.)";"43,6716240000";"7,2142010000"
"202100036640";"3";"06";"2021";"15:40";"1";"06";"06123";"1";"3";"1";"3";"PUGETS ROUTE DES";"43,6941460000";"7,1828460000"
"202100036641";"2";"06";"2021";"11:50";"1";"05";"05061";"2";"1";"1";"4";"EYSSAGNIERES ( ROUTE DES )";"44,5508900000";"6,0551500000"
"202100036642";"31";"05";"2021";"17:30";"1";"75";"75118";"2";"1";"1";"3";"PORTE DE CLIGNANCOURT";"48,9007580000";"2,3371890000"
"202100036643";"3";"06";"2021";"10:15";"1";"75";"75118";"2";"1";"1";"3";"RUE ORDENER";"48,8912790000";"2,3511660000"
"202100036644";"3";"06";"2021";"15:50";"1";"75";"75117";"2";"2";"1";"3";"BOULEVARD BERTHIER";"48,8901170000";"2,3038080000"
"202100036645";"3";"06";"2021";"12:50";"1";"75";"75117";"2";"3";"1";"6";"AVENUE DE CLICHY";"48,8849370000";"2,3267550000"
"202100036646";"3";"06";"2021";"23:00";"5";"75";"75116";"2";"3";"1";"3";"BOULEVARD MURAT";"48,8444070000";"2,2570710000"
"202100036647";"3";"06";"2021";"20:05";"1";"75";"75115";"2";"1";"1";"2";"QUAI D ISSY LES MOULINEAUX";"48,8364470000";"2,2674810000"
"202100036648";"3";"06";"2021";"12:30";"1";"75";"75111";"2";"2";"1";"3";"RUE DE CHARONNE";"48,8551230000";"2,3871350000"
"202100036649";"3";"06";"2021";"14:47";"1";"75";"75108";"2";"3";"1";"6";"AVENUE DES CHAMPS ELYSEES";"48,8711120000";"2,3035210000"
"202100036650";"3";"06";"2021";"19:20";"1";"75";"75107";"2";"2";"1";"6";"RUE DE BABYLONE";"48,8516970000";"2,3190500000"
"202100036651";"3";"06";"2021";"14:00";"1";"75";"75107";"2";"1";"1";"3";"QUAI D ORSAY";"48,8625340000";"2,3192210000"
"202100036652";"3";"06";"2021";"15:50";"1";"94";"94076";"2";"2";"1";"6";"Boulevard Maxime Gorki";"48,7885800000";"2,3683500000"
"202100036653";"3";"06";"2021";"21:40";"2";"94";"94017";"2";"6";"1";"1";"MAURICE THOREZ (AV)";"48,8115200000";"2,5366100000"
"202100036654";"3";"06";"2021";"12:00";"1";"94";"94002";"2";"1";"1";"3";"VERON (R)";"48,8009300000";"2,4223100000"
"202100036655";"2";"06";"2021";"13:35";"1";"94";"94002";"2";"1";"1";"7";"Rue Charles de Gaulle";"48,8145100000";"2,4121300000"
"202100036656";"3";"06";"2021";"21:00";"2";"93";"93074";"2";"1";"1";"3";"ILE DE FRANCE RUE DE L'";"48,9369500000";"2,5742700000"
"202100036657";"3";"06";"2021";"12:15";"1";"93";"93072";"2";"1";"1";"6";"MAXIME GORKI (BOULEVARD) DES NÂ°1 AU 87";"48,9531200000";"2,3843700000"
"202100036658";"3";"06";"2021";"12:25";"1";"93";"93066";"2";"1";"8";"2";"Rue Danielle Casanova";"48,9264200000";"2,3663400000"
"202100036659";"3";"06";"2021";"07:15";"1";"93";"93066";"2";"1";"1";"3";"Rue du Landy";"48,9153280000";"2,3541950000"
"202100036660";"3";"06";"2021";"08:30";"1";"93";"93064";"2";"9";"1";"6";"LISBONNE (RUE DE)";"48,8802500000";"2,4738650000"
"202100036661";"27";"05";"2021";"23:05";"5";"93";"93053";"2";"3";"1";"3";"Rue de BrÃ©ment / Rue de Montreuil Ã  Claye";"48,8867600000";"2,4703400000"
"202100036662";"3";"06";"2021";"13:15";"1";"93";"93048";"2";"1";"1";"3";"Rue du Docteur Calmette";"48,8673930000";"2,4401410000"
"202100036663";"3";"06";"2021";"09:20";"1";"93";"93048";"2";"2";"1";"3";"Rue des Roches / Rue Edouard Branly";"48,8729720000";"2,4622200000"
"202100036664";"2";"06";"2021";"15:30";"1";"93";"93048";"2";"1";"1";"6";"GENERAL GALLIENI (RUE DU)";"48,8595400000";"2,4403900000"
"202100036665";"2";"06";"2021";"17:30";"1";"93";"93013";"2";"1";"8";"7";"LECLERC (AVENU DE LA DIVISION)";"48,9393600000";"2,4299900000"
"202100036666";"1";"06";"2021";"23:30";"5";"93";"93013";"2";"2";"1";"1";"Rue Edouard Vaillant / Avenue de la Division Leclerc";"48,9377900000";"2,4286400000"
"202100036667";"3";"06";"2021";"13:40";"1";"93";"93001";"2";"1";"1";"3";"FELIX FAURE (BLD)  => 118/119";"48,9029340000";"2,3840360000"
"202100036668";"2";"06";"2021";"12:55";"1";"92";"92078";"2";"1";"1";"3";"PIERRE BROSSOLETTE (RUE)";"48,9331910000";"2,3341110000"
"202100036669";"2";"06";"2021";"18:20";"1";"92";"92064";"2";"9";"1";"3";"MARECHAL JUIN";"48,8374708365";"2,2216433450"
"202100036670";"3";"06";"2021";"19:20";"1";"92";"92049";"2";"2";"7";"6";"PERI RUE GABRIEL NÂ°1 A 35";"48,8180300000";"2,3223700000"
"202100036671";"3";"06";"2021";"07:10";"1";"92";"92012";"2";"2";"1";"3";"POINT DU JOUR (QUAI DU)";"48,8281505782";"2,2537026554"
"202100036672";"2";"06";"2021";"18:40";"1";"92";"92012";"2";"2";"1";"3";"EDOUARD VAILLANT (AVENUE) - DEBUT/55 - C";"48,8354443649";"2,2494909167"
"202100036673";"3";"06";"2021";"14:00";"1";"92";"92004";"2";"3";"1";"2";"COLOMBES ( RUE DE 31 A )";"48,9132400000";"2,2825600000"
"202100036674";"31";"05";"2021";"10:40";"1";"51";"51167";"1";"1";"1";"7";"Rue de Songy";"48,7453800000";"4,3972990000"
"202100036675";"4";"06";"2021";"08:30";"1";"01";"01443";"2";"2";"1";"1";"Avenue Pierre Deplanches";"46,0023580000";"5,0344370000"
"202100036676";"3";"06";"2021";"15:00";"1";"83";"83072";"2";"9";"1";"6";"Rond Point Jean Moulin";"43,4895100000";"6,3543950000"
"202100036677";"3";"06";"2021";"19:45";"1";"02";"02719";"2";"9";"1";"3";"rue de la rÃ©publique";"49,5954320000";"3,2308110000"
"202100036678";"4";"06";"2021";"09:15";"1";"41";"41032";"1";"1";"2";"1";"D173";"47,5456840000";"1,2929960000"
"202100036679";"3";"06";"2021";"13:00";"1";"2A";"2A024";"1";"1";"1";"6";"D69";"41,7751840000";"9,0893840000"
"202100036680";"4";"06";"2021";"11:00";"1";"31";"31044";"2";"1";"2";"6";"8 rue saint Anne";"43,5945110000";"1,5051590000"
"202100036681";"4";"06";"2021";"14:05";"1";"68";"68315";"2";"2";"7";"1";"92 Route de Guebwiller";"47,8888670000";"7,2272010000"
"202100036682";"28";"05";"2021";"18:00";"1";"30";"30254";"1";"2";"1";"5";"RN 580";"44,0788000000";"4,7082000000"
"202100036683";"28";"05";"2021";"10:45";"1";"77";"77028";"1";"2";"1";"7";"D209";"48,7407070000";"3,1091900000"
"202100036684";"3";"06";"2021";"21:00";"2";"62";"62297";"2";"1";"1";"7";"77 Rue du Mont";"50,8156790000";"2,1460910000"
"202100036685";"4";"06";"2021";"10:00";"1";"04";"04102";"1";"1";"1";"6";"RD 954 - CimetiÃ¨re Village noyÃ© de l'Ubaye";"44,4635790000";"6,3621700000"
"202100036686";"29";"05";"2021";"14:35";"1";"51";"51009";"2";"1";"1";"7";"Promenade de l'Aube";"48,5824520000";"3,8118050000"
"202100036687";"3";"06";"2021";"12:20";"1";"51";"51070";"1";"1";"1";"7";"D43";"48,8432120000";"3,6179190000"
"202100036688";"31";"05";"2021";"14:15";"1";"56";"56204";"2";"2";"1";"3";"D11";"47,9190530000";" -2,7206400000"
"202100036689";"4";"06";"2021";"07:05";"1";"77";"77239";"1";"2";"5";"3";"La Mare aux Grues";"48,6904790000";"3,1487310000"
"202100036690";"3";"06";"2021";"23:15";"4";"76";"76140";"1";"1";"1";"6";"D142";"49,7808400000";"0,8721300000"
"202100036691";"4";"06";"2021";"05:20";"2";"80";"80085";"1";"1";"1";"6";"D941";"50,1994960000";"2,0866810000"
"202100036692";"3";"06";"2021";"11:20";"1";"33";"33490";"1";"1";"1";"7";"N/A";"45,4420070000";" -1,0534210000"
"202100036693";"3";"06";"2021";"08:00";"2";"47";"47095";"1";"1";"1";"7";"Route de la Digue";"44,4232830000";"0,2794650000"
"202100036694";"4";"06";"2021";"02:20";"3";"34";"34139";"1";"8";"1";"6";"D15";"43,4256530000";"3,2473180000"
"202100036695";"3";"06";"2021";"08:55";"1";"22";"22127";"1";"4";"1";"1";"Calvaire Kermacon";"48,7918670000";" -3,1154180000"
"202100036696";"4";"06";"2021";"17:10";"1";"38";"38399";"2";"3";"1";"3";"D518";"45,5024260000";"5,1289150000"
"202100036697";"3";"06";"2021";"19:00";"1";"03";"03293";"2";"2";"1";"3";"RD 2144";"46,6267770000";"2,5895170000"
"202100036698";"1";"06";"2021";"17:45";"1";"85";"85017";"1";"1";"1";"6";"A87";"46,8912310000";" -1,0957380000"
"202100036699";"3";"06";"2021";"15:50";"1";"06";"06150";"2";"1";"1";"3";"Route du Mont Agel";"43,7481120000";"7,4014310000"
"202100036700";"4";"06";"2021";"18:10";"1";"05";"05056";"2";"1";"1";"1";"Route de la Motte";"44,6384310000";"6,1428720000"
"202100036701";"4";"06";"2021";"08:00";"1";"83";"83084";"1";"1";"1";"7";"RD 30, PK 005+700";"43,6529070000";"6,1062960000"
"202100036702";"3";"06";"2021";"08:10";"2";"53";"53059";"1";"1";"1";"5";"D20";"48,1000230000";" -0,5159710000"
"202100036703";"4";"06";"2021";"16:20";"1";"85";"85261";"2";"1";"1";"6";"5 Rue du Pont";"46,5610580000";" -1,1394790000"
"202100036704";"4";"06";"2021";"14:00";"1";"28";"28087";"1";"3";"1";"1";"Herville";"48,7094840000";"1,2536540000"
"202100036705";"3";"06";"2021";"15:00";"1";"37";"37130";"1";"1";"1";"7";"Avenue du 11 novembre 1918, route dÃ©partementale 59";"47,0367615092";"0,8452945297"
"202100036706";"3";"06";"2021";"18:05";"1";"48";"48009";"2";"6";"1";"6";"Route du Languedoc";"44,7135700000";"3,2855020000"
"202100036707";"2";"06";"2021";"07:30";"1";"49";"49040";"2";"1";"1";"2";"rue d'anjou";"47,3392790000";" -1,1116820000"
"202100036708";"3";"06";"2021";"18:50";"3";"973";"97309";"1";"1";"1";"7";"Route de Degrad des Cannes";"4,8763660000";" -52,2786570000"
"202100036709";"3";"06";"2021";"19:00";"1";"72";"72241";"1";"9";"1";"2";"AUTOROUTE A11 PK 155.500";"48,0605530000";"0,3859530000"
"202100036710";"4";"06";"2021";"18:30";"1";"33";"33005";"2";"6";"1";"3";"giratoire D215/ D3E8";"44,7526990000";" -1,0782320000"
"202100036711";"4";"06";"2021";"15:00";"1";"91";"91461";"2";"2";"1";"3";"Avenue d'Ãgly";"48,5859570000";"2,2211210000"
"202100036712";"4";"06";"2021";"08:40";"1";"2A";"2A247";"2";"1";"1";"3";"rue des turruccioli";"41,6001920000";"9,2694890000"
"202100036713";"27";"05";"2021";"16:50";"1";"34";"34127";"2";"2";"1";"6";"Avenue Pierre Grasset Morel";"43,6530860000";"4,0736160000"
"202100036714";"18";"05";"2021";"11:45";"1";"84";"84003";"2";"1";"1";"2";"246 Quai GÃ©nÃ©ral Leclerc";"43,8765240000";"5,3992330000"
"202100036715";"4";"06";"2021";"14:45";"1";"83";"83127";"1";"1";"1";"1";"D402";"43,2664720000";"5,8053540000"
"202100036716";"3";"06";"2021";"16:50";"1";"06";"06048";"1";"1";"1";"2";"Route Departementale 2204";"43,7886180000";"7,3473210000"
"202100036717";"1";"06";"2021";"16:00";"1";"13";"13081";"1";"1";"1";"3";"D113";"43,4963160000";"5,2154600000"
"202100036718";"2";"06";"2021";"18:00";"1";"67";"67028";"2";"1";"1";"3";"26 Rue EugÃ¨ne Dischert";"48,3662650000";"7,5905120000"
"202100036719";"4";"06";"2021";"07:15";"1";"73";"73284";"1";"1";"1";"6";"D117";"45,4594755209";"6,5136325501"
"202100036720";"15";"05";"2021";"10:40";"1";"38";"38537";"2";"6";"8";"2";"Place Docteur Ogier";"45,6326680000";"5,1477220000"
"202100036721";"2";"06";"2021";"22:20";"5";"38";"38298";"2";"6";"1";"6";"32 Rue de la RÃ©publique";"45,3751690000";"4,7983710000"
"202100036722";"3";"06";"2021";"13:00";"1";"38";"38316";"2";"1";"1";"6";"10 Rue CÃ©sar Sornin";"45,7496180000";"5,1783910000"
"202100036723";"2";"06";"2021";"16:45";"1";"38";"38348";"2";"1";"2";"1";"366 Route de Montceau";"45,5843500000";"5,3308310000"
"202100036724";"31";"05";"2021";"17:30";"1";"07";"07217";"1";"1";"1";"6";"RD534";"45,0661790000";"4,7552890000"
"202100036725";"3";"06";"2021";"20:05";"1";"69";"69298";"1";"4";"1";"3";"D149";"45,6494560000";"4,9871170000"
"202100036726";"3";"06";"2021";"20:40";"2";"46";"46102";"1";"1";"1";"4";"Lieu Dit la Vinadie";"44,5742610000";"2,0267690000"
"202100036727";"2";"06";"2021";"15:50";"1";"09";"09221";"2";"1";"1";"3";"RN 20";"42,8211900000";"1,6212080000"
"202100036728";"2";"06";"2021";"21:05";"2";"17";"17086";"1";"1";"1";"1";"Route des Labours";"45,7253180000";" -0,5740850000"
"202100036729";"3";"06";"2021";"02:55";"3";"86";"86222";"1";"1";"1";"7";"D20";"46,6812670000";"0,3879870000"
"202100036730";"1";"06";"2021";"15:00";"1";"33";"33539";"2";"1";"1";"1";"N/A";"44,9039340000";" -0,3253790000"
"202100036731";"3";"06";"2021";"20:20";"1";"33";"33100";"2";"6";"2";"3";"Rond-point LECLERC";"45,1295610000";" -0,6409140000"
"202100036732";"3";"06";"2021";"21:10";"3";"33";"33051";"1";"1";"3";"6";"N/A";"44,6590230000";" -0,9890970000"
"202100036733";"3";"06";"2021";"18:00";"1";"29";"29256";"1";"3";"1";"3";"887";"48,2246440000";" -4,2546700000"
"202100036734";"25";"05";"2021";"18:50";"1";"13";"13203";"1";"1";"1";"4";"A7-Sens Lyon vers Marseille";"43,3170520000";"5,3772370000"
"202100036735";"2";"06";"2021";"07:30";"1";"13";"13215";"1";"1";"2";"4";"A7-Sens Lyon vers Marseille";"43,3715600000";"5,3610700000"
"202100036736";"3";"06";"2021";"17:20";"1";"69";"69116";"1";"1";"1";"2";"A89 543.943 A 544.897 LYON/CLERM";"45,8379200000";"4,7537800000"
"202100036737";"2";"06";"2021";"04:30";"5";"33";"33167";"1";"1";"1";"4";"ROUTE NATIONALE 230";"44,8296900000";" -0,5024900000"
"202100036738";"3";"06";"2021";"15:55";"1";"91";"91377";"1";"1";"1";"2";"AUTOROUTE A10";"48,7216900000";"2,2956500000"
"202100036739";"3";"06";"2021";"16:40";"1";"95";"95527";"1";"1";"1";"2";"AUTOROUTE A3";"48,9849800000";"2,5068300000"
"202100036740";"3";"06";"2021";"03:10";"3";"93";"93053";"1";"1";"1";"6";"AUTOROUTE A3";"48,8931500000";"2,4721600000"
"202100036741";"2";"06";"2021";"15:00";"1";"95";"95176";"1";"1";"1";"2";" A15";"48,9885514803";"2,2033414109"
"202100036742";"2";"06";"2021";"08:12";"1";"93";"93053";"1";"1";"1";"3";"AUTOROUTE A3";"48,8928000000";"2,4725100000"
"202100036743";"3";"06";"2021";"19:30";"1";"94";"94028";"1";"1";"1";"2";"A86 INT";"48,7945105647";"2,4421620369"
"202100036744";"3";"06";"2021";"08:40";"1";"94";"94028";"1";"1";"1";"4";"A86 INT";"48,7761421973";"2,4306734133"
"202100036745";"2";"06";"2021";"16:18";"1";"94";"94017";"1";"1";"1";"2";"A4";"48,8302800000";"2,4957500000"
"202100036746";"25";"05";"2021";"08:17";"1";"91";"91228";"2";"1";"1";"6";"PL SALVADOR ALLENDE";"48,6344500000";"2,4295940000"
"202100036747";"15";"05";"2021";"11:08";"1";"52";"52534";"2";"1";"2";"2";"GRANDE (RUE)";"48,6666000000";"4,8998000000"
"202100036748";"31";"05";"2021";"21:13";"1";"34";"34032";"2";"2";"1";"3";"MISTRAL FREDERIC (BD)";"43,3424900000";"3,2213800000"
"202100036749";"3";"06";"2021";"07:45";"1";"988";"98818";"2";"3";"1";"6";"AVENUE BONAPARTE/Rue ThÃ©ophile BETFORT";" -22,2334500000";"166,4664900000"
"202100036750";"2";"06";"2021";"11:30";"1";"988";"98818";"2";"1";"1";"6";"VAUBAN (BOULEVARD)";" -22,2703600000";"166,4443600000"
"202100036751";"3";"06";"2021";"01:35";"5";"69";"69386";"2";"2";"1";"3";"EMERAUDES (DES) (R)";"45,7689700000";"4,8604400000"
"202100036752";"2";"06";"2021";"23:30";"5";"69";"69259";"2";"1";"1";"2";"IRENE JOLIOT CURIE                  (BD)";"45,7143700000";"4,8794400000"
"202100036753";"2";"06";"2021";"21:45";"5";"69";"69383";"2";"1";"1";"2";"MARIUS VIVIER MERLE                 (BD)";"45,7553900000";"4,8590200000"
"202100036754";"2";"06";"2021";"20:40";"2";"69";"69386";"2";"1";"1";"3";"FRANKLIN ROOSEVELT (CR)";"45,7691200000";"4,8481500000"
"202100036755";"2";"06";"2021";"15:45";"1";"69";"69386";"2";"7";"1";"6";"VAUBAN                              (R )";"45,7653500000";"4,8486200000"
"202100036756";"2";"06";"2021";"12:25";"1";"69";"69387";"2";"1";"1";"1";"YVES FARGE (BD)";"45,7381600000";"4,8297700000"
"202100036757";"31";"05";"2021";"15:45";"1";"69";"69386";"2";"1";"1";"3";"BELGES (DES)                        (BD)";"45,7693340059";"4,8576723023"
"202100036758";"1";"06";"2021";"18:45";"5";"972";"97209";"2";"1";"1";"6";"Bretelle sortie A1";"14,6138448500";" -61,0500812531"
"202100036759";"2";"06";"2021";"18:40";"1";"69";"69384";"2";"3";"1";"3";"JOSEPH GILLET (Q)";"45,7798000000";"4,8116200000"
"202100036760";"2";"06";"2021";"17:15";"1";"69";"69286";"2";"1";"1";"6";"CONTAMINES (DES) (R)";"45,8202500000";"4,8873200000"
"202100036761";"1";"06";"2021";"08:00";"1";"69";"69389";"2";"4";"7";"1";"OBSERVANCE (DE L')                  (MO)";"45,7647900000";"4,8117000000"
"202100036762";"1";"06";"2021";"19:15";"1";"69";"69152";"2";"1";"1";"2";"EUROPE (DE L')                      (BD)";"45,7034500000";"4,8208000000"
"202100036763";"1";"06";"2021";"19:00";"1";"69";"69385";"2";"1";"1";"7";"CHEMIN NEUF (DU)                    (MO)";"45,7594000000";"4,8242000000"
"202100036764";"2";"06";"2021";"13:55";"1";"91";"91689";"2";"1";"1";"1";"BD ARAGO";"48,7282000000";"2,3174000000"
"202100036765";"2";"06";"2021";"10:40";"1";"91";"91122";"2";"9";"1";"6";"GENERAL LECLERC (RUE DU)";"48,6964400000";"2,1624000000"
"202100036766";"2";"06";"2021";"19:10";"1";"91";"91691";"2";"1";"1";"6";"MARCEAU BAILLIOTI(RUE)";"48,7097200000";"2,4913900000"
"202100036767";"2";"06";"2021";"10:30";"1";"91";"91326";"2";"1";"1";"6";"ESTIENNE D'ORVES (AVENUE D')";"48,6900000000";"2,3700000000"
"202100036768";"2";"06";"2021";"17:15";"1";"90";"90010";"2";"1";"3";"3";"ANCIEN THEATRE (RUE DE L')";"47,6374600000";"6,8627600000"
"202100036769";"1";"06";"2021";"17:22";"1";"87";"87085";"2";"2";"1";"7";"LECLERC (AVENUE DU GENERAL)";"45,8511000000";"1,2640100000"
"202100036770";"1";"06";"2021";"18:55";"1";"83";"83126";"2";"9";"2";"6";"ANCIENS COMBATANTS D'INDOCHINE (AV DES)";"43,1054200000";"5,8565040000"
"202100036771";"2";"06";"2021";"21:30";"2";"78";"78551";"2";"3";"1";"3";"AYEN (D')";"48,9013780000";"2,0875270000"
"202100036772";"1";"06";"2021";"14:45";"1";"78";"78138";"2";"2";"1";"3";"LEGRAND (RUE EDOUARD)";"48,9752000000";"2,0317000000"
"202100036773";"2";"06";"2021";"16:25";"1";"76";"76540";"2";"1";"1";"6";"ERNEMONT. RUE D'";"49,4495500000";"1,1014600000"
"202100036774";"2";"06";"2021";"11:59";"1";"71";"71076";"2";"2";"1";"6";"BARRAULT (RUE BATONNIER J)";"46,7875123404";"4,8388963083"
"202100036775";"2";"06";"2021";"10:55";"1";"69";"69290";"2";"1";"2";"6";"HEYRIEUX (D')                       (RO)";"45,6878100000";"4,9426500000"
"202100036776";"31";"05";"2021";"13:30";"1";"67";"67482";"2";"8";"1";"6";"RACINE (AVENUE)";"48,5962500000";"7,6984300000"
"202100036777";"1";"06";"2021";"16:30";"1";"67";"67180";"2";"1";"1";"6";"MARIENTHAL (ROUTE DE)";"48,8024600000";"7,7990700000"
"202100036778";"1";"06";"2021";"14:31";"1";"66";"66136";"2";"1";"1";"6";"ALBERT MARCELLIN";"42,6907700000";"2,8910700000"
"202100036779";"2";"06";"2021";"16:30";"1";"64";"64335";"1";"1";"1";"2";"EUROPE DE L'";"43,3250500000";" -0,4383400000"
"202100036780";"2";"06";"2021";"08:30";"1";"64";"64129";"2";"1";"1";"4";"PONT D'ESPAGNE";"43,2954080000";" -0,3870820000"
"202100036781";"2";"06";"2021";"15:05";"1";"64";"64024";"2";"1";"1";"2";"BARRE (PROMENADE DE LA)";"43,5034600000";" -1,5266100000"
"202100036782";"2";"06";"2021";"12:30";"1";"64";"64102";"2";"1";"1";"3";"DE MARTRES (AVENUE RAYMOND)";"43,4869600000";" -1,4827700000"
"202100036783";"2";"06";"2021";"08:50";"1";"64";"64024";"2";"6";"1";"3";"BUTTE AUX CAILLES (ROND POINT DE LA)";"43,4969400000";" -1,5097500000"
"202100036784";"1";"06";"2021";"17:00";"1";"64";"64024";"2";"1";"8";"7";"BIARRITZ (AVENUE DE)";"43,4801600000";" -1,5216600000"
"202100036785";"1";"06";"2021";"08:37";"1";"63";"63113";"2";"1";"1";"6";"CHANELLES (RUE DES)";"45,7885400000";"3,0825800000"
"202100036786";"1";"06";"2021";"18:04";"1";"63";"63075";"2";"1";"1";"3";"ROYAT (AVENUE DE)";"45,7717700000";"3,0596000000"
"202100036787";"2";"06";"2021";"09:30";"1";"59";"59512";"2";"1";"1";"2";"VERDUN (AVENUE DE)";"50,6851000000";"3,2007500000"
"202100036788";"28";"05";"2021";"15:05";"1";"59";"59392";"2";"1";"1";"1";"CROIX (RUE DE LA)";"50,2767300000";"3,9758000000"
"202100036789";"1";"06";"2021";"15:50";"1";"59";"59560";"2";"1";"1";"3";"BOUVRY ROGER RUE";"50,5480851378";"3,0279886464"