"Num_Acc";"jour";"mois";"an";"hrmn";"lum";"dep";"com";"agg";"int";"atm";"col";"adr";"lat";"long"
"202100036790";"31";"05";"2021";"21:50";"2";"57";"57221";"2";"3";"1";"3";"LORRAINE (AVENUE DE)";"49,3262200000";"6,1258600000"
"202100036791";"1";"06";"2021";"19:36";"1";"56";"56121";"2";"3";"1";"3";"BELGIQUE (RUE  DE )";"47,7606700000";" -3,3847200000"
"202100036792";"1";"06";"2021";"08:10";"1";"56";"56121";"2";"1";"1";"3";"LOTE (RUE  RENE )";"47,7729700000";" -3,4048400000"
"202100036793";"2";"06";"2021";"09:50";"1";"54";"54395";"2";"1";"1";"3";"PHALSBOURG (RUE DE)";"48,6839200714";"6,1808502674"
"202100036794";"2";"06";"2021";"10:49";"1";"51";"51454";"2";"3";"7";"3";"Boulevard Henry Vasnier";"49,2408000000";"4,0528800000"
"202100036795";"1";"06";"2021";"08:38";"1";"49";"49007";"2";"1";"1";"7";"AMBROISE PARE";"47,4740455784";" -0,5753231049"
"202100036796";"31";"05";"2021";"17:42";"1";"49";"49007";"2";"1";"1";"3";"ROI RENE BOULEVARD";"47,4669600000";" -0,5546000000"
"202100036797";"2";"06";"2021";"08:50";"1";"44";"44162";"2";"1";"8";"6";"BOULEVARD WINSTON CHURCHILL";"47,2068800000";" -1,6132000000"
"202100036798";"1";"06";"2021";"08:30";"1";"41";"41018";"2";"2";"1";"2";"BROSSELETTE (AVENUE PIERRE)";"47,5691400000";"1,3371800000"
"202100036799";"29";"05";"2021";"11:55";"1";"40";"40279";"2";"3";"1";"1";"FOCH (AVENUE DU MARECHAL)";"43,7290786867";" -1,0488898975"
"202100036800";"31";"05";"2021";"21:30";"1";"37";"37261";"2";"1";"1";"6";"PONT NEUF (QUAI DU)";"47,3966741199";"0,6808860004"
"202100036801";"2";"06";"2021";"15:50";"1";"35";"35238";"2";"8";"1";"6";"CHATEAUGIRON (DE)";"48,0929410000";" -1,6310450000"
"202100036802";"2";"06";"2021";"09:30";"1";"34";"34003";"1";"1";"1";"1";"VERDISSES (LIEU DIT LES)";"43,2987900000";"3,4424800000"
"202100036803";"1";"06";"2021";"19:00";"1";"33";"33550";"2";"3";"1";"3";"Avenue de Thouars";"44,7834342268";" -0,5931158064"
"202100036804";"2";"06";"2021";"17:30";"1";"31";"31555";"2";"1";"1";"6";"RUE DU LOT";"43,5808900000";"1,4088700000"
"202100036805";"31";"05";"2021";"16:28";"1";"31";"31555";"2";"9";"1";"3";"BLAGNAC (ROUTE DE)";"43,6163500000";"1,4089100000"
"202100036806";"2";"06";"2021";"17:40";"1";"29";"29232";"1";"6";"1";"2";"D139 - Rond point de Becharles";"48,0158728655";" -4,0874406695"
"202100036807";"2";"06";"2021";"16:00";"1";"29";"29232";"2";"6";"1";"1";"Rond Point du 18 Juin 1940";"48,0059117241";" -4,0975025296"
"202100036808";"29";"05";"2021";"20:25";"1";"29";"29019";"2";"1";"1";"2";"Avenue MarÃ©chal Foch";"48,3954000000";" -4,4883000000"
"202100036809";"2";"06";"2021";"13:00";"1";"25";"25462";"2";"6";"1";"3";"MORTEAU DE (DU 0 AU 30)";"46,9057300000";"6,3576600000"
"202100036810";"30";"05";"2021";"20:50";"1";"25";"25056";"2";"9";"1";"5";"JOURNAUX CHEMIN DES";"47,2178200000";"6,0060800000"
"202100036811";"2";"06";"2021";"14:00";"1";"17";"17300";"2";"2";"1";"3";"CHAUDRIER   RUE";"46,1607300000";" -1,1532700000"
"202100036812";"2";"06";"2021";"14:20";"1";"17";"17300";"2";"1";"1";"1";"MAUBEC   QUAI";"46,1587950000";" -1,1498670000"
"202100036813";"2";"06";"2021";"08:48";"1";"17";"17200";"2";"6";"1";"3";"VENDOME   RUE DU MOULIN  DE";"46,1782000000";" -1,1530100000"
"202100036814";"1";"06";"2021";"10:17";"1";"17";"17300";"2";"1";"1";"6";"CHAUDRIER   RUE";"46,1607300000";" -1,1532900000"
"202100036815";"3";"06";"2021";"01:30";"5";"14";"14437";"1";"2";"1";"3";"D513";"49,1823500000";" -0,3210100000"
"202100036816";"2";"06";"2021";"17:41";"1";"13";"13208";"2";"1";"1";"3";"PERIER (BOULEVARD)";"43,2775600000";"5,3761500000"
"202100036817";"2";"06";"2021";"17:20";"1";"13";"13209";"2";"3";"1";"2";"SCHLOESING (BOULEVARD)";"43,2725600000";"5,4011900000"
"202100036818";"2";"06";"2021";"16:50";"1";"13";"13211";"2";"3";"1";"1";"JEAN LOMBARD (AVENUE)";"43,2898890000";"5,4263140000"
"202100036819";"1";"06";"2021";"19:50";"1";"13";"13214";"1";"1";"2";"2";"MARCHE D'IN (AVENUE)";"43,3397000000";"5,3796700000"
"202100036820";"2";"06";"2021";"09:45";"1";"13";"13047";"1";"1";"1";"2";"N1569";"43,4978185484";"4,9663015486"
"202100036821";"2";"06";"2021";"08:15";"1";"13";"13005";"2";"6";"2";"6";"PALUDS (Z.I. DES )";"43,2912193916";"5,5935430527"
"202100036822";"28";"05";"2021";"20:21";"2";"11";"11262";"2";"6";"1";"3";"CARNOT (AVENUE)";"43,2005000000";"3,0193600000"
"202100036823";"29";"05";"2021";"16:20";"1";"11";"11262";"2";"1";"1";"6";"Rue de Saint-Salvayre";"43,1855200000";"2,9894300000"
"202100036824";"1";"06";"2021";"13:59";"1";"11";"11069";"2";"1";"8";"7";"BARBES BD ET PROMENADE-PAIRS-";"43,2104700000";"2,3495200000"
"202100036825";"2";"06";"2021";"11:10";"1";"06";"06029";"2";"1";"1";"6";"MIMONT (RUE DE)";"43,5552800000";"7,0218600000"
"202100036826";"2";"06";"2021";"19:30";"1";"06";"06027";"2";"1";"1";"3";"ST LAURENT CHEMIN DE";"43,6647480000";"7,1720490000"
"202100036827";"2";"06";"2021";"15:05";"1";"75";"75116";"2";"1";"1";"3";"PORTE D AUTEUIL";"48,8539420000";"2,2539860000"
"202100036828";"2";"06";"2021";"13:15";"1";"75";"75117";"2";"4";"1";"6";"PORTE DE CLICHY";"48,8974680000";"2,3122690000"
"202100036829";"31";"05";"2021";"16:45";"1";"75";"75118";"2";"1";"1";"4";"PORTE D AUBERVILLIERS";"48,9008690000";"2,3643360000"
"202100036830";"31";"05";"2021";"17:58";"1";"75";"75118";"2";"1";"1";"4";"BOULEVARD PERIPHERIQUE";"48,9006820000";"2,3670730000"
"202100036831";"2";"06";"2021";"14:15";"1";"75";"75106";"2";"1";"1";"2";"BOULEVARD SAINT MICHEL";"48,8431110000";"2,3384690000"
"202100036832";"2";"06";"2021";"14:40";"1";"75";"75120";"2";"2";"1";"2";"AVENUE IBSEN";"48,8655190000";"2,4117130000"
"202100036833";"2";"06";"2021";"18:00";"1";"75";"75118";"2";"1";"1";"3";"RUE CHAMPIONNET";"48,8933900000";"2,3290370000"
"202100036834";"2";"06";"2021";"07:58";"1";"75";"75118";"2";"3";"1";"3";"BOULEVARD BARBES";"48,8844690000";"2,3494930000"
"202100036835";"2";"06";"2021";"19:00";"1";"75";"75117";"2";"3";"1";"3";"RUE CARDINET";"48,8902390000";"2,3172200000"
"202100036836";"31";"05";"2021";"18:08";"1";"75";"75116";"2";"3";"1";"3";"ALLEE DE LONGCHAMP";"48,8772650000";"2,2785770000"
"202100036837";"2";"06";"2021";"14:30";"1";"75";"75115";"2";"1";"1";"3";"RUE DE LA CROIX NIVERT";"48,8473860000";"2,3007960000"
"202100036838";"2";"06";"2021";"09:10";"1";"75";"75115";"2";"1";"1";"3";"RUE DE CRONSTADT";"48,8338860000";"2,3016180000"
"202100036839";"1";"06";"2021";"21:35";"2";"75";"75115";"2";"2";"1";"3";"BOULEVARD GENERAL MARTIAL VALIN";"48,8361620000";"2,2783440000"
"202100036840";"1";"06";"2021";"16:00";"1";"75";"75114";"2";"3";"1";"6";"AVENUE RENE COTY";"48,8307340000";"2,3338660000"
"202100036841";"2";"06";"2021";"20:10";"1";"75";"75113";"2";"2";"1";"6";"BOULEVARD MASSENA";"48,8192200000";"2,3620780000"
"202100036842";"1";"06";"2021";"17:25";"1";"75";"75112";"2";"1";"1";"3";"RUE DE REUILLY";"48,8415600000";"2,3935120000"
"202100036843";"2";"06";"2021";"18:40";"1";"75";"75107";"2";"1";"1";"2";"QUAI BRANLY";"48,8577230000";"2,2915550000"
"202100036844";"2";"06";"2021";"13:45";"1";"75";"75107";"2";"2";"1";"3";"AVENUE DE VILLARS";"48,8517650000";"2,3138720000"
"202100036845";"2";"06";"2021";"15:30";"1";"75";"75101";"2";"2";"1";"3";"RUE SAINT HONORE";"48,8666120000";"2,3285860000"
"202100036846";"1";"06";"2021";"22:10";"5";"94";"94081";"2";"3";"1";"7";"Quai Jules Guesde";"48,8077300000";"2,4076700000"
"202100036847";"30";"05";"2021";"01:30";"5";"94";"94081";"2";"3";"1";"6";"Avenue Rouget de Lisle";"48,7764610110";"2,3976159096"
"202100036848";"2";"06";"2021";"15:50";"1";"94";"94078";"2";"1";"1";"5";"Avenue de Valenton";"48,7334850000";"2,4518270000"
"202100036849";"2";"06";"2021";"09:10";"1";"94";"94078";"2";"2";"1";"3";"Avenue Anatole France";"48,7399300000";"2,4526000000"
"202100036850";"1";"06";"2021";"12:15";"1";"94";"94068";"2";"3";"1";"3";"CRETEIL (BD DE)";"48,7978800000";"2,4976100000"
"202100036851";"2";"06";"2021";"20:10";"1";"94";"94076";"2";"1";"1";"1";"KARL MARX (AV)";"48,7844600000";"2,3632700000"
"202100036852";"2";"06";"2021";"16:45";"1";"94";"94003";"2";"1";"1";"7";"REPUBLIQUE (AV DE LA)";"48,8062603318";"2,3338647137"
"202100036853";"2";"06";"2021";"12:10";"1";"94";"94041";"2";"1";"1";"6";"LENINE (R)";"48,8156600000";"2,3934500000"
"202100036854";"1";"06";"2021";"08:47";"1";"94";"94041";"2";"3";"1";"6";"SAINT JUST (R)";"48,8122400000";"2,3918200000"
"202100036855";"2";"06";"2021";"12:10";"1";"94";"94034";"2";"1";"1";"7";"EDOUARD HERRIOT (AV)";"48,7542600000";"2,3269300000"
"202100036856";"2";"06";"2021";"12:45";"1";"94";"94022";"2";"2";"1";"4";"STALINGRAD (BD DE)";"48,7706500000";"2,4014900000"
"202100036857";"2";"06";"2021";"08:00";"1";"94";"94077";"2";"9";"1";"3";"PAUL BERT (R)";"48,7311740000";"2,4419710000"
"202100036858";"20";"05";"2021";"10:30";"1";"94";"94017";"2";"1";"1";"6";"Rue a Trait";"48,8122030000";"2,5138610000"
"202100036859";"2";"06";"2021";"18:30";"1";"93";"93078";"2";"1";"1";"3";"CLEMENCEAU (AVENUE GEORGES)";"48,9553000000";"2,5609300000"
"202100036860";"31";"05";"2021";"19:35";"1";"93";"93070";"2";"1";"7";"3";"MICHELET (AVE) : DU 1 AU 103";"48,9058860000";"2,3441310000"
"202100036861";"2";"06";"2021";"17:00";"1";"93";"93066";"2";"1";"1";"6";"Rue Volta";"48,9237350000";"2,3400460000"
"202100036862";"1";"06";"2021";"08:55";"1";"93";"93066";"2";"2";"1";"2";"Avenue Amilcar Cabral / Rue de la Procession";"48,9136350000";"2,3629660000"
"202100036863";"31";"05";"2021";"08:20";"1";"93";"93029";"2";"1";"1";"3";"Avenue Henri Barbusse";"48,9200500000";"2,4513900000"
"202100036864";"2";"06";"2021";"20:15";"1";"93";"93013";"2";"1";"1";"2";"LECLERC (AVENU DE LA DIVISION)";"48,9388970000";"2,4295020000"
"202100036865";"2";"06";"2021";"20:45";"2";"93";"93014";"2";"1";"1";"6";"Allee Louis Bleriot";"48,9079650000";"2,5414550000"
"202100036866";"2";"06";"2021";"08:20";"1";"93";"93008";"2";"1";"1";"6";"RENARD (RUE EDOUARD)";"48,9153300000";"2,4133500000"
"202100036867";"2";"06";"2021";"12:10";"1";"93";"93001";"2";"1";"1";"6";"PILIER (RUE DU)";"48,9087730000";"2,3699350000"
"202100036868";"2";"06";"2021";"10:50";"1";"92";"92046";"2";"1";"1";"6";"Charles de gaulle";"48,8216368732";"2,2976419330"
"202100036869";"1";"06";"2021";"18:40";"1";"92";"92051";"2";"1";"1";"6";"CHARLES DE GAULLE (AVENUE, NÂ° 18 A 116)";"48,8812020915";"2,2724801302"
"202100036870";"2";"06";"2021";"09:45";"1";"92";"92050";"2";"1";"1";"3";"PONT DE BEZONS";"48,9196334802";"2,2216066718"
"202100036871";"2";"06";"2021";"08:30";"1";"92";"92050";"2";"1";"1";"3";"boulevard AimÃ© CÃ©saire";"48,8954670664";"2,2281223579"
"202100036872";"1";"06";"2021";"23:10";"5";"92";"92050";"2";"2";"1";"2";"MARTIN HENRI AVENUE";"48,8927759556";"2,1875399351"
"202100036873";"2";"06";"2021";"21:51";"4";"92";"92044";"2";"1";"1";"3";"ALSACE (RUE) NÂ°1 A 17 ET 2 A 18";"48,8901800564";"2,2931331396"
"202100036874";"1";"06";"2021";"18:10";"2";"92";"92004";"2";"1";"1";"5";"DOCTEUR DERVAUX  ( QUAI DU )";"48,9111000000";"2,2990000000"
"202100036875";"2";"06";"2021";"18:05";"1";"37";"37031";"2";"1";"1";"3";"7 rue des sablons";"47,2773401405";"0,1831841469"
"202100036876";"30";"05";"2021";"17:59";"1";"14";"14689";"1";"1";"7";"4";"D562";"48,9891100000";" -0,4716500000"
"202100036877";"3";"06";"2021";"01:45";"5";"95";"95052";"2";"6";"1";"6";"D922";"49,1379975672";"2,2720456123"
"202100036878";"3";"06";"2021";"14:20";"1";"33";"33030";"1";"1";"1";"6";"N/A";"44,6199518906";" -0,3239893913"
"202100036879";"2";"06";"2021";"20:15";"1";"42";"42161";"1";"1";"1";"6";"N7";"45,9980950000";"4,1130500000"
"202100036880";"3";"06";"2021";"12:00";"1";"31";"31382";"1";"2";"1";"3";"Chemin de Beaufort";"43,4508240000";"1,0742250000"
"202100036881";"3";"06";"2021";"09:15";"1";"31";"31547";"2";"1";"1";"3";"1065 Route de Toulouse";"43,5056810000";"1,3227470000"
"202100036882";"2";"06";"2021";"20:35";"1";"28";"28085";"1";"1";"1";"6";"Autouroute A11 PK 056+800";"48,4346290000";"1,5216760000"
"202100036883";"2";"06";"2021";"19:55";"3";"972";"97232";"1";"1";"1";"6";"N6";"14,5608640000";" -60,8520700000"
"202100036884";"1";"06";"2021";"20:25";"3";"972";"97210";"1";"1";"1";"1";"Riviere Bambou";"14,5809150000";" -60,9267850000"
"202100036885";"2";"06";"2021";"19:30";"1";"12";"12197";"2";"2";"1";"3";"L'Hopital Bellegarde";"44,0367250000";"2,5811330000"
"202100036886";"2";"06";"2021";"18:15";"1";"12";"12157";"1";"1";"1";"6";"D29";"44,3417670000";"2,7405950000"
"202100036887";"2";"06";"2021";"18:50";"1";"51";"51389";"1";"2";"1";"3";"D19";"49,1330250000";"4,3371860000"
"202100036888";"2";"06";"2021";"01:00";"3";"62";"62439";"1";"1";"1";"7";"D248";"50,8015270000";"1,8760870000"
"202100036889";"2";"06";"2021";"19:30";"1";"59";"59432";"1";"6";"1";"5";"D960";"50,1518610000";"3,2637440000"
"202100036890";"3";"06";"2021";"10:00";"1";"59";"59164";"1";"9";"1";"3";"D86";"50,1556560000";"3,5797560000"
"202100036891";"3";"06";"2021";"05:40";"2";"79";"79076";"2";"2";"1";"3";"N/A";"46,7378460000";" -0,4749010000"
"202100036892";"1";"06";"2021";"18:30";"1";"79";"79351";"1";"2";"1";"3";"N/A";"46,4393650000";" -0,5609250000"
"202100036893";"1";"06";"2021";"12:40";"1";"2B";"2B150";"1";"1";"1";"7";"route territoriale 30";"42,6032940000";"8,8410760000"
"202100036894";"2";"06";"2021";"21:35";"5";"2B";"2B318";"1";"1";"1";"6";"Terra Rossa";"42,4328330000";"9,5233170000"
"202100036895";"2";"06";"2021";"07:00";"1";"80";"80097";"2";"3";"1";"3";"grande rue";"49,7948510000";"2,9642650000"
"202100036896";"3";"06";"2021";"14:15";"1";"61";"61214";"2";"1";"1";"6";"20 Rue Charles MÃ©rouvel";"48,7650980000";"0,6138160000"
"202100036897";"2";"06";"2021";"17:35";"1";"49";"49347";"1";"3";"1";"3";"Route du Rocher";"47,6008620000";" -0,4682570000"
"202100036898";"2";"06";"2021";"17:30";"1";"42";"42026";"2";"1";"1";"2";"Avenue de Verdun";"46,1487520000";"4,0869020000"
"202100036899";"2";"06";"2021";"10:00";"1";"25";"25559";"1";"1";"1";"6";"Le Trou de Chaux";"47,2597840000";"6,8557910000"
"202100036900";"3";"06";"2021";"17:50";"1";"25";"25015";"2";"1";"1";"6";"Grande Rue";"47,0375900000";"6,0712500000"
"202100036901";"2";"06";"2021";"18:55";"2";"44";"44096";"2";"3";"7";"3";"Rue Cornouaille Parking";"47,4357880000";" -1,2286130000"
"202100036902";"3";"06";"2021";"02:22";"4";"02";"02086";"2";"1";"1";"6";"5 Rue de l Ãglise";"49,5794440000";"3,2130610000"
"202100036903";"30";"05";"2021";"12:50";"1";"01";"01151";"1";"1";"1";"3";"D1075";"46,0729960000";"5,3239110000"
"202100036904";"3";"06";"2021";"09:45";"1";"58";"58182";"2";"1";"1";"1";"La Croix Rouge";"46,9812660000";"3,8068270000"
"202100036905";"2";"06";"2021";"13:35";"1";"72";"72337";"2";"1";"1";"1";"2 rue du grouas";"48,3165541094";" -0,0316311226"
"202100036906";"2";"06";"2021";"18:40";"1";"50";"50082";"2";"1";"1";"7";"39 Route de Valognes";"49,4764620000";" -1,6212990000"
"202100036907";"3";"06";"2021";"14:30";"1";"09";"09189";"1";"1";"2";"3";"MÃ©rens-les-Vals";"42,6118540000";"1,8196590000"
"202100036908";"3";"06";"2021";"12:20";"1";"07";"07064";"2";"3";"1";"1";"Route d'Aric Industrie";"44,9107010000";"4,4352580000"
"202100036909";"3";"06";"2021";"17:02";"1";"53";"53258";"1";"1";"1";"1";"D150";"47,8305930000";" -1,0444960000"
"202100036910";"2";"06";"2021";"12:30";"1";"53";"53062";"2";"1";"1";"6";"41 Rue Garnier";"47,8231470000";" -0,7074470000"
"202100036911";"2";"06";"2021";"18:40";"1";"04";"04145";"2";"3";"1";"6";"MontÃ©e des Oliviers";"44,1351100000";"5,9585810000"
"202100036912";"1";"06";"2021";"18:00";"1";"85";"85022";"2";"1";"1";"6";"Rue du Lavoir";"46,4289540000";" -1,4251760000"
"202100036913";"30";"05";"2021";"15:30";"1";"85";"85103";"2";"6";"1";"7";"Rue du Moulin";"46,5402090000";" -1,6149370000"
"202100036914";"29";"05";"2021";"21:25";"2";"08";"08336";"1";"2";"1";"3";"RD317";"49,6584440000";"5,1691640000"
"202100036915";"2";"06";"2021";"08:00";"1";"88";"88510";"2";"8";"7";"3";"Passage Ã  niveau";"48,0950000000";"5,7749680000"
"202100036916";"1";"06";"2021";"20:30";"1";"67";"67049";"2";"3";"1";"7";"29 Rue du MarÃ©chal Foch";"48,5046350000";"7,6045080000"
"202100036917";"2";"06";"2021";"19:50";"5";"973";"97309";"2";"1";"1";"6";"Route de Montjoly";"4,9246410000";" -52,2849760000"
"202100036918";"31";"05";"2021";"08:15";"1";"66";"66213";"2";"6";"1";"6";"Avenue du PÃ¨re Pinya";"42,6723080000";"2,8335070000"
"202100036919";"2";"06";"2021";"16:15";"1";"17";"17189";"1";"3";"1";"2";"dÃ©partementale 123";"45,8241951950";" -1,0557969418"
"202100036920";"3";"06";"2021";"06:30";"1";"28";"28367";"1";"1";"1";"2";"A10 - PK 72+292 - direction PARIS";"48,1487870000";"1,8557990000"
"202100036921";"3";"06";"2021";"13:35";"1";"13";"13076";"1";"1";"1";"2";"Autoroute A7 PK 208+740 Sens LYON/MARSEILLE";"43,8327700000";"5,0063970000"
"202100036922";"3";"06";"2021";"06:00";"2";"988";"98825";"1";"1";"1";"6";"Route de OUATE";" -21,2585810000";"165,0224590000"
"202100036923";"2";"06";"2021";"18:00";"1";"25";"25446";"1";"2";"1";"1";"D464";"47,2802700000";"6,3894460000"
"202100036924";"2";"06";"2021";"18:40";"1";"57";"57260";"2";"1";"1";"6";"Rue du cimetiÃ¨re";"49,1619510000";"7,0315930000"
"202100036925";"3";"06";"2021";"03:00";"3";"69";"69255";"1";"1";"1";"6";"LYON (DE) (R)";"45,7354733927";"4,6683145117"
"202100036926";"2";"06";"2021";"18:20";"1";"72";"72185";"1";"1";"1";"7";"La Croix Marie";"47,7087440000";"0,0027360000"
"202100036927";"2";"06";"2021";"21:35";"2";"44";"44025";"1";"1";"1";"7";"Bessac";"47,4428090000";" -1,9484640000"
"202100036928";"2";"06";"2021";"17:45";"1";"14";"14762";"1";"1";"1";"7";"D109";"48,8624840000";" -0,8868240000"
"202100036929";"3";"06";"2021";"10:15";"1";"60";"60341";"1";"1";"1";"6";"Route nationale 2 ";"49,0850855572";"2,7311582563"
"202100036930";"3";"06";"2021";"13:15";"1";"60";"60028";"1";"1";"1";"2";"RD 330";"49,2153230000";"2,5568370000"
"202100036931";"2";"06";"2021";"16:30";"1";"13";"13015";"1";"1";"1";"2";"A515CD-Gardanne vers A51-Marseille";"43,4287700000";"5,4006600000"
"202100036932";"2";"06";"2021";"07:55";"1";"13";"13071";"1";"1";"2";"2";"A7-Sens Lyon vers Marseille";"43,4141100000";"5,2795600000"
"202100036933";"2";"06";"2021";"03:30";"3";"69";"69283";"1";"1";"1";"6";"A46S   43.680 A 47.880";"45,6712500000";"4,9372700000"
"202100036934";"31";"05";"2021";"17:35";"1";"33";"33249";"1";"1";"1";"4";"ROUTE NATIONALE 230";"44,8742100000";" -0,5070370000"
"202100036935";"1";"06";"2021";"16:55";"1";"59";"59378";"1";"1";"1";"4";"ROUTE NATIONALE 356";"50,6588210000";"3,1127810000"
"202100036936";"2";"06";"2021";"19:58";"1";"91";"91687";"1";"1";"1";"4";"AUTOROUTE A6";"48,6640800000";"2,3657200000"
"202100036937";"2";"06";"2021";"16:35";"1";"91";"91161";"1";"1";"1";"3";"AUTOROUTE A6";"48,7086600000";"2,3066200000"
"202100036938";"2";"06";"2021";"07:00";"1";"93";"93053";"1";"1";"1";"4";"AUTOROUTE A3";"48,8819000000";"2,4538000000"
"202100036939";"1";"06";"2021";"18:40";"1";"95";"95582";"1";"1";"1";"4";"RD 170";"48,9636600000";"2,2666000000"
"202100036940";"1";"06";"2021";"19:10";"1";"93";"93001";"1";"1";"1";"5";"AUTOROUTE A86";"48,9219900000";"2,3654100000"
"202100036941";"31";"05";"2021";"21:15";"3";"93";"93048";"1";"1";"1";"2";"AUTOROUTE A3";"48,8731300000";"2,4359200000"
"202100036942";"30";"05";"2021";"23:00";"3";"93";"93053";"1";"1";"1";"7";"AUTOROUTE A3";"48,8958000000";"2,4707400000"
"202100036943";"17";"05";"2021";"16:35";"1";"11";"11262";"2";"3";"1";"2";"Avenue Charles Trenet";"43,1848100000";"2,9978500000"
"202100036944";"4";"05";"2021";"07:23";"1";"976";"97611";"1";"1";"1";"6";"kaweni-Kaweni nord ( Z I )";" -12,7727900000";"45,2226700000"
"202100036945";"1";"06";"2021";"08:15";"1";"76";"76231";"2";"1";"1";"6";"NEUBOURG. RUE DU (RN 840)";"49,2800200000";"1,0074700000"
"202100036946";"29";"03";"2021";"08:11";"1";"75";"75113";"2";"1";"1";"6";"RUE DU CHEVALERET";"48,8336990000";"2,3687780000"
"202100036947";"2";"06";"2021";"04:05";"5";"988";"98818";"2";"2";"1";"3";"AVENUE DU MARECHAL FOCH";" -22,2801900000";"166,4432600000"
"202100036948";"1";"06";"2021";"07:25";"1";"976";"97611";"2";"6";"1";"2";"m'tsapere-Nationale 2 (route)";" -12,7964500000";"45,2158800000"
"202100036949";"31";"05";"2021";"12:10";"1";"974";"97411";"2";"1";"1";"3";"LORY LES HAUTS (RUE)";" -20,8979700000";"55,4803610000"
"202100036950";"31";"05";"2021";"07:30";"2";"974";"97411";"1";"1";"1";"2";"LITTORAL (ROUTE 1 DU)";" -20,8927290542";"55,3795543979"
"202100036951";"1";"06";"2021";"19:45";"1";"69";"69259";"2";"1";"1";"6";"AMBROISE CROIZAT (BD)";"45,6998800000";"4,8876800000"
"202100036952";"1";"06";"2021";"15:55";"1";"69";"69387";"2";"2";"1";"3";"RAULIN (R)";"45,7466500000";"4,8344300000"
"202100036953";"1";"06";"2021";"17:05";"1";"69";"69383";"2";"3";"1";"3";"VICTOR AUGAGNEUR (QU)";"45,7572500000";"4,8408100000"
"202100036954";"1";"06";"2021";"14:50";"1";"69";"69388";"2";"1";"1";"3";"FRERES LUMIERE (DES) (AV)";"45,7448700000";"4,8670900000"
"202100036955";"1";"06";"2021";"10:55";"1";"69";"69387";"2";"2";"1";"1";"DEBOURG (AV)";"45,7314900000";"4,8299000000"
"202100036956";"1";"06";"2021";"08:40";"1";"69";"69388";"2";"1";"1";"6";"CHALLEMEL LACOUR                    (R )";"45,7294015881";"4,8526377385"
"202100036957";"1";"06";"2021";"21:05";"1";"69";"69034";"2";"3";"1";"3";"WETTE-FAYS (DE) (CHM)";"45,7880900000";"4,8531800000"
"202100036958";"1";"06";"2021";"15:05";"1";"95";"95277";"2";"1";"1";"3";"ARSONVAL (RUE D')";"48,9882300000";"2,4589500000"
"202100036959";"27";"05";"2021";"13:05";"1";"91";"91549";"2";"1";"1";"3";"GABRIEL PERI (AVENUE)";"48,6524100000";"2,3154800000"
"202100036960";"31";"05";"2021";"11:30";"1";"91";"91345";"2";"1";"1";"6";"RUE DES MARGUERITES";"48,6970120000";"2,3019070000"
"202100036961";"26";"05";"2021";"16:00";"1";"88";"88413";"2";"7";"2";"7";"PLACE SEMARD";"48,2821700000";"6,9485300000"
"202100036962";"1";"06";"2021";"12:17";"1";"87";"87085";"2";"1";"1";"3";"BROGLIE (AVENUE LOUIS DE)";"45,8850400000";"1,2808200000"
"202100036963";"1";"06";"2021";"18:00";"1";"83";"83137";"2";"1";"1";"3";"GUILLEMARD (RUE ROBERT)";"43,1260900000";"5,9225000000"
"202100036964";"29";"05";"2021";"12:55";"1";"80";"80256";"2";"1";"1";"3";"LOUIS PASTEUR (AVENUE)";"49,9135900000";"2,2357000000"
"202100036965";"28";"05";"2021";"15:00";"1";"80";"80021";"2";"1";"1";"2";"ALBERT 1ER (MAIL)";"49,8889700000";"2,2976300000"
"202100036966";"28";"05";"2021";"15:41";"1";"80";"80021";"2";"1";"1";"2";"QUATORZE JUILLET 1789 (AVENUE DU)";"49,8752400000";"2,2818800000"
"202100036967";"28";"05";"2021";"16:25";"1";"78";"78092";"2";"3";"1";"6";"LOUVECIENNES (ROUTE DE)";"48,8628170000";"2,1395740000"
"202100036968";"26";"05";"2021";"10:15";"1";"78";"78354";"2";"3";"1";"6";"AVENUE DE L EUROPE";"48,9751600000";"1,6922600000"
"202100036969";"1";"06";"2021";"15:55";"1";"77";"77284";"2";"1";"1";"7";"GARE";"48,9565400000";"2,8738100000"
"202100036970";"1";"06";"2021";"18:40";"1";"77";"77186";"1";"1";"1";"4";"TABLE DU ROI (CARREFOUR DE LA)";"48,4847000000";"2,6656600000"
"202100036971";"31";"05";"2021";"23:35";"5";"77";"77070";"2";"2";"1";"3";"CHATEAU (RUE DU)";"48,7895500000";"3,1240600000"
"202100036972";"1";"06";"2021";"13:43";"1";"76";"76498";"2";"6";"1";"3";"NERUDA. RUE PABLO";"49,4259030000";"1,0590110000"
"202100036973";"1";"06";"2021";"09:20";"1";"76";"76351";"2";"5";"1";"7";"Rue de la CavÃ©e Verte";"49,5055200000";"0,1149000000"
"202100036974";"31";"05";"2021";"18:35";"1";"71";"71306";"2";"1";"1";"7";"LILLE (RUE DE)";"46,6741500000";"4,3720200000"
"202100036975";"31";"05";"2021";"09:10";"1";"69";"69275";"2";"1";"1";"3";"JEAN JAURES   (AV)";"45,7707600000";"4,9824400000"
"202100036976";"1";"06";"2021";"17:30";"1";"69";"69264";"2";"1";"1";"2";"GRANGE BLAZET";"45,9833200000";"4,7197800000"
"202100036977";"1";"06";"2021";"12:05";"1";"69";"69264";"1";"3";"1";"3";"BEAUREGARD (DE) (RTE)";"45,9998044170";"4,7441379858"
"202100036978";"28";"05";"2021";"17:21";"1";"68";"68297";"2";"1";"1";"6";"FONTAINE ( RUE DE LA )";"47,5806751407";"7,5580170751"