"Num_Acc";"jour";"mois";"an";"hrmn";"lum";"dep";"com";"agg";"int";"atm";"col";"adr";"lat";"long"
"202100036979";"29";"05";"2021";"18:50";"1";"67";"67482";"2";"1";"1";"3";"SALLUSTE (RUE)";"48,5830690664";"7,6956578460"
"202100036980";"29";"05";"2021";"11:00";"1";"67";"67482";"2";"3";"1";"3";"BAN DE LA ROCHE (RUE DU)";"48,5749720000";"7,7301850000"
"202100036981";"29";"05";"2021";"10:20";"1";"67";"67482";"2";"1";"1";"3";"MOLIERE (AVENUE)";"48,5949380000";"7,7074320000"
"202100036982";"1";"06";"2021";"14:39";"1";"66";"66136";"2";"1";"1";"6";"TORCATIS (AVENUE LOUIS)";"42,7035200000";"2,8888700000"
"202100036983";"1";"06";"2021";"11:26";"1";"66";"66136";"2";"3";"1";"3";"BAILLE GABRIEL";"42,7175400000";"2,8893400000"
"202100036984";"1";"06";"2021";"16:50";"1";"64";"64335";"2";"3";"8";"3";"IMPASSE DU GALOP";"43,3222500000";" -0,4160200000"
"202100036985";"31";"05";"2021";"17:15";"1";"64";"64024";"2";"1";"1";"7";"BAYONNE (AVENUE DE)";"43,4812500000";" -1,5111800000"
"202100036986";"31";"05";"2021";"15:05";"1";"64";"64102";"2";"1";"1";"7";"PAUL PRAS (AVENUE)";"43,4838800000";" -1,4767500000"
"202100036987";"31";"05";"2021";"13:55";"1";"64";"64102";"2";"1";"1";"2";"MAI 1945 (AVENUE DU 8)";"43,4627100000";" -1,4952600000"
"202100036988";"29";"05";"2021";"17:45";"1";"63";"63300";"1";"6";"1";"3";"RD 2144";"45,9080600000";"3,1238400000"
"202100036989";"31";"05";"2021";"12:10";"1";"60";"60175";"2";"1";"1";"3";"Avenue du Tremblay";"49,2701311957";"2,4945061538"
"202100036990";"1";"06";"2021";"15:40";"1";"57";"57240";"2";"2";"1";"3";"CIVRAY (RUE DE)";"49,1510354000";"6,8127871000"
"202100036991";"31";"05";"2021";"16:20";"1";"56";"56121";"2";"2";"1";"3";"CHAZELLES ( COURS LOUIS  DE )";"47,7528500000";" -3,3618700000"
"202100036992";"30";"05";"2021";"16:50";"1";"56";"56107";"1";"6";"1";"2";"Rond-point de Kerfornet";"47,7111914000";" -3,3957865000"
"202100036993";"29";"05";"2021";"16:14";"1";"56";"56107";"2";"1";"1";"6";"TOULHARS (BOULEVARD DE)";"47,7073800000";" -3,3816500000"
"202100036994";"28";"05";"2021";"22:19";"1";"56";"56083";"2";"6";"1";"6";"KERORBEN (RUE  DE )";"47,8003632465";" -3,2711134851"
"202100036995";"28";"05";"2021";"20:10";"1";"56";"56121";"2";"3";"1";"3";"SIAM (RUE  DE )";"47,7391000000";" -3,3759200000"
"202100036996";"1";"06";"2021";"18:05";"1";"54";"54431";"2";"1";"1";"4";"135 rue des LONGUES RAYES (RUE DES)";"48,8956300000";"6,0457600000"
"202100036997";"1";"06";"2021";"17:36";"1";"51";"51454";"2";"3";"1";"2";"Boulevard Charles Arnould";"49,2664859537";"4,0148844215"
"202100036998";"31";"05";"2021";"11:20";"1";"51";"51454";"2";"1";"1";"2";"Boulevard Pommery";"49,2514300000";"4,0531300000"
"202100036999";"30";"05";"2021";"20:53";"1";"49";"49007";"2";"1";"1";"1";"POISSONNERIE";"47,4726096868";" -0,5565744638"
"202100037000";"31";"05";"2021";"13:15";"1";"49";"49007";"2";"1";"1";"6";"ARAGON AVENUE";"47,4721400000";" -0,5664600000"
"202100037001";"31";"05";"2021";"11:05";"1";"45";"45232";"2";"3";"1";"6";"Rue Jules Marie Simon";"47,8649300000";"1,9022100000"
"202100037002";"1";"06";"2021";"17:05";"1";"45";"45208";"2";"3";"1";"6";"Avenue du GÃ©nÃ©ral de Gaulle";"48,0021878543";"2,7348009646"
"202100037003";"29";"05";"2021";"18:45";"1";"42";"42170";"1";"1";"1";"7";"N7";"46,0201000000";"4,1020500000"
"202100037004";"1";"06";"2021";"10:15";"1";"42";"42316";"2";"1";"1";"6";"Rue Charles de Gaulle";"45,3922800000";"4,2712400000"
"202100037005";"2";"06";"2021";"00:55";"5";"38";"38185";"2";"9";"1";"6";"Rue Jules Horowitz";"45,2054800000";"5,6999000000"
"202100037006";"31";"05";"2021";"11:00";"1";"37";"37208";"2";"1";"1";"7";"ARCOLE (PONT D')";"47,3730723909";"0,7159285506"
"202100037007";"1";"06";"2021";"18:12";"1";"35";"35238";"2";"2";"1";"3";"FREVILLE (AVENUE HENRI)";"48,0936200000";" -1,6744900000"
"202100037008";"1";"06";"2021";"09:25";"1";"35";"35238";"2";"6";"1";"3";"GAYEULLES (AVENUE DES)";"48,1351000000";" -1,6523200000"
"202100037009";"1";"06";"2021";"09:30";"1";"34";"34172";"2";"2";"1";"1";"LIBERTE (AVENUE DE LA";"43,6113700000";"3,8287000000"
"202100037010";"31";"05";"2021";"18:15";"1";"34";"34172";"2";"1";"1";"6";"LOUISVILLE (AVENUE DE)";"43,6225300000";"3,8154400000"
"202100037011";"1";"06";"2021";"17:15";"1";"33";"33063";"2";"3";"1";"3";"Cours de lâYser";"44,8232500000";" -0,5707200000"
"202100037012";"1";"06";"2021";"07:50";"1";"33";"33318";"2";"3";"1";"2";"Rue Marcel Dassault";"44,7814700000";" -0,6544800000"
"202100037013";"1";"06";"2021";"07:45";"1";"31";"31555";"2";"1";"1";"6";"AV JULES JULIEN";"43,5773100000";"1,4506000000"
"202100037014";"29";"05";"2021";"20:00";"1";"30";"30189";"2";"1";"1";"6";"COURBET AMIRAL (BOULEVARD)";"43,8362800000";"4,3625000000"
"202100037015";"29";"05";"2021";"18:55";"1";"30";"30189";"1";"1";"1";"3";"N/A";"43,8112490000";"4,3623930000"
"202100037016";"29";"05";"2021";"01:50";"5";"30";"30189";"2";"2";"1";"6";"SAINTE PERPETUE (RUE)";"43,8369000000";"4,3768000000"
"202100037017";"31";"05";"2021";"17:50";"1";"28";"28134";"2";"3";"1";"2";"SAINT THIBAULT (RUE)";"48,7335480000";"1,3511840000"
"202100037018";"14";"05";"2021";"19:00";"1";"27";"27681";"2";"1";"1";"6";"AZEMIA (BOULEVARD GEORGES)";"49,0795100000";"1,4875200000"
"202100037019";"1";"06";"2021";"09:30";"1";"25";"25056";"2";"3";"1";"2";"MONTJOUX  AVENUE DE";"47,2521600000";"6,0147800000"
"202100037020";"1";"06";"2021";"13:28";"1";"24";"24037";"1";"1";"1";"2";"RD13";"44,8684800000";"0,4463900000"
"202100037021";"12";"05";"2021";"07:40";"1";"22";"22106";"2";"1";"1";"3";"DOUVENANT (RUE DE)";"48,5010710000";" -2,7287230000"
"202100037022";"31";"05";"2021";"21:20";"5";"19";"19101";"1";"1";"1";"6";"bretelle de sortie D1089";"45,2496840000";"1,7732390000"
"202100037023";"31";"05";"2021";"16:55";"1";"19";"19272";"2";"1";"1";"1";"Henri de Bournazel (Av)";"45,2632885315";"1,7633056641"
"202100037024";"1";"06";"2021";"08:35";"1";"14";"14118";"2";"4";"1";"6";"Rue de Vaucelles";"49,1747900000";" -0,3532500000"
"202100037025";"30";"05";"2021";"17:40";"1";"14";"14341";"2";"1";"1";"2";"Boulevard MoliÃ¨re";"49,1524500000";" -0,3510200000"
"202100037026";"1";"06";"2021";"16:00";"1";"13";"13075";"2";"1";"1";"1";"ALSACE (RUE D')";"43,3437080000";"5,4576150000"
"202100037027";"1";"06";"2021";"15:00";"1";"13";"13205";"2";"2";"1";"2";"BAILLE (BOULEVARD)";"43,2883200000";"5,3927000000"
"202100037028";"1";"06";"2021";"12:05";"1";"13";"13212";"2";"1";"1";"2";"PEINTRES ROUX (AVENUE DES)";"43,3039692013";"5,4726189977"
"202100037029";"1";"06";"2021";"12:55";"1";"13";"13201";"2";"1";"1";"2";"PARADIS (RUE)       1 A 47";"43,2929300000";"5,3772000000"
"202100037030";"1";"06";"2021";"17:20";"1";"07";"07316";"1";"1";"1";"2";"LYON (ROUTE DE)";"44,9095400000";"4,8539700000"
"202100037031";"1";"06";"2021";"22:10";"5";"06";"06088";"2";"2";"1";"3";"RIQUIER (BD DE)";"43,7021600000";"7,2887500000"
"202100037032";"31";"05";"2021";"16:38";"1";"06";"06069";"2";"1";"1";"6";"GOBY (RUE PAUL)";"43,6603000000";"6,9238200000"
"202100037033";"31";"05";"2021";"16:05";"1";"06";"06027";"2";"9";"1";"6";"CIMETIERE MONTEE DU";"43,6699790000";"7,1453120000"
"202100037034";"1";"06";"2021";"18:55";"1";"03";"03190";"2";"6";"1";"3";"LECLERC (SQUARE ET AVENUE DU GAL)";"46,5630300000";"3,3365300000"
"202100037035";"1";"06";"2021";"10:45";"1";"75";"75116";"2";"1";"1";"3";"PORTE DAUPHINE";"48,8704830000";"2,2725290000"
"202100037036";"1";"06";"2021";"10:00";"1";"75";"75118";"2";"1";"1";"2";"PORTE DE CLIGNANCOURT";"48,9011940000";"2,3507470000"
"202100037037";"1";"06";"2021";"09:40";"1";"75";"75112";"2";"4";"1";"5";"PORTE DOREE";"48,8359910000";"2,4120530000"
"202100037038";"31";"05";"2021";"09:00";"1";"75";"75114";"2";"1";"1";"2";"BOULEVARD PERIPHERIQUE";"48,8242920000";"2,3063700000"
"202100037039";"31";"05";"2021";"02:52";"5";"75";"75113";"2";"1";"1";"2";"PORTE D IVRY";"48,8230400000";"2,3812350000"
"202100037040";"1";"06";"2021";"09:25";"1";"75";"75120";"2";"3";"1";"3";"AVENUE GAMBETTA";"48,8646850000";"2,3945160000"
"202100037041";"1";"06";"2021";"14:10";"1";"75";"75119";"2";"3";"1";"3";"AVENUE SIMON BOLIVAR";"48,8799890000";"2,3743040000"
"202100037042";"1";"06";"2021";"06:55";"1";"75";"75119";"2";"2";"1";"3";"AVENUE DE LA PORTE DE PANTIN";"48,8904250000";"2,3987280000"
"202100037043";"31";"05";"2021";"21:30";"5";"75";"75119";"2";"1";"1";"6";"RUE DE CRIMEE";"48,8932730000";"2,3738500000"
"202100037044";"1";"06";"2021";"09:20";"1";"75";"75116";"2";"1";"1";"3";"RUE DE LONGCHAMP";"48,8649420000";"2,2912190000"
"202100037045";"31";"05";"2021";"22:00";"5";"75";"75116";"2";"3";"1";"3";"ROUTE DE L ETOILE";"48,8750170000";"2,2581780000"
"202100037046";"1";"06";"2021";"13:40";"1";"75";"75114";"2";"3";"1";"2";"RUE JULIA BARTET";"48,8250070000";"2,3021830000"
"202100037047";"1";"06";"2021";"21:35";"2";"75";"75113";"2";"1";"1";"6";"BOULEVARD AUGUSTE BLANQUI";"48,8300550000";"2,3480830000"
"202100037048";"1";"06";"2021";"17:10";"1";"75";"75113";"2";"3";"1";"3";"RUE DE TOLBIAC";"48,8259350000";"2,3527430000"
"202100037049";"1";"06";"2021";"18:15";"1";"75";"75112";"2";"1";"1";"3";"QUAI DE BERCY";"48,8345090000";"2,3809110000"
"202100037050";"1";"06";"2021";"18:05";"1";"75";"75112";"2";"1";"1";"6";"RUE DE L AMBROISIE";"48,8347190000";"2,3848740000"
"202100037051";"1";"06";"2021";"17:10";"1";"75";"75112";"2";"1";"1";"6";"RUE LAMBLARDIE";"48,8403610000";"2,3974150000"
"202100037052";"1";"06";"2021";"18:30";"1";"75";"75110";"2";"1";"1";"2";"RUE DES VINAIGRIERS";"48,8732010000";"2,3600210000"
"202100037053";"1";"06";"2021";"20:00";"1";"75";"75107";"2";"4";"1";"2";"BOULEVARD DE LA TOUR MAUBOURG";"48,8563351260";"2,3098165714"
"202100037054";"1";"06";"2021";"18:20";"1";"75";"75108";"2";"7";"1";"7";"PLACE DE LA CONCORDE";"48,8640780000";"2,3201430000"
"202100037055";"1";"06";"2021";"11:00";"1";"75";"75102";"2";"2";"1";"3";"BOULEVARD DES CAPUCINES";"48,8702430000";"2,3299620000"
"202100037056";"31";"05";"2021";"21:35";"5";"75";"75103";"2";"7";"1";"3";"PLACE DE LA REPUBLIQUE";"48,8671490000";"2,3637250000"
"202100037057";"1";"06";"2021";"10:30";"1";"94";"94044";"2";"1";"1";"6";"Rue des Cailles";"48,7429083635";"2,4832749367"
"202100037058";"31";"05";"2021";"18:00";"1";"94";"94068";"2";"1";"1";"3";"Rue du Pont de CrÃ©teil";"48,8094500000";"2,4709900000"
"202100037059";"30";"05";"2021";"18:50";"1";"94";"94041";"2";"1";"1";"1";"Rue Louis Bertrand";"48,8177400000";"2,3758100000"
"202100037060";"31";"05";"2021";"17:00";"1";"94";"94028";"2";"4";"1";"3";"GAULLE(AVENUE DU GENERAL DE)";"48,7854400000";"2,4499300000"
"202100037061";"1";"06";"2021";"18:20";"1";"94";"94041";"2";"4";"1";"3";"Rue Westermeyer";"48,8180500000";"2,3948900000"
"202100037062";"1";"06";"2021";"21:38";"2";"94";"94056";"2";"1";"1";"7";"Route de Varennes Jarcy";"48,6956800000";"2,5550300000"
"202100037063";"31";"05";"2021";"17:30";"1";"94";"94002";"2";"1";"1";"3";"ETIENNE DOLET (R)";"48,7946100000";"2,4254900000"
"202100037064";"29";"05";"2021";"20:10";"1";"94";"94002";"2";"3";"1";"3";"BLANQUI (QU)";"48,7982500000";"2,4205300000"
"202100037065";"1";"06";"2021";"08:50";"1";"93";"93073";"1";"6";"1";"3";"Chemin de Roissy a Villepinte / Rue de la Belle Borne";"48,9891940000";"2,5200790000"
"202100037066";"1";"06";"2021";"08:10";"1";"93";"93073";"2";"6";"1";"2";"Route de Villepinte / Avenue Vauban";"48,9708900000";"2,5488900000"
"202100037067";"1";"06";"2021";"16:10";"1";"93";"93066";"2";"1";"1";"3";"Avenue Roger SÃ©mat";"48,9461730000";"2,3573030000"
"202100037068";"1";"06";"2021";"12:20";"1";"93";"93048";"2";"1";"1";"6";"STALINGRAD (RUE DE)";"48,8590881636";"2,4430534243"
"202100037069";"31";"05";"2021";"12:20";"1";"93";"93046";"2";"2";"1";"3";"Avenue Charles de Gaulle / Av du Consul General Nordling";"48,9165400000";"2,5314700000"
"202100037070";"31";"05";"2021";"16:45";"1";"93";"93032";"2";"4";"1";"3";"Avenue du President Pompidou / Rue Jules Guesde";"48,8814300000";"2,5412000000"
"202100037071";"31";"05";"2021";"11:40";"1";"93";"93032";"2";"3";"1";"6";"Chemin de Montguichet / Rue Watteau";"48,8843000000";"2,5473200000"
"202100037072";"1";"06";"2021";"14:10";"1";"93";"93005";"2";"1";"1";"2";"RAOUL DUFY (AVENUE)";"48,9580700000";"2,5049800000"
"202100037073";"1";"06";"2021";"12:34";"1";"92";"92072";"2";"1";"1";"3";"EUROPE (AVENUE DE L')";"48,8231200000";"2,2095700000"
"202100037074";"1";"06";"2021";"20:28";"1";"92";"92051";"2";"1";"1";"2";"CHARLES DE GAULLE (AVENUE, NÂ° 18 A 116)";"48,8818900000";"2,2687200000"
"202100037075";"1";"06";"2021";"18:25";"1";"92";"92049";"2";"1";"1";"7";"VANNE RUE DE LA";"48,8131136041";"2,3278749619"
"202100037076";"31";"05";"2021";"16:45";"1";"92";"92036";"2";"1";"1";"3";"LOUISE MICHEL (IMPAIRS)";"48,9211444701";"2,3186033964"
"202100037077";"1";"06";"2021";"08:05";"1";"92";"92026";"2";"6";"1";"3";"EUROPE ( ROND POINT DE L' )";"48,9054736823";"2,2561964393"
"202100037078";"1";"06";"2021";"09:20";"1";"92";"92025";"2";"2";"1";"3";"STALINGRAD (AV DE)";"48,9356205486";"2,2608259320"
"202100037079";"31";"05";"2021";"18:40";"1";"92";"92024";"2";"4";"1";"3";"CLICHY (QUAI DE) DE (8 A 60)";"48,9084686793";"2,3000178581"
"202100037080";"2";"06";"2021";"10:25";"1";"973";"97353";"2";"1";"1";"6";"Rue Maripa";"3,6405880000";" -54,0291200000"
"202100037081";"2";"06";"2021";"06:30";"2";"41";"41032";"1";"1";"1";"7";"D751 ""LEVÃE DE LA LOIRE""";"47,5522120000";"1,2982540000"
"202100037082";"1";"06";"2021";"14:05";"1";"33";"33254";"1";"2";"1";"3";"N/A";"44,5482610000";" -0,0346000000"
"202100037083";"2";"06";"2021";"20:00";"5";"974";"97422";"2";"1";"1";"7";"Chemin Farjeau";" -21,2528020000";"55,5110250000"
"202100037084";"2";"06";"2021";"13:29";"1";"86";"86191";"1";"1";"1";"6";"D 11";"46,5050310000";"0,8217970000"
"202100037085";"30";"05";"2021";"12:00";"1";"79";"79148";"2";"1";"1";"7";"11 bis Rue du Temple";"46,2634760000";" -0,0100960000"
"202100037086";"2";"06";"2021";"15:45";"1";"59";"59260";"1";"1";"1";"6";"D601";"51,0573316098";"2,4898247305"
"202100037087";"1";"06";"2021";"19:10";"1";"2B";"2B143";"1";"1";"1";"3";"Route ALBARICCIA";"42,2279020000";"9,5269440000"
"202100037088";"1";"06";"2021";"17:35";"1";"19";"19121";"1";"1";"1";"1";"Route de Vassagnac";"45,4122350000";"1,4007780000"
"202100037089";"1";"06";"2021";"14:00";"1";"56";"56090";"1";"1";"1";"6";"Lieu-dit le Bugoz Izel";"47,8906110000";" -3,2183180000"
"202100037090";"2";"06";"2021";"10:40";"1";"56";"56251";"2";"1";"1";"6";"41 Rue des Ducs de Bretagne";"47,6399600000";" -2,5972920000"
"202100037091";"30";"05";"2021";"13:00";"1";"2B";"2B319";"1";"1";"1";"7";"Figareto";"42,4169940000";"9,5290950000"
"202100037092";"2";"06";"2021";"18:50";"1";"80";"80661";"2";"1";"3";"6";"60 Rue d'Amiens";"49,9680440000";"2,3511980000"
"202100037093";"2";"06";"2021";"13:30";"1";"82";"82102";"1";"1";"1";"1";"lieu dit rodier";"44,0150710000";"0,8494230000"
"202100037094";"2";"06";"2021";"12:10";"1";"11";"11165";"1";"1";"1";"6";"D117";"42,8715690000";"2,1541790000"
"202100037095";"1";"06";"2021";"16:15";"1";"89";"89208";"2";"1";"1";"7";"rue de l'Ancien RÃ©servoir";"47,6191750000";"3,8677700000"
"202100037096";"1";"06";"2021";"20:15";"1";"76";"76711";"2";"1";"1";"6";"Quai Francois 1er";"50,0607000000";"1,3723450000"
"202100037097";"2";"06";"2021";"15:00";"1";"12";"12016";"1";"1";"1";"1";"D840";"44,5182890000";"2,3436610000"
"202100037098";"1";"06";"2021";"09:00";"1";"41";"41231";"1";"2";"1";"3";"La Margotiere";"47,4995290000";"1,9895770000"
"202100037099";"2";"06";"2021";"09:07";"1";"29";"29072";"2";"1";"8";"7";"Rue de Men Meur";"47,7933440000";" -4,2883370000"
"202100037100";"30";"05";"2021";"18:10";"1";"31";"31033";"2";"1";"1";"6";"26 Chemin de Traverse du Bouet";"43,3316870000";"1,4840610000"
"202100037101";"1";"06";"2021";"17:15";"1";"38";"38137";"1";"3";"1";"2";"D1092";"45,2657620000";"5,4630700000"
"202100037102";"1";"06";"2021";"12:25";"1";"06";"06150";"1";"9";"1";"1";"Avenue de Cap d'Ail";"43,7342600000";"7,3962010000"
"202100037103";"1";"06";"2021";"15:13";"1";"90";"90012";"1";"1";"1";"3";"RD419";"47,6521880000";"6,9543300000"
"202100037104";"1";"06";"2021";"08:00";"1";"43";"43135";"2";"3";"1";"3";"18 Rue Langlade";"44,9407100000";"3,9934770000"
"202100037105";"1";"06";"2021";"18:20";"1";"85";"85081";"1";"1";"1";"1";"D98";"46,7726860000";" -1,3636390000"
"202100037106";"1";"06";"2021";"09:20";"1";"37";"37059";"1";"1";"7";"6";"La Maison du Jardinier";"47,4688893101";"0,6186092955"
"202100037107";"2";"06";"2021";"14:00";"1";"08";"08085";"1";"1";"1";"7";"chemin de brieulles sur bar";"49,4768350000";"4,8593070000"
"202100037108";"1";"06";"2021";"21:05";"2";"88";"88316";"1";"2";"1";"3";"D164";"48,2346750000";"5,8032440000"
"202100037109";"16";"05";"2021";"16:15";"1";"67";"67324";"2";"1";"1";"4";"19 Rue de la VallÃ©e";"48,9585590000";"7,6465330000"
"202100037110";"2";"06";"2021";"04:45";"2";"76";"76586";"1";"1";"1";"2";"A29 -  PK 37+500 29 - Sens le Havre vers Amiens";"49,5697590000";"0,3772690000"
"202100037111";"22";"05";"2021";"17:35";"1";"35";"35131";"1";"2";"1";"3";"D125";"48,1300970000";" -1,8051430000"
"202100037112";"1";"06";"2021";"18:00";"1";"49";"49284";"1";"2";"1";"2";"D723";"47,4092850000";" -0,7941060000"
"202100037113";"2";"06";"2021";"12:45";"1";"60";"60538";"1";"1";"1";"4";"A1 PK85+500";"49,5590520724";"2,7346944809"
"202100037114";"29";"05";"2021";"14:10";"1";"988";"98827";"1";"1";"1";"7";"RT1 PK 210+100";" -21,3697360000";"165,1895710000"
"202100037115";"1";"06";"2021";"22:11";"3";"28";"28289";"1";"1";"1";"6";"route dÃ©partementale 26";"48,6184420000";"1,4595080000"
"202100037116";"1";"06";"2021";"18:30";"1";"45";"45210";"1";"1";"1";"6";"CD. 317";"47,8930390000";"2,8442570000"
"202100037117";"2";"06";"2021";"07:25";"2";"34";"34166";"2";"1";"1";"2";"d18";"43,3984220000";"3,3554430000"
"202100037118";"31";"05";"2021";"17:30";"1";"26";"26002";"1";"1";"1";"6";"A7";"45,2205010000";"4,8596050000"
"202100037119";"2";"06";"2021";"00:20";"3";"70";"70389";"1";"1";"1";"6";"RD21 PR005+600";"47,3977680000";"5,6238840000"
"202100037120";"1";"06";"2021";"21:00";"1";"71";"71360";"1";"1";"1";"1";"D17";"46,3278690000";"4,7547950000"
"202100037121";"23";"05";"2021";"11:00";"1";"67";"67046";"2";"3";"1";"3";"Rue de la Couronne";"48,7660550000";"7,8612920000"
"202100037122";"31";"05";"2021";"14:50";"1";"88";"88196";"2";"3";"1";"3";"Boulevard de Colmar";"48,0808080000";"6,8964450000"
"202100037123";"2";"06";"2021";"10:00";"1";"73";"73248";"2";"1";"8";"6";"D906";"45,2717450000";"6,3512620000"
"202100037124";"1";"06";"2021";"17:50";"1";"73";"73006";"2";"1";"1";"7";"D218 Rte de Megeve";"45,5575770000";"6,6244500000"
"202100037125";"1";"06";"2021";"17:20";"1";"19";"19085";"1";"2";"1";"3";"La Versanne";"45,3266370000";"1,8622200000"
"202100037126";"2";"06";"2021";"07:50";"1";"35";"35360";"1";"1";"1";"5";"RD 178";"48,0910950000";" -1,2048480000"
"202100037127";"2";"06";"2021";"09:15";"1";"60";"60500";"2";"1";"1";"7";"30 Rue du Savert";"49,0979460000";"2,7619990000"
"202100037128";"2";"06";"2021";"07:55";"1";"62";"62861";"2";"4";"1";"3";"D917";"50,3682950000";"2,7998940000"
"202100037129";"1";"06";"2021";"07:05";"1";"59";"59595";"1";"1";"1";"7";"D630";"50,2210170000";"3,3083870000"
"202100037130";"31";"05";"2021";"17:00";"1";"13";"13015";"1";"1";"1";"4";"A51-Sens Aix en Provence vers Marseille";"43,4280800000";"5,3863500000"
"202100037131";"31";"05";"2021";"12:15";"1";"13";"13005";"1";"1";"1";"6";"A501-Sens Aubagne vers Pont de l'Etoile";"43,2899700000";"5,5535300000"
"202100037132";"26";"05";"2021";"18:00";"1";"13";"13215";"1";"1";"1";"4";"A7-Sens Lyon vers Marseille";"43,3692293168";"5,3609404563"
"202100037133";"30";"05";"2021";"23:50";"3";"13";"13215";"1";"1";"1";"6";"A7-Sens Marseille vers Lyon";"43,3775500000";"5,3580700000"
"202100037134";"1";"06";"2021";"17:35";"1";"69";"69266";"1";"1";"1";"4";"RD383   3.750 A 7.640";"45,7571800000";"4,9088000000"
"202100037135";"27";"05";"2021";"03:10";"3";"69";"69199";"1";"1";"1";"2";"A7   7.000 A 8.630";"45,6902400000";"4,8454700000"
"202100037136";"31";"05";"2021";"13:42";"1";"69";"69290";"1";"1";"1";"5";"RN346   38.960 A 40.883";"45,7090000000";"4,9679200000"
"202100037137";"1";"06";"2021";"09:20";"1";"33";"33096";"1";"1";"1";"4";"AUTOROUTE A10";"44,9041790000";" -0,4929410000"
"202100037138";"31";"05";"2021";"17:30";"1";"62";"62498";"1";"1";"1";"2";"AUTOROUTE A21";"50,4472300000";"2,8379680000"
"202100037139";"31";"05";"2021";"08:20";"1";"59";"59435";"1";"1";"1";"2";"AUTOROUTE A23";"50,4906700000";"3,2127100000"
"202100037140";"1";"06";"2021";"19:45";"1";"91";"91363";"1";"1";"1";"6";"AUTOROUTE A10";"48,6593380000";"2,1843650000"
"202100037141";"1";"06";"2021";"14:50";"1";"91";"91570";"1";"1";"1";"2";"RN 104";"48,6250000000";"2,3161950000"
"202100037142";"1";"06";"2021";"09:13";"1";"91";"91340";"1";"1";"1";"5";"AUTOROUTE A6";"48,6041100000";"2,4369500000"
"202100037143";"1";"06";"2021";"09:55";"1";"94";"94034";"1";"1";"1";"2";"AUTOROUTE A86";"48,7600300000";"2,3209900000"
"202100037144";"1";"06";"2021";"08:26";"1";"91";"91340";"1";"1";"1";"5";"AUTOROUTE A6";"48,5977900000";"2,4413600000"
"202100037145";"31";"05";"2021";"17:55";"1";"91";"91064";"1";"1";"1";"4";"RN 118";"48,7465500000";"2,1962700000"
"202100037146";"1";"06";"2021";"17:30";"1";"92";"92036";"1";"1";"7";"2";"A86";"48,9335238690";"2,2754620724"
"202100037147";"1";"06";"2021";"14:15";"1";"92";"92051";"1";"1";"1";"6";"RN13";"48,8858720126";"2,2572237253"
"202100037148";"1";"06";"2021";"13:20";"1";"92";"92036";"1";"1";"1";"2";"A86";"48,9356840098";"2,2617732894"
"202100037149";"1";"06";"2021";"09:30";"1";"78";"78640";"1";"1";"1";"4";"A86 EXT";"48,7784190000";"2,2084300000"
"202100037150";"31";"05";"2021";"22:30";"3";"78";"78545";"1";"1";"1";"6";"A12 W";"48,8105900000";"2,0561300000"
"202100037151";"31";"05";"2021";"10:00";"1";"78";"78238";"1";"1";"1";"5";"A13";"48,9704600000";"1,8805800000"
"202100037152";"1";"06";"2021";"09:30";"1";"95";"95219";"1";"1";"1";"2";" A115";"48,9947764944";"2,2463465154"
"202100037153";"1";"06";"2021";"18:20";"1";"94";"94042";"1";"1";"1";"6";"A4";"48,8283679668";"2,4755835633"
"202100037154";"1";"06";"2021";"10:00";"1";"77";"77249";"1";"1";"1";"6";"A104";"48,7506648952";"2,6141913410"
"202100037155";"1";"06";"2021";"08:20";"1";"77";"77373";"1";"1";"1";"2";"RN104";"48,7739887309";"2,6118633742"
"202100037156";"12";"04";"2021";"10:27";"1";"87";"87085";"2";"1";"1";"6";"BUXEROLLES (RUE DE)";"45,8682810000";"1,2648300000"
"202100037157";"31";"05";"2021";"14:30";"1";"988";"98818";"2";"1";"1";"6";"RUE DE L'ALMA ANDRE BALLANDE";" -22,2698100000";"166,4402600000"
"202100037158";"31";"05";"2021";"18:25";"1";"64";"64445";"2";"9";"1";"6";"PAIX";"43,3194564039";" -0,3489017487"
"202100037159";"30";"05";"2021";"16:04";"1";"35";"35288";"2";"1";"7";"6";"ESPLANADE SAINT VINCENT";"48,6508660000";" -2,0213730000"
"202100037160";"30";"05";"2021";"12:56";"1";"34";"34172";"2";"1";"1";"6";"LAKANAL (RUE)";"43,6161200000";"3,8800800000"
"202100037161";"31";"05";"2021";"20:00";"1";"06";"06029";"2";"9";"1";"6";"CROISETTE (BOULEVARD DE)";"43,5462330000";"7,0331280000"
"202100037162";"28";"05";"2021";"11:14";"1";"05";"05061";"1";"1";"1";"7";"JEAN JAURES ( AVENUE )";"44,5477400000";"6,0659500000"
"202100037163";"22";"05";"2021";"11:27";"1";"75";"75107";"2";"5";"1";"6";"AVENUE RAPP";"48,8576770000";"2,3001900000"
"202100037164";"16";"02";"2021";"18:26";"5";"27";"27229";"2";"1";"1";"6";"QUATORZE JUILLET (BOULEVARD)";"49,0097820000";"1,1665110000"
"202100037165";"31";"05";"2021";"13:50";"1";"976";"97611";"2";"1";"1";"2";"kaweni-Magimbini ( rue )";" -12,7769000000";"45,2259200000"
"202100037166";"4";"05";"2021";"07:25";"1";"973";"97302";"2";"1";"2";"3";"MONTABO (ROUTE DE) 2";"4,9367123788";" -52,2972013951"
"202100037167";"31";"05";"2021";"19:05";"1";"69";"69259";"2";"1";"1";"1";"DOCTEUR COBLOD (DU)                 (BD)";"45,6993900000";"4,8933900000"