"Num_Acc";"jour";"mois";"an";"hrmn";"lum";"dep";"com";"agg";"int";"atm";"col";"adr";"lat";"long"
"202100037168";"31";"05";"2021";"18:45";"1";"69";"69387";"2";"2";"1";"3";"JEAN VALLIER (R)";"45,7328500000";"4,8375100000"
"202100037169";"31";"05";"2021";"16:20";"1";"69";"69199";"2";"1";"1";"6";"CHARLES PLASSE (R)";"45,7091100000";"4,8533200000"
"202100037170";"4";"05";"2021";"17:45";"1";"69";"69388";"2";"1";"1";"6";"ALPHONSE RODET (R)";"45,7268900000";"4,8819500000"
"202100037171";"31";"05";"2021";"13:00";"1";"69";"69389";"2";"1";"1";"4";"ARLOING (Q)";"45,7702200000";"4,8122100000"
"202100037172";"3";"05";"2021";"12:29";"1";"69";"69142";"2";"1";"7";"4";"JEAN JACQUES ROUSSEAU (Q)";"45,7397700000";"4,8120100000"
"202100037173";"30";"04";"2021";"17:00";"1";"69";"69382";"2";"3";"1";"3";"JEAN MOULIN (Q)";"45,7648700000";"4,8384100000"
"202100037174";"29";"05";"2021";"12:15";"1";"971";"97107";"2";"1";"1";"7";"PAUL LACAVE ( AVENUE )";"16,0482365846";" -61,5629094879"
"202100037175";"31";"05";"2021";"19:30";"1";"95";"95018";"2";"3";"1";"3";"MARTYRS DE CHATEAUBRIANT (BLD DES)";"48,9508100000";"2,2089300000"
"202100037176";"31";"05";"2021";"08:30";"1";"95";"95063";"2";"3";"1";"3";"RUE DE PONTOISE";"48,9242520000";"2,2175900000"
"202100037177";"30";"05";"2021";"21:40";"1";"91";"91549";"2";"1";"1";"3";"JACQUES DUCLOS (AVENUE)";"48,6350000000";"2,3470000000"
"202100037178";"31";"05";"2021";"18:59";"1";"91";"91477";"2";"1";"1";"6";"SACLAY (ROUTE DE)";"48,7190610000";"2,2214200000"
"202100037179";"4";"05";"2021";"18:35";"1";"91";"91191";"2";"1";"1";"3";"Jean Jaures (Avenue)";"48,7151300000";"2,4594300000"
"202100037180";"31";"05";"2021";"19:00";"1";"91";"91027";"2";"3";"1";"6";"AV JEAN JACQUES ROUSSEAU";"48,7036730000";"2,3569410000"
"202100037181";"31";"05";"2021";"10:40";"1";"91";"91479";"1";"5";"1";"3";"RTE DE FONTAINEBLEAU";"48,7203240000";"2,3706220000"
"202100037182";"3";"05";"2021";"20:50";"2";"91";"91687";"2";"2";"1";"1";"PRESIDENT KENNEDY (AVENUE DU)";"48,6665300000";"2,3642400000"
"202100037183";"31";"05";"2021";"08:30";"1";"89";"89387";"2";"3";"1";"1";"Rue Henri Dunant";"48,2008700000";"3,2918900000"
"202100037184";"30";"05";"2021";"19:00";"1";"87";"87085";"2";"3";"1";"3";"PORT DU NAVEIX (RUE DU)";"45,8332200000";"1,2756900000"
"202100037185";"28";"05";"2021";"15:04";"1";"87";"87085";"2";"1";"1";"2";"BAUDIN (AVENUE) ( RN21)";"45,8175720000";"1,2525290000"
"202100037186";"30";"05";"2021";"07:52";"2";"87";"87085";"2";"1";"1";"7";"BLANC LOUIS (BOULEVARD)";"45,8276300000";"1,2608600000"
"202100037187";"4";"05";"2021";"12:37";"1";"87";"87050";"1";"3";"1";"2";"MONTIN (ROUTE DU)";"45,8807700000";"1,2572300000"
"202100037188";"30";"04";"2021";"17:55";"1";"87";"87075";"1";"1";"1";"3";"ECUREUILS (CHEMIN DES)";"45,8073600000";"1,2027300000"
"202100037189";"30";"05";"2021";"15:45";"1";"86";"86194";"2";"2";"1";"3";"Avenue John Kennedy";"46,5822400000";"0,3678900000"
"202100037190";"4";"05";"2021";"16:45";"2";"83";"83137";"2";"1";"1";"6";"NOMY (RUE AMIRAL)";"43,1202260000";"5,9507960000"
"202100037191";"27";"05";"2021";"10:00";"1";"83";"83129";"2";"6";"7";"6";"LYCEE DE LA COUDOULIERE (AVENUE DU)";"43,0942651398";"5,8234977722"
"202100037192";"31";"05";"2021";"09:51";"1";"78";"78551";"1";"9";"1";"3";"RN 184";"48,9523990000";"2,0930690000"
"202100037193";"4";"05";"2021";"16:30";"1";"78";"78146";"2";"1";"1";"3";"SABINETTES (RUE DES)";"48,8997060000";"2,1454510000"
"202100037194";"1";"05";"2021";"12:15";"1";"77";"77258";"2";"6";"1";"6";"SEGRAIS (BOULEVARD DU)";"48,8336680000";"2,6347550000"
"202100037195";"4";"05";"2021";"14:05";"1";"77";"77482";"2";"1";"2";"1";"CROIX DE SIX (RUE DE LA)";"48,3713600000";"2,9578900000"
"202100037196";"31";"05";"2021";"19:15";"1";"77";"77394";"1";"1";"1";"3";"D.306";"48,5522670000";"2,6678970000"
"202100037197";"30";"05";"2021";"08:40";"1";"77";"77122";"2";"6";"1";"1";"AV DE LA REPUBLIQUE";"48,6655400000";"2,5499100000"
"202100037198";"31";"05";"2021";"04:10";"3";"77";"77216";"1";"9";"1";"6";"D 607";"48,2983630000";"2,6802000000"
"202100037199";"4";"05";"2021";"15:00";"1";"77";"77186";"2";"1";"2";"6";"GRANDE (RUE)";"48,4116200000";"2,7054100000"
"202100037200";"30";"05";"2021";"20:30";"1";"76";"76351";"2";"2";"1";"1";"GOBELINS (DES)";"49,4985700000";"0,1055900000"
"202100037201";"3";"05";"2021";"19:30";"1";"72";"72181";"2";"9";"1";"1";"GAMBETTA (PONT)";"48,0059000000";"0,1922000000"
"202100037202";"3";"05";"2021";"14:05";"1";"71";"71306";"2";"1";"1";"3";"SAINT EXUPERY (RUE)";"46,6787300000";"4,3687200000"
"202100037203";"3";"05";"2021";"18:30";"1";"71";"71105";"2";"6";"1";"3";"CLUNY (ROUTE DE)";"46,3127900000";"4,7857600000"
"202100037204";"31";"05";"2021";"13:30";"1";"71";"71153";"2";"2";"1";"3";"ACACIAS (RUE DES) NÂ°18 A 58 ET 5 A 51";"46,7926375287";"4,4309653072"
"202100037205";"30";"05";"2021";"16:00";"1";"71";"71153";"2";"2";"1";"3";"Rue MarÃ©chal Foch";"46,8032095088";"4,4512989651"
"202100037206";"31";"05";"2021";"19:25";"1";"69";"69266";"2";"1";"1";"7";"EMILE ZOLA (CR)";"45,7640224808";"4,9098988061"
"202100037207";"18";"05";"2021";"10:20";"1";"69";"69290";"2";"2";"1";"3";"GARE (DE LA) (AV)";"45,6877800000";"4,9348500000"
"202100037208";"3";"05";"2021";"19:30";"1";"69";"69275";"2";"2";"1";"6";"JEAN JAURES                         (AV)";"45,7708000000";"4,9588300000"
"202100037209";"29";"05";"2021";"19:05";"1";"67";"67482";"2";"3";"1";"3";"VITRY LE FRANCOIS (AVENUE DE)";"48,5699500000";"7,7932000000"
"202100037210";"28";"05";"2021";"19:40";"1";"67";"67482";"2";"1";"1";"2";"SCHIRMECK (ROUTE DE)";"48,5720470000";"7,7139680000"
"202100037211";"28";"05";"2021";"17:05";"1";"67";"67447";"2";"3";"1";"3";"PIERRE MENDES FRANCE (AVENUE)";"48,6002050000";"7,7536000000"
"202100037212";"31";"05";"2021";"17:15";"1";"64";"64249";"1";"1";"1";"3";"GETARIA(AVENUE)";"43,4179700000";" -1,6083600000"
"202100037213";"4";"05";"2021";"14:50";"1";"64";"64545";"2";"1";"1";"1";"RD810";"43,3704810000";" -1,6824780000"
"202100037214";"31";"05";"2021";"17:10";"1";"64";"64335";"2";"2";"1";"3";"MAURICE COUSTEAU";"43,3341400000";" -0,4199500000"
"202100037215";"31";"05";"2021";"08:50";"1";"64";"64024";"2";"3";"1";"2";"BAYONNE (AVENUE DE)";"43,4811100000";" -1,5117300000"
"202100037216";"2";"05";"2021";"05:00";"4";"63";"63302";"2";"1";"8";"6";"RD 978";"45,7244200000";"3,1475900000"
"202100037217";"31";"05";"2021";"09:12";"1";"63";"63113";"2";"2";"1";"3";"COTTAGES / Theuriet";"45,7649400000";"3,0791800000"
"202100037218";"29";"05";"2021";"12:19";"1";"63";"63113";"2";"1";"1";"6";"BLATIN (RUE)";"45,7768800000";"3,0790200000"
"202100037219";"30";"05";"2021";"11:59";"1";"63";"63164";"2";"3";"1";"4";"D 210 /allÃ©e ds Saules";"45,8339600000";"3,1584100000"
"202100037220";"29";"05";"2021";"11:24";"1";"63";"63164";"2";"2";"1";"2";"D2 MALINTRAT (RTE DE )/VC";"45,8138200000";"3,1609400000"
"202100037221";"4";"05";"2021";"04:20";"5";"62";"62193";"2";"2";"6";"3";"JACQUARD (BOULEVARD)";"50,9517270000";"1,8534690000"
"202100037222";"29";"05";"2021";"09:05";"1";"60";"60382";"2";"1";"1";"6";"Rue du MarÃ©chal Foch";"49,4281580175";"2,8236365317"
"202100037223";"31";"05";"2021";"20:10";"1";"59";"59426";"2";"1";"1";"6";"TOURCOING (RUE DE)";"50,7460280000";"3,1579380000"
"202100037224";"31";"05";"2021";"08:00";"1";"59";"59512";"2";"1";"1";"3";"JAURES (AVENUE JEAN)";"50,6749740000";"3,1587230000"
"202100037225";"30";"05";"2021";"20:10";"1";"59";"59360";"2";"1";"1";"6";"DOUMER PAUL RUE";"50,6030000000";"3,0410000000"
"202100037226";"31";"05";"2021";"11:00";"1";"59";"59648";"2";"1";"1";"3";"14 JUILLET AVENUE DU";"50,5855733182";"3,0460635410"
"202100037227";"29";"04";"2021";"20:40";"5";"59";"59350";"2";"4";"1";"3";"HUGO VICTOR RUE";"50,6278000000";"3,0131600000"
"202100037228";"29";"05";"2021";"18:55";"1";"57";"57631";"2";"1";"1";"6";"MERLES (RUE DES)";"49,1009065000";"7,0441373000"
"202100037229";"28";"05";"2021";"18:20";"1";"56";"56121";"2";"6";"1";"3";"FAOUEDIC ( AVE DU )";"47,7478300000";" -3,3648900000"
"202100037230";"28";"05";"2021";"12:05";"1";"56";"56121";"2";"1";"1";"3";"MULLER ( DU COLONEL JEAN )";"47,7633400000";" -3,3943900000"
"202100037231";"26";"05";"2021";"01:08";"4";"54";"54528";"2";"1";"1";"7";"RD904";"48,6965580000";"5,8950710000"
"202100037232";"31";"05";"2021";"17:45";"1";"54";"54395";"2";"1";"1";"1";"OLYMPE DE GOUGES";"48,6968525374";"6,1950042844"
"202100037233";"4";"05";"2021";"19:03";"1";"51";"51454";"2";"1";"1";"3";"Avenue Paul Marchandeau";"49,2446683981";"4,0284740925"
"202100037234";"4";"05";"2021";"15:10";"1";"51";"51454";"2";"1";"1";"7";"Rue Marie Ognois";"49,2688673415";"4,0735822733"
"202100037235";"28";"05";"2021";"16:40";"1";"50";"50602";"2";"6";"1";"2";"PENESME (ROND POINT)";"49,6354800000";" -1,5760300000"
"202100037236";"28";"05";"2021";"12:00";"1";"50";"50173";"2";"1";"1";"2";"PREVERT (AVENUE JACQUES)";"49,6547600000";" -1,6696700000"
"202100037237";"31";"05";"2021";"18:02";"1";"49";"49007";"2";"1";"1";"3";"PORTET BOULEVARD";"47,4518690000";" -0,5629130000"
"202100037238";"31";"05";"2021";"07:20";"1";"45";"45234";"2";"2";"1";"3";"Quai du Fort des Tourelles";"47,8948300000";"1,9045000000"
"202100037239";"4";"05";"2021";"20:00";"1";"45";"45298";"2";"1";"2";"1";"Rue des Hautes LevÃ©es";"47,8849020000";"1,8488210000"
"202100037240";"4";"05";"2021";"12:55";"1";"45";"45286";"2";"1";"2";"4";"Avenue Gaston Galloux";"47,8878110534";"1,9243097386"
"202100037241";"29";"05";"2021";"11:20";"1";"45";"45004";"2";"3";"1";"2";"Rue du Gros Moulin";"47,9648400000";"2,7794600000"
"202100037242";"4";"05";"2021";"21:15";"5";"44";"44109";"2";"1";"1";"3";"RUE DU PERRAY";"47,2471400000";" -1,5114600000"
"202100037243";"31";"05";"2021";"17:20";"1";"41";"41018";"2";"1";"1";"3";"BRANLY (RUE EDOUARD)";"47,5882100000";"1,3134600000"
"202100037244";"30";"05";"2021";"21:10";"2";"38";"38421";"2";"2";"1";"3";"Avenue PotiÃ©";"45,1735000000";"5,7554000000"
"202100037245";"4";"05";"2021";"18:40";"1";"38";"38185";"2";"1";"1";"3";"Rue Paul Helbronner";"45,1659700000";"5,7397500000"
"202100037246";"4";"05";"2021";"09:10";"1";"38";"38151";"2";"1";"1";"3";"Cours Jean Jaures";"45,1490600000";"5,7059800000"
"202100037247";"3";"05";"2021";"19:25";"1";"37";"37261";"2";"2";"1";"3";"MIRABEAU (PONT)";"47,3975758330";"0,6993162705"
"202100037248";"31";"05";"2021";"18:15";"1";"35";"35238";"2";"6";"1";"2";"Loriettes (Rue des)";"48,0838700000";" -1,6773400000"
"202100037249";"31";"05";"2021";"08:40";"1";"33";"33167";"2";"2";"1";"3";"Rue Roger Salengro";"44,8399800000";" -0,5391200000"
"202100037250";"31";"05";"2021";"08:30";"1";"33";"33281";"2";"1";"1";"3";"Avenue de Verdun";"44,8406800000";" -0,6413700000"
"202100037251";"31";"05";"2021";"11:35";"1";"33";"33529";"2";"2";"1";"3";"Avenue des Mimosas";"44,6327390000";" -1,1979600000"
"202100037252";"3";"05";"2021";"17:55";"1";"31";"31555";"2";"3";"1";"1";"ALL DU PR CAMILLE SOULA";"43,5843800000";"1,4380000000"
"202100037253";"4";"05";"2021";"08:00";"1";"31";"31555";"2";"1";"1";"3";"SUISSE (BD DE) DU 7AU 162";"43,6159590000";"1,4214900000"
"202100037254";"3";"05";"2021";"16:55";"1";"31";"31483";"2";"1";"1";"7";"ROUTE DE LA SERRE DE CAZAUX";"43,1233760000";"0,7255900000"
"202100037255";"28";"05";"2021";"01:18";"3";"30";"30189";"2";"2";"1";"6";"ARTS (AVENUE)";"43,8234600000";"4,3355900000"
"202100037256";"4";"05";"2021";"09:00";"1";"29";"29232";"1";"1";"2";"1";"Route de Plogonnec";"48,0232400000";" -4,1077900000"
"202100037257";"31";"05";"2021";"19:15";"1";"29";"29019";"2";"1";"1";"7";"Chemin de RocâH Glas";"48,4354840000";" -4,4894430000"
"202100037258";"26";"05";"2021";"20:49";"1";"29";"29019";"2";"3";"1";"1";"Rue du Valy-Hir";"48,3853011128";" -4,5246542901"
"202100037259";"10";"05";"2021";"17:08";"1";"29";"29019";"2";"1";"1";"3";"Giratoire Pen Ar ChâLeuz";"48,4144000000";" -4,4790000000"
"202100037260";"3";"05";"2021";"13:45";"1";"28";"28085";"2";"2";"1";"3";"VERDUN (AVENUE DE)";"48,4546400000";"1,4739700000"
"202100037261";"4";"05";"2021";"13:55";"1";"27";"27554";"2";"2";"1";"3";"MONT VERNON (ROND POINT)";"49,0937997661";"1,3860303868"
"202100037262";"30";"04";"2021";"20:40";"1";"24";"24037";"2";"1";"2";"1";"JOFFRE (RUE DU MARECHAL)";"44,8475800000";"0,4797200000"
"202100037263";"3";"05";"2021";"18:30";"1";"17";"17306";"2";"1";"1";"2";"AMPERE";"45,6315100000";" -0,9959300000"
"202100037264";"31";"05";"2021";"08:12";"1";"17";"17274";"2";"1";"1";"3";"VAUCANSON   RUE DE";"46,1659200000";" -1,0962080000"
"202100037265";"30";"05";"2021";"15:25";"1";"14";"14118";"1";"1";"1";"6";"D562";"49,1654900000";" -0,3653500000"
"202100037266";"31";"05";"2021";"23:10";"5";"13";"13208";"2";"1";"1";"7";"De la Grotte Rolland (Bd)";"43,2339300000";"5,3639100000"
"202100037267";"4";"05";"2021";"19:15";"1";"13";"13215";"2";"1";"1";"3";"HENRI BARNIER (BOULEVARD)";"43,3678503931";"5,3441512585"
"202100037268";"4";"05";"2021";"07:55";"1";"13";"13206";"2";"2";"1";"3";"RIVOLI (RUE DE)";"43,2861400000";"5,3870000000"
"202100037269";"3";"05";"2021";"17:00";"1";"13";"13212";"2";"1";"1";"6";"AIGUILLETTE (RUE DE L')";"43,3149700000";"5,4278110000"
"202100037270";"3";"05";"2021";"12:00";"1";"13";"13204";"2";"1";"1";"4";"ALEX. FLEMING (BOULEVARD)";"43,3148200000";"5,3911300000"
"202100037271";"3";"05";"2021";"10:00";"1";"13";"13209";"2";"1";"1";"3";"REDON (BOULEVARD DU)";"43,2495470000";"5,4224670000"
"202100037272";"31";"05";"2021";"12:45";"1";"11";"11069";"2";"1";"1";"3";"BLUM NR IMPAIRS JUSQUAU 1429";"43,2239010741";"2,3537098628"
"202100037273";"31";"05";"2021";"09:50";"1";"10";"10387";"2";"1";"1";"4";"MARECHAL DE LATTRE DE TASSIGNY (RUE DU)";"48,3047700000";"4,0940700000"
"202100037274";"29";"05";"2021";"12:15";"1";"08";"08105";"2";"3";"1";"3";"AURIOL PRESIDENT (AVENUE)";"49,7545330000";"4,7223760000"
"202100037275";"31";"05";"2021";"18:45";"1";"06";"06088";"2";"1";"1";"4";"VOIE RAPIDE";"43,7050000000";"7,2590000000"
"202100037276";"31";"05";"2021";"16:50";"1";"06";"06088";"2";"3";"1";"6";"CESSOLE (BD DE) (JUSQU'AU NÂ° 93-110)";"43,7161000000";"7,2535430000"
"202100037277";"29";"05";"2021";"12:19";"1";"05";"05061";"1";"1";"1";"6";"CHATEAUVIEUX (ROUTE DE)";"44,5033300000";"6,0576900000"
"202100037278";"4";"05";"2021";"12:45";"1";"01";"01451";"1";"6";"1";"3";"PARIS (ROUTE DE)";"46,2328100000";"5,2002700000"
"202100037279";"24";"03";"2021";"17:00";"1";"94";"94054";"2";"1";"1";"6";"Voie du Bouvray";"48,7477200000";"2,4275160000"
"202100037280";"31";"05";"2021";"17:15";"1";"75";"75116";"2";"1";"1";"5";"PORTE MAILLOT";"48,8776550000";"2,2803440000"
"202100037281";"31";"05";"2021";"08:05";"1";"75";"75113";"2";"1";"1";"5";"PORTE DE GENTILLY";"48,8171740000";"2,3508190000"
"202100037282";"31";"05";"2021";"11:08";"1";"75";"75120";"2";"3";"1";"6";"RUE DES PYRENEES";"48,8539880000";"2,4057190000"
"202100037283";"30";"05";"2021";"20:09";"1";"75";"75116";"2";"1";"1";"1";"RUE NICOLO";"48,8598620000";"2,2787580000"
"202100037284";"31";"05";"2021";"13:35";"1";"75";"75115";"2";"1";"1";"6";"RUE DE LA CROIX NIVERT";"48,8392210000";"2,2898280000"
"202100037285";"30";"05";"2021";"18:50";"1";"75";"75115";"2";"2";"1";"3";"RUE DE LA CONVENTION";"48,8372240000";"2,2963300000"
"202100037286";"30";"05";"2021";"17:45";"1";"75";"75115";"2";"1";"1";"2";"QUAI BRANLY";"48,8558030000";"2,2897260000"
"202100037287";"31";"05";"2021";"13:30";"1";"75";"75114";"2";"3";"1";"3";"RUE ALPHONSE DAUDET";"48,8261210000";"2,3288820000"
"202100037288";"30";"05";"2021";"19:25";"1";"75";"75114";"2";"1";"1";"6";"RUE DE L AMIRAL MOUCHEZ";"48,8202630000";"2,3439470000"
"202100037289";"31";"05";"2021";"18:30";"1";"75";"75113";"2";"2";"1";"3";"QUAI DE LA GARE";"48,8375720000";"2,3736530000"
"202100037290";"31";"05";"2021";"18:40";"1";"75";"75112";"2";"1";"1";"2";"RUE FABRE D EGLANTINE";"48,8471780000";"2,3956960000"
"202100037291";"31";"05";"2021";"15:10";"1";"75";"75112";"2";"3";"1";"6";"RUE DE LA LANCETTE";"48,8374810000";"2,3915950000"
"202100037292";"31";"05";"2021";"12:00";"1";"75";"75112";"2";"3";"1";"5";"ROUTE DE CEINTURE DU LAC DAUMESNIL";"48,8274630000";"2,4193850000"
"202100037293";"31";"05";"2021";"00:01";"5";"75";"75112";"2";"1";"1";"5";"RUE DE BERCY";"48,8434460000";"2,3739020000"
"202100037294";"30";"05";"2021";"10:53";"1";"75";"75112";"2";"1";"1";"4";"QUAI DE BERCY";"48,8311120000";"2,3855620000"
"202100037295";"31";"05";"2021";"17:40";"1";"75";"75107";"2";"2";"1";"7";"AVENUE DE BRETEUIL";"48,8516400000";"2,3125240000"
"202100037296";"31";"05";"2021";"08:11";"1";"75";"75107";"2";"2";"1";"6";"RUE DE VARENNE";"48,8549210000";"2,3199620000"
"202100037297";"31";"05";"2021";"14:20";"1";"75";"75103";"2";"3";"1";"2";"RUE DU TEMPLE";"48,8671390000";"2,3630650000"
"202100037298";"30";"05";"2021";"21:22";"2";"75";"75103";"2";"3";"1";"3";"RUE DE TURENNE";"48,8599660000";"2,3645470000"
"202100037299";"31";"05";"2021";"20:55";"1";"94";"94046";"2";"1";"1";"3";"Rue Jean JaurÃ¨s";"48,7931978315";"2,4344801901"
"202100037300";"31";"05";"2021";"14:50";"1";"94";"94046";"2";"9";"1";"3";"Rue Paul Bert";"48,8144500000";"2,4251380000"
"202100037301";"31";"05";"2021";"15:00";"1";"94";"94076";"2";"1";"1";"6";"MAXIME GORKI (BD)";"48,7876800000";"2,3678500000"
"202100037302";"31";"05";"2021";"14:30";"1";"94";"94003";"2";"1";"1";"3";"PAUL DOUMER (AV)";"48,8052200000";"2,3380900000"
"202100037303";"31";"05";"2021";"20:40";"1";"94";"94041";"2";"1";"1";"6";"Rue GalilÃ©e";"48,8158270000";"2,4031750000"
"202100037304";"30";"05";"2021";"02:11";"5";"94";"94028";"2";"1";"1";"3";"Route de Choisy";"48,7768900000";"2,4414500000"
"202100037305";"31";"05";"2021";"18:46";"1";"94";"94071";"2";"5";"1";"3";"VILLENEUVE (R DE)";"48,7677000000";"2,5084500000"
"202100037306";"31";"05";"2021";"18:30";"1";"93";"93072";"2";"1";"1";"6";"MARCEL CACHIN (AVENUE) COTE NÂ°16 AU 50";"48,9580800000";"2,3824100000"
"202100037307";"31";"05";"2021";"15:30";"1";"93";"93053";"2";"2";"1";"3";"Boulevard Michelet / Boulevard Gambetta";"48,8932046098";"2,4610335231"
"202100037308";"31";"05";"2021";"11:40";"1";"93";"93051";"2";"3";"1";"6";"Rue de la RÃ©publique / Avenue Aristide Briand";"48,8462866790";"2,5531690121"
"202100037309";"29";"05";"2021";"23:00";"5";"93";"93051";"2";"1";"1";"6";"Rue de la RÃ©publique";"48,8464300000";"2,5549800000"
"202100037310";"30";"05";"2021";"20:50";"1";"93";"93050";"2";"2";"1";"3";"Rue des Glycines / Rue du 11 Novembre";"48,8590000000";"2,5264500000"
"202100037311";"31";"05";"2021";"21:00";"1";"93";"93048";"2";"2";"1";"3";"Rue de Romainville / Rue Jean Baptiste Lamarck";"48,8727060000";"2,4467720000"
"202100037312";"31";"05";"2021";"07:00";"1";"93";"93029";"2";"1";"1";"3";"HENRI BARBUSSE (AVE) NÂ°126-280";"48,9212900000";"2,4540900000"
"202100037313";"31";"05";"2021";"13:40";"1";"93";"93008";"2";"3";"1";"3";"VAILLANT COUTURIER (AVENUE PAUL)";"48,9113208097";"2,4398272322"
"202100037314";"31";"05";"2021";"19:05";"1";"93";"93001";"2";"1";"7";"6";"ANATOLE FRANCE  (BLD) IMPAIR";"48,9159330000";"2,3815160000"
"202100037315";"31";"05";"2021";"07:50";"1";"93";"93001";"2";"1";"1";"3";"VALMY (RUE DE)";"48,9223340000";"2,3808230000"
"202100037316";"31";"05";"2021";"18:45";"1";"92";"92022";"2";"3";"1";"3";"SALENGRO (AVENUE ROGER)";"48,8166659764";"2,1950648725"
"202100037317";"31";"05";"2021";"13:35";"1";"92";"92072";"2";"7";"1";"3";"SAINT CLOUD (RUE DE)";"48,8285101721";"2,2244685888"
"202100037318";"31";"05";"2021";"21:00";"2";"92";"92062";"2";"2";"1";"3";"BERT (RUE PAUL)";"48,8798200158";"2,2333405520"
"202100037319";"31";"05";"2021";"17:30";"1";"92";"92050";"2";"6";"1";"3";"PLACE NELSON MANDELA";"48,8976711159";"2,2182002664"
"202100037320";"29";"05";"2021";"18:20";"1";"92";"92020";"2";"1";"1";"7";"DIVISION LECLERC AVENUE DE LA";"48,7968570010";"2,2805106640"
"202100037321";"31";"05";"2021";"19:13";"1";"92";"92040";"2";"2";"1";"1";"PAIX (AVENUE DE LA)";"48,8173615735";"2,2737246596"
"202100037322";"31";"05";"2021";"12:10";"1";"92";"92009";"2";"1";"7";"3";"AGENT SARRE (AV DE L')";"48,9261469679";"2,2712546368"
"202100037323";"30";"05";"2021";"19:45";"1";"92";"92025";"2";"2";"1";"3";"CHARLES DE GAULLE (BD)";"48,9180395151";"2,2243076563"
"202100037324";"31";"05";"2021";"21:38";"2";"92";"92024";"2";"5";"1";"3";"CLICHY (PONT DE)";"48,9087111015";"2,2999409702"
"202100037325";"31";"05";"2021";"18:30";"1";"92";"92024";"2";"1";"1";"3";"MARTRE (RUE) DE (59 A 109)   (58 A 120)";"48,9024664446";"2,3067158461"
"202100037326";"26";"05";"2021";"18:40";"1";"92";"92012";"2";"1";"1";"7";"POINT DU JOUR (QUAI DU)";"48,8334092546";"2,2609239728"
"202100037327";"1";"06";"2021";"06:00";"3";"974";"97415";"2";"1";"1";"1";"Rue Louis Desjardin";" -20,9788710000";"55,3315530000"
"202100037328";"1";"06";"2021";"18:30";"1";"80";"80420";"1";"1";"1";"1";"RD47";"50,0285680000";"2,5018120000"
"202100037329";"1";"06";"2021";"14:25";"1";"73";"73218";"1";"1";"1";"7";"D921";"45,8476130000";"5,8074120000"
"202100037330";"1";"06";"2021";"13:00";"1";"71";"71047";"2";"1";"7";"6";"ZA LES ALOUETTES, parking Marie-BlachÃ¨re";"46,6300330000";"3,7368320000"
"202100037331";"1";"06";"2021";"01:03";"3";"28";"28253";"1";"1";"1";"2";"Autoroute A11 PK  071+000";"48,3448690000";"1,4127950000"
"202100037332";"29";"05";"2021";"16:27";"1";"74";"74152";"2";"1";"1";"3";"Rte des Gorges";"45,9018330000";"6,0344070000"
"202100037333";"1";"06";"2021";"13:00";"1";"85";"85038";"1";"1";"1";"3";"La Funerie";"46,9162540000";" -1,3186920000"
"202100037334";"30";"05";"2021";"16:30";"1";"34";"34036";"1";"1";"1";"2";"A75 - PK: 285.300";"43,6776960000";"3,4090830000"
"202100037335";"1";"06";"2021";"11:30";"1";"30";"30034";"1";"3";"1";"3";"CD38";"43,7617000000";"4,5246000000"
"202100037336";"31";"05";"2021";"17:05";"1";"33";"33140";"2";"1";"1";"5";"N/A";"44,7719425679";" -0,3510586223"
"202100037337";"1";"06";"2021";"11:45";"1";"61";"61096";"1";"4";"1";"2";"Lieu Dit Etre Guerin";"48,5597920000";" -0,4569520000"
"202100037338";"30";"05";"2021";"16:40";"1";"61";"61156";"1";"2";"7";"7";"D31";"48,5571750000";"0,2703080000"
"202100037339";"31";"05";"2021";"17:45";"1";"55";"55443";"1";"1";"1";"7";"D167A";"49,2299720000";"5,7007240000"
"202100037340";"31";"05";"2021";"13:20";"1";"68";"68004";"1";"1";"1";"3";"RD 419";"47,6266880000";"7,2548710000"
"202100037341";"31";"05";"2021";"08:50";"1";"39";"39128";"1";"1";"1";"6";"N/A";"46,9783930000";"5,3771640000"
"202100037342";"1";"06";"2021";"06:14";"1";"25";"25318";"2";"9";"1";"3";"N57";"46,7679150000";"6,3824960000"
"202100037343";"31";"05";"2021";"18:25";"1";"29";"29158";"2";"3";"1";"6";"Rue Jean JaurÃ¨s - D53";"47,8161290000";" -4,3722600000"
"202100037344";"31";"05";"2021";"15:30";"1";"03";"03110";"1";"1";"1";"3";"D2209";"46,1262660000";"3,3660440000"
"202100037345";"1";"06";"2021";"13:35";"1";"70";"70111";"1";"1";"1";"1";"N19";"47,6418130000";"6,2805320000"
"202100037346";"30";"05";"2021";"19:00";"1";"26";"26353";"2";"1";"1";"1";"route nationale 7";"44,6641810000";"4,7911230000"
"202100037347";"31";"05";"2021";"18:45";"1";"58";"58145";"2";"1";"1";"7";"Rue de la Maladrerie";"47,2941340000";"3,8115330000"
"202100037348";"1";"06";"2021";"10:00";"1";"66";"66150";"1";"1";"7";"7";"Route de la Preste";"42,4109620000";"2,4577890000"
"202100037349";"1";"06";"2021";"07:06";"1";"54";"54416";"2";"1";"1";"1";"Rue de la Croix";"48,9350109114";"5,8053946503"
"202100037350";"1";"06";"2021";"15:00";"1";"14";"14270";"1";"3";"1";"3";"D613";"49,1440990000";"0,3273580000"
"202100037351";"1";"06";"2021";"13:16";"1";"14";"14754";"2";"1";"1";"6";"D513A";"49,3219550000";" -0,0003420000"
"202100037352";"31";"05";"2021";"09:25";"1";"09";"09264";"2";"1";"1";"1";"25 Avenue des Ecoliers";"43,0183370000";"1,6107640000"
"202100037353";"29";"05";"2021";"15:15";"1";"10";"10313";"2";"1";"1";"6";"Grande rue";"48,3566660000";"4,5007520000"