"Num_Acc";"jour";"mois";"an";"hrmn";"lum";"dep";"com";"agg";"int";"atm";"col";"adr";"lat";"long"
"202100037354";"1";"06";"2021";"10:55";"1";"53";"53128";"2";"6";"1";"3";"2 Rue d'Anjou";"47,9418480000";" -1,0844600000"
"202100037355";"1";"06";"2021";"17:15";"1";"21";"21534";"1";"2";"7";"3";"D973";"47,0123400000";"4,9234740000"
"202100037356";"25";"05";"2021";"17:00";"1";"04";"04144";"1";"1";"1";"3";"RD 952";"43,7674060000";"6,3113880000"
"202100037357";"27";"05";"2021";"22:00";"5";"27";"27133";"2";"1";"1";"6";"103 Quai de Seine";"49,3822090000";"0,9151270000"
"202100037358";"1";"06";"2021";"18:05";"1";"28";"28393";"1";"2";"1";"6";"Lieu Dit Moulu (ÃcublÃ©)";"48,5680810000";"1,3017400000"
"202100037359";"26";"05";"2021";"18:30";"2";"973";"97307";"1";"6";"8";"3";"RN 1 PR7";"4,8370420000";" -52,3388890000"
"202100037360";"31";"05";"2021";"05:15";"4";"987";"98738";"1";"1";"1";"6";"RT1 PK 18 (sens PUNAAUIA/PAPEETE)";" -17,6183780000";" -149,5708320000"
"202100037361";"31";"05";"2021";"17:20";"1";"34";"34320";"2";"1";"1";"6";"dÃ©partementale 111";"43,6575490000";"3,7261250000"
"202100037362";"1";"06";"2021";"09:15";"1";"64";"64290";"1";"4";"1";"2";"A64 PK 85+800";"43,3951470000";" -0,5465700000"
"202100037363";"29";"05";"2021";"15:05";"1";"987";"98712";"2";"1";"1";"1";"Lotissement Erima";" -17,5429770000";" -149,5036460000"
"202100037364";"1";"06";"2021";"00:15";"3";"45";"45270";"1";"1";"1";"6";"route de sully";"47,7986850000";"2,3171170000"
"202100037365";"1";"06";"2021";"14:00";"1";"91";"91041";"1";"1";"1";"2";"Route Nationale 20";"48,5696290000";"2,2330300000"
"202100037366";"1";"06";"2021";"07:55";"1";"91";"91461";"2";"1";"1";"6";"Route de Limours";"48,6000410000";"2,2364150000"
"202100037367";"30";"05";"2021";"10:00";"1";"78";"78193";"1";"1";"1";"3";"Voie communale des essarts";"48,7082950000";"1,9779250000"
"202100037368";"1";"06";"2021";"15:35";"1";"2B";"2B093";"1";"1";"1";"1";"RT30";"42,6184630000";"8,8913300000"
"202100037369";"30";"05";"2021";"19:05";"1";"66";"66230";"2";"1";"1";"7";"Avenue de la Baronnie";"42,6407580000";"2,5287330000"
"202100037370";"27";"05";"2021";"07:50";"1";"34";"34058";"2";"3";"1";"1";"Rue des CarriÃ¨res";"43,6844660000";"3,9903380000"
"202100037371";"31";"05";"2021";"18:45";"1";"83";"83115";"2";"1";"1";"2";"195 Route du Plan de la Tour";"43,3270880000";"6,6034730000"
"202100037372";"30";"05";"2021";"18:30";"1";"21";"21183";"1";"3";"1";"6";"D116";"47,2324095864";"5,2733730350"
"202100037373";"31";"05";"2021";"14:00";"1";"68";"68178";"1";"1";"1";"7";"D431";"47,9056990000";"7,0896150000"
"202100037374";"1";"06";"2021";"14:40";"1";"55";"55454";"1";"1";"1";"2";"RN4, sens Paris-Nancy - PK 36+0100";"48,7033870000";"5,4238080000"
"202100037375";"30";"05";"2021";"19:25";"1";"54";"54196";"2";"1";"1";"6";"Rue de la Maladrie";"48,5726034773";"6,1858713622"
"202100037376";"1";"06";"2021";"14:20";"1";"54";"54351";"2";"1";"1";"1";"Rue Jean JaurÃ©s";"48,7986200000";"6,1077900000"
"202100037377";"1";"06";"2021";"07:25";"1";"74";"74128";"1";"3";"7";"3";"Rte des Vallees";"46,1537130000";"6,3441650000"
"202100037378";"1";"06";"2021";"14:45";"1";"73";"73241";"1";"1";"1";"3";"Rte de Plancevat";"45,6096240000";"6,3383600000"
"202100037379";"1";"06";"2021";"17:45";"1";"26";"26004";"1";"1";"1";"2";"1605 Route de Bayanne";"45,0074670000";"5,0133440000"
"202100037380";"1";"06";"2021";"20:30";"1";"64";"64422";"1";"1";"1";"7";"Route de BarÃ©tous";"43,1687850000";" -0,6607460000"
"202100037381";"31";"05";"2021";"18:00";"1";"35";"35228";"1";"2";"1";"3";"La Ville Boterel";"48,5868420000";" -2,1002020000"
"202100037382";"25";"04";"2021";"12:25";"1";"35";"35047";"2";"6";"1";"6";"Avenue Joseph Jan";"48,0258340000";" -1,7651920000"
"202100037383";"1";"06";"2021";"08:15";"1";"60";"60612";"2";"1";"1";"6";"Avenue Paul Rouge";"49,1961730000";"2,5733570000"
"202100037384";"1";"06";"2021";"03:30";"3";"60";"60103";"2";"4";"1";"6";"Route de Remerangles";"49,4153000499";"2,2506466228"
"202100037385";"27";"05";"2021";"16:50";"1";"13";"13202";"1";"1";"1";"4";"TVPCD-Sens Les Ports vers Saint Victor";"43,3035100000";"5,3646800000"
"202100037386";"31";"05";"2021";"12:30";"1";"69";"69081";"1";"9";"1";"7";"BPNL   34.000 A 34.614";"45,7729700000";"4,7891000000"
"202100037387";"28";"05";"2021";"17:30";"1";"69";"69029";"1";"1";"1";"4";"RD383   7.640 A 11.044";"45,7452484950";"4,9062756298"
"202100037388";"28";"05";"2021";"20:20";"1";"69";"69152";"1";"1";"1";"6";"M7   4.270 A 5.756";"45,7025963258";"4,8350164889"
"202100037389";"31";"05";"2021";"11:40";"1";"33";"33550";"1";"1";"1";"4";"ROCADE A 630";"44,7790280000";" -0,5526510000"
"202100037390";"31";"05";"2021";"16:50";"1";"91";"91235";"1";"1";"1";"2";"RN 104";"48,6254500000";"2,3632500000"
"202100037391";"31";"05";"2021";"13:10";"1";"91";"91286";"1";"1";"1";"2";"AUTOROUTE A6";"48,6436800000";"2,3907600000"
"202100037392";"31";"05";"2021";"16:00";"1";"92";"92050";"1";"1";"1";"3";"A86";"48,9153626913";"2,2204385940"
"202100037393";"31";"05";"2021";"09:20";"1";"92";"92050";"1";"1";"1";"4";"A86";"48,8959108167";"2,1952099150"
"202100037394";"31";"05";"2021";"16:40";"1";"95";"95018";"1";"1";"1";"2";"A15";"48,9544200000";"2,2765000000"
"202100037395";"31";"05";"2021";"08:27";"1";"93";"93006";"1";"9";"1";"3";"AUTOROUTE A3";"48,8653400000";"2,4196900000"
"202100037396";"31";"05";"2021";"05:00";"2";"93";"93078";"1";"1";"1";"2";"AUTOROUTE A104";"48,9611700000";"2,5433200000"
"202100037397";"31";"05";"2021";"18:20";"1";"77";"77249";"1";"1";"1";"6";"RN104";"48,7425477236";"2,6123671061"
"202100037398";"31";"05";"2021";"16:00";"1";"94";"94033";"1";"1";"1";"6";"A86.INT";"48,8552398797";"2,4893367290"
"202100037399";"27";"05";"2021";"08:10";"1";"13";"13056";"2";"1";"1";"6";"TURCAN FRANCIS";"43,4119200000";"5,0457600000"
"202100037400";"30";"05";"2021";"17:10";"1";"13";"13214";"2";"1";"1";"3";"AVENUE RAIMU";"43,3320322929";"5,3988017112"
"202100037401";"30";"05";"2021";"14:00";"1";"72";"72181";"2";"1";"1";"6";"ALPES (RUE DES) NÂ° IMP";"47,9912400000";"0,2200400000"
"202100037402";"30";"05";"2021";"04:20";"5";"988";"98818";"2";"3";"1";"3";"PROMENADE ROGER LAROQUE/ROUTE DE L'AQUARIUM";" -22,3028200000";"166,4386700000"
"202100037403";"29";"05";"2021";"21:10";"3";"974";"97416";"1";"1";"1";"1";"CD 29";" -21,3356854466";"55,5192160606"
"202100037404";"30";"05";"2021";"19:49";"1";"69";"69199";"2";"1";"1";"1";"MATHIEU DUSSURGEY (R)";"45,7122082230";"4,8602822634"
"202100037405";"30";"05";"2021";"15:49";"1";"69";"69386";"2";"2";"1";"1";"ANATOLE FRANCE                      (BD)";"45,7707500000";"4,8569300000"
"202100037406";"30";"05";"2021";"12:00";"1";"69";"69387";"2";"1";"1";"6";"GAMBETTA (CR)";"45,7541646489";"4,8461803794"
"202100037407";"29";"05";"2021";"20:00";"1";"69";"69387";"2";"2";"1";"6";"UNIVERSITE (DE L') (R)";"45,7497600000";"4,8410200000"
"202100037408";"30";"05";"2021";"03:30";"5";"69";"69259";"2";"6";"1";"2";"IRENE JOLIOT CURIE                  (BD)";"45,7209800000";"4,8740800000"
"202100037409";"30";"05";"2021";"03:45";"5";"972";"97213";"1";"1";"2";"2";"AUTOROUTE A1";"14,6161149769";" -61,0143327713"
"202100037410";"30";"05";"2021";"11:55";"1";"972";"97209";"2";"1";"1";"3";"GENERAL DE GAULLE (BLD DU)";"14,6074288389";" -61,0716462135"
"202100037411";"30";"05";"2021";"22:15";"5";"69";"69034";"2";"1";"1";"7";"BOUCLE (DE LA)                      (MO)";"45,7828400000";"4,8369900000"
"202100037412";"30";"05";"2021";"21:05";"1";"69";"69382";"2";"2";"1";"3";"BREST (DE) (R)";"45,7638000000";"4,8332200000"
"202100037413";"30";"05";"2021";"21:28";"1";"95";"95268";"2";"3";"1";"3";"ALL JULES FERRY";"48,9734970000";"2,3942530000"
"202100037414";"30";"05";"2021";"14:45";"1";"91";"91161";"2";"1";"1";"6";"AV MAZARIN";"48,7029800000";"2,3197100000"
"202100037415";"29";"05";"2021";"20:35";"1";"91";"91657";"2";"2";"1";"3";"AV PAUL VAILLANT COUTURIER";"48,6965900000";"2,4359700000"
"202100037416";"30";"05";"2021";"21:00";"2";"83";"83137";"2";"9";"1";"1";"MISTRAL (ALLEE / LITTORAL FREDERIC)";"43,1092300000";"5,9569400000"
"202100037417";"29";"05";"2021";"17:00";"1";"83";"83034";"2";"1";"1";"1";"CHEMIN DU CANNEBAS";"43,0909511629";"6,0605665530"
"202100037418";"30";"05";"2021";"14:45";"1";"76";"76681";"2";"3";"1";"3";"PARIS. RUE DE";"49,4081500000";"1,1013800000"
"202100037419";"30";"05";"2021";"19:20";"1";"69";"69264";"2";"1";"1";"6";"GODART JUSTIN (R)";"45,9820539100";"4,7388481200"
"202100037420";"29";"05";"2021";"19:35";"1";"69";"69264";"2";"6";"1";"3";"EDOUARD HERRIOT (AV)";"45,9790400000";"4,7346800000"
"202100037421";"30";"05";"2021";"11:37";"1";"65";"65440";"2";"2";"1";"3";"REFFYE (COURS)";"43,2324110000";"0,0707330000"
"202100037422";"30";"05";"2021";"14:25";"1";"59";"59009";"2";"1";"1";"2";"ZOLA RUE EMILE";"50,6353350000";"3,1234700000"
"202100037423";"29";"05";"2021";"12:30";"1";"54";"54329";"2";"1";"1";"6";"AVENUE DE GERBEVILLER";"48,5838500000";"6,4817700000"
"202100037424";"30";"05";"2021";"21:05";"1";"51";"51454";"2";"2";"1";"3";"Rue GÃ©ruzez";"49,2656500000";"4,0207400000"
"202100037425";"29";"05";"2021";"18:20";"1";"50";"50502";"1";"1";"1";"7";"ISIGNY";"49,1212200000";" -1,0744520000"
"202100037426";"29";"05";"2021";"19:15";"1";"44";"44114";"2";"1";"1";"5";"ROUTE DE RENNES";"47,2577400000";" -1,5795300000"
"202100037427";"30";"05";"2021";"18:25";"1";"42";"42207";"2";"3";"1";"3";"Place Louis Comte";"45,4573755716";"4,5047198832"
"202100037428";"30";"05";"2021";"13:05";"1";"33";"33522";"2";"2";"1";"3";"Avenue de Thouars";"44,7974000000";" -0,5921400000"
"202100037429";"29";"05";"2021";"16:15";"1";"33";"33318";"2";"1";"2";"3";"Avenue Jean JaurÃ¨s";"44,8113400000";" -0,6186900000"
"202100037430";"30";"05";"2021";"10:15";"1";"33";"33281";"2";"1";"1";"6";"Avenue Marcel Dassault";"44,8470500000";" -0,7180100000"
"202100037431";"30";"05";"2021";"13:20";"1";"31";"31555";"2";"1";"1";"6";"GRANDE BRETAGNE (AV DE) DU 39AU 306";"43,6034020959";"1,4073550701"
"202100037432";"30";"05";"2021";"16:15";"1";"27";"27701";"1";"1";"1";"6";"RD 6015";"49,2522200000";"1,1845300000"
"202100037433";"30";"05";"2021";"22:00";"2";"17";"17300";"2";"1";"1";"2";"JOFFRE   BOULEVARD (27-77 et 2-1)";"46,1544600000";" -1,1442700000"
"202100037434";"29";"05";"2021";"20:40";"1";"17";"17300";"2";"1";"1";"3";"GRASSET   AVENUE EDMOND (159)";"46,1640700000";" -1,1745800000"
"202100037435";"30";"05";"2021";"21:35";"5";"13";"13208";"2";"1";"1";"3";"MADRAGUE DE MONTREDON (AVE DE LA) ";"43,2363000000";"5,3620800000"
"202100037436";"30";"05";"2021";"14:50";"1";"13";"13202";"2";"1";"1";"2";"DAMES (BOULEVARD DES)";"43,3023748438";"5,3699152241"
"202100037437";"30";"05";"2021";"13:30";"1";"13";"13205";"2";"2";"1";"1";"LOUBIERE (RUE DE LA)";"43,2905020000";"5,3891110000"
"202100037438";"29";"05";"2021";"23:00";"3";"13";"13028";"1";"1";"1";"7";"CRETES (ROUTES DES)";"43,1804600000";"5,5847200000"
"202100037439";"30";"05";"2021";"16:15";"1";"06";"06088";"1";"9";"1";"1";"CARREFOUR LINGOSTIERE (CENTRE CAL)";"43,7263800000";"7,1886000000"
"202100037440";"29";"05";"2021";"23:12";"3";"06";"06069";"2";"1";"1";"6";"BASTIDES (CHEMIN DES)";"43,6404800000";"6,9275900000"
"202100037441";"29";"05";"2021";"19:45";"2";"06";"06029";"2";"1";"1";"2";"CROISETTE (BOULEVARD DE LA)";"43,5410600000";"7,0351300000"
"202100037442";"29";"05";"2021";"12:20";"1";"06";"06123";"2";"1";"1";"3";"FRANCE D'OUTRE MER AVENUE";"43,6593770000";"7,1919310000"
"202100037443";"30";"05";"2021";"14:00";"1";"01";"01451";"2";"1";"1";"6";"CHAMBIERE ( RUE DE LA )";"46,2116000000";"5,2136000000"
"202100037444";"30";"05";"2021";"14:15";"1";"75";"75116";"2";"4";"1";"2";"ECHANGEUR MUETTE";"48,8657670000";"2,2680760000"
"202100037445";"29";"05";"2021";"22:00";"4";"75";"75118";"2";"1";"1";"6";"BOULEVARD DE ROCHECHOUART";"48,8829740000";"2,3441030000"
"202100037446";"30";"05";"2021";"12:30";"1";"75";"75116";"2";"7";"1";"3";"PONT D IENA";"48,8603890000";"2,2912580000"
"202100037447";"28";"05";"2021";"12:15";"1";"75";"75116";"2";"1";"1";"6";"RUE LECONTE DE LISLE";"48,8483760000";"2,2693030000"
"202100037448";"30";"05";"2021";"17:15";"1";"75";"75113";"2";"2";"1";"3";"RUE CHARCOT";"48,8303490000";"2,3704300000"
"202100037449";"30";"05";"2021";"17:20";"1";"75";"75111";"2";"3";"1";"3";"AVENUE PARMENTIER";"48,8690300000";"2,3717360000"
"202100037450";"30";"05";"2021";"13:50";"1";"75";"75118";"2";"3";"1";"6";"RUE DU DEPARTEMENT";"48,8857550000";"2,3649660000"
"202100037451";"30";"05";"2021";"11:15";"1";"75";"75108";"2";"1";"1";"3";"AVENUE DE WAGRAM";"48,8761960000";"2,2968010000"
"202100037452";"30";"05";"2021";"21:15";"1";"75";"75107";"2";"7";"1";"6";"AVENUE DE TOURVILLE";"48,8537760000";"2,3127340000"
"202100037453";"30";"05";"2021";"15:45";"1";"75";"75104";"2";"1";"1";"6";"PONT SAINT LOUIS";"48,8527660000";"2,3527360000"
"202100037454";"30";"05";"2021";"07:50";"1";"75";"75101";"2";"2";"1";"7";"RUE SAINT DENIS";"48,8587990000";"2,3474580000"
"202100037455";"30";"05";"2021";"18:24";"1";"94";"94078";"2";"1";"1";"2";"Place Pierre Semard";"48,7290300000";"2,4470900000"
"202100037456";"30";"05";"2021";"08:35";"1";"94";"94021";"2";"1";"1";"6";"178 Avenue de Stalingrad";"48,7664000000";"2,3679000000"
"202100037457";"30";"05";"2021";"12:40";"1";"94";"94017";"2";"2";"1";"6";"Rue Georges Dimitrov";"48,8136400000";"2,5101800000"
"202100037458";"30";"05";"2021";"15:30";"1";"93";"93027";"2";"1";"7";"6";"Rue Rateau";"48,9252200000";"2,4116100000"
"202100037459";"30";"05";"2021";"11:20";"1";"93";"93008";"2";"1";"1";"6";"STALINGRAD (RUE DE) A10";"48,9183500000";"2,4157700000"
"202100037460";"29";"05";"2021";"16:10";"1";"92";"92078";"2";"3";"1";"3";"MARC SANGNIER (AVENUE)";"48,9296961017";"2,3263373627"
"202100037461";"30";"05";"2021";"15:20";"1";"92";"92047";"2";"1";"1";"3";"RAYMOND POINCARE";"48,8381000000";"2,1754000000"
"202100037462";"29";"05";"2021";"21:40";"2";"92";"92048";"2";"1";"1";"6";"PARIS (RUE DE) NÂ° 1 A 15BIS";"48,8174401537";"2,2486835718"
"202100037463";"30";"05";"2021";"21:30";"2";"92";"92024";"2";"4";"1";"3";"PIERRE BEREGOVOY (RUE)";"48,9009600911";"2,2925537825"
"202100037464";"30";"05";"2021";"12:20";"1";"92";"92024";"2";"3";"1";"3";"MARTRE DE (4 A 54)";"48,8995730632";"2,3092558980"
"202100037465";"30";"05";"2021";"06:30";"1";"92";"92060";"2";"2";"1";"3";"PAUL LANGEVIN (AVENUE) (RD 2)";"48,7764267789";"2,2499549389"
"202100037466";"30";"05";"2021";"17:30";"1";"86";"86081";"2";"1";"1";"7";"21 Route des Mottes";"46,7884990000";"0,4503540000"
"202100037467";"29";"05";"2021";"10:15";"1";"73";"73149";"1";"1";"1";"7";"D921 PR12.5U";"45,7495730000";"5,7904170000"
"202100037468";"30";"05";"2021";"19:10";"1";"60";"60454";"1";"1";"1";"6";"D55";"49,3865770000";"2,3202610000"
"202100037469";"26";"05";"2021";"13:15";"1";"22";"22206";"2";"1";"1";"2";"Rue de st brieuc";"48,5404390000";" -2,9828360000"
"202100037470";"30";"05";"2021";"21:40";"2";"95";"95487";"2";"1";"1";"6";"109 Avenue Jacques Vogt";"49,1535135399";"2,2712768152"
"202100037471";"30";"05";"2021";"15:45";"1";"28";"28012";"1";"1";"1";"7";"Rue de Courtalain";"48,1066500000";"1,1743350000"
"202100037472";"29";"05";"2021";"04:25";"3";"974";"97422";"2";"1";"1";"6";"Rue Charles Baudelaire";" -21,2543101242";"55,4997116322"
"202100037473";"29";"05";"2021";"16:52";"3";"972";"97206";"2";"1";"1";"1";"DN7";"14,4817740000";" -61,0184100000"
"202100037474";"30";"05";"2021";"10:05";"1";"84";"84083";"2";"1";"1";"3";"Route Nationale 7";"44,1972900000";"4,7361750000"
"202100037475";"30";"05";"2021";"21:50";"3";"83";"83048";"1";"6";"1";"6";"2219 Boulevard du Littoral";"43,1885480000";"6,5808590000"
"202100037476";"26";"05";"2021";"22:30";"3";"44";"44047";"1";"1";"1";"2";"RN 165";"47,2615820000";" -1,7017650000"
"202100037477";"30";"05";"2021";"06:13";"2";"56";"56144";"1";"1";"1";"6";"Siviac Remungol (Remungol)";"47,9503530000";" -2,8600880000"
"202100037478";"31";"05";"2021";"07:55";"1";"74";"74234";"1";"2";"1";"1";"chemin de la chapelle de cons";"45,7569690000";"6,3175250000"
"202100037479";"30";"05";"2021";"16:00";"1";"2B";"2B123";"2";"9";"1";"1";"Avenue du 9 Septembre";"42,0158110000";"9,4051070000"
"202100037480";"30";"05";"2021";"18:30";"1";"80";"80334";"1";"1";"1";"1";"Route de Neuville";"49,7953150000";"2,1889990000"
"202100037481";"28";"05";"2021";"10:30";"1";"71";"71391";"1";"1";"1";"1";"Route du Canal";"46,8153700000";"4,5911320000"
"202100037482";"30";"05";"2021";"15:15";"1";"71";"71267";"2";"3";"1";"2";"Route de Tournus - lieu-dit Fissy";"46,4929640000";"4,8261850000"
"202100037483";"30";"05";"2021";"17:45";"1";"89";"89147";"2";"3";"1";"1";"D950";"47,7557640000";"3,2506150000"
"202100037484";"30";"05";"2021";"19:30";"1";"61";"61297";"1";"1";"1";"6";"lieu dit Tyres";"48,6692630000";"0,4815640000"
"202100037485";"29";"05";"2021";"16:35";"1";"42";"42224";"1";"1";"1";"7";"Route du Chateau du Bois";"45,3438834187";"4,4435725585"
"202100037486";"30";"05";"2021";"17:15";"1";"46";"46117";"1";"3";"1";"7";"cabagnols";"44,9477000000";"1,8636850000"
"202100037487";"28";"05";"2021";"17:15";"1";"47";"47269";"1";"1";"1";"1";"Pont de Labe";"44,1744710000";"0,7523920000"
"202100037488";"29";"05";"2021";"12:05";"1";"34";"34132";"1";"1";"1";"3";"RD 142 PR 10+700";"43,8077590000";"3,2479190000"
"202100037489";"30";"05";"2021";"16:35";"1";"31";"31561";"2";"6";"1";"1";"D112";"43,6388380000";"1,5013900000"
"202100037490";"29";"05";"2021";"20:15";"1";"03";"03264";"2";"1";"1";"7";"Chemin de Chamoiroux";"46,0678850000";"3,4746090000"
"202100037491";"30";"05";"2021";"19:06";"1";"01";"01373";"1";"1";"7";"6";"D1084";"46,1505840000";"5,5618290000"
"202100037492";"29";"05";"2021";"17:05";"1";"58";"58164";"1";"1";"1";"7";"Charrant";"47,2218230000";"3,0172440000"
"202100037493";"31";"05";"2021";"15:47";"1";"58";"58151";"2";"1";"1";"3";"50 Avenue de la Republique";"46,8906600000";"3,4669160000"
"202100037494";"31";"05";"2021";"14:00";"1";"66";"66124";"2";"1";"1";"3";"Avenue d'Espagne";"42,5061480000";"2,0312850000"
"202100037495";"30";"05";"2021";"12:15";"1";"54";"54242";"1";"2";"7";"4";"D674";"48,6235490000";"5,8914050000"
"202100037496";"30";"05";"2021";"23:05";"5";"06";"06090";"2";"1";"1";"6";"1036 Route de la Fenerie";"43,5843800000";"6,9230480000"
"202100037497";"31";"05";"2021";"07:45";"1";"53";"53007";"1";"4";"1";"7";"Haut Mont Roux";"48,0818420000";" -0,6551240000"
"202100037498";"28";"05";"2021";"10:20";"1";"40";"40287";"1";"1";"1";"5";"D46";"44,4442290000";" -1,0713390000"
"202100037499";"30";"05";"2021";"15:00";"1";"40";"40273";"2";"3";"1";"3";"Route OcÃ©ane";"43,5445980000";" -1,3864550000"
"202100037500";"23";"05";"2021";"19:40";"1";"40";"40264";"1";"1";"1";"3";"Route du Stade";"43,6355940000";" -1,2550110000"
"202100037501";"30";"05";"2021";"17:50";"1";"40";"40100";"1";"1";"1";"3";"Route de SabathÃ©";"43,9141870000";" -0,2382450000"
"202100037502";"31";"05";"2021";"08:30";"1";"04";"04122";"1";"1";"1";"1";"RN 85";"44,0344190000";"6,0868330000"
"202100037503";"30";"05";"2021";"12:50";"1";"27";"27679";"1";"1";"1";"1";"rn 12 pk 28.600";"48,7216390000";"0,8876820000"
"202100037504";"30";"05";"2021";"12:15";"1";"87";"87144";"1";"3";"1";"3";"FARDISSOUX";"45,6989070000";"1,4533660000"
"202100037505";"31";"05";"2021";"07:20";"1";"37";"37159";"2";"1";"1";"1";"Rue des PÃ¢tis";"47,2858094677";"0,6165231764"
"202100037506";"27";"05";"2021";"18:10";"1";"37";"37083";"1";"1";"1";"1";"D943";"47,2464619270";"0,8556605328"
"202100037507";"30";"05";"2021";"17:50";"1";"88";"88037";"1";"1";"1";"6";"Contrexard";"47,9947930000";"6,7350700000"
"202100037508";"31";"05";"2021";"08:10";"1";"68";"68375";"2";"1";"1";"3";"124 Rue de Mulhouse";"47,7966200000";"7,2408540000"
"202100037509";"27";"05";"2021";"12:20";"1";"988";"98805";"1";"1";"1";"5";"VE1";" -22,2259380000";"166,4616650000"
"202100037510";"31";"05";"2021";"14:30";"1";"34";"34333";"1";"9";"1";"1";"cd114 lieu dit le mas neuf";"43,5032740000";"3,7819470000"
"202100037511";"27";"05";"2021";"11:15";"1";"34";"34255";"1";"1";"7";"1";"Route dÃ©partementale 986";"43,7055540000";"3,8188430000"
"202100037512";"28";"05";"2021";"12:15";"1";"06";"06152";"1";"1";"1";"7";"Route du Parc";"43,6116150000";"7,0485610000"
"202100037513";"30";"05";"2021";"16:40";"1";"59";"59377";"1";"1";"1";"6";"A26 - PK 138+100";"50,1201930000";"3,1555650000"
"202100037514";"30";"05";"2021";"22:30";"3";"69";"69206";"1";"1";"1";"4";"Autoroute A6, PK 416+600, Sens LYON - PARIS";"46,0651538801";"4,7389838026"
"202100037515";"27";"05";"2021";"09:35";"1";"13";"13001";"1";"1";"1";"3";"Autoroute A8, pk 013+020, sens sud/nord";"43,5329780000";"5,3717780000"
"202100037516";"28";"05";"2021";"19:30";"3";"987";"98758";"1";"1";"1";"7";"PK 4 Apooiti";" -16,7429830000";" -151,4577900000"
"202100037517";"31";"05";"2021";"19:00";"2";"21";"21515";"2";"6";"1";"6";"D107";"47,3073680000";"5,0969210000"
"202100037518";"30";"05";"2021";"19:30";"1";"28";"28347";"1";"1";"1";"1";"Le Cornet";"48,8398010000";"1,5939400000"
"202100037519";"30";"05";"2021";"18:45";"1";"77";"77192";"1";"2";"1";"3";"d144";"48,6790180000";"2,8351380000"
"202100037520";"31";"05";"2021";"12:00";"1";"2A";"2A041";"1";"3";"1";"3";"Finocchio";"41,4070640000";"9,1714920000"
"202100037521";"30";"05";"2021";"13:24";"1";"2A";"2A215";"2";"1";"1";"3";"village, viagenti";"41,4917550000";"9,0545050000"
"202100037522";"31";"05";"2021";"12:10";"1";"66";"66059";"1";"1";"1";"7";"D80";"42,6183280000";"2,9411390000"
"202100037523";"30";"05";"2021";"17:40";"1";"83";"83108";"1";"3";"1";"3";"D64";"43,3328120000";"5,9920070000"
"202100037524";"22";"05";"2021";"17:30";"1";"13";"13007";"1";"1";"1";"3";"Route de la Sainte Baume";"43,3403950000";"5,6524010000"
"202100037525";"30";"05";"2021";"17:00";"1";"67";"67263";"1";"1";"1";"7";"cd 3 - pk8";"49,0271340000";"7,7324220000"
"202100037526";"29";"05";"2021";"19:55";"1";"57";"57303";"1";"6";"1";"6";"Route dÃ©partement 52, route de Maizieres";"49,2220770000";"6,1939150000"
"202100037527";"30";"05";"2021";"18:45";"1";"03";"03235";"1";"1";"1";"2";"RD 906 PK 20";"46,2474490000";"3,5175130000"
"202100037528";"26";"05";"2021";"07:00";"1";"44";"44035";"2";"1";"2";"7";"Rue du Vivier";"47,3279590000";" -1,5623970000"
"202100037529";"30";"05";"2021";"03:45";"5";"69";"69296";"1";"1";"1";"6";"A7";"45,6434446849";"4,8289190182"
"202100037530";"29";"05";"2021";"17:30";"1";"81";"81099";"2";"9";"1";"3";"Route de Toulouse";"43,8925520000";"1,8807170000"
"202100037531";"30";"05";"2021";"18:00";"1";"22";"22384";"1";"1";"1";"7";"D41";"48,2895000000";" -2,8517300000"
"202100037532";"30";"05";"2021";"08:40";"1";"22";"22376";"1";"1";"1";"2";"Le ChÃ¢tel";"48,2202760000";" -2,7677000000"
"202100037533";"31";"05";"2021";"09:50";"1";"27";"27072";"2";"9";"1";"3";"D648";"49,1049850000";"1,5264670000"
"202100037534";"31";"05";"2021";"18:20";"1";"80";"80499";"1";"2";"1";"3";"route dÃ©partementale 84";"49,7469180000";"2,4739190000"
"202100037535";"30";"05";"2021";"17:20";"1";"13";"13071";"1";"1";"1";"2";"A51-Sens Aix en Provence vers Marseille";"43,4119200000";"5,3640800000"
"202100037536";"30";"05";"2021";"14:38";"1";"13";"13055";"1";"1";"1";"4";"A507 sens Aubagne- Marseille";"43,3018400000";"5,4252760000"
"202100037537";"30";"05";"2021";"13:42";"1";"13";"13117";"1";"1";"1";"2";"A7-Sens Marseille vers Lyon";"43,4502100000";"5,2392800000"
"202100037538";"29";"05";"2021";"11:10";"1";"13";"13215";"1";"1";"1";"5";"A7-Sens Lyon vers Marseille";"43,3478900000";"5,3711700000"
"202100037539";"29";"05";"2021";"06:50";"1";"13";"13055";"1";"1";"1";"2";"A507 sens Aubagne- Marseille";"43,2935751460";"5,4244351387"
"202100037540";"30";"05";"2021";"18:15";"1";"69";"69029";"1";"9";"1";"3";"RD383";"45,7350106074";"4,9019972384"
"202100037541";"30";"05";"2021";"16:40";"1";"69";"69125";"1";"1";"1";"3";"A6   437.840 A 439.400";"45,8811380000";"4,7387814000"