"Num_Acc";"jour";"mois";"an";"hrmn";"lum";"dep";"com";"agg";"int";"atm";"col";"adr";"lat";"long"
"202100037542";"30";"05";"2021";"15:45";"1";"69";"69040";"1";"1";"1";"4";"M6   447.520 A 448.490";"45,8021000000";"4,7724900000"
"202100037543";"29";"05";"2021";"14:10";"1";"69";"69029";"1";"1";"1";"2";"RD383   7.640 A 11.044";"45,7443200000";"4,9060400000"
"202100037544";"30";"05";"2021";"18:35";"1";"33";"33397";"1";"1";"1";"6";"N/A";"44,8942280000";" -0,4984060000"
"202100037545";"30";"05";"2021";"07:30";"1";"91";"91228";"1";"1";"1";"2";"AUTOROUTE A6";"48,6213500000";"2,4241600000"
"202100037546";"30";"05";"2021";"01:00";"5";"94";"94003";"1";"1";"1";"6";"AUTOROUTE A6B";"48,8016451608";"2,3434246537"
"202100037547";"30";"05";"2021";"10:40";"1";"78";"78133";"1";"1";"1";"4";"A13";"48,8920120000";"2,0089210000"
"202100037548";"30";"05";"2021";"21:00";"1";"93";"93063";"1";"1";"1";"3";"AUTOROUTE A3";"48,8735655467";"2,4368776462"
"202100037549";"30";"05";"2021";"18:30";"1";"93";"93005";"1";"1";"1";"2";"AUTOROUTE A1";"48,9578000000";"2,4626600000"
"202100037550";"29";"05";"2021";"19:10";"1";"93";"93005";"1";"1";"1";"2";"AUTOROUTE A1";"48,9609800000";"2,4689000000"
"202100037551";"29";"05";"2021";"20:00";"1";"77";"77146";"1";"1";"1";"6";"A4.W";"48,8320400000";"2,6514700000"
"202100037552";"29";"05";"2021";"15:10";"1";"64";"64445";"2";"1";"1";"6";"JEAN MERMOZ";"43,3226000000";" -0,3795700000"
"202100037553";"29";"05";"2021";"19:55";"1";"54";"54274";"2";"1";"1";"6";"DELIBES (RUE LEO)";"48,6728200336";"6,2090339303"
"202100037554";"29";"05";"2021";"16:20";"1";"37";"37261";"2";"1";"1";"6";"GRAMMONT (AVENUE DE)";"47,3849891069";"0,6909723804"
"202100037555";"29";"05";"2021";"15:58";"1";"32";"32013";"2";"1";"1";"7";"PAUL VERLAINE";"43,6666300000";"0,5904800000"
"202100037556";"28";"05";"2021";"17:10";"1";"93";"93051";"2";"1";"1";"6";"Avenue MÃ©dÃ©ric";"48,8301600000";"2,5835200000"
"202100037557";"30";"05";"2021";"05:02";"5";"988";"98818";"2";"3";"3";"6";"RUE GABRIEL BUSIAU/RUE MARCEL KOLLEN";" -22,2954000000";"166,4426900000"
"202100037558";"29";"05";"2021";"17:52";"1";"973";"97302";"2";"1";"1";"6";"14 ET 22 JUIN 1962";"4,9351379707";" -52,3273974979"
"202100037559";"29";"05";"2021";"10:00";"1";"973";"97302";"2";"1";"1";"1";"CATAYEE (JUSTIN)";"4,9315500000";" -52,3265000000"
"202100037560";"29";"05";"2021";"22:00";"5";"69";"69387";"2";"2";"1";"3";"GUILLOTIERE (DE LA)                 (GR)";"45,7472400000";"4,8588300000"
"202100037561";"29";"05";"2021";"18:45";"1";"69";"69387";"2";"2";"1";"3";"SEBASTIEN GRYPHE (R)";"45,7524000000";"4,8443600000"
"202100037562";"29";"05";"2021";"16:15";"1";"69";"69387";"2";"2";"1";"3";"JEAN JAURES                         (AV)";"45,7374400000";"4,8372600000"
"202100037563";"29";"05";"2021";"12:45";"1";"69";"69387";"2";"1";"1";"6";"JEAN MACE                           (PL)";"45,7462963058";"4,8419671655"
"202100037564";"29";"05";"2021";"09:45";"1";"69";"69149";"2";"3";"1";"7";"EMILE ZOLA                          (BD)";"45,7198300000";"4,7988100000"
"202100037565";"28";"05";"2021";"13:10";"1";"69";"69389";"2";"1";"1";"3";"ST CYR (DE) (R)";"45,7865000000";"4,8081800000"
"202100037566";"28";"05";"2021";"19:20";"1";"91";"91570";"2";"5";"1";"3";"ACACIAS (ALLEE DES)";"48,6381600000";"2,3125500000"
"202100037567";"30";"05";"2021";"01:00";"5";"91";"91421";"2";"7";"1";"3";"NATIONALE 6 (PARTIE FORET)";"48,6832900000";"2,4901800000"
"202100037568";"28";"05";"2021";"18:40";"1";"91";"91223";"1";"1";"1";"7";"RUE DU LT COLONEL ARNAUD BELTRAME";"48,4457600000";"2,1379800000"
"202100037569";"29";"05";"2021";"18:50";"1";"83";"83069";"2";"1";"1";"6";"BEAUREGARD (AV ANDREE-DAVID DE )";"43,1176671916";"6,1242836723"
"202100037570";"28";"05";"2021";"18:20";"1";"83";"83034";"2";"1";"1";"2";"1ERE DFL (AVENUE)";"43,0927710000";"6,0746570000"
"202100037571";"29";"05";"2021";"19:45";"1";"79";"79191";"2";"3";"1";"3";"137 Avenue de Paris";"46,3268100000";" -0,4504900000"
"202100037572";"29";"05";"2021";"11:30";"1";"78";"78350";"2";"1";"1";"2";"CONTI (QUAI)";"48,8728720000";"2,1216170000"
"202100037573";"29";"05";"2021";"21:15";"1";"76";"76575";"2";"2";"1";"3";"CPAM (RUE LAZARE CARNOT)";"49,3810300000";"1,1074500000"
"202100037574";"29";"05";"2021";"09:50";"1";"76";"76565";"1";"3";"1";"2";"RD 915";"49,8889200000";"1,0840100000"
"202100037575";"29";"05";"2021";"23:52";"5";"72";"72181";"2";"1";"1";"6";"PIED SEC (RUE DE)";"47,9838500000";"0,2033600000"
"202100037576";"29";"05";"2021";"12:30";"1";"72";"72181";"2";"1";"1";"3";"BOLLEE (AV) NÂ° IMP 65 A 199";"47,9986200000";"0,2135700000"
"202100037577";"29";"05";"2021";"14:50";"1";"71";"71486";"1";"1";"1";"3";"RD 974";"46,6443800000";"4,3330200000"
"202100037578";"29";"05";"2021";"20:55";"2";"69";"69290";"2";"3";"1";"4";"D318";"45,7034400000";"4,9146700000"
"202100037579";"28";"05";"2021";"19:45";"1";"69";"69256";"2";"1";"1";"3";"CONDORCET (R)";"45,7784200000";"4,9187600000"
"202100037580";"28";"05";"2021";"17:45";"1";"69";"69256";"2";"1";"1";"6";"EMILE ZOLA (R)";"45,7774500000";"4,9191900000"
"202100037581";"29";"05";"2021";"20:50";"2";"64";"64132";"2";"3";"1";"3";"GEORGES CLEMENCEAU";"43,2873600000";" -0,3512900000"
"202100037582";"29";"05";"2021";"18:30";"1";"64";"64445";"2";"1";"1";"1";"CORPS FRANC POMMIES DU";"43,3072100000";" -0,3361100000"
"202100037583";"29";"05";"2021";"13:00";"1";"64";"64102";"2";"9";"1";"3";"ALLEES MARINES (AVENUE DES)";"43,4993300000";" -1,4892100000"
"202100037584";"27";"05";"2021";"16:15";"1";"63";"63113";"2";"8";"1";"3";"TORPILLEUR SIROCCO (RUE DU)";"45,8058600000";"3,1067200000"
"202100037585";"29";"05";"2021";"19:05";"1";"57";"57463";"2";"2";"1";"1";"PARIS (RUE DE )";"49,1251200000";"6,1644800000"
"202100037586";"18";"05";"2021";"10:30";"1";"57";"57606";"2";"1";"1";"6";"LORRAINE (BOULEVARD DE)";"49,1052100000";"6,7066000000"
"202100037587";"29";"05";"2021";"17:03";"1";"54";"54395";"2";"1";"1";"3";"POINCARE (RUE RAYMOND 1-29-2-30)";"48,6900441761";"6,1718239893"
"202100037588";"29";"05";"2021";"12:43";"1";"54";"54395";"2";"1";"1";"3";"ARC (RUE JEANNE D') NÂ° 177-190 A FIN";"48,6794860433";"6,1762046505"
"202100037589";"28";"05";"2021";"21:00";"1";"51";"51454";"2";"3";"1";"1";"Rue de Betheny";"49,2653625390";"4,0447905681"
"202100037590";"29";"05";"2021";"19:16";"1";"37";"37214";"2";"2";"1";"6";"DE GAULLE (BD CHARLES)";"47,4115415477";"0,6755753607"
"202100037591";"29";"05";"2021";"19:30";"1";"37";"37261";"2";"6";"1";"6";"DANEMARK (AVENUE DU)";"47,4304138324";"0,6731440723"
"202100037592";"29";"05";"2021";"17:00";"1";"33";"33318";"2";"2";"1";"6";"Rue AndrÃ© Pujol";"44,8060300000";" -0,6324400000"
"202100037593";"29";"05";"2021";"16:30";"1";"33";"33063";"2";"1";"2";"3";"Rue Esprit-des-Lois";"44,8430000000";" -0,5732600000"
"202100037594";"29";"05";"2021";"13:35";"1";"33";"33063";"2";"2";"1";"3";"Quai de Bacalan";"44,8603490000";" -0,5536440000"
"202100037595";"29";"05";"2021";"12:00";"1";"33";"33529";"1";"1";"1";"7";"RD 256";"44,5776500000";" -1,1299100000"
"202100037596";"29";"05";"2021";"13:40";"1";"25";"25056";"2";"9";"1";"3";"SIFFERT  AVENUE CHARLES";"47,2399600000";"6,0150600000"
"202100037597";"29";"05";"2021";"17:00";"1";"13";"13212";"2";"1";"1";"7";"BOUYALA D'ARNAUD (BOULEVARD)";"43,2968476834";"5,4428048462"
"202100037598";"26";"05";"2021";"10:30";"1";"13";"13201";"2";"1";"1";"2";"BELGES (QUAI DES)";"43,2947000000";"5,3745900000"
"202100037599";"28";"05";"2021";"11:05";"1";"13";"13212";"2";"3";"1";"2";"LA FOURRAGERE (AVENUE)";"43,2992050000";"5,4303340000"
"202100037600";"29";"05";"2021";"06:40";"1";"06";"06069";"1";"1";"1";"7";"Route de PLASCASSIER";"43,6524480000";"6,9518610000"
"202100037601";"29";"05";"2021";"19:40";"1";"75";"75116";"2";"1";"1";"4";"PORTE DE PASSY";"48,8572460000";"2,2584890000"
"202100037602";"29";"05";"2021";"17:45";"1";"75";"75116";"2";"4";"1";"3";"ROUTE DE SURESNES";"48,8643460000";"2,2357840000"
"202100037603";"29";"05";"2021";"15:40";"1";"75";"75120";"2";"2";"1";"3";"RUE BELGRAND";"48,8646630000";"2,4046340000"
"202100037604";"29";"05";"2021";"12:55";"1";"75";"75120";"2";"2";"1";"3";"RUE BELGRAND";"48,8646830000";"2,4041450000"
"202100037605";"29";"05";"2021";"08:30";"1";"75";"75120";"2";"3";"1";"3";"RUE DE BELLEVILLE";"48,8749380000";"2,3889250000"
"202100037606";"29";"05";"2021";"16:55";"1";"75";"75119";"2";"3";"1";"7";"AVENUE DE FLANDRE";"48,8873470000";"2,3728690000"
"202100037607";"29";"05";"2021";"11:45";"1";"75";"75119";"2";"2";"1";"3";"RUE RIQUET";"48,8896960000";"2,3681290000"
"202100037608";"29";"05";"2021";"10:15";"1";"75";"75119";"2";"3";"1";"3";"RUE D AUBERVILLIERS";"48,8873310000";"2,3670620000"
"202100037609";"29";"05";"2021";"16:30";"1";"75";"75117";"2";"1";"1";"3";"RUE JOUFFROY D ABBANS";"48,8845510000";"2,3060560000"
"202100037610";"29";"05";"2021";"11:30";"1";"75";"75117";"2";"2";"1";"3";"AVENUE DE VILLIERS";"48,8856540000";"2,2916030000"
"202100037611";"28";"05";"2021";"21:00";"5";"75";"75116";"2";"7";"1";"3";"PLACE DU TROCADERO ET DU 11 NOVEMBRE";"48,8639220000";"2,2904640000"
"202100037612";"28";"05";"2021";"16:50";"1";"75";"75116";"2";"4";"1";"1";"ROUTE DE LA MUETTE A NEUILLY";"48,8645180000";"2,2665120000"
"202100037613";"28";"05";"2021";"12:00";"1";"75";"75116";"2";"3";"1";"4";"BOULEVARD LANNES";"48,8668920000";"2,2718120000"
"202100037614";"28";"05";"2021";"22:55";"5";"75";"75115";"2";"1";"1";"6";"QUAI BRANLY";"48,8547350000";"2,2890250000"
"202100037615";"29";"05";"2021";"15:55";"1";"75";"75114";"2";"2";"1";"6";"RUE DU SAINT GOTHARD";"48,8302010000";"2,3348940000"
"202100037616";"28";"05";"2021";"22:30";"5";"75";"75114";"2";"1";"1";"6";"AVENUE JEAN MOULIN";"48,8259660000";"2,3224960000"
"202100037617";"29";"05";"2021";"17:45";"1";"75";"75110";"2";"7";"1";"5";"PLACE JACQUES BONSERGENT";"48,8712770000";"2,3605500000"
"202100037618";"29";"05";"2021";"13:44";"1";"75";"75108";"2";"2";"1";"3";"AVENUE GEORGE V";"48,8684140000";"2,3011660000"
"202100037619";"28";"05";"2021";"19:35";"1";"75";"75108";"2";"2";"1";"3";"RUE JEAN MERMOZ";"48,8702130000";"2,3110500000"
"202100037620";"29";"05";"2021";"09:50";"1";"75";"75107";"2";"3";"1";"6";"BOULEVARD RASPAIL";"48,8524100000";"2,3265740000"
"202100037621";"29";"05";"2021";"21:20";"4";"75";"75104";"2";"1";"1";"2";"RUE DU RENARD";"48,8580390000";"2,3517520000"
"202100037622";"29";"05";"2021";"18:00";"1";"75";"75101";"2";"3";"1";"7";"BOULEVARD DE SEBASTOPOL";"48,8624710000";"2,3504410000"
"202100037623";"29";"05";"2021";"15:30";"1";"75";"75102";"2";"2";"1";"7";"BOULEVARD DE SEBASTOPOL";"48,8670320000";"2,3529740000"
"202100037624";"29";"05";"2021";"11:00";"1";"94";"94041";"2";"2";"1";"3";"JEAN COMPAGNON (QU)";"48,8195800000";"2,3980500000"
"202100037625";"29";"05";"2021";"18:15";"1";"94";"94011";"2";"1";"1";"6";"Avenue de Boissy";"48,7612151580";"2,4966752529"
"202100037626";"29";"05";"2021";"19:50";"1";"94";"94077";"2";"2";"1";"3";"PAUL PAINLEVE (AV)";"48,7404500000";"2,4251100000"
"202100037627";"29";"05";"2021";"15:45";"1";"94";"94022";"2";"1";"1";"2";"Pont de l'Appel du 18 juin 1940";"48,7668500000";"2,4141800000"
"202100037628";"29";"05";"2021";"11:25";"1";"94";"94017";"2";"3";"1";"6";"Rue Louis Talamoni";"48,8138090000";"2,5102630000"
"202100037629";"29";"05";"2021";"10:45";"1";"94";"94071";"2";"3";"1";"3";"Route de Bonneuil";"48,7705100000";"2,5058000000"
"202100037630";"28";"05";"2021";"21:00";"2";"94";"94002";"2";"3";"1";"3";"LOUIS BLANC (R)";"48,8062900000";"2,4185000000"
"202100037631";"29";"05";"2021";"15:45";"1";"93";"93078";"2";"6";"1";"3";"NATIONS (AVENUE DES)";"48,9745500000";"2,5089300000"
"202100037632";"29";"05";"2021";"14:33";"1";"93";"93073";"2";"2";"1";"1";"Rue de Normandie / Avenue Pierre Colongo";"48,9398400000";"2,5880200000"
"202100037633";"29";"05";"2021";"19:50";"1";"93";"93066";"2";"2";"1";"5";"Rue Pasteur / Rue dâAndilly";"48,9421300000";"2,3770940000"
"202100037634";"29";"05";"2021";"08:50";"1";"93";"93051";"2";"9";"1";"1";"MONT D'EST (BD)";"48,8376500000";"2,5432600000"
"202100037635";"29";"05";"2021";"16:15";"1";"93";"93048";"2";"1";"1";"6";"Boulevard de la BoissiÃ¨re";"48,8769139428";"2,4648749828"
"202100037636";"29";"05";"2021";"08:15";"1";"93";"93046";"2";"3";"1";"5";"PAUL DUPONT AVENUE";"48,9090724891";"2,5217378139"
"202100037637";"29";"05";"2021";"19:00";"1";"93";"93063";"2";"6";"1";"6";"Boulevard Edouard Branly / Rue Alexandre Dumas";"48,8765300000";"2,4411400000"
"202100037638";"29";"05";"2021";"02:30";"5";"93";"93032";"2";"2";"1";"1";"Avenue Vaillant Couturier / Rue du Chemin de Fer";"48,8769100000";"2,5492100000"
"202100037639";"29";"05";"2021";"10:57";"1";"93";"93031";"2";"1";"1";"4";"Avenue GalliÃ©ni";"48,9637100000";"2,2979590000"
"202100037640";"30";"05";"2021";"13:30";"1";"37";"37082";"1";"1";"1";"6";"Les Gascogneries";"47,4048331443";"0,2240717411"
"202100037641";"29";"05";"2021";"14:30";"1";"2A";"2A272";"1";"1";"1";"7";"RT 40";"41,6160840000";"8,9547160000"
"202100037642";"30";"05";"2021";"14:55";"1";"91";"91235";"2";"2";"1";"1";"Av du Dr Louis Francois Fichez";"48,6417460000";"2,3630690000"
"202100037643";"28";"05";"2021";"19:04";"1";"71";"71521";"1";"3";"1";"1";"D 980";"46,5498300000";"4,5650880000"
"202100037644";"30";"05";"2021";"11:30";"1";"36";"36093";"2";"1";"1";"6";"92 Avenue du GÃ©nÃ©ral de Gaulle";"46,9731980000";"1,6137580000"
"202100037645";"30";"05";"2021";"06:00";"2";"69";"69280";"2";"1";"1";"7";"D6";"45,8010660000";"5,0879840000"
"202100037646";"28";"05";"2021";"17:55";"1";"59";"59462";"2";"6";"1";"2";"Place Jean-Baptiste Coget";"50,5169950000";"3,0178980000"
"202100037647";"29";"05";"2021";"17:30";"1";"79";"79150";"2";"2";"1";"3";"Rue de l'Auvergne";"46,1376310000";"0,1784310000"
"202100037648";"28";"05";"2021";"23:30";"3";"72";"72058";"2";"1";"1";"6";"route du tertre";"47,9779100000";"0,3014450000"
"202100037649";"28";"05";"2021";"13:50";"1";"62";"62490";"1";"2";"1";"3";"Lattre-Saint-Quentin";"50,3114540000";"2,5769810000"
"202100037650";"28";"05";"2021";"09:10";"1";"56";"56168";"1";"1";"1";"1";"Le BÃ©go D768";"47,5988780000";" -3,1272520000"
"202100037651";"29";"05";"2021";"21:45";"2";"76";"76709";"2";"1";"1";"7";"12 Rue Amiral Courbet";"49,4820990000";"0,8115570000"
"202100037652";"29";"05";"2021";"15:33";"1";"76";"76360";"1";"1";"1";"6";"rd 3";"49,7461000000";"1,1146600000"
"202100037653";"29";"05";"2021";"18:40";"1";"80";"80815";"2";"1";"1";"6";"Rue du MarÃ©chal Leclerc";"50,3170040000";"1,7630370000"
"202100037654";"30";"05";"2021";"06:45";"1";"80";"80799";"1";"1";"1";"6";"D523";"49,8667110000";"2,4875180000"
"202100037655";"29";"05";"2021";"15:45";"1";"69";"69070";"2";"1";"1";"1";"LAC (DU) (R)";"46,0157661709";"4,3767351356"
"202100037656";"29";"05";"2021";"23:45";"3";"71";"71015";"2";"1";"1";"1";"Place de l Eglise";"46,9492700000";"4,4046970000"
"202100037657";"29";"05";"2021";"21:15";"2";"63";"63086";"1";"1";"1";"1";"CD 37, Pk 24";"45,6448510000";"3,6302950000"
"202100037658";"30";"05";"2021";"18:40";"1";"76";"76207";"1";"1";"1";"7";"Rue de la Hetraie";"49,9425490000";"1,3730550000"
"202100037659";"26";"05";"2021";"09:45";"1";"47";"47195";"1";"2";"1";"3";"Tauziete";"44,1252940445";"0,3041138652"
"202100037660";"29";"05";"2021";"12:56";"1";"34";"34130";"1";"1";"1";"5";"D909";"43,5014060000";"3,1892970000"
"202100037661";"29";"05";"2021";"20:45";"2";"68";"68338";"1";"1";"1";"1";"D417";"48,0756850000";"7,2972390000"
"202100037662";"29";"05";"2021";"19:30";"1";"39";"39350";"1";"1";"1";"3";"34 Rue du ChÃ¢teau d'Eau";"47,0353280000";"5,6363790000"
"202100037663";"30";"05";"2021";"07:00";"1";"29";"29259";"1";"1";"1";"1";"Route de Keradennec";"48,6959740000";" -4,0076490000"
"202100037664";"29";"05";"2021";"20:35";"1";"29";"29167";"1";"3";"1";"3";"Le Moustoir Menez Ar Groas";"47,9961360000";" -4,2544450000"
"202100037665";"30";"05";"2021";"13:00";"1";"31";"31375";"1";"1";"1";"6";"D627 - Lieu dit laborie";"43,2236130000";"1,2125950000"
"202100037666";"29";"05";"2021";"17:30";"1";"31";"31160";"2";"1";"1";"6";"2 Chemin de la Gare";"43,6899820000";"1,2697010000"
"202100037667";"29";"05";"2021";"14:30";"1";"02";"02321";"2";"1";"1";"6";"rue du pont de pierre";"49,8325780000";"3,8897400000"
"202100037668";"29";"05";"2021";"16:50";"1";"03";"03272";"1";"1";"1";"1";"Lieu Dit Champ Villard";"46,2851270000";"3,5938170000"
"202100037669";"30";"05";"2021";"10:20";"1";"58";"58151";"2";"1";"1";"6";"place de la victoire";"46,8894320000";"3,4664040000"
"202100037670";"30";"05";"2021";"17:35";"1";"72";"72230";"1";"2";"1";"3";"Route Cote de la Roche";"47,8451990000";"0,1297970000"
"202100037671";"30";"05";"2021";"14:50";"1";"83";"83026";"1";"1";"1";"5";"D13";"43,4527010000";"6,2141850000"
"202100037672";"30";"05";"2021";"04:20";"3";"64";"64233";"1";"1";"1";"7";"dÃ©partementale 41";"43,5670210000";" -0,2626740000"
"202100037673";"30";"05";"2021";"13:10";"1";"73";"73298";"2";"6";"1";"3";"D990/ D122 Rte Porte de Tarentaise";"45,6527480000";"6,4375050000"
"202100037674";"29";"05";"2021";"21:50";"2";"36";"36127";"2";"1";"1";"2";"RD 940";"46,5858990000";"1,9934180000"
"202100037675";"29";"05";"2021";"15:40";"1";"07";"07115";"1";"1";"1";"6";"route dÃ©partementale 4";"44,4775240000";"4,3333120000"
"202100037676";"29";"05";"2021";"18:00";"1";"07";"07130";"1";"1";"1";"3";"Le Village";"44,7240520000";"4,0050420000"
"202100037677";"28";"05";"2021";"17:40";"1";"07";"07278";"1";"1";"1";"7";"Route du Moulinon";"44,8285590000";"4,6007820000"
"202100037678";"30";"05";"2021";"08:08";"1";"40";"40058";"1";"1";"1";"7";"RD 626 - PK 30 + 900";"44,0776120000";" -0,4418350000"
"202100037679";"29";"05";"2021";"19:30";"1";"04";"04163";"1";"1";"1";"6";"RD 518";"44,1097130000";"5,5121970000"
"202100037680";"30";"05";"2021";"15:03";"1";"04";"04022";"1";"1";"1";"6";"RN 85";"43,9601040000";"6,3429600000"
"202100037681";"29";"05";"2021";"20:00";"2";"23";"23202";"1";"1";"1";"7";"Vauves";"46,0172160000";"1,8874810000"
"202100037682";"29";"05";"2021";"17:20";"1";"30";"30094";"1";"1";"8";"3";"D907";"44,0722010000";"3,9556150000"
"202100037683";"30";"05";"2021";"14:17";"1";"48";"48092";"1";"3";"1";"3";"d809";"44,5685410000";"3,2917620000"
"202100037684";"30";"05";"2021";"11:15";"1";"08";"08185";"1";"1";"1";"7";"D8051";"49,9876630000";"4,6782930000"
"202100037685";"29";"05";"2021";"19:00";"1";"88";"88238";"2";"1";"1";"7";"30 Rue Jean Marulier";"48,0525950000";"6,1139490000"
"202100037686";"30";"05";"2021";"11:20";"1";"31";"31220";"1";"1";"1";"7";"Point kilomÃ©trique 18+500, a66";"43,3086490000";"1,6514100000"
"202100037687";"21";"05";"2021";"21:40";"3";"06";"06104";"1";"1";"5";"3";"A8 PK 214.100 chaussÃ©e nord";"43,7608430000";"7,4460700000"
"202100037688";"29";"05";"2021";"22:20";"5";"68";"68278";"2";"1";"1";"6";"15 Avenue Charles Zumstein";"47,7650848066";"7,3901912570"
"202100037689";"29";"05";"2021";"08:00";"1";"974";"97415";"2";"1";"1";"6";"Rue du GÃ©nÃ©ral de Gaulle";" -21,0510460000";"55,2244200000"
"202100037690";"28";"05";"2021";"19:20";"3";"971";"97102";"1";"1";"1";"1";"Mahaudiere";"16,4430000000";" -61,4270070000"
"202100037691";"28";"05";"2021";"09:30";"1";"37";"37236";"2";"1";"1";"2";"Rue du Val de lâAmasse";"47,4075170802";"1,0454566777"
"202100037692";"21";"05";"2021";"20:44";"1";"45";"45144";"1";"1";"8";"6";"D12 - PR 4+133";"47,8191920000";"2,1298460000"
"202100037693";"30";"05";"2021";"15:30";"1";"77";"77005";"1";"1";"1";"1";"D45";"48,9223550000";"2,7242020000"
"202100037694";"30";"05";"2021";"07:50";"1";"77";"77183";"2";"1";"1";"6";"Avenue du Capitaine Lahitte";"48,9397570000";"3,1346390000"
"202100037695";"30";"05";"2021";"14:00";"1";"2B";"2B314";"1";"1";"1";"7";"Casa Ã  Casta";"42,6645610000";"9,2110870000"
"202100037696";"30";"05";"2021";"01:00";"3";"2A";"2A288";"1";"1";"1";"6";"D159";"41,5711590000";"9,1851340000"
"202100037697";"30";"05";"2021";"10:30";"1";"34";"34045";"1";"1";"1";"7";"D124";"43,5582560000";"3,3800320000"
"202100037698";"29";"05";"2021";"17:45";"1";"83";"83068";"2";"1";"1";"3";"Route du Littoral";"43,2860060000";"6,5995220000"
"202100037699";"25";"05";"2021";"16:00";"1";"13";"13023";"1";"1";"1";"1";"Route du Caunet";"43,2260610000";"5,6484600000"
"202100037700";"29";"05";"2021";"10:40";"1";"25";"25047";"2";"1";"1";"6";"Avenue du President Kennedy";"47,3510430000";"6,3482740000"
"202100037701";"29";"05";"2021";"15:00";"1";"68";"68171";"1";"1";"1";"3";"D27";"47,9434620000";"6,9800920000"
"202100037702";"29";"05";"2021";"10:10";"1";"68";"68246";"1";"1";"1";"1";"D468";"47,9890580000";"7,5358490000"
"202100037703";"30";"05";"2021";"15:00";"1";"26";"26313";"2";"1";"1";"7";"7 Rue des Cevennes";"44,9739710000";"4,9493300000"
"202100037704";"29";"05";"2021";"19:50";"2";"26";"26313";"2";"1";"1";"3";"82 Avenue de Provence";"44,9710830000";"4,9554880000"
"202100037705";"30";"05";"2021";"10:00";"1";"26";"26016";"1";"1";"1";"6";"Route de Gap";"44,3834550000";"5,1717930000"
"202100037706";"30";"05";"2021";"10:20";"1";"26";"26235";"2";"1";"1";"3";" 4 RUE DU LAC";"44,3682360000";"4,7064510000"
"202100037707";"23";"05";"2021";"19:30";"2";"16";"16138";"2";"2";"1";"3";"14 Rue Nouvelle";"45,6679650000";"0,0945210000"
"202100037708";"30";"05";"2021";"09:26";"1";"22";"22168";"2";"1";"1";"7";"Rue de Pleumeur-bodou";"48,8047220000";" -3,4746190000"
"202100037709";"30";"05";"2021";"16:50";"1";"27";"27517";"1";"1";"1";"3";"CD316";"49,1242190000";"1,3104410000"
"202100037710";"30";"05";"2021";"06:45";"1";"76";"76657";"1";"2";"1";"3";"Route Industrielle";"49,4843020000";"0,3574870000"
"202100037711";"30";"05";"2021";"14:40";"1";"80";"80220";"1";"3";"1";"3";"pk 13 D935";"49,6655450000";"2,5628610000"
"202100037712";"30";"05";"2021";"02:10";"5";"59";"59412";"2";"1";"1";"6";"29 ChaussÃ©e Brunehaut";"50,1211110000";"3,5425060000"
"202100037713";"29";"05";"2021";"21:15";"3";"13";"13203";"1";"1";"1";"2";"A7-Sens Marseille vers Lyon";"43,3174100000";"5,3773000000"
"202100037714";"29";"05";"2021";"13:25";"1";"13";"13202";"1";"1";"1";"2";"Tunnel Joliette Marseille vers Aubagne";"43,3020414187";"5,3644457235"
"202100037715";"28";"05";"2021";"17:13";"1";"13";"13070";"1";"1";"1";"3";"A50-Sens Aubagne vers Marseille";"43,2859620000";"5,5114860000"
"202100037716";"29";"05";"2021";"01:45";"5";"13";"13055";"1";"1";"1";"2";"A507 sens Marseille - Aubagne";"43,3299200000";"5,3930030000"
"202100037717";"20";"05";"2021";"18:50";"1";"69";"69286";"1";"1";"1";"4";"A46 ";"45,8087501766";"4,9182754755"
"202100037718";"29";"05";"2021";"15:30";"1";"91";"91161";"1";"1";"1";"3";"AUTOROUTE A6";"48,7213900000";"2,3107800000"
"202100037719";"29";"05";"2021";"12:05";"1";"94";"94021";"1";"1";"1";"6";"AUTOROUTE A106";"48,7671160000";"2,3436510000"
"202100037720";"29";"05";"2021";"17:05";"1";"92";"92064";"1";"1";"1";"2";"A13";"48,8395449611";"2,2033800821"
"202100037721";"29";"05";"2021";"09:00";"1";"93";"93048";"1";"1";"1";"6";"AUTOROUTE A86";"48,8621700000";"2,4833100000"
"202100037722";"29";"05";"2021";"02:00";"3";"95";"95365";"1";"1";"1";"6";"RN 104";"49,0658100000";"2,4057600000"
"202100037723";"28";"05";"2021";"17:15";"1";"93";"93027";"1";"1";"1";"4";"AUTOROUTE A86";"48,9239300000";"2,3873600000"
"202100037724";"28";"05";"2021";"22:50";"3";"77";"77169";"1";"1";"1";"6";"A4";"48,8300800000";"2,6107800000"
"202100037725";"29";"05";"2021";"19:00";"1";"77";"77337";"1";"1";"1";"6";"A4";"48,8302763990";"2,6124560490"
"202100037726";"28";"05";"2021";"21:30";"3";"94";"94028";"1";"1";"1";"3";"A86 EXT";"48,7962900000";"2,4434200000"
"202100037727";"28";"05";"2021";"17:00";"1";"69";"69382";"2";"1";"1";"6";"CHARITE (DE LA) (R)";"45,7528611244";"4,8315631896"
"202100037728";"28";"05";"2021";"09:55";"1";"73";"73065";"2";"1";"1";"6";"CHAMPAGNE (RUE DE)";"45,5892600000";"5,9164800000"
"202100037729";"28";"05";"2021";"13:30";"1";"71";"71076";"2";"1";"1";"6";"SAINT HELENS (RUE DE )";"46,7968400000";"4,8641300000"