"Num_Acc";"jour";"mois";"an";"hrmn";"lum";"dep";"com";"agg";"int";"atm";"col";"adr";"lat";"long"
"202100037730";"28";"03";"2021";"08:00";"2";"84";"84031";"1";"1";"1";"6";"D942";"44,0474360000";"5,0255720000"
"202100037731";"28";"05";"2021";"18:21";"5";"988";"98818";"2";"1";"1";"7";"LAROQUE (PROMENADE ROGER)";" -22,3033000000";"166,4348000000"
"202100037732";"28";"05";"2021";"19:55";"3";"976";"97611";"1";"1";"1";"2";"m'tsapere-Nationale 2 (route)";" -12,7938100000";"45,2189300000"
"202100037733";"28";"05";"2021";"14:15";"1";"974";"97407";"2";"2";"1";"3";"JEAN MOULIN (RUE) - RIV. DES GALETS";" -20,9588800000";"55,3174300000"
"202100037734";"28";"05";"2021";"12:05";"1";"973";"97302";"2";"1";"1";"7";"MANGO (CITE)";"4,9309192532";" -52,3149572611"
"202100037735";"28";"05";"2021";"12:40";"1";"973";"97302";"2";"1";"1";"3";"BADUEL (ROUTE DE)";"4,9281700000";" -52,2928500000"
"202100037736";"28";"05";"2021";"19:00";"1";"69";"69387";"2";"3";"1";"3";"CLAUDE BERNARD (Q)";"45,7529800000";"4,8378300000"
"202100037737";"28";"05";"2021";"19:15";"1";"69";"69388";"2";"2";"1";"3";"WAKATSUKI (R)";"45,7330000000";"4,8660100000"
"202100037738";"28";"05";"2021";"17:50";"1";"69";"69259";"2";"1";"1";"6";"VIENNE (DE) (RTE)";"45,7203854431";"4,8543772101"
"202100037739";"28";"05";"2021";"13:15";"1";"69";"69388";"2";"2";"1";"5";"FRERES LUMIERE (DES)                (AV)";"45,7433500000";"4,8743000000"
"202100037740";"28";"05";"2021";"08:50";"1";"972";"97209";"1";"1";"1";"7";"RD 41 (ROCADE)";"14,6171900000";" -61,0733700000"
"202100037741";"27";"05";"2021";"02:00";"5";"972";"97209";"2";"1";"2";"7";"CHATEAUBOEUF (ROUTE DE)";"14,6241500000";" -61,0421700000"
"202100037742";"28";"05";"2021";"13:40";"1";"69";"69382";"2";"3";"1";"3";"CHARLEMAGNE (CR)";"45,7414600000";"4,8196700000"
"202100037743";"27";"05";"2021";"08:55";"1";"69";"69381";"2";"1";"1";"6";"ARBRE SEC (DE L') (R)";"45,7666000000";"4,8355000000"
"202100037744";"28";"05";"2021";"13:45";"1";"971";"97107";"2";"9";"1";"3";"USINE (RUE DE L')";"16,0494600000";" -61,5661400000"
"202100037745";"29";"05";"2021";"23:00";"5";"95";"95585";"2";"9";"1";"3";"RODIN (ALLEE AUGUSTE)";"48,9779100000";"2,3853100000"
"202100037746";"21";"05";"2021";"22:30";"5";"95";"95277";"2";"1";"1";"6";"RD 970";"48,9866752083";"2,4597000065"
"202100037747";"28";"05";"2021";"19:26";"1";"91";"91425";"1";"1";"1";"5";"RTE D ORLEANS RN 20";"48,6400000000";"2,2700000000"
"202100037748";"27";"05";"2021";"19:55";"1";"91";"91692";"2";"9";"1";"3";"BOURGOGNE (AVENUE DE)";"48,6838700000";"2,1768400000"
"202100037749";"27";"05";"2021";"18:20";"1";"91";"91223";"1";"1";"1";"6";"RD 191";"48,4365000000";"2,1646040000"
"202100037750";"28";"05";"2021";"12:14";"1";"87";"87085";"2";"3";"1";"3";"BEAUBLANC (BOULEVARD DE)";"45,8473900000";"1,2443400000"
"202100037751";"27";"05";"2021";"19:11";"1";"87";"87065";"1";"2";"1";"1";"BOISSEUIL (RUE DE)";"45,7907600000";"1,3054100000"
"202100037752";"27";"05";"2021";"08:01";"1";"87";"87085";"2";"1";"1";"7";"PETINIAUD BEAUPEYRAT (RUE)";"45,8278900000";"1,2546700000"
"202100037753";"27";"05";"2021";"17:00";"1";"86";"86157";"2";"1";"1";"4";"N147";"46,5424700000";"0,4162600000"
"202100037754";"27";"05";"2021";"17:05";"1";"86";"86194";"2";"1";"1";"4";"Avenue de Iassy";"46,5740090000";"0,3911400000"
"202100037755";"28";"05";"2021";"14:10";"1";"83";"83137";"2";"1";"1";"3";"CASSINI (RUE /  IMP)";"43,1342100000";"5,9016600000"
"202100037756";"26";"05";"2021";"16:00";"1";"78";"78640";"2";"1";"1";"6";"EUROPE (AVENUE DE L')";"48,7801600000";"2,1970100000"
"202100037757";"15";"04";"2021";"09:18";"1";"78";"78545";"2";"1";"1";"6";"SEMARD (PLACE PIERRE)";"48,7989890000";"2,0724610000"
"202100037758";"28";"05";"2021";"16:00";"1";"77";"77288";"2";"1";"1";"2";"PROMENADE DE VAUX";"48,5358200000";"2,6633690000"
"202100037759";"27";"05";"2021";"13:20";"1";"76";"76231";"2";"3";"1";"3";"BOURGTHEROULDE. RUE DE";"49,2907620000";"0,9612220000"
"202100037760";"27";"05";"2021";"16:50";"1";"76";"76351";"2";"3";"1";"6";"HALLES CENTRALES (PLACE DES)";"49,4908000000";"0,1051000000"
"202100037761";"27";"05";"2021";"19:14";"1";"71";"71270";"2";"1";"1";"3";"Place GÃ©rard GenevÃ¨s";"46,3022500000";"4,8302600000"
"202100037762";"28";"05";"2021";"20:45";"1";"69";"69275";"2";"8";"7";"3";"FRATERNITE (DE LA) (R)";"45,7724100000";"4,9567400000"
"202100037763";"28";"05";"2021";"07:00";"1";"69";"69256";"2";"1";"1";"1";"MALVAL (DE) (CHM)";"45,7807200000";"4,9115300000"
"202100037764";"27";"05";"2021";"20:20";"1";"69";"69266";"2";"6";"1";"7";"ANTOINE DE SAINT EXUPERY (AV)";"45,7582000000";"4,8806000000"
"202100037765";"27";"05";"2021";"08:48";"1";"69";"69256";"2";"3";"1";"3";"GABRIEL PERI                        (AV)";"45,7714400000";"4,9083000000"
"202100037766";"27";"05";"2021";"08:10";"1";"67";"67482";"2";"1";"1";"6";"LAZARET (RUE DU)";"48,5640406399";"7,7552675289"
"202100037767";"28";"05";"2021";"08:00";"1";"64";"64445";"2";"2";"1";"2";"JEAN JACQUES DE MONAIX";"43,3034300000";" -0,3570500000"
"202100037768";"28";"05";"2021";"23:20";"3";"64";"64122";"2";"2";"1";"3";"VERDUN (AVENUE DE)";"43,4807700000";" -1,5453400000"
"202100037769";"28";"05";"2021";"15:15";"1";"61";"61001";"2";"1";"1";"6";"SAINT LAZARE (RUE)";"48,4222900000";"0,0901100000"
"202100037770";"27";"05";"2021";"20:10";"2";"60";"60057";"2";"2";"1";"3";"Rue de la Longue Haie";"49,4175800000";"2,0973100000"
"202100037771";"28";"05";"2021";"20:45";"1";"59";"59599";"2";"1";"1";"3";"PIATS (RUE DES)";"50,7214850000";"3,1704610000"
"202100037772";"28";"04";"2021";"21:30";"1";"59";"59650";"2";"1";"1";"6";"MONGE (RUE)";"50,7028300000";"3,1999200000"
"202100037773";"28";"05";"2021";"21:06";"2";"59";"59350";"2";"3";"1";"6";"LAMBRET OSCAR AVENUE";"50,6184523451";"3,0328783393"
"202100037774";"27";"05";"2021";"10:44";"1";"57";"57306";"2";"8";"1";"3";"GAULLE (RUE DE)";"49,3308000000";"6,0637600000"
"202100037775";"27";"05";"2021";"17:40";"1";"56";"56107";"2";"1";"1";"1";"MOULIN (RUE DU VIEUX)";"47,7163900000";" -3,3881900000"
"202100037776";"28";"05";"2021";"20:45";"1";"54";"54339";"2";"1";"1";"3";"DRIANT (RUE DU COLONEL)";"48,7065072264";"6,1899241805"
"202100037777";"28";"05";"2021";"16:55";"1";"54";"54328";"2";"4";"1";"2";"rue Pasteur";"48,6175500000";"6,1794200000"
"202100037778";"28";"05";"2021";"19:30";"1";"51";"51454";"2";"1";"1";"1";"Rue Coquebert";"49,2616630518";"4,0390285067"
"202100037779";"28";"05";"2021";"14:20";"1";"51";"51172";"2";"1";"1";"3";"Boulevard dâAlsace Lorraine";"49,2164800000";"4,0480000000"
"202100037780";"28";"05";"2021";"10:20";"1";"51";"51058";"2";"1";"1";"4";"Avenue Jean Monnet";"49,2137990000";"4,0060480000"
"202100037781";"27";"05";"2021";"16:40";"1";"51";"51454";"2";"3";"1";"3";"Rue Gabriel Voisin";"49,2330269596";"4,0674695785"
"202100037782";"27";"05";"2021";"08:10";"1";"51";"51454";"2";"2";"1";"3";"Rue de Courcelles";"49,2593350000";"4,0205370000"
"202100037783";"26";"05";"2021";"23:00";"3";"50";"50203";"1";"1";"1";"6";"AXE NORD SUD";"49,6349000000";" -1,5765000000"
"202100037784";"27";"05";"2021";"17:35";"1";"49";"49328";"2";"1";"1";"3";"ORLEANS (RUE D')";"47,2591430000";" -0,0791050000"
"202100037785";"28";"05";"2021";"13:11";"1";"49";"49007";"2";"2";"1";"3";"DE LATTRE DE TASSIGNY";"47,4525220000";" -0,5406200000"
"202100037786";"27";"05";"2021";"17:52";"1";"49";"49007";"2";"1";"1";"6";"CHATEAU D'ORGEMONT RUE ET SQU";"47,4510500000";" -0,5447400000"
"202100037787";"28";"05";"2021";"21:20";"5";"42";"42099";"1";"3";"1";"3";"Rue Vaillant Couturier";"45,3801952616";"4,2730432749"
"202100037788";"28";"05";"2021";"13:14";"1";"37";"37122";"2";"2";"1";"6";"MARBELLIERE (RUE DE LA)";"47,3559336180";"0,6595885113"
"202100037789";"28";"05";"2021";"15:28";"1";"37";"37208";"2";"1";"1";"7";"GRANDMONT (RUE DE)";"47,3660723442";"0,7212484780"
"202100037790";"28";"05";"2021";"15:02";"1";"37";"37261";"2";"1";"1";"6";"MARCEAU (RUE)";"47,3926058456";"0,6854524612"
"202100037791";"28";"05";"2021";"02:50";"5";"37";"37261";"2";"5";"1";"7";"MARNE (CARREFOUR DE LA)";"47,4235605611";"0,6980247989"
"202100037792";"27";"05";"2021";"17:50";"1";"37";"37233";"2";"1";"1";"6";"DUCLOS (AVENUE JACQUES)";"47,3802253616";"0,7279914630"
"202100037793";"27";"05";"2021";"17:00";"1";"37";"37261";"2";"1";"1";"2";"MIRABEAU (PONT)";"47,3990999372";"0,7000962496"
"202100037794";"27";"05";"2021";"13:45";"1";"37";"37261";"2";"1";"1";"6";"SEBASTOPOL (RUE)";"47,3882778068";"0,6847160825"
"202100037795";"28";"05";"2021";"14:30";"1";"35";"35238";"2";"1";"1";"3";"TROUIN (QUAI DUGUAY)";"48,1097909515";" -1,6840506238"
"202100037796";"28";"05";"2021";"06:45";"1";"35";"35238";"2";"1";"1";"6";"Rue DE ST MALO";"48,1237200000";" -1,6847100000"
"202100037797";"28";"05";"2021";"18:30";"1";"34";"34129";"1";"1";"1";"6";"AGAU (AVENUE DE L')";"43,5863700000";"3,9082500000"
"202100037798";"28";"05";"2021";"16:05";"1";"33";"33063";"2";"7";"1";"6";"Place de lâEurope";"44,8596200000";" -0,5818400000"
"202100037799";"28";"05";"2021";"12:45";"1";"33";"33063";"2";"3";"1";"3";"Rue du Cardinal Lavigerie";"44,8336500000";" -0,6061200000"
"202100037800";"27";"05";"2021";"10:13";"1";"33";"33039";"2";"3";"1";"3";"RUE DES FRERES LUMIERE";"44,7957370000";" -0,5372030000"
"202100037801";"27";"05";"2021";"08:40";"1";"33";"33522";"2";"1";"1";"2";"Avenue de lâUniversitÃ©";"44,8012246822";" -0,5971657396"
"202100037802";"28";"05";"2021";"10:35";"1";"30";"30243";"2";"1";"1";"6";"DE GAULLE (AVENUE)";"44,0906500000";"4,0786000000"
"202100037803";"28";"05";"2021";"12:10";"1";"29";"29039";"2";"1";"1";"6";"Quai Carnot";"47,8759100000";" -3,9142000000"
"202100037804";"28";"05";"2021";"14:15";"1";"27";"27306";"2";"9";"1";"3";"NATIONALE 13 (ROUTE)";"49,0138400000";"1,1752200000"
"202100037805";"28";"05";"2021";"14:20";"1";"24";"24037";"2";"1";"1";"2";"ZOLA (RUE EMILE)";"44,8433000000";"0,4956900000"
"202100037806";"28";"05";"2021";"14:20";"1";"24";"24140";"1";"1";"1";"2";"RN 1021";"44,8396900000";"0,5327000000"
"202100037807";"26";"05";"2021";"16:15";"1";"14";"14118";"2";"3";"1";"3";"D7";"49,2060100000";" -0,3616280000"
"202100037808";"27";"05";"2021";"10:20";"1";"14";"14181";"2";"1";"1";"3";"Rue du Sieur de Bras";"49,1536000000";" -0,3283000000"
"202100037809";"28";"05";"2021";"18:15";"1";"13";"13201";"2";"1";"1";"6";"SAINT CANNAT (RUE)";"43,2985000000";"5,3730000000"
"202100037810";"28";"05";"2021";"18:00";"1";"13";"13214";"2";"1";"1";"2";"CAPITAINE GEZE (BOULEVARD)";"43,3297300000";"5,3680900000"
"202100037811";"28";"05";"2021";"16:50";"1";"13";"13209";"2";"1";"1";"3";"MAGUY ROUBAUD (RUE)";"43,2724794344";"5,4002255201"
"202100037812";"28";"05";"2021";"14:30";"1";"13";"13215";"2";"1";"1";"2";"ROGER SALENGRO (AVENUE)";"43,3205600000";"5,3675600000"
"202100037813";"28";"05";"2021";"11:25";"1";"13";"13215";"2";"1";"1";"2";"MADRAGUE VILLE (chemin de la)";"43,3403600000";"5,3535900000"
"202100037814";"28";"05";"2021";"08:45";"1";"13";"13213";"2";"2";"1";"3";"ROSE (AVENUE DE LA)";"43,3263500000";"5,4215200000"
"202100037815";"28";"05";"2021";"13:30";"1";"13";"13005";"2";"6";"1";"3";"NATIONALE 8 DE PARIS A TOULON (ROUTE)";"43,2838600000";"5,5935900000"
"202100037816";"27";"05";"2021";"00:20";"3";"11";"11262";"2";"1";"1";"6";"RD 6009 NARBONNE - PERPIGNAN";"43,1680460000";"2,9831990000"
"202100037817";"28";"05";"2021";"09:55";"1";"11";"11069";"1";"6";"1";"3";"ROCADE NORD - RD 6113";"43,2335200000";"2,3674000000"
"202100037818";"28";"05";"2021";"18:38";"1";"10";"10387";"2";"1";"1";"6";"GAUTHERIN (RUE)";"48,3004379100";"4,0661060000"
"202100037819";"28";"05";"2021";"21:06";"2";"06";"06104";"1";"1";"1";"1";"TURBIE (ROUTE DE LA)";"43,7568460000";"7,4427470000"
"202100037820";"28";"05";"2021";"12:35";"1";"06";"06004";"2";"9";"1";"1";"BIOT (CD.4) RTE DE";"43,6129280000";"7,1245100000"
"202100037821";"27";"05";"2021";"14:45";"1";"05";"05061";"1";"1";"1";"7";"RAMBAUD ( ROUTE DE )";"44,5573700000";"6,1193900000"
"202100037822";"27";"05";"2021";"08:56";"1";"05";"05061";"1";"1";"1";"4";"RN 94";"44,5704600000";"6,1050500000"
"202100037823";"26";"05";"2021";"19:10";"1";"05";"05061";"1";"1";"1";"3";"ST JEAN ( ROUTE DE )";"44,5321420000";"6,0408960000"
"202100037824";"28";"05";"2021";"08:45";"1";"04";"04070";"2";"1";"1";"1";"Av MarÃ©chal Juin";"44,0799100000";"6,2170300000"
"202100037825";"27";"05";"2021";"18:15";"1";"03";"03101";"1";"1";"1";"1";"CHEMIN DE LA BRANDE";"46,3384300000";"2,5349000000"
"202100037826";"28";"05";"2021";"16:00";"1";"75";"75117";"2";"1";"1";"7";"PORTE DE CLICHY";"48,8950310000";"2,3065890000"
"202100037827";"28";"05";"2021";"22:25";"5";"75";"75106";"2";"2";"1";"1";"BOULEVARD SAINT GERMAIN";"48,8528820000";"2,3369990000"
"202100037828";"28";"05";"2021";"11:40";"1";"75";"75120";"2";"4";"1";"3";"PLACE AUGUSTE METIVIER";"48,8630430000";"2,3880160000"
"202100037829";"28";"05";"2021";"19:15";"1";"75";"75119";"2";"2";"1";"3";"AVENUE DE FLANDRE";"48,8840320000";"2,3688410000"
"202100037830";"28";"05";"2021";"08:50";"1";"75";"75118";"2";"3";"1";"3";"BOULEVARD NEY";"48,8978120000";"2,3334890000"
"202100037831";"28";"05";"2021";"08:15";"1";"75";"75118";"2";"1";"1";"6";"BOULEVARD NEY";"48,8976480000";"2,3304160000"
"202100037832";"28";"05";"2021";"16:30";"1";"75";"75117";"2";"7";"1";"7";"BOULEVARD DE COURCELLES";"48,8802790000";"2,3083090000"
"202100037833";"27";"05";"2021";"20:20";"2";"75";"75117";"2";"2";"1";"6";"AVENUE DE VILLIERS";"48,8819450000";"2,3135570000"
"202100037834";"28";"05";"2021";"17:30";"1";"75";"75116";"2";"1";"1";"2";"ALLEE DE LONGCHAMP";"48,8706650000";"2,2593770000"
"202100037835";"28";"05";"2021";"10:25";"1";"75";"75116";"2";"1";"1";"3";"BOULEVARD LANNES";"48,8682510000";"2,2729940000"
"202100037836";"28";"05";"2021";"13:05";"1";"75";"75106";"2";"3";"1";"3";"BOULEVARD DU MONTPARNASSE";"48,8428700000";"2,3271780000"
"202100037837";"28";"05";"2021";"09:55";"1";"75";"75114";"2";"1";"1";"6";"AVENUE DU MAINE";"48,8394970000";"2,3219070000"
"202100037838";"27";"05";"2021";"23:45";"5";"75";"75114";"2";"1";"1";"6";"BOULEVARD ROMAIN ROLLAND";"48,8220150000";"2,3156290000"
"202100037839";"28";"05";"2021";"20:20";"1";"75";"75112";"2";"1";"1";"3";"AVENUE DE GRAVELLE";"48,8173930000";"2,4571730000"
"202100037840";"28";"05";"2021";"21:45";"5";"75";"75111";"2";"1";"1";"3";"RUE SEDAINE";"48,8582080000";"2,3775520000"
"202100037841";"28";"05";"2021";"12:45";"1";"75";"75109";"2";"1";"1";"3";"RUE MAYRAN";"48,8772330000";"2,3451900000"
"202100037842";"28";"05";"2021";"02:40";"5";"75";"75109";"2";"4";"1";"3";"BOULEVARD HAUSSMANN";"48,8725940000";"2,3358360000"
"202100037843";"28";"05";"2021";"17:35";"1";"94";"94081";"2";"1";"1";"6";"Boulevard de Stalingrad";"48,8034800000";"2,3775100000"
"202100037844";"27";"05";"2021";"23:30";"3";"94";"94081";"2";"1";"1";"6";"Rue Julian Grimau";"48,7778000000";"2,3764900000"
"202100037845";"27";"05";"2021";"18:00";"1";"94";"94081";"2";"1";"1";"6";"Avenue du Colonel Fabien";"48,7815000000";"2,3818900000"
"202100037846";"29";"05";"2021";"23:00";"5";"94";"94076";"2";"3";"1";"1";"KARL MARX (AV)";"48,7846160000";"2,3545770000"
"202100037847";"28";"05";"2021";"17:34";"1";"94";"94016";"2";"1";"1";"6";"Rue Gabriel PÃ©ri";"48,7977300000";"2,3432700000"
"202100037848";"28";"05";"2021";"19:30";"1";"94";"94041";"2";"2";"1";"3";"MARCEL BOYER (QU)";"48,8214300000";"2,3941600000"
"202100037849";"28";"05";"2021";"04:50";"5";"94";"94081";"2";"1";"1";"1";"GABRIEL PERI (R)";"48,7908900000";"2,4022900000"
"202100037850";"28";"05";"2021";"14:20";"1";"94";"94038";"2";"3";"1";"3";"Rue Emile Zola";"48,7657500000";"2,3278800000"
"202100037851";"28";"05";"2021";"05:30";"2";"94";"94021";"2";"1";"1";"6";"avenue de la cite";"48,7632310000";"2,3584960000"
"202100037852";"18";"05";"2021";"18:30";"1";"94";"94028";"2";"9";"1";"2";"Route de la Pompadour";"48,7674000000";"2,4673000000"
"202100037853";"27";"05";"2021";"08:30";"1";"94";"94028";"2";"1";"1";"6";"MARAIS(CHEMIN DES)";"48,7759620000";"2,4351530000"
"202100037854";"28";"05";"2021";"19:54";"1";"94";"94022";"2";"2";"1";"1";"Rue Honore Daumier";"48,7736900000";"2,4224100000"
"202100037855";"27";"05";"2021";"11:15";"1";"94";"94079";"2";"1";"1";"3";"Boulevard Jean Monnet";"48,8348600000";"2,5430000000"
"202100037856";"28";"05";"2021";"20:00";"2";"94";"94004";"2";"1";"1";"6";"Place des Tilleuls";"48,7560900000";"2,4984150000"
"202100037857";"28";"05";"2021";"09:09";"1";"93";"93070";"2";"2";"1";"3";"MICHELET(AV):NÂ°1AU 103";"48,9054700000";"2,3440500000"
"202100037858";"28";"05";"2021";"12:50";"1";"93";"93051";"2";"3";"1";"7";"REMPART (BD)";"48,8376100000";"2,5431400000"
"202100037859";"28";"05";"2021";"18:40";"1";"93";"93046";"2";"1";"1";"6";"MARECHAL LECLERC AVENUE";"48,9208378572";"2,5407407283"
"202100037860";"27";"05";"2021";"16:18";"1";"93";"93063";"2";"6";"1";"2";"BRANLY BD EDOUARD";"48,8764900000";"2,4411600000"
"202100037861";"28";"05";"2021";"09:00";"1";"93";"93032";"2";"3";"1";"3";"Rue du 19 Mars 1962 / Avenue des Dahlias";"48,8949930000";"2,5428330000"
"202100037862";"28";"05";"2021";"22:25";"4";"93";"93031";"2";"3";"1";"2";"Avenue du 18 Juin 1940 / Rue du Port";"48,9522600000";"2,3073400000"
"202100037863";"27";"05";"2021";"14:15";"1";"93";"93029";"2";"4";"1";"2";"FERNAND PENA";"48,9183400000";"2,4359100000"
"202100037864";"28";"05";"2021";"07:10";"2";"93";"93057";"2";"1";"1";"7";"JAURES (AV. JEAN) 118 A FIN";"48,9069770000";"2,4976370000"
"202100037865";"28";"05";"2021";"16:20";"1";"93";"93008";"2";"9";"1";"3";"PICASSO (RUE PABLO)";"48,9090619112";"2,4490579963"
"202100037866";"27";"05";"2021";"23:05";"5";"93";"93053";"2";"9";"1";"3";"Rue de BrÃ©ment";"48,8867600000";"2,4703400000"
"202100037867";"28";"05";"2021";"05:00";"5";"92";"92073";"2";"1";"1";"6";"SELLIER (BOULEVARD HENRI)";"48,8680704714";"2,2225134386"
"202100037868";"28";"05";"2021";"16:40";"1";"92";"92072";"2";"4";"1";"6";"LECLERC (AVENUE DE LA DIVISION)";"48,8233927569";"2,2206920385"
"202100037869";"28";"05";"2021";"13:45";"1";"92";"92026";"2";"1";"1";"2";"DEFENSE (ROND POINT DE LA)";"48,8909054051";"2,2412806749"
"202100037870";"27";"05";"2021";"18:40";"1";"92";"92062";"2";"1";"1";"3";"WALLACE (BD RICHARD) DU 2 AU 28 ET DU 1";"48,8789000000";"2,2418800000"
"202100037871";"27";"05";"2021";"14:40";"1";"92";"92051";"2";"1";"1";"3";"CHARLES DE GAULLE (AVENUE, NÂ°27 A 129)";"48,8818900000";"2,2687200000"
"202100037872";"26";"05";"2021";"20:35";"1";"92";"92035";"2";"6";"1";"2";"Belgique ( Place de )";"48,9072460637";"2,2415381670"
"202100037873";"27";"05";"2021";"19:10";"1";"92";"92025";"2";"3";"1";"2";"PIERRE BROSSOLETTE (RUE)";"48,9091982417";"2,2375886142"
"202100037874";"28";"05";"2021";"14:20";"1";"92";"92012";"2";"6";"1";"6";"EDOUARD VAILLANT (AVENUE) 57/FIN - 58/FI";"48,8336439700";"2,2438398376"
"202100037875";"28";"05";"2021";"19:30";"1";"92";"92004";"2";"1";"8";"2";"GENNEVILLIERS (PONT DE)";"48,9135600000";"2,3106900000"
"202100037876";"29";"05";"2021";"01:45";"5";"54";"54351";"2";"1";"1";"6";"Route de Millery";"48,8069570000";"6,1143280000"
"202100037877";"22";"05";"2021";"15:45";"1";"38";"38019";"1";"1";"1";"4";"N7";"45,4341240000";"4,8184810000"
"202100037878";"28";"05";"2021";"18:10";"1";"68";"68112";"2";"1";"1";"6";"D4b1";"47,9023580000";"7,2298410000"
"202100037879";"28";"05";"2021";"07:55";"1";"17";"17172";"1";"2";"1";"3";"Lieu Dit le Rocher";"45,5796850000";" -0,6754020000"
"202100037880";"28";"05";"2021";"15:45";"1";"42";"42145";"1";"1";"7";"1";"D9";"45,9998270000";"4,2415430000"
"202100037881";"28";"05";"2021";"13:20";"1";"974";"97412";"2";"1";"1";"3";"322 Rue RaphaÃ«l Babet";" -21,3792660000";"55,6240400000"
"202100037882";"28";"05";"2021";"19:00";"1";"86";"86070";"1";"1";"1";"6";"Pouzioux";"46,5130800000";"0,6894560000"
"202100037883";"28";"05";"2021";"12:15";"1";"38";"38133";"2";"1";"1";"6";"Route de Saint - Jean";"45,3521640000";"5,6056340000"
"202100037884";"29";"05";"2021";"15:40";"1";"83";"83070";"1";"1";"1";"2";"Avenue Paul Emile Duroux";"43,1499430000";"6,4146160000"
"202100037885";"28";"05";"2021";"21:15";"3";"83";"83047";"1";"1";"1";"3";"3600 Chemin Long";"43,1310410000";"6,0630690000"
"202100037886";"29";"05";"2021";"11:20";"1";"51";"51413";"1";"1";"1";"3";"D9";"48,9886807934";"4,0296092788"
"202100037887";"29";"05";"2021";"10:20";"1";"19";"19250";"1";"1";"1";"6";"D920";"45,4993090000";"1,5228620000"
"202100037888";"29";"05";"2021";"12:25";"1";"2B";"2B207";"1";"1";"1";"1";"Aja Rossa";"42,4460630000";"9,4730470000"
"202100037889";"29";"05";"2021";"16:30";"1";"80";"80136";"1";"1";"1";"6";"ancienne route de BRAY SUR SOMME Ã  MEAULT";"49,9549960000";"2,7075830000"
"202100037890";"27";"05";"2021";"12:40";"1";"65";"65473";"1";"1";"1";"2";"D913";"42,9539060000";" -0,0649950000"
"202100037891";"28";"05";"2021";"17:05";"1";"65";"65452";"2";"2";"1";"1";"Route DÃ©partementale 6A";"43,3187850000";"0,3675160000"
"202100037892";"26";"05";"2021";"17:00";"1";"81";"81101";"2";"7";"1";"7";"D25";"44,0105880000";"2,1672840000"
"202100037893";"29";"05";"2021";"15:10";"1";"71";"71014";"1";"3";"1";"2";"D978";"46,9480680000";"4,3433190000"
"202100037894";"26";"05";"2021";"18:57";"1";"12";"12145";"1";"1";"8";"6";"D809 ";"44,0207110000";"3,1477870000"
"202100037895";"28";"05";"2021";"21:00";"2";"42";"42228";"1";"1";"1";"1";"Rue des Salles";"45,5675120000";"4,1043480000"
"202100037896";"28";"05";"2021";"06:50";"1";"41";"41176";"1";"9";"1";"1";"Les Bas Jarriers";"47,5663960000";"2,1115260000"
"202100037897";"28";"05";"2021";"17:30";"1";"34";"34101";"1";"6";"1";"3";"D28";"43,3613750000";"3,4876580000"
"202100037898";"27";"05";"2021";"21:20";"2";"34";"34144";"1";"8";"1";"7";"D35";"43,7031740000";"3,1783180000"
"202100037899";"28";"05";"2021";"21:10";"1";"39";"39470";"1";"1";"1";"7";"N/A";"46,4868340000";"6,0796920000"
"202100037900";"28";"05";"2021";"21:10";"2";"44";"44100";"1";"2";"1";"3";"D59- ld la Bournaire";"47,1137290000";" -1,3499240000"
"202100037901";"28";"05";"2021";"13:45";"1";"29";"29113";"2";"3";"1";"3";"Rue des 4 Vents";"48,6403880000";" -3,7204710000"
"202100037902";"28";"05";"2021";"20:45";"1";"29";"29003";"1";"1";"1";"7";"21 Route de la Pointe du Raz";"48,0328070000";" -4,5698250000"
"202100037903";"29";"05";"2021";"16:30";"1";"15";"15215";"1";"1";"1";"2";"Lieu Dit Oyez";"44,9768100000";"2,5192490000"
"202100037904";"29";"05";"2021";"16:20";"1";"15";"15211";"1";"1";"1";"7";"D2";"45,0184840000";"2,1952810000"
"202100037905";"28";"05";"2021";"20:30";"2";"01";"01374";"1";"2";"1";"3";"RD1075";"46,1186089680";"5,2973377192"
"202100037906";"29";"05";"2021";"08:30";"1";"06";"06105";"2";"1";"1";"5";"2544 Route de Grasse";"43,6624010000";"7,0629280000"
"202100037907";"28";"05";"2021";"16:45";"1";"14";"14520";"1";"3";"1";"3";"D151";"49,1561480000";"0,1450160000"
"202100037908";"29";"05";"2021";"11:50";"1";"83";"83012";"1";"1";"1";"7";"Route de Marseille";"43,5503210000";"6,0002950000"
"202100037909";"29";"05";"2021";"15:00";"1";"60";"60595";"1";"1";"1";"7";"Rue de Rotibequet";"49,4806730000";"2,4245880000"
"202100037910";"28";"05";"2021";"21:50";"5";"10";"10437";"2";"9";"1";"1";"Rue Jean Monnet";"48,1445920000";"4,2997690000"
"202100037911";"28";"05";"2021";"10:45";"1";"07";"07080";"1";"1";"1";"1";"lieu dit Malleval";"45,0619420000";"4,4292230000"
"202100037912";"29";"05";"2021";"09:45";"1";"07";"07289";"1";"1";"1";"2";"Route de l'Escrinet";"44,6349520000";"4,4235210000"
"202100037913";"27";"05";"2021";"23:00";"3";"85";"85288";"2";"1";"1";"7";"50 Rue de Cayola";"46,4538680000";" -1,7105050000"
"202100037914";"28";"05";"2021";"18:45";"1";"85";"85255";"2";"1";"1";"6";"17 Rue Georges ClÃ©menceau";"46,3546380000";" -1,2477680000"
"202100037915";"28";"05";"2021";"17:30";"1";"87";"87128";"1";"1";"1";"7";"RD 711 lieu-dit ""Quinsac""";"46,0841260000";"1,2214570000"
"202100037916";"29";"05";"2021";"11:00";"1";"48";"48176";"1";"1";"1";"6";"D 996";"44,1915590000";"3,2361600000"