"Num_Acc";"jour";"mois";"an";"hrmn";"lum";"dep";"com";"agg";"int";"atm";"col";"adr";"lat";"long"
"202100037917";"28";"05";"2021";"17:10";"1";"52";"52230";"1";"9";"1";"3";"N67 PK46.650";"48,3213460000";"5,1199990000"
"202100037918";"27";"05";"2021";"21:00";"1";"08";"08363";"2";"1";"1";"6";"178 Rue Jean MacÃ©";"49,9432220000";"4,6329580000"
"202100037919";"28";"05";"2021";"19:39";"3";"973";"97307";"1";"1";"1";"2";"route nationale 2 PK 8";"4,8157730000";" -52,3500250000"
"202100037920";"28";"05";"2021";"20:00";"3";"973";"97309";"2";"1";"8";"1";"163 Route du Mahury";"4,8822970000";" -52,2756110000"
"202100037921";"29";"05";"2021";"08:40";"1";"06";"06083";"1";"9";"1";"4";"A8, entrÃ©e 59 MENTON, chaussÃ©e Nord, PK220.088";"43,7970190000";"7,4814960000"
"202100037922";"28";"05";"2021";"18:15";"1";"971";"97114";"1";"1";"1";"6";"Route de Moreau";"16,1304990000";" -61,5875640000"
"202100037923";"28";"05";"2021";"22:45";"3";"78";"78206";"1";"1";"1";"1";"D43";"48,9591270000";"1,9253150000"
"202100037924";"29";"05";"2021";"12:00";"1";"34";"34238";"1";"1";"1";"7";"lieu dit les prats";"43,8479300000";"3,6463450000"
"202100037925";"29";"05";"2021";"09:30";"1";"84";"84138";"2";"3";"1";"6";"Route de Baume-de-transit";"44,3719070000";"4,9661800000"
"202100037926";"28";"05";"2021";"18:02";"1";"71";"71526";"2";"1";"1";"7";"D54";"46,2965510000";"4,7133060000"
"202100037927";"28";"05";"2021";"21:30";"2";"21";"21106";"1";"2";"1";"3";"M968";"47,2405360000";"5,1041580000"
"202100037928";"29";"05";"2021";"16:50";"1";"55";"55435";"2";"3";"1";"7";"route de st dizier";"48,7414460000";"5,0349350000"
"202100037929";"29";"05";"2021";"17:22";"1";"57";"57058";"1";"3";"1";"3";"D31";"49,1582800000";"6,9648730000"
"202100037930";"28";"05";"2021";"15:20";"1";"03";"03054";"1";"3";"1";"3";"Route dÃ©partementale 53";"46,4923650000";"3,5165690000"
"202100037931";"29";"05";"2021";"18:30";"1";"63";"63470";"1";"1";"1";"2";"D986";"45,8705290000";"3,0257250000"
"202100037932";"29";"05";"2021";"16:15";"1";"42";"42094";"1";"1";"1";"6";"Chemin des Vauches";"45,7241210000";"4,2220760000"
"202100037933";"29";"05";"2021";"15:10";"1";"38";"38067";"1";"1";"1";"3";"Route de Vienne";"45,6801500000";"5,1684500000"
"202100037934";"27";"05";"2021";"07:45";"2";"26";"26347";"2";"4";"1";"3";"Avenue des Comtes de Larnage";"45,0686710000";"4,8417090000"
"202100037935";"26";"05";"2021";"05:32";"2";"26";"26085";"1";"1";"1";"6";"voie verte";"44,5124060000";"4,7225550000"
"202100037936";"22";"05";"2021";"22:45";"3";"49";"49194";"1";"1";"1";"7";"Route du Parc de Montgeoffroy";"47,4745415305";" -0,2709042946"
"202100037937";"28";"05";"2021";"14:40";"1";"29";"29181";"1";"2";"1";"3";"Lieu-dit Kerhamon";"48,4638910000";" -4,2289530000"
"202100037938";"22";"04";"2021";"11:40";"1";"22";"22093";"1";"3";"1";"3";"D28";"48,4849620000";" -2,4605030000"
"202100037939";"26";"05";"2021";"18:20";"1";"27";"27568";"1";"1";"1";"7";"Manoir de Pommereuil (Patrimoine national)";"48,9650400000";"0,8659140000"
"202100037940";"28";"05";"2021";"21:15";"1";"59";"59250";"1";"1";"1";"6";"Route Nationale Nationale 41";"50,5811040000";"2,8891150000"
"202100037941";"27";"05";"2021";"07:05";"1";"13";"13211";"1";"1";"1";"4";"A50-Sens Marseille vers Aubagne";"43,2873600000";"5,4390700000"
"202100037942";"27";"05";"2021";"22:15";"3";"83";"83137";"1";"1";"1";"2";"A57";"43,1293300000";"5,9775380000"
"202100037943";"27";"05";"2021";"19:00";"1";"59";"59350";"1";"1";"1";"6";"ROUTE NATIONALE 356";"50,6179213769";"3,0819225311"
"202100037944";"27";"05";"2021";"18:20";"1";"59";"59426";"1";"1";"1";"2";"AUTOROUTE A22";"50,7540610000";"3,1482570000"
"202100037945";"28";"05";"2021";"13:55";"1";"94";"94034";"1";"1";"1";"2";"AUTOROUTE A86";"48,7595500000";"2,3222900000"
"202100037946";"28";"05";"2021";"08:40";"1";"91";"91659";"1";"1";"1";"3";"AUTOROUTE A6";"48,5906500000";"2,4462800000"
"202100037947";"28";"05";"2021";"16:00";"1";"78";"78206";"1";"1";"1";"2";"A13";"48,9550420000";"1,9381430000"
"202100037948";"28";"05";"2021";"19:30";"1";"93";"93064";"1";"1";"1";"2";"AUTOROUTE A86";"48,8679600000";"2,4818800000"
"202100037949";"28";"05";"2021";"14:45";"1";"93";"93007";"1";"1";"1";"5";"AUTOROUTE A1";"48,9445900000";"2,4383000000"
"202100037950";"28";"05";"2021";"17:15";"1";"77";"77514";"1";"1";"1";"3";"A104";"48,9386100000";"2,6281300000"
"202100037951";"23";"05";"2021";"20:40";"2";"52";"52448";"2";"1";"8";"6";"CEZANNE (RUE PAUL)";"48,6434700000";"4,9682600000"
"202100037952";"27";"05";"2021";"21:06";"2";"17";"17300";"2";"2";"1";"3";"SAUTEL  BOULEVARD ANDRE";"46,1711900000";" -1,1229900000"
"202100037953";"27";"05";"2021";"22:10";"4";"93";"93050";"2";"1";"1";"1";"Rue Marx Dormoy";"48,8540200000";"2,5324100000"
"202100037954";"26";"05";"2021";"10:55";"1";"988";"98818";"2";"3";"1";"2";"VOIE DE DEGAGEMENT EST/RUE CHARLEROI";" -22,2800100000";"166,4651500000"
"202100037955";"27";"05";"2021";"16:30";"1";"974";"97411";"2";"1";"1";"2";"JAURES (BOULEVARD JEAN)";" -20,9019200000";"55,4985600000"
"202100037956";"27";"05";"2021";"08:25";"1";"974";"97411";"2";"1";"1";"7";"HOARAU (RUE MARCEL)";" -20,9045000000";"55,4910000000"
"202100037957";"27";"05";"2021";"13:30";"1";"973";"97302";"2";"9";"2";"2";"FELIX EBOUE(ROCADE)";"4,9303502349";" -52,3140928746"
"202100037958";"27";"05";"2021";"11:00";"1";"973";"97302";"2";"9";"1";"3";"MONTABO (ROUTE DE) 1";"4,9433600000";" -52,3064700000"
"202100037959";"27";"05";"2021";"10:15";"1";"973";"97302";"2";"6";"2";"3";"CATAYEE (JUSTIN)";"4,9249800000";" -52,3236300000"
"202100037960";"27";"05";"2021";"13:50";"1";"69";"69386";"2";"1";"1";"4";"JULES FAVRE                         (BD)";"45,7639400000";"4,8582400000"
"202100037961";"27";"05";"2021";"09:20";"1";"69";"69388";"2";"1";"1";"6";"ST MATHIEU (R)";"45,7424745728";"4,8645552993"
"202100037962";"23";"05";"2021";"13:15";"1";"69";"69259";"2";"1";"1";"6";"TURFISTES (DES)                     (BD)";"45,7162866664";"4,9013417289"
"202100037963";"23";"05";"2021";"19:20";"1";"69";"69259";"2";"1";"1";"6";"JULES FERRY (R)";"45,6981100000";"4,8862500000"
"202100037964";"27";"05";"2021";"13:25";"1";"972";"97213";"1";"1";"1";"2";"ROUTE NATIONALE 1";"14,6201300000";" -60,9938800000"
"202100037965";"27";"05";"2021";"16:00";"1";"972";"97209";"1";"1";"1";"3";"CHATEAUBOEUF (ROUTE DE)";"14,6191445947";" -61,0443701708"
"202100037966";"27";"05";"2021";"14:50";"1";"69";"69389";"2";"1";"1";"1";"MARIETTON (R)";"45,7762362847";"4,7982896419"
"202100037967";"27";"05";"2021";"08:15";"1";"2B";"2B033";"2";"1";"1";"3";"AV DE LA LIBERATION";"42,6851100000";"9,4450500000"
"202100037968";"25";"05";"2021";"23:15";"5";"95";"95539";"2";"2";"3";"3";"DIVISION LECLERC (AVENUE DE LA )";"48,9916330000";"2,3601460000"
"202100037969";"27";"05";"2021";"11:50";"1";"91";"91097";"2";"9";"1";"2";"AV JEAN MOULIN";"48,6817700000";"2,5354100000"
"202100037970";"25";"05";"2021";"10:05";"1";"87";"87085";"2";"1";"2";"7";"LECLERC (AVENUE DU GENERAL)";"45,8416200000";"1,2583900000"
"202100037971";"9";"03";"2021";"16:50";"1";"84";"84007";"1";"1";"1";"3";"MONCLAR (Avenue)";"43,9405900000";"4,8063400000"
"202100037972";"27";"05";"2021";"15:30";"1";"83";"83069";"2";"1";"1";"3";"AEROPORT (AVENUE DE L')";"43,0930410000";"6,1397750000"
"202100037973";"27";"05";"2021";"13:20";"1";"83";"83069";"1";"1";"1";"3";"GIENS (ROUTE DE )";"43,0601320000";"6,1470420000"
"202100037974";"21";"05";"2021";"18:36";"1";"80";"80021";"2";"2";"1";"1";"RUE D ELA RIVIERE DE CASSIS";"49,9128300000";"2,2990100000"
"202100037975";"26";"05";"2021";"19:35";"1";"78";"78551";"1";"1";"1";"2";"RD 190";"48,9157700000";"2,0661000000"
"202100037976";"23";"05";"2021";"12:45";"1";"78";"78498";"2";"2";"1";"3";"CAPUCINES RUE DES";"48,9255000000";"2,0416300000"
"202100037977";"26";"05";"2021";"21:00";"1";"77";"77131";"2";"1";"1";"3";"STRASBOURG (AVENUE DE)";"48,8051400000";"3,0848700000"
"202100037978";"25";"05";"2021";"22:35";"5";"76";"76351";"1";"1";"2";"1";"GENERAL FERRIE (AVENUE)";"49,5047000000";"0,1771400000"
"202100037979";"27";"05";"2021";"15:50";"1";"76";"76217";"2";"1";"1";"6";"AVE CHARLES NICOLLE";"49,9283400000";"1,1037700000"
"202100037980";"27";"05";"2021";"07:30";"1";"73";"73065";"2";"1";"1";"3";"COMTE VERT (AVENUE DU)";"45,5703546899";"5,9152953847"
"202100037981";"26";"05";"2021";"14:30";"1";"71";"71076";"1";"1";"1";"6";"THENARD (RUE LOUIS JACQUES)";"46,8105900000";"4,8526500000"
"202100037982";"26";"05";"2021";"11:10";"1";"71";"71445";"1";"1";"1";"3";"RENE CASSIN (RUE)";"46,7725371694";"4,8682812572"
"202100037983";"27";"05";"2021";"12:35";"1";"69";"69266";"2";"1";"1";"6";"LEON BLUM (R)";"45,7608085891";"4,9071756228"
"202100037984";"5";"05";"2021";"01:30";"5";"69";"69266";"2";"2";"1";"3";"JULES KUMER (R)";"45,7661200000";"4,8906200000"
"202100037985";"27";"05";"2021";"07:50";"1";"69";"69115";"2";"6";"1";"3";"LIBERATION (DE LA) (AV)";"45,9773012521";"4,7077006102"
"202100037986";"16";"03";"2021";"17:00";"2";"69";"69264";"2";"1";"1";"7";"PLAGE (DE LA) (AV)";"45,9836300000";"4,7482100000"
"202100037987";"25";"05";"2021";"12:26";"1";"67";"67482";"2";"1";"2";"7";"ALTENHEIM (ROUTE D )";"48,5367000000";"7,7709200000"
"202100037988";"27";"05";"2021";"16:00";"1";"65";"65226";"2";"3";"1";"3";"HERRAN (RUE DU)";"43,2401580000";"0,0184800000"
"202100037989";"26";"05";"2021";"23:00";"3";"64";"64483";"2";"9";"1";"6";"LAYATS (AVENUE DE)";"43,3995000000";" -1,6406900000"
"202100037990";"27";"05";"2021";"11:20";"1";"64";"64545";"2";"9";"1";"3";"OLHETTE (ROUTE D')";"43,3595800000";" -1,6633500000"
"202100037991";"27";"05";"2021";"12:10";"1";"64";"64348";"1";"1";"1";"2";"EUROPE DE L'";"43,3167000000";" -0,3952100000"
"202100037992";"27";"05";"2021";"10:25";"1";"64";"64348";"2";"1";"1";"3";"avenue des Martyrs du Pont Long";"43,3479000000";" -0,3800400000"
"202100037993";"26";"05";"2021";"14:25";"1";"64";"64102";"2";"3";"1";"3";"ALSACE LORRAINE (BOULEVARD)";"43,4923600000";" -1,4650000000"
"202100037994";"26";"05";"2021";"20:05";"1";"63";"63113";"2";"4";"1";"2";"FRANCE (RUE ANATOLE)";"45,7795700000";"3,1158900000"
"202100037995";"26";"05";"2021";"07:59";"1";"63";"63032";"2";"5";"1";"6";"HOTEL DE VILLE (RUE DE L')";"45,7532758993";"3,0877860635"
"202100037996";"27";"05";"2021";"05:00";"3";"61";"61497";"1";"1";"1";"7";"Les longs bas";"48,4729500000";"0,1053800000"
"202100037997";"27";"05";"2021";"17:30";"1";"59";"59599";"2";"1";"1";"5";"GRAMME (CHAUSSEE)";"50,7377000000";"3,1643700000"
"202100037998";"28";"05";"2021";"00:00";"5";"59";"59368";"2";"4";"1";"6";"DE COUBERTIN PIERRE  BOULEVARD";"50,6475590000";"3,0719370000"
"202100037999";"27";"05";"2021";"08:51";"1";"49";"49007";"2";"1";"1";"3";"GARE PLACE";"47,4650000000";" -0,5571700000"
"202100038000";"26";"05";"2021";"16:06";"1";"49";"49353";"2";"1";"1";"7";"LEFEVRE";"47,4456300000";" -0,4874900000"
"202100038001";"27";"05";"2021";"14:40";"1";"45";"45234";"2";"2";"1";"4";"Rue Fernand Rabier";"47,9039400000";"1,9097300000"
"202100038002";"24";"05";"2021";"16:50";"1";"44";"44184";"2";"1";"1";"3";"FRATERNITÃ (BOULEVARD DE LA)";"47,2826100000";" -2,2193800000"
"202100038003";"27";"05";"2021";"16:45";"1";"44";"44109";"2";"1";"1";"3";"BD DE LA BEAUJOIRE";"47,2589700000";" -1,5254100000"
"202100038004";"22";"05";"2021";"22:15";"4";"42";"42207";"2";"4";"2";"3";"Avenue de la LibÃ©ration";"45,4732011177";"4,5162682502"
"202100038005";"27";"05";"2021";"13:03";"1";"42";"42095";"2";"7";"1";"6";"Place du MarchÃ©";"45,3865100000";"4,2860400000"
"202100038006";"27";"05";"2021";"08:45";"1";"38";"38185";"2";"1";"1";"6";"Rue Auguste Ravier";"45,1822000000";"5,7387000000"
"202100038007";"27";"05";"2021";"09:42";"1";"37";"37208";"2";"6";"1";"6";"CORMERY (RUE DE)";"47,3419801871";"0,7374315262"
"202100038008";"26";"05";"2021";"10:55";"1";"37";"37261";"2";"1";"8";"6";"GRAMMONT (AVENUE DE)";"47,3891300000";"0,6893100000"
"202100038009";"27";"05";"2021";"18:45";"1";"35";"35238";"2";"1";"1";"4";"VILLEBOIS MAREUIL (BD)";"48,1052900000";" -1,6505300000"
"202100038010";"26";"05";"2021";"13:00";"1";"35";"35238";"2";"9";"2";"3";"CUCILLE (AVENUE DE)";"48,1286930000";" -1,6983320000"
"202100038011";"23";"05";"2021";"10:00";"1";"34";"34032";"1";"1";"1";"3";"RD.64";"43,3136800000";"3,2062800000"
"202100038012";"27";"05";"2021";"17:15";"1";"33";"33281";"2";"2";"1";"3";"Rue FranÃ§ois Arago";"44,8558700000";" -0,6710800000"
"202100038013";"26";"05";"2021";"19:00";"1";"33";"33063";"2";"2";"1";"3";"Boulevard Alfred Daney";"44,8697300000";" -0,5666200000"
"202100038014";"27";"05";"2021";"19:25";"1";"31";"31069";"2";"1";"1";"7";"COMPANS (AV DU GENERAL)";"43,6269400000";"1,3983300000"
"202100038015";"27";"05";"2021";"14:15";"1";"31";"31555";"2";"1";"1";"2";"VA008432 LANGLADE A620 Sortie 25";"43,5696500000";"1,4242300000"
"202100038016";"27";"05";"2021";"08:45";"1";"31";"31555";"2";"1";"1";"3";"VA007456 SESQUIERES A620 Sortie 33";"43,6477100000";"1,4221500000"
"202100038017";"26";"05";"2021";"17:50";"1";"31";"31555";"2";"1";"1";"3";"AV DE L HERS";"43,6139000000";"1,4799500000"
"202100038018";"26";"05";"2021";"17:04";"1";"31";"31555";"2";"1";"1";"6";"BLAGNAC (ROUTE DE)";"43,6226000000";"1,4051000000"
"202100038019";"20";"05";"2021";"12:20";"1";"30";"30189";"2";"1";"1";"6";"REINACH SALOMON (RUE)";"43,8320000000";"4,3808000000"
"202100038020";"27";"05";"2021";"21:15";"1";"29";"29232";"1";"1";"1";"7";"D34 - Boulevard Louis le Guennec";"47,9801000000";" -4,1072900000"
"202100038021";"26";"05";"2021";"14:50";"1";"26";"26198";"2";"1";"1";"3";"4 Place du Roubion";"44,5552650000";"4,7520380000"
"202100038022";"27";"05";"2021";"18:11";"1";"18";"18279";"2";"6";"1";"3";"PERI (PLACE GABRIEL)";"47,2248600000";"2,0625100000"
"202100038023";"26";"05";"2021";"08:00";"1";"14";"14167";"2";"1";"1";"1";"D226";"49,1994100000";" -0,2934400000"
"202100038024";"27";"05";"2021";"18:20";"1";"13";"13117";"2";"1";"1";"3";"8 MAI 1945 (AVENUE)";"43,4247000000";"5,2778000000"
"202100038025";"27";"05";"2021";"15:15";"1";"13";"13208";"2";"3";"1";"3";"ANDRE ZENATTI (AVENUE)";"43,2462220000";"5,3886040000"
"202100038026";"27";"05";"2021";"11:30";"1";"13";"13211";"2";"1";"1";"3";"MIRELLE LAUZE (BOULEVARD)";"43,2868290000";"5,4313620000"
"202100038027";"27";"05";"2021";"12:20";"1";"13";"13201";"2";"2";"1";"3";"SAINTE BARBE (RUE)";"43,3013600000";"5,3739300000"
"202100038028";"27";"05";"2021";"10:05";"1";"13";"13204";"2";"1";"1";"3";"SAKAKINI (BOULEVARD)";"43,2981300000";"5,4011500000"
"202100038029";"27";"05";"2021";"09:40";"1";"13";"13215";"2";"1";"1";"6";"LYON (RUE DE)";"43,3302700000";"5,3650600000"
"202100038030";"27";"05";"2021";"07:40";"1";"13";"13214";"2";"1";"1";"3";"ALEX ANSALDI (RUE)";"43,3330140000";"5,4035890000"
"202100038031";"26";"05";"2021";"10:00";"1";"13";"13208";"2";"1";"1";"3";"VERRERIE (BD DE LA)";"43,2332110000";"5,3615900000"
"202100038032";"27";"05";"2021";"09:50";"1";"09";"09013";"1";"1";"1";"4";"20 (R.N.) COTE NORD DU TUNNEL";"42,9811800000";"1,6233900000"
"202100038033";"27";"05";"2021";"11:00";"1";"01";"01053";"2";"1";"1";"6";"SAINT NICOLAS ( BD ) IMPAIR";"46,2058370000";"5,2345760000"
"202100038034";"25";"05";"2021";"08:50";"1";"75";"75113";"2";"1";"1";"4";"QUAI D IVRY";"48,8257910000";"2,3865890000"
"202100038035";"27";"05";"2021";"08:12";"1";"75";"75116";"2";"4";"1";"3";"AVENUE DE VERSAILLES";"48,8409760000";"2,2655080000"
"202100038036";"27";"05";"2021";"00:30";"5";"75";"75116";"2";"2";"1";"3";"ROUTE DE SURESNES";"48,8649880000";"2,2343820000"
"202100038037";"27";"05";"2021";"15:35";"1";"75";"75115";"2";"3";"1";"3";"RUE DE VOUILLE";"48,8343410000";"2,3064640000"
"202100038038";"27";"05";"2021";"15:20";"1";"75";"75112";"2";"1";"1";"6";"RUE SANTERRE";"48,8427980000";"2,3982380000"
"202100038039";"27";"05";"2021";"11:00";"1";"75";"75112";"2";"1";"1";"3";"AVENUE DES CANADIENS";"48,8179590000";"2,4603560000"
"202100038040";"27";"05";"2021";"15:21";"1";"75";"75111";"2";"1";"1";"3";"BOULEVARD BEAUMARCHAIS";"48,8579150000";"2,3679920000"
"202100038041";"27";"05";"2021";"17:50";"1";"75";"75109";"2";"3";"1";"6";"RUE DE CAUMARTIN";"48,8747020000";"2,3284460000"
"202100038042";"26";"05";"2021";"19:20";"1";"75";"75109";"2";"7";"1";"3";"PLACE DE L OPERA";"48,8711520000";"2,3323390000"
"202100038043";"27";"05";"2021";"12:00";"1";"75";"75108";"2";"2";"1";"6";"RUE DE LABORDE";"48,8756750000";"2,3196150000"
"202100038044";"27";"05";"2021";"22:30";"5";"75";"75105";"2";"2";"1";"7";"RUE DU PETIT PONT";"48,8523560000";"2,3482280000"
"202100038045";"27";"05";"2021";"09:40";"1";"75";"75103";"2";"4";"1";"3";"RUE DE TURBIGO";"48,8663040000";"2,3598040000"
"202100038046";"27";"05";"2021";"08:00";"1";"75";"75103";"2";"2";"1";"3";"RUE DE TURBIGO";"48,8654610000";"2,3561130000"
"202100038047";"26";"05";"2021";"15:20";"1";"94";"94068";"2";"1";"2";"3";"Avenue Foch";"48,8018800000";"2,4933600000"
"202100038048";"26";"05";"2021";"11:15";"1";"94";"94068";"2";"3";"1";"6";"FOCH (AV)";"48,8040000000";"2,4873100000"
"202100038049";"27";"05";"2021";"05:29";"2";"94";"94046";"2";"9";"1";"2";"GALLIENI (BD)";"48,7967500000";"2,4308800000"
"202100038050";"27";"05";"2021";"21:15";"5";"94";"94043";"2";"1";"1";"3";"FONTAINEBLEAU (AV DE)";"48,8120000000";"2,3613800000"
"202100038051";"27";"05";"2021";"20:05";"1";"94";"94041";"2";"3";"1";"3";"JEAN LE GALLEU (R)";"48,8140700000";"2,3767100000"
"202100038052";"27";"05";"2021";"20:25";"1";"94";"94034";"2";"3";"1";"3";"Rue de la Butte";"48,7593700000";"2,3327800000"
"202100038053";"17";"05";"2021";"13:25";"1";"94";"94033";"2";"7";"1";"1";"MOREAU DAVID (PL)";"48,8437000000";"2,4650000000"
"202100038054";"22";"05";"2021";"20:25";"1";"94";"94017";"2";"1";"1";"3";"Avenue Roger Salengro";"48,8195200000";"2,4868800000"
"202100038055";"27";"05";"2021";"02:35";"5";"93";"93062";"2";"2";"1";"3";"VALERE LEFEBVRE (ALLEE)";"48,8968700000";"2,5153300000"
"202100038056";"27";"05";"2021";"07:45";"1";"93";"93051";"2";"1";"1";"6";"Place Neptune";"48,8404500000";"2,5504500000"
"202100038057";"27";"05";"2021";"08:15";"1";"93";"93029";"2";"1";"1";"6";"Rue de la RÃ©publique";"48,9217100000";"2,4447400000"
"202100038058";"27";"05";"2021";"19:30";"1";"93";"93057";"2";"3";"1";"3";"WILSON (AV. DU PRESIDENT) 62 A 129";"48,9075181761";"2,5129857659"
"202100038059";"27";"05";"2021";"13:25";"1";"93";"93008";"2";"1";"1";"5";"VAILLANT COUTURIER (AVENUE PAUL)";"48,9097100000";"2,4449900000"
"202100038060";"27";"05";"2021";"13:24";"1";"92";"92064";"2";"1";"1";"3";"REPUBLIQUE";"48,8514600000";"2,2130600000"
"202100038061";"27";"05";"2021";"07:15";"2";"92";"92033";"2";"1";"1";"2";"GENERAL DE GAULLE";"48,8392329714";"2,1885131422"
"202100038062";"26";"05";"2021";"12:40";"1";"92";"92063";"2";"2";"1";"3";"HABY SOMMER (RUE)";"48,8762818126";"2,1857978404"
"202100038063";"27";"05";"2021";"12:20";"1";"92";"92048";"2";"1";"1";"6";"VERDUN (AVENUE DE)";"48,8188100000";"2,2437800000"
"202100038064";"26";"05";"2021";"18:20";"1";"92";"92036";"2";"3";"1";"3";"LOUISE MICHEL (IMPAIRS)";"48,9226650000";"2,3206030000"
"202100038065";"27";"05";"2021";"22:25";"5";"92";"92023";"2";"9";"1";"3";"FLEURY (RUE DE)";"48,8134300000";"2,2675400000"
"202100038066";"27";"05";"2021";"14:20";"1";"92";"92012";"2";"1";"1";"3";"ANDRE MORIZET (AVENUE) 1/47 - 2/52";"48,8373327445";"2,2356027347"
"202100038067";"27";"05";"2021";"01:05";"5";"92";"92012";"2";"1";"1";"6";"SEVRES (RUE DE) 1/55 - 2/40";"48,8334600000";"2,2288100000"
"202100038068";"27";"05";"2021";"17:45";"1";"11";"11303";"1";"1";"7";"6";"D121";"42,9309130000";"2,0526410000"
"202100038069";"28";"05";"2021";"15:05";"1";"67";"67061";"1";"4";"1";"1";"D133";"48,8158360000";"7,4333670000"
"202100038070";"18";"05";"2021";"00:30";"3";"33";"33334";"1";"1";"1";"6";"N/A";"44,6676690000";" -0,4433160000"
"202100038071";"27";"05";"2021";"18:00";"1";"83";"83054";"1";"1";"1";"2";"autoroute A57";"43,1633959911";"6,0510953673"
"202100038072";"27";"05";"2021";"11:20";"1";"12";"12096";"1";"1";"1";"2";"Zone Artisanale de la ""Bouysse"" (Zone commerciale)";"44,5306410000";"2,7464890000"
"202100038073";"27";"05";"2021";"16:53";"1";"86";"86132";"1";"1";"1";"2";"D675";"46,5163420000";"1,0222290000"
"202100038074";"27";"05";"2021";"20:40";"2";"54";"54514";"1";"1";"1";"6";"D618";"49,5040760000";"5,6298350000"
"202100038075";"26";"05";"2021";"15:05";"1";"67";"67194";"1";"2";"1";"3";"D29";"48,7477780000";"7,9149730000"
"202100038076";"27";"05";"2021";"13:00";"1";"61";"61464";"1";"1";"1";"6";"A88";"48,6361560000";"0,1857810000"
"202100038077";"28";"05";"2021";"15:15";"1";"56";"56078";"1";"1";"1";"2";"Route de Gestel";"47,8055870000";" -3,4706500000"
"202100038078";"27";"05";"2021";"20:45";"1";"76";"76363";"1";"1";"1";"6";"D7";"49,8833470000";"1,7117860000"
"202100038079";"27";"05";"2021";"21:40";"5";"2B";"2B050";"1";"1";"1";"2";"RT 30";"42,5517130000";"8,7730120000"
"202100038080";"28";"05";"2021";"08:15";"1";"81";"81037";"2";"1";"7";"6";"Avenue du Sidobre";"43,6303330000";"2,4913270000"
"202100038081";"27";"05";"2021";"18:05";"1";"71";"71014";"2";"1";"7";"2";"13 Route de Beaune";"46,9562170000";"4,3146710000"
"202100038082";"28";"05";"2021";"09:54";"1";"61";"61474";"1";"1";"1";"6";"D113";"48,7683180000";"0,0303570000"
"202100038083";"25";"05";"2021";"10:20";"1";"46";"46219";"1";"1";"1";"6";"labrugue";"44,6194630000";"1,3717890000"
"202100038084";"27";"05";"2021";"22:30";"3";"47";"47251";"1";"4";"1";"6";"D108";"44,2941560000";"0,2483830000"
"202100038085";"25";"05";"2021";"07:00";"1";"68";"68098";"1";"1";"7";"1";"D7bis";"47,5602420000";"7,1573350000"
"202100038086";"24";"05";"2021";"16:00";"1";"68";"68340";"1";"1";"8";"6";"chemin oberwald";"47,5390930000";"7,1402870000"
"202100038087";"28";"05";"2021";"08:20";"1";"39";"39275";"2";"3";"1";"6";"234 Grande Rue";"46,3963850000";"5,9659200000"
"202100038088";"27";"05";"2021";"08:32";"2";"25";"25413";"1";"1";"1";"6";"D389";"46,6909440000";"6,1850350000"
"202100038089";"20";"05";"2021";"17:45";"1";"31";"31091";"1";"1";"1";"3";"D63g";"43,7184450000";"1,4044010000"
"202100038090";"27";"05";"2021";"17:20";"1";"38";"38058";"1";"3";"1";"1";"Rue de la Vie de Lariot";"45,3520400000";"5,3157700000"
"202100038091";"27";"05";"2021";"19:30";"1";"02";"02800";"1";"1";"1";"6";"D1";"48,9587800000";"3,4517000000"
"202100038092";"28";"05";"2021";"10:10";"1";"03";"03155";"1";"1";"1";"3";"la platriÃ¨re";"46,7252970000";"2,8752690000"
"202100038093";"28";"05";"2021";"18:15";"1";"01";"01269";"2";"1";"1";"3";"Les Battoirs";"46,1423700000";"5,6182730000"
"202100038094";"28";"05";"2021";"16:00";"1";"01";"01305";"2";"1";"1";"3";"D933";"46,4287770000";"4,9381060000"
"202100038095";"28";"05";"2021";"17:15";"1";"01";"01159";"1";"1";"1";"7";"Route des Dimes";"46,3343718904";"4,8725821018"
"202100038096";"27";"05";"2021";"13:50";"1";"70";"70085";"1";"1";"1";"2";"RD33 PK 3";"47,3766740000";"6,0096930000"
"202100038097";"27";"05";"2021";"11:20";"1";"26";"26183";"2";"3";"1";"3";"890 Chemin du Canal";"44,7157170000";"5,0978490000"
"202100038098";"27";"05";"2021";"19:30";"1";"72";"72080";"1";"1";"1";"7";"D7";"48,1786780000";"0,6699940000"
"202100038099";"24";"05";"2021";"17:50";"1";"14";"14005";"1";"2";"3";"5";"Grande Rue (Fierville-Bray)";"49,0509380000";" -0,1780240000"
"202100038100";"26";"05";"2021";"14:55";"1";"45";"45193";"1";"1";"2";"4";"D921-PR 71 + 500";"47,7733830000";"2,0371400000"
"202100038101";"28";"05";"2021";"15:00";"1";"64";"64256";"2";"1";"1";"7";"Route de Bonloc";"43,3734900000";" -1,2749510000"
"202100038102";"25";"05";"2021";"01:30";"3";"36";"36165";"1";"1";"6";"6";"N/A";"46,6708640000";"1,0045840000"
"202100038103";"27";"05";"2021";"21:15";"2";"17";"17439";"1";"1";"1";"6";"Rue de la cosse";"46,3068610000";" -0,8220650000"
"202100038104";"27";"05";"2021";"17:15";"1";"17";"17349";"1";"2";"1";"3";"Rue de la Grande Palisse";"46,2444030000";" -0,9001600000"