"Num_Acc";"jour";"mois";"an";"hrmn";"lum";"dep";"com";"agg";"int";"atm";"col";"adr";"lat";"long"
"202100038105";"25";"05";"2021";"17:00";"1";"30";"30352";"1";"3";"1";"6";"D440";"43,7950020000";"4,1006620000"
"202100038106";"25";"05";"2021";"19:00";"1";"30";"30019";"1";"2";"1";"6";"D412";"43,7390810000";"4,1446570000"
"202100038107";"24";"05";"2021";"20:30";"2";"30";"30182";"1";"9";"1";"6";"RD 999";"43,8583430000";"4,1708560000"
"202100038108";"19";"05";"2021";"19:58";"1";"08";"08361";"2";"2";"1";"3";"Rue du stade";"49,8345880000";"4,6133140000"
"202100038109";"26";"05";"2021";"14:26";"1";"88";"88327";"1";"1";"2";"6";"CD 10, pk 20+980";"48,3149640000";"6,3644100000"
"202100038110";"19";"05";"2021";"15:30";"1";"13";"13007";"1";"1";"6";"2";"AUTOROUTE A52 - PK 014.500";"43,3675280000";"5,6111380000"
"202100038111";"28";"05";"2021";"05:40";"2";"13";"13112";"1";"1";"1";"2";"A7, PK 250.000";"43,5263200000";"5,2210160000"
"202100038112";"7";"05";"2021";"19:00";"1";"95";"95199";"2";"1";"1";"6";"Avenue du LycÃ©e";"49,0294130000";"2,3393150000"
"202100038113";"27";"05";"2021";"14:40";"1";"66";"66164";"2";"6";"1";"2";"Rue Georges Melies";"42,7762400000";"2,9086730000"
"202100038114";"27";"05";"2021";"13:40";"1";"83";"83063";"1";"1";"1";"1";"Route Departementale D558";"43,3001564583";"6,4905568957"
"202100038115";"26";"05";"2021";"20:40";"5";"13";"13015";"1";"1";"1";"7";"Avenue Thiers";"43,4488340000";"5,4436770000"
"202100038116";"26";"05";"2021";"14:00";"1";"09";"09269";"1";"3";"1";"3";"Col Del Bouich";"42,9932930000";"1,5477260000"
"202100038117";"26";"05";"2021";"13:30";"1";"31";"31395";"2";"9";"1";"6";"Avenue Jacques Douzans";"43,4675460000";"1,3279990000"
"202100038118";"28";"05";"2021";"08:20";"1";"64";"64230";"1";"1";"1";"7";"D934";"43,1752400000";" -0,3945640000"
"202100038119";"26";"05";"2021";"12:20";"1";"33";"33238";"2";"1";"1";"6";"57 Avenue de Bordeaux";"44,7414370000";" -0,5970380000"
"202100038120";"27";"05";"2021";"15:45";"1";"22";"22150";"1";"9";"1";"3";"D9";"48,5819800000";" -3,0612110000"
"202100038121";"27";"05";"2021";"23:30";"3";"35";"35019";"1";"1";"1";"6";"Ferme Neuve";"48,4133440000";" -1,5823850000"
"202100038122";"28";"05";"2021";"13:00";"1";"80";"80685";"2";"6";"1";"3";"dÃ©partementale 934";"49,7087360000";"2,7758180000"
"202100038123";"26";"05";"2021";"18:16";"1";"69";"69091";"1";"1";"1";"2";"A47";"45,5760791387";"4,7205244948"
"202100038124";"27";"05";"2021";"19:25";"1";"33";"33397";"1";"1";"1";"2";"N/A";"44,9107600000";" -0,4868210000"
"202100038125";"27";"05";"2021";"08:00";"1";"33";"33535";"1";"1";"1";"2";"ROUTE NATIONALE 230";"44,8313000000";" -0,5011500000"
"202100038126";"25";"05";"2021";"17:30";"1";"33";"33550";"1";"1";"1";"2";"ROCADE A 630";"44,7775510000";" -0,5598280000"
"202100038127";"27";"05";"2021";"18:45";"1";"91";"91136";"1";"1";"1";"2";"AUTOROUTE A126";"48,7138000000";"2,2756400000"
"202100038128";"27";"05";"2021";"14:00";"1";"91";"91064";"1";"1";"1";"5";"RN 118";"48,7559900000";"2,2238500000"
"202100038129";"27";"05";"2021";"19:00";"1";"95";"95572";"1";"1";"1";"4";"RN 184";"49,0500960000";"2,1433640000"
"202100038130";"27";"05";"2021";"16:50";"1";"95";"95277";"1";"1";"1";"6";"RD 170 ";"48,9745100000";"2,4848700000"
"202100038131";"27";"05";"2021";"12:00";"1";"93";"93066";"1";"1";"1";"2";"AUTOROUTE A1";"48,9193200000";"2,3574600000"
"202100038132";"27";"05";"2021";"09:00";"1";"93";"93005";"1";"1";"1";"2";"AUTOROUTE A3";"48,9615900000";"2,4680700000"
"202100038133";"27";"05";"2021";"09:30";"1";"95";"95582";"1";"1";"1";"4";"RD 170";"48,9642600000";"2,2682500000"
"202100038134";"27";"05";"2021";"10:20";"1";"93";"93027";"1";"1";"1";"4";"AUTOROUTE A1";"48,9354000000";"2,4021800000"
"202100038135";"26";"05";"2021";"17:45";"1";"95";"95018";"1";"1";"1";"5";" A15";"48,9614100000";"2,2686300000"
"202100038136";"26";"05";"2021";"12:20";"1";"95";"95042";"1";"1";"1";"2";"RN 104";"49,0617600000";"2,3146800000"
"202100038137";"26";"05";"2021";"09:30";"1";"95";"95678";"1";"1";"2";"2";"RN 184";"49,0617800000";"2,2123100000"
"202100038138";"26";"05";"2021";"06:00";"2";"95";"95582";"1";"1";"2";"2";" A15";"48,9634300000";"2,2642800000"
"202100038139";"26";"05";"2021";"08:45";"1";"93";"93013";"1";"1";"2";"2";"AUTOROUTE A1";"48,9402400000";"2,4227300000"
"202100038140";"26";"05";"2021";"08:55";"1";"93";"93051";"1";"1";"8";"6";"A4";"48,8364000000";"2,5518900000"
"202100038141";"26";"05";"2021";"07:15";"1";"94";"94033";"1";"1";"2";"6";"A86.EXT";"48,8499400000";"2,4909300000"
"202100038142";"11";"03";"2021";"09:30";"1";"95";"95500";"1";"1";"1";"4";"AUTOROUTE A15";"49,0372600000";"2,0914900000"
"202100038143";"26";"05";"2021";"17:25";"2";"988";"98818";"2";"2";"1";"6";"RUE ESNEST MASSOUBRE/RUE FRANCOIS ECORCHON";" -22,2857300000";"166,4451700000"
"202100038144";"25";"05";"2021";"19:25";"5";"974";"97407";"2";"1";"1";"3";"COMMUNE DE PARIS (AVENUE)";" -20,9387300000";"55,2909500000"
"202100038145";"26";"05";"2021";"09:00";"1";"973";"97302";"2";"1";"1";"5";"BADUEL (ROUTE DE)";"4,9348513268";" -52,3119025827"
"202100038146";"25";"05";"2021";"21:30";"3";"973";"97302";"2";"1";"1";"7";"BROWN Serge (RUE)";"4,9312208162";" -52,3333905739"
"202100038147";"27";"05";"2021";"01:35";"5";"69";"69387";"2";"1";"1";"7";"GALLIENI (PT)";"45,7482005077";"4,8324447870"
"202100038148";"26";"05";"2021";"17:40";"1";"69";"69383";"2";"2";"1";"3";"DOCTEUR LONG (DU) (CR)";"45,7509900629";"4,8890838725"
"202100038149";"26";"05";"2021";"17:25";"1";"69";"69387";"2";"1";"1";"2";"GERLAND (DE) (R)";"45,7424700000";"4,8412900000"
"202100038150";"26";"05";"2021";"17:15";"1";"69";"69386";"2";"1";"1";"2";"GENERAL SARRAIL (DU) (Q)";"45,7679705106";"4,8412642478"
"202100038151";"26";"05";"2021";"15:15";"1";"972";"97209";"1";"1";"1";"6";"RD 41 (ROCADE)";"14,6140836264";" -61,0522127153"
"202100038152";"26";"05";"2021";"13:50";"1";"69";"69384";"2";"1";"1";"2";"PHILIPPE DE LASSALLE (R)";"45,7785300000";"4,8204400000"
"202100038153";"25";"05";"2021";"09:00";"1";"971";"97101";"1";"1";"1";"3";"ROUTE DE BOISVINS";"16,2645100000";" -61,4770700000"
"202100038154";"25";"05";"2021";"08:45";"1";"971";"97113";"1";"1";"1";"6";"SECTION MARE-GAILLARD";"16,2177900000";" -61,4363200000"
"202100038155";"26";"05";"2021";"06:30";"2";"95";"95280";"2";"1";"2";"3";"SALENGRO ROGER ( BOULEVARD)";"49,0380220000";"2,4679620000"
"202100038156";"26";"05";"2021";"17:44";"1";"91";"91549";"2";"6";"1";"3";"TOUSSAINT L'OUVERTURE";"48,6382500000";"2,3453300000"
"202100038157";"26";"05";"2021";"22:00";"5";"91";"91201";"2";"1";"1";"6";"RUE DU PORT AUX DAMES";"48,6800000000";"2,4000000000"
"202100038158";"26";"05";"2021";"07:10";"1";"83";"83137";"2";"3";"1";"1";"BLANCHARD (IMP DU DOCTEUR)";"43,1220400000";"5,9735200000"
"202100038159";"26";"05";"2021";"21:25";"5";"83";"83126";"2";"9";"1";"3";"ANCIENS COMBATANTS D'INDOCHINE (AV DES)";"43,1040400000";"5,8537630000"
"202100038160";"26";"05";"2021";"13:20";"1";"78";"78551";"1";"2";"8";"5";"RN 184";"48,9099400000";"2,0743300000"
"202100038161";"26";"05";"2021";"13:15";"1";"74";"74012";"2";"1";"1";"3";"FLORISSANT (AVENUE)";"46,1966200000";"6,2413300000"
"202100038162";"26";"05";"2021";"17:15";"1";"72";"72181";"2";"3";"8";"3";"ESTEREL (RUE DE L') NÂ° IMPAIRS";"47,9948000000";"0,2232400000"
"202100038163";"26";"05";"2021";"18:30";"1";"69";"69290";"2";"3";"1";"3";"CORDIERE (DE LA) (R)";"45,6925900000";"4,9556700000"
"202100038164";"26";"05";"2021";"09:45";"1";"69";"69290";"2";"3";"1";"3";"PARILLY (DE) (BD)";"45,7181631929";"4,9102717638"
"202100038165";"26";"05";"2021";"16:15";"1";"69";"69091";"2";"3";"1";"1";"JEAN LIGONNET (R)";"45,5948300000";"4,7698500000"
"202100038166";"1";"04";"2021";"09:55";"1";"68";"68297";"2";"3";"1";"3";"HUNINGUE ( RUE DE )";"47,5865700000";"7,5653300000"
"202100038167";"25";"05";"2021";"20:55";"2";"67";"67482";"2";"1";"6";"6";"AUGUSTIN FRESNEL (RUE)";"48,6047200000";"7,7180100000"
"202100038168";"22";"05";"2021";"14:15";"1";"67";"67482";"2";"1";"8";"3";"INDRE (RUE DE L )";"48,5518110000";"7,7661780000"
"202100038169";"22";"05";"2021";"12:00";"1";"67";"67447";"2";"1";"8";"3";"GENERAL DE GAULLE (ROUTE DU)";"48,6086154096";"7,7348227573"
"202100038170";"24";"05";"2021";"20:12";"2";"67";"67365";"2";"1";"2";"6";"FRERES (RUE DES)";"48,5553800000";"7,7080500000"
"202100038171";"26";"05";"2021";"08:15";"1";"64";"64348";"1";"1";"1";"2";"MARTYRS DU PONT LONG DES";"43,3479000000";" -0,3800400000"
"202100038172";"26";"05";"2021";"04:45";"5";"64";"64102";"2";"1";"1";"6";"SOULT (AVENUE MARECHAL)";"43,4873300000";" -1,4840900000"
"202100038173";"5";"05";"2021";"08:45";"1";"62";"62427";"2";"1";"1";"6";"LECLERC (AV. DU MAL)";"50,4230450000";"2,9377210000"
"202100038174";"25";"05";"2021";"17:25";"1";"60";"60159";"2";"1";"1";"6";"Avenue du 25Ã¨me RÃ©giment du GÃ©nie de lâAir";"49,4033300000";"2,8328500000"
"202100038175";"26";"05";"2021";"22:00";"5";"59";"59367";"2";"1";"1";"6";"BERT (AVENUE PAUL)";"50,6744757508";"3,2109331195"
"202100038176";"26";"05";"2021";"20:30";"1";"51";"51454";"2";"2";"1";"3";"Rue de Betheny";"49,2653748703";"4,0448007470"
"202100038177";"26";"05";"2021";"08:20";"1";"45";"45234";"2";"1";"3";"3";"26 Rue Saint Marc";"47,9047539284";"1,9227960741"
"202100038178";"25";"05";"2021";"15:30";"1";"45";"45068";"2";"6";"1";"3";"Avenue du GÃ©nÃ©ral Leclerc";"48,0125082281";"2,7393712830"
"202100038179";"25";"05";"2021";"15:20";"1";"41";"41018";"2";"1";"1";"3";"RESISTANCE (PLACE DE LA)";"47,5860820000";"1,3362300000"
"202100038180";"26";"05";"2021";"03:05";"5";"38";"38185";"2";"1";"1";"3";"Rue Paul Claudel";"45,1724000000";"5,7365000000"
"202100038181";"26";"05";"2021";"18:35";"1";"35";"35238";"2";"1";"1";"3";"SAINT-MARTIN (CANAL)";"48,1231000000";" -1,6773000000"
"202100038182";"26";"05";"2021";"17:30";"1";"35";"35238";"2";"9";"1";"3";"ANTRAIN (D') DE 0 A 43 ET 80";"48,1183500000";" -1,6760600000"
"202100038183";"26";"05";"2021";"16:10";"1";"35";"35206";"1";"1";"1";"2";"ROCADE";"48,0803380000";" -1,6961060000"
"202100038184";"26";"05";"2021";"08:45";"1";"35";"35238";"2";"6";"2";"3";"GRIMAULT (BD LEON)";"48,0913100000";" -1,6506600000"
"202100038185";"26";"05";"2021";"07:55";"1";"35";"35238";"2";"2";"2";"3";"NANTES (RUE DE)";"48,0945400000";" -1,6903600000"
"202100038186";"26";"05";"2021";"07:05";"2";"35";"35206";"1";"1";"2";"2";"RN136";"48,0791700000";" -1,6909100000"
"202100038187";"26";"05";"2021";"13:30";"1";"33";"33249";"2";"2";"1";"3";"Rue Michel Montaigne";"44,8759300000";" -0,5150900000"
"202100038188";"4";"05";"2021";"11:15";"1";"33";"33063";"2";"1";"1";"6";"Rue de Pessac";"44,8293700000";" -0,5820300000"
"202100038189";"26";"05";"2021";"08:00";"1";"31";"31555";"2";"1";"1";"2";"30 PONTS JUMEAUX  (PERIPH OUEST A620)";"43,6157800000";"1,4182900000"
"202100038190";"26";"05";"2021";"05:55";"2";"31";"31555";"2";"1";"1";"6";"RUE ARNAUD VIDAL";"43,6080900000";"1,4529300000"
"202100038191";"25";"05";"2021";"12:30";"1";"29";"29039";"1";"1";"1";"1";"Route de KerguÃ©res";"47,8988970373";" -3,9382517338"
"202100038192";"25";"05";"2021";"20:07";"1";"25";"25056";"2";"3";"8";"3";"VESOUL RUE DE (sup 52)";"47,2542500000";"6,0150800000"
"202100038193";"25";"05";"2021";"11:35";"1";"21";"21231";"2";"2";"1";"3";"DEVOSGE (RUE)";"47,3270857360";"5,0424211252"
"202100038194";"25";"05";"2021";"08:27";"1";"18";"18279";"2";"1";"2";"7";"JAURES (RUE JEAN )";"47,2318800000";"2,0438600000"
"202100038195";"26";"05";"2021";"06:20";"1";"13";"13209";"2";"3";"1";"3";"GAYE (TRAVERSE DE LA)";"43,2566159802";"5,4082500055"
"202100038196";"25";"05";"2021";"18:10";"1";"13";"13214";"2";"6";"1";"6";"MERIMEE";"43,3284010266";"5,3981119394"
"202100038197";"26";"05";"2021";"20:15";"1";"11";"11069";"2";"9";"1";"3";"BARBES BD PAIRS";"43,2103370949";"2,3485510443"
"202100038198";"26";"05";"2021";"12:10";"1";"11";"11069";"2";"1";"1";"6";"JOLIOT CURIE -BD IRENE FREDERIC- PAIRS";"43,2136300000";"2,3696600000"
"202100038199";"24";"05";"2021";"22:15";"3";"11";"11069";"1";"1";"1";"6";"MINERVOISE -ROUTE-";"43,2286200000";"2,3746200000"
"202100038200";"26";"05";"2021";"13:52";"1";"10";"10387";"2";"2";"1";"3";"JULES GUESDE (RUE)";"48,2940000000";"4,0818000000"
"202100038201";"26";"05";"2021";"09:15";"1";"10";"10387";"2";"1";"2";"2";"JACQUIN (RUE)";"48,3039600000";"4,0806100000"
"202100038202";"25";"05";"2021";"13:50";"1";"10";"10387";"2";"9";"1";"6";"JACQUIN (RUE)";"48,3044400000";"4,0840400000"
"202100038203";"26";"05";"2021";"14:30";"1";"06";"06027";"2";"1";"1";"2";"CANNES AVENUE DE (RN7)";"43,6546900000";"7,1498250000"
"202100038204";"26";"05";"2021";"11:15";"1";"06";"06027";"2";"1";"1";"2";"VERDUN AVENUE DE";"43,6658700000";"7,1427500000"
"202100038205";"25";"05";"2021";"20:25";"1";"05";"05061";"1";"1";"1";"3";"RN 85";"44,5953300000";"6,0807100000"
"202100038206";"25";"05";"2021";"14:34";"1";"05";"05061";"2";"1";"1";"2";"METIERS ( RUE DES )";"44,5635900000";"6,0956000000"
"202100038207";"25";"05";"2021";"13:00";"1";"05";"05061";"2";"1";"1";"7";"MALCOMBE ( ROUTE DE )";"44,5577900000";"6,0544000000"
"202100038208";"26";"05";"2021";"13:00";"1";"01";"01053";"2";"6";"1";"2";"BAD KREUZNACH  (AVENUE DE - NÂ° PAIRS)";"46,2212700000";"5,2494600000"
"202100038209";"25";"05";"2021";"18:00";"1";"75";"75116";"2";"1";"1";"5";"BD PERIPHERIQUE EXTERIEUR";"48,8363230000";"2,2563960000"
"202100038210";"25";"05";"2021";"14:50";"1";"75";"75120";"2";"1";"1";"3";"BOULEVARD PERIPHERIQUE INTERIEUR NORD  ";"48,8617120000";"2,4136970000"
"202100038211";"25";"05";"2021";"07:09";"1";"75";"75108";"2";"2";"1";"6";"RUE LA BOETIE";"48,8736810000";"2,3145230000"
"202100038212";"26";"05";"2021";"19:30";"1";"75";"75107";"2";"2";"1";"3";"QUAI D ORSAY";"48,8627850000";"2,3134570000"
"202100038213";"26";"05";"2021";"13:35";"1";"75";"75119";"2";"1";"8";"1";"AVENUE JEAN JAURES";"48,8841830000";"2,3755670000"
"202100038214";"26";"05";"2021";"11:20";"1";"75";"75118";"2";"1";"1";"6";"RUE DAMREMONT";"48,8961120000";"2,3381180000"
"202100038215";"26";"05";"2021";"11:20";"1";"75";"75118";"2";"4";"1";"6";"RUE DU POTEAU";"48,8927580000";"2,3438330000"
"202100038216";"26";"05";"2021";"00:15";"5";"75";"75118";"2";"3";"3";"1";"RUE DES POISSONNIERS";"48,8923790000";"2,3522130000"
"202100038217";"25";"05";"2021";"22:30";"5";"75";"75117";"2";"2";"3";"3";"BOULEVARD BERTHIER";"48,8900210000";"2,3038750000"
"202100038218";"26";"05";"2021";"11:10";"1";"75";"75116";"2";"3";"1";"6";"BOULEVARD DE BEAUSEJOUR";"48,8580320000";"2,2725770000"
"202100038219";"26";"05";"2021";"17:05";"1";"75";"75115";"2";"3";"2";"6";"VILLA DES ENTREPRENEURS";"48,8462600000";"2,2864840000"
"202100038220";"25";"05";"2021";"10:50";"1";"75";"75115";"2";"3";"1";"7";"RUE LEBLANC";"48,8363860000";"2,2805560000"
"202100038221";"25";"05";"2021";"10:12";"1";"75";"75114";"2";"4";"8";"1";"RUE ALAIN";"48,8359980000";"2,3153190000"
"202100038222";"26";"05";"2021";"10:45";"1";"75";"75112";"2";"1";"1";"7";"BOULEVARD PONIATOWSKI";"48,8321350000";"2,3983930000"
"202100038223";"26";"05";"2021";"12:45";"1";"75";"75111";"2";"7";"1";"3";"PLACE DE LA BASTILLE";"48,8533100000";"2,3702660000"
"202100038224";"25";"05";"2021";"23:40";"5";"75";"75111";"2";"7";"2";"3";"BOULEVARD DE MENILMONTANT";"48,8628680000";"2,3872830000"
"202100038225";"26";"05";"2021";"21:30";"2";"75";"75110";"2";"3";"1";"3";"RUE DE LANCRY";"48,8726660000";"2,3633950000"
"202100038226";"25";"05";"2021";"21:20";"5";"75";"75108";"2";"5";"2";"3";"BOULEVARD DE COURCELLES";"48,8791430000";"2,3031430000"
"202100038227";"26";"05";"2021";"08:20";"1";"75";"75103";"2";"4";"8";"1";"PLACE DE LA REPUBLIQUE";"48,8679450000";"2,3623610000"
"202100038228";"25";"05";"2021";"22:00";"5";"75";"75101";"2";"2";"2";"2";"BOULEVARD DE SEBASTOPOL";"48,8600730000";"2,3490870000"
"202100038229";"26";"05";"2021";"16:40";"1";"94";"94081";"2";"1";"2";"4";"LUCIEN FRANCAIS (AV)";"48,7856600000";"2,3878000000"
"202100038230";"25";"05";"2021";"14:05";"1";"94";"94034";"2";"1";"2";"2";"STALINGRAD (AV DE)";"48,7621790000";"2,3331510000"
"202100038231";"26";"05";"2021";"18:30";"1";"94";"94054";"2";"2";"1";"3";"SAULES (VOI DES)";"48,7476100000";"2,4178100000"
"202100038232";"26";"05";"2021";"13:48";"1";"94";"94022";"2";"1";"1";"4";"Avenue de Newburn";"48,7548900000";"2,4115700000"
"202100038233";"26";"05";"2021";"19:45";"1";"94";"94053";"2";"9";"8";"3";"GRANDE RUE PIERRE MENDES-FRANCE (R)";"48,7753900000";"2,5482600000"
"202100038234";"26";"05";"2021";"18:45";"1";"93";"93078";"2";"1";"1";"2";"Avenue Roger Salengro";"48,9534750000";"2,5394540000"
"202100038235";"26";"05";"2021";"21:15";"1";"93";"93066";"2";"2";"1";"3";"Rue Henri Barbusse / Rue dâArnouville";"48,9405380000";"2,3718850000"
"202100038236";"24";"05";"2021";"17:30";"1";"93";"93066";"2";"1";"1";"3";"Boulevard Jules Guesde";"48,9377020000";"2,3503520000"
"202100038237";"26";"05";"2021";"16:40";"1";"93";"93029";"2";"1";"1";"6";"Rue Gutenberg";"48,9226800000";"2,4306200000"
"202100038238";"26";"05";"2021";"11:50";"1";"93";"93027";"2";"9";"1";"3";"Avenue Roger Salengro";"48,9412200000";"2,3874400000"
"202100038239";"26";"05";"2021";"14:00";"1";"92";"92064";"2";"1";"1";"3";"CARNOT";"48,8422516106";"2,2228327701"
"202100038240";"25";"05";"2021";"14:15";"1";"92";"92050";"2";"1";"1";"3";"GARCHES RUE DE";"48,8780601385";"2,2050662526"
"202100038241";"26";"05";"2021";"11:00";"1";"92";"92026";"2";"6";"1";"6";"JEAN MERMOZ (SQUARE ET PLACE)";"48,9024800000";"2,2749000000"
"202100038242";"26";"05";"2021";"15:05";"1";"92";"92024";"2";"1";"1";"6";"GENERAL LECLERC (RUE DU) DE (81 A 109)  ";"48,9076200000";"2,3082500000"
"202100038243";"26";"05";"2021";"09:20";"1";"92";"92060";"2";"8";"1";"6";"EDOUARD HERRIOT (AVENUE) RD60";"48,7823242932";"2,2581946850"
"202100038244";"26";"05";"2021";"01:10";"3";"51";"51134";"2";"1";"2";"7";"Grande Rue";"48,6814112439";"4,5477586744"
"202100038245";"25";"05";"2021";"17:35";"1";"16";"16207";"1";"1";"1";"6";"Ld La BretaudiÃ¨re";"45,8591800000";" -0,0032510000"
"202100038246";"12";"05";"2021";"10:15";"1";"84";"84126";"1";"1";"1";"7";"D977";"44,2269330000";"5,0114090000"
"202100038247";"27";"05";"2021";"11:00";"1";"83";"83023";"1";"1";"1";"6";"autoroute A8 pk 76+200";"43,4192236431";"6,0911462136"
"202100038248";"27";"05";"2021";"11:00";"1";"62";"62699";"1";"2";"1";"3";"rue de gravelines";"50,8303370000";"2,0774140000"
"202100038249";"27";"05";"2021";"08:40";"1";"63";"63004";"2";"1";"1";"6";"Route des Fades";"45,9282286394";"2,8064175553"
"202100038250";"26";"05";"2021";"18:30";"1";"74";"74076";"2";"4";"1";"1";"Chemin de Buaz";"45,9957300000";"6,0407560000"
"202100038251";"27";"05";"2021";"13:45";"1";"19";"19250";"1";"1";"1";"1";"Autoroute A20 - PK 231+425";"45,4696517050";"1,5187845996"
"202100038252";"27";"05";"2021";"08:25";"1";"974";"97410";"2";"1";"1";"2";"151 Chemin Camalon";" -21,0520620000";"55,6976370000"
"202100038253";"26";"05";"2021";"13:35";"1";"34";"34270";"1";"3";"1";"2";"Route de Montpellier";"43,5834690000";"3,8463310000"
"202100038254";"27";"05";"2021";"11:15";"1";"51";"51535";"2";"1";"1";"7";"Rue Paul Doumer";"48,7222080000";"3,7230650000"
"202100038255";"27";"05";"2021";"07:20";"1";"74";"74065";"2";"3";"1";"6";"307 route de saint jean";"46,0360030000";"5,9554480000"
"202100038256";"26";"05";"2021";"21:30";"3";"76";"76050";"1";"1";"1";"6";"Rue de lâEtang";"49,8571107341";"0,9553835582"
"202100038257";"27";"05";"2021";"19:05";"1";"79";"79178";"2";"1";"1";"1";"Rue de la Foucherie";"46,9501670000";" -0,1950610000"
"202100038258";"13";"05";"2021";"15:30";"1";"2B";"2B251";"1";"3";"1";"3";"RT 10";"41,9808180000";"9,4002040000"
"202100038259";"27";"05";"2021";"13:10";"1";"2B";"2B346";"1";"1";"1";"6";"Torra";"42,5171610000";"9,4660360000"
"202100038260";"26";"05";"2021";"10:45";"1";"65";"65447";"2";"3";"1";"3";"Rue Lestrade";"43,1843510000";"0,2427770000"
"202100038261";"22";"05";"2021";"22:01";"3";"61";"61339";"1";"1";"1";"6";"D15";"48,7555380000";" -0,2681350000"
"202100038262";"25";"05";"2021";"13:57";"1";"22";"22164";"1";"3";"1";"1";"Lieu dit Les fontaines";"48,5900410000";" -3,2921570000"
"202100038263";"24";"05";"2021";"13:30";"1";"22";"22236";"2";"1";"3";"7";"Rue de la Vieille Fontaine";"48,6641570000";" -2,9850370000"
"202100038264";"26";"05";"2021";"17:10";"1";"44";"44212";"1";"1";"1";"1";"D116";"47,1659970000";" -1,2521840000"
"202100038265";"27";"05";"2021";"07:40";"1";"31";"31293";"1";"1";"1";"2";"D820";"43,7170200000";"1,3866060000"
"202100038266";"27";"05";"2021";"12:45";"1";"15";"15113";"1";"1";"1";"1";"D17";"45,0974280000";"2,6868010000"
"202100038267";"27";"05";"2021";"13:05";"1";"70";"70168";"1";"1";"1";"5";"D10";"47,8050300000";"6,2051900000"
"202100038268";"23";"05";"2021";"14:50";"1";"72";"72199";"1";"1";"1";"3";"D39";"48,2485100000";"0,0681600000"
"202100038269";"26";"05";"2021";"17:51";"1";"09";"09328";"2";"1";"1";"1";"60 Route des CÃ´tes";"42,7946620000";"1,6896560000"
"202100038270";"26";"05";"2021";"18:50";"1";"45";"45102";"1";"1";"3";"6";"D93";"47,9413810000";"2,7862140000"
"202100038271";"25";"05";"2021";"15:00";"1";"07";"07108";"1";"1";"1";"6";"D 120";"44,9233810000";"4,4004430000"
"202100038272";"23";"05";"2021";"08:00";"1";"40";"40051";"2";"1";"1";"6";"Place du Marsan";"43,8894770000";" -0,3913170000"
"202100038273";"27";"05";"2021";"14:30";"1";"27";"27428";"1";"1";"1";"1";"RD 840";"49,1327670000";"0,9063080000"
"202100038274";"27";"05";"2021";"09:38";"1";"23";"23024";"1";"1";"1";"6";"D17 - Route d'Aubusson";"45,9556770000";"2,1390030000"
"202100038275";"27";"05";"2021";"10:34";"1";"52";"52060";"2";"1";"1";"6";"02 rue Vellonne";"47,9527480000";"5,7474720000"
"202100038276";"25";"05";"2021";"10:50";"1";"973";"97309";"2";"2";"1";"2";"D2";"4,9119850000";" -52,2722520000"
"202100038277";"27";"05";"2021";"01:13";"3";"06";"06088";"1";"1";"1";"7";"A8, bretelle d'accÃ¨s nice-est, chaussÃ©e nord";"43,7338330000";"7,2853840000"
"202100038278";"27";"05";"2021";"17:35";"1";"31";"31506";"2";"3";"1";"3";"Avenue de Gameville";"43,5553670000";"1,5311310000"
"202100038279";"27";"05";"2021";"21:30";"2";"27";"27005";"1";"1";"1";"7";"A13 PK 087+700 vers ROUEN";"49,1701940000";"1,2507680000"
"202100038280";"27";"05";"2021";"12:15";"1";"62";"62427";"1";"1";"1";"7";"A1";"50,3968100000";"2,9824450000"
"202100038281";"25";"05";"2021";"14:40";"1";"987";"98714";"1";"3";"1";"3";"Anau -  la traversiÃ¨re";" -16,5219810000";" -151,7253760000"
"202100038282";"26";"05";"2021";"20:00";"3";"988";"98808";"1";"1";"1";"3";"Lieu-dit NÃ©arico";" -21,2831860000";"165,6348400000"
"202100038283";"25";"05";"2021";"09:35";"1";"972";"97230";"2";"1";"1";"7";"79 Lotissement l'Autre Bord";"14,7402350000";" -60,9497400000"
"202100038284";"25";"05";"2021";"17:00";"1";"18";"18055";"2";"1";"7";"2";"36 Rue de Vierzon";"46,9986400000";"2,1244330000"
"202100038285";"26";"05";"2021";"16:10";"1";"30";"30090";"1";"1";"1";"7";"d155";"44,3764630000";"3,9767070000"
"202100038286";"27";"05";"2021";"13:55";"1";"34";"34199";"2";"3";"1";"3";"Avenue GÃ©nÃ©ral de Gaulle";"43,4531760000";"3,4141680000"
"202100038287";"23";"05";"2021";"16:55";"1";"13";"13022";"1";"1";"1";"1";"route de la gineste";"43,2255370000";"5,5316590000"
"202100038288";"25";"05";"2021";"09:58";"1";"13";"13041";"2";"1";"1";"1";"Avenue Louise Michel";"43,4457840000";"5,4671360000"
"202100038289";"26";"05";"2021";"13:45";"1";"68";"68123";"1";"1";"8";"1";"Route de Rouffach";"48,0025070000";"7,2945790000"
"202100038290";"27";"05";"2021";"10:28";"1";"55";"55351";"1";"1";"8";"3";"D643";"49,5040320000";"5,3848460000"
"202100038291";"27";"05";"2021";"10:25";"1";"55";"55122";"2";"2";"1";"1";"Rue de la Trace";"48,7570858650";"5,5879479647"
"202100038292";"27";"05";"2021";"07:15";"1";"73";"73248";"1";"1";"1";"7";"D1006";"45,2739800000";"6,3629190000"
"202100038293";"26";"05";"2021";"09:14";"1";"01";"01142";"2";"1";"1";"2";"873 Rue de GenÃ¨ve";"45,8506990000";"5,0733920000"