"Num_Acc";"jour";"mois";"an";"hrmn";"lum";"dep";"com";"agg";"int";"atm";"col";"adr";"lat";"long"
"202100038294";"22";"05";"2021";"14:10";"1";"69";"69110";"1";"1";"1";"5";"D663";"45,5813520000";"4,5257020000"
"202100038295";"27";"05";"2021";"15:55";"1";"81";"81105";"2";"1";"1";"3";"Place du Jourdain";"43,7619490000";"1,9894130000"
"202100038296";"26";"05";"2021";"14:45";"1";"33";"33436";"1";"3";"1";"3";"D651";"44,5213870000";" -0,6268640000"
"202100038297";"26";"05";"2021";"17:30";"1";"61";"61074";"2";"2";"2";"3";"Voie Ã  la Dame";"48,5679570000";" -0,1504400000"
"202100038298";"19";"05";"2021";"10:30";"1";"22";"22161";"2";"1";"1";"3";"Rue de l Armor";"48,5655960000";" -3,1450400000"
"202100038299";"27";"05";"2021";"09:00";"1";"59";"59449";"2";"1";"1";"3";"Rue Claude Jean";"50,4706750000";"3,2481930000"
"202100038300";"22";"05";"2021";"08:20";"1";"13";"13088";"1";"1";"1";"7";"A55-Sens Martigues vers Marseille";"43,3799192345";"5,2192959982"
"202100038301";"23";"05";"2021";"18:20";"1";"13";"13202";"1";"1";"1";"4";"TVPCD-Sens Les Ports vers Saint Victor";"43,3012163028";"5,3642228888"
"202100038302";"23";"05";"2021";"17:10";"1";"13";"13215";"1";"1";"1";"4";"A7-Sens Lyon vers Marseille";"43,3578200000";"5,3628000000"
"202100038303";"23";"05";"2021";"16:50";"1";"13";"13202";"1";"1";"1";"2";"TVPCM-Sens Saint Victor vers Les Ports";"43,3131400000";"5,3681600000"
"202100038304";"26";"05";"2021";"16:55";"1";"33";"33192";"1";"1";"1";"4";"N/A";"44,7894030000";" -0,6043340000"
"202100038305";"25";"05";"2021";"07:40";"1";"59";"59183";"1";"1";"1";"5";"AUTOROUTE A16";"51,0125190000";"2,3567100000"
"202100038306";"18";"05";"2021";"17:00";"1";"59";"59343";"1";"1";"1";"2";"AUTOROUTE A1";"50,5875320000";"3,0945050000"
"202100038307";"26";"05";"2021";"08:50";"1";"94";"94034";"1";"1";"1";"5";"AUTOROUTE A86";"48,7602700000";"2,3204500000"
"202100038308";"26";"05";"2021";"11:00";"1";"95";"95151";"1";"1";"1";"2";"RN 104";"49,0637000000";"2,2680000000"
"202100038309";"26";"05";"2021";"06:30";"1";"95";"95527";"1";"1";"2";"3";" A1";"49,0020700000";"2,5237400000"
"202100038310";"25";"05";"2021";"18:40";"1";"75";"75113";"2";"1";"1";"6";"AVENUE D ITALIE";"48,8198340000";"2,3592580000"
"202100038311";"25";"05";"2021";"06:30";"1";"974";"97416";"2";"1";"1";" -1";"PASTEUR (RUE)";" -21,2826830759";"55,4727965299"
"202100038312";"19";"05";"2021";"19:35";"1";"34";"34003";"2";"1";"1";"6";"GENERAL DE GAULLE (AVENUE DU)";"43,3122600000";"3,4750000000"
"202100038313";"25";"05";"2021";"15:30";"1";"13";"13201";"2";"1";"1";"3";"ROME (RUE DE)        1 A 71A";"43,2931800000";"5,3796500000"
"202100038314";"10";"02";"2021";"16:50";"1";"43";"43041";"2";"1";"2";"6";"60 Avenue Charles Dupuy";"45,0497200000";"3,9179700000"
"202100038315";"25";"05";"2021";"07:30";"1";"974";"97411";"1";"1";"1";"3";"LITTORAL (ROUTE 1 DU)";" -20,8754400000";"55,4303100000"
"202100038316";"25";"05";"2021";"19:45";"5";"973";"97302";"2";"1";"1";"1";"MADELEINE (ROUTE DE LA)";"4,9196015577";" -52,3218114826"
"202100038317";"25";"05";"2021";"21:05";"5";"69";"69388";"2";"2";"1";"3";"SAINT MAURICE (R)";"45,7406800000";"4,8663200000"
"202100038318";"25";"05";"2021";"15:45";"1";"69";"69386";"2";"2";"1";"3";"BOSSUET (R)";"45,7675500000";"4,8475300000"
"202100038319";"25";"05";"2021";"11:50";"1";"69";"69387";"2";"1";"1";"6";"GAMBETTA (CR)";"45,7512600361";"4,8545756936"
"202100038320";"25";"05";"2021";"09:10";"1";"69";"69387";"2";"2";"1";"3";"SEBASTIEN GRYPHE (R)";"45,7508300000";"4,8424600000"
"202100038321";"25";"05";"2021";"02:50";"5";"972";"97213";"1";"1";"1";"6";"VIEUX CHEMIN CALIFORNIE (RUE DU)";"14,6211050000";" -61,0285810000"
"202100038322";"25";"05";"2021";"07:00";"1";"972";"97209";"1";"1";"1";"6";"RAVINE VILAINE (CHEMIN DEPARTEMENTAL DE)";"14,6311055419";" -61,0598230362"
"202100038323";"25";"05";"2021";"20:10";"1";"69";"69382";"2";"3";"1";"6";"CELESTINS (DES) (Q)";"45,7600457973";"4,8305218569"
"202100038324";"25";"05";"2021";"20:30";"1";"69";"69149";"2";"1";"1";"6";"GRANDE RUE                          (GR)";"45,7197861584";"4,7998050113"
"202100038325";"25";"05";"2021";"16:20";"1";"69";"69034";"2";"1";"1";"3";"JOSEPH PICOT (VIADUC)                     ";"45,7910100000";"4,8710000000"
"202100038326";"25";"05";"2021";"17:45";"1";"2B";"2B033";"2";"1";"1";"4";"TUNNEL";"42,6970000000";"9,4527200000"
"202100038327";"24";"05";"2021";"12:04";"1";"971";"97101";"1";"1";"1";"1";"DE LA BALANCE (CHEMIN)";"16,2909000000";" -61,4917700000"
"202100038328";"25";"05";"2021";"12:18";"1";"87";"87085";"2";"1";"3";"2";"CHENIEUX (RUE FRANCOIS)";"45,8342700000";"1,2557900000"
"202100038329";"22";"05";"2021";"18:25";"1";"87";"87085";"2";"3";"1";"7";"BUISSON (RUE FERDINAND)";"45,8245400000";"1,2549700000"
"202100038330";"24";"05";"2021";"18:09";"1";"87";"87085";"2";"2";"3";"3";"PERRIN (RUE FRANCOIS)";"45,8272800000";"1,2395300000"
"202100038331";"24";"05";"2021";"18:30";"1";"85";"85194";"2";"1";"1";"3";"RUE LOUIS BRAILLE";"46,5041900000";" -1,7870300000"
"202100038332";"25";"05";"2021";"07:15";"1";"83";"83137";"2";"1";"7";"6";"FARON (BD DU)";"43,1364800000";"5,9223600000"
"202100038333";"21";"05";"2021";"06:04";"1";"74";"74012";"2";"6";"1";"1";"LECLERC (AVENUE DU MARECHAL)";"46,1896300000";"6,2492900000"
"202100038334";"6";"05";"2021";"19:15";"1";"74";"74008";"2";"3";"1";"3";"RAVIER (RUE)";"46,2006200000";"6,2305000000"
"202100038335";"23";"05";"2021";"11:50";"1";"67";"67482";"2";"3";"8";"3";"EDMOND ROSTAND (RUE)";"48,5919600000";"7,6929500000"
"202100038336";"21";"05";"2021";"12:00";"1";"67";"67482";"2";"3";"8";"1";"CORPS DE GARDE (RUE DES)";"48,5603500000";"7,7743500000"
"202100038337";"22";"05";"2021";"18:05";"1";"66";"66136";"2";"1";"1";"3";"NUNGESSER-ET-COLI (BOULEVARD)";"42,6815900000";"2,8931700000"
"202100038338";"21";"05";"2021";"22:38";"5";"66";"66136";"2";"1";"1";"3";"DALBIEZ (AVENUE VICTOR)";"42,6895600000";"2,8844800000"
"202100038339";"21";"05";"2021";"18:10";"1";"66";"66136";"2";"3";"1";"3";"PANCHOT (AVENUE JULIEN)";"42,6901200000";"2,8797300000"
"202100038340";"21";"05";"2021";"13:16";"1";"66";"66136";"2";"2";"1";"3";"AERODROME AVENUE DE L'(CD117)";"42,7219200000";"2,8851200000"
"202100038341";"25";"05";"2021";"09:17";"1";"65";"65440";"2";"6";"1";"6";"PAUL (BOULEVARD JEAN RAOUL)";"43,2283500000";"0,0887760000"
"202100038342";"25";"05";"2021";"17:15";"1";"64";"64545";"2";"1";"1";"2";"RD810";"43,3747700000";" -1,6786000000"
"202100038343";"22";"05";"2021";"20:00";"1";"64";"64125";"2";"1";"1";"7";"Impasse Hego Alde";"43,4414648365";" -1,5728420019"
"202100038344";"22";"05";"2021";"15:12";"1";"63";"63113";"2";"2";"1";"3";"LAVOISIERS (BD)";"45,7861400000";"3,0799100000"
"202100038345";"21";"05";"2021";"13:05";"1";"63";"63113";"2";"1";"1";"3";"LIONDARDS (RUE DES)";"45,7642030717";"3,0920617278"
"202100038346";"24";"05";"2021";"16:23";"1";"63";"63113";"2";"2";"1";"3";"Union SoviÃ©tique / Michelin";"45,7812900000";"3,1043200000"
"202100038347";"24";"05";"2021";"21:50";"2";"63";"63113";"2";"2";"1";"3";"BLATIN/ Bonnabaud";"45,7768300000";"3,0786800000"
"202100038348";"25";"05";"2021";"17:35";"1";"59";"59599";"2";"2";"2";"6";"BLANCHE PORTE (RUE DE LA)";"50,7180570000";"3,1544540000"
"202100038349";"25";"05";"2021";"08:00";"1";"59";"59512";"2";"1";"1";"6";"LANNOY (RUE)";"50,6834850000";"3,1921780000"
"202100038350";"16";"05";"2021";"16:45";"1";"57";"57631";"2";"1";"1";"3";"GENERAUX CREMER (RUE)";"49,1100528000";"7,0644656000"
"202100038351";"24";"05";"2021";"20:10";"1";"56";"56121";"2";"1";"1";"6";"HELIAS (RUE  PER JAKEZ )";"47,7345300000";" -3,3797200000"
"202100038352";"22";"05";"2021";"08:10";"1";"56";"56098";"2";"1";"2";"6";"HO CHI MINH ( AV. )";"47,7730800000";" -3,3347800000"
"202100038353";"21";"05";"2021";"20:38";"1";"56";"56121";"2";"1";"1";"6";"DE GAULLE ( AVE DU GENERAL )";"47,7402100000";" -3,3765200000"
"202100038354";"21";"05";"2021";"20:13";"1";"56";"56083";"1";"1";"1";"6";"MORBOULOT (RUE  DU )";"47,8260800000";" -3,2426800000"
"202100038355";"21";"05";"2021";"11:00";"1";"54";"54261";"2";"1";"1";"1";"CONCORDE (RUE DE LA)";"49,5228000000";"5,7933000000"
"202100038356";"21";"05";"2021";"18:00";"1";"52";"52121";"2";"1";"1";"3";"REPUBLIQUE (AVENUE)";"48,1018800000";"5,1447200000"
"202100038357";"24";"05";"2021";"19:20";"1";"50";"50129";"2";"1";"2";"6";"SAINT SAUVEUR (RUE)";"49,6321200000";" -1,6274200000"
"202100038358";"26";"05";"2021";"00:30";"5";"45";"45234";"2";"1";"2";"6";"Rue de la Bretonnerie";"47,9061500000";"1,9027000000"
"202100038359";"25";"05";"2021";"09:40";"1";"45";"45208";"2";"2";"1";"1";"Boulevard John Kennedy";"47,9956730000";"2,7203350000"
"202100038360";"25";"05";"2021";"23:30";"5";"44";"44143";"2";"1";"1";"3";"AVENUE DE LA LIBERATION";"47,1930860000";" -1,5467720000"
"202100038361";"25";"05";"2021";"14:10";"1";"44";"44162";"1";"1";"1";"2";"PERIPHERIQUE";"47,2173300000";" -1,6245300000"
"202100038362";"25";"05";"2021";"21:07";"5";"42";"42044";"2";"3";"1";"6";"Rue Paul Langevin";"45,3926989614";"4,3216829002"
"202100038363";"19";"05";"2021";"15:30";"1";"40";"40279";"1";"1";"1";"6";"CASTETS (ROUTE DE)";"43,7746600000";" -1,0682500000"
"202100038364";"23";"05";"2021";"20:20";"1";"38";"38185";"2";"3";"1";"6";"Avenue Washington";"45,1814600000";"5,7465500000"
"202100038365";"25";"05";"2021";"07:30";"1";"37";"37261";"2";"1";"1";"2";"DEVILDE (RUE)";"47,4051196643";"0,6932203212"
"202100038366";"24";"05";"2021";"08:30";"1";"37";"37261";"2";"1";"1";"6";"STENDHAL (AVENUE)";"47,3684907762";"0,7086280698"
"202100038367";"25";"05";"2021";"12:20";"1";"35";"35238";"2";"3";"1";"2";"GUEHENNO (JEAN)";"48,1173460000";" -1,6738190000"
"202100038368";"25";"05";"2021";"08:30";"1";"35";"35055";"2";"1";"1";"3";"BREILLOU (RUE DU)";"48,0980300000";" -1,6208100000"
"202100038369";"24";"05";"2021";"20:03";"1";"34";"34172";"2";"2";"1";"3";"ALCO (RUE D')";"43,6179500000";"3,8394900000"
"202100038370";"23";"01";"2021";"14:00";"1";"34";"34003";"2";"2";"1";"3";"Boulevard Georges Pompidou";"43,3084200000";"3,4762300000"
"202100038371";"25";"05";"2021";"15:00";"1";"33";"33318";"2";"3";"1";"3";"Avenue Pasteur";"44,8024900000";" -0,6445900000"
"202100038372";"25";"05";"2021";"10:50";"1";"33";"33063";"1";"3";"1";"2";"Avenue de Labarde";"44,9068121370";" -0,5557611401"
"202100038373";"25";"05";"2021";"16:05";"1";"33";"33009";"2";"2";"1";"6";"Rue Alfred Dejean";"44,6570800000";" -1,1549800000"
"202100038374";"25";"05";"2021";"14:15";"1";"33";"33529";"2";"1";"1";"6";"23 Avenue des Dunes";"44,6024470000";" -1,2045380000"
"202100038375";"25";"05";"2021";"11:40";"1";"31";"31555";"2";"1";"1";"6";"CASTRES (AV DE) DU 58AU 275";"43,5951600000";"1,4873000000"
"202100038376";"25";"05";"2021";"10:40";"1";"31";"31555";"2";"1";"1";"6";"ESPAGNE (RTE D) DU 2AU 403";"43,5753300000";"1,4240900000"
"202100038377";"19";"05";"2021";"11:48";"1";"31";"31149";"2";"1";"1";"1";"CORNEBARRIEU (ROUTE DE)";"43,6272700000";"1,3315000000"
"202100038378";"25";"05";"2021";"09:50";"1";"29";"29232";"2";"1";"1";"6";"Avenue de la Liberation";"47,9911700000";" -4,0748600000"
"202100038379";"25";"05";"2021";"08:06";"1";"29";"29232";"2";"1";"1";"2";"Rue le Dean";"47,9927600000";" -4,0917800000"
"202100038380";"21";"05";"2021";"09:30";"1";"24";"24557";"2";"1";"1";"6";"AUTOMOBILE (AVENUE DE L')";"45,1958600000";"0,7828900000"
"202100038381";"19";"05";"2021";"16:30";"1";"22";"22215";"2";"1";"1";"3";"CHATELETS (RUE DES)";"48,4681340389";" -2,7948188782"
"202100038382";"25";"05";"2021";"16:20";"1";"13";"13208";"1";"1";"1";"3";"PRADO (AVENUE DU)";"43,2700000000";"5,3880000000"
"202100038383";"20";"05";"2021";"15:15";"1";"13";"13206";"2";"2";"1";"6";"JULES CANTINI (AVENUE)";"43,2829810000";"5,3890960000"
"202100038384";"20";"05";"2021";"11:30";"1";"13";"13201";"2";"2";"1";"3";"LIBERTE (BOULEVARD DE LA)";"43,3007183020";"5,3806597613"
"202100038385";"24";"05";"2021";"19:50";"1";"13";"13210";"2";"1";"1";"3";"PIERRE DOIZE  (RUE)";"43,2780000000";"5,4280000000"
"202100038386";"24";"05";"2021";"19:29";"1";"06";"06088";"2";"1";"1";"5";"ANGLAIS (A PARTIR DU NÂ° 351)";"43,6672800000";"7,2162400000"
"202100038387";"25";"05";"2021";"17:05";"1";"06";"06029";"2";"1";"1";"3";"GABRES (PONT DES)";"43,5523120000";"7,0290930000"
"202100038388";"2";"05";"2021";"11:15";"1";"02";"02722";"2";"3";"1";"3";"MAIL ( AVENUE DU )";"49,3878000000";"3,3284100000"
"202100038389";"24";"05";"2021";"14:10";"1";"01";"01451";"1";"2";"2";"3";"POLLIAT (ROUTE DE ) IMPAIR";"46,2357000000";"5,1832900000"
"202100038390";"25";"05";"2021";"09:50";"1";"75";"75112";"2";"1";"1";"3";"PORTE DOREE";"48,8359170000";"2,4122570000"
"202100038391";"24";"05";"2021";"18:30";"5";"75";"75116";"2";"1";"1";"4";"PORTE DE PASSY";"48,8559600000";"2,2565860000"
"202100038392";"25";"05";"2021";"13:30";"1";"75";"75120";"2";"2";"1";"6";"RUE PELLEPORT";"48,8646850000";"2,4041470000"
"202100038393";"25";"05";"2021";"16:45";"1";"75";"75119";"2";"2";"1";"6";"RUE DE MEAUX";"48,8827950000";"2,3756680000"
"202100038394";"25";"05";"2021";"10:10";"1";"75";"75119";"2";"2";"1";"3";"RUE D AUBERVILLIERS";"48,8952760000";"2,3719400000"
"202100038395";"25";"05";"2021";"15:45";"1";"75";"75118";"2";"7";"1";"6";"BOULEVARD ORNANO";"48,8960030000";"2,3459750000"
"202100038396";"25";"05";"2021";"17:50";"1";"75";"75116";"2";"5";"2";"2";"AVENUE DES NATIONS UNIES";"48,8627510000";"2,2919360000"
"202100038397";"22";"05";"2021";"18:42";"1";"75";"75116";"2";"3";"2";"3";"AVENUE FOCH";"48,8726820000";"2,2845750000"
"202100038398";"25";"05";"2021";"15:35";"1";"75";"75115";"2";"3";"1";"6";"RUE DE VAUGIRARD";"48,8424570000";"2,3110650000"
"202100038399";"25";"05";"2021";"19:20";"1";"75";"75112";"2";"2";"1";"3";"BOULEVARD DIDEROT";"48,8464440000";"2,3789510000"
"202100038400";"25";"05";"2021";"19:15";"1";"75";"75111";"2";"4";"1";"3";"AVENUE DE LA REPUBLIQUE";"48,8665040000";"2,3679990000"
"202100038401";"25";"05";"2021";"20:15";"2";"75";"75109";"2";"7";"1";"6";"BOULEVARD DE CLICHY";"48,8822030000";"2,3377020000"
"202100038402";"25";"05";"2021";"13:05";"1";"75";"75109";"2";"3";"1";"3";"BOULEVARD DE CLICHY";"48,8841000000";"2,3308240000"
"202100038403";"25";"05";"2021";"09:05";"1";"75";"75109";"2";"4";"1";"2";"RUE LA FAYETTE";"48,8756030000";"2,3428340000"
"202100038404";"24";"05";"2021";"19:15";"1";"94";"94081";"2";"3";"1";"3";"ALBERT THOMAS (AV)";"48,7831700000";"2,3939700000"
"202100038405";"25";"05";"2021";"08:15";"1";"94";"94076";"2";"1";"1";"2";"RENE HAMON (R)";"48,7914962156";"2,3615136137"
"202100038406";"25";"05";"2021";"11:40";"1";"94";"94028";"2";"1";"1";"6";"GABIN.(RUE JEAN)";"48,7776100000";"2,4444400000"
"202100038407";"25";"05";"2021";"01:45";"5";"94";"94022";"2";"1";"8";"6";"Avenue Victor Hugo";"48,7706715260";"2,4269614218"
"202100038408";"25";"05";"2021";"20:00";"1";"94";"94004";"2";"1";"1";"1";"ALBERT DRU (R)";"48,7600000000";"2,5100000000"
"202100038409";"25";"05";"2021";"16:00";"1";"93";"93070";"2";"1";"1";"3";"CLE DES CHAMPS";"48,9143562013";"2,3293054104"
"202100038410";"25";"05";"2021";"14:45";"1";"93";"93070";"2";"1";"1";"3";"GABRIEL-PERI (AV)";"48,9061000000";"2,3318100000"
"202100038411";"25";"05";"2021";"07:30";"1";"93";"93066";"2";"3";"7";"1";"CHAUMETTES";"48,9381500000";"2,3522900000"
"202100038412";"25";"05";"2021";"12:30";"1";"93";"93064";"2";"3";"3";"3";"Avenue du GÃ©nÃ©ral de Gaulle / Rue Louise Michel";"48,8783020000";"2,4791430000"
"202100038413";"25";"05";"2021";"21:35";"5";"93";"93045";"2";"1";"2";"1";"Rue de Paris";"48,8800000000";"2,4169400000"
"202100038414";"25";"05";"2021";"00:05";"5";"93";"93010";"2";"1";"2";"2";"MOULIN (AV. JEAN) COTE IMPAIRS";"48,9124550000";"2,4790340000"
"202100038415";"25";"05";"2021";"14:28";"1";"92";"92064";"2";"1";"8";"7";"DAILLY";"48,8429100000";"2,2209300000"
"202100038416";"23";"05";"2021";"17:45";"1";"92";"92063";"2";"1";"1";"6";"GALLIENI (RUE)";"48,8736552210";"2,2014840692"
"202100038417";"25";"05";"2021";"20:50";"2";"92";"92062";"2";"1";"2";"7";"PYAT (RUE FELIX)";"48,8897034423";"2,2328851552"
"202100038418";"25";"05";"2021";"06:10";"1";"92";"92062";"2";"2";"1";"7";"PARMENTIER (RUE)";"48,8778650263";"2,2398604453"
"202100038419";"25";"05";"2021";"13:45";"1";"92";"92044";"2";"1";"1";"6";"ALSACE (RUE) NÂ°19 + ET 20+";"48,8926733654";"2,2980147600"
"202100038420";"24";"05";"2021";"19:40";"1";"92";"92036";"2";"4";"1";"3";"FELICIE (RUE)";"48,9327323028";"2,2970022261"
"202100038421";"21";"05";"2021";"09:00";"1";"92";"92026";"2";"3";"1";"3";"STRASBOURG";"48,8908900000";"2,2476700000"
"202100038422";"25";"05";"2021";"17:03";"1";"92";"92024";"2";"3";"1";"3";"MARTRE (RUE) DE (1 A 41)";"48,8991400000";"2,3096900000"
"202100038423";"25";"05";"2021";"20:20";"1";"92";"92023";"2";"1";"8";"6";"GARDE (PLACE DU) S102";"48,8031900000";"2,2572000000"
"202100038424";"25";"05";"2021";"10:05";"1";"92";"92004";"2";"1";"1";"6";"THIERS";"48,9252882253";"2,2778898508"
"202100038425";"25";"03";"2021";"00:00";"3";"85";"85209";"1";"1";"1";"7";"A83 PK80";"46,5178100000";" -1,0413200000"
"202100038426";"26";"05";"2021";"14:45";"1";"02";"02009";"1";"9";"1";"2";"autoroute";"49,7695930000";"3,3534130000"
"202100038427";"25";"05";"2021";"20:45";"2";"95";"95445";"1";"1";"3";"6";"RN184";"49,0972520000";"2,2627030000"
"202100038428";"25";"05";"2021";"14:45";"1";"40";"40296";"1";"1";"1";"1";"Route de Vieux Boucau";"43,7085550000";" -1,4174510000"
"202100038429";"25";"05";"2021";"10:05";"1";"26";"26166";"1";"1";"1";"4";"AUTOROUTE DU SOLEIL";"44,7547950000";"4,7927000000"
"202100038430";"26";"05";"2021";"17:10";"1";"87";"87133";"1";"1";"1";"2";"GuÃ©ret - MontluÃ§on (Embranchement d'autoroute)";"46,1972110000";"1,3823680000"
"202100038431";"26";"05";"2021";"08:10";"1";"76";"76062";"2";"1";"1";"1";"300 Rue de la Mare";"49,6584050000";"1,2119990000"
"202100038432";"23";"05";"2021";"11:00";"1";"2A";"2A085";"1";"1";"1";"2";"RT 40";"41,9186130000";"8,8885780000"
"202100038433";"25";"05";"2021";"17:55";"1";"2B";"2B123";"1";"1";"1";"1";"2115 Avenue du 9 Septembre";"42,0260690000";"9,4131160000"
"202100038434";"25";"05";"2021";"14:20";"1";"61";"61230";"2";"7";"1";"6";"Place de l'HÃ´tel de Ville";"48,5312360000";"0,7522720000"
"202100038435";"8";"05";"2021";"23:18";"3";"46";"46033";"1";"1";"1";"6";"Taxie Bas (Fargues)";"44,4115220000";"1,1774200000"
"202100038436";"26";"05";"2021";"05:40";"5";"47";"47195";"2";"1";"1";"6";"Place du GÃ©nÃ©ral Leclerc";"44,1354520000";"0,3368320000"
"202100038437";"25";"05";"2021";"20:20";"1";"34";"34241";"1";"1";"1";"6";"D131";"43,6055870000";"3,5476010000"
"202100038438";"26";"05";"2021";"16:30";"1";"34";"34028";"2";"1";"1";"6";"66 route de saint pons";"43,6042460000";"3,1475560000"
"202100038439";"23";"05";"2021";"11:15";"1";"44";"44087";"1";"1";"1";"2";"Boulevard de l'Atlantique";"46,9961340000";" -1,8096330000"
"202100038440";"25";"05";"2021";"20:30";"1";"31";"31341";"2";"1";"1";"6";"1000 Route de Daux";"43,7132670000";"1,2850770000"
"202100038441";"25";"05";"2021";"20:45";"1";"31";"31561";"2";"1";"1";"3";"41 Route de BessiÃ¨res";"43,6612300000";"1,4705300000"
"202100038442";"26";"05";"2021";"13:45";"1";"38";"38384";"1";"2";"1";"3";"D518";"45,3427430000";"5,3334060000"
"202100038443";"26";"05";"2021";"08:20";"1";"02";"02010";"1";"1";"2";"2";"RN2 PK 42+500";"49,4523150000";"3,4749840000"
"202100038444";"25";"05";"2021";"08:55";"1";"02";"02814";"2";"1";"2";"3";"105 Rue Henri Richet";"49,9194700000";"3,6771310000"
"202100038445";"26";"05";"2021";"12:45";"1";"72";"72080";"1";"1";"2";"5";"dÃ©partementale 7";"48,1753730000";"0,6783520000"
"202100038446";"25";"05";"2021";"16:30";"1";"06";"06148";"1";"1";"1";"7";"Route de Grasse";"43,7111420000";"6,9976850000"
"202100038447";"24";"05";"2021";"21:30";"2";"83";"83007";"1";"1";"1";"3";"Route de Moissac";"43,6379760000";"6,2041490000"
"202100038448";"26";"05";"2021";"17:25";"1";"73";"73164";"1";"1";"1";"7";"D913";"45,6960790000";"6,0116670000"
"202100038449";"20";"05";"2021";"04:00";"3";"18";"18134";"1";"1";"2";"7";"D918";"47,1359910000";"2,0544700000"
"202100038450";"26";"05";"2021";"09:20";"1";"10";"10268";"1";"9";"1";"6";"Nogent-sur-Seine";"48,4931180000";"3,4735250000"
"202100038451";"25";"05";"2021";"18:30";"1";"07";"07007";"1";"1";"1";"1";"Route de Saint Peray";"44,9230510000";"4,7263100000"
"202100038452";"24";"05";"2021";"16:00";"1";"24";"24133";"1";"1";"3";"3";"Rue Dolet Blanchou";"45,5486940000";"0,9905930000"
"202100038453";"23";"05";"2021";"21:30";"2";"24";"24259";"1";"1";"1";"6";"La Pouge";"44,9454730000";"0,4692870000"
"202100038454";"24";"05";"2021";"07:40";"2";"28";"28280";"2";"1";"2";"1";"Place du 11 Aout";"48,3222490000";"0,8170120000"
"202100038455";"26";"05";"2021";"09:15";"1";"17";"17367";"1";"2";"1";"3";"D121";"45,9501650000";" -0,3415200000"
"202100038456";"22";"05";"2021";"16:45";"1";"17";"17140";"1";"9";"1";"2";"Avenue de la Grande Baie";"45,9012458737";" -1,2948846816"
"202100038457";"26";"05";"2021";"05:11";"3";"63";"63311";"1";"9";"1";"6";"A 71-aire des volcans auvergne";"46,0577770000";"3,1171560000"
"202100038458";"11";"05";"2021";"19:30";"1";"13";"13009";"1";"1";"1";"7";"D572";"43,6231530000";"5,2050300000"
"202100038459";"25";"05";"2021";"08:00";"1";"13";"13037";"1";"1";"1";"3";"Rn 113";"43,5481520000";"5,1828970000"
"202100038460";"22";"05";"2021";"18:00";"1";"06";"06088";"1";"1";"1";"1";"autoroute A8 , bretelle de sortie sud , NICE-Est, NÂ°55,PK200+129";"43,7332380000";"7,2853570000"
"202100038461";"26";"05";"2021";"18:53";"1";"78";"78557";"1";"1";"8";"6";"61 Route de Rambouillet";"48,6170290000";"1,7292210000"
"202100038462";"26";"05";"2021";"08:30";"1";"2B";"2B205";"1";"1";"1";"2";"Patrimonio";"42,6983180000";"9,3573900000"
"202100038463";"25";"05";"2021";"12:20";"1";"2B";"2B042";"2";"6";"7";" -1";"Route de la gare";"42,5623090000";"9,4413620000"
"202100038464";"25";"05";"2021";"16:30";"1";"34";"34240";"1";"2";"1";"3";"Route Departementale 112";"43,6427880000";"3,9899640000"
"202100038465";"26";"05";"2021";"16:45";"1";"83";"83115";"1";"1";"1";"1";"Av du Croiseur Leger le Malin";"43,3225375669";"6,6639910444"
"202100038466";"26";"05";"2021";"04:45";"3";"13";"13089";"1";"1";"1";"1";"D29";"43,8315390000";"4,9656270000"
"202100038467";"21";"05";"2021";"16:30";"1";"13";"13041";"2";"2";"1";"3";"D46a";"43,4594650000";"5,4893610000"
"202100038468";"26";"05";"2021";"17:00";"1";"74";"74262";"2";"1";"1";"2";"1402 Rte de Bidaille";"46,1141111000";"6,3032340000"
"202100038469";"25";"05";"2021";"16:35";"1";"01";"01313";"2";"1";"8";"6";"195 Route des Marlis";"46,2582580000";"6,0763510000"
"202100038470";"23";"05";"2021";"18:20";"1";"69";"69013";"1";"1";"1";"2";"D306";"46,0312774389";"4,7175848889"
"202100038471";"25";"05";"2021";"11:10";"1";"31";"31395";"2";"1";"1";"6";"1 AllÃ©es Niel";"43,4591080000";"1,3261620000"
"202100038472";"26";"05";"2021";"08:05";"1";"16";"16078";"2";"1";"1";"6";"Rue de l'Auvent";"45,6942330000";"0,1857530000"
"202100038473";"25";"05";"2021";"23:30";"3";"33";"33417";"1";"1";"1";"7";"Route des Tronquats";"44,9627070000";" -0,9034060000"
"202100038474";"26";"05";"2021";"08:18";"1";"33";"33051";"2";"1";"8";"1";"Rue Jean JaurÃ¨s";"44,6401890000";" -0,9713800000"
"202100038475";"24";"05";"2021";"21:15";"2";"61";"61203";"1";"1";"2";"6";"Chemin des Loges";"48,4131520000";"0,0313930000"
"202100038476";"26";"05";"2021";"14:45";"1";"50";"50485";"2";"6";"1";"6";"Rue de la Mare";"49,3026100000";" -1,2312240000"
"202100038477";"26";"05";"2021";"14:45";"1";"14";"14258";"2";"1";"2";"2";"D511";"48,8907336896";" -0,2079650105"
"202100038478";"24";"05";"2021";"12:35";"1";"29";"29161";"1";"1";"6";"2";"Lieu Dit le Cosquellou";"47,9054479460";" -4,0369595161"
"202100038479";"24";"05";"2021";"04:45";"3";"35";"35012";"1";"2";"2";"3";"La Robinais";"47,8282250000";" -1,6276720000"
"202100038480";"26";"05";"2021";"16:30";"1";"60";"60628";"1";"1";"1";"5";"N31";"49,4250580000";"2,1408320000"