"Num_Acc";"jour";"mois";"an";"hrmn";"lum";"dep";"com";"agg";"int";"atm";"col";"adr";"lat";"long"
"202100038481";"23";"05";"2021";"21:15";"2";"62";"62318";"1";"1";"1";"7";"CD 113";"50,5184560000";"1,6708330000"
"202100038482";"26";"05";"2021";"11:15";"1";"62";"62746";"2";"1";"1";"4";"Rue Edmond Madare";"50,6693880000";"1,6353750000"
"202100038483";"25";"05";"2021";"19:00";"1";"13";"13081";"1";"1";"1";"2";"A7-Sens Marseille vers Lyon";"43,4909800000";"5,2402900000"
"202100038484";"25";"05";"2021";"19:30";"1";"13";"13203";"1";"1";"1";"3";"A7-Sens Marseille vers Lyon";"43,3179740000";"5,3773320000"
"202100038485";"25";"05";"2021";"17:20";"1";"13";"13106";"1";"1";"1";"2";"A51-Sens Aix en Provence vers Marseille";"43,3999700000";"5,3537900000"
"202100038486";"25";"05";"2021";"08:30";"1";"13";"13211";"1";"1";"1";"5";"A50-Sens Marseille vers Aubagne";"43,2850110000";"5,4243810000"
"202100038487";"25";"05";"2021";"09:20";"1";"13";"13055";"1";"1";"1";"4";"A507 sens Aubagne- Marseille";"43,3097531994";"5,4247784615"
"202100038488";"24";"05";"2021";"06:54";"1";"13";"13215";"1";"1";"2";"7";"A7-Sens Marseille vers Lyon";"43,3453300000";"5,3743400000"
"202100038489";"20";"05";"2021";"09:52";"1";"54";"54197";"1";"1";"1";"2";"Autoroute A 33";"48,6239600000";"6,1866100000"
"202100038490";"25";"05";"2021";"16:45";"1";"33";"33318";"1";"1";"1";"3";"ROCADE A 630";"44,7887200000";" -0,6250100000"
"202100038491";"24";"05";"2021";"19:30";"1";"94";"94034";"1";"1";"1";"4";"AUTOROUTE A86";"48,7594600000";"2,3234000000"
"202100038492";"24";"05";"2021";"22:20";"3";"92";"92036";"1";"1";"1";"7";"A86";"48,9335373784";"2,2742431993"
"202100038493";"25";"05";"2021";"16:20";"1";"93";"93053";"1";"1";"1";"6";"AUTOROUTE A3";"48,8929272680";"2,4724485870"
"202100038494";"25";"05";"2021";"10:15";"1";"93";"93066";"1";"1";"1";"2";"AUTOROUTE A86";"48,9225600000";"2,3480900000"
"202100038495";"25";"05";"2021";"10:00";"1";"95";"95424";"1";"1";"1";"6";" A15";"48,9941800000";"2,1846300000"
"202100038496";"25";"05";"2021";"06:30";"2";"95";"95572";"1";"1";"1";"6";"RN 184";"49,0410100000";"2,1281900000"
"202100038497";"25";"05";"2021";"07:45";"1";"93";"93027";"1";"1";"2";"4";"AUTOROUTE A86";"48,9273600000";"2,4191900000"
"202100038498";"25";"05";"2021";"06:50";"2";"93";"93005";"1";"1";"1";"6";"AUTOROUTE A104";"48,9620100000";"2,4713900000"
"202100038499";"24";"05";"2021";"18:30";"1";"93";"93078";"1";"1";"8";"6";"AUTOROUTE A104";"48,9607400000";"2,5420600000"
"202100038500";"24";"05";"2021";"10:15";"1";"93";"93027";"1";"1";"8";"6";"BDL";"48,9262300000";"2,4023600000"
"202100038501";"25";"05";"2021";"14:00";"1";"94";"94069";"1";"1";"1";"4";"A4";"48,8174754142";"2,4324596446"
"202100038502";"25";"05";"2021";"10:00";"1";"77";"77373";"1";"1";"1";"7";"RN104";"48,7842000000";"2,6159500000"
"202100038503";"30";"05";"2021";"17:52";"1";"47";"47001";"2";"1";"1";"3";"MONNET (AV. JEAN)";"44,1921600000";"0,6126700000"
"202100038504";"23";"05";"2021";"13:35";"1";"988";"98818";"2";"1";"1";"6";"PROMENADE PIERRE VERNIER";" -22,2904200000";"166,4590300000"
"202100038505";"25";"05";"2021";"00:00";"5";"69";"69387";"2";"2";"8";"3";"PASTEUR (R)";"45,7513200000";"4,8387200000"
"202100038506";"24";"05";"2021";"18:03";"1";"69";"69259";"2";"2";"1";"6";"VIVIANI                             (AV)";"45,7267300000";"4,8625200000"
"202100038507";"21";"05";"2021";"23:20";"5";"972";"97213";"1";"1";"1";"4";"AUTOROUTE A1";"14,6137200000";" -61,0109600000"
"202100038508";"24";"05";"2021";"17:00";"2";"972";"97209";"2";"1";"2";"7";"BALATA (ROUTE DE)";"14,6231800000";" -61,0725500000"
"202100038509";"24";"05";"2021";"15:20";"1";"2B";"2B120";"2";"1";"2";"3";"LAGUNE (Route de la) D107";"42,6547400000";"9,4448300000"
"202100038510";"22";"05";"2021";"19:27";"1";"95";"95585";"2";"1";"1";"6";"MITTERAND (BD FRANCOIS)";"48,9887265427";"2,3773517124"
"202100038511";"24";"05";"2021";"18:30";"1";"83";"83062";"2";"1";"1";"6";"8 MAI 1945 (AVENUE DU)";"43,1207100000";"6,0051500000"
"202100038512";"24";"05";"2021";"11:30";"1";"83";"83137";"2";"2";"1";"3";"PRUNEAU (AVE GENERAL)";"43,1222200000";"5,9555700000"
"202100038513";"24";"05";"2021";"06:35";"2";"83";"83144";"2";"1";"2";"2";"LIBERATION (AVE DE LA)";"43,1425337978";"5,9952724783"
"202100038514";"23";"05";"2021";"09:10";"1";"69";"69256";"2";"1";"8";"4";"GENAS (DE) (RTE)";"45,7484900000";"4,9177800000"
"202100038515";"24";"05";"2021";"16:05";"1";"59";"59332";"2";"2";"2";"3";"CARNOT (PLACE)";"50,6672970000";"3,2111280000"
"202100038516";"24";"05";"2021";"12:34";"1";"44";"44143";"2";"1";"1";"3";"RUE JEAN JAURES";"47,1864900000";" -1,5466500000"
"202100038517";"24";"05";"2021";"19:30";"1";"42";"42031";"1";"1";"1";"1";"Route du Pertuiset";"45,4124786093";"4,2372543812"
"202100038518";"24";"05";"2021";"13:50";"1";"35";"35206";"1";"1";"2";"3";"RN136";"48,0796520000";" -1,6858090000"
"202100038519";"24";"05";"2021";"16:15";"1";"33";"33200";"2";"1";"1";"4";"Rue Jean Mermoz";"44,8637885386";" -0,6654416330"
"202100038520";"24";"05";"2021";"09:30";"1";"27";"27681";"1";"1";"8";"7";"MAGNY (ROUTE DE)";"49,0962000000";"1,5222820000"
"202100038521";"24";"05";"2021";"19:30";"1";"13";"13214";"2";"1";"1";"1";"BD ALPHONSE ALLAIS";"43,3409580000";"5,3834890000"
"202100038522";"24";"05";"2021";"15:30";"1";"13";"13204";"2";"1";"1";"6";"MARÃCHAL FOCH (AVENUE)";"43,3023400000";"5,3969300000"
"202100038523";"24";"05";"2021";"07:15";"1";"12";"12176";"1";"1";"1";"1";"RN88";"44,3734400000";"2,6226000000"
"202100038524";"23";"05";"2021";"21:45";"4";"75";"75119";"2";"1";"1";"3";"PORTE D AUBERVILLIERS";"48,9004790000";"2,3752800000"
"202100038525";"23";"05";"2021";"06:50";"1";"75";"75116";"2";"4";"1";"2";"PORTE DAUPHINE";"48,8736920000";"2,2751130000"
"202100038526";"24";"05";"2021";"16:35";"1";"75";"75116";"2";"3";"3";"2";"AVENUE FOCH";"48,8727210000";"2,2803200000"
"202100038527";"24";"05";"2021";"20:10";"1";"75";"75120";"2";"4";"2";"3";"RUE LOUIS LUMIERE";"48,8630480000";"2,4108410000"
"202100038528";"24";"05";"2021";"14:00";"1";"75";"75116";"2";"3";"2";"3";"AVENUE PAUL DOUMER";"48,8613170000";"2,2841800000"
"202100038529";"24";"05";"2021";"11:30";"1";"75";"75112";"2";"4";"2";"3";"AVENUE DU GENERAL MICHEL BIZOT";"48,8377130000";"2,4038230000"
"202100038530";"24";"05";"2021";"17:00";"1";"75";"75111";"2";"5";"8";"3";"AVENUE DE LA REPUBLIQUE";"48,8651550000";"2,3749220000"
"202100038531";"24";"05";"2021";"11:40";"1";"75";"75110";"2";"1";"1";"3";"RUE DES ECLUSES SAINT MARTIN";"48,8766540000";"2,3672050000"
"202100038532";"24";"05";"2021";"16:40";"1";"75";"75108";"2";"3";"2";"2";"COURS ALBERT 1ER";"48,8648740000";"2,3079100000"
"202100038533";"24";"05";"2021";"10:35";"1";"75";"75114";"2";"2";"1";"6";"RUE BENARD";"48,8317680000";"2,3219800000"
"202100038534";"24";"05";"2021";"08:40";"1";"75";"75101";"2";"2";"2";"6";"RUE DU LOUVRE";"48,8617070000";"2,3412110000"
"202100038535";"24";"05";"2021";"20:20";"1";"94";"94033";"2";"1";"1";"3";"Rue la Fontaine";"48,8580500000";"2,4935110000"
"202100038536";"24";"05";"2021";"15:20";"1";"94";"94028";"2";"1";"2";"2";"Route de Choisy";"48,7883700000";"2,4514100000"
"202100038537";"24";"05";"2021";"19:40";"2";"94";"94017";"2";"3";"1";"3";"Avenue Roger Salengro";"48,8199000000";"2,4826000000"
"202100038538";"23";"05";"2021";"19:00";"1";"94";"94070";"1";"1";"1";"3";"Route de Paris";"48,7202410000";"2,5658970000"
"202100038539";"24";"05";"2021";"20:45";"2";"94";"94002";"2";"1";"1";"7";"Rue de Londres";"48,7897700000";"2,4285100000"
"202100038540";"24";"05";"2021";"19:45";"1";"93";"93078";"2";"1";"1";"6";"Rue Jacques PrÃ©vert";"48,9572000000";"2,5471400000"
"202100038541";"24";"05";"2021";"16:54";"1";"93";"93048";"2";"2";"2";"6";"Rue de Paris / Rue dâAlembert";"48,8547100000";"2,4174600000"
"202100038542";"24";"05";"2021";"19:30";"1";"93";"93046";"2";"1";"1";"6";"MOUTIERS AVENUE";"48,9256200000";"2,5363300000"
"202100038543";"24";"05";"2021";"15:50";"1";"93";"93031";"2";"3";"1";"6";"Chemin des Soupirs / Rue dâOrmesson";"48,9614200000";"2,3089000000"
"202100038544";"24";"05";"2021";"16:15";"1";"92";"92050";"2";"9";"2";"3";"PROVINCES FRANCAISES BD DES";"48,9011323539";"2,2166593373"
"202100038545";"24";"05";"2021";"15:20";"1";"92";"92024";"2";"3";"8";"3";"VICTOR HUGO (BD)";"48,9020976845";"2,3180079460"
"202100038546";"24";"05";"2021";"16:30";"1";"92";"92023";"2";"1";"2";"7";"CLAUDE TREBIGNAUD (AVENUE) BOIS S102";"48,8029900000";"2,2566500000"
"202100038547";"25";"05";"2021";"14:30";"1";"06";"06044";"2";"3";"1";"6";"1157 Route de Cagnes";"43,6755970000";"7,1189740000"
"202100038548";"25";"05";"2021";"07:35";"1";"83";"83049";"1";"1";"1";"2";"A57 PK 18+600";"43,2296950000";"6,0799030000"
"202100038549";"23";"05";"2021";"18:45";"1";"21";"21177";"1";"1";"1";"6";"Autoroute A6";"47,3750860000";"4,3898960000"
"202100038550";"24";"05";"2021";"15:40";"1";"06";"06095";"2";"1";"1";"6";"68 Avenue de Boutiny";"43,6433900000";"6,8820820000"
"202100038551";"24";"05";"2021";"11:10";"1";"01";"01033";"1";"3";"1";"3";"RD101";"46,1119950000";"5,8008720000"
"202100038552";"25";"05";"2021";"07:45";"1";"14";"14738";"1";"1";"1";"2";"A84";"49,1585740000";" -0,4691020000"
"202100038553";"25";"05";"2021";"20:40";"2";"62";"62361";"2";"3";"1";"6";"47 Rue du GÃ©nÃ©ral de Gaulle";"50,2764230000";"2,2955900000"
"202100038554";"5";"05";"2021";"15:20";"1";"40";"40171";"1";"1";"1";"7";"D316";"44,4073130000";" -0,6308340000"
"202100038555";"24";"05";"2021";"15:40";"1";"74";"74206";"1";"1";"1";"6";"Rte du Col du Feu";"46,3143910000";"6,4983490000"
"202100038556";"24";"05";"2021";"20:00";"1";"83";"83018";"1";"1";"2";"2";"D13";"43,3536130000";"6,1864830000"
"202100038557";"25";"05";"2021";"17:40";"1";"89";"89373";"1";"3";"1";"3";"D46";"48,2075870000";"3,3290720000"
"202100038558";"25";"05";"2021";"11:00";"1";"56";"56101";"2";"1";"1";"6";"26 Rue de la LibÃ©ration";"47,8347160000";" -3,1543160000"
"202100038559";"24";"05";"2021";"22:00";"3";"76";"76480";"2";"1";"2";"3";"Route de Fremard";"49,8027140000";"0,6875340000"
"202100038560";"24";"05";"2021";"18:00";"1";"79";"79213";"1";"1";"2";"6";"N/A";"46,6006290000";" -0,2292970000"
"202100038561";"25";"05";"2021";"11:52";"1";"82";"82018";"1";"1";"1";"7";"D 64";"44,1186900000";"1,5272670000"
"202100038562";"25";"05";"2021";"07:45";"1";"89";"89229";"2";"1";"1";"1";"Grande rue";"48,2339820000";"3,0993770000"
"202100038563";"24";"05";"2021";"17:45";"1";"61";"61214";"2";"4";"1";"3";"1 Avenue du Perche";"48,7593880000";"0,6313960000"
"202100038564";"24";"05";"2021";"12:20";"1";"61";"61153";"2";"1";"2";"6";"Rue des 3 Freres Terrier";"48,7179510000";" -0,1243530000"
"202100038565";"23";"05";"2021";"15:15";"1";"86";"86213";"1";"1";"1";"3";"La BruyÃ¨re";"46,4402770000";"0,0326100000"
"202100038566";"25";"05";"2021";"02:00";"3";"25";"25237";"2";"3";"1";"7";"D52";"47,5219240000";"6,8947680000"
"202100038567";"24";"05";"2021";"18:00";"1";"25";"25410";"1";"1";"1";"5";"RN 57";"47,2196260000";"6,0702250000"
"202100038568";"23";"05";"2021";"22:00";"3";"01";"01151";"1";"2";"1";"3";"D109";"46,0817150000";"5,2841660000"
"202100038569";"24";"05";"2021";"16:24";"1";"26";"26306";"2";"1";"2";"6";"215 Route de Buis les Baronnies";"44,3410100000";"5,2811060000"
"202100038570";"23";"05";"2021";"19:30";"1";"26";"26376";"1";"1";"1";"7";"ROUTE DES ALPES";"44,4315740000";"5,2815230000"
"202100038571";"25";"05";"2021";"16:45";"1";"60";"60066";"2";"1";"3";"6";"D332";"49,2861454401";"2,8719447395"
"202100038572";"24";"05";"2021";"11:30";"1";"53";"53216";"1";"1";"2";"6";"D202";"48,3602730000";" -0,5518050000"
"202100038573";"21";"05";"2021";"13:40";"1";"24";"24079";"1";"2";"3";"3";"D675 - D82";"45,3918800000";"0,6519270000"
"202100038574";"24";"05";"2021";"21:45";"3";"85";"85050";"1";"3";"2";"7";"Bougre";"46,5067740000";" -1,3163850000"
"202100038575";"24";"05";"2021";"14:50";"1";"67";"67324";"1";"9";"1";"3";"RD53";"48,9726540000";"7,6889920000"
"202100038576";"18";"05";"2021";"17:45";"1";"76";"76684";"1";"1";"1";"4";"A131";"49,4820740000";"0,4462770000"
"202100038577";"23";"05";"2021";"06:55";"2";"90";"90012";"1";"9";"8";"6";"Belfort-Nord (Embranchement d'autoroute)";"47,6470320000";"6,9154640000"
"202100038578";"25";"05";"2021";"13:15";"1";"38";"38485";"2";"1";"1";"2";"Boulevard de l'Europe";"45,1801600000";"5,6961100000"
"202100038579";"24";"05";"2021";"20:20";"2";"28";"28425";"1";"1";"7";"3";"DÃ©partementale 910";"48,5028580000";"1,7163830000"
"202100038580";"20";"05";"2021";"16:20";"1";"77";"77388";"2";"1";"1";"6";"33 Rue du 8 Mai 1945";"48,9604970000";"3,1468960000"
"202100038581";"24";"05";"2021";"22:15";"5";"2B";"2B042";"2";"1";"1";"6";"Route Ajercaja";"42,5509340000";"9,4499960000"
"202100038582";"24";"05";"2021";"12:40";"1";"66";"66037";"1";"4";"1";"3";"Route de Saint Nazaire";"42,6975660000";"3,0001710000"
"202100038583";"25";"05";"2021";"18:15";"1";"34";"34135";"1";"1";"1";"7";"D37";"43,2773850000";"3,1603400000"
"202100038584";"25";"05";"2021";"13:00";"1";"05";"05021";"1";"3";"1";"3";"Les GrÃ¨s";"44,4001380000";"5,7339510000"
"202100038585";"25";"05";"2021";"07:15";"1";"13";"13081";"1";"1";"1";"3";"Route dÃ©partementale 113";"43,5116470000";"5,2038720000"
"202100038586";"24";"05";"2021";"11:45";"1";"68";"68348";"2";"9";"1";"6";"Rue du Poitou";"47,8010270000";"7,1247300000"
"202100038587";"23";"05";"2021";"08:00";"1";"69";"69270";"1";"4";"1";"3";"Le Gravier d Aillon";"45,6395713239";"4,9167498350"
"202100038588";"20";"05";"2021";"21:13";"2";"33";"33062";"1";"1";"1";"1";"N/A";"45,0282430000";" -0,2157620000"
"202100038589";"22";"05";"2021";"18:00";"1";"33";"33049";"1";"1";"1";"4";"N/A";"44,8754880000";" -0,3972240000"
"202100038590";"14";"05";"2021";"17:50";"1";"27";"27191";"2";"1";"1";"1";"28 Rue de Pacy (Fontaine-Heudebourg)";"49,1257430000";"1,2174060000"
"202100038591";"23";"05";"2021";"21:30";"3";"69";"69382";"1";"1";"1";"2";"M6   455.000 A 455.614";"45,7508884023";"4,8225973251"
"202100038592";"24";"05";"2021";"11:55";"1";"78";"78362";"1";"1";"1";"6";"A13";"48,9758230000";"1,7228110000"
"202100038593";"24";"05";"2021";"22:00";"2";"93";"93029";"1";"1";"1";"6";"AUTOROUTE A86";"48,9249000000";"2,4257000000"
"202100038594";"24";"05";"2021";"16:30";"1";"77";"77121";"1";"1";"2";"2";"A4";"48,8313900000";"2,6834500000"
"202100038595";"24";"05";"2021";"09:30";"1";"77";"77122";"1";"1";"2";"6";"RN104";"48,6524500000";"2,6138300000"
"202100038596";"24";"05";"2021";"01:10";"5";"988";"98818";"2";"2";"3";"6";"ROUTE DE L'ANSE-VATA/RUE EDOUARD GLASSER";" -22,2926500000";"166,4471600000"
"202100038597";"23";"05";"2021";"13:30";"1";"974";"97411";"1";"3";"1";"6";"BOUGAINVILLEES (ROUTE DES)";" -20,8913320000";"55,4200390000"
"202100038598";"22";"05";"2021";"20:40";"5";"974";"97411";"2";"1";"1";"1";"VILLELE (RUE JEAN DE)";" -20,8917000000";"55,4878000000"
"202100038599";"22";"05";"2021";"12:25";"1";"974";"97411";"2";"1";"1";"3";"VERGER (RUE DU)";" -20,8862300000";"55,4524200000"
"202100038600";"23";"05";"2021";"10:50";"1";"974";"97407";"1";"6";"1";"3";"SACRE COEUR (RD POINT) -RIV. DES GALETS ";" -20,9557000000";"55,3121000000"
"202100038601";"22";"05";"2021";"19:20";"5";"973";"97302";"2";"2";"2";"3";"ARAGO (FRANCOIS)";"4,9387860494";" -52,3317374289"
"202100038602";"23";"05";"2021";"21:50";"5";"69";"69387";"2";"1";"1";"2";"TONY GARNIER                        (AV)";"45,7263500000";"4,8347400000"
"202100038603";"23";"05";"2021";"08:45";"1";"69";"69387";"2";"3";"1";"3";"JEAN JAURES                         (AV)";"45,7511900000";"4,8454200000"
"202100038604";"22";"05";"2021";"23:00";"5";"69";"69383";"2";"2";"2";"3";"GARIBALDI (R)";"45,7570100000";"4,8526300000"
"202100038605";"23";"05";"2021";"17:15";"1";"69";"69202";"2";"1";"1";"3";"CROIX DE PIVORT (DE LA) (CHM)";"45,7304500000";"4,8054900000"
"202100038606";"23";"05";"2021";"14:50";"1";"69";"69384";"2";"1";"1";"6";"CROIX ROUSSE (DE LA) (PL)";"45,7743900000";"4,8322100000"
"202100038607";"22";"05";"2021";"20:00";"2";"69";"69382";"2";"1";"2";"2";"TILSITT (Q)";"45,7583100000";"4,8287800000"
"202100038608";"23";"05";"2021";"21:20";"5";"2A";"2A004";"2";"9";"1";"2";"ROMARINS RUE DES";"41,9320400000";"8,7336800000"
"202100038609";"23";"05";"2021";"17:40";"1";"91";"91667";"2";"1";"1";"1";"CORBEIL (ROUTE)";"48,6589170000";"2,3398030000"
"202100038610";"23";"05";"2021";"01:10";"5";"91";"91216";"2";"2";"1";"2";"GRAND VAUX (RUE)";"48,6700790000";"2,3326290000"
"202100038611";"23";"05";"2021";"18:30";"1";"91";"91201";"2";"2";"1";"3";"RUE DU CHEMIN VERT";"48,6877900000";"2,4239200000"
"202100038612";"22";"05";"2021";"12:30";"1";"91";"91421";"2";"2";"8";"3";"JEAN JAURES (AVENUE)";"48,7132800000";"2,4489700000"
"202100038613";"22";"05";"2021";"13:15";"1";"91";"91589";"2";"1";"1";"6";"RUE LOUIS JACQUES MEZARD";"48,6765670000";"2,3530230000"
"202100038614";"23";"05";"2021";"19:50";"1";"91";"91223";"2";"1";"1";"6";"NOISETIERS (ALLEE DES)";"48,4368100000";"2,1415900000"
"202100038615";"22";"05";"2021";"15:40";"1";"83";"83144";"2";"9";"1";"6";"Rond point de l'UniversitÃ©";"43,1381700000";"6,0174400000"
"202100038616";"22";"05";"2021";"18:30";"1";"83";"83129";"2";"1";"1";"6";"JUIN MARECHAL (AV DU)";"43,0945053418";"5,8465533897"
"202100038617";"23";"05";"2021";"09:00";"1";"83";"83069";"1";"1";"1";"7";"CRAU (ROUTE DE LA )";"43,1312600000";"6,0872700000"
"202100038618";"22";"05";"2021";"16:20";"1";"83";"83034";"2";"6";"1";"3";"CHEMIN DU CANNEBAS";"43,0955226226";"6,0692384968"
"202100038619";"23";"05";"2021";"17:15";"1";"77";"77237";"2";"1";"1";"2";"LAGNY  (RUE DE  )";"48,8391000000";"2,7531200000"
"202100038620";"23";"05";"2021";"18:20";"1";"76";"76681";"1";"1";"2";"6";"CD 18E (BOULEVARD INDUSTRIEL)";"49,4139900000";"1,1072000000"
"202100038621";"22";"05";"2021";"19:10";"1";"76";"76259";"1";"1";"8";"7";"VALMONT ( ROUTE DE)";"49,7595340000";"0,3867070000"
"202100038622";"23";"05";"2021";"03:00";"3";"72";"72095";"1";"1";"2";"6";"PREM DIV FRANCAISE LIBRE (BD)";"48,0296000000";"0,2168000000"
"202100038623";"23";"05";"2021";"15:27";"1";"69";"69290";"2";"1";"7";"1";"EUGENE CHEVREUL (R)";"45,6870500000";"4,9329400000"
"202100038624";"23";"05";"2021";"16:52";"1";"65";"65440";"2";"2";"1";"3";"LARREY (RUE)";"43,2304180000";"0,0755240000"
"202100038625";"23";"05";"2021";"18:20";"1";"51";"51454";"2";"1";"1";"7";"Rue de lâEtape";"49,2556500000";"4,0289000000"
"202100038626";"22";"05";"2021";"10:33";"1";"51";"51454";"2";"2";"1";"2";"Rue Paul Vaillant Couturier";"49,2733500000";"4,0149600000"
"202100038627";"23";"05";"2021";"21:12";"1";"49";"49353";"2";"6";"1";"3";"BARA";"47,4434000000";" -0,4886200000"
"202100038628";"23";"05";"2021";"10:05";"1";"42";"42044";"2";"1";"1";"6";"Rue Dubuisson";"45,3973700000";"4,3276190000"
"202100038629";"23";"05";"2021";"20:31";"1";"37";"37261";"2";"2";"1";"7";"COLOMBIER (RUE)";"47,4137746488";"0,7017790675"
"202100038630";"22";"05";"2021";"19:07";"1";"37";"37233";"2";"3";"1";"6";"COLOMBIER (RUE DU)";"47,3810884250";"0,7375114122"
"202100038631";"23";"05";"2021";"21:40";"1";"34";"34172";"2";"4";"1";"3";"LECLERC (AVENUE DU MARECHAL)";"43,5961900000";"3,8816900000"
"202100038632";"23";"05";"2021";"21:10";"2";"33";"33063";"2";"3";"1";"6";"Rue Charles Domercq";"44,8272237721";" -0,5567498635"
"202100038633";"23";"05";"2021";"01:00";"3";"31";"31555";"2";"1";"1";"2";"20 LESPINET  (PERIPH OUEST A620)";"43,5730000000";"1,4650000000"
"202100038634";"22";"05";"2021";"23:15";"5";"31";"31555";"2";"1";"1";"2";"ALBI (RTE D) DU 1AU 243";"43,6387900000";"1,4653200000"
"202100038635";"23";"05";"2021";"14:10";"1";"30";"30007";"2";"6";"1";"3";"PERRIN (RUE JEAN)";"44,1458400000";"4,1009500000"
"202100038636";"23";"05";"2021";"10:54";"1";"25";"25056";"2";"2";"1";"3";"BLUM  BOULEVARD LEON (inf 51)";"47,2578600000";"6,0227500000"
"202100038637";"23";"05";"2021";"17:09";"1";"17";"17300";"2";"1";"1";"2";"ROUX   RUE DE";"46,1390180000";" -1,1480280000"
"202100038638";"23";"05";"2021";"19:00";"5";"13";"13213";"2";"1";"1";"6";"MERLAUD PON (RUE)";"43,3363155813";"5,4263019562"
"202100038639";"22";"05";"2021";"13:45";"1";"13";"13210";"2";"9";"1";"2";"BONNEFOY (RUE)";"43,2805800000";"5,4009590000"
"202100038640";"22";"05";"2021";"15:50";"1";"13";"13028";"2";"1";"1";"4";"FERRY (AVENUE JULES )";"43,1835450000";"5,6013470000"
"202100038641";"23";"05";"2021";"12:20";"1";"10";"10387";"2";"2";"1";"3";"PAIX (RUE DE LA)";"48,3095900000";"4,0612700000"
"202100038642";"23";"05";"2021";"17:20";"1";"07";"07281";"1";"1";"1";"7";"C.D. 533 (VERS LE PUY)";"44,9278800000";"4,7994000000"
"202100038643";"23";"05";"2021";"13:40";"1";"07";"07281";"2";"1";"1";"6";"REPUBLIQUE (RUE DE LA)";"44,9459700000";"4,8457000000"
"202100038644";"23";"05";"2021";"20:10";"1";"06";"06069";"2";"9";"1";"2";"SAINT EXUPERY (AVENUE ANTOINE DE)";"43,6613900000";"6,9321400000"
"202100038645";"21";"05";"2021";"21:35";"5";"75";"75117";"2";"3";"1";"3";"BOULEVARD DES BATIGNOLLES";"48,8832250000";"2,3253240000"
"202100038646";"23";"05";"2021";"20:30";"2";"75";"75119";"2";"3";"1";"2";"RUE DE BELLEVILLE";"48,8734990000";"2,3830080000"
"202100038647";"23";"05";"2021";"13:08";"1";"75";"75119";"2";"3";"1";"3";"BOULEVARD D INDOCHINE";"48,8871800000";"2,3961170000"
"202100038648";"23";"05";"2021";"19:10";"1";"75";"75117";"2";"7";"1";"3";"PLACE CHARLES DE GAULLE";"48,8742650000";"2,2945480000"
"202100038649";"23";"05";"2021";"11:25";"1";"75";"75116";"2";"2";"1";"3";"ALLEE DE LONGCHAMP";"48,8725250000";"2,2644440000"
"202100038650";"23";"05";"2021";"13:30";"1";"75";"75110";"2";"3";"1";"3";"RUE DU FAUBOURG SAINT MARTIN";"48,8749170000";"2,3590050000"
"202100038651";"23";"05";"2021";"00:50";"5";"75";"75110";"2";"2";"1";"3";"RUE LA FAYETTE";"48,8806050000";"2,3620270000"
"202100038652";"22";"05";"2021";"23:45";"5";"75";"75107";"2";"2";"1";"3";"RUE DU BAC";"48,8560630000";"2,3258940000"
"202100038653";"22";"05";"2021";"21:49";"5";"75";"75104";"2";"7";"1";"3";"PLACE DE LA BASTILLE";"48,8532620000";"2,3685880000"
"202100038654";"22";"05";"2021";"20:30";"1";"75";"75101";"2";"5";"1";"3";"RUE CAMBON";"48,8698060000";"2,3281610000"
"202100038655";"23";"05";"2021";"16:59";"1";"94";"94073";"2";"1";"1";"3";"Avenue de Versailles";"48,7576500000";"2,3905200000"
"202100038656";"23";"05";"2021";"16:21";"1";"94";"94077";"2";"1";"1";"2";"Avenue le Foll";"48,7307600000";"2,4255600000"
"202100038657";"23";"05";"2021";"11:15";"1";"93";"93062";"2";"2";"1";"3";"Avenue Thiers / Boulevard dâAulnay";"48,9017400000";"2,5111600000"
"202100038658";"23";"05";"2021";"06:05";"2";"93";"93046";"2";"1";"1";"1";"ARISTIDE BRIAND AVENUE";"48,9148000000";"2,5275800000"
"202100038659";"22";"05";"2021";"18:54";"1";"93";"93006";"2";"2";"1";"3";"Avenue de la RÃ©publique / Rue Robespierre";"48,8604060242";"2,4204114676"
"202100038660";"23";"05";"2021";"18:00";"1";"93";"93027";"2";"3";"1";"3";"Avenue Jean JaurÃ¨s / Rue Corneille";"48,9246600000";"2,4019100000"
"202100038661";"23";"05";"2021";"14:35";"1";"93";"93014";"2";"1";"1";"6";"AllÃ©e Sudrot";"48,8999700000";"2,5321900000"
"202100038662";"23";"05";"2021";"10:00";"1";"93";"93001";"2";"1";"1";"2";"COURNEUVE (RUE DE LA)";"48,9163750000";"2,3842400000"
"202100038663";"23";"05";"2021";"09:45";"1";"92";"92046";"2";"1";"1";"7";"HENRI BARBUSSE (BOULEVARD)";"48,8139053880";"2,2872081399"
"202100038664";"23";"05";"2021";"12:15";"1";"92";"92040";"2";"1";"1";"6";"DEFENSE (DE LA)";"48,8194699722";"2,2615251424"
"202100038665";"23";"05";"2021";"12:35";"1";"92";"92060";"2";"6";"1";"7";"GALILEE (AVENUE)";"48,7767827005";"2,2457613051"
"202100038666";"23";"05";"2021";"22:40";"5";"92";"92019";"2";"1";"1";"6";"SAINTE CATHERINE (RUE)";"48,7659687280";"2,2808378935"
"202100038667";"23";"05";"2021";"16:30";"1";"35";"35082";"2";"1";"1";"6";"Rue des Erables";"47,8825780000";" -1,4363070000"