"Num_Acc";"jour";"mois";"an";"hrmn";"lum";"dep";"com";"agg";"int";"atm";"col";"adr";"lat";"long"
"202100038668";"24";"05";"2021";"13:30";"1";"2A";"2A211";"1";"1";"1";"7";"RT 40";"41,7832130000";"8,9707070000"
"202100038669";"24";"05";"2021";"17:45";"1";"52";"52494";"1";"1";"3";"7";"Route dÃ©partementale 119";"48,1352200000";"5,2382470000"
"202100038670";"24";"05";"2021";"17:30";"1";"16";"16150";"1";"1";"6";"6";"Ld La Perdrasse";"45,6549510000";" -0,2926050000"
"202100038671";"23";"05";"2021";"17:30";"1";"31";"31228";"1";"1";"1";"1";"D20 PK/PR 30+500";"43,6845120000";"1,6010750000"
"202100038672";"23";"05";"2021";"16:30";"1";"27";"27507";"1";"1";"2";"6";"Rue du 8 Mai 1945";"48,8990130000";"1,2923320000"
"202100038673";"24";"05";"2021";"14:00";"1";"41";"41046";"1";"1";"4";"4";"Autoroute A71 - PK 131+800 - Sens ORLÃANS/VIERZON";"47,6300670000";"1,9562750000"
"202100038674";"22";"05";"2021";"13:45";"1";"01";"01033";"1";"3";"8";"3";"D101";"46,1120400000";"5,8007920000"
"202100038675";"23";"05";"2021";"14:50";"1";"71";"71336";"1";"1";"1";"7";"Route de l'Abergement";"46,7312570000";"4,9819560000"
"202100038676";"23";"05";"2021";"19:20";"1";"51";"51027";"2";"3";"1";"3";"Rue des Guisettes";"49,0322250670";"4,6872545136"
"202100038677";"23";"05";"2021";"19:30";"1";"51";"51432";"1";"1";"1";"7";"D53";"48,6927730000";"3,8441850000"
"202100038678";"23";"05";"2021";"21:30";"1";"59";"59372";"1";"1";"1";"6";"D16";"50,0391990000";"3,3147380000"
"202100038679";"23";"05";"2021";"18:45";"1";"19";"19015";"1";"1";"1";"1";"Les Tourmissoux";"45,2657050000";"1,3240460000"
"202100038680";"24";"05";"2021";"11:15";"1";"82";"82087";"2";"1";"2";"7";"D20";"44,1277520000";"1,2367560000"
"202100038681";"24";"05";"2021";"13:00";"1";"65";"65408";"1";"1";"1";"6";"D929";"42,9856140000";"0,3760510000"
"202100038682";"22";"05";"2021";"20:30";"1";"61";"61464";"1";"2";"1";"3";"RD 438";"48,6122740000";"0,1656800000"
"202100038683";"23";"05";"2021";"14:40";"1";"42";"42277";"1";"1";"1";"7";"D42";"45,9034788067";"4,1095741689"
"202100038684";"24";"05";"2021";"10:30";"1";"31";"31345";"1";"1";"1";"1";"departementale 12c";"43,3862280000";"1,4300890000"
"202100038685";"19";"05";"2021";"17:40";"1";"15";"15074";"1";"3";"1";"5";"N122";"44,9277450000";"2,4848250000"
"202100038686";"22";"05";"2021";"13:40";"1";"72";"72284";"2";"1";"1";"3";"Rue du Saosnois";"48,3018270000";"0,1000410000"
"202100038687";"23";"05";"2021";"22:18";"5";"06";"06150";"1";"1";"1";"3";"Route de Beausoleil";"43,7478210000";"7,4149020000"
"202100038688";"22";"05";"2021";"16:30";"1";"06";"06148";"2";"1";"1";"7";"Route de Provence";"43,7143600000";"7,0653570000"
"202100038689";"24";"05";"2021";"15:30";"1";"14";"14278";"2";"1";"3";"5";"D13";"49,1737990000";" -0,5870010000"
"202100038690";"23";"05";"2021";"15:30";"1";"50";"50328";"1";"1";"1";"5";"rue des hauts vents";"49,2032710000";" -1,4701720000"
"202100038691";"23";"05";"2021";"13:40";"1";"50";"50267";"2";"9";"1";"2";"Route des Marais";"49,2229930000";" -1,5328820000"
"202100038692";"23";"05";"2021";"10:30";"1";"04";"04189";"2";"3";"1";"5";"RD 952";"43,7695060000";"5,9475330000"
"202100038693";"24";"05";"2021";"12:10";"1";"85";"85081";"1";"2";"2";"3";"Les GÃ¢ts";"46,7713790000";" -1,3499450000"
"202100038694";"23";"05";"2021";"18:20";"1";"27";"27487";"1";"1";"8";"1";"Chemin des Vaux";"49,3631300000";"1,3353590000"
"202100038695";"23";"05";"2021";"15:30";"1";"23";"23037";"1";"1";"1";"6";"RD 988";"46,0079020000";"2,4166650000"
"202100038696";"22";"05";"2021";"19:10";"1";"37";"37211";"1";"2";"1";"3";"D32";"47,2426958818";"0,8094693515"
"202100038697";"24";"05";"2021";"08:50";"1";"37";"37099";"1";"1";"1";"6";"3 Le PrieurÃ©";"47,3048820950";"0,5589830875"
"202100038698";"23";"05";"2021";"19:50";"1";"88";"88188";"2";"2";"1";"6";"2 RUE DE LORRAINE";"47,8736550000";"6,7878930000"
"202100038699";"22";"05";"2021";"14:20";"1";"79";"79355";"1";"9";"1";"6";"N/A";"46,3061350000";" -0,3582640000"
"202100038700";"22";"05";"2021";"18:10";"1";"33";"33090";"2";"1";"1";"6";"Chemin de Barbicadge";"44,7660960000";" -0,6534500000"
"202100038701";"24";"05";"2021";"14:00";"1";"30";"30189";"1";"1";"1";"6";"PK 55.800 sens 1 A9";"43,8077120000";"4,3370250000"
"202100038702";"24";"05";"2021";"12:30";"1";"988";"98811";"1";"1";"1";"7";"RT1 lieu dit la confiance";" -21,0472760000";"164,8039560000"
"202100038703";"23";"05";"2021";"15:00";"1";"971";"97119";"2";"1";"1";"6";"Bazin";"16,3699840000";" -61,4476920000"
"202100038704";"22";"05";"2021";"16:20";"1";"06";"06157";"1";"1";"1";"7";"3317 Route de Saint-jeannet";"43,7481590000";"7,1301260000"
"202100038705";"23";"05";"2021";"18:50";"1";"25";"25159";"2";"1";"1";"6";"2 Rue de Saint-maurice";"47,4497880000";"6,6841460000"
"202100038706";"23";"05";"2021";"20:00";"1";"03";"03008";"1";"1";"1";"7";"D995";"46,0432420000";"3,5958770000"
"202100038707";"23";"05";"2021";"18:35";"1";"73";"73098";"1";"1";"1";"1";"D913 Route du Revard";"45,6678020000";"5,9777160000"
"202100038708";"19";"05";"2021";"17:50";"1";"38";"38481";"2";"2";"1";"1";"D59a";"45,5555000000";"5,3504920000"
"202100038709";"23";"05";"2021";"20:00";"1";"26";"26084";"1";"3";"1";"5";"Route de lâAncienne Nationale";"44,9884540000";"4,8797750000"
"202100038710";"23";"05";"2021";"13:00";"1";"69";"69139";"1";"1";"1";"1";"D7";"45,8089510000";"4,4722510000"
"202100038711";"23";"05";"2021";"10:30";"1";"69";"69163";"1";"2";"1";"2";"GRAND VEISSIEUX (DU) (RTE)";"45,9209610000";"4,7557180000"
"202100038712";"24";"05";"2021";"19:15";"1";"81";"81050";"1";"1";"1";"1";"Pk 19+180 RN 126";"43,5799560000";"1,8372920000"
"202100038713";"23";"05";"2021";"18:35";"1";"79";"79049";"2";"6";"1";"3";"Boulevard de Thouars";"46,8532360000";" -0,4561260000"
"202100038714";"21";"05";"2021";"12:00";"1";"33";"33264";"1";"3";"2";"1";"blaise roche";"45,0610630000";" -0,2571060000"
"202100038715";"23";"05";"2021";"14:50";"1";"85";"85002";"1";"1";"1";"3";"La GuiteliÃ¨re";"46,6565500000";" -1,8508300000"
"202100038716";"24";"05";"2021";"10:00";"1";"50";"50041";"1";"4";"1";"6";"D37 PR 03.600";"49,6220470000";" -1,7972460000"
"202100038717";"23";"05";"2021";"20:00";"1";"59";"59416";"2";"1";"1";"6";"35 Rue de Saint-venant";"50,6839080000";"2,5110650000"
"202100038718";"23";"05";"2021";"18:15";"1";"13";"13106";"1";"1";"1";"3";"A7-Sens Lyon vers Marseille";"43,3947800000";"5,3507000000"
"202100038719";"21";"05";"2021";"17:40";"1";"13";"13005";"1";"1";"1";"4";"A50-Sens Marseille vers Aubagne";"43,2866100000";"5,5361700000"
"202100038720";"14";"03";"2021";"15:10";"1";"69";"69382";"1";"1";"1";"2";"M7";"45,7319900000";"4,8166300000"
"202100038721";"22";"05";"2021";"11:08";"1";"69";"69266";"1";"1";"1";"2";"RD383 2.321 A 3.750";"45,7858200000";"4,8892900000"
"202100038722";"23";"05";"2021";"15:50";"1";"91";"91179";"1";"1";"1";"7";"AUTOROUTE A6";"48,5730300000";"2,4677400000"
"202100038723";"23";"05";"2021";"12:50";"1";"94";"94038";"1";"1";"1";"4";"AUTOROUTE A6B";"48,7743100000";"2,3462500000"
"202100038724";"22";"05";"2021";"16:00";"1";"91";"91471";"1";"1";"1";"6";"RN 118";"48,6986700000";"2,1923700000"
"202100038725";"22";"05";"2021";"19:50";"1";"91";"91161";"1";"1";"1";"2";"AUTOROUTE A6";"48,6958000000";"2,3174300000"
"202100038726";"23";"05";"2021";"08:05";"1";"95";"95582";"1";"1";"1";"6";"A15";"48,9635600000";"2,2645600000"
"202100038727";"22";"05";"2021";"18:15";"1";"95";"95306";"1";"1";"8";"5";"A15";"49,0075800000";"2,1611600000"
"202100038728";"23";"05";"2021";"15:15";"1";"94";"94028";"1";"1";"1";"4";"RN406.Y";"48,7838030000";"2,4404000000"
"202100038729";"23";"05";"2021";"14:00";"1";"94";"94033";"1";"1";"1";"2";"A86.EXT";"48,8521422803";"2,4902740888"
"202100038730";"23";"05";"2021";"09:55";"1";"77";"77258";"1";"1";"1";"7";"RN104";"48,8306600000";"2,6214600000"
"202100038731";"23";"05";"2021";"03:00";"3";"94";"94046";"1";"1";"1";"6";"A86 EXT";"48,8078700000";"2,4490200000"
"202100038732";"22";"05";"2021";"19:15";"1";"77";"77249";"1";"1";"2";"6";"A104";"48,7475407504";"2,6138919249"
"202100038733";"22";"05";"2021";"16:25";"1";"974";"97407";"2";"9";"1";"7";"MASCAREIGNES(BOULEVARD)";" -20,9337100000";"55,3076100000"
"202100038734";"22";"05";"2021";"13:45";"1";"69";"69259";"2";"1";"1";"7";"FRANCIS DE PRESSENSE                (AV)";"45,7261800000";"4,8629500000"
"202100038735";"8";"05";"2021";"21:35";"5";"971";"97101";"1";"1";"1";"1";"BEAUSOLEIL";"16,2705700000";" -61,4796100000"
"202100038736";"21";"05";"2021";"13:50";"1";"971";"97101";"1";"1";"1";"4";"DE LA BALANCE (CHEMIN)";"16,2938908503";" -61,5013616581"
"202100038737";"22";"05";"2021";"17:20";"1";"2A";"2A004";"2";"1";"1";"3";"MARECHAL JUIN AVENUE";"41,9369547867";"8,7507987394"
"202100038738";"21";"05";"2021";"20:18";"1";"91";"91692";"1";"1";"1";"3";"CHARLES DE GAULLE(RUE)";"48,6845200000";"2,1699900000"
"202100038739";"22";"05";"2021";"14:20";"1";"91";"91027";"2";"1";"8";"2";"RTE DE FONTAINEBLEAU";"48,7131300000";"2,3710900000"
"202100038740";"22";"05";"2021";"12:30";"1";"83";"83144";"2";"6";"1";"3";"COUPIANE (AVE DE LA)";"43,1301800000";"5,9912800000"
"202100038741";"21";"05";"2021";"18:00";"1";"83";"83069";"2";"3";"1";"6";"ONZE NOVEMBRE ( CARREFOUR DU)";"43,1061910000";"6,1286390000"
"202100038742";"22";"05";"2021";"22:35";"5";"77";"77288";"2";"6";"1";"3";"ROND POINT DE L'EUROPE";"48,5524100000";"2,6440300000"
"202100038743";"23";"05";"2021";"00:05";"5";"76";"76498";"2";"5";"1";"4";"11 NOVEMBRE. BOULEVARD DU";"49,4231000000";"1,0670600000"
"202100038744";"22";"05";"2021";"14:10";"1";"71";"71270";"2";"1";"1";"6";"LYON (ROUTE DE)";"46,2881400000";"4,8107300000"
"202100038745";"22";"05";"2021";"18:15";"1";"69";"69266";"2";"2";"7";"3";"AUGUSTE BLANQUI (AV)";"45,7618100000";"4,8847300000"
"202100038746";"22";"05";"2021";"09:50";"1";"54";"54526";"2";"3";"1";"3";"TOLSTOI (BOULEVARD)";"48,6813726711";"6,2160398439"
"202100038747";"22";"05";"2021";"17:20";"1";"51";"51454";"2";"1";"1";"1";"Rue Adrien SÃ©nÃ©chal";"49,2227550000";"4,0153240000"
"202100038748";"22";"05";"2021";"19:00";"1";"51";"51454";"2";"2";"2";"3";"Rue de Vesle";"49,2527190000";"4,0267980000"
"202100038749";"22";"05";"2021";"16:15";"2";"51";"51055";"2";"1";"2";"3";"Boulevard des Tondeurs";"49,2810570000";"4,0397060000"
"202100038750";"21";"05";"2021";"18:20";"1";"50";"50129";"2";"2";"1";"5";"LEMONNIER (AVENUE AMIRAL)";"49,6350400000";" -1,6012100000"
"202100038751";"20";"05";"2021";"16:10";"1";"50";"50602";"2";"1";"2";"2";"LECLERC (RUE DU GENERAL)";"49,6395300000";" -1,6034400000"
"202100038752";"22";"05";"2021";"21:08";"2";"42";"42187";"2";"3";"8";"1";"Rue de Charlieu";"46,0487500000";"4,0830600000"
"202100038753";"14";"04";"2021";"09:20";"1";"41";"41212";"2";"1";"1";"4";"NATIONALE (ROUTE)";"47,5720000000";"1,3571800000"
"202100038754";"22";"05";"2021";"19:30";"1";"37";"37261";"2";"1";"1";"3";"GRAMMONT (AVENUE DE)";"47,3668792316";"0,6983184186"
"202100038755";"22";"05";"2021";"18:55";"1";"35";"35051";"1";"6";"2";"6";"RD 29";"48,1545990000";" -1,5951030000"
"202100038756";"22";"05";"2021";"16:55";"1";"35";"35238";"2";"3";"1";"3";"BALZAC (HONORE DE)";"48,1161600000";" -1,6612400000"
"202100038757";"22";"05";"2021";"08:25";"1";"35";"35238";"1";"1";"1";"2";"Porte de Lorient";"48,1076400000";" -1,7173900000"
"202100038758";"21";"05";"2021";"15:49";"1";"29";"29232";"2";"6";"1";"3";"Rue Marx Dormoy";"47,9911800000";" -4,0727000000"
"202100038759";"19";"05";"2021";"19:10";"1";"28";"28134";"2";"3";"1";"3";"LIEVRE D'OR (RUE DU)";"48,7349800000";"1,3873200000"
"202100038760";"21";"05";"2021";"18:00";"1";"27";"27554";"2";"1";"2";"1";"D64";"49,0958590000";"1,3784840000"
"202100038761";"21";"05";"2021";"12:05";"1";"27";"27681";"2";"1";"1";"6";"ROND POINT DE L'ESPACE";"49,0967860000";"1,4895455000"
"202100038762";"21";"05";"2021";"12:05";"1";"27";"27375";"2";"6";"1";"1";"PORTE DE L'EAU (PLACE DE LA)";"49,2154500000";"1,1721600000"
"202100038763";"22";"05";"2021";"11:20";"1";"15";"15014";"2";"1";"8";"6";"Avenue du Garric";"44,9014770000";"2,4312170000"
"202100038764";"14";"05";"2021";"15:12";"1";"13";"13208";"2";"1";"1";"3";"CLOT BEY (AVENUE)";"43,2588480000";"5,3846860000"
"202100038765";"22";"05";"2021";"00:25";"5";"13";"13208";"2";"1";"2";"7";"MENDES FRANCE (AVENUE)";"43,2601000000";"5,3754000000"
"202100038766";"21";"05";"2021";"17:00";"1";"12";"12202";"2";"1";"1";"6";"Avenue Victor Hugo";"44,3511100000";"2,5705900000"
"202100038767";"22";"05";"2021";"17:23";"1";"11";"11069";"1";"1";"1";"2";"BRAM -ROUTE DE-";"43,2187800000";"2,3057400000"
"202100038768";"22";"05";"2021";"02:30";"5";"10";"10387";"2";"6";"1";"7";"CHOMEDEY DE MAISONNEUVE (AVE)";"48,3085100000";"4,0688900000"
"202100038769";"22";"05";"2021";"13:35";"1";"09";"09225";"2";"1";"1";"3";"BOURIETTE AVENUE DE LA";"43,1131200000";"1,6295400000"
"202100038770";"22";"05";"2021";"21:14";"5";"06";"06088";"2";"1";"1";"2";"ANGLAIS (DU NÂ° 114 AU NÂ° 263)";"43,6834600000";"7,2344000000"
"202100038771";"22";"05";"2021";"18:00";"1";"75";"75119";"2";"1";"1";"3";"PORTE DE LA VILLETTE";"48,8988990000";"2,3934800000"
"202100038772";"22";"05";"2021";"19:48";"1";"75";"75113";"2";"4";"1";"2";"BOULEVARD DE L HOPITAL";"48,8388740000";"2,3609990000"
"202100038773";"22";"05";"2021";"15:15";"1";"75";"75120";"2";"1";"1";"6";"BOULEVARD DE CHARONNE";"48,8522420000";"2,3977940000"
"202100038774";"21";"05";"2021";"21:50";"5";"75";"75120";"2";"2";"1";"3";"RUE DES PYRENEES";"48,8716580000";"2,3922980000"
"202100038775";"22";"05";"2021";"20:35";"2";"75";"75117";"2";"7";"1";"3";"AVENUE DE WAGRAM";"48,8852910000";"2,3034210000"
"202100038776";"22";"05";"2021";"02:30";"5";"75";"75116";"2";"1";"1";"6";"ALLEE DU BORD DE L EAU";"48,8670930000";"2,2322770000"
"202100038777";"22";"05";"2021";"15:00";"1";"75";"75107";"2";"2";"2";"2";"AVENUE EMILE DESCHANEL";"48,8563640000";"2,3008810000"
"202100038778";"22";"05";"2021";"15:05";"1";"75";"75114";"2";"4";"2";"3";"BOULEVARD RASPAIL";"48,8414940000";"2,3297720000"
"202100038779";"22";"05";"2021";"11:40";"1";"75";"75111";"2";"4";"1";"3";"RUE FAIDHERBE";"48,8511820000";"2,3840480000"
"202100038780";"22";"05";"2021";"04:13";"5";"75";"75108";"2";"2";"1";"3";"BOULEVARD DES BATIGNOLLES";"48,8819852779";"2,3205010593"
"202100038781";"22";"05";"2021";"20:35";"1";"75";"75103";"2";"2";"1";"3";"RUE VIEILLE DU TEMPLE";"48,8599490000";"2,3607730000"
"202100038782";"22";"05";"2021";"13:20";"1";"75";"75101";"2";"7";"3";"7";"PLACE VENDOME";"48,8683170000";"2,3302860000"
"202100038783";"22";"05";"2021";"16:40";"1";"94";"94073";"2";"1";"2";"3";"ESPAGNE (RPT D)";"48,7551800000";"2,3749400000"
"202100038784";"21";"05";"2021";"22:45";"5";"94";"94018";"2";"1";"1";"2";"Ile Martinet";"48,8192100000";"2,4052900000"
"202100038785";"22";"05";"2021";"17:50";"1";"94";"94017";"2";"1";"2";"2";"MARX DORMOY (AV)";"48,8062600000";"2,5311000000"
"202100038786";"22";"05";"2021";"11:00";"1";"94";"94017";"2";"1";"1";"3";"Rue Jean JaurÃ¨s";"48,8157920000";"2,5038080000"
"202100038787";"21";"05";"2021";"23:30";"5";"94";"94018";"2";"9";"1";"6";"Quai de Bercy";"48,8224800000";"2,3977200000"
"202100038788";"22";"05";"2021";"14:15";"1";"93";"93072";"2";"3";"1";"1";"MARCEL CACHIN (AVENUE) COTE NÂ°16 AU 50";"48,9581300000";"2,3822900000"
"202100038789";"22";"05";"2021";"09:10";"1";"93";"93032";"2";"3";"1";"3";"PAUL VAILLANT COUTURIER (RUE)";"48,8769300000";"2,5490800000"
"202100038790";"22";"05";"2021";"19:00";"1";"93";"93031";"2";"3";"1";"3";"REPUBLIQUE (AVENUE)";"48,9515000000";"2,3207700000"
"202100038791";"22";"05";"2021";"19:20";"1";"93";"93029";"2";"1";"2";"4";"Rue Anatole France";"48,9316400000";"2,4555300000"
"202100038792";"22";"05";"2021";"12:20";"1";"93";"93029";"2";"3";"1";"6";"Avenue Henri Barbusse / Rue du 8 Mai 1945";"48,9185020000";"2,4486760000"
"202100038793";"22";"05";"2021";"15:50";"1";"93";"93027";"2";"1";"1";"2";"Boulevard Pasteur";"48,9206500000";"2,3830100000"
"202100038794";"22";"05";"2021";"14:00";"1";"93";"93014";"2";"1";"2";"2";"AllÃ©e Romain Rolland";"48,9045000000";"2,5513800000"
"202100038795";"22";"05";"2021";"19:13";"1";"93";"93005";"2";"1";"8";"1";"Rue Auguste Renoir";"48,9543400000";"2,4927000000"
"202100038796";"22";"05";"2021";"10:20";"1";"93";"93005";"2";"1";"1";"3";"Rue Waldeck-Rousseau";"48,9279990000";"2,4820350000"
"202100038797";"22";"05";"2021";"22:10";"5";"92";"92040";"2";"1";"8";"6";"CAPITAINE FERBER (DU)";"48,8259416643";"2,2660652114"
"202100038798";"22";"05";"2021";"10:25";"1";"92";"92023";"2";"1";"2";"7";"CLAUDE TREBIGNAUD (AVENUE) BOIS S102";"48,7995100000";"2,2539200000"
"202100038799";"20";"05";"2021";"21:00";"2";"35";"35139";"1";"1";"1";"6";"L'Ardrais";"47,9891200000";" -1,7021700000"
"202100038800";"23";"05";"2021";"17:00";"1";"54";"54117";"1";"1";"1";"7";"D53";"48,4422196636";"6,0666525372"
"202100038801";"18";"05";"2021";"17:15";"1";"06";"06149";"2";"3";"1";"3";"Route de Laghet, Chemin du Vallon";"43,7493390000";"7,3752590000"
"202100038802";"22";"05";"2021";"12:50";"1";"06";"06161";"2";"1";"1";"3";"1573 Route Departementale 6007";"43,6353920000";"7,1335920000"
"202100038803";"23";"05";"2021";"15:40";"1";"974";"97422";"2";"1";"1";"1";"Chemin Neuf";" -21,2434160000";"55,5122780000"
"202100038804";"22";"05";"2021";"10:30";"1";"972";"97221";"2";"4";"1";"3";"Quartier Fond Masson";"14,5441340000";" -60,9406580000"
"202100038805";"22";"05";"2021";"17:50";"1";"34";"34076";"1";"1";"1";"3";"a75";"43,6582070000";"3,4442090000"
"202100038806";"23";"05";"2021";"13:30";"1";"83";"83131";"1";"1";"1";"5";"D554";"43,2284490000";"6,0141190000"
"202100038807";"23";"05";"2021";"16:45";"1";"77";"77411";"1";"2";"1";"3";"D37";"48,8465904589";"3,1514292960"
"202100038808";"23";"05";"2021";"14:42";"1";"57";"57334";"1";"1";"2";"7";"RD 45";"48,6853230000";"7,1822260000"
"202100038809";"22";"05";"2021";"18:55";"2";"57";"57516";"2";"9";"3";"7";"Place de la Fontaine";"49,2751200000";"6,5946670000"
"202100038810";"22";"05";"2021";"17:35";"1";"62";"62524";"2";"1";"2";"7";"D204 ROUTE DE DESVRES";"50,6540030000";"1,8109950000"
"202100038811";"23";"05";"2021";"10:25";"1";"51";"51571";"1";"1";"1";"2";"D8";"49,1911485098";"4,1964184870"
"202100038812";"23";"05";"2021";"12:20";"1";"59";"59138";"1";"1";"1";"6";"D142";"50,1337150000";"3,3242010000"
"202100038813";"22";"05";"2021";"23:54";"3";"59";"59485";"1";"1";"2";"6";"D113";"50,1684670000";"3,4439350000"
"202100038814";"23";"05";"2021";"16:00";"1";"80";"80713";"2";"1";"2";"7";"13 rue du bout d'Amont";"50,2824060000";"1,5969970000"
"202100038815";"23";"05";"2021";"13:15";"1";"12";"12219";"1";"1";"1";"1";"D988";"44,4563180000";"2,9032070000"
"202100038816";"22";"05";"2021";"15:45";"1";"46";"46268";"1";"1";"1";"6";"D653";"44,4678920000";"1,5448560000"
"202100038817";"22";"05";"2021";"18:40";"1";"47";"47252";"1";"1";"1";"6";"pomarede";"44,4097960000";"0,6109430000"
"202100038818";"22";"05";"2021";"18:00";"1";"29";"29215";"2";"1";"1";"6";"Rue du Stade";"47,9896260000";" -4,4270280000"
"202100038819";"23";"05";"2021";"16:05";"1";"38";"38073";"1";"1";"1";"7";"Col d'Ornon (Col de montagne)";"45,0116310000";"5,9680870000"
"202100038820";"22";"05";"2021";"14:55";"1";"03";"03294";"2";"1";"3";"6";"Rue de la Croix Saint Marc";"46,2056280000";"3,1927460000"
"202100038821";"22";"05";"2021";"19:30";"1";"03";"03127";"1";"1";"1";"6";"Fayolle du haut";"46,5015530000";"2,6873700000"
"202100038822";"22";"05";"2021";"15:15";"1";"15";"15192";"1";"1";"2";"6";"RN122 - Les chazes";"45,0698840000";"2,7189980000"
"202100038823";"23";"05";"2021";"19:25";"1";"01";"01196";"1";"1";"1";"6";"Chemin du Moulin Neuf";"46,3930810000";"5,1119310000"
"202100038824";"19";"04";"2021";"13:30";"1";"26";"26124";"1";"9";"1";"7";"Route d' Etoile ";"44,8499360000";"4,8935720000"
"202100038825";"23";"05";"2021";"13:15";"1";"06";"06079";"1";"1";"1";"3";"Rue Capitaine de Corvette Marche";"43,5188590000";"6,9397220000"
"202100038826";"23";"05";"2021";"16:45";"1";"50";"50112";"1";"1";"1";"6";"La Baronnerie";"48,7524010000";" -1,2274860000"
"202100038827";"22";"05";"2021";"22:11";"3";"64";"64513";"1";"1";"1";"7";"D933";"43,4356880000";" -0,9291710000"
"202100038828";"23";"05";"2021";"17:15";"1";"04";"04055";"1";"1";"1";"6";"RN 85";"43,9802700000";"6,3052190000"
"202100038829";"22";"05";"2021";"03:50";"3";"17";"17459";"1";"1";"1";"6";"D939 LE PETIT CABARET";"45,9243500000";" -0,4590300000"
"202100038830";"23";"05";"2021";"14:45";"1";"37";"37038";"1";"1";"1";"1";"rd16";"47,2785850366";"0,3253608193"
"202100038831";"23";"05";"2021";"10:00";"1";"37";"37041";"1";"1";"1";"6";"route du plessis";"47,6278811168";"0,5492552518"
"202100038832";"21";"05";"2021";"18:55";"1";"30";"30123";"1";"6";"1";"7";"A9";"43,7244450000";"4,1632250000"
"202100038833";"23";"05";"2021";"10:25";"1";"30";"30164";"1";"3";"1";"3";"carrefour D969/D167";"44,2217000000";"4,3205000000"
"202100038834";"24";"04";"2021";"14:30";"1";"88";"88357";"2";"1";"1";"1";"Rue de Charmes";"48,3262050000";"6,1304030000"
"202100038835";"22";"05";"2021";"09:07";"1";"88";"88289";"2";"1";"1";"6";"Avenue de la Gare";"48,1078610000";"5,8252060000"
"202100038836";"23";"05";"2021";"11:10";"1";"978";"97801";"2";"1";"1";"3";"R QUARTIER D'ORLEANS";"18,0614760000";" -63,0421040000"
"202100038837";"22";"05";"2021";"16:30";"1";"74";"74010";"1";"1";"1";"7";"Che de la Bruyere";"45,8624080000";"6,0761480000"
"202100038838";"22";"05";"2021";"20:45";"2";"67";"67108";"1";"4";"1";"6";"A352";"48,5205270000";"7,5884630000"
"202100038839";"22";"05";"2021";"11:45";"1";"06";"06085";"2";"1";"1";"1";"667 Avenue Saint Martin";"43,6091650000";"6,9817130000"
"202100038840";"22";"05";"2021";"22:37";"5";"95";"95371";"2";"1";"1";"6";"11 Rue Jean JaurÃ©s";"49,0901580000";"2,5190500000"
"202100038841";"22";"05";"2021";"19:30";"3";"988";"98802";"1";"1";"1";"7";"RT1 BOULOUPARIS";" -21,8400890000";"165,9059790000"
"202100038842";"23";"05";"2021";"06:00";"3";"973";"97311";"1";"1";"1";"7";"Route de Mana";"5,4969850000";" -53,9715810000"
"202100038843";"23";"05";"2021";"00:10";"5";"971";"97111";"1";"1";"1";"1";"AllÃ©e du Coeur";"16,3212100000";" -61,7746420000"
"202100038844";"23";"05";"2021";"11:45";"1";"13";"13033";"1";"3";"1";"1";"D9";"43,3725180000";"5,1851150000"
"202100038845";"22";"05";"2021";"22:45";"3";"77";"77440";"1";"1";"1";"7";"D603";"48,9469630000";"3,0923620000"
"202100038846";"21";"05";"2021";"11:29";"1";"11";"11433";"1";"3";"1";"1";"D620";"43,3003060000";"2,4645420000"
"202100038847";"12";"05";"2021";"14:55";"1";"13";"13053";"2";"1";"7";"3";"Pont Royal";"43,7126270000";"5,1897850000"
"202100038848";"22";"05";"2021";"20:20";"1";"13";"13027";"2";"7";"1";"3";"D571";"43,8820980000";"4,8499730000"
"202100038849";"22";"05";"2021";"18:15";"1";"57";"57206";"2";"3";"8";"6";"7 Rue de Seremange";"49,3091060000";"6,1008400000"
"202100038850";"20";"05";"2021";"12:10";"1";"03";"03187";"1";"1";"1";"7";"Route des Piquins";"46,3415160000";"3,4485210000"
"202100038851";"23";"05";"2021";"18:30";"1";"74";"74185";"1";"1";"1";"7";"Rte des 3 Lacs";"46,1583430000";"6,2010310000"
"202100038852";"23";"05";"2021";"15:10";"1";"38";"38335";"1";"3";"1";"3";"D538";"45,3736290000";"5,0265460000"
"202100038853";"23";"05";"2021";"14:30";"1";"01";"01185";"1";"1";"1";"1";"Lieu dit Golet du Thioux  - RD 21";"45,9655740000";"5,5706910000"
"202100038854";"23";"05";"2021";"14:55";"1";"69";"69192";"1";"4";"1";"6";"D44";"46,0319644148";"4,5537583949"
"202100038855";"23";"05";"2021";"11:30";"1";"81";"81140";"1";"1";"1";"7";"En Ginest Petit";"43,6733540000";"1,8084790000"
"202100038856";"21";"05";"2021";"09:10";"1";"86";"86095";"2";"3";"1";"3";"D15";"46,7028740000";"0,4354130000"
"202100038857";"21";"05";"2021";"19:15";"1";"62";"62487";"2";"1";"6";"1";"Rue du stade";"50,8407040000";"1,7722210000"
"202100038858";"22";"05";"2021";"18:05";"1";"59";"59400";"2";"1";"1";"6";"18 Rue du Pont de Pierre";"50,6412020000";"2,6372670000"