"Num_Acc";"jour";"mois";"an";"hrmn";"lum";"dep";"com";"agg";"int";"atm";"col";"adr";"lat";"long"
"202100038859";"22";"05";"2021";"15:15";"1";"13";"13071";"1";"1";"1";"2";"A7-Sens Marseille vers Lyon";"43,4085212051";"5,2871918678"
"202100038860";"22";"05";"2021";"01:10";"3";"13";"13015";"1";"1";"2";"7";"A515CD-Gardanne vers A51-Marseille";"43,4305400000";"5,3907700000"
"202100038861";"21";"05";"2021";"21:49";"3";"13";"13005";"1";"1";"1";"2";"A50 - Sens Aubagne vers Marseille";"43,2864217000";"5,5674290657"
"202100038862";"21";"05";"2021";"10:00";"1";"13";"13055";"1";"1";"1";"2";"A507 sens Aubagne- Marseille";"43,3562362888";"5,3632667201"
"202100038863";"22";"05";"2021";"12:15";"1";"33";"33192";"1";"1";"3";"2";"N/A";"44,7895740000";" -0,6155640000"
"202100038864";"22";"05";"2021";"11:15";"1";"33";"33013";"1";"1";"2";"4";"N/A";"44,8663490000";" -0,4783440000"
"202100038865";"22";"05";"2021";"15:10";"1";"91";"91174";"1";"1";"1";"4";"RN 104";"48,6106000000";"2,4457400000"
"202100038866";"21";"05";"2021";"21:45";"2";"92";"92036";"1";"1";"1";"2";"AUTOROUTE A86";"48,9344980471";"2,3202310587"
"202100038867";"22";"05";"2021";"15:45";"1";"77";"77249";"1";"1";"2";"6";"RN104";"48,7388952522";"2,6128903609"
"202100038868";"21";"05";"2021";"09:30";"1";"94";"94018";"1";"1";"1";"2";"A4";"48,8243700000";"2,3941900000"
"202100038869";"17";"05";"2021";"15:33";"1";"68";"68066";"2";"9";"2";"6";"INGERSHEIM (ROUTE D')";"48,0851600000";"7,3441400000"
"202100038870";"9";"05";"2021";"00:10";"5";"93";"93008";"2";"9";"1";"3";"VAILLANT (AVENUE EDOUARD)";"48,9094047449";"2,4675995334"
"202100038871";"21";"05";"2021";"16:40";"1";"92";"92025";"2";"1";"2";"6";"CHARLES DE GAULLE (BD)";"48,9143852923";"2,2290006810"
"202100038872";"27";"02";"2021";"20:20";"5";"91";"91027";"2";"1";"1";"6";"RUE GEORGES FOURNIER";"48,7050100000";"2,3693300000"
"202100038873";"9";"02";"2021";"17:15";"2";"85";"85191";"2";"1";"2";"6";" ROND-POINT DUCHESNE-DE-DENANT";"46,6477900000";" -1,4370200000"
"202100038874";"13";"01";"2021";"18:25";"3";"41";"41018";"2";"1";"1";"6";"ARMAND (RUE LOUIS )";"47,5978800000";"1,3039600000"
"202100038875";"21";"05";"2021";"22:25";"5";"974";"97407";"2";"1";"1";"2";"VERDUN (BOULEVARD)";" -20,9421500000";"55,2925200000"
"202100038876";"20";"05";"2021";"08:50";"1";"974";"97407";"2";"1";"1";"3";"ROND POINT BUTTE CITRONNELLE";" -20,9316900000";"55,2968400000"
"202100038877";"21";"05";"2021";"15:10";"1";"973";"97302";"2";"1";"1";"3";"BADUEL (ROUTE DE)";"4,9387800000";" -52,3176000000"
"202100038878";"21";"05";"2021";"10:00";"1";"69";"69199";"2";"3";"1";"3";"CARNOT (R)";"45,7080100000";"4,8598100000"
"202100038879";"21";"05";"2021";"08:20";"1";"69";"69199";"2";"1";"1";"6";"DIDEROT  (AV)";"45,7050700000";"4,8528600000"
"202100038880";"21";"05";"2021";"15:36";"1";"972";"97213";"1";"1";"1";"3";"ROUTE DEPARTEMENTALE 3";"14,5980600000";" -60,9972400000"
"202100038881";"20";"05";"2021";"15:45";"1";"972";"97213";"1";"1";"1";"6";"ROUTE DEPARTEMENTALE 3";"14,5995452657";" -60,9971380236"
"202100038882";"21";"05";"2021";"22:15";"5";"69";"69034";"2";"1";"2";"7";"PAUL BOCUSE (PT)";"45,8127236339";"4,8472414488"
"202100038883";"21";"05";"2021";"19:30";"1";"69";"69385";"2";"1";"3";"7";"QUARANTAINE (DE LA) (R)";"45,7530721537";"4,8223512585"
"202100038884";"21";"05";"2021";"19:02";"1";"69";"69385";"2";"1";"3";"7";"ST BARTHELEMY                       (MO)";"45,7618000000";"4,8240000000"
"202100038885";"20";"05";"2021";"11:43";"1";"2B";"2B033";"2";"9";"1";"6";"ROUTE ROYALE";"42,6778584704";"9,4328825859"
"202100038886";"22";"04";"2021";"08:39";"1";"971";"97120";"2";"9";"1";"2";"GERTY ARCHIMEDE (RESIDENCE)";"16,2481600000";" -61,5376300000"
"202100038887";"22";"05";"2021";"00:30";"5";"91";"91103";"2";"1";"1";"7";"RUE COLLENOT";"48,6074300000";"2,3119300000"
"202100038888";"21";"05";"2021";"22:15";"5";"91";"91549";"2";"1";"1";"3";"REGIMENT NORMANDIE-NIEMEN (AVENUE DU)";"48,6377200000";"2,3285600000"
"202100038889";"21";"05";"2021";"19:17";"1";"91";"91691";"2";"9";"1";"3";"PIERRE BROSSOLETTE(RUE)";"48,7004000000";"2,4801400000"
"202100038890";"21";"05";"2021";"10:05";"1";"91";"91687";"2";"1";"8";"6";"GENERAL DE GAULLE (AVENUE DU)";"48,6800200000";"2,3806200000"
"202100038891";"20";"05";"2021";"16:50";"1";"88";"88160";"2";"2";"1";"1";"POISSOMPRE (FG DE)";"48,1826100000";"6,4721800000"
"202100038892";"21";"05";"2021";"09:01";"1";"87";"87114";"1";"1";"2";"2";"CROIX DE LA LIEUE (LA) - LIEU DIT";"45,8440800000";"1,3383400000"
"202100038893";"20";"05";"2021";"16:55";"1";"87";"87085";"2";"1";"1";"4";"REVOLUTION (AVENUE DE LA)";"45,8232700000";"1,2607000000"
"202100038894";"19";"05";"2021";"10:55";"1";"87";"87085";"2";"1";"1";"6";"FEYTIAT (RUE DE)";"45,8233100000";"1,2807100000"
"202100038895";"21";"05";"2021";"22:15";"3";"83";"83069";"2";"1";"1";"7";"DECUGIS (AVENUE ALFRED)";"43,1155200000";"6,1530500000"
"202100038896";"21";"05";"2021";"16:25";"1";"83";"83069";"2";"1";"1";"1";"ALMANARRE (ROUTE DE L')";"43,0965400000";"6,1315800000"
"202100038897";"21";"05";"2021";"13:00";"1";"81";"81065";"1";"1";"1";"5";"RN 112 (ROCADE SUD)";"43,5687946000";"2,2637221000"
"202100038898";"19";"05";"2021";"21:20";"2";"80";"80021";"2";"1";"1";"7";"FONTAINE BERTRICOURT (RUE DE LA )";"49,9221800000";"2,2698800000"
"202100038899";"20";"05";"2021";"20:00";"1";"78";"78015";"1";"3";"1";"3";"RD 55";"48,9918210000";"2,0584060000"
"202100038900";"21";"05";"2021";"03:30";"5";"76";"76351";"2";"1";"1";"6";"JENNER (PLACE)";"49,5083240000";"0,1361710000"
"202100038901";"11";"04";"2021";"12:30";"1";"70";"70550";"1";"2";"1";"3";"COURTOIS (RUE GUSTAVE)";"47,6266410000";"6,1390580000"
"202100038902";"20";"05";"2021";"13:00";"1";"69";"69290";"2";"6";"1";"3";"HEYRIEUX (D') (RTE)";"45,6809889976";"4,9596619606"
"202100038903";"11";"05";"2021";"08:40";"1";"68";"68066";"2";"6";"8";"6";"LIBERTE (AVENUE DE LA)";"48,0747450000";"7,3443030000"
"202100038904";"20";"05";"2021";"12:00";"1";"67";"67482";"2";"8";"8";"3";"COLMAR (AVENUE DE)";"48,5527700000";"7,7441500000"
"202100038905";"21";"05";"2021";"11:50";"1";"64";"64545";"2";"1";"2";"2";"RD810";"43,3609300000";" -1,6997700000"
"202100038906";"21";"05";"2021";"16:15";"1";"64";"64102";"2";"1";"8";"1";"DUVERGIER DE HAURANNE (AVENUE)";"43,4823100000";" -1,4656300000"
"202100038907";"20";"05";"2021";"16:00";"1";"64";"64024";"2";"1";"1";"7";"BAYONNE (AVENUE DE)";"43,4828900000";" -1,5039000000"
"202100038908";"20";"05";"2021";"18:38";"1";"63";"63113";"2";"1";"1";"3";"FONTGIEVE (RUE)";"45,7811500000";"3,0751300000"
"202100038909";"20";"05";"2021";"15:25";"1";"63";"63113";"2";"2";"1";"3";"REPUBLIQUE (AVENUE DE LA)";"45,7875600000";"3,1057500000"
"202100038910";"18";"05";"2021";"22:20";"3";"59";"59284";"1";"2";"1";"3";"CD 40";"50,4176310000";"3,4072340000"
"202100038911";"21";"05";"2021";"21:00";"2";"59";"59279";"2";"2";"1";"3";"PERI (RUE GABRIEL)";"50,7842390000";"3,1304430000"
"202100038912";"21";"05";"2021";"10:50";"1";"59";"59599";"2";"1";"2";"6";"LILLE (RUE DE)";"50,7228830000";"3,1492030000"
"202100038913";"21";"05";"2021";"09:00";"1";"59";"59599";"2";"1";"2";"6";"WATTINE (RUE CHARLES)";"50,7148240000";"3,1573880000"
"202100038914";"21";"05";"2021";"07:45";"1";"59";"59599";"2";"9";"2";"3";"FAGOT (RUE DU  MOULIN)";"50,7249630000";"3,1671940000"
"202100038915";"20";"05";"2021";"22:28";"3";"57";"57019";"2";"1";"1";"6";"USINE (RUE DE L')";"49,2622700000";"6,1254600000"
"202100038916";"21";"05";"2021";"14:15";"1";"49";"49267";"2";"1";"1";"7";"RD 116";"47,4871800000";" -0,4731200000"
"202100038917";"20";"05";"2021";"19:05";"1";"47";"47323";"1";"1";"1";"6";"PECH DE DURAND";"44,4400000000";"0,6990000000"
"202100038918";"19";"05";"2021";"13:00";"1";"47";"47323";"2";"2";"1";"3";"JUILLET (BOULEVARD DU 14)";"44,4092991878";"0,7023951709"
"202100038919";"16";"05";"2021";"15:00";"1";"44";"44055";"2";"1";"1";"3";"LAJARRIGE ( AVENUE LOUIS )";"47,2882600000";" -2,3884800000"
"202100038920";"20";"05";"2021";"22:10";"5";"37";"37261";"2";"3";"1";"3";"EUROPE (AVENUE DE L')";"47,4233027692";"0,6893700564"
"202100038921";"17";"05";"2021";"13:29";"1";"36";"36044";"2";"1";"1";"6";"39 Rue dâAuvergne";"46,8029300000";"1,6816000000"
"202100038922";"18";"05";"2021";"12:10";"1";"35";"35238";"2";"2";"1";"6";"LIBERTE (BD DE LA)";"48,1079200000";" -1,6821400000"
"202100038923";"21";"05";"2021";"08:20";"1";"35";"35278";"1";"1";"1";"2";"RN136";"48,1413100000";" -1,6791800000"
"202100038924";"21";"05";"2021";"06:00";"3";"33";"33003";"2";"6";"1";"3";"Avenue des Guerlandes -Rd 113";"44,9244600000";" -0,5299400000"
"202100038925";"20";"05";"2021";"08:20";"1";"33";"33075";"2";"2";"1";"3";"Avenue du MÃ©doc";"44,8796300000";" -0,6268100000"
"202100038926";"21";"05";"2021";"15:10";"1";"31";"31555";"2";"9";"1";"3";"AV DES ETATS UNIS";"43,6587600000";"1,4191800000"
"202100038927";"17";"05";"2021";"19:30";"1";"30";"30189";"2";"9";"1";"1";"CANAUX (CHEMIN)";"43,7805200000";"4,3488900000"
"202100038928";"11";"05";"2021";"09:30";"1";"29";"29232";"2";"2";"1";"3";"Route de Douarnenez";"48,0001000000";" -4,1123600000"
"202100038929";"18";"05";"2021";"13:15";"1";"27";"27375";"2";"2";"1";"3";"PACY (ROUTE DE)";"49,2034200000";"1,1854800000"
"202100038930";"20";"05";"2021";"16:00";"1";"18";"18033";"2";"1";"1";"2";"MALLET (RUE LOUIS)";"47,0818000000";"2,3677000000"
"202100038931";"21";"05";"2021";"06:00";"5";"17";"17415";"2";"6";"1";"2";"SAINTONGE A10 A ROCADE OUEST AVENUE DE";"45,7404100000";" -0,6623200000"
"202100038932";"20";"05";"2021";"10:06";"1";"17";"17306";"2";"1";"1";"2";"REPUBLIQUE (DE LA) (BD)";"45,6248500000";" -1,0270300000"
"202100038933";"20";"05";"2021";"16:25";"1";"14";"14220";"2";"9";"1";"3";"D677";"49,3526400000";"0,0903300000"
"202100038934";"21";"05";"2021";"16:50";"1";"14";"14271";"2";"1";"1";"1";"D562A";"49,1644300000";" -0,3658600000"
"202100038935";"20";"05";"2021";"16:40";"1";"14";"14137";"2";"1";"1";"6";"Rue de lâAvenir";"49,1893700000";" -0,4335300000"
"202100038936";"29";"04";"2021";"17:10";"1";"13";"13108";"2";"1";"1";"3";"GAMBETTA (BOULEVARD)";"43,8056700000";"4,6622800000"
"202100038937";"21";"05";"2021";"20:40";"2";"13";"13002";"2";"1";"8";"7";"HENRI TASSO (BOULEVARD)";"43,3385000000";"5,4767400000"
"202100038938";"21";"05";"2021";"16:45";"1";"13";"13209";"2";"1";"1";"3";"MICHELET (BOULEVARD)";"43,2615690000";"5,3975010000"
"202100038939";"21";"05";"2021";"03:18";"5";"13";"13209";"2";"1";"1";"7";"MARÃCHAL DE LATTRE (AVENUE)";"43,2479800000";"5,4063100000"
"202100038940";"21";"05";"2021";"00:05";"5";"13";"13205";"2";"3";"1";"4";"DOCTEUR SIM. SEDAN (RUE)";"43,2948900000";"5,3980500000"
"202100038941";"21";"05";"2021";"09:45";"1";"13";"13028";"2";"9";"1";"6";"FRANCE (BOULEVARD ANATOLE)";"43,1751300000";"5,6103800000"
"202100038942";"21";"05";"2021";"07:00";"2";"13";"13005";"2";"1";"1";"6";"RN 8";"43,2871956464";"5,5836391932"
"202100038943";"21";"05";"2021";"17:43";"1";"10";"10362";"2";"1";"1";"2";"ROCADE OUEST (RD 610)";"48,2907000000";"4,0358400000"
"202100038944";"19";"05";"2021";"19:00";"1";"10";"10357";"2";"1";"2";"6";"AIRE DES MOISSONS";"48,2928000000";"4,1317000000"
"202100038945";"20";"05";"2021";"10:00";"1";"10";"10387";"2";"9";"1";"6";"ANATOLE FRANCE (RUE)";"48,2798500000";"4,0693900000"
"202100038946";"19";"05";"2021";"11:13";"1";"10";"10387";"2";"2";"1";"6";"EDOUARD HERRIOT (RUE)";"48,2770240000";"4,0764950000"
"202100038947";"21";"05";"2021";"01:30";"5";"06";"06069";"2";"1";"1";"7";"GRAND CHENE (CHEMIN DU)";"43,6378100000";"6,9281800000"
"202100038948";"21";"05";"2021";"12:55";"1";"06";"06123";"2";"1";"1";"6";"DELATTRE DE TASSIGNY BD DU MAL";"43,6629920000";"7,1896160000"
"202100038949";"21";"05";"2021";"13:30";"1";"06";"06027";"2";"1";"1";"7";"GAUDE AVENUE DE LA";"43,6810300000";"7,1497000000"
"202100038950";"20";"05";"2021";"19:40";"2";"06";"06027";"2";"1";"1";"6";"ROSERAIE AVENUE DE LA";"43,6589400000";"7,1377400000"
"202100038951";"20";"05";"2021";"17:07";"1";"06";"06027";"2";"1";"1";"2";"Promenade de la Plage";"43,6566400000";"7,1780700000"
"202100038952";"21";"05";"2021";"16:15";"1";"01";"01053";"2";"2";"3";"6";"KENNEDY BVD J  - IMPAIR DE EUROPE A DIME";"46,2065000000";"5,2402200000"
"202100038953";"21";"05";"2021";"12:00";"1";"75";"75112";"2";"1";"1";"2";"PORTE DE CHARENTON";"48,8302760000";"2,4020370000"
"202100038954";"21";"05";"2021";"08:45";"1";"75";"75113";"2";"1";"1";"7";"PORTE D IVRY";"48,8223130000";"2,3803760000"
"202100038955";"21";"05";"2021";"21:15";"4";"75";"75105";"2";"1";"1";"3";"RUE DES FOSSES SAINT BERNARD";"48,8486560000";"2,3551010000"
"202100038956";"20";"05";"2021";"20:35";"1";"75";"75105";"2";"3";"1";"6";"BOULEVARD SAINT MARCEL";"48,8391090000";"2,3591910000"
"202100038957";"20";"05";"2021";"13:10";"1";"75";"75106";"2";"2";"1";"6";"QUAI DES GRANDS AUGUSTINS";"48,8539220000";"2,3441220000"
"202100038958";"20";"05";"2021";"13:05";"1";"75";"75119";"2";"3";"8";"3";"BOULEVARD MACDONALD";"48,8988460000";"2,3781150000"
"202100038959";"20";"05";"2021";"13:10";"1";"75";"75119";"2";"2";"1";"3";"RUE DU DOCTEUR POTAIN";"48,8782490000";"2,3979250000"
"202100038960";"21";"05";"2021";"14:20";"1";"75";"75117";"2";"2";"1";"6";"BOULEVARD DE COURCELLES";"48,8808600000";"2,3125530000"
"202100038961";"21";"05";"2021";"14:50";"1";"75";"75116";"2";"3";"1";"2";"RUE DUFRENOY";"48,8665470000";"2,2723090000"
"202100038962";"20";"05";"2021";"12:30";"1";"75";"75116";"2";"2";"1";"5";"AVENUE MARCEAU";"48,8674480000";"2,2992360000"
"202100038963";"21";"05";"2021";"17:40";"1";"75";"75115";"2";"1";"8";"6";"RUE DURANTON";"48,8407940000";"2,2850340000"
"202100038964";"21";"05";"2021";"15:00";"1";"75";"75115";"2";"3";"1";"3";"RUE DE SEVRES";"48,8460820000";"2,3142420000"
"202100038965";"21";"05";"2021";"10:29";"1";"75";"75113";"2";"1";"1";"2";"QUAI PANHARD ET LEVASSOR";"48,8318820000";"2,3801890000"
"202100038966";"21";"05";"2021";"16:20";"1";"75";"75112";"2";"1";"1";"7";"ROUTE ROYALE DE BEAUTE";"48,8341890000";"2,4427960000"
"202100038967";"21";"05";"2021";"17:55";"1";"75";"75111";"2";"2";"1";"3";"RUE DE CANDIE";"48,8515270000";"2,3787830000"
"202100038968";"21";"05";"2021";"10:35";"1";"75";"75111";"2";"1";"1";"6";"BOULEVARD DE MENILMONTANT";"48,8623980000";"2,3875330000"
"202100038969";"21";"05";"2021";"15:10";"1";"75";"75110";"2";"1";"1";"6";"RUE LA FAYETTE";"48,8780490000";"2,3522580000"
"202100038970";"21";"05";"2021";"15:18";"1";"75";"75109";"2";"3";"1";"3";"RUE DROUOT";"48,8732690000";"2,3405510000"
"202100038971";"21";"05";"2021";"12:59";"1";"75";"75108";"2";"4";"1";"3";"RUE DE COURCELLES";"48,8773430000";"2,3067150000"
"202100038972";"21";"05";"2021";"20:20";"1";"75";"75102";"2";"2";"1";"3";"RUE VIVIENNE";"48,8673030000";"2,3346030000"
"202100038973";"21";"05";"2021";"19:30";"1";"75";"75104";"2";"1";"1";"7";"QUAI HENRI IV";"48,8473670000";"2,3647630000"
"202100038974";"21";"05";"2021";"15:40";"1";"94";"94068";"2";"1";"1";"6";"Boulevard du GÃ©nÃ©ral Giraud";"48,7975200000";"2,4751800000"
"202100038975";"21";"05";"2021";"13:17";"1";"94";"94041";"2";"9";"1";"2";"Avenue Georges Gosnat";"48,8134500000";"2,3885900000"
"202100038976";"21";"05";"2021";"17:20";"1";"94";"94028";"2";"1";"1";"6";"LAFERRIERE(AVENUE)";"48,8000000000";"2,4500000000"
"202100038977";"21";"05";"2021";"16:23";"1";"94";"94011";"2";"9";"1";"3";"Avenue Rhin et Danube";"48,7727500000";"2,4905200000"
"202100038978";"21";"05";"2021";"13:35";"1";"94";"94028";"2";"1";"1";"3";"GOUNOD.(RUE CHARLES)";"48,7838700000";"2,4478900000"
"202100038979";"20";"05";"2021";"22:55";"5";"94";"94041";"2";"1";"1";"6";"Rue Ernest Renan";"48,8050000000";"2,4001300000"
"202100038980";"21";"05";"2021";"18:40";"1";"94";"94044";"2";"1";"8";"6";"Avenue du GÃ©nÃ©ral Leclerc";"48,7462759557";"2,5107407570"
"202100038981";"21";"05";"2021";"12:40";"1";"94";"94004";"2";"1";"1";"2";"Avenue du GÃ©nÃ©ral Leclerc";"48,7473795714";"2,5097966194"
"202100038982";"21";"05";"2021";"12:00";"1";"94";"94071";"2";"3";"1";"3";"SABLIERE (AV DE LA)";"48,7668300000";"2,5064400000"
"202100038983";"21";"05";"2021";"20:00";"1";"93";"93078";"2";"2";"1";"3";"Avenue Charles de Gaulle / Avenue des Fauvettes";"48,9555200000";"2,5528200000"
"202100038984";"21";"05";"2021";"08:00";"1";"93";"93070";"2";"1";"1";"1";"VICTOR-HUGO (BD)";"48,9042500000";"2,3217500000"
"202100038985";"21";"05";"2021";"19:15";"1";"93";"93039";"2";"9";"1";"3";"Boulevard Marcel Paul";"48,9196590000";"2,3273350000"
"202100038986";"21";"05";"2021";"19:13";"1";"93";"93066";"2";"1";"1";"3";"Rue Ambroise Croizat";"48,9324090000";"2,3488460000"
"202100038987";"21";"05";"2021";"17:35";"1";"93";"93062";"2";"1";"2";"2";"Boulevard de lâEst";"48,8964448138";"2,5269874335"
"202100038988";"21";"05";"2021";"09:40";"1";"93";"93048";"2";"1";"1";"6";"Boulevard ThÃ©ophile Sueur";"48,8645800000";"2,4679700000"
"202100038989";"21";"05";"2021";"18:40";"1";"93";"93046";"2";"1";"1";"5";"Boulevard Jean Moulin";"48,9114550000";"2,5131610000"
"202100038990";"21";"05";"2021";"16:45";"1";"93";"93046";"2";"1";"2";"6";"AGUESSEAU ALLEE D'";"48,9239400000";"2,5292700000"
"202100038991";"20";"05";"2021";"08:45";"1";"93";"93063";"2";"2";"8";"1";"BRANLY BD EDOUARD";"48,8732200000";"2,4401300000"
"202100038992";"21";"05";"2021";"10:40";"1";"93";"93032";"2";"1";"1";"3";"Rue Aristide Briand";"48,8789150000";"2,5332520000"
"202100038993";"21";"05";"2021";"14:45";"1";"93";"93057";"2";"1";"1";"1";"CHANZY ( AV.)";"48,9104560000";"2,5196580000"
"202100038994";"21";"05";"2021";"21:00";"5";"92";"92046";"2";"3";"1";"7";"Paul vaillant couturier";"48,8170500000";"2,2919100000"
"202100038995";"21";"05";"2021";"08:35";"1";"92";"92073";"2";"1";"1";"3";"FUSILLES DE LA RESISTANCE 1940-1945 (ROU";"48,8787202496";"2,2174036503"
"202100038996";"21";"05";"2021";"12:00";"1";"92";"92051";"2";"1";"1";"6";"JACQUES DULUD (RUE)";"48,8804524586";"2,2701365501"
"202100038997";"20";"05";"2021";"09:55";"1";"92";"92020";"2";"1";"8";"6";"PARIS AVENUE DE NÂ° IMPAIRS";"48,8058459462";"2,2915613651"
"202100038998";"21";"05";"2021";"19:05";"1";"92";"92044";"2";"1";"1";"2";"VILLIERS(RUE DE)  54A86";"48,8914858044";"2,2782978415"
"202100038999";"21";"05";"2021";"19:37";"2";"92";"92040";"2";"4";"2";"7";"VERDUN (AVENUE DE) DU 152 AU 226";"48,8188294152";"2,2436839342"
"202100039000";"21";"05";"2021";"18:50";"1";"92";"92035";"2";"7";"2";"3";"National ( boulevard )";"48,9068423437";"2,2387942672"
"202100039001";"21";"05";"2021";"20:35";"1";"92";"92012";"2";"1";"1";"3";"REINE (ROUTE DE LA) 82/FIN - 107TER/FIN";"48,8401432716";"2,2354093194"
"202100039002";"21";"05";"2021";"08:20";"1";"92";"92012";"2";"3";"1";"3";"PARIS (RUE DE) 1/97 - 2/114";"48,8411539340";"2,2401796281"
"202100039003";"21";"05";"2021";"18:11";"1";"92";"92002";"2";"9";"1";"4";"LEON JOUHAUX (AVENUE)";"48,7340402182";"2,3132939637"
"202100039004";"22";"05";"2021";"14:30";"1";"42";"42120";"2";"1";"1";"2";"304 Route d'Ouches";"45,9994599582";"3,9806256741"
"202100039005";"22";"05";"2021";"05:00";"2";"57";"57097";"1";"6";"2";"6";"D954";"49,1955030000";"6,5158370000"
"202100039006";"21";"05";"2021";"16:50";"1";"74";"74096";"1";"3";"8";"3";"D1201";"46,0428180000";"6,0973910000"
"202100039007";"21";"05";"2021";"22:19";"3";"79";"79123";"1";"1";"1";"6";"N/A";"46,7890860000";" -0,6520130000"
"202100039008";"21";"05";"2021";"18:50";"1";"2B";"2B246";"2";"1";"1";"6";"place du village";"42,4226630000";"9,3528410000"
"202100039009";"21";"05";"2021";"12:00";"1";"81";"81325";"2";"1";"1";"3";"D621";"43,5529100000";"2,1730400000"
"202100039010";"22";"05";"2021";"11:00";"1";"65";"65130";"1";"1";"1";"2";"pk 24+320";"43,6004390000";" -0,0189690000"
"202100039011";"22";"05";"2021";"12:00";"1";"71";"71558";"1";"3";"1";"1";"540 Route des Charmettes";"46,4918800000";"5,2434610000"
"202100039012";"21";"05";"2021";"20:30";"3";"89";"89376";"1";"1";"1";"6";"Chemin communal";"47,6609360000";"4,0774730000"
"202100039013";"21";"05";"2021";"17:10";"1";"63";"63453";"1";"1";"2";"1";"RD 04";"45,7862000000";"3,2734110000"
"202100039014";"22";"05";"2021";"19:10";"1";"34";"34319";"1";"1";"1";"7";"RD125";"43,5356070000";"3,3092880000"
"202100039015";"21";"05";"2021";"16:35";"1";"68";"68042";"2";"1";"3";"1";"Avenue Nathan Katz";"47,5957380000";"7,5015380000"
"202100039016";"9";"05";"2021";"17:15";"1";"44";"44154";"1";"1";"8";"3";"RD 213";"47,2422690000";" -2,1597900000"
"202100039017";"22";"05";"2021";"05:48";"2";"44";"44164";"2";"1";"1";"6";"19 Les Moricets";"47,1009200000";" -1,8572950000"
"202100039018";"21";"05";"2021";"21:30";"3";"35";"35179";"1";"1";"8";"6";"Le Petit Angle";"48,5316830000";" -1,8879640000"
"202100039019";"22";"05";"2021";"11:35";"1";"31";"31080";"2";"9";"1";"6";"Boulevard Raymond Bergougnan";"43,2879680000";"0,6476840000"
"202100039020";"21";"05";"2021";"18:30";"1";"03";"03289";"1";"1";"3";"7";"dÃ©partementale 568";"46,3629220000";"3,5242720000"
"202100039021";"21";"05";"2021";"21:15";"5";"01";"01263";"2";"2";"2";"3";"INTERSECTION D27/D933";"46,0798400000";"4,7692470000"
"202100039022";"21";"05";"2021";"19:30";"1";"58";"58083";"2";"1";"1";"2";"Avenue Saint-jean";"47,2539510000";"3,6783330000"
"202100039023";"20";"05";"2021";"12:35";"1";"54";"54394";"1";"1";"1";"6";"D156";"49,3514494157";"5,8475589747"
"202100039024";"22";"05";"2021";"03:30";"4";"60";"60435";"2";"4";"9";"6";"D150";"49,5767355128";"1,8769090175"
"202100039025";"22";"05";"2021";"09:25";"1";"16";"16276";"1";"1";"1";"1";"D14";"45,4166880000";" -0,1909250000"
"202100039026";"21";"05";"2021";"10:50";"1";"28";"28214";"2";"2";"1";"3";"Rue Jean Renauldon";"48,4681890000";"1,0084220000"
"202100039027";"22";"05";"2021";"09:30";"1";"37";"37084";"1";"1";"1";"6";"LA HAUTE FORET DE CHATEAU LA VALLIERE";"47,5424162394";"0,3709902763"
"202100039028";"21";"05";"2021";"19:30";"5";"987";"98734";"2";"1";"1";"3";"PK 37+300";" -17,7233790000";" -149,5057300000"
"202100039029";"22";"05";"2021";"14:00";"1";"82";"82149";"1";"1";"1";"7";"A20 - PK 402.900";"44,1102530000";"1,4655590000"
"202100039030";"22";"05";"2021";"03:38";"5";"60";"60138";"1";"9";"1";"6";"BarriÃ¨re de pÃ©age de CHAMANT, autoroute A1";"49,2155260000";"2,6279430000"
"202100039031";"21";"05";"2021";"11:50";"1";"91";"91661";"2";"2";"1";"3";"Avenue de la Plesse";"48,7009670000";"2,2524650000"
"202100039032";"21";"05";"2021";"19:40";"1";"2A";"2A247";"1";"1";"1";"3";"Voie Communale Ldt Pezza Cardo";"41,6207040000";"9,2986820000"
"202100039033";"21";"05";"2021";"21:05";"5";"34";"34182";"2";"1";"1";"6";"Avenue de Tourbes";"43,4218150000";"3,4066950000"
"202100039034";"22";"05";"2021";"09:55";"1";"05";"05166";"1";"1";"1";"3";"RD 1075";"44,4127240000";"5,7246920000"
"202100039035";"22";"05";"2021";"03:45";"3";"58";"58124";"1";"1";"8";"6";"D.254";"47,0857640000";"3,0502240000"
"202100039036";"21";"05";"2021";"07:20";"1";"21";"21183";"1";"4";"1";"3";"D905";"47,2102250000";"5,2752670000"
"202100039037";"20";"05";"2021";"09:15";"1";"07";"07324";"2";"2";"1";"2";"Avenue de NÃ®mes";"45,0593920000";"4,8414950000"
"202100039038";"21";"05";"2021";"18:00";"1";"50";"50297";"1";"1";"2";"7";"La Caillourie";"49,1805680000";" -1,0902050000"
"202100039039";"13";"05";"2021";"20:00";"1";"59";"59136";"2";"1";"1";"6";"31 Chemin de Montay";"50,1097170000";"3,5422400000"
"202100039040";"21";"05";"2021";"14:10";"1";"13";"13088";"1";"1";"1";"5";"A55-Sens Marseille vers Martigues";"43,3858400000";"5,2395000000"
"202100039041";"20";"05";"2021";"18:16";"1";"13";"13005";"1";"1";"1";"2";"A50-Sens Marseille vers Aubagne";"43,2865250000";"5,5363290000"
"202100039042";"19";"05";"2021";"07:05";"1";"69";"69294";"1";"1";"1";"4";"A7";"45,6373211455";"4,8227448463"
"202100039043";"21";"05";"2021";"17:30";"1";"91";"91340";"1";"1";"1";"3";"RN 104";"48,6091000000";"2,4394500000"
"202100039044";"21";"05";"2021";"14:28";"1";"91";"91689";"1";"1";"1";"4";"AUTOROUTE A6B";"48,7393500000";"2,3200900000"