"Num_Acc";"jour";"mois";"an";"hrmn";"lum";"dep";"com";"agg";"int";"atm";"col";"adr";"lat";"long"
"202100039045";"21";"05";"2021";"14:55";"1";"78";"78007";"1";"1";"1";"4";"A13 Y";"48,8970200000";"2,0064600000"
"202100039046";"21";"05";"2021";"09:15";"1";"78";"78466";"1";"1";"1";"3";"A13";"48,9320250000";"1,9766760000"
"202100039047";"21";"05";"2021";"19:30";"1";"93";"93008";"1";"1";"1";"3";"AUTOROUTE A86";"48,9128800000";"2,4359200000"
"202100039048";"21";"05";"2021";"08:00";"1";"93";"93053";"1";"1";"1";"2";"AUTOROUTE A103";"48,8908853098";"2,4730238728"
"202100039049";"20";"05";"2021";"19:50";"1";"92";"92036";"1";"1";"1";"2";"AUTOROUTE A15";"48,9379300000";"2,2979500000"
"202100039050";"20";"05";"2021";"17:40";"1";"93";"93078";"1";"1";"1";"3";"AUTOROUTE A104";"48,9597900000";"2,5250400000"
"202100039051";"21";"05";"2021";"12:10";"1";"94";"94028";"1";"1";"1";"2";"A86 EXT";"48,7761700000";"2,4352700000"
"202100039052";"21";"05";"2021";"03:00";"3";"77";"77373";"1";"9";"1";"6";"RN104";"48,7749600662";"2,6123786917"
"202100039053";"20";"05";"2021";"16:00";"1";"93";"93066";"2";"7";"1";"3";"88/114 Avenue de Stalingrad";"48,9472580000";"2,3735640000"
"202100039054";"19";"05";"2021";"09:25";"1";"34";"34172";"2";"1";"1";"6";"LAVERUNE (ROUTE DE";"43,6025420000";"3,8543540000"
"202100039055";"20";"05";"2021";"10:14";"1";"93";"93053";"2";"3";"1";"3";"Rue du Parc / Rue LÃ©o Lagrange";"48,8934580000";"2,4443560000"
"202100039056";"23";"02";"2021";"09:15";"1";"64";"64260";"2";"6";"7";"6";"ALLEES (RUE DES)";"43,3551700000";" -1,7745400000"
"202100039057";"27";"02";"2021";"09:05";"1";"47";"47195";"2";"1";"7";"6";"Avenue de Lattre de Tassigny";"44,1349670000";"0,3413220000"
"202100039058";"20";"05";"2021";"10:15";"1";"974";"97411";"2";"9";"1";"7";"BRASSENS (AVENUE GEORGES)";" -20,9011900000";"55,4877900000"
"202100039059";"20";"05";"2021";"21:05";"2";"69";"69259";"2";"3";"1";"3";"MARTYRS DE LA RESISTANCE (DES) (R)";"45,6918600000";"4,8722700000"
"202100039060";"20";"05";"2021";"15:55";"1";"69";"69388";"2";"9";"1";"3";"JEAN MERMOZ                         (AV)";"45,7349600000";"4,8738400000"
"202100039061";"20";"05";"2021";"15:10";"1";"69";"69387";"2";"1";"1";"2";"JEAN JAURES                         (AV)";"45,7488600000";"4,8440300000"
"202100039062";"20";"05";"2021";"14:45";"1";"69";"69383";"2";"2";"1";"3";"FELIX FAURE                         (AV)";"45,7540900000";"4,8636100000"
"202100039063";"20";"05";"2021";"12:20";"1";"69";"69388";"2";"1";"1";"6";"VIENNE (DE) (RTE)";"45,7302900000";"4,8535600000"
"202100039064";"19";"05";"2021";"21:45";"5";"69";"69387";"2";"1";"2";"2";"BERTHELOT                           (AV)";"45,7432000000";"4,8481200000"
"202100039065";"20";"05";"2021";"21:40";"5";"69";"69389";"2";"1";"1";"7";"MOUILLARD (R)";"45,7841700000";"4,8032900000"
"202100039066";"20";"05";"2021";"17:15";"1";"69";"69384";"2";"2";"1";"3";"PHILIPPE DE LASSALLE (R)";"45,7795928519";"4,8204544951"
"202100039067";"20";"05";"2021";"09:25";"1";"2B";"2B033";"2";"4";"1";" -1";"LUCE DE CASABIANCA -RUE";"42,7062700000";"9,4527700000"
"202100039068";"20";"05";"2021";"11:30";"1";"971";"97101";"1";"2";"1";"7";"AMEDEE CLOTILDE - CARAQUE (RUE)";"16,2545700000";" -61,4880200000"
"202100039069";"19";"05";"2021";"11:00";"1";"2A";"2A004";"2";"1";"1";"7";"MACCHINI EUGENE AVENUE";"41,9185146245";"8,7369443341"
"202100039070";"20";"05";"2021";"21:20";"5";"91";"91216";"2";"4";"1";"2";"GRAND VAUX (RUE)";"48,6744010000";"2,3347680000"
"202100039071";"12";"05";"2021";"10:09";"1";"91";"91570";"2";"1";"1";"3";"MONTLHERY (RUE)";"48,6341600000";"2,2971100000"
"202100039072";"20";"05";"2021";"12:00";"1";"91";"91477";"2";"2";"1";"3";"VALLEE (CHEMIN DE LA)";"48,7238100000";"2,2382600000"
"202100039073";"20";"05";"2021";"17:25";"1";"91";"91421";"1";"1";"1";"3";"NATIONALE 6 (PARTIE FORET)";"48,6898900000";"2,4652400000"
"202100039074";"5";"05";"2021";"13:50";"1";"91";"91228";"2";"3";"1";"3";"BD ROBERT SCHUMAN";"48,6187000000";"2,4200000000"
"202100039075";"19";"05";"2021";"16:41";"1";"87";"87075";"2";"1";"2";"7";"MARS 1962 (RUE DU 19)";"45,8090000000";"1,2258200000"
"202100039076";"19";"05";"2021";"11:04";"1";"87";"87065";"1";"3";"3";"3";"RD 704A";"45,7982500000";"1,2956500000"
"202100039077";"7";"04";"2021";"10:04";"1";"83";"83129";"2";"1";"1";"6";"BAYLE (TRAVERSE) NÂ° PAIRS";"43,0918940000";"5,8442280000"
"202100039078";"18";"05";"2021";"11:25";"1";"80";"80021";"2";"1";"1";"4";"SALVADOR ALLENDE (AVENUE)";"49,8981020000";"2,2831020000"
"202100039079";"18";"05";"2021";"16:50";"1";"80";"80021";"2";"1";"1";"4";"GENERAL DE GAULLE (AVENUE DE )";"49,9040100000";"2,3007200000"
"202100039080";"19";"05";"2021";"05:45";"5";"77";"77296";"2";"1";"2";"6";"RUE DENIS PAPIN";"48,6191400000";"2,5811400000"
"202100039081";"19";"05";"2021";"23:20";"5";"76";"76351";"2";"1";"1";"6";"GENERAL FERRIE (AVENUE)";"49,5042689999";"0,1781417094"
"202100039082";"20";"05";"2021";"13:25";"1";"76";"76414";"1";"1";"1";"1";"MONT DE L'EPINETTE (RAMPE DU)";"49,9046200000";"1,1353100000"
"202100039083";"20";"05";"2021";"05:55";"2";"74";"74298";"2";"6";"1";"3";"EUROPE (AVENUE DE L')";"46,1772100000";"6,2442500000"
"202100039084";"19";"05";"2021";"13:15";"1";"72";"72181";"2";"3";"1";"6";"GENESLAY FELIX (AV) NÂ° IMP 385 ET plus";"47,9615200000";"0,2002000000"
"202100039085";"20";"05";"2021";"16:20";"1";"69";"69264";"2";"1";"1";"2";"EUROPE  (DE L') (AV)";"45,9920300000";"4,7422800000"
"202100039086";"19";"05";"2021";"19:10";"1";"67";"67482";"2";"3";"8";"3";"MARGUERITE YOURCENAR (RUE)";"48,5974770000";"7,7038700000"
"202100039087";"20";"05";"2021";"15:00";"1";"66";"66136";"2";"1";"1";"2";"LANGUEDOC (AVENUE DU CD 88)";"42,7260700000";"2,8875500000"
"202100039088";"19";"05";"2021";"09:30";"1";"64";"64545";"1";"1";"2";"1";"RD810";"43,3615100000";" -1,7194800000"
"202100039089";"20";"05";"2021";"18:05";"1";"64";"64445";"2";"1";"1";"2";"LIEGE DE";"43,2997300000";" -0,3744900000"
"202100039090";"20";"05";"2021";"19:45";"1";"64";"64445";"2";"1";"1";"3";"TOURASSE";"43,3110000000";" -0,3621000000"
"202100039091";"19";"05";"2021";"18:00";"1";"64";"64445";"2";"1";"1";"3";"LEON BLUM";"43,3154400000";" -0,3324500000"
"202100039092";"19";"05";"2021";"18:20";"1";"64";"64125";"2";"1";"1";"3";"CUMBA (AVENUE)";"43,4467400000";" -1,5791400000"
"202100039093";"19";"05";"2021";"17:30";"1";"64";"64024";"2";"1";"1";"3";"PITOYS (ROUTE DE)";"43,4637900000";" -1,5042900000"
"202100039094";"19";"05";"2021";"13:26";"1";"64";"64102";"2";"1";"2";"7";"PAULMY (AVENUE DES ALLEES)";"43,4897600000";" -1,4821000000"
"202100039095";"19";"05";"2021";"12:25";"1";"64";"64024";"2";"1";"2";"3";"CAMOUSEIGT (ALLEE DE)";"43,4843700000";" -1,5182900000"
"202100039096";"12";"05";"2021";"19:25";"1";"62";"62498";"2";"2";"1";"3";"VAN PELT (AV. ALFRED)";"50,4289300000";"2,8359000000"
"202100039097";"19";"05";"2021";"07:45";"1";"60";"60665";"1";"1";"8";"2";"RN 1031";"49,4105100000";"2,7744700000"
"202100039098";"12";"05";"2021";"07:55";"1";"60";"60159";"2";"6";"1";"6";"Avenue du MarÃ©chal de Lattre de Tassigny";"49,4043600000";"2,8109200000"
"202100039099";"20";"05";"2021";"05:45";"1";"59";"59299";"2";"2";"1";"3";"GUESDE (RUE JULES)";"50,6543380000";"3,1891310000"
"202100039100";"19";"05";"2021";"15:05";"1";"56";"56121";"2";"3";"1";"3";"KERULVE (RUE  DE )";"47,7642100000";" -3,3895500000"
"202100039101";"21";"05";"2021";"03:30";"5";"54";"54395";"2";"1";"1";"6";"ALIX-LE-CLERC (RUE)";"48,7018341209";"6,1668893695"
"202100039102";"20";"05";"2021";"18:00";"1";"51";"51454";"2";"1";"1";"7";"Avenue du MarÃ©chal Juin";"49,2220670000";"4,0178240000"
"202100039103";"20";"05";"2021";"10:40";"1";"45";"45234";"2";"3";"1";"3";"Route dâOlivet";"47,8794200000";"1,9029200000"
"202100039104";"19";"05";"2021";"11:55";"1";"44";"44190";"2";"1";"1";"6";"RUE DU GENERAL DE GAULLE";"47,2000000000";" -1,4929000000"
"202100039105";"20";"05";"2021";"10:19";"1";"37";"37261";"2";"3";"1";"6";"VAILLANT (RUE EDOUARD)";"47,3869769068";"0,6981499717"
"202100039106";"19";"05";"2021";"14:15";"1";"37";"37261";"2";"1";"8";"5";"POMPIDOU (AVENUE GEORGES)";"47,3880727435";"0,7083515525"
"202100039107";"19";"05";"2021";"08:25";"1";"37";"37233";"2";"6";"1";"3";"ARC EN CIEL ( ROND POINT DE L')";"47,3921394375";"0,7253188448"
"202100039108";"19";"05";"2021";"11:54";"1";"36";"36044";"2";"1";"8";"5";"89 Avenue Jean Patureau Francoeur";"46,7816000000";"1,7067000000"
"202100039109";"20";"05";"2021";"12:10";"1";"35";"35238";"2";"1";"1";"6";"VOLCLAIR (BD LOUIS)";"48,0882400000";" -1,6618400000"
"202100039110";"20";"05";"2021";"10:10";"1";"35";"35051";"2";"6";"1";"3";"TAILLIS (ROND-POINT DU)";"48,1145000000";" -1,6200000000"
"202100039111";"5";"05";"2021";"11:10";"1";"34";"34032";"2";"2";"7";"6";"MOULIN JEAN (AV)";"43,3464970000";"3,2190290000"
"202100039112";"19";"05";"2021";"20:35";"1";"33";"33063";"2";"7";"1";"3";"Place Jean JaurÃ¨s";"44,8432900000";" -0,5703700000"
"202100039113";"20";"05";"2021";"16:20";"1";"31";"31555";"2";"1";"1";"6";"AV LOUIS BAZERQUE";"43,5713400000";"1,3918700000"
"202100039114";"20";"05";"2021";"14:20";"1";"31";"31555";"2";"1";"1";"3";"GRANDE BRETAGNE (AV DE) DU 39AU 306";"43,5984300000";"1,4186400000"
"202100039115";"20";"05";"2021";"04:40";"3";"29";"29232";"1";"1";"1";"6";"N165 - Le Loch";"48,0172200000";" -4,0810800000"
"202100039116";"19";"05";"2021";"21:37";"1";"29";"29051";"1";"1";"1";"6";"Rue de la Papeterie";"48,0270600000";" -4,0214700000"
"202100039117";"20";"05";"2021";"14:44";"1";"25";"25462";"2";"3";"1";"6";"REPUBLIQUE DE LA";"46,9021500000";"6,3582500000"
"202100039118";"20";"05";"2021";"05:50";"2";"24";"24037";"2";"9";"1";"3";"PASTEUR (AVENUE)";"44,8569200000";"0,4919200000"
"202100039119";"24";"04";"2021";"15:45";"1";"22";"22187";"2";"2";"1";"3";"RUE DU G.DE GAULLE";"48,5402790000";" -2,7711200000"
"202100039120";"25";"04";"2021";"15:35";"1";"22";"22278";"2";"7";"1";"7";"SAINT-THERESE (PL.)";"48,5065809746";" -2,7506750819"
"202100039121";"7";"05";"2021";"17:55";"1";"22";"22360";"1";"6";"1";"3";"Le Guerneau";"48,4778910000";" -2,7682020000"
"202100039122";"2";"04";"2021";"18:20";"1";"22";"22278";"2";"1";"1";"1";"GOUEDIC (DE)";"48,5092240968";" -2,7543754576"
"202100039123";"17";"05";"2021";"07:52";"1";"19";"19272";"2";"9";"2";"7";"Alsace Lorraine (Avenue)";"45,2605568795";"1,7549835401"
"202100039124";"20";"05";"2021";"20:45";"1";"17";"17028";"2";"1";"1";"6";"CORBUSIER   RUE LE";"46,1325100000";" -1,0901900000"
"202100039125";"19";"05";"2021";"17:10";"1";"15";"15014";"2";"1";"1";"3";"Cours dâAngouleme";"44,9301000000";"2,4499100000"
"202100039126";"20";"05";"2021";"20:00";"1";"13";"13208";"2";"2";"1";"1";"ROUET (RUE DU)";"43,2790300000";"5,3917600000"
"202100039127";"20";"05";"2021";"13:30";"1";"13";"13207";"2";"2";"1";"3";"ENDOUME (RUE D')";"43,2861100000";"5,3603200000"
"202100039128";"20";"05";"2021";"07:30";"1";"13";"13210";"2";"1";"1";"6";"PONT DE VIVAUX (BOULEVARD)";"43,2806470000";"5,4210690000"
"202100039129";"19";"05";"2021";"14:50";"1";"10";"10387";"2";"2";"1";"3";"ANATOLE FRANCE (RUE)";"48,2822540000";"4,0708040000"
"202100039130";"11";"05";"2021";"12:55";"1";"06";"06027";"2";"9";"1";"6";"VAL FLEURI CHEMIN DU";"43,6637300000";"7,1488200000"
"202100039131";"19";"05";"2021";"18:50";"1";"05";"05061";"2";"3";"1";"3";"LOUIS COMTE ( RUE )";"44,5549290000";"6,0700670000"
"202100039132";"19";"05";"2021";"17:06";"1";"01";"01053";"2";"6";"1";"6";"STAND ( RUE DU )";"46,1899430000";"5,2327730000"
"202100039133";"20";"05";"2021";"10:10";"1";"75";"75120";"2";"1";"1";"5";"PORTE DE MONTREUIL";"48,8518730000";"2,4149580000"
"202100039134";"20";"05";"2021";"07:50";"1";"75";"75119";"2";"1";"1";"3";"PORTE DE PANTIN";"48,8953850000";"2,3948020000"
"202100039135";"19";"05";"2021";"19:10";"1";"75";"75118";"2";"1";"1";"2";"PORTE DE LA CHAPELLE";"48,9007280000";"2,3629690000"
"202100039136";"19";"05";"2021";"10:55";"1";"75";"75119";"2";"1";"8";"3";"PORTE D AUBERVILLIERS";"48,9003270000";"2,3793670000"
"202100039137";"20";"05";"2021";"21:06";"1";"75";"75107";"2";"2";"1";"3";"BOULEVARD DES INVALIDES";"48,8494330000";"2,3151500000"
"202100039138";"19";"05";"2021";"21:48";"5";"75";"75116";"2";"4";"1";"4";"ALLEE DE LA REINE MARGUERITE";"48,8648950000";"2,2490600000"
"202100039139";"19";"05";"2021";"19:50";"1";"75";"75106";"2";"1";"1";"2";"BOULEVARD RASPAIL";"48,8503380000";"2,3270740000"
"202100039140";"20";"05";"2021";"21:15";"2";"75";"75120";"2";"2";"1";"2";"RUE D AVRON";"48,8527030000";"2,4061090000"
"202100039141";"20";"05";"2021";"20:00";"2";"75";"75116";"2";"2";"1";"3";"AVENUE THEOPHILE GAUTIER";"48,8499380000";"2,2722440000"
"202100039142";"19";"05";"2021";"10:15";"1";"75";"75115";"2";"1";"2";"6";"RUE DE LA CROIX NIVERT";"48,8377030000";"2,2893580000"
"202100039143";"20";"05";"2021";"21:35";"4";"75";"75112";"2";"2";"1";"3";"RUE DE CHARENTON";"48,8373060000";"2,3912080000"
"202100039144";"20";"05";"2021";"16:35";"1";"75";"75112";"2";"2";"1";"3";"RUE MICHEL CHASLES";"48,8469250000";"2,3738680000"
"202100039145";"20";"05";"2021";"18:00";"1";"75";"75111";"2";"3";"1";"2";"RUE DE LA ROQUETTE";"48,8579910000";"2,3815800000"
"202100039146";"20";"05";"2021";"10:30";"1";"75";"75110";"2";"3";"1";"3";"RUE DU FAUBOURG SAINT MARTIN";"48,8804010000";"2,3642980000"
"202100039147";"20";"05";"2021";"14:30";"1";"75";"75107";"2";"2";"1";"1";"RUE DE LILLE";"48,8600450000";"2,3245750000"
"202100039148";"18";"05";"2021";"15:40";"1";"75";"75104";"2";"2";"2";"6";"RUE DE RIVOLI";"48,8585040000";"2,3482150000"
"202100039149";"20";"05";"2021";"19:10";"1";"94";"94021";"2";"1";"1";"2";"RUE PAUL HOCHART";"48,7759700000";"2,3578200000"
"202100039150";"20";"05";"2021";"08:40";"1";"94";"94011";"2";"1";"1";"3";"PORT AUTONOME.";"48,7830200000";"2,4877600000"
"202100039151";"19";"05";"2021";"20:45";"1";"94";"94011";"2";"1";"1";"3";"Avenue Rhin et Danube";"48,7706910000";"2,4898530000"
"202100039152";"20";"05";"2021";"11:30";"1";"94";"94017";"2";"3";"1";"6";"A TRAIT (R)";"48,8126500000";"2,5141400000"
"202100039153";"20";"05";"2021";"09:00";"1";"94";"94070";"1";"1";"1";"4";"Route de Paris";"48,7242600000";"2,5590700000"
"202100039154";"17";"05";"2021";"14:51";"1";"93";"93039";"2";"1";"2";"1";"Quai de la Marine";"48,9469620000";"2,3260180000"
"202100039155";"20";"05";"2021";"20:10";"2";"93";"93048";"2";"1";"1";"3";"Rue de Paris";"48,8563300000";"2,4267200000"
"202100039156";"20";"05";"2021";"07:40";"1";"93";"93046";"2";"9";"1";"6";"Avenue Montgolfier";"48,9042490000";"2,5206390000"
"202100039157";"19";"05";"2021";"19:45";"1";"93";"93006";"2";"1";"1";"3";"LEFEVRE RAYMOND";"48,8723600000";"2,4285100000"
"202100039158";"20";"05";"2021";"13:45";"1";"93";"93001";"2";"1";"1";"6";"7 Rue Ferragus";"48,9141260000";"2,3804170000"
"202100039159";"20";"05";"2021";"17:05";"1";"92";"92046";"2";"3";"8";"3";"GABRIEL PERI";"48,8192255232";"2,3009490967"
"202100039160";"18";"05";"2021";"18:50";"1";"92";"92077";"2";"1";"2";"6";"MARNES (RUE DE)";"48,8286000000";"2,1830800000"
"202100039161";"20";"05";"2021";"08:00";"1";"92";"92064";"2";"9";"1";"4";"REPUBLIQUE";"48,8592186013";"2,2124898434"
"202100039162";"18";"05";"2021";"13:45";"1";"92";"92063";"2";"1";"1";"2";"DOUMER (AVENUE PAUL) EST";"48,8774000000";"2,1734800000"
"202100039163";"14";"05";"2021";"17:30";"1";"92";"92063";"2";"3";"1";"3";"BONAPARTE (AVENUE NAPOLEON) SUD";"48,8773961092";"2,1734851599"
"202100039164";"20";"05";"2021";"10:15";"1";"92";"92050";"2";"2";"1";"2";"JOFFRE MARECHAL AVENUE DU";"48,8853582394";"2,1958588064"
"202100039165";"19";"05";"2021";"15:06";"1";"92";"92020";"2";"1";"2";"3";"VANVES BOULEVARD DE NÂ° PAIRS";"48,8099300000";"2,2825900000"
"202100039166";"20";"05";"2021";"15:40";"1";"92";"92024";"2";"2";"1";"6";"DAGOBERT (RUE)";"48,9044715617";"2,3037283049"
"202100039167";"19";"05";"2021";"08:45";"1";"92";"92024";"2";"6";"1";"4";"CLICHY (QUAI DE) DE (8 A 60)";"48,9107900000";"2,3055500000"
"202100039168";"20";"05";"2021";"13:00";"1";"92";"92012";"2";"1";"8";"3";"PIERRE LEFAUCHEUX (AVENUE)";"48,8240984629";"2,2424469917"
"202100039169";"20";"05";"2021";"16:40";"1";"12";"12136";"1";"1";"1";"6";"D 1";"44,4147010000";"2,0954970000"
"202100039170";"20";"05";"2021";"17:45";"1";"17";"17094";"1";"1";"1";"6";"D137";"46,0626790000";" -1,0613820000"
"202100039171";"21";"05";"2021";"14:55";"1";"11";"11438";"1";"1";"1";"4";"A61 PK 301.000 SENS TOULOUSE-NARBONNE";"43,2356110000";"2,0997360000"
"202100039172";"20";"05";"2021";"18:50";"2";"972";"97222";"1";"1";"1";"2";"DN1";"14,6973430000";" -60,9416560000"
"202100039173";"18";"05";"2021";"16:30";"1";"91";"91665";"2";"1";"1";"7";"Rue de Gaillard";"48,6586190000";"2,2705650000"
"202100039174";"20";"05";"2021";"18:00";"1";"58";"58270";"1";"1";"1";"7";"Le Montois";"47,4870820000";"3,0540060000"
"202100039175";"16";"05";"2021";"14:30";"1";"62";"62580";"2";"1";"1";"1";"Rue de Saint Pol";"50,3989800000";"2,4325330000"
"202100039176";"21";"05";"2021";"08:35";"1";"34";"34270";"1";"1";"1";"4";"RD132 E2";"43,5894370000";"3,8218690000"
"202100039177";"13";"05";"2021";"08:00";"2";"74";"74105";"2";"3";"8";"6";"Av de Thonon";"46,3089550000";"6,3117340000"
"202100039178";"20";"05";"2021";"22:26";"3";"95";"95055";"1";"1";"1";"6";"RD 922";"49,0996300000";"2,4604320000"
"202100039179";"20";"05";"2021";"15:50";"1";"19";"19105";"1";"1";"1";"7";"La bitarelle";"45,1036860585";"1,6326971054"
"202100039180";"15";"05";"2021";"20:23";"1";"56";"56174";"1";"1";"1";"7";"Keroland";"47,8755120000";" -2,8672710000"
"202100039181";"20";"05";"2021";"12:15";"1";"56";"56184";"1";"1";"1";"6";"Avenue de Bocquenay";"47,6837330000";" -2,4432300000"
"202100039182";"21";"05";"2021";"05:25";"2";"79";"79210";"1";"2";"1";"1";"N/A";"46,8383540000";" -0,6584500000"
"202100039183";"20";"05";"2021";"16:00";"1";"31";"31150";"2";"6";"1";"6";"5 Route de Mondonville";"43,6543510000";"1,3238630000"
"202100039184";"21";"05";"2021";"02:29";"3";"81";"81220";"1";"1";"1";"6";"33 Route d'Albi";"43,8343830000";"1,7488660000"
"202100039185";"21";"05";"2021";"08:00";"1";"32";"32402";"1";"2";"1";"3";"RD 939";"43,7859200000";"0,3870320000"
"202100039186";"21";"05";"2021";"16:00";"1";"71";"71263";"2";"6";"3";"6";"Rond-Point de la 1re ArmÃ©e FranÃ§aise (Pelouse)";"46,6280850000";"5,2213370000"
"202100039187";"19";"05";"2021";"15:55";"1";"89";"89414";"1";"1";"1";"7";"D25";"48,2972360000";"3,3699290000"
"202100039188";"21";"05";"2021";"06:20";"2";"25";"25280";"1";"1";"2";"1";"D'la Ranceniere";"47,2578910000";"6,9440350000"
"202100039189";"12";"05";"2021";"16:26";"1";"31";"31553";"1";"2";"1";"1";"CD 1";"43,7154030000";"1,1683060000"
"202100039190";"7";"05";"2021";"17:45";"1";"31";"31091";"2";"1";"1";"1";"Avenue du Petit Paradis";"43,7140540000";"1,3987670000"
"202100039191";"21";"05";"2021";"02:15";"3";"01";"01123";"1";"1";"2";"6";"Chemin du Brouillard";"46,2454680000";"4,8153940000"
"202100039192";"21";"05";"2021";"16:45";"1";"14";"14514";"2";"3";"1";"3";"Avenue de la LibÃ©ration";"49,2811180000";"0,1867890000"
"202100039193";"21";"05";"2021";"14:00";"1";"60";"60567";"1";"1";"1";"4";"58 Route Nationale";"49,4385040000";"1,8872670000"
"202100039194";"18";"05";"2021";"20:55";"2";"45";"45026";"1";"2";"7";"3";"D147-PR 2 + 800";"48,1438120000";"2,9620170000"
"202100039195";"20";"05";"2021";"08:20";"1";"10";"10334";"1";"1";"1";"2";"619";"48,4962320000";"3,5345720000"
"202100039196";"20";"05";"2021";"17:20";"1";"53";"53185";"2";"1";"1";"6";"168 Rue Aristide Briand";"48,4592320000";" -0,2028180000"
"202100039197";"20";"05";"2021";"10:13";"1";"30";"30181";"1";"1";"1";"7";"D 6110";"43,9133950000";"4,1102870000"
"202100039198";"20";"05";"2021";"21:45";"2";"31";"31020";"1";"1";"1";"6";"Chemin forestier RAOUX";"43,0088630000";"0,8412240000"
"202100039199";"19";"05";"2021";"19:26";"1";"33";"33552";"1";"1";"1";"1";"N/A";"44,6325560000";" -0,4139530000"
"202100039200";"20";"05";"2021";"14:20";"1";"27";"27554";"1";"1";"1";"2";"A13 pk 075+000 direction Paris";"49,0901640000";"1,3696590000"
"202100039201";"21";"05";"2021";"14:45";"1";"13";"13018";"1";"1";"1";"3";"Autoroute A7 PK 202+108 sens NORD/SUD";"43,8629380000";"4,9729660000"
"202100039202";"20";"05";"2021";"18:45";"1";"77";"77069";"1";"1";"1";"3";"DÃ©partementale D637";"48,4554860000";"2,6110450000"
"202100039203";"21";"05";"2021";"07:46";"1";"11";"11144";"1";"1";"1";"3";"D6009";"42,8682580000";"2,9863070000"
"202100039204";"19";"05";"2021";"18:30";"5";"987";"98733";"2";"1";"1";"3";"PK 19.900 RT1";" -17,6754840000";" -149,5896240000"
"202100039205";"21";"05";"2021";"06:55";"1";"971";"97128";"2";"3";"1";"2";"N4";"16,2468760000";" -61,3644040000"
"202100039206";"20";"05";"2021";"22:00";"4";"30";"30258";"2";"2";"1";"3";"Boulevard Chanzy";"43,6729750000";"4,4348840000"
"202100039207";"20";"05";"2021";"12:45";"1";"83";"83066";"1";"1";"1";"3";"D554";"43,6803190000";"5,8432030000"
"202100039208";"20";"05";"2021";"15:50";"1";"04";"04128";"1";"1";"1";"7";"D907";"43,8438050000";"5,6883700000"
"202100039209";"20";"05";"2021";"16:15";"1";"13";"13059";"1";"1";"1";"3";"D556";"43,6585970000";"5,4942580000"
"202100039210";"21";"05";"2021";"08:38";"1";"70";"70262";"1";"1";"1";"1";"Route nationale 19";"47,6721280000";"6,3835390000"
"202100039211";"21";"05";"2021";"10:30";"1";"68";"68185";"1";"1";"1";"1";"RD1059";"48,2665410000";"7,3012090000"
"202100039212";"20";"05";"2021";"21:30";"2";"68";"68095";"1";"1";"1";"1";"D111";"48,0977020000";"7,4465850000"
"202100039213";"21";"05";"2021";"13:15";"1";"55";"55427";"1";"1";"1";"1";"RD 995 / PK 04+875";"48,8128830000";"4,9707130000"
"202100039214";"20";"05";"2021";"09:45";"1";"44";"44209";"2";"1";"1";"6";"Rue du Champ de Foire";"47,3308430000";" -1,6243190000"
"202100039215";"19";"05";"2021";"21:20";"3";"69";"69019";"1";"1";"1";"7";"D18";"46,1141866048";"4,7277420759"
"202100039216";"20";"05";"2021";"17:38";"1";"69";"69116";"1";"1";"1";"6";"MONT VERDUN (DU) (RTE)";"45,8417090000";"4,7765260000"
"202100039217";"21";"05";"2021";"12:20";"1";"31";"31263";"1";"1";"1";"1";"Route de Saverdun";"43,3989830000";"1,4036320000"
"202100039218";"19";"05";"2021";"18:30";"1";"56";"56069";"2";"1";"1";"6";"22 Rue du PresbytÃ¨re";"47,6389570000";" -3,4561980000"
"202100039219";"20";"05";"2021";"11:25";"1";"22";"22339";"2";"1";"1";"6";"ZONE COMMERCIALE DE DOMBRIAND";"48,4769330000";" -2,0438330000"
"202100039220";"9";"05";"2021";"19:45";"1";"35";"35047";"2";"1";"1";"6";"Les CorbiÃ¨res";"48,0339900000";" -1,7587300000"
"202100039221";"21";"05";"2021";"16:45";"1";"60";"60317";"1";"1";"2";"1";"N/A";"49,3313450000";"2,3118710000"
"202100039222";"20";"05";"2021";"17:45";"1";"13";"13071";"1";"1";"1";"3";"A55 - Sens Marseille vers Martigues";"43,3982100000";"5,2989500000"
"202100039223";"20";"05";"2021";"14:10";"1";"13";"13211";"1";"1";"1";"2";"A50-Sens Marseille vers Aubagne";"43,2926600000";"5,4545200000"
"202100039224";"20";"05";"2021";"13:15";"1";"13";"13215";"1";"1";"1";"2";"A7-Sens Marseille vers Lyon";"43,3849200000";"5,3509100000"
"202100039225";"20";"05";"2021";"10:45";"1";"13";"13056";"1";"1";"1";"6";"A55-Sens Martigues vers Marseille";"43,3950500000";"5,0674800000"
"202100039226";"20";"05";"2021";"09:00";"1";"13";"13070";"1";"1";"1";"2";"A50-Sens Aubagne vers Marseille";"43,2862084286";"5,5101557758"
"202100039227";"19";"05";"2021";"08:20";"1";"83";"83126";"1";"1";"1";"3";"A50";"43,1194770000";"5,8607650000"
"202100039228";"19";"05";"2021";"13:35";"1";"67";"67482";"1";"1";"1";"4";"M351";"48,5862236277";"7,7195926891"
"202100039229";"19";"05";"2021";"08:22";"1";"67";"67049";"1";"1";"1";"4";"M35";"48,5230100000";"7,6198800000"
"202100039230";"20";"05";"2021";"18:15";"1";"33";"33162";"1";"1";"1";"6";"N/A";"44,8779180000";" -0,6304190000"
"202100039231";"19";"05";"2021";"16:30";"1";"33";"33281";"1";"1";"1";"2";"Rocade Ouest A630";"44,8238680000";" -0,6744530000"