"Num_Acc";"jour";"mois";"an";"hrmn";"lum";"dep";"com";"agg";"int";"atm";"col";"adr";"lat";"long"
"202100039232";"20";"05";"2021";"15:00";"1";"92";"92050";"1";"1";"1";"4";"A86";"48,9162740461";"2,2212873621"
"202100039233";"19";"05";"2021";"19:40";"1";"92";"92025";"1";"1";"1";"4";"A86";"48,9270323695";"2,2366148297"
"202100039234";"19";"05";"2021";"15:25";"1";"92";"92025";"1";"1";"1";"2";"A86";"48,9233278822";"2,2286303863"
"202100039235";"19";"05";"2021";"14:55";"1";"78";"78646";"1";"1";"3";"5";"RN12 INT";"48,7933910000";"2,0755480000"
"202100039236";"19";"05";"2021";"20:30";"1";"60";"60241";"1";"1";"1";"2";"AUTOROUTE A1";"49,1594700000";"2,5950100000"
"202100039237";"20";"05";"2021";"02:45";"3";"95";"95572";"1";"1";"1";"6";" A15";"49,0333000000";"2,1055000000"
"202100039238";"19";"05";"2021";"18:05";"1";"93";"93048";"1";"1";"1";"4";"AUTOROUTE A86";"48,8644900000";"2,4824800000"
"202100039239";"19";"05";"2021";"17:25";"1";"93";"93008";"1";"1";"2";"2";"AUTOROUTE A86";"48,9132900000";"2,4347200000"
"202100039240";"19";"05";"2021";"15:40";"1";"95";"95394";"1";"1";"3";"6";"AUTOROUTE A115";"49,0515600000";"2,1822800000"
"202100039241";"19";"05";"2021";"14:10";"1";"93";"93007";"1";"1";"1";"2";"AUTOROUTE A3";"48,9331100000";"2,4807300000"
"202100039242";"19";"05";"2021";"06:10";"1";"93";"93053";"1";"1";"2";"5";"AUTOROUTE A3";"48,8950300000";"2,4713300000"
"202100039243";"20";"05";"2021";"13:30";"1";"93";"93051";"1";"1";"1";"2";"A4";"48,8367800000";"2,5455500000"
"202100039244";"20";"05";"2021";"13:30";"1";"94";"94017";"1";"1";"1";"3";"A4";"48,8271790507";"2,5086856622"
"202100039245";"20";"05";"2021";"08:50";"1";"94";"94069";"1";"1";"1";"7";"A4";"48,8175800000";"2,4350500000"
"202100039246";"19";"05";"2021";"12:15";"1";"33";"33522";"2";"3";"1";"6";"Rue Aldona";"44,7985600000";" -0,5913700000"
"202100039247";"19";"05";"2021";"13:10";"1";"976";"97611";"2";"1";"1";"6";"mamoudzou centre-Haladi Selemani ( rue )";" -12,7816900000";"45,2315000000"
"202100039248";"8";"01";"2021";"15:20";"1";"72";"72181";"2";"1";"1";"6";"DURAND GEORGES (AV) NÂ° IMP 199 AU NÂ° 311";"47,9751000000";"0,2155000000"
"202100039249";"19";"05";"2021";"13:15";"1";"988";"98818";"2";"3";"1";"3";"RUE SANTOS DUMONT/ROUTE DE L'ANSE VATA";" -22,2882400000";"166,4480100000"
"202100039250";"19";"05";"2021";"17:55";"2";"974";"97416";"1";"1";"1";"3";"RN03";" -21,3227900000";"55,4464300000"
"202100039251";"19";"05";"2021";"15:15";"1";"974";"97416";"2";"6";"1";"3";"DONAT (AVENUE LUC)";" -21,3385000000";"55,4586000000"
"202100039252";"19";"05";"2021";"14:30";"1";"974";"97416";"1";"3";"1";"3";"DE LA ZONE(ALLEE)";" -21,3182710000";"55,4732780000"
"202100039253";"18";"05";"2021";"16:00";"1";"974";"97407";"1";"1";"1";"3";"GANDHI MAHATMA (ALLEE)";" -20,9587000000";"55,3221400000"
"202100039254";"19";"05";"2021";"14:10";"1";"973";"97302";"2";"1";"2";"2";"CABASSOU (ROUTE DE)";"4,9203700000";" -52,3207700000"
"202100039255";"19";"05";"2021";"17:30";"1";"69";"69388";"2";"2";"8";"3";"TUILIERS (DES) (R)";"45,7473200000";"4,8650200000"
"202100039256";"19";"05";"2021";"16:45";"1";"69";"69387";"2";"1";"2";"3";"GARIBALDI (R)";"45,7502600000";"4,8538900000"
"202100039257";"18";"05";"2021";"22:50";"5";"69";"69383";"2";"1";"1";"4";"GARIBALDI (R)";"45,7552985437";"4,8529906869"
"202100039258";"19";"05";"2021";"09:10";"1";"972";"97209";"1";"1";"1";"2";"Bretelle sortie A1";"14,6147300000";" -61,0466400000"
"202100039259";"19";"05";"2021";"16:50";"1";"69";"69202";"2";"2";"1";"3";"MARECHAL FOCH (DU)                  (AV)";"45,7439600000";"4,7982400000"
"202100039260";"19";"05";"2021";"16:40";"1";"69";"69384";"2";"1";"8";"4";"BIRMINGHAM (DE)                     (AV)";"45,7745600000";"4,8134200000"
"202100039261";"19";"05";"2021";"20:40";"2";"2A";"2A004";"2";"1";"1";"7";"CAMPI LOUIS BD";"41,9446000000";"8,7566600000"
"202100039262";"19";"05";"2021";"16:15";"1";"2A";"2A004";"2";"2";"1";"3";"GEANT CASINO";"41,9496000000";"8,7753300000"
"202100039263";"19";"05";"2021";"09:55";"1";"91";"91421";"2";"1";"2";"6";"JEAN JAURES (AVENUE)";"48,7176300000";"2,4454200000"
"202100039264";"17";"05";"2021";"17:45";"1";"91";"91228";"2";"6";"1";"3";"PARLEMENT EUROPEEN (ROND POINT)";"48,6135400000";"2,4248300000"
"202100039265";"19";"05";"2021";"01:05";"5";"83";"83126";"2";"9";"1";"6";"BRUN (AV ROBERT)";"43,1167130000";"5,8629040000"
"202100039266";"17";"05";"2021";"15:00";"1";"80";"80021";"2";"1";"1";"3";"QUATORZE JUILLET 1789 (AVENUE DU)";"49,8755900000";"2,2818000000"
"202100039267";"17";"05";"2021";"14:50";"1";"80";"80021";"2";"1";"1";"2";"JULES FERRY (CHAUSSEE)";"49,8810100000";"2,3308000000"
"202100039268";"13";"05";"2021";"15:12";"1";"80";"80021";"2";"1";"1";"3";"COQUELICOTS (RUE DES)";"49,8934800000";"2,2542800000"
"202100039269";"18";"05";"2021";"21:42";"2";"76";"76351";"1";"3";"1";"7";"CHRISTOPHE COLOMB (AVENUE)";"49,4804900000";"0,1487700000"
"202100039270";"19";"05";"2021";"18:20";"1";"76";"76217";"2";"1";"1";"3";"DUQUESNE (QUAI)";"49,9248000000";"1,0807200000"
"202100039271";"19";"05";"2021";"17:40";"1";"69";"69290";"1";"1";"1";"2";"TOUSSIEU (DE) (RTE)";"45,6972900000";"4,9826900000"
"202100039272";"19";"05";"2021";"17:15";"1";"69";"69266";"2";"3";"1";"3";"GEORGE SAND (R)";"45,7555700000";"4,8901300000"
"202100039273";"4";"05";"2021";"20:05";"1";"69";"69266";"2";"4";"1";"3";"TOLSTOI (CR)";"45,7613700000";"4,8833300000"
"202100039274";"19";"05";"2021";"17:45";"1";"64";"64129";"2";"3";"1";"3";"BAYONNE DE";"43,3042500000";" -0,4003000000"
"202100039275";"18";"05";"2021";"16:10";"1";"64";"64445";"2";"2";"1";"3";"GEN DE GAULLE DU";"43,3018100000";" -0,3562100000"
"202100039276";"18";"05";"2021";"13:50";"1";"64";"64445";"2";"3";"1";"3";"JEAN MERMOZ";"43,3070400000";" -0,3764100000"
"202100039277";"19";"05";"2021";"14:50";"1";"62";"62826";"2";"6";"1";"3";"GOLF (AVENUE DU)";"50,5147200000";"1,6082100000"
"202100039278";"18";"05";"2021";"01:00";"4";"62";"62274";"1";"1";"1";"3";"MULTIMODALE (PLATEFORME)";"50,4531150000";"2,9770700000"
"202100039279";"19";"05";"2021";"13:40";"1";"62";"62193";"1";"1";"1";"6";"A216";"50,9703700000";"1,8794000000"
"202100039280";"11";"05";"2021";"18:35";"1";"59";"59009";"2";"1";"1";"2";"JAURES JEAN METRO";"50,6588300000";"3,1347000000"
"202100039281";"18";"05";"2021";"11:30";"1";"51";"51454";"2";"2";"1";"3";"Boulevard des Belges";"49,2762900000";"4,0268700000"
"202100039282";"18";"05";"2021";"13:40";"1";"50";"50129";"2";"1";"1";"2";"CALIGNY (QUAI DE)";"49,6461000000";" -1,6214000000"
"202100039283";"18";"05";"2021";"18:00";"1";"49";"49328";"2";"1";"1";"6";"DELESSERT (BOULEVARD BENJAMIN)";"47,2538200000";" -0,0856400000"
"202100039284";"19";"05";"2021";"09:10";"1";"49";"49267";"2";"2";"1";"3";"BIRGE BOULEVARD";"47,4708000000";" -0,5190000000"
"202100039285";"19";"05";"2021";"14:10";"1";"47";"47323";"2";"3";"1";"3";"FUMEL(AVENUE DE )";"44,4086700000";"0,7307600000"
"202100039286";"19";"05";"2021";"17:40";"1";"42";"42095";"2";"1";"1";"6";"Rue Denfert Rochereau";"45,3899000000";"4,2907000000"
"202100039287";"19";"05";"2021";"19:00";"1";"35";"35238";"2";"1";"1";"4";"VERN (DE)";"48,0935200000";" -1,6483700000"
"202100039288";"19";"05";"2021";"14:10";"1";"35";"35238";"2";"2";"2";"7";"SAINT-HELIER";"48,1069800000";" -1,6706800000"
"202100039289";"18";"05";"2021";"08:30";"1";"34";"34108";"1";"1";"1";"1";"RD2 Route de Balaruc";"43,4299800000";"3,7050900000"
"202100039290";"11";"05";"2021";"16:45";"1";"34";"34032";"2";"1";"1";"6";"VILLON PIERRE (RUE)";"43,3424700000";"3,2394000000"
"202100039291";"6";"05";"2021";"17:00";"1";"33";"33063";"2";"2";"2";"3";"Avenue des Trois Cardinaux";"44,8879500000";" -0,5572900000"
"202100039292";"18";"05";"2021";"12:15";"1";"33";"33013";"2";"4";"2";"1";"Rue du Pouqueyras";"44,8587500000";" -0,4811200000"
"202100039293";"19";"05";"2021";"12:50";"1";"32";"32013";"2";"1";"2";"2";"PRIEURE (PONT DU)";"43,6472600000";"0,5889000000"
"202100039294";"19";"05";"2021";"15:58";"1";"29";"29232";"1";"3";"1";"3";"Chemin de Kerequellou";"47,9666543383";" -4,0613329413"
"202100039295";"19";"05";"2021";"13:24";"1";"29";"29232";"2";"1";"1";"1";"Avenue Saint Denis";"47,9959570347";" -4,0808406473"
"202100039296";"18";"05";"2021";"17:00";"1";"25";"25462";"2";"1";"1";"2";"BECQUEREL HENRI";"46,9135600000";"6,3510200000"
"202100039297";"19";"05";"2021";"12:15";"1";"14";"14118";"2";"2";"1";"3";"D7";"49,2071508890";" -0,3620209695"
"202100039298";"13";"05";"2021";"17:00";"1";"13";"13026";"2";"1";"1";"5";"FARREN (route de)";"43,3836600000";"5,1715700000"
"202100039299";"19";"05";"2021";"23:40";"5";"13";"13211";"2";"1";"1";"2";"CARTONNERIE (BOULEVARD DE LA )";"43,2916770051";"5,4605715773"
"202100039300";"19";"05";"2021";"23:00";"5";"13";"13205";"2";"1";"1";"1";"BAILLE (BOULEVARD)";"43,2879260000";"5,3912790000"
"202100039301";"20";"05";"2021";"23:05";"5";"13";"13205";"2";"1";"1";"1";"SAINT PIERRE (RUE)";"43,2917627174";"5,4079656028"
"202100039302";"19";"05";"2021";"21:15";"5";"13";"13209";"2";"1";"1";"3";"MARÃCHAL DE LATTRE (AVENUE)";"43,2458880000";"5,4172200000"
"202100039303";"19";"05";"2021";"15:50";"1";"13";"13208";"2";"1";"1";"6";"VERRERIE (BD DE LA)";"43,2336850000";"5,3612100000"
"202100039304";"19";"05";"2021";"16:30";"1";"13";"13202";"2";"2";"1";"2";"ANTHOINE (RUE D')";"43,3166950000";"5,3691070000"
"202100039305";"19";"05";"2021";"15:00";"1";"13";"13214";"2";"1";"1";"1";"SAINTE MARTHE (chemin)";"43,3239790000";"5,3886850000"
"202100039306";"19";"05";"2021";"09:00";"1";"13";"13213";"2";"9";"1";"2";"CHALUSSET (RUE)";"43,3168690000";"5,3967730000"
"202100039307";"19";"05";"2021";"08:40";"1";"13";"13203";"2";"1";"1";"3";"AUPHAN (RUE)";"43,3168030000";"5,3756960000"
"202100039308";"18";"05";"2021";"19:00";"1";"13";"13210";"2";"9";"2";"3";"RABATAU (BOULEVARD)";"43,2808000000";"5,3994030000"
"202100039309";"19";"05";"2021";"16:30";"1";"07";"07340";"2";"3";"1";"3";"N/A";"44,7294000000";"4,5684500000"
"202100039310";"19";"05";"2021";"16:50";"1";"07";"07281";"2";"1";"1";"7";"GROSS-UMSTADT (AVENUE DE)";"44,9450200000";"4,8555900000"
"202100039311";"19";"05";"2021";"12:08";"1";"06";"06088";"2";"1";"1";"6";"FRANCE (R. DE) A PARTIR DU NÂ° 66-91";"43,6920210000";"7,2464990000"
"202100039312";"19";"05";"2021";"18:10";"1";"06";"06069";"2";"1";"1";"6";"Avenue Pierre SÃ©mard";"43,6546850000";"6,9219920000"
"202100039313";"6";"05";"2021";"08:20";"1";"06";"06069";"2";"1";"1";"6";"VICTOR HUGO  (BD)";"43,6504420000";"6,9183910000"
"202100039314";"18";"05";"2021";"17:22";"1";"05";"05061";"2";"3";"2";"3";"JEAN JAURES ( AVENUE )";"44,5516100000";"6,0707000000"
"202100039315";"19";"05";"2021";"11:20";"1";"01";"01053";"2";"1";"1";"6";"CHALLES (ALLEE) NÂ° 1 A 16";"46,2071000000";"5,2311500000"
"202100039316";"19";"05";"2021";"15:45";"1";"75";"75120";"2";"7";"2";"2";"PLACE DE LA PORTE DE BAGNOLET";"48,8646640000";"2,4086470000"
"202100039317";"19";"05";"2021";"08:25";"1";"75";"75119";"2";"1";"1";"3";"RUE CURIAL";"48,8960650000";"2,3788990000"
"202100039318";"17";"05";"2021";"12:20";"1";"75";"75116";"2";"1";"1";"2";"VOIE GEORGES POMPIDOU";"48,8418610000";"2,2695710000"
"202100039319";"18";"05";"2021";"13:00";"1";"75";"75115";"2";"2";"1";"6";"BOULEVARD DE GRENELLE";"48,8498450000";"2,2950060000"
"202100039320";"18";"05";"2021";"09:55";"1";"75";"75111";"2";"3";"1";"3";"AVENUE PARMENTIER";"48,8690320000";"2,3717670000"
"202100039321";"19";"05";"2021";"19:45";"1";"75";"75108";"2";"5";"1";"3";"PLACE SAINT AUGUSTIN";"48,8748420000";"2,3198180000"
"202100039322";"19";"05";"2021";"14:40";"1";"94";"94081";"2";"1";"1";"3";"YOURI GAGARINE (AV)";"48,7862000000";"2,3917900000"
"202100039323";"19";"05";"2021";"19:25";"1";"94";"94067";"2";"3";"1";"3";"Avenue du GÃ©nÃ©ral de Gaulle";"48,8401560000";"2,4175820000"
"202100039324";"19";"05";"2021";"19:03";"1";"94";"94078";"2";"1";"1";"3";"MELUN (AV DE)";"48,7211800000";"2,4429400000"
"202100039325";"19";"05";"2021";"07:30";"1";"94";"94068";"2";"5";"1";"3";"LOUVIERE (PL DE LA)";"48,8046741297";"2,4857372046"
"202100039326";"19";"05";"2021";"21:00";"2";"94";"94021";"2";"9";"1";"3";"Avenue de Stalingrad";"48,7724000000";"2,3676000000"
"202100039327";"18";"05";"2021";"14:45";"1";"94";"94028";"2";"1";"1";"1";"MONTAIGUT(BOULVARD DU)";"48,7912216003";"2,4446511269"
"202100039328";"19";"05";"2021";"12:44";"1";"94";"94075";"2";"1";"1";"1";"Route de la Grange";"48,7330000000";"2,5170000000"
"202100039329";"18";"05";"2021";"13:10";"1";"94";"94002";"2";"2";"1";"3";"Rue Emile Zola";"48,7993300000";"2,4252300000"
"202100039330";"19";"05";"2021";"08:00";"1";"93";"93070";"2";"1";"2";"4";"SEINE (QUAI DE)";"48,9142900000";"2,3182100000"
"202100039331";"19";"05";"2021";"17:30";"1";"93";"93066";"2";"1";"2";"1";"Rue du Plouich";"48,9430050000";"2,3824710000"
"202100039332";"18";"05";"2021";"09:30";"1";"93";"93032";"2";"2";"8";"3";"BOURDONS   (CHEMIN DES)";"48,8881700000";"2,5293000000"
"202100039333";"19";"05";"2021";"09:30";"1";"92";"92073";"2";"2";"2";"3";"ESTIENNE D'ORVES (RUE HONORE D')";"48,8734848262";"2,2252370417"
"202100039334";"18";"05";"2021";"08:52";"1";"92";"92064";"2";"9";"1";"6";"BUZENVAL";"48,8501630346";"2,2092101723"
"202100039335";"19";"05";"2021";"01:15";"5";"92";"92020";"2";"6";"1";"6";"REPUBLIQUE AV. NÂ°27 A 105 ET 26 A 178";"48,8073694278";"2,2983014396"
"202100039336";"19";"05";"2021";"16:45";"1";"62";"62308";"1";"1";"1";"1";"Route Nationale 42";"50,7182570000";"1,9418500000"
"202100039337";"19";"05";"2021";"15:58";"1";"11";"11068";"1";"1";"1";"6";"A61";"43,1784714000";"2,5430399180"
"202100039338";"9";"05";"2021";"17:40";"1";"84";"84069";"1";"1";"1";"7";"D19";"44,1427980000";"5,1322250000"
"202100039339";"18";"05";"2021";"17:05";"2";"972";"97210";"1";"1";"1";"3";"Faurien Montaou";"14,5858210000";" -60,9145810000"
"202100039340";"18";"05";"2021";"18:00";"1";"12";"12194";"1";"1";"1";"5";"N88 ";"44,2392810000";"2,4090150000"
"202100039341";"20";"05";"2021";"15:45";"1";"86";"86273";"2";"1";"1";"6";"Route de Montmorillon";"46,4640456000";"1,0376890000"
"202100039342";"20";"05";"2021";"01:00";"5";"91";"91665";"2";"2";"1";"3";"rue des cailleboudes";"48,6603170000";"2,2760370000"
"202100039343";"20";"05";"2021";"11:42";"1";"65";"65353";"1";"1";"1";"5";"D817";"43,1782323165";"0,2501969934"
"202100039344";"19";"05";"2021";"21:13";"2";"56";"56178";"1";"1";"1";"6";"Rue de Kerficelle";"48,0669810000";" -2,9937740000"
"202100039345";"19";"05";"2021";"21:40";"2";"79";"79079";"2";"1";"1";"6";"13 Rue des Couturieres";"46,9162120000";" -0,7080250000"
"202100039346";"20";"05";"2021";"19:45";"1";"2B";"2B341";"1";"3";"1";"3";"Pont du Vecchio";"42,1943630000";"9,1681980000"
"202100039347";"15";"05";"2021";"19:00";"1";"65";"65235";"2";"9";"9";"1";"Rue du Marechal Foch";"43,1994860000";"0,0147900000"
"202100039348";"19";"05";"2021";"12:25";"1";"69";"69088";"2";"3";"1";"2";"LAMARTINE (Q)";"45,8332860000";"4,8456260000"
"202100039349";"19";"05";"2021";"15:40";"1";"63";"63430";"2";"9";"3";"3";"devant lycÃ©e Jean zay (21 Rue Jean Zay)";"45,8639850000";"3,5298680000"
"202100039350";"20";"05";"2021";"04:20";"3";"61";"61130";"1";"1";"1";"1";"Les Basses Mares";"48,5189280000";"0,4873090000"
"202100039351";"18";"04";"2021";"19:10";"1";"61";"61150";"1";"1";"1";"1";"lieu dit les sapins";"48,7199970000";"0,4202160000"
"202100039352";"15";"05";"2021";"11:30";"1";"12";"12030";"1";"4";"3";"3";"Bouillac";"44,5725930000";"2,1542540000"
"202100039353";"18";"05";"2021";"18:30";"1";"25";"25367";"1";"1";"2";"1";"BelvÃ©dÃ¨re (Point de vue)";"47,4308140000";"6,7959200000"
"202100039354";"27";"03";"2021";"16:15";"1";"02";"02071";"1";"1";"1";"7";"Rue de la Croix de Roche";"49,4075110000";"3,1698190000"
"202100039355";"12";"05";"2021";"16:00";"1";"01";"01098";"2";"1";"1";"6";"236 route de bourg";"45,8055820000";"5,6829840000"
"202100039356";"20";"05";"2021";"09:00";"1";"26";"26353";"2";"1";"1";"6";"1055 Route Nationale 7";"44,6654850000";"4,7918870000"
"202100039357";"20";"05";"2021";"09:00";"1";"06";"06105";"2";"1";"1";"3";"D'2085";"43,6678170000";"7,0447360000"
"202100039358";"5";"05";"2021";"17:00";"1";"05";"05170";"1";"1";"1";"6";"RN85";"44,4463620000";"6,0320950000"
"202100039359";"20";"05";"2021";"08:10";"1";"60";"60584";"2";"1";"1";"7";"Rue de Verdun";"49,2158330564";"2,4138159156"
"202100039360";"19";"05";"2021";"19:45";"1";"40";"40104";"1";"1";"1";"1";"Route de la Chalosse";"43,7239630000";" -0,8567730000"
"202100039361";"19";"05";"2021";"07:10";"2";"85";"85127";"2";"3";"9";"3";"Rue de la Plaine";"46,4251310000";" -1,4867750000"
"202100039362";"20";"05";"2021";"17:00";"1";"85";"85047";"2";"3";"1";"1";"Route de Cholet";"46,8497600000";" -1,8647100000"
"202100039363";"19";"05";"2021";"12:40";"1";"37";"37061";"1";"1";"1";"1";"La Grande Roue";"46,9163680000";"1,0232950000"
"202100039364";"18";"05";"2021";"21:45";"2";"37";"37186";"2";"2";"1";"3";"route ST BRICE";"47,2552884194";"0,5770544542"
"202100039365";"20";"05";"2021";"12:25";"1";"30";"30133";"2";"1";"1";"6";"85 Quai Colbert";"43,5383870000";"4,1400470000"
"202100039366";"17";"05";"2021";"16:30";"1";"30";"30212";"2";"1";"1";"7";"L'Ile Basse";"43,9431790000";"4,5684990000"
"202100039367";"19";"05";"2021";"15:15";"1";"88";"88075";"2";"1";"2";"3";"2 Grande Rue";"48,0032360000";"6,8734230000"
"202100039368";"20";"05";"2021";"11:45";"1";"31";"31107";"1";"1";"1";"2";"a-64";"43,3107520000";"1,2016940000"
"202100039369";"19";"05";"2021";"12:31";"1";"06";"06149";"1";"1";"1";"7";"A8, PK205+200 chaussÃ©e sud";"43,7429800000";"7,3437170000"
"202100039370";"18";"05";"2021";"12:00";"1";"971";"97103";"1";"1";"1";"3";"Rue Albert Dupont";"16,2340670000";" -61,6184150000"
"202100039371";"19";"05";"2021";"19:20";"3";"986";"98613";"1";"1";"1";"1";"Utufua";" -13,3398220000";" -176,1949490000"
"202100039372";"19";"05";"2021";"18:00";"2";"974";"97421";"2";"4";"1";"7";"Chemin Plateau";" -21,0322560000";"55,5058750000"
"202100039373";"18";"05";"2021";"18:43";"2";"971";"97129";"2";"1";"1";"3";"Lieu Dit Bebel";"16,3262760000";" -61,6905440000"
"202100039374";"3";"05";"2021";"13:30";"1";"33";"33118";"2";"1";"1";"7";"Avenue des Chenes";"44,7809440000";" -0,4624240000"
"202100039375";"20";"05";"2021";"08:00";"1";"91";"91461";"2";"1";"1";"6";"Rue de la Maison Rouge";"48,5955040000";"2,2274350000"
"202100039376";"20";"05";"2021";"14:10";"1";"2A";"2A247";"2";"1";"1";"6";"Avenue de Bastia";"41,6124420000";"9,2793490000"
"202100039377";"19";"05";"2021";"19:20";"1";"84";"84012";"2";"1";"1";"1";"999 Avenue Raspail";"44,1178840000";"5,0177130000"
"202100039378";"19";"05";"2021";"17:15";"1";"84";"84092";"2";"9";"1";"3";"Route de MoriÃ©res";"43,9518180000";"4,8493210000"
"202100039379";"19";"05";"2021";"14:30";"1";"83";"83112";"1";"1";"1";"7";"Route de Bandol.";"43,1724320000";"5,7155420000"
"202100039380";"19";"05";"2021";"21:30";"3";"74";"74290";"1";"1";"2";"6";"Rte du Col";"46,0156620000";"6,9191820000"
"202100039381";"19";"05";"2021";"18:30";"1";"64";"64304";"2";"6";"1";"3";"D312";"43,4730570000";" -1,3954570000"
"202100039382";"20";"05";"2021";"07:30";"1";"33";"33060";"1";"4";"1";"1";"Le Sourd-est";"44,5626610000";" -0,3426630000"
"202100039383";"20";"05";"2021";"11:10";"1";"85";"85222";"2";"3";"1";"3";"31 Rue Ambroise ParÃ©";"46,6947780000";" -1,9167280000"
"202100039384";"19";"05";"2021";"21:00";"2";"22";"22176";"1";"2";"1";"4";"D27";"48,4568290000";" -2,7541570000"
"202100039385";"15";"05";"2021";"15:38";"1";"27";"27546";"1";"1";"1";"6";"DÃ©partementale 52";"49,0880470000";"1,1383030000"
"202100039386";"18";"05";"2021";"20:34";"2";"13";"13056";"1";"1";"1";"7";"A55-Sens Marseille vers Martigues";"43,3966800000";"5,0440700000"
"202100039387";"18";"05";"2021";"11:10";"1";"69";"69091";"1";"1";"2";"4";"A47   1.809 A 5.820";"45,5899800000";"4,7727900000"
"202100039388";"18";"05";"2021";"23:00";"3";"54";"54320";"1";"1";"1";"4";"Autoroute A 31";"48,8729300000";"6,0952700000"
"202100039389";"19";"05";"2021";"16:40";"1";"33";"33090";"1";"1";"1";"4";"N/A";"44,7709920000";" -0,6603370000"
"202100039390";"19";"05";"2021";"18:34";"1";"94";"94034";"1";"1";"1";"4";"AUTOROUTE A86";"48,7595000000";"2,3222000000"
"202100039391";"19";"05";"2021";"08:15";"1";"91";"91553";"1";"1";"1";"6";"RN 104";"48,6258000000";"2,4734000000"
"202100039392";"19";"05";"2021";"02:12";"5";"94";"94003";"1";"1";"1";"7";"AUTOROUTE A6A";"48,8016600000";"2,3420400000"
"202100039393";"19";"05";"2021";"16:35";"1";"78";"78498";"1";"1";"1";"3";"A13";"48,9168440000";"2,0055710000"
"202100039394";"19";"05";"2021";"15:20";"1";"92";"92064";"1";"1";"3";"4";"A13";"48,8429820546";"2,2224709619"
"202100039395";"19";"05";"2021";"12:35";"1";"92";"92050";"1";"1";"2";"2";"A86";"48,9034700000";"2,2057000000"
"202100039396";"18";"05";"2021";"11:00";"1";"78";"78646";"1";"1";"1";"2";"RN12 INT";"48,7912950000";"2,1037780000"
"202100039397";"18";"05";"2021";"19:30";"2";"93";"93053";"1";"1";"2";"3";"AUTOROUTE A3";"48,8950200000";"2,4713300000"
"202100039398";"18";"05";"2021";"19:00";"1";"93";"93066";"1";"1";"2";"2";"AUTOROUTE A86";"48,9227549984";"2,3523496029"
"202100039399";"18";"05";"2021";"08:20";"1";"93";"93008";"1";"1";"1";"4";"AUTOROUTE A86";"48,9106300000";"2,4428700000"
"202100039400";"18";"05";"2021";"06:55";"1";"95";"95042";"1";"1";"1";"6";"RN 104";"49,0577700000";"2,2857400000"
"202100039401";"18";"05";"2021";"06:30";"1";"93";"93053";"1";"1";"1";"3";"AUTOROUTE A3";"48,8962100000";"2,4702200000"
"202100039402";"18";"05";"2021";"23:43";"3";"94";"94044";"1";"1";"2";"6";"RN406.W";"48,7580093028";"2,4707581809"
"202100039403";"13";"05";"2021";"16:25";"1";"72";"72181";"2";"2";"8";"1";"CHURCHILL WINSTON (BD) NÂ° IMP 41 ET >";"47,9893720000";"0,2208100000"
"202100039404";"14";"05";"2021";"09:20";"1";"32";"32013";"2";"1";"8";"6";"SADI-CARNOT (BOULEVARD)";"43,6489000000";"0,5894000000"
"202100039405";"14";"05";"2021";"12:40";"1";"06";"06029";"2";"1";"1";"6";"CROISETTE (BOULEVARD DE LA)";"43,5513700000";"7,0175000000"
"202100039406";"17";"05";"2021";"16:30";"1";"06";"06030";"2";"1";"1";"6";"MONTJOLI (AVENUE DU)";"43,5782500000";"7,0093000000"
"202100039407";"18";"05";"2021";"12:25";"1";"91";"91425";"1";"1";"1";"6";"ALL DU PONT AUX PINS";"48,6514500000";"2,2727900000"
"202100039408";"14";"01";"2021";"00:01";"5";"76";"76351";"2";"1";"1";"6";"REPUBLIQUE (COURS DE LA)";"49,4946900000";"0,1255800000"
"202100039409";"23";"02";"2021";"16:00";"1";"58";"58194";"2";"1";"1";"3";"GRAND PRE DES BORDES";"46,9908000000";"3,1236000000"
"202100039410";"17";"05";"2021";"23:15";"3";"973";"97302";"2";"1";"3";"3";"UNIVERSITE CHICAGO (RUE DE)";"4,9349498405";" -52,2986226357"
"202100039411";"18";"05";"2021";"10:30";"1";"69";"69383";"2";"2";"1";"2";"LACASSAGNE                          (AV)";"45,7458800000";"4,8874200000"
"202100039412";"18";"05";"2021";"09:50";"1";"69";"69259";"2";"2";"1";"3";"NOVY JICIN  (BD)";"45,6961000000";"4,8971900000"
"202100039413";"17";"05";"2021";"11:15";"1";"69";"69388";"2";"6";"8";"3";"ROCKEFELLER                         (AV)";"45,7426400000";"4,8791400000"
"202100039414";"18";"05";"2021";"10:05";"1";"972";"97209";"2";"1";"1";"6";"SALVADOR ALLENDE (AVENUE)";"14,6103400000";" -61,0477500000"
"202100039415";"18";"05";"2021";"18:30";"1";"69";"69034";"2";"1";"2";"2";"SOLDATS (DES)                       (MO)";"45,7976750100";"4,8520259101"
"202100039416";"18";"05";"2021";"15:33";"1";"971";"97113";"1";"1";"1";"1";"Section Port Blanc";"16,2336400000";" -61,4559600000"
"202100039417";"18";"05";"2021";"08:25";"1";"971";"97113";"1";"1";"1";"3";"SECTION COCOYER";"16,2323384064";" -61,5103054047"
"202100039418";"18";"05";"2021";"06:30";"1";"971";"97113";"1";"1";"1";"7";"Section Port Blanc";"16,2368100000";" -61,4512800000"
"202100039419";"18";"05";"2021";"20:00";"1";"95";"95680";"2";"1";"2";"6";"CHARMETTES (AVENUE DES )";"48,9974711854";"2,4126465599"