"Num_Acc";"jour";"mois";"an";"hrmn";"lum";"dep";"com";"agg";"int";"atm";"col";"adr";"lat";"long"
"202100039420";"18";"05";"2021";"17:00";"1";"95";"95277";"2";"1";"2";"3";"BLUM LEON (RUE)";"49,0040930187";"2,4243079693"
"202100039421";"18";"05";"2021";"19:18";"1";"91";"91377";"2";"3";"1";"1";"RUE DE VERSAILLES";"48,7327400000";"2,2646700000"
"202100039422";"18";"05";"2021";"18:40";"1";"91";"91667";"2";"1";"1";"2";"CORBEIL (ROUTE DE)";"48,6532670000";"2,3378150000"
"202100039423";"18";"05";"2021";"11:25";"1";"91";"91223";"2";"6";"1";"2";"VICTOIRE (ROND-POINT DE LA)";"48,4372100000";"2,1632800000"
"202100039424";"17";"05";"2021";"14:45";"1";"91";"91433";"1";"1";"1";"6";"R.D.20";"48,4700700000";"2,1853000000"
"202100039425";"18";"05";"2021";"21:30";"2";"78";"78650";"2";"2";"2";"3";"CARNOT (BOULEVARD)";"48,8934300000";"2,1376500000"
"202100039426";"18";"05";"2021";"19:45";"1";"78";"78502";"2";"1";"2";"3";"SIMON VOUET (AVENUE)";"48,8779100000";"2,1152000000"
"202100039427";"18";"05";"2021";"17:00";"1";"78";"78551";"2";"1";"8";"6";"DE GAULLE (PLACE CHARLES)";"48,8974900000";"2,0948200000"
"202100039428";"18";"05";"2021";"16:45";"1";"77";"77172";"2";"4";"1";"1";"MOULIN (CHEMIN DU)";"48,3602800000";"2,9707300000"
"202100039429";"24";"04";"2021";"00:10";"3";"73";"73065";"1";"1";"1";"7";"D211 Rue de Montagny";"45,5985791293";"5,9252235023"
"202100039430";"17";"05";"2021";"17:55";"1";"71";"71153";"2";"6";"8";"3";"EUROPE (AVENUE DE L')";"46,8085800000";"4,4283100000"
"202100039431";"18";"05";"2021";"12:55";"1";"69";"69266";"2";"3";"1";"6";"DEDIEU (R)";"45,7697000000";"4,8719000000"
"202100039432";"18";"05";"2021";"12:50";"1";"69";"69266";"2";"2";"8";"6";"FLORIAN (R)";"45,7618600000";"4,8807900000"
"202100039433";"18";"05";"2021";"10:15";"1";"69";"69266";"2";"1";"1";"6";"MARC SANGNIER (AV)";"45,7587348029";"4,8763407359"
"202100039434";"16";"05";"2021";"21:41";"5";"66";"66136";"2";"3";"1";"3";"GUYNEMER (AVENUE GEORGES)";"42,6949600000";"2,9041200000"
"202100039435";"18";"05";"2021";"17:50";"1";"65";"65440";"2";"9";"2";"3";"AZEREIX (AVENUE D')";"43,2242780000";"0,0517320000"
"202100039436";"18";"05";"2021";"17:10";"1";"65";"65440";"2";"2";"2";"6";"RENAUDET (BOULEVARD PIERRE)";"43,2444700000";"0,0733300000"
"202100039437";"17";"05";"2021";"16:25";"1";"64";"64269";"2";"1";"1";"3";"TARBES DE";"43,2987200000";" -0,3051600000"
"202100039438";"28";"03";"2021";"19:40";"2";"62";"62497";"2";"1";"1";"3";"GAMBETTA (R LEON)";"50,4375790000";"3,0609260000"
"202100039439";"17";"05";"2021";"11:20";"1";"61";"61218";"1";"1";"3";"7";"22 BUISSON (ROUTE DU)";"48,7452600000";" -0,6125300000"
"202100039440";"17";"05";"2021";"11:45";"1";"60";"60463";"2";"2";"1";"2";"Rue Alexandre Ribot";"49,2686500000";"2,4774800000"
"202100039441";"14";"05";"2021";"21:20";"1";"56";"56121";"2";"2";"3";"3";"Rue de Lanveur";"47,7430500000";" -3,3890100000"
"202100039442";"18";"05";"2021";"18:50";"1";"54";"54395";"2";"1";"1";"6";"LIBERATION (AVENUE DE LA)";"48,6964559723";"6,1517965794"
"202100039443";"18";"05";"2021";"12:10";"1";"54";"54395";"2";"1";"2";"6";"FOCH (AVENUE 18 ET 9 A FIN)";"48,6863000000";"6,1676000000"
"202100039444";"17";"05";"2021";"18:30";"1";"54";"54304";"2";"1";"1";"6";"EUROPE (AVENUE DE L')";"48,6800179011";"6,1507565528"
"202100039445";"17";"05";"2021";"12:40";"1";"54";"54395";"2";"2";"1";"3";"SAURUPT (IMPASSE ET RUE)";"48,6790262689";"6,1851446301"
"202100039446";"17";"05";"2021";"05:00";"5";"54";"54323";"2";"1";"8";"1";"METALLURGIE (AVENUE DE LA)";"49,5304500000";"5,7803100000"
"202100039447";"8";"05";"2021";"14:30";"1";"51";"51230";"2";"6";"1";"7";"Place LÃ©on Bourgeois";"49,0460529733";"3,9550700784"
"202100039448";"18";"05";"2021";"17:05";"1";"50";"50218";"2";"1";"1";"3";"MATIGNON (AV DES)";"48,8379800000";" -1,5780700000"
"202100039449";"16";"05";"2021";"05:30";"5";"50";"50129";"2";"2";"8";"6";"TANNERIES (RUE DES)";"49,6329800000";" -1,6228000000"
"202100039450";"17";"05";"2021";"08:56";"1";"49";"49007";"2";"1";"2";"7";"SAINT MICHEL BOULEVARD";"47,4735300000";" -0,5424300000"
"202100039451";"18";"05";"2021";"22:40";"5";"44";"44109";"2";"1";"1";"6";"RUE DE LA CONTRIE";"47,2203100000";" -1,5985700000"
"202100039452";"17";"05";"2021";"18:25";"1";"37";"37261";"2";"1";"1";"7";"GRAMMONT (AVENUE DE)";"47,3818900343";"0,6922340244"
"202100039453";"18";"05";"2021";"18:10";"1";"35";"35051";"2";"9";"8";"3";"CHALOTAIS (RUE DE LA)";"48,1180100000";" -1,6007200000"
"202100039454";"18";"05";"2021";"17:30";"1";"35";"35281";"2";"1";"1";"2";"AURIOL (JACQUELINE)";"48,0749000000";" -1,7169000000"
"202100039455";"18";"05";"2021";"12:15";"1";"35";"35238";"2";"3";"1";"3";"FREBARDIERE (DE LA)";"48,0999300000";" -1,6275900000"
"202100039456";"18";"05";"2021";"08:45";"1";"35";"35238";"2";"1";"1";"2";"DANTON";"48,1182000000";" -1,6540900000"
"202100039457";"18";"05";"2021";"17:55";"1";"33";"33063";"2";"1";"1";"3";"Cours de lâYser";"44,8275032953";" -0,5690255420"
"202100039458";"18";"05";"2021";"15:25";"1";"33";"33069";"2";"3";"1";"3";"AllÃ©e de Boutaut";"44,8680040185";" -0,5761106882"
"202100039459";"18";"05";"2021";"15:00";"1";"33";"33529";"2";"6";"1";"3";"Avenue du GÃ©nÃ©ral Leclerc";"44,6483500000";" -1,1525000000"
"202100039460";"17";"05";"2021";"06:40";"1";"31";"31483";"2";"1";"1";"2";"FRANCOIS MITTERAND ( AVENUE)";"43,1123300000";"0,7462200000"
"202100039461";"18";"05";"2021";"12:45";"1";"13";"13103";"1";"1";"1";"6";"ROUTE DE JEAN MOULIN-RN 538";"43,6202100000";"5,0964800000"
"202100039462";"18";"05";"2021";"16:15";"1";"13";"13207";"2";"1";"1";"3";"Corniche John FitzgÃ©rald Kennedy";"43,2765910000";"5,3579750000"
"202100039463";"18";"05";"2021";"18:00";"1";"13";"13208";"2";"1";"2";"2";"SCHLOESING (BOULEVARD)";"43,2739817041";"5,4001807669"
"202100039464";"18";"05";"2021";"14:30";"1";"13";"13206";"2";"1";"1";"1";"LIEUTAUD (COURS)";"43,2913940000";"5,3830320000"
"202100039465";"18";"05";"2021";"10:20";"1";"13";"13211";"2";"1";"1";"6";"SAINT LOUP (BOULEVARD DE)";"43,2837770000";"5,4348450000"
"202100039466";"18";"05";"2021";"10:20";"1";"13";"13214";"2";"1";"1";"6";"CAPITAINE GEZE (BOULEVARD)";"43,3296965609";"5,3673765063"
"202100039467";"17";"05";"2021";"11:15";"1";"13";"13212";"2";"1";"1";"2";"LA FOURRAGERE (AVENUE)";"43,3005380000";"5,4307950000"
"202100039468";"17";"05";"2021";"16:00";"1";"06";"06104";"2";"1";"1";"6";"AZUR (AVENUE DE LA COTE D')";"43,7612570000";"7,4638090000"
"202100039469";"18";"05";"2021";"17:00";"1";"06";"06069";"2";"2";"1";"5";"SAINT EXUPERY (AVENUE ANTOINE DE)";"43,6622010000";"6,9342330000"
"202100039470";"16";"05";"2021";"17:50";"1";"75";"75116";"2";"1";"1";"4";"BOULEVARD PERIPHERIQUE";"48,8642390000";"2,2666410000"
"202100039471";"17";"05";"2021";"01:44";"4";"75";"75111";"2";"3";"1";"2";"AVENUE DE LA REPUBLIQUE";"48,8638150000";"2,3822110000"
"202100039472";"18";"05";"2021";"12:42";"1";"75";"75105";"2";"1";"1";"6";"RUE BERTHOLLET";"48,8398060000";"2,3459170000"
"202100039473";"18";"05";"2021";"08:00";"1";"75";"75120";"2";"1";"8";"3";"RUE D AVRON";"48,8530690000";"2,4081850000"
"202100039474";"18";"05";"2021";"18:30";"1";"75";"75119";"2";"1";"2";"3";"AVENUE DE FLANDRE";"48,8881940000";"2,3739110000"
"202100039475";"18";"05";"2021";"16:10";"1";"75";"75117";"2";"4";"2";"3";"AVENUE DE SAINT OUEN";"48,8965880000";"2,3286760000"
"202100039476";"18";"05";"2021";"06:40";"1";"75";"75117";"2";"5";"1";"3";"RUE DE COURCELLES";"48,8875250000";"2,2947350000"
"202100039477";"17";"05";"2021";"15:36";"1";"75";"75107";"2";"2";"2";"3";"BOULEVARD SAINT GERMAIN";"48,8556170000";"2,3268310000"
"202100039478";"18";"05";"2021";"19:45";"1";"75";"75112";"2";"7";"1";"7";"PLACE DU CARDINAL LAVIGERIE";"48,8320020000";"2,4038590000"
"202100039479";"18";"05";"2021";"20:50";"1";"75";"75107";"2";"2";"2";"7";"RUE DE GRENELLE";"48,8580600000";"2,3100140000"
"202100039480";"17";"05";"2021";"10:00";"1";"75";"75101";"2";"2";"1";"3";"RUE DE CASTIGLIONE";"48,8659300000";"2,3278910000"
"202100039481";"18";"05";"2021";"17:36";"1";"94";"94038";"2";"9";"2";"6";"Rue Paul Hochart";"48,7743520000";"2,3544930000"
"202100039482";"18";"05";"2021";"07:31";"1";"94";"94073";"2";"1";"1";"3";"Avenue de Versailles";"48,7588040000";"2,3950750000"
"202100039483";"17";"05";"2021";"14:50";"1";"93";"93070";"2";"1";"1";"6";"LANDY(RUE):NÂ° 1 AU 43";"48,9164970000";"2,3345750000"
"202100039484";"18";"05";"2021";"11:44";"1";"93";"93055";"2";"9";"8";"3";"GENERAL LECLERC(AVE DU)89/FIN ET 122/FIN";"48,8991499155";"2,4081301689"
"202100039485";"18";"05";"2021";"16:30";"1";"93";"93008";"2";"6";"1";"1";"SEMARD (RUE PIERRE)";"48,9100514748";"2,4465394020"
"202100039486";"18";"05";"2021";"09:40";"1";"93";"93007";"2";"1";"1";"2";"""PAUL VAILLANT COUTURIER (AVENUE """"DU 01";"48,9263858449";"2,4689412117"
"202100039487";"18";"05";"2021";"19:25";"1";"93";"93001";"2";"9";"1";"3";"LANDY (RUE DU) 34/29 =>";"48,9154600000";"2,3680800000"
"202100039488";"18";"05";"2021";"01:30";"5";"92";"92073";"2";"1";"1";"6";"WASHINGTON (BOULEVARD)";"48,8767533862";"2,2171112895"
"202100039489";"18";"05";"2021";"07:21";"2";"92";"92026";"2";"1";"1";"5";"DIVISION LECLERC (AVENUE DE LA)";"48,8922934892";"2,2411593050"
"202100039490";"18";"05";"2021";"20:13";"1";"92";"92024";"2";"2";"1";"3";"MARTRE DE (4 A 54)";"48,9008500000";"2,3081100000"
"202100039491";"15";"05";"2021";"18:50";"3";"974";"97415";"1";"9";"1";"6";"RN 1";" -20,9765370000";"55,2968720000"
"202100039492";"19";"05";"2021";"11:25";"1";"2A";"2A272";"1";"1";"1";"2";"RT 40";"41,6226944414";"8,9631733778"
"202100039493";"19";"05";"2021";"07:00";"1";"49";"49192";"1";"2";"1";"1";"RD20, PK 08.900";"47,0193150000";" -0,7703300000"
"202100039494";"17";"05";"2021";"23:40";"5";"972";"97210";"1";"1";"1";"1";"Morne Pitault";"14,6007980000";" -60,9356470000"
"202100039495";"18";"05";"2021";"18:55";"1";"67";"67078";"2";"1";"1";"3";"Place de l'Eglise";"48,6589270000";"7,4278690000"
"202100039496";"19";"05";"2021";"17:42";"1";"60";"60203";"1";"1";"2";"1";"Chemin des Meuniers";"49,2276170000";"2,8620240000"
"202100039497";"18";"05";"2021";"18:00";"1";"62";"62425";"1";"2";"1";"3";"D4";"50,2106460000";"2,7485300000"
"202100039498";"16";"05";"2021";"16:35";"1";"74";"74255";"1";"1";"3";"3";"Rte du Cheran";"45,8650160000";"5,9613700000"
"202100039499";"14";"05";"2021";"17:40";"1";"69";"69088";"2";"1";"1";"1";"JEAN-BAPTISTE SIMON (Q)";"45,8330350000";"4,8467140000"
"202100039500";"18";"05";"2021";"13:55";"1";"11";"11262";"1";"1";"1";"6";"D168";"43,1742620000";"3,0811500000"
"202100039501";"18";"05";"2021";"18:08";"1";"61";"61476";"1";"1";"1";"3";"D955";"48,3508750000";"0,4231320000"
"202100039502";"18";"05";"2021";"15:10";"1";"49";"49029";"2";"1";"1";"3";"Rue du Chaudron";"47,3986720000";" -0,4205440000"
"202100039503";"18";"05";"2021";"17:25";"1";"12";"12270";"1";"1";"1";"1";"N88";"44,3520640000";"2,9389880000"
"202100039504";"18";"05";"2021";"11:45";"1";"12";"12200";"1";"1";"1";"6";"RD94 ";"44,2118140000";"3,1530280000"
"202100039505";"18";"05";"2021";"17:20";"1";"47";"47065";"1";"1";"8";"6";"Secretary";"44,3725800000";"0,3744950000"
"202100039506";"18";"05";"2021";"13:46";"1";"39";"39368";"1";"1";"2";"5";"N/A";"46,5134990000";"6,0277830000"
"202100039507";"6";"05";"2021";"16:55";"1";"31";"31553";"1";"2";"1";"1";"Route de Cadours";"43,7154110000";"1,1682950000"
"202100039508";"10";"05";"2021";"09:30";"1";"84";"84148";"1";"1";"6";"7";"departementale 1";"44,0768110000";"5,2630520000"
"202100039509";"11";"05";"2021";"16:50";"1";"03";"03082";"2";"6";"2";"2";"D998 - Rond-Point des Forges";"46,2881960000";"2,7554230000"
"202100039510";"17";"05";"2021";"17:25";"1";"26";"26162";"1";"3";"1";"3";"D538";"45,3083830000";"5,0472200000"
"202100039511";"16";"05";"2021";"03:20";"3";"58";"58086";"2";"1";"1";"6";"RD 955a";"47,3844040000";"2,9215260000"
"202100039512";"19";"05";"2021";"16:10";"1";"53";"53096";"2";"1";"1";"6";"Route de Laval";"48,2925000000";" -0,9280490000"
"202100039513";"19";"05";"2021";"11:20";"1";"17";"17385";"2";"9";"1";"1";"144 Route des ChÃ¢teliers";"45,9399970000";" -1,3153370000"
"202100039514";"14";"05";"2021";"12:10";"1";"17";"17127";"1";"1";"1";"6";"D114";"46,2399920000";" -0,7967340000"
"202100039515";"18";"05";"2021";"20:33";"1";"37";"37086";"1";"2";"1";"3";"La RobiniÃ¨re";"47,4952995074";"0,3360709030"
"202100039516";"19";"05";"2021";"09:10";"1";"31";"31345";"1";"1";"1";"1";"RD 820 - Pk 51.650";"43,3944610000";"1,4296170000"
"202100039517";"19";"05";"2021";"14:25";"1";"49";"49160";"1";"1";"1";"1";"D723";"47,4147010000";" -0,9108570000"
"202100039518";"18";"05";"2021";"18:16";"1";"55";"55572";"1";"3";"1";"3";"intersection D150 / D905";"49,3848450000";"5,4003600000"
"202100039519";"17";"05";"2021";"06:00";"1";"971";"97103";"1";"1";"7";"3";"Route Nationale N2";"16,2588990000";" -61,6130090000"
"202100039520";"19";"05";"2021";"10:45";"1";"77";"77168";"1";"1";"4";"2";"Autoroute A6 point kilomÃ©trique 88+650 vers lyon";"48,1696350000";"2,8638481000"
"202100039521";"19";"05";"2021";"11:00";"1";"77";"77168";"1";"1";"4";"3";"A6";"48,1726680000";"2,8594490000"
"202100039522";"18";"05";"2021";"10:00";"1";"987";"98725";"1";"1";"1";"5";"RT 2";" -17,5112380000";" -149,5000520000"
"202100039523";"17";"05";"2021";"14:25";"1";"974";"97408";"2";"1";"1";"1";"41 Rue Jean Albany";" -20,9566118135";"55,3366933353"
"202100039524";"19";"05";"2021";"10:45";"1";"978";"97801";"2";"1";"1";"1";"R DE SANDY GROUND";"18,0636790000";" -63,0906840000"
"202100039525";"16";"05";"2021";"14:40";"1";"77";"77315";"2";"1";"1";"1";"90 Avenue du Marechal Foch";"48,8926160000";"2,8235640000"
"202100039526";"19";"05";"2021";"14:15";"1";"78";"78575";"1";"1";"2";"5";"Route de Limours";"48,6895720000";"2,0642920000"
"202100039527";"19";"05";"2021";"19:45";"1";"2B";"2B314";"1";"1";"1";"3";"Casa Ã  Casta";"42,6600280000";"9,2353660000"
"202100039528";"19";"05";"2021";"19:40";"2";"66";"66065";"2";"9";"1";"1";"Avenue Narcisse Planas";"42,6048850000";"2,9687690000"
"202100039529";"19";"05";"2021";"15:00";"1";"34";"34213";"1";"1";"1";"3";"D613";"43,4803440000";"3,6961590000"
"202100039530";"18";"05";"2021";"17:15";"1";"89";"89257";"2";"2";"1";"3";"Avenue Jean Jacques Rousseau";"47,9639440000";"3,5232370000"
"202100039531";"14";"05";"2021";"20:45";"1";"89";"89257";"2";"1";"1";"1";"18 Rue Jean Mermoz";"47,9645540000";"3,5249810000"
"202100039532";"23";"03";"2021";"15:35";"1";"73";"73285";"2";"1";"1";"3";"D1090 R de la Liberation";"45,6241570000";"6,7968590000"
"202100039533";"18";"05";"2021";"08:23";"1";"13";"13005";"1";"1";"1";"4";"A50-Sens Marseille vers Aubagne";"43,2878800000";"5,5618700000"
"202100039534";"12";"05";"2021";"14:00";"1";"13";"13214";"1";"1";"1";"5";"A7-Sens Lyon vers Marseille";"43,3324190000";"5,3774450000"
"202100039535";"17";"05";"2021";"18:25";"1";"13";"13211";"1";"1";"1";"5";"A50-Sens Marseille vers Aubagne";"43,2922200000";"5,4533600000"
"202100039536";"17";"05";"2021";"07:40";"1";"13";"13106";"1";"1";"1";"4";"A51-Sens Aix en Provence vers Marseille";"43,4064260000";"5,3615100000"
"202100039537";"16";"05";"2021";"02:45";"3";"54";"54091";"1";"1";"8";"2";"Autoroute A 31";"48,9619000000";"6,1072800000"
"202100039538";"18";"05";"2021";"13:20";"1";"94";"94043";"1";"1";"1";"2";"AUTOROUTE A6B";"48,8160576852";"2,3584841271"
"202100039539";"18";"05";"2021";"10:45";"1";"77";"77251";"1";"1";"1";"6";"RN 104";"48,6441011246";"2,5385085826"
"202100039540";"18";"05";"2021";"07:33";"1";"92";"92062";"1";"1";"1";"3";"A14";"48,8931556297";"2,2343122959"
"202100039541";"18";"05";"2021";"20:00";"1";"93";"93027";"1";"1";"2";"6";"AUTOROUTE A86";"48,9283200000";"2,4122500000"
"202100039542";"18";"05";"2021";"09:15";"2";"95";"95018";"1";"1";"1";"4";"A15";"48,9514500000";"2,2797300000"
"202100039543";"17";"05";"2021";"16:15";"1";"95";"95256";"1";"1";"2";"2";"RN 184";"49,0564700818";"2,2051639824"
"202100039544";"17";"05";"2021";"13:50";"1";"93";"93064";"1";"1";"1";"6";"AUTOROUTE A86";"48,8627200000";"2,4827200000"
"202100039545";"18";"05";"2021";"16:00";"1";"94";"94073";"1";"1";"1";"4";"A86 EXT";"48,7609950000";"2,3822420000"
"202100039546";"17";"05";"2021";"00:00";"4";"68";"68224";"2";"1";"2";"6";"ALLIES (BOULEVARD DES)";"47,7546500000";"7,3448100000"
"202100039547";"14";"05";"2021";"13:50";"1";"68";"68224";"2";"9";"1";"6";"BELFORT (RUE DE)";"47,7364000000";"7,2916000000"
"202100039548";"17";"05";"2021";"13:05";"1";"93";"93010";"2";"1";"2";"6";"SALENGRO (RUE ROGER) 2 A 52";"48,9031400000";"2,4799300000"
"202100039549";"15";"05";"2021";"11:51";"1";"987";"98735";"2";"2";"1";"3";"POMARE V (AVENUE)";" -17,5309900000";" -149,5638900000"
"202100039550";"15";"05";"2021";"10:40";"1";"976";"97611";"2";"1";"1";"6";"vahibe-Departementale 3 ( route )";" -12,7865800000";"45,1749500000"
"202100039551";"6";"05";"2021";"17:50";"1";"67";"67482";"1";"1";"2";"4";"M351";"48,5869400000";"7,7147500000"
"202100039552";"3";"02";"2021";"08:10";"5";"60";"60057";"2";"1";"2";"6";"N/A";"49,4241114618";"2,0843427127"
"202100039553";"11";"05";"2021";"17:05";"1";"974";"97411";"2";"1";"1";"6";"RUISSEAU DES NOIRS (RUE)";" -20,8908300000";"55,4527700000"
"202100039554";"17";"05";"2021";"17:50";"1";"973";"97302";"2";"1";"1";"3";"BADUEL (ROUTE DE)";"4,9276964730";" -52,2919507028"
"202100039555";"17";"05";"2021";"15:10";"1";"69";"69259";"2";"9";"2";"6";"PIERRE COT                          (AV)";"45,7044834119";"4,8956698179"
"202100039556";"17";"05";"2021";"14:15";"1";"69";"69383";"2";"1";"2";"3";"PROFESSEUR PAUL SISLEY (DU) (R)";"45,7502800000";"4,8685200000"
"202100039557";"16";"05";"2021";"20:10";"5";"972";"97213";"1";"1";"1";"5";"AUTOROUTE (A1)";"14,6183000000";" -61,0271000000"
"202100039558";"15";"05";"2021";"12:50";"1";"971";"97101";"1";"1";"1";"1";"AMEDEE CLOTILDE - CARAQUE (RUE)";"16,2524864092";" -61,4897060394"
"202100039559";"17";"05";"2021";"14:30";"1";"91";"91161";"2";"1";"3";"3";"RTE DE WISSOUS";"48,7112500000";"2,3104700000"
"202100039560";"16";"05";"2021";"22:50";"3";"91";"91223";"2";"1";"3";"7";"SABLIERE (RUE DE LA)   ZI";"48,4497800000";"2,1539200000"
"202100039561";"14";"05";"2021";"13:13";"1";"87";"87085";"2";"2";"1";"2";"VALIN (AVENUE DU GENERAL MARTIAL)";"45,8109200000";"1,2743400000"
"202100039562";"14";"05";"2021";"18:15";"1";"76";"76341";"1";"1";"1";"6";"D6015";"49,5133000000";"0,1993900000"
"202100039563";"17";"05";"2021";"13:14";"1";"72";"72181";"2";"1";"2";"2";"EDISON THOMAS (RUE)";"48,0248000000";"0,1790900000"
"202100039564";"17";"05";"2021";"12:25";"1";"69";"69266";"2";"1";"1";"6";"GREUZE (R)";"45,7711100000";"4,8936800000"
"202100039565";"11";"05";"2021";"18:00";"1";"68";"68066";"2";"9";"1";"3";"ALSACE (RUE D')";"48,0720900000";"7,3694400000"
"202100039566";"15";"05";"2021";"17:10";"1";"67";"67482";"2";"1";"1";"6";"EDMOND ROSTAND (RUE)";"48,5916800000";"7,6927000000"
"202100039567";"14";"05";"2021";"10:20";"1";"67";"67447";"2";"4";"1";"3";"BERLIN (AVENUE DE)";"48,6084900000";"7,7180500000"
"202100039568";"6";"05";"2021";"08:30";"1";"66";"66136";"1";"1";"1";"6";"R D 900";"42,7209400000";"2,8748300000"
"202100039569";"17";"05";"2021";"07:50";"1";"64";"64445";"2";"3";"1";"2";"OLOF PALME";"43,3359436136";" -0,3637182713"
"202100039570";"14";"05";"2021";"13:43";"1";"63";"63063";"2";"4";"1";"3";"REPUBLIQUE (AV DE LA)";"45,8226300000";"3,1065300000"
"202100039571";"17";"04";"2021";"10:00";"1";"59";"59328";"2";"1";"1";"5";"EIFFEL GUSTAVE RUE";"50,6586600000";"3,0117100000"
"202100039572";"14";"05";"2021";"13:15";"1";"56";"56121";"2";"3";"1";"2";"MARNE ( AV DE LA )";"47,7439400000";" -3,3681400000"
"202100039573";"17";"05";"2021";"14:00";"1";"51";"51454";"2";"1";"1";"7";"AllÃ©e des Provencaux";"49,2310600000";"4,0086100000"
"202100039574";"17";"05";"2021";"11:52";"1";"49";"49007";"2";"5";"1";"3";"MILLOT BOULEVARD JACQUES";"47,4545000000";" -0,5340700000"
"202100039575";"17";"05";"2021";"16:35";"1";"42";"42095";"2";"1";"1";"3";"Rue de la Tour de Varan";"45,3927000000";"4,2889200000"
"202100039576";"17";"05";"2021";"16:33";"1";"42";"42095";"2";"6";"1";"6";"Rue des Razes";"45,3841491777";"4,2858301159"
"202100039577";"15";"05";"2021";"19:00";"1";"41";"41018";"2";"1";"2";"7";"WILSON (AVENUE DU PRESIDENT)";"47,5824800000";"1,3414100000"
"202100039578";"16";"05";"2021";"09:25";"1";"37";"37261";"2";"1";"8";"6";"PAILHOU (PLACE GASTON)";"47,3915548631";"0,6807392836"
"202100039579";"7";"04";"2021";"08:00";"1";"36";"36044";"2";"3";"1";"3";"Boulevard Arago";"46,8049500000";"1,6882500000"
"202100039580";"17";"05";"2021";"16:45";"1";"35";"35051";"1";"1";"1";"4";"LONGCHAMPS (PORTE DES)";"48,1402500000";" -1,6309500000"
"202100039581";"16";"05";"2021";"11:15";"1";"35";"35238";"1";"1";"2";"3";"TAUPINAIS (CHEMIN DE LA)";"48,0978000000";" -1,7190000000"
"202100039582";"17";"05";"2021";"17:20";"1";"33";"33318";"2";"1";"1";"3";"Avenue Pasteur";"44,8052100000";" -0,6356900000"
"202100039583";"17";"05";"2021";"01:50";"5";"33";"33063";"2";"2";"1";"3";"Boulevard Joliot-Curie";"44,8360900000";" -0,5503400000"
"202100039584";"17";"05";"2021";"12:40";"1";"33";"33529";"2";"3";"1";"3";"Avenue du Parc des Expositions";"44,6061900000";" -1,1207000000"
"202100039585";"15";"05";"2021";"19:00";"1";"30";"30189";"2";"1";"1";"6";"FEUCHERES (AVENUE)";"43,8344000000";"4,3630000000"
"202100039586";"16";"05";"2021";"15:14";"1";"19";"19272";"1";"1";"1";"7";"Champeau (Lieu dit)";"45,2741075937";"1,7868768168"
"202100039587";"17";"05";"2021";"07:50";"1";"17";"17274";"1";"6";"1";"6";"D108";"46,1599000000";" -1,1028800000"
"202100039588";"13";"05";"2021";"19:10";"1";"13";"13108";"1";"1";"1";"7";"ARLES (PETITE ROUTE D ARLES CD 35)";"43,7411240000";"4,6599530000"
"202100039589";"13";"05";"2021";"16:30";"1";"13";"13108";"1";"3";"1";"3";"D33 ROUTE DE FONTVEILLE";"43,7509500000";"4,7009200000"
"202100039590";"17";"05";"2021";"18:00";"1";"13";"13213";"2";"1";"1";"3";"ALBERT EINSTEIN (RUE)";"43,3408100000";"5,4426600000"
"202100039591";"17";"05";"2021";"06:20";"1";"13";"13209";"2";"1";"1";"3";"SEIGNEURIE (TRAVERSE DE LA)";"43,2404865004";"5,4120436064"
"202100039592";"13";"05";"2021";"17:40";"1";"13";"13208";"2";"1";"1";"3";"PRADO (AVENUE DU)";"43,2694310000";"5,3865620000"
"202100039593";"16";"05";"2021";"16:22";"1";"10";"10387";"2";"1";"1";"6";"QUENNEDEY (RUE)";"48,2916600000";"4,0893300000"
"202100039594";"17";"05";"2021";"14:30";"1";"06";"06088";"1";"1";"1";"5";"VOIE RAPIDE";"43,6923190000";"7,2435200000"
"202100039595";"15";"05";"2021";"16:48";"1";"05";"05061";"2";"1";"2";"7";"STADE ( RUE  DU )";"44,5483300000";"6,0609600000"
"202100039596";"14";"05";"2021";"13:51";"1";"05";"05061";"2";"1";"1";"2";"FAUVINS ( ROUTE  DES )";"44,5636300000";"6,0991200000"
"202100039597";"17";"05";"2021";"15:50";"1";"75";"75116";"2";"1";"1";"2";"PORTE DE PASSY";"48,8571660000";"2,2586200000"
"202100039598";"16";"05";"2021";"19:00";"1";"75";"75113";"2";"1";"2";"7";"BOULEVARD PERIPHERIQUE";"48,8168800000";"2,3483260000"
"202100039599";"16";"05";"2021";"15:45";"1";"75";"75101";"2";"1";"1";"6";"QUAI DES TUILERIES";"48,8631170000";"2,3232370000"
"202100039600";"14";"05";"2021";"18:07";"1";"75";"75116";"2";"2";"1";"3";"BOULEVARD EXELMANS";"48,8430290000";"2,2601030000"
"202100039601";"17";"05";"2021";"18:40";"1";"75";"75120";"2";"4";"8";"6";"RUE BELGRAND";"48,8645950000";"2,4059200000"
"202100039602";"17";"05";"2021";"11:56";"1";"75";"75120";"2";"3";"2";"6";"RUE DES AMANDIERS";"48,8661660000";"2,3896910000"
"202100039603";"16";"05";"2021";"21:00";"2";"75";"75119";"2";"1";"2";"2";"AVENUE JEAN JAURES";"48,8838550000";"2,3743350000"
"202100039604";"17";"05";"2021";"01:05";"5";"75";"75118";"2";"5";"8";"6";"RUE DOUDEAUVILLE";"48,8882880000";"2,3515380000"
"202100039605";"17";"05";"2021";"09:50";"1";"75";"75116";"2";"1";"1";"6";"AVENUE PERRICHONT";"48,8494550000";"2,2730240000"
"202100039606";"17";"05";"2021";"17:03";"1";"75";"75115";"2";"1";"8";"2";"RUE LOUIS VICAT";"48,8258370000";"2,2983630000"