"Num_Acc";"jour";"mois";"an";"hrmn";"lum";"dep";"com";"agg";"int";"atm";"col";"adr";"lat";"long"
"202100039607";"17";"05";"2021";"14:30";"1";"75";"75115";"2";"2";"8";"3";"RUE DE VAUGIRARD";"48,8429960000";"2,3127970000"
"202100039608";"17";"05";"2021";"13:35";"1";"75";"75113";"2";"2";"2";"3";"BOULEVARD MASSENA";"48,8191500000";"2,3594880000"
"202100039609";"17";"05";"2021";"08:35";"1";"75";"75113";"2";"3";"2";"6";"RUE DU DISQUE";"48,8243400000";"2,3636960000"
"202100039610";"17";"05";"2021";"17:15";"1";"75";"75111";"2";"2";"1";"6";"RUE DE LA ROQUETTE";"48,8543430000";"2,3714640000"
"202100039611";"17";"05";"2021";"08:38";"1";"75";"75110";"2";"2";"8";"6";"RUE DU FAUBOURG SAINT MARTIN";"48,8737760000";"2,3583160000"
"202100039612";"17";"05";"2021";"15:45";"1";"75";"75108";"2";"2";"2";"2";"RUE LA BOETIE";"48,8725680000";"2,3100450000"
"202100039613";"16";"05";"2021";"14:50";"1";"75";"75103";"2";"2";"1";"7";"BOULEVARD DE SEBASTOPOL";"48,8662390000";"2,3525270000"
"202100039614";"17";"05";"2021";"17:35";"1";"94";"94043";"2";"1";"1";"7";"Avenue Charles Gide";"48,8074640000";"2,3546960000"
"202100039615";"17";"05";"2021";"19:30";"1";"94";"94077";"2";"1";"1";"2";"LE FOLL (AV)";"48,7285434284";"2,4336104695"
"202100039616";"17";"05";"2021";"08:40";"1";"94";"94079";"2";"1";"2";"4";"Rue de Bernau";"48,8171200000";"2,5348800000"
"202100039617";"16";"05";"2021";"17:00";"1";"77";"77294";"1";"9";"2";"3";"CHAPIT RE ( RUE DU)";"49,0060000000";"2,6140000000"
"202100039618";"11";"05";"2021";"19:55";"1";"92";"92078";"2";"3";"1";"3";"ASNIERES (QUAI)";"48,9342144840";"2,3359572887"
"202100039619";"16";"05";"2021";"11:20";"1";"92";"92064";"2";"1";"2";"1";"GRANDE RUE";"48,8265322782";"2,2190830510"
"202100039620";"17";"05";"2021";"15:35";"1";"92";"92050";"2";"1";"2";"2";"RD 914";"48,9065661727";"2,2157151997"
"202100039621";"17";"05";"2021";"20:00";"1";"92";"92049";"2";"1";"1";"6";"ARNOUX AVENUE MAURICE AUTRES NÂ°";"48,8169880228";"2,3117691278"
"202100039622";"15";"05";"2021";"21:15";"2";"92";"92036";"2";"1";"1";"3";"GABRIEL PERI (AVENUE) (60/134)";"48,9230043719";"2,2947692871"
"202100039623";"17";"05";"2021";"18:50";"2";"92";"92025";"2";"3";"1";"2";"CHARLES DE GAULLE (BD)";"48,9103221418";"2,2344600994"
"202100039624";"17";"05";"2021";"15:20";"1";"92";"92024";"2";"3";"1";"3";"MARTRE (RUE) DE (59 A 109)   (58 A 120)";"48,9017059565";"2,3073327541"
"202100039625";"17";"05";"2021";"09:44";"1";"92";"92023";"2";"1";"8";"6";"GENERAL DE GAULLE (AV DU) NÂ°130 A 340 ET";"48,7805174168";"2,2396371514"
"202100039626";"17";"05";"2021";"14:20";"1";"85";"85093";"1";"1";"1";"3";"RD36";"46,6631760000";" -1,2434070000"
"202100039627";"17";"05";"2021";"19:25";"2";"17";"17420";"2";"1";"1";"2";"Grande Rue de Grolleau";"46,1163570000";" -1,0205910000"
"202100039628";"14";"05";"2021";"00:45";"3";"84";"84043";"1";"1";"1";"1";"RD942";"43,9925520000";"4,9223690000"
"202100039629";"18";"05";"2021";"09:10";"1";"40";"40065";"2";"1";"1";"6";"Boulevard des Cigales";"43,6380010000";" -1,4260450000"
"202100039630";"12";"05";"2021";"20:00";"1";"06";"06161";"2";"1";"1";"7";"Avenue des Baumettes";"43,6377990000";"7,1321550000"
"202100039631";"17";"05";"2021";"07:35";"2";"29";"29189";"1";"1";"8";"6";"N165 PR107+800";"48,3829853950";" -4,3322400680"
"202100039632";"14";"05";"2021";"22:00";"5";"84";"84027";"1";"1";"1";"7";"Caderousse";"44,0955070000";"4,7216320000"
"202100039633";"18";"05";"2021";"17:00";"1";"65";"65340";"2";"3";"2";"3";"carrefour route de rabastens et et du bois cibat";"43,2678010000";"0,1050960000"
"202100039634";"18";"05";"2021";"11:48";"1";"62";"62392";"1";"3";"1";"6";"D38";"50,2606950000";"2,8900000000"
"202100039635";"18";"05";"2021";"07:15";"1";"2A";"2A006";"2";"1";"1";"3";"Villaranda";"41,9661931692";"8,7799521855"
"202100039636";"17";"05";"2021";"13:15";"1";"2A";"2A271";"2";"1";"1";"2";"T22";"41,9544953302";"8,7932663262"
"202100039637";"10";"05";"2021";"08:40";"1";"65";"65375";"2";"2";"7";"3";"Place Centrale";"43,3881150000";"0,1511050000"
"202100039638";"17";"05";"2021";"17:30";"1";"11";"11090";"1";"1";"1";"2";"D118";"43,1048760000";"2,2515540000"
"202100039639";"17";"05";"2021";"16:15";"1";"71";"71310";"1";"1";"1";"2";"RN 70";"46,7473450000";"4,4910260000"
"202100039640";"17";"05";"2021";"06:00";"3";"89";"89332";"1";"1";"3";"6";"D37";"48,3081170000";"3,0717530000"
"202100039641";"17";"05";"2021";"21:30";"3";"63";"63381";"1";"1";"8";"6";"route dÃ©partementale 943";"45,8574100000";"2,9103900000"
"202100039642";"18";"05";"2021";"07:00";"1";"63";"63211";"1";"2";"1";"3";"l'Etang du pendu";"45,4863580000";"3,7607900000"
"202100039643";"17";"05";"2021";"13:46";"1";"25";"25370";"2";"1";"3";"6";"D438";"47,4361360000";"6,7821760000"
"202100039644";"17";"05";"2021";"17:00";"1";"31";"31550";"1";"1";"1";"1";"rue campagne";"43,0623390000";"0,7765590000"
"202100039645";"18";"05";"2021";"09:00";"1";"72";"72224";"1";"1";"1";"7";"La Maison Rouge";"48,0272890000";"0,4915310000"
"202100039646";"18";"05";"2021";"14:45";"1";"14";"14120";"1";"1";"1";"1";"D193";"49,0654590000";" -0,7605460000"
"202100039647";"18";"05";"2021";"08:55";"1";"50";"50639";"2";"1";"1";"6";"rue du gÃ©nÃ©ral de gaulle";"48,8371990000";" -1,2218050000"
"202100039648";"8";"05";"2021";"11:30";"1";"73";"73171";"2";"6";"1";"6";"D201 - 246 Av de Savoie";"45,5017656135";"6,0513033271"
"202100039649";"17";"05";"2021";"21:10";"2";"53";"53009";"1";"1";"2";"7";"L'Emonderie";"47,9792360000";" -0,6069090000"
"202100039650";"16";"05";"2021";"20:30";"2";"85";"85095";"1";"1";"2";"6";"Le Petit Bois";"46,8651570000";" -1,7778860000"
"202100039651";"28";"04";"2021";"17:45";"1";"17";"17347";"2";"1";"1";"1";"Boulevard Joseph Lair";"45,9461770000";" -0,5221910000"
"202100039652";"17";"05";"2021";"07:34";"1";"67";"67340";"2";"1";"2";"6";"06 rue de niederbronn";"48,9398229127";"7,6070841572"
"202100039653";"18";"05";"2021";"06:55";"2";"24";"24167";"1";"1";"8";"6";"Route de Sainte Marthe";"44,6596260000";"0,4092090000"
"202100039654";"17";"05";"2021";"14:59";"1";"86";"86158";"1";"1";"1";"2";"A10 PK 300.500";"46,6309980000";"0,3517200000"
"202100039655";"17";"05";"2021";"07:30";"1";"77";"77339";"1";"1";"2";"6";"Autoroute A6 PK 056+300 sens province vers Paris";"48,3749530000";"2,5620460000"
"202100039656";"15";"05";"2021";"22:45";"3";"977";"97701";"2";"1";"1";"3";"route de grand fond";"17,9007400000";" -62,8184830000"
"202100039657";"17";"05";"2021";"12:10";"1";"45";"45252";"2";"1";"8";"6";"Rue Louise Michel";"48,1855530000";"2,2504110000"
"202100039658";"14";"05";"2021";"08:55";"1";"26";"26002";"1";"1";"8";"2";"A7 - PK 32.500";"45,2373700000";"4,8464410000"
"202100039659";"17";"05";"2021";"17:45";"1";"71";"71372";"2";"4";"1";"1";"route du bourg";"46,1870020000";"4,7400430000"
"202100039660";"14";"05";"2021";"16:35";"1";"63";"63203";"1";"1";"1";"5";"DÃ©parementale 402";"45,8478070000";"3,0671540000"
"202100039661";"16";"05";"2021";"18:43";"1";"86";"86137";"2";"2";"1";"3";"Avenue du Docteur Colas";"47,0050680000";"0,0778320000"
"202100039662";"16";"05";"2021";"06:45";"2";"33";"33097";"2";"1";"2";"7";"N/A";"45,0773050000";" -1,0536830000"
"202100039663";"18";"05";"2021";"08:52";"1";"60";"60138";"1";"1";"1";"2";"Route de Compiegne";"49,2250250000";"2,6154430000"
"202100039664";"18";"05";"2021";"08:10";"1";"60";"60524";"1";"1";"1";"4";"RD 1016";"49,3377770000";"2,4340750000"
"202100039665";"17";"05";"2021";"10:50";"1";"33";"33122";"1";"1";"2";"4";"AUTOROUTE A 63";"44,7426240000";" -0,7079130000"
"202100039666";"17";"05";"2021";"17:21";"1";"91";"91312";"1";"1";"1";"5";"RD 444";"48,7357900000";"2,2294300000"
"202100039667";"17";"05";"2021";"13:41";"1";"91";"91286";"1";"1";"3";"4";"AUTOROUTE A6";"48,6532670000";"2,3813170000"
"202100039668";"17";"05";"2021";"06:15";"1";"91";"91521";"1";"1";"2";"6";"RN 104";"48,6356000000";"2,4015000000"
"202100039669";"16";"05";"2021";"22:16";"3";"91";"91161";"1";"1";"2";"5";"AUTOROUTE A6";"48,6973000000";"2,3151900000"
"202100039670";"17";"05";"2021";"07:15";"1";"95";"95582";"1";"1";"2";"6";"AUTOROUTE A115";"48,9827596516";"2,2413298291"
"202100039671";"16";"05";"2021";"22:30";"3";"95";"95582";"1";"1";"2";"6";" A115";"48,9766585310";"2,2414255142"
"202100039672";"16";"05";"2021";"21:30";"3";"95";"95394";"1";"1";"2";"6";" A115";"49,0497900000";"2,1814500000"
"202100039673";"16";"05";"2021";"22:35";"3";"92";"92036";"1";"1";"2";"2";"AUTOROUTE A15";"48,9384432213";"2,2966712184"
"202100039674";"16";"05";"2021";"22:30";"3";"95";"95018";"1";"1";"2";"6";" A15";"48,9567678209";"2,2749853134"
"202100039675";"16";"05";"2021";"20:10";"1";"95";"95394";"1";"1";"2";"3";"RN 184";"49,0518495670";"2,1955081604"
"202100039676";"16";"05";"2021";"08:40";"1";"95";"95582";"1";"1";"1";"6";"RD 170";"48,9655100000";"2,2717300000"
"202100039677";"16";"05";"2021";"00:10";"4";"93";"93010";"1";"1";"2";"6";"AUTOROUTE A3";"48,8891000000";"2,4730000000"
"202100039678";"15";"05";"2021";"11:50";"1";"93";"93053";"1";"1";"8";"4";"AUTOROUTE A103";"48,8878300000";"2,4724200000"
"202100039679";"17";"05";"2021";"08:00";"1";"94";"94022";"1";"1";"1";"4";"A86 EXT";"48,7755000000";"2,4131100000"
"202100039680";"15";"05";"2021";"12:25";"1";"976";"97611";"2";"1";"1";"5";"tsoundzou-Mariage (place -tsoundzou 2)";" -12,8135000000";"45,2021800000"
"202100039681";"16";"05";"2021";"20:10";"1";"69";"69383";"2";"2";"1";"3";"VICTOR AUGAGNEUR (Q)";"45,7600000000";"4,8410600000"
"202100039682";"16";"05";"2021";"04:40";"5";"69";"69383";"2";"2";"1";"3";"ALBERT THOMAS (CR)";"45,7436558832";"4,8769801855"
"202100039683";"16";"05";"2021";"15:14";"1";"95";"95019";"2";"2";"1";"3";"Avenue Pierre Curie";"48,9854227625";"2,4256289005"
"202100039684";"16";"05";"2021";"18:55";"1";"91";"91549";"2";"3";"2";"3";"JEAN RENOIR (RUE)";"48,6400000000";"2,3500000000"
"202100039685";"15";"05";"2021";"21:00";"1";"76";"76216";"2";"9";"1";"3";"RN 27 (ROUTE DE DIEPPE)";"49,4759400000";"1,0481300000"
"202100039686";"16";"05";"2021";"14:40";"1";"76";"76217";"1";"1";"1";"7";"AVENUE DE BREAUTE";"49,9121900000";"1,0805600000"
"202100039687";"15";"05";"2021";"13:10";"1";"72";"72181";"2";"1";"1";"6";"PELOUSE (RUE) NÂ° PAIRS 2 A 72";"48,0018290000";"0,1995990000"
"202100039688";"12";"05";"2021";"16:45";"1";"69";"69290";"2";"6";"1";"7";"LYONNAIS (DU) (R)";"45,7012700000";"4,8999800000"
"202100039689";"16";"05";"2021";"16:20";"1";"64";"64102";"2";"6";"2";"7";"QUATORZE AVRIL (AVENUE DU)";"43,5026300000";" -1,4563600000"
"202100039690";"14";"05";"2021";"12:26";"1";"60";"60057";"2";"1";"1";"6";"Boulevard Amyot dâInville";"49,4341852915";"2,0799458586"
"202100039691";"16";"05";"2021";"14:39";"1";"54";"54395";"2";"2";"1";"6";"BAZIN (RUE HENRI) + (SENTIER)";"48,6970700000";"6,1949000000"
"202100039692";"16";"05";"2021";"09:50";"1";"54";"54395";"2";"1";"1";"3";"FOCH (AVENUE 2 A 16";"48,6893473664";"6,1761865765"
"202100039693";"16";"05";"2021";"17:10";"1";"45";"45234";"2";"3";"1";"6";"137 Rue du Faubourg Saint Vincent";"47,9110940000";"1,9152070000"
"202100039694";"16";"05";"2021";"06:24";"5";"45";"45234";"2";"2";"1";"7";"Pont de l'Europe";"47,8973984634";"1,8767695427"
"202100039695";"15";"05";"2021";"13:30";"1";"32";"32013";"1";"8";"8";"7";"MONTEGUT (CHEMIN DE)";"43,6571800000";"0,6379900000"
"202100039696";"16";"05";"2021";"16:45";"1";"31";"31555";"1";"1";"2";"6";"VA007331 A620";"43,5737570000";"1,4501310000"
"202100039697";"16";"05";"2021";"13:00";"1";"31";"31555";"2";"3";"3";"1";"MINIMES (AV DES) DU 1AU 178";"43,6184700000";"1,4364100000"
"202100039698";"15";"05";"2021";"11:58";"1";"17";"17306";"2";"9";"3";"6";"Rue Henri MÃ©riot";"45,6271920000";" -1,0312440000"
"202100039699";"16";"05";"2021";"22:45";"3";"13";"13209";"1";"1";"3";"7";"COL DE LA GINESTE D559";"43,2409100000";"5,4600100000"
"202100039700";"16";"05";"2021";"17:40";"1";"13";"13207";"2";"2";"2";"6";"ENDOUME (RUE D')";"43,2897000000";"5,3663300000"
"202100039701";"15";"05";"2021";"10:40";"1";"13";"13208";"2";"1";"1";"3";"MENDES FRANCE (AVENUE)";"43,2556520000";"5,3765200000"
"202100039702";"16";"05";"2021";"16:15";"1";"75";"75120";"2";"1";"8";"2";"PORTE DE MONTREUIL";"48,8590330000";"2,4141100000"
"202100039703";"15";"05";"2021";"09:00";"1";"75";"75112";"2";"4";"2";"6";"ECHANGEUR BERCY";"48,8271580000";"2,3920330000"
"202100039704";"15";"05";"2021";"04:40";"5";"75";"75116";"2";"1";"2";"2";"PORTE DAUPHINE";"48,8712180000";"2,2733200000"
"202100039705";"15";"05";"2021";"14:09";"1";"75";"75120";"2";"2";"2";"2";"BOULEVARD DE BELLEVILLE";"48,8670070000";"2,3828660000"
"202100039706";"16";"05";"2021";"21:05";"2";"75";"75120";"2";"2";"2";"3";"BOULEVARD DE BELLEVILLE";"48,8690540000";"2,3807010000"
"202100039707";"16";"05";"2021";"14:15";"1";"75";"75120";"2";"3";"2";"4";"RUE D AVRON";"48,8515330000";"2,3995470000"
"202100039708";"16";"05";"2021";"18:50";"1";"75";"75119";"2";"3";"8";"3";"AVENUE DE FLANDRE";"48,8898550000";"2,3759950000"
"202100039709";"16";"05";"2021";"15:50";"1";"75";"75119";"2";"3";"1";"6";"RUE DE JOINVILLE";"48,8898760000";"2,3800650000"
"202100039710";"16";"05";"2021";"14:10";"1";"75";"75118";"2";"1";"1";"3";"BOULEVARD ORNANO";"48,8971090000";"2,3450850000"
"202100039711";"16";"05";"2021";"16:00";"1";"75";"75117";"2";"3";"1";"2";"RUE POUCHET";"48,8950940000";"2,3213180000"
"202100039712";"16";"05";"2021";"19:50";"1";"75";"75116";"2";"3";"2";"3";"AVENUE DE VERSAILLES";"48,8426180000";"2,2686810000"
"202100039713";"16";"05";"2021";"16:20";"1";"75";"75115";"2";"1";"8";"6";"BOULEVARD GARIBALDI";"48,8453230000";"2,3101440000"
"202100039714";"15";"05";"2021";"15:10";"1";"75";"75114";"2";"3";"1";"2";"AVENUE DE LA PORTE DE CHATILLON";"48,8237010000";"2,3171270000"
"202100039715";"16";"05";"2021";"14:52";"1";"75";"75113";"2";"5";"3";"3";"RUE CHARLES FOURIER";"48,8258010000";"2,3503720000"
"202100039716";"16";"05";"2021";"18:45";"1";"75";"75112";"2";"2";"3";"3";"AVENUE DAUMESNIL";"48,8354170000";"2,4064860000"
"202100039717";"15";"05";"2021";"21:45";"5";"75";"75110";"2";"2";"8";"3";"RUE DU FAUBOURG SAINT DENIS";"48,8793110000";"2,3570840000"
"202100039718";"16";"05";"2021";"19:00";"1";"75";"75109";"2";"7";"2";"2";"BOULEVARD HAUSSMANN";"48,8731500000";"2,3317400000"
"202100039719";"16";"05";"2021";"14:05";"1";"75";"75108";"2";"1";"2";"3";"RUE SAINT LAZARE";"48,8753700000";"2,3250300000"
"202100039720";"16";"05";"2021";"16:30";"1";"75";"75107";"2";"3";"1";"4";"AVENUE DE LA BOURDONNAIS";"48,8605330000";"2,2956430000"
"202100039721";"16";"05";"2021";"18:40";"1";"75";"75101";"2";"2";"2";"7";"RUE DE RIVOLI";"48,8609010000";"2,3408390000"
"202100039722";"16";"05";"2021";"13:25";"1";"75";"75103";"2";"2";"2";"7";"RUE BEAUBOURG";"48,8642800000";"2,3551690000"
"202100039723";"16";"05";"2021";"16:40";"1";"94";"94019";"2";"3";"1";"3";"LIBERATION (RTE DE LA)";"48,8047300000";"2,5352400000"
"202100039724";"16";"05";"2021";"19:00";"1";"94";"94017";"2";"1";"8";"6";"GENERAL DE GAULLE (AV DU)";"48,8225800000";"2,4927100000"
"202100039725";"16";"05";"2021";"19:30";"1";"94";"94075";"1";"9";"2";"5";"Avenue du Mal de Lattre de Tassigny";"48,7343300000";"2,5205300000"
"202100039726";"16";"05";"2021";"06:50";"2";"93";"93072";"2";"3";"1";"3";"STALINGRAD (AVENUE DE) COTE DES NÂ°51 AU";"48,9493143919";"2,3833885788"
"202100039727";"16";"05";"2021";"18:50";"1";"93";"93071";"2";"2";"2";"3";"BALLANGER ROBERT (AVENUE)";"48,9493624375";"2,5196681762"
"202100039728";"16";"05";"2021";"14:10";"1";"93";"93048";"2";"2";"1";"3";"KLEBER (RUE)";"48,8549320000";"2,4349190000"
"202100039729";"16";"05";"2021";"09:50";"1";"93";"93031";"2";"9";"1";"3";"Avenue de la RÃ©publique";"48,9495510000";"2,3304770000"
"202100039730";"16";"05";"2021";"18:45";"1";"93";"93027";"2";"1";"2";"6";"Rue Paul Verlaine";"48,9333300000";"2,3922960000"
"202100039731";"16";"05";"2021";"19:40";"2";"92";"92035";"2";"9";"3";"7";"RÃ©publique ( boulevard de la )";"48,9057598644";"2,2531923652"
"202100039732";"16";"05";"2021";"22:00";"5";"92";"92024";"2";"2";"1";"3";"MARTRE (RUE) DE (59 A 109)   (58 A 120)";"48,9008500000";"2,3081200000"
"202100039733";"16";"05";"2021";"19:34";"1";"92";"92024";"2";"2";"3";"7";"HENRI BARBUSSE (RUE) DE (1 A 73)   (2 A";"48,8995563313";"2,3052394575"
"202100039734";"16";"05";"2021";"18:40";"1";"95";"95313";"1";"1";"3";"6";"A16";"49,1132560000";"2,2544510000"
"202100039735";"16";"05";"2021";"18:24";"1";"47";"47016";"2";"2";"8";"3";"Route d'Agen";"44,1382900000";"0,5595200000"
"202100039736";"17";"05";"2021";"15:30";"1";"08";"08403";"2";"1";"2";"6";"33 Avenue de Bourgoin";"49,4992750000";"4,3632530000"
"202100039737";"16";"05";"2021";"10:35";"1";"06";"06161";"1";"4";"1";"3";"14 AllÃ©e de la Tour de la Madone";"43,6346730000";"7,1131370000"
"202100039738";"17";"05";"2021";"06:15";"2";"26";"26106";"1";"1";"1";"2";"Autoroute a7, PK 104.900";"44,6421040000";"4,7866960000"
"202100039739";"14";"05";"2021";"14:40";"1";"30";"30014";"1";"1";"1";"7";"D982";"44,0011040000";"4,3855190000"
"202100039740";"14";"05";"2021";"11:55";"1";"77";"77151";"1";"1";"2";"6";"D215";"48,7113680000";"3,1631290000"
"202100039741";"16";"05";"2021";"21:50";"5";"37";"37153";"1";"1";"1";"2";"A 10 barriÃ¨re de pÃ©age de MONNAIE sens TOURS/PARIS";"47,4900967273";"0,8192643884"
"202100039742";"11";"05";"2021";"16:25";"1";"79";"79204";"2";"2";"1";"3";"Route de MairÃ©";"46,1803580000";" -0,2410660000"
"202100039743";"14";"05";"2021";"15:20";"1";"71";"71137";"2";"1";"2";"6";"Rue Lamartine";"46,4336240000";"4,6582300000"
"202100039744";"4";"05";"2021";"04:30";"3";"35";"35096";"1";"1";"2";"7";"Le Grand Cerisay";"48,0895040000";" -1,4388700000"
"202100039745";"16";"05";"2021";"16:46";"1";"35";"35248";"1";"1";"3";"4";"N176";"48,5660500000";" -1,5927020000"
"202100039746";"16";"05";"2021";"17:45";"1";"29";"29165";"1";"3";"1";"3";"D102 - Lieu dit Pont Plat";"47,8083540000";" -4,2255490000"
"202100039747";"16";"05";"2021";"21:21";"2";"31";"31329";"1";"1";"2";"6";"Montcalvel";"43,4785060000";"1,8167940000"
"202100039748";"17";"05";"2021";"06:35";"2";"54";"54337";"1";"1";"2";"1";"D156";"49,3589970000";"5,8762910000"
"202100039749";"16";"05";"2021";"17:40";"1";"14";"14299";"1";"1";"2";"6";"140 Route de Saint Benoit";"49,3627420000";"0,2746580000"
"202100039750";"17";"05";"2021";"13:35";"1";"45";"45124";"1";"1";"6";"4";"D28";"48,2363080000";"2,4971900000"
"202100039751";"16";"05";"2021";"11:50";"1";"18";"18209";"1";"1";"2";"1";"RD 951 PK 24+200";"46,6881180000";"2,4675040000"
"202100039752";"16";"05";"2021";"09:30";"1";"43";"43113";"1";"9";"2";"7";"D36";"44,9880520000";"4,0201380000"
"202100039753";"11";"05";"2021";"10:45";"1";"36";"36172";"1";"1";"3";"3";"CD 951";"46,6393010000";"1,3794710000"
"202100039754";"16";"05";"2021";"17:15";"1";"24";"24535";"1";"4";"1";"7";"la borgne";"44,9164220000";"1,3499670000"
"202100039755";"11";"05";"2021";"09:30";"1";"27";"27134";"1";"1";"1";"6";"D89";"49,3469340000";"0,6399970000"
"202100039756";"17";"05";"2021";"16:40";"1";"17";"17477";"1";"1";"1";"7";"D130";"45,9884850000";" -0,1447490000"
"202100039757";"14";"05";"2021";"10:15";"1";"68";"68375";"2";"3";"1";"3";"rue de Mulhouse";"47,8084640000";"7,2397430000"
"202100039758";"17";"05";"2021";"18:50";"1";"49";"49378";"1";"1";"8";"6";"A85";"47,3148390000";" -0,0351050000"
"202100039759";"17";"05";"2021";"11:10";"1";"33";"33122";"1";"1";"2";"4";"A63";"44,7153310000";" -0,7437230000"
"202100039760";"16";"05";"2021";"02:00";"3";"13";"13001";"1";"9";"2";"6";"A8";"43,5131020000";"5,4378680000"
"202100039761";"15";"05";"2021";"18:30";"5";"987";"98722";"1";"3";"1";"1";"RT2 PK 14+500";" -17,5080706245";" -149,4497990906"
"202100039762";"13";"05";"2021";"21:30";"3";"988";"98821";"1";"1";"1";"1";"RT1 - la tontouta";" -22,0218300000";"166,2292440000"
"202100039763";"17";"05";"2021";"07:00";"1";"973";"97311";"2";"1";"1";"6";"1571 Avenue Gaston Monnerville";"5,4933840000";" -54,0157840000"
"202100039764";"16";"05";"2021";"17:06";"1";"978";"97801";"2";"1";"1";"7";"Baie rouge, 207 Lot les Terres Basses";"18,0686820000";" -63,1212860000"
"202100039765";"16";"05";"2021";"13:15";"1";"977";"97701";"1";"1";"1";"7";"route de saline";"17,8977490000";" -62,8295930000"
"202100039766";"17";"05";"2021";"17:40";"1";"78";"78263";"2";"1";"2";"3";"Rue de l''Eglise";"48,7742260000";"1,6711290000"
"202100039767";"18";"05";"2021";"17:15";"1";"78";"78528";"2";"1";"3";"1";"17 b Rue Nationale";"49,0170130000";"1,6106960000"
"202100039768";"13";"05";"2021";"16:30";"1";"66";"66008";"1";"1";"1";"2";"Route du Littoral";"42,5811470000";"3,0326340000"
"202100039769";"17";"05";"2021";"17:15";"1";"84";"84004";"2";"6";"1";"3";"Route de Carpentras";"44,0911070000";"5,0304510000"
"202100039770";"16";"05";"2021";"15:40";"1";"13";"13042";"1";"1";"1";"1";"RD 2 PR 30+300";"43,3159520000";"5,6687950000"
"202100039771";"16";"05";"2021";"01:40";"3";"71";"71084";"2";"1";"1";"6";"Rue du Bourgneuf";"46,2460405762";"4,7644777461"
"202100039772";"16";"05";"2021";"16:41";"1";"54";"54053";"1";"1";"1";"6";"RD2";"48,6771054617";"6,5397620196"
"202100039773";"16";"05";"2021";"19:35";"1";"38";"38557";"1";"1";"1";"2";"D517";"45,7662360000";"5,1074620000"
"202100039774";"8";"04";"2021";"11:00";"1";"38";"38111";"2";"1";"1";"7";"Avenue de la LibÃ©ration";"45,1202610000";"5,6956820000"
"202100039775";"12";"05";"2021";"07:30";"1";"22";"22242";"1";"1";"1";"7";"RD 52";"48,6075770000";" -2,4236230000"
"202100039776";"15";"05";"2021";"17:55";"1";"35";"35031";"1";"1";"2";"1";"Touche Ronde";"48,1710660000";" -1,4156910000"
"202100039777";"16";"05";"2021";"14:45";"1";"60";"60446";"1";"6";"1";"7";"route nationale 2";"49,1472150000";"2,8114700000"
"202100039778";"17";"05";"2021";"16:45";"1";"60";"60612";"2";"1";"2";"6";"Rue du Moulin Saint-Rieul";"49,2126839174";"2,5870120821"
"202100039779";"17";"05";"2021";"17:45";"1";"60";"60439";"1";"1";"2";"6";"d 137";"49,3181850000";"2,3014210000"
"202100039780";"16";"05";"2021";"11:45";"1";"13";"13055";"1";"1";"1";"2";"A507 sens Aubagne- Marseille";"43,3300700000";"5,3941200000"
"202100039781";"11";"05";"2021";"17:15";"1";"13";"13055";"1";"1";"1";"2";"A507 sens Marseille - Aubagne";"43,3298100000";"5,4054000000"
"202100039782";"14";"05";"2021";"11:45";"1";"67";"67447";"1";"1";"1";"3";"M35";"48,6031300000";"7,7300500000"
"202100039783";"16";"05";"2021";"18:40";"1";"33";"33249";"1";"1";"1";"4";"ROUTE NATIONALE 230";"44,8736640000";" -0,5067190000"
"202100039784";"16";"05";"2021";"14:30";"1";"91";"91064";"1";"1";"1";"2";"RN 118";"48,7420200000";"2,1860900000"
"202100039785";"16";"05";"2021";"12:15";"1";"91";"91340";"1";"1";"2";"7";"RN 104";"48,6090000000";"2,4340000000"
"202100039786";"16";"05";"2021";"14:30";"1";"94";"94038";"1";"1";"1";"4";"AUTOROUTE A6B";"48,7730800000";"2,3460700000"
"202100039787";"16";"05";"2021";"06:30";"1";"94";"94034";"1";"1";"1";"6";"AUTOROUTE A6B";"48,7547000000";"2,3344000000"
"202100039788";"15";"05";"2021";"20:07";"1";"91";"91471";"1";"1";"2";"3";"RN 118";"48,7121200000";"2,1836100000"
"202100039789";"16";"05";"2021";"19:05";"1";"92";"92036";"1";"1";"3";"6";"RN315 Y";"48,9299797032";"2,3022826891"
"202100039790";"16";"05";"2021";"18:10";"1";"92";"92064";"1";"1";"3";"2";"A13";"48,8395693208";"2,2020814717"
"202100039791";"15";"05";"2021";"23:45";"3";"78";"78455";"1";"1";"2";"3";"A13";"48,8526300000";"2,0638400000"
"202100039792";"16";"05";"2021";"18:45";"1";"94";"94065";"1";"1";"1";"4";"A86 INT";"48,7536700000";"2,3646300000"
"202100039793";"16";"05";"2021";"17:00";"1";"94";"94073";"1";"9";"2";"2";"A86 INT";"48,7559113677";"2,3835111093"
"202100039794";"16";"05";"2021";"16:15";"1";"77";"77450";"1";"1";"1";"6";"RN104";"48,7193293662";"2,5987937246"
"202100039795";"15";"05";"2021";"18:30";"1";"77";"77169";"1";"1";"2";"6";"RN104.INT";"48,8231306326";"2,6150894957"