"Num_Acc";"jour";"mois";"an";"hrmn";"lum";"dep";"com";"agg";"int";"atm";"col";"adr";"lat";"long"
"202100039796";"14";"05";"2021";"14:45";"1";"94";"94017";"1";"1";"1";"5";"A4";"48,8280100000";"2,5052000000"
"202100039797";"15";"05";"2021";"23:30";"3";"976";"97611";"2";"1";"1";"6";"doujani-CarriÃ¨re ( route de la )";" -12,7957300000";"45,2154600000"
"202100039798";"15";"05";"2021";"12:50";"1";"974";"97411";"1";"1";"1";"6";"ANANAS (ROUTE DES)";" -20,9185200000";"55,4795000000"
"202100039799";"15";"05";"2021";"12:44";"1";"973";"97302";"1";"1";"2";"7";"CRIQUE FOUILLEE (ROND POINT)";"4,8968421495";" -52,3285195828"
"202100039800";"15";"05";"2021";"19:20";"2";"69";"69388";"2";"2";"2";"3";"LUDOVIC ARRACHART (R)";"45,7305700000";"4,8644800000"
"202100039801";"15";"05";"2021";"14:30";"1";"69";"69387";"2";"2";"2";"3";"CREUZET (R)";"45,7505200000";"4,8462600000"
"202100039802";"15";"05";"2021";"11:30";"1";"972";"97213";"2";"1";"1";"2";"Z I LA JAMBETTE";"14,6161149735";" -61,0340023045"
"202100039803";"15";"05";"2021";"19:00";"1";"69";"69384";"2";"2";"2";"1";"HENON (R)";"45,7796000000";"4,8208000000"
"202100039804";"15";"05";"2021";"15:07";"1";"69";"69382";"2";"2";"2";"1";"FRANKLIN (R)";"45,7519000000";"4,8310900000"
"202100039805";"15";"05";"2021";"11:25";"1";"2B";"2B033";"2";"1";"1";"1";"AV DE LA LIBERATION";"42,6838000000";"9,4447200000"
"202100039806";"14";"05";"2021";"19:40";"1";"2B";"2B033";"2";"6";"1";"3";"11 - RT";"42,7018438835";"9,4526445525"
"202100039807";"15";"05";"2021";"08:45";"1";"91";"91103";"2";"9";"2";"3";"RUE DU POITOU";"48,5884300000";"2,3006500000"
"202100039808";"15";"05";"2021";"23:22";"5";"91";"91114";"2";"1";"2";"6";"AV CHARLES CHRISTOFLE";"48,7052700000";"2,4955500000"
"202100039809";"14";"05";"2021";"20:15";"1";"91";"91691";"2";"1";"2";"3";"RENE COTY(RUE)";"48,7167900000";"2,4999500000"
"202100039810";"15";"05";"2021";"18:33";"1";"82";"82033";"1";"1";"2";"6";"FOURRIERES VC 1 (ROUTE DES) ";"44,0425700000";"1,1560900000"
"202100039811";"15";"05";"2021";"19:00";"1";"77";"77468";"2";"1";"1";"2";"PARIS (RUE DE)";"48,8500000000";"2,6480000000"
"202100039812";"14";"05";"2021";"17:40";"1";"74";"74012";"2";"7";"1";"3";"CLOS FLEURY (RUE DU)";"46,1922200000";"6,2320000000"
"202100039813";"15";"05";"2021";"11:40";"1";"68";"68224";"2";"2";"2";"1";"BELFORT (RUE DE)";"47,7300000000";"7,2900000000"
"202100039814";"16";"05";"2021";"00:15";"5";"59";"59512";"2";"1";"1";"2";"BLANCHEMAILLE (RUE DE)";"50,6957254245";"3,1665936519"
"202100039815";"15";"05";"2021";"18:00";"1";"59";"59512";"2";"2";"1";"3";"MULHOUSE (BOULEVARD DE)";"50,6875300000";"3,1981600000"
"202100039816";"23";"04";"2021";"14:30";"1";"57";"57606";"2";"1";"1";"3";"LORRAINE (BOULEVARD DE)";"49,1074055000";"6,7099288000"
"202100039817";"15";"05";"2021";"18:25";"1";"51";"51058";"2";"1";"8";"7";"Avenue Jean Monnet";"49,2151300000";"4,0022600000"
"202100039818";"15";"05";"2021";"18:35";"1";"51";"51454";"2";"1";"1";"2";"Avenue du MarÃ©chal Juin";"49,2202717330";"4,0204328299"
"202100039819";"15";"05";"2021";"15:20";"1";"51";"51454";"2";"3";"2";"1";"Rue Gambetta";"49,2464578404";"4,0393157317"
"202100039820";"15";"05";"2021";"11:56";"1";"49";"49007";"2";"2";"1";"6";"VAUGAREAU";"47,4826900000";" -0,5306500000"
"202100039821";"15";"05";"2021";"12:00";"1";"41";"41276";"2";"1";"8";"6";"BRANLY (RUE EDOUARD)";"47,6144500000";"1,3031100000"
"202100039822";"14";"05";"2021";"18:00";"1";"31";"31555";"2";"1";"1";"7";"AV CAMILLE PUJOL";"43,6011270000";"1,4610310000"
"202100039823";"15";"05";"2021";"22:20";"5";"29";"29019";"2";"1";"1";"3";"Rue Paul Masson";"48,3998900000";" -4,4803900000"
"202100039824";"14";"05";"2021";"15:45";"1";"27";"27203";"1";"1";"8";"3";"EVREUX (ROUTE D')";"49,0654710000";"1,4236660000"
"202100039825";"14";"05";"2021";"19:28";"1";"25";"25056";"2";"2";"2";"3";"BLUM  BOULEVARD LEON (inf 51)";"47,2559900000";"6,0200800000"
"202100039826";"15";"05";"2021";"15:50";"1";"19";"19275";"2";"1";"2";"5";"CARNOT (AVENUE) NÂ° IMPAIRS";"45,5506928458";"2,3128576071"
"202100039827";"14";"05";"2021";"02:05";"3";"19";"19272";"1";"1";"2";"6";"RD 9 ";"45,2733700000";"1,7902100000"
"202100039828";"15";"05";"2021";"16:25";"1";"14";"14118";"2";"3";"1";"3";"Boulevard Yves Guillou";"49,1767100000";" -0,3683000000"
"202100039829";"15";"05";"2021";"03:15";"5";"13";"13202";"2";"1";"1";"7";"PORT (QUAI DU)";"43,2951000000";"5,3635500000"
"202100039830";"15";"05";"2021";"06:45";"2";"13";"13212";"2";"2";"1";"3";"PIERRE CHEVALIER (avenue)";"43,2953000000";"5,4254000000"
"202100039831";"15";"05";"2021";"05:00";"2";"13";"13206";"2";"1";"1";"7";"LIEUTAUD (COURS)";"43,2910500000";"5,3831100000"
"202100039832";"14";"05";"2021";"17:20";"1";"07";"07019";"2";"1";"1";"3";"PAIX (PLACE DE LA)";"44,6182300000";"4,3900000000"
"202100039833";"15";"05";"2021";"08:15";"1";"06";"06088";"2";"2";"1";"6";"DELFINO (BD GENERAL)";"43,7054900000";"7,2844300000"
"202100039834";"15";"05";"2021";"19:30";"1";"06";"06104";"2";"1";"1";"6";"MONLEON (AVENUE SYLVIO DE)";"43,7562450000";"7,4781600000"
"202100039835";"15";"05";"2021";"19:47";"1";"06";"06069";"2";"1";"1";"6";"ISNARD (RUE MAXIMIN)";"43,6601600000";"6,9226800000"
"202100039836";"14";"05";"2021";"12:02";"1";"75";"75108";"2";"2";"1";"3";"AVENUE DES CHAMPS ELYSEES";"48,8677970000";"2,3139060000"
"202100039837";"15";"05";"2021";"19:20";"1";"75";"75119";"2";"3";"8";"4";"PLACE ARMAND CARREL";"48,8825390000";"2,3816950000"
"202100039838";"15";"05";"2021";"08:20";"1";"75";"75117";"2";"7";"2";"3";"RUE LEGENDRE";"48,8866340000";"2,3184690000"
"202100039839";"15";"05";"2021";"16:30";"1";"75";"75115";"2";"4";"1";"7";"BOULEVARD GARIBALDI";"48,8454690000";"2,3096010000"
"202100039840";"14";"05";"2021";"17:15";"1";"75";"75115";"2";"2";"1";"3";"RUE DE L ABBE GROULT";"48,8371840000";"2,3001420000"
"202100039841";"15";"05";"2021";"12:30";"1";"75";"75114";"2";"1";"2";"6";"RUE D ALESIA";"48,8266110000";"2,3407490000"
"202100039842";"15";"05";"2021";"15:00";"1";"75";"75112";"2";"1";"1";"4";"QUAI DE BERCY";"48,8314150000";"2,3849310000"
"202100039843";"15";"05";"2021";"13:25";"1";"75";"75111";"2";"1";"2";"3";"RUE DE CHARONNE";"48,8553570000";"2,3886980000"
"202100039844";"14";"05";"2021";"18:17";"1";"75";"75109";"2";"5";"2";"3";"BOULEVARD HAUSSMANN";"48,8737880000";"2,3269040000"
"202100039845";"15";"05";"2021";"17:00";"1";"75";"75108";"2";"1";"2";"7";"COURS LA REINE";"48,8641580000";"2,3198400000"
"202100039846";"15";"05";"2021";"05:55";"2";"94";"94074";"2";"6";"2";"3";"JULIEN DURANTON (avenue)";"48,7702960000";"2,4464800000"
"202100039847";"15";"05";"2021";"18:35";"1";"94";"94076";"2";"2";"2";"2";"MAXIME GORKI (BD)";"48,7927100000";"2,3693300000"
"202100039848";"15";"05";"2021";"11:40";"1";"94";"94038";"2";"3";"2";"3";"Rue Albert 1er";"48,7791760000";"2,3311190000"
"202100039849";"15";"05";"2021";"05:15";"5";"94";"94022";"2";"1";"1";"6";"FAULER PROLONGEE (R)";"48,7733100000";"2,4098400000"
"202100039850";"14";"05";"2021";"13:10";"1";"93";"93032";"2";"2";"2";"3";"PAUL VAILLANT COUTURIER (RUE)";"48,8766100000";"2,5493300000"
"202100039851";"15";"05";"2021";"13:05";"1";"93";"93014";"2";"2";"3";"3";"AllÃ©e de Gagny / Allee du Chene Pointu";"48,9016100000";"2,5467000000"
"202100039852";"15";"05";"2021";"20:25";"1";"93";"93005";"2";"1";"1";"2";"Carrefour de lâEurope";"48,9515240000";"2,4824250000"
"202100039853";"14";"05";"2021";"19:55";"1";"92";"92064";"2";"1";"2";"6";"MARECHAL JUIN";"48,8367400000";"2,2219400000"
"202100039854";"15";"05";"2021";"16:40";"1";"92";"92025";"2";"1";"8";"2";"PRESIDENT SALVADOR ALLENDE (RUE DU)";"48,9185089765";"2,2250640392"
"202100039855";"15";"05";"2021";"15:50";"1";"92";"92012";"2";"1";"4";"2";"ANATOLE FRANCE (BOULEVARD) 5/FIN";"48,8501400000";"2,2385400000"
"202100039856";"15";"05";"2021";"18:25";"1";"34";"34343";"1";"1";"8";"1";"RD 32";"43,7491720000";"3,7118820000"
"202100039857";"16";"05";"2021";"00:10";"5";"45";"45243";"1";"1";"1";"6";"D2160-PR 49 + 950";"47,9936660000";"2,4539910000"
"202100039858";"16";"05";"2021";"17:20";"1";"33";"33205";"2";"1";"1";"7";"Lieu Dit Brouquet";"44,6268860000";" -0,3814740000"
"202100039859";"16";"05";"2021";"05:30";"2";"54";"54408";"1";"1";"1";"7";"A4 ";"49,1722769711";"5,7594966890"
"202100039860";"16";"05";"2021";"10:00";"1";"19";"19274";"1";"1";"2";"7";"PK 270.000 A20";"45,1665090000";"1,4810890000"
"202100039861";"11";"05";"2021";"15:30";"1";"23";"23176";"2";"6";"1";"3";"Avenue de la Liberte";"46,2354870000";"1,4889480000"
"202100039862";"16";"05";"2021";"11:05";"1";"62";"62881";"1";"3";"1";"6";"D117";"50,2271330000";"2,1681050000"
"202100039863";"15";"05";"2021";"22:15";"3";"77";"77303";"1";"1";"3";"6";"1 Bois Guyot";"48,8519530000";"3,4437240000"
"202100039864";"11";"05";"2021";"12:00";"1";"83";"83031";"1";"1";"1";"6";"D558";"43,3604690000";"6,3897840000"
"202100039865";"5";"05";"2021";"21:15";"2";"51";"51030";"2";"3";"1";"3";"Route d'Epernay";"49,0468350000";"4,0877030000"
"202100039866";"15";"05";"2021";"22:20";"3";"19";"19007";"1";"1";"2";"6";"La Riviere";"44,9500310000";"1,8533640000"
"202100039867";"15";"05";"2021";"10:30";"1";"2B";"2B123";"1";"1";"1";" -1";"RT 10";"42,0322970000";"9,4179330000"
"202100039868";"16";"05";"2021";"19:20";"1";"34";"34150";"1";"1";"2";"1";"d 51 E5, pont des Onglous";"43,3202600000";"3,5398830000"
"202100039869";"16";"05";"2021";"14:10";"1";"68";"68082";"1";"1";"2";"6";"D20";"47,8449910000";"7,3454120000"
"202100039870";"14";"05";"2021";"11:15";"1";"31";"31377";"1";"1";"2";"6";"D25";"43,4248080000";"1,7212060000"
"202100039871";"15";"05";"2021";"22:10";"5";"02";"02386";"2";"1";"2";"6";"1 Rue de Lavaqueresse";"49,9539880000";"3,6616070000"
"202100039872";"16";"05";"2021";"09:20";"1";"15";"15211";"1";"1";"2";"7";"D43";"45,0191620000";"2,2039820000"
"202100039873";"15";"05";"2021";"17:55";"1";"54";"54256";"1";"1";"3";"7";"D110";"48,5312560000";"6,3291980000"
"202100039874";"15";"05";"2021";"20:45";"2";"06";"06032";"2";"1";"1";"6";"D6007";"43,7257780000";"7,3987770000"
"202100039875";"14";"05";"2021";"18:20";"1";"43";"43265";"1";"1";"8";"7";"Croix (Calvaire)";"45,2351900000";"4,1658350000"
"202100039876";"15";"05";"2021";"16:39";"1";"85";"85303";"2";"4";"1";"3";"Intersection rue Georges ClÃ©menceau / rue des Rivaux";"46,3592130000";" -0,8528030000"
"202100039877";"16";"05";"2021";"19:40";"1";"27";"27384";"1";"1";"2";"6";"Route de la Morelle";"49,3707140000";"0,3046880000"
"202100039878";"15";"05";"2021";"19:15";"1";"17";"17385";"2";"2";"1";"3";"Rue Gustave Bausmayer";"45,9409850000";" -1,3297190000"
"202100039879";"15";"05";"2021";"10:35";"1";"37";"37037";"1";"2";"1";"3";"Le Buisson Rond";"47,5522230598";"0,4377559769"
"202100039880";"15";"05";"2021";"18:00";"1";"30";"30269";"1";"1";"2";"7";"COL SAINT PIERRE";"44,1301390000";"3,8521670000"
"202100039881";"15";"05";"2021";"19:25";"1";"88";"88369";"2";"3";"3";"3";"25 Rue d'Alsace";"47,8939600000";"6,7413730000"
"202100039882";"16";"05";"2021";"16:15";"1";"11";"11225";"1";"1";"2";"3";"Autoroute A61, PK 281.000, sens NARBONNE - TOULOUSE";"43,3189000000";"1,8749000000"
"202100039883";"16";"05";"2021";"01:45";"5";"976";"97607";"1";"1";"1";"1";"N3";" -12,8378810000";"45,1804800000"
"202100039884";"15";"05";"2021";"16:30";"1";"971";"97122";"1";"1";"1";"7";"Brument";"16,4159770000";" -61,5052630000"
"202100039885";"14";"05";"2021";"12:00";"1";"971";"97129";"1";"1";"2";"1";"Nationale 2, manbia";"16,3450860000";" -61,7183160000"
"202100039886";"15";"05";"2021";"23:30";"3";"78";"78506";"1";"1";"1";"6";"RD 910";"48,5128090000";"1,8040750000"
"202100039887";"15";"05";"2021";"20:50";"3";"83";"83108";"1";"1";"1";"7";"Route de Gareoult";"43,3304030000";"6,0050410000"
"202100039888";"16";"05";"2021";"11:10";"1";"71";"71060";"1";"3";"3";"3";"le carge, PK 09+600";"46,3059640000";"4,1469180000"
"202100039889";"14";"05";"2021";"22:35";"3";"88";"88020";"1";"1";"1";"6";"chemin forestier";"48,4929190000";"5,8695850000"
"202100039890";"16";"05";"2021";"13:10";"1";"26";"26034";"1";"1";"1";"1";"Route Nationale ";"45,0660720000";"5,2353070000"
"202100039891";"13";"05";"2021";"18:20";"1";"26";"26307";"1";"1";"1";"6";"Route de Lente";"45,0045920000";"5,2969770000"
"202100039892";"13";"05";"2021";"11:30";"1";"69";"69143";"2";"2";"1";"3";"REY LORAS (R)";"45,8795058819";"4,8378402031"
"202100039893";"16";"05";"2021";"14:50";"1";"79";"79088";"1";"3";"2";"6";"Route de Poitiers";"46,8222170000";" -0,4127010000"
"202100039894";"16";"05";"2021";"00:05";"5";"60";"60395";"2";"6";"1";"6";"Rue Aristide Briand";"49,2211710000";"2,1312080000"
"202100039895";"15";"05";"2021";"14:40";"1";"13";"13203";"1";"1";"2";"2";"A7-Sens Marseille vers Lyon";"43,3074084819";"5,3754472733"
"202100039896";"13";"05";"2021";"21:10";"3";"42";"42123";"1";"1";"1";"3";"A47";"45,5174400000";"4,5885600000"
"202100039897";"15";"05";"2021";"19:05";"1";"94";"94034";"1";"1";"1";"6";"AUTOROUTE A86";"48,7550100000";"2,3324200000"
"202100039898";"15";"05";"2021";"15:15";"1";"91";"91689";"1";"1";"1";"2";"AUTOROUTE A6";"48,7314400000";"2,3154700000"
"202100039899";"15";"05";"2021";"12:00";"1";"94";"94021";"1";"1";"2";"6";"AUTOROUTE A6A";"48,7712500000";"2,3454400000"
"202100039900";"15";"05";"2021";"18:50";"1";"92";"92036";"1";"1";"2";"6";"AUTOROUTE A15";"48,9436471157";"2,2877561673"
"202100039901";"15";"05";"2021";"16:25";"1";"95";"95572";"1";"1";"2";"6";"A15";"49,0327269433";"2,1122574789"
"202100039902";"15";"05";"2021";"04:15";"4";"93";"93007";"1";"1";"1";"2";"AUTOROUTE A3";"48,9365833968";"2,4803814961"
"202100039903";"15";"05";"2021";"09:40";"1";"77";"77373";"1";"1";"2";"2";"RN104";"48,7865800000";"2,6174000000"
"202100039904";"22";"02";"2021";"19:22";"5";"75";"75119";"2";"3";"1";"3";"RUE DE L OURCQ";"48,8926184185";"2,3784703016"
"202100039905";"15";"05";"2021";"06:00";"1";"988";"98818";"2";"2";"1";"1";"DALY (RUE ARNOLD)";" -22,2682800000";"166,4726600000"
"202100039906";"14";"05";"2021";"14:30";"1";"988";"98818";"2";"3";"1";"4";"RUE DU 18 JUIN/RUE AUGIAS";" -22,2687700000";"166,4635300000"
"202100039907";"14";"05";"2021";"17:30";"2";"974";"97416";"1";"1";"1";"6";"BASSIN PLAT(CHEMIN)";" -21,3360383428";"55,5035626888"
"202100039908";"14";"05";"2021";"14:30";"1";"69";"69259";"2";"1";"1";"2";"JULES GUESDE (AV)";"45,7144700000";"4,8881800000"
"202100039909";"14";"05";"2021";"11:35";"1";"972";"97213";"2";"1";"1";"2";"AUTOROUTE A1";"14,6139000000";" -61,0111900000"
"202100039910";"11";"05";"2021";"17:40";"1";"69";"69389";"2";"1";"1";"3";"M6";"45,7624500000";"4,8045200000"
"202100039911";"11";"05";"2021";"20:15";"5";"69";"69142";"2";"1";"1";"1";"FONTANIERES (DES) (CHM)";"45,7410100000";"4,8086800000"
"202100039912";"13";"05";"2021";"23:15";"5";"69";"69384";"2";"3";"8";"3";"BIRMINGHAM (DE)                     (AV)";"45,7749800000";"4,8107300000"
"202100039913";"12";"05";"2021";"11:50";"1";"69";"69202";"2";"1";"1";"6";"COMMANDANT CHARCOT (DU) (R)";"45,7500767602";"4,7970535206"
"202100039914";"13";"05";"2021";"18:10";"1";"2B";"2B033";"2";"1";"1";"4";"SAMPIERO CORSO - AV";"42,6856600000";"9,4463500000"
"202100039915";"14";"05";"2021";"14:30";"1";"971";"97105";"2";"9";"1";"3";"BOLOGNE (ROUTE DE)";"16,0059900000";" -61,7363900000"
"202100039916";"14";"05";"2021";"11:20";"1";"91";"91114";"1";"1";"2";"2";"ROUTE NATIONALE 5";"48,6786500000";"2,4959800000"
"202100039917";"14";"05";"2021";"10:37";"1";"87";"87114";"2";"2";"1";"6";"JOFFRE (MARECHAL)";"45,8373400000";"1,3072100000"
"202100039918";"13";"05";"2021";"11:51";"1";"87";"87085";"2";"2";"1";"3";"TOULOUSE (RUE DE)";"45,8167400000";"1,2771500000"
"202100039919";"14";"05";"2021";"20:15";"1";"83";"83137";"2";"3";"1";"1";"15EME CORPS (AVE DU)";"43,1282700000";"5,9165500000"
"202100039920";"8";"05";"2021";"15:30";"1";"83";"83129";"2";"6";"1";"6";"TRAITE DE L'ELYSEE (ROND POINT)";"43,1069600000";"5,8144300000"
"202100039921";"14";"05";"2021";"15:00";"1";"83";"83069";"1";"2";"1";"3";"TOULON RD 46 ( ROUTE DE )";"43,1260000000";"6,0930000000"
"202100039922";"14";"05";"2021";"17:00";"1";"77";"77285";"2";"9";"1";"6";"MAURICE DAUVERGNE (AVENUE)";"48,5438192390";"2,6404316873"
"202100039923";"14";"05";"2021";"11:00";"1";"72";"72181";"2";"6";"1";"2";"ROSTOV SUR LE DON (RUE) NÂ° PAIRS";"48,0077700000";"0,1985300000"
"202100039924";"14";"05";"2021";"21:05";"1";"69";"69266";"2";"2";"8";"3";"POIZAT (R)";"45,7581800000";"4,8932800000"
"202100039925";"13";"05";"2021";"22:30";"5";"69";"69256";"2";"1";"1";"4";"REMY CACHET (IMP)";"45,7769725032";"4,9146738666"
"202100039926";"12";"05";"2021";"18:40";"1";"67";"67482";"2";"3";"1";"3";"LIEPVRE (RUE DE)";"48,5714934159";"7,7701325984"
"202100039927";"14";"05";"2021";"17:00";"1";"64";"64284";"2";"2";"1";"3";"CORPS FRANC POMMIES";"43,2930000000";" -0,3867600000"
"202100039928";"14";"05";"2021";"14:30";"1";"64";"64024";"2";"1";"8";"2";"HOURTICQ (RUE DE)";"43,4943600000";" -1,5365700000"
"202100039929";"13";"05";"2021";"20:15";"2";"64";"64102";"2";"1";"2";"7";"PIECE NOYEE (ROND POINT DE LA)";"43,4989900000";" -1,4812800000"
"202100039930";"14";"05";"2021";"12:18";"1";"63";"63113";"2";"1";"1";"6";"BINGEN (BD JACQUES)";"45,7761300000";"3,1299400000"
"202100039931";"12";"05";"2021";"18:35";"1";"63";"63113";"2";"1";"1";"6";"JOUHAUX (BD LEON)";"45,7916504591";"3,1153103167"
"202100039932";"27";"04";"2021";"17:30";"1";"62";"62510";"2";"3";"1";"3";"MONTGOLFIER (R )";"50,4297800000";"2,7850700000"
"202100039933";"14";"05";"2021";"12:00";"1";"60";"60159";"2";"6";"1";"3";"carrefour Juchat";"49,4196300000";"2,8203400000"
"202100039934";"13";"05";"2021";"11:00";"1";"57";"57757";"1";"2";"1";"6";"Nations (Avenue)";"49,3579000000";"6,1883600000"
"202100039935";"12";"05";"2021";"17:04";"1";"57";"57283";"2";"1";"1";"6";"Avenue de France";"49,2511745901";"6,1663482237"
"202100039936";"12";"05";"2021";"13:20";"1";"50";"50129";"2";"2";"2";"3";"JOLIOT CURIE (RUE)";"49,6291300000";" -1,6409600000"
"202100039937";"13";"05";"2021";"13:56";"1";"50";"50173";"2";"1";"1";"6";"DUBOST (RUE)";"49,6410800000";" -1,6701900000"
"202100039938";"14";"05";"2021";"09:40";"1";"49";"49353";"2";"2";"1";"6";"JEAN JAURES RUE";"47,4437100000";" -0,4983800000"
"202100039939";"14";"05";"2021";"15:25";"1";"45";"45234";"2";"3";"1";"3";"Boulevard Marie Stuart";"47,9125520000";"1,9156580000"
"202100039940";"14";"05";"2021";"18:00";"1";"44";"44135";"2";"1";"1";"2";"CRIQUE ( RUE DE LA CRIQUE )";"47,2816410000";" -2,4291180000"
"202100039941";"12";"05";"2021";"11:00";"1";"44";"44055";"2";"1";"2";"6";"IBIS ( AVENUE DES )";"47,2869000000";" -2,3917600000"
"202100039942";"14";"05";"2021";"15:45";"1";"37";"37122";"2";"6";"2";"6";"DOUZILLIERE (RUE DE LA)";"47,3390177546";"0,6535197397"
"202100039943";"14";"05";"2021";"17:53";"1";"37";"37261";"2";"2";"1";"6";"SEBASTOPOL (RUE)";"47,3886352111";"0,6845994042"
"202100039944";"14";"05";"2021";"09:08";"1";"37";"37261";"2";"3";"1";"3";"HEURTELOUP (BOULEVARD)";"47,3912650584";"0,6953390837"
"202100039945";"14";"05";"2021";"15:54";"1";"33";"33063";"2";"1";"1";"6";"TURENNE (RUE )";"44,8490000000";" -0,5936900000"
"202100039946";"14";"05";"2021";"14:05";"1";"32";"32013";"2";"1";"8";"5";"YSER (AVENUE DE L')";"43,6525551099";"0,5950641632"
"202100039947";"9";"05";"2021";"09:25";"1";"30";"30189";"2";"1";"1";"6";"REPUBLIQUE (RUE)";"43,8276000000";"4,3542000000"
"202100039948";"14";"05";"2021";"17:35";"1";"29";"29039";"1";"6";"8";"3";"RD 783";"47,8857200000";" -3,9133300000"
"202100039949";"14";"05";"2021";"19:20";"1";"29";"29019";"2";"2";"1";"3";"Rue Duret";"48,3963900000";" -4,4782400000"
"202100039950";"4";"05";"2021";"20:25";"5";"25";"25056";"2";"1";"2";"6";"KENNEDY  BOULEVARD J.F.";"47,2332500000";"5,9829500000"
"202100039951";"12";"05";"2021";"12:25";"1";"14";"14118";"2";"2";"8";"3";"D7";"49,1986000000";" -0,3604900000"
"202100039952";"14";"05";"2021";"20:38";"5";"13";"13201";"2";"1";"1";"2";"ATHENES (BOULEVARD D')";"43,3000670000";"5,3808130000"
"202100039953";"14";"05";"2021";"11:00";"1";"13";"13208";"2";"1";"1";"3";"MENDES FRANCE (AVENUE)";"43,2551210652";"5,3763159983"
"202100039954";"13";"05";"2021";"18:10";"1";"13";"13207";"2";"1";"1";"2";"CHARLES LIVON (BOULEVARD)";"43,2922007501";"5,3603196144"
"202100039955";"13";"05";"2021";"17:46";"1";"11";"11069";"2";"1";"1";"6";"LIMOUX -ROUTE DE-";"43,2010500000";"2,3292600000"
"202100039956";"14";"05";"2021";"20:30";"1";"06";"06088";"1";"1";"1";"6";"CLUA (AV. DE LA)";"43,7275700000";"7,2441300000"
"202100039957";"14";"05";"2021";"11:30";"1";"06";"06088";"2";"2";"1";"1";"VAUBAN (R. MARECHAL)";"43,7114230000";"7,2882030000"
"202100039958";"14";"05";"2021";"15:35";"1";"06";"06069";"2";"1";"2";"3";"PAGNOL (BOULEVARD MARCEL)";"43,6444970000";"6,9468140000"
"202100039959";"13";"05";"2021";"12:22";"1";"05";"05061";"1";"1";"1";"7";"D994";"44,5481600000";"6,0382200000"
"202100039960";"14";"05";"2021";"19:34";"1";"75";"75120";"2";"1";"8";"3";"BOULEVARD DE MENILMONTANT";"48,8638110000";"2,3865540000"
"202100039961";"14";"05";"2021";"16:10";"1";"75";"75117";"2";"4";"3";"3";"BOULEVARD PERIPHERIQUE";"48,8954690705";"2,3074903521"
"202100039962";"14";"05";"2021";"01:40";"5";"75";"75107";"2";"7";"1";"6";"AVENUE DE TOURVILLE";"48,8540820000";"2,3063740000"
"202100039963";"14";"05";"2021";"15:25";"1";"94";"94067";"2";"3";"1";"3";"Avenue Gallieni";"48,8466400000";"2,4165600000"
"202100039964";"14";"05";"2021";"15:50";"1";"94";"94068";"2";"3";"2";"3";"BARBES (AV)";"48,7968200000";"2,4911400000"
"202100039965";"14";"05";"2021";"09:57";"1";"94";"94068";"2";"2";"2";"3";"DOCTEUR ROUX (R DU)";"48,7899000000";"2,4901000000"
"202100039966";"13";"05";"2021";"14:10";"1";"94";"94028";"2";"1";"1";"2";"Avenue du MarÃ©chal Foch";"48,7845600000";"2,4365600000"
"202100039967";"14";"05";"2021";"06:40";"2";"94";"94017";"2";"1";"8";"2";"MARX DORMOY (AV)";"48,8082000000";"2,5248900000"
"202100039968";"14";"05";"2021";"17:45";"1";"94";"94075";"2";"1";"8";"7";"Rue des Mahonias";"48,7250800000";"2,5367800000"
"202100039969";"14";"05";"2021";"11:30";"1";"93";"93048";"2";"2";"8";"3";"Rue Garibaldi / Rue Francois Debergue";"48,8577300000";"2,4384200000"
"202100039970";"14";"05";"2021";"12:40";"1";"93";"93006";"2";"1";"2";"3";"Avenue Gambetta";"48,8719580000";"2,4186520000"
"202100039971";"14";"05";"2021";"16:30";"1";"93";"93066";"2";"1";"1";"3";"CHARRONNERIE";"48,9379100000";"2,3509200000"
"202100039972";"14";"05";"2021";"19:45";"1";"93";"93001";"2";"1";"1";"3";"Avenue Jean JaurÃ¨s";"48,9118859206";"2,4009472132"
"202100039973";"14";"05";"2021";"01:05";"5";"92";"92050";"2";"1";"1";"6";"MARTIN HENRI AVENUE";"48,8952012006";"2,1939986944"
"202100039974";"14";"05";"2021";"20:10";"1";"92";"92044";"2";"2";"1";"3";"MARIUS AUFAN(RUE) 69+ ET 80+";"48,8916697940";"2,2836029370"
"202100039975";"14";"05";"2021";"18:37";"1";"92";"92044";"2";"5";"1";"6";"VIC. HUGO(RUE)115A149 ET 148A178";"48,8982917937";"2,2943669558"
"202100039976";"14";"05";"2021";"13:10";"1";"92";"92040";"2";"1";"2";"7";"Rue Aristide Briand";"48,8211922432";"2,2564596543"
"202100039977";"13";"05";"2021";"00:01";"3";"92";"92036";"2";"3";"1";"6";"PIERRE DE COUBERTIN (BOULEVARD) (G.SAND";"48,9261273109";"2,2847943019"
"202100039978";"14";"05";"2021";"20:10";"2";"81";"81026";"1";"1";"8";"7";"RD999";"43,9061200000";"2,2925100000"
"202100039979";"15";"05";"2021";"11:45";"1";"95";"95205";"1";"1";"1";"3";"RD316";"49,0233100000";"2,3865870000"
"202100039980";"14";"05";"2021";"17:45";"1";"02";"02303";"1";"1";"1";"2";"autoroute A26, pk 166+900, sens Reims Calais";"49,8637560000";"3,2368950000"
"202100039981";"14";"05";"2021";"11:30";"1";"43";"43262";"1";"3";"1";"2";"D912";"45,2636400000";"3,4140930000"
"202100039982";"15";"05";"2021";"19:45";"3";"974";"97422";"2";"1";"1";"1";"rue marius et ary lebond";" -21,2623010000";"55,5232820000"
"202100039983";"14";"05";"2021";"22:25";"3";"972";"97221";"2";"1";"1";"7";"Sans Pareil";"14,5098870000";" -60,9623460000"