"Num_Acc";"jour";"mois";"an";"hrmn";"lum";"dep";"com";"agg";"int";"atm";"col";"adr";"lat";"long"
"202100039984";"14";"05";"2021";"00:00";"5";"83";"83120";"2";"1";"1";"6";"Avenue Gaston de Saporta";"43,3796710000";"5,6991310000"
"202100039985";"8";"05";"2021";"13:55";"1";"56";"56014";"1";"2";"1";"3";"D769";"47,9643560000";" -3,4022530000"
"202100039986";"14";"05";"2021";"19:35";"1";"56";"56031";"1";"3";"1";"7";"Le Pratel Locoal";"47,8184790000";" -3,0149910000"
"202100039987";"14";"05";"2021";"10:00";"1";"77";"77032";"1";"2";"8";"1";"Bois Saint Pere";"48,7203416900";"3,2547920500"
"202100039988";"14";"05";"2021";"13:40";"1";"79";"79123";"1";"1";"1";"1";"L'AuziziÃ¨re";"46,7340630000";" -0,6761900000"
"202100039989";"14";"05";"2021";"17:40";"1";"79";"79210";"2";"1";"1";"1";"7 Rue de la Chapelle";"46,8632390000";" -0,6599090000"
"202100039990";"14";"05";"2021";"10:55";"1";"2A";"2A130";"2";"6";"3";"3";"Terra Bella";"41,8886370000";"8,8117700000"
"202100039991";"15";"05";"2021";"11:10";"1";"33";"33208";"1";"2";"2";"3";"D102e2";"45,3834560000";" -0,9561270000"
"202100039992";"15";"05";"2021";"16:00";"1";"63";"63385";"1";"4";"3";"1";"D578";"45,8106970000";"2,8425190000"
"202100039993";"14";"05";"2021";"14:45";"1";"42";"42097";"1";"1";"1";"7";"M1082";"45,4865530000";"4,3339240000"
"202100039994";"15";"05";"2021";"03:30";"3";"22";"22079";"1";"1";"2";"7";"les quatre vents";"48,3899170000";" -2,6273200000"
"202100039995";"8";"05";"2021";"18:50";"1";"31";"31361";"1";"1";"1";"3";"07 Route de TOULOUSE";"43,3353350000";"1,3218730000"
"202100039996";"15";"05";"2021";"10:10";"1";"84";"84017";"1";"1";"2";"2";"RD 974";"44,1204350000";"5,2287200000"
"202100039997";"13";"05";"2021";"23:30";"3";"03";"03216";"1";"1";"1";"7";"D154";"46,2084600000";"2,7045570000"
"202100039998";"15";"05";"2021";"17:45";"1";"50";"50400";"1";"2";"1";"3";"carrefour de la D69 et D130";"49,3966750000";" -1,4196830000"
"202100039999";"14";"05";"2021";"21:00";"1";"64";"64447";"1";"1";"1";"7";"PK4+350, RD45";"43,5309750000";" -0,4937790000"
"202100040000";"1";"05";"2021";"20:15";"2";"53";"53271";"1";"1";"1";"6";"RD 113";"48,3419170000";" -0,3000000000"
"202100040001";"10";"05";"2021";"10:25";"1";"37";"37179";"1";"1";"1";"3";"route dÃ©partementale";"47,4502020364";"0,7233917713"
"202100040002";"7";"04";"2021";"15:15";"1";"52";"52093";"2";"1";"1";"3";"rue de la libÃ©ration";"47,8036610000";"5,4398360000"
"202100040003";"15";"05";"2021";"09:30";"1";"69";"69019";"1";"1";"2";"7";"Autoroute A6";"46,1056950000";"4,7559860000"
"202100040004";"15";"05";"2021";"09:25";"1";"30";"30221";"1";"1";"2";"7";"AUTOROUTE A9";"44,0193680000";"4,7333690000"
"202100040005";"14";"05";"2021";"16:00";"1";"973";"97303";"1";"1";"2";"1";"RN1 - PK 136+800 - pont counamama";"5,4505650000";" -53,1374100000"
"202100040006";"14";"05";"2021";"15:55";"1";"77";"77344";"1";"2";"2";"3";"N330-D41";"49,0527910000";"2,7861710000"
"202100040007";"14";"05";"2021";"13:25";"1";"66";"66093";"1";"1";"6";"7";"ROUTE D'ARGELES SUR MER";"42,5473740000";"2,9451940000"
"202100040008";"14";"05";"2021";"14:10";"1";"89";"89295";"1";"1";"2";"2";"N6";"47,8315960000";"3,5533910000"
"202100040009";"14";"05";"2021";"21:00";"2";"38";"38377";"1";"1";"1";"6";"Avenue du Stade";"45,5746000000";"5,4947300000"
"202100040010";"14";"05";"2021";"17:45";"2";"01";"01376";"2";"6";"1";"6";"Avenue Maurice-Cusin (Pont)";"45,8261380000";"4,9813820000"
"202100040011";"14";"05";"2021";"17:50";"1";"17";"17036";"1";"1";"8";"3";"RD123";"45,8546900000";" -0,9798000000"
"202100040012";"14";"05";"2021";"12:05";"1";"33";"33393";"2";"6";"1";"6";"avenue franÃ§ois miterrand";"44,9898050000";" -0,1995110000"
"202100040013";"12";"05";"2021";"12:15";"1";"59";"59541";"2";"1";"1";"7";"Rue de Cambrai";"50,1885910000";"3,4793680000"
"202100040014";"14";"05";"2021";"18:15";"1";"59";"59581";"1";"1";"2";"6";"CD122";"50,6635400000";"2,7629970000"
"202100040015";"13";"05";"2021";"19:25";"1";"83";"83035";"1";"1";"1";"6";"A50";"43,1787100000";"5,7696100000"
"202100040016";"13";"05";"2021";"19:55";"1";"69";"69029";"1";"1";"1";"7";"RD383";"45,7287200000";"4,8985200000"
"202100040017";"12";"05";"2021";"19:05";"1";"59";"59560";"1";"1";"1";"2";"AUTOROUTE A1";"50,5395040000";"3,0517710000"
"202100040018";"14";"05";"2021";"21:05";"1";"91";"91377";"2";"1";"1";"6";"BRETELLE A10 / RN20";"48,7217400000";"2,2952700000"
"202100040019";"13";"05";"2021";"23:24";"3";"92";"92002";"1";"1";"1";"6";"AUTOROUTE A6";"48,7352119004";"2,3166453838"
"202100040020";"14";"05";"2021";"14:55";"2";"95";"95582";"1";"1";"3";"6";" A15";"48,9665900000";"2,2557900000"
"202100040021";"14";"05";"2021";"13:50";"1";"93";"93053";"1";"1";"3";"7";"AUTOROUTE A3";"48,8929400000";"2,4724600000"
"202100040022";"12";"05";"2021";"21:40";"3";"95";"95060";"1";"1";"1";"3";"A115";"49,0334700000";"2,1981700000"
"202100040023";"13";"05";"2021";"08:00";"1";"976";"97611";"1";"1";"1";"6";"vahibe-Departementale 3 ( route )";" -12,7907700000";"45,1801600000"
"202100040024";"12";"05";"2021";"19:05";"1";"92";"92078";"2";"1";"1";"6";"HENRY BARBUSSE (RUE)(IMPAIRS)";"48,9363041847";"2,3327909410"
"202100040025";"12";"05";"2021";"18:20";"2";"988";"98818";"2";"1";"1";"7";"RUE LUCIEN HERVOUET";" -22,2358000000";"166,4488300000"
"202100040026";"13";"05";"2021";"16:05";"1";"976";"97611";"2";"1";"1";"1";"kaweni-Mangrove ( rue de la )";" -12,7758200000";"45,2268300000"
"202100040027";"12";"05";"2021";"07:20";"1";"974";"97416";"1";"1";"1";"3";"RN2 (1)";" -21,3481000000";"55,5012400000"
"202100040028";"13";"05";"2021";"19:35";"5";"973";"97302";"2";"1";"8";"3";"UNIVERSITE CHICAGO (RUE DE)";"4,9348165074";" -52,2987082833"
"202100040029";"13";"05";"2021";"16:50";"1";"973";"97302";"2";"2";"8";"3";"SAINT ANTOINE (CHEMIN)";"4,9289173511";" -52,2999377753"
"202100040030";"13";"05";"2021";"14:15";"1";"973";"97302";"2";"1";"1";"3";"VIRGILE (AVENUE)";"4,9411100000";" -52,3210300000"
"202100040031";"13";"05";"2021";"11:44";"1";"973";"97302";"2";"1";"1";"3";"TROUBIRAN (CHEMIN DE)";"4,9245342347";" -52,3036953632"
"202100040032";"13";"05";"2021";"23:40";"5";"69";"69387";"2";"3";"1";"3";"MARCEL MERIEUX (R)";"45,7266100000";"4,8305000000"
"202100040033";"12";"05";"2021";"09:10";"1";"972";"97213";"1";"6";"1";"2";"ROUTE NATIONALE 1";"14,6187000000";" -61,0053500000"
"202100040034";"12";"05";"2021";"11:15";"1";"95";"95019";"2";"1";"1";"6";"SEMARD PIERRE (AVENUE)";"48,9970270123";"2,4149322510"
"202100040035";"11";"05";"2021";"16:34";"1";"95";"95277";"2";"1";"1";"2";"EUROPE (ROUTE DE L')";"48,9880524355";"2,4816226959"
"202100040036";"13";"05";"2021";"17:37";"1";"91";"91549";"2";"1";"2";"7";"ORANGERIE (RUE DE L')";"48,6396210000";"2,3308210000"
"202100040037";"13";"05";"2021";"12:30";"1";"91";"91549";"2";"1";"1";"3";"JEAN MOULIN (AVENUE)";"48,6479100000";"2,3418700000"
"202100040038";"13";"05";"2021";"12:45";"1";"91";"91161";"2";"1";"1";"2";"NATIONALE 20";"48,7143100000";"2,2979900000"
"202100040039";"12";"05";"2021";"17:45";"1";"86";"86194";"2";"3";"2";"3";"Boulevard Savary";"46,5768300000";"0,3780900000"
"202100040040";"12";"05";"2021";"11:00";"1";"83";"83069";"1";"1";"1";"4";"AEROPORT (AVENUE DE L')";"43,0870000000";"6,1450000000"
"202100040041";"13";"05";"2021";"18:20";"1";"78";"78481";"2";"5";"8";"3";"R.D. 186";"48,8892600000";"2,1038400000"
"202100040042";"13";"05";"2021";"05:25";"2";"74";"74133";"2";"1";"1";"6";"MARTINET (RUE DU)";"46,1828000000";"6,2046000000"
"202100040043";"12";"05";"2021";"15:50";"1";"71";"71540";"1";"3";"1";"2";"CENTRE A CENTRE (ROUTE)";"46,7488738057";"4,4415869017"
"202100040044";"13";"05";"2021";"16:35";"1";"69";"69266";"2";"2";"2";"7";"FLACHET  (R)";"45,7677064676";"4,8896878890"
"202100040045";"13";"05";"2021";"19:09";"1";"64";"64237";"2";"3";"8";"3";"PASTEUR";"43,2812200000";" -0,3794600000"
"202100040046";"13";"05";"2021";"18:51";"1";"54";"54526";"2";"1";"1";"3";"TOLSTOI (BOULEVARD)";"48,6814100000";"6,2160400000"
"202100040047";"13";"05";"2021";"15:24";"1";"49";"49267";"2";"6";"1";"6";"ROMANERIE BOULEVARD";"47,4825700000";" -0,5033800000"
"202100040048";"13";"05";"2021";"19:05";"1";"46";"46042";"1";"1";"2";"1";"DÃ©partementale 811";"44,4886100000";"1,4080600000"
"202100040049";"13";"05";"2021";"17:00";"1";"42";"42187";"2";"3";"1";"3";"Rue de Villemontais";"46,0264800000";"4,0619100000"
"202100040050";"13";"05";"2021";"20:00";"1";"37";"37261";"2";"3";"8";"7";"CHANOINEAU (RUE)";"47,3894984138";"0,6827100367"
"202100040051";"13";"05";"2021";"12:00";"1";"35";"35238";"1";"1";"1";"4";"R.N. 136";"48,1422200000";" -1,6554800000"
"202100040052";"13";"05";"2021";"11:15";"1";"33";"33529";"2";"3";"2";"7";"Rue du Captalat";"44,6320000000";" -1,1427800000"
"202100040053";"12";"05";"2021";"12:10";"1";"31";"31149";"2";"1";"1";"6";"LAURAGAIS (ALLEE DU)";"43,6089117703";"1,3354121288"
"202100040054";"3";"05";"2021";"17:10";"1";"29";"29151";"2";"1";"1";"3";"Route de Callac";"48,5697220000";" -3,8052340000"
"202100040055";"13";"05";"2021";"17:10";"1";"29";"29019";"2";"3";"1";"1";"Rue Anatole France";"48,3837700000";" -4,5053600000"
"202100040056";"13";"05";"2021";"17:20";"1";"26";"26198";"1";"1";"1";"3";"Av la Federation de Montelimar";"44,5747700000";"4,7334900000"
"202100040057";"12";"05";"2021";"16:55";"1";"18";"18279";"2";"1";"1";"3";"BREL (RUE JACQUES)";"47,2019100000";"2,0781600000"
"202100040058";"13";"05";"2021";"15:00";"1";"14";"14701";"1";"2";"2";"3";"D275";"49,3109700000";"0,0839000000"
"202100040059";"13";"05";"2021";"21:00";"5";"13";"13203";"2";"1";"1";"7";"PLOMBIERES (BOULEVARD DES)";"43,3166000000";"5,3822000000"
"202100040060";"13";"05";"2021";"15:30";"1";"13";"13214";"2";"2";"1";"3";"ANATOLE DE LA FORGE (BOULEVARD)";"43,3359000000";"5,3988000000"
"202100040061";"13";"05";"2021";"16:45";"1";"13";"13208";"2";"1";"1";"3";"MENDES FRANCE (AVENUE)";"43,2567697791";"5,3765520327"
"202100040062";"12";"05";"2021";"16:55";"1";"13";"13047";"1";"9";"1";"3";"Cabane Noire (Route de la)";"43,4821700000";"4,9819000000"
"202100040063";"30";"04";"2021";"05:30";"3";"09";"09013";"1";"1";"2";"3";"20 (R.N.) COTE NORD DU TUNNEL";"42,9773080000";"1,6223670000"
"202100040064";"13";"05";"2021";"17:20";"1";"06";"06004";"2";"3";"1";"3";"PAULINE RUE ET JARDIN";"43,5728640000";"7,1073380000"
"202100040065";"13";"05";"2021";"16:20";"1";"03";"03321";"2";"1";"1";"3";"RANCY";"46,5374600000";"3,3624800000"
"202100040066";"13";"05";"2021";"14:00";"1";"75";"75119";"2";"1";"1";"7";"RUE ALEXANDER FLEMING";"48,8808440000";"2,4057550000"
"202100040067";"13";"05";"2021";"11:45";"1";"75";"75119";"2";"1";"1";"2";"BOULEVARD MACDONALD";"48,8987590000";"2,3755860000"
"202100040068";"13";"05";"2021";"10:00";"1";"75";"75118";"2";"3";"1";"3";"RUE CAULAINCOURT";"48,8896710000";"2,3397700000"
"202100040069";"13";"05";"2021";"01:10";"5";"75";"75118";"2";"3";"1";"3";"RUE MARX DORMOY";"48,8861090000";"2,3594010000"
"202100040070";"13";"05";"2021";"11:10";"1";"75";"75117";"2";"2";"1";"6";"BOULEVARD GOUVION SAINT CYR";"48,8831120000";"2,2874190000"
"202100040071";"12";"05";"2021";"19:05";"1";"75";"75117";"2";"7";"1";"5";"BOULEVARD DE COURCELLES";"48,8782990000";"2,2986040000"
"202100040072";"13";"05";"2021";"18:45";"1";"75";"75110";"2";"2";"1";"2";"RUE LA FAYETTE";"48,8797430000";"2,3586890000"
"202100040073";"12";"05";"2021";"19:43";"1";"75";"75109";"2";"3";"1";"3";"BOULEVARD DE CLICHY";"48,8841030000";"2,3307960000"
"202100040074";"12";"05";"2021";"13:30";"1";"94";"94052";"2";"1";"1";"3";"Boulevard de Strasbourg";"48,8451070000";"2,4889530000"
"202100040075";"13";"05";"2021";"18:45";"1";"94";"94076";"2";"1";"1";"1";"Avenue Louis Aragon";"48,7884800000";"2,3672300000"
"202100040076";"13";"05";"2021";"21:30";"5";"93";"93073";"2";"1";"1";"6";"Avenue de la Resistance";"48,9449200000";"2,5679800000"
"202100040077";"13";"05";"2021";"11:00";"1";"93";"93013";"2";"1";"1";"2";"Avenue du 8 Mai 1945";"48,9409700000";"2,4312000000"
"202100040078";"12";"05";"2021";"18:50";"1";"92";"92064";"2";"9";"1";"3";"GENERAL LECLERC";"48,8414036394";"2,2071127346"
"202100040079";"13";"05";"2021";"16:00";"1";"92";"92049";"2";"3";"1";"2";"PERI RUE GABRIEL NÂ°38 A 82";"48,8190800000";"2,3163200000"
"202100040080";"13";"05";"2021";"17:00";"1";"92";"92012";"2";"3";"8";"3";"ALPHONSE LE GALLO (QUAI) 1/34";"48,8346500000";"2,2260800000"
"202100040081";"13";"05";"2021";"19:30";"2";"92";"92007";"2";"2";"1";"3";"BARBUSSE (AVENUE HENRI) NÂ° 1 A 43 ET 2 A";"48,7983500000";"2,3089900000"
"202100040082";"13";"05";"2021";"20:10";"2";"92";"92002";"2";"1";"1";"2";"ARISTIDE BRIAND (AVENUE)";"48,7593600000";"2,3073200000"
"202100040083";"12";"05";"2021";"15:15";"1";"81";"81317";"2";"3";"1";"1";"Avenue de Mouzieys";"43,8907410000";"2,3234580000"
"202100040084";"13";"05";"2021";"15:25";"1";"972";"97220";"1";"1";"1";"1";"quartier rÃ©gale";"14,5307630000";" -60,9186530000"
"202100040085";"13";"05";"2021";"14:00";"1";"26";"26324";"1";"1";"1";"4";"A7";"44,3374780000";"4,7380260000"
"202100040086";"14";"05";"2021";"09:55";"1";"55";"55400";"1";"1";"1";"7";"AUTOROUTE A4 - PK 277,300";"49,1427340000";"5,7052250000"
"202100040087";"13";"05";"2021";"04:00";"3";"21";"21244";"1";"1";"2";"2";"Pk 257+220 - Autoroute A6";"47,2982230000";"4,5043300000"
"202100040088";"14";"05";"2021";"18:05";"1";"65";"65447";"2";"1";"1";"1";"Rue de l'Arros";"43,1873740000";"0,2448320000"
"202100040089";"13";"05";"2021";"21:30";"2";"58";"58295";"1";"1";"2";"6";"Bretelle d'accÃ¨s Ã©changeur 24 Autoroute A77";"47,3425010000";"2,9279420000"
"202100040090";"14";"05";"2021";"13:55";"1";"56";"56078";"1";"1";"1";"1";"KerguÃ©ro D765";"47,7960040000";" -3,4683540000"
"202100040091";"14";"05";"2021";"14:00";"1";"11";"11270";"1";"1";"1";"1";"Maisons";"42,8876310000";"2,6378770000"
"202100040092";"13";"05";"2021";"15:00";"1";"55";"55579";"2";"1";"1";"7";"Chemin de la Tonne";"49,1355990000";"5,5416150000"
"202100040093";"11";"05";"2021";"13:15";"1";"47";"47086";"1";"1";"1";"3";"105 Route du Stade";"44,6693470000";"0,1858790000"
"202100040094";"13";"05";"2021";"18:45";"1";"22";"22251";"1";"1";"1";"7";"La Ruelle";"48,5564720000";" -2,8516980000"
"202100040095";"13";"05";"2021";"20:30";"2";"39";"39112";"1";"1";"1";"6";"N/A";"46,8627990000";"5,4579400000"
"202100040096";"13";"05";"2021";"02:25";"5";"25";"25275";"2";"1";"1";"6";"16 Rue Principale";"47,3424300000";"6,9922890000"
"202100040097";"14";"05";"2021";"19:55";"1";"25";"25036";"2";"1";"1";"7";"Rue du Pont";"47,1992920000";"5,9615420000"
"202100040098";"12";"05";"2021";"13:00";"1";"31";"31582";"2";"1";"1";"3";"30 Rue de la RÃ©publique";"43,3971740000";"1,7187110000"
"202100040099";"13";"05";"2021";"19:00";"1";"38";"38397";"1";"1";"1";"6";"Route Departementale 11 B";"45,2357600000";"5,8290140000"
"202100040100";"13";"05";"2021";"12:40";"1";"01";"01314";"1";"3";"2";"1";"Route du Pont";"46,0034200000";"5,2984840000"
"202100040101";"14";"05";"2021";"14:50";"1";"06";"06032";"2";"1";"1";"6";"23 Route Moyenne Corniche";"43,7256390000";"7,4068020000"
"202100040102";"14";"05";"2021";"12:10";"1";"06";"06079";"2";"1";"1";"6";"Avenue Marechal Juin";"43,5362060000";"6,9349000000"
"202100040103";"13";"05";"2021";"13:40";"1";"05";"05146";"2";"9";"1";"4";"D1075";"44,6169470000";"5,7083260000"
"202100040104";"12";"05";"2021";"16:10";"1";"45";"45014";"2";"3";"1";"3";"rue de la vallÃ©e";"48,1959810000";"2,3830570000"
"202100040105";"14";"05";"2021";"18:30";"1";"73";"73010";"1";"1";"1";"1";"D54 Rte de Cessens";"45,7936760351";"5,9254704289"
"202100040106";"13";"05";"2021";"07:15";"1";"10";"10401";"1";"1";"2";"7";"Le Noyer Joli";"48,2318160000";"4,4813110000"
"202100040107";"14";"05";"2021";"12:00";"1";"16";"16242";"1";"1";"1";"6";"Lieu-Dit La Grange Ã  PÃ©rot";"45,9916750000";"0,3511710000"
"202100040108";"13";"05";"2021";"15:15";"1";"53";"53152";"1";"1";"8";"1";"Le Grand Fougerai";"47,9230360000";" -0,5423860000"
"202100040109";"13";"05";"2021";"20:50";"2";"21";"21317";"2";"1";"2";"6";"15 Route de Gemeaux";"47,5134980000";"5,1128930000"
"202100040110";"13";"05";"2021";"18:00";"1";"04";"04176";"2";"1";"1";"6";"RD 111 A";"43,7607270000";"6,1499350000"
"202100040111";"14";"05";"2021";"17:30";"1";"52";"52175";"1";"3";"2";"1";"N67";"48,3679680000";"5,1486180000"
"202100040112";"14";"05";"2021";"00:00";"3";"68";"68234";"1";"1";"1";"2";"A35";"47,9500690000";"7,3652170000"
"202100040113";"14";"05";"2021";"08:01";"1";"57";"57614";"1";"1";"1";"2";"PR 028.000 Route Nationale 4";"48,7541380000";"7,1800590000"
"202100040114";"14";"05";"2021";"06:45";"1";"30";"30169";"1";"1";"1";"2";"A9 pk 060+500";"43,7961860000";"4,3067750000"
"202100040115";"13";"05";"2021";"10:15";"1";"988";"98803";"1";"1";"1";"6";"col de trazegnies";" -21,5858650000";"165,5056210000"
"202100040116";"14";"05";"2021";"15:30";"1";"974";"97418";"1";"1";"1";"1";"Route Emile de la Giroday";" -20,9161480000";"55,5373800000"
"202100040117";"6";"05";"2021";"15:35";"1";"971";"97129";"2";"1";"1";"6";"viard";"16,3066740000";" -61,7023010000"
"202100040118";"13";"05";"2021";"10:30";"1";"29";"29233";"2";"1";"8";"2";"Rue de Kervail";"47,8718420000";" -3,5767040000"
"202100040119";"13";"05";"2021";"18:00";"2";"13";"13089";"2";"6";"1";"1";"D7N";"43,8386980000";"4,9407520000"
"202100040120";"20";"04";"2021";"07:20";"1";"13";"13073";"2";"1";"1";"2";"Le Terme";"43,3853160000";"5,5593450000"
"202100040121";"14";"05";"2021";"05:38";"5";"13";"13097";"1";"4";"1";"3";"Avenue Marie Curie";"43,6218090000";"4,7903930000"
"202100040122";"12";"05";"2021";"11:48";"1";"38";"38068";"1";"1";"1";"6";"RN85";"45,0980790000";"5,7187270000"
"202100040123";"14";"05";"2021";"16:50";"1";"38";"38407";"1";"1";"1";"7";"D520a";"45,3381500000";"5,6618640000"
"202100040124";"12";"05";"2021";"12:00";"1";"69";"69189";"2";"2";"1";"6";"D386";"45,5266470000";"4,8671280000"
"202100040125";"13";"05";"2021";"18:25";"1";"72";"72154";"2";"1";"1";"3";"Avenue Rhin et Danube";"47,7007910000";" -0,0899130000"
"202100040126";"11";"05";"2021";"19:15";"1";"72";"72237";"1";"2";"2";"3";"D69";"47,9296570000";" -0,0819900000"
"202100040127";"13";"05";"2021";"16:30";"1";"22";"22118";"1";"2";"1";"3";"le perroquet vert";"48,4467100000";" -1,9744490000"
"202100040128";"14";"05";"2021";"10:00";"1";"27";"27213";"2";"3";"8";"6";"Impasse du Moulin";"49,1833650000";"1,6638390000"
"202100040129";"12";"05";"2021";"16:45";"1";"13";"13055";"1";"1";"1";"4";"A507 sens Aubagne- Marseille";"43,3300600000";"5,3921900000"
"202100040130";"12";"05";"2021";"17:25";"1";"69";"69275";"1";"1";"1";"4";"RN346 ";"45,7771000000";"4,9757100000"
"202100040131";"12";"05";"2021";"19:30";"1";"78";"78490";"1";"4";"1";"6";"RN12 INT";"48,8002740000";"1,9682360000"
"202100040132";"12";"05";"2021";"17:30";"1";"78";"78646";"1";"1";"1";"4";"RN12 INT";"48,7822270000";"2,1621170000"
"202100040133";"13";"05";"2021";"19:50";"1";"95";"95061";"1";"1";"2";"6";"RN 104";"49,0682600000";"2,2533000000"
"202100040134";"13";"05";"2021";"18:25";"1";"95";"95572";"1";"1";"2";"7";"RN 184";"49,0489000000";"2,1351400000"
"202100040135";"12";"05";"2021";"19:20";"1";"94";"94028";"1";"1";"1";"6";"A86 EXT";"48,7942500000";"2,4420500000"
"202100040136";"13";"05";"2021";"09:00";"1";"988";"98818";"1";"6";"1";"3";"VOIE DE DEGAGEMENT EST/RUE DE PRONY";" -22,2709100000";"166,4698200000"
"202100040137";"12";"05";"2021";"16:00";"1";"974";"97416";"1";"1";"1";"2";"RN1 (ROUTE NATIONALE)";" -21,3256600000";"55,4738000000"
"202100040138";"11";"05";"2021";"10:30";"1";"974";"97411";"2";"1";"1";"2";"RAMBAUD (LEOPOLD)";" -20,8854300000";"55,4739500000"
"202100040139";"9";"05";"2021";"21:10";"5";"973";"97302";"2";"2";"1";"6";"DIGUE RONJON";"4,9333304936";" -52,3317042142"
"202100040140";"12";"05";"2021";"22:50";"5";"69";"69387";"2";"3";"1";"3";"UNIVERSITE (DE L') (R)";"45,7492300000";"4,8419400000"
"202100040141";"12";"05";"2021";"17:40";"1";"69";"69387";"2";"9";"8";"3";"CLAUDE BERNARD (Q)";"45,7529800000";"4,8378800000"
"202100040142";"12";"05";"2021";"15:00";"1";"69";"69383";"2";"2";"1";"3";"FELIX FAURE                         (AV)";"45,7541400000";"4,8631800000"
"202100040143";"12";"05";"2021";"14:00";"1";"69";"69383";"2";"1";"1";"2";"FIOL (R)";"45,7492600000";"4,8752600000"
"202100040144";"12";"05";"2021";"07:50";"1";"69";"69259";"2";"2";"1";"7";"PINEL                               (BD)";"45,7258781313";"4,8871189356"
"202100040145";"12";"05";"2021";"06:05";"2";"69";"69383";"2";"2";"1";"3";"BONNAND (R)";"45,7503300000";"4,8844000000"
"202100040146";"9";"05";"2021";"19:30";"1";"69";"69389";"2";"9";"1";"7";"PARIS (DE) (PL)";"45,7792700000";"4,8041600000"
"202100040147";"11";"05";"2021";"10:45";"1";"971";"97101";"1";"6";"1";"3";"PETIT PEROU";"16,2548983058";" -61,5133950102"
"202100040148";"12";"05";"2021";"16:45";"1";"91";"91377";"2";"1";"1";"3";"AV DES MARTYRS DE SOWETO";"48,7339500000";"2,2694200000"
"202100040149";"11";"05";"2021";"07:46";"1";"87";"87085";"2";"3";"2";"6";"RUBEN (AVENUE ERNEST)";"45,8235400000";"1,2511500000"
"202100040150";"12";"05";"2021";"08:20";"1";"86";"86194";"1";"1";"2";"3";"Rocade Est";"46,5532030000";"0,3100130000"
"202100040151";"5";"05";"2021";"11:10";"1";"83";"83153";"2";"1";"1";"6";"MARIE FLICHE BERGIS (AV)";"43,0749200000";"5,9082200000"
"202100040152";"11";"05";"2021";"09:25";"1";"83";"83034";"1";"1";"8";"6";"AVENUE VALERANE";"43,0897500000";"6,0873400000"
"202100040153";"13";"05";"2021";"00:05";"3";"81";"81065";"1";"1";"1";"7";"RN 112 (ROCADE SUD)";"43,5837353505";"2,2278970360"
"202100040154";"9";"05";"2021";"19:30";"1";"77";"77108";"2";"1";"1";"2";"CHE DU SEMPIN";"48,8974737814";"2,5905205109"
"202100040155";"12";"05";"2021";"10:10";"1";"76";"76540";"2";"3";"1";"2";"LYONS LA FORET. RUE DE";"49,4365700000";"1,1338000000"
"202100040156";"12";"05";"2021";"10:00";"1";"72";"72181";"2";"2";"1";"3";"BARTHOLDI FRED AUGUSTE (AV) PAIRS";"48,0199200000";"0,1579600000"
"202100040157";"12";"05";"2021";"15:30";"1";"71";"71306";"2";"1";"1";"7";"Boulevard Maugrand";"46,6779160000";"4,3593690000"
"202100040158";"12";"05";"2021";"15:20";"1";"69";"69264";"2";"1";"1";"2";"D504";"45,9839600000";"4,7418600000"
"202100040159";"9";"05";"2021";"17:30";"1";"67";"67482";"2";"1";"1";"3";"RIETH (RUE DU)";"48,6019222056";"7,7207383757"
"202100040160";"12";"05";"2021";"22:17";"5";"65";"65440";"2";"2";"1";"3";"TORNE (RUE ABBE)";"43,2339900000";"0,0696500000"
"202100040161";"12";"05";"2021";"18:00";"1";"64";"64445";"2";"1";"8";"2";"TRESPOEY";"43,2986000000";" -0,3567900000"
"202100040162";"12";"05";"2021";"17:50";"1";"64";"64445";"2";"3";"2";"3";"CARNOT";"43,2991600000";" -0,3702600000"
"202100040163";"12";"05";"2021";"14:45";"1";"64";"64445";"2";"1";"8";"6";"FAGET DE BAURE";"43,2982200000";" -0,3722500000"
"202100040164";"12";"05";"2021";"05:55";"5";"64";"64024";"2";"1";"1";"7";"TAILLEUR (RUE DU)";"43,4911700000";" -1,5249500000"
"202100040165";"11";"05";"2021";"22:12";"3";"63";"63272";"1";"6";"1";"6";"RdPÃ©rignat-bretelle A75-Montpellier";"45,7431500000";"3,1397800000"
"202100040166";"11";"05";"2021";"14:59";"1";"63";"63113";"2";"2";"1";"3";"BRUGIERE (BD AMBROISE)/jouhaux";"45,7921917258";"3,1179858954"
"202100040167";"11";"05";"2021";"11:13";"1";"63";"63113";"2";"2";"1";"6";"131 SOUS LES VIGNES (RUE)";"45,8026800000";"3,1075400000"
"202100040168";"12";"05";"2021";"03:30";"3";"62";"62132";"2";"1";"1";"7";"MITTERAND ( RUE FRANCOIS )";"50,5229010000";"2,8692640000"
"202100040169";"29";"04";"2021";"12:15";"1";"62";"62119";"2";"1";"1";"6";"BERTHELOT ( RUE MARCELLIN )";"50,5326600000";"2,6442980000"
"202100040170";"9";"05";"2021";"17:15";"1";"61";"61006";"2";"9";"1";"2";"2EME D.B. (AVENUE DE LA)";"48,7336300000";" -0,0347800000"
"202100040171";"10";"05";"2021";"17:20";"1";"60";"60665";"1";"6";"1";"3";"Avenue de la Mare Gessart";"49,4112200000";"2,7736200000"
"202100040172";"11";"05";"2021";"02:52";"3";"57";"57672";"2";"1";"1";"6";"VOLKRANGE (ROUTE DE)";"49,3647400000";"6,0921400000"