"Num_Acc";"jour";"mois";"an";"hrmn";"lum";"dep";"com";"agg";"int";"atm";"col";"adr";"lat";"long"
"202100040173";"12";"05";"2021";"09:10";"1";"56";"56098";"1";"1";"2";"4";"N165 sens Nantes/Brest";"47,7901300000";" -3,2957100000"
"202100040174";"10";"05";"2021";"10:57";"1";"56";"56098";"2";"2";"1";"3";"CROIZAT ( AVE AMBROISE )";"47,7744200000";" -3,3466900000"
"202100040175";"12";"05";"2021";"19:00";"1";"54";"54328";"2";"2";"1";"3";"GRANDE RUE";"48,6215800000";"6,1606400000"
"202100040176";"12";"05";"2021";"14:00";"1";"53";"53201";"2";"1";"1";"2";"PARIS ( AVENUE DE )";"48,0686900000";" -0,8042000000"
"202100040177";"12";"05";"2021";"15:01";"1";"51";"51454";"2";"1";"1";"3";"Rue du Pdt Franklin Roosevelt";"49,2625800000";"4,0275600000"
"202100040178";"11";"05";"2021";"14:06";"1";"49";"49007";"2";"1";"1";"7";"PIAF";"47,4528000000";" -0,5274200000"
"202100040179";"11";"05";"2021";"19:15";"1";"49";"49015";"2";"1";"1";"7";"PLESSE LIEU DIT LA";"47,4949700000";" -0,6189700000"
"202100040180";"11";"05";"2021";"12:46";"1";"49";"49007";"2";"3";"1";"3";"CARNOT";"47,4753400000";" -0,5485500000"
"202100040181";"10";"05";"2021";"16:40";"1";"44";"44184";"2";"4";"1";"3";"ZOLA (BOULEVARD EMILE)";"47,2992000000";" -2,1921300000"
"202100040182";"11";"05";"2021";"17:00";"1";"44";"44114";"2";"1";"1";"2";"ROUTE DE VANNES";"47,2530800000";" -1,6252800000"
"202100040183";"8";"05";"2021";"13:50";"1";"42";"42218";"1";"1";"1";"6";"Route de Condamine";"45,4571126077";"4,2626926605"
"202100040184";"12";"05";"2021";"07:25";"1";"42";"42044";"2";"5";"5";"3";"Rue de lâOndaine";"45,3940960782";"4,3031093180"
"202100040185";"11";"05";"2021";"15:30";"1";"37";"37261";"2";"1";"1";"2";"CHEVALLIER (RUE AUGUSTE)";"47,3807284140";"0,6795385927"
"202100040186";"6";"05";"2021";"10:50";"1";"37";"37261";"2";"1";"2";"7";"BERANGER (BOULEVARD)";"47,3899365567";"0,6875865113"
"202100040187";"10";"05";"2021";"17:49";"1";"37";"37261";"2";"2";"1";"6";"DE GAULLE (AVENUE DU GENERAL)";"47,3809305552";"0,6999658942"
"202100040188";"12";"05";"2021";"18:45";"2";"35";"35051";"1";"1";"8";"2";"RN157";"48,1146000000";" -1,5594400000"
"202100040189";"12";"05";"2021";"06:10";"5";"35";"35238";"2";"1";"1";"3";"SAINT-HELIER";"48,1062300000";" -1,6675100000"
"202100040190";"11";"05";"2021";"19:00";"1";"35";"35281";"2";"2";"1";"6";"MERMOZ (BD JEAN)";"48,0964000000";" -1,6926400000"
"202100040191";"11";"05";"2021";"19:15";"1";"33";"33522";"2";"3";"1";"3";"Cours Gambetta";"44,8182414512";" -0,5848342009"
"202100040192";"11";"05";"2021";"16:15";"1";"33";"33119";"2";"3";"1";"2";"Avenue RenÃ© Cassagne";"44,8565600000";" -0,5159300000"
"202100040193";"12";"05";"2021";"15:03";"1";"32";"32013";"2";"3";"8";"3";"YSER (AVENUE DE L')";"43,6531100000";"0,5952400000"
"202100040194";"28";"04";"2021";"14:24";"1";"29";"29019";"2";"1";"1";"3";"Giratoire de Pen Ar ChâLeuz";"48,4144000000";" -4,4804000000"
"202100040195";"26";"04";"2021";"08:30";"1";"29";"29019";"2";"9";"1";"1";"Avenue 1Ã¨re D.f.l.";"48,3764600000";" -4,5529800000"
"202100040196";"12";"05";"2021";"12:35";"1";"27";"27681";"2";"1";"1";"2";"MENDES FRANCE (AVENUE PIERRE)";"49,0903300000";"1,4840700000"
"202100040197";"11";"05";"2021";"12:45";"1";"27";"27375";"2";"1";"1";"3";"PRES (IMPASSE DES)";"49,2186200000";"1,1750800000"
"202100040198";"12";"05";"2021";"16:05";"1";"27";"27229";"2";"3";"2";"1";"ARTOIS (RUE D')";"49,0330100000";"1,1389000000"
"202100040199";"12";"05";"2021";"14:30";"1";"26";"26198";"2";"1";"8";"6";"Rue Charles Chabert";"44,5581900000";"4,7453000000"
"202100040200";"12";"05";"2021";"20:36";"1";"17";"17300";"1";"1";"1";"2";"05 PK RN237 MOULIN JUSTICE RE";"46,1722800000";" -1,1838800000"
"202100040201";"12";"05";"2021";"16:30";"1";"17";"17300";"2";"1";"1";"4";"SARTRE   AVENUE JEAN-PAUL";"46,1567600000";" -1,1243400000"
"202100040202";"12";"05";"2021";"18:30";"1";"14";"14167";"2";"1";"1";"3";"D226";"49,2022210000";" -0,3065700000"
"202100040203";"12";"05";"2021";"20:00";"2";"13";"13214";"2";"1";"1";"4";"MERLAN (AVENUE)";"43,3353600000";"5,4073600000"
"202100040204";"12";"05";"2021";"07:40";"1";"13";"13213";"2";"1";"1";"4";"CROIX ROUGE (AVENUE)";"43,3306700000";"5,4307100000"
"202100040205";"11";"05";"2021";"17:00";"1";"13";"13209";"2";"1";"1";"2";"REGNY (TRAVERSE)";"43,2638124139";"5,4190032069"
"202100040206";"12";"05";"2021";"19:00";"1";"13";"13028";"2";"1";"1";"6";"KERGUELEN (RUE)";"43,1824690000";"5,6041050000"
"202100040207";"10";"05";"2021";"17:40";"1";"13";"13028";"2";"1";"2";"6";"CROZET (AVENUE LOUIS )";"43,1809000000";"5,5980000000"
"202100040208";"12";"05";"2021";"13:10";"1";"13";"13001";"2";"1";"1";"2";"MARSEILLE (ROUTE DE )";"43,4770346323";"5,4141676845"
"202100040209";"12";"05";"2021";"17:05";"1";"11";"11069";"2";"1";"1";"2";"VILLEMOUSTAUSSOU -ROUTE DE-";"43,2324000000";"2,3620000000"
"202100040210";"11";"05";"2021";"17:27";"1";"10";"10387";"2";"1";"2";"6";"DAMPIERRE (QUAI)";"48,2997000000";"4,0765700000"
"202100040211";"12";"05";"2021";"05:35";"1";"06";"06069";"1";"1";"1";"6";"PLASCASSIER - LE ROURE DE LA GACHE (ROUT";"43,6510930000";"6,9601140000"
"202100040212";"12";"05";"2021";"19:15";"2";"06";"06027";"2";"1";"1";"3";"CANNES AVENUE DE (RN7)";"43,6533400000";"7,1464400000"
"202100040213";"12";"05";"2021";"08:00";"1";"06";"06123";"2";"6";"1";"2";"POMPIDOU GEORGES BOULEVARD";"43,6688000000";"7,1953900000"
"202100040214";"12";"05";"2021";"08:25";"1";"75";"75120";"2";"1";"1";"2";"PORTE DE BAGNOLET";"48,8669420000";"2,4132200000"
"202100040215";"12";"05";"2021";"07:40";"1";"75";"75120";"2";"1";"1";"3";"PORTE DE BAGNOLET";"48,8669420000";"2,4132200000"
"202100040216";"11";"05";"2021";"16:50";"1";"75";"75117";"2";"1";"1";"4";"BOULEVARD PERIPHERIQUE EXTERIEUR OUEST";"48,9006730000";"2,3261490000"
"202100040217";"11";"05";"2021";"18:57";"1";"75";"75118";"2";"4";"1";"6";"BOULEVARD ORNANO";"48,8923350000";"2,3490670000"
"202100040218";"12";"05";"2021";"09:00";"1";"75";"75105";"2";"3";"1";"3";"BOULEVARD SAINT MARCEL";"48,8371370000";"2,3530290000"
"202100040219";"12";"05";"2021";"19:50";"1";"75";"75119";"2";"2";"1";"3";"AVENUE DE FLANDRE";"48,8944330000";"2,3814900000"
"202100040220";"12";"05";"2021";"18:05";"1";"75";"75119";"2";"2";"1";"6";"BOULEVARD DE LA VILLETTE";"48,8841770000";"2,3685920000"
"202100040221";"12";"05";"2021";"15:20";"1";"75";"75117";"2";"4";"1";"3";"AVENUE DE VILLIERS";"48,8844570000";"2,3011470000"
"202100040222";"12";"05";"2021";"11:20";"1";"75";"75114";"2";"2";"1";"6";"RUE DU PERE CORENTIN";"48,8244830000";"2,3283240000"
"202100040223";"12";"05";"2021";"12:20";"1";"75";"75110";"2";"2";"1";"2";"RUE LA FAYETTE";"48,8794770000";"2,3576820000"
"202100040224";"12";"05";"2021";"15:20";"1";"75";"75109";"2";"7";"8";"2";"BOULEVARD HAUSSMANN";"48,8731390000";"2,3315190000"
"202100040225";"12";"05";"2021";"13:20";"1";"75";"75104";"2";"2";"1";"7";"PONT LOUIS PHILIPPE";"48,8543710000";"2,3549610000"
"202100040226";"12";"05";"2021";"06:42";"1";"75";"75104";"2";"2";"1";"3";"BOULEVARD DU PALAIS";"48,8561950000";"2,3464820000"
"202100040227";"12";"05";"2021";"17:45";"1";"94";"94078";"2";"1";"1";"2";"Rue de Paris";"48,7451750000";"2,4465230000"
"202100040228";"11";"05";"2021";"18:45";"1";"94";"94068";"2";"1";"1";"6";"Avenue Gambetta";"48,7953950000";"2,4943420000"
"202100040229";"12";"05";"2021";"20:53";"1";"94";"94041";"2";"1";"1";"3";"STALINGRAD (BD DE)";"48,8050100000";"2,3767000000"
"202100040230";"11";"05";"2021";"16:50";"1";"94";"94028";"2";"9";"2";"2";"GAULLE(AVENUE DU GENERAL DE)";"48,7842377248";"2,4516892433"
"202100040231";"12";"05";"2021";"01:50";"5";"93";"93071";"2";"5";"1";"6";"AllÃ©e Mozart / Avenue Robert Ballanger";"48,9370593892";"2,5312918425"
"202100040232";"11";"05";"2021";"17:00";"1";"93";"93066";"2";"1";"1";"3";"Boulevard de la LibÃ©ration";"48,9281680000";"2,3413240000"
"202100040233";"12";"05";"2021";"13:45";"1";"93";"93029";"2";"2";"1";"3";"PAUL VAILLANT COUTURIER (BD)";"48,9234800000";"2,4457900000"
"202100040234";"12";"05";"2021";"07:55";"1";"93";"93057";"2";"1";"1";"2";"EUROPE ( PONT DE L')";"48,9146540000";"2,5021210000"
"202100040235";"12";"05";"2021";"07:15";"1";"93";"93057";"2";"1";"1";"3";"BRIAND ( AV. ARISTIDE) 31 A 91";"48,9090290000";"2,5014900000"
"202100040236";"12";"05";"2021";"15:10";"1";"92";"92051";"2";"1";"1";"6";"GENERAL LECLERC (BOULEVARD DU, NÂ° 1 A 27";"48,8901868021";"2,2608044744"
"202100040237";"12";"05";"2021";"16:00";"1";"92";"92024";"2";"1";"1";"3";"JEAN JAURES (BD) DE 47 A 109)   (56 A 14";"48,9020485809";"2,3045727611"
"202100040238";"12";"05";"2021";"15:15";"1";"92";"92023";"2";"2";"1";"3";"PORTE DE TRIVAUX (RUE DE) NÂ°57 A 197 ET";"48,7848109699";"2,2380142319"
"202100040239";"12";"05";"2021";"19:45";"1";"92";"92012";"2";"1";"1";"7";"ALPHONSE LE GALLO (QUAI) 1/34";"48,8410777844";"2,2251963923"
"202100040240";"6";"05";"2021";"19:40";"1";"92";"92012";"2";"2";"1";"3";"CHARLES DE GAULLE (AVENUE) - COTE PAIR";"48,8503100000";"2,2377500000"
"202100040241";"12";"05";"2021";"00:10";"5";"92";"92012";"2";"3";"1";"6";"QUATRE SEPTEMBRE (QUAI DU)";"48,8527149803";"2,2263729572"
"202100040242";"12";"05";"2021";"17:30";"1";"92";"92002";"2";"3";"1";"3";"JEAN MONNET (AVENUE)";"48,7486000000";"2,3014900000"
"202100040243";"12";"05";"2021";"16:15";"1";"11";"11281";"1";"1";"1";"2";"A61 - PK 294.500";"43,2610340000";"2,0234800000"
"202100040244";"12";"05";"2021";"18:37";"1";"68";"68300";"2";"7";"1";"1";"9 AllÃ©e des Alouettes";"47,7924690000";"7,3800870000"
"202100040245";"13";"05";"2021";"17:25";"1";"86";"86233";"1";"1";"2";"7";"D8";"46,4959340000";"0,6269060000"
"202100040246";"10";"05";"2021";"21:47";"3";"42";"42182";"1";"1";"2";"6";"Route de Saint-Romain";"46,0621800000";"3,9468650000"
"202100040247";"9";"05";"2021";"16:15";"1";"51";"51507";"1";"1";"1";"7";"D3";"49,1023080000";"4,9804120000"
"202100040248";"13";"05";"2021";"01:16";"3";"56";"56081";"1";"1";"1";"6";"D27";"48,0765880000";" -3,6578460000"
"202100040249";"13";"05";"2021";"16:15";"1";"81";"81309";"1";"1";"2";"7";"D15";"44,0830000000";"1,8014190000"
"202100040250";"13";"05";"2021";"04:50";"3";"11";"11351";"1";"4";"1";"6";"Le Palais";"43,0979903398";"2,7257251737"
"202100040251";"12";"05";"2021";"17:30";"1";"11";"11206";"2";"1";"1";"6";"Avenue Francois Clamens";"43,0628171248";"2,2153705362"
"202100040252";"13";"05";"2021";"04:30";"3";"11";"11156";"1";"1";"1";"6";"D48";"43,3211190000";"2,2517250000"
"202100040253";"12";"05";"2021";"08:55";"1";"63";"63180";"1";"3";"1";"2";"D20 Route de Joze/ VC";"45,8604171087";"3,3184200928"
"202100040254";"13";"05";"2021";"12:40";"1";"55";"55244";"1";"1";"2";"7";"D108";"49,1704980000";"5,5997170000"
"202100040255";"13";"05";"2021";"13:50";"1";"49";"49228";"1";"1";"1";"6";"D441";"47,5043450000";"0,1331660000"
"202100040256";"12";"05";"2021";"11:00";"1";"42";"42323";"1";"1";"1";"1";"Avenue de la LibÃ©ration";"45,5738280000";"4,2732100000"
"202100040257";"13";"05";"2021";"06:15";"2";"47";"47101";"2";"6";"1";"7";"212 Pont des Sables";"44,4632750000";"0,1393650000"
"202100040258";"12";"05";"2021";"18:15";"1";"86";"86109";"1";"1";"2";"7";"D64";"46,9300010000";"0,1445390000"
"202100040259";"13";"05";"2021";"17:23";"1";"44";"44014";"1";"1";"1";"3";"1 Les Gros Cailloux";"47,1154600000";" -1,4820760000"
"202100040260";"25";"03";"2021";"18:30";"1";"35";"35096";"2";"6";"1";"3";"Rue Saint-Pierre";"48,0739370000";" -1,3967830000"
"202100040261";"12";"05";"2021";"22:50";"3";"31";"31175";"1";"1";"2";"6";"Route Departementale 817";"43,1127790000";"0,8000390000"
"202100040262";"12";"05";"2021";"22:45";"3";"01";"01145";"2";"1";"1";"1";"Chemin du Mas Vernon";"46,0685560000";"5,2043220000"
"202100040263";"13";"05";"2021";"19:03";"1";"70";"70267";"2";"1";"1";"7";"Gevigney-et-Mercey";"47,7942660000";"5,9376520000"
"202100040264";"12";"05";"2021";"21:45";"3";"58";"58021";"1";"1";"2";"1";"RD 978A - intersection du lieu -dit La Ponconnerie";"46,7867640000";"3,2020430000"
"202100040265";"13";"05";"2021";"05:20";"3";"72";"72135";"1";"1";"2";"2";"La Petite Rochelle";"47,8040990000";"0,0542280000"
"202100040266";"12";"05";"2021";"17:45";"1";"06";"06068";"1";"1";"1";"7";"D12";"43,7331350000";"6,9580580000"
"202100040267";"12";"05";"2021";"09:45";"1";"14";"14575";"1";"1";"1";"7";"D278";"49,3006210000";"0,1237460000"
"202100040268";"12";"05";"2021";"16:45";"1";"50";"50029";"2";"1";"1";"3";"Mont Eglise";"48,6006440000";" -0,8326420000"
"202100040269";"12";"05";"2021";"21:45";"5";"60";"60477";"1";"1";"1";"6";"Route du Vivier Danger";"49,4338127002";"1,9225945471"
"202100040270";"12";"05";"2021";"07:10";"1";"64";"64513";"1";"1";"1";"5";"RD 933";"43,4302290000";" -0,9362680000"
"202100040271";"3";"05";"2021";"17:00";"1";"43";"43268";"2";"6";"1";"3";"Chemin de la Galoche";"45,1451660000";"4,1212410000"
"202100040272";"13";"05";"2021";"11:15";"1";"07";"07343";"1";"1";"1";"3";"D104";"44,5372190000";"4,3462730000"
"202100040273";"13";"05";"2021";"13:05";"1";"53";"53137";"1";"1";"1";"2";"D57";"48,0727170000";" -0,9053420000"
"202100040274";"13";"05";"2021";"15:30";"1";"04";"04158";"1";"1";"1";"7";"RD 11";"43,7171400000";"6,0465570000"
"202100040275";"13";"05";"2021";"16:00";"1";"85";"85059";"2";"6";"1";"7";"Avenue Georges Clemenceau";"46,6527540000";" -0,7472530000"
"202100040276";"12";"05";"2021";"03:17";"3";"17";"17471";"1";"1";"1";"6";"pk 2 D950";"46,0655040000";" -0,3168650000"
"202100040277";"13";"05";"2021";"17:00";"1";"30";"30339";"1";"1";"1";"7";"D986";"44,0863670000";"3,5807810000"
"202100040278";"12";"05";"2021";"22:45";"5";"30";"30037";"1";"1";"1";"6";"Hameau de Foussignargues";"44,2874480000";"4,1243090000"
"202100040279";"13";"05";"2021";"13:10";"1";"30";"30294";"1";"1";"1";"3";"Route de Bagnols";"44,1303630000";"4,1240680000"
"202100040280";"13";"05";"2021";"13:30";"1";"24";"24207";"1";"1";"8";"1";"Les Crouzilles";"44,8064760000";"1,2683390000"
"202100040281";"13";"05";"2021";"15:15";"1";"74";"74010";"1";"1";"1";"2";"Rte de Chaux, D1201";"45,8389810000";"6,0594210000"
"202100040282";"13";"05";"2021";"15:00";"1";"06";"06085";"1";"1";"1";"6";"D6185";"43,6076080000";"6,9840620000"
"202100040283";"13";"05";"2021";"11:14";"1";"972";"97230";"2";"1";"1";"7";"D 2 Boulevard FranÃ§ois Mitterand";"14,7611730000";" -60,9154450000"
"202100040284";"12";"05";"2021";"19:25";"1";"28";"28372";"2";"1";"1";"6";"rue des murgers";"48,6543210000";"1,5844720000"
"202100040285";"12";"05";"2021";"19:40";"1";"77";"77270";"1";"1";"1";"1";"D15";"48,8433110000";"2,9905990000"
"202100040286";"13";"05";"2021";"07:30";"1";"68";"68143";"1";"1";"1";"4";"Route dÃ©partementale 4";"48,1110130000";"7,4043560000"
"202100040287";"13";"05";"2021";"08:35";"1";"60";"60009";"2";"6";"8";"6";"Ancienne Route de Paris";"49,4055530000";"2,1195300000"
"202100040288";"12";"05";"2021";"13:50";"1";"13";"13215";"1";"1";"1";"4";"A7-Sens Marseille vers Lyon";"43,3532500000";"5,3650600000"
"202100040289";"12";"05";"2021";"16:10";"1";"33";"33080";"1";"1";"2";"2";"AUTOROUTE A 62";"44,7583260000";" -0,5459440000"
"202100040290";"12";"05";"2021";"03:15";"3";"91";"91549";"1";"1";"1";"7";"RN 104";"48,6248400000";"2,3324100000"
"202100040291";"12";"05";"2021";"17:00";"1";"91";"91689";"1";"1";"1";"2";"AUTOROUTE A6";"48,7266000000";"2,3136100000"
"202100040292";"12";"05";"2021";"19:10";"1";"92";"92036";"1";"1";"1";"5";"AUTOROUTE A86";"48,9334085389";"2,3213132742"
"202100040293";"12";"05";"2021";"11:50";"1";"93";"93008";"1";"1";"1";"4";"AUTOROUTE A86";"48,9086400000";"2,4495400000"
"202100040294";"12";"05";"2021";"17:40";"1";"94";"94028";"1";"1";"1";"2";"A86 INT";"48,7887700000";"2,4400900000"
"202100040295";"16";"04";"2021";"11:00";"1";"78";"78545";"2";"4";"1";"6";"PERI (RUE GABRIEL)";"48,8029540000";"2,0597380000"
"202100040296";"22";"02";"2021";"21:45";"5";"06";"06012";"2";"1";"1";"3";"GUYNEMER (BOULEVARD)";"43,7487005000";"7,4288020000"
"202100040297";"11";"02";"2021";"10:30";"1";"06";"06030";"2";"9";"7";"6";"SADI CARNOT (BOULEVARD)";"43,5727440000";"7,0162060000"
"202100040298";"28";"02";"2021";"14:40";"1";"03";"03310";"2";"1";"1";"6";"SOURCE DE L'HOPITAL (RUE DE LA)";"46,1219400000";"3,4214500000"
"202100040299";"14";"02";"2021";"11:48";"1";"03";"03023";"2";"2";"1";"6";"Avenue Fernand Auberger";"46,1140920000";"3,4113360000"
"202100040300";"19";"02";"2021";"16:00";"1";"94";"94011";"2";"9";"1";"6";"BICENTENAIRE.(AVENUE DU)";"48,7647000000";"2,4880500000"
"202100040301";"11";"05";"2021";"08:35";"1";"974";"97416";"1";"1";"1";"1";"BASSIN PLAT(CHEMIN)";" -21,3322910000";"55,4981530000"
"202100040302";"11";"05";"2021";"07:15";"1";"974";"97416";"1";"1";"1";"3";"DAMBREVILLE (AVENUE DU DR.)";" -21,3391820000";"55,4900160000"
"202100040303";"11";"05";"2021";"19:10";"3";"974";"97411";"2";"1";"1";"1";"EUCALYPTUS (ROUTE DES)";" -20,8872100000";"55,4339100000"
"202100040304";"11";"05";"2021";"13:20";"1";"974";"97411";"2";"9";"1";"3";"JAURES (BOULEVARD JEAN)";" -20,9007800000";"55,4971000000"
"202100040305";"10";"05";"2021";"17:45";"1";"974";"97411";"2";"1";"1";"2";"JAURES (BLD 2 JEAN)";" -20,9010000000";"55,4960000000"
"202100040306";"11";"05";"2021";"20:22";"5";"973";"97302";"1";"6";"2";"2";"MARINGOUINS (ROND-POINT)";"4,9069800000";" -52,3222600000"
"202100040307";"11";"05";"2021";"20:10";"2";"69";"69387";"2";"1";"8";"7";"CLAUDE BERNARD (Q)";"45,7522100000";"4,8367900000"
"202100040308";"11";"05";"2021";"19:45";"1";"69";"69386";"2";"2";"1";"3";"DUQUESNE (R)";"45,7725300000";"4,8431100000"
"202100040309";"11";"05";"2021";"18:15";"1";"69";"69199";"2";"2";"1";"3";"LOUIS GIRARDET (R)";"45,7055340489";"4,8554557576"
"202100040310";"11";"05";"2021";"15:50";"1";"69";"69388";"2";"9";"2";"3";"JEAN MERMOZ  (AV)";"45,7355100000";"4,8720500000"
"202100040311";"11";"05";"2021";"08:20";"1";"69";"69386";"2";"2";"2";"3";"DUQUESNE (R)";"45,7724600000";"4,8431000000"
"202100040312";"11";"05";"2021";"16:40";"1";"972";"97213";"1";"1";"1";"3";"AUTOROUTE (A1)";"14,6045000000";" -61,0028000000"
"202100040313";"10";"05";"2021";"22:00";"5";"69";"69385";"2";"1";"3";"7";"CHEMIN NEUF (DU)                    (MO)";"45,7620500000";"4,8260200000"
"202100040314";"10";"05";"2021";"19:55";"2";"91";"91471";"2";"2";"1";"3";"FERME (RUE DE LA)";"48,6848100000";"2,1836100000"
"202100040315";"10";"05";"2021";"16:15";"1";"88";"88383";"2";"4";"2";"6";"rue des etats unis";"48,0163400000";"6,5851600000"
"202100040316";"11";"05";"2021";"08:00";"1";"87";"87085";"2";"1";"2";"2";"VICTOR SCHOELCHER (RUE)";"45,8151920000";"1,2246260000"
"202100040317";"9";"05";"2021";"05:10";"5";"87";"87085";"2";"1";"1";"6";"ERIC TABARLY (RUE)";"45,8429500000";"1,2006900000"
"202100040318";"11";"05";"2021";"20:15";"2";"81";"81065";"2";"2";"1";"3";"HENRI  IV (RUE)";"43,6063700000";"2,2411000000"
"202100040319";"8";"05";"2021";"07:40";"1";"80";"80131";"1";"1";"2";"6";"MANASSES BARBIER (RUE)";"49,8500394642";"2,3770380020"
"202100040320";"8";"05";"2021";"16:30";"1";"80";"80021";"2";"1";"8";"6";"SAINT PIERRE (CHAUSSEE)";"49,9039300000";"2,3082900000"
"202100040321";"11";"05";"2021";"12:40";"1";"74";"74010";"2";"1";"2";"3";"JOSEPH DESSAIX";"45,9091300000";"6,1246300000"
"202100040322";"11";"05";"2021";"13:15";"1";"69";"69282";"2";"3";"1";"3";"JEAN JAURES (R)";"45,7775700000";"5,0209100000"
"202100040323";"11";"05";"2021";"05:05";"5";"69";"69092";"2";"6";"2";"3";"STADE PIERRE MONTMARTIN (DU) (R)";"46,0007700000";"4,7175600000"
"202100040324";"10";"05";"2021";"17:15";"1";"68";"68066";"2";"3";"2";"3";"TURENNE (RUE DE)";"48,0732400000";"7,3595700000"
"202100040325";"8";"05";"2021";"20:00";"2";"67";"67365";"2";"8";"1";"2";"GENERAL LECLERC (RUE DU)";"48,5529800000";"7,7123800000"
"202100040326";"7";"05";"2021";"12:30";"1";"67";"67482";"2";"1";"1";"2";"KOENIGSHOFFEN (RUE DE)";"48,5809521748";"7,7270435398"
"202100040327";"11";"05";"2021";"13:50";"1";"64";"64024";"2";"1";"1";"7";"Avenue de Bayonne";"43,4812300000";" -1,5111300000"
"202100040328";"10";"05";"2021";"08:00";"1";"64";"64024";"2";"6";"1";"3";"BUTTE AUX CAILLES (ROND POINT DE LA)";"43,4968300000";" -1,5096500000"
"202100040329";"10";"05";"2021";"15:40";"1";"63";"63113";"2";"2";"3";"6";"LAVOISIERS (BD)/DiomÃ¨de";"45,7840175715";"3,0761650176"
"202100040330";"10";"05";"2021";"07:39";"1";"63";"63113";"2";"2";"1";"2";"MOULIN (BD JEAN)/Parlette";"45,7769200000";"3,1176900000"
"202100040331";"8";"05";"2021";"15:25";"1";"63";"63113";"2";"1";"1";"6";"AULTERIBE (RUE)";"45,8123800000";"3,1281100000"
"202100040332";"7";"05";"2021";"16:56";"1";"63";"63113";"2";"1";"1";"6";"MITTERRAND (BD FRANCOIS)";"45,7709300000";"3,0877900000"
"202100040333";"9";"04";"2021";"11:30";"1";"62";"62498";"2";"1";"1";"3";"LETIENNE (R JEAN)";"50,4288430000";"2,8249660000"
"202100040334";"4";"05";"2021";"16:55";"1";"60";"60382";"2";"1";"7";"6";"Avenue Raymond PoincarÃ©";"49,4232731426";"2,8241944312"
"202100040335";"11";"05";"2021";"13:45";"1";"59";"59043";"2";"1";"1";"6";"LILLE (RUE DE)";"50,7365000000";"2,7395000000"
"202100040336";"10";"05";"2021";"17:00";"1";"57";"57672";"2";"1";"1";"6";"METZ (ROUTE DE)";"49,3508100000";"6,1601000000"
"202100040337";"10";"05";"2021";"07:50";"1";"51";"51454";"2";"7";"1";"7";"Place Stalingrad";"49,2514700000";"4,0233400000"
"202100040338";"10";"05";"2021";"15:37";"1";"49";"49007";"2";"1";"1";"3";"HANNELOUP";"47,4680270000";" -0,5466580000"
"202100040339";"9";"05";"2021";"11:13";"1";"49";"49007";"2";"1";"1";"3";"COMMERCE";"47,4750900000";" -0,5498100000"
"202100040340";"10";"05";"2021";"17:05";"1";"45";"45235";"2";"1";"1";"3";"Avenue Charles de Gaulle";"47,9522400000";"1,8425000000"
"202100040341";"11";"05";"2021";"17:45";"1";"45";"45338";"1";"3";"1";"7";"Rue des CamÃ©lias";"47,9932030096";"2,6784034797"
"202100040342";"11";"05";"2021";"18:45";"1";"35";"35238";"2";"3";"1";"3";"SOLFERINO (BD)";"48,1044800000";" -1,6686400000"
"202100040343";"11";"05";"2021";"09:25";"1";"34";"34198";"1";"1";"1";"2";"D66  VOIE RAPIDE";"43,5652940000";"3,9577010000"
"202100040344";"9";"05";"2021";"09:25";"1";"33";"33032";"2";"4";"1";"3";"Avenue FÃ©lix Cailleau";"44,9039700000";" -0,5181300000"
"202100040345";"7";"05";"2021";"15:00";"1";"33";"33249";"2";"3";"1";"6";"Avenue de la LibÃ©ration";"44,8744100000";" -0,5196900000"
"202100040346";"4";"05";"2021";"23:29";"5";"33";"33522";"2";"2";"2";"3";"Rue Lafitte";"44,7969300000";" -0,5856400000"
"202100040347";"11";"05";"2021";"15:22";"1";"32";"32013";"2";"1";"1";"2";"ROUGET DE LISLE";"43,6456200000";"0,5910500000"
"202100040348";"11";"05";"2021";"08:45";"1";"29";"29019";"2";"6";"1";"3";"Avenue de Tallinn";"48,3895100000";" -4,5202200000"
"202100040349";"11";"05";"2021";"08:40";"1";"26";"26198";"2";"6";"2";"3";"178 Route de Chateauneuf";"44,5279000000";"4,7345000000"
"202100040350";"10";"05";"2021";"16:40";"1";"19";"19031";"2";"3";"1";"6";"GRIVEL (BOULEVARD AMIRAL)";"45,1566900000";"1,5403200000"
"202100040351";"11";"05";"2021";"16:25";"1";"14";"14118";"2";"1";"1";"6";"Rue Saint-Pierre";"49,1833400000";" -0,3634000000"
"202100040352";"3";"05";"2021";"23:35";"3";"14";"14543";"1";"1";"6";"7";"N13";"49,1941500000";" -0,4446900000"
"202100040353";"8";"05";"2021";"02:17";"5";"13";"13213";"2";"1";"1";"6";"JEAN PAUL SARTRE (AVENUE)";"43,3223470000";"5,4182500000"
"202100040354";"11";"05";"2021";"17:00";"1";"13";"13215";"2";"1";"1";"5";"RUE LE CHATELIER";"43,3469630000";"5,3678770000"
"202100040355";"11";"05";"2021";"12:40";"1";"13";"13203";"2";"1";"1";"1";"FÃLIX PYAT (RUE)";"43,3169000000";"5,3739200000"
"202100040356";"11";"05";"2021";"08:30";"1";"13";"13213";"2";"1";"1";"2";"VALDONNE (AVENUE DE)";"43,3242280000";"5,4153980000"
"202100040357";"11";"05";"2021";"08:30";"1";"13";"13002";"2";"1";"1";"3";"ENCO DE BOTTE (RTE)";"43,3229047440";"5,4797471414"
"202100040358";"10";"05";"2021";"14:30";"1";"13";"13205";"2";"1";"3";"2";"JEAN MOULIN (BOULEVARD)";"43,2898624926";"5,4000498802"