"Num_Acc";"jour";"mois";"an";"hrmn";"lum";"dep";"com";"agg";"int";"atm";"col";"adr";"lat";"long"
"202100040359";"11";"05";"2021";"07:40";"1";"11";"11069";"2";"1";"2";"4";"BUNAU VARILLA -AV-";"43,2074300000";"2,3361200000"
"202100040360";"11";"05";"2021";"16:25";"1";"06";"06069";"2";"1";"1";"3";"BAUDOIN (AVENUE YVES EMMAUEL)  -D2085-";"43,6577150000";"6,9187470000"
"202100040361";"11";"05";"2021";"15:40";"1";"06";"06069";"2";"9";"2";"2";"GRILLONS (RUE DES)";"43,6485200000";"6,9111000000"
"202100040362";"11";"05";"2021";"10:50";"1";"06";"06027";"2";"1";"2";"6";"DONAT AVENUE DOCTEUR MAURICE";"43,6608110000";"7,1477070000"
"202100040363";"11";"05";"2021";"08:00";"1";"03";"03185";"2";"3";"8";"3";"CONSTANS ( RUE PAUL )";"46,3424500000";"2,5901300000"
"202100040364";"10";"05";"2021";"12:00";"1";"75";"75106";"2";"1";"1";"6";"BOULEVARD DU MONTPARNASSE";"48,8443090000";"2,3225430000"
"202100040365";"11";"05";"2021";"17:30";"1";"75";"75120";"2";"4";"1";"3";"RUE DE BAGNOLET";"48,8618060000";"2,4058660000"
"202100040366";"9";"05";"2021";"13:10";"1";"75";"75120";"2";"3";"1";"3";"RUE D AVRON";"48,8531810000";"2,4088120000"
"202100040367";"11";"05";"2021";"09:00";"1";"75";"75119";"2";"3";"1";"2";"RUE MANIN";"48,8843520000";"2,3913150000"
"202100040368";"11";"05";"2021";"19:30";"1";"75";"75113";"2";"1";"1";"6";"BOULEVARD VINCENT AURIOL";"48,8371200000";"2,3733600000"
"202100040369";"10";"05";"2021";"08:45";"1";"75";"75113";"2";"3";"8";"6";"BOULEVARD AUGUSTE BLANQUI";"48,8299290000";"2,3473100000"
"202100040370";"11";"05";"2021";"17:40";"1";"75";"75110";"2";"2";"1";"6";"RUE DES ECLUSES SAINT MARTIN";"48,8773300000";"2,3658600000"
"202100040371";"11";"05";"2021";"17:40";"1";"75";"75109";"2";"3";"1";"6";"RUE D AMSTERDAM";"48,8812670000";"2,3270840000"
"202100040372";"11";"05";"2021";"13:57";"1";"75";"75108";"2";"1";"2";"6";"AVENUE DE MARIGNY";"48,8685690000";"2,3144250000"
"202100040373";"11";"05";"2021";"09:00";"1";"75";"75108";"2";"2";"1";"3";"AVENUE DES CHAMPS ELYSEES";"48,8677930000";"2,3139130000"
"202100040374";"11";"05";"2021";"08:26";"1";"75";"75108";"2";"2";"1";"3";"AVENUE DES CHAMPS ELYSEES";"48,8705450000";"2,3052920000"
"202100040375";"10";"05";"2021";"22:05";"5";"94";"94068";"2";"2";"1";"3";"Avenue du Bac";"48,7970400000";"2,5048500000"
"202100040376";"10";"05";"2021";"12:30";"1";"94";"94068";"2";"2";"1";"3";"DIDEROT (AV)";"48,8020000000";"2,4870000000"
"202100040377";"10";"05";"2021";"17:00";"1";"94";"94028";"2";"1";"1";"2";"Rue de Brie";"48,7845415008";"2,4699446253"
"202100040378";"11";"05";"2021";"15:10";"1";"94";"94022";"2";"1";"2";"7";"Boulevard de Stalingrad";"48,7681600000";"2,4030400000"
"202100040379";"11";"05";"2021";"17:50";"1";"93";"93059";"2";"1";"1";"3";"LENINE (AVENUE) NÂ°36 AU 120 ET NÂ°45 AU 1";"48,9547900000";"2,3573300000"
"202100040380";"11";"05";"2021";"17:21";"1";"93";"93070";"2";"1";"1";"3";"SEINE (QUAI DE)";"48,9146600000";"2,3195800000"
"202100040381";"11";"05";"2021";"13:25";"1";"93";"93064";"2";"1";"8";"6";"Rue du GÃ©nÃ©ral Leclerc";"48,8682070000";"2,4920440000"
"202100040382";"11";"05";"2021";"16:40";"1";"93";"93053";"2";"1";"1";"6";"STEPHENSON (SQUARE)";"48,8874200000";"2,4626900000"
"202100040383";"11";"05";"2021";"09:15";"1";"93";"93050";"2";"1";"1";"6";"LEON BLUM (AVENUE)";"48,8675800000";"2,5327700000"
"202100040384";"10";"05";"2021";"19:50";"1";"93";"93063";"2";"3";"1";"2";"METZ AVENUE DE";"48,8833000000";"2,4333000000"
"202100040385";"10";"05";"2021";"11:39";"1";"93";"93032";"2";"9";"1";"6";"JULES GUESDES  (RUE,A PARTIR 98, COTE IM";"48,8790200000";"2,5476900000"
"202100040386";"11";"05";"2021";"18:20";"1";"93";"93027";"2";"1";"8";"3";"Rue Raspail";"48,9233100000";"2,3952100000"
"202100040387";"11";"05";"2021";"12:34";"1";"93";"93005";"2";"1";"1";"6";"ARTHUR CHEVALIER (RUE)";"48,9271890000";"2,5086550000"
"202100040388";"11";"05";"2021";"20:50";"2";"92";"92049";"2";"1";"1";"3";"BROSSOLETTE AVENUE PIERRE";"48,8211615352";"2,3126408458"
"202100040389";"11";"05";"2021";"16:50";"1";"92";"92012";"2";"4";"8";"6";"DENFERT ROCHEREAU (RUE)";"48,8476376616";"2,2423662656"
"202100040390";"11";"05";"2021";"17:50";"1";"02";"02776";"1";"1";"1";"7";"A26 PK149+400 sens REIMS/CALAIS";"50,0070770000";"3,1750060000"
"202100040391";"12";"05";"2021";"13:10";"1";"06";"06161";"2";"1";"1";"6";"624 Avenue des Ferrayonnes";"43,6562240000";"7,1303140000"
"202100040392";"11";"05";"2021";"15:20";"1";"18";"18200";"1";"1";"2";"1";"Route DÃ©partementae 59";"47,2828760000";"2,8652320000"
"202100040393";"2";"05";"2021";"14:15";"1";"59";"59631";"2";"9";"1";"6";"62 Rue de Cambrai";"50,0732480000";"3,3294610000"
"202100040394";"6";"05";"2021";"16:50";"1";"59";"59223";"2";"1";"1";"1";"Route de Landrecies";"50,1036730000";"3,7196550000"
"202100040395";"12";"05";"2021";"08:09";"1";"19";"19006";"1";"1";"1";"1";"RD 102E";"45,5747220000";"2,2075440000"
"202100040396";"11";"05";"2021";"19:00";"1";"56";"56118";"2";"1";"1";"7";"Rue FranÃ§ois le LevÃ©";"47,7243480000";" -3,3397740000"
"202100040397";"7";"05";"2021";"19:50";"1";"56";"56008";"2";"2";"2";"3";"Toul Broc'h";"47,6217850000";" -2,8983310000"
"202100040398";"12";"05";"2021";"02:00";"3";"2B";"2B049";"2";"1";"1";"7";"route dÃ©partementale 151A";"42,5099130000";"8,8641640000"
"202100040399";"12";"05";"2021";"18:25";"1";"71";"71580";"1";"1";"1";"6";"812 Route du Moulin";"46,6593753253";"5,2243910670"
"202100040400";"12";"05";"2021";"08:00";"1";"71";"71412";"1";"3";"1";"6";"Le Bois du Monay";"46,7332420000";"4,4387290000"
"202100040401";"11";"05";"2021";"09:50";"1";"63";"63460";"1";"2";"3";"1";"D206/D121";"45,9082860000";"2,6187370000"
"202100040402";"27";"04";"2021";"18:45";"1";"61";"61480";"1";"1";"1";"7";"La grille";"48,5578240000";"0,0361722000"
"202100040403";"11";"05";"2021";"12:16";"1";"42";"42062";"1";"1";"1";"1";"Route du Bessy";"45,5898943034";"4,3948712393"
"202100040404";"10";"05";"2021";"13:30";"1";"42";"42097";"1";"2";"3";"6";"M1082";"45,4820440000";"4,3498300000"
"202100040405";"11";"05";"2021";"08:35";"1";"46";"46090";"1";"1";"2";"6";"Axe dÃ©partemental 802, Point Route 12+100";"44,6774120000";"1,7194030000"
"202100040406";"10";"05";"2021";"11:30";"1";"29";"29075";"1";"2";"1";"3";"Route de Lavallot";"48,4178510000";" -4,4203230000"
"202100040407";"10";"05";"2021";"15:25";"1";"72";"72107";"1";"3";"1";"1";"Malvoisine";"47,9718000000";" -0,0302900000"
"202100040408";"12";"05";"2021";"15:10";"1";"60";"60189";"1";"1";"1";"2";"D130";"49,5408840000";"3,1062750000"
"202100040409";"12";"05";"2021";"14:15";"1";"64";"64472";"1";"1";"1";"1";"18 Route de Serres-castet";"43,3756900000";" -0,3155080000"
"202100040410";"11";"05";"2021";"17:00";"1";"18";"18230";"1";"1";"1";"1";"D112";"46,6664020000";"2,3194750000"
"202100040411";"11";"05";"2021";"19:00";"1";"27";"27388";"1";"1";"1";"1";"D6178";"49,4518900000";"0,4584220000"
"202100040412";"10";"05";"2021";"23:45";"3";"87";"87028";"1";"1";"1";"6";"Bel Air RN 147";"46,2445700000";"0,8884330000"
"202100040413";"11";"05";"2021";"08:55";"1";"87";"87205";"2";"3";"3";"3";"17 Avenue FrÃ©dÃ©ric le Play";"45,7519460000";"1,2897030000"
"202100040414";"11";"05";"2021";"14:45";"1";"30";"30179";"2";"1";"1";"6";"avenue du gÃ©nÃ©ral de Gaulle";"43,8741100000";"4,5924990000"
"202100040415";"11";"05";"2021";"21:40";"3";"76";"76533";"1";"1";"2";"7";"A29 PK 0026.000";"49,4949850000";"0,2667030000"
"202100040416";"12";"05";"2021";"12:56";"1";"30";"30258";"1";"1";"1";"2";"A54";"43,7624320000";"4,4244000000"
"202100040417";"12";"05";"2021";"07:00";"1";"30";"30189";"1";"9";"1";"6";"bretelle de sortie A9 pk 54.150 diorection Orange";"43,8107780000";"4,3490950000"
"202100040418";"12";"05";"2021";"09:05";"1";"975";"97502";"2";"1";"1";"3";"Rue Brusle";"46,7849950000";" -56,1723720000"
"202100040419";"25";"03";"2021";"17:20";"1";"971";"97104";"2";"1";"1";"6";"Avenue du PÃ¨re Labat";"16,0133880000";" -61,7464520000"
"202100040420";"12";"05";"2021";"17:05";"1";"13";"13006";"1";"1";"1";"1";"D17";"43,6969980000";"4,9550910000"
"202100040421";"12";"05";"2021";"03:30";"3";"57";"57669";"1";"1";"1";"6";"D30";"49,1363780000";"6,8812180000"
"202100040422";"12";"05";"2021";"12:30";"1";"38";"38558";"1";"1";"1";"1";"D123";"45,6032480000";"4,9197240000"
"202100040423";"8";"05";"2021";"12:20";"1";"65";"65141";"1";"1";"1";"7";"RD 618";"42,8248180000";"0,4147500000"
"202100040424";"12";"05";"2021";"15:15";"1";"80";"80359";"1";"1";"1";"7";"route dÃ©partementale 139";"49,7376550000";"2,7805280000"
"202100040425";"11";"05";"2021";"16:23";"1";"13";"13081";"1";"1";"1";"4";"A7-Sens Marseille vers Lyon";"43,4899900000";"5,2405700000"
"202100040426";"11";"05";"2021";"15:35";"1";"33";"33013";"1";"1";"1";"2";"Rocade Rive Droite N230";"44,8649970000";" -0,5038050000"
"202100040427";"11";"05";"2021";"17:45";"1";"92";"92050";"1";"1";"1";"6";"A14";"48,8946010000";"2,2299090000"
"202100040428";"10";"05";"2021";"01:30";"3";"92";"92025";"1";"1";"2";"4";"A86";"48,9354217595";"2,2605830961"
"202100040429";"11";"05";"2021";"20:40";"2";"95";"95582";"1";"1";"1";"2";" A115";"48,9758416468";"2,2423267365"
"202100040430";"11";"05";"2021";"15:20";"1";"95";"95277";"1";"1";"1";"2";"RD 170E";"48,9770259061";"2,4630823508"
"202100040431";"11";"05";"2021";"09:05";"1";"93";"93027";"1";"1";"1";"3";"BDL";"48,9258800000";"2,3997300000"
"202100040432";"11";"05";"2021";"08:30";"1";"93";"93053";"1";"1";"1";"3";"AUTOROUTE A3";"48,8948140000";"2,4714030000"
"202100040433";"11";"05";"2021";"06:50";"1";"95";"95582";"1";"1";"1";"5";" A15";"48,9639500000";"2,2630900000"
"202100040434";"10";"05";"2021";"07:00";"1";"95";"95582";"1";"1";"2";"6";" A115";"48,9741233293";"2,2438716888"
"202100040435";"11";"05";"2021";"07:35";"1";"94";"94015";"1";"1";"1";"4";"A4";"48,8276900000";"2,5255100000"
"202100040436";"10";"05";"2021";"14:00";"1";"94";"94017";"1";"1";"1";"3";"A86.EXT";"48,8291300000";"2,4815100000"
"202100040437";"20";"02";"2021";"11:30";"1";"19";"19031";"2";"3";"1";"3";"COSNAC (RUE DANIEL DE)";"45,1521800000";"1,5594100000"
"202100040438";"12";"02";"2021";"14:00";"1";"09";"09225";"1";"3";"3";"3";"MIREPOIX ROUTE DE";"43,1020000000";"1,6342000000"
"202100040439";"10";"05";"2021";"13:40";"1";"976";"97611";"2";"1";"1";"2";"kaweni-Kaweni nord ( Z I )";" -12,7688200000";"45,2242900000"
"202100040440";"10";"05";"2021";"06:40";"1";"976";"97611";"2";"1";"2";"2";"tsoundzou-Cadjifouteni ( rue )";" -12,8075100000";"45,2055900000"
"202100040441";"10";"05";"2021";"14:15";"1";"974";"97411";"2";"1";"1";"3";"MOUFIA (ROUTE DE)";" -20,8972800000";"55,4914000000"
"202100040442";"10";"05";"2021";"10:20";"1";"974";"97411";"1";"1";"1";"2";"Route de la montagne";" -20,8888160000";"55,4362820000"
"202100040443";"10";"05";"2021";"12:10";"1";"974";"97407";"1";"9";"1";"3";"MASCAREIGNES(BOULEVARD)";" -20,9396300000";"55,3083800000"
"202100040444";"10";"05";"2021";"12:42";"1";"973";"97302";"2";"1";"1";"2";"BADUEL (ROUTE DE)";"4,9390900000";" -52,3182400000"
"202100040445";"10";"05";"2021";"08:55";"1";"973";"97302";"2";"1";"1";"2";"MANGO (ROUTE)";"4,9314700000";" -52,3170000000"
"202100040446";"10";"05";"2021";"08:55";"1";"973";"97302";"2";"1";"1";"3";"BADUEL (ROUTE DE)";"4,9287707343";" -52,2947641612"
"202100040447";"10";"05";"2021";"18:00";"1";"69";"69383";"2";"1";"3";"3";"LACASSAGNE                          (AV)";"45,7491796200";"4,8771670225"
"202100040448";"10";"05";"2021";"17:25";"1";"69";"69259";"2";"1";"3";"6";"FRANCIS DE PRESSENSE                (AV)";"45,7136611503";"4,8733592033"
"202100040449";"10";"05";"2021";"16:30";"1";"69";"69384";"2";"1";"3";"3";"ESSES (DES)                         (MO)";"45,7721600000";"4,8160500000"
"202100040450";"10";"05";"2021";"13:20";"1";"69";"69381";"2";"3";"3";"7";"GENERAL GIRAUD (DU) (CR)";"45,7697600000";"4,8169300000"
"202100040451";"5";"05";"2021";"18:45";"1";"69";"69385";"2";"9";"1";"6";"TRION (DE) (R)";"45,7568800000";"4,8160900000"
"202100040452";"10";"05";"2021";"19:02";"1";"2B";"2B033";"2";"1";"8";"3";"SAMPIERO CORSO - AV";"42,6674000000";"9,4428600000"
"202100040453";"10";"05";"2021";"08:35";"1";"95";"95280";"2";"1";"1";"3";"MOINON ROBERT";"49,0196700000";"2,4529300000"
"202100040454";"10";"05";"2021";"14:40";"1";"91";"91514";"2";"1";"8";"6";"RUE COMBS LA VILLE";"48,6707250000";"2,5411740000"
"202100040455";"9";"05";"2021";"10:00";"1";"90";"90001";"2";"9";"1";"3";"MONTBELIARD (ROUTE DE)";"47,6006280000";"6,8624870000"
"202100040456";"9";"05";"2021";"17:23";"1";"87";"87085";"2";"1";"1";"6";"LADOUMEGUE (RUE JULES)";"45,8379100000";"1,2243800000"
"202100040457";"8";"05";"2021";"18:53";"1";"87";"87085";"2";"3";"1";"3";"PUY REJEAUD (RUE DU)";"45,8441100000";"1,2237300000"
"202100040458";"10";"05";"2021";"10:50";"1";"86";"86194";"2";"3";"2";"3";"Avenue Robert Schuman";"46,5893470000";"0,3598910000"
"202100040459";"7";"05";"2021";"18:00";"1";"86";"86088";"2";"1";"1";"3";"Grand Rue";"46,5384330000";"0,2886220000"
"202100040460";"4";"05";"2021";"22:45";"5";"83";"83137";"2";"3";"1";"3";"CUZIN (AVE FRANCOIS)";"43,1222600000";"5,9439900000"
"202100040461";"10";"05";"2021";"09:50";"1";"81";"81065";"2";"4";"1";"3";"Avenue Charles de Gaulle";"43,6031990000";"2,2474950000"
"202100040462";"10";"05";"2021";"00:22";"5";"78";"78586";"2";"2";"2";"3";"ROBERT SCHUMAN (AVENUE)";"48,9483020000";"2,1941900000"
"202100040463";"10";"05";"2021";"13:25";"1";"78";"78172";"2";"3";"1";"6";"PASTEUR (RUE)";"48,9951300000";"2,1015100000"
"202100040464";"10";"05";"2021";"15:00";"1";"76";"76681";"1";"1";"1";"5";"INDUSTRIEL. BOULEVARD (CD 18E)";"49,4137400000";"1,1075300000"
"202100040465";"8";"05";"2021";"00:55";"5";"76";"76351";"2";"1";"1";"6";"CHRISTOPHE COLOMB (AVENUE)";"49,4811900000";"0,1513900000"
"202100040466";"8";"05";"2021";"14:40";"1";"71";"71306";"2";"1";"1";"6";"JEAN JACQUES ROUSSEAU (RUE)";"46,6677100000";"4,3782800000"
"202100040467";"10";"05";"2021";"02:40";"5";"69";"69290";"2";"2";"1";"3";"ARISTIDE BRIAND (R)";"45,6964400000";"4,9263200000"
"202100040468";"10";"05";"2021";"13:50";"1";"69";"69264";"2";"2";"3";"3";"LECLERC GENERAL (BD)";"45,9984000000";"4,7085200000"
"202100040469";"10";"05";"2021";"07:40";"1";"64";"64102";"2";"1";"1";"2";"JACQUES LOEB (AVENUE DE L'INTERNE)";"43,4791800000";" -1,4841100000"
"202100040470";"4";"05";"2021";"16:15";"1";"64";"64024";"2";"1";"1";"2";"AVENUE D'ESPAGNE";"43,4756600000";" -1,5284700000"
"202100040471";"4";"05";"2021";"09:10";"1";"64";"64102";"2";"1";"1";"3";"SOULT (AVENUE MARECHAL)";"43,4877100000";" -1,4841500000"
"202100040472";"7";"05";"2021";"14:52";"1";"63";"63113";"2";"3";"1";"3";"REPUBLIQUE (AVENUE DE LA)";"45,7898014713";"3,1106303150"
"202100040473";"9";"05";"2021";"15:30";"1";"59";"59560";"1";"1";"1";"3";"EPINETTE RUE DE L";"50,5559600000";"3,0586500000"
"202100040474";"9";"05";"2021";"14:25";"1";"59";"59560";"1";"6";"1";"6";"EPINETTE RUE DE L";"50,5483700000";"3,0494900000"
"202100040475";"6";"05";"2021";"18:10";"1";"57";"57368";"2";"3";"2";"6";"JARDINS (RUE DES)";"49,3375900000";"6,0400300000"
"202100040476";"9";"05";"2021";"05:45";"4";"56";"56098";"2";"1";"1";"6";"ARAGO (RUE  DOMINIQUE )";"47,7798900000";" -3,3430000000"
"202100040477";"9";"05";"2021";"09:55";"1";"54";"54395";"2";"2";"1";"3";"Marcel BROT (Rue et Rond-Point )";"48,6867299549";"6,2011174389"
"202100040478";"9";"05";"2021";"18:30";"1";"38";"38185";"2";"2";"1";"3";"COURS BERRIAT";"45,1882323797";"5,7162165642"
"202100040479";"10";"05";"2021";"13:36";"1";"37";"37233";"2";"1";"1";"7";"DUCLOS (AVENUE JACQUES)";"47,3802600000";"0,7264500000"
"202100040480";"7";"05";"2021";"12:45";"1";"37";"37233";"2";"1";"1";"6";"ROSENBERG (RUE ETHEL ET JULIUS)";"47,3887417513";"0,7192980944"
"202100040481";"10";"05";"2021";"17:20";"1";"35";"35238";"2";"1";"1";"6";"BOURBONNAIS (DU)";"48,1205100000";" -1,7101800000"
"202100040482";"10";"05";"2021";"17:45";"1";"35";"35238";"1";"1";"1";"4";"RN136";"48,1287900000";" -1,7119300000"
"202100040483";"10";"05";"2021";"16:40";"1";"33";"33063";"2";"2";"1";"3";"Rue Lecocq";"44,8354500000";" -0,5831200000"
"202100040484";"10";"05";"2021";"08:20";"1";"33";"33281";"2";"3";"1";"3";"Avenue de Magudas";"44,8571300000";" -0,6577000000"
"202100040485";"3";"05";"2021";"13:50";"1";"33";"33529";"2";"3";"1";"3";"route Ambroise ParÃ©";"44,6166267087";" -1,1132774954"
"202100040486";"10";"05";"2021";"09:01";"1";"32";"32013";"2";"1";"1";"2";"PESSAN (ROUTE DE)";"43,6402400000";"0,5975400000"
"202100040487";"10";"05";"2021";"17:00";"1";"31";"31069";"2";"1";"1";"6";"MAGA (RD-PT JEAN)";"43,6212900000";"1,3969900000"
"202100040488";"10";"05";"2021";"13:00";"1";"29";"29232";"2";"1";"1";"1";"Avenue de Ty Bos";"47,9762046923";" -4,0684595705"
"202100040489";"9";"05";"2021";"08:39";"1";"29";"29232";"2";"1";"1";"3";"Route de Pont lâAbbe";"47,9811700000";" -4,1212000000"
"202100040490";"10";"05";"2021";"15:05";"1";"27";"27229";"2";"9";"1";"3";"JACQUARD (RUE)";"49,0018600000";"1,1387700000"
"202100040491";"10";"05";"2021";"22:45";"5";"13";"13214";"2";"2";"1";"3";"ALEX ANSALDI (RUE)";"43,3358000000";"5,3985000000"
"202100040492";"10";"05";"2021";"09:00";"1";"13";"13208";"2";"1";"2";"3";"DAUMIER (RUE)";"43,2783400000";"5,3853500000"
"202100040493";"10";"05";"2021";"13:15";"1";"06";"06088";"2";"1";"2";"6";"Rue Smolett";"43,7037100000";"7,2836300000"
"202100040494";"10";"05";"2021";"14:20";"1";"06";"06069";"2";"1";"2";"7";"RENOIR (AVENUE AUGUSTE)";"43,6799210000";"6,9509510000"
"202100040495";"9";"05";"2021";"23:05";"5";"06";"06027";"2";"1";"8";"3";"JUIN BOULEVARD MARECHAL";"43,6581140000";"7,1508960000"
"202100040496";"9";"05";"2021";"22:20";"5";"05";"05061";"2";"1";"1";"6";"VEYNES ( AVENUE DE  )";"44,5574000000";"6,0600800000"
"202100040497";"7";"05";"2021";"17:00";"1";"05";"05061";"2";"3";"1";"3";"ABBE PASCAL  ( RUE )";"44,5559300000";"6,0758100000"
"202100040498";"10";"05";"2021";"18:35";"1";"75";"75115";"2";"1";"1";"3";"PORTE DE SEVRES";"48,8337860000";"2,2770520000"
"202100040499";"10";"05";"2021";"15:00";"1";"75";"75116";"2";"1";"1";"4";"PORTE DAUPHINE";"48,8704830000";"2,2725290000"
"202100040500";"10";"05";"2021";"14:20";"1";"75";"75117";"2";"1";"1";"3";"PORTE D ASNIERES";"48,8926100000";"2,3024620000"
"202100040501";"10";"05";"2021";"14:26";"1";"75";"75112";"2";"2";"7";"3";"RUE DE CHARENTON";"48,8372920000";"2,3912270000"
"202100040502";"10";"05";"2021";"05:38";"1";"75";"75105";"2";"7";"2";"3";"QUAI SAINT MICHEL";"48,8537430000";"2,3443020000"
"202100040503";"10";"05";"2021";"11:00";"1";"75";"75120";"2";"1";"1";"3";"AVENUE DU PROFESSEUR ANDRE LEMIERE";"48,8551680000";"2,4152260000"
"202100040504";"10";"05";"2021";"15:15";"1";"75";"75119";"2";"7";"8";"3";"PLACE AUGUSTE BARON";"48,9007550000";"2,3870180000"
"202100040505";"10";"05";"2021";"14:40";"1";"75";"75119";"2";"2";"1";"3";"RUE SIGMUND FREUD";"48,8820100000";"2,4025110000"
"202100040506";"10";"05";"2021";"12:55";"1";"75";"75119";"2";"1";"1";"3";"RUE DE TANGER";"48,8872310000";"2,3699890000"
"202100040507";"10";"05";"2021";"16:15";"1";"75";"75118";"2";"2";"1";"3";"RUE ORDENER";"48,8919900000";"2,3516220000"
"202100040508";"10";"05";"2021";"14:50";"1";"75";"75118";"2";"2";"1";"6";"RUE JEAN HENRI FABRE";"48,9010970000";"2,3351480000"
"202100040509";"10";"05";"2021";"11:05";"1";"75";"75117";"2";"2";"1";"6";"AVENUE DE WAGRAM";"48,8832750000";"2,3019460000"
"202100040510";"10";"05";"2021";"16:10";"1";"75";"75116";"2";"1";"1";"3";"RUE DE VARIZE";"48,8419940000";"2,2573360000"
"202100040511";"9";"05";"2021";"23:45";"5";"75";"75114";"2";"2";"1";"3";"RUE FROIDEVAUX";"48,8349730000";"2,3298470000"
"202100040512";"10";"05";"2021";"13:30";"1";"75";"75111";"2";"3";"1";"6";"RUE DES BLUETS";"48,8643620000";"2,3818140000"
"202100040513";"10";"05";"2021";"11:45";"1";"75";"75101";"2";"4";"1";"3";"RUE ETIENNE MARCEL";"48,8638440000";"2,3490820000"
"202100040514";"10";"05";"2021";"12:20";"1";"75";"75101";"2";"3";"1";"1";"BOULEVARD DE SEBASTOPOL";"48,8612070000";"2,3497180000"
"202100040515";"9";"05";"2021";"19:10";"2";"94";"94041";"2";"1";"2";"6";"LENINE (R)";"48,8177100000";"2,3973100000"
"202100040516";"10";"05";"2021";"17:20";"1";"94";"94021";"2";"9";"8";"6";"Avenue de Stalingrad";"48,7693000000";"2,3678500000"
"202100040517";"10";"05";"2021";"04:30";"5";"94";"94034";"2";"9";"2";"2";"Avenue de la Division Leclerc";"48,7574710000";"2,3276800000"
"202100040518";"9";"05";"2021";"10:10";"1";"94";"94021";"2";"1";"8";"6";"JEAN MERMOZ (BD)";"48,7686972359";"2,3370194435"
"202100040519";"9";"05";"2021";"01:13";"3";"94";"94028";"2";"1";"1";"6";"Av du General Pierre Billotte";"48,7731100000";"2,4580700000"
"202100040520";"7";"05";"2021";"18:45";"1";"91";"91479";"2";"1";"1";"2";"DE L'AEROPORT ( AVENUE)";"48,7341500000";"2,3658460000"
"202100040521";"10";"05";"2021";"04:00";"5";"94";"94077";"2";"1";"3";"7";"REPUBLIQUE (AV DE LA)";"48,7309000000";"2,4248500000"
"202100040522";"3";"05";"2021";"08:45";"1";"94";"94017";"2";"1";"1";"6";"PATAY (R DE)";"48,8222400000";"2,4979300000"
"202100040523";"10";"05";"2021";"07:25";"1";"94";"94070";"2";"1";"2";"4";"Route de Paris";"48,7183500000";"2,5691930000"
"202100040524";"10";"05";"2021";"18:25";"1";"93";"93059";"2";"1";"1";"3";"LENINE (AVENUE) NÂ°36 AU 120 ET NÂ°45 AU 1";"48,9570900000";"2,3583600000"
"202100040525";"9";"05";"2021";"00:30";"5";"93";"93010";"2";"9";"1";"3";"GALLIENI (AV.) DE 1 A 109";"48,9052660000";"2,4743360000"
"202100040526";"10";"05";"2021";"19:10";"1";"93";"93005";"2";"2";"1";"3";"Rue Jules Princet / Avenue Anatole France";"48,9358300000";"2,4938700000"
"202100040527";"10";"05";"2021";"18:50";"1";"93";"93001";"2";"1";"2";"6";"Mail Benoit Frachon";"48,9148930000";"2,3755930000"
"202100040528";"10";"05";"2021";"14:15";"1";"92";"92075";"2";"1";"1";"7";"PASTEUR (RUE)";"48,8246500000";"2,2926600000"
"202100040529";"10";"05";"2021";"16:51";"1";"92";"92072";"2";"7";"1";"3";"MANUFACTURE NATIONALE (PLACE DE LA)";"48,8291900000";"2,2240800000"
"202100040530";"10";"05";"2021";"08:20";"1";"92";"92033";"2";"3";"2";"6";"MARQUIS DE MORES";"48,8512839985";"2,1922825836"
"202100040531";"5";"05";"2021";"04:42";"5";"92";"92063";"2";"3";"2";"2";"BONAPARTE (AVENUE NAPOLEON) SUD";"48,8747417694";"2,1677666903"
"202100040532";"9";"05";"2021";"17:50";"1";"92";"92050";"2";"1";"1";"3";"FRACHON BENOIT AVENUE";"48,8961800000";"2,1950000000"
"202100040533";"10";"05";"2021";"16:30";"1";"92";"92040";"2";"1";"1";"6";"GALLIENI (BOULEVARD)";"48,8322961266";"2,2671572782"
"202100040534";"9";"05";"2021";"18:40";"1";"92";"92036";"2";"3";"1";"6";"COUTURE D'AUXERRE (RUE DE LA) (27/139)";"48,9279300000";"2,2882700000"
"202100040535";"10";"05";"2021";"19:49";"1";"92";"92024";"2";"1";"1";"4";"CLICHY (QUAI DE) DE (8 A 60)";"48,9045475127";"2,2921836376"
"202100040536";"30";"04";"2021";"18:45";"1";"92";"92004";"2";"3";"1";"6";"JEAN DUSSOURD";"48,9070900000";"2,2915000000"
"202100040537";"11";"05";"2021";"08:00";"1";"2A";"2A128";"1";"1";"3";"6";"lieu dit la tarenchella";"41,6407640000";"9,0084240000"
"202100040538";"9";"05";"2021";"17:15";"1";"73";"73156";"1";"1";"8";"6";"D42 Che de la Ceniere";"45,6448940000";"5,7919540000"
"202100040539";"8";"05";"2021";"10:50";"1";"73";"73085";"1";"1";"1";"7";"D914 Route de Portout";"45,8068099831";"5,8463194319"
"202100040540";"9";"05";"2021";"03:45";"3";"09";"09019";"2";"1";"1";"6";"261 Soula d'En Haut";"43,1430610000";"1,4349850000"
"202100040541";"9";"05";"2021";"14:00";"1";"974";"97404";"1";"1";"1";"1";"Route des Sables";" -21,2802990000";"55,3731340000"
"202100040542";"10";"05";"2021";"15:40";"1";"972";"97222";"1";"3";"1";"3";"N1";"14,6702920000";" -60,9553540000"
"202100040543";"8";"05";"2021";"11:55";"1";"972";"97221";"2";"1";"2";"1";"Thoraille";"14,5144710000";" -60,9621990000"
"202100040544";"11";"05";"2021";"08:45";"1";"29";"29010";"1";"1";"1";"2";"RN 12  PK 044.500";"48,5062270000";" -4,1243790000"