"Num_Acc";"jour";"mois";"an";"hrmn";"lum";"dep";"com";"agg";"int";"atm";"col";"adr";"lat";"long"
"202100040545";"10";"05";"2021";"19:50";"2";"58";"58227";"1";"1";"2";"1";"Route de Saint Fargeau";"47,5818960000";"3,0784030000"
"202100040546";"11";"05";"2021";"17:19";"1";"38";"38373";"2";"2";"3";"3";"D12a";"45,3662450000";"5,5530100000"
"202100040547";"11";"05";"2021";"10:29";"1";"62";"62258";"1";"1";"1";"6";"D101";"50,3573540000";"2,2407120000"
"202100040548";"11";"05";"2021";"15:00";"1";"31";"31203";"2";"1";"1";"6";"Route de Plaisance";"43,5209960000";"1,3156110000"
"202100040549";"10";"05";"2021";"11:45";"1";"57";"57235";"2";"1";"2";"6";"Rue Notre Dame";"49,2857230000";"6,5033240000"
"202100040550";"7";"05";"2021";"16:30";"1";"19";"19113";"1";"1";"1";"1";"Manzagol";"45,3959600000";"2,3024990000"
"202100040551";"7";"04";"2021";"19:45";"1";"65";"65062";"2";"1";"1";"2";"D817";"43,2006160000";"0,1307900000"
"202100040552";"9";"05";"2021";"16:15";"1";"63";"63214";"1";"1";"6";"7";"D751A";"45,7026280000";"3,1987810000"
"202100040553";"10";"05";"2021";"10:30";"1";"76";"76618";"1";"1";"1";"3";"D26";"49,9511160000";"1,2444430000"
"202100040554";"10";"05";"2021";"13:43";"1";"35";"35204";"2";"1";"1";"6";"Rue de Vern";"48,0422830000";" -1,5488580000"
"202100040555";"11";"05";"2021";"12:45";"1";"14";"14578";"1";"9";"1";"1";"D579";"49,3694620000";"0,2048220000"
"202100040556";"11";"05";"2021";"06:35";"2";"83";"83012";"2";"1";"2";"6";"route de marseille";"43,5520160000";"6,0046290000"
"202100040557";"22";"03";"2021";"17:55";"1";"64";"64283";"2";"1";"1";"7";"route de Mandos";"43,1994390000";" -1,2007870000"
"202100040558";"9";"05";"2021";"16:30";"1";"21";"21009";"1";"2";"1";"3";"D906";"47,1860822679";"4,3985611700"
"202100040559";"8";"05";"2021";"16:50";"1";"40";"40268";"1";"1";"7";"6";"D12";"43,5200950000";" -1,2861760000"
"202100040560";"10";"05";"2021";"20:00";"1";"17";"17322";"1";"1";"1";"6";"lieu dit La maisonnette";"46,2668840000";" -0,8289100000"
"202100040561";"11";"05";"2021";"05:30";"5";"87";"87030";"1";"1";"3";"6";"Pont de la gorre";"45,8522690000";"0,8640360000"
"202100040562";"11";"05";"2021";"15:45";"1";"52";"52123";"1";"1";"1";"1";"N67";"48,5023349228";"5,1042510769"
"202100040563";"3";"05";"2021";"07:45";"1";"24";"24370";"2";"1";"1";"6";"Rue du Grand Cordon";"44,8443530000";"0,1497990000"
"202100040564";"10";"05";"2021";"13:00";"1";"34";"34022";"1";"1";"3";"2";"A709";"43,6702530000";"4,0108510000"
"202100040565";"10";"05";"2021";"13:25";"1";"33";"33005";"2";"9";"1";"3";"Avenue de Gascogne";"44,7320060000";" -1,0776420000"
"202100040566";"7";"05";"2021";"19:45";"5";"971";"97118";"2";"1";"1";"7";"Chemin de Montebello";"16,1755900000";" -61,5977240000"
"202100040567";"10";"05";"2021";"13:45";"1";"971";"97134";"2";"2";"1";"3";"Avenue du General de Gaulle";"16,0598735216";" -61,7667621374"
"202100040568";"10";"05";"2021";"22:50";"5";"84";"84003";"2";"1";"1";"6";"avenue de la libÃ©ration";"43,8789110000";"5,3760200000"
"202100040569";"8";"05";"2021";"11:45";"1";"71";"71360";"1";"1";"1";"7";"Route de Chevigne";"46,3190740000";"4,7412230000"
"202100040570";"11";"05";"2021";"18:15";"1";"88";"88219";"2";"9";"2";"3";"D19";"48,4500480000";"5,6791380000"
"202100040571";"9";"05";"2021";"11:50";"1";"57";"57659";"1";"9";"1";"1";"RD32A";"49,1892800000";"6,9558850000"
"202100040572";"11";"05";"2021";"16:00";"1";"74";"74249";"2";"1";"2";"6";"Rte de la Fin Franche";"46,3581130000";"6,6557330000"
"202100040573";"9";"05";"2021";"06:00";"2";"73";"73047";"1";"1";"1";"6";"RD 902";"45,3620750000";"7,0344290000"
"202100040574";"11";"05";"2021";"15:10";"1";"38";"38468";"1";"1";"1";"7";"D51";"45,3395700000";"4,7981300000"
"202100040575";"9";"05";"2021";"12:30";"1";"09";"09244";"1";"1";"1";"6";"D119";"43,0763330000";"1,7753860000"
"202100040576";"11";"05";"2021";"07:25";"1";"86";"86255";"1";"1";"2";"3";"D148";"46,1572130000";"0,3355980000"
"202100040577";"4";"05";"2021";"15:15";"1";"76";"76250";"1";"1";"1";"7";"Route du Ponant";"49,5623516583";"0,3032083984"
"202100040578";"10";"05";"2021";"17:30";"1";"13";"13055";"1";"1";"2";"7";"A507 sens Marseille - Aubagne";"43,3197020000";"5,4224520000"
"202100040579";"10";"05";"2021";"16:20";"1";"13";"13071";"1";"1";"2";"4";"A7-Sens Lyon vers Marseille";"43,4036000000";"5,3431000000"
"202100040580";"10";"05";"2021";"12:30";"1";"91";"91689";"1";"1";"1";"4";"AUTOROUTE A6";"48,7292500000";"2,3141200000"
"202100040581";"6";"05";"2021";"12:05";"1";"91";"91553";"1";"1";"2";"3";"RN 104";"48,6257000000";"2,4753000000"
"202100040582";"10";"05";"2021";"06:30";"1";"94";"94034";"1";"1";"1";"3";"AUTOROUTE A86";"48,7579000000";"2,3356000000"
"202100040583";"10";"05";"2021";"01:30";"4";"92";"92025";"1";"1";"2";"6";"A86";"48,9354125442";"2,2611899740"
"202100040584";"10";"05";"2021";"07:30";"1";"94";"94015";"1";"1";"8";"4";"A4";"48,8329741531";"2,5336492518"
"202100040585";"14";"01";"2021";"08:00";"1";"28";"28418";"1";"1";"8";"7";"DÃ©partemantale 127 PK 31 + 700";"48,1532270000";"1,5034510000"
"202100040586";"9";"05";"2021";"06:45";"1";"988";"98818";"2";"3";"1";"1";"AVENUE JAMES COOK/RUE DU C. A.JOSEPH BOUZET";" -22,2668600000";"166,4144900000"
"202100040587";"8";"05";"2021";"07:05";"1";"988";"98818";"2";"3";"1";"3";"RUE DU DOCTEUR ESCHEMBRENNER/AVENUE JAMES COOK";" -22,2617300000";"166,4006300000"
"202100040588";"7";"05";"2021";"17:50";"5";"988";"98818";"2";"3";"1";"6";"RUE JACQUES IEKAWE/RUE CIRCULAIRE";" -22,2400200000";"166,4717000000"
"202100040589";"4";"05";"2021";"16:23";"1";"988";"98818";"2";"3";"2";"3";"RUE AUGUSTE BENEBIG/RUE ALBERT 1ER";" -22,2714900000";"166,4515500000"
"202100040590";"9";"05";"2021";"13:40";"1";"974";"97409";"1";"1";"1";"3";"CAMBUSTON (rue de)";" -20,9323221000";"55,6509089470"
"202100040591";"8";"05";"2021";"21:50";"5";"973";"97302";"2";"1";"1";"3";"BADUEL (ROUTE DE)";"4,9323783147";" -52,3081268568"
"202100040592";"9";"05";"2021";"19:57";"2";"69";"69383";"2";"2";"1";"3";"ALBERT THOMAS (CR)";"45,7466782260";"4,8681208491"
"202100040593";"9";"05";"2021";"17:20";"1";"69";"69199";"2";"3";"1";"3";"MARCEL SEMBAT (R)";"45,7115800000";"4,8443800000"
"202100040594";"8";"05";"2021";"19:45";"1";"69";"69387";"2";"1";"1";"3";"BERTHELOT                           (AV)";"45,7436000000";"4,8465600000"
"202100040595";"9";"05";"2021";"13:45";"1";"972";"97213";"1";"9";"1";"7";"ROUTE NATIONALE 1";"14,6198300000";" -60,9947000000"
"202100040596";"9";"05";"2021";"10:43";"1";"972";"97224";"1";"1";"1";"7";"ROUTE DEPARTEMENTALE 14";"14,6532550000";" -61,0337220000"
"202100040597";"8";"05";"2021";"12:44";"1";"69";"69384";"2";"1";"1";"2";"BIRMINGHAM (DE)                     (AV)";"45,7746800000";"4,8124900000"
"202100040598";"8";"05";"2021";"12:30";"1";"971";"97105";"2";"1";"1";"2";"FELIX EBOUE (BOULVARD G.GENERAL)";"15,9921451270";" -61,7281651497"
"202100040599";"9";"05";"2021";"15:30";"1";"95";"95019";"2";"1";"1";"3";"JAURES JEAN (RUE)";"48,9949300000";"2,4193800000"
"202100040600";"9";"05";"2021";"22:45";"5";"91";"91103";"1";"2";"1";"3";"RUE DE VALORGE";"48,6158830000";"2,2842560000"
"202100040601";"8";"05";"2021";"17:15";"1";"83";"83069";"1";"9";"1";"3";"AEROPORT (AVENUE DE L')";"43,0846300000";"6,1484400000"
"202100040602";"9";"05";"2021";"16:40";"1";"76";"76498";"2";"3";"1";"3";"HUGO. RUE VICTOR";"49,4235500000";"1,0640500000"
"202100040603";"8";"05";"2021";"16:50";"1";"74";"74010";"2";"1";"1";"2";"MARQUISATS (AVENUE DES)";"45,8836764518";"6,1420655251"
"202100040604";"9";"05";"2021";"16:54";"1";"68";"68256";"2";"1";"1";"1";"TUILERIES (QUARTIERS DES)";"47,7683500000";"7,3125500000"
"202100040605";"9";"05";"2021";"15:55";"1";"64";"64249";"2";"1";"1";"3";"GETARIA(AVENUE)";"43,4204390000";" -1,6070730000"
"202100040606";"24";"04";"2021";"19:00";"1";"62";"62765";"2";"1";"1";"6";"CALAIS (RUE DE..NÂ°01 A 33 ET 02 A 30)";"50,7529330000";"2,2512970000"
"202100040607";"9";"05";"2021";"21:20";"5";"59";"59360";"2";"2";"8";"3";"FOCH RUE DU MARECHAL";"50,6141943193";"3,0111041216"
"202100040608";"9";"05";"2021";"20:50";"5";"49";"49007";"2";"1";"1";"2";"CHAPEAU DE GENDARME";"47,4507900000";" -0,5561000000"
"202100040609";"9";"05";"2021";"15:33";"1";"47";"47215";"1";"1";"1";"7";"RD 226";"44,3785080000";"0,6830840000"
"202100040610";"9";"05";"2021";"18:25";"1";"33";"33529";"2";"1";"3";"7";"N/A";"44,6054600000";" -1,2006200000"
"202100040611";"9";"05";"2021";"16:15";"1";"33";"33529";"1";"1";"8";"7";"Le Petit Nice Pyla";"44,5592400000";" -1,2400900000"
"202100040612";"9";"05";"2021";"02:05";"3";"29";"29151";"1";"1";"1";"7";"N12 - Viaduc";"48,5937355883";" -3,8351888660"
"202100040613";"8";"05";"2021";"17:00";"1";"29";"29039";"1";"1";"8";"6";"N165 - ";"47,9373400000";" -3,9135300000"
"202100040614";"9";"05";"2021";"16:30";"1";"13";"13205";"2";"2";"1";"3";"SAINTE CECILE (RUE)";"43,2881850000";"5,3952170000"
"202100040615";"8";"05";"2021";"23:52";"5";"13";"13208";"2";"1";"1";"6";"TUNNEL PRADO SUD";"43,2725300000";"5,3914980000"
"202100040616";"8";"05";"2021";"19:00";"1";"13";"13208";"2";"1";"1";"5";"MICHELET (BOULEVARD)";"43,2628230000";"5,3967860000"
"202100040617";"8";"05";"2021";"17:25";"1";"13";"13028";"2";"1";"1";"4";"CD.559";"43,1930800000";"5,6026400000"
"202100040618";"9";"05";"2021";"09:15";"1";"13";"13004";"2";"9";"1";"3";"AV DOC ROBERT MOREL";"43,6818000000";"4,6084700000"
"202100040619";"7";"05";"2021";"14:00";"1";"12";"12083";"2";"2";"1";"3";"GENERAL ARTOUS (DU)";"44,5244800000";"2,2807400000"
"202100040620";"9";"05";"2021";"14:33";"1";"06";"06088";"2";"3";"1";"1";"CESSOLE (BD DE) (A PARTIR DU 101-114)";"43,7243280000";"7,2497350000"
"202100040621";"9";"05";"2021";"12:00";"1";"06";"06088";"2";"1";"1";"6";"SARAMITO (AV. GEN.)";"43,7403200000";"7,3074300000"
"202100040622";"8";"05";"2021";"17:25";"1";"06";"06069";"2";"1";"1";"3";"CLAVARY (CHEMIN DE)";"43,6198900000";"6,9335500000"
"202100040623";"8";"05";"2021";"17:40";"1";"75";"75113";"2";"1";"1";"3";"PORTE D ITALIE";"48,8162240000";"2,3639410000"
"202100040624";"9";"05";"2021";"13:20";"1";"75";"75120";"2";"1";"1";"2";"PORTE DE MONTREUIL";"48,8563440000";"2,4139230000"
"202100040625";"8";"05";"2021";"18:55";"1";"75";"75120";"2";"6";"1";"2";"AVENUE GAMBETTA";"48,8649650000";"2,3955470000"
"202100040626";"9";"05";"2021";"11:20";"1";"75";"75119";"2";"2";"1";"3";"RUE DE BELLEVILLE";"48,8754630000";"2,3990100000"
"202100040627";"9";"05";"2021";"16:25";"1";"75";"75115";"2";"3";"1";"6";"AVENUE ALBERT BARTHOLOME";"48,8290850000";"2,2932690000"
"202100040628";"9";"05";"2021";"14:10";"1";"75";"75114";"2";"1";"1";"3";"AVENUE DU GENERAL LECLERC";"48,8261700000";"2,3262630000"
"202100040629";"9";"05";"2021";"20:54";"1";"75";"75113";"2";"2";"8";"3";"PONT CHARLES DE GAULLE";"48,8419090000";"2,3679070000"
"202100040630";"9";"05";"2021";"18:45";"1";"94";"94052";"2";"9";"8";"3";"STRASBOURG (BD DE)";"48,8358000000";"2,4746000000"
"202100040631";"9";"05";"2021";"20:10";"2";"94";"94017";"2";"1";"1";"3";"Boulevard de Stalingrad";"48,8222400000";"2,4979300000"
"202100040632";"9";"05";"2021";"19:45";"1";"93";"93066";"2";"1";"1";"1";"Boulevard Anatole France";"48,9199290000";"2,3436250000"
"202100040633";"9";"05";"2021";"15:00";"1";"93";"93031";"2";"1";"1";"3";"Avenue Joffre";"48,9607340000";"2,2973650000"
"202100040634";"8";"05";"2021";"23:30";"5";"93";"93057";"1";"1";"1";"2";"BRIAND ( AV. ARISTIDE) 134 A 212";"48,9094140000";"2,5047420000"
"202100040635";"9";"05";"2021";"19:21";"1";"93";"93007";"2";"5";"1";"3";"HENRI BARBUSSE (AVENUE)";"48,9395414801";"2,4618212874"
"202100040636";"9";"05";"2021";"13:00";"1";"93";"93005";"2";"1";"1";"6";"Rue Louis Saillant";"48,9527900000";"2,4765380000"
"202100040637";"9";"05";"2021";"16:20";"1";"92";"92051";"2";"5";"1";"1";"BOURDON (BOULEVARD)";"48,8935383430";"2,2676266730"
"202100040638";"10";"05";"2021";"08:00";"1";"95";"95052";"2";"6";"1";"6";"Rond point du mÃ©tronome";"49,1377378545";"2,2721314430"
"202100040639";"8";"05";"2021";"10:40";"1";"11";"11036";"1";"1";"1";"6";"D 613";"42,8464340000";"2,1011510000"
"202100040640";"9";"05";"2021";"23:56";"3";"12";"12053";"1";"1";"2";"6";"D24";"44,4506430000";"1,9386790000"
"202100040641";"10";"05";"2021";"05:30";"3";"24";"24264";"1";"3";"8";"3";"plaisance";"45,0120410000";"0,0777520000"
"202100040642";"9";"05";"2021";"20:20";"5";"973";"97353";"2";"1";"3";"7";"Route de l'Aeroport";"3,6470720000";" -54,0320440000"
"202100040643";"8";"05";"2021";"17:50";"1";"71";"71075";"1";"1";"7";"3";"Lieu Dit les Vignes";"46,6018600000";"3,8555870000"
"202100040644";"9";"05";"2021";"19:50";"2";"31";"31446";"2";"1";"2";"6";"Boulevard FranÃ§ois Mitterrand (Pont)";"43,5477200000";"1,4797530000"
"202100040645";"29";"04";"2021";"16:50";"1";"57";"57210";"1";"1";"1";"7";"pk 038.500";"48,8513310000";"6,9831630000"
"202100040646";"8";"05";"2021";"07:35";"1";"972";"97229";"2";"6";"1";"6";"Anse Gouraud";"14,6094260000";" -61,0970360000"
"202100040647";"8";"05";"2021";"12:45";"1";"17";"17264";"2";"9";"1";"1";"Rue ClÃ©ment  MAROT";"46,2023720000";" -1,1747270000"
"202100040648";"8";"05";"2021";"17:30";"1";"58";"58213";"1";"1";"1";"7";"Villaines";"47,4177360000";"3,0253170000"
"202100040649";"9";"05";"2021";"14:50";"1";"38";"38373";"1";"1";"6";"7";"Chemin des Croix";"45,3512600000";"5,5605800000"
"202100040650";"9";"05";"2021";"16:30";"1";"65";"65303";"1";"1";"1";"7";"D817";"43,1964790000";"0,1656960000"
"202100040651";"10";"05";"2021";"14:00";"1";"23";"23140";"1";"1";"1";"3";"RD 990";"45,9272740000";"2,1899910000"
"202100040652";"8";"05";"2021";"22:25";"5";"19";"19123";"1";"1";"1";"6";"RD 44";"45,1818043437";"1,5762799285"
"202100040653";"10";"05";"2021";"17:20";"1";"76";"76166";"1";"2";"1";"7";"D929";"49,7497526769";"1,6031003371"
"202100040654";"10";"05";"2021";"16:30";"1";"2A";"2A271";"1";"1";"1";"3";"RT 20 LA CALDANICCIA";"41,9732390000";"8,8216140000"
"202100040655";"8";"05";"2021";"05:40";"2";"80";"80240";"2";"1";"2";"7";"D937";"49,9285510000";"2,9596330000"
"202100040656";"9";"05";"2021";"15:00";"1";"32";"32005";"1";"4";"1";"6";"intersection CD 108/ CD 25";"43,7273210000";" -0,0337740000"
"202100040657";"8";"05";"2021";"16:45";"1";"11";"11304";"1";"1";"1";"6";"D117";"42,8798790000";"2,1638990000"
"202100040658";"8";"05";"2021";"11:50";"1";"63";"63264";"1";"1";"1";"7";"d983 pk 16+870";"45,6180150000";"2,8241300000"
"202100040659";"9";"05";"2021";"18:45";"1";"49";"49097";"1";"2";"8";"3";"D 109";"47,5910350000";" -0,2179560000"
"202100040660";"10";"05";"2021";"08:55";"1";"34";"34094";"1";"1";"2";"1";"D15";"43,4364830000";"3,2585620000"
"202100040661";"10";"05";"2021";"14:10";"1";"68";"68068";"1";"1";"2";"1";"Rue de BÃ¢le";"47,6306540000";"7,1352390000"
"202100040662";"22";"02";"2021";"20:00";"3";"22";"22128";"2";"1";"1";"7";"Goaz TÃ©riot";"48,3151620000";" -3,3732870000"
"202100040663";"9";"05";"2021";"12:00";"1";"25";"25104";"1";"1";"1";"7";"Rue de Bartherans";"47,0073870000";"5,9036280000"
"202100040664";"9";"05";"2021";"13:20";"1";"44";"44084";"2";"1";"1";"6";"11 AllÃ©e du BÃ©arn";"47,2373080000";" -1,3511300000"
"202100040665";"10";"05";"2021";"07:30";"1";"44";"44046";"1";"4";"7";"1";"Le Tertre";"47,2677176653";" -2,1126580238"
"202100040666";"8";"05";"2021";"08:50";"1";"29";"29191";"1";"2";"2";"3";"Lieu Dit Meshir";"48,5179440000";" -3,7126280000"
"202100040667";"10";"05";"2021";"07:40";"1";"02";"02379";"2";"1";"8";"6";"CD 967";"49,8196840000";"3,6435770000"
"202100040668";"9";"05";"2021";"18:56";"1";"50";"50003";"2";"1";"1";"7";"Hippodrome";"49,0501660000";" -1,5948040000"
"202100040669";"10";"05";"2021";"09:50";"1";"50";"50032";"1";"2";"1";"5";"Les Chasses";"49,1149780000";" -1,0022370000"
"202100040670";"10";"05";"2021";"08:20";"1";"83";"83012";"1";"1";"2";"6";"Route de Draguignan PK 40.650";"43,5598690000";"6,0173110000"
"202100040671";"9";"05";"2021";"14:10";"1";"09";"09182";"1";"1";"8";"7";"RD 318";"42,8862293720";"1,3642383839"
"202100040672";"9";"05";"2021";"15:45";"1";"73";"73010";"1";"1";"1";"6";"D58 Rte de la Nephaz";"45,8187510000";"5,9031960000"
"202100040673";"9";"05";"2021";"10:25";"1";"73";"73010";"1";"1";"1";"6";"D49 Rte de Saint Girod (Mognard)";"45,7520030000";"5,9420180000"
"202100040674";"8";"05";"2021";"16:20";"1";"43";"43162";"1";"3";"1";"3";"Pailharon";"45,1824910000";"4,0517660000"
"202100040675";"9";"05";"2021";"20:25";"2";"10";"10274";"1";"1";"1";"7";"7";"48,4370310000";"3,8156460000"
"202100040676";"7";"05";"2021";"15:50";"1";"10";"10140";"2";"1";"1";"3";"6 Rue Pierre Pithou";"48,0387350000";"3,9056370000"
"202100040677";"8";"05";"2021";"19:00";"1";"53";"53143";"1";"3";"1";"6";"Sauloup - D 233";"47,9756880000";" -0,6774940000"
"202100040678";"10";"05";"2021";"10:30";"1";"85";"85050";"2";"2";"1";"3";"Rue de l'HÃ´tel de Ville";"46,5070100000";" -1,3468700000"
"202100040679";"9";"05";"2021";"19:30";"1";"85";"85047";"2";"1";"2";"6";"42 Rue de la PoctiÃ¨re";"46,8443620000";" -1,8639930000"
"202100040680";"9";"05";"2021";"08:40";"1";"85";"85093";"1";"1";"1";"2";"RD 948 - PR 018.500";"46,6531600000";" -1,2305200000"
"202100040681";"7";"05";"2021";"19:00";"1";"27";"27137";"1";"3";"1";"1";"D926";"48,7507876993";"0,7640440226"
"202100040682";"10";"05";"2021";"17:30";"1";"28";"28046";"1";"1";"1";"1";"D941 - PK 5 +150";"48,6638380000";"0,9125140000"
"202100040683";"8";"05";"2021";"15:50";"1";"37";"37052";"2";"1";"1";"3";"102 route d'Amboise";"47,4482299544";"0,9000688027"
"202100040684";"9";"05";"2021";"17:30";"1";"67";"67388";"2";"1";"1";"7";"17 Rue de la Vallee Nehwiller";"48,9656080000";"7,7014380000"
"202100040685";"6";"05";"2021";"16:15";"1";"76";"76533";"1";"9";"2";"3";"A29";"49,4838090000";"0,2630710000"
"202100040686";"8";"05";"2021";"20:10";"2";"34";"34153";"1";"1";"1";"7";"RD 986";"43,7398170000";"3,7776230000"
"202100040687";"10";"05";"2021";"05:30";"2";"68";"68021";"1";"1";"1";"2";"a 35 pk 117+200";"47,6416180000";"7,4972300000"
"202100040688";"9";"05";"2021";"02:23";"3";"987";"98745";"1";"1";"3";"7";"Murifenua";" -16,6004520000";" -151,5402330000"
"202100040689";"5";"05";"2021";"18:00";"3";"988";"98817";"1";"1";"1";"7";"ROUTE DE MOUIRANGE";" -22,2170660000";"166,6664390000"
"202100040690";"9";"05";"2021";"14:00";"1";"971";"97116";"2";"1";"1";"3";"Rue du Cimetiere";"16,3292980000";" -61,4610870000"
"202100040691";"9";"05";"2021";"18:40";"1";"66";"66041";"1";"9";"8";"1";"RD 117";"42,7725760000";"2,7854550000"
"202100040692";"9";"05";"2021";"18:50";"1";"13";"13042";"1";"1";"1";"2";"Avenue de la 1 Eme Division Blindee";"43,2822550000";"5,6267650000"
"202100040693";"7";"05";"2021";"17:30";"1";"13";"13096";"1";"1";"1";"6";"D570";"43,5582830000";"4,4168900000"
"202100040694";"10";"05";"2021";"12:00";"1";"70";"70279";"1";"1";"2";"1";"D67";"47,4287770000";"5,6080810000"
"202100040695";"8";"05";"2021";"09:45";"1";"68";"68223";"2";"3";"1";"3";"route du Gascnhey";"48,0273470000";"7,0793260000"
"202100040696";"9";"05";"2021";"13:40";"1";"57";"57006";"1";"1";"1";"7";"Rue de Wiesviller";"49,0589320000";"7,1726670000"
"202100040697";"9";"05";"2021";"14:50";"1";"73";"73051";"1";"1";"1";"1";"D42";"45,6509123412";"5,8243551429"
"202100040698";"2";"05";"2021";"18:10";"1";"26";"26156";"1";"1";"1";"7";"935 Route des MÃ©jeans";"45,1212790000";"4,8560640000"
"202100040699";"10";"05";"2021";"17:15";"1";"69";"69197";"1";"1";"3";"3";"D49";"46,0565860000";"4,6337950000"
"202100040700";"8";"04";"2021";"15:00";"1";"31";"31421";"1";"1";"1";"2";"d820";"43,4837950000";"1,3911310000"
"202100040701";"8";"05";"2021";"17:48";"1";"13";"13106";"1";"1";"1";"5";"A51-Sens Marseille vers Aix en Provence";"43,4032500000";"5,3569600000"
"202100040702";"8";"05";"2021";"01:10";"3";"13";"13071";"1";"1";"1";"2";"A7-Sens Lyon vers Marseille";"43,4049200000";"5,3391300000"
"202100040703";"7";"05";"2021";"21:30";"5";"13";"13055";"1";"1";"1";"2";"A507 sens Marseille - Aubagne";"43,2881164243";"5,4246497154"
"202100040704";"7";"05";"2021";"19:00";"1";"13";"13211";"1";"1";"1";"2";"A50-Sens Marseille vers Aubagne";"43,2928736354";"5,4761910439"
"202100040705";"8";"05";"2021";"23:10";"3";"69";"69029";"1";"1";"1";"2";"RD383   7.640 A 11.044";"45,7307700000";"4,8990500000"
"202100040706";"9";"05";"2021";"17:00";"1";"33";"33096";"1";"1";"2";"4";"Autoroute A10";"44,8907232449";" -0,5025315555"
"202100040707";"9";"05";"2021";"15:20";"1";"91";"91689";"1";"1";"1";"4";"AUTOROUTE A6";"48,7291700000";"2,3144100000"
"202100040708";"9";"05";"2021";"12:40";"1";"94";"94038";"1";"1";"1";"2";"AUTOROUTE A6A";"48,7734200000";"2,3459300000"
"202100040709";"8";"05";"2021";"22:05";"3";"91";"91589";"1";"1";"1";"2";"AUTOROUTE A6";"48,6834300000";"2,3288500000"
"202100040710";"9";"05";"2021";"19:10";"1";"78";"78640";"1";"1";"1";"5";"A86 EXT";"48,7777800000";"2,2161700000"
"202100040711";"9";"05";"2021";"16:45";"1";"92";"92048";"1";"1";"1";"2";"N118";"48,8117156942";"2,2132456052"
"202100040712";"9";"05";"2021";"20:45";"1";"95";"95241";"1";"1";"1";"7";"RN 104";"49,0457200000";"2,4428800000"
"202100040713";"9";"05";"2021";"18:00";"1";"93";"93008";"1";"1";"1";"5";"AUTOROUTE A86";"48,9076100000";"2,4532900000"
"202100040714";"9";"05";"2021";"14:00";"1";"95";"95527";"1";"1";"1";"2";"A1";"48,9876200000";"2,5079700000"
"202100040715";"9";"05";"2021";"09:30";"1";"93";"93048";"1";"1";"2";"4";"AUTOROUTE A86";"48,8644400000";"2,4823600000"
"202100040716";"9";"05";"2021";"02:30";"3";"95";"95212";"1";"1";"1";"6";"RN 104";"49,0288268648";"2,5284433365"
"202100040717";"9";"05";"2021";"18:30";"1";"94";"94017";"1";"1";"1";"4";"A86.EXT";"48,8297100000";"2,4862400000"
"202100040718";"9";"05";"2021";"14:15";"1";"77";"77169";"1";"1";"1";"2";"RN104";"48,8191500000";"2,6167900000"
"202100040719";"8";"05";"2021";"13:00";"1";"988";"98818";"2";"9";"1";"3";"PARKING MUSEE MARITIME/AVENUE JAMES COOK";" -22,2678500000";"166,4338500000"
"202100040720";"7";"05";"2021";"13:30";"1";"973";"97302";"2";"1";"1";"3";"RABAN (ROUTE DE)";"4,9358100000";" -52,3146000000"
"202100040721";"9";"05";"2021";"02:00";"5";"69";"69276";"2";"1";"1";"7";"VIENNE (DE)                             ";"45,6677200000";"4,8590300000"
"202100040722";"8";"05";"2021";"14:35";"1";"69";"69383";"2";"2";"1";"1";"LACASSAGNE (AV)";"45,7528000000";"4,8696600000"
"202100040723";"8";"05";"2021";"15:30";"1";"972";"97209";"2";"1";"1";"6";"T.S.F. (BOULEVARD)";"14,6071800000";" -61,0540000000"
"202100040724";"8";"05";"2021";"10:40";"1";"972";"97209";"2";"1";"1";"6";"COLIBRI (RUE)";"14,6080500000";" -61,0592800000"
"202100040725";"7";"05";"2021";"12:00";"1";"69";"69286";"2";"1";"1";"3";"EUROPE (DE L')                      (AV)";"45,8170100000";"4,9001700000"
"202100040726";"5";"05";"2021";"14:00";"1";"69";"69034";"1";"6";"1";"6";"PIERRE TERRASSE                     (AV)";"45,7980600000";"4,8511600000"
"202100040727";"7";"05";"2021";"18:55";"1";"95";"95280";"2";"7";"1";"6";"MATHERON CLEMENT";"49,0242100000";"2,4628500000"
"202100040728";"8";"05";"2021";"22:35";"3";"78";"78172";"1";"3";"1";"3";"BRETELLE ACCES RD203/RN184";"49,0022500000";"2,0814200000"
"202100040729";"8";"05";"2021";"18:57";"1";"77";"77373";"1";"1";"1";"5";"RN 4";"48,7740100000";"2,6113900000"
"202100040730";"8";"05";"2021";"18:50";"1";"77";"77288";"2";"1";"1";"7";"D.306";"48,5570395871";"2,6386861503"
"202100040731";"8";"05";"2021";"17:10";"1";"77";"77152";"2";"1";"1";"6";"JAURES(AVENUE JEAN)";"48,5264000000";"2,6459400000"
"202100040732";"8";"05";"2021";"02:50";"5";"72";"72181";"2";"1";"1";"7";"GENESLAY FELIX (AV) ROND-POINT AERODROME";"47,9574000000";"0,1988100000"
"202100040733";"7";"05";"2021";"16:20";"1";"71";"71486";"2";"1";"1";"3";"VERDUN (BOULEVARD DE)";"46,6457400000";"4,3173100000"
"202100040734";"8";"05";"2021";"21:00";"5";"69";"69256";"2";"1";"1";"6";"CANUTS (DES) (AV)";"45,7609539661";"4,9226126075"
"202100040735";"8";"05";"2021";"20:22";"2";"69";"69266";"2";"2";"1";"6";"LEON BLUM (R)";"45,7602400000";"4,9009000000"