"Num_Acc";"jour";"mois";"an";"hrmn";"lum";"dep";"com";"agg";"int";"atm";"col";"adr";"lat";"long"
"202100040736";"8";"05";"2021";"08:43";"1";"69";"69266";"2";"6";"1";"6";"TOLSTOI (CR)";"45,7636900000";"4,8743500000"
"202100040737";"8";"05";"2021";"17:45";"1";"69";"69092";"2";"9";"1";"3";"TARARE (DE) (R)";"45,9808797512";"4,6932005882"
"202100040738";"8";"05";"2021";"18:30";"1";"64";"64545";"2";"1";"1";"3";"SOCOA (RUE DE)";"43,3859300000";" -1,6923500000"
"202100040739";"8";"05";"2021";"12:35";"1";"64";"64125";"2";"2";"1";"3";"BIARRITZ (AVENUE DE)";"43,4480900000";" -1,5809700000"
"202100040740";"7";"05";"2021";"10:15";"1";"61";"61169";"2";"1";"7";"6";" LOUIS TOUSSAINT (AVE)";"48,7433000000";" -0,5624300000"
"202100040741";"8";"05";"2021";"10:30";"1";"59";"59599";"2";"2";"2";"6";"PARIS (RUE DE)";"50,7221300000";"3,1443100000"
"202100040742";"8";"05";"2021";"11:00";"1";"59";"59009";"2";"9";"1";"3";"JAURES JEAN RUE DU 130 AU 252";"50,6650100000";"3,1404900000"
"202100040743";"8";"05";"2021";"20:16";"1";"56";"56121";"2";"3";"1";"3";"THOREZ (RUE  MAURICE )";"47,7420840000";" -3,3936337000"
"202100040744";"8";"05";"2021";"19:40";"1";"51";"51454";"2";"3";"1";"3";"Rue de Neufchatel";"49,2799400000";"4,0271100000"
"202100040745";"7";"05";"2021";"17:55";"1";"50";"50218";"2";"1";"1";"2";"VENDEENS (AV DES)";"48,8337000000";" -1,5675000000"
"202100040746";"8";"05";"2021";"12:20";"1";"38";"38151";"2";"1";"1";"3";"Avenue Victor Hugo";"45,1531000000";"5,7113000000"
"202100040747";"8";"05";"2021";"05:00";"5";"38";"38185";"2";"1";"1";"3";"Rue AimÃ© Pupin";"45,1610700000";"5,7239500000"
"202100040748";"8";"05";"2021";"17:15";"1";"35";"35238";"2";"6";"1";"2";"TREGAIN (DE)";"48,1245000000";" -1,6618400000"
"202100040749";"8";"05";"2021";"16:50";"1";"35";"35238";"2";"9";"1";"6";"BUFERON (DE)";"48,0990600000";" -1,6894900000"
"202100040750";"7";"05";"2021";"18:10";"1";"34";"34172";"2";"3";"1";"3";"PIREE (AVENUE DU)";"43,6097100000";"3,8955400000"
"202100040751";"7";"05";"2021";"20:45";"1";"33";"33119";"2";"6";"1";"3";"Avenue Carnot";"44,8656000000";" -0,5137300000"
"202100040752";"8";"05";"2021";"15:40";"1";"33";"33009";"2";"1";"1";"6";"AllÃ©e Florida";"44,6488860000";" -1,1866540000"
"202100040753";"7";"05";"2021";"12:25";"1";"31";"31149";"2";"9";"1";"2";"ESPLANADE FRANCOIS MITTERRAND ";"43,6069100000";"1,3359900000"
"202100040754";"6";"05";"2021";"09:10";"1";"30";"30189";"2";"6";"1";"3";"MITTERRAND FRANCOIS (AVENUE)";"43,8115000000";"4,3667000000"
"202100040755";"8";"05";"2021";"14:55";"1";"24";"24037";"2";"1";"1";"6";"CASSADOU (RUE 3 FRERES))";"44,8545900000";"0,4761900000"
"202100040756";"8";"05";"2021";"21:20";"5";"13";"13215";"2";"1";"1";"1";"A7";"43,3532324895";"5,3651797771"
"202100040757";"8";"05";"2021";"20:15";"1";"13";"13209";"2";"3";"1";"3";"MICHELET (BOULEVARD)";"43,2529800000";"5,4021100000"
"202100040758";"8";"05";"2021";"03:30";"5";"13";"13213";"2";"9";"1";"6";"OLIVES (AVENUE DES)";"43,3262000000";"5,4391000000"
"202100040759";"8";"05";"2021";"17:45";"1";"13";"13028";"2";"1";"1";"6";"CALANQUES (AVENUE DES)";"43,1685501509";"5,6050222382"
"202100040760";"8";"05";"2021";"18:20";"1";"10";"10321";"1";"1";"1";"7";"ROCADE OUEST (RD 610)";"48,2908800000";"4,0358900000"
"202100040761";"7";"05";"2021";"18:30";"1";"75";"75116";"2";"1";"1";"4";"BOULEVARD PERIPHERIQUE";"48,8690670000";"2,2708500000"
"202100040762";"7";"05";"2021";"16:35";"1";"75";"75112";"2";"1";"1";"2";"BOULEVARD PERIPHERIQUE";"48,8368700000";"2,4124010000"
"202100040763";"7";"05";"2021";"20:13";"2";"75";"75118";"2";"1";"1";"6";"BOULEVARD PERIPHERIQUE";"48,9008710000";"2,3562180000"
"202100040764";"8";"05";"2021";"19:50";"1";"75";"75119";"2";"1";"1";"6";"AVENUE MATHURIN MOREAU";"48,8781700000";"2,3720510000"
"202100040765";"8";"05";"2021";"17:00";"1";"75";"75119";"2";"2";"1";"2";"AVENUE DE LAUMIERE";"48,8846600000";"2,3798260000"
"202100040766";"8";"05";"2021";"05:00";"5";"75";"75117";"2";"4";"1";"7";"PORTE DE CHAMPERRET";"48,8847770000";"2,2863250000"
"202100040767";"7";"05";"2021";"21:40";"5";"75";"75116";"2";"2";"1";"3";"RUE SPONTINI";"48,8676440000";"2,2770110000"
"202100040768";"8";"05";"2021";"18:15";"1";"75";"75115";"2";"3";"1";"3";"RUE MAUBLANC";"48,8392810000";"2,3003880000"
"202100040769";"8";"05";"2021";"23:15";"3";"75";"75112";"2";"3";"1";"6";"AVENUE DES MINIMES";"48,8405280000";"2,4361570000"
"202100040770";"7";"05";"2021";"18:45";"1";"75";"75112";"2";"1";"1";"3";"AVENUE DAUMESNIL";"48,8381170000";"2,4263430000"
"202100040771";"7";"05";"2021";"18:35";"1";"75";"75112";"2";"1";"1";"4";"AVENUE DAUMESNIL";"48,8387650000";"2,3978450000"
"202100040772";"8";"05";"2021";"18:50";"1";"75";"75104";"2";"3";"1";"7";"RUE SAINT ANTOINE";"48,8548190000";"2,3624390000"
"202100040773";"8";"05";"2021";"18:15";"1";"75";"75101";"2";"3";"1";"3";"BOULEVARD DE SEBASTOPOL";"48,8629350000";"2,3507150000"
"202100040774";"7";"05";"2021";"20:45";"2";"75";"75104";"2";"3";"1";"3";"BOULEVARD BEAUMARCHAIS";"48,8539850000";"2,3689570000"
"202100040775";"8";"05";"2021";"17:05";"1";"94";"94016";"2";"1";"1";"6";"Avenue de la Division Leclerc";"48,7865500000";"2,3296000000"
"202100040776";"8";"05";"2021";"19:50";"1";"93";"93008";"2";"1";"1";"6";"JAURES (AVENUE JEAN)";"48,9111641229";"2,4369619042"
"202100040777";"8";"05";"2021";"17:15";"1";"93";"93001";"2";"2";"1";"6";"Rue Henri Barbusse / Avenue de la RÃ©publique";"48,9061360000";"2,3896310000"
"202100040778";"8";"05";"2021";"12:20";"1";"92";"92072";"2";"1";"1";"3";"EUROPE (AVENUE DE L')";"48,8237100000";"2,2112200000"
"202100040779";"8";"05";"2021";"11:00";"1";"92";"92025";"2";"2";"1";"3";"STALINGRAD (AV DE)";"48,9356600000";"2,2609500000"
"202100040780";"7";"05";"2021";"16:50";"1";"92";"92025";"2";"1";"1";"3";"HENRI BARBUSSE (AV)";"48,9210188057";"2,2526156902"
"202100040781";"9";"05";"2021";"13:55";"1";"08";"08262";"2";"3";"1";"3";"88 Avenue Pasteur";"49,5340800000";"4,4782120000"
"202100040782";"8";"05";"2021";"16:30";"1";"2A";"2A118";"1";"1";"1";"3";"Lieu dit Tipone";"41,6852360000";"8,9744250000"
"202100040783";"9";"05";"2021";"12:20";"1";"2A";"2A090";"1";"1";"1";"7";"Coggia PK 29 + 700";"42,0925460000";"8,7094440000"
"202100040784";"9";"05";"2021";"00:14";"3";"76";"76235";"1";"1";"1";"7";"D222";"49,9181330000";"1,2764330000"
"202100040785";"8";"05";"2021";"16:00";"1";"81";"81097";"1";"1";"1";"7";"D81";"43,8608500000";"2,2529210000"
"202100040786";"8";"05";"2021";"15:15";"1";"51";"51559";"2";"1";"1";"1";"Avenue du GÃ©nÃ©ral de Gaulle";"49,1213900000";"4,5424820000"
"202100040787";"7";"05";"2021";"10:50";"1";"34";"34123";"1";"1";"1";"3";"N109";"43,6053650000";"3,8132640000"
"202100040788";"8";"05";"2021";"16:20";"1";"37";"37153";"1";"1";"1";"2";"A10 - PEAGE DE MONNAIE";"47,4904767337";"0,8195414544"
"202100040789";"8";"05";"2021";"20:32";"1";"77";"77186";"1";"1";"1";"6";"D64";"48,4937110000";"2,6321370000"
"202100040790";"8";"05";"2021";"17:25";"1";"57";"57300";"1";"1";"1";"7";"D98d";"48,6927730000";"7,2107650000"
"202100040791";"9";"05";"2021";"19:15";"1";"51";"51237";"1";"1";"1";"5";"N4";"48,7179818255";"3,5207927823"
"202100040792";"7";"05";"2021";"16:45";"1";"56";"56101";"1";"3";"1";"3";"Lieu-dit Lann Menhir";"47,8571650000";" -3,1220160000"
"202100040793";"9";"05";"2021";"16:45";"1";"74";"74236";"1";"1";"1";"1";"1180 Av du Mont Paccard";"45,9024390000";"6,7116080000"
"202100040794";"7";"05";"2021";"16:25";"1";"67";"67136";"1";"1";"1";"6";"D340";"48,8741010000";"7,1358450000"
"202100040795";"7";"05";"2021";"11:45";"1";"76";"76317";"1";"4";"1";"7";"dÃ©partementale 10";"49,6502700000";"0,3962600000"
"202100040796";"8";"05";"2021";"10:45";"1";"65";"65257";"1";"1";"1";"6";"bretelle d'accÃ¨s Ã  la route nationale 21";"43,1614520000";" -0,0148270000"
"202100040797";"9";"05";"2021";"01:08";"3";"81";"81031";"1";"1";"1";"7";"Lieu-dit Amiguet";"43,6262600000";"2,4765160000"
"202100040798";"8";"05";"2021";"15:30";"1";"76";"76442";"1";"1";"1";"7";"Route de la poterie";"50,0082630000";"1,4664600000"
"202100040799";"8";"05";"2021";"10:50";"1";"12";"12208";"1";"1";"1";"6";"D25";"43,9562630000";"2,8250100000"
"202100040800";"8";"05";"2021";"18:10";"1";"42";"42013";"1";"3";"1";"3";"Avenue des Farges";"45,6462200000";"4,2845710000"
"202100040801";"8";"05";"2021";"11:50";"1";"46";"46316";"1";"1";"1";"6";"D6";"44,6069190000";"1,3273420000"
"202100040802";"9";"05";"2021";"14:20";"1";"68";"68082";"2";"3";"1";"2";"Rue de Castroville";"47,8660210000";"7,3415840000"
"202100040803";"9";"05";"2021";"10:30";"1";"22";"22381";"1";"1";"1";"7";"RD 786";"48,7505510000";" -3,3483950000"
"202100040804";"9";"05";"2021";"07:05";"1";"25";"25091";"1";"1";"1";"7";"D437b";"47,2775110000";"6,8245590000"
"202100040805";"5";"05";"2021";"15:40";"1";"44";"44018";"2";"1";"1";"7";"37 Route de la Roderie";"47,1465470000";" -1,6688280000"
"202100040806";"9";"05";"2021";"12:55";"1";"38";"38108";"1";"1";"1";"6";"D531";"45,0628900000";"5,4208300000"
"202100040807";"9";"05";"2021";"13:00";"1";"38";"38128";"1";"1";"1";"6";"Route de Grenoble";"44,8230800000";"5,9523500000"
"202100040808";"8";"05";"2021";"17:25";"1";"03";"03138";"2";"3";"1";"1";"Rue Marcel Deborbe";"46,2487060000";"3,6222860000"
"202100040809";"8";"05";"2021";"13:35";"1";"03";"03161";"1";"1";"1";"6";"Besseigeat";"46,1440200000";"2,6590780000"
"202100040810";"9";"05";"2021";"10:50";"1";"85";"85089";"1";"9";"1";"6";"A87";"46,7291800000";" -1,2760800000"
"202100040811";"9";"05";"2021";"15:00";"1";"70";"70147";"1";"3";"1";"2";"D9/D95";"47,5659680000";"6,6509130000"
"202100040812";"9";"05";"2021";"09:30";"1";"05";"05179";"2";"1";"1";"6";"Route des Savoyons";"44,5382250000";"5,8389840000"
"202100040813";"8";"05";"2021";"17:40";"1";"64";"64316";"1";"1";"1";"7";"RD 19 PK 4+500";"43,0209330000";" -0,9934690000"
"202100040814";"8";"05";"2021";"13:50";"1";"18";"18216";"1";"1";"1";"6";"Le Chene";"46,7506900000";"2,1243520000"
"202100040815";"8";"05";"2021";"19:30";"1";"18";"18130";"1";"1";"1";"7";"D951";"46,6529380000";"2,3766950000"
"202100040816";"8";"05";"2021";"14:30";"1";"43";"43244";"2";"1";"1";"1";"Peyrebrousson";"45,1242341390";"4,2749208212"
"202100040817";"8";"05";"2021";"17:30";"1";"43";"43163";"1";"1";"1";"7";"D184";"45,2335278597";"4,4326829910"
"202100040818";"9";"05";"2021";"02:10";"3";"53";"53139";"1";"1";"8";"6";"D113 , prÃ¨s du chemin de desserte du lieu dit LA HABERDIERE";"48,3285300000";" -0,3705420000"
"202100040819";"9";"05";"2021";"17:00";"1";"53";"53073";"1";"1";"1";"2";"La GirardiÃ¨re";"47,8012410000";" -1,0884880000"
"202100040820";"28";"04";"2021";"13:02";"1";"21";"21135";"1";"1";"2";"6";"D30";"47,4332930000";"5,3934380000"
"202100040821";"8";"05";"2021";"18:45";"1";"21";"21397";"1";"1";"1";"6";"rd23";"47,0565070000";"4,7343500000"
"202100040822";"8";"05";"2021";"10:55";"1";"85";"85114";"2";"3";"1";"3";"Rue des Calines";"46,4151760000";" -1,5670380000"
"202100040823";"9";"05";"2021";"08:45";"1";"37";"37023";"1";"1";"1";"6";"D11";"47,1867249479";"1,2239770723"
"202100040824";"9";"05";"2021";"10:30";"1";"30";"30236";"1";"1";"1";"7";"DÃ©partementale 57";"44,0464230000";"3,8705400000"
"202100040825";"8";"05";"2021";"18:30";"1";"88";"88447";"1";"1";"1";"7";"Route des Graviers";"47,9560080000";"6,7453430000"
"202100040826";"8";"05";"2021";"17:40";"1";"30";"30344";"1";"1";"1";"7";"D1";"43,7455650000";"4,2090620000"
"202100040827";"9";"05";"2021";"14:30";"1";"67";"67445";"1";"1";"1";"6";"A 35 PK 437.900";"48,2914450000";"7,4629780000"
"202100040828";"6";"05";"2021";"17:21";"1";"13";"13032";"2";"1";"1";"1";"Rue du Grand Logis";"43,5685100000";"5,3547460000"
"202100040829";"23";"04";"2021";"17:25";"1";"11";"11262";"1";"1";"1";"1";"PK 373.800";"43,1599260000";"2,9378130000"
"202100040830";"9";"05";"2021";"07:00";"1";"28";"28276";"1";"1";"1";"6";"A10";"48,2822570000";"1,8592180000"
"202100040831";"8";"05";"2021";"23:00";"5";"987";"98733";"2";"1";"1";"1";"PK 19.100 RT1 en direction de PAPARA (Face Ã  la Station MOBIL)";" -17,6694170000";" -149,5924130000"
"202100040832";"9";"05";"2021";"14:30";"1";"978";"97801";"2";"9";"1";"1";"montÃ©e de morne vallois, rn7";"18,0700520000";" -63,0752880000"
"202100040833";"8";"05";"2021";"18:00";"1";"77";"77476";"1";"1";"1";"1";"D401";"49,0412580000";"2,9560200000"
"202100040834";"9";"05";"2021";"15:35";"1";"77";"77317";"2";"1";"1";"6";"rue blaise pascal";"48,6146600000";"2,8848980000"
"202100040835";"9";"05";"2021";"09:35";"1";"95";"95039";"2";"1";"1";"6";"22 Rue de Pontoise";"49,0696085427";"2,1406134646"
"202100040836";"9";"05";"2021";"11:15";"1";"2A";"2A288";"1";"1";"1";"6";"D859";"41,5387310000";"9,1811590000"
"202100040837";"8";"05";"2021";"22:40";"5";"66";"66210";"2";"1";"1";"6";"Boulevard frÃ©dÃ©ric Mistral";"42,6262580000";"2,7508470000"
"202100040838";"8";"05";"2021";"20:20";"1";"30";"30156";"2";"6";"1";"6";"Rue des 4 Vents";"43,8586100000";"4,4346300000"
"202100040839";"9";"05";"2021";"00:30";"3";"11";"11430";"1";"1";"6";"6";"D624";"43,2889520000";"1,8929100000"
"202100040840";"7";"05";"2021";"18:30";"1";"34";"34327";"2";"3";"1";"1";"Route de Jacou";"43,6582010000";"3,9611400000"
"202100040841";"9";"05";"2021";"11:01";"1";"83";"83127";"1";"3";"1";"3";"D2";"43,2873000000";"5,8838490000"
"202100040842";"9";"05";"2021";"15:00";"1";"06";"06128";"1";"1";"1";"7";"Route de Cagnes";"43,6903460000";"7,1309480000"
"202100040843";"9";"05";"2021";"13:35";"1";"04";"04039";"2";"9";"1";"3";"RD 4085 (station Total)";"43,8497560000";"6,5087610000"
"202100040844";"8";"05";"2021";"20:15";"1";"73";"73005";"1";"1";"1";"7";"RD 59";"45,6387410000";"6,0834610000"
"202100040845";"8";"05";"2021";"19:10";"1";"42";"42094";"2";"1";"1";"3";"46 Rue de Verdun";"45,7391400000";"4,2243670000"
"202100040846";"9";"05";"2021";"14:45";"1";"38";"38442";"2";"1";"1";"5";"La Coche";"45,3516310000";"5,8190810000"
"202100040847";"8";"05";"2021";"18:55";"1";"01";"01249";"2";"2";"1";"3";"MontÃ©e Neuve";"45,8253380000";"4,9421200000"
"202100040848";"8";"05";"2021";"11:00";"1";"01";"01386";"1";"1";"1";"3";"N/A";"45,8769406750";"5,3977149725"
"202100040849";"8";"05";"2021";"15:30";"1";"69";"69054";"2";"1";"1";"2";"NAPOLEON (RTE)";"46,1686640000";"4,4907370000"
"202100040850";"8";"05";"2021";"18:05";"1";"65";"65059";"2";"1";"1";"1";"Rue du Castelmouly";"43,0748680000";"0,1478890000"
"202100040851";"9";"05";"2021";"15:30";"1";"60";"60065";"2";"1";"1";"6";"160 Rue du GÃ©nÃ©ral de Gaulle";"49,3496990000";"2,2232710000"
"202100040852";"7";"05";"2021";"18:47";"1";"13";"13071";"1";"1";"1";"4";"A7-Sens Lyon vers Marseille";"43,4042900000";"5,3416100000"
"202100040853";"7";"05";"2021";"17:40";"1";"13";"13070";"1";"1";"1";"4";"A50-Sens Aubagne vers Marseille";"43,2853700000";"5,5150000000"
"202100040854";"7";"05";"2021";"18:38";"1";"13";"13202";"1";"1";"1";"3";"Tunnel Joliette Marseille vers Aubagne";"43,3133500000";"5,3658900000"
"202100040855";"30";"04";"2021";"17:00";"1";"69";"69290";"1";"1";"1";"3";"A43   3.865 A 9.894";"45,7086517078";"4,9541687965"
"202100040856";"8";"05";"2021";"05:40";"2";"69";"69275";"1";"1";"1";"2";"RN346   29.300 A 34.350";"45,7652828858";"4,9849628529"
"202100040857";"8";"05";"2021";"19:45";"1";"91";"91286";"1";"1";"1";"3";"AUTOROUTE A6";"48,6529240000";"2,3815970000"
"202100040858";"8";"05";"2021";"17:30";"1";"91";"91689";"1";"1";"1";"4";"AUTOROUTE A6";"48,7375810000";"2,3187480000"
"202100040859";"7";"05";"2021";"20:00";"1";"92";"92051";"1";"1";"1";"5";"N13";"48,8842200000";"2,2623600000"
"202100040860";"7";"05";"2021";"18:55";"1";"92";"92036";"1";"1";"1";"2";"A86";"48,9342100000";"2,2703600000"
"202100040861";"7";"05";"2021";"12:20";"1";"77";"77373";"1";"1";"1";"4";"RN104";"48,8027392590";"2,6265561707"
"202100040862";"7";"05";"2021";"09:20";"1";"94";"94073";"1";"1";"1";"2";"A86 INT";"48,7542436863";"2,3810453254"
"202100040863";"16";"02";"2021";"15:30";"1";"18";"18033";"2";"2";"1";"3";"MALLET (R. LOUIS)";"47,0700000000";"2,3800000000"
"202100040864";"7";"05";"2021";"14:31";"1";"75";"75120";"2";"7";"1";"6";"PLACE DE LA PORTE DE MONTREUIL";"48,8545850000";"2,4134600000"
"202100040865";"21";"02";"2021";"10:45";"1";"75";"75116";"2";"1";"1";"1";"ROUTE DE LA SEINE A LA BUTTE MORTEMART";"48,8515540000";"2,2379880000"
"202100040866";"7";"05";"2021";"13:35";"1";"988";"98818";"2";"3";"1";"3";"ROUTE DE L'ANSE VATA/RUE MARCELLIN LACABANNE";" -22,2936600000";"166,4464400000"
"202100040867";"7";"05";"2021";"13:50";"1";"974";"97411";"2";"2";"1";"3";"Rue de la Source";" -20,8881100000";"55,4491500000"
"202100040868";"7";"05";"2021";"09:13";"1";"973";"97302";"2";"1";"1";"6";"BADUEL (ROUTE DE)";"4,9379052751";" -52,3162879946"
"202100040869";"7";"05";"2021";"22:15";"5";"69";"69386";"2";"2";"1";"3";"BOILEAU (R)";"45,7672000000";"4,8494000000"
"202100040870";"7";"05";"2021";"19:15";"1";"69";"69259";"2";"1";"1";"3";"MARTYRS DE LA RESISTANCE (DES)      (AV)";"45,6933900000";"4,8742000000"
"202100040871";"7";"05";"2021";"19:30";"3";"972";"97213";"1";"1";"8";"4";"ROUTE DEPARTEMENTALE 13";"14,6332924440";" -61,0349035265"
"202100040872";"8";"05";"2021";"01:20";"5";"69";"69389";"2";"1";"1";"6";"BOURGOGNE (DE) (R)";"45,7815300000";"4,8000900000"
"202100040873";"7";"05";"2021";"20:20";"1";"69";"69389";"2";"3";"1";"1";"EMILE DUPORT (R)";"45,7847600000";"4,8100300000"
"202100040874";"7";"05";"2021";"20:15";"2";"69";"69202";"2";"1";"1";"2";"CROIX DE PIVORT (DE LA) (CHM)";"45,7297605671";"4,8057293909"
"202100040875";"7";"05";"2021";"13:55";"1";"2B";"2B033";"2";"1";"1";"3";"SAMPIERO CORSO - AV";"42,6670200000";"9,4428000000"
"202100040876";"6";"05";"2021";"11:25";"1";"971";"97107";"2";"1";"1";"3";"POETE CHRISTOPHE ( CAYENNE )";"16,0401200000";" -61,5652000000"
"202100040877";"4";"05";"2021";"14:00";"1";"91";"91021";"2";"1";"2";"7";"AV DE LA DIVISION LECLERC";"48,5942820000";"2,2465950000"
"202100040878";"7";"05";"2021";"19:00";"2";"91";"91692";"2";"9";"1";"3";"CHAMPS LASNIERS (AVENUE)";"48,6845510000";"2,1697420000"
"202100040879";"7";"05";"2021";"08:30";"1";"91";"91657";"2";"1";"1";"6";"RUE JEAN CORRINGER";"48,7068200000";"2,4254000000"
"202100040880";"7";"05";"2021";"19:20";"1";"91";"91432";"2";"1";"1";"2";"AV CHARLES DE GAULLE";"48,7053750000";"2,3437570000"
"202100040881";"2";"05";"2021";"04:11";"4";"87";"87075";"2";"1";"1";"6";"PERIGUEUX (ROUTE DE)";"45,7936200000";"1,2210000000"
"202100040882";"7";"05";"2021";"12:05";"1";"86";"86066";"2";"1";"1";"6";"Boulevard dâEstrÃ©es";"46,8058500000";"0,5292700000"
"202100040883";"7";"05";"2021";"18:15";"1";"83";"83137";"2";"9";"1";"3";"MARSEILLE (ROUTE DE)";"43,1286800000";"5,8876500000"
"202100040884";"4";"05";"2021";"10:55";"1";"83";"83144";"2";"1";"1";"2";"SAINTE CLAIRE (AVENUE)";"43,1357970000";"6,0059050000"
"202100040885";"6";"05";"2021";"21:34";"3";"82";"82033";"1";"1";"1";"2";"TOULOUSE RD 813 (ROUTE DE) ";"44,0310300000";"1,1286400000"
"202100040886";"5";"05";"2021";"17:05";"1";"80";"80021";"2";"1";"1";"6";"ROUBAIX (BOULEVARD DE )";"49,9080600000";"2,3174600000"
"202100040887";"5";"05";"2021";"17:26";"1";"80";"80021";"2";"1";"1";"3";"GUTENBERG (RUE)";"49,9175877863";"2,2735422994"
"202100040888";"3";"05";"2021";"18:15";"1";"77";"77122";"2";"1";"1";"3";"AV JEAN JAURES";"48,6559100000";"2,5629800000"
"202100040889";"7";"05";"2021";"18:34";"1";"76";"76705";"2";"1";"1";"6";"CD 144 (RUE PAUL ELUARD)";"49,3302500000";"1,0868700000"
"202100040890";"24";"03";"2021";"12:45";"1";"76";"76681";"2";"1";"1";"6";"Rue Francois Raspail";"49,4155200000";"1,0940800000"
"202100040891";"7";"05";"2021";"19:00";"1";"73";"73065";"2";"1";"1";"3";"TILLEULS (RUE DES)";"45,5617949633";"5,9119099975"
"202100040892";"7";"05";"2021";"09:00";"1";"69";"69092";"1";"1";"2";"6";"TARARE (DE) (RTE)";"45,9809990383";"4,6936297417"
"202100040893";"6";"05";"2021";"10:05";"1";"67";"67482";"2";"8";"1";"6";"OBERLIN (RUE)";"48,5927494500";"7,7571915623"
"202100040894";"4";"05";"2021";"20:10";"2";"67";"67447";"2";"1";"2";"1";"GENERAL DE GAULLE (ROUTE DU)";"48,6031500000";"7,7382100000"
"202100040895";"7";"05";"2021";"16:52";"1";"64";"64445";"2";"3";"1";"2";"ARSENE D'ARSONVAL";"43,3085200000";" -0,3634000000"
"202100040896";"6";"05";"2021";"07:55";"1";"64";"64445";"2";"3";"1";"3";"LYAUTEY";"43,3044000000";" -0,3673000000"
"202100040897";"29";"04";"2021";"16:10";"1";"63";"63113";"2";"2";"1";"6";"MAYER (BD DANIEL)";"45,7925538049";"3,0915001502"
"202100040898";"8";"05";"2021";"21:18";"1";"60";"60463";"2";"2";"1";"3";"carrefour Faidher";"49,2836600000";"2,4649800000"
"202100040899";"6";"05";"2021";"13:25";"1";"60";"60159";"2";"6";"1";"6";"Avenue Pierre et Marie Curie";"49,3969800000";"2,7944000000"
"202100040900";"30";"04";"2021";"13:40";"1";"59";"59008";"2";"3";"1";"3";"DRION (BOULEVARD)";"50,3263100000";"3,2488500000"
"202100040901";"7";"05";"2021";"10:20";"1";"56";"56260";"2";"6";"1";"3";"HERRIOT(AVENUE EDOUARD)";"47,6548960000";" -2,7396000000"
"202100040902";"3";"05";"2021";"14:20";"1";"54";"54167";"1";"1";"1";"6";"RD909";"48,6645580000";"5,9557270000"
"202100040903";"7";"05";"2021";"12:25";"1";"54";"54395";"2";"1";"1";"3";"VINGT SIXIEME R.I. (BOULEVARD DU 2 A 44)";"48,6967977499";"6,1891694991"
"202100040904";"6";"05";"2021";"08:10";"1";"54";"54304";"2";"2";"1";"3";"SAPINIERE (RUE DE LA)";"48,6933000000";"6,1281000000"
"202100040905";"4";"05";"2021";"17:15";"1";"54";"54184";"2";"2";"3";"3";"BRIGACHTAL (AVENUE DE)";"48,7006300000";"6,2246200000"
"202100040906";"7";"05";"2021";"15:55";"1";"51";"51454";"2";"1";"1";"7";"Boulevard Vasco de Gama";"49,2232093037";"4,0384154292"
"202100040907";"7";"05";"2021";"07:35";"1";"51";"51454";"2";"6";"1";"3";"Avenue FranÃ§ois Mauriac";"49,2337300000";"3,9994100000"
"202100040908";"4";"05";"2021";"16:10";"1";"50";"50602";"2";"1";"1";"6";"VINGT CINQ JUIN 1944 (RUE DU)";"49,6413600000";" -1,5682300000"
"202100040909";"2";"05";"2021";"12:30";"1";"50";"50602";"2";"1";"1";"3";"CARNOT (RUE)";"49,6459000000";" -1,5918800000"
"202100040910";"7";"05";"2021";"12:25";"1";"49";"49007";"2";"1";"1";"3";"PASTEUR";"47,4728200000";" -0,5398800000"
"202100040911";"3";"05";"2021";"12:07";"1";"47";"47323";"2";"2";"1";"3";"LATTRE DE TASSIGNY(AVENUE DU MARECHAL DE";"44,4170700000";"0,7105600000"
"202100040912";"7";"05";"2021";"15:55";"1";"47";"47031";"2";"6";"1";"3";"RIOLS (ALLEE DE)";"44,1800686559";"0,6254972745"
"202100040913";"5";"05";"2021";"16:00";"1";"44";"44184";"2";"1";"1";"2";"RÃPUBLIQUE (AVENUE DE LA) 106 AU 130 - 1";"47,2844700000";" -2,2107800000"
"202100040914";"7";"05";"2021";"14:00";"1";"42";"42095";"2";"3";"1";"3";"Rue Gambetta";"45,3906400000";"4,2897800000"
"202100040915";"7";"05";"2021";"20:30";"2";"38";"38185";"2";"1";"1";"1";"Avenue Rhin et Danube";"45,1696500000";"5,7048800000"
"202100040916";"7";"05";"2021";"09:45";"1";"38";"38185";"2";"3";"2";"6";"Rue LesdiguiÃ¨res";"45,1861700000";"5,7246400000"
"202100040917";"7";"05";"2021";"12:35";"1";"37";"37233";"2";"4";"1";"6";"DUCLOS (AVENUE JACQUES)";"47,3810995612";"0,7357332827"
"202100040918";"7";"05";"2021";"08:30";"1";"37";"37261";"2";"1";"1";"2";"CHURCHILL (BOULEVARD WINSTON)";"47,3736177659";"0,6791225287"
"202100040919";"7";"05";"2021";"08:20";"1";"37";"37214";"2";"6";"1";"6";"MARECHAL LECLERC (RD PT)";"47,4198279315";"0,6633009374"
"202100040920";"6";"05";"2021";"17:05";"1";"37";"37261";"2";"1";"1";"4";"RN 76 - Route de St Avertin";"47,3652074203";"0,7119854222"
"202100040921";"6";"05";"2021";"15:35";"1";"37";"37233";"2";"1";"1";"2";"LOIRE (LEVEE DE LA)";"47,3986687412";"0,7348780632"
"202100040922";"6";"05";"2021";"13:10";"1";"37";"37233";"2";"6";"8";"6";"FARGES (AVENUE YVES)";"47,3868451586";"0,7449079788"
"202100040923";"5";"05";"2021";"10:00";"1";"37";"37261";"2";"9";"1";"7";"BUNEL (RUE JACOB)";"47,3760399152";"0,6893182075"
"202100040924";"7";"05";"2021";"09:25";"1";"35";"35238";"2";"1";"1";"3";"VERN (DE)";"48,1012400000";" -1,6598300000"