"Num_Acc";"jour";"mois";"an";"hrmn";"lum";"dep";"com";"agg";"int";"atm";"col";"adr";"lat";"long"
"202100040925";"7";"05";"2021";"21:45";"5";"34";"34172";"2";"2";"1";"3";"DOMITIENNE (VOIE)";"43,6240200000";"3,8621800000"
"202100040926";"7";"05";"2021";"12:50";"1";"33";"33063";"2";"2";"1";"3";"Rue du Jardin Public";"44,8602800000";" -0,5706500000"
"202100040927";"3";"05";"2021";"16:55";"1";"33";"33013";"2";"3";"1";"3";"Avenue de Virecourt";"44,8557600000";" -0,4963300000"
"202100040928";"29";"04";"2021";"14:00";"2";"33";"33281";"1";"1";"4";"6";"Avenue Marcel Dassault";"44,8466500000";" -0,6955500000"
"202100040929";"7";"05";"2021";"16:54";"1";"31";"31555";"2";"1";"1";"3";"Route de Bayonne";"43,6094600000";"1,3540600000"
"202100040930";"28";"04";"2021";"20:55";"3";"30";"30189";"1";"1";"1";"6";"FRANCAIS LIBRES (BD)";"43,8340000000";"4,3210000000"
"202100040931";"7";"05";"2021";"11:40";"1";"18";"18279";"2";"3";"1";"3";"BARBUSSE RUE HENRI)";"47,2344900000";"2,0610900000"
"202100040932";"7";"05";"2021";"18:45";"1";"15";"15014";"2";"1";"1";"3";"PONT ROUGE (BOULEVARD DU)";"44,9273700000";"2,4480900000"
"202100040933";"6";"05";"2021";"20:25";"1";"14";"14118";"2";"2";"1";"6";"Rue EugÃ¨ne Boudin";"49,1939000000";" -0,3844000000"
"202100040934";"7";"05";"2021";"21:21";"5";"13";"13204";"2";"2";"1";"3";"SAINT JUST (AVENUE DE)";"43,3140000000";"5,4028300000"
"202100040935";"7";"05";"2021";"23:00";"5";"13";"13213";"2";"9";"1";"2";"JEAN PAUL SARTRE (AVENUE)";"43,3161600000";"5,4094100000"
"202100040936";"7";"05";"2021";"14:30";"1";"13";"13075";"2";"3";"1";"3";"PAUL SIRVENT (AVE)";"43,3435340624";"5,4669838152"
"202100040937";"7";"05";"2021";"08:15";"1";"13";"13215";"2";"3";"1";"6";"LYON (RUE DE)";"43,3296453593";"5,3653879522"
"202100040938";"3";"05";"2021";"21:55";"5";"13";"13206";"2";"2";"1";"3";"BEL AIR (RUE)";"43,2895600000";"5,3824000000"
"202100040939";"6";"05";"2021";"16:26";"1";"13";"13211";"2";"1";"1";"1";"CAMOINS (route des)";"43,2980000000";"5,4980000000"
"202100040940";"6";"05";"2021";"11:00";"1";"13";"13075";"2";"1";"1";"2";"JEAN GIONO (AVE)";"43,3400000000";"5,4500000000"
"202100040941";"6";"05";"2021";"17:01";"1";"11";"11262";"2";"9";"1";"3";"PECLET (RUE)";"43,1899900000";"3,0161800000"
"202100040942";"7";"05";"2021";"16:35";"1";"11";"11069";"2";"1";"1";"2";"RD 6161 - Rocade Ouest";"43,2240200000";"2,3273800000"
"202100040943";"6";"05";"2021";"17:45";"1";"11";"11069";"2";"1";"1";"4";"MAGINOT ANDRE -AVENUE-";"43,2195600000";"2,3806600000"
"202100040944";"7";"05";"2021";"16:30";"1";"06";"06069";"2";"1";"1";"3";"CHENES (CHEMIN DES)";"43,6408000000";"6,9171700000"
"202100040945";"7";"05";"2021";"14:30";"1";"06";"06123";"2";"1";"1";"1";"SAUVAIGO PIERRE AVENUE";"43,6615100000";"7,1792800000"
"202100040946";"7";"05";"2021";"10:50";"1";"75";"75118";"2";"1";"1";"3";"RUE BOUCRY";"48,8943270000";"2,3612820000"
"202100040947";"7";"05";"2021";"14:30";"1";"75";"75117";"2";"2";"1";"3";"RUE DE PRONY";"48,8822190000";"2,3045240000"
"202100040948";"7";"05";"2021";"13:25";"1";"75";"75117";"2";"1";"1";"2";"PLACE DE LA PORTE DE CHAMPERRET";"48,8858550000";"2,2896770000"
"202100040949";"6";"05";"2021";"11:50";"1";"75";"75117";"2";"2";"2";"3";"AVENUE DES TERNES";"48,8783430000";"2,2956060000"
"202100040950";"5";"05";"2021";"12:40";"1";"75";"75116";"2";"7";"8";"2";"PLACE CHARLES DE GAULLE";"48,8732760000";"2,2951310000"
"202100040951";"7";"05";"2021";"20:40";"2";"75";"75114";"2";"1";"1";"3";"RUE DU DEPART";"48,8422440000";"2,3230060000"
"202100040952";"7";"05";"2021";"07:50";"1";"75";"75114";"2";"2";"1";"6";"BOULEVARD BRUNE";"48,8248900000";"2,3183780000"
"202100040953";"7";"05";"2021";"14:10";"1";"75";"75112";"2";"1";"1";"3";"QUAI DE BERCY";"48,8389110000";"2,3756290000"
"202100040954";"22";"02";"2021";"09:16";"1";"75";"75110";"2";"7";"1";"3";"RUE DU FAUBOURG DU TEMPLE";"48,8677450000";"2,3643570000"
"202100040955";"7";"05";"2021";"17:15";"1";"75";"75107";"2";"2";"1";"3";"AVENUE DE BRETEUIL";"48,8515680000";"2,3117400000"
"202100040956";"7";"05";"2021";"16:55";"1";"75";"75107";"2";"3";"1";"7";"QUAI ANATOLE FRANCE";"48,8624160000";"2,3198510000"
"202100040957";"7";"05";"2021";"08:30";"1";"75";"75107";"2";"1";"1";"7";"RUE FABERT";"48,8590670000";"2,3112540000"
"202100040958";"7";"05";"2021";"15:00";"1";"94";"94081";"2";"3";"1";"3";"Rue du GÃ©nie";"48,7954000000";"2,3731000000"
"202100040959";"7";"05";"2021";"18:00";"1";"94";"94068";"2";"1";"1";"3";"BEAUBOURG (R)";"48,8143471135";"2,4726436830"
"202100040960";"7";"05";"2021";"15:50";"1";"94";"94068";"2";"2";"1";"3";"Rue de Rocroy";"48,7952000000";"2,4810000000"
"202100040961";"7";"05";"2021";"19:50";"1";"94";"94058";"2";"1";"1";"3";"Boulevard dâAlsace-Lorraine";"48,8503400000";"2,5013180000"
"202100040962";"7";"05";"2021";"19:20";"1";"94";"94043";"2";"1";"1";"3";"FONTAINEBLEAU (AV DE)";"48,8153430000";"2,3607560000"
"202100040963";"7";"05";"2021";"09:08";"1";"94";"94022";"2";"2";"1";"1";"Avenue Yvonne Marcailloux";"48,7676420000";"2,4063070000"
"202100040964";"6";"05";"2021";"07:08";"1";"94";"94004";"2";"1";"2";"3";"GENERAL LECLERC (AV DU)";"48,7589100000";"2,5017800000"
"202100040965";"6";"05";"2021";"20:00";"1";"95";"95527";"1";"1";"2";"2";"ROUTE DE LA COMMUNE";"49,0064726827";"2,5437587500"
"202100040966";"7";"05";"2021";"18:35";"1";"93";"93072";"2";"3";"1";"3";"MAXIME GORKI (BOULEVARD) DES NÂ°1 AU 87";"48,9476100000";"2,3865000000"
"202100040967";"7";"05";"2021";"16:58";"1";"93";"93066";"2";"1";"1";"2";"Rue du GÃ©nÃ©ral Joinville";"48,9345850000";"2,3693310000"
"202100040968";"6";"05";"2021";"20:10";"2";"93";"93066";"2";"6";"2";"6";"Rue Francis de PressensÃ© / Rue de la Cokerie";"48,9211100000";"2,3646500000"
"202100040969";"7";"05";"2021";"15:00";"1";"93";"93055";"2";"1";"1";"3";"GENERAL LECLERC(AVE DU)89/FIN ET 122/FIN";"48,9004190000";"2,4107620000"
"202100040970";"6";"05";"2021";"17:20";"1";"93";"93046";"2";"1";"1";"3";"Boulevard Jean Moulin";"48,9109800000";"2,5127120000"
"202100040971";"7";"05";"2021";"18:00";"1";"93";"93031";"2";"1";"1";"6";"GALLIENI (AVENUE)";"48,9623900000";"2,2962100000"
"202100040972";"7";"05";"2021";"11:15";"1";"93";"93031";"2";"1";"1";"3";"Rue Lyautey";"48,9654060000";"2,2984630000"
"202100040973";"7";"05";"2021";"18:25";"1";"93";"93047";"2";"1";"1";"6";"Boulevard de lâEurope";"48,8953390000";"2,5684010000"
"202100040974";"7";"05";"2021";"15:10";"1";"93";"93007";"2";"1";"1";"6";"QUEBEC (AVENUE DU)";"48,9281000000";"2,4761900000"
"202100040975";"7";"05";"2021";"07:50";"1";"93";"93001";"2";"1";"1";"6";"Rue Paul Lafargue";"48,9158100000";"2,3675800000"
"202100040976";"7";"05";"2021";"12:55";"1";"92";"92073";"2";"3";"1";"2";"ROOSVELT (AVENUE FRANKLIN)";"48,8753286408";"2,2193080187"
"202100040977";"7";"05";"2021";"15:05";"1";"92";"92020";"2";"1";"1";"6";"PARIS AVENUE DE NÂ° IMPAIRS";"48,8045851971";"2,2894410789"
"202100040978";"6";"05";"2021";"16:48";"1";"92";"92020";"2";"1";"1";"6";"FONTENAY RUE DE NÂ°2 A 34";"48,7997700000";"2,2895900000"
"202100040979";"7";"05";"2021";"17:45";"1";"92";"92035";"2";"1";"1";"3";"RÃ©publique ( boulevard de la )";"48,9066924905";"2,2459262609"
"202100040980";"7";"05";"2021";"15:05";"1";"92";"92025";"2";"1";"1";"1";"CHARLES DE GAULLE (BD)";"48,9152234477";"2,2282129526"
"202100040981";"8";"05";"2021";"15:20";"1";"39";"39183";"1";"1";"1";"3";"N/A";"46,7529420000";"5,7953090000"
"202100040982";"8";"05";"2021";"18:20";"1";"80";"80766";"1";"1";"1";"1";"D23";"50,0330570000";"2,4659870000"
"202100040983";"8";"05";"2021";"12:40";"1";"17";"17098";"1";"1";"1";"7";"D145";"45,5098800000";" -0,8463590000"
"202100040984";"8";"05";"2021";"17:00";"1";"14";"14027";"1";"1";"1";"1";"D106";"48,9852370000";" -0,6404790000"
"202100040985";"8";"05";"2021";"14:05";"1";"76";"76146";"1";"2";"1";"3";"Route de Sommery";"49,5947600000";"1,3742300000"
"202100040986";"7";"05";"2021";"19:30";"1";"79";"79267";"2";"1";"1";"7";"2 Rue de la Mairie";"46,5276090000";" -0,2411840000"
"202100040987";"8";"05";"2021";"12:45";"1";"2A";"2A209";"1";"1";"1";"2";"RT20 au niveau de l'embranchement D5";"41,9933880000";"8,8480660000"
"202100040988";"7";"05";"2021";"16:45";"1";"80";"80186";"2";"1";"7";"2";"Rue de Picardie";"49,8190360000";"2,7933760000"
"202100040989";"8";"05";"2021";"11:05";"1";"32";"32107";"2";"1";"1";"6";"30  Boulevard de la LibÃ©ration";"43,9581810000";"0,3752490000"
"202100040990";"8";"05";"2021";"15:10";"1";"89";"89464";"2";"4";"1";"2";"Rue de Dixmont";"48,0861599348";"3,2982874877"
"202100040991";"7";"05";"2021";"13:30";"1";"42";"42289";"1";"1";"1";"1";"Chemin du Martoray";"45,9647090000";"4,2031340000"
"202100040992";"7";"05";"2021";"12:42";"1";"34";"34101";"1";"1";"1";"1";"D18";"43,3835540000";"3,4510480000"
"202100040993";"7";"05";"2021";"13:00";"1";"44";"44220";"1";"3";"1";"3";"La Brosse";"47,1965150000";" -1,9170180000"
"202100040994";"7";"05";"2021";"16:25";"1";"31";"31145";"2";"1";"1";"6";"845 Les Baccarets";"43,3104950000";"1,5133670000"
"202100040995";"8";"05";"2021";"11:30";"1";"38";"38086";"1";"1";"1";"5";"Route de Toutes Aures";"45,2654700000";"5,3421800000"
"202100040996";"8";"05";"2021";"19:30";"1";"02";"02735";"1";"1";"1";"7";"RD483 PR+0.461";"49,2916230000";"3,5635240000"
"202100040997";"8";"05";"2021";"17:40";"1";"14";"14131";"2";"1";"1";"5";"D677";"49,3207650000";"0,1305860000"
"202100040998";"7";"05";"2021";"07:45";"1";"14";"14406";"1";"1";"1";"7";"route dÃ©partemental 82";"49,2595570000";" -0,5768470000"
"202100040999";"7";"05";"2021";"14:18";"1";"05";"05017";"1";"1";"1";"3";"RN94 - PK 77-755";"44,5739000000";"6,1713120000"
"202100041000";"7";"05";"2021";"19:05";"1";"50";"50463";"1";"1";"1";"3";"Le Grand Bisson";"48,9162950000";" -1,3385080000"
"202100041001";"7";"05";"2021";"11:45";"1";"83";"83032";"1";"1";"1";"3";"D562";"43,4637210000";"6,1303930000"
"202100041002";"8";"05";"2021";"14:45";"1";"83";"83046";"1";"1";"1";"3";"RD13 PK 24.295 route de Sillans La Cascade";"43,5291900000";"6,1530200000"
"202100041003";"8";"05";"2021";"15:05";"1";"60";"60262";"2";"1";"1";"1";"7 Rue des Marronniers";"49,6015430000";"2,6083240000"
"202100041004";"8";"05";"2021";"14:45";"1";"64";"64066";"2";"1";"1";"7";"chemin Itharaco";"43,1799620000";" -1,2605790000"
"202100041005";"7";"05";"2021";"15:27";"1";"64";"64476";"1";"1";"1";"7";"620 Ozpindegiko Bidea";"43,3169550000";" -1,2172080000"
"202100041006";"6";"05";"2021";"14:00";"1";"21";"21389";"1";"3";"2";"1";"pk 66 D980";"47,6698090000";"4,3930510000"
"202100041007";"8";"05";"2021";"04:00";"4";"85";"85076";"2";"1";"1";"6";"9 Rue du Haut Fradet";"47,0662930000";" -1,2399530000"
"202100041008";"7";"05";"2021";"18:45";"1";"48";"48075";"2";"1";"1";"6";"7 Route Neuve";"44,3711880000";"3,5343850000"
"202100041009";"7";"05";"2021";"21:15";"2";"67";"67084";"1";"1";"1";"3";"A35";"48,3170940000";"7,4823760000"
"202100041010";"6";"05";"2021";"08:40";"1";"91";"91085";"2";"2";"2";"5";"Rue de la Fontaine";"48,5565890000";"2,2119590000"
"202100041011";"7";"05";"2021";"18:30";"1";"13";"13038";"1";"3";"1";"3";"CD33";"43,7198380000";"4,7040370000"
"202100041012";"8";"05";"2021";"12:20";"1";"17";"17465";"1";"1";"7";"3";"Autoroute A10 - PK 410.400 - Sens PARIS / BORDEAUX";"45,9874540000";" -0,5450090000"
"202100041013";"3";"04";"2021";"18:00";"2";"988";"98817";"2";"1";"3";"2";"AVENUE DES DEUX BAIES";" -22,2312720000";"166,5295330000"
"202100041014";"7";"05";"2021";"09:35";"1";"974";"97415";"1";"6";"1";"3";"Route Nationale (hermitage)";" -21,0611740000";"55,2235400000"
"202100041015";"16";"04";"2021";"22:40";"3";"95";"95102";"1";"1";"1";"1";"Rue du Moulin";"49,1414290000";"2,0206900000"
"202100041016";"7";"05";"2021";"21:25";"5";"78";"78262";"2";"1";"1";"6";"Rue du Pont Marie";"48,7973520000";"1,7921770000"
"202100041017";"7";"05";"2021";"18:55";"1";"78";"78193";"2";"3";"1";"3";"Grande Rue";"48,7049890000";"1,9859720000"
"202100041018";"8";"05";"2021";"09:15";"1";"2B";"2B148";"2";"6";"1";"1";"T20, lieu dit casamozza";"42,5202730000";"9,4399540000"
"202100041019";"7";"05";"2021";"19:15";"1";"66";"66217";"1";"1";"1";"1";"D612";"42,6164650000";"2,8052040000"
"202100041020";"8";"05";"2021";"11:20";"1";"34";"34199";"1";"4";"1";"1";"D13";"43,4637400000";"3,4096720000"
"202100041021";"8";"05";"2021";"11:35";"1";"34";"34238";"1";"1";"1";"2";"les prats";"43,8499030000";"3,6507010000"
"202100041022";"8";"05";"2021";"14:45";"1";"05";"05126";"1";"1";"1";"7";"RD 994 - Le Collet";"44,3889920000";"5,4587030000"
"202100041023";"7";"05";"2021";"18:45";"1";"67";"67529";"2";"3";"1";"3";"rue de la gare";"48,7178110000";"7,7977960000"
"202100041024";"8";"05";"2021";"00:40";"3";"55";"55472";"1";"1";"1";"6";"D958";"48,7098520000";"5,4720550000"
"202100041025";"26";"04";"2021";"14:30";"1";"57";"57550";"1";"1";"1";"3";"Rue de Saint-avold";"49,1505981173";"6,6671778701"
"202100041026";"7";"05";"2021";"19:00";"1";"03";"03020";"1";"2";"1";"1";"D37";"46,2795660000";"2,8711280000"
"202100041027";"7";"05";"2021";"23:00";"3";"81";"81099";"1";"1";"1";"6";"3223 chemin de toulze";"43,9278190000";"1,9035960000"
"202100041028";"8";"05";"2021";"17:30";"1";"64";"64230";"1";"1";"1";"6";"N134";"43,2011780000";" -0,4196450000"
"202100041029";"8";"05";"2021";"13:05";"1";"14";"14538";"1";"1";"6";"6";"N158";"49,0960640000";" -0,3103130000"
"202100041030";"8";"05";"2021";"13:50";"1";"29";"29179";"1";"1";"1";"1";"Lieu Dit Auberge Neuve";"48,5024290000";" -4,3037410000"
"202100041031";"7";"05";"2021";"12:30";"1";"60";"60462";"1";"1";"1";"6";"N/A";"49,3246119885";"2,2188820838"
"202100041032";"6";"05";"2021";"18:20";"1";"13";"13203";"1";"1";"1";"4";"A7-Sens Lyon vers Marseille";"43,3058948345";"5,3751859182"
"202100041033";"6";"05";"2021";"14:30";"1";"13";"13056";"1";"1";"1";"3";"A55-Sens Martigues vers Marseille";"43,4059200000";"5,0391000000"
"202100041034";"5";"05";"2021";"19:00";"1";"13";"13106";"1";"1";"1";"2";"A7-Sens Lyon vers Marseille";"43,3892100000";"5,3510500000"
"202100041035";"5";"05";"2021";"13:10";"1";"13";"13202";"1";"1";"1";"4";"A55-Sens Martigues vers Marseille";"43,3238900000";"5,3627900000"
"202100041036";"6";"05";"2021";"09:20";"1";"13";"13005";"1";"1";"1";"2";"A50-Sens Aubagne vers Marseille";"43,2850000000";"5,5248000000"
"202100041037";"6";"05";"2021";"07:45";"1";"13";"13055";"1";"1";"1";"2";"A507 sens Marseille - Aubagne";"43,2906900000";"5,4241800000"
"202100041038";"4";"05";"2021";"14:55";"1";"83";"83062";"1";"1";"1";"2";"A570";"43,1402240000";"6,0389040000"
"202100041039";"30";"04";"2021";"18:55";"1";"69";"69290";"1";"1";"1";"6";"EST (ROC)";"45,7121728479";"4,9687814713"
"202100041040";"3";"05";"2021";"15:45";"1";"59";"59350";"1";"1";"1";"2";"ROUTE NATIONALE 356";"50,6252970000";"3,0841860000"
"202100041041";"7";"05";"2021";"18:30";"1";"94";"94034";"1";"1";"1";"2";"AUTOROUTE A86";"48,7599000000";"2,3210400000"
"202100041042";"7";"05";"2021";"15:40";"1";"78";"78423";"1";"1";"1";"2";"RN12 EXT";"48,7968400000";"2,0219960000"
"202100041043";"7";"05";"2021";"18:00";"1";"93";"93066";"1";"1";"1";"2";"AUTOROUTE A86";"48,9227300000";"2,3517800000"
"202100041044";"7";"05";"2021";"16:37";"1";"93";"93008";"1";"1";"1";"2";"AUTOROUTE A86";"48,9058100000";"2,4624100000"
"202100041045";"6";"05";"2021";"13:18";"1";"976";"97611";"2";"3";"1";"3";"kaweni-Geole ( rue de la )";" -12,7668900000";"45,2248700000"
"202100041046";"4";"05";"2021";"08:30";"1";"974";"97416";"2";"1";"1";"6";"GRONDIN (RUELLE MARC)";" -21,3487700000";"55,4894200000"
"202100041047";"6";"05";"2021";"16:30";"1";"974";"97411";"1";"1";"1";"7";"LITTORAL (ROUTE 2 DU)";" -20,8798400000";"55,4028500000"
"202100041048";"6";"05";"2021";"19:32";"4";"973";"97302";"2";"1";"2";"2";"MONTABO (ROUTE DE) 1";"4,9383000542";" -52,2994837763"
"202100041049";"6";"05";"2021";"14:35";"1";"973";"97302";"2";"1";"1";"2";"BADUEL (ROUTE DE)";"4,9326509794";" -52,3085792936"
"202100041050";"6";"05";"2021";"12:13";"1";"973";"97302";"2";"2";"1";"6";"RABAN (ROUTE DE)";"4,9261495696";" -52,3135821991"
"202100041051";"6";"05";"2021";"21:00";"5";"69";"69259";"2";"1";"2";"1";"LAURENT BONNEVAY                    (BD)";"45,7214000000";"4,8837500000"
"202100041052";"6";"05";"2021";"16:20";"1";"69";"69383";"2";"2";"2";"3";"FERDINAND BUISSON (R)";"45,7497700000";"4,8897800000"
"202100041053";"5";"05";"2021";"19:30";"1";"69";"69259";"2";"1";"1";"7";"MARTYRS DE LA RESISTANCE (DES)      (AV)";"45,6901800000";"4,8679000000"
"202100041054";"6";"05";"2021";"12:05";"1";"69";"69383";"2";"1";"2";"5";"FELIX FAURE (AV)";"45,7528800000";"4,8528900000"
"202100041055";"3";"05";"2021";"16:00";"1";"69";"69386";"2";"2";"1";"3";"VENDOME (R)";"45,7658200000";"4,8455900000"
"202100041056";"6";"05";"2021";"15:15";"1";"69";"69149";"2";"1";"2";"6";"AUGUSTE BLANQUI (R)";"45,7118800000";"4,8104900000"
"202100041057";"3";"05";"2021";"19:10";"1";"69";"69385";"2";"1";"7";"1";"JOLIOT CURIE (R)";"45,7562715074";"4,7963272203"
"202100041058";"5";"05";"2021";"17:30";"1";"69";"69034";"2";"1";"1";"3";"SAINT CLAIR (DE) (GR) (30)";"45,7869256829";"4,8503555059"
"202100041059";"6";"05";"2021";"07:45";"1";"2B";"2B120";"1";"1";"1";"4";"11 - RT";"42,6451100000";"9,4397800000"
"202100041060";"5";"05";"2021";"19:45";"3";"971";"97113";"1";"3";"1";"3";"Morne Salines";"16,2085700000";" -61,4420300000"
"202100041061";"4";"05";"2021";"06:45";"1";"971";"97101";"1";"3";"1";"3";"DESRAVINIERES";"16,2769100000";" -61,4897500000"
"202100041062";"6";"05";"2021";"14:30";"1";"95";"95306";"2";"1";"3";"6";"PONTOISE(RUE DE)";"48,9932873129";"2,1673214436"
"202100041063";"5";"05";"2021";"11:26";"1";"95";"95127";"2";"3";"1";"5";"BONTEMPS (AVENUE DU)";"49,0530280000";"2,0178490000"
"202100041064";"3";"05";"2021";"17:40";"1";"91";"91685";"1";"1";"1";"2";"CURIE (RUE MARIE)";"48,6632210000";"2,2947780000"
"202100041065";"7";"05";"2021";"01:40";"5";"91";"91687";"2";"6";"2";"6";"VICTOR SCHOELCHER (PLACE)";"48,6480500000";"2,3668000000"
"202100041066";"5";"05";"2021";"20:30";"2";"91";"91687";"2";"1";"2";"6";"VICTOR SCHOELCHER (AVENUE)";"48,6538380000";"2,3707970000"
"202100041067";"4";"05";"2021";"17:40";"1";"91";"91433";"1";"1";"2";"3";"CD 837";"48,4258600000";"2,2353500000"
"202100041068";"5";"05";"2021";"21:06";"5";"87";"87085";"2";"2";"1";"3";"ALLENDE (QUAI SALVADOR)";"45,8173900000";"1,2526100000"
"202100041069";"5";"05";"2021";"08:01";"1";"87";"87075";"2";"1";"2";"6";"COURRIERES (AVENUE DES)";"45,8167500000";"1,2093200000"
"202100041070";"6";"05";"2021";"14:45";"1";"85";"85191";"2";"1";"1";"1";"DURAND RUE HELIODORE";"46,6590400000";" -1,3982800000"
"202100041071";"6";"05";"2021";"08:20";"1";"83";"83069";"2";"1";"1";"1";"LOUBES (ROUTE DES)";"43,1137960000";"6,0998360000"
"202100041072";"6";"05";"2021";"10:35";"1";"79";"79191";"2";"3";"2";"7";"Quai Cronstadt";"46,3261000000";" -0,4647000000"
"202100041073";"6";"05";"2021";"19:40";"1";"78";"78418";"2";"1";"3";"6";"FELICIEN LESAGE (RUE)";"48,9102060000";"2,1521230000"
"202100041074";"6";"05";"2021";"16:11";"1";"78";"78551";"2";"1";"2";"1";"ROUX (AVENUE DU PROFESSEUR)";"48,8860110000";"2,0916030000"
"202100041075";"6";"05";"2021";"10:50";"1";"78";"78551";"2";"2";"2";"6";"PRIEURE (DU)";"48,8934200000";"2,0845860000"
"202100041076";"2";"05";"2021";"17:20";"1";"77";"77433";"1";"2";"8";"7";"MAISON MEUNIER";"48,7491289929";"3,0664262596"
"202100041077";"6";"05";"2021";"23:20";"3";"76";"76540";"2";"9";"3";"6";"PENE. RUE ANNIE DE";"49,4337700000";"1,1143000000"
"202100041078";"6";"05";"2021";"20:40";"1";"76";"76681";"2";"3";"1";"3";"RASPAIL. RUE FRANCOIS";"49,4157800000";"1,0947500000"
"202100041079";"6";"05";"2021";"13:50";"1";"76";"76157";"2";"1";"2";"6";"CANAL. RUE DU (CD 51)";"49,4554000000";"1,0443000000"
"202100041080";"5";"05";"2021";"16:15";"1";"76";"76414";"1";"2";"1";"3";"LOUIS BLERIOT (RUE )";"49,9240400000";"1,1199500000"
"202100041081";"6";"05";"2021";"15:55";"1";"69";"69266";"2";"1";"2";"6";"TOLSTOI (CR)";"45,7598200000";"4,8894100000"
"202100041082";"6";"05";"2021";"13:59";"1";"68";"68149";"2";"2";"3";"6";"ST-LOUIS ( RUE DE )";"47,5928400000";"7,5775200000"
"202100041083";"4";"05";"2021";"18:22";"1";"66";"66136";"2";"3";"1";"3";"SCHWEITZER (AVENUE DU DOCTEUR ALBERT)";"42,7210400000";"2,8843000000"
"202100041084";"5";"05";"2021";"13:15";"1";"64";"64348";"2";"3";"1";"3";"Avenue de Pau";"43,3092500000";" -0,4075100000"
"202100041085";"6";"05";"2021";"15:00";"1";"64";"64140";"2";"1";"1";"5";"R.N. 10";"43,5241100000";" -1,4645600000"
"202100041086";"5";"05";"2021";"09:45";"1";"64";"64102";"2";"1";"2";"2";"HENRI DE NAVARRE (AVENUE)";"43,5015900000";" -1,4459400000"
"202100041087";"5";"05";"2021";"14:10";"1";"63";"63113";"2";"1";"1";"6";"LIONDARDS (RUE NOUVELLE DES)";"45,7595168960";"3,0876071462"
"202100041088";"5";"05";"2021";"08:10";"1";"60";"60159";"2";"7";"1";"6";"Rue dâAmiens";"49,4221100000";"2,8216400000"
"202100041089";"6";"05";"2021";"05:15";"5";"59";"59599";"2";"9";"1";"6";"BIENFAISANCE (RUE DE LA)";"50,7246620000";"3,1578420000"
"202100041090";"5";"05";"2021";"20:37";"1";"59";"59569";"2";"1";"1";"1";"LAMENDIN (RUE ARTHUR)";"50,3699500000";"3,1124600000"
"202100041091";"4";"05";"2021";"18:40";"1";"56";"56107";"2";"3";"1";"3";"LE PORT (ROGER BOULEVARD)";"47,7188500000";" -3,3741800000"
"202100041092";"4";"05";"2021";"17:00";"1";"56";"56121";"2";"6";"1";"2";"SVOB ( BOULEVARD EMMANUEL)";"47,7500400000";" -3,3666100000"
"202100041093";"4";"05";"2021";"15:12";"1";"54";"54395";"2";"1";"2";"6";"MAZAGRAN (RUE)";"48,6905800000";"6,1755900000"
"202100041094";"6";"05";"2021";"09:40";"1";"53";"53201";"2";"1";"2";"7";"ARMAND ( BOULEVARD LOUIS )";"48,0663300000";" -0,8046000000"
"202100041095";"6";"05";"2021";"17:45";"1";"51";"51454";"2";"1";"2";"2";"Boulevard Dieu LumiÃ¨re";"49,2397725429";"4,0380162389"
"202100041096";"6";"05";"2021";"14:05";"1";"51";"51454";"2";"1";"2";"2";"Rue du GÃ©nÃ©ral Koenig";"49,2267700000";"4,0247893000"
"202100041097";"6";"05";"2021";"07:55";"1";"51";"51454";"2";"1";"1";"6";"Rue Gerbert";"49,2503600000";"4,0393500000"
"202100041098";"5";"05";"2021";"06:40";"2";"51";"51230";"2";"1";"8";"3";"Rue de Verdun";"49,0435492821";"3,9673994656"
"202100041099";"5";"05";"2021";"18:40";"1";"50";"50129";"2";"1";"1";"6";"BREMERHAVEN (CONTRE VOIE DE)";"49,6307100000";" -1,6062700000"
"202100041100";"4";"05";"2021";"14:15";"1";"50";"50129";"2";"2";"1";"1";"POLLE (RUE DE LA)";"49,6404300000";" -1,6406800000"
"202100041101";"26";"04";"2021";"19:50";"1";"49";"49007";"2";"1";"1";"3";"DEUX CROIX BOULEVARD";"47,4745970000";" -0,5292400000"
"202100041102";"5";"05";"2021";"12:21";"1";"49";"49353";"2";"1";"1";"6";"REPUBLIQUE AVENUE";"47,4486700000";" -0,5012700000"
"202100041103";"5";"05";"2021";"18:08";"1";"45";"45298";"2";"3";"1";"2";"Route de Saint-Mesmin";"47,8829371498";"1,8729600274"
"202100041104";"6";"05";"2021";"15:39";"1";"45";"45068";"2";"1";"3";"7";"36 bis Rue Roger Salengro";"48,0171230000";"2,7153330000"
"202100041105";"6";"05";"2021";"07:40";"1";"44";"44162";"1";"1";"2";"7";"M 75";"47,2273400000";" -1,6516600000"
"202100041106";"20";"04";"2021";"17:00";"1";"42";"42044";"2";"1";"1";"1";"Place Jean JaurÃ¨s";"45,3966800000";"4,3244900000"
"202100041107";"4";"05";"2021";"08:05";"1";"41";"41018";"2";"1";"1";"4";"BOURG SAINT JEAN (RUE DU)";"47,5893000000";"1,3401800000"
"202100041108";"4";"05";"2021";"15:39";"1";"37";"37122";"2";"3";"2";"6";"RD 86 DE MONTS Ã  TOURS";"47,3289649495";"0,6637908071"
"202100041109";"4";"05";"2021";"13:23";"1";"37";"37261";"2";"1";"2";"7";"DANEMARK (AVENUE DU)";"47,4302414571";"0,6851992615"
"202100041110";"6";"05";"2021";"17:50";"1";"33";"33281";"2";"1";"2";"6";"Avenue des FrÃ¨res Robinson";"44,8502800000";" -0,6556800000"
"202100041111";"6";"05";"2021";"14:30";"1";"33";"33009";"2";"8";"1";"3";"Cours Desbiey";"44,6566020000";" -1,1602790000"