"Num_Acc";"jour";"mois";"an";"hrmn";"lum";"dep";"com";"agg";"int";"atm";"col";"adr";"lat";"long"
"202100041112";"6";"05";"2021";"15:50";"1";"31";"31555";"2";"1";"1";"3";"MINIMES (AV DES) DU 1AU 178";"43,6259280000";"1,4339400000"
"202100041113";"27";"04";"2021";"17:55";"1";"30";"30189";"2";"1";"1";"6";"ARENES";"43,8343000000";"4,3605000000"
"202100041114";"30";"04";"2021";"19:05";"1";"29";"29019";"2";"1";"1";"3";"Quai Commandant Malbert";"48,3790897328";" -4,4859745176"
"202100041115";"4";"05";"2021";"06:28";"2";"29";"29019";"2";"6";"2";"2";"Boulevard de la Marine";"48,3826968393";" -4,4921513647"
"202100041116";"6";"05";"2021";"06:15";"5";"29";"29019";"2";"2";"2";"1";"Boulevard Tanguy Prigent  ";"48,3907185986";" -4,5374672413"
"202100041117";"4";"05";"2021";"13:10";"1";"29";"29019";"2";"6";"2";"3";"Rue Emile Rousse";"48,3816433921";" -4,5272039977"
"202100041118";"6";"05";"2021";"09:35";"1";"27";"27681";"2";"1";"2";"3";"PRESSAGNY (RUE DE)";"49,0966900000";"1,4773500000"
"202100041119";"6";"05";"2021";"08:00";"2";"27";"27701";"2";"2";"3";"6";"LACS (ROUTE DES) BLANCHE A GALION";"49,2742530571";"1,2055818737"
"202100041120";"27";"04";"2021";"16:15";"1";"18";"18279";"1";"2";"7";"3";"D2076 (ROUTE DE BOURGES)";"47,2138400000";"2,1259300000"
"202100041121";"5";"05";"2021";"17:10";"1";"14";"14137";"2";"3";"1";"3";"Rue du Poirier";"49,1937400000";" -0,4512400000"
"202100041122";"6";"05";"2021";"18:50";"1";"13";"13203";"2";"3";"1";"1";"LOUBON (RUE)";"43,3113420000";"5,3781590000"
"202100041123";"5";"05";"2021";"20:20";"1";"13";"13213";"2";"2";"1";"4";"ROSE (AVENUE DE LA)";"43,3264480000";"5,4214770000"
"202100041124";"6";"05";"2021";"11:32";"1";"13";"13209";"2";"1";"1";"6";"CONCORDE (BOULEVARD DE LA)";"43,2505000000";"5,4033800000"
"202100041125";"3";"05";"2021";"14:30";"1";"11";"11069";"2";"2";"1";"3";"ALBERT TOMEY";"43,2157000000";"2,3501400000"
"202100041126";"6";"05";"2021";"13:50";"1";"09";"09225";"2";"1";"1";"3";"BOURIETTE AVENUE DE LA";"43,1121800000";"1,6299300000"
"202100041127";"6";"05";"2021";"08:20";"1";"07";"07019";"1";"1";"1";"2";"RN 102";"44,6291700000";"4,3807000000"
"202100041128";"6";"05";"2021";"08:19";"1";"06";"06088";"2";"1";"1";"7";"DIGUE DES FRANCAIS (TRAV. DE LA)";"43,6763090000";"7,2001090000"
"202100041129";"6";"05";"2021";"11:30";"1";"06";"06069";"2";"9";"1";"6";"CHASSEURS ALPINS (ROND-POINT)";"43,6505600000";"6,9220500000"
"202100041130";"6";"05";"2021";"08:25";"1";"03";"03190";"2";"1";"3";"5";"LYON (ROUTE DE)";"46,5401100000";"3,3446000000"
"202100041131";"5";"05";"2021";"17:10";"1";"01";"01289";"2";"2";"1";"5";"FERME DU SAIX (CHEMIN DES)";"46,1649100000";"5,2207300000"
"202100041132";"30";"04";"2021";"12:45";"1";"01";"01053";"2";"2";"2";"3";"SAMARITAINE ( RUE)";"46,2047225805";"5,2274948816"
"202100041133";"4";"05";"2021";"17:40";"1";"75";"75116";"2";"1";"1";"2";"BOULEVARD PERIPHERIQUE INTERIEUR OUEST";"48,8619340000";"2,2646000000"
"202100041134";"6";"05";"2021";"15:20";"1";"75";"75120";"2";"2";"2";"6";"AVENUE GAMBETTA";"48,8696780000";"2,4026430000"
"202100041135";"6";"05";"2021";"13:30";"1";"75";"75119";"2";"1";"2";"2";"RUE DE CRIMEE";"48,8835290000";"2,3849660000"
"202100041136";"6";"05";"2021";"20:45";"2";"75";"75118";"2";"5";"2";"3";"AVENUE DE LA PORTE DE CLIGNANCOURT";"48,9012890000";"2,3441140000"
"202100041137";"6";"05";"2021";"08:50";"1";"75";"75118";"2";"5";"2";"2";"RUE CUSTINE";"48,8884110000";"2,3480040000"
"202100041138";"6";"05";"2021";"20:15";"5";"75";"75116";"2";"2";"2";"3";"ALLEE DE LONGCHAMP";"48,8725270000";"2,2644360000"
"202100041139";"4";"05";"2021";"13:00";"1";"75";"75116";"2";"1";"1";"3";"BOULEVARD SUCHET";"48,8578790000";"2,2649770000"
"202100041140";"6";"05";"2021";"12:00";"1";"75";"75115";"2";"2";"3";"3";"RUE DU LIEUVIN";"48,8316200000";"2,3059650000"
"202100041141";"6";"05";"2021";"16:25";"1";"75";"75113";"2";"2";"8";"3";"RUE NEUVE TOLBIAC";"48,8322420000";"2,3798000000"
"202100041142";"6";"05";"2021";"12:10";"1";"75";"75113";"2";"3";"2";"2";"RUE DE LA GLACIERE";"48,8362690000";"2,3452520000"
"202100041143";"6";"05";"2021";"12:09";"1";"75";"75113";"2";"7";"3";"2";"PLACE D ITALIE";"48,8318870000";"2,3558290000"
"202100041144";"6";"05";"2021";"12:05";"1";"75";"75112";"2";"3";"3";"3";"AVENUE DE SAINT MANDE";"48,8453080000";"2,3982500000"
"202100041145";"6";"05";"2021";"10:15";"1";"75";"75112";"2";"1";"2";"3";"RUE DE CHARENTON";"48,8513280000";"2,3723060000"
"202100041146";"6";"05";"2021";"16:50";"1";"75";"75108";"2";"3";"1";"4";"AVENUE DES CHAMPS ELYSEES";"48,8682690000";"2,3123770000"
"202100041147";"6";"05";"2021";"13:10";"1";"75";"75108";"2";"2";"2";"3";"RUE CAMBACERES";"48,8732340000";"2,3179260000"
"202100041148";"6";"05";"2021";"13:50";"1";"94";"94068";"2";"2";"2";"3";"CORNEILLES (BD DES)";"48,7858023476";"2,4921476841"
"202100041149";"6";"05";"2021";"18:50";"1";"94";"94076";"2";"1";"2";"7";"ALPHONSE DAUDET (ALL)";"48,7984562249";"2,3485254983"
"202100041150";"6";"05";"2021";"11:10";"1";"94";"94003";"2";"1";"2";"3";"Avenue Gabriel PÃ©ri";"48,8018900000";"2,3437900000"
"202100041151";"5";"05";"2021";"21:45";"5";"94";"94022";"2";"2";"1";"3";"Boulevard de Stalingrad";"48,7727560439";"2,4002766609"
"202100041152";"6";"05";"2021";"16:25";"1";"93";"93071";"2";"1";"2";"4";"Avenue AndrÃ© Toutain";"48,9452820000";"2,5251650000"
"202100041153";"5";"05";"2021";"12:00";"1";"93";"93070";"2";"1";"2";"2";"MICHELET (AVE) : DU 1 AU 103";"48,9075770000";"2,3441790000"
"202100041154";"6";"05";"2021";"13:00";"1";"93";"93050";"2";"3";"2";"3";"Rue du Docteur Schapira / Rue du Jeu de Paume";"48,8548700000";"2,5283100000"
"202100041155";"6";"05";"2021";"13:15";"1";"93";"93046";"2";"9";"2";"3";"Avenue Aristide Briand";"48,9151990000";"2,5284980000"
"202100041156";"5";"05";"2021";"14:01";"1";"93";"93045";"2";"1";"1";"3";"Avenue Pasteur";"48,8760430000";"2,4166920000"
"202100041157";"6";"05";"2021";"17:10";"1";"93";"93079";"2";"1";"2";"1";"Route de Saint-Leu";"48,9513980000";"2,3392160000"
"202100041158";"6";"05";"2021";"20:36";"1";"93";"93007";"2";"1";"2";"3";"BLES D'OR (CITE DES)";"48,9209195855";"2,4676157357"
"202100041159";"6";"05";"2021";"07:40";"1";"92";"92078";"2";"3";"2";"3";"VERDUN (AVENUE) (IMPAIRS JJAURES>A86)";"48,9355024480";"2,3338901133"
"202100041160";"6";"05";"2021";"19:05";"1";"92";"92046";"2";"1";"2";"7";"MARECHAL LECLERC (AVENUE DU)";"48,8208568776";"2,3102134466"
"202100041161";"6";"05";"2021";"18:10";"1";"92";"92046";"2";"1";"8";"1";"Charles de gaulle";"48,8232970000";"2,2998140000"
"202100041162";"6";"05";"2021";"08:55";"1";"92";"92073";"2";"1";"2";"7";"ROOSVELT (AVENUE FRANKLIN)";"48,8749340569";"2,2198873758"
"202100041163";"5";"05";"2021";"19:15";"1";"92";"92051";"2";"2";"1";"3";"CHARLES DE GAULLE (AVENUE, NÂ° 18 A 116)";"48,8811145147";"2,2721984982"
"202100041164";"6";"05";"2021";"01:16";"5";"92";"92049";"2";"9";"1";"3";"GINOUX AVENUE HENRI AUTRES NÂ°";"48,8112200000";"2,3184300000"
"202100041165";"6";"05";"2021";"09:27";"1";"92";"92044";"2";"1";"2";"5";"RIVAY(RUE)73A95 ET 62A94";"48,8968773161";"2,2873489559"
"202100041166";"4";"05";"2021";"09:25";"1";"92";"92024";"2";"7";"8";"6";"JEAN JAURES (BD) DE 47 A 109)   (56 A 14";"48,9028100000";"2,3039600000"
"202100041167";"6";"05";"2021";"08:00";"1";"92";"92023";"2";"1";"2";"2";"PORTE DE TRIVAUX (RUE DE) NÂ°57 A 197 ET";"48,7904244799";"2,2556677163"
"202100041168";"7";"05";"2021";"12:30";"1";"976";"97610";"1";"9";"1";"3";"Majicavo Lamir";" -12,7484840000";"45,2279230000"
"202100041169";"5";"05";"2021";"10:00";"1";"47";"47284";"1";"2";"1";"3";"Vauris";"44,5074710000";"0,9050520000"
"202100041170";"6";"05";"2021";"13:30";"1";"2A";"2A348";"1";"1";"1";"7";"RD 70";"42,1581940000";"8,7569730000"
"202100041171";"5";"05";"2021";"18:20";"1";"66";"66137";"1";"1";"8";"4";"A9 PK 279+200";"42,4742060000";"2,8598090000"
"202100041172";"7";"05";"2021";"16:20";"1";"95";"95487";"2";"1";"1";"3";"109 Avenue Jacques Vogt";"49,1534900000";"2,2712170000"
"202100041173";"6";"05";"2021";"14:23";"1";"06";"06161";"2";"1";"1";"1";"Boulevard des Italiens";"43,6401790000";"7,1402440000"
"202100041174";"6";"05";"2021";"18:55";"1";"28";"28061";"2";"1";"2";"3";"Avenue du GÃ©nÃ©ral de Gaulle";"48,2126600000";"1,1625930000"
"202100041175";"7";"05";"2021";"13:15";"1";"974";"97410";"1";"1";"1";"2";"route nationale 2";" -21,0215800000";"55,6995360000"
"202100041176";"7";"05";"2021";"14:00";"1";"85";"85064";"1";"1";"1";"1";"LA GARNAUDERIE";"46,8237620000";" -1,2439660000"
"202100041177";"7";"05";"2021";"12:40";"1";"62";"62477";"1";"1";"1";"6";"D75";"50,3080220000";"2,5451800000"
"202100041178";"23";"04";"2021";"17:38";"1";"56";"56140";"1";"1";"1";"2";"Bodavel";"47,8964350000";" -2,8394290000"
"202100041179";"6";"05";"2021";"13:25";"1";"56";"56143";"2";"3";"1";"3";"Rue du General de Gaulle";"47,5523350000";" -2,4807380000"
"202100041180";"7";"05";"2021";"04:55";"3";"56";"56143";"1";"1";"1";"6";"N165 sens Brest/Nantes";"47,5732250000";" -2,5203320000"
"202100041181";"25";"04";"2021";"18:30";"1";"2A";"2A032";"2";"1";"1";"3";"Route Departementale 3";"41,9232950000";"8,8216140000"
"202100041182";"6";"05";"2021";"20:45";"2";"81";"81220";"1";"1";"1";"6";"dÃ©partementale 2";"43,8407020000";"1,7141250000"
"202100041183";"4";"05";"2021";"17:00";"1";"89";"89034";"1";"1";"3";"5";"D 965";"47,8126700000";"3,7025100000"
"202100041184";"7";"05";"2021";"17:55";"1";"63";"63061";"1";"2";"1";"7";"RD 444";"46,0025660000";"3,2581810000"
"202100041185";"6";"05";"2021";"13:30";"1";"61";"61486";"2";"4";"2";"6";"Rue Xavier-onfray";"48,7635200000";" -0,7358260000"
"202100041186";"4";"05";"2021";"19:13";"1";"42";"42023";"1";"1";"1";"1";"D1082";"45,2983470000";"4,5410230000"
"202100041187";"7";"05";"2021";"02:15";"4";"41";"41002";"1";"1";"1";"6";"La Gouliere";"47,3077060000";"1,2430590000"
"202100041188";"7";"05";"2021";"19:05";"1";"39";"39434";"1";"2";"1";"3";"N/A";"46,8483640000";"5,7058260000"
"202100041189";"5";"05";"2021";"21:38";"5";"38";"38034";"2";"1";"1";"1";"Chemin du Pouloux";"45,3323130000";"5,0604080000"
"202100041190";"7";"05";"2021";"18:15";"1";"38";"38229";"2";"1";"1";"3";"Allee des Centaurees";"45,2040460000";"5,7647270000"
"202100041191";"6";"05";"2021";"18:45";"1";"03";"03036";"1";"2";"1";"2";"D953";"46,5889610000";"3,0794830000"
"202100041192";"7";"05";"2021";"17:05";"1";"26";"26243";"1";"1";"1";"3";"1225 Route de Dieulefit";"44,5297430000";"4,9897050000"
"202100041193";"7";"05";"2021";"14:00";"1";"58";"58097";"1";"1";"1";"6";"Lieu Dit Romenay";"46,9141290000";"3,5440890000"
"202100041194";"7";"05";"2021";"08:20";"1";"54";"54162";"1";"1";"1";"6";"route nationale 4";"48,6561600114";"5,8418512346"
"202100041195";"7";"05";"2021";"13:45";"1";"14";"14456";"2";"3";"1";"3";"Rue Rembrandt Bugatti (Moult)";"49,1161720000";" -0,1796010000"
"202100041196";"7";"05";"2021";"15:10";"1";"50";"50400";"1";"1";"1";"7";"D136";"49,3373580000";" -1,4409310000"
"202100041197";"6";"05";"2021";"17:55";"1";"50";"50186";"1";"1";"1";"7";"Rue du Hameau Pepin";"49,4834500000";" -1,4561820000"
"202100041198";"7";"05";"2021";"08:45";"1";"60";"60029";"1";"6";"1";"3";"RD981 - Le point du jour";"49,3635460000";"1,9729040000"
"202100041199";"4";"05";"2021";"21:00";"2";"53";"53146";"1";"1";"1";"6";"d12";"48,2118480000";" -0,7038920000"
"202100041200";"7";"05";"2021";"00:24";"3";"21";"21607";"1";"1";"1";"6";"Route DÃ©partementale 35";"47,0003340000";"5,1740240000"
"202100041201";"29";"04";"2021";"18:30";"1";"95";"95392";"2";"1";"1";"6";"RD 9";"49,0754630000";"2,2135690000"
"202100041202";"7";"05";"2021";"16:21";"1";"69";"69244";"2";"1";"1";"6";"VICTOR HUGO (AV)";"45,7699412816";"4,7884478941"
"202100041203";"30";"04";"2021";"17:50";"1";"01";"01418";"1";"1";"2";"6";"A42";"45,8269070000";"5,0155260000"
"202100041204";"6";"05";"2021";"07:45";"1";"987";"98715";"2";"2";"1";"3";"route de ceinture PK 4.5";" -17,5845220000";" -149,5685780000"
"202100041205";"7";"05";"2021";"12:45";"1";"38";"38212";"2";"3";"2";"3";"D 1091";"45,0895270000";"5,9018850000"
"202100041206";"5";"05";"2021";"23:30";"3";"02";"02758";"2";"1";"1";"6";"Avenue Jean JaurÃ¨s";"49,4046480000";"3,5146270000"
"202100041207";"6";"05";"2021";"16:00";"1";"987";"98722";"1";"1";"1";"3";"pk 16.500 RT2 Ã  PAPENOO";" -17,5914290000";" -149,3821260000"
"202100041208";"3";"05";"2021";"08:18";"1";"974";"97418";"1";"1";"1";"2";"N2";" -20,9002520000";"55,5603720000"
"202100041209";"4";"05";"2021";"10:10";"1";"88";"88101";"1";"1";"1";"1";"D11";"48,1462810000";"6,6090610000"
"202100041210";"7";"05";"2021";"19:00";"1";"57";"57160";"2";"2";"1";"1";"rue des Jonquilles/rue de la Houve";"49,2147900000";"6,6940320000"
"202100041211";"7";"05";"2021";"05:15";"3";"74";"74079";"1";"1";"2";"1";"Rte de Serraval";"45,8486970000";"6,3294020000"
"202100041212";"20";"04";"2021";"18:35";"1";"38";"38064";"2";"9";"1";"1";"13 route de Lyon";"45,5671400000";"5,3736610000"
"202100041213";"6";"05";"2021";"17:50";"1";"31";"31417";"2";"1";"1";"3";"Boulevard des Ãcoles";"43,6185770000";"1,2797570000"
"202100041214";"6";"05";"2021";"06:35";"2";"33";"33413";"1";"1";"1";"2";"N/A";"44,8615420000";" -0,3200840000"
"202100041215";"5";"05";"2021";"16:45";"1";"33";"33366";"1";"1";"1";"1";"Route de Libourne";"44,9828470000";" -0,4086510000"
"202100041216";"5";"05";"2021";"07:40";"1";"33";"33003";"2";"3";"1";"1";"Avenue Jules Ferry";"44,9329300000";" -0,5049040000"
"202100041217";"7";"05";"2021";"12:00";"1";"22";"22070";"2";"1";"1";"7";"Rue du Grand Trotrieux";"48,5604980000";" -3,1513600000"
"202100041218";"7";"05";"2021";"03:44";"3";"60";"60421";"1";"1";"1";"1";"N330";"49,1990170000";"2,6368410000"
"202100041219";"7";"05";"2021";"17:29";"1";"60";"60628";"1";"1";"1";"2";"N31";"49,4239722538";"2,1451623808"
"202100041220";"7";"05";"2021";"08:50";"1";"59";"59263";"1";"6";"1";"3";"D621";"50,3260940000";"3,1088730000"
"202100041221";"6";"05";"2021";"17:50";"1";"13";"13211";"1";"1";"1";"4";"A50-Sens Marseille vers Aubagne";"43,2879960000";"5,4417130000"
"202100041222";"6";"05";"2021";"18:00";"1";"13";"13211";"1";"1";"1";"2";"A50-Sens Marseille vers Aubagne";"43,2921470000";"5,4528170000"
"202100041223";"6";"05";"2021";"19:00";"1";"94";"94034";"1";"1";"1";"4";"AUTOROUTE A86";"48,7617100000";"2,3161300000"
"202100041224";"6";"05";"2021";"18:10";"1";"94";"94038";"1";"1";"1";"7";"AUTOROUTE A6B";"48,7715100000";"2,3451200000"
"202100041225";"6";"05";"2021";"15:45";"1";"92";"92002";"1";"1";"2";"2";"AUTOROUTE A10";"48,7359742554";"2,3155832291"
"202100041226";"6";"05";"2021";"14:05";"1";"94";"94021";"1";"1";"2";"3";"AUTOROUTE A6B";"48,7598400000";"2,3384600000"
"202100041227";"6";"05";"2021";"09:30";"1";"91";"91345";"1";"1";"2";"7";"AUTOROUTE A6";"48,6891000000";"2,3238000000"
"202100041228";"6";"05";"2021";"07:35";"1";"94";"94034";"1";"1";"2";"6";"AUTOROUTE A86";"48,7574006134";"2,3290801048"
"202100041229";"6";"05";"2021";"15:35";"1";"78";"78640";"1";"1";"1";"6";"N118";"48,7788480000";"2,2224110000"
"202100041230";"6";"05";"2021";"10:10";"1";"78";"78640";"1";"1";"2";"2";"A86 EXT";"48,7772480000";"2,2241020000"
"202100041231";"6";"05";"2021";"09:55";"1";"92";"92050";"1";"1";"2";"7";"A86";"48,9158853590";"2,2206609497"
"202100041232";"6";"05";"2021";"18:30";"1";"93";"93048";"1";"1";"2";"2";"AUTOROUTE A3";"48,8732000000";"2,4359200000"
"202100041233";"6";"05";"2021";"18:50";"1";"92";"92078";"1";"1";"2";"4";"AUTOROUTE A86";"48,9294615368";"2,3279731880"
"202100041234";"6";"05";"2021";"16:00";"1";"95";"95042";"1";"1";"2";"5";"RN 104";"49,0567300000";"2,2929000000"
"202100041235";"6";"05";"2021";"15:15";"1";"93";"93053";"1";"1";"2";"2";"AUTOROUTE A3";"48,8938200000";"2,4719100000"
"202100041236";"6";"05";"2021";"13:10";"1";"95";"95500";"1";"1";"3";"6";" A15";"49,0397700000";"2,0842400000"
"202100041237";"6";"05";"2021";"08:30";"1";"95";"95582";"1";"1";"2";"4";"RD 170";"48,9643000000";"2,2680900000"
"202100041238";"6";"05";"2021";"09:45";"1";"95";"95394";"1";"1";"2";"6";"A115";"49,0513100000";"2,1820700000"
"202100041239";"5";"05";"2021";"18:10";"1";"95";"95572";"1";"1";"1";"3";"A15";"49,0299000000";"2,1251700000"
"202100041240";"5";"05";"2021";"14:10";"1";"976";"97611";"2";"1";"1";"6";"tsoundzou-Mariage (place -tsoundzou 2)";" -12,8165400000";"45,1988400000"
"202100041241";"4";"05";"2021";"21:30";"5";"60";"60665";"2";"3";"1";"3";"Rue AndrÃ© Mellenne";"49,4140000000";"2,8000000000"
"202100041242";"1";"03";"2021";"09:30";"1";"38";"38151";"2";"3";"1";"6";"Rue Paul Langevin";"45,1452100000";"5,7255400000"
"202100041243";"5";"05";"2021";"17:40";"1";"976";"97611";"2";"1";"1";"6";"cavani-Belle vue (rue)";" -12,7865600000";"45,2193900000"
"202100041244";"5";"05";"2021";"18:30";"3";"974";"97416";"1";"3";"1";"1";"RN3 (3)";" -21,3152500000";"55,4929600000"
"202100041245";"5";"05";"2021";"17:15";"1";"974";"97416";"2";"1";"1";"1";"GENERAL DE GAULLE (RN2)";" -21,3579493482";"55,5213618279"
"202100041246";"3";"05";"2021";"12:20";"1";"974";"97407";"2";"9";"1";"6";"MURAT CHANOINE(RUE)";" -20,9300000000";"55,2900000000"
"202100041247";"5";"05";"2021";"18:36";"4";"973";"97302";"2";"2";"1";"3";"RABAN (ROUTE DE)";"4,9310500000";" -52,3133500000"
"202100041248";"5";"05";"2021";"20:15";"2";"69";"69388";"2";"1";"1";"3";"ETATS UNIS (DES)                    (BD)";"45,7257600000";"4,8702800000"
"202100041249";"5";"05";"2021";"07:50";"1";"69";"69387";"2";"2";"2";"3";"BERTHELOT                           (AV)";"45,7417200000";"4,8528300000"
"202100041250";"5";"05";"2021";"12:18";"1";"972";"97213";"1";"1";"1";"4";"AUTOROUTE A1";"14,6183000000";" -61,0203000000"
"202100041251";"4";"05";"2021";"18:20";"2";"972";"97213";"1";"1";"1";"6";"BOIS CARRE (RUE DU)";"14,6228400000";" -60,9904000000"
"202100041252";"5";"05";"2021";"09:30";"1";"69";"69202";"2";"2";"1";"3";"VERDUN (DE) (R)";"45,7329953421";"4,7998083477"
"202100041253";"5";"05";"2021";"07:30";"1";"69";"69286";"2";"3";"2";"3";"EUROPE (DE L')                      (AV)";"45,8189300000";"4,9056900000"
"202100041254";"5";"05";"2021";"07:00";"1";"69";"69286";"1";"1";"2";"1";"MARYSE BASTIE (R)";"45,8287400000";"4,9100100000"
"202100041255";"4";"05";"2021";"22:40";"3";"95";"95539";"1";"1";"1";"2";"RD 301";"48,9932397950";"2,3606443405"
"202100041256";"5";"05";"2021";"16:25";"1";"91";"91691";"2";"1";"2";"3";"MARCEAU BAILLIOTI(RUE)";"48,7068400000";"2,4959800000"
"202100041257";"4";"05";"2021";"14:10";"1";"91";"91223";"2";"4";"1";"2";"PARIS (AVENUE DE)";"48,4393600000";"2,1680700000"
"202100041258";"4";"05";"2021";"15:00";"1";"87";"87085";"2";"3";"1";"6";"GUTEMBERG (RUE)";"45,8412200000";"1,2564500000"
"202100041259";"2";"05";"2021";"16:03";"1";"87";"87085";"2";"1";"1";"6";"JEAN FERRAT (RUE)";"45,8790100000";"1,2625300000"
"202100041260";"5";"05";"2021";"11:16";"1";"78";"78015";"2";"3";"1";"6";"MASSON (RUE CHARLES)";"48,9882870000";"2,0649840000"
"202100041261";"5";"05";"2021";"13:45";"1";"77";"77186";"2";"1";"1";"2";"PAROISSE (RUE DE LA)";"48,4080000000";"2,6978700000"
"202100041262";"5";"05";"2021";"07:10";"1";"76";"76165";"2";"1";"1";"3";"FAURE. RUE FELIX";"49,2885900000";"1,0319800000"
"202100041263";"5";"05";"2021";"12:30";"1";"76";"76217";"2";"1";"1";"6";"THIERS (RUE)";"49,9183600000";"1,0771200000"
"202100041264";"5";"05";"2021";"13:15";"1";"69";"69266";"2";"1";"1";"6";"CHARLES HERNU (PL)";"45,7703254098";"4,8629426379"
"202100041265";"5";"05";"2021";"18:05";"1";"69";"69290";"2";"2";"1";"6";"MOZART (R)";"45,6939300000";"4,9383700000"
"202100041266";"4";"05";"2021";"10:20";"1";"66";"66136";"2";"9";"1";"6";"ZAMENHOP (DOCTEUR LUDWIG-LAZARUS)";"42,6971400000";"2,8909300000"
"202100041267";"5";"05";"2021";"08:34";"1";"65";"65440";"2";"6";"2";"3";"FERRE (PLACE)";"43,2283801177";"0,0758276618"
"202100041268";"5";"05";"2021";"10:05";"1";"64";"64024";"2";"9";"2";"3";"BAHINOS (ROUTE DE)";"43,4934900000";" -1,5180400000"
"202100041269";"5";"05";"2021";"09:47";"1";"64";"64102";"2";"1";"2";"7";"MARINES (AVENUE DES ALLEES)";"43,4995200000";" -1,4896700000"
"202100041270";"5";"05";"2021";"08:30";"1";"64";"64024";"2";"1";"2";"7";"BIARRITZ (AVENUE DE)";"43,4803300000";" -1,5176000000"
"202100041271";"4";"05";"2021";"18:55";"1";"64";"64102";"2";"6";"1";"3";"Avenue Henri Grenet";"43,5018300000";" -1,4786600000"
"202100041272";"4";"05";"2021";"18:41";"1";"64";"64140";"2";"1";"1";"7";"GLIZE (RUE RAYMOND ET MARCEL)";"43,5177000000";" -1,4784900000"
"202100041273";"3";"05";"2021";"18:51";"1";"64";"64102";"2";"3";"1";"3";"HARGOUS (CHEMIN DE)";"43,5079200000";" -1,4638700000"
"202100041274";"4";"05";"2021";"13:27";"1";"63";"63113";"2";"2";"1";"3";"137 LAFAYETTE (BD)";"45,7673700000";"3,1061600000"
"202100041275";"4";"05";"2021";"12:29";"1";"63";"63113";"2";"1";"1";"2";"53 Boulevard Lavoisier";"45,7859400000";"3,0794700000"
"202100041276";"3";"05";"2021";"15:13";"1";"63";"63113";"2";"6";"1";"7";"BREZET (ROND-POINT DU)";"45,7802000000";"3,1310800000"
"202100041277";"15";"04";"2021";"22:05";"5";"59";"59410";"2";"1";"1";"6";"PROVENCE RUE DE";"50,6476253513";"3,1181500486"
"202100041278";"3";"05";"2021";"20:40";"2";"56";"56121";"2";"6";"1";"6";"SCORFF ( BD DU )";"47,7609900000";" -3,3657800000"
"202100041279";"5";"05";"2021";"18:15";"1";"54";"54395";"2";"1";"1";"2";"METZ (RUE DE)";"48,7027988695";"6,1707343161"
"202100041280";"2";"05";"2021";"21:10";"1";"50";"50203";"2";"1";"1";"1";"GOLF DES ROCHES (LE)";"49,6047000000";" -1,6079400000"
"202100041281";"4";"05";"2021";"18:42";"1";"45";"45004";"2";"1";"2";"3";"Parking Bricoman";"47,9736500000";"2,7350600000"
"202100041282";"4";"05";"2021";"22:30";"5";"37";"37122";"2";"1";"8";"7";"PONT CHER (RUE DU)";"47,3627103975";"0,6740149856"
"202100041283";"4";"05";"2021";"20:00";"1";"37";"37261";"2";"3";"2";"7";"MALRAUX (QUAI ANDRE)";"47,3974886085";"0,7006911637"
"202100041284";"4";"05";"2021";"19:06";"1";"37";"37261";"2";"1";"2";"6";"MARECHAL JUIN (BD)";"47,4186600000";"0,7043800000"
"202100041285";"4";"05";"2021";"16:00";"1";"35";"35238";"2";"1";"1";"6";"BOURBONNAIS (DU)";"48,1206800000";" -1,7110100000"
"202100041286";"3";"05";"2021";"20:14";"1";"34";"34172";"2";"2";"1";"3";"JUVENAL (PONT)";"43,6058900000";"3,8940900000"
"202100041287";"4";"05";"2021";"17:50";"1";"33";"33281";"2";"9";"1";"3";"Avenue Roland Garros";"44,8245600000";" -0,6863300000"
"202100041288";"5";"05";"2021";"09:45";"1";"33";"33529";"2";"2";"1";"6";"Rue Desbiey";"44,6278500000";" -1,1435000000"
"202100041289";"5";"05";"2021";"14:20";"1";"31";"31555";"2";"1";"1";"2";"BAYONNE (ROUTE DE )";"43,6093943493";"1,3540488482"
"202100041290";"8";"04";"2021";"19:10";"1";"31";"31069";"2";"1";"1";"6";"BELLONTE (RD-PT MAURICE)";"43,6270000000";"1,3853100000"
"202100041291";"4";"05";"2021";"22:40";"5";"31";"31555";"2";"1";"1";"6";"POMPIDOU (AV GEORGE) DU 2AU 21";"43,6122500000";"1,4584100000"
"202100041292";"1";"05";"2021";"09:47";"1";"29";"29019";"2";"1";"1";"1";"Pont de Recouvrance";"48,3842810000";" -4,4971400000"
"202100041293";"5";"05";"2021";"10:00";"1";"26";"26198";"2";"1";"1";"6";"28 Av John Fitzgerald Kennedy";"44,5551300000";"4,7378300000"
"202100041294";"5";"05";"2021";"08:10";"1";"25";"25056";"2";"1";"1";"3";"GAULLE BOULEVARD CHARLES";"47,2300000000";"6,0100000000"
"202100041295";"4";"05";"2021";"19:25";"1";"24";"24037";"2";"9";"1";"6";"CALMETTE (BOULEVARD DU PROFESSEUR ALBERT";"44,8518800000";"0,5014800000"
"202100041296";"4";"05";"2021";"16:50";"1";"17";"17306";"2";"1";"3";"5";"EXPRESS (VOIE)";"45,6441500000";" -1,0417300000"
"202100041297";"5";"05";"2021";"17:40";"1";"13";"13203";"2";"1";"1";"2";"BATTALA (BOULEVARD)";"43,3181490000";"5,3791460000"
"202100041298";"2";"05";"2021";"18:30";"1";"13";"13215";"2";"4";"1";"3";"SAINT ANTOINE A SAINT JOSEPH (CHEMIN DE)";"43,3561004670";"5,3665738814"
"202100041299";"1";"05";"2021";"09:25";"1";"13";"13206";"2";"2";"2";"3";"LAFON (RUE)";"43,2912000000";"5,3807700000"