"Num_Acc";"jour";"mois";"an";"hrmn";"lum";"dep";"com";"agg";"int";"atm";"col";"adr";"lat";"long"
"202100041300";"5";"05";"2021";"18:30";"1";"12";"12145";"2";"4";"1";"3";"AIGOUAL (AVENUE DE L')";"44,1006200000";"3,1044500000"
"202100041301";"4";"05";"2021";"16:48";"1";"10";"10081";"1";"1";"3";"4";"ROCADE OUEST (RD 610)";"48,3068429523";"4,0226697922"
"202100041302";"4";"05";"2021";"08:40";"1";"10";"10387";"2";"1";"2";"6";"REINE BLANCHE (RUE)";"48,3065800000";"4,0648300000"
"202100041303";"4";"05";"2021";"07:05";"1";"10";"10387";"2";"2";"2";"6";"BLANQUI (RUE)";"48,2909400000";"4,0702200000"
"202100041304";"4";"05";"2021";"16:30";"1";"06";"06088";"2";"1";"1";"6";"FLIREY (AV. DE)";"43,7217930000";"7,2751830000"
"202100041305";"4";"05";"2021";"19:25";"1";"06";"06104";"2";"1";"1";"3";"HANOTEAUX (AVENUE GABRIEL)";"43,7601080000";"7,4666270000"
"202100041306";"5";"05";"2021";"17:50";"1";"75";"75115";"2";"1";"2";"4";"PORTE DE SEVRES";"48,8347680000";"2,2748020000"
"202100041307";"5";"05";"2021";"17:45";"1";"75";"75112";"2";"4";"1";"2";"ECHANGEUR BERCY";"48,8278160000";"2,3949840000"
"202100041308";"5";"05";"2021";"14:40";"1";"75";"75112";"2";"4";"1";"3";"ECHANGEUR BERCY";"48,8278160000";"2,3949840000"
"202100041309";"3";"05";"2021";"19:30";"1";"75";"75112";"2";"1";"1";"4";"BOULEVARD PERIPHERIQUE INTERIEUR SUD";"48,8284710000";"2,3974180000"
"202100041310";"5";"05";"2021";"10:10";"1";"75";"75106";"2";"2";"1";"6";"BOULEVARD DU MONTPARNASSE";"48,8455310000";"2,3191900000"
"202100041311";"5";"05";"2021";"20:00";"1";"75";"75120";"2";"2";"1";"6";"RUE BELGRAND";"48,8645570000";"2,4072330000"
"202100041312";"5";"05";"2021";"20:00";"1";"75";"75117";"2";"2";"1";"3";"RUE DE LA JONQUIERE";"48,8937440000";"2,3221410000"
"202100041313";"4";"05";"2021";"11:30";"1";"75";"75116";"2";"2";"2";"5";"AVENUE DE L HIPPODROME";"48,8622930000";"2,2383130000"
"202100041314";"4";"05";"2021";"08:45";"1";"75";"75116";"2";"7";"2";"6";"AVENUE D IENA";"48,8724880000";"2,2952440000"
"202100041315";"5";"05";"2021";"10:20";"1";"75";"75115";"2";"4";"1";"7";"BOULEVARD GARIBALDI";"48,8458050000";"2,3095110000"
"202100041316";"4";"05";"2021";"18:15";"1";"75";"75115";"2";"2";"1";"6";"BOULEVARD GARIBALDI";"48,8466780000";"2,3062210000"
"202100041317";"4";"05";"2021";"13:25";"1";"75";"75115";"2";"3";"2";"3";"RUE DE DANTZIG";"48,8309570000";"2,2964140000"
"202100041318";"5";"05";"2021";"15:10";"1";"75";"75114";"2";"1";"2";"2";"BOULEVARD JOURDAN";"48,8198190000";"2,3407320000"
"202100041319";"5";"05";"2021";"07:40";"1";"75";"75113";"2";"4";"1";"2";"BOULEVARD DE L HOPITAL";"48,8399790000";"2,3617640000"
"202100041320";"5";"05";"2021";"09:15";"1";"75";"75110";"2";"3";"1";"6";"BOULEVARD DE BONNE NOUVELLE";"48,8703840000";"2,3495720000"
"202100041321";"4";"05";"2021";"19:30";"1";"75";"75110";"2";"3";"1";"3";"RUE DU FAUBOURG SAINT MARTIN";"48,8825440000";"2,3668890000"
"202100041322";"5";"05";"2021";"21:15";"5";"75";"75108";"2";"5";"1";"2";"RUE DE CONSTANTINOPLE";"48,8812520000";"2,3167010000"
"202100041323";"4";"05";"2021";"15:10";"1";"75";"75102";"2";"2";"1";"5";"BOULEVARD DE BONNE NOUVELLE";"48,8698350000";"2,3518040000"
"202100041324";"4";"05";"2021";"11:35";"1";"75";"75103";"2";"2";"1";"3";"RUE DU TEMPLE";"48,8618970000";"2,3569210000"
"202100041325";"4";"05";"2021";"23:40";"5";"94";"94081";"2";"2";"1";"1";"JEAN JAURES (AV)";"48,7942546995";"2,4005871272"
"202100041326";"2";"05";"2021";"10:10";"1";"94";"94068";"2";"3";"1";"1";"Quai de Champignol";"48,8094200000";"2,5106000000"
"202100041327";"5";"05";"2021";"07:43";"1";"94";"94034";"2";"2";"1";"3";"PARC MEDICIS (AV DU)";"48,7538600000";"2,3391800000"
"202100041328";"5";"05";"2021";"16:30";"1";"94";"94018";"2";"1";"2";"3";"Quai des Carrieres";"48,8194600000";"2,4067300000"
"202100041329";"5";"05";"2021";"13:50";"1";"94";"94071";"2";"1";"1";"2";"Rue de Champigny";"48,7726810000";"2,5102090000"
"202100041330";"5";"05";"2021";"10:30";"1";"94";"94002";"2";"1";"1";"4";"BLANQUI (QU)";"48,8012800000";"2,4166500000"
"202100041331";"5";"05";"2021";"09:00";"1";"93";"93055";"2";"1";"1";"6";"ANATOLE FRANCE (AVENUE)";"48,8923360000";"2,4235700000"
"202100041332";"15";"04";"2021";"00:15";"5";"93";"93029";"2";"1";"1";"6";"ROGER SALENGRO NÂ° 94 - FIN";"48,9142100000";"2,4362200000"
"202100041333";"5";"05";"2021";"13:52";"1";"92";"92078";"2";"1";"2";"7";"REDOUTE (AVENUE)";"48,9446940695";"2,3189026863"
"202100041334";"4";"05";"2021";"17:28";"1";"92";"92064";"2";"1";"1";"3";"REPUBLIQUE";"48,8576481210";"2,2108536959"
"202100041335";"4";"05";"2021";"16:55";"1";"92";"92064";"2";"1";"1";"6";"REPUBLIQUE";"48,8465083768";"2,2140784727"
"202100041336";"5";"05";"2021";"09:15";"1";"92";"92049";"2";"1";"1";"3";"BROSSOLETTE AVENUE PIERRE";"48,8154679235";"2,3047564924"
"202100041337";"5";"05";"2021";"13:05";"1";"92";"92035";"2";"1";"1";"6";"Veuve Lacroix ( rue )";"48,9044819710";"2,2360423207"
"202100041338";"5";"05";"2021";"15:55";"1";"92";"92025";"2";"1";"1";"2";"KLEBER (AV)";"48,9308401686";"2,2435741127"
"202100041339";"5";"05";"2021";"08:55";"1";"92";"92025";"2";"1";"1";"6";"CHARLES DE GAULLE (BD)";"48,9136641443";"2,2298555461"
"202100041340";"5";"05";"2021";"21:10";"5";"92";"92007";"2";"6";"1";"3";"MOULIN-BLANCHARD (RUE DU)";"48,7945730000";"2,2982260000"
"202100041341";"5";"05";"2021";"08:15";"1";"39";"39129";"1";"1";"8";"1";"N/A";"46,6485230000";"5,9420370000"
"202100041342";"6";"05";"2021";"12:05";"1";"80";"80766";"1";"1";"2";"1";"Rue d'Harponville";"50,0360890000";"2,4648190000"
"202100041343";"3";"05";"2021";"13:50";"1";"80";"80016";"2";"2";"1";"6";"Rue de Birmingham";"50,0034570000";"2,6495560000"
"202100041344";"5";"05";"2021";"12:10";"1";"2A";"2A048";"1";"1";"7";"3";"RD 81";"42,0224070000";"8,7419630000"
"202100041345";"6";"05";"2021";"18:56";"1";"81";"81296";"1";"1";"1";"6";"maguelonne";"43,8509630000";"2,2818520000"
"202100041346";"4";"05";"2021";"19:00";"5";"972";"97221";"2";"3";"2";"1";"Rue du Morne Costet";"14,5236070000";" -60,9753440000"
"202100041347";"6";"05";"2021";"06:10";"3";"38";"38239";"2";"3";"1";"3";"Route de Champfeuillet";"45,3432200000";"5,5628300000"
"202100041348";"5";"05";"2021";"15:45";"1";"30";"30334";"1";"3";"1";"6";"D982";"44,0208000000";"4,4458000000"
"202100041349";"5";"05";"2021";"20:45";"3";"57";"57695";"1";"1";"2";"7";"D603 VARIZE";"49,1069580000";"6,4459710000"
"202100041350";"6";"05";"2021";"10:50";"1";"51";"51019";"1";"2";"2";"3";"Ferme de l'EspÃ©rance";"49,1876550000";"4,4132450000"
"202100041351";"5";"05";"2021";"09:40";"1";"51";"51052";"1";"1";"2";"7";"D980";"49,2737160000";"4,1590550000"
"202100041352";"6";"05";"2021";"15:25";"1";"19";"19153";"1";"3";"3";"3";"Route de Juillac";"45,2734970000";"1,4032570000"
"202100041353";"6";"05";"2021";"10:20";"1";"69";"69033";"2";"2";"2";"3";"PETIT GUILLERMET (DU) (R)";"45,8530530000";"4,8777500000"
"202100041354";"6";"05";"2021";"17:29";"1";"11";"11441";"1";"1";"1";"3";"D31";"43,2108610000";"3,0763920000"
"202100041355";"5";"05";"2021";"16:15";"1";"71";"71070";"2";"3";"1";"6";"Place du Carcabot";"46,7127060000";"4,6946460000"
"202100041356";"6";"05";"2021";"08:45";"1";"63";"63362";"1";"2";"2";"5";"D210, PK 19+150, carrefour avec la D17";"45,9257820000";"3,2457950000"
"202100041357";"5";"05";"2021";"15:00";"1";"47";"47049";"2";"6";"1";"3";"Place Saint Joseph";"44,4465790000";"0,6201010000"
"202100041358";"27";"04";"2021";"10:00";"1";"44";"44158";"1";"2";"1";"3";"La Musse";"47,2319400000";" -1,7869520000"
"202100041359";"5";"05";"2021";"14:30";"1";"31";"31341";"1";"2";"1";"3";"D17";"43,7249640000";"1,2476350000"
"202100041360";"6";"05";"2021";"16:25";"1";"01";"01204";"1";"1";"2";"5";"D1084";"46,1684860000";"5,6783970000"
"202100041361";"4";"05";"2021";"09:20";"1";"83";"83046";"2";"1";"1";"2";"D22";"43,5091120000";"6,1543150000"
"202100041362";"6";"05";"2021";"15:00";"1";"45";"45203";"2";"3";"2";"6";"37 rue des Cordeliers";"47,8279596362";"1,6974670294"
"202100041363";"6";"05";"2021";"11:10";"1";"64";"64538";"2";"1";"1";"3";"Rd 918";"43,1587450000";" -1,2463370000"
"202100041364";"5";"05";"2021";"15:00";"1";"18";"18141";"1";"1";"1";"3";"Route de Bourges";"47,1400740000";"2,2517040000"
"202100041365";"5";"05";"2021";"12:00";"1";"27";"27214";"1";"1";"2";"7";"D20";"49,3082390000";"1,4079990000"
"202100041366";"5";"05";"2021";"20:00";"1";"23";"23031";"2";"1";"1";"6";"Rue de la Gare";"46,3505970000";"2,2211050000"
"202100041367";"6";"05";"2021";"16:45";"1";"30";"30006";"1";"4";"1";"6";"D979";"43,7084000000";"4,2136220000"
"202100041368";"6";"05";"2021";"07:15";"1";"53";"53135";"1";"2";"8";"3";"Le Pont Vien";"47,9162020000";" -1,0012310000"
"202100041369";"6";"05";"2021";"08:30";"1";"80";"80024";"1";"1";"1";"2";"autoroute A16 - PK 133+550";"49,9477865164";"2,2346806528"
"202100041370";"6";"05";"2021";"13:50";"1";"31";"31506";"1";"1";"1";"4";"Route de Lauzerville";"43,5607780000";"1,5491800000"
"202100041371";"6";"05";"2021";"07:20";"1";"24";"24472";"1";"2";"1";"3";"D14E2";"44,8069980000";"0,5336310000"
"202100041372";"6";"05";"2021";"14:30";"1";"33";"33333";"2";"1";"2";"1";"N/A";"44,8419221422";" -1,1186850263"
"202100041373";"6";"05";"2021";"19:30";"1";"2A";"2A247";"2";"1";"1";"1";"Route de Muratello, RD159";"41,5941270000";"9,2175240000"
"202100041374";"30";"04";"2021";"16:52";"1";"34";"34081";"1";"1";"2";"6";"Route de Narbonne ";"43,3090040000";"3,1696410000"
"202100041375";"31";"03";"2021";"17:15";"1";"84";"84092";"1";"9";"7";"3";"147 Allee Vire Abeille";"43,9775050000";"4,8756590000"
"202100041376";"7";"04";"2021";"11:55";"1";"06";"06048";"2";"6";"1";"3";"Pointe de Blausasc";"43,7812650000";"7,3374350000"
"202100041377";"6";"05";"2021";"15:15";"1";"04";"04242";"1";"1";"1";"1";"RD 4096";"43,8823160000";"5,8555630000"
"202100041378";"6";"05";"2021";"13:30";"1";"57";"57069";"1";"1";"2";"6";"D63b";"49,2555060000";"6,6489680000"
"202100041379";"6";"05";"2021";"14:11";"1";"73";"73013";"2";"3";"2";"6";"Chemin Pierre Vignet";"45,2159760012";"6,3421046903"
"202100041380";"6";"05";"2021";"09:00";"1";"01";"01065";"1";"9";"2";"6";"dÃ©partementale 45";"46,2076360000";"5,1419450000"
"202100041381";"4";"05";"2021";"07:30";"1";"44";"44052";"1";"2";"3";"3";"Route de Crossac";"47,3599470000";" -2,1113490000"
"202100041382";"4";"05";"2021";"17:00";"1";"22";"22339";"1";"9";"1";"2";"D2";"48,4686530000";" -2,0601190000"
"202100041383";"3";"05";"2021";"14:00";"1";"59";"59139";"2";"3";"1";"3";"39 Boulevard Jean JaurÃ¨s";"50,1214670000";"3,4046090000"
"202100041384";"4";"05";"2021";"22:07";"5";"13";"13055";"1";"1";"1";"7";"A507 sens Aubagne- Marseille";"43,3305400000";"5,3917000000"
"202100041385";"4";"05";"2021";"21:20";"3";"13";"13081";"1";"1";"1";"7";"A7-Sens Marseille vers Lyon";"43,4940200000";"5,2398000000"
"202100041386";"5";"05";"2021";"18:11";"1";"33";"33192";"1";"1";"1";"4";"AUTOROUTE A 63";"44,7811580000";" -0,6366420000"
"202100041387";"4";"05";"2021";"08:45";"1";"33";"33448";"1";"1";"1";"3";"N/A";"44,7156210000";" -0,5184610000"
"202100041388";"3";"05";"2021";"16:40";"1";"33";"33063";"1";"1";"1";"4";"Rocade Nord A630";"44,8814320000";" -0,5452580000"
"202100041389";"5";"05";"2021";"19:35";"1";"92";"92002";"2";"1";"1";"7";"AUTOROUTE A10";"48,7372562311";"2,3185014725"
"202100041390";"5";"05";"2021";"07:40";"1";"91";"91589";"1";"1";"1";"2";"AUTOROUTE A6";"48,6738900000";"2,3426400000"
"202100041391";"5";"05";"2021";"10:50";"1";"91";"91432";"1";"1";"1";"3";"AUTOROUTE A6";"48,6926700000";"2,3211000000"
"202100041392";"5";"05";"2021";"11:00";"1";"91";"91345";"1";"1";"1";"2";"AUTOROUTE A6";"48,6884320000";"2,3248580000"
"202100041393";"5";"05";"2021";"08:00";"1";"91";"91534";"1";"1";"1";"2";"RN 118";"48,7379600000";"2,1785300000"
"202100041394";"5";"05";"2021";"17:10";"1";"78";"78133";"1";"1";"1";"4";"A13";"48,8914390000";"2,0092500000"
"202100041395";"5";"05";"2021";"13:30";"1";"95";"95572";"1";"1";"2";"3";"A15";"49,0252900000";"2,1315000000"
"202100041396";"4";"05";"2021";"17:50";"1";"95";"95060";"1";"1";"1";"6";" A115";"49,0430600000";"2,1880700000"
"202100041397";"4";"05";"2021";"17:55";"1";"93";"93066";"1";"1";"1";"4";"AUTOROUTE A1";"48,9148200000";"2,3575300000"
"202100041398";"4";"03";"2021";"07:25";"1";"69";"69275";"1";"1";"1";"3";"RN346";"45,7597700000";"4,9851900000"
"202100041399";"3";"05";"2021";"10:20";"1";"75";"75113";"2";"1";"1";"4";"QUAI D IVRY";"48,8256750000";"2,3866930000"
"202100041400";"4";"05";"2021";"13:39";"1";"75";"75119";"2";"2";"1";"3";"RUE D AUBERVILLIERS";"48,8952760000";"2,3719840000"
"202100041401";"4";"05";"2021";"08:28";"1";"75";"75105";"2";"1";"8";"3";"QUAI SAINT BERNARD";"48,8490570000";"2,3576730000"
"202100041402";"3";"05";"2021";"14:55";"1";"75";"75105";"2";"3";"1";"3";"RUE SAINT JACQUES";"48,8493610000";"2,3447560000"
"202100041403";"4";"05";"2021";"19:00";"1";"75";"75119";"2";"2";"1";"6";"RUE DE CRIMEE";"48,8795820000";"2,3894990000"
"202100041404";"4";"05";"2021";"17:30";"1";"75";"75119";"2";"3";"1";"6";"QUAI DE LA MARNE";"48,8887630000";"2,3808310000"
"202100041405";"4";"05";"2021";"09:00";"1";"75";"75119";"2";"2";"2";"6";"RUE RIQUET";"48,8896880000";"2,3681290000"
"202100041406";"4";"05";"2021";"11:30";"1";"75";"75118";"2";"2";"1";"3";"BOULEVARD BARBES";"48,8883540000";"2,3495700000"
"202100041407";"4";"05";"2021";"16:20";"1";"75";"75115";"2";"3";"1";"3";"BOULEVARD LEFEBVRE";"48,8326940000";"2,2883710000"
"202100041408";"4";"05";"2021";"11:45";"1";"75";"75115";"2";"2";"1";"3";"AVENUE EMILE ZOLA";"48,8466950000";"2,2888710000"
"202100041409";"4";"05";"2021";"20:20";"2";"75";"75113";"2";"1";"1";"3";"PONT CHARLES DE GAULLE";"48,8424550000";"2,3688990000"
"202100041410";"4";"05";"2021";"19:41";"1";"75";"75108";"2";"2";"1";"3";"AVENUE WINSTON CHURCHILL";"48,8677470000";"2,3139770000"
"202100041411";"4";"05";"2021";"17:55";"1";"75";"75108";"2";"1";"1";"3";"RUE DE LISBONNE";"48,8777070000";"2,3145140000"
"202100041412";"4";"05";"2021";"14:25";"1";"75";"75108";"2";"7";"1";"3";"PLACE CHARLES DE GAULLE";"48,8738270000";"2,2959210000"
"202100041413";"4";"05";"2021";"13:00";"1";"75";"75101";"2";"1";"1";"6";"RUE DE RIVOLI";"48,8630320000";"2,3344910000"
"202100041414";"3";"05";"2021";"23:00";"5";"75";"75102";"2";"1";"1";"7";"RUE REAUMUR";"48,8680410000";"2,3442030000"
"202100041415";"4";"05";"2021";"19:00";"1";"93";"93071";"2";"1";"1";"2";"Impasse Limanton";"48,9314700000";"2,5148700000"
"202100041416";"4";"05";"2021";"17:00";"1";"93";"93050";"2";"1";"1";"3";"Rue du 19 Mars 1962";"48,8630280000";"2,5327040000"
"202100041417";"4";"05";"2021";"01:55";"5";"93";"93048";"2";"3";"1";"6";"Boulevard Aristide Briand / Rue Jean Baptiste Lamarck";"48,8705500000";"2,4510900000"
"202100041418";"4";"05";"2021";"19:20";"1";"93";"93046";"2";"9";"1";"3";"MARE AU CHANVRE CHEMIN";"48,9266500000";"2,5378600000"
"202100041419";"4";"05";"2021";"08:30";"1";"93";"93015";"2";"2";"8";"3";"COTTAGE RUE DU";"48,9100000000";"2,5600000000"
"202100041420";"3";"05";"2021";"17:44";"1";"93";"93063";"2";"1";"1";"3";"Avenue Paul Vaillant - Couturier";"48,8850600000";"2,4341300000"
"202100041421";"4";"05";"2021";"18:40";"1";"93";"93007";"2";"1";"1";"6";"""PAUL VAILLANT COUTURIER (AVENUE """"DU 01";"48,9269500000";"2,4721400000"
"202100041422";"4";"05";"2021";"18:20";"1";"93";"93001";"2";"1";"8";"6";"Rue Elisee Reclus";"48,9168700000";"2,4010700000"
"202100041423";"3";"05";"2021";"13:55";"1";"92";"92046";"2";"6";"1";"3";"CAMELINAT";"48,8159600000";"2,2953300000"
"202100041424";"4";"05";"2021";"08:10";"1";"92";"92063";"2";"1";"6";"6";"ALBERT 1ER (AVENUE)";"48,8853465392";"2,1722025036"
"202100041425";"3";"05";"2021";"08:15";"1";"92";"92051";"2";"9";"1";"3";"ROULE (AVENUE DU, NÂ° 29 A 91 ET 30 A 86)";"48,8818000000";"2,2804600000"
"202100041426";"4";"05";"2021";"10:15";"1";"92";"92062";"2";"1";"1";"3";"POMPIDOU (AV GEORGES) NÂ°2 A 18";"48,8753994909";"2,2329162061"
"202100041427";"4";"05";"2021";"13:05";"1";"92";"92026";"2";"3";"1";"3";"COLOMBES";"48,9045300000";"2,2558400000"
"202100041428";"3";"05";"2021";"20:15";"1";"92";"92025";"2";"2";"1";"3";"GABRIEL PERI (RUE)";"48,9157416731";"2,2324374318"
"202100041429";"3";"05";"2021";"16:45";"1";"92";"92025";"2";"1";"1";"3";"VALMY (BD DE)";"48,9255728366";"2,2528731823"
"202100041430";"2";"05";"2021";"16:02";"1";"92";"92025";"2";"3";"2";"3";"CHARLES DE GAULLE (BD)";"48,9145640465";"2,2289586067"
"202100041431";"4";"05";"2021";"21:00";"2";"92";"92024";"2";"6";"1";"3";"CLICHY (QUAI DE) DE (8 A 60)";"48,9034642444";"2,2895510545"
"202100041432";"4";"05";"2021";"08:45";"1";"92";"92024";"2";"1";"2";"5";"MARTRE DE (4 A 54)";"48,9002800000";"2,3085900000"
"202100041433";"4";"05";"2021";"20:00";"1";"92";"92012";"2";"3";"1";"2";"ALPHONSE LE GALLO (QUAI) 1/34";"48,8325600000";"2,2275500000"
"202100041434";"4";"05";"2021";"18:50";"1";"01";"01361";"1";"2";"1";"1";"RD 65B";"45,8471420000";"5,1893230000"
"202100041435";"5";"05";"2021";"14:43";"1";"26";"26096";"1";"1";"1";"3";"4 Impasse de la Forge";"45,0767300000";"4,9575160000"
"202100041436";"4";"05";"2021";"22:15";"3";"25";"25298";"1";"1";"2";"6";"A36";"47,3432650000";"6,2974510000"
"202100041437";"4";"05";"2021";"15:45";"1";"43";"43117";"1";"1";"1";"4";"RN 102";"45,2435300000";"3,4485910000"
"202100041438";"5";"05";"2021";"05:00";"3";"11";"11069";"1";"9";"2";"7";"PK 325, Autoroute A.61";"43,1921681495";"2,3706419021"
"202100041439";"5";"05";"2021";"07:00";"1";"33";"33327";"2";"2";"1";"1";"D1113";"44,6496700000";" -0,3542340000"
"202100041440";"3";"05";"2021";"16:10";"1";"17";"17172";"1";"3";"1";"1";"28 Rue de la SabliÃ¨re";"45,5601780000";" -0,6560190000"
"202100041441";"5";"05";"2021";"15:15";"1";"81";"81133";"1";"1";"8";"7";"D71";"43,8611110000";"2,1596050000"
"202100041442";"2";"05";"2021";"09:00";"1";"974";"97422";"2";"3";"1";"3";"rn3";" -21,2754810000";"55,5254710000"
"202100041443";"4";"05";"2021";"20:00";"3";"972";"97207";"1";"1";"1";"1";"RN 6 - Bois rouge";"14,6026050000";" -60,9640570000"
"202100041444";"4";"05";"2021";"19:45";"1";"28";"28158";"1";"1";"1";"7";"D114";"48,4072980000";"1,3931180000"
"202100041445";"5";"05";"2021";"14:30";"1";"2B";"2B049";"1";"1";"1";"7";"route dÃ©partementale 81";"42,4796940000";"8,7746000000"
"202100041446";"5";"05";"2021";"11:30";"1";"33";"33492";"2";"3";"1";"1";"119 avenue du gÃ©nÃ©ral de gaulle";"45,1399860000";" -0,4101020000"
"202100041447";"5";"05";"2021";"07:20";"2";"33";"33252";"2";"1";"2";"1";"N/A";"44,8039150000";" -0,3930190000"
"202100041448";"5";"05";"2021";"15:45";"1";"71";"71559";"1";"1";"1";"6";"D.987 - Lieu-dit ""La  Velle""";"46,2801140000";"4,3640180000"
"202100041449";"4";"05";"2021";"22:00";"3";"63";"63282";"1";"1";"1";"6";"Route dÃ©partementale 978";"45,6042035254";"3,1528465150"
"202100041450";"30";"04";"2021";"16:30";"1";"31";"31177";"2";"1";"1";"6";"Village";"42,9269780000";"0,6839470000"
"202100041451";"12";"04";"2021";"16:30";"1";"38";"38175";"1";"1";"1";"6";"D528";"45,2569650647";"5,9161591530"
"202100041452";"4";"05";"2021";"22:15";"5";"02";"02095";"2";"1";"1";"6";"100 Rue Jean JaurÃ¨s";"49,9867720000";"3,4472180000"
"202100041453";"5";"05";"2021";"05:55";"3";"03";"03132";"1";"1";"2";"7";"D989";"46,3824720000";"3,5723050000"
"202100041454";"27";"03";"2021";"14:50";"1";"83";"83025";"1";"1";"1";"3";"D560";"43,5260860000";"5,9609410000"
"202100041455";"5";"05";"2021";"15:43";"1";"60";"60497";"1";"1";"1";"2";"D938";"49,4905000000";"2,3120110000"
"202100041456";"2";"04";"2021";"13:15";"1";"07";"07201";"1";"1";"1";"3";"D 111";"44,4289530000";"4,3318960000"
"202100041457";"30";"04";"2021";"09:30";"1";"17";"17397";"1";"2";"1";"6";"D114";"45,8606970000";" -0,6604830000"
"202100041458";"4";"05";"2021";"15:10";"1";"52";"52208";"2";"2";"2";"1";"D417";"47,9408420000";"5,8349790000"
"202100041459";"4";"05";"2021";"12:35";"1";"52";"52058";"1";"2";"2";"3";"D44";"48,2042730000";"5,1488170000"
"202100041460";"5";"05";"2021";"08:50";"1";"13";"13051";"1";"1";"2";"1";"D113";"43,5890830000";"5,1188300000"
"202100041461";"3";"05";"2021";"10:00";"1";"34";"34022";"1";"1";"1";"3";"A709";"43,6657370000";"4,0055890000"
"202100041462";"5";"05";"2021";"20:00";"1";"77";"77044";"1";"1";"1";"7";"rd 408";"48,5462310000";"2,8560590000"
"202100041463";"4";"05";"2021";"08:10";"1";"89";"89085";"1";"1";"1";"5";"d606";"47,9366880000";"3,5039310000"
"202100041464";"1";"05";"2021";"14:35";"1";"89";"89055";"2";"1";"1";"7";"CD84";"47,9980690000";"3,6163410000"
"202100041465";"2";"05";"2021";"17:25";"1";"38";"38467";"2";"3";"1";"2";"43 Chemin des Champagnes";"45,6688850000";"5,3656790000"
"202100041466";"5";"05";"2021";"15:45";"1";"01";"01403";"1";"1";"1";"3";"Route dÃ©partementale 19 - PK/PR 05+946";"45,8134120000";"5,4515580000"
"202100041467";"5";"05";"2021";"18:06";"1";"79";"79048";"1";"4";"1";"3";"N/A";"46,3696480000";" -0,2836220000"
"202100041468";"5";"05";"2021";"08:40";"1";"44";"44047";"2";"1";"7";"6";"Boulevard de l'Europe";"47,2151630000";" -1,7151870000"
"202100041469";"4";"05";"2021";"18:00";"1";"59";"59120";"1";"1";"1";"7";"Rue du Moulin";"50,7615180000";"2,6104170000"
"202100041470";"3";"05";"2021";"18:00";"1";"13";"13019";"1";"1";"1";"4";"A51-Sens Marseille vers Aix en Provence";"43,4244000000";"5,3759100000"
"202100041471";"3";"05";"2021";"07:55";"1";"13";"13211";"1";"1";"1";"5";"A50-Sens Aubagne vers Marseille";"43,2937323176";"5,4570932344"
"202100041472";"4";"05";"2021";"07:35";"1";"83";"83137";"1";"1";"1";"2";"A57";"43,1293770000";"5,9774430000"
"202100041473";"4";"05";"2021";"11:25";"1";"33";"33039";"1";"1";"1";"6";"Echangeur Franc A631";"44,8058710000";" -0,5317449000"
"202100041474";"4";"05";"2021";"19:07";"1";"91";"91589";"1";"1";"1";"6";"AUTOROUTE A6";"48,6716400000";"2,3459700000"
"202100041475";"4";"05";"2021";"15:15";"1";"91";"91179";"1";"1";"2";"6";"AUTOROUTE A6";"48,5671500000";"2,4729200000"
"202100041476";"4";"05";"2021";"16:30";"1";"94";"94037";"1";"1";"1";"7";"AUTOROUTE A6B";"48,8132601417";"2,3544788369"
"202100041477";"4";"05";"2021";"09:25";"1";"91";"91617";"1";"1";"1";"2";"RN 104 INT / A5A PROVINCE";"48,6378800000";"2,5353000000"
"202100041478";"4";"05";"2021";"09:00";"1";"92";"92036";"1";"1";"1";"3";"AUTOROUTE A86";"48,9383300000";"2,3120800000"
"202100041479";"3";"05";"2021";"12:30";"1";"93";"93066";"1";"1";"1";"2";"AUTOROUTE A86";"48,9248100000";"2,3405300000"
"202100041480";"3";"05";"2021";"09:30";"1";"95";"95572";"1";"1";"1";"4";"RN 184";"49,0354500000";"2,1169290000"
"202100041481";"4";"05";"2021";"09:45";"1";"77";"77337";"1";"1";"8";"7";"A4";"48,8298070006";"2,6189959847"
"202100041482";"3";"05";"2021";"13:10";"1";"94";"94018";"1";"1";"1";"4";"A4";"48,8241300000";"2,3946000000"
"202100041483";"3";"05";"2021";"08:45";"1";"976";"97611";"2";"1";"1";"6";"kaweni-Centrale EDM (rue de la )";" -12,7620600000";"45,2261600000"
"202100041484";"3";"05";"2021";"15:05";"1";"971";"97101";"2";"1";"1";"6";"VIEUX BOURG";"16,2476700000";" -61,5330500000"
"202100041485";"3";"05";"2021";"12:55";"1";"83";"83137";"1";"1";"1";"6";"A50";"43,1265820000";"5,8913600000"
"202100041486";"4";"03";"2021";"08:45";"1";"38";"38169";"2";"3";"1";"6";"MAIL MARCEL CACHIN";"45,1922400000";"5,6876300000"
"202100041487";"14";"01";"2021";"14:30";"1";"13";"13209";"2";"1";"1";"3";"MAZARGUES (AVENUE DE)";"43,2484326738";"5,3984887357"
"202100041488";"10";"03";"2021";"15:45";"1";"78";"78551";"2";"3";"1";"6";"LYAUTEY (DU MARECHAL)";"48,8949800000";"2,0954700000"
"202100041489";"11";"03";"2021";"12:35";"1";"42";"42183";"2";"9";"1";"6";"Rue de la LibÃ©ration";"45,4037930000";"4,3663870000"
"202100041490";"22";"02";"2021";"17:50";"1";"59";"59599";"2";"2";"1";"3";"PAPIN (CHAUSSEE DENIS)";"50,7304290000";"3,1400010000"
"202100041491";"3";"05";"2021";"15:35";"1";"976";"97611";"2";"3";"1";"3";"Boulevard Younoussa Bamana";" -12,7825600000";"45,2235500000"
"202100041492";"29";"04";"2021";"18:20";"5";"974";"97416";"2";"1";"1";"1";"HIPPOLYTE  PIOT (RUE)";" -21,2975000000";"55,4521000000"