"Num_Acc";"jour";"mois";"an";"hrmn";"lum";"dep";"com";"agg";"int";"atm";"col";"adr";"lat";"long"
"202100041493";"3";"05";"2021";"20:30";"4";"974";"97411";"2";"1";"1";"7";"DORET 1 (BOULEVARD)";" -20,8905400000";"55,4615800000"
"202100041494";"3";"05";"2021";"12:50";"1";"973";"97302";"2";"1";"1";"5";"ROUTE NATIONALE 3";"4,9052900000";" -52,3198100000"
"202100041495";"3";"05";"2021";"08:10";"1";"973";"97302";"2";"2";"1";"3";"DALHIAS (RUE DES) CITE BONHOMME";"4,9214643839";" -52,3194154501"
"202100041496";"3";"05";"2021";"07:10";"1";"973";"97302";"2";"9";"3";"6";"MANGO (ROUTE)";"4,9298625765";" -52,3154157441"
"202100041497";"3";"05";"2021";"08:45";"1";"69";"69386";"2";"1";"1";"7";"LAFAYETTE (CR)";"45,7637308357";"4,8651060462"
"202100041498";"3";"05";"2021";"08:05";"1";"69";"69276";"2";"2";"1";"3";"HECTOR BERLIOZ                          ";"45,6681000000";"4,8529900000"
"202100041499";"1";"05";"2021";"23:20";"5";"972";"97209";"2";"9";"1";"6";"CONDORCET (AVENUE)";"14,6085868929";" -61,0830306847"
"202100041500";"2";"05";"2021";"18:00";"1";"69";"69389";"2";"1";"1";"6";"ANDREI SAKHAROV                     (AV)";"45,7877900000";"4,7999200000"
"202100041501";"3";"05";"2021";"08:40";"1";"69";"69389";"2";"1";"1";"6";"25EME REGIMENT DE TIRAILLEURS SENEGA(AV)";"45,7858900000";"4,8037700000"
"202100041502";"2";"05";"2021";"15:10";"1";"971";"97101";"1";"1";"1";"6";"BAIMBRIDGE (ROUTE DE)";"16,2494700000";" -61,5282400000"
"202100041503";"2";"05";"2021";"12:10";"1";"971";"97113";"1";"1";"1";"6";"RN4 - SECTION RIVIERA";"16,2174700000";" -61,4940200000"
"202100041504";"3";"05";"2021";"08:30";"1";"95";"95598";"2";"1";"1";"2";"KELLERMANN    AVENUE";"48,9846862015";"2,2950580143"
"202100041505";"3";"05";"2021";"15:20";"1";"91";"91657";"2";"9";"1";"2";"AV HENRI BARBUSSE";"48,7008000000";"2,4223600000"
"202100041506";"2";"05";"2021";"03:56";"5";"87";"87085";"2";"1";"1";"6";"PRADES (RUE DES)";"45,8719100000";"1,2942100000"
"202100041507";"30";"04";"2021";"16:50";"1";"87";"87085";"2";"1";"1";"6";"LECLERC (AVENUE DU GENERAL)";"45,8401900000";"1,2586100000"
"202100041508";"30";"04";"2021";"17:28";"1";"87";"87085";"2";"1";"1";"2";"BEL AIR (BOULEVARD DE)";"45,8197300000";"1,2493400000"
"202100041509";"3";"05";"2021";"08:30";"1";"86";"86158";"1";"1";"1";"3";"N147";"46,6288930000";"0,2955580000"
"202100041510";"23";"04";"2021";"12:15";"1";"83";"83129";"2";"1";"1";"3";"Avenue du President John Kennedy";"43,1076000000";"5,8170700000"
"202100041511";"3";"05";"2021";"14:47";"1";"76";"76540";"1";"1";"1";"6";"pont mathilde";"49,4341057434";"1,1050862074"
"202100041512";"3";"05";"2021";"14:10";"1";"76";"76540";"2";"9";"1";"6";"MADAGASCAR. RUE DE";"49,4370000000";"1,0661600000"
"202100041513";"30";"04";"2021";"13:40";"1";"76";"76305";"1";"6";"1";"7";"ESTUAIRE";"49,4577300000";"0,2059000000"
"202100041514";"1";"05";"2021";"16:10";"1";"76";"76026";"2";"6";"1";"3";"VERDIER MONETTI (RUE)";"49,8826000000";"1,1414300000"
"202100041515";"30";"04";"2021";"15:45";"1";"71";"71306";"2";"6";"1";"3";"MARECHAL LECLERC (AVENUE DU)";"46,6811000000";"4,3702400000"
"202100041516";"3";"05";"2021";"19:50";"1";"71";"71153";"2";"1";"1";"3";"MONTCENIS (ROUTE DE)";"46,8008000000";"4,4116000000"
"202100041517";"3";"05";"2021";"14:20";"1";"69";"69029";"2";"6";"1";"7";"EDOUARD HERRIOT (AV)";"45,7290750398";"4,9013144374"
"202100041518";"3";"05";"2021";"15:00";"1";"69";"69266";"2";"3";"1";"3";"JEAN JAURES (R)";"45,7570300000";"4,8806600000"
"202100041519";"2";"05";"2021";"01:00";"5";"67";"67482";"2";"4";"2";"3";"RHIN TORTU (RUE DU)";"48,5458680000";"7,7581910000"
"202100041520";"29";"04";"2021";"18:30";"1";"67";"67482";"2";"1";"1";"2";"EDMOND ROSTAND (RUE)";"48,5906700000";"7,6915700000"
"202100041521";"3";"05";"2021";"14:05";"1";"64";"64132";"2";"2";"1";"3";"CORPS FRANC POMMIES DU";"43,3049800000";" -0,3204700000"
"202100041522";"3";"05";"2021";"17:30";"1";"64";"64024";"2";"1";"1";"7";"BAYONNE (AVENUE DE)";"43,4825700000";" -1,5056500000"
"202100041523";"3";"05";"2021";"16:30";"1";"64";"64102";"2";"6";"1";"3";"PONTOTS (GIRATOIRE LES)";"43,4886000000";" -1,4914900000"
"202100041524";"29";"04";"2021";"18:39";"1";"63";"63032";"2";"6";"1";"3";"POURLIAT (ROND-POINT DU)";"45,7478900000";"3,0946900000"
"202100041525";"29";"04";"2021";"22:48";"5";"63";"63113";"2";"2";"1";"3";"FONTGIEVE (RUE)";"45,7807300000";"3,0766700000"
"202100041526";"3";"05";"2021";"16:13";"1";"59";"59350";"2";"2";"1";"3";"IENA RUE";"50,6226500000";"3,0488200000"
"202100041527";"30";"04";"2021";"20:03";"1";"56";"56121";"2";"2";"1";"3";"JOFFRE ( BD MARECHAL )";"47,7522600000";" -3,3629800000"
"202100041528";"30";"04";"2021";"10:55";"1";"56";"56121";"2";"3";"1";"3";"DE GAULLE ( AVE DU GENERAL )";"47,7405000000";" -3,3755200000"
"202100041529";"3";"05";"2021";"16:15";"1";"51";"51454";"2";"1";"1";"4";"Avenue BrÃ©bant";"49,2591182599";"4,0095763764"
"202100041530";"1";"05";"2021";"19:25";"1";"51";"51454";"2";"1";"1";"7";"Rue Olympe de Gouges";"49,2303900000";"4,0080000000"
"202100041531";"1";"03";"2021";"09:05";"1";"42";"42044";"2";"1";"1";"6";"Rue Remy Moise";"45,4031791318";"4,3511156514"
"202100041532";"3";"05";"2021";"09:45";"1";"37";"37233";"2";"3";"1";"3";"ATELIERS (RUE DES)";"47,3862887311";"0,7153397204"
"202100041533";"3";"05";"2021";"09:12";"1";"37";"37261";"2";"3";"1";"4";"ROUZIERS (ROUTE DE)";"47,4338398117";"0,6743996144"
"202100041534";"2";"05";"2021";"10:31";"1";"37";"37122";"2";"2";"1";"1";"JEAN JAURES";"47,3487678289";"0,6632523536"
"202100041535";"27";"04";"2021";"17:30";"1";"34";"34301";"2";"3";"1";"3";"VERDUN (BOULEVARD DE)";"43,4118000000";"3,6812000000"
"202100041536";"3";"05";"2021";"17:35";"1";"31";"31555";"2";"1";"1";"5";"ECHANGEUR SESQUIERES (A62-A620)";"43,6484600000";"1,4240300000"
"202100041537";"3";"05";"2021";"11:15";"1";"31";"31149";"2";"3";"1";"3";"EN SIGAL (CHEMIN D')";"43,6057200000";"1,3259400000"
"202100041538";"3";"05";"2021";"09:10";"1";"31";"31555";"2";"1";"1";"6";"AV DE LARDENNE";"43,5901510000";"1,3785600000"
"202100041539";"3";"05";"2021";"07:10";"2";"28";"28085";"2";"1";"7";"2";"MERMOZ (RUE JEAN)";"48,4502700000";"1,5093800000"
"202100041540";"3";"05";"2021";"08:25";"1";"27";"27229";"2";"1";"1";"2";"FAUVILLE (RUE DE)";"49,0284200000";"1,1843100000"
"202100041541";"3";"05";"2021";"12:10";"1";"26";"26198";"1";"1";"1";"2";"Route Nationale 7";"44,5411800000";"4,7305000000"
"202100041542";"3";"05";"2021";"22:45";"5";"25";"25056";"2";"2";"1";"3";"BLUM BOULEVARD LEON (sup 90)";"47,2593340000";"6,0286210000"
"202100041543";"29";"04";"2021";"09:30";"1";"24";"24322";"2";"2";"2";"3";"COMBES DES DAMES (RUE)";"45,1896000000";"0,7201900000"
"202100041544";"24";"04";"2021";"18:25";"1";"18";"18205";"2";"3";"1";"3";"COUPANCES (RUE DES)";"47,1059900000";"2,3614400000"
"202100041545";"2";"05";"2021";"17:00";"1";"16";"16089";"2";"3";"1";"3";"Avenue de Barbezieux";"45,6807030000";" -0,3284730000"
"202100041546";"2";"05";"2021";"16:45";"1";"11";"11069";"2";"2";"1";"3";"BUNAU VARILLA -AV-";"43,2077600000";"2,3369200000"
"202100041547";"3";"05";"2021";"10:00";"1";"06";"06069";"2";"1";"1";"6";"MARIGARDE (ROUTE DE LA)";"43,6551260000";"6,9400220000"
"202100041548";"30";"04";"2021";"14:26";"1";"05";"05061";"2";"1";"2";"6";"VEYNES ( AVENUE DE  )";"44,5578300000";"6,0714700000"
"202100041549";"3";"05";"2021";"17:05";"1";"75";"75120";"2";"1";"1";"2";"PORTE DE BAGNOLET";"48,8687420000";"2,4132520000"
"202100041550";"2";"05";"2021";"14:00";"1";"75";"75111";"2";"2";"1";"3";"AVENUE DE LA REPUBLIQUE";"48,8640240000";"2,3810770000"
"202100041551";"3";"05";"2021";"12:11";"1";"75";"75120";"2";"2";"1";"3";"AVENUE DE LA PORTE DES LILAS";"48,8779680000";"2,4095390000"
"202100041552";"3";"05";"2021";"14:20";"1";"75";"75119";"2";"7";"1";"6";"PLACE AUGUSTE BARON";"48,9006730000";"2,3870330000"
"202100041553";"3";"05";"2021";"14:00";"1";"75";"75119";"2";"2";"1";"6";"PLACE ARMAND CARREL";"48,8825496690";"2,3816935426"
"202100041554";"3";"05";"2021";"17:48";"1";"75";"75117";"2";"2";"1";"6";"RUE FOURCROY";"48,8808950000";"2,2975440000"
"202100041555";"3";"05";"2021";"09:20";"1";"75";"75116";"2";"2";"1";"3";"AVENUE MARCEAU";"48,8696760000";"2,2982040000"
"202100041556";"3";"05";"2021";"09:15";"1";"75";"75115";"2";"7";"1";"5";"AVENUE DE LA PORTE DE LA PLAINE";"48,8278430000";"2,2923350000"
"202100041557";"3";"05";"2021";"18:50";"1";"75";"75114";"2";"3";"1";"3";"RUE FRIANT";"48,8238690000";"2,3232720000"
"202100041558";"3";"05";"2021";"19:45";"1";"75";"75113";"2";"3";"1";"3";"BOULEVARD VINCENT AURIOL";"48,8316930000";"2,3579470000"
"202100041559";"3";"05";"2021";"09:00";"1";"75";"75108";"2";"7";"1";"1";"PLACE DU CANADA";"48,8649210000";"2,3103220000"
"202100041560";"3";"05";"2021";"11:58";"1";"75";"75107";"2";"1";"8";"6";"RUE AMELIE";"48,8585210000";"2,3076320000"
"202100041561";"2";"05";"2021";"10:35";"1";"75";"75101";"2";"2";"7";"6";"RUE DE RIVOLI";"48,8637300000";"2,3322340000"
"202100041562";"3";"05";"2021";"18:05";"1";"94";"94078";"2";"1";"1";"3";"Avenue LÃ©o Lagrange";"48,7306900000";"2,4592980000"
"202100041563";"2";"05";"2021";"19:00";"2";"94";"94046";"2";"9";"1";"4";"Avenue de la RÃ©publique";"48,8106000000";"2,4570700000"
"202100041564";"3";"05";"2021";"16:00";"1";"94";"94016";"2";"1";"1";"6";"Avenue de la Division Leclerc";"48,7849800000";"2,3285300000"
"202100041565";"3";"05";"2021";"08:15";"1";"94";"94048";"1";"1";"1";"4";"GUE (R DU)";"48,7277200000";"2,5472100000"
"202100041566";"3";"05";"2021";"18:00";"1";"93";"93070";"2";"1";"1";"3";"Avenue Michelet";"48,9123539144";"2,3442650566"
"202100041567";"3";"05";"2021";"14:20";"1";"93";"93066";"2";"1";"1";"3";"WILSON (AVENUE DU PRESIDENT)";"48,9068000000";"2,3588000000"
"202100041568";"3";"05";"2021";"08:30";"1";"93";"93066";"2";"9";"1";"5";"Boulevard Anatole France";"48,9260310000";"2,3512320000"
"202100041569";"2";"05";"2021";"17:10";"1";"93";"93066";"2";"1";"1";"2";"CASANOVA DANIELLE NR 2 A 50 ET 1 A 19";"48,9296000000";"2,3608000000"
"202100041570";"2";"05";"2021";"18:15";"1";"93";"93055";"2";"1";"1";"3";"JEAN LOLIVE (AVENUE)(1/55 2/60)";"48,8913600000";"2,4026000000"
"202100041571";"3";"05";"2021";"21:25";"5";"93";"93050";"2";"9";"1";"3";"Avenue du 8 Mai 1945";"48,8645750000";"2,5349030000"
"202100041572";"3";"05";"2021";"05:55";"1";"93";"93046";"2";"2";"1";"1";"Av du Consul General Nordling / Avenue Charles de Gaulle";"48,9164880000";"2,5316080000"
"202100041573";"3";"05";"2021";"14:20";"1";"93";"93014";"2";"3";"1";"6";"Boulevard Emile Zola / Allee de la Forestiere";"48,9065700000";"2,5543200000"
"202100041574";"2";"05";"2021";"17:00";"1";"93";"93057";"2";"1";"2";"6";"BRIAND (AV. ARISTIDE) 2 A 132";"48,9089700000";"2,5018900000"
"202100041575";"3";"05";"2021";"11:09";"1";"93";"93008";"2";"2";"1";"3";"PARIS (RUE DE)";"48,8983600000";"2,4416200000"
"202100041576";"2";"05";"2021";"20:00";"1";"93";"93001";"2";"1";"1";"1";"FELIX FAURE (BLD) =>174";"48,9114797082";"2,3752800255"
"202100041577";"3";"05";"2021";"21:00";"2";"92";"92046";"2";"1";"1";"1";"LOUIS GIRARD (RUE)";"48,8139200000";"2,2815700000"
"202100041578";"3";"05";"2021";"10:30";"1";"92";"92062";"2";"1";"1";"4";"DE DION BOUTON (QUAI) DU 29 AU 65";"48,8786800000";"2,2429400000"
"202100041579";"3";"05";"2021";"07:55";"1";"92";"92050";"2";"1";"1";"7";"FAURE FELIX AVENUE";"48,8834639530";"2,2214430571"
"202100041580";"3";"05";"2021";"14:40";"1";"92";"92048";"2";"1";"1";"6";"ROBERT SCHUMAN (AVENUE)";"48,7890092262";"2,2339252176"
"202100041581";"3";"05";"2021";"10:00";"1";"92";"92024";"2";"1";"1";"6";"HENRI BARBUSSE (RUE) DE (1 A 73)   (2 A";"48,8970550592";"2,2991949320"
"202100041582";"3";"05";"2021";"19:30";"1";"44";"44202";"1";"1";"1";"1";"La Thuelliere";"47,4744400000";" -1,2546840000"
"202100041583";"3";"05";"2021";"17:45";"1";"74";"74152";"2";"1";"1";"1";"Route des Gorges";"45,9022540000";"6,0308290000"
"202100041584";"2";"05";"2021";"15:00";"1";"42";"42198";"1";"1";"1";"7";"Route de la Gare";"46,0095550000";"3,9430340000"
"202100041585";"3";"05";"2021";"10:30";"1";"62";"62030";"2";"1";"1";"7";"Rue Jules Lefebvre";"50,1390090000";"2,3950360000"
"202100041586";"3";"05";"2021";"18:45";"1";"56";"56237";"1";"3";"1";"3";"Le Meugoet Bihan";"48,0159780000";" -2,9277530000"
"202100041587";"4";"05";"2021";"09:35";"1";"76";"76697";"1";"1";"6";"6";"Route de la VallÃ©e";"49,7947600000";"1,1731500000"
"202100041588";"4";"05";"2021";"17:55";"1";"82";"82108";"1";"1";"1";"3";"912 Route de Montech";"44,0800630000";"1,2339450000"
"202100041589";"3";"05";"2021";"16:50";"1";"89";"89096";"2";"2";"1";"3";"Rue Charles de Gaulle";"47,8989880000";"3,5618450000"
"202100041590";"3";"05";"2021";"15:00";"1";"61";"61214";"2";"1";"1";"6";"23 Rue des Vaux";"48,7560370000";"0,6269770000"
"202100041591";"3";"05";"2021";"08:55";"2";"42";"42097";"2";"2";"1";"1";"M1082";"45,4982520000";"4,3174660000"
"202100041592";"3";"05";"2021";"22:40";"3";"41";"41139";"1";"1";"1";"6";"D152- route des avrays";"47,2552070000";"1,5213600000"
"202100041593";"30";"04";"2021";"16:30";"1";"68";"68201";"2";"9";"1";"5";"2 Route de Mulhouse";"47,7683460000";"7,0060670000"
"202100041594";"3";"05";"2021";"15:30";"1";"22";"22025";"2";"1";"1";"2";"Rue du Docteur QuÃ©rÃ©";"48,4038220000";" -3,4265330000"
"202100041595";"4";"05";"2021";"07:30";"1";"31";"31574";"2";"1";"1";"3";"990 Avenue de Toulouse";"43,4413390000";"1,4236680000"
"202100041596";"3";"05";"2021";"09:40";"1";"38";"38284";"1";"2";"1";"3";"Chemin du Mangeot - RD 73";"45,3921100000";"5,2269230000"
"202100041597";"4";"05";"2021";"11:40";"1";"70";"70120";"1";"1";"1";"6";"rd 619 - Le ban";"47,6771060000";"6,7160370000"
"202100041598";"3";"05";"2021";"18:50";"1";"72";"72067";"1";"1";"1";"7";"La Petite Garlandiere";"48,1022870000";"0,4431870000"
"202100041599";"4";"05";"2021";"11:44";"1";"72";"72253";"1";"1";"2";"1";"D23";"47,9018330000";"0,0594570000"
"202100041600";"3";"05";"2021";"15:30";"1";"05";"05017";"1";"2";"1";"4";"ZA les cheminants, PK077.230";"44,5759480000";"6,1658570000"
"202100041601";"4";"05";"2021";"19:45";"2";"83";"83044";"1";"1";"1";"6";"RD955";"43,6908700000";"6,5072730000"
"202100041602";"4";"05";"2021";"04:50";"3";"60";"60158";"1";"1";"1";"6";"D938";"49,5592260000";"2,5499120000"
"202100041603";"4";"05";"2021";"18:45";"1";"04";"04166";"1";"1";"1";"7";"RD 6";"43,8298520000";"6,0437790000"
"202100041604";"3";"05";"2021";"16:00";"1";"04";"04200";"1";"1";"1";"2";"RD 4";"44,1466160000";"5,9821410000"
"202100041605";"3";"05";"2021";"16:49";"1";"27";"27103";"2";"2";"1";"6";"route dÃ©partementale 313";"49,3555450000";"0,8187070000"
"202100041606";"4";"05";"2021";"10:45";"1";"31";"31107";"1";"1";"1";"4";"A64";"43,3155780000";"1,2099570000"
"202100041607";"4";"05";"2021";"15:30";"1";"42";"42279";"1";"4";"1";"6";"Route de Saint-Etienne";"45,5094030000";"4,2766590000"
"202100041608";"4";"05";"2021";"09:45";"1";"988";"98803";"1";"1";"3";"6";"RT1 - Col de Trazeignie";" -21,5859500000";"165,5066500000"
"202100041609";"16";"04";"2021";"20:17";"3";"988";"98821";"1";"1";"1";"6";"VE2";" -22,1536840000";"166,3740460000"
"202100041610";"1";"05";"2021";"11:45";"1";"84";"84054";"2";"6";"3";"3";"Route de Carpentras";"43,9266290000";"5,0631740000"
"202100041611";"4";"05";"2021";"18:15";"1";"83";"83065";"1";"1";"1";"3";"RD98a";"43,2622300000";"6,6035530000"
"202100041612";"4";"05";"2021";"10:15";"1";"83";"83119";"2";"9";"1";"2";"D98a";"43,2682220000";"6,6330710000"
"202100041613";"3";"05";"2021";"16:40";"1";"13";"13022";"1";"1";"1";"1";"Avenue de Carnoux";"43,2379030000";"5,5451510000"
"202100041614";"3";"05";"2021";"15:10";"1";"89";"89257";"2";"1";"1";"1";"6 Rue Camille Desmoulins";"47,9694020000";"3,5038380000"
"202100041615";"26";"03";"2021";"13:25";"1";"73";"73261";"2";"6";"1";"3";"D1006 R du Temple";"45,2199380000";"6,4647840000"
"202100041616";"3";"05";"2021";"17:30";"1";"42";"42165";"1";"1";"1";"6";"D60";"45,8137260000";"4,3789530000"
"202100041617";"4";"05";"2021";"14:30";"1";"38";"38344";"2";"3";"1";"6";"Route de Salaise";"45,3610600000";"4,8080900000"
"202100041618";"2";"05";"2021";"10:50";"1";"69";"69019";"2";"9";"1";"3";"PRES DE LA CLOCHE (DES) (R)";"46,1047109732";"4,7461846918"
"202100041619";"4";"05";"2021";"17:50";"1";"79";"79049";"2";"2";"2";"2";"199 Boulevard de Poitiers (Saint-Porchaire)";"46,8337450000";" -0,4541950000"
"202100041620";"3";"05";"2021";"08:20";"1";"85";"85155";"2";"9";"7";"6";"Avenue des Ãtangs";"46,7263150000";" -1,4578180000"
"202100041621";"4";"05";"2021";"06:05";"2";"57";"57323";"1";"1";"3";"1";"pk 14 D57";"49,4013600000";"6,1400220000"
"202100041622";"2";"05";"2021";"21:45";"3";"13";"13106";"1";"1";"1";"3";"A7-Sens Marseille vers Lyon";"43,3894100000";"5,3510800000"
"202100041623";"3";"05";"2021";"23:35";"3";"13";"13056";"1";"1";"1";"6";"A55-Sens Martigues vers Marseille";"43,3975830000";"5,0464860000"
"202100041624";"1";"05";"2021";"16:33";"1";"13";"13071";"1";"1";"2";"5";"A7-Sens Lyon vers Marseille";"43,4092007894";"5,2858209677"
"202100041625";"2";"05";"2021";"07:15";"1";"59";"59523";"1";"1";"1";"6";"AUTOROUTE A23";"50,5855230000";"3,1497240000"
"202100041626";"3";"05";"2021";"15:25";"1";"94";"94038";"1";"1";"1";"2";"AUTOROUTE A6A";"48,7753718554";"2,3461481062"
"202100041627";"3";"05";"2021";"11:05";"1";"91";"91136";"1";"1";"1";"2";"AUTOROUTE A10";"48,7142700000";"2,2739400000"
"202100041628";"3";"05";"2021";"07:45";"1";"94";"94034";"1";"1";"1";"2";"AUTOROUTE A86";"48,7593600000";"2,3233500000"
"202100041629";"2";"05";"2021";"22:30";"4";"92";"92025";"1";"1";"1";"6";"A86";"48,9252236304";"2,2324942874"
"202100041630";"3";"05";"2021";"10:34";"1";"93";"93008";"1";"1";"1";"2";"AUTOROUTE A86";"48,9141600000";"2,4322900000"
"202100041631";"3";"05";"2021";"10:15";"1";"77";"77083";"1";"1";"1";"6";"A4.W";"48,8322724632";"2,5993101225"
"202100041632";"3";"05";"2021";"09:15";"1";"77";"77258";"1";"1";"1";"2";"A4.W";"48,8309983653";"2,6371101149"
"202100041633";"3";"05";"2021";"04:20";"3";"94";"94017";"1";"1";"1";"6";"A4";"48,8263312336";"2,5200426579"
"202100041634";"15";"03";"2021";"13:12";"1";"94";"94074";"2";"1";"3";"4";"Avenue du RÃ» de Gironde";"48,7415200000";"2,4668900000"
"202100041635";"23";"02";"2021";"18:00";"1";"76";"76108";"2";"1";"1";"6";"NEUFCHATEL. ROUTE DE (RN 28)";"49,4697000000";"1,1198000000"
"202100041636";"8";"02";"2021";"18:00";"5";"92";"92025";"2";"2";"1";"3";"E.VAILLANT > 2 A112   1 A 87 (RUE)";"48,9167005523";"2,2378018498"
"202100041637";"17";"03";"2021";"04:40";"5";"77";"77108";"2";"9";"8";"6";"AV DE LA RESISTANCE";"48,8751700000";"2,5827100000"
"202100041638";"16";"03";"2021";"16:30";"1";"21";"21231";"2";"1";"2";"6";"CHENOVE (DE) (RUE)";"47,3067900000";"5,0226700000"
"202100041639";"19";"03";"2021";"11:00";"1";"80";"80001";"2";"1";"1";"6";"PILORI (du)";"50,1076400000";"1,8357100000"
"202100041640";"8";"04";"2021";"19:50";"1";"62";"62193";"2";"6";"1";"2";"HAGUENAU";"50,9403050000";"1,8779460000"
"202100041641";"30";"04";"2021";"15:20";"1";"13";"13208";"2";"1";"1";"6";"RABATEAU (BOULEVARD)";"43,2665000000";"5,3950000000"
"202100041642";"30";"04";"2021";"16:00";"1";"93";"93006";"2";"9";"1";"5";"REPUBLIQUE AVENUE DE LA";"48,8614183534";"2,4176521304"
"202100041643";"29";"04";"2021";"14:05";"1";"76";"76351";"2";"2";"1";"6";"FOCH (AVENUE)";"49,4931500000";"0,1007800000"
"202100041644";"29";"04";"2021";"16:00";"1";"29";"29019";"2";"2";"1";"6";"Rue de GastÃ©";"48,3909881843";" -4,4766322151"
"202100041645";"25";"04";"2021";"18:55";"1";"38";"38421";"2";"1";"1";"6";"Avenue Benoit Frachon";"45,1806900000";"5,7547600000"
"202100041646";"28";"04";"2021";"21:40";"5";"976";"97611";"2";"1";"1";"6";"kaweni-Archipel (avenue de l')";" -12,7703200000";"45,2236200000"
"202100041647";"27";"04";"2021";"18:31";"1";"76";"76351";"2";"2";"1";"6";"FLORIMOND LAURENT (RUE)";"49,5186200000";"0,1169800000"
"202100041648";"28";"04";"2021";"13:30";"1";"92";"92014";"2";"3";"1";"3";"GENERAL LECLERC (AV.) (57 A 135 - 50 A 1";"48,7792984726";"2,3152613640"
"202100041649";"25";"04";"2021";"17:10";"1";"76";"76351";"2";"1";"1";"6";"MAXIMILLIEN ROBESPIERRE";"49,5151000000";"0,1702500000"
"202100041650";"26";"04";"2021";"17:10";"1";"93";"93010";"2";"1";"1";"6";"REPUBLIQUE (CO. DE LA) 1 A 35";"48,9016500000";"2,4800000000"
"202100041651";"2";"05";"2021";"21:04";"5";"69";"69388";"2";"2";"1";"3";"FRANCIS DE PRESSENSE                (AV)";"45,7274400000";"4,8620000000"
"202100041652";"2";"05";"2021";"17:15";"1";"69";"69259";"2";"3";"1";"1";"JULES GUESDE                        (AV)";"45,7165669473";"4,8879406981"
"202100041653";"2";"05";"2021";"01:00";"5";"69";"69387";"2";"2";"2";"3";"REPOS (DU) (R)";"45,7320000000";"4,8370000000"
"202100041654";"1";"05";"2021";"11:50";"1";"69";"69388";"2";"2";"2";"3";"SAINT GERVAIS (R)";"45,7417300000";"4,8620900000"
"202100041655";"2";"05";"2021";"15:10";"1";"972";"97209";"1";"1";"1";"3";"RD 41 (ROCADE)";"14,6129727796";" -61,0652518272"
"202100041656";"1";"05";"2021";"11:10";"1";"972";"97213";"1";"1";"1";"5";"AUTOROUTE (A1)";"14,6180200000";" -61,0295400000"
"202100041657";"2";"05";"2021";"16:47";"1";"69";"69389";"2";"1";"1";"6";"ROSA PARKS (AV)";"45,7866500000";"4,7923300000"
"202100041658";"2";"05";"2021";"15:45";"1";"95";"95280";"2";"2";"1";"1";"SALENGRO ROGER ( BOULEVARD)";"49,0357200000";"2,4703700000"
"202100041659";"2";"05";"2021";"21:45";"5";"91";"91161";"2";"9";"1";"7";"AV PIERRE BROSSOLETTE";"48,7074500000";"2,3115750000"
"202100041660";"2";"05";"2021";"15:50";"1";"91";"91657";"2";"3";"1";"3";"RUE DU MARECHAL LECLERC";"48,7127800000";"2,4317400000"
"202100041661";"2";"05";"2021";"18:15";"1";"83";"83090";"2";"1";"1";"5";"CLEMENCEAU (AVE GEORGES)";"43,1374280000";"5,8499200000"
"202100041662";"27";"04";"2021";"22:10";"5";"83";"83137";"2";"3";"1";"3";"Avenue MirasoulÃ©ou";"43,1315300000";"5,9822600000"
"202100041663";"1";"05";"2021";"10:20";"1";"77";"77111";"2";"2";"8";"3";"RD 934 dit THIBAULT DE CHAMPAGNE";"48,8804100000";"2,7705100000"
"202100041664";"2";"05";"2021";"21:40";"3";"76";"76498";"1";"1";"1";"6";"SUD III (RN 338)";"49,4340119367";"1,0654320582"
"202100041665";"30";"04";"2021";"09:35";"1";"62";"62548";"1";"1";"1";"7";"Rue des Islandais";"50,9719850000";"1,9621860000"
"202100041666";"2";"05";"2021";"17:10";"1";"45";"45234";"2";"1";"1";"6";"Quai Saint Laurent";"47,8979300000";"1,8936500000"
"202100041667";"1";"05";"2021";"16:30";"1";"33";"33318";"2";"2";"1";"1";"Avenue Roger CohÃ©";"44,8091000000";" -0,6328000000"
"202100041668";"2";"05";"2021";"08:35";"1";"33";"33167";"2";"6";"1";"3";"Rue FranÃ§ois Arago";"44,8439100000";" -0,5109400000"
"202100041669";"28";"04";"2021";"12:25";"1";"33";"33162";"2";"1";"1";"6";"Rue du Tronc du Pinson";"44,8798000000";" -0,6370500000"
"202100041670";"1";"05";"2021";"18:37";"1";"29";"29232";"1";"1";"1";"7";"Boulevard de la Pointe du Van";"48,0070800000";" -4,1252200000"
"202100041671";"27";"04";"2021";"12:15";"1";"29";"29039";"2";"1";"1";"6";"Rue de Quimper";"47,8860520000";" -3,9197290000"
"202100041672";"2";"05";"2021";"16:05";"1";"27";"27537";"1";"1";"1";"6";"ANCIENS COMBATTANTS D'AFN (AV";"49,2503700000";"1,2087100000"
"202100041673";"1";"05";"2021";"23:05";"5";"18";"18279";"2";"1";"1";"3";"VALMY (RUE DE)";"47,2100000000";"2,0600000000"
"202100041674";"2";"05";"2021";"19:00";"1";"17";"17291";"1";"1";"1";"7";"09 PK RN237 MOULIN JUSTICE RE";"46,1775700000";" -1,1266800000"
"202100041675";"3";"05";"2021";"00:00";"5";"13";"13209";"2";"1";"1";"6";"EMILE ZOLA (RUE)";"43,2460500000";"5,4039500000"
"202100041676";"2";"04";"2021";"17:00";"1";"13";"13215";"2";"1";"1";"2";"LYON (RUE DE)";"43,3329880000";"5,3642490000"
"202100041677";"2";"05";"2021";"17:30";"1";"13";"13204";"2";"9";"1";"7";"CHUTES LAVI (AVENUE)";"43,3130050000";"5,3970590000"
"202100041678";"2";"05";"2021";"08:00";"1";"13";"13206";"2";"1";"1";"6";"DRAGON (RUE)";"43,2874600000";"5,3765100000"