"Num_Acc";"jour";"mois";"an";"hrmn";"lum";"dep";"com";"agg";"int";"atm";"col";"adr";"lat";"long"
"202100041679";"30";"04";"2021";"16:20";"1";"07";"07102";"1";"6";"2";"7";"BEAUCAIRE (AVENUE DE)";"44,9239200000";"4,8567100000"
"202100041680";"30";"04";"2021";"21:10";"5";"75";"75110";"2";"2";"1";"3";"RUE DU FAUBOURG SAINT DENIS";"48,8793250000";"2,3570960000"
"202100041681";"2";"05";"2021";"15:30";"1";"75";"75117";"2";"2";"8";"3";"BOULEVARD BESSIERES";"48,8975300000";"2,3241900000"
"202100041682";"2";"05";"2021";"11:15";"1";"75";"75116";"2";"1";"1";"3";"AVENUE VICTOR HUGO";"48,8703510000";"2,2869660000"
"202100041683";"2";"05";"2021";"11:15";"1";"75";"75116";"2";"1";"1";"3";"ROUTE DES TRIBUNES";"48,8604010000";"2,2298640000"
"202100041684";"2";"05";"2021";"14:05";"1";"75";"75114";"2";"1";"8";"6";"RUE EMILE RICHARD";"48,8378780000";"2,3290030000"
"202100041685";"2";"05";"2021";"14:17";"1";"75";"75113";"2";"3";"1";"3";"QUAI D AUSTERLITZ";"48,8419200000";"2,3678740000"
"202100041686";"2";"05";"2021";"17:30";"1";"75";"75112";"2";"3";"2";"3";"BOULEVARD PONIATOWSKI";"48,8292410000";"2,3903130000"
"202100041687";"2";"05";"2021";"17:15";"1";"75";"75112";"2";"2";"1";"3";"RUE DE CHARENTON";"48,8426470000";"2,3859150000"
"202100041688";"1";"05";"2021";"09:35";"1";"75";"75112";"2";"3";"2";"2";"BOULEVARD DE LA BASTILLE";"48,8487930000";"2,3679990000"
"202100041689";"2";"05";"2021";"17:00";"1";"75";"75111";"2";"4";"2";"3";"AVENUE DE LA REPUBLIQUE";"48,8665030000";"2,3680040000"
"202100041690";"2";"05";"2021";"13:30";"1";"75";"75111";"2";"4";"1";"6";"BOULEVARD VOLTAIRE";"48,8521490000";"2,3896120000"
"202100041691";"2";"05";"2021";"16:30";"1";"75";"75110";"2";"4";"2";"3";"BOULEVARD DE MAGENTA";"48,8794022441";"2,3532653311"
"202100041692";"2";"05";"2021";"19:25";"1";"75";"75109";"2";"2";"1";"6";"RUE LA FAYETTE";"48,8743700000";"2,3381720000"
"202100041693";"2";"05";"2021";"10:00";"1";"75";"75104";"2";"3";"8";"6";"RUE MORNAY";"48,8493330000";"2,3665710000"
"202100041694";"2";"05";"2021";"20:50";"5";"94";"94078";"2";"9";"1";"3";"Place Hector Berlioz";"48,7460000000";"2,4460000000"
"202100041695";"2";"05";"2021";"18:25";"1";"94";"94018";"2";"1";"1";"6";"GRAVELLE (AV DE)";"48,8291700000";"2,4034550000"
"202100041696";"2";"05";"2021";"17:45";"1";"93";"93070";"2";"9";"1";"3";"Boulevard Victor Hugo";"48,9089300000";"2,3288600000"
"202100041697";"2";"05";"2021";"18:15";"1";"93";"93077";"2";"2";"1";"6";"GRANDE RUE";"48,8824920000";"2,5249260000"
"202100041698";"2";"05";"2021";"11:20";"1";"93";"93007";"2";"1";"1";"6";"8 MAI 45 (AVENUE DU 1 AU 182)";"48,9530644365";"2,4423444271"
"202100041699";"2";"05";"2021";"16:45";"1";"93";"93005";"2";"6";"1";"3";"JEANNE D'ARC (AVENUE)";"48,9300000000";"2,5018700000"
"202100041700";"2";"05";"2021";"10:35";"1";"92";"92024";"2";"6";"1";"6";"GENERAL LECLERC (RUE DU) DE (59 ET PLUS)";"48,9029748408";"2,3131746054"
"202100041701";"3";"05";"2021";"07:00";"1";"28";"28196";"1";"2";"1";"3";"D126";"48,3020950000";"1,1892700000"
"202100041702";"21";"04";"2021";"07:20";"1";"974";"97422";"2";"3";"1";"3";"Rue Charles Baudelaire";" -21,2576710000";"55,5015670000"
"202100041703";"29";"04";"2021";"16:45";"1";"27";"27421";"1";"2";"1";"3";"Rue du Chateau d'Eau";"48,9058290000";"1,3335080000"
"202100041704";"3";"05";"2021";"07:49";"1";"26";"26337";"1";"1";"1";"2";"Autoroute 7 ";"44,7159410000";"4,7850180000"
"202100041705";"2";"05";"2021";"18:45";"2";"69";"69283";"1";"4";"1";"6";"YVES FARGE (R)";"45,6529730000";"4,9397920000"
"202100041706";"3";"05";"2021";"08:55";"1";"23";"23082";"1";"1";"1";"2";"N145";"46,2210440000";"1,6932790000"
"202100041707";"26";"04";"2021";"13:45";"1";"67";"67105";"2";"3";"1";"3";"Rue de Weyer";"48,8639810000";"7,1861690000"
"202100041708";"1";"05";"2021";"20:45";"2";"61";"61121";"1";"1";"1";"1";"BELLEVUE";"48,4646590000";"0,4695480000"
"202100041709";"3";"05";"2021";"11:15";"1";"46";"46005";"2";"2";"1";"1";"D8";"44,4829310000";"1,1983280000"
"202100041710";"3";"05";"2021";"12:00";"1";"39";"39189";"1";"1";"1";"6";"N/A";"47,0772910000";"5,3930280000"
"202100041711";"13";"04";"2021";"18:45";"1";"35";"35099";"2";"4";"1";"1";"Les Faroulais";"48,0865870000";" -1,5521940000"
"202100041712";"2";"05";"2021";"17:55";"1";"35";"35247";"1";"1";"1";"6";"La Croix Belhomme";"48,5899910000";" -1,6029000000"
"202100041713";"3";"05";"2021";"07:50";"1";"03";"03118";"1";"1";"1";"6";"D998";"46,1108420000";"3,1294940000"
"202100041714";"30";"04";"2021";"15:30";"1";"72";"72051";"2";"1";"1";"3";"Rue du LÃ©ard";"47,8237740000";"0,0862810000"
"202100041715";"3";"05";"2021";"13:10";"1";"14";"14726";"2";"1";"1";"6";"D512";"48,8410050000";" -0,8028760000"
"202100041716";"3";"05";"2021";"08:00";"1";"14";"14020";"2";"6";"7";"3";"Rue de la Gare";"49,1210890000";" -0,1741440000"
"202100041717";"3";"05";"2021";"13:15";"1";"14";"14286";"2";"1";"1";"3";"D119";"49,3602390000";"0,2269390000"
"202100041718";"1";"05";"2021";"17:30";"1";"18";"18068";"1";"2";"1";"3";"RD6";"46,8467490000";"2,6777890000"
"202100041719";"2";"05";"2021";"15:40";"1";"17";"17093";"1";"1";"1";"6";"chemin communal 35";"45,8803810000";" -1,2286020000"
"202100041720";"2";"05";"2021";"19:15";"1";"37";"37245";"1";"2";"1";"3";"La Pailleterie";"47,5015883964";"0,6006143242"
"202100041721";"2";"05";"2021";"18:00";"1";"30";"30046";"1";"1";"1";"6";"N106";"43,9942400000";"4,1902580000"
"202100041722";"3";"05";"2021";"00:34";"3";"52";"52119";"1";"1";"1";"6";"Route Nationale 19";"47,8138770000";"5,5109790000"
"202100041723";"3";"05";"2021";"13:05";"1";"08";"08363";"2";"1";"1";"6";"873 Avenue d'Orzy";"49,9276460000";"4,6479200000"
"202100041724";"3";"05";"2021";"09:15";"1";"72";"72191";"1";"1";"1";"2";"A28 - PK 066.700 - Sens TOURS LE MANS";"47,7537940000";"0,3147390000"
"202100041725";"1";"05";"2021";"11:40";"1";"33";"33122";"1";"1";"1";"7";"Chemin Saint-Ãloi de Noyon";"44,7122120000";" -0,7412980000"
"202100041726";"3";"05";"2021";"16:00";"1";"64";"64112";"1";"1";"1";"3";"a64 pk 55.500";"43,5114262489";" -0,8906489611"
"202100041727";"3";"04";"2021";"20:45";"3";"67";"67506";"1";"1";"8";"2";"autoroute A4 Pk 473 STRASBOURG / PARIS";"48,6675171741";"7,7368050814"
"202100041728";"2";"05";"2021";"16:15";"1";"77";"77216";"1";"1";"1";"6";"Autoroute A6 PK 068.700 sens province vers PARIS";"48,3007740000";"2,6667110000"
"202100041729";"3";"05";"2021";"07:30";"1";"28";"28169";"1";"1";"1";"3";"A10";"48,4334820000";"1,9047580000"
"202100041730";"15";"04";"2021";"18:15";"2";"987";"98729";"1";"1";"1";"3";"Teavaro";" -17,5138297679";" -149,7705938816"
"202100041731";"28";"04";"2021";"12:30";"1";"972";"97230";"1";"9";"1";"6";"RN1";"14,7316113317";" -60,9586286545"
"202100041732";"2";"05";"2021";"10:45";"1";"95";"95355";"2";"6";"1";"3";"RD 983";"49,1469234618";"1,7879419768"
"202100041733";"29";"04";"2021";"15:15";"1";"66";"66227";"1";"9";"1";"3";"D8";"42,6463660000";"2,9287150000"
"202100041734";"3";"05";"2021";"08:50";"1";"71";"71192";"1";"3";"1";"3";"lieu-dit le velet";"46,8491050000";"4,1627940000"
"202100041735";"3";"05";"2021";"17:45";"1";"10";"10130";"1";"1";"1";"7";"9";"48,6143050000";"4,2323700000"
"202100041736";"29";"04";"2021";"03:00";"3";"38";"38507";"1";"1";"2";"5";"Chemin du PrieurÃ©";"45,7361792833";"5,1707518101"
"202100041737";"2";"05";"2021";"16:35";"1";"40";"40184";"2";"9";"1";"6";"Rue de la Gare";"44,1980970000";" -1,2234310000"
"202100041738";"2";"05";"2021";"12:30";"1";"53";"53175";"1";"1";"1";"3";"La Sumeraine";"48,0325990000";" -0,6714110000"
"202100041739";"1";"05";"2021";"12:20";"1";"13";"13210";"1";"1";"2";"7";"A50-Sens Marseille vers Aubagne";"43,2852000000";"5,4189000000"
"202100041740";"1";"05";"2021";"12:24";"1";"13";"13071";"1";"1";"3";"2";"A7-Sens Lyon vers Marseille";"43,4040731486";"5,3021907806"
"202100041741";"30";"04";"2021";"19:40";"2";"13";"13081";"1";"1";"2";"2";"A7-Sens Lyon vers Marseille";"43,4940900000";"5,2392700000"
"202100041742";"1";"05";"2021";"18:09";"1";"13";"13005";"1";"1";"3";"2";"A50 - Sens Aubagne vers Marseille";"43,2793200000";"5,5843200000"
"202100041743";"1";"05";"2021";"17:21";"1";"13";"13215";"1";"1";"3";"2";"A7-Sens Lyon vers Marseille";"43,3537369724";"5,3645682335"
"202100041744";"1";"05";"2021";"11:45";"1";"13";"13085";"1";"1";"2";"6";"A50-Sens Toulon vers Aubagne";"43,2574850000";"5,5925060000"
"202100041745";"1";"05";"2021";"02:15";"3";"13";"13215";"1";"1";"1";"1";"A7-Sens Lyon vers Marseille";"43,3687655194";"5,3609561938"
"202100041746";"30";"04";"2021";"07:40";"1";"13";"13005";"1";"1";"1";"4";"A50-Sens Marseille vers Aubagne";"43,2729860000";"5,5887480000"
"202100041747";"2";"05";"2021";"16:45";"1";"91";"91235";"1";"1";"1";"3";"RN 104";"48,6258300000";"2,3564900000"
"202100041748";"2";"05";"2021";"13:40";"1";"91";"91689";"1";"1";"8";"6";"AUTOROUTE A10";"48,7359900000";"2,3176400000"
"202100041749";"2";"05";"2021";"20:20";"2";"95";"95151";"1";"1";"1";"6";"RN 104";"49,0640627917";"2,2650718689"
"202100041750";"2";"05";"2021";"16:00";"1";"93";"93029";"1";"1";"1";"2";"AUTOROUTE A86";"48,9263500000";"2,4221600000"
"202100041751";"1";"05";"2021";"22:30";"4";"95";"95572";"1";"1";"2";"1";" A15";"49,0309900000";"2,1204000000"
"202100041752";"2";"05";"2021";"19:15";"1";"94";"94017";"1";"1";"1";"4";"A4";"48,8291300000";"2,4998900000"
"202100041753";"2";"05";"2021";"08:45";"1";"77";"77122";"1";"1";"1";"7";"A5b";"48,6526446293";"2,6175785065"
"202100041754";"2";"05";"2021";"01:10";"5";"94";"94073";"1";"1";"1";"6";"A86 EXT";"48,7701800000";"2,3825500000"
"202100041755";"24";"04";"2021";"21:10";"5";"38";"38185";"2";"1";"1";"6";"Boulevard Gambetta";"45,1840500000";"5,7261100000"
"202100041756";"23";"04";"2021";"10:15";"1";"38";"38185";"2";"1";"1";"6";"Rue Charles PÃ©guy";"45,1787700000";"5,7156400000"
"202100041757";"20";"04";"2021";"14:48";"1";"976";"97611";"2";"1";"1";"6";"m'tsapere-Said CafÃ© (rue)";" -12,7935000000";"45,2169800000"
"202100041758";"20";"04";"2021";"16:40";"1";"68";"68056";"2";"1";"1";"6";"CAMUS (RUE ALBERT)";"47,7284916101";"7,2981794178"
"202100041759";"20";"04";"2021";"19:40";"1";"75";"75102";"2";"3";"1";"6";"BOULEVARD MONTMARTRE";"48,8717120000";"2,3416060000"
"202100041760";"11";"04";"2021";"19:38";"5";"973";"97302";"2";"3";"1";"3";"MONTABO (ROUTE DE) 1";"4,9440126900";" -52,3086129646"
"202100041761";"19";"04";"2021";"10:25";"1";"59";"59350";"2";"2";"1";"6";"CALVAIRE RUE DU";"50,6344000000";"3,0862700000"
"202100041762";"12";"04";"2021";"16:35";"1";"95";"95598";"2";"1";"1";"1";"RUE DES LOGES";"48,9790950199";"2,3069626093"
"202100041763";"8";"04";"2021";"14:25";"1";"73";"73011";"2";"6";"1";"6";"JEUX OLYMPIQUES (AVENUE DES)";"45,6614000000";"6,3734300000"
"202100041764";"15";"04";"2021";"18:50";"1";"11";"11069";"2";"1";"1";"3";"SOUVENIR FRANCAIS -AVENUE-";"43,2085600000";"2,3831300000"
"202100041765";"16";"04";"2021";"10:45";"1";"06";"06027";"2";"9";"1";"6";"ST LAURENT CHEMIN DE";"43,6646200000";"7,1717900000"
"202100041766";"15";"04";"2021";"20:10";"2";"69";"69259";"2";"1";"1";"6";"MARCEL CACHIN                       (AV)";"45,6935900000";"4,8759400000"
"202100041767";"15";"04";"2021";"18:15";"1";"91";"91345";"2";"1";"1";"3";"RUE PDT FRANCOIS MITTERRAND";"48,6910000000";"2,2895500000"
"202100041768";"14";"04";"2021";"18:30";"1";"03";"03321";"2";"1";"1";"6";"28 Rue Anna Marly";"46,5764200000";"3,3406500000"
"202100041769";"13";"04";"2021";"12:40";"1";"61";"61001";"2";"1";"1";"6";"PLANCHES (CHEMIN DES)";"48,4320700000";"0,0747100000"
"202100041770";"11";"04";"2021";"12:30";"1";"976";"97611";"2";"1";"1";"6";"tsoundzou-SIM ( rue de la )";" -12,8146900000";"45,2007200000"
"202100041771";"5";"02";"2021";"08:51";"1";"93";"93055";"2";"1";"1";"6";"ESTIENNE D'ORVES (19/FIN ET 20/FIN)";"48,8898506464";"2,4065934505"
"202100041772";"6";"01";"2021";"21:30";"5";"73";"73065";"2";"3";"1";"3";"Ch de Jacob / R des tilleuls";"45,5618800000";"5,9133550000"
"202100041773";"1";"05";"2021";"20:45";"5";"988";"98818";"2";"6";"1";"6";"RUE ANDRE DE BECHADE/AVENUE BONAPARTE";" -22,2427400000";"166,4609600000"
"202100041774";"1";"05";"2021";"18:50";"5";"974";"97416";"1";"1";"1";"7";"ISAUTIER (AVENUE CHARLES)";" -21,3148600000";"55,4548300000"
"202100041775";"1";"05";"2021";"14:55";"1";"973";"97302";"2";"1";"1";"7";"MERE THERESA (rue)";"4,9201448790";" -52,3126366139"
"202100041776";"1";"05";"2021";"10:55";"1";"973";"97302";"2";"1";"1";"7";"BADUEL (ROUTE DE)";"4,9299500000";" -52,3041200000"
"202100041777";"1";"05";"2021";"12:41";"1";"69";"69384";"2";"1";"3";"1";"ESSES (DES)                         (MO)";"45,7719500000";"4,8159100000"
"202100041778";"26";"03";"2021";"07:15";"1";"971";"97101";"1";"9";"1";"6";"ROUTE DE CHAZEAU";"16,2826600000";" -61,4871300000"
"202100041779";"1";"05";"2021";"16:26";"1";"95";"95268";"2";"1";"2";"1";"AV DE STALINGRAD";"48,9657773797";"2,4084198475"
"202100041780";"30";"04";"2021";"22:15";"5";"91";"91667";"2";"1";"1";"7";"MARE TAMBOUR (RUE)";"48,6561740000";"2,3344820000"
"202100041781";"1";"05";"2021";"21:35";"5";"91";"91589";"2";"1";"1";"4";"RUE HENRI DUNANT";"48,6801500000";"2,3425500000"
"202100041782";"1";"05";"2021";"06:05";"2";"83";"83137";"2";"2";"2";"3";"DARDANELLES (AVE DES)";"43,1279300000";"5,9222200000"
"202100041783";"1";"05";"2021";"17:30";"1";"77";"77390";"1";"6";"1";"1";"AV DU MAL FOCH";"48,7901800000";"2,6881200000"
"202100041784";"1";"05";"2021";"14:30";"1";"77";"77186";"1";"1";"1";"1";"RD116 PanONF Ã  rte Buttes aux aires";"48,4319480410";"2,7124533635"
"202100041785";"1";"05";"2021";"21:20";"5";"76";"76231";"2";"1";"9";"7";"MESLIERS. COTE DES";"49,2866430000";"0,9951090000"
"202100041786";"1";"05";"2021";"20:10";"1";"76";"76575";"2";"1";"1";"5";"COQUELICOTS. RUE DES";"49,3909400000";"1,0977400000"
"202100041787";"30";"04";"2021";"14:54";"1";"65";"65440";"2";"6";"2";"3";"Giratoire de BagnÃ¨res";"43,2190960000";"0,0713040000"
"202100041788";"30";"04";"2021";"16:25";"1";"65";"65417";"2";"1";"1";"3";"BOUCHAYE (RUE AIME)";"43,2177320000";"0,1025130000"
"202100041789";"30";"04";"2021";"12:00";"1";"65";"65251";"2";"1";"1";"3";"ALLEE (RUE DE L')";"43,2100400000";"0,0741100000"
"202100041790";"30";"04";"2021";"17:11";"1";"65";"65440";"2";"1";"2";"2";"ADOUR (QUAI DE L')";"43,2302760000";"0,0878420000"
"202100041791";"1";"05";"2021";"13:10";"1";"64";"64284";"2";"9";"1";"3";"GASTON CAMBOT";"43,2919100000";" -0,3959300000"
"202100041792";"1";"05";"2021";"21:45";"5";"60";"60159";"2";"3";"1";"3";"Avenue du GÃ©nÃ©ral Weygand";"49,4132300000";"2,8135000000"
"202100041793";"30";"04";"2021";"22:50";"5";"59";"59599";"2";"1";"1";"1";"WATT (CHAUSSEE)";"50,7248400000";"3,1339200000"
"202100041794";"30";"04";"2021";"17:10";"1";"59";"59317";"1";"1";"1";"2";"BRUNE  (RUE)";"50,6887500000";"2,9306600000"
"202100041795";"1";"05";"2021";"04:45";"5";"51";"51454";"2";"1";"1";"7";"Boulevard Louis Barthou";"49,2338783000";"4,0296667000"
"202100041796";"30";"04";"2021";"15:35";"1";"51";"51108";"2";"7";"1";"3";"Place Sainte-Croix";"48,9514844848";"4,3682893048"
"202100041797";"1";"05";"2021";"20:45";"1";"35";"35238";"2";"1";"1";"7";"ARMAND (SQUARE LOUIS)";"48,1036200000";" -1,6625100000"
"202100041798";"1";"05";"2021";"14:15";"1";"35";"35278";"2";"6";"1";"3";"RENNES (ROND POINT DE)";"48,1375700000";" -1,6862600000"
"202100041799";"1";"05";"2021";"08:00";"1";"33";"33063";"2";"1";"1";"4";"Rue GÃ©nÃ©ral de Larminat";"44,8333100000";" -0,5930000000"
"202100041800";"10";"04";"2021";"20:15";"3";"31";"31555";"2";"1";"1";"3";"CHE AMOUROUX";"43,6263720000";"1,4590570000"
"202100041801";"30";"04";"2021";"21:15";"1";"29";"29051";"1";"1";"1";"6";"Avenue de Coray";"48,0082810642";" -4,0281629562"
"202100041802";"1";"05";"2021";"12:00";"1";"14";"14341";"2";"1";"1";"6";"Rue de Caen";"49,1582320000";" -0,3462840000"
"202100041803";"30";"04";"2021";"22:39";"5";"13";"13215";"2";"1";"1";"3";"LITTORAL (CHEMIN DU)";"43,3475442079";"5,3437609089"
"202100041804";"1";"05";"2021";"16:45";"1";"10";"10081";"1";"1";"1";"7";"ROCADE OUEST (RD 610)";"48,3095000000";"4,0229200000"
"202100041805";"1";"05";"2021";"08:00";"1";"06";"06069";"2";"1";"2";"1";"DRAGUIGNAN (ROUTE DE) - D2562-";"43,6452420000";"6,8949700000"
"202100041806";"30";"04";"2021";"19:00";"1";"75";"75116";"2";"1";"1";"3";"PORTE DE SAINT CLOUD";"48,8352700000";"2,2588630000"
"202100041807";"30";"04";"2021";"02:05";"4";"75";"75120";"2";"4";"1";"7";"ECHANGEUR BAGNOLET";"48,8632640000";"2,4134110000"
"202100041808";"30";"04";"2021";"17:00";"1";"75";"75104";"2";"2";"1";"6";"QUAI DE L HOTEL DE VILLE";"48,8553090000";"2,3527270000"
"202100041809";"1";"05";"2021";"11:15";"1";"75";"75119";"2";"2";"8";"3";"BOULEVARD SERURIER";"48,8832820000";"2,3949670000"
"202100041810";"1";"05";"2021";"14:15";"1";"75";"75118";"2";"3";"8";"3";"RUE MARX DORMOY";"48,8861150000";"2,3594790000"
"202100041811";"1";"05";"2021";"09:00";"1";"75";"75118";"2";"2";"8";"3";"RUE DU MONT CENIS";"48,8912130000";"2,3436410000"
"202100041812";"1";"05";"2021";"20:20";"2";"75";"75117";"2";"7";"1";"3";"PLACE DU NICARAGUA";"48,8852400000";"2,3071160000"
"202100041813";"1";"05";"2021";"13:20";"1";"75";"75117";"2";"4";"2";"3";"BOULEVARD BERTHIER";"48,8936170000";"2,3117300000"
"202100041814";"1";"05";"2021";"11:50";"1";"75";"75117";"2";"2";"1";"6";"RUE NOLLET";"48,8876410000";"2,3202010000"
"202100041815";"1";"05";"2021";"17:30";"1";"75";"75112";"2";"6";"1";"1";"CARREFOUR DE PATTE D OIE";"48,8223100000";"2,4422400000"
"202100041816";"1";"05";"2021";"14:00";"1";"75";"75112";"2";"2";"2";"3";"RUE CROZATIER";"48,8467490000";"2,3817490000"
"202100041817";"1";"05";"2021";"01:40";"5";"75";"75111";"2";"1";"1";"6";"RUE DU CHEMIN VERT";"48,8605330000";"2,3793690000"
"202100041818";"1";"05";"2021";"17:05";"1";"75";"75110";"2";"1";"2";"6";"BOULEVARD DE STRASBOURG";"48,8728160000";"2,3561890000"
"202100041819";"30";"04";"2021";"10:30";"1";"75";"75108";"2";"2";"1";"3";"AVENUE MARCEAU";"48,8686350000";"2,2990490000"
"202100041820";"1";"05";"2021";"00:24";"5";"75";"75114";"2";"4";"1";"2";"RUE PERNETY";"48,8354490000";"2,3154440000"
"202100041821";"1";"05";"2021";"17:25";"1";"75";"75101";"2";"2";"8";"6";"RUE ETIENNE MARCEL";"48,8644300000";"2,3466770000"
"202100041822";"1";"05";"2021";"18:00";"1";"94";"94028";"2";"1";"1";"3";"Route de Choisy";"48,7876000000";"2,4507000000"
"202100041823";"30";"04";"2021";"11:30";"1";"94";"94002";"2";"2";"1";"3";"Boulevard Carnot";"48,7958400000";"2,4259000000"
"202100041824";"1";"05";"2021";"17:00";"1";"93";"93072";"2";"1";"2";"3";"STALINGRAD (AVENUE) DES NÂ°2 AU NÂ°100";"48,9485800000";"2,3818500000"
"202100041825";"1";"05";"2021";"17:15";"1";"93";"93066";"2";"1";"2";"5";"Boulevard Anatole France";"48,9192300000";"2,3426400000"
"202100041826";"1";"05";"2021";"17:20";"1";"93";"93066";"2";"3";"2";"6";"Rue de la Poterie / Rue Maurice Thorez";"48,9423100000";"2,3479100000"
"202100041827";"1";"05";"2021";"20:40";"2";"93";"93064";"2";"2";"1";"3";"Boulevard dâAlsace-Lorraine / Rue Philibert Hoffmann";"48,8839300000";"2,4883000000"
"202100041828";"1";"05";"2021";"20:00";"1";"93";"93008";"2";"1";"1";"2";"VAILLANT COUTURIER (AVENUE PAUL)";"48,9055600000";"2,4653300000"
"202100041829";"30";"04";"2021";"18:00";"1";"93";"93007";"2";"9";"1";"6";"EMILE ZOLA (RUE)";"48,9469200000";"2,4552400000"
"202100041830";"30";"04";"2021";"22:39";"5";"92";"92040";"2";"1";"1";"6";"STALINGRAD (QUAI DE)";"48,8277897457";"2,2605979443"
"202100041831";"1";"05";"2021";"11:00";"1";"92";"92014";"2";"1";"2";"2";"GENERAL LECLERC (AV.) (57 A 135 - 50 A 1";"48,7792700000";"2,3152300000"
"202100041832";"2";"05";"2021";"04:00";"3";"29";"29262";"1";"1";"1";"6";"D18";"48,4344680000";" -4,0181210000"
"202100041833";"2";"05";"2021";"06:00";"2";"47";"47324";"1";"1";"1";"6";"Bagatelle Sud";"44,6389300000";"0,7611250000"
"202100041834";"2";"05";"2021";"16:40";"1";"16";"16150";"1";"1";"1";"7";"Lieu-dit la Basse Perche";"45,6388570000";" -0,2635430000"
"202100041835";"2";"05";"2021";"10:10";"1";"41";"41140";"1";"1";"1";"7";"Bognon";"47,4545300000";"1,8136020000"
"202100041836";"20";"04";"2021";"10:57";"1";"06";"06161";"2";"2";"1";"6";"avenue de la rÃ©publique";"43,6436760000";"7,1410270000"
"202100041837";"26";"04";"2021";"19:15";"1";"64";"64172";"1";"4";"1";"7";"3055 Route des Landes";"43,5408078042";" -0,5607914788"
"202100041838";"1";"05";"2021";"20:45";"1";"40";"40295";"1";"1";"1";"7";"RD 834 PK 1 +520";"44,3877960000";" -0,8124090000"
"202100041839";"1";"05";"2021";"20:20";"2";"57";"57529";"2";"1";"1";"1";"Route de Rumelange";"49,4481590000";"6,0246520000"
"202100041840";"1";"05";"2021";"01:30";"3";"80";"80620";"2";"1";"1";"7";"Chemin Noir";"49,9328840000";"2,9331910000"
"202100041841";"1";"05";"2021";"20:00";"1";"71";"71351";"2";"1";"1";"7";"Chemin de la Ferme Rouge";"46,8876650000";"5,2808620000"
"202100041842";"1";"05";"2021";"15:50";"1";"89";"89062";"1";"1";"1";"7";"D8";"47,9258639502";"3,8518077135"
"202100041843";"30";"04";"2021";"17:00";"1";"61";"61456";"1";"1";"1";"7";"Les Pres";"48,7775130000";"0,6604830000"
"202100041844";"2";"05";"2021";"19:00";"1";"61";"61344";"1";"1";"1";"6";"CD 909";"48,6556070000";" -0,2254340000"
"202100041845";"1";"05";"2021";"16:25";"1";"39";"39470";"1";"1";"3";"6";"N/A";"46,4934380000";"6,0445690000"
"202100041846";"2";"05";"2021";"18:15";"1";"44";"44102";"1";"1";"1";"1";"D63";"47,0540430000";" -1,4949130000"
"202100041847";"2";"05";"2021";"20:40";"2";"24";"24067";"1";"1";"1";"1";"Le Pont de Campagne";"44,9038240000";"0,9581070000"
"202100041848";"1";"05";"2021";"19:30";"1";"27";"27467";"2";"1";"1";"6";"face au 400 rue du haut";"49,3445400000";"0,5268450000"
"202100041849";"1";"05";"2021";"16:25";"1";"27";"27065";"1";"1";"8";"6";"la varenne 27210";"49,3411330000";"0,3718400000"
"202100041850";"1";"05";"2021";"19:55";"1";"37";"37263";"1";"4";"1";"6";"Les Halbarderies";"47,2862201771";"0,8523874220"
"202100041851";"2";"05";"2021";"01:30";"3";"08";"08097";"1";"1";"1";"7";"D21";"49,3068890000";"4,7478530000"
"202100041852";"2";"05";"2021";"01:06";"3";"21";"21263";"1";"1";"1";"6";"Autoroute A311 Pk 31.770";"47,2691470000";"5,0363840000"
"202100041853";"2";"05";"2021";"17:40";"1";"60";"60138";"1";"1";"1";"6";"A1 barriÃ¨re de pÃ©age de CHAMANT pk 44+000";"49,2154601021";"2,6261315344"
"202100041854";"1";"05";"2021";"13:00";"1";"27";"27580";"1";"1";"1";"6";"A13";"49,3536160000";"0,8850000000"
"202100041855";"30";"04";"2021";"12:20";"1";"67";"67112";"2";"1";"2";"3";"39 Rue du General de Gaulle";"48,5223020000";"7,5685690000"
"202100041856";"26";"03";"2021";"19:15";"3";"01";"01405";"1";"1";"1";"6";"Route de Lent";"46,1304730000";"5,1696980000"
"202100041857";"2";"05";"2021";"16:10";"1";"81";"81105";"2";"1";"1";"7";"84 Avenue Charles de Gaulle";"43,7609280000";"1,9758920000"
"202100041858";"1";"05";"2021";"17:30";"1";"81";"81105";"1";"1";"2";"7";"route dÃ©partementale D43";"43,7911410000";"2,0294990000"
"202100041859";"1";"05";"2021";"18:45";"1";"64";"64315";"1";"1";"1";"5";"D802";"43,2948560000";" -0,4139000000"
"202100041860";"1";"05";"2021";"17:00";"1";"29";"29181";"1";"2";"7";"2";"Lieu-dit Kerhamon";"48,4639510000";" -4,2288570000"
"202100041861";"1";"05";"2021";"17:40";"1";"59";"59441";"2";"1";"1";"6";"Rue Wuillaume";"50,2766800000";"3,7758410000"
"202100041862";"30";"04";"2021";"20:00";"1";"91";"91103";"1";"1";"1";"4";"RN 104";"48,6248300000";"2,3111000000"
"202100041863";"1";"05";"2021";"08:00";"1";"78";"78073";"1";"1";"1";"3";"N12Y";"48,7969530000";"2,0219760000"
"202100041864";"30";"04";"2021";"21:30";"3";"78";"78672";"1";"1";"1";"6";"A13";"48,9293960000";"1,9855690000"
"202100041865";"30";"04";"2021";"22:49";"5";"94";"94073";"1";"1";"1";"6";"A86 EXT";"48,7702010000";"2,3815640000"
"202100041866";"30";"04";"2021";"16:20";"1";"94";"94017";"1";"1";"1";"4";"A4";"48,8288000000";"2,5014000000"