"Num_Acc";"jour";"mois";"an";"hrmn";"lum";"dep";"com";"agg";"int";"atm";"col";"adr";"lat";"long"
"202100041867";"30";"04";"2021";"17:05";"1";"974";"97411";"2";"3";"1";"6";"JAURES (BOULEVARD JEAN)";" -20,8899000000";"55,4639800000"
"202100041868";"30";"04";"2021";"13:00";"1";"974";"97411";"2";"1";"1";"4";"Rocade de lâOasis";" -20,8986600000";"55,4672800000"
"202100041869";"29";"04";"2021";"15:00";"1";"974";"97411";"1";"1";"2";"4";"MONTAGNE (ROUTE DE LA)";" -20,8874200000";"55,4378300000"
"202100041870";"30";"04";"2021";"12:25";"1";"973";"97302";"2";"9";"1";"3";"MONTABO (ROUTE DE) 2";"4,9385605114";" -52,2996357680"
"202100041871";"30";"04";"2021";"11:50";"1";"69";"69387";"2";"2";"3";"6";"JEAN JAURES (AV)";"45,7361500000";"4,8364500000"
"202100041872";"30";"04";"2021";"09:00";"1";"69";"69388";"2";"1";"2";"2";"ANTOINE LUMIERE (R)";"45,7401484316";"4,8675667225"
"202100041873";"30";"04";"2021";"16:50";"1";"69";"69385";"2";"1";"8";"7";"CHOULAND (DE) (MO)";"45,7519837471";"4,8170596361"
"202100041874";"28";"04";"2021";"16:50";"1";"69";"69385";"2";"1";"1";"3";"COMMANDANT CHARCOT (R)";"45,7538000000";"4,8055000000"
"202100041875";"29";"04";"2021";"21:00";"3";"95";"95288";"2";"2";"1";"3";"PASTEUR (RUE)";"48,9862910000";"2,3517580000"
"202100041876";"30";"04";"2021";"16:20";"1";"95";"95018";"2";"3";"1";"6";"RD 311";"48,9573600000";"2,2872900000"
"202100041877";"29";"04";"2021";"11:55";"1";"91";"91027";"2";"2";"1";"3";"RTE DE FONTAINEBLEAU";"48,7161200000";"2,3710100000"
"202100041878";"30";"04";"2021";"08:40";"1";"88";"88415";"2";"1";"3";"7";"rue de la Moselotte";"48,0179600000";"6,6159900000"
"202100041879";"29";"04";"2021";"15:21";"1";"87";"87085";"2";"3";"1";"3";"BARBES (RUE ARMAND)";"45,8373200000";"1,2618200000"
"202100041880";"30";"04";"2021";"12:30";"1";"86";"86194";"2";"3";"1";"6";"Rue Gaston Hulin";"46,5826170000";"0,3405470000"
"202100041881";"29";"04";"2021";"18:15";"1";"86";"86194";"1";"2";"1";"3";"Rocade Nord Ouest";"46,5788660000";"0,3151190000"
"202100041882";"30";"04";"2021";"18:20";"1";"81";"81065";"2";"1";"1";"3";"ALBERT 1Â° (AV)";"43,5979020000";"2,2295700000"
"202100041883";"27";"04";"2021";"13:46";"1";"76";"76349";"2";"2";"1";"7";"DIEPPE (ROUTE DE)";"49,9014500000";"1,0517100000"
"202100041884";"30";"04";"2021";"19:10";"1";"72";"72181";"2";"3";"2";"3";"NATIONS UNIES (BD DES)";"47,9953400000";"0,2274200000"
"202100041885";"30";"04";"2021";"23:20";"5";"69";"69266";"2";"1";"1";"2";"PERIPHERIQUE NORD (BD)";"45,7852622033";"4,8901605606"
"202100041886";"30";"04";"2021";"13:20";"1";"69";"69256";"2";"3";"2";"6";"GASTON BACHELARD (CHM)";"45,7781900000";"4,9143000000"
"202100041887";"27";"04";"2021";"19:01";"1";"67";"67180";"1";"1";"1";"3";"RD 37";"48,8121500000";"7,9329500000"
"202100041888";"30";"04";"2021";"12:09";"1";"64";"64483";"2";"1";"1";"3";"LAHANCHIPIA (AVENUE)";"43,4019000000";" -1,6333200000"
"202100041889";"30";"04";"2021";"18:35";"1";"59";"59378";"2";"5";"8";"3";"REPUBLIQUE AV DE LA (NÂ°829-931)";"50,6621500000";"3,0962700000"
"202100041890";"29";"04";"2021";"19:45";"1";"59";"59386";"2";"3";"1";"3";"MARTYRS DE LA RESISTANCE RUE DES";"50,6763800000";"3,0648900000"
"202100041891";"29";"04";"2021";"18:25";"1";"57";"57630";"2";"2";"1";"3";"BELLEVUE (DE)";"48,7443982000";"7,0661446000"
"202100041892";"30";"04";"2021";"16:00";"1";"54";"54328";"1";"1";"1";"3";"RD 570";"48,6102700000";"6,1740000000"
"202100041893";"28";"04";"2021";"12:50";"1";"54";"54184";"2";"3";"1";"3";"BAS CHATEAU (RUE DU)";"48,7070400000";"6,2177000000"
"202100041894";"24";"04";"2021";"11:10";"1";"53";"53130";"2";"1";"1";"7";"FERME DE BOIS GAMATS ( CHEMIN DE LA )";"48,0523680000";" -0,7836550000"
"202100041895";"29";"04";"2021";"17:55";"1";"52";"52121";"2";"1";"1";"3";"VAL BARIZIEN (RUE DU)";"48,1071700000";"5,1328100000"
"202100041896";"29";"04";"2021";"13:24";"1";"51";"51454";"2";"1";"1";"3";"Rue Gutenberg";"49,2750510165";"4,0025541377"
"202100041897";"30";"04";"2021";"09:45";"1";"45";"45234";"2";"1";"1";"2";"Avenue Jean Zay";"47,9063600000";"1,9219300000"
"202100041898";"29";"04";"2021";"18:35";"1";"45";"45274";"2";"1";"1";"2";"Route de Sandillon";"47,8692591785";"1,9551167742"
"202100041899";"28";"04";"2021";"08:35";"1";"43";"43157";"2";"4";"2";"7";"REPUBLIQUE (BD DE LA)";"45,0465000000";"3,8920900000"
"202100041900";"30";"04";"2021";"21:15";"3";"37";"37122";"2";"1";"1";"2";"RD 37";"47,3409376466";"0,6515160799"
"202100041901";"30";"04";"2021";"10:40";"1";"37";"37261";"2";"1";"1";"6";"JOLIVET (RUE)";"47,3933600000";"0,7039000000"
"202100041902";"3";"04";"2021";"10:27";"1";"36";"36044";"2";"6";"1";"3";"Avenue Charles de Gaulle";"46,8101000000";"1,6877300000"
"202100041903";"30";"04";"2021";"19:00";"1";"35";"35238";"2";"1";"1";"3";"NANTES (RUE DE)";"48,0918200000";" -1,6918100000"
"202100041904";"30";"04";"2021";"17:20";"1";"35";"35047";"1";"1";"1";"7";"La Perelle";"48,0659900000";" -1,7499800000"
"202100041905";"30";"04";"2021";"12:40";"1";"35";"35051";"2";"6";"1";"3";"BRAY (RUE DE)";"48,1087900000";" -1,6032400000"
"202100041906";"29";"04";"2021";"19:00";"1";"34";"34172";"2";"9";"1";"2";"TOULOUSE (AVENUE DE)";"43,5878400000";"3,8543000000"
"202100041907";"29";"04";"2021";"18:05";"1";"33";"33162";"2";"1";"2";"1";"Avenue du Taillan-MÃ©doc";"44,8737400000";" -0,6351500000"
"202100041908";"16";"04";"2021";"02:50";"5";"25";"25580";"2";"2";"1";"3";"VERNOIS (RUE DU)";"47,4597500000";"6,8319600000"
"202100041909";"30";"04";"2021";"09:30";"1";"25";"25056";"2";"3";"3";"6";"LUXEMBOURG RUE DU";"47,2232820000";"5,9662010000"
"202100041910";"28";"04";"2021";"08:30";"1";"21";"21231";"2";"9";"1";"3";"Avenue Jean JaurÃ¨s";"47,3074055800";"5,0247920256"
"202100041911";"28";"04";"2021";"08:25";"1";"19";"19272";"2";"1";"3";"2";"Dr AimÃ© Audubert (Rue)";"45,2499100000";"1,7664300000"
"202100041912";"30";"04";"2021";"18:20";"1";"17";"17300";"1";"1";"1";"7";"07 PK RN237 RE MOULIN JUSTICE";"46,1711800000";" -1,1881700000"
"202100041913";"27";"04";"2021";"17:15";"1";"15";"15014";"2";"9";"1";"2";"ANGOULEME (COUR D')";"44,9302700000";"2,4500000000"
"202100041914";"28";"04";"2021";"16:30";"1";"13";"13103";"2";"1";"8";"6";"CHEMIN DE LA SAGNE";"43,6262220000";"5,0839320000"
"202100041915";"1";"05";"2021";"00:30";"5";"13";"13212";"2";"2";"1";"3";"SAINT JULIEN (AVENUE DE )";"43,3076609137";"5,4253524542"
"202100041916";"30";"04";"2021";"14:35";"1";"13";"13209";"2";"1";"8";"1";"DES PINS (allÃ©e)";"43,2549700000";"5,4152100000"
"202100041917";"30";"04";"2021";"14:55";"1";"13";"13201";"2";"1";"1";"3";"HOTEL DES POSTES (PLACE DE L')";"43,2992100000";"5,3746500000"
"202100041918";"30";"04";"2021";"13:00";"1";"13";"13210";"2";"3";"1";"3";"PONT DE VIVAUX (BOULEVARD)";"43,2815949915";"5,4268330336"
"202100041919";"29";"04";"2021";"07:30";"1";"11";"11069";"2";"1";"2";"7";"BARBES BD IMPAIR";"43,2102000000";"2,3475000000"
"202100041920";"30";"04";"2021";"06:40";"1";"06";"06088";"2";"9";"1";"6";"DIGUE DES FRANCAIS (TRAV. DE LA)";"43,6766400000";"7,2014100000"
"202100041921";"30";"04";"2021";"19:55";"2";"06";"06069";"2";"6";"8";"3";"RAYBAUD (AVENUE FELIX)  - D609-";"43,6407560000";"6,9116270000"
"202100041922";"30";"04";"2021";"10:00";"1";"06";"06123";"2";"1";"1";"2";"BARONNE ROUTE DE LA";"43,7053350000";"7,1776810000"
"202100041923";"28";"04";"2021";"10:00";"1";"06";"06027";"2";"9";"1";"1";"COLLE AVENUE DE LA";"43,6617300000";"7,1275680000"
"202100041924";"30";"04";"2021";"12:30";"1";"75";"75118";"2";"2";"1";"3";"AVENUE DE LA PORTE DE SAINT OUEN";"48,8976470000";"2,3290010000"
"202100041925";"30";"04";"2021";"09:05";"1";"75";"75118";"2";"4";"1";"3";"BOULEVARD DE LA CHAPELLE";"48,8845050000";"2,3642120000"
"202100041926";"30";"04";"2021";"19:40";"2";"75";"75115";"2";"3";"1";"3";"RUE EMERIAU";"48,8486383415";"2,2851233954"
"202100041927";"30";"04";"2021";"11:08";"1";"75";"75115";"2";"1";"1";"3";"RUE FONDARY";"48,8464790000";"2,2973780000"
"202100041928";"30";"04";"2021";"15:30";"1";"75";"75114";"2";"3";"1";"6";"AVENUE REILLE";"48,8244710000";"2,3383490000"
"202100041929";"30";"04";"2021";"16:45";"1";"75";"75112";"2";"1";"1";"3";"BOULEVARD DE PICPUS";"48,8459690000";"2,4007860000"
"202100041930";"30";"04";"2021";"09:30";"1";"75";"75110";"2";"7";"1";"3";"PLACE DU COLONEL FABIEN";"48,8776320000";"2,3703910000"
"202100041931";"30";"04";"2021";"11:10";"1";"75";"75109";"2";"2";"1";"3";"BOULEVARD MONTMARTRE";"48,8714850000";"2,3430510000"
"202100041932";"30";"04";"2021";"18:45";"1";"75";"75107";"2";"3";"1";"6";"RUE DE GRENELLE";"48,8580180000";"2,3093510000"
"202100041933";"30";"04";"2021";"16:20";"1";"75";"75101";"2";"5";"1";"6";"RUE DES HALLES";"48,8600260000";"2,3464750000"
"202100041934";"30";"04";"2021";"13:20";"1";"75";"75103";"2";"2";"1";"1";"RUE BEAUBOURG";"48,8637530000";"2,3548890000"
"202100041935";"30";"04";"2021";"11:20";"1";"75";"75104";"2";"4";"1";"6";"PONT DE SULLY";"48,8504340000";"2,3600820000"
"202100041936";"28";"04";"2021";"19:10";"1";"94";"94068";"2";"1";"1";"3";"Boulevard de Champigny";"48,8088140000";"2,5094240000"
"202100041937";"30";"04";"2021";"18:00";"1";"94";"94016";"2";"2";"1";"3";"Avenue LÃ©on Blum";"48,7867700000";"2,3374700000"
"202100041938";"30";"04";"2021";"08:30";"1";"94";"94016";"2";"1";"1";"3";"Rue des Anciens Combattants";"48,7963500000";"2,3353900000"
"202100041939";"30";"04";"2021";"13:55";"1";"94";"94073";"2";"1";"1";"6";"Avenue de Versailles";"48,7564800000";"2,3874800000"
"202100041940";"30";"04";"2021";"19:27";"1";"94";"94028";"2";"1";"1";"6";"Chemin du Bras du Chapitre";"48,7912000000";"2,4695100000"
"202100041941";"28";"04";"2021";"18:15";"1";"94";"94011";"2";"1";"1";"2";"Avenue de Boissy";"48,7630700000";"2,4941100000"
"202100041942";"30";"04";"2021";"10:50";"1";"94";"94019";"2";"1";"1";"6";"Route de la LibÃ©ration";"48,8016100000";"2,5405200000"
"202100041943";"30";"04";"2021";"09:15";"1";"94";"94071";"2";"1";"1";"2";"Avenue Charles de Gaulle";"48,7665400000";"2,5322900000"
"202100041944";"30";"04";"2021";"17:41";"1";"93";"93066";"2";"1";"1";"3";"LENINE (AVENUE) NR 2 A 26";"48,9380940000";"2,3684890000"
"202100041945";"30";"04";"2021";"10:00";"1";"93";"93066";"2";"3";"1";"3";"FORT DE LA BRICHE";"48,9420630000";"2,3415640000"
"202100041946";"30";"04";"2021";"20:00";"1";"93";"93064";"2";"1";"1";"3";"KENNEDY (AVENUE DU PRESIDENT)";"48,8782100000";"2,4885700000"
"202100041947";"30";"04";"2021";"11:45";"1";"93";"93062";"2";"2";"1";"3";"MONTFERMEIL (ALLEE DE) 118-160";"48,8966583839";"2,5301921368"
"202100041948";"30";"04";"2021";"18:50";"1";"93";"93048";"2";"2";"1";"3";"PRESIDENT WILSON (AVENUE DU)";"48,8556608490";"2,4395569358"
"202100041949";"29";"04";"2021";"14:15";"1";"93";"93006";"2";"1";"1";"6";"REPUBLIQUE AVENUE DE LA";"48,8608698917";"2,4186248272"
"202100041950";"30";"04";"2021";"18:45";"1";"93";"93047";"2";"1";"1";"3";"JEAN JAURES (AVENUE)";"48,8985900000";"2,5500500000"
"202100041951";"30";"04";"2021";"16:40";"1";"93";"93001";"2";"2";"1";"3";"PRESIDENT ROOSEVELT (AVENUE DU)";"48,9173900000";"2,3800500000"
"202100041952";"29";"04";"2021";"13:25";"1";"92";"92046";"2";"3";"1";"3";"PIERRE LAROUSSE (AVENUE)";"48,8202000000";"2,3055700000"
"202100041953";"30";"04";"2021";"14:05";"1";"92";"92076";"2";"1";"1";"3";"CAZES";"48,8383914615";"2,1643656492"
"202100041954";"29";"04";"2021";"16:30";"1";"92";"92050";"2";"1";"1";"3";"FRANCE ANATOLE RUE";"48,9016051699";"2,2091692686"
"202100041955";"30";"04";"2021";"09:45";"1";"92";"92044";"2";"2";"1";"3";"PDTWILSOO(RUE)151A159 ET 146A170";"48,9004200000";"2,2832600000"
"202100041956";"30";"04";"2021";"01:00";"5";"92";"92035";"2";"1";"1";"6";"RÃ©publique ( boulevard de la )";"48,9063234089";"2,2489035130"
"202100041957";"30";"04";"2021";"19:00";"1";"92";"92062";"2";"1";"1";"3";"ACACIA (IMMEUBLE)";"48,8873735298";"2,2495043278"
"202100041958";"30";"04";"2021";"13:35";"1";"92";"92026";"2";"9";"1";"3";"VERDUN (DE 62 A FIN)";"48,9043664464";"2,2568911314"
"202100041959";"30";"04";"2021";"07:10";"2";"92";"92026";"2";"1";"1";"3";"CIRCULAIRE (BOULEVARD)";"48,8927400000";"2,2453400000"
"202100041960";"30";"04";"2021";"21:00";"2";"92";"92025";"2";"9";"1";"2";"COLBERT  115 A 131   104 A 124 (RUE)";"48,9153400709";"2,2329504043"
"202100041961";"1";"05";"2021";"03:20";"3";"45";"45187";"1";"1";"3";"6";"D88-PR 13 + 950";"47,8807540000";"2,4946800000"
"202100041962";"1";"05";"2021";"17:55";"1";"81";"81317";"2";"1";"3";"1";"211 Rue du Stade";"43,8943420000";"2,3305070000"
"202100041963";"1";"05";"2021";"02:15";"5";"06";"06033";"2";"1";"1";"7";"m1";"43,7706520000";"7,2000790000"
"202100041964";"1";"05";"2021";"12:05";"1";"72";"72231";"2";"1";"1";"3";"Route de ChangÃ©";"47,9410190000";"0,3608660000"
"202100041965";"30";"04";"2021";"20:45";"2";"38";"38027";"2";"1";"2";"6";"Rue de Champ Brisson";"45,4381300000";"5,9771800000"
"202100041966";"1";"05";"2021";"11:40";"1";"58";"58095";"2";"1";"1";"7";"Rue MarÃ¨chal Foch";"46,8281920000";"3,4588480000"
"202100041967";"19";"03";"2021";"18:10";"1";"83";"83028";"1";"1";"1";"6";"Route de l'ancienne voie ferrÃ©e";"43,5858230000";"6,5230140000"
"202100041968";"1";"05";"2021";"15:30";"1";"09";"09324";"1";"1";"2";"3";"D624";"43,0572692680";"1,6373909712"
"202100041969";"24";"04";"2021";"17:35";"1";"43";"43032";"1";"1";"1";"7";"D156";"45,0641100000";"3,9649590000"
"202100041970";"1";"05";"2021";"15:20";"1";"10";"10341";"1";"3";"1";"1";"D619 / D19";"48,5126350000";"3,6811760000"
"202100041971";"1";"05";"2021";"12:20";"1";"04";"04116";"2";"1";"2";"6";"RD 4 - Bd des tilleuls";"44,0301220000";"5,9750340000"
"202100041972";"30";"04";"2021";"09:55";"1";"978";"97801";"1";"1";"1";"3";"Rn7 - grand case";"18,0997680000";" -63,0580900000"
"202100041973";"1";"05";"2021";"00:15";"3";"987";"98729";"1";"1";"1";"1";"Maatea";" -17,5852270000";" -149,8108460000"
"202100041974";"30";"04";"2021";"08:00";"1";"2A";"2A114";"1";"1";"1";"6";"D522";"41,5161270000";"9,1359230000"
"202100041975";"30";"04";"2021";"22:00";"3";"66";"66017";"1";"6";"8";"6";"Zone d'Estaque";"42,7874680000";"3,0369270000"
"202100041976";"30";"04";"2021";"18:30";"1";"30";"30139";"1";"1";"1";"6";"RD47";"44,1369080000";"3,3876620000"
"202100041977";"30";"04";"2021";"18:28";"1";"84";"84119";"2";"1";"2";"1";"Boulevard de la LibÃ©ration";"43,9564140000";"4,9306510000"
"202100041978";"1";"05";"2021";"09:45";"1";"54";"54258";"2";"1";"8";"7";"11 Rue du Faubourg";"48,6715652662";"6,5578454742"
"202100041979";"1";"05";"2021";"15:30";"1";"74";"74308";"1";"1";"2";"6";"D352";"46,3568840000";"6,6028560000"
"202100041980";"30";"04";"2021";"16:00";"1";"01";"01032";"1";"2";"2";"2";"Route de Chanes";"45,8530310000";"5,1434520000"
"202100041981";"26";"03";"2021";"18:15";"2";"81";"81099";"2";"1";"2";"2";"Avenue Marechal Juin";"43,9049450000";"1,8942720000"
"202100041982";"1";"05";"2021";"11:30";"1";"33";"33077";"2";"1";"8";"2";"N/A";"44,6022560000";" -0,5555490000"
"202100041983";"30";"04";"2021";"18:30";"1";"33";"33293";"1";"1";"1";"6";"RN 89";"44,8779780000";" -0,4160370000"
"202100041984";"30";"04";"2021";"14:00";"1";"35";"35191";"1";"2";"1";"2";"D15";"48,4593760000";" -1,3105920000"
"202100041985";"1";"05";"2021";"18:00";"1";"60";"60612";"2";"2";"2";"2";"Avenue de CompiÃ¨gne";"49,2112550000";"2,5930950000"
"202100041986";"20";"04";"2021";"15:59";"1";"13";"13055";"1";"1";"1";"7";"A507 sens Marseille - Aubagne";"43,3112217493";"5,4245876036"
"202100041987";"29";"04";"2021";"10:15";"1";"13";"13056";"1";"1";"3";"3";"A55-Sens Martigues vers Marseille";"43,3943540000";"5,0519520000"
"202100041988";"29";"04";"2021";"11:50";"1";"13";"13056";"1";"1";"3";"2";"A55-Sens Marseille vers Martigues";"43,4022300000";"5,0429100000"
"202100041989";"30";"04";"2021";"06:15";"2";"33";"33039";"1";"1";"2";"2";"Pont FranÃ§ois Mitterrand";"44,8067010000";" -0,5288640000"
"202100041990";"28";"04";"2021";"15:00";"1";"62";"62510";"1";"1";"1";"6";"AUTOROUTE A21";"50,4379510000";"2,7598860000"
"202100041991";"16";"04";"2021";"20:00";"1";"59";"59435";"1";"1";"1";"2";"AUTOROUTE A23";"50,5016630000";"3,2119530000"
"202100041992";"30";"04";"2021";"03:20";"3";"59";"59359";"1";"1";"1";"6";"AUTOROUTE A16";"50,9914999404";"2,2583475286"
"202100041993";"29";"04";"2021";"08:00";"1";"59";"59435";"1";"1";"2";"2";"AUTOROUTE A23";"50,5072485419";"3,2118905951"
"202100041994";"30";"04";"2021";"17:00";"1";"93";"93051";"1";"1";"1";"2";"A4";"48,8348190517";"2,5785747566"
"202100041995";"29";"04";"2021";"13:45";"1";"974";"97411";"2";"2";"1";"3";"JAURES (BOULEVARD JEAN)";" -20,8883800000";"55,4464300000"
"202100041996";"29";"04";"2021";"08:00";"1";"974";"97409";"2";"1";"2";"6";"ROCADE SUD(RUE)";" -20,9708200000";"55,6532200000"
"202100041997";"28";"04";"2021";"20:07";"5";"973";"97302";"2";"1";"2";"3";"BADUEL (ROUTE DE)";"4,9301984563";" -52,3044900983"
"202100041998";"26";"04";"2021";"11:40";"1";"973";"97302";"2";"9";"3";"3";"LALLOUETTE";"4,9406975962";" -52,3293986321"
"202100041999";"28";"04";"2021";"10:41";"1";"972";"97213";"2";"1";"2";"6";"ROUTE NATIONALE 1";"14,6204000000";" -60,9932700000"
"202100042000";"29";"04";"2021";"21:40";"5";"69";"69149";"2";"2";"2";"3";"PARMENTIER (R)";"45,7159900000";"4,8113900000"
"202100042001";"28";"04";"2021";"20:45";"5";"69";"69384";"2";"1";"2";"3";"CANUTS (DES) (BD)";"45,7775500000";"4,8284800000"
"202100042002";"29";"04";"2021";"17:00";"1";"95";"95427";"2";"3";"1";"3";"GARE (AVENUE DE LA)";"48,9749390000";"2,3428320000"
"202100042003";"30";"04";"2021";"01:55";"5";"95";"95018";"2";"2";"1";"3";"LURCAT (RUE JEAN)";"48,9518600000";"2,2287000000"
"202100042004";"29";"04";"2021";"09:15";"1";"91";"91687";"2";"3";"1";"3";"PRESIDENT KENNEDY (AVENUE DU)";"48,6640100000";"2,3679070000"
"202100042005";"29";"04";"2021";"09:45";"1";"91";"91027";"2";"1";"8";"2";"VC QUAI DE L'ORGE";"48,7102700000";"2,4020400000"
"202100042006";"20";"04";"2021";"12:54";"1";"86";"86194";"2";"2";"1";"3";"Rue Paul Verlaine";"46,5671000000";"0,3599000000"
"202100042007";"29";"04";"2021";"22:56";"5";"82";"82033";"1";"1";"1";"7";"MOISSAC RD 813 (ROUTE DE) ";"44,0733190000";"1,0937190000"
"202100042008";"28";"04";"2021";"20:00";"1";"80";"80021";"2";"1";"1";"2";"QUEBEC (RUE DE)";"49,8706600000";"2,3329200000"
"202100042009";"28";"04";"2021";"08:15";"1";"80";"80021";"2";"1";"1";"6";"ALPHONSE FIQUET (PLACE)";"49,8904800000";"2,3062800000"
"202100042010";"28";"04";"2021";"17:25";"1";"79";"79191";"2";"2";"1";"3";"Rue Laurent Bonnevay";"46,3156400000";" -0,4813400000"
"202100042011";"29";"04";"2021";"14:05";"1";"78";"78481";"2";"2";"1";"3";"Pont Georges Pompidou";"48,8979100000";"2,1071500000"
"202100042012";"29";"04";"2021";"09:40";"1";"78";"78551";"1";"1";"1";"2";"RN 190";"48,9156700000";"2,0663800000"
"202100042013";"28";"04";"2021";"15:30";"1";"72";"72181";"2";"1";"1";"6";"ESTIENNE D'ORVES (BD D')";"47,9805300000";"0,1914900000"
"202100042014";"29";"04";"2021";"14:10";"1";"69";"69282";"1";"6";"2";"2";"D302";"45,7529300000";"5,0192400000"
"202100042015";"28";"04";"2021";"17:15";"1";"67";"67482";"2";"8";"8";"3";"MARIA MONTESSORI (RUE)";"48,5611890000";"7,7518260000"
"202100042016";"29";"04";"2021";"13:45";"1";"67";"67462";"2";"1";"1";"6";"MARCKOLSHEIM (ROUTE DE)";"48,2557230000";"7,4568080000"
"202100042017";"28";"04";"2021";"10:52";"1";"66";"66136";"1";"9";"8";"2";"BROGLIE, Av de";"42,7094800000";"2,9078100000"
"202100042018";"29";"04";"2021";"00:40";"5";"63";"63075";"2";"1";"1";"6";"THERMALE (AVENUE)";"45,7714000000";"3,0570900000"
"202100042019";"28";"04";"2021";"15:20";"1";"63";"63113";"2";"3";"1";"3";"MERMOZ (AVENUE JEAN)";"45,7903900000";"3,1347100000"
"202100042020";"28";"04";"2021";"14:21";"1";"57";"57630";"2";"4";"1";"6";"NAPOLEON  I";"48,7353900000";"7,0527000000"
"202100042021";"28";"04";"2021";"12:27";"1";"54";"54526";"2";"3";"1";"4";"rue CÃ©cile Brunschvicg";"48,6800500000";"6,2241600000"
"202100042022";"28";"04";"2021";"17:26";"1";"54";"54395";"2";"2";"1";"6";"VIEIL AITRE (RUE DU)";"48,6856758326";"6,1641165319"
"202100042023";"25";"04";"2021";"15:40";"1";"52";"52448";"2";"1";"1";"7";"ALBERT SCHWEITZER (RUE)";"48,6561100000";"4,9614800000"
"202100042024";"29";"04";"2021";"15:15";"1";"51";"51454";"2";"1";"1";"7";"Rue Verrier";"49,2528240449";"4,0565058758"
"202100042025";"27";"04";"2021";"10:15";"1";"50";"50129";"2";"2";"1";"6";"MENDES FRANCE (BOULEVARD)";"49,6345240000";" -1,6260850000"
"202100042026";"29";"04";"2021";"12:50";"1";"49";"49099";"2";"2";"1";"2";"TESSOUALLE (AVENUE DE LA)";"47,0414700000";" -0,8726700000"
"202100042027";"29";"04";"2021";"09:55";"1";"49";"49007";"2";"2";"1";"6";"MARIANNE BOULEVARD";"47,4503300000";" -0,5289500000"
"202100042028";"29";"04";"2021";"16:50";"1";"45";"45234";"2";"3";"1";"3";"Boulevard de Quebec";"47,9147039684";"1,9020684636"
"202100042029";"29";"04";"2021";"13:55";"1";"45";"45284";"2";"1";"1";"3";"Rue du Puits de Ville";"47,9118800000";"1,9591700000"
"202100042030";"29";"04";"2021";"08:34";"1";"44";"44109";"2";"3";"1";"1";"ROUTE DE RENNES";"47,2503400000";" -1,5768000000"
"202100042031";"29";"04";"2021";"20:50";"5";"38";"38151";"2";"3";"1";"1";"Avenue Victor Hugo";"45,1545500000";"5,7122400000"
"202100042032";"28";"04";"2021";"17:50";"1";"35";"35238";"2";"1";"1";"3";"SERBIE (PLACE DE)";"48,0881200000";" -1,6590200000"
"202100042033";"29";"04";"2021";"00:30";"5";"34";"34172";"2";"9";"2";"6";"GANGES (ROUTE DE)";"43,6311500000";"3,8541300000"
"202100042034";"29";"04";"2021";"14:33";"1";"33";"33069";"2";"2";"1";"6";"Rue Lanet";"44,8705000000";" -0,5981000000"
"202100042035";"26";"04";"2021";"06:30";"5";"33";"33063";"2";"1";"1";"6";"Cours Balguerie Stuttenberg";"44,8593600000";" -0,5652900000"
"202100042036";"29";"04";"2021";"15:46";"1";"29";"29039";"2";"1";"1";"1";"Rue de Quimper";"47,8860439888";" -3,9196957420"
"202100042037";"29";"04";"2021";"08:25";"1";"29";"29019";"2";"7";"1";"3";"Avenue 1Ã¨re D.f.l.";"48,3763650428";" -4,5528267771"
"202100042038";"27";"04";"2021";"20:00";"2";"26";"26008";"2";"1";"2";"1";"D11";"44,5785800000";"4,7088600000"
"202100042039";"28";"04";"2021";"11:20";"1";"18";"18279";"2";"1";"2";"3";"MARCEL (RUE ETIENNE)";"47,2170000000";"2,0990000000"
"202100042040";"24";"04";"2021";"18:45";"1";"18";"18033";"2";"3";"1";"3";"REPUBLIQUE (BOULEVARD DE LA)";"47,0890000000";"2,3950000000"
"202100042041";"29";"04";"2021";"07:20";"1";"17";"17306";"2";"6";"1";"3";"DE LATTRE DE TASSIGNY (BD)";"45,6269300000";" -1,0186600000"
"202100042042";"29";"04";"2021";"15:55";"1";"17";"17291";"1";"1";"1";"3";"N11";"46,1717700000";" -1,1212700000"
"202100042043";"29";"04";"2021";"13:35";"1";"17";"17300";"2";"1";"1";"3";"CARNOT   AVENUE";"46,1645400000";" -1,1782500000"
"202100042044";"26";"04";"2021";"17:05";"1";"14";"14118";"2";"1";"1";"6";"Rue de lâEglise de Vaucelles";"49,1743700000";" -0,3540000000"
"202100042045";"29";"04";"2021";"07:30";"2";"13";"13214";"2";"1";"8";"3";"MARCHE D'IN (AVENUE)";"43,3378880000";"5,3846840000"
"202100042046";"25";"04";"2021";"14:50";"1";"10";"10387";"2";"1";"1";"7";"QUATORZE JUILLET (RUE DU)";"48,2952700000";"4,0798500000"
"202100042047";"24";"04";"2021";"19:20";"1";"07";"07116";"1";"1";"1";"7";"NATIONALE (ROUTE)";"44,6470100000";"4,3603000000"
"202100042048";"29";"04";"2021";"21:28";"5";"06";"06027";"2";"2";"1";"3";"NICE AVENUE DE (RN7)";"43,6596000000";"7,1695930000"
"202100042049";"28";"04";"2021";"13:20";"1";"05";"05061";"2";"6";"2";"3";"JEAN JAURES ( AVENUE )";"44,5548800000";"6,0747100000"
"202100042050";"28";"04";"2021";"20:10";"2";"01";"01031";"2";"2";"3";"3";"Avenue de l'Europe";"46,2497100000";"5,6380100000"
"202100042051";"29";"04";"2021";"08:31";"1";"75";"75105";"2";"1";"1";"3";"RUE MONGE";"48,8454350000";"2,3520660000"
"202100042052";"29";"04";"2021";"13:15";"1";"75";"75119";"2";"3";"1";"3";"QUAI DE LA SEINE";"48,8853350000";"2,3718210000"
"202100042053";"29";"04";"2021";"19:50";"2";"75";"75117";"2";"7";"1";"6";"BOULEVARD MALESHERBES";"48,8834230000";"2,3094410000"