"Num_Acc";"jour";"mois";"an";"hrmn";"lum";"dep";"com";"agg";"int";"atm";"col";"adr";"lat";"long"
"202100042054";"29";"04";"2021";"16:50";"1";"75";"75117";"2";"4";"1";"3";"AVENUE NIEL";"48,8819760000";"2,2959120000"
"202100042055";"28";"04";"2021";"12:20";"1";"75";"75116";"2";"3";"1";"6";"QUAI LOUIS BLERIOT";"48,8393250000";"2,2668610000"
"202100042056";"29";"04";"2021";"02:15";"5";"75";"75113";"2";"2";"1";"3";"PORTE D IVRY";"48,8194260000";"2,3734820000"
"202100042057";"29";"04";"2021";"18:30";"1";"75";"75111";"2";"1";"1";"3";"PASSAGE THIERE";"48,8540400000";"2,3737650000"
"202100042058";"29";"04";"2021";"11:25";"1";"75";"75109";"2";"3";"8";"7";"BOULEVARD DE ROCHECHOUART";"48,8820020000";"2,3403880000"
"202100042059";"29";"04";"2021";"08:01";"1";"75";"75108";"2";"4";"1";"2";"AVENUE DE MARIGNY";"48,8688400000";"2,3146260000"
"202100042060";"29";"04";"2021";"11:20";"1";"75";"75107";"2";"1";"1";"3";"RUE SAINT DOMINIQUE";"48,8585960000";"2,3216660000"
"202100042061";"28";"04";"2021";"15:45";"1";"75";"75104";"2";"3";"1";"3";"RUE DE RIVOLI";"48,8555440000";"2,3597020000"
"202100042062";"28";"04";"2021";"11:00";"1";"75";"75102";"2";"2";"1";"7";"RUE DE RICHELIEU";"48,8705400000";"2,3393710000"
"202100042063";"28";"04";"2021";"16:45";"1";"94";"94068";"2";"3";"1";"3";"COMMANDANT GUILBAUD (AV DU)";"48,8061700000";"2,4697700000"
"202100042064";"28";"04";"2021";"15:10";"1";"94";"94033";"2";"6";"8";"2";"AMITIE ENTRE LES PEUPLES (PL)";"48,8524700000";"2,4816000000"
"202100042065";"29";"04";"2021";"18:50";"1";"94";"94054";"2";"3";"1";"3";"BOUVRAY (VOI DE)";"48,7468300000";"2,4238200000"
"202100042066";"29";"04";"2021";"08:45";"1";"94";"94059";"2";"1";"1";"3";"Avenue de la MarÃ©chale";"48,8129900000";"2,5731900000"
"202100042067";"29";"04";"2021";"15:55";"1";"94";"94071";"2";"9";"1";"3";"GENERAL LECLERC (R DU)";"48,7774000000";"2,5114900000"
"202100042068";"27";"04";"2021";"22:20";"5";"94";"94048";"2";"3";"1";"3";"TUILERIE (R DE LA)";"48,7283199309";"2,5397394598"
"202100042069";"29";"04";"2021";"16:55";"1";"93";"93062";"2";"6";"1";"6";"GENERAL DE GAULLE (PLACE DU)";"48,8906432839";"2,5119195879"
"202100042070";"29";"04";"2021";"12:20";"1";"93";"93053";"2";"2";"1";"3";"ROSNY (AVENUE DE) NÂ° 53 A 243";"48,8891513002";"2,4713605642"
"202100042071";"29";"04";"2021";"12:08";"1";"93";"93015";"1";"9";"1";"3";"COTTAGE RUE DU";"48,9182100000";"2,5663400000"
"202100042072";"28";"04";"2021";"17:15";"1";"93";"93063";"2";"2";"1";"3";"REPUBLIQUE RUE DE LA";"48,8819300000";"2,4394800000"
"202100042073";"29";"04";"2021";"19:00";"1";"93";"93001";"2";"1";"1";"3";"SAINT DENIS (RUE DE)";"48,9220676066";"2,3733702364"
"202100042074";"29";"04";"2021";"12:35";"1";"93";"93001";"2";"1";"8";"1";"DANIELLE CASANOVA (RUE)  59 =>";"48,9149400000";"2,4028300000"
"202100042075";"29";"04";"2021";"18:35";"1";"92";"92075";"2";"1";"1";"3";"PAIX (AVENUE DE LA)";"48,8157800000";"2,2764200000"
"202100042076";"28";"04";"2021";"18:30";"1";"92";"92063";"2";"1";"2";"6";"DIX-HUIT JUIN 1940 (AVENUE DU) EST";"48,8675300000";"2,1973600000"
"202100042077";"29";"04";"2021";"14:25";"1";"92";"92062";"2";"1";"1";"2";"DE DION BOUTON (QUAI) DU 29 AU 65";"48,8854866832";"2,2514019907"
"202100042078";"29";"04";"2021";"22:35";"5";"92";"92026";"2";"1";"1";"7";"VERDUN (DE 62 A FIN)";"48,9002570000";"2,2609510000"
"202100042079";"29";"04";"2021";"13:55";"1";"92";"92025";"2";"1";"1";"3";"BOURNARD (RUE DU)";"48,9234680592";"2,2576267671"
"202100042080";"27";"04";"2021";"09:40";"1";"92";"92024";"2";"6";"1";"3";"REPUBLIQUE (PLACE DE LA)";"48,9031299945";"2,3132818937"
"202100042081";"29";"04";"2021";"13:20";"1";"92";"92012";"2";"2";"1";"3";"GALLIENI (RUE) 159/FIN";"48,8354302409";"2,2307610512"
"202100042082";"21";"03";"2021";"10:00";"1";"67";"67472";"1";"1";"8";"6";"D138";"48,7993090000";"7,9544450000"
"202100042083";"26";"04";"2021";"18:00";"1";"30";"30217";"2";"9";"1";"6";"intersection avenue de Signargues et montÃ©e du Vieux Moulin";"43,9756590000";"4,6865460000"
"202100042084";"29";"04";"2021";"22:10";"5";"74";"74105";"2";"6";"2";"6";"Av de Geneve";"46,3033260000";"6,2941950000"
"202100042085";"30";"04";"2021";"08:50";"1";"57";"57342";"1";"3";"2";"3";"D104a";"48,6413700000";"6,9079060000"
"202100042086";"22";"04";"2021";"18:10";"1";"51";"51662";"2";"6";"1";"7";"Avenue de Reims";"49,2854280000";"4,1126980000"
"202100042087";"28";"04";"2021";"21:15";"3";"74";"74068";"1";"6";"3";"6";"carrefour de la croisÃ©e, RD 1508";"46,0610530000";"5,8655410000"
"202100042088";"29";"04";"2021";"15:50";"1";"76";"76254";"2";"7";"1";"6";"Place Maurice Guillard";"49,7074690000";"0,2059660000"
"202100042089";"30";"04";"2021";"16:30";"1";"2B";"2B343";"1";"1";"1";"6";"RT 10";"42,4926930000";"9,4741310000"
"202100042090";"20";"04";"2021";"18:45";"1";"32";"32116";"2";"1";"1";"6";"D145 - PK 14.800";"43,3381490535";"0,4368801900"
"202100042091";"30";"04";"2021";"09:30";"1";"71";"71373";"2";"7";"3";"6";"3 Rue de l'HÃ´tel-de-ville";"46,5022070000";"5,0674760000"
"202100042092";"29";"04";"2021";"10:45";"1";"89";"89419";"1";"9";"1";"3";"D 955";"47,7195230000";"3,2790600000"
"202100042093";"16";"04";"2021";"06:50";"2";"61";"61484";"1";"1";"1";"7";"Le Bouillon";"48,2578910000";"0,7015050000"
"202100042094";"29";"04";"2021";"13:15";"1";"61";"61404";"1";"9";"1";"3";"RN 12 - PK 28";"48,5332030000";"0,5114650000"
"202100042095";"30";"04";"2021";"10:40";"1";"49";"49041";"1";"2";"1";"3";"21 Route des JoutiÃ¨res";"47,2882430000";"0,0477810000"
"202100042096";"24";"04";"2021";"19:15";"1";"49";"49307";"2";"2";"1";"3";"Rue de la Croix de Bois (Brain-sur-l'Authion)";"47,4476520000";" -0,4195510000"
"202100042097";"30";"04";"2021";"14:45";"1";"34";"34300";"1";"2";"1";"5";"D18";"43,4178450000";"3,3200600000"
"202100042098";"29";"04";"2021";"18:15";"1";"44";"44129";"1";"2";"1";"3";"Le Plantis";"47,4754580000";" -2,1110760000"
"202100042099";"28";"04";"2021";"15:45";"1";"44";"44213";"2";"2";"1";"2";"Place Jeanne d'Arc";"47,3848500000";" -1,0291530000"
"202100042100";"29";"04";"2021";"19:35";"1";"35";"35169";"1";"1";"1";"6";"Les Cheintes - D38";"47,9919250000";" -1,9757690000"
"202100042101";"30";"04";"2021";"15:35";"1";"72";"72028";"1";"1";"1";"1";"D73";"47,7666617617";"0,4033756254"
"202100042102";"29";"04";"2021";"15:35";"1";"05";"05040";"2";"3";"2";"3";"route du grand logis";"44,5462430000";"6,2768520000"
"202100042103";"30";"04";"2021";"15:30";"1";"50";"50582";"1";"1";"1";"1";"Les Boussardieres";"48,7020290000";" -0,9273950000"
"202100042104";"28";"04";"2021";"13:22";"1";"18";"18083";"1";"1";"2";"6";"Route de Sidiailles";"46,5447310000";"2,3422560000"
"202100042105";"29";"04";"2021";"05:40";"5";"43";"43230";"2";"2";"1";"3";"Lotissement les Marronniers";"45,1501015672";"3,9134824669"
"202100042106";"30";"04";"2021";"12:40";"1";"07";"07295";"1";"1";"2";"1";"Route de Charensol";"44,8264580000";"4,5747540000"
"202100042107";"27";"04";"2021";"17:45";"1";"04";"04031";"2";"1";"1";"7";"RD 953 - Poteau de telle";"43,9143720000";"6,1365510000"
"202100042108";"30";"04";"2021";"12:30";"1";"27";"27511";"2";"3";"1";"3";"D66";"49,1449660000";"0,9953030000"
"202100042109";"29";"04";"2021";"10:00";"1";"27";"27576";"2";"1";"1";"3";"Route du Chateau";"49,1649670000";"0,8473630000"
"202100042110";"30";"04";"2021";"18:54";"1";"06";"06152";"1";"6";"1";"3";"Route du Parc";"43,6168470000";"7,0372980000"
"202100042111";"30";"04";"2021";"07:02";"2";"69";"69032";"1";"1";"3";"2";"A89";"45,8647470000";"4,5970810000"
"202100042112";"30";"04";"2021";"17:45";"1";"95";"95580";"1";"1";"1";"4";"RD 317";"49,0916200000";"2,5304550000"
"202100042113";"30";"04";"2021";"18:05";"1";"95";"95580";"1";"1";"1";"4";"D317";"49,0816630000";"2,5295810000"
"202100042114";"28";"04";"2021";"17:15";"1";"68";"68278";"2";"3";"1";"3";"rue de la GraviÃ¨re";"47,7543860000";"7,3960200000"
"202100042115";"29";"04";"2021";"15:50";"1";"971";"97129";"2";"9";"1";"3";"Avenue Sainte Rose de Lima";"16,3316770000";" -61,6954730000"
"202100042116";"30";"04";"2021";"08:30";"1";"978";"97801";"1";"1";"1";"7";"RD 208";"18,0686460000";" -63,1212350000"
"202100042117";"29";"04";"2021";"16:00";"1";"21";"21515";"2";"3";"1";"6";"Rue du Commerce";"47,3088920000";"5,0983000000"
"202100042118";"28";"04";"2021";"05:30";"3";"29";"29136";"1";"3";"1";"7";"Lieu Dit Rosgodec";"47,9396490000";" -3,5090800000"
"202100042119";"30";"04";"2021";"16:15";"1";"41";"41129";"1";"1";"2";"5";"D951";"47,6524800000";"1,4691100000"
"202100042120";"23";"04";"2021";"17:30";"1";"77";"77233";"2";"1";"1";"6";"23 Rue du Tillet";"49,0018900000";"2,7888800000"
"202100042121";"30";"04";"2021";"15:25";"1";"95";"95199";"2";"1";"1";"6";"RD 11";"49,0267890000";"2,3448780000"
"202100042122";"30";"04";"2021";"08:00";"1";"78";"78601";"1";"1";"1";"1";"d 936";"48,5807670000";"1,8726430000"
"202100042123";"30";"04";"2021";"17:30";"1";"2A";"2A247";"1";"3";"1";"1";"RT 10";"41,6374160000";"9,2939190000"
"202100042124";"27";"04";"2021";"08:40";"1";"83";"83068";"2";"3";"1";"3";"Route du Littoral";"43,2861210000";"6,5997790000"
"202100042125";"29";"04";"2021";"18:05";"1";"89";"89289";"2";"1";"1";"3";"34 Rue du Pilori";"47,9539100000";"3,3681130000"
"202100042126";"30";"04";"2021";"04:45";"4";"89";"89295";"2";"2";"1";"4";"D158";"47,8185690000";"3,5392710000"
"202100042127";"27";"03";"2021";"00:25";"3";"54";"54352";"1";"1";"8";"7";"Route DÃ©partementale 92";"48,6462227446";"6,0749566536"
"202100042128";"29";"04";"2021";"18:20";"1";"73";"73119";"1";"1";"8";"1";"D1006";"45,1961610000";"6,6182010000"
"202100042129";"30";"04";"2021";"12:35";"1";"01";"01403";"2";"1";"2";"1";"grande rue";"45,8083830000";"5,4532850000"
"202100042130";"29";"04";"2021";"17:55";"1";"87";"87070";"1";"2";"1";"3";"La Croix FerrÃ©e";"45,7811120000";"1,4915600000"
"202100042131";"26";"03";"2021";"09:45";"1";"33";"33165";"2";"1";"1";"6";"AllÃ©e du Hameau Saint Hilaire";"44,8243250000";" -0,4445820000"
"202100042132";"24";"04";"2021";"11:27";"1";"85";"85113";"2";"1";"1";"6";"Rue Calypso";"46,7234770000";" -2,3484460000"
"202100042133";"29";"04";"2021";"17:45";"1";"44";"44047";"2";"1";"1";"2";"Rue de la MinÃ©e";"47,2345590000";" -1,6724700000"
"202100042134";"29";"04";"2021";"17:00";"1";"22";"22161";"1";"1";"1";"2";"Lan Frost";"48,5793650000";" -3,1421380000"
"202100042135";"29";"04";"2021";"16:50";"1";"22";"22277";"2";"1";"1";"7";"rue du Parc Broussin";"48,3881850000";" -2,8729890000"
"202100042136";"23";"04";"2021";"14:45";"1";"57";"57588";"2";"3";"1";"1";"Route de Mondorff";"49,4683230000";"6,2390170000"
"202100042137";"30";"04";"2021";"16:40";"1";"02";"02084";"1";"1";"1";"7";"Rue de Marigny";"49,0135760000";"3,2296590000"
"202100042138";"29";"04";"2021";"11:00";"1";"13";"13071";"1";"1";"3";"7";"A7-Sens Lyon vers Marseille";"43,4035100000";"5,3084100000"
"202100042139";"28";"04";"2021";"09:00";"1";"13";"13055";"1";"1";"2";"3";"A507 sens Aubagne- Marseille";"43,3241300000";"5,4228400000"
"202100042140";"20";"04";"2021";"05:00";"3";"13";"13085";"1";"1";"1";"5";"A50-Sens Toulon vers Aubagne";"43,2614230000";"5,5911410000"
"202100042141";"29";"04";"2021";"17:15";"1";"67";"67482";"1";"1";"1";"3";"M35";"48,5806300000";"7,7241200000"
"202100042142";"28";"04";"2021";"11:15";"1";"67";"67482";"1";"1";"1";"3";"M35";"48,5884500000";"7,7294200000"
"202100042143";"26";"04";"2021";"17:00";"1";"33";"33318";"1";"1";"2";"2";"ROCADE A 630";"44,7878300000";" -0,6347600000"
"202100042144";"24";"04";"2021";"12:25";"1";"59";"59603";"1";"1";"1";"6";"AUTOROUTE A23";"50,3404950000";"3,4884020000"
"202100042145";"29";"04";"2021";"10:00";"1";"91";"91689";"1";"1";"1";"2";"AUTOROUTE A6A";"48,7499000000";"2,3284000000"
"202100042146";"29";"04";"2021";"15:45";"1";"93";"93006";"1";"1";"1";"2";"AUTOROUTE A3";"48,8677800000";"2,4278100000"
"202100042147";"29";"04";"2021";"18:30";"1";"94";"94011";"1";"1";"1";"2";"RN406.Y";"48,7595271748";"2,4851417542"
"202100042148";"24";"02";"2021";"20:47";"5";"36";"36044";"2";"3";"1";"3";"Boulevard de Bryas";"46,8104900000";"1,7058900000"
"202100042149";"6";"02";"2021";"09:50";"1";"36";"36202";"1";"1";"1";"3";"Route de Niherne";"46,8660000104";"1,6268458861"
"202100042150";"28";"04";"2021";"15:00";"1";"974";"97416";"1";"9";"1";"2";"RN2 (1)";" -21,3339800000";"55,4846100000"
"202100042151";"27";"04";"2021";"07:12";"2";"974";"97411";"2";"9";"3";"1";"Boulevard Jean JaurÃ¨s";" -20,8974500000";"55,4757400000"
"202100042152";"28";"04";"2021";"08:05";"1";"973";"97302";"2";"2";"1";"3";"MANDELA  (BOULEVARD)";"4,9406200000";" -52,3267900000"
"202100042153";"28";"04";"2021";"18:40";"1";"69";"69388";"2";"2";"1";"3";"FRERES LUMIERE (DES) (AV)";"45,7433500000";"4,8742400000"
"202100042154";"27";"04";"2021";"19:25";"1";"69";"69389";"2";"1";"1";"3";"BOURGOGNE (DE) (R)";"45,7800200000";"4,8011500000"
"202100042155";"27";"04";"2021";"18:50";"1";"69";"69286";"2";"3";"1";"2";"COMBATTANTS EN AFRIQUE DU NORD 1952-1962 (DES) (AV)";"45,8161400000";"4,8929700000"
"202100042156";"28";"04";"2021";"09:00";"1";"971";"97101";"2";"1";"1";"2";"FrÃ©dÃ©ric JALTON";"16,2774400000";" -61,5001900000"
"202100042157";"26";"04";"2021";"12:00";"1";"971";"97101";"2";"9";"1";"3";"NEREE";"16,2680500000";" -61,5025000000"
"202100042158";"28";"04";"2021";"18:00";"1";"91";"91434";"2";"1";"1";"3";"CORBEIL (ROUTE DE)";"48,6532670000";"2,3378150000"
"202100042159";"25";"04";"2021";"17:40";"1";"90";"90010";"2";"2";"1";"3";"JOFFRE (BOULEVARD MARECHAL)";"47,6413000000";"6,8539000000"
"202100042160";"25";"04";"2021";"11:08";"1";"87";"87050";"2";"1";"1";"7";"CHARPENTIERS (RUE DES)";"45,8635600000";"1,2367500000"
"202100042161";"27";"04";"2021";"14:00";"1";"86";"86194";"2";"1";"1";"3";"Boulevard Pont Achard";"46,5749600000";"0,3290500000"
"202100042162";"18";"04";"2021";"18:10";"1";"84";"84007";"2";"1";"1";"3";"MARSEILLE (Route)-MONTFAVET";"43,8908400000";"4,9104300000"
"202100042163";"21";"04";"2021";"17:30";"1";"83";"83061";"2";"1";"1";"6";"AVENUE DE PROVENCE";"43,4268000000";"6,7530500000"
"202100042164";"28";"04";"2021";"16:25";"1";"79";"79329";"2";"1";"1";"7";"Avenue Emile Zola";"46,9889400000";" -0,2100100000"
"202100042165";"17";"04";"2021";"23:30";"3";"78";"78486";"1";"1";"1";"6";"RN 10";"48,6791900000";"1,8415200000"
"202100042166";"27";"04";"2021";"08:05";"1";"76";"76351";"2";"2";"1";"6";"WINSTON CHURCHILL";"49,4941000000";"0,1389000000"
"202100042167";"26";"04";"2021";"13:30";"1";"76";"76305";"1";"1";"1";"6";"RD 6015";"49,5124156970";"0,2227413654"
"202100042168";"26";"04";"2021";"10:55";"1";"76";"76351";"2";"3";"1";"3";"Rue EugÃ¨ne Mopin";"49,5173000000";"0,1572000000"
"202100042169";"28";"04";"2021";"08:15";"1";"69";"69266";"2";"2";"1";"6";"ANTONINS (DES) (R)";"45,7824666793";"4,8782716681"
"202100042170";"27";"04";"2021";"17:00";"1";"67";"67482";"2";"3";"1";"3";"CHARMILLE (RUE DE LA)";"48,5809900000";"7,7188900000"
"202100042171";"28";"04";"2021";"10:24";"1";"63";"63113";"2";"2";"2";"3";"BESSET/BONNEFONS";"45,7829000000";"3,0781400000"
"202100042172";"28";"04";"2021";"01:31";"5";"63";"63113";"2";"2";"1";"3";"CLOS NOTRE DAME (RUE DU)";"45,7837000000";"3,0766900000"
"202100042173";"28";"04";"2021";"18:30";"1";"62";"62193";"2";"1";"1";"2";"ST EXUPERY (AVENUE)";"50,9461000000";"1,8813400000"
"202100042174";"28";"04";"2021";"13:45";"1";"59";"59512";"2";"1";"1";"6";"GALVANI (RUE)";"50,6961200000";"3,1860000000"
"202100042175";"27";"04";"2021";"12:10";"1";"59";"59009";"2";"2";"1";"3";"JAURES JEAN RUE DU 130 AU 252";"50,6656670000";"3,1410870000"
"202100042176";"28";"04";"2021";"07:10";"2";"53";"53130";"1";"6";"1";"7";"RN 162";"48,0619960000";" -0,7335100000"
"202100042177";"28";"04";"2021";"02:20";"3";"50";"50502";"2";"1";"1";"6";"CANTEPIE (lieu dit)";"49,0976860000";" -1,0790740000"
"202100042178";"27";"04";"2021";"14:25";"1";"50";"50502";"2";"1";"1";"6";"TORTERON (rue)";"49,1144800000";" -1,0971150000"
"202100042179";"25";"04";"2021";"17:58";"1";"47";"47001";"2";"1";"1";"6";"LAUZUN (RUE PHILIPPE)";"44,2034600000";"0,6280190000"
"202100042180";"28";"04";"2021";"14:35";"1";"45";"45234";"2";"6";"2";"6";"D906094-PR 1 + 280";"47,9243310000";"1,9412010000"
"202100042181";"28";"04";"2021";"08:50";"1";"44";"44184";"1";"1";"1";"6";"RD 492 DU RP SARRELOUIS AU PONT BD HÃPIT";"47,2672517241";" -2,2540640831"
"202100042182";"28";"04";"2021";"14:30";"1";"38";"38544";"2";"6";"8";"3";"Avenue Marcellin Berthelot";"45,5357700000";"4,8745500000"
"202100042183";"28";"04";"2021";"17:20";"1";"37";"37122";"2";"3";"1";"6";"BRANLY (RUE EDOUARD)";"47,3580024761";"0,6810997725"
"202100042184";"28";"04";"2021";"08:55";"1";"37";"37122";"2";"1";"1";"7";"BRETONNIERES (BOULEVARD DES)";"47,3427966113";"0,6233882904"
"202100042185";"22";"02";"2021";"15:06";"1";"36";"36044";"2";"1";"1";"6";"10 Rue Combanaire";"46,8077800000";"1,7049000000"
"202100042186";"28";"04";"2021";"18:55";"1";"35";"35238";"2";"3";"1";"6";"CHATEAUGIRON (DE)";"48,0974400000";" -1,6420300000"
"202100042187";"28";"04";"2021";"16:10";"1";"33";"33032";"2";"3";"1";"6";"Rue de Rome";"44,8962990000";" -0,5201960000"
"202100042188";"28";"04";"2021";"18:25";"1";"33";"33529";"2";"1";"1";"3";"N/A";"44,6398600000";" -1,1483000000"
"202100042189";"28";"04";"2021";"07:30";"2";"33";"33529";"2";"1";"8";"3";"Avenue de BisseriÃ©";"44,6265634590";" -1,1412256817"
"202100042190";"27";"04";"2021";"03:45";"5";"31";"31555";"2";"9";"1";"3";"Rond Point Cazaux henri";"43,6240700000";"1,4193300000"
"202100042191";"25";"04";"2021";"19:40";"1";"30";"30007";"2";"6";"1";"6";"BAGNOLS (ROUTE DE)";"44,1294000000";"4,1058100000"
"202100042192";"28";"04";"2021";"17:20";"1";"29";"29232";"2";"1";"1";"1";"Rue de Benodet";"47,9843240000";" -4,1052180000"
"202100042193";"27";"04";"2021";"20:20";"2";"25";"25204";"1";"1";"1";"6";"Route DÃ©partementale 437";"46,9277600000";"6,3593400000"
"202100042194";"28";"04";"2021";"16:45";"1";"18";"18033";"2";"3";"2";"3";"MALLET (RUE LOUIS)";"47,0819600000";"2,3640400000"
"202100042195";"28";"04";"2021";"16:28";"1";"17";"17300";"2";"1";"1";"3";"NORMANDIN   RUE EMILE";"46,1494100000";" -1,1447000000"
"202100042196";"28";"04";"2021";"15:04";"1";"17";"17300";"2";"3";"1";"3";"GUITON   AVENUE JEAN (167-341)";"46,1608900000";" -1,1877000000"
"202100042197";"28";"04";"2021";"14:40";"1";"14";"14715";"2";"1";"1";"6";"D74";"49,3648700000";"0,1040900000"
"202100042198";"28";"04";"2021";"18:50";"1";"13";"13211";"2";"1";"1";"3";"MENARD (PIERRE) (BOULEVARD)";"43,2906044670";"5,4401504611"
"202100042199";"28";"04";"2021";"16:25";"1";"13";"13214";"2";"1";"8";"2";"JEAN QUEILLAU (RUE)";"43,3344220000";"5,3852040000"
"202100042200";"27";"04";"2021";"18:40";"1";"13";"13213";"2";"1";"1";"3";"SAINT PAUL (AVENUE)";"43,3276700000";"5,4073460000"
"202100042201";"28";"04";"2021";"00:00";"5";"11";"11069";"2";"9";"2";"6";"BARBES BD ET PROMENADE-PAIRS-";"43,2104300000";"2,3523400000"
"202100042202";"27";"04";"2021";"19:01";"1";"10";"10387";"2";"6";"1";"3";"ROBERT GALLEY (RUE)";"48,2899800000";"4,0677600000"
"202100042203";"28";"04";"2021";"13:15";"1";"07";"07281";"2";"6";"2";"7";"LA BEYLESSE (CARREFOUR)";"44,9452000000";"4,8525400000"
"202100042204";"24";"04";"2021";"18:10";"1";"07";"07102";"1";"6";"1";"7";"LANGUEDOC (Rue du)";"44,9279200000";"4,8597600000"
"202100042205";"27";"04";"2021";"19:50";"2";"06";"06123";"2";"1";"2";"6";"PUGETS AVENUE DES";"43,6823000000";"7,1868000000"
"202100042206";"15";"04";"2021";"09:00";"1";"06";"06027";"2";"1";"1";"2";"GARE AVENUE DE LA";"43,6608500000";"7,1486400000"
"202100042207";"28";"04";"2021";"18:30";"1";"75";"75117";"2";"1";"8";"3";"PORTE DE SAINT OUEN";"48,9003480000";"2,3221740000"
"202100042208";"27";"04";"2021";"11:10";"1";"75";"75116";"2";"1";"1";"2";"PORTE DE PASSY";"48,8545390000";"2,2549230000"
"202100042209";"28";"04";"2021";"20:55";"1";"75";"75118";"2";"2";"1";"6";"BOULEVARD BARBES";"48,8865550000";"2,3495560000"
"202100042210";"28";"04";"2021";"20:20";"1";"75";"75118";"2";"2";"1";"3";"BOULEVARD BARBES";"48,8855610000";"2,3495300000"
"202100042211";"28";"04";"2021";"14:50";"1";"75";"75116";"2";"2";"1";"3";"AVENUE DE VERSAILLES";"48,8452950000";"2,2715910000"
"202100042212";"28";"04";"2021";"13:50";"1";"75";"75115";"2";"7";"1";"6";"RUE DU COMMERCE";"48,8448320000";"2,2939800000"
"202100042213";"28";"04";"2021";"13:10";"1";"75";"75108";"2";"2";"1";"3";"RUE LA BOETIE";"48,8745320000";"2,3194370000"
"202100042214";"28";"04";"2021";"01:45";"5";"75";"75108";"2";"2";"1";"3";"AVENUE DES CHAMPS ELYSEES";"48,8677400000";"2,3139780000"
"202100042215";"27";"04";"2021";"12:45";"1";"75";"75104";"2";"7";"1";"1";"PLACE DE LA BASTILLE";"48,8532510000";"2,3686120000"
"202100042216";"27";"04";"2021";"09:00";"1";"75";"75103";"2";"2";"1";"3";"RUE REAUMUR";"48,8654590000";"2,3561230000"
"202100042217";"28";"04";"2021";"12:34";"1";"94";"94044";"2";"1";"1";"6";"Rue Henri Barbusse";"48,7504180000";"2,4884850000"
"202100042218";"28";"04";"2021";"05:45";"5";"94";"94003";"2";"1";"1";"1";"PAUL VAILLANT COUTURIER (AV)";"48,8021800000";"2,3384800000"
"202100042219";"27";"04";"2021";"19:00";"1";"94";"94003";"2";"1";"1";"6";"Avenue Laplace";"48,8084250000";"2,3316660000"
"202100042220";"27";"04";"2021";"19:00";"1";"94";"94002";"2";"1";"1";"6";"Quai Jean-Baptiste ClÃ©ment";"48,7963600000";"2,4217500000"
"202100042221";"28";"04";"2021";"18:52";"1";"93";"93070";"2";"7";"2";"2";"DOCTEUR BAUER(RUE DU) :NÂ°  75 AU 129";"48,9054600000";"2,3440300000"
"202100042222";"26";"04";"2021";"23:15";"5";"93";"93072";"2";"2";"1";"3";"STALINGRAD (Avenue)";"48,9469654236";"2,3716994482"
"202100042223";"28";"04";"2021";"16:10";"1";"93";"93064";"2";"3";"1";"1";"KENNEDY (AVENUE DU PRESIDENT)";"48,8801300000";"2,4929600000"
"202100042224";"28";"04";"2021";"10:00";"1";"93";"93062";"2";"1";"1";"3";"RESISTANCE (AVENUE DE LA)";"48,8943060755";"2,5133307082"
"202100042225";"28";"04";"2021";"11:00";"1";"93";"93051";"2";"1";"1";"6";"MEDERIC (AVENUE)";"48,8300473874";"2,5614021494"
"202100042226";"28";"04";"2021";"12:15";"1";"93";"93006";"2";"1";"1";"3";"GAMBETTA AV.";"48,8691500000";"2,4154700000"
"202100042227";"28";"04";"2021";"16:22";"1";"93";"93030";"2";"1";"1";"5";"DE GAULLE (AVENUE DU GENERAL)";"48,9499800000";"2,4152700000"
"202100042228";"28";"04";"2021";"20:05";"1";"92";"92033";"2";"1";"1";"6";"SURESNES";"48,8462000000";"2,1909500000"
"202100042229";"28";"04";"2021";"17:50";"1";"92";"92064";"2";"1";"1";"2";"DAILLY";"48,8433280000";"2,2207380000"
"202100042230";"24";"04";"2021";"13:30";"1";"92";"92063";"2";"2";"1";"3";"BUZENVAL (PLACE DE)";"48,8572200000";"2,1901500000"
"202100042231";"28";"04";"2021";"14:00";"1";"92";"92051";"2";"1";"1";"3";"CHARLES DE GAULLE (AVENUE,NÂ°118 A 192 +";"48,8829150991";"2,2664384544"
"202100042232";"27";"04";"2021";"09:35";"1";"92";"92051";"2";"1";"1";"2";"CHARLES DE GAULLE (AVENUE, NÂ°27 A 129)";"48,8809057586";"2,2722977400"
"202100042233";"28";"04";"2021";"07:15";"1";"92";"92026";"2";"1";"1";"3";"CIRCULAIRE (BOULEVARD)";"48,8908900000";"2,2476700000"
"202100042234";"28";"04";"2021";"11:00";"1";"92";"92025";"2";"3";"7";"6";"STALINGRAD (AV DE)";"48,9273200000";"2,2729000000"
"202100042235";"27";"04";"2021";"23:10";"5";"92";"92025";"2";"1";"1";"6";"VALMY (BD DE)";"48,9256348332";"2,2528934083"
"202100042236";"28";"04";"2021";"07:50";"1";"92";"92004";"2";"1";"1";"3";"BAS ( RUE DES )";"48,9113400000";"2,2983700000"
"202100042237";"28";"04";"2021";"21:50";"5";"33";"33225";"2";"1";"1";"1";"N/A";"44,5664180000";" -0,4099600000"
"202100042238";"24";"04";"2021";"16:00";"1";"62";"62043";"2";"9";"1";"7";"3929 Route Nationale";"50,8958060000";"1,9684300000"
"202100042239";"29";"04";"2021";"16:30";"1";"56";"56172";"2";"1";"1";"7";"Rue du Docteur RemÃ©";"47,8384230000";" -2,6373950000"
"202100042240";"10";"04";"2021";"19:00";"1";"56";"56166";"1";"1";"1";"1";"Kerprat Vihan";"47,9102220000";" -3,2906764000"