"Num_Acc";"jour";"mois";"an";"hrmn";"lum";"dep";"com";"agg";"int";"atm";"col";"adr";"lat";"long"
"202100042241";"29";"04";"2021";"12:00";"1";"2B";"2B346";"2";"3";"1";"3";"D237A";"42,5098890000";"9,4585200000"
"202100042242";"28";"04";"2021";"14:10";"1";"61";"61303";"1";"1";"1";"7";"Lieu Dit Maison Blanche";"48,8314010000";" -0,1419880000"
"202100042243";"27";"04";"2021";"13:25";"1";"49";"49155";"1";"1";"1";"7";"Rue de Grieul";"47,5972070000";" -0,6943920000"
"202100042244";"29";"04";"2021";"14:40";"1";"25";"25240";"1";"1";"8";"1";"D437";"47,0755510000";"6,6177820000"
"202100042245";"27";"04";"2021";"16:54";"1";"44";"44081";"1";"1";"1";"6";"La Peaudouere";"46,8866240000";" -1,5571830000"
"202100042246";"27";"04";"2021";"16:00";"1";"44";"44101";"2";"6";"1";"3";"Rue Salvador Allende";"47,1848750000";" -1,6875170000"
"202100042247";"28";"04";"2021";"15:25";"1";"29";"29257";"1";"1";"1";"6";"Rue Tevenn Ar Reut";"48,5646200000";" -4,6143650000"
"202100042248";"28";"04";"2021";"13:10";"1";"03";"03080";"1";"2";"2";"3";"D2209";"46,1034970000";"3,2605170000"
"202100042249";"22";"04";"2021";"12:35";"1";"14";"14654";"2";"3";"1";"3";"Route de Magny";"49,0363350000";" -0,0265700000"
"202100042250";"29";"04";"2021";"03:00";"3";"14";"14238";"1";"1";"1";"6";"Bois de Boulogne";"49,3332500000";"0,1598600000"
"202100042251";"29";"04";"2021";"09:00";"1";"87";"87111";"2";"9";"1";"3";"Rue Jean Giraudoux";"45,7327690000";"0,8658400000"
"202100042252";"28";"04";"2021";"07:50";"2";"30";"30086";"1";"1";"2";"6";"D114";"44,0310860000";"4,2784240000"
"202100042253";"28";"04";"2021";"13:00";"1";"987";"98738";"1";"1";"1";"2";"PK 11 cotÃ© montagne - Lotissement Social";" -17,6184160000";" -149,5708030000"
"202100042254";"28";"04";"2021";"07:40";"1";"973";"97305";"1";"1";"1";"1";"D 888, avenue de la laiterie";"4,9473440000";" -52,4441170000"
"202100042255";"28";"04";"2021";"16:25";"1";"91";"91405";"2";"2";"1";"3";"Rue Jean Cocteau";"48,4007560000";"2,4717580000"
"202100042256";"28";"04";"2021";"08:30";"1";"2B";"2B350";"2";"1";"1";"4";"Fontanone";"42,5228860000";"9,4017380000"
"202100042257";"29";"04";"2021";"11:15";"1";"11";"11076";"2";"1";"2";"6";"23 Rue du 11 Novembre";"43,3199220000";"1,9533460000"
"202100042258";"28";"04";"2021";"11:35";"1";"34";"34157";"2";"3";"1";"2";"Route de Villeveyrac";"43,4324670000";"3,6031400000"
"202100042259";"29";"04";"2021";"08:40";"1";"34";"34113";"1";"1";"3";"1";"d613 lieu dit la justice";"43,5114250000";"3,7243970000"
"202100042260";"28";"04";"2021";"17:45";"1";"58";"58124";"1";"1";"2";"6";"D174";"47,0900540000";"3,0503590000"
"202100042261";"29";"04";"2021";"08:15";"1";"88";"88135";"2";"1";"1";"6";"Rue Colonel Bertin";"48,1453690000";"6,6201800000"
"202100042262";"26";"03";"2021";"10:40";"1";"74";"74239";"2";"1";"1";"1";"Rte de Thones";"45,9217520000";"6,4059140000"
"202100042263";"29";"04";"2021";"10:10";"1";"38";"38064";"2";"1";"1";"6";"Rue de la Gare";"45,5622000000";"5,3774500000"
"202100042264";"29";"04";"2021";"08:45";"1";"81";"81099";"2";"7";"2";"3";"Intersection place de la libÃ©ration - D 988";"43,8999180000";"1,8985530000"
"202100042265";"28";"04";"2021";"21:15";"5";"09";"09076";"1";"1";"1";"6";"dÃ©partementale 27";"43,2560650000";"1,5395240000"
"202100042266";"28";"04";"2021";"17:35";"1";"09";"09217";"1";"1";"2";"1";"d8";"42,8021080000";"1,5894560000"
"202100042267";"27";"04";"2021";"15:55";"1";"64";"64421";"1";"1";"3";"7";"RN 134 PR 59+900";"43,1657800000";" -0,5141690000"
"202100042268";"28";"04";"2021";"19:16";"1";"33";"33003";"2";"3";"1";"3";"Rue du Broustey";"44,9379780000";" -0,4972120000"
"202100042269";"28";"04";"2021";"16:55";"1";"85";"85178";"2";"1";"1";"7";"Rue du Puy Chabot";"46,7704750000";" -1,5117900000"
"202100042270";"22";"04";"2021";"05:00";"3";"14";"14047";"2";"2";"1";"2";"Rue de Port-en-bessin";"49,2894670000";" -0,7203180000"
"202100042271";"29";"04";"2021";"12:37";"1";"60";"60462";"2";"1";"1";"3";"36 Rue de Boncourt";"49,3256290000";"2,1979090000"
"202100042272";"28";"04";"2021";"07:50";"1";"59";"59482";"1";"6";"7";"3";"D36 - D308";"50,7197420000";"3,0197540000"
"202100042273";"28";"04";"2021";"09:10";"1";"13";"13202";"1";"1";"3";"6";"A55-Sens Martigues vers Marseille";"43,3146100000";"5,3655200000"
"202100042274";"28";"04";"2021";"09:35";"1";"13";"13056";"1";"1";"2";"6";"A55-Sens Martigues vers Marseille";"43,4058418448";"5,0393474871"
"202100042275";"20";"04";"2021";"00:10";"5";"69";"69382";"1";"1";"1";"2";"M6";"45,7508700000";"4,8226700000"
"202100042276";"28";"04";"2021";"12:20";"1";"78";"78322";"1";"1";"1";"2";"RN12 EXT";"48,7866700000";"2,1509200000"
"202100042277";"28";"04";"2021";"18:30";"1";"95";"95500";"1";"1";"1";"5";"AUTOROUTE A15";"49,0383130344";"2,0881571840"
"202100042278";"28";"04";"2021";"15:55";"1";"93";"93066";"1";"1";"1";"5";"AUTOROUTE A1";"48,9193400000";"2,3575500000"
"202100042279";"20";"02";"2021";"15:42";"1";"66";"66136";"2";"1";"1";"2";"ESPAGNE (ROUTE D')";"42,6794900000";"2,8924500000"
"202100042280";"24";"02";"2021";"15:10";"1";"59";"59569";"2";"1";"1";"6";"MOCHE (RUE ALCIDE)";"50,3659900000";"3,1170800000"
"202100042281";"27";"04";"2021";"15:32";"1";"974";"97422";"1";"1";"8";"3";"DE VILLIERS 5CHEMIN ADAM)";" -21,2744386814";"55,5010474774"
"202100042282";"25";"04";"2021";"17:50";"2";"974";"97411";"2";"2";"1";"5";"Rue de Lorraine";" -20,8858100000";"55,4622800000"
"202100042283";"27";"04";"2021";"11:00";"1";"973";"97302";"2";"9";"3";"7";"BADUEL (ROND POINT DE)";"4,9331529211";" -52,3095109464"
"202100042284";"27";"04";"2021";"08:15";"1";"973";"97302";"2";"9";"8";"6";"BARRAT (DU DOCTEUR)";"4,9376768862";" -52,3278295398"
"202100042285";"27";"04";"2021";"11:58";"1";"69";"69259";"2";"1";"1";"6";"CHARLES DE GAULLE (AV)";"45,7129200000";"4,8988100000"
"202100042286";"27";"04";"2021";"20:36";"1";"95";"95585";"2";"1";"1";"1";"ZOLA (RUE EMILE)";"48,9858310000";"2,3929620000"
"202100042287";"27";"04";"2021";"10:45";"1";"95";"95428";"2";"1";"7";"3";"CHARLES DE GAULLE  AVENUE";"48,9842630000";"2,3283880000"
"202100042288";"27";"04";"2021";"17:25";"1";"91";"91552";"1";"3";"1";"4";"RTE NATIONALE 20";"48,6138840000";"2,2548580000"
"202100042289";"27";"04";"2021";"14:45";"1";"91";"91326";"2";"1";"1";"6";"GENERAL DE GAULLE (AVENUE DU)";"48,6935490000";"2,3793660000"
"202100042290";"27";"04";"2021";"09:25";"1";"91";"91687";"2";"1";"1";"2";"VICTOR SCHOELCHER (AVENUE)";"48,6466600000";"2,3657700000"
"202100042291";"27";"04";"2021";"13:40";"1";"83";"83137";"2";"1";"8";"3";"BROSSET (BD GENERAL)";"43,1281700000";"5,9064400000"
"202100042292";"24";"04";"2021";"18:40";"1";"78";"78314";"2";"6";"1";"7";"RD 190";"48,9882900000";"1,7870100000"
"202100042293";"27";"04";"2021";"15:15";"1";"77";"77131";"2";"6";"1";"2";"REBAIS (AVENUE DE)";"48,8135900000";"3,0873000000"
"202100042294";"26";"04";"2021";"19:45";"1";"76";"76351";"2";"1";"1";"1";"GRAVILLE (BD DE)";"49,4980100000";"0,1468400000"
"202100042295";"27";"04";"2021";"21:15";"5";"73";"73008";"2";"1";"1";"5";"SIMOND ST AVENUE";"45,7057267740";"5,9140334031"
"202100042296";"27";"04";"2021";"17:15";"1";"69";"69282";"2";"1";"1";"6";"DAUPHINE (DU) (AV) (8)";"45,7643000000";"5,0043500000"
"202100042297";"27";"04";"2021";"10:40";"1";"66";"66136";"2";"3";"2";"6";"LECLERC (AVENUE DU GENERAL)";"42,7018200000";"2,8917900000"
"202100042298";"23";"04";"2021";"16:40";"1";"65";"65286";"2";"1";"1";"1";"LAC (CHEMIN DU)";"43,1054970000";" -0,0762640000"
"202100042299";"27";"04";"2021";"19:16";"1";"64";"64445";"2";"2";"1";"3";"CASTERET";"43,3034400000";" -0,3618500000"
"202100042300";"27";"04";"2021";"18:00";"1";"64";"64102";"2";"1";"2";"6";"GENERAL EUGENE BOUET (RUE DU)";"43,5012032411";" -1,4674552816"
"202100042301";"26";"04";"2021";"12:00";"1";"63";"63113";"2";"1";"1";"2";"REPUBLIQUE (AVENUE DE LA)";"45,7898100000";"3,1106600000"
"202100042302";"20";"04";"2021";"18:21";"1";"63";"63113";"2";"2";"1";"2";"QUINET/ ClÃ©mentel";"45,8005300000";"3,1121600000"
"202100042303";"19";"04";"2021";"13:37";"1";"63";"63113";"2";"2";"1";"3";"CLEMENTEL (BD ETIENNE)";"45,8096622067";"3,1094214517"
"202100042304";"27";"04";"2021";"22:33";"3";"60";"60159";"2";"3";"1";"3";"Avenue Royale";"49,4152100000";"2,8338900000"
"202100042305";"24";"04";"2021";"23:00";"5";"59";"59334";"2";"1";"1";"6";"PLAINE (RUE DE LA)";"50,3960200000";"3,0334600000"
"202100042306";"26";"04";"2021";"10:28";"1";"57";"57672";"2";"1";"1";"7";"ARTISANS (RUE DES)";"49,3530500000";"6,1741500000"
"202100042307";"27";"04";"2021";"18:05";"1";"51";"51454";"2";"2";"1";"3";"Rue de Cernay";"49,2578456132";"4,0529589635"
"202100042308";"26";"04";"2021";"16:26";"1";"50";"50532";"1";"6";"1";"3";"BRUYERE (ROUTE)";"48,8040000000";" -1,5484400000"
"202100042309";"26";"04";"2021";"22:40";"3";"49";"49099";"1";"1";"1";"7";"VC 4";"47,0482100000";" -0,9193500000"
"202100042310";"27";"04";"2021";"16:00";"1";"49";"49007";"2";"1";"1";"6";"HANIPET PASSAGE ET RUE";"47,4681153580";" -0,5200807787"
"202100042311";"27";"04";"2021";"09:26";"1";"49";"49007";"2";"1";"1";"3";"ORGEMONT";"47,4537290000";" -0,5460640000"
"202100042312";"27";"04";"2021";"13:10";"1";"45";"45234";"2";"2";"1";"3";"Boulevard Alexandre Martin";"47,9052500000";"1,9097400000"
"202100042313";"27";"04";"2021";"07:40";"1";"45";"45285";"2";"1";"1";"4";"Rue Henri Pavard";"47,8987300000";"1,8738300000"
"202100042314";"27";"04";"2021";"10:45";"1";"44";"44184";"2";"1";"1";"6";"BASSINS (ROUTE DES)";"47,2853600000";" -2,2460100000"
"202100042315";"27";"04";"2021";"09:10";"1";"35";"35055";"2";"6";"1";"3";"LANDES (RUE DES)";"48,0930500000";" -1,6179800000"
"202100042316";"25";"04";"2021";"18:10";"1";"34";"34172";"2";"2";"1";"3";"EINSTEIN (AVENUE ALBERT)";"43,6083300000";"3,9066000000"
"202100042317";"27";"04";"2021";"11:05";"1";"33";"33529";"2";"1";"1";"3";"Avenue de Binghamton";"44,6155804317";" -1,1356420095"
"202100042318";"27";"04";"2021";"19:30";"1";"31";"31555";"2";"3";"1";"3";"MINIMES (AV DES) DU 1AU 178";"43,6205500000";"1,4356900000"
"202100042319";"7";"04";"2021";"14:30";"1";"31";"31555";"2";"1";"1";"3";"VESTREPAIN (RUE) DU 1AU 65";"43,5851900000";"1,4109900000"
"202100042320";"27";"04";"2021";"08:30";"1";"31";"31555";"2";"1";"1";"6";"MATABIAU (BD) DU 1AU 75";"43,6136000000";"1,4501300000"
"202100042321";"27";"04";"2021";"16:35";"1";"31";"31483";"2";"6";"2";"3";"ENCORE (BOULEVAR D')";"43,1157000000";"0,7375500000"
"202100042322";"24";"04";"2021";"22:15";"3";"30";"30189";"2";"2";"1";"6";"JAURES JEAN (BOULEVARD)";"43,8283700000";"4,3532300000"
"202100042323";"27";"04";"2021";"13:45";"1";"29";"29232";"2";"3";"1";"3";"Rue le Dean";"47,9935900000";" -4,0958900000"
"202100042324";"27";"04";"2021";"11:30";"1";"29";"29232";"2";"1";"1";"6";"Hent Roazhon";"47,9819800000";" -4,0877800000"
"202100042325";"27";"04";"2021";"07:51";"1";"29";"29232";"2";"1";"1";"7";"Pont de Poulguinan";"47,9839900000";" -4,1158600000"
"202100042326";"27";"04";"2021";"16:45";"1";"28";"28134";"2";"1";"1";"3";"TRAIT D'UNION (RUE DU)";"48,7392700000";"1,3905800000"
"202100042327";"25";"04";"2021";"19:55";"1";"27";"27229";"2";"3";"1";"6";"BRIAND (AVENUE ARISTIDE)";"49,0166000000";"1,1229000000"
"202100042328";"27";"04";"2021";"09:18";"1";"17";"17028";"1";"1";"1";"4";"114 PK RN137 ROCHEFORT JUSTICE";"46,1402500000";" -1,1055600000"
"202100042329";"27";"04";"2021";"17:42";"1";"14";"14341";"2";"2";"1";"3";"Boulevard Victor Hugo";"49,1533000000";" -0,3564000000"
"202100042330";"27";"04";"2021";"22:30";"4";"13";"13215";"2";"1";"1";"6";"ROGER SALENGRO (AVENUE)";"43,3203500000";"5,3674500000"
"202100042331";"23";"04";"2021";"19:00";"2";"13";"13210";"2";"1";"1";"6";"MIREILLE LAUZE (BOULEVARD)";"43,2849279397";"5,4216139187"
"202100042332";"26";"04";"2021";"18:30";"1";"10";"10343";"2";"1";"1";"3";"ARISTIDE BRIAND (RUE)";"48,2687900000";"4,1061900000"
"202100042333";"26";"04";"2021";"17:45";"1";"10";"10357";"2";"9";"1";"6";"GENERAL DE GAULLE (RUE DU)";"48,2986450000";"4,1151100000"
"202100042334";"26";"04";"2021";"13:15";"1";"10";"10387";"2";"6";"1";"3";"WOOD ET WEST (RUE)";"48,2953350000";"4,0810400000"
"202100042335";"26";"04";"2021";"09:28";"1";"10";"10387";"2";"2";"7";"6";"QUATORZE JUILLET (RUE DU)";"48,2940530000";"4,0787020000"
"202100042336";"27";"04";"2021";"08:30";"1";"07";"07281";"2";"1";"1";"3";"GROSS-UMSTADT (AVENUE DE)";"44,9418580000";"4,8610590000"
"202100042337";"26";"04";"2021";"15:10";"1";"06";"06088";"2";"1";"8";"3";"MITTERAND (RUE FRANCOIS)";"43,7098700000";"7,2878200000"
"202100042338";"27";"04";"2021";"09:45";"1";"06";"06069";"2";"1";"2";"2";"GARAGAI (CHEMIN DU)";"43,6430400000";"6,9789500000"
"202100042339";"27";"04";"2021";"16:45";"1";"06";"06027";"2";"1";"2";"5";"KENNEDY BOULEVARD J.F.";"43,6535300000";"7,1514400000"
"202100042340";"26";"04";"2021";"11:14";"1";"05";"05061";"1";"1";"8";"6";"VEYNES ( ROUTE DE )";"44,5489200000";"6,0380300000"
"202100042341";"25";"04";"2021";"19:25";"1";"05";"05061";"2";"3";"1";"3";"ESPERANTO ( RUE DE L' )";"44,5497500000";"6,0651200000"
"202100042342";"25";"04";"2021";"14:10";"1";"05";"05061";"1";"6";"1";"7";"plaine de lachaup";"44,5097000000";"6,0457600000"
"202100042343";"27";"04";"2021";"08:00";"1";"75";"75106";"2";"2";"1";"3";"BOULEVARD RASPAIL";"48,8515000000";"2,3269420000"
"202100042344";"27";"04";"2021";"17:20";"1";"75";"75119";"2";"1";"1";"2";"AVENUE SIMON BOLIVAR";"48,8807040000";"2,3739630000"
"202100042345";"27";"04";"2021";"09:10";"1";"75";"75119";"2";"1";"1";"7";"BOULEVARD SERURIER";"48,8889530000";"2,3959600000"
"202100042346";"27";"04";"2021";"23:50";"5";"75";"75119";"2";"1";"1";"3";"BOULEVARD PERIPHERIQUE";"48,9003270000";"2,3793670000"
"202100042347";"27";"04";"2021";"15:35";"1";"75";"75117";"2";"5";"1";"3";"RUE LEGENDRE";"48,8832680000";"2,3127450000"
"202100042348";"27";"04";"2021";"12:00";"1";"75";"75117";"2";"3";"1";"7";"RUE CARDINET";"48,8886140000";"2,3156390000"
"202100042349";"26";"04";"2021";"18:45";"1";"75";"75117";"2";"1";"1";"3";"RUE CLAUDE DEBUSSY";"48,8851340000";"2,2891540000"
"202100042350";"26";"04";"2021";"19:05";"1";"75";"75116";"2";"7";"1";"3";"PLACE D IENA";"48,8646970000";"2,2941470000"
"202100042351";"25";"04";"2021";"20:25";"2";"75";"75116";"2";"7";"1";"3";"PLACE DE MEXICO";"48,8653820000";"2,2833190000"
"202100042352";"27";"04";"2021";"17:15";"1";"75";"75115";"2";"2";"1";"3";"AVENUE EMILE ZOLA";"48,8468790000";"2,2924140000"
"202100042353";"27";"04";"2021";"09:35";"1";"75";"75113";"2";"1";"1";"6";"RUE NATIONALE";"48,8306020000";"2,3642680000"
"202100042354";"27";"04";"2021";"16:50";"1";"75";"75111";"2";"2";"1";"3";"RUE AMELOT";"48,8638780000";"2,3669430000"
"202100042355";"27";"04";"2021";"10:20";"1";"75";"75111";"2";"3";"1";"3";"BOULEVARD VOLTAIRE";"48,8630510000";"2,3713020000"
"202100042356";"27";"04";"2021";"17:30";"1";"75";"75110";"2";"2";"1";"3";"RUE LA FAYETTE";"48,8797410000";"2,3587020000"
"202100042357";"27";"04";"2021";"15:40";"1";"75";"75110";"2";"3";"1";"6";"RUE DU FAUBOURG SAINT DENIS";"48,8812770000";"2,3580960000"
"202100042358";"27";"04";"2021";"14:45";"1";"75";"75107";"2";"4";"1";"7";"BOULEVARD RASPAIL";"48,8534170000";"2,3261830000"
"202100042359";"15";"04";"2021";"17:00";"1";"75";"75107";"2";"3";"1";"7";"QUAI D ORSAY";"48,8627790000";"2,3116580000"
"202100042360";"27";"04";"2021";"19:55";"1";"75";"75103";"2";"7";"1";"6";"PLACE DE LA REPUBLIQUE";"48,8673780000";"2,3633160000"
"202100042361";"26";"04";"2021";"18:40";"1";"75";"75101";"2";"5";"1";"6";"RUE RAMBUTEAU";"48,8631950000";"2,3460160000"
"202100042362";"26";"04";"2021";"10:40";"1";"75";"75101";"2";"2";"1";"6";"RUE DE RICHELIEU";"48,8666400000";"2,3373820000"
"202100042363";"27";"04";"2021";"08:00";"1";"94";"94080";"2";"3";"1";"6";"Avenue Aubert";"48,8475150000";"2,4290280000"
"202100042364";"26";"04";"2021";"19:00";"1";"94";"94041";"2";"2";"1";"3";"PIERRE ET MARIE CURIE (R)";"48,8152800000";"2,3756000000"
"202100042365";"27";"04";"2021";"12:00";"1";"94";"94028";"2";"6";"1";"1";"Rue Maurice Demenitroux";"48,7873000000";"2,4561200000"
"202100042366";"27";"04";"2021";"20:40";"2";"94";"94022";"2";"9";"1";"3";"JEAN JAURES (R)";"48,7652040000";"2,4080510000"
"202100042367";"27";"04";"2021";"16:30";"1";"93";"93073";"2";"3";"7";"3";"CHAPIT RE ( RUE DU)";"49,0061000000";"2,5558000000"
"202100042368";"27";"04";"2021";"20:00";"1";"93";"93066";"2";"9";"1";"3";"SAINT JUST (ALLEE)";"48,9085279601";"2,3615913099"
"202100042369";"27";"04";"2021";"08:12";"1";"93";"93049";"2";"1";"1";"1";"MARECHAL FOCH (AVENUE) F.BUISSON->PL J.M";"48,8629900000";"2,5027400000"
"202100042370";"26";"04";"2021";"08:30";"1";"93";"93063";"2";"1";"1";"3";"NOISY ROUTE DE";"48,8948200000";"2,4299600000"
"202100042371";"26";"04";"2021";"07:55";"1";"93";"93029";"2";"3";"1";"3";"HENRI BARBUSSE (AVE) NÂ°2-124";"48,9166104948";"2,4446017643"
"202100042372";"27";"04";"2021";"21:15";"5";"93";"93027";"2";"4";"1";"3";"VAILLANT-COUTURIER (AVENUE PAUL)";"48,9210793511";"2,4108589968"
"202100042373";"27";"04";"2021";"14:00";"1";"93";"93030";"2";"1";"7";"6";"GUYNEMERS (RUE GEORGES)";"48,9544600000";"2,4180000000"
"202100042374";"27";"04";"2021";"13:00";"1";"93";"93001";"2";"1";"1";"3";"LEOPOLD RECHOSSIERE (RUE)  => 13/50";"48,9145260131";"2,3899260246"
"202100042375";"26";"04";"2021";"11:30";"1";"92";"92051";"2";"2";"1";"2";"CHARLES DE GAULLE (AVENUE,NÂ°118 A 192 +";"48,8825653897";"2,2676238320"
"202100042376";"26";"04";"2021";"18:20";"1";"92";"92049";"2";"1";"1";"6";"ARNOUX AVENUE MAURICE NÂ°2 A 80";"48,8199400000";"2,3130500000"
"202100042377";"26";"04";"2021";"17:00";"1";"92";"92036";"2";"1";"1";"6";"CAMELINAT (BOULEVARD) (1/47)";"48,9300747329";"2,3008820415"
"202100042378";"27";"04";"2021";"08:00";"1";"92";"92035";"2";"1";"1";"6";"Joffre ( avenue )";"48,9091782328";"2,2422596812"
"202100042379";"27";"04";"2021";"18:50";"1";"92";"92012";"2";"2";"1";"6";"VICTOR HUGO (AVENUE) DEBUT/47 BIS- DEBUT";"48,8373100000";"2,2457900000"
"202100042380";"27";"04";"2021";"19:30";"1";"92";"92014";"2";"3";"1";"2";"MARECHAL JOFFRE (BD DU) (1 A 41 - 2 A 56";"48,7824656822";"2,3147892952"
"202100042381";"27";"04";"2021";"16:10";"1";"92";"92002";"2";"1";"1";"3";"JULES FERRY (AVENUE)";"48,7489128907";"2,3077592254"
"202100042382";"27";"04";"2021";"17:45";"1";"47";"47146";"2";"4";"1";"1";"Rue du Lavoir";"44,4543690000";"0,6667760000"
"202100042383";"27";"04";"2021";"17:15";"1";"23";"23245";"1";"2";"1";"3";"voie communale 1 et voie communale 45";"46,2100600000";"1,8370230000"
"202100042384";"27";"04";"2021";"18:10";"1";"58";"58086";"2";"2";"1";"3";"Rue des FrÃ¨res Gambon";"47,4131640000";"2,9364820000"
"202100042385";"27";"04";"2021";"18:40";"1";"59";"59046";"1";"1";"1";"6";"Route de Wylder";"50,9133570000";"2,5310080000"
"202100042386";"27";"04";"2021";"22:30";"3";"30";"30221";"1";"1";"2";"7";"N580";"44,0285560000";"4,7369530000"
"202100042387";"28";"04";"2021";"08:10";"1";"55";"55463";"1";"2";"1";"3";"D 907";"48,8686480000";"5,6033060000"
"202100042388";"28";"04";"2021";"03:15";"3";"44";"44108";"2";"6";"1";"6";"Route d'Ancenis";"47,1448390000";" -1,2815490000"
"202100042389";"28";"04";"2021";"11:30";"1";"44";"44178";"2";"2";"1";"3";"Rue Prairial";"47,1106080000";" -1,7352500000"
"202100042390";"26";"04";"2021";"14:15";"1";"29";"29163";"1";"1";"1";"6";"Lesquiffiou";"48,5467850000";" -3,8411380000"
"202100042391";"27";"04";"2021";"18:40";"1";"31";"31584";"1";"1";"1";"5";"Route de Montauban";"43,8668490000";"1,4719180000"
"202100042392";"27";"04";"2021";"12:24";"1";"02";"02667";"1";"2";"1";"3";"D94";"49,3503540000";"3,2147270000"
"202100042393";"26";"04";"2021";"11:20";"1";"06";"06108";"2";"6";"1";"3";"1242 Avenue de la Republique";"43,5818880000";"6,9440520000"
"202100042394";"26";"04";"2021";"17:20";"1";"14";"14100";"2";"1";"1";"7";"rue de la CavÃ©e";"49,0439440000";" -0,3280770000"
"202100042395";"28";"04";"2021";"15:45";"1";"05";"05123";"1";"3";"2";"3";"les marcellons";"44,5490180000";"5,9792660000"
"202100042396";"27";"04";"2021";"18:10";"1";"60";"60335";"1";"2";"1";"2";"D133";"49,5410390000";"1,8688830000"
"202100042397";"27";"03";"2021";"20:10";"3";"73";"73128";"1";"3";"1";"3";"D1201";"45,7421500000";"5,9225750000"
"202100042398";"25";"04";"2021";"18:30";"1";"28";"28191";"1";"1";"1";"7";"D28";"48,5815190000";"1,6779470000"
"202100042399";"28";"04";"2021";"01:00";"3";"87";"87054";"1";"1";"8";"6";"RD 33 pk 22 + 800";"45,6800400000";"0,8045770000"
"202100042400";"27";"04";"2021";"18:30";"1";"37";"37152";"1";"2";"7";"3";"N/A";"47,4515659472";"0,6747885852"
"202100042401";"27";"04";"2021";"20:50";"5";"06";"06161";"2";"1";"2";"1";"Boulevard des Italiens";"43,6413580000";"7,1420690000"
"202100042402";"26";"03";"2021";"10:45";"1";"976";"97617";"2";"1";"1";"6";"Route dÃ©partementale 1A";" -12,7892970000";"45,1092090000"
"202100042403";"27";"03";"2021";"15:00";"1";"27";"27091";"1";"1";"1";"7";"Autoroute A13";"49,3634130000";"0,8395740000"
"202100042404";"23";"04";"2021";"16:00";"1";"69";"69080";"2";"1";"1";"7";"D59";"45,5333110000";"4,7422640000"
"202100042405";"28";"04";"2021";"14:10";"1";"976";"97607";"1";"1";"1";"1";"Ironi Be";" -12,8351090000";"45,1876900000"
"202100042406";"25";"04";"2021";"13:30";"1";"77";"77322";"1";"1";"1";"7";"chemin communal";"49,0741890000";"2,6212480000"
"202100042407";"28";"04";"2021";"08:16";"1";"77";"77470";"2";"3";"1";"1";"Rue de l''Industrie";"48,7345990000";"2,7867270000"
"202100042408";"26";"04";"2021";"15:30";"1";"91";"91044";"2";"1";"1";"3";"Route de la Grange aux Cercles";"48,6657810000";"2,2801460000"
"202100042409";"26";"04";"2021";"11:30";"1";"78";"78062";"1";"1";"1";"6";"route de saulx marchais";"48,8526360000";"1,8603000000"
"202100042410";"28";"04";"2021";"08:35";"1";"19";"19101";"1";"9";"2";"1";"lieu dit marvialle";"45,2411730000";"1,7724470000"
"202100042411";"27";"04";"2021";"07:30";"1";"87";"87129";"2";"9";"1";"1";"Avenue du GÃ©nÃ©ral de Gaulle";"45,8486970000";"1,4297520000"
"202100042412";"28";"04";"2021";"08:05";"1";"14";"14530";"1";"1";"5";"7";"Route de la pointe du siÃ¨ge";"49,2411590000";" -0,2671000000"
"202100042413";"26";"04";"2021";"20:45";"3";"13";"13071";"1";"1";"2";"1";"A51-Sens Aix en Provence vers Marseille";"43,4127400000";"5,3643500000"
"202100042414";"26";"04";"2021";"08:40";"1";"59";"59646";"1";"1";"2";"4";"ROUTE NATIONALE 356";"50,6657190000";"3,1141370000"
"202100042415";"27";"04";"2021";"17:30";"1";"91";"91161";"1";"1";"1";"4";"AUTOROUTE A6";"48,7062990000";"2,3061210000"
"202100042416";"27";"04";"2021";"09:50";"1";"91";"91471";"1";"1";"1";"5";"RN 118";"48,7124300000";"2,1825100000"
"202100042417";"27";"04";"2021";"05:20";"3";"91";"91521";"1";"1";"1";"7";"RN 449";"48,6354400000";"2,4017400000"
"202100042418";"26";"04";"2021";"19:05";"1";"94";"94065";"1";"1";"1";"3";"N186";"48,7549700000";"2,3447900000"
"202100042419";"27";"04";"2021";"12:20";"1";"93";"93007";"1";"1";"1";"2";"AUTOROUTE A1";"48,9525374721";"2,4532546525"
"202100042420";"26";"04";"2021";"16:45";"1";"60";"60612";"1";"1";"1";"2";"AUTOROUTE A1";"49,1850900000";"2,6050900000"
"202100042421";"27";"04";"2021";"19:05";"1";"94";"94042";"1";"1";"1";"6";"A4";"48,8273400000";"2,4685700000"
"202100042422";"27";"04";"2021";"09:00";"1";"75";"75112";"1";"1";"1";"2";"A4";"48,8178122169";"2,4557822943"
"202100042423";"26";"04";"2021";"17:35";"5";"988";"98818";"2";"1";"2";"2";"LAROQUE (PROMENADE ROGER)";" -22,3032100000";"166,4347000000"
"202100042424";"23";"04";"2021";"17:02";"1";"988";"98818";"1";"1";"1";"2";"VE1 SENS SUD/NORD";" -22,2493600000";"166,4523500000"
"202100042425";"26";"04";"2021";"17:35";"1";"974";"97411";"2";"1";"1";"2";"Chemin de Grand Canal";" -20,9076690000";"55,4965570000"
"202100042426";"26";"04";"2021";"06:00";"3";"974";"97411";"2";"6";"1";"3";"Boulevard Jean JaurÃ¨s";" -20,9010600000";"55,4965000000"