"Num_Acc";"jour";"mois";"an";"hrmn";"lum";"dep";"com";"agg";"int";"atm";"col";"adr";"lat";"long"
"202100042427";"25";"04";"2021";"12:50";"1";"974";"97411";"2";"1";"1";"2";"Rue de Paris";" -20,8819200000";"55,4497100000"
"202100042428";"26";"04";"2021";"19:30";"1";"69";"69387";"2";"3";"1";"3";"BRIGADIER VOITURET (DU) (R)";"45,7465700000";"4,8465000000"
"202100042429";"25";"04";"2021";"10:25";"1";"972";"97209";"2";"1";"1";"6";"RD 41 (ROCADE)";"14,6166100000";" -61,0603100000"
"202100042430";"26";"04";"2021";"19:00";"1";"69";"69389";"2";"9";"1";"6";"ARLOING (Q)";"45,7718261702";"4,8114752769"
"202100042431";"24";"04";"2021";"18:45";"5";"971";"97113";"2";"1";"1";"4";"AMEDE CLARA";"16,2055300000";" -61,4917900000"
"202100042432";"26";"04";"2021";"14:00";"1";"95";"95127";"2";"1";"1";"6";"PAIX (BOULEVARD DE LA)";"49,0502944935";"2,0650973946"
"202100042433";"26";"04";"2021";"16:45";"1";"91";"91691";"2";"1";"1";"2";"CONCY(RUE)";"48,7138500000";"2,4890900000"
"202100042434";"26";"04";"2021";"15:20";"1";"91";"91421";"2";"1";"1";"2";"RENE CASSIN (RUE)";"48,7003600000";"2,4646600000"
"202100042435";"25";"04";"2021";"20:01";"1";"87";"87085";"2";"1";"1";"6";"LATTRE-DE-TASSIGNY (AVENUE DU MARECHAL)";"45,8240000000";"1,2760600000"
"202100042436";"23";"04";"2021";"20:03";"1";"87";"87085";"2";"3";"1";"7";"GUITRY (RUE SACHA)";"45,8382000000";"1,2657900000"
"202100042437";"25";"04";"2021";"18:41";"1";"87";"87085";"2";"3";"1";"2";"LABUSSIERE (AVENUE EMILE)";"45,8432300000";"1,2541400000"
"202100042438";"24";"04";"2021";"19:00";"1";"87";"87085";"1";"1";"1";"7";"CHATRADES (rue des)";"45,8549400000";"1,1713100000"
"202100042439";"23";"04";"2021";"15:45";"1";"87";"87085";"2";"1";"1";"7";"CROIX VERTE (RUE DE LA)";"45,8229900000";"1,2595200000"
"202100042440";"19";"04";"2021";"17:11";"1";"80";"80725";"1";"2";"1";"3";"CHEMIN DES RUELLES";"49,8704969806";"2,2390651703"
"202100042441";"23";"04";"2021";"20:35";"1";"78";"78372";"2";"9";"1";"2";"SAINT GERMAIN (AVENUE DE)";"48,8767200000";"2,0960500000"
"202100042442";"26";"04";"2021";"02:25";"5";"77";"77495";"2";"3";"1";"3";"D.306";"48,5681000000";"2,6261000000"
"202100042443";"26";"04";"2021";"18:25";"1";"76";"76157";"2";"1";"1";"1";"DUMAS. RUE ALEXANDRE";"49,4443900000";"1,0324100000"
"202100042444";"26";"04";"2021";"18:00";"1";"76";"76540";"2";"1";"1";"4";"pont mathilde";"49,4305800000";"1,1018600000"
"202100042445";"23";"04";"2021";"11:40";"1";"76";"76351";"2";"2";"1";"3";"JULES GUESDE (RUE)";"49,5100000000";"0,1184000000"
"202100042446";"23";"04";"2021";"22:25";"5";"76";"76351";"2";"1";"1";"6";"BOIS DE BLEVILLE (AVENUE DU)";"49,5243200000";"0,1269100000"
"202100042447";"24";"04";"2021";"16:30";"1";"76";"76341";"2";"1";"1";"7";"RESISTANCE (AVENUE DE LA)";"49,5049270000";"0,1991690000"
"202100042448";"25";"04";"2021";"14:30";"1";"76";"76351";"2";"1";"1";"6";"GUSTAVE FLAUBERT";"49,4967450000";"0,1068500000"
"202100042449";"4";"03";"2021";"16:05";"1";"74";"74010";"2";"1";"1";"6";"ALBIGNY (AVE)";"45,9013000000";"6,1282000000"
"202100042450";"26";"04";"2021";"16:15";"1";"69";"69266";"2";"5";"1";"3";"TOLSTOI (CR)";"45,7616857873";"4,8820471320"
"202100042451";"25";"04";"2021";"12:00";"1";"69";"69013";"2";"6";"1";"3";"RN6 (CHARTONNIERE)";"46,0082600000";"4,7198200000"
"202100042452";"24";"04";"2021";"20:09";"5";"69";"69091";"2";"3";"1";"3";"ROBICHON MALGONTIER (Q) ";"45,5808000000";"4,7787500000"
"202100042453";"24";"04";"2021";"10:20";"1";"67";"67482";"2";"1";"1";"2";"ALTENHEIM (ROUTE D )";"48,5365880000";"7,7707990000"
"202100042454";"23";"04";"2021";"20:20";"2";"67";"67482";"2";"3";"1";"3";"ZELLENBERG (RUE DE)";"48,5644900000";"7,7664150000"
"202100042455";"23";"04";"2021";"17:30";"1";"66";"66136";"2";"1";"1";"3";"MISTRAL (BOULEVARD FREDERIC)";"42,6979500000";"2,9055300000"
"202100042456";"8";"03";"2021";"17:35";"1";"65";"65047";"2";"3";"2";"3";"MONTESQUIEU (RUE)";"43,2421870000";"0,1020270000"
"202100042457";"4";"03";"2021";"13:20";"1";"65";"65047";"2";"3";"1";"3";"MAI (RUE DU 8)";"43,2474453298";"0,0869691802"
"202100042458";"26";"04";"2021";"17:15";"1";"64";"64102";"2";"1";"2";"7";"ALLEES MARINES (AVENUE DES)";"43,4985900000";" -1,4879700000"
"202100042459";"25";"04";"2021";"23:15";"5";"63";"63113";"2";"1";"1";"3";"JACOBINS (RUE DES)";"45,7822400000";"3,0953100000"
"202100042460";"28";"02";"2021";"18:10";"1";"62";"62771";"2";"1";"1";"7";"DOLET (R ETIENNE)";"50,4293850000";"2,8514290000"
"202100042461";"26";"04";"2021";"09:40";"1";"59";"59328";"2";"1";"1";"6";"DUNKERQUE AVENUE DE";"50,6391962646";"3,0208110809"
"202100042462";"23";"04";"2021";"19:05";"1";"59";"59043";"1";"8";"1";"6";"VINCENT (CHEMIN)";"50,7191900000";"2,7710100000"
"202100042463";"24";"04";"2021";"17:50";"1";"56";"56121";"2";"3";"1";"3";"CHENAILLER DIT COLONEL MAURICE ( AV. )";"47,7365700000";" -3,3903200000"
"202100042464";"24";"04";"2021";"20:35";"2";"52";"52045";"2";"1";"1";"6";"MOUGEOT (RUE DENIS)";"48,6500900000";"4,9721000000"
"202100042465";"26";"04";"2021";"17:05";"1";"51";"51474";"2";"9";"1";"3";"Rue de la Neuvillette";"49,2660533563";"3,9935386789"
"202100042466";"25";"04";"2021";"06:15";"2";"50";"50602";"2";"1";"1";"7";"MARITIME (BOULEVARD)";"49,6448200000";" -1,5979100000"
"202100042467";"26";"04";"2021";"10:30";"1";"45";"45234";"2";"9";"1";"3";"Rue du Faubourg Bannier";"47,9158300000";"1,8990500000"
"202100042468";"26";"04";"2021";"09:45";"1";"44";"44162";"2";"1";"1";"3";"BOULEVARD SALVADOR ALLENDE";"47,2190800000";" -1,6216000000"
"202100042469";"26";"04";"2021";"18:00";"1";"42";"42183";"2";"1";"8";"3";"Rue du Gendarme Martin";"45,4085000000";"4,3636300000"
"202100042470";"26";"04";"2021";"12:20";"1";"38";"38185";"2";"1";"1";"6";"Avenue des Martyrs";"45,2015560000";"5,7051100000"
"202100042471";"26";"04";"2021";"15:00";"1";"38";"38151";"2";"2";"2";"3";"Avenue Andre Donini";"45,1500200000";"5,6994900000"
"202100042472";"26";"04";"2021";"17:10";"1";"37";"37261";"2";"3";"1";"6";"PORT BRETAGNE (RUE)";"47,3951820079";"0,6753475070"
"202100042473";"24";"04";"2021";"12:20";"1";"37";"37261";"2";"6";"1";"6";"LOUIS XI (ROND-POINT)";"47,3746900000";"0,6708900000"
"202100042474";"26";"04";"2021";"08:58";"1";"37";"37261";"2";"1";"1";"6";"HEURTELOUP (BOULEVARD)";"47,3912023726";"0,6949219622"
"202100042475";"26";"04";"2021";"15:45";"1";"33";"33281";"2";"1";"2";"3";"Rue de BÃ©arn";"44,8364600000";" -0,6179300000"
"202100042476";"25";"04";"2021";"12:35";"1";"28";"28134";"1";"1";"1";"6";"RN 12 (ZONE COMMERCIALE)";"48,7367500000";"1,3679400000"
"202100042477";"25";"04";"2021";"10:05";"1";"28";"28404";"2";"9";"1";"6";"PHILIPPE (RUE GERARD)";"48,7338200000";"1,3345700000"
"202100042478";"26";"04";"2021";"18:20";"1";"27";"27701";"2";"1";"1";"3";"FALAISES (ROUTE DES) NATION A ANDELLE";"49,2727360000";"1,2208500000"
"202100042479";"26";"04";"2021";"14:20";"1";"27";"27299";"2";"1";"1";"7";"AVIRON (COTE D')";"49,0487200000";"1,1444800000"
"202100042480";"26";"04";"2021";"08:15";"1";"25";"25462";"1";"1";"1";"2";"ROCADE G.POMPIDOU (DU 25 A LA FIN)";"46,9182900000";"6,3350000000"
"202100042481";"26";"04";"2021";"16:52";"1";"25";"25056";"2";"1";"1";"2";"CHURCHILL BD WINSTON";"47,2500800000";"6,0045800000"
"202100042482";"25";"04";"2021";"20:30";"1";"21";"21231";"2";"3";"1";"3";"22 Avenue de Langres";"47,3441100000";"5,0451500000"
"202100042483";"26";"04";"2021";"17:22";"1";"17";"17291";"2";"9";"1";"6";"JUIN 18  RUE";"46,1762700000";" -1,1133500000"
"202100042484";"26";"04";"2021";"18:15";"1";"14";"14341";"1";"2";"1";"3";"D120";"49,1377900000";" -0,3283100000"
"202100042485";"24";"04";"2021";"18:45";"1";"13";"13056";"2";"1";"1";"5";"GRISCELLI (Rue Olivier)";"43,3388400000";"5,0533900000"
"202100042486";"26";"04";"2021";"17:30";"1";"13";"13201";"2";"1";"2";"3";"FLAMMARION (BOULEVARD)     1 A 65";"43,3043800000";"5,3892000000"
"202100042487";"26";"04";"2021";"16:50";"1";"13";"13215";"2";"3";"2";"3";"SAINT LOUIS (AVENUE DE)";"43,3440900000";"5,3594200000"
"202100042488";"26";"04";"2021";"14:20";"1";"13";"13207";"2";"1";"1";"1";"RAMPE SAINT MAURICE";"43,2908253279";"5,3635893557"
"202100042489";"23";"04";"2021";"19:20";"1";"11";"11069";"2";"2";"1";"3";"TIFFOU ARMAND";"43,2120000000";"2,3667000000"
"202100042490";"25";"04";"2021";"11:06";"1";"10";"10333";"2";"3";"9";"3";"COMMANDANT COUSTEAU (RUE DU)";"48,2739720000";"4,0552010000"
"202100042491";"25";"04";"2021";"10:08";"1";"05";"05061";"1";"1";"1";"7";"SAINT JEAN ( ROUTE DE )";"44,5271300000";"6,0269100000"
"202100042492";"23";"04";"2021";"09:05";"1";"05";"05061";"2";"1";"1";"5";"JEAN JAURES ( AVENUE )";"44,5479100000";"6,0661400000"
"202100042493";"26";"04";"2021";"11:35";"1";"75";"75120";"2";"3";"1";"3";"RUE DE BAGNOLET";"48,8581700000";"2,4003660000"
"202100042494";"26";"04";"2021";"19:25";"1";"75";"75119";"2";"1";"1";"2";"RUE DE JOINVILLE";"48,8898630000";"2,3800430000"
"202100042495";"26";"04";"2021";"17:00";"1";"75";"75118";"2";"3";"1";"6";"RUE STEPHENSON";"48,8880020000";"2,3561940000"
"202100042496";"26";"04";"2021";"10:40";"1";"75";"75116";"2";"2";"1";"6";"RUE DE LONGCHAMP";"48,8669550000";"2,2789560000"
"202100042497";"25";"04";"2021";"16:50";"1";"75";"75116";"2";"1";"1";"3";"AVENUE KLEBER";"48,8707460000";"2,2928580000"
"202100042498";"25";"04";"2021";"15:00";"1";"75";"75116";"2";"3";"1";"7";"ALLEE DU BORD DE L EAU";"48,8674840000";"2,2330310000"
"202100042499";"26";"04";"2021";"12:30";"1";"75";"75115";"2";"3";"1";"5";"RUE DE LOURMEL";"48,8496160000";"2,2914550000"
"202100042500";"26";"04";"2021";"12:00";"1";"75";"75115";"2";"2";"1";"3";"BOULEVARD GENERAL MARTIAL VALIN";"48,8370020000";"2,2743680000"
"202100042501";"26";"04";"2021";"08:40";"1";"75";"75115";"2";"1";"1";"3";"NON DENOMMEE D/15";"48,8346810000";"2,2681710000"
"202100042502";"26";"04";"2021";"16:10";"1";"75";"75114";"2";"3";"1";"3";"BOULEVARD SAINT JACQUES";"48,8333150000";"2,3350110000"
"202100042503";"26";"04";"2021";"13:10";"1";"75";"75114";"2";"2";"1";"3";"BOULEVARD ROMAIN ROLLAND";"48,8223250000";"2,3142320000"
"202100042504";"26";"04";"2021";"18:40";"1";"75";"75109";"2";"2";"1";"6";"BOULEVARD HAUSSMANN";"48,8723800000";"2,3374380000"
"202100042505";"26";"04";"2021";"14:35";"1";"75";"75108";"2";"1";"1";"2";"RUE LA BOETIE";"48,8718220000";"2,3083050000"
"202100042506";"26";"04";"2021";"18:52";"1";"75";"75107";"2";"7";"1";"5";"PLACE JOFFRE";"48,8515810000";"2,3014870000"
"202100042507";"26";"04";"2021";"08:00";"1";"75";"75102";"2";"2";"1";"7";"RUE D ABOUKIR";"48,8685870000";"2,3497300000"
"202100042508";"25";"04";"2021";"13:10";"1";"75";"75104";"2";"2";"1";"3";"QUAI DE L HOTEL DE VILLE";"48,8543930000";"2,3549860000"
"202100042509";"26";"04";"2021";"18:00";"1";"94";"94016";"2";"2";"1";"3";"Boulevard de la Vanne";"48,7855590000";"2,3379030000"
"202100042510";"26";"04";"2021";"18:55";"1";"94";"94054";"2";"1";"1";"7";"VICTOIRE (AV DE LA)";"48,7447800000";"2,3982900000"
"202100042511";"26";"04";"2021";"10:40";"1";"94";"94078";"2";"1";"1";"2";"CHOISY (AV DE)";"48,7497800000";"2,4341900000"
"202100042512";"25";"04";"2021";"03:52";"5";"93";"93005";"2";"2";"1";"3";"Rue Diderot";"48,9218647871";"2,4813437462"
"202100042513";"25";"04";"2021";"18:44";"1";"93";"93055";"2";"1";"1";"1";"GENERAL LECLERC(AVE DU)89/FIN ET 122/FIN";"48,9004859030";"2,4108782896"
"202100042514";"26";"04";"2021";"19:20";"1";"93";"93079";"2";"3";"1";"3";"SAINT LEU (ROUTE)";"48,9527310028";"2,3374057185"
"202100042515";"26";"04";"2021";"16:45";"1";"93";"93001";"2";"1";"1";"6";"REPUBLIQUE (AVE DE LA ) => NO 41/50";"48,9143300000";"2,3815600000"
"202100042516";"25";"04";"2021";"18:40";"1";"92";"92036";"2";"5";"1";"3";"GEORGES CORETE (RUE";"48,9173342241";"2,3074489073"
"202100042517";"26";"04";"2021";"17:00";"1";"92";"92035";"2";"7";"1";"3";"Rhin et Danube ( place )";"48,9027900000";"2,2426000000"
"202100042518";"27";"04";"2021";"08:00";"1";"35";"35046";"1";"1";"7";"1";"Priel";"47,8893360000";" -2,0545910000"
"202100042519";"27";"04";"2021";"15:40";"1";"68";"68044";"1";"1";"1";"6";"D415";"48,1623250000";"7,0868680000"
"202100042520";"25";"04";"2021";"04:45";"5";"972";"97217";"2";"1";"1";"6";"Rue Nelson Mandela";"14,4740240000";" -60,8625840000"
"202100042521";"25";"04";"2021";"11:25";"1";"59";"59533";"2";"2";"1";"3";"1 Place Jean JaurÃ¨s";"50,1822700000";"3,4137760000"
"202100042522";"27";"03";"2021";"11:35";"1";"79";"79202";"2";"1";"1";"6";"35 Rue de la Citadelle";"46,6501470000";" -0,2516370000"
"202100042523";"27";"04";"2021";"11:00";"1";"80";"80835";"1";"1";"1";"1";"D259";"49,9743850000";"2,1124490000"
"202100042524";"27";"04";"2021";"14:30";"1";"82";"82156";"1";"1";"2";"2";"D15";"44,0011110000";"0,9882330000"
"202100042525";"27";"04";"2021";"00:00";"3";"11";"11063";"2";"1";"2";"6";"avenue du languedoc";"42,9202290000";"2,2118140000"
"202100042526";"26";"04";"2021";"13:40";"1";"63";"63453";"2";"1";"1";"6";"Avenue des Acacias";"45,7711560000";"3,2910540000"
"202100042527";"24";"04";"2021";"17:50";"1";"61";"61446";"1";"1";"1";"7";"D230";"48,7566950000";"0,4789600000"
"202100042528";"24";"04";"2021";"19:00";"1";"49";"49180";"2";"2";"1";"3";"Place du Champ de Foire";"47,3757290000";" -0,1107830000"
"202100042529";"25";"04";"2021";"08:00";"1";"49";"49125";"2";"1";"1";"6";"Rue des Acacias (Saint-Georges-sur-Layon)";"47,1865700000";" -0,3775960000"
"202100042530";"26";"04";"2021";"11:50";"1";"42";"42059";"2";"1";"1";"6";"Place de la Poterne";"45,6379840000";"4,3922510000"
"202100042531";"26";"04";"2021";"17:30";"1";"68";"68349";"2";"2";"1";"3";"100 Rue du GÃ©nÃ©ral de Gaulle";"47,6055950000";"7,5711790000"
"202100042532";"26";"04";"2021";"18:58";"1";"29";"29217";"1";"2";"1";"3";"Lieu-dit Ker Eol";"47,8658390000";" -3,7640830000"
"202100042533";"26";"04";"2021";"18:05";"1";"01";"01266";"1";"1";"1";"1";"Route de Cuet";"46,3254130000";"5,1141840000"
"202100042534";"27";"04";"2021";"15:45";"1";"70";"70486";"1";"3";"7";"3";"Chemin de Semmadon";"47,7340420000";"5,8626220000"
"202100042535";"27";"04";"2021";"14:45";"1";"58";"58280";"1";"1";"1";"1";"Lieu dit RosiÃ¨re";"46,8447170000";"3,4193280000"
"202100042536";"26";"04";"2021";"18:25";"1";"14";"14102";"1";"1";"1";"6";"D579";"49,2221380000";"0,2211000000"
"202100042537";"27";"04";"2021";"11:55";"1";"05";"05127";"1";"1";"1";"7";"D3";"44,4861760000";"6,2734350000"
"202100042538";"27";"04";"2021";"16:15";"1";"50";"50401";"1";"1";"1";"7";"D66";"49,4611230000";" -1,7875740000"
"202100042539";"27";"04";"2021";"11:00";"1";"45";"45087";"1";"1";"1";"3";"DR951-PR 14 + 500";"47,6125210000";"2,7385140000"
"202100042540";"27";"04";"2021";"10:47";"1";"10";"10323";"2";"1";"1";"7";"Passage Julian Grimau";"48,5222550000";"3,7263880000"
"202100042541";"27";"04";"2021";"16:40";"1";"53";"53127";"1";"1";"1";"1";"La Fontenelle";"48,4256590000";" -0,4571340000"
"202100042542";"26";"04";"2021";"18:25";"1";"53";"53062";"2";"1";"1";"3";"16 Boulevard Robert Buron";"47,8192830000";" -0,7146610000"
"202100042543";"24";"03";"2021";"17:55";"1";"40";"40312";"2";"1";"1";"3";"44 Avenue du 1er Mai";"43,5366420000";" -1,4966620000"
"202100042544";"26";"04";"2021";"18:10";"1";"28";"28057";"2";"1";"1";"3";"8 Impasse du Presbytere";"48,2591840000";"1,3754260000"
"202100042545";"27";"04";"2021";"15:09";"1";"01";"01350";"1";"1";"1";"7";"A39";"46,2778060000";"5,2418170000"
"202100042546";"24";"04";"2021";"17:00";"1";"34";"34082";"2";"1";"1";"7";"allÃ©e des Erables";"43,6753370000";"3,7649180000"
"202100042547";"27";"04";"2021";"06:30";"2";"07";"07142";"1";"1";"1";"7";"N88";"44,7523760000";"3,8797990000"
"202100042548";"27";"04";"2021";"10:55";"1";"24";"24168";"1";"1";"1";"1";"RN21 PK 125+400";"44,7182580000";"0,5580930000"
"202100042549";"27";"04";"2021";"08:45";"1";"976";"97607";"1";"1";"1";"1";"Route nationale 3-HAJANGUA";" -12,8721370000";"45,2086970000"
"202100042550";"26";"04";"2021";"08:25";"1";"34";"34327";"2";"1";"1";"3";"Avenue du 8 Mai 1945";"43,6546870000";"3,9754090000"
"202100042551";"23";"04";"2021";"18:00";"1";"84";"84065";"1";"6";"1";"3";"D973";"43,7456150000";"5,3072660000"
"202100042552";"27";"04";"2021";"16:05";"1";"04";"04245";"2";"1";"1";"6";"RD 4096 - Av des Farigoules";"43,8716280000";"5,8433480000"
"202100042553";"26";"04";"2021";"09:20";"1";"13";"13107";"2";"1";"1";"1";"Avenue du GÃ©nÃ©ral de Gaulle";"43,4275830000";"5,4421730000"
"202100042554";"26";"04";"2021";"17:20";"1";"58";"58121";"2";"1";"1";"2";"590 Avenue de la RÃ©publique";"47,0491970000";"3,0949530000"
"202100042555";"26";"04";"2021";"12:50";"1";"88";"88173";"1";"1";"1";"7";"D55";"48,3594710000";"6,2435390000"
"202100042556";"25";"04";"2021";"16:30";"1";"38";"38068";"1";"1";"1";"4";"RN 85";"45,1011840000";"5,7157440000"
"202100042557";"26";"04";"2021";"15:00";"1";"49";"49301";"1";"1";"1";"6";"Le Petit Quarteron (tilliÃ¨res)";"47,1564910000";" -1,1638700000"
"202100042558";"21";"04";"2021";"12:10";"1";"49";"49138";"1";"3";"1";"3";"Bois de Brou (Fontaine-GuÃ©rin)";"47,4917915107";" -0,1766567850"
"202100042559";"27";"04";"2021";"18:30";"1";"14";"14044";"2";"2";"7";"3";"D83";"49,2815170000";" -0,4179950000"
"202100042560";"27";"04";"2021";"17:00";"1";"22";"22364";"2";"1";"7";"3";"D776";"48,4372020000";" -2,1121220000"
"202100042561";"26";"04";"2021";"15:40";"1";"76";"76164";"2";"1";"1";"7";"Avenue Winston Churchill";"49,5245990000";"0,7224050000"
"202100042562";"26";"04";"2021";"15:00";"1";"13";"13055";"2";"1";"1";"2";"A507 sens Aubagne- Marseille";"43,3123710575";"5,4243680835"
"202100042563";"21";"04";"2021";"12:37";"1";"13";"13081";"1";"1";"3";"2";"A7-Sens Marseille vers Lyon";"43,4776500000";"5,2392400000"
"202100042564";"26";"04";"2021";"09:15";"1";"33";"33039";"1";"1";"1";"2";"Pont FranÃ§ois Mitterrand";"44,8072620000";" -0,5281650000"
"202100042565";"24";"04";"2021";"18:21";"1";"59";"59646";"1";"1";"1";"6";"ROUTE NATIONALE 356";"50,6831630000";"3,1319600000"
"202100042566";"26";"04";"2021";"19:15";"1";"91";"91689";"1";"1";"1";"2";"AUTOROUTE A6B";"48,7488000000";"2,3281000000"
"202100042567";"26";"04";"2021";"07:50";"1";"92";"92050";"1";"1";"1";"2";"A86";"48,9180852121";"2,2229496253"
"202100042568";"26";"04";"2021";"18:00";"1";"94";"94069";"1";"1";"1";"4";"A4";"48,8173019527";"2,4323648133"
"202100042569";"26";"04";"2021";"07:45";"1";"94";"94073";"1";"1";"1";"3";"A86 INT";"48,7659410769";"2,3790876024"
"202100042570";"25";"04";"2021";"07:20";"1";"988";"98818";"1";"1";"1";"5";"VE1 SENS NORD/SUD";" -22,2550200000";"166,4497500000"
"202100042571";"25";"04";"2021";"17:30";"1";"974";"97416";"1";"1";"1";"3";"ROLLAND GARROS (CHEMIN) CD29 (2)";" -21,3319700000";"55,5288800000"
"202100042572";"24";"04";"2021";"11:25";"1";"974";"97411";"1";"1";"1";"4";"Route Gabriel MacÃ©";" -20,9190490000";"55,4949260000"
"202100042573";"24";"04";"2021";"13:00";"1";"973";"97302";"2";"1";"2";"7";"MONTABO (ROUTE DE) 1";"4,9438800000";" -52,3080300000"
"202100042574";"25";"04";"2021";"03:55";"3";"972";"97207";"1";"1";"1";"6";"ROUTE NATIONALE 5";"14,5586304256";" -60,9729208052"
"202100042575";"25";"04";"2021";"17:34";"1";"69";"69382";"2";"1";"1";"3";"ANTONIN PONCET (PL)";"45,7561100000";"4,8358600000"
"202100042576";"25";"04";"2021";"17:31";"1";"2B";"2B033";"1";"1";"1";"3";"CARDO - RT INFERIEURE DE";"42,6957500000";"9,4301100000"
"202100042577";"19";"04";"2021";"21:12";"5";"971";"97120";"2";"1";"1";"6";"AmitiÃ© des peuples";"16,2430000000";" -61,5397000000"
"202100042578";"25";"04";"2021";"16:13";"1";"91";"91021";"2";"1";"1";"2";"RTE D'EGLY";"48,5852600000";"2,2407730000"
"202100042579";"24";"04";"2021";"06:20";"1";"91";"91339";"1";"1";"1";"3";"RUE DU JUBILE";"48,6170100000";"2,2570100000"
"202100042580";"24";"04";"2021";"19:00";"1";"91";"91286";"2";"1";"1";"6";"RENOIR (RUE)";"48,6576500000";"2,3918700000"
"202100042581";"24";"04";"2021";"14:25";"1";"81";"81004";"2";"2";"1";"3";"THOMAS (AV ALBERT)";"43,9443059254";"2,1505892290"
"202100042582";"25";"04";"2021";"15:40";"1";"76";"76540";"2";"2";"1";"3";"RENARD. RUE DU";"49,4519500000";"1,0690200000"
"202100042583";"25";"04";"2021";"18:00";"1";"69";"69266";"2";"1";"1";"2";"EMILE ZOLA (CR)";"45,7679000000";"4,8882500000"
"202100042584";"25";"04";"2021";"16:10";"1";"64";"64024";"2";"1";"1";"6";"MAIGNON (ROUTE DE)";"43,4753000000";" -1,5014200000"
"202100042585";"24";"04";"2021";"18:45";"1";"64";"64102";"2";"1";"1";"2";"BAB (Boulevard)";"43,4960800000";" -1,4853500000"
"202100042586";"24";"04";"2021";"17:30";"1";"46";"46042";"2";"2";"1";"3";"LURCAT (AVENUE JEAN)";"44,4648780000";"1,4497840000"
"202100042587";"25";"04";"2021";"16:35";"1";"45";"45147";"2";"1";"1";"6";"Rue Pierre Semard";"47,9314000000";"1,9062100000"
"202100042588";"25";"04";"2021";"15:30";"1";"45";"45147";"2";"3";"1";"1";"Rue de Verdun";"47,9347639461";"1,9090685339"
"202100042589";"25";"04";"2021";"18:15";"1";"37";"37261";"2";"3";"1";"6";"BORDIERS (RUE DES)";"47,4280854472";"0,6726103127"
"202100042590";"24";"04";"2021";"10:15";"1";"37";"37208";"2";"2";"1";"6";"CORMERY (RUE DE)";"47,3435628608";"0,7363629342"
"202100042591";"25";"04";"2021";"18:55";"1";"35";"35238";"1";"1";"1";"6";"PORTE DE LORIENT";"48,1085300000";" -1,7170700000"
"202100042592";"25";"04";"2021";"17:20";"1";"33";"33009";"2";"2";"2";"3";"Promenade des Anglais";"44,6564200000";" -1,1762800000"
"202100042593";"24";"04";"2021";"22:40";"5";"31";"31555";"2";"3";"1";"3";"JUIN (BD DU MARECHAL) DU 22AU 22";"43,5900100000";"1,4411000000"
"202100042594";"24";"04";"2021";"22:50";"5";"31";"31555";"2";"2";"1";"3";"RTE DE SEYSSES";"43,5621400000";"1,4067800000"
"202100042595";"23";"04";"2021";"13:40";"1";"29";"29232";"2";"1";"1";"1";"Avenue de la Liberation";"47,9925300000";" -4,0824700000"
"202100042596";"23";"04";"2021";"12:15";"1";"27";"27681";"2";"1";"1";"7";"VIROLET (RUE DU)";"49,0967400000";"1,4650700000"
"202100042597";"25";"04";"2021";"17:55";"1";"27";"27229";"2";"1";"1";"2";"CONCHES (ROUTE DE)";"49,0193100000";"1,1189500000"
"202100042598";"25";"04";"2021";"23:50";"5";"13";"13210";"2";"1";"1";"7";"CAPELETTE (AVENUE DE LA)";"43,2815070000";"5,4048490000"
"202100042599";"24";"04";"2021";"10:40";"1";"13";"13028";"2";"1";"1";"6";"BEAU RIVAGE (BOULEVARD)";"43,1870050000";"5,6230460000"
"202100042600";"24";"04";"2021";"16:00";"1";"07";"07019";"1";"6";"1";"3";"RN 102";"44,6132270000";"4,4082430000"
"202100042601";"25";"04";"2021";"02:40";"5";"75";"75120";"2";"2";"1";"3";"RUE DE MENILMONTANT";"48,8683070000";"2,3881800000"
"202100042602";"24";"04";"2021";"12:50";"1";"75";"75115";"2";"2";"1";"3";"QUAI BRANLY";"48,8545833708";"2,2888952494"
"202100042603";"25";"04";"2021";"10:45";"1";"75";"75112";"2";"2";"1";"3";"AVENUE DAUMESNIL";"48,8358910000";"2,4056710000"
"202100042604";"25";"04";"2021";"07:30";"1";"75";"75112";"2";"4";"1";"6";"QUAI DE BERCY";"48,8279200848";"2,3886382967"
"202100042605";"25";"04";"2021";"17:42";"1";"75";"75107";"2";"1";"1";"3";"QUAI D ORSAY";"48,8628850000";"2,3164930000"
"202100042606";"25";"04";"2021";"19:30";"1";"94";"94033";"2";"9";"1";"1";"Rue des 4 Ruelles";"48,8552000000";"2,4531800000"
"202100042607";"25";"04";"2021";"15:00";"1";"94";"94022";"2";"1";"1";"2";"VICTOR HUGO (AV)";"48,7692929186";"2,4214140425"
"202100042608";"25";"04";"2021";"19:05";"1";"94";"94069";"2";"3";"1";"3";"MARECHAL LECLERC (R DU)";"48,8164800000";"2,4570500000"
"202100042609";"25";"04";"2021";"01:05";"5";"93";"93005";"2";"4";"1";"3";"WALDECK ROUSSEAU (RUE)";"48,9283395956";"2,4820658020"
"202100042610";"25";"04";"2021";"18:00";"1";"93";"93001";"2";"9";"1";"6";"HAIE COQ (RUE DE LA ) => 91/92";"48,9120534118";"2,3732686702"
"202100042611";"25";"04";"2021";"12:35";"1";"92";"92078";"2";"3";"1";"6";"CHARLES DE GAULLE (BD) (15 AU 69)";"48,9364521872";"2,3323014379"
"202100042612";"25";"04";"2021";"11:42";"1";"92";"92077";"2";"1";"1";"7";"PRIEURE (ROUTE DU)";"48,8198632234";"2,1596503258"
"202100042613";"25";"04";"2021";"15:15";"1";"92";"92064";"2";"1";"1";"7";"PARC SAINT CLOUD";"48,8363310000";"2,2106710000"