"Num_Acc";"jour";"mois";"an";"hrmn";"lum";"dep";"com";"agg";"int";"atm";"col";"adr";"lat";"long"
"202100042614";"25";"04";"2021";"10:20";"1";"92";"92040";"2";"6";"7";"7";"VICTOR HUGO (ROND-POINT)";"48,8279900000";"2,2737200000"
"202100042615";"24";"04";"2021";"23:40";"3";"92";"92025";"2";"3";"1";"3";"PAUL BERT (RUE)";"48,9308595032";"2,2445422411"
"202100042616";"25";"04";"2021";"13:20";"1";"92";"92048";"2";"3";"1";"3";"GARENNE (ROUTE DE LA)";"48,7815850099";"2,2266381606"
"202100042617";"25";"04";"2021";"16:55";"1";"92";"92004";"2";"3";"1";"5";"DOCTEUR DERVAUX  ( QUAI DU )";"48,9070480385";"2,2916217148"
"202100042618";"26";"04";"2021";"13:00";"1";"35";"35176";"1";"1";"1";"1";"La Touche Morice";"47,8700060000";" -1,8440400000"
"202100042619";"24";"04";"2021";"18:09";"1";"80";"80645";"1";"1";"1";"7";"D11";"50,0653760000";"2,4181080000"
"202100042620";"25";"04";"2021";"15:50";"1";"22";"22209";"1";"2";"1";"3";"Le Pont Cretin (Ploubalay)";"48,5503520000";" -2,1078840000"
"202100042621";"26";"04";"2021";"13:20";"1";"41";"41282";"1";"1";"1";"6";"D49";"47,3785520000";"1,7928260000"
"202100042622";"26";"04";"2021";"06:40";"2";"11";"11430";"1";"1";"1";"6";"A 61 au PK 287+500";"43,2895770000";"1,9418760000"
"202100042623";"23";"04";"2021";"14:10";"1";"45";"45219";"2";"1";"1";"6";"Place de l'Eglise";"48,0202570000";"2,5914650000"
"202100042624";"25";"04";"2021";"16:00";"1";"33";"33294";"2";"3";"1";"4";"Lieu Dit Cirette";"44,6162590000";" -0,0817480000"
"202100042625";"24";"04";"2021";"16:00";"1";"42";"42241";"1";"1";"1";"3";"D26";"45,8825864947";"4,1172992773"
"202100042626";"24";"04";"2021";"18:30";"1";"57";"57706";"1";"1";"1";"2";"Route DÃ©partementale 38";"48,8250230000";"6,7697940000"
"202100042627";"24";"04";"2021";"16:40";"1";"974";"97414";"2";"9";"8";"3";"Bel Air";" -21,2927330000";"55,4089560000"
"202100042628";"26";"04";"2021";"08:25";"1";"34";"34079";"1";"1";"1";"6";"A75";"43,6347200000";"3,4473550000"
"202100042629";"25";"04";"2021";"15:05";"1";"62";"62473";"2";"1";"1";"7";"10 Rue Pierre Loti";"50,6151280000";"2,4784530000"
"202100042630";"26";"04";"2021";"12:15";"1";"69";"69133";"1";"1";"8";"1";"TOUR (DE LA) (COT)";"45,6336652610";"4,7907040791"
"202100042631";"26";"04";"2021";"15:40";"1";"83";"83057";"1";"1";"1";"6";"Dn7";"43,3815110000";"6,1856680000"
"202100042632";"25";"04";"2021";"19:30";"3";"51";"51492";"1";"1";"1";"7";"D82";"48,5402220000";"3,7647490000"
"202100042633";"24";"04";"2021";"02:00";"3";"19";"19105";"1";"9";"1";"7";"route dÃ©partementale 921";"45,1371600000";"1,6456000000"
"202100042634";"26";"04";"2021";"15:00";"1";"31";"31150";"1";"1";"3";"6";"RN 224";"43,6580220000";"1,3398920000"
"202100042635";"25";"04";"2021";"19:00";"1";"2B";"2B343";"1";"1";"1";"6";"Route Cap Sud, RD 37";"42,5017030000";"9,4862540000"
"202100042636";"25";"04";"2021";"17:30";"1";"33";"33541";"1";"1";"1";"6";"D101";"45,3902680000";" -1,0989760000"
"202100042637";"24";"04";"2021";"19:30";"1";"14";"14643";"1";"1";"1";"7";"D13";"49,1819710000";" -0,7649850000"
"202100042638";"25";"04";"2021";"12:00";"1";"05";"05056";"1";"1";"1";"7";"D944";"44,6351010000";"6,1362080000"
"202100042639";"26";"04";"2021";"18:45";"1";"50";"50403";"1";"2";"1";"4";"Chemin des Matelots";"49,1568290000";" -1,5885540000"
"202100042640";"25";"04";"2021";"10:06";"1";"64";"64495";"2";"6";"8";"3";"D918";"43,3512950000";" -1,5494800000"
"202100042641";"25";"04";"2021";"17:30";"1";"18";"18265";"2";"5";"1";"1";"Rue de la Liberte";"47,0212050000";"2,9673250000"
"202100042642";"25";"04";"2021";"16:30";"1";"28";"28130";"1";"9";"1";"7";"D928 D155";"48,5186230000";"1,0977750000"
"202100042643";"21";"04";"2021";"11:49";"1";"974";"97410";"2";"6";"1";"3";"Rond-point des 4 bornes";" -21,0488710000";"55,7135800000"
"202100042644";"22";"04";"2021";"18:30";"5";"987";"98715";"2";"1";"1";"6";"Rue Nelson Mandela PK 4+300";" -17,5845220000";" -149,5685780000"
"202100042645";"25";"04";"2021";"06:35";"2";"02";"02521";"1";"1";"1";"6";"A4, point kilomÃ©trique 068+000";"49,0392750000";"3,1976220000"
"202100042646";"25";"04";"2021";"18:00";"1";"27";"27005";"1";"1";"1";"6";"A13";"49,1560470000";"1,2744620000"
"202100042647";"25";"04";"2021";"08:00";"1";"987";"98722";"2";"1";"1";"6";"PK 32+500 C/Mont";" -17,5697590000";" -149,3183180000"
"202100042648";"25";"04";"2021";"13:37";"1";"13";"13104";"2";"6";"1";"1";"Rond Point du Port";"43,3310310000";"5,1066200000"
"202100042649";"18";"04";"2021";"18:40";"1";"77";"77029";"1";"1";"1";"7";"d32";"48,6498380000";"2,8548740000"
"202100042650";"25";"04";"2021";"18:20";"1";"91";"91661";"1";"1";"1";"1";"Route de Villiers";"48,6951950000";"2,2470260000"
"202100042651";"23";"04";"2021";"15:20";"1";"70";"70018";"2";"1";"1";"1";"24 Rue des Varennes";"47,4439620000";"5,6233850000"
"202100042652";"25";"04";"2021";"20:13";"1";"74";"74158";"1";"1";"1";"6";"route du pays de la cÃ´te";"46,2489320000";"6,3324000000"
"202100042653";"24";"04";"2021";"19:30";"3";"01";"01390";"1";"1";"1";"7";"N/A";"45,8253900000";"5,2470230000"
"202100042654";"23";"04";"2021";"17:15";"1";"13";"13019";"1";"1";"1";"3";"A51-Sens Aix en Provence vers Marseille";"43,4225900000";"5,3719500000"
"202100042655";"24";"04";"2021";"01:36";"3";"13";"13215";"1";"1";"1";"3";"A7-Sens Lyon vers Marseille";"43,3580000000";"5,3626000000"
"202100042656";"24";"04";"2021";"22:00";"3";"69";"69297";"1";"1";"1";"2";"A7";"45,6026356180";"4,7972066794"
"202100042657";"23";"04";"2021";"20:30";"2";"69";"69259";"1";"1";"1";"4";"LAURENT BONNEVAY (BD)";"45,7197837460";"4,8800969124"
"202100042658";"25";"04";"2021";"00:50";"3";"42";"42218";"1";"1";"1";"6";"N88";"45,4342200000";"4,4209300000"
"202100042659";"25";"04";"2021";"16:25";"1";"57";"57498";"1";"1";"1";"6";"Autoroute A30";"49,3346300000";"6,0010500000"
"202100042660";"24";"04";"2021";"20:39";"1";"92";"92019";"1";"1";"1";"3";"RN 385 INT";"48,7610236418";"2,2517548115"
"202100042661";"25";"04";"2021";"18:40";"1";"93";"93029";"1";"1";"1";"6";"AUTOROUTE A86";"48,9230800000";"2,4271200000"
"202100042662";"25";"04";"2021";"16:30";"1";"93";"93027";"1";"1";"1";"6";"BDL";"48,9363460000";"2,4035020000"
"202100042663";"25";"04";"2021";"06:00";"2";"77";"77122";"1";"1";"1";"6";"RN104";"48,6588000000";"2,6126200000"
"202100042664";"24";"04";"2021";"17:20";"1";"988";"98818";"2";"6";"1";"2";"VE1 SENS SUD/NORD";" -22,2606900000";"166,4444000000"
"202100042665";"23";"04";"2021";"18:00";"3";"988";"98818";"2";"2";"1";"3";"RUE JACQUES IEKAWE/RUE ARMAND OHLEN";" -22,2483900000";"166,4637700000"
"202100042666";"24";"04";"2021";"18:40";"3";"974";"97416";"1";"1";"2";"2";"RN03";" -21,3187900000";"55,4897700000"
"202100042667";"24";"04";"2021";"22:30";"5";"69";"69388";"2";"2";"1";"3";"LAENNEC (R)";"45,7381000000";"4,8845200000"
"202100042668";"24";"04";"2021";"17:50";"1";"69";"69199";"2";"1";"1";"1";"ANATOLE FRANCE (R)";"45,7132200236";"4,8529411029"
"202100042669";"24";"04";"2021";"08:55";"1";"972";"97213";"1";"1";"1";"3";"ROUTE NATIONALE 1";"14,6250845238";" -60,9806871414"
"202100042670";"24";"04";"2021";"11:50";"1";"971";"97101";"1";"1";"1";"1";"STADE";"16,2677200000";" -61,5112800000"
"202100042671";"23";"04";"2021";"11:10";"1";"971";"97120";"2";"1";"1";"6";"BD LEGITIMUS";"16,2426045133";" -61,5362531193"
"202100042672";"23";"04";"2021";"09:00";"1";"971";"97101";"2";"1";"1";"3";"CREPS ANTILLES GUYANE";"16,2579800000";" -61,5197400000"
"202100042673";"24";"04";"2021";"13:50";"1";"91";"91421";"1";"1";"1";"7";"NATIONALE 6 (CES POMPIDOU)";"48,6925200000";"2,4500500000"
"202100042674";"24";"04";"2021";"01:05";"5";"83";"83137";"2";"2";"1";"3";"JOFFRE (BD MARECHAL)";"43,1234200000";"5,9481000000"
"202100042675";"24";"04";"2021";"08:08";"1";"79";"79191";"2";"2";"1";"2";"Rue du MarÃ©chal Leclerc";"46,3391500000";" -0,4464400000"
"202100042676";"24";"04";"2021";"15:30";"1";"78";"78551";"1";"1";"1";"2";"ROOSEVELT (DU PRESIDENT)";"48,9021500000";"2,0603400000"
"202100042677";"24";"04";"2021";"11:30";"1";"77";"77464";"2";"1";"1";"6";"RAYMOND POINCARE  (RUE   )";"48,8829800000";"2,7145100000"
"202100042678";"23";"04";"2021";"16:25";"1";"74";"74012";"2";"1";"1";"6";"SAVOIES (RUE DES)";"46,1846000000";"6,2430300000"
"202100042679";"24";"04";"2021";"23:40";"3";"71";"71040";"1";"1";"1";"6";"N70";"46,6912300000";"4,3811300000"
"202100042680";"24";"04";"2021";"18:55";"1";"71";"71499";"1";"1";"1";"6";"FOUTHIAUX (RUE DES)";"46,6452300000";"4,3074800000"
"202100042681";"24";"04";"2021";"21:30";"3";"71";"71540";"1";"6";"1";"6";"Rond-Point du Vieux Saule";"46,7674445175";"4,4527675088"
"202100042682";"24";"04";"2021";"15:40";"1";"64";"64445";"2";"3";"1";"3";"RECTEUR JEAN SARRAILH";"43,3112200000";" -0,3662800000"
"202100042683";"23";"04";"2021";"18:20";"1";"60";"60414";"2";"9";"1";"7";"Rue de Finsterwalde";"49,2531400000";"2,4544300000"
"202100042684";"24";"04";"2021";"22:15";"5";"54";"54395";"2";"4";"1";"3";"FAUBOURG DES TROIS MAISONS (RUE DU)";"48,7011791434";"6,1768108606"
"202100042685";"24";"04";"2021";"18:45";"1";"49";"49007";"2";"2";"1";"3";"RAMON BOULEVARD";"47,4856700000";" -0,5333000000"
"202100042686";"24";"04";"2021";"14:30";"1";"47";"47031";"2";"1";"7";"6";"Avenue de Bigorre";"44,1760000000";"0,6350000000"
"202100042687";"24";"04";"2021";"15:20";"1";"35";"35238";"2";"1";"1";"6";"Rue Michel Servet";"48,1026400000";" -1,6946700000"
"202100042688";"23";"04";"2021";"19:00";"1";"35";"35238";"2";"1";"1";"3";"HAUT-SANCE (AVENUE DU)";"48,0976800000";" -1,6381500000"
"202100042689";"24";"04";"2021";"10:30";"1";"17";"17291";"1";"1";"1";"7";"34 PK RN11 ROCADE NANTES";"46,1777340000";" -1,1010700000"
"202100042690";"24";"04";"2021";"22:50";"5";"13";"13213";"2";"1";"1";"2";"JEAN PAUL SARTRE (AVENUE)";"43,3216700000";"5,4169100000"
"202100042691";"24";"04";"2021";"15:00";"1";"13";"13208";"2";"1";"1";"3";"RABATAU (BOULEVARD)";"43,2754475967";"5,3959525356"
"202100042692";"24";"04";"2021";"13:20";"1";"13";"13205";"2";"1";"1";"6";"BAILLE (BOULEVARD)";"43,2899933090";"5,3989876015"
"202100042693";"24";"04";"2021";"12:10";"1";"07";"07281";"1";"1";"1";"6";"TASSINI (AVENUE VICTOR)";"44,9467500000";"4,8296700000"
"202100042694";"24";"04";"2021";"17:30";"5";"75";"75112";"2";"1";"1";"4";"PORTE DOREE";"48,8341020000";"2,4092900000"
"202100042695";"23";"04";"2021";"19:45";"1";"75";"75112";"2";"4";"1";"1";"ECHANGEUR BERCY";"48,8283730000";"2,3920730000"
"202100042696";"23";"04";"2021";"18:19";"1";"75";"75104";"2";"2";"1";"6";"QUAI DE L HOTEL DE VILLE";"48,8543645326";"2,3549419641"
"202100042697";"24";"04";"2021";"13:15";"1";"75";"75119";"2";"4";"1";"6";"RUE MANIN";"48,8847350000";"2,3922010000"
"202100042698";"24";"04";"2021";"10:20";"1";"75";"75116";"2";"2";"1";"3";"AVENUE RAYMOND POINCARE";"48,8650582427";"2,2865349054"
"202100042699";"22";"04";"2021";"13:10";"1";"75";"75116";"2";"1";"1";"4";"AVENUE DE L HIPPODROME";"48,8636420000";"2,2370930000"
"202100042700";"22";"04";"2021";"11:15";"1";"75";"75116";"2";"7";"1";"3";"PLACE DE LA PORTE MAILLOT";"48,8783322045";"2,2810739279"
"202100042701";"24";"04";"2021";"15:55";"1";"75";"75114";"2";"3";"1";"6";"AVENUE DAVID WEILL";"48,8213160000";"2,3338840000"
"202100042702";"24";"04";"2021";"13:00";"1";"75";"75112";"2";"3";"1";"3";"AVENUE DES CANADIENS";"48,8189870000";"2,4624070000"
"202100042703";"24";"04";"2021";"12:20";"1";"75";"75112";"2";"1";"1";"3";"AVENUE DE NOGENT   VINCENNES";"48,8444030000";"2,4402000000"
"202100042704";"24";"04";"2021";"10:45";"1";"75";"75112";"2";"1";"1";"3";"ROUTE ROYALE DE BEAUTE";"48,8342390000";"2,4424640000"
"202100042705";"24";"04";"2021";"19:00";"1";"75";"75111";"2";"4";"1";"3";"BOULEVARD VOLTAIRE";"48,8528225019";"2,3884873746"
"202100042706";"24";"04";"2021";"15:55";"1";"75";"75107";"2";"3";"1";"3";"BOULEVARD RASPAIL";"48,8523990000";"2,3265690000"
"202100042707";"24";"04";"2021";"16:26";"1";"75";"75101";"2";"3";"1";"2";"BOULEVARD DU PALAIS";"48,8554070000";"2,3459580000"
"202100042708";"24";"04";"2021";"15:45";"1";"75";"75101";"2";"5";"1";"2";"RUE DE ROHAN";"48,8631640000";"2,3355330000"
"202100042709";"24";"04";"2021";"19:15";"1";"94";"94046";"2";"1";"1";"6";"Rue Marc Sangnier";"48,8060660000";"2,4499760000"
"202100042710";"24";"04";"2021";"17:45";"1";"94";"94034";"2";"1";"1";"6";"PASTEUR (BD)";"48,7575100000";"2,3163000000"
"202100042711";"24";"04";"2021";"18:45";"1";"94";"94054";"2";"1";"1";"6";"Avenue de la Victoire";"48,7447600000";"2,3983700000"
"202100042712";"24";"04";"2021";"20:00";"1";"94";"94059";"2";"1";"1";"6";"Avenue Georges Foureau";"48,8128820000";"2,5698280000"
"202100042713";"24";"04";"2021";"20:05";"1";"93";"93066";"2";"6";"1";"6";"GENERAL JOINVILLE";"48,9354900000";"2,3679000000"
"202100042714";"24";"04";"2021";"17:30";"1";"93";"93064";"2";"1";"1";"2";"RAVEL (RUE MAURICE)";"48,8836085844";"2,4834144115"
"202100042715";"24";"04";"2021";"14:00";"1";"93";"93077";"2";"1";"1";"4";"ROSNY (AVENUE DE)";"48,8851400000";"2,5046200000"
"202100042716";"23";"04";"2021";"18:30";"1";"93";"93061";"2";"3";"1";"6";"JOINEAU ANDRE RUE";"48,8838900000";"2,4034300000"
"202100042717";"23";"04";"2021";"17:55";"1";"93";"93006";"2";"1";"1";"6";"Rue Louise Michel";"48,8758300000";"2,4318600000"
"202100042718";"24";"04";"2021";"14:40";"1";"93";"93010";"2";"1";"1";"6";"FRANCE (AV. ANATOLE) DE 58 A 72";"48,8913087248";"2,4965089560"
"202100042719";"24";"04";"2021";"18:55";"1";"92";"92046";"2";"1";"1";"2";"Charles de gaulle";"48,8213500000";"2,2972400000"
"202100042720";"24";"04";"2021";"15:00";"1";"92";"92075";"2";"9";"1";"3";"PAIX (AVENUE DE LA)";"48,8162591739";"2,2756022215"
"202100042721";"24";"04";"2021";"01:30";"5";"92";"92051";"2";"1";"1";"6";"CHARLES DE GAULLE (AVENUE, NÂ°27 A 129)";"48,8822563079";"2,2680974007"
"202100042722";"23";"04";"2021";"23:45";"5";"92";"92024";"2";"1";"1";"6";"CLICHY (QUAI DE) DE (8 A 60)";"48,9048043014";"2,2924974561"
"202100042723";"23";"04";"2021";"18:35";"1";"92";"92071";"2";"2";"1";"3";"QUATRES CHEMINS (AVENUE DES)";"48,7790800000";"2,2802000000"
"202100042724";"24";"04";"2021";"17:20";"1";"92";"92004";"2";"3";"1";"2";"AULAGNIER ( QUAI )";"48,9138573932";"2,3101891525"
"202100042725";"23";"04";"2021";"18:20";"1";"92";"92014";"2";"1";"1";"6";"MARECHAL JOFFRE (BD DU) (43 A 97 - 58 A";"48,7813191825";"2,3142260313"
"202100042726";"23";"04";"2021";"21:50";"5";"973";"97353";"2";"1";"1";"3";"Rue Emmanuel Tolinga";"3,6443787778";" -54,0339052778"
"202100042727";"25";"04";"2021";"18:20";"1";"33";"33102";"1";"1";"1";"6";"N/A";"44,5861000000";" -0,0949660000"
"202100042728";"24";"04";"2021";"16:55";"1";"18";"18258";"1";"1";"1";"7";"Route DÃ©partementale 54";"47,3632610000";"2,8274130000"
"202100042729";"24";"04";"2021";"12:01";"1";"01";"01353";"1";"1";"1";"2";"D936";"45,9832160000";"4,7901250000"
"202100042730";"24";"04";"2021";"17:55";"1";"67";"67162";"1";"1";"1";"6";"D67";"48,7698810000";"7,4825690000"
"202100042731";"24";"04";"2021";"19:50";"1";"17";"17472";"1";"1";"1";"7";"RD 9 PK 11";"46,2364520000";" -1,0774760000"
"202100042732";"23";"04";"2021";"17:30";"1";"62";"62668";"2";"2";"1";"1";"Rue de Laires";"50,5060610000";"2,2582760000"
"202100042733";"25";"04";"2021";"17:30";"1";"57";"57024";"1";"1";"1";"1";"D52";"49,1983640000";"6,2659840000"
"202100042734";"23";"04";"2021";"18:00";"1";"74";"74256";"2";"1";"1";"1";"107 rue pasteur";"45,9372580000";"6,6283180000"
"202100042735";"25";"04";"2021";"16:36";"1";"74";"74225";"1";"1";"1";"3";"Route dÃ©partementale 910";"45,8816360000";"5,9352560000"
"202100042736";"24";"04";"2021";"16:10";"1";"76";"76622";"1";"1";"1";"6";"Route du Petit Long";"49,4764590000";"0,6041810000"
"202100042737";"24";"04";"2021";"14:20";"1";"79";"79209";"1";"1";"1";"7";"1 Bournizeau";"46,8771870000";" -0,2839030000"
"202100042738";"25";"04";"2021";"17:19";"1";"80";"80070";"1";"1";"1";"6";"D31";"50,0767940000";"2,3647000000"
"202100042739";"25";"04";"2021";"16:30";"1";"69";"69066";"2";"3";"1";"3";"CHAUFFAILLES (DE) (R)";"46,1055090000";"4,3278840000"
"202100042740";"24";"04";"2021";"16:40";"1";"81";"81288";"2";"1";"1";"6";"Rue Lacordaire";"43,4526810000";"2,0668350000"
"202100042741";"25";"04";"2021";"03:00";"3";"81";"81128";"1";"1";"1";"6";"D30";"43,6516180000";"2,3763730000"
"202100042742";"25";"04";"2021";"17:30";"1";"11";"11103";"1";"1";"1";"7";"D613";"42,9400490000";"2,2703180000"
"202100042743";"25";"04";"2021";"14:05";"1";"63";"63338";"1";"1";"1";"1";"lieu chatelus";"46,1634920000";"2,8461780000"
"202100042744";"24";"04";"2021";"17:35";"1";"49";"49307";"1";"6";"1";"2";"D347";"47,4747150000";" -0,3405280000"
"202100042745";"24";"04";"2021";"18:15";"1";"12";"12101";"1";"1";"1";"6";"Route de Saint Jacques - Agnac";"44,5709860000";"2,2780970000"
"202100042746";"24";"04";"2021";"16:10";"1";"25";"25160";"1";"1";"7";"6";"La Corchere";"47,0305230000";"6,5384100000"
"202100042747";"24";"04";"2021";"17:30";"1";"25";"25519";"2";"1";"1";"7";"Chemin de Bief";"47,3187550000";"6,8107330000"
"202100042748";"24";"04";"2021";"12:00";"1";"25";"25186";"1";"2";"1";"3";"D14";"47,3140100000";"5,9421010000"
"202100042749";"25";"04";"2021";"11:30";"1";"29";"29281";"1";"2";"1";"1";"Lieu Dit La Croix Rouge";"48,0543430000";" -3,8073310000"
"202100042750";"18";"04";"2021";"16:30";"1";"38";"38408";"2";"1";"1";"7";"Route du Stade";"45,5816610000";"4,9995890000"
"202100042751";"24";"04";"2021";"21:30";"5";"38";"38499";"1";"1";"1";"1";"D529 LE CREY";"44,9407750000";"5,7651720000"
"202100042752";"25";"04";"2021";"15:30";"1";"03";"03105";"1";"1";"1";"6";"Route des Charpes";"46,2202610000";"3,7194190000"
"202100042753";"24";"04";"2021";"19:00";"3";"03";"03158";"1";"1";"1";"7";"Rouelon";"46,4853390000";"2,6554620000"
"202100042754";"23";"04";"2021";"19:25";"2";"72";"72168";"2";"9";"7";"3";"La fosse";"48,0033300000";" -0,1534220000"
"202100042755";"24";"04";"2021";"15:36";"1";"06";"06150";"2";"1";"1";"6";"50 Route de Beausoleil";"43,7495350000";"7,4092990000"
"202100042756";"24";"04";"2021";"13:55";"1";"60";"60564";"1";"1";"1";"7";"Rd 90, PK 09.590";"49,5738220000";"2,4623110000"
"202100042757";"25";"04";"2021";"10:50";"1";"60";"60601";"2";"1";"1";"6";"569 Rue de la Paix";"49,2671730000";"2,3893170000"
"202100042758";"23";"04";"2021";"11:15";"1";"45";"45120";"1";"1";"1";"3";"D45-PR 17 + 300";"47,6279270000";"2,8723380000"
"202100042759";"25";"04";"2021";"08:30";"1";"64";"64010";"2";"1";"8";"7";"Route de Camou";"43,3394670000";" -1,0219400000"
"202100042760";"25";"04";"2021";"06:40";"2";"64";"64273";"1";"1";"1";"6";"route dÃ©partementale 8";"43,2554749207";" -1,2514154613"
"202100042761";"25";"04";"2021";"16:17";"1";"73";"73059";"2";"1";"7";"6";"D991 Bd Gaston Mollex";"45,7284900000";"5,8819090000"
"202100042762";"27";"03";"2021";"09:00";"1";"85";"85093";"1";"1";"1";"6";"Les Cerisiers";"46,6931590000";" -1,2160710000"
"202100042763";"24";"04";"2021";"15:20";"1";"28";"28300";"1";"3";"1";"3";"2020";"48,1660851261";"1,9162137492"
"202100042764";"23";"04";"2021";"16:31";"1";"45";"45332";"1";"1";"1";"6";"A77-PR 43 + 600";"47,8625430000";"2,6937640000"
"202100042765";"24";"04";"2021";"19:10";"2";"13";"13080";"1";"3";"1";"3";"D561";"43,6692760000";"5,4393800000"
"202100042766";"24";"04";"2021";"20:10";"2";"95";"95353";"2";"1";"1";"6";"RN 1";"49,0845523599";"2,3134918031"
"202100042767";"25";"04";"2021";"02:00";"3";"13";"13112";"1";"1";"1";"7";"Avenue Jean Pallet";"43,5220100000";"5,2371530000"
"202100042768";"24";"04";"2021";"15:57";"1";"72";"72278";"1";"1";"1";"6";"autoroute A.81";"48,0167980000";" -0,3081320000"
"202100042769";"24";"04";"2021";"15:25";"1";"69";"69043";"1";"1";"1";"3";"Vieille Route";"45,7177840000";"4,7736560000"
"202100042770";"25";"04";"2021";"07:50";"1";"95";"95371";"2";"1";"1";"2";"Rue du Colonel Fabien";"49,0804160000";"2,4991380000"
"202100042771";"24";"04";"2021";"01:50";"3";"988";"98821";"1";"3";"1";"1";"Route de LA TAMOA";" -22,0685892197";"166,2770588994"
"202100042772";"24";"03";"2021";"10:30";"1";"977";"97701";"2";"1";"1";"3";"rt82, grand cul de sac";"17,9069570000";" -62,8006520000"
"202100042773";"24";"04";"2021";"18:00";"1";"91";"91132";"1";"1";"1";"7";"N20";"48,5111390000";"2,2021660000"
"202100042774";"25";"04";"2021";"14:45";"1";"91";"91179";"2";"2";"1";"1";"Rue de Milly";"48,5662770000";"2,4814060000"
"202100042775";"23";"04";"2021";"21:25";"3";"78";"78113";"1";"1";"1";"7";"D130";"49,0252980000";"1,8185060000"
"202100042776";"24";"04";"2021";"16:30";"1";"2A";"2A247";"1";"1";"1";"7";"Rue General de Boissoudy";"41,6117371007";"9,2962999881"
"202100042777";"24";"04";"2021";"17:00";"1";"34";"34238";"1";"1";"1";"6";"dÃ©partementale 1";"43,8496626804";"3,6503362656"
"202100042778";"24";"04";"2021";"18:45";"1";"83";"83077";"1";"1";"1";"1";"D554";"43,2958550000";"5,9828440000"
"202100042779";"24";"04";"2021";"16:40";"1";"13";"13042";"1";"1";"1";"1";"D8n";"43,2679250000";"5,6485180000"
"202100042780";"25";"04";"2021";"13:10";"1";"88";"88321";"1";"1";"1";"7";"D166";"48,3506310000";"5,7159160000"
"202100042781";"25";"04";"2021";"11:40";"1";"03";"03201";"1";"1";"1";"6";"D7";"46,0981440000";"3,6521820000"
"202100042782";"24";"04";"2021";"13:00";"1";"26";"26331";"1";"1";"1";"6";"700 Route du Pont de Manne";"45,0587250000";"5,2805290000"
"202100042783";"24";"04";"2021";"16:00";"1";"01";"01313";"2";"2";"1";"3";"Route Bellevue";"46,2597720000";"6,0808030000"
"202100042784";"24";"04";"2021";"00:20";"3";"79";"79116";"1";"1";"1";"7";"N/A";"46,8348020000";" -0,2950860000"
"202100042785";"25";"04";"2021";"16:55";"1";"33";"33220";"2";"1";"1";"6";"D2";"45,0966630000";" -0,7258270000"
"202100042786";"17";"04";"2021";"18:30";"1";"33";"33279";"1";"1";"1";"6";"N/A";"44,4932830000";" -0,2555820000"
"202100042787";"20";"04";"2021";"16:00";"1";"14";"14530";"1";"1";"1";"6";"D223";"49,2382240000";" -0,2659030000"
"202100042788";"24";"04";"2021";"20:40";"2";"35";"35185";"2";"1";"1";"6";"Voie communale C4";"48,2040080000";" -1,1460010000"
"202100042789";"24";"04";"2021";"15:25";"1";"60";"60022";"1";"1";"1";"7";"Rue de Saint-maximin";"49,2220500000";"2,5013530000"
"202100042790";"25";"04";"2021";"18:10";"1";"60";"60640";"1";"1";"1";"7";"Route des Ãpis";"49,2215280000";"1,9455130000"
"202100042791";"24";"04";"2021";"14:50";"1";"62";"62089";"1";"1";"1";"2";"departementale d237";"50,8298710000";"1,6555710000"
"202100042792";"23";"04";"2021";"19:20";"1";"13";"13005";"1";"1";"1";"6";"A501-Sens Aubagne vers Pont de l'Etoile";"43,3034800000";"5,5703500000"
"202100042793";"24";"04";"2021";"11:15";"1";"91";"91521";"1";"1";"1";"6";"RN 449";"48,6358500000";"2,4010300000"
"202100042794";"24";"04";"2021";"08:00";"1";"91";"91340";"1";"1";"1";"1";"AUTOROUTE A6";"48,6073900000";"2,4354800000"
"202100042795";"23";"04";"2021";"20:05";"1";"91";"91286";"1";"1";"1";"6";"AUTOROUTE A6";"48,6568400000";"2,3777800000"
"202100042796";"24";"04";"2021";"17:10";"1";"93";"93073";"1";"1";"1";"2";"AUTOROUTE A104";"48,9665100000";"2,5593800000"
"202100042797";"24";"04";"2021";"13:30";"1";"95";"95678";"1";"1";"1";"6";"RN 184";"49,0717200000";"2,2239100000"
"202100042798";"24";"04";"2021";"03:20";"3";"92";"92036";"1";"1";"1";"2";"AUTOROUTE A15";"48,9471400000";"2,2816900000"
"202100042799";"23";"04";"2021";"10:15";"1";"93";"93066";"1";"1";"1";"4";"AUTOROUTE A86";"48,9227800000";"2,3450400000"
"202100042800";"23";"04";"2021";"06:28";"1";"976";"97611";"2";"1";"1";"2";"m'tsapere-Nationale 2 (route)";" -12,7929000000";"45,2201300000"
"202100042801";"23";"04";"2021";"20:35";"3";"974";"97416";"1";"9";"8";"7";"RN3 (3)";" -21,3157537462";"55,4908393101"
"202100042802";"23";"04";"2021";"19:35";"3";"974";"97411";"2";"9";"1";"3";"WAGNER (AVENUE RICHARD)";" -20,8978000000";"55,4838000000"
"202100042803";"23";"04";"2021";"16:00";"1";"974";"97411";"2";"1";"1";"3";"JAURES (BLD 1 JEAN)";" -20,8994100000";"55,4793400000"