"Num_Acc";"jour";"mois";"an";"hrmn";"lum";"dep";"com";"agg";"int";"atm";"col";"adr";"lat";"long"
"202100042804";"23";"04";"2021";"16:52";"1";"973";"97302";"2";"1";"2";"7";"BADUEL (ROUTE DE)";"4,9288986486";" -52,2998392582"
"202100042805";"23";"04";"2021";"12:50";"1";"973";"97302";"2";"2";"1";"3";"SOURCE DE BADUEL (CHEMIN DE LA)";"4,9321681429";" -52,3093684259"
"202100042806";"23";"04";"2021";"10:05";"1";"973";"97302";"2";"1";"1";"3";"TECLE (EUGENE) CITE THEMIRE";"4,9356377722";" -52,3201859486"
"202100042807";"23";"04";"2021";"19:00";"1";"69";"69199";"2";"1";"1";"6";"DEUX FERMES (DES) (R)";"45,6920900000";"4,8532300000"
"202100042808";"23";"04";"2021";"19:30";"1";"69";"69199";"2";"2";"7";"3";"YVES FARGES (BD)";"45,6886594149";"4,8616433144"
"202100042809";"23";"04";"2021";"17:15";"1";"69";"69386";"2";"2";"1";"1";"VITTON (CR)";"45,7700974430";"4,8596745729"
"202100042810";"23";"04";"2021";"15:00";"1";"972";"97213";"2";"1";"1";"3";"ROUTE DEPARTEMENTALE 3";"14,5998013653";" -60,9973686934"
"202100042811";"23";"04";"2021";"21:35";"5";"69";"69381";"2";"2";"1";"3";"JEAN MOULIN (Q)";"45,7662381329";"4,8383536935"
"202100042812";"22";"04";"2021";"12:25";"1";"69";"69034";"2";"3";"1";"1";"CAPITAINE FERBER (DU) (R)";"45,7900200000";"4,8268400000"
"202100042813";"19";"04";"2021";"20:00";"1";"69";"69034";"2";"2";"1";"3";"PIERRE BRUNIER (R)";"45,7864500000";"4,8298900000"
"202100042814";"22";"04";"2021";"08:40";"1";"971";"97113";"1";"1";"1";"2";"RN4 - SECTION RIVIERA";"16,2177300000";" -61,4906700000"
"202100042815";"22";"04";"2021";"17:05";"1";"91";"91347";"2";"1";"1";"7";"RTE DE MONTLHERY";"48,6348300000";"2,2880380000"
"202100042816";"15";"04";"2021";"05:55";"5";"91";"91216";"2";"3";"1";"6";"GAL DE GAULLE (COURS)";"48,6730270000";"2,3275810000"
"202100042817";"23";"04";"2021";"17:40";"1";"91";"91345";"2";"1";"1";"6";"BD DU DOC CATHELIN";"48,6885100000";"2,2886800000"
"202100042818";"23";"04";"2021";"21:25";"2";"91";"91027";"2";"1";"1";"3";"AV FRANCOIS MITTERRAND";"48,7023800000";"2,3716900000"
"202100042819";"22";"04";"2021";"18:25";"1";"90";"90032";"2";"8";"1";"6";"ESPERANCE (RUE DE L')";"47,6192615027";"6,8684327600"
"202100042820";"17";"02";"2021";"14:05";"1";"88";"88160";"1";"1";"1";"7";"N/A";"48,1324480000";"6,4350330000"
"202100042821";"22";"04";"2021";"20:17";"1";"87";"87085";"2";"1";"1";"6";"MANET (ALLEE EDOUARD)";"45,8550100000";"1,2725700000"
"202100042822";"23";"04";"2021";"11:50";"1";"85";"85191";"1";"1";"1";"3";"D160";"46,6907000000";" -1,3710000000"
"202100042823";"23";"04";"2021";"09:15";"1";"82";"82121";"2";"1";"1";"3";"CLADEL (RUE LEON)";"44,0224700000";"1,3586500000"
"202100042824";"21";"04";"2021";"17:05";"1";"80";"80021";"2";"1";"1";"1";"FAIDHERBE (BOULEVARD)";"49,8948800000";"2,2874900000"
"202100042825";"19";"04";"2021";"17:34";"1";"80";"80021";"2";"1";"1";"6";"LOUIS BLANC (AVENUE)";"49,9000300000";"2,2738200000"
"202100042826";"22";"04";"2021";"14:20";"1";"78";"78322";"2";"2";"1";"3";"LIBERATION (RUE DE LA)";"48,7636700000";"2,1667400000"
"202100042827";"23";"04";"2021";"16:30";"1";"78";"78133";"2";"1";"1";"2";"VIEUX CHEMIN DE MANTES";"48,9057380000";"2,0501320000"
"202100042828";"23";"04";"2021";"18:53";"1";"76";"76497";"2";"2";"1";"3";"CHURCHILL. RUE WINSTON";"49,3871200000";"1,0214400000"
"202100042829";"23";"04";"2021";"08:10";"1";"76";"76540";"2";"2";"1";"3";"RUE NANSEN";"49,4475520000";"1,0602520000"
"202100042830";"23";"04";"2021";"02:10";"5";"76";"76322";"2";"1";"1";"6";"RAVEL. BOULEVARD MAURICE";"49,4055800000";"1,0437100000"
"202100042831";"22";"04";"2021";"21:15";"3";"76";"76157";"2";"3";"1";"7";"BOULET. RUE GASTON";"49,4540100000";"1,0494000000"
"202100042832";"22";"04";"2021";"10:45";"1";"76";"76305";"2";"1";"1";"7";"PREMIER MAI";"49,5054500000";"0,2355700000"
"202100042833";"22";"04";"2021";"19:50";"1";"74";"74133";"1";"1";"1";"7";"ZONE (ROUTE DE)";"46,1783000000";"6,2141300000"
"202100042834";"23";"04";"2021";"20:15";"1";"72";"72181";"2";"1";"1";"3";"FLEURUS (RUE DE) NÂ° IMP";"47,9965800000";"0,1956500000"
"202100042835";"23";"04";"2021";"18:20";"1";"71";"71306";"2";"2";"1";"3";"SAINT GENGOUX (RUE DE)";"46,6711570587";"4,3767573386"
"202100042836";"22";"04";"2021";"08:28";"1";"71";"71153";"2";"1";"1";"1";"63 Rue des Abattoirs";"46,7888000000";"4,4462600000"
"202100042837";"23";"04";"2021";"18:20";"1";"69";"69266";"2";"3";"1";"3";"BOURGCHANIN (R)";"45,7671968944";"4,9024813641"
"202100042838";"4";"04";"2021";"10:50";"1";"68";"68297";"2";"2";"1";"3";"CHAMPS ( RUE DES )";"47,5712010000";"7,5561950000"
"202100042839";"17";"04";"2021";"16:25";"1";"68";"68066";"2";"1";"1";"6";"MULHOUSE (RUE DE)";"48,0723200000";"7,3425100000"
"202100042840";"14";"04";"2021";"14:50";"1";"68";"68066";"2";"1";"1";"6";"CHAMP DE MARS (BLD DU)";"48,0761000000";"7,3548800000"
"202100042841";"23";"04";"2021";"12:50";"1";"67";"67482";"2";"8";"1";"3";"PETIT RHIN (ROUTE DU)";"48,5740500000";"7,7847300000"
"202100042842";"20";"04";"2021";"16:00";"1";"67";"67482";"2";"8";"1";"1";"COLMAR (AVENUE DE)";"48,5489700000";"7,7412700000"
"202100042843";"20";"04";"2021";"14:33";"1";"67";"67482";"2";"8";"1";"1";"PIERRE CORNEILLE (AVENUE)";"48,5919910000";"7,6983610000"
"202100042844";"23";"04";"2021";"12:22";"1";"66";"66136";"2";"1";"1";"6";"KENNEDY (BD JOHN-FITZGERALD)";"42,6867700000";"2,9065000000"
"202100042845";"22";"04";"2021";"19:05";"1";"66";"66136";"2";"1";"1";"6";"JOFFRE (AVENUE DU MARECHAL CD 88)";"42,7071200000";"2,8915700000"
"202100042846";"22";"04";"2021";"18:35";"1";"66";"66136";"2";"1";"1";"6";"GAULLE (AVENUE GENERAL DE)";"42,6965000000";"2,8806900000"
"202100042847";"22";"04";"2021";"15:00";"1";"66";"66136";"2";"1";"1";"3";"GUYNEMER (AVENUE GEORGES)";"42,6892500000";"2,9063800000"
"202100042848";"23";"04";"2021";"10:47";"1";"65";"65440";"2";"1";"1";"6";"LARCHER (RUE JEAN)";"43,2357240000";"0,0748120000"
"202100042849";"23";"04";"2021";"09:45";"1";"64";"64545";"2";"1";"1";"3";"RD810";"43,3747000000";" -1,6791700000"
"202100042850";"23";"04";"2021";"18:45";"1";"64";"64348";"2";"6";"1";"3";"SANTONA DE";"43,3228100000";" -0,3995400000"
"202100042851";"23";"04";"2021";"16:20";"1";"64";"64445";"2";"3";"1";"3";"TOURASSE";"43,3084400000";" -0,3402400000"
"202100042852";"22";"04";"2021";"17:20";"1";"64";"64445";"2";"2";"1";"3";"PASTEUR";"43,3019100000";" -0,3710900000"
"202100042853";"23";"04";"2021";"12:30";"1";"64";"64122";"2";"6";"1";"3";"LA NEGRESSE (CARREFOUR DE LA)";"43,4602800000";" -1,5479200000"
"202100042854";"23";"04";"2021";"17:10";"1";"62";"62774";"1";"1";"1";"3";"R.D.940";"50,9304400000";"1,7213600000"
"202100042855";"23";"04";"2021";"14:40";"1";"62";"62193";"2";"1";"1";"1";"ROYALE";"50,9573690000";"1,8495010000"
"202100042856";"23";"04";"2021";"13:50";"1";"62";"62178";"2";"1";"1";"3";"LIBERATION ( AVENUE )";"50,4935810000";"2,5717560000"
"202100042857";"23";"04";"2021";"16:42";"1";"61";"61001";"2";"1";"1";"2";"PREMIER CHASSEUR (BOULEVARD DU)";"48,4376590000";"0,0870500000"
"202100042858";"23";"04";"2021";"19:30";"1";"60";"60463";"2";"1";"1";"6";"allÃ©e de la Tuilerie";"49,2799500000";"2,4621400000"
"202100042859";"23";"04";"2021";"18:25";"1";"60";"60159";"2";"1";"1";"6";"Rue de Clermont";"49,4197254880";"2,8208234309"
"202100042860";"23";"04";"2021";"20:15";"1";"59";"59350";"2";"3";"1";"1";"ESPLANADE FACADE";"50,6411172908";"3,0535662174"
"202100042861";"22";"04";"2021";"15:55";"1";"59";"59636";"1";"1";"1";"1";"QUESNOY RUE DE";"50,6940600000";"3,0492700000"
"202100042862";"18";"04";"2021";"17:50";"1";"59";"59350";"2";"9";"1";"7";"LAMBRET OSCAR AVENUE";"50,6154070711";"3,0349968902"
"202100042863";"19";"04";"2021";"18:45";"1";"59";"59378";"2";"2";"1";"3";"LISFRANC-CROISE LAROCHE PLACE";"50,6664273291";"3,1032950431"
"202100042864";"16";"04";"2021";"18:32";"1";"57";"57283";"2";"2";"1";"5";"CROIZAT (RUE AMBROISE)";"49,2482400000";"6,1670500000"
"202100042865";"23";"04";"2021";"17:05";"1";"56";"56260";"2";"6";"1";"2";"Rue du Vincin";"47,6559200000";" -2,7917500000"
"202100042866";"22";"04";"2021";"20:23";"1";"56";"56083";"2";"1";"1";"6";"VAILLANT ( AV. EDOUARD )";"47,8238100000";" -3,2494100000"
"202100042867";"22";"04";"2021";"19:25";"1";"56";"56098";"2";"3";"1";"3";"DE GAULLE ( AV. GENERAL )";"47,7625300000";" -3,3330400000"
"202100042868";"23";"04";"2021";"12:55";"1";"54";"54304";"2";"2";"1";"3";"SAPINIERE (RUE DE LA)";"48,6932930765";"6,1280972511"
"202100042869";"23";"04";"2021";"12:32";"1";"51";"51454";"2";"6";"1";"7";"Rue AndrÃ© Chaillot";"49,2878680619";"4,0241630699"
"202100042870";"23";"04";"2021";"11:30";"1";"49";"49099";"1";"3";"1";"3";"TROIS PROVINCES (AVENUE DES )";"47,0597900000";" -0,9252900000"
"202100042871";"23";"04";"2021";"18:31";"1";"49";"49007";"2";"1";"1";"7";"GRAND MONTREJEAU";"47,4650745715";" -0,5197714779"
"202100042872";"23";"04";"2021";"13:22";"1";"49";"49015";"2";"6";"1";"3";"MENDES FRANCE AVENUE PIERRE";"47,4993700000";" -0,5829800000"
"202100042873";"23";"04";"2021";"18:40";"1";"42";"42095";"2";"1";"1";"5";"Rue de la Tour de Varan";"45,3910200000";"4,2823200000"
"202100042874";"23";"04";"2021";"18:50";"1";"38";"38151";"2";"1";"1";"6";"Rue de lâAtlas";"45,1500000000";"5,7000000000"
"202100042875";"22";"04";"2021";"19:47";"1";"37";"37261";"2";"1";"1";"7";"MIRABEAU (PONT)";"47,3999004088";"0,7005307674"
"202100042876";"22";"04";"2021";"14:11";"1";"37";"37233";"2";"2";"1";"6";"GRANDS MORTIERS (RUE DES)";"47,3822766904";"0,7305951120"
"202100042877";"21";"04";"2021";"14:45";"1";"37";"37261";"2";"1";"7";"6";"BASSEE (RUE DE LA)";"47,4232327411";"0,6816372872"
"202100042878";"22";"04";"2021";"09:00";"1";"37";"37208";"2";"3";"1";"6";"CARNOT (QUAI SADI)";"47,3677630603";"0,7229089737"
"202100042879";"21";"04";"2021";"10:50";"1";"37";"37261";"2";"6";"1";"6";"CHURCHILL (BOULEVARD WINSTON)";"47,3737000000";"0,6790000000"
"202100042880";"21";"04";"2021";"15:40";"1";"33";"33281";"2";"1";"1";"4";"Avenue de lâArgonne";"44,8259000000";" -0,6812100000"
"202100042881";"23";"04";"2021";"16:51";"1";"33";"33009";"2";"1";"1";"6";"AllÃ©e des Arbousiers";"44,6457700000";" -1,1993200000"
"202100042882";"23";"04";"2021";"10:00";"1";"31";"31149";"2";"2";"1";"3";"NASQUE (CHEMIN DE LA)";"43,5977600000";"1,3217200000"
"202100042883";"23";"04";"2021";"09:30";"1";"29";"29019";"2";"6";"1";"3";"Rue de lâElorn";"48,3857600000";" -4,4752500000"
"202100042884";"20";"04";"2021";"10:55";"1";"27";"27681";"2";"3";"1";"3";"MENDES FRANCE (AVENUE PIERRE)";"49,0899600000";"1,4834000000"
"202100042885";"17";"03";"2021";"14:17";"1";"27";"27562";"1";"1";"1";"1";"HERMAND (RUE GEORGES)";"49,0958500000";"1,4372800000"
"202100042886";"23";"04";"2021";"15:15";"1";"27";"27375";"2";"3";"1";"3";"PARIS (CHAUSSEE DE)";"49,2071160000";"1,1872190000"
"202100042887";"22";"04";"2021";"18:33";"1";"25";"25056";"2";"3";"1";"2";"MARCHAUX ROUTE DE";"47,2645530000";"6,0532310000"
"202100042888";"21";"04";"2021";"17:20";"1";"19";"19272";"2";"1";"1";"7";"Mulatet (Lieu dit)";"45,2407303224";"1,7384417669"
"202100042889";"23";"04";"2021";"23:05";"5";"13";"13208";"2";"1";"1";"3";"MONTREDON (AVENUE DE)";"43,2401000000";"5,3669000000"
"202100042890";"23";"04";"2021";"21:30";"5";"13";"13206";"2";"2";"1";"3";"ITALIE (RUE D')";"43,2888450000";"5,3829270000"
"202100042891";"23";"04";"2021";"20:21";"2";"13";"13208";"2";"1";"1";"7";"PRADO (AVENUE DU)";"43,2639200000";"5,3779900000"
"202100042892";"23";"04";"2021";"12:30";"1";"13";"13212";"2";"1";"1";"3";"GAVOTY (BOULEVARD)";"43,3109400000";"5,4141500000"
"202100042893";"23";"04";"2021";"23:20";"5";"13";"13063";"2";"3";"1";"6";"CHATAIGNIERS RUE DES";"43,5827410000";"5,0155800000"
"202100042894";"22";"04";"2021";"18:10";"1";"11";"11069";"2";"1";"1";"7";"GOUT HENRI -AV. NÂ° IMPAIRS A PARTIR DU N";"43,2108300000";"2,3427500000"
"202100042895";"23";"04";"2021";"16:10";"1";"10";"10081";"2";"3";"1";"3";"JEAN MOULIN (RUE)";"48,3083000000";"4,0353400000"
"202100042896";"23";"04";"2021";"16:15";"1";"10";"10333";"2";"1";"1";"5";"ROCADE OUEST (RD 610)";"48,2850100000";"4,0400100000"
"202100042897";"23";"04";"2021";"10:37";"1";"10";"10362";"2";"1";"1";"3";"CHANTELOUP (CD)";"48,2955800000";"4,0436700000"
"202100042898";"22";"04";"2021";"18:40";"1";"08";"08480";"1";"1";"1";"6";"A34";"49,7369600000";"4,7503400000"
"202100042899";"23";"04";"2021";"17:15";"1";"07";"07281";"1";"1";"1";"7";"N/A";"44,9347350000";"4,8173760000"
"202100042900";"23";"04";"2021";"12:17";"1";"06";"06088";"2";"9";"1";"3";"MADELEINE (BD DE LA)";"43,7099310000";"7,2285220000"
"202100042901";"22";"04";"2021";"17:24";"1";"05";"05061";"1";"1";"1";"7";"NEFFES ( ROUTE DE )";"44,5223100000";"6,0371300000"
"202100042902";"23";"04";"2021";"18:20";"1";"75";"75118";"2";"4";"1";"2";"PORTE DE CLIGNANCOURT";"48,9008708152";"2,3559290171"
"202100042903";"23";"04";"2021";"15:45";"1";"75";"75118";"2";"1";"1";"5";"PORTE DE SAINT OUEN";"48,9008190000";"2,3330690000"
"202100042904";"22";"04";"2021";"16:55";"1";"75";"75113";"2";"1";"1";"2";"PORTE D ITALIE";"48,8177380000";"2,3673380000"
"202100042905";"22";"04";"2021";"20:06";"1";"75";"75119";"2";"2";"1";"6";"RUE DE CRIMEE";"48,8829950000";"2,3855540000"
"202100042906";"22";"04";"2021";"13:10";"1";"75";"75112";"2";"1";"1";"6";"AVENUE DU POLYGONE";"48,8366290000";"2,4315370000"
"202100042907";"23";"04";"2021";"09:40";"1";"75";"75105";"2";"1";"1";"2";"RUE JUSSIEU";"48,8468580000";"2,3540440000"
"202100042908";"22";"04";"2021";"00:10";"5";"75";"75106";"2";"5";"1";"6";"RUE DE VAUGIRARD";"48,8469750000";"2,3266450000"
"202100042909";"23";"04";"2021";"14:00";"1";"75";"75118";"2";"2";"1";"3";"RUE ORDENER";"48,8931000000";"2,3402130000"
"202100042910";"22";"04";"2021";"19:45";"1";"75";"75118";"2";"7";"1";"6";"PLACE DE CLICHY";"48,8836680000";"2,3273610000"
"202100042911";"23";"04";"2021";"19:45";"1";"75";"75113";"2";"1";"1";"1";"RUE BRILLAT SAVARIN";"48,8219280000";"2,3510230000"
"202100042912";"23";"04";"2021";"11:50";"1";"75";"75113";"2";"3";"1";"2";"BOULEVARD AUGUSTE BLANQUI";"48,8302880000";"2,3472040000"
"202100042913";"23";"04";"2021";"11:15";"1";"75";"75112";"2";"1";"1";"6";"COURS DE VINCENNES";"48,8480628353";"2,3995130364"
"202100042914";"23";"04";"2021";"09:45";"1";"75";"75108";"2";"2";"1";"2";"RUE BEAUJON";"48,8748490000";"2,3018010000"
"202100042915";"22";"04";"2021";"22:10";"5";"75";"75107";"2";"3";"1";"2";"RUE DE SEVRES";"48,8473890000";"2,3182050000"
"202100042916";"23";"04";"2021";"13:22";"1";"75";"75101";"2";"2";"1";"6";"RUE DE L ECHELLE";"48,8638120000";"2,3342460000"
"202100042917";"22";"04";"2021";"20:05";"1";"75";"75102";"2";"3";"1";"3";"RUE DE GRAMONT";"48,8703930000";"2,3368780000"
"202100042918";"22";"04";"2021";"09:16";"1";"75";"75104";"2";"2";"1";"6";"RUE DU FAUCONNIER";"48,8529070000";"2,3589840000"
"202100042919";"23";"04";"2021";"12:50";"1";"94";"94080";"2";"1";"1";"6";"Rue de Fontenay";"48,8479060000";"2,4405390000"
"202100042920";"23";"04";"2021";"18:50";"1";"94";"94068";"2";"2";"1";"3";"Avenue Louis Blanc";"48,7921010000";"2,4971460000"
"202100042921";"23";"04";"2021";"18:05";"1";"94";"94042";"2";"3";"1";"1";"Quai de Polangis";"48,8296050000";"2,4734750000"
"202100042922";"23";"04";"2021";"09:50";"1";"94";"94016";"2";"1";"1";"3";"Avenue Pasteur";"48,7866900000";"2,3235500000"
"202100042923";"23";"04";"2021";"08:30";"1";"94";"94076";"2";"2";"1";"4";"Av du President Salvador Allende";"48,7949760000";"2,3543310000"
"202100042924";"22";"04";"2021";"21:20";"5";"94";"94041";"2";"1";"1";"1";"Avenue de la RÃ©publique";"48,8038600000";"2,3957100000"
"202100042925";"23";"04";"2021";"07:57";"1";"94";"94022";"2";"1";"1";"3";"VOIE DES ROSES (IMP DE LA)";"48,7721290000";"2,4067700000"
"202100042926";"23";"04";"2021";"16:00";"1";"94";"94079";"2";"1";"1";"6";"Boulevard de Friedberg";"48,8320000000";"2,5430000000"
"202100042927";"23";"04";"2021";"05:20";"5";"93";"93077";"2";"2";"1";"3";"POTTIER (RUE)";"48,8849310000";"2,5194960000"
"202100042928";"23";"04";"2021";"17:05";"1";"93";"93046";"2";"9";"1";"3";"ARISTIDE BRIAND AVENUE";"48,9148600000";"2,5278900000"
"202100042929";"23";"04";"2021";"10:45";"1";"93";"93061";"2";"2";"1";"6";"PERI GABRIEL RUE";"48,8856050000";"2,4054470000"
"202100042930";"23";"04";"2021";"14:20";"1";"93";"93027";"2";"1";"1";"3";"BARBUSSE (AVENUE HENRI)";"48,9300000000";"2,3900000000"
"202100042931";"23";"04";"2021";"10:30";"1";"93";"93008";"2";"3";"1";"6";"LENINE (BOULEVARD)";"48,9064600000";"2,4411300000"
"202100042932";"23";"04";"2021";"09:00";"1";"93";"93005";"2";"3";"1";"6";"FERNAND HERBAUD (RUE)";"48,9323533550";"2,4949648836"
"202100042933";"23";"04";"2021";"18:20";"1";"93";"93001";"2";"5";"1";"3";"HAUT DE SAINT DENIS (CHEMIN DU)";"48,9224918769";"2,3685101542"
"202100042934";"22";"04";"2021";"16:30";"1";"92";"92063";"2";"1";"1";"2";"PROCESSION (RUE DE LA)";"48,8678706897";"2,2112285346"
"202100042935";"23";"04";"2021";"14:45";"1";"92";"92050";"2";"3";"1";"3";"ONZE NOVEMBRE RUE DU";"48,9073245375";"2,2158580273"
"202100042936";"23";"04";"2021";"21:10";"5";"92";"92048";"2";"3";"1";"2";"VILLACOUBLAY (AVENUE DE)";"48,7825410159";"2,2285670042"
"202100042937";"23";"04";"2021";"15:00";"1";"92";"92048";"2";"1";"1";"1";"VAUGIRARD (ROUTE DE)";"48,8206200000";"2,2371100000"
"202100042938";"23";"04";"2021";"13:25";"1";"92";"92048";"2";"2";"1";"3";"MARECHAL JUIN (AVENUE DU)";"48,7861227698";"2,2215047479"
"202100042939";"23";"04";"2021";"13:35";"1";"92";"92044";"2";"3";"1";"3";"CHARLES PASQUA(QUAI) 2 A 30";"48,8976708956";"2,2757024917"
"202100042940";"23";"04";"2021";"11:54";"1";"92";"92004";"2";"2";"1";"6";"PIERRE BROSSOLETTE";"48,9118746103";"2,2947467035"
"202100042941";"23";"04";"2021";"17:35";"1";"47";"47140";"1";"1";"1";"7";"Hameau de Saint-julien";"44,2750470000";"0,6299110000"
"202100042942";"23";"04";"2021";"17:51";"1";"31";"31418";"2";"1";"1";"1";"72 route du fouet";"43,6221120000";"1,5236230000"
"202100042943";"16";"04";"2021";"18:30";"1";"68";"68038";"2";"1";"1";"1";"grand rue";"48,0963010000";"7,4368720000"
"202100042944";"23";"04";"2021";"18:20";"1";"69";"69279";"2";"3";"1";"3";"JARDIN DES BALMES (DU) (R)";"45,7913210000";"5,0337070000"
"202100042945";"23";"04";"2021";"15:05";"1";"972";"97232";"1";"1";"1";"1";"morne courbaril";"14,5131540000";" -60,8401820000"
"202100042946";"22";"04";"2021";"12:58";"1";"88";"88349";"2";"2";"1";"3";"Rue de Saint-DiÃ©";"48,1745750000";"7,0122140000"
"202100042947";"21";"04";"2021";"17:20";"1";"51";"51388";"2";"1";"1";"7";"Rue du MarÃ©chal Foch";"49,1399099767";"4,3591213971"
"202100042948";"23";"04";"2021";"15:30";"1";"84";"84131";"2";"1";"1";"3";"159 Route de Robion";"43,8446200000";"5,0843260000"
"202100042949";"24";"04";"2021";"11:15";"1";"71";"71336";"1";"1";"1";"5";"82 Route de Chalon";"46,7247250000";"4,9378080000"
"202100042950";"23";"04";"2021";"14:50";"1";"38";"38403";"1";"1";"1";"6";"Rd 526";"44,8658620000";"5,7781000000"
"202100042951";"23";"04";"2021";"19:50";"1";"77";"77240";"1";"1";"1";"6";"D66";"48,7893900000";"3,2806690000"
"202100042952";"24";"04";"2021";"12:00";"1";"51";"51149";"2";"2";"1";"3";"Rue Hubert Boullez";"48,9002000000";"4,4406120000"
"202100042953";"24";"04";"2021";"11:35";"1";"76";"76146";"1";"3";"1";"3";"Route de Rocquemont";"49,5879160000";"1,3459540000"
"202100042954";"24";"04";"2021";"11:50";"1";"79";"79341";"1";"1";"1";"1";"Vautebis";"46,5351230000";" -0,1499250000"
"202100042955";"23";"04";"2021";"18:05";"1";"80";"80411";"1";"2";"1";"3";"D122 - C204";"49,8816390000";"2,5607590000"
"202100042956";"23";"04";"2021";"17:50";"1";"69";"69135";"1";"1";"1";"1";"COL DE CRIE (DU) (RTE)";"46,2322200000";"4,5527400000"
"202100042957";"24";"04";"2021";"00:15";"3";"71";"71345";"1";"1";"1";"6";"Saint Pierre de Lanques";"46,4391250000";"4,7920400000"
"202100042958";"22";"04";"2021";"16:50";"1";"71";"71305";"2";"1";"1";"7";"Route de Lugny";"46,4692811526";"4,8504288194"
"202100042959";"20";"04";"2021";"18:45";"1";"61";"61222";"1";"3";"1";"3";"Le Bas Village";"48,7449190000";" -0,6836680000"
"202100042960";"23";"04";"2021";"08:20";"1";"12";"12090";"1";"1";"1";"7";"RD 598";"44,3876120000";"2,4809580000"
"202100042961";"24";"04";"2021";"09:30";"1";"42";"42013";"1";"4";"1";"3";"Route de Saint Galmier";"45,6244960000";"4,3068100000"
"202100042962";"24";"04";"2021";"01:50";"3";"42";"42138";"1";"1";"1";"6";"Route du Premier Pont";"45,6466505392";"4,3578743096"
"202100042963";"24";"04";"2021";"01:30";"3";"44";"44133";"1";"1";"1";"2";"Les Planchettes";"47,1512780000";" -1,7290110000"
"202100042964";"22";"04";"2021";"15:25";"1";"35";"35071";"1";"1";"1";"6";"CD 798 lieu dit ville courte";"48,4451660000";" -1,2458860000"
"202100042965";"23";"04";"2021";"17:45";"1";"31";"31232";"1";"1";"1";"1";"Route de Verdun";"43,7823230000";"1,2842520000"
"202100042966";"24";"04";"2021";"12:10";"1";"84";"84089";"2";"1";"1";"2";"D956";"43,7043280000";"5,5100730000"
"202100042967";"23";"04";"2021";"16:05";"1";"15";"15084";"1";"2";"1";"1";"RD920";"44,7463520000";"2,4880390000"
"202100042968";"23";"04";"2021";"16:45";"1";"70";"70245";"2";"1";"1";"6";"Les Chavannes";"47,8881800000";"6,3767670000"
"202100042969";"24";"04";"2021";"01:40";"3";"58";"58120";"1";"1";"1";"6";"La Gare";"47,2424260000";"3,9059830000"
"202100042970";"24";"04";"2021";"09:15";"1";"27";"27425";"1";"1";"1";"1";"route dÃ©partemantale 613";"49,1488150000";"0,6998210000"
"202100042971";"23";"04";"2021";"18:00";"1";"27";"27037";"1";"2";"1";"6";"D31";"49,0815820000";"0,8296180000"
"202100042972";"23";"04";"2021";"18:05";"1";"30";"30228";"1";"3";"1";"6";"Lieu dit La bÃ©gude D979/D736";"43,9503780000";"4,3788670000"
"202100042973";"24";"04";"2021";"09:10";"1";"24";"24084";"1";"4";"1";"7";"CD51";"44,7920920000";"1,0293570000"
"202100042974";"24";"04";"2021";"00:40";"3";"13";"13044";"1";"1";"1";"6";"Route dÃ©partementale 16";"43,6005090000";"5,0462760000"
"202100042975";"24";"04";"2021";"14:30";"1";"13";"13113";"1";"1";"1";"6";"A51 PK 024.580";"43,5891294325";"5,4794344927"
"202100042976";"24";"04";"2021";"07:45";"1";"13";"13032";"1";"1";"1";"4";"Route de Pelissanne";"43,5779040000";"5,3365450000"
"202100042977";"23";"04";"2021";"17:15";"1";"13";"13088";"2";"1";"1";"5";"Route N 568";"43,3723910000";"5,2297770000"
"202100042978";"24";"04";"2021";"14:18";"1";"91";"91654";"1";"1";"1";"7";"D153";"48,4629910000";"2,4114350000"
"202100042979";"22";"04";"2021";"18:10";"1";"78";"78683";"2";"1";"1";"6";"Impasse Charles de Meneau";"48,8124060000";"1,8819320000"
"202100042980";"23";"04";"2021";"18:37";"1";"2A";"2A247";"2";"3";"1";"3";"Rue Vincentellu d'Istria";"41,6006363168";"9,2708229199"
"202100042981";"22";"04";"2021";"14:30";"1";"06";"06128";"1";"1";"7";"3";"616 chemin des salettes";"43,6917820000";"7,1182660000"
"202100042982";"23";"04";"2021";"17:15";"1";"68";"68334";"2";"2";"1";"6";"Bd Auguste Scheurer Kestner";"47,8097030000";"7,1021300000"
"202100042983";"23";"04";"2021";"13:00";"1";"55";"55024";"1";"1";"1";"2";"D65";"49,2904230000";"5,4669020000"
"202100042984";"24";"04";"2021";"10:50";"1";"69";"69291";"1";"1";"1";"6";"CORBAS (DE) (RTE)";"45,6414275466";"4,8775219917"
"202100042985";"23";"04";"2021";"20:30";"1";"86";"86197";"1";"2";"1";"3";"Lieu Dit Vouzeray";"47,0330020000";"0,2826620000"
"202100042986";"24";"04";"2021";"15:37";"1";"64";"64230";"2";"1";"1";"7";"Chemin de Berdoulou";"43,2090680000";" -0,3954240000"
"202100042987";"23";"04";"2021";"11:20";"1";"33";"33554";"1";"3";"1";"3";"N/A";"44,8864350000";" -0,4693440000"
"202100042988";"11";"04";"2021";"21:00";"3";"35";"35106";"1";"1";"1";"1";"Lieu-dit ""CropÃ©""";"47,8112310000";" -1,5736710000"
"202100042989";"23";"04";"2021";"01:40";"4";"02";"02013";"2";"9";"1";"6";"11 Rue de la Fontinette";"49,4830770000";"3,9143780000"
"202100042990";"24";"04";"2021";"01:15";"3";"59";"59333";"1";"1";"1";"6";"Route Nationale";"50,0378340000";"3,9249730000"
"202100042991";"20";"04";"2021";"13:45";"1";"13";"13055";"1";"1";"1";"4";"A507 sens Aubagne- Marseille";"43,3273500000";"5,4190600000"