"Num_Acc";"jour";"mois";"an";"hrmn";"lum";"dep";"com";"agg";"int";"atm";"col";"adr";"lat";"long"
"202100042992";"23";"04";"2021";"16:35";"5";"92";"92076";"1";"1";"9";"6";"A86 DUPLEX";"48,8299065434";"2,1484345039"
"202100042993";"23";"04";"2021";"18:45";"1";"95";"95582";"1";"1";"1";"6";"A15";"48,9640412225";"2,2634252320"
"202100042994";"21";"02";"2021";"11:00";"1";"31";"31555";"1";"1";"6";"7";"A64 - BORDELONGUE";"43,5579500000";"1,4130400000"
"202100042995";"18";"02";"2021";"09:20";"1";"31";"31555";"2";"9";"1";"3";"Avenue de Grande Bretagne";"43,5978800000";"1,4200900000"
"202100042996";"16";"04";"2021";"15:00";"1";"988";"98818";"2";"1";"2";"2";"RUE EDOUARD UNGER";" -22,2546000000";"166,4500300000"
"202100042997";"21";"04";"2021";"13:12";"1";"973";"97302";"2";"1";"1";"7";"CESAIRE (CITE)";"4,9307479981";" -52,3229084807"
"202100042998";"20";"04";"2021";"17:45";"1";"973";"97302";"2";"9";"1";"3";"BADUEL (ROUTE DE)";"4,9370772318";" -52,3156313898"
"202100042999";"22";"04";"2021";"11:00";"1";"2B";"2B120";"2";"1";"2";"2";"11 - RT";"42,6518600000";"9,4407600000"
"202100043000";"21";"04";"2021";"22:15";"5";"95";"95585";"2";"2";"1";"3";"VALERY (AVEUE PAUL)";"48,9783800000";"2,3854700000"
"202100043001";"22";"04";"2021";"18:20";"1";"95";"95555";"2";"1";"7";"6";"LECLERC (RUE DU GENERAL)";"48,9686900000";"2,2866700000"
"202100043002";"22";"04";"2021";"21:10";"2";"91";"91114";"2";"9";"1";"3";"RUE DE VILLECRESNES";"48,7074290000";"2,5068080000"
"202100043003";"21";"04";"2021";"12:01";"1";"87";"87085";"2";"2";"1";"3";"ALLENDE (QUAI SALVADOR)";"45,8211300000";"1,2629400000"
"202100043004";"22";"04";"2021";"09:55";"1";"86";"86194";"2";"1";"1";"6";"Avenue John Kennedy";"46,5889600000";"0,3613300000"
"202100043005";"22";"04";"2021";"19:15";"1";"83";"83137";"2";"2";"1";"3";"THOULON (RUE)";"43,1315780000";"5,9355910000"
"202100043006";"22";"04";"2021";"12:55";"1";"81";"81004";"2";"3";"1";"3";"DEMBOURG (AV)";"43,9364518034";"2,1449751561"
"202100043007";"21";"04";"2021";"13:55";"1";"80";"80725";"2";"1";"1";"3";"FACULTES (AVENUE DES)";"49,8734600000";"2,2614000000"
"202100043008";"21";"04";"2021";"13:45";"1";"78";"78640";"2";"1";"1";"3";"PETIT CLAMART (RUE DU)";"48,7820800000";"2,2261800000"
"202100043009";"22";"04";"2021";"09:40";"1";"78";"78029";"2";"1";"2";"2";"CHEVRIES (RUE DES )";"48,9696870000";"1,8566140000"
"202100043010";"23";"02";"2021";"17:34";"1";"76";"76540";"2";"1";"1";"2";"PONT GUSTAVE FLAUBERT";"49,4437700000";"1,0638700000"
"202100043011";"21";"04";"2021";"15:10";"1";"71";"71306";"1";"1";"1";"7";"RN 70 (ROUTE EXPRESS)";"46,6681800000";"4,3417900000"
"202100043012";"22";"04";"2021";"17:25";"1";"69";"69290";"2";"8";"1";"3";"JEAN JAURES (AV)";"45,6972400000";"4,9361400000"
"202100043013";"30";"03";"2021";"12:37";"1";"68";"68066";"2";"9";"1";"6";"VAL SAINT GREGOIRE (RUE DU)";"48,0818600000";"7,3445300000"
"202100043014";"21";"04";"2021";"07:55";"1";"64";"64122";"2";"1";"1";"7";"LUIS MARIANO ( RUE-ROND POINT))";"43,4594239142";" -1,5424235716"
"202100043015";"22";"04";"2021";"23:20";"5";"64";"64102";"2";"1";"1";"7";"LAMARQUE (AVENUE DU CHANOINE JEAN)";"43,4871300000";" -1,4760000000"
"202100043016";"22";"04";"2021";"16:40";"1";"64";"64102";"2";"1";"1";"7";"ALLEES MARINES (AVENUE DES)";"43,4990700000";" -1,4889400000"
"202100043017";"21";"04";"2021";"19:10";"1";"64";"64102";"2";"1";"1";"7";"JUPITER (CHEMIN DE)";"43,4790700000";" -1,4552200000"
"202100043018";"22";"04";"2021";"14:40";"1";"60";"60057";"2";"1";"1";"3";"Avenue Blaise Pascal";"49,4189000000";"2,1141100000"
"202100043019";"17";"03";"2021";"15:40";"1";"59";"59360";"2";"4";"2";"1";"GALILEE RUE";"50,6194810000";"3,0088300000"
"202100043020";"15";"03";"2021";"22:25";"5";"58";"58194";"2";"6";"1";"3";"HENRI BOUQUILLARD";"46,9941000000";"3,1362000000"
"202100043021";"22";"04";"2021";"03:25";"5";"56";"56098";"2";"1";"1";"6";"Zone Portuaire du Rohu";"47,7494540000";" -3,3229600000"
"202100043022";"21";"04";"2021";"20:32";"1";"56";"56098";"2";"3";"1";"3";"DOLET (RUE  ETIENNE )";"47,7573700000";" -3,3369300000"
"202100043023";"22";"04";"2021";"11:05";"1";"54";"54395";"2";"1";"1";"6";"LOBAU (BOULEVARD)";"48,6816500000";"6,1976800000"
"202100043024";"21";"04";"2021";"21:37";"5";"54";"54395";"2";"1";"1";"6";"RD 674";"48,6718100000";"6,1941800000"
"202100043025";"22";"04";"2021";"16:57";"1";"51";"51454";"2";"6";"1";"3";"Avenue Paul Marchandeau";"49,2421371036";"4,0244113972"
"202100043026";"22";"04";"2021";"13:35";"1";"50";"50129";"2";"4";"1";"3";"MILLET (AVENUE JEAN-FRANCOIS)";"49,6338340000";" -1,6223180000"
"202100043027";"19";"04";"2021";"11:20";"1";"49";"49007";"2";"1";"1";"3";"GATS";"47,4744300000";" -0,5178500000"
"202100043028";"22";"04";"2021";"14:35";"1";"45";"45285";"2";"1";"1";"6";"Rue du Clos Neuf";"47,9061160000";"1,8760140000"
"202100043029";"20";"04";"2021";"19:20";"1";"42";"42218";"2";"2";"1";"3";"Rue Fougerolle";"45,4323200000";"4,3926900000"
"202100043030";"21";"04";"2021";"10:55";"1";"37";"37261";"2";"6";"1";"2";"SAINT-SAUVEUR (ROND POINT)";"47,3738840330";"0,6785194874"
"202100043031";"22";"04";"2021";"15:50";"1";"35";"35238";"2";"2";"1";"1";"ALMA (DE L')";"48,1034700000";" -1,6768800000"
"202100043032";"21";"04";"2021";"15:30";"1";"35";"35115";"2";"1";"1";"6";"VERRERIE (AVENUE DE LA)";"48,3669300000";" -1,1845300000"
"202100043033";"22";"04";"2021";"19:10";"1";"34";"34172";"2";"2";"1";"3";"BLAYAC (RUE DU PROFESSEUR)";"43,6260000000";"3,8240500000"
"202100043034";"22";"04";"2021";"18:00";"1";"33";"33318";"2";"1";"1";"4";"Avenue du GÃ©nÃ©ral Leclerc";"44,7852800000";" -0,6826400000"
"202100043035";"22";"04";"2021";"22:55";"5";"31";"31555";"2";"3";"1";"3";"AV JEAN RIEUX";"43,5872200000";"1,4739400000"
"202100043036";"22";"04";"2021";"12:15";"1";"31";"31483";"2";"1";"1";"7";"COMMINGES (ALLEES DU )";"43,1185200000";"0,7250900000"
"202100043037";"18";"04";"2021";"08:25";"1";"28";"28220";"2";"2";"1";"5";"AVENUE DE LA REPUBLIQUE";"48,4268100000";"1,4724000000"
"202100043038";"22";"04";"2021";"16:20";"1";"27";"27562";"2";"1";"1";"6";"Rue Georges Hermand";"49,0962172399";"1,4328946630"
"202100043039";"22";"04";"2021";"17:45";"1";"26";"26198";"2";"1";"1";"4";"132BRoute de Chateauneuf";"44,5307000000";"4,7365000000"
"202100043040";"22";"04";"2021";"18:20";"1";"17";"17300";"2";"1";"1";"7";"JOFFRES";"46,1554700000";" -1,1433000000"
"202100043041";"22";"04";"2021";"23:00";"5";"13";"13208";"2";"6";"1";"7";"PIERRE GUERRE (ROND-POINT)";"43,2503400000";"5,3890000000"
"202100043042";"22";"04";"2021";"16:00";"1";"13";"13202";"2";"1";"1";"2";"BASSINS DE RADOUB (BOULEVARD DES)";"43,3204800000";"5,3629300000"
"202100043043";"22";"04";"2021";"15:00";"1";"13";"13202";"2";"1";"1";"6";"DUNKERQUE  (BOULEVARD DE)";"43,3057500000";"5,3674400000"
"202100043044";"22";"04";"2021";"08:25";"1";"13";"13213";"2";"3";"1";"3";"OLIVES (AVENUE DES)";"43,3290982252";"5,4308610409"
"202100043045";"22";"04";"2021";"11:05";"1";"13";"13047";"1";"9";"1";"3";"D.5";"43,5994500000";"4,9356400000"
"202100043046";"22";"04";"2021";"13:23";"1";"10";"10387";"2";"3";"1";"3";"JULES GUESDE (RUE)";"48,2940000000";"4,0818500000"
"202100043047";"22";"04";"2021";"02:00";"5";"08";"08105";"2";"1";"1";"6";"BERTHAUCOURT (RUE DE)";"49,7608200000";"4,7411100000"
"202100043048";"22";"04";"2021";"16:15";"1";"06";"06083";"2";"2";"1";"3";"SOLEIL (PROMENADE DU, NÂ° 2 A 848))";"43,7673170000";"7,4898850000"
"202100043049";"22";"04";"2021";"09:55";"1";"06";"06083";"2";"1";"1";"2";"SERRES DE LA MADONE (ROUTE DES, NÂ° 115 E";"43,7764800000";"7,4778120000"
"202100043050";"22";"04";"2021";"13:00";"1";"06";"06123";"2";"9";"1";"4";"VESPINS ROUTE DES";"43,6600780000";"7,1834990000"
"202100043051";"21";"04";"2021";"11:08";"1";"02";"02212";"1";"1";"1";"6";"D1032";"49,6338400000";"3,2786100000"
"202100043052";"21";"04";"2021";"16:30";"1";"75";"75117";"2";"1";"1";"2";"PORTE DES TERNES";"48,8827000000";"2,2833590000"
"202100043053";"21";"04";"2021";"20:53";"2";"75";"75112";"2";"2";"8";"6";"AVENUE DU TREMBLAY";"48,8420780000";"2,4490710000"
"202100043054";"22";"04";"2021";"19:40";"1";"75";"75105";"2";"5";"1";"2";"BOULEVARD SAINT MICHEL";"48,8473390000";"2,3408520000"
"202100043055";"22";"04";"2021";"08:50";"1";"75";"75120";"2";"2";"1";"6";"RUE DES HAIES";"48,8529480000";"2,4007790000"
"202100043056";"20";"04";"2021";"20:30";"2";"75";"75119";"2";"2";"1";"3";"RUE MANIN";"48,8822450000";"2,3819580000"
"202100043057";"22";"04";"2021";"13:05";"1";"75";"75114";"2";"1";"1";"6";"RUE DE L AMIRAL MOUCHEZ";"48,8256910000";"2,3416300000"
"202100043058";"22";"04";"2021";"14:20";"1";"75";"75113";"2";"2";"1";"3";"RUE DE TOLBIAC";"48,8264600000";"2,3417970000"
"202100043059";"22";"04";"2021";"12:55";"1";"75";"75113";"2";"4";"1";"6";"RUE LE BRUN";"48,8348970000";"2,3531610000"
"202100043060";"22";"04";"2021";"19:45";"1";"75";"75112";"2";"2";"1";"3";"QUAI DE LA RAPEE";"48,8458490000";"2,3676360000"
"202100043061";"22";"04";"2021";"15:45";"1";"75";"75112";"2";"1";"1";"3";"QUAI DE LA RAPEE";"48,8456470000";"2,3664870000"
"202100043062";"21";"04";"2021";"13:55";"1";"75";"75110";"2";"1";"1";"6";"BOULEVARD DE MAGENTA";"48,8696270000";"2,3620340000"
"202100043063";"22";"04";"2021";"18:00";"1";"75";"75101";"2";"3";"1";"7";"RUE DE L AMIRAL DE COLIGNY";"48,8589890000";"2,3398790000"
"202100043064";"22";"04";"2021";"13:45";"1";"94";"94068";"2";"1";"1";"7";"BAC (AV DU)";"48,7948870000";"2,5104820000"
"202100043065";"21";"04";"2021";"18:30";"1";"94";"94068";"2";"6";"2";"3";"MARECHAL LYAUTEY (AV DU)";"48,7933260000";"2,4866850000"
"202100043066";"22";"04";"2021";"19:45";"1";"94";"94076";"2";"1";"1";"3";"LOUIS ARAGON (AV)";"48,7885660000";"2,3704430000"
"202100043067";"21";"04";"2021";"23:10";"5";"94";"94037";"2";"2";"1";"3";"Rue Emile Bougard";"48,8101500000";"2,3407500000"
"202100043068";"22";"04";"2021";"19:35";"2";"94";"94041";"2";"1";"1";"6";"PAUL VAILLANT COUTURIER (BD)";"48,8174000000";"2,3987900000"
"202100043069";"22";"04";"2021";"17:58";"1";"94";"94017";"2";"3";"1";"3";"PLESSIS TREVISE (R DU)";"48,8112000000";"2,5566100000"
"202100043070";"21";"04";"2021";"12:40";"1";"94";"94075";"2";"3";"1";"3";"LIEUTENANT DAGORNO (R DU)";"48,7271900000";"2,5310300000"
"202100043071";"22";"04";"2021";"09:30";"1";"93";"93063";"2";"1";"1";"5";"BRANLY BD EDOUARD";"48,8756700000";"2,4410500000"
"202100043072";"22";"04";"2021";"16:45";"1";"93";"93008";"2";"3";"1";"3";"SEMARD (RUE PIERRE)";"48,9127400000";"2,4508500000"
"202100043073";"22";"04";"2021";"18:35";"1";"93";"93001";"2";"1";"1";"2";"FELIX FAURE (BLD)  => 118/119";"48,9075469552";"2,3791626429"
"202100043074";"22";"04";"2021";"18:15";"1";"92";"92046";"2";"6";"1";"6";"DE STALINGRAD";"48,8122344848";"2,2934952378"
"202100043075";"21";"04";"2021";"15:45";"1";"92";"92063";"2";"1";"1";"6";"REPUBLIQUE (AVENUE DE LA)";"48,8790959734";"2,1768674254"
"202100043076";"12";"04";"2021";"10:55";"1";"92";"92063";"2";"6";"1";"3";"ROOSEVELT (BOULEVARD FRANKLIN)";"48,8799409228";"2,1681033075"
"202100043077";"22";"04";"2021";"17:45";"1";"92";"92025";"2";"1";"1";"3";"CHARLES DE GAULLE (BD)";"48,9122576671";"2,2320875736"
"202100043078";"21";"04";"2021";"20:30";"1";"92";"92025";"2";"2";"1";"3";"CHARLES DE GAULLE (BD)";"48,9104138539";"2,2347215779"
"202100043079";"23";"04";"2021";"17:00";"1";"35";"35176";"2";"9";"1";"3";"Rue Richemont";"47,8220480000";" -1,8105930000"
"202100043080";"23";"04";"2021";"02:00";"3";"47";"47230";"1";"1";"1";"6";"Peyrepont";"44,4499000000";"0,8601680000"
"202100043081";"22";"04";"2021";"21:10";"3";"86";"86183";"2";"6";"1";"6";"52 Rue du Lavoir";"46,9651360000";"0,6256530000"
"202100043082";"23";"04";"2021";"10:45";"1";"84";"84137";"2";"9";"1";"1";"Cours Taulignan";"44,2417630000";"5,0770090000"
"202100043083";"30";"03";"2021";"17:00";"1";"51";"51388";"2";"1";"1";"7";"Rue du GÃ©nÃ©ral Gouraud";"49,1364740000";"4,3650480000"
"202100043084";"23";"04";"2021";"03:35";"3";"41";"41223";"1";"1";"1";"3";"Autoroute A10, Point kilomÃ©trique 160.350";"47,6163960000";"1,1955790000"
"202100043085";"23";"04";"2021";"17:20";"1";"56";"56024";"1";"2";"1";"3";"Le Haut du Bois";"48,0501910000";" -2,6907170000"
"202100043086";"23";"04";"2021";"17:15";"1";"59";"59110";"2";"1";"1";"7";"Route de Bourbourg";"50,9553022051";"2,2695833445"
"202100043087";"22";"04";"2021";"15:20";"1";"74";"74208";"2";"6";"1";"3";"Rond point du faubourg";"45,9212590000";"6,7136500000"
"202100043088";"23";"04";"2021";"17:40";"1";"76";"76627";"1";"3";"1";"2";"Route de Lillebonne";"49,5302819933";"0,4758552900"
"202100043089";"22";"04";"2021";"18:20";"1";"81";"81048";"2";"2";"1";"3";"Carrefoul";"44,0008260433";"2,1252146881"
"202100043090";"22";"04";"2021";"14:15";"1";"32";"32160";"1";"1";"1";"2";"D 531";"43,6026540000";"1,1543370000"
"202100043091";"22";"04";"2021";"17:20";"1";"47";"47195";"2";"1";"1";"2";"Avenue De lattre de tassigny";"44,1347518763";"0,3400436145"
"202100043092";"21";"04";"2021";"12:30";"1";"86";"86099";"1";"9";"1";"2";"N147";"46,4914960000";"0,4982460000"
"202100043093";"22";"04";"2021";"16:50";"1";"34";"34142";"1";"6";"1";"7";"AVENUE DU GENERAL DE GAULLE";"43,7236135522";"3,3237451792"
"202100043094";"22";"04";"2021";"15:15";"1";"29";"29190";"1";"6";"1";"6";"Le Lannou";"48,3533503922";" -4,7182866047"
"202100043095";"23";"04";"2021";"15:55";"1";"29";"29209";"1";"3";"7";"1";"Lieu-dit Minihy";"48,5206400000";" -4,4555530000"
"202100043096";"23";"04";"2021";"12:40";"1";"58";"58131";"2";"1";"1";"6";"49 Grande Rue";"47,0851000000";"3,1928590000"
"202100043097";"22";"04";"2021";"18:40";"1";"72";"72217";"1";"1";"1";"7";"D47";"48,0591840000";"0,2084180000"
"202100043098";"23";"04";"2021";"17:24";"1";"05";"05132";"2";"3";"1";"1";"Route de la Motte";"44,6842850000";"6,0751930000"
"202100043099";"23";"04";"2021";"15:20";"1";"21";"21402";"1";"2";"1";"3";"Sous le Plein Chanois";"47,7807330000";"4,9072970000"
"202100043100";"21";"04";"2021";"16:00";"1";"17";"17481";"1";"1";"1";"7";"Rue de la Garenne";"45,9527050000";" -0,5983040000"
"202100043101";"23";"04";"2021";"07:30";"1";"04";"04034";"1";"9";"1";"6";"A 51";"43,9176690000";"5,8901630000"
"202100043102";"22";"04";"2021";"16:00";"1";"33";"33122";"1";"1";"1";"6";"55 Av du Mal de Lattre de Tassigny";"44,7705940000";" -0,7158920000"
"202100043103";"23";"04";"2021";"09:40";"1";"51";"51205";"1";"1";"1";"7";"A4";"49,0350545071";"4,4118529558"
"202100043104";"23";"04";"2021";"10:00";"1";"976";"97608";"2";"1";"1";"6";"Boulevard des Amoureux";" -12,7846520000";"45,2794330000"
"202100043105";"23";"04";"2021";"16:00";"1";"13";"13040";"1";"1";"1";"2";"D6";"43,4753140000";"5,5223360000"
"202100043106";"23";"04";"2021";"15:50";"1";"41";"41008";"1";"1";"1";"3";"D70";"47,7412170000";"1,5432680000"
"202100043107";"15";"04";"2021";"16:10";"1";"66";"66008";"1";"1";"1";"3";"traverse San PÃ¨re";"42,5506140000";"2,9996430000"
"202100043108";"23";"04";"2021";"14:00";"1";"34";"34052";"1";"3";"1";"5";"serres de cabrol";"43,3217079144";"3,0207688666"
"202100043109";"23";"04";"2021";"14:00";"1";"07";"07153";"1";"1";"1";"1";"RN102 ";"44,6684040000";"4,1010030000"
"202100043110";"22";"04";"2021";"13:20";"1";"33";"33519";"1";"1";"1";"1";"Avenue de Soulac";"44,8959360000";" -0,6692220000"
"202100043111";"23";"04";"2021";"18:20";"1";"85";"85178";"1";"1";"1";"3";"La TenaillÃ¨re";"46,7894700000";" -1,5658000000"
"202100043112";"22";"04";"2021";"19:25";"1";"85";"85208";"1";"1";"1";"2";"D763";"46,8528800000";" -1,4111500000"
"202100043113";"18";"04";"2021";"10:00";"1";"29";"29103";"2";"6";"1";"3";"Rue du Roual";"48,4385680000";" -4,2683550000"
"202100043114";"20";"04";"2021";"18:45";"2";"29";"29060";"1";"1";"1";"7";"1 Route de Pors-Keraign";"47,9158352000";" -4,1313209000"
"202100043115";"22";"04";"2021";"19:20";"1";"27";"27400";"1";"3";"1";"1";"D71";"48,9591160000";"1,4094900000"
"202100043116";"23";"04";"2021";"08:25";"1";"60";"60141";"2";"9";"1";"2";"Avenue du General de Gaulle";"49,1988070000";"2,4616100000"
"202100043117";"21";"04";"2021";"20:06";"1";"13";"13033";"1";"1";"1";"6";"A55-Sens Martigues vers Marseille";"43,3805000000";"5,2128600000"
"202100043118";"21";"04";"2021";"09:00";"1";"13";"13055";"1";"1";"1";"6";"A507 sens Marseille - Aubagne";"43,3007290000";"5,4251320000"
"202100043119";"21";"04";"2021";"12:20";"1";"69";"69256";"1";"1";"1";"2";"A42";"45,7901639117";"4,9061404797"
"202100043120";"22";"04";"2021";"13:00";"1";"78";"78490";"1";"1";"1";"6";"RN12 EXT";"48,8015640000";"1,9462240000"
"202100043121";"22";"04";"2021";"08:00";"1";"93";"93066";"1";"1";"1";"3";"AUTOROUTE A1";"48,9294700000";"2,3615400000"
"202100043122";"22";"04";"2021";"13:40";"1";"77";"77495";"1";"1";"1";"2";"A5b";"48,5752260270";"2,6389769484"
"202100043123";"21";"04";"2021";"15:15";"1";"974";"97411";"2";"2";"1";"7";"DODU 1 (RUE JULIETTE)";" -20,8770000000";"55,4508200000"
"202100043124";"21";"04";"2021";"09:05";"1";"974";"97411";"2";"2";"1";"3";"LATTRE DE TASSIGNY (AVENUE MARECHAL DE)";" -20,8890400000";"55,4757900000"
"202100043125";"20";"04";"2021";"16:05";"1";"974";"97411";"1";"1";"8";"3";"Boulevard Lancastel";" -20,8761489435";"55,4550147057"
"202100043126";"21";"04";"2021";"10:30";"1";"974";"97407";"2";"1";"1";"6";"CARPAYE(AVENUE)";" -20,9457000000";"55,2984100000"
"202100043127";"20";"04";"2021";"21:20";"5";"973";"97302";"2";"6";"1";"3";"CATAYEE (JUSTIN)";"4,9248346167";" -52,3234323264"
"202100043128";"21";"04";"2021";"07:25";"1";"973";"97302";"2";"3";"1";"3";"MANDELA  (BOULEVARD)";"4,9412700000";" -52,3269000000"
"202100043129";"21";"04";"2021";"13:00";"1";"972";"97213";"1";"1";"1";"2";"ROUTE NATIONALE 5";"14,5958000000";" -60,9900000000"
"202100043130";"16";"04";"2021";"09:45";"1";"972";"97209";"2";"3";"1";"3";"XAVIER ORVILLE (RUE)";"14,6093600000";" -61,0718800000"
"202100043131";"21";"04";"2021";"16:50";"1";"69";"69389";"2";"3";"1";"6";"SAINT-CYR (DE) (R)";"45,8010200000";"4,8200400000"
"202100043132";"21";"04";"2021";"14:44";"1";"69";"69382";"2";"1";"8";"6";"SMITH (R)";"45,7456016201";"4,8248311242"
"202100043133";"21";"04";"2021";"09:05";"1";"69";"69081";"2";"6";"1";"3";"PROFESSEUR PAUL SANTY (DU) (AV)";"45,7737494097";"4,7727334499"
"202100043134";"21";"04";"2021";"17:10";"1";"2B";"2B033";"2";"1";"1";"2";"VEZZANI - RUE CESAR";"42,6909500000";"9,4484300000"
"202100043135";"24";"03";"2021";"15:00";"1";"971";"97101";"1";"9";"1";"6";"AEROPORT POLE CARAIBES";"16,2748600000";" -61,5244500000"
"202100043136";"21";"04";"2021";"16:23";"1";"2A";"2A004";"1";"1";"2";"3";"SARTENE ANCIENNE ROUTE";"41,9295759043";"8,7734119194"
"202100043137";"21";"04";"2021";"10:53";"1";"95";"95268";"2";"9";"1";"6";"AV DU GENERAL DE GAULLE";"48,9713767153";"2,4018591642"
"202100043138";"20";"04";"2021";"22:55";"5";"91";"91657";"2";"2";"1";"3";"AV HENRI BARBUSSE";"48,7039200000";"2,4337800000"
"202100043139";"18";"04";"2021";"15:51";"1";"87";"87085";"2";"2";"1";"2";"BORIE (BOULEVARD DE LA)";"45,8352600000";"1,2270000000"
"202100043140";"21";"04";"2021";"09:22";"1";"83";"83137";"2";"9";"1";"6";"FUSILIERS MARINS (AVE DES)";"43,1277700000";"5,9067200000"
"202100043141";"20";"04";"2021";"09:00";"1";"80";"80725";"2";"1";"1";"6";"MOUTIERS (RUE DES)";"49,8698400000";"2,2437600000"
"202100043142";"19";"04";"2021";"11:00";"1";"78";"78640";"2";"2";"1";"6";"EUROPE (AVENUE DE L')";"48,7799300000";"2,2170000000"
"202100043143";"27";"01";"2021";"18:40";"5";"69";"69096";"2";"1";"2";"6";"MOULIN (JEAN) (AV)";"45,6085300000";"4,7946700000"
"202100043144";"19";"04";"2021";"18:45";"1";"67";"67267";"2";"1";"1";"2";"MARECHAL FOCH (RUE DU)";"48,5556000000";"7,6795600000"
"202100043145";"20";"04";"2021";"09:30";"1";"66";"66136";"2";"9";"1";"3";"PALAIS-DES-EXPO (AVENUE DU)";"42,7077800000";"2,9023800000"
"202100043146";"21";"04";"2021";"18:00";"1";"64";"64284";"2";"1";"1";"2";"18 JUIN 1940 DU";"43,2915000000";" -0,4055000000"
"202100043147";"21";"04";"2021";"17:20";"1";"64";"64102";"2";"1";"1";"3";"BASQUE (AVENUE DU GRAND)";"43,4916900000";" -1,4539900000"
"202100043148";"21";"04";"2021";"17:30";"1";"64";"64024";"2";"6";"1";"1";"RAYON VERT (ROND POINT DU)";"43,5010000000";" -1,5384200000"
"202100043149";"17";"03";"2021";"09:25";"1";"62";"62528";"1";"4";"2";"3";"BETHUNE (RTE DE)";"50,4491800000";"2,7916300000"
"202100043150";"21";"04";"2021";"08:10";"1";"61";"61397";"2";"2";"1";"3";"GUE DE GESNE (RUE DU )";"48,4224900000";"0,0830800000"
"202100043151";"21";"04";"2021";"14:35";"1";"60";"60057";"2";"1";"1";"5";"Boulevard Saint-Jean";"49,4284900000";"2,0754500000"
"202100043152";"21";"04";"2021";"16:32";"1";"59";"59599";"2";"1";"1";"2";"GALILEE (CHAUSSEE)";"50,7113900000";"3,1605900000"
"202100043153";"21";"04";"2021";"17:10";"1";"59";"59350";"2";"1";"7";"3";"EGALITE RUE DE L";"50,6312900000";"3,0022600000"
"202100043154";"20";"04";"2021";"11:00";"1";"59";"59350";"1";"1";"1";"5";"SCHUMAN ROBERT BOULEVARD";"50,6484100000";"3,0682600000"
"202100043155";"20";"04";"2021";"16:10";"1";"56";"56083";"2";"1";"1";"7";"REPUBLIQUE ( AV. DE LA )";"47,7984100000";" -3,2948600000"
"202100043156";"20";"04";"2021";"07:50";"1";"56";"56083";"1";"1";"1";"7";"VILLENEUVE ST-CARADEC (LIEU-DIT)";"47,8240500000";" -3,2824800000"
"202100043157";"20";"04";"2021";"18:00";"1";"56";"56098";"2";"1";"1";"3";"PERGAUD (IMP LOUIS)";"47,7675700000";" -3,3429500000"
"202100043158";"19";"04";"2021";"15:40";"1";"50";"50129";"2";"3";"1";"1";"HUGO (RUE VICTOR)";"49,6215000000";" -1,6611100000"
"202100043159";"16";"04";"2021";"08:15";"1";"50";"50203";"1";"1";"1";"1";"SOUVENIR (RUE DU)";"49,6109200000";" -1,5629900000"
"202100043160";"16";"04";"2021";"14:25";"1";"49";"49099";"2";"1";"1";"6";"MAUDET(AVENUE)";"47,0573800000";" -0,8796800000"
"202100043161";"21";"04";"2021";"18:27";"1";"49";"49007";"2";"1";"1";"2";"ARBRISSEL";"47,4632800000";" -0,5521100000"
"202100043162";"17";"04";"2021";"16:47";"1";"49";"49246";"2";"1";"1";"3";"JURET PROMENADE";"47,4258300000";" -0,5249000000"
"202100043163";"21";"04";"2021";"12:20";"1";"45";"45234";"2";"3";"1";"2";"Rue du Faubourg Bannier";"47,9105600000";"1,9005400000"
"202100043164";"21";"04";"2021";"19:50";"1";"44";"44109";"2";"1";"1";"3";"BOULEVARD DES ANGLAIS";"47,2281200000";" -1,5800600000"
"202100043165";"16";"04";"2021";"18:30";"1";"42";"42218";"2";"2";"2";"5";"Rue des AciÃ©ries";"45,4589034403";"4,3954643555"
"202100043166";"20";"04";"2021";"18:40";"1";"37";"37261";"1";"1";"1";"3";"RD 37";"47,3698223557";"0,6545362472"
"202100043167";"20";"04";"2021";"17:10";"1";"37";"37261";"2";"2";"1";"3";"BERGONIE (RUE DOCTEUR)";"47,3781400000";"0,7095200000"
"202100043168";"21";"04";"2021";"20:20";"2";"35";"35238";"2";"1";"1";"3";"SUISSE (DE)";"48,0865200000";" -1,6637600000"
"202100043169";"21";"04";"2021";"09:20";"1";"35";"35238";"2";"3";"1";"2";"POTTIER (EUGENE)";"48,1041800000";" -1,7072000000"
"202100043170";"20";"04";"2021";"12:15";"1";"34";"34172";"2";"1";"1";"1";"FIZEAU (RUE HIPPOLYTE)";"43,6150800000";"3,9129900000"
"202100043171";"20";"04";"2021";"14:10";"1";"34";"34172";"2";"3";"1";"3";"LAVERUNE (ROUTE DE)";"43,6010000000";"3,8502300000"
"202100043172";"21";"04";"2021";"11:21";"1";"33";"33249";"2";"3";"1";"4";"Avenue de la LibÃ©ration";"44,8744100000";" -0,5198100000"
"202100043173";"21";"04";"2021";"18:10";"1";"31";"31149";"2";"1";"1";"3";"OUEST (BOULEVARD DE L')";"43,6121000000";"1,3223200000"
"202100043174";"21";"04";"2021";"11:55";"1";"31";"31555";"2";"1";"1";"3";"BD LASCROSSES";"43,6105100000";"1,4354700000"
"202100043175";"21";"04";"2021";"11:45";"1";"29";"29019";"2";"1";"1";"4";"Avenue MarÃ©chal Foch";"48,3927577000";" -4,4877270000"
"202100043176";"20";"04";"2021";"16:30";"1";"23";"23096";"2";"3";"1";"3";"SENATORERIE (IMPASSE DE LA)";"46,1675000000";"1,8701000000"
"202100043177";"2";"04";"2021";"18:25";"1";"22";"22278";"2";"6";"1";"2";"ABERYSTWYTH (RD-PT)";"48,4974620866";" -2,7518606186"