"Num_Acc";"jour";"mois";"an";"hrmn";"lum";"dep";"com";"agg";"int";"atm";"col";"adr";"lat";"long"
"202100043552";"18";"04";"2021";"10:00";"1";"13";"13028";"2";"9";"1";"6";"DULAC (AVENUE GUILLAUME)";"43,1955060000";"5,6122200000"
"202100043553";"18";"04";"2021";"17:05";"1";"06";"06027";"2";"2";"8";"1";"CHENES AVENUE DES";"43,6620700000";"7,1684100000"
"202100043554";"17";"04";"2021";"16:35";"1";"03";"03262";"2";"9";"1";"6";"RD 2144";"46,3833047150";"2,6188730552"
"202100043555";"17";"04";"2021";"18:40";"1";"02";"02738";"2";"6";"1";"7";"ROOSEVELT (BOULEVARD)";"49,6576600000";"3,2996200000"
"202100043556";"18";"04";"2021";"14:30";"1";"75";"75119";"2";"3";"1";"3";"RUE BOTZARIS";"48,8776990000";"2,3812870000"
"202100043557";"17";"04";"2021";"20:00";"1";"75";"75117";"2";"4";"1";"3";"RUE DE LA JONQUIERE";"48,8949980000";"2,3176610000"
"202100043558";"18";"04";"2021";"01:20";"5";"75";"75114";"2";"2";"1";"7";"RUE DE LA LEGION ETRANGERE";"48,8201890000";"2,3240310000"
"202100043559";"18";"04";"2021";"16:40";"1";"75";"75110";"2";"1";"1";"6";"RUE DE COMPIEGNE";"48,8796930000";"2,3534180000"
"202100043560";"18";"04";"2021";"20:20";"2";"94";"94078";"2";"1";"1";"3";"Place Pierre Semard";"48,7303880000";"2,4469150000"
"202100043561";"18";"04";"2021";"16:05";"1";"94";"94046";"2";"2";"1";"3";"GEORGES CLEMENCEAU (AV)";"48,8082392173";"2,4434407055"
"202100043562";"17";"04";"2021";"12:50";"1";"94";"94028";"2";"2";"1";"3";"Rue RenÃ© Arcos";"48,7777700000";"2,4617900000"
"202100043563";"18";"04";"2021";"21:00";"5";"93";"93077";"2";"9";"1";"3";"RAINCY (AVENUE DU)";"48,8859300000";"2,5083600000"
"202100043564";"14";"04";"2021";"18:00";"1";"93";"93053";"2";"9";"1";"6";"GALLIENI (AVENUE)";"48,9002000000";"2,4652000000"
"202100043565";"18";"04";"2021";"19:30";"1";"93";"93027";"2";"2";"1";"3";"JAURES (AVENUE JEAN)";"48,9242300000";"2,4022400000"
"202100043566";"18";"04";"2021";"20:20";"1";"93";"93014";"2";"1";"1";"7";"JULES VALLES (ALLEE)";"48,9143370318";"2,5533556974"
"202100043567";"7";"04";"2021";"20:00";"1";"93";"93008";"2";"1";"1";"3";"ARAGON (AVENUE LOUIS)";"48,9139200000";"2,4389090000"
"202100043568";"18";"04";"2021";"18:05";"1";"92";"92025";"2";"2";"1";"3";"HENRI BARBUSSE (AV)";"48,9231478316";"2,2524654865"
"202100043569";"18";"04";"2021";"07:10";"1";"92";"92024";"2";"1";"1";"6";"GENERAL ROGUET (RUE DU) DE (1 A 57)   (2";"48,9040326944";"2,3129347356"
"202100043570";"18";"04";"2021";"11:15";"1";"92";"92060";"2";"1";"1";"6";"LOUP PENDU (RUE DU)";"48,7770500000";"2,2532300000"
"202100043571";"18";"04";"2021";"20:15";"1";"09";"09038";"1";"1";"1";"7";"Chemin de la bastide de besplas Ã  fornex";"43,1674040000";"1,2634650000"
"202100043572";"18";"04";"2021";"15:55";"1";"88";"88115";"2";"1";"1";"3";"Rue James Wiese";"48,1687400000";"6,8800590000"
"202100043573";"19";"04";"2021";"17:20";"1";"91";"91363";"1";"1";"1";"6";"Route de Beauvert";"48,6456560000";"2,2107570000"
"202100043574";"15";"04";"2021";"13:00";"1";"69";"69283";"1";"1";"1";"4";"HEYRIEUX (D') (RTE)";"45,6797400000";"4,9603590000"
"202100043575";"18";"04";"2021";"18:30";"1";"84";"84056";"2";"1";"1";"1";"Chemin des ChÃ¨vres";"44,1395030000";"4,9039520000"
"202100043576";"19";"04";"2021";"16:25";"1";"95";"95026";"1";"1";"1";"2";"D909";"49,1495427886";"2,3796163584"
"202100043577";"18";"04";"2021";"15:00";"1";"56";"56041";"1";"1";"1";"7";"Lieu-dit KERROPERT";"48,1169870000";" -3,0361000000"
"202100043578";"19";"04";"2021";"11:20";"1";"56";"56004";"2";"1";"1";"6";"Rue des Palis";"47,5157880000";" -2,3771670000"
"202100043579";"18";"04";"2021";"20:10";"2";"71";"71014";"2";"1";"1";"7";"Rue Antoine Clement";"46,9651860000";"4,3133680000"
"202100043580";"17";"04";"2021";"08:41";"1";"49";"49050";"1";"4";"1";"2";"L'Aunee Saulge";"47,3294390000";" -0,3823810000"
"202100043581";"18";"04";"2021";"17:55";"1";"22";"22204";"1";"1";"1";"1";"5 Kergorlay";"48,7269190000";" -3,1593900000"
"202100043582";"18";"04";"2021";"19:00";"1";"44";"44127";"1";"1";"1";"1";"La Trilatiere";"47,0032908931";" -1,4056310620"
"202100043583";"18";"04";"2021";"14:20";"1";"38";"38358";"2";"1";"1";"1";"564 Route de ChÃ¢tonnay";"45,4906100000";"5,2342100000"
"202100043584";"19";"04";"2021";"14:55";"1";"38";"38082";"2";"1";"1";"3";"960 Rue Principale";"45,4277130000";"5,5152240000"
"202100043585";"15";"04";"2021";"10:25";"1";"01";"01272";"1";"1";"1";"2";"N/A";"46,1673340000";"5,0254510000"
"202100043586";"18";"04";"2021";"18:50";"1";"72";"72011";"2";"9";"1";"7";"4 rue du bourgneuf";"48,3203690000";" -0,0095700000"
"202100043587";"19";"04";"2021";"14:45";"1";"72";"72189";"2";"1";"1";"6";"Rue de Mamers";"48,2562760000";"0,3189440000"
"202100043588";"18";"04";"2021";"11:15";"1";"60";"60322";"1";"2";"1";"3";"Route dÃ©partementale 153";"49,3033170000";"1,8840530000"
"202100043589";"18";"04";"2021";"01:55";"3";"53";"53045";"1";"1";"1";"7";"D137";"48,0839990000";" -0,9510250000"
"202100043590";"19";"04";"2021";"08:00";"1";"21";"21342";"1";"1";"1";"6";"D24";"47,1022360000";"5,3192870000"
"202100043591";"18";"04";"2021";"16:00";"1";"85";"85084";"1";"1";"1";"7";"D11";"46,7916420000";" -1,2155660000"
"202100043592";"14";"04";"2021";"15:00";"1";"27";"27074";"2";"1";"1";"1";"Rue du PresbytÃ¨re";"49,1535770000";"0,6523130000"
"202100043593";"18";"04";"2021";"19:10";"1";"24";"24340";"1";"1";"1";"6";"rue de la rÃ©sistance";"44,8518870000";"0,4072910000"
"202100043594";"16";"04";"2021";"00:10";"4";"988";"98805";"1";"1";"2";"6";"Save express - sens PAITA/NOUMEA - A hauteur de la piscine de Koutio";" -22,2171260000";"166,4682290000"
"202100043595";"13";"01";"2021";"07:25";"4";"77";"77211";"1";"4";"2";"7";"RD67";"48,5636370000";"2,9567870000"
"202100043596";"14";"03";"2021";"10:50";"1";"84";"84122";"1";"1";"6";"1";"Route de Peycard";"44,0970480000";"4,9453820000"
"202100043597";"16";"04";"2021";"12:15";"1";"67";"67397";"2";"1";"1";"6";"rue du 34eme rif";"48,3206011600";"7,7072885353"
"202100043598";"18";"04";"2021";"19:00";"1";"38";"38344";"2";"6";"1";"6";"Avenue Jean JaurÃ¨s";"45,3688280000";"4,8092220000"
"202100043599";"16";"04";"2021";"15:45";"1";"33";"33474";"1";"1";"1";"2";"D219";"44,6650850000";" -0,4858260000"
"202100043600";"17";"04";"2021";"11:50";"1";"14";"14106";"2";"1";"1";"2";"Route de l'Arbre Martin";"49,2400240000";" -0,2259170000"
"202100043601";"19";"04";"2021";"16:30";"1";"76";"76533";"1";"1";"1";"3";"D982";"49,4957662453";"0,2580553293"
"202100043602";"19";"04";"2021";"04:35";"3";"60";"60446";"1";"1";"1";"7";"Nanteuil-le-Haudouin";"49,1320125434";"2,7964181572"
"202100043603";"17";"04";"2021";"11:30";"1";"13";"13081";"1";"1";"2";"7";"A7-Sens Lyon vers Marseille";"43,4956300000";"5,2409300000"
"202100043604";"17";"04";"2021";"15:00";"1";"13";"13005";"1";"1";"2";"3";"A50-Sens Marseille vers Aubagne";"43,2864000000";"5,5351200000"
"202100043605";"18";"04";"2021";"19:05";"1";"94";"94003";"1";"1";"1";"6";"AUTOROUTE A6A";"48,8006600000";"2,3420600000"
"202100043606";"18";"04";"2021";"07:50";"1";"91";"91086";"1";"1";"1";"6";"RN 104";"48,6236300000";"2,3820900000"
"202100043607";"18";"04";"2021";"16:45";"1";"95";"95607";"1";"1";"1";"6";" A115";"49,0122110152";"2,2222935741"
"202100043608";"18";"04";"2021";"11:30";"1";"95";"95424";"1";"1";"1";"6";"A15";"48,9889000000";"2,1982400000"
"202100043609";"18";"04";"2021";"03:45";"5";"974";"97407";"2";"1";"1";"1";"ROND POINT DES DANSEUSES";" -20,9502000000";"55,3011700000"
"202100043610";"17";"04";"2021";"12:18";"1";"973";"97302";"2";"3";"1";"3";"CABASSOU (ROUTE DE)";"4,9192600000";" -52,3176300000"
"202100043611";"17";"04";"2021";"05:55";"2";"973";"97302";"1";"7";"2";"3";"MARINGOUINS (ROND-POINT)";"4,9073439607";" -52,3219270708"
"202100043612";"16";"04";"2021";"12:15";"1";"972";"97213";"1";"1";"1";"3";"Z I LA JAMBETTE";"14,6168624531";" -61,0345888138"
"202100043613";"17";"04";"2021";"16:15";"1";"91";"91103";"2";"1";"1";"3";"RUE EDOUARD BRANLY";"48,6031000000";"2,3058700000"
"202100043614";"16";"04";"2021";"18:35";"1";"91";"91347";"2";"1";"1";"1";"RUE DE LORMOY";"48,6385020000";"2,2900320000"
"202100043615";"17";"04";"2021";"13:10";"1";"91";"91687";"2";"1";"1";"6";"VICTOR SCHOELCHER (AVENUE)";"48,6484700000";"2,3675100000"
"202100043616";"16";"04";"2021";"21:17";"5";"91";"91589";"2";"9";"1";"3";"CD 257";"48,6707600000";"2,3374300000"
"202100043617";"17";"04";"2021";"15:10";"1";"77";"77495";"1";"1";"1";"3";"R.N 105";"48,5622600000";"2,6450400000"
"202100043618";"17";"04";"2021";"13:14";"1";"74";"74093";"2";"1";"1";"6";"ALERY (GRANDE RUE D')";"45,8982900000";"6,1117600000"
"202100043619";"17";"04";"2021";"16:50";"1";"72";"72181";"2";"2";"9";"1";"ESTIENNE D'ORVES (BD D')";"47,9842700000";"0,1853800000"
"202100043620";"17";"04";"2021";"20:10";"2";"69";"69256";"2";"1";"1";"7";"PABLO PICASSO                       (AV)";"45,7742200000";"4,9199400000"
"202100043621";"16";"04";"2021";"16:25";"1";"65";"65440";"2";"2";"1";"3";"CLEMENCEAU (RUE GEORGES)";"43,2332990000";"0,0798440000"
"202100043622";"16";"04";"2021";"14:05";"1";"65";"65440";"2";"2";"1";"3";"VOSGES (AVENUE DES)";"43,2488940000";"0,0638930000"
"202100043623";"16";"04";"2021";"14:44";"1";"65";"65440";"2";"1";"1";"6";"FOULON (RUE DU)";"43,2296420000";"0,0826470000"
"202100043624";"16";"04";"2021";"18:30";"1";"64";"64024";"2";"3";"1";"5";"HARDOY (RUE DE)";"43,4934200000";" -1,5088500000"
"202100043625";"16";"04";"2021";"15:10";"1";"64";"64102";"2";"1";"1";"2";"ALLEES MARINES (AVENUE DES)";"43,4998782148";" -1,4902943373"
"202100043626";"17";"04";"2021";"13:45";"1";"61";"61006";"2";"2";"1";"3";"GAULLE (RUE DU GENERAL DE)";"48,7431520000";" -0,0191340000"
"202100043627";"16";"04";"2021";"18:35";"1";"56";"56121";"2";"6";"1";"3";"FRANCE ( AVE ANATOLE )";"47,7468900000";" -3,3660900000"
"202100043628";"16";"04";"2021";"17:45";"1";"56";"56083";"2";"6";"1";"2";"Avenue du PrÃ©sident FranÃ§ois Mitterrand";"47,8062000000";" -3,2596400000"
"202100043629";"17";"04";"2021";"14:00";"1";"45";"45234";"2";"3";"1";"3";"Rue de Joie";"47,9211900000";"1,9055600000"
"202100043630";"16";"04";"2021";"17:05";"1";"45";"45234";"2";"9";"1";"2";"Rue du Cheval Rouge";"47,8993702902";"1,9028655395"
"202100043631";"16";"04";"2021";"11:30";"1";"37";"37208";"2";"1";"1";"2";"DOUMER (BOULEVARD PAUL)";"47,3687571128";"0,7291746145"
"202100043632";"17";"04";"2021";"19:45";"1";"34";"34172";"2";"1";"1";"1";"FABRE DE MORLHON (BOULEVARD JACQUES)";"43,5888400000";"3,8891400000"
"202100043633";"17";"04";"2021";"16:00";"1";"34";"34172";"2";"6";"1";"3";"FLANDRES-DUNKERQUE (PLACE)";"43,5896100000";"3,8566100000"
"202100043634";"17";"04";"2021";"14:30";"1";"33";"33200";"2";"4";"1";"3";"Avenue Pasteur";"44,8809700000";" -0,6859300000"
"202100043635";"17";"04";"2021";"18:45";"1";"33";"33529";"2";"1";"1";"6";"N/A";"44,6386500000";" -1,1454500000"
"202100043636";"16";"04";"2021";"20:07";"2";"29";"29019";"2";"2";"1";"3";"Rue de lâYser";"48,3805200000";" -4,5174000000"
"202100043637";"16";"04";"2021";"16:40";"1";"28";"28218";"2";"9";"1";"3";"TOURAINE";"48,4353037000";"1,4433604170"
"202100043638";"17";"04";"2021";"14:25";"1";"27";"27681";"2";"1";"1";"1";"CIRCULAIRE (ALLEE)";"49,1042142183";"1,5003338456"
"202100043639";"17";"04";"2021";"15:00";"1";"14";"14699";"2";"1";"1";"7";"Rue des Eglantiers";"49,3553400000";"0,0945200000"
"202100043640";"17";"04";"2021";"23:30";"5";"13";"13208";"2";"6";"1";"3";"N/A";"43,2720732253";"5,3909343481"
"202100043641";"17";"04";"2021";"12:32";"1";"13";"13213";"2";"1";"2";"2";"OLIVES (AVENUE DES)";"43,3233230000";"5,4486150000"
"202100043642";"17";"04";"2021";"10:30";"1";"13";"13206";"2";"1";"2";"2";"PRADO (AVENUE DU)";"43,2828200000";"5,3853900000"
"202100043643";"17";"04";"2021";"14:00";"1";"06";"06027";"2";"3";"1";"2";"NICE AVENUE DE (RN7)";"43,6592650000";"7,1665630000"
"202100043644";"16";"04";"2021";"19:00";"1";"04";"04112";"2";"3";"8";"3";"RD 5 / av de l'argile";"43,8397118495";"5,7791734498"
"202100043645";"16";"04";"2021";"22:54";"5";"75";"75117";"2";"5";"1";"3";"BOULEVARD BESSIERES";"48,8974372983";"2,3242573253"
"202100043646";"15";"04";"2021";"10:00";"1";"75";"75105";"2";"7";"1";"3";"PLACE VALHUBERT";"48,8445754175";"2,3642498445"
"202100043647";"17";"04";"2021";"16:00";"1";"75";"75120";"2";"2";"1";"3";"AVENUE GAMBETTA";"48,8749500000";"2,4057000000"
"202100043648";"17";"04";"2021";"08:35";"1";"75";"75119";"2";"5";"1";"6";"RUE RIQUET";"48,8892450000";"2,3712790000"
"202100043649";"17";"04";"2021";"18:40";"1";"75";"75118";"2";"1";"1";"3";"BOULEVARD NEY";"48,8985358342";"2,3557359177"
"202100043650";"17";"04";"2021";"19:20";"1";"75";"75115";"2";"2";"1";"3";"QUAI DE GRENELLE";"48,8544189859";"2,2886507939"
"202100043651";"17";"04";"2021";"16:40";"1";"75";"75113";"2";"4";"1";"2";"RUE DE LA GLACIERE";"48,8316990236";"2,3443740606"
"202100043652";"17";"04";"2021";"16:20";"1";"75";"75110";"2";"3";"1";"2";"RUE DU FAUBOURG SAINT MARTIN";"48,8706920000";"2,3565400000"
"202100043653";"17";"04";"2021";"19:05";"1";"75";"75103";"2";"2";"1";"2";"RUE DE TURBIGO";"48,8659210000";"2,3580990000"
"202100043654";"17";"04";"2021";"20:35";"2";"94";"94068";"2";"1";"1";"1";"MARNE (BD DE LA)";"48,7910007683";"2,5069173695"
"202100043655";"17";"04";"2021";"04:55";"5";"94";"94068";"2";"2";"1";"3";"CENTENAIRE (AV DU)";"48,8029298981";"2,5102794170"
"202100043656";"17";"04";"2021";"18:30";"1";"94";"94076";"2";"1";"1";"3";"Avenue de la Division Leclerc";"48,7852500000";"2,3699300000"
"202100043657";"17";"04";"2021";"13:00";"1";"94";"94076";"2";"1";"1";"6";"Rue Marcel GrosmÃ©nil";"48,7992860000";"2,3551530000"
"202100043658";"17";"04";"2021";"19:30";"1";"94";"94041";"2";"9";"1";"3";"Rue BarbÃ¨s";"48,8165460000";"2,3701320000"
"202100043659";"17";"04";"2021";"10:15";"1";"94";"94028";"2";"3";"1";"3";"FOCH(AVENUE DU MARECHAL)";"48,7876100000";"2,4358900000"
"202100043660";"17";"04";"2021";"19:30";"1";"94";"94055";"2";"1";"1";"2";"PROVINS (RTE DE)";"48,7957000000";"2,5499700000"
"202100043661";"17";"04";"2021";"15:00";"1";"93";"93048";"2";"1";"1";"3";"RESISTANCE (AVENUE DE LA)";"48,8661000000";"2,4349000000"
"202100043662";"16";"04";"2021";"21:15";"5";"93";"93008";"2";"2";"1";"3";"REPUBLIQUE (ALLEE DE LA)";"48,9076069116";"2,4257361889"
"202100043663";"17";"04";"2021";"15:30";"1";"93";"93005";"2";"2";"7";"3";"EDGAR DEGAS (RUE)";"48,9562267692";"2,4959796983"
"202100043664";"17";"04";"2021";"21:15";"5";"92";"92040";"2";"9";"1";"6";"JACQUES H.LARTIGUE";"48,8243800000";"2,2601700000"
"202100043665";"17";"04";"2021";"12:17";"1";"92";"92026";"2";"1";"1";"6";"SAINT-DENIS BD DE (01 A 197 / 02 A 118)";"48,8980437439";"2,2638380527"
"202100043666";"16";"04";"2021";"23:05";"5";"92";"92024";"2";"4";"1";"3";"MARTRE (RUE) DE (111 A 119)   (122 A 144";"48,9076100000";"2,3014300000"
"202100043667";"17";"04";"2021";"11:30";"1";"92";"92007";"2";"6";"1";"6";"VERDUN (RUE DE) NÂ° PAIRS";"48,8019870628";"2,3167875409"
"202100043668";"17";"04";"2021";"21:22";"3";"44";"44077";"1";"1";"1";"6";"Le Marais";"47,5334070000";" -1,3984450000"
"202100043669";"18";"04";"2021";"07:15";"1";"60";"60310";"2";"1";"1";"6";"Herchies";"49,4841980000";"2,0116750000"
"202100043670";"18";"04";"2021";"12:00";"1";"49";"49069";"1";"1";"1";"1";"Le Moulin des Barilleries (st Laurent-des-autels)";"47,2851830000";" -1,2183130000"
"202100043671";"18";"04";"2021";"08:10";"1";"47";"47069";"1";"1";"1";"1";"Route de Prayssas";"44,2286260000";"0,5551310000"
"202100043672";"17";"04";"2021";"17:55";"1";"01";"01244";"2";"1";"7";"6";"23 Rue des Maisons Neuves";"45,9050070000";"5,2009730000"
"202100043673";"17";"04";"2021";"16:40";"1";"60";"60568";"1";"1";"1";"7";"D37";"49,4175070000";"2,4927380000"
"202100043674";"24";"03";"2021";"15:50";"1";"83";"83031";"2";"6";"1";"2";"rond point du vieux cannet";"43,3944170000";"6,3314670000"
"202100043675";"18";"04";"2021";"00:00";"3";"79";"79261";"1";"1";"1";"7";"N/A";"46,7649420000";" -0,6261560000"
"202100043676";"17";"04";"2021";"20:00";"1";"60";"60539";"2";"1";"1";"1";"Rue Frederic Kuhlmann";"49,2915470000";"2,5077690000"
"202100043677";"17";"04";"2021";"13:30";"1";"80";"80647";"1";"2";"1";"3";"D337";"49,7883020000";"2,8317050000"
"202100043678";"18";"04";"2021";"14:53";"1";"32";"32458";"1";"2";"1";"3";"RD 231";"43,7350080000";" -0,0135920000"
"202100043679";"18";"04";"2021";"07:15";"1";"63";"63192";"1";"1";"1";"6";"D 203 La Chauderie-Basse - PK 019.000";"45,5284370000";"2,6997130000"
"202100043680";"18";"04";"2021";"19:30";"1";"61";"61405";"1";"1";"1";"7";"D286";"48,2881720000";"0,7370010000"
"202100043681";"18";"04";"2021";"17:30";"1";"55";"55010";"2";"1";"1";"6";"7 Rue de Ligny";"48,6387240000";"5,0287620000"
"202100043682";"16";"04";"2021";"20:00";"3";"25";"25296";"1";"1";"1";"3";"D47";"47,0000650000";"6,5508200000"
"202100043683";"17";"04";"2021";"10:45";"1";"31";"31451";"2";"9";"1";"6";"23 Impasse de la Pomme";"43,4529570000";"1,9967580000"
"202100043684";"17";"04";"2021";"16:00";"1";"38";"38324";"1";"1";"1";"7";"715 Route de Vienne";"45,3897170000";"5,0230680000"
"202100043685";"18";"04";"2021";"17:15";"1";"58";"58264";"2";"1";"1";"3";"D2076";"46,7834550000";"3,1182720000"
"202100043686";"17";"04";"2021";"16:50";"1";"06";"06136";"1";"1";"1";"7";"Route Departemental 2566A";"43,8576630000";"7,4481210000"
"202100043687";"18";"04";"2021";"05:30";"3";"14";"14345";"1";"1";"1";"6";"D511";"48,9688080000";" -0,0999930000"
"202100043688";"17";"04";"2021";"15:20";"1";"50";"50272";"1";"2";"1";"3";"Rue Jouvin";"48,9414170000";" -1,5375070000"
"202100043689";"18";"04";"2021";"17:45";"1";"60";"60456";"1";"1";"1";"7";"Rue de Wacquemoulin";"49,4857640000";"2,5796740000"
"202100043690";"17";"04";"2021";"23:45";"5";"60";"60701";"2";"1";"1";"6";"390 Rue BrÃ»lÃ©e";"49,5431680446";"2,3591024982"
"202100043691";"17";"04";"2021";"17:30";"1";"10";"10209";"1";"1";"1";"7";"route dÃ©partementale 57";"48,2504260000";"4,2731240000"
"202100043692";"17";"04";"2021";"16:15";"1";"07";"07062";"1";"1";"1";"1";"Route de Lentilleres";"44,5978630000";"4,3072840000"
"202100043693";"17";"04";"2021";"16:05";"1";"07";"07066";"2";"3";"1";"1";"Rue du Parisien";"44,7056740000";"4,6579830000"
"202100043694";"17";"04";"2021";"16:50";"1";"37";"37156";"2";"3";"1";"6";"AllÃ©e des RalluÃ¨res";"47,3832702616";"0,8268329088"
"202100043695";"18";"04";"2021";"10:50";"1";"30";"30341";"1";"1";"1";"7";"D104";"43,6270000000";"4,2502000000"
"202100043696";"18";"04";"2021";"03:50";"3";"48";"48064";"1";"1";"1";"6";"CD53";"44,8032760000";"3,1234650000"
"202100043697";"18";"04";"2021";"11:55";"1";"48";"48018";"1";"1";"1";"6";"D42";"44,5218690000";"3,4202780000"
"202100043698";"14";"04";"2021";"14:40";"1";"88";"88332";"1";"1";"1";"2";"D18";"48,2243690000";"5,9269310000"
"202100043699";"17";"04";"2021";"20:00";"1";"77";"77165";"1";"1";"1";"6";"A5";"48,4947680000";"2,8420260000"
"202100043700";"18";"04";"2021";"16:10";"1";"95";"95678";"1";"1";"1";"6";"Chemin de Beaumont";"49,0745900000";"2,2443650000"
"202100043701";"18";"04";"2021";"04:20";"3";"988";"98804";"1";"1";"1";"6";"Route de NonhouÃ©";" -21,5290220000";"165,9565850000"
"202100043702";"17";"04";"2021";"20:15";"1";"95";"95351";"2";"1";"1";"6";"Rue Jean Monnet";"49,0498895326";"2,4917490141"
"202100043703";"18";"04";"2021";"18:10";"1";"78";"78601";"1";"1";"1";"7";"nationale 10";"48,5856390000";"1,8322120000"
"202100043704";"18";"04";"2021";"06:50";"2";"2A";"2A247";"1";"1";"1";"2";"RT10";"41,6214660000";"9,2840590000"
"202100043705";"17";"04";"2021";"18:15";"1";"83";"83099";"2";"1";"1";"3";"Rue du General Charles de Gaulle";"43,4545910000";"6,6872750000"
"202100043706";"17";"04";"2021";"12:10";"1";"13";"13097";"1";"1";"1";"2";"D113";"43,6386220000";"4,8440270000"
"202100043707";"17";"04";"2021";"22:50";"3";"89";"89037";"1";"1";"1";"6";"N/A";"47,9723027587";"3,3523106575"
"202100043708";"17";"04";"2021";"14:50";"1";"21";"21565";"2";"4";"1";"3";"Rue de Gilly";"47,2061040000";"5,0116490000"
"202100043709";"18";"04";"2021";"06:15";"2";"67";"67160";"2";"1";"1";"6";"103 Route de Woerth";"48,9491417607";"7,7644872279"
"202100043710";"18";"04";"2021";"11:45";"1";"38";"38442";"1";"1";"1";"6";"Route de Cherlieu";"45,3173800000";"5,7991900000"
"202100043711";"17";"04";"2021";"14:11";"1";"07";"07042";"1";"1";"1";"6";"N/A";"44,3865070000";"4,6209850000"
"202100043712";"16";"04";"2021";"13:45";"1";"69";"69107";"1";"3";"1";"6";"SAINT-CYR (DE) (RTE)";"46,0483670000";"4,5055610000"
"202100043713";"15";"04";"2021";"15:50";"1";"40";"40184";"2";"2";"1";"3";"Route Noire";"44,2080000000";" -1,2346370000"
"202100043714";"17";"04";"2021";"17:30";"1";"53";"53094";"2";"1";"1";"3";"RD 565";"48,0019330000";" -0,7122870000"
"202100043715";"18";"04";"2021";"05:45";"3";"50";"50535";"1";"1";"1";"6";"D39";"48,7577170000";" -1,3035110000"
"202100043716";"18";"04";"2021";"17:30";"1";"76";"76522";"1";"1";"1";"1";"54 Rue des ChataÃ®gniers";"49,5279500000";"0,4085900000"
"202100043717";"18";"04";"2021";"09:45";"1";"60";"60089";"2";"1";"1";"1";"D915";"49,2062220000";"1,8625800000"
"202100043718";"16";"04";"2021";"13:40";"1";"13";"13055";"1";"1";"1";"3";"A507 sens Aubagne- Marseille";"43,2923230000";"5,4245040000"
"202100043719";"17";"04";"2021";"09:58";"1";"13";"13019";"1";"1";"2";"7";"A51-Sens Aix en Provence vers Marseille";"43,4260640000";"5,3789350000"
"202100043720";"17";"04";"2021";"07:10";"2";"13";"13106";"1";"1";"3";"3";"A7-Sens Lyon vers Marseille";"43,3918900000";"5,3509300000"
"202100043721";"16";"04";"2021";"14:20";"1";"13";"13215";"1";"1";"1";"2";"A7-Sens Lyon vers Marseille";"43,3441000000";"5,3751000000"
"202100043722";"17";"04";"2021";"19:00";"1";"91";"91689";"1";"1";"1";"3";"AUTOROUTE A6";"48,7360000000";"2,3160000000"
"202100043723";"17";"04";"2021";"19:00";"1";"94";"94034";"1";"1";"1";"3";"AUTOROUTE A86";"48,7617000000";"2,3154900000"
"202100043724";"17";"04";"2021";"13:15";"1";"94";"94034";"1";"1";"1";"4";"AUTOROUTE A86";"48,7562900000";"2,3416000000"
"202100043725";"17";"04";"2021";"06:20";"2";"92";"92002";"1";"1";"1";"4";"AUTOROUTE A10";"48,7325683326";"2,3112541746"
"202100043726";"17";"04";"2021";"14:04";"1";"93";"93027";"1";"1";"1";"2";"AUTOROUTE A86";"48,9271700000";"2,4194000000"
"202100043727";"17";"04";"2021";"15:10";"1";"95";"95277";"1";"1";"1";"2";"A104";"48,9727720852";"2,4870391365"
"202100043728";"17";"04";"2021";"00:20";"4";"93";"93048";"1";"1";"1";"2";"AUTOROUTE A3";"48,8729300000";"2,4356200000"
"202100043729";"16";"04";"2021";"09:00";"1";"95";"95582";"1";"1";"1";"3";" A115";"48,9725650218";"2,2472267236"
"202100043730";"17";"04";"2021";"02:50";"5";"988";"98818";"2";"3";"2";"2";"AVENUE BONAPARTE/AVENUE KOENIG";" -22,2331700000";"166,4675100000"
"202100043731";"16";"04";"2021";"16:30";"1";"988";"98818";"2";"1";"2";"2";"RUE JULES FERRY";" -22,2680900000";"166,4375100000"
"202100043732";"16";"04";"2021";"09:00";"1";"974";"97416";"1";"6";"1";"6";"BANK (BOULEVARD)";" -21,3302880000";"55,4724610000"
"202100043733";"16";"04";"2021";"18:33";"3";"974";"97411";"2";"1";"1";"6";"JAURES (BLD 1 JEAN)";" -20,8908200000";"55,4660600000"
"202100043734";"15";"04";"2021";"22:10";"5";"974";"97411";"2";"1";"1";"3";"Route de Moufia";" -20,8996300000";"55,4918900000"
"202100043735";"16";"04";"2021";"15:00";"1";"973";"97302";"2";"1";"1";"3";"RABAN (ROUTE DE)";"4,9220201372";" -52,3124946356"
"202100043736";"16";"04";"2021";"10:05";"1";"973";"97302";"2";"1";"1";"7";"BADUEL (ROUTE DE)";"4,9328900000";" -52,3091300000"
"202100043737";"16";"04";"2021";"13:45";"1";"69";"69199";"2";"3";"1";"5";"YVES FARGE (BD)";"45,6979700000";"4,8577100000"
"202100043738";"16";"04";"2021";"05:45";"5";"69";"69259";"2";"1";"1";"5";"BERLIET (PT)";"45,7027602229";"4,8939728623"
"202100043739";"14";"04";"2021";"22:05";"5";"972";"97213";"1";"1";"1";"3";"ROUTE DEPARTEMENTALE 15";"14,6270600000";" -61,0083700000"
"202100043740";"16";"04";"2021";"17:50";"1";"69";"69389";"2";"9";"1";"2";"SIDOINE APOLLINAIRE (AV)";"45,7688177014";"4,7978925705"