"Num_Acc";"jour";"mois";"an";"hrmn";"lum";"dep";"com";"agg";"int";"atm";"col";"adr";"lat";"long"
"202100043741";"9";"04";"2021";"08:18";"1";"971";"97101";"1";"3";"1";"3";"DE BONNIER (ROUTE)";"16,2606500000";" -61,4873400000"
"202100043742";"15";"04";"2021";"11:20";"1";"971";"97113";"1";"1";"1";"1";"PLAGE (RUE DE LA)";"16,2124900000";" -61,4276000000"
"202100043743";"16";"04";"2021";"19:30";"2";"95";"95585";"2";"1";"1";"1";"MALESHERBE (RESIDENCE)";"48,9851500000";"2,3806000000"
"202100043744";"16";"04";"2021";"13:30";"1";"91";"91687";"2";"1";"8";"6";"VICTOR SCHOELCHER (AVENUE)";"48,6546800000";"2,3707900000"
"202100043745";"28";"03";"2021";"07:15";"2";"91";"91174";"2";"1";"1";"1";"RUE DE PARIS";"48,6029000000";"2,4688000000"
"202100043746";"15";"04";"2021";"10:15";"1";"91";"91223";"2";"1";"1";"6";"HAUT PAVE (RUE DU)";"48,4307100000";"2,1488100000"
"202100043747";"14";"04";"2021";"17:15";"1";"86";"86194";"2";"1";"1";"3";"Rue Helene Boucher";"46,5907721000";"0,3227260000"
"202100043748";"31";"03";"2021";"18:25";"1";"84";"84031";"1";"9";"1";"3";"D942";"44,0457900000";"5,0276700000"
"202100043749";"15";"04";"2021";"11:20";"1";"80";"80021";"2";"1";"1";"2";"JEAN CATELAS (RUE)";"49,8961500000";"2,2894900000"
"202100043750";"9";"04";"2021";"21:00";"2";"80";"80021";"2";"1";"1";"6";"RAYMOND GOURDAIN (RUE)";"49,8766900000";"2,3311700000"
"202100043751";"16";"04";"2021";"23:00";"5";"76";"76540";"2";"7";"1";"7";"JOFFRE. PLACE";"49,4352300000";"1,0866000000"
"202100043752";"15";"04";"2021";"14:47";"1";"76";"76305";"1";"1";"1";"1";"RD 6382G";"49,5003900000";"0,1955800000"
"202100043753";"16";"04";"2021";"15:30";"1";"71";"71040";"1";"9";"1";"3";"LE BRULARD (LIEU DIT)";"46,7096300000";"4,4181100000"
"202100043754";"16";"04";"2021";"22:10";"5";"69";"69266";"2";"1";"1";"2";"BATAILLE DE STALINGRAD (DE LA) (BD)";"45,7845600000";"4,8600600000"
"202100043755";"11";"01";"2021";"08:50";"1";"68";"68224";"2";"9";"9";"6";"BALE (RUE DE)";"47,7485363475";"7,3504704237"
"202100043756";"15";"04";"2021";"16:11";"1";"66";"66136";"2";"3";"1";"3";"CERBERE (DE)";"42,6836644451";"2,9083916545"
"202100043757";"14";"04";"2021";"08:05";"1";"66";"66136";"1";"1";"1";"6";"SALANQUE (AVENUE DE)";"42,7274100000";"2,9032900000"
"202100043758";"15";"04";"2021";"19:29";"1";"65";"65440";"2";"2";"1";"3";"SAINT-EXUPERY (AVENUE ANTOINE DE)";"43,2440400000";"0,0663870000"
"202100043759";"16";"04";"2021";"17:10";"1";"64";"64445";"2";"5";"1";"3";"MARECHAL LECLERC DU";"43,3026500000";" -0,3520900000"
"202100043760";"14";"04";"2021";"12:15";"1";"64";"64122";"2";"2";"1";"3";"FRANCIS JAMMES (RUE)";"43,4620000000";" -1,5543000000"
"202100043761";"16";"04";"2021";"12:40";"1";"64";"64024";"2";"1";"1";"7";"ETCHECOPAR (ALLEE)";"43,4647700000";" -1,5294900000"
"202100043762";"16";"04";"2021";"09:45";"1";"64";"64102";"2";"2";"1";"6";"MARENGO (RUE)";"43,4910100000";" -1,4739500000"
"202100043763";"15";"04";"2021";"17:35";"1";"64";"64024";"2";"1";"1";"2";"ADOUR (AVENUE DE L')";"43,5161100000";" -1,5016100000"
"202100043764";"22";"02";"2021";"08:15";"1";"63";"63113";"2";"1";"1";"6";"CLOS NOTRE DAME (RUE DU)";"45,7847400000";"3,0800200000"
"202100043765";"16";"04";"2021";"12:10";"1";"61";"61001";"2";"2";"1";"3";"STRASBOURG (BOULEVARD DE)";"48,4353340000";"0,0915730000"
"202100043766";"13";"04";"2021";"15:00";"1";"59";"59178";"2";"3";"1";"6";"VALENCIENNES (RUE DE)";"50,3673100000";"3,0841400000"
"202100043767";"14";"04";"2021";"14:35";"1";"56";"56121";"2";"2";"1";"2";"LANVEUR ( ET PL. DE )";"47,7430800000";" -3,3890800000"
"202100043768";"16";"04";"2021";"16:20";"1";"51";"51454";"2";"2";"1";"3";"Boulevard Vasco de Gama";"49,2281948249";"4,0363302996"
"202100043769";"16";"04";"2021";"04:10";"5";"50";"50203";"2";"3";"1";"2";"ROUGES TERRES (LES)";"49,6142900000";" -1,6033500000"
"202100043770";"16";"04";"2021";"17:15";"1";"42";"42183";"2";"1";"1";"2";"Rue Gambetta";"45,4051600000";"4,3757900000"
"202100043771";"16";"04";"2021";"19:30";"1";"35";"35238";"2";"2";"1";"3";"ARMORIQUE (BD D')";"48,1285000000";" -1,6641000000"
"202100043772";"16";"04";"2021";"22:30";"5";"33";"33039";"2";"1";"1";"2";"Rue Albert Thomas";"44,7967800000";" -0,5656930000"
"202100043773";"16";"04";"2021";"07:50";"1";"33";"33318";"2";"1";"1";"3";"Avenue Gustave Eiffel";"44,7861900000";" -0,6392500000"
"202100043774";"16";"04";"2021";"16:19";"1";"31";"31069";"2";"1";"1";"3";"SAND (RUE GEORGES)";"43,6510900000";"1,3743500000"
"202100043775";"15";"04";"2021";"15:47";"1";"29";"29039";"1";"3";"1";"4";"D783 - Pont du Moros";"47,8783367695";" -3,9021128915"
"202100043776";"16";"04";"2021";"18:15";"1";"29";"29019";"2";"1";"1";"2";"Avenue de Tallinn";"48,3889000000";" -4,5230900000"
"202100043777";"15";"04";"2021";"13:22";"1";"29";"29019";"2";"1";"1";"3";"Rue Michel Colucci Dit Coluche";"48,4260320110";" -4,4909631052"
"202100043778";"13";"04";"2021";"17:05";"1";"22";"22360";"1";"6";"1";"3";"RP du GUERNEAU";"48,4779532789";" -2,7683917433"
"202100043779";"15";"04";"2021";"05:15";"3";"18";"18279";"1";"1";"1";"3";"RN 76 (ROUTE DE BOURGES)";"47,2128800000";"2,1300100000"
"202100043780";"16";"04";"2021";"12:10";"1";"16";"16102";"2";"1";"1";"7";"N/A";"45,6949600000";" -0,3483500000"
"202100043781";"16";"04";"2021";"20:40";"3";"13";"13117";"2";"1";"2";"7";"ROUTE NATIONALE 113 - LA GARE";"43,4451300000";"5,2393100000"
"202100043782";"16";"04";"2021";"23:00";"5";"13";"13211";"2";"1";"1";"2";"SAINT MARCEL (BOULEVARD DE )";"43,2877050000";"5,4647380000"
"202100043783";"15";"04";"2021";"17:50";"1";"13";"13208";"2";"9";"2";"3";"LANCIER (CHEMIN DU)";"43,2469130000";"5,3960640000"
"202100043784";"15";"04";"2021";"14:26";"1";"10";"10333";"2";"1";"1";"3";"CHAPELLE AU BE (RUE)";"48,2864410000";"4,0678770000"
"202100043785";"15";"04";"2021";"15:42";"1";"10";"10387";"2";"1";"1";"3";"GEORGES CLEMENCEAU (RUE)";"48,2975100000";"4,0748500000"
"202100043786";"16";"04";"2021";"00:50";"5";"75";"75112";"2";"1";"1";"4";"PORTE DE VINCENNES";"48,8422500000";"2,4138630000"
"202100043787";"15";"04";"2021";"18:30";"2";"75";"75119";"2";"1";"1";"2";"BOULEVARD PERIPHERIQUE";"48,8963280000";"2,3945690000"
"202100043788";"15";"04";"2021";"18:40";"1";"75";"75119";"2";"1";"1";"2";"BOULEVARD PERIPHERIQUE";"48,9003590000";"2,3766420000"
"202100043789";"14";"04";"2021";"17:45";"1";"75";"75120";"2";"1";"1";"3";"PORTE DE MONTREUIL";"48,8590330000";"2,4141100000"
"202100043790";"16";"04";"2021";"13:15";"1";"75";"75120";"2";"1";"8";"6";"AVENUE DU PROFESSEUR ANDRE LEMIERE";"48,8552150000";"2,4151760000"
"202100043791";"16";"04";"2021";"09:40";"1";"75";"75120";"2";"5";"1";"3";"AVENUE GAMBETTA";"48,8683160000";"2,4014280000"
"202100043792";"15";"04";"2021";"08:40";"1";"75";"75120";"2";"4";"1";"3";"AVENUE GAMBETTA";"48,8658720000";"2,3993340000"
"202100043793";"16";"04";"2021";"07:35";"1";"75";"75118";"2";"2";"1";"3";"RUE D AUBERVILLIERS";"48,8987080000";"2,3703730000"
"202100043794";"16";"04";"2021";"12:40";"1";"75";"75117";"2";"2";"1";"6";"RUE JACQUES KELLNER";"48,8964650000";"2,3251140000"
"202100043795";"15";"04";"2021";"17:00";"1";"75";"75116";"2";"1";"1";"3";"ALLEE DU BORD DE L EAU";"48,8590550000";"2,2275680000"
"202100043796";"16";"04";"2021";"12:05";"1";"75";"75114";"2";"7";"1";"3";"BOULEVARD ARAGO";"48,8344390000";"2,3326860000"
"202100043797";"15";"04";"2021";"21:25";"5";"75";"75113";"2";"2";"1";"3";"RUE DE TOLBIAC";"48,8284790000";"2,3729690000"
"202100043798";"15";"04";"2021";"22:45";"5";"75";"75110";"2";"2";"1";"3";"RUE DU FAUBOURG SAINT DENIS";"48,8795460000";"2,3572140000"
"202100043799";"16";"04";"2021";"18:00";"1";"75";"75102";"2";"3";"1";"6";"RUE DE LA BOURSE";"48,8693560000";"2,3403290000"
"202100043800";"15";"04";"2021";"17:10";"1";"94";"94068";"2";"2";"1";"3";"Avenue des Piliers";"48,7938470000";"2,5081470000"
"202100043801";"15";"04";"2021";"10:30";"1";"94";"94016";"2";"1";"1";"6";"Av du Mal de Lattre de Tassigny";"48,7874700000";"2,3328200000"
"202100043802";"15";"04";"2021";"18:55";"1";"94";"94033";"2";"1";"1";"7";"Rue Dalayrac";"48,8489610000";"2,4632010000"
"202100043803";"16";"04";"2021";"20:00";"1";"94";"94011";"2";"1";"1";"5";"Avenue de Boissy";"48,7625050000";"2,4949760000"
"202100043804";"14";"04";"2021";"08:45";"1";"94";"94059";"2";"1";"1";"1";"GENERAL LECLERC (AV DU)";"48,8099400000";"2,5721100000"
"202100043805";"16";"04";"2021";"18:35";"1";"94";"94079";"2";"3";"1";"3";"GENERAL DE GAULLE (R DU)";"48,8274200000";"2,5456400000"
"202100043806";"16";"04";"2021";"11:15";"1";"94";"94048";"2";"1";"1";"6";"MAROLLES A GRANDE PATTE D'OIE (CHE)";"48,7492190000";"2,5570610000"
"202100043807";"16";"04";"2021";"13:20";"1";"93";"93066";"2";"3";"8";"2";"CROIZAT AMBROISE RD 29 BIS";"48,9302600000";"2,3504300000"
"202100043808";"16";"04";"2021";"16:40";"1";"93";"93077";"2";"1";"1";"1";"PAPIN (RUE DENIS)";"48,8879600000";"2,4892600000"
"202100043809";"15";"04";"2021";"16:00";"1";"93";"93006";"2";"1";"1";"3";"Rue Etienne Marcel";"48,8566030000";"2,4196080000"
"202100043810";"16";"04";"2021";"18:30";"1";"93";"93010";"2";"1";"1";"6";"MOULIN (AV. JEAN) COTE PAIRS";"48,9123420000";"2,4798780000"
"202100043811";"16";"04";"2021";"18:15";"1";"92";"92046";"2";"1";"1";"7";"HOCHE";"48,8156826706";"2,2905676067"
"202100043812";"15";"04";"2021";"18:10";"1";"92";"92036";"2";"1";"1";"2";"COUTURE D'AUXERRE (RUE DE LA) (1/25)";"48,9257205625";"2,2895349562"
"202100043813";"15";"04";"2021";"17:55";"1";"92";"92026";"2";"1";"1";"3";"REPUBLIQUE (DE 29 A FIN)";"48,9011229209";"2,2501426935"
"202100043814";"16";"04";"2021";"17:50";"1";"92";"92024";"2";"3";"1";"6";"BELFORT (RUE DE)";"48,9017688571";"2,3174500465"
"202100043815";"16";"04";"2021";"19:52";"1";"92";"92023";"2";"1";"1";"6";"PORTE DE TRIVAUX (RUE DE) NÂ°57 A 197 ET";"48,7849600000";"2,2385800000"
"202100043816";"16";"04";"2021";"18:25";"1";"92";"92004";"2";"1";"1";"3";"MOURINOUX ( RUE DES )";"48,9301465628";"2,2750382870"
"202100043817";"4";"04";"2021";"11:50";"1";"974";"97415";"1";"1";"1";"2";"tamarins";" -20,9853430000";"55,2914860000"
"202100043818";"17";"04";"2021";"13:00";"1";"62";"62256";"1";"1";"1";"3";"D343";"50,4672430000";"2,2212770000"
"202100043819";"17";"04";"2021";"15:20";"1";"36";"36034";"2";"1";"8";"6";"40 Rue de Safran";"47,2579960000";"1,6536890000"
"202100043820";"15";"04";"2021";"12:10";"1";"87";"87014";"1";"1";"1";"4";"A20  PR 146+300";"46,1290920000";"1,3819600000"
"202100043821";"16";"04";"2021";"15:30";"1";"89";"89171";"2";"1";"1";"2";"D 660";"48,2250062067";"3,5073208809"
"202100043822";"17";"04";"2021";"18:20";"1";"51";"51422";"2";"2";"1";"3";"Route de Dormans";"49,2176990000";"3,9271890000"
"202100043823";"17";"04";"2021";"00:45";"3";"60";"60036";"1";"6";"1";"7";"Route nationale 31";"49,3885190000";"2,5788260000"
"202100043824";"17";"04";"2021";"13:38";"1";"29";"29078";"1";"1";"1";"7";"Lieu-Dit Praden";"48,3162020000";" -4,1744240000"
"202100043825";"16";"04";"2021";"16:40";"1";"44";"44165";"1";"1";"1";"6";"D58";"47,0680540000";" -1,3205480000"
"202100043826";"16";"04";"2021";"20:00";"1";"35";"35023";"2";"6";"1";"3";"rue de Rennes";"48,1799560000";" -1,9401000000"
"202100043827";"16";"04";"2021";"18:45";"1";"29";"29191";"1";"4";"1";"3";"Lieu Dit la Croix de Pierre";"48,5444840000";" -3,7589980000"
"202100043828";"14";"04";"2021";"15:15";"1";"29";"29235";"2";"3";"1";"3";"Rue Victor Hugo";"48,4069340000";" -4,3936840000"
"202100043829";"16";"04";"2021";"20:33";"2";"02";"02748";"1";"1";"1";"1";"D1e7";"49,0826930000";"3,6335990000"
"202100043830";"16";"04";"2021";"19:00";"1";"18";"18180";"1";"1";"1";"7";"La Larjaisse";"47,0142860000";"2,4719990000"
"202100043831";"16";"04";"2021";"17:50";"1";"07";"07050";"1";"1";"1";"7";"D250 ";"44,4314010000";"4,1366690000"
"202100043832";"15";"04";"2021";"16:00";"1";"53";"53042";"1";"1";"1";"1";"Le Bois de Nance";"48,4137430000";" -0,7833340000"
"202100043833";"17";"04";"2021";"03:00";"3";"85";"85101";"1";"1";"1";"6";"La BouchetiÃ¨re";"46,4942230000";" -1,3968250000"
"202100043834";"17";"04";"2021";"09:30";"1";"85";"85135";"2";"1";"1";"6";"29 Rue de la Nicoliere";"46,5387410000";" -1,2099930000"
"202100043835";"16";"04";"2021";"17:30";"1";"30";"30123";"1";"1";"1";"6";"RN113";"43,6946560000";"4,1681150000"
"202100043836";"16";"04";"2021";"22:00";"3";"06";"06030";"1";"1";"1";"5";"A8";"43,5696330000";"6,9739150000"
"202100043837";"17";"04";"2021";"09:35";"1";"974";"97420";"1";"1";"8";"3";"route nationale 2002";" -20,9244050000";"55,6270410000"
"202100043838";"16";"04";"2021";"15:55";"1";"974";"97408";"2";"3";"1";"3";"Rue Leconte de Lisle";" -20,9360020000";"55,3332890000"
"202100043839";"25";"03";"2021";"10:00";"1";"971";"97117";"1";"2";"1";"3";"Chemin de bellevue";"16,3269200000";" -61,3662440000"
"202100043840";"30";"03";"2021";"12:40";"1";"29";"29234";"1";"1";"1";"1";"Lieu Dit Cortiou";"47,8617808581";" -3,5021395665"
"202100043841";"17";"04";"2021";"14:29";"1";"2B";"2B134";"2";"3";"1";"1";"Boulevard Charles-Marie Savelli";"42,6338090000";"8,9425330000"
"202100043842";"17";"04";"2021";"14:40";"1";"73";"73181";"1";"1";"1";"6";"N90";"45,4847140000";"6,5398590000"
"202100043843";"17";"04";"2021";"18:22";"1";"46";"46102";"1";"1";"1";"1";"N122";"44,6261400000";"2,0658150000"
"202100043844";"16";"04";"2021";"19:55";"1";"32";"32348";"1";"3";"1";"3";"Au Matalot";"43,7173544416";"0,6042695045"
"202100043845";"15";"04";"2021";"13:41";"1";"60";"60612";"2";"1";"1";"6";"Boulevard des Otages";"49,2044100000";"2,5799100000"
"202100043846";"16";"04";"2021";"10:25";"1";"13";"13055";"1";"1";"2";"3";"A507 sens Aubagne- Marseille";"43,2856482587";"5,4260683788"
"202100043847";"15";"04";"2021";"08:13";"1";"13";"13215";"1";"1";"1";"2";"A7-Sens Marseille vers Lyon";"43,3725045706";"5,3611818708"
"202100043848";"16";"04";"2021";"12:50";"1";"33";"33550";"1";"1";"1";"6";"AUTOROUTE A 62";"44,7755060000";" -0,5567970000"
"202100043849";"16";"04";"2021";"14:45";"1";"91";"91589";"1";"1";"1";"2";"AUTOROUTE A6";"48,6738000000";"2,3428000000"
"202100043850";"16";"04";"2021";"21:10";"2";"93";"93007";"1";"1";"1";"6";"AUTOROUTE A1";"48,9520200000";"2,4522300000"
"202100043851";"16";"04";"2021";"18:35";"1";"93";"93008";"1";"1";"1";"4";"AUTOROUTE A86";"48,9063500000";"2,4597500000"
"202100043852";"16";"04";"2021";"14:00";"1";"93";"93066";"1";"1";"1";"4";"AUTOROUTE A1";"48,9199000000";"2,3574500000"
"202100043853";"14";"04";"2021";"23:40";"5";"93";"93066";"1";"1";"1";"1";"AUTOROUTE A1";"48,9279700000";"2,3574600000"
"202100043854";"16";"04";"2021";"17:30";"1";"94";"94074";"1";"9";"1";"3";"RN406.Y";"48,7690354532";"2,4499019295"
"202100043855";"16";"04";"2021";"06:00";"5";"94";"94065";"1";"1";"1";"6";"A86 INT";"48,7538424491";"2,3542632476"
"202100043856";"15";"04";"2021";"18:10";"2";"974";"97416";"1";"1";"2";"3";"RN3 (ANCIENNE ROUTE)";" -21,3164400000";"55,4914200000"
"202100043857";"15";"04";"2021";"11:20";"1";"974";"97411";"2";"2";"1";"3";"JAURES (BOULEVARD JEAN)";" -20,8890200000";"55,4491300000"
"202100043858";"14";"04";"2021";"09:05";"1";"972";"97209";"2";"3";"1";"6";"VICTOR SCHOELCHER (RUE)";"14,6049000000";" -61,0690700000"
"202100043859";"15";"04";"2021";"08:40";"1";"69";"69034";"2";"3";"1";"3";"MARGNOLLES (DE) (R)";"45,7826700000";"4,8339700000"
"202100043860";"15";"04";"2021";"14:45";"1";"971";"97101";"1";"1";"1";"1";"DE BONNIER (ROUTE)";"16,2619700000";" -61,4869400000"
"202100043861";"14";"04";"2021";"12:33";"1";"971";"97113";"2";"1";"1";"6";"MONTAUBAN (SECTEUR)";"16,2058900000";" -61,4971500000"
"202100043862";"15";"04";"2021";"17:40";"1";"84";"84087";"2";"3";"1";"1";"CHENES VERTS (RUE DES)";"44,1201800000";"4,8270100000"
"202100043863";"15";"04";"2021";"16:05";"1";"78";"78350";"2";"9";"1";"6";"SAINT GERMAIN (ROUTE DE)";"48,8665800000";"2,1129000000"
"202100043864";"15";"04";"2021";"14:20";"1";"78";"78005";"1";"1";"1";"3";"CENTRALE (ROUTE)";"48,9832060000";"2,0997840000"
"202100043865";"15";"04";"2021";"04:15";"5";"77";"77335";"2";"7";"1";"6";"MAIRIE (PLACE DE LA)";"48,9741000000";"2,8380600000"
"202100043866";"12";"04";"2021";"18:45";"1";"76";"76341";"2";"6";"2";"3";"RD 982";"49,5044100000";"0,1958300000"
"202100043867";"15";"04";"2021";"06:10";"2";"74";"74133";"2";"1";"1";"6";"PAIX (RUE DE LA)";"46,1827700000";"6,2057200000"
"202100043868";"15";"04";"2021";"10:50";"1";"64";"64024";"2";"1";"7";"7";"BAYONNE (AVENUE DE)";"43,4811400000";" -1,5117600000"
"202100043869";"14";"04";"2021";"19:25";"1";"64";"64024";"2";"3";"1";"3";"MAIGNON (ROUTE DE)";"43,4789640000";" -1,5049100000"
"202100043870";"14";"04";"2021";"16:15";"1";"64";"64102";"2";"1";"1";"2";"GRENET (AVENUE HENRI)";"43,5035000000";" -1,4703300000"
"202100043871";"14";"04";"2021";"17:10";"1";"64";"64102";"2";"3";"1";"3";"DUVERGIER DE HAURANNE (AVENUE)";"43,4899437635";" -1,4679434896"
"202100043872";"14";"04";"2021";"14:30";"1";"62";"62083";"2";"1";"1";"6";"HERSIN (RUE D')";"50,4560700000";"2,6272610000"
"202100043873";"15";"04";"2021";"13:00";"1";"59";"59426";"2";"1";"1";"3";"RACCORDEMENT (VOIE DE)";"50,7505800000";"3,1426100000"
"202100043874";"13";"04";"2021";"07:45";"1";"59";"59599";"2";"1";"1";"6";"URSULINES (RUE DES)";"50,7199100000";"3,1556100000"
"202100043875";"14";"04";"2021";"14:37";"1";"57";"57757";"2";"1";"2";"6";"Nations (Avenue)";"49,3543300000";"6,1808300000"
"202100043876";"15";"04";"2021";"18:20";"1";"51";"51454";"2";"2";"1";"1";"Rue Bruyant";"49,2590999256";"4,0126398115"
"202100043877";"15";"04";"2021";"16:32";"1";"51";"51454";"2";"1";"1";"3";"Avenue Georges ClÃ©menceau";"49,2507500000";"4,0511900000"
"202100043878";"14";"04";"2021";"16:22";"1";"51";"51108";"2";"3";"1";"7";"Avenue du GÃ©nÃ©ral Sarrail";"48,9711100000";"4,3609600000"
"202100043879";"15";"04";"2021";"09:10";"1";"50";"50602";"2";"1";"1";"6";"EST (BOULEVARD DE L')";"49,6359600000";" -1,5768000000"
"202100043880";"15";"04";"2021";"02:35";"5";"47";"47323";"2";"3";"1";"4";"GENERAL DE GAULLE (AVENUE DU)";"44,4098400000";"0,7089300000"
"202100043881";"15";"04";"2021";"11:10";"1";"45";"45208";"2";"6";"1";"3";"Avenue du GÃ©nÃ©ral de Gaulle";"48,0077400000";"2,7404100000"
"202100043882";"15";"04";"2021";"02:15";"3";"44";"44215";"1";"1";"9";"6";"PERIPHERIQUE SUD";"47,1866987547";" -1,4952349663"
"202100043883";"15";"04";"2021";"17:35";"1";"42";"42187";"2";"9";"1";"5";"Boulevard de la LibertÃ©";"46,0448962035";"4,0870802990"
"202100043884";"13";"04";"2021";"11:45";"1";"37";"37122";"2";"1";"1";"6";"MONTSOREAU (RUE DE)";"47,3504896808";"0,6790655851"
"202100043885";"15";"04";"2021";"17:10";"1";"35";"35238";"2";"1";"1";"2";"VILLEBOIS MAREUIL (BD)";"48,1046700000";" -1,6504000000"
"202100043886";"22";"02";"2021";"12:30";"1";"35";"35238";"2";"2";"2";"3";"PORTE DE LORIENT";"48,1088900000";" -1,7102400000"
"202100043887";"15";"04";"2021";"09:45";"1";"31";"31483";"2";"1";"1";"3";"FOCH (AVENUE DU MARECHAL)";"43,1050000000";"0,7149000000"
"202100043888";"4";"04";"2021";"20:45";"1";"30";"30189";"2";"1";"1";"6";"CARREAU DE LANES (CHEMIN)";"43,8240100000";"4,3120700000"
"202100043889";"15";"04";"2021";"20:00";"1";"29";"29019";"2";"1";"1";"3";"Rue Yves Collet";"48,3926170000";" -4,4794190000"
"202100043890";"15";"04";"2021";"17:45";"1";"29";"29019";"2";"2";"1";"3";"Rue Corot";"48,4142430000";" -4,4717260000"
"202100043891";"15";"04";"2021";"08:35";"1";"29";"29019";"2";"3";"1";"3";"Rue Alfred de Musset";"48,3904300000";" -4,4675000000"
"202100043892";"15";"04";"2021";"16:10";"1";"27";"27229";"2";"1";"1";"2";"CONCHES (ROUTE DE)";"49,0231500000";"1,1244600000"
"202100043893";"15";"04";"2021";"06:50";"3";"26";"26004";"1";"1";"1";"6";"RN 532";"44,9868100000";"4,9810400000"
"202100043894";"15";"04";"2021";"16:15";"1";"25";"25462";"2";"5";"1";"6";"ROCADE G.POMPIDOU (DU 7 AU 24)";"46,9005000000";"6,3565000000"
"202100043895";"15";"04";"2021";"12:00";"1";"17";"17028";"1";"1";"1";"7";"113 PK RN137 ROCHEFORT JUSTICE";"46,1275000000";" -1,1048900000"
"202100043896";"13";"04";"2021";"21:30";"5";"13";"13077";"2";"1";"1";"5";"JAURES JEAN (avenue)";"43,4100200000";"4,9782200000"
"202100043897";"15";"04";"2021";"17:35";"1";"13";"13202";"2";"9";"1";"2";"LAZARET (QUAI DU)";"43,3089750000";"5,3664080000"
"202100043898";"14";"04";"2021";"19:00";"1";"13";"13211";"2";"1";"1";"3";"JEAN LOMBARD (AVENUE)";"43,2889133217";"5,4312999216"
"202100043899";"15";"04";"2021";"07:40";"1";"13";"13212";"2";"3";"1";"1";"SAINT PIERRE (RUE)";"43,2913140000";"5,4169670000"
"202100043900";"14";"04";"2021";"21:50";"5";"13";"13209";"2";"1";"1";"3";"REDON (BOULEVARD DU)";"43,2552300000";"5,4201100000"
"202100043901";"15";"04";"2021";"04:50";"5";"10";"10325";"2";"1";"1";"6";"LIBERTE (RUE DE LA )";"48,2582200000";"4,0630400000"
"202100043902";"15";"04";"2021";"10:30";"1";"09";"09122";"2";"3";"1";"3";"LECLERC (AVENUE DU GENERAL)";"42,9724760000";"1,6079450000"
"202100043903";"13";"04";"2021";"18:00";"1";"06";"06027";"2";"1";"1";"2";"NICE AVENUE DE (RN7)";"43,6594320000";"7,1677850000"
"202100043904";"15";"04";"2021";"15:45";"1";"75";"75112";"2";"1";"1";"2";"ECHANGEUR BERCY";"48,8274880000";"2,3935550000"
"202100043905";"14";"04";"2021";"16:00";"1";"75";"75115";"2";"2";"1";"7";"RUE DE VAUGIRARD";"48,8414920000";"2,3079480000"
"202100043906";"15";"04";"2021";"15:20";"1";"75";"75114";"2";"1";"1";"3";"BOULEVARD BRUNE";"48,8266460000";"2,3104230000"
"202100043907";"15";"04";"2021";"09:30";"1";"75";"75114";"2";"3";"1";"3";"AVENUE DU GENERAL LECLERC";"48,8332530000";"2,3315360000"
"202100043908";"14";"04";"2021";"09:30";"1";"75";"75114";"2";"1";"1";"2";"RUE D ALESIA";"48,8324990000";"2,3121660000"
"202100043909";"15";"04";"2021";"18:10";"1";"75";"75114";"2";"1";"1";"4";"BOULEVARD PERIPHERIQUE";"48,8165810000";"2,3389390000"
"202100043910";"15";"04";"2021";"15:15";"1";"75";"75113";"2";"2";"1";"3";"BOULEVARD ARAGO";"48,8349580000";"2,3449920000"
"202100043911";"15";"04";"2021";"12:30";"1";"75";"75113";"2";"3";"1";"6";"AVENUE D IVRY";"48,8233230000";"2,3657050000"
"202100043912";"15";"04";"2021";"09:26";"1";"75";"75113";"2";"4";"1";"6";"BOULEVARD DE L HOPITAL";"48,8399897173";"2,3617762327"
"202100043913";"14";"04";"2021";"22:20";"5";"75";"75113";"2";"3";"1";"2";"AVENUE DES GOBELINS";"48,8328560000";"2,3546370000"
"202100043914";"15";"04";"2021";"13:30";"1";"75";"75110";"2";"1";"1";"3";"BOULEVARD DE BONNE NOUVELLE";"48,8702740000";"2,3498950000"
"202100043915";"15";"04";"2021";"11:55";"1";"75";"75110";"2";"2";"1";"6";"RUE LOUIS BLANC";"48,8799730000";"2,3672550000"
"202100043916";"15";"04";"2021";"19:35";"2";"75";"75102";"2";"2";"8";"6";"RUE D ABOUKIR";"48,8693633158";"2,3524206877"
"202100043917";"15";"04";"2021";"06:15";"2";"75";"75103";"2";"4";"1";"6";"BOULEVARD DU TEMPLE";"48,8652910000";"2,3654120000"
"202100043918";"15";"04";"2021";"16:45";"1";"94";"94081";"2";"2";"1";"6";"Avenue du Colonel Fabien";"48,7825670000";"2,3808500000"
"202100043919";"14";"04";"2021";"18:45";"1";"94";"94081";"2";"1";"1";"3";"GENERAL MALLERET JOINVILLE (R DU)";"48,7800000000";"2,4000000000"
"202100043920";"14";"04";"2021";"15:50";"1";"94";"94081";"2";"1";"1";"3";"ANTOINE MARIE COLIN (R)";"48,8000000000";"2,3900000000"
"202100043921";"15";"04";"2021";"05:07";"5";"94";"94078";"2";"1";"1";"2";"HUIT MAI 1945 (AV DU)";"48,7272000000";"2,4453000000"
"202100043922";"15";"04";"2021";"19:48";"1";"94";"94046";"2";"1";"1";"2";"GENERAL LECLERC (AV DU)";"48,8042200000";"2,4437600000"
"202100043923";"7";"04";"2021";"17:20";"1";"94";"94021";"2";"6";"1";"6";"Avenue du GÃ©nÃ©ral de Gaulle";"48,7669000000";"2,3529413000"
"202100043924";"15";"04";"2021";"14:50";"1";"94";"94017";"2";"2";"1";"3";"Boulevard de Stalingrad";"48,8172200000";"2,5096400000"
"202100043925";"15";"04";"2021";"19:40";"1";"94";"94071";"2";"1";"1";"2";"Rue du Moulin Ã  Vent";"48,7640300000";"2,5295400000"
"202100043926";"15";"04";"2021";"17:30";"1";"94";"94070";"2";"1";"1";"2";"Route de Paris";"48,7191300000";"2,5677900000"