"Num_Acc";"jour";"mois";"an";"hrmn";"lum";"dep";"com";"agg";"int";"atm";"col";"adr";"lat";"long"
"202100043927";"14";"04";"2021";"17:45";"1";"93";"93073";"2";"1";"1";"6";"RUE AUGUSTE RODIN";"48,9566915014";"2,5638645887"
"202100043928";"15";"04";"2021";"07:00";"1";"93";"93072";"2";"9";"1";"6";"MAXIME GORKI (BOULEVARD) NÂ°72 AU 80";"48,9465500000";"2,3865000000"
"202100043929";"14";"04";"2021";"18:15";"1";"93";"93055";"2";"2";"1";"3";"JEAN LOLIVE (AVENUE)(107/135 ET 108/132)";"48,8925769386";"2,4097107456"
"202100043930";"15";"04";"2021";"11:50";"1";"93";"93051";"2";"1";"1";"1";"NEUILLY (ROUTE)";"48,8449400000";"2,5412100000"
"202100043931";"15";"04";"2021";"11:50";"1";"93";"93048";"2";"1";"1";"1";"CHANZY (BOULEVARD)";"48,8594100000";"2,4243000000"
"202100043932";"15";"04";"2021";"13:50";"1";"93";"93027";"2";"3";"1";"3";"RASPAIL (RUE)";"48,9232800000";"2,3952100000"
"202100043933";"15";"04";"2021";"00:15";"5";"93";"93029";"2";"1";"1";"6";"ANATOLE FRANCE";"48,9251900000";"2,4482300000"
"202100043934";"15";"04";"2021";"13:05";"1";"92";"92073";"2";"1";"1";"6";"SELLIER (BOULEVARD HENRI)";"48,8655616965";"2,2196245193"
"202100043935";"15";"04";"2021";"11:50";"1";"92";"92064";"2";"9";"1";"6";"PARC SAINT CLOUD";"48,8332700000";"2,1974500000"
"202100043936";"15";"04";"2021";"16:00";"1";"92";"92048";"2";"1";"1";"1";"ETANG DE TRIVAUX (ROUTE DE L')";"48,7955112148";"2,2324709594"
"202100043937";"15";"04";"2021";"17:00";"1";"92";"92044";"2";"2";"1";"6";"VIC. HUGO(RUE)069A075 ET 080A088";"48,8955400000";"2,2968300000"
"202100043938";"15";"04";"2021";"11:20";"1";"92";"92040";"2";"1";"1";"3";"VOLTAIRE (BOULEVARD)";"48,8264833725";"2,2797998786"
"202100043939";"14";"04";"2021";"20:30";"1";"92";"92025";"2";"3";"1";"6";"GABRIEL PERI (RUE)";"48,9225768104";"2,2479861975"
"202100043940";"15";"04";"2021";"11:45";"1";"92";"92023";"2";"1";"1";"6";"ANTOINE GROSSIN (ALLEE)";"48,8116528412";"2,2743092741"
"202100043941";"15";"04";"2021";"16:15";"1";"92";"92012";"2";"1";"1";"6";"FERME (RUE DE LA) - COTE IMPAIR";"48,8306137404";"2,2387084365"
"202100043942";"14";"04";"2021";"21:10";"2";"92";"92004";"2";"2";"1";"3";"REDOUTE ( AVENUE DE LA  )";"48,9275817721";"2,2752822537"
"202100043943";"15";"04";"2021";"09:30";"1";"92";"92002";"2";"1";"1";"3";"SOURCES (RUE DES)";"48,7520202115";"2,2880558367"
"202100043944";"16";"04";"2021";"13:55";"1";"60";"60365";"1";"2";"1";"3";"D930";"49,5979030000";"2,0462890000"
"202100043945";"5";"03";"2021";"22:10";"3";"51";"51602";"1";"1";"1";"7";"D982";"48,8123890000";"4,7132640000"
"202100043946";"15";"04";"2021";"15:55";"1";"01";"01345";"2";"1";"1";"1";"Rue de l'Egalite";"45,9474500000";"5,3269740000"
"202100043947";"14";"04";"2021";"14:00";"1";"43";"43147";"1";"9";"1";"6";"D588";"45,2847010000";"3,3570960000"
"202100043948";"15";"04";"2021";"19:30";"1";"33";"33418";"1";"1";"7";"6";"Lieu Dit Desportes";"44,5944440000";"0,0078830000"
"202100043949";"15";"04";"2021";"17:40";"1";"06";"06161";"2";"1";"1";"3";"D6007";"43,6261900000";"7,1321440000"
"202100043950";"15";"04";"2021";"05:50";"3";"68";"68161";"1";"1";"1";"2";"D 415";"48,1113680000";"7,2938010000"
"202100043951";"15";"04";"2021";"10:00";"1";"35";"35098";"1";"1";"1";"2";"RN137";"47,7860450000";" -1,6969690000"
"202100043952";"15";"04";"2021";"17:00";"1";"974";"97414";"2";"1";"3";"2";"5 Rue des Vetyvers";" -21,2781930000";"55,4176810000"
"202100043953";"16";"04";"2021";"16:14";"1";"06";"06130";"1";"1";"1";"7";"Route de Saint-cÃ©zaire";"43,6890620000";"6,8299880000"
"202100043954";"12";"04";"2021";"17:00";"1";"83";"83100";"1";"1";"1";"3";"Route Departementale 97";"43,2631440000";"6,1134410000"
"202100043955";"15";"04";"2021";"14:00";"1";"69";"69007";"1";"1";"1";"3";"D386";"45,4953570000";"4,8205390000"
"202100043956";"15";"04";"2021";"18:30";"1";"89";"89399";"1";"1";"1";"6";"N/A";"48,2626270000";"3,3407450000"
"202100043957";"4";"04";"2021";"14:30";"1";"51";"51618";"1";"9";"1";"7";"D47";"48,7932750000";"3,4635360000"
"202100043958";"16";"04";"2021";"07:50";"1";"77";"77137";"1";"1";"1";"6";"D204";"48,7165740000";"3,2951960000"
"202100043959";"15";"04";"2021";"04:00";"3";"49";"49362";"2";"1";"1";"6";"rue du Bourg Neuf";"47,2207430000";" -0,0680370000"
"202100043960";"14";"04";"2021";"13:00";"1";"49";"49228";"1";"1";"1";"1";"la cigogne";"47,4806400000";"0,1598920000"
"202100043961";"8";"04";"2021";"20:30";"5";"42";"42205";"1";"1";"1";"6";"Route de la PelletiÃ¨re";"45,6801300000";"3,9604430000"
"202100043962";"26";"01";"2021";"08:00";"2";"47";"47210";"1";"1";"1";"6";"Avenue du 11 Novembre";"44,2520590000";"0,3839830000"
"202100043963";"15";"04";"2021";"13:00";"1";"44";"44186";"2";"1";"1";"6";"Rue de l'Hotel de Ville";"47,1031410000";" -1,8109360000"
"202100043964";"12";"04";"2021";"13:40";"1";"29";"29216";"2";"6";"1";"6";"Rue de Guengat";"47,9841200000";" -4,1815260000"
"202100043965";"11";"04";"2021";"19:00";"1";"38";"38198";"1";"1";"3";"1";"chemin de la vie tournÃ©e";"45,3335230000";"4,9608420000"
"202100043966";"16";"04";"2021";"15:31";"1";"02";"02293";"1";"2";"1";"3";"D13";"49,9345520000";"3,4694370000"
"202100043967";"16";"04";"2021";"08:50";"1";"03";"03155";"1";"1";"1";"6";"Le Champ de la ChÃ©vre";"46,7184420000";"2,9659890000"
"202100043968";"27";"03";"2021";"08:38";"1";"72";"72209";"2";"1";"1";"2";"Le Bourgneuf";"48,2467090000";" -0,0327550000"
"202100043969";"15";"04";"2021";"22:30";"3";"64";"64124";"1";"1";"1";"7";"D 918";"43,2667220000";" -1,3323820000"
"202100043970";"15";"04";"2021";"16:20";"1";"73";"73164";"2";"9";"1";"3";"D211 route de lachat";"45,7248020000";"5,9849520000"
"202100043971";"15";"04";"2021";"10:45";"1";"40";"40104";"1";"2";"7";"3";"RD 7";"43,7307470000";" -0,8365170000"
"202100043972";"16";"04";"2021";"17:15";"1";"31";"31044";"2";"6";"1";"3";"d 826 route de castres - rond point de Nollet";"43,5928710000";"1,5056150000"
"202100043973";"16";"04";"2021";"11:00";"1";"06";"06018";"1";"1";"1";"7";"2815 Route de Valbonne";"43,6342190000";"7,0753130000"
"202100043974";"16";"04";"2021";"16:20";"1";"44";"44180";"1";"1";"1";"1";"d228";"47,4927910000";" -1,1512900000"
"202100043975";"16";"04";"2021";"15:00";"1";"13";"13114";"1";"3";"1";"2";"Route de Berre";"43,5450220000";"5,3435130000"
"202100043976";"16";"04";"2021";"02:42";"5";"13";"13004";"1";"1";"1";"1";"A54";"43,6903080000";"4,5444780000"
"202100043977";"15";"04";"2021";"15:40";"1";"68";"68278";"2";"1";"1";"7";"25 Rue des Perdrix";"47,7512290000";"7,4196120000"
"202100043978";"15";"04";"2021";"19:20";"1";"13";"13103";"1";"1";"1";"7";"Autoroute A7 PK 235+000 sens Sud / Nord";"43,6268960000";"5,1288130000"
"202100043979";"14";"04";"2021";"20:00";"1";"84";"84129";"2";"1";"1";"6";"Boulevard Roger Ricca";"44,0086860000";"4,8742150000"
"202100043980";"16";"04";"2021";"14:23";"1";"68";"68300";"2";"1";"1";"3";"44 Rue des Bains";"47,7872550000";"7,3783620000"
"202100043981";"15";"04";"2021";"14:50";"1";"68";"68123";"1";"1";"1";"7";"D83";"48,0090750000";"7,3026680000"
"202100043982";"16";"04";"2021";"10:55";"1";"54";"54208";"1";"1";"1";"1";"RD611 ";"48,7492919730";"5,9498047824"
"202100043983";"15";"04";"2021";"21:30";"3";"38";"38556";"1";"1";"1";"6";"Route d'Assieu";"45,3874500000";"4,8493700000"
"202100043984";"15";"04";"2021";"11:15";"1";"17";"17225";"2";"2";"1";"3";"Avenue Pierre Sibard";"45,7139670000";" -1,1423690000"
"202100043985";"14";"04";"2021";"16:15";"1";"85";"85011";"1";"1";"1";"6";"RD 38";"46,9425900000";" -2,1711100000"
"202100043986";"1";"04";"2021";"07:30";"1";"44";"44052";"1";"4";"1";"3";"rd 773 carrefour st Lucien";"47,3439340000";" -2,0970150000"
"202100043987";"16";"03";"2021";"08:35";"2";"76";"76295";"1";"3";"2";"1";"Route de Gournay";"49,6345545414";"1,6224776208"
"202100043988";"16";"04";"2021";"09:15";"1";"60";"60012";"2";"2";"1";"3";"D125";"49,2600050000";"2,1590500000"
"202100043989";"14";"04";"2021";"08:19";"1";"13";"13005";"1";"1";"1";"1";"A502-Sens Toulon par R.N. vers  Aubagne";"43,2807053827";"5,6071855753"
"202100043990";"14";"04";"2021";"18:37";"1";"13";"13055";"1";"1";"1";"4";"A507 sens Marseille - Aubagne";"43,3300000000";"5,4073000000"
"202100043991";"14";"04";"2021";"09:45";"1";"13";"13005";"1";"1";"1";"6";"A50-Sens Aubagne vers Marseille";"43,2847990000";"5,5715720000"
"202100043992";"28";"03";"2021";"18:30";"1";"33";"33550";"1";"1";"1";"4";"AUTOROUTE A 62";"44,7742080000";" -0,5562200000"
"202100043993";"15";"04";"2021";"08:50";"1";"91";"91235";"1";"1";"1";"2";"RN 104";"48,6260400000";"2,3555200000"
"202100043994";"15";"04";"2021";"19:10";"1";"93";"93005";"1";"1";"1";"4";"AUTOROUTE A104";"48,9723900000";"2,4947300000"
"202100043995";"14";"04";"2021";"17:30";"1";"93";"93066";"1";"1";"1";"3";"AUTOROUTE A86";"48,9255500000";"2,3397200000"
"202100043996";"14";"04";"2021";"16:00";"1";"95";"95306";"1";"1";"1";"6";"A15";"48,9954906632";"2,1824552028"
"202100043997";"15";"04";"2021";"17:05";"1";"94";"94081";"1";"1";"1";"2";"A86 INT";"48,7738141386";"2,4033475616"
"202100043998";"14";"04";"2021";"06:30";"3";"94";"94018";"1";"1";"1";"4";"A4";"48,8176262494";"2,4173841935"
"202100043999";"14";"04";"2021";"14:10";"1";"976";"97611";"1";"9";"1";"5";"m'tsapere-Nationale 2 (route)";" -12,7912400000";"45,2227500000"
"202100044000";"14";"04";"2021";"15:30";"1";"974";"97411";"2";"1";"1";"6";"LECONTE DE LISLE (AVENUE)";" -20,8914000000";"55,4804900000"
"202100044001";"14";"04";"2021";"20:00";"3";"974";"97409";"2";"1";"2";"2";"PATELIN (chemin)";" -20,9730800000";"55,6854200000"
"202100044002";"14";"04";"2021";"13:20";"1";"69";"69388";"2";"2";"1";"6";"PAUL CAZENEUVE (R)";"45,7376008784";"4,8655432463"
"202100044003";"13";"04";"2021";"08:57";"1";"972";"97209";"1";"1";"1";"2";"BEAUSEJOUR JAMBETTE (ROUTE DE )";"14,6275600000";" -61,0404500000"
"202100044004";"13";"04";"2021";"23:20";"5";"69";"69149";"2";"2";"1";"3";"FRANCISQUE JOMARD (R)";"45,7175800000";"4,7904300000"
"202100044005";"13";"04";"2021";"14:20";"1";"69";"69385";"2";"5";"1";"3";"KITCHENER MARCHAND                  (PT)";"45,7516797637";"4,8216339964"
"202100044006";"14";"04";"2021";"16:35";"1";"95";"95268";"2";"1";"1";"6";"RUE JACQUES ANQUETIL";"48,9619280000";"2,3983310000"
"202100044007";"14";"04";"2021";"15:40";"1";"91";"91691";"2";"9";"1";"6";"CHARLE DE GAULLE(RUE)";"48,7163180000";"2,4894920000"
"202100044008";"2";"04";"2021";"14:25";"1";"89";"89024";"2";"2";"1";"3";"JEAN JAURES (AVENUE)";"47,7991400000";"3,5803000000"
"202100044009";"13";"04";"2021";"12:40";"1";"86";"86194";"2";"6";"1";"3";"Avenue de Paris";"46,6129860000";"0,3472226000"
"202100044010";"14";"04";"2021";"16:30";"1";"83";"83069";"1";"1";"1";"6";"MOULIN PREMIER (CHEMIN DU)";"43,1220000000";"6,1530000000"
"202100044011";"14";"04";"2021";"11:35";"1";"77";"77186";"1";"1";"1";"4";"TABLE DU ROI (CARREFOUR DE LA)";"48,4827700000";"2,6664000000"
"202100044012";"13";"04";"2021";"18:00";"1";"72";"72181";"2";"1";"1";"3";"JAURES JEAN (AV) NÂ° PAIRS 60 ET >";"47,9861000000";"0,2089000000"
"202100044013";"12";"04";"2021";"13:50";"1";"72";"72181";"2";"1";"1";"2";"BOLLEE (AV) NÂ° PAIRS 154 A 222";"47,9972400000";"0,2174900000"
"202100044014";"12";"04";"2021";"15:55";"1";"71";"71486";"2";"1";"1";"6";"MAX DORMOY (AVENUE)";"46,6458200000";"4,3199400000"
"202100044015";"9";"04";"2021";"17:30";"1";"67";"67482";"2";"1";"1";"6";"PETRARQUE (PLACE)";"48,5897300000";"7,7082900000"
"202100044016";"14";"04";"2021";"07:45";"1";"66";"66136";"1";"6";"1";"2";"POU-DE-LES-COULOBRES (CHEMIN DU)";"42,6656700000";"2,9196600000"
"202100044017";"9";"04";"2021";"20:45";"2";"66";"66136";"2";"1";"1";"1";"BARCELONE QUAI DE";"42,6973500000";"2,8899800000"
"202100044018";"13";"04";"2021";"20:35";"2";"64";"64024";"2";"1";"1";"6";"BARBOT (RUE DU MOULIN)";"43,5010200000";" -1,5304000000"
"202100044019";"13";"04";"2021";"08:55";"1";"64";"64102";"2";"3";"1";"3";"BERNEDE (RUE)";"43,4932800000";" -1,4755100000"
"202100044020";"13";"04";"2021";"11:34";"1";"63";"63113";"2";"3";"1";"2";"CHARME (RUE DE LA)";"45,8076700000";"3,1282900000"
"202100044021";"14";"04";"2021";"20:30";"2";"59";"59599";"2";"9";"1";"3";"VAN DE VEEGAETE (RUE CHARLES)";"50,7325400000";"3,1632000000"
"202100044022";"13";"04";"2021";"16:20";"1";"56";"56098";"2";"1";"1";"7";"RUE DU BOIS DE ST-NUDEC";"47,7825500000";" -3,3069900000"
"202100044023";"13";"04";"2021";"13:52";"1";"56";"56098";"2";"1";"1";"7";"CREBILLON (RUE  PROSPER )";"47,7669200000";" -3,3487500000"
"202100044024";"14";"04";"2021";"10:04";"1";"49";"49007";"2";"1";"1";"5";"PORTET BOULEVARD";"47,4519700000";" -0,5633700000"
"202100044025";"10";"04";"2021";"18:15";"2";"42";"42218";"1";"1";"1";"6";"Route de Saint Victor";"45,4331440000";"4,3005540000"
"202100044026";"14";"04";"2021";"18:50";"1";"34";"34172";"2";"1";"1";"1";"TOULOUSE (AVENUE DE)";"43,5964700000";"3,8631200000"
"202100044027";"14";"04";"2021";"07:00";"1";"34";"34172";"2";"1";"1";"3";"MONDIAL 98 (AVENUE DU)";"43,6032400000";"3,9052800000"
"202100044028";"14";"04";"2021";"18:45";"1";"33";"33281";"2";"3";"1";"2";"Avenue des Marronniers";"44,8432900000";" -0,6778700000"
"202100044029";"13";"04";"2021";"19:30";"1";"30";"30189";"2";"1";"1";"6";"TRIAIRE SERGENT (BOULEVARD)";"43,8284100000";"4,3601100000"
"202100044030";"13";"04";"2021";"18:10";"1";"29";"29232";"2";"6";"1";"2";"Route du Loc H";"48,0190300000";" -4,0842200000"
"202100044031";"14";"04";"2021";"06:55";"2";"27";"27681";"2";"2";"1";"3";"VIEUX CHATEAU (RUE DU)";"49,0963000000";"1,4786100000"
"202100044032";"14";"04";"2021";"17:38";"1";"17";"17300";"2";"2";"1";"3";"REPUBLIQUE   BOULEVARD DE LA";"46,1387710000";" -1,1481300000"
"202100044033";"14";"04";"2021";"04:15";"5";"13";"13210";"2";"1";"1";"3";"CAPELETTE (AVENUE DE LA)";"43,2795400000";"5,4137400000"
"202100044034";"14";"04";"2021";"18:40";"1";"13";"13210";"2";"9";"7";"4";"ROMAIN ROLLAND (BOULEVARD)";"43,2747600000";"5,4154590000"
"202100044035";"14";"04";"2021";"15:30";"1";"13";"13212";"2";"1";"8";"1";"FERNANDEL (AVENUE)";"43,3122639575";"5,4523312173"
"202100044036";"13";"04";"2021";"22:24";"5";"10";"10387";"2";"1";"1";"2";"JEAN LACOSTE (RUE)";"48,2995700000";"4,0600300000"
"202100044037";"14";"04";"2021";"10:40";"1";"06";"06088";"2";"3";"1";"3";"DUBOUCHAGE (BD)";"43,7011350000";"7,2696270000"
"202100044038";"18";"03";"2021";"18:50";"1";"02";"02408";"2";"6";"1";"6";"BROSSOLETTE (BOULEVARD PIERRE)";"49,5695900000";"3,6239100000"
"202100044039";"14";"04";"2021";"15:20";"1";"75";"75112";"2";"1";"1";"6";"PORTE DE VINCENNES";"48,8464840000";"2,4145710000"
"202100044040";"13";"04";"2021";"20:40";"5";"75";"75116";"2";"1";"1";"2";"PORTE DAUPHINE";"48,8706000000";"2,2719880000"
"202100044041";"13";"04";"2021";"09:05";"1";"75";"75114";"2";"1";"1";"7";"PORTE DE VANVES";"48,8241040000";"2,3077610000"
"202100044042";"14";"04";"2021";"13:30";"1";"75";"75105";"2";"3";"1";"3";"BOULEVARD DE PORT ROYAL";"48,8383050000";"2,3420620000"
"202100044043";"14";"04";"2021";"19:31";"2";"75";"75120";"2";"3";"1";"1";"RUE DE BAGNOLET";"48,8637345534";"2,4076828934"
"202100044044";"14";"04";"2021";"15:00";"1";"75";"75119";"2";"1";"1";"3";"RUE CURIAL";"48,8901380000";"2,3716920000"
"202100044045";"14";"04";"2021";"08:45";"1";"75";"75119";"2";"1";"1";"3";"RUE ROUVET";"48,8937360000";"2,3841160000"
"202100044046";"13";"04";"2021";"17:54";"1";"75";"75116";"2";"1";"1";"2";"ALLEE DES FORTIFICATIONS";"48,8527100000";"2,2598980000"
"202100044047";"13";"04";"2021";"17:00";"1";"75";"75115";"2";"3";"1";"7";"RUE DE LOURMEL";"48,8471700000";"2,2893210000"
"202100044048";"14";"04";"2021";"19:15";"2";"75";"75110";"2";"5";"1";"3";"BOULEVARD DE LA CHAPELLE";"48,8842449494";"2,3615509275"
"202100044049";"14";"04";"2021";"14:25";"1";"75";"75110";"2";"5";"1";"1";"BOULEVARD DE STRASBOURG";"48,8747997902";"2,3572348779"
"202100044050";"14";"04";"2021";"11:20";"1";"75";"75109";"2";"7";"1";"6";"PLACE PIGALLE";"48,8820490000";"2,3375250000"
"202100044051";"14";"04";"2021";"18:55";"2";"75";"75101";"2";"3";"1";"2";"RUE DE L AMIRAL DE COLIGNY";"48,8603900000";"2,3405800000"
"202100044052";"14";"04";"2021";"12:00";"1";"75";"75104";"2";"4";"1";"6";"RUE SAINT ANTOINE";"48,8550676030";"2,3616632115"
"202100044053";"14";"04";"2021";"10:00";"1";"75";"75103";"2";"2";"1";"3";"BOULEVARD DE SEBASTOPOL";"48,8662420000";"2,3525330000"
"202100044054";"12";"04";"2021";"19:30";"1";"94";"94068";"2";"3";"1";"3";"Avenue Foch";"48,7994410000";"2,4990450000"
"202100044055";"14";"04";"2021";"16:45";"1";"94";"94018";"2";"1";"1";"3";"ARCADE (R DE L)";"48,8220600000";"2,3997900000"
"202100044056";"14";"04";"2021";"09:00";"1";"93";"93073";"1";"1";"1";"3";"Rue du Chapitre";"49,0033990000";"2,5368250000"
"202100044057";"14";"04";"2021";"17:10";"1";"93";"93066";"2";"9";"1";"3";"WILSON (AVENUE DU PRESIDENT)";"48,9148411225";"2,3581130983"
"202100044058";"11";"04";"2021";"18:10";"1";"93";"93066";"2";"3";"1";"6";"MOULIN JEAN (AVE) NR 10 A 20 ET  13 A 17";"48,9403429078";"2,3634668189"
"202100044059";"14";"04";"2021";"13:15";"1";"93";"93077";"2";"9";"1";"1";"ROND POINT (AVENUE DU)";"48,8849600000";"2,5001300000"
"202100044060";"13";"04";"2021";"07:53";"1";"93";"93051";"2";"1";"1";"2";"PIERRE BROSSOLETTE";"48,8481100000";"2,5485800000"
"202100044061";"14";"04";"2021";"16:55";"1";"93";"93048";"2";"2";"1";"3";"FRANCOIS ARAGO (RUE)";"48,8531508026";"2,4278394185"
"202100044062";"14";"04";"2021";"07:00";"1";"93";"93001";"2";"2";"1";"6";"PRESIDENT ROOSEVELT (AVENUE DU)";"48,9182500000";"2,3788800000"
"202100044063";"14";"04";"2021";"21:50";"5";"92";"92050";"2";"1";"1";"2";"boulevard AimÃ© CÃ©saire";"48,8932023102";"2,2273836630"
"202100044064";"14";"04";"2021";"14:45";"1";"92";"92024";"2";"1";"1";"6";"MADAME DE SANZILLON (RUE)";"48,9038100000";"2,3202400000"
"202100044065";"14";"04";"2021";"19:50";"1";"92";"92023";"2";"3";"7";"3";"PETIT CLAMART (AVENUE DU)";"48,7771214744";"2,2285093367"
"202100044066";"14";"04";"2021";"19:15";"1";"92";"92012";"2";"1";"1";"3";"QUATRE SEPTEMBRE (QUAI DU)";"48,8516701573";"2,2264695168"
"202100044067";"14";"04";"2021";"17:15";"1";"60";"60077";"1";"3";"1";"3";"Rue de Lihus";"49,5754920000";"2,0560960000"
"202100044068";"13";"04";"2021";"17:45";"1";"976";"97610";"1";"1";"1";"1";"Majikavo Koropa";" -12,7464070000";"45,2267000000"
"202100044069";"15";"04";"2021";"12:10";"1";"12";"12242";"1";"1";"1";"1";"Route de Toulongergues";"44,4022920000";"2,0322130000"
"202100044070";"15";"04";"2021";"15:45";"1";"49";"49257";"1";"3";"1";"7";"intersection RD138 et route du Patis";"47,6545280000";" -0,2177820000"
"202100044071";"15";"04";"2021";"17:00";"1";"68";"68044";"1";"1";"1";"6";"D 415";"48,1619350000";"7,0876410000"
"202100044072";"15";"04";"2021";"14:50";"1";"68";"68005";"2";"3";"1";"3";"1 Rue des CamÃ©lias";"48,1288690000";"7,2980920000"
"202100044073";"14";"04";"2021";"11:30";"1";"11";"11203";"2";"3";"1";"6";"Rue de verdun";"43,1997480000";"2,7567640000"
"202100044074";"14";"04";"2021";"18:30";"5";"971";"97109";"2";"1";"1";"5";"Avenue du General de Gaulle";"15,9969290000";" -61,6942080000"
"202100044075";"15";"04";"2021";"10:25";"1";"59";"59478";"2";"1";"2";"6";"Faubourg de Cassel";"50,9614690000";"2,4332920000"
"202100044076";"15";"04";"2021";"17:30";"1";"57";"57431";"1";"1";"2";"1";"D4";"49,0812310000";"6,3659230000"
"202100044077";"15";"04";"2021";"08:44";"1";"91";"91553";"2";"1";"1";"4";"Route de Saint Germain";"48,6266130000";"2,4961180000"
"202100044078";"14";"04";"2021";"09:45";"1";"79";"79322";"1";"2";"1";"3";"N/A";"46,6152820000";" -0,3222350000"
"202100044079";"14";"04";"2021";"15:50";"1";"65";"65341";"1";"1";"1";"7";"D 202";"43,3011180000";" -0,0179170000"
"202100044080";"14";"04";"2021";"20:20";"2";"32";"32419";"1";"1";"7";"6";"Grillats";"43,4025060000";"0,4561040000"
"202100044081";"14";"04";"2021";"07:30";"1";"32";"32288";"1";"1";"1";"3";"RD4 - Route de Samatan";"43,5862290000";"0,8698560000"
"202100044082";"14";"04";"2021";"11:45";"1";"71";"71261";"1";"1";"1";"7";"Route dÃ©partementale 933";"46,5919270000";"4,9865460000"
"202100044083";"12";"04";"2021";"08:50";"1";"22";"22264";"1";"1";"1";"1";"Croas Ar Roc'h - Pommerit jaudy";"48,7515870000";" -3,2427050000"
"202100044084";"15";"04";"2021";"15:32";"1";"39";"39491";"2";"2";"1";"3";"N/A";"46,3990850000";"5,7904060000"
"202100044085";"15";"04";"2021";"12:00";"1";"25";"25120";"2";"1";"1";"6";"17 rue derriÃ¨re la ville";"47,0435310000";"6,1594840000"
"202100044086";"29";"03";"2021";"08:50";"1";"29";"29015";"1";"2";"1";"2";"Petite Ile";"48,4869946083";" -4,5004832680"
"202100044087";"14";"04";"2021";"19:25";"1";"50";"50320";"1";"1";"7";"1";"la petite croute";"48,8529800000";" -1,3838910000"
"202100044088";"14";"04";"2021";"21:10";"2";"50";"50639";"1";"1";"1";"6";"3 La Foucaudiere";"48,8047650000";" -1,2490380000"
"202100044089";"15";"04";"2021";"01:30";"3";"21";"21006";"2";"4";"1";"6";"1 Rue du Pont";"47,7509463281";"4,5813617073"
"202100044090";"14";"04";"2021";"10:11";"1";"27";"27062";"1";"1";"1";"5";"route dÃ©partementale 438 vers BRIONNE";"49,2783920000";"0,8298380000"
"202100044091";"15";"04";"2021";"19:27";"1";"30";"30340";"1";"1";"1";"5";"D6086";"44,0012890000";"4,5787020000"
"202100044092";"14";"04";"2021";"15:15";"1";"48";"48094";"1";"1";"1";"7";"N/A";"44,2920320000";"3,1763790000"
"202100044093";"15";"04";"2021";"11:20";"1";"69";"69044";"2";"3";"1";"3";"PARIS (DE) (RTE)";"45,7896091634";"4,7440713644"
"202100044094";"9";"04";"2021";"17:40";"1";"21";"21054";"1";"1";"1";"6";"A6";"47,0059240000";"4,8628660000"
"202100044095";"15";"04";"2021";"11:00";"1";"95";"95690";"1";"1";"1";"1";"RUE CALVIN";"49,0885566830";"1,8126802576"
"202100044096";"15";"04";"2021";"11:30";"1";"84";"84132";"1";"1";"9";"7";"D901";"43,9247900000";"4,9761840000"
"202100044097";"12";"04";"2021";"08:00";"1";"57";"57206";"2";"3";"7";"6";"28 Rue de Picardie";"49,3058040000";"6,1051960000"
"202100044098";"12";"04";"2021";"08:30";"1";"01";"01043";"2";"6";"1";"6";"Chemin du Sermoraz";"45,8276670000";"4,9978080000"
"202100044099";"15";"04";"2021";"18:26";"1";"01";"01313";"1";"1";"1";"7";"D35";"46,2523160000";"6,0646410000"
"202100044100";"13";"04";"2021";"11:20";"1";"69";"69040";"2";"1";"1";"1";"CREUSE (DE) (CHM)";"45,8018980000";"4,7924370000"
"202100044101";"15";"04";"2021";"07:30";"2";"16";"16078";"1";"1";"1";"2";"N/A";"45,7122590000";"0,1766650000"
"202100044102";"14";"04";"2021";"16:17";"1";"60";"60079";"1";"1";"1";"2";"Route nationale 2";"49,1816750000";"2,8900910000"
"202100044103";"15";"04";"2021";"08:55";"1";"59";"59011";"1";"1";"1";"3";"Route de Don";"50,5397810000";"2,9210330000"
"202100044104";"14";"04";"2021";"08:40";"1";"13";"13117";"1";"1";"1";"7";"A7-Sens Lyon vers Marseille";"43,4470020000";"5,2416170000"
"202100044105";"14";"04";"2021";"11:00";"1";"91";"91689";"1";"1";"1";"3";"AUTOROUTE A6A";"48,7449200000";"2,3229200000"
"202100044106";"13";"04";"2021";"16:30";"1";"92";"92025";"1";"9";"1";"2";"A86";"48,9280993721";"2,2383538616"
"202100044107";"14";"04";"2021";"18:00";"1";"95";"95491";"1";"1";"1";"2";" A115";"49,0098975066";"2,2315088628"
"202100044108";"12";"04";"2021";"15:10";"1";"988";"98818";"2";"3";"2";"3";"RUE HENRI SCHMIDT/ACCES STATION ESSENCE GEANT STE MARIE";" -22,2762500000";"166,4588600000"
"202100044109";"13";"04";"2021";"10:15";"1";"974";"97416";"1";"3";"1";"3";"RN02";" -21,3324097139";"55,4804221838"
"202100044110";"13";"04";"2021";"10:10";"1";"974";"97411";"1";"1";"1";"1";"MOULIN (RUE JEAN)";" -20,9164900000";"55,5061400000"
"202100044111";"12";"04";"2021";"08:40";"1";"974";"97411";"1";"1";"1";"4";"LITTORAL (ROUTE 3 DU)";" -20,8745760000";"55,4265420000"
"202100044112";"11";"04";"2021";"12:55";"1";"974";"97411";"2";"1";"1";"7";"AllÃ©e des Topazes";" -20,8978700000";"55,4439300000"
"202100044113";"13";"04";"2021";"12:10";"1";"974";"97409";"2";"9";"1";"3";"DU LYCEE(RUE)";" -20,9637600000";"55,6527500000"