"Num_Acc";"jour";"mois";"an";"hrmn";"lum";"dep";"com";"agg";"int";"atm";"col";"adr";"lat";"long"
"202100044114";"12";"04";"2021";"12:00";"1";"973";"97302";"2";"1";"1";"3";"11 NOVEMBRE";"4,9342800000";" -52,3293300000"
"202100044115";"12";"04";"2021";"23:35";"1";"973";"97309";"2";"3";"1";"6";"TIGRE (ROUTE DU)";"4,9151865394";" -52,3107743561"
"202100044116";"13";"04";"2021";"19:50";"3";"972";"97213";"1";"1";"1";"6";"ROUTE DEPARTEMENTALE 3";"14,6255000000";" -60,9894000000"
"202100044117";"13";"04";"2021";"20:00";"1";"69";"69389";"2";"1";"1";"6";"SERGENT MICHEL BERTHET (DU) (R)";"45,7671000000";"4,8054100000"
"202100044118";"13";"04";"2021";"15:15";"1";"69";"69382";"2";"2";"1";"3";"JULES COURMONT (Q)";"45,7601600000";"4,8379400000"
"202100044119";"13";"04";"2021";"14:00";"1";"69";"69389";"2";"3";"1";"3";"SAINT-CY (DE) (R)";"45,7839000000";"4,8082000000"
"202100044120";"13";"04";"2021";"13:05";"1";"971";"97113";"1";"1";"1";"2";"SECTION LABROUSSE";"16,2227600000";" -61,5129300000"
"202100044121";"12";"04";"2021";"11:57";"1";"95";"95197";"2";"1";"1";"6";"SAINT-DENIS (ROUTE)";"48,9617236317";"2,3249937594"
"202100044122";"12";"04";"2021";"16:55";"1";"95";"95500";"2";"1";"1";"3";"ALSACE (AVENUE D')";"49,0606600000";"2,0921700000"
"202100044123";"13";"04";"2021";"15:30";"1";"91";"91477";"2";"1";"1";"6";"GENERAL LECLERC (AVENUE DU)";"48,7037300000";"2,2265000000"
"202100044124";"13";"04";"2021";"09:30";"1";"91";"91161";"2";"9";"1";"3";"RTE DE LONGJUMEAU";"48,7122400000";"2,2977400000"
"202100044125";"13";"04";"2021";"18:03";"2";"91";"91589";"2";"3";"1";"6";"AV DE LONGJUMEAU";"48,6851200000";"2,3492800000"
"202100044126";"29";"03";"2021";"17:41";"1";"84";"84035";"2";"1";"1";"6";"FOLLEREAU (AVENUE RAOUL)";"43,8403900000";"5,0475100000"
"202100044127";"10";"04";"2021";"10:15";"3";"79";"79191";"2";"1";"1";"6";"Boulevard Georges Pompidou";"46,2972800000";" -0,4729400000"
"202100044128";"13";"04";"2021";"18:20";"1";"78";"78551";"2";"2";"1";"3";"SAINT FIACRE (AVENUE)";"48,8956620000";"2,0725260000"
"202100044129";"9";"04";"2021";"15:42";"1";"77";"77215";"2";"8";"1";"6";"RUE DE MAISON ROUGE";"48,7364220000";"2,7327690000"
"202100044130";"12";"04";"2021";"08:10";"1";"72";"72181";"2";"2";"1";"3";"BARBIER (RUE)";"48,0042700000";"0,1935800000"
"202100044131";"13";"04";"2021";"19:00";"1";"69";"69256";"2";"3";"1";"3";"8 MAI 1945 (DU)                     (AV)";"45,7873700000";"4,9164900000"
"202100044132";"25";"03";"2021";"17:55";"1";"69";"69290";"2";"2";"1";"3";"TEMPS MODERNES (DES) (AV)";"45,7076300000";"4,9189000000"
"202100044133";"13";"04";"2021";"11:13";"1";"68";"68224";"2";"2";"1";"1";"PFASTATT (RUE DE)";"47,7540400998";"7,3141781305"
"202100044134";"9";"04";"2021";"07:35";"2";"67";"67482";"2";"3";"1";"2";"CONSEIL DES QUINZE (RUE DU)";"48,5906250000";"7,7820410000"
"202100044135";"10";"04";"2021";"09:39";"1";"66";"66136";"2";"1";"1";"2";"DALBIEZ (AVENUE VICTOR)";"42,6787600000";"2,8813000000"
"202100044136";"12";"04";"2021";"12:35";"1";"64";"64102";"2";"1";"1";"7";"PAULMY (AVENUE DES ALLEES)";"43,4919300000";" -1,4809600000"
"202100044137";"12";"04";"2021";"11:25";"1";"64";"64102";"2";"1";"1";"2";"LABOURD (PONT DU)";"43,4860100000";" -1,4750100000"
"202100044138";"3";"02";"2021";"14:00";"1";"62";"62563";"2";"1";"1";"7";"DUNKERQUE (R DE)";"50,4625180000";"2,7104390000"
"202100044139";"13";"04";"2021";"18:15";"1";"61";"61497";"1";"6";"1";"7";"GATEL (RUE)";"48,4496670000";"0,0972560000"
"202100044140";"11";"04";"2021";"21:25";"5";"59";"59599";"2";"2";"1";"5";"VICTOIRE (PLACE DE LA)";"50,7177700000";"3,1592300000"
"202100044141";"9";"04";"2021";"20:15";"2";"59";"59527";"2";"2";"1";"3";"LAMBERSART RUE DE";"50,6576400000";"3,0404500000"
"202100044142";"11";"04";"2021";"21:25";"2";"56";"56121";"2";"1";"1";"6";"GUILLEMOT (RUE  ARMAND )";"47,7471400000";" -3,3923000000"
"202100044143";"12";"04";"2021";"18:43";"1";"56";"56121";"2";"1";"1";"6";"BELGIQUE (RUE  DE )";"47,7592600000";" -3,3799200000"
"202100044144";"12";"04";"2021";"20:06";"2";"56";"56121";"2";"4";"1";"6";"SAINT-EXUPERY (RUE ANTOINE)";"47,7624224000";" -3,4029909900"
"202100044145";"10";"04";"2021";"13:15";"1";"56";"56121";"2";"6";"2";"6";"Boulevard Flandres-Dunkerque 1940";"47,7484100000";" -3,3962300000"
"202100044146";"9";"04";"2021";"06:40";"4";"56";"56121";"2";"1";"1";"6";"PÃ©nÃ©trante de Lorient D465";"47,7485200000";" -3,3865800000"
"202100044147";"13";"04";"2021";"08:30";"1";"50";"50218";"2";"1";"1";"6";"MARECHAL LECLERC (AV DU)";"48,8378000000";" -1,5882900000"
"202100044148";"12";"04";"2021";"15:20";"1";"44";"44184";"2";"2";"1";"3";"GUTENBERG (RUE JEAN)";"47,2803400000";" -2,2284700000"
"202100044149";"12";"04";"2021";"16:06";"1";"37";"37122";"2";"9";"1";"6";"VERDUN (RUE DE)";"47,3435043384";"0,6637799442"
"202100044150";"13";"04";"2021";"08:50";"1";"35";"35278";"2";"2";"1";"2";"DUCHESSE ANNE (RUE DE LA)";"48,1515400000";" -1,6834600000"
"202100044151";"13";"04";"2021";"18:45";"1";"18";"18279";"2";"1";"1";"3";"VAILLANT (AVENUE EDOUARD)";"47,2300000000";"2,0600000000"
"202100044152";"13";"04";"2021";"19:34";"1";"17";"17274";"2";"6";"1";"3";"PINCHON   AVENUE LOUISE";"46,1661300000";" -1,1114400000"
"202100044153";"13";"04";"2021";"20:00";"2";"13";"13210";"2";"1";"1";"5";"SCHLOESING (BOULEVARD)";"43,2767970813";"5,3993208174"
"202100044154";"13";"04";"2021";"09:40";"1";"13";"13209";"2";"1";"1";"3";"EMILE ZOLA (RUE)";"43,2470000000";"5,3990000000"
"202100044155";"13";"04";"2021";"10:50";"1";"07";"07231";"2";"1";"1";"6";"RUE DE LA CITE";"44,5953000000";"4,3771800000"
"202100044156";"13";"04";"2021";"09:00";"1";"06";"06069";"2";"1";"7";"3";"ROUQUIER (BOULEVARD EMMANUEL)";"43,6332300000";"6,9392920000"
"202100044157";"13";"04";"2021";"04:40";"5";"01";"01283";"2";"5";"1";"3";"VERDUN (COURS DE DU 59-86 AU 151)";"46,2482612847";"5,6410015659"
"202100044158";"12";"04";"2021";"07:30";"1";"75";"75120";"2";"1";"1";"2";"PORTE DE BAGNOLET";"48,8599300000";"2,4139820000"
"202100044159";"13";"04";"2021";"12:40";"1";"75";"75105";"2";"2";"1";"3";"BOULEVARD SAINT MICHEL";"48,8417520000";"2,3377610000"
"202100044160";"13";"04";"2021";"08:40";"1";"75";"75120";"2";"1";"1";"6";"RUE DE LA DUEE";"48,8711650000";"2,3965430000"
"202100044161";"13";"04";"2021";"20:35";"5";"75";"75119";"2";"2";"1";"1";"BOULEVARD SERURIER";"48,8845833662";"2,3945420980"
"202100044162";"13";"04";"2021";"19:00";"1";"75";"75119";"2";"1";"1";"3";"RUE REBEVAL";"48,8741270000";"2,3820530000"
"202100044163";"13";"04";"2021";"12:45";"1";"75";"75118";"2";"3";"1";"7";"RUE ORDENER";"48,8930190000";"2,3408090000"
"202100044164";"13";"04";"2021";"15:20";"1";"75";"75117";"2";"3";"1";"3";"BOULEVARD MALESHERBES";"48,8888590000";"2,3042630000"
"202100044165";"13";"04";"2021";"14:33";"1";"75";"75114";"2";"1";"1";"3";"AVENUE JEAN MOULIN";"48,8249330000";"2,3201510000"
"202100044166";"13";"04";"2021";"16:00";"1";"75";"75113";"2";"4";"1";"2";"RUE DES LONGUES RAIES";"48,8212080000";"2,3504850000"
"202100044167";"13";"04";"2021";"17:00";"1";"75";"75112";"2";"1";"1";"7";"ROUTES DES BARRIERS";"48,8183400000";"2,4494900000"
"202100044168";"13";"04";"2021";"10:50";"1";"75";"75111";"2";"1";"1";"6";"RUE SAINT MAUR";"48,8697250000";"2,3736680000"
"202100044169";"13";"04";"2021";"09:20";"1";"75";"75110";"2";"2";"1";"3";"AVENUE CLAUDE VELLEFAUX";"48,8752240000";"2,3703180000"
"202100044170";"13";"04";"2021";"16:35";"1";"75";"75107";"2";"2";"1";"3";"AVENUE DUQUESNE";"48,8507170000";"2,3116480000"
"202100044171";"13";"04";"2021";"13:50";"1";"75";"75101";"2";"2";"1";"3";"BOULEVARD DE SEBASTOPOL";"48,8633990000";"2,3509490000"
"202100044172";"12";"04";"2021";"14:30";"1";"94";"94011";"2";"1";"1";"2";"Avenue Jean Rostand";"48,7668000000";"2,4847000000"
"202100044173";"12";"04";"2021";"07:45";"1";"94";"94077";"2";"1";"1";"2";"Avenue Paul Doumer";"48,7385570000";"2,4236840000"
"202100044174";"13";"04";"2021";"12:40";"1";"94";"94018";"2";"1";"1";"2";"Rue de lâEntrepot";"48,8243464181";"2,3995041847"
"202100044175";"12";"04";"2021";"23:15";"5";"93";"93073";"2";"5";"1";"3";"SEPTIEME (AVENUE)";"48,9628727515";"2,5665791423"
"202100044176";"13";"04";"2021";"17:26";"1";"93";"93066";"2";"2";"1";"6";"Boulevard Carnot / Rue Gabriel PÃ©ri";"48,9385250000";"2,3563370000"
"202100044177";"10";"04";"2021";"13:00";"1";"93";"93079";"2";"3";"1";"3";"ROGER SALENGRO";"48,9617065777";"2,3451743940"
"202100044178";"13";"04";"2021";"12:25";"1";"93";"93010";"2";"1";"1";"6";"GALLIENI (AV.) DE 132 A 186";"48,9062280967";"2,4836552045"
"202100044179";"13";"04";"2021";"12:35";"1";"92";"92064";"2";"1";"1";"2";"MARCEL DASSAULT";"48,8576445916";"2,2235512733"
"202100044180";"12";"04";"2021";"22:51";"5";"92";"92050";"2";"3";"9";"3";"HUIT MAI 1945 RUE DU";"48,8906594350";"2,2017797828"
"202100044181";"13";"04";"2021";"14:15";"1";"92";"92049";"2";"5";"1";"3";"MARNE AVENUE DE LA";"48,8175101807";"2,3080408573"
"202100044182";"13";"04";"2021";"12:14";"1";"92";"92049";"2";"2";"1";"3";"JAURES PLACE JEAN";"48,8161400000";"2,3114300000"
"202100044183";"13";"04";"2021";"19:30";"2";"92";"92044";"2";"1";"1";"3";"PIERRE BROSSOLETTE(RUE)";"48,8961992678";"2,2942650318"
"202100044184";"13";"04";"2021";"14:20";"1";"92";"92026";"2";"3";"1";"3";"CIRCULAIRE (BOULEVARD)";"48,8896486035";"2,2501990199"
"202100044185";"13";"04";"2021";"12:40";"1";"92";"92026";"2";"1";"1";"6";"LEONARD DE VINCI";"48,8969231626";"2,2374545038"
"202100044186";"13";"04";"2021";"14:00";"1";"92";"92025";"2";"3";"1";"3";"BOURNARD (RUE DU)";"48,9230844966";"2,2540450577"
"202100044187";"13";"04";"2021";"08:32";"1";"92";"92023";"2";"1";"1";"6";"JEAN JAURES (AVENUE) NÂ°57 A 259 ET 64 A";"48,8095432851";"2,2690243961"
"202100044188";"13";"04";"2021";"14:30";"1";"16";"16083";"1";"1";"1";"7";"Lieu-Dit les Inchauds";"45,9403280000";"0,1135190000"
"202100044189";"26";"03";"2021";"07:20";"2";"974";"97422";"2";"3";"1";"6";"Rue Georges Pompidou";" -21,2531260000";"55,5203760000"
"202100044190";"14";"04";"2021";"12:10";"1";"30";"30334";"1";"3";"1";"3";"D979";"43,9918380000";"4,4122660000"
"202100044191";"11";"04";"2021";"13:00";"1";"35";"35024";"1";"1";"4";"1";"D29";"48,1626040000";" -1,6633240000"
"202100044192";"14";"04";"2021";"17:30";"1";"2B";"2B286";"2";"1";"1";"1";"U Macchione, Querciolo";"42,4858020000";"9,4843070000"
"202100044193";"14";"04";"2021";"11:30";"1";"80";"80010";"2";"1";"1";"1";"9 Rue Sadi Carnot";"49,7562810000";"2,3625520000"
"202100044194";"13";"04";"2021";"18:45";"1";"49";"49176";"1";"4";"1";"2";"La Grande Alnaie (Le Lion-d'Angers)";"47,6120974034";" -0,7774776654"
"202100044195";"14";"04";"2021";"18:50";"1";"41";"41209";"2";"9";"1";"6";"Rd 111";"47,8439970000";"1,1115480000"
"202100044196";"14";"04";"2021";"08:00";"2";"34";"34096";"1";"1";"7";"1";"D909";"43,5809350000";"3,1592130000"
"202100044197";"13";"04";"2021";"17:40";"1";"02";"02361";"2";"1";"1";"7";"Rue de l'Europe";"49,9059470000";"3,6448220000"
"202100044198";"14";"04";"2021";"18:45";"1";"01";"01179";"2";"1";"1";"1";"270 Route de Macon";"46,2595930000";"4,8509250000"
"202100044199";"13";"04";"2021";"08:30";"1";"60";"60686";"1";"1";"7";"1";"D92";"49,2069910000";"2,3972150000"
"202100044200";"13";"04";"2021";"15:00";"1";"07";"07290";"1";"1";"1";"6";"D578";"44,9536380000";"4,5103170000"
"202100044201";"14";"04";"2021";"10:40";"1";"24";"24547";"2";"1";"1";"1";"Avenue Pierre Brossolette";"45,1328420000";"1,2966810000"
"202100044202";"14";"04";"2021";"14:15";"1";"04";"04172";"1";"1";"1";"7";"RD 952";"43,8399460000";"6,1575900000"
"202100044203";"13";"04";"2021";"18:25";"1";"28";"28171";"1";"2";"1";"3";"D20";"48,7133020000";"1,3114550000"
"202100044204";"15";"04";"2021";"00:15";"3";"988";"98805";"1";"1";"1";"7";"ROUTE DE LA NONDOUE";" -22,1463700000";"166,4507460000"
"202100044205";"14";"04";"2021";"16:55";"1";"72";"72230";"1";"1";"1";"6";"D323";"47,8566250000";"0,1023130000"
"202100044206";"14";"04";"2021";"06:45";"2";"38";"38357";"1";"1";"1";"2";"A 43 Pk055.900";"45,5643040000";"5,5194280000"
"202100044207";"14";"04";"2021";"00:15";"3";"45";"45094";"1";"1";"1";"4";"A6-PK 092+100";"48,1509700000";"2,9005620000"
"202100044208";"13";"04";"2021";"06:30";"2";"972";"97228";"1";"1";"2";"5";"Route Nationale 1 Derriere Morne";"14,7646450000";" -60,9810960000"
"202100044209";"13";"04";"2021";"12:40";"1";"78";"78683";"2";"3";"1";"1";"Impasse Charles de Meneau";"48,8131870000";"1,8818160000"
"202100044210";"13";"04";"2021";"17:15";"1";"78";"78668";"1";"3";"1";"3";"N13";"49,0217200000";"1,4996340000"
"202100044211";"14";"04";"2021";"07:45";"1";"13";"13018";"1";"3";"1";"3";"Route de Cavaillon";"43,8453530000";"4,9702840000"
"202100044212";"27";"03";"2021";"16:30";"1";"67";"67263";"2";"3";"1";"6";"Route de Bitche";"49,0043670000";"7,7901330000"
"202100044213";"27";"03";"2021";"19:00";"2";"88";"88321";"2";"1";"1";"1";"route de Rebeuville";"48,3472690000";"5,7014890000"
"202100044214";"14";"04";"2021";"17:30";"1";"38";"38451";"2";"9";"1";"6";"rue de l'Ã©glise";"45,7537780000";"5,2192600000"
"202100044215";"13";"04";"2021";"16:25";"1";"76";"76164";"2";"1";"1";"6";"Place du GÃ©nÃ©ral de Gaulle";"49,5247800000";"0,7293700000"
"202100044216";"14";"04";"2021";"11:25";"1";"60";"60446";"1";"1";"1";"7";"Route RN 2";"49,1343290000";"2,7982520000"
"202100044217";"14";"04";"2021";"12:41";"1";"80";"80432";"1";"1";"1";"7";"A29";"49,8559150000";"2,7605720000"
"202100044218";"13";"04";"2021";"08:00";"1";"13";"13071";"1";"1";"1";"2";"A7-Sens Lyon vers Marseille";"43,4052007831";"5,3192818165"
"202100044219";"13";"04";"2021";"18:07";"1";"33";"33013";"1";"1";"1";"2";"ROUTE NATIONALE 89";"44,8686450000";" -0,5028070000"
"202100044220";"13";"04";"2021";"17:45";"1";"33";"33550";"1";"1";"1";"2";"ROCADE A 630";"44,7836850000";" -0,5883100000"
"202100044221";"13";"04";"2021";"08:30";"1";"91";"91689";"1";"1";"1";"3";"AUTOROUTE A6B";"48,7412000000";"2,3212100000"
"202100044222";"13";"04";"2021";"20:45";"3";"78";"78322";"1";"1";"1";"6";"RN12";"48,7869230000";"2,1504780000"
"202100044223";"13";"04";"2021";"18:35";"1";"95";"95277";"1";"1";"1";"2";"A3";"48,9764466565";"2,4923088714"
"202100044224";"13";"04";"2021";"13:15";"1";"93";"93005";"1";"1";"1";"3";"AUTOROUTE A3";"48,9474800000";"2,4760600000"
"202100044225";"13";"04";"2021";"09:00";"1";"95";"95018";"1";"1";"1";"2";"A15";"48,9607272736";"2,2698121101"
"202100044226";"12";"04";"2021";"12:50";"1";"93";"93078";"1";"1";"1";"5";"AUTOROUTE A104";"48,9706200000";"2,5010300000"
"202100044227";"12";"04";"2021";"09:40";"1";"93";"93010";"1";"1";"1";"2";"AUTOROUTE A3";"48,8936300000";"2,4724200000"
"202100044228";"13";"04";"2021";"18:00";"1";"77";"77373";"1";"1";"1";"7";"RN104";"48,7729003029";"2,6118755203"
"202100044229";"13";"04";"2021";"16:00";"1";"93";"93051";"1";"1";"1";"5";"A4";"48,8357177633";"2,5652346240"
"202100044230";"13";"04";"2021";"09:45";"1";"77";"77294";"1";"1";"1";"2";"A104";"48,9704800000";"2,5714100000"
"202100044231";"13";"04";"2021";"09:00";"1";"77";"77294";"1";"1";"1";"6";"A104";"48,9615236513";"2,6170491103"
"202100044232";"12";"04";"2021";"07:50";"2";"94";"94081";"1";"1";"1";"3";"A86 INT";"48,7741495852";"2,4071918252"
"202100044233";"27";"01";"2021";"03:45";"5";"59";"59599";"2";"1";"4";"2";"PAPIN (CHAUSSEE DENIS)";"50,7293040215";"3,1380934376"
"202100044234";"12";"04";"2021";"20:20";"3";"976";"97611";"1";"1";"1";"3";"kaweni-Kaweni nord ( Z I )";" -12,7585200000";"45,2309800000"
"202100044235";"17";"02";"2021";"12:34";"1";"976";"97611";"2";"1";"1";"6";"kaweni-Poste ( rue de la )";" -12,7722600000";"45,2222000000"
"202100044236";"16";"02";"2021";"18:00";"2";"976";"97611";"2";"1";"1";"6";"m'tsapere-Pont (ruelle du )";" -12,7893500000";"45,2206100000"
"202100044237";"12";"04";"2021";"14:10";"1";"974";"97416";"1";"1";"2";"7";"DELISLES (ROUTE HUBERT) CD3";" -21,3162382198";"55,5464749525"
"202100044238";"12";"04";"2021";"18:55";"1";"69";"69386";"2";"1";"1";"2";"STALINGRAD (BD)";"45,7706796187";"4,8585864157"
"202100044239";"12";"04";"2021";"16:00";"1";"69";"69386";"2";"9";"1";"6";"DOCTEUR MOUISSET (R)";"45,7713030000";"4,8424010000"
"202100044240";"12";"04";"2021";"16:50";"1";"972";"97213";"1";"1";"2";"6";"AUTOROUTE A1";"14,5982716861";" -60,9989976885"
"202100044241";"11";"04";"2021";"18:10";"2";"972";"97213";"1";"1";"1";"2";"ROUTE NATIONALE 1";"14,6227452776";" -60,9897422793"
"202100044242";"12";"04";"2021";"18:40";"1";"69";"69389";"2";"1";"1";"2";"PLATEAU (DU) (AV)";"45,7852051549";"4,7949099541"
"202100044243";"12";"04";"2021";"17:40";"2";"971";"97101";"2";"9";"1";"6";"BOULEVARD DES HEROS";"16,2438000000";" -61,5304100000"
"202100044244";"12";"04";"2021";"07:20";"2";"95";"95019";"2";"9";"8";"6";"COUTURIER PAUL VAILLANT (AVENUE)";"48,9825830396";"2,4211794217"
"202100044245";"12";"04";"2021";"15:20";"1";"91";"91064";"2";"1";"1";"3";"LÃ©on MIGNOTTE (rue)";"48,7564000000";"2,2118900000"
"202100044246";"12";"04";"2021";"10:40";"1";"86";"86194";"2";"1";"1";"3";"Avenue de la LibÃ©ration";"46,5643400000";"0,3175500000"
"202100044247";"12";"04";"2021";"17:45";"1";"83";"83069";"2";"9";"1";"1";"GODILLOT  ( AVENUE ALEXIS )";"43,1137000000";"6,1236000000"
"202100044248";"6";"04";"2021";"15:30";"1";"80";"80021";"2";"1";"1";"6";"SAINT PIERRE (CHAUSSEE)";"49,9026200000";"2,3028200000"
"202100044249";"12";"04";"2021";"14:30";"1";"76";"76540";"2";"2";"1";"3";"RONDEAUX. AVENUE JEAN";"49,4387600000";"1,0797400000"
"202100044250";"4";"04";"2021";"11:10";"1";"67";"67482";"2";"1";"2";"6";"LAZARET (RUE DU)";"48,5640571300";"7,7554724726"
"202100044251";"9";"04";"2021";"15:13";"1";"66";"66136";"2";"1";"1";"3";"ESCARGUEL (COURS LAZARE)";"42,6999800000";"2,8865300000"
"202100044252";"12";"04";"2021";"16:55";"1";"64";"64445";"2";"6";"1";"3";"MARCA";"43,2959120135";" -0,3765300676"
"202100044253";"12";"04";"2021";"06:19";"2";"63";"63113";"2";"2";"1";"3";"FONTGIEVE (RUE)";"45,7821900000";"3,0729900000"
"202100044254";"10";"04";"2021";"16:39";"1";"63";"63113";"2";"1";"1";"4";"SAINT JEAN (BD)";"45,7858000000";"3,1194500000"
"202100044255";"18";"02";"2021";"10:30";"1";"63";"63113";"2";"1";"1";"6";"GROLIERE (RUE DE LA)";"45,7925200000";"3,1062600000"
"202100044256";"19";"02";"2021";"07:21";"3";"63";"63113";"2";"2";"2";"3";"VERLAINE (RUE)";"45,8116800000";"3,1153700000"
"202100044257";"21";"02";"2021";"20:00";"5";"63";"63113";"2";"2";"1";"3";"LAGARLAYE (RUE DE)";"45,7737100000";"3,0823100000"
"202100044258";"20";"02";"2021";"10:38";"1";"63";"63308";"2";"1";"1";"4";"FRANCE (AVENUE ANATOLE)";"45,7645100000";"3,0569300000"
"202100044259";"19";"02";"2021";"15:36";"1";"63";"63113";"2";"1";"1";"3";"LAFAYETTE (BD)";"45,7672700000";"3,1063200000"
"202100044260";"19";"02";"2021";"12:20";"1";"63";"63113";"2";"1";"1";"6";"LAFAYETTE (BD)";"45,7670400000";"3,1066900000"
"202100044261";"12";"04";"2021";"13:45";"1";"61";"61001";"2";"4";"1";"2";"NICOLAS APPERT (RUE )";"48,4492720000";"0,0943810000"
"202100044262";"12";"04";"2021";"09:55";"1";"61";"61001";"2";"6";"1";"7";"TISONS (RUE DES)";"48,4182200000";"0,0977010000"
"202100044263";"12";"04";"2021";"09:45";"1";"61";"61001";"2";"4";"1";"1";"PLENITRE (PLACE DU)";"48,4296600000";"0,0907400000"
"202100044264";"12";"04";"2021";"21:25";"5";"59";"59350";"2";"3";"8";"6";"GUERIN CAMILLE RUE";"50,6274000000";"3,0744900000"
"202100044265";"11";"04";"2021";"17:05";"1";"59";"59350";"1";"1";"1";"6";"ROTONDE AVENUE DE LA";"50,6418061142";"3,0043738751"
"202100044266";"12";"04";"2021";"05:40";"5";"59";"59648";"2";"2";"1";"3";"CLEMENCEAU RUE";"50,5995000000";"3,0532000000"
"202100044267";"12";"04";"2021";"16:40";"1";"54";"54304";"2";"6";"1";"3";"THEURIET (RUE ANDRE)";"48,6947121108";"6,1379329115"
"202100044268";"12";"04";"2021";"18:11";"1";"51";"51454";"2";"3";"1";"2";"Boulevard Dieu LumiÃ¨re";"49,2395534234";"4,0384291489"
"202100044269";"11";"04";"2021";"11:30";"1";"51";"51454";"2";"3";"2";"1";"Rue du GÃ©nÃ©ral CarrÃ©";"49,2555100000";"4,0606300000"
"202100044270";"12";"04";"2021";"18:03";"1";"49";"49007";"2";"1";"1";"3";"SAUMUROISE IMPASSE ET RUE";"47,4561616499";" -0,5306938107"
"202100044271";"12";"04";"2021";"13:01";"1";"45";"45147";"2";"2";"1";"3";"Rue AndrÃ© Dessaux";"47,9209600000";"1,9023100000"
"202100044272";"12";"04";"2021";"08:35";"1";"45";"45302";"2";"1";"1";"2";"RN 60";"47,9452500000";"1,8962200000"
"202100044273";"12";"04";"2021";"20:00";"1";"45";"45338";"1";"1";"1";"6";"D 2060-PR 30 + 1200";"47,9856300000";"2,7004800000"
"202100044274";"8";"04";"2021";"22:15";"5";"44";"44184";"2";"2";"1";"3";"MERMOZ (BOULEVARD JEAN)";"47,2770400000";" -2,2275900000"
"202100044275";"12";"04";"2021";"09:30";"1";"37";"37261";"2";"2";"1";"2";"BERANGER (BOULEVARD)";"47,3897823697";"0,6865104485"
"202100044276";"12";"04";"2021";"07:55";"1";"35";"35238";"2";"1";"1";"6";"OBERTHUR (FRANCOIS-CHARLES)";"48,1119200000";" -1,6624100000"
"202100044277";"12";"04";"2021";"17:47";"1";"33";"33063";"2";"1";"1";"3";"Cours Georges ClÃ©menceau";"44,8429700000";" -0,5791800000"
"202100044278";"12";"04";"2021";"14:45";"1";"33";"33063";"2";"3";"1";"3";"Cours de la Marne";"44,8298300000";" -0,5680400000"
"202100044279";"12";"04";"2021";"21:30";"5";"27";"27701";"2";"1";"2";"1";"BLANCHE (CH. DE LA VOIE) NATION A FALAIS";"49,2691500000";"1,2081400000"
"202100044280";"12";"04";"2021";"11:13";"1";"17";"17300";"2";"1";"1";"6";"TRUDAINE   RUE";"46,1684800000";" -1,1985000000"
"202100044281";"9";"04";"2021";"16:15";"1";"16";"16102";"2";"3";"1";"3";"Bd Denfert Rochereau";"45,6980100000";" -0,3277300000"
"202100044282";"12";"04";"2021";"15:30";"1";"13";"13216";"2";"4";"6";"4";"LITTORAL (CHEMIN DU)";"43,3488337334";"5,3428328588"
"202100044283";"12";"04";"2021";"16:00";"1";"13";"13210";"2";"1";"1";"6";"ROMAIN ROLLAND (BOULEVARD)";"43,2735400000";"5,4134300000"
"202100044284";"12";"04";"2021";"14:40";"1";"13";"13063";"2";"1";"1";"2";"CALAMEAU CHEMIN DE";"43,5839400000";"4,9927100000"
"202100044285";"11";"04";"2021";"21:10";"5";"13";"13005";"2";"3";"2";"1";"GOUMS (AVENUE DES)";"43,2899000000";"5,5598200000"
"202100044286";"8";"04";"2021";"20:40";"5";"11";"11262";"2";"2";"1";"5";"PECLET (RUE)";"43,1874600000";"3,0157900000"
"202100044287";"7";"04";"2021";"10:35";"1";"11";"11262";"2";"2";"1";"3";"VERDOUBLE (RUE DU)";"43,1826100000";"2,9761700000"
"202100044288";"12";"04";"2021";"06:30";"2";"06";"06088";"2";"1";"2";"6";"DELVALLE (RUE PROF.)";"43,7197400000";"7,2836300000"
"202100044289";"9";"04";"2021";"18:45";"1";"05";"05061";"2";"1";"1";"2";"FAURE DU  SERRE ( RUE )";"44,5614000000";"6,0815800000"
"202100044290";"9";"04";"2021";"13:06";"1";"05";"05061";"2";"9";"1";"6";"PIERRE ET MARIE CURIE ( BD)";"44,5616700000";"6,0840300000"
"202100044291";"9";"04";"2021";"14:25";"1";"75";"75120";"2";"1";"1";"4";"AVENUE DE LA PORTE DE VINCENNES";"48,8527130000";"2,4144640000"
"202100044292";"11";"04";"2021";"13:30";"1";"75";"75105";"2";"5";"8";"2";"AVENUE DES GOBELINS";"48,8384620000";"2,3507060000"
"202100044293";"12";"04";"2021";"18:35";"1";"75";"75120";"2";"7";"8";"3";"RUE DES PYRENEES";"48,8650743630";"2,3983442728"
"202100044294";"12";"04";"2021";"08:50";"1";"75";"75119";"2";"3";"1";"3";"RUE DE CRIMEE";"48,8885520000";"2,3792240000"
"202100044295";"12";"04";"2021";"08:20";"1";"75";"75119";"2";"1";"1";"3";"AVENUE JEAN JAURES";"48,8868470000";"2,3857440000"
"202100044296";"12";"04";"2021";"10:50";"1";"75";"75117";"2";"1";"1";"3";"BOULEVARD PEREIRE";"48,8869560000";"2,3030360000"
"202100044297";"12";"04";"2021";"18:30";"1";"75";"75116";"2";"2";"1";"3";"AVENUE DE L HIPPODROME";"48,8578410000";"2,2502780000"
"202100044298";"12";"04";"2021";"12:30";"1";"75";"75115";"2";"2";"1";"2";"RUE LOUIS ARMAND";"48,8320720000";"2,2806520000"
"202100044299";"12";"04";"2021";"18:30";"1";"75";"75111";"2";"1";"1";"6";"RUE DE LA ROQUETTE";"48,8559990000";"2,3756850000"