"Num_Acc";"jour";"mois";"an";"hrmn";"lum";"dep";"com";"agg";"int";"atm";"col";"adr";"lat";"long"
"202100044300";"12";"04";"2021";"11:20";"1";"75";"75111";"2";"2";"1";"3";"BOULEVARD DE MENILMONTANT";"48,8640260000";"2,3859950000"
"202100044301";"12";"04";"2021";"09:39";"1";"75";"75110";"2";"2";"1";"3";"RUE LA FAYETTE";"48,8793300000";"2,3570990000"
"202100044302";"12";"04";"2021";"16:20";"1";"75";"75108";"2";"3";"8";"6";"AVENUE DES CHAMPS ELYSEES";"48,8710830000";"2,3035240000"
"202100044303";"12";"04";"2021";"10:45";"1";"75";"75104";"2";"3";"1";"6";"BOULEVARD HENRI IV";"48,8512060000";"2,3626860000"
"202100044304";"10";"04";"2021";"21:35";"5";"75";"75102";"2";"2";"3";"2";"RUE ETIENNE MARCEL";"48,8644230000";"2,3467050000"
"202100044305";"12";"04";"2021";"11:59";"1";"94";"94028";"2";"1";"1";"6";"RAMON.(RUE DU DOCTEUR)";"48,7736700000";"2,4673200000"
"202100044306";"11";"04";"2021";"15:30";"1";"93";"93073";"2";"1";"8";"6";"PAIX (AVENUE DE LA)";"48,9522900000";"2,5666500000"
"202100044307";"12";"04";"2021";"14:00";"1";"93";"93066";"2";"2";"1";"3";"STADE DE FRANCE (AVENUE DU)";"48,9209800000";"2,3615100000"
"202100044308";"12";"04";"2021";"17:55";"1";"93";"93077";"2";"1";"1";"6";"ROSNY (AVENUE DE)";"48,8845200000";"2,5073300000"
"202100044309";"12";"04";"2021";"18:45";"1";"93";"93053";"2";"1";"1";"5";"STAINS (ROUTE DE)";"48,9046272403";"2,4702135266"
"202100044310";"12";"04";"2021";"10:50";"1";"93";"93053";"2";"1";"1";"6";"STAINS (ROUTE DE)";"48,9048454686";"2,4701106548"
"202100044311";"12";"04";"2021";"18:40";"2";"93";"93048";"2";"1";"1";"6";"GAMBETTA (RUE)";"48,8533465283";"2,4299683450"
"202100044312";"12";"04";"2021";"17:15";"1";"93";"93048";"2";"1";"1";"3";"CHANZY S3 (BOULEVARD)";"48,8585698151";"2,4303220021"
"202100044313";"12";"04";"2021";"18:45";"1";"93";"93001";"2";"1";"1";"6";"WALDECK ROCHET (RUE)";"48,9105511567";"2,3675039609"
"202100044314";"12";"04";"2021";"11:45";"1";"93";"93001";"2";"1";"1";"6";"DANIELLE CASANOVA (RUE)  59 =>";"48,9173300000";"2,3956800000"
"202100044315";"12";"04";"2021";"09:45";"1";"92";"92073";"2";"1";"1";"6";"LANDES (AVENUE DES)";"48,8692492243";"2,2157701850"
"202100044316";"11";"04";"2021";"23:13";"5";"92";"92051";"2";"1";"1";"3";"CHARLES DE GAULLE (AVENUE,NÂ°118 A 192 +";"48,8818900000";"2,2687200000"
"202100044317";"12";"04";"2021";"16:36";"1";"92";"92049";"2";"2";"1";"6";"BRIAND AVENUE ARISTIDE AUTRES NÂ°";"48,8174730920";"2,3254537582"
"202100044318";"27";"03";"2021";"14:10";"1";"92";"92004";"2";"1";"1";"3";"MENIL";"48,9220386521";"2,2826108336"
"202100044319";"2";"04";"2021";"21:15";"5";"92";"92004";"2";"2";"1";"3";"REDOUTE ( AVENUE DE LA  )";"48,9268352181";"2,2733277615"
"202100044320";"12";"04";"2021";"18:10";"1";"37";"37074";"2";"3";"1";"2";"3 rue des reaux";"47,2476339248";"0,1610974968"
"202100044321";"13";"04";"2021";"07:45";"1";"33";"33352";"2";"2";"7";"3";"Chemin de Ronde";"44,5830940000";" -0,0336780000"
"202100044322";"13";"04";"2021";"14:20";"1";"56";"56003";"2";"2";"1";"3";"Rue de l'Ile d'Arz";"47,6332500000";" -2,8175480000"
"202100044323";"13";"04";"2021";"15:30";"1";"55";"55504";"1";"1";"1";"7";"chemin rural de Longeville Ã  Tannois";"48,7266920000";"5,2260800000"
"202100044324";"12";"04";"2021";"17:00";"1";"22";"22366";"1";"1";"7";"3";"Lan drÃ©vrez";"48,6092140000";" -3,6226450000"
"202100044325";"12";"04";"2021";"18:55";"1";"25";"25258";"1";"1";"1";"5";"D67";"47,2201440000";"5,9159340000"
"202100044326";"13";"04";"2021";"11:30";"1";"31";"31341";"2";"2";"1";"3";"Intersection D65 - chemin de TÃ©oulets";"43,7310650000";"1,2919660000"
"202100044327";"13";"04";"2021";"08:20";"1";"84";"84089";"1";"1";"1";"6";"Route de la Bastidonne";"43,6985500000";"5,5538460000"
"202100044328";"12";"04";"2021";"10:30";"1";"14";"14191";"2";"6";"1";"2";"D79";"49,3223279825";" -0,4558146000"
"202100044329";"12";"04";"2021";"17:40";"1";"50";"50082";"2";"1";"1";"6";"Rue de Bricqueville";"49,4690900000";" -1,6342700000"
"202100044330";"12";"04";"2021";"19:30";"2";"18";"18062";"1";"1";"1";"6";"L'Etang Perron";"46,9842960000";"2,9962850000"
"202100044331";"12";"04";"2021";"08:30";"1";"10";"10209";"1";"2";"1";"6";"route dÃ©partementale 619";"48,2440680000";"4,2815670000"
"202100044332";"13";"04";"2021";"18:10";"1";"07";"07334";"2";"1";"1";"6";"RD 901 - LES CONCHETTES";"44,4055270000";"4,1229310000"
"202100044333";"12";"04";"2021";"14:30";"1";"07";"07349";"2";"1";"6";"3";"20 Route du Pouzin";"44,7939860000";"4,7772880000"
"202100044334";"12";"04";"2021";"18:20";"1";"21";"21142";"1";"1";"1";"6";"D971";"47,5142550000";"4,7249790000"
"202100044335";"12";"04";"2021";"18:20";"1";"40";"40046";"2";"3";"7";"2";"Rue du Thym";"44,3861560000";" -1,1675820000"
"202100044336";"15";"02";"2021";"09:30";"1";"973";"97307";"1";"1";"1";"1";"route nationale 2";"4,8639550000";" -52,3333310000"
"202100044337";"12";"04";"2021";"09:30";"1";"76";"76439";"1";"1";"1";"2";"Autoroute A29.";"49,5904970000";"0,4497980000"
"202100044338";"13";"04";"2021";"11:00";"1";"01";"01273";"1";"1";"1";"6";"A40";"46,0770690000";"5,3608940000"
"202100044339";"13";"04";"2021";"02:15";"3";"988";"98831";"2";"1";"2";"7";"Hors RÃ©seau public - Plage de Gatope";" -20,9661380000";"164,6561010000"
"202100044340";"12";"04";"2021";"09:30";"1";"45";"45315";"1";"1";"1";"6";"Route de la levÃ©e de la Loire";"47,7706710000";"2,3951270000"
"202100044341";"13";"04";"2021";"15:10";"1";"11";"11192";"1";"1";"1";"7";"D6113";"43,2887510000";"2,0629450000"
"202100044342";"10";"04";"2021";"05:30";"3";"74";"74127";"1";"1";"1";"7";"rd902";"46,3415950000";"6,5552760000"
"202100044343";"13";"04";"2021";"18:45";"2";"07";"07217";"1";"1";"1";"6";"D 238, PK 4+500";"45,0535710000";"4,7690160000"
"202100044344";"13";"04";"2021";"14:00";"1";"69";"69127";"1";"1";"1";"1";"SAIN-BEL (DE) (RTE)";"45,7912090000";"4,7041060000"
"202100044345";"9";"04";"2021";"01:00";"3";"44";"44047";"1";"1";"1";"7";"N444";"47,2416870000";" -1,6680230000"
"202100044346";"13";"04";"2021";"15:20";"1";"60";"60009";"1";"1";"1";"6";"N31";"49,3953760000";"2,1185160000"
"202100044347";"13";"04";"2021";"08:40";"1";"60";"60103";"1";"1";"7";"3";"Route Departementale 931";"49,4119090000";"2,2605660000"
"202100044348";"10";"04";"2021";"20:10";"3";"62";"62274";"1";"1";"1";"6";"AUTOROUTE A21";"50,4271800000";"2,9871650000"
"202100044349";"12";"04";"2021";"16:00";"1";"93";"93066";"1";"1";"1";"2";"AUTOROUTE A86";"48,9219300000";"2,3613400000"
"202100044350";"12";"04";"2021";"11:00";"1";"95";"95306";"1";"1";"1";"2";" A15";"48,9977300000";"2,1790400000"
"202100044351";"11";"04";"2021";"19:35";"5";"974";"97409";"1";"1";"1";"1";"RN2 DIRECTION ST BENT SORTIE PETIT BAZAR";" -20,9438900000";"55,6494900000"
"202100044352";"11";"04";"2021";"15:35";"1";"972";"97213";"2";"1";"1";"6";"Z I CALIFORNIE";"14,6110600000";" -61,0271800000"
"202100044353";"11";"04";"2021";"18:15";"1";"69";"69034";"2";"1";"2";"7";"JEAN MOULIN (R)";"45,8002700000";"4,8480800000"
"202100044354";"10";"04";"2021";"11:45";"1";"69";"69385";"2";"2";"1";"3";"GENERAL EISENHOWER (AV)";"45,7544541428";"4,7822016478"
"202100044355";"10";"04";"2021";"11:55";"1";"69";"69384";"2";"1";"1";"6";"JACQUES-LOUIS HENON (R)";"45,7795400000";"4,8286340000"
"202100044356";"11";"04";"2021";"17:05";"1";"2A";"2A004";"2";"1";"1";"2";"ROSSINI PASCAL BD";"41,9096587736";"8,7204845858"
"202100044357";"9";"04";"2021";"20:27";"5";"91";"91339";"2";"1";"2";"7";"RUE FROMAGERE";"48,6340300000";"2,2677500000"
"202100044358";"11";"04";"2021";"20:00";"5";"69";"69029";"2";"3";"3";"3";"CAMILLE ROUSSET (AV)";"45,7363500000";"4,9141600000"
"202100044359";"11";"04";"2021";"03:40";"5";"69";"69266";"2";"9";"1";"7";"CHARLES DE GAULLE  (RDPT)";"45,7848600000";"4,8639600000"
"202100044360";"11";"04";"2021";"13:00";"1";"65";"65440";"2";"2";"2";"1";"LASSALLE (RUE GEORGES)";"43,2350300000";"0,0699700000"
"202100044361";"11";"04";"2021";"09:50";"1";"65";"65440";"2";"7";"1";"6";"FOIRAIL (PLACE DU)";"43,2289440000";"0,0834920000"
"202100044362";"10";"04";"2021";"15:30";"1";"42";"42187";"2";"1";"1";"6";"Avenue de la Marne";"46,0550900000";"4,0831100000"
"202100044363";"11";"04";"2021";"13:20";"1";"35";"35278";"1";"1";"4";"4";"ROCADE 16-17";"48,1409800000";" -1,6821100000"
"202100044364";"11";"04";"2021";"17:30";"1";"31";"31555";"2";"1";"2";"3";"EISENHOWER (AVENUE DU GENERAL)";"43,5581000000";"1,4020900000"
"202100044365";"10";"04";"2021";"17:35";"1";"31";"31555";"2";"1";"1";"3";"LARDENNE (AV DE) DU 1AU 84";"43,5899900000";"1,3755200000"
"202100044366";"10";"04";"2021";"12:30";"1";"21";"21231";"2";"4";"1";"3";"JOHN KENNEDY (BOULEVARD)";"47,3085488733";"5,0308429576"
"202100044367";"10";"04";"2021";"12:30";"1";"75";"75101";"2";"3";"8";"6";"PONT NEUF";"48,8568566340";"2,3412772742"
"202100044368";"11";"04";"2021";"01:50";"5";"75";"75117";"2";"3";"2";"7";"BOULEVARD DU BOIS LE PRETRE";"48,8997776274";"2,3191505671"
"202100044369";"11";"04";"2021";"20:45";"3";"75";"75114";"2";"2";"1";"1";"RUE D ALESIA";"48,8318230000";"2,3141660000"
"202100044370";"11";"04";"2021";"01:30";"5";"75";"75107";"2";"2";"2";"3";"QUAI VOLTAIRE";"48,8595450000";"2,3293300000"
"202100044371";"10";"04";"2021";"20:10";"5";"75";"75107";"2";"3";"3";"2";"QUAI ANATOLE FRANCE";"48,8626430000";"2,3190780000"
"202100044372";"11";"04";"2021";"16:15";"1";"94";"94028";"2";"1";"1";"2";"GABIN.(RUE JEAN)";"48,7831100000";"2,4474800000"
"202100044373";"10";"04";"2021";"23:20";"5";"94";"94081";"2";"1";"2";"1";"GROUPE MANOUCHIAN (AV DU)";"48,7902900000";"2,4046500000"
"202100044374";"11";"04";"2021";"21:40";"5";"94";"94078";"2";"9";"1";"3";"Avenue de la Division Leclerc";"48,7446800000";"2,4595100000"
"202100044375";"11";"04";"2021";"14:30";"1";"93";"93073";"1";"1";"1";"3";"CHAPIT RE ( RUE DU)";"48,9836200000";"2,5410500000"
"202100044376";"11";"04";"2021";"17:38";"1";"93";"93064";"2";"1";"1";"6";"BERTHAUDS (RUE DES) 24 - 25 / FIN";"48,8753249462";"2,4877851016"
"202100044377";"11";"04";"2021";"13:05";"1";"93";"93001";"2";"3";"1";"3";"VICTOR HUGO (AVE)  NÂ° 167 =>";"48,9124856990";"2,3801741084"
"202100044378";"11";"04";"2021";"04:55";"5";"92";"92025";"2";"1";"2";"6";"GABRIEL PERI (RUE)";"48,9209635520";"2,2446575761"
"202100044379";"11";"04";"2021";"18:00";"1";"11";"11151";"1";"1";"3";"2";"A61 - PK 331.500";"43,1926930000";"2,4537280000"
"202100044380";"12";"04";"2021";"19:20";"2";"81";"81317";"1";"1";"1";"6";"650 Avenue de Millau";"43,8949978885";"2,3430193030"
"202100044381";"11";"04";"2021";"15:50";"1";"71";"71583";"1";"1";"3";"7";"Autoroute A6 de Lyon Ã  Paris";"46,2579390000";"4,7949740000"
"202100044382";"12";"04";"2021";"13:55";"1";"59";"59653";"2";"1";"8";"6";"Rue du General Koenig";"50,5590890000";"2,9243210000"
"202100044383";"12";"04";"2021";"19:15";"1";"85";"85301";"2";"1";"1";"3";"Rue du Champ de la Foire";"46,8247420000";" -1,1267420000"
"202100044384";"10";"04";"2021";"20:30";"5";"30";"30178";"2";"1";"2";"7";"40 Rue de la RÃ©publique";"44,0720400000";"4,7421050000"
"202100044385";"1";"04";"2021";"13:55";"1";"23";"23095";"1";"1";"1";"7";"Bel Air";"46,1700710000";"1,7040260000"
"202100044386";"11";"04";"2021";"18:00";"1";"47";"47233";"1";"1";"1";"6";"Rue Jean Moulin";"44,5269880000";"0,0929410000"
"202100044387";"12";"04";"2021";"13:00";"1";"34";"34270";"1";"1";"1";"7";"Chemin de Bugarel";"43,5867090000";"3,8358490000"
"202100044388";"31";"03";"2021";"16:55";"1";"34";"34270";"2";"1";"1";"3";"2121 Route de Sete";"43,5646850000";"3,8502040000"
"202100044389";"7";"04";"2021";"09:07";"1";"91";"91272";"2";"6";"9";"1";"Route de la Croix de Fer";"48,7033760000";"2,1261550000"
"202100044390";"11";"04";"2021";"16:30";"1";"62";"62075";"1";"3";"1";"1";"rd 341";"50,7188440000";"1,7352610000"
"202100044391";"10";"04";"2021";"11:40";"1";"56";"56017";"1";"1";"2";"6";"CalpÃ©rit";"47,8689100000";" -2,7499100000"
"202100044392";"10";"04";"2021";"17:00";"1";"82";"82167";"1";"6";"1";"6";"D999";"43,9443733124";"1,4634279907"
"202100044393";"10";"04";"2021";"15:35";"1";"32";"32180";"1";"1";"1";"7";"D931 PK 35+200";"43,8778040000";"0,2160790000"
"202100044394";"11";"04";"2021";"15:15";"1";"11";"11158";"1";"1";"3";"7";"D623";"43,0757490000";"2,1968150000"
"202100044395";"7";"04";"2021";"19:30";"2";"11";"11120";"1";"1";"1";"6";"Route de Chalabre";"43,0530770000";"2,1781090000"
"202100044396";"12";"04";"2021";"08:15";"1";"11";"11418";"1";"9";"1";"5";"D623";"43,2272680000";"2,0329640000"
"202100044397";"10";"04";"2021";"18:15";"1";"63";"63052";"2";"3";"1";"3";"Carrefour D726/D214";"45,4631260000";"3,2665870000"
"202100044398";"9";"04";"2021";"17:00";"1";"63";"63157";"1";"1";"1";"7";"D7";"45,6581850000";"3,4145490000"
"202100044399";"7";"04";"2021";"18:15";"1";"63";"63438";"1";"1";"1";"3";"D 303 route de miolle";"45,7213570000";"3,4761640000"
"202100044400";"12";"04";"2021";"15:10";"1";"68";"68195";"1";"4";"1";"7";"N66";"47,7670260000";"7,2518190000"
"202100044401";"11";"04";"2021";"09:45";"1";"22";"22224";"1";"1";"4";"1";"Route de Kerissy";"48,7094560000";" -3,5020850000"
"202100044402";"12";"04";"2021";"18:00";"1";"39";"39478";"1";"1";"1";"1";"N/A";"46,4219280000";"5,8790540000"
"202100044403";"11";"04";"2021";"15:10";"1";"54";"54222";"1";"1";"3";"6";"D914";"48,5122263639";"6,4957094194"
"202100044404";"11";"04";"2021";"09:10";"1";"83";"83121";"2";"1";"8";"6";"Avenue Victor Hugo";"43,5631150000";"6,2341940000"
"202100044405";"9";"04";"2021";"18:40";"1";"60";"60333";"2";"1";"1";"3";"Avenue Tristan Klingsor";"49,4466090000";"1,9006160000"
"202100044406";"11";"04";"2021";"10:33";"1";"10";"10145";"1";"1";"2";"6";"D23";"48,3215780000";"3,7487300000"
"202100044407";"12";"04";"2021";"16:10";"1";"16";"16002";"1";"1";"1";"6";"Lieu Dit la Clie";"46,0679130000";"0,1999800000"
"202100044408";"9";"04";"2021";"11:10";"1";"40";"40312";"2";"6";"1";"6";"rue jean moulin";"43,5389320000";" -1,4611440000"
"202100044409";"12";"04";"2021";"07:05";"2";"24";"24160";"1";"1";"9";"1";"Lieu dit Les Moles";"45,1004340000";"0,7272650000"
"202100044410";"26";"03";"2021";"16:07";"1";"39";"39447";"1";"1";"1";"7";"N/A";"46,7400080000";"5,5111030000"
"202100044411";"11";"04";"2021";"21:00";"3";"988";"98805";"1";"1";"3";"6";"VE2 PK5+300 Sens NOUMEA PAITA";" -22,1898800000";"166,4407700000"
"202100044412";"11";"04";"2021";"17:45";"1";"35";"35059";"1";"1";"1";"1";"Les Quatre Vents";"48,1699240000";" -1,7492240000"
"202100044413";"9";"04";"2021";"13:00";"1";"35";"35353";"1";"1";"1";"2";"Le Champ NoÃ«l";"48,1176100000";" -1,7298100000"
"202100044414";"12";"04";"2021";"00:30";"3";"30";"30257";"1";"1";"2";"6";"A9 PK 43+150";"43,8770830000";"4,4551120000"
"202100044415";"9";"04";"2021";"12:15";"1";"77";"77238";"2";"4";"1";"3";"Avenue de la FertÃ©";"48,9379290000";"3,1450670000"
"202100044416";"11";"04";"2021";"22:00";"3";"95";"95489";"1";"1";"1";"2";"RD 301";"49,0215900000";"2,3508270000"
"202100044417";"11";"04";"2021";"13:15";"1";"26";"26002";"1";"1";"1";"6";"Autoroute du Soleil";"45,2524890000";"4,8353150000"
"202100044418";"12";"04";"2021";"12:43";"1";"52";"52353";"1";"1";"1";"1";"D 417 PK 17";"48,0503380000";"5,3537210000"
"202100044419";"26";"03";"2021";"14:50";"1";"68";"68323";"1";"1";"1";"7";"D21";"47,6661860000";"7,3893410000"
"202100044420";"11";"04";"2021";"12:35";"1";"68";"68163";"2";"1";"1";"2";"121 RUE DU RHIN";"47,6585660000";"7,5044130000"
"202100044421";"12";"04";"2021";"15:30";"1";"55";"55122";"2";"2";"1";"6";"1 Rue Alphonse Verneau";"48,7604130000";"5,5929660000"
"202100044422";"12";"04";"2021";"08:00";"1";"85";"85277";"1";"1";"1";"6";"PK 47.350";"46,4785800000";" -1,3229900000"
"202100044423";"12";"04";"2021";"17:00";"1";"60";"60012";"2";"1";"1";"3";"Rue de Noailles";"49,2651930000";"2,1606800000"
"202100044424";"27";"03";"2021";"07:35";"1";"13";"13015";"1";"1";"1";"6";"A515CD-Gardanne vers A51-Marseille";"43,4301100000";"5,3900600000"
"202100044425";"10";"04";"2021";"15:11";"1";"13";"13117";"1";"1";"1";"2";"A7-Sens Marseille vers Lyon";"43,4461720000";"5,2426320000"
"202100044426";"11";"04";"2021";"14:55";"1";"33";"33162";"1";"1";"1";"4";"N/A";"44,8749920000";" -0,6355650000"
"202100044427";"11";"04";"2021";"11:06";"1";"94";"94021";"1";"9";"2";"6";"AUTOROUTE A6B";"48,7605900000";"2,3392800000"
"202100044428";"10";"04";"2021";"23:00";"3";"91";"91645";"1";"1";"3";"6";"RN 385 INT";"48,7601462608";"2,2560038800"
"202100044429";"10";"04";"2021";"09:20";"1";"78";"78291";"1";"1";"2";"6";"A13";"48,9681390000";"1,7441690000"
"202100044430";"10";"04";"2021";"16:00";"1";"95";"95572";"1";"1";"2";"5";"RN 184";"49,0338602593";"2,1113769885"
"202100044431";"11";"04";"2021";"08:40";"1";"95";"95572";"1";"1";"2";"6";"A15";"49,0329954298";"2,1081355477"
"202100044432";"11";"04";"2021";"07:50";"1";"95";"95572";"1";"1";"2";"7";" A15";"49,0317700000";"2,1055900000"
"202100044433";"11";"04";"2021";"08:00";"2";"95";"95500";"1";"1";"2";"2";"A15";"49,0414290610";"2,0809355378"
"202100044434";"10";"04";"2021";"11:30";"1";"95";"95394";"1";"1";"2";"6";"AUTOROUTE A115";"49,0516000000";"2,1823400000"
"202100044435";"11";"04";"2021";"10:35";"1";"94";"94073";"1";"1";"2";"6";"A86 EXT";"48,7534800000";"2,3801000000"
"202100044436";"11";"04";"2021";"09:20";"1";"94";"94022";"1";"1";"2";"3";"A86 INT";"48,7765536047";"2,4191581146"
"202100044437";"11";"04";"2021";"00:30";"5";"94";"94017";"1";"1";"2";"4";"A4";"48,8304354758";"2,4932061611"
"202100044438";"10";"04";"2021";"18:00";"1";"77";"77059";"1";"1";"2";"7";"A104";"48,8428000000";"2,6646000000"
"202100044439";"15";"02";"2021";"14:45";"1";"43";"43157";"2";"3";"1";"6";"1 Boulevard du President Bertrand";"45,0363448500";"3,8818109035"
"202100044440";"5";"01";"2021";"19:30";"5";"92";"92025";"2";"1";"1";"1";"VALMY 1 A 53   2 A 66 (BD DE)";"48,9264810000";"2,2531670000"
"202100044441";"10";"04";"2021";"21:20";"5";"974";"97416";"2";"1";"1";"6";"ITEVA (RUE SOSTHENE)";" -21,3392093518";"55,4841589468"
"202100044442";"10";"04";"2021";"19:05";"5";"973";"97302";"2";"1";"2";"3";"MADELEINE (ROUTE DE LA)";"4,9078023700";" -52,3223638000"
"202100044443";"10";"04";"2021";"22:35";"5";"69";"69199";"1";"1";"1";"7";"LOUIS AULAGNE (Q)";"45,7053801019";"4,8444278198"
"202100044444";"10";"04";"2021";"18:25";"1";"69";"69383";"2";"2";"8";"3";"FELIX FAURE (AV)";"45,7531000000";"4,8547300000"
"202100044445";"10";"04";"2021";"07:40";"1";"972";"97209";"1";"1";"1";"6";"RD 41 (ROCADE)";"14,6112900000";" -61,0787700000"
"202100044446";"10";"04";"2021";"11:55";"1";"95";"95268";"2";"2";"2";"6";"AV DU GENERAL DE GAULLE";"48,9766646388";"2,3920402550"
"202100044447";"10";"04";"2021";"14:55";"1";"91";"91021";"1";"1";"2";"3";"RTE NATIONALE 20 DEVIATION";"48,5961100000";"2,2437800000"
"202100044448";"10";"04";"2021";"13:35";"1";"91";"91477";"2";"1";"2";"7";"STALINGRAD (AVENUE DE)";"48,7152550000";"2,2560930000"
"202100044449";"10";"04";"2021";"06:40";"5";"91";"91421";"2";"1";"2";"3";"RENE CASSIN (RUE)";"48,7005710000";"2,4647800000"
"202100044450";"10";"04";"2021";"20:50";"5";"91";"91286";"2";"1";"3";"6";"SERPENTE (RUE DE LA)";"48,6499400000";"2,3745800000"
"202100044451";"9";"04";"2021";"17:35";"1";"86";"86158";"2";"4";"1";"3";"Route de Chardonchamp";"46,6267660000";"0,3305030000"
"202100044452";"10";"04";"2021";"14:20";"1";"82";"82121";"2";"1";"1";"3";"SAINT-NAUPHARY D 999 (ROUTE DE)";"43,9919800000";"1,3895400000"
"202100044453";"10";"04";"2021";"00:55";"5";"76";"76402";"2";"3";"2";"6";"RN 27 (ROUTE DE DIEPPE)";"49,5239400000";"1,0415700000"
"202100044454";"10";"04";"2021";"02:30";"5";"74";"74281";"2";"4";"1";"6";"PRE-CERGUES (BD DU) JUSQU'AU NÂ°17";"46,3665400000";"6,4750600000"
"202100044455";"10";"04";"2021";"21:25";"5";"72";"72181";"2";"1";"2";"2";"BOLLEE (AV) NÂ° PAIRS 154 A 222";"47,9977000000";"0,2156000000"
"202100044456";"9";"04";"2021";"18:20";"1";"62";"62263";"1";"1";"1";"1";"RN 25";"50,2890100000";"2,7095600000"
"202100044457";"10";"04";"2021";"11:35";"1";"54";"54547";"2";"4";"1";"3";"PASTEUR (RUE)";"48,6552500000";"6,1629000000"
"202100044458";"10";"04";"2021";"19:30";"2";"49";"49007";"2";"1";"1";"7";"SAINT LEONARD";"47,4581000000";" -0,5154600000"
"202100044459";"10";"04";"2021";"18:30";"1";"35";"35238";"1";"1";"2";"6";"PORTE DE VILLEJEAN";"48,1243700000";" -1,7185600000"
"202100044460";"10";"04";"2021";"15:10";"1";"34";"34003";"2";"1";"2";"3";"RDP RENÃ BOUSCHET";"43,3111139815";"3,4781923837"
"202100044461";"10";"04";"2021";"12:50";"1";"33";"33063";"2";"1";"1";"2";"Avenue des Trois Cardinaux";"44,8877500000";" -0,5535400000"
"202100044462";"10";"04";"2021";"14:00";"1";"31";"31555";"2";"1";"1";"3";"RTE D ALBI";"43,6350500000";"1,4637900000"
"202100044463";"9";"04";"2021";"11:45";"1";"25";"25462";"2";"2";"1";"3";"DOUBS DE (DU 0 AU 24)";"46,9099000000";"6,3550000000"
"202100044464";"8";"04";"2021";"18:55";"1";"19";"19031";"2";"2";"1";"3";"FRANCE (BOULEVARD ANATOLE)";"45,1609038744";"1,5329682827"
"202100044465";"10";"04";"2021";"11:00";"1";"14";"14118";"2";"1";"3";"2";"Rue de Falaise";"49,1688300000";" -0,3522200000"
"202100044466";"10";"04";"2021";"22:15";"3";"13";"13117";"2";"1";"3";"7";"CD 9 ESTROUBLANS";"43,4276100000";"5,2557000000"
"202100044467";"10";"04";"2021";"21:50";"5";"13";"13210";"2";"1";"2";"2";"ANTOINE DEL BELLO (RUE)";"43,2817900000";"5,4119200000"
"202100044468";"10";"04";"2021";"18:30";"1";"13";"13204";"2";"1";"2";"6";"BOISSON (BOULEVARD)";"43,2998510000";"5,4038920000"
"202100044469";"10";"04";"2021";"15:55";"1";"13";"13209";"2";"1";"8";"3";"MIGNARD (RUE)";"43,2623500000";"5,4023400000"
"202100044470";"7";"04";"2021";"17:40";"1";"13";"13214";"2";"1";"1";"3";"CAPITAINE GEZE (BOULEVARD)";"43,3303950000";"5,3705930000"
"202100044471";"10";"04";"2021";"00:30";"5";"13";"13211";"2";"1";"1";"6";"SAINT LOUP (BOULEVARD DE)";"43,2834500000";"5,4341400000"
"202100044472";"10";"04";"2021";"17:40";"1";"10";"10387";"2";"1";"1";"7";"PROVIDENCE (RUE DE LA )";"48,2842600000";"4,0929700000"
"202100044473";"9";"04";"2021";"13:35";"1";"75";"75116";"2";"1";"1";"2";"ECHANGEUR MAILLOT";"48,8775850000";"2,2794270000"
"202100044474";"9";"04";"2021";"11:55";"1";"75";"75119";"2";"1";"1";"7";"PORTE DU PRE SAINT GERVAIS";"48,8806370000";"2,4049130000"
"202100044475";"8";"04";"2021";"13:55";"1";"75";"75117";"2";"1";"1";"4";"PORTE DE SAINT OUEN";"48,9003480000";"2,3221740000"
"202100044476";"8";"04";"2021";"16:40";"1";"75";"75116";"2";"2";"1";"2";"ALLEE DE LA REINE MARGUERITE";"48,8548320000";"2,2423960000"
"202100044477";"10";"04";"2021";"15:02";"1";"75";"75119";"2";"2";"1";"6";"AVENUE DE FLANDRE";"48,8883940000";"2,3741350000"
"202100044478";"10";"04";"2021";"02:52";"5";"75";"75118";"2";"3";"8";"6";"BOULEVARD BARBES";"48,8872680000";"2,3495650000"
"202100044479";"10";"04";"2021";"06:10";"5";"75";"75118";"2";"4";"2";"3";"RUE CARPEAUX";"48,8909730000";"2,3314440000"
"202100044480";"10";"04";"2021";"03:40";"5";"75";"75116";"2";"2";"3";"3";"ALLEE DE LA REINE MARGUERITE";"48,8566780000";"2,2436250000"
"202100044481";"10";"04";"2021";"17:30";"1";"75";"75115";"2";"1";"1";"6";"RUE DU DOCTEUR ROUX";"48,8402730000";"2,3106050000"
"202100044482";"10";"04";"2021";"21:35";"5";"75";"75114";"2";"4";"3";"6";"AVENUE DU MAINE";"48,8385553098";"2,3226102324"
"202100044483";"10";"04";"2021";"10:15";"1";"75";"75114";"2";"1";"2";"3";"BOULEVARD BRUNE";"48,8253250000";"2,3163800000"
"202100044484";"10";"04";"2021";"09:10";"1";"75";"75112";"2";"5";"2";"3";"AVENUE DE SAINT MANDE";"48,8446690000";"2,4057460000"
"202100044485";"10";"04";"2021";"15:30";"1";"75";"75111";"2";"1";"2";"3";"BOULEVARD VOLTAIRE";"48,8539460000";"2,3866130000"
"202100044486";"10";"04";"2021";"06:17";"5";"75";"75110";"2";"1";"2";"6";"RUE DU FAUBOURG SAINT DENIS";"48,8810260000";"2,3579900000"
"202100044487";"10";"04";"2021";"02:30";"5";"75";"75109";"2";"1";"2";"7";"RUE DROUOT";"48,8745000000";"2,3408100000"
"202100044488";"9";"04";"2021";"22:05";"5";"75";"75101";"2";"2";"2";"3";"RUE DE RIVOLI";"48,8627860000";"2,3352680000"