"Num_Acc";"jour";"mois";"an";"hrmn";"lum";"dep";"com";"agg";"int";"atm";"col";"adr";"lat";"long"
"202100044489";"9";"04";"2021";"16:00";"1";"94";"94068";"2";"2";"1";"3";"FOCH (AV)";"48,7999000000";"2,4976000000"
"202100044490";"7";"04";"2021";"10:15";"1";"94";"94034";"2";"1";"1";"6";"Rue Henri Barbusse";"48,7560000000";"2,3220000000"
"202100044491";"10";"04";"2021";"14:50";"1";"93";"93050";"2";"1";"2";"3";"HUIT MAI 1945";"48,8600000000";"2,5300000000"
"202100044492";"10";"04";"2021";"15:30";"1";"92";"92064";"2";"1";"2";"7";"MARECHAL JUIN";"48,8405301860";"2,2218641639"
"202100044493";"9";"04";"2021";"10:25";"1";"92";"92051";"2";"1";"1";"2";"CHARLES DE GAULLE (AVENUE, NÂ° 18 A 116)";"48,8814843116";"2,2716245055"
"202100044494";"10";"04";"2021";"16:05";"1";"92";"92025";"2";"1";"1";"2";"EDGARD QUINET (BD)";"48,9234321060";"2,2491556406"
"202100044495";"21";"03";"2021";"12:15";"1";"37";"37232";"1";"1";"1";"7";"rue ferrÃ©e";"47,2917793767";"0,2778637221"
"202100044496";"10";"04";"2021";"10:50";"1";"86";"86183";"1";"1";"1";"6";"Les Landes";"46,9386360000";"0,6451520000"
"202100044497";"10";"04";"2021";"17:00";"1";"972";"97220";"2";"1";"1";"7";"N8 - Quartier Lourdes";"14,4940420000";" -60,8952000000"
"202100044498";"11";"04";"2021";"13:15";"1";"52";"52014";"1";"1";"3";"6";"a31 pk 96+500";"47,7671737656";"5,1909756656"
"202100044499";"10";"04";"2021";"23:45";"3";"974";"97414";"1";"1";"1";"1";"D3";" -21,2546720000";"55,4257090000"
"202100044500";"11";"04";"2021";"07:20";"2";"06";"06095";"1";"1";"8";"7";"Boulevard des 5 Communes";"43,6481770000";"6,8863460000"
"202100044501";"10";"04";"2021";"01:50";"5";"66";"66186";"2";"1";"1";"7";"Chemin de la Fosseille";"42,6672349887";"2,9848316895"
"202100044502";"11";"04";"2021";"16:10";"1";"76";"76622";"1";"1";"1";"7";"Route du Petit Long";"49,4653980000";"0,6170310000"
"202100044503";"10";"04";"2021";"08:45";"1";"80";"80443";"1";"2";"2";"7";"D18";"49,8675960000";"1,9052700000"
"202100044504";"11";"04";"2021";"03:00";"3";"82";"82025";"1";"1";"1";"6";"1096 route de montbartier";"43,9598086807";"1,3155562711"
"202100044505";"11";"04";"2021";"00:10";"3";"63";"63317";"1";"1";"1";"6";"D1093";"45,9514690000";"3,3239710000"
"202100044506";"10";"04";"2021";"17:20";"1";"12";"12052";"2";"4";"1";"3";"ZA de la Rotonde";"44,5805260000";"2,0772260000"
"202100044507";"11";"04";"2021";"00:40";"3";"39";"39013";"1";"1";"1";"6";"N/A";"46,8987760000";"5,7453480000"
"202100044508";"9";"04";"2021";"12:40";"1";"85";"85130";"2";"1";"1";"6";"Rue du Lac";"46,7546210000";" -1,6828110000"
"202100044509";"10";"04";"2021";"22:30";"3";"17";"17165";"1";"1";"2";"7";"Fief des Caves";"45,9071270000";" -0,4597510000"
"202100044510";"11";"04";"2021";"07:00";"3";"17";"17317";"1";"1";"1";"7";"Le Moulin de Barret";"45,4310490000";" -0,6662930000"
"202100044511";"10";"04";"2021";"02:40";"3";"37";"37273";"1";"1";"1";"6";"D140";"47,3811260000";"0,7878880000"
"202100044512";"10";"04";"2021";"15:45";"1";"987";"98738";"2";"1";"1";"3";"PK 009+200";" -17,5852850000";" -149,6142090000"
"202100044513";"10";"04";"2021";"19:15";"1";"06";"06149";"1";"1";"2";"6";"A8 PK205+700 SENS ITALIE- FRANCE";"43,7441500000";"7,3498210000"
"202100044514";"11";"04";"2021";"11:45";"1";"988";"98808";"1";"1";"1";"6";"Lieu dit KAPOUE";" -21,2771100000";"165,6395600000"
"202100044515";"11";"04";"2021";"05:10";"3";"977";"97701";"2";"1";"1";"1";"LORIENT";"17,9065390000";" -62,8280640000"
"202100044516";"9";"04";"2021";"15:50";"1";"18";"18207";"2";"7";"1";"6";"Place de la RÃ©publique";"46,9927680000";"2,2443870000"
"202100044517";"9";"04";"2021";"18:40";"1";"45";"45139";"1";"1";"1";"1";"D26-PR 6 + 400";"48,1857080000";"2,3121550000"
"202100044518";"10";"04";"2021";"16:00";"1";"91";"91338";"2";"7";"2";"6";"Place du General de Gaulle";"48,6458120000";"2,0764000000"
"202100044519";"10";"04";"2021";"14:30";"1";"78";"78557";"1";"1";"2";"6";"RD 906";"48,6344400000";"1,7493150000"
"202100044520";"11";"04";"2021";"17:27";"1";"2B";"2B059";"1";"1";"8";"7";"T30";"42,4824470000";"9,1977450000"
"202100044521";"11";"04";"2021";"15:32";"1";"04";"04195";"1";"1";"8";"6";"RD 900 (Les Graves du Riou Bourdoux)";"44,3855010000";"6,6116290000"
"202100044522";"11";"04";"2021";"14:00";"1";"13";"13004";"1";"1";"1";"1";"Rte de St Gilles";"43,4111250000";"4,7266190000"
"202100044523";"11";"04";"2021";"02:15";"3";"81";"81143";"1";"1";"1";"7";"Chemin de la Veyrie";"43,5284980000";"2,1044080000"
"202100044524";"11";"04";"2021";"06:20";"3";"33";"33483";"2";"1";"2";"6";"Route de Vayres";"44,8881906829";" -0,3658747673"
"202100044525";"10";"04";"2021";"20:15";"2";"35";"35090";"2";"1";"2";"6";"6 allÃ©e du Clos des vignes";"47,9358274841";" -1,6631115675"
"202100044526";"10";"04";"2021";"02:07";"3";"33";"33281";"1";"1";"1";"6";"ROCADE A 630";"44,8326980000";" -0,6765920000"
"202100044527";"10";"04";"2021";"18:35";"1";"91";"91064";"1";"1";"3";"7";"RN 118";"48,7500960000";"2,2213650000"
"202100044528";"10";"04";"2021";"08:06";"1";"91";"91471";"1";"1";"2";"6";"RN 118";"48,6941700000";"2,1925800000"
"202100044529";"10";"04";"2021";"16:20";"1";"92";"92025";"1";"1";"2";"6";"A86";"48,9231213777";"2,2286452406"
"202100044530";"10";"04";"2021";"05:50";"3";"78";"78571";"1";"1";"2";"6";"A13";"48,8626830000";"2,0428740000"
"202100044531";"10";"04";"2021";"01:55";"3";"92";"92036";"1";"1";"2";"3";"A86";"48,9355920008";"2,2623961286"
"202100044532";"10";"04";"2021";"10:50";"1";"93";"93053";"1";"1";"2";"7";"AUTOROUTE A86";"48,9020800000";"2,4681300000"
"202100044533";"10";"04";"2021";"01:20";"3";"95";"95582";"1";"1";"2";"2";"A15";"48,9659947878";"2,2575928388"
"202100044534";"10";"04";"2021";"18:15";"1";"77";"77294";"1";"1";"8";"6";"A104";"48,9712300000";"2,5951700000"
"202100044535";"9";"04";"2021";"16:20";"1";"974";"97411";"2";"1";"1";"6";"GOUNOD (CHARLES)";" -20,8772000000";"55,4537600000"
"202100044536";"9";"04";"2021";"15:40";"1";"69";"69259";"2";"2";"1";"3";"PROFESSEUR ROUX (DU) (R)";"45,7194114600";"4,8591618100"
"202100044537";"9";"04";"2021";"10:10";"1";"69";"69386";"2";"2";"1";"6";"SULLY (R)";"45,7714407660";"4,8519980907"
"202100044538";"8";"04";"2021";"18:40";"5";"972";"97213";"1";"1";"1";"3";"ROUTE DEPARTEMENTALE 3";"14,6198900000";" -60,9874800000"
"202100044539";"9";"04";"2021";"17:00";"1";"972";"97209";"2";"3";"1";"3";"BALATA (ROUTE DE)";"14,6343000000";" -61,0729300000"
"202100044540";"8";"04";"2021";"18:35";"5";"972";"97209";"1";"1";"1";"4";"AUTOROUTE (A1)";"14,6183435540";" -61,0361623766"
"202100044541";"7";"04";"2021";"07:45";"2";"69";"69286";"2";"6";"1";"2";"MAS RILLIER (DU) (RTE)";"45,8236929760";"4,9185919762"
"202100044542";"7";"04";"2021";"16:25";"1";"971";"97113";"2";"1";"1";"2";"PETIT HAVRE (SECTEUR)";"16,2140000000";" -61,4286200000"
"202100044543";"9";"04";"2021";"22:20";"5";"91";"91589";"2";"1";"2";"2";"AV DES MARRONNIERS";"48,6924280000";"2,3507610000"
"202100044544";"6";"04";"2021";"12:04";"1";"89";"89387";"1";"1";"1";"1";"BD DES NOYERS POMPONS ";"48,2037800000";"3,3201900000"
"202100044545";"9";"04";"2021";"18:20";"1";"88";"88160";"2";"1";"1";"3";"SAINT-MICHEL (RUE)";"48,1775000000";"6,4566900000"
"202100044546";"8";"04";"2021";"20:00";"1";"83";"83123";"2";"1";"1";"7";"BORY (CHEMIN ET IMPASSE)";"43,1169700000";"5,7876500000"
"202100044547";"8";"04";"2021";"17:40";"1";"79";"79191";"2";"1";"1";"4";"Boulevard Pierre MendÃ¨s France";"46,3353200000";" -0,4101400000"
"202100044548";"4";"04";"2021";"10:30";"1";"78";"78126";"2";"1";"1";"6";"DUCHESNE LUCIEN RENE (AVENUE)";"48,8447900000";"2,1336600000"
"202100044549";"6";"04";"2021";"14:08";"1";"78";"78646";"2";"1";"1";"3";"ETATS GENERAUX (RUE DES)";"48,7985000000";"2,1343800000"
"202100044550";"9";"04";"2021";"18:33";"1";"78";"78638";"2";"1";"1";"3";"MOULIN A VENT (CHEMIN DU )";"49,0161500000";"1,9595200000"
"202100044551";"4";"04";"2021";"17:52";"1";"78";"78361";"2";"2";"1";"3";"BD GEORGES CLEMENCEAU 1";"49,0020100000";"1,6869600000"
"202100044552";"8";"04";"2021";"12:30";"1";"77";"77152";"2";"3";"1";"6";"JAURES(AVENUE JEAN)";"48,5266700000";"2,6472000000"
"202100044553";"9";"04";"2021";"18:50";"1";"72";"72181";"2";"1";"2";"6";"LEFAUCHEUX PIERRE (BD)";"47,9768200000";"0,1707000000"
"202100044554";"9";"04";"2021";"04:40";"3";"72";"72181";"2";"2";"1";"3";"LEFAUCHEUX PIERRE (BD)";"47,9545600000";"0,1797100000"
"202100044555";"8";"04";"2021";"08:50";"1";"72";"72181";"2";"1";"1";"6";"COMEDIE (RUE DE LA)";"48,0078000000";"0,1977000000"
"202100044556";"9";"04";"2021";"15:15";"1";"71";"71153";"2";"1";"1";"6";"61 Rue Edith Cavell";"46,7974400000";"4,4234500000"
"202100044557";"9";"04";"2021";"08:53";"1";"69";"69029";"2";"3";"6";"3";"GENAS (DE) (RTE)";"45,7478000000";"4,9217800000"
"202100044558";"8";"04";"2021";"15:25";"1";"69";"69275";"2";"1";"1";"6";"JEAN MACE                           (AV)";"45,7655600000";"4,9563700000"
"202100044559";"8";"04";"2021";"17:20";"1";"67";"67482";"2";"1";"1";"3";"GENERAL DE GAULLE (ROUTE DU)";"48,5973840000";"7,7410900000"
"202100044560";"9";"04";"2021";"15:00";"1";"64";"64024";"2";"1";"1";"2";"ETCHECOPAR (ALLEE)";"43,4645500000";" -1,5320900000"
"202100044561";"9";"04";"2021";"06:43";"2";"63";"63113";"2";"2";"1";"3";"Durant/Lavoisier";"45,7860500000";"3,0796800000"
"202100044562";"8";"04";"2021";"12:26";"1";"56";"56121";"2";"2";"1";"3";"FREBAULT (RUE  DU GENERAL )";"47,7401400000";" -3,3752600000"
"202100044563";"8";"04";"2021";"11:10";"1";"56";"56083";"1";"2";"1";"3";"ALLENDE ( AV. PRES. SALVADOR )";"47,8106400000";" -3,2523500000"
"202100044564";"8";"04";"2021";"16:15";"1";"54";"54274";"2";"3";"1";"6";"LECLERC (RUE DU GENERAL)";"48,6690826932";"6,1994589721"
"202100044565";"8";"04";"2021";"07:50";"1";"54";"54339";"2";"1";"1";"6";"MATHIEU DE DOMBASLE (RUE)";"48,7251100000";"6,1787400000"
"202100044566";"9";"04";"2021";"17:40";"1";"53";"53130";"2";"1";"8";"3";"JAURES ( BOULEVARD JEAN )";"48,0647950000";" -0,7902020000"
"202100044567";"8";"04";"2021";"16:50";"1";"50";"50129";"2";"2";"1";"2";"CONQUERANT (BOULEVARD GUILLAUME LE)";"49,6419900000";" -1,6368800000"
"202100044568";"8";"04";"2021";"16:20";"1";"37";"37261";"2";"1";"1";"7";"AUBERDIERE (RUE DE L')";"47,3632105685";"0,6951368900"
"202100044569";"9";"04";"2021";"11:50";"1";"35";"35281";"2";"2";"1";"2";"Rue de la Jaunais de Mivoie";"48,0691010000";" -1,7037250000"
"202100044570";"8";"04";"2021";"19:30";"1";"35";"35206";"1";"1";"1";"2";"PORTE DE BREQUIGNY";"48,0790800000";" -1,6902200000"
"202100044571";"6";"04";"2021";"10:10";"1";"34";"34032";"2";"1";"1";"6";"FOUCAULT JEAN (AV)";"43,3317000000";"3,2563800000"
"202100044572";"9";"04";"2021";"16:25";"1";"33";"33529";"1";"1";"1";"6";"Piste 214";"44,5861550000";" -1,2033330000"
"202100044573";"5";"04";"2021";"18:10";"1";"31";"31555";"2";"3";"1";"3";"CHE DU SANG DE SERP";"43,6190770000";"1,4258140000"
"202100044574";"8";"04";"2021";"17:05";"1";"29";"29232";"2";"1";"1";"7";"Rue Jehan Lagadeuc";"48,0055809291";" -4,1054467857"
"202100044575";"9";"04";"2021";"07:45";"1";"17";"17291";"1";"1";"2";"2";"33 PK RN11 NANTES ROCADE";"46,1724800000";" -1,1191500000"
"202100044576";"8";"04";"2021";"16:10";"1";"17";"17299";"2";"3";"1";"3";"DENFERT ROCHEREAU RUE";"45,9401100000";" -0,9656200000"
"202100044577";"9";"04";"2021";"18:00";"1";"13";"13211";"2";"1";"1";"2";"BARASSE (BOULEVARD)";"43,2846640000";"5,4859950000"
"202100044578";"9";"04";"2021";"19:30";"2";"13";"13207";"2";"4";"1";"1";"MARIUS THOMAS (BOULEVARD)";"43,2836000000";"5,3633500000"
"202100044579";"9";"04";"2021";"12:45";"1";"13";"13216";"2";"1";"1";"1";"LITTORAL (CHEMIN DU)";"43,3485662673";"5,3430420774"
"202100044580";"9";"04";"2021";"09:00";"1";"13";"13209";"2";"1";"1";"3";"REGNY (TRAVERSE)";"43,2638025432";"5,4189317462"
"202100044581";"9";"04";"2021";"07:15";"1";"13";"13212";"2";"9";"1";"3";"BOISERAIE (RUE)";"43,2967400000";"5,4219900000"
"202100044582";"9";"04";"2021";"18:50";"1";"10";"10387";"2";"2";"7";"3";"PREIZE (RUE DE)";"48,3047500000";"4,0709400000"
"202100044583";"5";"04";"2021";"15:30";"1";"07";"07316";"1";"1";"1";"7";"LONES (PONT DES)";"44,9088000000";"4,8659200000"
"202100044584";"9";"04";"2021";"19:00";"1";"06";"06088";"2";"2";"1";"3";"ROUGET-DE-LISLE (R.)";"43,7070500000";"7,2666070000"
"202100044585";"7";"04";"2021";"19:00";"1";"06";"06104";"2";"1";"1";"1";"JAURES (AVENUE JEAN)";"43,7563600000";"7,4489500000"
"202100044586";"6";"04";"2021";"16:55";"1";"01";"01289";"1";"2";"1";"3";"LENT ( ROUTE DE )";"46,1650500000";"5,2206000000"
"202100044587";"9";"04";"2021";"11:40";"1";"75";"75113";"2";"1";"1";"6";"RUE DE L AMIRAL MOUCHEZ";"48,8198608687";"2,3443096876"
"202100044588";"8";"04";"2021";"06:29";"2";"75";"75113";"2";"2";"1";"3";"BOULEVARD AUGUSTE BLANQUI";"48,8310987072";"2,3442560434"
"202100044589";"9";"04";"2021";"00:50";"5";"75";"75120";"2";"7";"1";"6";"AVENUE GAMBETTA";"48,8649620000";"2,3955360000"
"202100044590";"9";"04";"2021";"18:05";"1";"75";"75119";"2";"2";"2";"6";"RUE DE CRIMEE";"48,8795840000";"2,3895060000"
"202100044591";"9";"04";"2021";"14:20";"1";"75";"75119";"2";"1";"1";"6";"AVENUE JEAN JAURES";"48,8868270000";"2,3855920000"
"202100044592";"9";"04";"2021";"11:00";"1";"75";"75117";"2";"2";"1";"4";"AVENUE DE CLICHY";"48,8915610000";"2,3184860000"
"202100044593";"9";"04";"2021";"20:15";"5";"75";"75114";"2";"2";"2";"2";"BOULEVARD ROMAIN ROLLAND";"48,8198660000";"2,3254860000"
"202100044594";"9";"04";"2021";"13:15";"1";"75";"75113";"2";"1";"1";"3";"AVENUE D ITALIE";"48,8276770000";"2,3568080000"
"202100044595";"9";"04";"2021";"19:05";"1";"75";"75112";"2";"2";"1";"6";"AVENUE DE NOGENT";"48,8389920000";"2,4602960000"
"202100044596";"9";"04";"2021";"19:40";"2";"75";"75108";"2";"2";"2";"7";"AVENUE MYRON HERRICK";"48,8730970000";"2,3100340000"
"202100044597";"9";"04";"2021";"09:40";"1";"75";"75109";"2";"5";"1";"3";"RUE AUBER";"48,8730240000";"2,3283160000"
"202100044598";"8";"04";"2021";"16:20";"1";"94";"94081";"2";"3";"1";"1";"JULIAN GRIMAU (R)";"48,7750000000";"2,3780000000"
"202100044599";"9";"04";"2021";"14:30";"1";"94";"94076";"2";"2";"1";"3";"Boulevard Maxime Gorki";"48,7912500000";"2,3698700000"
"202100044600";"9";"04";"2021";"10:15";"1";"94";"94022";"2";"9";"1";"3";"Avenue Gambetta";"48,7636840000";"2,4034240000"
"202100044601";"9";"04";"2021";"08:30";"1";"94";"94073";"2";"1";"1";"1";"ALOUETTES (R DES)";"48,7540170000";"2,3826360000"
"202100044602";"9";"04";"2021";"14:25";"1";"94";"94028";"2";"1";"1";"2";"LECLERC.(RUE DU GENERAL)";"48,7871200000";"2,4684600000"
"202100044603";"9";"04";"2021";"16:50";"1";"94";"94019";"2";"1";"1";"1";"Rue Aristide Briand";"48,7980400000";"2,5337200000"
"202100044604";"9";"04";"2021";"12:20";"1";"94";"94060";"2";"1";"1";"2";"GENERAL DE GAULLE (R DU)";"48,7800100000";"2,5781800000"
"202100044605";"9";"04";"2021";"19:40";"5";"94";"94017";"2";"1";"3";"6";"Avenue de la RÃ©publique";"48,8232550000";"2,5104200000"
"202100044606";"9";"04";"2021";"19:00";"2";"94";"94002";"2";"1";"1";"6";"EMILE ZOLA (R)";"48,7993200000";"2,4250600000"
"202100044607";"9";"04";"2021";"16:00";"1";"93";"93066";"2";"1";"1";"2";"BOULOGNE";"48,9439600000";"2,3677400000"
"202100044608";"8";"04";"2021";"10:53";"1";"93";"93055";"2";"1";"1";"6";"JEAN LOLIVE (AVENUE)(1/55 2/60)";"48,8909700000";"2,4016500000"
"202100044609";"9";"04";"2021";"21:20";"5";"93";"93048";"2";"1";"2";"3";"HENRI BARBUSSE (BOULEVARD)";"48,8697900000";"2,4402800000"
"202100044610";"8";"04";"2021";"15:44";"1";"93";"93063";"2";"1";"1";"1";"DUMAS ALEXANDRE";"48,8764400000";"2,4405100000"
"202100044611";"8";"04";"2021";"22:15";"5";"93";"93001";"2";"1";"1";"1";"PONT BLANC.CHARLES TILLON (RUE) =>72";"48,9168277552";"2,3928254843"
"202100044612";"9";"04";"2021";"15:52";"1";"92";"92046";"2";"1";"1";"3";"ETIENNE DOLET (RUE)";"48,8139672068";"2,3001953959"
"202100044613";"8";"04";"2021";"08:50";"1";"92";"92062";"2";"1";"1";"6";"KUPKA (RUE FRANCK) TOUR";"48,8909400000";"2,2304000000"
"202100044614";"8";"04";"2021";"10:00";"1";"92";"92049";"2";"1";"1";"6";"BROSSOLETTE AVENUE PIERRE";"48,8148609217";"2,3039424419"
"202100044615";"9";"04";"2021";"18:55";"1";"92";"92024";"2";"1";"1";"6";"GENERAL LECLERC (RUE DU) DE (81 A 109)  ";"48,9069748753";"2,3087570071"
"202100044616";"8";"04";"2021";"13:10";"1";"92";"92012";"2";"3";"1";"3";"EDOUARD VAILLANT (AVENUE) DEBUT/56 - COT";"48,8355320216";"2,2494426370"
"202100044617";"9";"04";"2021";"20:35";"5";"92";"92014";"2";"2";"3";"3";"GENERAL LECLERC (AV.) (1 A 55BIS - 2 A 4";"48,7842501022";"2,3172459487"
"202100044618";"10";"04";"2021";"02:30";"5";"54";"54456";"2";"1";"1";"6";"Rue Charles Berlet";"48,7028006447";"6,3874340066"
"202100044619";"10";"04";"2021";"13:55";"1";"76";"76126";"1";"1";"3";"6";"A28 - PK68+500 vers ABBEVILLE";"49,6784630000";"1,3414960000"
"202100044620";"10";"04";"2021";"08:10";"1";"58";"58064";"1";"1";"2";"6";"Chemin de Compostelle";"47,2730720000";"3,2465910000"
"202100044621";"9";"03";"2021";"07:55";"1";"71";"71230";"2";"1";"1";"7";"6 Rue Jean Mermoz";"46,6008210000";"4,0504570000"
"202100044622";"8";"04";"2021";"16:00";"1";"63";"63382";"1";"1";"7";"1";"Lieu Dit Fontbonne";"46,0606360000";"2,9836890000"
"202100044623";"10";"04";"2021";"11:00";"1";"39";"39498";"2";"2";"1";"3";"N/A";"47,1661540000";"5,7951330000"
"202100044624";"8";"04";"2021";"12:00";"1";"44";"44148";"2";"2";"1";"7";"Place de l'Eglise";"47,7573070000";" -1,4946880000"
"202100044625";"9";"04";"2021";"10:42";"1";"31";"31033";"2";"1";"1";"7";"27 route de toulouse";"43,3522860000";"1,4696900000"
"202100044626";"9";"04";"2021";"16:15";"1";"02";"02757";"2";"3";"1";"1";"Rue Bovalon";"49,9242200000";"3,5794670000"
"202100044627";"9";"04";"2021";"17:30";"1";"84";"84009";"1";"3";"1";"3";"intersection D27/D42";"43,7865790000";"5,6452240000"
"202100044628";"9";"04";"2021";"20:00";"1";"85";"85191";"1";"6";"1";"1";"A87";"46,6727170000";" -1,3585870000"
"202100044629";"9";"04";"2021";"20:00";"1";"50";"50604";"1";"1";"1";"1";"La Lague";"49,5463790000";" -1,8459500000"
"202100044630";"9";"04";"2021";"12:08";"1";"16";"16028";"2";"1";"1";"6";"rue Victor Hugo";"45,4717220000";" -0,1543290000"
"202100044631";"7";"04";"2021";"08:10";"1";"17";"17359";"1";"1";"1";"3";"D115";"46,1005450000";" -0,6785700000"
"202100044632";"24";"02";"2021";"14:00";"1";"06";"06085";"1";"1";"1";"3";"Chemin du Grand Vallon";"43,5970750000";"6,9661260000"
"202100044633";"9";"04";"2021";"18:45";"3";"973";"97305";"1";"1";"1";"6";"PK16.100 RN1";"4,9398300000";" -52,4111580000"
"202100044634";"2";"04";"2021";"16:45";"1";"77";"77203";"1";"2";"1";"3";"D97";"48,9890890000";"2,9408810000"
"202100044635";"9";"04";"2021";"18:05";"1";"11";"11410";"1";"1";"2";"3";"D38";"43,2553150000";"2,4237510000"
"202100044636";"8";"04";"2021";"15:40";"1";"83";"83127";"1";"1";"1";"6";"D2";"43,2708470000";"5,7903740000"
"202100044637";"31";"03";"2021";"12:00";"1";"67";"67473";"1";"3";"1";"3";"CD 118";"48,5800780000";"7,4703170000"
"202100044638";"9";"04";"2021";"18:45";"1";"01";"01262";"1";"1";"1";"2";"D2a";"45,9045680000";"5,0145720000"
"202100044639";"10";"04";"2021";"16:27";"1";"81";"81140";"1";"1";"1";"2";"D112";"43,6917850000";"1,7745710000"
"202100044640";"10";"04";"2021";"14:05";"1";"64";"64478";"1";"3";"1";"3";"D217";"43,2883100000";" -0,4381710000"
"202100044641";"8";"04";"2021";"09:30";"1";"49";"49021";"1";"1";"1";"3";"D59";"47,4356930000";" -0,2031400000"
"202100044642";"9";"04";"2021";"10:10";"1";"91";"91617";"1";"1";"1";"2";"RN 104";"48,6315300000";"2,5107400000"
"202100044643";"8";"04";"2021";"23:45";"3";"91";"91161";"1";"1";"1";"2";"AUTOROUTE A6";"48,6964000000";"2,3168500000"
"202100044644";"9";"04";"2021";"16:30";"1";"92";"92050";"1";"1";"1";"4";"A86";"48,9101759772";"2,2157239175"
"202100044645";"8";"04";"2021";"05:15";"5";"78";"78090";"1";"1";"1";"2";"A13";"48,9703430000";"1,9006370000"
"202100044646";"9";"04";"2021";"14:30";"1";"93";"93053";"1";"1";"1";"5";"AUTOROUTE A3";"48,8975500000";"2,4698000000"
"202100044647";"9";"04";"2021";"14:00";"1";"93";"93053";"1";"1";"1";"3";"AUTOROUTE A3";"48,8975400000";"2,4697700000"
"202100044648";"9";"04";"2021";"13:00";"1";"92";"92036";"1";"1";"1";"4";"AUTOROUTE A86";"48,9388100000";"2,3068800000"
"202100044649";"9";"04";"2021";"09:00";"1";"94";"94046";"1";"1";"1";"2";"A86 INT";"48,8108627407";"2,4489178981"
"202100044650";"16";"01";"2021";"14:40";"1";"22";"22187";"2";"2";"2";"3";"CHALUTIER SANS PITIE (Avenue du)";"48,5301700000";" -2,7646800000"
"202100044651";"8";"04";"2021";"14:53";"1";"988";"98818";"2";"2";"1";"3";"ROUTE DE LA BAIE DES DAMES/RUE JULES DOLBEAU";" -22,2440600000";"166,4473700000"
"202100044652";"8";"04";"2021";"12:00";"1";"974";"97407";"1";"2";"1";"7";"ROUTE DU SACRE COEUR";" -20,9580100000";"55,3172700000"
"202100044653";"7";"04";"2021";"14:45";"1";"974";"97407";"1";"1";"1";"3";"MASCAREIGNES(BOULEVARD)";" -20,9335000000";"55,3088300000"
"202100044654";"8";"04";"2021";"20:15";"5";"973";"97302";"2";"1";"1";"1";"BADUEL (ROUTE DE)";"4,9289948509";" -52,2971062661"
"202100044655";"8";"04";"2021";"22:10";"5";"69";"69388";"2";"2";"1";"3";"SAINT AGNAN (R)";"45,7396600000";"4,8621500000"
"202100044656";"8";"04";"2021";"14:45";"1";"69";"69259";"2";"1";"1";"3";"IRENE JOLIOT CURIE (BD)";"45,7179100000";"4,8762900000"
"202100044657";"8";"04";"2021";"14:25";"1";"69";"69388";"2";"2";"1";"1";"JEAN MERMOZ (AV)";"45,7345531213";"4,8752474785"
"202100044658";"2";"03";"2021";"11:00";"1";"95";"95607";"2";"1";"1";"6";"MARECHAL FOCH (RUE DU)";"49,0261300000";"2,2218900000"
"202100044659";"6";"04";"2021";"18:30";"1";"91";"91347";"2";"1";"1";"2";"RTE DE MONTLHERY";"48,6341800000";"2,2929800000"
"202100044660";"7";"04";"2021";"19:15";"1";"91";"91549";"2";"3";"1";"3";"GABRIEL PERI (AVENUE)";"48,6503040000";"2,3182640000"
"202100044661";"7";"04";"2021";"16:47";"1";"87";"87085";"2";"1";"1";"7";"CLOS SAINTE MARIE (RUE DU)";"45,8264700000";"1,2705000000"
"202100044662";"7";"04";"2021";"10:15";"1";"87";"87085";"2";"1";"1";"6";"BRIAND (RUE ARISTIDE)";"45,8455400000";"1,2772800000"
"202100044663";"6";"04";"2021";"16:30";"1";"83";"83123";"2";"9";"1";"3";"BANDOL (ROUTE)NÂ° PAIRS";"43,1299320000";"5,7826100000"
"202100044664";"8";"04";"2021";"19:00";"1";"73";"73011";"1";"1";"1";"3";"D925";"45,6845900000";"6,4005300000"
"202100044665";"7";"04";"2021";"18:10";"1";"71";"71153";"2";"2";"1";"3";"DUMAY (RUE JEAN BAPTISTE)";"46,8006897533";"4,4191088976"
"202100044666";"8";"04";"2021";"16:05";"1";"69";"69256";"2";"1";"1";"6";"LOUIS MICHOY (R)";"45,7857900000";"4,9109600000"
"202100044667";"8";"04";"2021";"08:02";"1";"69";"69290";"2";"2";"1";"4";"CONDORCET (R)";"45,7048025031";"4,9155024892"
"202100044668";"8";"04";"2021";"09:05";"1";"66";"66136";"2";"3";"1";"3";"CASTILLET (DU)";"42,7010100000";"2,8961900000"
"202100044669";"8";"04";"2021";"16:22";"1";"65";"65440";"2";"2";"1";"1";"CARNOT (RUE)";"43,2240160000";"0,0697780000"
"202100044670";"8";"04";"2021";"17:05";"1";"64";"64189";"2";"3";"1";"3";"rue FranÃ§ois TURNACO";"43,3829768116";" -1,6643965244"
"202100044671";"8";"04";"2021";"14:00";"1";"64";"64445";"2";"2";"1";"3";"RECTEUR JEAN SARRAILH";"43,3112482027";" -0,3661563993"
"202100044672";"7";"04";"2021";"09:15";"1";"64";"64024";"2";"1";"1";"3";"ADOUR (AVENUE DE L')";"43,5014400000";" -1,4927300000"
"202100044673";"7";"04";"2021";"11:45";"1";"63";"63113";"2";"2";"1";"3";"LAVOISIERS/St-Alyre";"45,7865900000";"3,0808700000"
"202100044674";"7";"04";"2021";"10:55";"1";"63";"63113";"2";"2";"1";"3";"BEAULIEU (CHEMIN DE)";"45,7678400000";"3,1475000000"
"202100044675";"2";"04";"2021";"21:37";"5";"63";"63113";"2";"2";"1";"3";"COTE BLATIN (BD)";"45,7719000000";"3,0938000000"
"202100044676";"2";"04";"2021";"20:49";"5";"63";"63113";"2";"1";"1";"3";"KENNEDY (BD J.F.)";"45,7976600000";"3,1227400000"
"202100044677";"7";"04";"2021";"11:55";"1";"60";"60175";"2";"1";"1";"3";"BRECHE (RUE DE LA)";"49,2657300000";"2,4821600000"