"Num_Acc";"jour";"mois";"an";"hrmn";"lum";"dep";"com";"agg";"int";"atm";"col";"adr";"lat";"long"
"202100044678";"7";"04";"2021";"18:21";"1";"56";"56098";"2";"1";"1";"6";"Parking du GÃ©ant Casino";"47,7753200000";" -3,3421300000"
"202100044679";"7";"04";"2021";"18:45";"1";"54";"54526";"2";"2";"1";"6";"HAASBERGEN (RUE)";"48,6883628826";"6,2126465142"
"202100044680";"8";"04";"2021";"16:00";"1";"51";"51454";"2";"6";"1";"2";"Place des Trois-Fontaines";"49,2779197076";"4,0051978827"
"202100044681";"8";"04";"2021";"14:30";"1";"51";"51454";"2";"2";"1";"1";"Rue Gerbert";"49,2514800000";"4,0419500000"
"202100044682";"6";"04";"2021";"11:30";"1";"50";"50129";"2";"1";"1";"2";"KOENIG (AVENUE DU GENERAL)";"49,6333800000";" -1,6011600000"
"202100044683";"5";"04";"2021";"18:30";"1";"50";"50203";"2";"1";"1";"2";"ROUGES TERRES (LES)";"49,6172700000";" -1,6084700000"
"202100044684";"7";"04";"2021";"13:50";"1";"49";"49099";"1";"2";"1";"3";"VICTOIRE (BOULEVARD DE LA )";"47,0566200000";" -0,8777500000"
"202100044685";"8";"04";"2021";"10:15";"1";"49";"49007";"2";"1";"1";"3";"TRAQUETTE";"47,4762113659";" -0,5729423106"
"202100044686";"4";"04";"2021";"19:10";"1";"49";"49007";"2";"1";"1";"1";"BICHON PLACE";"47,4783550000";" -0,5648880000"
"202100044687";"4";"04";"2021";"03:47";"5";"49";"49267";"2";"1";"1";"6";"Route d'ANGERS";"47,4683066117";" -0,5056393147"
"202100044688";"7";"04";"2021";"15:30";"1";"49";"49007";"2";"1";"1";"2";"MONTAIGNE AVENUE";"47,4687000000";" -0,5317000000"
"202100044689";"24";"03";"2021";"18:30";"1";"45";"45234";"2";"1";"1";"6";"Boulevard Marie Stuart";"47,9110700000";"1,9312800000"
"202100044690";"8";"04";"2021";"10:05";"1";"38";"38185";"2";"1";"1";"6";"Avenue Marcelin Berthelot";"45,1799400000";"5,7316700000"
"202100044691";"12";"03";"2021";"15:15";"1";"34";"34108";"2";"1";"1";"6";"MOULIN JEAN (AVENUE)";"43,4461720388";"3,7515109337"
"202100044692";"8";"04";"2021";"12:30";"1";"33";"33063";"2";"4";"1";"6";"Rue de Sauternes";"44,8173900000";" -0,5691900000"
"202100044693";"4";"04";"2021";"16:20";"1";"33";"33119";"2";"6";"1";"3";"Avenue Carnot";"44,8641200000";" -0,5198300000"
"202100044694";"8";"04";"2021";"14:30";"1";"33";"33009";"2";"2";"1";"3";"AllÃ©e Anglicane";"44,6564080000";" -1,1763870000"
"202100044695";"2";"04";"2021";"20:30";"5";"30";"30189";"2";"1";"1";"3";"ANCIENS COMBATTANTS D INDOCHINE";"43,8690700000";"4,3256500000"
"202100044696";"16";"02";"2021";"09:55";"1";"27";"27229";"2";"1";"1";"6";"SAINT LEGER (RUE DU FAUBOURG)";"49,0362300000";"1,1566700000"
"202100044697";"6";"04";"2021";"12:50";"1";"24";"24138";"2";"1";"1";"1";"MARIVAL (ROUTE DE)";"45,1694600000";"0,6825400000"
"202100044698";"30";"03";"2021";"18:14";"1";"19";"19272";"2";"1";"1";"3";"Charles de Gaulle (Av)";"45,2683500000";"1,7699100000"
"202100044699";"6";"04";"2021";"15:40";"1";"19";"19031";"2";"1";"1";"3";"RIVET (AVENUE JEAN CHARLES)";"45,1504500000";"1,4975700000"
"202100044700";"8";"04";"2021";"18:00";"1";"14";"14118";"2";"2";"1";"3";"Rue de Stockholm";"49,1886500000";" -0,3895700000"
"202100044701";"8";"04";"2021";"15:00";"1";"13";"13047";"1";"6";"1";"3";"D.5";"43,5993900000";"4,9359500000"
"202100044702";"1";"04";"2021";"09:26";"1";"12";"12176";"2";"4";"1";"6";"CANAC (CHEMIN DE )";"44,3627070000";"2,5870580000"
"202100044703";"7";"04";"2021";"17:35";"1";"10";"10321";"2";"3";"1";"3";"GENERAL LECLERC (RUE DU)";"48,2911718501";"4,0295737982"
"202100044704";"7";"04";"2021";"16:05";"1";"10";"10081";"2";"1";"1";"2";"PRESIDENT RENE COTY";"48,3229900000";"4,0327800000"
"202100044705";"5";"03";"2021";"09:10";"1";"05";"05061";"2";"1";"1";"6";"LADOUCETTE ( COURS )";"44,5619100000";"6,0835800000"
"202100044706";"8";"04";"2021";"21:05";"5";"75";"75118";"2";"1";"1";"7";"PORTE DE LA CHAPELLE";"48,9010230000";"2,3561880000"
"202100044707";"7";"04";"2021";"22:15";"5";"75";"75109";"2";"5";"1";"3";"BOULEVARD MONTMARTRE";"48,8719629419";"2,3400369700"
"202100044708";"6";"04";"2021";"13:30";"1";"75";"75119";"2";"1";"1";"6";"BOULEVARD D ALGERIE";"48,8822080000";"2,4004380000"
"202100044709";"8";"04";"2021";"15:45";"1";"75";"75120";"2";"2";"1";"3";"RUE DES PYRENEES";"48,8489530000";"2,4065970000"
"202100044710";"8";"04";"2021";"08:55";"1";"75";"75117";"2";"7";"1";"2";"PLACE DE WAGRAM";"48,8875746164";"2,3046451807"
"202100044711";"6";"04";"2021";"08:00";"1";"75";"75116";"2";"7";"7";"3";"PLACE DE LA PORTE MAILLOT";"48,8773730000";"2,2812440000"
"202100044712";"8";"04";"2021";"17:30";"1";"75";"75115";"2";"2";"1";"6";"BOULEVARD PASTEUR";"48,8430070000";"2,3128150000"
"202100044713";"8";"04";"2021";"11:05";"1";"75";"75115";"2";"2";"1";"7";"QUAI ANDRE CITROEN";"48,8473975922";"2,2788677706"
"202100044714";"8";"04";"2021";"15:30";"1";"75";"75114";"2";"1";"1";"6";"BOULEVARD JOURDAN";"48,8197130000";"2,3413560000"
"202100044715";"8";"04";"2021";"18:50";"1";"75";"75113";"2";"7";"1";"2";"PLACE D ITALIE";"48,8318780000";"2,3558370000"
"202100044716";"8";"04";"2021";"17:30";"1";"75";"75112";"2";"3";"1";"3";"AVENUE DE NOGENT";"48,8390130000";"2,4603170000"
"202100044717";"8";"04";"2021";"13:20";"1";"75";"75105";"2";"1";"1";"3";"PONT D AUSTERLITZ";"48,8447860000";"2,3659390000"
"202100044718";"8";"04";"2021";"15:56";"1";"75";"75110";"2";"4";"1";"2";"BOULEVARD DE LA VILLETTE";"48,8818820000";"2,3700670000"
"202100044719";"8";"04";"2021";"15:10";"1";"75";"75108";"2";"4";"1";"4";"AVENUE DE FRIEDLAND";"48,8741553216";"2,2989265957"
"202100044720";"8";"04";"2021";"20:50";"5";"75";"75115";"2";"3";"1";"3";"QUAI BRANLY";"48,8574800000";"2,2910250000"
"202100044721";"7";"04";"2021";"12:30";"1";"94";"94068";"2";"2";"1";"3";"Avenue Emile Zola";"48,8007010000";"2,4843250000"
"202100044722";"8";"04";"2021";"15:40";"1";"94";"94042";"2";"1";"1";"3";"Avenue du GÃ©nÃ©ral GalliÃ©ni";"48,8200850000";"2,4768830000"
"202100044723";"8";"04";"2021";"14:15";"1";"94";"94058";"2";"1";"1";"6";"LAMARTINE (AV)";"48,8501520000";"2,4966060000"
"202100044724";"8";"04";"2021";"12:55";"1";"94";"94042";"2";"1";"1";"6";"Place de Verdun";"48,8200400000";"2,4734000000"
"202100044725";"7";"04";"2021";"20:15";"2";"94";"94022";"2";"1";"1";"3";"Rue Jean Jaures";"48,7652040000";"2,4080510000"
"202100044726";"8";"04";"2021";"09:45";"1";"94";"94075";"2";"1";"1";"2";"Avenue du Mal de Lattre de Tassigny";"48,7274700000";"2,5310800000"
"202100044727";"8";"04";"2021";"07:05";"1";"93";"93064";"2";"1";"1";"3";"JAURES (AVENUE JEAN)";"48,8657800000";"2,4873600000"
"202100044728";"7";"04";"2021";"16:45";"1";"93";"93050";"2";"1";"1";"6";"JOLIOT CURIE (RUE)";"48,8589494379";"2,5284513099"
"202100044729";"7";"04";"2021";"18:45";"1";"93";"93006";"2";"1";"1";"3";"GALLIENI  AV.";"48,8621500000";"2,4160700000"
"202100044730";"8";"04";"2021";"16:15";"1";"92";"92047";"2";"1";"1";"3";"MARCHE";"48,8359583196";"2,1600855142"
"202100044731";"9";"04";"2021";"09:30";"1";"62";"62086";"1";"2";"1";"3";"D8";"50,2181470000";"2,5783430000"
"202100044732";"8";"04";"2021";"13:45";"1";"62";"62473";"1";"1";"1";"3";"D187";"50,6279320000";"2,4362610000"
"202100044733";"8";"04";"2021";"06:56";"2";"56";"56184";"1";"1";"1";"6";"Le Hulo";"47,6621500000";" -2,4711940000"
"202100044734";"6";"04";"2021";"10:45";"1";"67";"67543";"2";"1";"1";"6";"6 Grand'Rue";"48,5016490000";"7,2529520000"
"202100044735";"8";"04";"2021";"13:45";"1";"76";"76204";"2";"1";"7";"7";"133 route de montreuil";"49,7383580259";"1,1473980546"
"202100044736";"9";"04";"2021";"15:30";"1";"80";"80320";"1";"1";"1";"7";"Route Departementale 934 - PK 19+300";"49,7550910000";"2,6530750000"
"202100044737";"8";"04";"2021";"12:45";"1";"80";"80373";"1";"1";"1";"6";"D48";"49,9948020000";"1,5669570000"
"202100044738";"9";"04";"2021";"08:30";"1";"71";"71230";"2";"3";"1";"6";"Rue des Potiers";"46,5977760000";"4,0633370000"
"202100044739";"8";"04";"2021";"18:30";"1";"71";"71441";"2";"4";"1";"1";"la belouze";"46,3156761393";"4,5602809883"
"202100044740";"8";"04";"2021";"10:00";"1";"63";"63276";"1";"1";"1";"6";"Route de Billom";"45,8085091937";"3,4814450741"
"202100044741";"9";"04";"2021";"13:55";"1";"55";"55519";"2";"3";"1";"1";"Grande Rue";"48,7201200000";"5,2792470000"
"202100044742";"8";"04";"2021";"18:55";"1";"68";"68264";"1";"3";"1";"3";"D21";"47,5712510000";"7,4104040000"
"202100044743";"9";"04";"2021";"00:40";"5";"68";"68384";"2";"1";"1";"6";"39 Faubourg de Mulhouse";"47,6944670000";"7,2974210000"
"202100044744";"7";"04";"2021";"12:15";"1";"29";"29105";"2";"1";"1";"4";"Rue du Pontic";"48,5197353315";" -4,0665511654"
"202100044745";"9";"04";"2021";"16:30";"1";"02";"02323";"1";"1";"2";"1";"d8";"49,9189700000";"3,3585980000"
"202100044746";"9";"04";"2021";"10:20";"1";"03";"03003";"2";"3";"7";"6";"place victor hugo";"46,7113910000";"2,6947300000"
"202100044747";"8";"04";"2021";"17:00";"1";"03";"03195";"2";"1";"1";"7";"4 Rue du Commandant GoÃ«tschy";"46,2873530000";"2,6617380000"
"202100044748";"9";"04";"2021";"09:00";"1";"01";"01069";"1";"2";"6";"1";"D64";"46,1325340000";"5,2605630000"
"202100044749";"8";"04";"2021";"15:30";"1";"01";"01115";"1";"2";"1";"5";"D1079";"46,2597340000";"5,0367160000"
"202100044750";"26";"03";"2021";"18:10";"1";"01";"01115";"1";"3";"1";"2";"Route de Bourg";"46,2544150000";"5,0749060000"
"202100044751";"27";"03";"2021";"19:25";"2";"43";"43078";"2";"1";"1";"1";"Route de la Gare";"45,0014280000";"3,9121630000"
"202100044752";"9";"04";"2021";"13:15";"1";"16";"16181";"2";"1";"1";"1";"Lotissement le Pre Meunier";"46,0713030000";"0,6719150000"
"202100044753";"8";"04";"2021";"15:15";"1";"07";"07289";"2";"3";"1";"3";"Rue du Luol";"44,6288020000";"4,4129690000"
"202100044754";"8";"04";"2021";"15:20";"1";"24";"24182";"2";"1";"1";"1";"DÃ©partementale 32";"44,8739370000";"0,2473210000"
"202100044755";"24";"01";"2021";"13:15";"1";"37";"37115";"2";"1";"1";"6";"avenue du MarÃ©chal Leclerc - RD 750";"46,9663313020";"0,7036013603"
"202100044756";"1";"04";"2021";"05:00";"5";"30";"30003";"1";"6";"5";"7";"route dÃ©partementale 62";"43,5721050000";"4,1742040000"
"202100044757";"9";"04";"2021";"11:20";"1";"08";"08113";"1";"1";"1";"7";"D8";"49,6552380000";"4,2222260000"
"202100044758";"8";"04";"2021";"18:50";"1";"88";"88465";"2";"2";"7";"3";"Rue Horace Koecklin";"48,2448220000";"6,4257200000"
"202100044759";"26";"03";"2021";"07:20";"1";"03";"03256";"1";"1";"1";"2";"autoroute a71";"46,3390020000";"2,8829330000"
"202100044760";"8";"04";"2021";"08:20";"1";"44";"44213";"1";"1";"5";"5";"A 11, PK 299+500";"47,4173090000";" -1,0000020000"
"202100044761";"9";"04";"2021";"15:15";"1";"988";"98802";"1";"1";"2";"5";"Pont de la Ouenghi RT1";" -21,9029600000";"166,1155180000"
"202100044762";"9";"04";"2021";"08:20";"1";"974";"97415";"1";"3";"1";"6";"voie canniÃ¨re";" -21,0676510000";"55,2294300000"
"202100044763";"8";"04";"2021";"21:30";"3";"37";"37258";"1";"1";"1";"6";"7 route de Thizay";"47,1713650000";"0,1378660000"
"202100044764";"17";"03";"2021";"12:35";"1";"66";"66094";"1";"1";"6";"1";"Avenue de la Mer";"42,6052760000";"3,0080330000"
"202100044765";"29";"03";"2021";"14:48";"1";"66";"66037";"2";"1";"1";"2";"1 rue Ile de france";"42,6939487063";"3,0340169370"
"202100044766";"8";"04";"2021";"16:20";"1";"06";"06075";"2";"1";"1";"1";"1174 Route de la Roquette";"43,8497050000";"7,2235180000"
"202100044767";"8";"04";"2021";"11:45";"1";"13";"13105";"1";"1";"1";"5";"D7n";"43,7398440000";"5,1181320000"
"202100044768";"8";"04";"2021";"18:35";"1";"54";"54150";"1";"1";"1";"7";"D 40";"48,7725745562";"6,1451554293"
"202100044769";"9";"04";"2021";"12:30";"1";"38";"38509";"2";"1";"1";"6";"D1006";"45,5637480000";"5,4439130000"
"202100044770";"1";"04";"2021";"07:45";"1";"07";"07324";"2";"1";"1";"6";"Digue du Doux";"45,0719180000";"4,8095920000"
"202100044771";"7";"04";"2021";"18:01";"1";"69";"69295";"1";"1";"1";"1";"FONDERIE (DE LA) (R)";"45,6277439995";"4,8725008965"
"202100044772";"9";"04";"2021";"06:45";"5";"29";"29042";"2";"6";"1";"6";"1 Route de Camaret";"48,2470968093";" -4,5005267980"
"202100044773";"8";"04";"2021";"13:05";"1";"29";"29294";"1";"9";"1";"3";"Lieu-Dit Keropartz";"48,4011470000";" -4,1309400000"
"202100044774";"8";"04";"2021";"17:15";"1";"13";"13071";"1";"1";"1";"3";"A51-Sens Aix en Provence vers Marseille";"43,4076552786";"5,3626114873"
"202100044775";"7";"04";"2021";"13:15";"1";"13";"13211";"1";"1";"1";"3";"A50-Sens Marseille vers Aubagne";"43,2881100000";"5,4998400000"
"202100044776";"25";"03";"2021";"06:45";"1";"69";"69091";"1";"1";"1";"2";"A47";"45,5854900000";"4,7512800000"
"202100044777";"7";"04";"2021";"07:30";"1";"59";"59189";"1";"1";"1";"6";"AUTOROUTE A25";"50,7962220000";"2,6117430000"
"202100044778";"7";"04";"2021";"17:19";"1";"92";"92002";"1";"1";"1";"3";"AUTOROUTE A6";"48,7348000000";"2,3164000000"
"202100044779";"7";"04";"2021";"12:09";"1";"92";"92002";"1";"1";"1";"2";"AUTOROUTE A86";"48,7629853869";"2,3043052888"
"202100044780";"7";"04";"2021";"21:20";"5";"78";"78524";"1";"1";"1";"3";"A13";"48,8399460000";"2,1164920000"
"202100044781";"8";"04";"2021";"16:10";"1";"93";"93066";"1";"1";"1";"2";"AUTOROUTE A1";"48,9229500000";"2,3572300000"
"202100044782";"8";"04";"2021";"12:35";"1";"92";"92078";"1";"1";"1";"3";"AUTOROUTE A86";"48,9278120726";"2,3321565986"
"202100044783";"7";"04";"2021";"19:45";"2";"93";"93066";"1";"1";"1";"3";"AUTOROUTE A86";"48,9256500000";"2,3384500000"
"202100044784";"7";"04";"2021";"19:40";"2";"93";"93010";"1";"1";"1";"2";"AUTOROUTE A3";"48,9049300000";"2,4713000000"
"202100044785";"2";"02";"2021";"23:50";"3";"76";"76497";"2";"1";"1";"6";"VOIE RAPIDE SUD 3 (RN 338)";"49,3890113723";"1,0447857595"
"202100044786";"7";"04";"2021";"10:17";"1";"988";"98818";"2";"2";"1";"3";"Rue Auguste BRUN/Rue SEBASTOPOL (RUE DE)";" -22,2763300000";"166,4439300000"
"202100044787";"6";"04";"2021";"07:38";"1";"974";"97416";"1";"1";"1";"1";"LORION(RUE LUC)";" -21,3339400000";"55,4714500000"
"202100044788";"7";"04";"2021";"16:35";"1";"974";"97411";"2";"6";"1";"6";"MACE (ROUTE GABRIEL)";" -20,9194400000";"55,4941100000"
"202100044789";"6";"04";"2021";"08:05";"1";"974";"97411";"2";"2";"1";"6";"LECLERC (DU MARECHAL)";" -20,8795900000";"55,4516100000"
"202100044790";"7";"04";"2021";"12:15";"1";"69";"69259";"2";"2";"1";"2";"YVES FARGE (BD)";"45,6954016647";"4,8591274023"
"202100044791";"7";"04";"2021";"08:58";"1";"69";"69259";"2";"4";"1";"2";"VIENNE (DE) (RTE)";"45,7175665048";"4,8548841476"
"202100044792";"7";"04";"2021";"17:06";"1";"972";"97213";"1";"1";"1";"4";"AUTOROUTE A1";"14,6161980274";" -61,0161209115"
"202100044793";"6";"04";"2021";"10:10";"1";"972";"97209";"2";"2";"1";"5";"SALVADOR ALLENDE (AVENUE)";"14,6103300000";" -61,0468100000"
"202100044794";"7";"04";"2021";"17:45";"1";"69";"69286";"2";"6";"1";"7";"ROUTE DE STRASBOURG (RTE)";"45,8378400000";"4,9145300000"
"202100044795";"7";"04";"2021";"09:05";"1";"971";"97120";"2";"1";"1";"6";"Secteur Pont de la Gabarre";"16,2486900000";" -61,5382500000"
"202100044796";"7";"04";"2021";"18:30";"1";"91";"91549";"2";"2";"1";"6";"ERMITAGE (RUE DE L')";"48,6443800000";"2,3432000000"
"202100044797";"6";"04";"2021";"18:05";"1";"91";"91425";"2";"9";"1";"3";"RUE DE PARIS";"48,6418900000";"2,2720400000"
"202100044798";"4";"04";"2021";"16:42";"1";"87";"87085";"2";"1";"1";"7";"SAINT GENCE (RUE DE) (RD218)";"45,8493500000";"1,2257100000"
"202100044799";"4";"04";"2021";"09:26";"1";"87";"87085";"2";"6";"1";"7";"SCHUMAN (BOULEVARD ROBERT)";"45,8568600000";"1,2700400000"
"202100044800";"6";"04";"2021";"17:40";"1";"86";"86066";"2";"2";"1";"3";"Rue FrÃ©dÃ©ric Mistral";"46,8172000000";"0,5316900000"
"202100044801";"6";"04";"2021";"17:20";"1";"74";"74012";"2";"1";"1";"6";"DUSSONCHET (RUE JEAN-PHILIPPE)";"46,1874100000";"6,2461600000"
"202100044802";"7";"04";"2021";"17:20";"1";"72";"72181";"2";"1";"1";"7";"BRIQUETERIE (RUE DE LA)";"47,9932000000";"0,1657200000"
"202100044803";"6";"04";"2021";"19:00";"1";"72";"72181";"2";"3";"1";"1";"SEMARD PIERRE (RUE)";"47,9737100000";"0,1994400000"
"202100044804";"7";"04";"2021";"07:45";"2";"69";"69266";"2";"1";"1";"7";"GABRIEL PERI (R)";"45,7707400000";"4,8635400000"
"202100044805";"7";"04";"2021";"12:00";"1";"69";"69264";"1";"3";"1";"2";"THIZY (DE) (R)";"45,9910813240";"4,7046826040"
"202100044806";"7";"04";"2021";"16:00";"1";"67";"67180";"2";"3";"4";"6";"STIEGELMANN (RUE)";"48,8124700000";"7,7885300000"
"202100044807";"7";"04";"2021";"12:14";"1";"65";"65440";"2";"1";"1";"6";"PAU (ROUTE DE)";"43,2376000000";"0,0448000000"
"202100044808";"7";"04";"2021";"12:55";"1";"64";"64445";"2";"6";"1";"3";"CONDORCET";"43,3116000000";" -0,3628100000"
"202100044809";"7";"04";"2021";"10:10";"1";"64";"64445";"2";"1";"1";"3";"CARNOT";"43,3010100000";" -0,3694500000"
"202100044810";"28";"02";"2021";"10:10";"1";"64";"64445";"2";"6";"1";"6";"COMMANDANT RENE MOUCHOTTE DU";"43,3055000000";" -0,3296000000"
"202100044811";"6";"04";"2021";"16:30";"1";"64";"64122";"2";"1";"1";"7";"CROSKEY GENERAL MAC (AVENUE)";"43,4922000000";" -1,5510000000"
"202100044812";"6";"04";"2021";"14:15";"1";"64";"64122";"2";"1";"1";"1";"PIOCHE (AVENUE-IMPASSE DE)";"43,4695000000";" -1,5591000000"
"202100044813";"6";"04";"2021";"16:01";"1";"63";"63113";"2";"6";"1";"3";"PASTEUR /Gilbert";"45,7736700000";"3,0753900000"
"202100044814";"6";"04";"2021";"09:10";"1";"56";"56121";"2";"2";"1";"3";"COURNET ( RUE  FREDERIC )";"47,7574100000";" -3,3611900000"
"202100044815";"2";"04";"2021";"11:45";"1";"54";"54431";"2";"2";"1";"6";"GAMBETTA (RUE)";"48,9057100000";"6,0599400000"
"202100044816";"2";"04";"2021";"16:00";"1";"54";"54431";"1";"1";"1";"2";"RD 910 BIS (ROCADE DE LIAISON)";"48,9175600000";"6,0420300000"
"202100044817";"6";"04";"2021";"13:35";"1";"52";"52121";"1";"1";"1";"3";"RD 65 A";"48,1197800000";"5,1298700000"
"202100044818";"7";"04";"2021";"10:53";"1";"51";"51573";"2";"1";"1";"3";"Route de Soissons";"49,2541200000";"3,9786400000"
"202100044819";"2";"04";"2021";"15:00";"1";"50";"50602";"2";"1";"1";"6";"BROSSOLETTE (RUE PIERRE)";"49,6314000000";" -1,5904400000"
"202100044820";"6";"04";"2021";"15:30";"1";"49";"49007";"2";"1";"1";"3";"MARIANNE BOULEVARD";"47,4525200000";" -0,5243600000"
"202100044821";"7";"04";"2021";"09:40";"1";"45";"45169";"2";"1";"1";"2";"Rue de lâEcole Maternelle";"47,9203217722";"1,8283324909"
"202100044822";"7";"04";"2021";"15:30";"1";"42";"42187";"2";"3";"1";"2";"Rue Nicolas Cugnot";"46,0450600000";"4,0602800000"
"202100044823";"7";"04";"2021";"05:10";"2";"41";"41269";"2";"3";"1";"1";"CHARTRAIN (FAUBOURG)";"47,8018400000";"1,0701100000"
"202100044824";"7";"04";"2021";"08:50";"1";"35";"35238";"2";"9";"1";"7";"SOLFERINO (BD)";"48,1049400000";" -1,6671000000"
"202100044825";"7";"04";"2021";"19:23";"1";"34";"34172";"2";"1";"1";"2";"MAS D'ASTRE (ROND-POINT DU)";"43,5750300000";"3,8602200000"
"202100044826";"7";"04";"2021";"17:40";"1";"33";"33063";"2";"2";"1";"6";"Boulevard MarÃ©chal Leclerc";"44,8279580000";" -0,5932990000"
"202100044827";"7";"04";"2021";"17:15";"1";"31";"31555";"2";"1";"1";"3";"AV DE GRANDE BRETAGNE";"43,6027350000";"1,4089110000"
"202100044828";"6";"04";"2021";"17:52";"1";"31";"31555";"2";"6";"1";"3";"BAYONNE (ROUTE DE )";"43,6084140000";"1,3779580000"
"202100044829";"7";"04";"2021";"09:20";"1";"17";"17291";"2";"1";"1";"5";"34 PK RN11 NANTES ROCADE";"46,1728730000";" -1,1177820000"
"202100044830";"7";"04";"2021";"06:30";"2";"13";"13205";"2";"1";"1";"2";"SAKAKINI (BOULEVARD)";"43,2954890000";"5,4003850000"
"202100044831";"6";"04";"2021";"15:45";"1";"75";"75117";"2";"1";"1";"2";"BOULEVARD PERIPHERIQUE";"48,8964620000";"2,3100570000"
"202100044832";"7";"04";"2021";"13:49";"1";"75";"75105";"2";"2";"1";"3";"RUE MONGE";"48,8437960000";"2,3523160000"
"202100044833";"7";"04";"2021";"16:50";"1";"75";"75119";"2";"4";"1";"3";"RUE BOTZARIS";"48,8759754689";"2,3813349009"
"202100044834";"7";"04";"2021";"11:05";"1";"75";"75117";"2";"1";"1";"3";"BOULEVARD DES BATIGNOLLES";"48,8815650000";"2,3171580000"
"202100044835";"6";"04";"2021";"13:30";"1";"75";"75115";"2";"1";"1";"6";"RUE LINOIS";"48,8471620000";"2,2849960000"
"202100044836";"7";"04";"2021";"07:50";"2";"75";"75114";"2";"2";"1";"6";"RUE PREVOST PARADOL";"48,8263960000";"2,3085280000"
"202100044837";"6";"04";"2021";"11:50";"1";"75";"75112";"2";"3";"1";"6";"RUE CROZATIER";"48,8459140000";"2,3823960000"
"202100044838";"7";"04";"2021";"19:15";"1";"75";"75101";"2";"2";"1";"2";"RUE ETIENNE MARCEL";"48,8644300946";"2,3466914892"
"202100044839";"7";"04";"2021";"08:45";"1";"75";"75103";"2";"3";"1";"3";"PLACE DE LA REPUBLIQUE";"48,8673377785";"2,3633641762"
"202100044840";"6";"04";"2021";"13:00";"1";"94";"94076";"2";"1";"1";"2";"MAXIME GORKI (BD)";"48,7892500000";"2,3684400000"
"202100044841";"7";"04";"2021";"10:00";"1";"94";"94011";"2";"9";"1";"6";"Route de Stains";"48,7791000000";"2,4922000000"
"202100044842";"6";"04";"2021";"17:00";"1";"94";"94028";"2";"1";"2";"3";"SCHOELCHER(RUE VICTOR)";"48,7702000000";"2,4680000000"
"202100044843";"4";"04";"2021";"03:54";"5";"94";"94011";"2";"9";"1";"2";"SEMARD(RUE PIERRE)";"48,7747500000";"2,4877600000"
"202100044844";"7";"04";"2021";"07:50";"1";"94";"94022";"2";"1";"1";"7";"Avenue Victor Hugo";"48,7691270000";"2,4220470000"
"202100044845";"7";"04";"2021";"00:10";"5";"94";"94017";"2";"3";"1";"3";"Rue Jean JaurÃ¨s";"48,8159600000";"2,5028600000"
"202100044846";"6";"04";"2021";"21:00";"3";"94";"94002";"2";"3";"1";"6";"Avenue du General Malleret-Joinville";"48,8027200000";"2,4253000000"
"202100044847";"7";"04";"2021";"11:00";"1";"93";"93072";"2";"1";"1";"3";"MAXIME GORKI (BOULEVARD) DES NÂ°1 AU 87";"48,9451800000";"2,3866900000"
"202100044848";"6";"04";"2021";"03:30";"5";"93";"93032";"2";"3";"1";"1";"DIX NEUF MARS   (RUE DU)";"48,8955100000";"2,5438300000"
"202100044849";"7";"04";"2021";"17:25";"1";"93";"93014";"2";"1";"1";"6";"SEVIGNE (AVENUE DE)";"48,9128959580";"2,5443308906"
"202100044850";"7";"04";"2021";"13:10";"1";"93";"93014";"2";"7";"1";"3";"TOURELLE (CHEMIN DE LA)";"48,9095123489";"2,5505098064"
"202100044851";"7";"04";"2021";"18:00";"1";"93";"93001";"2";"1";"1";"6";"REPUBLIQUE (AVE DE LA ) => NO 41/50";"48,9042900000";"2,3913700000"
"202100044852";"7";"04";"2021";"15:30";"1";"92";"92064";"2";"1";"1";"4";"MARCEL DASSAULT";"48,8587100000";"2,2238600000"
"202100044853";"7";"04";"2021";"18:15";"1";"92";"92051";"2";"2";"1";"6";"BINEAU (BOULEVARD, NÂ°133 A 217 ET 134 A";"48,8922732632";"2,2687913910"
"202100044854";"7";"04";"2021";"08:50";"1";"92";"92050";"2";"3";"1";"3";"REPUBLIQUE AVENUE DE LA";"48,9102947493";"2,2191792727"
"202100044855";"6";"04";"2021";"21:30";"5";"92";"92040";"2";"3";"1";"3";"JEAN-PIERRE TIMBAUD";"48,8202600000";"2,2498400000"
"202100044856";"7";"04";"2021";"10:40";"1";"92";"92026";"2";"6";"1";"2";"VICTOR HUGO (PLACE";"48,8921696681";"2,2537511208"
"202100044857";"27";"03";"2021";"15:11";"1";"31";"31511";"1";"1";"1";"7";"chemin Madame";"43,6430200000";"1,6438990000"
"202100044858";"7";"04";"2021";"09:00";"1";"86";"86226";"1";"1";"1";"1";"La Vignasserie";"46,5369820000";"0,5308090000"
"202100044859";"7";"04";"2021";"15:20";"1";"06";"06095";"2";"1";"1";"1";"119 chemin de la frayÃ¨re";"43,6337610000";"6,8878970000"
"202100044860";"5";"04";"2021";"12:00";"1";"85";"85301";"2";"2";"1";"6";"Route de l'OcÃ©an";"46,8256710000";" -1,1224940000"
"202100044861";"8";"04";"2021";"11:38";"1";"62";"62060";"2";"2";"1";"3";"20 Rue du GÃ©nÃ©ral de Gaulle";"50,2314710000";"2,1170600000"
"202100044862";"8";"04";"2021";"16:45";"1";"56";"56017";"1";"1";"1";"3";"D1";"47,8671130000";" -2,7425270000"
"202100044863";"8";"04";"2021";"12:00";"1";"56";"56033";"1";"2";"1";"3";"RD 773";"47,8093900000";" -2,1250340000"
"202100044864";"7";"04";"2021";"13:30";"1";"76";"76222";"2";"1";"7";"1";"137 Rue Gustave Flaubert";"49,4866180000";"0,8804240000"
"202100044865";"7";"04";"2021";"15:00";"1";"2A";"2A271";"2";"1";"1";"1";"ZI Caldaniccia";"41,9531984894";"8,8010296893"