"Num_Acc";"jour";"mois";"an";"hrmn";"lum";"dep";"com";"agg";"int";"atm";"col";"adr";"lat";"long"
"202100044866";"7";"04";"2021";"16:00";"1";"82";"82112";"1";"3";"1";"3";"Route de Detours";"44,1258190000";"1,0704050000"
"202100044867";"7";"04";"2021";"14:45";"1";"33";"33157";"2";"1";"1";"6";"N/A";"44,8038580000";" -0,2636020000"
"202100044868";"7";"04";"2021";"16:47";"1";"61";"61097";"2";"3";"1";"3";"Residence du Plan d'Eau";"48,4851970000";"0,6521040000"
"202100044869";"7";"04";"2021";"03:30";"3";"61";"61064";"1";"1";"5";"7";"Les Buttes";"48,6439400000";"0,3198910000"
"202100044870";"14";"03";"2021";"00:30";"3";"12";"12090";"1";"1";"1";"6";"RUE DES ROUTIERS";"44,3689950000";"2,5332830000"
"202100044871";"7";"04";"2021";"11:30";"1";"47";"47203";"1";"3";"1";"3";"Rue de la Tuque";"44,3873390000";"0,8036700000"
"202100044872";"8";"04";"2021";"03:20";"3";"47";"47217";"1";"1";"1";"7";"RD 110";"44,2068960000";"0,7995770000"
"202100044873";"7";"04";"2021";"14:10";"1";"41";"41095";"1";"1";"7";"3";"Le Plessis";"47,9137260000";"1,1906970000"
"202100044874";"7";"04";"2021";"11:30";"1";"34";"34013";"1";"2";"1";"3";"D130/D609";"43,5764260000";"3,4632320000"
"202100044875";"30";"03";"2021";"11:45";"1";"34";"34212";"1";"1";"1";"6";"Chemin du Christ";"43,7649220000";"3,3279910000"
"202100044876";"6";"04";"2021";"09:50";"1";"44";"44126";"1";"1";"1";"1";"Route de la Fertais";"47,1463130000";" -2,1441630000"
"202100044877";"8";"04";"2021";"13:55";"1";"44";"44217";"1";"1";"1";"2";"La Plee";"47,2995760000";" -1,6645900000"
"202100044878";"6";"04";"2021";"20:10";"2";"35";"35223";"1";"1";"1";"7";"D224";"48,0219790000";" -2,0403770000"
"202100044879";"8";"04";"2021";"13:10";"1";"38";"38267";"1";"1";"1";"7";"D1085";"45,4157220000";"5,3337870000"
"202100044880";"7";"04";"2021";"12:00";"1";"02";"02173";"2";"1";"1";"1";"Rue Anatole France";"49,6112000000";"3,2211400000"
"202100044881";"7";"04";"2021";"18:05";"1";"03";"03118";"2";"3";"1";"3";"Intersection Rue de la Croix des Vignes et chemin du Mont Libre";"46,0961130000";"3,1958250000"
"202100044882";"6";"04";"2021";"17:25";"1";"01";"01098";"1";"3";"7";"3";"D32c";"45,7776850000";"5,6880590000"
"202100044883";"8";"04";"2021";"12:32";"1";"72";"72007";"1";"1";"1";"6";"Lieu Dit la Cohainiere";"47,9868560000";"0,4245450000"
"202100044884";"8";"04";"2021";"09:50";"1";"06";"06079";"2";"9";"1";"6";"583 Avenue Janvier Passero";"43,5514620000";"6,9376750000"
"202100044885";"7";"04";"2021";"17:15";"1";"60";"60508";"1";"1";"1";"2";"Route de la Croix Frapotel";"49,2860450000";"2,6232430000"
"202100044886";"8";"04";"2021";"14:00";"1";"43";"43103";"1";"1";"1";"7";"D588 Route de Brioude";"45,2868140000";"3,2010390000"
"202100044887";"3";"04";"2021";"13:15";"1";"43";"43077";"2";"3";"1";"3";"N88";"44,8910490000";"3,8482510000"
"202100044888";"8";"04";"2021";"16:20";"1";"16";"16400";"1";"2";"1";"3";"Lieu-Dit Les Cassettes";"45,9967990000";"0,2548850000"
"202100044889";"27";"03";"2021";"19:00";"1";"48";"48140";"1";"3";"1";"3";"Avenue de PARIS";"44,8152260000";"3,2714150000"
"202100044890";"2";"04";"2021";"15:25";"1";"13";"13051";"1";"4";"1";"3";"990 Route de Pelissanne";"43,6059500000";"5,1360680000"
"202100044891";"4";"04";"2021";"04:00";"2";"01";"01031";"1";"1";"1";"6";"A404";"46,2482910000";"5,6240940000"
"202100044892";"8";"04";"2021";"05:20";"3";"01";"01301";"1";"1";"1";"2";"A40 - PK178 +500";"46,2646920000";"5,1436940000"
"202100044893";"7";"04";"2021";"18:05";"1";"31";"31284";"2";"1";"7";"6";"D 94";"43,5547140000";"1,5667640000"
"202100044894";"8";"04";"2021";"04:30";"3";"988";"98831";"1";"1";"1";"6";"RT1";" -20,9823520000";"164,7200130000"
"202100044895";"6";"04";"2021";"19:30";"3";"971";"97112";"1";"1";"1";"6";"section murat";"15,8734450000";" -61,2940120000"
"202100044896";"7";"04";"2021";"09:40";"1";"978";"97801";"2";"1";"1";"1";"R JEAN-LUC HAMLET";"18,0660610000";" -63,0739470000"
"202100044897";"6";"04";"2021";"19:00";"2";"977";"97701";"1";"1";"1";"1";"RD 211, GRAND FOND";"17,8955640000";" -62,8138270000"
"202100044898";"8";"04";"2021";"10:30";"1";"64";"64496";"2";"3";"1";"3";"Avenue du Labourd";"43,4774480000";" -1,4576680000"
"202100044899";"8";"04";"2021";"08:00";"1";"50";"50531";"1";"1";"1";"2";"D5";"48,6835090000";" -1,2593510000"
"202100044900";"7";"04";"2021";"15:30";"1";"93";"93066";"1";"1";"1";"2";"AUTOROUTE A1";"48,9333311217";"2,3773920536"
"202100044901";"7";"04";"2021";"08:45";"1";"94";"94065";"1";"1";"1";"2";"A86 INT";"48,7536127064";"2,3611575387"
"202100044902";"7";"04";"2021";"08:15";"1";"94";"94017";"1";"1";"1";"7";"A4";"48,8279100000";"2,5036400000"
"202100044903";"4";"02";"2021";"08:45";"2";"64";"64483";"2";"1";"2";"6";"ITHURRALDE ANDRE (AVENUE)";"43,3943740000";" -1,6495740000"
"202100044904";"25";"01";"2021";"10:50";"1";"64";"64483";"2";"2";"2";"6";"VEYRIN PHILIPPE (RUE)";"43,3855320000";" -1,6564980000"
"202100044905";"6";"04";"2021";"06:45";"1";"974";"97411";"2";"6";"1";"3";"JAURES (BOULEVARD JEAN)";" -20,8933500000";"55,4706000000"
"202100044906";"6";"04";"2021";"19:30";"4";"973";"97302";"2";"1";"8";"3";"BADUEL (ROUTE DE)";"4,9321888450";" -52,3078091440"
"202100044907";"6";"04";"2021";"08:50";"1";"69";"69199";"2";"3";"1";"6";"CARNOT (R)";"45,7080200000";"4,8612100000"
"202100044908";"6";"04";"2021";"07:27";"1";"972";"97213";"1";"1";"1";"7";"ACAJOU PROLONGEE";"14,6208300000";" -61,0196400000"
"202100044909";"6";"04";"2021";"18:50";"1";"69";"69382";"2";"2";"1";"3";"FRANKLIN (R)";"45,7527100000";"4,8281100000"
"202100044910";"6";"04";"2021";"17:40";"1";"69";"69081";"2";"1";"1";"3";"JEAN MARIE VIANNEY (CHM)";"45,7893300000";"4,7794900000"
"202100044911";"4";"04";"2021";"13:36";"1";"971";"97101";"1";"9";"1";"6";"GRAND CAMP(SECTION)";"16,2532900000";" -61,5423600000"
"202100044912";"26";"03";"2021";"21:21";"5";"971";"97113";"1";"9";"1";"6";"RN4 - SECTION RIVIERA";"16,2135400000";" -61,4775500000"
"202100044913";"6";"04";"2021";"18:15";"1";"95";"95680";"2";"9";"1";"6";"HUIT MAI 1945 (AVENUE DU)";"49,0076449332";"2,4015183476"
"202100044914";"3";"04";"2021";"15:29";"1";"87";"87085";"2";"1";"1";"6";"MAS-LOUBIER (RUE DU)";"45,8410800000";"1,2538200000"
"202100044915";"4";"04";"2021";"18:25";"1";"85";"85194";"2";"1";"1";"3";"GAULLE (AVENUE CHARLES DE)";"46,5082100000";" -1,7694800000"
"202100044916";"2";"04";"2021";"19:20";"1";"85";"85194";"2";"1";"1";"2";"COURS DUPONT";"46,4980100000";" -1,7786600000"
"202100044917";"2";"04";"2021";"18:10";"1";"85";"85194";"2";"1";"1";"6";"MITTERAND (AVENUE FRANCOIS)";"46,5234100000";" -1,7754500000"
"202100044918";"4";"04";"2021";"11:18";"1";"83";"83069";"2";"1";"1";"7";"ROTTWEIL (AVENUE DE )";"43,1270200000";"6,1528300000"
"202100044919";"6";"04";"2021";"12:50";"1";"79";"79191";"2";"1";"1";"7";"N/A";"46,3247300000";" -0,4679700000"
"202100044920";"6";"04";"2021";"15:00";"1";"78";"78146";"2";"1";"1";"1";"CORMIERS (RUE DES)";"48,8982200000";"2,1451900000"
"202100044921";"24";"03";"2021";"11:45";"1";"78";"78498";"2";"5";"1";"3";"PRECHEURS RUE DES";"48,9270970000";"2,0414040000"
"202100044922";"4";"04";"2021";"22:20";"5";"76";"76296";"1";"2";"1";"6";"Rue de la LibÃ©ration";"49,5176500000";"0,2506500000"
"202100044923";"2";"04";"2021";"17:45";"1";"76";"76351";"2";"3";"1";"3";"REPUBLIQUE (COURS DE LA)";"49,4976700000";"0,1280200000"
"202100044924";"3";"04";"2021";"17:45";"1";"76";"76270";"1";"1";"1";"2";"D6382";"49,5272200000";"0,1507600000"
"202100044925";"6";"04";"2021";"10:00";"1";"69";"69266";"2";"1";"1";"6";"ROULET     (Petite rue du)";"45,7785400000";"4,9012900000"
"202100044926";"2";"04";"2021";"21:45";"5";"69";"69091";"2";"5";"1";"3";"JOSEPH LIAUTHAUD (R)";"45,5899200000";"4,7618000000"
"202100044927";"4";"04";"2021";"15:40";"1";"67";"67482";"2";"1";"1";"6";"DOLLER (RUE DE LA)";"48,6157370000";"7,7748990000"
"202100044928";"1";"04";"2021";"12:30";"1";"67";"67482";"2";"1";"1";"6";"JEAN GIRAUDOUX (RUE)";"48,5879400000";"7,7018900000"
"202100044929";"1";"04";"2021";"11:20";"1";"67";"67482";"2";"1";"1";"2";"ANVERS (BOULEVARD D )";"48,5872456426";"7,7702455704"
"202100044930";"4";"04";"2021";"11:25";"1";"66";"66136";"2";"1";"1";"6";"FRANCE LIBRE (BOULEVARD DE LA)";"42,7054200000";"2,9020300000"
"202100044931";"31";"03";"2021";"13:30";"1";"66";"66136";"1";"6";"1";"3";"FRATERNITE (ROND-POINT)";"42,7288495229";"2,8771928698"
"202100044932";"6";"04";"2021";"14:15";"1";"65";"65440";"2";"4";"1";"3";"MARNE (AVENUE DE LA)";"43,2317000000";"0,0855100000"
"202100044933";"16";"02";"2021";"13:00";"1";"64";"64545";"2";"1";"8";"6";"SOUHARA (ROUTE DE)";"43,3738200000";" -1,6787100000"
"202100044934";"5";"04";"2021";"18:30";"1";"64";"64102";"2";"3";"1";"3";"PAULMY (AVENUE DES ALLEES)";"43,4950400000";" -1,4784700000"
"202100044935";"5";"04";"2021";"15:55";"1";"64";"64102";"2";"1";"1";"7";"LOUIS DE FOIX (AVENUE)";"43,5100800000";" -1,4681700000"
"202100044936";"6";"04";"2021";"09:35";"1";"62";"62193";"2";"3";"1";"6";"DARNEL";"50,9466400000";"1,8538100000"
"202100044937";"6";"04";"2021";"08:20";"1";"58";"58194";"2";"1";"1";"7";"JEROME TRESAGUET";"46,9975000000";"3,1480000000"
"202100044938";"4";"04";"2021";"17:05";"1";"58";"58194";"2";"1";"1";"6";"MARECHAL DE LATTRE DE TASSIGNY";"46,9975200000";"3,1629800000"
"202100044939";"27";"02";"2021";"21:25";"5";"58";"58194";"2";"1";"1";"7";"SAINT EXUPERY (BOULEVARD)";"47,0038000000";"3,1640000000"
"202100044940";"1";"04";"2021";"17:19";"1";"57";"57757";"2";"1";"1";"6";"KUNTZIG (RUE DE)";"49,3520644426";"6,2157726288"
"202100044941";"4";"04";"2021";"17:25";"1";"56";"56162";"2";"3";"1";"7";"Boulevard de lâAtlantique";"47,7103201000";" -3,4695305000"
"202100044942";"2";"04";"2021";"15:40";"1";"56";"56162";"2";"1";"1";"3";"LANN-ER-ROCH";"47,7385800000";" -3,4532100000"
"202100044943";"2";"04";"2021";"08:20";"1";"56";"56083";"2";"1";"1";"2";"8 MAI 1945 ( AV. DU )";"47,8026400000";" -3,2913400000"
"202100044944";"5";"04";"2021";"17:00";"1";"50";"50218";"2";"3";"1";"3";"SAINT NICOLAS (RUE)";"48,8320200000";" -1,5670300000"
"202100044945";"6";"04";"2021";"15:10";"1";"45";"45284";"2";"1";"1";"3";"Rue Bernard Palissy";"47,9155909477";"1,9417867937"
"202100044946";"5";"04";"2021";"09:20";"1";"37";"37261";"2";"1";"1";"2";"MARECHAL JUIN (BD)";"47,4063800000";"0,7031000000"
"202100044947";"5";"04";"2021";"01:00";"5";"37";"37261";"2";"3";"1";"3";"CHURCHILL (BOULEVARD WINSTON)";"47,3732849734";"0,6869713962"
"202100044948";"6";"04";"2021";"17:45";"1";"35";"35281";"1";"1";"1";"6";"DAURAT (RUE DIDIER)";"48,0731800000";" -1,7161800000"
"202100044949";"6";"04";"2021";"12:15";"1";"35";"35051";"1";"9";"1";"3";"BRAY (RUE DE)";"48,1076800000";" -1,6180100000"
"202100044950";"6";"04";"2021";"14:30";"1";"33";"33162";"2";"2";"1";"3";"Avenue de Magudas";"44,8582800000";" -0,6663100000"
"202100044951";"6";"04";"2021";"05:57";"5";"32";"32013";"2";"1";"1";"6";"CORPS FRANC POMMIES (AVENUE DU)";"43,6320817283";"0,5819351966"
"202100044952";"5";"04";"2021";"16:52";"1";"32";"32013";"2";"1";"1";"7";"DOCTEUR SAMALENS";"43,6469700000";"0,5834600000"
"202100044953";"6";"04";"2021";"16:55";"1";"30";"30007";"2";"1";"1";"6";"BRIGADE DU LANGUEDOC (QUAI DE LA)";"44,1199000000";"4,0870900000"
"202100044954";"6";"04";"2021";"09:30";"1";"29";"29232";"2";"6";"9";"3";"Rue Paul Borrossi";"47,9872744275";" -4,1273725033"
"202100044955";"26";"03";"2021";"12:20";"1";"28";"28085";"1";"1";"1";"7";"ABLIS (RUE D')";"48,4473829549";"1,5002346039"
"202100044956";"6";"04";"2021";"16:45";"1";"27";"27701";"1";"1";"1";"7";"RD6015";"49,2549900000";"1,1738100000"
"202100044957";"6";"04";"2021";"17:17";"1";"26";"26313";"1";"9";"1";"4";"L.A.C.R.A. ";"44,9846000000";"4,9774300000"
"202100044958";"6";"04";"2021";"16:17";"1";"17";"17380";"2";"1";"1";"6";"GANIPOTE (AVENUE DE LA)";"45,6532600000";" -1,0950500000"
"202100044959";"5";"04";"2021";"18:55";"1";"13";"13026";"2";"1";"1";"6";"MARECHAL LECLERC (avenue du)";"43,3803800000";"5,1764700000"
"202100044960";"24";"03";"2021";"16:25";"1";"13";"13056";"1";"3";"1";"3";"VENTRONS";"43,3788000000";"5,0637300000"
"202100044961";"24";"03";"2021";"11:30";"1";"13";"13056";"2";"1";"1";"3";"CD 5 (Route d'Istres)";"43,4302860783";"5,0471384771"
"202100044962";"6";"04";"2021";"22:20";"5";"13";"13205";"2";"2";"1";"3";"BAILLE (BOULEVARD)";"43,2879640000";"5,3914520000"
"202100044963";"6";"04";"2021";"16:40";"1";"13";"13214";"2";"1";"1";"3";"MERLAN (AVENUE)";"43,3397000000";"5,4077180000"
"202100044964";"6";"04";"2021";"10:20";"1";"13";"13208";"2";"3";"1";"3";"MICHELET (BOULEVARD)";"43,2586500000";"5,3988500000"
"202100044965";"2";"04";"2021";"17:21";"1";"11";"11262";"2";"1";"1";"1";"AUGE (BOULEVARD DU DR LEON)";"43,1882100000";"3,0035900000"
"202100044966";"5";"04";"2021";"18:30";"1";"11";"11069";"2";"1";"1";"3";"SAINT MARTIN -AVENUE-";"43,2295000000";"2,3865000000"
"202100044967";"2";"04";"2021";"14:10";"1";"08";"08105";"2";"1";"1";"1";"PRIX";"49,7551950000";"4,7001310000"
"202100044968";"4";"04";"2021";"11:08";"1";"05";"05061";"2";"3";"1";"3";"MARECHAL FOCH ( AVENUE DU )";"44,5637200000";"6,0880300000"
"202100044969";"3";"04";"2021";"10:57";"1";"05";"05061";"2";"1";"1";"3";"SILOS ( RUE DES )";"44,5678800000";"6,0952200000"
"202100044970";"2";"04";"2021";"16:29";"1";"05";"05061";"2";"1";"1";"4";"RN 94";"44,5732610000";"6,1089420000"
"202100044971";"2";"04";"2021";"14:24";"1";"05";"05061";"2";"1";"1";"7";"PINS ( RUE DES )";"44,5623200000";"6,0774200000"
"202100044972";"5";"04";"2021";"23:50";"5";"75";"75119";"2";"2";"1";"3";"RUE DE KABYLIE";"48,8842920000";"2,3675710000"
"202100044973";"5";"04";"2021";"00:20";"5";"75";"75116";"2";"4";"1";"6";"ALLEE DU BORD DE L EAU";"48,8741440000";"2,2447570000"
"202100044974";"6";"04";"2021";"18:00";"1";"75";"75110";"2";"3";"1";"6";"RUE DU FAUBOURG SAINT MARTIN";"48,8804050000";"2,3643030000"
"202100044975";"5";"04";"2021";"21:35";"5";"75";"75109";"2";"4";"1";"3";"BOULEVARD DE CLICHY";"48,8838520000";"2,3286050000"
"202100044976";"5";"04";"2021";"16:20";"1";"75";"75109";"2";"1";"2";"2";"RUE DE CLICHY";"48,8821210000";"2,3280890000"
"202100044977";"6";"04";"2021";"08:45";"1";"75";"75101";"2";"2";"1";"3";"BOULEVARD DE SEBASTOPOL";"48,8585240000";"2,3482280000"
"202100044978";"6";"04";"2021";"17:25";"1";"94";"94081";"2";"1";"4";"6";"Rue du 18 Juin 1940";"48,7910000000";"2,3940000000"
"202100044979";"6";"04";"2021";"14:05";"1";"94";"94042";"2";"1";"1";"2";"PRESIDENT JOHN KENNEDY (AV DU)";"48,8147400000";"2,4634000000"
"202100044980";"6";"04";"2021";"13:15";"1";"94";"94043";"2";"1";"1";"3";"Avenue Charles Gide";"48,8061720000";"2,3499410000"
"202100044981";"6";"04";"2021";"11:45";"1";"94";"94021";"2";"1";"1";"6";"Avenue Georges Guynemer";"48,7581000000";"2,3440800000"
"202100044982";"6";"04";"2021";"21:08";"5";"93";"93073";"2";"1";"1";"3";"RESISTANCE (RUE DE LA)";"48,9495800000";"2,5652800000"
"202100044983";"6";"04";"2021";"09:20";"1";"93";"93066";"2";"2";"1";"1";"GARENNE";"48,9426917239";"2,3847031247"
"202100044984";"6";"04";"2021";"09:13";"1";"93";"93066";"2";"1";"1";"3";"FRANCE ANATOLE (BOULEVARD) NR AUTRES";"48,9225051728";"2,3471454112"
"202100044985";"6";"04";"2021";"13:10";"1";"93";"93055";"2";"2";"1";"3";"JEAN LOLIVE (AVENUE)(1/55 2/60)";"48,8915239579";"2,4050366377"
"202100044986";"6";"04";"2021";"03:40";"5";"93";"93064";"2";"1";"8";"6";"PERI (BOULEVARD GABRIEL) 39 / 44 - FIN";"48,8775395825";"2,4826419353"
"202100044987";"6";"04";"2021";"17:40";"1";"93";"93031";"2";"1";"1";"3";"JOFFRE (AVENUE)";"48,9602221704";"2,2983511183"
"202100044988";"6";"04";"2021";"15:15";"1";"93";"93010";"2";"9";"1";"3";"GUESDES (RUE JULES)";"48,9035663327";"2,4775895526"
"202100044989";"4";"04";"2021";"13:30";"1";"92";"92063";"2";"3";"1";"3";"DOUMER (AVENUE PAUL) NORD";"48,8830429760";"2,1894483268"
"202100044990";"5";"04";"2021";"18:00";"1";"92";"92036";"2";"2";"1";"3";"LOUIS ROCHE (AVENUE) (153/203)";"48,9233569400";"2,3213258386"
"202100044991";"2";"04";"2021";"20:35";"2";"92";"92025";"2";"1";"1";"3";"HENRI BARBUSSE (AV)";"48,9147416166";"2,2528705001"
"202100044992";"6";"04";"2021";"19:43";"1";"92";"92024";"2";"7";"1";"3";"REPUBLIQUE (PLACE DE LA)";"48,9033700000";"2,3128500000"
"202100044993";"6";"04";"2021";"10:00";"1";"92";"92012";"2";"6";"1";"3";"PONT DE BILLANCOURT (PLACE DU)";"48,8250419178";"2,2482612588"
"202100044994";"6";"04";"2021";"18:50";"1";"22";"22019";"1";"1";"1";"3";"Lieu Dit Kerimerch";"48,5882190000";" -2,9829810000"
"202100044995";"6";"04";"2021";"17:40";"1";"74";"74112";"2";"3";"1";"3";"R du Nante";"45,9367770000";"6,0902990000"
"202100044996";"6";"04";"2021";"07:10";"2";"974";"97414";"2";"2";"1";"3";"Route de Cilaos";" -21,2705140000";"55,4433900000"
"202100044997";"6";"04";"2021";"15:35";"1";"80";"80591";"1";"1";"1";"7";"D93";"49,9697410000";"1,7765830000"
"202100044998";"6";"04";"2021";"08:40";"1";"29";"29079";"1";"6";"1";"3";"Rond Point de la Corde";"48,6450070000";" -3,9467150000"
"202100044999";"4";"04";"2021";"18:55";"1";"31";"31107";"1";"1";"1";"5";"Chemin de Lacroix";"43,3256850000";"1,2180720000"
"202100045000";"7";"04";"2021";"18:45";"1";"50";"50598";"2";"1";"1";"7";"Rue Alexis de Tocqueville";"49,6708740000";" -1,3385090000"
"202100045001";"6";"04";"2021";"09:30";"1";"07";"07101";"2";"1";"1";"6";"lieu dit la tourrasse - route des costes";"44,4097130000";"4,3077189000"
"202100045002";"7";"04";"2021";"07:24";"2";"73";"73117";"1";"1";"4";"1";"A43 pk 192+600";"45,1890290000";"6,6433250000"
"202100045003";"7";"04";"2021";"14:00";"1";"973";"97305";"1";"3";"3";"3";"Rue du Singe Rouge";"5,0687486202";" -52,5925408602"
"202100045004";"7";"04";"2021";"17:50";"1";"84";"84034";"1";"1";"1";"5";"nÂ°76 CD900";"43,8862640000";"4,9450490000"
"202100045005";"3";"04";"2021";"15:50";"1";"13";"13007";"1";"1";"1";"3";"Route DÃ©partementale 2";"43,3197610000";"5,6646320000"
"202100045006";"6";"04";"2021";"07:35";"1";"68";"68309";"1";"4";"8";"1";"Route DÃ©partementale 19.3 Bis";"47,6653510000";"7,4738570000"
"202100045007";"6";"04";"2021";"20:20";"2";"02";"02213";"2";"9";"1";"6";"Le Libera";"49,0311400000";"3,5256190000"
"202100045008";"5";"04";"2021";"22:49";"3";"13";"13202";"1";"1";"1";"6";"A557-Liaison A7 Marseille-A55 Marseille";"43,3170000000";"5,3640200000"
"202100045009";"6";"04";"2021";"08:15";"1";"91";"91645";"1";"1";"1";"3";"RN 385 ExtÃ¨rieure";"48,7597000000";"2,2632000000"
"202100045010";"6";"04";"2021";"07:50";"2";"92";"92047";"1";"1";"1";"2";"A13";"48,8356238797";"2,1802820185"
"202100045011";"6";"04";"2021";"07:40";"2";"78";"78217";"1";"1";"1";"2";"A13";"48,9631790000";"1,8387080000"
"202100045012";"6";"04";"2021";"19:30";"1";"94";"94033";"1";"1";"1";"5";"A86.INT";"48,8520234289";"2,4897042795"
"202100045013";"6";"04";"2021";"17:00";"1";"94";"94033";"1";"1";"1";"4";"A86.EXT";"48,8507000000";"2,4907100000"
"202100045014";"3";"04";"2021";"16:05";"1";"35";"35115";"2";"1";"1";"6";"SAINT GERMAIN (BOULEVARD DE)";"48,3621470000";" -1,2084420000"
"202100045015";"4";"04";"2021";"11:00";"1";"974";"97416";"1";"1";"1";"6";"RECHERCHANT (RUE ADRIEN) (2)";" -21,2825110000";"55,4748570000"
"202100045016";"5";"04";"2021";"17:30";"1";"69";"69383";"2";"2";"1";"3";"FELIX FAURE (AV)";"45,7528900000";"4,8533600000"
"202100045017";"5";"04";"2021";"19:00";"1";"69";"69384";"2";"2";"1";"3";"JACQUARD (R)";"45,7763100000";"4,8236700000"
"202100045018";"5";"04";"2021";"16:20";"1";"69";"69385";"2";"2";"1";"1";"GENERAL EISENHOWER (AV)";"45,7544391710";"4,7821533680"
"202100045019";"5";"04";"2021";"19:00";"2";"2B";"2B033";"2";"1";"1";"1";"TOGA";"42,7082200000";"9,4537200000"
"202100045020";"5";"04";"2021";"14:45";"1";"91";"91687";"2";"1";"2";"6";"MARMONT (AVENUE)";"48,6640000000";"2,3753000000"
"202100045021";"5";"04";"2021";"19:20";"1";"81";"81144";"1";"6";"1";"3";"RN 88";"43,9615300000";"2,1673800000"
"202100045022";"3";"04";"2021";"05:59";"5";"78";"78168";"2";"2";"1";"3";"Route nationale 10";"48,7485700000";"1,9250200000"
"202100045023";"5";"04";"2021";"14:01";"1";"69";"69266";"2";"9";"1";"3";"GREUZE (R)";"45,7678500000";"4,8935800000"
"202100045024";"4";"04";"2021";"11:50";"1";"54";"54184";"2";"1";"1";"2";"SAULXURES (AVENUE DE)";"48,7039500000";"6,2461600000"
"202100045025";"5";"04";"2021";"16:36";"1";"49";"49007";"2";"1";"1";"3";"DE LATTRE DE TASSIGNY";"47,4527000000";" -0,5412700000"
"202100045026";"5";"04";"2021";"13:40";"1";"35";"35238";"2";"1";"1";"6";"PRE BOTTE (DU)";"48,1093000000";" -1,6783000000"
"202100045027";"5";"04";"2021";"13:10";"1";"29";"29019";"2";"6";"1";"3";"Rue SÃ©bastopol";"48,4016354766";" -4,4671051204"
"202100045028";"5";"04";"2021";"16:15";"1";"13";"13203";"2";"1";"1";"5";"PLOMBIERES (BOULEVARD DES)";"43,3177290000";"5,3809560000"
"202100045029";"5";"04";"2021";"16:30";"1";"13";"13207";"2";"1";"1";"3";"RIVE NEUVE (QUAI)";"43,2926500000";"5,3676400000"
"202100045030";"5";"04";"2021";"15:39";"1";"13";"13214";"2";"1";"1";"2";"MORETTI (BOULEVARD)";"43,3234400000";"5,3858900000"
"202100045031";"5";"04";"2021";"14:30";"1";"13";"13214";"2";"1";"1";"4";"PAUL COXE (RUE)";"43,3467330361";"5,3782428269"
"202100045032";"5";"04";"2021";"11:20";"1";"13";"13205";"2";"1";"1";"3";"SAKAKINI (BOULEVARD)";"43,2955570000";"5,4005170000"
"202100045033";"5";"04";"2021";"22:21";"5";"10";"10387";"2";"1";"1";"6";"JEAN NESMY (RUE)";"48,2941900000";"4,0901800000"
"202100045034";"5";"04";"2021";"17:25";"1";"75";"75114";"2";"4";"1";"6";"PORTE D ORLEANS";"48,8208150000";"2,3217320000"
"202100045035";"5";"04";"2021";"16:00";"1";"75";"75117";"2";"7";"2";"3";"PLACE DES TERNES";"48,8782960000";"2,2985810000"
"202100045036";"5";"04";"2021";"14:03";"1";"75";"75117";"2";"3";"2";"6";"AVENUE DE CLICHY";"48,8887930000";"2,3233480000"
"202100045037";"5";"04";"2021";"13:53";"1";"75";"75116";"2";"2";"2";"3";"AVENUE EDOUARD VAILLANT";"48,8367740000";"2,2536480000"
"202100045038";"5";"04";"2021";"16:45";"1";"75";"75110";"2";"2";"1";"3";"AVENUE PARMENTIER";"48,8700110000";"2,3710540000"
"202100045039";"4";"04";"2021";"16:49";"1";"94";"94080";"2";"2";"1";"6";"Avenue de la RÃ©publique";"48,8498700000";"2,4345500000"
"202100045040";"5";"04";"2021";"16:00";"1";"94";"94079";"2";"1";"1";"6";"CLAUDE TROTIN (R)";"48,8277200000";"2,5439500000"
"202100045041";"5";"04";"2021";"14:15";"1";"94";"94060";"2";"1";"2";"2";"GENERAL DE GAULLE (R DU)";"48,7813699069";"2,5719380379"
"202100045042";"5";"04";"2021";"18:35";"1";"93";"93059";"2";"1";"1";"3";"AMIENS (RUE D') NÂ° 02 AU NÂ°128";"48,9546350021";"2,3682403540"
"202100045043";"5";"04";"2021";"18:30";"1";"93";"93066";"2";"9";"1";"6";"FRANCE ANATOLE (BOULEVARD) NR AUTRES";"48,9256400000";"2,3505000000"
"202100045044";"5";"04";"2021";"02:30";"5";"93";"93051";"2";"6";"1";"6";"GABRIEL PERI (AVENUE)";"48,8319000000";"2,5667200000"
"202100045045";"4";"04";"2021";"21:37";"5";"92";"92020";"2";"1";"1";"7";"BERANGER RUE";"48,8048724203";"2,2837373614"
"202100045046";"5";"04";"2021";"14:20";"1";"92";"92044";"2";"2";"2";"3";"CARNOT(RUE) 43A71 ET 38A58";"48,8917200000";"2,2867500000"
"202100045047";"5";"04";"2021";"17:27";"1";"92";"92012";"2";"1";"1";"2";"JEAN JAURES (BOULEVARD) 63/215 - 70/208";"48,8347169761";"2,2429195046"
"202100045048";"5";"04";"2021";"19:10";"1";"92";"92004";"2";"4";"1";"3";"VOLTAIRE ( BD )";"48,9165659754";"2,2890293598"
"202100045049";"4";"04";"2021";"08:20";"1";"35";"35356";"2";"1";"1";"6";"12 Rue de la Poste";"48,2486140000";" -1,7819270000"
"202100045050";"1";"04";"2021";"16:45";"1";"18";"18032";"1";"1";"1";"7";"D751";"47,4218740000";"2,8954770000"
"202100045051";"3";"04";"2021";"14:45";"1";"11";"11203";"2";"3";"1";"2";"avenue de l'Ã©galitÃ©";"43,2076510000";"2,7605130000"
"202100045052";"5";"04";"2021";"18:00";"1";"63";"63020";"1";"1";"1";"1";"Rd 2089";"45,6857060000";"2,9380490000"
"202100045053";"4";"04";"2021";"12:07";"1";"63";"63278";"2";"1";"1";"7";"PR 003+250";"45,9244680000";"3,1592880000"