"Num_Acc";"jour";"mois";"an";"hrmn";"lum";"dep";"com";"agg";"int";"atm";"col";"adr";"lat";"long"
"202100045245";"3";"04";"2021";"13:30";"1";"75";"75112";"2";"2";"1";"1";"CARREFOUR DE BEAUTE";"48,8272480000";"2,4645490000"
"202100045246";"2";"04";"2021";"21:42";"5";"75";"75111";"2";"2";"1";"3";"RUE JEAN PIERRE TIMBAUD";"48,8676550000";"2,3772840000"
"202100045247";"3";"04";"2021";"17:00";"1";"75";"75108";"2";"2";"1";"2";"VOIE GEORGES POMPIDOU";"48,8649850000";"2,3136950000"
"202100045248";"3";"04";"2021";"20:15";"5";"75";"75104";"2";"7";"1";"6";"RUE DU PAS DE LA MULE";"48,8560645168";"2,3665906572"
"202100045249";"3";"04";"2021";"12:55";"1";"75";"75103";"2";"2";"1";"3";"RUE DU TEMPLE";"48,8618980000";"2,3569200000"
"202100045250";"2";"04";"2021";"17:58";"1";"94";"94078";"2";"1";"1";"3";"CARNOT (AV)";"48,7330500000";"2,4508100000"
"202100045251";"2";"04";"2021";"14:30";"1";"94";"94068";"2";"1";"1";"2";"Rue du Pont de CrÃ©teil";"48,7998587100";"2,4709167700"
"202100045252";"3";"04";"2021";"16:30";"1";"94";"94043";"2";"9";"7";"1";"Rue de la Convention";"48,8121400000";"2,3571200000"
"202100045253";"3";"04";"2021";"16:11";"1";"94";"94077";"2";"2";"1";"3";"PASTEUR (AV)";"48,7376300000";"2,4214500000"
"202100045254";"3";"04";"2021";"19:55";"1";"93";"93046";"2";"1";"1";"6";"EMILE GERARD AVENUE";"48,9203467104";"2,5221186876"
"202100045255";"3";"04";"2021";"16:00";"1";"93";"93032";"2";"9";"1";"2";"ABBESSES  (CHEMIN D'ACCES AUX)";"48,8770200000";"2,5573500000"
"202100045256";"3";"04";"2021";"18:08";"1";"93";"93029";"2";"2";"1";"3";"LEJEUNE (AVENUE)";"48,9196600000";"2,4708700000"
"202100045257";"3";"04";"2021";"20:15";"5";"93";"93047";"2";"2";"1";"3";"GABRIEL PERI  (AVENUE)";"48,8932200000";"2,5524800000"
"202100045258";"3";"04";"2021";"16:10";"1";"93";"93007";"2";"1";"1";"1";"Avenue EugÃ¨ne le Moign";"48,9281802098";"2,4681498749"
"202100045259";"3";"04";"2021";"02:20";"5";"93";"93007";"2";"1";"1";"6";"JOSEPH DARRIET (RUE)";"48,9462200000";"2,4558400000"
"202100045260";"3";"04";"2021";"17:45";"1";"93";"93007";"2";"1";"1";"6";"PETRODVORETZ (RUE)";"48,9492200270";"2,4545541652"
"202100045261";"3";"04";"2021";"18:20";"1";"92";"92078";"2";"1";"1";"3";"VERDUN (AVENUE) (IMPAIRS 27 AU 73)";"48,9355422350";"2,3325117351"
"202100045262";"3";"04";"2021";"16:00";"1";"92";"92064";"2";"1";"1";"3";"CARNOT";"48,8461750355";"2,2239026427"
"202100045263";"3";"04";"2021";"11:15";"1";"92";"92035";"2";"2";"1";"3";"GÃ©nÃ©ral de Gaulle  ( avenue du )";"48,9127077305";"2,2537274659"
"202100045264";"3";"04";"2021";"20:20";"2";"92";"92026";"2";"1";"1";"3";"RÃPUBLIQUE ( DE 01 A 31 ET DE 02 A 52 )";"48,8999680000";"2,2466220000"
"202100045265";"3";"04";"2021";"14:30";"1";"92";"92026";"2";"1";"1";"3";"STRASBOURG";"48,8924300000";"2,2495700000"
"202100045266";"4";"04";"2021";"10:30";"1";"83";"83043";"1";"1";"1";"5";"route dÃ©partementale 41";"43,2063180000";"6,2950160000"
"202100045267";"3";"04";"2021";"16:00";"1";"51";"51065";"1";"1";"1";"7";"Rue de Sompuis";"48,7181350000";"4,5119910000"
"202100045268";"3";"04";"2021";"15:55";"1";"24";"24372";"1";"2";"1";"2";"Jevah - D6089";"45,1431530000";"0,5576210000"
"202100045269";"3";"04";"2021";"14:30";"1";"38";"38160";"1";"2";"1";"3";"D41";"45,4930890000";"4,9751760000"
"202100045270";"2";"04";"2021";"16:40";"1";"41";"41104";"1";"1";"1";"6";"27 Rue de Morest";"47,5975650000";"1,4474490000"
"202100045271";"3";"04";"2021";"15:50";"1";"68";"68145";"2";"1";"1";"3";"Rue de vienne";"48,0739710000";"7,4054290000"
"202100045272";"4";"04";"2021";"11:30";"1";"974";"97404";"1";"1";"1";"1";"D17";" -21,2615610000";"55,3393980000"
"202100045273";"4";"04";"2021";"16:10";"1";"01";"01157";"1";"2";"1";"3";"933";"46,0242990000";"4,7526700000"
"202100045274";"4";"04";"2021";"11:30";"1";"76";"76220";"2";"2";"1";"6";"D920/D58";"49,8704940000";"1,3230370000"
"202100045275";"4";"04";"2021";"18:20";"1";"42";"42271";"2";"1";"1";"3";"Route de Saint-Paul";"45,4875990000";"4,5717370000"
"202100045276";"4";"04";"2021";"18:45";"1";"71";"71004";"1";"2";"1";"3";"D673";"46,8033810000";"4,9404310000"
"202100045277";"2";"04";"2021";"15:12";"1";"19";"19241";"1";"1";"1";"6";"route dÃ©partementale 174E4";"45,7135447468";"2,0776532691"
"202100045278";"11";"03";"2021";"12:45";"1";"56";"56015";"1";"1";"1";"3";"Le Rendez Vous";"47,6320670000";" -2,5588600000"
"202100045279";"3";"04";"2021";"18:45";"1";"74";"74310";"1";"4";"1";"2";"D5";"45,8296540000";"6,0594170000"
"202100045280";"4";"04";"2021";"11:55";"1";"74";"74011";"2";"1";"1";"2";"D5";"45,9242000000";"6,1722620000"
"202100045281";"4";"04";"2021";"06:30";"1";"2B";"2B242";"2";"1";"1";"6";"RT 10";"42,4002630000";"9,5310040000"
"202100045282";"4";"04";"2021";"03:15";"3";"49";"49311";"1";"1";"1";"6";"D53 PR2+529";"47,3863800000";" -0,0707460000"
"202100045283";"4";"04";"2021";"17:25";"1";"12";"12213";"2";"4";"1";"6";"D30";"44,1632710000";"2,9578840000"
"202100045284";"4";"04";"2021";"18:55";"1";"42";"42052";"1";"1";"1";"3";"Route de Fleury";"46,1671670000";"4,1581430000"
"202100045285";"4";"04";"2021";"18:24";"1";"47";"47049";"2";"1";"1";"6";"45 Allee des Promenades";"44,4432250000";"0,6216560000"
"202100045286";"3";"04";"2021";"11:50";"1";"47";"47195";"2";"6";"1";"4";"Route de Bordeaux";"44,1449610000";"0,3294990000"
"202100045287";"3";"04";"2021";"11:10";"1";"44";"44151";"1";"1";"1";"3";"Rue de la Gare";"47,3031560000";" -2,3061310000"
"202100045288";"3";"04";"2021";"15:15";"1";"44";"44192";"1";"1";"1";"4";"D723";"47,2687710000";" -1,9876580000"
"202100045289";"3";"04";"2021";"12:00";"1";"44";"44131";"1";"3";"1";"1";"D13";"47,1270240000";" -2,1477840000"
"202100045290";"29";"03";"2021";"08:00";"1";"35";"35207";"2";"3";"1";"1";"Rue Francis Monnoyeur";"48,1157604894";" -1,5320443511"
"202100045291";"31";"03";"2021";"15:15";"1";"35";"35271";"1";"1";"1";"7";"D115";"48,4910840000";" -1,2221430000"
"202100045292";"4";"04";"2021";"17:15";"1";"29";"29146";"1";"2";"7";"3";"Lieu Dit la Trinite";"47,9186160000";" -3,8158100000"
"202100045293";"3";"04";"2021";"14:50";"1";"02";"02665";"1";"2";"1";"3";"D1";"49,2337130000";"3,3701630000"
"202100045294";"3";"04";"2021";"18:40";"1";"01";"01457";"2";"1";"1";"6";"Route des Communes";"46,1991670000";"4,9940210000"
"202100045295";"4";"04";"2021";"15:30";"1";"26";"26097";"1";"1";"1";"1";"79 Chemin des Pres";"44,7172900000";"4,8345640000"
"202100045296";"4";"04";"2021";"12:10";"1";"54";"54292";"1";"1";"1";"7";"D9";"48,5256860426";"6,4391899111"
"202100045297";"4";"04";"2021";"11:50";"1";"54";"54059";"1";"1";"1";"1";"RD 44  ";"48,8672555239";"6,1997652055"
"202100045298";"3";"04";"2021";"14:45";"1";"06";"06032";"2";"6";"1";"7";"Avenue du Trois Septembre";"43,7217810000";"7,4045010000"
"202100045299";"4";"04";"2021";"19:10";"1";"14";"14726";"1";"2";"1";"2";"Impasse du Hamel aux Durands";"48,8539720000";" -0,6570550000"
"202100045300";"3";"04";"2021";"18:15";"1";"14";"14589";"2";"1";"1";"7";"D167";"49,0031390000";" -0,3004500000"
"202100045301";"3";"04";"2021";"17:30";"1";"05";"05009";"1";"1";"1";"6";"RN 85 - PR 000+200";"44,8055060000";"5,9555880000"
"202100045302";"4";"04";"2021";"17:25";"1";"64";"64068";"2";"1";"1";"7";"13 Rue de Labat";"43,1415690000";" -0,2525260000"
"202100045303";"2";"04";"2021";"13:56";"1";"10";"10233";"1";"1";"1";"6";"D7";"48,5183080000";"3,9101540000"
"202100045304";"3";"04";"2021";"19:25";"1";"36";"36005";"1";"1";"7";"7";"N/A";"46,7359860000";"1,8447860000"
"202100045305";"3";"04";"2021";"12:00";"1";"16";"16383";"2";"1";"1";"6";"Lieu-Dit Puy Martin";"45,7943980000";"0,1913010000"
"202100045306";"4";"04";"2021";"15:30";"1";"16";"16009";"1";"1";"7";"6";"Lieu-Dit Le PÃ¢turage";"45,9586980000";"0,5543380000"
"202100045307";"3";"04";"2021";"15:30";"1";"16";"16380";"1";"1";"1";"1";"N/A";"45,3925430000";" -0,2123020000"
"202100045308";"2";"04";"2021";"17:15";"1";"07";"07276";"1";"1";"1";"7";"D 120";"44,9092650000";"4,4661140000"
"202100045309";"3";"04";"2021";"15:00";"1";"07";"07204";"1";"1";"1";"7";"RD 120";"44,9936670000";"4,3827300000"
"202100045310";"3";"04";"2021";"18:30";"1";"24";"24133";"2";"1";"1";"6";"Residence les Bruyeres";"45,5355060000";"0,9729280000"
"202100045311";"4";"04";"2021";"15:50";"1";"17";"17140";"1";"1";"1";"5";"Route des HuÃ®tres";"45,9173630000";" -1,2270360000"
"202100045312";"2";"04";"2021";"23:30";"3";"48";"48009";"1";"1";"1";"7";"La Sagnette - Javols (Javols)";"44,6639600000";"3,3358630000"
"202100045313";"4";"04";"2021";"07:30";"2";"48";"48099";"1";"1";"1";"6";"Route DÃ©partementale 888";"44,4911940000";"3,2472700000"
"202100045314";"4";"04";"2021";"13:50";"1";"48";"48126";"1";"1";"1";"7";"D50";"44,6317260000";"3,4066200000"
"202100045315";"2";"04";"2021";"16:45";"1";"88";"88114";"2";"1";"7";"6";"rue francois de neufchateau";"48,1884100000";"5,8813440000"
"202100045316";"3";"04";"2021";"17:45";"1";"88";"88465";"1";"3";"1";"3";"Route d'Oncourt";"48,2515800000";"6,3866350000"
"202100045317";"3";"04";"2021";"20:30";"5";"971";"97103";"2";"9";"1";"6";"La Jaille";"16,2522070000";" -61,5836750000"
"202100045318";"3";"04";"2021";"13:15";"1";"17";"17444";"1";"1";"1";"3";"A10";"45,6903830000";" -0,6474640000"
"202100045319";"3";"04";"2021";"17:20";"1";"33";"33005";"2";"1";"1";"3";"Avenue Jean Marcel Despagne";"44,7550420000";" -1,0908970000"
"202100045320";"4";"04";"2021";"17:00";"1";"34";"34145";"1";"3";"1";"3";"Avenue du Vidourle";"43,6917390000";"4,1623910000"
"202100045321";"3";"04";"2021";"16:45";"1";"34";"34344";"2";"1";"1";"6";"AllÃ©e des GoÃ©lands";"43,5678920000";"4,0982490000"
"202100045322";"4";"04";"2021";"14:39";"1";"83";"83035";"1";"1";"1";"7";"Dn8";"43,2427390000";"5,7995240000"
"202100045323";"30";"03";"2021";"13:40";"1";"83";"83037";"1";"1";"1";"4";"DÃ©partementale 5";"43,3727330000";"5,9738490000"
"202100045324";"3";"04";"2021";"15:00";"1";"89";"89206";"1";"1";"1";"4";"D943";"47,9714220000";"3,4312750000"
"202100045325";"3";"04";"2021";"16:05";"1";"52";"52488";"2";"3";"1";"7";"Rue Principale";"47,9915940000";"5,2871940000"
"202100045326";"3";"04";"2021";"16:45";"1";"42";"42328";"1";"1";"1";"7";"Route du Soleillant";"45,5775080000";"3,9933590000"
"202100045327";"3";"04";"2021";"21:10";"3";"33";"33393";"1";"6";"1";"7";"N/A";"44,9802660000";" -0,1490560000"
"202100045328";"4";"04";"2021";"16:20";"1";"60";"60575";"1";"1";"1";"6";"Rue du 8 Mai 1945";"49,2820140000";"2,1945730000"
"202100045329";"4";"04";"2021";"07:13";"2";"80";"80335";"1";"1";"1";"6";"autoroute A29 PK 229+600 sens st Quentin- Amiens";"49,8579900000";"2,7767520000"
"202100045330";"2";"04";"2021";"15:00";"1";"62";"62366";"1";"1";"1";"6";"D341";"50,4175700000";"2,5774530000"
"202100045331";"3";"04";"2021";"15:22";"1";"13";"13215";"1";"1";"1";"6";"A7-Sens Marseille vers Lyon";"43,3590500000";"5,3622400000"
"202100045332";"3";"04";"2021";"14:53";"1";"13";"13005";"1";"1";"1";"7";"A50-Sens Marseille vers Aubagne";"43,2773150000";"5,5871810000"
"202100045333";"3";"04";"2021";"04:30";"5";"33";"33167";"1";"1";"1";"6";"N/A";"44,8337800000";" -0,5002960000"
"202100045334";"2";"04";"2021";"20:00";"1";"91";"91340";"1";"1";"1";"7";"AUTOROUTE A6";"48,6036900000";"2,4369000000"
"202100045335";"2";"04";"2021";"19:20";"1";"91";"91064";"1";"1";"1";"3";"RN 118";"48,7488700000";"2,2186100000"
"202100045336";"2";"04";"2021";"21:00";"3";"78";"78646";"1";"1";"1";"7";"RN12";"48,7918000000";"2,0968800000"
"202100045337";"2";"04";"2021";"22:05";"5";"93";"93051";"1";"1";"1";"2";"A4";"48,8361710985";"2,5581273450"
"202100045338";"28";"01";"2021";"16:24";"1";"05";"05061";"2";"1";"2";"2";"SILOS ( RUE DES )";"44,5660100000";"6,0877200000"
"202100045339";"13";"01";"2021";"18:02";"5";"05";"05061";"2";"1";"1";"6";"GEORGES POMPIDOU ( BD)";"44,5563400000";"6,0792500000"
"202100045340";"2";"04";"2021";"11:35";"1";"974";"97411";"2";"1";"1";"6";"Rue FÃ©lix Guyon";" -20,8788200000";"55,4544500000"
"202100045341";"2";"04";"2021";"07:30";"1";"974";"97411";"1";"1";"1";"4";"LITTORAL (ROUTE 1 DU)";" -20,8767900000";"55,4138800000"
"202100045342";"31";"03";"2021";"16:30";"1";"974";"97411";"2";"1";"8";"1";"Boulevard de Saint FranÃ§ois";" -20,9001100000";"55,4637300000"
"202100045343";"31";"03";"2021";"15:15";"1";"974";"97411";"2";"3";"2";"3";"Rue du MarÃ©chal Leclerc";" -20,8827700000";"55,4621900000"
"202100045344";"2";"04";"2021";"20:22";"5";"973";"97302";"2";"1";"2";"6";"PAYEE (MADAME)";"4,9410998581";" -52,3304262758"
"202100045345";"2";"04";"2021";"15:27";"1";"973";"97302";"2";"1";"1";"3";"MONTABO (ROUTE DE) 2";"4,9363959840";" -52,2965483666"
"202100045346";"1";"04";"2021";"22:00";"5";"973";"97302";"2";"2";"1";"3";"ZEPHIR (ROCADE)";"4,9332529888";" -52,3096509994"
"202100045347";"2";"04";"2021";"15:15";"1";"69";"69388";"2";"1";"1";"6";"ETATS-UNIS (DES) (BD)";"45,7264723901";"4,8700118065"
"202100045348";"2";"04";"2021";"06:40";"2";"69";"69199";"2";"2";"1";"3";"EMILE ZOLA (R)";"45,7105846164";"4,8571479321"
"202100045349";"2";"04";"2021";"10:40";"1";"972";"97209";"1";"1";"1";"6";"RD 41 (ROCADE)";"14,6098000000";" -61,0655000000"
"202100045350";"22";"02";"2021";"22:15";"5";"69";"69389";"2";"1";"1";"7";"PAUL SEDAILLIAN (Q)";"45,7911200000";"4,8189100000"
"202100045351";"2";"04";"2021";"19:20";"1";"91";"91201";"2";"1";"1";"3";"BD HENRI BARBUSSE";"48,6810200000";"2,4091000000"
"202100045352";"2";"04";"2021";"19:00";"1";"91";"91687";"2";"1";"1";"6";"CARNOT (RUE)";"48,6806230000";"2,3842850000"
"202100045353";"2";"04";"2021";"10:16";"1";"91";"91589";"2";"1";"1";"3";"AV GABRIEL PERI";"48,6893600000";"2,3543300000"
"202100045354";"1";"04";"2021";"16:45";"1";"91";"91223";"1";"1";"1";"6";"DE GAULLE (AVENUE CHARLES)";"48,4236340000";"2,1532090000"
"202100045355";"1";"04";"2021";"15:25";"1";"91";"91223";"1";"9";"1";"5";"R.D.20";"48,4331800000";"2,1672100000"
"202100045356";"16";"03";"2021";"23:05";"3";"90";"90076";"1";"1";"2";"6";"MARONNIERS (RUE DES)";"47,6335905875";"6,9002348185"
"202100045357";"1";"04";"2021";"17:03";"1";"87";"87085";"2";"2";"1";"6";"VIGENAL (BOULEVARD DU)";"45,8526600000";"1,2592100000"
"202100045358";"1";"04";"2021";"07:18";"5";"87";"87085";"2";"2";"1";"3";"ALLENDE (QUAI SALVADOR)";"45,8211200000";"1,2630000000"
"202100045359";"2";"04";"2021";"16:55";"1";"83";"83069";"2";"1";"7";"6";"DENIS (AVENUE ALPHONSE)";"43,1209900000";"6,1343600000"
"202100045360";"2";"04";"2021";"17:20";"1";"83";"83061";"2";"1";"1";"3";"AVENUE DE LA CORNICHE D'AZUR";"43,3883480000";"6,7245510000"
"202100045361";"1";"04";"2021";"17:56";"1";"80";"80725";"2";"1";"1";"4";"RD 210";"49,8590479710";"2,2553622723"
"202100045362";"1";"04";"2021";"17:30";"1";"80";"80674";"2";"1";"1";"4";"DEFENSE PASSIVE (AVENUE DE LA)";"49,9093800000";"2,3276300000"
"202100045363";"24";"03";"2021";"10:51";"1";"78";"78686";"2";"2";"1";"3";"GENERAL LECLERC (AVENUE DU)";"48,8041100000";"2,1696400000"
"202100045364";"3";"04";"2021";"00:50";"5";"78";"78133";"2";"1";"1";"6";"MANTES (ROUTE DE)";"48,9072210000";"2,0475400000"
"202100045365";"1";"04";"2021";"13:20";"1";"74";"74298";"2";"3";"1";"3";"CHARCOT (RUE J.B.)";"46,1883700000";"6,2515200000"
"202100045366";"1";"04";"2021";"07:59";"1";"74";"74012";"2";"9";"1";"2";"DUSSONCHET (RUE JEAN-PHILIPPE)";"46,1883700000";"6,2434600000"
"202100045367";"2";"04";"2021";"12:46";"1";"72";"72181";"2";"1";"1";"3";"KLOTZ HENRI-PIERRE (AV)";"48,0193000000";"0,1681500000"
"202100045368";"2";"04";"2021";"18:55";"1";"71";"71306";"2";"1";"1";"3";"MACON (RUE DE)";"46,6736100000";"4,3742300000"
"202100045369";"1";"04";"2021";"13:00";"1";"71";"71270";"2";"1";"1";"6";"70 Route de Lyon";"46,2907960000";"4,8133890000"
"202100045370";"2";"04";"2021";"18:15";"1";"71";"71468";"1";"9";"1";"3";"16 Route de la Beaujarde";"46,8134795166";"4,4967333685"
"202100045371";"2";"04";"2021";"18:30";"1";"64";"64129";"2";"3";"1";"2";"BAYONNE DE";"43,2994100000";" -0,3916700000"
"202100045372";"2";"04";"2021";"15:45";"1";"64";"64445";"2";"9";"1";"3";"LOUIS SALLENAVE";"43,3169000000";" -0,3602900000"
"202100045373";"1";"04";"2021";"15:45";"1";"64";"64024";"2";"9";"1";"7";"BAYONNE (AVENUE DE)";"43,4811500000";" -1,5112100000"
"202100045374";"1";"04";"2021";"20:01";"5";"63";"63113";"2";"2";"1";"2";"BRUGIERE (BD AMBROISE)";"45,7897200000";"3,1179300000"
"202100045375";"1";"04";"2021";"18:04";"1";"63";"63032";"2";"1";"1";"6";"RESISTANCE (RUE DE LA)";"45,7504817467";"3,0886006607"
"202100045376";"12";"03";"2021";"16:30";"1";"62";"62427";"2";"1";"1";"6";"KENNEDY (BD JOHN FITZGERALD)";"50,4246260000";"2,9574930000"
"202100045377";"18";"03";"2021";"09:05";"1";"59";"59153";"1";"1";"8";"1";"D935";"50,4448500000";"3,5902700000"
"202100045378";"2";"04";"2021";"15:30";"1";"59";"59421";"2";"1";"1";"6";"MIRABEAU (RUE)";"50,7062800000";"3,1298800000"
"202100045379";"31";"03";"2021";"13:55";"1";"59";"59234";"2";"1";"1";"3";"MOULIN (RUE JEAN)";"50,3991900000";"3,0432200000"
"202100045380";"1";"04";"2021";"19:00";"2";"56";"56107";"1";"1";"1";"2";"ROUTE DEPARTEMENTALE 29";"47,7239600000";" -3,3825200000"
"202100045381";"2";"04";"2021";"13:55";"1";"51";"51474";"2";"3";"1";"3";"Rue Pasteur";"49,2586676264";"3,9881926775"
"202100045382";"2";"04";"2021";"13:45";"1";"51";"51454";"2";"2";"1";"3";"Rue de Venise";"49,2491428808";"4,0369553178"
"202100045383";"1";"04";"2021";"18:45";"1";"50";"50203";"2";"2";"1";"3";"HIPPODROME (rue de l')";"49,6035700000";" -1,6024300000"
"202100045384";"1";"04";"2021";"08:55";"1";"50";"50129";"2";"4";"1";"2";"PONT TOURNANT";"49,6391600000";" -1,6205900000"
"202100045385";"2";"04";"2021";"18:02";"1";"49";"49007";"2";"1";"1";"6";"PORTET BOULEVARD";"47,4512200000";" -0,5617000000"
"202100045386";"30";"03";"2021";"05:36";"5";"49";"49007";"2";"1";"1";"6";"SAINT LEONARD";"47,4587543667";" -0,5179120985"
"202100045387";"31";"03";"2021";"11:10";"1";"49";"49007";"2";"1";"1";"6";"JAURES";"47,4573800000";" -0,5231700000"
"202100045388";"1";"04";"2021";"21:00";"5";"47";"47001";"2";"1";"1";"6";"DELPECH (AV. GEORGES)";"44,2108100000";"0,6092400000"
"202100045389";"1";"04";"2021";"09:05";"1";"47";"47001";"2";"4";"1";"3";"SCALIGER (BOULEVARD)";"44,2066344335";"0,6138611223"
"202100045390";"2";"04";"2021";"12:00";"1";"45";"45232";"2";"1";"1";"6";"1878 Rue du General de Gaulle";"47,8676990000";"1,8765800000"
"202100045391";"2";"04";"2021";"08:55";"1";"45";"45169";"2";"2";"1";"3";"Rue du Val dâOrlÃ©ans";"47,9239800000";"1,8446800000"
"202100045392";"2";"04";"2021";"18:00";"1";"44";"44109";"2";"1";"1";"6";"RUE DE LA BOTTIERE";"47,2391000000";" -1,5202500000"
"202100045393";"1";"04";"2021";"19:40";"1";"41";"41018";"2";"1";"1";"1";"THIERRY (RUE AUGUSTIN)";"47,5820200000";"1,3228100000"
"202100045394";"1";"04";"2021";"08:30";"1";"37";"37233";"2";"6";"1";"7";"BONNIN (AVENUE JEAN)";"47,3955678900";"0,7107386700"
"202100045395";"2";"04";"2021";"07:36";"1";"37";"37214";"2";"1";"1";"7";"MAISONS BLANCHES (QUAI DES)";"47,3943155223";"0,6509132803"
"202100045396";"1";"04";"2021";"22:57";"5";"37";"37261";"2";"1";"1";"6";"HEURTELOUP (BOULEVARD)";"47,3913175589";"0,6957997534"
"202100045397";"1";"04";"2021";"16:30";"1";"37";"37208";"2";"1";"1";"7";"ROCHEPINARD (RUE DE)";"47,3720194727";"0,7208969665"
"202100045398";"1";"04";"2021";"15:44";"1";"37";"37261";"2";"1";"1";"6";"GRAMMONT (AVENUE DE)";"47,3764261029";"0,6943797350"
"202100045399";"2";"04";"2021";"18:44";"1";"33";"33063";"2";"4";"1";"2";"Cours MarÃ©chal Juin";"44,8359570000";" -0,5834200000"
"202100045400";"2";"04";"2021";"08:55";"1";"33";"33063";"2";"1";"1";"3";"Avenue Thiers";"44,8430400000";" -0,5552700000"
"202100045401";"2";"04";"2021";"18:40";"1";"30";"30007";"2";"1";"1";"3";"ROQUE (RUE DE LA)";"44,1267500000";"4,0772400000"
"202100045402";"2";"04";"2021";"17:41";"1";"29";"29039";"2";"1";"1";"6";"Boulevard Bougainville";"47,8705926603";" -3,9234586475"
"202100045403";"1";"04";"2021";"12:30";"1";"29";"29019";"2";"1";"1";"3";"Rue Mathieu Donnart";"48,3996000000";" -4,4857700000"
"202100045404";"2";"04";"2021";"13:53";"1";"25";"25056";"2";"1";"1";"4";"LAGRANGE  AVENUE LEO";"47,2449100000";"6,0034500000"
"202100045405";"26";"03";"2021";"17:00";"1";"22";"22215";"2";"1";"1";"3";"FROS (RUE DU)";"48,5004750000";" -2,8009250000"
"202100045406";"1";"04";"2021";"19:15";"1";"18";"18213";"1";"3";"1";"3";"RN 151";"47,0980300000";"2,4683800000"
"202100045407";"2";"04";"2021";"15:30";"1";"14";"14118";"2";"6";"1";"3";"Boulevard de Rethel";"49,1696600000";" -0,3336600000"
"202100045408";"3";"04";"2021";"01:15";"5";"13";"13208";"2";"1";"1";"6";"MENDES FRANCE (AVENUE)";"43,2556310000";"5,3765030000"
"202100045409";"2";"04";"2021";"16:30";"1";"13";"13205";"2";"1";"1";"1";"SAKAKINI (BOULEVARD)";"43,2931145761";"5,4014210955"
"202100045410";"2";"04";"2021";"09:05";"1";"13";"13210";"2";"9";"1";"3";"ROMAIN ROLLAND (BOULEVARD)";"43,2747340000";"5,4154920000"
"202100045411";"31";"03";"2021";"19:00";"1";"13";"13206";"2";"3";"1";"3";"ARMENY (RUE D')";"43,2911820000";"5,3807700000"
"202100045412";"2";"04";"2021";"15:42";"1";"10";"10387";"2";"1";"1";"6";"CHALMEL (RUE)";"48,2960755339";"4,0627122670"
"202100045413";"2";"04";"2021";"08:59";"1";"10";"10081";"1";"1";"1";"2";"ROCADE OUEST (RD 610)";"48,3217300000";"4,0256600000"
"202100045414";"1";"04";"2021";"12:20";"1";"10";"10343";"2";"1";"1";"6";"MAURICE ROMAGNON (RUE)";"48,2807558896";"4,0891885757"
"202100045415";"2";"04";"2021";"10:25";"1";"06";"06088";"2";"1";"1";"6";"MARCEAU (R.)";"43,7074500000";"7,2658800000"
"202100045416";"2";"04";"2021";"13:25";"1";"06";"06069";"2";"1";"1";"3";"MARIGARDE (ROUTE DE LA)";"43,6536750000";"6,9359960000"
"202100045417";"2";"04";"2021";"13:15";"1";"06";"06030";"2";"9";"1";"6";"DOLCE FARNIENTE (CHEMIN DU)";"43,5656400000";"7,0199500000"
"202100045418";"2";"04";"2021";"16:10";"1";"75";"75117";"2";"1";"1";"5";"PORTE DE CHAMPERRET";"48,8845780000";"2,2863010000"
"202100045419";"1";"04";"2021";"11:10";"1";"75";"75112";"2";"1";"1";"3";"ECHANGEUR BERCY";"48,8267197110";"2,3912376165"
"202100045420";"1";"04";"2021";"19:40";"1";"75";"75120";"2";"2";"1";"3";"AVENUE DU DOCTEUR GLEY";"48,8772360000";"2,4100140000"
"202100045421";"2";"04";"2021";"10:25";"1";"75";"75119";"2";"7";"1";"3";"PLACE AUGUSTE BARON";"48,9001500000";"2,3873080000"
"202100045422";"2";"04";"2021";"16:30";"1";"75";"75117";"2";"3";"1";"6";"RUE CARDINET";"48,8896990000";"2,3166820000"
"202100045423";"2";"04";"2021";"07:55";"1";"75";"75117";"2";"4";"1";"3";"AVENUE DE VILLIERS";"48,8817350000";"2,3145820000"
"202100045424";"2";"04";"2021";"18:05";"1";"75";"75116";"2";"2";"1";"4";"AVENUE RAYMOND POINCARE";"48,8662500000";"2,2862160000"
"202100045425";"2";"04";"2021";"10:50";"1";"75";"75116";"2";"3";"1";"3";"AVENUE VICTOR HUGO";"48,8688180000";"2,2833280000"
"202100045426";"2";"04";"2021";"08:00";"1";"75";"75115";"2";"2";"1";"6";"RUE DE LA CROIX NIVERT";"48,8399800000";"2,2903650000"
"202100045427";"2";"04";"2021";"17:30";"1";"75";"75112";"2";"2";"1";"3";"COURS DES MARECHAUX";"48,8445760000";"2,4387660000"
"202100045428";"2";"04";"2021";"15:00";"1";"75";"75111";"2";"2";"1";"6";"AVENUE PARMENTIER";"48,8584220000";"2,3800150000"
"202100045429";"2";"04";"2021";"11:43";"1";"75";"75110";"2";"2";"1";"3";"RUE LA FAYETTE";"48,8789780000";"2,3557530000"
"202100045430";"1";"04";"2021";"18:15";"1";"75";"75107";"2";"1";"1";"6";"RUE DU BAC";"48,8534200000";"2,3237620000"
"202100045431";"2";"04";"2021";"02:30";"5";"75";"75103";"2";"1";"1";"7";"BOULEVARD SAINT MARTIN";"48,8682310000";"2,3604340000"
"202100045432";"2";"04";"2021";"18:30";"1";"75";"75109";"2";"7";"1";"6";"PLACE DE CLICHY";"48,8834470000";"2,3276830000"
"202100045433";"2";"04";"2021";"15:40";"1";"75";"75104";"2";"2";"1";"6";"RUE DU RENARD";"48,8583530000";"2,3519390000"
"202100045434";"31";"03";"2021";"17:45";"1";"75";"75104";"2";"3";"1";"7";"RUE SAINT ANTOINE";"48,8533800000";"2,3676590000"