"Num_Acc";"jour";"mois";"an";"hrmn";"lum";"dep";"com";"agg";"int";"atm";"col";"adr";"lat";"long"
"202100045435";"2";"04";"2021";"14:45";"1";"94";"94068";"2";"2";"1";"3";"Avenue Guynemer";"48,7882400000";"2,4852700000"
"202100045436";"2";"04";"2021";"20:50";"5";"94";"94037";"2";"3";"1";"3";"PAUL VAILLANT COUTURIER (AV)";"48,8167800000";"2,3337090000"
"202100045437";"2";"04";"2021";"17:35";"1";"94";"94041";"2";"1";"1";"3";"GEORGES GOSNAT (AV)";"48,8134800000";"2,3889800000"
"202100045438";"2";"04";"2021";"16:15";"1";"94";"94041";"2";"1";"1";"6";"Bd Paul Vaillant Couturier";"48,8146800000";"2,4018800000"
"202100045439";"2";"04";"2021";"15:05";"1";"94";"94041";"2";"1";"1";"6";"Avenue Danielle Casanova";"48,8132500000";"2,3851300000"
"202100045440";"2";"04";"2021";"16:35";"1";"94";"94069";"2";"9";"1";"3";"MARECHAL DE LATTRE DE TASSIGNY (AV)";"48,8199400000";"2,4202400000"
"202100045441";"2";"04";"2021";"21:20";"1";"94";"94052";"2";"2";"1";"3";"Boulevard des 2 Communes";"48,8405190000";"2,4742350000"
"202100045442";"2";"04";"2021";"13:45";"1";"93";"93072";"2";"3";"1";"6";"MAXIME GORKI (BOULEVARD) DES NÂ°89 A ...";"48,9465000000";"2,3864300000"
"202100045443";"1";"04";"2021";"21:50";"5";"93";"93071";"2";"1";"1";"6";"GEORGES DENANCE (RUE)";"48,9313900000";"2,5380700000"
"202100045444";"1";"04";"2021";"12:34";"1";"93";"93066";"2";"1";"1";"2";"LIBERATION RD14 (BOULEVARD)";"48,9222912973";"2,3434111476"
"202100045445";"2";"04";"2021";"13:42";"1";"93";"93077";"2";"3";"1";"3";"NEUILLY (RUE DE)";"48,8819900000";"2,5146200000"
"202100045446";"2";"04";"2021";"09:50";"1";"93";"93048";"2";"1";"1";"6";"HENRI BARBUSSE (BOULEVARD)";"48,8674812287";"2,4421746408"
"202100045447";"1";"04";"2021";"19:45";"1";"93";"93006";"2";"1";"1";"3";"STALINGRAD AV.";"48,8729683817";"2,4291861285"
"202100045448";"2";"04";"2021";"16:00";"1";"93";"93032";"2";"3";"1";"3";"SAINT GERMAIN  (RUE)";"48,8845500000";"2,5320100000"
"202100045449";"2";"04";"2021";"13:00";"1";"93";"93032";"2";"3";"1";"3";"PAUL VAILLANT COUTURIER (RUE)";"48,8656809565";"2,5641061341"
"202100045450";"2";"04";"2021";"09:47";"1";"93";"93066";"2";"1";"1";"2";"FORT DE LA BRICHE";"48,9422200000";"2,3417400000"
"202100045451";"2";"04";"2021";"01:50";"5";"93";"93010";"2";"1";"1";"6";"AULNAY (ROUTE) COTE PAIRE DE 2 A FIN";"48,9119927902";"2,4813707918"
"202100045452";"2";"04";"2021";"16:00";"1";"93";"93008";"2";"3";"1";"3";"BARBUSSE (AVENUE HENRI) A30";"48,9083700000";"2,4274700000"
"202100045453";"2";"04";"2021";"12:03";"1";"93";"93001";"2";"1";"1";"5";"JEAN JAURES (AVE) 55 A 129";"48,9066117165";"2,3952595890"
"202100045454";"1";"04";"2021";"08:30";"1";"92";"92063";"2";"2";"1";"3";"ROSIERS (RUE DES)";"48,8704700000";"2,2070800000"
"202100045455";"30";"03";"2021";"08:30";"1";"92";"92063";"2";"1";"1";"2";"HABY SOMMER (RUE)";"48,8758800000";"2,1864200000"
"202100045456";"2";"04";"2021";"09:40";"1";"92";"92051";"2";"1";"1";"3";"JACQUES DULUD (RUE)";"48,8808100000";"2,2668300000"
"202100045457";"2";"04";"2021";"08:45";"1";"92";"92049";"2";"1";"1";"6";"VERDIER AVENUE AUTRES NÂ°";"48,8161608643";"2,3086497188"
"202100045458";"2";"04";"2021";"14:10";"1";"92";"92040";"2";"1";"1";"2";"RODIN (BOULEVARD)";"48,8165699747";"2,2533720732"
"202100045459";"2";"04";"2021";"14:30";"1";"92";"92040";"2";"1";"1";"3";"ABBE DERRY (DE L')";"48,8224500000";"2,2796900000"
"202100045460";"2";"04";"2021";"16:25";"1";"92";"92036";"2";"1";"1";"6";"JEAN JAURES (RUE) (35/+)";"48,9269541644";"2,2947143018"
"202100045461";"2";"04";"2021";"15:20";"1";"92";"92026";"2";"3";"1";"1";"Boulevard Circulaire";"48,8909017899";"2,2476804256"
"202100045462";"2";"04";"2021";"18:20";"1";"92";"92024";"2";"3";"1";"3";"VICTOR HUGO (BD)";"48,9027138994";"2,3188930750"
"202100045463";"2";"04";"2021";"19:00";"3";"974";"97415";"2";"1";"1";"1";"Rue Jean Albany";" -21,0779480000";"55,2680970000"
"202100045464";"2";"04";"2021";"18:20";"1";"35";"35135";"1";"1";"1";"1";"Les Naudieres";"48,2342800000";" -1,9683560000"
"202100045465";"3";"04";"2021";"10:15";"1";"26";"26140";"1";"1";"6";"1";"Route Departementale 52";"45,1222180000";"5,1078270000"
"202100045466";"2";"04";"2021";"19:25";"1";"83";"83004";"1";"1";"1";"6";"A8 PK 114.300";"43,4514027167";"6,5053224564"
"202100045467";"2";"04";"2021";"16:20";"1";"01";"01288";"1";"1";"1";"1";"D89e";"46,1998382198";"5,9377066791"
"202100045468";"29";"03";"2021";"23:30";"3";"971";"97109";"2";"1";"2";"6";"Rue Pierre et Rene Hincelin";"15,9949540000";" -61,7050230000"
"202100045469";"2";"04";"2021";"12:15";"1";"34";"34259";"1";"1";"1";"2";"RN109 PK 10+350";"43,6316140000";"3,7631070000"
"202100045470";"2";"04";"2021";"16:45";"1";"56";"56078";"1";"3";"1";"1";"D152 - LE FORT DU LOCH";"47,7492290000";" -3,5087000000"
"202100045471";"3";"04";"2021";"16:30";"1";"77";"77109";"2";"1";"1";"7";"D75";"48,6129950000";"3,1896620000"
"202100045472";"25";"02";"2021";"17:10";"1";"82";"82112";"2";"3";"1";"3";"Route des Vergers";"44,1043440000";"1,1045870000"
"202100045473";"2";"04";"2021";"17:30";"1";"63";"63424";"2";"2";"1";"3";"Rue des CuillÃ¨res";"45,9365200000";"3,2528760000"
"202100045474";"3";"04";"2021";"16:34";"1";"29";"29189";"1";"9";"1";"1";"Croix du Tinduff (Ãlimination des dÃ©chets)";"48,3406734976";" -4,3755987951"
"202100045475";"3";"04";"2021";"12:10";"1";"68";"68141";"2";"3";"1";"3";"2 Route de Didenheim";"47,7015130000";"7,2817680000"
"202100045476";"3";"04";"2021";"00:20";"3";"44";"44216";"1";"1";"1";"6";"La Petite Senardiere";"46,9735540000";" -1,3643220000"
"202100045477";"2";"04";"2021";"14:00";"1";"44";"44158";"2";"6";"1";"3";"Route de Coueron";"47,2740030000";" -1,7793290000"
"202100045478";"23";"03";"2021";"18:50";"1";"29";"29068";"1";"2";"1";"3";"VC7- VC2 Lieu dit Le Rest";"48,5495620000";" -3,9977360000"
"202100045479";"3";"04";"2021";"15:00";"1";"29";"29207";"2";"1";"1";"6";"Rue des GenÃªts";"48,5367980000";" -3,7893820000"
"202100045480";"3";"04";"2021";"16:25";"1";"29";"29056";"1";"4";"1";"2";"Lieu-dit Guerrus";"48,4366424404";" -4,2939886755"
"202100045481";"3";"04";"2021";"15:15";"1";"31";"31430";"1";"2";"1";"3";"D817";"43,1008610000";"0,6058630000"
"202100045482";"3";"04";"2021";"16:40";"1";"31";"31033";"2";"1";"1";"6";"2 Chemin de la Gravette";"43,3553360000";"1,4783530000"
"202100045483";"31";"03";"2021";"16:45";"1";"38";"38314";"1";"1";"1";"7";"Rue du Pontet";"45,4292700000";"6,0249600000"
"202100045484";"2";"04";"2021";"12:55";"1";"38";"38126";"2";"1";"1";"2";"118 Avenue de l'Eygala";"45,2120740000";"5,7577910000"
"202100045485";"3";"04";"2021";"14:00";"1";"26";"26146";"2";"3";"6";"1";"1 Route de Rochecourbiere";"44,4164160000";"4,9094830000"
"202100045486";"3";"04";"2021";"10:40";"1";"54";"54415";"2";"1";"1";"6";"31 Rue de Serre";"48,9832799684";"6,0217684516"
"202100045487";"3";"04";"2021";"05:45";"3";"50";"50232";"1";"1";"1";"6";"La fauvisiÃ¨re";"49,1214950000";" -1,3073950000"
"202100045488";"29";"03";"2021";"15:30";"1";"07";"07049";"1";"1";"1";"7";"Pont des deux eaux / croisement D578-D281";"44,8388070000";"4,3312100000"
"202100045489";"2";"04";"2021";"16:15";"1";"24";"24510";"1";"1";"1";"1";"D703";"44,8367490000";"1,0957740000"
"202100045490";"3";"04";"2021";"14:15";"1";"24";"24317";"1";"1";"1";"4";"D60";"45,0080740000";"1,3478850000"
"202100045491";"3";"04";"2021";"10:15";"1";"30";"30317";"1";"2";"1";"3";"RD 986L";"43,9230900000";"4,5628880000"
"202100045492";"2";"04";"2021";"21:10";"3";"30";"30305";"1";"1";"1";"3";"1657 Route d'Ales";"44,1661830000";"4,1293950000"
"202100045493";"2";"04";"2021";"22:14";"3";"88";"88441";"1";"1";"1";"6";"chemin communal de sans vallois jÃ©sonville";"48,1538730000";"6,1071540000"
"202100045494";"2";"04";"2021";"23:15";"3";"85";"85299";"2";"1";"1";"6";"D115";"46,4065650000";" -0,8835950000"
"202100045495";"2";"04";"2021";"22:20";"3";"10";"10444";"1";"9";"1";"6";"A5 PK 90+800";"48,2425690000";"3,6105030000"
"202100045496";"2";"04";"2021";"21:50";"5";"13";"13091";"2";"2";"1";"3";"Henri Barbusse";"43,6230830000";"5,2957960000"
"202100045497";"27";"03";"2021";"08:00";"1";"38";"38530";"1";"1";"1";"1";"A43, PK 028+750";"45,6147430000";"5,2000310000"
"202100045498";"28";"03";"2021";"19:05";"3";"988";"98821";"1";"3";"1";"6";"Route du littoral - RM24/Voie privÃ©";" -22,1471450000";"166,2423710000"
"202100045499";"2";"04";"2021";"07:00";"1";"976";"97608";"2";"1";"1";"3";"Boulevard des Crabes";" -12,7821410000";"45,2577900000"
"202100045500";"2";"04";"2021";"19:45";"2";"18";"18055";"2";"1";"7";"6";"7 Rue de l'Abbe Emile Trouzier";"46,9944000000";"2,1186070000"
"202100045501";"3";"04";"2021";"15:29";"1";"83";"83108";"1";"1";"1";"6";"D5";"43,3474332397";"5,9720134743"
"202100045502";"2";"04";"2021";"12:25";"1";"13";"13015";"2";"2";"1";"1";"avenue pierre de brossolette";"43,4573580000";"5,4130790000"
"202100045503";"3";"04";"2021";"10:25";"1";"89";"89029";"1";"1";"1";"2";"D606";"47,9299310000";"3,5117410000"
"202100045504";"3";"04";"2021";"10:25";"1";"89";"89029";"1";"1";"1";"1";"D606";"47,9257970000";"3,5114090000"
"202100045505";"2";"04";"2021";"18:30";"1";"10";"10216";"1";"1";"1";"6";"D677";"48,6596310000";"4,1877410000"
"202100045506";"20";"03";"2021";"16:40";"1";"67";"67301";"2";"1";"1";"7";"Route de Brumath";"48,7559360000";"7,6504040000"
"202100045507";"2";"04";"2021";"15:08";"1";"67";"67122";"1";"1";"1";"6";"D143";"48,6440760000";"7,3397480000"
"202100045508";"1";"04";"2021";"15:08";"1";"38";"38474";"2";"1";"1";"6";"Avenue de Romans";"45,2006900000";"5,6687200000"
"202100045509";"2";"04";"2021";"18:10";"1";"26";"26347";"2";"1";"1";"1";"86 Avenue du President Roosevelt";"45,0640410000";"4,8577540000"
"202100045510";"2";"04";"2021";"17:40";"1";"69";"69022";"2";"7";"1";"7";"SOUVERNIR FRANCAIS (DU) (R)";"45,7972200000";"4,5480230000"
"202100045511";"30";"03";"2021";"20:50";"3";"31";"31291";"2";"1";"1";"6";"Chemin de Tournefeuille";"43,5981550000";"1,2718660000"
"202100045512";"2";"04";"2021";"08:05";"1";"17";"17220";"1";"2";"1";"3";"D 142 E1 chadenac";"45,5261790000";" -0,4430850000"
"202100045513";"3";"04";"2021";"10:15";"1";"56";"56007";"2";"1";"1";"6";"Place de la Republique";"47,6663340000";" -2,9833080000"
"202100045514";"3";"04";"2021";"16:30";"1";"22";"22213";"1";"1";"1";"1";"Le Bouillon";"48,5020050000";" -1,9982460000"
"202100045515";"3";"04";"2021";"19:45";"1";"80";"80628";"2";"4";"1";"6";"Rue du Bois";"49,7516840000";"2,5507810000"
"202100045516";"2";"04";"2021";"16:30";"1";"13";"13117";"1";"1";"1";"3";"A7-Sens Lyon vers Marseille";"43,4304200000";"5,2591100000"
"202100045517";"2";"04";"2021";"17:05";"1";"13";"13106";"1";"1";"1";"2";"A7-Sens Marseille vers Lyon";"43,3895600000";"5,3509400000"
"202100045518";"31";"03";"2021";"16:19";"1";"13";"13210";"1";"1";"1";"2";"A50-Sens Marseille vers Aubagne";"43,2843100000";"5,4053080000"
"202100045519";"1";"04";"2021";"18:00";"1";"69";"69290";"1";"1";"1";"2";"A46";"45,7000700000";"4,9668700000"
"202100045520";"2";"04";"2021";"09:40";"1";"69";"69290";"1";"1";"1";"3";"A43   3.865 A 9.894";"45,6972600000";"4,9781100000"
"202100045521";"2";"04";"2021";"08:45";"1";"33";"33122";"1";"1";"1";"3";"AUTOROUTE A 63";"44,7464200000";" -0,7029500000"
"202100045522";"2";"04";"2021";"16:05";"1";"91";"91136";"1";"1";"1";"3";"RD188 PROVINCE / A10 PROVINCE";"48,7165740000";"2,2676130000"
"202100045523";"1";"04";"2021";"15:05";"1";"94";"94038";"1";"1";"1";"4";"AUTOROUTE A6A";"48,7876582956";"2,3449126072"
"202100045524";"2";"04";"2021";"07:20";"1";"92";"92036";"1";"1";"1";"3";"A86";"48,9353674804";"2,2648550687"
"202100045525";"1";"04";"2021";"01:15";"3";"78";"78423";"1";"1";"1";"6";"A12 W";"48,7940000000";"2,0411000000"
"202100045526";"2";"04";"2021";"17:45";"1";"95";"95527";"1";"1";"1";"3";"A3";"48,9869215053";"2,5086188698"
"202100045527";"2";"04";"2021";"21:10";"5";"94";"94052";"1";"1";"1";"6";"A86.EXT";"48,8432900000";"2,4925900000"
"202100045528";"15";"01";"2021";"16:10";"1";"95";"95019";"2";"1";"1";"6";"COUTURIER PAUL VAILLANT (AVENUE)";"48,9831950000";"2,4199290000"
"202100045529";"29";"01";"2021";"07:35";"2";"76";"76351";"2";"2";"2";"6";"REPUBLIQUE (COURS DE LA)";"49,4960000000";"0,1268900000"
"202100045530";"1";"04";"2021";"12:00";"1";"976";"97611";"2";"1";"1";"7";"tsoundzou-Cadjifouteni ( rue )";" -12,8048700000";"45,2106500000"
"202100045531";"1";"04";"2021";"10:40";"1";"974";"97409";"1";"1";"1";"2";"PATELIN (chemin)";" -20,9716480329";"55,6746317986"
"202100045532";"1";"04";"2021";"15:25";"1";"973";"97302";"2";"1";"1";"2";"BADUEL (ROUTE DE)";"4,9345700000";" -52,3113900000"
"202100045533";"1";"04";"2021";"11:17";"1";"973";"97302";"2";"9";"1";"6";"LAFAURIE (CITE)";"4,9320163056";" -52,3239111944"
"202100045534";"9";"03";"2021";"15:05";"1";"973";"97302";"2";"1";"1";"3";"COLLERY (ZONE INDUSTRIELLE)";"4,9016262164";" -52,3265002472"
"202100045535";"1";"04";"2021";"16:00";"1";"69";"69386";"2";"1";"1";"2";"EMERAUDES (DES) (R)";"45,7688600000";"4,8602000000"
"202100045536";"1";"04";"2021";"15:45";"1";"69";"69259";"2";"2";"1";"3";"FRANCIS DE PRESSENSE                (AV)";"45,7273300000";"4,8619900000"
"202100045537";"1";"04";"2021";"15:05";"1";"69";"69276";"2";"1";"1";"3";"GEORGES LADOIRE (R)";"45,6667871225";"4,8486262986"
"202100045538";"1";"04";"2021";"13:50";"1";"69";"69383";"2";"2";"1";"1";"ST ANTOINE (R)";"45,7629350549";"4,8638052866"
"202100045539";"1";"04";"2021";"12:15";"1";"972";"97213";"1";"6";"1";"4";"ROUTE NATIONALE 1";"14,6182900000";" -61,0052000000"
"202100045540";"30";"03";"2021";"21:05";"5";"972";"97213";"1";"1";"1";"2";"AUTOROUTE A1";"14,6168000000";" -61,0164000000"
"202100045541";"1";"04";"2021";"13:35";"1";"972";"97209";"1";"1";"1";"6";"MOI LAMINAIRE (RUE)";"14,5988000000";" -61,0432400000"
"202100045542";"30";"03";"2021";"11:45";"1";"972";"97209";"1";"2";"1";"3";"PROFESSEUR RAYMOND GARCIN (RUE DU)";"14,6220000000";" -61,0780500000"
"202100045543";"1";"04";"2021";"16:30";"1";"69";"69385";"2";"1";"7";"3";"ROGER RADISSON (R)";"45,7604114386";"4,8188541229"
"202100045544";"1";"04";"2021";"16:10";"1";"69";"69034";"2";"3";"1";"6";"STRASBOURG (DE) (RTE)";"45,7997253517";"4,8768031597"
"202100045545";"1";"04";"2021";"15:40";"1";"971";"97101";"1";"1";"1";"4";"GRAND CAMP(SECTION)";"16,2538100000";" -61,5393800000"
"202100045546";"27";"03";"2021";"17:00";"1";"971";"97101";"1";"1";"1";"3";"CARAQUE";"16,2623467784";" -61,4892339706"
"202100045547";"26";"03";"2021";"22:00";"5";"971";"97113";"2";"1";"1";"6";"SECTION MARE-GAILLARD";"16,2151000000";" -61,4385800000"
"202100045548";"23";"03";"2021";"16:00";"1";"971";"97113";"1";"6";"1";"5";"RN4-ROND POINT SAINT FELIX";"16,2075200000";" -61,4571000000"
"202100045549";"1";"04";"2021";"08:40";"1";"91";"91339";"2";"1";"1";"3";"RTE NATIONALE 20";"48,6348000000";"2,2661200000"
"202100045550";"30";"03";"2021";"13:00";"1";"91";"91421";"2";"2";"1";"3";"RAYMOND POMIER (RUE)";"48,7037900000";"2,4433200000"
"202100045551";"1";"04";"2021";"07:47";"1";"90";"90010";"2";"1";"1";"3";"DANJOUTIN (RUE DE)";"47,6287500000";"6,8649600000"
"202100045552";"2";"03";"2021";"13:55";"1";"89";"89236";"2";"1";"1";"2";"N/A";"48,1774800000";"3,2944500000"
"202100045553";"2";"02";"2021";"16:25";"1";"30";"30351";"2";"1";"1";"6";"PERI AVENUE GABRIEL";"43,9565200000";"4,7930900000"
"202100045554";"31";"03";"2021";"13:25";"1";"83";"83137";"2";"4";"1";"3";"FOCH (AVE DU MARECHAL)";"43,1267900000";"5,9228700000"
"202100045555";"30";"03";"2021";"13:30";"1";"80";"80021";"2";"1";"1";"6";"ALSACE LORRAINE (BOULEVARD D')";"49,8930200000";"2,3077900000"
"202100045556";"1";"04";"2021";"09:00";"1";"79";"79081";"2";"1";"1";"7";"Rue du Stade";"46,3456700000";" -0,3758500000"
"202100045557";"29";"03";"2021";"11:30";"1";"78";"78646";"2";"1";"1";"6";"BOURDONNAIS (RUE DES)";"48,7948500000";"2,1288500000"
"202100045558";"1";"04";"2021";"09:10";"1";"78";"78586";"2";"2";"1";"3";"ROOSEVELT (PRESIDENT)";"48,9445800000";"2,1690200000"
"202100045559";"1";"04";"2021";"14:05";"1";"77";"77186";"2";"1";"1";"3";"ANDRE MAGINOT (BOULEVARD)";"48,4042400000";"2,6912800000"
"202100045560";"1";"04";"2021";"19:00";"1";"76";"76322";"2";"3";"1";"3";"Avenue Franklin Roosevelt";"49,4006000000";"1,0532000000"
"202100045561";"31";"03";"2021";"08:02";"1";"74";"74010";"2";"1";"1";"6";"FRANCS TIREURS";"45,9066300000";"6,1253900000"
"202100045562";"1";"04";"2021";"19:30";"1";"72";"72181";"2";"1";"1";"6";"BUDAPEST (RUE DE)";"48,0187400000";"0,2064000000"
"202100045563";"1";"04";"2021";"10:15";"1";"72";"72181";"2";"6";"1";"3";"BOLLEE (AV) NÂ° IMP 1 A 63";"48,0039600000";"0,2026400000"
"202100045564";"31";"03";"2021";"10:30";"1";"72";"72181";"2";"1";"1";"3";"MAILLETS (RUE DES) NÂ° PAIRS 14 ET >";"48,0125400000";"0,2064500000"
"202100045565";"31";"03";"2021";"10:48";"1";"69";"69115";"1";"1";"1";"3";"ECOSSAIS (DE L') (R)";"45,9759428388";"4,7289119697"
"202100045566";"1";"04";"2021";"13:40";"1";"69";"69091";"2";"1";"1";"1";"ABRICOTIERS (DES) (CHM)";"45,5739300000";"4,7898100000"
"202100045567";"31";"03";"2021";"06:00";"5";"69";"69091";"2";"3";"1";"3";"GEORGES LEVY (Q)";"45,5830300000";"4,7770100000"
"202100045568";"1";"04";"2021";"14:45";"1";"67";"67180";"2";"1";"1";"6";"FORSTHEIM (ROUTE DE)";"48,8331200000";"7,7716700000"
"202100045569";"1";"04";"2021";"07:50";"1";"65";"65440";"2";"1";"1";"6";"JOLIOT CURIE (RUE)";"43,2248590000";"0,0786690000"
"202100045570";"31";"03";"2021";"16:45";"1";"64";"64102";"2";"1";"1";"7";"REPUBLIQUE (PLACE DE LA)";"43,4956900000";" -1,4700300000"
"202100045571";"31";"03";"2021";"14:30";"1";"64";"64102";"2";"2";"1";"5";"VAINSOT (RUE)";"43,4941100000";" -1,4531000000"
"202100045572";"31";"03";"2021";"13:45";"1";"64";"64102";"2";"9";"1";"6";"PAUL PRAS (AVENUE)";"43,4831100000";" -1,4767400000"
"202100045573";"31";"03";"2021";"11:20";"1";"64";"64102";"2";"9";"1";"6";"BARTHES (CHEMIN DES)";"43,4954000000";" -1,4941500000"
"202100045574";"31";"03";"2021";"21:18";"5";"63";"63113";"2";"5";"1";"3";"FOREST /ClÃ©mentel";"45,7998700000";"3,1121200000"
"202100045575";"31";"03";"2021";"17:29";"1";"63";"63113";"2";"2";"1";"3";"CHAMBRETTES /Meuniers";"45,7673000000";"3,1046500000"
"202100045576";"25";"03";"2021";"21:40";"5";"59";"59360";"2";"2";"1";"3";"REPUBLIQUE BOULEVARD DE LA";"50,6078100000";"3,0160700000"
"202100045577";"27";"03";"2021";"03:00";"5";"59";"59343";"2";"9";"1";"6";"DOUAI RUE DE       NÂ° PAIR";"50,5828800000";"3,0893900000"
"202100045578";"31";"03";"2021";"13:50";"1";"59";"59155";"2";"1";"1";"3";"MALO CELESTIN";"51,0242100000";"2,3972100000"
"202100045579";"30";"03";"2021";"17:10";"1";"57";"57672";"2";"3";"1";"3";"VINGTIEME CORPS (BOULEVARD DU)";"49,3597200000";"6,1595700000"
"202100045580";"29";"03";"2021";"17:35";"1";"57";"57306";"2";"3";"1";"5";"RUISSEAU (RUE DU)";"49,3391300000";"6,0786800000"
"202100045581";"1";"04";"2021";"18:20";"1";"54";"54395";"2";"2";"1";"3";"MOTHE (RUE DE LA)";"48,6899300000";"6,2003200000"
"202100045582";"1";"04";"2021";"14:15";"1";"54";"54395";"2";"2";"1";"3";"LECLERC (AV. DU GENE";"48,6825726232";"6,1842810092"
"202100045583";"31";"03";"2021";"17:50";"1";"54";"54184";"2";"1";"1";"4";"BRIGACHTAL (AVENUE DE)";"48,7075700000";"6,2412600000"
"202100045584";"31";"03";"2021";"14:25";"1";"54";"54265";"1";"1";"1";"6";"RD 570";"48,6407800000";"6,1822700000"
"202100045585";"26";"03";"2021";"19:45";"3";"53";"53054";"1";"1";"1";"7";"BEAUFORT (Rue de l'Amiral)";"48,1000000000";" -0,8000000000"
"202100045586";"30";"03";"2021";"07:20";"2";"49";"49328";"2";"1";"1";"6";"KLEBER (PLACE)";"47,2632500000";" -0,0801600000"
"202100045587";"31";"03";"2021";"08:20";"1";"49";"49007";"2";"3";"1";"3";"CARNOT";"47,4753700000";" -0,5485400000"
"202100045588";"31";"03";"2021";"14:40";"1";"45";"45286";"2";"2";"1";"6";"Avenue Jacques Douffiagues";"47,8893500000";"1,9297100000"
"202100045589";"1";"04";"2021";"10:40";"1";"45";"45208";"2";"1";"1";"3";"Avenue de Verdun";"47,9984770000";"2,7477040000"
"202100045590";"1";"04";"2021";"09:15";"1";"44";"44143";"1";"1";"1";"2";"PERIPHERIQUE SUD";"47,1668900000";" -1,5215600000"
"202100045591";"31";"03";"2021";"17:10";"1";"43";"43157";"1";"1";"1";"7";"Route Nationale 88";"45,0000292431";"3,8741876666"
"202100045592";"1";"04";"2021";"17:00";"1";"38";"38185";"2";"1";"1";"6";"Avenue LÃ©on Blum";"45,1625900000";"5,7163900000"
"202100045593";"31";"03";"2021";"14:00";"1";"37";"37233";"2";"3";"1";"6";"ATELIERS (RUE DES)";"47,3866511116";"0,7166726820"
"202100045594";"30";"03";"2021";"14:20";"1";"37";"37233";"2";"2";"1";"6";"DUCLOS (AVENUE JACQUES)";"47,3784929701";"0,7190465333"
"202100045595";"1";"04";"2021";"07:45";"1";"35";"35238";"2";"2";"1";"3";"ALMA (DE L')";"48,0973700000";" -1,6749640000"
"202100045596";"30";"03";"2021";"13:35";"1";"34";"34032";"2";"4";"1";"3";"LIBERTE (BD DE LA)";"43,3387000000";"3,2250900000"
"202100045597";"1";"04";"2021";"07:50";"2";"32";"32013";"2";"1";"1";"3";"JEAN DE LA FONTAINE";"43,6401500000";"0,5949400000"
"202100045598";"1";"04";"2021";"21:20";"5";"31";"31555";"2";"9";"1";"6";"LYON (AV DE) DU 1AU 37";"43,6141100000";"1,4509500000"
"202100045599";"1";"04";"2021";"00:40";"5";"31";"31555";"2";"1";"1";"7";"EISENHOWER (AVENUE DU GENERAL)";"43,5544770000";"1,4106060000"
"202100045600";"31";"03";"2021";"13:15";"1";"31";"31555";"2";"1";"1";"3";"REVEL (RTE DE) DU 1AU 73";"43,5768400000";"1,4869200000"
"202100045601";"1";"04";"2021";"02:25";"5";"29";"29019";"2";"1";"1";"7";"Rue de Quimper";"48,4011300000";" -4,4540000000"
"202100045602";"1";"04";"2021";"21:10";"5";"27";"27375";"2";"1";"1";"6";"PARC (CH. DU) RTE DE SEINE A FALAISES";"49,2213200000";"1,1730300000"
"202100045603";"31";"03";"2021";"11:27";"1";"23";"23096";"2";"9";"1";"6";"AUVERGNE (AVENUE)";"46,1659000000";"1,8880000000"
"202100045604";"31";"03";"2021";"18:51";"1";"19";"19272";"2";"1";"1";"2";"Lucien Sampeix (Av)";"45,2536917724";"1,7639493930"
"202100045605";"19";"03";"2021";"17:30";"1";"13";"13056";"1";"1";"2";"1";"SAUSSET";"43,3688410000";"5,0844140000"
"202100045606";"1";"04";"2021";"18:25";"1";"13";"13215";"2";"1";"1";"6";"BERNABO (Bd)";"43,3372330000";"5,3556870000"
"202100045607";"1";"04";"2021";"17:20";"1";"13";"13204";"2";"1";"1";"1";"SAINT JUST (AVENUE DE)";"43,3154370000";"5,4036970000"
"202100045608";"1";"04";"2021";"07:50";"2";"13";"13206";"2";"1";"1";"3";"BONNEFOY (RUE)";"43,2862836355";"5,3748284492"
"202100045609";"1";"04";"2021";"09:00";"1";"13";"13209";"2";"1";"1";"6";"HORTICULTUR (RUE DE L')";"43,2568360000";"5,4102080000"
"202100045610";"1";"04";"2021";"08:30";"1";"13";"13205";"2";"1";"1";"3";"BAILLE (BOULEVARD)";"43,2877323858";"5,3905723363"
"202100045611";"1";"04";"2021";"17:45";"1";"13";"13063";"1";"1";"1";"1";"BELVAL CHEMIN DE";"43,5833000000";"5,0000000000"
"202100045612";"1";"04";"2021";"13:20";"1";"13";"13005";"2";"1";"1";"6";"NATIONALE 8";"43,2870092221";"5,5843212531"
"202100045613";"26";"03";"2021";"10:00";"1";"12";"12176";"2";"1";"1";"6";"ESPALION (ROUTE D')";"44,3659600000";"2,5866500000"
"202100045614";"31";"03";"2021";"14:45";"1";"11";"11262";"2";"6";"1";"3";"ESPAGNE (AVENUE D')";"43,1695691266";"2,9886607102"
"202100045615";"1";"04";"2021";"15:50";"1";"06";"06088";"2";"1";"1";"6";"SAINT-AUGUSTIN (AV. DE)";"43,6709300000";"7,2176700000"
"202100045616";"1";"04";"2021";"18:15";"1";"06";"06027";"2";"3";"1";"3";"CHENES AVENUE DES";"43,6620630000";"7,1683970000"
"202100045617";"1";"04";"2021";"18:30";"1";"06";"06123";"2";"9";"1";"3";"GLYCINES AVENUE DES";"43,6593870000";"7,1818840000"
"202100045618";"1";"04";"2021";"14:43";"1";"06";"06123";"2";"1";"1";"2";"DE GAULLE GENERAL AVENUE";"43,6692690000";"7,1915530000"
"202100045619";"1";"04";"2021";"15:39";"1";"03";"03185";"2";"3";"1";"3";"96 Avenue Jules Guesde";"46,3395500000";"2,5815270000"
"202100045620";"1";"04";"2021";"11:27";"1";"75";"75109";"2";"1";"1";"6";"BOULEVARD DE CLICHY";"48,8841360000";"2,3289900000"