"Num_Acc";"jour";"mois";"an";"hrmn";"lum";"dep";"com";"agg";"int";"atm";"col";"adr";"lat";"long"
"202100045621";"31";"03";"2021";"20:48";"5";"75";"75120";"2";"2";"1";"3";"BOULEVARD DE MENILMONTANT";"48,8641491083";"2,3861275663"
"202100045622";"31";"03";"2021";"12:30";"1";"75";"75119";"2";"5";"1";"6";"RUE HENRI RIBIERE";"48,8777020000";"2,3956170000"
"202100045623";"1";"04";"2021";"11:30";"1";"75";"75117";"2";"2";"1";"6";"BOULEVARD DE DOUAUMONT";"48,8966590000";"2,3095850000"
"202100045624";"1";"04";"2021";"13:50";"1";"75";"75116";"2";"1";"1";"3";"RUE OCTAVE FEUILLET";"48,8616950000";"2,2718500000"
"202100045625";"1";"04";"2021";"11:45";"1";"75";"75116";"2";"1";"1";"3";"BOULEVARD LANNES";"48,8643250000";"2,2696370000"
"202100045626";"31";"03";"2021";"19:30";"1";"75";"75116";"2";"2";"1";"2";"AVENUE D IENA";"48,8671825955";"2,2953647375"
"202100045627";"31";"03";"2021";"18:15";"1";"75";"75116";"2";"2";"1";"3";"AVENUE DU MAHATMA GANDHI";"48,8758272872";"2,2621589899"
"202100045628";"31";"03";"2021";"17:05";"1";"75";"75115";"2";"2";"1";"7";"RUE DE VAUGIRARD";"48,8372340000";"2,2964450000"
"202100045629";"1";"04";"2021";"22:40";"5";"75";"75113";"2";"2";"1";"6";"BOULEVARD DE L HOPITAL";"48,8331720000";"2,3567680000"
"202100045630";"1";"04";"2021";"18:45";"1";"75";"75113";"2";"1";"1";"6";"BOULEVARD AUGUSTE BLANQUI";"48,8308010000";"2,3453650000"
"202100045631";"31";"03";"2021";"19:40";"1";"75";"75113";"2";"3";"1";"3";"BOULEVARD SAINT MARCEL";"48,8371170000";"2,3530790000"
"202100045632";"1";"04";"2021";"09:40";"1";"75";"75112";"2";"2";"1";"3";"AVENUE DAUMESNIL";"48,8353550000";"2,4066080000"
"202100045633";"1";"04";"2021";"14:25";"1";"75";"75111";"2";"7";"1";"3";"PLACE DE LA NATION";"48,8489600000";"2,3960560000"
"202100045634";"1";"04";"2021";"12:10";"1";"75";"75111";"2";"3";"1";"6";"RUE OBERKAMPF";"48,8659280000";"2,3785540000"
"202100045635";"1";"04";"2021";"13:20";"1";"75";"75110";"2";"3";"1";"3";"BOULEVARD DE MAGENTA";"48,8757840000";"2,3565150000"
"202100045636";"1";"04";"2021";"09:00";"1";"75";"75110";"2";"4";"1";"6";"QUAI DE VALMY";"48,8824970000";"2,3692310000"
"202100045637";"1";"04";"2021";"18:35";"1";"75";"75109";"2";"3";"1";"3";"BOULEVARD HAUSSMANN";"48,8734210000";"2,3296980000"
"202100045638";"1";"04";"2021";"14:05";"1";"75";"75108";"2";"2";"1";"2";"RUE MARBEUF";"48,8701120000";"2,3065780000"
"202100045639";"1";"04";"2021";"13:30";"1";"75";"75108";"2";"2";"1";"3";"RUE DU GENERAL FOY";"48,8778850000";"2,3181420000"
"202100045640";"31";"03";"2021";"14:35";"1";"75";"75101";"2";"3";"1";"2";"RUE DE RIVOLI";"48,8644130000";"2,3301240000"
"202100045641";"1";"04";"2021";"17:45";"1";"94";"94081";"2";"6";"1";"3";"Rue LÃ©on Geffroy";"48,7819600000";"2,4077900000"
"202100045642";"1";"04";"2021";"10:10";"1";"94";"94044";"2";"9";"1";"3";"DELAPORTE (AV)";"48,7523600000";"2,4725900000"
"202100045643";"31";"03";"2021";"18:30";"1";"94";"94068";"2";"1";"1";"2";"Boulevard Maurice Berteaux";"48,8106900000";"2,4698900000"
"202100045644";"1";"04";"2021";"12:30";"1";"94";"94076";"2";"1";"1";"6";"MAXIME GORKI (BD)";"48,7871700000";"2,3678300000"
"202100045645";"1";"04";"2021";"11:30";"1";"94";"94076";"2";"9";"1";"3";"PAUL VAILLANT COUTURIER (AV)";"48,7946200000";"2,3602500000"
"202100045646";"1";"04";"2021";"19:44";"1";"94";"94028";"2";"1";"1";"3";"Avenue de la RÃ©publique";"48,7913000000";"2,4648000000"
"202100045647";"1";"04";"2021";"08:20";"1";"94";"94019";"2";"2";"1";"3";"Rue du Monument";"48,8050800000";"2,5578300000"
"202100045648";"1";"04";"2021";"06:30";"3";"94";"94071";"2";"4";"1";"3";"Rue de Boissy";"48,7643800000";"2,5254200000"
"202100045649";"1";"04";"2021";"14:30";"1";"93";"93073";"2";"1";"1";"6";"LAFONTAINE (AVENUE)";"48,9571800000";"2,5776000000"
"202100045650";"1";"04";"2021";"17:19";"1";"93";"93072";"2";"1";"1";"2";"MAXIME GORKI (BOULEVARD) DES NÂ°1 AU 87";"48,9496000000";"2,3861000000"
"202100045651";"1";"04";"2021";"05:05";"2";"93";"93066";"2";"1";"1";"6";"FRANCE ANATOLE (BOULEVARD) NR AUTRES";"48,9266800000";"2,3519800000"
"202100045652";"30";"03";"2021";"11:20";"1";"93";"93066";"2";"9";"1";"6";"LANGUEDOC";"48,9258739146";"2,3726027339"
"202100045653";"1";"04";"2021";"22:30";"5";"93";"93064";"2";"6";"1";"6";"LISBONNE (RUE DE)";"48,8824000000";"2,4689000000"
"202100045654";"1";"04";"2021";"19:10";"1";"93";"93048";"2";"9";"1";"3";"WALWEIN (AVENUE)";"48,8620489113";"2,4452705764"
"202100045655";"31";"03";"2021";"10:30";"1";"93";"93045";"2";"1";"1";"6";"PARIS RUE DE";"48,8793800000";"2,4149900000"
"202100045656";"1";"04";"2021";"00:00";"5";"93";"93029";"2";"3";"1";"1";"STALINGRAD (RUE DE) A10";"48,9156300000";"2,4263400000"
"202100045657";"1";"04";"2021";"22:10";"5";"93";"93005";"2";"1";"1";"3";"ANATOLE FRANCE (AVENUE)";"48,9371148983";"2,4945574186"
"202100045658";"31";"03";"2021";"20:25";"2";"93";"93005";"2";"1";"1";"3";"EDGAR DEGAS (RUE)";"48,9560849897";"2,4961674516"
"202100045659";"1";"04";"2021";"12:40";"1";"93";"93005";"2";"1";"1";"6";"GENERAL GALLIENI (BOULEVARD DU)";"48,9313684520";"2,4956012338"
"202100045660";"1";"04";"2021";"13:36";"1";"93";"93001";"2";"1";"1";"2";"JEAN JAURES (AVE)  => 53";"48,9041995865";"2,3925283430"
"202100045661";"1";"04";"2021";"07:35";"1";"92";"92026";"2";"3";"1";"3";"CIRCULAIRE BLD";"48,8895357341";"2,2503036261"
"202100045662";"1";"04";"2021";"18:13";"2";"92";"92040";"2";"3";"1";"2";"GUYNEMER";"48,8310400000";"2,2788800000"
"202100045663";"8";"03";"2021";"08:10";"1";"92";"92040";"2";"7";"1";"7";"LEON BLUM (PLACE)";"48,8211270761";"2,2605872154"
"202100045664";"3";"03";"2021";"22:40";"5";"92";"92040";"2";"1";"1";"7";"PDT ROOSEVELT (QUAI DU)";"48,8333232554";"2,2641170025"
"202100045665";"1";"04";"2021";"15:30";"1";"92";"92036";"2";"1";"1";"1";"JEAN PERRIN (RUE)";"48,9348616662";"2,2912019491"
"202100045666";"1";"04";"2021";"19:15";"1";"92";"92025";"2";"3";"1";"3";"BOURNARD (RUE DU)";"48,9231556907";"2,2537852093"
"202100045667";"1";"04";"2021";"17:20";"1";"92";"92036";"2";"4";"1";"5";"BAS ( RUE DES )";"48,9158219754";"2,2958521670"
"202100045668";"2";"04";"2021";"07:00";"1";"974";"97415";"2";"1";"1";"3";"47 rue St Louis";" -21,0066980000";"55,2762830000"
"202100045669";"1";"04";"2021";"12:00";"1";"67";"67061";"2";"1";"1";"6";"Rue de Babenhausen";"48,8292120000";"7,4843560000"
"202100045670";"1";"04";"2021";"17:37";"1";"06";"06149";"1";"1";"7";"7";"3151 Route de Laghet";"43,7476690000";"7,3468230000"
"202100045671";"1";"04";"2021";"16:00";"1";"34";"34111";"1";"1";"1";"7";"D4 PK54+80";"43,9614070000";"3,7060830000"
"202100045672";"2";"04";"2021";"09:59";"1";"22";"22067";"1";"1";"1";"4";"17Le Derff rd 787";"48,5343110000";" -3,1889960000"
"202100045673";"31";"03";"2021";"13:20";"1";"62";"62473";"1";"1";"1";"6";"cd 188";"50,6008090000";"2,4471510000"
"202100045674";"31";"03";"2021";"17:30";"1";"62";"62584";"2";"1";"1";"3";"Chemin du Halage";"50,5859330000";"2,5963730000"
"202100045675";"30";"03";"2021";"11:30";"1";"56";"56078";"1";"1";"7";"6";"Lieu-dit le Poux";"47,7766630000";" -3,4671840000"
"202100045676";"2";"04";"2021";"13:30";"1";"74";"74167";"1";"2";"1";"2";"D1508";"45,7645192789";"6,3489483014"
"202100045677";"1";"04";"2021";"20:30";"3";"79";"79236";"1";"1";"1";"7";"Puy Thareau";"46,7738700000";" -0,7014620000"
"202100045678";"31";"03";"2021";"14:35";"1";"80";"80142";"2";"4";"1";"3";"Rue de Molliens";"49,8833120000";"2,0690130000"
"202100045679";"28";"03";"2021";"17:15";"1";"33";"33150";"1";"1";"7";"7";"N/A";"44,6783120000";"0,1281770000"
"202100045680";"24";"01";"2021";"18:30";"2";"61";"61064";"1";"1";"1";"7";"Les Champs Gassiers";"48,6707820000";"0,3448190000"
"202100045681";"2";"04";"2021";"16:10";"1";"12";"12268";"1";"1";"1";"6";"D 242";"44,5644150000";"2,4626760000"
"202100045682";"31";"03";"2021";"17:48";"1";"31";"31341";"1";"1";"1";"1";"D17";"43,7250180000";"1,2475490000"
"202100045683";"26";"03";"2021";"14:15";"1";"26";"26040";"1";"1";"1";"6";"D93";"44,5496220000";"5,5372810000"
"202100045684";"2";"04";"2021";"13:45";"1";"72";"72284";"1";"1";"1";"6";"D338";"48,2922900000";"0,0992100000"
"202100045685";"30";"03";"2021";"21:00";"5";"06";"06079";"2";"1";"1";"7";"Boulevard des Roses";"43,5472700000";"6,9294600000"
"202100045686";"27";"03";"2021";"14:05";"1";"14";"14143";"1";"1";"1";"5";"Le Haut Villais (vacquerie (La Vacquerie)";"49,0928530000";" -0,8319780000"
"202100045687";"1";"04";"2021";"16:15";"1";"64";"64198";"1";"1";"1";"6";"chemin de labastide";"43,3671500000";" -0,5214750000"
"202100045688";"2";"04";"2021";"16:20";"1";"18";"18006";"1";"1";"1";"1";"D953";"46,9539060000";"2,5432650000"
"202100045689";"2";"04";"2021";"07:40";"2";"16";"16276";"1";"1";"1";"6";"Lieu-Dit Le Maine Neuf";"45,4555680000";" -0,1481460000"
"202100045690";"1";"04";"2021";"14:30";"1";"04";"04013";"1";"1";"1";"6";"RD 4085";"44,1343710000";"5,9710530000"
"202100045691";"2";"04";"2021";"09:45";"1";"10";"10162";"1";"1";"1";"7";"Autoroute A5 PK 137+150";"48,2174670000";"4,2299080000"
"202100045692";"2";"04";"2021";"14:35";"1";"31";"31202";"1";"1";"1";"6";"A62 pk 201.300";"43,8444510000";"1,3241960000"
"202100045693";"1";"04";"2021";"15:30";"1";"68";"68118";"2";"3";"1";"3";"1 Rue des Noyers";"47,7392740000";"7,4165270000"
"202100045694";"1";"04";"2021";"17:15";"1";"45";"45257";"1";"6";"1";"6";"Lieu dit Les motteux";"47,8656950000";"2,7385140000"
"202100045695";"23";"03";"2021";"14:30";"1";"91";"91579";"1";"6";"7";"2";"D31";"48,5405630000";"2,3519330000"
"202100045696";"1";"04";"2021";"18:19";"1";"66";"66145";"1";"1";"1";"3";"RD 23";"42,6432420000";"2,8242100000"
"202100045697";"1";"04";"2021";"08:15";"1";"34";"34154";"2";"2";"1";"3";"283 Grand Rue Francois Mitterrand";"43,6164210000";"4,0107930000"
"202100045698";"1";"04";"2021";"12:45";"1";"74";"74250";"1";"1";"1";"1";"route dÃ©partementale 12";"46,0473760000";"6,3756080000"
"202100045699";"24";"03";"2021";"14:15";"1";"73";"73065";"2";"6";"1";"2";"Rue de Saint-Ombre";"45,5945220000";"5,9053230000"
"202100045700";"29";"03";"2021";"14:51";"1";"73";"73303";"2";"1";"1";"2";"D1508 Route d'Annecy";"45,7496864802";"6,4103112984"
"202100045701";"1";"04";"2021";"00:30";"5";"38";"38003";"1";"1";"1";"6";"Route des Falques";"45,3260600000";"4,8657500000"
"202100045702";"2";"04";"2021";"16:20";"1";"38";"38087";"2";"3";"1";"6";"Chemin des Roues";"45,5764150000";"4,8054190000"
"202100045703";"2";"04";"2021";"02:25";"3";"26";"26064";"1";"1";"1";"7";"870 Chemin des Sables";"44,8893320000";"5,0255330000"
"202100045704";"31";"03";"2021";"10:15";"1";"69";"69283";"2";"2";"1";"6";"8 MAI 1945 (DU) (R)";"45,6629416393";"4,9561080337"
"202100045705";"2";"04";"2021";"15:40";"1";"33";"33256";"2";"3";"1";"3";"N/A";"44,9720850000";" -0,6249120000"
"202100045706";"23";"03";"2021";"18:15";"1";"33";"33227";"2";"6";"1";"3";"N/A";"44,5381140000";" -0,2422890000"
"202100045707";"26";"03";"2021";"20:56";"3";"33";"33422";"2";"6";"1";"6";"N/A";"44,8127120000";" -0,7440890000"
"202100045708";"2";"04";"2021";"17:25";"1";"50";"50230";"1";"1";"1";"1";"La Motterie";"49,5862880000";" -1,6409970000"
"202100045709";"29";"03";"2021";"07:40";"1";"27";"27188";"1";"1";"7";"2";"route dÃ©partementale 321";"49,2971220000";"1,0696810000"
"202100045710";"1";"04";"2021";"16:40";"1";"59";"59250";"2";"1";"1";"7";"2150 Rue Faidherbe";"50,5839530000";"2,9016110000"
"202100045711";"31";"03";"2021";"14:45";"1";"59";"59011";"2";"1";"1";"6";"Rue Jean Batiste Lebas";"50,5293440000";"2,9312040000"
"202100045712";"1";"04";"2021";"08:50";"1";"13";"13055";"1";"1";"1";"2";"A507 sens Marseille - Aubagne";"43,2920141532";"5,4243070303"
"202100045713";"1";"04";"2021";"06:25";"3";"13";"13056";"1";"1";"1";"6";"A55-Sens Martigues vers Marseille";"43,3965500000";"5,0452100000"
"202100045714";"31";"03";"2021";"23:00";"5";"69";"69266";"1";"1";"1";"2";"RD383 ";"45,7559100000";"4,9087700000"
"202100045715";"31";"03";"2021";"19:40";"2";"59";"59569";"1";"1";"1";"6";"AUTOROUTE A21";"50,3807360000";"3,1404710000"
"202100045716";"31";"03";"2021";"18:45";"1";"91";"91064";"1";"1";"1";"4";"RN 118";"48,7556000000";"2,2235700000"
"202100045717";"31";"03";"2021";"23:45";"3";"95";"95607";"1";"1";"1";"7";"A115";"49,0136400000";"2,2190400000"
"202100045718";"1";"04";"2021";"09:10";"1";"77";"77294";"1";"1";"1";"7";"A104";"48,9753545688";"2,5843539086"
"202100045719";"31";"03";"2021";"17:00";"1";"77";"77083";"1";"1";"1";"3";"A4.W";"48,8305211233";"2,6099670705"
"202100045720";"23";"03";"2021";"17:55";"1";"65";"65440";"2";"1";"1";"6";"VERDUN (PLACE DE)";"43,2331300000";"0,0742000000"
"202100045721";"23";"03";"2021";"13:55";"1";"82";"82121";"2";"1";"1";"6";"ABBAYE (RUE DE L')";"44,0053500000";"1,3560100000"
"202100045722";"24";"03";"2021";"13:10";"1";"33";"33281";"2";"1";"1";"6";"Avenue Jean Perrin";"44,8380300000";" -0,6705700000"
"202100045723";"24";"03";"2021";"12:15";"1";"32";"32013";"2";"1";"1";" -1";"RETHOURIE (CHEMIN DE LA)";"43,6440900000";"0,5992200000"
"202100045724";"13";"01";"2021";"14:00";"1";"25";"25056";"2";"3";"2";"6";"VESOUL RUE DE (sup 52)";"47,2517000000";"6,0174000000"
"202100045725";"31";"03";"2021";"16:50";"1";"974";"97411";"2";"6";"2";"7";"JAURES (BOULEVARD JEAN)";" -20,8975900000";"55,4753100000"
"202100045726";"31";"03";"2021";"09:00";"1";"974";"97411";"2";"1";"1";"2";"Rue du GÃ©nÃ©ral de Gaulle";" -20,8855800000";"55,4523100000"
"202100045727";"31";"03";"2021";"12:00";"1";"973";"97302";"2";"2";"1";"6";"PALMISTES(PLACE DES)";"4,9394739532";" -52,3343564943"
"202100045728";"1";"04";"2021";"02:00";"5";"69";"69387";"2";"2";"1";"6";"CLAUDE BERNARD (Q)";"45,7479600000";"4,8337300000"
"202100045729";"31";"03";"2021";"09:55";"1";"972";"97213";"1";"9";"1";"1";"MORNE PITAULT (ROUTE DE)";"14,6174576623";" -60,9595459700"
"202100045730";"21";"01";"2021";"14:10";"1";"972";"97213";"1";"9";"1";"3";"Z I LES MANGLES";"14,6175424449";" -61,0220575333"
"202100045731";"31";"03";"2021";"18:20";"1";"69";"69385";"2";"1";"1";"7";"BARTHELEMY BUYER (AV)";"45,7635500000";"4,7965800000"
"202100045732";"26";"03";"2021";"19:35";"5";"69";"69385";"2";"3";"2";"7";"GARENNE (DE LA) (R)";"45,7499812114";"4,7811833024"
"202100045733";"1";"03";"2021";"17:55";"1";"2A";"2A004";"2";"1";"1";"6";"ACHILLE PERETTI RUE";"41,9378100000";"8,7436700000"
"202100045734";"31";"03";"2021";"07:40";"1";"91";"91589";"2";"6";"1";"3";"RUE DE CHAMPAGNE";"48,6879700000";"2,3578100000"
"202100045735";"30";"03";"2021";"17:40";"1";"86";"86041";"2";"6";"1";"3";"Rue du Sentier";"46,6030320000";"0,3768850000"
"202100045736";"31";"03";"2021";"09:05";"1";"83";"83069";"2";"1";"1";"6";"MOULIN (AVENUE JEAN)";"43,1115250000";"6,1299490000"
"202100045737";"29";"03";"2021";"11:55";"1";"80";"80021";"2";"1";"1";"6";"GENERAL FOY (AVENUE DU )";"49,8898090199";"2,2818701871"
"202100045738";"31";"03";"2021";"08:45";"1";"78";"78486";"2";"2";"1";"3";"D61 / Petite Rue Verte";"48,6930400000";"1,8482700000"
"202100045739";"30";"03";"2021";"14:37";"1";"77";"77373";"2";"3";"1";"3";"AV DU DUC DE DANTZIG";"48,8072400000";"2,6136400000"
"202100045740";"31";"03";"2021";"15:20";"1";"71";"71445";"2";"2";"1";"3";"DOLE (ROUTE)";"46,7750037523";"4,8935790360"
"202100045741";"31";"03";"2021";"18:50";"1";"69";"69264";"2";"2";"1";"3";"LEONARD CIMETIERE (R)";"45,9806600000";"4,7311200000"
"202100045742";"28";"03";"2021";"18:20";"1";"68";"68066";"2";"9";"1";"6";"SPECK (CHEMIN DE LA)";"48,0645000000";"7,3577100000"
"202100045743";"30";"03";"2021";"17:15";"1";"67";"67482";"2";"8";"1";"3";"COLMAR (AVENUE DE)";"48,5628080000";"7,7525740000"
"202100045744";"31";"03";"2021";"15:20";"1";"66";"66136";"1";"1";"1";"4";"R D 900";"42,7099800000";"2,8698200000"
"202100045745";"30";"03";"2021";"11:35";"1";"66";"66136";"2";"2";"1";"1";"DALBIEZ (AVENUE VICTOR)";"42,6895372229";"2,8845168817"
"202100045746";"30";"03";"2021";"13:53";"1";"66";"66136";"2";"1";"1";"6";"KENNEDY (BD JOHN-FITZGERALD)";"42,6898200000";"2,9025700000"
"202100045747";"30";"03";"2021";"11:45";"1";"64";"64445";"2";"2";"1";"3";"ORLEANS D'";"43,2990400000";" -0,3727300000"
"202100045748";"31";"03";"2021";"07:45";"1";"64";"64102";"2";"1";"1";"3";"SOULT (AVENUE MARECHAL)";"43,4864600000";" -1,4883500000"
"202100045749";"30";"03";"2021";"14:20";"1";"64";"64102";"2";"1";"1";"3";"BASQUE (AVENUE DU GRAND)";"43,4918000000";" -1,4537600000"
"202100045750";"29";"03";"2021";"14:55";"1";"64";"64024";"2";"1";"1";"2";"MAIGNON (ROUTE DE)";"43,4793700000";" -1,5064500000"
"202100045751";"31";"03";"2021";"06:50";"2";"63";"63113";"2";"2";"1";"3";"MALLET / Mallet";"45,7638800000";"3,0915700000"
"202100045752";"19";"02";"2021";"15:15";"1";"62";"62250";"2";"1";"1";"2";"SALENGRO (R ROGER)";"50,4583595410";"2,9480963236"
"202100045753";"25";"03";"2021";"17:35";"1";"62";"62628";"1";"1";"1";"1";"DIX MARS (D DU)";"50,4317230000";"2,8843900000"
"202100045754";"31";"03";"2021";"03:30";"5";"59";"59650";"2";"2";"1";"3";"VOLTAIRE (RUE)";"50,7109900000";"3,1965500000"
"202100045755";"28";"03";"2021";"21:45";"3";"54";"54528";"1";"1";"1";"7";"RD960";"48,6541800000";"5,8729300000"
"202100045756";"31";"03";"2021";"17:40";"1";"51";"51454";"2";"1";"7";"6";"Route de Cormontreuil";"49,2302798631";"4,0506988764"
"202100045757";"30";"03";"2021";"12:55";"1";"50";"50203";"2";"2";"1";"4";"ROUGES TERRES (LES)";"49,6127100000";" -1,6011500000"
"202100045758";"31";"03";"2021";"15:30";"1";"49";"49007";"2";"1";"1";"3";"PAUL BERT";"47,4663500000";" -0,5530700000"
"202100045759";"31";"03";"2021";"13:35";"1";"49";"49267";"2";"1";"1";"7";"CHANTERIE";"47,4773100000";" -0,5066300000"
"202100045760";"30";"03";"2021";"12:20";"1";"45";"45208";"2";"3";"1";"3";"Boulevard Paul Baudin";"47,9997350000";"2,7335390000"
"202100045761";"30";"03";"2021";"15:35";"1";"45";"45338";"2";"2";"1";"7";"Rue de Bel-Air";"47,9811100000";"2,7164400000"
"202100045762";"26";"03";"2021";"17:13";"1";"42";"42044";"2";"1";"2";"1";"Rue Jean Monnet";"45,3966400000";"4,3338600000"
"202100045763";"30";"03";"2021";"18:04";"1";"37";"37214";"1";"1";"1";"6";"VOISIN (BOULEVARD ANDRE-GEORGES)";"47,4275414408";"0,6585402489"
"202100045764";"31";"03";"2021";"13:05";"1";"35";"35051";"1";"6";"1";"2";"ALLIES (BOULEVARD DES)";"48,1023700000";" -1,6102300000"
"202100045765";"27";"03";"2021";"17:40";"1";"34";"34172";"1";"1";"1";"6";"RENOUVIER (BOULEVARD)";"43,6037700000";"3,8678100000"
"202100045766";"29";"03";"2021";"11:10";"1";"34";"34032";"2";"1";"1";"6";"KENNEDY PRESIDENT (BD DU)";"43,3551400000";"3,2397500000"
"202100045767";"31";"03";"2021";"16:35";"1";"33";"33281";"1";"1";"1";"3";"Avenue RenÃ© Cassin";"44,8321300000";" -0,6702700000"
"202100045768";"31";"03";"2021";"17:40";"1";"33";"33529";"2";"1";"1";"2";"Avenue Gustave Eiffel";"44,6106400000";" -1,1317900000"
"202100045769";"30";"03";"2021";"13:45";"1";"31";"31555";"2";"2";"1";"3";"RUE ALBERT LAUTMANN";"43,6063200000";"1,4387400000"
"202100045770";"31";"03";"2021";"15:30";"1";"25";"25462";"2";"6";"7";"6";"LIBERATION DE LA (DU 22 A LA FIN)";"46,9089390000";"6,3392670000"
"202100045771";"31";"03";"2021";"15:45";"1";"18";"18033";"2";"3";"1";"3";"LOUIS XI (AVENUE)";"47,0796100000";"2,3893100000"
"202100045772";"30";"03";"2021";"18:15";"1";"14";"14118";"2";"3";"1";"3";"Boulevard Yves Guillou";"49,1723600000";" -0,3812000000"
"202100045773";"30";"03";"2021";"13:50";"1";"14";"14327";"2";"2";"1";"3";"Boulevard de la Grande Delle";"49,2070000000";" -0,3404100000"
"202100045774";"29";"03";"2021";"12:15";"1";"13";"13108";"1";"1";"1";"7";"VALLABREGUES ( RD 81 ROUTE DE)";"43,8246041635";"4,6485269103"
"202100045775";"31";"03";"2021";"20:10";"5";"13";"13203";"2";"1";"1";"1";"BD FERDINAND DE LESSEPS";"43,3209900000";"5,3753100000"
"202100045776";"31";"03";"2021";"18:00";"1";"13";"13211";"2";"1";"1";"2";"BUTRIS (TRAVERSE DES)";"43,2990000000";"5,4530000000"
"202100045777";"31";"03";"2021";"18:00";"1";"13";"13214";"2";"1";"1";"2";"LESSEPS (RUE DE)";"43,3204000000";"5,3723000000"
"202100045778";"31";"03";"2021";"16:00";"1";"13";"13213";"2";"1";"1";"2";"COROT (AVENUE)";"43,3238444613";"5,4050695097"
"202100045779";"31";"03";"2021";"14:45";"1";"13";"13215";"2";"1";"1";"6";"SAINT LOUIS (AVENUE DE)";"43,3472100000";"5,3591100000"
"202100045780";"30";"03";"2021";"18:30";"1";"13";"13205";"2";"3";"1";"3";"LOUBIERE (RUE DE LA)";"43,2898200000";"5,3904800000"
"202100045781";"30";"03";"2021";"16:15";"1";"13";"13211";"2";"9";"1";"7";"SAINT LOUP (BOULEVARD DE)";"43,2839450000";"5,4353520000"
"202100045782";"28";"03";"2021";"17:50";"1";"12";"12202";"2";"6";"1";"7";"MOUTIERS (GIRATOIRE DES)";"44,3638700000";"2,5747800000"
"202100045783";"29";"03";"2021";"09:30";"1";"06";"06069";"2";"1";"1";"7";"CANNES (ROUTE DE)  -RD 6085-";"43,6275170000";"6,9557100000"
"202100045784";"31";"03";"2021";"18:20";"1";"75";"75112";"2";"4";"1";"3";"ECHANGEUR BERCY";"48,8281380000";"2,3921000000"
"202100045785";"31";"03";"2021";"13:40";"1";"75";"75118";"2";"1";"1";"3";"PORTE DE CLIGNANCOURT";"48,9010130000";"2,3494070000"
"202100045786";"31";"03";"2021";"00:40";"5";"75";"75120";"2";"2";"1";"3";"RUE HAXO";"48,8759980000";"2,4025500000"
"202100045787";"31";"03";"2021";"18:10";"1";"75";"75119";"2";"1";"1";"3";"AVENUE DE FLANDRE";"48,8850790000";"2,3700780000"
"202100045788";"31";"03";"2021";"12:30";"1";"75";"75119";"2";"2";"1";"3";"AVENUE DE FLANDRE";"48,8905780000";"2,3768600000"
"202100045789";"30";"03";"2021";"21:15";"5";"75";"75118";"2";"2";"1";"3";"AVENUE DE LA PORTE DE CLIGNANCOURT";"48,8993400000";"2,3441690000"
"202100045790";"31";"03";"2021";"17:50";"1";"75";"75116";"2";"7";"1";"7";"PLACE DE COLOMBIE";"48,8629680000";"2,2691690000"
"202100045791";"31";"03";"2021";"10:05";"1";"75";"75117";"2";"2";"1";"6";"RUE LEGENDRE";"48,8891300000";"2,3227510000"
"202100045792";"29";"03";"2021";"14:45";"1";"75";"75116";"2";"3";"1";"6";"ROUTE DES LACS A PASSY";"48,8584130000";"2,2588920000"
"202100045793";"29";"03";"2021";"12:45";"1";"75";"75116";"2";"1";"1";"3";"AVENUE VICTOR HUGO";"48,8715590000";"2,2898350000"
"202100045794";"31";"03";"2021";"12:55";"1";"75";"75114";"2";"3";"1";"3";"BOULEVARD DU MONTPARNASSE";"48,8401800000";"2,3348300000"
"202100045795";"31";"03";"2021";"18:00";"1";"75";"75112";"2";"2";"1";"2";"AVENUE DU GENERAL MICHEL BIZOT";"48,8397790000";"2,4043800000"
"202100045796";"31";"03";"2021";"15:30";"1";"75";"75112";"2";"3";"1";"6";"AVENUE DU GENERAL MICHEL BIZOT";"48,8376880000";"2,4038150000"
"202100045797";"31";"03";"2021";"14:10";"1";"75";"75106";"2";"3";"1";"3";"QUAI DE CONTI";"48,8564310000";"2,3399110000"
"202100045798";"31";"03";"2021";"19:15";"1";"75";"75101";"2";"3";"1";"2";"RUE DE RIVOLI";"48,8640070000";"2,3313450000"
"202100045799";"30";"03";"2021";"19:50";"1";"75";"75102";"2";"1";"1";"7";"RUE SAINT MARC";"48,8706830000";"2,3386920000"
"202100045800";"31";"03";"2021";"11:50";"1";"94";"94080";"2";"2";"1";"3";"PARIS (AV DE)";"48,8451900000";"2,4316700000"
"202100045801";"31";"03";"2021";"19:10";"2";"94";"94046";"2";"1";"1";"2";"Avenue du GÃ©nÃ©ral Leclerc";"48,8142600000";"2,4237900000"
"202100045802";"31";"03";"2021";"21:35";"5";"94";"94041";"2";"9";"1";"1";"Quai Marcel Boyer";"48,8217300000";"2,3934600000"
"202100045803";"31";"03";"2021";"18:40";"1";"94";"94041";"2";"1";"1";"3";"PAUL ANDRIEUX (R)";"48,8125400000";"2,3683400000"
"202100045804";"31";"03";"2021";"21:15";"5";"94";"94021";"2";"1";"1";"7";"Boulevard Circulaire Min";"48,7667330000";"2,3540280000"
"202100045805";"30";"03";"2021";"16:05";"1";"94";"94011";"2";"1";"1";"3";"RHIN ET DANUBE(RUE DU)";"48,7717900000";"2,4901900000"
"202100045806";"31";"03";"2021";"09:30";"1";"94";"94022";"2";"2";"1";"3";"Rue Rouget de Lisle";"48,7629303844";"2,4037076560"
"202100045807";"31";"03";"2021";"17:45";"1";"93";"93078";"2";"1";"1";"6";"GARE (AVENUE DE LA)";"48,9454200000";"2,5649900000"
"202100045808";"31";"03";"2021";"18:36";"1";"93";"93072";"2";"1";"1";"3";"VAL DU MOULIN (ALLEE DU)";"48,9539331418";"2,3904931849"