"Num_Acc";"jour";"mois";"an";"hrmn";"lum";"dep";"com";"agg";"int";"atm";"col";"adr";"lat";"long"
"202100045809";"30";"03";"2021";"10:15";"1";"93";"93066";"2";"9";"1";"6";"CARNOT (BOULEVARD)";"48,9383333742";"2,3532866337"
"202100045810";"28";"03";"2021";"18:00";"1";"93";"93066";"2";"3";"1";"3";"FRANCE ANATOLE (BOULEVARD) NR AUTRES";"48,9183000000";"2,3417000000"
"202100045811";"31";"03";"2021";"13:25";"1";"93";"93077";"2";"2";"1";"3";"PARC (RUE DU)";"48,8811400000";"2,5262400000"
"202100045812";"31";"03";"2021";"10:06";"1";"93";"93062";"2";"6";"1";"3";"GENERAL DE GAULLE (PLACE DU)";"48,8902576532";"2,5123286247"
"202100045813";"31";"03";"2021";"20:39";"5";"93";"93055";"2";"1";"1";"6";"JEAN LOLIVE (AVENUE)(55/73.62/86)";"48,8911920450";"2,4023738069"
"202100045814";"31";"03";"2021";"21:20";"5";"93";"93008";"2";"1";"1";"6";"SALLE PABLO NERUDA";"48,9060865289";"2,4455673612"
"202100045815";"31";"03";"2021";"16:53";"1";"93";"93008";"2";"3";"1";"3";"LENINE (BOULEVARD)";"48,9064820471";"2,4411299043"
"202100045816";"31";"03";"2021";"13:00";"1";"93";"93008";"2";"9";"1";"2";"VAILLANT COUTURIER (AVENUE PAUL)";"48,9105320000";"2,4421280000"
"202100045817";"30";"03";"2021";"18:57";"1";"92";"92051";"2";"9";"1";"3";"GENERAL KOENIG (BOULEVARD DU)";"48,8810284800";"2,2518977016"
"202100045818";"31";"03";"2021";"18:30";"1";"92";"92050";"2";"1";"1";"3";"REPUBLIQUE AVENUE DE LA";"48,9101255150";"2,2187286615"
"202100045819";"31";"03";"2021";"15:30";"1";"92";"92050";"2";"3";"1";"3";"CLEMENCEAU GEORGES AVENUE NÂ°IMPAIR";"48,8864993259";"2,2093678324"
"202100045820";"31";"03";"2021";"15:30";"1";"92";"92050";"2";"3";"1";"6";"RENAN ERNEST RUE";"48,8962040288";"2,1887522936"
"202100045821";"31";"03";"2021";"12:45";"1";"92";"92050";"2";"1";"1";"3";"REPUBLIQUE AVENUE DE LA";"48,9100000000";"2,2184000000"
"202100045822";"31";"03";"2021";"17:25";"1";"92";"92035";"2";"1";"1";"3";"Verdun 1916 ( avenue de )";"48,9046438637";"2,2327888012"
"202100045823";"31";"03";"2021";"18:20";"1";"92";"92024";"2";"2";"1";"3";"RUE DU 08 MAI 1945";"48,8982576742";"2,3101544380"
"202100045824";"31";"03";"2021";"13:45";"1";"39";"39009";"1";"3";"7";"3";"N/A";"46,8433240000";"5,9185050000"
"202100045825";"26";"03";"2021";"19:17";"2";"11";"11061";"1";"2";"1";"1";"D623";"43,1240858462";"2,1269861282"
"202100045826";"29";"03";"2021";"05:30";"5";"49";"49244";"2";"1";"1";"1";"Le Bois Gat Chenu (la Pommeraye)";"47,3517450000";" -0,8475520000"
"202100045827";"31";"03";"2021";"17:45";"1";"62";"62897";"2";"1";"7";"2";"1 Route de Lumbres";"50,6769340000";"2,0706460000"
"202100045828";"29";"03";"2021";"08:26";"1";"95";"95313";"2";"1";"1";"3";"44 Avenue de Paris";"49,1105297744";"2,2252072624"
"202100045829";"31";"03";"2021";"20:00";"2";"42";"42162";"1";"3";"1";"3";"Route de Roanne";"46,0190560000";"4,0003540000"
"202100045830";"31";"03";"2021";"19:25";"1";"31";"31113";"2";"1";"1";"1";"Rue de LabÃ©ge";"43,5172100000";"1,5018170000"
"202100045831";"12";"03";"2021";"18:30";"1";"11";"11111";"1";"1";"1";"2";"La Guirlande";"43,2073970000";"2,8016850000"
"202100045832";"1";"04";"2021";"09:10";"1";"26";"26085";"1";"1";"1";"2";"Autoroute du Soleil";"44,4944600000";"4,7674370000"
"202100045833";"31";"03";"2021";"09:10";"1";"01";"01075";"1";"1";"1";"7";"D75";"46,0359360000";"4,8123070000"
"202100045834";"1";"04";"2021";"09:00";"1";"01";"01354";"2";"2";"1";"3";"Rue Blaise Pascal";"46,2420950000";"6,0218540000"
"202100045835";"1";"04";"2021";"14:00";"1";"65";"65447";"2";"1";"1";"3";"D817";"43,1910780000";"0,2312980000"
"202100045836";"1";"04";"2021";"08:44";"1";"48";"48099";"1";"1";"1";"2";"Autoroute A75 PK 160+700";"44,5177530000";"3,2409880000"
"202100045837";"1";"04";"2021";"17:20";"1";"57";"57603";"2";"3";"1";"3";"1 Rue de Saint Exupery";"49,4795000000";"5,9556180000"
"202100045838";"1";"04";"2021";"15:00";"1";"57";"57273";"1";"1";"1";"7";"D65";"49,3215700000";"6,5768620000"
"202100045839";"31";"03";"2021";"16:00";"1";"56";"56205";"1";"2";"1";"7";"D199";"47,5600210000";" -2,7045200000"
"202100045840";"1";"04";"2021";"12:12";"1";"2B";"2B123";"1";"1";"1";"1";"rt 10";"42,0273520000";"9,4140820000"
"202100045841";"1";"04";"2021";"06:45";"2";"32";"32305";"1";"1";"1";"6";"Avenue du Catalan";"43,8201010000";" -0,0874800000"
"202100045842";"30";"03";"2021";"16:17";"1";"71";"71035";"1";"1";"1";"7";"D82";"46,4787340000";"4,7919730000"
"202100045843";"31";"03";"2021";"18:10";"1";"61";"61008";"2";"1";"1";"7";"Route de Paris";"48,7419380000";"0,5555280000"
"202100045844";"1";"04";"2021";"18:30";"1";"61";"61081";"1";"4";"1";"3";"Les Cocagnes";"48,6290940000";"0,1995990000"
"202100045845";"1";"04";"2021";"18:05";"1";"55";"55132";"2";"1";"1";"1";"Rue Derriere l'Isle";"48,6116980000";"5,0849110000"
"202100045846";"1";"04";"2021";"16:55";"1";"42";"42177";"2";"1";"1";"3";"Rue de la RÃ©publique";"46,1425150000";"4,1081300000"
"202100045847";"31";"03";"2021";"18:10";"1";"46";"46204";"1";"2";"1";"3";"Les vitarelles";"44,6897160000";"1,5566710000"
"202100045848";"31";"03";"2021";"17:06";"1";"25";"25411";"2";"6";"1";"3";"10 Avenue Charles de Gaulle";"47,0573830000";"6,6112970000"
"202100045849";"31";"03";"2021";"18:20";"1";"25";"25254";"1";"1";"1";"7";"Le Casse-croÃ»te";"46,8514820000";"6,3784430000"
"202100045850";"24";"03";"2021";"16:55";"1";"44";"44154";"2";"1";"1";"3";"PÃ´le de Bresse (ArrÃªt de bus)";"47,2478090000";" -2,1622710000"
"202100045851";"31";"03";"2021";"09:35";"1";"35";"35220";"2";"4";"1";"6";"4 Rue d'Amanlis";"48,0092910000";" -1,4337480000"
"202100045852";"31";"03";"2021";"12:05";"1";"31";"31347";"1";"2";"1";"3";"croisement de la dÃ©partementale D6 et la D632";"43,3982670000";"0,7941540000"
"202100045853";"1";"04";"2021";"09:15";"1";"38";"38271";"2";"1";"1";"2";"Rue Charles de Gaulle";"45,1931640000";"5,8198790000"
"202100045854";"1";"04";"2021";"09:00";"1";"50";"50484";"2";"3";"1";"1";"Place de la Motte";"48,5761600000";" -1,0924800000"
"202100045855";"31";"03";"2021";"16:40";"1";"50";"50168";"1";"1";"1";"3";"La Bellerie";"48,6112180000";" -1,2742530000"
"202100045856";"1";"04";"2021";"09:45";"1";"90";"90052";"2";"6";"1";"2";"ZAC du Mont Jean";"47,7373860000";"6,8355940000"
"202100045857";"31";"03";"2021";"23:45";"5";"64";"64256";"2";"1";"1";"7";"rue francis jammes";"43,3952500000";" -1,3144630000"
"202100045858";"31";"03";"2021";"18:00";"1";"43";"43152";"1";"6";"7";"3";"Rond-point du Collet";"45,0662591493";"3,8507992029"
"202100045859";"1";"04";"2021";"17:30";"1";"04";"04076";"1";"1";"1";"6";"RD 4202";"43,9524170000";"6,8423370000"
"202100045860";"31";"03";"2021";"13:45";"1";"17";"17236";"1";"1";"1";"3";"Chez guerin nord";"45,3350280000";" -0,5934330000"
"202100045861";"1";"04";"2021";"14:20";"1";"52";"52187";"1";"1";"1";"7";"route dÃ©partemental 25";"48,3674110000";"5,3546970000"
"202100045862";"31";"03";"2021";"17:40";"1";"08";"08039";"2";"1";"1";"2";"Rue d'Ecry";"49,4588190000";"4,0902430000"
"202100045863";"1";"04";"2021";"08:50";"1";"88";"88294";"1";"9";"1";"1";"DÃ©partementale 6";"48,2506690000";"6,3521790000"
"202100045864";"31";"03";"2021";"14:20";"1";"69";"69028";"2";"2";"1";"3";"JOANNA (DE LA) (R)";"45,7159480000";"4,6910120000"
"202100045865";"30";"03";"2021";"06:45";"1";"971";"97129";"1";"1";"1";"7";"Rn 2 ComtÃ© de LohÃ©ac";"16,3394370000";" -61,7169450000"
"202100045866";"30";"03";"2021";"17:30";"1";"37";"37072";"2";"1";"1";"7";"route de saumur";"47,1498615320";"0,2322473884"
"202100045867";"1";"04";"2021";"11:50";"1";"2A";"2A247";"1";"1";"1";"6";"D859";"41,5674340000";"9,2572260000"
"202100045868";"31";"03";"2021";"19:20";"1";"13";"13027";"1";"6";"1";"3";"D28";"43,8775260000";"4,8343490000"
"202100045869";"26";"03";"2021";"07:45";"1";"89";"89206";"2";"1";"1";"6";"7 Boulevard de Godalming";"47,9762430000";"3,4223020000"
"202100045870";"31";"03";"2021";"08:50";"1";"67";"67118";"2";"1";"1";"3";"Piste cyclable du canal de la Bruche";"48,5746620000";"7,6923720000"
"202100045871";"31";"03";"2021";"18:45";"2";"67";"67348";"1";"1";"1";"6";"187 Route d'Ottrott";"48,4634180000";"7,4558380000"
"202100045872";"31";"03";"2021";"12:15";"1";"42";"42094";"2";"3";"1";"3";"Route de Civens";"45,7505330000";"4,2263670000"
"202100045873";"1";"04";"2021";"15:00";"1";"38";"38449";"1";"1";"1";"1";"Rue de la Fuly";"45,6309770000";"5,1017120000"
"202100045874";"26";"03";"2021";"17:30";"1";"07";"07138";"2";"1";"2";"6";"Rue des Mouliniers";"44,5870210000";"4,4385190000"
"202100045875";"31";"03";"2021";"17:15";"1";"69";"69249";"2";"4";"1";"6";"RONTALON (DE) (RTE)";"45,6792951711";"4,6502369642"
"202100045876";"31";"03";"2021";"17:45";"1";"69";"69117";"1";"3";"1";"3";"RD306";"45,8565923895";"4,7381329536"
"202100045877";"1";"04";"2021";"11:55";"1";"16";"16097";"1";"1";"1";"6";"Lieu-Dit Mongot";"45,7531070000";" -0,3389020000"
"202100045878";"1";"04";"2021";"07:30";"2";"85";"85293";"1";"1";"1";"3";"N/A";"47,0062400000";" -1,1031800000"
"202100045879";"29";"03";"2021";"18:55";"1";"35";"35363";"2";"1";"1";"7";"rue de la rivaudiÃ¨re";"48,0133500000";" -1,7079400000"
"202100045880";"1";"04";"2021";"13:05";"1";"27";"27070";"1";"1";"1";"6";"RD2";"49,2880890000";"1,4140610000"
"202100045881";"31";"03";"2021";"18:00";"1";"94";"94038";"1";"1";"1";"5";"AUTOROUTE A6A";"48,7756300000";"2,3465300000"
"202100045882";"31";"03";"2021";"13:00";"1";"75";"75114";"2";"1";"1";"6";"ECHANGEUR ORLEANS";"48,8171044154";"2,3346932532"
"202100045883";"31";"03";"2021";"17:10";"1";"92";"92036";"1";"1";"1";"3";"A86";"48,9367482570";"2,2920407186"
"202100045884";"30";"03";"2021";"17:30";"1";"92";"92036";"1";"1";"1";"4";"A86";"48,9357640852";"2,2872224731"
"202100045885";"31";"03";"2021";"18:30";"1";"77";"77121";"1";"1";"1";"2";"A4";"48,8314626854";"2,6816071424"
"202100045886";"30";"03";"2021";"21:00";"3";"94";"94069";"1";"1";"1";"6";"A4";"48,8165584712";"2,4494408898"
"202100045887";"25";"03";"2021";"11:30";"1";"69";"69383";"2";"9";"1";"6";"LACASSAGNE                          (AV)";"45,7532000000";"4,8689800000"
"202100045888";"18";"03";"2021";"14:07";"1";"84";"84087";"2";"1";"6";"6";"DALADIER (BD EDOUARD)";"44,1387200000";"4,8061800000"
"202100045889";"4";"03";"2021";"12:05";"1";"83";"83050";"1";"1";"1";"6";"BROSSOLETTE(AVENUE  PIERRE)";"43,5309787292";"6,4472536223"
"202100045890";"25";"03";"2021";"09:30";"1";"38";"38185";"2";"1";"1";"6";"Rue des AlliÃ©s";"45,1722300000";"5,7224700000"
"202100045891";"23";"03";"2021";"13:25";"1";"29";"29019";"2";"9";"1";"6";"35 Rue de Kerbloas";"48,4068900000";" -4,5000530000"
"202100045892";"26";"03";"2021";"12:10";"1";"976";"97611";"2";"9";"1";"6";"m'tsapere-Said CafÃ© (rue)";" -12,7994700000";"45,2090400000"
"202100045893";"26";"02";"2021";"07:46";"1";"976";"97611";"2";"1";"1";"6";"mgombani-Mahabou angle rue du commerce (";" -12,7838400000";"45,2304300000"
"202100045894";"26";"03";"2021";"11:55";"1";"78";"78551";"2";"2";"1";"6";"LYAUTEY (DU MARECHAL)";"48,8949000000";"2,0955000000"
"202100045895";"29";"03";"2021";"16:40";"1";"94";"94069";"1";"1";"1";"2";"A4";"48,8171900000";"2,4304700000"
"202100045896";"19";"01";"2021";"09:00";"1";"93";"93077";"2";"9";"2";"7";"ROSNY (AVENUE DE)";"48,8829500000";"2,4987000000"
"202100045897";"19";"01";"2021";"20:00";"5";"94";"94079";"1";"1";"1";"2";"FRIEDBERG (BD DE)";"48,8359000000";"2,5469000000"
"202100045898";"20";"03";"2021";"11:10";"1";"62";"62310";"2";"1";"1";"6";"ESTAIRES ( RUE D ')";"50,5443440000";"2,6536960000"
"202100045899";"27";"03";"2021";"20:10";"5";"75";"75113";"2";"4";"1";"4";"PORTE D ITALIE";"48,8165123390";"2,3642116785"
"202100045900";"27";"03";"2021";"19:10";"3";"75";"75116";"2";"1";"1";"6";"BOULEVARD SUCHET";"48,8579870000";"2,2650830000"
"202100045901";"25";"03";"2021";"08:55";"1";"94";"94041";"2";"1";"2";"1";"Avenue Maurice Thorez";"48,8118910000";"2,3819510000"
"202100045902";"18";"02";"2021";"12:40";"1";"93";"93013";"2";"1";"2";"3";"JAURES (AVENUE JEAN) DE 28 A 62";"48,9330244769";"2,4244983150"
"202100045903";"3";"01";"2021";"14:55";"1";"93";"93064";"2";"9";"1";"3";"DE GAULLE (AV DU GENERAL) 58/49 - FIN";"48,8775382359";"2,4811944010"
"202100045904";"30";"03";"2021";"17:00";"1";"974";"97416";"2";"1";"1";"7";"MITTERAND (AVENUE DU PDT)";" -21,3450500000";"55,4850500000"
"202100045905";"30";"03";"2021";"10:10";"1";"974";"97411";"2";"1";"1";"2";"FOUCQUE (AVENUE HIPPOLYTE)";" -20,8988100000";"55,4867600000"
"202100045906";"30";"03";"2021";"09:20";"1";"974";"97411";"1";"1";"1";"2";"GOYAVIERS (ROUTE DE)";" -20,9067020000";"55,4164930000"
"202100045907";"29";"03";"2021";"11:10";"1";"974";"97409";"1";"9";"1";"1";"Rue Quatre Epices";" -20,9746800000";"55,6561600000"
"202100045908";"29";"03";"2021";"22:20";"5";"973";"97302";"2";"1";"1";"3";"FELIX EBOUE(ROCADE)";"4,9322942222";" -52,3111009722"
"202100045909";"31";"01";"2021";"00:01";"5";"69";"69259";"2";"2";"1";"7";"AMBROISE CROIZAT                    (BD)";"45,7031100000";"4,8877300000"
"202100045910";"30";"03";"2021";"16:30";"1";"69";"69259";"2";"1";"1";"1";"TACHE VELIN (DE) (CHM)";"45,7151132046";"4,8687297106"
"202100045911";"30";"03";"2021";"11:15";"1";"69";"69199";"2";"2";"1";"2";"JEAN JAURES                         (AV)";"45,7120608519";"4,8550726382"
"202100045912";"29";"03";"2021";"21:15";"5";"69";"69286";"2";"3";"1";"3";"EUROPE (DE L')                      (AV)";"45,8121900000";"4,8897600000"
"202100045913";"29";"03";"2021";"20:50";"5";"69";"69385";"2";"1";"1";"7";"GRANGES (DES) (R)";"45,7548900000";"4,8012000000"
"202100045914";"30";"03";"2021";"12:00";"1";"2B";"2B033";"2";"1";"1";" -1";"CAMPINCHI >= NR 40 -RUE";"42,7029000000";"9,4502000000"
"202100045915";"30";"03";"2021";"23:21";"5";"95";"95582";"2";"3";"1";"2";"RUE D ARGENTEUIL";"48,9668520000";"2,2563630000"
"202100045916";"29";"03";"2021";"12:30";"1";"95";"95252";"2";"1";"1";"6";"SQUARE DE LA SOURCE";"48,9829678065";"2,2355675697"
"202100045917";"30";"03";"2021";"13:30";"1";"91";"91471";"2";"1";"1";"7";"MONTJAY (AVENUE DE)";"48,6858110000";"2,1834420000"
"202100045918";"29";"03";"2021";"17:09";"1";"87";"87085";"2";"2";"1";"3";"MONTARAUDS (RUE DES)";"45,8723100000";"1,2914000000"
"202100045919";"29";"03";"2021";"21:15";"5";"86";"86194";"2";"1";"1";"6";"Rue de lâIntendant le Nain";"46,5910450000";"0,3403150000"
"202100045920";"26";"03";"2021";"17:40";"1";"80";"80021";"2";"1";"1";"3";"GEORGES POMPIDOU (AVENUE)";"49,9017400000";"2,2838900000"
"202100045921";"26";"03";"2021";"15:15";"1";"80";"80021";"2";"1";"1";"3";"CHATEAU MILAN (RUE DU)";"49,9014036986";"2,2832511409"
"202100045922";"26";"03";"2021";"07:35";"1";"80";"80489";"2";"3";"1";"1";"JOLIOT CURIE (RUE)";"49,8713000000";"2,3596500000"
"202100045923";"30";"03";"2021";"13:25";"1";"78";"78440";"2";"9";"7";"2";"PIERRE CURIE (RUE)";"48,9939820000";"1,9184820000"
"202100045924";"30";"03";"2021";"13:45";"1";"77";"77285";"2";"9";"1";"3";"BOIS GUYOT (RUE DU)";"48,5388490000";"2,6241550000"
"202100045925";"30";"03";"2021";"13:40";"1";"72";"72181";"2";"2";"1";"3";"BATAILLE (RUE DE LA)";"47,9907500000";"0,2076500000"
"202100045926";"29";"03";"2021";"16:20";"1";"72";"72181";"2";"6";"1";"3";"JACOBINS (PL DES)";"48,0077500000";"0,1988300000"
"202100045927";"29";"03";"2021";"12:38";"1";"72";"72181";"2";"6";"1";"3";"WILBUR WRIGHT (RUE)";"48,0078000000";"0,1985000000"
"202100045928";"29";"03";"2021";"18:50";"1";"69";"69266";"2";"2";"1";"6";"JEAN JAURES (R)";"45,7581600000";"4,8851500000"
"202100045929";"29";"03";"2021";"19:10";"2";"67";"67218";"2";"8";"1";"6";"STRASBOURG (AVENUE DE)";"48,5428900000";"7,7359100000"
"202100045930";"29";"03";"2021";"18:50";"1";"67";"67482";"2";"3";"1";"3";"ATHENES (PLACE D )";"48,5789940000";"7,7682020000"
"202100045931";"28";"03";"2021";"12:40";"1";"67";"67180";"2";"2";"1";"3";"STRASBOURG (ROUTE DE)";"48,8102900000";"7,7819000000"
"202100045932";"30";"03";"2021";"17:05";"1";"65";"65440";"2";"1";"1";"4";"CARNOT (RUE)";"43,2196280000";"0,0707670000"
"202100045933";"30";"03";"2021";"14:29";"1";"65";"65440";"2";"2";"1";"3";"SEPTEMBRE (RUE DU IV)";"43,2288200000";"0,0830840000"
"202100045934";"13";"03";"2021";"11:50";"1";"62";"62427";"2";"1";"1";"6";"MONTPENCHER (R)";"50,4217400000";"2,9481700000"
"202100045935";"30";"03";"2021";"09:00";"1";"59";"59279";"1";"1";"7";"6";"ROUGE PORTE (LIEU DIT)";"50,7831684619";"3,1136369705"
"202100045936";"29";"03";"2021";"16:15";"1";"59";"59122";"2";"6";"1";"5";"BART (BOULEVARD JEAN)";"50,1824280000";"3,2275240000"
"202100045937";"29";"03";"2021";"20:10";"5";"54";"54357";"2";"1";"1";"3";"MADON (RUE DU)";"48,7008758295";"6,1352596539"
"202100045938";"29";"03";"2021";"12:35";"1";"54";"54328";"2";"1";"1";"6";"SECOURS (RUE DU)";"48,6204000000";"6,1599600000"
"202100045939";"30";"03";"2021";"18:55";"1";"49";"49353";"2";"1";"1";"3";"SAINT LEONARD";"47,4580200000";" -0,5147000000"
"202100045940";"30";"03";"2021";"07:55";"1";"45";"45075";"2";"2";"1";"3";"Rue des Muids";"47,8855546678";"1,8193369668"
"202100045941";"30";"03";"2021";"07:40";"2";"45";"45234";"2";"1";"1";"6";"Avenue Jean Zay";"47,9044500000";"1,9168000000"
"202100045942";"30";"03";"2021";"18:40";"1";"44";"44109";"2";"1";"1";"3";"BOULEVARD GUY MOLLET";"47,2470300000";" -1,5554100000"
"202100045943";"21";"03";"2021";"10:30";"1";"42";"42218";"1";"1";"1";"7";"Lieu dit Condamine";"45,4539543012";"4,2658694727"
"202100045944";"30";"03";"2021";"08:58";"1";"37";"37261";"2";"6";"7";"6";"GANCE (BOULEVARD ABEL)";"47,4300468536";"0,7050969796"
"202100045945";"30";"03";"2021";"06:26";"5";"37";"37261";"2";"1";"1";"7";"GRAND-MARCHE (PLACE DU)";"47,3937424202";"0,6805174536"
"202100045946";"30";"03";"2021";"09:15";"1";"35";"35238";"2";"1";"1";"3";"LIBERTE (BD DE LA)";"48,1081200000";" -1,6827100000"
"202100045947";"30";"03";"2021";"17:50";"1";"33";"33162";"2";"1";"1";"1";"Avenue Jean Mermoz";"44,8615400000";" -0,6660400000"
"202100045948";"7";"03";"2021";"12:40";"1";"31";"31555";"2";"9";"1";"5";"AV DE GRANDE BRETAGNE";"43,6021170000";"1,4100230000"
"202100045949";"27";"03";"2021";"03:15";"5";"31";"31555";"2";"3";"1";"3";"RTE DE SEYSSES";"43,5508900000";"1,3940600000"
"202100045950";"30";"03";"2021";"18:00";"1";"31";"31483";"2";"1";"1";"2";"ARRIEU ANSELME (AVENUE)";"43,1105500000";"0,7172900000"
"202100045951";"29";"03";"2021";"11:40";"1";"29";"29232";"2";"1";"1";"3";"Boulevard Flandres Dunkerque1940";"47,9800350000";" -4,0845222469"
"202100045952";"30";"03";"2021";"09:03";"1";"29";"29151";"1";"1";"1";"6";"N12";"48,5928400000";" -3,8190900000"
"202100045953";"30";"03";"2021";"04:00";"3";"29";"29039";"1";"1";"1";"6";"N165";"47,9228600000";" -3,8910600000"
"202100045954";"30";"03";"2021";"17:27";"1";"27";"27229";"2";"2";"7";"1";"HUGO (RUE VICTOR)";"49,0224500000";"1,1509200000"
"202100045955";"30";"03";"2021";"07:45";"2";"26";"26362";"2";"9";"1";"6";"Avenue de Chabeuil";"44,9264300000";"4,9185700000"
"202100045956";"29";"03";"2021";"19:00";"1";"26";"26362";"2";"3";"1";"3";"Avenue de Romans";"44,9349370000";"4,9082270000"
"202100045957";"29";"03";"2021";"17:55";"1";"25";"25056";"2";"1";"1";"6";"FRANCHE COMTE RUE DE";"47,2229600000";"5,9753390000"
"202100045958";"31";"03";"2021";"00:18";"5";"13";"13209";"2";"3";"1";"1";"LAETITIA (AVENUE)";"43,2733800000";"5,4101600000"
"202100045959";"28";"03";"2021";"23:45";"5";"13";"13213";"2";"1";"1";"3";"CHUTES LAVIE (AVENUE)";"43,3157100000";"5,3988200000"
"202100045960";"30";"03";"2021";"08:45";"1";"13";"13047";"2";"1";"1";"6";"RADOLFZELL AVENUE DE";"43,4991580000";"4,9874600000"
"202100045961";"30";"03";"2021";"14:15";"1";"13";"13005";"2";"1";"1";"3";"PALUDS (AVENUE DES)";"43,2907000000";"5,5951100000"
"202100045962";"30";"03";"2021";"18:40";"1";"12";"12145";"2";"1";"1";"2";"LANGUEDOC (AVENUE DU)";"44,0902780000";"3,0790950000"
"202100045963";"29";"03";"2021";"20:09";"1";"10";"10081";"2";"9";"1";"3";"GENERAL SARRAIL (AVE)";"48,3114740000";"4,0529330000"
"202100045964";"29";"03";"2021";"17:56";"1";"10";"10387";"2";"1";"7";"2";"ETIENNE PEDRON (RUE)";"48,3164600000";"4,0744900000"
"202100045965";"29";"03";"2021";"14:29";"1";"10";"10387";"2";"1";"1";"6";"GOURNAY (RUE DE)";"48,2982700000";"4,0904000000"
"202100045966";"23";"03";"2021";"08:10";"1";"07";"07102";"2";"1";"1";"2";"Chemin des MULETS";"44,9329300000";"4,8596100000"
"202100045967";"30";"03";"2021";"17:10";"1";"75";"75116";"2";"4";"1";"2";"PORTE DE SAINT CLOUD";"48,8350106635";"2,2610386969"
"202100045968";"29";"03";"2021";"18:05";"1";"75";"75116";"2";"1";"1";"3";"PORTE DE SAINT CLOUD";"48,8405380000";"2,2541010000"
"202100045969";"30";"03";"2021";"09:10";"1";"75";"75114";"2";"3";"1";"6";"RUE RAYMOND LOSSERAND";"48,8337060000";"2,3176790000"
"202100045970";"29";"03";"2021";"17:01";"1";"75";"75101";"2";"3";"1";"3";"RUE DE RIVOLI";"48,8662930000";"2,3241810000"
"202100045971";"29";"03";"2021";"14:00";"1";"75";"75105";"2";"2";"1";"6";"RUE GEOFFROY SAINT HILAIRE";"48,8384080000";"2,3570570000"
"202100045972";"30";"03";"2021";"21:30";"5";"75";"75120";"2";"2";"1";"3";"AVENUE LEON GAUMONT";"48,8492510000";"2,4161880000"
"202100045973";"30";"03";"2021";"11:15";"1";"75";"75117";"2";"7";"1";"3";"PLACE DE LA REPUBLIQUE DOMINICAINE";"48,8804489381";"2,3086363077"
"202100045974";"30";"03";"2021";"09:05";"1";"75";"75117";"2";"3";"1";"3";"AVENUE DES TERNES";"48,8803520000";"2,2868010000"
"202100045975";"29";"03";"2021";"16:45";"1";"75";"75117";"2";"3";"1";"6";"BOULEVARD DU BOIS LE PRETRE";"48,8996656060";"2,3190662591"
"202100045976";"30";"03";"2021";"14:48";"1";"75";"75116";"2";"1";"1";"3";"RUE DE LONGCHAMP";"48,8658370000";"2,2822770000"
"202100045977";"29";"03";"2021";"19:30";"2";"75";"75116";"2";"2";"1";"3";"AVENUE DU MAHATMA GANDHI";"48,8758570000";"2,2622070000"
"202100045978";"29";"03";"2021";"17:50";"1";"75";"75114";"2";"7";"1";"3";"RUE DU FAUBOURG SAINT JACQUES";"48,8335720000";"2,3363210000"
"202100045979";"30";"03";"2021";"16:45";"1";"75";"75113";"2";"2";"1";"3";"RUE DE LA GLACIERE";"48,8349740000";"2,3449930000"
"202100045980";"30";"03";"2021";"07:45";"1";"75";"75112";"2";"1";"1";"2";"AVENUE DU DOCTEUR ARNOLD NETTER";"48,8439360000";"2,4055550000"
"202100045981";"30";"03";"2021";"08:40";"1";"75";"75110";"2";"1";"1";"3";"BOULEVARD DE MAGENTA";"48,8776700000";"2,3548360000"
"202100045982";"30";"03";"2021";"09:55";"1";"75";"75108";"2";"7";"1";"6";"PLACE SAINT AUGUSTIN";"48,8746650264";"2,3203658088"
"202100045983";"29";"03";"2021";"21:15";"5";"75";"75108";"2";"7";"1";"6";"PLACE DE LA CONCORDE";"48,8643348130";"2,3204702139"
"202100045984";"30";"03";"2021";"16:45";"1";"75";"75104";"2";"2";"1";"6";"RUE JULES COUSIN";"48,8519000000";"2,3631110000"
"202100045985";"30";"03";"2021";"14:50";"1";"75";"75101";"2";"3";"1";"7";"BOULEVARD DE SEBASTOPOL";"48,8629510000";"2,3506450000"
"202100045986";"30";"03";"2021";"11:55";"1";"75";"75104";"2";"3";"1";"6";"RUE DE RIVOLI";"48,8557400000";"2,3589920000"
"202100045987";"30";"03";"2021";"08:25";"1";"75";"75101";"2";"1";"1";"7";"RUE MOLIERE";"48,8650210000";"2,3358740000"
"202100045988";"29";"03";"2021";"17:50";"1";"94";"94052";"2";"1";"1";"6";"STRASBOURG (BD DE)";"48,8451070000";"2,4889530000"
"202100045989";"30";"03";"2021";"22:00";"5";"94";"94076";"2";"3";"1";"3";"REPUBLIQUE (AV DE LA)";"48,7873700000";"2,3541800000"
"202100045990";"30";"03";"2021";"09:20";"1";"94";"94019";"2";"1";"1";"3";"Rue Condorcet";"48,7983290000";"2,5426640000"
"202100045991";"29";"03";"2021";"10:20";"1";"94";"94055";"2";"3";"1";"3";"FRANCOIS DE PAULE (R)";"48,7880400000";"2,5397600000"
"202100045992";"29";"03";"2021";"23:12";"5";"93";"93059";"2";"3";"1";"3";"BABEUF (RUE)";"48,9612600000";"2,3715800000"
"202100045993";"29";"03";"2021";"18:30";"1";"93";"93064";"2";"1";"1";"3";"MERMOZ (RUE JEAN)";"48,8801220583";"2,4882788141"
"202100045994";"30";"03";"2021";"19:00";"1";"93";"93048";"2";"9";"1";"1";"LAGNY (RUE DE)";"48,8491973896";"2,4225370244"
"202100045995";"29";"03";"2021";"09:10";"1";"93";"93063";"2";"3";"1";"3";"JAURES RUE JEAN";"48,8778618070";"2,4466493726"