"Num_Acc";"jour";"mois";"an";"hrmn";"lum";"dep";"com";"agg";"int";"atm";"col";"adr";"lat";"long"
"202100046183";"29";"03";"2021";"20:40";"3";"72";"72386";"1";"1";"1";"6";"Autoroute A28";"48,0476910000";"0,2934980000"
"202100046184";"30";"03";"2021";"14:35";"1";"45";"45242";"1";"1";"1";"6";"Autoroute 77-Pk 41+900";"47,8755050000";"2,6916610000"
"202100046185";"28";"03";"2021";"15:30";"1";"971";"97103";"2";"1";"2";"7";"rue bongout 971";"16,2717910000";" -61,5667820000"
"202100046186";"27";"03";"2021";"14:00";"1";"988";"98817";"2";"2";"1";"7";"RP1 - RM6";" -22,2309110000";"166,5413190000"
"202100046187";"27";"03";"2021";"22:00";"3";"971";"97104";"2";"1";"1";"1";"Route de Morne Mabouya";"16,0231330000";" -61,7461200000"
"202100046188";"29";"03";"2021";"08:50";"1";"45";"45157";"1";"1";"1";"6";"D25-PR 15 + 400";"48,1532070000";"2,3752520000"
"202100046189";"30";"03";"2021";"08:45";"1";"34";"34151";"2";"6";"7";"6";"Avenue Charles Corbieres";"43,6630870000";"4,1716450000"
"202100046190";"30";"03";"2021";"12:40";"1";"71";"71176";"1";"1";"1";"2";"D982";"46,4628530000";"4,0112210000"
"202100046191";"26";"03";"2021";"11:00";"1";"67";"67067";"2";"1";"1";"3";"2 A rue de Geudertheim";"48,7286600000";"7,7168820000"
"202100046192";"29";"03";"2021";"16:00";"1";"79";"79116";"1";"3";"1";"7";"48 Avenue de SÃ©gora";"46,8299930000";" -0,3445690000"
"202100046193";"30";"03";"2021";"15:30";"1";"14";"14066";"2";"4";"1";"6";"Route de Courseulles";"49,3295410000";" -0,4339600000"
"202100046194";"29";"03";"2021";"17:20";"1";"22";"22067";"1";"3";"1";"3";"Pont Caffin";"48,5321660000";" -3,1654570000"
"202100046195";"29";"03";"2021";"15:20";"1";"22";"22162";"1";"2";"1";"2";"Route de Kergrist";"48,7790530000";" -3,0721060000"
"202100046196";"30";"03";"2021";"08:30";"1";"60";"60141";"2";"3";"1";"3";"Route de Chantilly";"49,1911740000";"2,4579500000"
"202100046197";"27";"03";"2021";"19:35";"3";"62";"62865";"1";"1";"1";"7";"Rue Nobled";"50,3248410000";"2,9951480000"
"202100046198";"29";"03";"2021";"19:55";"1";"59";"59053";"2";"1";"1";"7";"Rue du Quesnoy";"50,2974750000";"3,7783960000"
"202100046199";"30";"03";"2021";"17:55";"1";"59";"59011";"2";"4";"1";"7";"Rue du Docteur Schaffner";"50,5313460000";"2,9384890000"
"202100046200";"29";"03";"2021";"18:50";"1";"13";"13055";"1";"1";"1";"2";"A507 sens Aubagne- Marseille";"43,3104000000";"5,4245900000"
"202100046201";"27";"03";"2021";"20:20";"3";"57";"57041";"1";"1";"1";"2";"Autoroute A30";"49,4095021000";"5,9203720000"
"202100046202";"29";"03";"2021";"15:45";"1";"91";"91340";"1";"1";"1";"3";"AUTOROUTE A6";"48,6000000000";"2,4397700000"
"202100046203";"29";"03";"2021";"07:09";"2";"91";"91661";"1";"1";"1";"1";"RD 188 CHEVREUSE";"48,6965100000";"2,2271000000"
"202100046204";"29";"03";"2021";"07:45";"1";"78";"78140";"1";"1";"1";"2";"A13";"48,9604430000";"1,9309590000"
"202100046205";"28";"03";"2021";"18:10";"1";"78";"78073";"1";"1";"1";"7";"A12 W";"48,8027660000";"2,0481160000"
"202100046206";"27";"03";"2021";"19:00";"2";"78";"78490";"1";"1";"8";"2";"RN12 EXT";"48,8004700000";"1,9727300000"
"202100046207";"29";"03";"2021";"07:30";"1";"94";"94073";"1";"1";"1";"6";"A86 EXT";"48,7706000000";"2,3857600000"
"202100046208";"28";"03";"2021";"19:00";"1";"69";"69199";"1";"1";"1";"3";"FRERES PERRET (DES) (AV)";"45,6863400000";"4,8468600000"
"202100046209";"27";"03";"2021";"12:20";"1";"69";"69259";"2";"6";"1";"3";"DOCTEUR COBLOD (DU)                 (BD)";"45,7015300858";"4,8908847570"
"202100046210";"27";"03";"2021";"14:20";"1";"972";"97213";"1";"1";"1";"1";"ROUTE DEPARTEMENTALE 3";"14,6622100000";" -60,9946500000"
"202100046211";"22";"03";"2021";"19:45";"5";"69";"69382";"2";"1";"1";"2";"DOCTEUR GAILLETON (DU) (Q)";"45,7515100000";"4,8328600000"
"202100046212";"13";"03";"2021";"18:10";"2";"69";"69286";"2";"3";"2";"3";"COMBATTANTS EN AFN 1952-1962 (DES) (AV)";"45,8151400000";"4,8936500000"
"202100046213";"28";"03";"2021";"05:00";"5";"91";"91201";"2";"3";"1";"6";"RUE VICTOR HUGO";"48,6825000000";"2,4177000000"
"202100046214";"27";"03";"2021";"10:55";"1";"91";"91114";"2";"1";"7";"2";"RTE NATIONALE 6";"48,6805900000";"2,4934400000"
"202100046215";"28";"03";"2021";"19:15";"1";"88";"88209";"2";"6";"1";"3";"GERMAIN CREUSE (RUE)";"48,1898100000";"6,4294800000"
"202100046216";"28";"03";"2021";"15:35";"1";"83";"83137";"2";"1";"1";"6";"MARSEILLE (ROUTE DE)";"43,1287390000";"5,8880600000"
"202100046217";"28";"03";"2021";"13:50";"1";"83";"83069";"2";"6";"1";"3";"AGREVE  (AVENUE JEAN)";"43,0819800000";"6,1540200000"
"202100046218";"27";"03";"2021";"17:30";"1";"83";"83069";"2";"1";"1";"6";"CRIVELLI (RUE)";"43,1184109132";"6,1296327480"
"202100046219";"28";"03";"2021";"15:30";"1";"78";"78586";"2";"1";"1";"6";"VAILLANT (EDOUARD)";"48,9405700000";"2,1776800000"
"202100046220";"28";"03";"2021";"13:27";"1";"78";"78440";"2";"3";"1";"6";"MAURICE BELLONTE (ALLEE)";"48,9885300000";"1,9125600000"
"202100046221";"28";"03";"2021";"16:50";"1";"77";"77390";"2";"6";"1";"7";"AV AUGUSTE RENOIR";"48,7947500000";"2,6598400000"
"202100046222";"28";"03";"2021";"16:10";"1";"69";"69256";"2";"2";"1";"3";"SALVADOR ALLENDE (AV)";"45,7807500000";"4,9233600000"
"202100046223";"28";"03";"2021";"16:45";"1";"64";"64545";"1";"3";"1";"1";"CORNICHE (ROUTE DE LA)";"43,3864000000";" -1,7112250000"
"202100046224";"28";"03";"2021";"15:10";"1";"62";"62193";"2";"1";"6";"6";"HENRY HENON (PONT)";"50,9616200000";"1,8476000000"
"202100046225";"26";"03";"2021";"12:00";"1";"62";"62193";"2";"1";"1";"6";"BOURDELLE (RUE A.)";"50,9504020000";"1,8908120000"
"202100046226";"28";"03";"2021";"15:50";"1";"49";"49007";"2";"2";"1";"3";"MEIGNANNE";"47,4816900000";" -0,5757800000"
"202100046227";"27";"03";"2021";"12:50";"1";"35";"35278";"1";"6";"1";"2";"PORTE DE MAUREPAS";"48,1425000000";" -1,6632700000"
"202100046228";"27";"03";"2021";"20:45";"5";"35";"35115";"2";"1";"1";"6";"GROSLAY (BD DE)";"48,3650400000";" -1,1848600000"
"202100046229";"27";"03";"2021";"16:45";"1";"30";"30243";"1";"3";"1";"7";"ANDUZE (VIEILLE ROUTE D')";"44,0857000000";"4,0605800000"
"202100046230";"28";"03";"2021";"20:30";"5";"13";"13210";"2";"1";"1";"2";"VERDILLON (RUE)";"43,2758730000";"5,4231340000"
"202100046231";"28";"03";"2021";"18:50";"1";"13";"13208";"2";"1";"1";"3";"POMEGUES (TRAVERSE DE)";"43,2514431547";"5,3854535708"
"202100046232";"28";"03";"2021";"17:35";"1";"13";"13209";"2";"1";"1";"2";"SAINTE MARGUERITE (BOULEVARD)";"43,2653970000";"5,4088080000"
"202100046233";"28";"03";"2021";"13:40";"1";"13";"13203";"2";"2";"1";"3";"FÃLIX PYAT (RUE)";"43,3207890000";"5,3747290000"
"202100046234";"27";"03";"2021";"20:15";"5";"13";"13204";"2";"1";"1";"3";"MARÃCHAL JUIN (BOULEVARD)";"43,3119100000";"5,4040000000"
"202100046235";"27";"03";"2021";"18:10";"1";"13";"13210";"2";"1";"1";"2";"ANDRE BARDON (rue)";"43,2835950000";"5,4264010000"
"202100046236";"27";"03";"2021";"15:40";"1";"13";"13202";"2";"1";"1";"3";"CAMILLE PELLETAN (AVENUE)";"43,3039300000";"5,3740100000"
"202100046237";"25";"03";"2021";"02:40";"5";"13";"13216";"1";"1";"1";"6";"ROVE (ROUTE DU)";"43,3567800000";"5,2864400000"
"202100046238";"27";"03";"2021";"17:05";"1";"13";"13028";"2";"6";"1";"3";"ROVARCH (AVENUE PIERRE)";"43,1894896748";"5,6286946086"
"202100046239";"28";"03";"2021";"15:45";"1";"13";"13028";"2";"9";"1";"5";"ROOSEVELT (AVENUE FRANKLIN )";"43,1832000000";"5,6162200000"
"202100046240";"28";"03";"2021";"18:15";"1";"02";"02738";"2";"1";"1";"7";"GEORGES CLEMENCEAU";"49,6538500000";"3,2853200000"
"202100046241";"28";"03";"2021";"21:00";"5";"75";"75119";"2";"4";"1";"2";"BOULEVARD PERIPHERIQUE";"48,9002134895";"2,3766555306"
"202100046242";"28";"03";"2021";"20:28";"5";"75";"75119";"2";"2";"1";"7";"AVENUE DE LA PORTE CHAUMONT";"48,8862990000";"2,3963640000"
"202100046243";"28";"03";"2021";"14:40";"1";"75";"75116";"2";"3";"1";"6";"QUAI LOUIS BLERIOT";"48,8407170000";"2,2682390000"
"202100046244";"28";"03";"2021";"17:30";"1";"75";"75115";"2";"3";"1";"7";"BOULEVARD VICTOR";"48,8353990000";"2,2810220000"
"202100046245";"28";"03";"2021";"21:50";"5";"75";"75113";"2";"5";"1";"1";"RUE DE TOLBIAC";"48,8276950000";"2,3713560000"
"202100046246";"28";"03";"2021";"13:25";"1";"75";"75102";"2";"2";"1";"3";"RUE GRENETA";"48,8652230000";"2,3514200000"
"202100046247";"28";"03";"2021";"18:10";"1";"94";"94067";"2";"1";"1";"2";"Avenue du GÃ©nÃ©ral de Gaulle";"48,8378670000";"2,4179700000"
"202100046248";"28";"03";"2021";"15:00";"1";"94";"94078";"2";"1";"1";"3";"Avenue de Choisy";"48,7482880000";"2,4354740000"
"202100046249";"28";"03";"2021";"18:50";"1";"94";"94058";"2";"1";"1";"2";"Rue du Canal";"48,8510959666";"2,5129723549"
"202100046250";"28";"03";"2021";"11:15";"1";"94";"94041";"2";"1";"1";"6";"Rue AmÃ©dÃ©e Huon";"48,8039200000";"2,3843200000"
"202100046251";"28";"03";"2021";"18:30";"1";"94";"94034";"2";"2";"7";"3";"Avenue de la Cerisaie";"48,7537930000";"2,3263450000"
"202100046252";"28";"03";"2021";"11:00";"1";"94";"94018";"2";"1";"1";"7";"ILE MARTINET";"48,8194900000";"2,4041300000"
"202100046253";"27";"03";"2021";"13:20";"1";"93";"93006";"2";"9";"1";"6";"GALLIENI  AV.";"48,8603800000";"2,4154300000"
"202100046254";"28";"03";"2021";"19:25";"1";"93";"93031";"2";"1";"1";"6";"GALLIENI (AVENUE)";"48,9654000000";"2,3001200000"
"202100046255";"28";"03";"2021";"09:07";"1";"93";"93031";"2";"1";"1";"2";"HUIT MAI 1945 (RUE DU)";"48,9550145018";"2,3013973981"
"202100046256";"28";"03";"2021";"07:17";"2";"92";"92062";"2";"6";"1";"3";"BERGERES (RD-PT DES) DU 111 AU 115";"48,8852200000";"2,2263100000"
"202100046257";"28";"03";"2021";"18:15";"1";"39";"39129";"1";"1";"1";"3";"N/A";"46,6633060000";"5,9469410000"
"202100046258";"28";"03";"2021";"19:00";"2";"47";"47145";"1";"1";"7";"6";"Belloc";"44,1334350000";"0,6717700000"
"202100046259";"29";"03";"2021";"13:50";"1";"08";"08053";"2";"1";"7";"1";"31 Rue Henri Dunant";"49,6763070000";"4,9890430000"
"202100046260";"27";"03";"2021";"11:30";"1";"972";"97231";"2";"1";"1";"6";"Av de l'Imperatrice Josephine";"14,5377530000";" -61,0342130000"
"202100046261";"28";"03";"2021";"16:50";"1";"84";"84037";"1";"1";"1";"6";"Ancien Chemin de Caderousse Ã  Avignon";"44,0525920000";"4,8046360000"
"202100046262";"28";"03";"2021";"17:50";"1";"34";"34114";"1";"1";"1";"2";"A750";"43,6410030000";"3,5718270000"
"202100046263";"27";"03";"2021";"09:45";"1";"69";"69133";"2";"1";"1";"1";"19 MARS 1962 (DU) (R)";"45,6369120118";"4,7810462654"
"202100046264";"28";"03";"2021";"16:20";"1";"19";"19017";"1";"1";"1";"7";"Route de l'Auvergnassou";"45,0123320476";"1,8763649034"
"202100046265";"29";"03";"2021";"18:25";"1";"56";"56122";"1";"1";"1";"1";"Le Bas des GrÃ©es";"47,9986310000";" -2,3838130000"
"202100046266";"26";"03";"2021";"21:15";"3";"56";"56206";"1";"1";"1";"1";"Le Poteau D767";"47,7020650000";" -2,7671380000"
"202100046267";"28";"03";"2021";"17:10";"1";"65";"65025";"2";"1";"1";"2";"70 Avenue Robert Coll";"43,0051890000";" -0,0839370000"
"202100046268";"28";"03";"2021";"18:55";"1";"65";"65002";"1";"3";"1";"1";"N21";"43,1587840000";" -0,0174670000"
"202100046269";"28";"03";"2021";"17:00";"1";"33";"33423";"1";"1";"1";"7";"Allee Ronald Barton";"45,1549540000";" -0,7451020000"
"202100046270";"29";"03";"2021";"04:45";"3";"89";"89151";"1";"1";"1";"7";"Pont Pourri";"48,1183838444";"3,1523060869"
"202100046271";"28";"03";"2021";"23:31";"5";"29";"29189";"1";"1";"1";"7";"Fiiliger (ArrÃªt de bus)";"48,3755660000";" -4,3800200000"
"202100046272";"28";"03";"2021";"18:05";"1";"44";"44158";"1";"1";"1";"6";"La Lande Cognue";"47,2616920000";" -1,7616430000"
"202100046273";"27";"03";"2021";"15:50";"1";"44";"44158";"1";"1";"1";"1";"La Censive";"47,2859118292";" -1,8118033904"
"202100046274";"28";"03";"2021";"16:15";"1";"31";"31311";"2";"1";"1";"6";"19 Route des Vins";"43,8130450000";"1,5399220000"
"202100046275";"28";"03";"2021";"16:45";"1";"02";"02032";"1";"1";"1";"7";"Rue d'Haubenizel";"49,7782190000";"3,1189210000"
"202100046276";"27";"03";"2021";"02:00";"3";"03";"03313";"1";"1";"1";"6";"Route de CÃ©rilly";"46,5804570000";"2,8006120000"
"202100046277";"28";"03";"2021";"16:40";"1";"15";"15108";"1";"3";"7";"2";"La Baraque Neuve (Saint-Just)";"44,8986410000";"3,2268960000"
"202100046278";"12";"03";"2021";"22:30";"3";"50";"50490";"1";"2";"1";"3";"Chemin de Coutances";"49,3607320000";" -1,7434710000"
"202100046279";"27";"03";"2021";"10:30";"1";"50";"50260";"1";"1";"7";"2";"7 Route du Moulin (Bellefontaine)";"48,6872140000";" -0,9803960000"
"202100046280";"29";"03";"2021";"13:45";"1";"83";"83045";"1";"1";"1";"6";"D554";"43,4698490000";"6,0534020000"
"202100046281";"29";"03";"2021";"10:15";"1";"60";"60287";"1";"1";"1";"6";"D130";"49,6131450000";"3,0696120000"
"202100046282";"29";"03";"2021";"08:30";"1";"45";"45095";"2";"1";"1";"6";"42 grande rue";"48,0710250000";"2,1335690000"
"202100046283";"29";"03";"2021";"02:45";"3";"64";"64362";"1";"1";"1";"7";"CD 14";"43,3391870000";" -1,0689140000"
"202100046284";"29";"03";"2021";"10:30";"1";"64";"64153";"1";"3";"1";"3";"RD 104";"43,5130940000";" -0,1944010000"
"202100046285";"27";"03";"2021";"19:30";"3";"18";"18081";"1";"1";"1";"6";"D66";"46,9927820000";"2,5795560000"
"202100046286";"28";"03";"2021";"14:50";"1";"07";"07291";"1";"1";"1";"4";"CD 4 - Lieu-dit Le Laval";"44,4008760000";"4,4762170000"
"202100046287";"29";"03";"2021";"08:30";"1";"23";"23114";"1";"1";"1";"7";"Rierette";"46,1755210000";"2,3738400000"
"202100046288";"28";"03";"2021";"04:00";"3";"37";"37023";"1";"1";"1";"6";"bois de beaumont";"47,1712800440";"1,2054414405"
"202100046289";"28";"03";"2021";"18:30";"1";"08";"08284";"1";"1";"1";"7";"D988";"49,9148390000";"4,6478610000"
"202100046290";"26";"03";"2021";"19:30";"2";"33";"33002";"1";"2";"1";"3";"DÃ©partementale 9";"44,5126619807";" -0,0518819690"
"202100046291";"28";"03";"2021";"18:40";"1";"95";"95256";"2";"1";"1";"6";"4 Avenue Eugene Freyssinet";"49,0482100000";"2,1928770000"
"202100046292";"28";"03";"2021";"17:40";"1";"24";"24454";"1";"1";"1";"6";"Les Taules";"44,9748170000";"0,1232740000"
"202100046293";"28";"03";"2021";"00:30";"3";"30";"30347";"1";"2";"1";"6";"D135";"43,7312670000";"4,2729520000"
"202100046294";"27";"03";"2021";"08:25";"1";"74";"74143";"1";"1";"2";"6";"RN 205";"45,8989390000";"6,7834350000"
"202100046295";"28";"03";"2021";"16:30";"1";"06";"06088";"1";"1";"1";"3";"A8, PK 189.400 chaussÃ©e nord";"43,7005200000";"7,1882560000"
"202100046296";"28";"03";"2021";"04:50";"3";"34";"34022";"1";"1";"1";"6";"A9";"43,6610730000";"4,0011910000"
"202100046297";"28";"03";"2021";"12:00";"1";"974";"97422";"2";"1";"1";"2";"26 Rue Albert FrÃ©javille";" -21,2837860000";"55,5092210000"
"202100046298";"25";"03";"2021";"11:55";"1";"971";"97125";"2";"1";"1";"3";"Rue Martin Luther King";"16,2578050000";" -61,2724100000"
"202100046299";"28";"03";"2021";"20:20";"3";"77";"77248";"1";"4";"1";"6";"D89";"48,9283150000";"2,7996440000"
"202100046300";"29";"03";"2021";"10:00";"1";"77";"77339";"1";"2";"1";"3";"route dÃ©partmentale 16";"48,3784310000";"2,4997540000"
"202100046301";"28";"03";"2021";"14:00";"1";"95";"95627";"1";"1";"1";"3";"Route dÃ©partementale 64";"49,1399555446";"2,0964854737"
"202100046302";"28";"03";"2021";"12:00";"1";"66";"66008";"2";"4";"1";"3";"18 Route d'Elne";"42,5511613010";"3,0174118947"
"202100046303";"29";"03";"2021";"09:30";"1";"34";"34143";"1";"1";"1";"3";"MÃ¨ze";"43,4400170000";"3,6261410000"
"202100046304";"29";"03";"2021";"17:00";"1";"13";"13022";"1";"1";"1";"1";"Route Nationale 559a";"43,2276940000";"5,5861830000"
"202100046305";"28";"03";"2021";"15:50";"1";"13";"13022";"1";"1";"1";"5";"D559";"43,2150130000";"5,5801110000"
"202100046306";"13";"03";"2021";"15:00";"1";"13";"13022";"1";"3";"1";"3";"route dÃ©partementale 559A";"43,2241610000";"5,5830500000"
"202100046307";"29";"03";"2021";"10:15";"1";"13";"13100";"2";"1";"1";"4";"Avenue du 19 Mars 1962";"43,7931810000";"4,8309590000"
"202100046308";"26";"03";"2021";"15:55";"1";"70";"70026";"2";"4";"1";"3";"Avenue Jean-jaurÃ¨s";"47,4621390000";"5,5839570000"
"202100046309";"28";"03";"2021";"17:05";"1";"68";"68211";"2";"1";"1";"3";"33 Rue Principale";"47,8719600000";"7,0064260000"
"202100046310";"27";"03";"2021";"15:15";"1";"38";"38468";"1";"2";"7";"3";"Rue de Gampaloud";"45,3305490000";"4,8258980000"
"202100046311";"27";"03";"2021";"13:40";"1";"69";"69204";"2";"3";"1";"3";"MARECHAL FOCH (AV)";"45,6878417711";"4,7868265856"
"202100046312";"28";"03";"2021";"17:00";"1";"65";"65320";"2";"2";"1";"1";"Rue du Montaigu";"43,1209730000";"0,1061300000"
"202100046313";"29";"03";"2021";"15:20";"1";"40";"40123";"1";"1";"1";"7";"Avenue Hosseleyre";"43,7970880000";" -1,1372140000"
"202100046314";"27";"03";"2021";"14:20";"1";"85";"85112";"1";"1";"1";"1";"D32";"46,5863040000";" -1,7620560000"
"202100046315";"11";"03";"2021";"06:20";"3";"44";"44047";"2";"1";"3";"2";"177 Boulevard de la LibÃ©ration";"47,2138880000";" -1,6988250000"
"202100046316";"28";"03";"2021";"17:50";"1";"35";"35332";"2";"1";"1";"2";"14 Rue de la Chenais Avril";"47,8109450000";" -1,5444840000"
"202100046317";"28";"03";"2021";"18:24";"1";"13";"13033";"1";"1";"1";"1";"A55-Sens Martigues vers Marseille";"43,3800000000";"5,2081900000"
"202100046318";"28";"03";"2021";"16:15";"1";"13";"13026";"1";"1";"1";"2";"A55-Sens Marseille vers Martigues";"43,3739300000";"5,1813100000"
"202100046319";"27";"03";"2021";"19:55";"5";"13";"13215";"1";"1";"1";"6";"A7-Sens Marseille vers Lyon";"43,3754402615";"5,3606404859"
"202100046320";"23";"03";"2021";"18:05";"1";"13";"13071";"1";"1";"1";"3";"A7-Sens Lyon vers Marseille";"43,4060700000";"5,3232400000"
"202100046321";"28";"03";"2021";"07:10";"2";"69";"69250";"1";"1";"1";"2";"A89";"45,8201900000";"4,7210460000"
"202100046322";"26";"03";"2021";"16:25";"1";"67";"67482";"1";"1";"1";"4";"M351";"48,5866400000";"7,7167700000"
"202100046323";"26";"03";"2021";"16:00";"1";"67";"67482";"1";"1";"1";"4";"M35";"48,5764100000";"7,7275400000"
"202100046324";"28";"03";"2021";"08:15";"1";"33";"33249";"1";"1";"1";"6";"Rocade Rive Droite A630";"44,8720730000";" -0,5057570000"
"202100046325";"28";"03";"2021";"09:00";"1";"92";"92064";"1";"1";"1";"7";"A13";"48,8397194355";"2,2195396940"
"202100046326";"28";"03";"2021";"19:10";"2";"93";"93066";"1";"1";"9";"5";"AUTOROUTE A1";"48,9039600000";"2,3587800000"
"202100046327";"27";"03";"2021";"23:40";"3";"95";"95252";"1";"1";"1";"2";"A15";"48,9864156095";"2,2106112080"
"202100046328";"27";"03";"2021";"19:10";"1";"95";"95424";"1";"1";"1";"2";" A15";"48,9907600000";"2,1937600000"
"202100046329";"27";"03";"2021";"18:30";"5";"974";"97411";"1";"1";"2";"7";"JAURES (BOULEVARD JEAN)";" -20,8899100000";"55,4631300000"
"202100046330";"26";"03";"2021";"06:55";"1";"973";"97302";"2";"9";"1";"3";"CABASSOU (ROUTE DE)";"4,9192500000";" -52,3175500000"
"202100046331";"24";"03";"2021";"19:25";"5";"69";"69387";"2";"2";"1";"7";"MARSEILLE (DE) (R)";"45,7476400000";"4,8373500000"
"202100046332";"27";"03";"2021";"01:40";"5";"69";"69387";"2";"2";"2";"3";"BERTHELOT                           (AV)";"45,7434800000";"4,8472500000"
"202100046333";"27";"03";"2021";"04:15";"5";"69";"69034";"2";"1";"1";"7";"NOBERTO GOMES MOREIRA (CHM)";"45,7882800000";"4,8641800000"
"202100046334";"24";"02";"2021";"19:15";"5";"69";"69389";"2";"1";"1";"3";"SAINT CYR (DE) (R)";"45,7823200000";"4,8071700000"
"202100046335";"27";"03";"2021";"15:00";"1";"95";"95424";"2";"4";"8";"6";"GRANDE RUE";"48,9875842614";"2,1897749042"
"202100046336";"27";"03";"2021";"00:35";"5";"95";"95582";"2";"6";"2";"6";"RD 14";"48,9673200000";"2,2733550000"
"202100046337";"27";"03";"2021";"16:30";"1";"91";"91097";"2";"1";"1";"3";"RUE GEORGES COUBARD";"48,6949360000";"2,5361730000"
"202100046338";"27";"03";"2021";"03:00";"5";"85";"85191";"2";"1";"1";"6";"GUTEMBERG RUE (SECTEUR 311)";"46,6838700000";" -1,4299000000"
"202100046339";"27";"03";"2021";"08:25";"1";"81";"81060";"2";"1";"1";"1";"Avenue Albert Thomas";"44,0451100000";"2,1581500000"
"202100046340";"27";"03";"2021";"12:50";"1";"78";"78440";"2";"3";"1";"3";"CROIX VERTE (RUE DE LA)";"48,9879500000";"1,9254400000"
"202100046341";"22";"03";"2021";"14:00";"1";"78";"78384";"1";"6";"1";"7";"RD154";"48,9588100000";"1,9796300000"
"202100046342";"27";"03";"2021";"22:50";"5";"76";"76540";"2";"1";"1";"7";"CHASTELLAIN. AVENUE JACQUES";"49,4357400000";"1,0956100000"
"202100046343";"1";"03";"2021";"11:15";"1";"74";"74012";"2";"1";"1";"2";"INDUSTRIE (RUE DE L')";"46,1932500000";"6,2341500000"
"202100046344";"27";"03";"2021";"19:15";"5";"69";"69266";"2";"1";"1";"2";"LUXEMBOURG (DU) (R)";"45,7494500000";"4,9144000000"
"202100046345";"26";"03";"2021";"17:03";"1";"65";"65226";"1";"1";"1";"4";"RN21";"43,2232380000";"0,0327660000"
"202100046346";"26";"03";"2021";"18:50";"1";"65";"65047";"2";"2";"1";"3";"NOVEMBRE (RUE DU XI)";"43,2501700000";"0,0895700000"
"202100046347";"27";"03";"2021";"18:15";"1";"64";"64483";"2";"1";"1";"2";"LARREA DOMINIQUE (RUE)";"43,3995320000";" -1,6390900000"
"202100046348";"27";"03";"2021";"16:15";"1";"64";"64445";"2";"2";"1";"3";"GASTON PHOEBUS";"43,3022500000";" -0,3776700000"
"202100046349";"27";"03";"2021";"14:30";"1";"64";"64024";"2";"1";"1";"3";"rue de pichot";"43,4645317131";" -1,5336455405"
"202100046350";"27";"03";"2021";"15:50";"1";"59";"59352";"1";"1";"1";"3";"VISCOURT (RUE)";"50,7388300000";"3,1014200000"
"202100046351";"27";"03";"2021";"14:50";"1";"56";"56260";"2";"6";"1";"2";"LUSCANEN (GIRATOIRE DE)";"47,6612100000";" -2,7945800000"
"202100046352";"27";"03";"2021";"13:15";"1";"47";"47031";"2";"3";"1";"3";"AllÃ©e Larroumet et Lagarde";"44,1790000000";"0,6220000000"
"202100046353";"27";"03";"2021";"19:40";"5";"37";"37214";"2";"3";"1";"6";"DE GAULLE (BD CHARLES)";"47,4145240123";"0,6699064790"
"202100046354";"27";"03";"2021";"14:25";"1";"37";"37261";"2";"1";"1";"2";"D976 - Route de St Avertin";"47,3650490392";"0,7107601532"
"202100046355";"26";"03";"2021";"09:45";"1";"15";"15014";"2";"1";"1";"7";"Boulevard du Pavatou";"44,9324000000";"2,4494000000"
"202100046356";"27";"03";"2021";"20:00";"5";"13";"13210";"2";"1";"1";"3";"MIREILLE LAUZE (BOULEVARD)";"43,2848786764";"5,4213694753"
"202100046357";"27";"03";"2021";"12:10";"1";"13";"13213";"2";"1";"1";"3";"POILUS (AVENUE DES)";"43,3225796938";"5,4559645672"
"202100046358";"27";"03";"2021";"10:50";"1";"13";"13209";"2";"1";"1";"3";"ROMAIN ROLLAND (BOULEVARD)";"43,2688796990";"5,4041480954"
"202100046359";"26";"03";"2021";"21:29";"5";"13";"13206";"2";"2";"1";"3";"PRADO (AVENUE DU)";"43,2839500000";"5,3845200000"
"202100046360";"26";"03";"2021";"16:20";"1";"06";"06069";"2";"3";"1";"3";"PAGNOL (BOULEVARD MARCEL)";"43,6451900000";"6,9413400000"
"202100046361";"27";"03";"2021";"21:10";"5";"06";"06123";"2";"1";"1";"6";"GARE ROUTE DE LA";"43,6620370000";"7,1939360000"
"202100046362";"26";"03";"2021";"08:15";"1";"02";"02738";"2";"1";"1";"2";"32EME R.I (BOULEVARD)";"49,6459000000";"3,2889000000"
"202100046363";"27";"03";"2021";"12:45";"1";"75";"75114";"2";"4";"1";"3";"BOULEVARD PERIPHERIQUE EXTERIEUR SUD";"48,8246640194";"2,3046140542"
"202100046364";"26";"03";"2021";"14:45";"1";"75";"75105";"2";"2";"1";"3";"PLACE PAUL PAINLEVE";"48,8502770000";"2,3445500000"
"202100046365";"25";"03";"2021";"20:30";"5";"75";"75111";"2";"1";"1";"2";"BOULEVARD BEAUMARCHAIS";"48,8579192999";"2,3679874976"
"202100046366";"26";"03";"2021";"22:10";"5";"75";"75106";"2";"7";"2";"7";"PLACE EDMOND ROSTAND";"48,8475085923";"2,3404399505"
"202100046367";"27";"03";"2021";"16:37";"1";"75";"75120";"2";"4";"1";"5";"RUE DU CAPITAINE TARRON";"48,8653880000";"2,4087100000"
"202100046368";"25";"03";"2021";"13:25";"1";"75";"75120";"2";"3";"1";"7";"BOULEVARD DE CHARONNE";"48,8498020000";"2,3991370000"
"202100046369";"27";"03";"2021";"19:15";"5";"75";"75119";"2";"5";"1";"7";"RUE BOTZARIS";"48,8759848782";"2,3813301025"
"202100046370";"27";"03";"2021";"14:15";"1";"75";"75119";"2";"1";"1";"3";"RUE DE CRIMEE";"48,8910790000";"2,3762850000"