"Num_Acc";"jour";"mois";"an";"hrmn";"lum";"dep";"com";"agg";"int";"atm";"col";"adr";"lat";"long"
"202100046559";"19";"01";"2021";"16:10";"1";"13";"13204";"2";"1";"1";"6";"ALEX. FLEMING (BOULEVARD)";"43,3142420023";"5,4061907530"
"202100046560";"24";"03";"2021";"17:35";"2";"976";"97611";"2";"6";"1";"1";"passamanty-VahibÃ© ( route )";" -12,8009700000";"45,2060700000"
"202100046561";"23";"03";"2021";"08:45";"1";"974";"97416";"1";"1";"7";"3";"ANCIENNE RN 1";" -21,3166400000";"55,4421100000"
"202100046562";"17";"02";"2021";"18:25";"2";"973";"97302";"1";"1";"1";"3";"ROUTE NATIONALE 1";"4,8993100000";" -52,3265300000"
"202100046563";"25";"03";"2021";"14:15";"1";"973";"97302";"2";"1";"1";"3";"CALIMBE(LOTISSEMENT)";"4,9188200000";" -52,3145000000"
"202100046564";"25";"03";"2021";"18:10";"1";"69";"69259";"2";"1";"1";"2";"ARISTIDE BRUANT (R)";"45,6964700000";"4,8701800000"
"202100046565";"25";"03";"2021";"07:40";"2";"69";"69383";"2";"1";"1";"6";"AMIRAL COURBET (DE L') (R)";"45,7507697196";"4,8810478449"
"202100046566";"25";"03";"2021";"06:50";"1";"972";"97213";"1";"1";"1";"6";"BOIS D'INDE (CITE)";"14,6264300000";" -61,0134000000"
"202100046567";"25";"03";"2021";"10:45";"1";"972";"97209";"2";"1";"1";"4";"RAVINE VILAINE (CHEMIN DEPARTEMENTAL DE)";"14,6322266762";" -61,0597229013"
"202100046568";"25";"03";"2021";"18:30";"1";"69";"69381";"2";"9";"1";"1";"MARTINIERE (DE LA) (R)";"45,7681600000";"4,8317700000"
"202100046569";"25";"03";"2021";"03:10";"3";"69";"69244";"2";"1";"1";"7";"M6";"45,7720679819";"4,7902965546"
"202100046570";"17";"03";"2021";"17:40";"1";"2A";"2A004";"2";"1";"1";"3";"MADAME MERE BD";"41,9138300000";"8,7251400000"
"202100046571";"1";"03";"2021";"08:35";"1";"95";"95427";"2";"1";"1";"6";"SABLONS (RUE DES)";"48,9584700000";"2,3331520000"
"202100046572";"24";"03";"2021";"08:20";"1";"91";"91433";"1";"1";"1";"2";"R.D. 20";"48,4613600000";"2,1791100000"
"202100046573";"25";"03";"2021";"16:15";"1";"90";"90076";"1";"1";"1";"1";"MARONNIERS (RUE DES)";"47,6330100000";"6,9020900000"
"202100046574";"25";"03";"2021";"10:15";"1";"87";"87085";"2";"3";"2";"3";"SAINTE ANNE (RUE DE)";"45,8175800000";"1,2742800000"
"202100046575";"23";"03";"2021";"15:13";"1";"87";"87048";"2";"1";"1";"2";"REPUBLIQUE (RUE DE LA)";"45,7922400000";"1,2339600000"
"202100046576";"21";"03";"2021";"19:32";"2";"84";"84087";"1";"9";"1";"1";"PALUD (CHEMIN)";"44,1201200000";"4,8454600000"
"202100046577";"24";"03";"2021";"08:30";"1";"81";"81004";"2";"6";"1";"6";"LUDE (BD ET ALLEE DU)";"43,9218200000";"2,1492800000"
"202100046578";"23";"03";"2021";"16:15";"1";"80";"80021";"2";"1";"1";"6";"SAINT GERMAIN (RUE)";"49,8962977265";"2,2962605953"
"202100046579";"23";"03";"2021";"11:45";"1";"80";"80021";"1";"1";"1";"2";"SAINT LEU (RUE)";"49,8971823554";"2,3006916046"
"202100046580";"23";"03";"2021";"09:30";"1";"80";"80021";"2";"1";"1";"3";"ROUEN (RUE DE)";"49,8871500000";"2,2834100000"
"202100046581";"23";"03";"2021";"08:15";"1";"80";"80021";"2";"1";"1";"3";"ABBEVILLE (RUE D')";"49,9078200000";"2,2650500000"
"202100046582";"23";"03";"2021";"07:40";"1";"80";"80021";"2";"1";"1";"6";"GENERAL LECLERC (RUE DU )";"49,8977094699";"2,2953646126"
"202100046583";"24";"03";"2021";"16:40";"1";"78";"78015";"2";"1";"1";"6";"MARC (BD NOEL)";"48,9821030000";"2,0615410000"
"202100046584";"24";"03";"2021";"15:55";"1";"77";"77350";"2";"1";"1";"6";"RUE FRANCOIS DE TESSAN";"48,7584130000";"2,7004370000"
"202100046585";"24";"03";"2021";"09:05";"1";"74";"74012";"2";"1";"1";"2";"MERMOZ RUE JEAN)";"46,1955700000";"6,2515400000"
"202100046586";"24";"03";"2021";"13:00";"1";"73";"73065";"2";"3";"1";"3";"Rue Dijoud / D201";"45,5663850000";"5,9379980000"
"202100046587";"25";"03";"2021";"18:00";"1";"69";"69266";"2";"1";"1";"4";"4 AOUT 1789 (DU) (R)";"45,7684400000";"4,9053000000"
"202100046588";"23";"03";"2021";"12:39";"1";"69";"69115";"2";"6";"1";"3";"ECOSSAIS (DE L') (R)";"45,9790400000";"4,7303200000"
"202100046589";"24";"03";"2021";"10:50";"1";"67";"67218";"2";"1";"1";"3";"INDUSTRIE (RUE DE L )";"48,5361800000";"7,7324000000"
"202100046590";"25";"03";"2021";"17:16";"1";"65";"65440";"2";"3";"1";"3";"DALEAS (RUE)";"43,2256690000";"0,0822630000"
"202100046591";"25";"03";"2021";"17:50";"1";"64";"64445";"2";"2";"1";"3";"EMILE GARET";"43,3009100000";" -0,3617400000"
"202100046592";"25";"03";"2021";"17:40";"1";"64";"64445";"2";"2";"1";"3";"JEAN MERMOZ";"43,3208300000";" -0,3790600000"
"202100046593";"25";"03";"2021";"08:00";"1";"64";"64102";"2";"1";"1";"2";"SAINT BERNARD (CHEMIN DE)";"43,5026400000";" -1,4839500000"
"202100046594";"16";"03";"2021";"21:00";"5";"62";"62498";"2";"2";"6";"3";"SAINT THEODORE (R )";"50,4273260000";"2,8150370000"
"202100046595";"23";"03";"2021";"18:20";"1";"62";"62119";"2";"6";"1";"3";"BRUAY ( AVENUE DE )";"50,5229800000";"2,6275780000"
"202100046596";"24";"03";"2021";"12:14";"1";"59";"59291";"2";"1";"1";"3";"MARECHAL FOCH (AVENUE DU)";"50,2545620000";"3,9079260000"
"202100046597";"25";"03";"2021";"07:50";"1";"50";"50147";"2";"1";"1";"3";"SAINT MALO";"49,0516400000";" -1,4524900000"
"202100046598";"24";"03";"2021";"12:15";"1";"50";"50129";"2";"3";"1";"3";"Robert LECOUVEY";"49,6306200000";" -1,6042400000"
"202100046599";"24";"03";"2021";"08:00";"1";"49";"49007";"2";"1";"1";"6";"SCHUMANN BOULEVARD";"47,4893900000";" -0,5269100000"
"202100046600";"24";"03";"2021";"08:55";"1";"47";"47323";"2";"1";"1";"6";"GABEL(RUE DE )";"44,4100000000";"0,7130000000"
"202100046601";"25";"03";"2021";"17:30";"1";"45";"45232";"2";"1";"1";"6";"Rue Flandres Dunkerque";"47,8397080000";"1,9136420000"
"202100046602";"23";"03";"2021";"18:00";"1";"44";"44184";"2";"1";"1";"6";"COUBERTIN (AVENUE PIERRE DE)";"47,2705270000";" -2,2332140000"
"202100046603";"25";"03";"2021";"15:35";"1";"42";"42237";"1";"1";"1";"6";"Lieu dit les Barraques";"45,4458340764";"4,4655157984"
"202100046604";"28";"01";"2021";"07:35";"3";"42";"42305";"2";"1";"1";"5";"Boulevard Georges Pompidou";"45,4680116132";"4,4119519852"
"202100046605";"27";"01";"2021";"12:40";"1";"42";"42218";"2";"1";"1";"6";"Rue Jean Parot";"45,4294959078";"4,4229336865"
"202100046606";"25";"03";"2021";"11:41";"1";"38";"38421";"2";"2";"1";"3";"Avenue Benoit Frachon";"45,1790000000";"5,7553200000"
"202100046607";"25";"03";"2021";"07:20";"2";"38";"38185";"2";"2";"1";"3";"Cours de la LibÃ©ration";"45,1802100000";"5,7167200000"
"202100046608";"24";"03";"2021";"21:10";"5";"34";"34198";"2";"1";"1";"6";"KOENING (AVENUE MARECHAL)";"43,5583866152";"3,9549436096"
"202100046609";"25";"03";"2021";"15:00";"1";"33";"33550";"2";"1";"1";"4";"Route de Toulouse";"44,7795341940";" -0,5661924948"
"202100046610";"25";"03";"2021";"12:40";"1";"33";"33550";"2";"1";"2";"2";"Rue Pablo Neruda";"44,7858900000";" -0,5814500000"
"202100046611";"24";"03";"2021";"13:10";"1";"33";"33063";"2";"7";"1";"1";"Rue MarÃ©chal Joffre";"44,8352000000";" -0,5787900000"
"202100046612";"25";"03";"2021";"17:30";"1";"31";"31555";"2";"1";"1";"3";"FAUBOURG BONNEFOY (RUE DU) DU 1AU 231";"43,6178800000";"1,4553400000"
"202100046613";"24";"03";"2021";"20:21";"5";"29";"29019";"2";"2";"2";"3";"Boulevard LÃ©on Blum";"48,4073900000";" -4,4850700000"
"202100046614";"23";"03";"2021";"17:45";"1";"29";"29019";"2";"3";"1";"6";"Rue Pierre Loti";"48,3824500000";" -4,5043000000"
"202100046615";"24";"03";"2021";"17:05";"1";"27";"27681";"2";"3";"1";"6";"SAINT MARCEL (RUE DE)";"49,0887602155";"1,4662368453"
"202100046616";"24";"03";"2021";"09:05";"1";"27";"27299";"2";"3";"1";"3";"BRIAND (AVENUE ARISTIDE)";"49,0504000000";"1,1646000000"
"202100046617";"25";"03";"2021";"17:49";"1";"17";"17300";"2";"3";"1";"3";"VERDUN   PLACE DE";"46,1618660000";" -1,1535190000"
"202100046618";"24";"03";"2021";"08:50";"1";"14";"14101";"2";"1";"1";"6";"N814";"49,1668100000";" -0,4289200000"
"202100046619";"25";"03";"2021";"21:05";"5";"13";"13215";"2";"3";"1";"3";"SAINT ANTOINE (AVENUE DE)";"43,3832800000";"5,3583800000"
"202100046620";"25";"03";"2021";"12:30";"1";"13";"13208";"2";"1";"1";"3";"LOUIS REGE (RUE)";"43,2814825216";"5,3909521518"
"202100046621";"25";"03";"2021";"09:45";"1";"13";"13211";"2";"3";"1";"3";"AUDIENCE (RUE DE L')";"43,2963383281";"5,4859979817"
"202100046622";"24";"03";"2021";"09:30";"1";"13";"13002";"1";"1";"1";"1";"DES TERMES (ROUTE) RD 908";"43,3846154485";"5,5531306125"
"202100046623";"24";"03";"2021";"17:05";"1";"10";"10357";"2";"2";"1";"3";"GENERAL DE GAULLE (RUE DU)";"48,2976400000";"4,1324000000"
"202100046624";"24";"03";"2021";"16:50";"1";"10";"10333";"2";"1";"1";"6";"CROIX ROUGE (RUE DE LA )";"48,2740300000";"4,0583600000"
"202100046625";"25";"03";"2021";"18:15";"1";"09";"09225";"2";"1";"1";"2";"TOULOUSE AVENUE DE";"43,1201600000";"1,6111500000"
"202100046626";"25";"03";"2021";"12:20";"1";"07";"07281";"2";"1";"1";"2";"GROSS-UMSTADT (AVENUE DE)";"44,9440400000";"4,8573200000"
"202100046627";"25";"03";"2021";"17:40";"1";"06";"06088";"2";"1";"1";"7";"CARLONE (BD)";"43,6938260000";"7,2389890000"
"202100046628";"25";"03";"2021";"10:50";"1";"06";"06088";"2";"1";"1";"2";"FLIREY (AV. DE)";"43,7211200000";"7,2753190000"
"202100046629";"25";"03";"2021";"12:15";"1";"75";"75115";"2";"1";"1";"4";"BOULEVARD PERIPHERIQUE";"48,8353160000";"2,2694900000"
"202100046630";"24";"03";"2021";"18:00";"1";"75";"75112";"2";"1";"1";"2";"PORT DE BERCY";"48,8271410000";"2,3910300000"
"202100046631";"23";"03";"2021";"08:05";"1";"75";"75115";"2";"1";"1";"2";"BOULEVARD PERIPHERIQUE EXTERIEUR SUD";"48,8347620000";"2,2654180000"
"202100046632";"24";"03";"2021";"12:54";"1";"75";"75111";"2";"1";"1";"3";"BOULEVARD VOLTAIRE";"48,8537000000";"2,3869870000"
"202100046633";"25";"03";"2021";"20:30";"5";"75";"75120";"2";"2";"1";"3";"RUE BELGRAND";"48,8646830000";"2,4041540000"
"202100046634";"25";"03";"2021";"10:10";"1";"75";"75120";"2";"1";"2";"5";"AVENUE GAMBETTA";"48,8631680000";"2,3885670000"
"202100046635";"25";"03";"2021";"19:15";"3";"75";"75119";"2";"4";"1";"6";"RUE GEORGES AURIC";"48,8849240000";"2,3862050000"
"202100046636";"24";"03";"2021";"21:10";"5";"75";"75119";"2";"2";"1";"3";"AVENUE JEAN JAURES";"48,8859230000";"2,3822060000"
"202100046637";"25";"03";"2021";"08:30";"1";"75";"75116";"2";"2";"2";"3";"AVENUE FOCH";"48,8726870000";"2,2845570000"
"202100046638";"25";"03";"2021";"07:55";"2";"75";"75115";"2";"2";"2";"7";"RUE DE VAUGIRARD";"48,8428740000";"2,3123790000"
"202100046639";"25";"03";"2021";"13:00";"1";"75";"75114";"2";"4";"1";"2";"AVENUE DU MAINE";"48,8291060000";"2,3263520000"
"202100046640";"25";"03";"2021";"11:35";"1";"75";"75113";"2";"1";"2";"6";"RUE DU CHATEAU DES RENTIERS";"48,8311420000";"2,3609860000"
"202100046641";"25";"03";"2021";"14:48";"1";"75";"75111";"2";"4";"1";"3";"AVENUE DE LA REPUBLIQUE";"48,8664800000";"2,3681460000"
"202100046642";"25";"03";"2021";"10:25";"1";"75";"75111";"2";"1";"8";"6";"BOULEVARD VOLTAIRE";"48,8540930000";"2,3863320000"
"202100046643";"24";"03";"2021";"20:40";"5";"75";"75111";"2";"2";"1";"2";"BOULEVARD BEAUMARCHAIS";"48,8558040000";"2,3684920000"
"202100046644";"25";"03";"2021";"18:00";"1";"75";"75110";"2";"1";"1";"6";"RUE EUGENE VARLIN";"48,8788100000";"2,3637980000"
"202100046645";"25";"03";"2021";"09:00";"1";"75";"75110";"2";"1";"2";"3";"RUE DES VINAIGRIERS";"48,8731560000";"2,3621900000"
"202100046646";"25";"03";"2021";"08:45";"1";"75";"75110";"2";"1";"2";"3";"RUE DU FAUBOURG DU TEMPLE";"48,8717970000";"2,3762470000"
"202100046647";"25";"03";"2021";"16:00";"1";"75";"75109";"2";"3";"1";"3";"RUE LA BRUYERE";"48,8797250000";"2,3328060000"
"202100046648";"25";"03";"2021";"16:00";"1";"75";"75104";"2";"3";"1";"3";"RUE SAINT ANTOINE";"48,8539480000";"2,3647290000"
"202100046649";"24";"03";"2021";"17:00";"1";"94";"94068";"2";"1";"1";"3";"HENRI REGNAULT (R)";"48,7981000000";"2,5091100000"
"202100046650";"25";"03";"2021";"14:40";"1";"94";"94043";"2";"1";"1";"6";"FONTAINEBLEAU (AV DE)";"48,8149300000";"2,3607400000"
"202100046651";"25";"03";"2021";"14:45";"1";"94";"94041";"2";"6";"1";"2";"MARCEL HARTMANN (R)";"48,8052200000";"2,3890500000"
"202100046652";"25";"03";"2021";"12:20";"1";"94";"94073";"2";"1";"2";"6";"PAUL VAILLANT COUTURIER (R)";"48,7626500000";"2,3936200000"
"202100046653";"25";"03";"2021";"09:00";"1";"94";"94017";"2";"1";"1";"1";"MUSSELBURGH (R DE)";"48,8090000000";"2,5190000000"
"202100046654";"25";"03";"2021";"18:20";"1";"94";"94075";"2";"1";"1";"3";"Rue de Brunoy";"48,7085510000";"2,5294890000"
"202100046655";"25";"03";"2021";"19:50";"5";"94";"94002";"2";"1";"1";"6";"Rue Paul Vaillant Couturier";"48,8141800000";"2,4154300000"
"202100046656";"25";"03";"2021";"17:40";"1";"93";"93071";"2";"1";"1";"6";"GABRIEL PERI (RUE)";"48,9432964025";"2,5330639564"
"202100046657";"25";"03";"2021";"10:15";"1";"93";"93070";"2";"1";"1";"5";"FRUCTIDOR(RUE)";"48,9009624375";"2,3259185424"
"202100046658";"25";"03";"2021";"17:00";"1";"93";"93062";"2";"1";"1";"2";"OUEST (BOULEVARD DE L')";"48,9010900000";"2,5118200000"
"202100046659";"25";"03";"2021";"08:30";"1";"93";"93055";"2";"1";"2";"6";"Avenue du GÃ©nÃ©ral Leclerc";"48,9002948374";"2,4105066061"
"202100046660";"24";"03";"2021";"15:47";"1";"93";"93055";"2";"9";"7";"6";"AISNE (QUAI DE )";"48,8953757314";"2,4055257781"
"202100046661";"25";"03";"2021";"07:50";"1";"93";"93053";"2";"9";"2";"6";"VAILLANT COUTURIER (RUE)";"48,8882212862";"2,4591886997"
"202100046662";"24";"03";"2021";"22:04";"5";"93";"93051";"2";"1";"1";"6";"BUTTE VERTE";"48,8413800000";"2,5791300000"
"202100046663";"25";"03";"2021";"08:39";"1";"93";"93032";"2";"1";"2";"6";"ARTS  (AVENUE DES - COTE PAIR)";"48,8851600000";"2,5475200000"
"202100046664";"25";"03";"2021";"16:15";"1";"93";"93079";"2";"1";"1";"3";"CLAUDE DEBUSSY";"48,9675000000";"2,3459200000"
"202100046665";"25";"03";"2021";"17:59";"1";"92";"92078";"2";"1";"1";"5";"GALLIENI (BD) (1 A 79 ET 22 A 102)";"48,9252447364";"2,3260679841"
"202100046666";"24";"03";"2021";"15:15";"1";"92";"92036";"2";"3";"1";"3";"LOUIS ROCHE (AVENUE) (47/151)";"48,9296271652";"2,3093537986"
"202100046667";"23";"03";"2021";"21:17";"5";"92";"92036";"2";"1";"1";"3";"PRINCIPALE DU PORT (ROUTE) (19/+)";"48,9377120000";"2,2773210000"
"202100046668";"25";"03";"2021";"18:00";"2";"92";"92007";"2";"1";"1";"6";"FOCH (AVENUE DU MARECHAL) AUTRES NUMEROS";"48,7906740904";"2,2998748720"
"202100046669";"25";"03";"2021";"19:40";"4";"44";"44077";"2";"1";"1";"6";"20 Rue de la PiÃ©ta";"47,5175180000";" -1,4745690000"
"202100046670";"26";"03";"2021";"14:30";"1";"24";"24449";"1";"1";"1";"6";"La Cornue";"44,9985530000";"0,2228160000"
"202100046671";"25";"03";"2021";"09:30";"1";"60";"60107";"1";"1";"2";"6";"D1016";"49,3801450000";"2,4360570000"
"202100046672";"26";"03";"2021";"17:49";"1";"68";"68250";"2";"2";"1";"3";"D505";"47,9376470000";"7,2324000000"
"202100046673";"25";"03";"2021";"17:40";"1";"44";"44024";"2";"4";"1";"3";"rue de bel air";"47,1691570000";" -1,7201920000"
"202100046674";"24";"03";"2021";"18:00";"1";"74";"74026";"2";"1";"1";"7";"R des Garennes";"45,9584940000";"6,0414040000"
"202100046675";"25";"03";"2021";"07:30";"1";"21";"21485";"2";"4";"1";"6";"7 Route de Paris";"47,3371580000";"4,9693270000"
"202100046676";"25";"03";"2021";"07:00";"1";"83";"83097";"1";"1";"1";"3";"Intersection D23 Route de TRETS / Chemin des grosses Pierres";"43,4963220000";"5,7291900000"
"202100046677";"26";"03";"2021";"18:50";"2";"30";"30117";"1";"1";"8";"1";"D6113";"43,6976970000";"4,5853330000"
"202100046678";"25";"03";"2021";"09:30";"1";"56";"56189";"1";"1";"5";"2";"Le Poteau";"47,9551470000";" -2,7215020000"
"202100046679";"26";"03";"2021";"16:00";"1";"76";"76159";"1";"1";"3";"7";"Route de Calvaille";"49,7833837276";"0,6481970846"
"202100046680";"26";"03";"2021";"11:30";"1";"79";"79290";"2";"1";"1";"7";"2 Rue du Grand Bois";"46,4382860000";" -0,5964700000"
"202100046681";"24";"03";"2021";"22:52";"3";"2A";"2A006";"1";"1";"1";"6";"Cardiglione";"41,9876502024";"8,7220765850"
"202100046682";"21";"03";"2021";"23:00";"3";"2B";"2B236";"1";"1";"1";"6";"route de poggio di nazza";"42,0527660000";"9,2954210000"
"202100046683";"21";"03";"2021";"11:15";"1";"2B";"2B341";"1";"1";"1";" -1";"RT 20 - PK 68+920";"42,2238460000";"9,1796780000"
"202100046684";"26";"03";"2021";"12:30";"1";"32";"32053";"1";"1";"1";"7";"Cd 139";"43,3890200000";"0,6070380000"
"202100046685";"26";"03";"2021";"10:00";"1";"11";"11257";"1";"1";"1";"3";"D3";"43,1511130000";"2,4747240000"
"202100046686";"26";"03";"2021";"17:00";"1";"41";"41235";"1";"2";"1";"5";"D357";"47,9125020000";"0,8378150000"
"202100046687";"26";"03";"2021";"11:15";"1";"39";"39408";"1";"1";"1";"3";"N/A";"46,5894460000";"5,7119070000"
"202100046688";"26";"03";"2021";"12:10";"1";"73";"73188";"2";"3";"1";"3";"D925 / D69A";"45,6268390000";"6,3420080000"
"202100046689";"24";"03";"2021";"03:38";"3";"40";"40317";"2";"1";"1";"6";"Avenue du GÃ©nÃ©ral de Gaulle";"43,6880930000";" -1,3408900000"
"202100046690";"25";"03";"2021";"22:15";"3";"17";"17243";"1";"1";"1";"6";"D134";"45,2521270000";" -0,2711820000"
"202100046691";"26";"03";"2021";"09:35";"1";"48";"48155";"2";"1";"1";"6";"Route du Serre de la can - Face au commerce Petit Chariot";"44,2191160000";"3,8088440000"
"202100046692";"25";"03";"2021";"15:50";"1";"52";"52354";"1";"1";"1";"6";"D122";"47,7881910000";"5,3627230000"
"202100046693";"26";"03";"2021";"13:15";"1";"08";"08491";"2";"1";"1";"6";"1 Avenue Jean JaurÃ¨s";"49,7372750000";"4,8550570000"
"202100046694";"25";"03";"2021";"13:35";"1";"35";"35275";"1";"1";"1";"6";"N12";"48,1618990000";" -1,8557560000"
"202100046695";"26";"03";"2021";"15:35";"1";"13";"13037";"1";"1";"1";"1";"Chemin des Gilbertes et des Vignes";"43,5387030000";"5,2015760000"
"202100046696";"23";"03";"2021";"08:55";"1";"34";"34327";"1";"1";"1";"3";"autoroute A709-PK003+700-SENS NORD";"43,6541490000";"3,9899360000"
"202100046697";"25";"03";"2021";"14:15";"1";"34";"34199";"2";"1";"1";"3";"Route de Montpellier";"43,4671350000";"3,4296980000"
"202100046698";"25";"03";"2021";"18:30";"1";"13";"13107";"2";"1";"1";"3";"Route de Gardanne";"43,4447330000";"5,4405710000"
"202100046699";"25";"03";"2021";"16:56";"1";"52";"52449";"1";"1";"1";"6";"Chemin de l'Ãtang";"47,8357950000";"5,3223290000"
"202100046700";"23";"03";"2021";"07:30";"1";"54";"54305";"1";"1";"1";"4";"D321";"48,7426717382";"6,1853162744"
"202100046701";"26";"03";"2021";"15:00";"1";"26";"26064";"1";"1";"8";"6";"7 Rue des FougÃ¨res";"44,9074410000";"5,0172760000"
"202100046702";"26";"03";"2021";"16:27";"1";"17";"17336";"1";"2";"1";"1";"Route Nationale 137";"45,7917320000";" -0,7275030000"
"202100046703";"25";"03";"2021";"21:30";"3";"27";"27474";"1";"1";"1";"6";"D110";"49,3027400000";"1,2381720000"
"202100046704";"22";"03";"2021";"11:00";"1";"27";"27022";"2";"1";"1";"7";"Rue de la Chartreuse";"49,1701410000";"1,3473760000"
"202100046705";"26";"03";"2021";"07:50";"1";"59";"59357";"1";"9";"1";"7";"D649";"50,2963030000";"3,8433270000"
"202100046706";"25";"03";"2021";"07:45";"1";"13";"13055";"1";"1";"1";"4";"A507 sens Marseille - Aubagne";"43,3050959432";"5,4255037307"
"202100046707";"24";"03";"2021";"16:50";"1";"13";"13210";"1";"1";"1";"4";"A50-Sens Marseille vers Aubagne";"43,2849900000";"5,4282600000"
"202100046708";"24";"03";"2021";"14:30";"1";"13";"13071";"1";"1";"1";"6";"A55-Sens Martigues vers Marseille";"43,3962430000";"5,2988550000"
"202100046709";"24";"03";"2021";"11:35";"1";"13";"13071";"1";"1";"1";"2";"A55 - Sens Marseille vers Martigues";"43,3793900000";"5,3171000000"
"202100046710";"24";"03";"2021";"09:15";"1";"13";"13211";"1";"1";"1";"4";"A50-Sens Aubagne vers Marseille";"43,2880000000";"5,5011600000"
"202100046711";"24";"03";"2021";"07:40";"1";"13";"13055";"1";"1";"1";"2";"A507 sens Aubagne- Marseille";"43,3299000000";"5,4031000000"
"202100046712";"25";"03";"2021";"18:00";"1";"33";"33281";"1";"1";"1";"2";"ROCADE A 630";"44,8486970000";" -0,6688910000"
"202100046713";"22";"03";"2021";"18:10";"1";"33";"33162";"1";"1";"1";"4";"ROCADE A 630";"44,8635600000";" -0,6552840000"
"202100046714";"25";"03";"2021";"14:10";"1";"78";"78217";"1";"1";"1";"2";"A13";"48,9632060000";"1,8373680000"
"202100046715";"25";"03";"2021";"07:30";"2";"93";"93078";"1";"1";"2";"5";"AUTOROUTE A104";"48,9637000000";"2,5509000000"
"202100046716";"25";"03";"2021";"12:00";"1";"77";"77294";"1";"1";"1";"2";"A104";"48,9725900000";"2,5756600000"
"202100046717";"25";"03";"2021";"07:45";"1";"94";"94017";"1";"1";"2";"3";"A4";"48,8264762717";"2,5200291693"
"202100046718";"24";"03";"2021";"07:45";"1";"94";"94033";"1";"1";"1";"6";"A86.INT";"48,8491700000";"2,4904700000"
"202100046719";"24";"03";"2021";"07:50";"1";"94";"94017";"1";"1";"1";"2";"A4";"48,8267111767";"2,5225882774"
"202100046720";"8";"01";"2021";"09:40";"1";"92";"92025";"2";"2";"1";"6";"MENELOTTE 2A 50 (AV)";"48,9237840543";"2,2595961392"
"202100046721";"16";"01";"2021";"09:12";"1";"25";"25056";"2";"6";"1";"6";"ILE DE FRANCE AVENUE DE L'";"47,2179500000";"5,9644300000"
"202100046722";"24";"03";"2021";"13:55";"1";"976";"97611";"2";"1";"1";"2";"m'tsapere-MosquÃ©e Maevantana (ruelle )";" -12,7880000000";"45,2196600000"
"202100046723";"23";"03";"2021";"19:10";"5";"974";"97407";"2";"1";"1";"7";"BREST (BOULEVARD)";" -20,9346780202";"55,2960067415"
"202100046724";"24";"03";"2021";"07:25";"1";"973";"97302";"2";"1";"1";"6";"CRIQUE FOUILLEE (ROND POINT)";"4,8970192500";" -52,3288035278"
"202100046725";"24";"03";"2021";"16:00";"1";"69";"69387";"2";"1";"1";"6";"GAMBETTA (CR)";"45,7508800000";"4,8555500000"
"202100046726";"24";"03";"2021";"10:15";"1";"69";"69199";"2";"3";"1";"3";"YVES FARGE                          (BD)";"45,7055600000";"4,8563000000"
"202100046727";"23";"03";"2021";"10:45";"1";"69";"69386";"2";"3";"1";"3";"VITTON (CR)";"45,7700800000";"4,8591500000"
"202100046728";"24";"03";"2021";"18:30";"1";"972";"97213";"2";"1";"1";"7";"FLORAINDRE ( RUE DE)";"14,6180500000";" -61,0013900000"
"202100046729";"24";"03";"2021";"16:20";"1";"69";"69385";"2";"2";"1";"3";"FULCHIRON (Q)";"45,7516662059";"4,8216889501"
"202100046730";"24";"03";"2021";"11:26";"1";"69";"69389";"2";"3";"1";"3";"BARTHELEMY BUYER (AV)";"45,7634000000";"4,8005100000"
"202100046731";"24";"03";"2021";"20:20";"5";"95";"95063";"2";"1";"1";"3";"PL GRAND CERF";"48,9233337997";"2,2079441103"
"202100046732";"24";"03";"2021";"15:50";"1";"91";"91425";"2";"9";"1";"3";"RTE D ORLEANS RN 20";"48,6399100000";"2,2680700000"
"202100046733";"24";"03";"2021";"14:50";"1";"91";"91421";"1";"1";"1";"5";"NATIONALE 6 (GLACIERE)";"48,7066900000";"2,4431200000"
"202100046734";"24";"03";"2021";"08:30";"1";"91";"91691";"2";"3";"1";"3";"CAMILLE GUERIN";"48,7149000000";"2,4929000000"
"202100046735";"24";"03";"2021";"08:30";"1";"91";"91027";"2";"3";"7";"6";"AV HENRI DUNANT";"48,7107850000";"2,3883830000"
"202100046736";"23";"03";"2021";"10:20";"1";"91";"91432";"2";"3";"1";"3";"AV BLAISE PASCAL";"48,6959030000";"2,3346160000"
"202100046737";"23";"03";"2021";"12:40";"1";"91";"91433";"1";"9";"1";"2";"R.D. 20";"48,4621300000";"2,1797500000"
"202100046738";"23";"03";"2021";"17:01";"1";"87";"87085";"2";"1";"1";"6";"VALADON (RUE SUZANNE)";"45,8439200000";"1,2861000000"
"202100046739";"5";"03";"2021";"08:20";"1";"85";"85191";"2";"2";"1";"3";"Rue du PrÃ©sident de Gaulle";"46,6713700000";" -1,4211700000"
"202100046740";"23";"03";"2021";"08:40";"1";"85";"85191";"1";"1";"1";"4";"D160";"46,6846100000";" -1,3849500000"
"202100046741";"20";"03";"2021";"19:10";"1";"76";"76540";"2";"1";"1";"6";"RONDEAUX. AVENUE JEAN";"49,4296000000";"1,0717000000"
"202100046742";"13";"03";"2021";"09:30";"1";"76";"76108";"2";"1";"2";"7";"HAIE. RUE DE LA";"49,4652310612";"1,1127137750"
"202100046743";"16";"03";"2021";"16:20";"1";"76";"76540";"2";"1";"2";"1";"GRAND MARE. AVENUE DE LA";"49,4603340000";"1,1331140000"
"202100046744";"23";"03";"2021";"17:00";"1";"72";"72181";"2";"1";"1";"3";"RIBAY (RUE DU)";"48,0143700000";"0,1586400000"