"Num_Acc";"jour";"mois";"an";"hrmn";"lum";"dep";"com";"agg";"int";"atm";"col";"adr";"lat";"long"
"202100046745";"16";"03";"2021";"08:25";"1";"70";"70550";"2";"1";"1";"6";"SAINT GEORGES (RUE)";"47,6239400000";"6,1595000000"
"202100046746";"10";"03";"2021";"13:55";"1";"70";"70550";"2";"2";"1";"3";"VERDUN (RUE)";"47,6179500000";"6,1581000000"
"202100046747";"24";"03";"2021";"23:39";"5";"69";"69275";"2";"8";"1";"6";"JEAN JAURES (AV)";"45,7699851862";"4,9527901411"
"202100046748";"24";"03";"2021";"16:00";"1";"69";"69264";"2";"3";"1";"3";"DESMOULINS CAMILLE (R)";"45,9946951520";"4,7393156290"
"202100046749";"24";"03";"2021";"19:50";"5";"64";"64445";"2";"3";"1";"3";"GASSIOT";"43,2983100000";" -0,3713200000"
"202100046750";"24";"03";"2021";"07:00";"2";"62";"62617";"2";"6";"1";"7";"BLUM (RUE LEON)";"50,4776400000";"2,6778900000"
"202100046751";"24";"03";"2021";"15:05";"1";"59";"59368";"2";"2";"7";"6";"REPUBLIQUE AV DE LA ( NÂ°501-825)";"50,6491900000";"3,0787400000"
"202100046752";"19";"03";"2021";"17:00";"1";"59";"59155";"2";"9";"1";"6";"PASTEUR";"51,0187300000";"2,3793700000"
"202100046753";"23";"03";"2021";"12:25";"1";"57";"57463";"2";"4";"1";"3";"MIXTE (PONT )";"49,1346400000";"6,1766900000"
"202100046754";"24";"03";"2021";"17:00";"1";"51";"51454";"2";"1";"1";"2";"Rue de Venise";"49,2464529106";"4,0316386922"
"202100046755";"24";"03";"2021";"14:50";"1";"51";"51108";"2";"2";"1";"3";"Rue Etienne Oehmichen";"48,9493862988";"4,3411262126"
"202100046756";"2";"02";"2021";"15:05";"1";"42";"42218";"2";"2";"1";"3";"Rue Benoit Malon";"45,4426275764";"4,3821565658"
"202100046757";"23";"03";"2021";"17:15";"1";"37";"37261";"2";"1";"1";"7";"FRANCE (PLACE ANATOLE)";"47,3966817456";"0,6861305236"
"202100046758";"22";"03";"2021";"17:30";"1";"37";"37261";"2";"1";"1";"2";"NIESSEL (AVENUE DU GENERAL)";"47,3638100628";"0,6969374041"
"202100046759";"23";"03";"2021";"18:10";"1";"34";"34172";"2";"1";"1";"1";"PONT JUVENAL (AVENUE DU)";"43,6069900000";"3,8831300000"
"202100046760";"24";"03";"2021";"13:55";"1";"31";"31555";"2";"3";"1";"3";"PECH (RUE DU) DU 6AU 60";"43,5927600000";"1,4123700000"
"202100046761";"24";"03";"2021";"15:20";"1";"28";"28134";"2";"2";"1";"1";"PASTRE (RUE)";"48,7343162063";"1,3731864095"
"202100046762";"24";"03";"2021";"11:25";"1";"26";"26198";"2";"2";"1";"3";"Rue Charles Chabert";"44,5581650000";"4,7453160000"
"202100046763";"24";"03";"2021";"15:10";"1";"24";"24037";"2";"1";"1";"6";"GAMBETTA (PLACE)";"44,8437200000";"0,4928600000"
"202100046764";"24";"03";"2021";"17:45";"1";"17";"17300";"1";"1";"1";"3";"116 PK RN137 ROCHEFORT JUSTICE";"46,1739200000";" -1,2019540000"
"202100046765";"23";"03";"2021";"08:05";"1";"14";"14030";"2";"1";"1";"3";"Rue de lâAbbaye";"49,2036600000";" -0,4220700000"
"202100046766";"24";"03";"2021";"13:30";"1";"13";"13201";"2";"3";"1";"3";"HENRI BARBUSSE (RUE)";"43,2970441863";"5,3742201626"
"202100046767";"24";"03";"2021";"12:30";"1";"13";"13211";"2";"1";"1";"2";"VALENTINE (ROUTE DE LA)";"43,2901752356";"5,4712360875"
"202100046768";"24";"03";"2021";"10:20";"1";"13";"13215";"2";"6";"1";"3";"AMPERE (BOULEVARD)";"43,3395100000";"5,3726000000"
"202100046769";"24";"03";"2021";"07:35";"1";"13";"13208";"2";"3";"1";"1";"MONTREDON (AVENUE DE)";"43,2400000000";"5,3700000000"
"202100046770";"23";"03";"2021";"18:05";"2";"13";"13075";"2";"3";"1";"3";"L'ENJOLRAS (AVE DE)";"43,3376000000";"5,4528100000"
"202100046771";"24";"03";"2021";"16:50";"1";"13";"13001";"1";"1";"1";"6";"EGUILLES (ROUTE D')";"43,5419706408";"5,4056230058"
"202100046772";"24";"03";"2021";"10:00";"1";"09";"09122";"2";"1";"1";"3";"SIBIAN (AVENUE DE)";"42,9653600000";"1,5949400000"
"202100046773";"24";"03";"2021";"12:10";"1";"06";"06088";"2";"2";"1";"3";"SMOLETT (R.)";"43,7016940000";"7,2898040000"
"202100046774";"23";"03";"2021";"18:05";"2";"06";"06030";"2";"9";"1";"6";"ROOSEVELT (AVENUE FRANKLIN)CANNET";"43,5775200000";"6,9981800000"
"202100046775";"23";"03";"2021";"15:00";"1";"75";"75112";"2";"1";"1";"4";"PORTE DE CHARENTON";"48,8313440000";"2,4040780000"
"202100046776";"23";"03";"2021";"12:50";"1";"75";"75112";"2";"4";"1";"3";"ECHANGEUR BERCY";"48,8268910000";"2,3897310000"
"202100046777";"24";"03";"2021";"20:00";"5";"75";"75120";"2";"3";"1";"1";"RUE DES FOUGERES";"48,8733870000";"2,4102650000"
"202100046778";"24";"03";"2021";"08:30";"5";"75";"75117";"2";"2";"1";"3";"BOULEVARD PEREIRE";"48,8878400000";"2,3070880000"
"202100046779";"23";"03";"2021";"10:55";"1";"75";"75117";"2";"1";"1";"6";"RUE BOURSAULT";"48,8840760000";"2,3198990000"
"202100046780";"24";"03";"2021";"08:00";"1";"75";"75116";"2";"2";"1";"6";"RUE DE LONGCHAMP";"48,8676250000";"2,2770170000"
"202100046781";"23";"03";"2021";"16:25";"1";"75";"75116";"2";"2";"1";"3";"ALLEE DE LONGCHAMP";"48,8749270000";"2,2711050000"
"202100046782";"23";"03";"2021";"11:45";"1";"75";"75116";"2";"2";"1";"3";"RUE OCTAVE FEUILLET";"48,8623762066";"2,2706119716"
"202100046783";"24";"03";"2021";"10:55";"1";"75";"75115";"2";"2";"1";"6";"BOULEVARD PASTEUR";"48,8415180000";"2,3140180000"
"202100046784";"24";"03";"2021";"13:20";"1";"75";"75115";"2";"2";"1";"3";"RUE DE LA CONVENTION";"48,8372320000";"2,2964360000"
"202100046785";"24";"03";"2021";"06:45";"2";"75";"75114";"2";"1";"1";"6";"BOULEVARD JOURDAN";"48,8205480000";"2,3374220000"
"202100046786";"24";"03";"2021";"16:55";"1";"75";"75113";"2";"2";"1";"3";"BOULEVARD DU GENERAL JEAN SIMON";"48,8241760000";"2,3768090000"
"202100046787";"24";"03";"2021";"06:10";"2";"75";"75113";"2";"4";"1";"7";"BOULEVARD MASSENA";"48,8226810000";"2,3728550000"
"202100046788";"24";"03";"2021";"19:15";"5";"75";"75112";"2";"4";"1";"3";"AVENUE DAUMESNIL";"48,8448310000";"2,3804470000"
"202100046789";"24";"03";"2021";"13:40";"1";"75";"75112";"2";"2";"1";"2";"COURS DE VINCENNES";"48,8468962641";"2,4111604630"
"202100046790";"24";"03";"2021";"12:00";"1";"75";"75109";"2";"5";"7";"6";"RUE LA FAYETTE";"48,8729440000";"2,3332450000"
"202100046791";"24";"03";"2021";"18:05";"1";"75";"75104";"2";"3";"1";"1";"RUE SAINT ANTOINE";"48,8547760000";"2,3624180000"
"202100046792";"24";"03";"2021";"16:56";"1";"75";"75103";"2";"3";"1";"1";"RUE DUPETIT THOUARS";"48,8651440000";"2,3622450000"
"202100046793";"24";"03";"2021";"12:55";"2";"75";"75103";"2";"2";"1";"6";"RUE DE TURBIGO";"48,8654593987";"2,3560798849"
"202100046794";"3";"03";"2021";"20:40";"5";"94";"94080";"2";"1";"1";"3";"PARIS (AV DE)";"48,8450050000";"2,4342860000"
"202100046795";"24";"03";"2021";"17:20";"1";"94";"94021";"2";"9";"1";"6";"PETIT LEROY (R DU)";"48,7674200000";"2,3598000000"
"202100046796";"24";"03";"2021";"12:00";"1";"94";"94033";"2";"9";"1";"6";"MARECHAL JOFFRE (AV DU)";"48,8529500000";"2,4840800000"
"202100046797";"24";"03";"2021";"17:40";"1";"94";"94077";"2";"1";"1";"3";"POINCARE (AV)";"48,7344000000";"2,4194600000"
"202100046798";"24";"03";"2021";"18:22";"1";"94";"94022";"2";"1";"1";"2";"REPUBLIQUE (AV DE LA)";"48,7597750000";"2,4085770000"
"202100046799";"24";"03";"2021";"12:50";"1";"94";"94077";"2";"1";"7";"7";"Rue des CarriÃ©res Morillon";"48,7295600000";"2,4362100000"
"202100046800";"23";"03";"2021";"17:15";"1";"94";"94022";"2";"9";"1";"4";"Avenue dâAlfortville";"48,7706910000";"2,4136640000"
"202100046801";"24";"03";"2021";"18:28";"1";"93";"93070";"2";"1";"1";"6";"JEAN-JAURES (BD)";"48,9131011350";"2,3351097107"
"202100046802";"24";"03";"2021";"12:45";"1";"93";"93077";"2";"2";"1";"3";"GRANDE RUE";"48,8825900000";"2,5182200000"
"202100046803";"24";"03";"2021";"18:07";"1";"93";"93051";"2";"1";"1";"6";"MEDERIC (AVENUE)";"48,8301200000";"2,5604000000"
"202100046804";"24";"03";"2021";"09:45";"1";"93";"93051";"2";"2";"1";"3";"RU DE NESLE (BOULEVARD)";"48,8302500000";"2,5848100000"
"202100046805";"24";"03";"2021";"12:50";"1";"93";"93050";"2";"3";"1";"3";"PINSONS (RUE)";"48,8715800000";"2,5313100000"
"202100046806";"24";"03";"2021";"07:43";"1";"93";"93063";"2";"9";"1";"6";"JAURES RUE JEAN";"48,8770009682";"2,4489748478"
"202100046807";"23";"03";"2021";"17:00";"1";"93";"93029";"2";"1";"1";"6";"HENRI BARBUSSE (AVE) NÂ°2-124";"48,9173716653";"2,4463261626"
"202100046808";"24";"03";"2021";"16:10";"1";"93";"93014";"2";"2";"1";"3";"MAURICE AUDIN (ALLEE)";"48,9085817364";"2,5450769974"
"202100046809";"24";"03";"2021";"15:15";"1";"93";"93001";"2";"1";"1";"6";"REPUBLIQUE (AVE DE LA ) => NO 41/50";"48,9121752435";"2,3837490489"
"202100046810";"24";"03";"2021";"17:25";"1";"92";"92073";"2";"1";"1";"2";"PONT DE SURESNES";"48,8669915941";"2,2291007638"
"202100046811";"24";"03";"2021";"15:15";"1";"92";"92035";"2";"2";"1";"6";"RÃ©publique ( boulevard de la )";"48,9070144980";"2,2434478998"
"202100046812";"24";"03";"2021";"15:45";"1";"92";"92026";"2";"1";"1";"6";"VERDUN (DE 01 A 61)";"48,9007562968";"2,2604594461"
"202100046813";"24";"03";"2021";"08:00";"1";"92";"92024";"2";"3";"1";"3";"CLICHY (QUAI DE) DE (8 A 60)";"48,9120400000";"2,3104300000"
"202100046814";"25";"03";"2021";"11:20";"1";"43";"43117";"1";"1";"1";"3";"N102";"45,2380910000";"3,4598780000"
"202100046815";"24";"03";"2021";"06:45";"2";"34";"34042";"1";"1";"1";"6";"D986";"43,8770460000";"3,7424760000"
"202100046816";"25";"03";"2021";"05:15";"3";"60";"60257";"2";"1";"2";"6";"Rue du 11 Novembre 1918";"49,2520220000";"1,9881070000"
"202100046817";"25";"03";"2021";"07:10";"1";"67";"67084";"1";"3";"1";"2";"D203";"48,3444790000";"7,3824960000"
"202100046818";"23";"03";"2021";"16:50";"1";"974";"97412";"2";"1";"1";"1";"Rue Hippolyte Foucque";" -21,3747990000";"55,6262740000"
"202100046819";"24";"03";"2021";"16:00";"1";"42";"42253";"2";"2";"7";"3";"Route de Combray";"46,0442140000";"3,9976070000"
"202100046820";"24";"03";"2021";"19:15";"5";"83";"83070";"1";"1";"1";"1";"Avenue du Levant";"43,1501820000";"6,4031840000"
"202100046821";"24";"03";"2021";"18:30";"1";"74";"74043";"1";"2";"1";"6";"Av du Saleve";"46,2618290000";"6,3568460000"
"202100046822";"24";"03";"2021";"14:45";"1";"19";"19135";"1";"3";"7";"5";"D982";"45,5101400000";"2,3068180000"
"202100046823";"25";"03";"2021";"05:35";"3";"78";"78291";"1";"1";"2";"1";"190 Route Nationale 113";"48,9706330000";"1,7403410000"
"202100046824";"24";"03";"2021";"07:40";"1";"31";"31541";"2";"6";"1";"6";"route de Toulouse";"43,6804820000";"1,3627500000"
"202100046825";"25";"03";"2021";"13:15";"1";"80";"80620";"1";"1";"1";"1";"D 937";"49,9349250000";"2,9499580000"
"202100046826";"24";"03";"2021";"05:45";"2";"71";"71191";"1";"1";"1";"6";"D984";"46,8175656141";"4,5467948915"
"202100046827";"24";"03";"2021";"18:15";"1";"61";"61358";"1";"1";"1";"7";"Route DÃ©partementale 238";"48,7375900000";"0,0153420000"
"202100046828";"21";"03";"2021";"19:35";"5";"42";"42323";"2";"2";"1";"3";"Avenue de la LibÃ©ration";"45,5716270000";"4,2739120000"
"202100046829";"24";"03";"2021";"18:25";"1";"46";"46127";"2";"1";"1";"6";"Route du Mont Saint-jean";"44,7384540000";"1,3738910000"
"202100046830";"22";"03";"2021";"17:20";"1";"86";"86083";"1";"1";"1";"1";"RD 611";"46,4968490000";"0,2003290000"
"202100046831";"24";"03";"2021";"16:20";"1";"68";"68082";"1";"6";"1";"3";"D2";"47,8679480000";"7,3608830000"
"202100046832";"23";"03";"2021";"23:43";"3";"44";"44152";"1";"1";"1";"6";"56 Hessin";"47,4670310000";" -2,0052140000"
"202100046833";"23";"03";"2021";"19:30";"4";"44";"44213";"1";"1";"1";"1";"D752";"47,3785630000";" -1,0262780000"
"202100046834";"24";"03";"2021";"18:35";"1";"02";"02361";"1";"1";"1";"3";"D960";"49,9061370000";"3,5990420000"
"202100046835";"25";"03";"2021";"11:55";"1";"50";"50467";"1";"1";"1";"7";"D42";"49,4978170000";" -1,3602880000"
"202100046836";"24";"03";"2021";"09:40";"1";"10";"10019";"1";"2";"1";"3";"pk 12 D100";"48,3947180000";"4,3663790000"
"202100046837";"25";"03";"2021";"02:00";"5";"16";"16195";"1";"1";"1";"6";"Route de Boistizon";"45,8615380000";"0,4615520000"
"202100046838";"25";"03";"2021";"17:40";"1";"07";"07349";"2";"3";"1";"6";"Rue Colette";"44,8128130000";"4,7915250000"
"202100046839";"19";"03";"2021";"02:00";"3";"40";"40150";"1";"1";"1";"6";"LARAOU";"43,8207110000";" -1,2560780000"
"202100046840";"24";"03";"2021";"17:50";"1";"17";"17203";"1";"3";"1";"2";"Route dÃ©partementale D112";"46,0733760000";" -0,8715650000"
"202100046841";"24";"03";"2021";"17:50";"1";"37";"37097";"2";"2";"1";"2";"RD95 - PK13+400";"47,1634876241";"0,8905484510"
"202100046842";"24";"03";"2021";"15:07";"1";"973";"97309";"2";"3";"1";"1";"Avenue Just Auguste";"4,8934860000";" -52,2738080000"
"202100046843";"25";"03";"2021";"09:30";"1";"37";"37226";"2";"6";"1";"3";"avenue du GÃ©nÃ©ral de Gaulle";"47,1154704125";"0,6187105411"
"202100046844";"24";"03";"2021";"12:42";"1";"34";"34329";"1";"1";"1";"2";"D 64";"43,2506110000";"3,2571890000"
"202100046845";"25";"03";"2021";"18:50";"2";"04";"04143";"1";"2";"1";"3";"RD 4 / ch des buissonnades";"43,8847950000";"5,9084130000"
"202100046846";"25";"03";"2021";"09:00";"1";"13";"13034";"1";"1";"1";"3";"D74a";"43,7700160000";"4,9571070000"
"202100046847";"24";"03";"2021";"16:30";"1";"13";"13035";"2";"3";"1";"3";"Avenue Rene Cassin";"43,6883910000";"5,0359600000"
"202100046848";"25";"03";"2021";"00:00";"3";"42";"42251";"1";"1";"1";"6";"Route des Etangs";"45,6865550000";"4,2569310000"
"202100046849";"24";"03";"2021";"11:30";"1";"33";"33243";"2";"6";"1";"6";"Boulevard de Garderose";"44,9030508084";" -0,2222075062"
"202100046850";"24";"03";"2021";"15:30";"1";"33";"33449";"2";"6";"1";"3";"Rue Maurice Lestage";"44,8811710000";" -0,6971960000"
"202100046851";"24";"03";"2021";"15:07";"1";"33";"33019";"1";"1";"1";"3";"N/A";"44,7309270000";" -0,8941200000"
"202100046852";"10";"03";"2021";"07:50";"2";"85";"85092";"2";"6";"8";"3";"Rond point de l'Europe";"46,4674160000";" -0,8250800000"
"202100046853";"24";"03";"2021";"04:15";"3";"60";"60398";"2";"1";"1";"6";"146 Rue de la LibÃ©ration";"49,1855710000";"2,2853120000"
"202100046854";"25";"03";"2021";"14:00";"1";"62";"62073";"1";"1";"1";"6";"D919";"50,3353400000";"2,8410010000"
"202100046855";"24";"03";"2021";"08:15";"1";"13";"13210";"1";"1";"1";"3";"A50-Sens Marseille vers Aubagne";"43,2846410172";"5,4071831703"
"202100046856";"24";"03";"2021";"17:25";"1";"33";"33090";"1";"1";"1";"3";"AUTOROUTE A 63";"44,7764580000";" -0,6474250000"
"202100046857";"24";"03";"2021";"11:25";"1";"33";"33013";"1";"1";"1";"4";"Route Nationale 89";"44,8686420000";" -0,5014520000"
"202100046858";"24";"03";"2021";"14:50";"1";"93";"93010";"1";"1";"1";"4";"AUTOROUTE A3";"48,9062500000";"2,4721200000"
"202100046859";"15";"01";"2021";"14:47";"1";"81";"81004";"2";"1";"2";"6";"Place du Maquis";"43,9266900000";"2,1534640000"
"202100046860";"24";"03";"2021";"07:50";"1";"988";"98818";"2";"3";"1";"6";"RUE DU DOCTEUR ESCHEMBRENNER/RUEDU C.A. JOSEPH DU BOUZET";" -22,2661200000";"166,3978700000"
"202100046861";"23";"03";"2021";"11:50";"1";"976";"97611";"2";"1";"1";"2";"mamoudzou centre-Jardin du collÃ¨ge(rue d";" -12,7793600000";"45,2249100000"
"202100046862";"23";"03";"2021";"09:21";"1";"974";"97411";"2";"1";"1";"3";"MALARTIC (RUE)";" -20,8886000000";"55,4529000000"
"202100046863";"21";"03";"2021";"09:00";"1";"974";"97411";"2";"1";"1";"2";"KARTING (DU)";" -20,8939300000";"55,5001200000"
"202100046864";"20";"03";"2021";"11:10";"1";"69";"69383";"2";"3";"1";"3";"DAUPHINE (DU) (R)";"45,7537900000";"4,8719600000"
"202100046865";"23";"03";"2021";"08:30";"1";"69";"69199";"2";"1";"1";"1";"LOUIS GIRARDET (R)";"45,7052484267";"4,8554965111"
"202100046866";"23";"03";"2021";"07:40";"1";"69";"69383";"2";"3";"1";"3";"FELIX FAURE (AV)";"45,7552900000";"4,8726800000"
"202100046867";"22";"03";"2021";"11:55";"1";"972";"97213";"1";"6";"1";"2";"ROUTE DEPARTEMENTALE 3";"14,6276642369";" -60,9892702103"
"202100046868";"23";"03";"2021";"05:50";"2";"972";"97209";"2";"1";"1";"6";"NELSON MANDELA (BOULEVARD)";"14,6068000000";" -61,0521400000"
"202100046869";"22";"03";"2021";"14:02";"1";"69";"69384";"2";"1";"1";"3";"JACQUES LOUIS HENON (R)";"45,7796000000";"4,8281000000"
"202100046870";"20";"03";"2021";"18:10";"1";"95";"95572";"2";"1";"1";"6";"BETHUNES (AVENUE DES)";"49,0378729193";"2,1458368951"
"202100046871";"23";"03";"2021";"17:50";"1";"91";"91589";"2";"3";"1";"3";"AV GABRIEL PERI";"48,6903800000";"2,3521500000"
"202100046872";"23";"03";"2021";"07:40";"1";"91";"91286";"2";"2";"1";"3";"HENRI ROL TANGUY";"48,6533200000";"2,3874900000"
"202100046873";"22";"03";"2021";"20:30";"3";"91";"91228";"2";"1";"1";"6";"RTE NATIONALE 7";"48,6443740000";"2,4228050000"
"202100046874";"22";"02";"2021";"17:10";"1";"89";"89387";"2";"1";"1";"3";"VERDUN (BOULEVARD DE)";"48,2045800000";"3,2889500000"
"202100046875";"23";"03";"2021";"08:49";"1";"87";"87048";"2";"1";"1";"6";"REPUBLIQUE (RUE DE LA)";"45,7910500000";"1,2342500000"
"202100046876";"19";"03";"2021";"10:24";"1";"87";"87085";"2";"3";"2";"2";"LECLERC (AVENUE DU GENERAL)";"45,8458500000";"1,2605900000"
"202100046877";"20";"02";"2021";"15:50";"1";"86";"86194";"2";"1";"1";"3";"Boulevard Pont Achard";"46,5747690000";"0,3289000000"
"202100046878";"23";"03";"2021";"11:00";"1";"83";"83137";"2";"1";"1";"2";"NOGUES (AVE DU GENERAL)";"43,1277930000";"5,9207940000"
"202100046879";"22";"03";"2021";"17:10";"1";"83";"83062";"1";"1";"1";"5";"DRAGUIGNAN (AVENUE DE)";"43,1377900000";"6,0336600000"
"202100046880";"23";"03";"2021";"14:45";"1";"83";"83069";"2";"1";"1";"3";"AEROPORT (AVENUE DE L')";"43,0913200000";"6,1425700000"
"202100046881";"19";"03";"2021";"11:50";"1";"80";"80021";"2";"1";"1";"2";"QUATORZE JUILLET 1789 (AVENUE DU)";"49,8713700000";"2,2804200000"
"202100046882";"20";"03";"2021";"15:00";"1";"80";"80021";"2";"1";"1";"6";"PAIX (AVENUE DE LA)";"49,9116400000";"2,2965100000"
"202100046883";"23";"03";"2021";"07:30";"1";"80";"80001";"2";"1";"1";"6";"ROUVROY (de)";"50,1082951229";"1,8049335480"
"202100046884";"23";"03";"2021";"08:55";"1";"78";"78367";"2";"1";"1";"6";"MARE GRISEAU NÂ°2 (RESIDENCE)";"48,8834500000";"2,0717300000"
"202100046885";"22";"03";"2021";"19:20";"2";"77";"77251";"2";"1";"1";"1";"AV RENE CASSIN";"48,6289600000";"2,5669200000"
"202100046886";"22";"03";"2021";"17:55";"1";"77";"77186";"1";"9";"1";"5";"D301e2.gare thomery giratoire duchatel";"48,3948000000";"2,7606400000"
"202100046887";"16";"03";"2021";"11:55";"1";"76";"76540";"2";"1";"2";"7";"HAVRE. QUAI (BAS) DU";"49,4392500000";"1,0859800000"
"202100046888";"19";"03";"2021";"16:00";"1";"76";"76165";"2";"1";"1";"1";"SCHEURER KESTNER. RUE";"49,2800620000";"1,0153060000"
"202100046889";"5";"03";"2021";"17:45";"1";"76";"76322";"1";"4";"1";"7";"VOIE RAPIDE SUD 3 (RN 338)";"49,4132943316";"1,0424894647"
"202100046890";"6";"03";"2021";"17:50";"1";"76";"76351";"2";"2";"1";"6";"VALLEE (RUE DE LA)";"49,4948700000";"0,1544500000"
"202100046891";"4";"02";"2021";"15:20";"1";"76";"76351";"2";"3";"1";"6";"Quai George V";"49,4910000000";"0,1098400000"
"202100046892";"23";"03";"2021";"13:45";"1";"74";"74012";"2";"1";"1";"6";"DE GAULLE (AVENUE CHARLES)";"46,1836000000";"6,2466800000"
"202100046893";"26";"02";"2021";"15:00";"1";"69";"69290";"1";"1";"1";"2";"ST BONNET DE MURE (DE) (CHM)";"45,6897000000";"4,9800000000"
"202100046894";"20";"03";"2021";"19:10";"1";"67";"67482";"2";"3";"1";"3";"RIETH (RUE DU)";"48,6008600000";"7,7149100000"
"202100046895";"19";"03";"2021";"13:55";"1";"67";"67482";"2";"3";"1";"3";"SCHIRMECK (ROUTE DE)";"48,5681500000";"7,7095600000"
"202100046896";"23";"03";"2021";"07:50";"1";"66";"66136";"1";"1";"1";"2";"R D 900";"42,6733400000";"2,8617700000"
"202100046897";"22";"03";"2021";"08:50";"1";"66";"66136";"2";"1";"1";"6";"SACRE-COEUR (CHEMIN DU)";"42,7177800000";"2,8789500000"
"202100046898";"23";"03";"2021";"17:14";"1";"65";"65440";"2";"1";"1";"4";"JUIN (BOULEVARD DU MARECHAL)";"43,2371400000";"0,0565800000"
"202100046899";"23";"03";"2021";"17:35";"1";"64";"64483";"2";"1";"1";"1";"LAHANCHIPIA (AVENUE)";"43,4011300000";" -1,6340500000"
"202100046900";"23";"03";"2021";"09:45";"1";"64";"64189";"2";"1";"1";"1";"OLHETTE (ROUTE D')";"43,3704270000";" -1,6580790000"
"202100046901";"23";"03";"2021";"17:13";"1";"64";"64445";"2";"6";"7";"3";"LAURIERS DES";"43,3017600000";" -0,3446400000"
"202100046902";"23";"03";"2021";"08:30";"1";"64";"64024";"2";"3";"1";"3";"MIRAMBEAU (ROUTE DE)";"43,4757000000";" -1,5102300000"
"202100046903";"22";"03";"2021";"08:20";"1";"64";"64024";"2";"1";"1";"6";"CHAMBRE D'AMOUR (AVENUE DE LA)";"43,4950800000";" -1,5332700000"
"202100046904";"22";"03";"2021";"18:20";"1";"63";"63113";"2";"1";"1";"3";"CARNOT (AVENUE)";"45,7762306730";"3,0957567147"
"202100046905";"22";"03";"2021";"17:37";"1";"63";"63113";"2";"3";"1";"3";"SOUS MARIN CASABIANCA (RUE DU)";"45,8083600000";"3,1069400000"
"202100046906";"23";"03";"2021";"16:30";"1";"59";"59009";"2";"4";"1";"3";"OUEST BOULEVARD DE L";"50,6354300000";"3,1216200000"
"202100046907";"13";"03";"2021";"16:55";"1";"59";"59350";"2";"1";"1";"2";"GAMBETTA LEON RUE";"50,6280000000";"3,0510900000"
"202100046908";"22";"03";"2021";"16:55";"1";"54";"54329";"2";"3";"1";"3";"RUE GAILLARDOT";"48,5880800000";"6,4952400000"
"202100046909";"19";"03";"2021";"09:50";"1";"51";"51108";"2";"3";"1";"7";"Avenue Pierre Semard";"48,9513900000";"4,3343600000"
"202100046910";"22";"03";"2021";"17:15";"1";"49";"49353";"2";"1";"1";"1";"PERREYEUX";"47,4571852773";" -0,5118915439"
"202100046911";"22";"03";"2021";"07:55";"1";"44";"44184";"2";"2";"1";"3";"MENHIR (RUE DU)";"47,2796700000";" -2,2058000000"
"202100046912";"23";"03";"2021";"08:00";"1";"37";"37214";"2";"6";"1";"6";"LEBRUN (RUE HENRI)";"47,4005452795";"0,6787405015"
"202100046913";"23";"03";"2021";"11:00";"1";"35";"35238";"2";"1";"1";"3";"FOUGERES (RUE DE)";"48,1257300000";" -1,6550200000"
"202100046914";"23";"03";"2021";"08:27";"1";"35";"35238";"2";"1";"1";"3";"GUEHENNO (JEAN)";"48,1183100000";" -1,6693500000"
"202100046915";"23";"03";"2021";"01:20";"3";"35";"35238";"1";"1";"1";"6";"BINTINAIS (LIEU-DIT LA)";"48,0778600000";" -1,6625600000"
"202100046916";"23";"03";"2021";"09:14";"1";"33";"33063";"2";"1";"1";"3";"Avenue de Labarde";"44,8852300000";" -0,5499100000"
"202100046917";"22";"03";"2021";"08:49";"2";"31";"31555";"1";"1";"1";"4";"18 MONTAUDRAN (PERIPH EST A61)";"43,5545300000";"1,4922800000"
"202100046918";"21";"03";"2021";"12:38";"1";"31";"31555";"2";"1";"1";"7";"VA007418 PONT JUMEAUX A620 Sortie 30";"43,6084300000";"1,4108300000"
"202100046919";"18";"03";"2021";"21:42";"5";"31";"31555";"2";"1";"1";"3";"RTE D ALBI";"43,6385500000";"1,4652600000"
"202100046920";"16";"03";"2021";"14:19";"1";"31";"31555";"2";"1";"1";"6";"RUE FRANCOIS LACHAMBRE";"43,6334100000";"1,4596700000"
"202100046921";"23";"03";"2021";"20:40";"5";"31";"31555";"2";"3";"1";"3";"AV JEAN CHAUBET";"43,6052500000";"1,4799300000"
"202100046922";"10";"03";"2021";"21:43";"3";"31";"31555";"2";"1";"1";"5";"VA007333 LA FAOURETTE A620 Sortie 26";"43,5739500000";"1,4098600000"
"202100046923";"10";"03";"2021";"13:32";"1";"31";"31555";"2";"1";"1";"3";"FRONTON (AV DE) DU 1AU 176";"43,6297500000";"1,4338100000"
"202100046924";"6";"03";"2021";"13:35";"1";"31";"31555";"2";"1";"1";"6";"RUE DE METZ";"43,6005300567";"1,4473789930"
"202100046925";"9";"03";"2021";"18:43";"3";"31";"31555";"1";"1";"1";"4";"12 LES IZARDS (PERIPH EST A62)";"43,6469500000";"1,4428500000"
"202100046926";"9";"03";"2021";"18:04";"1";"31";"31555";"1";"1";"1";"3";"ECHANGEUR SESQUIERES (A62-A620)";"43,6506400000";"1,4222900000"
"202100046927";"23";"03";"2021";"15:25";"1";"29";"29019";"1";"6";"1";"6";"Chemin de Poull ar Horred";"48,3817832726";" -4,5462808013"
"202100046928";"23";"03";"2021";"16:40";"1";"27";"27562";"1";"1";"1";"7";"D64";"49,0940200000";"1,4180100000"
"202100046929";"23";"03";"2021";"12:30";"1";"27";"27681";"2";"2";"1";"6";"MADELEINE (RUE DE LA)";"49,0894900000";"1,4823000000"
"202100046930";"23";"03";"2021";"07:55";"1";"27";"27681";"2";"2";"1";"3";"Avenue de I'le de France";"49,0850800000";"1,4987000000"