"Num_Acc";"jour";"mois";"an";"hrmn";"lum";"dep";"com";"agg";"int";"atm";"col";"adr";"lat";"long"
"202100046931";"23";"03";"2021";"07:05";"1";"27";"27375";"2";"6";"1";"6";"THOREL (PLACE ERNEST)";"49,2151000000";"1,1683600000"
"202100046932";"23";"03";"2021";"11:30";"1";"25";"25462";"2";"1";"1";"2";"BESANCON (DU 26 AU 72)";"46,9088520000";"6,3491640000"
"202100046933";"23";"03";"2021";"17:50";"1";"17";"17274";"1";"1";"1";"7";"116 PK RN137 JUSTICE ROCHEFORT";"46,1554360000";" -1,1154980000"
"202100046934";"23";"03";"2021";"13:30";"1";"17";"17028";"2";"3";"7";"3";"GRASSET   AVENUE EDMOND";"46,1313520000";" -1,1005210000"
"202100046935";"19";"03";"2021";"18:05";"1";"14";"14118";"2";"4";"1";"6";"Rue MarÃ©chal Gallieni";"49,1737600000";" -0,3942000000"
"202100046936";"23";"03";"2021";"18:10";"1";"13";"13201";"2";"1";"1";"3";"GARIBALDI (BOULEVARD) NÂ° IMPAIRS";"43,2968790000";"5,3812270000"
"202100046937";"23";"03";"2021";"13:25";"1";"13";"13209";"2";"3";"1";"5";"HUVEAUNE (BOULEVARD DE)";"43,2723219898";"5,4063074165"
"202100046938";"22";"03";"2021";"17:30";"2";"13";"13209";"2";"1";"1";"1";"LUMINY (AVENUE DE)";"43,2388240000";"5,4358680000"
"202100046939";"23";"03";"2021";"17:45";"1";"13";"13004";"2";"3";"1";"3";"AV STALINGRAD";"43,6666600000";"4,6333300000"
"202100046940";"23";"03";"2021";"06:30";"2";"13";"13001";"1";"3";"1";"3";"GARDANNE (ROUTE DE )";"43,4997900000";"5,4016600000"
"202100046941";"21";"03";"2021";"18:35";"2";"11";"11262";"2";"1";"1";"3";"CREISSEL (BOULEVARD DE)";"43,1806200000";"3,0285990000"
"202100046942";"23";"03";"2021";"14:55";"1";"06";"06004";"2";"1";"1";"3";"BACON BD DU ET BD GARDIOLE";"43,5649300000";"7,1374600000"
"202100046943";"22";"03";"2021";"14:40";"1";"05";"05061";"2";"3";"1";"3";"JEAN JAURES ( AVENUE )";"44,5514100000";"6,0704400000"
"202100046944";"22";"03";"2021";"13:45";"1";"05";"05061";"2";"3";"1";"3";"EMILE DIDIER ( AV )";"44,5641800000";"6,0893300000"
"202100046945";"18";"03";"2021";"13:45";"1";"02";"02691";"2";"1";"1";"6";"HUGO DE 1 A 70 (BD VICTOR)";"49,8431446000";"3,2799450000"
"202100046946";"23";"03";"2021";"16:07";"1";"75";"75105";"2";"2";"1";"6";"BOULEVARD SAINT MARCEL";"48,8384730000";"2,3570280000"
"202100046947";"23";"03";"2021";"20:05";"5";"75";"75119";"2";"3";"1";"6";"RUE D AUBERVILLIERS";"48,8912160000";"2,3688190000"
"202100046948";"23";"03";"2021";"11:30";"1";"75";"75119";"2";"3";"1";"3";"AVENUE JEAN JAURES";"48,8830950000";"2,3714740000"
"202100046949";"23";"03";"2021";"08:00";"1";"75";"75119";"2";"2";"8";"7";"BOULEVARD SERURIER";"48,8788510000";"2,4018860000"
"202100046950";"22";"03";"2021";"13:10";"1";"75";"75118";"2";"1";"1";"3";"RUE DE LA CHAPELLE";"48,8979180000";"2,3594090000"
"202100046951";"22";"03";"2021";"16:10";"1";"75";"75116";"2";"7";"1";"2";"PLACE VICTOR HUGO";"48,8698000000";"2,2855870000"
"202100046952";"23";"03";"2021";"10:50";"1";"75";"75112";"2";"4";"1";"6";"BOULEVARD DE PICPUS";"48,8465030000";"2,4000210000"
"202100046953";"23";"03";"2021";"09:35";"1";"75";"75112";"2";"2";"1";"3";"RUE DE CHARENTON";"48,8373080000";"2,3912080000"
"202100046954";"23";"03";"2021";"17:30";"1";"75";"75111";"2";"3";"1";"3";"BOULEVARD RICHARD LENOIR";"48,8570560000";"2,3712030000"
"202100046955";"23";"03";"2021";"18:15";"2";"75";"75104";"2";"4";"1";"2";"QUAI HENRI IV";"48,8468734163";"2,3652607708"
"202100046956";"23";"03";"2021";"17:45";"1";"75";"75103";"2";"3";"1";"3";"BOULEVARD BEAUMARCHAIS";"48,8592422772";"2,3676878214"
"202100046957";"23";"03";"2021";"17:25";"1";"94";"94076";"2";"9";"1";"3";"Avenue Louis Aragon";"48,7879080000";"2,3734960000"
"202100046958";"23";"03";"2021";"11:25";"1";"94";"94043";"2";"1";"1";"6";"FONTAINEBLEAU (AV DE)";"48,8148100000";"2,3609900000"
"202100046959";"23";"03";"2021";"08:00";"1";"94";"94076";"2";"1";"1";"6";"REPUBLIQUE (AV DE LA)";"48,7886200000";"2,3642300000"
"202100046960";"23";"03";"2021";"07:02";"2";"94";"94011";"2";"1";"1";"6";"Avenue de la RÃ©publique";"48,7673200000";"2,4793100000"
"202100046961";"22";"03";"2021";"14:20";"1";"94";"94028";"2";"1";"1";"2";"Rue du GÃ©nÃ©ral Leclerc";"48,7910620000";"2,4646220000"
"202100046962";"22";"03";"2021";"21:45";"5";"94";"94054";"2";"2";"1";"3";"Rue Camille GuÃ©rin";"48,7485963508";"2,4121642113"
"202100046963";"23";"03";"2021";"15:05";"1";"93";"93066";"2";"1";"1";"6";"FONTAINE";"48,9370292078";"2,3549021940"
"202100046964";"19";"03";"2021";"16:45";"1";"93";"93066";"2";"1";"1";"6";"CROISAT AMBROISE RD 29 BIS";"48,9307000000";"2,3501500000"
"202100046965";"23";"03";"2021";"12:40";"1";"93";"93027";"2";"1";"1";"3";"SAINT-DENIS (RUE DE)";"48,9313904889";"2,3809862137"
"202100046966";"23";"03";"2021";"18:15";"1";"92";"92049";"2";"1";"1";"6";"ARNOUX AVENUE MAURICE NÂ°1 A 77";"48,8208329483";"2,3137242031"
"202100046967";"23";"03";"2021";"09:00";"1";"92";"92049";"2";"1";"1";"3";"REPUBLIQUE AVENUE DE LA NÂ°1 A 79";"48,8192900000";"2,3200900000"
"202100046968";"23";"03";"2021";"09:10";"1";"92";"92012";"2";"2";"1";"3";"GENERAL LECLERC (AVENUE DU) 35/FIN - 60/";"48,8319147090";"2,2382014990"
"202100046969";"9";"02";"2021";"17:00";"2";"92";"92012";"2";"1";"1";"6";"GEORGES SOREL (RUE)";"48,8351600000";"2,2418300000"
"202100046970";"10";"03";"2021";"16:20";"1";"33";"33294";"2";"1";"1";"6";"N/A";"44,6125250000";" -0,0889510000"
"202100046971";"23";"03";"2021";"16:00";"1";"46";"46063";"1";"1";"1";"3";"D659 LA MALODIE";"44,2782690000";"1,3546550000"
"202100046972";"23";"03";"2021";"18:50";"2";"01";"01194";"2";"1";"1";"5";"809 Rue Edouard Herriot";"45,9872070000";"4,7573260000"
"202100046973";"23";"03";"2021";"09:30";"1";"83";"83019";"2";"9";"1";"3";"Route des LavandiÃ¨res";"43,1395019700";"6,3576006400"
"202100046974";"23";"03";"2021";"07:50";"1";"974";"97413";"2";"3";"1";"1";"Rue Adrien Lagourgue";" -21,2218310000";"55,3142420000"
"202100046975";"23";"03";"2021";"10:45";"1";"23";"23176";"2";"1";"1";"6";"Avenue Jean JaurÃ¨s";"46,2399690000";"1,4790450000"
"202100046976";"24";"03";"2021";"10:15";"1";"79";"79162";"1";"2";"1";"7";"Avenue du Marais Poitevin";"46,3183380000";" -0,5627250000"
"202100046977";"23";"03";"2021";"07:40";"1";"2B";"2B342";"1";"1";"1";"7";"Mignataja";"41,9413810000";"9,3916310000"
"202100046978";"22";"03";"2021";"18:30";"1";"80";"80440";"2";"1";"1";"7";"Route d'Abbeville";"50,1942780000";"2,0726500000"
"202100046979";"21";"03";"2021";"14:40";"1";"81";"81175";"1";"1";"1";"7";"RD 12 vidalet 81630";"43,9534700000";"1,5858620000"
"202100046980";"23";"03";"2021";"20:25";"3";"49";"49080";"1";"1";"1";"6";"Le Gravier";"47,7341640000";" -0,4467920000"
"202100046981";"23";"03";"2021";"17:19";"1";"41";"41180";"1";"2";"1";"5";"La Chenilliere";"47,3950700000";"1,1882830000"
"202100046982";"23";"03";"2021";"12:00";"1";"86";"86030";"1";"1";"7";"1";"D347";"46,7178260000";"0,2165050000"
"202100046983";"24";"03";"2021";"14:45";"1";"39";"39202";"1";"1";"1";"6";"N/A";"46,9311660000";"5,9471120000"
"202100046984";"24";"03";"2021";"12:05";"1";"29";"29160";"2";"1";"1";"2";"Rue des 3 Freres le Roy";"48,4980770000";" -4,4277460000"
"202100046985";"23";"03";"2021";"16:35";"1";"31";"31587";"1";"1";"1";"1";"Route de Villemur";"43,7965390000";"1,4531890000"
"202100046986";"23";"03";"2021";"12:10";"1";"03";"03118";"2";"3";"1";"3";"28 Rue Jules Bertin";"46,0878470000";"3,1974630000"
"202100046987";"24";"03";"2021";"10:00";"1";"50";"50484";"2";"1";"1";"6";"Boulevard de la SÃ©lune";"48,5809280000";" -1,0918330000"
"202100046988";"24";"03";"2021";"13:20";"1";"28";"28192";"1";"1";"1";"6";"D30.2";"48,3282620000";"1,1233630000"
"202100046989";"24";"03";"2021";"14:10";"1";"28";"28116";"2";"3";"1";"3";"Avenue John Fitzgerald Kennedy";"48,4496990000";"1,2497700000"
"202100046990";"24";"03";"2021";"18:20";"1";"17";"17465";"2";"1";"1";"1";"Route de l'OcÃ©an";"45,9715550000";" -0,5635540000"
"202100046991";"13";"03";"2021";"21:30";"4";"37";"37050";"1";"6";"2";"6";"N/A";"47,3322231740";"0,7461172030"
"202100046992";"24";"03";"2021";"08:55";"1";"38";"38553";"2";"1";"1";"6";"rue louis ganel";"45,6191930000";"5,1523490000"
"202100046993";"24";"03";"2021";"07:45";"1";"01";"01099";"1";"1";"1";"2";"A42, pk 032+300, sens Geneve/Lyon";"45,9081880000";"5,2396140000"
"202100046994";"23";"03";"2021";"12:45";"1";"74";"74010";"2";"3";"1";"3";"Rte de Vieugy";"45,8596210000";"6,0792800000"
"202100046995";"24";"03";"2021";"08:10";"1";"51";"51454";"2";"1";"1";"4";"A344";"49,2274140000";"4,0534080000"
"202100046996";"23";"03";"2021";"08:05";"1";"58";"58225";"2";"1";"1";"2";"Route de la Gare";"46,9276270000";"3,0737020000"
"202100046997";"23";"03";"2021";"17:50";"1";"76";"76484";"1";"1";"1";"7";"Autoroute A13 pk 113.000";"49,3429360000";"1,0600950000"
"202100046998";"24";"03";"2021";"07:55";"1";"78";"78368";"2";"1";"1";"2";"11 route de rambouillet";"48,8947600000";"1,8677510000"
"202100046999";"24";"03";"2021";"17:30";"1";"31";"31417";"2";"1";"7";"6";"33 Rue Principale";"43,6177780000";"1,2838550000"
"202100047000";"24";"03";"2021";"00:59";"3";"76";"76283";"1";"1";"1";"7";"Beau Soleil";"49,7569495400";"1,3444192800"
"202100047001";"23";"03";"2021";"07:35";"1";"33";"33122";"1";"1";"1";"4";"AUTOROUTE A 63";"44,7273190000";" -0,7298840000"
"202100047002";"22";"03";"2021";"07:00";"1";"33";"33281";"1";"1";"1";"3";"ROCADE A 630";"44,8393140000";" -0,6754450000"
"202100047003";"23";"03";"2021";"17:20";"1";"91";"91589";"1";"1";"1";"4";"AUTOROUTE A6";"48,6768300000";"2,3389400000"
"202100047004";"23";"03";"2021";"20:40";"3";"95";"95394";"1";"1";"1";"2";"RN 184";"49,0519200000";"2,1554200000"
"202100047005";"23";"03";"2021";"20:50";"3";"93";"93027";"1";"1";"1";"2";"AUTOROUTE A86";"48,9284700000";"2,4133900000"
"202100047006";"23";"03";"2021";"16:00";"1";"93";"93027";"1";"1";"1";"7";"BDL";"48,9269600000";"2,4033900000"
"202100047007";"23";"03";"2021";"17:00";"1";"93";"93048";"1";"1";"1";"2";"AUTOROUTE A3";"48,8731300000";"2,4359000000"
"202100047008";"23";"03";"2021";"15:30";"1";"95";"95060";"1";"1";"1";"7";"A115";"49,0430800000";"2,1880900000"
"202100047009";"23";"03";"2021";"14:20";"1";"93";"93007";"1";"1";"1";"3";"AUTOROUTE A3";"48,9216600000";"2,4800300000"
"202100047010";"23";"03";"2021";"08:30";"1";"93";"93008";"1";"1";"1";"2";"AUTOROUTE A86";"48,9059400000";"2,4624200000"
"202100047011";"23";"03";"2021";"02:30";"3";"95";"95252";"1";"1";"1";"6";" A15";"48,9768717733";"2,2347327893"
"202100047012";"23";"03";"2021";"09:00";"1";"94";"94028";"1";"1";"1";"4";"A86 EXT";"48,7886600000";"2,4403300000"
"202100047013";"23";"03";"2021";"08:40";"1";"77";"77514";"1";"1";"1";"6";"A104";"48,9318600000";"2,6281300000"
"202100047014";"22";"03";"2021";"18:45";"1";"988";"98818";"2";"4";"1";"2";"RUE AUGUSTE BENEBIG/BOULEVARD EXTERIEUR";" -22,2725700000";"166,4495500000"
"202100047015";"22";"03";"2021";"07:55";"1";"988";"98818";"2";"3";"1";"3";"ROUTE DE L'ANSE VATA/RUE DU COMMANDANT RIVIERE";" -22,2856500000";"166,4480300000"
"202100047016";"22";"03";"2021";"16:15";"1";"974";"97416";"1";"9";"1";"3";"TROIS MARRE (CHEMIN)";" -21,2986300000";"55,4442700000"
"202100047017";"22";"03";"2021";"12:30";"1";"69";"69387";"2";"1";"1";"3";"JEAN FRANCOIS RACLET (AV)";"45,7339422789";"4,8414646213"
"202100047018";"22";"03";"2021";"09:20";"1";"69";"69259";"2";"2";"1";"3";"CHARLES DE GAULLE                   (AV)";"45,7175700000";"4,8916000000"
"202100047019";"22";"03";"2021";"15:45";"1";"972";"97213";"1";"1";"1";"1";"ROUTE DEPARTEMENTALE 3";"14,6304826771";" -60,9891128558"
"202100047020";"21";"03";"2021";"06:20";"1";"972";"97213";"1";"1";"1";"2";"AUTOROUTE A1";"14,6135200000";" -61,0108200000"
"202100047021";"20";"03";"2021";"15:00";"1";"971";"97101";"1";"1";"1";"2";"ROUTE DE BOISVINS";"16,2652000000";" -61,4875700000"
"202100047022";"22";"03";"2021";"21:25";"5";"95";"95063";"2";"1";"1";"2";"AV GABRIEL PERI";"48,9324209445";"2,2108638700"
"202100047023";"22";"03";"2021";"13:20";"1";"91";"91477";"2";"2";"1";"3";"CESAR FRANCK (RUE)";"48,7176200000";"2,2404500000"
"202100047024";"19";"03";"2021";"10:15";"1";"91";"91421";"2";"3";"1";"3";"REPUBLIQUE (AVENUE DE LA)";"48,7067300000";"2,4559900000"
"202100047025";"22";"03";"2021";"18:20";"1";"91";"91286";"2";"1";"1";"6";"DANUBE (AVENUE)";"48,6543000000";"2,3968600000"
"202100047026";"20";"03";"2021";"14:30";"1";"88";"88413";"2";"2";"1";"3";"Travaileurs ( rue des )";"48,2769800000";"6,9565610000"
"202100047027";"18";"03";"2021";"16:40";"1";"87";"87085";"2";"1";"1";"7";"SERRES (RUE OLIVIER DE)";"45,8441700000";"1,2350300000"
"202100047028";"19";"03";"2021";"12:03";"1";"80";"80021";"2";"1";"1";"6";"JACOBINS (RUE DES)";"49,8916800000";"2,2996000000"
"202100047029";"19";"03";"2021";"14:10";"1";"80";"80021";"2";"2";"1";"3";"GENERAL LECLERC (RUE DU )";"49,8973780000";"2,2951560000"
"202100047030";"22";"03";"2021";"12:25";"1";"77";"77409";"1";"1";"1";"1";"D133";"48,4041195425";"2,9752757327"
"202100047031";"6";"03";"2021";"23:05";"5";"76";"76457";"2";"1";"1";"3";"DEPARTEMENTALE 3";"49,3414600000";"0,9652700000"
"202100047032";"6";"03";"2021";"12:25";"1";"76";"76540";"2";"1";"1";"3";"LIBERATION. AVENUE DE LA";"49,4258200000";"1,0686300000"
"202100047033";"22";"03";"2021";"07:45";"1";"64";"64445";"2";"2";"1";"3";"EDOUARD HERRIOT";"43,3043414743";" -0,3798356652"
"202100047034";"20";"03";"2021";"17:05";"1";"64";"64445";"2";"3";"1";"3";"BUROS DE";"43,3213700000";" -0,3465900000"
"202100047035";"17";"03";"2021";"18:00";"1";"64";"64237";"2";"1";"1";"6";"PASTEUR";"43,2811029269";" -0,3794789314"
"202100047036";"22";"03";"2021";"10:10";"1";"59";"59636";"1";"6";"1";"6";"AbbÃ© Pierre, rue";"50,6959800000";"3,0604800000"
"202100047037";"20";"03";"2021";"16:25";"1";"56";"56162";"1";"1";"1";"7";"Boulevard de lâAtlantique";"47,7090600000";" -3,4442100000"
"202100047038";"20";"03";"2021";"05:40";"2";"45";"45285";"2";"1";"1";"2";"Rue dâAlleville";"47,9209000000";"1,8623600000"
"202100047039";"13";"03";"2021";"12:09";"1";"43";"43041";"2";"1";"1";"1";"3 Rue du Garay";"45,0467200000";"3,9329700000"
"202100047040";"22";"03";"2021";"16:00";"1";"42";"42187";"2";"1";"8";"6";"Rue Waldeck Rousseau";"46,0378303923";"4,0615628511"
"202100047041";"11";"03";"2021";"15:30";"1";"40";"40088";"2";"3";"1";"3";"TERCIS (ROUTE DE)";"43,6860400000";" -1,0783000000"
"202100047042";"21";"03";"2021";"15:15";"1";"37";"37233";"2";"3";"1";"3";"BONNIN (AVENUE JEAN)";"47,3957427554";"0,7063709327"
"202100047043";"20";"03";"2021";"11:50";"1";"37";"37261";"2";"1";"1";"6";"LOUIS XI (BOULEVARD)";"47,3740756605";"0,6748115769"
"202100047044";"22";"03";"2021";"15:45";"1";"33";"33063";"2";"3";"1";"2";"Boulevard Joliot-Curie";"44,8376450000";" -0,5482760000"
"202100047045";"22";"03";"2021";"15:30";"1";"33";"33522";"2";"2";"1";"4";"Cours de la LibÃ©ration";"44,8067000000";" -0,5917200000"
"202100047046";"20";"03";"2021";"17:30";"1";"30";"30189";"2";"1";"1";"6";"baillet claude";"43,8104400000";"4,3606200000"
"202100047047";"22";"03";"2021";"16:40";"1";"30";"30007";"2";"1";"1";"6";"LUMIERES (AVE DES FRERES)";"44,1397300000";"4,0899100000"
"202100047048";"22";"03";"2021";"19:40";"5";"17";"17300";"2";"2";"1";"3";"STADE   RUE DU";"46,1605800000";" -1,1792900000"
"202100047049";"21";"03";"2021";"08:45";"1";"15";"15014";"2";"9";"1";"6";"Avenue du Plomb du Cantal";"44,9122500000";"2,4368600000"
"202100047050";"22";"03";"2021";"08:25";"1";"14";"14118";"2";"1";"1";"1";"Rue de Falaise";"49,1633100000";" -0,3494000000"
"202100047051";"22";"03";"2021";"11:30";"1";"09";"09122";"2";"1";"1";"2";"CROS (cours IrÃ©nÃ©e)";"42,9678100000";"1,6083300000"
"202100047052";"22";"03";"2021";"14:45";"1";"06";"06104";"2";"1";"1";"6";"VERDUN (AVENUE DE, NÂ° 131 ET +)";"43,7603900000";"7,4778900000"
"202100047053";"22";"03";"2021";"10:10";"1";"06";"06083";"2";"1";"1";"7";"MORILLOT (RUE PAUL)";"43,7676790000";"7,4873320000"
"202100047054";"22";"03";"2021";"18:08";"1";"75";"75105";"2";"3";"1";"3";"QUAI DE LA TOURNELLE";"48,8507010000";"2,3525930000"
"202100047055";"19";"03";"2021";"14:20";"1";"75";"75115";"2";"4";"1";"3";"RUE PAUL BARRUEL";"48,8367400000";"2,3063390000"
"202100047056";"22";"03";"2021";"12:20";"1";"75";"75113";"2";"4";"1";"3";"BOULEVARD DE L HOPITAL";"48,8387045378";"2,3608964682"
"202100047057";"21";"03";"2021";"19:00";"5";"75";"75112";"2";"1";"1";"4";"PONT CHARLES DE GAULLE";"48,8429510000";"2,3698620000"
"202100047058";"21";"03";"2021";"19:45";"4";"75";"75112";"2";"2";"1";"6";"BOULEVARD DIDEROT";"48,8476060000";"2,3890750000"
"202100047059";"22";"03";"2021";"14:25";"1";"75";"75111";"2";"2";"1";"3";"BOULEVARD VOLTAIRE";"48,8553240000";"2,3842800000"
"202100047060";"22";"03";"2021";"16:45";"1";"75";"75110";"2";"2";"1";"6";"RUE DU CHATEAU D EAU";"48,8698640000";"2,3607150000"
"202100047061";"22";"03";"2021";"16:05";"1";"94";"94003";"2";"1";"1";"2";"Avenue Jean JaurÃ¨s";"48,8106590000";"2,3323980000"
"202100047062";"22";"03";"2021";"14:30";"1";"94";"94033";"2";"2";"8";"1";"DALAYRAC (R)";"48,8496500000";"2,4564300000"
"202100047063";"22";"03";"2021";"13:20";"1";"93";"93077";"2";"1";"1";"3";"ROSNY (AVENUE DE)";"48,8839800000";"2,5004300000"
"202100047064";"21";"03";"2021";"16:40";"1";"93";"93032";"2";"2";"1";"3";"ARISTIDE BRIAND (RUE)";"48,8827025079";"2,5349967315"
"202100047065";"22";"03";"2021";"13:58";"1";"92";"92073";"2";"1";"1";"6";"VAILLANT (AVENUE EDOUARD)";"48,8626300000";"2,2086400000"
"202100047066";"22";"03";"2021";"14:10";"1";"92";"92044";"2";"1";"1";"7";"DANTON(RUE)75A123 ET 90A134";"48,8927987264";"2,2813186795"
"202100047067";"20";"03";"2021";"19:15";"1";"92";"92036";"2";"1";"1";"5";"GENERAL DE GAULLE (AVENUE) (PAIRS)";"48,9332130353";"2,3053371906"
"202100047068";"22";"03";"2021";"15:15";"1";"92";"92004";"2";"1";"8";"3";"ARGENTEUIL AV D'";"48,9104800000";"2,2858300000"
"202100047069";"23";"03";"2021";"06:30";"2";"44";"44180";"1";"1";"1";"1";"La Croix d'Albois (Maumusson)";"47,4538330000";" -1,1180730000"
"202100047070";"23";"03";"2021";"13:00";"1";"49";"49244";"1";"1";"1";"6";"L'Ile Bigeard (st Laurent-du-mottay)";"47,3721690000";" -0,9654070000"
"202100047071";"22";"03";"2021";"17:15";"1";"86";"86285";"1";"2";"1";"3";"D13";"46,4132450000";"0,6285380000"
"202100047072";"22";"03";"2021";"13:30";"1";"06";"06149";"1";"1";"1";"6";"Route de Villefranche";"43,7299330000";"7,3095770000"
"202100047073";"23";"03";"2021";"07:50";"1";"31";"31253";"1";"3";"1";"3";"Route de Saint-clar";"43,4681010000";"1,2345240000"
"202100047074";"23";"03";"2021";"12:10";"1";"10";"10030";"2";"6";"1";"3";"Route de Troyes";"48,3303275059";"4,0383517740"
"202100047075";"23";"03";"2021";"07:45";"2";"28";"28012";"1";"1";"7";"2";"RD 927";"48,0788390000";"1,1627270000"
"202100047076";"21";"03";"2021";"16:53";"1";"28";"28088";"2";"7";"1";"6";"9 Place de la LibertÃ©";"48,0753050000";"1,3447200000"
"202100047077";"22";"03";"2021";"17:40";"1";"972";"97221";"2";"1";"1";"6";"Rue du Morne Costet";"14,5239660000";" -60,9747860000"
"202100047078";"22";"03";"2021";"17:15";"1";"84";"84056";"2";"1";"6";"1";"D950a";"44,1169309509";"4,8796999450"
"202100047079";"22";"03";"2021";"12:55";"1";"26";"26337";"1";"1";"1";"3";"Autoroute du Soleil";"44,6806770000";"4,7973350000"
"202100047080";"23";"03";"2021";"09:10";"1";"83";"83043";"1";"1";"1";"1";"Route des Maures";"43,2359990000";"6,2867750000"
"202100047081";"22";"03";"2021";"16:55";"1";"62";"62261";"2";"1";"7";"2";"rue des iris";"50,4816110000";"1,6146890000"
"202100047082";"22";"03";"2021";"12:45";"1";"30";"30047";"1";"6";"6";"3";"D6113";"43,8035000000";"4,4058000000"
"202100047083";"22";"03";"2021";"15:45";"1";"33";"33348";"1";"2";"1";"3";"N/A";"45,3582860000";" -1,0022290000"
"202100047084";"22";"03";"2021";"16:45";"1";"32";"32107";"2";"1";"1";"6";"54 Boulevard Saint - Michel";"43,9535010000";"0,3728910000"
"202100047085";"23";"03";"2021";"16:55";"1";"63";"63055";"2";"3";"1";"1";"Rue du Vegou";"45,8398960000";"2,8160160000"
"202100047086";"23";"03";"2021";"15:45";"1";"46";"46309";"2";"1";"1";"6";"Boulevard Louis Jean Malvy";"44,8950020000";"1,4792780000"
"202100047087";"23";"03";"2021";"15:30";"1";"38";"38229";"2";"1";"1";"7";"chemin des pÃ©piniÃ¨res";"45,2033660000";"5,7692490000"
"202100047088";"22";"03";"2021";"17:40";"1";"03";"03286";"1";"1";"1";"4";"RN 7";"46,5108060000";"3,3565890000"
"202100047089";"22";"03";"2021";"18:00";"1";"01";"01389";"1";"2";"7";"3";"D27b";"46,0432097851";"4,9382954836"
"202100047090";"23";"03";"2021";"14:50";"1";"64";"64417";"2";"1";"1";"6";"Chemin de la Montjoie";"43,1785416585";" -0,2572979753"
"202100047091";"22";"03";"2021";"19:50";"3";"24";"24547";"2";"9";"1";"1";"D6089";"45,1289170000";"1,3145080000"
"202100047092";"23";"03";"2021";"18:30";"1";"85";"85193";"1";"1";"1";"7";"Les Ruelles";"46,5335060000";" -1,2806800000"
"202100047093";"23";"03";"2021";"12:07";"1";"30";"30061";"1";"3";"1";"3";"D936";"43,9142765903";"4,2653706372"
"202100047094";"21";"03";"2021";"15:00";"1";"62";"62628";"2";"1";"8";"6";"Rue Jean Monnet";"50,4313320000";"2,8655170000"
"202100047095";"23";"03";"2021";"07:25";"1";"974";"97422";"2";"1";"1";"7";"Impasse des Cypres";" -21,1965210000";"55,5333760000"
"202100047096";"23";"03";"2021";"08:00";"1";"973";"97304";"2";"1";"2";"1";"20 Avenue des 2 Lacs";"5,1629550000";" -52,6513490000"
"202100047097";"23";"03";"2021";"17:25";"1";"77";"77153";"2";"3";"1";"3";"Rue Louis Braille";"49,0493350000";"2,6734490000"
"202100047098";"23";"03";"2021";"16:30";"1";"2B";"2B029";"1";"1";"1";"1";"D81";"42,6838160000";"9,3814550000"
"202100047099";"23";"03";"2021";"16:45";"1";"34";"34276";"2";"7";"1";"6";"Le Galion - AllÃ©e Eugene Saumade";"43,7686380000";"3,8638080000"
"202100047100";"23";"03";"2021";"13:05";"1";"83";"83104";"1";"1";"1";"1";"les plantiers, D 561";"43,6131330000";"5,7379750000"
"202100047101";"19";"03";"2021";"11:30";"1";"06";"06048";"2";"1";"1";"1";"Route Rd 15 la Roseyre";"43,7898040000";"7,3314390000"
"202100047102";"23";"03";"2021";"11:00";"1";"68";"68246";"1";"3";"1";"3";"RD 468";"47,9890740000";"7,5358270000"
"202100047103";"23";"03";"2021";"08:35";"1";"69";"69072";"2";"3";"1";"7";"MOULIN CARRON (DU) (CHM)";"45,8071490000";"4,7647990000"
"202100047104";"23";"03";"2021";"18:06";"1";"60";"60338";"1";"1";"1";"2";"D210";"49,3592200000";"2,7712590000"
"202100047105";"17";"03";"2021";"21:40";"5";"69";"69199";"1";"9";"1";"3";"RD383";"45,7160800000";"4,8468400000"
"202100047106";"19";"03";"2021";"14:30";"1";"62";"62637";"1";"1";"1";"4";"AUTOROUTE A1";"50,4574900000";"2,9726600000"
"202100047107";"20";"03";"2021";"03:00";"3";"59";"59383";"1";"1";"1";"6";"AUTOROUTE A2";"50,3392900000";"3,5339690000"
"202100047108";"22";"03";"2021";"15:55";"1";"91";"91064";"1";"1";"1";"2";"RN 118";"48,7649600000";"2,2295600000"
"202100047109";"22";"03";"2021";"21:20";"5";"93";"93066";"1";"1";"1";"7";"AUTOROUTE A1";"48,9138800000";"2,3577000000"
"202100047110";"22";"03";"2021";"17:15";"1";"95";"95678";"1";"1";"1";"6";"RN 184";"49,0590100000";"2,2102700000"
"202100047111";"22";"03";"2021";"14:10";"1";"95";"95018";"1";"1";"1";"2";" A15";"48,9597700000";"2,2722100000"
"202100047112";"12";"03";"2021";"10:35";"1";"93";"93008";"1";"1";"9";"2";"AUTOROUTE A86";"48,9088000000";"2,4493500000"
"202100047113";"22";"03";"2021";"08:05";"1";"93";"93066";"1";"1";"1";"3";"AUTOROUTE A1";"48,9335200000";"2,3779900000"
"202100047114";"22";"03";"2021";"08:35";"1";"95";"95572";"1";"1";"1";"4";"RN 184";"49,0354300000";"2,1163200000"
"202100047115";"22";"03";"2021";"09:15";"1";"75";"75112";"1";"1";"1";"2";"A4";"48,8200000000";"2,4600000000"
"202100047116";"21";"03";"2021";"17:30";"1";"69";"69386";"2";"2";"1";"3";"CREQUI (DE)  (R)";"45,7681300000";"4,8461900000"
"202100047117";"21";"03";"2021";"10:08";"1";"69";"69385";"2";"1";"1";"6";"AQUEDUCS (DES) (R)";"45,7581378204";"4,7951691851"
"202100047118";"20";"03";"2021";"20:20";"5";"91";"91223";"2";"1";"1";"6";"MAI 1945 (AVENUE DU 8)";"48,4411000000";"2,1465600000"