"Num_Acc";"jour";"mois";"an";"hrmn";"lum";"dep";"com";"agg";"int";"atm";"col";"adr";"lat";"long"
"202100047491";"18";"03";"2021";"08:06";"1";"63";"63014";"2";"2";"1";"3";"Roussillon/Sauzes";"45,7553800000";"3,1294100000"
"202100047492";"17";"03";"2021";"19:08";"1";"63";"63113";"2";"2";"1";"3";"BERGOUGNAN (AVENUE RAYMOND)";"45,7854400000";"3,0646400000"
"202100047493";"17";"03";"2021";"13:57";"1";"63";"63113";"2";"2";"1";"3";"CHAMPRATEL (RUE DE)";"45,8101800000";"3,1141500000"
"202100047494";"27";"02";"2021";"15:05";"1";"59";"59350";"2";"2";"1";"3";"ASIE RUE DE L";"50,6053400000";"3,0532500000"
"202100047495";"17";"03";"2021";"17:15";"1";"57";"57221";"2";"1";"1";"5";"GARE (RUE DE LA)";"49,3282400000";"6,1169700000"
"202100047496";"17";"03";"2021";"18:10";"1";"56";"56121";"2";"6";"1";"7";"Rue Marcel Sembat";"47,7483500000";" -3,3744200000"
"202100047497";"16";"03";"2021";"18:45";"2";"41";"41018";"2";"2";"1";"5";"INDUSTRIE (BOULEVARD DE L')";"47,6001400000";"1,3197000000"
"202100047498";"17";"03";"2021";"12:55";"1";"37";"37122";"1";"1";"1";"7";"VIEILLE CARTE (ROUTE DE)";"47,3283291083";"0,6412776347"
"202100047499";"17";"03";"2021";"12:30";"1";"35";"35238";"2";"1";"1";"3";"LAENNEC (BD RENE)";"48,1052700000";" -1,6660000000"
"202100047500";"8";"02";"2021";"18:15";"2";"34";"34301";"2";"1";"8";"6";"MOULINS (QUAI DES)";"43,4100260000";"3,7059900000"
"202100047501";"18";"03";"2021";"17:27";"1";"33";"33069";"2";"2";"1";"3";"Boulevard Godard";"44,8593800000";" -0,5894700000"
"202100047502";"18";"03";"2021";"09:15";"1";"33";"33039";"2";"1";"1";"3";"Route de Toulouse";"44,8047890000";" -0,5722280000"
"202100047503";"16";"03";"2021";"11:35";"1";"29";"29232";"2";"1";"1";"2";"Avenue Pierre Mendes-France";"47,9774000000";" -4,1240000000"
"202100047504";"17";"03";"2021";"17:45";"1";"29";"29039";"1";"1";"1";"2";"D783 - Rue de Pennanguer";"47,9021100000";" -3,9134400000"
"202100047505";"18";"03";"2021";"16:35";"1";"29";"29019";"2";"1";"1";"6";"Rue Amerigo Vespucci";"48,3774040000";" -4,5137600000"
"202100047506";"18";"03";"2021";"09:30";"1";"17";"17415";"2";"1";"1";"2";"Route DÃ©partementale NÂ° 131";"45,7361160000";" -0,6734100000"
"202100047507";"18";"03";"2021";"16:10";"1";"17";"17306";"2";"9";"1";"3";"EUROPE (COURS DE L')";"45,6246100000";" -1,0240500000"
"202100047508";"17";"03";"2021";"20:50";"5";"14";"14366";"2";"2";"8";"6";"Rue Pont Mortain";"49,1435800000";"0,2267700000"
"202100047509";"18";"03";"2021";"19:40";"1";"14";"14118";"2";"7";"1";"3";"Place Courtonne";"49,1839000000";" -0,3567000000"
"202100047510";"18";"03";"2021";"17:15";"1";"13";"13208";"2";"1";"1";"2";"MAZARGUES (AVENUE DE)";"43,2400000000";"5,3900000000"
"202100047511";"18";"03";"2021";"17:30";"1";"13";"13208";"2";"1";"1";"3";"PRADO (AVENUE DU)";"43,2654196200";"5,3802530169"
"202100047512";"18";"03";"2021";"14:30";"1";"13";"13208";"2";"1";"1";"3";"pointe rouge (ave)";"43,2471155781";"5,3739470297"
"202100047513";"17";"03";"2021";"16:05";"1";"11";"11069";"2";"1";"1";"2";"BARBACANE";"43,2093500000";"2,3604100000"
"202100047514";"17";"03";"2021";"08:06";"1";"10";"10387";"2";"9";"2";"6";"MAROTS (RUE DES)";"48,3053400000";"4,0522000000"
"202100047515";"18";"03";"2021";"09:15";"1";"06";"06069";"2";"1";"8";"7";"VICTOR HUGO  (BD)";"43,6555380000";"6,9192300000"
"202100047516";"18";"03";"2021";"07:36";"1";"05";"05061";"2";"3";"1";"3";"FRANCOIS MITTERAND (AVENUE)";"44,5425400000";"6,0595800000"
"202100047517";"3";"02";"2021";"14:37";"1";"05";"05061";"2";"1";"1";"6";"JEAN JAURES ( AVENUE )";"44,5514684021";"6,0704924629"
"202100047518";"17";"03";"2021";"17:15";"1";"04";"04112";"2";"1";"1";"2";"RD 4096";"43,8380300000";"5,8051800000"
"202100047519";"18";"03";"2021";"15:45";"1";"75";"75115";"2";"1";"1";"7";"ECHANGEUR ISSY";"48,8352620000";"2,2707120000"
"202100047520";"17";"03";"2021";"17:50";"1";"75";"75101";"2";"2";"2";"6";"QUAI DU LOUVRE";"48,8585060000";"2,3424870000"
"202100047521";"18";"03";"2021";"16:20";"1";"75";"75120";"2";"3";"2";"3";"RUE D AVRON";"48,8515280000";"2,3995260000"
"202100047522";"18";"03";"2021";"16:00";"1";"75";"75119";"2";"1";"2";"6";"AVENUE DE LA PORTE DU PRE SAINT GERVAIS";"48,8795255996";"2,4015881769"
"202100047523";"18";"03";"2021";"17:30";"1";"75";"75117";"2";"3";"2";"3";"AVENUE DE LA GRANDE ARMEE";"48,8750106642";"2,2911515254"
"202100047524";"18";"03";"2021";"16:45";"1";"75";"75117";"2";"5";"8";"6";"RUE ALFRED ROLL";"48,8872150000";"2,3007610000"
"202100047525";"18";"03";"2021";"16:15";"1";"75";"75117";"2";"4";"2";"3";"AVENUE NIEL";"48,8798221238";"2,2947910762"
"202100047526";"16";"03";"2021";"18:20";"1";"75";"75117";"2";"1";"8";"2";"RUE POUCHET";"48,8933810000";"2,3199460000"
"202100047527";"17";"03";"2021";"07:10";"2";"75";"75114";"2";"2";"2";"3";"AVENUE DU MAINE";"48,8375390000";"2,3229500000"
"202100047528";"18";"03";"2021";"00:30";"5";"75";"75113";"2";"4";"1";"3";"BOULEVARD DE L HOPITAL";"48,8359330000";"2,3587470000"
"202100047529";"17";"03";"2021";"18:45";"5";"75";"75112";"2";"1";"1";"3";"QUAI DE BERCY";"48,8304660000";"2,3862130000"
"202100047530";"18";"03";"2021";"21:05";"5";"75";"75110";"2";"3";"2";"3";"BOULEVARD DE MAGENTA";"48,8757849495";"2,3564869165"
"202100047531";"18";"03";"2021";"08:21";"1";"75";"75110";"2";"7";"1";"3";"PLACE FRANZ LISZT";"48,8780710000";"2,3513170000"
"202100047532";"18";"03";"2021";"11:45";"1";"75";"75108";"2";"1";"8";"3";"AVENUE HOCHE";"48,8760070000";"2,3004070000"
"202100047533";"18";"03";"2021";"16:50";"1";"75";"75101";"2";"2";"2";"3";"RUE DE RIVOLI";"48,8604170000";"2,3423470000"
"202100047534";"18";"03";"2021";"09:00";"1";"75";"75102";"2";"2";"1";"6";"RUE DES JEUNEURS";"48,8691920000";"2,3458540000"
"202100047535";"17";"03";"2021";"11:55";"1";"94";"94068";"2";"1";"8";"6";"PONT DE CRETEIL (R DU)";"48,8072800000";"2,4712600000"
"202100047536";"17";"03";"2021";"09:30";"1";"94";"94052";"2";"1";"1";"1";"CHARLES DE GAULLE (GRAND RUE)";"48,8377000000";"2,4878400000"
"202100047537";"18";"03";"2021";"12:00";"1";"94";"94028";"2";"3";"1";"2";"Rue Henri Matisse";"48,7830330000";"2,4640480000"
"202100047538";"18";"03";"2021";"16:15";"1";"93";"93031";"2";"1";"2";"6";"REPUBLIQUE (AVENUE)";"48,9527200000";"2,3159700000"
"202100047539";"18";"03";"2021";"12:50";"1";"93";"93072";"2";"1";"2";"6";"STALINGRAD (AVENUE DE) COTE DES NÂ°51 AU";"48,9480716713";"2,3770772780"
"202100047540";"18";"03";"2021";"20:50";"5";"93";"93007";"2";"2";"2";"3";"MASSENET (AVENUE)";"48,9404715785";"2,4657011032"
"202100047541";"18";"03";"2021";"20:35";"5";"93";"93001";"2";"1";"2";"3";"VICTOR HUGO (AVE)  131 A 165";"48,9095332019";"2,3784734882"
"202100047542";"17";"03";"2021";"20:46";"5";"92";"92020";"2";"9";"2";"1";"PARIS AVENUE DE NÂ° IMPAIRS";"48,8049540153";"2,2900785721"
"202100047543";"18";"03";"2021";"13:38";"1";"92";"92044";"2";"2";"2";"3";"ANA.FRANCE(RUE)77A139 ET 74A124";"48,8938069592";"2,2834798694"
"202100047544";"18";"03";"2021";"10:25";"1";"92";"92035";"2";"5";"8";"6";"GÃ©nÃ©ral de Gaulle  ( avenue du )";"48,9111523202";"2,2546301883"
"202100047545";"18";"03";"2021";"17:30";"1";"92";"92004";"2";"3";"1";"7";"CHANZY ( RUE DE )";"48,9098081991";"2,2726544738"
"202100047546";"18";"03";"2021";"09:10";"1";"92";"92004";"2";"3";"1";"3";"COLOMBES ( RUE DE 31 A )";"48,9139413675";"2,2805542499"
"202100047547";"19";"03";"2021";"07:35";"1";"86";"86289";"1";"1";"1";"3";"La pouge";"46,2402660000";"0,6700590000"
"202100047548";"18";"03";"2021";"11:15";"1";"86";"86007";"1";"3";"1";"6";"D43";"46,8525390000";"0,5292090000"
"202100047549";"19";"03";"2021";"20:00";"3";"80";"80446";"1";"1";"1";"6";"autoroute A28";"50,0267617454";"1,7360588984"
"202100047550";"19";"03";"2021";"09:30";"1";"33";"33385";"1";"1";"1";"6";"Bois Pertuis";"45,0727330000";" -0,0132610000"
"202100047551";"19";"03";"2021";"19:20";"3";"81";"81078";"1";"1";"8";"6";"D84";"43,6757420000";"1,9944680000"
"202100047552";"19";"03";"2021";"07:45";"1";"974";"97414";"2";"1";"1";"5";"36 Rue Leconte de Lisle";" -21,2779780000";"55,4139690000"
"202100047553";"19";"03";"2021";"14:45";"1";"04";"04033";"1";"1";"8";"6";"RD 900";"44,4482210000";"6,3709600000"
"202100047554";"18";"03";"2021";"17:00";"1";"56";"56075";"2";"1";"1";"1";"ZA de la DabonniÃ¨re";"47,9110560000";" -2,1271930000"
"202100047555";"10";"03";"2021";"07:00";"2";"2B";"2B251";"1";"1";"1";"7";"route de la montagne";"41,9982040000";"9,3376490000"
"202100047556";"19";"03";"2021";"07:50";"3";"12";"12153";"1";"1";"2";"6";"Candas";"44,0739780000";"2,9310030000"
"202100047557";"19";"03";"2021";"08:00";"1";"25";"25318";"2";"4";"1";"6";"Rue du Faubourg";"46,7656950000";"6,3863560000"
"202100047558";"19";"03";"2021";"12:50";"1";"01";"01263";"1";"1";"1";"4";"D933";"46,0714306292";"4,7704307735"
"202100047559";"19";"03";"2021";"19:40";"3";"72";"72331";"1";"1";"1";"6";"Rue de l'Huisne";"48,1078868189";"0,5830435752"
"202100047560";"19";"03";"2021";"07:20";"1";"14";"14570";"2";"1";"1";"5";"Route le Bourg";"49,0662470000";"0,3352220000"
"202100047561";"19";"03";"2021";"17:55";"1";"14";"14563";"1";"1";"7";"1";"Route de la Lande";"49,3195280000";"0,3052140000"
"202100047562";"18";"03";"2021";"10:55";"1";"05";"05040";"1";"3";"1";"3";"RN94,PK090600";"44,5304360000";"6,3146600000"
"202100047563";"18";"03";"2021";"13:40";"1";"27";"27246";"1";"1";"2";"1";"D6014";"49,3560340000";"1,3594830000"
"202100047564";"17";"03";"2021";"16:20";"1";"23";"23131";"1";"1";"2";"7";"Letrade";"45,8877780000";"2,4874190000"
"202100047565";"16";"03";"2021";"17:00";"1";"68";"68037";"1";"1";"2";"7";"Autoroute A35 PK 79.000";"47,9677080000";"7,3709030000"
"202100047566";"19";"03";"2021";"15:05";"1";"13";"13050";"1";"1";"2";"1";"Chemin Departemental 15";"43,6501280000";"5,2269820000"
"202100047567";"19";"03";"2021";"13:30";"1";"973";"97309";"2";"1";"1";"1";"Route de Montjoly (rd1)";"4,9205470000";" -52,2797300000"
"202100047568";"19";"03";"2021";"06:30";"3";"64";"64102";"1";"1";"2";"7";"A63";"43,4961780000";" -1,4468310000"
"202100047569";"12";"01";"2021";"09:55";"1";"34";"34213";"1";"9";"1";"2";"autoroute A9 sens sud - bretelle de sortie 33";"43,4799540000";"3,6737680000"
"202100047570";"19";"03";"2021";"05:30";"1";"988";"98817";"2";"1";"1";"6";"2190 route de la corniche";" -22,2789410000";"166,5760480000"
"202100047571";"18";"03";"2021";"10:15";"1";"974";"97408";"1";"1";"1";"4";"Route du Littoral (Pont)";" -20,9146640000";"55,3505210000"
"202100047572";"19";"03";"2021";"18:15";"1";"77";"77453";"1";"1";"1";"3";"Route Departementale 605";"48,5330610000";"2,7252960000"
"202100047573";"12";"03";"2021";"07:15";"1";"42";"42005";"2";"1";"1";"3";"Rue Denis Papin";"45,5198230000";"4,2800750000"
"202100047574";"17";"03";"2021";"20:15";"3";"38";"38349";"1";"3";"2";"3";"Route de l'Ecluse";"45,3138520000";"4,7895130000"
"202100047575";"19";"03";"2021";"00:50";"3";"26";"26170";"1";"9";"1";"6";"41 Rue du Stade";"44,8971670000";"4,9568510000"
"202100047576";"19";"03";"2021";"16:40";"1";"69";"69116";"2";"1";"1";"1";"GENERAL DE GAULLE (AV)";"45,8365283811";"4,7714487841"
"202100047577";"19";"03";"2021";"12:45";"1";"81";"81158";"1";"1";"5";"1";"82";"43,8168790000";"2,5407600000"
"202100047578";"16";"03";"2021";"17:45";"1";"86";"86163";"1";"1";"1";"1";"Route de la Foret";"46,6221900000";"0,4432930000"
"202100047579";"18";"03";"2021";"21:45";"3";"60";"60148";"1";"1";"2";"7";"D79";"49,0989790000";"2,8530340000"
"202100047580";"19";"03";"2021";"11:15";"1";"60";"60612";"2";"1";"1";"6";"Rue Vieille de Paris";"49,2033130000";"2,5824040000"
"202100047581";"18";"03";"2021";"06:50";"2";"59";"59289";"1";"1";"1";"5";"RD 958";"50,2174060000";"3,5023860000"
"202100047582";"17";"03";"2021";"18:10";"1";"13";"13215";"1";"1";"1";"2";"A7-Sens Lyon vers Marseille";"43,3694000000";"5,3611000000"
"202100047583";"18";"03";"2021";"09:08";"1";"13";"13055";"1";"1";"1";"2";"A507 sens Marseille - Aubagne";"43,2924850000";"5,4243020000"
"202100047584";"17";"03";"2021";"23:10";"3";"13";"13001";"1";"1";"1";"3";"A51-Sens Aix en Provence vers Marseille";"43,5104696924";"5,4172675398"
"202100047585";"17";"03";"2021";"18:22";"2";"13";"13005";"1";"1";"1";"2";"A50-Sens Marseille vers Aubagne";"43,2860900000";"5,5336400000"
"202100047586";"17";"03";"2021";"18:30";"1";"13";"13215";"2";"1";"1";"4";"A7-Sens Lyon vers Marseille";"43,3693100000";"5,3609300000"
"202100047587";"18";"03";"2021";"08:30";"1";"33";"33192";"1";"1";"1";"2";"ROCADE A 630";"44,7899710000";" -0,6084480000"
"202100047588";"18";"03";"2021";"17:18";"1";"91";"91589";"1";"1";"1";"5";"AUTOROUTE A6";"48,6769200000";"2,3385500000"
"202100047589";"18";"03";"2021";"14:10";"1";"94";"94034";"1";"1";"1";"4";"AUTOROUTE A86";"48,7597200000";"2,3228400000"
"202100047590";"18";"03";"2021";"10:25";"1";"91";"91434";"1";"1";"1";"4";"AUTOROUTE A6";"48,6659200000";"2,3621400000"
"202100047591";"18";"03";"2021";"21:00";"3";"78";"78073";"1";"1";"2";"7";"A12 Y";"48,8031530000";"2,0483080000"
"202100047592";"18";"03";"2021";"19:00";"3";"93";"93078";"1";"1";"2";"6";"AUTOROUTE A104";"48,9582800000";"2,5292400000"
"202100047593";"17";"03";"2021";"09:40";"1";"93";"93007";"1";"1";"2";"3";"AUTOROUTE A1";"48,9548500000";"2,4575100000"
"202100047594";"17";"03";"2021";"19:15";"1";"75";"75112";"1";"1";"1";"4";"A4";"48,8247895956";"2,4633968001"
"202100047595";"17";"03";"2021";"18:50";"3";"77";"77373";"1";"1";"2";"2";"RN104";"48,7876800000";"2,6176100000"
"202100047596";"13";"01";"2021";"21:15";"5";"62";"62498";"2";"3";"2";"3";"AURIOL (R VINCENT)";"50,4456100000";"2,8285300000"
"202100047597";"17";"03";"2021";"12:20";"1";"976";"97611";"1";"1";"1";"1";"cavani-Belle vue (rue)";" -12,7859300000";"45,2187100000"
"202100047598";"17";"03";"2021";"12:35";"1";"973";"97302";"2";"1";"1";"3";"BADUEL (ROUTE DE)";"4,9304297005";" -52,3048764983"
"202100047599";"17";"03";"2021";"12:25";"1";"69";"69386";"2";"2";"2";"6";"LOUIS BLANC (R)";"45,7644817421";"4,8461030405"
"202100047600";"17";"03";"2021";"15:30";"1";"69";"69381";"2";"1";"2";"3";"DE LATTRE DE TASSIGNY               (PT)";"45,7724746629";"4,8393112421"
"202100047601";"17";"03";"2021";"10:45";"1";"69";"69034";"2";"7";"1";"2";"GUTENBERG                           (PL)";"45,7944987558";"4,8494720766"
"202100047602";"17";"03";"2021";"08:35";"1";"69";"69382";"2";"1";"8";"2";"ST ANTOINE (Q)";"45,7629000000";"4,8320500000"
"202100047603";"17";"03";"2021";"13:45";"1";"971";"97101";"2";"1";"1";"3";"PATRICK SAINT ELOI ( AVENUE )";"16,2585500000";" -61,5191400000"
"202100047604";"17";"03";"2021";"14:30";"1";"971";"97120";"1";"9";"1";"6";"BLANCHARD";"16,2241625630";" -61,5266346931"
"202100047605";"16";"03";"2021";"22:30";"5";"971";"97113";"1";"1";"1";"1";"SECTION TOMBEAU";"16,2237676693";" -61,4817237854"
"202100047606";"16";"03";"2021";"13:30";"1";"95";"95427";"2";"3";"3";"3";"MAURICE UTRILLO (AVENUE)";"48,9759879479";"2,3519870564"
"202100047607";"16";"03";"2021";"18:30";"1";"87";"87114";"2";"2";"1";"3";"LAGRANGE (AVENUE LEO-)";"45,8295100000";"1,3131600000"
"202100047608";"14";"03";"2021";"20:28";"5";"87";"87085";"2";"2";"1";"6";"LIBERATION (AVENUE DE LA)";"45,8334800000";"1,2577200000"
"202100047609";"16";"03";"2021";"16:15";"1";"87";"87085";"2";"1";"1";"7";"PENICAUD JEAN (COURS)";"45,8263400000";"1,2482500000"
"202100047610";"16";"03";"2021";"09:06";"1";"87";"87085";"2";"1";"1";"7";"CHINCHAUVAUD (RUE DU)";"45,8415600000";"1,2646300000"
"202100047611";"16";"03";"2021";"19:50";"3";"86";"86194";"2";"1";"2";"3";"Rocade ouest";"46,6000990000";"0,3220430000"
"202100047612";"16";"03";"2021";"14:05";"1";"83";"83137";"2";"1";"1";"6";"FRANCE (RUE ANATOLE)";"43,1229690000";"5,9295380000"
"202100047613";"17";"03";"2021";"15:40";"1";"79";"79259";"1";"2";"1";"1";"N/A";"46,9538400000";" -0,2150800000"
"202100047614";"17";"03";"2021";"10:20";"1";"78";"78498";"2";"9";"1";"3";"GAMBETTA BD";"48,9298400000";"2,0471700000"
"202100047615";"17";"03";"2021";"08:45";"1";"77";"77445";"2";"2";"1";"3";"EUROPE (AVENUE DE L')";"48,5957900000";"2,5865600000"
"202100047616";"10";"03";"2021";"14:30";"1";"76";"76447";"1";"6";"1";"6";"PRESIDENT WILSON";"49,5348695336";"0,1786079783"
"202100047617";"16";"03";"2021";"14:20";"1";"71";"71306";"2";"1";"1";"3";"BARBES (RUE)";"46,6650291344";"4,3680605292"
"202100047618";"16";"03";"2021";"19:30";"2";"69";"69092";"2";"3";"2";"3";"BEAUJOLAIS (DU) (AV)";"45,9987100000";"4,7064400000"
"202100047619";"17";"03";"2021";"07:40";"1";"64";"64249";"2";"1";"2";"6";"GETARIA(AVENUE)";"43,4250030000";" -1,6043810000"
"202100047620";"17";"03";"2021";"08:06";"1";"63";"63113";"2";"3";"1";"6";"JOUHAUX (BD LEON)";"45,7942986104";"3,1174167633"
"202100047621";"4";"03";"2021";"07:30";"1";"62";"62065";"2";"1";"8";"3";"VOLTAIRE";"50,4197600000";"2,8442700000"
"202100047622";"17";"03";"2021";"15:20";"1";"59";"59350";"2";"3";"2";"3";"FAUBOURG DES POSTES RUE";"50,6111281419";"3,0457822894"
"202100047623";"16";"03";"2021";"17:05";"1";"59";"59165";"2";"3";"2";"3";"ROBESPIERRE (RUE MAXIMILIEN)";"50,3836300000";"3,0578100000"
"202100047624";"17";"03";"2021";"14:30";"1";"54";"54184";"2";"3";"2";"3";"FOCH (AVENUE)";"48,7052752680";"6,2297566608"
"202100047625";"17";"03";"2021";"07:35";"1";"51";"51454";"2";"1";"1";"7";"Rue de Neufchatel";"49,2735000000";"4,0266200000"
"202100047626";"17";"03";"2021";"08:10";"1";"37";"37214";"2";"6";"1";"6";"VOISIN (BOULEVARD ANDRE-GEORGES)";"47,4303720994";"0,6727194785"
"202100047627";"17";"03";"2021";"13:50";"1";"35";"35238";"2";"1";"1";"6";"GENIAUX (RUE CHARLES)";"48,1108100000";" -1,7118080000"
"202100047628";"16";"03";"2021";"14:25";"1";"34";"34172";"2";"1";"1";"5";"TOULOUSE (AVENUE DE)";"43,5939300000";"3,8605300000"
"202100047629";"16";"03";"2021";"15:20";"1";"33";"33192";"2";"6";"1";"3";"Route de CanÃ©jan";"44,7657400000";" -0,6389200000"
"202100047630";"16";"03";"2021";"13:00";"1";"32";"32013";"2";"3";"1";"3";"LOUIS BLANC (PLACE)";"43,6470300000";"0,5874600000"
"202100047631";"17";"03";"2021";"16:03";"1";"30";"30189";"2";"1";"1";"6";"MONTPELLIER (ROUTE DE)";"43,8075400000";"4,3252000000"
"202100047632";"16";"03";"2021";"18:30";"2";"27";"27456";"1";"1";"8";"1";"PARIS (ROUTE DE)";"49,2006100000";"1,2044000000"
"202100047633";"17";"03";"2021";"12:16";"1";"17";"17300";"2";"3";"1";"6";"NORMANDIN   RUE EMILE";"46,1493500000";" -1,1446600000"
"202100047634";"17";"03";"2021";"20:25";"1";"14";"14301";"2";"1";"1";"7";"D403";"49,1850000000";" -0,2946900000"
"202100047635";"17";"03";"2021";"08:00";"1";"14";"14118";"2";"1";"1";"2";"N814";"49,1952800000";" -0,4027400000"
"202100047636";"17";"03";"2021";"17:25";"1";"13";"13205";"2";"1";"1";"6";"JEAN MOULIN (BOULEVARD)";"43,2910797616";"5,3999451553"
"202100047637";"17";"03";"2021";"08:15";"1";"13";"13211";"2";"3";"1";"3";"SAINT MARCEL (BOULEVARD DE )";"43,2887260000";"5,4583420000"
"202100047638";"16";"03";"2021";"10:30";"1";"13";"13211";"2";"3";"1";"3";"GAIA (rd point)";"43,2967000000";"5,4765000000"
"202100047639";"15";"03";"2021";"14:45";"1";"13";"13215";"2";"1";"1";"3";"SAINT ANTOINE A SAINT JOSEPH (CHEMIN DE)";"43,3592660000";"5,3650130000"
"202100047640";"16";"03";"2021";"08:20";"1";"13";"13206";"2";"1";"1";"3";"TUNNEL PRADO SUD";"43,2830633511";"5,3866535425"
"202100047641";"9";"03";"2021";"16:35";"1";"13";"13201";"2";"1";"1";"6";"LIBERATION (BOULEVARD)  1 A 65";"43,2994130000";"5,3864120000"
"202100047642";"17";"03";"2021";"14:05";"1";"10";"10387";"2";"1";"2";"7";"BEGAND (RUE)";"48,2946400000";"4,0653100000"
"202100047643";"17";"03";"2021";"10:30";"1";"06";"06069";"2";"1";"1";"4";"PLAN (ROUTE DU) -D304-";"43,6529760000";"6,9463200000"
"202100047644";"17";"03";"2021";"09:00";"1";"06";"06123";"1";"1";"1";"3";"CURIE PIERRE ET MARIE AVENUE";"43,6916480000";"7,1854540000"
"202100047645";"15";"03";"2021";"15:50";"1";"02";"02691";"2";"2";"1";"3";"DENELLE (PLACE DUFOUR)";"49,8435400000";"3,2787500000"
"202100047646";"17";"03";"2021";"13:30";"1";"75";"75115";"2";"1";"1";"2";"PORTE D ISSY";"48,8347800000";"2,2667970000"
"202100047647";"16";"03";"2021";"11:20";"1";"75";"75113";"2";"1";"2";"2";"QUAI D IVRY";"48,8257910000";"2,3865890000"
"202100047648";"16";"03";"2021";"06:30";"1";"75";"75113";"2";"1";"1";"3";"PORTE D ITALIE";"48,8177380000";"2,3673380000"
"202100047649";"17";"03";"2021";"08:25";"1";"75";"75110";"2";"7";"2";"3";"PLACE DE LA REPUBLIQUE";"48,8679510000";"2,3623910000"
"202100047650";"17";"03";"2021";"17:00";"1";"75";"75120";"2";"2";"2";"6";"RUE HAXO";"48,8760040000";"2,4025500000"
"202100047651";"17";"03";"2021";"17:45";"2";"75";"75116";"2";"3";"2";"3";"BOULEVARD LANNES";"48,8668700000";"2,2718220000"
"202100047652";"17";"03";"2021";"09:15";"1";"75";"75115";"2";"1";"2";"7";"BOULEVARD DE VAUGIRARD";"48,8414640000";"2,3185980000"
"202100047653";"17";"03";"2021";"16:30";"1";"75";"75111";"2";"1";"3";"3";"RUE DE CHARONNE";"48,8561900000";"2,3932640000"
"202100047654";"17";"03";"2021";"15:10";"1";"75";"75111";"2";"3";"1";"2";"BOULEVARD BEAUMARCHAIS";"48,8606690000";"2,3673300000"
"202100047655";"17";"03";"2021";"07:45";"1";"75";"75103";"2";"2";"1";"3";"RUE DE BRETAGNE";"48,8628850000";"2,3625560000"
"202100047656";"16";"03";"2021";"12:30";"1";"94";"94068";"2";"1";"2";"2";"REPUBLIQUE (AV DE LA)";"48,8038602745";"2,4859133541"
"202100047657";"17";"03";"2021";"07:35";"2";"94";"94042";"2";"1";"2";"3";"CANADIENS (AV DES)";"48,8202800000";"2,4672400000"
"202100047658";"15";"03";"2021";"13:00";"1";"94";"94041";"2";"2";"2";"5";"Quai Jean Compagnon";"48,8194200000";"2,3979700000"
"202100047659";"17";"03";"2021";"15:45";"1";"94";"94033";"2";"9";"2";"1";"JEAN JAURES (R)";"48,8563100000";"2,4706000000"
"202100047660";"17";"03";"2021";"17:10";"1";"94";"94018";"2";"1";"2";"1";"PARIS (R DE)";"48,8221600000";"2,4124500000"
"202100047661";"17";"03";"2021";"13:50";"1";"93";"93066";"2";"2";"1";"3";"CARNOT (BOULEVARD)";"48,9386900000";"2,3553200000"
"202100047662";"16";"03";"2021";"19:22";"5";"93";"93055";"2";"9";"2";"3";"GENERAL LECLERC (AVENUE)(1/41 ET 2/76)";"48,8994400000";"2,4090400000"
"202100047663";"15";"03";"2021";"17:50";"1";"93";"93053";"2";"3";"1";"3";"VAILLANT COUTURIER (RUE)";"48,8906785662";"2,4514791249"
"202100047664";"17";"03";"2021";"20:00";"5";"93";"93048";"2";"2";"2";"3";"GABRIEL PERI (AVENUE)";"48,8568286172";"2,4430605299"
"202100047665";"17";"03";"2021";"18:00";"1";"93";"93001";"2";"1";"2";"3";"VICTOR HUGO (AVE)  NÂ° 122 =>";"48,9119494622";"2,3796866244"
"202100047666";"17";"03";"2021";"18:50";"2";"75";"75114";"2";"3";"2";"6";"BOULEVARD ADOPLPHE PINARD";"48,8234458006";"2,3090855777"
"202100047667";"17";"03";"2021";"15:20";"1";"92";"92046";"2";"1";"2";"3";"GABRIEL PERI";"48,8192557009";"2,2957912087"
"202100047668";"17";"03";"2021";"20:20";"5";"92";"92035";"2";"6";"8";"6";"GÃ©nÃ©ral de Gaulle  ( avenue du )";"48,9051400000";"2,2557800000"
"202100047669";"16";"03";"2021";"09:00";"1";"38";"38340";"2";"3";"1";"6";"40 Rue Pasteur";"45,4526440000";"4,7713100000"
"202100047670";"16";"03";"2021";"18:00";"1";"17";"17010";"2";"1";"1";"7";"Route de la Douane";"46,1045610000";" -1,1219950000"
"202100047671";"18";"03";"2021";"09:15";"1";"71";"71481";"1";"1";"1";"6";"A6";"46,1858030000";"4,7721650000"
"202100047672";"18";"03";"2021";"07:12";"2";"52";"52307";"1";"1";"1";"6";"A5 PK 224.800";"47,9398070000";"5,1961680000"
"202100047673";"17";"03";"2021";"16:07";"1";"74";"74112";"2";"3";"1";"3";"45 Rte de Bromines";"45,9401530000";"6,0709070000"
"202100047674";"14";"03";"2021";"15:00";"1";"974";"97410";"2";"6";"1";"7";"Route Nationale 2";" -21,0520420000";"55,7201460000"
"202100047675";"17";"03";"2021";"13:30";"1";"06";"06095";"1";"1";"1";"1";"35 Boulevard des 5 Communes";"43,6501570000";"6,8845760000"
"202100047676";"10";"03";"2021";"19:55";"5";"2A";"2A130";"2";"1";"1";"6";"RT 40 Ã  hauteur de la place de la fontaine";"41,8691811916";"8,9642253120"
"202100047677";"17";"03";"2021";"17:40";"1";"82";"82073";"1";"1";"1";"1";"RD813";"44,1038310000";"0,9065220000"