"Num_Acc";"jour";"mois";"an";"hrmn";"lum";"dep";"com";"agg";"int";"atm";"col";"adr";"lat";"long"
"202100047678";"17";"03";"2021";"16:00";"1";"34";"34218";"1";"1";"1";"6";"DÃ©partementale 20";"43,4438210000";"2,9994070000"
"202100047679";"13";"03";"2021";"09:50";"1";"72";"72248";"1";"1";"8";"7";"D13";"47,8198400000";"0,4228560000"
"202100047680";"18";"03";"2021";"08:30";"1";"50";"50615";"1";"1";"1";"2";"Route de la Ferme";"49,5108670000";" -1,4917590000"
"202100047681";"18";"03";"2021";"07:35";"1";"36";"36196";"1";"1";"1";"3";"D1 - Pk 50 +153";"46,4776940000";"1,4358400000"
"202100047682";"17";"03";"2021";"13:05";"1";"85";"85051";"1";"1";"1";"6";"D31";"46,6713640000";" -1,0190030000"
"202100047683";"17";"03";"2021";"12:00";"1";"74";"74081";"2";"3";"2";"6";"Av Paul Bechet";"46,0647970000";"6,5797220000"
"202100047684";"18";"03";"2021";"08:40";"1";"91";"91115";"1";"1";"1";"5";"D116";"48,5845140000";"2,1837040000"
"202100047685";"16";"03";"2021";"11:18";"1";"78";"78522";"1";"1";"1";"6";"Haras de la Cense";"48,5967980000";"1,9985650000"
"202100047686";"17";"03";"2021";"19:40";"5";"34";"34057";"2";"1";"1";"1";"275 Route de Nimes";"43,6353800000";"3,9248550000"
"202100047687";"15";"03";"2021";"14:50";"1";"68";"68297";"2";"1";"1";"2";"5 Rue de Seville";"47,6072260000";"7,5357790000"
"202100047688";"16";"03";"2021";"12:50";"1";"57";"57006";"1";"1";"1";"6";"PK 4.700 D84";"49,0408360000";"7,1983190000"
"202100047689";"17";"03";"2021";"02:00";"3";"85";"85087";"1";"1";"1";"6";"D3";"46,5393070000";" -0,6222940000"
"202100047690";"17";"03";"2021";"11:00";"1";"14";"14562";"2";"1";"1";"3";"Rue du Marechal Foch";"49,3296860000";" -0,3927100000"
"202100047691";"17";"03";"2021";"07:45";"1";"13";"13028";"1";"1";"1";"6";"A50";"43,1917546697";"5,6566983461"
"202100047692";"15";"03";"2021";"13:05";"1";"83";"83144";"1";"1";"1";"5";"A57";"43,1351060000";"5,9901900000"
"202100047693";"17";"03";"2021";"21:40";"3";"91";"91086";"1";"1";"1";"7";"RN 104";"48,6241380000";"2,3769960000"
"202100047694";"17";"03";"2021";"09:40";"1";"94";"94034";"1";"1";"1";"4";"AUTOROUTE A86";"48,7599900000";"2,3213400000"
"202100047695";"17";"03";"2021";"07:55";"1";"91";"91228";"1";"1";"1";"4";"AUTOROUTE A6";"48,6281100000";"2,4127500000"
"202100047696";"17";"03";"2021";"16:12";"1";"78";"78238";"1";"1";"2";"4";"A13";"48,9705840000";"1,8752520000"
"202100047697";"17";"03";"2021";"08:00";"1";"92";"92036";"1";"1";"2";"5";"A86";"48,9345665738";"2,2803041270"
"202100047698";"16";"03";"2021";"07:00";"1";"78";"78362";"1";"1";"5";"2";"A13";"48,9759740000";"1,7226690000"
"202100047699";"17";"03";"2021";"21:00";"3";"93";"93010";"1";"1";"1";"5";"AUTOROUTE A3";"48,9065400000";"2,4724500000"
"202100047700";"17";"03";"2021";"15:30";"1";"95";"95527";"1";"1";"2";"3";" A3";"48,9863604960";"2,5069879998"
"202100047701";"17";"03";"2021";"11:00";"1";"95";"95277";"1";"1";"1";"2";"AUTOROUTE A3";"48,9776905596";"2,4943090192"
"202100047702";"17";"03";"2021";"07:00";"1";"95";"95252";"1";"1";"2";"5";"A15";"48,9789465762";"2,2292576259"
"202100047703";"17";"03";"2021";"15:30";"1";"94";"94033";"1";"1";"2";"3";"A86.INT";"48,8491582156";"2,4907286998"
"202100047704";"8";"03";"2021";"18:40";"5";"973";"97302";"2";"1";"1";"2";"MONTABO (ROUTE DE) 3";"4,9321800000";" -52,2904900000"
"202100047705";"8";"03";"2021";"17:24";"1";"973";"97302";"2";"1";"1";"6";"TROUBIRAN (CHEMIN DE)";"4,9164600000";" -52,3094500000"
"202100047706";"7";"03";"2021";"10:20";"1";"973";"97302";"2";"3";"1";"3";"RABAN (ROUTE DE)";"4,9279758056";" -52,3138690000"
"202100047707";"8";"03";"2021";"08:31";"1";"973";"97302";"2";"1";"1";"3";"MADELEINE (ROUTE DE LA)";"4,9189540833";" -52,3217868889"
"202100047708";"8";"03";"2021";"07:34";"1";"973";"97302";"2";"1";"1";"3";"BADUEL (ROUTE DE)";"4,9303134716";" -52,3046822844"
"202100047709";"8";"03";"2021";"18:45";"5";"69";"69259";"2";"9";"1";"3";"IRENE JOLIOT CURIE                  (BD)";"45,7170900000";"4,8774800000"
"202100047710";"8";"03";"2021";"17:00";"1";"69";"69388";"2";"3";"1";"3";"VIENNE (DE) (RTE)";"45,7373013519";"4,8525506258"
"202100047711";"1";"03";"2021";"15:10";"1";"69";"69386";"2";"9";"1";"6";"JULES FERRY                         (PL)";"45,7680500000";"4,8590800000"
"202100047712";"8";"03";"2021";"09:25";"1";"69";"69388";"2";"2";"1";"3";"AMBROISE PARE (BD)";"45,7372756026";"4,8841324623"
"202100047713";"8";"03";"2021";"05:45";"5";"69";"69386";"2";"2";"1";"3";"GARIBALDI  (R)";"45,7673900000";"4,8507400000"
"202100047714";"7";"03";"2021";"12:40";"1";"91";"91645";"2";"3";"1";"3";"POMPIDOU (AVENUE GEORGES)";"48,7489700000";"2,2788700000"
"202100047715";"8";"03";"2021";"17:50";"1";"91";"91027";"2";"1";"1";"6";"RUE BAYETTO";"48,7018900000";"2,3729800000"
"202100047716";"5";"03";"2021";"11:25";"1";"87";"87085";"2";"3";"1";"2";"PETINIAUD BEAUPEYRAT (RUE)";"45,8278700000";"1,2546300000"
"202100047717";"6";"03";"2021";"11:20";"1";"83";"83069";"2";"6";"1";"2";"MILLET (AVENUE ERNEST)";"43,1176300000";"6,1266200000"
"202100047718";"5";"03";"2021";"16:35";"1";"80";"80021";"2";"9";"1";"2";"GEORGES CLEMENCEAU (CARREFOUR)";"49,9073820614";"2,3019629717"
"202100047719";"5";"03";"2021";"14:20";"1";"80";"80021";"2";"1";"1";"1";"ANDRE CHENIER (RUE)";"49,8776900000";"2,2864100000"
"202100047720";"8";"03";"2021";"11:35";"1";"78";"78372";"2";"1";"1";"6";"AMIRAL LEMONNIER (AVENUE DE L')";"48,8791900000";"2,0998100000"
"202100047721";"8";"03";"2021";"16:45";"1";"78";"78401";"2";"3";"1";"6";"ALBERT JOZON (RUE)";"49,0057180000";"1,9064490000"
"202100047722";"7";"03";"2021";"17:15";"1";"78";"78172";"2";"1";"1";"2";"ALLENDE (BD SALVATOR)";"49,0027600000";"2,0756100000"
"202100047723";"7";"03";"2021";"09:40";"1";"74";"74012";"2";"1";"7";"6";"VALLEES (ROUTE DES)";"46,1932200000";"6,2429800000"
"202100047724";"5";"03";"2021";"11:15";"1";"74";"74012";"2";"9";"1";"3";"ZOLA (RUE EMILE)";"46,1958270000";"6,2314080000"
"202100047725";"7";"03";"2021";"15:30";"1";"72";"72181";"2";"1";"1";"2";"MAILLETS (RUE DES) NÂ° PAIRS 14 ET >";"48,0137100000";"0,2081400000"
"202100047726";"8";"03";"2021";"07:55";"1";"69";"69290";"2";"6";"1";"3";"EGALITE (DE L') (R)";"45,6858900000";"4,9471100000"
"202100047727";"3";"03";"2021";"07:50";"2";"69";"69091";"1";"2";"1";"3";"YOURI GAGARINE (AV)";"45,6018800000";"4,7704000000"
"202100047728";"6";"03";"2021";"09:24";"1";"66";"66136";"2";"1";"1";"6";"CLEMENCEAU (BOULEVARD)";"42,7007900000";"2,8916400000"
"202100047729";"5";"03";"2021";"17:37";"1";"66";"66136";"2";"1";"1";"6";"SAUVY (ALFRED)";"42,7081900000";"2,9088300000"
"202100047730";"5";"03";"2021";"11:28";"1";"66";"66136";"2";"3";"1";"3";"INDUSTRIE (AVENUE DE L')";"42,7301500000";"2,8989200000"
"202100047731";"7";"03";"2021";"18:10";"1";"65";"65440";"2";"1";"1";"6";"MOULIN (BOULEVARD JEAN)";"43,2204678420";"0,0587886572"
"202100047732";"8";"03";"2021";"13:55";"1";"64";"64024";"2";"6";"1";"7";"SAUBADINE (RUE DE)";"43,4961100000";" -1,5288900000"
"202100047733";"7";"03";"2021";"12:42";"1";"63";"63113";"2";"1";"2";"3";"JAURES (BD JEAN)";"45,7678549524";"3,0829938234"
"202100047734";"5";"03";"2021";"18:34";"1";"63";"63075";"2";"2";"1";"3";"BLATIN/berthelot";"45,7763000000";"3,0732200000"
"202100047735";"5";"03";"2021";"18:27";"1";"63";"63113";"2";"1";"1";"7";"BERTHELOT (BOULEVARD)";"45,7816000000";"3,0708300000"
"202100047736";"28";"01";"2021";"11:00";"1";"62";"62842";"2";"1";"1";"7";"PREMIER MAI (R DU)";"50,4668830000";"2,8660930000"
"202100047737";"30";"01";"2021";"16:00";"1";"62";"62528";"2";"3";"2";"3";"SALENGRO (R ROGER)";"50,4466390000";"2,8021980000"
"202100047738";"24";"02";"2021";"17:21";"1";"58";"58194";"2";"3";"1";"3";"LYON (FAUBOURG)";"46,9819000000";"3,1602000000"
"202100047739";"6";"03";"2021";"09:49";"1";"57";"57591";"2";"1";"1";"6";"VERSAILLES (RUE DE)";"49,2519500000";"6,0946900000"
"202100047740";"6";"03";"2021";"12:00";"1";"54";"54431";"2";"2";"1";"3";"BRUXELLES (RUE DE)";"48,9160100000";"6,0681600000"
"202100047741";"8";"02";"2021";"17:32";"1";"49";"49007";"2";"1";"1";"3";"KING MARTIN-LUTHER RUE ET SQUARE";"47,4504100000";" -0,5625800000"
"202100047742";"7";"03";"2021";"12:34";"1";"38";"38544";"2";"1";"1";"2";"LAFAYETTE(RUE)";"45,5272900000";"4,8978400000"
"202100047743";"6";"03";"2021";"09:35";"1";"37";"37261";"2";"1";"1";"6";"MAGINOT (AV. ANDRE)";"47,4223848961";"0,6967928412"
"202100047744";"7";"03";"2021";"11:30";"1";"37";"37122";"1";"1";"1";"7";"RD 37";"47,3406400000";"0,6626600000"
"202100047745";"8";"03";"2021";"10:25";"1";"35";"35051";"2";"2";"1";"3";"ALLIES (BOULEVARD DES)";"48,1307400000";" -1,6212400000"
"202100047746";"8";"03";"2021";"17:25";"1";"29";"29051";"1";"1";"1";"6";"D15 - Route de Coray";"48,0242600000";" -3,9827100000"
"202100047747";"5";"03";"2021";"08:50";"1";"14";"14437";"2";"1";"1";"6";"Route de Cabourg";"49,1831200000";" -0,3167300000"
"202100047748";"8";"03";"2021";"16:50";"1";"13";"13211";"2";"1";"1";"3";"SAINT MARCEL (BOULEVARD DE )";"43,2878140000";"5,4643720000"
"202100047749";"4";"03";"2021";"16:50";"1";"13";"13028";"2";"1";"1";"3";"SUBILIA (AVENUE ERNEST )";"43,1847383946";"5,6089010529"
"202100047750";"5";"03";"2021";"15:00";"1";"11";"11262";"2";"1";"1";"2";"BORDEAUX (AVENUE DE)";"43,1815600000";"2,9791600000"
"202100047751";"8";"03";"2021";"08:20";"1";"06";"06069";"2";"1";"1";"4";"SIDI BRAHIM (AVENUE)";"43,6503200000";"6,9288670000"
"202100047752";"6";"03";"2021";"15:50";"1";"06";"06004";"2";"1";"1";"7";"LECLERC BD MARECHAL";"43,5755490000";"7,1243440000"
"202100047753";"15";"03";"2021";"16:50";"1";"976";"97611";"2";"1";"1";"3";"mgombani-Baobab ( Bd )";" -12,7818200000";"45,2349400000"
"202100047754";"16";"03";"2021";"18:20";"2";"974";"97416";"1";"9";"1";"2";"RN1(BRETELLE ACCES)";" -21,3044600000";"55,4280700000"
"202100047755";"16";"03";"2021";"05:50";"3";"974";"97411";"2";"1";"2";"6";"JAURES (BLD 2 JEAN)";" -20,9009800000";"55,4928100000"
"202100047756";"16";"03";"2021";"13:30";"1";"974";"97407";"1";"1";"1";"3";"ROUTE NATIONALE NÂ° 1";" -20,9511400000";"55,3178800000"
"202100047757";"16";"03";"2021";"15:47";"1";"973";"97302";"2";"1";"1";"3";"BADUEL (ROUTE DE)";"4,9289200000";" -52,3010500000"
"202100047758";"16";"03";"2021";"13:45";"1";"973";"97302";"2";"1";"1";"2";"VIRGILE (AVENUE)";"4,9417300000";" -52,3208800000"
"202100047759";"16";"03";"2021";"15:40";"1";"69";"69386";"2";"1";"1";"6";"VITTON (CR)";"45,7693758130";"4,8512677517"
"202100047760";"16";"03";"2021";"16:30";"1";"69";"69386";"2";"2";"1";"3";"VENDOME (R)";"45,7718235977";"4,8444396257"
"202100047761";"16";"03";"2021";"10:30";"1";"69";"69383";"2";"2";"1";"3";"LAC (DU) (R)";"45,7567100000";"4,8547700000"
"202100047762";"16";"03";"2021";"15:30";"1";"91";"91687";"2";"9";"3";"3";"GENERAL DE GAULLE (AVENUE DU)";"48,6742000000";"2,3872800000"
"202100047763";"12";"03";"2021";"15:34";"1";"87";"87085";"2";"1";"1";"6";"VANTEAUX (BOULEVARD DE)";"45,8205900000";"1,2313400000"
"202100047764";"11";"03";"2021";"14:40";"1";"84";"84031";"2";"1";"1";"2";"SAINT ROCH AVENUE";"44,0778900000";"5,0647900000"
"202100047765";"5";"02";"2021";"07:40";"2";"30";"30351";"1";"1";"1";"6";"VERDUN AVENUE DE";"43,9634400000";"4,8002300000"
"202100047766";"18";"01";"2021";"16:40";"1";"83";"83129";"2";"1";"1";"3";"COMMERCE (RUE DU)";"43,1151880000";"5,8441060000"
"202100047767";"15";"03";"2021";"17:10";"1";"83";"83069";"2";"2";"1";"6";"ROUBAUD (CHEMIN DU)";"43,1140390000";"6,1338710000"
"202100047768";"14";"03";"2021";"20:10";"5";"80";"80021";"2";"3";"1";"2";"HENRI FARMAN (RUE)";"49,9116313024";"2,3016786575"
"202100047769";"16";"03";"2021";"20:30";"5";"78";"78401";"2";"1";"2";"6";"MARECHAL JOFFRE (AVENUE DU)";"49,0084500000";"1,9310600000"
"202100047770";"15";"03";"2021";"16:32";"1";"76";"76351";"2";"2";"1";"7";"MOGADOR";"49,4972000000";"0,0983600000"
"202100047771";"16";"03";"2021";"21:15";"4";"76";"76565";"1";"6";"2";"7";"RD 915";"49,8734900000";"1,0998300000"
"202100047772";"15";"03";"2021";"15:50";"1";"72";"72181";"2";"1";"1";"6";"PALMIERS (RUE DES)";"48,0173400000";"0,2024100000"
"202100047773";"15";"03";"2021";"14:30";"1";"72";"72181";"1";"1";"1";"1";"ITALIENS (BD DES)";"47,9471800000";"0,2070700000"
"202100047774";"15";"03";"2021";"12:30";"1";"71";"71153";"1";"1";"2";"7";"Route dâEpinac";"46,8190830000";"4,4527580000"
"202100047775";"16";"03";"2021";"18:30";"2";"69";"69266";"2";"3";"1";"3";"EMILE ZOLA (CR)";"45,7696558981";"4,8788174987"
"202100047776";"16";"03";"2021";"15:15";"1";"69";"69290";"2";"1";"1";"6";"HENRI MARECHAL (R)";"45,6914113389";"4,9383481563"
"202100047777";"15";"03";"2021";"10:50";"1";"69";"69264";"2";"1";"1";"6";"PAUL BERT (R)";"45,9896900000";"4,7158600000"
"202100047778";"15";"03";"2021";"10:04";"1";"68";"68166";"2";"2";"1";"4";"MULHOUSE (FAUBOURG DE)";"47,7926600000";"7,3356800000"
"202100047779";"15";"03";"2021";"07:45";"1";"67";"67482";"2";"3";"8";"3";"ROMAINS (ROUTE DES)";"48,5791660000";"7,7129350000"
"202100047780";"13";"03";"2021";"14:37";"1";"67";"67447";"2";"8";"1";"7";"PIERRE MENDES FRANCE (AVENUE)";"48,6041300000";"7,7581200000"
"202100047781";"12";"03";"2021";"14:30";"1";"67";"67482";"2";"1";"1";"3";"ROBERTSAU (ALLEE DE LA)";"48,5881100000";"7,7656800000"
"202100047782";"15";"03";"2021";"17:39";"1";"66";"66136";"2";"1";"1";"2";"MASSANE (AVENUE DE LA)";"42,6971800000";"2,8724500000"
"202100047783";"16";"03";"2021";"07:45";"1";"64";"64445";"2";"2";"1";"3";"HONORE BARADAT";"43,3054000000";" -0,3610800000"
"202100047784";"16";"03";"2021";"08:05";"1";"64";"64102";"2";"1";"2";"3";"MOUNEDE (AVENUE DE)";"43,4989754822";" -1,4580676834"
"202100047785";"15";"03";"2021";"14:30";"1";"63";"63113";"2";"2";"1";"2";"CLEMENTEL (BD ETIENNE)";"45,8097900000";"3,1092000000"
"202100047786";"16";"03";"2021";"14:30";"1";"59";"59512";"2";"1";"2";"6";"DE ROUBAIX (RUE PIERRE)";"50,6894100000";"3,1877600000"
"202100047787";"16";"03";"2021";"13:50";"1";"59";"59009";"2";"2";"2";"3";"MARQUE AVENUE DE LA";"50,6426400000";"3,1448700000"
"202100047788";"15";"03";"2021";"23:00";"5";"56";"56162";"2";"1";"1";"6";"SAINTE  ANNE (RUE)";"47,7387300000";" -3,4188700000"
"202100047789";"16";"03";"2021";"18:00";"1";"54";"54395";"2";"2";"1";"3";"VILLERS (RUE DE)";"48,6841126486";"6,1660548672"
"202100047790";"16";"03";"2021";"12:45";"1";"51";"51454";"2";"9";"2";"7";"Place Luton";"49,2709527091";"4,0254104626"
"202100047791";"16";"03";"2021";"17:39";"1";"49";"49007";"2";"1";"1";"1";"LA BRUYERE";"47,4775863703";" -0,5760486424"
"202100047792";"6";"03";"2021";"17:20";"1";"47";"47215";"1";"1";"1";"7";"D 821";"44,3676700000";"0,7144800000"
"202100047793";"15";"03";"2021";"18:05";"1";"45";"45234";"2";"1";"1";"6";"Rue Jacquard";"47,9158700000";"1,9045500000"
"202100047794";"11";"03";"2021";"07:15";"5";"41";"41018";"1";"1";"2";"7";"ONZE ARPENTS (RUE DES)";"47,6132600000";"1,3376300000"
"202100047795";"16";"03";"2021";"12:10";"1";"38";"38169";"2";"1";"1";"6";"Avenue Aristide Briand";"45,1895700000";"5,6925700000"
"202100047796";"16";"03";"2021";"15:00";"1";"35";"35238";"2";"2";"1";"3";"TILLON (AVENUE CHARLES)";"48,1245620000";" -1,7030600000"
"202100047797";"16";"03";"2021";"14:42";"1";"35";"35238";"2";"1";"1";"6";"MITTERAND (MAIL FRANCOIS)";"48,1083995175";" -1,6961391270"
"202100047798";"16";"03";"2021";"07:50";"1";"33";"33063";"2";"2";"1";"3";"Rue Frantz Despagnet";"44,8303560000";" -0,6028770000"
"202100047799";"16";"03";"2021";"07:50";"1";"33";"33529";"1";"3";"1";"3";"Boulevard de Cazaux";"44,5553950000";" -1,1538180000"
"202100047800";"16";"03";"2021";"08:00";"1";"32";"32013";"2";"1";"8";"6";"ONZE NOVEMBRE";"43,6416800000";"0,5936900000"
"202100047801";"8";"02";"2021";"11:15";"1";"30";"30189";"2";"1";"1";"6";"KENNEDY (AVENUE)";"43,8308000000";"4,3392500000"
"202100047802";"15";"03";"2021";"14:45";"1";"27";"27681";"2";"1";"8";"2";"DEVOS (BOULEVARD JULIEN)";"49,0856500000";"1,4754100000"
"202100047803";"3";"03";"2021";"13:35";"1";"26";"26058";"2";"1";"1";"6";"5 Quai Thannaron";"44,9392840000";"4,8907610000"
"202100047804";"15";"03";"2021";"17:48";"1";"21";"21355";"2";"3";"1";"3";"11 Rue Armand Thibaut";"47,2846600000";"5,0590420000"
"202100047805";"5";"03";"2021";"12:00";"1";"21";"21231";"2";"3";"1";"5";"LENOTRE (RUE)";"47,3099290185";"5,0455838442"
"202100047806";"11";"03";"2021";"12:22";"1";"15";"15014";"2";"3";"1";"3";"Avenue Georges Pompidou";"44,9133300000";"2,4450300000"
"202100047807";"13";"03";"2021";"11:25";"1";"14";"14366";"2";"1";"3";"6";"Avenue Victor Hugo";"49,1453500000";"0,2276160000"
"202100047808";"16";"03";"2021";"17:00";"1";"13";"13043";"2";"1";"1";"2";"REPUBLIQUE (AV DE LA )";"43,3937700000";"5,2319800000"
"202100047809";"16";"03";"2021";"21:15";"5";"13";"13203";"2";"2";"1";"1";"BELLE DE MAI (RUE)";"43,3087300000";"5,3817700000"
"202100047810";"12";"03";"2021";"16:40";"1";"13";"13210";"2";"1";"1";"6";"ICARD (BOULEVARD)";"43,2775819655";"5,4181117340"
"202100047811";"6";"02";"2021";"22:00";"5";"13";"13214";"2";"9";"1";"3";"SAINTE MARTHE (chemin)";"43,3282300000";"5,3877700000"
"202100047812";"15";"03";"2021";"15:00";"1";"13";"13210";"2";"1";"1";"1";"ROMAIN ROLLAND (BOULEVARD)";"43,2747580000";"5,4155060000"
"202100047813";"15";"03";"2021";"12:50";"1";"13";"13206";"2";"1";"1";"3";"LIEUTAUD (COURS)      2 A 52";"43,2908830000";"5,3833280000"
"202100047814";"16";"03";"2021";"20:15";"3";"13";"13047";"1";"1";"1";"1";"R.N 569";"43,5639900000";"4,9842900000"
"202100047815";"28";"01";"2021";"05:20";"5";"13";"13063";"1";"1";"1";"1";"CHEMIN DEPARTEMENTAL NÂ°10";"43,5849000000";"5,0007000000"
"202100047816";"16";"03";"2021";"20:00";"5";"13";"13028";"2";"1";"1";"1";"CROZET (AVENUE LOUIS )";"43,1796400000";"5,5994950000"
"202100047817";"16";"03";"2021";"15:10";"1";"13";"13005";"2";"3";"1";"3";"GARLABAN (AVENUE DU)";"43,2975300000";"5,5737800000"
"202100047818";"16";"03";"2021";"09:15";"1";"13";"13001";"2";"6";"1";"6";"ESTELLE JARDINS D' (AV DES)";"43,5299200000";"5,4103800000"
"202100047819";"12";"03";"2021";"18:10";"1";"12";"12145";"2";"4";"8";"3";"PONT LEROUGE (AVENUE DU)";"44,0935970000";"3,0746610000"
"202100047820";"16";"03";"2021";"18:10";"1";"06";"06069";"2";"1";"1";"3";"TASSIGNY (AVENUE DELATTRE)RD 6085";"43,6479940000";"6,9286100000"
"202100047821";"16";"03";"2021";"12:05";"1";"06";"06069";"1";"1";"1";"6";"MISTRAL (AVENUE ET PLACE FREDERIC)";"43,6447000000";"6,9153200000"
"202100047822";"16";"03";"2021";"21:15";"5";"06";"06027";"2";"1";"1";"3";"BESSET AVENUE CYRILLE";"43,6593800000";"7,1615100000"
"202100047823";"16";"03";"2021";"16:45";"1";"06";"06027";"2";"1";"1";"5";"VAL FLEURI CHEMIN DU";"43,6658920000";"7,1699240000"
"202100047824";"15";"03";"2021";"08:07";"1";"05";"05061";"2";"1";"1";"2";"EYSSAGNIERES ( ROUTE DES )";"44,5533400000";"6,0548900000"
"202100047825";"15";"03";"2021";"12:45";"1";"75";"75118";"2";"1";"1";"3";"PORTE DE CLIGNANCOURT";"48,9006460000";"2,3317220000"
"202100047826";"16";"03";"2021";"08:10";"1";"75";"75105";"2";"2";"1";"6";"RUE SAINT JACQUES";"48,8502050000";"2,3452360000"
"202100047827";"16";"03";"2021";"18:15";"2";"75";"75119";"2";"1";"2";"7";"RUE MANIN";"48,8792071319";"2,3787063360"
"202100047828";"16";"03";"2021";"13:40";"1";"75";"75119";"2";"1";"2";"3";"RUE MANIN";"48,8849550000";"2,3925450000"
"202100047829";"16";"03";"2021";"12:40";"1";"75";"75118";"2";"5";"2";"6";"RUE DOUDEAUVILLE";"48,8884050000";"2,3480010000"
"202100047830";"16";"03";"2021";"16:15";"1";"75";"75116";"2";"1";"2";"3";"AVENUE VICTOR HUGO";"48,8702030000";"2,2866120000"
"202100047831";"16";"03";"2021";"11:25";"1";"75";"75113";"2";"3";"2";"6";"BOULEVARD DE PORT ROYAL";"48,8383190000";"2,3420780000"
"202100047832";"16";"03";"2021";"13:50";"1";"75";"75112";"2";"3";"2";"6";"AVENUE DU DOCTEUR ARNOLD NETTER";"48,8433220000";"2,4053670000"
"202100047833";"16";"03";"2021";"13:35";"1";"75";"75107";"2";"1";"2";"6";"RUE DU GENERAL BERTRAND";"48,8466210000";"2,3139550000"
"202100047834";"16";"03";"2021";"19:09";"5";"94";"94080";"2";"2";"2";"3";"PARIS (AV DE)";"48,8452800000";"2,4315700000"
"202100047835";"16";"03";"2021";"18:15";"1";"94";"94067";"2";"1";"1";"2";"Villa de la Tourelle";"48,8456400000";"2,4186100000"
"202100047836";"16";"03";"2021";"17:50";"1";"94";"94044";"2";"1";"2";"6";"Rue Jean Monnet";"48,7594730000";"2,4804100000"
"202100047837";"16";"03";"2021";"21:25";"5";"94";"94041";"2";"1";"1";"2";"JEAN JAURES (AV)";"48,8087700000";"2,4037400000"
"202100047838";"15";"03";"2021";"13:50";"1";"94";"94054";"2";"9";"8";"6";"VICTOIRE (AV DE LA)";"48,7453700000";"2,4023900000"
"202100047839";"15";"03";"2021";"12:00";"1";"94";"94079";"2";"1";"2";"6";"FRIEDBERG (BD DE)";"48,8300000000";"2,5300000000"
"202100047840";"16";"03";"2021";"12:05";"1";"94";"94018";"2";"1";"2";"3";"VICTOR HUGO (R)";"48,8211300000";"2,4128500000"
"202100047841";"16";"03";"2021";"09:05";"1";"94";"94069";"2";"2";"1";"3";"CANADIENS (AV DES)";"48,8172300000";"2,4588000000"
"202100047842";"16";"03";"2021";"10:30";"1";"94";"94017";"2";"2";"2";"3";"Chemin du Moulin";"48,8208100000";"2,5128600000"
"202100047843";"15";"03";"2021";"18:00";"1";"94";"94002";"2";"5";"1";"1";"Rue Charles de Gaulle / Quai Pierre Cosmi";"48,8145600000";"2,4119200000"
"202100047844";"16";"03";"2021";"18:35";"1";"93";"93048";"2";"2";"2";"3";"VINCENNES (RUE DE)";"48,8533857900";"2,4352321650"
"202100047845";"15";"03";"2021";"18:00";"1";"93";"93048";"2";"5";"1";"3";"ARISTIDE BRIAND (BOULEVARD)";"48,8682000000";"2,4468000000"
"202100047846";"15";"03";"2021";"11:25";"1";"93";"93032";"2";"9";"2";"3";"PAUL VAILLANT COUTURIER (RUE)";"48,8710200000";"2,5545000000"
"202100047847";"13";"03";"2021";"18:30";"1";"92";"92078";"2";"1";"1";"2";"GALLIENI (BD) (1 A 79 ET 22 A 102)";"48,9263130036";"2,3282915354"
"202100047848";"16";"03";"2021";"08:05";"2";"92";"92004";"2";"1";"1";"2";"DOCTEUR DERVAUX  ( QUAI DU )";"48,9081040414";"2,2925646936"
"202100047849";"16";"03";"2021";"16:35";"1";"38";"38378";"2";"6";"1";"3";"Route de Condrieu";"45,4440090000";"4,7687960000"
"202100047850";"15";"03";"2021";"09:10";"1";"84";"84088";"2";"1";"1";"1";"Cours Frizet";"44,0008530000";"5,0592090000"
"202100047851";"15";"03";"2021";"08:00";"1";"06";"06161";"1";"3";"1";"1";"D2d";"43,6474420000";"7,1380820000"
"202100047852";"17";"03";"2021";"00:15";"3";"79";"79150";"1";"6";"2";"6";"N/A";"46,1375300000";"0,1759210000"
"202100047853";"17";"03";"2021";"18:40";"2";"60";"60661";"2";"1";"2";"7";"58 Route de Chantilly";"49,2353570000";"2,9832130000"
"202100047854";"17";"03";"2021";"17:40";"1";"72";"72350";"2";"1";"1";"6";"les fresnes";"47,8832142917";"0,2755765920"
"202100047855";"17";"03";"2021";"12:05";"1";"34";"34217";"2";"1";"1";"6";"Route de Montpellier";"43,6909170000";"3,8626380000"
"202100047856";"13";"03";"2021";"16:45";"1";"78";"78530";"2";"1";"8";"7";"1 Chemin des Bilheux";"48,9081580000";"1,6714450000"
"202100047857";"17";"03";"2021";"17:30";"1";"79";"79299";"1";"2";"1";"3";"RD938";"46,9015910000";" -0,1910320000"
"202100047858";"18";"02";"2021";"11:00";"1";"80";"80381";"1";"2";"1";"3";"Intersection dÃ©partementale 216 et 933";"50,1046680000";"2,1870840000"
"202100047859";"17";"03";"2021";"00:15";"3";"42";"42081";"1";"1";"2";"7";"Chemin du Grand Clos";"45,6005780000";"4,2659090000"
"202100047860";"17";"03";"2021";"07:50";"1";"68";"68286";"2";"6";"1";"3";"Rue de Bartenheim";"47,6390580000";"7,5299480000"
"202100047861";"17";"03";"2021";"03:30";"3";"68";"68139";"1";"1";"2";"7";"D432";"47,6013380000";"7,2323080000"
"202100047862";"17";"03";"2021";"07:15";"2";"25";"25218";"1";"1";"5";"1";"CD 50";"47,2146560000";"6,3918110000"
"202100047863";"16";"03";"2021";"16:10";"1";"34";"34154";"1";"1";"1";"2";"D62";"43,5524360000";"3,9964490000"
"202100047864";"16";"03";"2021";"19:45";"5";"06";"06105";"2";"1";"1";"1";"1030 Route de Notre Dame";"43,6763750000";"7,0356890000"
"202100047865";"17";"03";"2021";"07:30";"2";"09";"09329";"1";"1";"2";"1";"DÃ©partementale 1";"42,9795290000";"1,6066420000"