"Num_Acc";"jour";"mois";"an";"hrmn";"lum";"dep";"com";"agg";"int";"atm";"col";"adr";"lat";"long"
"202100048053";"14";"03";"2021";"18:00";"1";"974";"97415";"1";"1";"1";"3";"RN 1";" -21,0161070000";"55,2642180000"
"202100048054";"15";"03";"2021";"13:30";"1";"24";"24157";"1";"1";"2";"1";"D3";"45,0964210000";"0,4366800000"
"202100048055";"14";"03";"2021";"16:55";"1";"28";"28041";"1";"1";"1";"6";"A11";"48,3017670000";"1,2935540000"
"202100048056";"15";"03";"2021";"11:50";"1";"974";"97412";"1";"9";"1";"5";"Chemin des Fleurs";" -21,3794620000";"55,6587770000"
"202100048057";"15";"03";"2021";"13:15";"1";"55";"55458";"1";"1";"1";"3";"PK280+150 AUTOROUTE A4";"49,1637610000";"5,7462360000"
"202100048058";"14";"03";"2021";"06:15";"3";"64";"64295";"1";"1";"9";"7";"CD 31 PK 18+800";"43,5485710000";" -0,6269720000"
"202100048059";"15";"03";"2021";"17:00";"1";"29";"29075";"1";"1";"1";"6";"N12 - Prat Pip";"48,4408460000";" -4,4120510000"
"202100048060";"14";"03";"2021";"13:55";"1";"34";"34095";"1";"2";"1";"4";"D114";"43,5158050000";"3,7698450000"
"202100048061";"14";"03";"2021";"18:30";"1";"74";"74263";"1";"1";"1";"6";"route des crapons";"46,3148060000";"6,3812540000"
"202100048062";"15";"03";"2021";"10:20";"1";"76";"76260";"1";"1";"2";"1";"Route de Gerberoy";"49,4948210000";"1,7666320000"
"202100048063";"15";"03";"2021";"08:00";"1";"2B";"2B252";"1";"1";"1";"1";"D506";"42,4287550000";"9,4446000000"
"202100048064";"15";"03";"2021";"09:40";"1";"89";"89384";"2";"1";"3";"6";"Rue d'Aillant sur Tholon";"47,9114099802";"3,3588435540"
"202100048065";"14";"03";"2021";"18:20";"1";"61";"61110";"1";"1";"1";"7";"D926";"48,7148080000";"0,1869389900"
"202100048066";"15";"03";"2021";"15:41";"1";"68";"68006";"1";"1";"1";"7";"route dÃ©partementale 466";"47,6882150000";"7,2020750000"
"202100048067";"14";"03";"2021";"22:40";"3";"22";"22354";"1";"3";"2";"7";"Cleudrain";"48,5683833582";" -3,2689641947"
"202100048068";"14";"03";"2021";"17:44";"1";"02";"02820";"1";"1";"1";"7";"D1032";"49,6344350000";"3,2282530000"
"202100048069";"14";"03";"2021";"17:45";"1";"54";"54394";"1";"1";"2";"1";"D156";"49,3415904696";"5,8306850876"
"202100048070";"13";"03";"2021";"23:30";"4";"83";"83046";"1";"9";"1";"6";"D22";"43,5016180000";"6,1453750000"
"202100048071";"13";"03";"2021";"12:45";"1";"83";"83145";"1";"1";"1";"7";"D35";"43,5921560000";"5,9575280000"
"202100048072";"14";"03";"2021";"14:50";"1";"53";"53030";"1";"1";"1";"6";"RD 233";"47,9531590000";" -0,6189470000"
"202100048073";"14";"03";"2021";"17:45";"1";"21";"21229";"2";"2";"2";"6";"D11";"47,1823550000";"4,3611540000"
"202100048074";"15";"03";"2021";"18:45";"2";"85";"85006";"1";"1";"1";"7";"La CharloisiÃ¨re";"46,7851790000";" -1,7520370000"
"202100048075";"15";"03";"2021";"09:35";"1";"85";"85089";"2";"3";"1";"5";"162 Rue Nationale";"46,7100410000";" -1,3196630000"
"202100048076";"15";"03";"2021";"15:00";"1";"27";"27679";"2";"6";"1";"2";"D840";"48,7381810000";"0,9201640000"
"202100048077";"14";"03";"2021";"16:15";"1";"48";"48178";"1";"1";"1";"6";"N106";"44,2720620000";"3,8516950000"
"202100048078";"14";"03";"2021";"16:20";"1";"978";"97801";"2";"1";"1";"1";"Route nationale 7 - Quartie d'OrlÃ©ans";"18,0799370000";" -63,0273630000"
"202100048079";"15";"03";"2021";"07:20";"1";"01";"01237";"1";"1";"4";"7";"A404";"46,2025570000";"5,5934140000"
"202100048080";"15";"03";"2021";"09:25";"1";"33";"33527";"1";"1";"8";"6";"N/A";"44,6119180000";" -1,0297110000"
"202100048081";"11";"03";"2021";"10:20";"1";"13";"13040";"1";"1";"1";"2";"A52 PK001.500 sens AIX EN PROVENCE-AUBAGNE";"43,4719200000";"5,5656700000"
"202100048082";"14";"03";"2021";"22:20";"3";"971";"97103";"1";"1";"1";"1";"Wonche";"16,2591130000";" -61,6130550000"
"202100048083";"14";"03";"2021";"15:40";"1";"987";"98747";"1";"1";"1";"1";"Tautira RT3 Pk 12+200";" -17,7503220000";" -149,1922760000"
"202100048084";"14";"03";"2021";"23:50";"3";"973";"97303";"2";"6";"2";"7";"RN1 - PK 146+000";"5,4801760000";" -53,2116530000"
"202100048085";"14";"03";"2021";"18:55";"2";"971";"97111";"1";"1";"1";"2";"RN2 gadet";"16,3247420000";" -61,7852100000"
"202100048086";"13";"03";"2021";"18:20";"2";"77";"77415";"2";"1";"2";"2";"Saint-Jean-les-Deux-Jumeaux";"48,9509470000";"3,0238100000"
"202100048087";"12";"03";"2021";"16:52";"1";"13";"13082";"1";"1";"7";"7";"D15";"43,6579760000";"5,3616500000"
"202100048088";"15";"03";"2021";"08:50";"1";"13";"13100";"2";"6";"1";"3";"Av du Mal de Lattre de Tassigny";"43,7922950000";"4,8394720000"
"202100048089";"14";"03";"2021";"20:00";"3";"89";"89189";"1";"1";"1";"6";"A5";"48,2947070000";"3,2623260000"
"202100048090";"15";"03";"2021";"12:15";"1";"88";"88196";"2";"6";"1";"6";"Rue KlÃ©ber";"48,0672830000";"6,8735520000"
"202100048091";"15";"03";"2021";"16:25";"1";"55";"55122";"2";"1";"1";"6";"Rue Raymond PoincarÃ©";"48,7608710000";"5,5903670000"
"202100048092";"14";"03";"2021";"17:00";"1";"55";"55569";"1";"1";"1";"7";"RD 902";"48,8899096431";"5,0881826878"
"202100048093";"15";"03";"2021";"15:10";"1";"73";"73119";"1";"1";"4";"3";"D1006";"45,2002260000";"6,5955280000"
"202100048094";"15";"03";"2021";"09:50";"1";"26";"26064";"1";"3";"2";"3";"Route de Beaumont";"44,8836070000";"4,9898960000"
"202100048095";"2";"03";"2021";"12:00";"1";"09";"09246";"2";"1";"1";"7";"D117";"42,9943760000";"1,2782980000"
"202100048096";"13";"03";"2021";"17:00";"1";"22";"22035";"1";"2";"1";"3";"D794";"48,4448185716";" -1,9755488634"
"202100048097";"15";"03";"2021";"17:05";"1";"22";"22273";"2";"1";"1";"6";"Rue des Jonquilles";"48,5583880000";" -2,5340650000"
"202100048098";"15";"03";"2021";"09:29";"1";"27";"27598";"1";"1";"1";"1";"D6015, PK 029+500 vers VIRONVAY";"49,2263420000";"1,2120370000"
"202100048099";"14";"03";"2021";"11:40";"1";"13";"13215";"1";"1";"1";"4";"A7-Sens Lyon vers Marseille";"43,3698100000";"5,3610200000"
"202100048100";"13";"03";"2021";"18:30";"2";"13";"13215";"1";"1";"1";"5";"A7-Sens Lyon vers Marseille";"43,3810100000";"5,3528200000"
"202100048101";"14";"03";"2021";"09:10";"1";"13";"13005";"1";"1";"1";"6";"A52-Sens Pont de l'Etoile vers Toulon";"43,3148180000";"5,5907340000"
"202100048102";"8";"03";"2021";"08:17";"1";"13";"13070";"2";"1";"1";"2";"A50-Sens Aubagne vers Marseille";"43,2851800000";"5,5167900000"
"202100048103";"12";"03";"2021";"19:42";"3";"13";"13215";"2";"1";"1";"4";"A7-Sens Lyon vers Marseille";"43,3784000000";"5,3556000000"
"202100048104";"12";"03";"2021";"09:20";"1";"13";"13214";"1";"1";"1";"2";"A7-Sens Marseille vers Lyon";"43,3318000000";"5,3777000000"
"202100048105";"14";"03";"2021";"17:20";"1";"69";"69091";"1";"1";"1";"2";"A47";"45,5797800000";"4,7365100000"
"202100048106";"14";"03";"2021";"05:30";"5";"33";"33550";"1";"1";"2";"4";"AUTOROUTE A 62";"44,7781350000";" -0,5553950000"
"202100048107";"14";"03";"2021";"20:15";"3";"94";"94021";"1";"1";"1";"6";"AUTOROUTE A6B";"48,7617000000";"2,3405000000"
"202100048108";"14";"03";"2021";"19:55";"3";"91";"91161";"1";"1";"1";"7";"AUTOROUTE A6";"48,7042100000";"2,3062100000"
"202100048109";"14";"03";"2021";"16:45";"1";"94";"94021";"1";"1";"1";"3";"AUTOROUTE A6A";"48,7601000000";"2,3385000000"
"202100048110";"14";"03";"2021";"00:00";"3";"92";"92047";"1";"1";"3";"6";"A13";"48,8335133603";"2,1626128206"
"202100048111";"14";"03";"2021";"13:30";"1";"93";"93039";"1";"1";"1";"2";"AUTOROUTE A86";"48,9283400000";"2,3311600000"
"202100048112";"14";"03";"2021";"10:15";"1";"93";"93066";"1";"1";"1";"3";"AUTOROUTE A1";"48,9130400000";"2,3580400000"
"202100048113";"14";"03";"2021";"08:40";"1";"95";"95582";"1";"1";"1";"2";" A115";"48,9768200000";"2,2412400000"
"202100048114";"13";"03";"2021";"19:00";"3";"93";"93066";"1";"1";"2";"2";"AUTOROUTE A1";"48,9342200000";"2,3722500000"
"202100048115";"13";"03";"2021";"21:20";"3";"94";"94017";"1";"1";"3";"4";"A4";"48,8300800000";"2,4869800000"
"202100048116";"13";"03";"2021";"14:10";"1";"94";"94011";"1";"1";"1";"6";"RN406.Y";"48,7613000000";"2,4935100000"
"202100048117";"8";"03";"2021";"10:10";"1";"988";"98818";"2";"1";"1";"4";"OHLEN (RUE ARMAND)";" -22,2265500000";"166,4646400000"
"202100048118";"13";"03";"2021";"19:55";"5";"69";"69387";"2";"1";"2";"6";"DEBOURG (AV)";"45,7310100000";"4,8347000000"
"202100048119";"13";"03";"2021";"16:30";"1";"69";"69386";"2";"2";"1";"3";"CUVIER (R)";"45,7673800000";"4,8507200000"
"202100048120";"13";"03";"2021";"13:15";"1";"69";"69142";"2";"3";"1";"3";"PIERRE SEMARD (Q)";"45,7253700000";"4,8167200000"
"202100048121";"12";"03";"2021";"09:30";"1";"69";"69152";"2";"2";"1";"3";"8 MAI 1945 (DU) (R)";"45,7008100000";"4,8240900000"
"202100048122";"12";"03";"2021";"14:51";"1";"971";"97101";"2";"9";"1";"3";"ROUTE DE CHAZEAU";"16,2893400000";" -61,4807500000"
"202100048123";"10";"03";"2021";"19:00";"5";"971";"97101";"1";"1";"1";"6";"GRAND CAMP(SECTION)";"16,2543300000";" -61,5388300000"
"202100048124";"13";"03";"2021";"18:00";"1";"91";"91027";"2";"1";"2";"6";"RUE NOLLET";"48,7140000000";"2,3958800000"
"202100048125";"13";"03";"2021";"13:40";"1";"91";"91027";"2";"1";"1";"4";"RTE NATIONALE 7";"48,7048370000";"2,3715860000"
"202100048126";"13";"03";"2021";"13:52";"1";"91";"91223";"2";"3";"1";"6";"SACLAS (RUE DE)";"48,4291200000";"2,1484200000"
"202100048127";"11";"03";"2021";"07:50";"1";"83";"83141";"2";"6";"1";"3";"D 1555(SORTIE VILLAGE VERS DRAGUIGNAN)";"43,5004400000";"6,4851700000"
"202100048128";"13";"03";"2021";"08:05";"1";"82";"82121";"2";"3";"1";"3";"QUART (CHEMIN DU)";"43,9892000000";"1,3089900000"
"202100048129";"13";"03";"2021";"09:00";"1";"78";"78502";"2";"1";"1";"2";"SAINT GERMAIN (AVENUE DE)";"48,8811400000";"2,1086700000"
"202100048130";"12";"03";"2021";"19:05";"5";"77";"77014";"2";"1";"8";"7";"BERNARD PALISSY (RUE)";"48,4132900000";"2,7218300000"
"202100048131";"13";"03";"2021";"02:43";"5";"69";"69266";"2";"1";"1";"6";"LEON BLUM (R)";"45,7600682719";"4,8983520269"
"202100048132";"13";"03";"2021";"18:30";"1";"64";"64102";"2";"1";"1";"7";"32 Chemin de Lestanquet";"43,4801200000";" -1,4868400000"
"202100048133";"13";"03";"2021";"23:35";"5";"59";"59367";"1";"1";"1";"6";"RD 700";"50,6660010331";"3,2219915092"
"202100048134";"12";"03";"2021";"18:05";"1";"50";"50002";"1";"1";"2";"7";"PERIERS (ROUTE DE)";"49,1181970000";" -1,1488840000"
"202100048135";"13";"03";"2021";"15:20";"1";"49";"49007";"2";"1";"1";"7";"BASSE CHAINE PONT";"47,4702500000";" -0,5628200000"
"202100048136";"5";"03";"2021";"11:50";"1";"47";"47323";"2";"9";"1";"3";"AGEN (AVENUE D')";"44,3974900000";"0,7074800000"
"202100048137";"13";"03";"2021";"14:45";"1";"35";"35238";"2";"2";"1";"6";"FOUGERES (RUE DE)";"48,1320700000";" -1,6352200000"
"202100048138";"12";"03";"2021";"21:15";"5";"33";"33529";"2";"1";"1";"6";"Boulevard de lâIndustrie";"44,6132800000";" -1,1280600000"
"202100048139";"8";"03";"2021";"11:00";"1";"29";"29151";"2";"1";"1";"6";"Route de Paris";"48,5743864696";" -3,8149058819"
"202100048140";"13";"03";"2021";"18:20";"1";"29";"29039";"1";"1";"1";"6";"Rond Point de Villeneuve";"47,8941480000";" -3,9140490000"
"202100048141";"10";"03";"2021";"07:49";"2";"18";"18267";"2";"1";"1";"5";"RD 73";"47,0541500000";"2,3807600000"
"202100048142";"13";"03";"2021";"13:45";"1";"13";"13209";"2";"1";"1";"2";"LUDOVIC LEGRE (AVENUE)";"43,2503400000";"5,3971300000"
"202100048143";"13";"03";"2021";"13:55";"1";"13";"13213";"2";"1";"1";"3";"SAINT JUST (AVENUE DE)";"43,3173500000";"5,4052500000"
"202100048144";"13";"03";"2021";"15:50";"1";"06";"06088";"2";"1";"1";"1";"CALIFORNIE (AV.) (DU 23-25 AU 199-210)";"43,6815800000";"7,2313600000"
"202100048145";"12";"03";"2021";"10:40";"1";"06";"06029";"2";"1";"1";"6";"STRASBOURG (BOULEVARD DE)";"43,5541880000";"7,0285420000"
"202100048146";"13";"03";"2021";"09:50";"1";"06";"06027";"2";"9";"1";"3";"BOUALAM ROND POINT BACHAGA";"43,6602400000";"7,1441500000"
"202100048147";"12";"03";"2021";"20:45";"5";"75";"75120";"2";"2";"1";"3";"RUE DE LA REUNION";"48,8552470000";"2,4014720000"
"202100048148";"12";"03";"2021";"19:50";"2";"75";"75120";"2";"2";"2";"3";"RUE DES RASSELINS";"48,8547790000";"2,4089710000"
"202100048149";"13";"03";"2021";"15:51";"1";"75";"75118";"2";"7";"1";"3";"RUE MARX DORMOY";"48,8848910000";"2,3593460000"
"202100048150";"13";"03";"2021";"10:30";"1";"75";"75115";"2";"2";"1";"3";"BOULEVARD LEFEBVRE";"48,8311120000";"2,2924450000"
"202100048151";"13";"03";"2021";"13:30";"1";"75";"75114";"2";"2";"8";"7";"RUE RAYMOND LOSSERAND";"48,8329450000";"2,3162510000"
"202100048152";"12";"03";"2021";"21:25";"5";"75";"75114";"2";"2";"1";"1";"RUE FROIDEVAUX";"48,8359960000";"2,3276250000"
"202100048153";"13";"03";"2021";"12:10";"1";"75";"75113";"2";"4";"2";"6";"RUE DU MOULIN DE LA POINTE";"48,8250770000";"2,3572650000"
"202100048154";"13";"03";"2021";"16:20";"1";"75";"75111";"2";"2";"2";"3";"BOULEVARD VOLTAIRE";"48,8655910000";"2,3670600000"
"202100048155";"13";"03";"2021";"14:05";"1";"75";"75110";"2";"7";"2";"3";"BOULEVARD DE MAGENTA";"48,8685190000";"2,3630150000"
"202100048156";"13";"03";"2021";"13:00";"1";"94";"94076";"2";"1";"1";"2";"Boulevard Maxime Gorki";"48,7923300000";"2,3696200000"
"202100048157";"13";"03";"2021";"12:50";"1";"94";"94038";"2";"1";"1";"2";"PAUL VAILLANT COUTURIER (BD)";"48,7812400000";"2,3411600000"
"202100048158";"13";"03";"2021";"13:40";"1";"94";"94002";"2";"1";"8";"6";"Quai Jean-Baptiste ClÃ©ment";"48,7908300000";"2,4240300000"
"202100048159";"13";"03";"2021";"16:00";"1";"93";"93015";"2";"1";"1";"3";"JAURES RUE JEAN";"48,9155925190";"2,5786896526"
"202100048160";"13";"03";"2021";"18:30";"1";"93";"93063";"2";"1";"2";"2";"BARBUSSE HENRI BOULEVARD";"48,8778018310";"2,4413949251"
"202100048161";"12";"03";"2021";"16:50";"1";"93";"93045";"2";"1";"2";"6";"PARIS RUE DE";"48,8812194103";"2,4206728853"
"202100048162";"13";"03";"2021";"09:10";"1";"93";"93031";"2";"3";"2";"3";"ARGENTEUIL (ROUTE D')";"48,9600400000";"2,2919000000"
"202100048163";"13";"03";"2021";"21:15";"3";"93";"93047";"2";"2";"1";"3";"DENIS PAPIN  (AVENUE)";"48,9064626635";"2,5878556697"
"202100048164";"13";"03";"2021";"13:10";"1";"92";"92022";"2";"1";"2";"6";"CARNOT (RUE)";"48,8104472545";"2,1902422607"
"202100048165";"13";"03";"2021";"14:10";"1";"92";"92076";"2";"1";"1";"2";"REPUBLIQUE";"48,8374262692";"2,1537494659"
"202100048166";"13";"03";"2021";"21:30";"5";"92";"92062";"2";"1";"2";"2";"FRANCE (RUE ANATOLE) DU 11 AU 33";"48,8853420000";"2,2392220000"
"202100048167";"13";"03";"2021";"20:34";"5";"92";"92051";"2";"1";"1";"2";"CHARLES DE GAULLE (AVENUE, NÂ° 18 A 116)";"48,8813700000";"2,2713900000"
"202100048168";"25";"03";"2021";"20:17";"5";"92";"92050";"2";"1";"1";"3";"CLEMENCEAU GEORGES AVENUE NÂ° PAIR";"48,8866557137";"2,2063690424"
"202100048169";"13";"03";"2021";"16:05";"1";"92";"92044";"2";"3";"2";"3";"J. GUESDE(RUE) 1A23 ET2A28";"48,8915538541";"2,2941429913"
"202100048170";"13";"03";"2021";"21:05";"5";"92";"92035";"2";"1";"2";"7";"National ( boulevard )";"48,9073000000";"2,2388900000"
"202100048171";"13";"03";"2021";"21:00";"5";"92";"92062";"2";"9";"2";"7";"DEFENSE (PLACE DE LA)";"48,8909620000";"2,2410910000"
"202100048172";"26";"02";"2021";"12:00";"1";"50";"50493";"1";"2";"1";"4";"D924";"48,8368040000";" -1,4777950000"
"202100048173";"14";"03";"2021";"17:35";"1";"01";"01248";"1";"1";"1";"1";"dÃ©partementale D38";"45,8819420000";"4,9020480000"
"202100048174";"14";"03";"2021";"12:00";"1";"68";"68112";"2";"3";"2";"1";"3 Route d'Issenheim";"47,9028080000";"7,2267510000"
"202100048175";"13";"03";"2021";"20:00";"3";"84";"84099";"2";"6";"1";"6";"route des alpes";"43,8559980000";"5,1024700000"
"202100048176";"14";"03";"2021";"17:40";"1";"26";"26341";"1";"1";"1";"2";"1 Rue ImpÃ©riale";"45,1428810000";"4,8230840000"
"202100048177";"13";"03";"2021";"23:25";"5";"83";"83019";"2";"1";"1";"6";"Chemin des Restanques";"43,1439470000";"6,3557090000"
"202100048178";"13";"03";"2021";"13:02";"1";"44";"44113";"1";"1";"6";"6";"route nationale 137";"47,5796560000";" -1,6288410000"
"202100048179";"14";"03";"2021";"11:40";"1";"58";"58086";"1";"1";"8";"2";"A77 PK 106+780";"47,3596410000";"2,9236510000"
"202100048180";"13";"03";"2021";"18:05";"1";"76";"76595";"1";"2";"2";"3";"Route du Moulin";"49,6363330000";"0,1621270000"
"202100048181";"13";"03";"2021";"13:30";"1";"65";"65231";"2";"1";"1";"7";"D929 Route d'Espagne";"43,0522070000";"0,3708640000"
"202100048182";"13";"03";"2021";"13:50";"1";"32";"32405";"1";"1";"6";"6";"230 Route de Saint-jau";"43,8487150000";"0,5932780000"
"202100048183";"13";"03";"2021";"11:00";"1";"41";"41181";"1";"1";"8";"7";"route dÃ©partementale 976";"47,3219600000";"1,2876530000"
"202100048184";"14";"03";"2021";"02:05";"5";"39";"39500";"2";"1";"2";"6";"N/A";"46,9476040000";"5,8822590000"
"202100048185";"14";"03";"2021";"03:20";"3";"02";"02718";"1";"1";"2";"6";"Rue des Hureaux";"49,1917730000";"3,1438920000"
"202100048186";"13";"03";"2021";"21:15";"3";"01";"01138";"1";"1";"2";"6";"D992";"45,8309220000";"5,7892370000"
"202100048187";"13";"03";"2021";"14:34";"1";"50";"50003";"1";"1";"1";"6";"Rue GÃ©nÃ©ral GuÃ©rin d'Agon";"49,0483500000";" -1,5856420000"
"202100048188";"14";"03";"2021";"12:15";"1";"64";"64273";"1";"1";"8";"6";"CD 8";"43,2672690000";" -1,2140750000"
"202100048189";"13";"03";"2021";"17:00";"1";"64";"64256";"1";"9";"1";"7";"RUE JEAN LISSAR";"43,3823430000";" -1,3128710000"
"202100048190";"13";"03";"2021";"15:45";"1";"73";"73154";"1";"2";"1";"3";"D63 / D104  Rte d'Allondaz";"45,6865570000";"6,3729420000"
"202100048191";"14";"03";"2021";"14:00";"1";"18";"18156";"1";"1";"1";"6";"RD 46";"47,2684990000";"2,5957990000"
"202100048192";"13";"03";"2021";"15:55";"1";"10";"10287";"1";"1";"2";"7";"Route de BrÃ©vonnes";"48,3626900000";"4,3528280000"
"202100048193";"13";"03";"2021";"18:10";"1";"07";"07172";"1";"1";"1";"7";"Route de Colombier le Cardinal";"45,2777780000";"4,7397250000"
"202100048194";"13";"03";"2021";"14:30";"1";"85";"85289";"1";"1";"8";"6";"D49";"46,6658500000";" -0,6862140000"
"202100048195";"13";"03";"2021";"09:40";"1";"30";"30352";"1";"1";"1";"1";"D6110";"43,8032210000";"4,0875580000"
"202100048196";"7";"01";"2021";"17:30";"2";"88";"88481";"2";"3";"9";"3";"dÃ©partementale 44 rue du cone";"48,0990175406";"6,3899713755"
"202100048197";"14";"03";"2021";"00:20";"5";"973";"97307";"2";"1";"1";"1";"Rue des Negociants";"4,8787500000";" -52,3201350000"
"202100048198";"13";"03";"2021";"16:30";"1";"57";"57659";"1";"1";"4";"6";"autoroute A320";"49,2019950000";"6,9492170000"
"202100048199";"13";"03";"2021";"15:20";"1";"51";"51097";"1";"1";"6";"7";"A4";"49,0293706362";"4,5377403849"
"202100048200";"12";"03";"2021";"17:35";"1";"34";"34172";"1";"1";"1";"4";"A709";"43,5918300000";"3,9012620000"
"202100048201";"14";"03";"2021";"00:20";"5";"77";"77483";"2";"1";"2";"6";"109 Rue Victor Clairet";"49,0062960000";"2,9321900000"
"202100048202";"13";"03";"2021";"17:25";"1";"83";"83035";"1";"1";"1";"1";"Dn8";"43,2448430000";"5,7946440000"
"202100048203";"13";"03";"2021";"17:40";"1";"14";"14737";"2";"3";"1";"3";"Place de lâEglise";"48,9168200000";" -0,1794400000"
"202100048204";"14";"03";"2021";"16:15";"1";"14";"14488";"2";"3";"1";"6";"Avenue de la Plage";"49,2828020000";" -0,2572130000"
"202100048205";"12";"03";"2021";"13:00";"1";"13";"13215";"1";"1";"1";"3";"A7-Sens Marseille vers Lyon";"43,3660070982";"5,3606522083"
"202100048206";"13";"03";"2021";"07:25";"1";"13";"13015";"1";"1";"1";"7";"A51-Sens Aix en Provence vers Marseille";"43,4511500000";"5,3961600000"
"202100048207";"9";"03";"2021";"16:00";"1";"13";"13202";"1";"1";"1";"3";"A55-Sens Marseille vers Martigues";"43,3233400000";"5,3635000000"
"202100048208";"13";"03";"2021";"23:35";"4";"33";"33063";"1";"1";"2";"6";"ROCADE A 630";"44,8841340000";" -0,5594790000"
"202100048209";"13";"03";"2021";"19:45";"3";"33";"33063";"1";"1";"2";"6";"Rocade Nord A630";"44,8837320000";" -0,5607450000"
"202100048210";"13";"03";"2021";"17:55";"1";"33";"33249";"1";"1";"2";"7";"Rocade Rive Droite N230";"44,8849196000";" -0,5110737000"
"202100048211";"13";"03";"2021";"14:25";"1";"91";"91064";"1";"1";"2";"2";"RN 118";"48,7491300000";"2,2123900000"
"202100048212";"13";"03";"2021";"08:04";"2";"91";"91617";"1";"1";"2";"7";"A5A/N6";"48,6352600000";"2,5357000000"
"202100048213";"12";"03";"2021";"12:35";"1";"91";"91377";"1";"1";"1";"2";"AUTOROUTE A10";"48,7229040000";"2,2970610000"
"202100048214";"13";"03";"2021";"14:45";"1";"92";"92036";"1";"1";"2";"4";"A86";"48,9343469166";"2,2696675005"
"202100048215";"13";"03";"2021";"13:40";"1";"92";"92047";"1";"1";"2";"2";"A13";"48,8353909775";"2,1783346513"
"202100048216";"13";"03";"2021";"13:55";"1";"95";"95351";"1";"1";"1";"2";"RN 104";"49,0279700000";"2,5054600000"
"202100048217";"13";"03";"2021";"07:50";"1";"95";"95572";"1";"1";"2";"3";"A15";"49,0282100000";"2,1283400000"
"202100048218";"13";"03";"2021";"03:15";"3";"93";"93053";"1";"1";"2";"2";"AUTOROUTE A3";"48,8876600000";"2,4740500000"
"202100048219";"12";"03";"2021";"22:00";"3";"93";"93027";"1";"1";"2";"6";"BDL";"48,9283900000";"2,4029400000"
"202100048220";"8";"03";"2021";"11:00";"1";"988";"98818";"2";"1";"1";"2";"PROMENADE ROGER LAROQUE";" -22,3028000000";"166,4432200000"
"202100048221";"12";"03";"2021";"09:45";"1";"974";"97416";"1";"1";"1";"7";"DE VILLIERS 5CHEMIN ADAM)";" -21,2741506926";"55,4987015979"
"202100048222";"10";"03";"2021";"15:50";"1";"974";"97407";"2";"2";"1";"3";"CROIZAT(RUE)";" -20,9418500000";"55,2885600000"
"202100048223";"11";"03";"2021";"21:45";"4";"973";"97302";"1";"1";"2";"7";"TIGRE (ROUTE DU)";"4,9116000000";" -52,3080000000"
"202100048224";"12";"03";"2021";"21:25";"5";"69";"69388";"2";"2";"1";"3";"MARIUS BERLIET (R)";"45,7390400000";"4,8665700000"
"202100048225";"12";"03";"2021";"18:15";"2";"69";"69386";"2";"1";"1";"2";"BELGES (DES)                        (BD)";"45,7720700000";"4,8545700000"
"202100048226";"11";"03";"2021";"22:30";"5";"69";"69387";"2";"2";"2";"3";"DOMER (R)";"45,7473055972";"4,8479866042"
"202100048227";"12";"03";"2021";"00:35";"3";"972";"97213";"1";"6";"1";"1";"ROUTE NATIONALE 1";"14,6195900000";" -60,9941400000"
"202100048228";"12";"03";"2021";"08:00";"1";"69";"69389";"2";"1";"1";"6";"OBSERVANCE (DE L') (MO)";"45,7665101810";"4,8095915536"
"202100048229";"12";"03";"2021";"05:35";"5";"69";"69034";"2";"1";"8";"3";"GEORGES CLEMENCEAU (Q)";"45,8106700000";"4,8453900000"
"202100048230";"11";"03";"2021";"13:20";"1";"971";"97101";"1";"1";"1";"1";"MORNE TORUDU - CHAUVEL (CHEMIN)";"16,2324200000";" -61,5214000000"
"202100048231";"3";"03";"2021";"21:45";"5";"971";"97120";"1";"1";"1";"6";"MARINA (ZONE COMMERCIALE)";"16,2206400000";" -61,5280700000"
"202100048232";"12";"03";"2021";"21:12";"5";"91";"91103";"2";"9";"2";"1";"RUE JEAN JAURES";"48,6075000000";"2,3094620000"
"202100048233";"12";"03";"2021";"16:25";"1";"91";"91589";"2";"2";"3";"3";"AV CHARLES DE GAULLE";"48,6768690000";"2,3498160000"
"202100048234";"11";"03";"2021";"15:45";"1";"87";"87085";"2";"1";"2";"4";"PERRIN (RUE FRANCOIS)";"45,8296000000";"1,2467900000"
"202100048235";"11";"03";"2021";"06:22";"5";"87";"87085";"2";"1";"2";"3";"ARMAND (AVE Z.A.C";"45,8628400000";"1,2736700000"
"202100048236";"10";"03";"2021";"09:33";"1";"87";"87085";"2";"2";"1";"3";"Georges GUINGOUIN(rue)";"45,9074897000";"1,2953673000"
"202100048237";"12";"03";"2021";"11:10";"1";"83";"83137";"2";"1";"1";"6";"LOTI (AVE PIERRE)";"43,1134975002";"5,9478467278"
"202100048238";"10";"03";"2021";"10:00";"1";"83";"83129";"2";"3";"7";"1";"MONT SALVA (CHEMIN DU)";"43,0715900000";"5,8086700000"
"202100048239";"12";"03";"2021";"13:40";"1";"79";"79191";"2";"2";"1";"1";"Rue des Equarts";"46,3213800000";" -0,4758000000"
"202100048240";"11";"03";"2021";"11:50";"1";"77";"77258";"2";"1";"1";"3";"SUFFRAGE UNIVERSEL (RUE DU)";"48,8371640000";"2,6309680000"
"202100048241";"10";"03";"2021";"17:40";"1";"76";"76540";"2";"3";"2";"5";"Boulevard de Verdun";"49,4462380000";"1,1070460000"