"Num_Acc";"jour";"mois";"an";"hrmn";"lum";"dep";"com";"agg";"int";"atm";"col";"adr";"lat";"long"
"202100048429";"11";"03";"2021";"17:40";"2";"75";"75119";"2";"1";"8";"2";"BOULEVARD PERIPHERIQUE";"48,9006060000";"2,3739330000"
"202100048430";"8";"03";"2021";"16:20";"1";"75";"75117";"2";"1";"1";"5";"PORTE MAILLOT";"48,8818110000";"2,2828840000"
"202100048431";"11";"03";"2021";"07:45";"1";"75";"75119";"2";"2";"8";"6";"RUE SIGMUND FREUD";"48,8819920000";"2,4025010000"
"202100048432";"11";"03";"2021";"18:20";"1";"75";"75117";"2";"1";"1";"3";"AVENUE DE WAGRAM";"48,8773020000";"2,2976020000"
"202100048433";"11";"03";"2021";"16:05";"1";"75";"75117";"2";"1";"2";"6";"RUE POUCHET";"48,8926090000";"2,3193500000"
"202100048434";"11";"03";"2021";"19:10";"5";"75";"75115";"2";"1";"2";"2";"QUAI ANDRE CITROEN";"48,8404050000";"2,2713730000"
"202100048435";"11";"03";"2021";"08:50";"1";"75";"75114";"2";"7";"2";"3";"AVENUE DENFERT ROCHEREAU";"48,8344870000";"2,3325860000"
"202100048436";"11";"03";"2021";"08:50";"1";"75";"75113";"2";"2";"2";"3";"RUE DE LA GLACIERE";"48,8349620000";"2,3449970000"
"202100048437";"11";"03";"2021";"08:50";"1";"75";"75112";"2";"2";"1";"3";"RUE DE WATTIGNIES";"48,8362400000";"2,3946520000"
"202100048438";"11";"03";"2021";"07:05";"2";"75";"75112";"2";"1";"2";"3";"BOULEVARD SOULT";"48,8434290000";"2,4098950000"
"202100048439";"11";"03";"2021";"14:25";"1";"75";"75108";"2";"1";"2";"3";"COURS LA REINE";"48,8650250000";"2,3180530000"
"202100048440";"10";"03";"2021";"11:16";"1";"75";"75108";"2";"2";"1";"5";"AVENUE DES CHAMPS ELYSEES";"48,8677830000";"2,3139050000"
"202100048441";"11";"03";"2021";"13:35";"1";"75";"75107";"2";"2";"2";"3";"AVENUE JOSEPH BOUVARD";"48,8550422217";"2,2961157560"
"202100048442";"9";"03";"2021";"13:00";"1";"75";"75107";"2";"2";"1";"7";"RUE DE CONSTANTINE";"48,8609770000";"2,3149650000"
"202100048443";"11";"03";"2021";"16:00";"1";"75";"75101";"2";"7";"2";"1";"RUE DE RIVOLI";"48,8621540000";"2,3370180000"
"202100048444";"10";"03";"2021";"15:20";"1";"75";"75103";"2";"2";"8";"6";"RUE DE TURBIGO";"48,8644660000";"2,3515520000"
"202100048445";"11";"03";"2021";"09:20";"1";"94";"94078";"2";"1";"1";"6";"HUIT MAI 1945 (AV DU)";"48,7276900000";"2,4454100000"
"202100048446";"11";"03";"2021";"19:20";"5";"94";"94073";"2";"1";"8";"3";"avenue Franklin Roosevelt";"48,7668300000";"2,4003400000"
"202100048447";"10";"03";"2021";"18:15";"1";"94";"94034";"2";"1";"2";"6";"EDOUARD HERRIOT (AV)";"48,7549500000";"2,3272700000"
"202100048448";"11";"03";"2021";"08:15";"1";"94";"94018";"2";"3";"8";"3";"GRAVELLE (AV DE)";"48,8252700000";"2,4097000000"
"202100048449";"11";"03";"2021";"09:45";"1";"94";"94004";"2";"1";"1";"4";"GENERAL LECLERC (AV DU)";"48,7596600000";"2,5003500000"
"202100048450";"10";"03";"2021";"19:00";"2";"93";"93070";"2";"3";"2";"6";"EDOUARD-VAILLANT(RUE)";"48,9036200000";"2,3311500000"
"202100048451";"6";"03";"2021";"19:00";"3";"93";"93066";"2";"1";"1";"6";"SAINT EXUPERY ANTOINE DE (ALLEE)";"48,9268450337";"2,3701110749"
"202100048452";"11";"03";"2021";"10:30";"1";"93";"93066";"2";"1";"1";"3";"VAILLANT COUTURIER PAUL (AV) NR 2 A 110";"48,9321290403";"2,3650419694"
"202100048453";"11";"03";"2021";"08:25";"1";"93";"93066";"2";"9";"2";"3";"L'encyclopÃ©die ( rue de )";"48,9097587174";"2,3624416674"
"202100048454";"9";"03";"2021";"12:00";"1";"93";"93066";"2";"1";"1";"6";"""PERI GABRIEL, NR 2  A 114 ET 1 A 133""";"48,9371617424";"2,3561525829"
"202100048455";"8";"03";"2021";"17:20";"2";"93";"93053";"2";"1";"2";"6";"JULES FERRY (RUE)";"48,8935356979";"2,4718893836"
"202100048456";"11";"03";"2021";"15:05";"1";"93";"93010";"2";"1";"2";"2";"BARBUSSE (AV. HENRI) DE 2 A 124 COTE PAI";"48,9011380224";"2,4897923522"
"202100048457";"11";"03";"2021";"09:00";"1";"93";"93005";"2";"2";"1";"3";"PREFET CHALEIL (CD44) (RUE DU)";"48,9400207317";"2,5047978424"
"202100048458";"11";"03";"2021";"17:50";"1";"92";"92064";"2";"1";"1";"2";"REPUBLIQUE";"48,8451400000";"2,2128800000"
"202100048459";"12";"03";"2021";"13:40";"1";"06";"06114";"2";"1";"1";"6";"5 Quai de la Banquiere";"43,7344100000";"7,2866280000"
"202100048460";"11";"03";"2021";"15:45";"1";"40";"40133";"1";"1";"1";"2";"Route du Lac d'Yrieux";"43,5818870000";" -1,4308620000"
"202100048461";"12";"03";"2021";"18:45";"5";"10";"10381";"1";"1";"1";"7";"Rue Jean Colas";"48,2885400000";"3,9849150000"
"202100048462";"11";"03";"2021";"18:22";"1";"35";"35226";"1";"1";"1";"2";"D794";"48,4283530000";" -1,9136380000"
"202100048463";"12";"03";"2021";"16:15";"1";"22";"22004";"1";"1";"4";"7";"D767 PR37+829";"48,6185270000";" -3,3077480000"
"202100048464";"13";"02";"2021";"19:00";"3";"34";"34163";"1";"1";"1";"6";"PK  14+500 autoroute A750";"43,6293120000";"3,7124450000"
"202100048465";"8";"03";"2021";"11:00";"1";"58";"58193";"1";"1";"1";"7";"A77";"47,5513830000";"2,8864970000"
"202100048466";"10";"01";"2021";"18:55";"3";"83";"83021";"1";"1";"1";"1";"Route de Bras";"43,4603490000";"5,9282930000"
"202100048467";"10";"03";"2021";"06:35";"2";"59";"59525";"1";"1";"1";"6";"D951";"50,0780570000";"4,0196760000"
"202100048468";"11";"03";"2021";"10:35";"1";"79";"79057";"1";"1";"2";"3";"6 Route de Chef-Boutonne";"46,1442800000";" -0,1911070000"
"202100048469";"11";"03";"2021";"17:40";"1";"80";"80410";"2";"1";"7";"6";"Rue du Marais";"49,7474690000";"3,0608830000"
"202100048470";"11";"03";"2021";"15:45";"1";"33";"33020";"1";"1";"8";"6";"Les Valains";"44,7410260000";"0,0620120000"
"202100048471";"12";"03";"2021";"09:15";"1";"11";"11255";"1";"1";"1";"3";"D6113";"43,1857522800";"2,9269743700"
"202100048472";"9";"03";"2021";"14:50";"1";"63";"63291";"2";"5";"1";"6";" EugÃ¨ne PhÃ©lip/Vaillant";"45,9598375370";"3,4742770325"
"202100048473";"12";"03";"2021";"07:00";"1";"55";"55181";"1";"1";"1";"7";"D618";"49,2359083998";"5,6624704599"
"202100048474";"11";"03";"2021";"13:14";"1";"31";"31499";"1";"6";"1";"3";"D632";"43,5258100000";"1,2052080000"
"202100048475";"12";"03";"2021";"16:40";"1";"01";"01068";"1";"1";"1";"6";"D1084";"46,0820460000";"5,4772910000"
"202100048476";"10";"03";"2021";"13:50";"1";"70";"70326";"1";"1";"1";"3";"RN57";"47,4427320000";"6,0752460000"
"202100048477";"11";"03";"2021";"08:05";"1";"26";"26365";"1";"1";"1";"5";"Route de Chabeuil";"44,7829320000";"5,0240140000"
"202100048478";"12";"03";"2021";"11:00";"1";"06";"06010";"1";"1";"1";"5";"Route de Gourdon";"43,6849470000";"6,9748540000"
"202100048479";"9";"03";"2021";"17:00";"1";"16";"16073";"2";"1";"7";"2";"Rue de la Montagne Verte";"45,2757661000";"0,0517980000"
"202100048480";"12";"03";"2021";"07:00";"2";"85";"85182";"1";"2";"1";"3";"La Petite Auderie";"46,7570340000";" -0,8684350000"
"202100048481";"11";"03";"2021";"15:45";"1";"52";"52392";"1";"1";"1";"3";"D35";"47,9074840000";"5,4986490000"
"202100048482";"12";"03";"2021";"14:30";"1";"71";"71143";"1";"1";"1";"6";"A39";"46,4618244130";"5,2959042478"
"202100048483";"5";"01";"2021";"18:05";"1";"987";"98738";"2";"3";"1";"3";"PK 12.700";" -17,6124470000";" -149,6141340000"
"202100048484";"11";"03";"2021";"17:30";"1";"33";"33284";"1";"1";"2";"4";"N/A";"44,6464918098";" -0,8379931839"
"202100048485";"12";"03";"2021";"09:15";"1";"06";"06088";"1";"1";"1";"7";"A8 PK 186.500 nord";"43,6729930000";"7,1998320000"
"202100048486";"11";"03";"2021";"19:00";"2";"45";"45024";"1";"9";"6";"3";"D2152-PR 79 + 500";"47,8170050000";"1,6785960000"
"202100048487";"12";"03";"2021";"17:45";"1";"95";"95199";"2";"1";"8";"2";"Avenue Jean Rostand";"49,0394746478";"2,3398316592"
"202100048488";"12";"03";"2021";"09:00";"1";"05";"05167";"1";"1";"1";"7";"RD 1075 Pk 027+200";"44,4591400000";"5,7256150000"
"202100048489";"12";"03";"2021";"15:00";"1";"07";"07097";"1";"1";"1";"1";"N/A";"45,0133890000";"4,8363310000"
"202100048490";"10";"03";"2021";"17:15";"1";"69";"69154";"1";"1";"1";"3";"LUERE (DE LA) (RTE)";"45,7516543527";"4,6444702148"
"202100048491";"11";"03";"2021";"18:10";"1";"13";"13071";"1";"1";"1";"2";"A7-Sens Marseille vers Lyon";"43,4047700000";"5,3192600000"
"202100048492";"10";"03";"2021";"18:30";"1";"13";"13071";"1";"1";"1";"2";"A51-Sens Marseille vers Aix en Provence";"43,4097000000";"5,3639000000"
"202100048493";"10";"03";"2021";"09:10";"1";"13";"13019";"1";"1";"1";"3";"A51-Sens Marseille vers Aix en Provence";"43,4244500000";"5,3757500000"
"202100048494";"10";"03";"2021";"21:10";"3";"69";"69286";"1";"1";"1";"2";"A46N";"45,8209700000";"4,9185100000"
"202100048495";"11";"03";"2021";"09:31";"1";"91";"91687";"1";"1";"1";"3";"AUTOROUTE A6";"48,6607000000";"2,3714000000"
"202100048496";"11";"03";"2021";"08:10";"1";"78";"78672";"1";"1";"1";"2";"A13";"48,9297750000";"1,9842580000"
"202100048497";"11";"03";"2021";"20:30";"4";"93";"93005";"1";"1";"1";"2";"AUTOROUTE A3";"48,9278700000";"2,4814800000"
"202100048498";"11";"03";"2021";"18:00";"1";"94";"94017";"1";"1";"1";"4";"A4";"48,8296100000";"2,4987800000"
"202100048499";"11";"03";"2021";"16:15";"1";"94";"94018";"1";"1";"1";"3";"A4";"48,8176679679";"2,4148114130"
"202100048500";"11";"03";"2021";"08:15";"1";"93";"93051";"1";"1";"2";"2";"A4";"48,8360700000";"2,5403600000"
"202100048501";"4";"01";"2021";"16:30";"1";"74";"74281";"2";"8";"1";"6";"SAINT DISDILLE (AVENUE DE)";"46,3843700000";"6,5044900000"
"202100048502";"10";"03";"2021";"08:40";"1";"974";"97411";"2";"1";"1";"1";"SOURCE (RUE DE LA)";" -20,8898700000";"55,4483000000"
"202100048503";"8";"03";"2021";"16:25";"1";"974";"97411";"2";"9";"1";"3";"Boulevard Jean JaurÃ¨s";" -20,9023400000";"55,5031200000"
"202100048504";"10";"03";"2021";"15:30";"1";"69";"69259";"2";"3";"1";"2";"PIERRE SEMARD (AV)";"45,7120080336";"4,8747754097"
"202100048505";"10";"03";"2021";"12:50";"1";"69";"69387";"2";"1";"1";"6";"CLAUDE BERNARD (Q)";"45,7508469538";"4,8359751105"
"202100048506";"10";"03";"2021";"10:48";"1";"69";"69259";"2";"6";"1";"2";"JULES FERRY (R)";"45,6988300000";"4,8860000000"
"202100048507";"9";"03";"2021";"20:17";"3";"69";"69034";"2";"1";"1";"2";"BELLEVUE (TUNNEL) - (QU BELLEVUE COU(XX)";"45,7877264497";"4,8529314995"
"202100048508";"9";"03";"2021";"18:45";"2";"69";"69381";"2";"3";"1";"3";"ST SEBASTIEN                        (MO)";"45,7706900000";"4,8358200000"
"202100048509";"7";"01";"2021";"12:50";"1";"971";"97101";"2";"1";"1";"6";"GRAND CAMP(SECTION)";"16,2513200000";" -61,5325100000"
"202100048510";"6";"03";"2021";"14:10";"1";"95";"95585";"2";"1";"1";"6";"GARGES (ROUTE DE)";"48,9889172285";"2,3779499531"
"202100048511";"10";"03";"2021";"12:10";"1";"95";"95019";"2";"1";"1";"4";"COUTURIER PAUL VAILLANT (AVENUE)";"48,9830804648";"2,4201934040"
"202100048512";"10";"03";"2021";"17:10";"1";"95";"95018";"2";"1";"2";"6";"JAURES (AVENUE JEAN)";"48,9398089529";"2,2340271360"
"202100048513";"10";"03";"2021";"13:45";"1";"91";"91114";"2";"1";"1";"6";"PL DE LA GARE";"48,6992600000";"2,5059400000"
"202100048514";"10";"03";"2021";"07:15";"1";"91";"91691";"2";"9";"1";"2";"GOURGAUD(AVENUE)";"48,7325500000";"2,5122400000"
"202100048515";"10";"03";"2021";"13:35";"1";"91";"91434";"2";"1";"1";"2";"CORBEIL (ROUTE DE)";"48,6566950000";"2,3389560000"
"202100048516";"9";"03";"2021";"12:45";"1";"87";"87085";"2";"2";"1";"3";"ARMAND (AVE Z.A.C";"45,8672100000";"1,2692700000"
"202100048517";"10";"03";"2021";"17:35";"1";"78";"78372";"2";"1";"2";"2";"SAINT CYR (ROUTE DE)";"48,8665100000";"2,0936500000"
"202100048518";"9";"03";"2021";"11:20";"1";"77";"77374";"1";"1";"1";"1";"CD NUMERO 471";"48,8078220265";"2,6975868912"
"202100048519";"10";"03";"2021";"22:55";"4";"76";"76540";"2";"1";"8";"7";"Route de NeufchÃ¢tel";"49,4531900000";"1,0976800000"
"202100048520";"9";"03";"2021";"15:25";"1";"74";"74010";"2";"2";"1";"3";"PRESIDENT FAVRE";"45,9033000000";"6,1260300000"
"202100048521";"9";"03";"2021";"18:30";"1";"72";"72181";"2";"1";"1";"5";"ESTIENNE D'ORVES (BD D')";"47,9795700000";"0,1939800000"
"202100048522";"9";"03";"2021";"18:00";"1";"69";"69290";"2";"1";"1";"1";"MARECHAL LECLERC (R)";"45,6926558224";"4,9361202121"
"202100048523";"10";"03";"2021";"14:25";"1";"69";"69275";"2";"3";"1";"3";"CHARLES DE GAULLE                   (BD)";"45,7474000000";"4,9363100000"
"202100048524";"10";"03";"2021";"14:45";"1";"68";"68166";"2";"1";"1";"3";"MULHOUSE (FAUBOURG DE)";"47,7804400000";"7,3293000000"
"202100048525";"10";"03";"2021";"12:25";"1";"67";"67267";"2";"3";"1";"3";"FREPPEL (RUE)";"48,5570400000";"7,6894800000"
"202100048526";"6";"03";"2021";"11:15";"1";"67";"67482";"2";"8";"1";"3";"RACINE (AVENUE)";"48,5919600000";"7,7040500000"
"202100048527";"7";"03";"2021";"17:10";"1";"65";"65417";"2";"1";"1";"1";"ADOUR (RUE DE L')";"43,2259182988";"0,0917664170"
"202100048528";"10";"03";"2021";"18:45";"1";"64";"64335";"1";"6";"1";"5";"RD 817";"43,3442700000";" -0,4305700000"
"202100048529";"10";"03";"2021";"11:05";"1";"64";"64445";"2";"2";"1";"3";"MARGUERITE LABORDE";"43,3001400000";" -0,3670200000"
"202100048530";"7";"03";"2021";"17:05";"1";"64";"64284";"2";"3";"1";"3";"CHEMIN SOUBACQ";"43,2778500000";" -0,3871800000"
"202100048531";"7";"03";"2021";"09:40";"1";"64";"64284";"2";"2";"1";"3";"VALLEES DES";"43,2930500000";" -0,3867500000"
"202100048532";"10";"03";"2021";"15:20";"1";"64";"64122";"2";"1";"1";"3";"LAC MARION (AVENUE DU)";"43,4702400000";" -1,5545400000"
"202100048533";"8";"03";"2021";"18:05";"1";"64";"64024";"2";"6";"1";"2";"MONTAURY (ROND POINT DU PARC)";"43,4803700000";" -1,5091200000"
"202100048534";"8";"03";"2021";"17:15";"1";"64";"64102";"2";"9";"1";"3";"AQUITAINE (AVENUE DE L')";"43,4858100000";" -1,4717900000"
"202100048535";"9";"03";"2021";"11:48";"1";"63";"63113";"2";"1";"1";"3";"MERMOZ (AVENUE JEAN)";"45,7924900000";"3,1467500000"
"202100048536";"9";"03";"2021";"11:39";"1";"63";"63113";"2";"3";"1";"4";"TORPILLEUR SIROCCO (RUE DU)";"45,8118800000";"3,1072300000"
"202100048537";"6";"03";"2021";"14:30";"1";"62";"62525";"2";"2";"1";"3";"BLUM (AVE LEON....NÂ°53)";"50,7401600000";"2,2763580000"
"202100048538";"10";"03";"2021";"13:15";"1";"59";"59183";"2";"3";"1";"1";"DARSES - CHAUSSEE";"51,0410900000";"2,3469300000"
"202100048539";"8";"03";"2021";"21:00";"5";"59";"59017";"2";"2";"1";"3";"RESISTANTS (RUE DES )";"50,6913860000";"2,8731150000"
"202100048540";"8";"03";"2021";"00:14";"5";"57";"57221";"2";"1";"1";"6";"ROMAINS (RUE DES)";"49,3325000000";"6,1351700000"
"202100048541";"10";"03";"2021";"07:45";"1";"56";"56260";"2";"1";"1";"3";"POMPIDOU (AVENUE GEORGES)";"47,6656800000";" -2,7703200000"
"202100048542";"9";"03";"2021";"18:15";"1";"56";"56121";"2";"3";"1";"6";"CHAZELLES ( COURS LOUIS  DE )";"47,7549000000";" -3,3632400000"
"202100048543";"9";"03";"2021";"07:40";"2";"56";"56121";"2";"1";"1";"6";"COSMAO-DUMANOIR ( BD )";"47,7533100000";" -3,3722500000"
"202100048544";"9";"03";"2021";"13:30";"1";"51";"51454";"2";"1";"1";"4";"Avenue BrÃ©bant";"49,2555154035";"4,0153124928"
"202100048545";"10";"03";"2021";"17:35";"1";"47";"47001";"2";"4";"1";"6";"RODRIGUES (RUE DE)";"44,1955800000";"0,6319500000"
"202100048546";"8";"03";"2021";"18:10";"2";"37";"37195";"1";"1";"1";"6";"RD 37";"47,3832563131";"0,6509827023"
"202100048547";"10";"03";"2021";"14:30";"1";"35";"35238";"2";"2";"2";"3";"FOUGERES (ROUTE DE)";"48,1296492366";" -1,6429993179"
"202100048548";"20";"02";"2021";"16:30";"1";"34";"34032";"2";"1";"8";"1";"BOUIN JEAN (BD)";"43,3338100000";"3,2556700000"
"202100048549";"10";"03";"2021";"23:30";"5";"33";"33039";"2";"3";"2";"3";"Rue des Quatre CastÃ©ra";"44,8094300000";" -0,5373700000"
"202100048550";"10";"03";"2021";"11:33";"1";"29";"29232";"2";"6";"3";"3";"D783 - Boulevard President Allende";"47,9946500000";" -4,0729900000"
"202100048551";"9";"03";"2021";"16:50";"1";"29";"29019";"2";"1";"1";"6";"Rue Amiral Troude";"48,3868290000";" -4,4777800000"
"202100048552";"10";"03";"2021";"12:10";"1";"26";"26362";"2";"2";"1";"3";"101 Bd Franklin Roosevelt";"44,9161900000";"4,9109960000"
"202100048553";"10";"03";"2021";"11:30";"1";"26";"26198";"2";"1";"1";"2";"Avenue 45eme RÃ©giment de Trans";"44,5693000000";"4,7841100000"
"202100048554";"10";"03";"2021";"17:28";"1";"17";"17028";"1";"1";"1";"4";"CORBUSIER   RUE LE";"46,1306650000";" -1,0895110000"
"202100048555";"8";"03";"2021";"17:00";"1";"15";"15014";"2";"1";"1";"6";"Avenue Georges Pompidou";"44,9109160000";"2,4508410000"
"202100048556";"10";"03";"2021";"08:00";"1";"13";"13201";"2";"1";"1";"6";"FRANKLIN ROOSEVELT (COURS)   1 A 37";"43,2989900000";"5,3870800000"
"202100048557";"9";"03";"2021";"15:54";"1";"13";"13206";"2";"2";"1";"6";"TILSIT (RUE)";"43,2927300000";"5,3875200000"
"202100048558";"10";"03";"2021";"11:20";"1";"13";"13063";"2";"3";"1";"3";"FRATERNITE RUE DE LA";"43,5779500000";"4,9987300000"
"202100048559";"10";"03";"2021";"07:40";"1";"06";"06069";"2";"1";"1";"6";"VICTOIRE DU HUIT MAI 1945 (AVENUE DE LA)";"43,6371120000";"6,9107790000"
"202100048560";"10";"03";"2021";"09:10";"1";"75";"75120";"2";"2";"1";"3";"RUE DES VIGNOLES";"48,8534070000";"2,3984430000"
"202100048561";"9";"03";"2021";"12:45";"1";"75";"75120";"2";"4";"1";"6";"RUE DES PYRENEES";"48,8539980000";"2,4057370000"
"202100048562";"10";"03";"2021";"21:35";"5";"75";"75119";"2";"2";"2";"7";"AVENUE DE FLANDRE";"48,8905699980";"2,3768772413"
"202100048563";"9";"03";"2021";"16:25";"1";"75";"75118";"2";"3";"1";"6";"BOULEVARD DE ROCHECHOUART";"48,8825500000";"2,3419280000"
"202100048564";"10";"03";"2021";"08:45";"1";"75";"75117";"2";"3";"1";"3";"BOULEVARD GOUVION SAINT CYR";"48,8835420000";"2,2881630000"
"202100048565";"9";"03";"2021";"12:50";"1";"75";"75117";"2";"2";"1";"3";"RUE BROCHANT";"48,8884210000";"2,3172610000"
"202100048566";"9";"03";"2021";"21:25";"5";"75";"75116";"2";"2";"1";"3";"RUE CORTAMBERT";"48,8601450000";"2,2781200000"
"202100048567";"10";"03";"2021";"14:45";"1";"75";"75115";"2";"5";"1";"3";"RUE DU LAOS";"48,8499070000";"2,3011300000"
"202100048568";"10";"03";"2021";"08:35";"1";"75";"75114";"2";"2";"1";"7";"RUE DES PLANTES";"48,8292940000";"2,3226490000"
"202100048569";"10";"03";"2021";"17:30";"1";"75";"75113";"2";"1";"2";"3";"AVENUE DE CHOISY";"48,8266380000";"2,3595420000"
"202100048570";"10";"03";"2021";"18:00";"2";"75";"75112";"2";"1";"2";"3";"BOULEVARD DE REUILLY";"48,8392810000";"2,3927750000"
"202100048571";"10";"03";"2021";"11:30";"1";"75";"75111";"2";"3";"1";"3";"RUE FAIDHERBE";"48,8539960000";"2,3823160000"
"202100048572";"10";"03";"2021";"12:40";"1";"75";"75110";"2";"1";"1";"3";"BOULEVARD SAINT MARTIN";"48,8686140000";"2,3580130000"
"202100048573";"10";"03";"2021";"06:52";"1";"75";"75109";"2";"2";"1";"6";"RUE TAITBOUT";"48,8761770000";"2,3353670000"
"202100048574";"10";"03";"2021";"15:35";"1";"75";"75107";"2";"2";"1";"2";"RUE JEAN CARRIES";"48,8526800000";"2,2997950000"
"202100048575";"10";"03";"2021";"11:15";"1";"75";"75103";"2";"2";"8";"6";"RUE SAINT MARTIN";"48,8616660000";"2,3516680000"
"202100048576";"10";"03";"2021";"07:20";"1";"75";"75103";"2";"2";"1";"3";"BOULEVARD DE SEBASTOPOL";"48,8662380000";"2,3525320000"
"202100048577";"9";"03";"2021";"13:00";"1";"75";"75101";"2";"2";"1";"2";"RUE DU LOUVRE";"48,8639000000";"2,3423590000"
"202100048578";"7";"03";"2021";"18:45";"5";"75";"75101";"2";"7";"1";"3";"QUAI FRANCOIS MITTERRAND";"48,8601180000";"2,3333320000"
"202100048579";"10";"03";"2021";"17:30";"1";"94";"94044";"2";"1";"2";"6";"HENRI BARBUSSE (R)";"48,7518100000";"2,4875300000"
"202100048580";"9";"03";"2021";"15:20";"1";"94";"94068";"2";"2";"1";"3";"SEBASTOPOL (AV DE)";"48,7940440913";"2,5073933601"
"202100048581";"10";"03";"2021";"14:50";"1";"94";"94076";"2";"1";"1";"2";"STALINGRAD (AV DE)";"48,7842200000";"2,3669000000"
"202100048582";"10";"03";"2021";"18:05";"2";"94";"94041";"2";"1";"2";"6";"JEAN-BAPTISTE RENOULT (R)";"48,8031300000";"2,3949400000"
"202100048583";"9";"03";"2021";"14:55";"1";"94";"94033";"2";"1";"1";"7";"VICTOR HUGO (AV)";"48,8590400000";"2,4744700000"
"202100048584";"10";"03";"2021";"21:40";"5";"94";"94022";"2";"1";"2";"6";"JEAN JAURES (R)";"48,7651700000";"2,4076300000"
"202100048585";"10";"03";"2021";"08:40";"1";"94";"94079";"2";"1";"1";"6";"BOIELDIEU (AV)";"48,8264120000";"2,5416120000"
"202100048586";"8";"03";"2021";"15:18";"1";"94";"94079";"2";"1";"1";"6";"CHAMPIGNY (RTE DE)";"48,8242800000";"2,5340000000"
"202100048587";"10";"03";"2021";"19:30";"5";"94";"94075";"2";"1";"2";"6";"Avenue du Mal de Lattre de Tassigny";"48,7285300000";"2,5287800000"
"202100048588";"10";"03";"2021";"10:05";"1";"93";"93059";"2";"1";"1";"6";"PARC (RUE DU)";"48,9614266022";"2,3656010628"
"202100048589";"10";"03";"2021";"17:00";"1";"93";"93048";"2";"9";"2";"3";"THEOPHILE SUEUR (BOULEVARD)";"48,8687000000";"2,4705800000"
"202100048590";"10";"03";"2021";"10:00";"1";"93";"93031";"2";"1";"1";"3";"JOFFRE (AVENUE)";"48,9585200000";"2,3010400000"
"202100048591";"7";"03";"2021";"12:40";"1";"93";"93029";"2";"2";"1";"3";"FAIDHERBE";"48,9224400000";"2,4336400000"
"202100048592";"10";"03";"2021";"19:30";"5";"93";"93027";"2";"2";"2";"3";"JAURES (AVENUE JEAN)";"48,9243976529";"2,4016505441"
"202100048593";"10";"03";"2021";"20:40";"5";"93";"93010";"2";"1";"2";"6";"RENDEZ-VOUS (AL. DU)";"48,9032324638";"2,4960384790"
"202100048594";"10";"03";"2021";"19:45";"5";"92";"92062";"2";"1";"2";"3";"WALLACE (BD RICHARD) DU 17 AU 91 ET DU 3";"48,8823024557";"2,2346899752"
"202100048595";"10";"03";"2021";"18:30";"2";"92";"92024";"2";"3";"2";"2";"VICTOR HUGO (BD)";"48,9002160440";"2,3149207234"
"202100048596";"10";"03";"2021";"01:25";"5";"92";"92002";"2";"2";"1";"3";"DIVISION LECLERC (53 A 217 - 58 A 186)";"48,7487932487";"2,3040363193"
"202100048597";"10";"03";"2021";"08:15";"1";"974";"97415";"1";"1";"1";"6";"D6";" -21,0197380000";"55,2707150000"
"202100048598";"4";"03";"2021";"19:43";"3";"974";"97415";"2";"1";"1";"6";"Chemin d'Eau";" -21,0850290000";"55,2720710000"
"202100048599";"11";"03";"2021";"17:45";"2";"51";"51649";"2";"1";"1";"6";"Avenue de Paris";"48,7273650000";"4,5804940000"
"202100048600";"9";"03";"2021";"23:40";"3";"83";"83072";"2";"1";"1";"7";"Chemin de la Martinette";"43,4794480000";"6,3534770000"
"202100048601";"7";"03";"2021";"20:30";"5";"972";"97204";"2";"1";"1";"3";"N2 -";"14,7125510000";" -61,1841540000"
"202100048602";"10";"03";"2021";"18:05";"2";"68";"68300";"2";"6";"1";"2";"Rue de la Fabrique";"47,7795010000";"7,3649950000"
"202100048603";"10";"03";"2021";"07:20";"1";"01";"01419";"1";"6";"1";"3";"Avenue du Mont Blanc";"46,2354800000";"6,0078750000"
"202100048604";"11";"03";"2021";"11:10";"1";"74";"74010";"1";"1";"1";"1";"Rte de Pringy (Annecy)";"45,9588030000";"6,1260370000"
"202100048605";"11";"03";"2021";"08:50";"1";"06";"06109";"1";"1";"1";"7";"M20";"43,8269110000";"7,1988340000"
"202100048606";"11";"03";"2021";"11:10";"1";"01";"01173";"2";"3";"1";"6";"150 Rue de Bonnarche";"46,3370290000";"6,0684230000"
"202100048607";"11";"03";"2021";"11:30";"1";"74";"74256";"2";"1";"1";"2";"Rte du Fayet";"45,9329160000";"6,6327490000"
"202100048608";"11";"03";"2021";"12:05";"1";"74";"74256";"2";"3";"1";"6";"Rte du Fayet";"45,9327930000";"6,6328830000"
"202100048609";"11";"03";"2021";"13:50";"1";"80";"80078";"2";"3";"6";"7";"rue de la croix";"50,0904010000";"1,9106340000"
"202100048610";"10";"03";"2021";"16:05";"1";"80";"80606";"1";"1";"2";"6";"d.29";"49,9476840000";"1,7757240000"
"202100048611";"10";"03";"2021";"10:45";"1";"82";"82058";"1";"2";"1";"3";"2480 Route de Cadeilhan";"43,9478210000";"1,0028140000"
"202100048612";"11";"03";"2021";"03:30";"3";"55";"55315";"1";"1";"2";"7";"Bois Lejuc (ForÃªt)";"48,5196546788";"5,3722729683"
"202100048613";"11";"03";"2021";"12:05";"1";"25";"25345";"1";"1";"1";"6";"55 Grande Rue";"47,4517950000";"6,6528920000"
"202100048614";"11";"03";"2021";"16:45";"1";"29";"29065";"2";"3";"1";"6";"Route de Plogastel";"48,0180480000";" -4,2681080000"
"202100048615";"11";"03";"2021";"17:10";"1";"03";"03159";"2";"1";"1";"7";"Rue de la Brande";"46,2999910000";"2,7352390000"
"202100048616";"10";"03";"2021";"13:00";"1";"66";"66105";"1";"1";"1";"7";"Route du Col de Creu";"42,5984260000";"2,1319240000"