"Num_Acc";"jour";"mois";"an";"hrmn";"lum";"dep";"com";"agg";"int";"atm";"col";"adr";"lat";"long"
"202100048617";"8";"03";"2021";"17:50";"1";"36";"36088";"1";"1";"1";"7";"N/A";"46,9426900000";"2,0141190000"
"202100048618";"9";"03";"2021";"16:15";"1";"40";"40080";"1";"3";"1";"2";"RD 824";"43,7537290000";" -0,2957190000"
"202100048619";"11";"03";"2021";"16:15";"1";"85";"85039";"1";"1";"1";"3";"D753";"47,0004390000";" -1,1586830000"
"202100048620";"8";"03";"2021";"18:45";"1";"27";"27214";"1";"1";"1";"6";"D20";"49,3089070000";"1,4106190000"
"202100048621";"8";"03";"2021";"13:00";"1";"24";"24289";"1";"1";"1";"6";"Les Chapelles";"44,8522710000";"0,0877780000"
"202100048622";"8";"03";"2021";"13:45";"1";"06";"06152";"1";"1";"1";"2";"Route du Parc";"43,6133350000";"7,0449560000"
"202100048623";"11";"03";"2021";"08:40";"1";"42";"42097";"1";"1";"1";"2";"M498";"45,5214770000";"4,2906920000"
"202100048624";"10";"03";"2021";"12:40";"1";"38";"38052";"2";"1";"1";"6";"Rd1091, La paute";"45,0551612287";"6,0425662994"
"202100048625";"11";"03";"2021";"08:30";"1";"51";"51454";"1";"1";"2";"4";"A344";"49,2274280000";"4,0533860000"
"202100048626";"11";"03";"2021";"12:50";"1";"69";"69006";"1";"1";"1";"3";"D8";"45,9481704875";"4,3473887444"
"202100048627";"7";"03";"2021";"16:00";"1";"95";"95656";"1";"1";"1";"6";"Cote du Pavillon";"49,0615469749";"1,7197723549"
"202100048628";"10";"03";"2021";"14:30";"1";"06";"06048";"2";"4";"1";"3";"Route Rd 15 la Roseyre";"43,7878400000";"7,3323610000"
"202100048629";"10";"03";"2021";"16:45";"1";"13";"13015";"1";"1";"1";"2";"CD6";"43,4381500000";"5,4301640000"
"202100048630";"9";"03";"2021";"19:30";"5";"01";"01249";"2";"3";"1";"3";"638 Grande Rue";"45,8224330000";"4,9491640000"
"202100048631";"11";"03";"2021";"14:00";"1";"69";"69069";"2";"2";"1";"3";"CENTRALE (R)";"45,7458900000";"4,7165140000"
"202100048632";"10";"03";"2021";"14:50";"1";"17";"17232";"1";"4";"1";"1";"D127";"45,6532430000";" -0,8046410000"
"202100048633";"11";"03";"2021";"16:30";"1";"16";"16146";"1";"1";"3";"6";"Lieu-dit Le Plantier";"45,6236800000";"0,2828980000"
"202100048634";"11";"03";"2021";"09:10";"1";"56";"56007";"2";"6";"1";"3";"Giratoire de Kerbois";"47,6638410000";" -3,0096750000"
"202100048635";"10";"03";"2021";"10:00";"1";"13";"13005";"1";"1";"1";"2";"A501-Sens Aubagne vers Pont de l'Etoile";"43,3192272008";"5,5913721126"
"202100048636";"10";"03";"2021";"08:41";"1";"13";"13211";"1";"1";"1";"5";"A507 sens Aubagne- Marseille";"43,2861860000";"5,4304640000"
"202100048637";"10";"03";"2021";"09:05";"1";"38";"38544";"1";"1";"1";"4";"RD1407   0.000 A 2.331";"45,5411900000";"4,8549400000"
"202100048638";"10";"03";"2021";"19:32";"5";"33";"33143";"1";"1";"1";"6";"N/A";"44,9747860000";" -0,4333190000"
"202100048639";"10";"03";"2021";"17:10";"2";"91";"91471";"1";"1";"1";"4";"RD 188 CHEVREUSE";"48,6921260000";"2,1815480000"
"202100048640";"9";"03";"2021";"14:55";"1";"92";"92025";"1";"1";"1";"4";"A86";"48,9190397614";"2,2236068855"
"202100048641";"10";"03";"2021";"18:05";"2";"93";"93066";"1";"1";"2";"6";"AUTOROUTE A1";"48,9199000000";"2,3572300000"
"202100048642";"10";"03";"2021";"08:31";"1";"95";"95394";"1";"1";"1";"3";"RN 184";"49,0514679308";"2,1520249343"
"202100048643";"10";"03";"2021";"09:00";"1";"94";"94018";"1";"1";"1";"2";"A4";"48,8183100000";"2,4098500000"
"202100048644";"3";"01";"2021";"17:50";"5";"93";"93073";"2";"1";"1";"6";"BERGER (RUE GILBERT)";"48,9501305805";"2,5777293240"
"202100048645";"9";"03";"2021";"08:15";"1";"987";"98736";"1";"9";"1";"3";"SAINTE TRINITE (RUE)";" -17,5327000000";" -149,5450000000"
"202100048646";"8";"03";"2021";"14:45";"1";"974";"97411";"2";"1";"1";"6";"LATTRE DE TASSIGNY (AVENUE MARECHAL DE)";" -20,8875500000";"55,4724900000"
"202100048647";"8";"03";"2021";"20:20";"5";"69";"69383";"2";"5";"1";"3";"PINEL (BD)";"45,7530828899";"4,8952197719"
"202100048648";"9";"03";"2021";"02:50";"4";"972";"97209";"2";"1";"1";"6";"ALLEGRE (BOULEVARD)";"14,6051900000";" -61,0732700000"
"202100048649";"9";"03";"2021";"08:50";"1";"69";"69389";"2";"9";"1";"6";"JOANNES MASSET                      (AV)";"45,7726269044";"4,8000490665"
"202100048650";"9";"03";"2021";"08:15";"1";"69";"69034";"2";"3";"1";"3";"GEORGES CLEMENCEAU (Q)";"45,8138300000";"4,8493100000"
"202100048651";"8";"03";"2021";"19:30";"5";"69";"69385";"2";"1";"1";"6";"FULCHIRON (Q)";"45,7522965880";"4,8221558722"
"202100048652";"8";"03";"2021";"16:30";"1";"971";"97101";"1";"1";"1";"4";"ROUTE DE BOISVINS";"16,2612618876";" -61,4796209335"
"202100048653";"9";"03";"2021";"09:15";"1";"95";"95585";"2";"1";"1";"3";"HEUDE (RUE DU PERE)";"48,9860000000";"2,3886200000"
"202100048654";"8";"03";"2021";"18:00";"1";"86";"86194";"2";"1";"1";"6";"Avenue de Nantes";"46,5837480000";"0,3302240000"
"202100048655";"7";"03";"2021";"17:30";"1";"84";"84007";"2";"1";"1";"5";"CONFLUENT (ROUTE)";"43,9240100000";"4,7840210000"
"202100048656";"8";"03";"2021";"16:35";"1";"83";"83090";"2";"9";"1";"6";"REPUBLIQUE (RUE DE LA)";"43,1378323259";"5,8473029514"
"202100048657";"8";"03";"2021";"14:50";"1";"83";"83137";"2";"1";"1";"3";"PICOT (AVE DU COLONEL)";"43,1295900000";"5,9692900000"
"202100048658";"9";"03";"2021";"13:40";"1";"83";"83069";"2";"6";"1";"3";"DECUGIS (AVENUE ALFRED)";"43,1163300000";"6,1466600000"
"202100048659";"7";"03";"2021";"10:00";"1";"83";"83050";"2";"6";"1";"3";"PREMIERE ARMEE(AVENUE DE LA)";"43,5315100000";"6,4737900000"
"202100048660";"5";"03";"2021";"13:35";"1";"78";"78646";"2";"1";"1";"6";"CHANTIERS (RUE DES)";"48,7954100000";"2,1395500000"
"202100048661";"9";"03";"2021";"17:45";"1";"77";"77332";"1";"1";"1";"1";"GRANDE RUE";"48,9949100000";"2,6997700000"
"202100048662";"9";"03";"2021";"08:30";"1";"77";"77186";"1";"1";"1";"2";"CONSTANCE (BOULEVARD DE )";"48,3976800000";"2,6915400000"
"202100048663";"7";"03";"2021";"14:05";"1";"76";"76351";"2";"4";"1";"7";"CHANTIERS (DES)";"49,4984800000";"0,1627400000"
"202100048664";"8";"03";"2021";"10:20";"1";"67";"67482";"2";"3";"1";"3";"WASSELONNE (RUE DE)";"48,5792123743";"7,7333433149"
"202100048665";"9";"03";"2021";"12:40";"1";"66";"66136";"2";"1";"1";"3";"COQUELICOTS (DES)";"42,7054300000";"2,9018700000"
"202100048666";"9";"03";"2021";"13:00";"1";"65";"65440";"2";"2";"1";"3";"LATTRE DE TASSIGNY(BOULEVARD DE)";"43,2280800000";"0,0565000000"
"202100048667";"8";"03";"2021";"16:45";"1";"64";"64132";"2";"1";"2";"3";"avenue du stade d'eaux vives";"43,2880000000";" -0,3600000000"
"202100048668";"6";"03";"2021";"00:30";"3";"59";"59185";"2";"1";"1";"6";"PLACE R";"50,3357600000";"3,2126100000"
"202100048669";"3";"03";"2021";"20:45";"5";"54";"54431";"2";"3";"1";"3";"SAINT-LAURENT (RUE)";"48,9056900000";"6,0513700000"
"202100048670";"6";"03";"2021";"22:47";"5";"54";"54184";"2";"1";"1";"6";"VERDUN (RUE DE)";"48,7028148010";"6,2208983302"
"202100048671";"8";"03";"2021";"10:25";"1";"51";"51454";"2";"1";"1";"7";"AllÃ©e Fernand Kinet";"49,2354690000";"4,0217850000"
"202100048672";"6";"03";"2021";"17:45";"1";"49";"49099";"2";"6";"1";"6";"LYAUTEY (RUE DU MARECHAL)";"47,0563200000";" -0,8638400000"
"202100048673";"6";"03";"2021";"13:20";"1";"49";"49099";"2";"2";"1";"7";"JOMINIERE (RUE DE LA)";"47,0736900000";" -0,8676100000"
"202100048674";"8";"03";"2021";"17:00";"1";"44";"44109";"2";"1";"1";"3";"RUE MARCEAU";"47,2156000000";" -1,5642600000"
"202100048675";"9";"03";"2021";"13:15";"1";"38";"38185";"2";"1";"1";"6";"Rue LÃ©on Jouhaux";"45,1759900000";"5,7451300000"
"202100048676";"9";"03";"2021";"07:13";"1";"37";"37261";"2";"3";"1";"3";"BERT (QUAI PAUL)";"47,4015009524";"0,6865596772"
"202100048677";"9";"03";"2021";"13:30";"1";"35";"35051";"2";"1";"1";"2";"ALLIES (BOULEVARD DES)";"48,1148612432";" -1,6208032519"
"202100048678";"9";"03";"2021";"08:20";"1";"33";"33063";"2";"1";"1";"2";"Quai de Brazza";"44,8583700000";" -0,5455300000"
"202100048679";"22";"02";"2021";"13:30";"1";"32";"32013";"2";"1";"1";"3";"LORRAINE";"43,6494900000";"0,5886000000"
"202100048680";"23";"02";"2021";"13:00";"1";"31";"31483";"2";"6";"1";"3";"Avenue du Marechal Joffre";"43,1070900000";"0,7200000000"
"202100048681";"4";"02";"2021";"17:00";"1";"19";"19275";"1";"2";"1";"3";"MONTUPET (CHEMIN DE)";"45,5702900000";"2,3030400000"
"202100048682";"9";"03";"2021";"22:30";"5";"13";"13213";"2";"2";"1";"3";"PEYPIN (RUE DE)";"43,3255973855";"5,4224940349"
"202100048683";"9";"03";"2021";"23:00";"5";"13";"13203";"2";"2";"1";"3";"NATIONAL (BOULEVARD)";"43,3057046244";"5,3838738574"
"202100048684";"9";"03";"2021";"16:45";"1";"13";"13203";"2";"1";"1";"6";"PEYSSONNEL (RUE)";"43,3114910000";"5,3703750000"
"202100048685";"9";"03";"2021";"14:30";"1";"13";"13208";"2";"2";"1";"3";"LUCE (BOULEVARD)";"43,2573637921";"5,3942857122"
"202100048686";"8";"03";"2021";"17:00";"1";"13";"13211";"2";"3";"1";"3";"DÃSIRÃ BIANCO (AVENUE)";"43,2886320000";"5,4254840000"
"202100048687";"8";"03";"2021";"15:40";"1";"13";"13213";"2";"1";"1";"2";"CHATEAU GOMBERT CHEMIN";"43,3450790000";"5,4236450000"
"202100048688";"6";"03";"2021";"11:20";"1";"11";"11262";"2";"1";"1";"6";"VERDOUBLE (RUE DU)";"43,1827800000";"2,9777600000"
"202100048689";"8";"03";"2021";"11:55";"1";"10";"10387";"2";"2";"1";"6";"CHARMILLES (MAIL DES)";"48,3016900000";"4,0872300000"
"202100048690";"9";"03";"2021";"10:28";"1";"06";"06088";"2";"9";"1";"6";"CARNOT (BD)";"43,6981700000";"7,2879800000"
"202100048691";"9";"03";"2021";"07:49";"1";"06";"06088";"2";"1";"1";"2";"GRENOBLE (ROUTE DE)";"43,6723000000";"7,2020400000"
"202100048692";"7";"03";"2021";"15:00";"1";"05";"05061";"2";"3";"1";"7";"LABOURS ( CHEMIN DES )";"44,5778400000";"6,0862000000"
"202100048693";"9";"03";"2021";"17:48";"1";"04";"04112";"2";"1";"1";"6";"RD 4096";"43,8359900000";"5,8020500000"
"202100048694";"7";"03";"2021";"12:47";"1";"75";"75105";"2";"2";"1";"6";"RUE MONGE";"48,8489090000";"2,3498350000"
"202100048695";"9";"03";"2021";"21:10";"5";"75";"75114";"2";"2";"1";"3";"BOULEVARD ROMAIN ROLLAND";"48,8202100000";"2,3240090000"
"202100048696";"9";"03";"2021";"09:05";"1";"75";"75113";"2";"2";"1";"3";"BOULEVARD MASSENA";"48,8222870000";"2,3716490000"
"202100048697";"9";"03";"2021";"09:50";"1";"75";"75112";"2";"2";"1";"3";"AVENUE DE NOGENT";"48,8442860000";"2,4423580000"
"202100048698";"9";"03";"2021";"09:30";"1";"75";"75111";"2";"7";"1";"6";"PLACE LEON BLUM";"48,8584230000";"2,3800240000"
"202100048699";"9";"03";"2021";"17:00";"1";"75";"75109";"2";"2";"1";"6";"BOULEVARD DES CAPUCINES";"48,8701085941";"2,3291145135"
"202100048700";"9";"03";"2021";"15:50";"1";"75";"75109";"2";"3";"1";"6";"RUE MONCEY";"48,8800510000";"2,3306560000"
"202100048701";"8";"03";"2021";"22:30";"3";"75";"75103";"2";"2";"1";"3";"RUE BEAUBOURG";"48,8627250000";"2,3543040000"
"202100048702";"9";"03";"2021";"20:25";"5";"75";"75107";"2";"2";"1";"3";"RUE DE BELLECHASSE";"48,8564710000";"2,3211210000"
"202100048703";"8";"03";"2021";"18:00";"1";"94";"94081";"2";"1";"1";"1";"GROUPE MANOUCHIAN (AV DU)";"48,7893690000";"2,4056600000"
"202100048704";"9";"03";"2021";"17:35";"1";"94";"94080";"2";"1";"1";"6";"AUBERT (AV)";"48,8475000000";"2,4290400000"
"202100048705";"9";"03";"2021";"17:20";"1";"94";"94016";"2";"1";"1";"7";"CAMILLE DESMOULINS (R)";"48,7924680000";"2,3328560000"
"202100048706";"8";"03";"2021";"15:00";"1";"94";"94041";"2";"1";"1";"1";"LUCIEN NADAIRE (R)";"48,8020000000";"2,3939000000"
"202100048707";"9";"03";"2021";"07:20";"1";"94";"94022";"1";"1";"1";"2";"STALINGRAD (BD DE)";"48,7622800000";"2,4092600000"
"202100048708";"9";"03";"2021";"10:35";"1";"94";"94069";"2";"1";"1";"6";"22 rue Edmond Nocard";"48,8214580000";"2,4225350000"
"202100048709";"9";"03";"2021";"10:44";"1";"93";"93072";"2";"1";"1";"6";"MARCEL POINTET (PLACE) DES NÂ°2-4 AU 14";"48,9513600000";"2,3818300000"
"202100048710";"9";"03";"2021";"20:01";"5";"93";"93071";"2";"2";"1";"3";"JOHN F. KENNEDY (AVENUE)";"48,9396808949";"2,5127031543"
"202100048711";"9";"03";"2021";"19:10";"5";"93";"93070";"2";"1";"1";"3";"SEINE (QUAI DE)";"48,9172900000";"2,3275700000"
"202100048712";"9";"03";"2021";"17:00";"1";"93";"93077";"2";"3";"1";"6";"ROSNY (AVENUE DE)";"48,8848132426";"2,5064224005"
"202100048713";"9";"03";"2021";"07:45";"2";"93";"93051";"2";"9";"1";"6";"DOCTEUR SUREAU";"48,8449330483";"2,5494235755"
"202100048714";"8";"03";"2021";"11:55";"1";"93";"93027";"2";"1";"1";"1";"PASTEUR (BOULEVARD) DE 1 A 39";"48,9207750246";"2,3830885679"
"202100048715";"9";"03";"2021";"09:40";"1";"93";"93005";"2";"1";"1";"6";"ANATOLE FRANCE (AVENUE)";"48,9370762489";"2,4945173119"
"202100048716";"9";"03";"2021";"08:25";"1";"93";"93005";"2";"1";"1";"6";"ANDRE CITROEN (BOULEVARD)";"48,9587700000";"2,4857000000"
"202100048717";"9";"03";"2021";"18:00";"1";"93";"93001";"2";"1";"1";"3";"PRESIDENT ROOSEVELT (AVENUE DU)";"48,9179200000";"2,3790400000"
"202100048718";"9";"03";"2021";"13:00";"1";"92";"92050";"2";"2";"1";"3";"BARBUSSE HENRI RUE";"48,8922580650";"2,1892793477"
"202100048719";"9";"03";"2021";"05:20";"5";"92";"92050";"2";"4";"1";"7";"PERRIN JEAN RUE";"48,9080981842";"2,2129753232"
"202100048720";"9";"03";"2021";"16:45";"1";"92";"92044";"2";"2";"1";"6";"ARISTIDE BRIAND(RUE)1A49 ET 2A52";"48,8904231191";"2,2836488485"
"202100048721";"8";"03";"2021";"18:50";"5";"92";"92032";"2";"2";"1";"5";"PETIT ANTOINE (RUE)";"48,7905400000";"2,2889600000"
"202100048722";"8";"03";"2021";"07:05";"2";"92";"92012";"2";"2";"1";"3";"CHARLES DE GAULLE (AVENUE) COTE IMPAIR";"48,8483600000";"2,2372400000"
"202100048723";"7";"03";"2021";"13:25";"1";"92";"92004";"2";"1";"1";"2";"REDOUTE ( AVENUE DE LA  )";"48,9298163120";"2,2827637196"
"202100048724";"5";"03";"2021";"01:15";"3";"49";"49082";"1";"1";"1";"7";"Saint Charles";"47,3284834785";" -0,7266735576"
"202100048725";"8";"03";"2021";"16:00";"1";"2A";"2A048";"1";"1";"1";"7";"RD81";"42,0201289730";"8,7336302180"
"202100048726";"9";"03";"2021";"17:50";"1";"42";"42338";"1";"1";"7";"3";"Route de Perreux";"46,0901760000";"4,1203450000"
"202100048727";"9";"03";"2021";"08:30";"1";"42";"42120";"1";"2";"7";"3";"Route de Saint Jean";"45,9921731868";"3,9968803168"
"202100048728";"10";"03";"2021";"17:40";"1";"83";"83049";"1";"1";"7";"3";"A57";"43,2417900000";"6,0851300000"
"202100048729";"9";"03";"2021";"16:30";"1";"972";"97210";"1";"1";"1";"3";"D30";"14,6185200000";" -60,9282880000"
"202100048730";"9";"03";"2021";"18:10";"1";"29";"29043";"1";"1";"1";"2";"N165 PR 102+100";"48,3700000000";" -4,2644330000"
"202100048731";"9";"03";"2021";"18:10";"1";"69";"69100";"2";"1";"1";"7";"SAINT-GENIS LAVAL (DE) (R)";"45,6813240000";"4,8115630000"
"202100048732";"4";"03";"2021";"07:05";"2";"51";"51138";"1";"1";"1";"7";"D982";"49,0256423998";"4,8818618059"
"202100048733";"9";"03";"2021";"16:55";"1";"2A";"2A001";"2";"1";"1";"3";"T. 22";"41,9573230000";"8,8007760000"
"202100048734";"9";"03";"2021";"18:00";"1";"39";"39251";"1";"1";"1";"2";"N/A";"46,6447590000";"5,5039140000"
"202100048735";"10";"03";"2021";"04:45";"5";"31";"31187";"2";"1";"9";"6";"Route de Fontenilles";"43,5414010000";"1,2205870000"
"202100048736";"10";"03";"2021";"09:15";"1";"06";"06068";"1";"1";"1";"3";"D3";"43,7015970000";"6,9619280000"
"202100048737";"27";"02";"2021";"17:30";"1";"50";"50567";"2";"2";"1";"3";"Le Carrefour Brisquet";"49,5857010000";" -1,5147130000"
"202100048738";"10";"03";"2021";"10:00";"1";"53";"53144";"1";"1";"1";"6";"LA FOUCAURAIS";"48,3171580000";" -0,4944490000"
"202100048739";"9";"03";"2021";"14:00";"1";"85";"85288";"1";"1";"1";"7";"Zone Industrielle du PÃ¢tis";"46,4555690000";" -1,6009350000"
"202100048740";"9";"03";"2021";"17:40";"1";"27";"27569";"1";"2";"1";"6";"D138";"49,1086580000";"0,5190720000"
"202100048741";"8";"03";"2021";"21:05";"3";"28";"28154";"1";"1";"1";"3";"Rue du Thymerais";"48,4858620000";"1,2875350000"
"202100048742";"1";"02";"2021";"16:45";"1";"17";"17434";"2";"2";"8";"3";"Rue du Beurre";"46,1136870000";" -0,7491030000"
"202100048743";"10";"03";"2021";"09:45";"1";"17";"17241";"1";"2";"1";"3";"Cottieres Sud";"45,2066350000";" -0,1577840000"
"202100048744";"10";"03";"2021";"05:40";"1";"988";"98805";"1";"1";"1";"2";"VE2";" -22,1826760000";"166,4321850000"
"202100048745";"9";"03";"2021";"14:45";"1";"78";"78674";"1";"1";"1";"3";"Route dÃ©partementale 98";"48,8486860000";"2,0168210000"
"202100048746";"24";"02";"2021";"14:30";"1";"33";"33005";"2";"1";"1";"6";"Rue Denis Papin";"44,7656240000";" -1,0735480000"
"202100048747";"9";"03";"2021";"21:13";"3";"971";"97116";"2";"1";"9";"3";"D108 - route de Brion";"16,3238670000";" -61,4581150000"
"202100048748";"8";"03";"2021";"17:00";"1";"83";"83030";"1";"3";"1";"3";"D43";"43,3630040000";"6,0938930000"
"202100048749";"9";"03";"2021";"21:00";"3";"13";"13030";"1";"1";"1";"1";"D8n";"43,2658940000";"5,6734090000"
"202100048750";"10";"03";"2021";"14:25";"1";"01";"01262";"2";"1";"1";"7";"Rue des Ecorchats";"45,8533260000";"5,0530850000"
"202100048751";"9";"03";"2021";"17:55";"1";"81";"81100";"1";"2";"1";"3";"D45";"43,4800499887";"2,0085875279"
"202100048752";"8";"03";"2021";"17:30";"1";"79";"79049";"2";"9";"1";"2";"23 Rue de la Vergnaie";"46,8477720000";" -0,4898910000"
"202100048753";"9";"03";"2021";"09:25";"1";"86";"86163";"1";"1";"1";"6";"Le Grand Recoin";"46,6325590000";"0,4901950000"
"202100048754";"24";"02";"2021";"13:45";"1";"40";"40019";"2";"1";"1";"6";"949 Route des Lacs";"44,2151870000";" -1,1968970000"
"202100048755";"21";"01";"2021";"07:30";"2";"33";"33519";"2";"1";"2";"6";"Avenue de la BoÃ©tie";"44,9097440000";" -0,6929760000"
"202100048756";"9";"03";"2021";"08:20";"1";"76";"76758";"2";"4";"1";"6";"12 Avenue du Marechal Foch";"49,6183400000";"0,7469100000"
"202100048757";"8";"03";"2021";"16:25";"1";"59";"59537";"1";"1";"1";"7";"D958";"50,2459420000";"3,5037480000"
"202100048758";"8";"03";"2021";"10:27";"1";"69";"69009";"1";"1";"1";"2";"A6";"45,9565320424";"4,7175539732"
"202100048759";"8";"03";"2021";"17:10";"1";"69";"69282";"1";"1";"1";"4";"RD302";"45,7527000000";"5,0144200000"
"202100048760";"8";"03";"2021";"07:25";"1";"67";"67218";"1";"1";"1";"3";"M35";"48,5332200000";"7,6984500000"
"202100048761";"5";"03";"2021";"15:15";"1";"59";"59509";"1";"1";"1";"6";"AUTOROUTE A21";"50,3992770000";"3,1070880000"
"202100048762";"9";"03";"2021";"17:25";"1";"91";"91377";"1";"1";"1";"3";"AUTOROUTE A10";"48,7168400000";"2,2914400000"
"202100048763";"9";"03";"2021";"16:40";"1";"91";"91534";"1";"1";"1";"6";"RN 118";"48,7191000000";"2,1702100000"
"202100048764";"9";"03";"2021";"12:55";"1";"91";"91521";"1";"1";"1";"7";"RN 104";"48,6345100000";"2,4058300000"
"202100048765";"9";"03";"2021";"15:40";"1";"93";"93006";"1";"1";"1";"2";"AUTOROUTE A3";"48,8662700000";"2,4227300000"
"202100048766";"9";"03";"2021";"10:30";"1";"93";"93008";"1";"1";"1";"3";"AUTOROUTE A86";"48,9061600000";"2,4610800000"
"202100048767";"9";"03";"2021";"09:00";"1";"93";"93053";"1";"1";"1";"3";"AUTOROUTE A3";"48,8951900000";"2,4711900000"
"202100048768";"8";"03";"2021";"13:30";"1";"93";"93048";"1";"1";"1";"3";"AUTOROUTE A3";"48,8731500000";"2,4360000000"
"202100048769";"9";"03";"2021";"09:20";"1";"94";"94052";"1";"1";"1";"4";"A86.INT";"48,8452828589";"2,4919975043"
"202100048770";"9";"03";"2021";"07:45";"1";"77";"77410";"1";"1";"1";"2";"A5b";"48,5875401300";"2,7053891810"
"202100048771";"8";"03";"2021";"09:00";"1";"75";"75112";"2";"4";"1";"6";"PORT DE BERCY";"48,8279110000";"2,3946260000"
"202100048772";"8";"03";"2021";"18:20";"2";"75";"75120";"2";"1";"1";"3";"RUE DE BAGNOLET";"48,8639210000";"2,4078570000"
"202100048773";"8";"03";"2021";"11:00";"1";"75";"75119";"2";"5";"1";"6";"RUE DU PRE SAINT GERVAIS";"48,8776990000";"2,3956170000"
"202100048774";"7";"03";"2021";"18:30";"2";"75";"75118";"2";"2";"1";"6";"BOULEVARD NEY";"48,8979757509";"2,3442257918"
"202100048775";"7";"03";"2021";"12:15";"1";"75";"75116";"2";"3";"1";"3";"AVENUE DU PRESIDENT KENNEDY";"48,8579270000";"2,2878930000"
"202100048776";"8";"03";"2021";"16:15";"1";"75";"75113";"2";"3";"1";"3";"BOULEVARD ARAGO";"48,8362310000";"2,3501080000"
"202100048777";"8";"03";"2021";"17:10";"1";"75";"75112";"2";"1";"1";"3";"QUAI DE BERCY";"48,8307203002";"2,3856205807"
"202100048778";"8";"03";"2021";"17:40";"1";"75";"75111";"2";"1";"1";"3";"BOULEVARD DE MENILMONTANT";"48,8637190000";"2,3863570000"
"202100048779";"8";"03";"2021";"17:53";"1";"75";"75110";"2";"4";"1";"6";"RUE LUCIEN SAMPAIX";"48,8744590000";"2,3628490000"
"202100048780";"8";"03";"2021";"08:45";"1";"75";"75110";"2";"4";"1";"2";"BOULEVARD DE MAGENTA";"48,8814320000";"2,3514430000"
"202100048781";"8";"03";"2021";"19:45";"5";"75";"75108";"2";"5";"1";"3";"RUE DE ROME";"48,8794860000";"2,3218560000"
"202100048782";"8";"03";"2021";"18:45";"5";"75";"75108";"2";"2";"1";"7";"AVENUE GEORGE V";"48,8684120000";"2,3011630000"
"202100048783";"8";"03";"2021";"12:35";"1";"75";"75108";"2";"2";"1";"3";"RUE DU BOCCADOR";"48,8672390000";"2,3019490000"
"202100048784";"8";"03";"2021";"09:00";"1";"75";"75108";"2";"2";"1";"6";"RUE DE LISBONNE";"48,8774350000";"2,3081890000"
"202100048785";"8";"03";"2021";"13:50";"1";"75";"75102";"2";"2";"1";"7";"BOULEVARD SAINT DENIS";"48,8693240000";"2,3542560000"
"202100048786";"7";"03";"2021";"10:40";"1";"75";"75104";"2";"1";"1";"1";"VOIE GEORGES POMPIDOU";"48,8559310000";"2,3506050000"
"202100048787";"6";"03";"2021";"08:50";"1";"94";"94068";"2";"1";"1";"6";"BAC (AV DU)";"48,7937900000";"2,5132100000"
"202100048788";"8";"03";"2021";"14:40";"1";"94";"94043";"2";"1";"1";"6";"ANATOLE FRANCE (R)";"48,8089200000";"2,3591900000"
"202100048789";"8";"03";"2021";"12:10";"1";"94";"94018";"2";"3";"1";"3";"PARIS (R DE)";"48,8274440000";"2,4045020000"
"202100048790";"8";"03";"2021";"14:40";"1";"94";"94017";"2";"3";"1";"4";"GUY MOCQUET (R)";"48,8192000000";"2,5146300000"
"202100048791";"8";"03";"2021";"11:30";"1";"93";"93066";"2";"1";"1";"5";"FRANCE ANATOLE ENTREE A1";"48,9270328071";"2,3523969544"
"202100048792";"8";"03";"2021";"09:30";"1";"93";"93066";"2";"1";"1";"6";"AMPERE";"48,9234204161";"2,3416113853"
"202100048793";"8";"03";"2021";"08:00";"1";"93";"93066";"2";"1";"1";"6";"COURNEUVE (ROUTE)";"48,9336418273";"2,3712886870"
"202100048794";"8";"03";"2021";"15:36";"1";"93";"93055";"2";"1";"1";"3";"JULES AUFFRET (1/49 ET 2/54)";"48,8919500000";"2,4097900000"
"202100048795";"7";"03";"2021";"16:30";"1";"93";"93048";"2";"3";"1";"3";"SOLIDARITE (RUE DE LA)";"48,8529604417";"2,4420647379"
"202100048796";"8";"03";"2021";"16:55";"1";"93";"93010";"2";"1";"1";"6";"ETOILE (AL. DE L')";"48,8913406447";"2,4854992394"
"202100048797";"8";"03";"2021";"17:10";"1";"92";"92046";"2";"1";"1";"7";"HOCHE";"48,8143200000";"2,2919600000"
"202100048798";"8";"03";"2021";"16:55";"1";"92";"92073";"2";"1";"1";"3";"SELLIER (BOULEVARD HENRI)";"48,8666344599";"2,2209334373"
"202100048799";"8";"03";"2021";"15:50";"1";"92";"92049";"2";"1";"1";"7";"JAURES AVENUE JEAN NÂ°52 A FIN";"48,8149100000";"2,3091600000"
"202100048800";"8";"03";"2021";"15:30";"1";"92";"92036";"2";"6";"1";"3";"Avenue Laurent CÃ©ly";"48,9331101317";"2,3027408123"
"202100048801";"9";"03";"2021";"11:30";"1";"65";"65174";"1";"1";"1";"6";"D8 - Route de Labatut RiviÃ¨re";"43,4997840000";"0,0367030000"
"202100048802";"8";"03";"2021";"10:15";"1";"37";"37147";"2";"1";"1";"7";"Rue de la Motte";"47,0511415993";"0,5412504913"
"202100048803";"8";"03";"2021";"17:40";"1";"49";"49092";"1";"1";"7";"1";"La Grande Houssaie (chemillÃ©)";"47,2008780000";" -0,7712050000"
"202100048804";"6";"03";"2021";"16:20";"1";"91";"91553";"2";"3";"7";"3";"7 Avenue du GÃ©nÃ©ral Leclerc";"48,6239850000";"2,4917570000"
"202100048805";"6";"03";"2021";"01:40";"5";"59";"59464";"2";"1";"1";"6";"17 Rue Pasteur";"50,1903150000";"3,6108110000"
"202100048806";"9";"03";"2021";"14:50";"1";"59";"59110";"1";"3";"1";"1";"D2";"50,9560170000";"2,2729680000"
"202100048807";"8";"03";"2021";"16:30";"1";"33";"33261";"1";"2";"1";"3";"Lieu Dit Rambaud Est";"44,9842660000";" -0,1054430000"