"Num_Acc";"jour";"mois";"an";"hrmn";"lum";"dep";"com";"agg";"int";"atm";"col";"adr";"lat";"long"
"202100049188";"5";"03";"2021";"19:30";"3";"988";"98815";"1";"4";"2";"7";"RM9/VU19, tribu de PATHO- sens KURINE-PATHO";" -21,5814460000";"168,1065490000"
"202100049189";"1";"03";"2021";"07:25";"1";"972";"97228";"1";"1";"1";"6";"Pain de Sucre";"14,7886740000";" -61,0332160000"
"202100049190";"6";"03";"2021";"15:30";"1";"2A";"2A247";"1";"1";"1";"7";"Route de l'Ospedale";"41,6431378886";"9,2056287340"
"202100049191";"6";"03";"2021";"17:50";"1";"2A";"2A247";"2";"3";"1";"1";"rue henri frenay";"41,6056039101";"9,2796060626"
"202100049192";"6";"03";"2021";"08:50";"1";"83";"83081";"2";"1";"1";"6";"Avenue Jean Camille Pauc";"43,6178950000";"6,7644020000"
"202100049193";"6";"03";"2021";"16:50";"1";"68";"68154";"2";"2";"7";"5";"13 e Rue de Mulhouse";"47,7778200000";"7,3472680000"
"202100049194";"6";"03";"2021";"09:15";"1";"68";"68298";"2";"1";"1";"6";"79 Rue Wilson";"48,2477120000";"7,1869630000"
"202100049195";"6";"03";"2021";"11:40";"1";"03";"03298";"2";"1";"1";"6";"98 Avenue de Chazeuil";"46,3171893382";"3,3958643675"
"202100049196";"5";"03";"2021";"12:45";"1";"38";"38223";"1";"1";"1";"5";"AllÃ©e des Acacias";"45,5750710000";"5,2769080000"
"202100049197";"5";"03";"2021";"21:05";"3";"26";"26235";"1";"1";"6";"6";"Route de Bourg-saint-andÃ©ol";"44,3704730000";"4,6694680000"
"202100049198";"28";"02";"2021";"17:00";"1";"07";"07042";"2";"4";"1";"1";"avenue marechal leclerc";"44,3845950000";"4,6418020000"
"202100049199";"1";"03";"2021";"17:30";"2";"01";"01301";"1";"1";"7";"1";"D26b";"46,2452750000";"5,1074520000"
"202100049200";"20";"02";"2021";"11:00";"1";"31";"31417";"1";"2";"1";"3";"D24";"43,6416730000";"1,2220470000"
"202100049201";"5";"03";"2021";"18:30";"3";"13";"13071";"1";"1";"1";"3";"A7-Sens Marseille vers Lyon";"43,4162090000";"5,2767580000"
"202100049202";"4";"03";"2021";"08:35";"1";"33";"33162";"1";"1";"1";"2";"ROCADE A 630";"44,8798170000";" -0,6271570000"
"202100049203";"4";"03";"2021";"09:50";"1";"59";"59356";"1";"1";"1";"6";"ROUTE DEPARTEMENTALE 652";"50,6532780000";"3,0026430000"
"202100049204";"3";"03";"2021";"17:25";"1";"59";"59599";"1";"1";"1";"4";"ROUTE DEPARTEMENTALE 656";"50,6935640000";"3,1456260000"
"202100049205";"5";"03";"2021";"10:50";"1";"78";"78206";"1";"1";"1";"2";"A13";"48,9546230000";"1,9387220000"
"202100049206";"5";"03";"2021";"08:05";"1";"92";"92051";"1";"1";"1";"3";"N13";"48,8863277201";"2,2558404410"
"202100049207";"5";"03";"2021";"15:20";"1";"95";"95572";"1";"1";"1";"5";" A15";"49,0351878619";"2,0990028330"
"202100049208";"5";"03";"2021";"12:50";"1";"93";"93005";"1";"1";"1";"2";"AUTOROUTE A1";"48,9650200000";"2,4747800000"
"202100049209";"5";"03";"2021";"11:10";"1";"93";"93010";"1";"1";"1";"5";"AUTOROUTE A3";"48,8902400000";"2,4735700000"
"202100049210";"4";"03";"2021";"22:15";"3";"93";"93078";"1";"1";"1";"6";"AUTOROUTE A104";"48,9613900000";"2,5238300000"
"202100049211";"5";"03";"2021";"09:37";"1";"988";"98818";"2";"2";"1";"3";"RUE DE METZ/BD EXTERIEUR";" -22,2773000000";"166,4489000000"
"202100049212";"4";"03";"2021";"17:30";"1";"976";"97611";"2";"1";"1";"3";"doujani-CarriÃ¨re ( route de la )";" -12,7953300000";"45,2149200000"
"202100049213";"3";"03";"2021";"21:50";"3";"974";"97411";"2";"1";"1";"3";"Boulevard du Chaudron";" -20,8969650000";"55,4962560000"
"202100049214";"4";"03";"2021";"17:27";"1";"974";"97407";"1";"1";"1";"2";"ROUTE NATIONALE NÂ° 1";" -20,9531100000";"55,3156100000"
"202100049215";"4";"03";"2021";"20:10";"5";"973";"97302";"2";"9";"2";"3";"MADELEINE (ROUTE DE LA)";"4,9186120278";" -52,3217010556"
"202100049216";"4";"03";"2021";"13:00";"1";"973";"97302";"2";"1";"1";"3";"SAINT ANTOINE (CHEMIN)";"4,9313500000";" -52,2976700000"
"202100049217";"4";"03";"2021";"08:20";"1";"973";"97302";"2";"2";"1";"6";"SAINT ANTOINE (CHEMIN)";"4,9321600000";" -52,2972100000"
"202100049218";"4";"03";"2021";"15:50";"1";"69";"69259";"2";"1";"1";"3";"DOCTEUR COBLOD (DU) (BD) ";"45,7023800000";"4,8893900000"
"202100049219";"4";"03";"2021";"12:30";"1";"69";"69199";"2";"1";"1";"6";"CLOCHETTES (DES) (R)";"45,6973000000";"4,8560000000"
"202100049220";"4";"03";"2021";"09:45";"1";"69";"69387";"2";"2";"1";"3";"UNIVERSITE (DE L') (PT)";"45,7519800000";"4,8368300000"
"202100049221";"3";"03";"2021";"11:45";"1";"69";"69388";"2";"1";"1";"2";"JEAN MERMOZ                         (AV)";"45,7354100000";"4,8724600000"
"202100049222";"12";"02";"2021";"20:45";"5";"971";"97101";"2";"3";"1";"3";"PALAIS ROYAL";"16,2803900000";" -61,4970800000"
"202100049223";"28";"02";"2021";"02:00";"5";"971";"97101";"1";"1";"1";"6";"PERRIN (SECTEUR)";"16,2946000000";" -61,5113800000"
"202100049224";"4";"03";"2021";"16:50";"1";"95";"95277";"2";"6";"1";"3";"SOUVENIR FRANCAIS (PLACE DU)";"48,9930969630";"2,4545659514"
"202100049225";"26";"02";"2021";"23:30";"5";"95";"95018";"2";"1";"1";"1";"PONTOISE (ROUTE DE)";"48,9440994561";"2,2064690459"
"202100049226";"3";"03";"2021";"12:39";"1";"91";"91425";"2";"1";"1";"6";"RTE D ORLEANS RN 20";"48,6448300000";"2,2699800000"
"202100049227";"4";"03";"2021";"08:20";"1";"91";"91691";"2";"1";"1";"3";"GENERAL LECLER(RUE)";"48,7141110000";"2,4726440000"
"202100049228";"4";"02";"2021";"15:15";"1";"89";"89024";"2";"1";"1";"6";"PERRIGNY (RUE DE)";"47,8141900000";"3,5591900000"
"202100049229";"3";"03";"2021";"03:16";"5";"87";"87085";"2";"1";"1";"6";"GRAND-TREUIL (RUE DU)";"45,8475000000";"1,2717300000"
"202100049230";"3";"03";"2021";"16:45";"1";"77";"77131";"2";"1";"7";"6";"GENERAL LECLERC (RUE DU)";"48,8116220000";"3,0786880000"
"202100049231";"4";"03";"2021";"17:55";"1";"74";"74218";"2";"3";"1";"3";"MOULIN (RUE DU)";"46,3914600000";"6,5319100000"
"202100049232";"3";"03";"2021";"12:25";"1";"74";"74010";"2";"1";"1";"6";"ALERY (AVENUE D')";"45,8990000000";"6,1184000000"
"202100049233";"4";"03";"2021";"11:10";"1";"73";"73065";"2";"3";"1";"1";"D991 LEMENC (BOULEVARD)";"45,5701600000";"5,9243500000"
"202100049234";"2";"03";"2021";"15:15";"1";"71";"71270";"2";"1";"1";"3";"COURS MOREAU";"46,3093100000";"4,8336300000"
"202100049235";"4";"03";"2021";"14:45";"1";"69";"69266";"2";"1";"1";"6";"VOIE VERTE DES BERGES DU RHONE";"45,7861000000";"4,8617000000"
"202100049236";"27";"02";"2021";"12:54";"1";"68";"68376";"1";"1";"1";"2";"RD 430";"47,7979600000";"7,3089000000"
"202100049237";"3";"03";"2021";"20:35";"5";"67";"67482";"2";"3";"1";"3";"GOLBERY (PLACE)";"48,5873400000";"7,7664100000"
"202100049238";"2";"03";"2021";"08:40";"1";"67";"67043";"2";"1";"1";"6";"EMILE MATHIS (RUE)";"48,6193650000";"7,7291820000"
"202100049239";"2";"03";"2021";"14:00";"1";"67";"67482";"2";"1";"1";"6";"ERASME (PLACE)";"48,5900900000";"7,7063600000"
"202100049240";"3";"03";"2021";"11:45";"1";"66";"66136";"1";"1";"1";"3";"MICHELET (BOULEVARD EDMOND)";"42,7006200000";"2,8812700000"
"202100049241";"4";"03";"2021";"09:51";"1";"65";"65440";"2";"3";"1";"3";"D935B Boulevard du Martinet";"43,2368150000";"0,0834600000"
"202100049242";"3";"03";"2021";"13:38";"1";"64";"64102";"2";"1";"1";"2";"FOIX (AVENUE LOUIS DE)";"43,5074500000";" -1,4673400000"
"202100049243";"28";"02";"2021";"17:30";"2";"62";"62771";"2";"1";"2";"3";"VAILLANT (R EDOUARD)";"50,4197500000";"2,8674110000"
"202100049244";"3";"03";"2021";"17:45";"1";"59";"59360";"2";"1";"1";"1";"KUHLMANN AVENUE";"50,6204193937";"3,0164651365"
"202100049245";"27";"02";"2021";"16:00";"1";"59";"59350";"2";"7";"1";"3";"RIHOUR PLACE";"50,6352100000";"3,0620100000"
"202100049246";"2";"03";"2021";"17:00";"1";"59";"59155";"2";"1";"1";"2";"FURNES - ROUTE";"51,0330000000";"2,3988000000"
"202100049247";"3";"03";"2021";"14:35";"1";"56";"56162";"2";"3";"1";"6";"FORT BLOQUE (ROUTE DU)";"47,7383745548";" -3,4443855286"
"202100049248";"3";"03";"2021";"16:45";"1";"54";"54300";"2";"1";"1";"6";"GALTIER (RUE LUCIEN)";"48,6647740000";"6,2173960000"
"202100049249";"1";"03";"2021";"08:20";"1";"51";"51230";"2";"1";"1";"7";"Avenue GÃ©nÃ©ral Margueritte";"49,0290777704";"3,9551516936"
"202100049250";"3";"03";"2021";"16:50";"1";"49";"49353";"2";"1";"1";"6";"MAGNOLIAS ALLE";"47,4395680000";" -0,4930730000"
"202100049251";"3";"03";"2021";"15:10";"1";"49";"49007";"2";"1";"1";"7";"GAULLE BOULEVARD CHARLES DE";"47,4696519648";" -0,5610403419"
"202100049252";"3";"03";"2021";"09:50";"1";"49";"49007";"2";"1";"1";"6";"VOLNEY";"47,4636600000";" -0,5459500000"
"202100049253";"19";"02";"2021";"18:55";"3";"44";"44114";"1";"1";"1";"6";"M 75";"47,2734581172";" -1,6114153862"
"202100049254";"3";"03";"2021";"15:10";"1";"37";"37261";"2";"2";"1";"1";"GIRAUDEAU (RUE)";"47,3825940860";"0,6770672227"
"202100049255";"4";"03";"2021";"13:00";"1";"35";"35238";"2";"1";"8";"3";"VOLCLAIR (BD LOUIS)";"48,0884300000";" -1,6677400000"
"202100049256";"4";"03";"2021";"16:50";"1";"33";"33281";"2";"1";"7";"2";"Avenue de lâYser";"44,8418100000";" -0,6480500000"
"202100049257";"1";"03";"2021";"21:10";"5";"33";"33063";"1";"4";"1";"1";"Boulevard Pierre 1er";"44,8589390000";" -0,5896110000"
"202100049258";"4";"03";"2021";"08:20";"1";"33";"33063";"2";"4";"1";"3";"Avenue de la Gare";"44,8442500000";" -0,6290400000"
"202100049259";"3";"03";"2021";"12:30";"1";"33";"33249";"2";"1";"1";"6";"Rue Elie Faure";"44,8682400000";" -0,5201300000"
"202100049260";"2";"03";"2021";"17:35";"1";"33";"33249";"2";"3";"1";"3";"Rue Pierre Mendes-France";"44,8798600000";" -0,5136200000"
"202100049261";"22";"02";"2021";"15:48";"1";"30";"30007";"2";"1";"2";"2";"JUIN (AVE DU MARECHAL)";"44,1282400000";"4,1066400000"
"202100049262";"4";"03";"2021";"12:25";"1";"25";"25056";"2";"1";"1";"6";"ILE DE FRANCE AVENUE DE L'";"47,2211840000";"5,9669170000"
"202100049263";"4";"03";"2021";"15:40";"1";"17";"17306";"2";"1";"1";"2";"BOUCHET LOUIS (AVENUE)";"45,6274500000";" -0,9969600000"
"202100049264";"4";"03";"2021";"17:15";"1";"17";"17300";"2";"1";"1";"6";"MARILLAC   AVENUE";"46,1408730000";" -1,1621250000"
"202100049265";"3";"03";"2021";"12:15";"1";"13";"13001";"2";"2";"1";"2";"MOURET HENRI (AV)";"43,5185809050";"5,4338918968"
"202100049266";"22";"02";"2021";"16:35";"1";"13";"13001";"2";"1";"1";"6";"REPUBLIQUE (BD DE LA)";"43,5284400000";"5,4425900000"
"202100049267";"3";"03";"2021";"13:15";"1";"05";"05061";"2";"1";"1";"3";"FRANCOIS MITTERAND (AVENUE)";"44,5437500000";"6,0610100000"
"202100049268";"4";"03";"2021";"16:30";"1";"04";"04112";"2";"3";"1";"3";"Bs St Joseph / Rue AmpÃ¨re";"43,8250600000";"5,7984000000"
"202100049269";"3";"03";"2021";"08:05";"1";"75";"75118";"2";"1";"1";"2";"PORTE DE CLIGNANCOURT";"48,9010760000";"2,3452730000"
"202100049270";"2";"03";"2021";"09:15";"1";"75";"75112";"2";"4";"1";"3";"ECHANGEUR BERCY";"48,8267142194";"2,3912604118"
"202100049271";"4";"03";"2021";"21:00";"3";"75";"75119";"2";"3";"1";"2";"RUE DE BELLEVILLE";"48,8724220000";"2,3781010000"
"202100049272";"4";"03";"2021";"08:45";"1";"75";"75120";"2";"2";"1";"2";"RUE DES ORTEAUX";"48,8557500000";"2,4082470000"
"202100049273";"3";"03";"2021";"09:33";"1";"75";"75120";"2";"2";"1";"3";"RUE BELGRAND";"48,8645590000";"2,4073410000"
"202100049274";"4";"03";"2021";"15:25";"1";"75";"75119";"2";"2";"2";"7";"QUAI DE LA SEINE";"48,8843790000";"2,3691930000"
"202100049275";"4";"03";"2021";"13:30";"1";"75";"75119";"2";"3";"1";"3";"AVENUE JEAN JAURES";"48,8871270000";"2,3867720000"
"202100049276";"4";"03";"2021";"18:50";"5";"75";"75118";"2";"1";"1";"2";"RUE ORDENER";"48,8934480000";"2,3376620000"
"202100049277";"4";"03";"2021";"00:40";"5";"75";"75118";"2";"2";"2";"6";"RUE DE LA CHAPELLE";"48,8971280000";"2,3595310000"
"202100049278";"4";"03";"2021";"15:30";"1";"75";"75116";"2";"1";"2";"2";"AVENUE FOCH";"48,8720661479";"2,2837346792"
"202100049279";"4";"03";"2021";"17:15";"1";"75";"75113";"2";"2";"1";"3";"RUE DU CHATEAU DES RENTIERS";"48,8283000000";"2,3672530000"
"202100049280";"4";"03";"2021";"12:15";"1";"75";"75113";"2";"1";"1";"6";"AVENUE PIERRE MENDES FRANCE";"48,8401050000";"2,3687900000"
"202100049281";"4";"03";"2021";"18:30";"2";"75";"75111";"2";"3";"1";"3";"BOULEVARD VOLTAIRE";"48,8566740000";"2,3820140000"
"202100049282";"4";"03";"2021";"12:20";"1";"75";"75111";"2";"1";"1";"6";"RUE MERCOEUR";"48,8574680000";"2,3842680000"
"202100049283";"3";"03";"2021";"13:05";"1";"75";"75109";"2";"1";"1";"6";"RUE SAINT GEORGES";"48,8757820000";"2,3371240000"
"202100049284";"4";"03";"2021";"17:35";"1";"75";"75107";"2";"2";"2";"3";"AVENUE DU MARECHAL GALLIENI";"48,8599450000";"2,3131000000"
"202100049285";"4";"03";"2021";"09:17";"1";"75";"75107";"2";"1";"1";"4";"QUAI D ORSAY";"48,8622600000";"2,3032510000"
"202100049286";"3";"03";"2021";"09:15";"1";"75";"75108";"2";"7";"1";"7";"PLACE DE LA CONCORDE";"48,8656750000";"2,3218060000"
"202100049287";"3";"03";"2021";"19:30";"5";"75";"75104";"2";"7";"1";"1";"PLACE SAINT GERVAIS";"48,8558280000";"2,3541460000"
"202100049288";"4";"03";"2021";"18:45";"5";"94";"94046";"2";"1";"2";"7";"JEAN JAURES (R)";"48,7895700000";"2,4353570000"
"202100049289";"4";"03";"2021";"13:45";"1";"94";"94046";"2";"1";"1";"2";"GENERAL LECLERC (AV DU)";"48,8039163914";"2,4444531639"
"202100049290";"4";"03";"2021";"21:20";"5";"93";"93072";"2";"1";"2";"2";"MAXIME GORKI (BOULEVARD) DES NÂ°1 AU 87";"48,9481400368";"2,3862178413"
"202100049291";"3";"03";"2021";"22:05";"5";"93";"93070";"2";"1";"2";"4";"VICTOR-HUGO (BD)";"48,9106220516";"2,3316326737"
"202100049292";"4";"03";"2021";"16:10";"1";"93";"93074";"2";"1";"2";"3";"BOUCHER RUE ALEXANDRE";"48,9329841226";"2,5670927741"
"202100049293";"4";"03";"2021";"18:20";"1";"93";"93071";"2";"1";"2";"2";"BALLANGER ROBERT (AVENUE)";"48,9363342890";"2,5312599148"
"202100049294";"4";"03";"2021";"19:15";"5";"93";"93001";"2";"9";"1";"1";"DOCTEUR MICHAUX (AVE DU)";"48,9143900000";"2,3916100000"
"202100049295";"4";"03";"2021";"13:35";"1";"92";"92046";"2";"2";"1";"6";"PIERRE LAROUSSE (AVENUE)";"48,8223391845";"2,3035975345"
"202100049296";"3";"03";"2021";"19:40";"5";"92";"92046";"2";"1";"1";"6";"RAYMOND DAVID";"48,8163126001";"2,2952494237"
"202100049297";"4";"03";"2021";"08:35";"1";"92";"92072";"2";"3";"1";"2";"VILLE D'AVRAY (RUE DE )";"48,8237574840";"2,2087588906"
"202100049298";"3";"03";"2021";"21:00";"5";"92";"92036";"2";"1";"1";"3";"Rue du Moulin de Cage";"48,9275975418";"2,3180877417"
"202100049299";"4";"03";"2021";"20:30";"5";"92";"92026";"2";"2";"1";"3";"MARCEAU";"48,8996374432";"2,2456835210"
"202100049300";"4";"03";"2021";"08:36";"1";"92";"92024";"2";"1";"8";"2";"JEAN JAURES (BD) DE (120 A 138)";"48,9070322837";"2,3005601974"
"202100049301";"5";"03";"2021";"06:40";"2";"24";"24294";"1";"1";"1";"2";"Route dÃ©partementale 708";"44,9900330000";"0,1607500000"
"202100049302";"5";"03";"2021";"14:25";"1";"38";"38378";"2";"3";"1";"1";"Avenue Berthelot";"45,4307420000";"4,7692890000"
"202100049303";"4";"03";"2021";"08:45";"1";"972";"97231";"1";"1";"1";"1";"RD7";"14,5362570000";" -61,0339610000"
"202100049304";"4";"03";"2021";"16:00";"1";"01";"01033";"1";"3";"1";"3";"D101";"46,1120930000";"5,8007420000"
"202100049305";"24";"02";"2021";"17:30";"1";"59";"59148";"1";"1";"1";"7";"D83";"50,1437410000";"4,1312890000"
"202100049306";"16";"02";"2021";"15:55";"1";"56";"56040";"1";"3";"1";"3";"Bois de Pistol D26";"47,8323560000";" -3,3806510000"
"202100049307";"4";"03";"2021";"12:10";"1";"79";"79007";"1";"1";"1";"6";"Roche Cochon";"46,5901310000";" -0,3544600000"
"202100049308";"5";"03";"2021";"11:45";"1";"82";"82161";"1";"1";"1";"6";"Chemin de Saint-macaire";"44,0555020000";"1,4308420000"
"202100049309";"3";"03";"2021";"13:45";"1";"47";"47250";"1";"2";"1";"3";"D8";"44,2896980000";"0,3119520000"
"202100049310";"1";"02";"2021";"11:45";"1";"41";"41059";"2";"9";"1";"3";"Avenue de la Paix";"47,4234620000";"1,4391840000"
"202100049311";"4";"03";"2021";"09:45";"1";"41";"41043";"1";"1";"1";"1";"Rue de TrÃ¨vety";"47,2726810000";"1,4826930000"
"202100049312";"2";"03";"2021";"20:25";"3";"01";"01134";"2";"3";"1";"1";"Chemin de Ruette Metelle";"46,2777460000";"4,8808010000"
"202100049313";"4";"03";"2021";"12:35";"1";"70";"70419";"1";"1";"1";"6";"Rue de la Petite CharriÃ¨re";"47,9719710000";"6,1407620000"
"202100049314";"3";"03";"2021";"15:30";"1";"14";"14745";"1";"1";"1";"7";"Lieu Dit Ferme l'Ormel";"49,3625890000";" -0,8994840000"
"202100049315";"24";"02";"2021";"11:00";"1";"90";"90052";"2";"1";"1";"6";"Faubourg de Belfort";"47,7393130000";"6,8276810000"
"202100049316";"5";"03";"2021";"11:00";"1";"64";"64275";"2";"1";"1";"6";"Avenue Colonel Beltrame";"43,1686910000";" -1,2292970000"
"202100049317";"5";"03";"2021";"16:00";"1";"16";"16264";"1";"1";"1";"1";"lieu-dit Les Sablons";"46,1019450000";"0,4664610000"
"202100049318";"2";"03";"2021";"17:20";"1";"24";"24479";"2";"1";"1";"6";"Grand rue de la barre";"45,4927470000";"0,7465020000"
"202100049319";"4";"03";"2021";"20:25";"5";"17";"17197";"2";"1";"1";"6";"Rue de la Grave";"45,4500380000";" -0,4477950000"
"202100049320";"5";"03";"2021";"09:50";"1";"973";"97307";"1";"1";"1";"3";"Route Nationale 2";"4,8185000000";" -52,3466480000"
"202100049321";"4";"03";"2021";"12:50";"1";"60";"60598";"1";"1";"8";"3";"A16";"49,3728551757";"2,1092333792"
"202100049322";"6";"02";"2021";"00:05";"3";"978";"97801";"1";"1";"1";"1";"RN7 - Entre l'impasse Custard Apple et impasse des Goyaves - Belle Plaine";"18,0607620000";" -63,0427270000"
"202100049323";"4";"03";"2021";"14:45";"1";"973";"97309";"2";"3";"1";"3";"Chemin patient";"4,9020650000";" -52,2830130000"
"202100049324";"4";"03";"2021";"17:00";"1";"06";"06152";"1";"1";"1";"7";"Route du Parc";"43,6172230000";"7,0371130000"
"202100049325";"4";"03";"2021";"23:40";"3";"60";"60019";"1";"1";"1";"2";"A1 - PK 78+000 Paris/Lille";"49,4969530000";"2,7160910000"
"202100049326";"5";"03";"2021";"15:15";"1";"988";"98803";"1";"1";"2";"1";"RT1 - Trou aux perruches";" -21,5845800000";"165,5191100000"
"202100049327";"5";"03";"2021";"18:40";"3";"976";"97607";"1";"1";"1";"1";"ROUTE NATIONALE 2 PK9+950";" -12,8373580000";"45,1852980000"
"202100049328";"4";"03";"2021";"16:15";"1";"34";"34153";"1";"9";"1";"1";"D68";"43,7204970000";"3,8334990000"
"202100049329";"5";"02";"2021";"12:30";"1";"06";"06066";"1";"1";"1";"1";"Route de Gilette";"43,8401300000";"7,1901980000"
"202100049330";"5";"03";"2021";"17:45";"1";"13";"13100";"1";"1";"1";"5";"RD 99 - PK 19+794";"43,7969140000";"4,8427110000"
"202100049331";"4";"03";"2021";"17:25";"1";"74";"74036";"2";"1";"1";"3";"Rte des Dents de Lanfon";"45,8742040000";"6,2168460000"
"202100049332";"5";"03";"2021";"15:50";"1";"01";"01043";"2";"1";"1";"2";"495 Route de GenÃ¨ve";"45,8374230000";"5,0081150000"
"202100049333";"5";"03";"2021";"09:20";"1";"33";"33487";"1";"2";"1";"3";"D257";"44,9598100000";" -0,4836510000"
"202100049334";"4";"03";"2021";"16:00";"1";"50";"50099";"2";"1";"1";"6";"1 Rue SÃ©bline";"49,3042500000";" -1,2457000000"
"202100049335";"4";"03";"2021";"19:17";"3";"35";"35004";"1";"1";"1";"7";"D113";"48,4150530000";" -1,4528610000"
"202100049336";"3";"03";"2021";"14:30";"1";"13";"13211";"1";"1";"1";"3";"A50-Sens Marseille vers Aubagne";"43,2926433640";"5,4771893193"
"202100049337";"3";"03";"2021";"17:00";"1";"33";"33162";"1";"1";"1";"2";"N/A";"44,8709090000";" -0,6426870000"
"202100049338";"1";"03";"2021";"11:15";"1";"33";"33122";"1";"1";"1";"2";"N/A";"44,7448200000";" -0,7039980000"
"202100049339";"4";"03";"2021";"07:50";"1";"77";"77251";"1";"1";"1";"1";"RN 104";"48,6304300000";"2,5360500000"
"202100049340";"3";"03";"2021";"20:30";"5";"92";"92050";"1";"1";"1";"3";"A86";"48,9073656235";"2,2124782132"
"202100049341";"3";"03";"2021";"11:45";"1";"92";"92060";"1";"1";"1";"2";"RN385";"48,7757189295";"2,2383275765"
"202100049342";"4";"03";"2021";"15:50";"1";"93";"93027";"1";"1";"1";"6";"AUTOROUTE A86";"48,9220300000";"2,3782900000"
"202100049343";"4";"03";"2021";"12:45";"1";"95";"95241";"1";"1";"1";"7";"RN 104";"49,0462100000";"2,4401400000"
"202100049344";"4";"03";"2021";"11:25";"1";"93";"93066";"1";"1";"1";"5";"AUTOROUTE A86";"48,9224900000";"2,3558300000"
"202100049345";"3";"03";"2021";"20:00";"3";"95";"95365";"1";"1";"1";"2";"RN 104";"49,0675500000";"2,3981800000"
"202100049346";"3";"03";"2021";"07:50";"1";"94";"94022";"1";"1";"1";"3";"A86 EXT";"48,7740200000";"2,4069500000"
"202100049347";"3";"03";"2021";"07:20";"1";"988";"98818";"2";"3";"1";"3";"FELIX RUSSEIL/AVENUE JAMES COOK";" -22,2680500000";"166,4304100000"
"202100049348";"3";"03";"2021";"11:10";"1";"976";"97611";"2";"1";"1";"7";"kaweni-Kaweni nord ( Z I )";" -12,7683400000";"45,2243200000"
"202100049349";"28";"02";"2021";"18:00";"1";"974";"97416";"1";"1";"1";"6";"ANCIENNE NATIONALE CONDE CONCESSION";" -21,2989000000";"55,4969000000"
"202100049350";"2";"03";"2021";"12:30";"1";"974";"97407";"1";"1";"1";"2";"COMPAGNIE DES INDES (BD DE LA) ";" -20,9445600000";"55,3149700000"
"202100049351";"3";"03";"2021";"14:40";"1";"973";"97302";"2";"1";"1";"3";"BADUEL (ROUTE DE)";"4,9315397079";" -52,3067060496"
"202100049352";"3";"03";"2021";"10:00";"1";"973";"97302";"2";"7";"1";"3";"BADUEL (ROUTE DE)";"4,9282100000";" -52,2933600000"
"202100049353";"3";"03";"2021";"07:30";"1";"69";"69387";"2";"1";"1";"7";"DEBOURG                             (AV)";"45,7314500000";"4,8293200000"
"202100049354";"3";"03";"2021";"13:35";"1";"972";"97213";"1";"5";"1";"5";"ROUTE DEPARTEMENTALE 3";"14,6214400000";" -60,9886000000"
"202100049355";"3";"03";"2021";"03:40";"5";"972";"97213";"2";"1";"1";"6";"AUTOROUTE A1";"14,5995037367";" -60,9998989110"
"202100049356";"3";"03";"2021";"18:15";"2";"69";"69286";"2";"1";"8";"3";"HIPPODROME (DE L')                  (AV)";"45,8167440000";"4,8890100000"
"202100049357";"3";"03";"2021";"14:30";"1";"69";"69389";"2";"1";"1";"7";"ANDREI SAKHAROV (AV)";"45,7871700000";"4,7996100000"
"202100049358";"2";"03";"2021";"19:00";"5";"69";"69202";"2";"1";"1";"6";"LEON GRANIER (R)";"45,7351597373";"4,7848806490"
"202100049359";"3";"03";"2021";"11:15";"1";"971";"97101";"2";"9";"1";"6";"GENERAL DE GAULLE";"16,2522900000";" -61,5282100000"
"202100049360";"3";"03";"2021";"13:35";"1";"91";"91114";"2";"1";"1";"6";"BD CHARLES DE GAULLE";"48,6944700000";"2,5048000000"
"202100049361";"3";"03";"2021";"16:50";"1";"91";"91432";"2";"9";"1";"3";"AV CHARLES DE GAULLE";"48,7053820000";"2,3446800000"
"202100049362";"3";"03";"2021";"10:55";"1";"91";"91687";"2";"6";"1";"6";"GUYNEMER (BOULEVARD)";"48,6756300000";"2,3777800000"
"202100049363";"21";"02";"2021";"16:35";"1";"91";"91433";"1";"1";"1";"6";"RD 191";"48,4408300000";"2,2084100000"
"202100049364";"27";"02";"2021";"12:15";"1";"89";"89387";"2";"2";"1";"3";"LAURENCIN (RUE DE)";"48,1981400000";"3,2799400000"
"202100049365";"27";"02";"2021";"16:37";"1";"87";"87085";"2";"1";"1";"7";"VERDUN (RUE DE)";"45,8191400000";"1,2401000000"
"202100049366";"2";"03";"2021";"16:10";"1";"86";"86194";"2";"1";"1";"4";"Avenue du Recteur Pineau";"46,5713600000";"0,3732140000"
"202100049367";"2";"03";"2021";"09:05";"1";"85";"85194";"2";"2";"1";"3";"GABARET (AVENUE ALCIDE)";"46,4960200000";" -1,7708500000"
"202100049368";"3";"03";"2021";"17:00";"1";"83";"83069";"1";"9";"1";"1";"DECUGIS (AVENUE ALFRED)";"43,1165000000";"6,1467000000"
"202100049369";"25";"02";"2021";"11:52";"1";"83";"83050";"1";"2";"1";"1";"TUTTLINGEN(AVENUE DE)";"43,5283500000";"6,4416500000"
"202100049370";"2";"03";"2021";"17:36";"1";"78";"78646";"2";"2";"1";"3";"ECOLE DES POSTES (RUE DE L')";"48,8014570000";"2,1611720000"
"202100049371";"3";"03";"2021";"12:00";"1";"78";"78481";"2";"1";"1";"2";"GENERAL LECLERC (AVENUE DU)";"48,8917300000";"2,0999200000"
"202100049372";"3";"03";"2021";"18:20";"2";"77";"77186";"1";"1";"1";"3";"RD607 de Barbizon Ã  pavÃ© du roi";"48,4222700000";"2,6693000000"
"202100049373";"1";"03";"2021";"18:10";"1";"76";"76351";"2";"2";"1";"6";"THEOPHILE GAUTIER";"49,5172100000";"0,0944100000"
"202100049374";"3";"03";"2021";"10:20";"1";"71";"71486";"2";"1";"1";"7";"MAX DORMOY (AVENUE)";"46,6419200000";"4,3269200000"