"Num_Acc";"jour";"mois";"an";"hrmn";"lum";"dep";"com";"agg";"int";"atm";"col";"adr";"lat";"long"
"202100049563";"2";"03";"2021";"14:55";"1";"45";"45253";"1";"2";"1";"2";"D927-PR 4 + 400";"48,1661730000";"2,1993150000"
"202100049564";"2";"03";"2021";"17:35";"1";"68";"68294";"2";"3";"1";"3";"rue Maurice Burrus";"48,2628410000";"7,2267560000"
"202100049565";"2";"03";"2021";"14:45";"1";"67";"67018";"1";"1";"1";"7";"D75";"48,5815830000";"7,4232390000"
"202100049566";"2";"03";"2021";"15:00";"1";"67";"67520";"2";"2";"1";"6";"Rue de la Gare";"48,6332840000";"7,4502380000"
"202100049567";"19";"02";"2021";"15:30";"1";"69";"69273";"2";"1";"1";"7";"CONDORCET (R)";"45,6604230000";"4,9011010000"
"202100049568";"27";"02";"2021";"18:00";"1";"49";"49035";"1";"1";"1";"5";"D102e";"47,4453660000";" -0,6193010000"
"202100049569";"2";"03";"2021";"13:15";"1";"61";"61234";"1";"1";"1";"3";"Zone Industrielle de Montperthuis";"48,4502940000";"0,0466030000"
"202100049570";"28";"02";"2021";"16:30";"1";"22";"22327";"1";"2";"1";"1";"D166";"48,4928120000";" -2,0417780000"
"202100049571";"2";"03";"2021";"17:30";"1";"13";"13214";"1";"1";"1";"6";"A7-Sens Lyon vers Marseille";"43,3379000000";"5,3768000000"
"202100049572";"2";"03";"2021";"14:30";"1";"13";"13106";"1";"1";"1";"2";"A51-Sens Marseille vers Aix en Provence";"43,4056482913";"5,3613632014"
"202100049573";"25";"02";"2021";"08:30";"1";"13";"13210";"1";"1";"1";"3";"A50-Sens Aubagne vers Marseille";"43,2860300000";"5,4305700000"
"202100049574";"1";"03";"2021";"15:50";"1";"13";"13015";"1";"1";"1";"4";"A515CM-sortie Gardanne/Bouc Bel Air";"43,4294400224";"5,3921966567"
"202100049575";"2";"03";"2021";"08:50";"1";"33";"33448";"1";"1";"1";"6";"N/A";"44,7155330000";" -0,5186480000"
"202100049576";"2";"03";"2021";"12:50";"1";"91";"91228";"1";"1";"1";"5";"AUTOROUTE A6";"48,6260000000";"2,4162000000"
"202100049577";"2";"03";"2021";"09:20";"1";"91";"91471";"1";"1";"1";"2";"RN 118";"48,7134000000";"2,1789500000"
"202100049578";"2";"03";"2021";"17:00";"1";"93";"93066";"1";"1";"1";"2";"AUTOROUTE A1";"48,9121500000";"2,3581200000"
"202100049579";"2";"03";"2021";"12:40";"1";"95";"95277";"1";"1";"1";"7";"RD 170 ";"48,9751631850";"2,4850985631"
"202100049580";"2";"03";"2021";"13:00";"1";"95";"95151";"1";"1";"1";"6";"RN 104";"49,0627736616";"2,2755945549"
"202100049581";"2";"03";"2021";"10:10";"1";"93";"93010";"1";"1";"1";"3";"AUTOROUTE A3";"48,9062500000";"2,4721400000"
"202100049582";"2";"03";"2021";"08:25";"1";"93";"93048";"1";"1";"1";"3";"AUTOROUTE A3";"48,8706700000";"2,4311300000"
"202100049583";"1";"03";"2021";"17:30";"1";"93";"93005";"1";"1";"1";"4";"AUTOROUTE A3";"48,9674400000";"2,4787800000"
"202100049584";"1";"03";"2021";"12:40";"1";"95";"95277";"1";"1";"1";"5";" A3";"48,9685600000";"2,4790100000"
"202100049585";"1";"03";"2021";"08:30";"1";"93";"93078";"1";"1";"1";"2";"AUTOROUTE A104";"48,9669200000";"2,5133000000"
"202100049586";"2";"03";"2021";"19:00";"1";"94";"94017";"1";"1";"1";"2";"A4";"48,8286900000";"2,4783400000"
"202100049587";"2";"03";"2021";"18:00";"2";"77";"77121";"1";"1";"1";"4";"A104";"48,8405204658";"2,6639265272"
"202100049588";"2";"03";"2021";"17:30";"1";"94";"94028";"1";"1";"1";"4";"A86 EXT";"48,7761200000";"2,4287000000"
"202100049589";"2";"03";"2021";"13:30";"1";"75";"75112";"1";"1";"1";"4";"A4";"48,8207800000";"2,4611300000"
"202100049590";"1";"03";"2021";"12:30";"1";"77";"77514";"1";"1";"1";"6";"A104";"48,9374400000";"2,6283500000"
"202100049591";"1";"03";"2021";"13:15";"1";"974";"97409";"2";"1";"1";"2";"JEAN ALBANI(RUE)";" -20,9695700000";"55,6488500000"
"202100049592";"28";"02";"2021";"21:00";"5";"974";"97407";"2";"9";"1";"3";"COMMUNE DE PARIS (AVENUE)";" -20,9376600000";"55,2908100000"
"202100049593";"1";"03";"2021";"14:00";"1";"973";"97302";"2";"6";"2";"3";"MONTABO (ROUTE DE) 4";"4,9273781132";" -52,2898483873"
"202100049594";"1";"03";"2021";"14:30";"1";"69";"69388";"2";"1";"1";"6";"FRERES LUMIERE (DES)                (AV)";"45,7444100000";"4,8689000000"
"202100049595";"1";"03";"2021";"06:50";"1";"972";"97213";"1";"3";"1";"3";"ROUTE DEPARTEMENTALE 3";"14,6406700000";" -60,9920800000"
"202100049596";"28";"02";"2021";"08:25";"1";"972";"97209";"1";"1";"1";"1";"Route de Bois Boyer";"14,6310800000";" -61,0366400000"
"202100049597";"27";"02";"2021";"05:15";"2";"972";"97209";"1";"1";"1";"6";"AUTOROUTE (A1)";"14,6144400000";" -61,0482000000"
"202100049598";"1";"03";"2021";"07:40";"1";"69";"69034";"2";"3";"1";"2";"CLAUDE BAUDRAND (R)";"45,7861283889";"4,8341785574"
"202100049599";"28";"02";"2021";"23:25";"5";"971";"97101";"1";"1";"1";"3";"PAUL VALENTINO (AVENUE)";"16,2271590000";" -61,5296930000"
"202100049600";"1";"03";"2021";"16:15";"1";"971";"97107";"2";"1";"1";"3";"FRONT DE MER ( BOULEVARD)";"16,0423600000";" -61,5643800000"
"202100049601";"26";"02";"2021";"18:53";"5";"95";"95476";"2";"3";"1";"3";"LIVILLIERS (RUE DE)";"49,0729428420";"2,0706868172"
"202100049602";"1";"03";"2021";"10:35";"1";"91";"91021";"2";"1";"7";"6";"PL DU MARCHE";"48,5900000000";"2,2500000000"
"202100049603";"1";"03";"2021";"08:40";"1";"91";"91103";"2";"9";"1";"6";"RUE DE LEUVILLE";"48,6169000000";"2,2934000000"
"202100049604";"1";"03";"2021";"08:55";"1";"91";"91161";"2";"3";"1";"7";"RUE D EFFIAT";"48,7003100000";"2,3179000000"
"202100049605";"1";"03";"2021";"10:05";"1";"91";"91687";"2";"2";"1";"3";"GENERAL DE GAULLE (AVENUE DU)";"48,6786350000";"2,3823410000"
"202100049606";"20";"02";"2021";"08:15";"2";"91";"91521";"2";"1";"1";"6";"GRIGNY (ROUTE DE)";"48,6509300000";"2,4041800000"
"202100049607";"28";"02";"2021";"14:49";"1";"87";"87085";"1";"1";"1";"7";"CAVOU (RUE DU)";"45,8475400000";"1,1924000000"
"202100049608";"26";"02";"2021";"16:34";"1";"87";"87085";"1";"1";"1";"2";"RD 704A";"45,7977700000";"1,2949700000"
"202100049609";"26";"02";"2021";"17:30";"1";"86";"86158";"1";"1";"1";"5";"N147";"46,6213700000";"0,3033790000"
"202100049610";"1";"03";"2021";"08:20";"1";"83";"83137";"2";"1";"1";"3";"CLEMENCEAU (BD GEORGES)";"43,1232100000";"5,9381200000"
"202100049611";"27";"02";"2021";"17:00";"1";"80";"80021";"2";"2";"1";"3";"DURY (BOULEVARD DE)";"49,8799291652";"2,2908961773"
"202100049612";"26";"02";"2021";"10:20";"1";"80";"80021";"2";"1";"1";"3";"EUROPE (AVENUE DE L')";"49,9136600000";"2,3025000000"
"202100049613";"1";"03";"2021";"16:16";"1";"77";"77445";"2";"5";"1";"3";"REGALLES (AVENUE DES)";"48,6034600000";"2,5591600000"
"202100049614";"28";"02";"2021";"16:30";"1";"76";"76231";"2";"2";"1";"3";"Rue des Martyrs";"49,2884700000";"1,0067060000"
"202100049615";"11";"02";"2021";"14:11";"1";"76";"76575";"2";"1";"1";"6";"VELAY. RUE DU";"49,3700000000";"1,0978500000"
"202100049616";"10";"02";"2021";"17:15";"1";"76";"76322";"2";"1";"1";"6";"VAILLANT COUTURIER. RUE PAUL";"49,4189800000";"1,0429400000"
"202100049617";"28";"02";"2021";"16:30";"1";"76";"76552";"2";"1";"1";"7";"PRESIDENT FELIX FAURE (BD)";"49,5073400000";"0,0738800000"
"202100049618";"28";"02";"2021";"10:55";"1";"67";"67482";"2";"1";"1";"6";"ROMAINS (ROUTE DES)";"48,5790810000";"7,7127730000"
"202100049619";"28";"02";"2021";"11:00";"1";"67";"67482";"2";"3";"1";"3";"HOPITAL (ROUTE DE L )";"48,5716700000";"7,7505700000"
"202100049620";"27";"02";"2021";"17:45";"2";"67";"67118";"2";"1";"7";"6";"ROMAINS (ROUTE DES)";"48,5827302717";"7,6914142700"
"202100049621";"27";"02";"2021";"18:10";"2";"67";"67482";"2";"3";"1";"3";"STEPHANIE (RUE)";"48,5304000000";"7,7684600000"
"202100049622";"27";"02";"2021";"16:10";"1";"67";"67482";"2";"1";"1";"6";"HELBLING (QUAI JEANNE)";"48,5735580000";"7,7621410000"
"202100049623";"27";"02";"2021";"16:00";"1";"67";"67447";"2";"3";"1";"6";"PROVENCE (RUE DE)";"48,6082600000";"7,7644200000"
"202100049624";"26";"02";"2021";"11:20";"1";"67";"67482";"2";"8";"1";"2";"DIVISION LECLERC (RUE DE LA)";"48,5799200000";"7,7476800000"
"202100049625";"27";"02";"2021";"06:49";"2";"67";"67482";"2";"3";"1";"6";"MURHOF (QUAI DU)";"48,5645190000";"7,7121860000"
"202100049626";"27";"02";"2021";"14:00";"1";"66";"66136";"2";"1";"1";"4";"ARGELES SUR MER AVENUE D'";"42,6837400000";"2,9093300000"
"202100049627";"26";"02";"2021";"17:25";"1";"66";"66136";"1";"1";"1";"4";"R D 900";"42,6814500000";"2,8570300000"
"202100049628";"1";"03";"2021";"09:33";"1";"65";"65226";"1";"3";"1";"3";"DEPARTEMENTALE 94 (ROUTE)";"43,2168370000";"0,0162010000"
"202100049629";"1";"03";"2021";"16:35";"1";"64";"64348";"2";"3";"1";"1";"CHENES DES";"43,3260700000";" -0,3892700000"
"202100049630";"1";"03";"2021";"16:55";"1";"64";"64122";"2";"1";"1";"7";"CHIQUITO DE CAMBO (RUE)";"43,4576300000";" -1,5530700000"
"202100049631";"28";"02";"2021";"12:00";"1";"64";"64125";"2";"1";"1";"5";"GARE (RUE DE LA)";"43,4312200000";" -1,5962900000"
"202100049632";"28";"02";"2021";"09:20";"1";"63";"63113";"2";"1";"1";"1";"GAILLARD (PLACE GILBERT)";"45,7802600000";"3,0823000000"
"202100049633";"1";"03";"2021";"20:55";"5";"61";"61001";"2";"1";"1";"6";"AMPERE (RUE)";"48,4409100000";"0,0927700000"
"202100049634";"28";"02";"2021";"19:00";"5";"59";"59350";"2";"2";"1";"3";"REPUBLIQUE AVENUE DE LA";"50,6358340000";"3,0094830000"
"202100049635";"22";"02";"2021";"20:44";"5";"57";"57143";"2";"1";"1";" -1";"FOCH (RUE)";"49,2610400000";"6,0948300000"
"202100049636";"27";"02";"2021";"15:00";"1";"56";"56121";"2";"1";"1";"6";"NORMANDIE ( BD ET IMP DE )";"47,7580600000";" -3,3712600000"
"202100049637";"1";"03";"2021";"13:50";"1";"51";"51454";"2";"2";"1";"3";"Avenue de Laon";"49,2701184804";"4,0222842238"
"202100049638";"26";"02";"2021";"15:23";"1";"49";"49007";"2";"1";"1";"2";"BOISNET RUE";"47,4742380000";" -0,5532850000"
"202100049639";"28";"02";"2021";"17:20";"1";"44";"44162";"2";"1";"1";"3";"RUE DU DOCTEUR BOUBEE";"47,2080100000";" -1,6375600000"
"202100049640";"1";"03";"2021";"16:28";"1";"41";"41295";"1";"4";"1";"1";"PLACE (RUE DE LA)";"47,5968100000";"1,3792300000"
"202100049641";"1";"03";"2021";"15:40";"1";"35";"35238";"2";"1";"1";"6";"NIVERNAIS (DU)";"48,1220300000";" -1,7095700000"
"202100049642";"1";"03";"2021";"06:40";"2";"35";"35055";"1";"6";"1";"3";"RD 173";"48,0782000000";" -1,6328000000"
"202100049643";"23";"02";"2021";"15:25";"1";"34";"34108";"1";"1";"1";"5";"BALARUC LA PEYRADE (ROUTE DE)";"43,4415000000";"3,7169600000"
"202100049644";"28";"02";"2021";"18:00";"2";"34";"34172";"2";"3";"1";"3";"CARRIEU (RUE MARIUS)";"43,6176800000";"3,8433800000"
"202100049645";"1";"03";"2021";"10:50";"1";"33";"33281";"2";"9";"1";"3";"Rue Jacques Anquetil";"44,8308600000";" -0,6611400000"
"202100049646";"1";"03";"2021";"15:00";"1";"29";"29019";"2";"6";"1";"3";"Rond Point Pen Ar Ch'leuz";"48,4150200000";" -4,4792400000"
"202100049647";"28";"02";"2021";"16:30";"1";"27";"27375";"2";"3";"1";"3";"PARIS (ROUTE DE)";"49,2069700000";"1,1880600000"
"202100049648";"23";"02";"2021";"17:55";"1";"22";"22278";"2";"1";"1";"1";"CHAPTAL";"48,5063070000";" -2,7324360000"
"202100049649";"28";"02";"2021";"06:15";"5";"21";"21231";"2";"2";"2";"3";"186b Avenue Jean JaurÃ¨s";"47,3003821972";"5,0205346942"
"202100049650";"28";"02";"2021";"00:20";"5";"21";"21231";"2";"5";"1";"3";"64 Rue Jean - Baptiste Baudin";"47,3205040000";"5,0504150000"
"202100049651";"1";"03";"2021";"13:45";"1";"16";"16015";"2";"1";"1";"6";"Boulevard Berthelot";"45,6493500000";"0,1595400000"
"202100049652";"26";"02";"2021";"06:15";"2";"30";"30032";"1";"3";"5";"3";"FOURQUES ROUTE DE";"43,7833700000";"4,6257100000"
"202100049653";"10";"02";"2021";"16:40";"1";"13";"13108";"2";"1";"1";"1";"ITAM (BOULEVARD)";"43,8064662105";"4,6578073529"
"202100049654";"2";"03";"2021";"00:15";"5";"13";"13208";"2";"1";"1";"2";"ELSA TRIOLET (AVENUE)";"43,2484900000";"5,3885190000"
"202100049655";"1";"03";"2021";"07:15";"1";"13";"13213";"2";"2";"1";"3";"ALBERT EINSTEIN (RUE)";"43,3435496350";"5,4460892826"
"202100049656";"1";"03";"2021";"16:59";"1";"06";"06029";"2";"1";"1";"7";"PARIS (RUE DE )";"43,5638700000";"7,0129600000"
"202100049657";"1";"03";"2021";"11:00";"1";"75";"75112";"2";"4";"1";"3";"ECHANGEUR BERCY";"48,8278710002";"2,3887270689"
"202100049658";"1";"03";"2021";"01:40";"5";"75";"75114";"2";"1";"1";"7";"PORTE D ORLEANS";"48,8187880000";"2,3317430000"
"202100049659";"1";"03";"2021";"14:45";"1";"75";"75105";"2";"4";"1";"2";"RUE MONGE";"48,8391430000";"2,3509750000"
"202100049660";"28";"02";"2021";"12:20";"1";"75";"75118";"2";"2";"1";"3";"BOULEVARD BARBES";"48,8883500000";"2,3496000000"
"202100049661";"24";"02";"2021";"13:24";"1";"75";"75116";"2";"1";"1";"2";"AVENUE DE NEW YORK";"48,8584799404";"2,2887879610"
"202100049662";"1";"03";"2021";"07:50";"1";"75";"75115";"2";"3";"1";"3";"RUE CASTAGNARY";"48,8306920000";"2,3062760000"
"202100049663";"1";"03";"2021";"10:30";"1";"75";"75113";"2";"2";"1";"6";"BOULEVARD KELLERMANN";"48,8191280000";"2,3594520000"
"202100049664";"1";"03";"2021";"09:18";"1";"75";"75107";"2";"2";"1";"3";"QUAI D ORSAY";"48,8628270000";"2,3134680000"
"202100049665";"1";"03";"2021";"16:30";"1";"75";"75102";"2";"2";"1";"7";"BOULEVARD DE SEBASTOPOL";"48,8670620000";"2,3529610000"
"202100049666";"1";"03";"2021";"07:55";"1";"75";"75103";"2";"2";"1";"2";"PLACE DE LA REPUBLIQUE";"48,8673313025";"2,3633959497"
"202100049667";"28";"02";"2021";"14:30";"1";"75";"75104";"2";"3";"1";"3";"QUAI DES CELESTINS";"48,8529060000";"2,3589840000"
"202100049668";"1";"03";"2021";"17:10";"1";"94";"94058";"2";"1";"1";"2";"CHAMPAGNE (QU DE)";"48,8392700000";"2,5127800000"
"202100049669";"28";"02";"2021";"15:45";"1";"94";"94058";"2";"3";"1";"3";"MARECHAL JOFFRE (AV DU)";"48,8404100000";"2,5101400000"
"202100049670";"1";"03";"2021";"05:50";"5";"94";"94046";"2";"2";"1";"3";"REPUBLIQUE (AV DE LA)";"48,8028400000";"2,4342900000"
"202100049671";"1";"03";"2021";"18:00";"2";"94";"94037";"2";"2";"1";"3";"ARCUEIL (R D)";"48,8101800000";"2,3407600000"
"202100049672";"28";"02";"2021";"22:20";"5";"94";"94041";"2";"3";"1";"3";"GEORGES GOSNAT (AV)";"48,8112700000";"2,3840000000"
"202100049673";"1";"03";"2021";"07:55";"1";"94";"94073";"2";"1";"1";"3";"FONTAINEBLEAU (AV DE)";"48,7621100000";"2,3684600000"
"202100049674";"28";"02";"2021";"11:50";"1";"94";"94028";"2";"1";"1";"6";"NOUVEAU MONDE (rue du)";"48,7702800000";"2,4566700000"
"202100049675";"1";"03";"2021";"09:00";"1";"94";"94017";"2";"1";"1";"3";"JEAN JAURES (R)";"48,8138900000";"2,5097400000"
"202100049676";"1";"03";"2021";"08:20";"1";"94";"94071";"2";"6";"1";"6";"PROCESSION (R DE LA)";"48,7715300000";"2,5275700000"
"202100049677";"1";"03";"2021";"00:40";"5";"93";"93066";"2";"2";"1";"5";"Avenue Marcel Cachin";"48,9372074100";"2,3720722819"
"202100049678";"28";"02";"2021";"22:18";"5";"93";"93066";"2";"1";"1";"2";"CASANOVA DANIELLE NR 52-SUIV ET 21-SUIV";"48,9297900000";"2,3615900000"
"202100049679";"28";"02";"2021";"13:55";"1";"93";"93066";"2";"1";"1";"2";"CROIZAT AMBROISE RD 29 BIS";"48,9294500000";"2,3510100000"
"202100049680";"1";"03";"2021";"08:35";"1";"93";"93062";"2";"1";"1";"3";"THIERS (AVENUE)";"48,8988665812";"2,5187691159"
"202100049681";"28";"02";"2021";"21:40";"5";"93";"93055";"2";"1";"1";"3";"GENERAL LECLERC(AVE DU)(43/87 ET 78/120)";"48,8998300000";"2,4097000000"
"202100049682";"1";"03";"2021";"13:20";"1";"93";"93053";"2";"1";"1";"3";"BOBIGNY (AVENUE DE)";"48,8945417484";"2,4469256401"
"202100049683";"1";"03";"2021";"06:35";"5";"93";"93048";"2";"9";"1";"3";"DOUY DELCUPE (RUE)";"48,8552790284";"2,4330239890"
"202100049684";"1";"03";"2021";"17:00";"1";"93";"93071";"2";"3";"1";"3";"VICTOR HUGO (AVENUE)";"48,9300600000";"2,5258700000"
"202100049685";"1";"03";"2021";"14:45";"1";"93";"93001";"2";"3";"1";"6";"JEAN JAURES (AVE) 55 A 129";"48,9037341491";"2,3921227455"
"202100049686";"1";"03";"2021";"06:20";"5";"93";"93001";"2";"1";"1";"6";"VICTOR HUGO (AVE)  => NÂ° 129";"48,9092658599";"2,3783227513"
"202100049687";"1";"03";"2021";"09:04";"1";"92";"92046";"2";"3";"1";"6";"CAMELINAT (BOULEVARD)";"48,8147000000";"2,2968400000"
"202100049688";"1";"03";"2021";"17:25";"1";"92";"92062";"2";"1";"1";"3";"PDT WILSON (Avenue)";"48,8852318236";"2,2255924344"
"202100049689";"1";"03";"2021";"12:10";"1";"92";"92036";"2";"1";"1";"2";"GRESILLONS (QUAI DES)";"48,9205199889";"2,3238394393"
"202100049690";"1";"03";"2021";"12:00";"1";"92";"92023";"2";"6";"1";"6";"VIEUX CIMETIERE (ROUTE DU) BOIS S102";"48,7996196875";"2,2601124644"
"202100049691";"1";"03";"2021";"10:30";"1";"92";"92002";"2";"3";"1";"6";"MAURICE LABROUSSE (RUE)";"48,7545559949";"2,2974015523"
"202100049692";"28";"02";"2021";"09:30";"1";"51";"51649";"2";"1";"1";"7";"Rue Aristide Briand";"48,7245190000";"4,5842620000"
"202100049693";"1";"03";"2021";"21:30";"3";"67";"67370";"1";"1";"1";"7";"dÃ©partementale 78 PR 4";"48,8785000000";"7,2726090000"
"202100049694";"26";"02";"2021";"14:30";"1";"06";"06149";"2";"1";"1";"3";"M2204";"43,7339920000";"7,3008980000"
"202100049695";"28";"02";"2021";"17:35";"1";"31";"31573";"1";"1";"1";"3";"route de lavaur";"43,6573940000";"1,6908220000"
"202100049696";"28";"02";"2021";"17:55";"1";"63";"63004";"1";"1";"1";"1";"D61-Hameau de Tournobert";"45,9165200000";"2,8028230000"
"202100049697";"1";"03";"2021";"12:50";"1";"14";"14061";"1";"4";"1";"3";"La Couture - le Tourneur (Le Tourneur)";"48,9631735340";" -0,8163785935"
"202100049698";"28";"02";"2021";"18:00";"1";"76";"76419";"1";"1";"1";"6";"D45";"49,3951135110";"0,8793877065"
"202100049699";"28";"02";"2021";"16:30";"1";"76";"76543";"1";"1";"1";"7";"D52";"49,6146030000";"0,4878400000"
"202100049700";"1";"03";"2021";"16:12";"1";"79";"79207";"1";"1";"1";"2";"N/A";"46,8910090000";" -0,7424570000"
"202100049701";"2";"03";"2021";"13:45";"1";"79";"79101";"2";"1";"1";"6";"19 Rue du Calvaire";"46,4788840000";" -0,5993020000"
"202100049702";"2";"03";"2021";"10:05";"1";"69";"69088";"2";"1";"1";"6";"SIMON ROUSSEAU (AV)";"45,8354968349";"4,8472755029"
"202100049703";"2";"03";"2021";"15:35";"1";"12";"12120";"1";"1";"1";"1";"RN88";"44,3859860000";"2,8248700000"
"202100049704";"1";"03";"2021";"14:05";"1";"47";"47216";"1";"1";"1";"6";"lieudit le Colombier";"44,5175310000";"0,3394600000"
"202100049705";"2";"03";"2021";"04:10";"3";"44";"44164";"1";"1";"1";"6";"Les Fosses";"47,1228110000";" -1,8290900000"
"202100049706";"27";"02";"2021";"22:00";"3";"44";"44107";"1";"1";"1";"7";"Le Pont Esnault";"47,4252420000";" -1,3017510000"
"202100049707";"1";"03";"2021";"19:00";"3";"38";"38287";"1";"3";"1";"3";"D17";"45,4270320000";"5,4770060000"
"202100049708";"2";"03";"2021";"10:30";"1";"15";"15122";"2";"3";"1";"6";"Rue Tour de Ville";"44,7111720000";"2,1975500000"
"202100049709";"1";"03";"2021";"20:32";"3";"58";"58262";"1";"1";"1";"7";"La Pommeree";"47,0598170000";"3,7992630000"
"202100049710";"1";"03";"2021";"20:15";"3";"64";"64247";"1";"1";"1";"1";"D918";"43,1873430000";" -0,9031960000"
"202100049711";"2";"03";"2021";"01:45";"5";"04";"04116";"2";"1";"1";"6";"RD 4";"44,0331400000";"5,9858380000"
"202100049712";"2";"03";"2021";"06:45";"3";"17";"17350";"1";"1";"1";"2";"Route de Poitiers";"45,9385900000";" -0,4797240000"
"202100049713";"1";"03";"2021";"09:45";"1";"17";"17197";"2";"1";"1";"6";"Boulevard Baie Saint Paul";"45,4508620000";" -0,4416560000"
"202100049714";"2";"03";"2021";"11:30";"1";"978";"97801";"2";"1";"1";"1";"R DE LA BAIE NETTLE";"18,0617970000";" -63,1118850000"
"202100049715";"1";"03";"2021";"15:15";"1";"37";"37003";"2";"1";"1";"6";"Av des Martyrs de la Resistance";"47,4110810114";"0,9796015086"
"202100049716";"1";"03";"2021";"21:30";"3";"2A";"2A247";"1";"1";"1";"6";"Route de Bonifacio";"41,4905675930";"9,2435349860"
"202100049717";"1";"03";"2021";"07:45";"1";"83";"83047";"1";"1";"1";"3";"Avenue de Toulon";"43,1407348200";"6,0517442900"
"202100049718";"1";"03";"2021";"06:15";"3";"63";"63038";"1";"1";"9";"6";"Route DÃ©partementale 978";"45,5085837865";"2,9094536304"
"202100049719";"2";"03";"2021";"16:30";"1";"74";"74140";"1";"1";"1";"6";"Rte Valla Verda";"46,2453560000";"6,4678790000"
"202100049720";"1";"03";"2021";"18:20";"1";"38";"38487";"2";"1";"1";"6";"59 Route des 7 Fontaines";"45,5599960000";"4,8514080000"
"202100049721";"1";"03";"2021";"09:00";"1";"33";"33056";"2";"3";"1";"6";"Rue Alexis de Cholet";"44,9094820000";" -0,6379850000"
"202100049722";"1";"03";"2021";"17:30";"1";"56";"56152";"1";"1";"1";"1";"Route de Bangor";"47,3321330000";" -3,1647380000"
"202100049723";"8";"02";"2021";"13:00";"1";"22";"22324";"1";"1";"2";"6";"Route de Perros-guirec / avenue de la rÃ©sistance";"48,7644920000";" -3,4504800000"
"202100049724";"2";"03";"2021";"13:20";"1";"27";"27270";"1";"1";"1";"6";"D2";"49,2880570000";"1,4139690000"
"202100049725";"28";"02";"2021";"11:45";"1";"60";"60666";"1";"9";"1";"3";"D84";"49,1034730000";"2,6889900000"
"202100049726";"2";"03";"2021";"16:30";"1";"60";"60504";"2";"1";"1";"1";"322 Rue de la Vigne au Mai";"49,3432260000";"2,1982630000"
"202100049727";"2";"03";"2021";"12:40";"1";"62";"62861";"1";"2";"1";"3";"La Gueule d'Ours";"50,3777910000";"2,8504480000"
"202100049728";"26";"02";"2021";"07:10";"2";"59";"59400";"2";"3";"1";"6";"Place de la Liberation";"50,6423240000";"2,6389560000"
"202100049729";"1";"03";"2021";"15:35";"1";"59";"59268";"2";"8";"1";"6";"rue de la gendarmerie";"50,6377740136";"2,7203600854"
"202100049730";"26";"02";"2021";"11:25";"1";"83";"83144";"1";"1";"1";"4";"A57";"43,1338388938";"5,9861862659"
"202100049731";"1";"03";"2021";"17:55";"1";"91";"91689";"1";"1";"1";"3";"AUTOROUTE A6";"48,7220800000";"2,3117000000"
"202100049732";"1";"03";"2021";"16:55";"1";"91";"91689";"1";"1";"1";"2";"AUTOROUTE A6";"48,7299400000";"2,3145800000"
"202100049733";"1";"03";"2021";"18:30";"1";"93";"93001";"1";"1";"1";"2";"AUTOROUTE A86";"48,9208700000";"2,3717500000"
"202100049734";"1";"03";"2021";"08:20";"1";"93";"93066";"1";"1";"1";"2";"AUTOROUTE A1";"48,9339100000";"2,3820200000"
"202100049735";"1";"03";"2021";"22:53";"3";"94";"94069";"1";"1";"1";"6";"A4";"48,8175082166";"2,4337587596"
"202100049736";"27";"02";"2021";"22:15";"5";"973";"97302";"2";"1";"1";"5";"CABASSOU (ROUTE DE)";"4,9174600000";" -52,3130100000"
"202100049737";"28";"02";"2021";"16:40";"1";"69";"69259";"2";"1";"1";"1";"FRANCIS DE PRESSENSE                (AV)";"45,7138700000";"4,8731800000"
"202100049738";"28";"02";"2021";"14:50";"1";"69";"69383";"2";"2";"1";"3";"VOLTAIRE (R)";"45,7583900000";"4,8486800000"
"202100049739";"28";"02";"2021";"11:00";"1";"69";"69386";"2";"2";"1";"3";"TETE D'OR (R)";"45,7651248015";"4,8532039134"
"202100049740";"27";"02";"2021";"12:05";"1";"69";"69199";"2";"2";"8";"3";"PARMENTIER (R)";"45,7055100000";"4,8591100000"
"202100049741";"27";"02";"2021";"11:20";"1";"69";"69387";"2";"2";"1";"1";"DOMER (R)";"45,7476600000";"4,8502600000"
"202100049742";"28";"02";"2021";"11:40";"1";"972";"97209";"2";"1";"1";"6";"RENE HUBERT GAMESS (BOULEVARD)";"14,6323800000";" -61,0677600000"
"202100049743";"28";"02";"2021";"13:11";"1";"2B";"2B033";"2";"6";"1";"3";"IMPERIALE - ROUTE";"42,6650800000";"9,4385600000"
"202100049744";"27";"02";"2021";"19:05";"5";"91";"91665";"2";"1";"1";"5";"AV DE LA DIVISION LECLERC";"48,6565180000";"2,2746500000"
"202100049745";"28";"02";"2021";"20:55";"5";"83";"83137";"2";"1";"1";"2";"STRASBOURG (BD DE )";"43,1250180000";"5,9318870000"
"202100049746";"20";"02";"2021";"16:40";"1";"78";"78624";"1";"1";"1";"7";"CALIFORNIE CHEMIN DE LA";"48,9550600000";"2,0156000000"
"202100049747";"28";"02";"2021";"17:00";"1";"69";"69266";"2";"3";"1";"3";"EMILE ZOLA (CR)";"45,7678352871";"4,8887399941"
"202100049748";"28";"02";"2021";"08:20";"1";"69";"69271";"2";"2";"1";"5";"PROGRES (DU) (AV)";"45,7276600000";"4,9632900000"
"202100049749";"26";"02";"2021";"11:35";"1";"69";"69290";"2";"1";"1";"2";"HEYRIEUX (D') (RTE)";"45,6895900000";"4,9386800000"
"202100049750";"27";"02";"2021";"16:40";"1";"69";"69092";"1";"1";"1";"7";"SAULE D'OINGT (DU) (RTE)";"45,9813500000";"4,6697600000"
"202100049751";"28";"02";"2021";"16:30";"1";"64";"64102";"2";"6";"1";"7";"BASQUE (AVENUE DU GRAND)";"43,4918200000";" -1,4536900000"