"Num_Acc";"jour";"mois";"an";"hrmn";"lum";"dep";"com";"agg";"int";"atm";"col";"adr";"lat";"long"
"202100049752";"28";"02";"2021";"15:10";"1";"64";"64102";"2";"6";"2";"7";"BASQUE (AVENUE DU GRAND)";"43,4909300000";" -1,4535200000"
"202100049753";"27";"02";"2021";"17:55";"2";"62";"62193";"2";"6";"1";"6";"SAINT EXUPERY (AVENUE. 325 A ...)";"50,9470490000";"1,9204720000"
"202100049754";"27";"02";"2021";"18:00";"1";"59";"59220";"2";"1";"1";"3";"EGALITE RUE DE L";"50,5849225282";"3,0844065729"
"202100049755";"27";"02";"2021";"19:50";"5";"59";"59350";"2";"9";"1";"3";"JACQUET EUGENE RUE NÂ°IMPAIRS";"50,6381276311";"3,0792802200"
"202100049756";"28";"02";"2021";"17:45";"1";"42";"42270";"2";"1";"1";"2";"Route des Gorges";"45,3965566902";"4,2352759127"
"202100049757";"28";"02";"2021";"10:00";"1";"29";"29039";"1";"3";"1";"2";"D783 - Lieu dit le Douric";"47,9151847386";" -3,9455853745"
"202100049758";"28";"02";"2021";"12:30";"1";"27";"27681";"2";"7";"1";"3";"IVRY (ROUTE D')";"49,0831500000";"1,4776900000"
"202100049759";"28";"02";"2021";"18:10";"1";"15";"15012";"2";"1";"1";"6";"Rue du docteur FÃ©lix Ramond";"44,9001000000";"2,4597000000"
"202100049760";"27";"02";"2021";"13:44";"1";"13";"13063";"2";"1";"1";"6";"THEODORE AUBANEL BOULEVARD";"43,5883100000";"4,9960700000"
"202100049761";"28";"02";"2021";"17:53";"1";"08";"08409";"2";"1";"7";"6";"THIERS (RUE)";"49,7015800000";"4,9375600000"
"202100049762";"26";"02";"2021";"13:30";"1";"02";"02408";"2";"1";"1";"6";"ROMANETTE (RUE)";"49,5499000000";"3,6135000000"
"202100049763";"26";"02";"2021";"11:55";"1";"75";"75116";"2";"4";"1";"2";"PORTE D AUTEUIL";"48,8466750000";"2,2545830000"
"202100049764";"28";"02";"2021";"18:00";"4";"75";"75119";"2";"2";"1";"3";"RUE DE LORRAINE";"48,8851010000";"2,3837770000"
"202100049765";"28";"02";"2021";"08:45";"1";"75";"75118";"2";"1";"1";"2";"BOULEVARD PERIPHERIQUE EXTERIEUR NORD  ";"48,9010760000";"2,3452730000"
"202100049766";"28";"02";"2021";"15:00";"1";"75";"75116";"2";"2";"1";"3";"AVENUE DE VERSAILLES";"48,8407020000";"2,2650160000"
"202100049767";"28";"02";"2021";"13:00";"1";"75";"75116";"2";"2";"1";"3";"ROUTE DE LA MUETTE A NEUILLY";"48,8684990000";"2,2653160000"
"202100049768";"26";"02";"2021";"10:00";"1";"75";"75116";"2";"4";"1";"6";"RUE GALILEE";"48,8672930000";"2,2903330000"
"202100049769";"27";"02";"2021";"21:50";"5";"75";"75115";"2";"3";"1";"3";"RUE JOSEPH LIOUVILLE";"48,8450600000";"2,2974450000"
"202100049770";"28";"02";"2021";"12:50";"1";"75";"75113";"2";"5";"1";"2";"BOULEVARD ARAGO";"48,8368050000";"2,3518570000"
"202100049771";"27";"02";"2021";"13:10";"1";"75";"75112";"2";"1";"1";"2";"QUAI DE BERCY";"48,8358680000";"2,3791090000"
"202100049772";"28";"02";"2021";"12:27";"1";"75";"75109";"2";"2";"1";"3";"BOULEVARD POISSONNIERE";"48,8714810000";"2,3430500000"
"202100049773";"28";"02";"2021";"13:10";"1";"75";"75107";"2";"3";"1";"7";"QUAI BRANLY";"48,8624630000";"2,3054220000"
"202100049774";"28";"02";"2021";"11:35";"1";"75";"75107";"2";"2";"1";"3";"AVENUE DUQUESNE";"48,8502620000";"2,3123550000"
"202100049775";"28";"02";"2021";"20:50";"5";"75";"75104";"2";"3";"1";"6";"QUAI DES CELESTINS";"48,8529060000";"2,3589840000"
"202100049776";"28";"02";"2021";"08:40";"1";"75";"75108";"2";"2";"1";"6";"PLACE DE LA CONCORDE";"48,8640680000";"2,3201250000"
"202100049777";"27";"02";"2021";"17:40";"1";"75";"75104";"2";"2";"1";"6";"RUE FRANCOIS MIRON";"48,8555280000";"2,3577610000"
"202100049778";"27";"02";"2021";"18:15";"1";"75";"75101";"2";"4";"1";"7";"AVENUE DE L OPERA";"48,8649600000";"2,3347570000"
"202100049779";"28";"02";"2021";"12:15";"1";"93";"93073";"2";"2";"1";"5";"PARC (AVENUE DU)";"48,9548900000";"2,5670000000"
"202100049780";"27";"02";"2021";"12:50";"1";"93";"93073";"2";"1";"1";"6";"CHAPIT RE ( RUE DU)";"49,0028833603";"2,5368793539"
"202100049781";"28";"02";"2021";"16:45";"2";"93";"93064";"2";"1";"1";"6";"GRAVIERS (RUE DES)";"48,8733047758";"2,4978351089"
"202100049782";"28";"02";"2021";"02:00";"5";"93";"93048";"2";"1";"1";"6";"SOLIDARITE (RUE DE LA)";"48,8528579488";"2,4440410636"
"202100049783";"27";"02";"2021";"21:00";"5";"93";"93053";"2";"2";"1";"3";"GAGNY (AVENUE DE)";"48,8865527730";"2,4720528424"
"202100049784";"28";"02";"2021";"13:05";"1";"93";"93074";"2";"9";"1";"3";"MEAUX RUE DE";"48,9344600000";"2,5649700000"
"202100049785";"28";"02";"2021";"10:28";"1";"93";"93029";"2";"1";"1";"6";"PEGOUD";"48,9237464587";"2,4556939561"
"202100049786";"28";"02";"2021";"06:25";"5";"93";"93010";"2";"2";"1";"1";"GALLIENI (AV.) DE 111 A 175";"48,9059970237";"2,4803187703"
"202100049787";"28";"02";"2021";"14:00";"1";"92";"92064";"2";"1";"1";"6";"PARC SAINT CLOUD";"48,8333116027";"2,1943473816"
"202100049788";"28";"02";"2021";"11:04";"1";"11";"11203";"1";"1";"1";"6";"a61 - pk 357.080";"43,1696060000";"2,7458580000"
"202100049789";"31";"01";"2021";"13:18";"1";"31";"31082";"2";"9";"8";"3";"Cote des Rouilleres";"43,5991017090";"1,7123354245"
"202100049790";"28";"02";"2021";"10:30";"1";"67";"67477";"1";"1";"1";"7";"Chemin Rural";"48,3662680000";"7,2238460000"
"202100049791";"28";"02";"2021";"18:00";"2";"42";"42182";"1";"2";"1";"3";"D8";"46,0578360000";"3,9289160000"
"202100049792";"1";"03";"2021";"13:15";"1";"37";"37232";"1";"1";"1";"2";"N/A";"47,2911738562";"0,2847406268"
"202100049793";"28";"02";"2021";"15:35";"1";"61";"61497";"1";"1";"1";"6";"A28 PK163.000 sens 1";"48,4758840000";"0,1235480000"
"202100049794";"28";"02";"2021";"18:40";"5";"59";"59331";"2";"9";"1";"1";"Faubourg de France";"50,1195530000";"3,6978600000"
"202100049795";"27";"02";"2021";"15:55";"1";"19";"19187";"1";"3";"1";"3";"rd 901";"45,3069650000";"1,3609100000"
"202100049796";"28";"02";"2021";"16:15";"1";"56";"56169";"1";"1";"1";"3";"Route Militaire D158";"47,6890960000";" -3,2975290000"
"202100049797";"27";"02";"2021";"17:12";"1";"56";"56046";"1";"1";"1";"4";"D28";"47,6318260000";" -2,9905300000"
"202100049798";"26";"02";"2021";"16:50";"1";"74";"74269";"1";"1";"1";"6";"Rte de Ponty";"45,9726440000";"5,8405530000"
"202100049799";"20";"02";"2021";"13:45";"1";"74";"74225";"2";"2";"1";"6";"Boulevard Louis Dagand (Pont)";"45,8677610000";"5,9385400000"
"202100049800";"26";"02";"2021";"01:54";"5";"82";"82135";"1";"3";"1";"6";"Route de Villebrumier";"43,9026660000";"1,4517890000"
"202100049801";"1";"03";"2021";"08:30";"1";"33";"33348";"1";"2";"1";"4";"Chemin des CafÃ©s";"45,3447980000";" -1,0220640000"
"202100049802";"28";"02";"2021";"16:15";"1";"49";"49135";"2";"1";"1";"7";"Chemin du Port Albert";"47,5672110000";" -0,6037350000"
"202100049803";"28";"02";"2021";"15:45";"1";"68";"68374";"1";"1";"7";"3";"Departemental 417 lieu dit La Forge";"48,0610980000";"7,2348990000"
"202100049804";"25";"02";"2021";"15:00";"1";"25";"25186";"1";"2";"1";"3";"D14";"47,3139950000";"5,9420910000"
"202100049805";"27";"02";"2021";"17:35";"1";"35";"35250";"2";"1";"1";"7";"Route de ChÃ¢teaugiron";"48,0142500000";" -1,5877660000"
"202100049806";"28";"02";"2021";"15:45";"1";"29";"29259";"2";"1";"1";"2";"D769 - Rue Verderel";"48,6826840000";" -3,9858970000"
"202100049807";"28";"02";"2021";"18:00";"1";"29";"29102";"1";"1";"1";"6";"N164 - Pont Ar Stang";"48,2205823951";" -3,7364197260"
"202100049808";"27";"02";"2021";"17:50";"1";"31";"31582";"1";"1";"1";"3";"rd622";"43,4076040000";"1,7306900000"
"202100049809";"25";"02";"2021";"17:30";"1";"31";"31587";"1";"1";"1";"3";"1074 Route de Bouloc";"43,7823260000";"1,4356240000"
"202100049810";"28";"02";"2021";"18:00";"2";"54";"54594";"2";"1";"1";"6";"Route de Charey";"48,9757090000";"5,8563940000"
"202100049811";"27";"02";"2021";"09:20";"1";"53";"53127";"2";"1";"1";"6";"9 Grande rue,";"48,4381340000";" -0,4971260000"
"202100049812";"28";"02";"2021";"17:20";"1";"21";"21122";"1";"1";"1";"7";"route communale";"47,5568210000";"4,5390060000"
"202100049813";"28";"02";"2021";"19:45";"3";"40";"40083";"1";"4";"1";"1";"22 Route de Courpignon";"43,6184620000";" -0,3786050000"
"202100049814";"27";"02";"2021";"17:45";"2";"85";"85142";"1";"2";"1";"3";"La TabariÃ¨re";"46,7431300000";" -1,2701400000"
"202100049815";"28";"02";"2021";"18:15";"1";"87";"87081";"1";"1";"1";"6";"barbeseche";"45,7360360000";"1,2005780000"
"202100049816";"28";"02";"2021";"21:35";"3";"37";"37267";"1";"1";"1";"6";"Chemin des Boileaux";"47,3473966588";"0,8213405212"
"202100049817";"28";"02";"2021";"17:35";"1";"37";"37151";"1";"1";"1";"2";"N/A";"47,4471245372";"0,6328748366"
"202100049818";"28";"02";"2021";"22:40";"3";"67";"67324";"1";"1";"1";"7";"DR 1062";"48,9256290000";"7,6503040000"
"202100049819";"1";"03";"2021";"12:20";"1";"42";"42279";"2";"2";"1";"3";"Boulevard de la LibÃ©ration";"45,4988586137";"4,2426953866"
"202100049820";"26";"02";"2021";"15:00";"1";"06";"06085";"2";"1";"1";"3";"Chemin des Peyroues";"43,6024590000";"6,9864140000"
"202100049821";"1";"03";"2021";"18:30";"2";"89";"89339";"1";"1";"1";"2";"Autoroute A6, P.K203+500 Direction LYON";"47,5558650000";"3,9512370000"
"202100049822";"26";"02";"2021";"12:55";"1";"971";"97103";"1";"9";"1";"5";"RN 11";"16,2554770000";" -61,5708860000"
"202100049823";"28";"02";"2021";"15:25";"1";"29";"29147";"1";"1";"1";"6";"N165 - La Magdeleine";"47,8705460000";" -3,5967610000"
"202100049824";"1";"03";"2021";"15:05";"1";"77";"77060";"2";"1";"1";"1";"6 rue des roches";"48,2874120000";"2,4303900000"
"202100049825";"26";"02";"2021";"08:40";"1";"95";"95039";"1";"6";"1";"3";"RD 27";"49,0896420000";"2,1461800000"
"202100049826";"27";"02";"2021";"16:55";"1";"78";"78601";"1";"3";"7";"3";"D936";"48,6202150000";"1,8321740000"
"202100049827";"28";"02";"2021";"12:45";"1";"83";"83052";"1";"1";"1";"6";"D70";"43,6187980000";"5,8439860000"
"202100049828";"1";"03";"2021";"17:10";"1";"04";"04034";"1";"1";"1";"1";"RD 4100";"43,9304080000";"5,8779320000"
"202100049829";"27";"02";"2021";"12:30";"1";"58";"58121";"1";"1";"1";"6";"Rue Maurice Pilette";"47,0469850000";"3,0725040000"
"202100049830";"1";"03";"2021";"08:10";"1";"88";"88206";"1";"1";"1";"7";"RD 166";"48,3016380000";"5,9132620000"
"202100049831";"1";"03";"2021";"17:20";"1";"38";"38344";"2";"2";"1";"6";"MontÃ©e des ChapÃ´ts";"45,3779820000";"4,8183520000"
"202100049832";"28";"02";"2021";"17:40";"1";"33";"33474";"2";"3";"1";"3";"Route de la Paloumeyre";"44,6710280000";" -0,4839970000"
"202100049833";"20";"02";"2021";"17:30";"1";"33";"33051";"2";"2";"1";"3";"Rue des Fonderies";"44,6369220000";" -0,9603060000"
"202100049834";"1";"03";"2021";"17:00";"1";"60";"60395";"2";"3";"1";"3";"Rue Aristide Briand";"49,2253963622";"2,1315443418"
"202100049835";"1";"03";"2021";"01:30";"3";"62";"62474";"1";"1";"1";"6";"AUTOROUTE A-16 sens boulogne/ paris";"50,6923590000";"1,6393230000"
"202100049836";"28";"02";"2021";"18:45";"3";"13";"13071";"1";"1";"1";"5";"A7-Sens Lyon vers Marseille";"43,4052000000";"5,3199000000"
"202100049837";"27";"02";"2021";"17:20";"1";"13";"13215";"1";"1";"2";"4";"A7-Sens Lyon vers Marseille";"43,3688500000";"5,3608900000"
"202100049838";"26";"02";"2021";"12:30";"1";"13";"13215";"1";"1";"1";"2";"A7-Sens Marseille vers Lyon";"43,3672836313";"5,3608345985"
"202100049839";"27";"02";"2021";"17:30";"1";"13";"13211";"1";"1";"2";"2";"A50-Sens Aubagne vers Marseille";"43,2859600000";"5,5100400000"
"202100049840";"27";"02";"2021";"12:20";"1";"67";"67218";"1";"1";"1";"2";"M35";"48,5324900000";"7,6969600000"
"202100049841";"23";"02";"2021";"16:10";"1";"67";"67482";"1";"1";"1";"4";"M351";"48,5871600000";"7,7134900000"
"202100049842";"28";"02";"2021";"11:00";"1";"91";"91064";"1";"1";"1";"6";"RN 118";"48,7502180000";"2,2036640000"
"202100049843";"27";"02";"2021";"14:00";"1";"91";"91161";"1";"1";"1";"4";"AUTOROUTE A126";"48,7107500000";"2,2993500000"
"202100049844";"28";"02";"2021";"13:40";"1";"92";"92047";"1";"1";"1";"2";"A13";"48,8345922746";"2,1716273344"
"202100049845";"28";"02";"2021";"02:10";"3";"92";"92025";"1";"1";"1";"6";"A86";"48,9308200000";"2,2440500000"
"202100049846";"27";"02";"2021";"22:40";"5";"92";"92050";"1";"1";"1";"4";"A86";"48,9145462162";"2,2193848208"
"202100049847";"27";"02";"2021";"20:35";"3";"78";"78217";"1";"1";"1";"2";"A13";"48,9647170000";"1,8214790000"
"202100049848";"27";"02";"2021";"21:00";"3";"92";"92078";"1";"1";"1";"6";"AUTOROUTE A86";"48,9311200000";"2,3235200000"
"202100049849";"27";"02";"2021";"12:15";"1";"95";"95500";"1";"1";"1";"3";"AUTOROUTE A15";"49,0380491749";"2,0889858295"
"202100049850";"27";"02";"2021";"12:15";"1";"93";"93007";"1";"1";"1";"4";"AUTOROUTE A3";"48,9422900000";"2,4783100000"
"202100049851";"28";"02";"2021";"14:30";"1";"94";"94028";"1";"1";"1";"2";"A86 EXT";"48,7824279791";"2,4407780170"
"202100049852";"28";"02";"2021";"14:30";"1";"94";"94017";"1";"1";"1";"4";"A4";"48,8265014578";"2,5187302586"
"202100049853";"28";"02";"2021";"13:45";"1";"77";"77373";"1";"1";"1";"2";"RN104";"48,7641416397";"2,6152904050"
"202100049854";"28";"02";"2021";"08:15";"1";"988";"98818";"2";"3";"1";"2";"RUE GEORGES CLEMENCEAU/RUE EUGENE PROCHERON";" -22,2757100000";"166,4420400000"
"202100049855";"26";"02";"2021";"11:45";"1";"974";"97416";"2";"2";"1";"3";"LORION(RUE LUC)";" -21,3405800000";"55,4691100000"
"202100049856";"27";"02";"2021";"12:25";"1";"69";"69386";"2";"1";"1";"3";"BELGES (DES) (BD)";"45,7734300000";"4,8511700000"
"202100049857";"27";"02";"2021";"17:00";"1";"972";"97213";"1";"1";"1";"4";"ROUTE DEPARTEMENTALE 3";"14,5992400000";" -60,9977300000"
"202100049858";"27";"02";"2021";"00:25";"5";"972";"97213";"1";"1";"1";"2";"AUTOROUTE A1";"14,6178800000";" -61,0329500000"
"202100049859";"27";"02";"2021";"02:30";"5";"972";"97209";"1";"1";"1";"6";"DOROTHY (ROUTE DE)";"14,6119400000";" -61,0449700000"
"202100049860";"27";"02";"2021";"22:40";"5";"69";"69389";"2";"1";"1";"7";"JOANNES MASSET (AV)";"45,7699394391";"4,8008792213"
"202100049861";"27";"02";"2021";"18:00";"2";"69";"69381";"2";"1";"1";"7";"TUNNEL ROUTIER RUE TERME";"45,7717600000";"4,8309600000"
"202100049862";"26";"02";"2021";"20:20";"5";"91";"91347";"2";"3";"1";"3";"RTE DE MONTLHERY";"48,6352640000";"2,2856360000"
"202100049863";"27";"02";"2021";"13:10";"1";"91";"91421";"2";"3";"1";"3";"REPUBLIQUE (AVENUE DE LA)";"48,7080500000";"2,4535100000"
"202100049864";"27";"02";"2021";"17:23";"1";"91";"91286";"2";"1";"1";"6";"SABLONS (AVENUE DES)";"48,6555400000";"2,3905700000"
"202100049865";"27";"02";"2021";"06:30";"5";"91";"91687";"2";"1";"1";"7";"DE FLEURY (ROUTE )";"48,6535600000";"2,3695800000"
"202100049866";"27";"02";"2021";"17:25";"1";"86";"86194";"2";"1";"1";"6";"Route de Bonneuil Matours";"46,5885500000";"0,3700170000"
"202100049867";"27";"02";"2021";"17:00";"1";"78";"78551";"2";"3";"1";"3";"FOURQUEUX (DE)";"48,8928100000";"2,0830500000"
"202100049868";"27";"02";"2021";"18:15";"1";"78";"78440";"2";"1";"1";"6";"GIROFLÃES (ALLEE DES)";"48,9824180000";"1,9136250000"
"202100049869";"26";"02";"2021";"17:45";"1";"77";"77482";"1";"1";"1";"3";"D606";"48,3610700000";"2,9256800000"
"202100049870";"27";"02";"2021";"10:47";"1";"77";"77445";"2";"1";"1";"2";"MOULIN (AVENUE JEAN)";"48,5942100000";"2,5838200000"
"202100049871";"27";"02";"2021";"16:30";"1";"72";"72181";"2";"3";"1";"3";"LEDRU ROLLIN QUAI NÂ° 1 A 99";"48,0092300000";"0,1939300000"
"202100049872";"25";"02";"2021";"17:15";"1";"69";"69013";"2";"6";"1";"3";"RN6 (CHARTONNIERE)";"46,0203003831";"4,7207736969"
"202100049873";"27";"02";"2021";"15:50";"1";"64";"64335";"2";"1";"1";"1";"ANDRE MARIE AMPERE";"43,3152300000";" -0,4298900000"
"202100049874";"27";"02";"2021";"09:40";"1";"64";"64102";"2";"7";"1";"3";"LISSES (RUE DES)";"43,4894700000";" -1,4720100000"
"202100049875";"23";"02";"2021";"18:10";"1";"59";"59636";"2";"6";"1";"6";"QUESNOY RUE DE";"50,6932500000";"3,0517300000"
"202100049876";"27";"02";"2021";"18:05";"1";"56";"56260";"2";"2";"1";"3";"Rue de Sainte-Anne";"47,6622800000";" -2,7785700000"
"202100049877";"27";"02";"2021";"16:05";"1";"53";"53130";"2";"5";"1";"3";"BRETAGNE ( RUE DE )";"48,0698200000";" -0,7924800000"
"202100049878";"27";"02";"2021";"17:22";"1";"47";"47201";"2";"1";"1";"2";"MARNE (AV. DE LA)";"44,1939700000";"0,5992000000"
"202100049879";"24";"02";"2021";"13:40";"1";"44";"44109";"2";"1";"1";"3";"DALBY ( BD ERNEST )";"47,2247700000";" -1,5296100000"
"202100049880";"27";"02";"2021";"16:25";"1";"37";"37208";"2";"2";"1";"6";"DE GAULLE (AV. DU GAL)";"47,3585333919";"0,7395126522"
"202100049881";"27";"02";"2021";"05:30";"5";"37";"37214";"2";"1";"1";"7";"MURIER (RUE DU)";"47,4233917104";"0,6627025009"
"202100049882";"26";"02";"2021";"13:00";"1";"35";"35238";"2";"1";"1";"6";"CHATEAUGIRON (DE)";"48,1022600000";" -1,6576500000"
"202100049883";"27";"02";"2021";"02:00";"3";"35";"35238";"1";"1";"1";"7";"ROCADE 14-15";"48,1421300000";" -1,6453000000"
"202100049884";"27";"02";"2021";"19:55";"5";"33";"33063";"2";"3";"1";"3";"Rue Capdeville";"44,8432399893";" -0,5864357582"
"202100049885";"27";"02";"2021";"17:43";"1";"33";"33013";"1";"1";"1";"2";"Avenue du PrÃ©sident John Fitzgerald Kennedy";"44,8685400000";" -0,5037600000"
"202100049886";"27";"02";"2021";"17:20";"1";"32";"32013";"2";"1";"1";"7";"YSER (AVENUE DE L')";"43,6495600000";"0,5935000000"
"202100049887";"27";"02";"2021";"12:00";"1";"30";"30189";"2";"1";"1";"3";"ROUMANILLE (RUE)";"43,8283700000";"4,3532300000"
"202100049888";"27";"02";"2021";"04:35";"3";"29";"29039";"1";"1";"1";"6";"D44 - Lieu-dit Kerambrunou";"47,9212800000";" -3,8924100000"
"202100049889";"27";"02";"2021";"18:07";"1";"29";"29019";"2";"6";"1";"2";"RP - Rue de Mesnos";"48,3907830000";" -4,5374110000"
"202100049890";"27";"02";"2021";"08:00";"2";"29";"29019";"2";"6";"1";"6";"Avenue Victor le Gorgeu";"48,4017300000";" -4,5021000000"
"202100049891";"22";"02";"2021";"19:30";"5";"29";"29019";"2";"6";"1";"3";"Rond POint de Pen Ar Ch'leuz";"48,4145900000";" -4,4803600000"
"202100049892";"27";"02";"2021";"16:45";"1";"17";"17306";"2";"3";"1";"3";"LAMY (BD FRANCK)";"45,6279500000";" -1,0160400000"
"202100049893";"27";"02";"2021";"15:10";"1";"17";"17333";"2";"1";"1";"5";"107 REGIMENT D'INFANTERIE";"45,5947900000";" -0,9741800000"
"202100049894";"27";"02";"2021";"20:05";"5";"17";"17200";"1";"6";"1";"7";"HUIT MAI 1945   AVENUE DU";"46,1792000000";" -1,1523700000"
"202100049895";"27";"02";"2021";"23:30";"3";"13";"13054";"1";"6";"1";"1";"D9 (BRETELLE)";"43,4240200000";"5,2337700000"
"202100049896";"27";"02";"2021";"18:30";"5";"13";"13203";"2";"1";"2";"2";"NATIONAL (BOULEVARD)";"43,3087872657";"5,3806800346"
"202100049897";"27";"02";"2021";"12:10";"1";"13";"13211";"2";"3";"2";"3";"MILLIERE (BOULEVARD DE LA )";"43,2835630000";"5,5024450000"
"202100049898";"26";"02";"2021";"17:05";"1";"75";"75116";"2";"1";"1";"3";"PORTE DAUPHINE";"48,8713380000";"2,2731220000"
"202100049899";"26";"02";"2021";"11:30";"1";"75";"75106";"2";"1";"1";"2";"QUAI MALAQUAIS";"48,8581030000";"2,3339850000"
"202100049900";"27";"02";"2021";"07:20";"5";"75";"75117";"2";"1";"1";"6";"AVENUE DE CLICHY";"48,8860620000";"2,3262580000"
"202100049901";"27";"02";"2021";"17:50";"1";"75";"75115";"2";"3";"1";"3";"RUE DE VOUILLE";"48,8333830000";"2,3097950000"
"202100049902";"27";"02";"2021";"14:55";"1";"75";"75107";"2";"5";"1";"3";"QUAI D ORSAY";"48,8625910000";"2,3190170000"
"202100049903";"23";"02";"2021";"10:06";"1";"94";"94037";"2";"1";"1";"6";"GABRIEL PERI (R)";"48,8108240000";"2,3499620000"
"202100049904";"27";"02";"2021";"10:40";"1";"94";"94028";"2";"1";"1";"6";"PARIS.(RUE DE)";"48,7938400000";"2,4605800000"
"202100049905";"27";"02";"2021";"09:35";"1";"94";"94028";"2";"2";"1";"3";"PLICHON.(RUE DU DOCTEUR)";"48,7943500000";"2,4640600000"
"202100049906";"27";"02";"2021";"02:55";"3";"94";"94073";"2";"9";"1";"2";"Boulevard de Stalingrad";"48,7702951639";"2,4015620670"
"202100049907";"27";"02";"2021";"10:30";"1";"93";"93050";"2";"2";"7";"3";"PRESIDENT JOHN KENNEDY (AVENUE)";"48,8648109808";"2,5259247651"
"202100049908";"27";"02";"2021";"18:30";"1";"93";"93027";"2";"1";"1";"1";"TREFILERIE (RUE DE LA)";"48,9243300000";"2,4086800000"
"202100049909";"26";"02";"2021";"23:00";"5";"92";"92050";"2";"3";"1";"6";"VAILLANT COUTURIER PAUL RUE";"48,8852876900";"2,2023162246"
"202100049910";"27";"02";"2021";"19:00";"5";"92";"92048";"2";"3";"1";"3";"JACQUEMINOT (AVENUE) NÂ°1 A 15";"48,8102968527";"2,2331209196"
"202100049911";"27";"02";"2021";"17:11";"1";"92";"92024";"2";"1";"1";"4";"GENERAL ROGUET (RUE DU) DE (1 A 57)   (2";"48,9074800000";"2,3129200000"
"202100049912";"27";"02";"2021";"10:35";"1";"974";"97415";"1";"1";"1";"6";"Chemin Bruniquel";" -21,0991350000";"55,2682580000"
"202100049913";"27";"02";"2021";"16:45";"1";"51";"51649";"2";"1";"1";"7";"Place Maucourt";"48,7240957087";"4,5815032095"
"202100049914";"26";"02";"2021";"17:30";"1";"83";"83054";"1";"1";"1";"2";"Autoroute A57 PK 8";"43,1573910000";"6,0447120000"
"202100049915";"28";"02";"2021";"14:15";"1";"29";"29043";"1";"1";"1";"6";"N165 - Echangeur de Daoulas";"48,3666710000";" -4,2572020000"
"202100049916";"27";"02";"2021";"18:05";"2";"26";"26041";"2";"3";"1";"3";"Route Barthelemy de Laffemas";"45,2162570000";"4,8290490000"
"202100049917";"28";"02";"2021";"16:30";"1";"62";"62060";"1";"1";"1";"1";"D933";"50,2041860000";"2,1137210000"
"202100049918";"27";"02";"2021";"08:05";"1";"61";"61341";"1";"1";"1";"6";"A 28 PK 169+200";"48,5243790000";"0,1532940000"
"202100049919";"28";"02";"2021";"17:45";"1";"74";"74293";"1";"1";"1";"7";"Rte des Voirons";"46,2669305516";"6,2973453104"
"202100049920";"28";"02";"2021";"15:00";"1";"51";"51052";"2";"1";"1";"7";"Rue de Reims";"49,2701637870";"4,1461375831"
"202100049921";"27";"02";"2021";"09:20";"1";"51";"51171";"1";"1";"1";"2";"D32";"49,3780024577";"3,8749670519"
"202100049922";"28";"02";"2021";"13:40";"1";"56";"56032";"1";"1";"1";"6";"D724";"47,9623420000";" -2,2497940000"
"202100049923";"27";"02";"2021";"16:25";"1";"56";"56111";"1";"1";"1";"5";"L'Orme de Bas";"47,6584430000";" -2,3589920000"
"202100049924";"27";"02";"2021";"15:50";"1";"56";"56194";"1";"4";"7";"3";"GlÃ©rÃ©";"47,6233231134";" -2,1142975825"
"202100049925";"26";"02";"2021";"21:30";"3";"67";"67278";"1";"1";"1";"6";"D9";"48,9188540000";"7,1820970000"
"202100049926";"28";"02";"2021";"15:45";"1";"76";"76664";"1";"1";"1";"7";"D50";"49,7852750000";"0,6626880000"
"202100049927";"27";"02";"2021";"12:00";"1";"2B";"2B043";"1";"1";"1";"3";"Grotta Murata";"42,7860200000";"9,4835400000"
"202100049928";"28";"02";"2021";"15:55";"1";"69";"69267";"1";"4";"1";"3";"D68";"46,1713257360";"4,6855291148"
"202100049929";"27";"02";"2021";"21:30";"3";"55";"55217";"1";"1";"1";"7";"Grande Rue";"48,4869280000";"5,6823400000"
"202100049930";"28";"02";"2021";"15:00";"1";"49";"49326";"2";"1";"1";"6";"Chemin de la TuffiÃ¨re";"47,5017930000";" -0,3766520000"
"202100049931";"28";"02";"2021";"13:50";"1";"34";"34214";"1";"1";"8";"6";"D15";"43,4748940000";"3,2811570000"
"202100049932";"28";"02";"2021";"17:50";"2";"25";"25196";"2";"2";"1";"1";"28 Rue Centrale";"47,4781670000";"6,8952570000"
"202100049933";"28";"02";"2021";"08:45";"1";"29";"29061";"1";"1";"1";"1";"D13 - Rond Point du Dorguen";"48,4495460000";" -4,4715960000"
"202100049934";"27";"02";"2021";"17:00";"1";"02";"02140";"2";"2";"1";"3";"24 Route de Noyon";"49,5250800000";"3,1346440000"
"202100049935";"27";"02";"2021";"17:50";"1";"02";"02461";"1";"2";"1";"3";"D1032";"49,5976870000";"3,1315540000"
"202100049936";"28";"02";"2021";"17:00";"1";"15";"15077";"1";"1";"1";"6";"N/A";"44,9328150000";"2,8821950000"
"202100049937";"27";"02";"2021";"12:15";"1";"70";"70176";"2";"1";"1";"2";"25 Grande Rue";"47,8943860000";"6,6249570000"
"202100049938";"28";"02";"2021";"05:30";"3";"70";"70247";"1";"1";"1";"7";"RD 42";"47,6542880000";"5,6789230000"
"202100049939";"28";"02";"2021";"11:10";"1";"06";"06136";"1";"1";"1";"7";"cd93 pk2.1";"43,8907260000";"7,4855500000"
"202100049940";"26";"02";"2021";"09:45";"1";"14";"14556";"2";"2";"1";"6";"D562A";"49,1163960000";" -0,3744630000"