"Num_Acc";"jour";"mois";"an";"hrmn";"lum";"dep";"com";"agg";"int";"atm";"col";"adr";"lat";"long"
"202100049941";"28";"02";"2021";"15:35";"1";"90";"90093";"2";"3";"1";"3";"grande rue";"47,6907420000";"6,8358400000"
"202100049942";"28";"02";"2021";"16:20";"1";"45";"45025";"1";"1";"1";"7";"Rue de la Cave";"48,1695770000";"2,0317040000"
"202100049943";"27";"02";"2021";"15:15";"1";"36";"36042";"1";"3";"1";"3";"N/A";"46,6326640000";"1,4580380000"
"202100049944";"28";"02";"2021";"14:50";"1";"85";"85024";"1";"1";"1";"7";"D32";"46,9351950000";" -1,8366960000"
"202100049945";"27";"02";"2021";"16:55";"1";"27";"27587";"1";"9";"1";"1";"D47";"49,2775490000";"0,6245900000"
"202100049946";"27";"02";"2021";"21:10";"5";"30";"30012";"2";"1";"1";"6";"702 Avenue Jean Moulin";"43,8920010000";"4,6844400000"
"202100049947";"28";"02";"2021";"14:21";"1";"08";"08482";"1";"1";"1";"7";"route dÃ©partementale 66";"49,6677530000";"4,6689700000"
"202100049948";"27";"02";"2021";"11:00";"1";"08";"08302";"1";"4";"1";"1";"D989";"49,9211670000";"4,7733450000"
"202100049949";"28";"02";"2021";"14:55";"1";"67";"67388";"2";"1";"1";"7";"32 Route de Strasbourg";"48,9166440000";"7,6579960000"
"202100049950";"28";"02";"2021";"16:00";"1";"38";"38048";"1";"1";"1";"6";"D36";"45,6003770000";"5,1250790000"
"202100049951";"28";"02";"2021";"19:15";"5";"74";"74010";"2";"1";"1";"6";"17 Av de Champ Fleuri";"45,8908880000";"6,1014670000"
"202100049952";"28";"02";"2021";"05:45";"3";"33";"33122";"1";"1";"1";"2";"N/A";"44,7126965714";" -0,7463853351"
"202100049953";"28";"02";"2021";"11:15";"1";"13";"13118";"1";"1";"1";"2";"A8, Pk 003+520 sens nord/sud";"43,5545350000";"5,2673650000"
"202100049954";"27";"02";"2021";"12:00";"1";"51";"51409";"1";"1";"1";"7";"A26";"48,8889806756";"4,2890683031"
"202100049955";"27";"02";"2021";"18:55";"2";"973";"97313";"1";"1";"7";"1";"route de l'est PK 15";"4,8003780000";" -52,3860530000"
"202100049956";"28";"02";"2021";"13:30";"1";"971";"97129";"2";"1";"1";"3";"La Boucan";"16,2847240000";" -61,6688640000"
"202100049957";"27";"02";"2021";"17:15";"1";"977";"97701";"2";"1";"1";"1";"rt209 , marigot";"17,9099380000";" -62,8067780000"
"202100049958";"27";"02";"2021";"17:45";"1";"33";"33085";"1";"1";"1";"1";"Route de Balaresque";"44,7647740000";" -0,4491730000"
"202100049959";"26";"02";"2021";"19:50";"3";"91";"91041";"1";"1";"1";"1";"D19";"48,5667780000";"2,2250530000"
"202100049960";"27";"02";"2021";"17:45";"1";"78";"78120";"1";"2";"7";"3";"D149";"48,6409980000";"1,9871840000"
"202100049961";"28";"02";"2021";"13:40";"1";"2B";"2B148";"1";"9";"1";"6";"Route territoriale 11 - bretelle accÃ¨s aÃ©roport de Poretta";"42,5518240000";"9,4608270000"
"202100049962";"27";"02";"2021";"16:50";"1";"11";"11429";"1";"1";"1";"3";"DÃ©partemental 249";"43,2422350000";"2,3679430000"
"202100049963";"28";"02";"2021";"14:15";"1";"68";"68317";"1";"1";"1";"6";"CD 417";"48,0663720000";"7,0940240000"
"202100049964";"26";"02";"2021";"16:00";"1";"57";"57714";"2";"1";"1";"2";"D74";"49,0902420000";"6,5470980000"
"202100049965";"28";"02";"2021";"01:30";"3";"74";"74197";"1";"1";"1";"1";"ROUTE D'ANNECY";"46,1357310000";"6,3121390000"
"202100049966";"28";"02";"2021";"16:45";"1";"38";"38155";"2";"3";"1";"3";"Route du Pont Jean Lioud";"45,4305700000";"5,7486600000"
"202100049967";"26";"02";"2021";"20:00";"3";"07";"07200";"1";"1";"1";"6";"Route du Tunnel";"44,7204060000";"4,1341450000"
"202100049968";"27";"02";"2021";"16:25";"1";"40";"40278";"1";"1";"1";"6";"Route du Lac";"44,2329620000";" -1,1813740000"
"202100049969";"28";"02";"2021";"15:20";"1";"40";"40123";"1";"1";"1";"7";"route dÃ©partementale 401";"43,7709080000";" -1,0955430000"
"202100049970";"28";"02";"2021";"15:45";"1";"27";"27023";"1";"1";"1";"7";"D74";"48,9895110000";"1,0556800000"
"202100049971";"28";"02";"2021";"02:00";"5";"59";"59011";"2";"1";"1";"6";"127 Route de Don";"50,5356250000";"2,9253220000"
"202100049972";"27";"02";"2021";"19:30";"3";"13";"13005";"1";"1";"8";"5";"A50-Sens Marseille vers Aubagne";"43,2720100000";"5,5888400000"
"202100049973";"27";"02";"2021";"14:00";"1";"91";"91471";"1";"1";"1";"2";"RN 118";"48,6953600000";"2,1925400000"
"202100049974";"27";"02";"2021";"17:25";"1";"78";"78640";"1";"1";"1";"4";"A86 EXT";"48,7779050000";"2,2155860000"
"202100049975";"27";"02";"2021";"15:47";"1";"92";"92025";"1";"1";"1";"3";"A86";"48,9189886921";"2,2237886747"
"202100049976";"27";"02";"2021";"13:20";"1";"92";"92047";"1";"1";"1";"4";"A13";"48,8340850137";"2,1663501200"
"202100049977";"27";"02";"2021";"00:45";"3";"93";"93007";"1";"1";"1";"2";"AUTOROUTE A3";"48,9234200000";"2,4807300000"
"202100049978";"26";"02";"2021";"18:00";"1";"95";"95351";"1";"1";"1";"2";"RN 104";"49,0411700000";"2,4822100000"
"202100049979";"26";"02";"2021";"11:00";"1";"93";"93006";"1";"1";"2";"2";"AUTOROUTE A3";"48,8659400000";"2,4214700000"
"202100049980";"27";"02";"2021";"16:55";"1";"77";"77258";"1";"1";"1";"2";"A4.W";"48,8305927235";"2,6321617785"
"202100049981";"23";"02";"2021";"12:55";"1";"988";"98818";"2";"1";"1";"1";"COOK (AVENUE JAMES)";" -22,2678900000";"166,4321100000"
"202100049982";"26";"02";"2021";"19:44";"5";"976";"97611";"2";"1";"1";"6";"passamanty-MRony Manga ( rue )";" -12,7987200000";"45,2015800000"
"202100049983";"25";"02";"2021";"08:05";"1";"974";"97411";"2";"9";"1";"3";"JAURES (BLD 1 JEAN)";" -20,8978900000";"55,4759600000"
"202100049984";"25";"02";"2021";"07:15";"1";"974";"97407";"1";"1";"1";"5";"RUE THEODORE DROUET";" -20,9490900000";"55,3172800000"
"202100049985";"26";"02";"2021";"11:50";"1";"69";"69383";"2";"2";"1";"3";"FERDINAND BUISSON (R)";"45,7497700000";"4,8897800000"
"202100049986";"26";"02";"2021";"16:00";"1";"972";"97213";"1";"1";"1";"3";"ROUTE DEPARTEMENTALE 15";"14,6146100000";" -61,0046300000"
"202100049987";"26";"02";"2021";"08:15";"1";"972";"97209";"2";"1";"2";"6";"GEORGES GRATIANT (AVENUE)";"14,6134600000";" -61,0371200000"
"202100049988";"25";"02";"2021";"17:45";"1";"972";"97209";"2";"1";"1";"6";"EMILE ZOLA (RUE)";"14,6096100000";" -61,0714600000"
"202100049989";"25";"02";"2021";"10:45";"1";"69";"69202";"2";"1";"1";"6";"GRANDE RUE";"45,7339022505";"4,8038316316"
"202100049990";"25";"02";"2021";"17:07";"1";"69";"69202";"2";"4";"1";"6";"CHAVRIL (DE) (R)";"45,7473800000";"4,8064700000"
"202100049991";"8";"02";"2021";"11:44";"1";"971";"97120";"2";"9";"1";"6";"CHANZY (BOULEVARD)";"16,2449100000";" -61,5390000000"
"202100049992";"26";"02";"2021";"09:43";"1";"2A";"2A004";"2";"1";"1";"2";"RECCO ABBE BOULEVARD";"41,9373200000";"8,7380800000"
"202100049993";"25";"02";"2021";"15:50";"1";"95";"95280";"2";"2";"1";"6";"Avenue des Tilleuls";"49,0349888583";"2,4677932262"
"202100049994";"24";"02";"2021";"18:15";"1";"91";"91549";"2";"2";"1";"3";"LIBERTE (AVENUE DE LA)";"48,6409100000";"2,3458400000"
"202100049995";"25";"02";"2021";"19:05";"5";"91";"91223";"2";"1";"1";"6";"GENERAL LECLERC (PLACE DU)";"48,4366540000";"2,1598190000"
"202100049996";"15";"02";"2021";"13:45";"1";"89";"89236";"1";"1";"1";"5";"D606";"48,1797600000";"3,3001100000"
"202100049997";"23";"02";"2021";"07:46";"5";"87";"87085";"2";"1";"1";"2";"BELLAC (RUE DE)";"45,8552950190";"1,2482732534"
"202100049998";"25";"02";"2021";"15:30";"1";"86";"86194";"2";"1";"1";"6";"Avenue John Kennedy";"46,5869420000";"0,3650350000"
"202100049999";"26";"02";"2021";"12:00";"1";"83";"83069";"2";"1";"1";"3";"GODILLOT  ( AVENUE ALEXIS )";"43,1153920000";"6,1230660000"
"202100050000";"24";"02";"2021";"17:20";"1";"80";"80021";"2";"1";"1";"2";"ALLONVILLE (ROUTE D')";"49,9125400000";"2,3171700000"
"202100050001";"25";"02";"2021";"15:15";"1";"76";"76305";"2";"9";"1";"6";"CAMP DOLENT (AVENUE)";"49,5065500000";"0,2230500000"
"202100050002";"26";"02";"2021";"10:40";"1";"71";"71040";"2";"1";"1";"7";"JEAN THOMASSET (RUE)";"46,6995582248";"4,3873470717"
"202100050003";"26";"02";"2021";"12:04";"1";"69";"69275";"2";"8";"1";"3";"FRANCISCO FERRER (R)";"45,7743400000";"4,9763600000"
"202100050004";"26";"02";"2021";"09:50";"1";"69";"69266";"2";"3";"1";"3";"EMILE ZOLA (CR)";"45,7669100000";"4,8935200000"
"202100050005";"24";"02";"2021";"14:03";"1";"68";"68066";"2";"6";"1";"3";"ALSACE (RUE D')";"48,0652100000";"7,3643200000"
"202100050006";"25";"02";"2021";"16:22";"1";"66";"66136";"2";"1";"1";"6";"WILSON (BOULEVARD THOMAS)";"42,7018900000";"2,8955000000"
"202100050007";"25";"02";"2021";"06:43";"2";"66";"66136";"1";"1";"1";"6";"R D 900";"42,7451700000";"2,8927300000"
"202100050008";"26";"02";"2021";"17:55";"1";"64";"64284";"2";"2";"1";"3";"HENRI IV";"43,2831900000";" -0,3867700000"
"202100050009";"26";"02";"2021";"17:35";"1";"64";"64284";"2";"1";"1";"1";"GEORGES GUYNEMER";"43,2914430000";" -0,3977960000"
"202100050010";"26";"02";"2021";"07:35";"1";"64";"64122";"2";"1";"1";"3";"MARCEL DASSAULT (BD)";"43,4610000000";" -1,5466800000"
"202100050011";"26";"02";"2021";"10:55";"1";"64";"64102";"2";"1";"1";"3";"LOUISE DARRACQ (AVENUE)";"43,4941700000";" -1,4816800000"
"202100050012";"26";"02";"2021";"11:45";"1";"63";"63113";"2";"3";"1";"3";"RESSORT (RUE DU)";"45,7864628808";"3,1076837416"
"202100050013";"25";"02";"2021";"12:55";"1";"63";"63113";"2";"1";"1";"4";"BLATIN (RUE)";"45,7769600000";"3,0800800000"
"202100050014";"26";"02";"2021";"17:56";"1";"59";"59350";"2";"1";"1";"6";"RAVEL MAURICE RUE";"50,6295142147";"3,0854116536"
"202100050015";"11";"02";"2021";"16:00";"1";"59";"59350";"2";"9";"1";"6";"DOREZ BARTHELEMY PLACE";"50,6185190000";"3,0504590000"
"202100050016";"25";"02";"2021";"13:40";"1";"58";"58194";"2";"3";"1";"3";"MARECHAL JUIN";"47,0043600000";"3,1538000000"
"202100050017";"26";"02";"2021";"15:15";"1";"57";"57463";"2";"1";"1";"2";"ALLIES (RUE DES)";"49,1298180000";"6,1667911000"
"202100050018";"25";"02";"2021";"14:52";"1";"56";"56162";"2";"6";"1";"3";"FORT BLOQUE (RUE DU)";"47,7365600000";" -3,4324900000"
"202100050019";"26";"02";"2021";"12:45";"1";"54";"54395";"2";"2";"1";"6";"POINCARE (RUE HENRI)";"48,6900317130";"6,1718102172"
"202100050020";"25";"02";"2021";"09:30";"1";"54";"54395";"2";"3";"1";"2";"MOULIN (BOULEVARD JEAN)";"48,6828664178";"6,2064794451"
"202100050021";"23";"02";"2021";"16:45";"1";"54";"54526";"2";"9";"1";"6";"rue Jean Ferrat";"48,6790900000";"6,2254100000"
"202100050022";"26";"02";"2021";"11:24";"1";"51";"51058";"2";"1";"1";"3";"Avenue FranÃ§ois Jacob";"49,2202842989";"4,0059215133"
"202100050023";"25";"02";"2021";"17:45";"2";"51";"51454";"2";"2";"1";"3";"Place de la Republique";"49,2617632135";"4,0295465460"
"202100050024";"24";"02";"2021";"08:10";"1";"42";"42123";"2";"3";"1";"3";"Rue Antoine Durafour";"45,5102011266";"4,5760288797"
"202100050025";"25";"02";"2021";"05:36";"5";"37";"37261";"2";"3";"1";"3";"DE GAULLE (AVENUE DU GENERAL)";"47,3805991013";"0,6985468716"
"202100050026";"24";"02";"2021";"12:10";"1";"37";"37122";"2";"1";"1";"6";"RD 86 DE MONTS Ã  TOURS";"47,3380090960";"0,6648101234"
"202100050027";"26";"02";"2021";"14:22";"1";"35";"35238";"2";"9";"1";"5";"LORIENT (DE)";"48,1068200000";" -1,7280900000"
"202100050028";"26";"02";"2021";"12:00";"1";"35";"35281";"2";"1";"1";"3";"PATIS-DES-COUASNES (RUE DU)";"48,0810600000";" -1,7271100000"
"202100050029";"26";"02";"2021";"09:15";"1";"35";"35238";"2";"1";"1";"6";"ROBERT (FERNAND)";"48,1325300000";" -1,7096600000"
"202100050030";"25";"02";"2021";"21:55";"5";"31";"31555";"2";"1";"1";"7";"PONT NEUF";"43,5993100000";"1,4386900000"
"202100050031";"26";"02";"2021";"08:25";"1";"29";"29232";"1";"1";"1";"3";"Rue Marcel Paul";"47,9757240193";" -4,0195588158"
"202100050032";"27";"02";"2021";"22:35";"5";"29";"29019";"2";"2";"1";"3";"Rue Camille Desmoulins";"48,3962320000";" -4,4839260000"
"202100050033";"26";"02";"2021";"18:10";"1";"26";"26198";"2";"1";"1";"3";"65 Route de Dieulefit";"44,5519000000";"4,7669800000"
"202100050034";"25";"02";"2021";"11:15";"1";"18";"18279";"2";"1";"1";"1";"HUIT MAI 1945 (RUE DU (JUSQU'AU GYMNASE";"47,2269100000";"2,0753600000"
"202100050035";"26";"02";"2021";"16:45";"1";"17";"17415";"2";"1";"1";"3";"LECLERC COURS DU MARECHAL";"45,7538800000";" -0,6545700000"
"202100050036";"26";"02";"2021";"18:30";"3";"17";"17300";"2";"1";"9";"4";"06 PK RN237 MOULIN JUSTICE RE";"46,1691300000";" -1,1208220000"
"202100050037";"26";"02";"2021";"11:30";"1";"17";"17028";"2";"3";"1";"7";"GARE   RUE DE LA";"46,1357200000";" -1,1121400000"
"202100050038";"25";"02";"2021";"11:40";"1";"17";"17200";"2";"2";"1";"4";"HUIT MAI 1945   AVENUE DU";"46,1830500000";" -1,1523300000"
"202100050039";"26";"02";"2021";"08:02";"2";"16";"16089";"2";"6";"1";"3";"Av de Barbezieux";"45,6814070000";" -0,3285800000"
"202100050040";"26";"02";"2021";"21:00";"3";"13";"13054";"2";"1";"1";"2";"D9 (BRETELLE)";"43,4241003772";"5,2350525966"
"202100050041";"24";"02";"2021";"10:55";"1";"13";"13216";"2";"1";"1";"1";"CONDORCET (RUE)";"43,3564728889";"5,3441508987"
"202100050042";"25";"02";"2021";"08:49";"1";"13";"13202";"2";"1";"1";"1";"BD JAQUES SAADE";"43,3011033669";"5,3640507689"
"202100050043";"26";"02";"2021";"12:30";"1";"13";"13001";"1";"1";"1";"6";"VALLON DES LAURIERS (CH)";"43,5428200000";"5,4726100000"
"202100050044";"25";"02";"2021";"16:10";"1";"13";"13001";"2";"6";"1";"3";"ST JEROME (AV)";"43,5174300000";"5,4602700000"
"202100050045";"25";"02";"2021";"16:19";"1";"11";"11069";"2";"1";"8";"6";"PERGAUD LOUIS";"43,2092000000";"2,3297000000"
"202100050046";"25";"02";"2021";"21:35";"5";"10";"10387";"2";"2";"1";"3";"LOMBARDS (AVENUE)";"48,2727600000";"4,0771300000"
"202100050047";"25";"02";"2021";"11:45";"1";"10";"10387";"2";"9";"1";"3";"MISSION (RUE DE LA)";"48,2879900000";"4,0743600000"
"202100050048";"26";"02";"2021";"08:08";"1";"06";"06088";"2";"9";"1";"3";"JAURES (BD JEAN)";"43,6991380000";"7,2773530000"
"202100050049";"26";"02";"2021";"18:25";"3";"06";"06069";"1";"1";"1";"2";"PÃ©nÃ©trante";"43,6313200000";"6,9470700000"
"202100050050";"26";"02";"2021";"13:15";"1";"06";"06027";"2";"1";"1";"2";"PLAGE BOULEVARD DE LA";"43,6568300000";"7,1647000000"
"202100050051";"26";"02";"2021";"14:55";"1";"01";"01451";"1";"2";"1";"3";"Route de Bourg";"46,2431200000";"5,2244700000"
"202100050052";"25";"02";"2021";"19:30";"5";"75";"75115";"2";"4";"1";"6";"PORTE DE SEVRES";"48,8348140000";"2,2740630000"
"202100050053";"22";"02";"2021";"16:45";"1";"75";"75115";"2";"1";"1";"3";"PORTE D ISSY";"48,8352620000";"2,2707120000"
"202100050054";"25";"02";"2021";"16:26";"1";"75";"75105";"2";"5";"1";"6";"QUAI SAINT MICHEL";"48,8537580000";"2,3442830000"
"202100050055";"26";"02";"2021";"13:55";"1";"75";"75120";"2";"2";"1";"6";"AVENUE GAMBETTA";"48,8665320000";"2,3998930000"
"202100050056";"26";"02";"2021";"18:00";"2";"75";"75119";"2";"1";"1";"3";"RUE MANIN";"48,8849660000";"2,3925630000"
"202100050057";"26";"02";"2021";"08:50";"1";"75";"75116";"2";"5";"1";"3";"VOIE GEORGES POMPIDOU";"48,8580870000";"2,2883520000"
"202100050058";"25";"02";"2021";"09:12";"1";"75";"75116";"2";"7";"1";"2";"PLACE CHARLES DE GAULLE";"48,8732030000";"2,2951270000"
"202100050059";"26";"02";"2021";"14:14";"1";"75";"75115";"2";"1";"1";"6";"RUE DE LA CONVENTION";"48,8378420000";"2,2950870000"
"202100050060";"25";"02";"2021";"13:20";"1";"75";"75115";"2";"3";"1";"3";"RUE DE VAUGIRARD";"48,8424620000";"2,3110800000"
"202100050061";"26";"02";"2021";"18:20";"5";"75";"75114";"2";"1";"1";"6";"RUE DU COMMANDANT RENE MOUCHOTTE";"48,8378520000";"2,3191160000"
"202100050062";"26";"02";"2021";"18:20";"1";"75";"75107";"2";"3";"1";"3";"BOULEVARD DES INVALIDES";"48,8482880000";"2,3157760000"
"202100050063";"24";"02";"2021";"17:50";"1";"75";"75107";"2";"1";"1";"7";"RUE DE L UNIVERSITE";"48,8601510000";"2,2974630000"
"202100050064";"26";"02";"2021";"16:10";"1";"75";"75102";"2";"1";"1";"3";"RUE DE LA PAIX";"48,8689430000";"2,3309050000"
"202100050065";"26";"02";"2021";"08:25";"1";"75";"75102";"2";"2";"1";"2";"BOULEVARD DES CAPUCINES";"48,8709700000";"2,3341500000"
"202100050066";"26";"02";"2021";"14:00";"1";"94";"94068";"2";"1";"1";"6";"REPUBLIQUE (AV DE LA)";"48,7985700000";"2,4859000000"
"202100050067";"25";"02";"2021";"16:55";"1";"94";"94068";"2";"1";"1";"3";"ALSACE LORRAINE (R D)";"48,8053770700";"2,4756927118"
"202100050068";"26";"02";"2021";"07:20";"2";"94";"94046";"2";"3";"2";"6";"Rue Paul Bert";"48,8156740000";"2,4258710000"
"202100050069";"26";"02";"2021";"13:25";"1";"94";"94021";"2";"1";"1";"6";"JEAN MERMOZ (BD)";"48,7700000000";"2,3380000000"
"202100050070";"26";"02";"2021";"07:45";"1";"94";"94070";"1";"1";"2";"1";"MANDRES (RTE DE)";"48,7164000000";"2,5629000000"
"202100050071";"25";"02";"2021";"12:47";"1";"94";"94079";"2";"3";"1";"4";"JEAN JAURES (R)";"48,8272424671";"2,5295602710"
"202100050072";"26";"02";"2021";"19:30";"5";"93";"93072";"2";"1";"1";"3";"MOLIERE (SQUARE)";"48,9495199900";"2,3737666908"
"202100050073";"26";"02";"2021";"16:45";"1";"93";"93071";"2";"2";"1";"3";"WESTINGHOUSE (BOULEVARD)";"48,9276451819";"2,5193901999"
"202100050074";"26";"02";"2021";"15:00";"1";"93";"93070";"2";"1";"1";"3";"JEAN-JAURES (BD)";"48,9147300000";"2,3371400000"
"202100050075";"26";"02";"2021";"12:45";"1";"93";"93066";"2";"1";"1";"4";"DE PRESSENSE FRANCIS";"48,9234789419";"2,3710677616"
"202100050076";"25";"02";"2021";"13:20";"1";"93";"93066";"2";"1";"1";"3";"""STALINGRAD (AVENUE), NR 88 A 114 BIS""";"48,9473774146";"2,3737489710"
"202100050077";"26";"02";"2021";"15:00";"1";"93";"93033";"2";"2";"1";"6";"PRINCES";"48,8586300000";"2,5816000000"
"202100050078";"26";"02";"2021";"11:30";"1";"93";"93049";"2";"2";"1";"3";"ROSNY (AVENUE)";"48,8708744603";"2,5123502886"
"202100050079";"26";"02";"2021";"13:23";"1";"93";"93031";"1";"9";"1";"6";"CREDOS (SQUARE DES)";"48,9548320772";"2,2997394619"
"202100050080";"26";"02";"2021";"11:45";"1";"93";"93047";"2";"1";"1";"4";"GENERAL DE GAULLE (RUE DU)";"48,8992104582";"2,5566697223"
"202100050081";"25";"02";"2021";"09:50";"1";"93";"93071";"2";"3";"1";"6";"AULNAY (RUE D')";"48,9398609039";"2,5234154178"
"202100050082";"26";"02";"2021";"20:00";"3";"93";"93001";"2";"1";"1";"6";"NICOLAS RAYER (RUE)";"48,9179919316";"2,3763272544"
"202100050083";"26";"02";"2021";"21:50";"3";"92";"92022";"2";"1";"1";"6";"PAVE DE MEUDON (ROUTE DU)  (4)";"48,8039400000";"2,1991300000"
"202100050084";"26";"02";"2021";"08:50";"1";"92";"92050";"2";"1";"8";"3";"GARE RUE DE LA";"48,8959327163";"2,1984499470"
"202100050085";"26";"02";"2021";"06:40";"3";"92";"92025";"2";"9";"2";"3";"BOURNARD (RUE DU)";"48,9232124456";"2,2566832602"
"202100050086";"26";"02";"2021";"17:40";"1";"92";"92024";"2";"3";"1";"2";"VICTOR HUGO (BD)";"48,9017700000";"2,3174600000"
"202100050087";"26";"02";"2021";"16:00";"1";"92";"92024";"2";"1";"1";"2";"MARTRE (RUE) DE (111 A 119)   (122 A 144";"48,9077300000";"2,3012200000"
"202100050088";"25";"02";"2021";"21:15";"5";"92";"92012";"2";"2";"1";"3";"DANJOU (RUE) 1/15 - 2/18 BIS";"48,8336223419";"2,2479861975"
"202100050089";"26";"02";"2021";"16:20";"1";"92";"92007";"2";"3";"1";"3";"MIRABEAU (ALLEE)";"48,7896050009";"2,3135474324"
"202100050090";"26";"02";"2021";"16:20";"1";"11";"11004";"1";"4";"1";"7";"Chemin du Bonnarel";"43,1016410000";"2,0952670000"
"202100050091";"27";"02";"2021";"16:10";"1";"95";"95134";"1";"1";"1";"2";"RD 301";"49,1352968646";"2,2552418194"
"202100050092";"26";"02";"2021";"17:00";"1";"33";"33170";"1";"3";"8";"2";"N/A";"44,5603290000";" -0,0266340000"
"202100050093";"26";"02";"2021";"14:30";"1";"06";"06161";"2";"1";"1";"3";"2686 Route Departementale 6007";"43,6258050000";"7,1319330000"
"202100050094";"26";"02";"2021";"12:30";"1";"972";"97221";"2";"6";"1";"6";"Rue du Morne Costet";"14,5241370000";" -60,9737990000"
"202100050095";"26";"02";"2021";"18:05";"1";"56";"56221";"2";"2";"1";"3";"Rue du Clos Barre";"47,6882800000";" -2,2216280000"
"202100050096";"23";"02";"2021";"23:50";"3";"76";"76580";"1";"2";"1";"6";"Rue du Bout d'Amont";"49,5420480000";"1,1963080000"
"202100050097";"27";"02";"2021";"15:40";"1";"82";"82004";"1";"1";"1";"6";"Lieu dit costes haut";"44,0144360000";"0,9527060000"
"202100050098";"27";"02";"2021";"12:30";"1";"11";"11262";"1";"1";"1";"1";"rd 32";"43,1293500000";"3,0572890000"
"202100050099";"26";"02";"2021";"17:00";"1";"63";"63146";"1";"3";"1";"3";"D307 - D997";"45,7157800000";"3,3788000000"
"202100050100";"26";"02";"2021";"15:30";"1";"12";"12288";"2";"3";"1";"2";"Route de Marcillac - D204 - Nuces";"44,4474230000";"2,4420490000"
"202100050101";"24";"02";"2021";"17:30";"1";"39";"39434";"1";"1";"1";"1";"N/A";"46,8508290000";"5,7098440000"
"202100050102";"26";"02";"2021";"18:30";"1";"34";"34192";"1";"1";"1";"2";"D 986";"43,5386750000";"3,8998090000"
"202100050103";"26";"02";"2021";"07:10";"1";"38";"38229";"2";"1";"1";"3";"6 Avenue des 7 Laux";"45,2238790000";"5,7946340000"
"202100050104";"27";"02";"2021";"14:45";"1";"02";"02095";"2";"1";"1";"2";"Rue de Saint-quentin";"49,9822720000";"3,4528080000"
"202100050105";"23";"02";"2021";"08:15";"1";"26";"26337";"2";"1";"1";"2";"21 avenue du dauphinÃ©";"44,7038440000";"4,7994110000"
"202100050106";"27";"02";"2021";"12:35";"1";"14";"14371";"2";"4";"1";"3";"rue de Lisieux";"49,0061550000";"0,1507780000"
"202100050107";"26";"02";"2021";"07:30";"1";"09";"09223";"2";"1";"1";"6";"la coumÃ¨re";"42,8642680683";"1,2328940720"
"202100050108";"26";"02";"2021";"18:10";"1";"60";"60513";"2";"1";"1";"1";"Rue de Blaincourt";"49,2099427328";"2,3709797501"
"202100050109";"24";"02";"2021";"16:00";"1";"45";"45248";"2";"1";"1";"6";"Place de la Halle";"48,0479280000";"1,6954860000"
"202100050110";"27";"02";"2021";"16:50";"1";"21";"21139";"1";"3";"1";"3";"D977bis";"47,2888320000";"4,1711140000"
"202100050111";"26";"02";"2021";"21:00";"3";"21";"21411";"1";"1";"2";"6";"D23";"46,9865897625";"4,9364590293"
"202100050112";"27";"02";"2021";"14:45";"1";"24";"24142";"2";"3";"1";"1";"Route de Saint Georges";"44,8335660000";"0,9722530000"
"202100050113";"19";"02";"2021";"08:18";"1";"24";"24376";"1";"3";"1";"3";"pont rouge";"45,2067000000";"0,1546670000"
"202100050114";"16";"02";"2021";"10:30";"1";"24";"24156";"2";"3";"1";"6";"Les Versannes (Gare)";"45,0900850000";"0,8555840000"
"202100050115";"27";"02";"2021";"16:30";"1";"68";"68082";"1";"1";"1";"6";"autoroute A35";"47,8619520000";"7,3922970000"
"202100050116";"26";"02";"2021";"19:41";"3";"77";"77305";"1";"1";"1";"2";"A5 PK 34+650 SENS 1 direction Troyes";"48,3974430000";"2,9782230000"
"202100050117";"26";"02";"2021";"16:00";"1";"13";"13113";"2";"1";"7";"1";"Rue de la Touloubre";"43,5800140000";"5,4708110000"
"202100050118";"27";"02";"2021";"13:00";"1";"03";"03097";"1";"1";"1";"4";"A 71 - PK 299 +100 - Sens Clermont vers Paris";"46,3653800000";"2,7445440000"
"202100050119";"25";"02";"2021";"22:48";"3";"11";"11145";"1";"1";"8";"5";"Autoroute A9 PK 176.800 sens BEZIERS/NARBONNE";"43,2381530153";"3,1425619126"
"202100050120";"27";"02";"2021";"01:05";"3";"27";"27340";"1";"1";"1";"2";"Autoroute A13 PK 130.900 sens PARIS/Province";"49,3647210000";"0,8205710000"
"202100050121";"27";"02";"2021";"17:15";"2";"11";"11430";"1";"1";"7";"1";"DÃ©partementale 624";"43,2880070857";"1,9028019903"
"202100050122";"21";"01";"2021";"11:00";"1";"34";"34240";"1";"1";"1";"6";"Centre Commercial E. Leclerc (SupermarchÃ©)";"43,6516230000";"3,9805040000"
"202100050123";"25";"02";"2021";"16:00";"1";"13";"13060";"1";"1";"1";"7";"chemin de la guiramande - chemin DFCI";"43,4892490000";"5,4680370000"
"202100050124";"27";"02";"2021";"17:20";"1";"69";"69243";"2";"1";"1";"2";"RADISSON (R)";"45,8962990000";"4,4381730000"
"202100050125";"26";"02";"2021";"11:15";"1";"85";"85226";"2";"3";"1";"1";"Intersection Rue de la Touche / Avenue du Terre-Fort";"46,7162980000";" -1,9618590000"
"202100050126";"26";"02";"2021";"16:00";"1";"27";"27031";"1";"1";"1";"1";"Route de Sacquenville";"49,0596810000";"1,1002420000"
"202100050127";"27";"02";"2021";"15:30";"1";"76";"76743";"2";"1";"1";"6";"Rue Gadeau de Kerville";"49,5331610000";"0,9209360000"