"Num_Acc";"jour";"mois";"an";"hrmn";"lum";"dep";"com";"agg";"int";"atm";"col";"adr";"lat";"long"
"202100050128";"26";"02";"2021";"16:30";"1";"13";"13070";"1";"1";"1";"4";"A50-Sens Aubagne vers Marseille";"43,2851100000";"5,5177000000"
"202100050129";"25";"02";"2021";"16:08";"1";"13";"13055";"1";"1";"1";"3";"A507 sens Aubagne- Marseille";"43,2875452962";"5,4247310448"
"202100050130";"24";"02";"2021";"09:30";"1";"13";"13055";"1";"1";"1";"2";"A507 sens Aubagne- Marseille";"43,3304050000";"5,3884850000"
"202100050131";"25";"02";"2021";"18:22";"2";"83";"83144";"1";"1";"1";"3";"A57";"43,1434000000";"6,0142000000"
"202100050132";"25";"02";"2021";"17:10";"1";"69";"69040";"1";"1";"1";"4";"M6 ";"45,7993635023";"4,7752428817"
"202100050133";"25";"02";"2021";"20:00";"3";"59";"59044";"1";"1";"1";"2";"AUTOROUTE A27";"50,6025540000";"3,2336430000"
"202100050134";"26";"02";"2021";"14:30";"1";"94";"94034";"1";"1";"1";"2";"AUTOROUTE A86";"48,7602800000";"2,3209500000"
"202100050135";"26";"02";"2021";"16:50";"1";"78";"78291";"1";"1";"1";"2";"A13";"48,9652800000";"1,7561530000"
"202100050136";"26";"02";"2021";"13:40";"1";"78";"78133";"1";"1";"1";"4";"A13";"48,8909810000";"2,0095770000"
"202100050137";"26";"02";"2021";"11:45";"1";"92";"92025";"1";"1";"1";"2";"A86";"48,9204600000";"2,2249000000"
"202100050138";"25";"02";"2021";"15:40";"1";"78";"78133";"1";"1";"1";"4";"A13";"48,8919010000";"2,0090140000"
"202100050139";"26";"02";"2021";"10:30";"1";"93";"93064";"1";"1";"1";"2";"AUTOROUTE A86";"48,8840600000";"2,4715500000"
"202100050140";"26";"02";"2021";"08:30";"1";"95";"95151";"1";"1";"2";"6";"RN 104";"49,0639161254";"2,2654956870"
"202100050141";"24";"02";"2021";"19:30";"3";"974";"97411";"1";"1";"1";"1";"MONTAGNE (ROUTE DE LA)";" -20,8880760000";"55,4361400000"
"202100050142";"24";"02";"2021";"13:00";"1";"974";"97407";"1";"1";"1";"4";"OWENS JAMES";" -20,9355700000";"55,3275100000"
"202100050143";"24";"02";"2021";"14:20";"1";"974";"97407";"2";"6";"1";"3";"COMMUNE DE PARIS (AVENUE)";" -20,9422700000";"55,2918700000"
"202100050144";"25";"02";"2021";"11:25";"1";"973";"97302";"2";"9";"1";"3";"MADELEINE (ROUTE DE LA)";"4,9204000000";" -52,3211000000"
"202100050145";"25";"02";"2021";"23:40";"5";"69";"69388";"2";"2";"1";"1";"MARYSE BASTIE (R)";"45,7413200000";"4,8741700000"
"202100050146";"25";"02";"2021";"21:10";"5";"69";"69388";"2";"3";"1";"1";"VIENNE (DE) (RTE)";"45,7373100000";"4,8525500000"
"202100050147";"25";"02";"2021";"17:45";"1";"69";"69388";"2";"1";"1";"6";"PROFESSEUR RANVIER (DU) (R)";"45,7365500000";"4,8861100000"
"202100050148";"25";"02";"2021";"16:40";"1";"69";"69388";"2";"3";"1";"3";"JOSEPH CHAPELLE (R)";"45,7361563750";"4,8680073358"
"202100050149";"24";"02";"2021";"10:00";"1";"69";"69386";"2";"2";"1";"6";"BUGEAUD (R)";"45,7667000000";"4,8519600000"
"202100050150";"24";"02";"2021";"12:35";"1";"972";"97209";"2";"1";"1";"2";"FOLIE (ROUTE DE LA)";"14,6068400000";" -61,0665100000"
"202100050151";"23";"02";"2021";"16:00";"1";"972";"97209";"1";"1";"1";"5";"AUTOROUTE (A1)";"14,6147900000";" -61,0481600000"
"202100050152";"24";"02";"2021";"17:50";"1";"69";"69381";"2";"3";"1";"6";"CROIX PAQUET (PL)";"45,7702400000";"4,8363500000"
"202100050153";"25";"02";"2021";"18:20";"5";"2B";"2B033";"2";"9";"1";"3";"ROUTE ROYALE";"42,6770700000";"9,4347200000"
"202100050154";"25";"02";"2021";"14:30";"1";"91";"91477";"2";"1";"1";"1";"DIDEROT (BOULEVARD)";"48,7197300000";"2,2508300000"
"202100050155";"24";"02";"2021";"15:05";"1";"86";"86194";"2";"2";"1";"3";"Route de Parthenay";"46,5996000000";"0,3213000000"
"202100050156";"25";"02";"2021";"09:25";"1";"85";"85194";"2";"6";"1";"3";"RUE SIMONE VEIL";"46,4997200000";" -1,7565300000"
"202100050157";"16";"02";"2021";"22:00";"5";"83";"83129";"2";"1";"1";"2";"REPUBLIQUE (AVENUE DE LA)";"43,0924100000";"5,8406400000"
"202100050158";"25";"02";"2021";"08:10";"1";"83";"83069";"2";"9";"1";"6";"RENAUDEL (AVENUE PIERRE)";"43,1067000000";"6,1283000000"
"202100050159";"25";"02";"2021";"07:55";"2";"79";"79300";"2";"4";"8";"1";"Rue des Hauts Coteaux";"47,0097500000";" -0,2487300000"
"202100050160";"25";"02";"2021";"15:27";"1";"77";"77439";"1";"1";"1";"6";"D 403";"48,4171700000";"3,0099700000"
"202100050161";"25";"02";"2021";"04:55";"3";"77";"77186";"1";"1";"1";"2";"RD63E.  RD 607  Ã   RECLOSES";"48,3750000000";"2,6872600000"
"202100050162";"20";"02";"2021";"10:46";"1";"77";"77131";"1";"6";"1";"3";"D 934";"48,7979120221";"3,0947086151"
"202100050163";"16";"02";"2021";"11:40";"1";"76";"76540";"2";"2";"1";"3";"Boulevard de lâEurope";"49,4279600000";"1,0934100000"
"202100050164";"24";"02";"2021";"10:47";"1";"74";"74010";"2";"1";"1";"1";"BROGNY (AVENUE DE) (SECTEUR 410)";"45,9218685755";"6,1256021261"
"202100050165";"25";"02";"2021";"07:15";"1";"72";"72181";"2";"3";"1";"1";"DEGRE (RTE DE) NÂ° IMP DE 47 ET plus";"47,9959700000";"0,2075900000"
"202100050166";"21";"02";"2021";"17:30";"1";"71";"71497";"1";"1";"1";"6";"DIX-NEUF MARS 1962 (RUE DU)";"46,3372800000";"4,8506200000"
"202100050167";"25";"02";"2021";"08:45";"1";"69";"69029";"2";"2";"1";"3";"PAGERE (DE LA)  (R)";"45,7401200000";"4,9146200000"
"202100050168";"25";"02";"2021";"13:50";"1";"69";"69013";"2";"1";"1";"2";"RN6 (CHARTONNIERE)";"46,0024775635";"4,7194701842"
"202100050169";"24";"02";"2021";"15:00";"1";"66";"66136";"2";"1";"1";"6";"JULIEN PANCHOT (AVENUE)";"42,6897800000";"2,8790500000"
"202100050170";"25";"02";"2021";"08:15";"1";"64";"64348";"2";"6";"1";"3";"MARCEL DASSAULT";"43,3011300000";" -0,4102900000"
"202100050171";"25";"02";"2021";"17:55";"1";"64";"64102";"2";"1";"1";"3";"AQUITAINE (AVENUE DE L')";"43,4867800000";" -1,4681300000"
"202100050172";"24";"02";"2021";"13:40";"1";"62";"62040";"2";"1";"1";"6";"CHOCHOY (AVE BERNARD ....NÂ°13 et plus)";"50,7271750000";"2,2936620000"
"202100050173";"24";"02";"2021";"16:40";"1";"60";"60175";"2";"1";"1";"2";"RD 201_ACCES 201 PAR BD S.ALLENDE";"49,2491600000";"2,4575000000"
"202100050174";"25";"02";"2021";"09:30";"1";"59";"59352";"1";"1";"1";"3";"GAVRE (CHEMIN)";"50,7317820000";"3,0488350000"
"202100050175";"24";"02";"2021";"16:45";"1";"59";"59178";"2";"2";"1";"5";"GLACIS (RUE DES)";"50,3627500000";"3,0841900000"
"202100050176";"19";"02";"2021";"04:30";"5";"56";"56260";"2";"3";"1";"6";"NORMANDIE (RUE DE)";"47,6465900000";" -2,7839800000"
"202100050177";"25";"02";"2021";"00:30";"4";"56";"56098";"1";"1";"1";"6";"MALACHAPPE (LIEU-DIT)";"47,7737900000";" -3,3101000000"
"202100050178";"24";"02";"2021";"21:40";"5";"56";"56121";"2";"2";"1";"2";"MERVILLE (RUE  JEAN DE )";"47,7451000000";" -3,3746800000"
"202100050179";"24";"02";"2021";"18:05";"1";"56";"56083";"2";"1";"1";"7";"KERORBEN (RUE  DE )";"47,8011500000";" -3,2714200000"
"202100050180";"2";"02";"2021";"12:20";"1";"50";"50218";"2";"3";"2";"4";"CORSAIRES (RUE AUX)";"48,8384460000";" -1,5989830000"
"202100050181";"20";"02";"2021";"23:28";"5";"49";"49007";"2";"1";"1";"6";"HAUTE CHAINE PORTE";"47,4781330619";" -0,5551716685"
"202100050182";"19";"02";"2021";"22:10";"5";"49";"49007";"2";"1";"1";"3";"PYRAMIDE ROUTE";"47,4518864178";" -0,5219686031"
"202100050183";"25";"02";"2021";"14:10";"1";"45";"45284";"1";"1";"1";"2";"D2060-PR 91 + 490";"47,9249500000";"1,9794700000"
"202100050184";"25";"02";"2021";"14:24";"1";"45";"45234";"2";"1";"1";"3";"Avenue de lâHopital";"47,8387566918";"1,9251647155"
"202100050185";"23";"02";"2021";"17:30";"1";"44";"44184";"1";"1";"1";"4";"RD 213";"47,2858100000";" -2,2576800000"
"202100050186";"15";"02";"2021";"19:45";"3";"44";"44020";"1";"1";"1";"2";"PERIPHERIQUE";"47,1626000000";" -1,5622000000"
"202100050187";"24";"02";"2021";"11:05";"1";"44";"44162";"2";"1";"1";"6";"RUE DE LA MAISON NEUVE";"47,2314000000";" -1,6448600000"
"202100050188";"25";"02";"2021";"14:30";"1";"37";"37261";"2";"1";"1";"6";"MIRABEAU (PONT)";"47,3985863492";"0,6998610713"
"202100050189";"24";"02";"2021";"10:58";"1";"37";"37261";"2";"2";"1";"6";"GALPIN THIOU (RUE)";"47,3835975546";"0,6961987280"
"202100050190";"25";"02";"2021";"16:20";"1";"33";"33192";"2";"3";"1";"3";"AllÃ©e Fernand Lataste";"44,7780400000";" -0,6041600000"
"202100050191";"25";"02";"2021";"13:45";"1";"33";"33063";"2";"3";"1";"1";"Cours dâAlbret";"44,8372400000";" -0,5811900000"
"202100050192";"25";"02";"2021";"11:00";"1";"33";"33550";"2";"1";"1";"3";"Route de Toulouse";"44,7919790000";" -0,5671580000"
"202100050193";"25";"02";"2021";"14:45";"1";"30";"30007";"2";"1";"1";"6";"CHAPTAL ( QUAI MAX )";"44,1249000000";"4,0708200000"
"202100050194";"24";"02";"2021";"11:10";"1";"27";"27229";"2";"1";"1";"1";"QUATORZE JUILLET (BOULEVARD)";"49,0119800000";"1,1684200000"
"202100050195";"23";"02";"2021";"08:25";"1";"21";"21054";"2";"1";"1";"6";"2 Boulevard MarÃ©chal Foch";"47,0278960000";"4,8375720000"
"202100050196";"24";"02";"2021";"20:30";"5";"13";"13077";"2";"1";"1";"3";"TURENNE (rue)";"43,4027649791";"4,9781420658"
"202100050197";"25";"02";"2021";"15:25";"1";"13";"13205";"2";"2";"1";"3";"FERRARI (RUE)";"43,2928926270";"5,3929338832"
"202100050198";"25";"02";"2021";"07:00";"1";"13";"13214";"2";"1";"8";"4";"SAINTE MARTHE (chemin)";"43,3275750000";"5,3877280000"
"202100050199";"25";"02";"2021";"19:50";"5";"13";"13047";"2";"3";"1";"3";"CORNICHE DE SUFFREN";"43,5048500000";"4,9968300000"
"202100050200";"24";"02";"2021";"16:30";"1";"13";"13047";"2";"1";"1";"3";"Boulevard Dethez";"43,5118390000";"4,9836270000"
"202100050201";"24";"02";"2021";"15:45";"1";"13";"13005";"2";"9";"1";"5";"RN 8";"43,2863400000";"5,5869100000"
"202100050202";"25";"02";"2021";"18:30";"5";"13";"13001";"2";"1";"1";"2";"GIONO JEAN (AV)";"43,5143430961";"5,4388183355"
"202100050203";"25";"02";"2021";"06:39";"5";"13";"13001";"2";"1";"1";"6";"DIOULOUFET JOSEPH (RUE)";"43,5288838629";"5,4176920449"
"202100050204";"24";"02";"2021";"14:38";"1";"10";"10333";"2";"1";"1";"6";"MARECHAL LECLERC (RUE DU)";"48,2819400000";"4,0593200000"
"202100050205";"24";"02";"2021";"16:10";"1";"06";"06027";"2";"1";"1";"2";"PLAGE BOULEVARD DE LA";"43,6528100000";"7,1550400000"
"202100050206";"23";"02";"2021";"09:25";"1";"06";"06027";"2";"3";"1";"2";"PASSAU RUE DE";"43,6639200000";"7,1524000000"
"202100050207";"24";"02";"2021";"19:10";"5";"75";"75112";"2";"1";"1";"7";"ECHANGEUR BERCY";"48,8283530000";"2,3975960000"
"202100050208";"24";"02";"2021";"14:55";"1";"75";"75120";"2";"1";"1";"3";"BOULEVARD PERIPHERIQUE INTERIEUR SUD";"48,8477777646";"2,4142616987"
"202100050209";"25";"02";"2021";"10:00";"1";"75";"75120";"2";"1";"1";"3";"RUE OLIVIER METRA";"48,8720840000";"2,3949430000"
"202100050210";"24";"02";"2021";"19:20";"5";"75";"75119";"2";"7";"1";"7";"PLACE AUGUSTE BARON";"48,9009566236";"2,3872920871"
"202100050211";"24";"02";"2021";"14:56";"1";"75";"75119";"2";"2";"1";"4";"AVENUE DE LA PORTE CHAUMONT";"48,8863400000";"2,3953010000"
"202100050212";"25";"02";"2021";"16:00";"1";"75";"75118";"2";"1";"1";"6";"RUE CUSTINE";"48,8896770000";"2,3433620000"
"202100050213";"24";"02";"2021";"22:15";"5";"75";"75118";"2";"2";"1";"3";"RUE ETEX";"48,8900680000";"2,3292910000"
"202100050214";"25";"02";"2021";"11:20";"1";"75";"75117";"2";"2";"1";"3";"AVENUE DES TERNES";"48,8803550000";"2,2867930000"
"202100050215";"25";"02";"2021";"12:10";"1";"75";"75117";"2";"1";"1";"3";"AVENUE DES TERNES";"48,8803040000";"2,2869950000"
"202100050216";"22";"02";"2021";"13:30";"1";"75";"75116";"2";"2";"8";"3";"ROUTE DE LA PTE DAUPHINE A LA PTE DES SA";"48,8749250000";"2,2711040000"
"202100050217";"25";"02";"2021";"08:40";"1";"75";"75115";"2";"2";"1";"7";"RUE DE LA CONVENTION";"48,8372350000";"2,2964330000"
"202100050218";"24";"02";"2021";"16:15";"1";"75";"75113";"2";"1";"1";"6";"BOULEVARD DE L HOPITAL";"48,8387593094";"2,3609132993"
"202100050219";"24";"02";"2021";"15:40";"1";"75";"75113";"2";"2";"1";"3";"QUAI DE LA GARE";"48,8374000000";"2,3738510000"
"202100050220";"25";"02";"2021";"08:00";"1";"75";"75112";"2";"3";"1";"2";"AVENUE DAUMESNIL";"48,8342050000";"2,4107620000"
"202100050221";"25";"02";"2021";"12:55";"1";"75";"75110";"2";"1";"1";"3";"AVENUE CLAUDE VELLEFAUX";"48,8773440000";"2,3702960000"
"202100050222";"25";"02";"2021";"15:40";"1";"75";"75101";"2";"2";"1";"3";"BOULEVARD DE SEBASTOPOL";"48,8634020000";"2,3509510000"
"202100050223";"25";"02";"2021";"11:00";"1";"94";"94081";"2";"6";"1";"3";"HENRI BARBUSSE (AV)";"48,7925500000";"2,3873900000"
"202100050224";"25";"02";"2021";"09:20";"1";"94";"94067";"2";"1";"1";"4";"Avenue Daumesnil";"48,8338570000";"2,4127050000"
"202100050225";"25";"02";"2021";"12:05";"1";"94";"94017";"2";"9";"1";"3";"Avenue Roger Salengro";"48,8171860000";"2,4973220000"
"202100050226";"25";"02";"2021";"18:50";"5";"94";"94022";"2";"1";"1";"2";"ALLIES (BD DES)";"48,7649920000";"2,4049000000"
"202100050227";"25";"02";"2021";"14:20";"1";"94";"94077";"2";"1";"1";"7";"GAMBETTA (AV)";"48,7288800000";"2,4283500000"
"202100050228";"25";"02";"2021";"12:00";"1";"94";"94079";"2";"1";"1";"2";"ANDRE ROUY (R)";"48,8221200000";"2,5539600000"
"202100050229";"25";"02";"2021";"13:30";"1";"93";"93064";"2";"1";"1";"2";"PERI (BOULEVARD GABRIEL)  0 - 37 / 42";"48,8778738953";"2,4743745582"
"202100050230";"25";"02";"2021";"18:30";"5";"93";"93048";"2";"2";"1";"3";"VICTOR BEAUSSE (RUE)";"48,8667164873";"2,4451259719"
"202100050231";"25";"02";"2021";"12:15";"1";"93";"93031";"2";"1";"1";"6";"REPUBLIQUE (AVENUE)";"48,9499600000";"2,3283600000"
"202100050232";"25";"02";"2021";"10:05";"1";"93";"93031";"2";"1";"1";"6";"DE LATTRE DE TASSIGNY (1 A 51)";"48,9529100000";"2,3156400000"
"202100050233";"25";"02";"2021";"19:00";"2";"93";"93029";"2";"9";"1";"6";"JULES GUESDE";"48,9185125016";"2,4618333578"
"202100050234";"25";"02";"2021";"08:08";"1";"93";"93008";"2";"1";"1";"3";"PARIS (RUE DE)";"48,8998599135";"2,4489566883"
"202100050235";"25";"02";"2021";"14:40";"1";"93";"93005";"2";"1";"1";"2";"JEAN CHARCOT [CD115] (RUE)";"48,9330279198";"2,4892441208"
"202100050236";"25";"02";"2021";"12:15";"1";"93";"93005";"2";"3";"1";"3";"MITRY [CD115] (ROUTE DE)";"48,9482775197";"2,5136463541"
"202100050237";"25";"02";"2021";"16:00";"1";"92";"92078";"2";"3";"1";"7";"CHARLES DE GAULLE (BD)(72 AU 308)";"48,9400592270";"2,3239110976"
"202100050238";"24";"02";"2021";"09:35";"1";"92";"92051";"2";"1";"1";"3";"CHARLES DE GAULLE (AVENUE, NÂ° 18 A 116)";"48,8818900000";"2,2687200000"
"202100050239";"25";"02";"2021";"08:10";"1";"92";"92020";"2";"9";"1";"3";"ESTIENNE D'ORVES RUE D'";"48,7991729134";"2,2867501708"
"202100050240";"25";"02";"2021";"19:49";"5";"92";"92025";"2";"2";"1";"2";"PAUL BERT (RUE)";"48,9273809396";"2,2470125556"
"202100050241";"25";"02";"2021";"11:45";"1";"92";"92024";"2";"3";"1";"3";"PIERRE BEREGOVOY (RUE)";"48,9015325937";"2,2944340110"
"202100050242";"25";"02";"2021";"17:40";"1";"92";"92012";"2";"3";"1";"6";"DESFEUX (AVENUE)";"48,8328842533";"2,2413929504"
"202100050243";"21";"01";"2021";"15:00";"1";"92";"92004";"2";"3";"8";"6";"BRETAGNE ( RUE DE )";"48,9053537495";"2,2826985269"
"202100050244";"24";"02";"2021";"16:10";"1";"17";"17438";"1";"1";"1";"7";"Rue des Fleurettes";"45,5595120000";" -0,6195260000"
"202100050245";"26";"02";"2021";"09:54";"1";"54";"54371";"1";"1";"2";"6";"AUTOROUTE A4 ";"49,1993792000";"5,9324965000"
"202100050246";"24";"02";"2021";"15:25";"1";"28";"28006";"1";"6";"1";"2";"N123";"48,4362480000";"1,4310980000"
"202100050247";"26";"02";"2021";"03:50";"3";"62";"62060";"1";"1";"5";"6";"D938";"50,2231860000";"2,0801990000"
"202100050248";"26";"02";"2021";"12:00";"1";"56";"56224";"1";"1";"1";"7";"D147 LEZERAN";"47,7940610000";" -2,3145480000"
"202100050249";"24";"02";"2021";"11:45";"1";"56";"56157";"1";"2";"1";"3";"Le petit Kerhorno";"47,7983350000";" -2,7293140000"
"202100050250";"25";"02";"2021";"16:05";"1";"74";"74299";"2";"1";"1";"6";"Rte de Menthon";"45,8742120000";"6,1823310000"
"202100050251";"21";"02";"2021";"15:35";"1";"67";"67165";"1";"1";"9";"1";"D993";"48,5144560000";"7,1570120000"
"202100050252";"26";"02";"2021";"15:05";"1";"76";"76254";"2";"1";"1";"6";"Avenue George V";"49,7070050000";"0,2055640000"
"202100050253";"20";"02";"2021";"13:45";"1";"55";"55500";"2";"1";"1";"4";"D618";"49,3244720000";"5,6621650000"
"202100050254";"25";"02";"2021";"15:05";"1";"55";"55359";"2";"9";"1";"6";"1 Rue de la Liberation";"48,5763990000";"5,2469020000"
"202100050255";"25";"02";"2021";"13:40";"1";"49";"49180";"1";"2";"1";"3";"Lieu-dit d'Athee - CD 79";"47,3944060000";" -0,1012910000"
"202100050256";"25";"02";"2021";"16:00";"1";"49";"49018";"2";"7";"1";"7";"5 Rue de la GirouardiÃ¨re";"47,5408920000";" -0,1048030000"
"202100050257";"25";"02";"2021";"17:10";"1";"42";"42034";"1";"1";"1";"1";"D24";"45,8455580000";"3,7657090000"
"202100050258";"26";"02";"2021";"14:00";"1";"44";"44063";"1";"2";"1";"3";"La Drouetterie";"47,0802450000";" -1,1907720000"
"202100050259";"25";"02";"2021";"18:00";"1";"73";"73154";"2";"1";"1";"1";"D64 Rte de la Foret";"45,6655820000";"6,3450070000"
"202100050260";"26";"02";"2021";"04:30";"3";"10";"10063";"1";"1";"1";"7";"D443";"48,3674840000";"4,5320960000"
"202100050261";"26";"02";"2021";"12:50";"1";"10";"10033";"2";"1";"2";"3";"Boulevard de la RÃ©publique";"48,2304440000";"4,7083070000"
"202100050262";"25";"02";"2021";"14:00";"1";"36";"36220";"1";"1";"1";"7";"N/A";"46,6281940000";"1,4159810000"
"202100050263";"26";"02";"2021";"15:30";"1";"36";"36189";"1";"1";"1";"6";"Le Coudray";"46,5505340000";"1,8115590000"
"202100050264";"24";"02";"2021";"21:15";"3";"07";"07181";"1";"1";"1";"3";"Route de PRIVAS, DÃ©partemantale 104";"44,7590460000";"4,7444740000"
"202100050265";"25";"02";"2021";"19:40";"3";"21";"21381";"1";"1";"1";"6";"D70";"47,3922490000";"4,4833450000"
"202100050266";"25";"02";"2021";"17:45";"1";"40";"40209";"1";"3";"1";"1";"rue du 8 mai 1945";"43,5550330000";" -1,4309160000"
"202100050267";"13";"02";"2021";"15:50";"1";"30";"30352";"2";"1";"1";"6";"337 Route d'AlÃ¨s";"43,7926690000";"4,0870680000"
"202100050268";"25";"02";"2021";"18:50";"2";"24";"24054";"2";"3";"1";"3";"Chemin communal 3";"44,7559940000";"0,5333840000"
"202100050269";"25";"02";"2021";"22:45";"3";"03";"03297";"1";"1";"1";"6";"A71";"46,5295913324";"2,5628823513"
"202100050270";"26";"02";"2021";"18:25";"2";"06";"06152";"1";"1";"1";"7";"Route du Parc";"43,6106550000";"7,0488240000"
"202100050271";"26";"02";"2021";"10:45";"1";"68";"68253";"1";"1";"1";"6";"A36 pk 117.600";"47,7808160000";"7,4927670000"
"202100050272";"24";"02";"2021";"17:10";"1";"57";"57467";"1";"4";"1";"6";"Intersection A315/A4";"49,1406530000";"6,2464790000"
"202100050273";"25";"02";"2021";"08:20";"1";"69";"69043";"1";"1";"1";"3";"BRIGNAIS (DE) (RTE)";"45,7053298331";"4,7677874565"
"202100050274";"15";"02";"2021";"17:45";"2";"971";"97103";"1";"1";"1";"2";"N2";"16,2558990000";" -61,6012220000"
"202100050275";"25";"02";"2021";"21:45";"3";"27";"27351";"1";"1";"8";"2";"autoroute A13, pk099+380 vers Rouen";"49,2521730000";"1,1671260000"
"202100050276";"25";"02";"2021";"17:15";"1";"971";"97119";"1";"1";"1";"2";"Clugny";"16,3968180000";" -61,4841060000"
"202100050277";"24";"02";"2021";"19:10";"3";"971";"97117";"1";"1";"1";"6";"D101";"16,3347410000";" -61,3592260000"
"202100050278";"24";"02";"2021";"17:20";"1";"63";"63200";"2";"6";"1";"3";"place de la fontaine";"45,8392960000";"3,2154460000"
"202100050279";"26";"02";"2021";"18:52";"2";"69";"69003";"2";"1";"1";"1";"GENERAL DE GAULLE (Q)";"45,8730630000";"4,8349010000"
"202100050280";"18";"02";"2021";"10:30";"1";"33";"33494";"1";"1";"1";"5";"route de lacanau";"44,9428860000";" -0,8409260000"
"202100050281";"25";"02";"2021";"23:00";"3";"29";"29032";"1";"1";"1";"6";"D34 - Route du Drennec";"47,9027070000";" -4,0786740000"
"202100050282";"26";"02";"2021";"10:25";"1";"59";"59571";"2";"1";"1";"5";"Rue Georges ClÃ©menceau";"50,1859360000";"3,4971440000"
"202100050283";"24";"02";"2021";"16:30";"1";"59";"59252";"1";"3";"1";"3";"D945";"50,7196290000";"2,9392260000"
"202100050284";"24";"02";"2021";"18:00";"1";"13";"13071";"1";"1";"1";"2";"A7-Sens Lyon vers Marseille";"43,4059320000";"5,3225950000"
"202100050285";"25";"02";"2021";"17:48";"1";"13";"13055";"1";"1";"1";"4";"A507 sens Marseille - Aubagne";"43,3299060000";"5,3945700000"
"202100050286";"24";"02";"2021";"16:30";"1";"13";"13055";"1";"1";"1";"2";"A507 sens Aubagne- Marseille";"43,3298240000";"5,4122280000"
"202100050287";"24";"02";"2021";"17:50";"1";"67";"67152";"1";"1";"1";"4";"M35";"48,5225700000";"7,6411900000"
"202100050288";"25";"02";"2021";"10:10";"1";"91";"91589";"1";"1";"1";"5";"AUTOROUTE A6";"48,6792700000";"2,3340600000"
"202100050289";"25";"02";"2021";"09:45";"1";"94";"94038";"1";"1";"1";"3";"AUTOROUTE A6B";"48,7845000000";"2,3470000000"
"202100050290";"25";"02";"2021";"06:53";"3";"91";"91064";"1";"1";"1";"2";"RN 118";"48,7492600000";"2,2120300000"
"202100050291";"25";"02";"2021";"06:20";"3";"94";"94034";"1";"1";"1";"3";"AUTOROUTE A86";"48,7558000000";"2,3423000000"
"202100050292";"25";"02";"2021";"06:30";"5";"75";"75116";"1";"1";"1";"2";"A13W";"48,8483770000";"2,2473590000"
"202100050293";"24";"02";"2021";"17:20";"1";"92";"92036";"1";"1";"1";"2";"A86";"48,9348439651";"2,2672648297"
"202100050294";"25";"02";"2021";"08:50";"1";"93";"93078";"1";"1";"1";"4";"AUTOROUTE A104";"48,9676800000";"2,5108000000"
"202100050295";"25";"02";"2021";"03:00";"3";"95";"95252";"1";"1";"1";"6";"A115";"48,9867419467";"2,2424224657"
"202100050296";"25";"02";"2021";"08:45";"1";"94";"94028";"1";"1";"1";"4";"A86 EXT";"48,7857570000";"2,4403200000"
"202100050297";"25";"02";"2021";"08:30";"1";"77";"77083";"1";"1";"1";"4";"A4.W";"48,8310075078";"2,6062787316"
"202100050298";"24";"02";"2021";"14:00";"1";"974";"97416";"1";"1";"1";"3";"Chemin Neuf";" -21,2914100000";"55,4708000000"
"202100050299";"24";"02";"2021";"16:40";"1";"974";"97411";"2";"1";"1";"3";"Rue des Jacinthes";" -20,9101100000";"55,4849300000"
"202100050300";"24";"02";"2021";"22:20";"5";"69";"69388";"2";"2";"1";"3";"JEAN SARRAZIN (R)";"45,7315900000";"4,8670900000"
"202100050301";"24";"02";"2021";"18:05";"1";"69";"69199";"1";"3";"1";"3";"FRERES PERRET (AV)";"45,6813239620";"4,8482644558"
"202100050302";"24";"02";"2021";"13:20";"1";"69";"69383";"2";"2";"1";"3";"RABELAIS (R)";"45,7627900000";"4,8461300000"
"202100050303";"24";"02";"2021";"07:30";"1";"69";"69386";"2";"5";"1";"3";"VITTON (CR)";"45,7699200000";"4,8571400000"
"202100050304";"23";"02";"2021";"12:05";"1";"972";"97213";"1";"1";"7";"2";"AUTOROUTE A1";"14,6181200000";" -61,0276600000"
"202100050305";"24";"02";"2021";"09:05";"1";"69";"69384";"2";"3";"1";"7";"ESSES (DES) (MO)";"45,7719800000";"4,8158800000"
"202100050306";"23";"02";"2021";"07:30";"1";"69";"69385";"2";"1";"8";"7";"CHOULANS (DE) (MO)";"45,7523441541";"4,8162854219"
"202100050307";"24";"02";"2021";"13:35";"1";"91";"91421";"2";"2";"1";"3";"CHARLES DE GAULLE (AVENUE)";"48,6964400000";"2,4567600000"
"202100050308";"24";"02";"2021";"13:30";"1";"91";"91514";"2";"1";"1";"6";"RUE DE JARCY";"48,6745200000";"2,5311400000"
"202100050309";"22";"02";"2021";"16:55";"1";"91";"91201";"2";"1";"1";"7";"RUE DE RIS";"48,6634440000";"2,4181420000"
"202100050310";"24";"02";"2021";"15:25";"1";"91";"91687";"2";"1";"7";"6";"DU MERIDIEN (QUARTIER)";"48,6566500000";"2,3732300000"
"202100050311";"23";"02";"2021";"07:50";"1";"86";"86194";"2";"9";"1";"3";"Avenue du 11 Novembre";"46,5673030000";"0,3658320000"
"202100050312";"4";"01";"2021";"07:55";"2";"82";"82121";"2";"1";"1";"6";"CHROL (AVENUE DU PERE LEONID)";"44,0100300000";"1,3747100000"
"202100050313";"24";"02";"2021";"17:50";"1";"81";"81004";"2";"1";"1";"7";"ROCADE RN88 SUD";"43,9113678657";"2,1402179174"
"202100050314";"20";"02";"2021";"09:05";"1";"80";"80131";"1";"1";"1";"4";"CD 4935";"49,8639600000";"2,3497800000"
"202100050315";"24";"02";"2021";"12:10";"1";"79";"79191";"2";"3";"1";"3";"Rue du 14 Juillet";"46,3222300000";" -0,4568500000"
"202100050316";"24";"02";"2021";"14:10";"1";"78";"78551";"2";"1";"1";"4";"RN 13";"48,8979500000";"2,0767900000"