"Num_Acc";"jour";"mois";"an";"hrmn";"lum";"dep";"com";"agg";"int";"atm";"col";"adr";"lat";"long"
"202100050502";"23";"02";"2021";"13:15";"1";"92";"92019";"2";"1";"1";"6";"SALENGRO ROGER (RUE)";"48,7722763902";"2,2752709687"
"202100050503";"17";"02";"2021";"14:30";"1";"35";"35167";"1";"1";"1";"1";"Le Bas Boulay";"47,8716000000";" -1,3406360000"
"202100050504";"24";"02";"2021";"04:45";"5";"28";"28334";"1";"1";"1";"6";"D31";"48,0905070000";"1,2397810000"
"202100050505";"23";"02";"2021";"10:15";"1";"28";"28088";"1";"9";"1";"2";"D955";"48,0865510000";"1,3098410000"
"202100050506";"23";"02";"2021";"23:35";"3";"52";"52365";"1";"1";"1";"2";"A5";"48,0587790000";"4,9534610000"
"202100050507";"23";"02";"2021";"15:39";"1";"87";"87203";"1";"1";"1";"6";"autoroute A 20 PK 205+100";"45,6743430000";"1,3791920000"
"202100050508";"23";"02";"2021";"21:30";"3";"38";"38115";"1";"1";"1";"3";"D110";"44,9847290000";"5,6475090000"
"202100050509";"24";"02";"2021";"10:35";"1";"74";"74299";"2";"3";"1";"6";"D909";"45,8811040000";"6,1790240000"
"202100050510";"23";"02";"2021";"13:54";"1";"82";"82025";"1";"2";"1";"3";"Route de Montech";"43,9578350000";"1,2866560000"
"202100050511";"24";"02";"2021";"10:40";"1";"61";"61007";"1";"1";"1";"7";"Lieu Dit le Pont aux Malades";"48,8090640000";" -0,4224260000"
"202100050512";"23";"02";"2021";"15:25";"1";"49";"49222";"1";"3";"1";"1";"D160";"47,3495380000";" -0,5760740000"
"202100050513";"23";"02";"2021";"13:50";"1";"68";"68073";"2";"3";"1";"1";"11 Rue des PrÃ©s (Pont)";"47,8054090000";"6,9359830000"
"202100050514";"23";"02";"2021";"17:45";"1";"22";"22347";"1";"2";"1";"3";"Rue de Traou Meur";"48,7835402258";" -3,2043600082"
"202100050515";"21";"02";"2021";"16:30";"1";"25";"25611";"1";"1";"1";"7";"D143";"47,2092850000";"6,0522760000"
"202100050516";"23";"02";"2021";"15:10";"1";"44";"44211";"1";"2";"1";"3";"Rue Saint-Molf";"47,3765000000";" -2,4597790000"
"202100050517";"24";"02";"2021";"08:10";"1";"06";"06108";"2";"1";"1";"1";"Chemin de la LÃ©vade";"43,5731120000";"6,9416050000"
"202100050518";"24";"02";"2021";"15:15";"1";"14";"14103";"1";"1";"1";"7";"Route de Saon";"49,2561320000";" -0,8692700000"
"202100050519";"24";"02";"2021";"16:40";"1";"43";"43113";"1";"4";"7";"3";"D36";"45,0077170000";"3,9981220000"
"202100050520";"24";"02";"2021";"17:10";"1";"10";"10148";"1";"1";"1";"3";"PK 5+800, rd 442";"48,4628020000";"3,5856410000"
"202100050521";"24";"02";"2021";"11:50";"1";"10";"10318";"2";"1";"1";"3";"18 rue du grand prÃ©";"48,4121550000";"3,6656030000"
"202100050522";"23";"02";"2021";"11:00";"1";"16";"16016";"1";"2";"1";"3";"N/A";"46,0071190000";"0,6402840000"
"202100050523";"24";"02";"2021";"07:32";"1";"53";"53238";"1";"1";"1";"2";"DÃ©partementale 31";"48,4467250000";" -1,0189390000"
"202100050524";"24";"02";"2021";"17:23";"1";"53";"53109";"1";"1";"1";"7";"D160";"48,2942510000";" -0,4806630000"
"202100050525";"24";"02";"2021";"15:10";"1";"21";"21177";"1";"4";"1";"3";"D26";"47,3747600000";"4,4086800000"
"202100050526";"20";"02";"2021";"13:43";"1";"17";"17140";"2";"1";"1";"7";"2 Chemin Saint James";"45,8919680000";" -1,2735720000"
"202100050527";"23";"02";"2021";"16:50";"1";"08";"08003";"2";"1";"1";"6";"3 Avenue Arthur Rimbaud";"49,7748490000";"4,7636260000"
"202100050528";"23";"02";"2021";"22:50";"3";"03";"03118";"1";"1";"1";"6";"A71";"46,1103964532";"3,1361019500"
"202100050529";"24";"02";"2021";"06:51";"2";"77";"77001";"1";"1";"1";"3";"A6, PK 058+350 circulant vers province";"48,3596990000";"2,5764230000"
"202100050530";"24";"02";"2021";"10:45";"1";"973";"97303";"1";"1";"1";"7";"N1";"5,4298290000";" -53,0891990000"
"202100050531";"23";"02";"2021";"15:25";"1";"06";"06157";"2";"6";"1";"3";"M2210";"43,7231030000";"7,0827380000"
"202100050532";"15";"02";"2021";"13:20";"1";"13";"13081";"2";"1";"1";"1";"Avenue Charles de Gaulle";"43,4885950000";"5,2299000000"
"202100050533";"24";"02";"2021";"09:35";"1";"67";"67348";"1";"2";"1";"2";"D422";"48,4777860000";"7,4987800000"
"202100050534";"22";"02";"2021";"17:50";"1";"03";"03104";"1";"3";"1";"3";"Route de MontluÃ§on";"46,3344716976";"2,7850210655"
"202100050535";"23";"02";"2021";"12:30";"1";"50";"50139";"2";"6";"1";"3";"Rue d'Arganchy";"49,0576280000";" -1,0317490000"
"202100050536";"23";"02";"2021";"17:25";"1";"56";"56046";"1";"1";"1";"4";"Lieu Dit Le Braden";"47,6036710000";" -2,9930770000"
"202100050537";"23";"02";"2021";"17:00";"1";"35";"35006";"2";"3";"1";"6";"8 Rue des Sports";"48,0586780000";" -1,1533020000"
"202100050538";"22";"02";"2021";"11:30";"1";"13";"13117";"1";"1";"1";"2";"A7-Sens Lyon vers Marseille";"43,4439500000";"5,2446600000"
"202100050539";"18";"02";"2021";"08:25";"1";"67";"67152";"1";"1";"1";"4";"M83";"48,5288800000";"7,6940500000"
"202100050540";"23";"02";"2021";"15:00";"1";"93";"93053";"1";"1";"1";"2";" A3";"48,8929100000";"2,4727900000"
"202100050541";"23";"02";"2021";"08:00";"2";"95";"95018";"1";"1";"1";"5";" A15";"48,9509042212";"2,2798629853"
"202100050542";"23";"02";"2021";"01:30";"3";"95";"95151";"1";"1";"1";"6";"RN 104";"49,0627500000";"2,2747400000"
"202100050543";"23";"02";"2021";"01:55";"3";"95";"95678";"1";"1";"1";"6";"RN 184";"49,0729089475";"2,2286545153"
"202100050544";"22";"02";"2021";"18:00";"5";"93";"93066";"1";"1";"1";"3";"AUTOROUTE A1";"48,9121700000";"2,3578000000"
"202100050545";"22";"02";"2021";"17:30";"1";"93";"93027";"1";"1";"1";"2";"A1";"48,9381400000";"2,4144900000"
"202100050546";"22";"02";"2021";"19:00";"3";"93";"93078";"1";"1";"1";"3";"AUTOROUTE A104";"48,9581100000";"2,5309000000"
"202100050547";"22";"02";"2021";"13:15";"1";"95";"95424";"1";"1";"1";"2";" A15";"48,9942345585";"2,1846001560"
"202100050548";"22";"02";"2021";"08:40";"1";"93";"93007";"1";"1";"1";"4";"A1";"48,9492000000";"2,4469100000"
"202100050549";"23";"02";"2021";"07:30";"1";"77";"77514";"1";"1";"1";"6";"A104";"48,9413200000";"2,6285700000"
"202100050550";"22";"02";"2021";"12:50";"1";"94";"94017";"1";"1";"1";"4";"A4";"48,8266700000";"2,5162800000"
"202100050551";"22";"02";"2021";"07:45";"1";"77";"77249";"1";"1";"2";"3";"RN104";"48,7368615789";"2,6124278647"
"202100050552";"21";"02";"2021";"03:40";"5";"988";"98818";"2";"1";"1";"6";"RUE AUGUSTE BENEBIG";" -22,2680500000";"166,4623300000"
"202100050553";"21";"02";"2021";"22:00";"3";"976";"97611";"1";"1";"1";"6";"m'tsapere-Nationale 2 (route)";" -12,7939200000";"45,2188200000"
"202100050554";"22";"02";"2021";"07:45";"1";"974";"97416";"2";"6";"1";"3";"BASSIN PLAT(CHEMIN)";" -21,3260534549";"55,4918335357"
"202100050555";"18";"02";"2021";"20:20";"3";"974";"97416";"1";"1";"2";"6";"RN3 (3)";" -21,3234000000";"55,4746100000"
"202100050556";"21";"02";"2021";"12:50";"1";"974";"97407";"2";"1";"1";"3";"LAUDE E(RUE)";" -20,9372900000";"55,2993600000"
"202100050557";"21";"02";"2021";"22:18";"5";"973";"97302";"2";"1";"1";"7";"PREVOT (ERNEST)";"4,9319300723";" -52,3325503115"
"202100050558";"21";"02";"2021";"10:20";"1";"69";"69387";"2";"2";"1";"6";"GARIBALDI (R)";"45,7450877695";"4,8487409614"
"202100050559";"20";"02";"2021";"11:50";"1";"69";"69386";"2";"2";"1";"3";"BELLECOMBE (DE) (R)";"45,7681600000";"4,8631700000"
"202100050560";"20";"02";"2021";"10:30";"1";"69";"69034";"2";"2";"1";"6";"PIERRE TERRASSE                     (AV)";"45,7992600000";"4,8472700000"
"202100050561";"21";"02";"2021";"17:40";"1";"2A";"2A004";"1";"1";"1";"6";"ILES SANGUINAIRES ROUTE DES";"41,9010400000";"8,6169300000"
"202100050562";"21";"02";"2021";"13:25";"1";"95";"95197";"2";"1";"1";"1";"DIVISION LECLERC (AVENEU DE LA)";"48,9662736053";"2,3184714837"
"202100050563";"20";"02";"2021";"12:20";"1";"91";"91692";"2";"1";"1";"6";"CHAMPS LASNIERS (AVENUE)";"48,6845270000";"2,1694700000"
"202100050564";"21";"02";"2021";"16:50";"1";"83";"83137";"2";"1";"1";"1";"CAMUS (AVE ALBERT)";"43,1319900000";"5,8818900000"
"202100050565";"17";"02";"2021";"14:40";"1";"83";"83069";"2";"4";"1";"1";"ALMANARRE (ROUTE DE L')";"43,0920570000";"6,1298270000"
"202100050566";"21";"02";"2021";"03:25";"3";"83";"83050";"1";"1";"1";"6";"CHEMIN DE VILLENEUVE";"43,5142500000";"6,4202300000"
"202100050567";"21";"02";"2021";"16:45";"1";"77";"77186";"1";"1";"1";"2";"RD607 de Barbizon Ã  pavÃ© du roi";"48,4283100000";"2,6635000000"
"202100050568";"20";"02";"2021";"17:30";"1";"76";"76351";"2";"3";"1";"3";"GRAVILLE (BD DE)";"49,4951700000";"0,1497300000"
"202100050569";"20";"02";"2021";"17:46";"1";"76";"76351";"2";"1";"1";"2";"MALHERBE";"49,4993200000";"0,1395600000"
"202100050570";"22";"02";"2021";"11:45";"1";"72";"72181";"2";"9";"2";"3";"LECLERC GENERAL (AV) PAIRS 70 ET plus";"47,9967500000";"0,1932800000"
"202100050571";"21";"02";"2021";"16:40";"1";"71";"71076";"2";"2";"1";"1";"NIEPCE (AVENUE NICEPHORE)";"46,7790462131";"4,8499806043"
"202100050572";"21";"02";"2021";"12:10";"1";"69";"69266";"2";"1";"1";"3";"ANDRE PHILIP (CR)";"45,7724900000";"4,8637000000"
"202100050573";"22";"02";"2021";"07:40";"2";"64";"64122";"2";"2";"3";"3";"MARNE (AVENUE DE LA)";"43,4824000000";" -1,5444800000"
"202100050574";"21";"02";"2021";"14:00";"1";"62";"62193";"2";"6";"1";"3";"CLEMENCEAU (BOULEVARD G.)";"50,9549180000";"1,8503430000"
"202100050575";"19";"02";"2021";"15:05";"1";"58";"58194";"2";"3";"1";"6";"COLBERT";"46,9930300000";"3,1602400000"
"202100050576";"21";"02";"2021";"14:00";"1";"57";"57306";"1";"1";"1";"2";"RD 17 ";"49,3151000000";"6,0783000000"
"202100050577";"16";"02";"2021";"22:41";"3";"57";"57591";"1";"1";"2";"6";"RD181";"49,2395000000";"6,0672800000"
"202100050578";"22";"02";"2021";"13:50";"1";"51";"51454";"2";"2";"1";"3";"Rue Lieutenant Herduin";"49,2491529193";"4,0369893307"
"202100050579";"21";"02";"2021";"13:53";"1";"51";"51454";"2";"3";"1";"3";"Route de Witry";"49,2681695927";"4,0683715409"
"202100050580";"20";"02";"2021";"18:30";"2";"42";"42110";"2";"1";"1";"6";"Avenue Berthelot";"45,4937800000";"4,5597400000"
"202100050581";"20";"02";"2021";"15:10";"1";"34";"34129";"1";"1";"8";"5";"D116";"43,5612700000";"3,8668900000"
"202100050582";"5";"02";"2021";"17:30";"1";"33";"33281";"2";"6";"1";"6";"Rue du Logey";"44,8384392055";" -0,6616754821"
"202100050583";"22";"02";"2021";"09:08";"1";"29";"29039";"1";"2";"1";"6";"D122 - Rue Yves Trichard";"47,8779918281";" -3,8791138112"
"202100050584";"22";"02";"2021";"07:15";"3";"26";"26313";"1";"1";"2";"1";"LACRA ";"44,9614120000";"4,9469380000"
"202100050585";"21";"02";"2021";"16:30";"1";"13";"13214";"2";"1";"1";"3";"ANATOLE DE LA FORGE (BOULEVARD)";"43,3381530000";"5,3934130000"
"202100050586";"15";"02";"2021";"17:00";"1";"13";"13208";"2";"9";"1";"3";"RAYMOND TEISSERE (RUE)";"43,2707842745";"5,4004615545"
"202100050587";"20";"02";"2021";"13:40";"1";"13";"13028";"2";"4";"1";"3";"BODIN (AVENUE EMILE)";"43,1973700000";"5,5884700000"
"202100050588";"21";"02";"2021";"10:10";"1";"13";"13004";"2";"1";"1";"1";"AV STALINGRAD";"43,6835100000";"4,6329300000"
"202100050589";"20";"02";"2021";"10:55";"1";"13";"13001";"2";"1";"1";"1";"MIGNET (RUE)";"43,5319800000";"5,4508300000"
"202100050590";"19";"02";"2021";"10:50";"1";"11";"11262";"2";"1";"1";"5";"RD 6009 NARBONNE - BEZIERS";"43,1781500000";"2,9688600000"
"202100050591";"10";"02";"2021";"18:35";"1";"11";"11262";"2";"1";"1";"6";"AVENIR (PONT DE L')";"43,1798400000";"3,0173400000"
"202100050592";"5";"02";"2021";"10:48";"1";"11";"11262";"2";"6";"1";"7";"LONDRES (RUE DE)";"43,1751800000";"3,0035700000"
"202100050593";"21";"02";"2021";"11:17";"1";"10";"10343";"2";"2";"1";"3";"DIJON (RUE DE)";"48,2700000000";"4,0873900000"
"202100050594";"7";"02";"2021";"04:15";"5";"94";"94068";"2";"1";"2";"6";"GARE DE CHAMPIGNY (PL DE LA)";"48,8073700000";"2,5104400000"
"202100050595";"22";"02";"2021";"15:25";"1";"94";"94038";"2";"1";"1";"6";"TOURNELLES (R DES)";"48,7764900000";"2,3376900000"
"202100050596";"22";"02";"2021";"10:33";"1";"94";"94078";"2";"1";"1";"3";"HUIT MAI 1945 (AV DU)";"48,7269510000";"2,4451140000"
"202100050597";"22";"02";"2021";"16:05";"1";"94";"94053";"2";"2";"1";"1";"CONDORCET (R)";"48,7755400000";"2,5485500000"
"202100050598";"22";"02";"2021";"08:10";"1";"94";"94018";"2";"1";"1";"6";"Rue de la Republique";"48,8234000000";"2,4196700000"
"202100050599";"20";"02";"2021";"23:00";"3";"94";"94017";"1";"1";"1";"6";"ALLIES (BD DES)";"48,8297700000";"2,4915800000"
"202100050600";"22";"02";"2021";"20:05";"5";"94";"94071";"2";"4";"1";"2";"Rue du Grand Val";"48,7749700000";"2,5197500000"
"202100050601";"22";"02";"2021";"10:20";"1";"94";"94075";"2";"1";"8";"2";"LIEUTENANT DAGORNO (R DU)";"48,7218400000";"2,5335800000"
"202100050602";"22";"02";"2021";"17:03";"1";"93";"93059";"2";"1";"1";"6";"JEAN MERMOZ (NÂ°59 AU 185)";"48,9711500000";"2,3662200000"
"202100050603";"21";"02";"2021";"17:00";"1";"93";"93063";"2";"1";"1";"3";"NOISY ROUTE DE";"48,8931300000";"2,4379200000"
"202100050604";"22";"02";"2021";"09:25";"1";"93";"93032";"2";"1";"1";"6";"VERSAILLES (AVENUE DE, DU 30, IMPAIR DU";"48,8766500000";"2,5490300000"
"202100050605";"8";"01";"2021";"21:10";"5";"93";"93029";"2";"1";"1";"6";"REPUBLIQUE (DE LA) NÂ° 1-161";"48,9245838748";"2,4371305300"
"202100050606";"21";"02";"2021";"16:25";"1";"93";"93005";"2";"6";"1";"4";"JEAN MONET (CARREFOUR)";"48,9542281186";"2,5100585412"
"202100050607";"19";"02";"2021";"08:15";"1";"92";"92063";"2";"3";"2";"3";"VOLTAIRE (RUE)";"48,8736000000";"2,1954700000"
"202100050608";"22";"02";"2021";"14:14";"1";"92";"92050";"2";"7";"8";"6";"LENINE VLADIMIR ILITCH AVENUE";"48,8871498993";"2,1998615679"
"202100050609";"21";"02";"2021";"17:30";"1";"92";"92050";"2";"1";"1";"3";"CLEMENCEAU GEORGES AVENUE NÂ° PAIR";"48,8855910518";"2,2199289501"
"202100050610";"23";"02";"2021";"13:20";"1";"37";"37178";"1";"1";"1";"1";"N/A";"47,1359321419";"0,3746970892"
"202100050611";"23";"02";"2021";"15:45";"1";"37";"37077";"2";"1";"1";"6";"Rue du Breuil";"47,3445101160";"0,4577318430"
"202100050612";"23";"02";"2021";"13:54";"1";"08";"08133";"2";"1";"1";"3";"3 Rue de Rethel";"49,5084030000";"4,4562590000"
"202100050613";"23";"02";"2021";"18:50";"2";"54";"54008";"1";"1";"1";"2";" Autoroute A31";"48,5365092738";"5,9063409251"
"202100050614";"22";"02";"2021";"10:30";"1";"46";"46172";"1";"1";"1";"6";"Pech Pigueral";"44,3570950000";"1,4264500000"
"202100050615";"23";"02";"2021";"16:45";"1";"76";"76238";"1";"1";"1";"7";"Rue de Coupeauville";"49,5627030000";"0,2235780000"
"202100050616";"23";"02";"2021";"09:00";"1";"42";"42320";"1";"1";"1";"7";"Route de Saint Romain";"45,5513530000";"4,5178480000"
"202100050617";"22";"02";"2021";"23:45";"3";"85";"85065";"2";"1";"1";"1";"156 Rue des Rosiers";"46,8878490000";" -1,2523980000"
"202100050618";"22";"02";"2021";"16:30";"1";"51";"51254";"2";"1";"1";"7";"Route du Champagne";"48,6285193830";"3,6873284751"
"202100050619";"22";"02";"2021";"14:00";"1";"82";"82085";"1";"3";"2";"2";"D928 route d'Auch";"43,9791550000";"1,2892040000"
"202100050620";"19";"02";"2021";"17:00";"1";"33";"33394";"1";"2";"1";"3";"Lieu Dit le Rivallon";"44,8974100000";" -0,1845900000"
"202100050621";"21";"02";"2021";"15:35";"1";"89";"89404";"1";"1";"7";"2";"RD 660";"48,1717670000";"3,2167200000"
"202100050622";"23";"02";"2021";"15:35";"1";"63";"63003";"1";"2";"1";"3";"D38/VC";"45,5246790000";"3,7529790000"
"202100050623";"23";"02";"2021";"17:40";"1";"49";"49123";"2";"3";"1";"3";"Rue du PavÃ© de Riou";"47,2274230000";" -0,1172020000"
"202100050624";"20";"02";"2021";"17:40";"1";"86";"86160";"2";"1";"1";"3";"Carrefour Saint Jacques";"46,7762640000";"0,1892030000"
"202100050625";"22";"02";"2021";"16:10";"1";"22";"22055";"2";"1";"1";"6";"Boulevard Legris";"48,6242570000";" -2,8243980000"
"202100050626";"23";"02";"2021";"16:16";"1";"25";"25334";"1";"1";"7";"2";"D41";"46,9638390000";"6,1492970000"
"202100050627";"22";"02";"2021";"14:00";"1";"29";"29274";"1";"1";"1";"3";"D4 - Keranguen";"47,9867037281";" -3,7164592547"
"202100050628";"22";"02";"2021";"14:30";"1";"70";"70421";"2";"3";"1";"3";"Rue de la Rezelle";"47,6897820000";"6,0409190000"
"202100050629";"19";"02";"2021";"08:25";"1";"06";"06038";"2";"9";"1";"3";"Route d'Opio";"43,6762700000";"6,9754900000"
"202100050630";"22";"02";"2021";"19:30";"3";"43";"43018";"1";"1";"1";"7";"D589";"45,0049260000";"3,7630320000"
"202100050631";"21";"02";"2021";"16:25";"1";"07";"07055";"2";"9";"7";"3";"D11";"44,8546440000";"4,8382120000"
"202100050632";"21";"02";"2021";"11:05";"1";"21";"21505";"1";"1";"1";"3";"RD 980, PK 30+850";"47,3967480000";"4,3049990000"
"202100050633";"23";"02";"2021";"09:00";"1";"85";"85234";"1";"3";"1";"1";"Avenue d'Orouet";"46,7705120000";" -2,0056330000"
"202100050634";"23";"02";"2021";"16:00";"1";"27";"27065";"2";"1";"1";"1";"Av du 46 Royal Marine Commando";"49,3416570000";"0,3582630000"
"202100050635";"23";"02";"2021";"04:00";"3";"13";"13112";"2";"1";"1";"6";"Chemin du Moulin Neuf";"43,5156380000";"5,2467390000"
"202100050636";"23";"02";"2021";"06:20";"3";"34";"34135";"1";"1";"1";"4";"A9";"43,2598150000";"3,1678610000"
"202100050637";"21";"02";"2021";"17:40";"2";"21";"21171";"2";"6";"1";"6";"Boulevard Jan Pallach";"47,2929330000";"5,1305450000"
"202100050638";"23";"02";"2021";"13:45";"1";"2B";"2B042";"1";"1";"1";" -1";"Route territoriale 11";"42,5764700000";"9,4404750000"
"202100050639";"23";"02";"2021";"17:20";"1";"67";"67544";"1";"1";"1";"1";"D264";"49,0444650000";"7,9532860000"
"202100050640";"20";"02";"2021";"17:45";"5";"67";"67230";"2";"2";"1";"3";"Rue des Chasseurs";"48,7911836909";"7,8289377391"
"202100050641";"21";"02";"2021";"17:55";"1";"38";"38565";"1";"3";"1";"3";"Rue de Brandegaudiere";"45,2926940000";"5,6255900000"
"202100050642";"20";"02";"2021";"15:25";"1";"26";"26038";"1";"1";"1";"3";"2625 Route des Vignes";"45,0430160000";"4,9112640000"
"202100050643";"21";"02";"2021";"16:35";"1";"69";"69208";"1";"2";"1";"3";"D19";"45,8743520000";"4,6038270000"
"202100050644";"22";"02";"2021";"16:00";"1";"81";"81100";"1";"1";"1";"6";"D45";"43,4972150000";"1,9636180000"
"202100050645";"22";"02";"2021";"12:00";"1";"29";"29058";"2";"6";"1";"3";"D44 - Rond Point de Ker Elo";"47,8979779797";" -4,0144985187"
"202100050646";"23";"02";"2021";"17:00";"1";"27";"27188";"1";"1";"1";"1";"Route d'Elbeuf";"49,2994310000";"1,0798200000"
"202100050647";"21";"02";"2021";"14:50";"1";"59";"59139";"2";"1";"1";"6";"129 Rue Pasteur";"50,1179460000";"3,4143850000"
"202100050648";"21";"02";"2021";"17:20";"1";"83";"83027";"1";"1";"1";"2";"A50";"43,1939550000";"5,6895190000"
"202100050649";"22";"02";"2021";"08:38";"1";"33";"33550";"1";"1";"1";"4";"N/A";"44,7741200000";" -0,5562300000"
"202100050650";"20";"02";"2021";"09:40";"1";"59";"59234";"1";"1";"1";"6";"AUTOROUTE A21";"50,4034910000";"3,0482380000"
"202100050651";"19";"02";"2021";"18:45";"3";"59";"59234";"1";"1";"1";"2";"AUTOROUTE A21";"50,4028500000";"3,0574190000"
"202100050652";"19";"02";"2021";"16:05";"1";"59";"59566";"1";"1";"1";"2";"AUTOROUTE A25";"50,6184730000";"2,9774000000"
"202100050653";"22";"02";"2021";"06:50";"2";"78";"78423";"1";"1";"1";"5";"A12 W";"48,7821800000";"2,0309600000"
"202100050654";"22";"02";"2021";"22:30";"3";"95";"95582";"1";"1";"1";"6";"A15";"48,9647920226";"2,2609998281"
"202100050655";"22";"02";"2021";"08:20";"1";"94";"94058";"1";"1";"1";"6";"A86.EXT";"48,8463007176";"2,4922799620"
"202100050656";"20";"02";"2021";"16:20";"2";"75";"75115";"2";"2";"1";"3";"RUE ROBERT DE FLERS";"48,8501960000";"2,2848750000"
"202100050657";"21";"02";"2021";"18:40";"5";"75";"75111";"2";"2";"1";"3";"RUE MORAND";"48,8688410000";"2,3763050000"
"202100050658";"21";"02";"2021";"13:00";"1";"75";"75110";"2";"7";"1";"3";"BOULEVARD DE LA VILLETTE";"48,8784290000";"2,3700950000"
"202100050659";"21";"02";"2021";"17:45";"1";"94";"94056";"2";"1";"1";"6";"CHAUSSE DE L ETANG (R DE LA)";"48,6923900000";"2,5530840000"
"202100050660";"21";"02";"2021";"11:55";"1";"92";"92078";"2";"3";"1";"3";"MARC SANGNIER (AVENUE)";"48,9298017547";"2,3258229942"
"202100050661";"21";"02";"2021";"20:45";"5";"92";"92077";"2";"2";"1";"3";"SEVRES (RUE DE)";"48,8260119570";"2,1981760286"
"202100050662";"22";"02";"2021";"18:40";"1";"974";"97404";"1";"1";"1";"7";"Route des Sables";" -21,2790220000";"55,3623770000"
"202100050663";"21";"02";"2021";"12:35";"1";"83";"83086";"1";"1";"1";"6";"Piste l'Argile - G109 (Chemin)";"43,5391120000";"6,6208690000"
"202100050664";"20";"02";"2021";"14:20";"1";"83";"83004";"1";"1";"1";"2";"Dn7";"43,4426060000";"6,4616350000"
"202100050665";"22";"02";"2021";"05:10";"3";"63";"63450";"1";"1";"6";"6";"D565";"45,7131590000";"2,5314700000"
"202100050666";"22";"02";"2021";"12:46";"1";"01";"01078";"2";"1";"1";"6";"492 Rue de la Mairie";"46,1826020000";"5,9742120000"
"202100050667";"22";"02";"2021";"10:08";"1";"01";"01419";"1";"1";"1";"2";"185 Avenue du Mont Blanc";"46,2361100000";"6,0090280000"
"202100050668";"21";"02";"2021";"16:20";"1";"01";"01354";"2";"2";"1";"3";"Rue de Pouilly";"46,2480530000";"6,0276910000"
"202100050669";"21";"02";"2021";"19:44";"3";"34";"34300";"1";"1";"1";"6";"A75";"43,3981450000";"3,3338220000"
"202100050670";"22";"02";"2021";"17:30";"1";"62";"62279";"1";"1";"1";"1";"D939";"50,3091710000";"2,7000510000"
"202100050671";"20";"02";"2021";"14:45";"1";"51";"51046";"2";"2";"1";"3";"Avenue de la Gare";"49,2507690000";"4,2141800000"
"202100050672";"21";"02";"2021";"16:20";"1";"51";"51662";"2";"3";"1";"7";"Avenue de Rethel";"49,2959047194";"4,1279294466"
"202100050673";"21";"02";"2021";"22:50";"3";"51";"51393";"1";"1";"1";"7";"D22";"49,1177866674";"3,9150517325"
"202100050674";"20";"02";"2021";"14:15";"1";"56";"56122";"1";"1";"1";"7";"D 129";"47,9986070000";" -2,3838020000"
"202100050675";"21";"02";"2021";"15:45";"1";"76";"76446";"1";"2";"1";"3";"Rue du ChÃªne Ã  Leu";"49,4545620000";"0,9946050000"
"202100050676";"21";"02";"2021";"16:30";"1";"76";"76455";"1";"1";"1";"6";"D62";"49,4757790000";"1,4219570000"
"202100050677";"22";"02";"2021";"07:05";"3";"79";"79123";"1";"1";"2";"5";"La Roche au Cou Montigny";"46,7958000000";" -0,6559820000"
"202100050678";"22";"02";"2021";"10:00";"1";"65";"65129";"1";"1";"1";"6";"D929 Route du Gers";"43,3118454140";"0,5234599114"
"202100050679";"21";"02";"2021";"16:35";"1";"33";"33518";"1";"1";"8";"6";"Route des CÃ´teaux";"44,7335800000";" -0,4068910000"
"202100050680";"21";"02";"2021";"17:20";"1";"89";"89351";"2";"1";"1";"6";"14 Rue au Dela du RÃ»";"47,4484540000";"4,0800150000"
"202100050681";"19";"02";"2021";"12:39";"1";"61";"61176";"1";"1";"1";"6";"Route dÃ©partement D28";"48,6377300000";" -0,0592140000"
"202100050682";"22";"02";"2021";"08:00";"1";"46";"46127";"2";"1";"6";"6";"Route du Bos";"44,7532170000";"1,4071940000"
"202100050683";"22";"02";"2021";"10:35";"1";"68";"68004";"2";"6";"1";"2";"Route de Carspach";"47,6224430000";"7,2328560000"
"202100050684";"21";"02";"2021";"17:00";"1";"22";"22078";"1";"1";"8";"6";"Kergoff (Hengoat)";"48,7668030607";" -3,1914058192"
"202100050685";"9";"02";"2021";"08:00";"2";"22";"22147";"1";"9";"1";"2";"Beau Soleil";"48,1946190000";" -2,4537280000"
"202100050686";"19";"02";"2021";"13:55";"1";"39";"39526";"2";"6";"1";"3";"N/A";"47,0424850000";"5,4146400000"
"202100050687";"22";"02";"2021";"17:51";"2";"38";"38351";"1";"1";"1";"6";"1464 Route DÃ©partementale 522";"45,5473190000";"5,2515290000"
"202100050688";"21";"02";"2021";"16:40";"1";"26";"26165";"1";"3";"1";"3";"1150 Route Nationale 7";"44,7881710000";"4,8499060000"
"202100050689";"21";"02";"2021";"10:30";"1";"66";"66192";"1";"1";"1";"1";"N116";"42,5070020000";"2,1396570000"
"202100050690";"22";"02";"2021";"10:30";"1";"64";"64008";"2";"1";"2";"1";"D18";"43,1446790000";" -1,1595190000"
"202100050691";"22";"02";"2021";"14:50";"1";"64";"64065";"1";"3";"2";"1";"D918";"43,3585350000";" -1,6327790000"
"202100050692";"20";"02";"2021";"08:16";"1";"64";"64250";"2";"3";"1";"1";"Route dÃ©partementale 253";"43,5123760000";" -1,2036010000"