"Num_Acc";"jour";"mois";"an";"hrmn";"lum";"dep";"com";"agg";"int";"atm";"col";"adr";"lat";"long"
"202100050882";"17";"02";"2021";"15:45";"1";"59";"59368";"2";"2";"1";"1";"DE GAULLE RUE DU GENERAL";"50,6552700000";"3,0737000000"
"202100050883";"18";"02";"2021";"14:30";"1";"56";"56098";"2";"1";"1";"6";"CROIZAT ( AVE AMBROISE )";"47,7727200000";" -3,3477800000"
"202100050884";"18";"02";"2021";"13:15";"1";"56";"56121";"2";"6";"1";"6";"TOULLEC (RUE  FRANCOIS )";"47,7352400000";" -3,3747700000"
"202100050885";"18";"02";"2021";"07:50";"5";"56";"56121";"2";"3";"1";"3";"KERVARIC (RUE  DE )";"47,7468600000";" -3,3860000000"
"202100050886";"19";"02";"2021";"15:24";"1";"54";"54495";"1";"6";"1";"2";"RM 674";"48,6986170000";"6,2435080000"
"202100050887";"18";"02";"2021";"19:45";"5";"54";"54395";"2";"2";"1";"3";"BOUDONVILLE (Rue de)";"48,6989300000";"6,1679500000"
"202100050888";"12";"02";"2021";"15:55";"1";"54";"54395";"2";"3";"1";"6";"rue de Dieuze";"48,6985857029";"6,1925862730"
"202100050889";"12";"02";"2021";"16:20";"1";"54";"54395";"2";"3";"1";"6";"BOFFRAND (AVENUE)";"48,6821124665";"6,1743998900"
"202100050890";"19";"02";"2021";"15:45";"1";"51";"51454";"2";"3";"1";"7";"Avenue de lâEurope";"49,2505871418";"4,0651796384"
"202100050891";"18";"02";"2021";"12:10";"1";"51";"51454";"2";"3";"2";"3";"Rue Joliot Curie";"49,2267451605";"4,0031441204"
"202100050892";"18";"02";"2021";"17:35";"1";"49";"49099";"2";"2";"1";"3";"PORTE BARON (RUE DE LA)";"47,0568500000";" -0,8728800000"
"202100050893";"19";"02";"2021";"10:35";"1";"49";"49007";"2";"1";"1";"6";"LARREY";"47,4798780000";" -0,5552840000"
"202100050894";"18";"02";"2021";"15:00";"1";"47";"47027";"2";"1";"1";"3";"BORDEAUX (avenue de)";"44,4035500000";"0,6803600000"
"202100050895";"19";"02";"2021";"14:00";"1";"37";"37122";"2";"3";"1";"7";"RD 86 DE MONTS Ã  TOURS";"47,3304652982";"0,6642576457"
"202100050896";"19";"02";"2021";"15:50";"1";"37";"37261";"2";"1";"1";"6";"HOSPITALITE (RUE DE L')";"47,3904108879";"0,6709191799"
"202100050897";"18";"02";"2021";"17:26";"1";"37";"37214";"2";"6";"1";"6";"DE GAULLE (BD CHARLES)";"47,4198470865";"0,6632995606"
"202100050898";"11";"01";"2021";"19:25";"5";"36";"36044";"2";"1";"1";"6";"Rue Combanaire";"46,8076000000";"1,7055800000"
"202100050899";"15";"02";"2021";"16:05";"1";"36";"36044";"2";"6";"1";"3";"Rue des Ingrains";"46,7931492969";"1,7113346233"
"202100050900";"19";"02";"2021";"16:15";"1";"35";"35051";"1";"1";"1";"1";"RD32";"48,0968430000";" -1,5630850000"
"202100050901";"19";"02";"2021";"15:00";"1";"35";"35238";"2";"1";"1";"7";"HONGRIE (DE)";"48,0913100000";" -1,6572300000"
"202100050902";"18";"02";"2021";"16:35";"1";"34";"34032";"1";"2";"1";"3";"ROUTE DE CAPESTANG (RD.11)";"43,3344000000";"3,1644600000"
"202100050903";"19";"02";"2021";"17:40";"1";"29";"29051";"2";"3";"1";"3";"D15 - Avenue du Rouillen ";"47,9996932597";" -4,0512889624"
"202100050904";"18";"02";"2021";"10:30";"1";"29";"29232";"2";"1";"1";"2";"Avenue LÃ©on Blum";"47,9864420000";" -4,0807960000"
"202100050905";"19";"02";"2021";"21:15";"5";"29";"29019";"2";"3";"1";"1";"Rue Saint-Marc";"48,3976010692";" -4,4671306014"
"202100050906";"18";"02";"2021";"21:30";"3";"29";"29019";"1";"1";"1";"2";"D112 - Amiral DesfossÃ©s";"48,4164930000";" -4,4790070000"
"202100050907";"19";"02";"2021";"18:30";"2";"26";"26058";"1";"1";"1";"6";"Boulevard du Passeur";"44,9425550000";"4,8892080000"
"202100050908";"19";"02";"2021";"17:50";"2";"25";"25462";"2";"6";"1";"3";"ROCADE G.POMPIDOU (DU 25 A LA FIN)";"46,9107200000";"6,3326200000"
"202100050909";"18";"02";"2021";"08:55";"1";"25";"25056";"2";"1";"1";"3";"KASTLER RUE ALFRED";"47,2280930000";"5,9764980000"
"202100050910";"19";"02";"2021";"10:35";"1";"16";"16102";"2";"6";"1";"2";"gir";"45,6938340000";" -0,3478620000"
"202100050911";"19";"02";"2021";"12:30";"1";"14";"14118";"2";"1";"1";"3";"Rue de la DÃ©livrande";"49,1905700000";" -0,3594600000"
"202100050912";"19";"02";"2021";"11:40";"1";"14";"14254";"1";"1";"8";"2";"N814";"49,1516300000";" -0,4171300000"
"202100050913";"19";"02";"2021";"20:35";"5";"13";"13203";"2";"1";"1";"1";"LOUBON (RUE)";"43,3125590000";"5,3817750000"
"202100050914";"19";"02";"2021";"14:50";"1";"13";"13204";"2";"1";"1";"3";"LIBERATION (BOULEVARD)";"43,3021800327";"5,3947417438"
"202100050915";"13";"02";"2021";"20:33";"5";"13";"13205";"2";"2";"1";"3";"TERRUSSE (RUE)";"43,2963640000";"5,3915190000"
"202100050916";"17";"02";"2021";"18:00";"1";"13";"13210";"2";"2";"1";"3";"ELIE WIESEL (BD)";"43,2713225182";"5,4221385928"
"202100050917";"18";"02";"2021";"10:20";"1";"13";"13205";"2";"1";"1";"2";"LIBERATION (BOULEVARD)";"43,3003950000";"5,3892960000"
"202100050918";"1";"02";"2021";"19:25";"5";"13";"13063";"2";"1";"1";"1";"ROSE DES VENTS AVENUE DE LA";"43,5989400000";"5,0081000000"
"202100050919";"19";"02";"2021";"11:10";"1";"11";"11069";"2";"1";"1";"7";"Avenue du PrÃ©sident Franklin Roosevelt ";"43,2172200000";"2,3464900000"
"202100050920";"19";"02";"2021";"13:55";"1";"09";"09225";"1";"1";"1";"2";"ROUTE NATIONALE 20";"43,0945610000";"1,6335650000"
"202100050921";"19";"02";"2021";"18:14";"5";"06";"06069";"2";"1";"8";"7";"SIDI BRAHIM (AVENUE)";"43,6486610000";"6,9370900000"
"202100050922";"18";"02";"2021";"12:06";"1";"05";"05061";"1";"3";"1";"6";"NEFFES ( ROUTE DE )";"44,5266900000";"6,0408100000"
"202100050923";"19";"02";"2021";"12:50";"1";"75";"75105";"2";"2";"1";"3";"BOULEVARD SAINT MARCEL";"48,8383900000";"2,3570270000"
"202100050924";"19";"02";"2021";"09:21";"1";"75";"75113";"2";"3";"1";"2";"RUE DE TOLBIAC";"48,8291780000";"2,3742200000"
"202100050925";"19";"02";"2021";"15:05";"1";"75";"75120";"2";"2";"1";"3";"RUE DU COMMANDANT L HERMINIER";"48,8467090000";"2,4158740000"
"202100050926";"19";"02";"2021";"12:50";"1";"75";"75120";"2";"2";"1";"3";"RUE DE MENILMONTANT";"48,8692070000";"2,3919290000"
"202100050927";"19";"02";"2021";"08:20";"1";"75";"75120";"2";"2";"8";"7";"RUE DES PYRENEES";"48,8514850000";"2,4062830000"
"202100050928";"19";"02";"2021";"16:35";"1";"75";"75119";"2";"3";"1";"3";"RUE DE CRIMEE";"48,8841710000";"2,3842920000"
"202100050929";"19";"02";"2021";"14:50";"1";"75";"75117";"2";"2";"1";"2";"RUE BOURSAULT";"48,8844740000";"2,3195020000"
"202100050930";"19";"02";"2021";"17:40";"1";"75";"75116";"2";"2";"1";"3";"AVENUE FERDINAND BUISSON";"48,8367350000";"2,2536990000"
"202100050931";"19";"02";"2021";"16:55";"1";"75";"75116";"2";"2";"1";"3";"AVENUE FOCH";"48,8735409998";"2,2924250364"
"202100050932";"19";"02";"2021";"06:30";"5";"75";"75114";"2";"7";"1";"3";"AVENUE DU GENERAL LECLERC";"48,8336880000";"2,3318910000"
"202100050933";"19";"02";"2021";"19:05";"5";"75";"75113";"2";"1";"1";"3";"RUE DU CHEVALERET";"48,8293520000";"2,3759060000"
"202100050934";"19";"02";"2021";"18:10";"2";"75";"75113";"2";"2";"1";"6";"BOULEVARD KELLERMANN";"48,8209920000";"2,3507410000"
"202100050935";"19";"02";"2021";"14:35";"1";"75";"75112";"2";"3";"1";"6";"RUE ESCOFFIER";"48,8272150000";"2,3932550000"
"202100050936";"19";"02";"2021";"08:40";"1";"75";"75112";"2";"1";"1";"7";"PORT DE LA RAPEE";"48,8394120962";"2,3747398617"
"202100050937";"19";"02";"2021";"21:45";"5";"75";"75111";"2";"5";"1";"3";"AVENUE DE LA REPUBLIQUE";"48,8651563494";"2,3752128917"
"202100050938";"19";"02";"2021";"18:05";"2";"75";"75111";"2";"4";"1";"6";"BOULEVARD RICHARD LENOIR";"48,8548270000";"2,3695780000"
"202100050939";"19";"02";"2021";"20:00";"5";"75";"75101";"2";"3";"1";"6";"QUAI DES TUILERIES";"48,8608910000";"2,3300370000"
"202100050940";"19";"02";"2021";"17:25";"1";"75";"75104";"2";"3";"1";"7";"RUE DE RIVOLI";"48,8580520000";"2,3496460000"
"202100050941";"19";"02";"2021";"07:30";"2";"94";"94042";"2";"1";"1";"6";"CHAPSAL (R)";"48,8203200000";"2,4670900000"
"202100050942";"18";"02";"2021";"06:30";"5";"94";"94011";"2";"1";"1";"1";"HOTTINGER (Rue Rodolphe)";"48,7603000000";"2,4900000000"
"202100050943";"19";"02";"2021";"12:48";"1";"94";"94022";"2";"1";"1";"3";"REMISE AUX FAISANS (R)";"48,7520300000";"2,4078600000"
"202100050944";"18";"02";"2021";"22:00";"5";"94";"94019";"2";"2";"2";"3";"SUCY (R DE)";"48,7901810000";"2,5224250000"
"202100050945";"19";"02";"2021";"19:15";"5";"94";"94017";"2";"5";"1";"4";"GENERAL DE GAULLE (AV DU)";"48,8247900000";"2,5001500000"
"202100050946";"19";"02";"2021";"18:40";"5";"94";"94028";"2";"2";"1";"3";"Avenue LaferriÃ¨re / Rue ChÃ©ret";"48,8026900000";"2,4604500000"
"202100050947";"19";"02";"2021";"02:27";"5";"94";"94002";"2";"5";"1";"3";"Quai Blanqui / Rue Emile Zola";"48,7982200000";"2,4204700000"
"202100050948";"18";"02";"2021";"17:30";"5";"94";"94002";"2";"2";"2";"3";"Rue du Confluent / Rue de Charenton";"48,8117639787";"2,4114793738"
"202100050949";"18";"02";"2021";"17:00";"1";"93";"93070";"2";"1";"2";"6";"BATELIERS (RUE DES)";"48,9125100000";"2,3274500000"
"202100050950";"19";"02";"2021";"14:30";"1";"93";"93066";"2";"1";"1";"3";"DE PRESSENSE FRANCIS";"48,9244000000";"2,3731500000"
"202100050951";"19";"02";"2021";"17:40";"1";"93";"93047";"2";"1";"1";"7";"VIOLETTES   (AVENUE DES)";"48,8947905589";"2,5467578096"
"202100050952";"19";"02";"2021";"09:35";"2";"93";"93001";"2";"1";"2";"6";"VICTOR HUGO (AVE)  => NÂ° 129";"48,9092280133";"2,3783249296"
"202100050953";"19";"02";"2021";"14:00";"1";"92";"92075";"2";"9";"1";"3";"JEAN BLEUZEN";"48,8228586951";"2,2954477175"
"202100050954";"19";"02";"2021";"16:20";"1";"92";"92026";"2";"1";"1";"2";"PRÃSIDENT PAUL DOUMER (QUAI DU)";"48,8911006803";"2,2577186035"
"202100050955";"17";"02";"2021";"14:15";"1";"92";"92012";"2";"5";"1";"3";"GALLIENI (RUE) 55/157 - 50/140";"48,8370600000";"2,2436800000"
"202100050956";"19";"02";"2021";"21:50";"4";"36";"36247";"1";"1";"1";"6";"La Pointe du Jour";"46,9120550000";"1,6500950000"
"202100050957";"17";"02";"2021";"11:25";"1";"31";"31547";"1";"2";"1";"3";"D23";"43,4882530000";"1,2754760000"
"202100050958";"19";"02";"2021";"16:40";"1";"67";"67073";"1";"1";"1";"5";"D1059 - PR 002+400";"48,2816940000";"7,3620200000"
"202100050959";"20";"02";"2021";"01:05";"3";"974";"97410";"1";"1";"3";"1";"N2";" -21,0329020000";"55,7054900000"
"202100050960";"20";"02";"2021";"17:30";"1";"57";"57343";"1";"1";"1";"2";"D1";"49,3250170000";"6,1811940000"
"202100050961";"20";"02";"2021";"10:24";"1";"57";"57708";"1";"1";"7";"2";"D913";"49,0221950000";"6,1987780000"
"202100050962";"19";"02";"2021";"08:15";"1";"51";"51563";"1";"1";"1";"1";"Saint Prix";"48,8221006850";"3,7590997506"
"202100050963";"19";"02";"2021";"16:55";"1";"56";"56177";"1";"1";"8";"6";"Lieu Dit Malachappe";"47,8031660000";" -3,0728830000"
"202100050964";"20";"02";"2021";"17:00";"1";"76";"76232";"2";"1";"1";"7";"Grand rue RD79";"49,7831970000";"0,4498820000"
"202100050965";"19";"02";"2021";"16:00";"1";"79";"79210";"1";"1";"1";"6";"Chemin de la Boujaliere";"46,8959910000";" -0,6565620000"
"202100050966";"19";"02";"2021";"22:40";"3";"80";"80332";"1";"1";"1";"7";"route de romaine";"50,2410330000";"1,7283350000"
"202100050967";"19";"02";"2021";"19:10";"3";"65";"65035";"1";"1";"1";"7";"D6 Route d'Artagnan";"43,3972107586";"0,0717759132"
"202100050968";"19";"02";"2021";"14:00";"1";"69";"69063";"2";"3";"1";"3";"GELIVES (DE) (R)";"45,8165710000";"4,8415430000"
"202100050969";"20";"02";"2021";"17:00";"1";"61";"61339";"1";"1";"1";"7";"D15";"48,7591310000";" -0,2355190000"
"202100050970";"19";"02";"2021";"12:05";"1";"49";"49041";"1";"2";"1";"6";"D10";"47,2859180000";"0,0594700000"
"202100050971";"20";"02";"2021";"09:30";"1";"42";"42246";"2";"2";"1";"1";"Rue de la Madone";"45,3209417650";"4,6227293462"
"202100050972";"19";"02";"2021";"14:50";"1";"41";"41198";"1";"1";"1";"6";"Le Paradis";"47,2557060000";"1,3537110000"
"202100050973";"19";"02";"2021";"15:40";"1";"25";"25074";"1";"1";"1";"6";"Route de Saint-julien";"47,2005310000";"6,7116920000"
"202100050974";"19";"02";"2021";"18:30";"1";"29";"29211";"1";"1";"2";"1";"D764 - PK15+045";"48,3460464835";" -3,7274479868"
"202100050975";"19";"02";"2021";"18:05";"1";"03";"03254";"1";"1";"1";"6";"Route de Montord";"46,2965188431";"3,2632559538"
"202100050976";"20";"02";"2021";"14:10";"1";"15";"15165";"1";"1";"6";"6";"chemin communal";"45,0103720000";"2,1570540000"
"202100050977";"19";"02";"2021";"16:15";"1";"70";"70311";"2";"3";"1";"3";"D957";"47,8233990000";"6,3884320000"
"202100050978";"19";"02";"2021";"21:30";"3";"64";"64412";"1";"1";"1";"7";"D115";"43,3195420000";" -0,8889480000"
"202100050979";"19";"02";"2021";"17:30";"1";"21";"21127";"1";"1";"7";"3";"RD 105";"47,4788920000";"5,0769170000"
"202100050980";"20";"02";"2021";"14:35";"1";"24";"24547";"2";"1";"1";"2";"Avenue Victor Hugo";"45,1305820000";"1,2924920000"
"202100050981";"20";"02";"2021";"12:20";"1";"04";"04049";"2";"1";"1";"1";"RD 4096 - Av Jean Moulin";"44,0863004784";"6,0082498120"
"202100050982";"20";"02";"2021";"07:45";"2";"37";"37151";"2";"1";"1";"1";"N/A";"47,4387630632";"0,6408247076"
"202100050983";"20";"02";"2021";"06:15";"3";"01";"01038";"1";"1";"1";"2";"Autoroute A39 - PK 133+320";"46,3449980000";"5,2861030000"
"202100050984";"19";"02";"2021";"14:35";"1";"06";"06085";"1";"1";"1";"3";"Chemin du Grand Vallon";"43,5959310000";"6,9654460000"
"202100050985";"20";"02";"2021";"11:10";"1";"31";"31036";"2";"1";"6";"6";"31 AllÃ©e de Nanbours";"43,5481490000";"1,5631390000"
"202100050986";"15";"02";"2021";"09:40";"1";"21";"21481";"1";"1";"1";"6";"A311";"47,2616820000";"5,0341400000"
"202100050987";"19";"02";"2021";"19:00";"3";"62";"62259";"1";"1";"1";"4";"A1";"50,2008420000";"2,8786780000"
"202100050988";"2";"02";"2021";"20:00";"3";"987";"98754";"2";"1";"1";"3";"pk 17.500";" -16,8781310000";" -151,4472980000"
"202100050989";"20";"02";"2021";"07:15";"1";"988";"98820";"1";"3";"1";"1";"Tribu d'Ouloup - RM5/Voie privÃ©e";" -20,6483200000";"166,5686200000"
"202100050990";"17";"02";"2021";"11:50";"1";"91";"91041";"1";"1";"1";"4";"N20";"48,5731000000";"2,2353740000"
"202100050991";"16";"02";"2021";"18:25";"2";"34";"34057";"1";"1";"9";"1";"D 21";"43,6475970000";"3,8994220000"
"202100050992";"20";"02";"2021";"12:15";"1";"08";"08328";"1";"1";"1";"2";"42 Rue Parmentier";"49,8226120000";"4,7426710000"
"202100050993";"20";"02";"2021";"17:56";"2";"74";"74040";"1";"1";"1";"1";"avenue du lÃ©man";"46,1735450000";"6,3096610000"
"202100050994";"20";"02";"2021";"08:26";"1";"42";"42056";"1";"1";"1";"6";"D1086";"45,3940365590";"4,7429477870"
"202100050995";"20";"02";"2021";"11:00";"1";"42";"42088";"1";"1";"1";"5";"D1082";"45,7786960000";"4,2134710000"
"202100050996";"20";"02";"2021";"17:00";"1";"38";"38405";"1";"1";"1";"7";"D520";"45,3714100000";"5,6897500000"
"202100050997";"20";"02";"2021";"12:21";"1";"38";"38236";"1";"1";"1";"7";"Chemin des Emptoz";"45,4089200000";"5,6983800000"
"202100050998";"20";"02";"2021";"11:05";"1";"01";"01213";"1";"1";"1";"3";"1084";"45,9317260000";"5,2885540000"
"202100050999";"20";"02";"2021";"07:15";"2";"85";"85178";"1";"1";"1";"1";"D6";"46,7582100000";" -1,5280870000"
"202100051000";"19";"02";"2021";"16:20";"1";"44";"44047";"1";"1";"1";"5";"llieu-dit l'Ã©pine";"47,2315390000";" -1,7060240000"
"202100051001";"19";"02";"2021";"19:20";"3";"14";"14488";"1";"1";"1";"6";"Route de Saint Aubin dâArquenay";"49,2649200000";" -0,2743800000"
"202100051002";"19";"02";"2021";"15:50";"1";"62";"62801";"2";"1";"1";"6";"8 Rue Raoul Briquet";"50,3915790000";"2,7429570000"
"202100051003";"19";"02";"2021";"13:30";"1";"59";"59232";"1";"9";"1";"3";"D649";"50,3030040000";"3,7283510000"
"202100051004";"18";"02";"2021";"15:32";"1";"59";"59053";"2";"4";"1";"2";"52 Route d'Avesnes";"50,2931230000";"3,8011140000"
"202100051005";"18";"02";"2021";"08:25";"5";"13";"13206";"1";"1";"1";"3";"Tunnel Prado CarÃ©nage";"43,2856000000";"5,3750000000"
"202100051006";"19";"02";"2021";"14:35";"1";"69";"69283";"1";"1";"1";"2";"A46S";"45,6612600000";"4,9228600000"
"202100051007";"19";"02";"2021";"14:20";"1";"33";"33013";"1";"1";"1";"2";"N/A";"44,8686510000";" -0,5004540000"
"202100051008";"18";"02";"2021";"06:20";"3";"59";"59124";"1";"1";"1";"6";"AUTOROUTE A27";"50,6014373851";"3,2582750916"
"202100051009";"19";"02";"2021";"16:30";"1";"78";"78165";"1";"1";"1";"2";"RN12 EXT";"48,7992830000";"1,9935940000"
"202100051010";"19";"02";"2021";"14:50";"1";"92";"92050";"1";"1";"1";"3";"A86";"48,9074484080";"2,2123349753"
"202100051011";"18";"02";"2021";"22:15";"3";"78";"78646";"1";"1";"2";"6";"RN12 INT";"48,7824860000";"2,1611680000"
"202100051012";"19";"02";"2021";"13:35";"1";"93";"93078";"1";"1";"2";"2";"AUTOROUTE A104";"48,9585100000";"2,5269000000"
"202100051013";"19";"02";"2021";"11:20";"1";"93";"93048";"1";"1";"1";"2";"A3";"48,8722000000";"2,4335200000"
"202100051014";"19";"02";"2021";"01:40";"3";"95";"95018";"1";"1";"8";"6";" A15";"48,9619688867";"2,2678476835"
"202100051015";"18";"02";"2021";"09:12";"1";"974";"97416";"1";"1";"1";"5";"RN3 (1)";" -21,3153934237";"55,4924583435"
"202100051016";"17";"02";"2021";"09:20";"1";"974";"97411";"1";"1";"1";"3";"KERVEGUEN (GABRIEL DE)";" -20,8916400000";"55,4967400000"
"202100051017";"17";"02";"2021";"20:08";"3";"972";"97209";"2";"1";"2";"6";"RD 41 (ROCADE)";"14,6169068752";" -61,0599474519"
"202100051018";"17";"02";"2021";"09:15";"1";"972";"97209";"2";"1";"1";"6";"ROUTOUTOU (RUE DU)";"14,5990300000";" -61,0534300000"
"202100051019";"18";"02";"2021";"08:20";"1";"69";"69384";"2";"2";"1";"3";"ARTAUD (R)";"45,7809477486";"4,8366073966"
"202100051020";"18";"02";"2021";"14:48";"1";"971";"97128";"1";"1";"1";"7";"ROUTE DE BOULIQUI";"16,2526700000";" -61,4447300000"
"202100051021";"16";"02";"2021";"20:00";"5";"971";"97101";"2";"1";"2";"6";"PATRICK SAINT ELOI ( AVENUE )";"16,2569000000";" -61,5205500000"
"202100051022";"18";"02";"2021";"10:12";"1";"2A";"2A004";"2";"1";"1";"2";"GEORGES POMPIDOU AVENUE";"41,9334778220";"8,7541763101"
"202100051023";"18";"02";"2021";"06:40";"5";"91";"91161";"2";"1";"1";"2";"RTE DE LONGJUMEAU";"48,7149900000";"2,2982600000"
"202100051024";"18";"02";"2021";"16:00";"1";"91";"91691";"2";"6";"2";"6";"MARCEAU BAILLIOTI(RUE)";"48,7097100000";"2,4915100000"
"202100051025";"18";"02";"2021";"10:50";"1";"91";"91114";"2";"1";"2";"3";"BD DE L ILE DE FRANCE";"48,7084000000";"2,5263000000"
"202100051026";"18";"02";"2021";"08:25";"1";"91";"91657";"2";"2";"2";"3";"RUE DE LA LIBERTE";"48,6944240000";"2,4174270000"
"202100051027";"17";"02";"2021";"11:41";"1";"88";"88424";"2";"1";"1";"6";"CHEMIN DES AULNES";"48,2651800000";"6,9654700000"
"202100051028";"15";"02";"2021";"07:47";"1";"84";"84087";"2";"1";"5";"6";"Avenue Jean Moulin";"44,1513150000";"4,8064740000"
"202100051029";"26";"01";"2021";"08:00";"1";"84";"84031";"1";"1";"1";"4";"D942";"44,0467500000";"5,0246500000"
"202100051030";"17";"02";"2021";"14:25";"1";"83";"83137";"2";"1";"1";"6";"FREPPEL (RUE MONSEIGNEUR )";"43,1109700000";"5,9522900000"
"202100051031";"15";"02";"2021";"17:35";"1";"80";"80021";"2";"1";"2";"3";"PARIS (RUE DE)";"49,8878200000";"2,2892300000"
"202100051032";"18";"02";"2021";"21:25";"5";"78";"78498";"2";"3";"9";"1";"VERSAILLES AV DE";"48,9264400000";"2,0515000000"
"202100051033";"16";"02";"2021";"18:15";"5";"77";"77320";"2";"1";"2";"6";"PARIS (AVENUE DE)";"48,8178600000";"3,0540900000"
"202100051034";"14";"02";"2021";"19:10";"5";"73";"73065";"1";"1";"1";"6";"D10 Avenue des Landiers";"45,5866700000";"5,9073700000"
"202100051035";"18";"02";"2021";"11:05";"1";"73";"73029";"2";"1";"1";"2";"STADE (AVENUE DU)";"45,5610210000";"5,9420250000"
"202100051036";"17";"02";"2021";"08:35";"1";"73";"73011";"2";"6";"1";"7";"D990 DE GAULLE (AV) J. MOULIN A WINNEDEN";"45,6701342610";"6,3775760365"
"202100051037";"18";"02";"2021";"18:15";"5";"69";"69029";"2";"9";"1";"3";"DROITS DE L'HOMME (DES)             (BD)";"45,7357213230";"4,9336123466"
"202100051038";"18";"02";"2021";"13:40";"1";"69";"69266";"2";"1";"1";"6";"GREUZE (R)";"45,7698577168";"4,8936393037"
"202100051039";"18";"02";"2021";"12:15";"1";"69";"69266";"2";"2";"1";"3";"GENAS (DE) (RTE)";"45,7493100000";"4,9142500000"
"202100051040";"4";"02";"2021";"08:10";"1";"64";"64445";"2";"2";"1";"6";"BEZIOU";"43,3045700000";" -0,3799300000"
"202100051041";"18";"02";"2021";"18:05";"2";"64";"64024";"2";"1";"1";"3";"BAYONNE (AVENUE DE)";"43,4824500000";" -1,5061300000"
"202100051042";"18";"02";"2021";"15:35";"1";"57";"57463";"2";"1";"1";"6";"STOXEY (RUE DU )";"49,1195900000";"6,1963500000"
"202100051043";"18";"02";"2021";"17:50";"1";"56";"56260";"2";"1";"1";"3";"Rue du Docteur Georges Cadoret";"47,6655400000";" -2,7503500000"
"202100051044";"17";"02";"2021";"18:30";"5";"54";"54578";"2";"1";"1";"6";"MULLER (AVENUE PAUL)";"48,6672315452";"6,1463287228"
"202100051045";"18";"02";"2021";"18:55";"5";"51";"51454";"2";"1";"2";"1";"Avenue dâEpernay";"49,2370986024";"4,0140511576"
"202100051046";"18";"02";"2021";"11:15";"1";"51";"51454";"2";"2";"8";"3";"Rue Clovis";"49,2507688676";"4,0283728222"
"202100051047";"16";"02";"2021";"17:45";"1";"50";"50002";"2";"6";"7";"6";"RN 174 (2X2) Rocreuil-sortie Agneaux";"49,1092800000";" -1,1346900000"
"202100051048";"17";"02";"2021";"18:15";"2";"50";"50129";"2";"1";"1";"6";"FOEDRE (RUE DE LA)";"49,6272900000";" -1,6677700000"
"202100051049";"15";"02";"2021";"08:00";"2";"49";"49099";"2";"1";"1";"6";"LECOQ (BOULEVARD PIERRE)";"47,0492900000";" -0,8664500000"
"202100051050";"18";"02";"2021";"13:30";"1";"49";"49007";"2";"9";"1";"3";"EVAIN";"47,4603900000";" -0,5544500000"
"202100051051";"18";"02";"2021";"08:25";"1";"49";"49007";"2";"1";"1";"2";"ARTILLEURS";"47,4936938918";" -0,5735515058"
"202100051052";"16";"02";"2021";"18:56";"3";"49";"49007";"2";"1";"1";"3";"ROI RENE BOULEVARD";"47,4672530000";" -0,5550370000"
"202100051053";"17";"02";"2021";"07:55";"2";"49";"49007";"2";"1";"1";"3";"BIRGE BOULEVARD";"47,4714000000";" -0,5191200000"
"202100051054";"18";"02";"2021";"10:50";"1";"42";"42071";"1";"2";"8";"3";"Boulevard Charles de Gaulle";"46,0090200000";"4,0978300000"
"202100051055";"17";"02";"2021";"17:30";"1";"41";"41018";"2";"9";"1";"6";"VENDOME (AVENUE DE)";"47,5993700000";"1,3211300000"
"202100051056";"18";"02";"2021";"13:42";"1";"37";"37261";"2";"3";"2";"6";"PROUDHON (AVENUE)";"47,3953441487";"0,6744202673"
"202100051057";"17";"02";"2021";"09:10";"1";"34";"34032";"2";"1";"1";"6";"GRIGNARD VICTOR (RUE)";"43,3619500000";"3,2348700000"
"202100051058";"18";"02";"2021";"16:05";"1";"33";"33063";"2";"2";"1";"3";"Rue Pierre Trebod";"44,8582500000";" -0,5843300000"
"202100051059";"18";"02";"2021";"11:31";"1";"33";"33063";"2";"3";"1";"3";"Place AndrÃ© Meunier Dit Mureine";"44,8294990000";" -0,5612960000"
"202100051060";"18";"02";"2021";"07:50";"1";"33";"33192";"2";"2";"1";"3";"Cours du GÃ©nÃ©ral de Gaulle";"44,7784110000";" -0,6097820000"
"202100051061";"18";"02";"2021";"11:45";"1";"33";"33529";"2";"6";"1";"3";"Boulevard de lâIndustrie";"44,6049100000";" -1,1303100000"
"202100051062";"17";"02";"2021";"13:45";"1";"31";"31555";"2";"1";"1";"3";"AV DE LATTRE DE TASSIGNY";"43,5773500000";"1,4364400000"
"202100051063";"18";"02";"2021";"16:52";"1";"27";"27229";"2";"2";"1";"3";"EIFFEL (PONT)";"49,0188900000";"1,1549000000"
"202100051064";"16";"02";"2021";"08:50";"1";"26";"26313";"1";"9";"8";"1";"LACRA ";"44,9611250000";"4,9457050000"
"202100051065";"18";"02";"2021";"11:15";"1";"26";"26198";"1";"9";"1";"6";"ESPELUCHE (Route d')";"44,5429100000";"4,7731000000"
"202100051066";"17";"02";"2021";"07:00";"5";"25";"25388";"2";"1";"8";"6";"SAINT-GEORGES (RUE)";"47,5095720000";"6,7898510000"
"202100051067";"16";"02";"2021";"18:31";"5";"18";"18033";"2";"3";"1";"3";"DE GAULLE (AV DU GENERAL) NÂ° PAIRS";"47,0993000000";"2,4067000000"
"202100051068";"18";"02";"2021";"16:40";"1";"17";"17300";"2";"4";"1";"2";"MESCHINET DE RICHEMOND   RUE";"46,1624410000";" -1,1823290000"
"202100051069";"18";"02";"2021";"16:50";"1";"13";"13210";"2";"1";"1";"1";"ROMAIN ROLLAND (BOULEVARD)";"43,2753607145";"5,4164290304"