"Num_Acc";"jour";"mois";"an";"hrmn";"lum";"dep";"com";"agg";"int";"atm";"col";"adr";"lat";"long"
"202100051443";"11";"02";"2021";"18:45";"2";"13";"13005";"2";"1";"1";"1";"EOURES (ROUTE D')";"43,3077738403";"5,5503831321"
"202100051444";"15";"02";"2021";"09:30";"1";"13";"13070";"2";"9";"1";"6";"GARE (BOULEVARD DE LA)";"43,2851200000";"5,5141100000"
"202100051445";"15";"02";"2021";"13:35";"1";"10";"10387";"2";"1";"1";"6";"JULES GUESDE (RUE)";"48,2940057089";"4,0817427635"
"202100051446";"13";"02";"2021";"13:23";"1";"05";"05061";"2";"1";"1";"2";"GEORGES POMPIDOU ( BD)";"44,5558500000";"6,0783590000"
"202100051447";"15";"02";"2021";"15:40";"1";"75";"75117";"2";"1";"1";"2";"PORTE DE CLICHY";"48,8978100000";"2,3136100000"
"202100051448";"14";"02";"2021";"13:05";"1";"75";"75104";"2";"3";"1";"5";"BOULEVARD HENRI IV";"48,8522310000";"2,3660300000"
"202100051449";"13";"02";"2021";"16:43";"1";"75";"75104";"2";"1";"1";"6";"QUAI DE GESVRES";"48,8563040000";"2,3500340000"
"202100051450";"15";"02";"2021";"17:30";"1";"75";"75120";"2";"1";"1";"6";"BOULEVARD DE CHARONNE";"48,8559100000";"2,3949610000"
"202100051451";"15";"02";"2021";"11:40";"1";"75";"75115";"2";"3";"1";"7";"RUE DE VAUGIRARD";"48,8412880000";"2,3071890000"
"202100051452";"15";"02";"2021";"07:25";"5";"75";"75115";"2";"2";"2";"7";"QUAI ANDRE CITROEN";"48,8460840000";"2,2769620000"
"202100051453";"15";"02";"2021";"08:40";"1";"75";"75113";"2";"1";"8";"7";"AVENUE D IVRY";"48,8246310000";"2,3630930000"
"202100051454";"15";"02";"2021";"13:45";"1";"75";"75109";"2";"3";"2";"6";"RUE BLANCHE";"48,8811980000";"2,3315690000"
"202100051455";"15";"02";"2021";"13:45";"1";"75";"75116";"2";"2";"8";"3";"RUE JEAN DE LA FONTAINE";"48,8483550000";"2,2649320000"
"202100051456";"15";"02";"2021";"13:00";"1";"94";"94022";"2";"1";"1";"7";"ANATOLE FRANCE (AV)";"48,7632700000";"2,4106600000"
"202100051457";"15";"02";"2021";"20:45";"5";"93";"93073";"2";"6";"1";"6";"RESISTANCE (RUE DE LA)";"48,9472000000";"2,5664100000"
"202100051458";"15";"02";"2021";"19:50";"5";"93";"93064";"2";"3";"1";"6";"LAVOISIER (RUE)";"48,8621540541";"2,4926270559"
"202100051459";"15";"02";"2021";"16:50";"1";"93";"93014";"2";"1";"1";"6";"FREDERIC LADRETTE (ALLEE)";"48,9068600000";"2,5433600000"
"202100051460";"13";"02";"2021";"09:51";"1";"92";"92024";"2";"2";"1";"6";"VICTOR HUGO (BD)";"48,8979192563";"2,3112971988"
"202100051461";"15";"02";"2021";"07:44";"2";"92";"92024";"2";"2";"1";"3";"JEAN JAURES (BD) DE 47 A 109)   (56 A 14";"48,9000303556";"2,3062290251"
"202100051462";"16";"02";"2021";"09:05";"1";"65";"65304";"2";"4";"1";"3";"D50 - Route de Sauveterre";"43,4716510000";"0,0471910000"
"202100051463";"12";"02";"2021";"21:19";"5";"06";"06149";"2";"1";"1";"7";"45 Boulevard GÃ©nÃ©ral de Gaulle";"43,7440270000";"7,3141740000"
"202100051464";"15";"02";"2021";"20:10";"5";"33";"33225";"2";"1";"1";"6";"Arrougeys";"44,5612420000";" -0,3892400000"
"202100051465";"14";"02";"2021";"17:00";"1";"57";"57767";"2";"1";"1";"3";"Ronde des Ãcureuils";"49,3282970000";"6,2312330000"
"202100051466";"14";"02";"2021";"11:35";"1";"32";"32409";"1";"1";"1";"2";"D 226";"43,3903290000";"0,5466130000"
"202100051467";"15";"02";"2021";"16:45";"1";"11";"11170";"2";"6";"1";"3";"Avenue des Bains";"43,1178151139";"3,1126660113"
"202100051468";"16";"02";"2021";"12:20";"1";"34";"34252";"1";"1";"2";"1";"d922";"43,6620700000";"3,1001240000"
"202100051469";"15";"02";"2021";"06:00";"4";"68";"68308";"2";"3";"1";"3";"16 Route de la VallÃ©e";"47,7808570000";"6,9788880000"
"202100051470";"10";"02";"2021";"06:45";"3";"68";"68200";"1";"4";"4";"1";"D14bis";"47,6095370000";"7,1000110000"
"202100051471";"15";"02";"2021";"17:20";"1";"35";"35025";"1";"4";"1";"6";"La LeutiÃ¨re";"48,2909030000";" -1,2576340000"
"202100051472";"16";"02";"2021";"14:45";"1";"03";"03260";"1";"1";"1";"7";"D231";"46,3980632665";"2,9847555598"
"202100051473";"16";"02";"2021";"11:25";"1";"05";"05162";"1";"1";"1";"7";"les albergemnts";"44,4272830000";"6,0222240000"
"202100051474";"16";"02";"2021";"07:28";"3";"50";"50569";"1";"1";"1";"6";"2 Rte de la Croix Periers";"49,0638920000";" -1,3370170000"
"202100051475";"15";"02";"2021";"17:10";"1";"60";"60324";"1";"1";"1";"7";"Rue de Villers-cotterÃªts";"49,3935080000";"3,0446610000"
"202100051476";"16";"02";"2021";"01:35";"3";"48";"48132";"1";"1";"1";"7";"d987";"44,7926780000";"3,3917820000"
"202100051477";"16";"02";"2021";"10:15";"1";"03";"03193";"1";"1";"1";"7";"A71";"46,5131033565";"2,5915408502"
"202100051478";"16";"02";"2021";"08:55";"1";"34";"34159";"1";"1";"2";"6";"route dÃ©partementale 612";"43,5186090000";"3,8089370000"
"202100051479";"15";"02";"2021";"05:40";"5";"62";"62369";"1";"1";"9";"6";"L'Autoroute des Anglais (Pont)";"50,3224220000";"2,8588860000"
"202100051480";"16";"02";"2021";"12:15";"1";"971";"97103";"1";"1";"1";"2";"N1";"16,2463100000";" -61,5937450000"
"202100051481";"16";"02";"2021";"07:55";"2";"68";"68118";"2";"1";"1";"6";"177 Rue du GÃ©nÃ©ral de Gaulle";"47,7171070000";"7,4194790000"
"202100051482";"16";"02";"2021";"03:38";"3";"13";"13081";"1";"1";"2";"2";"A7 PK 252.400 sens sud-nord";"43,5080990000";"5,2357930000"
"202100051483";"13";"02";"2021";"19:20";"5";"987";"98725";"2";"3";"2";"3";"AHONU PK 12.4";" -17,5074943164";" -149,4833096266"
"202100051484";"15";"02";"2021";"21:22";"3";"77";"77327";"1";"1";"2";"6";"D619";"48,5695790000";"3,0022500000"
"202100051485";"29";"01";"2021";"18:37";"2";"77";"77196";"1";"1";"2";"4";"N 3 PK 12";"48,9502250000";"2,7597250000"
"202100051486";"14";"02";"2021";"21:00";"3";"91";"91226";"1";"1";"1";"2";"RN20";"48,4921080000";"2,1984190000"
"202100051487";"16";"02";"2021";"10:00";"1";"34";"34058";"1";"1";"2";"1";"Avenue de SommiÃ¨res";"43,6842370000";"3,9943890000"
"202100051488";"16";"02";"2021";"13:30";"1";"84";"84092";"2";"1";"8";"6";"Avenue du Parc";"43,9638500000";"4,8570140000"
"202100051489";"16";"02";"2021";"07:50";"1";"08";"08137";"1";"1";"1";"3";"RD88";"49,8201270000";"4,6982860000"
"202100051490";"15";"02";"2021";"15:00";"1";"68";"68247";"2";"1";"1";"7";"18 Rue Saint-nicolas";"47,9120490581";"6,9732961804"
"202100051491";"15";"02";"2021";"21:45";"3";"54";"54186";"1";"1";"8";"7";"D83c";"48,7423234918";"6,2216091156"
"202100051492";"16";"02";"2021";"00:05";"3";"03";"03316";"1";"1";"1";"6";"RN7";"46,6670810000";"3,2567440000"
"202100051493";"30";"01";"2021";"09:40";"1";"63";"63141";"2";"1";"1";"6";"1 Avenue de Pontgibaud";"45,7979452370";"3,0523716274"
"202100051494";"15";"02";"2021";"15:10";"1";"09";"09185";"2";"2";"1";"6";"Av du Mal de Lattre de Tassigny";"43,2538010000";"1,6809320000"
"202100051495";"16";"02";"2021";"18:05";"1";"64";"64067";"2";"3";"1";"3";"Route du Bois";"43,2544430000";" -0,2923290000"
"202100051496";"13";"02";"2021";"16:10";"1";"72";"72244";"1";"3";"1";"2";"Les mottes";"47,7777080000";" -0,3195150000"
"202100051497";"15";"02";"2021";"12:05";"1";"59";"59086";"2";"1";"2";"6";"Rue de la Gare";"50,8103400000";"2,6793600000"
"202100051498";"15";"02";"2021";"13:00";"1";"13";"13071";"1";"1";"1";"6";"A7-Sens Lyon vers Marseille";"43,4036430000";"5,3121730000"
"202100051499";"9";"02";"2021";"07:10";"3";"57";"57096";"1";"1";"9";"5";"Autoroute A30";"49,3924875000";"5,9551383000"
"202100051500";"11";"02";"2021";"10:00";"1";"62";"62193";"1";"1";"1";"2";"AUTOROUTE A16";"50,9416570000";"1,8228290000"
"202100051501";"15";"02";"2021";"09:15";"1";"93";"93063";"1";"1";"1";"3";"A3";"48,8783100000";"2,4469900000"
"202100051502";"14";"02";"2021";"21:50";"5";"988";"98818";"2";"1";"1";"6";"UNGER (RUE EDOUARD)";" -22,2630200000";"166,4444000000"
"202100051503";"14";"02";"2021";"08:50";"1";"974";"97409";"2";"1";"2";"4";"PENTE SASSY (chemin de la)";" -20,9642000000";"55,6590500000"
"202100051504";"14";"02";"2021";"04:45";"2";"972";"97209";"1";"1";"1";"1";"BEAUSEJOUR JAMBETTE (ROUTE DE )";"14,6361000000";" -61,0400400000"
"202100051505";"14";"02";"2021";"20:00";"5";"95";"95268";"2";"1";"1";"3";"AV DE STALINGRAD";"48,9702750000";"2,4136070000"
"202100051506";"13";"02";"2021";"12:17";"1";"83";"83069";"2";"2";"8";"3";"THOMAS (AVENUE AMBROISE)";"43,1192100000";"6,1310500000"
"202100051507";"12";"02";"2021";"14:50";"1";"73";"73065";"1";"2";"4";"3";"ROUTE NATIONALE 201 (VRU)";"45,5873490589";"5,9084960818"
"202100051508";"10";"02";"2021";"16:25";"1";"65";"65286";"2";"1";"1";"6";" RUE SAINT-PIERRE";"43,0961500000";" -0,0461500000"
"202100051509";"14";"02";"2021";"13:00";"1";"44";"44162";"2";"9";"1";"2";"RUE DE SAINT NAZAIRE";"47,2115240000";" -1,6145050000"
"202100051510";"14";"02";"2021";"18:30";"4";"13";"13211";"2";"1";"1";"1";"MENARD (PIERRE) (BOULEVARD)";"43,2904070000";"5,4399820000"
"202100051511";"10";"02";"2021";"12:45";"1";"13";"13214";"2";"1";"1";"6";"SAINTE MARTHE (chemin)";"43,3307100000";"5,3898800000"
"202100051512";"14";"02";"2021";"02:45";"5";"13";"13212";"2";"1";"1";"6";"SARIETTE (TRAVERSE DE LA)";"43,3069900000";"5,4479500000"
"202100051513";"13";"02";"2021";"16:45";"1";"13";"13203";"2";"4";"1";"3";"FÃLIX PYAT (RUE)";"43,3201609843";"5,3743201435"
"202100051514";"13";"02";"2021";"10:30";"1";"13";"13002";"1";"1";"1";"3";"DES TERMES (ROUTE) RD 908";"43,3663100000";"5,5036900000"
"202100051515";"13";"02";"2021";"12:15";"1";"09";"09225";"2";"1";"1";"3";"FOIX AVENUE DE";"43,1055800000";"1,6192800000"
"202100051516";"13";"02";"2021";"11:50";"1";"08";"08043";"2";"3";"1";"3";"DE GAULLE (AVENUE CHARLES)";"49,6903804994";"4,9631211363"
"202100051517";"14";"02";"2021";"11:30";"1";"06";"06088";"1";"3";"1";"5";"CORNICHE FLEURIE (AV. DE LA)";"43,6847650000";"7,2094460000"
"202100051518";"13";"02";"2021";"18:19";"5";"06";"06123";"2";"1";"2";"1";"BARONNE ROUTE DE LA";"43,7070900000";"7,1784400000"
"202100051519";"14";"02";"2021";"21:23";"5";"75";"75120";"2";"3";"1";"3";"RUE DE MENILMONTANT";"48,8675420000";"2,3850940000"
"202100051520";"13";"02";"2021";"16:05";"1";"75";"75117";"2";"2";"1";"3";"BOULEVARD BESSIERES";"48,8976334990";"2,3241502047"
"202100051521";"13";"02";"2021";"13:45";"1";"75";"75108";"2";"2";"1";"3";"RUE DE LA VILLE L EVEQUE";"48,8711620000";"2,3216420000"
"202100051522";"14";"02";"2021";"06:10";"5";"93";"93064";"2";"1";"9";"6";"WALESA (AVENUE LECH)";"48,8743851587";"2,4865748106"
"202100051523";"14";"02";"2021";"17:40";"2";"93";"93048";"2";"1";"1";"3";"PARIS (RUE DE)";"48,8560756572";"2,4248278538"
"202100051524";"14";"02";"2021";"20:15";"5";"93";"93008";"2";"6";"1";"3";"SEMARD (AVENUE PIERRE)";"48,9098000000";"2,4460200000"
"202100051525";"14";"02";"2021";"02:30";"5";"93";"93001";"2";"2";"1";"2";"REPUBLIQUE (AVE DE LA ) => NO 41/50";"48,9124500141";"2,3834361237"
"202100051526";"14";"02";"2021";"08:30";"1";"92";"92012";"2";"2";"1";"3";"WALLACE (PLACE)";"48,8396500000";"2,2401200000"
"202100051527";"14";"02";"2021";"18:30";"1";"92";"92004";"2";"2";"1";"3";"VOLTAIRE ( BD 16 A FIN )";"48,9175600000";"2,2857800000"
"202100051528";"14";"02";"2021";"21:00";"3";"26";"26087";"1";"1";"1";"6";"615 Route de Parnans";"45,0916500000";"5,1328100000"
"202100051529";"12";"02";"2021";"06:00";"2";"974";"97422";"2";"1";"1";"7";"Route Nat 3 PR 19";" -21,2390820000";"55,5408720000"
"202100051530";"13";"02";"2021";"21:45";"3";"63";"63071";"1";"1";"5";"6";"D52 Montmeyre rue des clos";"45,7572350000";"2,9048270000"
"202100051531";"14";"02";"2021";"22:00";"3";"21";"21362";"1";"1";"1";"6";"A6";"47,2234190000";"4,5921080000"
"202100051532";"14";"02";"2021";"17:30";"1";"14";"14738";"1";"1";"1";"5";"A84";"49,1647480000";" -0,4328280000"
"202100051533";"13";"02";"2021";"16:00";"1";"57";"57530";"2";"1";"1";"3";"Route de Boulay";"49,2052160000";"6,5285310000"
"202100051534";"14";"02";"2021";"15:45";"1";"51";"51381";"1";"1";"1";"7";"D951";"48,9350835045";"3,8279379000"
"202100051535";"14";"02";"2021";"22:15";"3";"76";"76263";"1";"1";"1";"7";"Route du Tronquay";"49,4528500000";"1,5099600000"
"202100051536";"15";"02";"2021";"18:25";"3";"2B";"2B343";"2";"1";"1";"3";"RT 10";"42,4974230000";"9,4694420000"
"202100051537";"12";"02";"2021";"15:30";"1";"61";"61070";"1";"1";"1";"1";"L'Aubriere";"48,7689860000";" -0,5959360000"
"202100051538";"15";"02";"2021";"09:45";"1";"55";"55054";"1";"1";"1";"6";"D964";"48,8712090000";"5,5240650000"
"202100051539";"15";"02";"2021";"09:24";"1";"22";"22061";"1";"1";"2";"1";"ZA de Goperen";"48,2551770000";" -3,3848400000"
"202100051540";"15";"02";"2021";"12:00";"1";"39";"39443";"1";"2";"1";"5";"N/A";"46,5439190000";"5,5992670000"
"202100051541";"14";"02";"2021";"17:30";"1";"44";"44041";"1";"1";"1";"3";"La Guillauderie D117";"47,0773313443";" -1,5664958954"
"202100051542";"7";"01";"2021";"21:10";"5";"31";"31451";"2";"6";"1";"6";"Route de Toulouse";"43,4647290000";"1,9890190000"
"202100051543";"13";"02";"2021";"19:30";"3";"14";"14020";"1";"1";"1";"6";"Rue du Marais";"49,1342370000";" -0,1731530000"
"202100051544";"14";"02";"2021";"17:00";"1";"45";"45129";"1";"1";"1";"6";"Route de Brigny";"47,9370170905";"3,0335038685"
"202100051545";"15";"02";"2021";"17:10";"1";"64";"64148";"2";"1";"1";"7";"d35";"43,1128810000";" -0,3189680000"
"202100051546";"15";"02";"2021";"10:30";"1";"10";"10132";"1";"1";"1";"6";"D114";"48,5160640000";"3,9592410000"
"202100051547";"15";"02";"2021";"07:00";"4";"24";"24064";"1";"1";"1";"3";"Les gourdou";"45,3735540000";"0,6851430000"
"202100051548";"12";"02";"2021";"12:50";"1";"85";"85128";"1";"1";"1";"5";"D2949";"46,4598800000";" -1,1957300000"
"202100051549";"14";"02";"2021";"18:00";"2";"87";"87028";"1";"1";"1";"6";"D942 PK 37+600";"46,2326970000";"0,9331080000"
"202100051550";"14";"02";"2021";"16:50";"1";"44";"44003";"1";"9";"1";"2";"autroute A11";"47,3962273107";" -1,2128777408"
"202100051551";"15";"02";"2021";"08:40";"1";"83";"83140";"1";"1";"1";"2";"Autoroute A8 - PK 63+500";"43,4288170000";"5,9439840000"
"202100051552";"10";"02";"2021";"19:20";"3";"76";"76705";"1";"1";"1";"5";"Autoroute A13, PK110+900, sens PARIS/CAEN";"49,3331675888";"1,0809087753"
"202100051553";"14";"02";"2021";"17:00";"1";"2A";"2A163";"1";"1";"1";"1";"route territoriale 10";"41,4980590000";"8,9501100000"
"202100051554";"14";"02";"2021";"19:00";"3";"30";"30258";"1";"1";"1";"4";"D42. PK 10+120";"43,7516000000";"4,4069000000"
"202100051555";"14";"02";"2021";"20:50";"5";"34";"34249";"2";"1";"1";"6";"Avenue Croix de MouniÃ©";"43,7307990057";"3,9728894651"
"202100051556";"13";"02";"2021";"15:10";"1";"65";"65335";"1";"1";"1";"3";"RD 8";"43,1141220000";"0,1211340000"
"202100051557";"14";"02";"2021";"17:30";"1";"22";"22143";"1";"1";"8";"7";"Rue du Chemin Vert";"48,5920930000";" -2,2726680000"
"202100051558";"15";"02";"2021";"07:55";"2";"27";"27448";"1";"1";"1";"5";"Route dÃ©partementale 71";"49,0149620000";"1,3581850000"
"202100051559";"14";"02";"2021";"20:15";"5";"33";"33249";"1";"1";"1";"6";"Autoroute A10";"44,8876800000";" -0,5053800000"
"202100051560";"14";"02";"2021";"17:25";"1";"91";"91659";"1";"1";"8";"7";"AUTOROUTE A6";"48,5804500000";"2,4603900000"
"202100051561";"14";"02";"2021";"14:15";"1";"92";"92036";"1";"1";"1";"6";"AUTOROUTE A15";"48,9435578314";"2,2873807879"
"202100051562";"13";"02";"2021";"18:30";"3";"95";"95277";"1";"1";"1";"4";"AUTOROUTE A3";"48,9715300000";"2,4849500000"
"202100051563";"12";"02";"2021";"09:20";"1";"94";"94017";"1";"1";"1";"4";"A4";"48,8303228960";"2,4893496496"
"202100051564";"13";"02";"2021";"20:15";"3";"976";"97611";"2";"1";"1";"7";"vahibe-Departementale 3 ( route )";" -12,7991900000";"45,2026400000"
"202100051565";"13";"02";"2021";"13:40";"1";"974";"97409";"2";"9";"1";"1";"BELZOR(RUE)";" -20,9751700000";"55,6533800000"
"202100051566";"11";"02";"2021";"13:30";"1";"973";"97302";"2";"1";"1";"6";"RABAN (ROUTE DE)";"4,9282584541";" -52,3137167805"
"202100051567";"13";"02";"2021";"19:00";"5";"69";"69387";"2";"2";"1";"3";"DOMER (R)";"45,7473111765";"4,8480198188"
"202100051568";"12";"02";"2021";"18:50";"5";"69";"69034";"2";"3";"4";"6";"BOUTARY (DE) (CHM)";"45,7924700000";"4,8572800000"
"202100051569";"12";"02";"2021";"20:00";"3";"971";"97101";"2";"9";"1";"6";"BOULEVARD DES HEROS";"16,2476100000";" -61,5283700000"
"202100051570";"10";"02";"2021";"18:30";"5";"95";"95268";"2";"1";"1";"1";"AV DU GENERAL DE GAULLE";"48,9704188861";"2,4032378197"
"202100051571";"13";"02";"2021";"13:54";"1";"91";"91326";"2";"1";"1";"6";"ESTIENNES D'ORVES (AVENUE D')";"48,6905400000";"2,3807600000"
"202100051572";"13";"02";"2021";"23:00";"5";"78";"78396";"2";"1";"1";"6";"ROMILLY (RUE DE)";"48,9408000000";"2,1280600000"
"202100051573";"12";"02";"2021";"08:15";"2";"77";"77122";"1";"3";"1";"3";"RD 48";"48,6575800000";"2,6119700000"
"202100051574";"13";"02";"2021";"15:46";"1";"65";"65286";"1";"1";"1";"3";"Route de Tarbes";"43,1186700000";" -0,0308500000"
"202100051575";"13";"02";"2021";"17:00";"1";"64";"64269";"2";"1";"1";"2";"TARBES DE";"43,2975000000";" -0,3006500000"
"202100051576";"13";"02";"2021";"16:40";"1";"64";"64024";"2";"1";"1";"4";"MER (BOULEVARD DE LA)";"43,4962200000";" -1,5392600000"
"202100051577";"13";"02";"2021";"15:20";"1";"59";"59508";"2";"2";"1";"3";"BARBUSSE (RUE HENRI)";"50,7475100000";"3,1246200000"
"202100051578";"10";"02";"2021";"19:10";"5";"56";"56260";"2";"2";"1";"3";"Boulevard de la RÃ©sistance";"47,6478700000";" -2,7818100000"
"202100051579";"13";"02";"2021";"11:00";"1";"54";"54184";"1";"1";"1";"4";"RM 674";"48,7060600000";"6,2425690000"
"202100051580";"12";"02";"2021";"10:00";"1";"54";"54159";"2";"3";"1";"3";"ROSIERES (AVENUE DE)";"48,6105400000";"6,3529400000"
"202100051581";"13";"02";"2021";"17:10";"1";"51";"51454";"2";"1";"1";"7";"Rue Buirette";"49,2544420398";"4,0253155886"
"202100051582";"13";"02";"2021";"04:14";"5";"51";"51454";"2";"1";"1";"7";"Avenue de Champagne";"49,2272615581";"4,0290763694"
"202100051583";"12";"02";"2021";"18:07";"2";"51";"51454";"2";"2";"1";"3";"Rue Gustave Laurent";"49,2541534538";"4,0501835513"
"202100051584";"10";"02";"2021";"09:30";"1";"45";"45338";"2";"1";"4";"6";"D 2060-PR29+200";"47,9707180000";"2,7196450000"
"202100051585";"13";"02";"2021";"19:20";"5";"30";"30189";"2";"3";"1";"3";"BELLINI (RUE)";"43,8252700000";"4,3411000000"
"202100051586";"13";"02";"2021";"17:45";"1";"29";"29232";"1";"1";"1";"6";"D785 - Route de Pont lâAbbe";"47,9771454020";" -4,1334411489"
"202100051587";"13";"02";"2021";"17:15";"1";"29";"29019";"2";"1";"1";"3";"Rue de Gouesnou";"48,4118096764";" -4,4685154570"
"202100051588";"13";"02";"2021";"20:32";"5";"13";"13206";"2";"3";"1";"3";"LIEUTAUD (COURS)";"43,2882600000";"5,3845640000"
"202100051589";"13";"02";"2021";"16:00";"1";"13";"13215";"2";"1";"1";"3";"LYON (RUE DE)";"43,3224400000";"5,3676500000"
"202100051590";"13";"02";"2021";"02:07";"5";"13";"13210";"2";"1";"2";"1";"ROMAIN ROLLAND (BOULEVARD)";"43,2771961492";"5,4198871910"
"202100051591";"13";"02";"2021";"18:40";"5";"75";"75120";"2";"1";"1";"3";"RUE D AVRON";"48,8514430000";"2,3990490000"
"202100051592";"13";"02";"2021";"14:45";"1";"75";"75118";"2";"5";"1";"3";"RUE CAULAINCOURT";"48,8896910112";"2,3401891402"
"202100051593";"13";"02";"2021";"10:35";"1";"75";"75116";"2";"7";"1";"6";"BOULEVARD DELESSERT";"48,8585040000";"2,2847770000"
"202100051594";"13";"02";"2021";"15:20";"1";"75";"75112";"2";"3";"1";"3";"RUE DE CHARENTON";"48,8416040000";"2,3869480000"
"202100051595";"12";"02";"2021";"16:50";"1";"75";"75109";"2";"2";"1";"3";"RUE DE CHATEAUDUN";"48,8761990000";"2,3353550000"
"202100051596";"13";"02";"2021";"09:45";"1";"75";"75108";"2";"2";"1";"3";"RUE FRANCOIS 1ER";"48,8686540000";"2,3037070000"
"202100051597";"2";"02";"2021";"04:25";"3";"75";"75108";"2";"7";"3";"7";"ROND POINT CHAMPS ELYSEES MARCEL DASSAUL";"48,8685560000";"2,3092810000"
"202100051598";"13";"02";"2021";"12:20";"1";"75";"75103";"2";"3";"1";"3";"RUE SAINT MARTIN";"48,8684260000";"2,3552810000"
"202100051599";"13";"02";"2021";"15:40";"1";"94";"94081";"2";"1";"1";"3";"Rue dâOdessa";"48,7951460000";"2,4043490000"
"202100051600";"13";"02";"2021";"13:25";"1";"94";"94022";"2";"3";"1";"3";"REPUBLIQUE (AV DE LA)";"48,7605270000";"2,4078570000"
"202100051601";"13";"02";"2021";"15:00";"1";"93";"93070";"2";"1";"1";"7";"LANDY(RUE):NÂ° 1 AU 43";"48,9161400000";"2,3354900000"
"202100051602";"13";"02";"2021";"19:30";"5";"93";"93051";"2";"2";"1";"4";"NEUILLY (ROUTE)";"48,8480600000";"2,5388700000"
"202100051603";"13";"02";"2021";"19:45";"5";"93";"93048";"2";"1";"1";"4";"EPERNONS (RUE DES)";"48,8682000000";"2,4467000000"
"202100051604";"13";"02";"2021";"16:30";"1";"93";"93048";"2";"1";"1";"6";"GENERAL DE GAULE (PLACE DU)";"48,8686289211";"2,4336482584"
"202100051605";"13";"02";"2021";"14:00";"1";"93";"93048";"2";"3";"1";"3";"PARIS (RUE DE)";"48,8578000000";"2,4348000000"
"202100051606";"13";"02";"2021";"20:11";"5";"93";"93010";"2";"1";"1";"2";"BARBUSSE (AV. HENRI) DE 126 A FIN COTE P";"48,8996858586";"2,4958181995"
"202100051607";"13";"02";"2021";"20:40";"5";"93";"93005";"2";"1";"1";"4";"GEORGES BRAQUE (BOULEVARD)";"48,9576472313";"2,4785289034"
"202100051608";"13";"02";"2021";"14:50";"1";"92";"92064";"2";"1";"1";"4";"GOUNOD";"48,8434306686";"2,2167854011"
"202100051609";"13";"02";"2021";"15:25";"1";"92";"92050";"2";"6";"1";"6";"GARE RUE DE LA";"48,8963500000";"2,1996600000"
"202100051610";"13";"02";"2021";"15:50";"1";"92";"92014";"2";"7";"1";"3";"LIBERATION (PLACE DE LA)";"48,7768100000";"2,3142600000"
"202100051611";"14";"02";"2021";"15:14";"1";"54";"54089";"1";"1";"7";"2";"Route Departementale 913";"48,7592442681";"6,2541818620"
"202100051612";"14";"02";"2021";"17:00";"1";"68";"68178";"1";"4";"1";"6";"D430";"47,9414530000";"7,1105360000"
"202100051613";"12";"02";"2021";"08:15";"1";"31";"31446";"2";"1";"2";"6";"D813";"43,5492850000";"1,4791710000"
"202100051614";"13";"02";"2021";"14:20";"1";"41";"41173";"1";"1";"1";"6";"D74";"47,9040160000";"1,5342450000"
"202100051615";"14";"02";"2021";"17:50";"1";"76";"76750";"2";"1";"1";"6";"Rue de la Republique";"49,4572180000";"0,8270110000"
"202100051616";"13";"02";"2021";"21:46";"3";"61";"61230";"1";"1";"1";"7";"D918";"48,5317320000";"0,7515740000"
"202100051617";"13";"02";"2021";"12:40";"1";"39";"39510";"1";"1";"1";"6";"N/A";"46,3516900000";"5,9099910000"
"202100051618";"13";"02";"2021";"12:00";"1";"58";"58035";"1";"1";"1";"6";"D958";"47,0617320000";"3,4264040000"
"202100051619";"14";"02";"2021";"11:30";"1";"14";"14269";"1";"1";"1";"6";"Route de Blangy-le-ChÃ¢teau";"49,2478371237";"0,2358743565"
"202100051620";"13";"02";"2021";"16:25";"1";"10";"10209";"2";"2";"1";"3";"54 Avenue du 28 AoÃ»t 1944";"48,2513822485";"4,2636085153"
"202100051621";"13";"02";"2021";"16:00";"1";"36";"36096";"1";"1";"1";"6";"Champ Rocher";"46,7426770000";"1,1298590000"
"202100051622";"14";"02";"2021";"12:45";"1";"16";"16192";"1";"2";"1";"3";"Lieu-dit la Grande PiÃ¨ce";"45,8791340000";"0,5657910000"
"202100051623";"13";"02";"2021";"14:50";"1";"17";"17197";"2";"9";"1";"6";"Avenue du 57e regiment d'infanterie";"45,4371630000";" -0,4525690000"
"202100051624";"13";"02";"2021";"16:00";"1";"30";"30002";"1";"1";"8";"7";"D6110";"43,9661950000";"4,0981150000"
"202100051625";"13";"02";"2021";"09:01";"1";"30";"30036";"1";"1";"1";"3";"cd 135";"43,7409640000";"4,2930360000"
"202100051626";"14";"02";"2021";"09:55";"1";"45";"45254";"1";"6";"1";"6";"D940-PR 14 + 242";"47,6648820000";"2,6198100000"
"202100051627";"13";"02";"2021";"14:55";"1";"34";"34063";"1";"2";"1";"3";"D13";"43,4909705572";"3,3461791277"
"202100051628";"14";"02";"2021";"11:45";"1";"06";"06097";"2";"1";"1";"6";"D17";"43,8649530000";"7,0966370000"
"202100051629";"14";"02";"2021";"11:30";"1";"04";"04242";"1";"3";"1";"2";"RD 4096";"43,8959731814";"5,8774778229"
"202100051630";"14";"02";"2021";"03:05";"3";"58";"58126";"1";"1";"1";"6";"10 Route de Bourges";"46,9459790000";"3,0933270000"
"202100051631";"14";"02";"2021";"15:10";"1";"03";"03248";"1";"1";"1";"7";"Foret domaniale de l'assise";"46,0371252074";"3,8097399473"
"202100051632";"13";"02";"2021";"17:20";"1";"74";"74243";"1";"1";"8";"1";"D34";"46,1310470000";"6,0712120000"