"Num_Acc";"jour";"mois";"an";"hrmn";"lum";"dep";"com";"agg";"int";"atm";"col";"adr";"lat";"long"
"202100052194";"8";"02";"2021";"10:27";"1";"57";"57160";"1";"1";"4";"2";"DÃPARTEMENTAL 23";"49,2175410000";"6,6645380000"
"202100052195";"9";"02";"2021";"17:50";"2";"07";"07264";"1";"9";"1";"3";"D86";"44,3129710000";"4,6153950000"
"202100052196";"7";"02";"2021";"17:45";"2";"69";"69136";"1";"1";"1";"2";"ESSES (DES) (RTE)";"45,6483786938";"4,7466214746"
"202100052197";"9";"02";"2021";"06:00";"5";"60";"60489";"1";"1";"1";"1";"nationale 2";"49,1569907461";"2,8449578741"
"202100052198";"8";"02";"2021";"20:10";"5";"13";"13055";"1";"1";"2";"7";"A507 sens Aubagne- Marseille";"43,3299300000";"5,3901500000"
"202100052199";"5";"02";"2021";"08:00";"1";"59";"59288";"1";"1";"1";"2";"AUTOROUTE A2";"50,3222798715";"3,4268760681"
"202100052200";"2";"02";"2021";"15:55";"1";"62";"62274";"1";"1";"8";"5";"AUTOROUTE A1";"50,4322040000";"2,9792260000"
"202100052201";"8";"02";"2021";"08:35";"1";"91";"91286";"1";"1";"1";"3";"AUTOROUTE A6";"48,6517900000";"2,3829300000"
"202100052202";"7";"02";"2021";"21:00";"3";"974";"97416";"1";"1";"1";"6";"RN02";" -21,3590800000";"55,5354900000"
"202100052203";"6";"02";"2021";"12:30";"1";"973";"97302";"2";"2";"1";"3";"BADUEL (ROUTE DE)";"4,9390900000";" -52,3182800000"
"202100052204";"6";"02";"2021";"22:30";"5";"973";"97302";"2";"2";"2";"5";"CESAIRE (CITE)";"4,9308900000";" -52,3225200000"
"202100052205";"7";"02";"2021";"12:00";"1";"69";"69259";"2";"1";"1";"6";"ROGER SALENGRO (R)";"45,7188137138";"4,8713395000"
"202100052206";"7";"02";"2021";"11:15";"1";"69";"69259";"2";"1";"2";"2";"IRENE JOLIOT CURIE                  (BD)";"45,7176400000";"4,8755600000"
"202100052207";"6";"02";"2021";"04:44";"5";"972";"97209";"2";"4";"1";"6";"GENERAL DE GAULLE (BLD DU)";"14,6078600000";" -61,0692000000"
"202100052208";"7";"02";"2021";"16:05";"1";"69";"69389";"2";"2";"1";"3";"ROGER SALENGRO (R)";"45,7781100000";"4,8057600000"
"202100052209";"7";"02";"2021";"11:35";"1";"91";"91479";"2";"9";"2";"6";"PL HENRI BARBUSSE";"48,7128100000";"2,3635000000"
"202100052210";"7";"02";"2021";"02:20";"5";"54";"54357";"2";"2";"2";"3";"METZ (avenue de )";"48,7126244220";"6,1680712976"
"202100052211";"7";"02";"2021";"10:30";"1";"51";"51454";"2";"1";"8";"3";"Avenue Jean JaurÃ¨s";"49,2579975897";"4,0408140977"
"202100052212";"5";"02";"2021";"12:05";"1";"50";"50218";"2";"1";"1";"2";"MATIGNON (AV DES)";"48,8378200000";" -1,5618600000"
"202100052213";"7";"02";"2021";"19:00";"5";"45";"45208";"2";"1";"2";"6";"Rue Emile Mengin";"48,0036900000";"2,7419200000"
"202100052214";"7";"02";"2021";"13:17";"1";"38";"38544";"1";"1";"2";"2";"CD 41";"45,5234900000";"4,8898400000"
"202100052215";"7";"02";"2021";"19:00";"5";"33";"33063";"2";"1";"1";"1";"Cours de la Marne";"44,8304200000";" -0,5711700000"
"202100052216";"6";"02";"2021";"17:02";"1";"29";"29232";"1";"1";"1";"2";"D785 - Boulevard de Poulguinan";"47,9840250297";" -4,1158631444"
"202100052217";"6";"02";"2021";"14:35";"1";"29";"29232";"2";"3";"1";"3";"Avenue de Gourvily";"48,0153900000";" -4,0857300000"
"202100052218";"7";"02";"2021";"05:40";"5";"15";"15014";"2";"1";"2";"6";"Rue du PrÃ©sident Delzons";"44,9292700000";"2,4433600000"
"202100052219";"7";"02";"2021";"09:45";"1";"13";"13212";"2";"1";"8";"5";"24 AVRIL 15 (AVENUE DU)";"43,3080090000";"5,4340470000"
"202100052220";"7";"02";"2021";"09:35";"1";"13";"13211";"2";"1";"1";"7";"PEINTRES ROUX (avenue)";"43,3010320000";"5,4764840000"
"202100052221";"7";"02";"2021";"19:00";"5";"13";"13063";"2";"1";"1";"3";"ALBERT CAMUS  RUE";"43,5888510000";"5,0051160000"
"202100052222";"7";"02";"2021";"13:50";"1";"13";"13044";"1";"1";"1";"1";"RD 569";"43,6294049748";"5,0182561129"
"202100052223";"6";"02";"2021";"17:45";"5";"13";"13047";"2";"1";"6";"4";"RADOLFZELL AVENUE DE";"43,4992376568";"4,9882900996"
"202100052224";"7";"02";"2021";"18:10";"1";"13";"13028";"2";"1";"1";"1";"LOUP (CHEMIN DE SAINT)";"43,1800000000";"5,5900000000"
"202100052225";"7";"02";"2021";"17:30";"1";"13";"13001";"2";"1";"1";"4";"R.N 296";"43,5578700000";"5,4477400000"
"202100052226";"7";"02";"2021";"12:30";"1";"13";"13001";"2";"1";"1";"2";"PIOLINE (CH DE LA)";"43,5102800000";"5,4094800000"
"202100052227";"6";"02";"2021";"09:20";"1";"75";"75120";"2";"1";"2";"2";"ECHANGEUR BAGNOLET";"48,8661389412";"2,4128444448"
"202100052228";"7";"02";"2021";"17:50";"5";"75";"75116";"2";"1";"2";"6";"AVENUE DU PRESIDENT KENNEDY";"48,8539250000";"2,2827920000"
"202100052229";"7";"02";"2021";"19:20";"5";"75";"75114";"2";"2";"2";"2";"AVENUE DENFERT ROCHEREAU";"48,8386180000";"2,3366260000"
"202100052230";"2";"02";"2021";"16:05";"1";"75";"75111";"2";"1";"1";"6";"RUE DE LA ROQUETTE";"48,8549770000";"2,3732100000"
"202100052231";"6";"02";"2021";"14:10";"1";"75";"75109";"2";"2";"2";"3";"BOULEVARD MONTMARTRE";"48,8714890000";"2,3430670000"
"202100052232";"7";"02";"2021";"13:35";"1";"75";"75107";"2";"2";"2";"7";"QUAI D ORSAY";"48,8625720000";"2,3104100000"
"202100052233";"6";"02";"2021";"22:50";"5";"93";"93070";"2";"3";"2";"3";"GABRIEL-PERI (AV)";"48,9024149906";"2,3306250572"
"202100052234";"7";"02";"2021";"12:00";"1";"92";"92035";"2";"2";"2";"3";"Jules Ferry ( rue )";"48,9044899048";"2,2361053526"
"202100052235";"7";"02";"2021";"00:18";"5";"92";"92002";"2";"1";"2";"6";"BOIS DE VERRIERES (AVENUE DU)";"48,7550971892";"2,2881477992"
"202100052236";"6";"02";"2021";"12:00";"1";"13";"13210";"1";"1";"1";"5";"A50-Sens Marseille vers Aubagne";"43,2848400000";"5,4174100000"
"202100052237";"6";"02";"2021";"13:53";"1";"69";"69204";"1";"1";"1";"2";"A450";"45,6841000000";"4,8046200000"
"202100052238";"7";"02";"2021";"16:15";"1";"91";"91064";"1";"1";"2";"6";"RN 118";"48,7608700000";"2,2262400000"
"202100052239";"7";"02";"2021";"16:30";"1";"91";"91377";"1";"1";"2";"4";"AUTOROUTE A10";"48,7158330000";"2,2902980000"
"202100052240";"7";"02";"2021";"13:50";"1";"94";"94065";"1";"1";"2";"6";"AUTOROUTE A86";"48,7546994380";"2,3475930512"
"202100052241";"7";"02";"2021";"13:10";"1";"91";"91471";"1";"1";"2";"1";"RD 188 CHEVREUSE";"48,6927400000";"2,1861200000"
"202100052242";"7";"02";"2021";"12:00";"1";"91";"91521";"1";"1";"2";"6";"RN 104";"48,6270000000";"2,4000000000"
"202100052243";"6";"02";"2021";"21:00";"3";"91";"91645";"1";"1";"3";"4";"RN 385 ExtÃ¨rieure";"48,7600080000";"2,2577680000"
"202100052244";"6";"02";"2021";"16:35";"1";"92";"92019";"1";"1";"3";"2";"RN 385 ExtÃ¨rieure";"48,7598600000";"2,2716400000"
"202100052245";"7";"02";"2021";"15:00";"1";"78";"78423";"1";"1";"2";"3";"A12 W";"48,7934980000";"2,0406680000"
"202100052246";"7";"02";"2021";"13:20";"1";"92";"92050";"1";"1";"2";"6";"A86";"48,9142766490";"2,2194430375"
"202100052247";"7";"02";"2021";"01:15";"5";"92";"92025";"1";"1";"2";"6";"A86";"48,9351911105";"2,2598681872"
"202100052248";"7";"02";"2021";"19:45";"3";"95";"95527";"1";"1";"2";"2";"RN 104";"49,0270424864";"2,5150694530"
"202100052249";"7";"02";"2021";"13:00";"1";"95";"95572";"1";"1";"2";"6";" A15";"49,0335000000";"2,1098500000"
"202100052250";"7";"02";"2021";"11:45";"1";"92";"92036";"1";"1";"2";"5";"AUTOROUTE A15";"48,9384200000";"2,2942200000"
"202100052251";"6";"02";"2021";"18:05";"3";"95";"95018";"1";"1";"3";"6";"AUTOROUTE A15";"48,9607191984";"2,2703658172"
"202100052252";"6";"02";"2021";"16:00";"1";"95";"95572";"1";"1";"3";"6";" A15";"49,0323954232";"2,1105853853"
"202100052253";"6";"02";"2021";"20:30";"5";"94";"94073";"1";"1";"3";"3";"A86 EXT";"48,7609888888";"2,3826099002"
"202100052254";"7";"02";"2021";"14:15";"1";"37";"37092";"1";"1";"1";"6";"D910";"47,5171931962";"0,8149632344"
"202100052255";"8";"02";"2021";"11:14";"1";"62";"62393";"2";"1";"4";"6";"Rue du Houlet";"50,9229020000";"1,9747440000"
"202100052256";"7";"02";"2021";"15:45";"1";"62";"62338";"1";"1";"1";"1";"120 Rue Louis Bouquet";"50,6333830000";"2,8283840000"
"202100052257";"8";"02";"2021";"08:14";"1";"68";"68315";"1";"1";"2";"4";"Route DÃ©partementale 83";"47,8855570000";"7,2546670000"
"202100052258";"6";"02";"2021";"16:50";"2";"51";"51662";"1";"1";"2";"7";"D88";"49,2859470000";"4,1303870000"
"202100052259";"8";"02";"2021";"14:15";"1";"74";"74208";"1";"1";"1";"6";"Rte de Plaine Joux";"45,9460150000";"6,7220320000"
"202100052260";"8";"02";"2021";"13:00";"1";"80";"80639";"1";"1";"8";"3";"N25";"49,9348150000";"2,3073010000"
"202100052261";"7";"02";"2021";"03:40";"5";"11";"11206";"2";"1";"1";"6";"rd 118 avenue de catalogne";"43,0453460000";"2,2229930000"
"202100052262";"9";"01";"2021";"18:00";"5";"46";"46309";"2";"1";"1";"6";"Avenue Martin Malvy";"44,8970200000";"1,4707770000"
"202100052263";"8";"02";"2021";"12:20";"1";"47";"47110";"1";"1";"2";"2";"D299";"44,4613810000";"0,2660770000"
"202100052264";"23";"01";"2021";"17:40";"2";"41";"41164";"2";"4";"8";"3";"Rue Nationale";"47,2777740000";"1,3966070000"
"202100052265";"8";"02";"2021";"11:30";"1";"26";"26277";"1";"3";"8";"3";"Route dâAutichamp";"44,6886100000";"4,9445440000"
"202100052266";"4";"02";"2021";"10:08";"1";"14";"14100";"1";"1";"1";"7";"lieu dit le grand moulin";"49,0552300000";" -0,3458230000"
"202100052267";"8";"02";"2021";"14:08";"1";"60";"60187";"2";"2";"9";"3";"n31";"49,4442940000";"1,8292240000"
"202100052268";"7";"02";"2021";"17:30";"1";"43";"43135";"1";"1";"1";"1";"Route de Chadron";"44,9422210000";"3,9746960000"
"202100052269";"8";"02";"2021";"08:05";"1";"24";"24352";"1";"1";"8";"6";"La Grande Clavelie";"45,2213850000";"0,3326740000"
"202100052270";"8";"02";"2021";"08:50";"1";"30";"30147";"2";"1";"1";"6";"RD 907";"44,0145620000";"4,0417030000"
"202100052271";"8";"02";"2021";"09:00";"1";"30";"30071";"1";"1";"1";"1";"D106";"44,0288340000";"4,1275120000"
"202100052272";"7";"02";"2021";"15:35";"1";"03";"03031";"1";"1";"3";"7";"A71";"46,4200903678";"2,7023808120"
"202100052273";"8";"02";"2021";"13:00";"1";"69";"69044";"1";"1";"1";"7";"PARIS (DE) (RTE)";"45,7777300000";"4,7515300000"
"202100052274";"7";"02";"2021";"17:25";"2";"74";"74169";"1";"6";"1";"1";"D1205";"46,0635390000";"6,5400460000"
"202100052275";"8";"02";"2021";"06:45";"1";"973";"97303";"1";"1";"2";"5";"Counamama";"5,4503780000";" -53,1372860000"
"202100052276";"6";"02";"2021";"14:45";"1";"971";"97125";"2";"1";"2";"6";"Route Touristique";"16,2465260000";" -61,2918340000"
"202100052277";"8";"02";"2021";"10:47";"1";"78";"78443";"1";"4";"8";"3";"D912";"48,8038460000";"1,8658630000"
"202100052278";"7";"02";"2021";"13:15";"1";"30";"30155";"2";"2";"1";"3";"Chemin de Saint Paul";"43,8165270000";"4,4667900000"
"202100052279";"8";"02";"2021";"03:20";"3";"11";"11022";"1";"1";"1";"6";"Route dÃ©partementale 606";"43,2719990000";"2,6695700000"
"202100052280";"7";"02";"2021";"12:00";"1";"34";"34154";"1";"1";"1";"6";"D24e8";"43,6240930000";"4,0120970000"
"202100052281";"6";"02";"2021";"16:15";"1";"89";"89399";"1";"1";"1";"2";"Autoroute  A5";"48,2448250000";"3,3552070000"
"202100052282";"8";"02";"2021";"10:48";"1";"88";"88260";"1";"1";"4";"1";"Route de Portieux";"48,3560330000";"6,3318950000"
"202100052283";"8";"02";"2021";"12:30";"1";"54";"54260";"1";"1";"4";"3";"HÃ©rimÃ©nil RN4";"48,5696790000";"6,5093560000"
"202100052284";"7";"02";"2021";"20:50";"3";"74";"74287";"1";"1";"9";"6";"Rte du Val d'Hermone";"46,2982580000";"6,5306100000"
"202100052285";"7";"02";"2021";"19:10";"3";"74";"74128";"1";"1";"1";"2";"Rte de Thonon";"46,1550060000";"6,3193600000"
"202100052286";"8";"02";"2021";"15:45";"1";"86";"86079";"1";"1";"1";"7";"Rue du Calvaire";"46,9627480000";"0,1811620000"
"202100052287";"7";"02";"2021";"01:00";"5";"974";"97416";"2";"1";"1";"1";"DES ASSISES(CHEMIN)";" -21,2788000000";"55,4667000000"
"202100052288";"6";"02";"2021";"18:10";"1";"974";"97411";"2";"2";"1";"3";"MOULIN A VENT (RUE DU)";" -20,8738900000";"55,4514900000"
"202100052289";"7";"02";"2021";"02:20";"5";"69";"69383";"2";"1";"2";"7";"GARIBALDI (R)";"45,7569100000";"4,8527300000"
"202100052290";"6";"02";"2021";"16:50";"1";"69";"69259";"2";"3";"8";"3";"ANDRE SENTUC (R)";"45,7089300000";"4,8696400000"
"202100052291";"6";"02";"2021";"13:00";"1";"69";"69383";"2";"2";"1";"1";"FERDINAND BUISSON (R)";"45,7516800000";"4,8949600000"
"202100052292";"6";"02";"2021";"14:35";"1";"69";"69382";"2";"2";"8";"3";"BAYARD (CR)";"45,7439500000";"4,8210300000"
"202100052293";"3";"02";"2021";"12:30";"1";"971";"97101";"2";"9";"1";"6";"MARECHAL LECLERC";"16,2574000000";" -61,5296300000"
"202100052294";"6";"02";"2021";"18:50";"4";"971";"97107";"2";"1";"2";"3";"PAUL LACAVE ( AVENUE )";"16,0454000000";" -61,5629000000"
"202100052295";"6";"02";"2021";"11:30";"1";"91";"91161";"2";"3";"2";"2";"AV PIERRE BROSSOLETTE";"48,6994920000";"2,3046640000"
"202100052296";"6";"02";"2021";"15:00";"1";"86";"86194";"2";"1";"3";"6";"Rue Normandie Niemen";"46,5646470000";"0,3387840000"
"202100052297";"5";"02";"2021";"17:25";"1";"83";"83137";"2";"1";"1";"3";"COLLET (AVE AMIRAL)";"43,1290000000";"5,9241800000"
"202100052298";"6";"02";"2021";"14:40";"1";"77";"77258";"2";"3";"3";"3";"TOUR D'AUVERGNE (RUE DE LA)";"48,8403730000";"2,6487670000"
"202100052299";"6";"02";"2021";"08:15";"2";"77";"77285";"2";"1";"1";"6";"MARIE CURIE (SQUARE)";"48,5419800000";"2,6268700000"
"202100052300";"2";"02";"2021";"13:35";"1";"74";"74281";"2";"1";"2";"6";"CORNICHE (BD DE LA) INFERIEUR NÂ°20";"46,3722600000";"6,4741000000"
"202100052301";"6";"02";"2021";"10:20";"1";"74";"74305";"2";"1";"8";"3";"MONTREAL (RUE DE)";"46,2028700000";"6,2757300000"
"202100052302";"5";"02";"2021";"11:55";"1";"72";"72181";"2";"1";"1";"6";"BANJAN (RUE) NÂ° IMP";"48,0000000000";"0,2000000000"
"202100052303";"6";"02";"2021";"23:50";"5";"59";"59599";"2";"3";"2";"1";"COLBERT (RUE)";"50,7365300000";"3,1767200000"
"202100052304";"3";"02";"2021";"09:55";"1";"59";"59650";"2";"1";"3";"6";"PHILIPPOT (RUE GEORGES)";"50,7108700000";"3,2068500000"
"202100052305";"6";"02";"2021";"16:01";"1";"56";"56260";"2";"6";"1";"7";"GIRATOIRE DU DR CADORET";"47,6653000000";" -2,7508000000"
"202100052306";"5";"02";"2021";"07:50";"4";"56";"56260";"2";"6";"3";"6";"TOHANNIC (AVENUE DE)";"47,6468300000";" -2,7435400000"
"202100052307";"7";"02";"2021";"01:30";"5";"54";"54395";"2";"1";"2";"6";"VINGT SIXIEME R.I. (BOULEVARD DU 46 A FI";"48,6967095796";"6,1892412230"
"202100052308";"6";"02";"2021";"11:00";"1";"54";"54395";"2";"3";"1";"6";"MON DESERT (RUE)";"48,6841166330";"6,1767183244"
"202100052309";"6";"02";"2021";"17:17";"2";"51";"51454";"2";"1";"2";"1";"Rue Francois Mauriac";"49,2366735693";"3,9971027261"
"202100052310";"5";"02";"2021";"20:05";"5";"51";"51454";"2";"1";"1";"1";"Rue de Vesle";"49,2534281470";"4,0287633484"
"202100052311";"6";"02";"2021";"18:00";"2";"45";"45004";"2";"1";"2";"2";"RD 2007";"47,9790120000";"2,7421470000"
"202100052312";"6";"02";"2021";"15:55";"1";"42";"42187";"2";"1";"8";"6";"Rue Emile Noirot";"46,0388700000";"4,0689500000"
"202100052313";"5";"02";"2021";"19:43";"5";"37";"37261";"2";"2";"2";"3";"MALRAUX (QUAI ANDRE)";"47,3975748326";"0,6994471478"
"202100052314";"5";"02";"2021";"19:05";"5";"35";"35238";"2";"2";"1";"3";"Rue de Vezin";"48,1163270000";" -1,7139840000"
"202100052315";"5";"02";"2021";"17:30";"1";"34";"34172";"2";"1";"1";"3";"SAINT MAURICE DE SAURET (AVENUE)";"43,6204070215";"3,8927329112"
"202100052316";"6";"02";"2021";"09:55";"1";"29";"29019";"2";"6";"1";"3";"Avenue Victor le Gorgeu";"48,4007495550";" -4,4997435808"
"202100052317";"5";"02";"2021";"18:00";"5";"25";"25031";"2";"1";"2";"6";"JAURES (AVENUE JEAN)";"47,4872590000";"6,8308350000"
"202100052318";"6";"02";"2021";"13:00";"1";"13";"13005";"1";"5";"8";"5";"SOLLANS (CHEMIN DES)";"43,3054500000";"5,5725400000"
"202100052319";"5";"02";"2021";"16:00";"1";"75";"75118";"2";"3";"1";"2";"AVENUE DE SAINT OUEN";"48,8895730000";"2,3262840000"
"202100052320";"6";"02";"2021";"11:00";"1";"75";"75117";"2";"2";"2";"3";"RUE DE ROME";"48,8840200000";"2,3184990000"
"202100052321";"6";"02";"2021";"21:30";"5";"75";"75116";"2";"3";"2";"3";"AVENUE VICTOR HUGO";"48,8688140000";"2,2833260000"
"202100052322";"6";"02";"2021";"16:00";"1";"75";"75116";"2";"7";"3";"3";"PLACE DE LA PORTE DE SAINT CLOUD";"48,8380209788";"2,2563705654"
"202100052323";"6";"02";"2021";"16:30";"1";"75";"75116";"2";"3";"3";"2";"AVENUE DU PRESIDENT WILSON";"48,8649610000";"2,2958830000"
"202100052324";"6";"02";"2021";"17:50";"5";"75";"75113";"2";"2";"2";"6";"QUAI D AUSTERLITZ";"48,8418910000";"2,3678730000"
"202100052325";"6";"02";"2021";"17:18";"1";"75";"75113";"2";"2";"3";"6";"RUE REGNAULT";"48,8229140000";"2,3687300000"
"202100052326";"6";"02";"2021";"18:45";"5";"75";"75112";"2";"2";"2";"3";"RUE DE PICPUS";"48,8471710000";"2,3936730000"
"202100052327";"6";"02";"2021";"19:00";"5";"75";"75112";"2";"3";"3";"6";"RUE DU FAUBOURG SAINT ANTOINE";"48,8496810000";"2,3873240000"
"202100052328";"6";"02";"2021";"17:30";"2";"75";"75112";"2";"5";"3";"6";"RUE ABEL";"48,8459070000";"2,3743570000"
"202100052329";"6";"02";"2021";"16:50";"2";"75";"75112";"2";"2";"3";"6";"BOULEVARD PONIATOWSKI";"48,8317600000";"2,3978030000"
"202100052330";"6";"02";"2021";"20:10";"5";"75";"75112";"2";"1";"2";"3";"QUAI DE LA RAPEE";"48,8437000000";"2,3698500000"
"202100052331";"5";"02";"2021";"19:28";"5";"94";"94011";"2";"1";"1";"2";"ALMA (AV DE L)";"48,7840000000";"2,4950000000"
"202100052332";"6";"02";"2021";"07:00";"5";"94";"94052";"2";"2";"2";"3";"CHARLES DE GAULLE (GRAND RUE)";"48,8354914448";"2,4740910530"
"202100052333";"6";"02";"2021";"04:34";"5";"94";"94022";"2";"9";"2";"3";"STALINGRAD (BD DE)";"48,7728900000";"2,4000700000"
"202100052334";"6";"02";"2021";"17:00";"1";"93";"93070";"2";"1";"2";"6";"ARDOIN(RUE)";"48,9110636081";"2,3256554992"
"202100052335";"6";"02";"2021";"17:15";"1";"93";"93064";"2";"1";"2";"6";"CAVARE (RUE PAUL)";"48,8730197181";"2,4852121917"
"202100052336";"6";"02";"2021";"17:35";"2";"93";"93048";"2";"2";"2";"3";"PARIS (RUE DE)";"48,8547230393";"2,4175274477"
"202100052337";"6";"02";"2021";"08:40";"2";"93";"93008";"2";"1";"2";"6";"EINSTEIN (RUE ALBERT)";"48,9056200000";"2,4287400000"
"202100052338";"6";"02";"2021";"06:50";"5";"93";"93008";"2";"9";"2";"1";"VAILLANT COUTURIER (AVENUE PAUL)";"48,9058766053";"2,4588307142"
"202100052339";"6";"02";"2021";"13:30";"1";"92";"92025";"2";"5";"8";"3";"CHARLES DE GAULLE (BD)";"48,9133003924";"2,2306524235"
"202100052340";"6";"02";"2021";"15:30";"1";"38";"38157";"1";"2";"1";"2";"2676 Avenue Porte des Alpes";"45,5069200000";"4,9820780000"
"202100052341";"5";"02";"2021";"18:45";"3";"52";"52365";"1";"1";"3";"3";"D105";"48,0811180000";"4,9204860000"
"202100052342";"7";"02";"2021";"09:28";"1";"05";"05079";"1";"1";"4";"1";"D1091";"44,9794470000";"6,4998510000"
"202100052343";"7";"02";"2021";"16:30";"1";"49";"49368";"2";"3";"1";"1";"Rue de Vernoil";"47,3915950000";"0,0615940000"
"202100052344";"7";"02";"2021";"17:00";"1";"34";"34101";"1";"1";"1";"1";"D18";"43,3829050000";"3,4528590000"
"202100052345";"6";"02";"2021";"16:15";"1";"29";"29260";"2";"6";"1";"3";"Boulevard du Ponant";"48,4379639720";" -4,6152134668"
"202100052346";"6";"02";"2021";"21:49";"3";"50";"50267";"1";"6";"1";"7";"Route du Pont de l'Enfer";"49,2303920000";" -1,5342340000"
"202100052347";"7";"02";"2021";"00:59";"3";"60";"60699";"1";"1";"2";"6";"rue des coutumes";"49,5228270000";"1,8591140000"
"202100052348";"5";"02";"2021";"20:30";"5";"43";"43012";"2";"1";"1";"1";"Route de la Faye";"45,3613880000";"4,2061440000"
"202100052349";"7";"02";"2021";"18:30";"3";"53";"53178";"1";"1";"1";"7";"D128";"47,8857620000";" -0,8312760000"
"202100052350";"6";"02";"2021";"18:00";"2";"85";"85022";"1";"1";"1";"7";"Le  Breuil";"46,4325500000";" -1,4499600000"
"202100052351";"7";"02";"2021";"12:30";"1";"95";"95678";"1";"1";"2";"6";"RN 184";"49,0729709882";"2,2411252766"
"202100052352";"6";"02";"2021";"23:45";"3";"971";"97116";"1";"1";"1";"6";"Rue du Moule";"16,3268010000";" -61,4437600000"
"202100052353";"7";"02";"2021";"03:15";"3";"77";"77415";"1";"1";"2";"6";"dÃ©partementale 603";"48,9518560000";"3,0545480000"
"202100052354";"5";"02";"2021";"20:00";"3";"83";"83029";"1";"1";"1";"6";"637 Route de Montauroux";"43,6270440000";"6,7574720000"
"202100052355";"7";"02";"2021";"14:55";"1";"71";"71223";"1";"1";"2";"7";"Les Grands Vernes";"46,9741550000";"4,1817410000"
"202100052356";"7";"02";"2021";"18:50";"2";"69";"69074";"2";"1";"1";"6";"RIVOLET (DE) (RTE)";"45,9993926616";"4,6397937993"
"202100052357";"20";"01";"2021";"12:30";"1";"69";"69110";"1";"1";"2";"1";"MARRONNIER (DU) (RTE)";"45,6184880000";"4,4904850000"
"202100052358";"7";"02";"2021";"05:30";"2";"17";"17228";"2";"1";"2";"6";"Impasse du Petit Toussauge";"45,6282040000";" -0,9442560000"
"202100052359";"7";"02";"2021";"14:20";"1";"85";"85218";"1";"3";"1";"1";"rd 978 pr 29+814";"46,6320340000";" -1,6526270000"
"202100052360";"6";"02";"2021";"17:45";"2";"44";"44026";"1";"1";"7";"4";"ROUTE DÃPARTEMENTALE 723";"47,2971320000";" -1,4058210000"
"202100052361";"5";"02";"2021";"17:21";"1";"22";"22143";"2";"1";"1";"3";"Rue Charles LECOQ";"48,5971170000";" -2,2878760000"
"202100052362";"5";"02";"2021";"14:40";"1";"59";"59091";"1";"1";"1";"2";"D6642";"50,7272740000";"2,5725820000"
"202100052363";"2";"02";"2021";"06:35";"5";"69";"69290";"1";"1";"2";"2";"RN346";"45,7104860000";"4,9681370000"
"202100052364";"6";"02";"2021";"13:55";"1";"33";"33063";"1";"1";"3";"2";"Rocade Nord A630";"44,8868310000";" -0,5695580000"
"202100052365";"6";"02";"2021";"13:15";"1";"33";"33143";"1";"1";"3";"4";"AUTOROUTE A 10";"44,9764420000";" -0,4327220000"
"202100052366";"6";"02";"2021";"18:20";"3";"91";"91434";"1";"1";"3";"2";"AUTOROUTE A6";"48,6684000000";"2,3542000000"
"202100052367";"6";"02";"2021";"13:10";"1";"93";"93053";"1";"1";"2";"6";"AUTOROUTE A103";"48,8882500000";"2,4722200000"
"202100052368";"6";"02";"2021";"11:15";"1";"93";"93064";"1";"1";"2";"6";"A103";"48,8882100000";"2,4722100000"
"202100052369";"5";"02";"2021";"17:10";"1";"77";"77258";"1";"1";"1";"6";"A4.W";"48,8319191616";"2,6482031665"
"202100052370";"6";"02";"2021";"11:06";"1";"988";"98818";"2";"1";"1";"3";"RUE JULES GARNIER";" -22,2907100000";"166,4424200000"
"202100052371";"5";"02";"2021";"18:25";"5";"988";"98818";"2";"3";"3";"3";"SEBASTOPOL (RUE DE)";" -22,2742800000";"166,4437400000"
"202100052372";"5";"02";"2021";"14:10";"1";"988";"98818";"2";"2";"1";"3";"RUE VICTOR BERNUT/RUE EDOUARD GLASSER";" -22,2931300000";"166,4488000000"
"202100052373";"5";"02";"2021";"16:20";"1";"974";"97416";"1";"3";"7";"3";"SAVIGNY (CHEMIN EDOUARD)";" -21,2995100000";"55,4907300000"
"202100052374";"5";"02";"2021";"14:15";"1";"974";"97416";"2";"6";"1";"3";"BANK (BOULEVARD)";" -21,3307300000";"55,4748100000"
"202100052375";"4";"02";"2021";"21:15";"3";"974";"97407";"2";"1";"1";"7";"MASCAREIGNES(BOULEVARD)";" -20,9465300000";"55,3042400000"
"202100052376";"5";"02";"2021";"18:40";"2";"973";"97302";"2";"1";"2";"6";"BARRAT (DU DOCTEUR)";"4,9380800000";" -52,3265200000"
"202100052377";"5";"02";"2021";"08:14";"1";"973";"97302";"2";"1";"1";"3";"SOURCE DE BADUEL (CHEMIN DE LA)";"4,9307100000";" -52,3091200000"
"202100052378";"5";"02";"2021";"16:25";"1";"69";"69387";"2";"1";"8";"3";"JEAN JAURES (AV)";"45,7515068732";"4,8456400037"
"202100052379";"5";"02";"2021";"07:50";"2";"69";"69259";"2";"2";"1";"3";"MARTYRS DE LA RESISTANCE (DES) (R)";"45,6923700000";"4,8729300000"
"202100052380";"5";"02";"2021";"10:00";"1";"69";"69286";"1";"1";"8";"1";"FONTAINE (DE) (RTE)";"45,8255200000";"4,8819500000"
"202100052381";"4";"02";"2021";"13:05";"1";"69";"69381";"2";"2";"1";"2";"DE LATTRE DE TASSIGNY               (PT)";"45,7724500000";"4,8385000000"
"202100052382";"5";"02";"2021";"14:30";"1";"2B";"2B033";"2";"3";"1";"3";"11 - RT";"42,6653600000";"9,4425800000"
"202100052383";"5";"02";"2021";"14:30";"1";"2B";"2B033";"2";"6";"1";"4";"CAPITAINE THEN";"42,6746600000";"9,4379100000"
"202100052384";"5";"02";"2021";"12:00";"1";"2B";"2B120";"1";"1";"1";"4";"11 - RT";"42,6482400000";"9,4402300000"