"Num_Acc";"jour";"mois";"an";"hrmn";"lum";"dep";"com";"agg";"int";"atm";"col";"adr";"lat";"long"
"202100052574";"4";"02";"2021";"08:30";"1";"75";"75106";"2";"1";"1";"2";"RUE DE SEVRES";"48,8489170000";"2,3214990000"
"202100052575";"3";"02";"2021";"14:36";"1";"75";"75107";"2";"3";"2";"3";"RUE DE SEVRES";"48,8498260000";"2,3232830000"
"202100052576";"4";"02";"2021";"21:00";"5";"75";"75102";"2";"1";"1";"6";"BOULEVARD POISSONNIERE";"48,8712380000";"2,3445430000"
"202100052577";"4";"02";"2021";"14:20";"1";"75";"75102";"2";"3";"1";"6";"RUE MONTMARTRE";"48,8708510000";"2,3428520000"
"202100052578";"3";"02";"2021";"15:30";"1";"75";"75101";"2";"7";"2";"7";"QUAI FRANCOIS MITTERRAND";"48,8601175384";"2,3333448172"
"202100052579";"2";"02";"2021";"14:40";"1";"75";"75104";"2";"2";"1";"3";"RUE SAINT ANTOINE";"48,8534240000";"2,3671570000"
"202100052580";"3";"02";"2021";"18:40";"5";"94";"94081";"2";"1";"1";"1";"ROUGET DE L ISLE (AV)";"48,7844200000";"2,3930200000"
"202100052581";"4";"02";"2021";"09:15";"1";"94";"94080";"2";"1";"1";"6";"PREVOYANCE (R DE LA)";"48,8488500000";"2,4208300000"
"202100052582";"4";"02";"2021";"16:50";"1";"94";"94076";"2";"4";"1";"3";"GUY MOCQUET (R)";"48,7985360000";"2,3574620000"
"202100052583";"4";"02";"2021";"14:15";"1";"94";"94022";"2";"1";"1";"6";"Boulevard des AlliÃ©s";"48,7648300000";"2,4049700000"
"202100052584";"3";"02";"2021";"13:45";"1";"94";"94022";"2";"3";"2";"3";"ALFORTVILLE (AV D)";"48,7726400000";"2,4143500000"
"202100052585";"4";"02";"2021";"09:45";"1";"94";"94017";"2";"1";"1";"6";"CHARLES FLOQUET (R)";"48,8191700000";"2,4824800000"
"202100052586";"4";"02";"2021";"14:30";"1";"93";"93073";"1";"4";"8";"6";"CHAPIT RE ( RUE DU)";"48,9860881703";"2,5203943532"
"202100052587";"4";"02";"2021";"08:20";"1";"93";"93072";"2";"1";"1";"2";"MARCEL CACHIN (AVENUE) DES NÂ°1 AU 17";"48,9567200000";"2,3830100000"
"202100052588";"3";"02";"2021";"10:16";"1";"93";"93066";"2";"2";"8";"5";"""BARBUSSE HENRI, NR 35 A 137""";"48,9405443737";"2,3718617342"
"202100052589";"4";"02";"2021";"13:30";"1";"93";"93049";"2";"3";"1";"3";"MARCEL DASSAULT (AVENUE)";"48,8656577000";"2,5153781638"
"202100052590";"3";"02";"2021";"14:45";"1";"93";"93050";"2";"1";"2";"2";"PAUL ET CAMILLE THOMOUX (RUE) COTE IMPAI";"48,8634000000";"2,5298700000"
"202100052591";"4";"02";"2021";"07:05";"5";"93";"93046";"2";"9";"2";"3";"CONSUL GENERAL NORDLING AVENUE";"48,9176082482";"2,5342644877"
"202100052592";"4";"02";"2021";"09:25";"1";"93";"93029";"2";"1";"1";"2";"HENRI BARBUSSE (AVE) NÂ°126-280";"48,9225399477";"2,4568414403"
"202100052593";"4";"02";"2021";"17:45";"1";"93";"93027";"2";"1";"1";"3";"MERMOZ (AVENUE JEAN)";"48,9324700000";"2,4068000000"
"202100052594";"4";"02";"2021";"16:55";"1";"93";"93010";"1";"1";"1";"3";"GALLIENI (AV.) CONFORAMA 53";"48,9057500000";"2,4774000000"
"202100052595";"4";"02";"2021";"10:33";"1";"92";"92049";"2";"1";"1";"3";"BRIAND AVENUE ARISTIDE AUTRES NÂ°";"48,8148615399";"2,3257595301"
"202100052596";"3";"02";"2021";"17:33";"5";"92";"92020";"2";"4";"2";"2";"VANVES BOULEVARD NÂ° IMPAIRS";"48,8053889851";"2,2871169448"
"202100052597";"3";"02";"2021";"11:25";"1";"92";"92025";"2";"2";"1";"3";"AGENT SARRE (AV DE L')";"48,9248397080";"2,2666114569"
"202100052598";"29";"01";"2021";"09:35";"1";"92";"92025";"2";"2";"1";"3";"PAUL BERT (RUE)";"48,9273633170";"2,2470098734"
"202100052599";"5";"02";"2021";"07:50";"2";"35";"35285";"1";"2";"5";"3";"lieu-dit La BAsse lande";"47,7554900000";" -1,9439790000"
"202100052600";"4";"02";"2021";"09:30";"1";"47";"47262";"1";"2";"1";"3";"D114";"44,1385630000";"0,7583890000"
"202100052601";"4";"02";"2021";"17:35";"5";"01";"01443";"2";"1";"1";"6";"dÃ©partementale 1083";"46,0061730000";"5,0338090000"
"202100052602";"4";"02";"2021";"18:50";"3";"66";"66106";"1";"1";"1";"2";"A9 pk 275+250 sens France/Espagne";"42,4957046256";"2,8280621791"
"202100052603";"5";"02";"2021";"04:17";"3";"01";"01089";"1";"1";"1";"1";"D1075";"45,9577770000";"5,3273200000"
"202100052604";"5";"02";"2021";"16:00";"1";"43";"43110";"2";"1";"1";"3";"Route de Champagnac";"45,3138030000";"3,4344960000"
"202100052605";"5";"02";"2021";"15:15";"1";"83";"83152";"1";"1";"1";"3";"D27";"43,1659050000";"6,4728780000"
"202100052606";"3";"02";"2021";"17:00";"1";"29";"29095";"1";"1";"1";"4";"RN 12 - PK 63+600";"48,4546851636";" -4,3720597029"
"202100052607";"5";"02";"2021";"16:30";"1";"42";"42308";"2";"1";"1";"6";"Rue Jean Claude Dubouchet";"45,4508170000";"4,5818780000"
"202100052608";"5";"02";"2021";"12:15";"1";"56";"56094";"1";"1";"1";"3";"D194";"47,7643700000";" -3,3003210000"
"202100052609";"5";"02";"2021";"12:45";"1";"2B";"2B074";"1";"1";"1";"6";"RT 20";"42,2627960000";"9,1691420000"
"202100052610";"5";"02";"2021";"06:30";"2";"89";"89074";"1";"1";"2";"2";"D606";"48,3190210000";"3,1390860000"
"202100052611";"4";"02";"2021";"17:30";"2";"76";"76255";"2";"3";"1";"3";"D1015";"50,0571500000";"1,4213400000"
"202100052612";"4";"02";"2021";"05:15";"3";"35";"35331";"1";"1";"3";"6";"La Bedoyere";"48,0859230000";" -1,9122980000"
"202100052613";"5";"02";"2021";"16:55";"1";"29";"29004";"1";"1";"1";"6";"D765 - Rue du Moulin Rozhuel";"47,9361560000";" -3,7250300000"
"202100052614";"4";"02";"2021";"19:20";"3";"72";"72376";"1";"1";"1";"6";"Bas Colomboeuf";"47,8588710000";"0,4849170000"
"202100052615";"4";"02";"2021";"20:15";"3";"06";"06023";"1";"9";"1";"7";"Route de Vintimille";"43,9258250000";"7,5202060000"
"202100052616";"28";"01";"2021";"10:30";"1";"06";"06079";"2";"1";"1";"6";"245 AllÃ©e Louis BlÃ©riot";"43,5550890000";"6,9526550000"
"202100052617";"4";"02";"2021";"14:00";"1";"18";"18234";"2";"1";"2";"6";"4 Route de ChÃ¢teaumeillant";"46,5083990000";"2,2368460000"
"202100052618";"1";"02";"2021";"16:25";"1";"21";"21663";"2";"7";"1";"3";"Avenue de la Gare";"47,5429170000";"4,4602940000"
"202100052619";"5";"02";"2021";"13:40";"1";"04";"04049";"1";"1";"1";"2";"RN 85";"44,0869530000";"6,0101440000"
"202100052620";"5";"02";"2021";"15:10";"1";"17";"17202";"1";"1";"2";"1";"D939";"45,9836410000";" -0,5858370000"
"202100052621";"4";"02";"2021";"13:48";"1";"37";"37062";"1";"1";"2";"6";"D766";"47,5425254196";"0,3391291201"
"202100052622";"4";"02";"2021";"16:00";"1";"06";"06085";"2";"1";"1";"1";"1028 Avenue Notre-dame de Vie";"43,5961180000";"7,0017340000"
"202100052623";"3";"02";"2021";"11:15";"1";"68";"68300";"1";"1";"3";"2";"A36 PK 112.000";"47,7862370000";"7,4186790000"
"202100052624";"5";"02";"2021";"15:20";"1";"27";"27147";"1";"1";"1";"7";"N154, PR 038+200 vers ROUEN";"49,1100130000";"1,1872420000"
"202100052625";"5";"02";"2021";"14:45";"1";"975";"97502";"2";"1";"2";"7";"Route de la Pointe Blanche";"46,7724493498";" -56,1765666604"
"202100052626";"6";"02";"2021";"00:15";"5";"988";"98817";"2";"1";"2";"6";"route de la corniche -710-";" -22,2688830000";"166,5695790000"
"202100052627";"19";"01";"2021";"05:45";"2";"971";"97121";"2";"1";"1";"6";"Rue de la RÃ©publique";"16,2303540000";" -61,7884830000"
"202100052628";"5";"02";"2021";"15:20";"1";"77";"77485";"2";"1";"8";"6";"1 Rue de l'Ermitage";"48,3593250000";"2,5169850000"
"202100052629";"2";"02";"2021";"12:50";"1";"34";"34145";"2";"2";"1";"6";"Boulevard sainte-Claire";"43,6724040000";"4,1404190000"
"202100052630";"4";"02";"2021";"17:00";"1";"83";"83127";"1";"1";"1";"7";"D202";"43,2764300000";"5,9131830000"
"202100052631";"5";"02";"2021";"07:30";"1";"06";"06122";"2";"1";"1";"5";"Ancienne Route de Vence (Pont)";"43,7436700000";"7,1367360000"
"202100052632";"4";"02";"2021";"20:40";"3";"71";"71350";"1";"2";"1";"7";"D45";"46,3359120000";"4,6765980000"
"202100052633";"3";"02";"2021";"07:23";"2";"38";"38556";"1";"2";"1";"3";"Route de la Chapelle";"45,3822810000";"4,8412800000"
"202100052634";"3";"02";"2021";"10:35";"1";"76";"76055";"1";"2";"1";"3";"D131";"49,6361600000";"0,7354900000"
"202100052635";"29";"01";"2021";"12:30";"1";"13";"13211";"1";"1";"1";"2";"A50-Sens Aubagne vers Marseille";"43,2934500000";"5,4741300000"
"202100052636";"3";"02";"2021";"06:50";"3";"13";"13215";"1";"1";"1";"2";"A7-Sens Lyon vers Marseille";"43,3770000000";"5,3582100000"
"202100052637";"3";"02";"2021";"08:00";"3";"54";"54072";"1";"1";"3";"2";"Autoroute A 31";"48,8529020000";"6,0889990000"
"202100052638";"4";"02";"2021";"14:10";"1";"33";"33318";"1";"1";"1";"3";"AUTOROUTE A 63";"44,7851460000";" -0,6293230000"
"202100052639";"4";"02";"2021";"07:40";"2";"33";"33249";"1";"1";"1";"2";"Route nationale 230";"44,8719210000";" -0,5060740000"
"202100052640";"4";"02";"2021";"13:15";"1";"91";"91617";"1";"1";"1";"7";"RN 104";"48,6429500000";"2,5359500000"
"202100052641";"4";"02";"2021";"19:45";"3";"92";"92064";"1";"1";"1";"2";"A13";"48,8397630302";"2,2032787376"
"202100052642";"3";"02";"2021";"16:30";"1";"78";"78646";"1";"1";"1";"2";"RN12";"48,7933500000";"2,0750600000"
"202100052643";"4";"02";"2021";"12:00";"1";"95";"95060";"1";"1";"2";"6";" A115";"49,0431419212";"2,1880276998"
"202100052644";"4";"02";"2021";"07:15";"3";"95";"95212";"1";"1";"1";"4";" A1";"49,0328181219";"2,5398345822"
"202100052645";"3";"02";"2021";"17:10";"1";"976";"97611";"2";"1";"1";"1";"convalescence/vetivers-Convalescence (bo";" -12,7806600000";"45,2235200000"
"202100052646";"2";"02";"2021";"20:35";"4";"69";"69386";"2";"2";"1";"7";"SERBIE (DE) (Q)";"45,7723300000";"4,8411300000"
"202100052647";"3";"02";"2021";"15:25";"1";"972";"97213";"1";"1";"1";"2";"AUTOROUTE A1";"14,6160300000";" -61,0156400000"
"202100052648";"3";"02";"2021";"18:20";"5";"69";"69384";"2";"1";"2";"1";"ESSES (DES)                         (MO)";"45,7730000000";"4,8153600000"
"202100052649";"3";"02";"2021";"08:55";"1";"69";"69081";"2";"1";"2";"1";"BON PASTEUR (DU) (AV)  ";"45,7872200000";"4,7797900000"
"202100052650";"2";"02";"2021";"12:18";"1";"95";"95051";"2";"1";"1";"1";"JULES CESAR (CHAUSSEE)";"49,0092933937";"2,1978181298"
"202100052651";"29";"01";"2021";"12:45";"1";"95";"95288";"2";"1";"1";"2";"SARCELLES (RUE DE)";"48,9849300000";"2,3621800000"
"202100052652";"1";"02";"2021";"17:25";"1";"91";"91570";"2";"1";"1";"1";"SAINTE GENEVIEVE (RUE)";"48,6382000000";"2,3127000000"
"202100052653";"2";"02";"2021";"17:20";"1";"86";"86194";"2";"6";"2";"3";"Rue Maxime Dumoulin";"46,5707900000";"0,3497500000"
"202100052654";"3";"02";"2021";"19:30";"5";"83";"83137";"2";"3";"1";"2";"REPUBLIQUE (AVE DE LA)";"43,1199700000";"5,9328500000"
"202100052655";"28";"01";"2021";"07:58";"2";"82";"82033";"2";"1";"1";"6";"TOULOUSE RD 813 (ROUTE DE) ";"44,0333890000";"1,1211630000"
"202100052656";"3";"02";"2021";"11:00";"1";"77";"77108";"2";"7";"8";"6";"PL GASNIER GUY";"48,8745200000";"2,5831800000"
"202100052657";"2";"02";"2021";"08:00";"1";"76";"76410";"2";"1";"1";"5";"COTE DE LA VALETTE";"49,4881600000";"1,0311700000"
"202100052658";"2";"02";"2021";"20:15";"5";"76";"76351";"2";"1";"1";"2";"Rue Auguste Blanqui";"49,4987300000";"0,1625500000"
"202100052659";"3";"02";"2021";"17:10";"1";"69";"69256";"2";"2";"1";"3";"REPUBLIQUE (DE LA) (R)";"45,7867300000";"4,9209400000"
"202100052660";"3";"02";"2021";"13:34";"1";"69";"69264";"2";"1";"2";"3";"SAVOYE CLAUDIUS (R)";"45,9891500000";"4,7276000000"
"202100052661";"2";"02";"2021";"20:50";"5";"67";"67204";"2";"1";"8";"6";"REPUBLIQUE (RUE DE LA)";"48,6213000000";"7,7550300000"
"202100052662";"1";"02";"2021";"13:50";"1";"67";"67482";"2";"1";"2";"6";"LANGUEDOC (RUE DU)";"48,5488160000";"7,7417210000"
"202100052663";"31";"01";"2021";"18:15";"5";"67";"67482";"2";"3";"1";"3";"MOLSHEIM (RUE DE)";"48,5749700000";"7,7302260000"
"202100052664";"3";"02";"2021";"18:20";"5";"64";"64024";"2";"3";"1";"7";"BAYONNE (AVENUE DE)";"43,4810200000";" -1,5120100000"
"202100052665";"3";"02";"2021";"10:45";"1";"64";"64024";"2";"6";"1";"3";"BUTTE AUX CAILLES (ROND POINT DE LA)";"43,4967491142";" -1,5094653072"
"202100052666";"3";"02";"2021";"09:00";"1";"64";"64102";"2";"9";"1";"3";"MAUBEC (RUE)";"43,5002500000";" -1,4668800000"
"202100052667";"3";"02";"2021";"14:25";"1";"59";"59122";"1";"1";"3";"2";"PARIS (AVENUE DE)";"50,1614680473";"3,2261610031"
"202100052668";"3";"02";"2021";"17:26";"1";"51";"51454";"2";"1";"2";"7";"Rue de Vesle";"49,2531166285";"4,0278436128"
"202100052669";"3";"02";"2021";"15:45";"1";"51";"51454";"2";"1";"2";"7";"Avenue Nationale de la Neuvillette";"49,2949539317";"3,9997208292"
"202100052670";"1";"02";"2021";"13:45";"1";"50";"50129";"2";"2";"8";"1";"TANNERIES (RUE DES)";"49,6323200000";" -1,6234900000"
"202100052671";"29";"01";"2021";"17:00";"1";"49";"49099";"2";"1";"1";"6";"CESBRON LAVAU (RUE)";"47,0697931823";" -0,8866182237"
"202100052672";"29";"01";"2021";"18:12";"2";"49";"49007";"2";"1";"1";"7";"FOCH BOULEVARD";"47,4681480000";" -0,5506630000"
"202100052673";"3";"02";"2021";"13:10";"1";"44";"44109";"2";"6";"1";"6";"PICHERIT ( RUE HENRI )";"47,2526556068";" -1,5531081701"
"202100052674";"3";"02";"2021";"08:30";"1";"40";"40279";"1";"1";"1";"1";"LACS DES (AVENUE)";"43,7314400000";" -1,0998300000"
"202100052675";"3";"02";"2021";"17:45";"2";"38";"38421";"2";"2";"1";"6";"Avenue Gabriel PÃ©ri";"45,1844300000";"5,7682500000"
"202100052676";"3";"02";"2021";"07:50";"2";"37";"37261";"2";"6";"8";"6";"DOUETS (RUE DES)";"47,4327695364";"0,6859133871"
"202100052677";"4";"02";"2021";"00:02";"5";"33";"33063";"2";"2";"1";"3";"Cours de la Marne";"44,8281800000";" -0,5607600000"
"202100052678";"3";"02";"2021";"15:15";"1";"33";"33318";"2";"3";"2";"6";"AllÃ©e des Tulipes";"44,7901400000";" -0,6319100000"
"202100052679";"2";"02";"2021";"14:20";"1";"31";"31555";"2";"1";"1";"1";"26 AV DE LOMBEZ";"43,5961700000";"1,4213600000"
"202100052680";"3";"02";"2021";"08:10";"2";"29";"29019";"2";"1";"3";"6";"Rue de Quimper";"48,4018290000";" -4,4583490000"
"202100052681";"2";"02";"2021";"13:22";"1";"27";"27229";"2";"3";"2";"6";"MONDUIT (RUE HENRI)";"49,0292429000";"1,1428976000"
"202100052682";"2";"02";"2021";"13:10";"1";"13";"13056";"2";"1";"1";"3";"VAUCANSON JACQUES DE";"43,3921200000";"5,0357100000"
"202100052683";"3";"02";"2021";"14:27";"1";"13";"13205";"2";"1";"1";"1";"ROGER BRUN (RUE)";"43,2860376203";"5,3919795019"
"202100052684";"3";"02";"2021";"18:19";"5";"06";"06027";"2";"2";"1";"3";"NICE AVENUE DE (RN7)";"43,6595800000";"7,1695800000"
"202100052685";"3";"02";"2021";"17:50";"2";"75";"75119";"2";"1";"1";"3";"BOULEVARD PERIPHERIQUE";"48,8856600000";"2,3974540000"
"202100052686";"3";"02";"2021";"09:10";"1";"75";"75112";"2";"1";"1";"2";"BOULEVARD PERIPHERIQUE";"48,8301710000";"2,4021880000"
"202100052687";"1";"02";"2021";"18:35";"5";"75";"75113";"2";"1";"8";"3";"QUAI D IVRY";"48,8256750000";"2,3866930000"
"202100052688";"2";"02";"2021";"11:55";"1";"75";"75118";"2";"2";"2";"3";"RUE PAJOL";"48,8912670000";"2,3632840000"
"202100052689";"3";"02";"2021";"14:18";"1";"75";"75116";"2";"1";"2";"3";"RUE DE LA POMPE";"48,8662340000";"2,2798940000"
"202100052690";"3";"02";"2021";"07:50";"1";"75";"75114";"2";"3";"2";"3";"RUE LOUIS MORARD";"48,8292540000";"2,3192290000"
"202100052691";"3";"02";"2021";"07:45";"4";"75";"75114";"2";"3";"3";"3";"RUE DU PERE CORENTIN";"48,8241000000";"2,3277850000"
"202100052692";"2";"02";"2021";"16:20";"1";"75";"75113";"2";"2";"1";"3";"BOULEVARD VINCENT AURIOL";"48,8375740000";"2,3736480000"
"202100052693";"3";"02";"2021";"07:40";"5";"75";"75107";"2";"2";"3";"2";"PONT ALEXANDRE III";"48,8628320000";"2,3134420000"
"202100052694";"3";"02";"2021";"09:25";"1";"75";"75101";"2";"5";"2";"6";"RUE DE RIVOLI";"48,8587500000";"2,3474950000"
"202100052695";"2";"02";"2021";"08:55";"1";"75";"75102";"2";"2";"2";"6";"BOULEVARD DE SEBASTOPOL";"48,8644410000";"2,3515570000"
"202100052696";"3";"02";"2021";"06:10";"5";"94";"94054";"2";"2";"2";"3";"Avenue de la Victoire";"48,7451400000";"2,3889500000"
"202100052697";"3";"02";"2021";"02:40";"5";"94";"94069";"2";"1";"2";"7";"CHEMIN DE PRESLES (AV DU)";"48,8160900000";"2,4617700000"
"202100052698";"3";"02";"2021";"12:58";"1";"94";"94071";"2";"1";"2";"3";"MOULIN A VENT (R DU)";"48,7639200000";"2,5292800000"
"202100052699";"3";"02";"2021";"19:40";"5";"93";"93078";"2";"6";"1";"2";"BALLANGER (BD ROBERT)";"48,9606745822";"2,5554253188"
"202100052700";"28";"01";"2021";"14:50";"1";"93";"93027";"2";"1";"1";"3";"VERDUN (RUE DE)";"48,9311800000";"2,4146900000"
"202100052701";"3";"02";"2021";"09:30";"1";"93";"93005";"1";"8";"8";"3";"ROBERT BREMOND (RUE)";"48,9574805878";"2,4635463196"
"202100052702";"31";"01";"2021";"18:20";"5";"92";"92075";"2";"1";"3";"6";"RAYMOND MARCHERON (RUE)";"48,8189765566";"2,2872041449"
"202100052703";"27";"01";"2021";"09:09";"1";"92";"92063";"2";"1";"2";"6";"DEUX GARES (RUE DES)";"48,8874116912";"2,1703482736"
"202100052704";"26";"01";"2021";"18:30";"5";"92";"92063";"2";"3";"1";"3";"HOPITAL STELL (BOULEVARD DE L')";"48,8786500000";"2,1865100000"
"202100052705";"2";"02";"2021";"06:50";"5";"92";"92051";"2";"1";"2";"2";"CHARLES DE GAULLE (AVENUE, NÂ°27 A 129)";"48,8806135485";"2,2726568674"
"202100052706";"3";"02";"2021";"08:05";"5";"92";"92044";"2";"2";"3";"6";"PDT WILSON(RUE)107A131 ET 110A130";"48,8964200000";"2,2865600000"
"202100052707";"3";"02";"2021";"07:20";"5";"92";"92026";"2";"4";"3";"3";"BAUDIN";"48,8965175959";"2,2523313761"
"202100052708";"3";"02";"2021";"13:10";"1";"92";"92024";"2";"3";"8";"6";"GENERAL LECLERC (BD DU) (9 A 59)   (4 A";"48,9023564252";"2,3138988018"
"202100052709";"3";"02";"2021";"12:30";"1";"92";"92019";"2";"1";"1";"6";"DIVISION LECLERC (AVENUE DE LA)";"48,7684900000";"2,2511300000"
"202100052710";"2";"02";"2021";"20:10";"5";"92";"92012";"2";"1";"1";"2";"QUATRE SEPTEMBRE (QUAI DU)";"48,8462800000";"2,2269700000"
"202100052711";"3";"02";"2021";"11:15";"1";"92";"92009";"2";"9";"8";"3";"AGENT SARRE ( RUE DE L' )";"48,9254368297";"2,2691367567"
"202100052712";"4";"02";"2021";"09:58";"1";"54";"54089";"1";"1";"1";"7";"Route dÃ©partementale 32";"48,7835400000";"6,2912180000"
"202100052713";"4";"02";"2021";"06:00";"3";"11";"11098";"1";"1";"2";"2";"A61";"43,1683776467";"2,7366769150"
"202100052714";"3";"02";"2021";"16:50";"1";"49";"49092";"1";"1";"2";"3";"Mauvezin (valanjou)";"47,2318870000";" -0,6629230000"
"202100052715";"3";"02";"2021";"18:50";"3";"34";"34270";"1";"1";"1";"6";"Route de Laverune - D5";"43,5939200000";"3,8337990000"
"202100052716";"3";"02";"2021";"05:20";"3";"83";"83087";"1";"1";"5";"6";"route de marseille D280";"43,3847680000";"5,7701580000"
"202100052717";"4";"02";"2021";"11:50";"1";"55";"55543";"2";"1";"1";"6";"37 Rue de Tronville";"48,7040930000";"5,2982530000"
"202100052718";"29";"01";"2021";"16:30";"1";"42";"42315";"1";"1";"1";"1";"Route de la Goutte";"45,6002250000";"4,2263760000"
"202100052719";"2";"02";"2021";"17:20";"1";"46";"46007";"1";"3";"8";"3";"D911";"44,4568680000";"1,5076460000"
"202100052720";"3";"02";"2021";"19:50";"3";"47";"47301";"1";"1";"1";"6";"Tardy";"44,5273380000";"0,2889280000"
"202100052721";"4";"02";"2021";"04:15";"3";"29";"29141";"1";"4";"3";"6";"D14 - Route de Huelgoat";"48,3234667035";" -3,8526394278"
"202100052722";"4";"02";"2021";"15:30";"1";"01";"01304";"2";"1";"1";"3";"rue saint exupery";"46,0530180000";"5,3350470000"
"202100052723";"4";"02";"2021";"08:15";"2";"50";"50394";"1";"1";"2";"3";"Route de Carentan";"49,1910540000";" -1,3992070000"
"202100052724";"4";"02";"2021";"10:45";"1";"60";"60071";"2";"3";"8";"6";"Rue des Tilleuls";"49,5804455345";"2,7336814282"
"202100052725";"3";"02";"2021";"17:15";"1";"24";"24146";"1";"1";"1";"6";"N21";"45,0640790000";"0,6811520000"
"202100052726";"4";"02";"2021";"06:48";"2";"27";"27464";"1";"2";"2";"1";"RD 51/ RD 32";"48,9339890000";"1,1138330000"
"202100052727";"3";"02";"2021";"07:15";"2";"08";"08391";"2";"1";"2";"1";"8 Rue Carnot";"49,7368420000";"4,9265180000"
"202100052728";"1";"02";"2021";"00:10";"5";"988";"98805";"1";"1";"1";"1";"VE2 HT KENUIN";" -22,2198470000";"166,4702080000"
"202100052729";"3";"02";"2021";"16:30";"1";"49";"49128";"1";"1";"1";"7";"D766 PR30+812";"47,5531720000";" -0,1966920000"
"202100052730";"1";"02";"2021";"06:55";"2";"68";"68135";"1";"1";"1";"4";"a 35 - pk 122+600";"47,5909270000";"7,5452900000"
"202100052731";"3";"02";"2021";"18:00";"1";"86";"86174";"1";"1";"1";"1";"Bretelle sortie nÂ°27";"46,7748770000";"0,5112930000"
"202100052732";"4";"02";"2021";"05:10";"3";"91";"91198";"1";"1";"8";"6";"Route de Malesherbes";"48,4516850000";"2,3421480000"
"202100052733";"4";"02";"2021";"08:10";"1";"84";"84092";"1";"9";"5";"5";"Route de Sorgues (rd 907)";"43,9849560000";"4,8606780000"
"202100052734";"4";"02";"2021";"07:45";"2";"83";"83104";"1";"1";"1";"4";"D23";"43,6396100000";"5,8042200000"
"202100052735";"3";"02";"2021";"17:20";"2";"88";"88078";"2";"1";"2";"6";"50 Rue Abel Ferry";"48,2041980000";"6,7219160000"
"202100052736";"3";"02";"2021";"17:10";"1";"26";"26138";"2";"1";"8";"1";"140 Chemin des Escrottes";"44,3905080000";"4,7511630000"
"202100052737";"3";"02";"2021";"17:25";"2";"29";"29087";"1";"1";"1";"6";"VC -  lieu dit Kerarneuf";"48,0467275648";" -4,2361427019"
"202100052738";"4";"02";"2021";"11:00";"1";"60";"60524";"1";"1";"1";"6";"2 Route de Neuilly";"49,3386370000";"2,4287190000"
"202100052739";"3";"02";"2021";"16:40";"1";"94";"94038";"1";"1";"1";"2";"AUTOROUTE A6B";"48,7772100000";"2,3464200000"
"202100052740";"3";"02";"2021";"17:00";"1";"91";"91174";"1";"1";"1";"4";"RN 104";"48,6216100000";"2,4628400000"
"202100052741";"2";"02";"2021";"13:10";"1";"95";"95394";"1";"1";"2";"6";"RN 184";"49,0524296334";"2,1798419952"
"202100052742";"2";"02";"2021";"14:10";"1";"988";"98818";"2";"3";"2";"3";"RUE TARDY DE MONTRAVEL/ACCES PARKING CAPITAINERIE";" -22,2902400000";"166,4379700000"
"202100052743";"2";"02";"2021";"11:00";"1";"973";"97302";"2";"1";"1";"1";"MONTABO (ROUTE DE) 2";"4,9298100000";" -52,2903900000"
"202100052744";"2";"02";"2021";"15:30";"1";"69";"69386";"2";"2";"8";"3";"JULIETTE RECAMIER (R)";"45,7644300000";"4,8537200000"
"202100052745";"2";"02";"2021";"11:55";"1";"69";"69386";"2";"2";"8";"6";"DUQUESNE (R)";"45,7730742742";"4,8489206214"
"202100052746";"2";"02";"2021";"18:50";"5";"972";"97213";"1";"1";"1";"2";"ROUTE DEPARTEMENTALE 13";"14,6305600000";" -61,0094300000"
"202100052747";"2";"02";"2021";"06:07";"2";"972";"97213";"2";"4";"2";"6";"ROUTE DEPARTEMENTALE 3";"14,6174500000";" -60,9951700000"
"202100052748";"31";"01";"2021";"07:00";"1";"972";"97213";"1";"1";"1";"4";"ROUTE NATIONALE 1";"14,6581800000";" -60,9726800000"
"202100052749";"2";"02";"2021";"18:40";"3";"972";"97209";"1";"1";"1";"5";"ENTRAIDE (ROUTE DE L')";"14,6250500000";" -61,0549000000"
"202100052750";"2";"02";"2021";"09:50";"1";"972";"97209";"1";"1";"2";"6";"BALATA (ROUTE DE)";"14,6300800000";" -61,0724400000"
"202100052751";"2";"02";"2021";"13:50";"1";"95";"95088";"1";"1";"1";"7";"PARIS (RUE DE)";"48,9748823270";"2,4294689524"
"202100052752";"2";"02";"2021";"09:40";"1";"95";"95210";"2";"1";"2";"6";"MARECHAL FOCH  (PLACE)";"48,9716725117";"2,3091566563"
"202100052753";"1";"02";"2021";"21:33";"5";"95";"95500";"2";"7";"1";"3";"PONT (PLACE DU)";"49,0484666131";"2,1013566896"
"202100052754";"2";"02";"2021";"17:57";"5";"91";"91479";"2";"9";"1";"1";"AV DU GENERAL DE GAULLE";"48,7106920000";"2,3605110000"
"202100052755";"29";"01";"2021";"13:40";"1";"91";"91521";"2";"6";"1";"3";"MAINGOT (RUE THEODORE)";"48,6592900000";"2,4072400000"
"202100052756";"1";"02";"2021";"08:45";"1";"80";"80021";"1";"1";"5";"3";"ROCADE NORD RN 1";"49,9243000000";"2,2921300000"
"202100052757";"29";"01";"2021";"16:55";"1";"80";"80021";"2";"1";"1";"2";"RESISTANCE (RUE DE LA)";"49,8983474755";"2,2957936829"
"202100052758";"29";"01";"2021";"15:20";"1";"76";"76447";"1";"1";"1";"6";"D489";"49,5310700000";"0,1859000000"
"202100052759";"2";"02";"2021";"17:45";"4";"71";"71475";"2";"1";"2";"3";"LYON (ROUTE DE )";"46,7636900000";"4,8424200000"
"202100052760";"1";"02";"2021";"08:00";"1";"69";"69275";"2";"1";"2";"6";"SULLY (R)";"45,7714110000";"4,9759000000"