"Num_Acc";"jour";"mois";"an";"hrmn";"lum";"dep";"com";"agg";"int";"atm";"col";"adr";"lat";"long"
"202100053138";"30";"01";"2021";"22:45";"5";"59";"59659";"2";"1";"1";"6";"38 Rue de Verdun";"50,0172720000";"4,0198030000"
"202100053139";"30";"01";"2021";"17:50";"2";"13";"13081";"1";"1";"3";"4";"A7-Sens Marseille vers Lyon";"43,4925600000";"5,2401000000"
"202100053140";"30";"01";"2021";"18:22";"3";"38";"38087";"1";"1";"1";"2";"A7";"45,5853900000";"4,7999500000"
"202100053141";"30";"01";"2021";"12:00";"1";"91";"91377";"1";"1";"1";"4";"AUTOROUTE A10";"48,7237100000";"2,2985200000"
"202100053142";"30";"01";"2021";"05:35";"3";"91";"91589";"1";"1";"3";"7";"AUTOROUTE A6";"48,6805100000";"2,3316900000"
"202100053143";"30";"01";"2021";"11:45";"1";"92";"92050";"1";"1";"2";"7";"A14";"48,9003097159";"2,2081911514"
"202100053144";"30";"01";"2021";"09:00";"1";"92";"92012";"2";"1";"2";"6";"A13";"48,8485300000";"2,2286200000"
"202100053145";"29";"01";"2021";"19:20";"3";"78";"78007";"1";"1";"2";"3";"A13 Y";"48,8947990000";"2,0075650000"
"202100053146";"29";"01";"2021";"18:00";"3";"78";"78498";"1";"1";"2";"4";"A13";"48,9111800000";"2,0054890000"
"202100053147";"30";"01";"2021";"14:30";"1";"95";"95241";"1";"1";"1";"7";"RN 104";"49,0468501113";"2,4367126390"
"202100053148";"30";"01";"2021";"06:20";"3";"93";"93013";"1";"1";"3";"5";"AUTOROUTE A1";"48,9403100000";"2,4227800000"
"202100053149";"29";"01";"2021";"22:45";"3";"92";"92036";"1";"1";"1";"4";"AUTOROUTE A86";"48,9328600000";"2,3213900000"
"202100053150";"29";"01";"2021";"21:30";"3";"92";"92078";"1";"1";"1";"2";"AUTOROUTE A86";"48,9281997009";"2,3314316539"
"202100053151";"28";"01";"2021";"16:45";"1";"988";"98818";"2";"1";"2";"4";"VE1";" -22,2337400000";"166,4576600000"
"202100053152";"25";"01";"2021";"16:46";"1";"987";"98735";"2";"1";"1";"3";"C U SACREE (QTIER RICHMOND)";" -17,5275300000";" -149,5585700000"
"202100053153";"27";"01";"2021";"10:20";"1";"974";"97416";"1";"9";"1";"6";"BUREAUX (CHEMIN)";" -21,3031700000";"55,4289000000"
"202100053154";"29";"01";"2021";"12:20";"1";"974";"97407";"1";"1";"1";"4";"MASCAREIGNES(BOULEVARD)";" -20,9365670000";"55,3074520000"
"202100053155";"29";"01";"2021";"18:55";"5";"69";"69386";"1";"2";"1";"3";"BELGES (DES) (BD)";"45,7706800000";"4,8562600000"
"202100053156";"29";"01";"2021";"17:20";"2";"69";"69388";"2";"2";"1";"3";"VILLON (DE) (R)";"45,7434173256";"4,8653462778"
"202100053157";"29";"01";"2021";"15:50";"1";"69";"69259";"2";"2";"1";"6";"LEO LAGRANGE (R)";"45,6990100000";"4,8702900000"
"202100053158";"29";"01";"2021";"07:40";"1";"69";"69383";"2";"2";"1";"5";"MARECHAL DE SAXE                    (AV)";"45,7550025969";"4,8467689422"
"202100053159";"28";"01";"2021";"12:25";"1";"69";"69386";"2";"2";"2";"3";"BELGES (DES)                        (BD)";"45,7688100000";"4,8582300000"
"202100053160";"29";"01";"2021";"07:35";"2";"69";"69259";"2";"2";"2";"2";"MARCEL CACHIN (AV)";"45,6921661447";"4,8785806898"
"202100053161";"28";"01";"2021";"08:28";"1";"69";"69388";"2";"1";"2";"7";"ETATS UNIS (DES)                    (BD)";"45,7361400000";"4,8624300000"
"202100053162";"29";"01";"2021";"15:00";"1";"972";"97209";"1";"3";"1";"3";"PROFESSEUR RAYMOND GARCIN (RUE DU)";"14,6207000000";" -61,0780900000"
"202100053163";"29";"01";"2021";"14:05";"1";"972";"97209";"2";"1";"1";"3";"REDOUTE (ROUTE DE LA)";"14,6323500000";" -61,0541100000"
"202100053164";"29";"01";"2021";"22:20";"5";"69";"69382";"2";"1";"1";"3";"BARRE (DE LA) (R)";"45,7577000000";"4,8350200000"
"202100053165";"29";"01";"2021";"15:40";"1";"69";"69389";"2";"2";"1";"3";"CLAIRE (DE LA) (R)";"45,7797600000";"4,8057400000"
"202100053166";"28";"01";"2021";"20:50";"5";"971";"97107";"2";"3";"1";"1";"DUMANOIR ( ALLEE )";"16,0325500000";" -61,5695400000"
"202100053167";"29";"01";"2021";"16:40";"1";"91";"91421";"2";"1";"2";"3";"REPUBLIQUE (AVENUE DE LA)";"48,6989410000";"2,4696600000"
"202100053168";"28";"01";"2021";"09:10";"1";"91";"91687";"2";"3";"1";"5";"GABRIEL PERI (AVENUE)";"48,6804510000";"2,3771930000"
"202100053169";"27";"01";"2021";"15:38";"1";"87";"87085";"2";"2";"2";"7";"VALOINE (ROND-POINT DE LA)";"45,8037200000";"1,2777900000"
"202100053170";"25";"01";"2021";"07:39";"3";"87";"87065";"1";"1";"2";"6";"AUTOROUTE A20";"45,7986808365";"1,2963045669"
"202100053171";"27";"01";"2021";"15:32";"1";"87";"87085";"2";"1";"2";"3";"BUXEROLLES (RUE DE)";"45,8691800000";"1,2635400000"
"202100053172";"26";"01";"2021";"10:10";"1";"83";"83129";"2";"3";"1";"3";"CALADE (CHE ET MO DE LA)";"43,1112970000";"5,8267910000"
"202100053173";"29";"01";"2021";"21:00";"5";"83";"83034";"2";"1";"1";"2";"AVENUE DE FONT BRUN";"43,0849664566";"6,1081310594"
"202100053174";"29";"01";"2021";"10:00";"1";"83";"83069";"2";"2";"1";"6";"GAMBETTA (AVENUE)";"43,1175800000";"6,1285700000"
"202100053175";"27";"01";"2021";"07:50";"5";"80";"80021";"2";"2";"2";"1";"ANCIENS COMBATTANTS (PLACE DES)";"49,8968500000";"2,2827900000"
"202100053176";"26";"01";"2021";"11:25";"1";"78";"78646";"2";"1";"1";"6";"CHAMP LAGARDE (RUE)";"48,8014700000";"2,1477800000"
"202100053177";"29";"01";"2021";"17:55";"5";"78";"78440";"2";"1";"2";"2";"EUROPE (AVENUE DE L')";"48,9771300000";"1,9146920000"
"202100053178";"28";"01";"2021";"08:00";"2";"78";"78015";"2";"3";"2";"3";"LECLERC (RUE DU GENERAL)";"48,9646830000";"2,0444210000"
"202100053179";"28";"01";"2021";"13:30";"1";"77";"77279";"1";"1";"1";"7";"ROUTE DE MONTEREAU";"48,3843900000";"3,0192900000"
"202100053180";"25";"01";"2021";"16:00";"1";"76";"76540";"2";"1";"1";"6";"RENAUD. RUE DE L'ENSEIGNE";"49,4348634313";"1,1254390882"
"202100053181";"23";"01";"2021";"16:10";"1";"76";"76575";"2";"1";"1";"6";"CATELIERS. RUE DES";"49,3887500000";"1,0805100000"
"202100053182";"22";"01";"2021";"18:15";"5";"76";"76540";"2";"1";"1";"6";"MARNE. BOULEVARD DE LA";"49,4471300000";"1,0940100000"
"202100053183";"18";"01";"2021";"18:00";"5";"76";"76540";"2";"2";"1";"3";"RONDEAUX. AVENUE JEAN";"49,4318500000";"1,0741000000"
"202100053184";"29";"01";"2021";"15:25";"1";"71";"71040";"1";"1";"1";"2";"Bretelle accÃ¨s RN 70";"46,6982700000";"4,3869000000"
"202100053185";"28";"01";"2021";"17:10";"2";"71";"71270";"2";"3";"2";"3";"BIGONNET (RUE)";"46,3022500000";"4,8259000000"
"202100053186";"28";"01";"2021";"18:20";"5";"69";"69271";"1";"2";"8";"3";"CHARLES DE GAULLE (BD)";"45,7433100000";"4,9371700000"
"202100053187";"28";"01";"2021";"16:10";"1";"67";"67218";"1";"1";"8";"7";"VIGNES (RUE DES)";"48,5204700000";"7,7289000000"
"202100053188";"28";"01";"2021";"12:10";"1";"67";"67482";"2";"8";"8";"6";"COLMAR (AVENUE DE)";"48,5628400000";"7,7526310000"
"202100053189";"27";"01";"2021";"12:40";"1";"67";"67482";"2";"1";"8";"3";"PLAINE DES BOUCHERS (RUE DE LA)";"48,5606900000";"7,7381300000"
"202100053190";"29";"01";"2021";"08:40";"1";"64";"64335";"2";"1";"2";"6";"CARREROT";"43,3303000000";" -0,4230600000"
"202100053191";"29";"01";"2021";"09:59";"1";"63";"63113";"2";"2";"1";"3";"THEURIET (RUE ANDRE)";"45,7687800000";"3,0780900000"
"202100053192";"27";"01";"2021";"21:21";"5";"63";"63113";"2";"4";"2";"3";"ORADOU (RUE DE L')";"45,7696204475";"3,1118608340"
"202100053193";"18";"01";"2021";"17:12";"5";"62";"62624";"2";"1";"1";"3";"REPUBLIQUE (AVE DE LA )";"50,4145100000";"2,9845200000"
"202100053194";"19";"01";"2021";"08:30";"2";"59";"59507";"2";"1";"1";"6";"DE LATTRE DE TASSIGNY AV. MAL";"50,6027290000";"3,0897230000"
"202100053195";"28";"01";"2021";"12:05";"1";"59";"59350";"2";"3";"1";"3";"SALENGRO ROGER RUE";"50,6291405076";"3,1026238521"
"202100053196";"27";"01";"2021";"18:45";"5";"57";"57672";"2";"1";"1";"3";"ROBERT SCHUMANN (BOULEVARD)";"49,3533400000";"6,1748800000"
"202100053197";"29";"01";"2021";"16:45";"1";"56";"56260";"2";"1";"1";"2";"Avenue du 4 Aout 1944";"47,6728600000";" -2,7579900000"
"202100053198";"29";"01";"2021";"08:50";"1";"56";"56121";"2";"3";"8";"2";"BELGIQUE (RUE  DE )";"47,7590900000";" -3,3791900000"
"202100053199";"29";"01";"2021";"18:15";"5";"51";"51454";"2";"1";"3";"7";"Rue Paul Vaillant Couturier";"49,2659117292";"4,0253188741"
"202100053200";"15";"01";"2021";"15:25";"1";"51";"51230";"2";"1";"1";"6";"Avenue de Mardeuil";"49,0561924624";"3,9483842039"
"202100053201";"29";"01";"2021";"10:00";"1";"49";"49099";"2";"2";"1";"6";"LORRAINE (RUE DE)";"47,0587800000";" -0,8661300000"
"202100053202";"29";"01";"2021";"13:45";"1";"49";"49007";"2";"1";"1";"7";"RD 107";"47,5135100000";" -0,5694000000"
"202100053203";"24";"01";"2021";"16:05";"1";"47";"47215";"2";"3";"8";"1";"REPUBLIQUE (avenue de la )";"44,3916500000";"0,6869430000"
"202100053204";"27";"01";"2021";"11:10";"1";"40";"40192";"2";"6";"2";"3";"ROUMAT (BD RENE)";"43,8849700000";" -0,4787100000"
"202100053205";"28";"01";"2021";"16:55";"1";"38";"38185";"2";"2";"3";"3";"Avenue Paul Verlaine";"45,1617500000";"5,7157700000"
"202100053206";"29";"01";"2021";"21:10";"5";"37";"37261";"2";"2";"1";"2";"COMMERCE (RUE DU)";"47,3949525043";"0,6844305395"
"202100053207";"29";"01";"2021";"13:15";"1";"37";"37122";"2";"3";"1";"3";"Rue des Martyrs";"47,3551577518";"0,6669511199"
"202100053208";"29";"01";"2021";"18:00";"5";"35";"35281";"2";"1";"1";"3";"NANTES (RUE DE)";"48,0888800000";" -1,6936600000"
"202100053209";"29";"01";"2021";"12:05";"1";"35";"35238";"1";"1";"1";"6";"RN136";"48,0991300000";" -1,7141900000"
"202100053210";"29";"01";"2021";"10:35";"1";"35";"35051";"1";"1";"1";"3";"LONGCHAMPS (PORTE DES)";"48,1401500000";" -1,6299000000"
"202100053211";"28";"01";"2021";"17:00";"1";"34";"34032";"2";"1";"1";"6";"SAINT SAENS CAMILLE (AV)";"43,3428600000";"3,2230000000"
"202100053212";"29";"01";"2021";"11:40";"1";"33";"33063";"2";"2";"1";"3";"Quai de Brazza";"44,8520800000";" -0,5571000000"
"202100053213";"29";"01";"2021";"23:55";"5";"33";"33529";"2";"1";"2";"7";"Boulevard des Miquelots";"44,6099620870";" -1,1487133816"
"202100053214";"28";"01";"2021";"18:15";"2";"31";"31555";"2";"1";"1";"6";"R-PT CHARLES FABRE";"43,5746535119";"1,4050242305"
"202100053215";"27";"01";"2021";"13:40";"1";"31";"31555";"2";"1";"2";"3";"PONT NEUF";"43,5988600000";"1,4365300000"
"202100053216";"29";"01";"2021";"19:20";"5";"30";"30189";"2";"3";"1";"3";"GAMBETTA (BD)";"43,8404895155";"4,3603384495"
"202100053217";"29";"01";"2021";"16:10";"1";"30";"30007";"2";"9";"1";"6";"HUIT MAI 1945 (QUAI DU)";"44,1337900000";"4,0783900000"
"202100053218";"28";"01";"2021";"16:30";"1";"28";"28085";"2";"6";"2";"3";"EPARGNE (RUE DE L')";"48,4474600000";"1,4767900000"
"202100053219";"28";"01";"2021";"08:10";"2";"21";"21231";"2";"3";"2";"1";"MARECHAL JUIN (BOULEVARD)";"47,3138400000";"5,0081500000"
"202100053220";"28";"01";"2021";"08:59";"1";"17";"17300";"2";"2";"2";"3";"HUGO   RUE VICTOR";"46,1612100000";" -1,1672800000"
"202100053221";"29";"01";"2021";"12:55";"1";"14";"14137";"1";"3";"2";"1";"D9";"49,1871000000";" -0,4257000000"
"202100053222";"28";"01";"2021";"08:10";"1";"14";"14118";"2";"1";"1";"6";"Rue du Chemin Vert";"49,1895900000";" -0,3903800000"
"202100053223";"29";"01";"2021";"11:25";"1";"14";"14118";"2";"6";"1";"3";"Boulevard Yves Guillou";"49,1717800000";" -0,3846800000"
"202100053224";"29";"01";"2021";"08:30";"1";"14";"14118";"2";"1";"2";"3";"Rue de Falaise";"49,1657400000";" -0,3504400000"
"202100053225";"22";"01";"2021";"17:45";"5";"14";"14118";"2";"1";"3";"6";"Avenue de Tourville";"49,1845000000";" -0,3410000000"
"202100053226";"29";"01";"2021";"20:45";"5";"13";"13211";"2";"1";"1";"3";"SAINT MARCEL (BOULEVARD DE )";"43,2862700000";"5,4716600000"
"202100053227";"29";"01";"2021";"22:00";"5";"13";"13215";"2";"9";"1";"6";"ODETTE JASSE (rue)";"43,3423277196";"5,3709670109"
"202100053228";"29";"01";"2021";"14:20";"1";"13";"13211";"2";"1";"1";"4";"LÃON BANCAL (RUE)";"43,2878076014";"5,4805219205"
"202100053229";"28";"01";"2021";"14:15";"1";"13";"13204";"2";"3";"1";"3";"PAUTRIER (RUE)";"43,3089760000";"5,3914930000"
"202100053230";"28";"01";"2021";"09:00";"1";"11";"11262";"2";"1";"1";"2";"RD 6009 NARBONNE - BEZIERS";"43,1952330000";"2,9961390000"
"202100053231";"25";"01";"2021";"09:25";"1";"11";"11262";"2";"1";"1";"2";"CARNOT (AVENUE)";"43,1945300000";"3,0103200000"
"202100053232";"28";"01";"2021";"19:29";"5";"10";"10081";"2";"1";"8";"5";"PRESIDENT RENE COTY";"48,3217700000";"4,0339100000"
"202100053233";"29";"01";"2021";"18:35";"5";"06";"06088";"2";"2";"1";"3";"CROS DE CAPEU (RUE)";"43,7107180000";"7,2548980000"
"202100053234";"29";"01";"2021";"09:29";"1";"06";"06104";"2";"1";"1";"6";"PEGLION (RUE ANTOINE)";"43,7672780000";"7,4799600000"
"202100053235";"29";"01";"2021";"14:45";"1";"06";"06123";"2";"1";"1";"4";"POMPIDOU GEORGES BOULEVARD";"43,6749070000";"7,1926210000"
"202100053236";"29";"01";"2021";"09:00";"1";"06";"06123";"2";"1";"1";"7";"PUGETS MOYENNE CORNICHE DES";"43,6917900000";"7,1791900000"
"202100053237";"29";"01";"2021";"15:30";"1";"75";"75119";"2";"1";"2";"4";"BOULEVARD PERIPHERIQUE";"48,9002830000";"2,3833670000"
"202100053238";"29";"01";"2021";"20:15";"5";"75";"75105";"2";"4";"1";"2";"BOULEVARD SAINT MICHEL";"48,8469050000";"2,3406030000"
"202100053239";"29";"01";"2021";"17:00";"1";"75";"75119";"2";"2";"2";"3";"RUE ALEXANDER FLEMING";"48,8819910000";"2,4025260000"
"202100053240";"28";"01";"2021";"22:30";"5";"75";"75119";"2";"7";"2";"3";"PLACE AUGUSTE BARON";"48,9008426582";"2,3889591881"
"202100053241";"28";"01";"2021";"13:00";"1";"75";"75118";"2";"1";"8";"3";"RUE CAULAINCOURT";"48,8851180000";"2,3302820000"
"202100053242";"28";"01";"2021";"07:00";"5";"75";"75118";"2";"1";"2";"6";"RUE DE LA CHAPELLE";"48,8946851722";"2,3594373465"
"202100053243";"29";"01";"2021";"09:10";"1";"75";"75117";"2";"1";"1";"3";"RUE BRUNEL";"48,8765350000";"2,2888010000"
"202100053244";"29";"01";"2021";"08:13";"1";"75";"75117";"2";"2";"1";"3";"AVENUE DE WAGRAM";"48,8751270000";"2,2960210000"
"202100053245";"28";"01";"2021";"12:50";"1";"75";"75117";"2";"2";"1";"3";"AVENUE DES TERNES";"48,8783070000";"2,2957120000"
"202100053246";"29";"01";"2021";"18:15";"5";"75";"75114";"2";"4";"1";"6";"BOULEVARD RASPAIL";"48,8405890000";"2,3301390000"
"202100053247";"28";"01";"2021";"13:10";"1";"75";"75113";"2";"1";"8";"3";"RUE BOBILLOT";"48,8299190000";"2,3541990000"
"202100053248";"29";"01";"2021";"12:30";"1";"75";"75110";"2";"2";"2";"7";"BOULEVARD DE LA VILLETTE";"48,8842660000";"2,3646400000"
"202100053249";"28";"01";"2021";"23:46";"5";"75";"75110";"2";"5";"2";"6";"BOULEVARD DE MAGENTA";"48,8785352863";"2,3540523732"
"202100053250";"28";"01";"2021";"10:40";"1";"75";"75110";"2";"1";"2";"6";"BOULEVARD DE MAGENTA";"48,8726810000";"2,3593280000"
"202100053251";"29";"01";"2021";"14:35";"1";"75";"75107";"2";"2";"2";"3";"PONT DE LA CONCORDE";"48,8625825338";"2,3190491784"
"202100053252";"29";"01";"2021";"09:07";"1";"75";"75107";"2";"4";"1";"6";"RUE DES SAINTS PERES";"48,8518690000";"2,3286620000"
"202100053253";"28";"01";"2021";"14:45";"1";"75";"75104";"2";"2";"1";"5";"QUAI DE L HOTEL DE VILLE";"48,8534400000";"2,3578930000"
"202100053254";"29";"01";"2021";"09:30";"1";"94";"94081";"2";"1";"1";"6";"STALINGRAD (BD DE)";"48,7900000000";"2,3800000000"
"202100053255";"29";"01";"2021";"13:45";"1";"94";"94067";"2";"3";"2";"6";"AMIRAL COURBET (R DE L)";"48,8454700000";"2,4175100000"
"202100053256";"28";"01";"2021";"07:25";"5";"94";"94068";"2";"1";"2";"6";"Avenue de lâAlma";"48,7884190000";"2,4952720000"
"202100053257";"29";"01";"2021";"13:35";"1";"94";"94043";"2";"2";"2";"3";"QUATORZE JUILLET (R DU)";"48,8145600000";"2,3607900000"
"202100053258";"29";"01";"2021";"10:30";"1";"94";"94003";"2";"9";"1";"6";"Avenue Laplace";"48,8069900000";"2,3359800000"
"202100053259";"29";"01";"2021";"14:55";"1";"94";"94073";"2";"1";"2";"6";"REGNAULT LEROY (R)";"48,7625000000";"2,3925000000"
"202100053260";"28";"01";"2021";"09:00";"1";"94";"94028";"2";"1";"8";"6";"BASSINS.(CHEMIN DES)";"48,7683200000";"2,4650200000"
"202100053261";"29";"01";"2021";"14:45";"1";"94";"94077";"2";"1";"2";"7";"JEAN PIERRE TIMBAUD (R)";"48,7320160000";"2,4295970000"
"202100053262";"28";"01";"2021";"11:05";"1";"94";"94022";"2";"2";"2";"3";"ALLIES (BD DES)";"48,7662400000";"2,4045100000"
"202100053263";"28";"01";"2021";"16:15";"1";"93";"93078";"2";"3";"2";"6";"KENNEDY (BOULEVARD DU PRESIDENT)";"48,9591900000";"2,5436900000"
"202100053264";"27";"01";"2021";"12:40";"1";"93";"93066";"2";"1";"1";"2";"PRESSENCE FRANCIS (AVENUE)";"48,9214687638";"2,3658833206"
"202100053265";"29";"01";"2021";"16:10";"1";"93";"93051";"2";"1";"1";"6";"BUTTE VERTE";"48,8380341594";"2,5723013719"
"202100053266";"29";"01";"2021";"14:20";"1";"93";"93050";"2";"4";"2";"3";"GASTON NAVAILLE (RUE)";"48,8715000000";"2,5345100000"
"202100053267";"29";"01";"2021";"09:55";"1";"93";"93050";"2";"2";"2";"6";"PAUL ET CAMILLE THOMOUX (RUE) COTE PAIR";"48,8733466122";"2,5296996544"
"202100053268";"29";"01";"2021";"19:40";"5";"93";"93006";"2";"3";"2";"3";"LENINE RUE";"48,8688916169";"2,4247543692"
"202100053269";"28";"01";"2021";"11:50";"1";"93";"93032";"2";"1";"1";"6";"JEAN JAURES (AVENUE)";"48,8835405792";"2,5294874690"
"202100053270";"26";"01";"2021";"06:45";"2";"93";"93031";"2";"1";"1";"6";"MARNE (AVENUE DE LA)";"48,9534227294";"2,3272609968"
"202100053271";"29";"01";"2021";"12:57";"1";"92";"92022";"2";"1";"1";"3";"SALENGRO (AVENUE ROGER)";"48,8052303043";"2,1829875559"
"202100053272";"29";"01";"2021";"19:15";"5";"92";"92025";"2";"3";"2";"3";"STALINGRAD (AV DE)";"48,9300171985";"2,2677299380"
"202100053273";"28";"01";"2021";"19:10";"5";"92";"92012";"2";"1";"1";"3";"REPUBLIQUE (BOULEVARD DE LA) 5/77BIS - 6";"48,8324637864";"2,2510545679"
"202100053274";"28";"01";"2021";"08:55";"1";"92";"92004";"2";"3";"8";"6";"GRANDE RUE CHARLES DE GAULLE";"48,9060600000";"2,2865600000"
"202100053275";"29";"01";"2021";"10:15";"1";"92";"92002";"2";"3";"8";"3";"GEORGES SUANT (RUE)";"48,7438797859";"2,2841907755"
"202100053276";"29";"01";"2021";"16:00";"1";"80";"80016";"2";"1";"2";"6";"Rue Gallieni";"50,0010980000";"2,6492230000"
"202100053277";"27";"01";"2021";"16:10";"1";"33";"33327";"2";"6";"3";"3";"Cours du MarÃ©chal Foch";"44,6568940000";" -0,3663900000"
"202100053278";"29";"01";"2021";"16:15";"1";"49";"49381";"1";"1";"1";"1";"la gray";"47,0623610000";" -0,7250980000"
"202100053279";"3";"01";"2021";"08:30";"2";"37";"37226";"1";"1";"2";"5";"Autoroute 10 pk 240+100";"47,1096228884";"0,5925364496"
"202100053280";"23";"01";"2021";"16:15";"1";"83";"83140";"1";"1";"2";"6";"Chemin de la Menuguette";"43,4157460000";"5,9287170000"
"202100053281";"30";"01";"2021";"18:00";"5";"2B";"2B346";"1";"1";"1";"6";"Torra";"42,5071760000";"9,4610200000"
"202100053282";"15";"01";"2021";"16:50";"1";"65";"65125";"1";"1";"8";"1";"route de lannemezan, D17";"43,1302270000";"0,3686430000"
"202100053283";"26";"01";"2021";"16:50";"1";"11";"11145";"1";"1";"1";"7";"La PagÃ¨ze";"43,2353350000";"3,1729620000"
"202100053284";"28";"01";"2021";"18:30";"3";"44";"44130";"2";"1";"3";"1";"D178";"47,1089900000";" -1,5450850000"
"202100053285";"29";"01";"2021";"23:00";"3";"60";"60180";"1";"1";"2";"6";"RD 22";"49,5430103189";"1,9396662711"
"202100053286";"30";"01";"2021";"03:50";"3";"45";"45113";"2";"1";"2";"6";"110 Route des Chopilles";"48,0494840578";"2,9361396432"
"202100053287";"29";"01";"2021";"10:45";"1";"64";"64010";"1";"3";"3";"3";"RD 933";"43,3331440000";" -1,0153800000"
"202100053288";"29";"01";"2021";"14:25";"1";"27";"27467";"2";"2";"2";"3";"D675";"49,3487870000";"0,5248480000"
"202100053289";"29";"01";"2021";"17:00";"1";"01";"01228";"1";"1";"2";"6";"A40";"46,1349730000";"5,5239130000"
"202100053290";"29";"01";"2021";"08:30";"1";"06";"06149";"1";"1";"1";"5";"AUTOROUTE A8, PK 207.150 nord";"43,7441690000";"7,3713650000"
"202100053291";"30";"01";"2021";"11:00";"1";"55";"55567";"1";"1";"2";"7";"Autoroute A4";"49,0886512552";"5,1845169069"
"202100053292";"30";"01";"2021";"19:30";"3";"988";"98821";"1";"1";"1";"1";"la Tamoa RT1";" -22,0683060000";"166,2760160000"
"202100053293";"29";"01";"2021";"17:45";"1";"37";"37072";"2";"3";"1";"3";"21 Place des Droits de l'Homme";"47,1633144124";"0,2511506304"
"202100053294";"30";"01";"2021";"19:00";"3";"91";"91338";"1";"1";"2";"3";"D838";"48,6343410000";"2,0639280000"
"202100053295";"29";"01";"2021";"08:15";"1";"67";"67300";"2";"1";"2";"6";"40 rue de Saverne";"48,5454120000";"7,4915470000"
"202100053296";"30";"01";"2021";"14:30";"1";"54";"54023";"1";"1";"8";"7";" D914";"48,7428290000";"6,5411590000"
"202100053297";"28";"01";"2021";"12:45";"1";"33";"33268";"1";"4";"1";"1";"Chemin de Calbat";"45,0189120000";" -0,6801760000"
"202100053298";"29";"01";"2021";"13:45";"1";"72";"72154";"2";"6";"1";"3";"Boulevard du QuÃ©bec";"47,7080290000";" -0,0683910000"
"202100053299";"30";"01";"2021";"14:45";"1";"50";"50601";"2";"1";"3";"6";"63 Rue Danican";"49,0379310000";" -0,9728320000"
"202100053300";"30";"01";"2021";"08:10";"2";"60";"60462";"2";"1";"3";"6";"Rue de Calais";"49,3360456914";"2,1973021030"
"202100053301";"29";"01";"2021";"11:25";"1";"59";"59559";"1";"2";"3";"3";"cd 50a";"50,3360930000";"3,6368610000"
"202100053302";"20";"01";"2021";"22:15";"3";"13";"13216";"1";"1";"2";"7";"A55-Sens Martigues vers Marseille";"43,3461000000";"5,3454000000"
"202100053303";"26";"01";"2021";"08:50";"1";"69";"69091";"1";"1";"1";"2";"A47";"45,5790500000";"4,7283400000"
"202100053304";"28";"01";"2021";"14:15";"1";"59";"59360";"1";"1";"2";"5";"AUTOROUTE A25";"50,6197680000";"3,0071110000"
"202100053305";"29";"01";"2021";"18:10";"5";"94";"94034";"1";"1";"1";"4";"AUTOROUTE A86";"48,7591767986";"2,3236848206"
"202100053306";"29";"01";"2021";"17:34";"3";"91";"91179";"1";"1";"2";"7";"RN 337";"48,5562490000";"2,4967600000"
"202100053307";"28";"01";"2021";"09:45";"1";"94";"94034";"1";"1";"2";"4";"AUTOROUTE A86";"48,7602000000";"2,3204000000"
"202100053308";"29";"01";"2021";"18:10";"4";"92";"92025";"1";"1";"2";"3";"A86";"48,9274172419";"2,2374022007"
"202100053309";"29";"01";"2021";"17:15";"1";"93";"93010";"1";"1";"2";"4";"AUTOROUTE A3";"48,9023400000";"2,4708400000"
"202100053310";"29";"01";"2021";"13:30";"1";"93";"93005";"1";"1";"1";"2";"AUTOROUTE A1";"48,9597300000";"2,4664400000"
"202100053311";"29";"01";"2021";"07:00";"2";"93";"93007";"1";"1";"1";"5";"AUTOROUTE A1";"48,9435300000";"2,4353800000"
"202100053312";"28";"01";"2021";"17:00";"1";"92";"92036";"1";"1";"1";"2";"AUTOROUTE A86";"48,9381800000";"2,3133900000"
"202100053313";"28";"01";"2021";"13:45";"1";"95";"95252";"1";"1";"2";"4";" A15";"48,9791829779";"2,2291476672"
"202100053314";"28";"01";"2021";"14:30";"1";"95";"95277";"1";"1";"1";"6";" A3";"48,9712600000";"2,4835500000"
"202100053315";"29";"01";"2021";"14:30";"1";"77";"77146";"1";"1";"1";"4";"A4.Y";"48,8320783507";"2,6525260720"
"202100053316";"27";"01";"2021";"14:00";"1";"974";"97407";"1";"1";"1";"7";"ROUTE NATIONALE NÂ° 1";" -20,9482000000";"55,3220000000"
"202100053317";"28";"01";"2021";"18:10";"1";"973";"97302";"2";"1";"1";"1";"MONTABO (ROUTE DE) 1";"4,9380200000";" -52,2989700000"
"202100053318";"28";"01";"2021";"16:50";"1";"973";"97302";"2";"1";"1";"1";"BADUEL (ROUTE DE)";"4,9359000000";" -52,3135200000"
"202100053319";"28";"01";"2021";"14:10";"1";"973";"97302";"2";"1";"1";"3";"ZEPHIR (ROCADE)";"4,9335500000";" -52,3092500000"
"202100053320";"28";"01";"2021";"18:30";"5";"69";"69276";"2";"1";"2";"6";"LYON (DE) (RTE)                          ";"45,6799958670";"4,8612227440"
"202100053321";"28";"01";"2021";"18:30";"5";"69";"69387";"2";"2";"2";"3";"GARIBALDI (R)";"45,7439763988";"4,8477649158"
"202100053322";"28";"01";"2021";"15:45";"1";"69";"69383";"2";"1";"2";"1";"LACASSAGNE (AV)";"45,7462831625";"4,8862032576"
"202100053323";"27";"01";"2021";"22:25";"5";"971";"97101";"2";"9";"8";"2";"BOISRIPEAUX";"16,2776300000";" -61,5043500000"
"202100053324";"28";"01";"2021";"20:40";"5";"95";"95018";"2";"2";"1";"3";"GALLIENI (BOULEVARD)";"48,9427880862";"2,2431246191"
"202100053325";"18";"01";"2021";"14:30";"1";"84";"84007";"2";"1";"1";"3";"C.De GAULLE (Rocade)";"43,9429900000";"4,8331400000"