"Num_Acc";"jour";"mois";"an";"hrmn";"lum";"dep";"com";"agg";"int";"atm";"col";"adr";"lat";"long"
"202100053326";"28";"01";"2021";"16:15";"1";"79";"79191";"2";"1";"2";"7";"47 bis Rue du Fief dâAmourette";"46,3331460000";" -0,4223500000"
"202100053327";"27";"01";"2021";"19:15";"5";"77";"77307";"1";"3";"2";"3";"RTE DE PROVINS";"48,8543600000";"2,7586800000"
"202100053328";"28";"01";"2021";"16:14";"1";"65";"65100";"2";"1";"1";"1";" RUE RENE CASSIN";"43,2642000000";"0,0623000000"
"202100053329";"26";"01";"2021";"18:15";"5";"64";"64140";"2";"3";"2";"3";"LACOUTURE (RUE PIERRE)";"43,5314800000";" -1,4734900000"
"202100053330";"28";"01";"2021";"16:50";"1";"62";"62193";"2";"1";"1";"5";"TUNIS (RUE DE)";"50,9433800000";"1,8383500000"
"202100053331";"28";"01";"2021";"17:10";"1";"61";"61001";"2";"1";"2";"6";"17 Rue du General Pierre Fromentin";"48,4358500000";"0,0848090000"
"202100053332";"25";"01";"2021";"15:50";"1";"59";"59574";"2";"3";"1";"3";"GAMBETTA LEON (RUE)";"50,3592400000";"3,2896900000"
"202100053333";"28";"01";"2021";"21:00";"5";"42";"42187";"2";"2";"8";"3";"Rue Jean-Jacques Rousseau";"46,0377721212";"4,0566753186"
"202100053334";"28";"01";"2021";"18:50";"5";"37";"37261";"2";"2";"2";"6";"GIRAUDOUX (RUE JEAN)";"47,4122138658";"0,7113710493"
"202100053335";"28";"01";"2021";"08:50";"1";"35";"35238";"2";"1";"2";"6";"Rue Papu";"48,1111140000";" -1,6971100000"
"202100053336";"27";"01";"2021";"15:32";"1";"35";"35051";"2";"1";"2";"2";"PARIS (RUE DE)";"48,1142800000";" -1,6061900000"
"202100053337";"28";"01";"2021";"16:55";"1";"33";"33069";"2";"3";"1";"3";"Avenue de la LibÃ©ration Charles de Gaulle";"44,8633400000";" -0,6031420000"
"202100053338";"28";"01";"2021";"11:10";"1";"33";"33063";"2";"2";"1";"6";"Avenue Bel Air";"44,8397400000";" -0,6069300000"
"202100053339";"28";"01";"2021";"18:30";"3";"29";"29232";"1";"1";"3";"4";"D365 - Avenue du Morbihan";"47,9779900000";" -4,0278500000"
"202100053340";"28";"01";"2021";"17:20";"2";"29";"29232";"1";"1";"2";"7";"Route de Cuzon";"48,0050350000";" -4,0762790000"
"202100053341";"27";"01";"2021";"13:06";"1";"25";"25056";"2";"1";"1";"6";"BERNARD RUE TRISTAN";"47,2482400000";"6,0368800000"
"202100053342";"27";"01";"2021";"12:15";"1";"10";"10333";"2";"1";"8";"2";"ADOLPHE THIERS (RUE)";"48,2830800000";"4,0643900000"
"202100053343";"28";"01";"2021";"09:50";"1";"06";"06083";"2";"3";"1";"3";"MADONE (AVENUE DE LA)";"43,7688190000";"7,4911490000"
"202100053344";"28";"01";"2021";"18:50";"5";"06";"06029";"2";"1";"1";"7";"GRASSE (AVENUE DE)";"43,5663100000";"7,0046900000"
"202100053345";"26";"01";"2021";"11:20";"1";"06";"06030";"1";"1";"1";"6";"ROOSEVELT (AVENUE FRANKLIN)CANNET";"43,5717000000";"7,0016000000"
"202100053346";"28";"01";"2021";"08:20";"2";"75";"75117";"2";"1";"2";"2";"PORTE DE CHAMPERRET";"48,8834250000";"2,2841720000"
"202100053347";"28";"01";"2021";"15:20";"1";"75";"75119";"2";"2";"1";"3";"BOULEVARD D INDOCHINE";"48,8836540000";"2,3969740000"
"202100053348";"28";"01";"2021";"18:00";"5";"75";"75117";"2";"2";"2";"6";"BOULEVARD PEREIRE";"48,8828910000";"2,2937360000"
"202100053349";"27";"01";"2021";"19:45";"5";"75";"75116";"2";"7";"2";"6";"AVENUE PIERRE 1ER DE SERBIE";"48,8648780000";"2,2941120000"
"202100053350";"28";"01";"2021";"14:15";"1";"75";"75115";"2";"2";"1";"6";"RUE DE DANTZIG";"48,8334990000";"2,2987060000"
"202100053351";"27";"01";"2021";"21:00";"5";"75";"75115";"2";"5";"2";"3";"RUE SAINT CHARLES";"48,8499660000";"2,2884250000"
"202100053352";"28";"01";"2021";"13:55";"1";"75";"75113";"2";"3";"8";"2";"BOULEVARD AUGUSTE BLANQUI";"48,8302940000";"2,3472030000"
"202100053353";"28";"01";"2021";"18:30";"5";"75";"75111";"2";"2";"2";"6";"BOULEVARD VOLTAIRE";"48,8644030000";"2,3690480000"
"202100053354";"28";"01";"2021";"10:40";"1";"75";"75112";"2";"1";"8";"3";"AVENUE DE NOGENT";"48,8444210000";"2,4411050000"
"202100053355";"28";"01";"2021";"14:28";"1";"75";"75109";"2";"1";"1";"2";"RUE DE CHATEAUDUN";"48,8762860000";"2,3336160000"
"202100053356";"28";"01";"2021";"14:20";"1";"94";"94078";"2";"1";"8";"2";"Rue de Paris";"48,7451750000";"2,4465230000"
"202100053357";"27";"01";"2021";"08:40";"1";"94";"94068";"2";"1";"8";"1";"FOCH (AV)";"48,8000000000";"2,4900000000"
"202100053358";"27";"01";"2021";"16:00";"1";"94";"94041";"2";"1";"8";"2";"JEAN LE GALLEU (R)";"48,8100000000";"2,3700000000"
"202100053359";"28";"01";"2021";"18:10";"5";"94";"94017";"2";"1";"2";"4";"MARX DORMOY (AV)";"48,8122600000";"2,5159700000"
"202100053360";"28";"01";"2021";"20:00";"5";"93";"93072";"2";"2";"2";"1";"MAXIME GORKI (BOULEVARD) DES NÂ°1 AU 87";"48,9523035296";"2,3848164082"
"202100053361";"28";"01";"2021";"18:12";"5";"93";"93014";"2";"2";"1";"3";"ROMAIN ROLLAND (ALLEE)";"48,9046400000";"2,5509900000"
"202100053362";"16";"01";"2021";"16:20";"2";"93";"93077";"2";"1";"4";"1";"AVRON (RUE D')";"48,8776389547";"2,5043262541"
"202100053363";"28";"01";"2021";"14:40";"1";"93";"93051";"2";"1";"2";"4";"NEUILLY (ROUTE)";"48,8500000000";"2,5362000000"
"202100053364";"28";"01";"2021";"19:40";"5";"93";"93057";"2";"1";"2";"1";"BRIAND ( AV.  ARISTIDE) 93 A 175";"48,9094085797";"2,5039337333"
"202100053365";"28";"01";"2021";"18:30";"3";"92";"92026";"2";"3";"1";"3";"PRÃSIDENT PAUL DOUMER (QUAI DU)";"48,8900671882";"2,2561722994"
"202100053366";"29";"01";"2021";"12:40";"1";"80";"80016";"2";"1";"2";"6";"39 Rue de Doullens";"50,0045280000";"2,6378600000"
"202100053367";"28";"01";"2021";"10:55";"1";"83";"83072";"2";"1";"1";"6";"1 Avenue de Toulon";"43,4929340000";"6,3581130000"
"202100053368";"29";"01";"2021";"17:50";"2";"45";"45230";"2";"1";"1";"7";"D961";"47,8947800000";"2,5201500000"
"202100053369";"28";"01";"2021";"16:40";"1";"42";"42294";"1";"3";"1";"3";"Route de Pradines";"46,0101520000";"4,1265410000"
"202100053370";"19";"01";"2021";"13:00";"1";"01";"01033";"2";"1";"1";"1";"Rue Joseph Marion";"46,1071830000";"5,8328230000"
"202100053371";"28";"01";"2021";"11:45";"1";"21";"21339";"1";"1";"2";"7";"D10";"47,3508610000";"4,8936580000"
"202100053372";"29";"01";"2021";"07:30";"5";"62";"62036";"2";"1";"2";"6";"Rue d'Hesdin";"50,4467450000";"2,2521490000"
"202100053373";"29";"01";"2021";"17:15";"2";"62";"62384";"2";"1";"2";"1";"D15E";"50,1471820000";"3,1075490000"
"202100053374";"28";"01";"2021";"16:55";"1";"57";"57374";"1";"1";"3";"6";"D993";"48,6087850000";"7,0328970000"
"202100053375";"29";"01";"2021";"14:24";"1";"57";"57142";"1";"1";"2";"6";"RD 69 C";"49,1649390000";"6,2248490000"
"202100053376";"28";"01";"2021";"14:25";"1";"56";"56122";"1";"1";"2";"6";"Rue du 20 Janvier 1944";"48,0000810000";" -2,3852830000"
"202100053377";"28";"01";"2021";"16:45";"1";"67";"67310";"1";"3";"1";"1";"D205";"48,2100610000";"7,5271580000"
"202100053378";"29";"01";"2021";"09:15";"1";"63";"63381";"1";"1";"1";"1";"rd62";"45,8436767166";"2,9038631402"
"202100053379";"28";"01";"2021";"21:45";"3";"42";"42011";"1";"1";"1";"6";"Route de la Moisonniere";"45,8364240000";"4,1682390000"
"202100053380";"29";"01";"2021";"17:45";"5";"02";"02067";"1";"2";"1";"3";"D1043";"50,0291510000";"3,7194730000"
"202100053381";"29";"01";"2021";"19:30";"3";"26";"26124";"1";"4";"1";"3";"Route Nationale 7";"44,8477910000";"4,8519660000"
"202100053382";"28";"01";"2021";"07:15";"3";"72";"72370";"1";"9";"3";"3";"La Grouas de la Cassine";"48,1796500000";"0,0047000000"
"202100053383";"26";"01";"2021";"14:40";"1";"43";"43174";"1";"3";"1";"5";"D906";"44,9823460000";"3,8279840000"
"202100053384";"29";"01";"2021";"07:15";"2";"21";"21336";"1";"1";"2";"1";"D 953 - PK 3+650";"47,8632610000";"4,3549820000"
"202100053385";"25";"01";"2021";"12:25";"1";"27";"27037";"1";"1";"1";"6";"D31";"49,0821800000";"0,8219040000"
"202100053386";"25";"01";"2021";"03:55";"3";"28";"28276";"1";"1";"9";"6";"D22.1";"48,2714830000";"1,8993040000"
"202100053387";"29";"01";"2021";"15:10";"1";"48";"48137";"1";"1";"1";"6";"D31, PK25+000";"44,4454900000";"3,4756920000"
"202100053388";"29";"01";"2021";"11:42";"1";"08";"08302";"2";"1";"2";"6";"rue de prÃ¼m";"49,8841140000";"4,7529820000"
"202100053389";"29";"01";"2021";"11:55";"1";"01";"01166";"1";"1";"1";"2";"N/A";"46,0067540000";"4,7699330000"
"202100053390";"26";"01";"2021";"14:00";"1";"987";"98738";"2";"1";"1";"1";"Serv. Ly  Waut";" -17,6168190000";" -149,6130880000"
"202100053391";"29";"01";"2021";"05:15";"3";"67";"67067";"1";"1";"3";"3";"A4";"48,7090360000";"7,7039420000"
"202100053392";"29";"01";"2021";"14:27";"1";"28";"28367";"1";"1";"6";"6";"Autoroute A10 PK071+030 sens PARIS vers Province";"48,1467250000";"1,8556490000"
"202100053393";"28";"01";"2021";"17:00";"1";"977";"97701";"1";"1";"7";"2";"COUPE GORGE";"17,9049770000";" -62,8322910000"
"202100053394";"29";"01";"2021";"11:30";"1";"77";"77367";"1";"2";"2";"3";"D405";"49,0471790000";"2,9970360000"
"202100053395";"28";"01";"2021";"09:20";"1";"91";"91654";"1";"1";"2";"1";"D83";"48,4726940000";"2,3909320000"
"202100053396";"27";"01";"2021";"17:00";"2";"84";"84065";"2";"1";"1";"2";"Avenue de la Gare";"43,7472810000";"5,3082600000"
"202100053397";"27";"01";"2021";"08:10";"1";"84";"84103";"1";"1";"9";"6";"D179";"43,9212660000";"5,4750110000"
"202100053398";"29";"01";"2021";"07:45";"3";"17";"17097";"1";"2";"8";"6";"Le dougnot";"45,6486980000";" -0,8912230000"
"202100053399";"29";"01";"2021";"05:19";"3";"47";"47326";"1";"1";"2";"3";"RD 933";"44,5117400000";"0,2727810000"
"202100053400";"29";"01";"2021";"07:45";"2";"85";"85071";"1";"1";"1";"1";"d 754";"46,7739070000";" -1,8242030000"
"202100053401";"28";"01";"2021";"20:30";"5";"29";"29046";"2";"1";"2";"6";"Passage de Kerguelen";"48,0904162125";" -4,3449102687"
"202100053402";"28";"01";"2021";"09:15";"1";"27";"27217";"1";"1";"6";"3";"D31";"49,0736800000";"0,9127070000"
"202100053403";"26";"01";"2021";"08:45";"1";"60";"60612";"2";"1";"1";"6";"Rue Seraphine Louis";"49,2121770000";"2,5967020000"
"202100053404";"29";"01";"2021";"09:25";"1";"80";"80685";"1";"2";"8";"3";"D1017";"49,6965244746";"2,8064972162"
"202100053405";"28";"01";"2021";"18:45";"3";"13";"13106";"1";"1";"1";"4";"A51-Sens Aix en Provence vers Marseille";"43,4066000000";"5,3617000000"
"202100053406";"27";"01";"2021";"18:00";"3";"13";"13071";"1";"4";"1";"5";"A55-Sens Martigues vers Marseille";"43,3977122771";"5,2883559465"
"202100053407";"27";"01";"2021";"10:55";"1";"13";"13028";"1";"1";"1";"3";"A50-Sens Aubagne vers Toulon";"43,2102500000";"5,5833000000"
"202100053408";"27";"01";"2021";"08:15";"1";"13";"13211";"1";"1";"1";"2";"A50-Sens Aubagne vers Marseille";"43,2928530000";"5,4763150000"
"202100053409";"27";"01";"2021";"20:00";"5";"69";"69029";"1";"1";"2";"2";"RD383";"45,7476400000";"4,9069500000"
"202100053410";"28";"01";"2021";"20:04";"3";"91";"91661";"1";"1";"1";"2";"RD 188 CHEVREUSE";"48,6965130000";"2,2268930000"
"202100053411";"28";"01";"2021";"14:05";"1";"92";"92002";"1";"1";"1";"6";"AUTOROUTE A86";"48,7610000000";"2,2950000000"
"202100053412";"28";"01";"2021";"13:45";"1";"94";"94034";"1";"1";"2";"4";"AUTOROUTE A86";"48,7577000000";"2,3279000000"
"202100053413";"28";"01";"2021";"09:00";"1";"91";"91689";"1";"1";"2";"3";"AUTOROUTE A10";"48,7377860000";"2,3189410000"
"202100053414";"28";"01";"2021";"01:20";"3";"91";"91161";"1";"1";"2";"6";"AUTOROUTE A6";"48,6964490000";"2,3166400000"
"202100053415";"27";"01";"2021";"21:17";"3";"91";"91228";"1";"9";"2";"5";"RN 104";"48,6141900000";"2,4298800000"
"202100053416";"28";"01";"2021";"19:30";"5";"92";"92026";"1";"1";"8";"2";"A14";"48,8876710000";"2,2516330000"
"202100053417";"28";"01";"2021";"17:00";"1";"78";"78646";"1";"1";"2";"4";"RN12";"48,7932900000";"2,0818440000"
"202100053418";"28";"01";"2021";"09:15";"1";"92";"92036";"1";"1";"1";"4";"A86";"48,9344075794";"2,2702811315"
"202100053419";"27";"01";"2021";"07:40";"3";"95";"95277";"1";"1";"2";"2";"RD 170 ";"48,9775165958";"2,4658754377"
"202100053420";"28";"01";"2021";"09:20";"1";"94";"94017";"1";"1";"2";"5";"A4";"48,8270194777";"2,5116058458"
"202100053421";"28";"01";"2021";"07:00";"3";"94";"94018";"1";"1";"2";"4";"A4";"48,8204689196";"2,4019549352"
"202100053422";"27";"01";"2021";"12:40";"1";"973";"97302";"2";"1";"1";"3";"MONTABO (ROUTE DE) 1";"4,9412700000";" -52,3028300000"
"202100053423";"27";"01";"2021";"15:40";"1";"972";"97213";"1";"1";"1";"5";"ROUTE DEPARTEMENTALE 3";"14,6565700000";" -60,9860800000"
"202100053424";"27";"01";"2021";"00:57";"3";"972";"97213";"1";"1";"1";"6";"ROUTE DEPARTEMENTALE 3";"14,6453200000";" -60,9907400000"
"202100053425";"27";"01";"2021";"08:00";"1";"972";"97209";"1";"1";"1";"3";"RD 41 (ROCADE)";"14,6166000000";" -61,0717000000"
"202100053426";"27";"01";"2021";"07:15";"1";"972";"97209";"1";"1";"1";"2";"AUTOROUTE (A1)";"14,6152900000";" -61,0457800000"
"202100053427";"25";"01";"2021";"20:00";"5";"972";"97209";"1";"1";"1";"1";"BALATA (ROUTE DE)";"14,6223500000";" -61,0728500000"
"202100053428";"27";"01";"2021";"18:05";"5";"91";"91216";"2";"1";"2";"6";"CORBEIL (RUE)";"48,6701660000";"2,3324740000"
"202100053429";"27";"01";"2021";"10:50";"1";"91";"91549";"2";"1";"8";"6";"JARDIN PUBLIC (RUE DU)";"48,6486900000";"2,3182600000"
"202100053430";"26";"01";"2021";"16:30";"1";"91";"91021";"2";"1";"1";"6";"BD ERNEST GIRAULT";"48,5900000000";"2,2400000000"
"202100053431";"27";"01";"2021";"08:00";"2";"91";"91345";"2";"1";"2";"2";"PL CHARLES STEBER";"48,6981600000";"2,2943800000"
"202100053432";"26";"01";"2021";"13:47";"1";"87";"87085";"2";"2";"1";"3";"ALLENDE (QUAI SALVADOR)";"45,8174400000";"1,2525600000"
"202100053433";"26";"01";"2021";"08:48";"5";"87";"87085";"2";"3";"1";"6";"HOCHE (RUE)";"45,8405600000";"1,2599500000"
"202100053434";"26";"01";"2021";"09:28";"1";"87";"87085";"2";"1";"1";"2";"BEL AIR (BOULEVARD DE)";"45,8198700000";"1,2495300000"
"202100053435";"26";"01";"2021";"13:35";"1";"87";"87085";"2";"1";"1";"6";"SOEURS DE LA RIVIERE (RUE DES)";"45,8246300000";"1,2648300000"
"202100053436";"22";"01";"2021";"12:00";"1";"86";"86194";"2";"1";"1";"6";"Avenue John Kennedy";"46,5869380000";"0,3650160000"
"202100053437";"27";"01";"2021";"07:50";"5";"78";"78650";"2";"3";"1";"6";"MARECHAL FOCH (RUE DU)";"48,8922660000";"2,1346040000"
"202100053438";"27";"01";"2021";"17:05";"2";"76";"76414";"2";"1";"2";"2";"D920";"49,9196720000";"1,1322690000"
"202100053439";"26";"01";"2021";"07:30";"5";"74";"74012";"2";"3";"1";"6";"ETREMBIERES (ROUTE D')";"46,1872200000";"6,2322100000"
"202100053440";"27";"01";"2021";"15:45";"1";"71";"71306";"2";"2";"2";"4";"ANATOLE FRANCE (RUE)";"46,6913000000";"4,3526900000"
"202100053441";"27";"01";"2021";"06:00";"5";"69";"69256";"2";"1";"1";"7";"GABRIEL PERI                        (AV)";"45,7718000000";"4,9104900000"
"202100053442";"26";"01";"2021";"21:00";"5";"67";"67482";"2";"3";"1";"6";"UNIVERSITE (RUE DE L )";"48,5843130000";"7,7613690000"
"202100053443";"26";"01";"2021";"08:00";"2";"67";"67482";"2";"1";"1";"3";"CANONNIERS (RUE DES)";"48,5542640000";"7,7632140000"
"202100053444";"24";"01";"2021";"12:50";"1";"67";"67482";"2";"3";"1";"3";"MITTELHAUSBERGEN (ROUTE DE)";"48,6004567981";"7,7112956082"
"202100053445";"26";"01";"2021";"12:40";"1";"64";"64445";"2";"1";"1";"5";"avenue TRESPOEY";"43,2989474867";" -0,3488159180"
"202100053446";"24";"01";"2021";"10:28";"1";"62";"62893";"2";"1";"1";"2";"MITTERRAND ( Ave. FranÃ§ois )";"50,7809130000";"1,6091070000"
"202100053447";"27";"01";"2021";"15:30";"1";"59";"59426";"2";"3";"1";"3";"TOURCOING (RUE DE)";"50,7510470000";"3,1516550000"
"202100053448";"27";"01";"2021";"13:50";"1";"59";"59090";"2";"6";"1";"3";"GAULLE (AVENUE DU GENERAL DE)";"50,7196300000";"3,1096600000"
"202100053449";"27";"01";"2021";"07:15";"5";"56";"56121";"2";"6";"2";"3";"RUE LOUIS GUIGUEN";"47,7549600000";" -3,3546100000"
"202100053450";"25";"01";"2021";"18:40";"5";"56";"56083";"2";"3";"1";"3";"LIBERATION ( AV. DE LA )";"47,8043400000";" -3,2761500000"
"202100053451";"27";"01";"2021";"19:45";"5";"54";"54395";"2";"6";"1";"6";"PINCHARD (AVENUE - OMBELLES)";"48,6999500000";"6,1430600000"
"202100053452";"26";"01";"2021";"17:55";"2";"54";"54329";"2";"1";"1";"6";"RUE SAINT MAUR";"48,5848800000";"6,4840500000"
"202100053453";"27";"01";"2021";"09:00";"1";"50";"50218";"2";"1";"2";"6";"COURAYE (RUE)";"48,8375500000";" -1,5915600000"
"202100053454";"26";"01";"2021";"14:30";"1";"50";"50129";"2";"1";"2";"6";"AMIOT (BOULEVARD FELIX)";"49,6425500000";" -1,6096000000"
"202100053455";"27";"01";"2021";"20:15";"5";"45";"45147";"2";"2";"2";"3";"Rue Maximilien de Robespierre";"47,9392445885";"1,9211268996"
"202100053456";"27";"01";"2021";"10:40";"1";"45";"45208";"2";"1";"2";"1";"Avenue Louis-Maurice Chautemps";"48,0119920000";"2,7592280000"
"202100053457";"27";"01";"2021";"17:00";"1";"37";"37261";"2";"3";"3";"6";"TONNELLE (BOULEVARD)";"47,3816426855";"0,6682280953"
"202100053458";"27";"01";"2021";"07:47";"5";"37";"37261";"2";"2";"2";"6";"EIFFEL (AVENUE GUSTAVE)";"47,4356261967";"0,6985006034"
"202100053459";"26";"01";"2021";"19:10";"5";"37";"37261";"2";"1";"1";"4";"GANCE (BOULEVARD ABEL)";"47,4298106999";"0,7058985466"
"202100053460";"27";"01";"2021";"12:00";"1";"35";"35238";"2";"1";"2";"3";"ROBINOT DE ST-CYR (QUAI)";"48,1054570000";" -1,7177370000"
"202100053461";"26";"01";"2021";"08:25";"1";"34";"34172";"2";"1";"1";"6";"TANNEURS (QUAI DES)";"43,6168000000";"3,8739300000"
"202100053462";"7";"01";"2021";"23:15";"5";"33";"33039";"2";"2";"1";"3";"Boulevard Albert 1er";"44,8123900000";" -0,5576500000"
"202100053463";"27";"01";"2021";"15:05";"1";"29";"29232";"2";"1";"8";"3";"D783 - Rond Point Ergue Armel";"47,9830300000";" -4,0741300000"
"202100053464";"26";"01";"2021";"15:53";"1";"29";"29232";"2";"1";"2";"6";"Rue de Stang Bihan";"48,0104430000";" -4,1034710000"
"202100053465";"25";"01";"2021";"17:00";"1";"29";"29051";"2";"6";"1";"3";"Rue de Treodet";"48,0045457601";" -4,0586748719"
"202100053466";"27";"01";"2021";"14:44";"1";"26";"26281";"2";"1";"1";"3";" 19 Rue Diderot";"45,0538090000";"5,0461350000"
"202100053467";"27";"01";"2021";"13:50";"1";"14";"14220";"2";"1";"8";"6";"Rue des Pavillons";"49,3541470000";"0,0874610000"
"202100053468";"27";"01";"2021";"14:50";"1";"14";"14118";"2";"1";"1";"4";"Boulevard Yves Guillou";"49,1770000000";" -0,3672200000"
"202100053469";"27";"01";"2021";"13:15";"1";"14";"14118";"2";"1";"1";"6";"Rue Samuel Bochard";"49,1845300000";" -0,3562500000"
"202100053470";"27";"01";"2021";"22:55";"5";"13";"13201";"2";"9";"1";"3";"ATHENES (BOULEVARD D')";"43,3001920000";"5,3807020000"
"202100053471";"26";"01";"2021";"11:00";"1";"13";"13205";"2";"1";"1";"1";"CHAVE (BOULEVARD)";"43,2950900000";"5,3883400000"
"202100053472";"26";"01";"2021";"08:30";"1";"13";"13216";"2";"9";"1";"5";"HENRI BARNIER (BOULEVARD)";"43,3653300000";"5,3428900000"
"202100053473";"24";"01";"2021";"17:50";"2";"13";"13205";"2";"2";"1";"6";"BRUYS (RUE DE)";"43,2946100000";"5,3889600000"
"202100053474";"27";"01";"2021";"19:30";"5";"13";"13005";"2";"9";"1";"2";"SALENGRO (AVENUE ROGER)";"43,2955900000";"5,5684100000"
"202100053475";"27";"01";"2021";"11:50";"1";"06";"06027";"2";"1";"1";"6";"ORANGERS AVENUE DES";"43,6583360000";"7,1671480000"
"202100053476";"26";"01";"2021";"08:10";"2";"75";"75119";"2";"1";"1";"7";"AVENUE DU BELVEDERE";"48,8803500000";"2,4074860000"
"202100053477";"27";"01";"2021";"09:15";"1";"75";"75118";"2";"1";"8";"3";"RUE DE L EVANGILE";"48,8954930000";"2,3705250000"
"202100053478";"26";"01";"2021";"13:30";"1";"75";"75118";"2";"3";"1";"3";"BOULEVARD ORNANO";"48,8927147273";"2,3487408131"
"202100053479";"27";"01";"2021";"08:50";"1";"75";"75118";"2";"3";"1";"6";"RUE DES POISSONNIERS";"48,8926440000";"2,3523470000"
"202100053480";"27";"01";"2021";"08:50";"1";"75";"75117";"2";"3";"2";"7";"RUE DE COURCELLES";"48,8883330000";"2,2939350000"
"202100053481";"24";"01";"2021";"13:10";"1";"75";"75117";"2";"2";"4";"3";"BOULEVARD DE COURCELLES";"48,8791460000";"2,3031440000"
"202100053482";"27";"01";"2021";"00:45";"5";"75";"75116";"2";"2";"2";"3";"ROUTE DE SURESNES";"48,8650430000";"2,2344470000"
"202100053483";"27";"01";"2021";"18:40";"5";"75";"75112";"2";"1";"9";"2";"QUAI DE BERCY";"48,8374070000";"2,3773560000"
"202100053484";"27";"01";"2021";"10:25";"1";"75";"75112";"2";"1";"2";"6";"RUE CORIOLIS";"48,8373220000";"2,3897750000"
"202100053485";"27";"01";"2021";"08:30";"1";"75";"75111";"2";"3";"2";"6";"AVENUE PARMENTIER";"48,8630860000";"2,3761460000"
"202100053486";"27";"01";"2021";"18:50";"5";"75";"75110";"2";"2";"2";"6";"RUE DE SAINT QUENTIN";"48,8789760000";"2,3557540000"
"202100053487";"27";"01";"2021";"12:15";"1";"75";"75110";"2";"1";"1";"6";"RUE DE PARADIS";"48,8757060000";"2,3487230000"
"202100053488";"27";"01";"2021";"09:00";"1";"75";"75116";"2";"7";"1";"7";"PLACE CHARLES DE GAULLE";"48,8732580000";"2,2946460000"
"202100053489";"27";"01";"2021";"07:50";"5";"94";"94081";"2";"1";"2";"6";"Rue Julian Grimau";"48,7783600000";"2,3759200000"
"202100053490";"27";"01";"2021";"07:15";"5";"94";"94078";"2";"1";"2";"3";"PARIS (R DE)";"48,7406200000";"2,4467300000"
"202100053491";"26";"01";"2021";"18:00";"5";"94";"94068";"2";"1";"1";"4";"MAURICE BERTEAUX (BD)";"48,8099000000";"2,4687000000"
"202100053492";"27";"01";"2021";"17:00";"1";"94";"94046";"2";"1";"1";"1";"JEAN JAURES (R)";"48,7895700000";"2,4353570000"
"202100053493";"27";"01";"2021";"18:15";"5";"94";"94043";"2";"1";"2";"3";"CHARLES GIDE (AV)";"48,8055600000";"2,3479100000"
"202100053494";"27";"01";"2021";"08:40";"1";"94";"94003";"2";"1";"2";"3";"GENERAL MALLERET JOINVILLE (AV DU)";"48,8042900000";"2,3431200000"
"202100053495";"26";"01";"2021";"09:30";"1";"94";"94079";"2";"1";"1";"3";"AUGUSTE RODIN (AV)";"48,8330000000";"2,5510000000"
"202100053496";"25";"01";"2021";"13:40";"1";"94";"94055";"2";"6";"1";"3";"Route de Provins";"48,7921000000";"2,5551300000"
"202100053497";"27";"01";"2021";"15:50";"1";"93";"93072";"2";"2";"2";"5";"MARCEL CACHIN (AVENUE) COTE NÂ°16 AU 50";"48,9589100000";"2,3822200000"
"202100053498";"27";"01";"2021";"13:00";"1";"93";"93064";"2";"1";"2";"4";"BERTHAUDS (RUE DES) 24 - 25 / FIN";"48,8752093683";"2,4874242211"
"202100053499";"27";"01";"2021";"14:00";"1";"93";"93014";"2";"2";"2";"3";"CHAPELLE (ALLEE DE LA)";"48,8994984253";"2,5370356082"
"202100053500";"27";"01";"2021";"20:30";"5";"93";"93010";"2";"1";"2";"2";"FRANCE (AV. ANATOLE) DE 58 A 72";"48,8933802358";"2,4981665611"
"202100053501";"27";"01";"2021";"13:45";"1";"93";"93005";"2";"2";"1";"6";"COLONEL MOLL (RUE DU)";"48,9354797313";"2,4959145908"
"202100053502";"26";"01";"2021";"22:15";"5";"93";"93001";"2";"9";"1";"3";"HENRI BARBUSSE (RUE)  111 =>";"48,9049000000";"2,3894000000"
"202100053503";"27";"01";"2021";"07:50";"2";"92";"92062";"2";"1";"2";"2";"DE DION BOUTON (QUAI) DU 29 AU 65";"48,8845145500";"2,2500756383"
"202100053504";"27";"01";"2021";"18:45";"5";"92";"92050";"2";"9";"2";"3";"BOUVETS BOULEVARD DES";"48,8969531663";"2,2238047381"
"202100053505";"27";"01";"2021";"09:35";"1";"92";"92020";"2";"1";"8";"7";"PARIS AVENUE DE NÂ° IMPAIRS";"48,8055947992";"2,2913736105"
"202100053506";"26";"01";"2021";"08:55";"1";"92";"92048";"2";"1";"8";"6";"PARIS (RUE DE) NÂ° 12 A 164";"48,8138491825";"2,2466484457"
"202100053507";"27";"01";"2021";"14:40";"1";"92";"92026";"2";"3";"1";"6";"COLOMBES";"48,9019800000";"2,2562000000"
"202100053508";"26";"01";"2021";"12:25";"1";"92";"92025";"2";"1";"1";"5";"AUDRA (AV)";"48,9280412997";"2,2508118385"
"202100053509";"27";"01";"2021";"22:00";"3";"62";"62485";"1";"2";"5";"3";"Rue de Boulogne";"50,5356080000";"2,2460600000"
"202100053510";"27";"01";"2021";"16:15";"1";"85";"85020";"1";"1";"2";"1";"D148 PK 000+400";"46,3658840000";" -0,5626200000"
"202100053511";"28";"01";"2021";"22:10";"5";"974";"97422";"2";"1";"1";"6";"Chemin Isautier";" -21,2631360000";"55,5188620000"
"202100053512";"27";"01";"2021";"15:00";"1";"01";"01209";"1";"1";"1";"1";"pk 10 D1206";"46,1212990000";"5,8936180000"