"Num_Acc";"jour";"mois";"an";"hrmn";"lum";"dep";"com";"agg";"int";"atm";"col";"adr";"lat";"long"
"202100053513";"27";"01";"2021";"07:45";"2";"89";"89195";"1";"1";"2";"7";"Lieu Dit Bel Air";"48,1406190000";"3,2477260000"
"202100053514";"28";"01";"2021";"14:15";"1";"56";"56222";"2";"1";"2";"6";"Residence Paul Verlaine";"47,8465500000";" -2,7202660000"
"202100053515";"25";"01";"2021";"17:15";"1";"78";"78070";"1";"1";"7";"6";"D130";"48,9167730000";"1,7496180000"
"202100053516";"28";"01";"2021";"16:00";"1";"76";"76458";"1";"1";"8";"1";"Route d'Auffay";"49,7563790000";"1,1899160000"
"202100053517";"28";"01";"2021";"14:20";"1";"71";"71230";"1";"1";"2";"3";"Avenue LÃ©on Blum";"46,5882460000";"4,0599920000"
"202100053518";"27";"01";"2021";"10:10";"1";"63";"63007";"1";"1";"1";"6";"ZaniÃ¨re";"45,3767948600";"3,1335988600"
"202100053519";"27";"01";"2021";"14:00";"1";"49";"49018";"2";"1";"2";"7";"90 Rue Georges ClÃ©menceau";"47,5451910000";" -0,1069770000"
"202100053520";"28";"01";"2021";"14:10";"1";"12";"12289";"1";"1";"2";"3";"D5";"44,5023520000";"2,2357820000"
"202100053521";"28";"01";"2021";"15:20";"1";"47";"47217";"1";"1";"1";"6";"1610 Route de la Sauvetat";"44,2083110000";"0,7999960000"
"202100053522";"17";"01";"2021";"11:00";"1";"29";"29101";"2";"1";"1";"6";"Route de l'Armorique";"48,5876010000";" -4,5744000000"
"202100053523";"22";"01";"2021";"18:20";"3";"15";"15156";"1";"1";"8";"5";"Rancilhac - PK 19 D920";"44,8247240000";"2,4944110000"
"202100053524";"28";"01";"2021";"15:00";"1";"64";"64526";"2";"7";"1";"6";"allÃ©e des platanes";"43,2657759861";" -0,1879195869"
"202100053525";"27";"01";"2021";"17:55";"3";"73";"73255";"1";"1";"2";"6";"D74";"45,3239038854";"6,3180154507"
"202100053526";"28";"01";"2021";"08:15";"2";"53";"53077";"2";"1";"2";"6";"44 Rue de Nantes";"47,9441140000";" -0,9135740000"
"202100053527";"26";"01";"2021";"15:25";"1";"27";"27056";"2";"1";"8";"6";"Rue de l'Abbatiale";"49,0896050000";"0,5989810000"
"202100053528";"5";"01";"2021";"12:00";"1";"37";"37014";"1";"1";"1";"3";"D751";"47,2639710000";"0,4598810000"
"202100053529";"28";"01";"2021";"08:15";"1";"30";"30147";"2";"1";"1";"6";"Place du Portail d'AlÃ¨s";"44,0143380000";"4,0506400000"
"202100053530";"27";"01";"2021";"18:15";"2";"69";"69244";"2";"2";"2";"3";"VINCENT SERRE (AV)";"45,7660490000";"4,7857850000"
"202100053531";"28";"01";"2021";"10:00";"1";"91";"91159";"1";"1";"1";"1";"D 74";"48,5304260000";"2,4311430000"
"202100053532";"27";"01";"2021";"18:05";"3";"69";"69013";"1";"1";"2";"6";"A6";"46,0133940000";"4,7288040000"
"202100053533";"22";"01";"2021";"13:45";"1";"974";"97422";"2";"1";"3";"7";"Rue Jean de Fos du Rau";" -21,2219660000";"55,5527010000"
"202100053534";"8";"01";"2021";"20:25";"5";"13";"13033";"2";"1";"1";"3";"32 Avenue de la CÃ´te Bleue";"43,3566970000";"5,2034370000"
"202100053535";"27";"01";"2021";"07:50";"2";"84";"84047";"1";"4";"9";"6";"D101";"43,8921020000";"5,3681620000"
"202100053536";"27";"01";"2021";"18:40";"3";"83";"83029";"1";"1";"1";"6";"D562";"43,6060950000";"6,7524830000"
"202100053537";"28";"01";"2021";"09:30";"1";"08";"08110";"1";"1";"3";"6";"A304";"49,8248060000";"4,5124630000"
"202100053538";"28";"01";"2021";"16:15";"1";"38";"38537";"2";"1";"2";"6";"Rue des Alpes";"45,6325110000";"5,1482110000"
"202100053539";"28";"01";"2021";"13:15";"1";"69";"69287";"2";"1";"2";"6";"CHARLES DE GAULLE (AV)";"45,6999724448";"5,0082695027"
"202100053540";"28";"01";"2021";"07:15";"2";"61";"61424";"1";"1";"3";"3";"RD 909 PK 009+530";"48,5561090000";" -0,1435730000"
"202100053541";"28";"01";"2021";"08:05";"2";"59";"59258";"1";"1";"3";"1";"rue de la bertellerie";"50,5401970000";"3,2204750000"
"202100053542";"27";"01";"2021";"18:00";"3";"13";"13215";"1";"1";"1";"2";"A7-Sens Marseille vers Lyon";"43,3730640913";"5,3611908811"
"202100053543";"8";"01";"2021";"20:15";"3";"13";"13056";"1";"1";"1";"3";"A55-Sens Marseille vers Martigues";"43,3988153438";"5,0862796605"
"202100053544";"27";"01";"2021";"09:30";"1";"13";"13019";"1";"1";"1";"3";"A51-Sens Aix en Provence vers Marseille";"43,4216000000";"5,3702000000"
"202100053545";"22";"01";"2021";"16:05";"1";"69";"69278";"1";"1";"3";"3";"A46";"45,9034380866";"4,8261952400"
"202100053546";"27";"01";"2021";"11:00";"1";"33";"33249";"1";"1";"2";"6";"Route nationale 230";"44,8850270000";" -0,5116200000"
"202100053547";"27";"01";"2021";"15:20";"1";"93";"93063";"1";"1";"2";"3";"AUTOROUTE A3";"48,8778600000";"2,4459300000"
"202100053548";"27";"01";"2021";"00:20";"3";"93";"93078";"1";"1";"2";"6";"AUTOROUTE A104";"48,9580200000";"2,5286100000"
"202100053549";"25";"01";"2021";"21:10";"2";"93";"93053";"1";"1";"1";"3";"AUTOROUTE A3";"48,8950300000";"2,4713500000"
"202100053550";"26";"01";"2021";"00:40";"3";"93";"93053";"1";"1";"1";"6";"AUTOROUTE A103";"48,8880000000";"2,4725000000"
"202100053551";"26";"01";"2021";"13:50";"1";"988";"98818";"2";"3";"1";"3";"AVENUE DU MARECHAL FOCH";" -22,2754700000";"166,4428600000"
"202100053552";"26";"01";"2021";"12:35";"1";"974";"97416";"2";"1";"1";"2";"RECHERCHANT(RUE ADRIEN)";" -21,2833800000";"55,4772800000"
"202100053553";"26";"01";"2021";"15:15";"1";"974";"97416";"1";"1";"1";"6";"RN3 (1)";" -21,3226900000";"55,4803000000"
"202100053554";"26";"01";"2021";"06:18";"1";"974";"97411";"2";"3";"1";"3";"PETITE ILE (RUE DE LA)";" -20,8802690000";"55,4439930000"
"202100053555";"26";"01";"2021";"07:55";"1";"974";"97411";"2";"3";"1";"3";"Rue de la Guadeloupe";" -20,9046200000";"55,4930500000"
"202100053556";"26";"01";"2021";"14:15";"1";"973";"97302";"1";"1";"1";"2";"ROUTE NATIONALE 1";"4,9041100000";" -52,3238800000"
"202100053557";"26";"01";"2021";"11:30";"1";"973";"97302";"1";"6";"1";"3";"GIRATOIRE MARINGOUINS";"4,9078100000";" -52,3224400000"
"202100053558";"26";"01";"2021";"12:10";"1";"69";"69386";"2";"1";"1";"3";"VITTON (CR)";"45,7702370154";"4,8603862524"
"202100053559";"25";"01";"2021";"11:04";"1";"972";"97213";"1";"1";"1";"6";"AUTOROUTE A1";"14,6289600000";" -60,9781900000"
"202100053560";"26";"01";"2021";"11:10";"1";"972";"97213";"2";"1";"1";"6";"Z I LES MANGLES";"14,6169500000";" -61,0170900000"
"202100053561";"25";"01";"2021";"16:09";"1";"972";"97213";"1";"1";"1";"4";"Z I LES MANGLES";"14,6182100000";" -61,0217600000"
"202100053562";"25";"01";"2021";"21:05";"4";"972";"97209";"2";"1";"1";"7";"PASSERELLE (RUE DE LA)";"14,6088800000";" -61,0517800000"
"202100053563";"26";"01";"2021";"19:05";"5";"69";"69081";"2";"3";"1";"3";"JEAN MARIE VIANNEY (CHM)";"45,7884789566";"4,7818416028"
"202100053564";"26";"01";"2021";"08:55";"1";"69";"69286";"2";"2";"1";"6";"EUROPE (DE L') (AV)";"45,8158500000";"4,8987200000"
"202100053565";"25";"01";"2021";"13:00";"1";"69";"69286";"2";"1";"8";"1";"ARTIFICE (DE L') (R)";"45,8147545982";"4,8826685654"
"202100053566";"26";"01";"2021";"16:56";"1";"971";"97101";"2";"3";"1";"3";"ALBERTIN LANDRE (RUE)";"16,2919500000";" -61,4808200000"
"202100053567";"26";"01";"2021";"14:53";"1";"95";"95018";"1";"3";"1";"1";"GUILLOT (BOULEVARD MARCEAU)";"48,9551500000";"2,2526880000"
"202100053568";"8";"01";"2021";"20:30";"5";"91";"91216";"2";"1";"2";"1";"CORBEIL (RUE)";"48,6664700000";"2,3329000000"
"202100053569";"26";"01";"2021";"18:30";"5";"91";"91326";"2";"9";"1";"6";"JEAN DANAUX (RUE)";"48,6900000000";"2,3866700000"
"202100053570";"25";"01";"2021";"17:23";"1";"87";"87085";"2";"3";"1";"3";"MONTJOVIS (AVENUE)";"45,8400100000";"1,2466800000"
"202100053571";"25";"01";"2021";"14:12";"1";"87";"87085";"2";"3";"1";"3";"MONTJOVIS (AVENUE)";"45,8391300000";"1,2472200000"
"202100053572";"22";"01";"2021";"18:50";"2";"87";"87085";"1";"1";"1";"1";"CONSTANTY (RUE GEORGES)";"45,9095478000";"1,3059018000"
"202100053573";"25";"01";"2021";"14:05";"1";"87";"87085";"2";"1";"1";"3";"LATTRE-DE-TASSIGNY (AVENUE DU MARECHAL)";"45,8256500000";"1,2702000000"
"202100053574";"26";"01";"2021";"07:58";"2";"81";"81004";"2";"1";"1";"3";"THOMAS (AV ALBERT)";"43,9365900000";"2,1468100000"
"202100053575";"24";"01";"2021";"12:38";"1";"77";"77285";"2";"6";"1";"1";"CORBEIL (GIRATOIRE DE)";"48,5482340000";"2,6405380000"
"202100053576";"26";"01";"2021";"08:00";"5";"76";"76319";"2";"1";"1";"6";"Avenue du General Leclerc";"49,3651800000";"1,0139200000"
"202100053577";"26";"01";"2021";"08:45";"1";"74";"74012";"2";"9";"1";"6";"VERDUN (AVENUE DE)";"46,1857900000";"6,2425400000"
"202100053578";"26";"01";"2021";"16:00";"1";"73";"73011";"2";"2";"1";"3";"ARMAND (RUE LOUIS)";"45,6590930591";"6,3709629625"
"202100053579";"25";"01";"2021";"10:30";"1";"71";"71270";"2";"6";"1";"3";"INTER. RUE DE SANCE  RUE SIMONE VEIL";"46,3258766404";"4,8310776737"
"202100053580";"26";"01";"2021";"09:10";"1";"69";"69290";"2";"3";"1";"3";"SAINT BONNET DE MURE (DE) (CHM)";"45,6916400000";"4,9679900000"
"202100053581";"26";"01";"2021";"07:30";"2";"69";"69290";"2";"1";"1";"6";"PIERRE MENDES FRANCE (AV)";"45,6898872108";"4,9569126795"
"202100053582";"25";"01";"2021";"16:52";"1";"65";"65440";"1";"1";"2";"2";"ROND POINT DE PAU";"43,2373700000";"0,0421500000"
"202100053583";"26";"01";"2021";"20:15";"3";"62";"62525";"1";"1";"2";"7";"ROCADE";"50,7387410000";"2,2539290000"
"202100053584";"26";"01";"2021";"14:35";"1";"59";"59350";"2";"2";"1";"4";"DE COUBERTIN PIERRE BOULEVARD";"50,6478300000";"3,0687300000"
"202100053585";"24";"01";"2021";"19:30";"5";"59";"59654";"2";"1";"2";"6";"PASTEUR (RUE)";"50,3869800000";"3,1104900000"
"202100053586";"22";"01";"2021";"21:45";"5";"58";"58194";"2";"1";"8";"7";"SAINT ELOI I (LEVEE)";"46,9859000000";"3,1720000000"
"202100053587";"21";"01";"2021";"17:15";"3";"57";"57206";"2";"1";"2";"6";"DESCARTES (RUE)";"49,3111621000";"6,1204634000"
"202100053588";"25";"01";"2021";"17:15";"1";"54";"54079";"2";"2";"8";"3";"SAINT-ETIENNE (RUE)";"48,8816000000";"6,0494900000"
"202100053589";"21";"01";"2021";"14:01";"1";"51";"51230";"2";"1";"8";"4";"Avenue Jean JaurÃ¨s";"49,0491927689";"3,9433863759"
"202100053590";"25";"01";"2021";"16:35";"1";"50";"50129";"1";"2";"1";"2";"LEMONNIER (AVENUE AMIRAL)";"49,6343410000";" -1,6023410000"
"202100053591";"25";"01";"2021";"14:15";"1";"50";"50129";"2";"2";"1";"3";"JOLIOT CURIE (RUE)";"49,6297000000";" -1,6424400000"
"202100053592";"25";"01";"2021";"10:20";"1";"49";"49099";"2";"1";"8";"7";"MAGNOLIAS (SQUARE DES)";"47,0521200000";" -0,8729800000"
"202100053593";"25";"01";"2021";"11:25";"1";"49";"49007";"2";"6";"1";"2";"MOULIN BOULEVARD";"47,4890500000";" -0,5457700000"
"202100053594";"25";"01";"2021";"10:45";"1";"49";"49007";"2";"3";"1";"3";"LARREY";"47,4808600000";" -0,5545600000"
"202100053595";"25";"01";"2021";"08:30";"2";"49";"49007";"2";"2";"1";"7";"ORGEMONT";"47,4548300000";" -0,5482800000"
"202100053596";"26";"01";"2021";"08:15";"1";"45";"45004";"2";"1";"1";"6";"552 Rue de la CheminÃ©e Peynault";"47,9975900000";"2,7588400000"
"202100053597";"25";"01";"2021";"08:25";"5";"45";"45068";"2";"1";"8";"6";"36 Rue Paul PainlevÃ©";"48,0314170000";"2,7423230000"
"202100053598";"26";"01";"2021";"07:30";"5";"44";"44162";"2";"1";"1";"3";"QUAI EMILE CORMERAIS";"47,1945700000";" -1,6197600000"
"202100053599";"26";"01";"2021";"08:01";"2";"37";"37208";"2";"3";"1";"6";"CICOTTEES (RUE DES)";"47,3464938080";"0,7284084410"
"202100053600";"25";"01";"2021";"15:55";"1";"37";"37261";"2";"1";"1";"4";"DANIEL MAYER";"47,4186419428";"0,6874231716"
"202100053601";"25";"01";"2021";"07:40";"2";"37";"37261";"2";"1";"1";"7";"NAPOLEON (PONT)";"47,3993099522";"0,6753826457"
"202100053602";"25";"01";"2021";"07:20";"2";"37";"37122";"2";"1";"9";"7";"JAURES (BOULEVARD JEAN)";"47,3496737244";"0,6711872833"
"202100053603";"25";"01";"2021";"09:10";"1";"37";"37261";"2";"2";"9";"2";"SUEDE (RUE DE)";"47,4327622762";"0,6859753659"
"202100053604";"24";"01";"2021";"12:15";"1";"37";"37261";"2";"1";"2";"7";"ALOUETTE (AVENUE)";"47,3624468186";"0,6957668110"
"202100053605";"26";"01";"2021";"09:15";"1";"35";"35238";"2";"2";"1";"1";"YSER (BD DE L')";"48,0920800000";" -1,6761500000"
"202100053606";"26";"01";"2021";"08:05";"2";"35";"35278";"1";"1";"1";"4";"PORTE DE ST MALO";"48,1395600000";" -1,6952000000"
"202100053607";"25";"01";"2021";"17:45";"1";"31";"31069";"2";"4";"1";"3";"GRENADE (ROUTE DE)";"43,6376200000";"1,3903400000"
"202100053608";"25";"01";"2021";"20:40";"5";"31";"31555";"2";"1";"1";"7";"ROND POINT JEAN PAUL FONVIEILLE";"43,5673000000";"1,4069600000"
"202100053609";"25";"01";"2021";"09:10";"1";"31";"31565";"2";"6";"2";"2";"Avenue de Luchon";"43,0956900000";"0,7020900000"
"202100053610";"26";"01";"2021";"18:10";"3";"27";"27229";"2";"3";"8";"3";"SEMARD (RUE PIERRE)";"49,0160100000";"1,1657200000"
"202100053611";"26";"01";"2021";"17:15";"1";"17";"17291";"2";"1";"2";"2";"DIX-HUIT JUIN   RUE DU";"46,1766750000";" -1,1091750000"
"202100053612";"25";"01";"2021";"08:10";"2";"15";"15012";"1";"1";"1";"1";"RD 920";"44,8803320000";"2,4481920000"
"202100053613";"25";"01";"2021";"14:40";"1";"14";"14366";"2";"2";"1";"6";"Rue des Mathurins";"49,1447800000";"0,2246300000"
"202100053614";"26";"01";"2021";"16:00";"1";"13";"13209";"2";"1";"1";"6";"REDON (BOULEVARD DU)";"43,2569800000";"5,4190000000"
"202100053615";"26";"01";"2021";"15:00";"1";"13";"13211";"2";"1";"1";"7";"VALENTINE (ROUTE DE LA)";"43,2895870000";"5,4706680000"
"202100053616";"26";"01";"2021";"12:15";"1";"13";"13211";"2";"3";"1";"3";"RTE D' ALLAUCH";"43,3073995503";"5,5011582830"
"202100053617";"26";"01";"2021";"12:28";"1";"13";"13209";"2";"2";"1";"3";"AUGUSTIN AUBERT (RUE)";"43,2666300000";"5,4029600000"
"202100053618";"26";"01";"2021";"11:00";"1";"13";"13215";"2";"1";"1";"6";"LYON (RUE DE)";"43,3301400000";"5,3650900000"
"202100053619";"26";"01";"2021";"16:45";"1";"13";"13004";"2";"9";"1";"6";"BD EMILE COMBES";"43,6782780000";"4,6337330000"
"202100053620";"23";"01";"2021";"10:00";"1";"11";"11069";"2";"3";"2";"7";"RUE DARIUS MILHAUD";"43,2079200000";"2,3729500000"
"202100053621";"25";"01";"2021";"06:40";"5";"10";"10387";"2";"3";"2";"3";"ANATOLE FRANCE (RUE)";"48,2851500000";"4,0740300000"
"202100053622";"26";"01";"2021";"08:10";"2";"06";"06069";"1";"1";"1";"7";"Route de PLASCASSIER";"43,6487350000";"6,9611100000"
"202100053623";"25";"01";"2021";"10:45";"1";"06";"06027";"2";"1";"1";"6";"LAUTIN CHEMIN DU";"43,6594920000";"7,1550190000"
"202100053624";"25";"01";"2021";"13:10";"1";"75";"75116";"2";"4";"1";"3";"BOULEVARD PERIPHERIQUE";"48,8464830000";"2,2549210000"
"202100053625";"26";"01";"2021";"08:20";"1";"75";"75120";"2";"7";"1";"2";"RUE BELGRAND";"48,8648800000";"2,3986450000"
"202100053626";"26";"01";"2021";"05:00";"5";"75";"75113";"2";"1";"1";"7";"RUE DU CHEVALERET";"48,8256010000";"2,3781910000"
"202100053627";"26";"01";"2021";"09:00";"1";"75";"75112";"2";"1";"1";"3";"AVENUE DAUMESNIL";"48,8377690000";"2,4005360000"
"202100053628";"26";"01";"2021";"08:10";"2";"75";"75111";"2";"2";"1";"3";"BOULEVARD VOLTAIRE";"48,8621320000";"2,3728560000"
"202100053629";"26";"01";"2021";"16:45";"1";"75";"75101";"2";"2";"1";"7";"AVENUE VICTORIA";"48,8577280000";"2,3477920000"
"202100053630";"26";"01";"2021";"15:45";"1";"75";"75104";"2";"3";"8";"6";"RUE DE RIVOLI";"48,8552290000";"2,3611070000"
"202100053631";"26";"01";"2021";"16:00";"1";"75";"75101";"2";"2";"1";"6";"BOULEVARD DE SEBASTOPOL";"48,8606180000";"2,3493880000"
"202100053632";"25";"01";"2021";"17:40";"2";"94";"94067";"2";"1";"1";"6";"GENERAL DE GAULLE (AV DU)";"48,8459000000";"2,4176800000"
"202100053633";"26";"01";"2021";"11:00";"1";"94";"94078";"2";"1";"1";"3";"PRESIDENT JOHN FITZGERALD KENNEDY (AV DU";"48,7341200000";"2,4631500000"
"202100053634";"25";"01";"2021";"13:45";"1";"94";"94068";"2";"1";"1";"4";"ANDRE BOLLIER (R)";"48,8037000000";"2,4746000000"
"202100053635";"26";"01";"2021";"17:50";"1";"94";"94076";"2";"1";"1";"6";"Rue du Clos Fleuri";"48,7877490000";"2,3728330000"
"202100053636";"26";"01";"2021";"07:30";"5";"94";"94038";"2";"6";"1";"7";"GABRIEL PERI (R)";"48,7844000000";"2,3415100000"
"202100053637";"26";"01";"2021";"07:50";"2";"94";"94022";"2";"3";"1";"6";"ANATOLE FRANCE (AV)";"48,7654400000";"2,4093100000"
"202100053638";"26";"01";"2021";"11:40";"1";"93";"93071";"2";"9";"1";"7";"LIVRY (AVENUE DE)";"48,9347207658";"2,5347919464"
"202100053639";"25";"01";"2021";"09:40";"1";"93";"93066";"2";"1";"8";"2";"FRANCE ANATOLE (BOULEVARD) NR AUTRES";"48,9254500000";"2,3503700000"
"202100053640";"26";"01";"2021";"18:00";"3";"93";"93055";"2";"1";"1";"2";"JEAN JAURES (AVENUE) (2/74)";"48,9017093689";"2,3900823946"
"202100053641";"24";"01";"2021";"21:02";"5";"93";"93010";"2";"1";"2";"6";"VARAGNAT (AVENUE HENRI)";"48,9151726578";"2,4840949189"
"202100053642";"26";"01";"2021";"13:40";"1";"92";"92040";"2";"9";"1";"3";"LEON BLUM (PLACE)";"48,8208091954";"2,2601285577"
"202100053643";"26";"01";"2021";"18:40";"5";"92";"92026";"2";"1";"1";"3";"SAINT-DENIS BD (120 A 174 / DE 199 A 315";"48,9040814370";"2,2781077092"
"202100053644";"26";"01";"2021";"08:50";"1";"92";"92060";"2";"8";"1";"6";"CHARLES DE GAULLE (AVENUE) RD75 NÂ°1 A 35";"48,7793900000";"2,2611400000"
"202100053645";"26";"01";"2021";"09:25";"1";"92";"92009";"2";"1";"1";"1";"VICTOR HUGO ( RUE )";"48,9182020542";"2,2700765136"
"202100053646";"27";"01";"2021";"11:00";"1";"29";"29105";"1";"9";"2";"6";"N12 -  pk 38+700";"48,5182460000";" -4,0514550000"
"202100053647";"27";"01";"2021";"10:05";"1";"74";"74292";"1";"1";"1";"1";"Rte de Sillingy";"45,9366760000";"5,9979340000"
"202100053648";"27";"01";"2021";"07:55";"2";"83";"83100";"1";"1";"1";"6";"Rd 97";"43,2917950000";"6,1477730000"
"202100053649";"26";"01";"2021";"06:45";"3";"60";"60231";"1";"1";"2";"7";"Route de Pierrefonds";"49,2648920000";"2,9154970000"
"202100053650";"26";"01";"2021";"07:00";"5";"66";"66021";"2";"2";"1";"3";"Avenue du Canigou";"42,7276390000";"2,9306740000"
"202100053651";"27";"01";"2021";"16:55";"2";"57";"57155";"2";"1";"1";"6";"42 avenue de la libÃ©ration";"49,1130200000";"6,4016840000"
"202100053652";"27";"01";"2021";"09:00";"1";"59";"59607";"1";"2";"2";"3";"11 bis ChaussÃ©e Brunehaut";"50,1629890000";"3,6019810000"
"202100053653";"27";"01";"2021";"12:20";"1";"56";"56240";"1";"1";"2";"6";"Coet Y Huel";"47,5293000000";" -2,8075430000"
"202100053654";"27";"01";"2021";"09:15";"1";"67";"67346";"1";"1";"4";"1";"RD246-PR2+350";"48,9556110000";"8,0676130000"
"202100053655";"26";"01";"2021";"09:15";"1";"80";"80126";"2";"1";"1";"1";"28 Rue d'Abbeville";"49,9359100000";"1,6332570000"
"202100053656";"26";"01";"2021";"19:22";"3";"82";"82037";"1";"1";"1";"6";"D964";"44,1387650000";"1,5676000000"
"202100053657";"26";"01";"2021";"17:30";"2";"44";"44013";"1";"1";"2";"1";"D773";"47,3985450000";" -2,0959700000"
"202100053658";"23";"01";"2021";"23:30";"3";"31";"31576";"1";"1";"9";"6";"Route du canal du midi";"43,4121640000";"1,6569720000"
"202100053659";"27";"01";"2021";"07:30";"3";"31";"31135";"1";"2";"1";"3";"CD 6";"43,2276890000";"1,0832010000"
"202100053660";"25";"01";"2021";"08:20";"1";"01";"01200";"1";"1";"4";"6";"DÃ©partementale 1084";"46,0975120000";"5,4840230000"
"202100053661";"27";"01";"2021";"11:50";"1";"58";"58118";"1";"1";"2";"1";"Les Cours Garnet";"46,8230460000";"3,7046240000"
"202100053662";"27";"01";"2021";"18:25";"5";"06";"06150";"1";"1";"1";"6";"D53";"43,7532060000";"7,4073240000"
"202100053663";"27";"01";"2021";"12:35";"1";"64";"64214";"2";"1";"2";"7";"D11 PK 6+600";"43,2704330000";" -0,8763150000"
"202100053664";"27";"01";"2021";"09:50";"1";"21";"21584";"2";"2";"1";"6";"6 Rue dâArgentine";"47,2803680000";"4,2315440000"
"202100053665";"26";"01";"2021";"15:45";"1";"27";"27372";"1";"2";"1";"1";"D13";"49,3546680000";"1,6350800000"
"202100053666";"26";"01";"2021";"14:10";"1";"17";"17340";"1";"2";"1";"3";"D911";"46,0747940000";" -0,7846320000"
"202100053667";"27";"01";"2021";"07:20";"2";"48";"48042";"1";"1";"8";"6";"PK 88+700, RD 806";"44,5791700000";"3,4963020000"
"202100053668";"26";"01";"2021";"07:00";"5";"08";"08173";"2";"1";"9";"1";"27 Rue Gambetta";"49,6885140000";"4,7692950000"
"202100053669";"25";"01";"2021";"03:11";"3";"72";"72024";"1";"1";"4";"6";"Autoroute 28 - PK 116+500";"48,0993500000";"0,1689150000"
"202100053670";"26";"01";"2021";"09:15";"1";"06";"06088";"1";"1";"1";"2";"A8 PK 187+400 chaussÃ©e sud";"43,6773390000";"7,1950690000"
"202100053671";"26";"01";"2021";"07:59";"1";"06";"06104";"1";"1";"1";"2";"A8 tunnel LA COUPIÃRE PK 215+860 NORD";"43,7752500000";"7,4494810000"
"202100053672";"27";"01";"2021";"11:10";"1";"69";"69019";"1";"1";"1";"3";"A6";"46,0941860000";"4,7457500000"
"202100053673";"27";"01";"2021";"10:00";"1";"95";"95409";"1";"1";"2";"6";"PARC DE STATIONNEMENT";"49,0416754645";"2,3395740436"
"202100053674";"26";"01";"2021";"16:55";"1";"66";"66164";"1";"1";"8";"5";"D614";"42,7567570000";"2,8665410000"
"202100053675";"26";"01";"2021";"17:09";"1";"84";"84118";"1";"1";"1";"1";"D2";"43,9306550000";"5,3234450000"
"202100053676";"26";"01";"2021";"07:50";"1";"06";"06151";"1";"1";"1";"7";"M6202";"43,8952280000";"7,1904160000"
"202100053677";"27";"01";"2021";"10:35";"1";"52";"52449";"2";"3";"8";"6";"Rue de l'Avenir";"47,8311390000";"5,3301550000"
"202100053678";"21";"01";"2021";"07:35";"5";"67";"67378";"2";"1";"1";"6";"24 rue du GÃ©nÃ©ral LECLERC";"48,4701760000";"7,7240430000"
"202100053679";"26";"01";"2021";"18:15";"5";"54";"54430";"1";"1";"1";"5";"RD 657";"48,7662370000";"6,1282090000"
"202100053680";"26";"01";"2021";"08:00";"1";"57";"57433";"2";"3";"8";"6";"13 Avenue des Nations";"49,2024920000";"6,1640310000"
"202100053681";"25";"01";"2021";"17:30";"2";"44";"44035";"2";"6";"7";"6";"Rue de SucÃ©";"47,3031890000";" -1,5466690000"
"202100053682";"22";"01";"2021";"15:15";"1";"26";"26347";"1";"4";"3";"3";"5 Route du DauphinÃ©";"45,0576340000";"4,8655220000"
"202100053683";"26";"01";"2021";"15:45";"1";"69";"69163";"2";"3";"1";"3";" CHASSELAY (DE) (R) (13)";"45,9129349264";"4,7770166785"
"202100053684";"27";"01";"2021";"13:30";"1";"64";"64230";"1";"1";"2";"3";"N134";"43,2034550000";" -0,4144330000"
"202100053685";"24";"01";"2021";"16:55";"1";"33";"33022";"1";"1";"3";"6";"47 Route de Castelnau";"45,0330730000";" -0,7684790000"
"202100053686";"26";"01";"2021";"10:00";"1";"13";"13071";"1";"1";"1";"2";"A7-Sens Lyon vers Marseille";"43,4089836588";"5,2861028910"
"202100053687";"26";"01";"2021";"07:50";"1";"13";"13005";"1";"1";"1";"3";"A50-Sens Aubagne vers Marseille";"43,2872200000";"5,5419000000"
"202100053688";"21";"01";"2021";"17:49";"3";"67";"67482";"1";"1";"1";"4";"M351";"48,5883100000";"7,7063500000"
"202100053689";"25";"01";"2021";"07:20";"3";"59";"59435";"1";"1";"1";"4";"AUTOROUTE A23";"50,5062890000";"3,2113810000"
"202100053690";"26";"01";"2021";"18:05";"2";"92";"92062";"1";"1";"1";"6";"RN1013";"48,8885858810";"2,2350577697"
"202100053691";"26";"01";"2021";"10:10";"1";"93";"93053";"1";"1";"1";"2";"AUTOROUTE A3";"48,8849000000";"2,4714200000"
"202100053692";"26";"01";"2021";"09:00";"2";"93";"93007";"1";"1";"1";"2";"AUTOROUTE A3";"48,9216200000";"2,4799100000"
"202100053693";"25";"01";"2021";"07:40";"3";"95";"95582";"1";"1";"1";"3";"A115";"48,9815200000";"2,2409800000"
"202100053694";"25";"01";"2021";"06:40";"5";"93";"93066";"1";"1";"1";"6";"AUTOROUTE A1";"48,9279900000";"2,3574900000"
"202100053695";"26";"01";"2021";"11:30";"1";"94";"94065";"1";"1";"1";"4";"A86 INT";"48,7536000000";"2,3558100000"
"202100053696";"26";"01";"2021";"08:20";"1";"93";"93051";"1";"1";"1";"2";"A4";"48,8360480850";"2,5559506947"
"202100053697";"25";"01";"2021";"07:55";"1";"974";"97416";"1";"9";"1";"2";"RN1 (ROUTE NATIONALE)";" -21,3000000000";"55,5000000000"
"202100053698";"25";"01";"2021";"07:00";"1";"974";"97416";"1";"9";"1";"2";"RN3 (1)";" -21,3095200000";"55,4976100000"
"202100053699";"25";"01";"2021";"16:40";"1";"69";"69259";"2";"2";"1";"2";"JULES GUESDE (AV)";"45,7080932635";"4,8870650294"
"202100053700";"25";"01";"2021";"08:20";"1";"69";"69388";"2";"2";"1";"6";"JEAN MERMOZ (AV)";"45,7349339389";"4,8739234031"
"202100053701";"23";"01";"2021";"09:35";"1";"972";"97209";"2";"1";"1";"2";"RD 41 (ROCADE)";"14,6098200000";" -61,0655800000"