"Num_Acc";"jour";"mois";"an";"hrmn";"lum";"dep";"com";"agg";"int";"atm";"col";"adr";"lat";"long"
"202100054264";"22";"01";"2021";"09:10";"1";"35";"35245";"1";"1";"7";"2";"Le Temple";"48,2080020000";" -1,8856890000"
"202100054265";"22";"01";"2021";"10:24";"1";"22";"22305";"1";"1";"1";"7";"N 12";"48,2721110000";" -2,1702500000"
"202100054266";"13";"01";"2021";"09:20";"1";"71";"71004";"1";"2";"2";"5";"D673";"46,8033902713";"4,9404407903"
"202100054267";"20";"01";"2021";"18:00";"3";"71";"71462";"1";"1";"1";"7";"route du cavalier";"46,8299720000";"5,0371460000"
"202100054268";"22";"01";"2021";"06:30";"2";"34";"34077";"2";"1";"2";"6";"Avenue du Martinet";"43,6498950000";"3,8838280000"
"202100054269";"21";"01";"2021";"17:00";"3";"51";"51507";"1";"1";"3";"1";"D982E2";"49,0834310000";"4,8817060000"
"202100054270";"17";"01";"2021";"16:15";"1";"79";"79195";"1";"1";"1";"6";"N/A";"46,9682910000";" -0,6126590000"
"202100054271";"22";"01";"2021";"12:45";"1";"61";"61394";"1";"1";"1";"1";"D 211";"48,2832250000";"0,5807890000"
"202100054272";"22";"01";"2021";"08:33";"2";"55";"55198";"2";"1";"4";"7";"4 Place ClÃ©menceau";"49,0968080000";"5,6273390000"
"202100054273";"21";"01";"2021";"12:50";"1";"42";"42249";"1";"1";"8";"1";"D64";"45,8583960000";"4,2440490000"
"202100054274";"22";"01";"2021";"17:25";"2";"25";"25036";"1";"1";"2";"7";"Lieu-dit ""Le Toupot"" - Route de la Marne";"47,1946700000";"5,9464790000"
"202100054275";"20";"01";"2021";"16:10";"1";"44";"44069";"1";"9";"1";"6";"D247";"47,3270790000";" -2,4128080000"
"202100054276";"21";"01";"2021";"19:15";"3";"35";"35184";"1";"1";"2";"6";"RD 71";"48,2189630000";" -2,0283680000"
"202100054277";"21";"01";"2021";"18:20";"5";"72";"72328";"1";"6";"2";"3";"La Fontaine Saint Martin";"48,0227720000";"0,2309650000"
"202100054278";"22";"01";"2021";"12:05";"1";"50";"50345";"1";"1";"8";"3";"D 971";"49,0857890000";" -1,4200500000"
"202100054279";"21";"01";"2021";"18:05";"3";"90";"90015";"1";"1";"1";"6";"Route de MontbÃ©liard";"47,5905070000";"6,8595030000"
"202100054280";"21";"01";"2021";"19:45";"3";"07";"07066";"1";"1";"2";"6";"D2 - Pont de la ClÃ¨ve";"44,7091660000";"4,6822090000"
"202100054281";"22";"01";"2021";"09:37";"1";"40";"40119";"2";"1";"3";"6";"Route de Bellevue";"43,6590350000";" -0,5911750000"
"202100054282";"22";"01";"2021";"13:15";"1";"13";"13113";"1";"1";"3";"6";"A51";"43,6061340000";"5,4972730000"
"202100054283";"22";"01";"2021";"16:55";"1";"973";"97309";"2";"9";"1";"2";"Route de RÃ©mire";"4,8894670000";" -52,2755670000"
"202100054284";"21";"01";"2021";"18:00";"2";"37";"37225";"1";"1";"2";"1";"D140";"47,3604410000";"0,8734670000"
"202100054285";"18";"01";"2021";"10:15";"1";"34";"34157";"1";"1";"1";"5";"A9 - PK 133+900";"43,4338810000";"3,5644200000"
"202100054286";"22";"01";"2021";"08:15";"2";"35";"35301";"1";"1";"1";"7";"D61 - SAINT-M'HERVON";"48,2230220000";" -2,0541000000"
"202100054287";"21";"01";"2021";"20:00";"3";"986";"98613";"2";"1";"1";"1";"village de falaleu";" -13,2884323098";" -176,1826668978"
"202100054288";"21";"01";"2021";"11:20";"1";"971";"97119";"1";"1";"1";"3";"Chemin de l'Anse Maurice";"16,3947540000";" -61,4071620000"
"202100054289";"22";"01";"2021";"15:30";"1";"78";"78443";"1";"2";"1";"3";"D912";"48,8045420000";"1,8677990000"
"202100054290";"22";"01";"2021";"08:30";"1";"2B";"2B333";"1";"1";"1";"7";"D5";"42,5937722066";"9,3455484509"
"202100054291";"21";"01";"2021";"09:50";"1";"68";"68334";"2";"1";"8";"6";"14 Rue Saint Thiebaut";"47,8117810000";"7,1016700000"
"202100054292";"21";"01";"2021";"06:25";"5";"68";"68298";"2";"1";"8";"6";"1 Rue de la Resistance 1940 1945";"48,2433460000";"7,1779670000"
"202100054293";"21";"01";"2021";"09:00";"1";"38";"38344";"2";"3";"1";"6";"3 Route de Valence";"45,3617850000";"4,8009300000"
"202100054294";"22";"01";"2021";"07:15";"5";"38";"38509";"2";"1";"1";"1";"Rue Pierre Vincendon";"45,5658500000";"5,4411910000"
"202100054295";"21";"01";"2021";"08:20";"2";"33";"33273";"2";"3";"8";"3";"Avenue du Colonel Pierre Bourgoin";"44,8418440000";" -0,7655320000"
"202100054296";"18";"01";"2021";"09:00";"1";"60";"60054";"1";"1";"2";"2";"RD 35";"49,3420317809";"2,0426630974"
"202100054297";"22";"01";"2021";"16:25";"1";"59";"59258";"1";"1";"1";"2";"d145";"50,5269190000";"3,2396790000"
"202100054298";"22";"01";"2021";"08:10";"2";"59";"59051";"2";"1";"1";"6";"Rue du General Leclerc";"50,5317620000";"2,8073820000"
"202100054299";"19";"01";"2021";"21:20";"3";"13";"13202";"1";"1";"1";"1";"A55-Sens Marseille vers Martigues";"43,3289542547";"5,3563060644"
"202100054300";"21";"01";"2021";"07:30";"5";"91";"91549";"1";"1";"1";"6";"RN 104";"48,6258500000";"2,3418000000"
"202100054301";"20";"01";"2021";"18:40";"3";"91";"91136";"1";"1";"1";"4";"AUTOROUTE A126";"48,7119480154";"2,2901880741"
"202100054302";"21";"01";"2021";"08:30";"1";"93";"93051";"1";"1";"1";"6";"A4";"48,8353352100";"2,5693477523"
"202100054303";"20";"01";"2021";"16:00";"1";"93";"93051";"1";"1";"1";"4";"A4";"48,8364100000";"2,5488800000"
"202100054304";"19";"01";"2021";"12:25";"1";"974";"97407";"2";"2";"1";"3";"LUXEMBOURG(RUE)";" -20,9355800000";"55,2945800000"
"202100054305";"20";"01";"2021";"21:35";"5";"973";"97302";"2";"6";"2";"6";"LIBERTE (AVENUE DE LA)";"4,9368900000";" -52,3258500000"
"202100054306";"20";"01";"2021";"17:45";"1";"973";"97302";"2";"3";"2";"3";"FLAMBOYANTS (RUE DES)";"4,9249400000";" -52,3170600000"
"202100054307";"20";"01";"2021";"09:10";"1";"69";"69259";"2";"1";"1";"7";"8 MAI 1945 (DU) (AV)";"45,6923300000";"4,8680500000"
"202100054308";"20";"01";"2021";"00:23";"5";"972";"97213";"1";"6";"2";"6";"AEROPORT (ROND POINT DE L')";"14,5971503768";" -60,9980034828"
"202100054309";"20";"01";"2021";"10:40";"1";"69";"69034";"2";"1";"1";"6";"JEAN PETIT (CHM)";"45,8044449100";"4,8599674702"
"202100054310";"20";"01";"2021";"16:00";"1";"971";"97101";"1";"3";"1";"3";"PROVIDENCE";"16,2790500000";" -61,5099300000"
"202100054311";"20";"01";"2021";"12:20";"1";"91";"91377";"2";"1";"1";"6";"AV DE VERRIERES";"48,7357180000";"2,2735500000"
"202100054312";"20";"01";"2021";"13:20";"1";"91";"91027";"2";"1";"1";"6";"AV DE MORANGIS";"48,7057000000";"2,3663600000"
"202100054313";"20";"01";"2021";"12:30";"1";"91";"91687";"2";"1";"1";"6";"MARGOT (RUE)";"48,6703200000";"2,3706500000"
"202100054314";"19";"01";"2021";"10:50";"1";"90";"90010";"2";"1";"1";"7";"AMSTERDAM (RUE D')";"47,6330000000";"6,8660000000"
"202100054315";"20";"01";"2021";"06:27";"5";"87";"87085";"2";"2";"1";"3";"TUILIERES (RUE DES)";"45,8484900000";"1,2492900000"
"202100054316";"20";"01";"2021";"08:30";"2";"83";"83137";"2";"1";"8";"6";"ESTIENNE D'ORVES (AVE)";"43,1266600000";"5,9129900000"
"202100054317";"20";"01";"2021";"06:45";"3";"77";"77350";"1";"3";"1";"3";"CD NUMERO 471";"48,7557000000";"2,7049900000"
"202100054318";"19";"01";"2021";"18:20";"5";"71";"71306";"2";"1";"1";"2";"MOULINS (QUAI DE)";"46,6636174530";"4,3500481546"
"202100054319";"20";"01";"2021";"17:30";"2";"69";"69264";"2";"3";"1";"3";"MEUNIER-VIAL FRANCOIS  (R)";"45,9949500000";"4,7340800000"
"202100054320";"14";"01";"2021";"07:13";"5";"63";"63063";"2";"6";"1";"3";"BLANZAT (RUE DE)";"45,8312700000";"3,0866600000"
"202100054321";"13";"01";"2021";"16:35";"2";"63";"63164";"2";"3";"1";"3";"CHARLES DE GAULLE (BD)";"45,8157000000";"3,1508700000"
"202100054322";"19";"01";"2021";"16:48";"2";"63";"63113";"2";"2";"1";"6";"BONNABAUD (RUE)";"45,7736200000";"3,0800700000"
"202100054323";"20";"01";"2021";"16:25";"1";"62";"62108";"1";"1";"1";"1";"CD940";"50,4269720000";"1,6026840000"
"202100054324";"20";"01";"2021";"12:30";"1";"59";"59421";"2";"3";"1";"3";"IRIS (ALLEE DES)";"50,7079470000";"3,1297520000"
"202100054325";"18";"01";"2021";"07:45";"5";"58";"58194";"2";"1";"1";"3";"PETIT MOUESSE";"46,9891000000";"3,1706000000"
"202100054326";"19";"01";"2021";"20:15";"5";"56";"56121";"2";"6";"3";"3";"LEGION D'HONNEUR (PLACE DE LA) ";"47,7517900000";" -3,3651400000"
"202100054327";"19";"01";"2021";"17:15";"1";"56";"56121";"1";"1";"8";"4";"PÃ©nÃ©trante de Lorient D 465";"47,7619400000";" -3,3818500000"
"202100054328";"20";"01";"2021";"13:05";"1";"54";"54273";"2";"1";"1";"6";"GOUNOD (RUE CHARLES)";"49,1523700000";"5,8826100000"
"202100054329";"7";"01";"2021";"17:45";"5";"52";"52448";"2";"9";"8";"6";"BAR LE DUC (ROUTE DE)";"48,6490700000";"4,9589000000"
"202100054330";"15";"01";"2021";"17:00";"1";"50";"50129";"2";"1";"1";"2";"THIVET (AVENUE)";"49,6350100000";" -1,6545600000"
"202100054331";"7";"01";"2021";"19:10";"5";"42";"42207";"2";"1";"1";"6";"Rue Marc Seguin";"45,4731300000";"4,5171800000"
"202100054332";"18";"01";"2021";"10:45";"1";"40";"40281";"2";"3";"1";"3";"SAINT-SEVER (AV DE)";"43,8736600000";" -0,5079400000"
"202100054333";"18";"01";"2021";"16:15";"1";"39";"39150";"2";"3";"1";"3";"N/A";"47,0670300000";"5,4555000000"
"202100054334";"20";"01";"2021";"19:20";"3";"38";"38516";"2";"9";"1";"3";"Avenue de Verdun";"45,1924200000";"5,7463400000"
"202100054335";"20";"01";"2021";"11:40";"1";"35";"35055";"2";"9";"1";"2";"OLIVET (RUE DE L')";"48,0826400000";" -1,6162900000"
"202100054336";"14";"01";"2021";"11:50";"1";"34";"34032";"2";"1";"1";"6";"HEROLD (RUE FERDINAND)";"43,3403900000";"3,2232500000"
"202100054337";"20";"01";"2021";"22:40";"5";"33";"33063";"2";"2";"1";"3";"Boulevard Antoine Gautier";"44,8332847344";" -0,5985311683"
"202100054338";"19";"01";"2021";"15:40";"1";"31";"31555";"2";"1";"1";"6";"213 Route dâAlbi";"43,6428400000";"1,4675600000"
"202100054339";"18";"01";"2021";"13:04";"1";"21";"21231";"2";"2";"2";"3";"CARNOT (BOULEVARD)";"47,3185500000";"5,0472100000"
"202100054340";"20";"01";"2021";"12:25";"1";"13";"13043";"2";"1";"1";"3";"JAN PALACH (AV )";"43,3881000000";"5,2303300000"
"202100054341";"20";"01";"2021";"13:00";"1";"13";"13208";"2";"1";"1";"3";"MICHELET (BOULEVARD)";"43,2628140000";"5,3967850000"
"202100054342";"19";"01";"2021";"11:25";"1";"13";"13215";"2";"1";"1";"6";"VISTE (AVENUE DE LA)";"43,3550000000";"5,3572000000"
"202100054343";"19";"01";"2021";"09:42";"1";"12";"12089";"2";"1";"9";"7";"RAMADIER PAUL (AVENUE)";"44,5543400000";"2,2603300000"
"202100054344";"19";"01";"2021";"14:19";"1";"10";"10325";"2";"9";"1";"1";"CHENE (RUE)";"48,2594000000";"4,0615900000"
"202100054345";"20";"01";"2021";"17:00";"2";"06";"06088";"2";"1";"2";"4";"RD 6202";"43,7255330000";"7,1856470000"
"202100054346";"19";"01";"2021";"19:20";"5";"06";"06123";"2";"3";"1";"3";"SAUVAIGO PIERRE AVENUE";"43,6655640000";"7,1866900000"
"202100054347";"19";"01";"2021";"18:15";"4";"05";"05061";"2";"1";"1";"4";"JEAN JAURES ( AVENUE )";"44,5504300000";"6,0691700000"
"202100054348";"20";"01";"2021";"17:45";"5";"75";"75117";"2";"1";"1";"3";"BOULEVARD PERIPHERIQUE";"48,8827000000";"2,2833590000"
"202100054349";"20";"01";"2021";"14:00";"1";"75";"75112";"2";"4";"1";"3";"BOULEVARD PERIPHERIQUE";"48,8267820000";"2,3903420000"
"202100054350";"20";"01";"2021";"09:30";"1";"75";"75116";"2";"1";"1";"4";"BOULEVARD PERIPHERIQUE";"48,8432330835";"2,2543181078"
"202100054351";"20";"01";"2021";"08:15";"1";"75";"75116";"2";"4";"1";"3";"ECHANGEUR MAILLOT";"48,8778130000";"2,2796850000"
"202100054352";"19";"01";"2021";"21:20";"5";"75";"75112";"2";"1";"1";"2";"PORTE DE CHARENTON";"48,8330990000";"2,4071660000"
"202100054353";"19";"01";"2021";"18:35";"5";"75";"75119";"2";"1";"1";"2";"PORTE D AUBERVILLIERS";"48,9004950000";"2,3738460000"
"202100054354";"17";"01";"2021";"13:10";"1";"75";"75118";"2";"1";"1";"6";"PORTE DE LA CHAPELLE";"48,9003660000";"2,3591040000"
"202100054355";"19";"01";"2021";"14:44";"1";"75";"75118";"2";"2";"8";"3";"AVENUE DE LA PORTE DE CLIGNANCOURT";"48,8980730000";"2,3442670000"
"202100054356";"20";"01";"2021";"14:50";"1";"75";"75115";"2";"1";"1";"6";"RUE DE LA CONVENTION";"48,8366412540";"2,2984682141"
"202100054357";"20";"01";"2021";"09:30";"1";"75";"75115";"2";"3";"1";"7";"RUE DE LA CROIX NIVERT";"48,8411820000";"2,2918370000"
"202100054358";"18";"01";"2021";"21:00";"5";"75";"75115";"2";"2";"1";"3";"RUE DE JAVEL";"48,8447580000";"2,2839080000"
"202100054359";"20";"01";"2021";"16:50";"1";"75";"75114";"2";"1";"1";"3";"RUE DE LA LEGION ETRANGERE";"48,8209420000";"2,3244390000"
"202100054360";"20";"01";"2021";"11:00";"1";"75";"75107";"2";"3";"1";"2";"QUAI BRANLY";"48,8590980000";"2,2932460000"
"202100054361";"20";"01";"2021";"08:15";"2";"75";"75104";"2";"1";"1";"6";"QUAI DES CELESTINS";"48,8524720000";"2,3602090000"
"202100054362";"19";"01";"2021";"13:00";"1";"94";"94081";"2";"1";"2";"6";"ANSELME RONDENAY (R)";"48,7792600000";"2,3989700000"
"202100054363";"19";"01";"2021";"11:10";"1";"94";"94068";"2";"2";"2";"3";"CORNEILLES (BD DES)";"48,7850000000";"2,4920000000"
"202100054364";"20";"01";"2021";"07:00";"5";"94";"94011";"2";"1";"1";"3";"GILLET(RUE ALFRED)";"48,7759800000";"2,4900900000"
"202100054365";"20";"01";"2021";"02:00";"5";"94";"94028";"2";"3";"1";"6";"Rue de Mesly";"48,7800000000";"2,4600000000"
"202100054366";"19";"01";"2021";"20:50";"5";"94";"94079";"2";"1";"1";"2";"FRIEDBERG (BD DE)";"48,8359000000";"2,5469000000"
"202100054367";"20";"01";"2021";"16:15";"1";"93";"93072";"2";"1";"1";"6";"LOUIS BORDES (RUE)";"48,9558000000";"2,3831900000"
"202100054368";"20";"01";"2021";"07:00";"5";"93";"93066";"2";"3";"9";"2";"LENINE (AVENUE) NR 28 A 62 ET 13 A 41";"48,9449416885";"2,3595391900"
"202100054369";"20";"01";"2021";"16:27";"1";"93";"93055";"2";"1";"1";"3";"JEAN LOLIVE (AVENUE)(137/FIN ET 134/FIN)";"48,8944000000";"2,4200400000"
"202100054370";"20";"01";"2021";"14:30";"1";"93";"93048";"2";"2";"1";"3";"COLMET LEPINAY (RUE)";"48,8549600000";"2,4429400000"
"202100054371";"19";"01";"2021";"10:00";"1";"93";"93048";"2";"2";"2";"3";"PARMENTIER (RUE)";"48,8593100000";"2,4316800000"
"202100054372";"20";"01";"2021";"17:00";"1";"93";"93027";"2";"1";"1";"2";"PASTEUR (BOULEVARD) DE 40 A +";"48,9231300000";"2,3841400000"
"202100054373";"20";"01";"2021";"13:10";"1";"93";"93027";"2";"1";"1";"6";"BARBUSSE (AVENUE HENRI)";"48,9320200000";"2,3915100000"
"202100054374";"20";"01";"2021";"07:55";"2";"93";"93014";"2";"1";"1";"6";"MAURICE AUDIN (ALLEE)";"48,9082200000";"2,5360800000"
"202100054375";"20";"01";"2021";"15:45";"1";"93";"93005";"2";"1";"1";"6";"IRENE ET FREDERIC JOLIOT CURIE (AVENUE)";"48,9298513597";"2,5095841532"
"202100054376";"20";"01";"2021";"17:30";"5";"93";"93001";"2";"1";"2";"6";"ANATOLE FRANCE (BLD) PAIR";"48,9159737700";"2,3815370908"
"202100054377";"19";"01";"2021";"18:00";"2";"92";"92063";"2";"3";"1";"6";"BOURGUIGNON (RUE JEAN) SUD";"48,8669400000";"2,1806200000"
"202100054378";"20";"01";"2021";"18:40";"5";"92";"92044";"2";"1";"1";"4";"VIC. HUGO(RUE)091A113 ET 112A146";"48,8979300000";"2,2946400000"
"202100054379";"20";"01";"2021";"08:30";"1";"92";"92024";"2";"3";"1";"3";"MARTRE DE (4 A 54)";"48,8995300000";"2,3092600000"
"202100054380";"20";"01";"2021";"12:00";"1";"49";"49244";"1";"3";"1";"7";"Chemin de l'Epinay (st Laurent-de-la-plaine)";"47,3075210000";" -0,7809680000"
"202100054381";"20";"01";"2021";"14:10";"1";"974";"97422";"2";"7";"3";"3";"170 Rue Georges Pompidou";" -21,2541440000";"55,5225620000"
"202100054382";"21";"01";"2021";"20:30";"3";"974";"97405";"1";"1";"1";"6";"Rue Augustin MÃ©zino";" -21,3639010000";"55,5398050000"
"202100054383";"21";"01";"2021";"18:10";"3";"41";"41161";"1";"1";"3";"6";"A71 PK 143+150 sens 1";"47,5535050000";"2,0089530000"
"202100054384";"20";"01";"2021";"17:15";"2";"86";"86006";"1";"1";"1";"7";"Lieu Dit Tournac";"46,5464230000";"0,8724030000"
"202100054385";"21";"01";"2021";"10:00";"1";"65";"65426";"2";"2";"1";"3";"D14";"43,2179800000";"0,2226020000"
"202100054386";"20";"01";"2021";"19:35";"3";"77";"77385";"1";"1";"2";"6";"D204";"48,8385370000";"3,2366110000"
"202100054387";"20";"01";"2021";"17:05";"1";"32";"32242";"2";"1";"1";"1";"Avenue Jules Duffort";"43,4349990000";"0,5793460000"
"202100054388";"21";"01";"2021";"17:42";"5";"03";"03025";"1";"1";"2";"3";"Route de Moulins";"46,4541747671";"3,3672532439"
"202100054389";"20";"01";"2021";"16:05";"1";"60";"60508";"2";"2";"1";"6";"Rue de l'Haillerie";"49,3017290000";"2,6419600000"
"202100054390";"21";"01";"2021";"14:40";"1";"53";"53127";"1";"6";"3";"7";"Rond point des amÃ©riques";"48,4324790000";" -0,4922710000"
"202100054391";"20";"01";"2021";"16:30";"1";"52";"52306";"1";"3";"1";"1";"D674";"48,2627560000";"5,3862190000"
"202100054392";"20";"01";"2021";"11:00";"1";"987";"98734";"2";"1";"1";"1";"PK 29.800 COTE MONTAGNE - RT1";" -17,7493300000";" -149,5577430000"
"202100054393";"18";"01";"2021";"21:40";"3";"06";"06152";"1";"1";"1";"6";"Route du Parc";"43,6133120000";"7,0451760000"
"202100054394";"18";"01";"2021";"17:26";"3";"06";"06088";"1";"1";"2";"4";"A8 PK 200.000 SUD";"43,7330440000";"7,2853090000"
"202100054395";"21";"01";"2021";"13:28";"1";"69";"69072";"2";"3";"1";"3";"PLATEAU (DU) (CHM)";"45,8006760000";"4,7680630000"
"202100054396";"20";"01";"2021";"16:17";"1";"971";"97114";"1";"1";"1";"3";"N1";"16,1480710000";" -61,5835730000"
"202100054397";"18";"01";"2021";"09:00";"1";"13";"13041";"1";"1";"1";"3";"D46a";"43,4527630000";"5,4933360000"
"202100054398";"8";"01";"2021";"13:10";"1";"67";"67028";"2";"6";"1";"3";"D5";"48,3720810000";"7,5927870000"
"202100054399";"21";"01";"2021";"07:59";"1";"38";"38276";"1";"1";"1";"6";"Route Nationale 85";"45,5642600000";"5,3035000000"
"202100054400";"20";"01";"2021";"12:30";"1";"09";"09188";"1";"1";"1";"6";"RN 20";"42,8847650000";"1,6237340000"
"202100054401";"21";"01";"2021";"09:45";"1";"59";"59466";"2";"3";"1";"6";"Rue Nationale";"50,5207700000";"3,1141950000"
"202100054402";"18";"01";"2021";"18:10";"2";"54";"54328";"1";"1";"1";"1";"Autoroute A 33";"48,6298600000";"6,1795700000"
"202100054403";"20";"01";"2021";"09:00";"1";"91";"91589";"1";"1";"1";"2";"AUTOROUTE A6";"48,6736400000";"2,3430000000"
"202100054404";"20";"01";"2021";"09:35";"1";"92";"92048";"1";"1";"1";"2";"N118";"48,7972746289";"2,2170122155"
"202100054405";"20";"01";"2021";"07:45";"2";"92";"92036";"1";"1";"1";"4";"A86";"48,9351292754";"2,2839515454"
"202100054406";"20";"01";"2021";"18:25";"3";"95";"95424";"1";"1";"1";"5";" A15";"48,9907300000";"2,1937800000"
"202100054407";"20";"01";"2021";"16:00";"1";"93";"93006";"1";"1";"1";"2";"AUTOROUTE A3";"48,8669000000";"2,4253000000"
"202100054408";"20";"01";"2021";"18:00";"2";"77";"77122";"1";"1";"1";"2";"RN104";"48,6624400000";"2,6136200000"
"202100054409";"20";"01";"2021";"14:30";"1";"77";"77363";"1";"1";"1";"4";"A104";"48,9299000000";"2,6281000000"
"202100054410";"20";"01";"2021";"08:40";"1";"988";"98818";"2";"4";"2";"2";"ROUTE EXPRESS DU MONT DORE";" -22,2351800000";"166,4870400000"
"202100054411";"19";"01";"2021";"16:40";"1";"973";"97302";"2";"1";"1";"2";"ROUTE NATIONALE 3";"4,9053700000";" -52,3200900000"
"202100054412";"19";"01";"2021";"20:32";"5";"69";"69259";"2";"1";"1";"6";"FRERES LOUIS ET EMILE BERTRAND (DES) (R)";"45,7182081706";"4,8712791781"
"202100054413";"19";"01";"2021";"08:45";"1";"69";"69259";"2";"2";"1";"3";"VIENNE (DE) (RTE)";"45,7290800000";"4,8538300000"
"202100054414";"19";"01";"2021";"04:30";"5";"69";"69388";"2";"2";"8";"3";"ALBERT THOMAS (CR)";"45,7469440112";"4,8671177030"
"202100054415";"5";"01";"2021";"08:30";"1";"2B";"2B120";"2";"1";"1";"6";"IMPERIALE (Route) D464 ";"42,6590841528";"9,4317814708"
"202100054416";"18";"01";"2021";"15:25";"1";"91";"91228";"2";"3";"1";"2";"BD CHAMPS ELYSEES";"48,6331580000";"2,4252030000"
"202100054417";"19";"01";"2021";"07:51";"5";"91";"91223";"2";"1";"1";"6";"OUCHE (PLACE DE L')";"48,4272860000";"2,1386140000"
"202100054418";"14";"01";"2021";"09:50";"1";"84";"84031";"1";"1";"1";"4";"D235";"44,0317730000";"5,0507810000"
"202100054419";"17";"01";"2021";"17:15";"1";"84";"84007";"2";"2";"1";"3";"TARASCON (Avenue de)";"43,9284800000";"4,8095000000"
"202100054420";"19";"01";"2021";"07:58";"1";"81";"81004";"2";"1";"1";"1";"THOMAS (AV ALBERT)";"43,9462000000";"2,1515800000"
"202100054421";"18";"01";"2021";"09:35";"1";"77";"77123";"1";"1";"1";"1";"D212";"48,9909200000";"2,6565800000"
"202100054422";"15";"01";"2021";"19:30";"5";"76";"76351";"2";"2";"1";"3";"Avenue RenÃ© Coty";"49,4985200000";"0,1179600000"
"202100054423";"19";"01";"2021";"16:20";"2";"69";"69266";"2";"1";"7";"6";"ROGER SALENGRO (AV)";"45,7793118836";"4,8812647983"
"202100054424";"14";"01";"2021";"17:44";"1";"66";"66136";"2";"1";"1";"2";"BOUSSIRON AVENUE SIMON";"42,6944200000";"2,9313800000"
"202100054425";"19";"01";"2021";"09:35";"1";"64";"64445";"2";"3";"1";"6";"JEAN MERMOZ";"43,3165800000";" -0,3781700000"
"202100054426";"19";"01";"2021";"07:50";"2";"64";"64445";"2";"3";"1";"3";"OLOF PALME";"43,3359600000";" -0,3637400000"
"202100054427";"19";"01";"2021";"12:07";"1";"64";"64024";"2";"6";"1";"1";"CINQ CANTONS (RUE DES)";"43,4843217846";" -1,5178928226"
"202100054428";"18";"01";"2021";"17:41";"2";"63";"63113";"2";"1";"1";"6";"TORPILLEUR SIROCCO (RUE DU)";"45,8074800000";"3,1068200000"
"202100054429";"18";"01";"2021";"11:20";"1";"60";"60175";"1";"1";"7";"1";"RD 201_ROND POINT P.BLANCHE_LIMITE CIRCO";"49,2422300000";"2,5030900000"
"202100054430";"13";"01";"2021";"18:45";"5";"59";"59385";"2";"1";"2";"6";"REPUBLIQUE (RUE DE LA)";"50,2918800000";"4,0809800000"
"202100054431";"18";"01";"2021";"14:20";"1";"55";"55029";"2";"6";"1";"6";"SAINCERE ( RUE )";"48,7763600000";"5,1567800000"
"202100054432";"13";"01";"2021";"15:10";"1";"54";"54323";"2";"3";"1";"3";"PAIX (AVENUE)";"49,5291700000";"5,7631100000"
"202100054433";"18";"01";"2021";"18:00";"5";"50";"50602";"2";"2";"2";"3";"NORTHEIM (AVENUE DE)";"49,6440900000";" -1,5811900000"
"202100054434";"17";"01";"2021";"06:15";"5";"50";"50129";"2";"2";"1";"6";"NORMANDIE (AVENUE)";"49,6270600000";" -1,6360900000"
"202100054435";"18";"01";"2021";"07:30";"5";"49";"49099";"2";"1";"1";"6";"SACRE-COEUR (RUE DU)";"47,0653900000";" -0,8873600000"
"202100054436";"19";"01";"2021";"07:55";"2";"47";"47001";"2";"7";"1";"6";"Place EugÃ¨ne Pelletan";"44,2035100000";"0,6244800000"
"202100054437";"19";"01";"2021";"17:20";"1";"44";"44109";"2";"1";"1";"6";"QUAI DE LA FOSSE";"47,2090800000";" -1,5672500000"
"202100054438";"19";"01";"2021";"13:23";"1";"44";"44109";"2";"1";"1";"3";"RUE PIERRE ET MARIE CURIE";"47,2238184529";" -1,5240155251"
"202100054439";"19";"01";"2021";"09:40";"2";"42";"42207";"2";"7";"1";"6";"Rue Alsace Lorraine";"45,4749100000";"4,5069300000"
"202100054440";"18";"01";"2021";"17:31";"1";"38";"38544";"2";"1";"1";"6";"Rue Victor Hugo";"45,5225900000";"4,8751500000"
"202100054441";"19";"01";"2021";"13:15";"1";"38";"38185";"2";"1";"1";"6";"Boulevard Joseph Vallier";"45,1800800000";"5,7110700000"
"202100054442";"19";"01";"2021";"13:30";"1";"37";"37261";"2";"1";"1";"1";"PINGUET GUINDON (RUE)";"47,4140815867";"0,6842483018"
"202100054443";"19";"01";"2021";"15:30";"1";"35";"35238";"2";"9";"1";"6";"VITRE (BLD DE)";"48,1254100000";" -1,6515700000"
"202100054444";"19";"01";"2021";"07:50";"5";"35";"35238";"2";"1";"2";"6";"GAYEULLES (AVENUE DES)";"48,1288280000";" -1,6520640000"
"202100054445";"18";"01";"2021";"17:35";"2";"34";"34172";"2";"1";"1";"6";"TOULOUSE (AVENUE DE";"43,5949000000";"3,8613800000"
"202100054446";"19";"01";"2021";"08:34";"1";"33";"33192";"2";"1";"1";"6";"Route de LÃ©ognan";"44,7687109282";" -0,6112947461"
"202100054447";"19";"01";"2021";"07:20";"5";"33";"33009";"2";"1";"1";"1";"Cours Lamarque de Plaisance";"44,6617470000";" -1,1805940000"
"202100054448";"19";"01";"2021";"06:35";"3";"31";"31555";"2";"1";"1";"1";"97 rue de Fenouillet";"43,6298200000";"1,4239600000"
"202100054449";"18";"01";"2021";"19:55";"5";"31";"31555";"2";"1";"1";"3";"18 Rue des FrÃ¨res Lion";"43,6002500000";"1,4524700000"
"202100054450";"17";"01";"2021";"17:25";"1";"31";"31555";"1";"1";"1";"6";"VA007331 A620";"43,6389700000";"1,4217700000"
"202100054451";"19";"01";"2021";"18:10";"5";"29";"29232";"2";"1";"3";"6";"Avenue de la France Libre";"48,0068420000";" -4,0971000000"