"Num_Acc";"jour";"mois";"an";"hrmn";"lum";"dep";"com";"agg";"int";"atm";"col";"adr";"lat";"long"
"202100055386";"12";"01";"2021";"06:40";"2";"2B";"2B049";"1";"1";"9";"6";"D151";"42,5159070000";"8,8488220000"
"202100055387";"12";"01";"2021";"17:55";"5";"60";"60562";"2";"1";"2";"6";"56 Rue de Sacy le Petit";"49,3525420000";"2,5506190000"
"202100055388";"12";"01";"2021";"10:50";"1";"80";"80380";"1";"2";"3";"3";"chaussÃ©e brunehaut";"50,0944310000";"2,0627260000"
"202100055389";"12";"01";"2021";"07:50";"3";"49";"49182";"1";"1";"1";"1";"D761";"47,2177750000";" -0,3056110000"
"202100055390";"12";"01";"2021";"16:00";"1";"44";"44072";"1";"2";"1";"3";"LA VILLE EN BOIS";"47,4906050000";" -2,2974840000"
"202100055391";"11";"01";"2021";"13:00";"1";"29";"29019";"2";"1";"1";"6";"148 Rue de Gouesnou";"48,4182478560";" -4,4680125895"
"202100055392";"11";"01";"2021";"17:25";"1";"29";"29069";"1";"1";"2";"1";"D105 - Route du Pont Cabioc'h";"48,4046690000";" -4,5461510000"
"202100055393";"13";"01";"2021";"16:45";"1";"31";"31049";"1";"2";"8";"3";"Route de Castelnau";"43,7253420000";"1,5139920000"
"202100055394";"13";"01";"2021";"18:30";"4";"38";"38538";"1";"1";"2";"6";"Rue Albert Girard Blanc";"45,2187930000";"5,8558200000"
"202100055395";"12";"01";"2021";"15:15";"1";"38";"38001";"2";"1";"2";"6";"3 Rue de l'EgalitÃ©";"45,5338640000";"5,5856860000"
"202100055396";"12";"01";"2021";"12:10";"1";"03";"03204";"1";"1";"1";"4";"Route de la Batelliere";"46,3189846411";"3,3479610260"
"202100055397";"13";"01";"2021";"07:00";"3";"50";"50510";"1";"1";"2";"3";"La Briqueterie";"49,1805530000";" -1,3804100000"
"202100055398";"12";"01";"2021";"10:20";"1";"53";"53113";"1";"1";"8";"7";"La Petite Monnerie";"48,2659050000";" -0,3959780000"
"202100055399";"12";"01";"2021";"14:30";"1";"24";"24520";"2";"9";"2";"1";"Route de l'AbbÃ© Breuil";"44,9057730000";"1,2073210000"
"202100055400";"13";"01";"2021";"15:20";"1";"85";"85204";"1";"1";"2";"6";"BEL AIR";"46,8151570000";" -1,7300030000"
"202100055401";"11";"01";"2021";"12:20";"1";"87";"87111";"1";"1";"1";"6";"Manvin";"45,7477610000";"0,8541870000"
"202100055402";"12";"01";"2021";"17:00";"1";"30";"30062";"1";"1";"1";"6";"D40";"43,7956330000";"4,2086430000"
"202100055403";"12";"01";"2021";"16:55";"1";"30";"30088";"1";"1";"1";"2";"D999";"43,8633330000";"4,1032280000"
"202100055404";"13";"01";"2021";"03:35";"3";"88";"88525";"1";"1";"9";"1";"RD 166";"48,2754460000";"6,1529770000"
"202100055405";"12";"01";"2021";"23:15";"5";"978";"97801";"2";"1";"1";"1";"RN7";"18,0689120000";" -63,0356990000"
"202100055406";"12";"01";"2021";"20:00";"3";"91";"91111";"1";"1";"2";"6";"A10";"48,6182080000";"2,1285370000"
"202100055407";"13";"01";"2021";"03:00";"3";"988";"98804";"1";"3";"1";"6";"tribu de nakÃ©ty mission";" -21,5479700000";"166,0415800000"
"202100055408";"13";"01";"2021";"11:45";"1";"2B";"2B042";"1";"1";"7";"6";"Lotissement Lanciatojo";"42,5765330000";"9,4656660000"
"202100055409";"13";"01";"2021";"00:20";"5";"68";"68171";"2";"1";"4";"6";"16 Grand Rue";"47,9248450000";"6,9686060000"
"202100055410";"12";"01";"2021";"16:40";"1";"69";"69291";"2";"2";"2";"1";"CHAMPS DE MARS (DU) (AV)";"45,6333360000";"4,8596420000"
"202100055411";"12";"01";"2021";"09:20";"1";"09";"09185";"1";"1";"1";"6";"Tartifume";"43,2345260000";"1,6533240000"
"202100055412";"13";"01";"2021";"08:15";"2";"44";"44074";"1";"1";"1";"1";"M107";"47,2046080000";" -1,6760400000"
"202100055413";"13";"01";"2021";"03:00";"3";"60";"60321";"1";"1";"8";"1";"D105";"49,2317849543";"2,0182137651"
"202100055414";"11";"01";"2021";"18:05";"5";"59";"59063";"2";"1";"1";"6";"Rue Victor Watremez";"50,1397690000";"3,3874420000"
"202100055415";"12";"01";"2021";"15:25";"1";"13";"13028";"1";"1";"1";"6";"A50-Sens Toulon vers Aubagne";"43,2050100000";"5,5923500000"
"202100055416";"11";"01";"2021";"03:00";"3";"13";"13071";"1";"1";"1";"1";"A55 - Sens Marseille vers Martigues";"43,3981700000";"5,2980600000"
"202100055417";"11";"01";"2021";"18:30";"3";"69";"69081";"1";"1";"1";"2";"PERIPHERIQUE NORD (BD)";"45,7745650827";"4,7906720638"
"202100055418";"7";"01";"2021";"14:25";"1";"62";"62548";"1";"1";"1";"5";"AUTOROUTE A16";"50,9374760000";"1,9476700000"
"202100055419";"12";"01";"2021";"20:26";"3";"91";"91692";"1";"1";"2";"7";"RN 118";"48,6818340000";"2,1900740000"
"202100055420";"12";"01";"2021";"08:50";"1";"91";"91553";"1";"9";"2";"3";"RN 104 INT / RN 6 PARIS";"48,6315200000";"2,5018900000"
"202100055421";"12";"01";"2021";"08:35";"2";"91";"91553";"1";"1";"2";"4";"RN 104";"48,6264000000";"2,4751400000"
"202100055422";"12";"01";"2021";"08:25";"2";"78";"78431";"1";"1";"2";"2";"A13";"48,9362490000";"1,9613740000"
"202100055423";"12";"01";"2021";"20:30";"3";"93";"93006";"1";"1";"2";"6";"AUTOROUTE A3";"48,8662600000";"2,4227600000"
"202100055424";"12";"01";"2021";"20:00";"3";"95";"95212";"1";"1";"2";"6";"RN 104";"49,0287100000";"2,5268800000"
"202100055425";"12";"01";"2021";"20:45";"3";"93";"93078";"1";"1";"2";"6";"AUTOROUTE A104";"48,9630000000";"2,5223700000"
"202100055426";"12";"01";"2021";"18:30";"3";"95";"95555";"1";"1";"2";"6";"RD 170";"48,9729700000";"2,2763700000"
"202100055427";"12";"01";"2021";"08:50";"2";"95";"95252";"1";"1";"2";"5";"A15";"48,9852350074";"2,2141367197"
"202100055428";"12";"01";"2021";"08:00";"1";"93";"93064";"1";"1";"2";"7";"AUTOROUTE A86";"48,8792000000";"2,4763200000"
"202100055429";"12";"01";"2021";"18:15";"3";"77";"77450";"1";"1";"2";"2";"RN104";"48,7131700000";"2,5996200000"
"202100055430";"12";"01";"2021";"10:50";"1";"94";"94079";"1";"1";"2";"7";"A4";"48,8283800000";"2,5271000000"
"202100055431";"10";"01";"2021";"17:15";"1";"988";"98818";"2";"1";"3";"6";"RUE JACQUES IEKAWE";" -22,2482300000";"166,4558500000"
"202100055432";"11";"01";"2021";"14:25";"1";"976";"97611";"2";"1";"1";"7";"tsoundzou-Mariage (place -tsoundzou 2)";" -12,8094300000";"45,2033100000"
"202100055433";"11";"01";"2021";"18:05";"1";"974";"97411";"2";"1";"3";"7";"KARTING (DU)";" -20,8933901266";"55,5018782616"
"202100055434";"10";"01";"2021";"14:00";"1";"973";"97302";"2";"1";"2";"6";"LALLOUETTE(RUE)";"4,9402100000";" -52,3314700000"
"202100055435";"9";"01";"2021";"23:50";"5";"973";"97302";"2";"1";"2";"7";"FLAMBOYANTS (RUE DES)";"4,9228694885";" -52,3208902627"
"202100055436";"11";"01";"2021";"17:30";"5";"69";"69383";"2";"1";"1";"6";"LACASSAGNE (AV)";"45,7491500000";"4,8770800000"
"202100055437";"11";"01";"2021";"19:30";"4";"69";"69387";"2";"3";"1";"6";"YVES FARGES (BD)";"45,7404300000";"4,8317400000"
"202100055438";"10";"01";"2021";"02:00";"5";"69";"69388";"2";"3";"1";"2";"PIERRE DELORE (R)";"45,7340100000";"4,8578900000"
"202100055439";"11";"01";"2021";"14:40";"1";"972";"97213";"2";"1";"1";"1";"ROUTE DEPARTEMENTALE 3";"14,6752961380";" -60,9899353981"
"202100055440";"11";"01";"2021";"07:37";"1";"972";"97209";"2";"1";"1";"6";"GENERAL DE GAULLE (BLD DU)";"14,6074000000";" -61,0682200000"
"202100055441";"10";"01";"2021";"22:08";"5";"972";"97209";"2";"1";"1";"3";"RD 41 (ROCADE)";"14,6162000000";" -61,0559300000"
"202100055442";"8";"01";"2021";"16:15";"1";"69";"69256";"2";"2";"1";"3";"JEAN MOULIN                         (AV)";"45,7890100000";"4,9143900000"
"202100055443";"11";"01";"2021";"12:19";"1";"2B";"2B033";"2";"1";"1";"3";"11 - RT";"42,6669800000";"9,4429600000"
"202100055444";"9";"01";"2021";"11:00";"1";"971";"97105";"2";"4";"1";"6";"PAUL LACAVE (AVENUE )";"15,9943625441";" -61,7184072733"
"202100055445";"11";"01";"2021";"01:30";"5";"91";"91425";"2";"2";"1";"3";"RTE D ORLEANS RN 20";"48,6404500000";"2,2684500000"
"202100055446";"11";"01";"2021";"12:45";"1";"91";"91345";"2";"9";"8";"3";"RTE DE CORBEIL";"48,6811800000";"2,3133700000"
"202100055447";"11";"01";"2021";"11:10";"1";"91";"91201";"2";"3";"1";"3";"BD HENRI BARBUSSE";"48,6861300000";"2,4087000000"
"202100055448";"10";"01";"2021";"11:50";"1";"91";"91421";"2";"1";"1";"1";"REPUBLIQUE (AVENUE DE LA)";"48,7074600000";"2,4545800000"
"202100055449";"11";"01";"2021";"07:30";"5";"91";"91286";"2";"1";"1";"6";"1ERE ARMEE (AVENUE)";"48,6523400000";"2,3955000000"
"202100055450";"10";"01";"2021";"20:04";"5";"91";"91027";"2";"1";"1";"5";"AV JEAN PIERRE BENARD";"48,7137900000";"2,3764400000"
"202100055451";"9";"01";"2021";"18:40";"5";"91";"91589";"2";"3";"1";"3";"AV CHARLES DE GAULLE";"48,6783620000";"2,3470660000"
"202100055452";"10";"01";"2021";"13:02";"1";"87";"87085";"2";"2";"1";"3";"DEGAS (RUE)";"45,8549400000";"1,2676000000"
"202100055453";"9";"01";"2021";"15:47";"1";"87";"87085";"2";"2";"1";"7";"NEXON (RUE DE)";"45,8109800000";"1,2574400000"
"202100055454";"10";"01";"2021";"04:14";"3";"86";"86066";"1";"1";"9";"6";"Route de Richelieu";"46,8440680000";"0,5061110000"
"202100055455";"7";"01";"2021";"18:30";"5";"84";"84007";"2";"1";"1";"4";"C.De GAULLE (Rocade)";"43,9351100000";"4,8319500000"
"202100055456";"3";"01";"2021";"18:19";"4";"84";"84007";"2";"1";"1";"1";"CHEMIN A L ANGLAISE";"43,9487700000";"4,8315600000"
"202100055457";"11";"01";"2021";"13:55";"1";"83";"83137";"2";"1";"1";"2";"GOURAUD (AVE GENERAL)";"43,1330500000";"5,9176800000"
"202100055458";"10";"01";"2021";"13:50";"1";"83";"83061";"2";"1";"8";"3";"AVENUE DE L'AGACHON";"43,4352154628";"6,7290379107"
"202100055459";"11";"01";"2021";"21:07";"5";"81";"81004";"2";"9";"1";"3";"LACOMBE (BD)";"43,9218921473";"2,1381551027"
"202100055460";"10";"01";"2021";"16:40";"1";"80";"80021";"2";"3";"1";"3";"COMMUNE DE PARIS (AVENUE DE LA)";"49,9115000000";"2,2540200000"
"202100055461";"11";"01";"2021";"19:30";"3";"78";"78551";"1";"5";"1";"2";"RN 184";"48,9220300000";"2,0843400000"
"202100055462";"11";"01";"2021";"08:10";"5";"78";"78650";"2";"2";"1";"3";"ALSACE (AVENUE D')";"48,8878800000";"2,1274500000"
"202100055463";"9";"01";"2021";"14:30";"1";"77";"77276";"1";"1";"1";"6";"RD 360";"48,9270600000";"2,8813500000"
"202100055464";"9";"01";"2021";"19:00";"5";"76";"76108";"2";"2";"1";"4";"Rue de la Republique";"49,4724300000";"1,1122700000"
"202100055465";"9";"01";"2021";"15:00";"1";"76";"76322";"2";"2";"1";"1";"Avenue des Canadiens";"49,4020400000";"1,0651800000"
"202100055466";"8";"01";"2021";"19:20";"5";"76";"76351";"2";"1";"1";"3";"Boulevard Jules Durand";"49,4939100000";"0,1737600000"
"202100055467";"11";"01";"2021";"09:40";"1";"71";"71540";"1";"1";"1";"6";"MARQUISE (LA)";"46,7622800000";"4,4948700000"
"202100055468";"11";"01";"2021";"07:50";"1";"69";"69264";"2";"1";"1";"6";"FERRY JULES (R)";"45,9832443204";"4,7353224311"
"202100055469";"8";"01";"2021";"09:10";"1";"68";"68066";"2";"3";"1";"3";"Avenue de la RÃ©publique";"48,0762810000";"7,3520920000"
"202100055470";"11";"01";"2021";"23:30";"5";"64";"64445";"2";"1";"1";"6";"JEAN MERMOZ";"43,3125400000";" -0,3774300000"
"202100055471";"10";"01";"2021";"03:00";"5";"63";"63113";"2";"1";"1";"6";"LANDAIS (AVENUE DES)";"45,7646412865";"3,1104155100"
"202100055472";"8";"01";"2021";"20:00";"4";"63";"63113";"2";"1";"1";"6";"TROIS RESISTANTS (RUE DES)";"45,7951800000";"3,0768000000"
"202100055473";"8";"01";"2021";"11:28";"1";"63";"63113";"2";"2";"1";"3";"BLUM (AVENUE LEON)";"45,7632023748";"3,0991109890"
"202100055474";"9";"01";"2021";"21:10";"5";"59";"59599";"2";"1";"8";"6";"LAFAYETTE ( AVENUE)";"50,7182200000";"3,1689200000"
"202100055475";"11";"01";"2021";"15:45";"1";"59";"59378";"2";"3";"1";"6";"NATIONALE RUE";"50,6655300000";"3,0762700000"
"202100055476";"7";"01";"2021";"22:45";"4";"59";"59239";"2";"1";"8";"6";"ALLIES (BOULEVARD DES)";"50,4292300000";"3,1732900000"
"202100055477";"10";"01";"2021";"17:40";"5";"54";"54357";"2";"1";"1";"2";"boulevard de Scarpone";"48,7063900000";"6,1620300000"
"202100055478";"7";"01";"2021";"08:00";"2";"54";"54257";"2";"1";"2";"6";"GRANDE RUE";"48,6532205024";"6,1944477260"
"202100055479";"7";"01";"2021";"07:50";"2";"54";"54257";"2";"2";"2";"6";"FLEVILLE (ROUTE DE)";"48,6480994310";"6,2087787688"
"202100055480";"10";"01";"2021";"12:50";"1";"51";"51454";"2";"6";"1";"3";"Rond-Point des MÃ©daillÃ©s Militaires";"49,2287358606";"4,0371171469"
"202100055481";"11";"01";"2021";"11:09";"1";"49";"49007";"2";"6";"1";"7";"MOULIN BOULEVARD";"47,4920600000";" -0,5509700000"
"202100055482";"11";"01";"2021";"08:11";"2";"49";"49007";"2";"1";"1";"7";"FAURE QUAI";"47,4800300000";" -0,5512300000"
"202100055483";"10";"01";"2021";"08:20";"2";"49";"49007";"2";"1";"1";"7";"RAMON BOULEVARD";"47,4867500000";" -0,5394200000"
"202100055484";"11";"01";"2021";"18:55";"5";"44";"44162";"2";"1";"1";"6";"RUE DE SAINT NAZAIRE";"47,2115560000";" -1,6153450000"
"202100055485";"11";"01";"2021";"18:06";"5";"44";"44109";"2";"1";"1";"4";"RUE JACQUES DUCLOS";"47,2409300000";" -1,5406100000"
"202100055486";"10";"01";"2021";"04:45";"5";"44";"44109";"2";"1";"1";"6";"RUE ANATOLE DE MONZIE";"47,2050500000";" -1,5384800000"
"202100055487";"10";"01";"2021";"00:01";"5";"38";"38185";"2";"9";"1";"1";"N481";"45,1939500000";"5,7180100000"
"202100055488";"10";"01";"2021";"19:59";"5";"37";"37261";"2";"1";"1";"6";"MARECHAL JUIN (BD)";"47,4050126828";"0,7028739453"
"202100055489";"10";"01";"2021";"17:41";"5";"37";"37261";"2";"1";"1";"3";"VAILLANT (RUE EDOUARD)";"47,3894259599";"0,6951878071"
"202100055490";"10";"01";"2021";"11:00";"1";"37";"37261";"2";"2";"1";"6";"SEBASTOPOL (RUE)";"47,3874575015";"0,6849817336"
"202100055491";"11";"01";"2021";"17:30";"2";"35";"35238";"1";"1";"1";"2";"RN136";"48,0829200000";" -1,6978500000"
"202100055492";"11";"01";"2021";"09:10";"1";"35";"35206";"1";"1";"8";"4";"PORTE DE BREQUIGNY";"48,0797000000";" -1,6850600000"
"202100055493";"11";"01";"2021";"07:00";"5";"33";"33550";"2";"6";"1";"3";"Rue Pierre-Joseph Proudhon";"44,7849400000";" -0,5862000000"
"202100055494";"10";"01";"2021";"20:55";"5";"33";"33063";"2";"2";"1";"3";"Rue Theresia Cabarrus";"44,8229937357";" -0,5954100027"
"202100055495";"10";"01";"2021";"16:45";"1";"33";"33522";"2";"2";"1";"3";"Rue ClÃ©ment Thomas";"44,8014210000";" -0,5809790000"
"202100055496";"11";"01";"2021";"08:13";"2";"31";"31555";"2";"1";"8";"6";"Route dâEspagne";"43,5505200000";"1,4209700000"
"202100055497";"8";"01";"2021";"09:10";"1";"31";"31555";"2";"1";"1";"2";"14 AllÃ©es Charles de Fitte";"43,5940800000";"1,4337400000"
"202100055498";"10";"01";"2021";"19:10";"5";"30";"30189";"2";"3";"1";"6";"GAMBETTA (BD)";"43,8402100000";"4,3627200000"
"202100055499";"9";"01";"2021";"16:03";"1";"29";"29232";"2";"6";"1";"4";"Boulevard President Allende";"48,0033412771";" -4,0838134289"
"202100055500";"10";"01";"2021";"19:30";"5";"29";"29019";"2";"2";"1";"1";"Rue ThÃ©odore Botrel";"48,4070892000";" -4,5016359000"
"202100055501";"7";"01";"2021";"14:10";"1";"22";"22360";"2";"1";"1";"4";"SEGUIN (RUE MARC)";"48,4897676714";" -2,7234594564"
"202100055502";"11";"01";"2021";"18:17";"5";"17";"17300";"2";"2";"1";"2";"SARTRE   AVENUE JEAN-PAUL";"46,1549000000";" -1,1358600000"
"202100055503";"11";"01";"2021";"16:33";"1";"13";"13203";"2";"2";"1";"1";"STRASBOURG (BOULEVARD)";"43,3075100000";"5,3757900000"
"202100055504";"11";"01";"2021";"06:40";"5";"13";"13209";"2";"4";"1";"1";"MARÃCHAL DE LATTRE (AVENUE)";"43,2460000000";"5,4196200000"
"202100055505";"10";"01";"2021";"17:30";"1";"13";"13209";"2";"1";"8";"3";"AVIATEUR LE BRIX (RUE)";"43,2621800000";"5,4042700000"
"202100055506";"10";"01";"2021";"18:30";"5";"13";"13211";"2";"1";"1";"1";"JEAN LOMBARD (AVENUE)";"43,2889600000";"5,4322800000"
"202100055507";"10";"01";"2021";"13:15";"1";"13";"13216";"2";"1";"9";"3";"HENRI BARNIER (BOULEVARD)";"43,3675202158";"5,3438669443"
"202100055508";"10";"01";"2021";"04:00";"5";"13";"13203";"2";"9";"1";"6";"BD FERDINAND DE LESSEPS";"43,3202069373";"5,3717658942"
"202100055509";"9";"01";"2021";"18:05";"1";"13";"13216";"2";"1";"1";"1";"ESTAQUE PLAGE";"43,3605100000";"5,2989660000"
"202100055510";"9";"01";"2021";"00:00";"5";"13";"13204";"2";"1";"1";"3";"BOISSON (BOULEVARD)";"43,2999150000";"5,4039020000"
"202100055511";"11";"01";"2021";"04:10";"5";"13";"13005";"2";"6";"8";"2";"NATIONALE 8 DE PARIS A TOULON (ROUTE)";"43,2838600000";"5,5936400000"
"202100055512";"8";"01";"2021";"15:06";"1";"11";"11069";"2";"9";"1";"7";"GAMBETTA SQUARE -IMPAIR-";"43,2119200000";"2,3557000000"
"202100055513";"10";"01";"2021";"18:30";"5";"06";"06069";"2";"1";"8";"7";"MIMOSAS (TRAVERSE DES)";"43,6625300000";"6,9227800000"
"202100055514";"10";"01";"2021";"12:50";"1";"05";"05061";"1";"1";"9";"2";"RN 85";"44,6009400000";"6,0794000000"
"202100055515";"11";"01";"2021";"19:50";"5";"02";"02408";"2";"1";"9";"6";"GAMBETTA (AVENUE)";"49,5663860000";"3,6277120000"
"202100055516";"11";"01";"2021";"17:50";"5";"75";"75118";"2";"1";"1";"5";"PORTE DE LA CHAPELLE";"48,9010760000";"2,3452730000"
"202100055517";"9";"01";"2021";"14:35";"1";"75";"75117";"2";"1";"1";"2";"PORTE D ASNIERES";"48,8919880000";"2,3014590000"
"202100055518";"11";"01";"2021";"15:30";"1";"75";"75119";"2";"5";"1";"6";"AVENUE SIMON BOLIVAR";"48,8739360000";"2,3853940000"
"202100055519";"11";"01";"2021";"17:40";"5";"75";"75119";"2";"1";"1";"6";"BOULEVARD D ALGERIE";"48,8822560000";"2,4004050000"
"202100055520";"11";"01";"2021";"18:15";"5";"75";"75119";"2";"3";"8";"3";"AVENUE DE FLANDRE";"48,8898460000";"2,3759600000"
"202100055521";"11";"01";"2021";"14:44";"1";"75";"75119";"2";"3";"1";"3";"BOULEVARD MACDONALD";"48,8976150000";"2,3881400000"
"202100055522";"10";"01";"2021";"19:45";"5";"75";"75119";"2";"1";"1";"2";"AVENUE DE FLANDRE";"48,8875870000";"2,3731940000"
"202100055523";"11";"01";"2021";"15:40";"1";"75";"75117";"2";"3";"8";"6";"RUE DE SAUSSURE";"48,8885820000";"2,3094400000"
"202100055524";"11";"01";"2021";"12:15";"1";"75";"75117";"2";"5";"1";"3";"AVENUE DE VILLIERS";"48,8838200000";"2,3047690000"
"202100055525";"9";"01";"2021";"10:50";"1";"75";"75115";"2";"2";"1";"6";"RUE FREMICOURT";"48,8473545729";"2,2977308389"
"202100055526";"8";"01";"2021";"21:30";"5";"75";"75115";"2";"1";"1";"6";"RUE DU COLONEL PIERRE AVIA";"48,8302570000";"2,2761650000"
"202100055527";"10";"01";"2021";"21:20";"5";"75";"75113";"2";"2";"1";"3";"AVENUE DE LA PORTE DE VITRY";"48,8240380000";"2,3770060000"
"202100055528";"11";"01";"2021";"14:05";"1";"75";"75111";"2";"2";"1";"6";"RUE JEAN PIERRE TIMBAUD";"48,8676560000";"2,3772800000"
"202100055529";"10";"01";"2021";"19:50";"5";"75";"75111";"2";"4";"1";"6";"AVENUE LEDRU ROLLIN";"48,8545127779";"2,3780304193"
"202100055530";"11";"01";"2021";"10:20";"1";"75";"75110";"2";"2";"8";"3";"RUE DU FAUBOURG SAINT DENIS";"48,8793280000";"2,3570940000"
"202100055531";"10";"01";"2021";"19:30";"5";"75";"75109";"2";"1";"1";"2";"BOULEVARD HAUSSMANN";"48,8734640000";"2,3293550000"
"202100055532";"11";"01";"2021";"12:00";"1";"75";"75108";"2";"7";"1";"7";"PLACE DE LA CONCORDE";"48,8643610000";"2,3203380000"
"202100055533";"11";"01";"2021";"11:25";"1";"75";"75117";"2";"4";"8";"3";"AVENUE DE WAGRAM";"48,8820390000";"2,3010560000"
"202100055534";"11";"01";"2021";"08:20";"2";"75";"75108";"2";"1";"1";"6";"RUE ARSENE HOUSSAYE";"48,8747930000";"2,2999320000"
"202100055535";"11";"01";"2021";"17:42";"2";"75";"75107";"2";"2";"1";"7";"QUAI D ORSAY";"48,8628320000";"2,3134550000"
"202100055536";"10";"01";"2021";"15:15";"1";"75";"75101";"2";"2";"1";"6";"BOULEVARD DE SEBASTOPOL";"48,8595394521";"2,3487913769"
"202100055537";"10";"01";"2021";"14:45";"1";"75";"75102";"2";"3";"1";"6";"BOULEVARD DE SEBASTOPOL";"48,8678978388";"2,3534517387"
"202100055538";"11";"01";"2021";"19:15";"5";"94";"94080";"2";"1";"1";"6";"FRANCE (R DE)";"48,8480200000";"2,4464200000"
"202100055539";"11";"01";"2021";"13:10";"1";"94";"94046";"2";"1";"1";"7";"EUGENE RENAULT (R)";"48,8148100000";"2,4173500000"
"202100055540";"10";"01";"2021";"20:26";"5";"94";"94046";"2";"1";"1";"7";"EUGENE RENAULT - CAR DE LA RESISTANCE (R";"48,8152730000";"2,4202480000"
"202100055541";"10";"01";"2021";"19:10";"5";"94";"94033";"2";"2";"1";"3";"LOUISON BOBET (AV)";"48,8523600000";"2,4889800000"
"202100055542";"9";"01";"2021";"22:41";"5";"94";"94028";"2";"1";"1";"6";"HALPERN.(AVENUE BERNARD)";"48,7892140000";"2,4515380000"
"202100055543";"10";"01";"2021";"20:24";"5";"94";"94022";"2";"2";"1";"3";"MARECHAL DE LATTRE DE TASSIGNY (AV)";"48,7578800000";"2,4042300000"
"202100055544";"11";"01";"2021";"15:10";"1";"94";"94019";"2";"1";"1";"6";"LIBERATION - CAR DE PINCE-VENT (AV DE LA";"48,7999300000";"2,5436090000"
"202100055545";"11";"01";"2021";"21:00";"5";"94";"94017";"2";"2";"1";"3";"ALEXANDRE FOURNY (R)";"48,8193200000";"2,5147100000"
"202100055546";"11";"01";"2021";"08:05";"5";"94";"94017";"2";"3";"1";"6";"MARX DORMOY (AV)";"48,8063000000";"2,5300400000"
"202100055547";"11";"01";"2021";"21:35";"5";"93";"93078";"2";"1";"1";"3";"BALLANGER (BD ROBERT)";"48,9540500000";"2,5339600000"
"202100055548";"11";"01";"2021";"18:35";"5";"93";"93071";"2";"1";"1";"6";"HENRI DUNANT (AVENUE)";"48,9379252906";"2,5225627665"
"202100055549";"11";"01";"2021";"17:45";"5";"93";"93066";"2";"9";"1";"3";"LIBERTE";"48,9438238592";"2,3654882569"
"202100055550";"11";"01";"2021";"16:30";"1";"93";"93062";"2";"4";"1";"3";"EST (BOULEVARD DE L')";"48,8988000000";"2,5267300000"
"202100055551";"11";"01";"2021";"14:30";"1";"93";"93033";"2";"2";"8";"3";"RESISTANCE (BOULEVARD)";"48,8581000000";"2,5715100000"
"202100055552";"10";"01";"2021";"13:33";"1";"93";"93001";"2";"1";"1";"3";"JEAN JAURES  (AVE)  157 A 213";"48,9096372127";"2,3984156517"
"202100055553";"10";"01";"2021";"02:20";"5";"92";"92046";"2";"2";"1";"6";"PIERRE BROSSOLETTE (AVENUE)";"48,8162046022";"2,3057919675"
"202100055554";"9";"01";"2021";"14:26";"1";"92";"92063";"2";"3";"1";"3";"GALLIENI (RUE)";"48,8682900000";"2,2036600000"
"202100055555";"5";"01";"2021";"17:00";"5";"92";"92063";"2";"3";"1";"6";"FOUILLEUSE (AVENUE DE)";"48,8614500000";"2,1996800000"
"202100055556";"11";"01";"2021";"18:35";"5";"92";"92040";"2";"1";"1";"7";"ROUGET DE L'ISLE";"48,8288397902";"2,2645568848"
"202100055557";"10";"01";"2021";"13:50";"1";"92";"92036";"2";"1";"1";"6";"BASSIN NÂ°6 (ROUTE DU)";"48,9482453390";"2,2822008218"
"202100055558";"10";"01";"2021";"19:30";"5";"92";"92023";"2";"9";"8";"3";"SCHNEIDER (AVENUE)";"48,8067525247";"2,2544735672"
"202100055559";"11";"01";"2021";"17:55";"5";"34";"34225";"2";"1";"1";"1";"Rue Georges Pujol";"43,3667547758";"3,0431251748"
"202100055560";"12";"01";"2021";"07:30";"3";"24";"24442";"1";"1";"9";"3";"D 6089";"45,1038500000";"0,4929260000"
"202100055561";"11";"01";"2021";"16:35";"1";"84";"84088";"1";"1";"1";"1";"D31";"43,9772440000";"5,0177160000"
"202100055562";"6";"01";"2021";"17:55";"2";"40";"40036";"1";"3";"1";"3";"D810";"43,6189240000";" -1,3907900000"
"202100055563";"10";"01";"2021";"18:00";"2";"974";"97422";"2";"1";"1";"1";"Rue du Docteur CharriÃ©res";" -21,2589390000";"55,5111000000"
"202100055564";"11";"01";"2021";"12:50";"1";"972";"97232";"1";"1";"1";"1";"Petite Grenade";"14,5583920000";" -60,8476500000"
"202100055565";"12";"01";"2021";"04:50";"3";"52";"52163";"1";"1";"2";"6";"A31 PK132+000";"47,9525557400";"5,4335600145"
"202100055566";"4";"01";"2021";"18:20";"5";"54";"54212";"2";"2";"1";"3";"RD173";"49,4918660000";"5,6496120000"
"202100055567";"10";"01";"2021";"09:10";"1";"22";"22225";"1";"1";"1";"4";"RN 12 PR 084+000";"48,5436362083";" -3,0834104325"
"202100055568";"11";"01";"2021";"05:30";"3";"971";"97132";"1";"1";"1";"3";"RN1";"15,9977080000";" -61,6693170000"
"202100055569";"11";"01";"2021";"17:35";"5";"42";"42271";"2";"1";"1";"1";"Route de Saint-Paul";"45,4926080000";"4,5678560000"
"202100055570";"9";"01";"2021";"20:50";"3";"72";"72058";"1";"1";"1";"6";"Bois Martin";"47,9664040000";"0,2752380000"
"202100055571";"8";"01";"2021";"14:55";"1";"22";"22020";"2";"3";"1";"7";"38 Rue de Brondineuf";"48,3130810000";" -2,2640150000"
"202100055572";"12";"01";"2021";"18:53";"5";"31";"31588";"2";"1";"1";"1";"Vieux Chemin de Muret";"43,5186740000";"1,3436200000"
"202100055573";"12";"01";"2021";"07:30";"3";"57";"57154";"1";"9";"4";"7";"Rue de Niedervisse";"49,1944270000";"6,5856600000"