"Num_Acc";"jour";"mois";"an";"hrmn";"lum";"dep";"com";"agg";"int";"atm";"col";"adr";"lat";"long"
"202100055765";"8";"01";"2021";"13:10";"1";"76";"76351";"2";"3";"1";"6";"Rue Marcel Paul";"49,4930400000";"0,1430000000"
"202100055766";"8";"01";"2021";"07:45";"5";"71";"71270";"2";"1";"8";"6";"R de FlacÃ©";"46,3140825468";"4,8279337369"
"202100055767";"8";"01";"2021";"19:10";"5";"69";"69256";"2";"2";"1";"3";"DROITS DE L'HOMME (DES) (BD)";"45,7637700000";"4,9333700000"
"202100055768";"8";"01";"2021";"21:25";"5";"69";"69266";"2";"1";"1";"2";"ROGER SALENGRO  (AV)";"45,7775806213";"4,8779848633"
"202100055769";"8";"01";"2021";"11:10";"1";"69";"69029";"2";"1";"1";"6";"8 MAI 1945 (DU) (AV)";"45,7275900000";"4,9154500000"
"202100055770";"7";"01";"2021";"18:25";"5";"69";"69275";"2";"6";"1";"3";"ELISEE RECLUS (R)";"45,7585300000";"4,9599600000"
"202100055771";"7";"01";"2021";"12:45";"1";"69";"69096";"2";"1";"1";"6";"D386";"45,6083600000";"4,7724300000"
"202100055772";"8";"01";"2021";"08:50";"2";"67";"67482";"2";"1";"8";"6";"BROGLIE (PLACE)";"48,5844820000";"7,7488150000"
"202100055773";"8";"01";"2021";"12:10";"1";"67";"67482";"2";"1";"8";"2";"Rue de Lausanne";"48,5758640464";"7,7563975377"
"202100055774";"7";"01";"2021";"08:30";"1";"66";"66136";"2";"1";"1";"6";"FLANDRES/DUNKERQUE (CARREFOUR)";"42,6866800000";"2,9073400000"
"202100055775";"8";"01";"2021";"15:05";"1";"64";"64102";"2";"1";"1";"3";"SOULT (AVENUE MARECHAL)";"43,4873800000";" -1,4842800000"
"202100055776";"8";"01";"2021";"14:30";"1";"64";"64102";"2";"1";"1";"3";"AQUITAINE (AVENUE DE L')";"43,4868500000";" -1,4700000000"
"202100055777";"8";"01";"2021";"09:59";"1";"64";"64102";"2";"1";"1";"6";"29 Avenue MarÃ©chal Juin";"43,4931900000";" -1,4585100000"
"202100055778";"7";"01";"2021";"19:50";"5";"59";"59421";"2";"2";"2";"3";"ESCALETTE (RUE)";"50,6991800000";"3,1457600000"
"202100055779";"8";"01";"2021";"13:15";"1";"59";"59009";"2";"3";"1";"3";"JAURES JEAN RUE    NÂ°101 AU 263";"50,6608700000";"3,1374300000"
"202100055780";"6";"01";"2021";"16:45";"2";"59";"59350";"2";"2";"8";"3";"OUEST BOULEVARD DE L";"50,6275100000";"3,1217400000"
"202100055781";"7";"01";"2021";"19:45";"5";"56";"56098";"2";"1";"1";"7";"JAURES (RUE  JEAN )";"47,7633300000";" -3,3616200000"
"202100055782";"7";"01";"2021";"09:45";"1";"56";"56121";"2";"2";"1";"3";"LE BARILLEC (RUE  DU COLONEL )";"47,7632746863";" -3,3982152019"
"202100055783";"5";"01";"2021";"09:10";"1";"55";"55545";"2";"6";"8";"3";"MARECHAL DE LATTRE DE TASSIGNY  ( RP )";"49,1610000000";"5,3900000000"
"202100055784";"8";"01";"2021";"21:00";"5";"54";"54395";"2";"3";"1";"3";"PINCHARD (AVENUE - TAMARIS)";"48,7030000000";"6,1545900000"
"202100055785";"8";"01";"2021";"14:10";"1";"54";"54257";"2";"3";"1";"6";"PROUVE (RUE VICTOR)";"48,6526793388";"6,1880575260"
"202100055786";"8";"01";"2021";"12:10";"1";"54";"54395";"2";"2";"1";"4";"MON DESERT (RUE)";"48,6845008996";"6,1787205935"
"202100055787";"8";"01";"2021";"14:45";"1";"51";"51454";"2";"1";"1";"7";"Boulevard Louis Barthou";"49,2336083657";"4,0305754997"
"202100055788";"8";"01";"2021";"08:00";"5";"50";"50647";"2";"1";"9";"2";"VILLEDIEU (ROUTE DE)";"48,8375200000";" -1,5501000000"
"202100055789";"7";"01";"2021";"16:10";"1";"50";"50602";"2";"2";"1";"6";"LAGRANGE (RUE LEO)";"49,6392200000";" -1,5835400000"
"202100055790";"8";"01";"2021";"08:50";"2";"49";"49007";"2";"2";"1";"3";"BIRGE BOULEVARD";"47,4820800000";" -0,5223600000"
"202100055791";"8";"01";"2021";"07:50";"5";"49";"49015";"2";"1";"1";"7";"MENDES FRANCE AVENUE PIERRE";"47,5041760000";" -0,5867850000"
"202100055792";"7";"01";"2021";"07:50";"2";"44";"44184";"2";"2";"1";"1";"VILLE HALLUARD (RUE DE LA)";"47,2845300000";" -2,2033100000"
"202100055793";"8";"01";"2021";"09:00";"1";"38";"38185";"1";"1";"1";"3";"Rocade Sud";"45,1585700000";"5,7090700000"
"202100055794";"8";"01";"2021";"08:30";"1";"38";"38151";"2";"2";"1";"3";"Avenue de Grugliasco";"45,1492600000";"5,7204700000"
"202100055795";"8";"01";"2021";"21:15";"3";"37";"37122";"1";"1";"1";"7";"RD 37";"47,3395723179";"0,6672203857"
"202100055796";"8";"01";"2021";"16:15";"1";"37";"37122";"2";"1";"1";"7";"POMMIERS (RUE DES )";"47,3607875609";"0,6592927174"
"202100055797";"8";"01";"2021";"12:57";"1";"35";"35238";"2";"4";"1";"6";"VEYETTES (DES)";"48,0976800000";" -1,6302100000"
"202100055798";"8";"01";"2021";"19:25";"5";"34";"34172";"2";"1";"1";"3";"DUBOUT (AVENUE ALBERT)";"43,6033400000";"3,8906100000"
"202100055799";"8";"01";"2021";"19:45";"5";"34";"34172";"2";"1";"1";"2";"DUBOUT (AVENUE ALBERT)";"43,6033400000";"3,8906100000"
"202100055800";"7";"01";"2021";"07:40";"3";"34";"34032";"1";"1";"1";"5";"ROUTE DEPARTEMENTALE 612";"43,3623700000";"3,2429100000"
"202100055801";"8";"01";"2021";"09:25";"1";"33";"33522";"2";"6";"7";"6";"Rue Pacaris";"44,7977660000";" -0,5812240000"
"202100055802";"8";"01";"2021";"12:20";"1";"33";"33529";"1";"1";"9";"6";"BISCAROSSE (AVE) DUNE VERS BISCA";"44,5722140000";" -1,2204480000"
"202100055803";"8";"01";"2021";"08:36";"2";"31";"31149";"2";"1";"1";"2";"Rond-point de Gascogne";"43,6085900000";"1,3268000000"
"202100055804";"7";"01";"2021";"15:25";"1";"31";"31555";"2";"1";"1";"6";"VA007331 A620";"43,5691300000";"1,4215300000"
"202100055805";"7";"01";"2021";"19:10";"5";"31";"31555";"2";"1";"1";"3";"Rond-Point Louis Destrem";"43,5878500000";"1,3945600000"
"202100055806";"8";"01";"2021";"15:40";"1";"27";"27375";"2";"1";"1";"6";"TABARLY (VOIE ERIC)";"49,2095000000";"1,1805000000"
"202100055807";"8";"01";"2021";"14:45";"1";"25";"25056";"2";"4";"1";"6";"JACQUARD RUE";"47,2401220000";"5,9937610000"
"202100055808";"8";"01";"2021";"13:25";"1";"24";"24037";"2";"1";"1";"2";"PIMONT (BOULEVAR LOUIS)";"44,8453000000";"0,4888100000"
"202100055809";"6";"01";"2021";"11:40";"1";"22";"22106";"2";"9";"1";"2";"N/A";"48,4969000000";" -2,7235600000"
"202100055810";"7";"01";"2021";"11:03";"1";"17";"17306";"2";"1";"1";"1";"PERCHE (DE LA) (BD)";"45,6301100000";" -1,0470500000"
"202100055811";"7";"01";"2021";"14:10";"1";"14";"14366";"2";"1";"1";"6";"Rue Roger Aini";"49,1450300000";"0,2600200000"
"202100055812";"8";"01";"2021";"11:20";"1";"14";"14118";"2";"2";"1";"3";"Boulevard MarÃ©chal Juin";"49,2111800000";" -0,3633900000"
"202100055813";"8";"01";"2021";"18:15";"5";"13";"13211";"2";"1";"1";"6";"SAINT LOUP (BOULEVARD DE)";"43,2840320000";"5,4356280000"
"202100055814";"6";"01";"2021";"12:45";"1";"13";"13202";"2";"2";"1";"6";"MIRABEAU (BOULEVARD)";"43,3145300000";"5,3705400000"
"202100055815";"7";"01";"2021";"09:45";"1";"13";"13204";"2";"1";"1";"6";"MARÃCHAL FOCH (AVENUE)";"43,3021400000";"5,3974600000"
"202100055816";"7";"01";"2021";"02:25";"5";"13";"13213";"2";"1";"1";"1";"JEAN PAUL SARTRE (AVENUE)";"43,3269314409";"5,4258045409"
"202100055817";"5";"01";"2021";"17:10";"2";"13";"13063";"2";"9";"1";"6";"OLYMPIE BOULEVARD D'";"43,5919500000";"5,0020900000"
"202100055818";"8";"01";"2021";"18:00";"5";"10";"10325";"2";"9";"8";"1";"VICTOR HUGO (RUE)";"48,2666000000";"4,0620000000"
"202100055819";"8";"01";"2021";"07:50";"2";"10";"10387";"2";"2";"8";"3";"KLEBER (RUE)";"48,3032600000";"4,0852900000"
"202100055820";"7";"01";"2021";"09:32";"1";"10";"10387";"2";"1";"8";"6";"CARNOT (RUE)";"48,2972400000";"4,0659400000"
"202100055821";"8";"01";"2021";"14:15";"1";"06";"06123";"2";"1";"1";"2";"PUGETS MOYENNE CORNICHE DES";"43,7107340000";"7,1723390000"
"202100055822";"8";"01";"2021";"12:30";"1";"75";"75115";"2";"1";"1";"2";"PORTE BRANCION";"48,8260870000";"2,2983060000"
"202100055823";"8";"01";"2021";"14:30";"1";"75";"75120";"2";"2";"1";"3";"BOULEVARD DAVOUT";"48,8490620000";"2,4112350000"
"202100055824";"8";"01";"2021";"16:45";"1";"75";"75119";"2";"2";"1";"3";"AVENUE DE LA PORTE CHAUMONT";"48,8862390000";"2,3967340000"
"202100055825";"8";"01";"2021";"12:45";"1";"75";"75118";"2";"2";"1";"6";"BOULEVARD ORNANO";"48,8936610000";"2,3479540000"
"202100055826";"7";"01";"2021";"01:55";"5";"75";"75118";"2";"2";"8";"3";"BOULEVARD NEY";"48,8979400000";"2,3443570000"
"202100055827";"8";"01";"2021";"18:20";"5";"75";"75117";"2";"1";"1";"6";"AVENUE DE SAINT OUEN";"48,8947762813";"2,3280092329"
"202100055828";"8";"01";"2021";"19:47";"3";"75";"75115";"2";"2";"1";"6";"RUE VIGEE LEBRUN";"48,8394760000";"2,3095280000"
"202100055829";"8";"01";"2021";"12:45";"1";"75";"75103";"2";"2";"1";"6";"RUE DE BRETAGNE";"48,8622880000";"2,3637230000"
"202100055830";"7";"01";"2021";"20:15";"5";"75";"75108";"2";"7";"2";"7";"QUAI DES TUILERIES";"48,8640890000";"2,3201100000"
"202100055831";"8";"01";"2021";"12:15";"1";"94";"94081";"2";"1";"1";"6";"Boulevard de Stalingrad";"48,7809500000";"2,3825300000"
"202100055832";"8";"01";"2021";"07:35";"5";"94";"94044";"2";"1";"9";"6";"Avenue de Verdun";"48,7498070000";"2,4813080000"
"202100055833";"8";"01";"2021";"20:45";"5";"94";"94003";"2";"2";"1";"3";"ARISTIDE BRIAND (AV)";"48,8057600000";"2,3256600000"
"202100055834";"8";"01";"2021";"12:35";"1";"94";"94073";"2";"1";"1";"3";"Boulevard de Stalingrad";"48,7707170000";"2,4013730000"
"202100055835";"7";"01";"2021";"18:20";"5";"94";"94033";"2";"1";"2";"6";"GALLIENI (BD)";"48,8488600000";"2,4776400000"
"202100055836";"8";"01";"2021";"08:20";"1";"94";"94028";"2";"1";"8";"3";"OUDRY.(BOULVARD JEAN BAPTISTE)";"48,7710900000";"2,4613200000"
"202100055837";"8";"01";"2021";"18:00";"5";"94";"94019";"2";"1";"1";"3";"LIBERATION (RTE DE LA)";"48,8041800000";"2,5361700000"
"202100055838";"8";"01";"2021";"15:29";"1";"94";"94059";"2";"1";"1";"2";"MAURICE BERTEAUX (AV)";"48,8081596251";"2,5700422695"
"202100055839";"7";"01";"2021";"08:07";"1";"94";"94053";"2";"1";"1";"1";"GRANDE RUE PIERRE MENDES-FRANCE - PL JEA";"48,7662500000";"2,5404600000"
"202100055840";"8";"01";"2021";"13:40";"1";"94";"94004";"2";"1";"8";"3";"GENERAL LECLERC (AV DU)";"48,7527008057";"2,5065498352"
"202100055841";"8";"01";"2021";"14:15";"1";"93";"93071";"2";"1";"8";"6";"GABRIEL PERI (RUE)";"48,9412422298";"2,5320715393"
"202100055842";"8";"01";"2021";"14:15";"1";"93";"93071";"2";"1";"1";"6";"DUMONT D'URVILLE (AVENUE)";"48,9464005475";"2,5222292764"
"202100055843";"8";"01";"2021";"08:35";"1";"93";"93066";"2";"1";"8";"6";"""SEMBAT MARCEL (BD), NR 2 A 66 ET 1 A 47";"48,9314007088";"2,3534755111"
"202100055844";"7";"01";"2021";"17:45";"5";"93";"93066";"2";"1";"2";"6";"""STRASBOURG, NR 36 ET SUIV ET 73 ET SUIV";"48,9358200000";"2,3670400000"
"202100055845";"7";"01";"2021";"23:00";"5";"93";"93077";"2";"3";"1";"1";"NEUILLY (RUE DE)";"48,8762800000";"2,5254800000"
"202100055846";"8";"01";"2021";"14:24";"1";"93";"93048";"2";"1";"1";"3";"PAUL VAILLANT COUTURIER (BOULEVARD)";"48,8659000000";"2,4442000000"
"202100055847";"8";"01";"2021";"10:30";"1";"93";"93048";"2";"2";"1";"3";"COLMET LEPINAY (RUE)";"48,8542141102";"2,4449930191"
"202100055848";"8";"01";"2021";"08:15";"1";"93";"93015";"1";"1";"1";"1";"STRATEGIQUE ROUTE";"48,9244319777";"2,5741775980"
"202100055849";"8";"01";"2021";"07:00";"5";"93";"93032";"2";"3";"2";"6";"MICHEL JANIN   (RUE)";"48,8801000000";"2,5494000000"
"202100055850";"8";"01";"2021";"13:55";"1";"93";"93027";"2";"1";"1";"3";"PASCAL (RUE)";"48,9272659320";"2,4021194347"
"202100055851";"8";"01";"2021";"14:30";"1";"93";"93010";"2";"9";"1";"6";"BONDY (PONT)";"48,9049846308";"2,4701020557"
"202100055852";"8";"01";"2021";"13:00";"1";"93";"93001";"2";"3";"1";"3";"LECUYER (RUE)";"48,9080300000";"2,3945800000"
"202100055853";"8";"01";"2021";"09:25";"1";"92";"92072";"2";"1";"8";"2";"GRANDE RUE";"48,8266800000";"2,2199500000"
"202100055854";"8";"01";"2021";"07:50";"1";"92";"92020";"2";"1";"1";"7";"VERDUN AVENUE DE AUTRES NÂ°";"48,7948178671";"2,2735205718"
"202100055855";"8";"01";"2021";"09:45";"1";"92";"92048";"2";"9";"8";"7";"TRIVAUX (AVENUE DE) NÂ° 9";"48,7973400000";"2,2325100000"
"202100055856";"8";"01";"2021";"05:20";"3";"92";"92036";"2";"1";"1";"7";"BASSIN NÂ°6 (ROUTE DU)";"48,9487582903";"2,2846788168"
"202100055857";"7";"01";"2021";"14:00";"1";"92";"92036";"2";"1";"1";"7";"BASSIN NÂ°6 (ROUTE DU)";"48,9493300000";"2,2925100000"
"202100055858";"8";"01";"2021";"16:50";"1";"92";"92026";"2";"9";"1";"2";"Rue Victor Hugo";"48,8945170000";"2,2583860000"
"202100055859";"8";"01";"2021";"16:35";"1";"92";"92012";"2";"3";"1";"3";"ANDRE MORIZET (AVENUE) 1/47 - 2/52";"48,8358398340";"2,2392448783"
"202100055860";"8";"01";"2021";"17:20";"2";"43";"43040";"2";"1";"8";"6";"7 Avenue Edouard Herriot";"45,2953470000";"3,3772850000"
"202100055861";"7";"01";"2021";"20:55";"3";"974";"97405";"1";"1";"2";"6";"Rue Maxime Payet";" -21,3687802927";"55,5756926537"
"202100055862";"7";"01";"2021";"17:57";"5";"12";"12033";"2";"1";"1";"6";"Route de Rodez";"44,4695080000";"2,7292660000"
"202100055863";"9";"01";"2021";"17:10";"2";"74";"74010";"2";"1";"1";"6";"R des Machurettes";"45,9607790000";"6,0980130000"
"202100055864";"9";"01";"2021";"12:45";"1";"91";"91665";"2";"1";"1";"2";"Avenue de la Division Leclerc";"48,6647720000";"2,2777230000"
"202100055865";"9";"01";"2021";"15:10";"1";"50";"50164";"1";"9";"7";"1";"Les Landes de Jacre";"49,0048180000";" -1,0257730000"
"202100055866";"8";"01";"2021";"17:40";"5";"63";"63178";"2";"1";"1";"7";"Boulevard Jules Cibrand";"45,5452670000";"3,2507780000"
"202100055867";"8";"01";"2021";"17:55";"5";"38";"38095";"2";"1";"1";"6";"Grande Rue";"45,1414500000";"5,2874000000"
"202100055868";"8";"01";"2021";"19:30";"3";"02";"02671";"2";"1";"1";"6";"D934";"49,5112740000";"3,1890070000"
"202100055869";"9";"01";"2021";"15:15";"1";"16";"16173";"2";"1";"1";"6";"Agglo de Villesoubis";"45,9209240000";"0,1370940000"
"202100055870";"7";"01";"2021";"16:05";"1";"53";"53185";"1";"1";"1";"6";"Le Haut St Julien (PrÃ©-en-Pail)";"48,4293370000";" -0,1891290000"
"202100055871";"8";"01";"2021";"15:55";"1";"30";"30341";"2";"1";"1";"5";"Route d'Aimargues";"43,6908100000";"4,2682100000"
"202100055872";"8";"01";"2021";"19:25";"5";"973";"97309";"2";"9";"3";"1";"rue gaston monnerville";"4,8870640000";" -52,2768010000"
"202100055873";"9";"01";"2021";"02:42";"3";"30";"30189";"1";"1";"1";"1";"Autoroute A9, point kilomÃ©trique 053.600";"43,8149590000";"4,3633960000"
"202100055874";"8";"01";"2021";"19:05";"3";"27";"27107";"2";"2";"1";"3";"D139/D89";"49,3903750000";"0,6211350000"
"202100055875";"3";"01";"2021";"18:30";"5";"971";"97128";"1";"1";"1";"6";"Bel Ãtang";"16,2964920000";" -61,3670970000"
"202100055876";"9";"01";"2021";"10:30";"1";"95";"95409";"2";"1";"1";"3";"RD 11";"49,0430577885";"2,3387010399"
"202100055877";"9";"01";"2021";"12:20";"1";"04";"04242";"1";"9";"1";"4";"RD 4096";"43,8855990000";"5,8637920000"
"202100055878";"7";"01";"2021";"19:30";"3";"38";"38197";"1";"3";"8";"3";"Route de Lyon";"45,7524280000";"5,1118020000"
"202100055879";"9";"01";"2021";"17:45";"3";"59";"59370";"1";"1";"5";"7";"Route de Feignies";"50,3128800000";"3,9677860000"
"202100055880";"8";"01";"2021";"08:00";"2";"38";"38184";"1";"1";"1";"5";"A43";"45,6565828879";"5,0846636295"
"202100055881";"8";"01";"2021";"20:45";"3";"91";"91161";"2";"1";"1";"3";"AUTOROUTE A6";"48,7075000000";"2,3072700000"
"202100055882";"8";"01";"2021";"19:00";"3";"92";"92063";"2";"1";"1";"2";"A86";"48,8888479305";"2,1682789922"
"202100055883";"7";"01";"2021";"22:00";"3";"78";"78362";"1";"1";"1";"4";"A13";"48,9737630000";"1,7285500000"
"202100055884";"8";"01";"2021";"19:20";"3";"95";"95018";"1";"1";"1";"2";" A15";"48,9615100000";"2,2686500000"
"202100055885";"8";"01";"2021";"18:40";"4";"95";"95154";"1";"1";"1";"6";" A1";"49,0519200000";"2,5478000000"
"202100055886";"7";"01";"2021";"17:00";"2";"93";"93007";"1";"1";"2";"2";"A3";"48,9431500000";"2,4779100000"
"202100055887";"8";"01";"2021";"08:30";"2";"94";"94028";"1";"1";"1";"2";"A86 EXT";"48,7998371470";"2,4462785908"
"202100055888";"6";"01";"2021";"06:50";"1";"988";"98818";"2";"1";"3";"3";"AVENUE DE LA VICTOIRE H. LAFLEUR";" -22,2749200000";"166,4390100000"
"202100055889";"7";"01";"2021";"09:30";"1";"974";"97411";"2";"3";"1";"3";"Rue Roland Garros";" -20,8834680000";"55,4486340000"
"202100055890";"5";"01";"2021";"13:05";"1";"974";"97411";"2";"6";"1";"6";"NOTRE DAME DE LA TRINITE (BOULEVARD)";" -20,8922200000";"55,4610100000"
"202100055891";"7";"01";"2021";"15:35";"1";"973";"97302";"2";"3";"3";"3";"TIGRE (ROUTE DU)";"4,9059300000";" -52,3048900000"
"202100055892";"7";"01";"2021";"19:20";"5";"69";"69386";"2";"3";"1";"6";"MARECHAL DE SAXE (AV)";"45,7660148898";"4,8444369435"
"202100055893";"7";"01";"2021";"08:15";"2";"69";"69383";"2";"2";"1";"1";"Avenue Lacassagne";"45,7526089167";"4,8700080414"
"202100055894";"7";"01";"2021";"16:00";"1";"972";"97209";"1";"1";"1";"5";"SOLEIL LEVANT (BOULEVARD DU)";"14,6208500000";" -61,0389600000"
"202100055895";"4";"01";"2021";"15:47";"1";"2B";"2B033";"2";"1";"1";"6";"CARDO - RT INFERIEURE DE";"42,6992900000";"9,4307500000"
"202100055896";"7";"01";"2021";"14:40";"1";"971";"97105";"2";"1";"1";"6";"CHARLES DE GAULLE (BD DU GENERAL)";"16,0002800000";" -61,7359200000"
"202100055897";"8";"01";"2021";"00:50";"5";"91";"91421";"2";"1";"1";"6";"RAYMOND POMIER (RUE)";"48,7043090000";"2,4503490000"
"202100055898";"6";"01";"2021";"17:15";"2";"84";"84007";"1";"3";"1";"5";"Route de Cavaillon Mft";"43,8890200000";"4,9229400000"
"202100055899";"5";"01";"2021";"17:40";"5";"80";"80021";"2";"2";"1";"3";"JEAN MERMOZ (RUE)";"49,8929270000";"2,3087920000"
"202100055900";"7";"01";"2021";"12:25";"1";"79";"79081";"2";"1";"1";"2";"Route de Paris";"46,3451400000";" -0,3689000000"
"202100055901";"7";"01";"2021";"09:30";"1";"78";"78418";"2";"1";"1";"1";"JEAN CLAUDE BEZANIER (RUE)";"48,9114200000";"2,1490500000"
"202100055902";"7";"01";"2021";"08:15";"1";"77";"77181";"2";"9";"8";"6";"MARYSE BASTIE  (RUE   )";"48,8225300000";"2,7017200000"
"202100055903";"6";"01";"2021";"17:30";"5";"76";"76341";"1";"1";"1";"3";"RUE DE VERDUN";"49,5031639960";"0,1909241923"
"202100055904";"6";"01";"2021";"12:52";"1";"76";"76305";"2";"1";"1";"1";"Route de la Seine";"49,5049000000";"0,2228800000"
"202100055905";"7";"01";"2021";"16:00";"1";"64";"64102";"2";"6";"1";"3";"JORLIS (ROND POINT DE)";"43,4984500000";" -1,4934300000"
"202100055906";"7";"01";"2021";"07:45";"5";"64";"64102";"2";"1";"1";"3";"BERNARD (CHEMIN DE SAINT)";"43,5024800000";" -1,4837100000"
"202100055907";"7";"01";"2021";"13:55";"1";"63";"63113";"2";"6";"1";"3";"CHATEAUBRIAND (RUE)";"45,7892000000";"3,0807000000"
"202100055908";"7";"01";"2021";"18:30";"5";"59";"59090";"2";"6";"2";"4";"GAULLE (AVENUE DU GENERAL DE)";"50,6844800000";"3,0849900000"
"202100055909";"4";"01";"2021";"09:10";"1";"59";"59183";"2";"1";"2";"6";"BERT PAUL";"51,0470100000";"2,4180400000"
"202100055910";"4";"01";"2021";"17:45";"3";"59";"59456";"2";"1";"2";"6";"PERI GABRIEL(RUE)";"50,3724800000";"3,2311600000"
"202100055911";"6";"01";"2021";"07:40";"2";"58";"58194";"2";"3";"2";"1";"RUE ALBERT CAMUS";"46,9929500000";"3,1296300000"
"202100055912";"6";"01";"2021";"17:27";"5";"54";"54395";"2";"3";"2";"6";"FUSILLES (PONT DES)";"48,6852942151";"6,1804003268"
"202100055913";"6";"01";"2021";"12:55";"1";"54";"54578";"2";"3";"2";"3";"TALINTE (RUE DE)";"48,6538400000";"6,1108100000"
"202100055914";"7";"01";"2021";"13:30";"1";"51";"51454";"2";"1";"8";"1";"Rue du Ruisselet";"49,2443541080";"4,0365382517"
"202100055915";"6";"01";"2021";"09:10";"1";"50";"50602";"2";"2";"2";"6";"COTENTIN (BOULEVARD DU)";"49,6400900000";" -1,5728900000"
"202100055916";"5";"01";"2021";"17:35";"3";"50";"50129";"2";"1";"2";"6";"BECQUEREL (RUE)";"49,6280200000";" -1,6392300000"
"202100055917";"7";"01";"2021";"19:10";"4";"45";"45234";"2";"1";"2";"6";"Rue du Faubourg de Bourgogne";"47,9033391967";"1,9317939251"
"202100055918";"7";"01";"2021";"07:00";"5";"44";"44109";"2";"6";"1";"3";"BOULEVARD LEON JOUHAUX";"47,2087200000";" -1,5872200000"
"202100055919";"7";"01";"2021";"17:55";"5";"37";"37261";"2";"2";"1";"6";"HEURTELOUP (BOULEVARD)";"47,3927577725";"0,7011255058"
"202100055920";"6";"01";"2021";"11:15";"1";"37";"37261";"2";"1";"1";"6";"EIFFEL (AVENUE GUSTAVE)";"47,4241894486";"0,6973033317"
"202100055921";"7";"01";"2021";"17:00";"1";"35";"35238";"1";"9";"1";"4";"PORTE DES LOGES";"48,0901800000";" -1,6300400000"
"202100055922";"7";"01";"2021";"15:10";"1";"34";"34172";"2";"1";"1";"3";"CARRIEU (RUE MARIUS)";"43,6170200000";"3,8421200000"
"202100055923";"7";"01";"2021";"09:00";"1";"33";"33063";"2";"2";"1";"3";"Boulevard Antoine Gautier";"44,8365700000";" -0,5990300000"
"202100055924";"7";"01";"2021";"15:10";"1";"33";"33529";"2";"3";"1";"3";"Boulevard de Cazaux";"44,6129000000";" -1,1347600000"
"202100055925";"7";"01";"2021";"08:40";"1";"32";"32013";"1";"1";"1";"1";"TOULOUSE (ROUTE DE)";"43,6560000000";"0,6256600000"
"202100055926";"7";"01";"2021";"18:15";"2";"30";"30007";"2";"6";"1";"3";"THOREZ (AVE MAURICE)";"44,1379000000";"4,0800200000"
"202100055927";"6";"01";"2021";"17:55";"3";"29";"29039";"2";"1";"1";"6";"Rue Vauban";"47,8717019086";" -3,9162442328"
"202100055928";"7";"01";"2021";"07:50";"5";"24";"24037";"2";"1";"1";"6";"MAINE DE BIRAN (BOULEVARD)";"44,8569500000";"0,4751200000"
"202100055929";"7";"01";"2021";"21:06";"5";"17";"17300";"2";"6";"1";"7";"GUITON   AVENUE JEAN (343-371)";"46,1597700000";" -1,1978900000"
"202100055930";"5";"01";"2021";"16:00";"1";"13";"13077";"2";"1";"1";"2";"JAURES JEAN (avenue)";"43,4109265527";"4,9789463883"
"202100055931";"7";"01";"2021";"10:00";"1";"13";"13204";"2";"1";"1";"3";"FONDERE (RUE)";"43,3019000000";"5,4004500000"
"202100055932";"7";"01";"2021";"01:00";"5";"13";"13210";"2";"6";"1";"3";"MAURIAC (RUE)";"43,2700700000";"5,4232700000"
"202100055933";"6";"01";"2021";"10:45";"1";"09";"09122";"2";"9";"1";"6";"MOULIN (RUE JEAN)";"42,9866310000";"1,6161650000"
"202100055934";"7";"01";"2021";"13:20";"1";"07";"07102";"2";"1";"1";"7";"BEAUREGARD (RUE DE)";"44,9286200000";"4,8721900000"
"202100055935";"7";"01";"2021";"19:45";"5";"75";"75120";"2";"1";"2";"2";"BOULEVARD PERIPHERIQUE";"48,8678450000";"2,4132410000"
"202100055936";"7";"01";"2021";"13:40";"1";"75";"75105";"2";"2";"1";"6";"RUE BUFFON";"48,8411780000";"2,3559640000"
"202100055937";"7";"01";"2021";"15:30";"1";"75";"75120";"2";"1";"8";"7";"RUE DE BAGNOLET";"48,8641500000";"2,4080820000"
"202100055938";"7";"01";"2021";"19:30";"5";"75";"75119";"2";"2";"1";"6";"RUE DU DOCTEUR POTAIN";"48,8782570000";"2,3979240000"
"202100055939";"7";"01";"2021";"16:05";"1";"75";"75119";"2";"2";"1";"6";"AVENUE DE FLANDRE";"48,8943170000";"2,3817320000"
"202100055940";"7";"01";"2021";"13:50";"1";"75";"75119";"2";"1";"2";"7";"RUE BASTE";"48,8812200000";"2,3741420000"
"202100055941";"6";"01";"2021";"08:22";"1";"75";"75118";"2";"1";"2";"5";"RUE ORDENER";"48,8902920000";"2,3585650000"
"202100055942";"7";"01";"2021";"14:05";"1";"75";"75114";"2";"2";"1";"6";"RUE RAYMOND LOSSERAND";"48,8318110000";"2,3141360000"
"202100055943";"7";"01";"2021";"18:00";"5";"75";"75112";"2";"1";"2";"3";"RUE CROZATIER";"48,8489260000";"2,3800250000"
"202100055944";"7";"01";"2021";"08:05";"2";"75";"75112";"2";"7";"2";"1";"PLACE EDOUARD RENARD";"48,8352020000";"2,4070150000"
"202100055945";"7";"01";"2021";"18:56";"5";"75";"75111";"2";"2";"8";"6";"RUE POPINCOURT";"48,8579310000";"2,3769920000"
"202100055946";"7";"01";"2021";"18:09";"5";"75";"75108";"2";"2";"8";"6";"BOULEVARD MALESHERBES";"48,8784080000";"2,3155530000"
"202100055947";"7";"01";"2021";"18:15";"5";"75";"75107";"2";"3";"2";"7";"BOULEVARD SAINT GERMAIN";"48,8614200000";"2,3203940000"
"202100055948";"7";"01";"2021";"11:40";"1";"94";"94078";"2";"1";"2";"2";"PARIS (R DE)";"48,7378100000";"2,4469600000"
"202100055949";"7";"01";"2021";"19:46";"5";"94";"94068";"2";"1";"2";"6";"Avenue de CondÃ©";"48,8110300000";"2,4783900000"
"202100055950";"6";"01";"2021";"19:10";"5";"94";"94011";"2";"9";"2";"4";"Avenue Jean Rostand";"48,7676400000";"2,4865100000"
"202100055951";"6";"01";"2021";"18:20";"5";"94";"94028";"2";"9";"1";"2";"Duvauchelle (rue Dominique)";"48,7676700000";"2,4551700000"