"Num_Acc";"jour";"mois";"an";"hrmn";"lum";"dep";"com";"agg";"int";"atm";"col";"adr";"lat";"long"
"202100055952";"7";"01";"2021";"15:10";"1";"94";"94054";"2";"1";"2";"6";"CHANDIGARH (R)";"48,7464700000";"2,4162600000"
"202100055953";"7";"01";"2021";"20:30";"5";"94";"94017";"2";"3";"1";"3";"GENERAL DE GAULLE (AV DU)";"48,8271223120";"2,5179791451"
"202100055954";"7";"01";"2021";"00:15";"5";"93";"93072";"2";"3";"2";"2";"PARMENTIER (RUE) COTE NÂ° PAIRS";"48,9677497764";"2,3739831316"
"202100055955";"7";"01";"2021";"09:55";"1";"93";"93070";"2";"1";"2";"3";"ALBERT-DHALENNE (RUE)";"48,9144700000";"2,3322700000"
"202100055956";"5";"01";"2021";"18:10";"5";"93";"93066";"2";"2";"1";"3";"ELUARD PAUL NR 2 A 36 ET 1 A 49";"48,9419675058";"2,3416876916"
"202100055957";"5";"01";"2021";"06:30";"5";"93";"93066";"2";"2";"1";"3";"WILSON (AVENUE DU PRESIDENT)";"48,9181877075";"2,3578647546"
"202100055958";"7";"01";"2021";"18:00";"5";"93";"93064";"2";"3";"2";"6";"MONTGOLFIER (RUE J ET E)";"48,8887298441";"2,4765815673"
"202100055959";"7";"01";"2021";"14:35";"1";"93";"93053";"2";"1";"1";"6";"BREMENT (RUE DE) 109 A 235 - 110 A ...";"48,8869000000";"2,4698900000"
"202100055960";"7";"01";"2021";"11:22";"1";"93";"93048";"2";"2";"8";"3";"PARIS (RUE DE)";"48,8572300000";"2,4315900000"
"202100055961";"4";"01";"2021";"17:30";"1";"93";"93031";"2";"1";"1";"1";"MARNE (AVENUE DE LA)";"48,9535018094";"2,3272741883"
"202100055962";"7";"01";"2021";"21:00";"5";"93";"93010";"2";"9";"2";"6";"GALLIENI (AV.) CONFORAMA 53";"48,9056158185";"2,4770202703"
"202100055963";"7";"01";"2021";"15:40";"1";"92";"92078";"2";"1";"1";"3";"GALLIENI (BD) (1 A 79 ET 22 A 102)";"48,9254389004";"2,3264569044"
"202100055964";"7";"01";"2021";"11:30";"1";"92";"92051";"2";"9";"8";"6";"RICHARD WALLACE (BOULEVARD)";"48,8756955698";"2,2485011816"
"202100055965";"7";"01";"2021";"11:41";"1";"92";"92049";"2";"7";"1";"7";"CREPS PLACE EMILE";"48,8187600000";"2,3189900000"
"202100055966";"7";"01";"2021";"12:24";"1";"92";"92048";"2";"1";"8";"2";"REPUBLIQUE (RUE DE LA) NÂ° 1 A 45";"48,8093640000";"2,2361810000"
"202100055967";"7";"01";"2021";"07:10";"5";"92";"92044";"2";"2";"2";"3";"MARIUS AUFAN(RUE) 69+ ET 80+";"48,8949300000";"2,2809300000"
"202100055968";"6";"01";"2021";"23:47";"5";"92";"92032";"2";"1";"2";"7";"PETIT ANTOINE (RUE)";"48,7902000000";"2,2887300000"
"202100055969";"7";"01";"2021";"19:30";"3";"01";"01089";"1";"2";"1";"3";"D904";"45,9594480000";"5,3020350000"
"202100055970";"8";"01";"2021";"08:40";"1";"60";"60157";"2";"2";"1";"1";"Rue Henri Breuil";"49,3829840000";"2,4028190000"
"202100055971";"8";"01";"2021";"08:00";"2";"57";"57365";"2";"1";"9";"6";"D956";"49,3973490000";"6,4337020000"
"202100055972";"8";"01";"2021";"13:00";"1";"28";"28088";"2";"1";"1";"6";"21 Rue de Sancheville";"48,0748170000";"1,3398600000"
"202100055973";"7";"01";"2021";"20:00";"3";"59";"59210";"1";"1";"1";"6";"Rue de Wormhout";"50,8859400000";"2,4318470000"
"202100055974";"8";"01";"2021";"03:45";"4";"74";"74195";"1";"1";"1";"6";"All de la Zone des Bonnets";"46,0127500000";"5,9477830000"
"202100055975";"8";"01";"2021";"07:25";"4";"76";"76493";"2";"3";"1";"1";"Route de Saint Valery";"49,8507070000";"0,6304060000"
"202100055976";"8";"01";"2021";"18:55";"3";"32";"32038";"1";"1";"1";"6";"D161";"43,6402600000";"1,0003650000"
"202100055977";"8";"01";"2021";"07:55";"2";"89";"89460";"2";"2";"2";"1";"N/A";"48,3352420000";"3,0641560000"
"202100055978";"6";"01";"2021";"12:10";"1";"76";"76711";"2";"1";"1";"1";"Rue de la Commune de Paris";"50,0604450000";"1,3726960000"
"202100055979";"8";"01";"2021";"12:05";"1";"61";"61161";"2";"1";"1";"6";"14 Rue Emile Combes";"48,8030130000";"0,1040300000"
"202100055980";"8";"01";"2021";"17:45";"3";"61";"61464";"1";"3";"1";"3";"Les Champs Croctons";"48,6245840000";"0,1391320000"
"202100055981";"3";"01";"2021";"09:45";"1";"49";"49222";"1";"1";"9";"7";"Lieu Dit la Fresnaye";"47,3642540000";" -0,5591960000"
"202100055982";"7";"01";"2021";"16:30";"1";"68";"68068";"2";"3";"8";"3";"3 rue de Belfort";"47,6300500000";"7,1180680000"
"202100055983";"8";"01";"2021";"08:50";"2";"38";"38543";"1";"4";"5";"1";"Route des Alpes";"45,6478677473";"5,4898166656"
"202100055984";"7";"01";"2021";"22:00";"3";"02";"02687";"1";"2";"1";"3";"Carrefour de Vertefeuilles";"49,3033240000";"3,2150030000"
"202100055985";"8";"01";"2021";"10:10";"1";"09";"09312";"1";"1";"1";"2";"D12";"43,0924670000";"1,6815520000"
"202100055986";"7";"01";"2021";"18:50";"5";"60";"60286";"2";"4";"9";"4";"Rue Caradame";"49,6612815929";"1,9450097839"
"202100055987";"8";"01";"2021";"16:00";"1";"64";"64353";"1";"1";"1";"1";"9 route de lourdes";"43,0912210000";" -0,3824940000"
"202100055988";"8";"01";"2021";"19:25";"5";"18";"18197";"2";"1";"1";"1";"6 Rue de Verdun";"46,7292790000";"2,5072160000"
"202100055989";"8";"01";"2021";"09:15";"1";"40";"40046";"1";"1";"9";"1";"D146";"44,4346530000";" -1,2266710000"
"202100055990";"5";"01";"2021";"14:00";"1";"976";"97606";"2";"1";"1";"3";"Mirereni Be";" -12,9062740000";"45,1554610000"
"202100055991";"7";"01";"2021";"18:45";"3";"22";"22277";"1";"3";"1";"3";"RD 700 - Lieu-Dit Lanvia";"48,3865540000";" -2,8356740000"
"202100055992";"7";"01";"2021";"22:15";"3";"988";"98821";"1";"3";"1";"7";"Coll de la pirogue";" -22,0821800000";"166,3191030000"
"202100055993";"6";"01";"2021";"19:30";"3";"986";"98613";"2";"9";"1";"6";"Ha'afuasia";" -13,2999090000";" -176,1853730000"
"202100055994";"7";"01";"2021";"20:00";"3";"77";"77367";"1";"1";"2";"1";"D401";"49,0362360000";"2,9908880000"
"202100055995";"8";"01";"2021";"16:20";"1";"77";"77141";"2";"4";"1";"3";"Route de Melun";"48,8643760000";"2,8552330000"
"202100055996";"7";"01";"2021";"04:15";"3";"78";"78096";"1";"1";"9";"6";"Rue Recoin";"48,7611650000";"1,6486100000"
"202100055997";"8";"01";"2021";"18:25";"3";"30";"30258";"1";"1";"1";"6";"Route de Nimes";"43,7158600000";"4,4194800000"
"202100055998";"4";"01";"2021";"17:15";"5";"06";"06019";"2";"6";"8";"2";"Route Departementale 2204";"43,7812660000";"7,3378620000"
"202100055999";"8";"01";"2021";"18:06";"5";"38";"38412";"2";"1";"1";"6";"Route de Villette";"45,3995420000";"5,7238880000"
"202100056000";"6";"01";"2021";"18:15";"3";"38";"38382";"2";"1";"1";"1";"Rue de Chamechaude";"45,2351710000";"5,6850980000"
"202100056001";"8";"01";"2021";"07:55";"2";"26";"26235";"2";"9";"1";"1";"Route de Saint Paul";"44,3689930000";"4,7076580000"
"202100056002";"5";"01";"2021";"08:45";"1";"33";"33015";"1";"2";"1";"3";"D18";"44,8736990000";" -0,2871960000"
"202100056003";"7";"01";"2021";"17:30";"1";"29";"29169";"1";"1";"1";"2";"D39 - Ty Au Douy";"48,0733701143";" -4,2371870079"
"202100056004";"8";"01";"2021";"18:25";"3";"76";"76099";"1";"1";"1";"1";"Route de la Pierre";"49,5568300000";"0,8567500000"
"202100056005";"8";"01";"2021";"09:20";"1";"60";"60322";"1";"2";"1";"3";"RD 153 jamÃ©ricourt";"49,3033490000";"1,8840590000"
"202100056006";"6";"01";"2021";"06:53";"2";"13";"13210";"1";"1";"1";"3";"A50-Sens Aubagne vers Marseille";"43,2848220770";"5,4168915281"
"202100056007";"6";"01";"2021";"21:40";"3";"13";"13071";"1";"1";"1";"3";"A7-Sens Lyon vers Marseille";"43,4037600000";"5,3129530000"
"202100056008";"7";"01";"2021";"12:50";"1";"33";"33013";"1";"1";"1";"2";"ROUTE NATIONALE 230";"44,8559750000";" -0,5050560000"
"202100056009";"7";"01";"2021";"07:45";"3";"33";"33281";"1";"1";"1";"4";"ROCADE A 630";"44,8474606673";" -0,6697700632"
"202100056010";"7";"01";"2021";"09:10";"1";"91";"91661";"1";"1";"1";"7";"AUTOROUTE A10";"48,6949900000";"2,2333100000"
"202100056011";"7";"01";"2021";"09:10";"1";"91";"91216";"1";"1";"2";"2";"AUTOROUTE A6";"48,6849300000";"2,3275700000"
"202100056012";"7";"01";"2021";"08:12";"3";"91";"91286";"1";"1";"2";"3";"AUTOROUTE A6";"48,6484000000";"2,3875000000"
"202100056013";"7";"01";"2021";"08:45";"1";"78";"78133";"1";"1";"8";"2";"A13";"48,8928700000";"2,0082900000"
"202100056014";"7";"01";"2021";"11:45";"1";"93";"93078";"1";"1";"1";"7";"AUTOROUTE A104";"48,9630400000";"2,5223900000"
"202100056015";"6";"01";"2021";"12:50";"1";"95";"95500";"1";"1";"1";"2";" A15";"49,0362595262";"2,0951139775"
"202100056016";"6";"01";"2021";"13:30";"1";"93";"93005";"1";"1";"2";"3";"A3";"48,9601800000";"2,4735300000"
"202100056017";"7";"01";"2021";"02:20";"3";"976";"97611";"1";"1";"1";"7";"doujani-CarriÃ¨re ( route de la )";" -12,7901500000";"45,2025300000"
"202100056018";"6";"01";"2021";"16:30";"1";"974";"97416";"1";"1";"1";"3";"Rue FÃ©lix Baillif";" -21,2993700000";"55,4934700000"
"202100056019";"6";"01";"2021";"13:45";"1";"69";"69388";"2";"2";"1";"1";"JEAN MERMOZ (AV)";"45,7306508063";"4,8875574768"
"202100056020";"6";"01";"2021";"08:20";"1";"972";"97209";"2";"1";"1";"6";"MARTIN LUTHER KING (RUE)";"14,6090500000";" -61,0744200000"
"202100056021";"6";"01";"2021";"17:50";"5";"69";"69389";"2";"1";"1";"4";"RAOUL CARRIE                        (QU)";"45,7988700000";"4,8326400000"
"202100056022";"6";"01";"2021";"07:15";"1";"971";"97113";"1";"6";"1";"6";"SECTION GRANDE RAVINE";"16,2131000000";" -61,4772000000"
"202100056023";"6";"01";"2021";"12:05";"1";"2A";"2A004";"2";"9";"1";"2";"MEZZAVIA ROUTE DE";"41,9519400000";"8,7775100000"
"202100056024";"5";"01";"2021";"12:15";"1";"95";"95585";"2";"4";"1";"3";"PERRET (AVENUE AUGUSTE )";"48,9765100000";"2,3785700000"
"202100056025";"6";"01";"2021";"16:27";"2";"95";"95277";"1";"1";"8";"6";"RD 170 A4";"48,9779500000";"2,4629500000"
"202100056026";"6";"01";"2021";"18:25";"5";"91";"91421";"2";"6";"1";"3";"GLACIERE (RUE DE LA)";"48,7067900000";"2,4409100000"
"202100056027";"6";"01";"2021";"13:50";"1";"91";"91286";"2";"2";"2";"3";"CONDORCET (RUE)";"48,6484900000";"2,3751800000"
"202100056028";"6";"01";"2021";"06:55";"5";"91";"91027";"2";"2";"1";"6";"AV LEON BLUM";"48,7099700000";"2,3855400000"
"202100056029";"5";"01";"2021";"19:30";"2";"87";"87085";"2";"1";"1";"1";"SABINES (RUE DES)";"45,8803600000";"1,2952000000"
"202100056030";"5";"01";"2021";"17:28";"2";"87";"87085";"2";"1";"1";"7";"SCHUMAN (BOULEVARD ROBERT)";"45,8577400000";"1,2703700000"
"202100056031";"4";"01";"2021";"19:30";"2";"87";"87085";"2";"1";"1";"7";"SOLIGNAC (RUE DE)";"45,8076000000";"1,2639300000"
"202100056032";"2";"01";"2021";"12:20";"1";"85";"85194";"2";"1";"4";"6";"8 MAI 1945 (RUE DU)";"46,5373700000";" -1,7722400000"
"202100056033";"5";"01";"2021";"19:25";"5";"83";"83137";"2";"3";"1";"6";"BARON (RUE MARC)";"43,1152660000";"5,9360340000"
"202100056034";"2";"01";"2021";"13:30";"1";"80";"80021";"2";"3";"2";"3";"DELIVRANCE (RUE DE LA)";"49,8871100000";"2,3244100000"
"202100056035";"11";"02";"2021";"06:20";"2";"76";"76540";"2";"1";"1";"2";"Rue Dufay";"49,4243017981";"1,0757777095"
"202100056036";"6";"01";"2021";"18:43";"5";"73";"73008";"2";"6";"1";"3";"D991 Route de Saint Innocent";"45,7132242261";"5,8932334249"
"202100056037";"6";"01";"2021";"16:05";"1";"69";"69266";"2";"3";"8";"6";"TOLSTOI (CR)";"45,7637270934";"4,8700252175"
"202100056038";"6";"01";"2021";"11:55";"1";"69";"69266";"2";"6";"1";"6";"ALBERT THOMAS    (Place)";"45,7641000000";"4,8741000000"
"202100056039";"6";"01";"2021";"11:50";"1";"59";"59350";"2";"1";"1";"6";"COURBET GUSTAVE  RUE";"50,6083800000";"3,0404000000"
"202100056040";"5";"01";"2021";"18:00";"5";"56";"56260";"2";"6";"1";"2";"VINCIN (GIRATOIRE DU)";"47,6493900000";" -2,7967700000"
"202100056041";"5";"01";"2021";"11:15";"1";"56";"56121";"2";"3";"1";"3";"CHENAILLER DIT COLONEL MAURICE ( AV. )";"47,7365700000";" -3,3902800000"
"202100056042";"5";"01";"2021";"10:14";"1";"56";"56098";"2";"1";"1";"1";"DJIBAOU (RUE  JEAN-MARIE )";"47,7759600000";" -3,3592000000"
"202100056043";"6";"01";"2021";"17:04";"5";"54";"54395";"2";"1";"4";"2";"LOBAU (BOULEVARD)";"48,6834755917";"6,1968214810"
"202100056044";"6";"01";"2021";"17:00";"5";"54";"54395";"2";"1";"2";"4";"CLEMENCEAU (BD GEORGES)";"48,6754373543";"6,1822042387"
"202100056045";"5";"01";"2021";"19:46";"5";"49";"49007";"2";"1";"1";"1";"DAVIERS BOULEVARD";"47,4788000000";" -0,5566800000"
"202100056046";"4";"01";"2021";"17:57";"5";"49";"49015";"2";"1";"2";"2";"MENDES FRANCE AVENUE PIERRE";"47,5053120000";" -0,5879010000"
"202100056047";"6";"01";"2021";"12:25";"1";"41";"41018";"2";"1";"1";"6";"ANGLETERRE (RUE D')";"47,5892800000";"1,3317100000"
"202100056048";"6";"01";"2021";"18:20";"5";"35";"35238";"2";"2";"1";"3";"LORIENT (DE)";"48,1089500000";" -1,7101690000"
"202100056049";"6";"01";"2021";"14:50";"1";"35";"35238";"2";"6";"1";"3";"GAYEULLES (ROND POINT)";"48,1277900000";" -1,6521100000"
"202100056050";"6";"01";"2021";"13:30";"1";"35";"35238";"2";"9";"8";"6";"REDON (DE)";"48,1051100000";" -1,6935800000"
"202100056051";"6";"01";"2021";"22:10";"5";"29";"29232";"2";"3";"1";"1";"Rue Tristan";"47,9856180380";" -4,0778160095"
"202100056052";"6";"01";"2021";"14:40";"1";"27";"27375";"2";"1";"1";"6";"VEXIN (CHAUSSEE DU)";"49,2196700000";"1,1786300000"
"202100056053";"5";"01";"2021";"13:30";"1";"16";"16102";"2";"1";"1";"6";"65 Rue de Cagouillet";"45,6970950000";" -0,3225490000"
"202100056054";"6";"01";"2021";"18:36";"3";"13";"13054";"1";"1";"1";"5";"D9 (BRETELLE)";"43,3970800000";"5,1981400000"
"202100056055";"6";"01";"2021";"17:30";"1";"13";"13216";"2";"1";"1";"4";"PRADEL (traverse du)";"43,3583900000";"5,3434100000"
"202100056056";"5";"01";"2021";"10:45";"1";"13";"13075";"2";"1";"1";"2";"LIBERATION (AVE DE LA)";"43,3420000000";"5,4570000000"
"202100056057";"6";"01";"2021";"18:50";"5";"13";"13063";"2";"1";"1";"1";"NORD AVENUE DU";"43,6021175939";"5,0068902969"
"202100056058";"5";"01";"2021";"07:37";"3";"10";"10321";"2";"4";"1";"6";"HENRI BARBUSSE (RUE)";"48,2913000000";"4,0348000000"
"202100056059";"6";"01";"2021";"22:45";"3";"06";"06069";"2";"1";"1";"7";"MISTRAL (AVENUE ET PLACE FREDERIC)";"43,6428200000";"6,9141200000"
"202100056060";"6";"01";"2021";"15:10";"1";"06";"06069";"1";"1";"1";"7";"DRAGUIGNAN (ROUTE DE) - D2562-";"43,6423200000";"6,9082270000"
"202100056061";"5";"01";"2021";"20:35";"5";"75";"75115";"2";"4";"1";"4";"PORTE DE SEVRES";"48,8348262592";"2,2740060137"
"202100056062";"3";"01";"2021";"15:20";"1";"75";"75116";"2";"1";"1";"2";"PORTE D AUTEUIL";"48,8497630000";"2,2524060000"
"202100056063";"6";"01";"2021";"10:30";"1";"75";"75102";"2";"3";"8";"2";"BOULEVARD POISSONNIERE";"48,8708700000";"2,3467350000"
"202100056064";"6";"01";"2021";"21:20";"5";"75";"75118";"2";"3";"1";"5";"BOULEVARD BARBES";"48,8852640000";"2,3495290000"
"202100056065";"4";"01";"2021";"10:00";"1";"75";"75117";"2";"7";"2";"7";"PLACE DES TERNES";"48,8779070000";"2,2974990000"
"202100056066";"6";"01";"2021";"16:00";"1";"75";"75116";"2";"5";"1";"2";"AVENUE DE L HIPPODROME";"48,8622800000";"2,2383210000"
"202100056067";"6";"01";"2021";"14:00";"1";"75";"75114";"2";"1";"8";"3";"BOULEVARD JOURDAN";"48,8216790000";"2,3329480000"
"202100056068";"6";"01";"2021";"07:42";"5";"75";"75114";"2";"2";"1";"5";"AVENUE DE LA PORTE DE CHATILLON";"48,8223280000";"2,3142340000"
"202100056069";"6";"01";"2021";"16:15";"2";"75";"75112";"2";"5";"8";"3";"AVENUE DE SAINT MANDE";"48,8446739656";"2,4057128628"
"202100056070";"6";"01";"2021";"13:15";"1";"75";"75112";"2";"1";"8";"2";"RUE PROUDHON";"48,8371520000";"2,3905120000"
"202100056071";"6";"01";"2021";"16:30";"2";"75";"75110";"2";"1";"2";"6";"RUE LA FAYETTE";"48,8798690000";"2,3592140000"
"202100056072";"6";"01";"2021";"09:40";"2";"75";"75109";"2";"1";"2";"2";"RUE D ATHENES";"48,8779490000";"2,3276960000"
"202100056073";"6";"01";"2021";"01:35";"5";"75";"75104";"2";"2";"2";"3";"QUAI HENRI IV";"48,8508200000";"2,3614150000"
"202100056074";"6";"01";"2021";"12:30";"1";"94";"94034";"2";"3";"1";"1";"JEAN JAURES (BD)";"48,7550300000";"2,3186400000"
"202100056075";"6";"01";"2021";"09:00";"1";"94";"94021";"2";"3";"1";"3";"GENERAL DE GAULLE (AV DU)";"48,7716000000";"2,3465900000"
"202100056076";"6";"01";"2021";"11:05";"1";"94";"94028";"2";"1";"1";"2";"CHOISY(ROUTE DE)";"48,7836200000";"2,4473300000"
"202100056077";"6";"01";"2021";"06:30";"5";"94";"94011";"2";"1";"1";"3";"RHIN ET DANUBE(RUE DU)";"48,7728700000";"2,4905900000"
"202100056078";"5";"01";"2021";"09:20";"5";"94";"94028";"2";"1";"1";"3";"BROSSOLETTE(AVENUE PIERRE)";"48,7912300000";"2,4626100000"
"202100056079";"6";"01";"2021";"18:05";"5";"92";"92073";"2";"1";"2";"7";"WASHINGTON (BOULEVARD)";"48,8770121257";"2,2168323398"
"202100056080";"4";"01";"2021";"13:00";"1";"92";"92063";"2";"1";"1";"3";"NATIONAL (BOULEVARD)";"48,8901600000";"2,1805400000"
"202100056081";"6";"01";"2021";"17:54";"5";"75";"75117";"2";"1";"1";"3";"DOUAUMONT (BD DE)";"48,8955304239";"2,3067936301"
"202100056082";"6";"01";"2021";"09:40";"1";"92";"92012";"2";"6";"2";"7";"PONT DE BILLANCOURT (PLACE DU)";"48,8251294829";"2,2485584972"
"202100056083";"6";"01";"2021";"20:25";"5";"92";"92004";"2";"1";"1";"3";"ARGENTEUIL (AV D')";"48,9205648191";"2,2791112374"
"202100056084";"6";"01";"2021";"08:15";"5";"92";"92004";"2";"1";"8";"5";"AULAGNIER ( QUAI )";"48,9113554133";"2,2991640234"
"202100056085";"5";"01";"2021";"08:10";"2";"92";"92002";"2";"1";"2";"6";"MASSY (RUE DE)";"48,7392200000";"2,2884000000"
"202100056086";"7";"01";"2021";"16:30";"1";"62";"62364";"2";"1";"1";"6";"Rue du MarÃ©chal Leclerc";"50,5150470000";"2,1342820000"
"202100056087";"6";"01";"2021";"19:50";"5";"41";"41150";"2";"2";"1";"3";"Rue de la MartiniÃ¨re";"47,5596880000";"1,4539720000"
"202100056088";"6";"01";"2021";"16:51";"1";"64";"64410";"2";"3";"1";"7";"avenue Henry IV";"43,3726210000";" -0,6287100000"
"202100056089";"6";"01";"2021";"08:30";"4";"35";"35167";"1";"3";"8";"3";"Zone d'activitÃ© le Ronzeray";"47,8207570000";" -1,3187180000"
"202100056090";"7";"01";"2021";"08:35";"1";"974";"97413";"2";"1";"1";"3";"56 cd25";" -21,1967580000";"55,3002030000"
"202100056091";"7";"01";"2021";"13:10";"1";"59";"59261";"2";"1";"2";"6";"26 Rue Roland Rouleau";"50,0571280000";"4,0780780000"
"202100056092";"7";"01";"2021";"13:00";"1";"79";"79066";"1";"1";"8";"6";"Lieu Dit Durigne";"46,4849720000";" -0,3840760000"
"202100056093";"6";"01";"2021";"12:00";"1";"71";"71008";"1";"1";"8";"1";"Lieu-dit ""Les Granges""";"46,2305740000";"4,3676020000"
"202100056094";"6";"01";"2021";"18:20";"5";"80";"80533";"2";"1";"1";"6";"Avenue Pierre et Marie Curie";"50,0629180000";"1,4019100000"
"202100056095";"6";"01";"2021";"06:40";"3";"49";"49248";"1";"1";"1";"6";"D775";"47,7603870000";" -1,1979820000"
"202100056096";"6";"01";"2021";"15:00";"1";"34";"34308";"1";"1";"1";"1";"lieu dit les quintes";"43,6348090000";"3,0678410000"
"202100056097";"7";"01";"2021";"17:00";"2";"22";"22047";"2";"1";"5";"3";"RD.790 - PR 12.180";"48,3178930000";" -3,0607440000"
"202100056098";"7";"01";"2021";"08:50";"1";"25";"25304";"2";"3";"8";"6";"1 RUE DU CANAL";"47,4461140000";"6,8829560000"
"202100056099";"6";"01";"2021";"14:30";"1";"31";"31033";"2";"3";"1";"3";"Route de Capens";"43,3503080000";"1,4643520000"
"202100056100";"7";"01";"2021";"15:45";"1";"50";"50461";"1";"1";"1";"2";"Le Haut Gallion";"49,4906810000";" -1,4082670000"
"202100056101";"7";"01";"2021";"07:05";"5";"43";"43177";"2";"1";"8";"6";"51 Rue Nationale";"45,3045100000";"4,2773290000"
"202100056102";"7";"01";"2021";"08:05";"2";"10";"10358";"2";"1";"2";"6";"6 Boulevard Daniel Traini";"48,1713840000";"4,2155310000"
"202100056103";"6";"01";"2021";"22:00";"3";"52";"52023";"1";"1";"8";"6";"D20";"47,7627750000";"5,1001720000"
"202100056104";"6";"01";"2021";"20:05";"3";"31";"31091";"1";"1";"1";"2";"A62 - PK 219+700 vers TOULOUSE";"43,6986590000";"1,4076980000"
"202100056105";"6";"01";"2021";"18:20";"3";"72";"72031";"1";"1";"1";"2";"A11 PK 146+400";"48,0873390000";"0,5031390000"
"202100056106";"7";"01";"2021";"08:15";"2";"53";"53125";"1";"1";"5";"1";"Route dÃ©partementale 31";"48,5046880000";" -1,0656850000"
"202100056107";"5";"01";"2021";"15:20";"1";"13";"13051";"1";"1";"1";"3";"A7, pk 239+000 sens sud/nord";"43,6235260000";"5,1325040000"
"202100056108";"6";"01";"2021";"01:45";"3";"971";"97125";"1";"2";"1";"6";"Saint Jacques";"16,2754060000";" -61,3104700000"
"202100056109";"6";"01";"2021";"16:35";"1";"91";"91661";"1";"2";"8";"3";"Avenue de la Plesse";"48,7034320000";"2,2541460000"
"202100056110";"7";"01";"2021";"16:30";"1";"84";"84138";"1";"1";"8";"1";"D976";"44,3558715516";"4,9671098265"
"202100056111";"7";"01";"2021";"11:45";"1";"04";"04220";"1";"1";"1";"7";"RD 900";"44,3933120000";"6,5551310000"
"202100056112";"2";"01";"2021";"10:15";"1";"67";"67167";"2";"1";"5";"6";"Hohbuhl";"48,4791450000";"7,3014560000"
"202100056113";"6";"01";"2021";"10:48";"1";"67";"67164";"2";"1";"2";"1";"D422";"48,4348530000";"7,4938510000"
"202100056114";"5";"01";"2021";"11:55";"1";"67";"67130";"2";"6";"1";"7";"Avenue de la Gare";"48,4221020000";"7,6415760000"
"202100056115";"6";"01";"2021";"18:10";"5";"67";"67028";"2";"1";"2";"6";"Rue de Strasbourg";"48,3719640000";"7,5925330000"
"202100056116";"7";"01";"2021";"00:30";"5";"74";"74094";"2";"6";"1";"6";"Rte des Chasseurs";"46,2030810000";"6,2827210000"
"202100056117";"6";"01";"2021";"13:15";"1";"33";"33243";"2";"2";"1";"3";"Rue Fonneuve";"44,9145910000";" -0,2467790000"
"202100056118";"6";"01";"2021";"07:30";"2";"22";"22076";"1";"1";"1";"3";"CD 13";"48,5454920000";" -2,3918970000"
"202100056119";"2";"01";"2021";"11:00";"1";"13";"13085";"1";"1";"2";"7";"A50-Sens Toulon vers Aubagne";"43,2547900000";"5,5946700000"
"202100056120";"2";"01";"2021";"09:38";"1";"13";"13019";"1";"1";"1";"6";"A51-Sens Aix en Provence vers Marseille";"43,4264900000";"5,3806900000"
"202100056121";"6";"01";"2021";"10:25";"1";"94";"94034";"1";"1";"1";"4";"AUTOROUTE A86";"48,7581000000";"2,3274600000"
"202100056122";"5";"01";"2021";"21:30";"3";"91";"91471";"1";"1";"1";"3";"RD 188 CHEVREUSE";"48,6934400000";"2,1906300000"
"202100056123";"4";"01";"2021";"20:55";"3";"92";"92036";"1";"1";"1";"2";"AUTOROUTE A15";"48,9458291540";"2,2833738855"
"202100056124";"5";"01";"2021";"07:30";"2";"95";"95582";"1";"1";"1";"2";"A15";"48,9643600000";"2,2621900000"
"202100056125";"4";"01";"2021";"20:30";"3";"93";"93007";"1";"1";"2";"2";" A3";"48,9199700000";"2,4791000000"
"202100056126";"4";"01";"2021";"19:30";"3";"93";"93064";"1";"1";"1";"3";"AUTOROUTE A86";"48,8727500000";"2,4804100000"
"202100056127";"4";"01";"2021";"14:20";"1";"93";"93027";"1";"1";"8";"6";"AUTOROUTE A86";"48,9279600000";"2,4111800000"
"202100056128";"4";"01";"2021";"09:40";"2";"95";"95424";"1";"1";"2";"6";" A15";"48,9938800000";"2,1844500000"
"202100056129";"6";"01";"2021";"08:50";"1";"93";"93051";"1";"1";"8";"5";"A4";"48,8365900000";"2,5413800000"
"202100056130";"5";"01";"2021";"03:12";"5";"988";"98818";"1";"1";"1";"6";"VE1 SENS SUD/NORD";" -22,2472000000";"166,4565000000"
"202100056131";"4";"01";"2021";"14:00";"1";"988";"98818";"2";"3";"1";"6";"ROUTE DE L'ANSE VATA/RUE MARCELLIN LACABANNE";" -22,2936300000";"166,4465300000"
"202100056132";"5";"01";"2021";"19:30";"5";"974";"97411";"2";"3";"1";"3";"Rue de Paris";" -20,8839540000";"55,4504230000"
"202100056133";"1";"01";"2021";"00:45";"5";"974";"97407";"2";"2";"1";"3";"TOULOUSE(BOULEVARD)";" -20,9439900000";"55,2903800000"
"202100056134";"4";"01";"2021";"06:28";"2";"973";"97302";"2";"1";"1";"3";"FLAMBOYANTS (RUE DES)";"4,9228164876";" -52,3209822178"
"202100056135";"5";"01";"2021";"20:50";"5";"69";"69387";"2";"2";"1";"6";"Rue de Marseille";"45,7534407318";"4,8413438341"
"202100056136";"5";"01";"2021";"17:40";"5";"69";"69387";"2";"1";"1";"5";"GARIBALDI (R)";"45,7455000000";"4,8491000000"
"202100056137";"4";"01";"2021";"22:05";"3";"971";"97101";"1";"6";"1";"3";"BAIMBRIDGE (ROUTE DE)";"16,2480000000";" -61,5271600000"
"202100056138";"4";"01";"2021";"12:30";"1";"2A";"2A004";"1";"1";"1";"2";"T40";"41,9288099434";"8,8095316248"
"202100056139";"4";"01";"2021";"18:45";"5";"95";"95428";"2";"9";"2";"1";"route de SAINT BRICE";"48,9934334914";"2,3349571082"
"202100056140";"5";"01";"2021";"17:40";"2";"91";"91689";"2";"3";"2";"3";"RTE DE MONTJEAN";"48,7377500000";"2,3310700000"