"Num_Acc";"jour";"mois";"an";"hrmn";"lum";"dep";"com";"agg";"int";"atm";"col";"adr";"lat";"long"
"202100056141";"1";"01";"2021";"20:20";"5";"80";"80021";"2";"1";"1";"6";"SOMME (QUAI DE LA)";"49,9022000000";"2,2876500000"
"202100056142";"5";"01";"2021";"13:13";"1";"77";"77053";"2";"3";"1";"3";"RUE DU GENERAL LECLERC";"48,6916300000";"2,6128600000"
"202100056143";"5";"01";"2021";"15:05";"1";"77";"77186";"1";"9";"2";"3";"BOURGOGNE (ROUTE DE)";"48,4811130000";"2,6691310000"
"202100056144";"4";"01";"2021";"18:05";"5";"67";"67482";"2";"3";"8";"6";"Route de la Wantzenau & Rue de lâIll";"48,6112600000";"7,7810500000"
"202100056145";"4";"01";"2021";"14:05";"1";"67";"67482";"2";"8";"8";"6";"FAUBOURG NATIONAL (RUE DU)";"48,5823800000";"7,7369900000"
"202100056146";"1";"01";"2021";"14:47";"1";"66";"66136";"2";"2";"1";"3";"CANIGOU AVENUE DU";"42,6892400000";"2,8801000000"
"202100056147";"4";"01";"2021";"16:53";"1";"64";"64122";"2";"1";"2";"7";"AVENUE DE LAHOUZE";"43,4773903242";" -1,5501115301"
"202100056148";"4";"01";"2021";"07:40";"3";"62";"62902";"2";"2";"1";"3";"EUROPE (RUE DE L'.......)";"50,7127680000";"2,2368570000"
"202100056149";"5";"01";"2021";"16:40";"2";"59";"59599";"2";"2";"1";"7";"BLANCHE PORTE (RUE DE LA)";"50,7189810000";"3,1455480000"
"202100056150";"5";"01";"2021";"16:55";"5";"59";"59650";"2";"3";"1";"3";"CARNOT (RUE)";"50,6994800000";"3,2109500000"
"202100056151";"5";"01";"2021";"17:50";"5";"58";"58194";"2";"3";"2";"3";"MARZY";"46,9880600000";"3,1267400000"
"202100056152";"5";"01";"2021";"16:33";"2";"57";"57463";"2";"1";"1";"2";"TREVES (BOULEVARD DE )";"49,1185600000";"6,1885100000"
"202100056153";"4";"01";"2021";"18:50";"5";"56";"56260";"2";"1";"8";"6";"MARTINE (RUE ACHILLE)";"47,6686152100";" -2,7470567800"
"202100056154";"4";"01";"2021";"12:45";"1";"56";"56260";"2";"3";"1";"3";"VERDUN (AVENUE DE)";"47,6607100000";" -2,7436400000"
"202100056155";"2";"01";"2021";"11:30";"1";"54";"54578";"2";"2";"1";"6";"AIGUILLETTES  (BD 5 A 73-2 A 94)";"48,6732313682";"6,1532520112"
"202100056156";"4";"01";"2021";"17:37";"1";"52";"52121";"2";"1";"1";"6";"THIERS (BLD)";"48,1089600000";"5,1405800000"
"202100056157";"5";"01";"2021";"16:56";"1";"51";"51454";"2";"1";"1";"7";"Avenue Jean JaurÃ¨s";"49,2622156653";"4,0525458544"
"202100056158";"5";"01";"2021";"14:45";"1";"51";"51454";"2";"1";"8";"7";"Rue de Neufchatel";"49,2747721980";"4,0267714595"
"202100056159";"5";"01";"2021";"04:40";"3";"50";"50416";"1";"1";"8";"6";"BRETON (RUE DU)";"49,6542200000";" -1,7060400000"
"202100056160";"3";"01";"2021";"12:35";"1";"50";"50129";"2";"3";"2";"3";"BRIE (RUE DE)";"49,6275400000";" -1,6310200000"
"202100056161";"4";"01";"2021";"17:05";"5";"50";"50602";"2";"2";"3";"1";"EST (BOULEVARD DE L')";"49,6351700000";" -1,5864700000"
"202100056162";"1";"01";"2021";"06:26";"5";"49";"49015";"2";"1";"1";"6";"LANGEVIN RUE PAUL";"47,5180660000";" -0,6104390000"
"202100056163";"4";"01";"2021";"17:19";"1";"49";"49007";"2";"1";"2";"3";"LEMOINE";"47,4716500000";" -0,5415000000"
"202100056164";"4";"01";"2021";"13:48";"1";"49";"49007";"1";"1";"1";"7";"CANTENAY EPINARD ROUTE";"47,4972900000";" -0,5647500000"
"202100056165";"1";"01";"2021";"06:30";"3";"34";"34032";"1";"1";"1";"6";"ROUTE DE MURVIEL (RD.19 - SECT.3)";"43,3519000000";"3,2022300000"
"202100056166";"5";"01";"2021";"09:00";"1";"33";"33162";"2";"1";"8";"6";"Avenue de Saint-MÃ©dard";"44,8616500000";" -0,6436000000"
"202100056167";"4";"01";"2021";"14:55";"1";"26";"26362";"2";"1";"1";"3";"Avenue du Tricastin";"44,9325900000";"4,8857900000"
"202100056168";"5";"01";"2021";"17:30";"2";"17";"17142";"1";"3";"1";"3";"Rue du Pont";"46,1672000000";" -1,0922500000"
"202100056169";"5";"01";"2021";"17:30";"5";"13";"13208";"2";"1";"1";"6";"MICHELET (BOULEVARD)";"43,2659400000";"5,3953400000"
"202100056170";"4";"01";"2021";"18:30";"5";"13";"13210";"2";"1";"2";"2";"Avenue Florian";"43,2841049588";"5,4268498156"
"202100056171";"4";"01";"2021";"09:05";"1";"10";"10081";"2";"6";"8";"6";"JEAN JAURES (AVENUE)";"48,3104300000";"4,0394400000"
"202100056172";"5";"01";"2021";"23:20";"5";"06";"06088";"2";"2";"1";"3";"ARSON (RUE)";"43,7024500000";"7,2878100000"
"202100056173";"5";"01";"2021";"10:30";"1";"06";"06088";"2";"1";"8";"6";"DUBOUCHAGE (BD)";"43,7011570000";"7,2697020000"
"202100056174";"5";"01";"2021";"18:25";"4";"75";"75118";"2";"4";"1";"2";"ECHANGEUR CHAPELLE";"48,9008899341";"2,3639216648"
"202100056175";"4";"01";"2021";"18:40";"5";"75";"75112";"2";"1";"1";"4";"ECHANGEUR BERCY";"48,8281780000";"2,3961360000"
"202100056176";"5";"01";"2021";"18:20";"5";"75";"75120";"2";"1";"1";"6";"RUE DES PYRENEES";"48,8738800000";"2,3862930000"
"202100056177";"5";"01";"2021";"15:00";"1";"75";"75119";"2";"1";"8";"7";"RUE CURIAL";"48,8898332713";"2,3715407466"
"202100056178";"5";"01";"2021";"11:00";"1";"75";"75119";"2";"1";"1";"3";"BOULEVARD DE LA VILLETTE";"48,8755790000";"2,3731320000"
"202100056179";"5";"01";"2021";"09:50";"1";"75";"75119";"2";"2";"2";"6";"RUE RIQUET";"48,8883850000";"2,3741200000"
"202100056180";"4";"01";"2021";"19:40";"5";"75";"75118";"2";"3";"2";"6";"RUE DE SOFIA";"48,8844860000";"2,3494810000"
"202100056181";"4";"01";"2021";"17:30";"5";"75";"75118";"2";"1";"1";"6";"AVENUE DE LA PORTE DE MONTMARTRE";"48,8982400708";"2,3370677233"
"202100056182";"5";"01";"2021";"08:45";"2";"75";"75114";"2";"1";"2";"3";"BOULEVARD ARAGO";"48,8344745109";"2,3340743780"
"202100056183";"5";"01";"2021";"19:10";"3";"75";"75112";"2";"1";"1";"3";"ROUTE DE CEINTURE DU LAC DAUMESNIL";"48,8301720000";"2,4183100000"
"202100056184";"4";"01";"2021";"17:35";"5";"75";"75103";"2";"1";"1";"7";"RUE MICHEL LE COMTE";"48,8623960000";"2,3555220000"
"202100056185";"5";"01";"2021";"08:40";"2";"94";"94046";"2";"1";"1";"3";"GENERAL LECLERC (AV DU)";"48,8099830000";"2,4337490000"
"202100056186";"4";"01";"2021";"10:40";"1";"94";"94017";"2";"1";"8";"3";"GENERAL DE GAULLE (AV DU)";"48,8208200000";"2,4862500000"
"202100056187";"4";"01";"2021";"09:45";"1";"93";"93066";"2";"3";"8";"6";"""LANDY RD 20, NR IMPAIRS 1 A 144""";"48,9153731697";"2,3651259828"
"202100056188";"5";"01";"2021";"15:10";"1";"93";"93049";"2";"2";"2";"3";"VICTOR HUGO (RUE) GALLIENI->EGL ST HENRI";"48,8526500000";"2,5123800000"
"202100056189";"5";"01";"2021";"18:30";"5";"93";"93046";"2";"1";"1";"3";"MAURICE BERTHEAUX ALLEE";"48,9134113791";"2,5160032511"
"202100056190";"5";"01";"2021";"14:03";"1";"93";"93008";"2";"3";"1";"3";"VOSGES (RUE DES)";"48,9129300961";"2,4462742313"
"202100056191";"5";"01";"2021";"08:20";"1";"93";"93008";"2";"6";"2";"3";"VAILLANT COUTURIER (AVENUE PAUL)";"48,9082478415";"2,4523975911"
"202100056192";"5";"01";"2021";"12:25";"1";"93";"93001";"2";"2";"2";"6";"ANATOLE FRANCE  (BLD) IMPAIR";"48,9163180592";"2,3815694881"
"202100056193";"4";"01";"2021";"20:00";"5";"92";"92072";"2";"6";"2";"7";"EUROPE (AVENUE DE L')";"48,8242251599";"2,2121438384"
"202100056194";"4";"01";"2021";"19:30";"5";"92";"92050";"2";"3";"1";"3";"QUENTIN JULES AVENUE";"48,8962228854";"2,1887674366"
"202100056195";"5";"01";"2021";"06:25";"5";"75";"75117";"2";"2";"1";"2";"JEAN JAURES (BD) DE (1 A 45)   (2 A 54)";"48,8966730000";"2,3095770000"
"202100056196";"5";"01";"2021";"19:06";"5";"92";"92012";"2";"2";"1";"6";"DANJOU (RUE) 17/FIN - 20/FIN";"48,8336509767";"2,2479810648"
"202100056197";"4";"01";"2021";"20:00";"5";"92";"92002";"2";"2";"1";"3";"DIVISION LECLERC (53 A 217 - 58 A 186)";"48,7461160000";"2,3035270000"
"202100056198";"3";"01";"2021";"14:25";"1";"14";"14226";"1";"1";"8";"6";"D23";"48,9282232897";" -0,4034471512"
"202100056199";"6";"01";"2021";"07:30";"3";"41";"41206";"1";"1";"2";"2";"A10";"47,6512000000";"1,3739700000"
"202100056200";"6";"01";"2021";"13:05";"1";"58";"58193";"1";"1";"2";"6";"D957";"47,5286620000";"2,8846620000"
"202100056201";"6";"01";"2021";"10:30";"1";"66";"66021";"2";"1";"1";"6";"85 Avenue du Haut Vernet";"42,7312060000";"2,9286030000"
"202100056202";"4";"01";"2021";"20:13";"3";"33";"33316";"1";"1";"9";"6";"Lieu Dit Freminet";"44,7543950000";"0,1384070000"
"202100056203";"5";"01";"2021";"13:00";"1";"41";"41092";"1";"1";"8";"7";"D7";"47,4529260000";"1,3387660000"
"202100056204";"5";"01";"2021";"15:00";"1";"35";"35223";"2";"1";"1";"6";"Rue du Fief";"47,9999370000";" -2,1024590000"
"202100056205";"5";"01";"2021";"15:10";"1";"03";"03180";"1";"2";"1";"3";"D53-D105";"46,5096617381";"3,4638747167"
"202100056206";"6";"01";"2021";"15:45";"1";"50";"50402";"1";"3";"1";"3";"ZI des Costils";"49,5140430000";" -1,7939470000"
"202100056207";"6";"01";"2021";"14:45";"1";"64";"64443";"1";"1";"1";"7";"chemin du bois";"43,3595250000";" -0,5968240000"
"202100056208";"6";"01";"2021";"08:00";"2";"10";"10220";"1";"1";"1";"6";"D619";"48,5030570000";"3,7698130000"
"202100056209";"6";"01";"2021";"11:30";"1";"16";"16025";"1";"1";"2";"6";"La Croix de Cotterau";"45,3998660000";" -0,2513770000"
"202100056210";"6";"01";"2021";"17:35";"2";"16";"16418";"1";"1";"1";"1";"Rue de Montmoreau";"45,5881250000";"0,1499890000"
"202100056211";"5";"01";"2021";"18:00";"5";"37";"37132";"2";"3";"2";"3";"Rue des LÃ©zards";"47,1312710644";"0,9838305701"
"202100056212";"5";"01";"2021";"17:25";"1";"30";"30333";"1";"1";"1";"1";"N/A";"43,7698000000";"4,2420000000"
"202100056213";"5";"01";"2021";"15:55";"1";"13";"13007";"1";"1";"1";"2";"A520 pk 002.000";"43,3658280000";"5,6415220000"
"202100056214";"5";"01";"2021";"19:00";"3";"977";"97701";"1";"1";"1";"1";"Marigot";"17,9019662961";" -62,8330954313"
"202100056215";"5";"01";"2021";"15:25";"1";"95";"95446";"1";"1";"8";"7";"RD 151";"49,1163880000";"2,1809090000"
"202100056216";"6";"01";"2021";"17:50";"3";"84";"84078";"1";"9";"1";"1";"Route Nationale 7";"44,2621090000";"4,7047230000"
"202100056217";"5";"01";"2021";"14:00";"1";"13";"13015";"2";"1";"1";"6";"Avenue Thiers";"43,4473730000";"5,4196660000"
"202100056218";"5";"01";"2021";"18:16";"3";"73";"73303";"1";"1";"1";"7";"RD 109 lieu dit BANGE";"45,7559270000";"6,4446510000"
"202100056219";"5";"01";"2021";"17:30";"3";"44";"44035";"1";"9";"1";"2";"Route des HarmoniÃ¨res";"47,3174030000";" -1,5755460000"
"202100056220";"6";"01";"2021";"18:45";"3";"69";"69140";"1";"2";"1";"3";"MARCY (DE) (RTE)";"45,9021900000";"4,6765280000"
"202100056221";"4";"01";"2021";"16:45";"1";"14";"14047";"2";"1";"1";"6";"Avenue Conseil";"49,2770130000";" -0,7106300000"
"202100056222";"6";"01";"2021";"08:15";"1";"02";"02430";"2";"9";"1";"3";"22 Rue AbbÃ© DuployÃ©";"49,6110150000";"3,8070830000"
"202100056223";"6";"01";"2021";"15:40";"1";"59";"59052";"2";"1";"1";"6";"18Rue Jules Guesde";"50,5193220000";"2,8914330000"
"202100056224";"4";"01";"2021";"17:45";"5";"13";"13055";"1";"9";"1";"2";"A507 sens Aubagne- Marseille";"43,3295690892";"5,4129123696"
"202100056225";"5";"01";"2021";"18:35";"5";"13";"13055";"1";"1";"1";"6";"A507 sens Marseille - Aubagne";"43,2891660000";"5,4244570000"
"202100056226";"4";"01";"2021";"18:00";"5";"13";"13071";"1";"1";"1";"2";"A7-Sens Marseille vers Lyon";"43,4162770000";"5,2764290000"
"202100056227";"5";"01";"2021";"17:40";"5";"33";"33013";"1";"1";"1";"4";"ROUTE NATIONALE 230";"44,8684920000";" -0,5044970000"
"202100056228";"5";"01";"2021";"19:15";"3";"91";"91471";"1";"1";"1";"3";"RN 118";"48,6990000000";"2,1923000000"
"202100056229";"5";"01";"2021";"13:00";"1";"91";"91235";"1";"1";"1";"7";"RN 104";"48,6258535349";"2,3562412262"
"202100056230";"5";"01";"2021";"19:00";"3";"92";"92036";"1";"1";"1";"4";"RN315 Y";"48,9237957741";"2,3049858212"
"202100056231";"4";"01";"2021";"07:39";"1";"988";"98818";"2";"6";"1";"3";"RUE ARMAND OHLEN/RUE SUZANNE ULM";" -22,2569200000";"166,4624200000"
"202100056232";"4";"01";"2021";"21:00";"3";"974";"97411";"2";"9";"2";"7";"RN2/043";" -20,8951100000";"55,5028300000"
"202100056233";"2";"01";"2021";"19:00";"1";"974";"97411";"1";"1";"1";"3";"Avenue Leconte de Lisle";" -20,9019000000";"55,4871100000"
"202100056234";"4";"01";"2021";"13:40";"1";"69";"69259";"2";"1";"1";"6";"LEO LAGRANGE (R)";"45,6985100000";"4,8750700000"
"202100056235";"4";"01";"2021";"09:00";"1";"69";"69383";"2";"1";"1";"7";"Rue Baraban";"45,7597592289";"4,8679511094"
"202100056236";"4";"01";"2021";"17:00";"1";"972";"97209";"2";"2";"1";"3";"BISHOP (Avenue Maurice)";"14,6137300000";" -61,0522900000"
"202100056237";"4";"01";"2021";"16:55";"2";"2B";"2B033";"2";"1";"1";"6";"DANESI - BLD BENOITE";"42,6966600000";"9,4433100000"
"202100056238";"4";"01";"2021";"07:55";"1";"2B";"2B120";"2";"1";"1";"2";"11 - RT";"42,6495900000";"9,4405800000"
"202100056239";"4";"01";"2021";"16:20";"1";"91";"91027";"2";"2";"1";"3";"RUE ANATOLE FRANCE";"48,7110530000";"2,3828640000"
"202100056240";"4";"01";"2021";"18:50";"5";"86";"86194";"2";"1";"1";"6";"Rue de la MilÃ¨trie";"46,5632210000";"0,3815860000"
"202100056241";"2";"01";"2021";"14:50";"1";"86";"86194";"2";"1";"1";"3";"Rocade Sud Est";"46,5531680000";"0,3096840000"
"202100056242";"1";"01";"2021";"02:35";"3";"85";"85194";"2";"2";"1";"7";"Avenue Louis Breguet";"46,4894800000";" -1,7323000000"
"202100056243";"4";"01";"2021";"13:45";"1";"83";"83137";"2";"1";"2";"3";"STRASBOURG (BD DE )";"43,1251900000";"5,9310400000"
"202100056244";"4";"01";"2021";"07:45";"5";"77";"77296";"2";"1";"1";"6";"AV DE JATTEAU";"48,6319100000";"2,5803600000"
"202100056245";"2";"01";"2021";"17:30";"5";"76";"76540";"2";"1";"1";"4";"Boulevard de lâYser";"49,4473400000";"1,1034900000"
"202100056246";"1";"01";"2021";"15:15";"1";"76";"76351";"2";"3";"1";"1";"Rue Jules Avril";"49,4976400000";"0,0967900000"
"202100056247";"4";"01";"2021";"13:37";"1";"65";"65047";"2";"2";"1";"3";"JAURES (AVE JEAN)";"43,2332390995";"0,0919649005"
"202100056248";"4";"01";"2021";"07:50";"5";"64";"64445";"2";"6";"8";"3";"JEAN JACQUES DE MONAIX";"43,3037324938";" -0,3561113025"
"202100056249";"3";"01";"2021";"15:30";"1";"64";"64102";"2";"9";"2";"7";"PIECE NOYEE (ROND POINT DE LA)";"43,4989340000";" -1,4817580000"
"202100056250";"4";"01";"2021";"05:40";"5";"63";"63113";"2";"3";"1";"6";"FLAMENG (RUE)";"45,7573457532";"3,0970933971"
"202100056251";"3";"01";"2021";"19:38";"5";"63";"63075";"2";"1";"1";"6";"ROYAT (AVENUE DE)";"45,7727700000";"3,0604400000"
"202100056252";"4";"01";"2021";"16:05";"2";"62";"62617";"2";"6";"1";"6";"ROUTE NATIONALE (CD 937)";"50,4719400000";"2,6690800000"
"202100056253";"4";"01";"2021";"08:43";"2";"59";"59350";"2";"1";"2";"6";"DUNKERQUE AVENUE";"50,6456500000";"2,9857900000"
"202100056254";"1";"01";"2021";"04:30";"5";"59";"59489";"2";"1";"1";"6";"Rue Pasteur";"50,4342400000";"3,0872600000"
"202100056255";"3";"01";"2021";"14:45";"1";"56";"56121";"2";"1";"1";"6";"LOTE (RUE  RENE )";"47,7704500000";" -3,4038800000"
"202100056256";"4";"01";"2021";"17:50";"5";"54";"54395";"2";"1";"1";"1";"JUIN (AVENUE DU MARE";"48,6787900000";"6,1713100000"
"202100056257";"2";"01";"2021";"18:35";"5";"50";"50129";"2";"3";"1";"6";"PARIS (AVENUE DE)";"49,6288000000";" -1,6181600000"
"202100056258";"2";"01";"2021";"12:55";"1";"50";"50416";"1";"1";"8";"6";"BRETON (RUE DU)";"49,6540000000";" -1,7062000000"
"202100056259";"4";"01";"2021";"17:55";"5";"37";"37122";"2";"1";"2";"6";"BORDEAUX (AVENUE DE)";"47,3595486945";"0,6975245476"
"202100056260";"4";"01";"2021";"13:00";"1";"37";"37261";"2";"1";"1";"6";"198 Rue Auguste Chevallier";"47,3765852567";"0,6793337390"
"202100056261";"4";"01";"2021";"09:15";"1";"37";"37261";"2";"6";"2";"2";"TANNEURS (RUE DES)";"47,3954868367";"0,6773672971"
"202100056262";"4";"01";"2021";"17:30";"2";"35";"35238";"2";"1";"2";"3";"NANTES (RUE DE)";"48,0918600000";" -1,6918500000"
"202100056263";"4";"01";"2021";"07:23";"3";"35";"35278";"1";"1";"2";"3";"RD 137";"48,1756900000";" -1,7176400000"
"202100056264";"4";"01";"2021";"14:50";"1";"34";"34172";"2";"1";"1";"3";"TOULOUSE (AVENUE DE";"43,5935179716";"3,8599474115"
"202100056265";"1";"01";"2021";"12:15";"1";"31";"31555";"2";"1";"1";"3";"56 Impasse Barthe";"43,6310000000";"1,4403500000"
"202100056266";"4";"01";"2021";"08:00";"3";"27";"27701";"1";"1";"2";"2";"RD6015";"49,2569500000";"1,1691800000"
"202100056267";"3";"01";"2021";"15:57";"1";"25";"25580";"2";"1";"1";"6";"BLUM (PLACE LEON)";"47,4538000000";"6,8264400000"
"202100056268";"4";"01";"2021";"16:20";"1";"13";"13054";"2";"2";"8";"6";"JEAN MERMOZ (AV )";"43,4183050000";"5,2141520000"
"202100056269";"4";"01";"2021";"12:20";"1";"13";"13210";"2";"3";"2";"1";"CAPELETTE (AVENUE DE LA)";"43,2838150000";"5,4017910000"
"202100056270";"4";"01";"2021";"08:45";"1";"13";"13210";"2";"1";"3";"6";"PIERRE DOIZE  (RUE)";"43,2762940000";"5,4266520000"
"202100056271";"4";"01";"2021";"08:00";"2";"13";"13047";"2";"1";"4";"6";"RADOLFZELL AVENUE DE";"43,4991490000";"4,9874260000"
"202100056272";"4";"01";"2021";"10:25";"1";"13";"13004";"1";"9";"4";"5";"RTE DE TARASCON";"43,7268070000";"4,6416270000"
"202100056273";"2";"01";"2021";"15:41";"1";"05";"05061";"1";"4";"1";"3";"LUYE ( ROUTE DE LA )";"44,5177800000";"6,0642600000"
"202100056274";"1";"01";"2021";"21:00";"5";"05";"05061";"2";"6";"4";"3";"CARREFOUR DE L'EUROPE";"44,5548900000";"6,0747200000"
"202100056275";"4";"01";"2021";"05:52";"5";"75";"75120";"2";"2";"1";"6";"AVENUE DU PROFESSEUR ANDRE LEMIERE";"48,8543290000";"2,4152800000"
"202100056276";"4";"01";"2021";"18:25";"5";"75";"75119";"2";"3";"2";"3";"RUE MANIN";"48,8816830000";"2,3810550000"
"202100056277";"3";"01";"2021";"18:05";"5";"75";"75118";"2";"1";"1";"6";"BOULEVARD ORNANO";"48,8966510000";"2,3454340000"
"202100056278";"2";"01";"2021";"22:50";"5";"75";"75118";"2";"3";"1";"3";"RUE LEON";"48,8889610000";"2,3536030000"
"202100056279";"4";"01";"2021";"09:30";"1";"75";"75117";"2";"1";"8";"2";"BOULEVARD PERIPHERIQUE INTERIEUR OUEST";"48,8892040000";"2,2961690000"
"202100056280";"4";"01";"2021";"11:14";"1";"75";"75113";"2";"3";"2";"7";"BOULEVARD MASSENA";"48,8233920000";"2,3750210000"
"202100056281";"4";"01";"2021";"20:15";"5";"75";"75111";"2";"1";"8";"7";"BOULEVARD JULES FERRY";"48,8679940000";"2,3682920000"
"202100056282";"4";"01";"2021";"15:20";"1";"75";"75108";"2";"1";"1";"6";"RUE FRANCOIS 1ER";"48,8678050000";"2,3050840000"
"202100056283";"4";"01";"2021";"19:40";"5";"75";"75101";"2";"4";"1";"6";"AVENUE DE L OPERA";"48,8649640000";"2,3347680000"
"202100056284";"4";"01";"2021";"18:15";"5";"94";"94052";"2";"1";"1";"6";"COULMIERS (R DE)";"48,8419964227";"2,4915860965"
"202100056285";"4";"01";"2021";"14:40";"1";"94";"94046";"2";"1";"1";"3";"GENERAL LECLERC (AV DU)";"48,8099830000";"2,4337490000"
"202100056286";"4";"01";"2021";"13:25";"1";"94";"94073";"2";"9";"8";"5";"LUXEMBOURG (AV DU)";"48,7556300000";"2,3736200000"
"202100056287";"4";"01";"2021";"14:40";"1";"93";"93073";"2";"3";"8";"3";"DE SERRES (RUE OLIVIER)";"48,9470700000";"2,5727400000"
"202100056288";"3";"01";"2021";"15:00";"1";"93";"93066";"2";"2";"1";"1";"CASANOVA DANIELLE NR 52-SUIV ET 21-SUIV";"48,9265500000";"2,3660900000"
"202100056289";"2";"01";"2021";"18:15";"5";"93";"93066";"2";"1";"1";"2";"""LANDY RD 20, NR IMPAIRS 1 A 144""";"48,9153400000";"2,3568600000"
"202100056290";"4";"01";"2021";"08:10";"2";"93";"93055";"2";"3";"1";"3";"JULES AUFFRET (1/49 ET 2/54)";"48,8874996701";"2,4103069848"
"202100056291";"3";"01";"2021";"13:30";"1";"93";"93048";"2";"1";"1";"3";"BOISSIERE (BOULEVARD DE LA)";"48,8775000000";"2,4613000000"
"202100056292";"4";"01";"2021";"04:15";"5";"93";"93014";"2";"1";"2";"6";"COUBRON (ALLEE DE)";"48,9126475805";"2,5519191877"
"202100056293";"4";"01";"2021";"14:20";"1";"93";"93047";"2";"3";"1";"3";"BARGUE  (BOULEVARD)";"48,9030685520";"2,5622028552"
"202100056294";"4";"01";"2021";"18:12";"5";"93";"93007";"2";"1";"2";"6";"DIVISION LECLERC (AVENUE)";"48,9443000000";"2,4639500000"
"202100056295";"4";"01";"2021";"10:10";"1";"93";"93001";"2";"1";"1";"6";"VICTOR HUGO (AVE)  => 120";"48,9110263553";"2,3792587058"
"202100056296";"4";"01";"2021";"17:10";"2";"92";"92051";"2";"1";"8";"1";"CHATEAU (AVENUE DU) NÂ° 1 A 81";"48,8867515702";"2,2623445989"
"202100056297";"4";"01";"2021";"15:10";"1";"92";"92044";"2";"2";"1";"6";"MARIUS AUFAN(RUE) 1A67 ET 2A78";"48,8916500000";"2,2835900000"
"202100056298";"3";"01";"2021";"21:00";"5";"92";"92025";"2";"1";"1";"3";"COLBERT  55 A 113   42 A 102 (RUE)";"48,9164714100";"2,2313350439"
"202100056299";"5";"01";"2021";"09:07";"1";"07";"07181";"2";"1";"1";"4";"RD86";"44,7395930000";"4,7420220000"
"202100056300";"4";"01";"2021";"17:05";"2";"34";"34111";"2";"6";"1";"3";"rond point de l'Europe";"43,9322540000";"3,7112870000"
"202100056301";"4";"01";"2021";"17:40";"2";"34";"34270";"2";"6";"8";"6";"Route de Sete";"43,5834530000";"3,8487020000"
"202100056302";"4";"01";"2021";"19:15";"5";"95";"95149";"1";"6";"2";"7";"RD 316";"49,1271610000";"2,4299420000"
"202100056303";"4";"01";"2021";"17:40";"2";"56";"56061";"1";"1";"1";"1";"La Corderie";"47,7431830000";" -2,1173790000"
"202100056304";"5";"01";"2021";"15:00";"1";"76";"76419";"1";"1";"1";"6";"route de duclair";"49,3965630000";"0,8816210000"
"202100056305";"5";"01";"2021";"08:30";"1";"79";"79013";"1";"1";"8";"6";"Route de Bressuire";"46,9819730000";" -0,4554790000"
"202100056306";"4";"01";"2021";"17:20";"2";"71";"71310";"2";"1";"1";"6";"Avenue des Mouettes";"46,7383750000";"4,4750510000"
"202100056307";"4";"01";"2021";"14:50";"1";"47";"47283";"2";"1";"1";"2";"8 Avenue Principale";"44,4731980000";"0,9397440000"
"202100056308";"4";"01";"2021";"21:00";"3";"44";"44119";"1";"1";"9";"6";"La Breille";"46,9824190000";" -1,7551200000"
"202100056309";"5";"01";"2021";"08:30";"2";"29";"29260";"2";"1";"2";"6";"Rue du Pont-de-Bois";"48,4334280000";" -4,6207140000"
"202100056310";"5";"01";"2021";"18:30";"5";"50";"50615";"2";"1";"3";"6";"VOIE DE LA LIBERTE";"49,5155240000";" -1,4796840000"
"202100056311";"4";"01";"2021";"15:45";"1";"43";"43159";"1";"1";"4";"1";"Route d'Aulagny";"45,1727340000";"4,2952570000"
"202100056312";"4";"01";"2021";"16:40";"1";"24";"24520";"2";"1";"1";"3";"RD 704";"44,8750500000";"1,2246860000"
"202100056313";"4";"01";"2021";"21:55";"5";"976";"97605";"2";"1";"1";"1";"Quartier Ourini";" -12,8332000000";"45,1169500000"
"202100056314";"4";"01";"2021";"14:45";"1";"59";"59236";"1";"1";"1";"7";"Autoroute A26";"50,1383070390";"3,1378474544"
"202100056315";"4";"01";"2021";"18:08";"5";"77";"77437";"2";"1";"2";"5";"rue galliÃ©ni";"49,0371930000";"2,8001400000"
"202100056316";"5";"01";"2021";"08:00";"2";"16";"16078";"1";"1";"1";"2";"N/A";"45,6921390000";"0,2346510000"
"202100056317";"2";"01";"2021";"18:30";"5";"44";"44168";"2";"1";"1";"3";"16 Rue Louis Pasteur";"47,3777890000";" -2,1976410000"
"202100056318";"5";"01";"2021";"12:20";"1";"60";"60395";"2";"1";"2";"6";"Rue Salentin";"49,2396750000";"2,1326700000"
"202100056319";"4";"01";"2021";"07:45";"2";"59";"59581";"1";"1";"2";"1";"rue de la lys";"50,6722030000";"2,7848840000"
"202100056320";"4";"01";"2021";"19:00";"3";"94";"94076";"1";"1";"1";"6";"AUTOROUTE A6B";"48,7969892466";"2,3446454398"
"202100056321";"4";"01";"2021";"08:30";"2";"93";"93064";"1";"1";"2";"4";" A103";"48,8867200000";"2,4808000000"
"202100056322";"4";"01";"2021";"21:50";"3";"93";"93064";"1";"1";"1";"5";"A86.INT";"48,8629577970";"2,4828028678"
"202100056323";"3";"01";"2021";"23:34";"3";"77";"77495";"1";"1";"2";"6";"A5b";"48,5819400000";"2,6376000000"
"202100056324";"3";"01";"2021";"11:28";"1";"988";"98818";"2";"3";"1";"2";"RUE ARNOLD DALY/RUE MILLOT";" -22,2743000000";"166,4769800000"
"202100056325";"3";"01";"2021";"08:15";"1";"974";"97416";"2";"3";"1";"3";"PRESBYTERE(RUE)";" -21,3363000000";"55,4779000000"
"202100056326";"3";"01";"2021";"19:20";"5";"973";"97302";"2";"1";"1";"3";"11 NOVEMBRE";"4,9340900000";" -52,3292700000"
"202100056327";"3";"01";"2021";"17:30";"5";"69";"69383";"2";"5";"1";"6";"GAMBETTA (CO)";"45,7553000000";"4,8430200000"
"202100056328";"3";"01";"2021";"08:45";"1";"972";"97213";"2";"1";"1";"7";"ROUTE DEPARTEMENTALE 15";"14,6457100000";" -61,0101800000"