"Num_Acc";"jour";"mois";"an";"hrmn";"lum";"dep";"com";"agg";"int";"atm";"col";"adr";"lat";"long"
"202100056329";"2";"01";"2021";"22:06";"4";"972";"97213";"1";"1";"1";"6";"AUTOROUTE A1";"14,6179500000";" -61,0305600000"
"202100056330";"1";"01";"2021";"08:40";"1";"69";"69389";"2";"6";"2";"6";"BOURGOGNE (DE)                      (R )";"45,7815600000";"4,8002700000"
"202100056331";"2";"01";"2021";"22:27";"5";"95";"95500";"1";"9";"8";"1";"VIOSNE (BOULEVARD DE LA)";"49,0514590794";"2,0813735588"
"202100056332";"3";"01";"2021";"19:05";"3";"91";"91425";"1";"6";"1";"2";"RTE DES TEMPLIERS";"48,6477260000";"2,2748320000"
"202100056333";"3";"01";"2021";"12:25";"1";"77";"77350";"2";"6";"1";"3";"AV DU ROND BUISSON";"48,7735510000";"2,6860830000"
"202100056334";"3";"01";"2021";"13:30";"1";"69";"69290";"2";"1";"1";"1";"ARSONVAL (D') (R)";"45,7008519672";"4,9316436052"
"202100056335";"3";"01";"2021";"00:00";"5";"69";"69029";"2";"5";"1";"3";"GENERAL DE GAULLE                   (AV)";"45,7272100000";"4,9279900000"
"202100056336";"3";"01";"2021";"08:10";"5";"64";"64260";"2";"4";"2";"3";"LISSARDY ( AVENUE DE)";"43,3700990000";" -1,7585410000"
"202100056337";"3";"01";"2021";"12:30";"1";"59";"59560";"2";"1";"1";"6";"DUPORT CHARLES RUE";"50,5428124923";"3,0353040621"
"202100056338";"3";"01";"2021";"15:55";"1";"59";"59143";"1";"1";"1";"1";"ROUTE DEPARTEMENTALE 945";"50,6635430000";"2,9044720000"
"202100056339";"3";"01";"2021";"15:20";"1";"54";"54431";"2";"1";"2";"7";"BOIS LE PRETRE (RUE DU)";"48,9139100000";"6,0441100000"
"202100056340";"2";"01";"2021";"15:10";"1";"15";"15014";"2";"2";"1";"3";"PRADES (AVENUE DES)";"44,9165000000";"2,4367300000"
"202100056341";"3";"01";"2021";"19:15";"5";"13";"13206";"2";"2";"2";"3";"GRIGNAN (RUE)";"43,2922100000";"5,3772800000"
"202100056342";"3";"01";"2021";"18:25";"2";"13";"13210";"2";"1";"2";"3";"CAPELETTE (AVENUE DE LA)";"43,2808180000";"5,4073360000"
"202100056343";"3";"01";"2021";"01:10";"5";"13";"13209";"2";"1";"2";"2";"MICHELET (BOULEVARD)";"43,2609240000";"5,3978670000"
"202100056344";"2";"01";"2021";"09:40";"1";"13";"13208";"2";"1";"3";"3";"GASTON CREMIEUX (RUE)";"43,2789900000";"5,3801540000"
"202100056345";"2";"01";"2021";"11:10";"1";"75";"75117";"2";"1";"9";"7";"RUE CARDINET";"48,8875110000";"2,3143650000"
"202100056346";"3";"01";"2021";"18:20";"5";"94";"94043";"2";"1";"1";"7";"FONTAINEBLEAU (AV DE)";"48,8104900000";"2,3619400000"
"202100056347";"3";"01";"2021";"19:00";"5";"94";"94053";"2";"1";"2";"6";"PIERRE BROSSOLETTE (R)";"48,7762900000";"2,5461100000"
"202100056348";"3";"01";"2021";"16:10";"2";"92";"92073";"2";"1";"1";"3";"JAURES (AVENUE JEAN)";"48,8634100000";"2,2094000000"
"202100056349";"3";"01";"2021";"20:00";"5";"92";"92049";"2";"1";"2";"6";"DORMOY AVENUE MARX NÂ°2 A 100";"48,8099420688";"2,3168089986"
"202100056350";"3";"01";"2021";"01:10";"5";"92";"92007";"2";"1";"1";"6";"PLUCHET (RUE ALPHONSE)";"48,7992000000";"2,3003200000"
"202100056351";"4";"01";"2021";"17:15";"2";"80";"80016";"2";"2";"2";"3";"rue des dÃ©portÃ©s";"49,9938016887";"2,6527959108"
"202100056352";"2";"01";"2021";"18:15";"3";"37";"37077";"1";"1";"1";"6";"route de la bruyÃ¨re";"47,3590036168";"0,4381066561"
"202100056353";"3";"01";"2021";"09:50";"1";"88";"88423";"1";"3";"1";"3";"Rue de Lorraine - RD 415 PK 6+500";"48,2237110000";"6,9461700000"
"202100056354";"4";"01";"2021";"08:37";"2";"34";"34095";"1";"1";"8";"5";"Route Departementale 613";"43,5444030000";"3,7734070000"
"202100056355";"3";"01";"2021";"23:15";"3";"77";"77239";"1";"1";"4";"6";"6 Rue du Corbier";"48,6826590000";"3,1247360000"
"202100056356";"4";"01";"2021";"21:00";"3";"61";"61474";"1";"1";"8";"7";"Lieu Dit le Pavillon du Puits";"48,7717610000";"0,0367140000"
"202100056357";"3";"01";"2021";"18:00";"3";"49";"49228";"1";"3";"1";"3";"CD 766";"47,5136360000";"0,1021600000"
"202100056358";"3";"01";"2021";"21:05";"3";"46";"46231";"1";"1";"9";"6";"Lieu Dit Inganels";"44,4953730000";"1,1157770000"
"202100056359";"4";"01";"2021";"18:30";"3";"34";"34224";"1";"2";"1";"3";"D909";"43,4517040000";"3,2087370000"
"202100056360";"4";"01";"2021";"05:05";"3";"29";"29274";"1";"1";"1";"6";"D782 -  Lieu dit Kergall";"48,0159010000";" -3,7349550000"
"202100056361";"4";"01";"2021";"17:20";"2";"14";"14621";"1";"1";"2";"6";"Route de Fervaques";"49,0441410000";"0,3527640000"
"202100056362";"4";"01";"2021";"08:20";"1";"64";"64138";"2";"3";"1";"1";"Impasse Cap-sus";"43,2309460000";" -0,2765840000"
"202100056363";"2";"01";"2021";"15:30";"1";"07";"07110";"2";"1";"1";"6";"Avenue Plan-bernard";"44,4798860000";"4,2339570000"
"202100056364";"3";"01";"2021";"18:45";"3";"40";"40075";"1";"1";"4";"4";"Autoroute A63 PK 115+200 sens BORDEAUX/BAYONNE";"43,8809240000";" -1,1311300000"
"202100056365";"4";"01";"2021";"07:35";"3";"67";"67101";"1";"1";"1";"2";"A352";"48,5201970000";"7,5025190000"
"202100056366";"4";"01";"2021";"05:15";"3";"30";"30116";"1";"1";"4";"2";"Autoroute A9 PK 33+100";"43,9269540000";"4,5912120000"
"202100056367";"3";"01";"2021";"18:30";"3";"13";"13051";"1";"1";"1";"2";"A7";"43,5903540000";"5,1869980000"
"202100056368";"2";"01";"2021";"16:41";"2";"13";"13105";"1";"1";"5";"2";"A7";"43,7497380000";"5,0844380000"
"202100056369";"2";"01";"2021";"03:30";"5";"988";"98825";"2";"1";"3";"6";"RT1 Pouembout";" -21,1182400000";"164,9004200000"
"202100056370";"1";"01";"2021";"10:20";"1";"988";"98811";"1";"1";"3";"7";"Route d'AtÃ©ou";" -20,9666890000";"164,9115440000"
"202100056371";"3";"01";"2021";"11:45";"1";"988";"98809";"1";"1";"1";"7";"RM1";" -22,6200130000";"167,4470470000"
"202100056372";"4";"01";"2021";"08:05";"2";"91";"91338";"2";"1";"5";"1";"Rue d'Orsay";"48,6517670000";"2,0743130000"
"202100056373";"4";"01";"2021";"19:50";"5";"84";"84092";"2";"1";"8";"3";"41 Avenue ThÃ©ophile Delorme";"43,9637640000";"4,8582340000"
"202100056374";"1";"01";"2021";"12:00";"1";"38";"38529";"1";"1";"4";"4";"Route de PrÃ©mol";"45,1082500000";"5,8423200000"
"202100056375";"4";"01";"2021";"08:15";"2";"16";"16146";"1";"1";"5";"6";"Route de Marthon";"45,6166260000";"0,2764930000"
"202100056376";"3";"01";"2021";"10:10";"1";"59";"59618";"2";"1";"1";"7";"Rue de Maubeuge";"50,3290730000";"4,0389560000"
"202100056377";"2";"01";"2021";"15:15";"1";"13";"13071";"1";"1";"8";"3";"A5502D-Sens Marseille vers A55-Martigues";"43,4046600000";"5,3035200000"
"202100056378";"3";"01";"2021";"04:40";"5";"42";"42218";"1";"9";"9";"3";"RN488";"45,4415673330";"4,4354260696"
"202100056379";"3";"01";"2021";"16:00";"2";"91";"91340";"1";"1";"1";"2";"AUTOROUTE A6";"48,5966800000";"2,4419500000"
"202100056380";"2";"01";"2021";"20:30";"3";"91";"91471";"1";"1";"9";"4";"RN 118";"48,7141000000";"2,1756800000"
"202100056381";"1";"01";"2021";"22:30";"5";"91";"91377";"2";"1";"1";"3";"RN20";"48,7191500000";"2,2988100000"
"202100056382";"3";"01";"2021";"11:05";"1";"78";"78043";"1";"1";"1";"2";"A12 W";"48,8406500000";"2,0965000000"
"202100056383";"3";"01";"2021";"20:50";"3";"93";"93007";"1";"1";"2";"6";"AUTOROUTE A1";"48,9494000000";"2,4470400000"
"202100056384";"3";"01";"2021";"19:20";"4";"93";"93010";"1";"1";"1";"2";"AUTOROUTE A3";"48,9148600000";"2,4774600000"
"202100056385";"3";"01";"2021";"17:30";"2";"95";"95527";"1";"1";"1";"6";" A1";"49,0087200000";"2,5277500000"
"202100056386";"3";"01";"2021";"07:58";"1";"988";"98818";"2";"2";"1";"3";"RUE JACQUES IEKAWE/RUE ARMAND OHLEN";" -22,2483900000";"166,4637900000"
"202100056387";"2";"01";"2021";"19:00";"5";"976";"97611";"2";"1";"1";"2";"kaweni-Lazerevouni ( rue )";" -12,7736200000";"45,2228800000"
"202100056388";"1";"01";"2021";"22:00";"5";"69";"69387";"2";"2";"1";"3";"Avenue Berthelot";"45,7463000000";"4,8384000000"
"202100056389";"2";"01";"2021";"18:45";"5";"972";"97209";"2";"1";"1";"2";"SAINT-CHRISTOPHE (RUE)";"14,6118100000";" -61,0526300000"
"202100056390";"1";"01";"2021";"16:10";"1";"972";"97209";"1";"4";"1";"6";"RELIGIEUSES (ROUTE DES)";"14,6179800000";" -61,0569200000"
"202100056391";"1";"01";"2021";"14:40";"1";"972";"97209";"2";"1";"1";"1";"SOLEIL LEVANT (BOULEVARD DU)";"14,6183400000";" -61,0456200000"
"202100056392";"1";"01";"2021";"20:14";"5";"69";"69381";"2";"3";"1";"3";"JEAN MOULIN                         (QU)";"45,7662013546";"4,8380707204"
"202100056393";"1";"01";"2021";"19:12";"5";"971";"97128";"1";"3";"1";"3";"ROUTE DE BOISVINS";"16,2631982080";" -61,4091968536"
"202100056394";"1";"01";"2021";"12:50";"1";"95";"95277";"2";"1";"1";"6";"Avenue de la Plaine de France";"48,9763300000";"2,4991900000"
"202100056395";"1";"01";"2021";"22:10";"3";"91";"91339";"2";"1";"1";"6";"AV ROBERT BENOIST";"48,6335200000";"2,2650400000"
"202100056396";"1";"01";"2021";"16:25";"1";"74";"74298";"1";"1";"2";"1";"PONT DE LA MENOGE";"46,1700000000";"6,2661800000"
"202100056397";"1";"01";"2021";"17:25";"2";"71";"71153";"2";"2";"1";"3";"Route de Saint-Sernin";"46,8245700000";"4,4333300000"
"202100056398";"1";"01";"2021";"03:30";"5";"69";"69266";"2";"4";"2";"2";"EMILE ZOLA     (Cours)";"45,7700100000";"4,8768200000"
"202100056399";"2";"01";"2021";"08:45";"1";"64";"64122";"2";"1";"1";"6";"9 Rue du Reptou";"43,4718900000";" -1,5562400000"
"202100056400";"2";"01";"2021";"19:20";"5";"64";"64024";"2";"1";"1";"4";"Boulevard du B.a.b.";"43,4938600000";" -1,5243900000"
"202100056401";"1";"01";"2021";"19:45";"5";"59";"59512";"2";"1";"1";"6";"MULHOUSE (BOULEVARD DE)";"50,6872200000";"3,1975100000"
"202100056402";"1";"01";"2021";"02:00";"5";"59";"59360";"2";"2";"8";"3";"GHESQUIERE HENRI RUE";"50,6115100000";"3,0237900000"
"202100056403";"2";"01";"2021";"14:50";"1";"54";"54395";"2";"1";"1";"2";"ALBERT 1ER  (BD)";"48,6993168365";"6,1660364270"
"202100056404";"1";"01";"2021";"16:55";"5";"54";"54395";"2";"2";"1";"3";"MOUILLERON (RUE GABRIEL)";"48,6849869839";"6,1760189384"
"202100056405";"2";"01";"2021";"00:50";"5";"38";"38185";"2";"2";"2";"6";"Rue FÃ©lix Esclangon";"45,1932000000";"5,7087500000"
"202100056406";"1";"01";"2021";"03:30";"5";"37";"37261";"2";"1";"1";"6";"PONT CHER (AVENUE DE)";"47,3684742906";"0,6762705303"
"202100056407";"2";"01";"2021";"18:00";"3";"29";"29051";"1";"1";"1";"5";"D15 - Route de Coray";"48,0120000000";" -4,0168000000"
"202100056408";"1";"01";"2021";"13:20";"1";"29";"29232";"2";"2";"1";"5";"D783 - Avenue de Ty Bos";"47,9772306739";" -4,0698666571"
"202100056409";"2";"01";"2021";"19:25";"3";"29";"29151";"1";"1";"3";"7";"N12 - Pr 16+400";"48,5876900000";" -3,8063300000"
"202100056410";"1";"01";"2021";"21:10";"5";"29";"29019";"2";"3";"1";"3";"Rue RenÃ© Guillamot";"48,4109930000";" -4,4852402000"
"202100056411";"1";"01";"2021";"01:40";"3";"27";"27554";"1";"1";"5";"6";"ROUEN (AVENUE DE)";"49,1206849398";"1,4413575092"
"202100056412";"2";"01";"2021";"12:30";"1";"13";"13204";"2";"2";"3";"3";"MARÃCHAL JUIN (BOULEVARD)";"43,3138151287";"5,4058302279"
"202100056413";"1";"01";"2021";"20:32";"5";"13";"13206";"2";"1";"1";"3";"PARADIS (RUE)";"43,2857000000";"5,3800600000"
"202100056414";"1";"01";"2021";"14:10";"1";"13";"13206";"2";"7";"1";"3";"GOUFFE (COURS)";"43,2859840000";"5,3874740000"
"202100056415";"1";"01";"2021";"15:50";"1";"13";"13028";"2";"1";"1";"2";"WILSON (AVENUE PRESIDENT)";"43,1831100000";"5,6161400000"
"202100056416";"1";"01";"2021";"13:51";"1";"06";"06027";"2";"1";"2";"7";"ZIEM AVENUE";"43,6640700000";"7,1577400000"
"202100056417";"2";"01";"2021";"18:50";"5";"75";"75112";"2";"1";"1";"4";"PORTE DOREE";"48,8378770000";"2,4127210000"
"202100056418";"1";"01";"2021";"20:55";"5";"75";"75119";"2";"2";"1";"6";"AVENUE SECRETAN";"48,8812300000";"2,3732330000"
"202100056419";"1";"01";"2021";"11:15";"1";"75";"75118";"2";"1";"1";"5";"ECHANGEUR CHAPELLE";"48,9006060000";"2,3587820000"
"202100056420";"1";"01";"2021";"01:00";"5";"75";"75118";"2";"5";"1";"6";"RUE DU PROFESSEUR GOSSET";"48,9012620000";"2,3441210000"
"202100056421";"2";"01";"2021";"12:00";"1";"75";"75116";"2";"2";"1";"6";"AVENUE THEOPHILE GAUTIER";"48,8482210000";"2,2698860000"
"202100056422";"2";"01";"2021";"14:00";"1";"75";"75107";"2";"3";"1";"3";"RUE DE SEVRES";"48,8461110000";"2,3142480000"
"202100056423";"1";"01";"2021";"19:10";"5";"75";"75113";"2";"1";"1";"3";"RUE DE TOLBIAC";"48,8286270000";"2,3732090000"
"202100056424";"2";"01";"2021";"15:40";"1";"75";"75110";"2";"1";"8";"3";"RUE DES ECLUSES SAINT MARTIN";"48,8769050000";"2,3665940000"
"202100056425";"1";"01";"2021";"19:20";"5";"75";"75110";"2";"1";"1";"3";"RUE LOUIS BLANC";"48,8792160000";"2,3686000000"
"202100056426";"2";"01";"2021";"16:15";"1";"75";"75108";"2";"7";"1";"7";"PLACE DE LA CONCORDE";"48,8648160000";"2,3221290000"
"202100056427";"2";"01";"2021";"19:50";"5";"94";"94003";"2";"1";"1";"2";"LAPLACE (AV)";"48,8080500000";"2,3329100000"
"202100056428";"2";"01";"2021";"11:45";"1";"94";"94038";"2";"1";"1";"7";"Rue Paul Hochart";"48,7759400000";"2,3572000000"
"202100056429";"1";"01";"2021";"09:45";"1";"94";"94011";"2";"1";"4";"2";"Rue Pierre SÃ©mard";"48,7633050000";"2,4799890000"
"202100056430";"2";"01";"2021";"20:15";"5";"94";"94015";"2";"1";"1";"1";"Boulevard Jean Monnet";"48,8309100000";"2,5315820000"
"202100056431";"1";"01";"2021";"19:55";"5";"94";"94017";"2";"3";"1";"6";"STALINGRAD (BD DE)";"48,8256800000";"2,4953300000"
"202100056432";"1";"01";"2021";"06:15";"5";"95";"95527";"1";"1";"2";"1";"Route de lâArpenteur";"49,0150276091";"2,5304281712"
"202100056433";"2";"01";"2021";"16:15";"1";"93";"93066";"2";"1";"1";"6";"WILSON (AVENUE DU PRESIDENT)";"48,9120000000";"2,3580000000"
"202100056434";"2";"01";"2021";"09:50";"1";"93";"93048";"2";"2";"1";"6";"THEOPHILE SUEUR (BOULEVARD)";"48,8629000000";"2,4663000000"
"202100056435";"1";"01";"2021";"13:05";"1";"93";"93046";"2";"1";"2";"6";"MARECHAL LECLERC AVENUE";"48,9206300000";"2,5403200000"
"202100056436";"2";"01";"2021";"19:50";"5";"93";"93031";"2";"1";"2";"3";"CLAUDE DEBUSSY";"48,9471500000";"2,3427000000"
"202100056437";"1";"01";"2021";"17:00";"1";"93";"93014";"2";"2";"1";"2";"SEVIGNE (AVENUE DE)";"48,9127000000";"2,5400500000"
"202100056438";"2";"01";"2021";"10:10";"1";"93";"93010";"2";"1";"1";"4";"FRANCE (AV. ANATOLE) DE 79 ET 80 A FIN";"48,8915218100";"2,4967023753"
"202100056439";"1";"01";"2021";"09:20";"1";"93";"93010";"2";"1";"4";"6";"VARAGNAT (AVENUE HENRI)";"48,9151787020";"2,4841018168"
"202100056440";"1";"01";"2021";"05:10";"5";"92";"92072";"2";"1";"1";"2";"GRANDE RUE";"48,8252705555";"2,2154161334"
"202100056441";"2";"01";"2021";"17:20";"5";"92";"92025";"2";"2";"2";"6";"CHARLES DE GAULLE (BD)";"48,9144516676";"2,2289591336"
"202100056442";"2";"01";"2021";"14:40";"1";"92";"92012";"2";"2";"1";"3";"REPUBLIQUE (BOULEVARD DE LA) 5/77BIS - 6";"48,8310700000";"2,2572300000"
"202100056443";"1";"01";"2021";"14:30";"1";"92";"92002";"2";"2";"8";"3";"PRESIDENT KENNEDY (50 A LA FIN)";"48,7362449703";"2,2917700107"
"202100056444";"1";"01";"2021";"03:30";"3";"974";"97415";"1";"1";"1";"1";"Chemin Lambert (sans Souci)";" -20,9744030000";"55,3276850000"
"202100056445";"2";"01";"2021";"15:25";"1";"35";"35013";"1";"1";"8";"7";"La Chevalleraye";"47,6824080000";" -2,0921440000"
"202100056446";"2";"01";"2021";"16:20";"1";"12";"12140";"1";"1";"1";"6";"Les Croups";"44,3619520000";"1,9327030000"
"202100056447";"1";"01";"2021";"06:05";"3";"01";"01005";"1";"1";"2";"6";"D904";"45,9982540000";"4,9322700000"
"202100056448";"2";"01";"2021";"12:54";"1";"974";"97401";"1";"9";"1";"6";"55 CD 11";" -21,2542520000";"55,3484880000"
"202100056449";"2";"01";"2021";"10:20";"1";"972";"97218";"1";"9";"1";"3";"Nationale 3";"14,7540090000";" -61,1077700000"
"202100056450";"3";"01";"2021";"19:10";"3";"29";"29053";"1";"1";"1";"5";"RN 165 - PR: 091+600 en direction de Brest";"48,3014477225";" -4,1790758647"
"202100056451";"2";"01";"2021";"14:00";"1";"22";"22020";"1";"1";"3";"7";"PK 11+800";"48,3248280000";" -2,2571970000"
"202100056452";"2";"01";"2021";"14:45";"1";"50";"50487";"1";"1";"1";"6";"A84";"48,5197600000";" -1,3479280000"
"202100056453";"1";"01";"2021";"16:30";"2";"56";"56190";"2";"1";"1";"3";"Rue de la Belle Aurore";"47,9839400000";" -2,7487170000"
"202100056454";"2";"01";"2021";"08:35";"2";"76";"76183";"2";"1";"2";"6";"Route de Fecamp";"49,7493800000";"0,4473500000"
"202100056455";"1";"01";"2021";"19:05";"3";"80";"80825";"1";"1";"9";"6";"D936";"49,9594075089";"1,8430694944"
"202100056456";"3";"01";"2021";"14:15";"1";"82";"82124";"2";"2";"1";"3";"Rue Pierre Bonhoure";"44,0097580000";"1,2866450000"
"202100056457";"1";"01";"2021";"16:30";"1";"89";"89397";"1";"2";"5";"3";"D3";"47,8439775913";"3,2380137269"
"202100056458";"2";"01";"2021";"18:50";"3";"61";"61007";"1";"1";"2";"6";"Le Petit Val Athis";"48,7682750000";" -0,5015620000"
"202100056459";"1";"01";"2021";"03:30";"3";"47";"47239";"1";"1";"1";"6";"Pontet";"44,4119814193";"0,5661145448"
"202100056460";"2";"01";"2021";"11:28";"1";"44";"44154";"2";"2";"1";"6";"Avenue de la MicheliÃ¨re";"47,2448730000";" -2,1667960000"
"202100056461";"3";"01";"2021";"15:20";"1";"29";"29158";"1";"3";"1";"1";"Hent Maner Ar Ster";"47,8007080000";" -4,3290720000"
"202100056462";"3";"01";"2021";"02:30";"3";"31";"31107";"2";"1";"1";"6";"Route de Longages";"43,3101160000";"1,2246320000"
"202100056463";"2";"01";"2021";"11:30";"1";"01";"01408";"1";"2";"1";"5";"Pont de Marcou";"46,2464100000";"5,4232550000"
"202100056464";"3";"01";"2021";"02:00";"3";"70";"70504";"1";"1";"2";"6";"D8";"47,6121300000";"5,9641920000"
"202100056465";"3";"01";"2021";"11:30";"1";"64";"64498";"1";"2";"9";"7";"Chemin de Montaut";"43,1454570000";" -0,1490310000"
"202100056466";"2";"01";"2021";"12:35";"1";"973";"97307";"2";"1";"8";"6";"Route Nationale 2";"4,8466640000";" -52,3334810000"
"202100056467";"2";"01";"2021";"11:00";"1";"06";"06088";"1";"1";"2";"3";"A8 PK 185+800 SUD";"43,6693000000";"7,2007600000"
"202100056468";"2";"01";"2021";"15:00";"2";"38";"38052";"1";"1";"1";"3";"D1091";"45,1144350000";"6,0052140000"
"202100056469";"1";"01";"2021";"11:20";"1";"38";"38212";"1";"1";"4";"1";"D1091";"45,0824600000";"5,8971260000"
"202100056470";"3";"01";"2021";"00:10";"3";"971";"97116";"1";"1";"1";"1";"Route Pierre Monnerville";"16,3158530000";" -61,4812200000"
"202100056471";"3";"01";"2021";"11:15";"1";"971";"97128";"2";"3";"1";"3";"Boulevard Hegesipe Ibene";"16,2245900000";" -61,3794830000"
"202100056472";"2";"01";"2021";"18:15";"3";"971";"97102";"1";"1";"1";"6";"GuÃ©ry";"16,4513060000";" -61,4783390000"
"202100056473";"1";"01";"2021";"12:30";"1";"971";"97118";"2";"1";"1";"6";"Chemin de Morne Bourg";"16,1865690000";" -61,5987220000"
"202100056474";"2";"01";"2021";"02:00";"5";"977";"97701";"2";"1";"1";"1";"rt209, face aÃ©roport, st jean";"17,9033180000";" -62,8443340000"
"202100056475";"1";"01";"2021";"16:10";"1";"972";"97228";"1";"1";"1";"1";"RD15, Rue du Souvenir";"14,7497710000";" -61,0222450000"
"202100056476";"2";"01";"2021";"16:45";"1";"29";"29233";"2";"2";"1";"6";"Boulevard Alexandra David-Neel";"47,8676730000";" -3,5743790000"
"202100056477";"1";"01";"2021";"09:50";"1";"38";"38072";"1";"1";"1";"7";"Route de Grenoble";"45,3134000000";"4,8215800000"
"202100056478";"1";"01";"2021";"20:05";"2";"35";"35149";"1";"2";"1";"3";"carrefour des quatres vents";"47,9732030000";" -1,8479450000"
"202100056479";"1";"01";"2021";"23:14";"5";"60";"60002";"2";"6";"1";"7";"rond point du gros poirier";"49,3650561872";"2,1624966859"
"202100056480";"2";"01";"2021";"14:15";"1";"02";"02498";"1";"2";"1";"3";"Carrefour de la Paix";"49,5681410000";"3,8291880000"
"202100056481";"2";"01";"2021";"18:00";"3";"80";"80395";"1";"3";"5";"1";"Rue de la ChaussÃ©e";"49,6956450000";"2,6532470000"
"202100056482";"3";"01";"2021";"14:10";"1";"59";"59011";"2";"3";"2";"3";"Rue de Touraine";"50,5199890000";"2,9321270000"
"202100056483";"2";"01";"2021";"13:37";"1";"91";"91689";"1";"1";"1";"4";"AUTOROUTE A6";"48,7299900000";"2,3147400000"
"202100056484";"2";"01";"2021";"00:35";"3";"91";"91689";"1";"1";"1";"2";"AUTOROUTE A6";"48,7265200000";"2,3132800000"
"202100056485";"2";"01";"2021";"13:15";"1";"92";"92047";"1";"1";"1";"2";"A13";"48,8352410570";"2,1770575759"
"202100056486";"1";"01";"2021";"18:15";"1";"92";"92047";"1";"1";"1";"4";"A13";"48,8357700000";"2,1806900000"
"202100056487";"1";"01";"2021";"05:30";"3";"92";"92025";"1";"1";"4";"6";"A86";"48,9284500000";"2,2392000000"
"202100056488";"2";"01";"2021";"19:40";"3";"93";"93010";"1";"1";"1";"7";"AUTOROUTE A3";"48,9004100000";"2,4695300000"
"202100056489";"2";"01";"2021";"15:30";"1";"93";"93066";"1";"1";"1";"3";"A1";"48,9067300000";"2,3585500000"
"202100056490";"2";"01";"2021";"15:00";"1";"93";"93029";"1";"1";"1";"2";" A86";"48,9182200000";"2,4288000000"
"202100056491";"2";"01";"2021";"13:00";"1";"95";"95572";"1";"1";"1";"2";" A15";"49,0340100000";"2,1027600000"
"202100056492";"1";"01";"2021";"22:00";"3";"93";"93007";"1";"1";"9";"6";"AUTOROUTE A1";"48,9550900000";"2,4575400000"
"202100056493";"1";"01";"2021";"19:00";"5";"93";"93053";"1";"1";"1";"6";"AUTOROUTE A3";"48,8837900000";"2,4668100000"
"202100056494";"1";"01";"2021";"14:30";"1";"95";"95572";"1";"1";"1";"2";"RN 184";"49,0329500000";"2,1089900000"
"202100056495";"1";"01";"2021";"06:00";"3";"92";"92036";"1";"1";"1";"7";"AUTOROUTE A86";"48,9342100000";"2,3207600000"
"202100056496";"1";"01";"2021";"00:40";"3";"95";"95042";"1";"1";"1";"6";"RN 104";"49,0565000000";"2,2895200000"
"202100056497";"1";"01";"2021";"00:00";"3";"95";"95018";"1";"1";"1";"6";"AUTOROUTE A15-";"48,9612392026";"2,2693242690"
"202100056498";"2";"01";"2021";"14:15";"1";"77";"77249";"1";"1";"1";"6";"RN104";"48,7312281445";"2,6091964028"
"202100056499";"1";"01";"2021";"18:50";"2";"94";"94042";"1";"1";"2";"4";"A4";"48,8277171983";"2,4703958116"
"202100056500";"1";"01";"2021";"18:45";"3";"77";"77438";"1";"1";"1";"6";"A104";"48,8626279750";"2,6681212214"
"202100056501";"1";"01";"2021";"18:00";"2";"94";"94011";"1";"1";"1";"6";"RN406.Y";"48,7612277833";"2,4912067755"
"202100056502";"1";"01";"2021";"08:55";"1";"94";"94022";"1";"1";"8";"3";"A86 INT";"48,7767552990";"2,4185973987"
"202100056503";"1";"01";"2021";"16:30";"1";"974";"97414";"1";"1";"1";"6";"Ã©changeur du Gol (Embranchement d'autoroute)";" -21,2840290000";"55,3922620000"
"202100056504";"1";"01";"2021";"03:30";"4";"89";"89384";"2";"1";"1";"6";"29 Rue de Joigny";"47,9147850000";"3,3606710000"
"202100056505";"1";"01";"2021";"05:15";"5";"34";"34147";"2";"3";"1";"6";"2 avenue de BÃ©ziers";"43,4714490000";"3,2220460000"
"202100056506";"1";"01";"2021";"02:50";"3";"39";"39530";"1";"1";"2";"6";"La Source";"46,2653790000";"5,5177440000"
"202100056507";"1";"01";"2021";"04:00";"4";"14";"14119";"1";"6";"9";"6";"Route de Paris";"49,1419520000";" -0,2456690000"
"202100056508";"1";"01";"2021";"12:20";"1";"64";"64400";"1";"1";"1";"7";"chemin d'Arribe";"43,1465730000";" -0,1955440000"
"202100056509";"1";"01";"2021";"10:20";"1";"21";"21638";"1";"1";"1";"6";"D28C";"47,5299340000";"5,1925850000"
"202100056510";"1";"01";"2021";"17:25";"1";"31";"31458";"1";"1";"8";"4";"D820";"43,5155820000";"1,3760000000"
"202100056511";"1";"01";"2021";"13:30";"1";"30";"30036";"1";"1";"1";"2";"Route Nationale 113";"43,7814000000";"4,2946790000"
"202100056512";"1";"01";"2021";"20:55";"5";"988";"98805";"1";"1";"2";"6";"VE2 - sortie Mont Dore";" -22,2239590000";"166,4687060000"
"202100056513";"1";"01";"2021";"11:20";"1";"69";"69112";"1";"1";"1";"2";"A89 (PK 538.800)";"45,8199351156";"4,6939644814"
"202100056514";"1";"01";"2021";"06:10";"3";"33";"33021";"1";"1";"5";"6";"N/A";"44,5266190000";" -0,1955440000"
"202100056515";"1";"01";"2021";"10:20";"1";"38";"38405";"1";"1";"2";"6";"D520";"45,3802910000";"5,7049140000"
"202100056516";"1";"01";"2021";"18:00";"3";"26";"26064";"1";"1";"2";"1";"Route dÃ©partementale 538";"44,9112100000";"5,0196360000"
"202100056517";"1";"01";"2021";"10:55";"1";"33";"33003";"1";"2";"1";"6";"Voie rapide Bassens Ambes";"44,9542747363";" -0,5179211363"
"202100056518";"2";"01";"2021";"18:00";"3";"78";"78423";"1";"1";"3";"1";"VOLTA (AVENUE)";"48,7966700000";"2,0505000000"